track_id,xmin,ymin,xmax,ymax,frame,lost,occluded,generated,label
0,718.0,739.0,787.0,804.0,500,0,0,0,Skater
0,712.0,739.0,781.0,804.0,501,0,0,1,Skater
0,708.0,739.0,778.0,804.0,502,0,0,1,Skater
0,705.0,739.0,774.0,804.0,503,0,0,1,Skater
0,701.0,739.0,770.0,804.0,504,0,0,1,Skater
0,697.0,739.0,766.0,804.0,505,0,0,1,Skater
0,693.0,739.0,763.0,804.0,506,0,0,1,Skater
0,688.0,739.0,757.0,804.0,507,0,0,1,Skater
0,684.0,739.0,753.0,804.0,508,0,0,1,Skater
0,680.0,739.0,750.0,804.0,509,0,0,1,Skater
0,676.0,743.0,746.0,804.0,510,0,0,1,Skater
0,673.0,743.0,742.0,804.0,511,0,0,1,Skater
0,669.0,743.0,738.0,804.0,512,0,0,1,Skater
0,665.0,743.0,735.0,804.0,513,0,0,1,Skater
0,660.0,743.0,729.0,804.0,514,0,0,1,Skater
0,656.0,743.0,725.0,804.0,515,0,0,1,Skater
0,652.0,743.0,721.0,804.0,516,0,0,1,Skater
0,648.0,743.0,718.0,804.0,517,0,0,1,Skater
0,645.0,743.0,714.0,804.0,518,0,0,1,Skater
0,641.0,743.0,710.0,804.0,519,0,0,1,Skater
0,637.0,747.0,706.0,808.0,520,0,0,0,Skater
0,631.0,747.0,701.0,808.0,521,0,0,1,Skater
0,628.0,747.0,697.0,808.0,522,0,0,1,Skater
0,624.0,747.0,693.0,808.0,523,0,0,1,Skater
0,618.0,747.0,688.0,808.0,524,0,0,1,Skater
0,615.0,747.0,684.0,808.0,525,0,0,1,Skater
0,611.0,747.0,680.0,808.0,526,0,0,1,Skater
0,605.0,747.0,675.0,808.0,527,0,0,1,Skater
0,601.0,747.0,671.0,808.0,528,0,0,1,Skater
0,598.0,747.0,667.0,808.0,529,0,0,1,Skater
0,592.0,747.0,661.0,808.0,530,0,0,1,Skater
0,588.0,747.0,658.0,808.0,531,0,0,1,Skater
0,585.0,747.0,654.0,808.0,532,0,0,1,Skater
0,579.0,747.0,648.0,808.0,533,0,0,1,Skater
0,575.0,747.0,645.0,808.0,534,0,0,1,Skater
0,571.0,747.0,641.0,808.0,535,0,0,1,Skater
0,566.0,747.0,635.0,808.0,536,0,0,1,Skater
0,562.0,747.0,631.0,808.0,537,0,0,1,Skater
0,558.0,747.0,628.0,808.0,538,0,0,1,Skater
0,553.0,747.0,622.0,808.0,539,0,0,1,Skater
0,549.0,747.0,618.0,808.0,540,0,0,1,Skater
0,545.0,747.0,615.0,808.0,541,0,0,1,Skater
0,540.0,747.0,609.0,808.0,542,0,0,1,Skater
0,536.0,747.0,605.0,808.0,543,0,0,1,Skater
0,532.0,747.0,601.0,808.0,544,0,0,1,Skater
0,526.0,747.0,596.0,808.0,545,0,0,1,Skater
0,523.0,747.0,592.0,808.0,546,0,0,1,Skater
0,519.0,747.0,588.0,808.0,547,0,0,1,Skater
0,513.0,747.0,583.0,808.0,548,0,0,1,Skater
0,510.0,747.0,579.0,808.0,549,0,0,1,Skater
0,506.0,747.0,575.0,808.0,550,0,0,0,Skater
0,500.0,747.0,570.0,808.0,551,0,0,1,Skater
0,496.0,747.0,566.0,808.0,552,0,0,1,Skater
0,493.0,747.0,562.0,808.0,553,0,0,1,Skater
0,489.0,747.0,558.0,808.0,554,0,0,1,Skater
0,485.0,747.0,555.0,808.0,555,0,0,1,Skater
0,480.0,747.0,549.0,808.0,556,0,0,1,Skater
0,476.0,747.0,545.0,808.0,557,0,0,1,Skater
0,472.0,747.0,541.0,808.0,558,0,0,1,Skater
0,468.0,747.0,538.0,808.0,559,0,0,1,Skater
0,465.0,747.0,534.0,808.0,560,0,0,1,Skater
0,461.0,747.0,530.0,808.0,561,0,0,1,Skater
0,455.0,747.0,525.0,808.0,562,0,0,1,Skater
0,451.0,747.0,521.0,808.0,563,0,0,1,Skater
0,448.0,747.0,517.0,808.0,564,0,0,1,Skater
0,444.0,747.0,513.0,808.0,565,0,0,1,Skater
0,440.0,747.0,510.0,808.0,566,0,0,1,Skater
0,436.0,747.0,506.0,808.0,567,0,0,1,Skater
0,431.0,747.0,500.0,808.0,568,0,0,1,Skater
0,427.0,747.0,496.0,808.0,569,0,0,1,Skater
0,423.0,747.0,493.0,808.0,570,0,0,1,Skater
0,420.0,747.0,489.0,808.0,571,0,0,1,Skater
0,416.0,747.0,485.0,808.0,572,0,0,1,Skater
0,412.0,747.0,481.0,808.0,573,0,0,0,Skater
1,1136.0,868.0,1218.0,1014.0,0,0,0,0,Pedestrian
1,1134.0,868.0,1216.0,1014.0,1,0,0,1,Pedestrian
1,1132.0,868.0,1215.0,1014.0,2,0,0,1,Pedestrian
1,1132.0,868.0,1215.0,1014.0,3,0,0,1,Pedestrian
1,1130.0,868.0,1213.0,1014.0,4,0,0,1,Pedestrian
1,1128.0,868.0,1211.0,1014.0,5,0,0,1,Pedestrian
1,1128.0,868.0,1211.0,1014.0,6,0,0,1,Pedestrian
1,1126.0,868.0,1209.0,1014.0,7,0,0,1,Pedestrian
1,1125.0,868.0,1209.0,1014.0,8,0,0,1,Pedestrian
1,1125.0,868.0,1207.0,1014.0,9,0,0,1,Pedestrian
1,1123.0,868.0,1205.0,1014.0,10,0,0,1,Pedestrian
1,1121.0,868.0,1205.0,1014.0,11,0,0,1,Pedestrian
1,1121.0,873.0,1203.0,1018.0,12,0,0,1,Pedestrian
1,1119.0,873.0,1201.0,1018.0,13,0,0,1,Pedestrian
1,1117.0,873.0,1201.0,1018.0,14,0,0,1,Pedestrian
1,1117.0,873.0,1200.0,1018.0,15,0,0,1,Pedestrian
1,1115.0,873.0,1200.0,1018.0,16,0,0,1,Pedestrian
1,1113.0,873.0,1198.0,1018.0,17,0,0,1,Pedestrian
1,1113.0,873.0,1196.0,1018.0,18,0,0,1,Pedestrian
1,1111.0,873.0,1196.0,1018.0,19,0,0,1,Pedestrian
1,1111.0,873.0,1194.0,1018.0,20,0,0,1,Pedestrian
1,1110.0,873.0,1192.0,1018.0,21,0,0,1,Pedestrian
1,1108.0,873.0,1192.0,1018.0,22,0,0,1,Pedestrian
1,1108.0,877.0,1190.0,1022.0,23,0,0,1,Pedestrian
1,1106.0,877.0,1190.0,1022.0,24,0,0,1,Pedestrian
1,1104.0,877.0,1188.0,1022.0,25,0,0,1,Pedestrian
1,1104.0,877.0,1186.0,1022.0,26,0,0,1,Pedestrian
1,1102.0,877.0,1186.0,1022.0,27,0,0,1,Pedestrian
1,1100.0,877.0,1185.0,1022.0,28,0,0,1,Pedestrian
1,1100.0,877.0,1183.0,1022.0,29,0,0,1,Pedestrian
1,1098.0,877.0,1183.0,1022.0,30,0,0,1,Pedestrian
1,1096.0,877.0,1181.0,1022.0,31,0,0,1,Pedestrian
1,1096.0,877.0,1181.0,1022.0,32,0,0,1,Pedestrian
1,1095.0,877.0,1179.0,1022.0,33,0,0,1,Pedestrian
1,1093.0,877.0,1177.0,1022.0,34,0,0,1,Pedestrian
1,1093.0,881.0,1177.0,1026.0,35,0,0,1,Pedestrian
1,1091.0,881.0,1175.0,1026.0,36,0,0,1,Pedestrian
1,1089.0,881.0,1173.0,1026.0,37,0,0,1,Pedestrian
1,1089.0,881.0,1173.0,1026.0,38,0,0,1,Pedestrian
1,1087.0,881.0,1171.0,1026.0,39,0,0,1,Pedestrian
1,1087.0,881.0,1171.0,1026.0,40,0,0,1,Pedestrian
1,1085.0,881.0,1170.0,1026.0,41,0,0,1,Pedestrian
1,1083.0,881.0,1168.0,1026.0,42,0,0,1,Pedestrian
1,1083.0,881.0,1168.0,1026.0,43,0,0,1,Pedestrian
1,1081.0,881.0,1166.0,1026.0,44,0,0,1,Pedestrian
1,1080.0,881.0,1164.0,1026.0,45,0,0,1,Pedestrian
1,1080.0,885.0,1164.0,1030.0,46,0,0,1,Pedestrian
1,1078.0,885.0,1162.0,1030.0,47,0,0,1,Pedestrian
1,1076.0,885.0,1162.0,1030.0,48,0,0,1,Pedestrian
1,1076.0,885.0,1160.0,1030.0,49,0,0,1,Pedestrian
1,1074.0,885.0,1158.0,1030.0,50,0,0,1,Pedestrian
1,1072.0,885.0,1158.0,1030.0,51,0,0,1,Pedestrian
1,1072.0,885.0,1156.0,1030.0,52,0,0,1,Pedestrian
1,1070.0,885.0,1155.0,1030.0,53,0,0,1,Pedestrian
1,1068.0,885.0,1155.0,1030.0,54,0,0,1,Pedestrian
1,1068.0,885.0,1153.0,1030.0,55,0,0,1,Pedestrian
1,1066.0,885.0,1153.0,1030.0,56,0,0,1,Pedestrian
1,1065.0,885.0,1151.0,1030.0,57,0,0,1,Pedestrian
1,1065.0,889.0,1149.0,1034.0,58,0,0,1,Pedestrian
1,1063.0,889.0,1149.0,1034.0,59,0,0,1,Pedestrian
1,1063.0,889.0,1147.0,1034.0,60,0,0,1,Pedestrian
1,1061.0,889.0,1145.0,1034.0,61,0,0,1,Pedestrian
1,1059.0,889.0,1145.0,1034.0,62,0,0,1,Pedestrian
1,1059.0,889.0,1143.0,1034.0,63,0,0,1,Pedestrian
1,1057.0,889.0,1143.0,1034.0,64,0,0,1,Pedestrian
1,1055.0,889.0,1141.0,1034.0,65,0,0,1,Pedestrian
1,1055.0,889.0,1140.0,1034.0,66,0,0,1,Pedestrian
1,1053.0,889.0,1140.0,1034.0,67,0,0,1,Pedestrian
1,1051.0,889.0,1138.0,1034.0,68,0,0,1,Pedestrian
1,1051.0,893.0,1136.0,1038.0,69,0,0,1,Pedestrian
1,1050.0,893.0,1136.0,1038.0,70,0,0,1,Pedestrian
1,1048.0,893.0,1134.0,1038.0,71,0,0,1,Pedestrian
1,1048.0,893.0,1134.0,1038.0,72,0,0,1,Pedestrian
1,1046.0,893.0,1132.0,1038.0,73,0,0,1,Pedestrian
1,1044.0,893.0,1130.0,1038.0,74,0,0,1,Pedestrian
1,1044.0,893.0,1130.0,1038.0,75,0,0,1,Pedestrian
1,1042.0,893.0,1128.0,1038.0,76,0,0,1,Pedestrian
1,1040.0,893.0,1126.0,1038.0,77,0,0,1,Pedestrian
1,1040.0,893.0,1126.0,1038.0,78,0,0,1,Pedestrian
1,1038.0,893.0,1125.0,1038.0,79,0,0,1,Pedestrian
1,1038.0,897.0,1125.0,1042.0,80,0,0,0,Pedestrian
1,1038.0,897.0,1125.0,1042.0,81,0,0,1,Pedestrian
1,1038.0,897.0,1125.0,1042.0,82,0,0,1,Pedestrian
1,1038.0,897.0,1125.0,1042.0,83,0,0,1,Pedestrian
1,1038.0,897.0,1125.0,1042.0,84,0,0,1,Pedestrian
1,1038.0,897.0,1125.0,1042.0,85,0,0,1,Pedestrian
1,1038.0,897.0,1125.0,1042.0,86,0,0,1,Pedestrian
1,1038.0,897.0,1125.0,1042.0,87,0,0,1,Pedestrian
1,1038.0,897.0,1125.0,1042.0,88,0,0,1,Pedestrian
1,1038.0,897.0,1125.0,1042.0,89,0,0,1,Pedestrian
1,1040.0,897.0,1126.0,1042.0,90,0,0,0,Pedestrian
1,1038.0,897.0,1125.0,1042.0,91,0,0,1,Pedestrian
1,1036.0,897.0,1123.0,1042.0,92,0,0,1,Pedestrian
1,1036.0,897.0,1123.0,1042.0,93,0,0,1,Pedestrian
1,1035.0,897.0,1121.0,1042.0,94,0,0,1,Pedestrian
1,1033.0,897.0,1119.0,1042.0,95,0,0,1,Pedestrian
1,1033.0,897.0,1119.0,1042.0,96,0,0,1,Pedestrian
1,1031.0,897.0,1117.0,1042.0,97,0,0,1,Pedestrian
1,1029.0,897.0,1115.0,1042.0,98,0,0,1,Pedestrian
1,1029.0,897.0,1115.0,1042.0,99,0,0,1,Pedestrian
1,1027.0,897.0,1113.0,1042.0,100,0,0,1,Pedestrian
1,1025.0,897.0,1111.0,1042.0,101,0,0,1,Pedestrian
1,1025.0,897.0,1111.0,1042.0,102,0,0,1,Pedestrian
1,1023.0,897.0,1110.0,1042.0,103,0,0,1,Pedestrian
1,1021.0,897.0,1108.0,1042.0,104,0,0,1,Pedestrian
1,1021.0,897.0,1108.0,1042.0,105,0,0,1,Pedestrian
1,1020.0,897.0,1106.0,1042.0,106,0,0,1,Pedestrian
1,1020.0,901.0,1106.0,1046.0,107,0,0,1,Pedestrian
1,1018.0,901.0,1104.0,1046.0,108,0,0,1,Pedestrian
1,1016.0,901.0,1102.0,1046.0,109,0,0,1,Pedestrian
1,1016.0,901.0,1102.0,1046.0,110,0,0,1,Pedestrian
1,1014.0,901.0,1100.0,1046.0,111,0,0,1,Pedestrian
1,1012.0,901.0,1098.0,1046.0,112,0,0,1,Pedestrian
1,1012.0,901.0,1098.0,1046.0,113,0,0,1,Pedestrian
1,1010.0,901.0,1096.0,1046.0,114,0,0,1,Pedestrian
1,1008.0,901.0,1095.0,1046.0,115,0,0,1,Pedestrian
1,1008.0,901.0,1095.0,1046.0,116,0,0,1,Pedestrian
1,1006.0,901.0,1093.0,1046.0,117,0,0,1,Pedestrian
1,1005.0,901.0,1091.0,1046.0,118,0,0,1,Pedestrian
1,1005.0,901.0,1091.0,1046.0,119,0,0,1,Pedestrian
1,1003.0,901.0,1089.0,1046.0,120,0,0,1,Pedestrian
1,1003.0,901.0,1089.0,1046.0,121,0,0,1,Pedestrian
1,1001.0,901.0,1087.0,1046.0,122,0,0,1,Pedestrian
1,999.0,901.0,1085.0,1046.0,123,0,0,1,Pedestrian
1,999.0,905.0,1085.0,1050.0,124,0,0,1,Pedestrian
1,997.0,905.0,1083.0,1050.0,125,0,0,1,Pedestrian
1,995.0,905.0,1081.0,1050.0,126,0,0,1,Pedestrian
1,995.0,905.0,1081.0,1050.0,127,0,0,1,Pedestrian
1,993.0,905.0,1080.0,1050.0,128,0,0,1,Pedestrian
1,991.0,905.0,1078.0,1050.0,129,0,0,1,Pedestrian
1,991.0,905.0,1078.0,1050.0,130,0,0,1,Pedestrian
1,990.0,905.0,1076.0,1050.0,131,0,0,1,Pedestrian
1,988.0,905.0,1074.0,1050.0,132,0,0,1,Pedestrian
1,988.0,905.0,1074.0,1050.0,133,0,0,1,Pedestrian
1,986.0,905.0,1072.0,1050.0,134,0,0,1,Pedestrian
1,984.0,905.0,1070.0,1050.0,135,0,0,1,Pedestrian
1,984.0,905.0,1070.0,1050.0,136,0,0,1,Pedestrian
1,982.0,905.0,1068.0,1050.0,137,0,0,1,Pedestrian
1,982.0,905.0,1068.0,1050.0,138,0,0,1,Pedestrian
1,980.0,905.0,1066.0,1050.0,139,0,0,1,Pedestrian
1,978.0,909.0,1065.0,1054.0,140,0,0,1,Pedestrian
1,978.0,909.0,1065.0,1054.0,141,0,0,1,Pedestrian
1,976.0,909.0,1063.0,1054.0,142,0,0,1,Pedestrian
1,975.0,909.0,1061.0,1054.0,143,0,0,1,Pedestrian
1,975.0,909.0,1061.0,1054.0,144,0,0,1,Pedestrian
1,973.0,909.0,1059.0,1054.0,145,0,0,1,Pedestrian
1,971.0,909.0,1057.0,1054.0,146,0,0,1,Pedestrian
1,971.0,909.0,1057.0,1054.0,147,0,0,1,Pedestrian
1,969.0,909.0,1055.0,1054.0,148,0,0,1,Pedestrian
1,967.0,909.0,1053.0,1054.0,149,0,0,1,Pedestrian
1,967.0,909.0,1053.0,1054.0,150,0,0,1,Pedestrian
1,965.0,909.0,1051.0,1054.0,151,0,0,1,Pedestrian
1,965.0,909.0,1051.0,1054.0,152,0,0,1,Pedestrian
1,963.0,909.0,1050.0,1054.0,153,0,0,1,Pedestrian
1,961.0,909.0,1048.0,1054.0,154,0,0,1,Pedestrian
1,961.0,909.0,1048.0,1054.0,155,0,0,1,Pedestrian
1,960.0,909.0,1046.0,1054.0,156,0,0,1,Pedestrian
1,958.0,913.0,1044.0,1058.0,157,0,0,1,Pedestrian
1,958.0,913.0,1044.0,1058.0,158,0,0,1,Pedestrian
1,956.0,913.0,1042.0,1058.0,159,0,0,1,Pedestrian
1,954.0,913.0,1040.0,1058.0,160,0,0,1,Pedestrian
1,954.0,913.0,1040.0,1058.0,161,0,0,1,Pedestrian
1,952.0,913.0,1038.0,1058.0,162,0,0,1,Pedestrian
1,950.0,913.0,1036.0,1058.0,163,0,0,1,Pedestrian
1,950.0,913.0,1036.0,1058.0,164,0,0,1,Pedestrian
1,948.0,913.0,1035.0,1058.0,165,0,0,1,Pedestrian
1,946.0,913.0,1033.0,1058.0,166,0,0,1,Pedestrian
1,946.0,913.0,1033.0,1058.0,167,0,0,1,Pedestrian
1,945.0,913.0,1031.0,1058.0,168,0,0,1,Pedestrian
1,945.0,913.0,1031.0,1058.0,169,0,0,1,Pedestrian
1,943.0,913.0,1029.0,1058.0,170,0,0,1,Pedestrian
1,941.0,913.0,1027.0,1058.0,171,0,0,1,Pedestrian
1,941.0,913.0,1027.0,1058.0,172,0,0,1,Pedestrian
1,939.0,913.0,1025.0,1058.0,173,0,0,1,Pedestrian
1,937.0,917.0,1023.0,1062.0,174,0,0,1,Pedestrian
1,937.0,917.0,1023.0,1062.0,175,0,0,1,Pedestrian
1,935.0,917.0,1021.0,1062.0,176,0,0,1,Pedestrian
1,933.0,917.0,1020.0,1062.0,177,0,0,1,Pedestrian
1,933.0,917.0,1020.0,1062.0,178,0,0,1,Pedestrian
1,931.0,917.0,1018.0,1062.0,179,0,0,1,Pedestrian
1,930.0,917.0,1016.0,1062.0,180,0,0,1,Pedestrian
1,930.0,917.0,1016.0,1062.0,181,0,0,1,Pedestrian
1,928.0,917.0,1014.0,1062.0,182,0,0,1,Pedestrian
1,928.0,917.0,1014.0,1062.0,183,0,0,1,Pedestrian
1,926.0,917.0,1012.0,1062.0,184,0,0,1,Pedestrian
1,924.0,917.0,1010.0,1062.0,185,0,0,1,Pedestrian
1,924.0,917.0,1010.0,1062.0,186,0,0,1,Pedestrian
1,922.0,917.0,1008.0,1062.0,187,0,0,1,Pedestrian
1,920.0,917.0,1006.0,1062.0,188,0,0,1,Pedestrian
1,920.0,917.0,1006.0,1062.0,189,0,0,1,Pedestrian
1,918.0,921.0,1005.0,1067.0,190,0,0,1,Pedestrian
1,916.0,921.0,1003.0,1067.0,191,0,0,1,Pedestrian
1,916.0,921.0,1003.0,1067.0,192,0,0,1,Pedestrian
1,915.0,921.0,1001.0,1067.0,193,0,0,1,Pedestrian
1,913.0,921.0,999.0,1067.0,194,0,0,1,Pedestrian
1,913.0,921.0,999.0,1067.0,195,0,0,1,Pedestrian
1,911.0,921.0,997.0,1067.0,196,0,0,1,Pedestrian
1,909.0,921.0,995.0,1067.0,197,0,0,1,Pedestrian
1,909.0,921.0,995.0,1067.0,198,0,0,1,Pedestrian
1,907.0,921.0,993.0,1067.0,199,0,0,1,Pedestrian
1,907.0,921.0,993.0,1067.0,200,0,0,1,Pedestrian
1,905.0,921.0,991.0,1067.0,201,0,0,1,Pedestrian
1,903.0,921.0,990.0,1067.0,202,0,0,1,Pedestrian
1,903.0,921.0,990.0,1067.0,203,0,0,1,Pedestrian
1,901.0,921.0,988.0,1067.0,204,0,0,1,Pedestrian
1,900.0,921.0,986.0,1067.0,205,0,0,1,Pedestrian
1,900.0,921.0,986.0,1067.0,206,0,0,1,Pedestrian
1,898.0,925.0,984.0,1071.0,207,0,0,1,Pedestrian
1,896.0,925.0,982.0,1071.0,208,0,0,1,Pedestrian
1,896.0,925.0,982.0,1071.0,209,0,0,1,Pedestrian
1,894.0,925.0,980.0,1071.0,210,0,0,1,Pedestrian
1,892.0,925.0,978.0,1071.0,211,0,0,1,Pedestrian
1,892.0,925.0,978.0,1071.0,212,0,0,1,Pedestrian
1,890.0,925.0,976.0,1071.0,213,0,0,1,Pedestrian
1,890.0,925.0,976.0,1071.0,214,0,0,1,Pedestrian
1,888.0,925.0,975.0,1071.0,215,0,0,1,Pedestrian
1,886.0,925.0,973.0,1071.0,216,0,0,1,Pedestrian
1,886.0,925.0,973.0,1071.0,217,0,0,1,Pedestrian
1,885.0,925.0,971.0,1071.0,218,0,0,1,Pedestrian
1,883.0,925.0,969.0,1071.0,219,0,0,1,Pedestrian
1,883.0,925.0,969.0,1071.0,220,0,0,1,Pedestrian
1,881.0,925.0,967.0,1071.0,221,0,0,1,Pedestrian
1,879.0,925.0,965.0,1071.0,222,0,0,1,Pedestrian
1,879.0,925.0,965.0,1071.0,223,0,0,1,Pedestrian
1,877.0,929.0,963.0,1075.0,224,0,0,1,Pedestrian
1,875.0,929.0,961.0,1075.0,225,0,0,1,Pedestrian
1,875.0,929.0,961.0,1075.0,226,0,0,1,Pedestrian
1,873.0,929.0,960.0,1075.0,227,0,0,1,Pedestrian
1,871.0,929.0,958.0,1075.0,228,0,0,1,Pedestrian
1,871.0,929.0,958.0,1075.0,229,0,0,1,Pedestrian
1,870.0,929.0,956.0,1075.0,230,0,0,1,Pedestrian
1,870.0,929.0,956.0,1075.0,231,0,0,1,Pedestrian
1,868.0,929.0,954.0,1075.0,232,0,0,1,Pedestrian
1,866.0,929.0,952.0,1075.0,233,0,0,1,Pedestrian
1,866.0,929.0,952.0,1075.0,234,0,0,1,Pedestrian
1,864.0,929.0,950.0,1075.0,235,0,0,1,Pedestrian
1,862.0,929.0,948.0,1075.0,236,0,0,1,Pedestrian
1,862.0,929.0,948.0,1075.0,237,0,0,1,Pedestrian
1,860.0,929.0,946.0,1075.0,238,0,0,1,Pedestrian
1,858.0,929.0,945.0,1075.0,239,0,0,1,Pedestrian
1,858.0,933.0,945.0,1079.0,240,0,0,1,Pedestrian
1,856.0,933.0,943.0,1079.0,241,0,0,1,Pedestrian
1,855.0,933.0,941.0,1079.0,242,0,0,1,Pedestrian
1,855.0,933.0,941.0,1079.0,243,0,0,1,Pedestrian
1,853.0,933.0,939.0,1079.0,244,0,0,1,Pedestrian
1,853.0,933.0,939.0,1079.0,245,0,0,1,Pedestrian
1,851.0,933.0,937.0,1079.0,246,0,0,1,Pedestrian
1,849.0,933.0,935.0,1079.0,247,0,0,1,Pedestrian
1,849.0,933.0,935.0,1079.0,248,0,0,1,Pedestrian
1,847.0,933.0,933.0,1079.0,249,0,0,1,Pedestrian
1,845.0,933.0,931.0,1079.0,250,0,0,1,Pedestrian
1,845.0,933.0,931.0,1079.0,251,0,0,1,Pedestrian
1,843.0,933.0,930.0,1079.0,252,0,0,1,Pedestrian
1,841.0,933.0,928.0,1079.0,253,0,0,1,Pedestrian
1,841.0,933.0,928.0,1079.0,254,0,0,1,Pedestrian
1,840.0,933.0,926.0,1079.0,255,0,0,1,Pedestrian
1,838.0,933.0,924.0,1079.0,256,0,0,1,Pedestrian
1,838.0,937.0,924.0,1083.0,257,0,0,1,Pedestrian
1,836.0,937.0,922.0,1083.0,258,0,0,1,Pedestrian
1,834.0,937.0,920.0,1083.0,259,0,0,1,Pedestrian
1,834.0,937.0,920.0,1083.0,260,0,0,1,Pedestrian
1,832.0,937.0,918.0,1083.0,261,0,0,1,Pedestrian
1,832.0,937.0,918.0,1083.0,262,0,0,1,Pedestrian
1,830.0,937.0,916.0,1083.0,263,0,0,1,Pedestrian
1,828.0,937.0,915.0,1083.0,264,0,0,1,Pedestrian
1,828.0,937.0,915.0,1083.0,265,0,0,1,Pedestrian
1,826.0,937.0,913.0,1083.0,266,0,0,1,Pedestrian
1,825.0,937.0,911.0,1083.0,267,0,0,1,Pedestrian
1,825.0,937.0,911.0,1083.0,268,0,0,1,Pedestrian
1,823.0,937.0,909.0,1083.0,269,0,0,1,Pedestrian
1,821.0,937.0,907.0,1083.0,270,0,0,1,Pedestrian
1,821.0,937.0,907.0,1083.0,271,0,0,1,Pedestrian
1,819.0,937.0,905.0,1083.0,272,0,0,1,Pedestrian
1,817.0,937.0,903.0,1083.0,273,0,0,1,Pedestrian
1,817.0,941.0,903.0,1087.0,274,0,0,1,Pedestrian
1,815.0,941.0,901.0,1087.0,275,0,0,1,Pedestrian
1,815.0,941.0,901.0,1087.0,276,0,0,1,Pedestrian
1,813.0,941.0,900.0,1087.0,277,0,0,1,Pedestrian
1,811.0,941.0,898.0,1087.0,278,0,0,1,Pedestrian
1,811.0,941.0,898.0,1087.0,279,0,0,1,Pedestrian
1,810.0,941.0,896.0,1087.0,280,0,0,1,Pedestrian
1,808.0,941.0,894.0,1087.0,281,0,0,1,Pedestrian
1,808.0,941.0,894.0,1087.0,282,0,0,1,Pedestrian
1,806.0,941.0,892.0,1087.0,283,0,0,1,Pedestrian
1,804.0,941.0,890.0,1087.0,284,0,0,1,Pedestrian
1,804.0,941.0,890.0,1087.0,285,0,0,1,Pedestrian
1,802.0,941.0,888.0,1087.0,286,0,0,1,Pedestrian
1,800.0,941.0,886.0,1087.0,287,0,0,1,Pedestrian
1,800.0,941.0,886.0,1087.0,288,0,0,1,Pedestrian
1,798.0,941.0,885.0,1087.0,289,0,0,1,Pedestrian
1,798.0,945.0,885.0,1091.0,290,0,0,0,Pedestrian
1,796.0,945.0,883.0,1091.0,291,0,0,1,Pedestrian
1,796.0,945.0,883.0,1091.0,292,0,0,1,Pedestrian
1,795.0,945.0,881.0,1091.0,293,0,0,1,Pedestrian
1,795.0,945.0,881.0,1091.0,294,0,0,1,Pedestrian
1,795.0,945.0,881.0,1091.0,295,0,0,1,Pedestrian
1,793.0,945.0,879.0,1091.0,296,0,0,1,Pedestrian
1,793.0,945.0,879.0,1091.0,297,0,0,1,Pedestrian
1,793.0,945.0,879.0,1091.0,298,0,0,1,Pedestrian
1,791.0,945.0,877.0,1091.0,299,0,0,1,Pedestrian
1,791.0,945.0,877.0,1091.0,300,0,0,1,Pedestrian
1,789.0,949.0,875.0,1095.0,301,0,0,1,Pedestrian
1,789.0,949.0,875.0,1095.0,302,0,0,1,Pedestrian
1,789.0,949.0,875.0,1095.0,303,0,0,1,Pedestrian
1,787.0,949.0,873.0,1095.0,304,0,0,1,Pedestrian
1,787.0,949.0,873.0,1095.0,305,0,0,1,Pedestrian
1,787.0,949.0,873.0,1095.0,306,0,0,1,Pedestrian
1,785.0,949.0,871.0,1095.0,307,0,0,1,Pedestrian
1,785.0,949.0,871.0,1095.0,308,0,0,1,Pedestrian
1,785.0,949.0,871.0,1095.0,309,0,0,1,Pedestrian
1,783.0,949.0,870.0,1095.0,310,0,0,1,Pedestrian
1,783.0,953.0,870.0,1099.0,311,0,0,1,Pedestrian
1,781.0,953.0,868.0,1099.0,312,0,0,1,Pedestrian
1,781.0,953.0,868.0,1099.0,313,0,0,1,Pedestrian
1,781.0,953.0,868.0,1099.0,314,0,0,1,Pedestrian
1,780.0,953.0,866.0,1099.0,315,0,0,1,Pedestrian
1,780.0,953.0,866.0,1099.0,316,0,0,1,Pedestrian
1,780.0,953.0,866.0,1099.0,317,0,0,1,Pedestrian
1,778.0,953.0,864.0,1099.0,318,0,0,1,Pedestrian
1,778.0,953.0,864.0,1099.0,319,0,0,1,Pedestrian
1,778.0,953.0,864.0,1099.0,320,0,0,1,Pedestrian
1,776.0,957.0,862.0,1103.0,321,0,0,1,Pedestrian
1,776.0,957.0,862.0,1103.0,322,0,0,1,Pedestrian
1,774.0,957.0,860.0,1103.0,323,0,0,1,Pedestrian
1,774.0,957.0,860.0,1103.0,324,0,0,1,Pedestrian
1,774.0,957.0,860.0,1103.0,325,0,0,1,Pedestrian
1,772.0,957.0,858.0,1103.0,326,0,0,1,Pedestrian
1,772.0,957.0,858.0,1103.0,327,0,0,1,Pedestrian
1,772.0,957.0,858.0,1103.0,328,0,0,1,Pedestrian
1,770.0,957.0,856.0,1103.0,329,0,0,1,Pedestrian
1,770.0,957.0,856.0,1103.0,330,0,0,1,Pedestrian
1,768.0,961.0,855.0,1107.0,331,0,0,1,Pedestrian
1,768.0,961.0,855.0,1107.0,332,0,0,1,Pedestrian
1,768.0,961.0,855.0,1107.0,333,0,0,1,Pedestrian
1,766.0,961.0,853.0,1107.0,334,0,0,1,Pedestrian
1,766.0,961.0,853.0,1107.0,335,0,0,1,Pedestrian
1,766.0,961.0,853.0,1107.0,336,0,0,1,Pedestrian
1,765.0,961.0,851.0,1107.0,337,0,0,1,Pedestrian
1,765.0,961.0,851.0,1107.0,338,0,0,1,Pedestrian
1,765.0,961.0,851.0,1107.0,339,0,0,1,Pedestrian
1,763.0,961.0,849.0,1107.0,340,0,0,1,Pedestrian
1,763.0,965.0,849.0,1111.0,341,0,0,1,Pedestrian
1,761.0,965.0,847.0,1111.0,342,0,0,1,Pedestrian
1,761.0,965.0,847.0,1111.0,343,0,0,1,Pedestrian
1,761.0,965.0,847.0,1111.0,344,0,0,1,Pedestrian
1,759.0,965.0,845.0,1111.0,345,0,0,1,Pedestrian
1,759.0,965.0,845.0,1111.0,346,0,0,1,Pedestrian
1,759.0,965.0,845.0,1111.0,347,0,0,1,Pedestrian
1,757.0,965.0,843.0,1111.0,348,0,0,1,Pedestrian
1,757.0,965.0,843.0,1111.0,349,0,0,1,Pedestrian
1,757.0,965.0,843.0,1111.0,350,0,0,1,Pedestrian
1,755.0,970.0,841.0,1115.0,351,0,0,1,Pedestrian
1,755.0,970.0,841.0,1115.0,352,0,0,1,Pedestrian
1,753.0,970.0,840.0,1115.0,353,0,0,1,Pedestrian
1,753.0,970.0,840.0,1115.0,354,0,0,1,Pedestrian
1,753.0,970.0,840.0,1115.0,355,0,0,1,Pedestrian
1,751.0,970.0,838.0,1115.0,356,0,0,1,Pedestrian
1,751.0,970.0,838.0,1115.0,357,0,0,1,Pedestrian
1,751.0,970.0,838.0,1115.0,358,0,0,1,Pedestrian
1,750.0,970.0,836.0,1115.0,359,0,0,1,Pedestrian
1,750.0,970.0,836.0,1115.0,360,0,0,1,Pedestrian
1,750.0,974.0,836.0,1119.0,361,0,1,0,Pedestrian
1,748.0,974.0,834.0,1119.0,362,0,1,1,Pedestrian
1,748.0,974.0,834.0,1119.0,363,0,1,1,Pedestrian
1,746.0,974.0,832.0,1119.0,364,0,1,1,Pedestrian
1,746.0,974.0,832.0,1119.0,365,0,1,1,Pedestrian
1,744.0,974.0,830.0,1119.0,366,0,1,1,Pedestrian
1,744.0,974.0,830.0,1119.0,367,0,1,1,Pedestrian
1,742.0,978.0,828.0,1123.0,368,0,1,1,Pedestrian
1,742.0,978.0,828.0,1123.0,369,0,1,1,Pedestrian
1,740.0,978.0,826.0,1123.0,370,0,1,1,Pedestrian
1,740.0,978.0,826.0,1123.0,371,0,1,1,Pedestrian
1,740.0,978.0,826.0,1123.0,372,0,1,1,Pedestrian
1,738.0,978.0,825.0,1123.0,373,0,1,1,Pedestrian
1,738.0,982.0,825.0,1127.0,374,0,1,1,Pedestrian
1,736.0,982.0,823.0,1127.0,375,0,1,1,Pedestrian
1,736.0,982.0,823.0,1127.0,376,0,1,1,Pedestrian
1,735.0,982.0,821.0,1127.0,377,0,1,1,Pedestrian
1,735.0,982.0,821.0,1127.0,378,0,1,1,Pedestrian
1,733.0,982.0,819.0,1127.0,379,0,1,1,Pedestrian
1,733.0,986.0,819.0,1131.0,380,0,1,1,Pedestrian
1,733.0,986.0,819.0,1131.0,381,0,1,1,Pedestrian
1,731.0,986.0,817.0,1131.0,382,0,1,1,Pedestrian
1,731.0,986.0,817.0,1131.0,383,0,1,1,Pedestrian
1,729.0,986.0,815.0,1131.0,384,0,1,1,Pedestrian
1,729.0,986.0,815.0,1131.0,385,0,1,1,Pedestrian
1,727.0,986.0,813.0,1131.0,386,0,1,1,Pedestrian
1,727.0,990.0,813.0,1135.0,387,0,1,1,Pedestrian
1,725.0,990.0,811.0,1135.0,388,0,1,1,Pedestrian
1,725.0,990.0,811.0,1135.0,389,0,1,1,Pedestrian
1,725.0,990.0,811.0,1135.0,390,0,1,1,Pedestrian
1,723.0,990.0,810.0,1135.0,391,0,1,1,Pedestrian
1,723.0,990.0,810.0,1135.0,392,0,1,1,Pedestrian
1,721.0,994.0,808.0,1139.0,393,0,1,1,Pedestrian
1,721.0,994.0,808.0,1139.0,394,0,1,1,Pedestrian
1,720.0,994.0,806.0,1139.0,395,0,1,1,Pedestrian
1,720.0,994.0,806.0,1139.0,396,0,1,1,Pedestrian
1,718.0,994.0,804.0,1139.0,397,0,1,1,Pedestrian
1,718.0,994.0,804.0,1139.0,398,0,1,1,Pedestrian
1,718.0,998.0,804.0,1143.0,399,0,1,1,Pedestrian
1,716.0,998.0,802.0,1143.0,400,0,1,1,Pedestrian
1,716.0,998.0,802.0,1143.0,401,0,1,1,Pedestrian
1,714.0,998.0,800.0,1143.0,402,0,1,1,Pedestrian
1,714.0,998.0,800.0,1143.0,403,0,1,1,Pedestrian
1,712.0,998.0,798.0,1143.0,404,0,1,1,Pedestrian
1,712.0,998.0,798.0,1143.0,405,0,1,1,Pedestrian
1,710.0,1002.0,796.0,1147.0,406,0,1,1,Pedestrian
1,710.0,1002.0,796.0,1147.0,407,0,1,1,Pedestrian
1,710.0,1002.0,796.0,1147.0,408,0,1,1,Pedestrian
1,708.0,1002.0,795.0,1147.0,409,0,1,1,Pedestrian
1,708.0,1002.0,795.0,1147.0,410,0,1,1,Pedestrian
1,706.0,1002.0,793.0,1147.0,411,0,1,1,Pedestrian
1,706.0,1006.0,793.0,1151.0,412,0,1,1,Pedestrian
1,705.0,1006.0,791.0,1151.0,413,0,1,1,Pedestrian
1,705.0,1006.0,791.0,1151.0,414,0,1,1,Pedestrian
1,703.0,1006.0,789.0,1151.0,415,0,1,1,Pedestrian
1,703.0,1006.0,789.0,1151.0,416,0,1,1,Pedestrian
1,703.0,1006.0,789.0,1151.0,417,0,1,1,Pedestrian
1,701.0,1010.0,787.0,1155.0,418,0,1,1,Pedestrian
1,701.0,1010.0,787.0,1155.0,419,0,1,1,Pedestrian
1,699.0,1010.0,785.0,1155.0,420,0,1,1,Pedestrian
1,699.0,1010.0,785.0,1155.0,421,0,1,1,Pedestrian
1,697.0,1010.0,783.0,1155.0,422,0,1,1,Pedestrian
1,697.0,1010.0,783.0,1155.0,423,0,1,1,Pedestrian
1,695.0,1010.0,781.0,1155.0,424,0,1,1,Pedestrian
1,695.0,1014.0,781.0,1159.0,425,0,1,1,Pedestrian
1,695.0,1014.0,781.0,1159.0,426,0,1,1,Pedestrian
1,693.0,1014.0,780.0,1159.0,427,0,1,1,Pedestrian
1,693.0,1014.0,780.0,1159.0,428,0,1,1,Pedestrian
1,691.0,1014.0,778.0,1159.0,429,0,1,1,Pedestrian
1,691.0,1014.0,778.0,1159.0,430,0,1,1,Pedestrian
1,690.0,1018.0,776.0,1164.0,431,0,1,1,Pedestrian
1,690.0,1018.0,776.0,1164.0,432,0,1,1,Pedestrian
1,688.0,1018.0,774.0,1164.0,433,0,1,1,Pedestrian
1,688.0,1018.0,774.0,1164.0,434,0,1,1,Pedestrian
1,686.0,1018.0,772.0,1164.0,435,0,1,1,Pedestrian
1,686.0,1018.0,772.0,1164.0,436,0,1,1,Pedestrian
1,686.0,1022.0,772.0,1168.0,437,0,1,1,Pedestrian
1,684.0,1022.0,770.0,1168.0,438,0,1,1,Pedestrian
1,684.0,1022.0,770.0,1168.0,439,0,1,1,Pedestrian
1,682.0,1022.0,768.0,1168.0,440,0,1,1,Pedestrian
1,682.0,1022.0,768.0,1168.0,441,0,1,1,Pedestrian
1,680.0,1022.0,766.0,1168.0,442,0,1,1,Pedestrian
1,680.0,1022.0,766.0,1168.0,443,0,1,1,Pedestrian
1,678.0,1026.0,765.0,1172.0,444,0,1,1,Pedestrian
1,678.0,1026.0,765.0,1172.0,445,0,1,1,Pedestrian
1,678.0,1026.0,765.0,1172.0,446,0,1,1,Pedestrian
1,676.0,1026.0,763.0,1172.0,447,0,1,1,Pedestrian
1,676.0,1026.0,763.0,1172.0,448,0,1,1,Pedestrian
1,675.0,1026.0,761.0,1172.0,449,0,1,1,Pedestrian
1,675.0,1030.0,761.0,1176.0,450,0,1,1,Pedestrian
1,673.0,1030.0,759.0,1176.0,451,0,1,1,Pedestrian
1,673.0,1030.0,759.0,1176.0,452,0,1,1,Pedestrian
1,671.0,1030.0,757.0,1176.0,453,0,1,1,Pedestrian
1,671.0,1030.0,757.0,1176.0,454,0,1,1,Pedestrian
1,671.0,1030.0,757.0,1176.0,455,0,1,1,Pedestrian
1,669.0,1034.0,755.0,1180.0,456,0,1,1,Pedestrian
1,669.0,1034.0,755.0,1180.0,457,0,1,1,Pedestrian
1,667.0,1034.0,753.0,1180.0,458,0,1,1,Pedestrian
1,667.0,1034.0,753.0,1180.0,459,0,1,1,Pedestrian
1,665.0,1034.0,751.0,1180.0,460,0,1,1,Pedestrian
1,665.0,1034.0,751.0,1180.0,461,0,1,1,Pedestrian
1,663.0,1034.0,750.0,1180.0,462,0,1,1,Pedestrian
1,663.0,1038.0,750.0,1184.0,463,0,1,1,Pedestrian
1,663.0,1038.0,750.0,1184.0,464,0,1,1,Pedestrian
1,661.0,1038.0,748.0,1184.0,465,0,1,1,Pedestrian
1,661.0,1038.0,748.0,1184.0,466,0,1,1,Pedestrian
1,660.0,1038.0,746.0,1184.0,467,0,1,1,Pedestrian
1,660.0,1038.0,746.0,1184.0,468,0,1,1,Pedestrian
1,658.0,1042.0,744.0,1188.0,469,0,1,1,Pedestrian
1,658.0,1042.0,744.0,1188.0,470,0,1,1,Pedestrian
1,656.0,1042.0,742.0,1188.0,471,0,1,1,Pedestrian
1,656.0,1042.0,742.0,1188.0,472,0,1,1,Pedestrian
1,656.0,1042.0,742.0,1188.0,473,0,1,1,Pedestrian
1,654.0,1042.0,740.0,1188.0,474,0,1,1,Pedestrian
1,654.0,1046.0,740.0,1192.0,475,0,1,1,Pedestrian
1,652.0,1046.0,738.0,1192.0,476,0,1,1,Pedestrian
1,652.0,1046.0,738.0,1192.0,477,0,1,1,Pedestrian
1,650.0,1046.0,736.0,1192.0,478,0,1,1,Pedestrian
1,650.0,1046.0,736.0,1192.0,479,0,1,1,Pedestrian
1,648.0,1046.0,735.0,1192.0,480,0,1,1,Pedestrian
1,648.0,1046.0,735.0,1192.0,481,0,1,1,Pedestrian
1,648.0,1050.0,735.0,1196.0,482,0,1,1,Pedestrian
1,646.0,1050.0,733.0,1196.0,483,0,1,1,Pedestrian
1,646.0,1050.0,733.0,1196.0,484,0,1,1,Pedestrian
1,645.0,1050.0,731.0,1196.0,485,0,1,1,Pedestrian
1,645.0,1050.0,731.0,1196.0,486,0,1,1,Pedestrian
1,643.0,1050.0,729.0,1196.0,487,0,1,1,Pedestrian
1,643.0,1054.0,729.0,1200.0,488,0,1,1,Pedestrian
1,641.0,1054.0,727.0,1200.0,489,0,1,1,Pedestrian
1,641.0,1054.0,727.0,1200.0,490,0,1,1,Pedestrian
1,641.0,1054.0,727.0,1200.0,491,0,1,1,Pedestrian
1,639.0,1054.0,725.0,1200.0,492,0,1,1,Pedestrian
1,639.0,1054.0,725.0,1200.0,493,0,1,1,Pedestrian
1,637.0,1058.0,723.0,1204.0,494,0,1,1,Pedestrian
1,637.0,1058.0,723.0,1204.0,495,0,1,1,Pedestrian
1,635.0,1058.0,721.0,1204.0,496,0,1,1,Pedestrian
1,635.0,1058.0,721.0,1204.0,497,0,1,1,Pedestrian
1,633.0,1058.0,720.0,1204.0,498,0,1,1,Pedestrian
1,633.0,1058.0,720.0,1204.0,499,0,1,1,Pedestrian
1,633.0,1062.0,720.0,1208.0,500,0,1,0,Pedestrian
1,631.0,1067.0,716.0,1204.0,501,0,1,1,Pedestrian
1,631.0,1071.0,712.0,1200.0,502,0,1,1,Pedestrian
1,630.0,1075.0,708.0,1200.0,503,0,1,1,Pedestrian
1,630.0,1079.0,705.0,1196.0,504,0,1,1,Pedestrian
1,628.0,1083.0,701.0,1196.0,505,0,1,1,Pedestrian
1,628.0,1087.0,697.0,1192.0,506,0,1,1,Pedestrian
1,626.0,1091.0,693.0,1188.0,507,0,1,1,Pedestrian
1,626.0,1095.0,690.0,1188.0,508,0,1,1,Pedestrian
1,624.0,1099.0,686.0,1184.0,509,0,1,1,Pedestrian
1,624.0,1107.0,684.0,1184.0,510,0,1,0,Pedestrian
1,622.0,1107.0,682.0,1184.0,511,0,1,1,Pedestrian
1,620.0,1107.0,680.0,1184.0,512,0,1,1,Pedestrian
1,618.0,1107.0,678.0,1184.0,513,0,1,1,Pedestrian
1,618.0,1111.0,678.0,1188.0,514,0,1,1,Pedestrian
1,616.0,1111.0,676.0,1188.0,515,0,1,1,Pedestrian
1,615.0,1111.0,675.0,1188.0,516,0,1,1,Pedestrian
1,615.0,1115.0,675.0,1192.0,517,0,1,1,Pedestrian
1,613.0,1115.0,673.0,1192.0,518,0,1,1,Pedestrian
1,611.0,1115.0,671.0,1192.0,519,0,1,1,Pedestrian
1,611.0,1119.0,671.0,1196.0,520,0,0,0,Pedestrian
1,609.0,1119.0,669.0,1196.0,521,0,0,1,Pedestrian
1,609.0,1119.0,669.0,1196.0,522,0,0,1,Pedestrian
1,607.0,1119.0,667.0,1196.0,523,0,0,1,Pedestrian
1,607.0,1119.0,667.0,1196.0,524,0,0,1,Pedestrian
1,605.0,1119.0,665.0,1196.0,525,0,0,1,Pedestrian
1,605.0,1123.0,665.0,1200.0,526,0,0,1,Pedestrian
1,603.0,1123.0,663.0,1200.0,527,0,0,1,Pedestrian
1,603.0,1123.0,663.0,1200.0,528,0,0,1,Pedestrian
1,601.0,1123.0,661.0,1200.0,529,0,0,1,Pedestrian
1,601.0,1123.0,661.0,1200.0,530,0,0,1,Pedestrian
1,601.0,1127.0,661.0,1204.0,531,0,0,1,Pedestrian
1,600.0,1127.0,660.0,1204.0,532,0,0,1,Pedestrian
1,600.0,1127.0,660.0,1204.0,533,0,0,1,Pedestrian
1,598.0,1127.0,658.0,1204.0,534,0,0,1,Pedestrian
1,598.0,1127.0,658.0,1204.0,535,0,0,1,Pedestrian
1,596.0,1131.0,656.0,1208.0,536,0,0,1,Pedestrian
1,596.0,1131.0,656.0,1208.0,537,0,0,1,Pedestrian
1,594.0,1131.0,654.0,1208.0,538,0,0,1,Pedestrian
1,594.0,1131.0,654.0,1208.0,539,0,0,1,Pedestrian
1,592.0,1131.0,652.0,1208.0,540,0,0,1,Pedestrian
1,592.0,1131.0,652.0,1208.0,541,0,0,1,Pedestrian
1,592.0,1135.0,652.0,1212.0,542,0,0,1,Pedestrian
1,590.0,1135.0,650.0,1212.0,543,0,0,1,Pedestrian
1,590.0,1135.0,650.0,1212.0,544,0,0,1,Pedestrian
1,588.0,1135.0,648.0,1212.0,545,0,0,1,Pedestrian
1,588.0,1135.0,648.0,1212.0,546,0,0,1,Pedestrian
1,586.0,1139.0,646.0,1216.0,547,0,0,1,Pedestrian
1,586.0,1139.0,646.0,1216.0,548,0,0,1,Pedestrian
1,585.0,1139.0,645.0,1216.0,549,0,0,1,Pedestrian
1,585.0,1139.0,645.0,1216.0,550,0,0,1,Pedestrian
1,583.0,1139.0,643.0,1216.0,551,0,0,1,Pedestrian
1,583.0,1143.0,643.0,1220.0,552,0,0,1,Pedestrian
1,583.0,1143.0,643.0,1220.0,553,0,0,1,Pedestrian
1,581.0,1143.0,641.0,1220.0,554,0,0,1,Pedestrian
1,581.0,1143.0,641.0,1220.0,555,0,0,1,Pedestrian
1,579.0,1143.0,639.0,1220.0,556,0,0,1,Pedestrian
1,579.0,1143.0,639.0,1220.0,557,0,0,1,Pedestrian
1,577.0,1147.0,637.0,1224.0,558,0,0,1,Pedestrian
1,577.0,1147.0,637.0,1224.0,559,0,0,1,Pedestrian
1,575.0,1147.0,635.0,1224.0,560,0,0,1,Pedestrian
1,575.0,1147.0,635.0,1224.0,561,0,0,1,Pedestrian
1,573.0,1147.0,633.0,1224.0,562,0,0,1,Pedestrian
1,573.0,1151.0,633.0,1228.0,563,0,0,1,Pedestrian
1,573.0,1151.0,633.0,1228.0,564,0,0,1,Pedestrian
1,571.0,1151.0,631.0,1228.0,565,0,0,1,Pedestrian
1,571.0,1151.0,631.0,1228.0,566,0,0,1,Pedestrian
1,570.0,1151.0,630.0,1228.0,567,0,0,1,Pedestrian
1,570.0,1155.0,630.0,1232.0,568,0,0,1,Pedestrian
1,568.0,1155.0,628.0,1232.0,569,0,0,1,Pedestrian
1,568.0,1155.0,628.0,1232.0,570,0,0,1,Pedestrian
1,566.0,1155.0,626.0,1232.0,571,0,0,1,Pedestrian
1,566.0,1155.0,626.0,1232.0,572,0,0,1,Pedestrian
1,566.0,1159.0,626.0,1236.0,573,0,0,0,Pedestrian
2,63.0,1750.0,110.0,1875.0,0,1,0,0,Pedestrian
2,63.0,1750.0,110.0,1875.0,1,1,0,1,Pedestrian
2,63.0,1750.0,110.0,1875.0,2,1,0,1,Pedestrian
2,63.0,1750.0,110.0,1875.0,3,1,0,1,Pedestrian
2,63.0,1750.0,110.0,1875.0,4,1,0,1,Pedestrian
2,63.0,1750.0,110.0,1875.0,5,1,0,1,Pedestrian
2,63.0,1750.0,110.0,1875.0,6,1,0,1,Pedestrian
2,63.0,1750.0,110.0,1875.0,7,1,0,1,Pedestrian
2,63.0,1750.0,110.0,1875.0,8,1,0,1,Pedestrian
2,63.0,1750.0,110.0,1875.0,9,1,0,1,Pedestrian
2,63.0,1750.0,110.0,1875.0,10,1,0,1,Pedestrian
2,63.0,1750.0,110.0,1875.0,11,1,0,1,Pedestrian
2,63.0,1750.0,110.0,1875.0,12,1,0,1,Pedestrian
2,63.0,1750.0,110.0,1875.0,13,1,0,1,Pedestrian
2,63.0,1750.0,110.0,1875.0,14,1,0,1,Pedestrian
2,63.0,1750.0,110.0,1875.0,15,1,0,1,Pedestrian
2,63.0,1750.0,110.0,1875.0,16,1,0,1,Pedestrian
2,63.0,1750.0,110.0,1875.0,17,1,0,1,Pedestrian
2,63.0,1750.0,110.0,1875.0,18,1,0,1,Pedestrian
2,63.0,1750.0,110.0,1875.0,19,1,0,1,Pedestrian
2,63.0,1750.0,110.0,1875.0,20,1,0,1,Pedestrian
2,63.0,1750.0,110.0,1875.0,21,1,0,1,Pedestrian
2,63.0,1750.0,110.0,1875.0,22,1,0,1,Pedestrian
2,63.0,1750.0,110.0,1875.0,23,1,0,1,Pedestrian
2,63.0,1750.0,110.0,1875.0,24,1,0,1,Pedestrian
2,63.0,1750.0,110.0,1875.0,25,1,0,1,Pedestrian
2,63.0,1750.0,110.0,1875.0,26,1,0,1,Pedestrian
2,63.0,1750.0,110.0,1875.0,27,1,0,1,Pedestrian
2,63.0,1750.0,110.0,1875.0,28,1,0,1,Pedestrian
2,63.0,1750.0,110.0,1875.0,29,1,0,1,Pedestrian
2,63.0,1750.0,110.0,1875.0,30,1,0,1,Pedestrian
2,63.0,1750.0,110.0,1875.0,31,1,0,1,Pedestrian
2,63.0,1750.0,110.0,1875.0,32,1,0,1,Pedestrian
2,63.0,1750.0,110.0,1875.0,33,1,0,1,Pedestrian
2,63.0,1750.0,110.0,1875.0,34,1,0,1,Pedestrian
2,63.0,1750.0,110.0,1875.0,35,1,0,1,Pedestrian
2,63.0,1750.0,110.0,1875.0,36,1,0,1,Pedestrian
2,63.0,1750.0,110.0,1875.0,37,1,0,1,Pedestrian
2,63.0,1750.0,110.0,1875.0,38,1,0,1,Pedestrian
2,63.0,1750.0,110.0,1875.0,39,1,0,1,Pedestrian
2,63.0,1750.0,110.0,1875.0,40,1,0,1,Pedestrian
2,63.0,1750.0,110.0,1875.0,41,1,0,1,Pedestrian
2,63.0,1750.0,110.0,1875.0,42,1,0,1,Pedestrian
2,63.0,1750.0,110.0,1875.0,43,1,0,1,Pedestrian
2,63.0,1750.0,110.0,1875.0,44,1,0,1,Pedestrian
2,63.0,1750.0,110.0,1875.0,45,1,0,1,Pedestrian
2,63.0,1750.0,110.0,1875.0,46,1,0,1,Pedestrian
2,63.0,1750.0,110.0,1875.0,47,1,0,1,Pedestrian
2,63.0,1750.0,110.0,1875.0,48,1,0,1,Pedestrian
2,63.0,1750.0,110.0,1875.0,49,1,0,1,Pedestrian
2,63.0,1750.0,110.0,1875.0,50,1,0,1,Pedestrian
2,63.0,1750.0,110.0,1875.0,51,1,0,1,Pedestrian
2,63.0,1750.0,110.0,1875.0,52,1,0,1,Pedestrian
2,63.0,1750.0,110.0,1875.0,53,1,0,1,Pedestrian
2,63.0,1750.0,110.0,1875.0,54,1,0,1,Pedestrian
2,63.0,1750.0,110.0,1875.0,55,1,0,1,Pedestrian
2,63.0,1750.0,110.0,1875.0,56,1,0,1,Pedestrian
2,63.0,1750.0,110.0,1875.0,57,1,0,1,Pedestrian
2,63.0,1750.0,110.0,1875.0,58,1,0,1,Pedestrian
2,63.0,1750.0,110.0,1875.0,59,1,0,1,Pedestrian
2,63.0,1750.0,110.0,1875.0,60,1,0,1,Pedestrian
2,63.0,1750.0,110.0,1875.0,61,1,0,1,Pedestrian
2,63.0,1750.0,110.0,1875.0,62,1,0,1,Pedestrian
2,63.0,1750.0,110.0,1875.0,63,1,0,1,Pedestrian
2,63.0,1750.0,110.0,1875.0,64,1,0,1,Pedestrian
2,63.0,1750.0,110.0,1875.0,65,1,0,1,Pedestrian
2,63.0,1750.0,110.0,1875.0,66,1,0,1,Pedestrian
2,63.0,1750.0,110.0,1875.0,67,1,0,1,Pedestrian
2,63.0,1750.0,110.0,1875.0,68,1,0,1,Pedestrian
2,63.0,1750.0,110.0,1875.0,69,1,0,1,Pedestrian
2,63.0,1750.0,110.0,1875.0,70,1,0,1,Pedestrian
2,63.0,1750.0,110.0,1875.0,71,1,0,1,Pedestrian
2,63.0,1750.0,110.0,1875.0,72,1,0,1,Pedestrian
2,63.0,1750.0,110.0,1875.0,73,1,0,1,Pedestrian
2,63.0,1750.0,110.0,1875.0,74,1,0,1,Pedestrian
2,63.0,1750.0,110.0,1875.0,75,1,0,1,Pedestrian
2,63.0,1750.0,110.0,1875.0,76,1,0,1,Pedestrian
2,63.0,1750.0,110.0,1875.0,77,1,0,1,Pedestrian
2,63.0,1750.0,110.0,1875.0,78,1,0,1,Pedestrian
2,63.0,1750.0,110.0,1875.0,79,1,0,1,Pedestrian
2,63.0,1750.0,110.0,1875.0,80,1,0,1,Pedestrian
2,63.0,1750.0,110.0,1875.0,81,1,0,1,Pedestrian
2,63.0,1750.0,110.0,1875.0,82,1,0,1,Pedestrian
2,63.0,1750.0,110.0,1875.0,83,1,0,1,Pedestrian
2,63.0,1750.0,110.0,1875.0,84,1,0,1,Pedestrian
2,63.0,1750.0,110.0,1875.0,85,1,0,1,Pedestrian
2,63.0,1750.0,110.0,1875.0,86,1,0,1,Pedestrian
2,63.0,1750.0,110.0,1875.0,87,1,0,1,Pedestrian
2,63.0,1750.0,110.0,1875.0,88,1,0,1,Pedestrian
2,63.0,1750.0,110.0,1875.0,89,1,0,1,Pedestrian
2,63.0,1750.0,110.0,1875.0,90,1,0,1,Pedestrian
2,63.0,1750.0,110.0,1875.0,91,1,0,1,Pedestrian
2,63.0,1750.0,110.0,1875.0,92,1,0,1,Pedestrian
2,63.0,1750.0,110.0,1875.0,93,1,0,1,Pedestrian
2,63.0,1750.0,110.0,1875.0,94,1,0,1,Pedestrian
2,63.0,1750.0,110.0,1875.0,95,1,0,1,Pedestrian
2,63.0,1750.0,110.0,1875.0,96,1,0,1,Pedestrian
2,63.0,1750.0,110.0,1875.0,97,1,0,1,Pedestrian
2,63.0,1750.0,110.0,1875.0,98,1,0,1,Pedestrian
2,63.0,1750.0,110.0,1875.0,99,1,0,1,Pedestrian
2,63.0,1750.0,110.0,1875.0,100,1,0,1,Pedestrian
2,63.0,1750.0,110.0,1875.0,101,1,0,1,Pedestrian
2,63.0,1750.0,110.0,1875.0,102,1,0,1,Pedestrian
2,63.0,1750.0,110.0,1875.0,103,1,0,1,Pedestrian
2,63.0,1750.0,110.0,1875.0,104,1,0,1,Pedestrian
2,63.0,1750.0,110.0,1875.0,105,1,0,1,Pedestrian
2,63.0,1750.0,110.0,1875.0,106,1,0,1,Pedestrian
2,63.0,1750.0,110.0,1875.0,107,1,0,1,Pedestrian
2,63.0,1750.0,110.0,1875.0,108,1,0,1,Pedestrian
2,63.0,1750.0,110.0,1875.0,109,1,0,1,Pedestrian
2,63.0,1750.0,110.0,1875.0,110,0,0,0,Pedestrian
2,63.0,1746.0,110.0,1871.0,111,0,0,1,Pedestrian
2,63.0,1746.0,110.0,1871.0,112,0,0,1,Pedestrian
2,65.0,1746.0,112.0,1871.0,113,0,0,1,Pedestrian
2,65.0,1746.0,112.0,1871.0,114,0,0,1,Pedestrian
2,67.0,1746.0,114.0,1871.0,115,0,0,1,Pedestrian
2,67.0,1746.0,114.0,1871.0,116,0,0,1,Pedestrian
2,69.0,1746.0,116.0,1871.0,117,0,0,1,Pedestrian
2,69.0,1746.0,116.0,1871.0,118,0,0,1,Pedestrian
2,71.0,1746.0,118.0,1871.0,119,0,0,1,Pedestrian
2,71.0,1746.0,118.0,1871.0,120,0,0,1,Pedestrian
2,73.0,1746.0,120.0,1871.0,121,0,0,1,Pedestrian
2,73.0,1746.0,120.0,1871.0,122,0,0,1,Pedestrian
2,75.0,1741.0,121.0,1867.0,123,0,0,1,Pedestrian
2,75.0,1741.0,121.0,1867.0,124,0,0,1,Pedestrian
2,76.0,1741.0,123.0,1867.0,125,0,0,1,Pedestrian
2,76.0,1741.0,123.0,1867.0,126,0,0,1,Pedestrian
2,78.0,1741.0,125.0,1867.0,127,0,0,1,Pedestrian
2,78.0,1741.0,125.0,1867.0,128,0,0,1,Pedestrian
2,80.0,1741.0,127.0,1867.0,129,0,0,1,Pedestrian
2,80.0,1741.0,127.0,1867.0,130,0,0,1,Pedestrian
2,82.0,1741.0,129.0,1867.0,131,0,0,1,Pedestrian
2,82.0,1741.0,129.0,1867.0,132,0,0,1,Pedestrian
2,84.0,1741.0,131.0,1867.0,133,0,0,1,Pedestrian
2,84.0,1741.0,131.0,1867.0,134,0,0,1,Pedestrian
2,86.0,1737.0,133.0,1863.0,135,0,0,1,Pedestrian
2,86.0,1737.0,133.0,1863.0,136,0,0,1,Pedestrian
2,88.0,1737.0,135.0,1863.0,137,0,0,1,Pedestrian
2,88.0,1737.0,135.0,1863.0,138,0,0,1,Pedestrian
2,90.0,1737.0,136.0,1863.0,139,0,0,1,Pedestrian
2,90.0,1737.0,136.0,1863.0,140,0,0,1,Pedestrian
2,91.0,1737.0,138.0,1863.0,141,0,0,1,Pedestrian
2,91.0,1737.0,138.0,1863.0,142,0,0,1,Pedestrian
2,93.0,1737.0,140.0,1863.0,143,0,0,1,Pedestrian
2,93.0,1737.0,140.0,1863.0,144,0,0,1,Pedestrian
2,95.0,1737.0,142.0,1863.0,145,0,0,1,Pedestrian
2,95.0,1737.0,142.0,1863.0,146,0,0,1,Pedestrian
2,97.0,1737.0,144.0,1863.0,147,0,0,1,Pedestrian
2,97.0,1733.0,144.0,1859.0,148,0,0,1,Pedestrian
2,97.0,1733.0,144.0,1859.0,149,0,0,1,Pedestrian
2,99.0,1733.0,146.0,1859.0,150,0,0,1,Pedestrian
2,99.0,1733.0,146.0,1859.0,151,0,0,1,Pedestrian
2,101.0,1733.0,148.0,1859.0,152,0,0,1,Pedestrian
2,101.0,1733.0,148.0,1859.0,153,0,0,1,Pedestrian
2,103.0,1733.0,150.0,1859.0,154,0,0,1,Pedestrian
2,103.0,1733.0,150.0,1859.0,155,0,0,1,Pedestrian
2,105.0,1733.0,151.0,1859.0,156,0,0,1,Pedestrian
2,105.0,1733.0,151.0,1859.0,157,0,0,1,Pedestrian
2,106.0,1733.0,153.0,1859.0,158,0,0,1,Pedestrian
2,106.0,1733.0,153.0,1859.0,159,0,0,1,Pedestrian
2,108.0,1729.0,155.0,1855.0,160,0,0,1,Pedestrian
2,108.0,1729.0,155.0,1855.0,161,0,0,1,Pedestrian
2,110.0,1729.0,157.0,1855.0,162,0,0,1,Pedestrian
2,110.0,1729.0,157.0,1855.0,163,0,0,1,Pedestrian
2,112.0,1729.0,159.0,1855.0,164,0,0,1,Pedestrian
2,112.0,1729.0,159.0,1855.0,165,0,0,1,Pedestrian
2,114.0,1729.0,161.0,1855.0,166,0,0,1,Pedestrian
2,114.0,1729.0,161.0,1855.0,167,0,0,1,Pedestrian
2,116.0,1729.0,163.0,1855.0,168,0,0,1,Pedestrian
2,116.0,1729.0,163.0,1855.0,169,0,0,1,Pedestrian
2,118.0,1729.0,165.0,1855.0,170,0,0,1,Pedestrian
2,118.0,1729.0,165.0,1855.0,171,0,0,1,Pedestrian
2,120.0,1725.0,166.0,1851.0,172,0,0,1,Pedestrian
2,120.0,1725.0,166.0,1851.0,173,0,0,1,Pedestrian
2,121.0,1725.0,168.0,1851.0,174,0,0,1,Pedestrian
2,121.0,1725.0,168.0,1851.0,175,0,0,1,Pedestrian
2,123.0,1725.0,170.0,1851.0,176,0,0,1,Pedestrian
2,123.0,1725.0,170.0,1851.0,177,0,0,1,Pedestrian
2,125.0,1725.0,172.0,1851.0,178,0,0,1,Pedestrian
2,125.0,1725.0,172.0,1851.0,179,0,0,1,Pedestrian
2,127.0,1725.0,174.0,1851.0,180,0,0,1,Pedestrian
2,127.0,1725.0,174.0,1851.0,181,0,0,1,Pedestrian
2,129.0,1725.0,176.0,1851.0,182,0,0,1,Pedestrian
2,129.0,1725.0,176.0,1851.0,183,0,0,1,Pedestrian
2,131.0,1725.0,178.0,1851.0,184,0,0,0,Pedestrian
2,131.0,1725.0,178.0,1851.0,185,0,0,1,Pedestrian
2,133.0,1725.0,180.0,1851.0,186,0,0,1,Pedestrian
2,133.0,1725.0,180.0,1851.0,187,0,0,1,Pedestrian
2,135.0,1725.0,181.0,1851.0,188,0,0,1,Pedestrian
2,135.0,1725.0,181.0,1851.0,189,0,0,1,Pedestrian
2,136.0,1725.0,183.0,1851.0,190,0,0,1,Pedestrian
2,138.0,1725.0,185.0,1851.0,191,0,0,1,Pedestrian
2,138.0,1725.0,185.0,1851.0,192,0,0,1,Pedestrian
2,140.0,1725.0,187.0,1851.0,193,0,0,1,Pedestrian
2,140.0,1725.0,187.0,1851.0,194,0,0,1,Pedestrian
2,142.0,1725.0,189.0,1851.0,195,0,0,1,Pedestrian
2,142.0,1725.0,189.0,1851.0,196,0,0,1,Pedestrian
2,144.0,1725.0,191.0,1851.0,197,0,0,1,Pedestrian
2,146.0,1725.0,193.0,1851.0,198,0,0,1,Pedestrian
2,146.0,1725.0,193.0,1851.0,199,0,0,1,Pedestrian
2,148.0,1725.0,195.0,1851.0,200,0,0,1,Pedestrian
2,148.0,1725.0,195.0,1851.0,201,0,0,1,Pedestrian
2,150.0,1725.0,196.0,1851.0,202,0,0,1,Pedestrian
2,151.0,1725.0,198.0,1851.0,203,0,0,1,Pedestrian
2,151.0,1725.0,198.0,1851.0,204,0,0,1,Pedestrian
2,153.0,1725.0,200.0,1851.0,205,0,0,1,Pedestrian
2,153.0,1725.0,200.0,1851.0,206,0,0,1,Pedestrian
2,155.0,1725.0,202.0,1851.0,207,0,0,1,Pedestrian
2,155.0,1725.0,202.0,1851.0,208,0,0,1,Pedestrian
2,157.0,1725.0,204.0,1851.0,209,0,0,1,Pedestrian
2,159.0,1725.0,206.0,1851.0,210,0,0,1,Pedestrian
2,159.0,1725.0,206.0,1851.0,211,0,0,1,Pedestrian
2,161.0,1725.0,208.0,1851.0,212,0,0,1,Pedestrian
2,161.0,1725.0,208.0,1851.0,213,0,0,1,Pedestrian
2,163.0,1725.0,210.0,1851.0,214,0,0,1,Pedestrian
2,163.0,1725.0,210.0,1851.0,215,0,0,1,Pedestrian
2,165.0,1725.0,211.0,1851.0,216,0,0,1,Pedestrian
2,166.0,1725.0,213.0,1851.0,217,0,0,1,Pedestrian
2,166.0,1725.0,213.0,1851.0,218,0,0,1,Pedestrian
2,168.0,1725.0,215.0,1851.0,219,0,0,1,Pedestrian
2,168.0,1725.0,215.0,1851.0,220,0,0,1,Pedestrian
2,170.0,1725.0,217.0,1851.0,221,0,0,1,Pedestrian
2,172.0,1725.0,219.0,1851.0,222,0,0,1,Pedestrian
2,172.0,1725.0,219.0,1851.0,223,0,0,1,Pedestrian
2,174.0,1725.0,221.0,1851.0,224,0,0,1,Pedestrian
2,174.0,1725.0,221.0,1851.0,225,0,0,1,Pedestrian
2,176.0,1725.0,223.0,1851.0,226,0,0,1,Pedestrian
2,176.0,1725.0,223.0,1851.0,227,0,0,1,Pedestrian
2,178.0,1725.0,225.0,1851.0,228,0,0,1,Pedestrian
2,180.0,1725.0,226.0,1851.0,229,0,0,1,Pedestrian
2,180.0,1725.0,226.0,1851.0,230,0,0,1,Pedestrian
2,181.0,1725.0,228.0,1851.0,231,0,0,1,Pedestrian
2,181.0,1725.0,228.0,1851.0,232,0,0,1,Pedestrian
2,183.0,1725.0,230.0,1851.0,233,0,0,1,Pedestrian
2,185.0,1729.0,232.0,1855.0,234,0,0,0,Pedestrian
2,185.0,1725.0,232.0,1851.0,235,0,0,1,Pedestrian
2,187.0,1725.0,234.0,1851.0,236,0,0,1,Pedestrian
2,187.0,1725.0,234.0,1851.0,237,0,0,1,Pedestrian
2,189.0,1725.0,236.0,1851.0,238,0,0,1,Pedestrian
2,189.0,1725.0,236.0,1851.0,239,0,0,1,Pedestrian
2,191.0,1725.0,238.0,1851.0,240,0,0,1,Pedestrian
2,191.0,1725.0,238.0,1851.0,241,0,0,1,Pedestrian
2,193.0,1725.0,240.0,1851.0,242,0,0,1,Pedestrian
2,193.0,1725.0,240.0,1851.0,243,0,0,1,Pedestrian
2,195.0,1725.0,241.0,1851.0,244,0,0,1,Pedestrian
2,195.0,1721.0,241.0,1847.0,245,0,0,1,Pedestrian
2,196.0,1721.0,243.0,1847.0,246,0,0,1,Pedestrian
2,196.0,1721.0,243.0,1847.0,247,0,0,1,Pedestrian
2,198.0,1721.0,245.0,1847.0,248,0,0,1,Pedestrian
2,198.0,1721.0,247.0,1847.0,249,0,0,1,Pedestrian
2,200.0,1721.0,247.0,1847.0,250,0,0,1,Pedestrian
2,200.0,1721.0,249.0,1847.0,251,0,0,1,Pedestrian
2,202.0,1721.0,249.0,1847.0,252,0,0,1,Pedestrian
2,202.0,1721.0,251.0,1847.0,253,0,0,1,Pedestrian
2,204.0,1721.0,251.0,1847.0,254,0,0,1,Pedestrian
2,206.0,1717.0,253.0,1843.0,255,0,0,1,Pedestrian
2,206.0,1717.0,253.0,1843.0,256,0,0,1,Pedestrian
2,208.0,1717.0,255.0,1843.0,257,0,0,1,Pedestrian
2,208.0,1717.0,255.0,1843.0,258,0,0,1,Pedestrian
2,210.0,1717.0,256.0,1843.0,259,0,0,1,Pedestrian
2,210.0,1717.0,256.0,1843.0,260,0,0,1,Pedestrian
2,211.0,1717.0,258.0,1843.0,261,0,0,1,Pedestrian
2,211.0,1717.0,260.0,1843.0,262,0,0,1,Pedestrian
2,213.0,1717.0,260.0,1843.0,263,0,0,1,Pedestrian
2,213.0,1717.0,262.0,1843.0,264,0,0,1,Pedestrian
2,215.0,1713.0,262.0,1838.0,265,0,0,1,Pedestrian
2,215.0,1713.0,264.0,1838.0,266,0,0,1,Pedestrian
2,217.0,1713.0,264.0,1838.0,267,0,0,1,Pedestrian
2,217.0,1713.0,266.0,1838.0,268,0,0,1,Pedestrian
2,219.0,1713.0,266.0,1838.0,269,0,0,1,Pedestrian
2,219.0,1713.0,268.0,1838.0,270,0,0,1,Pedestrian
2,221.0,1713.0,268.0,1838.0,271,0,0,1,Pedestrian
2,221.0,1713.0,270.0,1838.0,272,0,0,1,Pedestrian
2,223.0,1713.0,270.0,1838.0,273,0,0,1,Pedestrian
2,225.0,1713.0,271.0,1838.0,274,0,0,1,Pedestrian
2,225.0,1709.0,273.0,1834.0,275,0,0,1,Pedestrian
2,226.0,1709.0,273.0,1834.0,276,0,0,1,Pedestrian
2,226.0,1709.0,275.0,1834.0,277,0,0,1,Pedestrian
2,228.0,1709.0,275.0,1834.0,278,0,0,1,Pedestrian
2,228.0,1709.0,277.0,1834.0,279,0,0,1,Pedestrian
2,230.0,1709.0,277.0,1834.0,280,0,0,1,Pedestrian
2,230.0,1709.0,279.0,1834.0,281,0,0,1,Pedestrian
2,232.0,1709.0,279.0,1834.0,282,0,0,1,Pedestrian
2,232.0,1709.0,281.0,1834.0,283,0,0,1,Pedestrian
2,234.0,1709.0,281.0,1834.0,284,0,0,1,Pedestrian
2,234.0,1705.0,283.0,1830.0,285,0,0,1,Pedestrian
2,236.0,1705.0,283.0,1830.0,286,0,0,1,Pedestrian
2,236.0,1705.0,285.0,1830.0,287,0,0,1,Pedestrian
2,238.0,1705.0,286.0,1830.0,288,0,0,1,Pedestrian
2,238.0,1705.0,286.0,1830.0,289,0,0,1,Pedestrian
2,240.0,1705.0,288.0,1830.0,290,0,0,1,Pedestrian
2,240.0,1705.0,288.0,1830.0,291,0,0,1,Pedestrian
2,241.0,1705.0,290.0,1830.0,292,0,0,1,Pedestrian
2,241.0,1705.0,290.0,1830.0,293,0,0,1,Pedestrian
2,243.0,1705.0,292.0,1830.0,294,0,0,1,Pedestrian
2,245.0,1701.0,292.0,1826.0,295,0,0,1,Pedestrian
2,245.0,1701.0,294.0,1826.0,296,0,0,1,Pedestrian
2,247.0,1701.0,294.0,1826.0,297,0,0,1,Pedestrian
2,247.0,1701.0,296.0,1826.0,298,0,0,1,Pedestrian
2,249.0,1701.0,296.0,1826.0,299,0,0,1,Pedestrian
2,249.0,1701.0,298.0,1826.0,300,0,0,1,Pedestrian
2,251.0,1701.0,300.0,1826.0,301,0,0,1,Pedestrian
2,251.0,1701.0,300.0,1826.0,302,0,0,1,Pedestrian
2,253.0,1701.0,301.0,1826.0,303,0,0,1,Pedestrian
2,253.0,1701.0,301.0,1826.0,304,0,0,1,Pedestrian
2,255.0,1697.0,303.0,1822.0,305,0,0,1,Pedestrian
2,255.0,1697.0,303.0,1822.0,306,0,0,1,Pedestrian
2,256.0,1697.0,305.0,1822.0,307,0,0,1,Pedestrian
2,256.0,1697.0,305.0,1822.0,308,0,0,1,Pedestrian
2,258.0,1697.0,307.0,1822.0,309,0,0,1,Pedestrian
2,258.0,1697.0,307.0,1822.0,310,0,0,1,Pedestrian
2,260.0,1697.0,309.0,1822.0,311,0,0,1,Pedestrian
2,260.0,1697.0,309.0,1822.0,312,0,0,1,Pedestrian
2,262.0,1697.0,311.0,1822.0,313,0,0,1,Pedestrian
2,264.0,1697.0,313.0,1822.0,314,0,0,0,Pedestrian
2,264.0,1693.0,313.0,1818.0,315,0,0,1,Pedestrian
2,264.0,1693.0,313.0,1818.0,316,0,0,1,Pedestrian
2,264.0,1693.0,313.0,1818.0,317,0,0,1,Pedestrian
2,264.0,1693.0,313.0,1818.0,318,0,0,1,Pedestrian
2,266.0,1693.0,315.0,1818.0,319,0,0,1,Pedestrian
2,266.0,1689.0,315.0,1814.0,320,0,0,1,Pedestrian
2,266.0,1689.0,315.0,1814.0,321,0,0,1,Pedestrian
2,266.0,1689.0,315.0,1814.0,322,0,0,1,Pedestrian
2,268.0,1689.0,316.0,1814.0,323,0,0,1,Pedestrian
2,268.0,1689.0,316.0,1814.0,324,0,0,1,Pedestrian
2,268.0,1689.0,316.0,1814.0,325,0,0,1,Pedestrian
2,268.0,1685.0,316.0,1810.0,326,0,0,1,Pedestrian
2,270.0,1685.0,318.0,1810.0,327,0,0,1,Pedestrian
2,270.0,1685.0,318.0,1810.0,328,0,0,1,Pedestrian
2,270.0,1685.0,318.0,1810.0,329,0,0,1,Pedestrian
2,270.0,1685.0,318.0,1810.0,330,0,0,1,Pedestrian
2,271.0,1685.0,320.0,1810.0,331,0,0,1,Pedestrian
2,271.0,1681.0,320.0,1806.0,332,0,0,1,Pedestrian
2,271.0,1681.0,320.0,1806.0,333,0,0,1,Pedestrian
2,271.0,1681.0,320.0,1806.0,334,0,0,1,Pedestrian
2,273.0,1681.0,322.0,1806.0,335,0,0,1,Pedestrian
2,273.0,1681.0,322.0,1806.0,336,0,0,1,Pedestrian
2,273.0,1681.0,322.0,1806.0,337,0,0,1,Pedestrian
2,273.0,1677.0,322.0,1802.0,338,0,0,1,Pedestrian
2,275.0,1677.0,324.0,1802.0,339,0,0,1,Pedestrian
2,275.0,1677.0,324.0,1802.0,340,0,0,1,Pedestrian
2,275.0,1677.0,324.0,1802.0,341,0,0,1,Pedestrian
2,275.0,1677.0,324.0,1802.0,342,0,0,1,Pedestrian
2,277.0,1677.0,326.0,1802.0,343,0,0,1,Pedestrian
2,277.0,1673.0,326.0,1798.0,344,0,0,1,Pedestrian
2,277.0,1673.0,326.0,1798.0,345,0,0,1,Pedestrian
2,277.0,1673.0,326.0,1798.0,346,0,0,1,Pedestrian
2,279.0,1673.0,328.0,1798.0,347,0,0,1,Pedestrian
2,279.0,1673.0,328.0,1798.0,348,0,0,1,Pedestrian
2,279.0,1673.0,328.0,1798.0,349,0,0,1,Pedestrian
2,279.0,1669.0,328.0,1794.0,350,0,0,1,Pedestrian
2,279.0,1669.0,328.0,1794.0,351,0,0,1,Pedestrian
2,281.0,1669.0,330.0,1794.0,352,0,0,1,Pedestrian
2,281.0,1669.0,330.0,1794.0,353,0,0,1,Pedestrian
2,281.0,1669.0,330.0,1794.0,354,0,0,1,Pedestrian
2,281.0,1665.0,330.0,1790.0,355,0,0,1,Pedestrian
2,283.0,1665.0,331.0,1790.0,356,0,0,1,Pedestrian
2,283.0,1665.0,331.0,1790.0,357,0,0,1,Pedestrian
2,283.0,1665.0,331.0,1790.0,358,0,0,1,Pedestrian
2,283.0,1665.0,331.0,1790.0,359,0,0,1,Pedestrian
2,285.0,1665.0,333.0,1790.0,360,0,0,1,Pedestrian
2,285.0,1661.0,333.0,1786.0,361,0,0,1,Pedestrian
2,285.0,1661.0,333.0,1786.0,362,0,0,1,Pedestrian
2,285.0,1661.0,333.0,1786.0,363,0,0,1,Pedestrian
2,286.0,1661.0,335.0,1786.0,364,0,0,1,Pedestrian
2,286.0,1661.0,335.0,1786.0,365,0,0,1,Pedestrian
2,286.0,1661.0,335.0,1786.0,366,0,0,1,Pedestrian
2,286.0,1657.0,335.0,1782.0,367,0,0,1,Pedestrian
2,288.0,1657.0,337.0,1782.0,368,0,0,1,Pedestrian
2,288.0,1657.0,337.0,1782.0,369,0,0,1,Pedestrian
2,288.0,1657.0,337.0,1782.0,370,0,0,1,Pedestrian
2,288.0,1657.0,337.0,1782.0,371,0,0,1,Pedestrian
2,290.0,1657.0,339.0,1782.0,372,0,0,1,Pedestrian
2,290.0,1653.0,339.0,1778.0,373,0,0,1,Pedestrian
2,290.0,1653.0,339.0,1778.0,374,0,0,1,Pedestrian
2,290.0,1653.0,339.0,1778.0,375,0,0,1,Pedestrian
2,292.0,1653.0,341.0,1778.0,376,0,0,1,Pedestrian
2,292.0,1653.0,341.0,1778.0,377,0,0,1,Pedestrian
2,292.0,1653.0,341.0,1778.0,378,0,0,1,Pedestrian
2,292.0,1649.0,341.0,1774.0,379,0,0,1,Pedestrian
2,294.0,1649.0,343.0,1774.0,380,0,0,1,Pedestrian
2,294.0,1649.0,343.0,1774.0,381,0,0,1,Pedestrian
2,294.0,1649.0,343.0,1774.0,382,0,0,1,Pedestrian
2,294.0,1649.0,343.0,1774.0,383,0,0,1,Pedestrian
2,296.0,1649.0,345.0,1774.0,384,0,0,0,Pedestrian
2,296.0,1644.0,345.0,1770.0,385,0,0,1,Pedestrian
2,296.0,1644.0,345.0,1770.0,386,0,0,1,Pedestrian
2,296.0,1644.0,345.0,1770.0,387,0,0,1,Pedestrian
2,296.0,1640.0,345.0,1766.0,388,0,0,1,Pedestrian
2,296.0,1640.0,345.0,1766.0,389,0,0,1,Pedestrian
2,296.0,1640.0,345.0,1766.0,390,0,0,1,Pedestrian
2,296.0,1640.0,345.0,1766.0,391,0,0,1,Pedestrian
2,296.0,1636.0,345.0,1762.0,392,0,0,1,Pedestrian
2,296.0,1636.0,345.0,1762.0,393,0,0,1,Pedestrian
2,296.0,1636.0,345.0,1762.0,394,0,0,1,Pedestrian
2,296.0,1636.0,345.0,1762.0,395,0,0,1,Pedestrian
2,296.0,1632.0,345.0,1758.0,396,0,0,1,Pedestrian
2,296.0,1632.0,345.0,1758.0,397,0,0,1,Pedestrian
2,296.0,1632.0,345.0,1758.0,398,0,0,1,Pedestrian
2,296.0,1632.0,345.0,1758.0,399,0,0,1,Pedestrian
2,296.0,1628.0,345.0,1754.0,400,0,0,1,Pedestrian
2,296.0,1628.0,345.0,1754.0,401,0,0,1,Pedestrian
2,296.0,1628.0,345.0,1754.0,402,0,0,1,Pedestrian
2,296.0,1628.0,345.0,1754.0,403,0,0,1,Pedestrian
2,296.0,1624.0,345.0,1750.0,404,0,0,1,Pedestrian
2,296.0,1624.0,345.0,1750.0,405,0,0,1,Pedestrian
2,296.0,1624.0,345.0,1750.0,406,0,0,1,Pedestrian
2,296.0,1624.0,345.0,1750.0,407,0,0,1,Pedestrian
2,296.0,1620.0,345.0,1746.0,408,0,0,1,Pedestrian
2,296.0,1620.0,345.0,1746.0,409,0,0,1,Pedestrian
2,296.0,1620.0,345.0,1746.0,410,0,0,1,Pedestrian
2,296.0,1620.0,345.0,1746.0,411,0,0,1,Pedestrian
2,296.0,1616.0,345.0,1741.0,412,0,0,1,Pedestrian
2,296.0,1616.0,345.0,1741.0,413,0,0,1,Pedestrian
2,296.0,1616.0,345.0,1741.0,414,0,0,1,Pedestrian
2,296.0,1612.0,345.0,1737.0,415,0,0,1,Pedestrian
2,296.0,1612.0,345.0,1737.0,416,0,0,1,Pedestrian
2,296.0,1612.0,345.0,1737.0,417,0,0,1,Pedestrian
2,296.0,1612.0,345.0,1737.0,418,0,0,1,Pedestrian
2,296.0,1608.0,345.0,1733.0,419,0,0,1,Pedestrian
2,296.0,1608.0,345.0,1733.0,420,0,0,1,Pedestrian
2,296.0,1608.0,345.0,1733.0,421,0,0,1,Pedestrian
2,296.0,1608.0,345.0,1733.0,422,0,0,1,Pedestrian
2,298.0,1604.0,346.0,1729.0,423,0,0,1,Pedestrian
2,298.0,1604.0,346.0,1729.0,424,0,0,1,Pedestrian
2,298.0,1604.0,346.0,1729.0,425,0,0,1,Pedestrian
2,298.0,1604.0,346.0,1729.0,426,0,0,1,Pedestrian
2,298.0,1600.0,346.0,1725.0,427,0,0,1,Pedestrian
2,298.0,1600.0,346.0,1725.0,428,0,0,1,Pedestrian
2,298.0,1600.0,346.0,1725.0,429,0,0,1,Pedestrian
2,298.0,1600.0,346.0,1725.0,430,0,0,1,Pedestrian
2,298.0,1596.0,346.0,1721.0,431,0,0,1,Pedestrian
2,298.0,1596.0,346.0,1721.0,432,0,0,1,Pedestrian
2,298.0,1596.0,346.0,1721.0,433,0,0,1,Pedestrian
2,298.0,1596.0,346.0,1721.0,434,0,0,1,Pedestrian
2,298.0,1592.0,346.0,1717.0,435,0,0,1,Pedestrian
2,298.0,1592.0,346.0,1717.0,436,0,0,1,Pedestrian
2,298.0,1592.0,346.0,1717.0,437,0,0,1,Pedestrian
2,298.0,1592.0,346.0,1717.0,438,0,0,1,Pedestrian
2,298.0,1588.0,346.0,1713.0,439,0,0,1,Pedestrian
2,298.0,1588.0,346.0,1713.0,440,0,0,1,Pedestrian
2,298.0,1588.0,346.0,1713.0,441,0,0,1,Pedestrian
2,298.0,1588.0,346.0,1713.0,442,0,0,1,Pedestrian
2,298.0,1584.0,346.0,1709.0,443,0,0,1,Pedestrian
2,298.0,1584.0,346.0,1709.0,444,0,0,1,Pedestrian
2,298.0,1584.0,346.0,1709.0,445,0,0,1,Pedestrian
2,298.0,1580.0,346.0,1705.0,446,0,0,1,Pedestrian
2,298.0,1580.0,346.0,1705.0,447,0,0,1,Pedestrian
2,298.0,1580.0,346.0,1705.0,448,0,0,1,Pedestrian
2,298.0,1580.0,346.0,1705.0,449,0,0,1,Pedestrian
2,298.0,1576.0,346.0,1701.0,450,0,0,1,Pedestrian
2,298.0,1576.0,346.0,1701.0,451,0,0,1,Pedestrian
2,298.0,1576.0,346.0,1701.0,452,0,0,1,Pedestrian
2,298.0,1576.0,346.0,1701.0,453,0,0,1,Pedestrian
2,298.0,1572.0,346.0,1697.0,454,0,0,1,Pedestrian
2,298.0,1572.0,346.0,1697.0,455,0,0,1,Pedestrian
2,298.0,1572.0,346.0,1697.0,456,0,0,1,Pedestrian
2,298.0,1572.0,346.0,1697.0,457,0,0,1,Pedestrian
2,298.0,1568.0,346.0,1693.0,458,0,0,1,Pedestrian
2,298.0,1568.0,346.0,1693.0,459,0,0,1,Pedestrian
2,298.0,1568.0,346.0,1693.0,460,0,0,1,Pedestrian
2,298.0,1568.0,346.0,1693.0,461,0,0,1,Pedestrian
2,300.0,1564.0,348.0,1689.0,462,0,0,1,Pedestrian
2,300.0,1564.0,348.0,1689.0,463,0,0,1,Pedestrian
2,300.0,1564.0,348.0,1689.0,464,0,0,1,Pedestrian
2,300.0,1564.0,348.0,1689.0,465,0,0,1,Pedestrian
2,300.0,1560.0,348.0,1685.0,466,0,0,1,Pedestrian
2,300.0,1560.0,348.0,1685.0,467,0,0,1,Pedestrian
2,300.0,1560.0,348.0,1685.0,468,0,0,1,Pedestrian
2,300.0,1560.0,348.0,1685.0,469,0,0,1,Pedestrian
2,300.0,1556.0,348.0,1681.0,470,0,0,1,Pedestrian
2,300.0,1556.0,348.0,1681.0,471,0,0,1,Pedestrian
2,300.0,1556.0,348.0,1681.0,472,0,0,1,Pedestrian
2,300.0,1552.0,348.0,1677.0,473,0,0,1,Pedestrian
2,300.0,1552.0,348.0,1677.0,474,0,0,1,Pedestrian
2,300.0,1552.0,348.0,1677.0,475,0,0,1,Pedestrian
2,300.0,1552.0,348.0,1677.0,476,0,0,1,Pedestrian
2,300.0,1547.0,348.0,1673.0,477,0,0,1,Pedestrian
2,300.0,1547.0,348.0,1673.0,478,0,0,1,Pedestrian
2,300.0,1547.0,348.0,1673.0,479,0,0,1,Pedestrian
2,300.0,1547.0,348.0,1673.0,480,0,0,1,Pedestrian
2,300.0,1543.0,348.0,1669.0,481,0,0,1,Pedestrian
2,300.0,1543.0,348.0,1669.0,482,0,0,1,Pedestrian
2,300.0,1543.0,348.0,1669.0,483,0,0,1,Pedestrian
2,300.0,1543.0,348.0,1669.0,484,0,0,1,Pedestrian
2,300.0,1539.0,348.0,1665.0,485,0,0,1,Pedestrian
2,300.0,1539.0,348.0,1665.0,486,0,0,1,Pedestrian
2,300.0,1539.0,348.0,1665.0,487,0,0,1,Pedestrian
2,300.0,1539.0,348.0,1665.0,488,0,0,1,Pedestrian
2,300.0,1535.0,348.0,1661.0,489,0,0,1,Pedestrian
2,300.0,1535.0,348.0,1661.0,490,0,0,1,Pedestrian
2,300.0,1535.0,348.0,1661.0,491,0,0,1,Pedestrian
2,300.0,1535.0,348.0,1661.0,492,0,0,1,Pedestrian
2,300.0,1531.0,348.0,1657.0,493,0,0,1,Pedestrian
2,300.0,1531.0,348.0,1657.0,494,0,0,1,Pedestrian
2,300.0,1531.0,348.0,1657.0,495,0,0,1,Pedestrian
2,300.0,1531.0,348.0,1657.0,496,0,0,1,Pedestrian
2,300.0,1527.0,348.0,1653.0,497,0,0,1,Pedestrian
2,300.0,1527.0,348.0,1653.0,498,0,0,1,Pedestrian
2,300.0,1527.0,348.0,1653.0,499,0,0,1,Pedestrian
2,301.0,1527.0,350.0,1653.0,500,0,0,0,Pedestrian
2,300.0,1523.0,348.0,1649.0,501,0,0,1,Pedestrian
2,300.0,1523.0,348.0,1649.0,502,0,0,1,Pedestrian
2,300.0,1523.0,348.0,1649.0,503,0,0,1,Pedestrian
2,300.0,1523.0,348.0,1644.0,504,0,0,1,Pedestrian
2,300.0,1523.0,348.0,1644.0,505,0,0,1,Pedestrian
2,300.0,1519.0,348.0,1644.0,506,0,0,1,Pedestrian
2,300.0,1519.0,348.0,1640.0,507,0,0,1,Pedestrian
2,300.0,1519.0,348.0,1640.0,508,0,0,1,Pedestrian
2,300.0,1519.0,348.0,1640.0,509,0,0,1,Pedestrian
2,300.0,1519.0,348.0,1636.0,510,0,0,1,Pedestrian
2,298.0,1519.0,348.0,1636.0,511,0,0,1,Pedestrian
2,298.0,1515.0,348.0,1636.0,512,0,0,1,Pedestrian
2,298.0,1515.0,348.0,1632.0,513,0,0,1,Pedestrian
2,298.0,1515.0,348.0,1632.0,514,0,0,1,Pedestrian
2,298.0,1515.0,348.0,1632.0,515,0,0,1,Pedestrian
2,298.0,1515.0,348.0,1628.0,516,0,0,1,Pedestrian
2,298.0,1511.0,348.0,1628.0,517,0,0,1,Pedestrian
2,298.0,1511.0,348.0,1628.0,518,0,0,1,Pedestrian
2,298.0,1511.0,346.0,1624.0,519,0,0,1,Pedestrian
2,298.0,1511.0,346.0,1624.0,520,0,0,1,Pedestrian
2,296.0,1511.0,346.0,1624.0,521,0,0,1,Pedestrian
2,296.0,1511.0,346.0,1620.0,522,0,0,1,Pedestrian
2,296.0,1507.0,346.0,1620.0,523,0,0,1,Pedestrian
2,296.0,1507.0,346.0,1620.0,524,0,0,1,Pedestrian
2,296.0,1507.0,346.0,1616.0,525,0,0,1,Pedestrian
2,296.0,1507.0,346.0,1616.0,526,0,0,1,Pedestrian
2,296.0,1507.0,346.0,1616.0,527,0,0,1,Pedestrian
2,296.0,1507.0,346.0,1612.0,528,0,0,1,Pedestrian
2,296.0,1503.0,346.0,1612.0,529,0,0,1,Pedestrian
2,296.0,1503.0,346.0,1612.0,530,0,0,1,Pedestrian
2,296.0,1503.0,346.0,1608.0,531,0,0,1,Pedestrian
2,294.0,1503.0,346.0,1608.0,532,0,0,1,Pedestrian
2,294.0,1503.0,346.0,1608.0,533,0,0,1,Pedestrian
2,294.0,1499.0,346.0,1604.0,534,0,0,1,Pedestrian
2,294.0,1499.0,346.0,1604.0,535,0,0,1,Pedestrian
2,294.0,1499.0,346.0,1604.0,536,0,0,1,Pedestrian
2,294.0,1499.0,345.0,1600.0,537,0,0,1,Pedestrian
2,294.0,1499.0,345.0,1600.0,538,0,0,1,Pedestrian
2,294.0,1499.0,345.0,1600.0,539,0,0,1,Pedestrian
2,294.0,1495.0,345.0,1596.0,540,0,0,1,Pedestrian
2,294.0,1495.0,345.0,1596.0,541,0,0,1,Pedestrian
2,292.0,1495.0,345.0,1596.0,542,0,0,1,Pedestrian
2,292.0,1495.0,345.0,1592.0,543,0,0,1,Pedestrian
2,292.0,1495.0,345.0,1592.0,544,0,0,1,Pedestrian
2,292.0,1491.0,345.0,1592.0,545,0,0,1,Pedestrian
2,292.0,1491.0,345.0,1588.0,546,0,0,1,Pedestrian
2,292.0,1491.0,345.0,1588.0,547,0,0,1,Pedestrian
2,292.0,1491.0,345.0,1588.0,548,0,0,1,Pedestrian
2,292.0,1491.0,345.0,1584.0,549,0,0,1,Pedestrian
2,292.0,1491.0,345.0,1584.0,550,0,0,1,Pedestrian
2,292.0,1487.0,345.0,1584.0,551,0,0,1,Pedestrian
2,292.0,1487.0,345.0,1580.0,552,0,0,1,Pedestrian
2,290.0,1487.0,345.0,1580.0,553,0,0,1,Pedestrian
2,290.0,1487.0,345.0,1580.0,554,0,0,1,Pedestrian
2,290.0,1487.0,343.0,1576.0,555,0,0,1,Pedestrian
2,290.0,1487.0,343.0,1576.0,556,0,0,1,Pedestrian
2,290.0,1483.0,343.0,1576.0,557,0,0,1,Pedestrian
2,290.0,1483.0,343.0,1572.0,558,0,0,1,Pedestrian
2,290.0,1483.0,343.0,1572.0,559,0,0,1,Pedestrian
2,290.0,1483.0,343.0,1572.0,560,0,0,1,Pedestrian
2,290.0,1483.0,343.0,1568.0,561,0,0,1,Pedestrian
2,290.0,1479.0,343.0,1568.0,562,0,0,1,Pedestrian
2,288.0,1479.0,343.0,1568.0,563,0,0,1,Pedestrian
2,288.0,1479.0,343.0,1564.0,564,0,0,1,Pedestrian
2,288.0,1479.0,343.0,1564.0,565,0,0,1,Pedestrian
2,288.0,1479.0,343.0,1564.0,566,0,0,1,Pedestrian
2,288.0,1479.0,343.0,1560.0,567,0,0,1,Pedestrian
2,288.0,1475.0,343.0,1560.0,568,0,0,1,Pedestrian
2,288.0,1475.0,343.0,1560.0,569,0,0,1,Pedestrian
2,288.0,1475.0,343.0,1556.0,570,0,0,1,Pedestrian
2,288.0,1475.0,343.0,1556.0,571,0,0,1,Pedestrian
2,288.0,1475.0,343.0,1556.0,572,0,0,1,Pedestrian
2,288.0,1475.0,343.0,1556.0,573,0,0,0,Pedestrian
3,151.0,832.0,206.0,913.0,0,0,0,0,Pedestrian
3,151.0,832.0,206.0,913.0,1,0,0,1,Pedestrian
3,153.0,832.0,208.0,913.0,2,0,0,1,Pedestrian
3,153.0,832.0,210.0,913.0,3,0,0,1,Pedestrian
3,155.0,832.0,210.0,913.0,4,0,0,1,Pedestrian
3,157.0,832.0,211.0,913.0,5,0,0,1,Pedestrian
3,157.0,832.0,213.0,913.0,6,0,0,1,Pedestrian
3,159.0,832.0,213.0,913.0,7,0,0,1,Pedestrian
3,161.0,832.0,215.0,913.0,8,0,0,1,Pedestrian
3,161.0,832.0,217.0,913.0,9,0,0,1,Pedestrian
3,163.0,832.0,219.0,913.0,10,0,0,1,Pedestrian
3,163.0,832.0,219.0,913.0,11,0,0,1,Pedestrian
3,165.0,832.0,221.0,913.0,12,0,0,1,Pedestrian
3,166.0,832.0,223.0,913.0,13,0,0,1,Pedestrian
3,166.0,832.0,223.0,913.0,14,0,0,1,Pedestrian
3,168.0,832.0,225.0,913.0,15,0,0,1,Pedestrian
3,170.0,832.0,226.0,913.0,16,0,0,1,Pedestrian
3,170.0,832.0,228.0,913.0,17,0,0,1,Pedestrian
3,172.0,832.0,228.0,913.0,18,0,0,1,Pedestrian
3,172.0,832.0,230.0,913.0,19,0,0,1,Pedestrian
3,174.0,832.0,232.0,913.0,20,0,0,1,Pedestrian
3,176.0,832.0,232.0,913.0,21,0,0,1,Pedestrian
3,176.0,832.0,234.0,913.0,22,0,0,1,Pedestrian
3,178.0,832.0,236.0,913.0,23,0,0,1,Pedestrian
3,180.0,832.0,236.0,913.0,24,0,0,1,Pedestrian
3,180.0,832.0,238.0,913.0,25,0,0,1,Pedestrian
3,181.0,832.0,240.0,913.0,26,0,0,1,Pedestrian
3,181.0,832.0,241.0,913.0,27,0,0,1,Pedestrian
3,183.0,832.0,241.0,913.0,28,0,0,1,Pedestrian
3,185.0,832.0,243.0,913.0,29,0,0,1,Pedestrian
3,185.0,832.0,245.0,913.0,30,0,0,1,Pedestrian
3,187.0,832.0,245.0,913.0,31,0,0,1,Pedestrian
3,189.0,832.0,247.0,913.0,32,0,0,1,Pedestrian
3,189.0,832.0,249.0,913.0,33,0,0,1,Pedestrian
3,191.0,832.0,251.0,913.0,34,0,0,1,Pedestrian
3,191.0,832.0,251.0,913.0,35,0,0,1,Pedestrian
3,193.0,832.0,253.0,913.0,36,0,0,1,Pedestrian
3,195.0,832.0,255.0,913.0,37,0,0,1,Pedestrian
3,195.0,832.0,255.0,913.0,38,0,0,1,Pedestrian
3,196.0,832.0,256.0,913.0,39,0,0,1,Pedestrian
3,198.0,832.0,258.0,913.0,40,0,0,1,Pedestrian
3,198.0,832.0,258.0,913.0,41,0,0,1,Pedestrian
3,200.0,832.0,260.0,913.0,42,0,0,1,Pedestrian
3,200.0,832.0,262.0,913.0,43,0,0,1,Pedestrian
3,202.0,832.0,264.0,913.0,44,0,0,1,Pedestrian
3,204.0,832.0,264.0,913.0,45,0,0,1,Pedestrian
3,204.0,832.0,266.0,913.0,46,0,0,1,Pedestrian
3,206.0,832.0,268.0,913.0,47,0,0,1,Pedestrian
3,208.0,832.0,268.0,913.0,48,0,0,1,Pedestrian
3,208.0,832.0,270.0,913.0,49,0,0,1,Pedestrian
3,210.0,832.0,271.0,913.0,50,0,0,1,Pedestrian
3,210.0,832.0,273.0,913.0,51,0,0,1,Pedestrian
3,211.0,832.0,273.0,913.0,52,0,0,1,Pedestrian
3,213.0,832.0,275.0,913.0,53,0,0,1,Pedestrian
3,213.0,832.0,277.0,913.0,54,0,0,1,Pedestrian
3,215.0,832.0,277.0,913.0,55,0,0,1,Pedestrian
3,217.0,832.0,279.0,913.0,56,0,0,1,Pedestrian
3,217.0,832.0,281.0,913.0,57,0,0,1,Pedestrian
3,219.0,832.0,281.0,913.0,58,0,0,1,Pedestrian
3,219.0,832.0,283.0,913.0,59,0,0,1,Pedestrian
3,221.0,832.0,285.0,913.0,60,0,0,1,Pedestrian
3,223.0,832.0,286.0,913.0,61,0,0,1,Pedestrian
3,223.0,832.0,286.0,913.0,62,0,0,1,Pedestrian
3,225.0,832.0,288.0,913.0,63,0,0,1,Pedestrian
3,226.0,832.0,290.0,913.0,64,0,0,1,Pedestrian
3,226.0,832.0,290.0,913.0,65,0,0,1,Pedestrian
3,228.0,832.0,292.0,913.0,66,0,0,1,Pedestrian
3,228.0,832.0,294.0,913.0,67,0,0,1,Pedestrian
3,230.0,832.0,296.0,913.0,68,0,0,1,Pedestrian
3,232.0,832.0,296.0,913.0,69,0,0,1,Pedestrian
3,232.0,832.0,298.0,913.0,70,0,0,1,Pedestrian
3,234.0,832.0,300.0,913.0,71,0,0,1,Pedestrian
3,236.0,832.0,300.0,913.0,72,0,0,1,Pedestrian
3,236.0,832.0,301.0,913.0,73,0,0,1,Pedestrian
3,238.0,832.0,303.0,913.0,74,0,0,1,Pedestrian
3,240.0,832.0,305.0,913.0,75,0,0,0,Pedestrian
3,240.0,832.0,305.0,913.0,76,0,0,1,Pedestrian
3,240.0,832.0,307.0,913.0,77,0,0,1,Pedestrian
3,241.0,832.0,307.0,913.0,78,0,0,1,Pedestrian
3,241.0,832.0,309.0,913.0,79,0,0,1,Pedestrian
3,243.0,832.0,309.0,913.0,80,0,0,1,Pedestrian
3,243.0,832.0,311.0,913.0,81,0,0,1,Pedestrian
3,245.0,832.0,311.0,913.0,82,0,0,1,Pedestrian
3,245.0,832.0,313.0,913.0,83,0,0,1,Pedestrian
3,245.0,832.0,313.0,913.0,84,0,0,1,Pedestrian
3,247.0,832.0,315.0,913.0,85,0,0,1,Pedestrian
3,247.0,832.0,315.0,913.0,86,0,0,1,Pedestrian
3,249.0,832.0,316.0,913.0,87,0,0,1,Pedestrian
3,249.0,832.0,316.0,913.0,88,0,0,1,Pedestrian
3,251.0,832.0,318.0,913.0,89,0,0,1,Pedestrian
3,251.0,832.0,318.0,913.0,90,0,0,1,Pedestrian
3,253.0,832.0,320.0,913.0,91,0,0,1,Pedestrian
3,253.0,832.0,320.0,913.0,92,0,0,1,Pedestrian
3,253.0,832.0,322.0,913.0,93,0,0,1,Pedestrian
3,255.0,832.0,322.0,913.0,94,0,0,1,Pedestrian
3,255.0,832.0,324.0,913.0,95,0,0,1,Pedestrian
3,256.0,832.0,324.0,913.0,96,0,0,1,Pedestrian
3,256.0,832.0,326.0,913.0,97,0,0,1,Pedestrian
3,258.0,832.0,326.0,913.0,98,0,0,1,Pedestrian
3,258.0,832.0,328.0,913.0,99,0,0,1,Pedestrian
3,258.0,832.0,328.0,913.0,100,0,0,1,Pedestrian
3,260.0,832.0,330.0,913.0,101,0,0,1,Pedestrian
3,260.0,832.0,330.0,913.0,102,0,0,1,Pedestrian
3,262.0,832.0,331.0,913.0,103,0,0,1,Pedestrian
3,262.0,832.0,331.0,913.0,104,0,0,1,Pedestrian
3,264.0,832.0,333.0,913.0,105,0,0,1,Pedestrian
3,264.0,832.0,333.0,913.0,106,0,0,1,Pedestrian
3,266.0,832.0,335.0,913.0,107,0,0,1,Pedestrian
3,266.0,832.0,335.0,913.0,108,0,0,1,Pedestrian
3,266.0,832.0,337.0,913.0,109,0,0,1,Pedestrian
3,268.0,836.0,337.0,917.0,110,0,0,1,Pedestrian
3,268.0,836.0,339.0,917.0,111,0,0,1,Pedestrian
3,270.0,836.0,339.0,917.0,112,0,0,1,Pedestrian
3,270.0,836.0,341.0,917.0,113,0,0,1,Pedestrian
3,271.0,836.0,341.0,917.0,114,0,0,1,Pedestrian
3,271.0,836.0,343.0,917.0,115,0,0,1,Pedestrian
3,271.0,836.0,343.0,917.0,116,0,0,1,Pedestrian
3,273.0,836.0,345.0,917.0,117,0,0,1,Pedestrian
3,273.0,836.0,345.0,917.0,118,0,0,1,Pedestrian
3,275.0,836.0,346.0,917.0,119,0,0,1,Pedestrian
3,275.0,836.0,346.0,917.0,120,0,0,1,Pedestrian
3,277.0,836.0,348.0,917.0,121,0,0,1,Pedestrian
3,277.0,836.0,348.0,917.0,122,0,0,1,Pedestrian
3,279.0,836.0,350.0,917.0,123,0,0,1,Pedestrian
3,279.0,836.0,350.0,917.0,124,0,0,1,Pedestrian
3,279.0,836.0,352.0,917.0,125,0,0,1,Pedestrian
3,281.0,836.0,352.0,917.0,126,0,0,1,Pedestrian
3,281.0,836.0,354.0,917.0,127,0,0,1,Pedestrian
3,283.0,836.0,354.0,917.0,128,0,0,1,Pedestrian
3,283.0,836.0,356.0,917.0,129,0,0,1,Pedestrian
3,285.0,836.0,356.0,917.0,130,0,0,1,Pedestrian
3,285.0,836.0,358.0,917.0,131,0,0,1,Pedestrian
3,285.0,836.0,358.0,917.0,132,0,0,1,Pedestrian
3,286.0,836.0,360.0,917.0,133,0,0,1,Pedestrian
3,286.0,836.0,360.0,917.0,134,0,0,1,Pedestrian
3,288.0,836.0,361.0,917.0,135,0,0,1,Pedestrian
3,288.0,836.0,361.0,917.0,136,0,0,1,Pedestrian
3,290.0,836.0,363.0,917.0,137,0,0,1,Pedestrian
3,290.0,836.0,363.0,917.0,138,0,0,1,Pedestrian
3,292.0,836.0,365.0,917.0,139,0,0,1,Pedestrian
3,292.0,836.0,365.0,917.0,140,0,0,1,Pedestrian
3,292.0,836.0,367.0,917.0,141,0,0,1,Pedestrian
3,294.0,836.0,367.0,917.0,142,0,0,1,Pedestrian
3,294.0,836.0,369.0,917.0,143,0,0,1,Pedestrian
3,296.0,836.0,369.0,917.0,144,0,0,1,Pedestrian
3,296.0,840.0,371.0,921.0,145,0,0,1,Pedestrian
3,298.0,840.0,371.0,921.0,146,0,0,1,Pedestrian
3,298.0,840.0,373.0,921.0,147,0,0,1,Pedestrian
3,298.0,840.0,373.0,921.0,148,0,0,1,Pedestrian
3,300.0,840.0,375.0,921.0,149,0,0,1,Pedestrian
3,300.0,840.0,375.0,921.0,150,0,0,1,Pedestrian
3,301.0,840.0,376.0,921.0,151,0,0,1,Pedestrian
3,301.0,840.0,376.0,921.0,152,0,0,1,Pedestrian
3,303.0,840.0,378.0,921.0,153,0,0,1,Pedestrian
3,303.0,840.0,378.0,921.0,154,0,0,1,Pedestrian
3,305.0,840.0,380.0,921.0,155,0,0,1,Pedestrian
3,305.0,840.0,380.0,921.0,156,0,0,1,Pedestrian
3,305.0,840.0,382.0,921.0,157,0,0,1,Pedestrian
3,307.0,840.0,382.0,921.0,158,0,0,1,Pedestrian
3,307.0,840.0,384.0,921.0,159,0,0,1,Pedestrian
3,309.0,840.0,384.0,921.0,160,0,0,1,Pedestrian
3,309.0,840.0,386.0,921.0,161,0,0,1,Pedestrian
3,311.0,840.0,386.0,921.0,162,0,0,1,Pedestrian
3,311.0,840.0,388.0,921.0,163,0,0,1,Pedestrian
3,311.0,840.0,388.0,921.0,164,0,0,1,Pedestrian
3,313.0,840.0,390.0,921.0,165,0,0,1,Pedestrian
3,313.0,840.0,390.0,921.0,166,0,0,1,Pedestrian
3,315.0,840.0,391.0,921.0,167,0,0,1,Pedestrian
3,315.0,840.0,391.0,921.0,168,0,0,1,Pedestrian
3,316.0,840.0,393.0,921.0,169,0,0,1,Pedestrian
3,316.0,840.0,393.0,921.0,170,0,0,1,Pedestrian
3,318.0,840.0,395.0,921.0,171,0,0,1,Pedestrian
3,318.0,840.0,395.0,921.0,172,0,0,1,Pedestrian
3,318.0,840.0,397.0,921.0,173,0,0,1,Pedestrian
3,320.0,840.0,397.0,921.0,174,0,0,1,Pedestrian
3,320.0,840.0,399.0,921.0,175,0,0,1,Pedestrian
3,322.0,840.0,399.0,921.0,176,0,0,1,Pedestrian
3,322.0,840.0,401.0,921.0,177,0,0,1,Pedestrian
3,324.0,840.0,401.0,921.0,178,0,0,1,Pedestrian
3,324.0,840.0,403.0,921.0,179,0,0,1,Pedestrian
3,326.0,844.0,405.0,925.0,180,0,0,0,Pedestrian
3,326.0,844.0,405.0,925.0,181,0,0,1,Pedestrian
3,326.0,844.0,405.0,925.0,182,0,0,1,Pedestrian
3,328.0,844.0,406.0,925.0,183,0,0,1,Pedestrian
3,328.0,844.0,406.0,925.0,184,0,0,1,Pedestrian
3,330.0,844.0,406.0,925.0,185,0,0,1,Pedestrian
3,330.0,844.0,408.0,925.0,186,0,0,1,Pedestrian
3,331.0,844.0,408.0,925.0,187,0,0,1,Pedestrian
3,331.0,844.0,410.0,925.0,188,0,0,1,Pedestrian
3,333.0,844.0,410.0,925.0,189,0,0,1,Pedestrian
3,333.0,844.0,410.0,925.0,190,0,0,1,Pedestrian
3,335.0,844.0,412.0,925.0,191,0,0,1,Pedestrian
3,335.0,844.0,412.0,925.0,192,0,0,1,Pedestrian
3,337.0,844.0,412.0,925.0,193,0,0,1,Pedestrian
3,337.0,844.0,414.0,925.0,194,0,0,1,Pedestrian
3,339.0,844.0,414.0,925.0,195,0,0,1,Pedestrian
3,339.0,844.0,416.0,925.0,196,0,0,1,Pedestrian
3,339.0,844.0,416.0,925.0,197,0,0,1,Pedestrian
3,341.0,844.0,416.0,925.0,198,0,0,1,Pedestrian
3,341.0,844.0,418.0,925.0,199,0,0,1,Pedestrian
3,343.0,844.0,418.0,925.0,200,0,0,1,Pedestrian
3,343.0,844.0,420.0,925.0,201,0,0,1,Pedestrian
3,345.0,844.0,420.0,925.0,202,0,0,1,Pedestrian
3,345.0,844.0,420.0,925.0,203,0,0,1,Pedestrian
3,346.0,844.0,421.0,925.0,204,0,0,1,Pedestrian
3,346.0,844.0,421.0,925.0,205,0,0,1,Pedestrian
3,348.0,844.0,421.0,925.0,206,0,0,1,Pedestrian
3,348.0,844.0,423.0,925.0,207,0,0,1,Pedestrian
3,350.0,844.0,423.0,925.0,208,0,0,1,Pedestrian
3,350.0,844.0,425.0,925.0,209,0,0,1,Pedestrian
3,352.0,844.0,425.0,925.0,210,0,0,1,Pedestrian
3,352.0,844.0,425.0,925.0,211,0,0,1,Pedestrian
3,352.0,844.0,427.0,925.0,212,0,0,1,Pedestrian
3,354.0,844.0,427.0,925.0,213,0,0,1,Pedestrian
3,354.0,844.0,429.0,925.0,214,0,0,1,Pedestrian
3,356.0,844.0,429.0,925.0,215,0,0,1,Pedestrian
3,356.0,844.0,429.0,925.0,216,0,0,1,Pedestrian
3,358.0,844.0,431.0,925.0,217,0,0,1,Pedestrian
3,358.0,844.0,431.0,925.0,218,0,0,1,Pedestrian
3,360.0,844.0,431.0,925.0,219,0,0,1,Pedestrian
3,360.0,844.0,433.0,925.0,220,0,0,1,Pedestrian
3,361.0,844.0,433.0,925.0,221,0,0,1,Pedestrian
3,361.0,844.0,435.0,925.0,222,0,0,1,Pedestrian
3,363.0,844.0,435.0,925.0,223,0,0,1,Pedestrian
3,363.0,844.0,435.0,925.0,224,0,0,1,Pedestrian
3,365.0,844.0,436.0,925.0,225,0,0,1,Pedestrian
3,365.0,844.0,436.0,925.0,226,0,0,1,Pedestrian
3,365.0,844.0,438.0,925.0,227,0,0,1,Pedestrian
3,367.0,844.0,438.0,925.0,228,0,0,1,Pedestrian
3,367.0,844.0,438.0,925.0,229,0,0,1,Pedestrian
3,369.0,844.0,440.0,925.0,230,0,0,1,Pedestrian
3,369.0,844.0,440.0,925.0,231,0,0,1,Pedestrian
3,371.0,844.0,440.0,925.0,232,0,0,1,Pedestrian
3,371.0,844.0,442.0,925.0,233,0,0,1,Pedestrian
3,373.0,844.0,442.0,925.0,234,0,0,1,Pedestrian
3,373.0,844.0,444.0,925.0,235,0,0,1,Pedestrian
3,375.0,844.0,444.0,925.0,236,0,0,1,Pedestrian
3,375.0,844.0,444.0,925.0,237,0,0,1,Pedestrian
3,376.0,844.0,446.0,925.0,238,0,0,1,Pedestrian
3,376.0,844.0,446.0,925.0,239,0,0,1,Pedestrian
3,378.0,844.0,448.0,929.0,240,0,0,1,Pedestrian
3,378.0,844.0,448.0,929.0,241,0,0,1,Pedestrian
3,378.0,844.0,448.0,929.0,242,0,0,1,Pedestrian
3,380.0,844.0,450.0,929.0,243,0,0,1,Pedestrian
3,380.0,844.0,450.0,929.0,244,0,0,1,Pedestrian
3,382.0,844.0,450.0,929.0,245,0,0,1,Pedestrian
3,382.0,844.0,451.0,929.0,246,0,0,1,Pedestrian
3,384.0,844.0,451.0,929.0,247,0,0,1,Pedestrian
3,384.0,844.0,453.0,929.0,248,0,0,1,Pedestrian
3,386.0,844.0,453.0,929.0,249,0,0,1,Pedestrian
3,386.0,844.0,453.0,929.0,250,0,0,1,Pedestrian
3,388.0,844.0,455.0,929.0,251,0,0,1,Pedestrian
3,388.0,844.0,455.0,929.0,252,0,0,1,Pedestrian
3,390.0,844.0,455.0,929.0,253,0,0,1,Pedestrian
3,390.0,844.0,457.0,929.0,254,0,0,1,Pedestrian
3,391.0,844.0,457.0,929.0,255,0,0,1,Pedestrian
3,391.0,844.0,459.0,929.0,256,0,0,1,Pedestrian
3,391.0,844.0,459.0,929.0,257,0,0,1,Pedestrian
3,393.0,844.0,459.0,929.0,258,0,0,1,Pedestrian
3,393.0,844.0,461.0,929.0,259,0,0,1,Pedestrian
3,395.0,844.0,461.0,929.0,260,0,0,1,Pedestrian
3,395.0,844.0,463.0,929.0,261,0,0,1,Pedestrian
3,397.0,844.0,463.0,929.0,262,0,0,1,Pedestrian
3,397.0,844.0,463.0,929.0,263,0,0,1,Pedestrian
3,399.0,844.0,465.0,929.0,264,0,0,1,Pedestrian
3,399.0,844.0,465.0,929.0,265,0,0,1,Pedestrian
3,401.0,844.0,465.0,929.0,266,0,0,1,Pedestrian
3,401.0,844.0,466.0,929.0,267,0,0,1,Pedestrian
3,403.0,844.0,466.0,929.0,268,0,0,1,Pedestrian
3,403.0,844.0,468.0,929.0,269,0,0,1,Pedestrian
3,405.0,844.0,468.0,929.0,270,0,0,1,Pedestrian
3,405.0,844.0,468.0,929.0,271,0,0,1,Pedestrian
3,405.0,844.0,470.0,929.0,272,0,0,1,Pedestrian
3,406.0,844.0,470.0,929.0,273,0,0,1,Pedestrian
3,406.0,844.0,472.0,929.0,274,0,0,1,Pedestrian
3,408.0,844.0,472.0,929.0,275,0,0,1,Pedestrian
3,408.0,844.0,472.0,929.0,276,0,0,1,Pedestrian
3,410.0,844.0,474.0,929.0,277,0,0,1,Pedestrian
3,410.0,844.0,474.0,929.0,278,0,0,1,Pedestrian
3,412.0,844.0,474.0,929.0,279,0,0,1,Pedestrian
3,412.0,844.0,476.0,929.0,280,0,0,1,Pedestrian
3,414.0,844.0,476.0,929.0,281,0,0,1,Pedestrian
3,414.0,844.0,478.0,929.0,282,0,0,1,Pedestrian
3,416.0,844.0,478.0,929.0,283,0,0,1,Pedestrian
3,416.0,844.0,478.0,929.0,284,0,0,1,Pedestrian
3,418.0,844.0,480.0,929.0,285,0,0,1,Pedestrian
3,418.0,844.0,480.0,929.0,286,0,0,1,Pedestrian
3,418.0,844.0,481.0,929.0,287,0,0,1,Pedestrian
3,420.0,844.0,481.0,929.0,288,0,0,1,Pedestrian
3,420.0,844.0,481.0,929.0,289,0,0,1,Pedestrian
3,421.0,844.0,483.0,929.0,290,0,0,1,Pedestrian
3,421.0,844.0,483.0,929.0,291,0,0,1,Pedestrian
3,423.0,844.0,483.0,929.0,292,0,0,1,Pedestrian
3,423.0,844.0,485.0,929.0,293,0,0,1,Pedestrian
3,425.0,844.0,485.0,929.0,294,0,0,1,Pedestrian
3,425.0,844.0,487.0,929.0,295,0,0,1,Pedestrian
3,427.0,844.0,487.0,929.0,296,0,0,1,Pedestrian
3,427.0,844.0,487.0,929.0,297,0,0,1,Pedestrian
3,429.0,844.0,489.0,929.0,298,0,0,1,Pedestrian
3,429.0,844.0,489.0,929.0,299,0,0,1,Pedestrian
3,431.0,844.0,491.0,933.0,300,0,0,0,Pedestrian
3,433.0,844.0,493.0,933.0,301,0,0,1,Pedestrian
3,435.0,844.0,495.0,933.0,302,0,0,1,Pedestrian
3,436.0,844.0,496.0,933.0,303,0,0,1,Pedestrian
3,438.0,844.0,498.0,933.0,304,0,0,1,Pedestrian
3,442.0,844.0,500.0,933.0,305,0,0,1,Pedestrian
3,444.0,844.0,502.0,933.0,306,0,0,1,Pedestrian
3,446.0,844.0,504.0,933.0,307,0,0,1,Pedestrian
3,448.0,844.0,506.0,933.0,308,0,0,1,Pedestrian
3,450.0,844.0,508.0,933.0,309,0,0,1,Pedestrian
3,453.0,844.0,511.0,933.0,310,0,0,0,Pedestrian
3,453.0,844.0,511.0,933.0,311,0,0,1,Pedestrian
3,453.0,844.0,511.0,933.0,312,0,0,1,Pedestrian
3,453.0,844.0,511.0,933.0,313,0,0,1,Pedestrian
3,453.0,844.0,511.0,933.0,314,0,0,1,Pedestrian
3,455.0,844.0,511.0,933.0,315,0,0,1,Pedestrian
3,455.0,844.0,511.0,933.0,316,0,0,1,Pedestrian
3,455.0,844.0,511.0,933.0,317,0,0,1,Pedestrian
3,455.0,844.0,511.0,933.0,318,0,0,1,Pedestrian
3,455.0,844.0,511.0,933.0,319,0,0,1,Pedestrian
3,457.0,844.0,513.0,933.0,320,0,0,0,Pedestrian
3,457.0,844.0,513.0,933.0,321,0,0,1,Pedestrian
3,459.0,844.0,515.0,933.0,322,0,0,1,Pedestrian
3,461.0,844.0,517.0,933.0,323,0,0,1,Pedestrian
3,463.0,844.0,519.0,933.0,324,0,0,1,Pedestrian
3,465.0,844.0,521.0,933.0,325,0,0,1,Pedestrian
3,465.0,844.0,521.0,933.0,326,0,0,1,Pedestrian
3,466.0,844.0,523.0,933.0,327,0,0,1,Pedestrian
3,468.0,844.0,525.0,933.0,328,0,0,1,Pedestrian
3,470.0,844.0,526.0,933.0,329,0,0,1,Pedestrian
3,472.0,844.0,528.0,933.0,330,0,0,0,Pedestrian
3,472.0,844.0,528.0,933.0,331,0,0,1,Pedestrian
3,472.0,844.0,528.0,933.0,332,0,0,1,Pedestrian
3,474.0,844.0,528.0,933.0,333,0,0,1,Pedestrian
3,474.0,844.0,530.0,933.0,334,0,0,1,Pedestrian
3,476.0,844.0,530.0,933.0,335,0,0,1,Pedestrian
3,476.0,844.0,530.0,933.0,336,0,0,1,Pedestrian
3,476.0,844.0,532.0,933.0,337,0,0,1,Pedestrian
3,478.0,844.0,532.0,933.0,338,0,0,1,Pedestrian
3,478.0,844.0,532.0,933.0,339,0,0,1,Pedestrian
3,480.0,844.0,534.0,933.0,340,0,0,0,Pedestrian
3,480.0,844.0,534.0,933.0,341,0,0,1,Pedestrian
3,480.0,848.0,534.0,937.0,342,0,0,1,Pedestrian
3,480.0,848.0,534.0,937.0,343,0,0,1,Pedestrian
3,481.0,852.0,536.0,941.0,344,0,0,1,Pedestrian
3,481.0,856.0,536.0,945.0,345,0,0,1,Pedestrian
3,481.0,856.0,536.0,945.0,346,0,0,1,Pedestrian
3,483.0,860.0,538.0,949.0,347,0,0,1,Pedestrian
3,483.0,860.0,538.0,949.0,348,0,0,1,Pedestrian
3,483.0,864.0,538.0,953.0,349,0,0,1,Pedestrian
3,485.0,868.0,540.0,957.0,350,0,0,0,Pedestrian
3,483.0,868.0,538.0,957.0,351,0,0,1,Pedestrian
3,483.0,868.0,538.0,957.0,352,0,0,1,Pedestrian
3,483.0,868.0,538.0,957.0,353,0,0,1,Pedestrian
3,483.0,868.0,538.0,957.0,354,0,0,1,Pedestrian
3,483.0,868.0,538.0,957.0,355,0,0,1,Pedestrian
3,483.0,868.0,538.0,957.0,356,0,0,1,Pedestrian
3,483.0,868.0,538.0,957.0,357,0,0,1,Pedestrian
3,483.0,868.0,538.0,957.0,358,0,0,1,Pedestrian
3,483.0,868.0,538.0,957.0,359,0,0,1,Pedestrian
3,481.0,868.0,538.0,957.0,360,0,0,1,Pedestrian
3,481.0,868.0,536.0,957.0,361,0,0,1,Pedestrian
3,481.0,868.0,536.0,957.0,362,0,0,1,Pedestrian
3,481.0,868.0,536.0,957.0,363,0,0,1,Pedestrian
3,481.0,868.0,536.0,957.0,364,0,0,1,Pedestrian
3,481.0,868.0,536.0,957.0,365,0,0,1,Pedestrian
3,481.0,868.0,536.0,957.0,366,0,0,1,Pedestrian
3,481.0,868.0,536.0,957.0,367,0,0,1,Pedestrian
3,481.0,868.0,536.0,957.0,368,0,0,1,Pedestrian
3,480.0,868.0,536.0,957.0,369,0,0,1,Pedestrian
3,480.0,868.0,536.0,957.0,370,0,0,1,Pedestrian
3,480.0,868.0,534.0,957.0,371,0,0,1,Pedestrian
3,480.0,868.0,534.0,957.0,372,0,0,1,Pedestrian
3,480.0,868.0,534.0,957.0,373,0,0,1,Pedestrian
3,480.0,868.0,534.0,957.0,374,0,0,1,Pedestrian
3,480.0,868.0,534.0,957.0,375,0,0,1,Pedestrian
3,480.0,868.0,534.0,957.0,376,0,0,1,Pedestrian
3,480.0,868.0,534.0,957.0,377,0,0,1,Pedestrian
3,478.0,868.0,534.0,957.0,378,0,0,1,Pedestrian
3,478.0,868.0,534.0,957.0,379,0,0,1,Pedestrian
3,478.0,868.0,534.0,957.0,380,0,0,1,Pedestrian
3,478.0,868.0,532.0,957.0,381,0,0,1,Pedestrian
3,478.0,868.0,532.0,957.0,382,0,0,1,Pedestrian
3,478.0,868.0,532.0,957.0,383,0,0,1,Pedestrian
3,478.0,868.0,532.0,957.0,384,0,0,1,Pedestrian
3,478.0,868.0,532.0,957.0,385,0,0,1,Pedestrian
3,478.0,868.0,532.0,957.0,386,0,0,1,Pedestrian
3,476.0,868.0,532.0,957.0,387,0,0,1,Pedestrian
3,476.0,868.0,532.0,957.0,388,0,0,1,Pedestrian
3,476.0,868.0,532.0,957.0,389,0,0,1,Pedestrian
3,476.0,868.0,532.0,957.0,390,0,0,1,Pedestrian
3,476.0,868.0,530.0,957.0,391,0,0,1,Pedestrian
3,476.0,868.0,530.0,957.0,392,0,0,1,Pedestrian
3,476.0,868.0,530.0,957.0,393,0,0,1,Pedestrian
3,476.0,868.0,530.0,957.0,394,0,0,1,Pedestrian
3,476.0,868.0,530.0,957.0,395,0,0,1,Pedestrian
3,474.0,868.0,530.0,957.0,396,0,0,1,Pedestrian
3,474.0,868.0,530.0,957.0,397,0,0,1,Pedestrian
3,474.0,868.0,530.0,957.0,398,0,0,1,Pedestrian
3,474.0,868.0,530.0,957.0,399,0,0,1,Pedestrian
3,474.0,868.0,530.0,957.0,400,0,0,1,Pedestrian
3,474.0,868.0,528.0,957.0,401,0,0,1,Pedestrian
3,474.0,868.0,528.0,957.0,402,0,0,1,Pedestrian
3,474.0,868.0,528.0,957.0,403,0,0,1,Pedestrian
3,474.0,868.0,528.0,957.0,404,0,0,1,Pedestrian
3,472.0,868.0,528.0,957.0,405,0,0,1,Pedestrian
3,472.0,868.0,528.0,957.0,406,0,0,1,Pedestrian
3,472.0,868.0,528.0,957.0,407,0,0,1,Pedestrian
3,472.0,868.0,528.0,957.0,408,0,0,1,Pedestrian
3,472.0,868.0,528.0,957.0,409,0,0,1,Pedestrian
3,472.0,868.0,528.0,957.0,410,0,0,1,Pedestrian
3,472.0,868.0,526.0,957.0,411,0,0,1,Pedestrian
3,472.0,868.0,526.0,957.0,412,0,0,1,Pedestrian
3,472.0,868.0,526.0,957.0,413,0,0,1,Pedestrian
3,470.0,868.0,526.0,957.0,414,0,0,1,Pedestrian
3,470.0,868.0,526.0,957.0,415,0,0,1,Pedestrian
3,470.0,868.0,526.0,957.0,416,0,0,1,Pedestrian
3,470.0,868.0,526.0,957.0,417,0,0,1,Pedestrian
3,470.0,868.0,526.0,957.0,418,0,0,1,Pedestrian
3,470.0,868.0,526.0,957.0,419,0,0,1,Pedestrian
3,470.0,868.0,526.0,957.0,420,0,0,1,Pedestrian
3,470.0,868.0,525.0,957.0,421,0,0,1,Pedestrian
3,470.0,868.0,525.0,957.0,422,0,0,1,Pedestrian
3,468.0,868.0,525.0,957.0,423,0,0,1,Pedestrian
3,468.0,868.0,525.0,957.0,424,0,0,1,Pedestrian
3,468.0,868.0,525.0,957.0,425,0,0,1,Pedestrian
3,468.0,868.0,525.0,957.0,426,0,0,1,Pedestrian
3,468.0,868.0,525.0,957.0,427,0,0,1,Pedestrian
3,468.0,868.0,525.0,957.0,428,0,0,1,Pedestrian
3,468.0,868.0,525.0,957.0,429,0,0,1,Pedestrian
3,468.0,868.0,525.0,957.0,430,0,0,1,Pedestrian
3,468.0,868.0,523.0,957.0,431,0,0,1,Pedestrian
3,466.0,868.0,523.0,957.0,432,0,0,1,Pedestrian
3,466.0,868.0,523.0,957.0,433,0,0,1,Pedestrian
3,466.0,868.0,523.0,957.0,434,0,0,1,Pedestrian
3,466.0,868.0,523.0,957.0,435,0,0,1,Pedestrian
3,466.0,868.0,523.0,957.0,436,0,0,1,Pedestrian
3,466.0,868.0,523.0,957.0,437,0,0,1,Pedestrian
3,466.0,868.0,523.0,957.0,438,0,0,1,Pedestrian
3,466.0,868.0,523.0,957.0,439,0,0,1,Pedestrian
3,466.0,873.0,523.0,961.0,440,0,0,0,Pedestrian
3,465.0,868.0,521.0,957.0,441,0,0,1,Pedestrian
3,465.0,868.0,521.0,957.0,442,0,0,1,Pedestrian
3,463.0,868.0,519.0,957.0,443,0,0,1,Pedestrian
3,463.0,868.0,519.0,957.0,444,0,0,1,Pedestrian
3,461.0,868.0,517.0,957.0,445,0,0,1,Pedestrian
3,461.0,868.0,517.0,957.0,446,0,0,1,Pedestrian
3,459.0,868.0,515.0,957.0,447,0,0,1,Pedestrian
3,459.0,868.0,515.0,957.0,448,0,0,1,Pedestrian
3,457.0,868.0,513.0,957.0,449,0,0,1,Pedestrian
3,457.0,868.0,513.0,957.0,450,0,0,1,Pedestrian
3,457.0,868.0,513.0,957.0,451,0,0,1,Pedestrian
3,455.0,868.0,511.0,957.0,452,0,0,1,Pedestrian
3,455.0,868.0,511.0,957.0,453,0,0,1,Pedestrian
3,453.0,868.0,510.0,957.0,454,0,0,1,Pedestrian
3,453.0,868.0,510.0,957.0,455,0,0,1,Pedestrian
3,451.0,868.0,508.0,957.0,456,0,0,1,Pedestrian
3,451.0,868.0,508.0,957.0,457,0,0,1,Pedestrian
3,450.0,868.0,506.0,957.0,458,0,0,1,Pedestrian
3,450.0,868.0,506.0,957.0,459,0,0,1,Pedestrian
3,450.0,868.0,506.0,957.0,460,0,0,1,Pedestrian
3,448.0,864.0,504.0,953.0,461,0,0,1,Pedestrian
3,448.0,864.0,504.0,953.0,462,0,0,1,Pedestrian
3,446.0,864.0,502.0,953.0,463,0,0,1,Pedestrian
3,446.0,864.0,502.0,953.0,464,0,0,1,Pedestrian
3,444.0,864.0,500.0,953.0,465,0,0,1,Pedestrian
3,444.0,864.0,500.0,953.0,466,0,0,1,Pedestrian
3,442.0,864.0,498.0,953.0,467,0,0,1,Pedestrian
3,442.0,864.0,498.0,953.0,468,0,0,1,Pedestrian
3,440.0,864.0,496.0,953.0,469,0,0,1,Pedestrian
3,440.0,864.0,496.0,953.0,470,0,0,1,Pedestrian
3,440.0,864.0,496.0,953.0,471,0,0,1,Pedestrian
3,438.0,864.0,495.0,953.0,472,0,0,1,Pedestrian
3,438.0,864.0,495.0,953.0,473,0,0,1,Pedestrian
3,436.0,864.0,493.0,953.0,474,0,0,1,Pedestrian
3,436.0,864.0,493.0,953.0,475,0,0,1,Pedestrian
3,435.0,864.0,491.0,953.0,476,0,0,1,Pedestrian
3,435.0,864.0,491.0,953.0,477,0,0,1,Pedestrian
3,433.0,864.0,489.0,953.0,478,0,0,1,Pedestrian
3,433.0,864.0,489.0,953.0,479,0,0,1,Pedestrian
3,433.0,864.0,489.0,953.0,480,0,0,1,Pedestrian
3,431.0,860.0,487.0,949.0,481,0,0,1,Pedestrian
3,431.0,860.0,487.0,949.0,482,0,0,1,Pedestrian
3,429.0,860.0,485.0,949.0,483,0,0,1,Pedestrian
3,429.0,860.0,485.0,949.0,484,0,0,1,Pedestrian
3,427.0,860.0,483.0,949.0,485,0,0,1,Pedestrian
3,427.0,860.0,483.0,949.0,486,0,0,1,Pedestrian
3,425.0,860.0,481.0,949.0,487,0,0,1,Pedestrian
3,425.0,860.0,481.0,949.0,488,0,0,1,Pedestrian
3,423.0,860.0,480.0,949.0,489,0,0,1,Pedestrian
3,423.0,860.0,480.0,949.0,490,0,0,1,Pedestrian
3,423.0,860.0,480.0,949.0,491,0,0,1,Pedestrian
3,421.0,860.0,478.0,949.0,492,0,0,1,Pedestrian
3,421.0,860.0,478.0,949.0,493,0,0,1,Pedestrian
3,420.0,860.0,476.0,949.0,494,0,0,1,Pedestrian
3,420.0,860.0,476.0,949.0,495,0,0,1,Pedestrian
3,418.0,860.0,474.0,949.0,496,0,0,1,Pedestrian
3,418.0,860.0,474.0,949.0,497,0,0,1,Pedestrian
3,416.0,860.0,472.0,949.0,498,0,0,1,Pedestrian
3,416.0,860.0,472.0,949.0,499,0,0,1,Pedestrian
3,416.0,860.0,472.0,949.0,500,0,0,0,Pedestrian
3,414.0,860.0,470.0,945.0,501,0,0,1,Pedestrian
3,414.0,860.0,470.0,945.0,502,0,0,1,Pedestrian
3,414.0,860.0,470.0,945.0,503,0,0,1,Pedestrian
3,412.0,860.0,470.0,945.0,504,0,0,1,Pedestrian
3,412.0,860.0,468.0,945.0,505,0,0,1,Pedestrian
3,412.0,860.0,468.0,945.0,506,0,0,1,Pedestrian
3,412.0,860.0,468.0,945.0,507,0,0,1,Pedestrian
3,410.0,860.0,468.0,945.0,508,0,0,1,Pedestrian
3,410.0,860.0,466.0,945.0,509,0,0,1,Pedestrian
3,410.0,860.0,466.0,945.0,510,0,0,1,Pedestrian
3,410.0,860.0,466.0,945.0,511,0,0,1,Pedestrian
3,408.0,860.0,466.0,945.0,512,0,0,1,Pedestrian
3,408.0,860.0,465.0,945.0,513,0,0,1,Pedestrian
3,408.0,860.0,465.0,945.0,514,0,0,1,Pedestrian
3,408.0,860.0,465.0,945.0,515,0,0,1,Pedestrian
3,406.0,860.0,465.0,945.0,516,0,0,1,Pedestrian
3,406.0,860.0,463.0,945.0,517,0,0,1,Pedestrian
3,406.0,860.0,463.0,945.0,518,0,0,1,Pedestrian
3,406.0,864.0,463.0,945.0,519,0,0,1,Pedestrian
3,405.0,864.0,463.0,945.0,520,0,0,1,Pedestrian
3,405.0,864.0,461.0,945.0,521,0,0,1,Pedestrian
3,405.0,864.0,461.0,945.0,522,0,0,1,Pedestrian
3,405.0,864.0,461.0,945.0,523,0,0,1,Pedestrian
3,403.0,864.0,461.0,945.0,524,0,0,1,Pedestrian
3,403.0,864.0,459.0,945.0,525,0,0,1,Pedestrian
3,403.0,864.0,459.0,945.0,526,0,0,1,Pedestrian
3,401.0,864.0,459.0,945.0,527,0,0,1,Pedestrian
3,401.0,864.0,459.0,945.0,528,0,0,1,Pedestrian
3,401.0,864.0,457.0,945.0,529,0,0,1,Pedestrian
3,401.0,864.0,457.0,945.0,530,0,0,1,Pedestrian
3,399.0,864.0,457.0,945.0,531,0,0,1,Pedestrian
3,399.0,864.0,457.0,945.0,532,0,0,1,Pedestrian
3,399.0,864.0,455.0,945.0,533,0,0,1,Pedestrian
3,399.0,864.0,455.0,945.0,534,0,0,1,Pedestrian
3,397.0,864.0,455.0,945.0,535,0,0,1,Pedestrian
3,397.0,864.0,455.0,945.0,536,0,0,1,Pedestrian
3,397.0,868.0,453.0,941.0,537,0,0,1,Pedestrian
3,397.0,868.0,453.0,941.0,538,0,0,1,Pedestrian
3,395.0,868.0,453.0,941.0,539,0,0,1,Pedestrian
3,395.0,868.0,453.0,941.0,540,0,0,1,Pedestrian
3,395.0,868.0,451.0,941.0,541,0,0,1,Pedestrian
3,395.0,868.0,451.0,941.0,542,0,0,1,Pedestrian
3,393.0,868.0,451.0,941.0,543,0,0,1,Pedestrian
3,393.0,868.0,451.0,941.0,544,0,0,1,Pedestrian
3,393.0,868.0,450.0,941.0,545,0,0,1,Pedestrian
3,393.0,868.0,450.0,941.0,546,0,0,1,Pedestrian
3,391.0,868.0,450.0,941.0,547,0,0,1,Pedestrian
3,391.0,868.0,450.0,941.0,548,0,0,1,Pedestrian
3,391.0,868.0,448.0,941.0,549,0,0,1,Pedestrian
3,390.0,868.0,448.0,941.0,550,0,0,1,Pedestrian
3,390.0,868.0,448.0,941.0,551,0,0,1,Pedestrian
3,390.0,868.0,448.0,941.0,552,0,0,1,Pedestrian
3,390.0,868.0,446.0,941.0,553,0,0,1,Pedestrian
3,388.0,868.0,446.0,941.0,554,0,0,1,Pedestrian
3,388.0,873.0,446.0,941.0,555,0,0,1,Pedestrian
3,388.0,873.0,446.0,941.0,556,0,0,1,Pedestrian
3,388.0,873.0,444.0,941.0,557,0,0,1,Pedestrian
3,386.0,873.0,444.0,941.0,558,0,0,1,Pedestrian
3,386.0,873.0,444.0,941.0,559,0,0,1,Pedestrian
3,386.0,873.0,444.0,941.0,560,0,0,1,Pedestrian
3,386.0,873.0,442.0,941.0,561,0,0,1,Pedestrian
3,384.0,873.0,442.0,941.0,562,0,0,1,Pedestrian
3,384.0,873.0,442.0,941.0,563,0,0,1,Pedestrian
3,384.0,873.0,442.0,941.0,564,0,0,1,Pedestrian
3,384.0,873.0,440.0,941.0,565,0,0,1,Pedestrian
3,382.0,873.0,440.0,941.0,566,0,0,1,Pedestrian
3,382.0,873.0,440.0,941.0,567,0,0,1,Pedestrian
3,382.0,873.0,440.0,941.0,568,0,0,1,Pedestrian
3,382.0,873.0,438.0,941.0,569,0,0,1,Pedestrian
3,380.0,873.0,438.0,941.0,570,0,0,1,Pedestrian
3,380.0,873.0,438.0,941.0,571,0,0,1,Pedestrian
3,380.0,873.0,438.0,941.0,572,0,0,1,Pedestrian
3,380.0,877.0,438.0,941.0,573,0,0,0,Pedestrian
4,114.0,335.0,155.0,448.0,0,0,0,0,Pedestrian
4,114.0,331.0,155.0,444.0,1,0,0,1,Pedestrian
4,114.0,331.0,155.0,444.0,2,0,0,1,Pedestrian
4,114.0,331.0,155.0,444.0,3,0,0,1,Pedestrian
4,114.0,331.0,155.0,444.0,4,0,0,1,Pedestrian
4,114.0,331.0,155.0,444.0,5,0,0,1,Pedestrian
4,116.0,331.0,157.0,444.0,6,0,0,1,Pedestrian
4,116.0,331.0,157.0,444.0,7,0,0,1,Pedestrian
4,116.0,331.0,157.0,444.0,8,0,0,1,Pedestrian
4,116.0,327.0,157.0,440.0,9,0,0,1,Pedestrian
4,116.0,327.0,157.0,440.0,10,0,0,1,Pedestrian
4,116.0,327.0,157.0,440.0,11,0,0,1,Pedestrian
4,118.0,327.0,159.0,440.0,12,0,0,1,Pedestrian
4,118.0,327.0,159.0,440.0,13,0,0,1,Pedestrian
4,118.0,327.0,159.0,440.0,14,0,0,1,Pedestrian
4,118.0,327.0,159.0,440.0,15,0,0,1,Pedestrian
4,118.0,327.0,159.0,440.0,16,0,0,1,Pedestrian
4,120.0,323.0,161.0,436.0,17,0,0,1,Pedestrian
4,120.0,323.0,161.0,436.0,18,0,0,1,Pedestrian
4,120.0,323.0,161.0,436.0,19,0,0,1,Pedestrian
4,120.0,323.0,161.0,436.0,20,0,0,1,Pedestrian
4,120.0,323.0,161.0,436.0,21,0,0,1,Pedestrian
4,120.0,323.0,161.0,436.0,22,0,0,1,Pedestrian
4,121.0,323.0,163.0,436.0,23,0,0,1,Pedestrian
4,121.0,323.0,163.0,436.0,24,0,0,1,Pedestrian
4,121.0,323.0,163.0,436.0,25,0,0,1,Pedestrian
4,121.0,319.0,163.0,432.0,26,0,0,1,Pedestrian
4,121.0,319.0,163.0,432.0,27,0,0,1,Pedestrian
4,123.0,319.0,165.0,432.0,28,0,0,1,Pedestrian
4,123.0,319.0,165.0,432.0,29,0,0,1,Pedestrian
4,123.0,319.0,165.0,432.0,30,0,0,1,Pedestrian
4,123.0,319.0,165.0,432.0,31,0,0,1,Pedestrian
4,123.0,319.0,165.0,432.0,32,0,0,1,Pedestrian
4,123.0,319.0,165.0,432.0,33,0,0,1,Pedestrian
4,125.0,315.0,166.0,428.0,34,0,0,1,Pedestrian
4,125.0,315.0,166.0,428.0,35,0,0,1,Pedestrian
4,125.0,315.0,166.0,428.0,36,0,0,1,Pedestrian
4,125.0,315.0,166.0,428.0,37,0,0,1,Pedestrian
4,125.0,315.0,166.0,428.0,38,0,0,1,Pedestrian
4,127.0,315.0,168.0,428.0,39,0,0,1,Pedestrian
4,127.0,315.0,168.0,428.0,40,0,0,1,Pedestrian
4,127.0,315.0,168.0,428.0,41,0,0,1,Pedestrian
4,127.0,311.0,168.0,424.0,42,0,0,1,Pedestrian
4,127.0,311.0,168.0,424.0,43,0,0,1,Pedestrian
4,127.0,311.0,168.0,424.0,44,0,0,1,Pedestrian
4,129.0,311.0,170.0,424.0,45,0,0,1,Pedestrian
4,129.0,311.0,170.0,424.0,46,0,0,1,Pedestrian
4,129.0,311.0,170.0,424.0,47,0,0,1,Pedestrian
4,129.0,311.0,170.0,424.0,48,0,0,1,Pedestrian
4,129.0,311.0,170.0,424.0,49,0,0,1,Pedestrian
4,131.0,311.0,172.0,424.0,50,0,0,0,Pedestrian
4,131.0,311.0,172.0,424.0,51,0,0,1,Pedestrian
4,131.0,311.0,172.0,424.0,52,0,0,1,Pedestrian
4,133.0,311.0,174.0,424.0,53,0,0,1,Pedestrian
4,133.0,311.0,174.0,424.0,54,0,0,1,Pedestrian
4,135.0,311.0,176.0,424.0,55,0,0,1,Pedestrian
4,135.0,311.0,176.0,424.0,56,0,0,1,Pedestrian
4,136.0,311.0,178.0,424.0,57,0,0,1,Pedestrian
4,136.0,311.0,178.0,424.0,58,0,0,1,Pedestrian
4,138.0,311.0,180.0,424.0,59,0,0,1,Pedestrian
4,138.0,311.0,180.0,424.0,60,0,0,1,Pedestrian
4,140.0,311.0,181.0,424.0,61,0,0,1,Pedestrian
4,140.0,311.0,181.0,424.0,62,0,0,1,Pedestrian
4,142.0,311.0,183.0,424.0,63,0,0,1,Pedestrian
4,142.0,311.0,183.0,424.0,64,0,0,1,Pedestrian
4,144.0,311.0,185.0,424.0,65,0,0,1,Pedestrian
4,144.0,311.0,185.0,424.0,66,0,0,1,Pedestrian
4,144.0,311.0,185.0,424.0,67,0,0,1,Pedestrian
4,146.0,311.0,187.0,424.0,68,0,0,1,Pedestrian
4,146.0,311.0,187.0,424.0,69,0,0,1,Pedestrian
4,148.0,311.0,189.0,424.0,70,0,0,1,Pedestrian
4,148.0,311.0,189.0,424.0,71,0,0,1,Pedestrian
4,150.0,311.0,191.0,424.0,72,0,0,1,Pedestrian
4,150.0,311.0,191.0,424.0,73,0,0,1,Pedestrian
4,151.0,311.0,193.0,424.0,74,0,0,1,Pedestrian
4,151.0,311.0,193.0,424.0,75,0,0,1,Pedestrian
4,153.0,311.0,195.0,424.0,76,0,0,1,Pedestrian
4,153.0,311.0,195.0,424.0,77,0,0,1,Pedestrian
4,155.0,311.0,196.0,424.0,78,0,0,1,Pedestrian
4,155.0,311.0,196.0,424.0,79,0,0,1,Pedestrian
4,157.0,311.0,198.0,424.0,80,0,0,0,Pedestrian
4,157.0,307.0,198.0,420.0,81,0,0,1,Pedestrian
4,157.0,307.0,198.0,420.0,82,0,0,1,Pedestrian
4,157.0,307.0,198.0,420.0,83,0,0,1,Pedestrian
4,157.0,307.0,198.0,420.0,84,0,0,1,Pedestrian
4,157.0,307.0,198.0,420.0,85,0,0,1,Pedestrian
4,157.0,307.0,198.0,420.0,86,0,0,1,Pedestrian
4,157.0,307.0,198.0,420.0,87,0,0,1,Pedestrian
4,157.0,307.0,198.0,420.0,88,0,0,1,Pedestrian
4,157.0,307.0,198.0,420.0,89,0,0,1,Pedestrian
4,157.0,307.0,198.0,420.0,90,0,0,1,Pedestrian
4,157.0,303.0,198.0,416.0,91,0,0,1,Pedestrian
4,157.0,303.0,198.0,416.0,92,0,0,1,Pedestrian
4,157.0,303.0,198.0,416.0,93,0,0,1,Pedestrian
4,159.0,303.0,200.0,416.0,94,0,0,1,Pedestrian
4,159.0,303.0,200.0,416.0,95,0,0,1,Pedestrian
4,159.0,303.0,200.0,416.0,96,0,0,1,Pedestrian
4,159.0,303.0,200.0,416.0,97,0,0,1,Pedestrian
4,159.0,303.0,200.0,416.0,98,0,0,1,Pedestrian
4,159.0,303.0,200.0,416.0,99,0,0,1,Pedestrian
4,159.0,303.0,200.0,416.0,100,0,0,1,Pedestrian
4,159.0,299.0,200.0,412.0,101,0,0,1,Pedestrian
4,159.0,299.0,200.0,412.0,102,0,0,1,Pedestrian
4,159.0,299.0,200.0,412.0,103,0,0,1,Pedestrian
4,159.0,299.0,200.0,412.0,104,0,0,1,Pedestrian
4,159.0,299.0,200.0,412.0,105,0,0,1,Pedestrian
4,159.0,299.0,200.0,412.0,106,0,0,1,Pedestrian
4,161.0,299.0,202.0,412.0,107,0,0,1,Pedestrian
4,161.0,299.0,202.0,412.0,108,0,0,1,Pedestrian
4,161.0,299.0,202.0,412.0,109,0,0,1,Pedestrian
4,161.0,299.0,202.0,412.0,110,0,0,1,Pedestrian
4,161.0,295.0,202.0,408.0,111,0,0,1,Pedestrian
4,161.0,295.0,202.0,408.0,112,0,0,1,Pedestrian
4,161.0,295.0,202.0,408.0,113,0,0,1,Pedestrian
4,161.0,295.0,202.0,408.0,114,0,0,1,Pedestrian
4,161.0,295.0,202.0,408.0,115,0,0,1,Pedestrian
4,161.0,295.0,202.0,408.0,116,0,0,1,Pedestrian
4,161.0,295.0,202.0,408.0,117,0,0,1,Pedestrian
4,161.0,295.0,202.0,408.0,118,0,0,1,Pedestrian
4,161.0,295.0,202.0,408.0,119,0,0,1,Pedestrian
4,163.0,295.0,204.0,408.0,120,0,0,0,Pedestrian
4,163.0,295.0,204.0,408.0,121,0,0,1,Pedestrian
4,163.0,295.0,204.0,408.0,122,0,0,1,Pedestrian
4,163.0,295.0,204.0,408.0,123,0,0,1,Pedestrian
4,163.0,295.0,204.0,408.0,124,0,0,1,Pedestrian
4,163.0,295.0,204.0,408.0,125,0,0,1,Pedestrian
4,163.0,295.0,204.0,408.0,126,0,0,1,Pedestrian
4,163.0,295.0,204.0,408.0,127,0,0,1,Pedestrian
4,163.0,295.0,204.0,408.0,128,0,0,1,Pedestrian
4,163.0,295.0,204.0,408.0,129,0,0,1,Pedestrian
4,163.0,295.0,204.0,408.0,130,0,0,1,Pedestrian
4,163.0,295.0,204.0,408.0,131,0,0,1,Pedestrian
4,163.0,295.0,204.0,408.0,132,0,0,1,Pedestrian
4,163.0,295.0,204.0,408.0,133,0,0,1,Pedestrian
4,163.0,295.0,204.0,408.0,134,0,0,1,Pedestrian
4,163.0,295.0,204.0,408.0,135,0,0,1,Pedestrian
4,163.0,295.0,204.0,408.0,136,0,0,1,Pedestrian
4,163.0,295.0,204.0,408.0,137,0,0,1,Pedestrian
4,163.0,295.0,204.0,408.0,138,0,0,1,Pedestrian
4,163.0,295.0,204.0,408.0,139,0,0,1,Pedestrian
4,163.0,295.0,204.0,408.0,140,0,0,1,Pedestrian
4,163.0,295.0,204.0,408.0,141,0,0,1,Pedestrian
4,163.0,295.0,204.0,408.0,142,0,0,1,Pedestrian
4,163.0,295.0,204.0,408.0,143,0,0,1,Pedestrian
4,163.0,295.0,204.0,408.0,144,0,0,1,Pedestrian
4,163.0,295.0,204.0,408.0,145,0,0,1,Pedestrian
4,163.0,295.0,204.0,408.0,146,0,0,1,Pedestrian
4,163.0,295.0,204.0,408.0,147,0,0,1,Pedestrian
4,163.0,295.0,204.0,408.0,148,0,0,1,Pedestrian
4,163.0,295.0,204.0,408.0,149,0,0,1,Pedestrian
4,163.0,295.0,204.0,408.0,150,0,0,1,Pedestrian
4,163.0,295.0,204.0,408.0,151,0,0,1,Pedestrian
4,163.0,295.0,204.0,408.0,152,0,0,1,Pedestrian
4,163.0,295.0,204.0,408.0,153,0,0,1,Pedestrian
4,163.0,295.0,204.0,408.0,154,0,0,1,Pedestrian
4,163.0,295.0,204.0,408.0,155,0,0,1,Pedestrian
4,163.0,295.0,204.0,408.0,156,0,0,1,Pedestrian
4,163.0,295.0,204.0,408.0,157,0,0,1,Pedestrian
4,163.0,295.0,204.0,408.0,158,0,0,1,Pedestrian
4,163.0,295.0,204.0,408.0,159,0,0,1,Pedestrian
4,163.0,295.0,204.0,408.0,160,0,0,1,Pedestrian
4,163.0,295.0,204.0,408.0,161,0,0,1,Pedestrian
4,163.0,295.0,204.0,408.0,162,0,0,1,Pedestrian
4,163.0,295.0,204.0,408.0,163,0,0,1,Pedestrian
4,163.0,295.0,204.0,408.0,164,0,0,1,Pedestrian
4,163.0,295.0,204.0,408.0,165,0,0,1,Pedestrian
4,163.0,295.0,204.0,408.0,166,0,0,1,Pedestrian
4,163.0,295.0,204.0,408.0,167,0,0,1,Pedestrian
4,163.0,295.0,204.0,408.0,168,0,0,1,Pedestrian
4,163.0,295.0,204.0,408.0,169,0,0,1,Pedestrian
4,163.0,295.0,204.0,408.0,170,0,0,1,Pedestrian
4,163.0,295.0,204.0,408.0,171,0,0,1,Pedestrian
4,163.0,295.0,204.0,408.0,172,0,0,1,Pedestrian
4,163.0,295.0,204.0,408.0,173,0,0,1,Pedestrian
4,163.0,295.0,204.0,408.0,174,0,0,1,Pedestrian
4,163.0,295.0,204.0,408.0,175,0,0,1,Pedestrian
4,163.0,295.0,204.0,408.0,176,0,0,1,Pedestrian
4,163.0,295.0,204.0,408.0,177,0,0,1,Pedestrian
4,163.0,295.0,204.0,408.0,178,0,0,1,Pedestrian
4,163.0,295.0,204.0,408.0,179,0,0,1,Pedestrian
4,163.0,295.0,204.0,408.0,180,0,0,1,Pedestrian
4,163.0,295.0,204.0,408.0,181,0,0,1,Pedestrian
4,163.0,295.0,204.0,408.0,182,0,0,1,Pedestrian
4,163.0,295.0,204.0,408.0,183,0,0,1,Pedestrian
4,163.0,295.0,204.0,408.0,184,0,0,1,Pedestrian
4,163.0,295.0,204.0,408.0,185,0,0,1,Pedestrian
4,163.0,295.0,204.0,408.0,186,0,0,1,Pedestrian
4,163.0,295.0,204.0,408.0,187,0,0,1,Pedestrian
4,163.0,295.0,204.0,408.0,188,0,0,1,Pedestrian
4,163.0,295.0,204.0,408.0,189,0,0,1,Pedestrian
4,163.0,295.0,204.0,408.0,190,0,0,1,Pedestrian
4,163.0,295.0,204.0,408.0,191,0,0,1,Pedestrian
4,163.0,295.0,204.0,408.0,192,0,0,1,Pedestrian
4,163.0,295.0,204.0,408.0,193,0,0,1,Pedestrian
4,163.0,295.0,204.0,408.0,194,0,0,1,Pedestrian
4,163.0,295.0,204.0,408.0,195,0,0,1,Pedestrian
4,163.0,295.0,204.0,408.0,196,0,0,1,Pedestrian
4,163.0,295.0,204.0,408.0,197,0,0,1,Pedestrian
4,163.0,295.0,204.0,408.0,198,0,0,1,Pedestrian
4,163.0,295.0,204.0,408.0,199,0,0,1,Pedestrian
4,163.0,295.0,204.0,408.0,200,0,0,1,Pedestrian
4,163.0,295.0,204.0,408.0,201,0,0,1,Pedestrian
4,163.0,295.0,204.0,408.0,202,0,0,1,Pedestrian
4,163.0,295.0,204.0,408.0,203,0,0,1,Pedestrian
4,163.0,295.0,204.0,408.0,204,0,0,1,Pedestrian
4,163.0,295.0,204.0,408.0,205,0,0,1,Pedestrian
4,163.0,295.0,204.0,408.0,206,0,0,1,Pedestrian
4,163.0,295.0,204.0,408.0,207,0,0,1,Pedestrian
4,163.0,295.0,204.0,408.0,208,0,0,1,Pedestrian
4,163.0,295.0,204.0,408.0,209,0,0,1,Pedestrian
4,163.0,295.0,204.0,408.0,210,0,0,1,Pedestrian
4,163.0,295.0,204.0,408.0,211,0,0,1,Pedestrian
4,163.0,295.0,204.0,408.0,212,0,0,1,Pedestrian
4,163.0,295.0,204.0,408.0,213,0,0,1,Pedestrian
4,163.0,295.0,204.0,408.0,214,0,0,1,Pedestrian
4,163.0,295.0,204.0,408.0,215,0,0,1,Pedestrian
4,163.0,295.0,204.0,408.0,216,0,0,1,Pedestrian
4,163.0,295.0,204.0,408.0,217,0,0,1,Pedestrian
4,163.0,295.0,204.0,408.0,218,0,0,1,Pedestrian
4,163.0,295.0,204.0,408.0,219,0,0,1,Pedestrian
4,163.0,295.0,204.0,408.0,220,0,0,1,Pedestrian
4,163.0,295.0,204.0,408.0,221,0,0,1,Pedestrian
4,163.0,295.0,204.0,408.0,222,0,0,1,Pedestrian
4,163.0,295.0,204.0,408.0,223,0,0,1,Pedestrian
4,163.0,295.0,204.0,408.0,224,0,0,1,Pedestrian
4,163.0,295.0,204.0,408.0,225,0,0,1,Pedestrian
4,163.0,295.0,204.0,408.0,226,0,0,1,Pedestrian
4,163.0,295.0,204.0,408.0,227,0,0,1,Pedestrian
4,163.0,295.0,204.0,408.0,228,0,0,1,Pedestrian
4,163.0,295.0,204.0,408.0,229,0,0,1,Pedestrian
4,163.0,295.0,204.0,408.0,230,0,0,1,Pedestrian
4,163.0,295.0,204.0,408.0,231,0,0,1,Pedestrian
4,163.0,295.0,204.0,408.0,232,0,0,1,Pedestrian
4,163.0,295.0,204.0,408.0,233,0,0,1,Pedestrian
4,163.0,295.0,204.0,408.0,234,0,0,1,Pedestrian
4,163.0,295.0,204.0,408.0,235,0,0,1,Pedestrian
4,163.0,295.0,204.0,408.0,236,0,0,1,Pedestrian
4,163.0,295.0,204.0,408.0,237,0,0,1,Pedestrian
4,163.0,295.0,204.0,408.0,238,0,0,1,Pedestrian
4,163.0,295.0,204.0,408.0,239,0,0,1,Pedestrian
4,163.0,295.0,204.0,408.0,240,0,0,1,Pedestrian
4,163.0,295.0,204.0,408.0,241,0,0,1,Pedestrian
4,163.0,295.0,204.0,408.0,242,0,0,1,Pedestrian
4,163.0,295.0,204.0,408.0,243,0,0,1,Pedestrian
4,163.0,295.0,204.0,408.0,244,0,0,1,Pedestrian
4,163.0,295.0,204.0,408.0,245,0,0,1,Pedestrian
4,163.0,295.0,204.0,408.0,246,0,0,1,Pedestrian
4,163.0,295.0,204.0,408.0,247,0,0,1,Pedestrian
4,163.0,295.0,204.0,408.0,248,0,0,1,Pedestrian
4,163.0,295.0,204.0,408.0,249,0,0,1,Pedestrian
4,163.0,295.0,204.0,408.0,250,0,0,1,Pedestrian
4,163.0,295.0,204.0,408.0,251,0,0,1,Pedestrian
4,163.0,295.0,204.0,408.0,252,0,0,1,Pedestrian
4,163.0,295.0,204.0,408.0,253,0,0,1,Pedestrian
4,163.0,295.0,204.0,408.0,254,0,0,1,Pedestrian
4,163.0,295.0,204.0,408.0,255,0,0,1,Pedestrian
4,163.0,295.0,204.0,408.0,256,0,0,1,Pedestrian
4,163.0,295.0,204.0,408.0,257,0,0,1,Pedestrian
4,163.0,295.0,204.0,408.0,258,0,0,1,Pedestrian
4,163.0,295.0,204.0,408.0,259,0,0,1,Pedestrian
4,163.0,295.0,204.0,408.0,260,0,0,1,Pedestrian
4,163.0,295.0,204.0,408.0,261,0,0,1,Pedestrian
4,163.0,295.0,204.0,408.0,262,0,0,1,Pedestrian
4,163.0,295.0,204.0,408.0,263,0,0,1,Pedestrian
4,163.0,295.0,204.0,408.0,264,0,0,1,Pedestrian
4,163.0,295.0,204.0,408.0,265,0,0,1,Pedestrian
4,163.0,295.0,204.0,408.0,266,0,0,1,Pedestrian
4,163.0,295.0,204.0,408.0,267,0,0,1,Pedestrian
4,163.0,295.0,204.0,408.0,268,0,0,1,Pedestrian
4,163.0,295.0,204.0,408.0,269,0,0,1,Pedestrian
4,163.0,295.0,204.0,408.0,270,0,0,1,Pedestrian
4,163.0,295.0,204.0,408.0,271,0,0,1,Pedestrian
4,163.0,295.0,204.0,408.0,272,0,0,1,Pedestrian
4,163.0,295.0,204.0,408.0,273,0,0,1,Pedestrian
4,163.0,295.0,204.0,408.0,274,0,0,1,Pedestrian
4,163.0,295.0,204.0,408.0,275,0,0,1,Pedestrian
4,163.0,295.0,204.0,408.0,276,0,0,1,Pedestrian
4,163.0,295.0,204.0,408.0,277,0,0,1,Pedestrian
4,163.0,295.0,204.0,408.0,278,0,0,1,Pedestrian
4,163.0,295.0,204.0,408.0,279,0,0,1,Pedestrian
4,163.0,295.0,204.0,408.0,280,0,0,1,Pedestrian
4,163.0,295.0,204.0,408.0,281,0,0,1,Pedestrian
4,163.0,295.0,204.0,408.0,282,0,0,1,Pedestrian
4,163.0,295.0,204.0,408.0,283,0,0,1,Pedestrian
4,163.0,295.0,204.0,408.0,284,0,0,1,Pedestrian
4,163.0,295.0,204.0,408.0,285,0,0,1,Pedestrian
4,163.0,295.0,204.0,408.0,286,0,0,1,Pedestrian
4,163.0,295.0,204.0,408.0,287,0,0,1,Pedestrian
4,163.0,295.0,204.0,408.0,288,0,0,1,Pedestrian
4,163.0,295.0,204.0,408.0,289,0,0,1,Pedestrian
4,163.0,295.0,204.0,408.0,290,0,0,1,Pedestrian
4,163.0,295.0,204.0,408.0,291,0,0,1,Pedestrian
4,163.0,295.0,204.0,408.0,292,0,0,1,Pedestrian
4,163.0,295.0,204.0,408.0,293,0,0,1,Pedestrian
4,163.0,295.0,204.0,408.0,294,0,0,1,Pedestrian
4,163.0,295.0,204.0,408.0,295,0,0,1,Pedestrian
4,163.0,295.0,204.0,408.0,296,0,0,1,Pedestrian
4,163.0,295.0,204.0,408.0,297,0,0,1,Pedestrian
4,163.0,295.0,204.0,408.0,298,0,0,1,Pedestrian
4,163.0,295.0,204.0,408.0,299,0,0,1,Pedestrian
4,163.0,295.0,204.0,408.0,300,0,0,1,Pedestrian
4,163.0,295.0,204.0,408.0,301,0,0,1,Pedestrian
4,163.0,295.0,204.0,408.0,302,0,0,1,Pedestrian
4,163.0,295.0,204.0,408.0,303,0,0,1,Pedestrian
4,163.0,295.0,204.0,408.0,304,0,0,1,Pedestrian
4,163.0,295.0,204.0,408.0,305,0,0,1,Pedestrian
4,163.0,295.0,204.0,408.0,306,0,0,1,Pedestrian
4,163.0,295.0,204.0,408.0,307,0,0,1,Pedestrian
4,163.0,295.0,204.0,408.0,308,0,0,1,Pedestrian
4,163.0,295.0,204.0,408.0,309,0,0,1,Pedestrian
4,163.0,295.0,204.0,408.0,310,0,0,1,Pedestrian
4,163.0,295.0,204.0,408.0,311,0,0,1,Pedestrian
4,163.0,295.0,204.0,408.0,312,0,0,1,Pedestrian
4,163.0,295.0,204.0,408.0,313,0,0,1,Pedestrian
4,163.0,295.0,204.0,408.0,314,0,0,1,Pedestrian
4,163.0,295.0,204.0,408.0,315,0,0,1,Pedestrian
4,163.0,295.0,204.0,408.0,316,0,0,1,Pedestrian
4,163.0,295.0,204.0,408.0,317,0,0,1,Pedestrian
4,163.0,295.0,204.0,408.0,318,0,0,1,Pedestrian
4,163.0,295.0,204.0,408.0,319,0,0,1,Pedestrian
4,163.0,295.0,204.0,408.0,320,0,0,1,Pedestrian
4,163.0,295.0,204.0,408.0,321,0,0,1,Pedestrian
4,163.0,295.0,204.0,408.0,322,0,0,1,Pedestrian
4,163.0,295.0,204.0,408.0,323,0,0,1,Pedestrian
4,163.0,295.0,204.0,408.0,324,0,0,1,Pedestrian
4,163.0,295.0,204.0,408.0,325,0,0,1,Pedestrian
4,163.0,295.0,204.0,408.0,326,0,0,1,Pedestrian
4,163.0,295.0,204.0,408.0,327,0,0,1,Pedestrian
4,163.0,295.0,204.0,408.0,328,0,0,1,Pedestrian
4,163.0,295.0,204.0,408.0,329,0,0,1,Pedestrian
4,163.0,295.0,204.0,408.0,330,0,0,1,Pedestrian
4,163.0,295.0,204.0,408.0,331,0,0,1,Pedestrian
4,163.0,295.0,204.0,408.0,332,0,0,1,Pedestrian
4,163.0,295.0,204.0,408.0,333,0,0,1,Pedestrian
4,163.0,295.0,204.0,408.0,334,0,0,1,Pedestrian
4,163.0,295.0,204.0,408.0,335,0,0,1,Pedestrian
4,163.0,295.0,204.0,408.0,336,0,0,1,Pedestrian
4,163.0,295.0,204.0,408.0,337,0,0,1,Pedestrian
4,163.0,295.0,204.0,408.0,338,0,0,1,Pedestrian
4,163.0,295.0,204.0,408.0,339,0,0,1,Pedestrian
4,163.0,295.0,204.0,408.0,340,0,0,1,Pedestrian
4,163.0,295.0,204.0,408.0,341,0,0,1,Pedestrian
4,163.0,295.0,204.0,408.0,342,0,0,1,Pedestrian
4,163.0,295.0,204.0,408.0,343,0,0,1,Pedestrian
4,163.0,295.0,204.0,408.0,344,0,0,1,Pedestrian
4,163.0,295.0,204.0,408.0,345,0,0,1,Pedestrian
4,163.0,295.0,204.0,408.0,346,0,0,1,Pedestrian
4,163.0,295.0,204.0,408.0,347,0,0,1,Pedestrian
4,163.0,295.0,204.0,408.0,348,0,0,1,Pedestrian
4,163.0,295.0,204.0,408.0,349,0,0,1,Pedestrian
4,163.0,295.0,204.0,408.0,350,0,0,1,Pedestrian
4,163.0,295.0,204.0,408.0,351,0,0,1,Pedestrian
4,163.0,295.0,204.0,408.0,352,0,0,1,Pedestrian
4,163.0,295.0,204.0,408.0,353,0,0,1,Pedestrian
4,163.0,295.0,204.0,408.0,354,0,0,1,Pedestrian
4,163.0,295.0,204.0,408.0,355,0,0,1,Pedestrian
4,163.0,295.0,204.0,408.0,356,0,0,1,Pedestrian
4,163.0,295.0,204.0,408.0,357,0,0,1,Pedestrian
4,163.0,295.0,204.0,408.0,358,0,0,1,Pedestrian
4,163.0,295.0,204.0,408.0,359,0,0,1,Pedestrian
4,163.0,295.0,204.0,408.0,360,0,0,1,Pedestrian
4,163.0,295.0,204.0,408.0,361,0,0,1,Pedestrian
4,163.0,295.0,204.0,408.0,362,0,0,1,Pedestrian
4,163.0,295.0,204.0,408.0,363,0,0,1,Pedestrian
4,163.0,295.0,204.0,408.0,364,0,0,1,Pedestrian
4,163.0,295.0,204.0,408.0,365,0,0,1,Pedestrian
4,163.0,295.0,204.0,408.0,366,0,0,1,Pedestrian
4,163.0,295.0,204.0,408.0,367,0,0,1,Pedestrian
4,163.0,295.0,204.0,408.0,368,0,0,1,Pedestrian
4,163.0,295.0,204.0,408.0,369,0,0,1,Pedestrian
4,163.0,299.0,204.0,412.0,370,0,0,0,Pedestrian
4,163.0,299.0,204.0,412.0,371,0,0,1,Pedestrian
4,163.0,299.0,204.0,412.0,372,0,0,1,Pedestrian
4,163.0,299.0,204.0,412.0,373,0,0,1,Pedestrian
4,163.0,299.0,204.0,412.0,374,0,0,1,Pedestrian
4,163.0,303.0,204.0,416.0,375,0,0,1,Pedestrian
4,163.0,303.0,204.0,416.0,376,0,0,1,Pedestrian
4,163.0,303.0,204.0,416.0,377,0,0,1,Pedestrian
4,163.0,303.0,204.0,416.0,378,0,0,1,Pedestrian
4,163.0,303.0,204.0,416.0,379,0,0,1,Pedestrian
4,163.0,307.0,204.0,420.0,380,0,0,1,Pedestrian
4,163.0,307.0,204.0,420.0,381,0,0,1,Pedestrian
4,163.0,307.0,204.0,420.0,382,0,0,1,Pedestrian
4,163.0,307.0,204.0,420.0,383,0,0,1,Pedestrian
4,163.0,307.0,204.0,420.0,384,0,0,1,Pedestrian
4,163.0,311.0,204.0,424.0,385,0,0,1,Pedestrian
4,163.0,311.0,204.0,424.0,386,0,0,1,Pedestrian
4,163.0,311.0,204.0,424.0,387,0,0,1,Pedestrian
4,163.0,311.0,204.0,424.0,388,0,0,1,Pedestrian
4,163.0,311.0,204.0,424.0,389,0,0,1,Pedestrian
4,163.0,315.0,204.0,428.0,390,0,0,1,Pedestrian
4,163.0,315.0,204.0,428.0,391,0,0,1,Pedestrian
4,163.0,315.0,204.0,428.0,392,0,0,1,Pedestrian
4,163.0,315.0,204.0,428.0,393,0,0,1,Pedestrian
4,163.0,315.0,204.0,428.0,394,0,0,1,Pedestrian
4,163.0,319.0,204.0,432.0,395,0,0,1,Pedestrian
4,163.0,319.0,204.0,432.0,396,0,0,1,Pedestrian
4,163.0,319.0,204.0,432.0,397,0,0,1,Pedestrian
4,163.0,319.0,204.0,432.0,398,0,0,1,Pedestrian
4,163.0,319.0,204.0,432.0,399,0,0,1,Pedestrian
4,163.0,323.0,204.0,436.0,400,0,0,1,Pedestrian
4,163.0,323.0,204.0,436.0,401,0,0,1,Pedestrian
4,163.0,323.0,204.0,436.0,402,0,0,1,Pedestrian
4,163.0,323.0,204.0,436.0,403,0,0,1,Pedestrian
4,163.0,323.0,204.0,436.0,404,0,0,1,Pedestrian
4,163.0,327.0,204.0,440.0,405,0,0,1,Pedestrian
4,163.0,327.0,204.0,440.0,406,0,0,1,Pedestrian
4,163.0,327.0,204.0,440.0,407,0,0,1,Pedestrian
4,163.0,327.0,204.0,440.0,408,0,0,1,Pedestrian
4,163.0,327.0,204.0,440.0,409,0,0,1,Pedestrian
4,163.0,331.0,204.0,444.0,410,0,0,1,Pedestrian
4,163.0,331.0,204.0,444.0,411,0,0,1,Pedestrian
4,163.0,331.0,204.0,444.0,412,0,0,1,Pedestrian
4,163.0,331.0,204.0,444.0,413,0,0,1,Pedestrian
4,163.0,331.0,204.0,444.0,414,0,0,1,Pedestrian
4,163.0,335.0,204.0,448.0,415,0,0,1,Pedestrian
4,163.0,335.0,204.0,448.0,416,0,0,1,Pedestrian
4,163.0,335.0,204.0,448.0,417,0,0,1,Pedestrian
4,163.0,335.0,204.0,448.0,418,0,0,1,Pedestrian
4,163.0,335.0,204.0,448.0,419,0,0,1,Pedestrian
4,163.0,339.0,204.0,452.0,420,0,0,0,Pedestrian
4,163.0,335.0,204.0,448.0,421,0,0,1,Pedestrian
4,163.0,335.0,204.0,448.0,422,0,0,1,Pedestrian
4,163.0,335.0,204.0,448.0,423,0,0,1,Pedestrian
4,165.0,335.0,206.0,448.0,424,0,0,1,Pedestrian
4,165.0,335.0,206.0,448.0,425,0,0,1,Pedestrian
4,165.0,335.0,206.0,448.0,426,0,0,1,Pedestrian
4,166.0,335.0,208.0,448.0,427,0,0,1,Pedestrian
4,166.0,335.0,208.0,448.0,428,0,0,1,Pedestrian
4,166.0,335.0,208.0,448.0,429,0,0,1,Pedestrian
4,166.0,335.0,208.0,448.0,430,0,0,1,Pedestrian
4,168.0,335.0,210.0,448.0,431,0,0,1,Pedestrian
4,168.0,335.0,210.0,448.0,432,0,0,1,Pedestrian
4,168.0,335.0,210.0,448.0,433,0,0,1,Pedestrian
4,170.0,335.0,211.0,448.0,434,0,0,1,Pedestrian
4,170.0,335.0,211.0,448.0,435,0,0,1,Pedestrian
4,170.0,335.0,211.0,448.0,436,0,0,1,Pedestrian
4,170.0,335.0,211.0,448.0,437,0,0,1,Pedestrian
4,172.0,335.0,213.0,448.0,438,0,0,1,Pedestrian
4,172.0,335.0,213.0,448.0,439,0,0,1,Pedestrian
4,172.0,335.0,213.0,448.0,440,0,0,1,Pedestrian
4,174.0,335.0,215.0,448.0,441,0,0,1,Pedestrian
4,174.0,335.0,215.0,448.0,442,0,0,1,Pedestrian
4,174.0,335.0,215.0,448.0,443,0,0,1,Pedestrian
4,174.0,335.0,215.0,448.0,444,0,0,1,Pedestrian
4,176.0,335.0,217.0,448.0,445,0,0,1,Pedestrian
4,176.0,335.0,217.0,448.0,446,0,0,1,Pedestrian
4,176.0,335.0,217.0,448.0,447,0,0,1,Pedestrian
4,178.0,335.0,219.0,448.0,448,0,0,1,Pedestrian
4,178.0,335.0,219.0,448.0,449,0,0,1,Pedestrian
4,178.0,335.0,219.0,448.0,450,0,0,1,Pedestrian
4,178.0,335.0,219.0,448.0,451,0,0,1,Pedestrian
4,180.0,335.0,221.0,448.0,452,0,0,1,Pedestrian
4,180.0,335.0,221.0,448.0,453,0,0,1,Pedestrian
4,180.0,335.0,221.0,448.0,454,0,0,1,Pedestrian
4,181.0,335.0,223.0,448.0,455,0,0,1,Pedestrian
4,181.0,335.0,223.0,448.0,456,0,0,1,Pedestrian
4,181.0,335.0,223.0,448.0,457,0,0,1,Pedestrian
4,181.0,335.0,223.0,448.0,458,0,0,1,Pedestrian
4,183.0,335.0,225.0,448.0,459,0,0,1,Pedestrian
4,183.0,335.0,225.0,448.0,460,0,0,1,Pedestrian
4,183.0,331.0,225.0,444.0,461,0,0,1,Pedestrian
4,185.0,331.0,226.0,444.0,462,0,0,1,Pedestrian
4,185.0,331.0,226.0,444.0,463,0,0,1,Pedestrian
4,185.0,331.0,226.0,444.0,464,0,0,1,Pedestrian
4,185.0,331.0,226.0,444.0,465,0,0,1,Pedestrian
4,187.0,331.0,228.0,444.0,466,0,0,1,Pedestrian
4,187.0,331.0,228.0,444.0,467,0,0,1,Pedestrian
4,187.0,331.0,228.0,444.0,468,0,0,1,Pedestrian
4,189.0,331.0,230.0,444.0,469,0,0,1,Pedestrian
4,189.0,331.0,230.0,444.0,470,0,0,1,Pedestrian
4,189.0,331.0,230.0,444.0,471,0,0,1,Pedestrian
4,189.0,331.0,230.0,444.0,472,0,0,1,Pedestrian
4,191.0,331.0,232.0,444.0,473,0,0,1,Pedestrian
4,191.0,331.0,232.0,444.0,474,0,0,1,Pedestrian
4,191.0,331.0,232.0,444.0,475,0,0,1,Pedestrian
4,193.0,331.0,234.0,444.0,476,0,0,1,Pedestrian
4,193.0,331.0,234.0,444.0,477,0,0,1,Pedestrian
4,193.0,331.0,234.0,444.0,478,0,0,1,Pedestrian
4,193.0,331.0,234.0,444.0,479,0,0,1,Pedestrian
4,195.0,331.0,236.0,444.0,480,0,0,1,Pedestrian
4,195.0,331.0,236.0,444.0,481,0,0,1,Pedestrian
4,195.0,331.0,236.0,444.0,482,0,0,1,Pedestrian
4,196.0,331.0,238.0,444.0,483,0,0,1,Pedestrian
4,196.0,331.0,238.0,444.0,484,0,0,1,Pedestrian
4,196.0,331.0,238.0,444.0,485,0,0,1,Pedestrian
4,196.0,331.0,238.0,444.0,486,0,0,1,Pedestrian
4,198.0,331.0,240.0,444.0,487,0,0,1,Pedestrian
4,198.0,331.0,240.0,444.0,488,0,0,1,Pedestrian
4,198.0,331.0,240.0,444.0,489,0,0,1,Pedestrian
4,200.0,331.0,241.0,444.0,490,0,0,1,Pedestrian
4,200.0,331.0,241.0,444.0,491,0,0,1,Pedestrian
4,200.0,331.0,241.0,444.0,492,0,0,1,Pedestrian
4,200.0,331.0,241.0,444.0,493,0,0,1,Pedestrian
4,202.0,331.0,243.0,444.0,494,0,0,1,Pedestrian
4,202.0,331.0,243.0,444.0,495,0,0,1,Pedestrian
4,202.0,331.0,243.0,444.0,496,0,0,1,Pedestrian
4,204.0,331.0,245.0,444.0,497,0,0,1,Pedestrian
4,204.0,331.0,245.0,444.0,498,0,0,1,Pedestrian
4,204.0,331.0,245.0,444.0,499,0,0,1,Pedestrian
4,206.0,331.0,247.0,444.0,500,0,0,0,Pedestrian
4,206.0,331.0,247.0,440.0,501,0,0,1,Pedestrian
4,206.0,331.0,247.0,440.0,502,0,0,1,Pedestrian
4,208.0,331.0,249.0,440.0,503,0,0,1,Pedestrian
4,208.0,331.0,249.0,440.0,504,0,0,1,Pedestrian
4,208.0,331.0,251.0,440.0,505,0,0,1,Pedestrian
4,210.0,331.0,251.0,440.0,506,0,0,1,Pedestrian
4,210.0,331.0,251.0,440.0,507,0,0,1,Pedestrian
4,211.0,331.0,253.0,440.0,508,0,0,1,Pedestrian
4,211.0,331.0,253.0,440.0,509,0,0,1,Pedestrian
4,211.0,335.0,255.0,440.0,510,0,0,1,Pedestrian
4,213.0,335.0,255.0,440.0,511,0,0,1,Pedestrian
4,213.0,335.0,256.0,440.0,512,0,0,1,Pedestrian
4,213.0,335.0,256.0,440.0,513,0,0,1,Pedestrian
4,215.0,335.0,256.0,440.0,514,0,0,1,Pedestrian
4,215.0,335.0,258.0,440.0,515,0,0,1,Pedestrian
4,217.0,335.0,258.0,440.0,516,0,0,1,Pedestrian
4,217.0,335.0,260.0,440.0,517,0,0,1,Pedestrian
4,217.0,335.0,260.0,440.0,518,0,0,1,Pedestrian
4,219.0,339.0,262.0,440.0,519,0,0,1,Pedestrian
4,219.0,339.0,262.0,440.0,520,0,0,1,Pedestrian
4,221.0,339.0,262.0,440.0,521,0,0,1,Pedestrian
4,221.0,339.0,264.0,440.0,522,0,0,1,Pedestrian
4,221.0,339.0,264.0,440.0,523,0,0,1,Pedestrian
4,223.0,339.0,266.0,440.0,524,0,0,1,Pedestrian
4,223.0,339.0,266.0,440.0,525,0,0,1,Pedestrian
4,223.0,339.0,268.0,440.0,526,0,0,1,Pedestrian
4,225.0,339.0,268.0,440.0,527,0,0,1,Pedestrian
4,225.0,343.0,268.0,440.0,528,0,0,1,Pedestrian
4,226.0,343.0,270.0,440.0,529,0,0,1,Pedestrian
4,226.0,343.0,270.0,440.0,530,0,0,1,Pedestrian
4,226.0,343.0,271.0,440.0,531,0,0,1,Pedestrian
4,228.0,343.0,271.0,440.0,532,0,0,1,Pedestrian
4,228.0,343.0,273.0,440.0,533,0,0,1,Pedestrian
4,230.0,343.0,273.0,440.0,534,0,0,1,Pedestrian
4,230.0,343.0,273.0,440.0,535,0,0,1,Pedestrian
4,230.0,343.0,275.0,440.0,536,0,0,1,Pedestrian
4,232.0,347.0,275.0,436.0,537,0,0,1,Pedestrian
4,232.0,347.0,277.0,436.0,538,0,0,1,Pedestrian
4,232.0,347.0,277.0,436.0,539,0,0,1,Pedestrian
4,234.0,347.0,277.0,436.0,540,0,0,1,Pedestrian
4,234.0,347.0,279.0,436.0,541,0,0,1,Pedestrian
4,236.0,347.0,279.0,436.0,542,0,0,1,Pedestrian
4,236.0,347.0,281.0,436.0,543,0,0,1,Pedestrian
4,236.0,347.0,281.0,436.0,544,0,0,1,Pedestrian
4,238.0,347.0,283.0,436.0,545,0,0,1,Pedestrian
4,238.0,351.0,283.0,436.0,546,0,0,1,Pedestrian
4,240.0,351.0,283.0,436.0,547,0,0,1,Pedestrian
4,240.0,351.0,285.0,436.0,548,0,0,1,Pedestrian
4,240.0,351.0,285.0,436.0,549,0,0,1,Pedestrian
4,241.0,351.0,286.0,436.0,550,0,0,1,Pedestrian
4,241.0,351.0,286.0,436.0,551,0,0,1,Pedestrian
4,241.0,351.0,288.0,436.0,552,0,0,1,Pedestrian
4,243.0,351.0,288.0,436.0,553,0,0,1,Pedestrian
4,243.0,351.0,288.0,436.0,554,0,0,1,Pedestrian
4,245.0,355.0,290.0,436.0,555,0,0,1,Pedestrian
4,245.0,355.0,290.0,436.0,556,0,0,1,Pedestrian
4,245.0,355.0,292.0,436.0,557,0,0,1,Pedestrian
4,247.0,355.0,292.0,436.0,558,0,0,1,Pedestrian
4,247.0,355.0,294.0,436.0,559,0,0,1,Pedestrian
4,249.0,355.0,294.0,436.0,560,0,0,1,Pedestrian
4,249.0,355.0,294.0,436.0,561,0,0,1,Pedestrian
4,249.0,355.0,296.0,436.0,562,0,0,1,Pedestrian
4,251.0,355.0,296.0,436.0,563,0,0,1,Pedestrian
4,251.0,359.0,298.0,436.0,564,0,0,1,Pedestrian
4,251.0,359.0,298.0,436.0,565,0,0,1,Pedestrian
4,253.0,359.0,300.0,436.0,566,0,0,1,Pedestrian
4,253.0,359.0,300.0,436.0,567,0,0,1,Pedestrian
4,255.0,359.0,300.0,436.0,568,0,0,1,Pedestrian
4,255.0,359.0,301.0,436.0,569,0,0,1,Pedestrian
4,255.0,359.0,301.0,436.0,570,0,0,1,Pedestrian
4,256.0,359.0,303.0,436.0,571,0,0,1,Pedestrian
4,256.0,359.0,303.0,436.0,572,0,0,1,Pedestrian
4,258.0,363.0,305.0,436.0,573,0,0,0,Pedestrian
5,1327.0,695.0,1348.0,784.0,500,0,0,0,Pedestrian
5,1327.0,695.0,1346.0,780.0,501,0,0,1,Pedestrian
5,1327.0,695.0,1346.0,780.0,502,0,0,1,Pedestrian
5,1327.0,695.0,1346.0,780.0,503,0,0,1,Pedestrian
5,1329.0,695.0,1346.0,780.0,504,0,0,1,Pedestrian
5,1329.0,699.0,1346.0,780.0,505,0,0,1,Pedestrian
5,1329.0,699.0,1346.0,776.0,506,0,0,1,Pedestrian
5,1331.0,699.0,1346.0,776.0,507,0,0,1,Pedestrian
5,1331.0,699.0,1346.0,776.0,508,0,0,1,Pedestrian
5,1331.0,699.0,1346.0,776.0,509,0,0,1,Pedestrian
5,1333.0,703.0,1346.0,776.0,510,1,0,0,Pedestrian
5,1333.0,703.0,1346.0,776.0,511,1,0,1,Pedestrian
5,1333.0,703.0,1346.0,776.0,512,1,0,1,Pedestrian
5,1333.0,703.0,1346.0,776.0,513,1,0,1,Pedestrian
5,1333.0,703.0,1346.0,776.0,514,1,0,1,Pedestrian
5,1333.0,703.0,1346.0,776.0,515,1,0,1,Pedestrian
5,1333.0,703.0,1346.0,776.0,516,1,0,1,Pedestrian
5,1333.0,703.0,1346.0,776.0,517,1,0,1,Pedestrian
5,1333.0,703.0,1346.0,776.0,518,1,0,1,Pedestrian
5,1333.0,703.0,1346.0,776.0,519,1,0,1,Pedestrian
5,1333.0,703.0,1346.0,776.0,520,1,0,1,Pedestrian
5,1333.0,703.0,1346.0,776.0,521,1,0,1,Pedestrian
5,1333.0,703.0,1346.0,776.0,522,1,0,1,Pedestrian
5,1333.0,703.0,1346.0,776.0,523,1,0,1,Pedestrian
5,1333.0,703.0,1346.0,776.0,524,1,0,1,Pedestrian
5,1333.0,703.0,1346.0,776.0,525,1,0,1,Pedestrian
5,1333.0,703.0,1346.0,776.0,526,1,0,1,Pedestrian
5,1333.0,703.0,1346.0,776.0,527,1,0,1,Pedestrian
5,1333.0,703.0,1346.0,776.0,528,1,0,1,Pedestrian
5,1333.0,703.0,1346.0,776.0,529,1,0,1,Pedestrian
5,1333.0,703.0,1346.0,776.0,530,1,0,0,Pedestrian
5,1333.0,703.0,1346.0,776.0,531,1,0,1,Pedestrian
5,1333.0,703.0,1346.0,776.0,532,1,0,1,Pedestrian
5,1333.0,703.0,1346.0,776.0,533,1,0,1,Pedestrian
5,1333.0,703.0,1346.0,776.0,534,1,0,1,Pedestrian
5,1333.0,703.0,1346.0,776.0,535,1,0,1,Pedestrian
5,1333.0,703.0,1346.0,776.0,536,1,0,1,Pedestrian
5,1333.0,703.0,1346.0,776.0,537,1,0,1,Pedestrian
5,1333.0,703.0,1346.0,776.0,538,1,0,1,Pedestrian
5,1333.0,703.0,1346.0,776.0,539,1,0,1,Pedestrian
5,1333.0,703.0,1346.0,776.0,540,1,0,1,Pedestrian
5,1333.0,703.0,1346.0,776.0,541,1,0,1,Pedestrian
5,1333.0,703.0,1346.0,776.0,542,1,0,1,Pedestrian
5,1333.0,703.0,1346.0,776.0,543,1,0,1,Pedestrian
5,1333.0,703.0,1346.0,776.0,544,1,0,1,Pedestrian
5,1333.0,703.0,1346.0,776.0,545,1,0,1,Pedestrian
5,1333.0,703.0,1346.0,776.0,546,1,0,1,Pedestrian
5,1333.0,703.0,1346.0,776.0,547,1,0,1,Pedestrian
5,1333.0,703.0,1346.0,776.0,548,1,0,1,Pedestrian
5,1333.0,703.0,1346.0,776.0,549,1,0,1,Pedestrian
5,1333.0,703.0,1346.0,776.0,550,1,0,1,Pedestrian
5,1333.0,703.0,1346.0,776.0,551,1,0,1,Pedestrian
5,1333.0,703.0,1346.0,776.0,552,1,0,1,Pedestrian
5,1333.0,703.0,1346.0,776.0,553,1,0,1,Pedestrian
5,1333.0,703.0,1346.0,776.0,554,1,0,1,Pedestrian
5,1333.0,703.0,1346.0,776.0,555,1,0,1,Pedestrian
5,1333.0,703.0,1346.0,776.0,556,1,0,1,Pedestrian
5,1333.0,703.0,1346.0,776.0,557,1,0,1,Pedestrian
5,1333.0,703.0,1346.0,776.0,558,1,0,1,Pedestrian
5,1333.0,703.0,1346.0,776.0,559,1,0,1,Pedestrian
5,1333.0,703.0,1346.0,776.0,560,1,0,1,Pedestrian
5,1333.0,703.0,1346.0,776.0,561,1,0,1,Pedestrian
5,1333.0,703.0,1346.0,776.0,562,1,0,1,Pedestrian
5,1333.0,703.0,1346.0,776.0,563,1,0,1,Pedestrian
5,1333.0,703.0,1346.0,776.0,564,1,0,1,Pedestrian
5,1333.0,703.0,1346.0,776.0,565,1,0,1,Pedestrian
5,1333.0,703.0,1346.0,776.0,566,1,0,1,Pedestrian
5,1333.0,703.0,1346.0,776.0,567,1,0,1,Pedestrian
5,1333.0,703.0,1346.0,776.0,568,1,0,1,Pedestrian
5,1333.0,703.0,1346.0,776.0,569,1,0,1,Pedestrian
5,1333.0,703.0,1346.0,776.0,570,1,0,1,Pedestrian
5,1333.0,703.0,1346.0,776.0,571,1,0,1,Pedestrian
5,1333.0,703.0,1346.0,776.0,572,1,0,1,Pedestrian
5,1333.0,703.0,1346.0,776.0,573,1,0,0,Pedestrian
6,1273.0,1673.0,1329.0,1822.0,0,1,0,0,Pedestrian
6,1273.0,1673.0,1329.0,1822.0,1,1,0,1,Pedestrian
6,1273.0,1673.0,1329.0,1822.0,2,1,0,1,Pedestrian
6,1273.0,1673.0,1329.0,1822.0,3,1,0,1,Pedestrian
6,1273.0,1673.0,1329.0,1822.0,4,1,0,1,Pedestrian
6,1273.0,1673.0,1329.0,1822.0,5,1,0,1,Pedestrian
6,1273.0,1673.0,1329.0,1822.0,6,1,0,1,Pedestrian
6,1273.0,1673.0,1329.0,1822.0,7,1,0,1,Pedestrian
6,1273.0,1673.0,1329.0,1822.0,8,1,0,1,Pedestrian
6,1273.0,1673.0,1329.0,1822.0,9,1,0,1,Pedestrian
6,1273.0,1673.0,1329.0,1822.0,10,1,0,1,Pedestrian
6,1273.0,1673.0,1329.0,1822.0,11,1,0,1,Pedestrian
6,1273.0,1673.0,1329.0,1822.0,12,1,0,1,Pedestrian
6,1273.0,1673.0,1329.0,1822.0,13,1,0,1,Pedestrian
6,1273.0,1673.0,1329.0,1822.0,14,1,0,1,Pedestrian
6,1273.0,1673.0,1329.0,1822.0,15,1,0,1,Pedestrian
6,1273.0,1673.0,1329.0,1822.0,16,1,0,1,Pedestrian
6,1273.0,1673.0,1329.0,1822.0,17,1,0,1,Pedestrian
6,1273.0,1673.0,1329.0,1822.0,18,1,0,1,Pedestrian
6,1273.0,1673.0,1329.0,1822.0,19,1,0,1,Pedestrian
6,1273.0,1673.0,1329.0,1822.0,20,1,0,1,Pedestrian
6,1273.0,1673.0,1329.0,1822.0,21,1,0,1,Pedestrian
6,1273.0,1673.0,1329.0,1822.0,22,1,0,1,Pedestrian
6,1273.0,1673.0,1329.0,1822.0,23,1,0,1,Pedestrian
6,1273.0,1673.0,1329.0,1822.0,24,1,0,1,Pedestrian
6,1273.0,1673.0,1329.0,1822.0,25,1,0,1,Pedestrian
6,1273.0,1673.0,1329.0,1822.0,26,1,0,1,Pedestrian
6,1273.0,1673.0,1329.0,1822.0,27,1,0,1,Pedestrian
6,1273.0,1673.0,1329.0,1822.0,28,1,0,1,Pedestrian
6,1273.0,1673.0,1329.0,1822.0,29,1,0,1,Pedestrian
6,1273.0,1673.0,1329.0,1822.0,30,1,0,1,Pedestrian
6,1273.0,1673.0,1329.0,1822.0,31,1,0,1,Pedestrian
6,1273.0,1673.0,1329.0,1822.0,32,1,0,1,Pedestrian
6,1273.0,1673.0,1329.0,1822.0,33,1,0,1,Pedestrian
6,1273.0,1673.0,1329.0,1822.0,34,1,0,1,Pedestrian
6,1273.0,1673.0,1329.0,1822.0,35,1,0,1,Pedestrian
6,1273.0,1673.0,1329.0,1822.0,36,1,0,1,Pedestrian
6,1273.0,1673.0,1329.0,1822.0,37,1,0,1,Pedestrian
6,1273.0,1673.0,1329.0,1822.0,38,1,0,1,Pedestrian
6,1273.0,1673.0,1329.0,1822.0,39,1,0,1,Pedestrian
6,1273.0,1673.0,1329.0,1822.0,40,1,0,1,Pedestrian
6,1273.0,1673.0,1329.0,1822.0,41,1,0,1,Pedestrian
6,1273.0,1673.0,1329.0,1822.0,42,1,0,1,Pedestrian
6,1273.0,1673.0,1329.0,1822.0,43,1,0,1,Pedestrian
6,1273.0,1673.0,1329.0,1822.0,44,1,0,1,Pedestrian
6,1273.0,1673.0,1329.0,1822.0,45,1,0,1,Pedestrian
6,1273.0,1673.0,1329.0,1822.0,46,1,0,1,Pedestrian
6,1273.0,1673.0,1329.0,1822.0,47,1,0,1,Pedestrian
6,1273.0,1673.0,1329.0,1822.0,48,1,0,1,Pedestrian
6,1273.0,1673.0,1329.0,1822.0,49,1,0,1,Pedestrian
6,1273.0,1673.0,1329.0,1822.0,50,1,0,1,Pedestrian
6,1273.0,1673.0,1329.0,1822.0,51,1,0,1,Pedestrian
6,1273.0,1673.0,1329.0,1822.0,52,1,0,1,Pedestrian
6,1273.0,1673.0,1329.0,1822.0,53,1,0,1,Pedestrian
6,1273.0,1673.0,1329.0,1822.0,54,1,0,1,Pedestrian
6,1273.0,1673.0,1329.0,1822.0,55,1,0,1,Pedestrian
6,1273.0,1673.0,1329.0,1822.0,56,1,0,1,Pedestrian
6,1273.0,1673.0,1329.0,1822.0,57,1,0,1,Pedestrian
6,1273.0,1673.0,1329.0,1822.0,58,1,0,1,Pedestrian
6,1273.0,1673.0,1329.0,1822.0,59,1,0,1,Pedestrian
6,1273.0,1673.0,1329.0,1822.0,60,1,0,1,Pedestrian
6,1273.0,1673.0,1329.0,1822.0,61,1,0,1,Pedestrian
6,1273.0,1673.0,1329.0,1822.0,62,1,0,1,Pedestrian
6,1273.0,1673.0,1329.0,1822.0,63,1,0,1,Pedestrian
6,1273.0,1673.0,1329.0,1822.0,64,1,0,1,Pedestrian
6,1273.0,1673.0,1329.0,1822.0,65,1,0,1,Pedestrian
6,1273.0,1673.0,1329.0,1822.0,66,1,0,1,Pedestrian
6,1273.0,1673.0,1329.0,1822.0,67,1,0,1,Pedestrian
6,1273.0,1673.0,1329.0,1822.0,68,1,0,1,Pedestrian
6,1273.0,1673.0,1329.0,1822.0,69,1,0,1,Pedestrian
6,1273.0,1673.0,1329.0,1822.0,70,1,0,1,Pedestrian
6,1273.0,1673.0,1329.0,1822.0,71,1,0,1,Pedestrian
6,1273.0,1673.0,1329.0,1822.0,72,1,0,1,Pedestrian
6,1273.0,1673.0,1329.0,1822.0,73,1,0,1,Pedestrian
6,1273.0,1673.0,1329.0,1822.0,74,1,0,1,Pedestrian
6,1273.0,1673.0,1329.0,1822.0,75,1,0,1,Pedestrian
6,1273.0,1673.0,1329.0,1822.0,76,1,0,1,Pedestrian
6,1273.0,1673.0,1329.0,1822.0,77,1,0,1,Pedestrian
6,1273.0,1673.0,1329.0,1822.0,78,1,0,1,Pedestrian
6,1273.0,1673.0,1329.0,1822.0,79,1,0,1,Pedestrian
6,1273.0,1673.0,1329.0,1822.0,80,1,0,1,Pedestrian
6,1273.0,1673.0,1329.0,1822.0,81,1,0,1,Pedestrian
6,1273.0,1673.0,1329.0,1822.0,82,1,0,1,Pedestrian
6,1273.0,1673.0,1329.0,1822.0,83,1,0,1,Pedestrian
6,1273.0,1673.0,1329.0,1822.0,84,1,0,1,Pedestrian
6,1273.0,1673.0,1329.0,1822.0,85,1,0,1,Pedestrian
6,1273.0,1673.0,1329.0,1822.0,86,1,0,1,Pedestrian
6,1273.0,1673.0,1329.0,1822.0,87,1,0,1,Pedestrian
6,1273.0,1673.0,1329.0,1822.0,88,1,0,1,Pedestrian
6,1273.0,1673.0,1329.0,1822.0,89,1,0,1,Pedestrian
6,1273.0,1673.0,1329.0,1822.0,90,1,0,1,Pedestrian
6,1273.0,1673.0,1329.0,1822.0,91,1,0,1,Pedestrian
6,1273.0,1673.0,1329.0,1822.0,92,1,0,1,Pedestrian
6,1273.0,1673.0,1329.0,1822.0,93,1,0,1,Pedestrian
6,1273.0,1673.0,1329.0,1822.0,94,1,0,1,Pedestrian
6,1273.0,1673.0,1329.0,1822.0,95,1,0,1,Pedestrian
6,1273.0,1673.0,1329.0,1822.0,96,1,0,1,Pedestrian
6,1273.0,1673.0,1329.0,1822.0,97,1,0,1,Pedestrian
6,1273.0,1673.0,1329.0,1822.0,98,1,0,1,Pedestrian
6,1273.0,1673.0,1329.0,1822.0,99,1,0,1,Pedestrian
6,1273.0,1673.0,1329.0,1822.0,100,1,0,1,Pedestrian
6,1273.0,1673.0,1329.0,1822.0,101,1,0,1,Pedestrian
6,1273.0,1673.0,1329.0,1822.0,102,1,0,1,Pedestrian
6,1273.0,1673.0,1329.0,1822.0,103,1,0,1,Pedestrian
6,1273.0,1673.0,1329.0,1822.0,104,1,0,1,Pedestrian
6,1273.0,1673.0,1329.0,1822.0,105,1,0,1,Pedestrian
6,1273.0,1673.0,1329.0,1822.0,106,1,0,1,Pedestrian
6,1273.0,1673.0,1329.0,1822.0,107,1,0,1,Pedestrian
6,1273.0,1673.0,1329.0,1822.0,108,1,0,1,Pedestrian
6,1273.0,1673.0,1329.0,1822.0,109,1,0,1,Pedestrian
6,1273.0,1673.0,1329.0,1822.0,110,1,0,1,Pedestrian
6,1273.0,1673.0,1329.0,1822.0,111,1,0,1,Pedestrian
6,1273.0,1673.0,1329.0,1822.0,112,1,0,1,Pedestrian
6,1273.0,1673.0,1329.0,1822.0,113,1,0,1,Pedestrian
6,1273.0,1673.0,1329.0,1822.0,114,1,0,1,Pedestrian
6,1273.0,1673.0,1329.0,1822.0,115,1,0,1,Pedestrian
6,1273.0,1673.0,1329.0,1822.0,116,1,0,1,Pedestrian
6,1273.0,1673.0,1329.0,1822.0,117,1,0,1,Pedestrian
6,1273.0,1673.0,1329.0,1822.0,118,1,0,1,Pedestrian
6,1273.0,1673.0,1329.0,1822.0,119,1,0,1,Pedestrian
6,1273.0,1673.0,1329.0,1822.0,120,1,0,1,Pedestrian
6,1273.0,1673.0,1329.0,1822.0,121,1,0,1,Pedestrian
6,1273.0,1673.0,1329.0,1822.0,122,1,0,1,Pedestrian
6,1273.0,1673.0,1329.0,1822.0,123,1,0,1,Pedestrian
6,1273.0,1673.0,1329.0,1822.0,124,1,0,1,Pedestrian
6,1273.0,1673.0,1329.0,1822.0,125,1,0,1,Pedestrian
6,1273.0,1673.0,1329.0,1822.0,126,1,0,1,Pedestrian
6,1273.0,1673.0,1329.0,1822.0,127,1,0,1,Pedestrian
6,1273.0,1673.0,1329.0,1822.0,128,1,0,1,Pedestrian
6,1273.0,1673.0,1329.0,1822.0,129,1,0,1,Pedestrian
6,1273.0,1673.0,1329.0,1822.0,130,1,0,1,Pedestrian
6,1273.0,1673.0,1329.0,1822.0,131,1,0,1,Pedestrian
6,1273.0,1673.0,1329.0,1822.0,132,1,0,1,Pedestrian
6,1273.0,1673.0,1329.0,1822.0,133,1,0,1,Pedestrian
6,1273.0,1673.0,1329.0,1822.0,134,1,0,1,Pedestrian
6,1273.0,1673.0,1329.0,1822.0,135,1,0,1,Pedestrian
6,1273.0,1673.0,1329.0,1822.0,136,1,0,1,Pedestrian
6,1273.0,1673.0,1329.0,1822.0,137,1,0,1,Pedestrian
6,1273.0,1673.0,1329.0,1822.0,138,1,0,1,Pedestrian
6,1273.0,1673.0,1329.0,1822.0,139,1,0,1,Pedestrian
6,1273.0,1673.0,1329.0,1822.0,140,1,0,1,Pedestrian
6,1273.0,1673.0,1329.0,1822.0,141,1,0,1,Pedestrian
6,1273.0,1673.0,1329.0,1822.0,142,1,0,1,Pedestrian
6,1273.0,1673.0,1329.0,1822.0,143,1,0,1,Pedestrian
6,1273.0,1673.0,1329.0,1822.0,144,1,0,1,Pedestrian
6,1273.0,1673.0,1329.0,1822.0,145,1,0,1,Pedestrian
6,1273.0,1673.0,1329.0,1822.0,146,1,0,1,Pedestrian
6,1273.0,1673.0,1329.0,1822.0,147,1,0,1,Pedestrian
6,1273.0,1673.0,1329.0,1822.0,148,1,0,1,Pedestrian
6,1273.0,1673.0,1329.0,1822.0,149,1,0,1,Pedestrian
6,1273.0,1673.0,1329.0,1822.0,150,1,0,1,Pedestrian
6,1273.0,1673.0,1329.0,1822.0,151,1,0,1,Pedestrian
6,1273.0,1673.0,1329.0,1822.0,152,1,0,1,Pedestrian
6,1273.0,1673.0,1329.0,1822.0,153,1,0,1,Pedestrian
6,1273.0,1673.0,1329.0,1822.0,154,1,0,1,Pedestrian
6,1273.0,1673.0,1329.0,1822.0,155,1,0,1,Pedestrian
6,1273.0,1673.0,1329.0,1822.0,156,1,0,1,Pedestrian
6,1273.0,1673.0,1329.0,1822.0,157,1,0,1,Pedestrian
6,1273.0,1673.0,1329.0,1822.0,158,1,0,1,Pedestrian
6,1273.0,1673.0,1329.0,1822.0,159,1,0,1,Pedestrian
6,1273.0,1673.0,1329.0,1822.0,160,1,0,1,Pedestrian
6,1273.0,1673.0,1329.0,1822.0,161,1,0,1,Pedestrian
6,1273.0,1673.0,1329.0,1822.0,162,1,0,1,Pedestrian
6,1273.0,1673.0,1329.0,1822.0,163,1,0,1,Pedestrian
6,1273.0,1673.0,1329.0,1822.0,164,1,0,1,Pedestrian
6,1273.0,1673.0,1329.0,1822.0,165,1,0,1,Pedestrian
6,1273.0,1673.0,1329.0,1822.0,166,1,0,1,Pedestrian
6,1273.0,1673.0,1329.0,1822.0,167,1,0,1,Pedestrian
6,1273.0,1673.0,1329.0,1822.0,168,1,0,1,Pedestrian
6,1273.0,1673.0,1329.0,1822.0,169,1,0,1,Pedestrian
6,1273.0,1673.0,1329.0,1822.0,170,1,0,1,Pedestrian
6,1273.0,1673.0,1329.0,1822.0,171,1,0,1,Pedestrian
6,1273.0,1673.0,1329.0,1822.0,172,1,0,1,Pedestrian
6,1273.0,1673.0,1329.0,1822.0,173,1,0,1,Pedestrian
6,1273.0,1673.0,1329.0,1822.0,174,1,0,1,Pedestrian
6,1273.0,1673.0,1329.0,1822.0,175,1,0,1,Pedestrian
6,1273.0,1673.0,1329.0,1822.0,176,1,0,1,Pedestrian
6,1273.0,1673.0,1329.0,1822.0,177,1,0,1,Pedestrian
6,1273.0,1673.0,1329.0,1822.0,178,1,0,1,Pedestrian
6,1273.0,1673.0,1329.0,1822.0,179,1,0,1,Pedestrian
6,1273.0,1673.0,1329.0,1822.0,180,1,0,1,Pedestrian
6,1273.0,1673.0,1329.0,1822.0,181,1,0,1,Pedestrian
6,1273.0,1673.0,1329.0,1822.0,182,1,0,1,Pedestrian
6,1273.0,1673.0,1329.0,1822.0,183,1,0,1,Pedestrian
6,1273.0,1673.0,1329.0,1822.0,184,1,0,1,Pedestrian
6,1273.0,1673.0,1329.0,1822.0,185,1,0,1,Pedestrian
6,1273.0,1673.0,1329.0,1822.0,186,1,0,1,Pedestrian
6,1273.0,1673.0,1329.0,1822.0,187,1,0,1,Pedestrian
6,1273.0,1673.0,1329.0,1822.0,188,1,0,1,Pedestrian
6,1273.0,1673.0,1329.0,1822.0,189,1,0,1,Pedestrian
6,1273.0,1673.0,1329.0,1822.0,190,1,0,1,Pedestrian
6,1273.0,1673.0,1329.0,1822.0,191,1,0,1,Pedestrian
6,1273.0,1673.0,1329.0,1822.0,192,1,0,1,Pedestrian
6,1273.0,1673.0,1329.0,1822.0,193,1,0,1,Pedestrian
6,1273.0,1673.0,1329.0,1822.0,194,1,0,1,Pedestrian
6,1273.0,1673.0,1329.0,1822.0,195,1,0,1,Pedestrian
6,1273.0,1673.0,1329.0,1822.0,196,1,0,1,Pedestrian
6,1273.0,1673.0,1329.0,1822.0,197,1,0,1,Pedestrian
6,1273.0,1673.0,1329.0,1822.0,198,1,0,1,Pedestrian
6,1273.0,1673.0,1329.0,1822.0,199,1,0,1,Pedestrian
6,1273.0,1673.0,1329.0,1822.0,200,1,0,1,Pedestrian
6,1273.0,1673.0,1329.0,1822.0,201,1,0,1,Pedestrian
6,1273.0,1673.0,1329.0,1822.0,202,1,0,1,Pedestrian
6,1273.0,1673.0,1329.0,1822.0,203,1,0,1,Pedestrian
6,1273.0,1673.0,1329.0,1822.0,204,1,0,1,Pedestrian
6,1273.0,1673.0,1329.0,1822.0,205,1,0,1,Pedestrian
6,1273.0,1673.0,1329.0,1822.0,206,1,0,1,Pedestrian
6,1273.0,1673.0,1329.0,1822.0,207,1,0,1,Pedestrian
6,1273.0,1673.0,1329.0,1822.0,208,1,0,1,Pedestrian
6,1273.0,1673.0,1329.0,1822.0,209,1,0,1,Pedestrian
6,1273.0,1673.0,1329.0,1822.0,210,1,0,1,Pedestrian
6,1273.0,1673.0,1329.0,1822.0,211,1,0,1,Pedestrian
6,1273.0,1673.0,1329.0,1822.0,212,1,0,1,Pedestrian
6,1273.0,1673.0,1329.0,1822.0,213,1,0,1,Pedestrian
6,1273.0,1673.0,1329.0,1822.0,214,1,0,1,Pedestrian
6,1273.0,1673.0,1329.0,1822.0,215,1,0,1,Pedestrian
6,1273.0,1673.0,1329.0,1822.0,216,1,0,1,Pedestrian
6,1273.0,1673.0,1329.0,1822.0,217,1,0,1,Pedestrian
6,1273.0,1673.0,1329.0,1822.0,218,1,0,1,Pedestrian
6,1273.0,1673.0,1329.0,1822.0,219,1,0,1,Pedestrian
6,1273.0,1673.0,1329.0,1822.0,220,1,0,1,Pedestrian
6,1273.0,1673.0,1329.0,1822.0,221,1,0,1,Pedestrian
6,1273.0,1673.0,1329.0,1822.0,222,1,0,1,Pedestrian
6,1273.0,1673.0,1329.0,1822.0,223,1,0,1,Pedestrian
6,1273.0,1673.0,1329.0,1822.0,224,1,0,1,Pedestrian
6,1273.0,1673.0,1329.0,1822.0,225,1,0,1,Pedestrian
6,1273.0,1673.0,1329.0,1822.0,226,1,0,1,Pedestrian
6,1273.0,1673.0,1329.0,1822.0,227,1,0,1,Pedestrian
6,1273.0,1673.0,1329.0,1822.0,228,1,0,1,Pedestrian
6,1273.0,1673.0,1329.0,1822.0,229,1,0,1,Pedestrian
6,1273.0,1673.0,1329.0,1822.0,230,1,0,1,Pedestrian
6,1273.0,1673.0,1329.0,1822.0,231,1,0,1,Pedestrian
6,1273.0,1673.0,1329.0,1822.0,232,1,0,1,Pedestrian
6,1273.0,1673.0,1329.0,1822.0,233,1,0,1,Pedestrian
6,1273.0,1673.0,1329.0,1822.0,234,1,0,1,Pedestrian
6,1273.0,1673.0,1329.0,1822.0,235,1,0,1,Pedestrian
6,1273.0,1673.0,1329.0,1822.0,236,1,0,1,Pedestrian
6,1273.0,1673.0,1329.0,1822.0,237,1,0,1,Pedestrian
6,1273.0,1673.0,1329.0,1822.0,238,1,0,1,Pedestrian
6,1273.0,1673.0,1329.0,1822.0,239,1,0,1,Pedestrian
6,1273.0,1673.0,1329.0,1822.0,240,1,0,1,Pedestrian
6,1273.0,1673.0,1329.0,1822.0,241,1,0,1,Pedestrian
6,1273.0,1673.0,1329.0,1822.0,242,1,0,1,Pedestrian
6,1273.0,1673.0,1329.0,1822.0,243,1,0,1,Pedestrian
6,1273.0,1673.0,1329.0,1822.0,244,1,0,1,Pedestrian
6,1273.0,1673.0,1329.0,1822.0,245,1,0,1,Pedestrian
6,1273.0,1673.0,1329.0,1822.0,246,1,0,1,Pedestrian
6,1273.0,1673.0,1329.0,1822.0,247,1,0,1,Pedestrian
6,1273.0,1673.0,1329.0,1822.0,248,1,0,1,Pedestrian
6,1273.0,1673.0,1329.0,1822.0,249,1,0,1,Pedestrian
6,1273.0,1673.0,1329.0,1822.0,250,1,0,1,Pedestrian
6,1273.0,1673.0,1329.0,1822.0,251,1,0,1,Pedestrian
6,1273.0,1673.0,1329.0,1822.0,252,1,0,1,Pedestrian
6,1273.0,1673.0,1329.0,1822.0,253,1,0,1,Pedestrian
6,1273.0,1673.0,1329.0,1822.0,254,1,0,1,Pedestrian
6,1273.0,1673.0,1329.0,1822.0,255,1,0,1,Pedestrian
6,1273.0,1673.0,1329.0,1822.0,256,1,0,1,Pedestrian
6,1273.0,1673.0,1329.0,1822.0,257,1,0,1,Pedestrian
6,1273.0,1673.0,1329.0,1822.0,258,1,0,1,Pedestrian
6,1273.0,1673.0,1329.0,1822.0,259,1,0,1,Pedestrian
6,1273.0,1673.0,1329.0,1822.0,260,1,0,1,Pedestrian
6,1273.0,1673.0,1329.0,1822.0,261,1,0,1,Pedestrian
6,1273.0,1673.0,1329.0,1822.0,262,1,0,1,Pedestrian
6,1273.0,1673.0,1329.0,1822.0,263,1,0,1,Pedestrian
6,1273.0,1673.0,1329.0,1822.0,264,1,0,1,Pedestrian
6,1273.0,1673.0,1329.0,1822.0,265,1,0,1,Pedestrian
6,1273.0,1673.0,1329.0,1822.0,266,1,0,1,Pedestrian
6,1273.0,1673.0,1329.0,1822.0,267,1,0,1,Pedestrian
6,1273.0,1673.0,1329.0,1822.0,268,1,0,1,Pedestrian
6,1273.0,1673.0,1329.0,1822.0,269,1,0,1,Pedestrian
6,1273.0,1673.0,1329.0,1822.0,270,1,0,1,Pedestrian
6,1273.0,1673.0,1329.0,1822.0,271,1,0,1,Pedestrian
6,1273.0,1673.0,1329.0,1822.0,272,1,0,1,Pedestrian
6,1273.0,1673.0,1329.0,1822.0,273,1,0,1,Pedestrian
6,1273.0,1673.0,1329.0,1822.0,274,1,0,1,Pedestrian
6,1273.0,1673.0,1329.0,1822.0,275,1,0,1,Pedestrian
6,1273.0,1673.0,1329.0,1822.0,276,1,0,1,Pedestrian
6,1273.0,1673.0,1329.0,1822.0,277,1,0,1,Pedestrian
6,1273.0,1673.0,1329.0,1822.0,278,1,0,1,Pedestrian
6,1273.0,1673.0,1329.0,1822.0,279,1,0,1,Pedestrian
6,1273.0,1673.0,1329.0,1822.0,280,1,0,1,Pedestrian
6,1273.0,1673.0,1329.0,1822.0,281,1,0,1,Pedestrian
6,1273.0,1673.0,1329.0,1822.0,282,1,0,1,Pedestrian
6,1273.0,1673.0,1329.0,1822.0,283,1,0,1,Pedestrian
6,1273.0,1673.0,1329.0,1822.0,284,1,0,1,Pedestrian
6,1273.0,1673.0,1329.0,1822.0,285,1,0,1,Pedestrian
6,1273.0,1673.0,1329.0,1822.0,286,1,0,1,Pedestrian
6,1273.0,1673.0,1329.0,1822.0,287,1,0,1,Pedestrian
6,1273.0,1673.0,1329.0,1822.0,288,1,0,1,Pedestrian
6,1273.0,1673.0,1329.0,1822.0,289,1,0,1,Pedestrian
6,1273.0,1673.0,1329.0,1822.0,290,1,0,1,Pedestrian
6,1273.0,1673.0,1329.0,1822.0,291,1,0,1,Pedestrian
6,1273.0,1673.0,1329.0,1822.0,292,1,0,1,Pedestrian
6,1273.0,1673.0,1329.0,1822.0,293,1,0,1,Pedestrian
6,1273.0,1673.0,1329.0,1822.0,294,1,0,1,Pedestrian
6,1273.0,1673.0,1329.0,1822.0,295,1,0,1,Pedestrian
6,1273.0,1673.0,1329.0,1822.0,296,1,0,1,Pedestrian
6,1273.0,1673.0,1329.0,1822.0,297,1,0,1,Pedestrian
6,1273.0,1673.0,1329.0,1822.0,298,1,0,1,Pedestrian
6,1273.0,1673.0,1329.0,1822.0,299,1,0,1,Pedestrian
6,1273.0,1673.0,1329.0,1822.0,300,1,0,1,Pedestrian
6,1273.0,1673.0,1329.0,1822.0,301,1,0,1,Pedestrian
6,1273.0,1673.0,1329.0,1822.0,302,1,0,1,Pedestrian
6,1273.0,1673.0,1329.0,1822.0,303,1,0,1,Pedestrian
6,1273.0,1673.0,1329.0,1822.0,304,1,0,1,Pedestrian
6,1273.0,1673.0,1329.0,1822.0,305,1,0,1,Pedestrian
6,1273.0,1673.0,1329.0,1822.0,306,1,0,1,Pedestrian
6,1273.0,1673.0,1329.0,1822.0,307,1,0,1,Pedestrian
6,1273.0,1673.0,1329.0,1822.0,308,1,0,1,Pedestrian
6,1273.0,1673.0,1329.0,1822.0,309,1,0,1,Pedestrian
6,1273.0,1673.0,1329.0,1822.0,310,1,0,1,Pedestrian
6,1273.0,1673.0,1329.0,1822.0,311,1,0,1,Pedestrian
6,1273.0,1673.0,1329.0,1822.0,312,1,0,1,Pedestrian
6,1273.0,1673.0,1329.0,1822.0,313,1,0,1,Pedestrian
6,1273.0,1673.0,1329.0,1822.0,314,1,0,1,Pedestrian
6,1273.0,1673.0,1329.0,1822.0,315,1,0,1,Pedestrian
6,1273.0,1673.0,1329.0,1822.0,316,1,0,1,Pedestrian
6,1273.0,1673.0,1329.0,1822.0,317,1,0,1,Pedestrian
6,1273.0,1673.0,1329.0,1822.0,318,1,0,1,Pedestrian
6,1273.0,1673.0,1329.0,1822.0,319,1,0,1,Pedestrian
6,1273.0,1673.0,1329.0,1822.0,320,0,0,0,Pedestrian
6,1271.0,1669.0,1327.0,1818.0,321,0,0,1,Pedestrian
6,1269.0,1669.0,1325.0,1818.0,322,0,0,1,Pedestrian
6,1269.0,1669.0,1325.0,1818.0,323,0,0,1,Pedestrian
6,1267.0,1669.0,1323.0,1818.0,324,0,0,1,Pedestrian
6,1267.0,1669.0,1323.0,1818.0,325,0,0,1,Pedestrian
6,1265.0,1669.0,1321.0,1818.0,326,0,0,1,Pedestrian
6,1265.0,1669.0,1321.0,1818.0,327,0,0,1,Pedestrian
6,1263.0,1669.0,1320.0,1818.0,328,0,0,1,Pedestrian
6,1263.0,1669.0,1320.0,1818.0,329,0,0,1,Pedestrian
6,1261.0,1669.0,1318.0,1818.0,330,0,0,1,Pedestrian
6,1261.0,1669.0,1318.0,1818.0,331,0,0,1,Pedestrian
6,1260.0,1669.0,1316.0,1818.0,332,0,0,1,Pedestrian
6,1260.0,1669.0,1316.0,1818.0,333,0,0,1,Pedestrian
6,1258.0,1669.0,1314.0,1818.0,334,0,0,1,Pedestrian
6,1256.0,1669.0,1312.0,1818.0,335,0,0,1,Pedestrian
6,1256.0,1669.0,1312.0,1818.0,336,0,0,1,Pedestrian
6,1254.0,1669.0,1310.0,1818.0,337,0,0,1,Pedestrian
6,1254.0,1669.0,1310.0,1818.0,338,0,0,1,Pedestrian
6,1252.0,1669.0,1308.0,1818.0,339,0,0,1,Pedestrian
6,1252.0,1669.0,1308.0,1818.0,340,0,0,1,Pedestrian
6,1250.0,1669.0,1306.0,1818.0,341,0,0,1,Pedestrian
6,1250.0,1669.0,1306.0,1818.0,342,0,0,1,Pedestrian
6,1248.0,1669.0,1305.0,1818.0,343,0,0,1,Pedestrian
6,1248.0,1669.0,1305.0,1818.0,344,0,0,1,Pedestrian
6,1246.0,1669.0,1303.0,1818.0,345,0,0,1,Pedestrian
6,1246.0,1669.0,1303.0,1818.0,346,0,0,1,Pedestrian
6,1245.0,1669.0,1301.0,1818.0,347,0,0,1,Pedestrian
6,1243.0,1669.0,1299.0,1818.0,348,0,0,1,Pedestrian
6,1243.0,1669.0,1299.0,1818.0,349,0,0,1,Pedestrian
6,1241.0,1669.0,1297.0,1818.0,350,0,0,1,Pedestrian
6,1241.0,1669.0,1297.0,1818.0,351,0,0,1,Pedestrian
6,1239.0,1669.0,1295.0,1818.0,352,0,0,1,Pedestrian
6,1239.0,1669.0,1295.0,1818.0,353,0,0,1,Pedestrian
6,1237.0,1669.0,1293.0,1818.0,354,0,0,1,Pedestrian
6,1237.0,1669.0,1293.0,1818.0,355,0,0,1,Pedestrian
6,1235.0,1669.0,1291.0,1818.0,356,0,0,1,Pedestrian
6,1235.0,1669.0,1291.0,1818.0,357,0,0,1,Pedestrian
6,1233.0,1669.0,1290.0,1818.0,358,0,0,1,Pedestrian
6,1233.0,1669.0,1290.0,1818.0,359,0,0,1,Pedestrian
6,1231.0,1669.0,1288.0,1818.0,360,0,0,1,Pedestrian
6,1231.0,1669.0,1288.0,1818.0,361,0,0,0,Pedestrian
6,1230.0,1665.0,1286.0,1814.0,362,0,0,1,Pedestrian
6,1230.0,1665.0,1286.0,1814.0,363,0,0,1,Pedestrian
6,1228.0,1665.0,1284.0,1814.0,364,0,0,1,Pedestrian
6,1228.0,1665.0,1284.0,1814.0,365,0,0,1,Pedestrian
6,1226.0,1665.0,1282.0,1814.0,366,0,0,1,Pedestrian
6,1226.0,1661.0,1282.0,1810.0,367,0,0,1,Pedestrian
6,1224.0,1661.0,1280.0,1810.0,368,0,0,1,Pedestrian
6,1224.0,1661.0,1280.0,1810.0,369,0,0,1,Pedestrian
6,1222.0,1661.0,1278.0,1810.0,370,0,0,1,Pedestrian
6,1222.0,1661.0,1278.0,1810.0,371,0,0,1,Pedestrian
6,1220.0,1657.0,1276.0,1806.0,372,0,0,1,Pedestrian
6,1220.0,1657.0,1276.0,1806.0,373,0,0,1,Pedestrian
6,1218.0,1657.0,1275.0,1806.0,374,0,0,1,Pedestrian
6,1218.0,1657.0,1275.0,1806.0,375,0,0,1,Pedestrian
6,1216.0,1657.0,1273.0,1806.0,376,0,0,1,Pedestrian
6,1216.0,1653.0,1273.0,1802.0,377,0,0,1,Pedestrian
6,1215.0,1653.0,1271.0,1802.0,378,0,0,1,Pedestrian
6,1215.0,1653.0,1271.0,1802.0,379,0,0,1,Pedestrian
6,1213.0,1653.0,1269.0,1802.0,380,0,0,1,Pedestrian
6,1213.0,1653.0,1269.0,1802.0,381,0,0,0,Pedestrian
6,1211.0,1649.0,1267.0,1798.0,382,0,0,1,Pedestrian
6,1211.0,1649.0,1267.0,1798.0,383,0,0,1,Pedestrian
6,1209.0,1649.0,1265.0,1798.0,384,0,0,1,Pedestrian
6,1209.0,1644.0,1265.0,1794.0,385,0,0,1,Pedestrian
6,1209.0,1644.0,1265.0,1794.0,386,0,0,1,Pedestrian
6,1207.0,1644.0,1263.0,1794.0,387,0,0,1,Pedestrian
6,1207.0,1640.0,1263.0,1794.0,388,0,0,1,Pedestrian
6,1205.0,1640.0,1261.0,1790.0,389,0,0,1,Pedestrian
6,1205.0,1640.0,1261.0,1790.0,390,0,0,1,Pedestrian
6,1205.0,1640.0,1261.0,1790.0,391,0,0,1,Pedestrian
6,1203.0,1636.0,1260.0,1786.0,392,0,0,1,Pedestrian
6,1203.0,1636.0,1260.0,1786.0,393,0,0,1,Pedestrian
6,1201.0,1636.0,1258.0,1786.0,394,0,0,1,Pedestrian
6,1201.0,1632.0,1258.0,1786.0,395,0,0,1,Pedestrian
6,1201.0,1632.0,1258.0,1782.0,396,0,0,1,Pedestrian
6,1200.0,1632.0,1256.0,1782.0,397,0,0,1,Pedestrian
6,1200.0,1628.0,1256.0,1782.0,398,0,0,1,Pedestrian
6,1200.0,1628.0,1256.0,1778.0,399,0,0,1,Pedestrian
6,1198.0,1628.0,1254.0,1778.0,400,0,0,1,Pedestrian
6,1198.0,1628.0,1254.0,1778.0,401,0,0,1,Pedestrian
6,1196.0,1624.0,1252.0,1778.0,402,0,0,1,Pedestrian
6,1196.0,1624.0,1252.0,1774.0,403,0,0,1,Pedestrian
6,1196.0,1624.0,1252.0,1774.0,404,0,0,1,Pedestrian
6,1194.0,1620.0,1250.0,1774.0,405,0,0,1,Pedestrian
6,1194.0,1620.0,1250.0,1770.0,406,0,0,1,Pedestrian
6,1192.0,1620.0,1248.0,1770.0,407,0,0,1,Pedestrian
6,1192.0,1616.0,1248.0,1770.0,408,0,0,1,Pedestrian
6,1192.0,1616.0,1248.0,1770.0,409,0,0,1,Pedestrian
6,1190.0,1616.0,1246.0,1766.0,410,0,0,1,Pedestrian
6,1190.0,1616.0,1246.0,1766.0,411,0,0,1,Pedestrian
6,1190.0,1612.0,1246.0,1766.0,412,0,0,1,Pedestrian
6,1188.0,1612.0,1245.0,1762.0,413,0,0,1,Pedestrian
6,1188.0,1612.0,1245.0,1762.0,414,0,0,1,Pedestrian
6,1186.0,1608.0,1243.0,1762.0,415,0,0,1,Pedestrian
6,1186.0,1608.0,1243.0,1762.0,416,0,0,1,Pedestrian
6,1186.0,1608.0,1243.0,1758.0,417,0,0,1,Pedestrian
6,1185.0,1604.0,1241.0,1758.0,418,0,0,1,Pedestrian
6,1185.0,1604.0,1241.0,1758.0,419,0,0,1,Pedestrian
6,1183.0,1604.0,1239.0,1754.0,420,0,0,1,Pedestrian
6,1183.0,1604.0,1239.0,1754.0,421,0,0,1,Pedestrian
6,1183.0,1600.0,1239.0,1754.0,422,0,0,1,Pedestrian
6,1181.0,1600.0,1237.0,1754.0,423,0,0,1,Pedestrian
6,1181.0,1600.0,1237.0,1750.0,424,0,0,1,Pedestrian
6,1181.0,1596.0,1237.0,1750.0,425,0,0,1,Pedestrian
6,1179.0,1596.0,1235.0,1750.0,426,0,0,1,Pedestrian
6,1179.0,1596.0,1235.0,1746.0,427,0,0,1,Pedestrian
6,1177.0,1592.0,1233.0,1746.0,428,0,0,1,Pedestrian
6,1177.0,1592.0,1233.0,1746.0,429,0,0,1,Pedestrian
6,1177.0,1592.0,1233.0,1746.0,430,0,0,1,Pedestrian
6,1175.0,1592.0,1231.0,1741.0,431,0,0,1,Pedestrian
6,1175.0,1588.0,1231.0,1741.0,432,0,0,1,Pedestrian
6,1173.0,1588.0,1230.0,1741.0,433,0,0,1,Pedestrian
6,1173.0,1588.0,1230.0,1737.0,434,0,0,1,Pedestrian
6,1173.0,1584.0,1230.0,1737.0,435,0,0,1,Pedestrian
6,1171.0,1584.0,1228.0,1737.0,436,0,0,1,Pedestrian
6,1171.0,1584.0,1228.0,1737.0,437,0,0,1,Pedestrian
6,1171.0,1580.0,1228.0,1733.0,438,0,0,1,Pedestrian
6,1170.0,1580.0,1226.0,1733.0,439,0,0,1,Pedestrian
6,1170.0,1580.0,1226.0,1733.0,440,0,0,1,Pedestrian
6,1168.0,1580.0,1224.0,1729.0,441,0,0,1,Pedestrian
6,1168.0,1576.0,1224.0,1729.0,442,0,0,1,Pedestrian
6,1168.0,1576.0,1224.0,1729.0,443,0,0,1,Pedestrian
6,1166.0,1576.0,1222.0,1729.0,444,0,0,1,Pedestrian
6,1166.0,1572.0,1222.0,1725.0,445,0,0,1,Pedestrian
6,1164.0,1572.0,1220.0,1725.0,446,0,0,1,Pedestrian
6,1164.0,1572.0,1220.0,1725.0,447,0,0,1,Pedestrian
6,1164.0,1568.0,1220.0,1721.0,448,0,0,1,Pedestrian
6,1162.0,1568.0,1218.0,1721.0,449,0,0,1,Pedestrian
6,1162.0,1568.0,1218.0,1721.0,450,0,0,1,Pedestrian
6,1162.0,1568.0,1218.0,1721.0,451,0,0,0,Pedestrian
6,1160.0,1564.0,1216.0,1717.0,452,0,0,1,Pedestrian
6,1160.0,1560.0,1216.0,1713.0,453,0,0,1,Pedestrian
6,1158.0,1560.0,1215.0,1713.0,454,0,0,1,Pedestrian
6,1158.0,1556.0,1215.0,1709.0,455,0,0,1,Pedestrian
6,1158.0,1556.0,1215.0,1709.0,456,0,0,1,Pedestrian
6,1156.0,1552.0,1213.0,1705.0,457,0,0,1,Pedestrian
6,1156.0,1552.0,1213.0,1705.0,458,0,0,1,Pedestrian
6,1156.0,1547.0,1213.0,1701.0,459,0,0,1,Pedestrian
6,1155.0,1547.0,1211.0,1701.0,460,0,0,1,Pedestrian
6,1155.0,1543.0,1211.0,1697.0,461,0,0,1,Pedestrian
6,1155.0,1539.0,1211.0,1693.0,462,0,0,1,Pedestrian
6,1153.0,1539.0,1209.0,1693.0,463,0,0,1,Pedestrian
6,1153.0,1535.0,1209.0,1689.0,464,0,0,1,Pedestrian
6,1153.0,1535.0,1209.0,1689.0,465,0,0,1,Pedestrian
6,1151.0,1531.0,1207.0,1685.0,466,0,0,1,Pedestrian
6,1151.0,1531.0,1207.0,1685.0,467,0,0,1,Pedestrian
6,1151.0,1527.0,1207.0,1681.0,468,0,0,1,Pedestrian
6,1149.0,1527.0,1205.0,1681.0,469,0,0,1,Pedestrian
6,1149.0,1523.0,1205.0,1677.0,470,0,0,1,Pedestrian
6,1149.0,1523.0,1205.0,1677.0,471,0,1,0,Pedestrian
6,1147.0,1519.0,1203.0,1673.0,472,0,1,1,Pedestrian
6,1147.0,1515.0,1203.0,1669.0,473,0,1,1,Pedestrian
6,1145.0,1515.0,1201.0,1669.0,474,0,1,1,Pedestrian
6,1145.0,1511.0,1201.0,1665.0,475,0,1,1,Pedestrian
6,1145.0,1511.0,1201.0,1665.0,476,0,1,1,Pedestrian
6,1143.0,1507.0,1200.0,1661.0,477,0,1,1,Pedestrian
6,1143.0,1507.0,1200.0,1661.0,478,0,1,1,Pedestrian
6,1143.0,1503.0,1200.0,1657.0,479,0,1,1,Pedestrian
6,1141.0,1503.0,1198.0,1657.0,480,0,1,1,Pedestrian
6,1141.0,1499.0,1198.0,1653.0,481,0,1,1,Pedestrian
6,1141.0,1499.0,1198.0,1653.0,482,0,1,1,Pedestrian
6,1140.0,1495.0,1196.0,1649.0,483,0,1,1,Pedestrian
6,1140.0,1495.0,1196.0,1649.0,484,0,1,1,Pedestrian
6,1140.0,1491.0,1196.0,1644.0,485,0,1,1,Pedestrian
6,1138.0,1491.0,1194.0,1644.0,486,0,1,1,Pedestrian
6,1138.0,1487.0,1194.0,1640.0,487,0,1,1,Pedestrian
6,1138.0,1487.0,1194.0,1640.0,488,0,1,1,Pedestrian
6,1136.0,1483.0,1192.0,1636.0,489,0,1,1,Pedestrian
6,1136.0,1483.0,1192.0,1636.0,490,0,1,1,Pedestrian
6,1136.0,1479.0,1192.0,1632.0,491,0,1,1,Pedestrian
6,1134.0,1479.0,1190.0,1632.0,492,0,1,1,Pedestrian
6,1134.0,1475.0,1190.0,1628.0,493,0,1,1,Pedestrian
6,1134.0,1475.0,1190.0,1628.0,494,0,1,1,Pedestrian
6,1132.0,1471.0,1188.0,1624.0,495,0,1,1,Pedestrian
6,1132.0,1471.0,1188.0,1624.0,496,0,1,1,Pedestrian
6,1132.0,1467.0,1188.0,1620.0,497,0,1,1,Pedestrian
6,1130.0,1467.0,1186.0,1620.0,498,0,1,1,Pedestrian
6,1130.0,1463.0,1186.0,1616.0,499,0,1,1,Pedestrian
6,1130.0,1463.0,1186.0,1616.0,500,0,1,0,Pedestrian
6,1128.0,1459.0,1185.0,1612.0,501,0,1,1,Pedestrian
6,1128.0,1459.0,1185.0,1612.0,502,0,1,1,Pedestrian
6,1128.0,1459.0,1183.0,1608.0,503,0,1,1,Pedestrian
6,1126.0,1459.0,1183.0,1608.0,504,0,1,1,Pedestrian
6,1126.0,1459.0,1183.0,1604.0,505,0,1,1,Pedestrian
6,1126.0,1459.0,1181.0,1604.0,506,0,1,1,Pedestrian
6,1125.0,1459.0,1181.0,1604.0,507,0,1,1,Pedestrian
6,1125.0,1459.0,1179.0,1600.0,508,0,1,1,Pedestrian
6,1125.0,1455.0,1179.0,1600.0,509,0,1,1,Pedestrian
6,1125.0,1455.0,1179.0,1596.0,510,0,1,1,Pedestrian
6,1123.0,1455.0,1177.0,1596.0,511,0,1,1,Pedestrian
6,1123.0,1455.0,1177.0,1592.0,512,0,1,1,Pedestrian
6,1123.0,1455.0,1175.0,1592.0,513,0,1,1,Pedestrian
6,1121.0,1455.0,1175.0,1592.0,514,0,1,1,Pedestrian
6,1121.0,1455.0,1175.0,1588.0,515,0,1,1,Pedestrian
6,1121.0,1455.0,1173.0,1588.0,516,0,1,1,Pedestrian
6,1119.0,1450.0,1173.0,1584.0,517,0,1,1,Pedestrian
6,1119.0,1450.0,1171.0,1584.0,518,0,1,1,Pedestrian
6,1119.0,1450.0,1171.0,1584.0,519,0,1,1,Pedestrian
6,1119.0,1450.0,1171.0,1580.0,520,0,1,1,Pedestrian
6,1117.0,1450.0,1170.0,1580.0,521,0,1,1,Pedestrian
6,1117.0,1450.0,1170.0,1576.0,522,0,1,1,Pedestrian
6,1117.0,1450.0,1168.0,1576.0,523,0,1,1,Pedestrian
6,1115.0,1450.0,1168.0,1572.0,524,0,1,1,Pedestrian
6,1115.0,1450.0,1168.0,1572.0,525,0,1,1,Pedestrian
6,1115.0,1446.0,1166.0,1572.0,526,0,1,1,Pedestrian
6,1113.0,1446.0,1166.0,1568.0,527,0,1,1,Pedestrian
6,1113.0,1446.0,1164.0,1568.0,528,0,1,1,Pedestrian
6,1113.0,1446.0,1164.0,1564.0,529,0,1,1,Pedestrian
6,1113.0,1446.0,1164.0,1564.0,530,0,1,1,Pedestrian
6,1111.0,1446.0,1162.0,1560.0,531,0,1,1,Pedestrian
6,1111.0,1446.0,1162.0,1560.0,532,0,1,1,Pedestrian
6,1111.0,1446.0,1160.0,1560.0,533,0,1,1,Pedestrian
6,1110.0,1442.0,1160.0,1556.0,534,0,1,1,Pedestrian
6,1110.0,1442.0,1160.0,1556.0,535,0,1,1,Pedestrian
6,1110.0,1442.0,1158.0,1552.0,536,0,1,1,Pedestrian
6,1108.0,1442.0,1158.0,1552.0,537,0,1,1,Pedestrian
6,1108.0,1442.0,1156.0,1552.0,538,0,1,1,Pedestrian
6,1108.0,1442.0,1156.0,1547.0,539,0,1,1,Pedestrian
6,1108.0,1442.0,1156.0,1547.0,540,0,1,1,Pedestrian
6,1106.0,1442.0,1155.0,1543.0,541,0,1,1,Pedestrian
6,1106.0,1438.0,1155.0,1543.0,542,0,1,1,Pedestrian
6,1106.0,1438.0,1153.0,1539.0,543,0,1,1,Pedestrian
6,1104.0,1438.0,1153.0,1539.0,544,0,1,1,Pedestrian
6,1104.0,1438.0,1153.0,1539.0,545,0,1,1,Pedestrian
6,1104.0,1438.0,1151.0,1535.0,546,0,1,1,Pedestrian
6,1102.0,1438.0,1151.0,1535.0,547,0,1,1,Pedestrian
6,1102.0,1438.0,1149.0,1531.0,548,0,1,1,Pedestrian
6,1102.0,1438.0,1149.0,1531.0,549,0,1,1,Pedestrian
6,1102.0,1438.0,1149.0,1531.0,550,0,1,0,Pedestrian
6,1100.0,1434.0,1147.0,1527.0,551,0,1,1,Pedestrian
6,1100.0,1430.0,1147.0,1523.0,552,0,1,1,Pedestrian
6,1100.0,1426.0,1147.0,1519.0,553,0,1,1,Pedestrian
6,1098.0,1422.0,1145.0,1515.0,554,0,1,1,Pedestrian
6,1098.0,1418.0,1145.0,1511.0,555,0,1,1,Pedestrian
6,1098.0,1414.0,1145.0,1507.0,556,0,1,1,Pedestrian
6,1098.0,1410.0,1145.0,1503.0,557,0,1,1,Pedestrian
6,1096.0,1406.0,1143.0,1499.0,558,0,1,1,Pedestrian
6,1096.0,1402.0,1143.0,1495.0,559,0,1,1,Pedestrian
6,1096.0,1398.0,1143.0,1491.0,560,0,1,1,Pedestrian
6,1096.0,1394.0,1143.0,1487.0,561,0,1,1,Pedestrian
6,1095.0,1394.0,1141.0,1487.0,562,0,1,1,Pedestrian
6,1095.0,1390.0,1141.0,1483.0,563,0,1,1,Pedestrian
6,1095.0,1386.0,1141.0,1479.0,564,0,1,1,Pedestrian
6,1095.0,1382.0,1141.0,1475.0,565,0,1,1,Pedestrian
6,1093.0,1378.0,1140.0,1471.0,566,0,1,1,Pedestrian
6,1093.0,1374.0,1140.0,1467.0,567,0,1,1,Pedestrian
6,1093.0,1370.0,1140.0,1463.0,568,0,1,1,Pedestrian
6,1093.0,1366.0,1140.0,1459.0,569,0,1,1,Pedestrian
6,1091.0,1362.0,1138.0,1455.0,570,0,1,1,Pedestrian
6,1091.0,1358.0,1138.0,1450.0,571,0,1,1,Pedestrian
6,1091.0,1353.0,1138.0,1446.0,572,0,1,1,Pedestrian
6,1091.0,1353.0,1138.0,1446.0,573,0,1,0,Pedestrian
7,43.0,784.0,125.0,881.0,0,1,0,0,Biker
7,43.0,784.0,125.0,881.0,1,1,0,1,Biker
7,43.0,784.0,125.0,881.0,2,1,0,1,Biker
7,43.0,784.0,125.0,881.0,3,1,0,1,Biker
7,43.0,784.0,125.0,881.0,4,1,0,1,Biker
7,43.0,784.0,125.0,881.0,5,1,0,1,Biker
7,43.0,784.0,125.0,881.0,6,1,0,1,Biker
7,43.0,784.0,125.0,881.0,7,1,0,1,Biker
7,43.0,784.0,125.0,881.0,8,1,0,1,Biker
7,43.0,784.0,125.0,881.0,9,1,0,1,Biker
7,43.0,784.0,125.0,881.0,10,1,0,1,Biker
7,43.0,784.0,125.0,881.0,11,1,0,1,Biker
7,43.0,784.0,125.0,881.0,12,1,0,1,Biker
7,43.0,784.0,125.0,881.0,13,1,0,1,Biker
7,43.0,784.0,125.0,881.0,14,1,0,1,Biker
7,43.0,784.0,125.0,881.0,15,1,0,1,Biker
7,43.0,784.0,125.0,881.0,16,1,0,1,Biker
7,43.0,784.0,125.0,881.0,17,1,0,1,Biker
7,43.0,784.0,125.0,881.0,18,1,0,1,Biker
7,43.0,784.0,125.0,881.0,19,1,0,1,Biker
7,43.0,784.0,125.0,881.0,20,1,0,1,Biker
7,43.0,784.0,125.0,881.0,21,1,0,1,Biker
7,43.0,784.0,125.0,881.0,22,1,0,1,Biker
7,43.0,784.0,125.0,881.0,23,1,0,1,Biker
7,43.0,784.0,125.0,881.0,24,1,0,1,Biker
7,43.0,784.0,125.0,881.0,25,1,0,1,Biker
7,43.0,784.0,125.0,881.0,26,1,0,1,Biker
7,43.0,784.0,125.0,881.0,27,1,0,1,Biker
7,43.0,784.0,125.0,881.0,28,1,0,1,Biker
7,43.0,784.0,125.0,881.0,29,1,0,1,Biker
7,43.0,784.0,125.0,881.0,30,1,0,1,Biker
7,43.0,784.0,125.0,881.0,31,1,0,1,Biker
7,43.0,784.0,125.0,881.0,32,1,0,1,Biker
7,43.0,784.0,125.0,881.0,33,1,0,1,Biker
7,43.0,784.0,125.0,881.0,34,1,0,1,Biker
7,43.0,784.0,125.0,881.0,35,1,0,1,Biker
7,43.0,784.0,125.0,881.0,36,1,0,1,Biker
7,43.0,784.0,125.0,881.0,37,1,0,1,Biker
7,43.0,784.0,125.0,881.0,38,1,0,1,Biker
7,43.0,784.0,125.0,881.0,39,1,0,1,Biker
7,43.0,784.0,125.0,881.0,40,1,0,1,Biker
7,43.0,784.0,125.0,881.0,41,1,0,1,Biker
7,43.0,784.0,125.0,881.0,42,1,0,1,Biker
7,43.0,784.0,125.0,881.0,43,1,0,1,Biker
7,43.0,784.0,125.0,881.0,44,1,0,1,Biker
7,43.0,784.0,125.0,881.0,45,1,0,1,Biker
7,43.0,784.0,125.0,881.0,46,1,0,1,Biker
7,43.0,784.0,125.0,881.0,47,1,0,1,Biker
7,43.0,784.0,125.0,881.0,48,1,0,1,Biker
7,43.0,784.0,125.0,881.0,49,1,0,1,Biker
7,43.0,784.0,125.0,881.0,50,1,0,1,Biker
7,43.0,784.0,125.0,881.0,51,1,0,1,Biker
7,43.0,784.0,125.0,881.0,52,1,0,1,Biker
7,43.0,784.0,125.0,881.0,53,1,0,1,Biker
7,43.0,784.0,125.0,881.0,54,1,0,1,Biker
7,43.0,784.0,125.0,881.0,55,1,0,1,Biker
7,43.0,784.0,125.0,881.0,56,1,0,1,Biker
7,43.0,784.0,125.0,881.0,57,1,0,1,Biker
7,43.0,784.0,125.0,881.0,58,1,0,1,Biker
7,43.0,784.0,125.0,881.0,59,1,0,1,Biker
7,43.0,784.0,125.0,881.0,60,1,0,1,Biker
7,43.0,784.0,125.0,881.0,61,1,0,1,Biker
7,43.0,784.0,125.0,881.0,62,1,0,1,Biker
7,43.0,784.0,125.0,881.0,63,1,0,1,Biker
7,43.0,784.0,125.0,881.0,64,1,0,1,Biker
7,43.0,784.0,125.0,881.0,65,1,0,1,Biker
7,43.0,784.0,125.0,881.0,66,1,0,1,Biker
7,43.0,784.0,125.0,881.0,67,1,0,1,Biker
7,43.0,784.0,125.0,881.0,68,1,0,1,Biker
7,43.0,784.0,125.0,881.0,69,1,0,1,Biker
7,43.0,784.0,125.0,881.0,70,1,0,1,Biker
7,43.0,784.0,125.0,881.0,71,1,0,1,Biker
7,43.0,784.0,125.0,881.0,72,1,0,1,Biker
7,43.0,784.0,125.0,881.0,73,1,0,1,Biker
7,43.0,784.0,125.0,881.0,74,1,0,1,Biker
7,43.0,784.0,125.0,881.0,75,1,0,1,Biker
7,43.0,784.0,125.0,881.0,76,1,0,1,Biker
7,43.0,784.0,125.0,881.0,77,1,0,1,Biker
7,43.0,784.0,125.0,881.0,78,1,0,1,Biker
7,43.0,784.0,125.0,881.0,79,1,0,1,Biker
7,43.0,784.0,125.0,881.0,80,1,0,1,Biker
7,43.0,784.0,125.0,881.0,81,1,0,1,Biker
7,43.0,784.0,125.0,881.0,82,1,0,1,Biker
7,43.0,784.0,125.0,881.0,83,1,0,1,Biker
7,43.0,784.0,125.0,881.0,84,1,0,1,Biker
7,43.0,784.0,125.0,881.0,85,1,0,1,Biker
7,43.0,784.0,125.0,881.0,86,1,0,1,Biker
7,43.0,784.0,125.0,881.0,87,1,0,1,Biker
7,43.0,784.0,125.0,881.0,88,1,0,1,Biker
7,43.0,784.0,125.0,881.0,89,1,0,1,Biker
7,43.0,784.0,125.0,881.0,90,1,0,1,Biker
7,43.0,784.0,125.0,881.0,91,1,0,1,Biker
7,43.0,784.0,125.0,881.0,92,1,0,1,Biker
7,43.0,784.0,125.0,881.0,93,1,0,1,Biker
7,43.0,784.0,125.0,881.0,94,1,0,1,Biker
7,43.0,784.0,125.0,881.0,95,1,0,1,Biker
7,43.0,784.0,125.0,881.0,96,1,0,1,Biker
7,43.0,784.0,125.0,881.0,97,1,0,1,Biker
7,43.0,784.0,125.0,881.0,98,1,0,1,Biker
7,43.0,784.0,125.0,881.0,99,1,0,1,Biker
7,43.0,784.0,125.0,881.0,100,1,0,1,Biker
7,43.0,784.0,125.0,881.0,101,1,0,1,Biker
7,43.0,784.0,125.0,881.0,102,1,0,1,Biker
7,43.0,784.0,125.0,881.0,103,1,0,1,Biker
7,43.0,784.0,125.0,881.0,104,1,0,1,Biker
7,43.0,784.0,125.0,881.0,105,1,0,1,Biker
7,43.0,784.0,125.0,881.0,106,1,0,1,Biker
7,43.0,784.0,125.0,881.0,107,1,0,1,Biker
7,43.0,784.0,125.0,881.0,108,1,0,1,Biker
7,43.0,784.0,125.0,881.0,109,1,0,1,Biker
7,43.0,784.0,125.0,881.0,110,1,0,1,Biker
7,43.0,784.0,125.0,881.0,111,1,0,1,Biker
7,43.0,784.0,125.0,881.0,112,1,0,1,Biker
7,43.0,784.0,125.0,881.0,113,1,0,1,Biker
7,43.0,784.0,125.0,881.0,114,1,0,1,Biker
7,43.0,784.0,125.0,881.0,115,1,0,1,Biker
7,43.0,784.0,125.0,881.0,116,1,0,1,Biker
7,43.0,784.0,125.0,881.0,117,1,0,1,Biker
7,43.0,784.0,125.0,881.0,118,1,0,1,Biker
7,43.0,784.0,125.0,881.0,119,1,0,1,Biker
7,43.0,784.0,125.0,881.0,120,1,0,1,Biker
7,43.0,784.0,125.0,881.0,121,1,0,1,Biker
7,43.0,784.0,125.0,881.0,122,1,0,1,Biker
7,43.0,784.0,125.0,881.0,123,1,0,1,Biker
7,43.0,784.0,125.0,881.0,124,1,0,1,Biker
7,43.0,784.0,125.0,881.0,125,1,0,1,Biker
7,43.0,784.0,125.0,881.0,126,1,0,1,Biker
7,43.0,784.0,125.0,881.0,127,1,0,1,Biker
7,43.0,784.0,125.0,881.0,128,1,0,1,Biker
7,43.0,784.0,125.0,881.0,129,1,0,1,Biker
7,43.0,784.0,125.0,881.0,130,1,0,1,Biker
7,43.0,784.0,125.0,881.0,131,1,0,1,Biker
7,43.0,784.0,125.0,881.0,132,1,0,1,Biker
7,43.0,784.0,125.0,881.0,133,1,0,1,Biker
7,43.0,784.0,125.0,881.0,134,1,0,1,Biker
7,43.0,784.0,125.0,881.0,135,1,0,1,Biker
7,43.0,784.0,125.0,881.0,136,1,0,1,Biker
7,43.0,784.0,125.0,881.0,137,1,0,1,Biker
7,43.0,784.0,125.0,881.0,138,1,0,1,Biker
7,43.0,784.0,125.0,881.0,139,1,0,1,Biker
7,43.0,784.0,125.0,881.0,140,1,0,1,Biker
7,43.0,784.0,125.0,881.0,141,1,0,1,Biker
7,43.0,784.0,125.0,881.0,142,1,0,1,Biker
7,43.0,784.0,125.0,881.0,143,1,0,1,Biker
7,43.0,784.0,125.0,881.0,144,1,0,1,Biker
7,43.0,784.0,125.0,881.0,145,1,0,1,Biker
7,43.0,784.0,125.0,881.0,146,1,0,1,Biker
7,43.0,784.0,125.0,881.0,147,1,0,1,Biker
7,43.0,784.0,125.0,881.0,148,1,0,1,Biker
7,43.0,784.0,125.0,881.0,149,1,0,1,Biker
7,43.0,784.0,125.0,881.0,150,1,0,1,Biker
7,43.0,784.0,125.0,881.0,151,1,0,1,Biker
7,43.0,784.0,125.0,881.0,152,1,0,1,Biker
7,43.0,784.0,125.0,881.0,153,1,0,1,Biker
7,43.0,784.0,125.0,881.0,154,1,0,1,Biker
7,43.0,784.0,125.0,881.0,155,1,0,1,Biker
7,43.0,784.0,125.0,881.0,156,1,0,1,Biker
7,43.0,784.0,125.0,881.0,157,1,0,1,Biker
7,43.0,784.0,125.0,881.0,158,1,0,1,Biker
7,43.0,784.0,125.0,881.0,159,1,0,1,Biker
7,43.0,784.0,125.0,881.0,160,1,0,1,Biker
7,43.0,784.0,125.0,881.0,161,1,0,1,Biker
7,43.0,784.0,125.0,881.0,162,1,0,1,Biker
7,43.0,784.0,125.0,881.0,163,1,0,1,Biker
7,43.0,784.0,125.0,881.0,164,1,0,1,Biker
7,43.0,784.0,125.0,881.0,165,1,0,1,Biker
7,43.0,784.0,125.0,881.0,166,1,0,1,Biker
7,43.0,784.0,125.0,881.0,167,1,0,1,Biker
7,43.0,784.0,125.0,881.0,168,1,0,1,Biker
7,43.0,784.0,125.0,881.0,169,1,0,1,Biker
7,43.0,784.0,125.0,881.0,170,1,0,1,Biker
7,43.0,784.0,125.0,881.0,171,1,0,1,Biker
7,43.0,784.0,125.0,881.0,172,1,0,1,Biker
7,43.0,784.0,125.0,881.0,173,1,0,1,Biker
7,43.0,784.0,125.0,881.0,174,1,0,1,Biker
7,43.0,784.0,125.0,881.0,175,1,0,1,Biker
7,43.0,784.0,125.0,881.0,176,1,0,1,Biker
7,43.0,784.0,125.0,881.0,177,1,0,1,Biker
7,43.0,784.0,125.0,881.0,178,1,0,1,Biker
7,43.0,784.0,125.0,881.0,179,1,0,1,Biker
7,43.0,784.0,125.0,881.0,180,1,0,1,Biker
7,43.0,784.0,125.0,881.0,181,1,0,1,Biker
7,43.0,784.0,125.0,881.0,182,1,0,1,Biker
7,43.0,784.0,125.0,881.0,183,1,0,1,Biker
7,43.0,784.0,125.0,881.0,184,1,0,1,Biker
7,43.0,784.0,125.0,881.0,185,1,0,1,Biker
7,43.0,784.0,125.0,881.0,186,1,0,1,Biker
7,43.0,784.0,125.0,881.0,187,1,0,1,Biker
7,43.0,784.0,125.0,881.0,188,1,0,1,Biker
7,43.0,784.0,125.0,881.0,189,1,0,1,Biker
7,43.0,784.0,125.0,881.0,190,1,0,1,Biker
7,43.0,784.0,125.0,881.0,191,1,0,1,Biker
7,43.0,784.0,125.0,881.0,192,1,0,1,Biker
7,43.0,784.0,125.0,881.0,193,1,0,1,Biker
7,43.0,784.0,125.0,881.0,194,1,0,1,Biker
7,43.0,784.0,125.0,881.0,195,1,0,1,Biker
7,43.0,784.0,125.0,881.0,196,1,0,1,Biker
7,43.0,784.0,125.0,881.0,197,1,0,1,Biker
7,43.0,784.0,125.0,881.0,198,1,0,1,Biker
7,43.0,784.0,125.0,881.0,199,1,0,1,Biker
7,43.0,784.0,125.0,881.0,200,1,0,1,Biker
7,43.0,784.0,125.0,881.0,201,1,0,1,Biker
7,43.0,784.0,125.0,881.0,202,1,0,1,Biker
7,43.0,784.0,125.0,881.0,203,1,0,1,Biker
7,43.0,784.0,125.0,881.0,204,1,0,1,Biker
7,43.0,784.0,125.0,881.0,205,1,0,1,Biker
7,43.0,784.0,125.0,881.0,206,1,0,1,Biker
7,43.0,784.0,125.0,881.0,207,1,0,1,Biker
7,43.0,784.0,125.0,881.0,208,1,0,1,Biker
7,43.0,784.0,125.0,881.0,209,1,0,1,Biker
7,43.0,784.0,125.0,881.0,210,1,0,1,Biker
7,43.0,784.0,125.0,881.0,211,1,0,1,Biker
7,43.0,784.0,125.0,881.0,212,1,0,1,Biker
7,43.0,784.0,125.0,881.0,213,1,0,1,Biker
7,43.0,784.0,125.0,881.0,214,1,0,1,Biker
7,43.0,784.0,125.0,881.0,215,1,0,1,Biker
7,43.0,784.0,125.0,881.0,216,1,0,1,Biker
7,43.0,784.0,125.0,881.0,217,1,0,1,Biker
7,43.0,784.0,125.0,881.0,218,1,0,1,Biker
7,43.0,784.0,125.0,881.0,219,1,0,1,Biker
7,43.0,784.0,125.0,881.0,220,1,0,1,Biker
7,43.0,784.0,125.0,881.0,221,1,0,1,Biker
7,43.0,784.0,125.0,881.0,222,1,0,1,Biker
7,43.0,784.0,125.0,881.0,223,1,0,1,Biker
7,43.0,784.0,125.0,881.0,224,1,0,1,Biker
7,43.0,784.0,125.0,881.0,225,1,0,1,Biker
7,43.0,784.0,125.0,881.0,226,1,0,1,Biker
7,43.0,784.0,125.0,881.0,227,1,0,1,Biker
7,43.0,784.0,125.0,881.0,228,1,0,1,Biker
7,43.0,784.0,125.0,881.0,229,1,0,1,Biker
7,43.0,784.0,125.0,881.0,230,1,0,1,Biker
7,43.0,784.0,125.0,881.0,231,1,0,1,Biker
7,43.0,784.0,125.0,881.0,232,1,0,1,Biker
7,43.0,784.0,125.0,881.0,233,1,0,1,Biker
7,43.0,784.0,125.0,881.0,234,1,0,1,Biker
7,43.0,784.0,125.0,881.0,235,1,0,1,Biker
7,43.0,784.0,125.0,881.0,236,1,0,1,Biker
7,43.0,784.0,125.0,881.0,237,1,0,1,Biker
7,43.0,784.0,125.0,881.0,238,1,0,1,Biker
7,43.0,784.0,125.0,881.0,239,1,0,1,Biker
7,43.0,784.0,125.0,881.0,240,1,0,1,Biker
7,43.0,784.0,125.0,881.0,241,1,0,1,Biker
7,43.0,784.0,125.0,881.0,242,1,0,1,Biker
7,43.0,784.0,125.0,881.0,243,1,0,1,Biker
7,43.0,784.0,125.0,881.0,244,1,0,1,Biker
7,43.0,784.0,125.0,881.0,245,1,0,1,Biker
7,43.0,784.0,125.0,881.0,246,1,0,1,Biker
7,43.0,784.0,125.0,881.0,247,1,0,1,Biker
7,43.0,784.0,125.0,881.0,248,1,0,1,Biker
7,43.0,784.0,125.0,881.0,249,1,0,1,Biker
7,43.0,784.0,125.0,881.0,250,1,0,1,Biker
7,43.0,784.0,125.0,881.0,251,1,0,1,Biker
7,43.0,784.0,125.0,881.0,252,1,0,1,Biker
7,43.0,784.0,125.0,881.0,253,1,0,1,Biker
7,43.0,784.0,125.0,881.0,254,1,0,1,Biker
7,43.0,784.0,125.0,881.0,255,1,0,1,Biker
7,43.0,784.0,125.0,881.0,256,1,0,1,Biker
7,43.0,784.0,125.0,881.0,257,1,0,1,Biker
7,43.0,784.0,125.0,881.0,258,1,0,1,Biker
7,43.0,784.0,125.0,881.0,259,1,0,1,Biker
7,43.0,784.0,125.0,881.0,260,1,0,1,Biker
7,43.0,784.0,125.0,881.0,261,1,0,1,Biker
7,43.0,784.0,125.0,881.0,262,1,0,1,Biker
7,43.0,784.0,125.0,881.0,263,1,0,1,Biker
7,43.0,784.0,125.0,881.0,264,1,0,1,Biker
7,43.0,784.0,125.0,881.0,265,1,0,1,Biker
7,43.0,784.0,125.0,881.0,266,1,0,1,Biker
7,43.0,784.0,125.0,881.0,267,1,0,1,Biker
7,43.0,784.0,125.0,881.0,268,1,0,1,Biker
7,43.0,784.0,125.0,881.0,269,1,0,1,Biker
7,43.0,784.0,125.0,881.0,270,1,0,1,Biker
7,43.0,784.0,125.0,881.0,271,1,0,1,Biker
7,43.0,784.0,125.0,881.0,272,1,0,1,Biker
7,43.0,784.0,125.0,881.0,273,1,0,1,Biker
7,43.0,784.0,125.0,881.0,274,1,0,1,Biker
7,43.0,784.0,125.0,881.0,275,1,0,1,Biker
7,43.0,784.0,125.0,881.0,276,1,0,1,Biker
7,43.0,784.0,125.0,881.0,277,1,0,1,Biker
7,43.0,784.0,125.0,881.0,278,1,0,1,Biker
7,43.0,784.0,125.0,881.0,279,1,0,1,Biker
7,43.0,784.0,125.0,881.0,280,1,0,1,Biker
7,43.0,784.0,125.0,881.0,281,1,0,1,Biker
7,43.0,784.0,125.0,881.0,282,1,0,1,Biker
7,43.0,784.0,125.0,881.0,283,1,0,1,Biker
7,43.0,784.0,125.0,881.0,284,1,0,1,Biker
7,43.0,784.0,125.0,881.0,285,1,0,1,Biker
7,43.0,784.0,125.0,881.0,286,1,0,1,Biker
7,43.0,784.0,125.0,881.0,287,1,0,1,Biker
7,43.0,784.0,125.0,881.0,288,1,0,1,Biker
7,43.0,784.0,125.0,881.0,289,1,0,1,Biker
7,43.0,784.0,125.0,881.0,290,1,0,1,Biker
7,43.0,784.0,125.0,881.0,291,1,0,1,Biker
7,43.0,784.0,125.0,881.0,292,1,0,1,Biker
7,43.0,784.0,125.0,881.0,293,1,0,1,Biker
7,43.0,784.0,125.0,881.0,294,1,0,1,Biker
7,43.0,784.0,125.0,881.0,295,1,0,1,Biker
7,43.0,784.0,125.0,881.0,296,1,0,1,Biker
7,43.0,784.0,125.0,881.0,297,1,0,1,Biker
7,43.0,784.0,125.0,881.0,298,1,0,1,Biker
7,43.0,784.0,125.0,881.0,299,1,0,1,Biker
7,43.0,784.0,125.0,881.0,300,1,0,1,Biker
7,43.0,784.0,125.0,881.0,301,1,0,1,Biker
7,43.0,784.0,125.0,881.0,302,1,0,1,Biker
7,43.0,784.0,125.0,881.0,303,1,0,1,Biker
7,43.0,784.0,125.0,881.0,304,1,0,1,Biker
7,43.0,784.0,125.0,881.0,305,1,0,1,Biker
7,43.0,784.0,125.0,881.0,306,1,0,1,Biker
7,43.0,784.0,125.0,881.0,307,1,0,1,Biker
7,43.0,784.0,125.0,881.0,308,1,0,1,Biker
7,43.0,784.0,125.0,881.0,309,1,0,1,Biker
7,43.0,784.0,125.0,881.0,310,1,0,1,Biker
7,43.0,784.0,125.0,881.0,311,1,0,1,Biker
7,43.0,784.0,125.0,881.0,312,1,0,1,Biker
7,43.0,784.0,125.0,881.0,313,1,0,1,Biker
7,43.0,784.0,125.0,881.0,314,1,0,1,Biker
7,43.0,784.0,125.0,881.0,315,1,0,1,Biker
7,43.0,784.0,125.0,881.0,316,1,0,1,Biker
7,43.0,784.0,125.0,881.0,317,1,0,1,Biker
7,43.0,784.0,125.0,881.0,318,1,0,1,Biker
7,43.0,784.0,125.0,881.0,319,1,0,1,Biker
7,43.0,784.0,125.0,881.0,320,1,0,1,Biker
7,43.0,784.0,125.0,881.0,321,1,0,1,Biker
7,43.0,784.0,125.0,881.0,322,1,0,1,Biker
7,43.0,784.0,125.0,881.0,323,1,0,1,Biker
7,43.0,784.0,125.0,881.0,324,1,0,1,Biker
7,43.0,784.0,125.0,881.0,325,1,0,1,Biker
7,43.0,784.0,125.0,881.0,326,1,0,1,Biker
7,43.0,784.0,125.0,881.0,327,1,0,1,Biker
7,43.0,784.0,125.0,881.0,328,1,0,1,Biker
7,43.0,784.0,125.0,881.0,329,1,0,1,Biker
7,43.0,784.0,125.0,881.0,330,1,0,1,Biker
7,43.0,784.0,125.0,881.0,331,1,0,1,Biker
7,43.0,784.0,125.0,881.0,332,1,0,1,Biker
7,43.0,784.0,125.0,881.0,333,1,0,1,Biker
7,43.0,784.0,125.0,881.0,334,1,0,1,Biker
7,43.0,784.0,125.0,881.0,335,1,0,1,Biker
7,43.0,784.0,125.0,881.0,336,1,0,1,Biker
7,43.0,784.0,125.0,881.0,337,1,0,1,Biker
7,43.0,784.0,125.0,881.0,338,1,0,1,Biker
7,43.0,784.0,125.0,881.0,339,1,0,1,Biker
7,43.0,784.0,125.0,881.0,340,1,0,1,Biker
7,43.0,784.0,125.0,881.0,341,1,0,1,Biker
7,43.0,784.0,125.0,881.0,342,1,0,1,Biker
7,43.0,784.0,125.0,881.0,343,1,0,1,Biker
7,43.0,784.0,125.0,881.0,344,1,0,1,Biker
7,43.0,784.0,125.0,881.0,345,1,0,1,Biker
7,43.0,784.0,125.0,881.0,346,1,0,1,Biker
7,43.0,784.0,125.0,881.0,347,1,0,1,Biker
7,43.0,784.0,125.0,881.0,348,1,0,1,Biker
7,43.0,784.0,125.0,881.0,349,1,0,1,Biker
7,43.0,784.0,125.0,881.0,350,0,0,0,Biker
7,45.0,784.0,127.0,881.0,351,0,0,1,Biker
7,48.0,784.0,131.0,881.0,352,0,0,1,Biker
7,52.0,784.0,135.0,881.0,353,0,0,1,Biker
7,56.0,784.0,138.0,881.0,354,0,0,1,Biker
7,60.0,784.0,142.0,881.0,355,0,0,1,Biker
7,63.0,784.0,146.0,881.0,356,0,0,1,Biker
7,67.0,784.0,150.0,881.0,357,0,0,1,Biker
7,69.0,784.0,151.0,881.0,358,0,0,1,Biker
7,73.0,784.0,155.0,881.0,359,0,0,1,Biker
7,76.0,784.0,159.0,881.0,360,0,0,1,Biker
7,80.0,788.0,163.0,885.0,361,0,0,1,Biker
7,84.0,788.0,166.0,885.0,362,0,0,1,Biker
7,88.0,788.0,170.0,885.0,363,0,0,1,Biker
7,91.0,788.0,174.0,885.0,364,0,0,1,Biker
7,95.0,788.0,178.0,885.0,365,0,0,1,Biker
7,97.0,788.0,180.0,885.0,366,0,0,1,Biker
7,101.0,788.0,183.0,885.0,367,0,0,1,Biker
7,105.0,788.0,187.0,885.0,368,0,0,1,Biker
7,108.0,788.0,191.0,885.0,369,0,0,1,Biker
7,112.0,788.0,195.0,885.0,370,0,0,1,Biker
7,116.0,788.0,198.0,885.0,371,0,0,1,Biker
7,120.0,792.0,202.0,889.0,372,0,0,1,Biker
7,123.0,792.0,206.0,889.0,373,0,0,1,Biker
7,125.0,792.0,208.0,889.0,374,0,0,1,Biker
7,129.0,792.0,211.0,889.0,375,0,0,1,Biker
7,133.0,792.0,215.0,889.0,376,0,0,1,Biker
7,136.0,792.0,219.0,889.0,377,0,0,1,Biker
7,140.0,792.0,223.0,889.0,378,0,0,1,Biker
7,144.0,792.0,226.0,889.0,379,0,0,1,Biker
7,148.0,792.0,230.0,889.0,380,0,0,1,Biker
7,151.0,792.0,234.0,889.0,381,0,0,1,Biker
7,153.0,792.0,236.0,889.0,382,0,0,1,Biker
7,157.0,796.0,240.0,893.0,383,0,0,1,Biker
7,161.0,796.0,243.0,893.0,384,0,0,1,Biker
7,165.0,796.0,247.0,893.0,385,0,0,1,Biker
7,168.0,796.0,251.0,893.0,386,0,0,1,Biker
7,172.0,796.0,255.0,893.0,387,0,0,1,Biker
7,176.0,796.0,258.0,893.0,388,0,0,1,Biker
7,180.0,796.0,262.0,893.0,389,0,0,1,Biker
7,181.0,796.0,264.0,893.0,390,0,0,1,Biker
7,185.0,796.0,268.0,893.0,391,0,0,1,Biker
7,189.0,796.0,271.0,893.0,392,0,0,1,Biker
7,193.0,800.0,275.0,897.0,393,0,0,1,Biker
7,196.0,800.0,279.0,897.0,394,0,0,1,Biker
7,200.0,800.0,283.0,897.0,395,0,0,1,Biker
7,204.0,800.0,286.0,897.0,396,0,0,1,Biker
7,208.0,800.0,290.0,897.0,397,0,0,1,Biker
7,210.0,800.0,292.0,897.0,398,0,0,1,Biker
7,213.0,800.0,296.0,897.0,399,0,0,1,Biker
7,217.0,800.0,300.0,897.0,400,0,0,1,Biker
7,221.0,800.0,303.0,897.0,401,0,0,1,Biker
7,225.0,800.0,307.0,897.0,402,0,0,1,Biker
7,228.0,800.0,311.0,897.0,403,0,0,1,Biker
7,232.0,804.0,315.0,901.0,404,0,0,1,Biker
7,236.0,804.0,318.0,901.0,405,0,0,1,Biker
7,238.0,804.0,320.0,901.0,406,0,0,1,Biker
7,241.0,804.0,324.0,901.0,407,0,0,1,Biker
7,245.0,804.0,328.0,901.0,408,0,0,1,Biker
7,249.0,804.0,331.0,901.0,409,0,0,1,Biker
7,253.0,804.0,335.0,901.0,410,0,0,1,Biker
7,256.0,804.0,339.0,901.0,411,0,0,1,Biker
7,260.0,804.0,343.0,901.0,412,0,0,1,Biker
7,264.0,804.0,346.0,901.0,413,0,0,1,Biker
7,266.0,804.0,348.0,901.0,414,0,0,1,Biker
7,270.0,808.0,352.0,905.0,415,0,0,1,Biker
7,273.0,808.0,356.0,905.0,416,0,0,1,Biker
7,277.0,808.0,360.0,905.0,417,0,0,1,Biker
7,281.0,808.0,363.0,905.0,418,0,0,1,Biker
7,285.0,808.0,367.0,905.0,419,0,0,1,Biker
7,288.0,808.0,371.0,905.0,420,0,0,1,Biker
7,292.0,808.0,375.0,905.0,421,0,0,1,Biker
7,294.0,808.0,376.0,905.0,422,0,0,1,Biker
7,298.0,808.0,380.0,905.0,423,0,0,1,Biker
7,301.0,808.0,384.0,905.0,424,0,0,1,Biker
7,305.0,812.0,388.0,909.0,425,0,0,1,Biker
7,309.0,812.0,391.0,909.0,426,0,0,1,Biker
7,313.0,812.0,395.0,909.0,427,0,0,1,Biker
7,316.0,812.0,399.0,909.0,428,0,0,1,Biker
7,318.0,812.0,401.0,909.0,429,0,0,1,Biker
7,322.0,812.0,405.0,909.0,430,0,0,1,Biker
7,326.0,812.0,408.0,909.0,431,0,0,1,Biker
7,330.0,812.0,412.0,909.0,432,0,0,1,Biker
7,333.0,812.0,416.0,909.0,433,0,0,1,Biker
7,337.0,812.0,420.0,909.0,434,0,0,1,Biker
7,341.0,812.0,423.0,909.0,435,0,0,1,Biker
7,345.0,816.0,427.0,913.0,436,0,0,1,Biker
7,346.0,816.0,429.0,913.0,437,0,0,1,Biker
7,350.0,816.0,433.0,913.0,438,0,0,1,Biker
7,354.0,816.0,436.0,913.0,439,0,0,1,Biker
7,358.0,816.0,440.0,913.0,440,0,0,1,Biker
7,361.0,816.0,444.0,913.0,441,0,0,1,Biker
7,365.0,816.0,448.0,913.0,442,0,0,1,Biker
7,369.0,816.0,451.0,913.0,443,0,0,1,Biker
7,373.0,816.0,455.0,913.0,444,0,0,1,Biker
7,375.0,816.0,457.0,913.0,445,0,0,1,Biker
7,378.0,816.0,461.0,913.0,446,0,0,1,Biker
7,382.0,820.0,465.0,917.0,447,0,0,1,Biker
7,386.0,820.0,468.0,917.0,448,0,0,1,Biker
7,390.0,820.0,472.0,917.0,449,0,0,1,Biker
7,393.0,820.0,476.0,917.0,450,0,0,1,Biker
7,397.0,820.0,480.0,917.0,451,0,0,1,Biker
7,401.0,820.0,483.0,917.0,452,0,0,1,Biker
7,403.0,820.0,485.0,917.0,453,0,0,1,Biker
7,406.0,820.0,489.0,917.0,454,0,0,1,Biker
7,410.0,820.0,493.0,917.0,455,0,0,1,Biker
7,414.0,820.0,496.0,917.0,456,0,0,1,Biker
7,418.0,820.0,500.0,917.0,457,0,0,1,Biker
7,421.0,824.0,504.0,921.0,458,0,0,1,Biker
7,425.0,824.0,508.0,921.0,459,0,0,1,Biker
7,429.0,824.0,511.0,921.0,460,0,0,1,Biker
7,431.0,824.0,513.0,921.0,461,0,0,1,Biker
7,435.0,824.0,517.0,921.0,462,0,0,1,Biker
7,438.0,824.0,521.0,921.0,463,0,0,1,Biker
7,442.0,824.0,525.0,921.0,464,0,0,1,Biker
7,446.0,824.0,528.0,921.0,465,0,0,1,Biker
7,450.0,824.0,532.0,921.0,466,0,0,1,Biker
7,453.0,824.0,536.0,921.0,467,0,0,1,Biker
7,457.0,828.0,540.0,925.0,468,0,0,1,Biker
7,459.0,828.0,541.0,925.0,469,0,0,1,Biker
7,463.0,828.0,545.0,925.0,470,0,0,1,Biker
7,466.0,828.0,549.0,925.0,471,0,0,1,Biker
7,470.0,828.0,553.0,925.0,472,0,0,1,Biker
7,474.0,828.0,556.0,925.0,473,0,0,1,Biker
7,478.0,828.0,560.0,925.0,474,0,0,1,Biker
7,481.0,828.0,564.0,925.0,475,0,0,1,Biker
7,485.0,828.0,568.0,925.0,476,0,0,1,Biker
7,487.0,828.0,570.0,925.0,477,0,0,1,Biker
7,491.0,828.0,573.0,925.0,478,0,0,1,Biker
7,495.0,832.0,577.0,929.0,479,0,0,1,Biker
7,498.0,832.0,581.0,929.0,480,0,0,1,Biker
7,502.0,832.0,585.0,929.0,481,0,0,1,Biker
7,506.0,832.0,588.0,929.0,482,0,0,1,Biker
7,510.0,832.0,592.0,929.0,483,0,0,1,Biker
7,513.0,832.0,596.0,929.0,484,0,0,1,Biker
7,515.0,832.0,598.0,929.0,485,0,0,1,Biker
7,519.0,832.0,601.0,929.0,486,0,0,1,Biker
7,523.0,832.0,605.0,929.0,487,0,0,1,Biker
7,526.0,832.0,609.0,929.0,488,0,0,1,Biker
7,530.0,832.0,613.0,929.0,489,0,0,1,Biker
7,534.0,836.0,616.0,933.0,490,0,0,1,Biker
7,538.0,836.0,620.0,933.0,491,0,0,1,Biker
7,541.0,836.0,624.0,933.0,492,0,0,1,Biker
7,543.0,836.0,626.0,933.0,493,0,0,1,Biker
7,547.0,836.0,630.0,933.0,494,0,0,1,Biker
7,551.0,836.0,633.0,933.0,495,0,0,1,Biker
7,555.0,836.0,637.0,933.0,496,0,0,1,Biker
7,558.0,836.0,641.0,933.0,497,0,0,1,Biker
7,562.0,836.0,645.0,933.0,498,0,0,1,Biker
7,566.0,836.0,648.0,933.0,499,0,0,1,Biker
7,570.0,840.0,652.0,937.0,500,0,0,0,Biker
7,575.0,840.0,656.0,933.0,501,0,0,1,Biker
7,583.0,844.0,660.0,933.0,502,0,0,1,Biker
7,588.0,844.0,663.0,929.0,503,0,0,1,Biker
7,596.0,848.0,667.0,929.0,504,0,0,1,Biker
7,603.0,852.0,673.0,929.0,505,0,0,1,Biker
7,609.0,852.0,676.0,925.0,506,0,0,1,Biker
7,616.0,856.0,680.0,925.0,507,0,0,1,Biker
7,622.0,856.0,684.0,921.0,508,0,0,1,Biker
7,630.0,860.0,688.0,921.0,509,0,0,1,Biker
7,637.0,864.0,693.0,921.0,510,0,0,0,Biker
7,639.0,860.0,695.0,921.0,511,0,0,1,Biker
7,641.0,860.0,697.0,921.0,512,0,0,1,Biker
7,645.0,860.0,699.0,921.0,513,0,0,1,Biker
7,646.0,860.0,703.0,921.0,514,0,0,1,Biker
7,650.0,860.0,705.0,921.0,515,0,0,1,Biker
7,652.0,860.0,706.0,921.0,516,0,0,1,Biker
7,654.0,860.0,710.0,921.0,517,0,0,1,Biker
7,658.0,860.0,712.0,921.0,518,0,0,1,Biker
7,660.0,860.0,714.0,921.0,519,0,0,1,Biker
7,663.0,860.0,718.0,925.0,520,0,0,0,Biker
7,665.0,860.0,720.0,925.0,521,0,0,1,Biker
7,669.0,860.0,723.0,925.0,522,0,0,1,Biker
7,673.0,860.0,727.0,925.0,523,0,0,1,Biker
7,676.0,864.0,731.0,929.0,524,0,0,1,Biker
7,680.0,864.0,735.0,929.0,525,0,0,1,Biker
7,684.0,864.0,738.0,929.0,526,0,0,1,Biker
7,686.0,868.0,740.0,933.0,527,0,0,1,Biker
7,690.0,868.0,744.0,933.0,528,0,0,1,Biker
7,693.0,868.0,748.0,933.0,529,0,0,1,Biker
7,697.0,873.0,751.0,937.0,530,0,0,1,Biker
7,701.0,873.0,755.0,937.0,531,0,0,1,Biker
7,705.0,873.0,759.0,937.0,532,0,0,1,Biker
7,708.0,873.0,763.0,937.0,533,0,0,1,Biker
7,710.0,877.0,765.0,941.0,534,0,0,1,Biker
7,714.0,877.0,768.0,941.0,535,0,0,1,Biker
7,718.0,877.0,772.0,941.0,536,0,0,1,Biker
7,721.0,881.0,776.0,945.0,537,0,0,1,Biker
7,725.0,881.0,780.0,945.0,538,0,0,1,Biker
7,729.0,881.0,783.0,945.0,539,0,0,1,Biker
7,733.0,885.0,787.0,949.0,540,0,0,0,Biker
7,735.0,885.0,789.0,949.0,541,0,0,1,Biker
7,738.0,885.0,793.0,949.0,542,0,0,1,Biker
7,742.0,885.0,796.0,949.0,543,0,0,1,Biker
7,746.0,885.0,800.0,949.0,544,0,0,1,Biker
7,750.0,885.0,804.0,949.0,545,0,0,1,Biker
7,753.0,885.0,808.0,949.0,546,0,0,1,Biker
7,757.0,885.0,811.0,949.0,547,0,0,1,Biker
7,761.0,885.0,815.0,949.0,548,0,0,1,Biker
7,765.0,885.0,819.0,949.0,549,0,0,1,Biker
7,768.0,885.0,823.0,949.0,550,0,0,1,Biker
7,770.0,885.0,825.0,949.0,551,0,0,1,Biker
7,774.0,885.0,828.0,949.0,552,0,0,1,Biker
7,778.0,885.0,832.0,949.0,553,0,0,1,Biker
7,781.0,885.0,836.0,949.0,554,0,0,1,Biker
7,785.0,885.0,840.0,949.0,555,0,0,1,Biker
7,789.0,885.0,843.0,949.0,556,0,0,1,Biker
7,793.0,885.0,847.0,949.0,557,0,0,1,Biker
7,796.0,885.0,851.0,949.0,558,0,0,1,Biker
7,800.0,885.0,855.0,949.0,559,0,0,1,Biker
7,804.0,889.0,858.0,953.0,560,0,0,0,Biker
7,806.0,889.0,860.0,953.0,561,0,0,1,Biker
7,810.0,889.0,864.0,953.0,562,0,0,1,Biker
7,811.0,889.0,868.0,953.0,563,0,0,1,Biker
7,815.0,889.0,871.0,953.0,564,0,0,1,Biker
7,817.0,889.0,875.0,953.0,565,0,0,1,Biker
7,821.0,889.0,879.0,953.0,566,0,0,1,Biker
7,823.0,889.0,881.0,953.0,567,0,0,1,Biker
7,826.0,889.0,885.0,953.0,568,0,0,1,Biker
7,828.0,889.0,888.0,953.0,569,0,0,1,Biker
7,832.0,889.0,892.0,953.0,570,0,0,1,Biker
7,834.0,889.0,896.0,953.0,571,0,0,1,Biker
7,838.0,889.0,900.0,953.0,572,0,0,1,Biker
7,841.0,889.0,903.0,957.0,573,0,0,0,Biker
8,1156.0,497.0,1222.0,590.0,0,0,0,0,Pedestrian
8,1156.0,497.0,1222.0,590.0,1,0,0,1,Pedestrian
8,1156.0,497.0,1222.0,590.0,2,0,0,1,Pedestrian
8,1156.0,497.0,1222.0,590.0,3,0,0,1,Pedestrian
8,1156.0,497.0,1222.0,590.0,4,0,0,1,Pedestrian
8,1156.0,497.0,1222.0,590.0,5,0,0,1,Pedestrian
8,1156.0,497.0,1222.0,590.0,6,0,0,1,Pedestrian
8,1156.0,497.0,1222.0,590.0,7,0,0,1,Pedestrian
8,1156.0,497.0,1222.0,590.0,8,0,0,1,Pedestrian
8,1156.0,497.0,1222.0,590.0,9,0,0,1,Pedestrian
8,1156.0,497.0,1222.0,590.0,10,0,0,1,Pedestrian
8,1156.0,497.0,1222.0,590.0,11,0,0,1,Pedestrian
8,1156.0,497.0,1222.0,590.0,12,0,0,1,Pedestrian
8,1156.0,497.0,1222.0,590.0,13,0,0,1,Pedestrian
8,1156.0,497.0,1222.0,590.0,14,0,0,1,Pedestrian
8,1156.0,497.0,1222.0,590.0,15,0,0,1,Pedestrian
8,1156.0,497.0,1222.0,590.0,16,0,0,1,Pedestrian
8,1156.0,497.0,1222.0,590.0,17,0,0,1,Pedestrian
8,1156.0,497.0,1222.0,590.0,18,0,0,1,Pedestrian
8,1156.0,497.0,1222.0,590.0,19,0,0,1,Pedestrian
8,1156.0,497.0,1222.0,590.0,20,0,0,1,Pedestrian
8,1156.0,497.0,1222.0,590.0,21,0,0,1,Pedestrian
8,1156.0,497.0,1222.0,590.0,22,0,0,1,Pedestrian
8,1156.0,497.0,1222.0,590.0,23,0,0,1,Pedestrian
8,1156.0,497.0,1222.0,590.0,24,0,0,1,Pedestrian
8,1156.0,497.0,1222.0,590.0,25,0,0,1,Pedestrian
8,1156.0,497.0,1222.0,590.0,26,0,0,1,Pedestrian
8,1156.0,497.0,1222.0,590.0,27,0,0,1,Pedestrian
8,1156.0,497.0,1222.0,590.0,28,0,0,1,Pedestrian
8,1156.0,497.0,1222.0,590.0,29,0,0,1,Pedestrian
8,1156.0,497.0,1222.0,590.0,30,0,0,1,Pedestrian
8,1156.0,497.0,1222.0,590.0,31,0,0,1,Pedestrian
8,1156.0,497.0,1222.0,590.0,32,0,0,1,Pedestrian
8,1156.0,497.0,1222.0,590.0,33,0,0,1,Pedestrian
8,1156.0,497.0,1222.0,590.0,34,0,0,1,Pedestrian
8,1156.0,497.0,1222.0,590.0,35,0,0,1,Pedestrian
8,1156.0,497.0,1222.0,590.0,36,0,0,1,Pedestrian
8,1156.0,497.0,1222.0,590.0,37,0,0,1,Pedestrian
8,1156.0,497.0,1222.0,590.0,38,0,0,1,Pedestrian
8,1156.0,497.0,1222.0,590.0,39,0,0,1,Pedestrian
8,1156.0,497.0,1222.0,590.0,40,0,0,1,Pedestrian
8,1156.0,497.0,1222.0,590.0,41,0,0,1,Pedestrian
8,1156.0,497.0,1222.0,590.0,42,0,0,1,Pedestrian
8,1156.0,497.0,1222.0,590.0,43,0,0,1,Pedestrian
8,1156.0,497.0,1222.0,590.0,44,0,0,1,Pedestrian
8,1156.0,497.0,1222.0,590.0,45,0,0,1,Pedestrian
8,1156.0,497.0,1222.0,590.0,46,0,0,1,Pedestrian
8,1156.0,497.0,1222.0,590.0,47,0,0,1,Pedestrian
8,1156.0,497.0,1222.0,590.0,48,0,0,1,Pedestrian
8,1156.0,497.0,1222.0,590.0,49,0,0,1,Pedestrian
8,1156.0,497.0,1222.0,590.0,50,0,0,1,Pedestrian
8,1156.0,497.0,1222.0,590.0,51,0,0,1,Pedestrian
8,1156.0,497.0,1222.0,590.0,52,0,0,1,Pedestrian
8,1156.0,497.0,1222.0,590.0,53,0,0,1,Pedestrian
8,1156.0,497.0,1222.0,590.0,54,0,0,1,Pedestrian
8,1156.0,497.0,1222.0,590.0,55,0,0,1,Pedestrian
8,1156.0,497.0,1222.0,590.0,56,0,0,1,Pedestrian
8,1156.0,497.0,1222.0,590.0,57,0,0,1,Pedestrian
8,1156.0,497.0,1222.0,590.0,58,0,0,1,Pedestrian
8,1156.0,497.0,1222.0,590.0,59,0,0,1,Pedestrian
8,1156.0,497.0,1222.0,590.0,60,0,0,1,Pedestrian
8,1156.0,497.0,1222.0,590.0,61,0,0,1,Pedestrian
8,1156.0,497.0,1222.0,590.0,62,0,0,1,Pedestrian
8,1156.0,497.0,1222.0,590.0,63,0,0,1,Pedestrian
8,1156.0,497.0,1222.0,590.0,64,0,0,1,Pedestrian
8,1156.0,497.0,1222.0,590.0,65,0,0,1,Pedestrian
8,1156.0,497.0,1222.0,590.0,66,0,0,1,Pedestrian
8,1156.0,497.0,1222.0,590.0,67,0,0,1,Pedestrian
8,1156.0,497.0,1222.0,590.0,68,0,0,1,Pedestrian
8,1156.0,497.0,1222.0,590.0,69,0,0,1,Pedestrian
8,1156.0,497.0,1222.0,590.0,70,0,0,1,Pedestrian
8,1156.0,497.0,1222.0,590.0,71,0,0,1,Pedestrian
8,1156.0,497.0,1222.0,590.0,72,0,0,1,Pedestrian
8,1156.0,497.0,1222.0,590.0,73,0,0,1,Pedestrian
8,1156.0,497.0,1222.0,590.0,74,0,0,1,Pedestrian
8,1156.0,497.0,1222.0,590.0,75,0,0,1,Pedestrian
8,1156.0,497.0,1222.0,590.0,76,0,0,1,Pedestrian
8,1156.0,497.0,1222.0,590.0,77,0,0,1,Pedestrian
8,1156.0,497.0,1222.0,590.0,78,0,0,1,Pedestrian
8,1156.0,497.0,1222.0,590.0,79,0,0,1,Pedestrian
8,1156.0,497.0,1222.0,590.0,80,0,0,1,Pedestrian
8,1156.0,497.0,1222.0,590.0,81,0,0,1,Pedestrian
8,1156.0,497.0,1222.0,590.0,82,0,0,1,Pedestrian
8,1156.0,497.0,1222.0,590.0,83,0,0,1,Pedestrian
8,1156.0,497.0,1222.0,590.0,84,0,0,1,Pedestrian
8,1156.0,497.0,1222.0,590.0,85,0,0,1,Pedestrian
8,1156.0,497.0,1222.0,590.0,86,0,0,1,Pedestrian
8,1156.0,497.0,1222.0,590.0,87,0,0,1,Pedestrian
8,1156.0,497.0,1222.0,590.0,88,0,0,1,Pedestrian
8,1156.0,497.0,1222.0,590.0,89,0,0,1,Pedestrian
8,1156.0,497.0,1222.0,590.0,90,0,0,1,Pedestrian
8,1156.0,497.0,1222.0,590.0,91,0,0,1,Pedestrian
8,1156.0,497.0,1222.0,590.0,92,0,0,1,Pedestrian
8,1156.0,497.0,1222.0,590.0,93,0,0,1,Pedestrian
8,1156.0,497.0,1222.0,590.0,94,0,0,1,Pedestrian
8,1156.0,497.0,1222.0,590.0,95,0,0,1,Pedestrian
8,1156.0,497.0,1222.0,590.0,96,0,0,1,Pedestrian
8,1156.0,497.0,1222.0,590.0,97,0,0,1,Pedestrian
8,1156.0,497.0,1222.0,590.0,98,0,0,1,Pedestrian
8,1156.0,497.0,1222.0,590.0,99,0,0,1,Pedestrian
8,1156.0,497.0,1222.0,590.0,100,0,0,1,Pedestrian
8,1156.0,497.0,1222.0,590.0,101,0,0,1,Pedestrian
8,1156.0,497.0,1222.0,590.0,102,0,0,1,Pedestrian
8,1156.0,497.0,1222.0,590.0,103,0,0,1,Pedestrian
8,1156.0,497.0,1222.0,590.0,104,0,0,1,Pedestrian
8,1156.0,497.0,1222.0,590.0,105,0,0,1,Pedestrian
8,1156.0,497.0,1222.0,590.0,106,0,0,1,Pedestrian
8,1156.0,497.0,1222.0,590.0,107,0,0,1,Pedestrian
8,1156.0,497.0,1222.0,590.0,108,0,0,1,Pedestrian
8,1156.0,497.0,1222.0,590.0,109,0,0,1,Pedestrian
8,1156.0,497.0,1222.0,590.0,110,0,0,1,Pedestrian
8,1156.0,497.0,1222.0,590.0,111,0,0,1,Pedestrian
8,1156.0,497.0,1222.0,590.0,112,0,0,1,Pedestrian
8,1156.0,497.0,1222.0,590.0,113,0,0,1,Pedestrian
8,1156.0,497.0,1222.0,590.0,114,0,0,1,Pedestrian
8,1156.0,497.0,1222.0,590.0,115,0,0,1,Pedestrian
8,1156.0,497.0,1222.0,590.0,116,0,0,1,Pedestrian
8,1156.0,497.0,1222.0,590.0,117,0,0,1,Pedestrian
8,1156.0,497.0,1222.0,590.0,118,0,0,1,Pedestrian
8,1156.0,497.0,1222.0,590.0,119,0,0,1,Pedestrian
8,1156.0,497.0,1222.0,590.0,120,0,0,1,Pedestrian
8,1156.0,497.0,1222.0,590.0,121,0,0,1,Pedestrian
8,1156.0,497.0,1222.0,590.0,122,0,0,1,Pedestrian
8,1156.0,497.0,1222.0,590.0,123,0,0,1,Pedestrian
8,1156.0,497.0,1222.0,590.0,124,0,0,1,Pedestrian
8,1156.0,497.0,1222.0,590.0,125,0,0,1,Pedestrian
8,1156.0,497.0,1222.0,590.0,126,0,0,1,Pedestrian
8,1156.0,497.0,1222.0,590.0,127,0,0,1,Pedestrian
8,1156.0,497.0,1222.0,590.0,128,0,0,1,Pedestrian
8,1156.0,497.0,1222.0,590.0,129,0,0,1,Pedestrian
8,1156.0,497.0,1222.0,590.0,130,0,0,1,Pedestrian
8,1156.0,497.0,1222.0,590.0,131,0,0,1,Pedestrian
8,1156.0,497.0,1222.0,590.0,132,0,0,1,Pedestrian
8,1156.0,497.0,1222.0,590.0,133,0,0,1,Pedestrian
8,1156.0,497.0,1222.0,590.0,134,0,0,1,Pedestrian
8,1156.0,497.0,1222.0,590.0,135,0,0,1,Pedestrian
8,1156.0,497.0,1222.0,590.0,136,0,0,1,Pedestrian
8,1156.0,497.0,1222.0,590.0,137,0,0,1,Pedestrian
8,1156.0,497.0,1222.0,590.0,138,0,0,1,Pedestrian
8,1156.0,497.0,1222.0,590.0,139,0,0,1,Pedestrian
8,1156.0,497.0,1222.0,590.0,140,0,0,1,Pedestrian
8,1156.0,497.0,1222.0,590.0,141,0,0,1,Pedestrian
8,1156.0,497.0,1222.0,590.0,142,0,0,1,Pedestrian
8,1156.0,497.0,1222.0,590.0,143,0,0,1,Pedestrian
8,1156.0,497.0,1222.0,590.0,144,0,0,1,Pedestrian
8,1156.0,497.0,1222.0,590.0,145,0,0,1,Pedestrian
8,1156.0,497.0,1222.0,590.0,146,0,0,1,Pedestrian
8,1156.0,497.0,1222.0,590.0,147,0,0,1,Pedestrian
8,1156.0,497.0,1222.0,590.0,148,0,0,1,Pedestrian
8,1156.0,497.0,1222.0,590.0,149,0,0,1,Pedestrian
8,1156.0,497.0,1222.0,590.0,150,0,0,1,Pedestrian
8,1156.0,497.0,1222.0,590.0,151,0,0,1,Pedestrian
8,1156.0,497.0,1222.0,590.0,152,0,0,1,Pedestrian
8,1156.0,497.0,1222.0,590.0,153,0,0,1,Pedestrian
8,1156.0,497.0,1222.0,590.0,154,0,0,1,Pedestrian
8,1156.0,497.0,1222.0,590.0,155,0,0,1,Pedestrian
8,1156.0,497.0,1222.0,590.0,156,0,0,1,Pedestrian
8,1156.0,497.0,1222.0,590.0,157,0,0,1,Pedestrian
8,1156.0,497.0,1222.0,590.0,158,0,0,1,Pedestrian
8,1156.0,497.0,1222.0,590.0,159,0,0,1,Pedestrian
8,1156.0,497.0,1222.0,590.0,160,0,0,1,Pedestrian
8,1156.0,497.0,1222.0,590.0,161,0,0,1,Pedestrian
8,1156.0,497.0,1222.0,590.0,162,0,0,1,Pedestrian
8,1156.0,497.0,1222.0,590.0,163,0,0,1,Pedestrian
8,1156.0,497.0,1222.0,590.0,164,0,0,1,Pedestrian
8,1156.0,497.0,1222.0,590.0,165,0,0,1,Pedestrian
8,1156.0,497.0,1222.0,590.0,166,0,0,1,Pedestrian
8,1156.0,497.0,1222.0,590.0,167,0,0,1,Pedestrian
8,1156.0,497.0,1222.0,590.0,168,0,0,1,Pedestrian
8,1156.0,497.0,1222.0,590.0,169,0,0,1,Pedestrian
8,1156.0,497.0,1222.0,590.0,170,0,0,1,Pedestrian
8,1156.0,497.0,1222.0,590.0,171,0,0,1,Pedestrian
8,1156.0,497.0,1222.0,590.0,172,0,0,1,Pedestrian
8,1156.0,497.0,1222.0,590.0,173,0,0,1,Pedestrian
8,1156.0,497.0,1222.0,590.0,174,0,0,1,Pedestrian
8,1156.0,497.0,1222.0,590.0,175,0,0,1,Pedestrian
8,1156.0,497.0,1222.0,590.0,176,0,0,1,Pedestrian
8,1156.0,497.0,1222.0,590.0,177,0,0,1,Pedestrian
8,1156.0,497.0,1222.0,590.0,178,0,0,1,Pedestrian
8,1156.0,497.0,1222.0,590.0,179,0,0,1,Pedestrian
8,1156.0,497.0,1222.0,590.0,180,0,0,1,Pedestrian
8,1156.0,497.0,1222.0,590.0,181,0,0,1,Pedestrian
8,1156.0,497.0,1222.0,590.0,182,0,0,1,Pedestrian
8,1156.0,497.0,1222.0,590.0,183,0,0,1,Pedestrian
8,1156.0,497.0,1222.0,590.0,184,0,0,1,Pedestrian
8,1156.0,497.0,1222.0,590.0,185,0,0,1,Pedestrian
8,1156.0,497.0,1222.0,590.0,186,0,0,1,Pedestrian
8,1156.0,497.0,1222.0,590.0,187,0,0,1,Pedestrian
8,1156.0,497.0,1222.0,590.0,188,0,0,1,Pedestrian
8,1156.0,497.0,1222.0,590.0,189,0,0,1,Pedestrian
8,1156.0,497.0,1222.0,590.0,190,0,0,1,Pedestrian
8,1156.0,497.0,1222.0,590.0,191,0,0,1,Pedestrian
8,1156.0,497.0,1222.0,590.0,192,0,0,1,Pedestrian
8,1156.0,497.0,1222.0,590.0,193,0,0,1,Pedestrian
8,1156.0,497.0,1222.0,590.0,194,0,0,1,Pedestrian
8,1156.0,497.0,1222.0,590.0,195,0,0,1,Pedestrian
8,1156.0,497.0,1222.0,590.0,196,0,0,1,Pedestrian
8,1156.0,497.0,1222.0,590.0,197,0,0,1,Pedestrian
8,1156.0,497.0,1222.0,590.0,198,0,0,1,Pedestrian
8,1156.0,497.0,1222.0,590.0,199,0,0,1,Pedestrian
8,1156.0,497.0,1222.0,590.0,200,0,0,1,Pedestrian
8,1156.0,497.0,1222.0,590.0,201,0,0,1,Pedestrian
8,1156.0,497.0,1222.0,590.0,202,0,0,1,Pedestrian
8,1156.0,497.0,1222.0,590.0,203,0,0,1,Pedestrian
8,1156.0,497.0,1222.0,590.0,204,0,0,1,Pedestrian
8,1156.0,497.0,1222.0,590.0,205,0,0,1,Pedestrian
8,1156.0,497.0,1222.0,590.0,206,0,0,1,Pedestrian
8,1156.0,497.0,1222.0,590.0,207,0,0,1,Pedestrian
8,1156.0,497.0,1222.0,590.0,208,0,0,1,Pedestrian
8,1156.0,497.0,1222.0,590.0,209,0,0,1,Pedestrian
8,1156.0,497.0,1222.0,590.0,210,0,0,1,Pedestrian
8,1156.0,497.0,1222.0,590.0,211,0,0,1,Pedestrian
8,1156.0,497.0,1222.0,590.0,212,0,0,1,Pedestrian
8,1156.0,497.0,1222.0,590.0,213,0,0,1,Pedestrian
8,1156.0,497.0,1222.0,590.0,214,0,0,1,Pedestrian
8,1156.0,497.0,1222.0,590.0,215,0,0,1,Pedestrian
8,1156.0,497.0,1222.0,590.0,216,0,0,1,Pedestrian
8,1156.0,497.0,1222.0,590.0,217,0,0,1,Pedestrian
8,1156.0,497.0,1222.0,590.0,218,0,0,1,Pedestrian
8,1156.0,497.0,1222.0,590.0,219,0,0,1,Pedestrian
8,1156.0,497.0,1222.0,590.0,220,0,0,1,Pedestrian
8,1156.0,497.0,1222.0,590.0,221,0,0,1,Pedestrian
8,1156.0,497.0,1222.0,590.0,222,0,0,1,Pedestrian
8,1156.0,497.0,1222.0,590.0,223,0,0,1,Pedestrian
8,1156.0,497.0,1222.0,590.0,224,0,0,1,Pedestrian
8,1156.0,497.0,1222.0,590.0,225,0,0,1,Pedestrian
8,1156.0,497.0,1222.0,590.0,226,0,0,1,Pedestrian
8,1156.0,497.0,1222.0,590.0,227,0,0,1,Pedestrian
8,1156.0,497.0,1222.0,590.0,228,0,0,1,Pedestrian
8,1156.0,497.0,1222.0,590.0,229,0,0,1,Pedestrian
8,1156.0,497.0,1222.0,590.0,230,0,0,1,Pedestrian
8,1156.0,497.0,1222.0,590.0,231,0,0,1,Pedestrian
8,1156.0,497.0,1222.0,590.0,232,0,0,1,Pedestrian
8,1156.0,497.0,1222.0,590.0,233,0,0,1,Pedestrian
8,1156.0,497.0,1222.0,590.0,234,0,0,1,Pedestrian
8,1156.0,497.0,1222.0,590.0,235,0,0,1,Pedestrian
8,1156.0,497.0,1222.0,590.0,236,0,0,1,Pedestrian
8,1156.0,497.0,1222.0,590.0,237,0,0,1,Pedestrian
8,1156.0,497.0,1222.0,590.0,238,0,0,1,Pedestrian
8,1156.0,497.0,1222.0,590.0,239,0,0,1,Pedestrian
8,1156.0,497.0,1222.0,590.0,240,0,0,1,Pedestrian
8,1156.0,497.0,1222.0,590.0,241,0,0,1,Pedestrian
8,1156.0,497.0,1222.0,590.0,242,0,0,1,Pedestrian
8,1156.0,497.0,1222.0,590.0,243,0,0,1,Pedestrian
8,1156.0,497.0,1222.0,590.0,244,0,0,1,Pedestrian
8,1156.0,497.0,1222.0,590.0,245,0,0,1,Pedestrian
8,1156.0,497.0,1222.0,590.0,246,0,0,1,Pedestrian
8,1156.0,497.0,1222.0,590.0,247,0,0,1,Pedestrian
8,1156.0,497.0,1222.0,590.0,248,0,0,1,Pedestrian
8,1156.0,497.0,1222.0,590.0,249,0,0,1,Pedestrian
8,1156.0,497.0,1222.0,590.0,250,0,0,1,Pedestrian
8,1156.0,497.0,1222.0,590.0,251,0,0,1,Pedestrian
8,1156.0,497.0,1222.0,590.0,252,0,0,1,Pedestrian
8,1156.0,497.0,1222.0,590.0,253,0,0,1,Pedestrian
8,1156.0,497.0,1222.0,590.0,254,0,0,1,Pedestrian
8,1156.0,497.0,1222.0,590.0,255,0,0,1,Pedestrian
8,1156.0,497.0,1222.0,590.0,256,0,0,1,Pedestrian
8,1156.0,497.0,1222.0,590.0,257,0,0,1,Pedestrian
8,1156.0,497.0,1222.0,590.0,258,0,0,1,Pedestrian
8,1156.0,497.0,1222.0,590.0,259,0,0,1,Pedestrian
8,1156.0,497.0,1222.0,590.0,260,0,0,1,Pedestrian
8,1156.0,497.0,1222.0,590.0,261,0,0,1,Pedestrian
8,1156.0,497.0,1222.0,590.0,262,0,0,1,Pedestrian
8,1156.0,497.0,1222.0,590.0,263,0,0,1,Pedestrian
8,1156.0,497.0,1222.0,590.0,264,0,0,1,Pedestrian
8,1156.0,497.0,1222.0,590.0,265,0,0,1,Pedestrian
8,1156.0,497.0,1222.0,590.0,266,0,0,1,Pedestrian
8,1156.0,497.0,1222.0,590.0,267,0,0,1,Pedestrian
8,1156.0,497.0,1222.0,590.0,268,0,0,1,Pedestrian
8,1156.0,497.0,1222.0,590.0,269,0,0,1,Pedestrian
8,1156.0,497.0,1222.0,590.0,270,0,0,1,Pedestrian
8,1156.0,497.0,1222.0,590.0,271,0,0,1,Pedestrian
8,1156.0,497.0,1222.0,590.0,272,0,0,1,Pedestrian
8,1156.0,497.0,1222.0,590.0,273,0,0,1,Pedestrian
8,1156.0,497.0,1222.0,590.0,274,0,0,1,Pedestrian
8,1156.0,497.0,1222.0,590.0,275,0,0,1,Pedestrian
8,1156.0,497.0,1222.0,590.0,276,0,0,1,Pedestrian
8,1156.0,497.0,1222.0,590.0,277,0,0,1,Pedestrian
8,1156.0,497.0,1222.0,590.0,278,0,0,1,Pedestrian
8,1156.0,497.0,1222.0,590.0,279,0,0,1,Pedestrian
8,1156.0,497.0,1222.0,590.0,280,0,0,1,Pedestrian
8,1156.0,497.0,1222.0,590.0,281,0,0,1,Pedestrian
8,1156.0,497.0,1222.0,590.0,282,0,0,1,Pedestrian
8,1156.0,497.0,1222.0,590.0,283,0,0,1,Pedestrian
8,1156.0,497.0,1222.0,590.0,284,0,0,1,Pedestrian
8,1156.0,497.0,1222.0,590.0,285,0,0,1,Pedestrian
8,1156.0,497.0,1222.0,590.0,286,0,0,1,Pedestrian
8,1156.0,497.0,1222.0,590.0,287,0,0,1,Pedestrian
8,1156.0,497.0,1222.0,590.0,288,0,0,1,Pedestrian
8,1156.0,497.0,1222.0,590.0,289,0,0,1,Pedestrian
8,1156.0,497.0,1222.0,590.0,290,0,0,1,Pedestrian
8,1156.0,497.0,1222.0,590.0,291,0,0,1,Pedestrian
8,1156.0,497.0,1222.0,590.0,292,0,0,1,Pedestrian
8,1156.0,497.0,1222.0,590.0,293,0,0,1,Pedestrian
8,1156.0,497.0,1222.0,590.0,294,0,0,1,Pedestrian
8,1156.0,497.0,1222.0,590.0,295,0,0,1,Pedestrian
8,1156.0,497.0,1222.0,590.0,296,0,0,1,Pedestrian
8,1156.0,497.0,1222.0,590.0,297,0,0,1,Pedestrian
8,1156.0,497.0,1222.0,590.0,298,0,0,1,Pedestrian
8,1156.0,497.0,1222.0,590.0,299,0,0,1,Pedestrian
8,1156.0,497.0,1222.0,590.0,300,0,0,1,Pedestrian
8,1156.0,497.0,1222.0,590.0,301,0,0,1,Pedestrian
8,1156.0,497.0,1222.0,590.0,302,0,0,1,Pedestrian
8,1156.0,497.0,1222.0,590.0,303,0,0,1,Pedestrian
8,1156.0,497.0,1222.0,590.0,304,0,0,1,Pedestrian
8,1156.0,497.0,1222.0,590.0,305,0,0,1,Pedestrian
8,1156.0,497.0,1222.0,590.0,306,0,0,1,Pedestrian
8,1156.0,497.0,1222.0,590.0,307,0,0,1,Pedestrian
8,1156.0,497.0,1222.0,590.0,308,0,0,1,Pedestrian
8,1156.0,497.0,1222.0,590.0,309,0,0,1,Pedestrian
8,1156.0,497.0,1222.0,590.0,310,0,0,1,Pedestrian
8,1156.0,497.0,1222.0,590.0,311,0,0,1,Pedestrian
8,1156.0,497.0,1222.0,590.0,312,0,0,1,Pedestrian
8,1156.0,497.0,1222.0,590.0,313,0,0,1,Pedestrian
8,1156.0,497.0,1222.0,590.0,314,0,0,1,Pedestrian
8,1156.0,497.0,1222.0,590.0,315,0,0,1,Pedestrian
8,1156.0,497.0,1222.0,590.0,316,0,0,1,Pedestrian
8,1156.0,497.0,1222.0,590.0,317,0,0,1,Pedestrian
8,1156.0,497.0,1222.0,590.0,318,0,0,1,Pedestrian
8,1156.0,497.0,1222.0,590.0,319,0,0,1,Pedestrian
8,1156.0,497.0,1222.0,590.0,320,0,0,1,Pedestrian
8,1156.0,497.0,1222.0,590.0,321,0,0,1,Pedestrian
8,1156.0,497.0,1222.0,590.0,322,0,0,1,Pedestrian
8,1156.0,497.0,1222.0,590.0,323,0,0,1,Pedestrian
8,1156.0,497.0,1222.0,590.0,324,0,0,1,Pedestrian
8,1156.0,497.0,1222.0,590.0,325,0,0,1,Pedestrian
8,1156.0,497.0,1222.0,590.0,326,0,0,1,Pedestrian
8,1156.0,497.0,1222.0,590.0,327,0,0,1,Pedestrian
8,1156.0,497.0,1222.0,590.0,328,0,0,1,Pedestrian
8,1156.0,497.0,1222.0,590.0,329,0,0,1,Pedestrian
8,1156.0,497.0,1222.0,590.0,330,0,0,1,Pedestrian
8,1156.0,497.0,1222.0,590.0,331,0,0,1,Pedestrian
8,1156.0,497.0,1222.0,590.0,332,0,0,1,Pedestrian
8,1156.0,497.0,1222.0,590.0,333,0,0,1,Pedestrian
8,1156.0,497.0,1222.0,590.0,334,0,0,1,Pedestrian
8,1156.0,497.0,1222.0,590.0,335,0,0,1,Pedestrian
8,1156.0,497.0,1222.0,590.0,336,0,0,1,Pedestrian
8,1156.0,497.0,1222.0,590.0,337,0,0,1,Pedestrian
8,1156.0,497.0,1222.0,590.0,338,0,0,1,Pedestrian
8,1156.0,497.0,1222.0,590.0,339,0,0,1,Pedestrian
8,1156.0,497.0,1222.0,590.0,340,0,0,1,Pedestrian
8,1156.0,497.0,1222.0,590.0,341,0,0,1,Pedestrian
8,1156.0,497.0,1222.0,590.0,342,0,0,1,Pedestrian
8,1156.0,497.0,1222.0,590.0,343,0,0,1,Pedestrian
8,1156.0,497.0,1222.0,590.0,344,0,0,1,Pedestrian
8,1156.0,497.0,1222.0,590.0,345,0,0,1,Pedestrian
8,1156.0,497.0,1222.0,590.0,346,0,0,1,Pedestrian
8,1156.0,497.0,1222.0,590.0,347,0,0,1,Pedestrian
8,1156.0,497.0,1222.0,590.0,348,0,0,1,Pedestrian
8,1156.0,497.0,1222.0,590.0,349,0,0,1,Pedestrian
8,1156.0,497.0,1222.0,590.0,350,0,0,1,Pedestrian
8,1156.0,497.0,1222.0,590.0,351,0,0,1,Pedestrian
8,1156.0,497.0,1222.0,590.0,352,0,0,1,Pedestrian
8,1156.0,497.0,1222.0,590.0,353,0,0,1,Pedestrian
8,1156.0,497.0,1222.0,590.0,354,0,0,1,Pedestrian
8,1156.0,497.0,1222.0,590.0,355,0,0,1,Pedestrian
8,1156.0,497.0,1222.0,590.0,356,0,0,1,Pedestrian
8,1156.0,497.0,1222.0,590.0,357,0,0,1,Pedestrian
8,1156.0,497.0,1222.0,590.0,358,0,0,1,Pedestrian
8,1156.0,497.0,1222.0,590.0,359,0,0,1,Pedestrian
8,1156.0,497.0,1222.0,590.0,360,0,0,1,Pedestrian
8,1156.0,497.0,1222.0,590.0,361,0,0,1,Pedestrian
8,1156.0,497.0,1222.0,590.0,362,0,0,1,Pedestrian
8,1156.0,497.0,1222.0,590.0,363,0,0,1,Pedestrian
8,1156.0,497.0,1222.0,590.0,364,0,0,1,Pedestrian
8,1156.0,497.0,1222.0,590.0,365,0,0,1,Pedestrian
8,1156.0,497.0,1222.0,590.0,366,0,0,1,Pedestrian
8,1156.0,497.0,1222.0,590.0,367,0,0,1,Pedestrian
8,1156.0,497.0,1222.0,590.0,368,0,0,1,Pedestrian
8,1156.0,497.0,1222.0,590.0,369,0,0,1,Pedestrian
8,1156.0,497.0,1222.0,590.0,370,0,0,1,Pedestrian
8,1156.0,497.0,1222.0,590.0,371,0,0,1,Pedestrian
8,1156.0,497.0,1222.0,590.0,372,0,0,1,Pedestrian
8,1156.0,497.0,1222.0,590.0,373,0,0,1,Pedestrian
8,1156.0,497.0,1222.0,590.0,374,0,0,1,Pedestrian
8,1156.0,497.0,1222.0,590.0,375,0,0,1,Pedestrian
8,1156.0,497.0,1222.0,590.0,376,0,0,1,Pedestrian
8,1156.0,497.0,1222.0,590.0,377,0,0,1,Pedestrian
8,1156.0,497.0,1222.0,590.0,378,0,0,1,Pedestrian
8,1156.0,497.0,1222.0,590.0,379,0,0,1,Pedestrian
8,1156.0,497.0,1222.0,590.0,380,0,0,1,Pedestrian
8,1156.0,497.0,1222.0,590.0,381,0,0,1,Pedestrian
8,1156.0,497.0,1222.0,590.0,382,0,0,1,Pedestrian
8,1156.0,497.0,1222.0,590.0,383,0,0,1,Pedestrian
8,1156.0,497.0,1222.0,590.0,384,0,0,1,Pedestrian
8,1156.0,497.0,1222.0,590.0,385,0,0,1,Pedestrian
8,1156.0,497.0,1222.0,590.0,386,0,0,1,Pedestrian
8,1156.0,497.0,1222.0,590.0,387,0,0,1,Pedestrian
8,1156.0,497.0,1222.0,590.0,388,0,0,1,Pedestrian
8,1156.0,497.0,1222.0,590.0,389,0,0,1,Pedestrian
8,1156.0,497.0,1222.0,590.0,390,0,0,1,Pedestrian
8,1156.0,497.0,1222.0,590.0,391,0,0,1,Pedestrian
8,1156.0,497.0,1222.0,590.0,392,0,0,1,Pedestrian
8,1156.0,497.0,1222.0,590.0,393,0,0,1,Pedestrian
8,1156.0,497.0,1222.0,590.0,394,0,0,1,Pedestrian
8,1156.0,497.0,1222.0,590.0,395,0,0,1,Pedestrian
8,1156.0,497.0,1222.0,590.0,396,0,0,1,Pedestrian
8,1156.0,497.0,1222.0,590.0,397,0,0,1,Pedestrian
8,1156.0,497.0,1222.0,590.0,398,0,0,1,Pedestrian
8,1156.0,497.0,1222.0,590.0,399,0,0,1,Pedestrian
8,1156.0,497.0,1222.0,590.0,400,0,0,1,Pedestrian
8,1156.0,497.0,1222.0,590.0,401,0,0,1,Pedestrian
8,1156.0,497.0,1222.0,590.0,402,0,0,1,Pedestrian
8,1156.0,497.0,1222.0,590.0,403,0,0,1,Pedestrian
8,1156.0,497.0,1222.0,590.0,404,0,0,1,Pedestrian
8,1156.0,497.0,1222.0,590.0,405,0,0,1,Pedestrian
8,1156.0,497.0,1222.0,590.0,406,0,0,1,Pedestrian
8,1156.0,497.0,1222.0,590.0,407,0,0,1,Pedestrian
8,1156.0,497.0,1222.0,590.0,408,0,0,1,Pedestrian
8,1156.0,497.0,1222.0,590.0,409,0,0,1,Pedestrian
8,1156.0,497.0,1222.0,590.0,410,0,0,1,Pedestrian
8,1156.0,497.0,1222.0,590.0,411,0,0,1,Pedestrian
8,1156.0,497.0,1222.0,590.0,412,0,0,1,Pedestrian
8,1156.0,497.0,1222.0,590.0,413,0,0,1,Pedestrian
8,1156.0,497.0,1222.0,590.0,414,0,0,1,Pedestrian
8,1156.0,497.0,1222.0,590.0,415,0,0,1,Pedestrian
8,1156.0,497.0,1222.0,590.0,416,0,0,1,Pedestrian
8,1156.0,497.0,1222.0,590.0,417,0,0,1,Pedestrian
8,1156.0,497.0,1222.0,590.0,418,0,0,1,Pedestrian
8,1156.0,497.0,1222.0,590.0,419,0,0,1,Pedestrian
8,1156.0,497.0,1222.0,590.0,420,0,0,1,Pedestrian
8,1156.0,497.0,1222.0,590.0,421,0,0,1,Pedestrian
8,1156.0,497.0,1222.0,590.0,422,0,0,1,Pedestrian
8,1156.0,497.0,1222.0,590.0,423,0,0,1,Pedestrian
8,1156.0,497.0,1222.0,590.0,424,0,0,1,Pedestrian
8,1156.0,497.0,1222.0,590.0,425,0,0,1,Pedestrian
8,1156.0,497.0,1222.0,590.0,426,0,0,1,Pedestrian
8,1156.0,497.0,1222.0,590.0,427,0,0,1,Pedestrian
8,1156.0,497.0,1222.0,590.0,428,0,0,1,Pedestrian
8,1156.0,497.0,1222.0,590.0,429,0,0,1,Pedestrian
8,1156.0,497.0,1222.0,590.0,430,0,0,1,Pedestrian
8,1156.0,497.0,1222.0,590.0,431,0,0,1,Pedestrian
8,1156.0,497.0,1222.0,590.0,432,0,0,1,Pedestrian
8,1156.0,497.0,1222.0,590.0,433,0,0,1,Pedestrian
8,1156.0,497.0,1222.0,590.0,434,0,0,1,Pedestrian
8,1156.0,497.0,1222.0,590.0,435,0,0,1,Pedestrian
8,1156.0,497.0,1222.0,590.0,436,0,0,1,Pedestrian
8,1156.0,497.0,1222.0,590.0,437,0,0,1,Pedestrian
8,1156.0,497.0,1222.0,590.0,438,0,0,1,Pedestrian
8,1156.0,497.0,1222.0,590.0,439,0,0,1,Pedestrian
8,1156.0,497.0,1222.0,590.0,440,0,0,1,Pedestrian
8,1156.0,497.0,1222.0,590.0,441,0,0,1,Pedestrian
8,1156.0,497.0,1222.0,590.0,442,0,0,1,Pedestrian
8,1156.0,497.0,1222.0,590.0,443,0,0,1,Pedestrian
8,1156.0,497.0,1222.0,590.0,444,0,0,1,Pedestrian
8,1156.0,497.0,1222.0,590.0,445,0,0,1,Pedestrian
8,1156.0,497.0,1222.0,590.0,446,0,0,1,Pedestrian
8,1156.0,497.0,1222.0,590.0,447,0,0,1,Pedestrian
8,1156.0,497.0,1222.0,590.0,448,0,0,1,Pedestrian
8,1156.0,497.0,1222.0,590.0,449,0,0,1,Pedestrian
8,1156.0,497.0,1222.0,590.0,450,0,0,1,Pedestrian
8,1156.0,497.0,1222.0,590.0,451,0,0,1,Pedestrian
8,1156.0,497.0,1222.0,590.0,452,0,0,1,Pedestrian
8,1156.0,497.0,1222.0,590.0,453,0,0,1,Pedestrian
8,1156.0,497.0,1222.0,590.0,454,0,0,1,Pedestrian
8,1156.0,497.0,1222.0,590.0,455,0,0,1,Pedestrian
8,1156.0,497.0,1222.0,590.0,456,0,0,1,Pedestrian
8,1156.0,497.0,1222.0,590.0,457,0,0,1,Pedestrian
8,1156.0,497.0,1222.0,590.0,458,0,0,1,Pedestrian
8,1156.0,497.0,1222.0,590.0,459,0,0,1,Pedestrian
8,1156.0,497.0,1222.0,590.0,460,0,0,1,Pedestrian
8,1156.0,497.0,1222.0,590.0,461,0,0,1,Pedestrian
8,1156.0,497.0,1222.0,590.0,462,0,0,1,Pedestrian
8,1156.0,497.0,1222.0,590.0,463,0,0,1,Pedestrian
8,1156.0,497.0,1222.0,590.0,464,0,0,1,Pedestrian
8,1156.0,497.0,1222.0,590.0,465,0,0,1,Pedestrian
8,1156.0,497.0,1222.0,590.0,466,0,0,1,Pedestrian
8,1156.0,497.0,1222.0,590.0,467,0,0,1,Pedestrian
8,1156.0,497.0,1222.0,590.0,468,0,0,1,Pedestrian
8,1156.0,497.0,1222.0,590.0,469,0,0,1,Pedestrian
8,1156.0,497.0,1222.0,590.0,470,0,0,1,Pedestrian
8,1156.0,497.0,1222.0,590.0,471,0,0,1,Pedestrian
8,1156.0,497.0,1222.0,590.0,472,0,0,1,Pedestrian
8,1156.0,497.0,1222.0,590.0,473,0,0,1,Pedestrian
8,1156.0,497.0,1222.0,590.0,474,0,0,1,Pedestrian
8,1156.0,497.0,1222.0,590.0,475,0,0,1,Pedestrian
8,1156.0,497.0,1222.0,590.0,476,0,0,1,Pedestrian
8,1156.0,497.0,1222.0,590.0,477,0,0,1,Pedestrian
8,1156.0,497.0,1222.0,590.0,478,0,0,1,Pedestrian
8,1156.0,497.0,1222.0,590.0,479,0,0,1,Pedestrian
8,1156.0,497.0,1222.0,590.0,480,0,0,1,Pedestrian
8,1156.0,497.0,1222.0,590.0,481,0,0,1,Pedestrian
8,1156.0,497.0,1222.0,590.0,482,0,0,1,Pedestrian
8,1156.0,497.0,1222.0,590.0,483,0,0,1,Pedestrian
8,1156.0,497.0,1222.0,590.0,484,0,0,1,Pedestrian
8,1156.0,497.0,1222.0,590.0,485,0,0,1,Pedestrian
8,1156.0,497.0,1222.0,590.0,486,0,0,1,Pedestrian
8,1156.0,497.0,1222.0,590.0,487,0,0,1,Pedestrian
8,1156.0,497.0,1222.0,590.0,488,0,0,1,Pedestrian
8,1156.0,497.0,1222.0,590.0,489,0,0,1,Pedestrian
8,1156.0,497.0,1222.0,590.0,490,0,0,1,Pedestrian
8,1156.0,497.0,1222.0,590.0,491,0,0,1,Pedestrian
8,1156.0,497.0,1222.0,590.0,492,0,0,1,Pedestrian
8,1156.0,497.0,1222.0,590.0,493,0,0,1,Pedestrian
8,1156.0,497.0,1222.0,590.0,494,0,0,1,Pedestrian
8,1156.0,497.0,1222.0,590.0,495,0,0,1,Pedestrian
8,1156.0,497.0,1222.0,590.0,496,0,0,1,Pedestrian
8,1156.0,497.0,1222.0,590.0,497,0,0,1,Pedestrian
8,1156.0,497.0,1222.0,590.0,498,0,0,1,Pedestrian
8,1156.0,497.0,1222.0,590.0,499,0,0,1,Pedestrian
8,1156.0,497.0,1222.0,590.0,500,0,0,1,Pedestrian
8,1156.0,497.0,1222.0,590.0,501,0,0,1,Pedestrian
8,1156.0,497.0,1222.0,590.0,502,0,0,1,Pedestrian
8,1156.0,497.0,1222.0,590.0,503,0,0,1,Pedestrian
8,1156.0,497.0,1222.0,590.0,504,0,0,1,Pedestrian
8,1156.0,497.0,1222.0,590.0,505,0,0,1,Pedestrian
8,1156.0,497.0,1222.0,590.0,506,0,0,1,Pedestrian
8,1156.0,497.0,1222.0,590.0,507,0,0,1,Pedestrian
8,1156.0,497.0,1222.0,590.0,508,0,0,1,Pedestrian
8,1156.0,497.0,1222.0,590.0,509,0,0,1,Pedestrian
8,1156.0,497.0,1222.0,590.0,510,0,0,1,Pedestrian
8,1156.0,497.0,1222.0,590.0,511,0,0,1,Pedestrian
8,1156.0,497.0,1222.0,590.0,512,0,0,1,Pedestrian
8,1156.0,497.0,1222.0,590.0,513,0,0,1,Pedestrian
8,1156.0,497.0,1222.0,590.0,514,0,0,1,Pedestrian
8,1156.0,497.0,1222.0,590.0,515,0,0,1,Pedestrian
8,1156.0,497.0,1222.0,590.0,516,0,0,1,Pedestrian
8,1156.0,497.0,1222.0,590.0,517,0,0,1,Pedestrian
8,1156.0,497.0,1222.0,590.0,518,0,0,1,Pedestrian
8,1156.0,497.0,1222.0,590.0,519,0,0,1,Pedestrian
8,1156.0,497.0,1222.0,590.0,520,0,0,1,Pedestrian
8,1156.0,497.0,1222.0,590.0,521,0,0,1,Pedestrian
8,1156.0,497.0,1222.0,590.0,522,0,0,1,Pedestrian
8,1156.0,497.0,1222.0,590.0,523,0,0,1,Pedestrian
8,1156.0,497.0,1222.0,590.0,524,0,0,1,Pedestrian
8,1156.0,497.0,1222.0,590.0,525,0,0,1,Pedestrian
8,1156.0,497.0,1222.0,590.0,526,0,0,1,Pedestrian
8,1156.0,497.0,1222.0,590.0,527,0,0,1,Pedestrian
8,1156.0,497.0,1222.0,590.0,528,0,0,1,Pedestrian
8,1156.0,497.0,1222.0,590.0,529,0,0,1,Pedestrian
8,1156.0,497.0,1222.0,590.0,530,0,0,1,Pedestrian
8,1156.0,497.0,1222.0,590.0,531,0,0,0,Pedestrian
9,864.0,812.0,907.0,885.0,0,0,0,0,Pedestrian
9,864.0,808.0,907.0,881.0,1,0,0,1,Pedestrian
9,866.0,808.0,909.0,881.0,2,0,0,1,Pedestrian
9,866.0,808.0,909.0,881.0,3,0,0,1,Pedestrian
9,868.0,808.0,911.0,881.0,4,0,0,1,Pedestrian
9,868.0,808.0,911.0,881.0,5,0,0,1,Pedestrian
9,870.0,808.0,913.0,881.0,6,0,0,1,Pedestrian
9,870.0,808.0,913.0,881.0,7,0,0,1,Pedestrian
9,871.0,808.0,915.0,881.0,8,0,0,1,Pedestrian
9,873.0,808.0,916.0,881.0,9,0,0,1,Pedestrian
9,873.0,804.0,916.0,877.0,10,0,0,1,Pedestrian
9,875.0,804.0,918.0,877.0,11,0,0,1,Pedestrian
9,875.0,804.0,918.0,877.0,12,0,0,1,Pedestrian
9,877.0,804.0,920.0,877.0,13,0,0,1,Pedestrian
9,877.0,804.0,920.0,877.0,14,0,0,1,Pedestrian
9,879.0,804.0,922.0,877.0,15,0,0,1,Pedestrian
9,881.0,804.0,924.0,877.0,16,0,0,1,Pedestrian
9,881.0,804.0,924.0,877.0,17,0,0,1,Pedestrian
9,883.0,804.0,926.0,877.0,18,0,0,1,Pedestrian
9,883.0,804.0,926.0,877.0,19,0,0,1,Pedestrian
9,885.0,800.0,928.0,873.0,20,0,0,1,Pedestrian
9,885.0,800.0,928.0,873.0,21,0,0,1,Pedestrian
9,886.0,800.0,930.0,873.0,22,0,0,1,Pedestrian
9,886.0,800.0,930.0,873.0,23,0,0,1,Pedestrian
9,888.0,800.0,931.0,873.0,24,0,0,1,Pedestrian
9,890.0,800.0,933.0,873.0,25,0,0,1,Pedestrian
9,890.0,800.0,933.0,873.0,26,0,0,1,Pedestrian
9,892.0,800.0,935.0,873.0,27,0,0,1,Pedestrian
9,892.0,800.0,935.0,873.0,28,0,0,1,Pedestrian
9,894.0,800.0,937.0,873.0,29,0,0,1,Pedestrian
9,894.0,796.0,937.0,868.0,30,0,0,1,Pedestrian
9,896.0,796.0,939.0,868.0,31,0,0,1,Pedestrian
9,898.0,796.0,941.0,868.0,32,0,0,1,Pedestrian
9,898.0,796.0,941.0,868.0,33,0,0,1,Pedestrian
9,900.0,796.0,943.0,868.0,34,0,0,1,Pedestrian
9,900.0,796.0,943.0,868.0,35,0,0,1,Pedestrian
9,901.0,796.0,945.0,868.0,36,0,0,1,Pedestrian
9,901.0,796.0,945.0,868.0,37,0,0,1,Pedestrian
9,903.0,796.0,946.0,868.0,38,0,0,1,Pedestrian
9,903.0,792.0,946.0,864.0,39,0,0,1,Pedestrian
9,905.0,792.0,948.0,864.0,40,0,0,1,Pedestrian
9,907.0,792.0,950.0,864.0,41,0,0,1,Pedestrian
9,907.0,792.0,950.0,864.0,42,0,0,1,Pedestrian
9,909.0,792.0,952.0,864.0,43,0,0,1,Pedestrian
9,909.0,792.0,952.0,864.0,44,0,0,1,Pedestrian
9,911.0,792.0,954.0,864.0,45,0,0,1,Pedestrian
9,911.0,792.0,954.0,864.0,46,0,0,1,Pedestrian
9,913.0,792.0,956.0,864.0,47,0,0,1,Pedestrian
9,915.0,792.0,958.0,864.0,48,0,0,1,Pedestrian
9,915.0,788.0,958.0,860.0,49,0,0,1,Pedestrian
9,916.0,788.0,960.0,860.0,50,0,0,1,Pedestrian
9,916.0,788.0,960.0,860.0,51,0,0,1,Pedestrian
9,918.0,788.0,961.0,860.0,52,0,0,1,Pedestrian
9,918.0,788.0,961.0,860.0,53,0,0,1,Pedestrian
9,920.0,788.0,963.0,860.0,54,0,0,1,Pedestrian
9,920.0,788.0,963.0,860.0,55,0,0,1,Pedestrian
9,922.0,788.0,965.0,860.0,56,0,0,1,Pedestrian
9,924.0,788.0,967.0,860.0,57,0,0,1,Pedestrian
9,924.0,788.0,967.0,860.0,58,0,0,1,Pedestrian
9,926.0,784.0,969.0,856.0,59,0,0,1,Pedestrian
9,926.0,784.0,969.0,856.0,60,0,0,1,Pedestrian
9,928.0,784.0,971.0,856.0,61,0,0,1,Pedestrian
9,928.0,784.0,971.0,856.0,62,0,0,1,Pedestrian
9,930.0,784.0,973.0,856.0,63,0,0,1,Pedestrian
9,931.0,784.0,975.0,856.0,64,0,0,1,Pedestrian
9,931.0,784.0,975.0,856.0,65,0,0,1,Pedestrian
9,933.0,784.0,976.0,856.0,66,0,0,1,Pedestrian
9,933.0,784.0,976.0,856.0,67,0,0,1,Pedestrian
9,935.0,784.0,978.0,856.0,68,0,0,1,Pedestrian
9,935.0,780.0,978.0,852.0,69,0,0,1,Pedestrian
9,937.0,780.0,980.0,852.0,70,0,0,1,Pedestrian
9,937.0,780.0,980.0,852.0,71,0,0,1,Pedestrian
9,939.0,780.0,982.0,852.0,72,0,0,1,Pedestrian
9,941.0,780.0,984.0,852.0,73,0,0,1,Pedestrian
9,941.0,780.0,984.0,852.0,74,0,0,1,Pedestrian
9,943.0,780.0,986.0,852.0,75,0,0,1,Pedestrian
9,943.0,780.0,986.0,852.0,76,0,0,1,Pedestrian
9,945.0,780.0,988.0,852.0,77,0,0,1,Pedestrian
9,945.0,776.0,988.0,848.0,78,0,0,1,Pedestrian
9,946.0,776.0,990.0,848.0,79,0,0,1,Pedestrian
9,948.0,776.0,991.0,848.0,80,0,0,1,Pedestrian
9,948.0,776.0,991.0,848.0,81,0,0,1,Pedestrian
9,950.0,776.0,993.0,848.0,82,0,0,1,Pedestrian
9,950.0,776.0,993.0,848.0,83,0,0,1,Pedestrian
9,952.0,776.0,995.0,848.0,84,0,0,1,Pedestrian
9,952.0,776.0,995.0,848.0,85,0,0,1,Pedestrian
9,954.0,776.0,997.0,848.0,86,0,0,1,Pedestrian
9,954.0,776.0,997.0,848.0,87,0,0,1,Pedestrian
9,956.0,771.0,999.0,844.0,88,0,0,1,Pedestrian
9,958.0,771.0,1001.0,844.0,89,0,0,1,Pedestrian
9,958.0,771.0,1001.0,844.0,90,0,0,1,Pedestrian
9,960.0,771.0,1003.0,844.0,91,0,0,1,Pedestrian
9,960.0,771.0,1003.0,844.0,92,0,0,1,Pedestrian
9,961.0,771.0,1005.0,844.0,93,0,0,1,Pedestrian
9,961.0,771.0,1005.0,844.0,94,0,0,1,Pedestrian
9,963.0,771.0,1006.0,844.0,95,0,0,1,Pedestrian
9,965.0,771.0,1008.0,844.0,96,0,0,1,Pedestrian
9,965.0,771.0,1008.0,844.0,97,0,0,1,Pedestrian
9,967.0,767.0,1010.0,840.0,98,0,0,1,Pedestrian
9,967.0,767.0,1010.0,840.0,99,0,0,1,Pedestrian
9,969.0,767.0,1012.0,840.0,100,0,0,1,Pedestrian
9,969.0,767.0,1012.0,840.0,101,0,0,1,Pedestrian
9,971.0,767.0,1014.0,840.0,102,0,0,1,Pedestrian
9,971.0,767.0,1014.0,840.0,103,0,0,1,Pedestrian
9,973.0,767.0,1016.0,840.0,104,0,0,1,Pedestrian
9,975.0,767.0,1018.0,840.0,105,0,0,1,Pedestrian
9,975.0,767.0,1018.0,840.0,106,0,0,1,Pedestrian
9,976.0,763.0,1020.0,836.0,107,0,0,1,Pedestrian
9,976.0,763.0,1020.0,836.0,108,0,0,1,Pedestrian
9,978.0,763.0,1021.0,836.0,109,0,0,1,Pedestrian
9,978.0,763.0,1021.0,836.0,110,0,0,1,Pedestrian
9,980.0,763.0,1023.0,836.0,111,0,0,1,Pedestrian
9,982.0,763.0,1025.0,836.0,112,0,0,1,Pedestrian
9,982.0,763.0,1025.0,836.0,113,0,0,1,Pedestrian
9,984.0,763.0,1027.0,836.0,114,0,0,1,Pedestrian
9,984.0,763.0,1027.0,836.0,115,0,0,1,Pedestrian
9,986.0,763.0,1029.0,836.0,116,0,0,1,Pedestrian
9,986.0,759.0,1029.0,832.0,117,0,0,1,Pedestrian
9,988.0,759.0,1031.0,832.0,118,0,0,1,Pedestrian
9,988.0,759.0,1031.0,832.0,119,0,0,1,Pedestrian
9,990.0,759.0,1033.0,832.0,120,0,0,1,Pedestrian
9,991.0,759.0,1035.0,832.0,121,0,0,1,Pedestrian
9,991.0,759.0,1035.0,832.0,122,0,0,1,Pedestrian
9,993.0,759.0,1036.0,832.0,123,0,0,1,Pedestrian
9,993.0,759.0,1036.0,832.0,124,0,0,1,Pedestrian
9,995.0,759.0,1038.0,832.0,125,0,0,1,Pedestrian
9,995.0,759.0,1038.0,832.0,126,0,0,1,Pedestrian
9,997.0,755.0,1040.0,828.0,127,0,0,1,Pedestrian
9,999.0,755.0,1042.0,828.0,128,0,0,1,Pedestrian
9,999.0,755.0,1042.0,828.0,129,0,0,1,Pedestrian
9,1001.0,755.0,1044.0,828.0,130,0,0,1,Pedestrian
9,1001.0,755.0,1044.0,828.0,131,0,0,1,Pedestrian
9,1003.0,755.0,1046.0,828.0,132,0,0,1,Pedestrian
9,1003.0,755.0,1046.0,828.0,133,0,0,1,Pedestrian
9,1005.0,755.0,1048.0,828.0,134,0,0,1,Pedestrian
9,1005.0,755.0,1048.0,828.0,135,0,0,1,Pedestrian
9,1006.0,755.0,1050.0,828.0,136,0,0,1,Pedestrian
9,1008.0,751.0,1051.0,824.0,137,0,0,1,Pedestrian
9,1008.0,751.0,1051.0,824.0,138,0,0,1,Pedestrian
9,1010.0,751.0,1053.0,824.0,139,0,0,1,Pedestrian
9,1010.0,751.0,1053.0,824.0,140,0,0,1,Pedestrian
9,1012.0,751.0,1055.0,824.0,141,0,0,1,Pedestrian
9,1012.0,751.0,1055.0,824.0,142,0,0,1,Pedestrian
9,1014.0,751.0,1057.0,824.0,143,0,0,1,Pedestrian
9,1016.0,751.0,1059.0,824.0,144,0,0,1,Pedestrian
9,1016.0,751.0,1059.0,824.0,145,0,0,1,Pedestrian
9,1018.0,747.0,1061.0,820.0,146,0,0,1,Pedestrian
9,1018.0,747.0,1061.0,820.0,147,0,0,1,Pedestrian
9,1020.0,747.0,1063.0,820.0,148,0,0,1,Pedestrian
9,1020.0,747.0,1063.0,820.0,149,0,0,1,Pedestrian
9,1021.0,747.0,1065.0,820.0,150,0,0,1,Pedestrian
9,1021.0,747.0,1065.0,820.0,151,0,0,1,Pedestrian
9,1023.0,747.0,1066.0,820.0,152,0,0,1,Pedestrian
9,1025.0,747.0,1068.0,820.0,153,0,0,1,Pedestrian
9,1025.0,747.0,1068.0,820.0,154,0,0,1,Pedestrian
9,1027.0,747.0,1070.0,820.0,155,0,0,1,Pedestrian
9,1027.0,743.0,1070.0,816.0,156,0,0,1,Pedestrian
9,1029.0,743.0,1072.0,816.0,157,0,0,1,Pedestrian
9,1029.0,743.0,1072.0,816.0,158,0,0,1,Pedestrian
9,1031.0,743.0,1074.0,816.0,159,0,0,1,Pedestrian
9,1033.0,743.0,1076.0,816.0,160,0,0,1,Pedestrian
9,1033.0,743.0,1076.0,816.0,161,0,0,1,Pedestrian
9,1035.0,743.0,1078.0,816.0,162,0,0,1,Pedestrian
9,1035.0,743.0,1078.0,816.0,163,0,0,1,Pedestrian
9,1036.0,743.0,1080.0,816.0,164,0,0,1,Pedestrian
9,1036.0,743.0,1080.0,816.0,165,0,0,1,Pedestrian
9,1038.0,739.0,1081.0,812.0,166,0,0,1,Pedestrian
9,1038.0,739.0,1081.0,812.0,167,0,0,1,Pedestrian
9,1040.0,739.0,1083.0,812.0,168,0,0,1,Pedestrian
9,1042.0,739.0,1085.0,812.0,169,0,0,1,Pedestrian
9,1042.0,739.0,1085.0,812.0,170,0,0,1,Pedestrian
9,1044.0,739.0,1087.0,812.0,171,0,0,1,Pedestrian
9,1044.0,739.0,1087.0,812.0,172,0,0,1,Pedestrian
9,1046.0,739.0,1089.0,812.0,173,0,0,1,Pedestrian
9,1046.0,739.0,1089.0,812.0,174,0,0,1,Pedestrian
9,1048.0,739.0,1091.0,812.0,175,0,0,1,Pedestrian
9,1050.0,735.0,1093.0,808.0,176,0,0,1,Pedestrian
9,1050.0,735.0,1093.0,808.0,177,0,0,1,Pedestrian
9,1051.0,735.0,1095.0,808.0,178,0,0,1,Pedestrian
9,1051.0,735.0,1095.0,808.0,179,0,0,1,Pedestrian
9,1053.0,735.0,1096.0,808.0,180,0,0,1,Pedestrian
9,1053.0,735.0,1096.0,808.0,181,0,0,1,Pedestrian
9,1055.0,735.0,1098.0,808.0,182,0,0,1,Pedestrian
9,1057.0,735.0,1100.0,808.0,183,0,0,1,Pedestrian
9,1057.0,735.0,1100.0,808.0,184,0,0,1,Pedestrian
9,1059.0,731.0,1102.0,804.0,185,0,0,1,Pedestrian
9,1059.0,731.0,1102.0,804.0,186,0,0,1,Pedestrian
9,1061.0,731.0,1104.0,804.0,187,0,0,1,Pedestrian
9,1061.0,731.0,1104.0,804.0,188,0,0,1,Pedestrian
9,1063.0,731.0,1106.0,804.0,189,0,0,1,Pedestrian
9,1063.0,731.0,1106.0,804.0,190,0,0,1,Pedestrian
9,1065.0,731.0,1108.0,804.0,191,0,0,1,Pedestrian
9,1066.0,731.0,1110.0,804.0,192,0,0,1,Pedestrian
9,1066.0,731.0,1110.0,804.0,193,0,0,1,Pedestrian
9,1068.0,731.0,1111.0,804.0,194,0,0,1,Pedestrian
9,1068.0,727.0,1111.0,800.0,195,0,0,1,Pedestrian
9,1070.0,727.0,1113.0,800.0,196,0,0,1,Pedestrian
9,1070.0,727.0,1113.0,800.0,197,0,0,1,Pedestrian
9,1072.0,727.0,1115.0,800.0,198,0,0,1,Pedestrian
9,1074.0,727.0,1117.0,800.0,199,0,0,1,Pedestrian
9,1074.0,727.0,1117.0,800.0,200,0,0,1,Pedestrian
9,1076.0,727.0,1119.0,800.0,201,0,0,1,Pedestrian
9,1076.0,727.0,1119.0,800.0,202,0,0,1,Pedestrian
9,1078.0,727.0,1121.0,800.0,203,0,0,1,Pedestrian
9,1078.0,727.0,1121.0,800.0,204,0,0,1,Pedestrian
9,1080.0,723.0,1123.0,796.0,205,0,0,1,Pedestrian
9,1080.0,723.0,1123.0,796.0,206,0,0,1,Pedestrian
9,1081.0,723.0,1125.0,796.0,207,0,0,1,Pedestrian
9,1083.0,723.0,1126.0,796.0,208,0,0,1,Pedestrian
9,1083.0,723.0,1126.0,796.0,209,0,0,1,Pedestrian
9,1085.0,723.0,1128.0,796.0,210,0,0,1,Pedestrian
9,1085.0,723.0,1128.0,796.0,211,0,0,1,Pedestrian
9,1087.0,723.0,1130.0,796.0,212,0,0,1,Pedestrian
9,1087.0,723.0,1130.0,796.0,213,0,0,1,Pedestrian
9,1089.0,719.0,1132.0,792.0,214,0,0,1,Pedestrian
9,1091.0,719.0,1134.0,792.0,215,0,0,1,Pedestrian
9,1091.0,719.0,1134.0,792.0,216,0,0,1,Pedestrian
9,1093.0,719.0,1136.0,792.0,217,0,0,1,Pedestrian
9,1093.0,719.0,1136.0,792.0,218,0,0,1,Pedestrian
9,1095.0,719.0,1138.0,792.0,219,0,0,1,Pedestrian
9,1095.0,719.0,1138.0,792.0,220,0,0,1,Pedestrian
9,1096.0,719.0,1140.0,792.0,221,0,0,1,Pedestrian
9,1096.0,719.0,1140.0,792.0,222,0,0,1,Pedestrian
9,1098.0,719.0,1141.0,792.0,223,0,0,1,Pedestrian
9,1100.0,715.0,1143.0,788.0,224,0,0,1,Pedestrian
9,1100.0,715.0,1143.0,788.0,225,0,0,1,Pedestrian
9,1102.0,715.0,1145.0,788.0,226,0,0,1,Pedestrian
9,1102.0,715.0,1145.0,788.0,227,0,0,1,Pedestrian
9,1104.0,715.0,1147.0,788.0,228,0,0,1,Pedestrian
9,1104.0,715.0,1147.0,788.0,229,0,0,1,Pedestrian
9,1106.0,715.0,1149.0,788.0,230,0,0,1,Pedestrian
9,1108.0,715.0,1151.0,788.0,231,0,0,1,Pedestrian
9,1108.0,715.0,1151.0,788.0,232,0,0,1,Pedestrian
9,1110.0,715.0,1153.0,788.0,233,0,0,1,Pedestrian
9,1110.0,711.0,1153.0,784.0,234,0,0,1,Pedestrian
9,1111.0,711.0,1155.0,784.0,235,0,0,1,Pedestrian
9,1111.0,711.0,1155.0,784.0,236,0,0,1,Pedestrian
9,1113.0,711.0,1156.0,784.0,237,0,0,1,Pedestrian
9,1113.0,711.0,1156.0,784.0,238,0,0,1,Pedestrian
9,1115.0,711.0,1158.0,784.0,239,0,0,1,Pedestrian
9,1117.0,711.0,1160.0,784.0,240,0,0,1,Pedestrian
9,1117.0,711.0,1160.0,784.0,241,0,0,1,Pedestrian
9,1119.0,711.0,1162.0,784.0,242,0,0,1,Pedestrian
9,1119.0,711.0,1162.0,784.0,243,0,0,1,Pedestrian
9,1121.0,707.0,1164.0,780.0,244,0,0,1,Pedestrian
9,1121.0,707.0,1164.0,780.0,245,0,0,1,Pedestrian
9,1123.0,707.0,1166.0,780.0,246,0,0,1,Pedestrian
9,1125.0,707.0,1168.0,780.0,247,0,0,1,Pedestrian
9,1125.0,707.0,1168.0,780.0,248,0,0,1,Pedestrian
9,1126.0,707.0,1170.0,780.0,249,0,0,1,Pedestrian
9,1126.0,707.0,1170.0,780.0,250,0,0,1,Pedestrian
9,1128.0,707.0,1171.0,780.0,251,0,0,1,Pedestrian
9,1128.0,707.0,1171.0,780.0,252,0,0,1,Pedestrian
9,1130.0,703.0,1173.0,776.0,253,0,0,1,Pedestrian
9,1130.0,703.0,1173.0,776.0,254,0,0,1,Pedestrian
9,1132.0,703.0,1175.0,776.0,255,0,0,1,Pedestrian
9,1134.0,703.0,1177.0,776.0,256,0,0,1,Pedestrian
9,1134.0,703.0,1177.0,776.0,257,0,0,1,Pedestrian
9,1136.0,703.0,1179.0,776.0,258,0,0,1,Pedestrian
9,1136.0,703.0,1179.0,776.0,259,0,0,1,Pedestrian
9,1138.0,703.0,1181.0,776.0,260,0,0,1,Pedestrian
9,1138.0,703.0,1181.0,776.0,261,0,0,1,Pedestrian
9,1140.0,703.0,1183.0,776.0,262,0,0,1,Pedestrian
9,1141.0,699.0,1185.0,771.0,263,0,0,1,Pedestrian
9,1141.0,699.0,1185.0,771.0,264,0,0,1,Pedestrian
9,1143.0,699.0,1186.0,771.0,265,0,0,1,Pedestrian
9,1143.0,699.0,1186.0,771.0,266,0,0,1,Pedestrian
9,1145.0,699.0,1188.0,771.0,267,0,0,1,Pedestrian
9,1145.0,699.0,1188.0,771.0,268,0,0,1,Pedestrian
9,1147.0,699.0,1190.0,771.0,269,0,0,1,Pedestrian
9,1147.0,699.0,1190.0,771.0,270,0,0,1,Pedestrian
9,1149.0,699.0,1192.0,771.0,271,0,0,1,Pedestrian
9,1151.0,699.0,1194.0,771.0,272,0,0,1,Pedestrian
9,1151.0,695.0,1194.0,767.0,273,0,0,1,Pedestrian
9,1153.0,695.0,1196.0,767.0,274,0,0,1,Pedestrian
9,1153.0,695.0,1196.0,767.0,275,0,0,1,Pedestrian
9,1155.0,695.0,1198.0,767.0,276,0,0,1,Pedestrian
9,1155.0,695.0,1198.0,767.0,277,0,0,1,Pedestrian
9,1156.0,695.0,1200.0,767.0,278,0,0,1,Pedestrian
9,1158.0,695.0,1201.0,767.0,279,0,0,1,Pedestrian
9,1158.0,695.0,1201.0,767.0,280,0,0,1,Pedestrian
9,1160.0,695.0,1203.0,767.0,281,0,0,1,Pedestrian
9,1160.0,691.0,1203.0,763.0,282,0,0,1,Pedestrian
9,1162.0,691.0,1205.0,763.0,283,0,0,1,Pedestrian
9,1162.0,691.0,1205.0,763.0,284,0,0,1,Pedestrian
9,1164.0,691.0,1207.0,763.0,285,0,0,1,Pedestrian
9,1164.0,691.0,1207.0,763.0,286,0,0,1,Pedestrian
9,1166.0,691.0,1209.0,763.0,287,0,0,1,Pedestrian
9,1168.0,691.0,1211.0,763.0,288,0,0,1,Pedestrian
9,1168.0,691.0,1211.0,763.0,289,0,0,1,Pedestrian
9,1170.0,691.0,1213.0,763.0,290,0,0,1,Pedestrian
9,1170.0,691.0,1213.0,763.0,291,0,0,1,Pedestrian
9,1171.0,687.0,1215.0,759.0,292,0,0,1,Pedestrian
9,1171.0,687.0,1215.0,759.0,293,0,0,1,Pedestrian
9,1173.0,687.0,1216.0,759.0,294,0,0,1,Pedestrian
9,1175.0,687.0,1218.0,759.0,295,0,0,1,Pedestrian
9,1175.0,687.0,1218.0,759.0,296,0,0,1,Pedestrian
9,1177.0,687.0,1220.0,759.0,297,0,0,1,Pedestrian
9,1177.0,687.0,1220.0,759.0,298,0,0,1,Pedestrian
9,1179.0,687.0,1222.0,759.0,299,0,0,1,Pedestrian
9,1179.0,687.0,1222.0,759.0,300,0,0,1,Pedestrian
9,1181.0,687.0,1224.0,759.0,301,0,0,1,Pedestrian
9,1181.0,683.0,1224.0,755.0,302,0,0,1,Pedestrian
9,1183.0,683.0,1226.0,755.0,303,0,0,1,Pedestrian
9,1185.0,683.0,1228.0,755.0,304,0,0,1,Pedestrian
9,1185.0,683.0,1228.0,755.0,305,0,0,1,Pedestrian
9,1186.0,683.0,1230.0,755.0,306,0,0,1,Pedestrian
9,1186.0,683.0,1230.0,755.0,307,0,0,1,Pedestrian
9,1188.0,683.0,1231.0,755.0,308,0,0,1,Pedestrian
9,1188.0,683.0,1231.0,755.0,309,0,0,1,Pedestrian
9,1190.0,683.0,1233.0,755.0,310,0,0,1,Pedestrian
9,1192.0,683.0,1235.0,755.0,311,0,0,1,Pedestrian
9,1192.0,679.0,1235.0,751.0,312,0,0,1,Pedestrian
9,1194.0,679.0,1237.0,751.0,313,0,0,1,Pedestrian
9,1194.0,679.0,1237.0,751.0,314,0,0,1,Pedestrian
9,1196.0,679.0,1239.0,751.0,315,0,0,1,Pedestrian
9,1196.0,679.0,1239.0,751.0,316,0,0,1,Pedestrian
9,1198.0,679.0,1241.0,751.0,317,0,0,1,Pedestrian
9,1198.0,679.0,1241.0,751.0,318,0,0,1,Pedestrian
9,1200.0,679.0,1243.0,751.0,319,0,0,1,Pedestrian
9,1201.0,679.0,1245.0,751.0,320,0,0,1,Pedestrian
9,1201.0,674.0,1245.0,747.0,321,0,0,1,Pedestrian
9,1203.0,674.0,1246.0,747.0,322,0,0,1,Pedestrian
9,1203.0,674.0,1246.0,747.0,323,0,0,1,Pedestrian
9,1205.0,674.0,1248.0,747.0,324,0,0,1,Pedestrian
9,1205.0,674.0,1248.0,747.0,325,0,0,1,Pedestrian
9,1207.0,674.0,1250.0,747.0,326,0,0,1,Pedestrian
9,1209.0,674.0,1252.0,747.0,327,0,0,1,Pedestrian
9,1209.0,674.0,1252.0,747.0,328,0,0,1,Pedestrian
9,1211.0,674.0,1254.0,747.0,329,0,0,1,Pedestrian
9,1211.0,674.0,1254.0,747.0,330,0,0,1,Pedestrian
9,1213.0,670.0,1256.0,743.0,331,0,0,1,Pedestrian
9,1213.0,670.0,1256.0,743.0,332,0,0,1,Pedestrian
9,1215.0,670.0,1258.0,743.0,333,0,0,1,Pedestrian
9,1215.0,670.0,1258.0,743.0,334,0,0,1,Pedestrian
9,1216.0,670.0,1260.0,743.0,335,0,0,1,Pedestrian
9,1218.0,670.0,1261.0,743.0,336,0,0,1,Pedestrian
9,1218.0,670.0,1261.0,743.0,337,0,0,1,Pedestrian
9,1220.0,670.0,1263.0,743.0,338,0,0,1,Pedestrian
9,1220.0,670.0,1263.0,743.0,339,0,0,1,Pedestrian
9,1222.0,670.0,1265.0,743.0,340,0,0,1,Pedestrian
9,1222.0,666.0,1265.0,739.0,341,0,0,1,Pedestrian
9,1224.0,666.0,1267.0,739.0,342,0,0,1,Pedestrian
9,1226.0,666.0,1269.0,739.0,343,0,0,1,Pedestrian
9,1226.0,666.0,1269.0,739.0,344,0,0,1,Pedestrian
9,1228.0,666.0,1271.0,739.0,345,0,0,1,Pedestrian
9,1228.0,666.0,1271.0,739.0,346,0,0,1,Pedestrian
9,1230.0,666.0,1273.0,739.0,347,0,0,1,Pedestrian
9,1230.0,666.0,1273.0,739.0,348,0,0,1,Pedestrian
9,1231.0,666.0,1275.0,739.0,349,0,0,1,Pedestrian
9,1233.0,666.0,1276.0,739.0,350,0,0,0,Pedestrian
9,1233.0,662.0,1276.0,735.0,351,0,0,1,Pedestrian
9,1235.0,662.0,1278.0,735.0,352,0,0,1,Pedestrian
9,1235.0,662.0,1278.0,735.0,353,0,0,1,Pedestrian
9,1237.0,662.0,1280.0,735.0,354,0,0,1,Pedestrian
9,1237.0,662.0,1280.0,735.0,355,0,0,1,Pedestrian
9,1239.0,662.0,1282.0,735.0,356,0,0,1,Pedestrian
9,1239.0,662.0,1282.0,735.0,357,0,0,1,Pedestrian
9,1241.0,662.0,1284.0,735.0,358,0,0,1,Pedestrian
9,1241.0,662.0,1284.0,735.0,359,0,0,1,Pedestrian
9,1243.0,662.0,1286.0,735.0,360,0,0,1,Pedestrian
9,1245.0,662.0,1286.0,735.0,361,0,0,1,Pedestrian
9,1245.0,662.0,1288.0,735.0,362,0,0,1,Pedestrian
9,1246.0,662.0,1288.0,735.0,363,0,0,1,Pedestrian
9,1246.0,662.0,1290.0,735.0,364,0,0,1,Pedestrian
9,1248.0,662.0,1291.0,735.0,365,0,0,1,Pedestrian
9,1248.0,662.0,1291.0,735.0,366,0,0,1,Pedestrian
9,1250.0,662.0,1293.0,735.0,367,0,0,1,Pedestrian
9,1250.0,662.0,1293.0,735.0,368,0,0,1,Pedestrian
9,1252.0,662.0,1295.0,735.0,369,0,0,1,Pedestrian
9,1254.0,662.0,1295.0,735.0,370,0,0,1,Pedestrian
9,1254.0,658.0,1297.0,731.0,371,0,0,1,Pedestrian
9,1256.0,658.0,1297.0,731.0,372,0,0,1,Pedestrian
9,1256.0,658.0,1299.0,731.0,373,0,0,1,Pedestrian
9,1258.0,658.0,1299.0,731.0,374,0,0,1,Pedestrian
9,1258.0,658.0,1301.0,731.0,375,0,0,1,Pedestrian
9,1260.0,658.0,1301.0,731.0,376,0,0,1,Pedestrian
9,1260.0,658.0,1303.0,731.0,377,0,0,1,Pedestrian
9,1261.0,658.0,1303.0,731.0,378,0,0,1,Pedestrian
9,1261.0,658.0,1305.0,731.0,379,0,0,1,Pedestrian
9,1263.0,658.0,1306.0,731.0,380,0,0,1,Pedestrian
9,1265.0,658.0,1306.0,731.0,381,0,0,1,Pedestrian
9,1265.0,658.0,1308.0,731.0,382,0,0,1,Pedestrian
9,1267.0,658.0,1308.0,731.0,383,0,0,1,Pedestrian
9,1267.0,658.0,1310.0,731.0,384,0,0,1,Pedestrian
9,1269.0,658.0,1310.0,731.0,385,0,0,1,Pedestrian
9,1269.0,658.0,1312.0,731.0,386,0,0,1,Pedestrian
9,1271.0,658.0,1312.0,731.0,387,0,0,1,Pedestrian
9,1271.0,658.0,1314.0,731.0,388,0,0,1,Pedestrian
9,1273.0,658.0,1314.0,731.0,389,0,0,1,Pedestrian
9,1275.0,658.0,1316.0,731.0,390,0,0,1,Pedestrian
9,1275.0,654.0,1316.0,727.0,391,0,0,1,Pedestrian
9,1276.0,654.0,1318.0,727.0,392,0,0,1,Pedestrian
9,1276.0,654.0,1318.0,727.0,393,0,0,1,Pedestrian
9,1278.0,654.0,1320.0,727.0,394,0,0,1,Pedestrian
9,1278.0,654.0,1321.0,727.0,395,0,0,1,Pedestrian
9,1280.0,654.0,1321.0,727.0,396,0,0,1,Pedestrian
9,1280.0,654.0,1323.0,727.0,397,0,0,1,Pedestrian
9,1282.0,654.0,1323.0,727.0,398,0,0,1,Pedestrian
9,1282.0,654.0,1325.0,727.0,399,0,0,1,Pedestrian
9,1284.0,654.0,1325.0,727.0,400,0,0,1,Pedestrian
9,1286.0,654.0,1327.0,727.0,401,0,0,1,Pedestrian
9,1286.0,654.0,1327.0,727.0,402,0,0,1,Pedestrian
9,1288.0,654.0,1329.0,727.0,403,0,0,1,Pedestrian
9,1288.0,654.0,1329.0,727.0,404,0,0,1,Pedestrian
9,1290.0,654.0,1331.0,727.0,405,0,0,1,Pedestrian
9,1290.0,654.0,1331.0,727.0,406,0,0,1,Pedestrian
9,1291.0,654.0,1333.0,727.0,407,0,0,1,Pedestrian
9,1291.0,654.0,1333.0,727.0,408,0,0,1,Pedestrian
9,1293.0,654.0,1335.0,727.0,409,0,0,1,Pedestrian
9,1295.0,654.0,1336.0,727.0,410,0,0,0,Pedestrian
9,1295.0,654.0,1336.0,727.0,411,0,0,1,Pedestrian
9,1295.0,654.0,1336.0,727.0,412,0,0,1,Pedestrian
9,1295.0,654.0,1336.0,727.0,413,0,0,1,Pedestrian
9,1297.0,654.0,1336.0,727.0,414,0,0,1,Pedestrian
9,1297.0,654.0,1336.0,727.0,415,0,0,1,Pedestrian
9,1297.0,654.0,1338.0,727.0,416,0,0,1,Pedestrian
9,1297.0,654.0,1338.0,727.0,417,0,0,1,Pedestrian
9,1299.0,654.0,1338.0,727.0,418,0,0,1,Pedestrian
9,1299.0,654.0,1338.0,727.0,419,0,0,1,Pedestrian
9,1299.0,654.0,1338.0,727.0,420,0,0,1,Pedestrian
9,1299.0,654.0,1338.0,727.0,421,0,0,1,Pedestrian
9,1301.0,654.0,1340.0,727.0,422,0,0,1,Pedestrian
9,1301.0,654.0,1340.0,727.0,423,0,0,1,Pedestrian
9,1301.0,654.0,1340.0,727.0,424,0,0,1,Pedestrian
9,1303.0,654.0,1340.0,727.0,425,0,0,1,Pedestrian
9,1303.0,654.0,1340.0,727.0,426,0,0,1,Pedestrian
9,1303.0,654.0,1340.0,727.0,427,0,0,1,Pedestrian
9,1303.0,654.0,1342.0,727.0,428,0,0,1,Pedestrian
9,1305.0,654.0,1342.0,727.0,429,0,0,1,Pedestrian
9,1305.0,654.0,1342.0,727.0,430,0,0,1,Pedestrian
9,1305.0,654.0,1342.0,727.0,431,0,0,1,Pedestrian
9,1305.0,654.0,1342.0,727.0,432,0,0,1,Pedestrian
9,1306.0,654.0,1342.0,727.0,433,0,0,1,Pedestrian
9,1306.0,654.0,1344.0,727.0,434,0,0,1,Pedestrian
9,1306.0,654.0,1344.0,727.0,435,0,0,1,Pedestrian
9,1306.0,654.0,1344.0,727.0,436,0,0,1,Pedestrian
9,1308.0,654.0,1344.0,727.0,437,0,0,1,Pedestrian
9,1308.0,654.0,1344.0,727.0,438,0,0,1,Pedestrian
9,1308.0,654.0,1344.0,727.0,439,0,0,1,Pedestrian
9,1310.0,658.0,1346.0,731.0,440,1,0,0,Pedestrian
9,1310.0,658.0,1346.0,731.0,441,1,0,1,Pedestrian
9,1310.0,658.0,1346.0,731.0,442,1,0,1,Pedestrian
9,1310.0,658.0,1346.0,731.0,443,1,0,1,Pedestrian
9,1310.0,658.0,1346.0,731.0,444,1,0,1,Pedestrian
9,1310.0,658.0,1346.0,731.0,445,1,0,1,Pedestrian
9,1310.0,658.0,1346.0,731.0,446,1,0,1,Pedestrian
9,1310.0,658.0,1346.0,731.0,447,1,0,1,Pedestrian
9,1310.0,658.0,1346.0,731.0,448,1,0,1,Pedestrian
9,1310.0,658.0,1346.0,731.0,449,1,0,1,Pedestrian
9,1310.0,658.0,1346.0,731.0,450,1,0,0,Pedestrian
9,1310.0,658.0,1346.0,731.0,451,1,0,1,Pedestrian
9,1310.0,658.0,1346.0,731.0,452,1,0,1,Pedestrian
9,1310.0,658.0,1346.0,731.0,453,1,0,1,Pedestrian
9,1310.0,658.0,1346.0,731.0,454,1,0,1,Pedestrian
9,1310.0,658.0,1346.0,731.0,455,1,0,1,Pedestrian
9,1310.0,658.0,1346.0,731.0,456,1,0,1,Pedestrian
9,1310.0,658.0,1346.0,731.0,457,1,0,1,Pedestrian
9,1310.0,658.0,1346.0,731.0,458,1,0,1,Pedestrian
9,1310.0,658.0,1346.0,731.0,459,1,0,1,Pedestrian
9,1310.0,658.0,1346.0,731.0,460,1,0,1,Pedestrian
9,1310.0,658.0,1346.0,731.0,461,1,0,1,Pedestrian
9,1310.0,658.0,1346.0,731.0,462,1,0,1,Pedestrian
9,1310.0,658.0,1346.0,731.0,463,1,0,1,Pedestrian
9,1310.0,658.0,1346.0,731.0,464,1,0,1,Pedestrian
9,1310.0,658.0,1346.0,731.0,465,1,0,1,Pedestrian
9,1310.0,658.0,1346.0,731.0,466,1,0,1,Pedestrian
9,1310.0,658.0,1346.0,731.0,467,1,0,1,Pedestrian
9,1310.0,658.0,1346.0,731.0,468,1,0,1,Pedestrian
9,1310.0,658.0,1346.0,731.0,469,1,0,1,Pedestrian
9,1310.0,658.0,1346.0,731.0,470,1,0,1,Pedestrian
9,1310.0,658.0,1346.0,731.0,471,1,0,1,Pedestrian
9,1310.0,658.0,1346.0,731.0,472,1,0,1,Pedestrian
9,1310.0,658.0,1346.0,731.0,473,1,0,1,Pedestrian
9,1310.0,658.0,1346.0,731.0,474,1,0,1,Pedestrian
9,1310.0,658.0,1346.0,731.0,475,1,0,1,Pedestrian
9,1310.0,658.0,1346.0,731.0,476,1,0,1,Pedestrian
9,1310.0,658.0,1346.0,731.0,477,1,0,1,Pedestrian
9,1310.0,658.0,1346.0,731.0,478,1,0,1,Pedestrian
9,1310.0,658.0,1346.0,731.0,479,1,0,1,Pedestrian
9,1310.0,658.0,1346.0,731.0,480,1,0,1,Pedestrian
9,1310.0,658.0,1346.0,731.0,481,1,0,1,Pedestrian
9,1310.0,658.0,1346.0,731.0,482,1,0,1,Pedestrian
9,1310.0,658.0,1346.0,731.0,483,1,0,1,Pedestrian
9,1310.0,658.0,1346.0,731.0,484,1,0,1,Pedestrian
9,1310.0,658.0,1346.0,731.0,485,1,0,1,Pedestrian
9,1310.0,658.0,1346.0,731.0,486,1,0,1,Pedestrian
9,1310.0,658.0,1346.0,731.0,487,1,0,1,Pedestrian
9,1310.0,658.0,1346.0,731.0,488,1,0,1,Pedestrian
9,1310.0,658.0,1346.0,731.0,489,1,0,1,Pedestrian
9,1310.0,658.0,1346.0,731.0,490,1,0,1,Pedestrian
9,1310.0,658.0,1346.0,731.0,491,1,0,1,Pedestrian
9,1310.0,658.0,1346.0,731.0,492,1,0,1,Pedestrian
9,1310.0,658.0,1346.0,731.0,493,1,0,1,Pedestrian
9,1310.0,658.0,1346.0,731.0,494,1,0,1,Pedestrian
9,1310.0,658.0,1346.0,731.0,495,1,0,1,Pedestrian
9,1310.0,658.0,1346.0,731.0,496,1,0,1,Pedestrian
9,1310.0,658.0,1346.0,731.0,497,1,0,1,Pedestrian
9,1310.0,658.0,1346.0,731.0,498,1,0,1,Pedestrian
9,1310.0,658.0,1346.0,731.0,499,1,0,1,Pedestrian
9,1310.0,658.0,1346.0,731.0,500,1,0,1,Pedestrian
9,1310.0,658.0,1346.0,731.0,501,1,0,1,Pedestrian
9,1310.0,658.0,1346.0,731.0,502,1,0,1,Pedestrian
9,1310.0,658.0,1346.0,731.0,503,1,0,1,Pedestrian
9,1310.0,658.0,1346.0,731.0,504,1,0,1,Pedestrian
9,1310.0,658.0,1346.0,731.0,505,1,0,1,Pedestrian
9,1310.0,658.0,1346.0,731.0,506,1,0,1,Pedestrian
9,1310.0,658.0,1346.0,731.0,507,1,0,1,Pedestrian
9,1310.0,658.0,1346.0,731.0,508,1,0,1,Pedestrian
9,1310.0,658.0,1346.0,731.0,509,1,0,1,Pedestrian
9,1310.0,658.0,1346.0,731.0,510,1,0,1,Pedestrian
9,1310.0,658.0,1346.0,731.0,511,1,0,1,Pedestrian
9,1310.0,658.0,1346.0,731.0,512,1,0,1,Pedestrian
9,1310.0,658.0,1346.0,731.0,513,1,0,1,Pedestrian
9,1310.0,658.0,1346.0,731.0,514,1,0,1,Pedestrian
9,1310.0,658.0,1346.0,731.0,515,1,0,1,Pedestrian
9,1310.0,658.0,1346.0,731.0,516,1,0,1,Pedestrian
9,1310.0,658.0,1346.0,731.0,517,1,0,1,Pedestrian
9,1310.0,658.0,1346.0,731.0,518,1,0,1,Pedestrian
9,1310.0,658.0,1346.0,731.0,519,1,0,1,Pedestrian
9,1310.0,658.0,1346.0,731.0,520,1,0,1,Pedestrian
9,1310.0,658.0,1346.0,731.0,521,1,0,1,Pedestrian
9,1310.0,658.0,1346.0,731.0,522,1,0,1,Pedestrian
9,1310.0,658.0,1346.0,731.0,523,1,0,1,Pedestrian
9,1310.0,658.0,1346.0,731.0,524,1,0,1,Pedestrian
9,1310.0,658.0,1346.0,731.0,525,1,0,1,Pedestrian
9,1310.0,658.0,1346.0,731.0,526,1,0,1,Pedestrian
9,1310.0,658.0,1346.0,731.0,527,1,0,1,Pedestrian
9,1310.0,658.0,1346.0,731.0,528,1,0,1,Pedestrian
9,1310.0,658.0,1346.0,731.0,529,1,0,1,Pedestrian
9,1310.0,658.0,1346.0,731.0,530,1,0,1,Pedestrian
9,1310.0,658.0,1346.0,731.0,531,1,0,0,Pedestrian
10,1021.0,856.0,1078.0,925.0,0,0,0,0,Biker
10,1025.0,852.0,1080.0,921.0,1,0,0,1,Biker
10,1029.0,852.0,1083.0,921.0,2,0,0,1,Biker
10,1033.0,852.0,1087.0,921.0,3,0,0,1,Biker
10,1036.0,852.0,1091.0,921.0,4,0,0,1,Biker
10,1040.0,852.0,1095.0,921.0,5,0,0,1,Biker
10,1044.0,852.0,1098.0,921.0,6,0,0,1,Biker
10,1048.0,852.0,1102.0,921.0,7,0,0,1,Biker
10,1051.0,848.0,1106.0,921.0,8,0,0,1,Biker
10,1055.0,848.0,1110.0,917.0,9,0,0,1,Biker
10,1059.0,848.0,1113.0,917.0,10,0,0,1,Biker
10,1063.0,848.0,1117.0,917.0,11,0,0,1,Biker
10,1068.0,848.0,1121.0,917.0,12,0,0,1,Biker
10,1072.0,848.0,1125.0,917.0,13,0,0,1,Biker
10,1076.0,848.0,1128.0,917.0,14,0,0,1,Biker
10,1080.0,848.0,1132.0,917.0,15,0,0,1,Biker
10,1083.0,844.0,1136.0,917.0,16,0,0,1,Biker
10,1087.0,844.0,1140.0,917.0,17,0,0,1,Biker
10,1091.0,844.0,1143.0,913.0,18,0,0,1,Biker
10,1095.0,844.0,1147.0,913.0,19,0,0,1,Biker
10,1098.0,844.0,1151.0,913.0,20,0,0,1,Biker
10,1102.0,844.0,1155.0,913.0,21,0,0,1,Biker
10,1106.0,844.0,1158.0,913.0,22,0,0,1,Biker
10,1110.0,844.0,1162.0,913.0,23,0,0,1,Biker
10,1115.0,840.0,1166.0,913.0,24,0,0,1,Biker
10,1119.0,840.0,1170.0,913.0,25,0,0,1,Biker
10,1123.0,840.0,1173.0,913.0,26,0,0,1,Biker
10,1126.0,840.0,1177.0,909.0,27,0,0,1,Biker
10,1130.0,840.0,1181.0,909.0,28,0,0,1,Biker
10,1134.0,840.0,1185.0,909.0,29,0,0,1,Biker
10,1138.0,840.0,1188.0,909.0,30,0,0,1,Biker
10,1141.0,840.0,1192.0,909.0,31,0,0,1,Biker
10,1145.0,836.0,1196.0,909.0,32,0,0,1,Biker
10,1149.0,836.0,1200.0,909.0,33,0,0,1,Biker
10,1153.0,836.0,1203.0,909.0,34,0,0,1,Biker
10,1158.0,836.0,1207.0,909.0,35,0,0,1,Biker
10,1162.0,836.0,1209.0,905.0,36,0,0,1,Biker
10,1166.0,836.0,1213.0,905.0,37,0,0,1,Biker
10,1170.0,836.0,1216.0,905.0,38,0,0,1,Biker
10,1173.0,832.0,1220.0,905.0,39,0,0,1,Biker
10,1177.0,832.0,1224.0,905.0,40,0,0,1,Biker
10,1181.0,832.0,1228.0,905.0,41,0,0,1,Biker
10,1185.0,832.0,1231.0,905.0,42,0,0,1,Biker
10,1188.0,832.0,1235.0,905.0,43,0,0,1,Biker
10,1192.0,832.0,1239.0,901.0,44,0,0,1,Biker
10,1196.0,832.0,1243.0,901.0,45,0,0,1,Biker
10,1200.0,832.0,1246.0,901.0,46,0,0,1,Biker
10,1205.0,828.0,1250.0,901.0,47,0,0,1,Biker
10,1209.0,828.0,1254.0,901.0,48,0,0,1,Biker
10,1213.0,828.0,1258.0,901.0,49,0,0,1,Biker
10,1216.0,828.0,1261.0,901.0,50,0,0,1,Biker
10,1220.0,828.0,1265.0,901.0,51,0,0,1,Biker
10,1224.0,828.0,1269.0,901.0,52,0,0,1,Biker
10,1228.0,828.0,1273.0,897.0,53,0,0,1,Biker
10,1231.0,828.0,1276.0,897.0,54,0,0,1,Biker
10,1235.0,824.0,1280.0,897.0,55,0,0,1,Biker
10,1239.0,824.0,1284.0,897.0,56,0,0,1,Biker
10,1243.0,824.0,1288.0,897.0,57,0,0,1,Biker
10,1246.0,824.0,1291.0,897.0,58,0,0,1,Biker
10,1252.0,824.0,1295.0,897.0,59,0,0,1,Biker
10,1256.0,824.0,1299.0,897.0,60,0,0,1,Biker
10,1260.0,824.0,1303.0,897.0,61,0,0,1,Biker
10,1263.0,824.0,1306.0,893.0,62,0,0,1,Biker
10,1267.0,820.0,1310.0,893.0,63,0,0,1,Biker
10,1271.0,820.0,1314.0,893.0,64,0,0,1,Biker
10,1275.0,820.0,1318.0,893.0,65,0,0,1,Biker
10,1278.0,820.0,1321.0,893.0,66,0,0,1,Biker
10,1282.0,820.0,1325.0,893.0,67,0,0,1,Biker
10,1286.0,820.0,1329.0,893.0,68,0,0,1,Biker
10,1290.0,820.0,1333.0,893.0,69,0,0,1,Biker
10,1295.0,820.0,1336.0,893.0,70,1,0,0,Biker
10,1295.0,816.0,1336.0,889.0,71,1,0,1,Biker
10,1297.0,816.0,1338.0,889.0,72,1,0,1,Biker
10,1297.0,816.0,1338.0,889.0,73,1,0,1,Biker
10,1299.0,816.0,1340.0,889.0,74,1,0,1,Biker
10,1299.0,816.0,1340.0,889.0,75,1,0,1,Biker
10,1301.0,816.0,1342.0,885.0,76,1,0,1,Biker
10,1301.0,816.0,1342.0,885.0,77,1,0,1,Biker
10,1303.0,816.0,1344.0,885.0,78,1,0,1,Biker
10,1303.0,816.0,1344.0,885.0,79,1,0,1,Biker
10,1305.0,816.0,1346.0,885.0,80,1,0,0,Biker
10,1305.0,816.0,1346.0,885.0,81,1,0,1,Biker
10,1305.0,816.0,1346.0,885.0,82,1,0,1,Biker
10,1305.0,816.0,1346.0,885.0,83,1,0,1,Biker
10,1305.0,816.0,1346.0,885.0,84,1,0,1,Biker
10,1305.0,816.0,1346.0,885.0,85,1,0,1,Biker
10,1305.0,816.0,1346.0,885.0,86,1,0,1,Biker
10,1305.0,816.0,1346.0,885.0,87,1,0,1,Biker
10,1305.0,816.0,1346.0,885.0,88,1,0,1,Biker
10,1305.0,816.0,1346.0,885.0,89,1,0,1,Biker
10,1305.0,816.0,1346.0,885.0,90,1,0,1,Biker
10,1305.0,816.0,1346.0,885.0,91,1,0,1,Biker
10,1305.0,816.0,1346.0,885.0,92,1,0,1,Biker
10,1305.0,816.0,1346.0,885.0,93,1,0,1,Biker
10,1305.0,816.0,1346.0,885.0,94,1,0,1,Biker
10,1305.0,816.0,1346.0,885.0,95,1,0,1,Biker
10,1305.0,816.0,1346.0,885.0,96,1,0,1,Biker
10,1305.0,816.0,1346.0,885.0,97,1,0,1,Biker
10,1305.0,816.0,1346.0,885.0,98,1,0,1,Biker
10,1305.0,816.0,1346.0,885.0,99,1,0,1,Biker
10,1305.0,816.0,1346.0,885.0,100,1,0,1,Biker
10,1305.0,816.0,1346.0,885.0,101,1,0,1,Biker
10,1305.0,816.0,1346.0,885.0,102,1,0,1,Biker
10,1305.0,816.0,1346.0,885.0,103,1,0,1,Biker
10,1305.0,816.0,1346.0,885.0,104,1,0,1,Biker
10,1305.0,816.0,1346.0,885.0,105,1,0,1,Biker
10,1305.0,816.0,1346.0,885.0,106,1,0,1,Biker
10,1305.0,816.0,1346.0,885.0,107,1,0,1,Biker
10,1305.0,816.0,1346.0,885.0,108,1,0,1,Biker
10,1305.0,816.0,1346.0,885.0,109,1,0,1,Biker
10,1305.0,816.0,1346.0,885.0,110,1,0,1,Biker
10,1305.0,816.0,1346.0,885.0,111,1,0,1,Biker
10,1305.0,816.0,1346.0,885.0,112,1,0,1,Biker
10,1305.0,816.0,1346.0,885.0,113,1,0,1,Biker
10,1305.0,816.0,1346.0,885.0,114,1,0,1,Biker
10,1305.0,816.0,1346.0,885.0,115,1,0,1,Biker
10,1305.0,816.0,1346.0,885.0,116,1,0,1,Biker
10,1305.0,816.0,1346.0,885.0,117,1,0,1,Biker
10,1305.0,816.0,1346.0,885.0,118,1,0,1,Biker
10,1305.0,816.0,1346.0,885.0,119,1,0,1,Biker
10,1305.0,816.0,1346.0,885.0,120,1,0,1,Biker
10,1305.0,816.0,1346.0,885.0,121,1,0,1,Biker
10,1305.0,816.0,1346.0,885.0,122,1,0,1,Biker
10,1305.0,816.0,1346.0,885.0,123,1,0,1,Biker
10,1305.0,816.0,1346.0,885.0,124,1,0,1,Biker
10,1305.0,816.0,1346.0,885.0,125,1,0,1,Biker
10,1305.0,816.0,1346.0,885.0,126,1,0,1,Biker
10,1305.0,816.0,1346.0,885.0,127,1,0,1,Biker
10,1305.0,816.0,1346.0,885.0,128,1,0,1,Biker
10,1305.0,816.0,1346.0,885.0,129,1,0,1,Biker
10,1305.0,816.0,1346.0,885.0,130,1,0,1,Biker
10,1305.0,816.0,1346.0,885.0,131,1,0,1,Biker
10,1305.0,816.0,1346.0,885.0,132,1,0,1,Biker
10,1305.0,816.0,1346.0,885.0,133,1,0,1,Biker
10,1305.0,816.0,1346.0,885.0,134,1,0,1,Biker
10,1305.0,816.0,1346.0,885.0,135,1,0,1,Biker
10,1305.0,816.0,1346.0,885.0,136,1,0,1,Biker
10,1305.0,816.0,1346.0,885.0,137,1,0,1,Biker
10,1305.0,816.0,1346.0,885.0,138,1,0,1,Biker
10,1305.0,816.0,1346.0,885.0,139,1,0,1,Biker
10,1305.0,816.0,1346.0,885.0,140,1,0,1,Biker
10,1305.0,816.0,1346.0,885.0,141,1,0,1,Biker
10,1305.0,816.0,1346.0,885.0,142,1,0,1,Biker
10,1305.0,816.0,1346.0,885.0,143,1,0,1,Biker
10,1305.0,816.0,1346.0,885.0,144,1,0,1,Biker
10,1305.0,816.0,1346.0,885.0,145,1,0,1,Biker
10,1305.0,816.0,1346.0,885.0,146,1,0,1,Biker
10,1305.0,816.0,1346.0,885.0,147,1,0,1,Biker
10,1305.0,816.0,1346.0,885.0,148,1,0,1,Biker
10,1305.0,816.0,1346.0,885.0,149,1,0,1,Biker
10,1305.0,816.0,1346.0,885.0,150,1,0,1,Biker
10,1305.0,816.0,1346.0,885.0,151,1,0,1,Biker
10,1305.0,816.0,1346.0,885.0,152,1,0,1,Biker
10,1305.0,816.0,1346.0,885.0,153,1,0,1,Biker
10,1305.0,816.0,1346.0,885.0,154,1,0,1,Biker
10,1305.0,816.0,1346.0,885.0,155,1,0,1,Biker
10,1305.0,816.0,1346.0,885.0,156,1,0,1,Biker
10,1305.0,816.0,1346.0,885.0,157,1,0,1,Biker
10,1305.0,816.0,1346.0,885.0,158,1,0,1,Biker
10,1305.0,816.0,1346.0,885.0,159,1,0,1,Biker
10,1305.0,816.0,1346.0,885.0,160,1,0,1,Biker
10,1305.0,816.0,1346.0,885.0,161,1,0,1,Biker
10,1305.0,816.0,1346.0,885.0,162,1,0,1,Biker
10,1305.0,816.0,1346.0,885.0,163,1,0,1,Biker
10,1305.0,816.0,1346.0,885.0,164,1,0,1,Biker
10,1305.0,816.0,1346.0,885.0,165,1,0,1,Biker
10,1305.0,816.0,1346.0,885.0,166,1,0,1,Biker
10,1305.0,816.0,1346.0,885.0,167,1,0,1,Biker
10,1305.0,816.0,1346.0,885.0,168,1,0,1,Biker
10,1305.0,816.0,1346.0,885.0,169,1,0,1,Biker
10,1305.0,816.0,1346.0,885.0,170,1,0,1,Biker
10,1305.0,816.0,1346.0,885.0,171,1,0,1,Biker
10,1305.0,816.0,1346.0,885.0,172,1,0,1,Biker
10,1305.0,816.0,1346.0,885.0,173,1,0,1,Biker
10,1305.0,816.0,1346.0,885.0,174,1,0,1,Biker
10,1305.0,816.0,1346.0,885.0,175,1,0,1,Biker
10,1305.0,816.0,1346.0,885.0,176,1,0,1,Biker
10,1305.0,816.0,1346.0,885.0,177,1,0,1,Biker
10,1305.0,816.0,1346.0,885.0,178,1,0,1,Biker
10,1305.0,816.0,1346.0,885.0,179,1,0,1,Biker
10,1305.0,816.0,1346.0,885.0,180,1,0,1,Biker
10,1305.0,816.0,1346.0,885.0,181,1,0,1,Biker
10,1305.0,816.0,1346.0,885.0,182,1,0,1,Biker
10,1305.0,816.0,1346.0,885.0,183,1,0,1,Biker
10,1305.0,816.0,1346.0,885.0,184,1,0,1,Biker
10,1305.0,816.0,1346.0,885.0,185,1,0,1,Biker
10,1305.0,816.0,1346.0,885.0,186,1,0,1,Biker
10,1305.0,816.0,1346.0,885.0,187,1,0,1,Biker
10,1305.0,816.0,1346.0,885.0,188,1,0,1,Biker
10,1305.0,816.0,1346.0,885.0,189,1,0,1,Biker
10,1305.0,816.0,1346.0,885.0,190,1,0,1,Biker
10,1305.0,816.0,1346.0,885.0,191,1,0,1,Biker
10,1305.0,816.0,1346.0,885.0,192,1,0,1,Biker
10,1305.0,816.0,1346.0,885.0,193,1,0,1,Biker
10,1305.0,816.0,1346.0,885.0,194,1,0,1,Biker
10,1305.0,816.0,1346.0,885.0,195,1,0,1,Biker
10,1305.0,816.0,1346.0,885.0,196,1,0,1,Biker
10,1305.0,816.0,1346.0,885.0,197,1,0,1,Biker
10,1305.0,816.0,1346.0,885.0,198,1,0,1,Biker
10,1305.0,816.0,1346.0,885.0,199,1,0,1,Biker
10,1305.0,816.0,1346.0,885.0,200,1,0,1,Biker
10,1305.0,816.0,1346.0,885.0,201,1,0,1,Biker
10,1305.0,816.0,1346.0,885.0,202,1,0,1,Biker
10,1305.0,816.0,1346.0,885.0,203,1,0,1,Biker
10,1305.0,816.0,1346.0,885.0,204,1,0,1,Biker
10,1305.0,816.0,1346.0,885.0,205,1,0,1,Biker
10,1305.0,816.0,1346.0,885.0,206,1,0,1,Biker
10,1305.0,816.0,1346.0,885.0,207,1,0,1,Biker
10,1305.0,816.0,1346.0,885.0,208,1,0,1,Biker
10,1305.0,816.0,1346.0,885.0,209,1,0,1,Biker
10,1305.0,816.0,1346.0,885.0,210,1,0,1,Biker
10,1305.0,816.0,1346.0,885.0,211,1,0,1,Biker
10,1305.0,816.0,1346.0,885.0,212,1,0,1,Biker
10,1305.0,816.0,1346.0,885.0,213,1,0,1,Biker
10,1305.0,816.0,1346.0,885.0,214,1,0,1,Biker
10,1305.0,816.0,1346.0,885.0,215,1,0,1,Biker
10,1305.0,816.0,1346.0,885.0,216,1,0,1,Biker
10,1305.0,816.0,1346.0,885.0,217,1,0,1,Biker
10,1305.0,816.0,1346.0,885.0,218,1,0,1,Biker
10,1305.0,816.0,1346.0,885.0,219,1,0,1,Biker
10,1305.0,816.0,1346.0,885.0,220,1,0,1,Biker
10,1305.0,816.0,1346.0,885.0,221,1,0,1,Biker
10,1305.0,816.0,1346.0,885.0,222,1,0,1,Biker
10,1305.0,816.0,1346.0,885.0,223,1,0,1,Biker
10,1305.0,816.0,1346.0,885.0,224,1,0,1,Biker
10,1305.0,816.0,1346.0,885.0,225,1,0,1,Biker
10,1305.0,816.0,1346.0,885.0,226,1,0,1,Biker
10,1305.0,816.0,1346.0,885.0,227,1,0,1,Biker
10,1305.0,816.0,1346.0,885.0,228,1,0,1,Biker
10,1305.0,816.0,1346.0,885.0,229,1,0,1,Biker
10,1305.0,816.0,1346.0,885.0,230,1,0,1,Biker
10,1305.0,816.0,1346.0,885.0,231,1,0,1,Biker
10,1305.0,816.0,1346.0,885.0,232,1,0,1,Biker
10,1305.0,816.0,1346.0,885.0,233,1,0,1,Biker
10,1305.0,816.0,1346.0,885.0,234,1,0,1,Biker
10,1305.0,816.0,1346.0,885.0,235,1,0,1,Biker
10,1305.0,816.0,1346.0,885.0,236,1,0,1,Biker
10,1305.0,816.0,1346.0,885.0,237,1,0,1,Biker
10,1305.0,816.0,1346.0,885.0,238,1,0,1,Biker
10,1305.0,816.0,1346.0,885.0,239,1,0,1,Biker
10,1305.0,816.0,1346.0,885.0,240,1,0,1,Biker
10,1305.0,816.0,1346.0,885.0,241,1,0,1,Biker
10,1305.0,816.0,1346.0,885.0,242,1,0,1,Biker
10,1305.0,816.0,1346.0,885.0,243,1,0,1,Biker
10,1305.0,816.0,1346.0,885.0,244,1,0,1,Biker
10,1305.0,816.0,1346.0,885.0,245,1,0,1,Biker
10,1305.0,816.0,1346.0,885.0,246,1,0,1,Biker
10,1305.0,816.0,1346.0,885.0,247,1,0,1,Biker
10,1305.0,816.0,1346.0,885.0,248,1,0,1,Biker
10,1305.0,816.0,1346.0,885.0,249,1,0,1,Biker
10,1305.0,816.0,1346.0,885.0,250,1,0,1,Biker
10,1305.0,816.0,1346.0,885.0,251,1,0,1,Biker
10,1305.0,816.0,1346.0,885.0,252,1,0,1,Biker
10,1305.0,816.0,1346.0,885.0,253,1,0,1,Biker
10,1305.0,816.0,1346.0,885.0,254,1,0,1,Biker
10,1305.0,816.0,1346.0,885.0,255,1,0,1,Biker
10,1305.0,816.0,1346.0,885.0,256,1,0,1,Biker
10,1305.0,816.0,1346.0,885.0,257,1,0,1,Biker
10,1305.0,816.0,1346.0,885.0,258,1,0,1,Biker
10,1305.0,816.0,1346.0,885.0,259,1,0,1,Biker
10,1305.0,816.0,1346.0,885.0,260,1,0,1,Biker
10,1305.0,816.0,1346.0,885.0,261,1,0,1,Biker
10,1305.0,816.0,1346.0,885.0,262,1,0,1,Biker
10,1305.0,816.0,1346.0,885.0,263,1,0,1,Biker
10,1305.0,816.0,1346.0,885.0,264,1,0,1,Biker
10,1305.0,816.0,1346.0,885.0,265,1,0,1,Biker
10,1305.0,816.0,1346.0,885.0,266,1,0,1,Biker
10,1305.0,816.0,1346.0,885.0,267,1,0,1,Biker
10,1305.0,816.0,1346.0,885.0,268,1,0,1,Biker
10,1305.0,816.0,1346.0,885.0,269,1,0,1,Biker
10,1305.0,816.0,1346.0,885.0,270,1,0,1,Biker
10,1305.0,816.0,1346.0,885.0,271,1,0,1,Biker
10,1305.0,816.0,1346.0,885.0,272,1,0,1,Biker
10,1305.0,816.0,1346.0,885.0,273,1,0,1,Biker
10,1305.0,816.0,1346.0,885.0,274,1,0,1,Biker
10,1305.0,816.0,1346.0,885.0,275,1,0,1,Biker
10,1305.0,816.0,1346.0,885.0,276,1,0,1,Biker
10,1305.0,816.0,1346.0,885.0,277,1,0,1,Biker
10,1305.0,816.0,1346.0,885.0,278,1,0,1,Biker
10,1305.0,816.0,1346.0,885.0,279,1,0,1,Biker
10,1305.0,816.0,1346.0,885.0,280,1,0,1,Biker
10,1305.0,816.0,1346.0,885.0,281,1,0,1,Biker
10,1305.0,816.0,1346.0,885.0,282,1,0,1,Biker
10,1305.0,816.0,1346.0,885.0,283,1,0,1,Biker
10,1305.0,816.0,1346.0,885.0,284,1,0,1,Biker
10,1305.0,816.0,1346.0,885.0,285,1,0,1,Biker
10,1305.0,816.0,1346.0,885.0,286,1,0,1,Biker
10,1305.0,816.0,1346.0,885.0,287,1,0,1,Biker
10,1305.0,816.0,1346.0,885.0,288,1,0,1,Biker
10,1305.0,816.0,1346.0,885.0,289,1,0,1,Biker
10,1305.0,816.0,1346.0,885.0,290,1,0,1,Biker
10,1305.0,816.0,1346.0,885.0,291,1,0,1,Biker
10,1305.0,816.0,1346.0,885.0,292,1,0,1,Biker
10,1305.0,816.0,1346.0,885.0,293,1,0,1,Biker
10,1305.0,816.0,1346.0,885.0,294,1,0,1,Biker
10,1305.0,816.0,1346.0,885.0,295,1,0,1,Biker
10,1305.0,816.0,1346.0,885.0,296,1,0,1,Biker
10,1305.0,816.0,1346.0,885.0,297,1,0,1,Biker
10,1305.0,816.0,1346.0,885.0,298,1,0,1,Biker
10,1305.0,816.0,1346.0,885.0,299,1,0,1,Biker
10,1305.0,816.0,1346.0,885.0,300,1,0,1,Biker
10,1305.0,816.0,1346.0,885.0,301,1,0,1,Biker
10,1305.0,816.0,1346.0,885.0,302,1,0,1,Biker
10,1305.0,816.0,1346.0,885.0,303,1,0,1,Biker
10,1305.0,816.0,1346.0,885.0,304,1,0,1,Biker
10,1305.0,816.0,1346.0,885.0,305,1,0,1,Biker
10,1305.0,816.0,1346.0,885.0,306,1,0,1,Biker
10,1305.0,816.0,1346.0,885.0,307,1,0,1,Biker
10,1305.0,816.0,1346.0,885.0,308,1,0,1,Biker
10,1305.0,816.0,1346.0,885.0,309,1,0,1,Biker
10,1305.0,816.0,1346.0,885.0,310,1,0,1,Biker
10,1305.0,816.0,1346.0,885.0,311,1,0,1,Biker
10,1305.0,816.0,1346.0,885.0,312,1,0,1,Biker
10,1305.0,816.0,1346.0,885.0,313,1,0,1,Biker
10,1305.0,816.0,1346.0,885.0,314,1,0,1,Biker
10,1305.0,816.0,1346.0,885.0,315,1,0,1,Biker
10,1305.0,816.0,1346.0,885.0,316,1,0,1,Biker
10,1305.0,816.0,1346.0,885.0,317,1,0,1,Biker
10,1305.0,816.0,1346.0,885.0,318,1,0,1,Biker
10,1305.0,816.0,1346.0,885.0,319,1,0,1,Biker
10,1305.0,816.0,1346.0,885.0,320,1,0,1,Biker
10,1305.0,816.0,1346.0,885.0,321,1,0,1,Biker
10,1305.0,816.0,1346.0,885.0,322,1,0,1,Biker
10,1305.0,816.0,1346.0,885.0,323,1,0,1,Biker
10,1305.0,816.0,1346.0,885.0,324,1,0,1,Biker
10,1305.0,816.0,1346.0,885.0,325,1,0,1,Biker
10,1305.0,816.0,1346.0,885.0,326,1,0,1,Biker
10,1305.0,816.0,1346.0,885.0,327,1,0,1,Biker
10,1305.0,816.0,1346.0,885.0,328,1,0,1,Biker
10,1305.0,816.0,1346.0,885.0,329,1,0,1,Biker
10,1305.0,816.0,1346.0,885.0,330,1,0,1,Biker
10,1305.0,816.0,1346.0,885.0,331,1,0,1,Biker
10,1305.0,816.0,1346.0,885.0,332,1,0,1,Biker
10,1305.0,816.0,1346.0,885.0,333,1,0,1,Biker
10,1305.0,816.0,1346.0,885.0,334,1,0,1,Biker
10,1305.0,816.0,1346.0,885.0,335,1,0,1,Biker
10,1305.0,816.0,1346.0,885.0,336,1,0,1,Biker
10,1305.0,816.0,1346.0,885.0,337,1,0,1,Biker
10,1305.0,816.0,1346.0,885.0,338,1,0,1,Biker
10,1305.0,816.0,1346.0,885.0,339,1,0,1,Biker
10,1305.0,816.0,1346.0,885.0,340,1,0,1,Biker
10,1305.0,816.0,1346.0,885.0,341,1,0,1,Biker
10,1305.0,816.0,1346.0,885.0,342,1,0,1,Biker
10,1305.0,816.0,1346.0,885.0,343,1,0,1,Biker
10,1305.0,816.0,1346.0,885.0,344,1,0,1,Biker
10,1305.0,816.0,1346.0,885.0,345,1,0,1,Biker
10,1305.0,816.0,1346.0,885.0,346,1,0,1,Biker
10,1305.0,816.0,1346.0,885.0,347,1,0,1,Biker
10,1305.0,816.0,1346.0,885.0,348,1,0,1,Biker
10,1305.0,816.0,1346.0,885.0,349,1,0,1,Biker
10,1305.0,816.0,1346.0,885.0,350,1,0,1,Biker
10,1305.0,816.0,1346.0,885.0,351,1,0,1,Biker
10,1305.0,816.0,1346.0,885.0,352,1,0,1,Biker
10,1305.0,816.0,1346.0,885.0,353,1,0,1,Biker
10,1305.0,816.0,1346.0,885.0,354,1,0,1,Biker
10,1305.0,816.0,1346.0,885.0,355,1,0,1,Biker
10,1305.0,816.0,1346.0,885.0,356,1,0,1,Biker
10,1305.0,816.0,1346.0,885.0,357,1,0,1,Biker
10,1305.0,816.0,1346.0,885.0,358,1,0,1,Biker
10,1305.0,816.0,1346.0,885.0,359,1,0,1,Biker
10,1305.0,816.0,1346.0,885.0,360,1,0,1,Biker
10,1305.0,816.0,1346.0,885.0,361,1,0,1,Biker
10,1305.0,816.0,1346.0,885.0,362,1,0,1,Biker
10,1305.0,816.0,1346.0,885.0,363,1,0,1,Biker
10,1305.0,816.0,1346.0,885.0,364,1,0,1,Biker
10,1305.0,816.0,1346.0,885.0,365,1,0,1,Biker
10,1305.0,816.0,1346.0,885.0,366,1,0,1,Biker
10,1305.0,816.0,1346.0,885.0,367,1,0,1,Biker
10,1305.0,816.0,1346.0,885.0,368,1,0,1,Biker
10,1305.0,816.0,1346.0,885.0,369,1,0,1,Biker
10,1305.0,816.0,1346.0,885.0,370,1,0,1,Biker
10,1305.0,816.0,1346.0,885.0,371,1,0,1,Biker
10,1305.0,816.0,1346.0,885.0,372,1,0,1,Biker
10,1305.0,816.0,1346.0,885.0,373,1,0,1,Biker
10,1305.0,816.0,1346.0,885.0,374,1,0,1,Biker
10,1305.0,816.0,1346.0,885.0,375,1,0,1,Biker
10,1305.0,816.0,1346.0,885.0,376,1,0,1,Biker
10,1305.0,816.0,1346.0,885.0,377,1,0,1,Biker
10,1305.0,816.0,1346.0,885.0,378,1,0,1,Biker
10,1305.0,816.0,1346.0,885.0,379,1,0,1,Biker
10,1305.0,816.0,1346.0,885.0,380,1,0,1,Biker
10,1305.0,816.0,1346.0,885.0,381,1,0,1,Biker
10,1305.0,816.0,1346.0,885.0,382,1,0,1,Biker
10,1305.0,816.0,1346.0,885.0,383,1,0,1,Biker
10,1305.0,816.0,1346.0,885.0,384,1,0,1,Biker
10,1305.0,816.0,1346.0,885.0,385,1,0,1,Biker
10,1305.0,816.0,1346.0,885.0,386,1,0,1,Biker
10,1305.0,816.0,1346.0,885.0,387,1,0,1,Biker
10,1305.0,816.0,1346.0,885.0,388,1,0,1,Biker
10,1305.0,816.0,1346.0,885.0,389,1,0,1,Biker
10,1305.0,816.0,1346.0,885.0,390,1,0,1,Biker
10,1305.0,816.0,1346.0,885.0,391,1,0,1,Biker
10,1305.0,816.0,1346.0,885.0,392,1,0,1,Biker
10,1305.0,816.0,1346.0,885.0,393,1,0,1,Biker
10,1305.0,816.0,1346.0,885.0,394,1,0,1,Biker
10,1305.0,816.0,1346.0,885.0,395,1,0,1,Biker
10,1305.0,816.0,1346.0,885.0,396,1,0,1,Biker
10,1305.0,816.0,1346.0,885.0,397,1,0,1,Biker
10,1305.0,816.0,1346.0,885.0,398,1,0,1,Biker
10,1305.0,816.0,1346.0,885.0,399,1,0,1,Biker
10,1305.0,816.0,1346.0,885.0,400,1,0,1,Biker
10,1305.0,816.0,1346.0,885.0,401,1,0,1,Biker
10,1305.0,816.0,1346.0,885.0,402,1,0,1,Biker
10,1305.0,816.0,1346.0,885.0,403,1,0,1,Biker
10,1305.0,816.0,1346.0,885.0,404,1,0,1,Biker
10,1305.0,816.0,1346.0,885.0,405,1,0,1,Biker
10,1305.0,816.0,1346.0,885.0,406,1,0,1,Biker
10,1305.0,816.0,1346.0,885.0,407,1,0,1,Biker
10,1305.0,816.0,1346.0,885.0,408,1,0,1,Biker
10,1305.0,816.0,1346.0,885.0,409,1,0,1,Biker
10,1305.0,816.0,1346.0,885.0,410,1,0,1,Biker
10,1305.0,816.0,1346.0,885.0,411,1,0,1,Biker
10,1305.0,816.0,1346.0,885.0,412,1,0,1,Biker
10,1305.0,816.0,1346.0,885.0,413,1,0,1,Biker
10,1305.0,816.0,1346.0,885.0,414,1,0,1,Biker
10,1305.0,816.0,1346.0,885.0,415,1,0,1,Biker
10,1305.0,816.0,1346.0,885.0,416,1,0,1,Biker
10,1305.0,816.0,1346.0,885.0,417,1,0,1,Biker
10,1305.0,816.0,1346.0,885.0,418,1,0,1,Biker
10,1305.0,816.0,1346.0,885.0,419,1,0,1,Biker
10,1305.0,816.0,1346.0,885.0,420,1,0,1,Biker
10,1305.0,816.0,1346.0,885.0,421,1,0,1,Biker
10,1305.0,816.0,1346.0,885.0,422,1,0,1,Biker
10,1305.0,816.0,1346.0,885.0,423,1,0,1,Biker
10,1305.0,816.0,1346.0,885.0,424,1,0,1,Biker
10,1305.0,816.0,1346.0,885.0,425,1,0,1,Biker
10,1305.0,816.0,1346.0,885.0,426,1,0,1,Biker
10,1305.0,816.0,1346.0,885.0,427,1,0,1,Biker
10,1305.0,816.0,1346.0,885.0,428,1,0,1,Biker
10,1305.0,816.0,1346.0,885.0,429,1,0,1,Biker
10,1305.0,816.0,1346.0,885.0,430,1,0,1,Biker
10,1305.0,816.0,1346.0,885.0,431,1,0,1,Biker
10,1305.0,816.0,1346.0,885.0,432,1,0,1,Biker
10,1305.0,816.0,1346.0,885.0,433,1,0,1,Biker
10,1305.0,816.0,1346.0,885.0,434,1,0,1,Biker
10,1305.0,816.0,1346.0,885.0,435,1,0,1,Biker
10,1305.0,816.0,1346.0,885.0,436,1,0,1,Biker
10,1305.0,816.0,1346.0,885.0,437,1,0,1,Biker
10,1305.0,816.0,1346.0,885.0,438,1,0,1,Biker
10,1305.0,816.0,1346.0,885.0,439,1,0,1,Biker
10,1305.0,816.0,1346.0,885.0,440,1,0,1,Biker
10,1305.0,816.0,1346.0,885.0,441,1,0,1,Biker
10,1305.0,816.0,1346.0,885.0,442,1,0,1,Biker
10,1305.0,816.0,1346.0,885.0,443,1,0,1,Biker
10,1305.0,816.0,1346.0,885.0,444,1,0,1,Biker
10,1305.0,816.0,1346.0,885.0,445,1,0,1,Biker
10,1305.0,816.0,1346.0,885.0,446,1,0,1,Biker
10,1305.0,816.0,1346.0,885.0,447,1,0,1,Biker
10,1305.0,816.0,1346.0,885.0,448,1,0,1,Biker
10,1305.0,816.0,1346.0,885.0,449,1,0,1,Biker
10,1305.0,816.0,1346.0,885.0,450,1,0,1,Biker
10,1305.0,816.0,1346.0,885.0,451,1,0,1,Biker
10,1305.0,816.0,1346.0,885.0,452,1,0,1,Biker
10,1305.0,816.0,1346.0,885.0,453,1,0,1,Biker
10,1305.0,816.0,1346.0,885.0,454,1,0,1,Biker
10,1305.0,816.0,1346.0,885.0,455,1,0,1,Biker
10,1305.0,816.0,1346.0,885.0,456,1,0,1,Biker
10,1305.0,816.0,1346.0,885.0,457,1,0,1,Biker
10,1305.0,816.0,1346.0,885.0,458,1,0,1,Biker
10,1305.0,816.0,1346.0,885.0,459,1,0,1,Biker
10,1305.0,816.0,1346.0,885.0,460,1,0,1,Biker
10,1305.0,816.0,1346.0,885.0,461,1,0,1,Biker
10,1305.0,816.0,1346.0,885.0,462,1,0,1,Biker
10,1305.0,816.0,1346.0,885.0,463,1,0,1,Biker
10,1305.0,816.0,1346.0,885.0,464,1,0,1,Biker
10,1305.0,816.0,1346.0,885.0,465,1,0,1,Biker
10,1305.0,816.0,1346.0,885.0,466,1,0,1,Biker
10,1305.0,816.0,1346.0,885.0,467,1,0,1,Biker
10,1305.0,816.0,1346.0,885.0,468,1,0,1,Biker
10,1305.0,816.0,1346.0,885.0,469,1,0,1,Biker
10,1305.0,816.0,1346.0,885.0,470,1,0,1,Biker
10,1305.0,816.0,1346.0,885.0,471,1,0,1,Biker
10,1305.0,816.0,1346.0,885.0,472,1,0,1,Biker
10,1305.0,816.0,1346.0,885.0,473,1,0,1,Biker
10,1305.0,816.0,1346.0,885.0,474,1,0,1,Biker
10,1305.0,816.0,1346.0,885.0,475,1,0,1,Biker
10,1305.0,816.0,1346.0,885.0,476,1,0,1,Biker
10,1305.0,816.0,1346.0,885.0,477,1,0,1,Biker
10,1305.0,816.0,1346.0,885.0,478,1,0,1,Biker
10,1305.0,816.0,1346.0,885.0,479,1,0,1,Biker
10,1305.0,816.0,1346.0,885.0,480,1,0,1,Biker
10,1305.0,816.0,1346.0,885.0,481,1,0,1,Biker
10,1305.0,816.0,1346.0,885.0,482,1,0,1,Biker
10,1305.0,816.0,1346.0,885.0,483,1,0,1,Biker
10,1305.0,816.0,1346.0,885.0,484,1,0,1,Biker
10,1305.0,816.0,1346.0,885.0,485,1,0,1,Biker
10,1305.0,816.0,1346.0,885.0,486,1,0,1,Biker
10,1305.0,816.0,1346.0,885.0,487,1,0,1,Biker
10,1305.0,816.0,1346.0,885.0,488,1,0,1,Biker
10,1305.0,816.0,1346.0,885.0,489,1,0,1,Biker
10,1305.0,816.0,1346.0,885.0,490,1,0,1,Biker
10,1305.0,816.0,1346.0,885.0,491,1,0,1,Biker
10,1305.0,816.0,1346.0,885.0,492,1,0,1,Biker
10,1305.0,816.0,1346.0,885.0,493,1,0,1,Biker
10,1305.0,816.0,1346.0,885.0,494,1,0,1,Biker
10,1305.0,816.0,1346.0,885.0,495,1,0,1,Biker
10,1305.0,816.0,1346.0,885.0,496,1,0,1,Biker
10,1305.0,816.0,1346.0,885.0,497,1,0,1,Biker
10,1305.0,816.0,1346.0,885.0,498,1,0,1,Biker
10,1305.0,816.0,1346.0,885.0,499,1,0,1,Biker
10,1305.0,816.0,1346.0,885.0,500,1,0,1,Biker
10,1305.0,816.0,1346.0,885.0,501,1,0,1,Biker
10,1305.0,816.0,1346.0,885.0,502,1,0,1,Biker
10,1305.0,816.0,1346.0,885.0,503,1,0,1,Biker
10,1305.0,816.0,1346.0,885.0,504,1,0,1,Biker
10,1305.0,816.0,1346.0,885.0,505,1,0,1,Biker
10,1305.0,816.0,1346.0,885.0,506,1,0,1,Biker
10,1305.0,816.0,1346.0,885.0,507,1,0,1,Biker
10,1305.0,816.0,1346.0,885.0,508,1,0,1,Biker
10,1305.0,816.0,1346.0,885.0,509,1,0,1,Biker
10,1305.0,816.0,1346.0,885.0,510,1,0,1,Biker
10,1305.0,816.0,1346.0,885.0,511,1,0,1,Biker
10,1305.0,816.0,1346.0,885.0,512,1,0,1,Biker
10,1305.0,816.0,1346.0,885.0,513,1,0,1,Biker
10,1305.0,816.0,1346.0,885.0,514,1,0,1,Biker
10,1305.0,816.0,1346.0,885.0,515,1,0,1,Biker
10,1305.0,816.0,1346.0,885.0,516,1,0,1,Biker
10,1305.0,816.0,1346.0,885.0,517,1,0,1,Biker
10,1305.0,816.0,1346.0,885.0,518,1,0,1,Biker
10,1305.0,816.0,1346.0,885.0,519,1,0,1,Biker
10,1305.0,816.0,1346.0,885.0,520,1,0,1,Biker
10,1305.0,816.0,1346.0,885.0,521,1,0,1,Biker
10,1305.0,816.0,1346.0,885.0,522,1,0,1,Biker
10,1305.0,816.0,1346.0,885.0,523,1,0,1,Biker
10,1305.0,816.0,1346.0,885.0,524,1,0,1,Biker
10,1305.0,816.0,1346.0,885.0,525,1,0,1,Biker
10,1305.0,816.0,1346.0,885.0,526,1,0,1,Biker
10,1305.0,816.0,1346.0,885.0,527,1,0,1,Biker
10,1305.0,816.0,1346.0,885.0,528,1,0,1,Biker
10,1305.0,816.0,1346.0,885.0,529,1,0,1,Biker
10,1305.0,816.0,1346.0,885.0,530,1,0,1,Biker
10,1305.0,816.0,1346.0,885.0,531,1,0,0,Biker
11,1196.0,743.0,1301.0,868.0,0,1,0,0,Biker
11,1196.0,743.0,1301.0,868.0,1,1,0,1,Biker
11,1196.0,743.0,1301.0,868.0,2,1,0,1,Biker
11,1196.0,743.0,1301.0,868.0,3,1,0,1,Biker
11,1196.0,743.0,1301.0,868.0,4,1,0,1,Biker
11,1196.0,743.0,1301.0,868.0,5,1,0,1,Biker
11,1196.0,743.0,1301.0,868.0,6,1,0,1,Biker
11,1196.0,743.0,1301.0,868.0,7,1,0,1,Biker
11,1196.0,743.0,1301.0,868.0,8,1,0,1,Biker
11,1196.0,743.0,1301.0,868.0,9,1,0,1,Biker
11,1196.0,743.0,1301.0,868.0,10,1,0,1,Biker
11,1196.0,743.0,1301.0,868.0,11,1,0,1,Biker
11,1196.0,743.0,1301.0,868.0,12,1,0,1,Biker
11,1196.0,743.0,1301.0,868.0,13,1,0,1,Biker
11,1196.0,743.0,1301.0,868.0,14,1,0,1,Biker
11,1196.0,743.0,1301.0,868.0,15,1,0,1,Biker
11,1196.0,743.0,1301.0,868.0,16,1,0,1,Biker
11,1196.0,743.0,1301.0,868.0,17,1,0,1,Biker
11,1196.0,743.0,1301.0,868.0,18,1,0,1,Biker
11,1196.0,743.0,1301.0,868.0,19,1,0,1,Biker
11,1196.0,743.0,1301.0,868.0,20,1,0,1,Biker
11,1196.0,743.0,1301.0,868.0,21,1,0,1,Biker
11,1196.0,743.0,1301.0,868.0,22,1,0,1,Biker
11,1196.0,743.0,1301.0,868.0,23,1,0,1,Biker
11,1196.0,743.0,1301.0,868.0,24,1,0,1,Biker
11,1196.0,743.0,1301.0,868.0,25,1,0,1,Biker
11,1196.0,743.0,1301.0,868.0,26,1,0,1,Biker
11,1196.0,743.0,1301.0,868.0,27,1,0,1,Biker
11,1196.0,743.0,1301.0,868.0,28,1,0,1,Biker
11,1196.0,743.0,1301.0,868.0,29,1,0,1,Biker
11,1196.0,743.0,1301.0,868.0,30,1,0,1,Biker
11,1196.0,743.0,1301.0,868.0,31,1,0,1,Biker
11,1196.0,743.0,1301.0,868.0,32,1,0,1,Biker
11,1196.0,743.0,1301.0,868.0,33,1,0,1,Biker
11,1196.0,743.0,1301.0,868.0,34,1,0,1,Biker
11,1196.0,743.0,1301.0,868.0,35,1,0,1,Biker
11,1196.0,743.0,1301.0,868.0,36,1,0,1,Biker
11,1196.0,743.0,1301.0,868.0,37,1,0,1,Biker
11,1196.0,743.0,1301.0,868.0,38,1,0,1,Biker
11,1196.0,743.0,1301.0,868.0,39,1,0,1,Biker
11,1196.0,743.0,1301.0,868.0,40,1,0,1,Biker
11,1196.0,743.0,1301.0,868.0,41,1,0,1,Biker
11,1196.0,743.0,1301.0,868.0,42,1,0,1,Biker
11,1196.0,743.0,1301.0,868.0,43,1,0,1,Biker
11,1196.0,743.0,1301.0,868.0,44,1,0,1,Biker
11,1196.0,743.0,1301.0,868.0,45,1,0,1,Biker
11,1196.0,743.0,1301.0,868.0,46,1,0,1,Biker
11,1196.0,743.0,1301.0,868.0,47,1,0,1,Biker
11,1196.0,743.0,1301.0,868.0,48,1,0,1,Biker
11,1196.0,743.0,1301.0,868.0,49,1,0,1,Biker
11,1196.0,743.0,1301.0,868.0,50,1,0,1,Biker
11,1196.0,743.0,1301.0,868.0,51,1,0,1,Biker
11,1196.0,743.0,1301.0,868.0,52,1,0,1,Biker
11,1196.0,743.0,1301.0,868.0,53,1,0,1,Biker
11,1196.0,743.0,1301.0,868.0,54,1,0,1,Biker
11,1196.0,743.0,1301.0,868.0,55,1,0,1,Biker
11,1196.0,743.0,1301.0,868.0,56,1,0,1,Biker
11,1196.0,743.0,1301.0,868.0,57,1,0,1,Biker
11,1196.0,743.0,1301.0,868.0,58,1,0,1,Biker
11,1196.0,743.0,1301.0,868.0,59,1,0,1,Biker
11,1196.0,743.0,1301.0,868.0,60,1,0,1,Biker
11,1196.0,743.0,1301.0,868.0,61,1,0,1,Biker
11,1196.0,743.0,1301.0,868.0,62,1,0,1,Biker
11,1196.0,743.0,1301.0,868.0,63,1,0,1,Biker
11,1196.0,743.0,1301.0,868.0,64,1,0,1,Biker
11,1196.0,743.0,1301.0,868.0,65,1,0,1,Biker
11,1196.0,743.0,1301.0,868.0,66,1,0,1,Biker
11,1196.0,743.0,1301.0,868.0,67,1,0,1,Biker
11,1196.0,743.0,1301.0,868.0,68,1,0,1,Biker
11,1196.0,743.0,1301.0,868.0,69,1,0,1,Biker
11,1196.0,743.0,1301.0,868.0,70,1,0,1,Biker
11,1196.0,743.0,1301.0,868.0,71,1,0,1,Biker
11,1196.0,743.0,1301.0,868.0,72,1,0,1,Biker
11,1196.0,743.0,1301.0,868.0,73,1,0,1,Biker
11,1196.0,743.0,1301.0,868.0,74,1,0,1,Biker
11,1196.0,743.0,1301.0,868.0,75,1,0,1,Biker
11,1196.0,743.0,1301.0,868.0,76,1,0,1,Biker
11,1196.0,743.0,1301.0,868.0,77,1,0,1,Biker
11,1196.0,743.0,1301.0,868.0,78,1,0,1,Biker
11,1196.0,743.0,1301.0,868.0,79,1,0,1,Biker
11,1196.0,743.0,1301.0,868.0,80,1,0,1,Biker
11,1196.0,743.0,1301.0,868.0,81,1,0,1,Biker
11,1196.0,743.0,1301.0,868.0,82,1,0,1,Biker
11,1196.0,743.0,1301.0,868.0,83,1,0,1,Biker
11,1196.0,743.0,1301.0,868.0,84,1,0,1,Biker
11,1196.0,743.0,1301.0,868.0,85,1,0,1,Biker
11,1196.0,743.0,1301.0,868.0,86,1,0,1,Biker
11,1196.0,743.0,1301.0,868.0,87,1,0,1,Biker
11,1196.0,743.0,1301.0,868.0,88,1,0,1,Biker
11,1196.0,743.0,1301.0,868.0,89,1,0,1,Biker
11,1196.0,743.0,1301.0,868.0,90,1,0,1,Biker
11,1196.0,743.0,1301.0,868.0,91,1,0,1,Biker
11,1196.0,743.0,1301.0,868.0,92,1,0,1,Biker
11,1196.0,743.0,1301.0,868.0,93,1,0,1,Biker
11,1196.0,743.0,1301.0,868.0,94,1,0,1,Biker
11,1196.0,743.0,1301.0,868.0,95,1,0,1,Biker
11,1196.0,743.0,1301.0,868.0,96,1,0,1,Biker
11,1196.0,743.0,1301.0,868.0,97,1,0,1,Biker
11,1196.0,743.0,1301.0,868.0,98,1,0,1,Biker
11,1196.0,743.0,1301.0,868.0,99,1,0,1,Biker
11,1196.0,743.0,1301.0,868.0,100,1,0,1,Biker
11,1196.0,743.0,1301.0,868.0,101,1,0,1,Biker
11,1196.0,743.0,1301.0,868.0,102,1,0,1,Biker
11,1196.0,743.0,1301.0,868.0,103,1,0,1,Biker
11,1196.0,743.0,1301.0,868.0,104,1,0,1,Biker
11,1196.0,743.0,1301.0,868.0,105,1,0,1,Biker
11,1196.0,743.0,1301.0,868.0,106,1,0,1,Biker
11,1196.0,743.0,1301.0,868.0,107,1,0,1,Biker
11,1196.0,743.0,1301.0,868.0,108,1,0,1,Biker
11,1196.0,743.0,1301.0,868.0,109,1,0,1,Biker
11,1196.0,743.0,1301.0,868.0,110,1,0,1,Biker
11,1196.0,743.0,1301.0,868.0,111,1,0,1,Biker
11,1196.0,743.0,1301.0,868.0,112,1,0,1,Biker
11,1196.0,743.0,1301.0,868.0,113,1,0,1,Biker
11,1196.0,743.0,1301.0,868.0,114,1,0,1,Biker
11,1196.0,743.0,1301.0,868.0,115,1,0,1,Biker
11,1196.0,743.0,1301.0,868.0,116,1,0,1,Biker
11,1196.0,743.0,1301.0,868.0,117,1,0,1,Biker
11,1196.0,743.0,1301.0,868.0,118,1,0,1,Biker
11,1196.0,743.0,1301.0,868.0,119,1,0,1,Biker
11,1196.0,743.0,1301.0,868.0,120,1,0,1,Biker
11,1196.0,743.0,1301.0,868.0,121,1,0,1,Biker
11,1196.0,743.0,1301.0,868.0,122,1,0,1,Biker
11,1196.0,743.0,1301.0,868.0,123,1,0,1,Biker
11,1196.0,743.0,1301.0,868.0,124,1,0,1,Biker
11,1196.0,743.0,1301.0,868.0,125,1,0,1,Biker
11,1196.0,743.0,1301.0,868.0,126,1,0,1,Biker
11,1196.0,743.0,1301.0,868.0,127,1,0,1,Biker
11,1196.0,743.0,1301.0,868.0,128,1,0,1,Biker
11,1196.0,743.0,1301.0,868.0,129,1,0,1,Biker
11,1196.0,743.0,1301.0,868.0,130,1,0,1,Biker
11,1196.0,743.0,1301.0,868.0,131,1,0,1,Biker
11,1196.0,743.0,1301.0,868.0,132,1,0,1,Biker
11,1196.0,743.0,1301.0,868.0,133,1,0,1,Biker
11,1196.0,743.0,1301.0,868.0,134,1,0,1,Biker
11,1196.0,743.0,1301.0,868.0,135,1,0,1,Biker
11,1196.0,743.0,1301.0,868.0,136,1,0,1,Biker
11,1196.0,743.0,1301.0,868.0,137,1,0,1,Biker
11,1196.0,743.0,1301.0,868.0,138,1,0,1,Biker
11,1196.0,743.0,1301.0,868.0,139,1,0,1,Biker
11,1196.0,743.0,1301.0,868.0,140,1,0,1,Biker
11,1196.0,743.0,1301.0,868.0,141,1,0,1,Biker
11,1196.0,743.0,1301.0,868.0,142,1,0,1,Biker
11,1196.0,743.0,1301.0,868.0,143,1,0,1,Biker
11,1196.0,743.0,1301.0,868.0,144,1,0,1,Biker
11,1196.0,743.0,1301.0,868.0,145,1,0,1,Biker
11,1196.0,743.0,1301.0,868.0,146,1,0,1,Biker
11,1196.0,743.0,1301.0,868.0,147,1,0,1,Biker
11,1196.0,743.0,1301.0,868.0,148,1,0,1,Biker
11,1196.0,743.0,1301.0,868.0,149,1,0,1,Biker
11,1196.0,743.0,1301.0,868.0,150,1,0,1,Biker
11,1196.0,743.0,1301.0,868.0,151,1,0,1,Biker
11,1196.0,743.0,1301.0,868.0,152,1,0,1,Biker
11,1196.0,743.0,1301.0,868.0,153,1,0,1,Biker
11,1196.0,743.0,1301.0,868.0,154,1,0,1,Biker
11,1196.0,743.0,1301.0,868.0,155,1,0,1,Biker
11,1196.0,743.0,1301.0,868.0,156,1,0,1,Biker
11,1196.0,743.0,1301.0,868.0,157,1,0,1,Biker
11,1196.0,743.0,1301.0,868.0,158,1,0,1,Biker
11,1196.0,743.0,1301.0,868.0,159,1,0,1,Biker
11,1196.0,743.0,1301.0,868.0,160,1,0,1,Biker
11,1196.0,743.0,1301.0,868.0,161,1,0,1,Biker
11,1196.0,743.0,1301.0,868.0,162,1,0,1,Biker
11,1196.0,743.0,1301.0,868.0,163,1,0,1,Biker
11,1196.0,743.0,1301.0,868.0,164,1,0,1,Biker
11,1196.0,743.0,1301.0,868.0,165,1,0,1,Biker
11,1196.0,743.0,1301.0,868.0,166,1,0,1,Biker
11,1196.0,743.0,1301.0,868.0,167,1,0,1,Biker
11,1196.0,743.0,1301.0,868.0,168,1,0,1,Biker
11,1196.0,743.0,1301.0,868.0,169,1,0,1,Biker
11,1196.0,743.0,1301.0,868.0,170,1,0,1,Biker
11,1196.0,743.0,1301.0,868.0,171,1,0,1,Biker
11,1196.0,743.0,1301.0,868.0,172,1,0,1,Biker
11,1196.0,743.0,1301.0,868.0,173,1,0,1,Biker
11,1196.0,743.0,1301.0,868.0,174,1,0,1,Biker
11,1196.0,743.0,1301.0,868.0,175,1,0,1,Biker
11,1196.0,743.0,1301.0,868.0,176,1,0,1,Biker
11,1196.0,743.0,1301.0,868.0,177,1,0,1,Biker
11,1196.0,743.0,1301.0,868.0,178,1,0,1,Biker
11,1196.0,743.0,1301.0,868.0,179,1,0,1,Biker
11,1196.0,743.0,1301.0,868.0,180,1,0,1,Biker
11,1196.0,743.0,1301.0,868.0,181,1,0,1,Biker
11,1196.0,743.0,1301.0,868.0,182,1,0,1,Biker
11,1196.0,743.0,1301.0,868.0,183,1,0,1,Biker
11,1196.0,743.0,1301.0,868.0,184,1,0,1,Biker
11,1196.0,743.0,1301.0,868.0,185,1,0,1,Biker
11,1196.0,743.0,1301.0,868.0,186,1,0,1,Biker
11,1196.0,743.0,1301.0,868.0,187,1,0,1,Biker
11,1196.0,743.0,1301.0,868.0,188,1,0,1,Biker
11,1196.0,743.0,1301.0,868.0,189,1,0,1,Biker
11,1196.0,743.0,1301.0,868.0,190,1,0,1,Biker
11,1196.0,743.0,1301.0,868.0,191,1,0,1,Biker
11,1196.0,743.0,1301.0,868.0,192,1,0,1,Biker
11,1196.0,743.0,1301.0,868.0,193,1,0,1,Biker
11,1196.0,743.0,1301.0,868.0,194,1,0,1,Biker
11,1196.0,743.0,1301.0,868.0,195,1,0,1,Biker
11,1196.0,743.0,1301.0,868.0,196,1,0,1,Biker
11,1196.0,743.0,1301.0,868.0,197,1,0,1,Biker
11,1196.0,743.0,1301.0,868.0,198,1,0,1,Biker
11,1196.0,743.0,1301.0,868.0,199,1,0,1,Biker
11,1196.0,743.0,1301.0,868.0,200,1,0,1,Biker
11,1196.0,743.0,1301.0,868.0,201,1,0,1,Biker
11,1196.0,743.0,1301.0,868.0,202,1,0,1,Biker
11,1196.0,743.0,1301.0,868.0,203,1,0,1,Biker
11,1196.0,743.0,1301.0,868.0,204,1,0,1,Biker
11,1196.0,743.0,1301.0,868.0,205,1,0,1,Biker
11,1196.0,743.0,1301.0,868.0,206,1,0,1,Biker
11,1196.0,743.0,1301.0,868.0,207,1,0,1,Biker
11,1196.0,743.0,1301.0,868.0,208,1,0,1,Biker
11,1196.0,743.0,1301.0,868.0,209,1,0,1,Biker
11,1196.0,743.0,1301.0,868.0,210,1,0,1,Biker
11,1196.0,743.0,1301.0,868.0,211,1,0,1,Biker
11,1196.0,743.0,1301.0,868.0,212,1,0,1,Biker
11,1196.0,743.0,1301.0,868.0,213,1,0,1,Biker
11,1196.0,743.0,1301.0,868.0,214,1,0,1,Biker
11,1196.0,743.0,1301.0,868.0,215,1,0,1,Biker
11,1196.0,743.0,1301.0,868.0,216,1,0,1,Biker
11,1196.0,743.0,1301.0,868.0,217,1,0,1,Biker
11,1196.0,743.0,1301.0,868.0,218,1,0,1,Biker
11,1196.0,743.0,1301.0,868.0,219,1,0,1,Biker
11,1196.0,743.0,1301.0,868.0,220,1,0,1,Biker
11,1196.0,743.0,1301.0,868.0,221,1,0,1,Biker
11,1196.0,743.0,1301.0,868.0,222,1,0,1,Biker
11,1196.0,743.0,1301.0,868.0,223,1,0,1,Biker
11,1196.0,743.0,1301.0,868.0,224,1,0,1,Biker
11,1196.0,743.0,1301.0,868.0,225,1,0,1,Biker
11,1196.0,743.0,1301.0,868.0,226,1,0,1,Biker
11,1196.0,743.0,1301.0,868.0,227,1,0,1,Biker
11,1196.0,743.0,1301.0,868.0,228,1,0,1,Biker
11,1196.0,743.0,1301.0,868.0,229,1,0,1,Biker
11,1196.0,743.0,1301.0,868.0,230,1,0,1,Biker
11,1196.0,743.0,1301.0,868.0,231,1,0,1,Biker
11,1196.0,743.0,1301.0,868.0,232,1,0,1,Biker
11,1196.0,743.0,1301.0,868.0,233,1,0,1,Biker
11,1196.0,743.0,1301.0,868.0,234,1,0,1,Biker
11,1196.0,743.0,1301.0,868.0,235,1,0,1,Biker
11,1196.0,743.0,1301.0,868.0,236,1,0,1,Biker
11,1196.0,743.0,1301.0,868.0,237,1,0,1,Biker
11,1196.0,743.0,1301.0,868.0,238,1,0,1,Biker
11,1196.0,743.0,1301.0,868.0,239,1,0,1,Biker
11,1196.0,743.0,1301.0,868.0,240,1,0,1,Biker
11,1196.0,743.0,1301.0,868.0,241,1,0,1,Biker
11,1196.0,743.0,1301.0,868.0,242,1,0,1,Biker
11,1196.0,743.0,1301.0,868.0,243,1,0,1,Biker
11,1196.0,743.0,1301.0,868.0,244,1,0,1,Biker
11,1196.0,743.0,1301.0,868.0,245,1,0,1,Biker
11,1196.0,743.0,1301.0,868.0,246,1,0,1,Biker
11,1196.0,743.0,1301.0,868.0,247,1,0,1,Biker
11,1196.0,743.0,1301.0,868.0,248,1,0,1,Biker
11,1196.0,743.0,1301.0,868.0,249,1,0,1,Biker
11,1196.0,743.0,1301.0,868.0,250,1,0,1,Biker
11,1196.0,743.0,1301.0,868.0,251,1,0,1,Biker
11,1196.0,743.0,1301.0,868.0,252,1,0,1,Biker
11,1196.0,743.0,1301.0,868.0,253,1,0,1,Biker
11,1196.0,743.0,1301.0,868.0,254,1,0,1,Biker
11,1196.0,743.0,1301.0,868.0,255,1,0,1,Biker
11,1196.0,743.0,1301.0,868.0,256,1,0,1,Biker
11,1196.0,743.0,1301.0,868.0,257,1,0,1,Biker
11,1196.0,743.0,1301.0,868.0,258,1,0,1,Biker
11,1196.0,743.0,1301.0,868.0,259,1,0,1,Biker
11,1196.0,743.0,1301.0,868.0,260,1,0,1,Biker
11,1196.0,743.0,1301.0,868.0,261,1,0,1,Biker
11,1196.0,743.0,1301.0,868.0,262,1,0,1,Biker
11,1196.0,743.0,1301.0,868.0,263,1,0,1,Biker
11,1196.0,743.0,1301.0,868.0,264,1,0,1,Biker
11,1196.0,743.0,1301.0,868.0,265,1,0,1,Biker
11,1196.0,743.0,1301.0,868.0,266,1,0,1,Biker
11,1196.0,743.0,1301.0,868.0,267,1,0,1,Biker
11,1196.0,743.0,1301.0,868.0,268,1,0,1,Biker
11,1196.0,743.0,1301.0,868.0,269,1,0,1,Biker
11,1196.0,743.0,1301.0,868.0,270,1,0,1,Biker
11,1196.0,743.0,1301.0,868.0,271,1,0,1,Biker
11,1196.0,743.0,1301.0,868.0,272,1,0,1,Biker
11,1196.0,743.0,1301.0,868.0,273,1,0,1,Biker
11,1196.0,743.0,1301.0,868.0,274,1,0,1,Biker
11,1196.0,743.0,1301.0,868.0,275,1,0,1,Biker
11,1196.0,743.0,1301.0,868.0,276,1,0,1,Biker
11,1196.0,743.0,1301.0,868.0,277,1,0,1,Biker
11,1196.0,743.0,1301.0,868.0,278,1,0,1,Biker
11,1196.0,743.0,1301.0,868.0,279,1,0,1,Biker
11,1196.0,743.0,1301.0,868.0,280,1,0,1,Biker
11,1196.0,743.0,1301.0,868.0,281,1,0,1,Biker
11,1196.0,743.0,1301.0,868.0,282,1,0,1,Biker
11,1196.0,743.0,1301.0,868.0,283,1,0,1,Biker
11,1196.0,743.0,1301.0,868.0,284,1,0,1,Biker
11,1196.0,743.0,1301.0,868.0,285,1,0,1,Biker
11,1196.0,743.0,1301.0,868.0,286,1,0,1,Biker
11,1196.0,743.0,1301.0,868.0,287,1,0,1,Biker
11,1196.0,743.0,1301.0,868.0,288,1,0,1,Biker
11,1196.0,743.0,1301.0,868.0,289,1,0,1,Biker
11,1196.0,743.0,1301.0,868.0,290,1,0,1,Biker
11,1196.0,743.0,1301.0,868.0,291,1,0,1,Biker
11,1196.0,743.0,1301.0,868.0,292,1,0,1,Biker
11,1196.0,743.0,1301.0,868.0,293,1,0,1,Biker
11,1196.0,743.0,1301.0,868.0,294,1,0,1,Biker
11,1196.0,743.0,1301.0,868.0,295,1,0,1,Biker
11,1196.0,743.0,1301.0,868.0,296,1,0,1,Biker
11,1196.0,743.0,1301.0,868.0,297,1,0,1,Biker
11,1196.0,743.0,1301.0,868.0,298,1,0,1,Biker
11,1196.0,743.0,1301.0,868.0,299,1,0,1,Biker
11,1196.0,743.0,1301.0,868.0,300,1,0,1,Biker
11,1196.0,743.0,1301.0,868.0,301,1,0,1,Biker
11,1196.0,743.0,1301.0,868.0,302,1,0,1,Biker
11,1196.0,743.0,1301.0,868.0,303,1,0,1,Biker
11,1196.0,743.0,1301.0,868.0,304,1,0,1,Biker
11,1196.0,743.0,1301.0,868.0,305,1,0,1,Biker
11,1196.0,743.0,1301.0,868.0,306,1,0,1,Biker
11,1196.0,743.0,1301.0,868.0,307,1,0,1,Biker
11,1196.0,743.0,1301.0,868.0,308,1,0,1,Biker
11,1196.0,743.0,1301.0,868.0,309,1,0,1,Biker
11,1196.0,743.0,1301.0,868.0,310,1,0,1,Biker
11,1196.0,743.0,1301.0,868.0,311,1,0,1,Biker
11,1196.0,743.0,1301.0,868.0,312,1,0,1,Biker
11,1196.0,743.0,1301.0,868.0,313,1,0,1,Biker
11,1196.0,743.0,1301.0,868.0,314,1,0,1,Biker
11,1196.0,743.0,1301.0,868.0,315,1,0,1,Biker
11,1196.0,743.0,1301.0,868.0,316,1,0,1,Biker
11,1196.0,743.0,1301.0,868.0,317,1,0,1,Biker
11,1196.0,743.0,1301.0,868.0,318,1,0,1,Biker
11,1196.0,743.0,1301.0,868.0,319,1,0,1,Biker
11,1196.0,743.0,1301.0,868.0,320,1,0,1,Biker
11,1196.0,743.0,1301.0,868.0,321,1,0,1,Biker
11,1196.0,743.0,1301.0,868.0,322,1,0,1,Biker
11,1196.0,743.0,1301.0,868.0,323,1,0,1,Biker
11,1196.0,743.0,1301.0,868.0,324,1,0,1,Biker
11,1196.0,743.0,1301.0,868.0,325,1,0,1,Biker
11,1196.0,743.0,1301.0,868.0,326,1,0,1,Biker
11,1196.0,743.0,1301.0,868.0,327,1,0,1,Biker
11,1196.0,743.0,1301.0,868.0,328,1,0,1,Biker
11,1196.0,743.0,1301.0,868.0,329,1,0,1,Biker
11,1196.0,743.0,1301.0,868.0,330,1,0,1,Biker
11,1196.0,743.0,1301.0,868.0,331,1,0,1,Biker
11,1196.0,743.0,1301.0,868.0,332,1,0,1,Biker
11,1196.0,743.0,1301.0,868.0,333,1,0,1,Biker
11,1196.0,743.0,1301.0,868.0,334,1,0,1,Biker
11,1196.0,743.0,1301.0,868.0,335,1,0,1,Biker
11,1196.0,743.0,1301.0,868.0,336,1,0,1,Biker
11,1196.0,743.0,1301.0,868.0,337,1,0,1,Biker
11,1196.0,743.0,1301.0,868.0,338,1,0,1,Biker
11,1196.0,743.0,1301.0,868.0,339,1,0,1,Biker
11,1196.0,743.0,1301.0,868.0,340,1,0,1,Biker
11,1196.0,743.0,1301.0,868.0,341,1,0,1,Biker
11,1196.0,743.0,1301.0,868.0,342,1,0,1,Biker
11,1196.0,743.0,1301.0,868.0,343,1,0,1,Biker
11,1196.0,743.0,1301.0,868.0,344,1,0,1,Biker
11,1196.0,743.0,1301.0,868.0,345,1,0,1,Biker
11,1196.0,743.0,1301.0,868.0,346,1,0,1,Biker
11,1196.0,743.0,1301.0,868.0,347,1,0,1,Biker
11,1196.0,743.0,1301.0,868.0,348,1,0,1,Biker
11,1196.0,743.0,1301.0,868.0,349,1,0,1,Biker
11,1196.0,743.0,1301.0,868.0,350,1,0,1,Biker
11,1196.0,743.0,1301.0,868.0,351,1,0,1,Biker
11,1196.0,743.0,1301.0,868.0,352,1,0,1,Biker
11,1196.0,743.0,1301.0,868.0,353,1,0,1,Biker
11,1196.0,743.0,1301.0,868.0,354,1,0,1,Biker
11,1196.0,743.0,1301.0,868.0,355,1,0,1,Biker
11,1196.0,743.0,1301.0,868.0,356,1,0,1,Biker
11,1196.0,743.0,1301.0,868.0,357,1,0,1,Biker
11,1196.0,743.0,1301.0,868.0,358,1,0,1,Biker
11,1196.0,743.0,1301.0,868.0,359,1,0,1,Biker
11,1196.0,743.0,1301.0,868.0,360,1,0,1,Biker
11,1196.0,743.0,1301.0,868.0,361,1,0,1,Biker
11,1196.0,743.0,1301.0,868.0,362,1,0,1,Biker
11,1196.0,743.0,1301.0,868.0,363,1,0,1,Biker
11,1196.0,743.0,1301.0,868.0,364,1,0,1,Biker
11,1196.0,743.0,1301.0,868.0,365,1,0,1,Biker
11,1196.0,743.0,1301.0,868.0,366,1,0,1,Biker
11,1196.0,743.0,1301.0,868.0,367,1,0,1,Biker
11,1196.0,743.0,1301.0,868.0,368,1,0,1,Biker
11,1196.0,743.0,1301.0,868.0,369,1,0,1,Biker
11,1196.0,743.0,1301.0,868.0,370,0,0,0,Biker
11,1190.0,739.0,1295.0,864.0,371,0,0,1,Biker
11,1186.0,739.0,1291.0,864.0,372,0,0,1,Biker
11,1183.0,739.0,1288.0,864.0,373,0,0,1,Biker
11,1179.0,739.0,1284.0,864.0,374,0,0,1,Biker
11,1175.0,739.0,1280.0,864.0,375,0,0,1,Biker
11,1171.0,739.0,1276.0,864.0,376,0,0,1,Biker
11,1166.0,739.0,1273.0,860.0,377,0,0,1,Biker
11,1162.0,735.0,1269.0,860.0,378,0,0,1,Biker
11,1158.0,735.0,1263.0,860.0,379,0,0,1,Biker
11,1155.0,735.0,1260.0,860.0,380,0,0,1,Biker
11,1151.0,735.0,1256.0,860.0,381,0,0,1,Biker
11,1147.0,735.0,1252.0,860.0,382,0,0,1,Biker
11,1143.0,735.0,1248.0,860.0,383,0,0,1,Biker
11,1138.0,735.0,1245.0,856.0,384,0,0,1,Biker
11,1134.0,731.0,1241.0,856.0,385,0,0,1,Biker
11,1130.0,731.0,1237.0,856.0,386,0,0,1,Biker
11,1126.0,731.0,1231.0,856.0,387,0,0,1,Biker
11,1123.0,731.0,1228.0,856.0,388,0,0,1,Biker
11,1119.0,731.0,1224.0,856.0,389,0,0,1,Biker
11,1115.0,731.0,1220.0,856.0,390,0,0,1,Biker
11,1110.0,731.0,1216.0,852.0,391,0,0,1,Biker
11,1106.0,727.0,1213.0,852.0,392,0,0,1,Biker
11,1102.0,727.0,1209.0,852.0,393,0,0,1,Biker
11,1098.0,727.0,1205.0,852.0,394,0,0,1,Biker
11,1095.0,727.0,1200.0,852.0,395,0,0,1,Biker
11,1091.0,727.0,1196.0,852.0,396,0,0,1,Biker
11,1085.0,727.0,1192.0,848.0,397,0,0,1,Biker
11,1081.0,727.0,1188.0,848.0,398,0,0,1,Biker
11,1078.0,727.0,1185.0,848.0,399,0,0,1,Biker
11,1074.0,723.0,1181.0,848.0,400,0,0,1,Biker
11,1070.0,723.0,1177.0,848.0,401,0,0,1,Biker
11,1066.0,723.0,1173.0,848.0,402,0,0,1,Biker
11,1063.0,723.0,1168.0,848.0,403,0,0,1,Biker
11,1057.0,723.0,1164.0,844.0,404,0,0,1,Biker
11,1053.0,723.0,1160.0,844.0,405,0,0,1,Biker
11,1050.0,723.0,1156.0,844.0,406,0,0,1,Biker
11,1046.0,719.0,1153.0,844.0,407,0,0,1,Biker
11,1042.0,719.0,1149.0,844.0,408,0,0,1,Biker
11,1038.0,719.0,1145.0,844.0,409,0,0,1,Biker
11,1035.0,719.0,1141.0,844.0,410,0,0,1,Biker
11,1029.0,719.0,1136.0,840.0,411,0,0,1,Biker
11,1025.0,719.0,1132.0,840.0,412,0,0,1,Biker
11,1021.0,719.0,1128.0,840.0,413,0,0,1,Biker
11,1018.0,715.0,1125.0,840.0,414,0,0,1,Biker
11,1014.0,715.0,1121.0,840.0,415,0,0,1,Biker
11,1010.0,715.0,1117.0,840.0,416,0,0,1,Biker
11,1005.0,715.0,1113.0,836.0,417,0,0,1,Biker
11,1001.0,715.0,1110.0,836.0,418,0,0,1,Biker
11,997.0,715.0,1104.0,836.0,419,0,0,1,Biker
11,993.0,715.0,1100.0,836.0,420,0,0,1,Biker
11,990.0,711.0,1096.0,836.0,421,0,0,1,Biker
11,986.0,711.0,1093.0,836.0,422,0,0,1,Biker
11,982.0,711.0,1089.0,836.0,423,0,0,1,Biker
11,976.0,711.0,1085.0,832.0,424,0,0,1,Biker
11,973.0,711.0,1081.0,832.0,425,0,0,1,Biker
11,969.0,711.0,1078.0,832.0,426,0,0,1,Biker
11,965.0,711.0,1072.0,832.0,427,0,0,1,Biker
11,961.0,711.0,1068.0,832.0,428,0,0,1,Biker
11,958.0,707.0,1065.0,832.0,429,0,0,1,Biker
11,954.0,707.0,1061.0,832.0,430,0,0,1,Biker
11,948.0,707.0,1057.0,828.0,431,0,0,1,Biker
11,945.0,707.0,1053.0,828.0,432,0,0,1,Biker
11,941.0,707.0,1050.0,828.0,433,0,0,1,Biker
11,937.0,707.0,1046.0,828.0,434,0,0,1,Biker
11,933.0,707.0,1040.0,828.0,435,0,0,1,Biker
11,930.0,703.0,1036.0,828.0,436,0,0,1,Biker
11,924.0,703.0,1033.0,824.0,437,0,0,1,Biker
11,920.0,703.0,1029.0,824.0,438,0,0,1,Biker
11,916.0,703.0,1025.0,824.0,439,0,0,1,Biker
11,913.0,703.0,1021.0,824.0,440,0,0,1,Biker
11,909.0,703.0,1018.0,824.0,441,0,0,1,Biker
11,905.0,703.0,1014.0,824.0,442,0,0,1,Biker
11,901.0,699.0,1008.0,824.0,443,0,0,1,Biker
11,896.0,699.0,1005.0,820.0,444,0,0,1,Biker
11,892.0,699.0,1001.0,820.0,445,0,0,1,Biker
11,888.0,699.0,997.0,820.0,446,0,0,1,Biker
11,885.0,699.0,993.0,820.0,447,0,0,1,Biker
11,881.0,699.0,990.0,820.0,448,0,0,1,Biker
11,877.0,699.0,986.0,820.0,449,0,0,1,Biker
11,873.0,699.0,982.0,820.0,450,0,0,0,Biker
11,868.0,699.0,976.0,820.0,451,0,0,1,Biker
11,864.0,699.0,973.0,820.0,452,0,0,1,Biker
11,860.0,699.0,969.0,820.0,453,0,0,1,Biker
11,856.0,699.0,965.0,820.0,454,0,0,1,Biker
11,853.0,699.0,961.0,820.0,455,0,0,1,Biker
11,849.0,699.0,958.0,820.0,456,0,0,1,Biker
11,845.0,699.0,954.0,820.0,457,0,0,1,Biker
11,841.0,699.0,950.0,820.0,458,0,0,1,Biker
11,838.0,699.0,946.0,820.0,459,0,0,1,Biker
11,834.0,699.0,943.0,820.0,460,0,0,1,Biker
11,830.0,699.0,939.0,820.0,461,0,0,1,Biker
11,826.0,699.0,935.0,820.0,462,0,0,1,Biker
11,823.0,699.0,931.0,820.0,463,0,0,1,Biker
11,819.0,699.0,928.0,820.0,464,0,0,1,Biker
11,815.0,699.0,924.0,820.0,465,0,0,1,Biker
11,811.0,699.0,920.0,820.0,466,0,0,1,Biker
11,808.0,699.0,916.0,820.0,467,0,0,1,Biker
11,804.0,699.0,913.0,820.0,468,0,0,1,Biker
11,800.0,699.0,909.0,820.0,469,0,0,1,Biker
11,796.0,699.0,905.0,820.0,470,0,0,1,Biker
11,793.0,699.0,901.0,820.0,471,0,0,1,Biker
11,789.0,699.0,898.0,820.0,472,0,0,1,Biker
11,785.0,699.0,894.0,820.0,473,0,0,1,Biker
11,781.0,699.0,890.0,820.0,474,0,0,1,Biker
11,778.0,699.0,886.0,820.0,475,0,0,1,Biker
11,774.0,699.0,883.0,820.0,476,0,0,1,Biker
11,770.0,703.0,879.0,824.0,477,0,0,1,Biker
11,765.0,703.0,873.0,824.0,478,0,0,1,Biker
11,761.0,703.0,870.0,824.0,479,0,0,1,Biker
11,757.0,703.0,866.0,824.0,480,0,0,1,Biker
11,753.0,703.0,862.0,824.0,481,0,0,1,Biker
11,750.0,703.0,858.0,824.0,482,0,0,1,Biker
11,746.0,703.0,855.0,824.0,483,0,0,1,Biker
11,742.0,703.0,851.0,824.0,484,0,0,1,Biker
11,738.0,703.0,847.0,824.0,485,0,0,1,Biker
11,735.0,703.0,843.0,824.0,486,0,0,1,Biker
11,731.0,703.0,840.0,824.0,487,0,0,1,Biker
11,727.0,703.0,836.0,824.0,488,0,0,1,Biker
11,723.0,703.0,832.0,824.0,489,0,0,1,Biker
11,720.0,703.0,828.0,824.0,490,0,0,1,Biker
11,716.0,703.0,825.0,824.0,491,0,0,1,Biker
11,712.0,703.0,821.0,824.0,492,0,0,1,Biker
11,708.0,703.0,817.0,824.0,493,0,0,1,Biker
11,705.0,703.0,813.0,824.0,494,0,0,1,Biker
11,701.0,703.0,810.0,824.0,495,0,0,1,Biker
11,697.0,703.0,806.0,824.0,496,0,0,1,Biker
11,693.0,703.0,802.0,824.0,497,0,0,1,Biker
11,690.0,703.0,798.0,824.0,498,0,0,1,Biker
11,686.0,703.0,795.0,824.0,499,0,0,1,Biker
11,682.0,703.0,791.0,824.0,500,0,0,1,Biker
11,678.0,703.0,787.0,824.0,501,0,0,1,Biker
11,675.0,703.0,783.0,824.0,502,0,0,1,Biker
11,671.0,703.0,780.0,824.0,503,0,0,1,Biker
11,667.0,707.0,776.0,828.0,504,0,0,1,Biker
11,661.0,707.0,770.0,828.0,505,0,0,1,Biker
11,658.0,707.0,766.0,828.0,506,0,0,1,Biker
11,654.0,707.0,763.0,828.0,507,0,0,1,Biker
11,650.0,707.0,759.0,828.0,508,0,0,1,Biker
11,646.0,707.0,755.0,828.0,509,0,0,1,Biker
11,643.0,707.0,751.0,828.0,510,0,0,1,Biker
11,639.0,707.0,748.0,828.0,511,0,0,1,Biker
11,635.0,707.0,744.0,828.0,512,0,0,1,Biker
11,631.0,707.0,740.0,828.0,513,0,0,1,Biker
11,628.0,707.0,736.0,828.0,514,0,0,1,Biker
11,624.0,707.0,733.0,828.0,515,0,0,1,Biker
11,620.0,707.0,729.0,828.0,516,0,0,1,Biker
11,616.0,707.0,725.0,828.0,517,0,0,1,Biker
11,613.0,707.0,721.0,828.0,518,0,0,1,Biker
11,609.0,707.0,718.0,828.0,519,0,0,1,Biker
11,605.0,707.0,714.0,828.0,520,0,0,1,Biker
11,601.0,707.0,710.0,828.0,521,0,0,1,Biker
11,598.0,707.0,706.0,828.0,522,0,0,1,Biker
11,594.0,707.0,703.0,828.0,523,0,0,1,Biker
11,590.0,707.0,699.0,828.0,524,0,0,1,Biker
11,586.0,707.0,695.0,828.0,525,0,0,1,Biker
11,583.0,707.0,691.0,828.0,526,0,0,1,Biker
11,579.0,707.0,688.0,828.0,527,0,0,1,Biker
11,575.0,707.0,684.0,828.0,528,0,0,1,Biker
11,571.0,707.0,680.0,828.0,529,0,0,1,Biker
11,568.0,707.0,676.0,828.0,530,0,0,1,Biker
11,564.0,711.0,673.0,832.0,531,0,0,0,Biker
12,442.0,666.0,496.0,804.0,0,1,0,0,Pedestrian
12,442.0,666.0,496.0,804.0,1,1,0,1,Pedestrian
12,442.0,666.0,496.0,804.0,2,1,0,1,Pedestrian
12,442.0,666.0,496.0,804.0,3,1,0,1,Pedestrian
12,442.0,666.0,496.0,804.0,4,1,0,1,Pedestrian
12,442.0,666.0,496.0,804.0,5,1,0,1,Pedestrian
12,442.0,666.0,496.0,804.0,6,1,0,1,Pedestrian
12,442.0,666.0,496.0,804.0,7,1,0,1,Pedestrian
12,442.0,666.0,496.0,804.0,8,1,0,1,Pedestrian
12,442.0,666.0,496.0,804.0,9,1,0,1,Pedestrian
12,442.0,666.0,496.0,804.0,10,1,0,1,Pedestrian
12,442.0,666.0,496.0,804.0,11,1,0,1,Pedestrian
12,442.0,666.0,496.0,804.0,12,1,0,1,Pedestrian
12,442.0,666.0,496.0,804.0,13,1,0,1,Pedestrian
12,442.0,666.0,496.0,804.0,14,1,0,1,Pedestrian
12,442.0,666.0,496.0,804.0,15,1,0,1,Pedestrian
12,442.0,666.0,496.0,804.0,16,1,0,1,Pedestrian
12,442.0,666.0,496.0,804.0,17,1,0,1,Pedestrian
12,442.0,666.0,496.0,804.0,18,1,0,1,Pedestrian
12,442.0,666.0,496.0,804.0,19,1,0,1,Pedestrian
12,442.0,666.0,496.0,804.0,20,1,0,1,Pedestrian
12,442.0,666.0,496.0,804.0,21,1,0,1,Pedestrian
12,442.0,666.0,496.0,804.0,22,1,0,1,Pedestrian
12,442.0,666.0,496.0,804.0,23,1,0,1,Pedestrian
12,442.0,666.0,496.0,804.0,24,1,0,1,Pedestrian
12,442.0,666.0,496.0,804.0,25,1,0,1,Pedestrian
12,442.0,666.0,496.0,804.0,26,1,0,1,Pedestrian
12,442.0,666.0,496.0,804.0,27,1,0,1,Pedestrian
12,442.0,666.0,496.0,804.0,28,1,0,1,Pedestrian
12,442.0,666.0,496.0,804.0,29,1,0,1,Pedestrian
12,442.0,666.0,496.0,804.0,30,1,0,1,Pedestrian
12,442.0,666.0,496.0,804.0,31,1,0,1,Pedestrian
12,442.0,666.0,496.0,804.0,32,1,0,1,Pedestrian
12,442.0,666.0,496.0,804.0,33,1,0,1,Pedestrian
12,442.0,666.0,496.0,804.0,34,1,0,1,Pedestrian
12,442.0,666.0,496.0,804.0,35,1,0,1,Pedestrian
12,442.0,666.0,496.0,804.0,36,1,0,1,Pedestrian
12,442.0,666.0,496.0,804.0,37,1,0,1,Pedestrian
12,442.0,666.0,496.0,804.0,38,1,0,1,Pedestrian
12,442.0,666.0,496.0,804.0,39,1,0,1,Pedestrian
12,442.0,666.0,496.0,804.0,40,1,0,1,Pedestrian
12,442.0,666.0,496.0,804.0,41,1,0,1,Pedestrian
12,442.0,666.0,496.0,804.0,42,1,0,1,Pedestrian
12,442.0,666.0,496.0,804.0,43,1,0,1,Pedestrian
12,442.0,666.0,496.0,804.0,44,1,0,1,Pedestrian
12,442.0,666.0,496.0,804.0,45,1,0,1,Pedestrian
12,442.0,666.0,496.0,804.0,46,1,0,1,Pedestrian
12,442.0,666.0,496.0,804.0,47,1,0,1,Pedestrian
12,442.0,666.0,496.0,804.0,48,1,0,1,Pedestrian
12,442.0,666.0,496.0,804.0,49,1,0,1,Pedestrian
12,442.0,666.0,496.0,804.0,50,1,0,1,Pedestrian
12,442.0,666.0,496.0,804.0,51,1,0,1,Pedestrian
12,442.0,666.0,496.0,804.0,52,1,0,1,Pedestrian
12,442.0,666.0,496.0,804.0,53,1,0,1,Pedestrian
12,442.0,666.0,496.0,804.0,54,1,0,1,Pedestrian
12,442.0,666.0,496.0,804.0,55,1,0,1,Pedestrian
12,442.0,666.0,496.0,804.0,56,1,0,1,Pedestrian
12,442.0,666.0,496.0,804.0,57,1,0,1,Pedestrian
12,442.0,666.0,496.0,804.0,58,1,0,1,Pedestrian
12,442.0,666.0,496.0,804.0,59,1,0,1,Pedestrian
12,442.0,666.0,496.0,804.0,60,1,0,1,Pedestrian
12,442.0,666.0,496.0,804.0,61,1,0,1,Pedestrian
12,442.0,666.0,496.0,804.0,62,1,0,1,Pedestrian
12,442.0,666.0,496.0,804.0,63,1,0,1,Pedestrian
12,442.0,666.0,496.0,804.0,64,1,0,1,Pedestrian
12,442.0,666.0,496.0,804.0,65,1,0,1,Pedestrian
12,442.0,666.0,496.0,804.0,66,1,0,1,Pedestrian
12,442.0,666.0,496.0,804.0,67,1,0,1,Pedestrian
12,442.0,666.0,496.0,804.0,68,1,0,1,Pedestrian
12,442.0,666.0,496.0,804.0,69,1,0,1,Pedestrian
12,442.0,666.0,496.0,804.0,70,1,0,1,Pedestrian
12,442.0,666.0,496.0,804.0,71,1,0,1,Pedestrian
12,442.0,666.0,496.0,804.0,72,1,0,1,Pedestrian
12,442.0,666.0,496.0,804.0,73,1,0,1,Pedestrian
12,442.0,666.0,496.0,804.0,74,1,0,1,Pedestrian
12,442.0,666.0,496.0,804.0,75,1,0,1,Pedestrian
12,442.0,666.0,496.0,804.0,76,1,0,1,Pedestrian
12,442.0,666.0,496.0,804.0,77,1,0,1,Pedestrian
12,442.0,666.0,496.0,804.0,78,1,0,1,Pedestrian
12,442.0,666.0,496.0,804.0,79,1,0,1,Pedestrian
12,442.0,666.0,496.0,804.0,80,1,0,1,Pedestrian
12,442.0,666.0,496.0,804.0,81,1,0,1,Pedestrian
12,442.0,666.0,496.0,804.0,82,1,0,1,Pedestrian
12,442.0,666.0,496.0,804.0,83,1,0,1,Pedestrian
12,442.0,666.0,496.0,804.0,84,1,0,1,Pedestrian
12,442.0,666.0,496.0,804.0,85,1,0,1,Pedestrian
12,442.0,666.0,496.0,804.0,86,1,0,1,Pedestrian
12,442.0,666.0,496.0,804.0,87,1,0,1,Pedestrian
12,442.0,666.0,496.0,804.0,88,1,0,1,Pedestrian
12,442.0,666.0,496.0,804.0,89,1,0,1,Pedestrian
12,442.0,666.0,496.0,804.0,90,1,0,1,Pedestrian
12,442.0,666.0,496.0,804.0,91,1,0,1,Pedestrian
12,442.0,666.0,496.0,804.0,92,1,0,1,Pedestrian
12,442.0,666.0,496.0,804.0,93,1,0,1,Pedestrian
12,442.0,666.0,496.0,804.0,94,1,0,1,Pedestrian
12,442.0,666.0,496.0,804.0,95,1,0,1,Pedestrian
12,442.0,666.0,496.0,804.0,96,1,0,1,Pedestrian
12,442.0,666.0,496.0,804.0,97,1,0,1,Pedestrian
12,442.0,666.0,496.0,804.0,98,1,0,1,Pedestrian
12,442.0,666.0,496.0,804.0,99,1,0,1,Pedestrian
12,442.0,666.0,496.0,804.0,100,1,0,1,Pedestrian
12,442.0,666.0,496.0,804.0,101,1,0,1,Pedestrian
12,442.0,666.0,496.0,804.0,102,1,0,1,Pedestrian
12,442.0,666.0,496.0,804.0,103,1,0,1,Pedestrian
12,442.0,666.0,496.0,804.0,104,1,0,1,Pedestrian
12,442.0,666.0,496.0,804.0,105,1,0,1,Pedestrian
12,442.0,666.0,496.0,804.0,106,1,0,1,Pedestrian
12,442.0,666.0,496.0,804.0,107,1,0,1,Pedestrian
12,442.0,666.0,496.0,804.0,108,1,0,1,Pedestrian
12,442.0,666.0,496.0,804.0,109,1,0,1,Pedestrian
12,442.0,666.0,496.0,804.0,110,1,0,1,Pedestrian
12,442.0,666.0,496.0,804.0,111,1,0,1,Pedestrian
12,442.0,666.0,496.0,804.0,112,1,0,1,Pedestrian
12,442.0,666.0,496.0,804.0,113,1,0,1,Pedestrian
12,442.0,666.0,496.0,804.0,114,1,0,1,Pedestrian
12,442.0,666.0,496.0,804.0,115,1,0,1,Pedestrian
12,442.0,666.0,496.0,804.0,116,1,0,1,Pedestrian
12,442.0,666.0,496.0,804.0,117,1,0,1,Pedestrian
12,442.0,666.0,496.0,804.0,118,1,0,1,Pedestrian
12,442.0,666.0,496.0,804.0,119,1,0,1,Pedestrian
12,442.0,666.0,496.0,804.0,120,1,0,1,Pedestrian
12,442.0,666.0,496.0,804.0,121,1,0,1,Pedestrian
12,442.0,666.0,496.0,804.0,122,1,0,1,Pedestrian
12,442.0,666.0,496.0,804.0,123,1,0,1,Pedestrian
12,442.0,666.0,496.0,804.0,124,1,0,1,Pedestrian
12,442.0,666.0,496.0,804.0,125,1,0,1,Pedestrian
12,442.0,666.0,496.0,804.0,126,1,0,1,Pedestrian
12,442.0,666.0,496.0,804.0,127,1,0,1,Pedestrian
12,442.0,666.0,496.0,804.0,128,1,0,1,Pedestrian
12,442.0,666.0,496.0,804.0,129,1,0,1,Pedestrian
12,442.0,666.0,496.0,804.0,130,1,0,1,Pedestrian
12,442.0,666.0,496.0,804.0,131,1,0,1,Pedestrian
12,442.0,666.0,496.0,804.0,132,1,0,1,Pedestrian
12,442.0,666.0,496.0,804.0,133,1,0,1,Pedestrian
12,442.0,666.0,496.0,804.0,134,1,0,1,Pedestrian
12,442.0,666.0,496.0,804.0,135,1,0,1,Pedestrian
12,442.0,666.0,496.0,804.0,136,1,0,1,Pedestrian
12,442.0,666.0,496.0,804.0,137,1,0,1,Pedestrian
12,442.0,666.0,496.0,804.0,138,1,0,1,Pedestrian
12,442.0,666.0,496.0,804.0,139,1,0,1,Pedestrian
12,442.0,666.0,496.0,804.0,140,1,0,1,Pedestrian
12,442.0,666.0,496.0,804.0,141,1,0,1,Pedestrian
12,442.0,666.0,496.0,804.0,142,1,0,1,Pedestrian
12,442.0,666.0,496.0,804.0,143,1,0,1,Pedestrian
12,442.0,666.0,496.0,804.0,144,1,0,1,Pedestrian
12,442.0,666.0,496.0,804.0,145,1,0,1,Pedestrian
12,442.0,666.0,496.0,804.0,146,1,0,1,Pedestrian
12,442.0,666.0,496.0,804.0,147,1,0,1,Pedestrian
12,442.0,666.0,496.0,804.0,148,1,0,1,Pedestrian
12,442.0,666.0,496.0,804.0,149,1,0,1,Pedestrian
12,442.0,666.0,496.0,804.0,150,1,0,1,Pedestrian
12,442.0,666.0,496.0,804.0,151,1,0,1,Pedestrian
12,442.0,666.0,496.0,804.0,152,1,0,1,Pedestrian
12,442.0,666.0,496.0,804.0,153,1,0,1,Pedestrian
12,442.0,666.0,496.0,804.0,154,1,0,1,Pedestrian
12,442.0,666.0,496.0,804.0,155,1,0,1,Pedestrian
12,442.0,666.0,496.0,804.0,156,1,0,1,Pedestrian
12,442.0,666.0,496.0,804.0,157,1,0,1,Pedestrian
12,442.0,666.0,496.0,804.0,158,1,0,1,Pedestrian
12,442.0,666.0,496.0,804.0,159,1,0,1,Pedestrian
12,442.0,666.0,496.0,804.0,160,1,0,1,Pedestrian
12,442.0,666.0,496.0,804.0,161,1,0,1,Pedestrian
12,442.0,666.0,496.0,804.0,162,1,0,1,Pedestrian
12,442.0,666.0,496.0,804.0,163,1,0,1,Pedestrian
12,442.0,666.0,496.0,804.0,164,1,0,1,Pedestrian
12,442.0,666.0,496.0,804.0,165,1,0,1,Pedestrian
12,442.0,666.0,496.0,804.0,166,1,0,1,Pedestrian
12,442.0,666.0,496.0,804.0,167,1,0,1,Pedestrian
12,442.0,666.0,496.0,804.0,168,1,0,1,Pedestrian
12,442.0,666.0,496.0,804.0,169,1,0,1,Pedestrian
12,442.0,666.0,496.0,804.0,170,1,0,1,Pedestrian
12,442.0,666.0,496.0,804.0,171,1,0,1,Pedestrian
12,442.0,666.0,496.0,804.0,172,1,0,1,Pedestrian
12,442.0,666.0,496.0,804.0,173,1,0,1,Pedestrian
12,442.0,666.0,496.0,804.0,174,1,0,1,Pedestrian
12,442.0,666.0,496.0,804.0,175,1,0,1,Pedestrian
12,442.0,666.0,496.0,804.0,176,1,0,1,Pedestrian
12,442.0,666.0,496.0,804.0,177,1,0,1,Pedestrian
12,442.0,666.0,496.0,804.0,178,1,0,1,Pedestrian
12,442.0,666.0,496.0,804.0,179,1,0,1,Pedestrian
12,442.0,666.0,496.0,804.0,180,1,0,1,Pedestrian
12,442.0,666.0,496.0,804.0,181,1,0,1,Pedestrian
12,442.0,666.0,496.0,804.0,182,1,0,1,Pedestrian
12,442.0,666.0,496.0,804.0,183,1,0,1,Pedestrian
12,442.0,666.0,496.0,804.0,184,1,0,1,Pedestrian
12,442.0,666.0,496.0,804.0,185,1,0,1,Pedestrian
12,442.0,666.0,496.0,804.0,186,1,0,1,Pedestrian
12,442.0,666.0,496.0,804.0,187,1,0,1,Pedestrian
12,442.0,666.0,496.0,804.0,188,1,0,1,Pedestrian
12,442.0,666.0,496.0,804.0,189,1,0,1,Pedestrian
12,442.0,666.0,496.0,804.0,190,1,0,1,Pedestrian
12,442.0,666.0,496.0,804.0,191,1,0,1,Pedestrian
12,442.0,666.0,496.0,804.0,192,1,0,1,Pedestrian
12,442.0,666.0,496.0,804.0,193,1,0,1,Pedestrian
12,442.0,666.0,496.0,804.0,194,1,0,1,Pedestrian
12,442.0,666.0,496.0,804.0,195,1,0,1,Pedestrian
12,442.0,666.0,496.0,804.0,196,1,0,1,Pedestrian
12,442.0,666.0,496.0,804.0,197,1,0,1,Pedestrian
12,442.0,666.0,496.0,804.0,198,1,0,1,Pedestrian
12,442.0,666.0,496.0,804.0,199,1,0,1,Pedestrian
12,442.0,666.0,496.0,804.0,200,1,0,1,Pedestrian
12,442.0,666.0,496.0,804.0,201,1,0,1,Pedestrian
12,442.0,666.0,496.0,804.0,202,1,0,1,Pedestrian
12,442.0,666.0,496.0,804.0,203,1,0,1,Pedestrian
12,442.0,666.0,496.0,804.0,204,1,0,1,Pedestrian
12,442.0,666.0,496.0,804.0,205,1,0,1,Pedestrian
12,442.0,666.0,496.0,804.0,206,1,0,1,Pedestrian
12,442.0,666.0,496.0,804.0,207,1,0,1,Pedestrian
12,442.0,666.0,496.0,804.0,208,1,0,1,Pedestrian
12,442.0,666.0,496.0,804.0,209,1,0,1,Pedestrian
12,442.0,666.0,496.0,804.0,210,1,0,1,Pedestrian
12,442.0,666.0,496.0,804.0,211,1,0,1,Pedestrian
12,442.0,666.0,496.0,804.0,212,1,0,1,Pedestrian
12,442.0,666.0,496.0,804.0,213,1,0,1,Pedestrian
12,442.0,666.0,496.0,804.0,214,1,0,1,Pedestrian
12,442.0,666.0,496.0,804.0,215,1,0,1,Pedestrian
12,442.0,666.0,496.0,804.0,216,1,0,1,Pedestrian
12,442.0,666.0,496.0,804.0,217,1,0,1,Pedestrian
12,442.0,666.0,496.0,804.0,218,1,0,1,Pedestrian
12,442.0,666.0,496.0,804.0,219,1,0,1,Pedestrian
12,442.0,666.0,496.0,804.0,220,1,0,1,Pedestrian
12,442.0,666.0,496.0,804.0,221,1,0,1,Pedestrian
12,442.0,666.0,496.0,804.0,222,1,0,1,Pedestrian
12,442.0,666.0,496.0,804.0,223,1,0,1,Pedestrian
12,442.0,666.0,496.0,804.0,224,1,0,1,Pedestrian
12,442.0,666.0,496.0,804.0,225,1,0,1,Pedestrian
12,442.0,666.0,496.0,804.0,226,1,0,1,Pedestrian
12,442.0,666.0,496.0,804.0,227,1,0,1,Pedestrian
12,442.0,666.0,496.0,804.0,228,1,0,1,Pedestrian
12,442.0,666.0,496.0,804.0,229,1,0,1,Pedestrian
12,442.0,666.0,496.0,804.0,230,1,0,1,Pedestrian
12,442.0,666.0,496.0,804.0,231,1,0,1,Pedestrian
12,442.0,666.0,496.0,804.0,232,1,0,1,Pedestrian
12,442.0,666.0,496.0,804.0,233,1,0,1,Pedestrian
12,442.0,666.0,496.0,804.0,234,1,0,1,Pedestrian
12,442.0,666.0,496.0,804.0,235,1,0,1,Pedestrian
12,442.0,666.0,496.0,804.0,236,1,0,1,Pedestrian
12,442.0,666.0,496.0,804.0,237,1,0,1,Pedestrian
12,442.0,666.0,496.0,804.0,238,1,0,1,Pedestrian
12,442.0,666.0,496.0,804.0,239,1,0,1,Pedestrian
12,442.0,666.0,496.0,804.0,240,1,0,1,Pedestrian
12,442.0,666.0,496.0,804.0,241,1,0,1,Pedestrian
12,442.0,666.0,496.0,804.0,242,1,0,1,Pedestrian
12,442.0,666.0,496.0,804.0,243,1,0,1,Pedestrian
12,442.0,666.0,496.0,804.0,244,1,0,1,Pedestrian
12,442.0,666.0,496.0,804.0,245,1,0,1,Pedestrian
12,442.0,666.0,496.0,804.0,246,1,0,1,Pedestrian
12,442.0,666.0,496.0,804.0,247,1,0,1,Pedestrian
12,442.0,666.0,496.0,804.0,248,1,0,1,Pedestrian
12,442.0,666.0,496.0,804.0,249,1,0,1,Pedestrian
12,442.0,666.0,496.0,804.0,250,1,0,1,Pedestrian
12,442.0,666.0,496.0,804.0,251,1,0,1,Pedestrian
12,442.0,666.0,496.0,804.0,252,1,0,1,Pedestrian
12,442.0,666.0,496.0,804.0,253,1,0,1,Pedestrian
12,442.0,666.0,496.0,804.0,254,1,0,1,Pedestrian
12,442.0,666.0,496.0,804.0,255,1,0,1,Pedestrian
12,442.0,666.0,496.0,804.0,256,1,0,1,Pedestrian
12,442.0,666.0,496.0,804.0,257,1,0,1,Pedestrian
12,442.0,666.0,496.0,804.0,258,1,0,1,Pedestrian
12,442.0,666.0,496.0,804.0,259,1,0,1,Pedestrian
12,442.0,666.0,496.0,804.0,260,1,0,1,Pedestrian
12,442.0,666.0,496.0,804.0,261,1,0,1,Pedestrian
12,442.0,666.0,496.0,804.0,262,1,0,1,Pedestrian
12,442.0,666.0,496.0,804.0,263,1,0,1,Pedestrian
12,442.0,666.0,496.0,804.0,264,1,0,1,Pedestrian
12,442.0,666.0,496.0,804.0,265,1,0,1,Pedestrian
12,442.0,666.0,496.0,804.0,266,1,0,1,Pedestrian
12,442.0,666.0,496.0,804.0,267,1,0,1,Pedestrian
12,442.0,666.0,496.0,804.0,268,1,0,1,Pedestrian
12,442.0,666.0,496.0,804.0,269,1,0,1,Pedestrian
12,442.0,666.0,496.0,804.0,270,1,0,1,Pedestrian
12,442.0,666.0,496.0,804.0,271,1,0,1,Pedestrian
12,442.0,666.0,496.0,804.0,272,1,0,1,Pedestrian
12,442.0,666.0,496.0,804.0,273,1,0,1,Pedestrian
12,442.0,666.0,496.0,804.0,274,1,0,1,Pedestrian
12,442.0,666.0,496.0,804.0,275,1,0,1,Pedestrian
12,442.0,666.0,496.0,804.0,276,1,0,1,Pedestrian
12,442.0,666.0,496.0,804.0,277,1,0,1,Pedestrian
12,442.0,666.0,496.0,804.0,278,1,0,1,Pedestrian
12,442.0,666.0,496.0,804.0,279,1,0,1,Pedestrian
12,442.0,666.0,496.0,804.0,280,1,0,1,Pedestrian
12,442.0,666.0,496.0,804.0,281,1,0,1,Pedestrian
12,442.0,666.0,496.0,804.0,282,1,0,1,Pedestrian
12,442.0,666.0,496.0,804.0,283,1,0,1,Pedestrian
12,442.0,666.0,496.0,804.0,284,1,0,1,Pedestrian
12,442.0,666.0,496.0,804.0,285,1,0,1,Pedestrian
12,442.0,666.0,496.0,804.0,286,1,0,1,Pedestrian
12,442.0,666.0,496.0,804.0,287,1,0,1,Pedestrian
12,442.0,666.0,496.0,804.0,288,1,0,1,Pedestrian
12,442.0,666.0,496.0,804.0,289,1,0,1,Pedestrian
12,442.0,666.0,496.0,804.0,290,1,0,1,Pedestrian
12,442.0,666.0,496.0,804.0,291,1,0,1,Pedestrian
12,442.0,666.0,496.0,804.0,292,1,0,1,Pedestrian
12,442.0,666.0,496.0,804.0,293,1,0,1,Pedestrian
12,442.0,666.0,496.0,804.0,294,1,0,1,Pedestrian
12,442.0,666.0,496.0,804.0,295,1,0,1,Pedestrian
12,442.0,666.0,496.0,804.0,296,1,0,1,Pedestrian
12,442.0,666.0,496.0,804.0,297,1,0,1,Pedestrian
12,442.0,666.0,496.0,804.0,298,1,0,1,Pedestrian
12,442.0,666.0,496.0,804.0,299,1,0,1,Pedestrian
12,442.0,666.0,496.0,804.0,300,1,0,1,Pedestrian
12,442.0,666.0,496.0,804.0,301,1,0,1,Pedestrian
12,442.0,666.0,496.0,804.0,302,1,0,1,Pedestrian
12,442.0,666.0,496.0,804.0,303,1,0,1,Pedestrian
12,442.0,666.0,496.0,804.0,304,1,0,1,Pedestrian
12,442.0,666.0,496.0,804.0,305,1,0,1,Pedestrian
12,442.0,666.0,496.0,804.0,306,1,0,1,Pedestrian
12,442.0,666.0,496.0,804.0,307,1,0,1,Pedestrian
12,442.0,666.0,496.0,804.0,308,1,0,1,Pedestrian
12,442.0,666.0,496.0,804.0,309,1,0,1,Pedestrian
12,442.0,666.0,496.0,804.0,310,1,0,1,Pedestrian
12,442.0,666.0,496.0,804.0,311,1,0,1,Pedestrian
12,442.0,666.0,496.0,804.0,312,1,0,1,Pedestrian
12,442.0,666.0,496.0,804.0,313,1,0,1,Pedestrian
12,442.0,666.0,496.0,804.0,314,1,0,1,Pedestrian
12,442.0,666.0,496.0,804.0,315,1,0,1,Pedestrian
12,442.0,666.0,496.0,804.0,316,1,0,1,Pedestrian
12,442.0,666.0,496.0,804.0,317,1,0,1,Pedestrian
12,442.0,666.0,496.0,804.0,318,1,0,1,Pedestrian
12,442.0,666.0,496.0,804.0,319,1,0,1,Pedestrian
12,442.0,666.0,496.0,804.0,320,1,0,1,Pedestrian
12,442.0,666.0,496.0,804.0,321,1,0,1,Pedestrian
12,442.0,666.0,496.0,804.0,322,1,0,1,Pedestrian
12,442.0,666.0,496.0,804.0,323,1,0,1,Pedestrian
12,442.0,666.0,496.0,804.0,324,1,0,1,Pedestrian
12,442.0,666.0,496.0,804.0,325,1,0,1,Pedestrian
12,442.0,666.0,496.0,804.0,326,1,0,1,Pedestrian
12,442.0,666.0,496.0,804.0,327,1,0,1,Pedestrian
12,442.0,666.0,496.0,804.0,328,1,0,1,Pedestrian
12,442.0,666.0,496.0,804.0,329,1,0,1,Pedestrian
12,442.0,666.0,496.0,804.0,330,1,0,1,Pedestrian
12,442.0,666.0,496.0,804.0,331,1,0,1,Pedestrian
12,442.0,666.0,496.0,804.0,332,1,0,1,Pedestrian
12,442.0,666.0,496.0,804.0,333,1,0,1,Pedestrian
12,442.0,666.0,496.0,804.0,334,1,0,1,Pedestrian
12,442.0,666.0,496.0,804.0,335,1,0,1,Pedestrian
12,442.0,666.0,496.0,804.0,336,1,0,1,Pedestrian
12,442.0,666.0,496.0,804.0,337,1,0,1,Pedestrian
12,442.0,666.0,496.0,804.0,338,1,0,1,Pedestrian
12,442.0,666.0,496.0,804.0,339,1,0,1,Pedestrian
12,442.0,666.0,496.0,804.0,340,1,0,1,Pedestrian
12,442.0,666.0,496.0,804.0,341,1,0,1,Pedestrian
12,442.0,666.0,496.0,804.0,342,1,0,1,Pedestrian
12,442.0,666.0,496.0,804.0,343,1,0,1,Pedestrian
12,442.0,666.0,496.0,804.0,344,1,0,1,Pedestrian
12,442.0,666.0,496.0,804.0,345,1,0,1,Pedestrian
12,442.0,666.0,496.0,804.0,346,1,0,1,Pedestrian
12,442.0,666.0,496.0,804.0,347,1,0,1,Pedestrian
12,442.0,666.0,496.0,804.0,348,1,0,1,Pedestrian
12,442.0,666.0,496.0,804.0,349,1,0,1,Pedestrian
12,442.0,666.0,496.0,804.0,350,1,0,1,Pedestrian
12,442.0,666.0,496.0,804.0,351,1,0,1,Pedestrian
12,442.0,666.0,496.0,804.0,352,1,0,1,Pedestrian
12,442.0,666.0,496.0,804.0,353,1,0,1,Pedestrian
12,442.0,666.0,496.0,804.0,354,1,0,1,Pedestrian
12,442.0,666.0,496.0,804.0,355,1,0,1,Pedestrian
12,442.0,666.0,496.0,804.0,356,1,0,1,Pedestrian
12,442.0,666.0,496.0,804.0,357,1,0,1,Pedestrian
12,442.0,666.0,496.0,804.0,358,1,0,1,Pedestrian
12,442.0,666.0,496.0,804.0,359,1,0,1,Pedestrian
12,442.0,666.0,496.0,804.0,360,1,0,1,Pedestrian
12,442.0,666.0,496.0,804.0,361,1,0,1,Pedestrian
12,442.0,666.0,496.0,804.0,362,1,0,1,Pedestrian
12,442.0,666.0,496.0,804.0,363,1,0,1,Pedestrian
12,442.0,666.0,496.0,804.0,364,1,0,1,Pedestrian
12,442.0,666.0,496.0,804.0,365,1,0,1,Pedestrian
12,442.0,666.0,496.0,804.0,366,1,0,1,Pedestrian
12,442.0,666.0,496.0,804.0,367,1,0,1,Pedestrian
12,442.0,666.0,496.0,804.0,368,1,0,1,Pedestrian
12,442.0,666.0,496.0,804.0,369,1,0,1,Pedestrian
12,442.0,666.0,496.0,804.0,370,1,0,1,Pedestrian
12,442.0,666.0,496.0,804.0,371,1,0,1,Pedestrian
12,442.0,666.0,496.0,804.0,372,1,0,1,Pedestrian
12,442.0,666.0,496.0,804.0,373,1,0,1,Pedestrian
12,442.0,666.0,496.0,804.0,374,1,0,1,Pedestrian
12,442.0,666.0,496.0,804.0,375,1,0,1,Pedestrian
12,442.0,666.0,496.0,804.0,376,1,0,1,Pedestrian
12,442.0,666.0,496.0,804.0,377,1,0,1,Pedestrian
12,442.0,666.0,496.0,804.0,378,1,0,1,Pedestrian
12,442.0,666.0,496.0,804.0,379,1,0,1,Pedestrian
12,442.0,666.0,496.0,804.0,380,1,0,1,Pedestrian
12,442.0,666.0,496.0,804.0,381,1,0,1,Pedestrian
12,442.0,666.0,496.0,804.0,382,1,0,1,Pedestrian
12,442.0,666.0,496.0,804.0,383,1,0,1,Pedestrian
12,442.0,666.0,496.0,804.0,384,1,0,1,Pedestrian
12,442.0,666.0,496.0,804.0,385,1,0,1,Pedestrian
12,442.0,666.0,496.0,804.0,386,1,0,1,Pedestrian
12,442.0,666.0,496.0,804.0,387,1,0,1,Pedestrian
12,442.0,666.0,496.0,804.0,388,1,0,1,Pedestrian
12,442.0,666.0,496.0,804.0,389,1,0,1,Pedestrian
12,442.0,666.0,496.0,804.0,390,1,0,1,Pedestrian
12,442.0,666.0,496.0,804.0,391,1,0,1,Pedestrian
12,442.0,666.0,496.0,804.0,392,1,0,1,Pedestrian
12,442.0,666.0,496.0,804.0,393,1,0,1,Pedestrian
12,442.0,666.0,496.0,804.0,394,1,0,1,Pedestrian
12,442.0,666.0,496.0,804.0,395,1,0,1,Pedestrian
12,442.0,666.0,496.0,804.0,396,1,0,1,Pedestrian
12,442.0,666.0,496.0,804.0,397,1,0,1,Pedestrian
12,442.0,666.0,496.0,804.0,398,1,0,1,Pedestrian
12,442.0,666.0,496.0,804.0,399,1,0,1,Pedestrian
12,442.0,666.0,496.0,804.0,400,1,0,1,Pedestrian
12,442.0,666.0,496.0,804.0,401,1,0,1,Pedestrian
12,442.0,666.0,496.0,804.0,402,1,0,1,Pedestrian
12,442.0,666.0,496.0,804.0,403,1,0,1,Pedestrian
12,442.0,666.0,496.0,804.0,404,1,0,1,Pedestrian
12,442.0,666.0,496.0,804.0,405,1,0,1,Pedestrian
12,442.0,666.0,496.0,804.0,406,1,0,1,Pedestrian
12,442.0,666.0,496.0,804.0,407,1,0,1,Pedestrian
12,442.0,666.0,496.0,804.0,408,1,0,1,Pedestrian
12,442.0,666.0,496.0,804.0,409,1,0,1,Pedestrian
12,442.0,666.0,496.0,804.0,410,1,0,1,Pedestrian
12,442.0,666.0,496.0,804.0,411,1,0,1,Pedestrian
12,442.0,666.0,496.0,804.0,412,1,0,1,Pedestrian
12,442.0,666.0,496.0,804.0,413,1,0,1,Pedestrian
12,442.0,666.0,496.0,804.0,414,1,0,1,Pedestrian
12,442.0,666.0,496.0,804.0,415,1,0,1,Pedestrian
12,442.0,666.0,496.0,804.0,416,1,0,1,Pedestrian
12,442.0,666.0,496.0,804.0,417,1,0,1,Pedestrian
12,442.0,666.0,496.0,804.0,418,1,0,1,Pedestrian
12,442.0,666.0,496.0,804.0,419,1,0,1,Pedestrian
12,442.0,666.0,496.0,804.0,420,1,0,1,Pedestrian
12,442.0,666.0,496.0,804.0,421,1,0,1,Pedestrian
12,442.0,666.0,496.0,804.0,422,1,0,1,Pedestrian
12,442.0,666.0,496.0,804.0,423,1,0,1,Pedestrian
12,442.0,666.0,496.0,804.0,424,1,0,1,Pedestrian
12,442.0,666.0,496.0,804.0,425,1,0,1,Pedestrian
12,442.0,666.0,496.0,804.0,426,1,0,1,Pedestrian
12,442.0,666.0,496.0,804.0,427,1,0,1,Pedestrian
12,442.0,666.0,496.0,804.0,428,1,0,1,Pedestrian
12,442.0,666.0,496.0,804.0,429,1,0,1,Pedestrian
12,442.0,666.0,496.0,804.0,430,1,0,1,Pedestrian
12,442.0,666.0,496.0,804.0,431,1,0,1,Pedestrian
12,442.0,666.0,496.0,804.0,432,1,0,1,Pedestrian
12,442.0,666.0,496.0,804.0,433,1,0,1,Pedestrian
12,442.0,666.0,496.0,804.0,434,1,0,1,Pedestrian
12,442.0,666.0,496.0,804.0,435,1,0,1,Pedestrian
12,442.0,666.0,496.0,804.0,436,1,0,1,Pedestrian
12,442.0,666.0,496.0,804.0,437,1,0,1,Pedestrian
12,442.0,666.0,496.0,804.0,438,1,0,1,Pedestrian
12,442.0,666.0,496.0,804.0,439,1,0,1,Pedestrian
12,442.0,666.0,496.0,804.0,440,1,0,1,Pedestrian
12,442.0,666.0,496.0,804.0,441,1,0,1,Pedestrian
12,442.0,666.0,496.0,804.0,442,1,0,1,Pedestrian
12,442.0,666.0,496.0,804.0,443,1,0,1,Pedestrian
12,442.0,666.0,496.0,804.0,444,1,0,1,Pedestrian
12,442.0,666.0,496.0,804.0,445,1,0,1,Pedestrian
12,442.0,666.0,496.0,804.0,446,1,0,1,Pedestrian
12,442.0,666.0,496.0,804.0,447,1,0,1,Pedestrian
12,442.0,666.0,496.0,804.0,448,1,0,1,Pedestrian
12,442.0,666.0,496.0,804.0,449,1,0,1,Pedestrian
12,442.0,666.0,496.0,804.0,450,1,0,1,Pedestrian
12,442.0,666.0,496.0,804.0,451,1,0,1,Pedestrian
12,442.0,666.0,496.0,804.0,452,1,0,1,Pedestrian
12,442.0,666.0,496.0,804.0,453,1,0,1,Pedestrian
12,442.0,666.0,496.0,804.0,454,1,0,1,Pedestrian
12,442.0,666.0,496.0,804.0,455,1,0,1,Pedestrian
12,442.0,666.0,496.0,804.0,456,1,0,1,Pedestrian
12,442.0,666.0,496.0,804.0,457,1,0,1,Pedestrian
12,442.0,666.0,496.0,804.0,458,1,0,1,Pedestrian
12,442.0,666.0,496.0,804.0,459,1,0,1,Pedestrian
12,442.0,666.0,496.0,804.0,460,1,0,1,Pedestrian
12,442.0,666.0,496.0,804.0,461,1,0,1,Pedestrian
12,442.0,666.0,496.0,804.0,462,1,0,1,Pedestrian
12,442.0,666.0,496.0,804.0,463,1,0,1,Pedestrian
12,442.0,666.0,496.0,804.0,464,1,0,1,Pedestrian
12,442.0,666.0,496.0,804.0,465,1,0,1,Pedestrian
12,442.0,666.0,496.0,804.0,466,1,0,1,Pedestrian
12,442.0,666.0,496.0,804.0,467,1,0,1,Pedestrian
12,442.0,666.0,496.0,804.0,468,1,0,1,Pedestrian
12,442.0,666.0,496.0,804.0,469,1,0,1,Pedestrian
12,442.0,666.0,496.0,804.0,470,1,0,1,Pedestrian
12,442.0,666.0,496.0,804.0,471,1,0,1,Pedestrian
12,442.0,666.0,496.0,804.0,472,1,0,1,Pedestrian
12,442.0,666.0,496.0,804.0,473,1,0,1,Pedestrian
12,442.0,666.0,496.0,804.0,474,1,0,1,Pedestrian
12,442.0,666.0,496.0,804.0,475,1,0,1,Pedestrian
12,442.0,666.0,496.0,804.0,476,1,0,1,Pedestrian
12,442.0,666.0,496.0,804.0,477,1,0,1,Pedestrian
12,442.0,666.0,496.0,804.0,478,1,0,1,Pedestrian
12,442.0,666.0,496.0,804.0,479,1,0,1,Pedestrian
12,442.0,666.0,496.0,804.0,480,1,0,1,Pedestrian
12,442.0,666.0,496.0,804.0,481,1,0,1,Pedestrian
12,442.0,666.0,496.0,804.0,482,1,0,1,Pedestrian
12,442.0,666.0,496.0,804.0,483,1,0,1,Pedestrian
12,442.0,666.0,496.0,804.0,484,1,0,1,Pedestrian
12,442.0,666.0,496.0,804.0,485,1,0,1,Pedestrian
12,442.0,666.0,496.0,804.0,486,1,0,1,Pedestrian
12,442.0,666.0,496.0,804.0,487,1,0,1,Pedestrian
12,442.0,666.0,496.0,804.0,488,1,0,1,Pedestrian
12,442.0,666.0,496.0,804.0,489,1,0,1,Pedestrian
12,442.0,666.0,496.0,804.0,490,1,0,1,Pedestrian
12,442.0,666.0,496.0,804.0,491,1,0,1,Pedestrian
12,442.0,666.0,496.0,804.0,492,1,0,1,Pedestrian
12,442.0,666.0,496.0,804.0,493,1,0,1,Pedestrian
12,442.0,666.0,496.0,804.0,494,1,0,1,Pedestrian
12,442.0,666.0,496.0,804.0,495,1,0,1,Pedestrian
12,442.0,666.0,496.0,804.0,496,1,0,1,Pedestrian
12,442.0,666.0,496.0,804.0,497,1,0,1,Pedestrian
12,442.0,666.0,496.0,804.0,498,1,0,1,Pedestrian
12,442.0,666.0,496.0,804.0,499,1,0,1,Pedestrian
12,442.0,666.0,496.0,804.0,500,1,0,1,Pedestrian
12,442.0,666.0,496.0,804.0,501,1,0,1,Pedestrian
12,442.0,666.0,496.0,804.0,502,1,0,1,Pedestrian
12,442.0,666.0,496.0,804.0,503,1,0,1,Pedestrian
12,442.0,666.0,496.0,804.0,504,1,0,1,Pedestrian
12,442.0,666.0,496.0,804.0,505,1,0,1,Pedestrian
12,442.0,666.0,496.0,804.0,506,1,0,1,Pedestrian
12,442.0,666.0,496.0,804.0,507,1,0,1,Pedestrian
12,442.0,666.0,496.0,804.0,508,1,0,1,Pedestrian
12,442.0,666.0,496.0,804.0,509,1,0,1,Pedestrian
12,442.0,666.0,496.0,804.0,510,1,0,1,Pedestrian
12,442.0,666.0,496.0,804.0,511,1,0,1,Pedestrian
12,442.0,666.0,496.0,804.0,512,1,0,1,Pedestrian
12,442.0,666.0,496.0,804.0,513,1,0,1,Pedestrian
12,442.0,666.0,496.0,804.0,514,1,0,1,Pedestrian
12,442.0,666.0,496.0,804.0,515,1,0,1,Pedestrian
12,442.0,666.0,496.0,804.0,516,1,0,1,Pedestrian
12,442.0,666.0,496.0,804.0,517,1,0,1,Pedestrian
12,442.0,666.0,496.0,804.0,518,1,0,1,Pedestrian
12,442.0,666.0,496.0,804.0,519,1,0,1,Pedestrian
12,442.0,666.0,496.0,804.0,520,1,0,1,Pedestrian
12,442.0,666.0,496.0,804.0,521,1,0,1,Pedestrian
12,442.0,666.0,496.0,804.0,522,1,0,1,Pedestrian
12,442.0,666.0,496.0,804.0,523,1,0,1,Pedestrian
12,442.0,666.0,496.0,804.0,524,1,0,1,Pedestrian
12,442.0,666.0,496.0,804.0,525,1,0,1,Pedestrian
12,442.0,666.0,496.0,804.0,526,1,0,1,Pedestrian
12,442.0,666.0,496.0,804.0,527,1,0,1,Pedestrian
12,442.0,666.0,496.0,804.0,528,1,0,1,Pedestrian
12,442.0,666.0,496.0,804.0,529,1,0,1,Pedestrian
12,442.0,666.0,496.0,804.0,530,1,0,1,Pedestrian
12,442.0,666.0,496.0,804.0,531,0,0,0,Pedestrian
13,566.0,0.0,607.0,52.0,0,1,0,0,Pedestrian
13,566.0,0.0,607.0,48.0,1,1,0,1,Pedestrian
13,566.0,0.0,607.0,48.0,2,1,0,1,Pedestrian
13,566.0,0.0,607.0,48.0,3,1,0,1,Pedestrian
13,566.0,0.0,607.0,48.0,4,1,0,1,Pedestrian
13,566.0,0.0,607.0,48.0,5,1,0,1,Pedestrian
13,566.0,0.0,607.0,48.0,6,1,0,1,Pedestrian
13,566.0,0.0,607.0,48.0,7,1,0,1,Pedestrian
13,566.0,0.0,607.0,48.0,8,1,0,1,Pedestrian
13,566.0,0.0,607.0,48.0,9,1,0,1,Pedestrian
13,566.0,0.0,607.0,48.0,10,1,0,1,Pedestrian
13,566.0,0.0,607.0,48.0,11,1,0,1,Pedestrian
13,566.0,0.0,607.0,48.0,12,1,0,1,Pedestrian
13,566.0,0.0,607.0,48.0,13,1,0,1,Pedestrian
13,566.0,0.0,607.0,48.0,14,1,0,1,Pedestrian
13,566.0,0.0,607.0,48.0,15,1,0,1,Pedestrian
13,566.0,0.0,607.0,48.0,16,1,0,1,Pedestrian
13,566.0,0.0,607.0,48.0,17,1,0,1,Pedestrian
13,566.0,0.0,607.0,48.0,18,1,0,1,Pedestrian
13,566.0,0.0,607.0,48.0,19,1,0,1,Pedestrian
13,566.0,0.0,607.0,48.0,20,1,0,1,Pedestrian
13,566.0,0.0,607.0,48.0,21,1,0,1,Pedestrian
13,566.0,0.0,607.0,48.0,22,1,0,1,Pedestrian
13,566.0,0.0,607.0,48.0,23,1,0,1,Pedestrian
13,566.0,0.0,607.0,48.0,24,1,0,1,Pedestrian
13,566.0,0.0,607.0,48.0,25,1,0,1,Pedestrian
13,566.0,0.0,607.0,48.0,26,1,0,1,Pedestrian
13,566.0,0.0,607.0,48.0,27,1,0,1,Pedestrian
13,566.0,0.0,607.0,48.0,28,1,0,1,Pedestrian
13,566.0,0.0,607.0,48.0,29,1,0,1,Pedestrian
13,566.0,0.0,607.0,48.0,30,1,0,1,Pedestrian
13,566.0,0.0,607.0,48.0,31,1,0,1,Pedestrian
13,566.0,0.0,607.0,48.0,32,1,0,1,Pedestrian
13,566.0,0.0,607.0,48.0,33,1,0,1,Pedestrian
13,566.0,0.0,607.0,48.0,34,1,0,1,Pedestrian
13,566.0,0.0,607.0,48.0,35,1,0,1,Pedestrian
13,566.0,0.0,607.0,48.0,36,1,0,1,Pedestrian
13,566.0,0.0,607.0,48.0,37,1,0,1,Pedestrian
13,566.0,0.0,607.0,48.0,38,1,0,1,Pedestrian
13,566.0,0.0,607.0,48.0,39,1,0,1,Pedestrian
13,566.0,0.0,607.0,48.0,40,1,0,1,Pedestrian
13,566.0,0.0,607.0,48.0,41,1,0,1,Pedestrian
13,566.0,0.0,607.0,48.0,42,1,0,1,Pedestrian
13,566.0,0.0,607.0,48.0,43,1,0,1,Pedestrian
13,566.0,0.0,607.0,48.0,44,1,0,1,Pedestrian
13,566.0,0.0,607.0,48.0,45,1,0,1,Pedestrian
13,566.0,0.0,607.0,48.0,46,1,0,1,Pedestrian
13,566.0,0.0,607.0,48.0,47,1,0,1,Pedestrian
13,566.0,0.0,607.0,48.0,48,1,0,1,Pedestrian
13,566.0,0.0,607.0,48.0,49,1,0,1,Pedestrian
13,566.0,0.0,607.0,48.0,50,1,0,1,Pedestrian
13,566.0,0.0,607.0,48.0,51,1,0,1,Pedestrian
13,566.0,0.0,607.0,48.0,52,1,0,1,Pedestrian
13,566.0,0.0,607.0,48.0,53,1,0,1,Pedestrian
13,566.0,0.0,607.0,48.0,54,1,0,1,Pedestrian
13,566.0,0.0,607.0,48.0,55,1,0,1,Pedestrian
13,566.0,0.0,607.0,48.0,56,1,0,1,Pedestrian
13,566.0,0.0,607.0,48.0,57,1,0,1,Pedestrian
13,566.0,0.0,607.0,48.0,58,1,0,1,Pedestrian
13,566.0,0.0,607.0,48.0,59,1,0,1,Pedestrian
13,566.0,0.0,607.0,48.0,60,1,0,1,Pedestrian
13,566.0,0.0,607.0,48.0,61,1,0,1,Pedestrian
13,566.0,0.0,607.0,48.0,62,1,0,1,Pedestrian
13,566.0,0.0,607.0,48.0,63,1,0,1,Pedestrian
13,566.0,0.0,607.0,48.0,64,1,0,1,Pedestrian
13,566.0,0.0,607.0,48.0,65,1,0,1,Pedestrian
13,566.0,0.0,607.0,48.0,66,1,0,1,Pedestrian
13,566.0,0.0,607.0,48.0,67,1,0,1,Pedestrian
13,566.0,0.0,607.0,48.0,68,1,0,1,Pedestrian
13,566.0,0.0,607.0,48.0,69,1,0,1,Pedestrian
13,566.0,0.0,607.0,48.0,70,1,0,1,Pedestrian
13,566.0,0.0,607.0,48.0,71,1,0,1,Pedestrian
13,566.0,0.0,607.0,48.0,72,1,0,1,Pedestrian
13,566.0,0.0,607.0,48.0,73,1,0,1,Pedestrian
13,566.0,0.0,607.0,48.0,74,1,0,1,Pedestrian
13,566.0,0.0,607.0,48.0,75,1,0,1,Pedestrian
13,566.0,0.0,607.0,48.0,76,1,0,1,Pedestrian
13,566.0,0.0,607.0,48.0,77,1,0,1,Pedestrian
13,566.0,0.0,607.0,48.0,78,1,0,1,Pedestrian
13,566.0,0.0,607.0,48.0,79,1,0,1,Pedestrian
13,566.0,0.0,607.0,48.0,80,1,0,1,Pedestrian
13,566.0,0.0,607.0,48.0,81,1,0,1,Pedestrian
13,566.0,0.0,607.0,48.0,82,1,0,1,Pedestrian
13,566.0,0.0,607.0,48.0,83,1,0,1,Pedestrian
13,566.0,0.0,607.0,48.0,84,1,0,1,Pedestrian
13,566.0,0.0,607.0,48.0,85,1,0,1,Pedestrian
13,566.0,0.0,607.0,48.0,86,1,0,1,Pedestrian
13,566.0,0.0,607.0,48.0,87,1,0,1,Pedestrian
13,566.0,0.0,607.0,48.0,88,1,0,1,Pedestrian
13,566.0,0.0,607.0,48.0,89,1,0,1,Pedestrian
13,566.0,0.0,607.0,48.0,90,1,0,1,Pedestrian
13,566.0,0.0,607.0,48.0,91,1,0,1,Pedestrian
13,566.0,0.0,607.0,48.0,92,1,0,1,Pedestrian
13,566.0,0.0,607.0,48.0,93,1,0,1,Pedestrian
13,566.0,0.0,607.0,48.0,94,1,0,1,Pedestrian
13,566.0,0.0,607.0,48.0,95,1,0,1,Pedestrian
13,566.0,0.0,607.0,48.0,96,1,0,1,Pedestrian
13,566.0,0.0,607.0,48.0,97,1,0,1,Pedestrian
13,566.0,0.0,607.0,48.0,98,1,0,1,Pedestrian
13,566.0,0.0,607.0,48.0,99,1,0,1,Pedestrian
13,566.0,0.0,607.0,48.0,100,1,0,1,Pedestrian
13,566.0,0.0,607.0,48.0,101,1,0,1,Pedestrian
13,566.0,0.0,607.0,48.0,102,1,0,1,Pedestrian
13,566.0,0.0,607.0,48.0,103,1,0,1,Pedestrian
13,566.0,0.0,607.0,44.0,104,1,0,1,Pedestrian
13,566.0,0.0,607.0,44.0,105,1,0,1,Pedestrian
13,566.0,0.0,607.0,44.0,106,1,0,1,Pedestrian
13,566.0,0.0,607.0,44.0,107,1,0,1,Pedestrian
13,566.0,0.0,607.0,44.0,108,1,0,1,Pedestrian
13,566.0,0.0,607.0,44.0,109,1,0,1,Pedestrian
13,566.0,0.0,607.0,44.0,110,1,0,1,Pedestrian
13,566.0,0.0,607.0,44.0,111,1,0,1,Pedestrian
13,566.0,0.0,607.0,44.0,112,1,0,1,Pedestrian
13,566.0,0.0,607.0,44.0,113,1,0,1,Pedestrian
13,566.0,0.0,607.0,44.0,114,1,0,1,Pedestrian
13,566.0,0.0,607.0,44.0,115,1,0,1,Pedestrian
13,566.0,0.0,607.0,44.0,116,1,0,1,Pedestrian
13,566.0,0.0,607.0,44.0,117,1,0,1,Pedestrian
13,566.0,0.0,607.0,44.0,118,1,0,1,Pedestrian
13,566.0,0.0,607.0,44.0,119,1,0,1,Pedestrian
13,566.0,0.0,607.0,44.0,120,1,0,1,Pedestrian
13,566.0,0.0,607.0,44.0,121,1,0,1,Pedestrian
13,566.0,0.0,607.0,44.0,122,1,0,1,Pedestrian
13,566.0,0.0,607.0,44.0,123,1,0,1,Pedestrian
13,566.0,0.0,607.0,44.0,124,1,0,1,Pedestrian
13,566.0,0.0,607.0,44.0,125,1,0,1,Pedestrian
13,566.0,0.0,607.0,44.0,126,1,0,1,Pedestrian
13,566.0,0.0,607.0,44.0,127,1,0,1,Pedestrian
13,566.0,0.0,607.0,44.0,128,1,0,1,Pedestrian
13,566.0,0.0,607.0,44.0,129,1,0,1,Pedestrian
13,566.0,0.0,607.0,44.0,130,1,0,1,Pedestrian
13,566.0,0.0,607.0,44.0,131,1,0,1,Pedestrian
13,566.0,0.0,607.0,44.0,132,1,0,1,Pedestrian
13,566.0,0.0,607.0,44.0,133,1,0,1,Pedestrian
13,566.0,0.0,607.0,44.0,134,1,0,1,Pedestrian
13,566.0,0.0,607.0,44.0,135,1,0,1,Pedestrian
13,566.0,0.0,607.0,44.0,136,1,0,1,Pedestrian
13,566.0,0.0,607.0,44.0,137,1,0,1,Pedestrian
13,566.0,0.0,607.0,44.0,138,1,0,1,Pedestrian
13,566.0,0.0,607.0,44.0,139,1,0,1,Pedestrian
13,566.0,0.0,607.0,44.0,140,1,0,1,Pedestrian
13,566.0,0.0,607.0,44.0,141,1,0,1,Pedestrian
13,566.0,0.0,607.0,44.0,142,1,0,1,Pedestrian
13,566.0,0.0,607.0,44.0,143,1,0,1,Pedestrian
13,566.0,0.0,607.0,44.0,144,1,0,1,Pedestrian
13,566.0,0.0,607.0,44.0,145,1,0,1,Pedestrian
13,566.0,0.0,607.0,44.0,146,1,0,1,Pedestrian
13,566.0,0.0,607.0,44.0,147,1,0,1,Pedestrian
13,566.0,0.0,607.0,44.0,148,1,0,1,Pedestrian
13,566.0,0.0,607.0,44.0,149,1,0,1,Pedestrian
13,566.0,0.0,607.0,44.0,150,1,0,1,Pedestrian
13,566.0,0.0,607.0,44.0,151,1,0,1,Pedestrian
13,566.0,0.0,607.0,44.0,152,1,0,1,Pedestrian
13,566.0,0.0,607.0,44.0,153,1,0,1,Pedestrian
13,566.0,0.0,607.0,44.0,154,1,0,1,Pedestrian
13,566.0,0.0,607.0,44.0,155,1,0,1,Pedestrian
13,566.0,0.0,607.0,44.0,156,1,0,1,Pedestrian
13,566.0,0.0,607.0,44.0,157,1,0,1,Pedestrian
13,566.0,0.0,607.0,44.0,158,1,0,1,Pedestrian
13,566.0,0.0,607.0,44.0,159,1,0,1,Pedestrian
13,566.0,0.0,607.0,44.0,160,1,0,1,Pedestrian
13,566.0,0.0,607.0,44.0,161,1,0,1,Pedestrian
13,566.0,0.0,607.0,44.0,162,1,0,1,Pedestrian
13,566.0,0.0,607.0,44.0,163,1,0,1,Pedestrian
13,566.0,0.0,607.0,44.0,164,1,0,1,Pedestrian
13,566.0,0.0,607.0,44.0,165,1,0,1,Pedestrian
13,566.0,0.0,607.0,44.0,166,1,0,1,Pedestrian
13,566.0,0.0,607.0,44.0,167,1,0,1,Pedestrian
13,566.0,0.0,607.0,44.0,168,1,0,1,Pedestrian
13,566.0,0.0,607.0,44.0,169,1,0,1,Pedestrian
13,566.0,0.0,607.0,44.0,170,1,0,1,Pedestrian
13,566.0,0.0,607.0,44.0,171,1,0,1,Pedestrian
13,566.0,0.0,607.0,44.0,172,1,0,1,Pedestrian
13,566.0,0.0,607.0,44.0,173,1,0,1,Pedestrian
13,566.0,0.0,607.0,44.0,174,1,0,1,Pedestrian
13,566.0,0.0,607.0,44.0,175,1,0,1,Pedestrian
13,566.0,0.0,607.0,44.0,176,1,0,1,Pedestrian
13,566.0,0.0,607.0,44.0,177,1,0,1,Pedestrian
13,566.0,0.0,607.0,44.0,178,1,0,1,Pedestrian
13,566.0,0.0,607.0,44.0,179,1,0,1,Pedestrian
13,566.0,0.0,607.0,44.0,180,1,0,1,Pedestrian
13,566.0,0.0,607.0,44.0,181,1,0,1,Pedestrian
13,566.0,0.0,607.0,44.0,182,1,0,1,Pedestrian
13,566.0,0.0,607.0,44.0,183,1,0,1,Pedestrian
13,566.0,0.0,607.0,44.0,184,1,0,1,Pedestrian
13,566.0,0.0,607.0,44.0,185,1,0,1,Pedestrian
13,566.0,0.0,607.0,44.0,186,1,0,1,Pedestrian
13,566.0,0.0,607.0,44.0,187,1,0,1,Pedestrian
13,566.0,0.0,607.0,44.0,188,1,0,1,Pedestrian
13,566.0,0.0,607.0,44.0,189,1,0,1,Pedestrian
13,566.0,0.0,607.0,44.0,190,1,0,1,Pedestrian
13,566.0,0.0,607.0,44.0,191,1,0,1,Pedestrian
13,566.0,0.0,607.0,44.0,192,1,0,1,Pedestrian
13,566.0,0.0,607.0,44.0,193,1,0,1,Pedestrian
13,566.0,0.0,607.0,44.0,194,1,0,1,Pedestrian
13,566.0,0.0,607.0,44.0,195,1,0,1,Pedestrian
13,566.0,0.0,607.0,44.0,196,1,0,1,Pedestrian
13,566.0,0.0,607.0,44.0,197,1,0,1,Pedestrian
13,566.0,0.0,607.0,44.0,198,1,0,1,Pedestrian
13,566.0,0.0,607.0,44.0,199,1,0,1,Pedestrian
13,566.0,0.0,607.0,44.0,200,1,0,1,Pedestrian
13,566.0,0.0,607.0,44.0,201,1,0,1,Pedestrian
13,566.0,0.0,607.0,44.0,202,1,0,1,Pedestrian
13,566.0,0.0,607.0,44.0,203,1,0,1,Pedestrian
13,566.0,0.0,607.0,44.0,204,1,0,1,Pedestrian
13,566.0,0.0,607.0,44.0,205,1,0,1,Pedestrian
13,566.0,0.0,607.0,44.0,206,1,0,1,Pedestrian
13,566.0,0.0,607.0,40.0,207,1,0,1,Pedestrian
13,566.0,0.0,607.0,40.0,208,1,0,1,Pedestrian
13,566.0,0.0,607.0,40.0,209,1,0,1,Pedestrian
13,566.0,0.0,607.0,40.0,210,1,0,1,Pedestrian
13,566.0,0.0,607.0,40.0,211,1,0,1,Pedestrian
13,566.0,0.0,607.0,40.0,212,1,0,1,Pedestrian
13,566.0,0.0,607.0,40.0,213,1,0,1,Pedestrian
13,566.0,0.0,607.0,40.0,214,1,0,1,Pedestrian
13,566.0,0.0,607.0,40.0,215,1,0,1,Pedestrian
13,566.0,0.0,607.0,40.0,216,1,0,1,Pedestrian
13,566.0,0.0,607.0,40.0,217,1,0,1,Pedestrian
13,566.0,0.0,607.0,40.0,218,1,0,1,Pedestrian
13,566.0,0.0,607.0,40.0,219,1,0,1,Pedestrian
13,566.0,0.0,607.0,40.0,220,1,0,1,Pedestrian
13,566.0,0.0,607.0,40.0,221,1,0,1,Pedestrian
13,566.0,0.0,607.0,40.0,222,1,0,1,Pedestrian
13,566.0,0.0,607.0,40.0,223,1,0,1,Pedestrian
13,566.0,0.0,607.0,40.0,224,1,0,1,Pedestrian
13,566.0,0.0,607.0,40.0,225,1,0,1,Pedestrian
13,566.0,0.0,607.0,40.0,226,1,0,1,Pedestrian
13,566.0,0.0,607.0,40.0,227,1,0,1,Pedestrian
13,566.0,0.0,607.0,40.0,228,1,0,1,Pedestrian
13,566.0,0.0,607.0,40.0,229,1,0,1,Pedestrian
13,566.0,0.0,607.0,40.0,230,1,0,1,Pedestrian
13,566.0,0.0,607.0,40.0,231,1,0,1,Pedestrian
13,566.0,0.0,607.0,40.0,232,1,0,1,Pedestrian
13,566.0,0.0,607.0,40.0,233,1,0,1,Pedestrian
13,566.0,0.0,607.0,40.0,234,1,0,1,Pedestrian
13,566.0,0.0,607.0,40.0,235,1,0,1,Pedestrian
13,566.0,0.0,607.0,40.0,236,1,0,1,Pedestrian
13,566.0,0.0,607.0,40.0,237,1,0,1,Pedestrian
13,566.0,0.0,607.0,40.0,238,1,0,1,Pedestrian
13,566.0,0.0,607.0,40.0,239,1,0,1,Pedestrian
13,566.0,0.0,607.0,40.0,240,1,0,1,Pedestrian
13,566.0,0.0,607.0,40.0,241,1,0,1,Pedestrian
13,566.0,0.0,607.0,40.0,242,1,0,1,Pedestrian
13,566.0,0.0,607.0,40.0,243,1,0,1,Pedestrian
13,566.0,0.0,607.0,40.0,244,1,0,1,Pedestrian
13,566.0,0.0,607.0,40.0,245,1,0,1,Pedestrian
13,566.0,0.0,607.0,40.0,246,1,0,1,Pedestrian
13,566.0,0.0,607.0,40.0,247,1,0,1,Pedestrian
13,566.0,0.0,607.0,40.0,248,1,0,1,Pedestrian
13,566.0,0.0,607.0,40.0,249,1,0,1,Pedestrian
13,566.0,0.0,607.0,40.0,250,1,0,1,Pedestrian
13,566.0,0.0,607.0,40.0,251,1,0,1,Pedestrian
13,566.0,0.0,607.0,40.0,252,1,0,1,Pedestrian
13,566.0,0.0,607.0,40.0,253,1,0,1,Pedestrian
13,566.0,0.0,607.0,40.0,254,1,0,1,Pedestrian
13,566.0,0.0,607.0,40.0,255,1,0,1,Pedestrian
13,566.0,0.0,607.0,40.0,256,1,0,1,Pedestrian
13,566.0,0.0,607.0,40.0,257,1,0,1,Pedestrian
13,566.0,0.0,607.0,40.0,258,1,0,1,Pedestrian
13,566.0,0.0,607.0,40.0,259,1,0,1,Pedestrian
13,566.0,0.0,607.0,40.0,260,1,0,1,Pedestrian
13,566.0,0.0,607.0,40.0,261,1,0,1,Pedestrian
13,566.0,0.0,607.0,40.0,262,1,0,1,Pedestrian
13,566.0,0.0,607.0,40.0,263,1,0,1,Pedestrian
13,566.0,0.0,607.0,40.0,264,1,0,1,Pedestrian
13,566.0,0.0,607.0,40.0,265,1,0,1,Pedestrian
13,566.0,0.0,607.0,40.0,266,1,0,1,Pedestrian
13,566.0,0.0,607.0,40.0,267,1,0,1,Pedestrian
13,566.0,0.0,607.0,40.0,268,1,0,1,Pedestrian
13,566.0,0.0,607.0,40.0,269,1,0,1,Pedestrian
13,566.0,0.0,607.0,40.0,270,1,0,1,Pedestrian
13,566.0,0.0,607.0,40.0,271,1,0,1,Pedestrian
13,566.0,0.0,607.0,40.0,272,1,0,1,Pedestrian
13,566.0,0.0,607.0,40.0,273,1,0,1,Pedestrian
13,566.0,0.0,607.0,40.0,274,1,0,1,Pedestrian
13,566.0,0.0,607.0,40.0,275,1,0,1,Pedestrian
13,566.0,0.0,607.0,40.0,276,1,0,1,Pedestrian
13,566.0,0.0,607.0,40.0,277,1,0,1,Pedestrian
13,566.0,0.0,607.0,40.0,278,1,0,1,Pedestrian
13,566.0,0.0,607.0,40.0,279,1,0,1,Pedestrian
13,566.0,0.0,607.0,40.0,280,1,0,1,Pedestrian
13,566.0,0.0,607.0,40.0,281,1,0,1,Pedestrian
13,566.0,0.0,607.0,40.0,282,1,0,1,Pedestrian
13,566.0,0.0,607.0,40.0,283,1,0,1,Pedestrian
13,566.0,0.0,607.0,40.0,284,1,0,1,Pedestrian
13,566.0,0.0,607.0,40.0,285,1,0,1,Pedestrian
13,566.0,0.0,607.0,40.0,286,1,0,1,Pedestrian
13,566.0,0.0,607.0,40.0,287,1,0,1,Pedestrian
13,566.0,0.0,607.0,40.0,288,1,0,1,Pedestrian
13,566.0,0.0,607.0,40.0,289,1,0,1,Pedestrian
13,566.0,0.0,607.0,40.0,290,1,0,1,Pedestrian
13,566.0,0.0,607.0,40.0,291,1,0,1,Pedestrian
13,566.0,0.0,607.0,40.0,292,1,0,1,Pedestrian
13,566.0,0.0,607.0,40.0,293,1,0,1,Pedestrian
13,566.0,0.0,607.0,40.0,294,1,0,1,Pedestrian
13,566.0,0.0,607.0,40.0,295,1,0,1,Pedestrian
13,566.0,0.0,607.0,40.0,296,1,0,1,Pedestrian
13,566.0,0.0,607.0,40.0,297,1,0,1,Pedestrian
13,566.0,0.0,607.0,40.0,298,1,0,1,Pedestrian
13,566.0,0.0,607.0,40.0,299,1,0,1,Pedestrian
13,566.0,0.0,607.0,40.0,300,1,0,1,Pedestrian
13,566.0,0.0,607.0,40.0,301,1,0,1,Pedestrian
13,566.0,0.0,607.0,40.0,302,1,0,1,Pedestrian
13,566.0,0.0,607.0,40.0,303,1,0,1,Pedestrian
13,566.0,0.0,607.0,40.0,304,1,0,1,Pedestrian
13,566.0,0.0,607.0,40.0,305,1,0,1,Pedestrian
13,566.0,0.0,607.0,40.0,306,1,0,1,Pedestrian
13,566.0,0.0,607.0,40.0,307,1,0,1,Pedestrian
13,566.0,0.0,607.0,40.0,308,1,0,1,Pedestrian
13,566.0,0.0,607.0,40.0,309,1,0,1,Pedestrian
13,568.0,0.0,609.0,40.0,310,0,0,0,Pedestrian
13,568.0,0.0,609.0,40.0,311,0,0,1,Pedestrian
13,568.0,0.0,609.0,40.0,312,0,0,1,Pedestrian
13,568.0,0.0,609.0,44.0,313,0,0,1,Pedestrian
13,568.0,0.0,609.0,44.0,314,0,0,1,Pedestrian
13,570.0,0.0,609.0,48.0,315,0,0,1,Pedestrian
13,570.0,4.0,611.0,48.0,316,0,0,1,Pedestrian
13,570.0,4.0,611.0,48.0,317,0,0,1,Pedestrian
13,570.0,4.0,611.0,52.0,318,0,0,1,Pedestrian
13,570.0,4.0,611.0,52.0,319,0,0,1,Pedestrian
13,571.0,4.0,611.0,56.0,320,0,0,1,Pedestrian
13,571.0,4.0,611.0,56.0,321,0,0,1,Pedestrian
13,571.0,8.0,613.0,60.0,322,0,0,1,Pedestrian
13,571.0,8.0,613.0,60.0,323,0,0,1,Pedestrian
13,571.0,8.0,613.0,60.0,324,0,0,1,Pedestrian
13,573.0,8.0,613.0,64.0,325,0,0,1,Pedestrian
13,573.0,8.0,613.0,64.0,326,0,0,1,Pedestrian
13,573.0,8.0,613.0,68.0,327,0,0,1,Pedestrian
13,573.0,12.0,615.0,68.0,328,0,0,1,Pedestrian
13,573.0,12.0,615.0,68.0,329,0,0,1,Pedestrian
13,575.0,12.0,615.0,72.0,330,0,0,1,Pedestrian
13,575.0,12.0,615.0,72.0,331,0,0,1,Pedestrian
13,575.0,12.0,615.0,76.0,332,0,0,1,Pedestrian
13,575.0,12.0,615.0,76.0,333,0,0,1,Pedestrian
13,577.0,16.0,616.0,80.0,334,0,0,0,Pedestrian
13,577.0,16.0,616.0,80.0,335,0,0,1,Pedestrian
13,577.0,16.0,616.0,80.0,336,0,0,1,Pedestrian
13,577.0,16.0,616.0,80.0,337,0,0,1,Pedestrian
13,577.0,16.0,616.0,80.0,338,0,0,1,Pedestrian
13,577.0,16.0,616.0,80.0,339,0,0,1,Pedestrian
13,579.0,16.0,618.0,80.0,340,0,0,1,Pedestrian
13,579.0,16.0,618.0,80.0,341,0,0,1,Pedestrian
13,579.0,16.0,618.0,80.0,342,0,0,1,Pedestrian
13,579.0,16.0,618.0,80.0,343,0,0,1,Pedestrian
13,579.0,16.0,618.0,80.0,344,0,0,1,Pedestrian
13,581.0,20.0,620.0,84.0,345,0,0,1,Pedestrian
13,581.0,20.0,620.0,84.0,346,0,0,1,Pedestrian
13,581.0,20.0,620.0,84.0,347,0,0,1,Pedestrian
13,581.0,20.0,620.0,84.0,348,0,0,1,Pedestrian
13,581.0,20.0,620.0,84.0,349,0,0,1,Pedestrian
13,583.0,20.0,622.0,84.0,350,0,0,1,Pedestrian
13,583.0,20.0,622.0,84.0,351,0,0,1,Pedestrian
13,583.0,20.0,622.0,84.0,352,0,0,1,Pedestrian
13,583.0,20.0,622.0,84.0,353,0,0,1,Pedestrian
13,583.0,20.0,622.0,84.0,354,0,0,1,Pedestrian
13,585.0,24.0,624.0,88.0,355,0,0,1,Pedestrian
13,585.0,24.0,624.0,88.0,356,0,0,1,Pedestrian
13,585.0,24.0,624.0,88.0,357,0,0,1,Pedestrian
13,585.0,24.0,624.0,88.0,358,0,0,1,Pedestrian
13,585.0,24.0,624.0,88.0,359,0,0,1,Pedestrian
13,585.0,24.0,624.0,88.0,360,0,0,1,Pedestrian
13,586.0,24.0,626.0,88.0,361,0,0,1,Pedestrian
13,586.0,24.0,626.0,88.0,362,0,0,1,Pedestrian
13,586.0,24.0,626.0,88.0,363,0,0,1,Pedestrian
13,586.0,24.0,626.0,88.0,364,0,0,1,Pedestrian
13,586.0,24.0,626.0,88.0,365,0,0,1,Pedestrian
13,588.0,28.0,628.0,92.0,366,0,0,1,Pedestrian
13,588.0,28.0,628.0,92.0,367,0,0,1,Pedestrian
13,588.0,28.0,628.0,92.0,368,0,0,1,Pedestrian
13,588.0,28.0,628.0,92.0,369,0,0,1,Pedestrian
13,588.0,28.0,628.0,92.0,370,0,0,1,Pedestrian
13,590.0,28.0,630.0,92.0,371,0,0,1,Pedestrian
13,590.0,28.0,630.0,92.0,372,0,0,1,Pedestrian
13,590.0,28.0,630.0,92.0,373,0,0,1,Pedestrian
13,590.0,28.0,630.0,92.0,374,0,0,1,Pedestrian
13,590.0,28.0,630.0,92.0,375,0,0,1,Pedestrian
13,592.0,32.0,631.0,97.0,376,0,0,0,Pedestrian
13,592.0,32.0,631.0,97.0,377,0,0,1,Pedestrian
13,592.0,32.0,631.0,97.0,378,0,0,1,Pedestrian
13,592.0,32.0,631.0,97.0,379,0,0,1,Pedestrian
13,592.0,32.0,631.0,97.0,380,0,0,1,Pedestrian
13,592.0,32.0,631.0,97.0,381,0,0,1,Pedestrian
13,592.0,32.0,631.0,97.0,382,0,0,1,Pedestrian
13,592.0,32.0,631.0,97.0,383,0,0,1,Pedestrian
13,592.0,32.0,631.0,97.0,384,0,0,1,Pedestrian
13,592.0,32.0,631.0,97.0,385,0,0,1,Pedestrian
13,592.0,32.0,631.0,97.0,386,0,0,1,Pedestrian
13,592.0,32.0,631.0,97.0,387,0,0,1,Pedestrian
13,592.0,32.0,631.0,97.0,388,1,1,0,Pedestrian
13,592.0,32.0,631.0,97.0,389,1,1,1,Pedestrian
13,592.0,32.0,631.0,97.0,390,1,1,1,Pedestrian
13,592.0,32.0,631.0,97.0,391,1,1,1,Pedestrian
13,592.0,32.0,631.0,97.0,392,1,1,1,Pedestrian
13,592.0,32.0,631.0,97.0,393,1,1,1,Pedestrian
13,592.0,32.0,631.0,97.0,394,1,1,1,Pedestrian
13,592.0,32.0,631.0,97.0,395,1,1,1,Pedestrian
13,592.0,32.0,631.0,97.0,396,1,1,1,Pedestrian
13,592.0,32.0,631.0,97.0,397,1,1,1,Pedestrian
13,592.0,32.0,631.0,97.0,398,1,1,1,Pedestrian
13,592.0,32.0,631.0,97.0,399,1,1,1,Pedestrian
13,592.0,32.0,631.0,97.0,400,1,1,1,Pedestrian
13,592.0,32.0,631.0,97.0,401,1,1,1,Pedestrian
13,592.0,32.0,631.0,97.0,402,1,1,1,Pedestrian
13,592.0,32.0,631.0,97.0,403,1,1,1,Pedestrian
13,592.0,32.0,631.0,97.0,404,1,1,1,Pedestrian
13,592.0,32.0,631.0,97.0,405,1,1,1,Pedestrian
13,592.0,32.0,631.0,97.0,406,1,1,1,Pedestrian
13,592.0,32.0,631.0,97.0,407,1,1,1,Pedestrian
13,592.0,32.0,631.0,97.0,408,1,1,1,Pedestrian
13,592.0,32.0,631.0,97.0,409,1,1,1,Pedestrian
13,592.0,32.0,631.0,97.0,410,1,1,1,Pedestrian
13,592.0,32.0,631.0,97.0,411,1,1,1,Pedestrian
13,592.0,32.0,631.0,97.0,412,1,1,1,Pedestrian
13,592.0,32.0,631.0,97.0,413,1,1,1,Pedestrian
13,592.0,32.0,631.0,97.0,414,1,1,1,Pedestrian
13,592.0,32.0,631.0,97.0,415,1,1,1,Pedestrian
13,592.0,32.0,631.0,97.0,416,1,1,1,Pedestrian
13,592.0,32.0,631.0,97.0,417,1,1,1,Pedestrian
13,592.0,32.0,631.0,97.0,418,1,0,0,Pedestrian
13,592.0,32.0,631.0,97.0,419,1,0,1,Pedestrian
13,592.0,32.0,631.0,97.0,420,1,0,1,Pedestrian
13,592.0,32.0,631.0,97.0,421,1,0,1,Pedestrian
13,592.0,32.0,631.0,97.0,422,1,0,1,Pedestrian
13,592.0,32.0,631.0,97.0,423,1,0,1,Pedestrian
13,592.0,32.0,631.0,97.0,424,1,0,1,Pedestrian
13,592.0,32.0,631.0,97.0,425,1,0,1,Pedestrian
13,592.0,32.0,631.0,97.0,426,1,0,1,Pedestrian
13,592.0,32.0,631.0,97.0,427,1,0,1,Pedestrian
13,592.0,32.0,631.0,97.0,428,1,0,1,Pedestrian
13,592.0,32.0,631.0,97.0,429,1,0,1,Pedestrian
13,592.0,32.0,631.0,97.0,430,1,0,1,Pedestrian
13,592.0,32.0,631.0,97.0,431,1,0,1,Pedestrian
13,592.0,32.0,631.0,97.0,432,1,0,1,Pedestrian
13,592.0,32.0,631.0,97.0,433,1,0,1,Pedestrian
13,592.0,32.0,631.0,97.0,434,1,0,1,Pedestrian
13,592.0,32.0,631.0,97.0,435,1,0,1,Pedestrian
13,592.0,32.0,631.0,97.0,436,1,0,1,Pedestrian
13,592.0,32.0,631.0,97.0,437,1,0,1,Pedestrian
13,592.0,32.0,631.0,97.0,438,1,0,1,Pedestrian
13,592.0,32.0,631.0,97.0,439,1,0,1,Pedestrian
13,592.0,32.0,631.0,97.0,440,1,0,1,Pedestrian
13,592.0,32.0,631.0,97.0,441,1,0,1,Pedestrian
13,592.0,32.0,631.0,97.0,442,1,0,1,Pedestrian
13,592.0,32.0,631.0,97.0,443,1,0,1,Pedestrian
13,592.0,32.0,631.0,97.0,444,1,0,1,Pedestrian
13,592.0,32.0,631.0,97.0,445,1,0,1,Pedestrian
13,592.0,32.0,631.0,97.0,446,1,0,1,Pedestrian
13,592.0,32.0,631.0,97.0,447,1,0,1,Pedestrian
13,592.0,32.0,631.0,97.0,448,1,0,1,Pedestrian
13,592.0,32.0,631.0,97.0,449,1,0,1,Pedestrian
13,592.0,32.0,631.0,97.0,450,1,0,1,Pedestrian
13,592.0,32.0,631.0,97.0,451,1,0,1,Pedestrian
13,592.0,32.0,631.0,97.0,452,1,0,1,Pedestrian
13,592.0,32.0,631.0,97.0,453,1,0,1,Pedestrian
13,592.0,32.0,631.0,97.0,454,1,0,1,Pedestrian
13,592.0,32.0,631.0,97.0,455,1,0,1,Pedestrian
13,592.0,32.0,631.0,97.0,456,1,0,1,Pedestrian
13,592.0,32.0,631.0,97.0,457,1,0,1,Pedestrian
13,592.0,32.0,631.0,97.0,458,1,0,1,Pedestrian
13,592.0,32.0,631.0,97.0,459,1,0,1,Pedestrian
13,592.0,32.0,631.0,97.0,460,1,0,1,Pedestrian
13,592.0,32.0,631.0,97.0,461,1,0,1,Pedestrian
13,592.0,32.0,631.0,97.0,462,1,0,1,Pedestrian
13,592.0,32.0,631.0,97.0,463,1,0,1,Pedestrian
13,592.0,32.0,631.0,97.0,464,1,0,1,Pedestrian
13,592.0,32.0,631.0,97.0,465,1,0,1,Pedestrian
13,592.0,32.0,631.0,97.0,466,1,0,1,Pedestrian
13,592.0,32.0,631.0,97.0,467,1,0,1,Pedestrian
13,592.0,32.0,631.0,97.0,468,1,0,1,Pedestrian
13,592.0,32.0,631.0,97.0,469,1,0,1,Pedestrian
13,592.0,32.0,631.0,97.0,470,1,0,1,Pedestrian
13,592.0,32.0,631.0,97.0,471,1,0,1,Pedestrian
13,592.0,32.0,631.0,97.0,472,1,0,1,Pedestrian
13,592.0,32.0,631.0,97.0,473,1,0,1,Pedestrian
13,592.0,32.0,631.0,97.0,474,1,0,1,Pedestrian
13,592.0,32.0,631.0,97.0,475,1,0,1,Pedestrian
13,592.0,32.0,631.0,97.0,476,1,0,1,Pedestrian
13,592.0,32.0,631.0,97.0,477,1,0,1,Pedestrian
13,592.0,32.0,631.0,97.0,478,1,0,1,Pedestrian
13,592.0,32.0,631.0,97.0,479,1,0,1,Pedestrian
13,592.0,32.0,631.0,97.0,480,1,0,1,Pedestrian
13,592.0,32.0,631.0,97.0,481,1,0,1,Pedestrian
13,592.0,32.0,631.0,97.0,482,1,0,1,Pedestrian
13,592.0,32.0,631.0,97.0,483,1,0,1,Pedestrian
13,592.0,32.0,631.0,97.0,484,1,0,1,Pedestrian
13,592.0,32.0,631.0,97.0,485,1,0,1,Pedestrian
13,592.0,32.0,631.0,97.0,486,1,0,1,Pedestrian
13,592.0,32.0,631.0,97.0,487,1,0,1,Pedestrian
13,592.0,32.0,631.0,97.0,488,1,0,1,Pedestrian
13,592.0,32.0,631.0,97.0,489,1,0,1,Pedestrian
13,592.0,32.0,631.0,97.0,490,1,0,1,Pedestrian
13,592.0,32.0,631.0,97.0,491,1,0,1,Pedestrian
13,592.0,32.0,631.0,97.0,492,1,0,1,Pedestrian
13,592.0,32.0,631.0,97.0,493,1,0,1,Pedestrian
13,592.0,32.0,631.0,97.0,494,1,0,1,Pedestrian
13,592.0,32.0,631.0,97.0,495,1,0,1,Pedestrian
13,592.0,32.0,631.0,97.0,496,1,0,1,Pedestrian
13,592.0,32.0,631.0,97.0,497,1,0,1,Pedestrian
13,592.0,32.0,631.0,97.0,498,1,0,1,Pedestrian
13,592.0,32.0,631.0,97.0,499,1,0,1,Pedestrian
13,592.0,32.0,631.0,97.0,500,1,0,1,Pedestrian
13,592.0,32.0,631.0,97.0,501,1,0,1,Pedestrian
13,592.0,32.0,631.0,97.0,502,1,0,1,Pedestrian
13,592.0,32.0,631.0,97.0,503,1,0,1,Pedestrian
13,592.0,32.0,631.0,97.0,504,1,0,1,Pedestrian
13,592.0,32.0,631.0,97.0,505,1,0,1,Pedestrian
13,592.0,32.0,631.0,97.0,506,1,0,1,Pedestrian
13,592.0,32.0,631.0,97.0,507,1,0,1,Pedestrian
13,592.0,32.0,631.0,97.0,508,1,0,1,Pedestrian
13,592.0,32.0,631.0,97.0,509,1,0,1,Pedestrian
13,592.0,32.0,631.0,97.0,510,1,0,1,Pedestrian
13,592.0,32.0,631.0,97.0,511,1,0,1,Pedestrian
13,592.0,32.0,631.0,97.0,512,1,0,1,Pedestrian
13,592.0,32.0,631.0,97.0,513,1,0,1,Pedestrian
13,592.0,32.0,631.0,97.0,514,1,0,1,Pedestrian
13,592.0,32.0,631.0,97.0,515,1,0,1,Pedestrian
13,592.0,32.0,631.0,97.0,516,1,0,1,Pedestrian
13,592.0,32.0,631.0,97.0,517,1,0,1,Pedestrian
13,592.0,32.0,631.0,97.0,518,1,0,1,Pedestrian
13,592.0,32.0,631.0,97.0,519,1,0,1,Pedestrian
13,592.0,32.0,631.0,97.0,520,1,0,1,Pedestrian
13,592.0,32.0,631.0,97.0,521,1,0,1,Pedestrian
13,592.0,32.0,631.0,97.0,522,1,0,1,Pedestrian
13,592.0,32.0,631.0,97.0,523,1,0,1,Pedestrian
13,592.0,32.0,631.0,97.0,524,1,0,1,Pedestrian
13,592.0,32.0,631.0,97.0,525,1,0,1,Pedestrian
13,592.0,32.0,631.0,97.0,526,1,0,1,Pedestrian
13,592.0,32.0,631.0,97.0,527,1,0,1,Pedestrian
13,592.0,32.0,631.0,97.0,528,1,0,1,Pedestrian
13,592.0,32.0,631.0,97.0,529,1,0,1,Pedestrian
13,592.0,32.0,631.0,97.0,530,1,0,1,Pedestrian
13,592.0,32.0,631.0,97.0,531,1,0,0,Pedestrian
