frame,target_track_id,other_track_id,other_x,other_y,other_label,relative_x,relative_y,distance_to_target
4000,1,2,1203.0,566.5,Biker,961.5,526.0,1095.9736538804207
4000,1,3,101.5,22.5,Pedestrian,-140.0,-18.0,141.1523999087511
4000,1,4,316.0,25.0,Pedestrian,74.5,-15.5,76.095334942426
4000,1,6,852.0,248.5,Pedestrian,610.5,208.0,644.9606577148718
4000,1,8,1608.0,298.5,Pedestrian,1366.5,258.0,1390.6423875317478
4000,1,10,221.0,228.5,Pedestrian,-20.5,188.0,189.11438337683362
4000,1,11,1857.0,801.0,Pedestrian,1615.5,760.5,1785.5532755983509
4000,1,16,213.0,193.0,Pedestrian,-28.5,152.5,155.14025912057772
4000,1,21,1097.0,902.5,Pedestrian,855.5,862.0,1214.4645939672346
4000,1,24,747.5,449.5,Pedestrian,506.0,409.0,650.6281580134694
4000,1,27,247.5,203.5,Pedestrian,6.0,163.0,163.11039206623224
4000,1,43,1473.5,772.5,Pedestrian,1232.0,732.0,1433.0554769442808
4000,1,54,1609.5,444.5,Pedestrian,1368.0,404.0,1426.4080762530757
4000,1,55,18.5,38.5,Pedestrian,-223.0,-2.0,223.00896842952304
4000,1,78,1684.0,293.5,Pedestrian,1442.5,253.0,1464.518777619461
4000,1,80,1539.5,588.5,Pedestrian,1298.0,548.0,1408.9386076050298
4000,1,81,62.5,315.0,Biker,-179.0,274.5,327.70604205598653
4000,1,82,1062.5,886.5,Pedestrian,821.0,846.0,1178.8795527957893
4001,1,2,1198.5,566.5,Biker,957.0,528.0,1092.9926806708268
4001,1,3,98.5,22.5,Pedestrian,-143.0,-16.0,143.8923208513922
4001,1,4,313.0,25.0,Pedestrian,71.5,-13.5,72.76331493273241
4001,1,6,849.5,248.5,Pedestrian,608.0,210.0,643.2448989304152
4001,1,8,1608.0,296.5,Pedestrian,1366.5,258.0,1390.6423875317478
4001,1,10,219.5,227.5,Pedestrian,-22.0,189.0,190.2761151589973
4001,1,11,1857.0,801.0,Pedestrian,1615.5,762.5,1786.4060288747348
4001,1,16,211.5,192.0,Pedestrian,-30.0,153.5,156.40412398654968
4001,1,21,1094.0,902.5,Pedestrian,852.5,864.0,1213.7760295870075
4001,1,24,746.0,448.0,Pedestrian,504.5,409.5,649.777269531645
4001,1,27,246.0,203.5,Pedestrian,4.5,165.0,165.06135223001172
4001,1,43,1473.5,771.5,Pedestrian,1232.0,733.0,1433.5665314173598
4001,1,54,1609.5,444.5,Pedestrian,1368.0,406.0,1426.9758232009399
4001,1,55,18.5,38.5,Pedestrian,-223.0,0.0,223.0
4001,1,78,1684.0,291.0,Pedestrian,1442.5,252.5,1464.4324839336227
4001,1,80,1535.5,586.0,Pedestrian,1294.0,547.5,1405.0595183123028
4001,1,81,60.5,312.5,Biker,-181.0,274.0,328.3854442572021
4001,1,82,1060.0,886.5,Pedestrian,818.5,848.0,1178.578062751891
4002,1,2,1195.5,567.5,Biker,954.0,529.0,1090.8515022678384
4002,1,3,97.0,22.5,Pedestrian,-144.5,-16.0,145.383114562868
4002,1,4,313.0,25.0,Pedestrian,71.5,-13.5,72.76331493273241
4002,1,6,846.5,248.5,Pedestrian,605.0,210.0,640.4100249059192
4002,1,8,1608.0,296.5,Pedestrian,1366.5,258.0,1390.6423875317478
4002,1,10,219.5,227.5,Pedestrian,-22.0,189.0,190.2761151589973
4002,1,11,1857.0,801.0,Pedestrian,1615.5,762.5,1786.4060288747348
4002,1,16,211.5,192.0,Pedestrian,-30.0,153.5,156.40412398654968
4002,1,21,1094.0,902.5,Pedestrian,852.5,864.0,1213.7760295870075
4002,1,24,746.0,448.0,Pedestrian,504.5,409.5,649.777269531645
4002,1,27,246.0,203.5,Pedestrian,4.5,165.0,165.06135223001172
4002,1,43,1473.5,771.5,Pedestrian,1232.0,733.0,1433.5665314173598
4002,1,54,1609.5,444.5,Pedestrian,1368.0,406.0,1426.9758232009399
4002,1,55,18.5,38.5,Pedestrian,-223.0,0.0,223.0
4002,1,78,1684.0,291.0,Pedestrian,1442.5,252.5,1464.4324839336227
4002,1,80,1534.5,585.0,Pedestrian,1293.0,546.5,1403.7489982186987
4002,1,81,60.5,312.5,Biker,-181.0,274.0,328.3854442572021
4002,1,82,1058.5,887.5,Pedestrian,817.0,849.0,1178.2571875443832
4003,1,2,1193.5,568.5,Biker,952.0,530.0,1089.5889133062983
4003,1,3,95.5,22.5,Pedestrian,-146.0,-16.0,146.87409574189726
4003,1,4,310.5,25.0,Pedestrian,69.0,-13.5,70.30824987154779
4003,1,6,844.0,248.5,Pedestrian,602.5,210.0,638.0487834013948
4003,1,8,1608.0,296.5,Pedestrian,1366.5,258.0,1390.6423875317478
4003,1,10,219.5,227.5,Pedestrian,-22.0,189.0,190.2761151589973
4003,1,11,1857.0,801.0,Pedestrian,1615.5,762.5,1786.4060288747348
4003,1,16,211.5,192.0,Pedestrian,-30.0,153.5,156.40412398654968
4003,1,21,1094.0,903.5,Pedestrian,852.5,865.0,1214.4880608717403
4003,1,24,746.0,448.0,Pedestrian,504.5,409.5,649.777269531645
4003,1,27,246.0,203.5,Pedestrian,4.5,165.0,165.06135223001172
4003,1,43,1473.5,771.5,Pedestrian,1232.0,733.0,1433.5665314173598
4003,1,54,1609.5,444.5,Pedestrian,1368.0,406.0,1426.9758232009399
4003,1,55,18.5,38.5,Pedestrian,-223.0,0.0,223.0
4003,1,78,1684.0,291.0,Pedestrian,1442.5,252.5,1464.4324839336227
4003,1,80,1531.5,584.0,Pedestrian,1290.0,545.5,1400.5963908278502
4003,1,81,60.5,312.5,Biker,-181.0,274.0,328.3854442572021
4003,1,82,1058.5,888.5,Pedestrian,817.0,850.0,1178.977947206817
4004,1,2,1192.0,570.0,Biker,947.5,533.0,1087.127062490857
4004,1,3,94.5,22.5,Pedestrian,-150.0,-14.5,150.6992037138883
4004,1,4,310.5,25.0,Pedestrian,66.0,-12.0,67.08203932499369
4004,1,6,842.5,248.5,Pedestrian,598.0,211.5,634.2998108150435
4004,1,8,1611.0,296.5,Pedestrian,1366.5,259.5,1390.9214571642785
4004,1,10,219.5,227.5,Pedestrian,-25.0,190.5,192.13341718712027
4004,1,11,1857.0,801.0,Pedestrian,1612.5,764.0,1784.33524036264
4004,1,16,211.5,192.0,Pedestrian,-33.0,155.0,158.47397262642215
4004,1,21,1092.5,903.5,Pedestrian,848.0,866.5,1212.4051509293417
4004,1,24,746.0,448.0,Pedestrian,501.5,411.0,648.4005320787453
4004,1,27,246.0,203.5,Pedestrian,1.5,166.5,166.50675661966395
4004,1,43,1473.5,771.5,Pedestrian,1229.0,734.5,1431.7580975849237
4004,1,54,1609.5,444.5,Pedestrian,1365.0,407.5,1424.5284307447148
4004,1,55,18.5,38.5,Pedestrian,-226.0,1.5,226.00497782128605
4004,1,78,1684.0,291.0,Pedestrian,1439.5,254.0,1461.7374080182801
4004,1,80,1530.0,582.5,Pedestrian,1285.5,545.5,1396.4528277031059
4004,1,81,60.5,312.5,Biker,-184.0,275.5,331.2948082901391
4004,1,82,1057.0,890.0,Pedestrian,812.5,853.0,1178.03448591287
4005,1,2,1189.0,570.0,Biker,944.5,533.0,1084.5133701342736
4005,1,3,93.0,22.5,Pedestrian,-151.5,-14.5,152.19231255224423
4005,1,4,309.0,26.0,Pedestrian,64.5,-11.0,65.43126164151201
4005,1,6,839.5,248.5,Pedestrian,595.0,211.5,631.4722875946338
4005,1,8,1611.0,296.5,Pedestrian,1366.5,259.5,1390.9214571642785
4005,1,10,219.5,227.5,Pedestrian,-25.0,190.5,192.13341718712027
4005,1,11,1857.0,801.0,Pedestrian,1612.5,764.0,1784.33524036264
4005,1,16,211.5,192.0,Pedestrian,-33.0,155.0,158.47397262642215
4005,1,21,1092.5,905.5,Pedestrian,848.0,868.5,1213.8353471538057
4005,1,24,746.0,448.0,Pedestrian,501.5,411.0,648.4005320787453
4005,1,27,246.0,203.5,Pedestrian,1.5,166.5,166.50675661966395
4005,1,43,1473.5,771.5,Pedestrian,1229.0,734.5,1431.7580975849237
4005,1,54,1609.5,444.5,Pedestrian,1365.0,407.5,1424.5284307447148
4005,1,55,18.5,38.5,Pedestrian,-226.0,1.5,226.00497782128605
4005,1,78,1686.5,291.0,Pedestrian,1442.0,254.0,1464.1994399671105
4005,1,80,1527.5,581.5,Pedestrian,1283.0,544.5,1393.7608295543394
4005,1,81,60.5,312.5,Biker,-184.0,275.5,331.2948082901391
4005,1,82,1057.0,891.0,Pedestrian,812.5,854.0,1178.7587751529147
4006,1,2,1186.0,571.0,Biker,941.5,535.0,1082.8883829832141
4006,1,3,91.5,22.5,Pedestrian,-153.0,-13.5,153.59443349288412
4006,1,4,307.5,27.0,Pedestrian,63.0,-9.0,63.63961030678928
4006,1,6,837.0,248.5,Pedestrian,592.5,212.5,629.4541285907973
4006,1,8,1611.0,296.5,Pedestrian,1366.5,260.5,1391.1083710480648
4006,1,10,219.5,227.5,Pedestrian,-25.0,191.5,193.12495954692133
4006,1,11,1857.0,803.0,Pedestrian,1612.5,767.0,1785.6218104626746
4006,1,16,211.5,192.0,Pedestrian,-33.0,156.0,159.45218719101973
4006,1,21,1091.5,905.5,Pedestrian,847.0,869.5,1213.8530594763108
4006,1,24,746.0,448.0,Pedestrian,501.5,412.0,649.03486038887
4006,1,27,246.0,203.5,Pedestrian,1.5,167.5,167.50671628325833
4006,1,43,1473.5,771.5,Pedestrian,1229.0,735.5,1432.2713604621158
4006,1,54,1609.5,444.5,Pedestrian,1365.0,408.5,1424.8148125282808
4006,1,55,18.5,38.5,Pedestrian,-226.0,2.5,226.01382701064995
4006,1,78,1686.5,291.0,Pedestrian,1442.0,255.0,1464.3732447706084
4006,1,80,1524.5,580.5,Pedestrian,1280.0,544.5,1390.999730409751
4006,1,81,60.5,310.5,Biker,-184.0,274.5,330.46368938205603
4006,1,82,1056.0,892.0,Pedestrian,811.5,856.0,1179.5203474294117
4007,1,2,1183.5,572.0,Biker,939.0,537.0,1081.7069843538961
4007,1,3,89.0,22.5,Pedestrian,-155.5,-12.5,156.0016025558712
4007,1,4,306.5,27.0,Pedestrian,62.0,-8.0,62.51399843235114
4007,1,6,834.5,248.5,Pedestrian,590.0,213.5,627.4410330859786
4007,1,8,1614.0,296.5,Pedestrian,1369.5,261.5,1394.2426259442796
4007,1,10,219.5,227.5,Pedestrian,-25.0,192.5,194.11658867804164
4007,1,11,1860.0,803.0,Pedestrian,1615.5,768.0,1788.7605345601742
4007,1,16,211.5,192.0,Pedestrian,-33.0,157.0,160.4306703844374
4007,1,21,1090.0,905.5,Pedestrian,845.5,870.5,1213.524000586721
4007,1,24,746.0,448.0,Pedestrian,501.5,413.0,649.6701085935846
4007,1,27,246.0,203.5,Pedestrian,1.5,168.5,168.5066764255945
4007,1,43,1473.5,771.5,Pedestrian,1229.0,736.5,1432.7851374159352
4007,1,54,1609.5,444.5,Pedestrian,1365.0,409.5,1425.10183846629
4007,1,55,18.5,38.5,Pedestrian,-226.0,3.5,226.02710014509321
4007,1,78,1686.5,291.0,Pedestrian,1442.0,256.0,1464.5477117526762
4007,1,80,1522.0,579.0,Pedestrian,1277.5,544.0,1388.5036010036129
4007,1,81,60.5,310.5,Biker,-184.0,275.5,331.2948082901391
4007,1,82,1056.0,893.0,Pedestrian,811.5,858.0,1180.972586472692
4008,1,2,1182.0,573.0,Biker,935.0,538.0,1078.7349071945341
4008,1,3,88.0,22.5,Pedestrian,-159.0,-12.5,159.49059533401962
4008,1,4,306.5,27.0,Pedestrian,59.5,-8.0,60.035406219996545
4008,1,6,833.0,248.5,Pedestrian,586.0,213.5,623.681208631461
4008,1,8,1614.0,296.5,Pedestrian,1367.0,261.5,1391.7870706397584
4008,1,10,219.5,227.5,Pedestrian,-27.5,192.5,194.45436482630058
4008,1,11,1860.0,803.0,Pedestrian,1613.0,768.0,1786.503008673649
4008,1,16,211.5,192.0,Pedestrian,-35.5,157.0,160.96350518052222
4008,1,21,1090.0,907.0,Pedestrian,843.0,872.0,1212.8614925043996
4008,1,24,746.0,448.0,Pedestrian,499.0,413.0,647.7422326821063
4008,1,27,246.0,203.5,Pedestrian,-1.0,168.5,168.50296733292265
4008,1,43,1473.5,771.5,Pedestrian,1226.5,736.5,1430.6412897718283
4008,1,54,1609.5,444.5,Pedestrian,1362.5,409.5,1422.7074541169734
4008,1,55,18.5,38.5,Pedestrian,-228.5,3.5,228.52680367956842
4008,1,78,1686.5,291.0,Pedestrian,1439.5,256.0,1462.086266264751
4008,1,80,1520.5,578.0,Pedestrian,1273.5,543.0,1384.4317426294444
4008,1,81,60.5,310.5,Biker,-186.5,275.5,332.6897954551657
4008,1,82,1054.5,894.5,Pedestrian,807.5,859.5,1179.3203551198462
4009,1,2,1179.5,573.0,Biker,932.5,538.0,1076.56873909658
4009,1,3,86.5,22.5,Pedestrian,-160.5,-12.5,160.98602423813068
4009,1,4,303.5,27.0,Pedestrian,56.5,-8.0,57.063561052566634
4009,1,6,830.0,248.5,Pedestrian,583.0,213.5,620.863310238252
4009,1,8,1614.0,296.5,Pedestrian,1367.0,261.5,1391.7870706397584
4009,1,10,219.5,227.5,Pedestrian,-27.5,192.5,194.45436482630058
4009,1,11,1860.0,803.0,Pedestrian,1613.0,768.0,1786.503008673649
4009,1,16,211.5,192.0,Pedestrian,-35.5,157.0,160.96350518052222
4009,1,21,1090.0,907.0,Pedestrian,843.0,872.0,1212.8614925043996
4009,1,24,746.0,448.0,Pedestrian,499.0,413.0,647.7422326821063
4009,1,27,246.0,203.5,Pedestrian,-1.0,168.5,168.50296733292265
4009,1,43,1473.5,771.5,Pedestrian,1226.5,736.5,1430.6412897718283
4009,1,54,1609.5,444.5,Pedestrian,1362.5,409.5,1422.7074541169734
4009,1,55,18.5,38.5,Pedestrian,-228.5,3.5,228.52680367956842
4009,1,78,1689.5,291.0,Pedestrian,1442.5,256.0,1465.0400165183203
4009,1,80,1517.5,577.0,Pedestrian,1270.5,542.0,1381.2799318023845
4009,1,81,60.5,310.5,Biker,-186.5,275.5,332.6897954551657
4009,1,82,1054.5,895.5,Pedestrian,807.5,860.5,1180.0493633742615
4010,1,2,1176.5,576.0,Biker,929.5,541.0,1075.477219656465
4010,1,3,85.0,22.5,Pedestrian,-162.0,-12.5,162.48153741271653
4010,1,4,303.5,28.0,Pedestrian,56.5,-7.0,56.931976954959154
4010,1,6,827.0,248.5,Pedestrian,580.0,213.5,618.0471260349003
4010,1,8,1617.0,296.5,Pedestrian,1370.0,261.5,1394.7337559548776
4010,1,10,219.5,227.5,Pedestrian,-27.5,192.5,194.45436482630058
4010,1,11,1860.0,803.0,Pedestrian,1613.0,768.0,1786.503008673649
4010,1,16,211.5,192.0,Pedestrian,-35.5,157.0,160.96350518052222
4010,1,21,1089.0,909.5,Pedestrian,842.0,874.5,1213.966329846096
4010,1,24,746.0,448.0,Pedestrian,499.0,413.0,647.7422326821063
4010,1,27,246.0,203.5,Pedestrian,-1.0,168.5,168.50296733292265
4010,1,43,1473.5,771.5,Pedestrian,1226.5,736.5,1430.6412897718283
4010,1,54,1609.5,444.5,Pedestrian,1362.5,409.5,1422.7074541169734
4010,1,55,18.5,38.5,Pedestrian,-228.5,3.5,228.52680367956842
4010,1,78,1689.5,291.0,Pedestrian,1442.5,256.0,1465.0400165183203
4010,1,80,1516.5,577.0,Pedestrian,1269.5,542.0,1380.3601885015376
4010,1,81,60.5,310.5,Biker,-186.5,275.5,332.6897954551657
4010,1,82,1053.0,896.5,Pedestrian,806.0,861.5,1179.7534700097306
4011,1,2,1172.5,577.0,Biker,925.5,544.5,1073.79257773557
4011,1,3,83.5,22.5,Pedestrian,-163.5,-10.0,163.80552493734757
4011,1,4,302.0,28.0,Pedestrian,55.0,-4.5,55.1837838499681
4011,1,6,826.0,248.5,Pedestrian,579.0,216.0,617.9781549537167
4011,1,8,1617.0,296.5,Pedestrian,1370.0,264.0,1395.2046444876823
4011,1,10,219.5,227.5,Pedestrian,-27.5,195.0,196.9295559330798
4011,1,11,1860.0,804.5,Pedestrian,1613.0,772.0,1788.2262161147287
4011,1,16,211.5,192.0,Pedestrian,-35.5,159.5,163.40287635167257
4011,1,21,1089.0,909.5,Pedestrian,842.0,877.0,1215.7684812496168
4011,1,24,746.0,448.0,Pedestrian,499.0,415.5,649.3390870723863
4011,1,27,246.0,203.5,Pedestrian,-1.0,171.0,171.00292395160966
4011,1,43,1473.5,771.5,Pedestrian,1226.5,739.0,1431.9299040106678
4011,1,54,1609.5,444.5,Pedestrian,1362.5,412.0,1423.4290463525044
4011,1,55,18.5,38.5,Pedestrian,-228.5,6.0,228.57876104310304
4011,1,78,1689.5,291.0,Pedestrian,1442.5,258.5,1465.4789319536465
4011,1,80,1516.5,577.0,Pedestrian,1269.5,544.5,1381.3437298514805
4011,1,81,60.5,309.0,Biker,-186.5,276.5,333.5183653114173
4011,1,82,1051.5,898.0,Pedestrian,804.5,865.5,1181.6558297575484
4012,1,2,1171.0,578.0,Biker,921.0,545.5,1070.4257330613834
4012,1,3,82.5,22.5,Pedestrian,-167.5,-10.0,167.79824194549835
4012,1,4,300.5,29.0,Pedestrian,50.5,-3.5,50.62114182829147
4012,1,6,823.5,248.5,Pedestrian,573.5,216.0,612.8280754012499
4012,1,8,1617.0,296.5,Pedestrian,1367.0,264.0,1392.2589557980943
4012,1,10,219.5,227.5,Pedestrian,-30.5,195.0,197.37084384477865
4012,1,11,1860.0,805.5,Pedestrian,1610.0,773.0,1785.9532468684615
4012,1,16,211.5,192.0,Pedestrian,-38.5,159.5,164.08077279193927
4012,1,21,1087.5,909.5,Pedestrian,837.5,877.0,1212.6562785884548
4012,1,24,746.0,448.0,Pedestrian,496.0,415.5,647.0365136528231
4012,1,27,246.0,203.5,Pedestrian,-4.0,171.0,171.04677722775136
4012,1,43,1473.5,771.5,Pedestrian,1223.5,739.0,1429.3611335138507
4012,1,54,1609.5,444.5,Pedestrian,1359.5,412.0,1420.5577249798757
4012,1,55,18.5,38.5,Pedestrian,-231.5,6.0,231.57774072652145
4012,1,78,1689.5,291.0,Pedestrian,1439.5,258.5,1462.5260681437442
4012,1,80,1516.5,577.0,Pedestrian,1266.5,544.5,1378.5871390666605
4012,1,81,60.5,308.0,Biker,-189.5,275.5,334.38077097823674
4012,1,82,1050.0,899.0,Pedestrian,800.0,866.5,1179.3312723743063
4013,1,2,1168.0,578.0,Biker,918.0,545.5,1067.8456115000895
4013,1,3,81.0,22.5,Pedestrian,-169.0,-10.0,169.29559947027565
4013,1,4,299.0,29.0,Pedestrian,49.0,-3.5,49.1248409666637
4013,1,6,820.5,248.5,Pedestrian,570.5,216.0,610.0215160139845
4013,1,8,1617.0,296.5,Pedestrian,1367.0,264.0,1392.2589557980943
4013,1,10,219.5,227.5,Pedestrian,-30.5,195.0,197.37084384477865
4013,1,11,1861.5,805.5,Pedestrian,1611.5,773.0,1787.3055838328262
4013,1,16,211.5,192.0,Pedestrian,-38.5,159.5,164.08077279193927
4013,1,21,1086.0,910.5,Pedestrian,836.0,878.0,1212.3448354325596
4013,1,24,746.0,448.0,Pedestrian,496.0,415.5,647.0365136528231
4013,1,27,246.0,203.5,Pedestrian,-4.0,171.0,171.04677722775136
4013,1,43,1473.5,771.5,Pedestrian,1223.5,739.0,1429.3611335138507
4013,1,54,1609.5,444.5,Pedestrian,1359.5,412.0,1420.5577249798757
4013,1,55,18.5,38.5,Pedestrian,-231.5,6.0,231.57774072652145
4013,1,78,1691.0,291.0,Pedestrian,1441.0,258.5,1464.0024760908022
4013,1,80,1516.5,579.0,Pedestrian,1266.5,546.5,1379.3783019897044
4013,1,81,60.5,308.0,Biker,-189.5,275.5,334.38077097823674
4013,1,82,1050.0,900.0,Pedestrian,800.0,867.5,1180.066205769829
4014,1,2,1166.0,579.0,Biker,916.0,548.0,1067.4080756674084
4014,1,3,78.0,22.5,Pedestrian,-172.0,-8.5,172.20990099294522
4014,1,4,299.0,30.0,Pedestrian,49.0,-1.0,49.01020301937138
4014,1,6,817.5,250.0,Pedestrian,567.5,219.0,608.2904322772141
4014,1,8,1619.0,296.5,Pedestrian,1369.0,265.5,1394.507529560167
4014,1,10,219.5,227.5,Pedestrian,-30.5,196.5,198.85296075241124
4014,1,11,1863.0,805.5,Pedestrian,1613.0,774.5,1789.306918893458
4014,1,16,211.5,192.0,Pedestrian,-38.5,161.0,165.53927026539654
4014,1,21,1086.0,910.5,Pedestrian,836.0,879.5,1213.431600874149
4014,1,24,746.0,448.0,Pedestrian,496.0,417.0,648.0007716044789
4014,1,27,246.0,203.5,Pedestrian,-4.0,172.5,172.54637057904174
4014,1,43,1473.5,771.5,Pedestrian,1223.5,740.5,1430.137231177484
4014,1,54,1609.5,444.5,Pedestrian,1359.5,413.5,1420.9934904847382
4014,1,55,18.5,38.5,Pedestrian,-231.5,7.5,231.62145841868798
4014,1,78,1692.5,291.0,Pedestrian,1442.5,260.0,1465.74426487024
4014,1,80,1516.5,579.0,Pedestrian,1266.5,548.0,1379.973278726802
4014,1,81,60.5,308.0,Biker,-189.5,277.0,335.6177140736168
4014,1,82,1049.0,901.0,Pedestrian,799.0,870.0,1181.2285976897106
4015,1,2,1163.0,580.5,Biker,910.5,549.5,1063.4662665077817
4015,1,3,76.5,22.5,Pedestrian,-176.0,-8.5,176.2051361339958
4015,1,4,297.0,30.0,Pedestrian,44.5,-1.0,44.51123453691214
4015,1,6,816.5,250.0,Pedestrian,564.0,219.0,605.0264457029957
4015,1,8,1619.0,296.5,Pedestrian,1366.5,265.5,1392.0533394952938
4015,1,10,219.5,227.5,Pedestrian,-33.0,196.5,199.2517252121045
4015,1,11,1863.0,805.5,Pedestrian,1610.5,774.5,1787.0535806181078
4015,1,16,211.5,192.0,Pedestrian,-41.0,161.0,166.13849644197458
4015,1,21,1086.0,912.5,Pedestrian,833.5,881.5,1213.1630146027367
4015,1,24,746.0,448.0,Pedestrian,493.5,417.0,646.0891966284531
4015,1,27,246.0,203.5,Pedestrian,-6.5,172.5,172.6224203282992
4015,1,43,1473.5,771.5,Pedestrian,1221.0,740.5,1427.9990371145213
4015,1,54,1609.5,444.5,Pedestrian,1357.0,413.5,1418.6018645130846
4015,1,55,18.5,38.5,Pedestrian,-234.0,7.5,234.1201614556081
4015,1,78,1692.5,289.5,Pedestrian,1440.0,258.5,1463.018198793166
4015,1,80,1516.5,581.0,Pedestrian,1264.0,550.0,1378.4759700480818
4015,1,81,60.5,308.0,Biker,-192.0,277.0,337.0356064275702
4015,1,82,1049.0,902.0,Pedestrian,796.5,871.0,1180.2767683895163
4016,1,2,1161.5,581.5,Biker,909.0,551.5,1063.218345402298
4016,1,3,75.5,22.5,Pedestrian,-177.0,-7.5,177.15882704511228
4016,1,4,297.0,30.0,Pedestrian,44.5,0.0,44.5
4016,1,6,813.5,250.0,Pedestrian,561.0,220.0,602.5952206913029
4016,1,8,1619.0,296.5,Pedestrian,1366.5,266.5,1392.2444110141007
4016,1,10,219.5,227.5,Pedestrian,-33.0,197.5,200.23798340974173
4016,1,11,1863.0,806.5,Pedestrian,1610.5,776.5,1787.921279027687
4016,1,16,211.5,192.0,Pedestrian,-41.0,162.0,167.10774967068403
4016,1,21,1084.5,912.5,Pedestrian,832.0,882.5,1212.8603588212454
4016,1,24,746.0,448.0,Pedestrian,493.5,418.0,646.7350694063219
4016,1,27,246.0,203.5,Pedestrian,-6.5,173.5,173.62171523170713
4016,1,43,1473.5,771.5,Pedestrian,1221.0,741.5,1428.5178507810115
4016,1,54,1609.5,444.5,Pedestrian,1357.0,414.5,1418.893671139596
4016,1,55,18.5,38.5,Pedestrian,-234.0,8.5,234.15432944961748
4016,1,78,1692.5,288.5,Pedestrian,1440.0,258.5,1463.018198793166
4016,1,80,1516.5,581.0,Pedestrian,1264.0,551.0,1378.8752662949612
4016,1,81,60.5,308.0,Biker,-192.0,278.0,337.8579583197649
4016,1,82,1047.5,903.5,Pedestrian,795.0,873.5,1181.112716890306
4017,1,2,1158.5,581.5,Biker,906.0,552.5,1061.1749384526568
4017,1,3,74.0,22.5,Pedestrian,-178.5,-6.5,178.61830813217327
4017,1,4,294.0,30.0,Pedestrian,41.5,1.0,41.512046444375635
4017,1,6,811.0,250.0,Pedestrian,558.5,221.0,600.6357048994007
4017,1,8,1622.0,296.5,Pedestrian,1369.5,267.5,1395.3804140806908
4017,1,10,219.5,227.5,Pedestrian,-33.0,198.5,201.22437725086888
4017,1,11,1863.0,806.5,Pedestrian,1610.5,777.5,1788.3558091162954
4017,1,16,211.5,192.0,Pedestrian,-41.0,163.0,168.0773631397161
4017,1,21,1084.5,912.5,Pedestrian,832.0,883.5,1213.588171498058
4017,1,24,746.0,448.0,Pedestrian,493.5,419.0,647.381842501008
4017,1,27,246.0,203.5,Pedestrian,-6.5,174.5,174.62101820800382
4017,1,43,1473.5,771.5,Pedestrian,1221.0,742.5,1429.0371758635254
4017,1,54,1609.5,444.5,Pedestrian,1357.0,415.5,1419.1861223955088
4017,1,55,18.5,38.5,Pedestrian,-234.0,9.5,234.19276248424075
4017,1,78,1694.0,288.5,Pedestrian,1441.5,259.5,1464.6714648684872
4017,1,80,1516.5,581.0,Pedestrian,1264.0,552.0,1379.2751719653334
4017,1,81,60.5,305.5,Biker,-192.0,276.5,336.62479112507447
4017,1,82,1047.5,905.0,Pedestrian,795.0,876.0,1182.9628058396427
4018,1,2,1156.0,582.5,Biker,903.5,553.5,1059.5633534621702
4018,1,3,72.5,22.5,Pedestrian,-180.0,-6.5,180.11732287595217
4018,1,4,294.0,31.0,Pedestrian,41.5,2.0,41.548164821084455
4018,1,6,808.0,250.0,Pedestrian,555.5,221.0,597.847179469804
4018,1,8,1622.0,296.5,Pedestrian,1369.5,267.5,1395.3804140806908
4018,1,10,219.5,227.5,Pedestrian,-33.0,198.5,201.22437725086888
4018,1,11,1863.0,808.0,Pedestrian,1610.5,779.0,1789.0084544238464
4018,1,16,211.5,192.0,Pedestrian,-41.0,163.0,168.0773631397161
4018,1,21,1083.0,914.0,Pedestrian,830.5,885.0,1213.6536779493563
4018,1,24,746.0,448.0,Pedestrian,493.5,419.0,647.381842501008
4018,1,27,246.0,203.5,Pedestrian,-6.5,174.5,174.62101820800382
4018,1,43,1473.5,771.5,Pedestrian,1221.0,742.5,1429.0371758635254
4018,1,54,1609.5,444.5,Pedestrian,1357.0,415.5,1419.1861223955088
4018,1,55,18.5,38.5,Pedestrian,-234.0,9.5,234.19276248424075
4018,1,78,1695.0,288.5,Pedestrian,1442.5,259.5,1465.655655329723
4018,1,80,1516.5,583.5,Pedestrian,1264.0,554.5,1380.2775988908897
4018,1,81,60.5,305.5,Biker,-192.0,276.5,336.62479112507447
4018,1,82,1046.0,906.0,Pedestrian,793.5,877.0,1182.6966009928328
4019,1,2,1153.5,584.0,Biker,898.0,555.0,1055.6651931365361
4019,1,3,71.0,22.5,Pedestrian,-184.5,-6.5,184.61446313872594
4019,1,4,294.0,32.5,Pedestrian,38.5,3.5,38.658763560155414
4019,1,6,807.0,250.0,Pedestrian,551.5,221.0,594.1323505751895
4019,1,8,1622.0,296.5,Pedestrian,1366.5,267.5,1392.4361744798216
4019,1,10,219.5,227.5,Pedestrian,-36.0,198.5,201.73807275772216
4019,1,11,1864.0,808.0,Pedestrian,1608.5,779.0,1787.208227935402
4019,1,16,211.5,192.0,Pedestrian,-44.0,163.0,168.8342382338369
4019,1,21,1081.5,914.0,Pedestrian,826.0,885.0,1210.5787871923083
4019,1,24,746.0,448.0,Pedestrian,490.5,419.0,645.0978607932288
4019,1,27,246.0,203.5,Pedestrian,-9.5,174.5,174.758404661979
4019,1,43,1473.5,771.5,Pedestrian,1218.0,742.5,1426.4747631837024
4019,1,54,1609.5,444.5,Pedestrian,1354.0,415.5,1416.3178492132336
4019,1,55,18.5,38.5,Pedestrian,-237.0,9.5,237.19032442323612
4019,1,78,1695.0,288.5,Pedestrian,1439.5,259.5,1462.7031482840255
4019,1,80,1516.5,583.5,Pedestrian,1261.0,554.5,1377.5308526490433
4019,1,81,60.5,305.5,Biker,-195.0,276.5,338.34486844047154
4019,1,82,1046.0,907.0,Pedestrian,790.5,878.0,1181.4289017964645
4020,1,2,1152.0,586.0,Biker,896.5,557.0,1055.4436271066304
4020,1,3,70.0,23.5,Pedestrian,-185.5,-5.5,185.58151847638277
4020,1,4,291.0,32.5,Pedestrian,35.5,3.5,35.67211796347394
4020,1,6,804.0,250.0,Pedestrian,548.5,221.0,591.348670413657
4020,1,8,1625.0,296.5,Pedestrian,1369.5,267.5,1395.3804140806908
4020,1,10,219.5,227.5,Pedestrian,-36.0,198.5,201.73807275772216
4020,1,11,1865.5,808.0,Pedestrian,1610.0,779.0,1788.5583580079237
4020,1,16,211.5,192.0,Pedestrian,-44.0,163.0,168.8342382338369
4020,1,21,1081.5,916.0,Pedestrian,826.0,887.0,1212.0416659504738
4020,1,24,746.0,448.0,Pedestrian,490.5,419.0,645.0978607932288
4020,1,27,246.0,203.5,Pedestrian,-9.5,174.5,174.758404661979
4020,1,43,1473.5,771.5,Pedestrian,1218.0,742.5,1426.4747631837024
4020,1,54,1609.5,444.5,Pedestrian,1354.0,415.5,1416.3178492132336
4020,1,55,18.5,38.5,Pedestrian,-237.0,9.5,237.19032442323612
4020,1,78,1695.0,288.5,Pedestrian,1439.5,259.5,1462.7031482840255
4020,1,80,1519.0,586.0,Pedestrian,1263.5,557.0,1380.826292478529
4020,1,81,60.5,305.5,Biker,-195.0,276.5,338.34486844047154
4020,1,82,1044.5,908.0,Pedestrian,789.0,879.0,1181.1697591794332
4021,1,2,1146.5,586.0,Biker,891.0,559.0,1051.8374399117004
4021,1,3,67.0,23.5,Pedestrian,-188.5,-3.5,188.532490568602
4021,1,4,291.0,32.5,Pedestrian,35.5,5.5,35.92352989337211
4021,1,6,801.0,250.0,Pedestrian,545.5,223.0,589.3210076011205
4021,1,8,1625.0,296.5,Pedestrian,1369.5,269.5,1395.7652023173525
4021,1,10,219.5,227.5,Pedestrian,-36.0,200.5,203.70628365369586
4021,1,11,1865.5,808.0,Pedestrian,1610.0,781.0,1789.4303562866032
4021,1,16,211.5,192.0,Pedestrian,-44.0,165.0,170.76592165886026
4021,1,21,1081.5,916.0,Pedestrian,826.0,889.0,1213.5060774466685
4021,1,24,746.0,448.0,Pedestrian,490.5,421.0,646.3986772882506
4021,1,27,246.0,203.5,Pedestrian,-9.5,176.5,176.7554808202563
4021,1,43,1473.5,771.5,Pedestrian,1218.0,744.5,1427.5168125104517
4021,1,54,1609.5,444.5,Pedestrian,1354.0,417.5,1416.9058719618604
4021,1,55,18.5,38.5,Pedestrian,-237.0,11.5,237.27884440042268
4021,1,78,1696.0,288.5,Pedestrian,1440.5,261.5,1464.0432029144495
4021,1,80,1513.5,586.0,Pedestrian,1258.0,559.0,1376.6063344326149
4021,1,81,60.5,305.5,Biker,-195.0,278.5,339.9812494829678
4021,1,82,1042.0,909.0,Pedestrian,786.5,882.0,1181.7386555410633
4022,1,2,1143.5,586.0,Biker,888.0,559.0,1049.2973839670049
4022,1,3,65.5,23.5,Pedestrian,-190.0,-3.5,190.03223410779552
4022,1,4,289.5,32.5,Pedestrian,34.0,5.5,34.44198019858905
4022,1,6,799.5,250.0,Pedestrian,544.0,223.0,587.9328192914561
4022,1,8,1625.0,296.5,Pedestrian,1369.5,269.5,1395.7652023173525
4022,1,10,219.5,227.5,Pedestrian,-36.0,200.5,203.70628365369586
4022,1,11,1865.5,809.0,Pedestrian,1610.0,782.0,1789.8670341676223
4022,1,16,211.5,192.0,Pedestrian,-44.0,165.0,170.76592165886026
4022,1,21,1080.5,916.0,Pedestrian,825.0,889.0,1212.8256263783348
4022,1,24,746.0,448.0,Pedestrian,490.5,421.0,646.3986772882506
4022,1,27,246.0,203.5,Pedestrian,-9.5,176.5,176.7554808202563
4022,1,43,1473.5,771.5,Pedestrian,1218.0,744.5,1427.5168125104517
4022,1,54,1609.5,444.5,Pedestrian,1354.0,417.5,1416.9058719618604
4022,1,55,18.5,38.5,Pedestrian,-237.0,11.5,237.27884440042268
4022,1,78,1697.5,288.5,Pedestrian,1442.0,261.5,1465.5191059825866
4022,1,80,1510.5,586.0,Pedestrian,1255.0,559.0,1373.865350025249
4022,1,81,60.5,304.5,Biker,-195.0,277.5,339.1625716378504
4022,1,82,1042.0,910.0,Pedestrian,786.5,883.0,1182.485200753058
4023,1,2,1141.0,586.0,Biker,883.0,559.0,1045.0693756875664
4023,1,3,64.0,23.5,Pedestrian,-194.0,-3.5,194.03156959629018
4023,1,4,288.0,32.5,Pedestrian,30.0,5.5,30.5
4023,1,6,797.5,250.0,Pedestrian,539.5,223.0,583.7715734771607
4023,1,8,1626.5,296.5,Pedestrian,1368.5,269.5,1394.7840334618115
4023,1,10,219.5,227.5,Pedestrian,-38.5,200.5,204.16292513578463
4023,1,11,1865.5,810.0,Pedestrian,1607.5,783.0,1788.0562770785489
4023,1,16,211.5,192.0,Pedestrian,-46.5,165.0,171.42709820795545
4023,1,21,1079.0,917.0,Pedestrian,821.0,890.0,1210.843094707155
4023,1,24,744.5,448.0,Pedestrian,486.5,421.0,643.3686734680202
4023,1,27,246.0,203.5,Pedestrian,-12.0,176.5,176.9074616854812
4023,1,43,1473.5,771.5,Pedestrian,1215.5,744.5,1425.384334135885
4023,1,54,1609.5,444.5,Pedestrian,1351.5,417.5,1414.517055393819
4023,1,55,18.5,38.5,Pedestrian,-239.5,11.5,239.7759370745947
4023,1,78,1697.5,288.5,Pedestrian,1439.5,261.5,1463.059294765595
4023,1,80,1508.0,586.0,Pedestrian,1250.0,559.0,1369.2994559262777
4023,1,81,60.5,303.5,Biker,-197.5,276.5,339.79184804818374
4023,1,82,1040.5,911.5,Pedestrian,782.5,884.5,1180.9515231371693
4024,1,2,1138.0,586.0,Biker,880.0,560.0,1043.0723848324237
4024,1,3,63.0,23.5,Pedestrian,-195.0,-2.5,195.01602498256392
4024,1,4,287.0,35.0,Pedestrian,29.0,9.0,30.364452901377952
4024,1,6,794.5,250.0,Pedestrian,536.5,224.0,581.3847693223481
4024,1,8,1628.0,296.5,Pedestrian,1370.0,270.5,1396.4491576853059
4024,1,10,219.5,227.5,Pedestrian,-38.5,201.5,205.14507062076828
4024,1,11,1865.5,810.0,Pedestrian,1607.5,784.0,1788.4944087136532
4024,1,16,211.5,192.0,Pedestrian,-46.5,166.0,172.38981988505006
4024,1,21,1079.0,917.0,Pedestrian,821.0,891.0,1211.5783094790036
4024,1,24,744.5,448.0,Pedestrian,486.5,422.0,644.0234855966046
4024,1,27,246.0,203.5,Pedestrian,-12.0,177.5,177.90517136946863
4024,1,43,1473.5,771.5,Pedestrian,1215.5,745.5,1425.906904394533
4024,1,54,1609.5,444.5,Pedestrian,1351.5,418.5,1414.812531751115
4024,1,55,18.5,38.5,Pedestrian,-239.5,12.5,239.8259785761334
4024,1,78,1697.5,288.5,Pedestrian,1439.5,262.5,1463.2383606234496
4024,1,80,1505.5,586.0,Pedestrian,1247.5,560.0,1367.4268719021138
4024,1,81,60.5,303.5,Biker,-197.5,277.5,340.6060774560548
4024,1,82,1040.5,913.0,Pedestrian,782.5,887.0,1182.8251138693327
4025,1,2,1135.5,586.0,Biker,877.5,560.0,1040.9640964029452
4025,1,3,63.0,23.5,Pedestrian,-195.0,-2.5,195.01602498256392
4025,1,4,287.0,35.0,Pedestrian,29.0,9.0,30.364452901377952
4025,1,6,791.5,250.0,Pedestrian,533.5,224.0,578.6175334363797
4025,1,8,1628.0,296.5,Pedestrian,1370.0,270.5,1396.4491576853059
4025,1,10,219.5,227.5,Pedestrian,-38.5,201.5,205.14507062076828
4025,1,11,1867.0,810.0,Pedestrian,1609.0,784.0,1789.8427305213158
4025,1,16,211.5,192.0,Pedestrian,-46.5,166.0,172.38981988505006
4025,1,21,1077.5,919.0,Pedestrian,819.5,893.0,1212.0351686316696
4025,1,24,744.5,448.0,Pedestrian,486.5,422.0,644.0234855966046
4025,1,27,246.0,203.5,Pedestrian,-12.0,177.5,177.90517136946863
4025,1,43,1473.5,771.5,Pedestrian,1215.5,745.5,1425.906904394533
4025,1,54,1609.5,444.5,Pedestrian,1351.5,418.5,1414.812531751115
4025,1,55,18.5,38.5,Pedestrian,-239.5,12.5,239.8259785761334
4025,1,78,1699.0,288.5,Pedestrian,1441.0,262.5,1464.7140505914456
4025,1,80,1502.5,586.0,Pedestrian,1244.5,560.0,1364.6905326849746
4025,1,81,60.5,303.5,Biker,-197.5,277.5,340.6060774560548
4025,1,82,1039.0,914.0,Pedestrian,781.0,888.0,1182.584035068967
4026,1,2,1132.5,586.0,Biker,874.5,561.0,1038.976058434457
4026,1,3,60.0,23.5,Pedestrian,-198.0,-1.5,198.00568173666127
4026,1,4,284.5,35.0,Pedestrian,26.5,10.0,28.324018076537094
4026,1,6,790.0,250.0,Pedestrian,532.0,225.0,577.6235798510999
4026,1,8,1628.0,296.5,Pedestrian,1370.0,271.5,1396.6432078379933
4026,1,10,219.5,227.5,Pedestrian,-38.5,202.5,206.12738779696403
4026,1,11,1867.0,810.0,Pedestrian,1609.0,785.0,1790.280983533032
4026,1,16,211.5,192.0,Pedestrian,-46.5,167.0,173.35296363200717
4026,1,21,1077.5,919.0,Pedestrian,819.5,894.0,1212.7721344094282
4026,1,24,744.5,448.0,Pedestrian,486.5,423.0,644.679183780584
4026,1,27,246.0,203.5,Pedestrian,-12.0,178.5,178.90290662814843
4026,1,43,1473.5,771.5,Pedestrian,1215.5,746.5,1426.4299842614078
4026,1,54,1609.5,444.5,Pedestrian,1351.5,419.5,1415.108653072265
4026,1,55,18.5,38.5,Pedestrian,-239.5,13.5,239.88017842247825
4026,1,78,1699.0,288.5,Pedestrian,1441.0,263.5,1464.893596818554
4026,1,80,1499.5,586.0,Pedestrian,1241.5,561.0,1362.366782478199
4026,1,81,60.5,303.5,Biker,-197.5,278.5,341.42129400492877
4026,1,82,1039.0,915.0,Pedestrian,781.0,890.0,1184.086567781258
4027,1,2,1130.0,586.0,Biker,869.0,562.5,1035.165324960221
4027,1,3,58.5,23.5,Pedestrian,-202.5,0.0,202.5
4027,1,4,284.5,35.0,Pedestrian,23.5,11.5,26.16295090390226
4027,1,6,787.5,251.0,Pedestrian,526.5,227.5,573.5490388798503
4027,1,8,1630.0,296.5,Pedestrian,1369.0,273.0,1395.9548703306996
4027,1,10,219.5,227.5,Pedestrian,-41.5,204.0,208.17840906299577
4027,1,11,1868.0,811.5,Pedestrian,1607.0,788.0,1789.8025030712188
4027,1,16,211.5,192.0,Pedestrian,-49.5,168.5,175.62032911938184
4027,1,21,1077.5,919.0,Pedestrian,816.5,895.5,1211.8549830734698
4027,1,24,744.5,448.0,Pedestrian,483.5,424.5,643.4069474290746
4027,1,27,246.0,203.5,Pedestrian,-15.0,180.0,180.62391868188442
4027,1,43,1473.5,771.5,Pedestrian,1212.5,748.0,1424.6614510121344
4027,1,54,1609.5,444.5,Pedestrian,1348.5,421.0,1412.6900757066285
4027,1,55,18.5,38.5,Pedestrian,-242.5,15.0,242.96347462118663
4027,1,78,1700.5,288.5,Pedestrian,1439.5,265.0,1463.6889184522781
4027,1,80,1497.0,586.0,Pedestrian,1236.0,562.5,1357.9772641690288
4027,1,81,60.5,303.5,Biker,-200.5,280.0,344.3838701217001
4027,1,82,1037.5,916.0,Pedestrian,776.5,892.5,1183.0082417295325
4028,1,2,1127.0,586.0,Biker,866.0,562.5,1032.6481733872383
4028,1,3,57.5,23.5,Pedestrian,-203.5,0.0,203.5
4028,1,4,283.0,36.0,Pedestrian,22.0,12.5,25.30316185775999
4028,1,6,785.0,251.0,Pedestrian,524.0,227.5,571.2549780964714
4028,1,8,1630.0,296.5,Pedestrian,1369.0,273.0,1395.9548703306996
4028,1,10,219.5,227.5,Pedestrian,-41.5,204.0,208.17840906299577
4028,1,11,1868.0,811.5,Pedestrian,1607.0,788.0,1789.8025030712188
4028,1,16,211.5,192.0,Pedestrian,-49.5,168.5,175.62032911938184
4028,1,21,1076.0,920.5,Pedestrian,815.0,897.0,1211.9546196124672
4028,1,24,744.5,448.0,Pedestrian,483.5,424.5,643.4069474290746
4028,1,27,246.0,203.5,Pedestrian,-15.0,180.0,180.62391868188442
4028,1,43,1473.5,771.5,Pedestrian,1212.5,748.0,1424.6614510121344
4028,1,54,1609.5,444.5,Pedestrian,1348.5,421.0,1412.6900757066285
4028,1,55,18.5,38.5,Pedestrian,-242.5,15.0,242.96347462118663
4028,1,78,1700.5,288.5,Pedestrian,1439.5,265.0,1463.6889184522781
4028,1,80,1494.5,586.0,Pedestrian,1233.5,562.5,1355.702216565275
4028,1,81,60.5,301.5,Biker,-200.5,278.0,342.7597555139751
4028,1,82,1037.5,917.0,Pedestrian,776.5,893.5,1183.7628563187814
4029,1,2,1124.5,586.0,Biker,863.5,562.5,1030.5525217086222
4029,1,3,56.0,23.5,Pedestrian,-205.0,0.0,205.0
4029,1,4,281.5,36.0,Pedestrian,20.5,12.5,24.01041440708594
4029,1,6,782.0,251.0,Pedestrian,521.0,227.5,568.504397520371
4029,1,8,1630.0,296.5,Pedestrian,1369.0,273.0,1395.9548703306996
4029,1,10,219.5,227.5,Pedestrian,-41.5,204.0,208.17840906299577
4029,1,11,1868.0,812.5,Pedestrian,1607.0,789.0,1790.2430002656065
4029,1,16,211.5,192.0,Pedestrian,-49.5,168.5,175.62032911938184
4029,1,21,1075.0,920.5,Pedestrian,814.0,897.0,1211.2823783082126
4029,1,24,744.5,448.0,Pedestrian,483.5,424.5,643.4069474290746
4029,1,27,246.0,203.5,Pedestrian,-15.0,180.0,180.62391868188442
4029,1,43,1473.5,771.5,Pedestrian,1212.5,748.0,1424.6614510121344
4029,1,54,1609.5,444.5,Pedestrian,1348.5,421.0,1412.6900757066285
4029,1,55,18.5,38.5,Pedestrian,-242.5,15.0,242.96347462118663
4029,1,78,1702.0,287.5,Pedestrian,1441.0,264.0,1464.9836176558426
4029,1,80,1491.5,586.0,Pedestrian,1230.5,562.5,1352.9732074213443
4029,1,81,60.5,301.5,Biker,-200.5,278.0,342.7597555139751
4029,1,82,1036.5,918.0,Pedestrian,775.5,894.5,1183.8625342496484
4030,1,2,1121.5,586.0,Biker,858.0,562.5,1025.9484636179343
4030,1,3,56.0,23.5,Pedestrian,-207.5,0.0,207.5
4030,1,4,280.0,37.0,Pedestrian,16.5,13.5,21.319005605327842
4030,1,6,780.5,251.0,Pedestrian,517.0,227.5,564.8409068047391
4030,1,8,1633.0,296.5,Pedestrian,1369.5,273.0,1396.4452191188884
4030,1,10,219.5,227.5,Pedestrian,-44.0,204.0,208.6911593719293
4030,1,11,1868.0,812.5,Pedestrian,1604.5,789.0,1787.9992309841746
4030,1,16,211.5,192.0,Pedestrian,-52.0,168.5,176.3412884153907
4030,1,21,1075.0,923.0,Pedestrian,811.5,899.5,1211.4588313269255
4030,1,24,744.5,448.0,Pedestrian,481.0,424.5,641.5303967856862
4030,1,27,246.0,203.5,Pedestrian,-17.5,180.0,180.84869366406826
4030,1,43,1473.5,771.5,Pedestrian,1210.0,748.0,1422.5343581087945
4030,1,54,1609.5,444.5,Pedestrian,1346.0,421.0,1410.3038679660494
4030,1,55,18.5,38.5,Pedestrian,-245.0,15.0,245.45875417267155
4030,1,78,1702.0,287.5,Pedestrian,1438.5,264.0,1462.5246151774677
4030,1,80,1488.5,587.0,Pedestrian,1225.0,563.5,1348.3906147700673
4030,1,81,60.5,301.5,Biker,-203.0,278.0,344.22812203537353
4030,1,82,1036.5,919.5,Pedestrian,773.0,896.0,1183.36173674832
4031,1,2,1116.0,586.0,Biker,855.0,562.5,1023.4408873989743
4031,1,3,53.5,23.5,Pedestrian,-207.5,0.0,207.5
4031,1,4,278.5,37.0,Pedestrian,17.5,13.5,22.102036105300343
4031,1,6,778.0,251.0,Pedestrian,517.0,227.5,564.8409068047391
4031,1,8,1633.0,296.5,Pedestrian,1372.0,273.0,1398.897065548427
4031,1,10,219.5,227.5,Pedestrian,-41.5,204.0,208.17840906299577
4031,1,11,1869.5,812.5,Pedestrian,1608.5,789.0,1791.5895874892776
4031,1,16,211.5,192.0,Pedestrian,-49.5,168.5,175.62032911938184
4031,1,21,1073.5,923.0,Pedestrian,812.5,899.5,1212.1289122861479
4031,1,24,744.5,448.0,Pedestrian,483.5,424.5,643.4069474290746
4031,1,27,246.0,203.5,Pedestrian,-15.0,180.0,180.62391868188442
4031,1,43,1473.5,771.5,Pedestrian,1212.5,748.0,1424.6614510121344
4031,1,54,1609.5,444.5,Pedestrian,1348.5,421.0,1412.6900757066285
4031,1,55,18.5,38.5,Pedestrian,-242.5,15.0,242.96347462118663
4031,1,78,1703.5,286.5,Pedestrian,1442.5,263.0,1466.2793901572784
4031,1,80,1486.0,585.0,Pedestrian,1225.0,561.5,1347.5560285197791
4031,1,81,60.5,301.5,Biker,-200.5,278.0,342.7597555139751
4031,1,82,1033.5,920.5,Pedestrian,772.5,897.0,1183.7927394607555
4032,1,2,1113.5,586.0,Biker,852.5,562.5,1021.3532689525207
4032,1,3,52.0,23.5,Pedestrian,-209.0,0.0,209.0
4032,1,4,277.5,37.0,Pedestrian,16.5,13.5,21.319005605327842
4032,1,6,775.0,251.0,Pedestrian,514.0,227.5,562.0962995786398
4032,1,8,1633.0,296.5,Pedestrian,1372.0,273.0,1398.897065548427
4032,1,10,219.5,227.5,Pedestrian,-41.5,204.0,208.17840906299577
4032,1,11,1869.5,813.5,Pedestrian,1608.5,790.0,1792.0302034285025
4032,1,16,211.5,192.0,Pedestrian,-49.5,168.5,175.62032911938184
4032,1,21,1073.5,923.0,Pedestrian,812.5,899.5,1212.1289122861479
4032,1,24,744.5,448.0,Pedestrian,483.5,424.5,643.4069474290746
4032,1,27,246.0,203.5,Pedestrian,-15.0,180.0,180.62391868188442
4032,1,43,1473.5,771.5,Pedestrian,1212.5,748.0,1424.6614510121344
4032,1,78,1703.5,286.5,Pedestrian,1442.5,263.0,1466.2793901572784
4032,1,80,1483.5,585.0,Pedestrian,1222.5,561.5,1345.2837990550545
4032,1,81,60.5,301.5,Biker,-200.5,278.0,342.7597555139751
4032,1,82,1033.5,921.5,Pedestrian,772.5,898.0,1184.5506532014576
4033,1,2,1110.5,586.0,Biker,852.5,562.5,1021.3532689525207
4033,1,3,50.5,23.5,Pedestrian,-207.5,0.0,207.5
4033,1,4,277.5,38.5,Pedestrian,19.5,15.0,24.60182920028509
4033,1,6,773.5,251.0,Pedestrian,515.5,227.5,563.4682777228901
4033,1,8,1634.5,294.5,Pedestrian,1376.5,271.0,1402.9231090833168
4033,1,10,219.5,227.5,Pedestrian,-38.5,204.0,207.60118015078817
4033,1,11,1869.5,813.5,Pedestrian,1611.5,790.0,1794.7234466624657
4033,1,16,211.5,192.0,Pedestrian,-46.5,168.5,174.79845537074976
4033,1,21,1073.5,924.0,Pedestrian,815.5,900.5,1214.8829161692909
4033,1,24,744.5,448.0,Pedestrian,486.5,424.5,645.6643865043201
4033,1,27,246.0,203.5,Pedestrian,-12.0,180.0,180.3995565404749
4033,1,43,1473.5,771.5,Pedestrian,1215.5,748.0,1427.2155583512954
4033,1,78,1705.0,286.5,Pedestrian,1447.0,263.0,1470.7066328809426
4033,1,80,1483.5,585.0,Pedestrian,1225.5,561.5,1348.0105711751671
4033,1,81,60.5,300.0,Biker,-197.5,276.5,339.79184804818374
4033,1,82,1032.0,923.0,Pedestrian,774.0,899.5,1186.6660229399004
4034,1,2,1108.0,586.0,Biker,850.0,562.5,1019.2675065948094
4034,1,3,49.0,23.5,Pedestrian,-209.0,0.0,209.0
4034,1,4,274.5,38.5,Pedestrian,16.5,15.0,22.299103120977758
4034,1,6,771.0,251.0,Pedestrian,513.0,227.5,561.1820114722138
4034,1,8,1636.0,294.5,Pedestrian,1378.0,271.0,1404.3948874871342
4034,1,10,219.5,227.5,Pedestrian,-38.5,204.0,207.60118015078817
4034,1,11,1871.0,813.5,Pedestrian,1613.0,790.0,1796.0704329173732
4034,1,16,211.5,192.0,Pedestrian,-46.5,168.5,174.79845537074976
4034,1,21,1072.5,924.0,Pedestrian,814.5,900.5,1214.211884310148
4034,1,24,744.5,448.0,Pedestrian,486.5,424.5,645.6643865043201
4034,1,27,246.0,203.5,Pedestrian,-12.0,180.0,180.3995565404749
4034,1,43,1473.5,771.5,Pedestrian,1215.5,748.0,1427.2155583512954
4034,1,78,1705.0,286.5,Pedestrian,1447.0,263.0,1470.7066328809426
4034,1,80,1480.5,585.0,Pedestrian,1222.5,561.5,1345.2837990550545
4034,1,81,60.5,299.0,Biker,-197.5,275.5,338.97861289467807
4034,1,82,1032.0,924.0,Pedestrian,774.0,900.5,1187.4242081076166
4035,1,2,1105.0,586.0,Biker,847.0,562.5,1016.7670578849416
4035,1,3,49.0,23.5,Pedestrian,-209.0,0.0,209.0
4035,1,4,274.5,39.5,Pedestrian,16.5,16.0,22.983689869122408
4035,1,6,768.5,251.0,Pedestrian,510.5,227.5,558.8975755896603
4035,1,8,1636.0,294.5,Pedestrian,1378.0,271.0,1404.3948874871342
4035,1,10,219.5,227.5,Pedestrian,-38.5,204.0,207.60118015078817
4035,1,11,1871.0,815.0,Pedestrian,1613.0,791.5,1796.7307115981516
4035,1,16,211.5,192.0,Pedestrian,-46.5,168.5,174.79845537074976
4035,1,21,1071.0,926.5,Pedestrian,813.0,903.0,1215.0629613316341
4035,1,24,744.5,448.0,Pedestrian,486.5,424.5,645.6643865043201
4035,1,27,246.0,203.5,Pedestrian,-12.0,180.0,180.3995565404749
4035,1,43,1473.5,771.5,Pedestrian,1215.5,748.0,1427.2155583512954
4035,1,78,1706.0,286.5,Pedestrian,1448.0,263.0,1471.6905245329265
4035,1,80,1480.5,585.0,Pedestrian,1222.5,561.5,1345.2837990550545
4035,1,81,60.5,299.0,Biker,-197.5,275.5,338.97861289467807
4035,1,82,1030.5,925.5,Pedestrian,772.5,902.0,1187.5858916305801
4036,1,2,1102.5,586.0,Biker,847.0,562.5,1016.7670578849416
4036,1,3,46.0,23.5,Pedestrian,-209.5,0.0,209.5
4036,1,4,274.5,39.5,Pedestrian,19.0,16.0,24.839484696748443
4036,1,6,765.5,251.0,Pedestrian,510.0,227.5,558.4409100343563
4036,1,8,1637.5,294.5,Pedestrian,1382.0,271.0,1408.3199210406704
4036,1,10,219.5,227.5,Pedestrian,-36.0,204.0,207.15211801958483
4036,1,11,1871.0,815.0,Pedestrian,1615.5,791.5,1798.9754028335128
4036,1,16,211.5,192.0,Pedestrian,-44.0,168.5,174.150078954906
4036,1,21,1071.0,926.5,Pedestrian,815.5,903.0,1216.7371326625978
4036,1,24,744.5,448.0,Pedestrian,489.0,424.5,647.5501911049058
4036,1,27,246.0,203.5,Pedestrian,-9.5,180.0,180.25052011020662
4036,1,43,1473.5,771.5,Pedestrian,1218.0,748.0,1429.3453046762354
4036,1,78,1706.0,286.5,Pedestrian,1450.5,263.0,1474.1503485058774
4036,1,80,1477.5,583.5,Pedestrian,1222.0,560.0,1344.2038535876916
4036,1,81,60.5,299.0,Biker,-195.0,275.5,337.52814697444126
4036,1,82,1030.5,926.5,Pedestrian,775.0,903.0,1189.9722685844406
4037,1,2,1099.5,586.0,Biker,844.0,562.5,1014.2693182779414
4037,1,3,45.0,23.5,Pedestrian,-210.5,0.0,210.5
4037,1,4,272.0,39.5,Pedestrian,16.5,16.0,22.983689869122408
4037,1,6,764.0,251.0,Pedestrian,508.5,227.5,557.0713598812993
4037,1,8,1639.0,294.5,Pedestrian,1383.5,271.0,1409.7919172700629
4037,1,10,219.5,227.5,Pedestrian,-36.0,204.0,207.15211801958483
4037,1,11,1872.5,815.0,Pedestrian,1617.0,791.5,1800.3225405465544
4037,1,16,211.5,192.0,Pedestrian,-44.0,168.5,174.150078954906
4037,1,21,1069.5,926.5,Pedestrian,814.0,903.0,1215.7322896098467
4037,1,24,744.5,448.0,Pedestrian,489.0,424.5,647.5501911049058
4037,1,27,246.0,203.5,Pedestrian,-9.5,180.0,180.25052011020662
4037,1,43,1473.5,771.5,Pedestrian,1218.0,748.0,1429.3453046762354
4037,1,78,1707.0,286.5,Pedestrian,1451.5,263.0,1475.1343159183843
4037,1,80,1475.0,583.5,Pedestrian,1219.5,560.0,1341.931537001795
4037,1,81,60.5,299.0,Biker,-195.0,275.5,337.52814697444126
4037,1,82,1029.5,927.5,Pedestrian,774.0,904.0,1190.0806695346328
4038,1,2,1097.0,586.0,Biker,841.5,562.5,1012.1899525286743
4038,1,3,44.0,23.5,Pedestrian,-211.5,0.0,211.5
4038,1,4,272.0,40.5,Pedestrian,16.5,17.0,23.69071548096427
4038,1,6,761.0,251.0,Pedestrian,505.5,227.5,554.3342854271239
4038,1,8,1639.0,294.5,Pedestrian,1383.5,271.0,1409.7919172700629
4038,1,10,219.5,227.5,Pedestrian,-36.0,204.0,207.15211801958483
4038,1,11,1872.5,816.0,Pedestrian,1617.0,792.5,1800.762407981686
4038,1,16,211.5,192.0,Pedestrian,-44.0,168.5,174.150078954906
4038,1,21,1069.5,927.5,Pedestrian,814.0,904.0,1216.4752360816885
4038,1,24,744.5,448.0,Pedestrian,489.0,424.5,647.5501911049058
4038,1,27,246.0,203.5,Pedestrian,-9.5,180.0,180.25052011020662
4038,1,43,1473.5,771.5,Pedestrian,1218.0,748.0,1429.3453046762354
4038,1,78,1707.0,286.5,Pedestrian,1451.5,263.0,1475.1343159183843
4038,1,80,1475.0,583.5,Pedestrian,1219.5,560.0,1341.931537001795
4038,1,81,60.5,299.0,Biker,-195.0,275.5,337.52814697444126
4038,1,82,1029.5,928.5,Pedestrian,774.0,905.0,1190.8404595074858
4039,1,2,1094.0,586.0,Biker,841.5,562.5,1012.1899525286743
4039,1,3,42.5,23.5,Pedestrian,-210.0,0.0,210.0
4039,1,4,270.5,40.5,Pedestrian,18.0,17.0,24.758836806279895
4039,1,6,759.0,251.0,Pedestrian,506.5,227.5,555.2463417259046
4039,1,8,1639.0,294.5,Pedestrian,1386.5,271.0,1412.7360864648429
4039,1,10,219.5,227.5,Pedestrian,-33.0,204.0,206.65188119153427
4039,1,11,1872.5,816.0,Pedestrian,1620.0,792.5,1803.45675024382
4039,1,16,211.5,192.0,Pedestrian,-41.0,168.5,173.4164063749448
4039,1,21,1069.5,927.5,Pedestrian,817.0,904.0,1218.4847147174232
4039,1,24,744.5,448.0,Pedestrian,492.0,424.5,649.8186285418417
4039,1,27,246.0,203.5,Pedestrian,-6.5,180.0,180.11732287595217
4039,1,43,1473.5,771.5,Pedestrian,1221.0,748.0,1431.902580485139
4039,1,78,1707.0,286.5,Pedestrian,1454.5,263.0,1478.0863472747455
4039,1,80,1472.5,583.5,Pedestrian,1220.0,560.0,1342.3859355639868
4039,1,81,60.5,296.5,Biker,-192.0,273.0,333.75589882427545
4039,1,82,1028.0,929.5,Pedestrian,775.5,906.0,1192.575469310014
4040,1,2,1091.5,586.0,Biker,839.0,562.5,1010.1124937352275
4040,1,3,42.5,23.5,Pedestrian,-210.0,0.0,210.0
4040,1,4,269.0,40.5,Pedestrian,16.5,17.0,23.69071548096427
4040,1,6,759.0,253.5,Pedestrian,506.5,230.0,556.2753365016284
4040,1,8,1641.0,294.5,Pedestrian,1388.5,271.0,1414.6989962532666
4040,1,10,219.5,227.5,Pedestrian,-33.0,204.0,206.65188119153427
4040,1,11,1874.0,817.0,Pedestrian,1621.5,793.5,1805.2436123692557
4040,1,16,211.5,192.0,Pedestrian,-41.0,168.5,173.4164063749448
4040,1,21,1069.5,929.5,Pedestrian,817.0,906.0,1219.9692619078564
4040,1,24,744.5,448.0,Pedestrian,492.0,424.5,649.8186285418417
4040,1,27,246.0,203.5,Pedestrian,-6.5,180.0,180.11732287595217
4040,1,43,1473.5,771.5,Pedestrian,1221.0,748.0,1431.902580485139
4040,1,78,1708.5,286.5,Pedestrian,1456.0,263.0,1479.562435316604
4040,1,80,1472.5,583.5,Pedestrian,1220.0,560.0,1342.3859355639868
4040,1,81,60.5,296.5,Biker,-192.0,273.0,333.75589882427545
4040,1,82,1028.0,932.0,Pedestrian,775.5,908.5,1194.4758264611303
4041,1,2,1086.0,586.0,Biker,833.5,562.5,1005.54885510352
4041,1,3,42.5,23.5,Pedestrian,-210.0,0.0,210.0
4041,1,4,268.0,41.5,Pedestrian,15.5,18.0,23.753947040439407
4041,1,6,756.0,253.5,Pedestrian,503.5,230.0,553.5451652756078
4041,1,8,1641.0,294.5,Pedestrian,1388.5,271.0,1414.6989962532666
4041,1,10,219.5,227.5,Pedestrian,-33.0,204.0,206.65188119153427
4041,1,11,1874.0,817.0,Pedestrian,1621.5,793.5,1805.2436123692557
4041,1,16,211.5,192.0,Pedestrian,-41.0,168.5,173.4164063749448
4041,1,21,1066.5,929.5,Pedestrian,814.0,906.0,1217.9622325835887
4041,1,24,744.5,448.0,Pedestrian,492.0,424.5,649.8186285418417
4041,1,27,246.0,203.5,Pedestrian,-6.5,180.0,180.11732287595217
4041,1,43,1473.5,771.5,Pedestrian,1221.0,748.0,1431.902580485139
4041,1,78,1710.0,286.5,Pedestrian,1457.5,263.0,1481.038571408591
4041,1,80,1469.5,581.0,Pedestrian,1217.0,557.5,1338.616916821239
4041,1,81,60.5,296.5,Biker,-192.0,273.0,333.75589882427545
4041,1,82,1025.5,932.0,Pedestrian,773.0,908.5,1192.8542450777463
4042,1,2,1083.0,586.0,Biker,833.0,562.5,1005.1344437437212
4042,1,3,42.5,23.5,Pedestrian,-207.5,0.0,207.5
4042,1,4,268.0,42.5,Pedestrian,18.0,19.0,26.1725046566048
4042,1,6,753.0,253.5,Pedestrian,503.0,230.0,553.0904085228743
4042,1,8,1641.0,294.5,Pedestrian,1391.0,271.0,1417.1527793431449
4042,1,10,219.5,227.5,Pedestrian,-30.5,204.0,206.26742350647618
4042,1,11,1874.0,817.0,Pedestrian,1624.0,793.5,1807.4894882128638
4042,1,16,211.5,192.0,Pedestrian,-38.5,168.5,172.8424137762488
4042,1,21,1066.5,929.5,Pedestrian,816.5,906.0,1219.6344739306116
4042,1,24,744.5,448.0,Pedestrian,494.5,424.5,651.7135106778131
4042,1,27,246.0,203.5,Pedestrian,-4.0,180.0,180.0444389588304
4042,1,43,1473.5,771.5,Pedestrian,1223.5,748.0,1434.0349542462345
4042,1,78,1710.0,286.5,Pedestrian,1460.0,263.0,1483.4989046170542
4042,1,80,1466.5,581.0,Pedestrian,1216.5,557.5,1338.16235935704
4042,1,81,60.5,296.5,Biker,-189.5,273.0,332.3240135771112
4042,1,82,1025.5,932.0,Pedestrian,775.5,908.5,1194.4758264611303
4043,1,2,1080.5,586.0,Biker,830.5,562.5,1003.0635573083093
4043,1,3,42.5,23.5,Pedestrian,-207.5,0.0,207.5
4043,1,4,265.0,42.5,Pedestrian,15.0,19.0,24.20743687382041
4043,1,6,753.0,253.5,Pedestrian,503.0,230.0,553.0904085228743
4043,1,8,1642.5,294.5,Pedestrian,1392.5,271.0,1418.6251266631364
4043,1,10,219.5,227.5,Pedestrian,-30.5,204.0,206.26742350647618
4043,1,11,1874.0,818.0,Pedestrian,1624.0,794.5,1807.9287181744749
4043,1,16,211.5,192.0,Pedestrian,-38.5,168.5,172.8424137762488
4043,1,21,1066.5,929.5,Pedestrian,816.5,906.0,1219.6344739306116
4043,1,24,744.5,448.0,Pedestrian,494.5,424.5,651.7135106778131
4043,1,27,246.0,203.5,Pedestrian,-4.0,180.0,180.0444389588304
4043,1,43,1473.5,771.5,Pedestrian,1223.5,748.0,1434.0349542462345
4043,1,78,1710.0,286.5,Pedestrian,1460.0,263.0,1483.4989046170542
4043,1,80,1464.0,579.0,Pedestrian,1214.0,555.5,1335.0566467382573
4043,1,81,60.5,296.5,Biker,-189.5,273.0,332.3240135771112
4043,1,82,1025.5,932.0,Pedestrian,775.5,908.5,1194.4758264611303
4044,1,2,1077.5,586.0,Biker,830.5,562.5,1003.0635573083093
4044,1,3,42.5,23.5,Pedestrian,-204.5,0.0,204.5
4044,1,4,265.0,42.5,Pedestrian,18.0,19.0,26.1725046566048
4044,1,6,750.0,253.5,Pedestrian,503.0,230.0,553.0904085228743
4044,1,8,1644.0,294.5,Pedestrian,1397.0,271.0,1423.0425151765494
4044,1,10,219.5,227.5,Pedestrian,-27.5,204.0,205.84520883421115
4044,1,11,1875.0,818.0,Pedestrian,1628.0,794.5,1811.5226330355356
4044,1,16,211.5,192.0,Pedestrian,-35.5,168.5,172.19901277301216
4044,1,21,1066.5,932.0,Pedestrian,819.5,908.5,1223.5001021659132
4044,1,24,744.5,448.0,Pedestrian,497.5,424.5,653.992736962728
4044,1,27,246.0,203.5,Pedestrian,-1.0,180.0,180.00277775634464
4044,1,43,1473.5,771.5,Pedestrian,1226.5,748.0,1436.5953675269875
4044,1,78,1711.5,285.5,Pedestrian,1464.5,262.0,1487.7514073258342
4044,1,80,1461.5,579.0,Pedestrian,1214.5,555.5,1335.511325298292
4044,1,81,60.5,295.5,Biker,-186.5,272.0,329.79728622291606
4044,1,82,1025.5,934.5,Pedestrian,778.5,911.0,1198.3251854150442
4045,1,2,1075.0,586.0,Biker,828.0,562.5,1000.9946303552282
4045,1,3,42.5,23.5,Pedestrian,-204.5,0.0,204.5
4045,1,4,262.0,42.5,Pedestrian,15.0,19.0,24.20743687382041
4045,1,6,748.0,255.5,Pedestrian,501.0,232.0,552.1095905705678
4045,1,8,1644.0,294.5,Pedestrian,1397.0,271.0,1423.0425151765494
4045,1,10,219.5,227.5,Pedestrian,-27.5,204.0,205.84520883421115
4045,1,11,1875.0,818.0,Pedestrian,1628.0,794.5,1811.5226330355356
4045,1,16,211.5,192.0,Pedestrian,-35.5,168.5,172.19901277301216
4045,1,21,1066.5,932.0,Pedestrian,819.5,908.5,1223.5001021659132
4045,1,24,743.5,448.0,Pedestrian,496.5,424.5,653.2323476375003
4045,1,27,246.0,203.5,Pedestrian,-1.0,180.0,180.00277775634464
4045,1,43,1473.5,771.5,Pedestrian,1226.5,748.0,1436.5953675269875
4045,1,78,1713.0,285.5,Pedestrian,1466.0,262.0,1489.2279879185726
4045,1,80,1458.5,579.0,Pedestrian,1211.5,555.5,1332.7837408972246
4045,1,81,60.5,294.5,Biker,-186.5,271.0,328.9730232101106
4045,1,82,1025.5,934.5,Pedestrian,778.5,911.0,1198.3251854150442
4046,1,2,1072.0,586.0,Biker,825.0,562.5,998.5145216770761
4046,1,3,42.5,23.5,Pedestrian,-204.5,0.0,204.5
4046,1,4,262.0,42.5,Pedestrian,15.0,19.0,24.20743687382041
4046,1,6,748.0,255.5,Pedestrian,501.0,232.0,552.1095905705678
4046,1,8,1645.5,294.5,Pedestrian,1398.5,271.0,1424.5150929351364
4046,1,10,219.5,227.5,Pedestrian,-27.5,204.0,205.84520883421115
4046,1,11,1875.0,819.0,Pedestrian,1628.0,795.5,1811.9614372276249
4046,1,16,211.5,192.0,Pedestrian,-35.5,168.5,172.19901277301216
4046,1,21,1066.5,932.0,Pedestrian,819.5,908.5,1223.5001021659132
4046,1,24,743.5,448.0,Pedestrian,496.5,424.5,653.2323476375003
4046,1,27,247.0,203.5,Pedestrian,0.0,180.0,180.0
4046,1,43,1473.5,771.5,Pedestrian,1226.5,748.0,1436.5953675269875
4046,1,78,1713.0,284.5,Pedestrian,1466.0,261.0,1489.0523832290119
4046,1,80,1455.5,577.0,Pedestrian,1208.5,553.5,1329.22326943219
4046,1,81,60.5,294.5,Biker,-186.5,271.0,328.9730232101106
4046,1,82,1022.5,934.5,Pedestrian,775.5,911.0,1196.3783891394896
4047,1,2,1069.5,586.0,Biker,825.0,562.5,998.5145216770761
4047,1,3,42.5,23.5,Pedestrian,-202.0,0.0,202.0
4047,1,4,260.5,45.0,Pedestrian,16.0,21.5,26.800186566514792
4047,1,6,745.0,255.5,Pedestrian,500.5,232.0,551.655916310158
4047,1,8,1647.0,294.5,Pedestrian,1402.5,271.0,1428.4422459448615
4047,1,10,219.5,227.5,Pedestrian,-25.0,204.0,205.526154053444
4047,1,11,1876.5,819.0,Pedestrian,1632.0,795.5,1815.556182000436
4047,1,16,211.5,192.0,Pedestrian,-33.0,168.5,171.70104833692776
4047,1,21,1066.5,934.5,Pedestrian,822.0,911.0,1227.0309694543166
4047,1,24,743.5,448.0,Pedestrian,499.0,424.5,655.1345281695966
4047,1,27,247.0,203.5,Pedestrian,2.5,180.0,180.0173602739469
4047,1,43,1473.5,771.5,Pedestrian,1229.0,748.0,1438.7303430455618
4047,1,78,1713.0,284.5,Pedestrian,1468.5,261.0,1491.5137444891348
4047,1,80,1453.0,577.0,Pedestrian,1208.5,553.5,1329.22326943219
4047,1,81,60.5,294.5,Biker,-184.0,271.0,327.5622078323444
4047,1,82,1022.5,934.5,Pedestrian,778.0,911.0,1198.0004173621978
4048,1,2,1066.5,586.0,Biker,822.0,562.5,996.0372733989426
4048,1,3,42.5,23.5,Pedestrian,-202.0,0.0,202.0
4048,1,4,259.5,45.0,Pedestrian,15.0,21.5,26.21545345783666
4048,1,6,745.0,255.5,Pedestrian,500.5,232.0,551.655916310158
4048,1,8,1647.0,294.5,Pedestrian,1402.5,271.0,1428.4422459448615
4048,1,10,219.5,227.5,Pedestrian,-25.0,204.0,205.526154053444
4048,1,11,1876.5,820.5,Pedestrian,1632.0,797.0,1816.2139191185602
4048,1,16,211.5,192.0,Pedestrian,-33.0,168.5,171.70104833692776
4048,1,21,1066.5,934.5,Pedestrian,822.0,911.0,1227.0309694543166
4048,1,24,743.5,448.0,Pedestrian,499.0,424.5,655.1345281695966
4048,1,27,247.0,203.5,Pedestrian,2.5,180.0,180.0173602739469
4048,1,43,1473.5,771.5,Pedestrian,1229.0,748.0,1438.7303430455618
4048,1,78,1714.5,284.5,Pedestrian,1470.0,261.0,1492.9906228774512
4048,1,80,1450.5,574.5,Pedestrian,1206.0,551.0,1325.9098762736478
4048,1,81,60.5,294.5,Biker,-184.0,271.0,327.5622078323444
4048,1,82,1022.5,936.5,Pedestrian,778.0,913.0,1199.5219881269372
4049,1,2,1064.0,586.0,Biker,819.5,562.5,993.9751002917528
4049,1,3,42.5,23.5,Pedestrian,-202.0,0.0,202.0
4049,1,4,258.5,45.0,Pedestrian,14.0,21.5,25.656383221335
4049,1,6,742.0,258.0,Pedestrian,497.5,234.5,549.9968181726146
4049,1,8,1648.5,294.5,Pedestrian,1404.0,271.0,1429.9150324407392
4049,1,10,219.5,227.5,Pedestrian,-25.0,204.0,205.526154053444
4049,1,11,1876.5,820.5,Pedestrian,1632.0,797.0,1816.2139191185602
4049,1,16,211.5,192.0,Pedestrian,-33.0,168.5,171.70104833692776
4049,1,21,1063.5,934.5,Pedestrian,819.0,911.0,1225.0232650851983
4049,1,24,743.5,448.0,Pedestrian,499.0,424.5,655.1345281695966
4049,1,27,247.0,203.5,Pedestrian,2.5,180.0,180.0173602739469
4049,1,43,1473.5,771.5,Pedestrian,1229.0,748.0,1438.7303430455618
4049,1,78,1716.0,284.5,Pedestrian,1471.5,261.0,1494.467547322457
4049,1,80,1447.5,574.5,Pedestrian,1203.0,551.0,1323.181771337559
4049,1,81,60.5,294.5,Biker,-184.0,271.0,327.5622078323444
4049,1,82,1022.5,936.5,Pedestrian,778.0,913.0,1199.5219881269372
4050,1,2,1061.0,588.0,Biker,819.5,564.5,995.1082855649429
4050,1,3,42.5,23.5,Pedestrian,-199.0,0.0,199.0
4050,1,4,258.5,45.0,Pedestrian,17.0,21.5,27.408940147331492
4050,1,6,739.0,258.0,Pedestrian,497.5,234.5,549.9968181726146
4050,1,8,1650.0,294.5,Pedestrian,1408.5,271.0,1434.3337303431165
4050,1,10,219.5,227.5,Pedestrian,-22.0,204.0,205.1828452868319
4050,1,11,1878.0,820.5,Pedestrian,1636.5,797.0,1820.2585667975854
4050,1,16,211.5,192.0,Pedestrian,-30.0,168.5,171.14978819735651
4050,1,21,1063.5,936.5,Pedestrian,822.0,913.0,1228.5165851546328
4050,1,24,743.5,448.0,Pedestrian,502.0,424.5,657.4224288841992
4050,1,27,247.0,203.5,Pedestrian,5.5,180.0,180.08400817396307
4050,1,43,1473.5,771.5,Pedestrian,1232.0,748.0,1441.2938631660095
4050,1,78,1716.0,284.5,Pedestrian,1474.5,261.0,1497.421533837416
4050,1,80,1446.0,574.5,Pedestrian,1204.5,551.0,1324.5456768265865
4050,1,81,60.5,293.0,Biker,-181.0,269.5,324.6401854361225
4050,1,82,1022.5,936.5,Pedestrian,781.0,913.0,1201.469933040357
4051,1,2,1055.5,586.0,Biker,814.0,562.5,989.4454254783333
4051,1,3,42.5,23.5,Pedestrian,-199.0,0.0,199.0
4051,1,4,255.5,45.0,Pedestrian,14.0,21.5,25.656383221335
4051,1,6,739.0,258.0,Pedestrian,497.5,234.5,549.9968181726146
4051,1,8,1650.0,294.5,Pedestrian,1408.5,271.0,1434.3337303431165
4051,1,10,219.5,227.5,Pedestrian,-22.0,204.0,205.1828452868319
4051,1,11,1878.0,820.5,Pedestrian,1636.5,797.0,1820.2585667975854
4051,1,16,211.5,192.0,Pedestrian,-30.0,168.5,171.14978819735651
4051,1,21,1063.5,936.5,Pedestrian,822.0,913.0,1228.5165851546328
4051,1,24,743.5,448.0,Pedestrian,502.0,424.5,657.4224288841992
4051,1,27,247.0,203.5,Pedestrian,5.5,180.0,180.08400817396307
4051,1,43,1473.5,771.5,Pedestrian,1232.0,748.0,1441.2938631660095
4051,1,78,1716.0,284.5,Pedestrian,1474.5,261.0,1497.421533837416
4051,1,80,1443.5,574.5,Pedestrian,1202.0,551.0,1322.2726647707725
4051,1,81,59.0,292.0,Biker,-182.5,268.5,324.65135145260064
4051,1,82,1022.5,938.5,Pedestrian,781.0,915.0,1202.990440527272
4052,1,2,1053.0,586.0,Biker,811.5,562.5,987.3897406799405
4052,1,3,42.5,23.5,Pedestrian,-199.0,0.0,199.0
4052,1,4,255.5,46.5,Pedestrian,14.0,23.0,26.92582403567252
4052,1,6,737.0,258.0,Pedestrian,495.5,234.5,548.1883800300769
4052,1,8,1650.0,294.5,Pedestrian,1408.5,271.0,1434.3337303431165
4052,1,10,219.5,227.5,Pedestrian,-22.0,204.0,205.1828452868319
4052,1,11,1878.0,821.5,Pedestrian,1636.5,798.0,1820.6966386523593
4052,1,16,211.5,192.0,Pedestrian,-30.0,168.5,171.14978819735651
4052,1,21,1063.5,936.5,Pedestrian,822.0,913.0,1228.5165851546328
4052,1,24,743.5,448.0,Pedestrian,502.0,424.5,657.4224288841992
4052,1,27,247.0,203.5,Pedestrian,5.5,180.0,180.08400817396307
4052,1,43,1473.5,771.5,Pedestrian,1232.0,748.0,1441.2938631660095
4052,1,78,1716.0,284.5,Pedestrian,1474.5,261.0,1497.421533837416
4052,1,80,1443.5,574.5,Pedestrian,1202.0,551.0,1322.2726647707725
4052,1,81,59.0,292.0,Biker,-182.5,268.5,324.65135145260064
4052,1,82,1020.0,938.5,Pedestrian,778.5,915.0,1201.3689067060127
4053,1,2,1050.0,586.0,Biker,811.0,562.5,986.9788498240476
4053,1,3,42.5,23.5,Pedestrian,-196.5,0.0,196.5
4053,1,4,255.5,47.5,Pedestrian,16.5,24.0,29.124731758421397
4053,1,6,734.0,258.0,Pedestrian,495.0,234.5,547.7364786099242
4053,1,8,1651.0,294.5,Pedestrian,1412.0,271.0,1437.7708440499132
4053,1,10,219.5,227.5,Pedestrian,-19.5,204.0,204.9298660517788
4053,1,11,1878.0,821.5,Pedestrian,1639.0,798.0,1822.9440474134142
4053,1,16,211.5,192.0,Pedestrian,-27.5,168.5,170.72931792753113
4053,1,21,1063.5,938.5,Pedestrian,824.5,915.0,1231.6757893211995
4053,1,24,743.5,448.0,Pedestrian,504.5,424.5,659.3333754634298
4053,1,27,247.0,203.5,Pedestrian,8.0,180.0,180.17769007288334
4053,1,43,1473.5,771.5,Pedestrian,1234.5,748.0,1443.4314150661958
4053,1,78,1718.0,284.5,Pedestrian,1479.0,261.0,1501.85285564199
4053,1,80,1440.5,574.5,Pedestrian,1201.5,551.0,1321.8181607165186
4053,1,81,59.0,292.0,Biker,-180.0,268.5,323.2526101982782
4053,1,82,1020.0,938.5,Pedestrian,781.0,915.0,1202.990440527272
4054,1,2,1047.5,586.0,Biker,808.5,562.5,984.9256317103337
4054,1,3,42.5,23.5,Pedestrian,-196.5,0.0,196.5
4054,1,4,252.5,47.5,Pedestrian,13.5,24.0,27.536339626028727
4054,1,6,734.0,260.0,Pedestrian,495.0,236.5,548.5957072380352
4054,1,8,1652.0,294.5,Pedestrian,1413.0,271.0,1438.752932229853
4054,1,10,218.0,227.5,Pedestrian,-21.0,204.0,205.0780339285512
4054,1,11,1879.0,822.5,Pedestrian,1640.0,799.0,1824.2809542392313
4054,1,16,211.5,192.0,Pedestrian,-27.5,168.5,170.72931792753113
4054,1,21,1063.5,938.5,Pedestrian,824.5,915.0,1231.6757893211995
4054,1,24,743.5,448.0,Pedestrian,504.5,424.5,659.3333754634298
4054,1,27,247.0,203.5,Pedestrian,8.0,180.0,180.17769007288334
4054,1,43,1473.5,771.5,Pedestrian,1234.5,748.0,1443.4314150661958
4054,1,78,1718.0,284.5,Pedestrian,1479.0,261.0,1501.85285564199
4054,1,80,1440.5,574.5,Pedestrian,1201.5,551.0,1321.8181607165186
4054,1,81,59.0,292.0,Biker,-180.0,268.5,323.2526101982782
4054,1,82,1020.0,938.5,Pedestrian,781.0,915.0,1202.990440527272
4055,1,2,1044.5,586.0,Biker,805.5,562.5,982.46450317556
4055,1,3,42.5,23.5,Pedestrian,-196.5,0.0,196.5
4055,1,4,252.5,47.5,Pedestrian,13.5,24.0,27.536339626028727
4055,1,6,731.0,260.0,Pedestrian,492.0,236.5,545.8903278131972
4055,1,8,1652.0,294.5,Pedestrian,1413.0,271.0,1438.752932229853
4055,1,10,218.0,227.5,Pedestrian,-21.0,204.0,205.0780339285512
4055,1,11,1879.0,822.5,Pedestrian,1640.0,799.0,1824.2809542392313
4055,1,16,211.5,192.0,Pedestrian,-27.5,168.5,170.72931792753113
4055,1,21,1063.5,938.5,Pedestrian,824.5,915.0,1231.6757893211995
4055,1,24,743.5,448.0,Pedestrian,504.5,424.5,659.3333754634298
4055,1,27,247.0,203.5,Pedestrian,8.0,180.0,180.17769007288334
4055,1,43,1473.5,771.5,Pedestrian,1234.5,748.0,1443.4314150661958
4055,1,78,1718.0,284.5,Pedestrian,1479.0,261.0,1501.85285564199
4055,1,80,1440.5,574.5,Pedestrian,1201.5,551.0,1321.8181607165186
4055,1,81,59.0,291.0,Biker,-180.0,267.5,322.42247130124167
4055,1,82,1020.0,941.5,Pedestrian,781.0,918.0,1205.2738278084362
4056,1,2,1042.0,586.0,Biker,806.0,562.5,982.8744833395565
4056,1,3,42.5,23.5,Pedestrian,-193.5,0.0,193.5
4056,1,4,251.0,48.5,Pedestrian,15.0,25.0,29.154759474226502
4056,1,6,731.0,260.0,Pedestrian,495.0,236.5,548.5957072380352
4056,1,8,1653.5,294.5,Pedestrian,1417.5,271.0,1443.1726334711311
4056,1,10,218.0,227.5,Pedestrian,-18.0,204.0,204.79257799051214
4056,1,11,1880.5,822.5,Pedestrian,1644.5,799.0,1828.3274460555472
4056,1,16,211.5,192.0,Pedestrian,-24.5,168.5,170.27184147709215
4056,1,21,1063.5,941.5,Pedestrian,827.5,918.0,1235.912719410234
4056,1,24,743.5,448.0,Pedestrian,507.5,424.5,661.6316951295487
4056,1,27,247.0,203.5,Pedestrian,11.0,180.0,180.33579788827288
4056,1,43,1473.5,771.5,Pedestrian,1237.5,748.0,1445.998011755203
4056,1,78,1718.0,284.5,Pedestrian,1482.0,261.0,1504.8072966330274
4056,1,80,1438.0,574.5,Pedestrian,1202.0,551.0,1322.2726647707725
4056,1,81,57.5,290.0,Biker,-178.5,266.5,320.75613789918344
4056,1,82,1020.0,941.5,Pedestrian,784.0,918.0,1207.2199468199653
4057,1,2,1039.0,586.0,Biker,803.0,562.5,980.41585564494
4057,1,3,42.5,23.5,Pedestrian,-193.5,0.0,193.5
4057,1,4,249.5,48.5,Pedestrian,13.5,25.0,28.412145290350743
4057,1,6,728.0,260.0,Pedestrian,492.0,236.5,545.8903278131972
4057,1,8,1655.0,294.5,Pedestrian,1419.0,271.0,1444.6459773937697
4057,1,10,218.0,227.5,Pedestrian,-18.0,204.0,204.79257799051214
4057,1,11,1880.5,822.5,Pedestrian,1644.5,799.0,1828.3274460555472
4057,1,16,211.5,192.0,Pedestrian,-24.5,168.5,170.27184147709215
4057,1,21,1061.5,941.5,Pedestrian,825.5,918.0,1234.5745218495317
4057,1,24,743.5,448.0,Pedestrian,507.5,424.5,661.6316951295487
4057,1,27,247.0,203.5,Pedestrian,11.0,180.0,180.33579788827288
4057,1,43,1473.5,771.5,Pedestrian,1237.5,748.0,1445.998011755203
4057,1,78,1721.0,284.5,Pedestrian,1485.0,261.0,1507.7619175453399
4057,1,80,1438.0,574.5,Pedestrian,1202.0,551.0,1322.2726647707725
4057,1,81,57.5,290.0,Biker,-178.5,266.5,320.75613789918344
4057,1,82,1020.0,941.5,Pedestrian,784.0,918.0,1207.2199468199653
4058,1,2,1036.5,584.0,Biker,803.0,560.5,979.269753438755
4058,1,3,42.5,23.5,Pedestrian,-191.0,0.0,191.0
4058,1,4,248.5,48.5,Pedestrian,15.0,25.0,29.154759474226502
4058,1,6,726.0,262.5,Pedestrian,492.5,239.0,547.4278491271704
4058,1,8,1655.0,294.5,Pedestrian,1421.5,271.0,1447.1016723091711
4058,1,10,218.0,227.5,Pedestrian,-15.5,204.0,204.58800062564765
4058,1,11,1880.5,824.0,Pedestrian,1647.0,800.5,1831.2316210681815
4058,1,16,211.5,192.0,Pedestrian,-22.0,168.5,169.9301327016489
4058,1,21,1061.5,941.5,Pedestrian,828.0,918.0,1236.2475480258797
4058,1,24,743.5,448.0,Pedestrian,510.0,424.5,663.5512414275178
4058,1,27,247.0,203.5,Pedestrian,13.5,180.0,180.50554008118422
4058,1,43,1473.5,771.5,Pedestrian,1240.0,748.0,1448.1381149600338
4058,1,78,1721.0,283.0,Pedestrian,1487.5,259.5,1509.9657280878928
4058,1,80,1435.0,574.5,Pedestrian,1201.5,551.0,1321.8181607165186
4058,1,81,57.5,290.0,Biker,-176.0,266.5,319.37164871040136
4058,1,82,1017.0,941.5,Pedestrian,783.5,918.0,1206.895293718556
4059,1,2,1033.5,584.0,Biker,800.0,560.5,976.8112663150441
4059,1,3,42.5,23.5,Pedestrian,-191.0,0.0,191.0
4059,1,4,247.5,49.5,Pedestrian,14.0,26.0,29.5296461204668
4059,1,6,726.0,262.5,Pedestrian,492.5,239.0,547.4278491271704
4059,1,8,1656.5,294.5,Pedestrian,1423.0,271.0,1448.5751620126587
4059,1,10,218.0,227.5,Pedestrian,-15.5,204.0,204.58800062564765
4059,1,11,1880.5,825.0,Pedestrian,1647.0,801.5,1831.6689793737296
4059,1,16,211.5,192.0,Pedestrian,-22.0,168.5,169.9301327016489
4059,1,21,1061.5,943.5,Pedestrian,828.0,920.0,1237.7334123307814
4059,1,24,743.5,448.0,Pedestrian,510.0,424.5,663.5512414275178
4059,1,27,247.0,203.5,Pedestrian,13.5,180.0,180.50554008118422
4059,1,43,1473.5,771.5,Pedestrian,1240.0,748.0,1448.1381149600338
4059,1,78,1721.0,283.0,Pedestrian,1487.5,259.5,1509.9657280878928
4059,1,80,1435.0,574.5,Pedestrian,1201.5,551.0,1321.8181607165186
4059,1,81,57.5,290.0,Biker,-176.0,266.5,319.37164871040136
4059,1,82,1017.0,943.5,Pedestrian,783.5,920.0,1208.417249959632
4060,1,2,1031.0,584.0,Biker,797.5,560.5,974.7648434366106
4060,1,3,42.5,23.5,Pedestrian,-191.0,0.0,191.0
4060,1,4,246.0,49.5,Pedestrian,12.5,26.0,28.848743473503312
4060,1,6,723.0,262.5,Pedestrian,489.5,239.0,544.7304379231989
4060,1,8,1658.0,294.5,Pedestrian,1424.5,271.0,1450.0487060785233
4060,1,10,218.0,227.5,Pedestrian,-15.5,204.0,204.58800062564765
4060,1,11,1882.0,825.0,Pedestrian,1648.5,801.5,1833.0178667978116
4060,1,16,211.5,192.0,Pedestrian,-22.0,168.5,169.9301327016489
4060,1,21,1061.5,943.5,Pedestrian,828.0,920.0,1237.7334123307814
4060,1,24,743.5,448.0,Pedestrian,510.0,424.5,663.5512414275178
4060,1,27,247.0,203.5,Pedestrian,13.5,180.0,180.50554008118422
4060,1,43,1473.5,771.5,Pedestrian,1240.0,748.0,1448.1381149600338
4060,1,78,1721.0,283.0,Pedestrian,1487.5,259.5,1509.9657280878928
4060,1,80,1435.0,574.5,Pedestrian,1201.5,551.0,1321.8181607165186
4060,1,81,57.5,290.0,Biker,-176.0,266.5,319.37164871040136
4060,1,82,1017.0,943.5,Pedestrian,783.5,920.0,1208.417249959632
4061,1,2,1028.0,584.0,Biker,797.5,560.5,974.7648434366106
4061,1,3,42.5,23.5,Pedestrian,-188.0,0.0,188.0
4061,1,4,246.0,50.5,Pedestrian,15.5,27.0,31.132780152116194
4061,1,6,720.0,262.5,Pedestrian,489.5,239.0,544.7304379231989
4061,1,8,1658.0,294.5,Pedestrian,1427.5,271.0,1452.9959566358057
4061,1,10,218.0,227.5,Pedestrian,-12.5,204.0,204.38260689207388
4061,1,11,1882.0,825.0,Pedestrian,1651.5,801.5,1835.7163451906179
4061,1,16,211.5,192.0,Pedestrian,-19.0,168.5,169.5678330344526
4061,1,21,1061.5,943.5,Pedestrian,831.0,920.0,1239.7423119342182
4061,1,24,743.5,448.0,Pedestrian,513.0,424.5,665.8597825368341
4061,1,27,247.0,203.5,Pedestrian,16.5,180.0,180.75466798951555
4061,1,43,1473.5,771.5,Pedestrian,1243.0,748.0,1450.7077583028224
4061,1,78,1724.0,281.5,Pedestrian,1493.5,258.0,1515.6207474167145
4061,1,80,1429.5,572.0,Pedestrian,1199.0,548.5,1318.5041714003032
4061,1,81,57.5,289.0,Biker,-173.0,265.5,316.88996512985386
4061,1,82,1017.0,943.5,Pedestrian,786.5,920.0,1210.3645112113954
4062,1,2,1025.5,584.0,Biker,795.0,560.5,972.7205405459473
4062,1,3,42.5,23.5,Pedestrian,-188.0,0.0,188.0
4062,1,4,243.0,50.5,Pedestrian,12.5,27.0,29.75315109362368
4062,1,6,720.0,262.5,Pedestrian,489.5,239.0,544.7304379231989
4062,1,8,1659.5,294.5,Pedestrian,1429.0,271.0,1454.4696627980936
4062,1,10,218.0,227.5,Pedestrian,-12.5,204.0,204.38260689207388
4062,1,11,1883.5,825.0,Pedestrian,1653.0,801.5,1837.0659351259008
4062,1,16,211.5,192.0,Pedestrian,-19.0,168.5,169.5678330344526
4062,1,21,1061.5,945.5,Pedestrian,831.0,922.0,1241.227215299439
4062,1,24,743.5,448.0,Pedestrian,513.0,424.5,665.8597825368341
4062,1,27,247.0,203.5,Pedestrian,16.5,180.0,180.75466798951555
4062,1,43,1473.5,771.5,Pedestrian,1243.0,748.0,1450.7077583028224
4062,1,78,1724.0,281.5,Pedestrian,1493.5,258.0,1515.6207474167145
4062,1,80,1427.0,572.0,Pedestrian,1196.5,548.5,1316.231172704856
4062,1,81,57.5,287.5,Biker,-173.0,264.0,315.6342820417326
4062,1,82,1017.0,945.5,Pedestrian,786.5,922.0,1211.88541124976
4063,1,2,1022.5,584.0,Biker,792.0,560.5,970.2701943273328
4063,1,3,42.5,23.5,Pedestrian,-188.0,0.0,188.0
4063,1,4,243.0,50.5,Pedestrian,12.5,27.0,29.75315109362368
4063,1,6,717.0,265.0,Pedestrian,486.5,241.5,543.1431671299935
4063,1,8,1661.0,294.5,Pedestrian,1430.5,271.0,1455.9434226644935
4063,1,10,218.0,227.5,Pedestrian,-12.5,204.0,204.38260689207388
4063,1,11,1883.5,826.0,Pedestrian,1653.0,802.5,1837.5024489779598
4063,1,16,213.0,192.0,Pedestrian,-17.5,168.5,169.40631629310639
4063,1,21,1061.5,945.5,Pedestrian,831.0,922.0,1241.227215299439
4063,1,24,743.5,448.0,Pedestrian,513.0,424.5,665.8597825368341
4063,1,27,247.0,203.5,Pedestrian,16.5,180.0,180.75466798951555
4063,1,43,1473.5,771.5,Pedestrian,1243.0,748.0,1450.7077583028224
4063,1,78,1724.0,281.5,Pedestrian,1493.5,258.0,1515.6207474167145
4063,1,80,1424.0,572.0,Pedestrian,1193.5,548.5,1313.5046631055407
4063,1,81,57.5,287.5,Biker,-173.0,264.0,315.6342820417326
4063,1,82,1014.5,945.5,Pedestrian,784.0,922.0,1210.264433915167
4064,1,2,1020.0,584.0,Biker,792.0,560.5,970.2701943273328
4064,1,3,42.5,23.5,Pedestrian,-185.5,0.0,185.5
4064,1,4,241.5,50.5,Pedestrian,13.5,27.0,30.18691769624716
4064,1,6,717.0,265.0,Pedestrian,489.0,241.5,545.3835806109311
4064,1,8,1661.0,294.5,Pedestrian,1433.0,271.0,1458.399808008764
4064,1,10,218.0,227.5,Pedestrian,-10.0,204.0,204.24495097798624
4064,1,11,1883.5,827.0,Pedestrian,1655.5,803.5,1840.1881697261288
4064,1,16,213.0,192.0,Pedestrian,-15.0,168.5,169.16633825912294
4064,1,21,1061.5,945.5,Pedestrian,833.5,922.0,1242.902349342055
4064,1,24,743.5,448.0,Pedestrian,515.5,424.5,667.7877656860749
4064,1,27,247.0,203.5,Pedestrian,19.0,180.0,181.0
4064,1,43,1473.5,771.5,Pedestrian,1245.5,748.0,1452.850388030371
4064,1,78,1724.0,281.5,Pedestrian,1496.0,258.0,1518.084319133822
4064,1,80,1421.5,572.0,Pedestrian,1193.5,548.5,1313.5046631055407
4064,1,81,57.5,287.5,Biker,-170.5,264.0,314.2709817975564
4064,1,82,1014.5,945.5,Pedestrian,786.5,922.0,1211.88541124976
4065,1,2,1017.0,584.0,Biker,789.0,560.5,967.8229435180797
4065,1,3,42.5,23.5,Pedestrian,-185.5,0.0,185.5
4065,1,4,240.0,52.0,Pedestrian,12.0,28.5,30.923292192132454
4065,1,6,715.0,265.0,Pedestrian,487.0,241.5,543.5910687272188
4065,1,8,1661.0,294.5,Pedestrian,1433.0,271.0,1458.399808008764
4065,1,10,218.0,227.5,Pedestrian,-10.0,204.0,204.24495097798624
4065,1,11,1883.5,827.0,Pedestrian,1655.5,803.5,1840.1881697261288
4065,1,16,213.0,192.0,Pedestrian,-15.0,168.5,169.16633825912294
4065,1,21,1058.5,947.5,Pedestrian,830.5,924.0,1242.3792697884169
4065,1,24,743.5,448.0,Pedestrian,515.5,424.5,667.7877656860749
4065,1,27,247.0,203.5,Pedestrian,19.0,180.0,181.0
4065,1,43,1473.5,771.5,Pedestrian,1245.5,748.0,1452.850388030371
4065,1,78,1725.5,281.5,Pedestrian,1497.5,258.0,1519.562519279809
4065,1,80,1418.5,572.0,Pedestrian,1190.5,548.5,1310.7793483267883
4065,1,81,57.5,287.5,Biker,-170.5,264.0,314.2709817975564
4065,1,82,1014.5,945.5,Pedestrian,786.5,922.0,1211.88541124976
4066,1,2,1014.5,581.0,Biker,786.5,557.5,964.047975984598
4066,1,3,42.5,23.5,Pedestrian,-185.5,0.0,185.5
4066,1,4,239.0,53.0,Pedestrian,11.0,29.5,31.48412298286233
4066,1,6,712.0,265.0,Pedestrian,484.0,241.5,540.9050286325687
4066,1,8,1662.0,292.5,Pedestrian,1434.0,269.0,1459.0123371651111
4066,1,10,218.0,227.5,Pedestrian,-10.0,204.0,204.24495097798624
4066,1,11,1883.5,827.0,Pedestrian,1655.5,803.5,1840.1881697261288
4066,1,16,213.0,192.0,Pedestrian,-15.0,168.5,169.16633825912294
4066,1,21,1058.5,947.5,Pedestrian,830.5,924.0,1242.3792697884169
4066,1,24,743.5,448.0,Pedestrian,515.5,424.5,667.7877656860749
4066,1,27,247.0,203.5,Pedestrian,19.0,180.0,181.0
4066,1,43,1473.5,771.5,Pedestrian,1245.5,748.0,1452.850388030371
4066,1,78,1727.0,281.5,Pedestrian,1499.0,258.0,1521.0407621099444
4066,1,80,1414.5,572.0,Pedestrian,1186.5,548.5,1307.1474668146666
4066,1,81,57.5,286.5,Biker,-170.5,263.0,313.43141195483264
4066,1,82,1014.5,947.5,Pedestrian,786.5,924.0,1213.4077014754769
4067,1,2,1011.5,581.0,Biker,786.5,557.5,964.047975984598
4067,1,3,42.5,23.5,Pedestrian,-182.5,0.0,182.5
4067,1,4,239.0,53.0,Pedestrian,14.0,29.5,32.65348373451139
4067,1,6,712.0,267.0,Pedestrian,487.0,243.5,544.4825525211988
4067,1,8,1663.0,292.5,Pedestrian,1438.0,269.0,1462.9439497123599
4067,1,10,218.0,227.5,Pedestrian,-7.0,204.0,204.12006270820123
4067,1,11,1885.0,827.0,Pedestrian,1660.0,803.5,1844.237579597596
4067,1,16,213.0,192.0,Pedestrian,-12.0,168.5,168.92675927750463
4067,1,21,1058.5,947.5,Pedestrian,833.5,924.0,1244.3866963287578
4067,1,24,745.0,448.0,Pedestrian,520.0,424.5,671.2676440884068
4067,1,27,247.0,203.5,Pedestrian,22.0,180.0,181.3394606807906
4067,1,43,1473.5,771.5,Pedestrian,1248.5,748.0,1455.4230484639165
4067,1,78,1727.0,281.5,Pedestrian,1502.0,258.0,1523.997375325824
4067,1,80,1411.5,572.0,Pedestrian,1186.5,548.5,1307.1474668146666
4067,1,81,57.5,285.5,Biker,-167.5,262.0,310.9666380819653
4067,1,82,1014.5,947.5,Pedestrian,789.5,924.0,1215.354372189445
4068,1,2,1009.0,581.0,Biker,784.0,557.5,962.009485400222
4068,1,3,42.5,23.5,Pedestrian,-182.5,0.0,182.5
4068,1,4,236.0,53.0,Pedestrian,11.0,29.5,31.48412298286233
4068,1,6,709.0,267.0,Pedestrian,484.0,243.5,541.800932077456
4068,1,8,1663.0,292.5,Pedestrian,1438.0,269.0,1462.9439497123599
4068,1,10,218.0,227.5,Pedestrian,-7.0,204.0,204.12006270820123
4068,1,11,1886.0,827.0,Pedestrian,1661.0,803.5,1845.1377319864228
4068,1,16,213.0,192.0,Pedestrian,-12.0,168.5,168.92675927750463
4068,1,21,1058.5,950.5,Pedestrian,833.5,927.0,1246.6159191988525
4068,1,24,743.5,448.0,Pedestrian,518.5,424.5,670.1063348454483
4068,1,27,247.0,203.5,Pedestrian,22.0,180.0,181.3394606807906
4068,1,43,1473.5,771.5,Pedestrian,1248.5,748.0,1455.4230484639165
4068,1,78,1727.0,281.5,Pedestrian,1502.0,258.0,1523.997375325824
4068,1,80,1409.0,572.0,Pedestrian,1184.0,548.5,1304.8786342031967
4068,1,81,57.5,285.5,Biker,-167.5,262.0,310.9666380819653
4068,1,82,1014.5,947.5,Pedestrian,789.5,924.0,1215.354372189445
4069,1,2,1006.0,581.0,Biker,783.5,557.5,961.6020486667029
4069,1,3,42.5,23.5,Pedestrian,-180.0,0.0,180.0
4069,1,4,236.0,53.0,Pedestrian,13.5,29.5,32.44225639501667
4069,1,6,706.0,267.0,Pedestrian,483.5,243.5,541.3543202007351
4069,1,8,1664.5,292.5,Pedestrian,1442.0,269.0,1466.8759320406073
4069,1,10,218.0,227.5,Pedestrian,-4.5,204.0,204.04962631673698
4069,1,11,1886.0,828.0,Pedestrian,1663.5,804.5,1847.823719947333
4069,1,16,213.0,192.0,Pedestrian,-9.5,168.5,168.76759167565316
4069,1,21,1058.5,950.5,Pedestrian,836.0,927.0,1248.2888287571911
4069,1,24,743.5,448.0,Pedestrian,521.0,424.5,672.0425953762157
4069,1,27,247.0,203.5,Pedestrian,24.5,180.0,181.6597093468995
4069,1,43,1473.5,771.5,Pedestrian,1251.0,748.0,1457.5681802234844
4069,1,78,1728.0,281.5,Pedestrian,1505.5,258.0,1527.4469712562855
4069,1,80,1406.5,572.0,Pedestrian,1184.0,548.5,1304.8786342031967
4069,1,81,57.5,285.5,Biker,-165.0,262.0,309.62719518801964
4069,1,82,1011.5,947.5,Pedestrian,789.0,924.0,1215.0296292683565
4070,1,2,1003.5,581.0,Biker,781.0,557.5,959.5661780200468
4070,1,3,42.5,23.5,Pedestrian,-180.0,0.0,180.0
4070,1,4,236.0,55.5,Pedestrian,13.5,32.0,34.73110997362451
4070,1,6,706.0,267.0,Pedestrian,483.5,243.5,541.3543202007351
4070,1,8,1666.0,292.5,Pedestrian,1443.5,269.0,1468.3505201415635
4070,1,10,218.0,227.5,Pedestrian,-4.5,204.0,204.04962631673698
4070,1,11,1886.0,829.5,Pedestrian,1663.5,806.0,1848.4772787351214
4070,1,16,213.0,192.0,Pedestrian,-9.5,168.5,168.76759167565316
4070,1,21,1058.5,950.5,Pedestrian,836.0,927.0,1248.2888287571911
4070,1,24,743.5,448.0,Pedestrian,521.0,424.5,672.0425953762157
4070,1,27,247.0,203.5,Pedestrian,24.5,180.0,181.6597093468995
4070,1,43,1473.5,771.5,Pedestrian,1251.0,748.0,1457.5681802234844
4070,1,78,1729.0,281.5,Pedestrian,1506.5,258.0,1528.4326121880545
4070,1,80,1403.5,572.0,Pedestrian,1181.0,548.5,1302.157152574143
4070,1,81,57.5,285.5,Biker,-165.0,262.0,309.62719518801964
4070,1,82,1011.5,950.5,Pedestrian,789.0,927.0,1217.312613916409
4071,1,2,1000.5,581.0,Biker,778.0,557.5,957.1260366325847
4071,1,3,42.5,23.5,Pedestrian,-180.0,0.0,180.0
4071,1,4,233.5,55.5,Pedestrian,11.0,32.0,33.83784863137726
4071,1,6,704.0,267.0,Pedestrian,481.5,243.5,539.5688093283377
4071,1,8,1666.0,292.5,Pedestrian,1443.5,269.0,1468.3505201415635
4071,1,10,218.0,227.5,Pedestrian,-4.5,204.0,204.04962631673698
4071,1,11,1886.0,829.5,Pedestrian,1663.5,806.0,1848.4772787351214
4071,1,16,213.0,192.0,Pedestrian,-9.5,168.5,168.76759167565316
4071,1,21,1058.5,952.5,Pedestrian,836.0,929.0,1249.7747797103284
4071,1,24,743.5,448.0,Pedestrian,521.0,424.5,672.0425953762157
4071,1,27,247.0,203.5,Pedestrian,24.5,180.0,181.6597093468995
4071,1,43,1473.5,771.5,Pedestrian,1251.0,748.0,1457.5681802234844
4071,1,78,1729.0,281.5,Pedestrian,1506.5,258.0,1528.4326121880545
4071,1,80,1400.5,571.0,Pedestrian,1178.0,547.5,1299.0151076873587
4071,1,81,57.5,285.5,Biker,-165.0,262.0,309.62719518801964
4071,1,82,1011.5,950.5,Pedestrian,789.0,927.0,1217.312613916409
4072,1,2,998.0,581.0,Biker,778.5,557.5,957.5325059756457
4072,1,3,42.5,23.5,Pedestrian,-177.0,0.0,177.0
4072,1,4,230.5,55.5,Pedestrian,11.0,32.0,33.83784863137726
4072,1,6,704.0,269.5,Pedestrian,484.5,246.0,543.3748706003987
4072,1,8,1667.5,292.5,Pedestrian,1448.0,269.0,1472.7745923935543
4072,1,10,218.0,227.5,Pedestrian,-1.5,204.0,204.0055146313452
4072,1,11,1886.0,829.5,Pedestrian,1666.5,806.0,1851.177530654475
4072,1,16,213.0,192.0,Pedestrian,-6.5,168.5,168.625324313995
4072,1,21,1058.5,952.5,Pedestrian,839.0,929.0,1251.7835276117032
4072,1,24,743.5,448.0,Pedestrian,524.0,424.5,674.3710032319005
4072,1,27,247.0,203.5,Pedestrian,27.5,180.0,182.08857734630143
4072,1,43,1475.0,771.5,Pedestrian,1255.5,748.0,1461.432259805428
4072,1,78,1729.0,281.5,Pedestrian,1509.5,258.0,1531.389646693486
4072,1,80,1398.0,571.0,Pedestrian,1178.5,547.5,1299.468545213773
4072,1,81,57.5,284.0,Biker,-162.0,260.5,306.76416022736424
4072,1,82,1011.5,950.5,Pedestrian,792.0,927.0,1219.259201318571
4073,1,2,995.0,579.0,Biker,775.5,555.5,953.9289805850328
4073,1,3,42.5,23.5,Pedestrian,-177.0,0.0,177.0
4073,1,4,230.5,55.5,Pedestrian,11.0,32.0,33.83784863137726
4073,1,6,701.0,269.5,Pedestrian,481.5,246.0,540.7016275174323
4073,1,8,1669.0,292.5,Pedestrian,1449.5,269.0,1474.249385280523
4073,1,10,218.0,227.5,Pedestrian,-1.5,204.0,204.0055146313452
4073,1,11,1886.0,829.5,Pedestrian,1666.5,806.0,1851.177530654475
4073,1,16,213.0,192.0,Pedestrian,-6.5,168.5,168.625324313995
4073,1,21,1055.5,952.5,Pedestrian,836.0,929.0,1249.7747797103284
4073,1,24,743.5,448.0,Pedestrian,524.0,424.5,674.3710032319005
4073,1,27,247.0,203.5,Pedestrian,27.5,180.0,182.08857734630143
4073,1,43,1475.0,771.5,Pedestrian,1255.5,748.0,1461.432259805428
4073,1,78,1730.5,280.5,Pedestrian,1511.0,257.0,1532.7002316173896
4073,1,80,1398.0,571.0,Pedestrian,1178.5,547.5,1299.468545213773
4073,1,81,57.5,283.0,Biker,-162.0,259.5,305.9154294899164
4073,1,82,1011.5,952.5,Pedestrian,792.0,929.0,1220.780488048527
4074,1,2,992.5,579.0,Biker,773.0,555.5,951.8977098407161
4074,1,3,42.5,23.5,Pedestrian,-177.0,0.0,177.0
4074,1,4,228.0,55.5,Pedestrian,8.5,32.0,33.10966626228661
4074,1,6,698.0,269.5,Pedestrian,478.5,246.0,538.0318299134356
4074,1,8,1669.0,292.5,Pedestrian,1449.5,269.0,1474.249385280523
4074,1,10,218.0,227.5,Pedestrian,-1.5,204.0,204.0055146313452
4074,1,11,1889.0,829.5,Pedestrian,1669.5,806.0,1853.8787042306733
4074,1,16,213.0,192.0,Pedestrian,-6.5,168.5,168.625324313995
4074,1,21,1055.5,954.5,Pedestrian,836.0,931.0,1251.2621627780486
4074,1,24,743.5,448.0,Pedestrian,524.0,424.5,674.3710032319005
4074,1,27,247.0,203.5,Pedestrian,27.5,180.0,182.08857734630143
4074,1,43,1475.0,771.5,Pedestrian,1255.5,748.0,1461.432259805428
4074,1,78,1732.0,280.5,Pedestrian,1512.5,257.0,1534.1790149783694
4074,1,80,1395.5,571.0,Pedestrian,1176.0,547.5,1297.2016998138724
4074,1,81,57.5,283.0,Biker,-162.0,259.5,305.9154294899164
4074,1,82,1011.5,952.5,Pedestrian,792.0,929.0,1220.780488048527
4075,1,2,989.5,579.0,Biker,772.5,555.5,951.4917235583292
4075,1,3,42.5,23.5,Pedestrian,-174.5,0.0,174.5
4075,1,4,228.0,55.5,Pedestrian,11.0,32.0,33.83784863137726
4075,1,6,698.0,269.5,Pedestrian,481.0,246.0,540.2564206004404
4075,1,8,1670.5,292.5,Pedestrian,1453.5,269.0,1478.1824143183412
4075,1,10,218.0,227.5,Pedestrian,1.0,204.0,204.00245096566854
4075,1,11,1889.0,832.0,Pedestrian,1672.0,808.5,1857.2173405393348
4075,1,16,213.0,192.0,Pedestrian,-4.0,168.5,168.54747105785955
4075,1,21,1055.5,954.5,Pedestrian,838.5,931.0,1252.9338569932572
4075,1,24,743.5,448.0,Pedestrian,526.5,424.5,676.3153850090947
4075,1,27,247.0,203.5,Pedestrian,30.0,180.0,182.4828759089466
4075,1,43,1475.0,771.5,Pedestrian,1258.0,748.0,1463.5805410021
4075,1,78,1732.0,280.5,Pedestrian,1515.0,257.0,1536.6437453098881
4075,1,80,1392.5,571.0,Pedestrian,1175.5,547.5,1296.7484335830138
4075,1,81,57.5,283.0,Biker,-159.5,259.5,304.5989166100234
4075,1,82,1009.0,952.5,Pedestrian,792.0,929.0,1220.780488048527
4076,1,2,987.0,579.0,Biker,770.0,555.5,949.4631377783974
4076,1,3,42.5,23.5,Pedestrian,-174.5,0.0,174.5
4076,1,4,225.0,55.5,Pedestrian,8.0,32.0,32.984845004941285
4076,1,6,695.0,271.5,Pedestrian,478.0,248.0,538.5053388778982
4076,1,8,1670.5,292.5,Pedestrian,1453.5,269.0,1478.1824143183412
4076,1,10,219.5,227.5,Pedestrian,2.5,204.0,204.01531805234626
4076,1,11,1889.0,832.0,Pedestrian,1672.0,808.5,1857.2173405393348
4076,1,16,213.0,192.0,Pedestrian,-4.0,168.5,168.54747105785955
4076,1,21,1055.5,954.5,Pedestrian,838.5,931.0,1252.9338569932572
4076,1,24,743.5,448.0,Pedestrian,526.5,424.5,676.3153850090947
4076,1,27,247.0,203.5,Pedestrian,30.0,180.0,182.4828759089466
4076,1,43,1475.0,771.5,Pedestrian,1258.0,748.0,1463.5805410021
4076,1,78,1732.0,279.5,Pedestrian,1515.0,256.0,1536.47681401315
4076,1,80,1392.5,571.0,Pedestrian,1175.5,547.5,1296.7484335830138
4076,1,81,57.5,283.0,Biker,-159.5,259.5,304.5989166100234
4076,1,82,1009.0,952.5,Pedestrian,792.0,929.0,1220.780488048527
4077,1,2,984.0,579.0,Biker,767.0,555.5,947.03181044778
4077,1,3,42.5,23.5,Pedestrian,-174.5,0.0,174.5
4077,1,4,225.0,55.5,Pedestrian,8.0,32.0,32.984845004941285
4077,1,6,693.0,271.5,Pedestrian,476.0,248.0,536.7308450238351
4077,1,8,1672.0,292.5,Pedestrian,1455.0,269.0,1479.6573927771253
4077,1,10,219.5,227.5,Pedestrian,2.5,204.0,204.01531805234626
4077,1,11,1889.0,832.0,Pedestrian,1672.0,808.5,1857.2173405393348
4077,1,16,213.0,192.0,Pedestrian,-4.0,168.5,168.54747105785955
4077,1,21,1055.5,957.0,Pedestrian,838.5,933.5,1254.7926123467576
4077,1,24,743.5,448.0,Pedestrian,526.5,424.5,676.3153850090947
4077,1,27,247.0,203.5,Pedestrian,30.0,180.0,182.4828759089466
4077,1,43,1475.0,771.5,Pedestrian,1258.0,748.0,1463.5805410021
4077,1,78,1733.5,279.5,Pedestrian,1516.5,256.0,1537.9558673772144
4077,1,80,1389.5,571.0,Pedestrian,1172.5,547.5,1294.029559167796
4077,1,81,57.5,282.0,Biker,-159.5,258.5,303.7474279726497
4077,1,82,1009.0,954.5,Pedestrian,792.0,931.0,1222.303153886138
4078,1,2,981.5,579.0,Biker,767.5,555.5,947.4368052804366
4078,1,3,42.5,23.5,Pedestrian,-171.5,0.0,171.5
4078,1,4,222.5,55.5,Pedestrian,8.5,32.0,33.10966626228661
4078,1,6,693.0,271.5,Pedestrian,479.0,248.0,539.3931775616003
4078,1,8,1672.0,292.5,Pedestrian,1458.0,269.0,1482.6075003182737
4078,1,10,219.5,227.5,Pedestrian,5.5,204.0,204.0741286885724
4078,1,11,1889.0,832.0,Pedestrian,1675.0,808.5,1859.9186138108303
4078,1,16,213.0,192.0,Pedestrian,-1.0,168.5,168.50296733292265
4078,1,21,1055.5,957.0,Pedestrian,841.5,933.5,1256.7993077655638
4078,1,24,743.5,448.0,Pedestrian,529.5,424.5,678.6534461711663
4078,1,27,247.0,203.5,Pedestrian,33.0,180.0,183.0
4078,1,43,1475.0,771.5,Pedestrian,1261.0,748.0,1466.1599503464824
4078,1,78,1733.5,279.5,Pedestrian,1519.5,256.0,1540.9140955939108
4078,1,80,1387.0,571.0,Pedestrian,1173.0,547.5,1294.4826186550363
4078,1,81,57.5,280.5,Biker,-156.5,257.0,300.9007311390253
4078,1,82,1009.0,954.5,Pedestrian,795.0,931.0,1224.2491576472496
4079,1,2,978.5,579.0,Biker,764.5,555.5,945.0082010226155
4079,1,3,42.5,23.5,Pedestrian,-171.5,0.0,171.5
4079,1,4,222.5,55.5,Pedestrian,8.5,32.0,33.10966626228661
4079,1,6,690.0,271.5,Pedestrian,476.0,248.0,536.7308450238351
4079,1,8,1673.0,292.5,Pedestrian,1459.0,269.0,1483.5909139651671
4079,1,10,219.5,227.5,Pedestrian,5.5,204.0,204.0741286885724
4079,1,11,1889.0,832.0,Pedestrian,1675.0,808.5,1859.9186138108303
4079,1,16,213.0,192.0,Pedestrian,-1.0,168.5,168.50296733292265
4079,1,21,1055.5,957.0,Pedestrian,841.5,933.5,1256.7993077655638
4079,1,24,743.5,448.0,Pedestrian,529.5,424.5,678.6534461711663
4079,1,27,247.0,203.5,Pedestrian,33.0,180.0,183.0
4079,1,43,1475.0,771.5,Pedestrian,1261.0,748.0,1466.1599503464824
4079,1,78,1735.0,279.5,Pedestrian,1521.0,256.0,1542.3932702135342
4079,1,80,1387.0,571.0,Pedestrian,1173.0,547.5,1294.4826186550363
4079,1,81,57.5,280.5,Biker,-156.5,257.0,300.9007311390253
4079,1,82,1009.0,954.5,Pedestrian,795.0,931.0,1224.2491576472496
4080,1,2,976.0,579.0,Biker,762.0,553.0,941.5163301823288
4080,1,3,42.5,23.5,Pedestrian,-171.5,-2.5,171.5182206064417
4080,1,4,219.5,55.5,Pedestrian,5.5,29.5,30.008332176247315
4080,1,6,690.0,274.0,Pedestrian,476.0,248.0,536.7308450238351
4080,1,8,1674.0,292.5,Pedestrian,1460.0,266.5,1484.123394465568
4080,1,10,219.5,227.5,Pedestrian,5.5,201.5,201.57504805902937
4080,1,11,1891.5,834.0,Pedestrian,1677.5,808.0,1861.9533425948139
4080,1,16,213.0,192.0,Pedestrian,-1.0,166.0,166.00301202086666
4080,1,21,1055.5,959.5,Pedestrian,841.5,933.5,1256.7993077655638
4080,1,24,743.5,448.0,Pedestrian,529.5,422.0,677.0924973738817
4080,1,27,247.0,203.5,Pedestrian,33.0,177.5,180.54154646507268
4080,1,43,1475.0,771.5,Pedestrian,1261.0,745.5,1464.8860877214993
4080,1,78,1735.0,279.5,Pedestrian,1521.0,253.5,1541.9803014305987
4080,1,80,1384.5,571.0,Pedestrian,1170.5,545.0,1291.1604276773664
4080,1,81,57.5,280.5,Biker,-156.5,254.5,298.7683048785463
4080,1,82,1009.0,957.0,Pedestrian,795.0,931.0,1224.2491576472496
4081,1,2,973.0,577.0,Biker,761.5,551.0,939.9378968846825
4081,1,3,42.5,23.5,Pedestrian,-169.0,-2.5,169.01849011276843
4081,1,4,219.5,55.5,Pedestrian,8.0,29.5,30.56550343115585
4081,1,6,687.0,274.0,Pedestrian,475.5,248.0,536.2874695534103
4081,1,8,1674.0,292.5,Pedestrian,1462.5,266.5,1486.5828264849558
4081,1,10,219.5,227.5,Pedestrian,8.0,201.5,201.6587464009434
4081,1,11,1891.5,834.0,Pedestrian,1680.0,808.0,1864.205997200953
4081,1,16,213.0,192.0,Pedestrian,1.5,166.0,166.00677697009843
4081,1,21,1052.5,959.5,Pedestrian,841.0,933.5,1256.4645836632244
4081,1,24,743.5,448.0,Pedestrian,532.0,422.0,679.0493354683443
4081,1,27,247.0,203.5,Pedestrian,35.5,177.5,181.01519273254385
4081,1,43,1475.0,771.5,Pedestrian,1263.5,745.5,1467.0386838798763
4081,1,78,1736.5,279.5,Pedestrian,1525.0,253.5,1545.9260169878764
4081,1,80,1381.5,571.0,Pedestrian,1170.0,545.0,1290.7071705077028
4081,1,81,57.5,280.5,Biker,-154.0,254.5,297.46638465547665
4081,1,82,1006.0,957.0,Pedestrian,794.5,931.0,1223.9245279019453
4082,1,2,970.5,577.0,Biker,762.0,551.0,940.3430225189104
4082,1,3,42.5,23.5,Pedestrian,-166.0,-2.5,166.01882423388017
4082,1,4,217.0,57.5,Pedestrian,8.5,31.5,32.626676202150904
4082,1,6,684.0,274.0,Pedestrian,475.5,248.0,536.2874695534103
4082,1,8,1675.5,292.5,Pedestrian,1467.0,266.5,1491.010144164016
4082,1,10,219.5,227.5,Pedestrian,11.0,201.5,201.8000247770054
4082,1,11,1891.5,834.0,Pedestrian,1683.0,808.0,1866.9100138999736
4082,1,16,213.0,192.0,Pedestrian,4.5,166.0,166.06098277440128
4082,1,21,1052.5,959.5,Pedestrian,844.0,933.5,1258.4745726473777
4082,1,24,743.5,448.0,Pedestrian,535.0,422.0,681.4022306978457
4082,1,27,247.0,203.5,Pedestrian,38.5,177.5,181.6273657794992
4082,1,43,1475.0,771.5,Pedestrian,1266.5,745.5,1469.6232510408918
4082,1,78,1736.5,279.5,Pedestrian,1528.0,253.5,1548.885486406274
4082,1,80,1381.5,571.0,Pedestrian,1173.0,545.0,1293.4272302684833
4082,1,81,57.5,280.5,Biker,-151.0,254.5,295.9243991292371
4082,1,82,1006.0,957.0,Pedestrian,797.5,931.0,1225.8740759148143
4083,1,2,967.5,574.0,Biker,759.0,548.0,936.1543676125215
4083,1,3,42.5,23.5,Pedestrian,-166.0,-2.5,166.01882423388017
4083,1,4,217.0,57.5,Pedestrian,8.5,31.5,32.626676202150904
4083,1,6,684.0,276.0,Pedestrian,475.5,250.0,537.2152734239785
4083,1,8,1677.0,292.5,Pedestrian,1468.5,266.5,1492.4860133347984
4083,1,10,219.5,227.5,Pedestrian,11.0,201.5,201.8000247770054
4083,1,11,1891.5,834.0,Pedestrian,1683.0,808.0,1866.9100138999736
4083,1,16,213.0,192.0,Pedestrian,4.5,166.0,166.06098277440128
4083,1,21,1052.5,959.5,Pedestrian,844.0,933.5,1258.4745726473777
4083,1,24,743.5,448.0,Pedestrian,535.0,422.0,681.4022306978457
4083,1,27,247.0,203.5,Pedestrian,38.5,177.5,181.6273657794992
4083,1,43,1475.0,771.5,Pedestrian,1266.5,745.5,1469.6232510408918
4083,1,78,1738.0,279.5,Pedestrian,1529.5,253.5,1550.3652795389867
4083,1,80,1378.5,571.0,Pedestrian,1170.0,545.0,1290.7071705077028
4083,1,81,57.5,279.5,Biker,-151.0,253.5,295.06482338631963
4083,1,82,1006.0,959.5,Pedestrian,797.5,933.5,1227.7737983847026
4084,1,2,965.0,574.0,Biker,759.0,548.0,936.1543676125215
4084,1,3,42.5,23.5,Pedestrian,-163.5,-2.5,163.51911203281406
4084,1,4,214.0,57.5,Pedestrian,8.0,31.5,32.5
4084,1,6,682.0,276.0,Pedestrian,476.0,250.0,537.6578837885668
4084,1,8,1677.0,292.5,Pedestrian,1471.0,266.5,1494.9459020312406
4084,1,10,219.5,227.5,Pedestrian,13.5,201.5,201.9517269052186
4084,1,11,1893.0,834.0,Pedestrian,1687.0,808.0,1870.5167735147418
4084,1,16,211.5,192.0,Pedestrian,5.5,166.0,166.09108946599153
4084,1,21,1052.5,961.5,Pedestrian,846.5,935.5,1261.6348520867675
4084,1,24,743.5,448.0,Pedestrian,537.5,422.0,683.3668487715804
4084,1,27,247.0,203.5,Pedestrian,41.0,177.5,182.1736808652666
4084,1,43,1475.0,771.5,Pedestrian,1269.0,745.5,1471.7782611521343
4084,1,78,1738.0,279.5,Pedestrian,1532.0,253.5,1552.8316875952783
4084,1,80,1376.0,571.0,Pedestrian,1170.0,545.0,1290.7071705077028
4084,1,81,57.5,278.5,Biker,-148.5,252.5,292.93087921897205
4084,1,82,1006.0,959.5,Pedestrian,800.0,933.5,1229.3991418575174
4085,1,2,962.0,574.0,Biker,756.0,548.0,933.7237278767205
4085,1,3,42.5,23.5,Pedestrian,-163.5,-2.5,163.51911203281406
4085,1,4,214.0,57.5,Pedestrian,8.0,31.5,32.5
4085,1,6,679.0,278.5,Pedestrian,473.0,252.5,536.1765101158386
4085,1,8,1678.5,292.5,Pedestrian,1472.5,266.5,1496.4218990645652
4085,1,10,219.5,227.5,Pedestrian,13.5,201.5,201.9517269052186
4085,1,11,1894.5,834.0,Pedestrian,1688.5,808.0,1871.869720359833
4085,1,16,211.5,192.0,Pedestrian,5.5,166.0,166.09108946599153
4085,1,21,1052.5,961.5,Pedestrian,846.5,935.5,1261.6348520867675
4085,1,24,743.5,448.0,Pedestrian,537.5,422.0,683.3668487715804
4085,1,27,247.0,203.5,Pedestrian,41.0,177.5,182.1736808652666
4085,1,43,1475.0,771.5,Pedestrian,1269.0,745.5,1471.7782611521343
4085,1,78,1739.0,279.5,Pedestrian,1533.0,253.5,1553.8182808810045
4085,1,80,1376.0,571.0,Pedestrian,1170.0,545.0,1290.7071705077028
4085,1,81,57.5,278.5,Biker,-148.5,252.5,292.93087921897205
4085,1,82,1006.0,961.5,Pedestrian,800.0,935.5,1230.9184579004411
4086,1,2,959.5,572.0,Biker,756.5,546.0,932.9567246126693
4086,1,3,42.5,23.5,Pedestrian,-160.5,-2.5,160.51946922414115
4086,1,4,211.5,57.5,Pedestrian,8.5,31.5,32.626676202150904
4086,1,6,679.0,278.5,Pedestrian,476.0,252.5,538.8248787871622
4086,1,8,1678.5,292.5,Pedestrian,1475.5,266.5,1499.3740360563804
4086,1,10,219.5,227.5,Pedestrian,16.5,201.5,202.1744296393587
4086,1,11,1894.5,834.0,Pedestrian,1691.5,808.0,1874.5762854575964
4086,1,16,211.5,192.0,Pedestrian,8.5,166.0,166.2174780220179
4086,1,21,1050.5,961.5,Pedestrian,847.5,935.5,1262.3060247024096
4086,1,24,743.5,448.0,Pedestrian,540.5,422.0,685.7289916577831
4086,1,27,247.0,203.5,Pedestrian,44.0,177.5,182.87222315048285
4086,1,43,1475.0,771.5,Pedestrian,1272.0,745.5,1474.3657110771398
4086,1,78,1739.0,279.5,Pedestrian,1536.0,253.5,1556.7781633874495
4086,1,80,1373.5,571.0,Pedestrian,1170.5,545.0,1291.1604276773664
4086,1,81,57.5,278.5,Biker,-145.5,252.5,291.4215160210378
4086,1,82,1006.0,961.5,Pedestrian,803.0,935.5,1232.8703297589734
4087,1,2,956.5,572.0,Biker,756.0,546.0,932.5513390693297
4087,1,3,42.5,23.5,Pedestrian,-158.0,-2.5,158.0197772432299
4087,1,4,211.5,57.5,Pedestrian,11.0,31.5,33.36540124140574
4087,1,6,676.0,278.5,Pedestrian,475.5,252.5,538.383227821967
4087,1,8,1680.0,292.5,Pedestrian,1479.5,266.5,1503.310513500122
4087,1,10,219.5,227.5,Pedestrian,19.0,201.5,202.39379931213307
4087,1,11,1896.0,834.0,Pedestrian,1695.5,808.0,1878.1864257841926
4087,1,16,211.5,192.0,Pedestrian,11.0,166.0,166.3640586184408
4087,1,21,1050.5,963.5,Pedestrian,850.0,937.5,1265.4668111017372
4087,1,24,743.5,448.0,Pedestrian,543.0,422.0,687.7012432735598
4087,1,27,247.0,203.5,Pedestrian,46.5,177.5,183.4897817318447
4087,1,43,1475.0,771.5,Pedestrian,1274.5,745.5,1476.5231119085133
4087,1,78,1740.0,278.5,Pedestrian,1539.5,252.5,1560.0693894824037
4087,1,80,1370.5,571.0,Pedestrian,1170.0,545.0,1290.7071705077028
4087,1,81,57.5,278.5,Biker,-143.0,252.5,290.1814087773371
4087,1,82,1003.5,963.5,Pedestrian,803.0,937.5,1234.3886138489775
4088,1,2,954.0,570.0,Biker,753.5,544.0,929.3536732590021
4088,1,3,42.5,23.5,Pedestrian,-158.0,-2.5,158.0197772432299
4088,1,4,208.5,57.5,Pedestrian,8.0,31.5,32.5
4088,1,6,673.0,280.5,Pedestrian,472.5,254.5,536.6810039492734
4088,1,8,1681.5,292.5,Pedestrian,1481.0,266.5,1504.7867789158702
4088,1,10,219.5,227.5,Pedestrian,19.0,201.5,202.39379931213307
4088,1,11,1896.0,834.0,Pedestrian,1695.5,808.0,1878.1864257841926
4088,1,16,211.5,192.0,Pedestrian,11.0,166.0,166.3640586184408
4088,1,21,1050.5,963.5,Pedestrian,850.0,937.5,1265.4668111017372
4088,1,24,743.5,448.0,Pedestrian,543.0,422.0,687.7012432735598
4088,1,27,247.0,203.5,Pedestrian,46.5,177.5,183.4897817318447
4088,1,43,1475.0,771.5,Pedestrian,1274.5,745.5,1476.5231119085133
4088,1,78,1740.0,278.5,Pedestrian,1539.5,252.5,1560.0693894824037
4088,1,80,1370.5,571.0,Pedestrian,1170.0,545.0,1290.7071705077028
4088,1,81,57.5,277.0,Biker,-143.0,251.0,288.87713651308576
4088,1,82,1003.5,963.5,Pedestrian,803.0,937.5,1234.3886138489775
4089,1,2,951.0,570.0,Biker,753.5,544.0,929.3536732590021
4089,1,3,42.5,23.5,Pedestrian,-155.0,-2.5,155.02015997927495
4089,1,4,208.5,57.5,Pedestrian,11.0,31.5,33.36540124140574
4089,1,6,673.0,280.5,Pedestrian,475.5,254.5,539.3241140538777
4089,1,8,1681.5,292.5,Pedestrian,1484.0,266.5,1507.7394503030025
4089,1,10,219.5,227.5,Pedestrian,22.0,201.5,202.69743461622795
4089,1,11,1896.0,834.0,Pedestrian,1698.5,808.0,1880.8950661852457
4089,1,16,211.5,192.0,Pedestrian,14.0,166.0,166.5893153836704
4089,1,21,1050.5,963.5,Pedestrian,853.0,937.5,1267.4838263267898
4089,1,24,743.5,448.0,Pedestrian,546.0,422.0,690.0724599634447
4089,1,27,247.0,203.5,Pedestrian,49.5,177.5,184.27289545671115
4089,1,43,1475.0,771.5,Pedestrian,1277.5,745.5,1479.1134168818833
4089,1,78,1741.5,278.5,Pedestrian,1544.0,252.5,1564.51022687613
4089,1,80,1367.5,571.0,Pedestrian,1170.0,545.0,1290.7071705077028
4089,1,81,57.5,276.0,Biker,-140.0,250.0,286.53097563788805
4089,1,82,1003.5,963.5,Pedestrian,806.0,937.5,1236.3422867474849
4090,1,2,948.5,570.0,Biker,751.0,542.0,926.1560343700191
4090,1,3,42.5,23.5,Pedestrian,-155.0,-4.5,155.06530882179933
4090,1,4,206.0,57.5,Pedestrian,8.5,29.5,30.700162866017504
4090,1,6,671.0,283.0,Pedestrian,473.5,255.0,537.7985217532678
4090,1,8,1683.0,292.5,Pedestrian,1485.5,264.5,1508.863976639379
4090,1,10,219.5,227.5,Pedestrian,22.0,199.5,200.7093669961619
4090,1,11,1898.5,834.0,Pedestrian,1701.0,806.0,1882.295672842075
4090,1,16,211.5,192.0,Pedestrian,14.0,164.0,164.59647626847908
4090,1,21,1050.5,966.5,Pedestrian,853.0,938.5,1268.2236592967347
4090,1,24,742.0,448.0,Pedestrian,544.5,420.0,687.66288979412
4090,1,27,247.0,203.5,Pedestrian,49.5,175.5,182.3471963041933
4090,1,43,1475.0,771.5,Pedestrian,1277.5,743.5,1478.1063899462717
4090,1,78,1741.5,278.5,Pedestrian,1544.0,250.5,1564.1886874670843
4090,1,80,1367.5,571.0,Pedestrian,1170.0,543.0,1289.8639463137188
4090,1,81,57.5,276.0,Biker,-140.0,248.0,284.787640181241
4090,1,82,1003.5,966.5,Pedestrian,806.0,938.5,1237.1007436744997
4091,1,2,945.5,568.0,Biker,750.5,540.0,924.5811213733492
4091,1,3,42.5,23.5,Pedestrian,-152.5,-4.5,152.56637899616024
4091,1,4,206.0,57.5,Pedestrian,11.0,29.5,31.48412298286233
4091,1,6,668.0,283.0,Pedestrian,473.0,255.0,537.3583534290688
4091,1,8,1683.0,292.5,Pedestrian,1488.0,264.5,1511.3253289745394
4091,1,10,219.5,227.5,Pedestrian,24.5,199.5,200.9987562150572
4091,1,11,1896.0,834.0,Pedestrian,1701.0,806.0,1882.295672842075
4091,1,16,211.5,192.0,Pedestrian,16.5,164.0,164.82794059260706
4091,1,21,1047.5,966.5,Pedestrian,852.5,938.5,1267.8874161375686
4091,1,24,742.0,448.0,Pedestrian,547.0,420.0,689.6441111181912
4091,1,27,248.5,203.5,Pedestrian,53.5,175.5,183.47343131908772
4091,1,43,1475.0,771.5,Pedestrian,1280.0,743.5,1480.2676278295085
4091,1,78,1741.5,277.5,Pedestrian,1546.5,249.5,1566.4968879637138
4091,1,80,1365.0,571.0,Pedestrian,1170.0,543.0,1289.8639463137188
4091,1,81,57.5,276.0,Biker,-137.5,248.0,283.56701148053173
4091,1,82,1003.5,966.5,Pedestrian,808.5,938.5,1238.7310038906753
4092,1,2,943.0,568.0,Biker,751.0,540.0,924.9870269360539
4092,1,3,42.5,23.5,Pedestrian,-149.5,-4.5,149.56771041906072
4092,1,4,203.0,57.5,Pedestrian,11.0,29.5,31.48412298286233
4092,1,6,668.0,285.5,Pedestrian,476.0,257.5,541.1859661890726
4092,1,8,1684.0,292.5,Pedestrian,1492.0,264.5,1515.2637559184209
4092,1,10,219.5,227.5,Pedestrian,27.5,199.5,201.386444429609
4092,1,11,1896.0,834.0,Pedestrian,1704.0,806.0,1885.0071617901085
4092,1,16,211.5,192.0,Pedestrian,19.5,164.0,165.15523001104143
4092,1,21,1047.5,966.5,Pedestrian,855.5,938.5,1269.906492620618
4092,1,24,742.0,448.0,Pedestrian,550.0,420.0,692.0260110718383
4092,1,27,248.5,203.5,Pedestrian,56.5,175.5,184.3705507937751
4092,1,43,1475.0,771.5,Pedestrian,1283.0,743.5,1482.8625189140091
4092,1,78,1743.0,277.5,Pedestrian,1551.0,249.5,1570.9396073687874
4092,1,80,1362.5,571.0,Pedestrian,1170.5,543.0,1290.3174996875769
4092,1,81,57.5,276.0,Biker,-134.5,248.0,282.12452924196435
4092,1,82,1003.5,968.5,Pedestrian,811.5,940.5,1242.2046932772391
4093,1,2,940.0,565.0,Biker,748.0,537.0,920.8001954821686
4093,1,3,42.5,23.5,Pedestrian,-149.5,-4.5,149.56771041906072
4093,1,4,200.5,59.5,Pedestrian,8.5,31.5,32.626676202150904
4093,1,6,665.0,285.5,Pedestrian,473.0,257.5,538.549208522304
4093,1,8,1685.0,292.5,Pedestrian,1493.0,264.5,1516.248413024726
4093,1,10,219.5,227.5,Pedestrian,27.5,199.5,201.386444429609
4093,1,11,1893.0,834.0,Pedestrian,1701.0,806.0,1882.295672842075
4093,1,16,211.5,192.0,Pedestrian,19.5,164.0,165.15523001104143
4093,1,21,1047.5,966.5,Pedestrian,855.5,938.5,1269.906492620618
4093,1,24,742.0,448.0,Pedestrian,550.0,420.0,692.0260110718383
4093,1,27,248.5,203.5,Pedestrian,56.5,175.5,184.3705507937751
4093,1,43,1475.0,771.5,Pedestrian,1283.0,743.5,1482.8625189140091
4093,1,78,1744.5,277.5,Pedestrian,1552.5,249.5,1572.4205862300328
4093,1,80,1362.5,571.0,Pedestrian,1170.5,543.0,1290.3174996875769
4093,1,81,57.5,276.0,Biker,-134.5,248.0,282.12452924196435
4093,1,82,1000.5,968.5,Pedestrian,808.5,940.5,1240.246951215765
4094,1,2,937.5,565.0,Biker,748.0,537.0,920.8001954821686
4094,1,3,42.5,23.5,Pedestrian,-147.0,-4.5,147.0688614221243
4094,1,4,200.5,59.5,Pedestrian,11.0,31.5,33.36540124140574
4094,1,6,665.0,285.5,Pedestrian,475.5,257.5,540.7462436300414
4094,1,8,1685.0,292.5,Pedestrian,1495.5,264.5,1518.7101435099457
4094,1,10,219.5,227.5,Pedestrian,30.0,199.5,201.74302961936505
4094,1,11,1893.0,834.0,Pedestrian,1703.5,806.0,1884.5551862442235
4094,1,16,211.5,192.0,Pedestrian,22.0,164.0,165.46903033498444
4094,1,21,1047.5,968.5,Pedestrian,858.0,940.5,1273.068831603382
4094,1,24,742.0,448.0,Pedestrian,552.5,420.0,694.0145891838298
4094,1,27,248.5,203.5,Pedestrian,59.0,175.5,185.15196461285524
4094,1,43,1475.0,771.5,Pedestrian,1285.5,743.5,1485.0260940468352
4094,1,78,1744.5,277.5,Pedestrian,1555.0,249.5,1574.8889643400262
4094,1,80,1359.5,571.0,Pedestrian,1170.0,543.0,1289.8639463137188
4094,1,81,57.5,275.0,Biker,-132.0,247.0,280.0589223717038
4094,1,82,1000.5,970.5,Pedestrian,811.0,942.5,1243.3934413531383
4095,1,2,934.5,565.0,Biker,745.0,537.0,918.3648512437744
4095,1,3,42.5,23.5,Pedestrian,-147.0,-4.5,147.0688614221243
4095,1,4,197.5,59.5,Pedestrian,8.0,31.5,32.5
4095,1,6,662.0,287.5,Pedestrian,472.5,259.5,539.0700325560678
4095,1,8,1686.5,292.5,Pedestrian,1497.0,264.5,1520.1872417567515
4095,1,10,219.5,227.5,Pedestrian,30.0,199.5,201.74302961936505
4095,1,11,1893.0,836.5,Pedestrian,1703.5,808.5,1885.625758203361
4095,1,16,211.5,192.0,Pedestrian,22.0,164.0,165.46903033498444
4095,1,21,1047.5,968.5,Pedestrian,858.0,940.5,1273.068831603382
4095,1,24,742.0,448.0,Pedestrian,552.5,420.0,694.0145891838298
4095,1,27,248.5,203.5,Pedestrian,59.0,175.5,185.15196461285524
4095,1,43,1475.0,771.5,Pedestrian,1285.5,743.5,1485.0260940468352
4095,1,78,1744.5,277.5,Pedestrian,1555.0,249.5,1574.8889643400262
4095,1,80,1356.5,571.0,Pedestrian,1167.0,543.0,1287.143348660125
4095,1,81,57.5,274.0,Biker,-132.0,246.0,279.1773629791642
4095,1,82,1000.5,970.5,Pedestrian,811.0,942.5,1243.3934413531383
4096,1,2,932.0,563.0,Biker,745.5,535.0,917.6029914946878
4096,1,3,42.5,23.5,Pedestrian,-144.0,-4.5,144.0702953422391
4096,1,4,197.5,59.5,Pedestrian,11.0,31.5,33.36540124140574
4096,1,6,660.0,287.5,Pedestrian,473.5,259.5,539.9467566343926
4096,1,8,1686.5,292.5,Pedestrian,1500.0,264.5,1523.1415725401234
4096,1,10,219.5,227.5,Pedestrian,33.0,199.5,202.21090475046097
4096,1,11,1890.0,836.5,Pedestrian,1703.5,808.5,1885.625758203361
4096,1,16,211.5,192.0,Pedestrian,25.0,164.0,165.89454481688057
4096,1,21,1044.5,968.5,Pedestrian,858.0,940.5,1273.068831603382
4096,1,24,742.0,448.0,Pedestrian,555.5,420.0,696.4052340412154
4096,1,27,248.5,203.5,Pedestrian,62.0,175.5,186.12965910891256
4096,1,43,1475.0,771.5,Pedestrian,1288.5,743.5,1487.6237763628276
4096,1,78,1746.0,277.5,Pedestrian,1559.5,249.5,1579.3322956236918
4096,1,80,1356.5,571.0,Pedestrian,1170.0,543.0,1289.8639463137188
4096,1,81,57.5,274.0,Biker,-129.0,246.0,277.77148881769705
4096,1,82,1000.5,970.5,Pedestrian,814.0,942.5,1245.3522594029369
4097,1,2,929.0,563.0,Biker,745.0,535.0,917.1968163922071
4097,1,3,42.5,23.5,Pedestrian,-141.5,-4.5,141.57153668728753
4097,1,4,195.0,59.5,Pedestrian,11.0,31.5,33.36540124140574
4097,1,6,660.0,290.0,Pedestrian,476.0,262.0,543.3415132308593
4097,1,8,1688.0,292.5,Pedestrian,1504.0,264.5,1527.0809572514484
4097,1,10,219.5,227.5,Pedestrian,35.5,199.5,202.63390634343503
4097,1,11,1890.0,836.5,Pedestrian,1706.0,808.5,1887.8845965789328
4097,1,16,211.5,192.0,Pedestrian,27.5,164.0,166.2896569242958
4097,1,21,1044.5,970.5,Pedestrian,860.5,942.5,1276.2313661715104
4097,1,24,742.0,448.0,Pedestrian,558.0,420.0,698.4010309270742
4097,1,27,248.5,203.5,Pedestrian,64.5,175.5,186.97727134601146
4097,1,43,1475.0,771.5,Pedestrian,1291.0,743.5,1489.7896663623358
4097,1,78,1747.5,277.5,Pedestrian,1563.5,249.5,1583.282192156534
4097,1,80,1354.0,571.0,Pedestrian,1170.0,543.0,1289.8639463137188
4097,1,81,57.5,274.0,Biker,-126.5,246.0,276.6193232585171
4097,1,82,1000.5,972.5,Pedestrian,816.5,944.5,1248.5001001201401
4098,1,2,926.5,561.0,Biker,742.5,533.0,913.999589715444
4098,1,3,42.5,23.5,Pedestrian,-141.5,-4.5,141.57153668728753
4098,1,4,195.0,59.5,Pedestrian,11.0,31.5,33.36540124140574
4098,1,6,657.0,290.0,Pedestrian,473.0,262.0,540.7152670306249
4098,1,8,1689.5,289.5,Pedestrian,1505.5,261.5,1528.0420478507783
4098,1,10,219.5,227.5,Pedestrian,35.5,199.5,202.63390634343503
4098,1,11,1887.5,836.5,Pedestrian,1703.5,808.5,1885.625758203361
4098,1,16,211.5,192.0,Pedestrian,27.5,164.0,166.2896569242958
4098,1,21,1044.5,970.5,Pedestrian,860.5,942.5,1276.2313661715104
4098,1,24,742.0,448.0,Pedestrian,558.0,420.0,698.4010309270742
4098,1,27,248.5,203.5,Pedestrian,64.5,175.5,186.97727134601146
4098,1,43,1475.0,771.5,Pedestrian,1291.0,743.5,1489.7896663623358
4098,1,78,1747.5,277.5,Pedestrian,1563.5,249.5,1583.282192156534
4098,1,80,1351.5,571.0,Pedestrian,1167.5,543.0,1287.5966953980583
4098,1,81,57.5,274.0,Biker,-126.5,246.0,276.6193232585171
4098,1,82,1000.5,972.5,Pedestrian,816.5,944.5,1248.5001001201401
4099,1,2,923.5,561.0,Biker,742.5,533.0,913.999589715444
4099,1,3,42.5,23.5,Pedestrian,-138.5,-4.5,138.57308540982984
4099,1,4,192.0,59.5,Pedestrian,11.0,31.5,33.36540124140574
4099,1,6,654.0,290.0,Pedestrian,473.0,262.0,540.7152670306249
4099,1,8,1689.5,289.5,Pedestrian,1508.5,261.5,1530.99787720297
4099,1,10,219.5,227.5,Pedestrian,38.5,199.5,203.18095383179988
4099,1,11,1887.5,836.5,Pedestrian,1706.5,808.5,1888.3364371848572
4099,1,16,211.5,192.0,Pedestrian,30.5,164.0,166.8120199506019
4099,1,21,1044.5,970.5,Pedestrian,863.5,942.5,1278.2560385149761
4099,1,24,742.0,448.0,Pedestrian,561.0,420.0,700.800256849268
4099,1,27,248.5,203.5,Pedestrian,67.5,175.5,188.03324174198562
4099,1,43,1475.0,771.5,Pedestrian,1294.0,743.5,1492.3901132076694
4099,1,78,1747.5,277.5,Pedestrian,1566.5,249.5,1586.2447793452309
4099,1,80,1351.5,571.0,Pedestrian,1170.5,543.0,1290.3174996875769
4099,1,81,57.5,273.0,Biker,-123.5,245.0,274.3669987443825
4099,1,82,998.0,975.5,Pedestrian,817.0,947.5,1251.097618093808
4100,1,2,921.0,561.0,Biker,740.0,531.0,910.8023934970746
4100,1,3,42.5,23.5,Pedestrian,-138.5,-6.5,138.65244318078206
4100,1,4,192.0,59.5,Pedestrian,11.0,29.5,31.48412298286233
4100,1,6,654.0,292.0,Pedestrian,473.0,262.0,540.7152670306249
4100,1,8,1691.0,289.5,Pedestrian,1510.0,259.5,1532.1358458048032
4100,1,10,219.5,227.5,Pedestrian,38.5,197.5,201.21754396672273
4100,1,11,1887.5,838.5,Pedestrian,1706.5,808.5,1888.3364371848572
4100,1,16,211.5,192.0,Pedestrian,30.5,162.0,164.8461403855122
4100,1,21,1044.5,972.5,Pedestrian,863.5,942.5,1278.2560385149761
4100,1,24,742.0,448.0,Pedestrian,561.0,418.0,699.6034591109452
4100,1,27,248.5,203.5,Pedestrian,67.5,173.5,186.1679349404725
4100,1,43,1475.0,771.5,Pedestrian,1294.0,741.5,1491.3947331273503
4100,1,78,1749.0,277.5,Pedestrian,1568.0,247.5,1587.4130684859565
4100,1,80,1348.5,571.0,Pedestrian,1167.5,541.0,1286.7545414724598
4100,1,81,57.5,273.0,Biker,-123.5,243.0,272.58255630175603
4100,1,82,998.0,975.5,Pedestrian,817.0,945.5,1249.5836306546273
4101,1,2,918.0,559.0,Biker,739.5,529.0,909.2311312312178
4101,1,3,42.5,23.5,Pedestrian,-136.0,-6.5,136.15524227880468
4101,1,4,189.5,59.5,Pedestrian,11.0,29.5,31.48412298286233
4101,1,6,651.0,292.0,Pedestrian,472.5,262.0,540.2779377320529
4101,1,8,1691.0,289.5,Pedestrian,1512.5,259.5,1534.5997849602352
4101,1,10,219.5,227.5,Pedestrian,41.0,197.5,201.71080784132516
4101,1,11,1885.0,838.5,Pedestrian,1706.5,808.5,1888.3364371848572
4101,1,16,211.5,192.0,Pedestrian,33.0,162.0,165.32694880145826
4101,1,21,1041.5,972.5,Pedestrian,863.0,942.5,1277.9183268112247
4101,1,24,742.0,448.0,Pedestrian,563.5,418.0,701.6097562035466
4101,1,27,248.5,203.5,Pedestrian,70.0,173.5,187.08888261999962
4101,1,43,1475.0,771.5,Pedestrian,1296.5,741.5,1493.5643608495752
4101,1,78,1750.0,277.5,Pedestrian,1571.5,247.5,1590.870359268787
4101,1,80,1345.5,571.0,Pedestrian,1167.0,541.0,1286.3008979239655
4101,1,81,56.0,271.5,Biker,-122.5,241.5,270.7923558743858
4101,1,82,998.0,977.5,Pedestrian,819.5,947.5,1252.731615311117
4102,1,2,915.5,559.0,Biker,740.0,529.0,909.6378400220607
4102,1,3,42.5,23.5,Pedestrian,-133.0,-6.5,133.15873985585776
4102,1,4,189.5,59.5,Pedestrian,14.0,29.5,32.65348373451139
4102,1,6,649.0,294.5,Pedestrian,473.5,264.5,542.3674953387233
4102,1,8,1692.5,289.5,Pedestrian,1517.0,259.5,1539.0351685390428
4102,1,10,219.5,227.5,Pedestrian,44.0,197.5,202.34191360170536
4102,1,11,1885.0,838.5,Pedestrian,1709.5,808.5,1891.0479898722824
4102,1,16,211.5,192.0,Pedestrian,36.0,162.0,165.95180023127196
4102,1,21,1041.5,972.5,Pedestrian,866.0,942.5,1279.9461902752005
4102,1,24,742.0,448.0,Pedestrian,566.5,418.0,704.0214840471845
4102,1,27,248.5,203.5,Pedestrian,73.0,173.5,188.23190484081067
4102,1,43,1475.0,771.5,Pedestrian,1299.5,741.5,1496.1692751824573
4102,1,78,1750.0,276.5,Pedestrian,1574.5,246.5,1593.6789199835705
4102,1,80,1345.5,571.0,Pedestrian,1170.0,541.0,1289.0232736455926
4102,1,81,56.0,271.5,Biker,-119.5,241.5,269.4485108513313
4102,1,82,998.0,977.5,Pedestrian,822.5,947.5,1254.6961783635113
4103,1,2,912.5,556.0,Biker,737.0,526.0,905.452925336265
4103,1,3,42.5,23.5,Pedestrian,-133.0,-6.5,133.15873985585776
4103,1,4,186.5,59.5,Pedestrian,11.0,29.5,31.48412298286233
4103,1,6,649.0,294.5,Pedestrian,473.5,264.5,542.3674953387233
4103,1,8,1694.0,289.5,Pedestrian,1518.5,259.5,1540.5137130191345
4103,1,10,219.5,227.5,Pedestrian,44.0,197.5,202.34191360170536
4103,1,11,1882.0,838.5,Pedestrian,1706.5,808.5,1888.3364371848572
4103,1,16,211.5,192.0,Pedestrian,36.0,162.0,165.95180023127196
4103,1,21,1041.5,972.5,Pedestrian,866.0,942.5,1279.9461902752005
4103,1,24,742.0,448.0,Pedestrian,566.5,418.0,704.0214840471845
4103,1,27,248.5,203.5,Pedestrian,73.0,173.5,188.23190484081067
4103,1,43,1475.0,771.5,Pedestrian,1299.5,741.5,1496.1692751824573
4103,1,78,1750.0,276.5,Pedestrian,1574.5,246.5,1593.6789199835705
4103,1,80,1343.0,571.0,Pedestrian,1167.5,541.0,1286.7545414724598
4103,1,81,56.0,271.5,Biker,-119.5,241.5,269.4485108513313
4103,1,82,998.0,977.5,Pedestrian,822.5,947.5,1254.6961783635113
4104,1,2,910.0,556.0,Biker,737.0,526.0,905.452925336265
4104,1,3,42.5,23.5,Pedestrian,-130.5,-6.5,130.6617771194009
4104,1,4,186.5,62.5,Pedestrian,13.5,32.5,35.19232870953555
4104,1,6,646.0,296.5,Pedestrian,473.0,266.5,542.9099833305702
4104,1,8,1694.0,289.5,Pedestrian,1521.0,259.5,1542.9780458580738
4104,1,10,219.5,227.5,Pedestrian,46.5,197.5,202.9002217840089
4104,1,11,1882.0,838.5,Pedestrian,1709.0,808.5,1890.5960039098782
4104,1,16,211.5,192.0,Pedestrian,38.5,162.0,166.51201157874468
4104,1,21,1041.5,975.5,Pedestrian,868.5,945.5,1283.8467587683508
4104,1,24,742.0,448.0,Pedestrian,569.0,418.0,706.0347016967368
4104,1,27,248.5,203.5,Pedestrian,75.5,173.5,189.21548562419514
4104,1,43,1475.0,771.5,Pedestrian,1302.0,741.5,1498.3411660900197
4104,1,78,1750.0,276.5,Pedestrian,1577.0,246.5,1596.1488809005255
4104,1,80,1340.5,571.0,Pedestrian,1167.5,541.0,1286.7545414724598
4104,1,81,56.0,271.5,Biker,-117.0,241.5,268.34911961845523
4104,1,82,998.0,979.5,Pedestrian,825.0,949.5,1257.845479381311
4105,1,2,907.0,556.0,Biker,734.0,526.0,903.0127352368847
4105,1,3,42.5,23.5,Pedestrian,-130.5,-6.5,130.6617771194009
4105,1,4,184.0,62.5,Pedestrian,11.0,32.5,34.311076928595526
4105,1,6,646.0,296.5,Pedestrian,473.0,266.5,542.9099833305702
4105,1,8,1695.0,289.5,Pedestrian,1522.0,259.5,1543.9638111043923
4105,1,10,219.5,227.5,Pedestrian,46.5,197.5,202.9002217840089
4105,1,11,1882.0,841.0,Pedestrian,1709.0,811.0,1891.6664610866262
4105,1,16,211.5,192.0,Pedestrian,38.5,162.0,166.51201157874468
4105,1,21,1041.5,975.5,Pedestrian,868.5,945.5,1283.8467587683508
4105,1,24,742.0,448.0,Pedestrian,569.0,418.0,706.0347016967368
4105,1,27,248.5,203.5,Pedestrian,75.5,173.5,189.21548562419514
4105,1,43,1475.0,771.5,Pedestrian,1302.0,741.5,1498.3411660900197
4105,1,78,1752.5,276.5,Pedestrian,1579.5,246.5,1598.618935206261
4105,1,80,1340.5,571.0,Pedestrian,1167.5,541.0,1286.7545414724598
4105,1,81,56.0,270.5,Biker,-117.0,240.5,267.4495279487328
4105,1,82,995.0,979.5,Pedestrian,822.0,949.5,1255.8798708475265
4106,1,2,904.5,554.0,Biker,734.5,524.0,902.2561997570314
4106,1,3,42.5,23.5,Pedestrian,-127.5,-6.5,127.66557875950745
4106,1,4,184.0,62.5,Pedestrian,14.0,32.5,35.387144558440994
4106,1,6,643.0,296.5,Pedestrian,473.0,266.5,542.9099833305702
4106,1,8,1695.0,289.5,Pedestrian,1525.0,259.5,1546.9212164813048
4106,1,10,219.5,227.5,Pedestrian,49.5,197.5,203.6086933311051
4106,1,11,1879.0,841.0,Pedestrian,1709.0,811.0,1891.6664610866262
4106,1,16,211.5,192.0,Pedestrian,41.5,162.0,167.23112748528607
4106,1,21,1039.5,975.5,Pedestrian,869.5,945.5,1284.5234524912341
4106,1,24,742.0,448.0,Pedestrian,572.0,418.0,708.4546562766033
4106,1,27,248.5,203.5,Pedestrian,78.5,173.5,190.43240270500186
4106,1,43,1475.0,771.5,Pedestrian,1305.0,741.5,1500.948783270102
4106,1,78,1752.5,275.0,Pedestrian,1582.5,245.0,1601.3529436073736
4106,1,80,1337.5,571.0,Pedestrian,1167.5,541.0,1286.7545414724598
4106,1,81,56.0,269.5,Biker,-114.0,239.5,265.247525907406
4106,1,82,995.0,982.5,Pedestrian,825.0,952.5,1260.1116022003766
4107,1,2,901.5,554.0,Biker,734.0,524.0,901.849211343005
4107,1,3,42.5,23.5,Pedestrian,-125.0,-6.5,125.16888591019735
4107,1,4,181.0,62.5,Pedestrian,13.5,32.5,35.19232870953555
4107,1,6,640.0,299.0,Pedestrian,472.5,269.0,543.7069523189859
4107,1,8,1696.0,289.5,Pedestrian,1528.5,259.5,1550.3717296184163
4107,1,10,218.5,227.5,Pedestrian,51.0,197.5,203.9785527941602
4107,1,11,1879.0,841.0,Pedestrian,1711.5,811.0,1893.9253549176642
4107,1,16,211.5,192.0,Pedestrian,44.0,162.0,167.86899654194636
4107,1,21,1039.5,977.5,Pedestrian,872.0,947.5,1287.687947446896
4107,1,24,742.0,448.0,Pedestrian,574.5,418.0,710.4746652766726
4107,1,27,248.5,203.5,Pedestrian,81.0,173.5,191.4764998635603
4107,1,43,1475.0,771.5,Pedestrian,1307.5,741.5,1503.1229157989708
4107,1,78,1752.5,275.0,Pedestrian,1585.0,245.0,1603.8235563801898
4107,1,80,1334.5,571.0,Pedestrian,1167.0,541.0,1286.3008979239655
4107,1,81,56.0,269.5,Biker,-111.5,239.5,264.182701931826
4107,1,82,995.0,982.5,Pedestrian,827.5,952.5,1261.7497770952843
4108,1,2,899.0,552.0,Biker,731.5,522.0,898.6524634139719
4108,1,3,42.5,23.5,Pedestrian,-125.0,-6.5,125.16888591019735
4108,1,4,181.0,62.5,Pedestrian,13.5,32.5,35.19232870953555
4108,1,6,640.0,299.0,Pedestrian,472.5,269.0,543.7069523189859
4108,1,8,1697.5,289.5,Pedestrian,1530.0,259.5,1551.8505888132402
4108,1,10,218.5,227.5,Pedestrian,51.0,197.5,203.9785527941602
4108,1,11,1876.5,841.0,Pedestrian,1709.0,811.0,1891.6664610866262
4108,1,16,211.5,192.0,Pedestrian,44.0,162.0,167.86899654194636
4108,1,21,1039.5,977.5,Pedestrian,872.0,947.5,1287.687947446896
4108,1,24,742.0,448.0,Pedestrian,574.5,418.0,710.4746652766726
4108,1,27,248.5,203.5,Pedestrian,81.0,173.5,191.4764998635603
4108,1,43,1475.0,771.5,Pedestrian,1307.5,741.5,1503.1229157989708
4108,1,78,1752.5,275.0,Pedestrian,1585.0,245.0,1603.8235563801898
4108,1,80,1334.5,571.0,Pedestrian,1167.0,541.0,1286.3008979239655
4108,1,81,56.0,269.5,Biker,-111.5,239.5,264.182701931826
4108,1,82,995.0,984.5,Pedestrian,827.5,954.5,1263.2602661367926
4109,1,2,896.0,552.0,Biker,731.5,522.0,898.6524634139719
4109,1,3,42.5,23.5,Pedestrian,-122.0,-6.5,122.1730330310253
4109,1,4,178.5,62.5,Pedestrian,14.0,32.5,35.387144558440994
4109,1,6,638.0,301.0,Pedestrian,473.5,271.0,545.5669069875848
4109,1,8,1697.5,289.5,Pedestrian,1533.0,259.5,1554.8084287139686
4109,1,10,218.5,227.5,Pedestrian,54.0,197.5,204.74923687281475
4109,1,11,1876.5,841.0,Pedestrian,1712.0,811.0,1894.3772063662507
4109,1,16,211.5,192.0,Pedestrian,47.0,162.0,168.6801707374047
4109,1,21,1039.5,977.5,Pedestrian,875.0,947.5,1289.7213846408843
4109,1,24,742.0,448.0,Pedestrian,577.5,418.0,712.9026932197689
4109,1,27,248.5,203.5,Pedestrian,84.0,173.5,192.76475300220216
4109,1,43,1475.0,771.5,Pedestrian,1310.5,741.5,1505.7332101006473
4109,1,78,1755.5,275.0,Pedestrian,1591.0,245.0,1609.7533972630715
4109,1,80,1332.0,571.0,Pedestrian,1167.5,541.0,1286.7545414724598
4109,1,81,56.0,269.5,Biker,-108.5,239.5,262.93059920823214
4109,1,82,995.0,984.5,Pedestrian,830.5,954.5,1265.2274499077232
4110,1,2,893.5,552.0,Biker,729.0,519.5,895.165487493793
4110,1,3,42.5,23.5,Pedestrian,-122.0,-9.0,122.3315167894194
4110,1,4,178.5,62.5,Pedestrian,14.0,30.0,33.1058907144937
4110,1,6,635.0,301.0,Pedestrian,470.5,268.5,541.7217920667397
4110,1,8,1699.0,289.5,Pedestrian,1534.5,257.0,1555.872504416734
4110,1,10,218.5,227.5,Pedestrian,54.0,195.0,202.33882474700698
4110,1,11,1876.5,843.0,Pedestrian,1712.0,810.5,1894.1632057454817
4110,1,16,211.5,192.0,Pedestrian,47.0,159.5,166.28063627494333
4110,1,21,1039.5,979.5,Pedestrian,875.0,947.0,1289.354101866512
4110,1,24,742.0,448.0,Pedestrian,577.5,415.5,711.4397374338884
4110,1,27,248.5,203.5,Pedestrian,84.0,171.0,190.51771571168914
4110,1,43,1475.0,771.5,Pedestrian,1310.5,739.0,1504.5036556951266
4110,1,78,1755.5,275.0,Pedestrian,1591.0,242.5,1609.3748009708615
4110,1,80,1332.0,571.0,Pedestrian,1167.5,538.5,1285.7054483823267
4110,1,81,56.0,268.0,Biker,-108.5,235.5,259.2923060948782
4110,1,82,995.0,986.5,Pedestrian,830.5,954.0,1264.8502875834752
4111,1,2,888.0,549.0,Biker,726.0,519.0,892.4331907767662
4111,1,3,42.5,23.5,Pedestrian,-119.5,-6.5,119.67664768032233
4111,1,4,175.5,62.5,Pedestrian,13.5,32.5,35.19232870953555
4111,1,6,635.0,303.5,Pedestrian,473.0,273.5,546.3801332405856
4111,1,8,1700.5,289.5,Pedestrian,1538.5,259.5,1560.2315533279027
4111,1,10,218.5,227.5,Pedestrian,56.5,197.5,205.42273486642125
4111,1,11,1874.0,843.0,Pedestrian,1712.0,813.0,1895.2342863086874
4111,1,16,211.5,192.0,Pedestrian,49.5,162.0,169.3937720224684
4111,1,21,1036.5,979.5,Pedestrian,874.5,949.5,1290.8526252055267
4111,1,24,742.0,448.0,Pedestrian,580.0,418.0,714.9293671405588
4111,1,27,248.5,203.5,Pedestrian,86.5,173.5,193.86722260351283
4111,1,43,1475.0,771.5,Pedestrian,1313.0,741.5,1507.909562938043
4111,1,78,1755.5,275.0,Pedestrian,1593.5,245.0,1612.2243175191225
4111,1,80,1329.5,571.0,Pedestrian,1167.5,541.0,1286.7545414724598
4111,1,81,56.0,268.0,Biker,-106.0,238.0,260.5379051117131
4111,1,82,995.0,986.5,Pedestrian,833.0,956.5,1268.3774083450082
4112,1,2,885.0,549.0,Biker,726.0,519.0,892.4331907767662
4112,1,3,42.5,23.5,Pedestrian,-116.5,-6.5,116.68118957226996
4112,1,4,175.5,62.5,Pedestrian,16.5,32.5,36.44859393721519
4112,1,6,632.0,303.5,Pedestrian,473.0,273.5,546.3801332405856
4112,1,8,1700.5,289.5,Pedestrian,1541.5,259.5,1563.1898477152415
4112,1,10,218.5,227.5,Pedestrian,59.5,197.5,206.26802951499778
4112,1,11,1874.0,843.0,Pedestrian,1715.0,813.0,1897.9446778028068
4112,1,16,211.5,192.0,Pedestrian,52.5,162.0,170.29459768295646
4112,1,21,1036.5,979.5,Pedestrian,877.5,949.5,1292.8868860035668
4112,1,24,740.5,448.0,Pedestrian,581.5,418.0,716.146807575095
4112,1,27,248.5,203.5,Pedestrian,89.5,173.5,195.22423005354636
4112,1,43,1475.0,771.5,Pedestrian,1316.0,741.5,1510.522508935236
4112,1,78,1755.5,275.0,Pedestrian,1596.5,245.0,1615.1895399611774
4112,1,80,1326.5,571.0,Pedestrian,1167.5,541.0,1286.7545414724598
4112,1,81,54.5,267.0,Biker,-104.5,237.0,259.0159261512697
4112,1,82,995.0,986.5,Pedestrian,836.0,956.5,1270.3496565906569
4113,1,2,882.5,547.0,Biker,723.5,517.0,889.2363296672038
4113,1,3,42.5,23.5,Pedestrian,-116.5,-6.5,116.68118957226996
4113,1,4,173.0,62.5,Pedestrian,14.0,32.5,35.387144558440994
4113,1,6,629.0,303.5,Pedestrian,470.0,273.5,543.7851138087544
4113,1,8,1702.0,289.5,Pedestrian,1543.0,259.5,1564.6690544648732
4113,1,10,218.5,227.5,Pedestrian,59.5,197.5,206.26802951499778
4113,1,11,1874.0,843.0,Pedestrian,1715.0,813.0,1897.9446778028068
4113,1,16,211.5,192.0,Pedestrian,52.5,162.0,170.29459768295646
4113,1,21,1036.5,979.5,Pedestrian,877.5,949.5,1292.8868860035668
4113,1,24,740.5,448.0,Pedestrian,581.5,418.0,716.146807575095
4113,1,27,248.5,203.5,Pedestrian,89.5,173.5,195.22423005354636
4113,1,43,1475.0,771.5,Pedestrian,1316.0,741.5,1510.522508935236
4113,1,78,1758.5,275.0,Pedestrian,1599.5,245.0,1618.154890608436
4113,1,80,1326.5,571.0,Pedestrian,1167.5,541.0,1286.7545414724598
4113,1,81,54.5,267.0,Biker,-104.5,237.0,259.0159261512697
4113,1,82,995.0,986.5,Pedestrian,836.0,956.5,1270.3496565906569
4114,1,2,879.5,547.0,Biker,723.0,517.0,888.8295674649893
4114,1,3,42.5,23.5,Pedestrian,-114.0,-6.5,114.1851566535686
4114,1,4,173.0,62.5,Pedestrian,16.5,32.5,36.44859393721519
4114,1,6,629.0,306.0,Pedestrian,472.5,276.0,547.2040295904262
4114,1,8,1702.0,289.5,Pedestrian,1545.5,259.5,1567.1344868900053
4114,1,10,218.5,227.5,Pedestrian,62.0,197.5,207.00301930165173
4114,1,11,1871.0,845.5,Pedestrian,1714.5,815.5,1898.5653794378534
4114,1,16,211.5,192.0,Pedestrian,55.0,162.0,171.0818517552344
4114,1,21,1036.5,979.5,Pedestrian,880.0,949.5,1294.58497210496
4114,1,24,740.5,448.0,Pedestrian,584.0,418.0,718.1782508542012
4114,1,27,248.5,203.5,Pedestrian,92.0,173.5,196.3829167723099
4114,1,43,1475.0,771.5,Pedestrian,1318.5,741.5,1512.701061016353
4114,1,78,1758.5,275.0,Pedestrian,1602.0,245.0,1620.626113574627
4114,1,80,1323.5,571.0,Pedestrian,1167.0,541.0,1286.3008979239655
4114,1,81,54.5,267.0,Biker,-102.0,237.0,258.0174412709342
4114,1,82,995.0,986.5,Pedestrian,838.5,956.5,1271.996265717789
4115,1,2,877.0,547.0,Biker,720.5,517.0,886.7971865088432
4115,1,3,42.5,23.5,Pedestrian,-114.0,-6.5,114.1851566535686
4115,1,4,170.0,64.5,Pedestrian,13.5,34.5,37.04726710568541
4115,1,6,627.0,306.0,Pedestrian,470.5,276.0,545.4780013896069
4115,1,8,1703.5,289.5,Pedestrian,1547.0,259.5,1568.6137988682874
4115,1,10,218.5,227.5,Pedestrian,62.0,197.5,207.00301930165173
4115,1,11,1871.0,845.5,Pedestrian,1714.5,815.5,1898.5653794378534
4115,1,16,211.5,192.0,Pedestrian,55.0,162.0,171.0818517552344
4115,1,21,1036.5,982.5,Pedestrian,880.0,952.5,1296.7868945975665
4115,1,24,740.5,448.0,Pedestrian,584.0,418.0,718.1782508542012
4115,1,27,248.5,203.5,Pedestrian,92.0,173.5,196.3829167723099
4115,1,43,1475.0,771.5,Pedestrian,1318.5,741.5,1512.701061016353
4115,1,78,1758.5,275.0,Pedestrian,1602.0,245.0,1620.626113574627
4115,1,80,1321.0,571.0,Pedestrian,1164.5,541.0,1284.033196611365
4115,1,81,54.5,267.0,Biker,-102.0,237.0,258.0174412709342
4115,1,82,995.0,986.5,Pedestrian,838.5,956.5,1271.996265717789
4116,1,2,871.5,545.0,Biker,718.0,515.0,883.6000226346761
4116,1,3,42.5,23.5,Pedestrian,-111.0,-6.5,111.19015244166185
4116,1,4,167.5,64.5,Pedestrian,14.0,34.5,37.23237838226293
4116,1,6,624.0,308.0,Pedestrian,470.5,278.0,546.4926806463194
4116,1,8,1705.0,289.5,Pedestrian,1551.5,259.5,1573.051969898007
4116,1,10,218.5,227.5,Pedestrian,65.0,197.5,207.92125913431747
4116,1,11,1871.0,845.5,Pedestrian,1717.5,815.5,1901.2749669629588
4116,1,16,211.5,192.0,Pedestrian,58.0,162.0,172.06975329789952
4116,1,21,1036.5,982.5,Pedestrian,883.0,952.5,1298.8245647507595
4116,1,24,740.5,448.0,Pedestrian,587.0,418.0,720.6198720546083
4116,1,27,248.5,203.5,Pedestrian,95.0,173.5,197.8060919183229
4116,1,43,1475.0,771.5,Pedestrian,1321.5,741.5,1515.3166335786063
4116,1,78,1758.5,273.5,Pedestrian,1605.0,243.5,1623.366024653713
4116,1,80,1321.0,571.0,Pedestrian,1167.5,541.0,1286.7545414724598
4116,1,81,54.5,266.0,Biker,-99.0,236.0,255.92381678929377
4116,1,82,995.0,986.5,Pedestrian,841.5,956.5,1273.9758631936477
4117,1,2,868.5,545.0,Biker,717.5,515.0,883.1937782842449
4117,1,3,42.5,23.5,Pedestrian,-108.5,-6.5,108.69452608112333
4117,1,4,167.5,64.5,Pedestrian,16.5,34.5,38.242646351945886
4117,1,6,624.0,308.0,Pedestrian,473.0,278.0,548.6465164384077
4117,1,8,1705.0,289.5,Pedestrian,1554.0,259.5,1575.5177720355935
4117,1,10,218.5,227.5,Pedestrian,67.5,197.5,208.71631464741802
4117,1,11,1868.0,847.5,Pedestrian,1717.0,817.5,1901.6822158289224
4117,1,16,211.5,192.0,Pedestrian,60.5,162.0,172.92845341354325
4117,1,21,1033.5,982.5,Pedestrian,882.5,952.5,1298.4846937873392
4117,1,24,740.5,448.0,Pedestrian,589.5,418.0,722.6577682416483
4117,1,27,248.5,203.5,Pedestrian,97.5,173.5,199.01884332896722
4117,1,43,1475.0,771.5,Pedestrian,1324.0,741.5,1517.497364083378
4117,1,78,1759.5,273.5,Pedestrian,1608.5,243.5,1626.8265119551008
4117,1,80,1318.5,571.0,Pedestrian,1167.5,541.0,1286.7545414724598
4117,1,81,54.5,264.5,Biker,-96.5,234.5,253.57937613299706
4117,1,82,995.0,986.5,Pedestrian,844.0,956.5,1275.628570548653
4118,1,2,866.0,545.0,Biker,715.0,515.0,881.1640028961691
4118,1,3,42.5,23.5,Pedestrian,-108.5,-6.5,108.69452608112333
4118,1,4,164.5,64.5,Pedestrian,13.5,34.5,37.04726710568541
4118,1,6,621.0,308.0,Pedestrian,470.0,278.0,546.0622675116822
4118,1,8,1706.0,289.5,Pedestrian,1555.0,259.5,1576.5041230520142
4118,1,10,218.5,227.5,Pedestrian,67.5,197.5,208.71631464741802
4118,1,11,1868.0,847.5,Pedestrian,1717.0,817.5,1901.6822158289224
4118,1,16,211.5,192.0,Pedestrian,60.5,162.0,172.92845341354325
4118,1,21,1033.5,982.5,Pedestrian,882.5,952.5,1298.4846937873392
4118,1,24,740.5,448.0,Pedestrian,589.5,418.0,722.6577682416483
4118,1,27,248.5,203.5,Pedestrian,97.5,173.5,199.01884332896722
4118,1,43,1475.0,771.5,Pedestrian,1324.0,741.5,1517.497364083378
4118,1,78,1761.0,273.5,Pedestrian,1610.0,243.5,1628.3096296466467
4118,1,80,1315.5,571.0,Pedestrian,1164.5,541.0,1284.033196611365
4118,1,81,54.5,264.5,Biker,-96.5,234.5,253.57937613299706
4118,1,82,995.0,986.5,Pedestrian,844.0,956.5,1275.628570548653
4119,1,2,863.0,543.0,Biker,715.0,513.0,879.9965909024876
4119,1,3,42.5,23.5,Pedestrian,-105.5,-6.5,105.7000473036791
4119,1,4,164.5,64.5,Pedestrian,16.5,34.5,38.242646351945886
4119,1,6,621.0,310.5,Pedestrian,473.0,280.5,549.9174938115717
4119,1,8,1706.0,289.5,Pedestrian,1558.0,259.5,1579.4632790919832
4119,1,10,218.5,227.5,Pedestrian,70.5,197.5,209.70574622551476
4119,1,11,1868.0,847.5,Pedestrian,1720.0,817.5,1904.3913069534842
4119,1,16,211.5,192.0,Pedestrian,63.5,162.0,174.0007183893216
4119,1,21,1033.5,984.5,Pedestrian,885.5,954.5,1301.9909753911506
4119,1,24,740.5,448.0,Pedestrian,592.5,418.0,725.107061060641
4119,1,27,248.5,203.5,Pedestrian,100.5,173.5,200.50561089405952
4119,1,43,1475.0,771.5,Pedestrian,1327.0,741.5,1520.1155383720015
4119,1,78,1761.0,273.5,Pedestrian,1613.0,243.5,1631.2759576478775
4119,1,80,1315.5,571.0,Pedestrian,1167.5,541.0,1286.7545414724598
4119,1,81,54.5,264.5,Biker,-93.5,234.5,252.4529659164257
4119,1,82,995.0,986.5,Pedestrian,847.0,956.5,1277.6154546654482
4120,1,2,860.5,543.0,Biker,712.5,513.0,877.9665426427136
4120,1,3,42.5,23.5,Pedestrian,-105.5,-6.5,105.7000473036791
4120,1,4,162.0,64.5,Pedestrian,14.0,34.5,37.23237838226293
4120,1,6,618.0,310.5,Pedestrian,470.0,280.5,547.3392458064742
4120,1,8,1707.0,289.5,Pedestrian,1559.0,259.5,1580.4496986617448
4120,1,10,218.5,227.5,Pedestrian,70.5,197.5,209.70574622551476
4120,1,11,1868.0,850.0,Pedestrian,1720.0,820.0,1905.465822312224
4120,1,16,211.5,192.0,Pedestrian,63.5,162.0,174.0007183893216
4120,1,21,1033.5,984.5,Pedestrian,885.5,954.5,1301.9909753911506
4120,1,24,740.5,448.0,Pedestrian,592.5,418.0,725.107061060641
4120,1,27,248.5,203.5,Pedestrian,100.5,173.5,200.50561089405952
4120,1,43,1475.0,771.5,Pedestrian,1327.0,741.5,1520.1155383720015
4120,1,78,1761.0,273.5,Pedestrian,1613.0,243.5,1631.2759576478775
4120,1,80,1312.5,571.0,Pedestrian,1164.5,541.0,1284.033196611365
4120,1,81,54.5,264.5,Biker,-93.5,234.5,252.4529659164257
4120,1,82,995.0,986.5,Pedestrian,847.0,956.5,1277.6154546654482
4121,1,2,855.0,543.0,Biker,709.5,513.0,875.5336943830317
4121,1,3,42.5,23.5,Pedestrian,-103.0,-6.5,103.20489329484334
4121,1,4,162.0,64.5,Pedestrian,16.5,34.5,38.242646351945886
4121,1,6,616.0,312.5,Pedestrian,470.5,282.5,548.7954992526816
4121,1,8,1708.5,289.5,Pedestrian,1563.0,259.5,1584.3955472040434
4121,1,10,218.5,227.5,Pedestrian,73.0,197.5,210.55937404922156
4121,1,11,1868.0,850.0,Pedestrian,1722.5,820.0,1907.7227917074326
4121,1,16,211.5,192.0,Pedestrian,66.0,162.0,174.92855684535903
4121,1,21,1033.5,984.5,Pedestrian,888.0,954.5,1303.6925442756815
4121,1,24,740.5,448.0,Pedestrian,595.0,418.0,727.15129099796
4121,1,27,248.5,203.5,Pedestrian,103.0,173.5,201.77029018168162
4121,1,43,1475.0,771.5,Pedestrian,1329.5,741.5,1522.2984267219092
4121,1,78,1762.5,272.5,Pedestrian,1617.0,242.5,1635.0826431712862
4121,1,80,1310.0,571.0,Pedestrian,1164.5,541.0,1284.033196611365
4121,1,81,54.5,263.5,Biker,-91.0,233.5,250.6057660948766
4121,1,82,995.0,986.5,Pedestrian,849.5,956.5,1279.2742082915609
4122,1,2,852.0,540.0,Biker,709.5,510.0,873.7792913545159
4122,1,3,42.5,23.5,Pedestrian,-100.0,-6.5,100.21102733731453
4122,1,4,159.0,64.5,Pedestrian,16.5,34.5,38.242646351945886
4122,1,6,616.0,312.5,Pedestrian,473.5,282.5,551.3696582148858
4122,1,8,1708.5,289.5,Pedestrian,1566.0,259.5,1587.355111498369
4122,1,10,218.5,227.5,Pedestrian,76.0,197.5,211.6181702973542
4122,1,11,1868.0,852.5,Pedestrian,1725.5,822.5,1911.506343175455
4122,1,16,211.5,192.0,Pedestrian,69.0,162.0,176.08236708995025
4122,1,21,1033.5,984.5,Pedestrian,891.0,954.5,1305.7378182468333
4122,1,24,740.5,448.0,Pedestrian,598.0,418.0,729.6081139899693
4122,1,27,248.5,203.5,Pedestrian,106.0,173.5,203.31810052230963
4122,1,43,1475.0,771.5,Pedestrian,1332.5,741.5,1524.9191781861753
4122,1,78,1763.5,272.5,Pedestrian,1621.0,242.5,1639.0385138855036
4122,1,80,1310.0,571.0,Pedestrian,1167.5,541.0,1286.7545414724598
4122,1,81,54.5,263.5,Biker,-88.0,233.5,249.53206206818393
4122,1,82,995.0,986.5,Pedestrian,852.5,956.5,1281.2683169422398
4123,1,2,849.5,540.0,Biker,707.0,510.0,871.750537711334
4123,1,3,42.5,23.5,Pedestrian,-100.0,-6.5,100.21102733731453
4123,1,4,159.0,64.5,Pedestrian,16.5,34.5,38.242646351945886
4123,1,6,613.0,315.0,Pedestrian,470.5,285.0,550.0865840938134
4123,1,8,1710.0,289.5,Pedestrian,1567.5,259.5,1588.8349505219226
4123,1,10,218.5,227.5,Pedestrian,76.0,197.5,211.6181702973542
4123,1,11,1868.0,852.5,Pedestrian,1725.5,822.5,1911.506343175455
4123,1,16,211.5,192.0,Pedestrian,69.0,162.0,176.08236708995025
4123,1,21,1030.5,986.5,Pedestrian,888.0,956.5,1305.1575575385525
4123,1,24,740.5,448.0,Pedestrian,598.0,418.0,729.6081139899693
4123,1,27,248.5,203.5,Pedestrian,106.0,173.5,203.31810052230963
4123,1,43,1475.0,771.5,Pedestrian,1332.5,741.5,1524.9191781861753
4123,1,78,1763.5,272.5,Pedestrian,1621.0,242.5,1639.0385138855036
4123,1,80,1307.5,571.0,Pedestrian,1165.0,541.0,1284.486667895
4123,1,81,54.5,262.5,Biker,-88.0,232.5,248.59656071635425
4123,1,82,995.0,986.5,Pedestrian,852.5,956.5,1281.2683169422398
4124,1,2,846.5,540.0,Biker,706.5,510.0,871.3450808950493
4124,1,3,42.5,23.5,Pedestrian,-97.5,-6.5,97.7164264594239
4124,1,4,156.5,64.5,Pedestrian,16.5,34.5,38.242646351945886
4124,1,6,610.0,315.0,Pedestrian,470.0,285.0,549.6589851899084
4124,1,8,1711.5,289.5,Pedestrian,1571.5,259.5,1592.781372316992
4124,1,10,218.5,227.5,Pedestrian,78.5,197.5,212.52882157486312
4124,1,11,1868.0,854.5,Pedestrian,1728.0,824.5,1914.6237881108655
4124,1,16,211.5,192.0,Pedestrian,71.5,162.0,177.0769606696478
4124,1,21,1030.5,986.5,Pedestrian,890.5,956.5,1306.8597858990076
4124,1,24,740.5,448.0,Pedestrian,600.5,418.0,731.6585610788683
4124,1,27,248.5,203.5,Pedestrian,108.5,173.5,204.63259759872082
4124,1,43,1475.0,771.5,Pedestrian,1335.0,741.5,1527.1042040410996
4124,1,78,1763.5,272.5,Pedestrian,1623.5,242.5,1641.5110416929883
4124,1,80,1304.5,571.0,Pedestrian,1164.5,541.0,1284.033196611365
4124,1,81,54.5,262.5,Biker,-85.5,232.5,247.72262714576559
4124,1,82,995.0,986.5,Pedestrian,855.0,956.5,1282.9330652843896
4125,1,2,844.0,538.0,Biker,704.0,508.0,868.1474529133861
4125,1,3,42.5,23.5,Pedestrian,-97.5,-6.5,97.7164264594239
4125,1,4,156.5,64.5,Pedestrian,16.5,34.5,38.242646351945886
4125,1,6,610.0,315.0,Pedestrian,470.0,285.0,549.6589851899084
4125,1,8,1711.5,289.5,Pedestrian,1571.5,259.5,1592.781372316992
4125,1,10,218.5,227.5,Pedestrian,78.5,197.5,212.52882157486312
4125,1,11,1868.0,854.5,Pedestrian,1728.0,824.5,1914.6237881108655
4125,1,16,212.5,192.0,Pedestrian,72.5,162.0,177.48309778680334
4125,1,21,1030.5,986.5,Pedestrian,890.5,956.5,1306.8597858990076
4125,1,24,740.5,448.0,Pedestrian,600.5,418.0,731.6585610788683
4125,1,27,248.5,204.5,Pedestrian,108.5,174.5,205.48114268710887
4125,1,43,1475.0,771.5,Pedestrian,1335.0,741.5,1527.1042040410996
4125,1,78,1765.0,272.5,Pedestrian,1625.0,242.5,1642.9945982869208
4125,1,80,1304.5,571.0,Pedestrian,1164.5,541.0,1284.033196611365
4125,1,81,54.5,262.5,Biker,-85.5,232.5,247.72262714576559
4125,1,82,995.0,986.5,Pedestrian,855.0,956.5,1282.9330652843896
4126,1,2,838.5,538.0,Biker,701.5,508.0,866.1213829481409
4126,1,3,42.5,23.5,Pedestrian,-94.5,-6.5,94.72328119316813
4126,1,4,153.5,64.5,Pedestrian,16.5,34.5,38.242646351945886
4126,1,6,607.0,317.0,Pedestrian,470.0,287.0,550.6986471746594
4126,1,8,1713.0,289.5,Pedestrian,1576.0,259.5,1597.2214154587334
4126,1,10,218.5,227.5,Pedestrian,81.5,197.5,213.65509589054972
4126,1,11,1868.0,857.0,Pedestrian,1731.0,827.0,1918.4081943111064
4126,1,16,212.5,192.0,Pedestrian,75.5,162.0,178.72954428409423
4126,1,21,1030.5,986.5,Pedestrian,893.5,956.5,1308.9058407693046
4126,1,24,740.5,448.0,Pedestrian,603.5,418.0,734.122775835214
4126,1,27,248.5,204.5,Pedestrian,111.5,174.5,207.08090206486932
4126,1,43,1475.0,770.5,Pedestrian,1338.0,740.5,1529.2430316990167
4126,1,78,1766.5,272.5,Pedestrian,1629.5,242.5,1647.4454467447472
4126,1,80,1301.5,571.0,Pedestrian,1164.5,541.0,1284.033196611365
4126,1,81,54.5,262.5,Biker,-82.5,232.5,246.7032630509779
4126,1,82,995.0,986.5,Pedestrian,858.0,956.5,1284.934336843716
4127,1,2,835.5,538.0,Biker,701.0,508.0,865.7164662867399
4127,1,3,42.5,23.5,Pedestrian,-92.0,-6.5,92.22933372848358
4127,1,4,153.5,66.5,Pedestrian,19.0,36.5,41.14911906711977
4127,1,6,605.0,317.0,Pedestrian,470.5,287.0,551.1254394418752
4127,1,8,1713.0,289.5,Pedestrian,1578.5,259.5,1599.6882508789017
4127,1,10,218.5,227.5,Pedestrian,84.0,197.5,214.62117789258357
4127,1,11,1868.0,857.0,Pedestrian,1733.5,827.0,1920.6642731096968
4127,1,16,212.5,192.0,Pedestrian,78.0,162.0,179.79988876526036
4127,1,21,1030.5,986.5,Pedestrian,896.0,956.5,1310.6136921305224
4127,1,24,740.5,448.0,Pedestrian,606.0,418.0,736.1793259797506
4127,1,27,248.5,204.5,Pedestrian,114.0,174.5,208.43764055467526
4127,1,43,1475.0,770.5,Pedestrian,1340.5,740.5,1531.4308668692818
4127,1,78,1766.5,272.5,Pedestrian,1632.0,242.5,1649.918255550862
4127,1,80,1299.0,571.0,Pedestrian,1164.5,541.0,1284.033196611365
4127,1,81,54.5,261.5,Biker,-80.0,231.5,244.9331541461874
4127,1,82,995.0,986.5,Pedestrian,860.5,956.5,1286.6050287481391
4128,1,2,833.0,536.0,Biker,698.5,506.0,862.5185505251467
4128,1,3,42.5,23.5,Pedestrian,-92.0,-6.5,92.22933372848358
4128,1,4,151.0,66.5,Pedestrian,16.5,36.5,40.05621050473946
4128,1,6,605.0,319.5,Pedestrian,470.5,289.5,552.4314437104391
4128,1,8,1714.5,289.5,Pedestrian,1580.0,259.5,1601.168401511846
4128,1,10,218.5,227.5,Pedestrian,84.0,197.5,214.62117789258357
4128,1,11,1868.0,859.0,Pedestrian,1733.5,829.0,1921.5262813711397
4128,1,16,212.5,192.0,Pedestrian,78.0,162.0,179.79988876526036
4128,1,21,1030.5,988.5,Pedestrian,896.0,958.5,1312.0740261128562
4128,1,24,740.5,448.0,Pedestrian,606.0,418.0,736.1793259797506
4128,1,27,248.5,204.5,Pedestrian,114.0,174.5,208.43764055467526
4128,1,43,1475.0,770.5,Pedestrian,1340.5,740.5,1531.4308668692818
4128,1,78,1766.5,272.5,Pedestrian,1632.0,242.5,1649.918255550862
4128,1,80,1299.0,571.0,Pedestrian,1164.5,541.0,1284.033196611365
4128,1,81,54.5,260.5,Biker,-80.0,230.5,243.98821692860497
4128,1,82,995.0,986.5,Pedestrian,860.5,956.5,1286.6050287481391
4129,1,2,830.0,536.0,Biker,698.5,506.0,862.5185505251467
4129,1,3,42.5,23.5,Pedestrian,-89.0,-6.5,89.2370438775288
4129,1,4,151.0,66.5,Pedestrian,19.5,36.5,41.382363393117124
4129,1,6,602.0,319.5,Pedestrian,470.5,289.5,552.4314437104391
4129,1,8,1714.5,289.5,Pedestrian,1583.0,259.5,1604.1288134062052
4129,1,10,218.5,227.5,Pedestrian,87.0,197.5,215.81299775500085
4129,1,11,1868.0,859.0,Pedestrian,1736.5,829.0,1924.2331589492994
4129,1,16,212.5,192.0,Pedestrian,81.0,162.0,181.12150617748296
4129,1,21,1028.5,988.5,Pedestrian,897.0,958.5,1312.7571176725723
4129,1,24,740.5,448.0,Pedestrian,609.0,418.0,738.650797061778
4129,1,27,248.5,204.5,Pedestrian,117.0,174.5,210.09343159651613
4129,1,43,1475.0,770.5,Pedestrian,1343.5,740.5,1534.057528256356
4129,1,78,1768.0,272.5,Pedestrian,1636.5,242.5,1654.3695173690792
4129,1,80,1296.5,571.0,Pedestrian,1165.0,541.0,1284.486667895
4129,1,81,54.5,260.5,Biker,-77.0,230.5,243.02108961981057
4129,1,82,995.0,986.5,Pedestrian,863.5,956.5,1288.6134020721654
4130,1,2,827.5,536.0,Biker,696.0,506.0,860.4952062620686
4130,1,3,42.5,23.5,Pedestrian,-89.0,-6.5,89.2370438775288
4130,1,4,148.0,66.5,Pedestrian,16.5,36.5,40.05621050473946
4130,1,6,602.0,321.5,Pedestrian,470.5,291.5,553.4821587007119
4130,1,8,1716.0,289.5,Pedestrian,1584.5,259.5,1605.6090744636442
4130,1,10,218.5,227.5,Pedestrian,87.0,197.5,215.81299775500085
4130,1,11,1868.0,861.5,Pedestrian,1736.5,831.5,1925.3115332329987
4130,1,16,212.5,192.0,Pedestrian,81.0,162.0,181.12150617748296
4130,1,21,1028.5,988.5,Pedestrian,897.0,958.5,1312.7571176725723
4130,1,24,740.5,448.0,Pedestrian,609.0,418.0,738.650797061778
4130,1,27,248.5,204.5,Pedestrian,117.0,174.5,210.09343159651613
4130,1,43,1475.0,770.5,Pedestrian,1343.5,740.5,1534.057528256356
4130,1,78,1768.0,272.5,Pedestrian,1636.5,242.5,1654.3695173690792
4130,1,80,1296.5,571.0,Pedestrian,1165.0,541.0,1284.486667895
4130,1,81,54.5,260.5,Biker,-77.0,230.5,243.02108961981057
4130,1,82,995.0,986.5,Pedestrian,863.5,956.5,1288.6134020721654
4131,1,2,824.5,533.0,Biker,695.5,503.0,858.329336560274
4131,1,3,42.5,23.5,Pedestrian,-86.5,-6.5,86.7438758645243
4131,1,4,148.0,66.5,Pedestrian,19.0,36.5,41.14911906711977
4131,1,6,599.0,321.5,Pedestrian,470.0,291.5,553.0571851083756
4131,1,8,1717.0,287.5,Pedestrian,1588.0,257.5,1608.741822046036
4131,1,10,218.5,227.5,Pedestrian,89.5,197.5,216.8328849598234
4131,1,11,1868.0,861.5,Pedestrian,1739.0,831.5,1927.5666655138027
4131,1,16,212.5,192.0,Pedestrian,83.5,162.0,182.2532578583988
4131,1,21,1028.5,988.5,Pedestrian,899.5,958.5,1314.466621866071
4131,1,24,740.5,448.0,Pedestrian,611.5,418.0,740.7133386135287
4131,1,27,248.5,204.5,Pedestrian,119.5,174.5,211.49586284369724
4131,1,43,1475.0,770.5,Pedestrian,1346.0,740.5,1536.2474572802391
4131,1,78,1769.5,271.5,Pedestrian,1640.5,241.5,1658.180478717561
4131,1,80,1293.5,569.0,Pedestrian,1164.5,539.0,1283.1918212021149
4131,1,81,54.5,260.5,Biker,-74.5,230.5,242.2405828922974
4131,1,82,995.0,986.5,Pedestrian,866.0,956.5,1290.2899867859162
4132,1,2,822.0,533.0,Biker,696.0,503.0,858.7345340674265
4132,1,3,42.5,23.5,Pedestrian,-83.5,-6.5,83.75261189957003
4132,1,4,145.5,66.5,Pedestrian,19.5,36.5,41.382363393117124
4132,1,6,596.0,321.5,Pedestrian,470.0,291.5,553.0571851083756
4132,1,8,1717.0,287.5,Pedestrian,1591.0,257.5,1611.7032139944376
4132,1,10,218.5,227.5,Pedestrian,92.5,197.5,218.0882848756439
4132,1,11,1868.0,861.5,Pedestrian,1742.0,831.5,1930.273620500472
4132,1,16,212.5,192.0,Pedestrian,86.5,162.0,183.64708002034772
4132,1,21,1028.5,991.5,Pedestrian,902.5,961.5,1318.7071320046769
4132,1,24,740.5,448.0,Pedestrian,614.5,418.0,743.1919334869021
4132,1,27,248.5,204.5,Pedestrian,122.5,174.5,213.2053001217371
4132,1,43,1475.0,770.5,Pedestrian,1349.0,740.5,1538.8766194857858
4132,1,78,1769.5,271.5,Pedestrian,1643.5,241.5,1661.1485484447198
4132,1,80,1290.5,569.0,Pedestrian,1164.5,539.0,1283.1918212021149
4132,1,81,54.5,259.0,Biker,-71.5,229.0,239.9025843962503
4132,1,82,995.0,986.5,Pedestrian,869.0,956.5,1292.3054012113391
4133,1,2,819.0,531.0,Biker,693.0,501.0,855.1315688243535
4133,1,3,42.5,23.5,Pedestrian,-83.5,-6.5,83.75261189957003
4133,1,4,145.5,66.5,Pedestrian,19.5,36.5,41.382363393117124
4133,1,6,594.0,324.0,Pedestrian,468.0,294.0,552.6843583818887
4133,1,8,1718.0,287.5,Pedestrian,1592.0,257.5,1612.6903763587106
4133,1,10,218.5,227.0,Pedestrian,92.5,197.0,217.63558992039881
4133,1,11,1868.0,861.5,Pedestrian,1742.0,831.5,1930.273620500472
4133,1,16,212.5,192.0,Pedestrian,86.5,162.0,183.64708002034772
4133,1,21,1028.5,991.5,Pedestrian,902.5,961.5,1318.7071320046769
4133,1,24,740.5,448.0,Pedestrian,614.5,418.0,743.1919334869021
4133,1,27,248.5,204.5,Pedestrian,122.5,174.5,213.2053001217371
4133,1,43,1475.0,770.5,Pedestrian,1349.0,740.5,1538.8766194857858
4133,1,78,1769.5,271.5,Pedestrian,1643.5,241.5,1661.1485484447198
4133,1,80,1290.5,569.0,Pedestrian,1164.5,539.0,1283.1918212021149
4133,1,81,54.5,259.0,Biker,-71.5,229.0,239.9025843962503
4133,1,82,995.0,986.5,Pedestrian,869.0,956.5,1292.3054012113391
4134,1,2,816.5,531.0,Biker,693.0,501.0,855.1315688243535
4134,1,3,42.5,23.5,Pedestrian,-81.0,-6.5,81.2603839518372
4134,1,4,142.5,66.5,Pedestrian,19.0,36.5,41.14911906711977
4134,1,6,594.0,324.0,Pedestrian,470.5,294.0,554.8028929268484
4134,1,8,1719.5,287.5,Pedestrian,1596.0,257.5,1616.6391836151938
4134,1,10,218.5,227.0,Pedestrian,95.0,197.0,218.7098534588691
4134,1,11,1868.0,861.5,Pedestrian,1744.5,831.5,1932.5300773856018
4134,1,16,212.5,192.0,Pedestrian,89.0,162.0,184.83776670366908
4134,1,21,1028.5,991.5,Pedestrian,905.0,961.5,1320.4193462684498
4134,1,24,742.0,448.0,Pedestrian,618.5,418.0,746.5026791646497
4134,1,27,248.5,204.5,Pedestrian,125.0,174.5,214.65146167683088
4134,1,43,1475.0,770.5,Pedestrian,1351.5,740.5,1541.0686227420244
4134,1,78,1770.5,271.5,Pedestrian,1647.0,241.5,1664.6114411477533
4134,1,80,1288.0,569.0,Pedestrian,1164.5,539.0,1283.1918212021149
4134,1,81,54.5,258.0,Biker,-69.0,228.0,238.2120903732638
4134,1,82,995.0,986.5,Pedestrian,871.5,956.5,1293.9878283817047
4135,1,2,813.5,529.0,Biker,690.0,499.0,851.5286254730372
4135,1,3,42.5,23.5,Pedestrian,-81.0,-6.5,81.2603839518372
4135,1,4,142.5,66.5,Pedestrian,19.0,36.5,41.14911906711977
4135,1,6,591.0,324.0,Pedestrian,467.5,294.0,552.261034294472
4135,1,8,1719.5,287.5,Pedestrian,1596.0,257.5,1616.6391836151938
4135,1,10,218.5,227.0,Pedestrian,95.0,197.0,218.7098534588691
4135,1,11,1868.0,861.5,Pedestrian,1744.5,831.5,1932.5300773856018
4135,1,16,212.5,192.0,Pedestrian,89.0,162.0,184.83776670366908
4135,1,21,1025.5,991.5,Pedestrian,902.0,961.5,1318.3649911917412
4135,1,24,741.0,448.0,Pedestrian,617.5,418.0,745.6743592212354
4135,1,27,248.5,204.5,Pedestrian,125.0,174.5,214.65146167683088
4135,1,43,1475.0,770.5,Pedestrian,1351.5,740.5,1541.0686227420244
4135,1,78,1772.0,271.5,Pedestrian,1648.5,241.5,1666.0955854932213
4135,1,80,1288.0,569.0,Pedestrian,1164.5,539.0,1283.1918212021149
4135,1,81,54.5,258.0,Biker,-69.0,228.0,238.2120903732638
4135,1,82,995.0,986.5,Pedestrian,871.5,956.5,1293.9878283817047
4136,1,2,811.0,529.0,Biker,690.5,499.0,851.9338295900686
4136,1,3,42.5,23.5,Pedestrian,-78.0,-6.5,78.27036476214992
4136,1,4,140.0,66.5,Pedestrian,19.5,36.5,41.382363393117124
4136,1,6,588.0,326.5,Pedestrian,467.5,296.5,553.5959718061539
4136,1,8,1721.0,287.5,Pedestrian,1600.5,257.5,1621.081891824099
4136,1,10,218.5,227.0,Pedestrian,98.0,197.0,220.0295434708712
4136,1,11,1868.0,861.5,Pedestrian,1747.5,831.5,1935.2386157784265
4136,1,16,212.5,192.0,Pedestrian,92.0,162.0,186.30083198955393
4136,1,21,1025.5,993.5,Pedestrian,905.0,963.5,1321.8764125287962
4136,1,24,741.0,448.0,Pedestrian,620.5,418.0,748.1605776836949
4136,1,27,248.5,204.5,Pedestrian,128.0,174.5,216.41222239051103
4136,1,43,1475.0,770.5,Pedestrian,1354.5,740.5,1543.7002623566532
4136,1,78,1772.0,270.5,Pedestrian,1651.5,240.5,1668.919560673911
4136,1,80,1285.5,569.0,Pedestrian,1165.0,539.0,1283.6455897170372
4136,1,81,54.5,258.0,Biker,-66.0,228.0,237.36048533822978
4136,1,82,995.0,986.5,Pedestrian,874.5,956.5,1296.0102237251062
4137,1,2,808.0,527.0,Biker,690.0,497.0,850.3581598361951
4137,1,3,42.5,23.5,Pedestrian,-75.5,-6.5,75.7792847683323
4137,1,4,140.0,66.5,Pedestrian,22.0,36.5,42.61748467472007
4137,1,6,585.0,326.5,Pedestrian,467.0,296.5,553.1737972825539
4137,1,8,1722.5,287.5,Pedestrian,1604.5,257.5,1625.0312304691254
4137,1,10,218.5,227.0,Pedestrian,100.5,197.0,221.1543578589398
4137,1,11,1868.0,861.5,Pedestrian,1750.0,831.5,1937.4963870934057
4137,1,16,212.5,192.0,Pedestrian,94.5,162.0,187.54799385757235
4137,1,21,1025.5,993.5,Pedestrian,907.5,963.5,1323.5892489741673
4137,1,24,741.0,448.0,Pedestrian,623.0,418.0,750.2352964237286
4137,1,27,250.0,204.5,Pedestrian,132.0,174.5,218.80185099765495
4137,1,43,1475.0,770.5,Pedestrian,1357.0,740.5,1545.89432045014
4137,1,78,1772.0,270.5,Pedestrian,1654.0,240.5,1671.3935054319195
4137,1,80,1285.5,566.5,Pedestrian,1167.5,536.5,1284.86905947649
4137,1,81,54.5,258.0,Biker,-63.5,228.0,236.67752322516813
4137,1,82,995.0,986.5,Pedestrian,877.0,956.5,1297.6984433989278
4138,1,2,805.5,527.0,Biker,687.5,497.0,848.3308611620822
4138,1,3,42.5,23.5,Pedestrian,-75.5,-6.5,75.7792847683323
4138,1,4,137.0,68.5,Pedestrian,19.0,38.5,42.933087473416116
4138,1,6,585.0,326.5,Pedestrian,467.0,296.5,553.1737972825539
4138,1,8,1722.5,287.5,Pedestrian,1604.5,257.5,1625.0312304691254
4138,1,10,218.5,227.0,Pedestrian,100.5,197.0,221.1543578589398
4138,1,11,1868.0,861.5,Pedestrian,1750.0,831.5,1937.4963870934057
4138,1,16,212.5,192.0,Pedestrian,94.5,162.0,187.54799385757235
4138,1,21,1025.5,993.5,Pedestrian,907.5,963.5,1323.5892489741673
4138,1,24,741.0,448.0,Pedestrian,623.0,418.0,750.2352964237286
4138,1,27,250.0,204.5,Pedestrian,132.0,174.5,218.80185099765495
4138,1,43,1475.0,770.5,Pedestrian,1357.0,740.5,1545.89432045014
4138,1,78,1773.5,270.5,Pedestrian,1655.5,240.5,1672.8779094721767
4138,1,80,1282.5,566.5,Pedestrian,1164.5,536.5,1282.1437126937058
4138,1,81,54.5,257.0,Biker,-63.5,227.0,235.71433982683362
4138,1,82,995.0,986.5,Pedestrian,877.0,956.5,1297.6984433989278
4139,1,2,802.5,527.0,Biker,687.5,497.0,848.3308611620822
4139,1,3,42.5,23.5,Pedestrian,-72.5,-6.5,72.79079612148777
4139,1,4,134.5,68.5,Pedestrian,19.5,38.5,43.15669125408017
4139,1,6,583.0,328.5,Pedestrian,468.0,298.5,555.0912087215938
4139,1,8,1722.5,287.5,Pedestrian,1607.5,257.5,1627.9933967925053
4139,1,10,218.5,227.0,Pedestrian,103.5,197.0,222.53370531225153
4139,1,11,1868.0,861.5,Pedestrian,1753.0,831.5,1940.206496742035
4139,1,16,212.5,192.0,Pedestrian,97.5,162.0,189.07736511809128
4139,1,21,1025.5,993.5,Pedestrian,910.5,963.5,1325.6479547753243
4139,1,24,741.0,448.0,Pedestrian,626.0,418.0,752.7283706623525
4139,1,27,250.0,204.5,Pedestrian,135.0,174.5,220.62468130288596
4139,1,43,1475.0,770.5,Pedestrian,1360.0,740.5,1548.5284143340734
4139,1,78,1773.5,270.5,Pedestrian,1658.5,240.5,1675.8468008741133
4139,1,80,1282.5,566.5,Pedestrian,1167.5,536.5,1284.86905947649
4139,1,81,54.5,255.5,Biker,-60.5,225.5,233.47483804470238
4139,1,82,995.0,986.5,Pedestrian,880.0,956.5,1299.727759955907
4140,1,2,800.0,524.0,Biker,685.0,494.0,844.547808001418
4140,1,3,42.5,23.5,Pedestrian,-72.5,-6.5,72.79079612148777
4140,1,4,134.5,68.5,Pedestrian,19.5,38.5,43.15669125408017
4140,1,6,580.0,328.5,Pedestrian,465.0,298.5,552.5642496579018
4140,1,8,1724.0,287.5,Pedestrian,1609.0,257.5,1629.4745318660246
4140,1,10,218.5,227.0,Pedestrian,103.5,197.0,222.53370531225153
4140,1,11,1868.0,861.5,Pedestrian,1753.0,831.5,1940.206496742035
4140,1,16,212.5,192.0,Pedestrian,97.5,162.0,189.07736511809128
4140,1,21,1025.5,995.5,Pedestrian,910.5,965.5,1327.1022944746949
4140,1,24,741.0,448.0,Pedestrian,626.0,418.0,752.7283706623525
4140,1,27,250.0,204.5,Pedestrian,135.0,174.5,220.62468130288596
4140,1,43,1475.0,770.5,Pedestrian,1360.0,740.5,1548.5284143340734
4140,1,78,1774.5,270.5,Pedestrian,1659.5,240.5,1676.8364559491185
4140,1,80,1279.5,566.5,Pedestrian,1164.5,536.5,1282.1437126937058
4140,1,81,54.5,255.5,Biker,-60.5,225.5,233.47483804470238
4140,1,82,995.0,986.5,Pedestrian,880.0,956.5,1299.727759955907
4141,1,2,797.0,524.0,Biker,684.5,494.0,844.1423162002957
4141,1,3,42.5,23.5,Pedestrian,-70.0,-6.5,70.30113797087498
4141,1,4,131.5,68.5,Pedestrian,19.0,38.5,42.933087473416116
4141,1,6,580.0,328.5,Pedestrian,467.5,298.5,554.6697215460747
4141,1,8,1725.5,287.5,Pedestrian,1613.0,257.5,1633.424393720138
4141,1,10,218.5,227.0,Pedestrian,106.0,197.0,223.70739817896055
4141,1,11,1865.5,863.5,Pedestrian,1753.0,833.5,1941.0644631232626
4141,1,16,212.5,192.0,Pedestrian,100.0,162.0,190.3785702225962
4141,1,21,1022.5,995.5,Pedestrian,910.0,965.5,1326.7593037171437
4141,1,24,741.0,448.0,Pedestrian,628.5,418.0,754.808750611703
4141,1,27,250.0,204.5,Pedestrian,137.5,174.5,222.1632282804695
4141,1,43,1475.0,770.5,Pedestrian,1362.5,740.5,1550.7245080929108
4141,1,78,1774.5,270.5,Pedestrian,1662.0,240.5,1679.3106472597617
4141,1,80,1279.5,566.5,Pedestrian,1167.0,536.5,1284.4147499931632
4141,1,81,54.5,255.5,Biker,-58.0,225.5,232.8395370206701
4141,1,82,995.0,986.5,Pedestrian,882.5,956.5,1301.421722578811
4142,1,2,794.5,522.0,Biker,685.0,492.0,843.3795112522001
4142,1,3,42.5,23.5,Pedestrian,-67.0,-6.5,67.3145600891813
4142,1,4,131.5,68.5,Pedestrian,22.0,38.5,44.34241761564202
4142,1,6,577.0,331.0,Pedestrian,467.5,301.0,556.0191093838413
4142,1,8,1725.5,287.5,Pedestrian,1616.0,257.5,1636.3869499601858
4142,1,10,218.5,227.0,Pedestrian,109.0,197.0,225.1443981093023
4142,1,11,1865.5,866.0,Pedestrian,1756.0,836.0,1944.8475518662124
4142,1,16,212.5,192.0,Pedestrian,103.0,162.0,191.9713520294109
4142,1,21,1022.5,998.0,Pedestrian,913.0,968.0,1330.636313949082
4142,1,24,741.0,448.0,Pedestrian,631.5,418.0,757.3085566663036
4142,1,27,250.0,204.5,Pedestrian,140.5,174.5,224.03236373345703
4142,1,43,1475.0,770.5,Pedestrian,1365.5,740.5,1553.361033372474
4142,1,78,1776.0,270.5,Pedestrian,1666.5,240.5,1683.7643837544492
4142,1,80,1277.0,566.5,Pedestrian,1167.5,536.5,1284.86905947649
4142,1,81,54.5,255.5,Biker,-55.0,225.5,232.11042630610112
4142,1,82,995.0,986.5,Pedestrian,885.5,956.5,1303.457901123009
4143,1,2,791.5,522.0,Biker,682.0,492.0,840.9447068624667
4143,1,3,42.5,23.5,Pedestrian,-67.0,-6.5,67.3145600891813
4143,1,4,129.0,68.5,Pedestrian,19.5,38.5,43.15669125408017
4143,1,6,574.0,331.0,Pedestrian,464.5,301.0,553.4990966568961
4143,1,8,1727.0,287.5,Pedestrian,1617.5,257.5,1637.868279197079
4143,1,10,218.5,227.0,Pedestrian,109.0,197.0,225.1443981093023
4143,1,11,1863.0,870.5,Pedestrian,1753.5,840.5,1944.5314345620643
4143,1,16,212.5,192.0,Pedestrian,103.0,162.0,191.9713520294109
4143,1,21,1022.5,1000.5,Pedestrian,913.0,970.5,1332.4560968377157
4143,1,24,741.0,448.0,Pedestrian,631.5,418.0,757.3085566663036
4143,1,27,250.0,204.5,Pedestrian,140.5,174.5,224.03236373345703
4143,1,43,1476.5,770.5,Pedestrian,1367.0,740.5,1554.6797901818882
4143,1,78,1776.0,270.5,Pedestrian,1666.5,240.5,1683.7643837544492
4143,1,80,1274.5,564.0,Pedestrian,1165.0,534.0,1281.554134634975
4143,1,81,54.5,254.5,Biker,-55.0,224.5,231.13902742721748
4143,1,82,995.0,986.5,Pedestrian,885.5,956.5,1303.457901123009
4144,1,2,789.0,520.0,Biker,682.0,490.0,839.7761606523491
4144,1,3,42.5,23.5,Pedestrian,-64.5,-6.5,64.82669203345178
4144,1,4,129.0,68.5,Pedestrian,22.0,38.5,44.34241761564202
4144,1,6,572.0,331.0,Pedestrian,465.0,301.0,553.9187666075234
4144,1,8,1728.0,287.5,Pedestrian,1621.0,257.5,1641.324845970474
4144,1,10,218.5,227.0,Pedestrian,111.5,197.0,226.36530211143227
4144,1,11,1863.0,873.0,Pedestrian,1756.0,843.0,1947.8667818924373
4144,1,16,212.5,192.0,Pedestrian,105.5,162.0,193.32420955483045
4144,1,21,1022.5,1002.5,Pedestrian,915.5,972.5,1335.6258832472513
4144,1,24,741.0,448.0,Pedestrian,634.0,418.0,759.3944956345154
4144,1,27,250.0,204.5,Pedestrian,143.0,174.5,225.60862128916972
4144,1,43,1476.5,770.5,Pedestrian,1369.5,740.5,1556.8784474068616
4144,1,78,1777.5,270.5,Pedestrian,1670.5,240.5,1687.7234666852269
4144,1,80,1274.5,564.0,Pedestrian,1167.5,534.0,1283.8271885265556
4144,1,81,54.5,254.5,Biker,-52.5,224.5,230.55693440016069
4144,1,82,995.0,986.5,Pedestrian,888.0,956.5,1305.1575575385525
4145,1,2,786.0,520.0,Biker,682.0,490.0,839.7761606523491
4145,1,3,42.5,23.5,Pedestrian,-61.5,-6.5,61.84254199173899
4145,1,4,126.0,68.5,Pedestrian,22.0,38.5,44.34241761564202
4145,1,6,572.0,333.0,Pedestrian,468.0,303.0,557.5239905152065
4145,1,8,1728.0,287.5,Pedestrian,1624.0,257.5,1644.2877637445338
4145,1,10,218.5,227.0,Pedestrian,114.5,197.0,227.85796014183924
4145,1,11,1860.0,877.5,Pedestrian,1756.0,847.5,1949.8185171958953
4145,1,16,212.5,192.0,Pedestrian,108.5,162.0,194.97756281172457
4145,1,21,1022.5,1004.5,Pedestrian,918.5,974.5,1339.1387157423237
4145,1,24,741.0,448.0,Pedestrian,637.0,418.0,761.9009121926551
4145,1,27,250.0,204.5,Pedestrian,146.0,174.5,227.52197696046858
4145,1,43,1476.5,770.5,Pedestrian,1372.5,740.5,1559.5180345222045
4145,1,78,1777.5,269.5,Pedestrian,1673.5,239.5,1690.5509456978812
4145,1,80,1271.5,564.0,Pedestrian,1167.5,534.0,1283.8271885265556
4145,1,81,54.5,253.5,Biker,-49.5,223.5,228.91592343041583
4145,1,82,995.0,986.5,Pedestrian,891.0,956.5,1307.200539320574
4146,1,2,783.5,520.0,Biker,679.5,490.0,837.7471277181438
4146,1,3,42.5,23.5,Pedestrian,-61.5,-6.5,61.84254199173899
4146,1,4,126.0,68.5,Pedestrian,22.0,38.5,44.34241761564202
4146,1,6,569.0,333.0,Pedestrian,465.0,303.0,555.0081080488825
4146,1,8,1729.0,287.5,Pedestrian,1625.0,257.5,1645.2754328683086
4146,1,10,218.5,227.0,Pedestrian,114.5,197.0,227.85796014183924
4146,1,11,1860.0,879.5,Pedestrian,1756.0,849.5,1950.6886604478943
4146,1,16,212.5,192.0,Pedestrian,108.5,162.0,194.97756281172457
4146,1,21,1022.5,1004.5,Pedestrian,918.5,974.5,1339.1387157423237
4146,1,24,741.0,448.0,Pedestrian,637.0,418.0,761.9009121926551
4146,1,27,250.0,204.5,Pedestrian,146.0,174.5,227.52197696046858
4146,1,43,1476.5,770.5,Pedestrian,1372.5,740.5,1559.5180345222045
4146,1,78,1779.0,269.5,Pedestrian,1675.0,239.5,1692.0358299988804
4146,1,80,1271.5,564.0,Pedestrian,1167.5,534.0,1283.8271885265556
4146,1,81,54.5,253.5,Biker,-49.5,223.5,228.91592343041583
4146,1,82,995.0,986.5,Pedestrian,891.0,956.5,1307.200539320574
4147,1,2,780.5,518.0,Biker,679.0,488.0,836.1728290251962
4147,1,3,42.5,23.5,Pedestrian,-59.0,-6.5,59.35697094697471
4147,1,4,123.5,68.5,Pedestrian,22.0,38.5,44.34241761564202
4147,1,6,566.0,333.0,Pedestrian,464.5,303.0,554.5892624276096
4147,1,8,1730.5,287.5,Pedestrian,1629.0,257.5,1649.2262579767519
4147,1,10,218.5,227.0,Pedestrian,117.0,197.0,229.12442034842118
4147,1,11,1857.0,882.0,Pedestrian,1755.5,852.0,1951.3288420970978
4147,1,16,212.5,192.0,Pedestrian,111.0,162.0,196.3797341886377
4147,1,21,1022.5,1007.5,Pedestrian,921.0,977.5,1343.0365780573513
4147,1,24,741.0,448.0,Pedestrian,639.5,418.0,763.9923101707242
4147,1,27,250.0,204.5,Pedestrian,148.5,174.5,229.13424013010365
4147,1,43,1476.5,770.5,Pedestrian,1375.0,740.5,1561.7186846548261
4147,1,78,1779.0,269.5,Pedestrian,1677.5,239.5,1694.5106963368512
4147,1,80,1268.5,564.0,Pedestrian,1167.0,534.0,1283.3725102245255
4147,1,81,54.5,253.5,Biker,-47.0,223.5,228.38837536091893
4147,1,82,995.0,986.5,Pedestrian,893.5,956.5,1308.9058407693046
4148,1,2,778.0,518.0,Biker,679.5,485.5,835.1230448263298
4148,1,3,42.5,23.5,Pedestrian,-56.0,-9.0,56.71860364994893
4148,1,4,123.5,68.5,Pedestrian,25.0,36.0,43.829214001622255
4148,1,6,566.0,335.5,Pedestrian,467.5,303.0,557.104343906956
4148,1,8,1730.5,287.5,Pedestrian,1632.0,255.0,1651.801743551568
4148,1,10,218.5,227.0,Pedestrian,120.0,194.5,228.53938391445794
4148,1,11,1857.0,886.5,Pedestrian,1758.5,854.0,1954.901084454147
4148,1,16,212.5,192.0,Pedestrian,114.0,159.5,196.05165135749303
4148,1,21,1022.5,1009.5,Pedestrian,924.0,977.0,1344.7323153698658
4148,1,24,741.0,448.0,Pedestrian,642.5,415.5,765.144757545917
4148,1,27,250.0,204.5,Pedestrian,151.5,172.0,229.2078750828601
4148,1,43,1476.5,770.5,Pedestrian,1378.0,738.0,1563.1788125483276
4148,1,78,1780.5,269.5,Pedestrian,1682.0,237.0,1698.6150240710813
4148,1,80,1268.5,564.0,Pedestrian,1170.0,531.5,1285.0650761731874
4148,1,81,54.5,253.5,Biker,-44.0,221.0,225.33752461585266
4148,1,82,995.0,986.5,Pedestrian,896.5,954.0,1309.1326326999874
4149,1,2,775.0,515.0,Biker,676.5,482.5,830.9383250277965
4149,1,3,42.5,23.5,Pedestrian,-56.0,-9.0,56.71860364994893
4149,1,4,120.5,71.5,Pedestrian,22.0,39.0,44.77722635447622
4149,1,6,563.0,335.5,Pedestrian,464.5,303.0,554.5892624276096
4149,1,8,1730.5,287.5,Pedestrian,1632.0,255.0,1651.801743551568
4149,1,10,218.5,227.0,Pedestrian,120.0,194.5,228.53938391445794
4149,1,11,1854.5,888.5,Pedestrian,1756.0,856.0,1953.5280904046401
4149,1,16,212.5,192.0,Pedestrian,114.0,159.5,196.05165135749303
4149,1,21,1022.5,1011.5,Pedestrian,924.0,979.0,1346.1860941192342
4149,1,24,741.0,448.0,Pedestrian,642.5,415.5,765.144757545917
4149,1,27,250.0,204.5,Pedestrian,151.5,172.0,229.2078750828601
4149,1,43,1476.5,770.5,Pedestrian,1378.0,738.0,1563.1788125483276
4149,1,78,1780.5,269.5,Pedestrian,1682.0,237.0,1698.6150240710813
4149,1,80,1266.0,562.0,Pedestrian,1167.5,529.5,1281.9619729149535
4149,1,81,54.5,252.0,Biker,-44.0,219.5,223.86658973594072
4149,1,82,995.0,986.5,Pedestrian,896.5,954.0,1309.1326326999874
4150,1,2,772.5,515.0,Biker,676.5,482.5,830.9383250277965
4150,1,3,42.5,23.5,Pedestrian,-53.5,-9.0,54.25172808307584
4150,1,4,120.5,71.5,Pedestrian,24.5,39.0,46.05702986515739
4150,1,6,561.0,335.5,Pedestrian,465.0,303.0,555.0081080488825
4150,1,8,1733.5,287.5,Pedestrian,1637.5,255.0,1657.236027245365
4150,1,10,218.5,227.0,Pedestrian,122.5,194.5,229.86191507076592
4150,1,11,1854.5,893.5,Pedestrian,1758.5,861.0,1957.9691647214468
4150,1,16,212.5,192.0,Pedestrian,116.5,159.5,197.51582215103682
4150,1,21,1022.5,1013.5,Pedestrian,926.5,981.0,1349.3566059422542
4150,1,24,741.0,448.0,Pedestrian,645.0,415.5,767.2452345893065
4150,1,27,250.0,204.5,Pedestrian,154.0,172.0,230.8679276123039
4150,1,43,1476.5,770.5,Pedestrian,1380.5,738.0,1565.3831000748667
4150,1,78,1781.5,269.5,Pedestrian,1685.5,237.0,1702.0808588313307
4150,1,80,1266.0,562.0,Pedestrian,1170.0,529.5,1284.2391716498917
4150,1,81,54.5,252.0,Biker,-41.5,219.5,223.3886747353142
4150,1,82,995.0,986.5,Pedestrian,899.0,954.0,1310.8459100901218
4151,1,2,769.5,513.0,Biker,673.5,480.5,827.3345756101337
4151,1,3,42.5,23.5,Pedestrian,-53.5,-9.0,54.25172808307584
4151,1,4,118.0,71.5,Pedestrian,22.0,39.0,44.77722635447622
4151,1,6,558.0,337.5,Pedestrian,462.0,305.0,553.5964233988511
4151,1,8,1733.5,287.5,Pedestrian,1637.5,255.0,1657.236027245365
4151,1,10,218.5,227.0,Pedestrian,122.5,194.5,229.86191507076592
4151,1,11,1854.5,893.5,Pedestrian,1758.5,861.0,1957.9691647214468
4151,1,16,212.5,192.0,Pedestrian,116.5,159.5,197.51582215103682
4151,1,21,1022.5,1013.5,Pedestrian,926.5,981.0,1349.3566059422542
4151,1,24,741.0,448.0,Pedestrian,645.0,415.5,767.2452345893065
4151,1,27,250.0,204.5,Pedestrian,154.0,172.0,230.8679276123039
4151,1,43,1476.5,770.5,Pedestrian,1380.5,738.0,1565.3831000748667
4151,1,78,1781.5,268.5,Pedestrian,1685.5,236.0,1701.9419055890246
4151,1,80,1263.5,562.0,Pedestrian,1167.5,529.5,1281.9619729149535
4151,1,81,53.0,251.0,Biker,-43.0,218.5,222.6909293168449
4151,1,82,995.0,986.5,Pedestrian,899.0,954.0,1310.8459100901218
4152,1,2,767.0,513.0,Biker,674.0,480.5,827.7416565571651
4152,1,3,42.5,23.5,Pedestrian,-50.5,-9.0,51.29571132170798
4152,1,4,118.0,71.5,Pedestrian,25.0,39.0,46.32493928760188
4152,1,6,558.0,337.5,Pedestrian,465.0,305.0,556.1025085359713
4152,1,8,1733.5,287.5,Pedestrian,1640.5,255.0,1660.200364413886
4152,1,10,220.0,227.0,Pedestrian,127.0,194.5,232.29130418506844
4152,1,11,1854.5,895.5,Pedestrian,1761.5,863.0,1961.5430788030121
4152,1,16,212.5,192.0,Pedestrian,119.5,159.5,199.30002508780575
4152,1,21,1022.5,1013.5,Pedestrian,929.5,981.0,1351.4182365204342
4152,1,24,741.0,448.0,Pedestrian,648.0,415.5,769.7689588441457
4152,1,27,250.0,204.5,Pedestrian,157.0,172.0,232.8797973204202
4152,1,43,1476.5,770.5,Pedestrian,1383.5,738.0,1568.0294161781533
4152,1,78,1781.5,268.5,Pedestrian,1688.5,236.0,1704.9129743186306
4152,1,80,1263.5,562.0,Pedestrian,1170.5,529.5,1284.6947108165425
4152,1,81,53.0,251.0,Biker,-40.0,218.5,222.1311549513035
4152,1,82,995.0,986.5,Pedestrian,902.0,954.0,1312.9051755553407
4153,1,2,764.0,513.0,Biker,673.5,480.5,827.3345756101337
4153,1,3,42.5,23.5,Pedestrian,-48.0,-9.0,48.83646178829912
4153,1,4,115.0,71.5,Pedestrian,24.5,39.0,46.05702986515739
4153,1,6,555.0,337.5,Pedestrian,464.5,305.0,555.6844878166027
4153,1,8,1735.0,287.5,Pedestrian,1644.5,255.0,1664.1530127965998
4153,1,10,220.0,227.0,Pedestrian,129.5,194.5,233.66749880974032
4153,1,11,1854.5,898.0,Pedestrian,1764.0,865.5,1964.888355607005
4153,1,16,212.5,192.0,Pedestrian,122.0,159.5,200.80898884263124
4153,1,21,1022.5,1013.5,Pedestrian,932.0,981.0,1353.1389433461738
4153,1,24,741.0,448.0,Pedestrian,650.5,415.5,771.8746659918305
4153,1,27,250.0,204.5,Pedestrian,159.5,172.0,234.57248346726433
4153,1,43,1476.5,770.5,Pedestrian,1386.0,738.0,1570.235651104636
4153,1,78,1783.0,268.5,Pedestrian,1692.5,236.0,1708.8745565429897
4153,1,80,1260.5,562.0,Pedestrian,1170.0,529.5,1284.2391716498917
4153,1,81,53.0,251.0,Biker,-37.5,218.5,221.69460976758094
4153,1,82,995.0,986.5,Pedestrian,904.5,954.0,1314.6239956732875
4154,1,2,761.5,511.0,Biker,671.0,478.5,824.1378828812567
4154,1,3,42.5,23.5,Pedestrian,-48.0,-9.0,48.83646178829912
4154,1,4,115.0,71.5,Pedestrian,24.5,39.0,46.05702986515739
4154,1,6,552.0,340.0,Pedestrian,461.5,307.5,554.5615385148883
4154,1,8,1736.5,287.5,Pedestrian,1646.0,255.0,1665.6353142269768
4154,1,10,220.0,227.0,Pedestrian,129.5,194.5,233.66749880974032
4154,1,11,1854.5,900.0,Pedestrian,1764.0,867.5,1965.7701417001938
4154,1,16,212.5,192.0,Pedestrian,122.0,159.5,200.80898884263124
4154,1,21,1022.5,1013.5,Pedestrian,932.0,981.0,1353.1389433461738
4154,1,24,741.0,448.0,Pedestrian,650.5,415.5,771.8746659918305
4154,1,27,250.0,204.5,Pedestrian,159.5,172.0,234.57248346726433
4154,1,43,1476.5,770.5,Pedestrian,1386.0,738.0,1570.235651104636
4154,1,78,1784.5,268.5,Pedestrian,1694.0,236.0,1710.3601959821212
4154,1,80,1260.5,562.0,Pedestrian,1170.0,529.5,1284.2391716498917
4154,1,81,53.0,250.0,Biker,-37.5,217.5,220.70908454343243
4154,1,82,995.0,986.5,Pedestrian,904.5,954.0,1314.6239956732875
4155,1,2,758.5,511.0,Biker,671.0,476.0,822.6888840868096
4155,1,3,42.5,23.5,Pedestrian,-45.0,-11.5,46.446205442425544
4155,1,4,112.5,71.5,Pedestrian,25.0,36.5,44.24081825644729
4155,1,6,552.0,340.0,Pedestrian,464.5,305.0,555.6844878166027
4155,1,8,1736.5,287.5,Pedestrian,1649.0,252.5,1668.2197846806637
4155,1,10,220.0,227.0,Pedestrian,132.5,192.0,233.2814823341107
4155,1,11,1854.5,902.5,Pedestrian,1767.0,867.5,1968.462661571207
4155,1,16,212.5,192.0,Pedestrian,125.0,157.0,200.68383093812017
4155,1,21,1022.5,1013.5,Pedestrian,935.0,978.5,1353.398407712969
4155,1,24,741.0,448.0,Pedestrian,653.5,413.0,773.0661355925507
4155,1,27,250.0,204.5,Pedestrian,162.5,169.5,234.8116266286659
4155,1,43,1476.5,770.5,Pedestrian,1389.0,735.5,1571.712839547988
4155,1,78,1784.5,268.5,Pedestrian,1697.0,233.5,1712.9889812838844
4155,1,80,1257.5,562.0,Pedestrian,1170.0,527.0,1283.2104270149928
4155,1,81,53.0,250.0,Biker,-34.5,215.0,217.750430539184
4155,1,82,995.0,986.5,Pedestrian,907.5,951.5,1314.8796522876153
4156,1,2,756.0,508.0,Biker,671.0,473.0,820.9567589099928
4156,1,3,42.5,23.5,Pedestrian,-42.5,-11.5,44.02839992550263
4156,1,4,112.5,71.5,Pedestrian,27.5,36.5,45.70010940905941
4156,1,6,550.0,340.0,Pedestrian,465.0,305.0,556.1025085359713
4156,1,8,1738.0,287.5,Pedestrian,1653.0,252.5,1672.173809745865
4156,1,10,220.0,227.0,Pedestrian,135.0,192.0,234.71045992882378
4156,1,11,1854.5,904.5,Pedestrian,1769.5,869.5,1971.5883190970676
4156,1,16,212.5,192.0,Pedestrian,127.5,157.0,202.2504635346975
4156,1,21,1022.5,1013.5,Pedestrian,937.5,978.5,1355.1267468395715
4156,1,24,741.0,448.0,Pedestrian,656.0,413.0,775.180624112858
4156,1,27,250.0,204.5,Pedestrian,165.0,169.5,236.54862079496468
4156,1,43,1476.5,770.5,Pedestrian,1391.5,735.5,1573.922647400437
4156,1,78,1784.5,268.5,Pedestrian,1699.5,233.5,1715.4656802163079
4156,1,80,1255.0,560.0,Pedestrian,1170.0,525.0,1282.39034618949
4156,1,81,53.0,249.0,Biker,-32.0,214.0,216.3792966066763
4156,1,82,995.0,986.5,Pedestrian,910.0,951.5,1316.6063382803532
4157,1,2,753.0,508.0,Biker,668.0,473.0,818.5065668643105
4157,1,3,42.5,23.5,Pedestrian,-42.5,-11.5,44.02839992550263
4157,1,4,109.5,71.5,Pedestrian,24.5,36.5,43.96020928066653
4157,1,6,547.0,342.0,Pedestrian,462.0,307.0,554.7008202625989
4157,1,8,1739.0,287.5,Pedestrian,1654.0,252.5,1673.1623501621114
4157,1,10,220.0,227.0,Pedestrian,135.0,192.0,234.71045992882378
4157,1,11,1854.5,907.0,Pedestrian,1769.5,872.0,1972.6921325944402
4157,1,16,212.5,192.0,Pedestrian,127.5,157.0,202.2504635346975
4157,1,21,1022.5,1013.5,Pedestrian,937.5,978.5,1355.1267468395715
4157,1,24,739.5,448.0,Pedestrian,654.5,413.0,773.9116551648515
4157,1,27,250.0,204.5,Pedestrian,165.0,169.5,236.54862079496468
4157,1,43,1476.5,770.5,Pedestrian,1391.5,735.5,1573.922647400437
4157,1,78,1785.5,268.5,Pedestrian,1700.5,233.5,1716.4563787058498
4157,1,80,1255.0,560.0,Pedestrian,1170.0,525.0,1282.39034618949
4157,1,81,53.0,249.0,Biker,-32.0,214.0,216.3792966066763
4157,1,82,995.0,986.5,Pedestrian,910.0,951.5,1316.6063382803532
4158,1,2,750.5,506.0,Biker,668.5,471.0,817.7611203768494
4158,1,3,42.5,23.5,Pedestrian,-39.5,-11.5,41.140004861448425
4158,1,4,109.5,71.5,Pedestrian,27.5,36.5,45.70010940905941
4158,1,6,544.0,342.0,Pedestrian,462.0,307.0,554.7008202625989
4158,1,8,1739.0,287.5,Pedestrian,1657.0,252.5,1676.1280529840194
4158,1,10,220.0,227.0,Pedestrian,138.0,192.0,236.44872594285638
4158,1,11,1854.5,909.0,Pedestrian,1772.5,874.0,1976.2672516641062
4158,1,16,212.5,192.0,Pedestrian,130.5,157.0,204.15496565109555
4158,1,21,1022.5,1013.5,Pedestrian,940.5,978.5,1357.2039271973833
4158,1,24,739.5,448.0,Pedestrian,657.5,413.0,776.4504169617014
4158,1,27,250.0,204.5,Pedestrian,168.0,169.5,238.65089566142424
4158,1,43,1476.5,770.5,Pedestrian,1394.5,735.5,1576.575561145104
4158,1,78,1787.0,268.5,Pedestrian,1705.0,233.5,1720.914655059919
4158,1,80,1252.5,560.0,Pedestrian,1170.5,525.0,1282.8465418747483
4158,1,81,53.0,249.0,Biker,-29.0,214.0,215.95601403989656
4158,1,82,995.0,986.5,Pedestrian,913.0,951.5,1318.6816332989551
4159,1,2,747.5,506.0,Biker,668.0,471.0,817.3524331645438
4159,1,3,42.5,23.5,Pedestrian,-37.0,-11.5,38.74596753211875
4159,1,4,107.0,71.5,Pedestrian,27.5,36.5,45.70010940905941
4159,1,6,544.0,342.0,Pedestrian,464.5,307.0,556.7847429662562
4159,1,8,1739.0,287.5,Pedestrian,1659.5,252.5,1678.5995651137289
4159,1,10,220.0,227.0,Pedestrian,140.5,192.0,237.91647694096346
4159,1,11,1854.5,911.5,Pedestrian,1775.0,876.5,1979.615429824692
4159,1,16,212.5,192.0,Pedestrian,133.0,157.0,205.7619984350852
4159,1,21,1022.5,1013.5,Pedestrian,943.0,978.5,1358.9375445545686
4159,1,24,739.5,448.0,Pedestrian,660.0,413.0,778.5685583171208
4159,1,27,250.0,204.5,Pedestrian,170.5,169.5,240.41734546409083
4159,1,43,1476.5,770.5,Pedestrian,1397.0,735.5,1578.7872719274121
4159,1,78,1787.0,268.5,Pedestrian,1707.5,233.5,1723.3915689709056
4159,1,80,1252.5,560.0,Pedestrian,1173.0,525.0,1285.1280091881897
4159,1,81,53.0,249.0,Biker,-26.5,214.0,215.6345287749622
4159,1,82,995.0,986.5,Pedestrian,915.5,951.5,1320.4137609098143
4160,1,2,747.5,506.0,Biker,668.0,471.0,817.3524331645438
4160,1,3,42.5,23.5,Pedestrian,-37.0,-11.5,38.74596753211875
4160,1,4,107.0,73.5,Pedestrian,27.5,38.5,47.312788968734445
4160,1,6,541.0,344.5,Pedestrian,461.5,309.5,555.6730153606526
4160,1,8,1741.5,287.5,Pedestrian,1662.0,252.5,1681.0711614919817
4160,1,10,218.5,227.0,Pedestrian,139.0,192.0,237.03375287076733
4160,1,11,1854.5,913.5,Pedestrian,1775.0,878.5,1980.5017672297088
4160,1,16,212.5,192.0,Pedestrian,133.0,157.0,205.7619984350852
4160,1,21,1022.5,1013.5,Pedestrian,943.0,978.5,1358.9375445545686
4160,1,24,739.5,448.0,Pedestrian,660.0,413.0,778.5685583171208
4160,1,27,250.0,204.5,Pedestrian,170.5,169.5,240.41734546409083
4160,1,43,1476.5,770.5,Pedestrian,1397.0,735.5,1578.7872719274121
4160,1,78,1787.0,267.5,Pedestrian,1707.5,232.5,1723.2563651412984
4160,1,80,1249.5,560.0,Pedestrian,1170.0,525.0,1282.39034618949
4160,1,81,53.0,248.0,Biker,-26.5,213.0,214.6421440444537
4160,1,82,995.0,986.5,Pedestrian,915.5,951.5,1320.4137609098143
4161,1,2,742.0,504.0,Biker,665.5,469.0,814.1567723724959
4161,1,3,42.5,23.5,Pedestrian,-34.0,-11.5,35.892199709686224
4161,1,4,104.0,73.5,Pedestrian,27.5,38.5,47.312788968734445
4161,1,6,539.0,344.5,Pedestrian,462.5,309.5,556.503818495435
4161,1,8,1741.5,287.5,Pedestrian,1665.0,252.5,1684.0371878316703
4161,1,10,218.5,227.0,Pedestrian,142.0,192.0,238.8053600738476
4161,1,11,1852.0,913.5,Pedestrian,1775.5,878.5,1980.9498984073273
4161,1,16,212.5,192.0,Pedestrian,136.0,157.0,207.7137453323684
4161,1,21,1022.5,1013.5,Pedestrian,946.0,978.5,1361.0210321666598
4161,1,24,739.5,448.0,Pedestrian,663.0,413.0,781.1133080417975
4161,1,27,250.0,204.5,Pedestrian,173.5,169.5,242.5541176727371
4161,1,43,1476.5,770.5,Pedestrian,1400.0,735.5,1581.442458643374
4161,1,78,1788.5,267.5,Pedestrian,1712.0,232.5,1727.7153266669832
4161,1,80,1249.5,560.0,Pedestrian,1173.0,525.0,1285.1280091881897
4161,1,81,53.0,248.0,Biker,-23.5,213.0,214.29244037062998
4161,1,82,995.0,986.5,Pedestrian,918.5,951.5,1322.4955576484936
4162,1,2,739.5,502.0,Biker,663.0,467.0,810.9611581327431
4162,1,3,42.5,23.5,Pedestrian,-34.0,-11.5,35.892199709686224
4162,1,4,101.5,73.5,Pedestrian,25.0,38.5,45.90479277809671
4162,1,6,536.0,344.5,Pedestrian,459.5,309.5,554.0130864880359
4162,1,8,1741.5,287.5,Pedestrian,1665.0,252.5,1684.0371878316703
4162,1,10,218.5,227.0,Pedestrian,142.0,192.0,238.8053600738476
4162,1,11,1852.0,913.5,Pedestrian,1775.5,878.5,1980.9498984073273
4162,1,16,212.5,192.0,Pedestrian,136.0,157.0,207.7137453323684
4162,1,21,1022.5,1013.5,Pedestrian,946.0,978.5,1361.0210321666598
4162,1,24,739.5,448.0,Pedestrian,663.0,413.0,781.1133080417975
4162,1,27,250.0,204.5,Pedestrian,173.5,169.5,242.5541176727371
4162,1,43,1476.5,770.5,Pedestrian,1400.0,735.5,1581.442458643374
4162,1,78,1790.0,267.5,Pedestrian,1713.5,232.5,1729.2016944243376
4162,1,80,1246.5,557.0,Pedestrian,1170.0,522.0,1281.1650947477456
4162,1,81,53.0,246.5,Biker,-23.5,211.5,212.80155074622928
4162,1,82,995.0,986.5,Pedestrian,918.5,951.5,1322.4955576484936
4163,1,2,736.5,502.0,Biker,662.5,465.0,809.4017852710729
4163,1,3,42.5,23.5,Pedestrian,-31.5,-13.5,34.27097897638759
4163,1,4,101.5,73.5,Pedestrian,27.5,36.5,45.70010940905941
4163,1,6,536.0,346.5,Pedestrian,462.0,309.5,556.0883472974416
4163,1,8,1744.5,285.5,Pedestrian,1670.5,248.5,1688.8820266673454
4163,1,10,218.5,227.0,Pedestrian,144.5,190.0,238.70536231932454
4163,1,11,1849.0,913.5,Pedestrian,1775.0,876.5,1979.615429824692
4163,1,16,212.5,192.0,Pedestrian,138.5,155.0,207.86353696596237
4163,1,21,1022.5,1013.5,Pedestrian,948.5,976.5,1361.3245388223927
4163,1,24,739.5,448.0,Pedestrian,665.5,411.0,782.1836421199308
4163,1,27,250.0,204.5,Pedestrian,176.0,167.5,242.96553253496677
4163,1,43,1476.5,770.5,Pedestrian,1402.5,733.5,1582.7281826011692
4163,1,78,1790.0,267.5,Pedestrian,1716.0,230.5,1731.4116350538943
4163,1,80,1246.5,557.0,Pedestrian,1172.5,520.0,1282.6364449835346
4163,1,81,53.0,246.5,Biker,-21.0,209.5,210.54987532648886
4163,1,82,995.0,986.5,Pedestrian,921.0,949.5,1322.7967530955011
4164,1,2,734.0,499.0,Biker,663.0,462.0,808.0921977101375
4164,1,3,42.5,23.5,Pedestrian,-28.5,-13.5,31.535694062442957
4164,1,4,98.5,73.5,Pedestrian,27.5,36.5,45.70010940905941
4164,1,6,533.0,346.5,Pedestrian,462.0,309.5,556.0883472974416
4164,1,8,1744.5,285.5,Pedestrian,1673.5,248.5,1691.8494318348783
4164,1,10,218.5,227.0,Pedestrian,147.5,190.0,240.53326173317487
4164,1,11,1849.0,916.0,Pedestrian,1778.0,879.0,1983.4124634074476
4164,1,16,212.5,192.0,Pedestrian,141.5,155.0,209.8743671818929
4164,1,21,1022.5,1013.5,Pedestrian,951.5,976.5,1363.4164807570723
4164,1,24,739.5,448.0,Pedestrian,668.5,411.0,784.7376950293645
4164,1,27,250.0,204.5,Pedestrian,179.0,167.5,245.1474046364758
4164,1,43,1476.5,770.5,Pedestrian,1405.5,733.5,1585.387176685872
4164,1,78,1790.0,267.5,Pedestrian,1719.0,230.5,1734.3849774487785
4164,1,80,1244.0,557.0,Pedestrian,1173.0,520.0,1283.0935273782657
4164,1,81,53.0,246.5,Biker,-18.0,209.5,210.27184785415284
4164,1,82,995.0,986.5,Pedestrian,924.0,949.5,1324.887259354546
4165,1,2,731.0,497.0,Biker,660.0,460.0,804.4874144447507
4165,1,3,42.5,23.5,Pedestrian,-28.5,-13.5,31.535694062442957
4165,1,4,98.5,73.5,Pedestrian,27.5,36.5,45.70010940905941
4165,1,6,530.0,346.5,Pedestrian,459.0,309.5,553.5984555614294
4165,1,8,1744.5,285.5,Pedestrian,1673.5,248.5,1691.8494318348783
4165,1,10,218.5,227.0,Pedestrian,147.5,190.0,240.53326173317487
4165,1,11,1849.0,916.0,Pedestrian,1778.0,879.0,1983.4124634074476
4165,1,16,212.5,192.0,Pedestrian,141.5,155.0,209.8743671818929
4165,1,21,1022.5,1013.5,Pedestrian,951.5,976.5,1363.4164807570723
4165,1,24,739.5,448.0,Pedestrian,668.5,411.0,784.7376950293645
4165,1,27,250.0,204.5,Pedestrian,179.0,167.5,245.1474046364758
4165,1,43,1476.5,770.5,Pedestrian,1405.5,733.5,1585.387176685872
4165,1,78,1790.0,267.5,Pedestrian,1719.0,230.5,1734.3849774487785
4165,1,80,1244.0,557.0,Pedestrian,1173.0,520.0,1283.0935273782657
4165,1,81,53.0,245.5,Biker,-18.0,208.5,209.27553607624566
4165,1,82,995.0,986.5,Pedestrian,924.0,949.5,1324.887259354546
4166,1,2,728.5,497.0,Biker,660.0,460.0,804.4874144447507
4166,1,3,42.5,23.5,Pedestrian,-26.0,-13.5,29.295904150580505
4166,1,4,96.0,73.5,Pedestrian,27.5,36.5,45.70010940905941
4166,1,6,530.0,349.0,Pedestrian,461.5,312.0,557.0693403877115
4166,1,8,1746.0,285.5,Pedestrian,1677.5,248.5,1695.8061504782909
4166,1,10,218.5,227.0,Pedestrian,150.0,190.0,242.0743687382041
4166,1,11,1846.0,916.0,Pedestrian,1777.5,879.0,1982.9642583768373
4166,1,16,212.5,192.0,Pedestrian,144.0,155.0,211.56795598577776
4166,1,21,1022.5,1013.5,Pedestrian,954.0,976.5,1365.1623529822377
4166,1,24,739.5,448.0,Pedestrian,671.0,411.0,786.8684769388084
4166,1,27,250.0,204.5,Pedestrian,181.5,167.5,246.97874402466297
4166,1,43,1476.5,770.5,Pedestrian,1408.0,733.5,1587.603933605608
4166,1,78,1792.5,266.0,Pedestrian,1724.0,229.0,1739.1426048487226
4166,1,80,1241.5,557.0,Pedestrian,1173.0,520.0,1283.0935273782657
4166,1,81,53.0,245.5,Biker,-15.5,208.5,209.07534527055074
4166,1,82,995.0,986.5,Pedestrian,926.5,949.5,1326.6320137852847
4167,1,2,725.5,495.0,Biker,660.0,458.0,803.3455047487352
4167,1,3,42.5,23.5,Pedestrian,-23.0,-13.5,26.669270706189174
4167,1,4,93.0,73.5,Pedestrian,27.5,36.5,45.70010940905941
4167,1,6,528.0,349.0,Pedestrian,462.5,312.0,557.8980641658474
4167,1,8,1747.5,285.5,Pedestrian,1682.0,248.5,1700.2577010559312
4167,1,10,218.5,227.0,Pedestrian,153.0,190.0,243.9446658568291
4167,1,11,1846.0,918.5,Pedestrian,1780.5,881.5,1986.7618125985812
4167,1,16,211.0,192.0,Pedestrian,145.5,155.0,212.59174490087804
4167,1,21,1022.5,1013.5,Pedestrian,957.0,976.5,1367.2604909087368
4167,1,24,739.5,448.0,Pedestrian,674.0,411.0,789.4282741326156
4167,1,27,250.0,204.5,Pedestrian,184.5,167.5,249.1916932804944
4167,1,43,1476.5,771.5,Pedestrian,1411.0,734.5,1590.7266421355996
4167,1,78,1792.5,266.0,Pedestrian,1727.0,229.0,1742.1165288234884
4167,1,80,1241.5,557.0,Pedestrian,1176.0,520.0,1285.8366925858043
4167,1,81,51.5,244.5,Biker,-14.0,207.5,207.97175288966528
4167,1,82,995.0,986.5,Pedestrian,929.5,949.5,1328.7289038776871
4168,1,2,723.0,492.5,Biker,657.5,455.5,799.8665513696644
4168,1,3,42.5,23.5,Pedestrian,-23.0,-13.5,26.669270706189174
4168,1,4,93.0,73.5,Pedestrian,27.5,36.5,45.70010940905941
4168,1,6,525.0,349.0,Pedestrian,459.5,312.0,555.4135846376104
4168,1,8,1747.5,285.5,Pedestrian,1682.0,248.5,1700.2577010559312
4168,1,10,218.5,227.0,Pedestrian,153.0,190.0,243.9446658568291
4168,1,11,1843.5,918.5,Pedestrian,1778.0,881.5,1984.5216678081397
4168,1,16,211.0,192.0,Pedestrian,145.5,155.0,212.59174490087804
4168,1,21,1022.5,1013.5,Pedestrian,957.0,976.5,1367.2604909087368
4168,1,24,739.5,448.0,Pedestrian,674.0,411.0,789.4282741326156
4168,1,27,250.0,204.5,Pedestrian,184.5,167.5,249.1916932804944
4168,1,43,1476.5,771.5,Pedestrian,1411.0,734.5,1590.7266421355996
4168,1,78,1792.5,266.0,Pedestrian,1727.0,229.0,1742.1165288234884
4168,1,80,1238.5,555.0,Pedestrian,1173.0,518.0,1282.2842898515134
4168,1,81,51.5,244.5,Biker,-14.0,207.5,207.97175288966528
4168,1,82,995.0,986.5,Pedestrian,929.5,949.5,1328.7289038776871
4169,1,2,720.0,492.5,Biker,657.0,455.5,799.4555960151883
4169,1,3,42.5,23.5,Pedestrian,-20.5,-13.5,24.545875417267155
4169,1,4,90.5,73.5,Pedestrian,27.5,36.5,45.70010940905941
4169,1,6,522.0,351.5,Pedestrian,459.0,314.5,556.4092468678068
4169,1,8,1749.0,285.5,Pedestrian,1686.0,248.5,1704.2148485446312
4169,1,10,218.5,227.0,Pedestrian,155.5,190.0,245.52036575404495
4169,1,11,1843.5,918.5,Pedestrian,1780.5,881.5,1986.7618125985812
4169,1,16,211.0,192.0,Pedestrian,148.0,155.0,214.3105223734943
4169,1,21,1022.5,1013.5,Pedestrian,959.5,976.5,1369.01150469965
4169,1,24,739.5,448.0,Pedestrian,676.5,411.0,791.5638003345024
4169,1,27,250.0,204.5,Pedestrian,187.0,167.5,251.04830212530814
4169,1,43,1476.5,771.5,Pedestrian,1413.5,734.5,1592.9446004177296
4169,1,78,1792.5,266.0,Pedestrian,1729.5,229.0,1744.5948670106766
4169,1,80,1235.5,555.0,Pedestrian,1172.5,518.0,1281.8269188934987
4169,1,81,51.5,244.5,Biker,-11.5,207.5,207.81843036651009
4169,1,82,995.0,986.5,Pedestrian,932.0,949.5,1330.4789551135336
4170,1,2,717.5,490.0,Biker,654.5,451.0,794.8403927833563
4170,1,3,42.5,23.5,Pedestrian,-20.5,-15.5,25.700194551792794
4170,1,4,90.5,73.5,Pedestrian,27.5,34.5,44.11915683691156
4170,1,6,522.0,351.5,Pedestrian,459.0,312.5,555.2812350512125
4170,1,8,1750.0,285.5,Pedestrian,1687.0,246.5,1704.9138541287064
4170,1,10,218.5,227.0,Pedestrian,155.5,188.0,243.97592094303076
4170,1,11,1843.5,920.5,Pedestrian,1780.5,881.5,1986.7618125985812
4170,1,16,211.0,192.0,Pedestrian,148.0,153.0,212.8685040112792
4170,1,21,1022.5,1013.5,Pedestrian,959.5,974.5,1367.5856463125078
4170,1,24,739.5,448.0,Pedestrian,676.5,409.0,790.5271975080933
4170,1,27,250.0,204.5,Pedestrian,187.0,165.5,249.71834133679488
4170,1,43,1476.5,771.5,Pedestrian,1413.5,732.5,1592.0233980692622
4170,1,78,1795.5,266.0,Pedestrian,1732.5,227.0,1747.3080008973805
4170,1,80,1235.5,555.0,Pedestrian,1172.5,516.0,1281.020003747014
4170,1,81,51.5,244.5,Biker,-11.5,205.5,205.8215246275277
4170,1,82,995.0,986.5,Pedestrian,932.0,947.5,1329.0523879817529
4171,1,2,714.5,490.0,Biker,654.5,451.0,794.8403927833563
4171,1,3,42.5,23.5,Pedestrian,-17.5,-15.5,23.37733945512192
4171,1,4,87.5,73.5,Pedestrian,27.5,34.5,44.11915683691156
4171,1,6,519.0,351.5,Pedestrian,459.0,312.5,555.2812350512125
4171,1,8,1750.0,285.5,Pedestrian,1690.0,246.5,1707.8823876368067
4171,1,10,218.5,227.0,Pedestrian,158.5,188.0,245.89886132310576
4171,1,11,1843.5,920.5,Pedestrian,1783.5,881.5,1989.4508036139018
4171,1,16,211.0,192.0,Pedestrian,151.0,153.0,214.96511344867102
4171,1,21,1022.5,1013.5,Pedestrian,962.5,974.5,1369.692118689452
4171,1,24,739.5,448.0,Pedestrian,679.5,409.0,793.0959904072142
4171,1,27,250.0,204.5,Pedestrian,190.0,165.5,251.9727167770352
4171,1,43,1476.5,771.5,Pedestrian,1416.5,732.5,1594.6875869586495
4171,1,78,1795.5,266.0,Pedestrian,1735.5,227.0,1750.2826200359757
4171,1,80,1233.0,555.0,Pedestrian,1173.0,516.0,1281.4776627003687
4171,1,81,51.5,243.0,Biker,-8.5,204.0,204.17700654089333
4171,1,82,995.0,986.5,Pedestrian,935.0,947.5,1331.1578606611613
4172,1,2,712.0,488.0,Biker,652.0,449.0,791.6470173000085
4172,1,3,42.5,23.5,Pedestrian,-17.5,-15.5,23.37733945512192
4172,1,4,85.0,73.5,Pedestrian,25.0,34.5,42.60575078554537
4172,1,6,517.0,353.5,Pedestrian,457.0,314.5,554.7605339243231
4172,1,8,1750.0,285.5,Pedestrian,1690.0,246.5,1707.8823876368067
4172,1,10,218.5,227.0,Pedestrian,158.5,188.0,245.89886132310576
4172,1,11,1843.5,923.0,Pedestrian,1783.5,884.0,1990.5597830761074
4172,1,16,211.0,192.0,Pedestrian,151.0,153.0,214.96511344867102
4172,1,21,1022.5,1013.5,Pedestrian,962.5,974.5,1369.692118689452
4172,1,24,739.5,448.0,Pedestrian,679.5,409.0,793.0959904072142
4172,1,27,250.0,204.5,Pedestrian,190.0,165.5,251.9727167770352
4172,1,43,1476.5,771.5,Pedestrian,1416.5,732.5,1594.6875869586495
4172,1,78,1795.5,266.0,Pedestrian,1735.5,227.0,1750.2826200359757
4172,1,80,1233.0,555.0,Pedestrian,1173.0,516.0,1281.4776627003687
4172,1,81,51.5,243.0,Biker,-8.5,204.0,204.17700654089333
4172,1,82,995.0,986.5,Pedestrian,935.0,947.5,1331.1578606611613
4173,1,2,709.0,486.0,Biker,651.5,447.0,790.10205037071
4173,1,3,42.5,23.5,Pedestrian,-15.0,-15.5,21.569654610122992
4173,1,4,85.0,73.5,Pedestrian,27.5,34.5,44.11915683691156
4173,1,6,517.0,353.5,Pedestrian,459.5,314.5,556.8217847749853
4173,1,8,1752.5,285.5,Pedestrian,1695.0,246.5,1712.8301871464082
4173,1,10,218.5,227.0,Pedestrian,161.0,188.0,247.51767613647314
4173,1,11,1846.0,925.0,Pedestrian,1788.5,886.0,1995.9279170350817
4173,1,16,211.0,192.0,Pedestrian,153.5,153.0,216.72851681308578
4173,1,21,1022.5,1013.5,Pedestrian,965.0,974.5,1371.4500537752003
4173,1,24,739.5,448.0,Pedestrian,682.0,409.0,795.2389577982206
4173,1,27,250.0,204.5,Pedestrian,192.5,165.5,253.86315211152643
4173,1,43,1476.5,771.5,Pedestrian,1419.0,732.5,1596.908654244193
4173,1,78,1795.5,266.0,Pedestrian,1738.0,227.0,1752.7615354063428
4173,1,80,1230.5,555.0,Pedestrian,1173.0,516.0,1281.4776627003687
4173,1,81,51.5,242.0,Biker,-6.0,203.0,203.08865059377396
4173,1,82,995.0,986.5,Pedestrian,937.5,947.5,1332.9150385527203
4174,1,2,706.5,486.0,Biker,649.0,447.0,788.0418770598426
4174,1,3,42.5,23.5,Pedestrian,-15.0,-15.5,21.569654610122992
4174,1,4,82.0,73.5,Pedestrian,24.5,34.5,42.31430018327138
4174,1,6,514.0,353.5,Pedestrian,456.5,314.5,554.3487169643311
4174,1,8,1752.5,285.5,Pedestrian,1695.0,246.5,1712.8301871464082
4174,1,10,218.5,227.0,Pedestrian,161.0,188.0,247.51767613647314
4174,1,11,1846.0,925.0,Pedestrian,1788.5,886.0,1995.9279170350817
4174,1,16,211.0,192.0,Pedestrian,153.5,153.0,216.72851681308578
4174,1,21,1022.5,1013.5,Pedestrian,965.0,974.5,1371.4500537752003
4174,1,24,739.5,448.0,Pedestrian,682.0,409.0,795.2389577982206
4174,1,27,250.0,204.5,Pedestrian,192.5,165.5,253.86315211152643
4174,1,43,1476.5,771.5,Pedestrian,1419.0,732.5,1596.908654244193
4174,1,78,1798.0,264.5,Pedestrian,1740.5,225.5,1755.047150363773
4174,1,80,1230.5,553.0,Pedestrian,1173.0,514.0,1280.6736508572353
4174,1,81,51.5,242.0,Biker,-6.0,203.0,203.08865059377396
4174,1,82,995.0,986.5,Pedestrian,937.5,947.5,1332.9150385527203
4175,1,2,703.5,483.0,Biker,646.0,444.0,783.869887162404
4175,1,3,42.5,23.5,Pedestrian,-15.0,-15.5,21.569654610122992
4175,1,4,82.0,73.5,Pedestrian,24.5,34.5,42.31430018327138
4175,1,6,511.0,356.0,Pedestrian,453.5,317.0,553.3093619305569
4175,1,8,1752.5,285.5,Pedestrian,1695.0,246.5,1712.8301871464082
4175,1,10,218.5,227.0,Pedestrian,161.0,188.0,247.51767613647314
4175,1,11,1849.0,927.5,Pedestrian,1791.5,888.5,1999.7261062455527
4175,1,16,211.0,192.0,Pedestrian,153.5,153.0,216.72851681308578
4175,1,21,1022.5,1013.5,Pedestrian,965.0,974.5,1371.4500537752003
4175,1,24,739.5,448.0,Pedestrian,682.0,409.0,795.2389577982206
4175,1,27,250.0,204.5,Pedestrian,192.5,165.5,253.86315211152643
4175,1,43,1476.5,771.5,Pedestrian,1419.0,732.5,1596.908654244193
4175,1,78,1798.0,264.5,Pedestrian,1740.5,225.5,1755.047150363773
4175,1,80,1227.5,553.0,Pedestrian,1170.0,514.0,1277.9264454576405
4175,1,81,51.5,242.0,Biker,-6.0,203.0,203.08865059377396
4175,1,82,995.0,986.5,Pedestrian,937.5,947.5,1332.9150385527203
4176,1,2,701.0,481.0,Biker,646.5,442.0,783.151485984672
4176,1,3,42.5,23.5,Pedestrian,-12.0,-15.5,19.60229578391266
4176,1,4,79.5,73.5,Pedestrian,25.0,34.5,42.60575078554537
4176,1,6,508.0,356.0,Pedestrian,453.5,317.0,553.3093619305569
4176,1,8,1755.5,285.5,Pedestrian,1701.0,246.5,1718.7679453608623
4176,1,10,218.5,227.0,Pedestrian,164.0,188.0,249.47945807220282
4176,1,11,1849.0,929.5,Pedestrian,1794.5,890.5,2003.302398540969
4176,1,16,211.0,192.0,Pedestrian,156.5,153.0,218.86354196165243
4176,1,21,1022.5,1013.5,Pedestrian,968.0,974.5,1373.5626123333438
4176,1,24,739.5,448.0,Pedestrian,685.0,409.0,797.8132613588219
4176,1,27,250.0,204.5,Pedestrian,195.5,165.5,256.14546648340274
4176,1,43,1476.5,771.5,Pedestrian,1422.0,732.5,1599.5750216854476
4176,1,78,1798.0,264.5,Pedestrian,1743.5,225.5,1758.022326365624
4176,1,80,1227.5,553.0,Pedestrian,1173.0,514.0,1280.6736508572353
4176,1,81,51.5,241.0,Biker,-3.0,202.0,202.02227599945508
4176,1,82,995.0,986.5,Pedestrian,940.5,947.5,1335.0267787576397
4177,1,2,698.0,481.0,Biker,643.5,442.0,780.6767897151803
4177,1,3,42.5,23.5,Pedestrian,-12.0,-15.5,19.60229578391266
4177,1,4,76.5,73.5,Pedestrian,22.0,34.5,40.91760012512953
4177,1,6,508.0,356.0,Pedestrian,453.5,317.0,553.3093619305569
4177,1,8,1755.5,285.5,Pedestrian,1701.0,246.5,1718.7679453608623
4177,1,10,218.5,227.0,Pedestrian,164.0,188.0,249.47945807220282
4177,1,11,1849.0,929.5,Pedestrian,1794.5,890.5,2003.302398540969
4177,1,16,211.0,192.0,Pedestrian,156.5,153.0,218.86354196165243
4177,1,21,1022.5,1013.5,Pedestrian,968.0,974.5,1373.5626123333438
4177,1,24,739.5,448.0,Pedestrian,685.0,409.0,797.8132613588219
4177,1,27,250.0,204.5,Pedestrian,195.5,165.5,256.14546648340274
4177,1,43,1476.5,771.5,Pedestrian,1422.0,732.5,1599.5750216854476
4177,1,78,1798.0,264.5,Pedestrian,1743.5,225.5,1758.022326365624
4177,1,80,1224.5,553.0,Pedestrian,1170.0,514.0,1277.9264454576405
4177,1,81,51.5,241.0,Biker,-3.0,202.0,202.02227599945508
4177,1,82,995.0,986.5,Pedestrian,940.5,947.5,1335.0267787576397
4178,1,2,695.5,479.0,Biker,643.5,440.0,779.5461820828834
4178,1,3,42.5,23.5,Pedestrian,-9.5,-15.5,18.179658962697843
4178,1,4,76.5,73.5,Pedestrian,24.5,34.5,42.31430018327138
4178,1,6,506.0,358.0,Pedestrian,454.0,319.0,554.8666506468018
4178,1,8,1755.5,285.5,Pedestrian,1703.5,246.5,1721.2421386893827
4178,1,10,218.5,227.0,Pedestrian,166.5,188.0,251.1299464420761
4178,1,11,1852.0,932.0,Pedestrian,1800.0,893.0,2009.3404390495903
4178,1,16,211.0,192.0,Pedestrian,159.0,153.0,220.6581065811995
4178,1,21,1022.5,1013.5,Pedestrian,970.5,974.5,1375.3255978131142
4178,1,24,739.5,448.0,Pedestrian,687.5,409.0,799.9607802886339
4178,1,27,250.0,204.5,Pedestrian,198.0,165.5,258.0586173721002
4178,1,43,1476.5,771.5,Pedestrian,1424.5,732.5,1601.7978961154868
4178,1,78,1799.5,264.5,Pedestrian,1747.5,225.5,1761.989358651181
4178,1,80,1224.5,553.0,Pedestrian,1172.5,514.0,1280.2157044810847
4178,1,81,51.5,239.5,Biker,-0.5,200.5,200.50062344042723
4178,1,82,995.0,986.5,Pedestrian,943.0,947.5,1336.7891568979755
4179,1,2,692.5,477.0,Biker,640.5,438.0,775.94088047995
4179,1,3,42.5,23.5,Pedestrian,-9.5,-15.5,18.179658962697843
4179,1,4,74.0,73.5,Pedestrian,22.0,34.5,40.91760012512953
4179,1,6,503.0,358.0,Pedestrian,451.0,319.0,552.4146992975477
4179,1,8,1757.0,285.5,Pedestrian,1705.0,246.5,1722.7266904532478
4179,1,10,218.5,227.0,Pedestrian,166.5,188.0,251.1299464420761
4179,1,11,1852.0,934.5,Pedestrian,1800.0,895.5,2010.4527475173347
4179,1,16,211.0,192.0,Pedestrian,159.0,153.0,220.6581065811995
4179,1,21,1022.5,1013.5,Pedestrian,970.5,974.5,1375.3255978131142
4179,1,24,738.0,448.0,Pedestrian,686.0,409.0,798.6720227978441
4179,1,27,250.0,204.5,Pedestrian,198.0,165.5,258.0586173721002
4179,1,43,1476.5,771.5,Pedestrian,1424.5,732.5,1601.7978961154868
4179,1,78,1801.0,264.5,Pedestrian,1749.0,225.5,1763.4770341572357
4179,1,80,1222.0,553.0,Pedestrian,1170.0,514.0,1277.9264454576405
4179,1,81,51.5,239.5,Biker,-0.5,200.5,200.50062344042723
4179,1,82,995.0,986.5,Pedestrian,943.0,947.5,1336.7891568979755
4180,1,2,690.0,477.0,Biker,638.0,438.0,773.8785434420572
4180,1,3,42.5,23.5,Pedestrian,-9.5,-15.5,18.179658962697843
4180,1,4,74.0,75.5,Pedestrian,22.0,36.5,42.61748467472007
4180,1,6,503.0,360.5,Pedestrian,451.0,321.5,553.8621218317786
4180,1,8,1758.5,285.5,Pedestrian,1706.5,246.5,1724.2112689574906
4180,1,10,218.5,227.0,Pedestrian,166.5,188.0,251.1299464420761
4180,1,11,1854.5,936.5,Pedestrian,1802.5,897.5,2013.582007269632
4180,1,16,211.0,192.0,Pedestrian,159.0,153.0,220.6581065811995
4180,1,21,1022.5,1013.5,Pedestrian,970.5,974.5,1375.3255978131142
4180,1,24,738.0,448.0,Pedestrian,686.0,409.0,798.6720227978441
4180,1,27,250.0,204.5,Pedestrian,198.0,165.5,258.0586173721002
4180,1,43,1476.5,771.5,Pedestrian,1424.5,732.5,1601.7978961154868
4180,1,78,1801.0,264.5,Pedestrian,1749.0,225.5,1763.4770341572357
4180,1,80,1222.0,553.0,Pedestrian,1170.0,514.0,1277.9264454576405
4180,1,81,51.5,239.5,Biker,-0.5,200.5,200.50062344042723
4180,1,82,995.0,986.5,Pedestrian,943.0,947.5,1336.7891568979755
4181,1,2,687.0,474.0,Biker,638.0,435.0,772.1845634302722
4181,1,3,42.5,23.5,Pedestrian,-6.5,-15.5,16.80773631397161
4181,1,4,71.0,75.5,Pedestrian,22.0,36.5,42.61748467472007
4181,1,6,500.0,360.5,Pedestrian,451.0,321.5,553.8621218317786
4181,1,8,1758.5,285.5,Pedestrian,1709.5,246.5,1727.180505911296
4181,1,10,218.5,227.0,Pedestrian,169.5,188.0,253.12891972273732
4181,1,11,1854.5,936.5,Pedestrian,1805.5,897.5,2016.2679633421744
4181,1,16,211.0,192.0,Pedestrian,162.0,153.0,222.82953125651906
4181,1,21,1022.5,1013.5,Pedestrian,973.5,974.5,1377.444191246963
4181,1,24,738.0,448.0,Pedestrian,689.0,409.0,801.2502730108739
4181,1,27,250.0,204.5,Pedestrian,201.0,165.5,260.3675286974165
4181,1,43,1476.5,771.5,Pedestrian,1427.5,732.5,1604.4664222102
4181,1,78,1801.0,263.5,Pedestrian,1752.0,224.5,1766.325069176113
4181,1,80,1219.5,551.0,Pedestrian,1170.5,512.0,1277.5814064082178
4181,1,81,51.5,239.5,Biker,2.5,200.5,200.51558542916308
4181,1,82,995.0,986.5,Pedestrian,946.0,947.5,1338.9071102955575
4182,1,2,684.5,474.0,Biker,635.5,435.0,770.1202828130162
4182,1,3,42.5,23.5,Pedestrian,-6.5,-15.5,16.80773631397161
4182,1,4,68.5,75.5,Pedestrian,19.5,36.5,41.382363393117124
4182,1,6,497.0,362.5,Pedestrian,448.0,323.5,552.59049032715
4182,1,8,1758.5,285.5,Pedestrian,1709.5,246.5,1727.180505911296
4182,1,10,218.5,227.0,Pedestrian,169.5,188.0,253.12891972273732
4182,1,11,1854.5,939.0,Pedestrian,1805.5,900.0,2017.3820287689687
4182,1,16,211.0,192.0,Pedestrian,162.0,153.0,222.82953125651906
4182,1,21,1022.5,1013.5,Pedestrian,973.5,974.5,1377.444191246963
4182,1,24,738.0,448.0,Pedestrian,689.0,409.0,801.2502730108739
4182,1,27,251.5,204.5,Pedestrian,202.5,165.5,261.5272452346027
4182,1,43,1476.5,771.5,Pedestrian,1427.5,732.5,1604.4664222102
4182,1,78,1802.0,263.5,Pedestrian,1753.0,224.5,1767.3169636485698
4182,1,80,1216.5,551.0,Pedestrian,1167.5,512.0,1274.833420490693
4182,1,81,51.5,238.5,Biker,2.5,199.5,199.5156635454971
4182,1,82,995.0,986.5,Pedestrian,946.0,947.5,1338.9071102955575
4183,1,2,681.5,472.0,Biker,635.0,433.0,768.5792086701279
4183,1,3,42.5,23.5,Pedestrian,-4.0,-15.5,16.00781059358212
4183,1,4,68.5,75.5,Pedestrian,22.0,36.5,42.61748467472007
4183,1,6,497.0,362.5,Pedestrian,450.5,323.5,554.6192387575462
4183,1,8,1761.0,285.5,Pedestrian,1714.5,246.5,1732.1294697568078
4183,1,10,218.5,227.0,Pedestrian,172.0,188.0,254.80973293812778
4183,1,11,1854.5,939.0,Pedestrian,1808.0,900.0,2019.619766193627
4183,1,16,211.0,192.0,Pedestrian,164.5,153.0,224.6536222721548
4183,1,21,1022.5,1013.5,Pedestrian,976.0,974.5,1379.2121845459458
4183,1,24,738.0,448.0,Pedestrian,691.5,409.0,803.4010517792468
4183,1,27,251.5,204.5,Pedestrian,205.0,165.5,263.4677399607018
4183,1,43,1476.5,771.5,Pedestrian,1430.0,732.5,1606.6910872971196
4183,1,78,1803.5,263.5,Pedestrian,1757.0,224.5,1771.2846326889419
4183,1,80,1216.5,551.0,Pedestrian,1170.0,512.0,1277.1233299881417
4183,1,81,51.5,238.5,Biker,5.0,199.5,199.56264680545806
4183,1,82,995.0,986.5,Pedestrian,948.5,947.5,1340.6746436029885
4184,1,2,679.0,470.0,Biker,632.5,431.0,765.386993618261
4184,1,3,42.5,23.5,Pedestrian,-4.0,-15.5,16.00781059358212
4184,1,4,65.5,75.5,Pedestrian,19.0,36.5,41.14911906711977
4184,1,6,495.0,365.0,Pedestrian,448.5,326.0,554.46212674988
4184,1,8,1761.0,285.5,Pedestrian,1714.5,246.5,1732.1294697568078
4184,1,10,218.5,227.0,Pedestrian,172.0,188.0,254.80973293812778
4184,1,11,1856.0,941.0,Pedestrian,1809.5,902.0,2021.854161407296
4184,1,16,211.0,192.0,Pedestrian,164.5,153.0,224.6536222721548
4184,1,21,1022.5,1013.5,Pedestrian,976.0,974.5,1379.2121845459458
4184,1,24,738.0,448.0,Pedestrian,691.5,409.0,803.4010517792468
4184,1,27,251.5,204.5,Pedestrian,205.0,165.5,263.4677399607018
4184,1,43,1476.5,771.5,Pedestrian,1430.0,732.5,1606.6910872971196
4184,1,78,1803.5,263.5,Pedestrian,1757.0,224.5,1771.2846326889419
4184,1,80,1213.5,551.0,Pedestrian,1167.0,512.0,1274.3755333495697
4184,1,81,51.5,237.5,Biker,5.0,198.5,198.56296230666987
4184,1,82,995.0,986.5,Pedestrian,948.5,947.5,1340.6746436029885
4185,1,2,676.0,470.0,Biker,629.5,431.0,762.9097259833565
4185,1,3,42.5,23.5,Pedestrian,-4.0,-15.5,16.00781059358212
4185,1,4,65.5,75.5,Pedestrian,19.0,36.5,41.14911906711977
4185,1,6,492.0,365.0,Pedestrian,445.5,326.0,552.0382686010092
4185,1,8,1761.0,285.5,Pedestrian,1714.5,246.5,1732.1294697568078
4185,1,10,218.5,227.0,Pedestrian,172.0,188.0,254.80973293812778
4185,1,11,1857.0,943.5,Pedestrian,1810.5,904.5,2023.8652376084729
4185,1,16,211.0,192.0,Pedestrian,164.5,153.0,224.6536222721548
4185,1,21,1022.5,1013.5,Pedestrian,976.0,974.5,1379.2121845459458
4185,1,24,738.0,448.0,Pedestrian,691.5,409.0,803.4010517792468
4185,1,27,251.5,204.5,Pedestrian,205.0,165.5,263.4677399607018
4185,1,43,1476.5,771.5,Pedestrian,1430.0,732.5,1606.6910872971196
4185,1,78,1803.5,263.5,Pedestrian,1757.0,224.5,1771.2846326889419
4185,1,80,1211.0,551.0,Pedestrian,1164.5,512.0,1272.086573311738
4185,1,81,51.5,237.5,Biker,5.0,198.5,198.56296230666987
4185,1,82,995.0,986.5,Pedestrian,948.5,947.5,1340.6746436029885
4186,1,2,673.5,467.0,Biker,630.0,428.0,761.6324572915731
4186,1,3,42.5,23.5,Pedestrian,-1.0,-15.5,15.532224567009067
4186,1,4,63.0,75.5,Pedestrian,19.5,36.5,41.382363393117124
4186,1,6,492.0,367.5,Pedestrian,448.5,328.5,555.9356977205188
4186,1,8,1763.5,285.5,Pedestrian,1720.0,246.5,1737.57366750305
4186,1,10,218.5,227.0,Pedestrian,175.0,188.0,256.8443108188305
4186,1,11,1857.0,943.5,Pedestrian,1813.5,904.5,2026.5494072437514
4186,1,16,211.0,192.0,Pedestrian,167.5,153.0,226.85953804061225
4186,1,21,1022.5,1013.5,Pedestrian,979.0,974.5,1381.3367619809444
4186,1,24,738.0,448.0,Pedestrian,694.5,409.0,805.984646255746
4186,1,27,251.5,204.5,Pedestrian,208.0,165.5,265.8086717923251
4186,1,43,1476.5,771.5,Pedestrian,1433.0,732.5,1609.3617523726602
4186,1,78,1805.0,263.5,Pedestrian,1761.5,224.5,1775.7484337596923
4186,1,80,1211.0,551.0,Pedestrian,1167.5,512.0,1274.833420490693
4186,1,81,51.5,237.5,Biker,8.0,198.5,198.66114365924707
4186,1,82,995.0,986.5,Pedestrian,951.5,947.5,1342.7987563294807
4187,1,2,670.5,465.0,Biker,627.0,426.0,758.0270443724287
4187,1,3,42.5,23.5,Pedestrian,-1.0,-15.5,15.532224567009067
4187,1,4,60.0,75.5,Pedestrian,16.5,36.5,40.05621050473946
4187,1,6,489.0,367.5,Pedestrian,445.5,328.5,553.5182923806584
4187,1,8,1763.5,285.5,Pedestrian,1720.0,246.5,1737.57366750305
4187,1,10,218.5,227.0,Pedestrian,175.0,188.0,256.8443108188305
4187,1,11,1858.5,945.5,Pedestrian,1815.0,906.5,2028.7846731479415
4187,1,16,211.0,192.0,Pedestrian,167.5,153.0,226.85953804061225
4187,1,21,1022.5,1013.5,Pedestrian,979.0,974.5,1381.3367619809444
4187,1,24,738.0,448.0,Pedestrian,694.5,409.0,805.984646255746
4187,1,27,251.5,204.5,Pedestrian,208.0,165.5,265.8086717923251
4187,1,43,1476.5,771.5,Pedestrian,1433.0,732.5,1609.3617523726602
4187,1,78,1806.5,263.5,Pedestrian,1763.0,224.5,1777.236408022298
4187,1,80,1208.5,551.0,Pedestrian,1165.0,512.0,1272.5443017828495
4187,1,81,51.5,236.0,Biker,8.0,197.0,197.1623696347759
4187,1,82,995.0,986.5,Pedestrian,951.5,947.5,1342.7987563294807
4188,1,2,668.0,465.0,Biker,627.0,426.0,758.0270443724287
4188,1,3,42.5,23.5,Pedestrian,1.5,-15.5,15.572411502397436
4188,1,4,60.0,75.5,Pedestrian,19.0,36.5,41.14911906711977
4188,1,6,489.0,369.5,Pedestrian,448.0,330.5,556.7173879088024
4188,1,8,1763.5,285.5,Pedestrian,1722.5,246.5,1740.0484188665555
4188,1,10,218.5,227.0,Pedestrian,177.5,188.0,258.554152935125
4188,1,11,1858.5,945.5,Pedestrian,1817.5,906.5,2031.0215409985192
4188,1,16,212.5,192.0,Pedestrian,171.5,153.0,229.82874058742087
4188,1,21,1022.5,1013.5,Pedestrian,981.5,974.5,1383.1097208826204
4188,1,24,738.0,448.0,Pedestrian,697.0,409.0,808.1398393842492
4188,1,27,251.5,204.5,Pedestrian,210.5,165.5,267.7694904203987
4188,1,43,1476.5,771.5,Pedestrian,1435.5,732.5,1611.588191815763
4188,1,78,1806.5,263.5,Pedestrian,1765.5,224.5,1779.7164099934573
4188,1,80,1205.5,551.0,Pedestrian,1164.5,512.0,1272.086573311738
4188,1,81,51.5,236.0,Biker,10.5,197.0,197.2796238844752
4188,1,82,995.0,986.5,Pedestrian,954.0,947.5,1344.5714001123183
4189,1,2,665.0,463.0,Biker,624.0,424.0,754.421632775731
4189,1,3,42.5,23.5,Pedestrian,1.5,-15.5,15.572411502397436
4189,1,4,57.5,75.5,Pedestrian,16.5,36.5,40.05621050473946
4189,1,6,486.0,369.5,Pedestrian,445.0,330.5,554.3060977474449
4189,1,8,1766.5,285.5,Pedestrian,1725.5,246.5,1743.0182156248397
4189,1,10,218.5,227.0,Pedestrian,177.5,188.0,258.554152935125
4189,1,11,1858.5,948.0,Pedestrian,1817.5,909.0,2032.1385902541194
4189,1,16,212.5,192.0,Pedestrian,171.5,153.0,229.82874058742087
4189,1,21,1022.5,1013.5,Pedestrian,981.5,974.5,1383.1097208826204
4189,1,24,738.0,448.0,Pedestrian,697.0,409.0,808.1398393842492
4189,1,27,251.5,204.5,Pedestrian,210.5,165.5,267.7694904203987
4189,1,43,1476.5,771.5,Pedestrian,1435.5,732.5,1611.588191815763
4189,1,78,1806.5,262.5,Pedestrian,1765.5,223.5,1779.590542793482
4189,1,80,1205.5,551.0,Pedestrian,1164.5,512.0,1272.086573311738
4189,1,81,51.5,235.0,Biker,10.5,196.0,196.28104849933933
4189,1,82,995.0,986.5,Pedestrian,954.0,947.5,1344.5714001123183
4190,1,2,662.5,463.0,Biker,621.5,424.0,752.35513555767
4190,1,3,42.5,23.5,Pedestrian,1.5,-15.5,15.572411502397436
4190,1,4,57.5,75.5,Pedestrian,16.5,36.5,40.05621050473946
4190,1,6,484.0,372.0,Pedestrian,443.0,333.0,554.2003247923985
4190,1,8,1766.5,285.5,Pedestrian,1725.5,246.5,1743.0182156248397
4190,1,10,218.5,227.0,Pedestrian,177.5,188.0,258.554152935125
4190,1,11,1861.5,950.0,Pedestrian,1820.5,911.0,2035.7163972420126
4190,1,16,212.5,192.0,Pedestrian,171.5,153.0,229.82874058742087
4190,1,21,1022.5,1013.5,Pedestrian,981.5,974.5,1383.1097208826204
4190,1,24,738.0,448.0,Pedestrian,697.0,409.0,808.1398393842492
4190,1,27,251.5,204.5,Pedestrian,210.5,165.5,267.7694904203987
4190,1,43,1476.5,771.5,Pedestrian,1435.5,732.5,1611.588191815763
4190,1,78,1808.0,262.5,Pedestrian,1767.0,223.5,1781.07867597139
4190,1,80,1202.5,551.0,Pedestrian,1161.5,512.0,1269.3408722640265
4190,1,81,51.5,235.0,Biker,10.5,196.0,196.28104849933933
4190,1,82,995.0,986.5,Pedestrian,954.0,947.5,1344.5714001123183
4191,1,2,659.5,461.0,Biker,621.5,424.0,752.35513555767
4191,1,3,42.5,23.5,Pedestrian,4.5,-13.5,14.230249470757707
4191,1,4,54.5,75.5,Pedestrian,16.5,38.5,41.8867520822515
4191,1,6,484.0,372.0,Pedestrian,446.0,335.0,557.8001434205624
4191,1,8,1766.5,285.5,Pedestrian,1728.5,248.5,1746.2715997232503
4191,1,10,218.5,227.0,Pedestrian,180.5,190.0,262.06917025854074
4191,1,11,1858.5,950.0,Pedestrian,1820.5,913.0,2036.6121992171215
4191,1,16,212.5,192.0,Pedestrian,174.5,155.0,233.39933590308263
4191,1,21,1022.5,1013.5,Pedestrian,984.5,976.5,1386.6479365722216
4191,1,24,738.0,448.0,Pedestrian,700.0,411.0,811.739490230702
4191,1,27,251.5,204.5,Pedestrian,213.5,167.5,271.3641464895464
4191,1,43,1476.5,771.5,Pedestrian,1438.5,734.5,1615.1694957495947
4191,1,78,1808.0,262.5,Pedestrian,1770.0,225.5,1784.3066580607717
4191,1,80,1200.0,551.0,Pedestrian,1162.0,514.0,1270.606154557737
4191,1,81,51.5,235.0,Biker,13.5,198.0,198.45969364079951
4191,1,82,995.0,986.5,Pedestrian,957.0,949.5,1348.1095096467498
4192,1,2,657.0,459.5,Biker,619.0,422.5,749.4446277077446
4192,1,3,42.5,23.5,Pedestrian,4.5,-13.5,14.230249470757707
4192,1,4,52.0,75.5,Pedestrian,14.0,38.5,40.96644968751869
4192,1,6,481.0,374.0,Pedestrian,443.0,337.0,556.6129714622181
4192,1,8,1766.5,285.5,Pedestrian,1728.5,248.5,1746.2715997232503
4192,1,10,218.5,227.0,Pedestrian,180.5,190.0,262.06917025854074
4192,1,11,1858.5,952.5,Pedestrian,1820.5,915.5,2037.7341583238967
4192,1,16,212.5,192.0,Pedestrian,174.5,155.0,233.39933590308263
4192,1,21,1022.5,1013.5,Pedestrian,984.5,976.5,1386.6479365722216
4192,1,24,738.0,448.0,Pedestrian,700.0,411.0,811.739490230702
4192,1,27,251.5,204.5,Pedestrian,213.5,167.5,271.3641464895464
4192,1,43,1476.5,771.5,Pedestrian,1438.5,734.5,1615.1694957495947
4192,1,78,1809.0,262.5,Pedestrian,1771.0,225.5,1785.298644485006
4192,1,80,1200.0,549.5,Pedestrian,1162.0,512.5,1270.000098425193
4192,1,81,51.5,235.0,Biker,13.5,198.0,198.45969364079951
4192,1,82,995.0,986.5,Pedestrian,957.0,949.5,1348.1095096467498
4193,1,2,654.0,458.0,Biker,617.5,421.0,747.3601875936395
4193,1,3,42.5,23.5,Pedestrian,6.0,-13.5,14.773286702694158
4193,1,4,52.0,75.5,Pedestrian,15.5,38.5,41.50301193889427
4193,1,6,478.0,374.0,Pedestrian,441.5,337.0,555.4198862122241
4193,1,8,1769.5,285.5,Pedestrian,1733.0,248.5,1750.7259208682551
4193,1,10,218.5,227.0,Pedestrian,182.0,190.0,263.10454196003536
4193,1,11,1856.0,952.5,Pedestrian,1819.5,915.5,2036.8408136130815
4193,1,16,212.5,192.0,Pedestrian,176.0,155.0,234.5229199886442
4193,1,21,1022.5,1013.5,Pedestrian,986.0,976.5,1387.713316935454
4193,1,24,738.0,448.0,Pedestrian,701.5,411.0,813.0333633990674
4193,1,27,251.5,204.5,Pedestrian,215.0,167.5,272.54586769936543
4193,1,43,1476.5,771.5,Pedestrian,1440.0,734.5,1616.5055675746992
4193,1,78,1809.0,262.5,Pedestrian,1772.5,225.5,1786.786640872379
4193,1,80,1197.5,549.5,Pedestrian,1161.0,512.5,1269.085202025459
4193,1,81,51.5,234.0,Biker,15.0,197.0,197.57024067404484
4193,1,82,995.0,986.5,Pedestrian,958.5,949.5,1349.1747477624979
4194,1,2,654.0,457.0,Biker,617.5,420.0,746.7973285972573
4194,1,3,42.5,23.5,Pedestrian,6.0,-13.5,14.773286702694158
4194,1,4,49.0,75.5,Pedestrian,12.5,38.5,40.47838929601819
4194,1,6,478.0,376.5,Pedestrian,441.5,339.5,556.9403020073157
4194,1,8,1769.5,285.5,Pedestrian,1733.0,248.5,1750.7259208682551
4194,1,10,218.5,227.0,Pedestrian,182.0,190.0,263.10454196003536
4194,1,11,1856.0,954.5,Pedestrian,1819.5,917.5,2037.7405379488332
4194,1,16,212.5,192.0,Pedestrian,176.0,155.0,234.5229199886442
4194,1,21,1022.5,1013.5,Pedestrian,986.0,976.5,1387.713316935454
4194,1,24,738.0,448.0,Pedestrian,701.5,411.0,813.0333633990674
4194,1,27,251.5,204.5,Pedestrian,215.0,167.5,272.54586769936543
4194,1,43,1476.5,771.5,Pedestrian,1440.0,734.5,1616.5055675746992
4194,1,78,1810.5,262.5,Pedestrian,1774.0,225.5,1788.2746573163754
4194,1,80,1197.5,549.5,Pedestrian,1161.0,512.5,1269.085202025459
4194,1,81,51.5,234.0,Biker,15.0,197.0,197.57024067404484
4194,1,82,995.0,986.5,Pedestrian,958.5,949.5,1349.1747477624979
4195,1,2,651.5,456.0,Biker,615.0,419.0,744.1679917868008
4195,1,3,42.5,23.5,Pedestrian,6.0,-13.5,14.773286702694158
4195,1,4,49.0,75.5,Pedestrian,12.5,38.5,40.47838929601819
4195,1,6,475.0,376.5,Pedestrian,438.5,339.5,554.5651449559375
4195,1,8,1769.5,285.5,Pedestrian,1733.0,248.5,1750.7259208682551
4195,1,10,218.5,227.0,Pedestrian,182.0,190.0,263.10454196003536
4195,1,11,1856.0,954.5,Pedestrian,1819.5,917.5,2037.7405379488332
4195,1,16,212.5,192.0,Pedestrian,176.0,155.0,234.5229199886442
4195,1,21,1022.5,1013.5,Pedestrian,986.0,976.5,1387.713316935454
4195,1,24,738.0,448.0,Pedestrian,701.5,411.0,813.0333633990674
4195,1,27,251.5,204.5,Pedestrian,215.0,167.5,272.54586769936543
4195,1,43,1476.5,771.5,Pedestrian,1440.0,734.5,1616.5055675746992
4195,1,78,1810.5,262.5,Pedestrian,1774.0,225.5,1788.2746573163754
4195,1,80,1194.5,548.0,Pedestrian,1158.0,511.0,1265.7349643586529
4195,1,81,51.5,233.0,Biker,15.0,196.0,196.57314160383152
4195,1,82,995.0,986.5,Pedestrian,958.5,949.5,1349.1747477624979
4196,1,2,648.5,455.0,Biker,614.5,418.0,743.1919334869021
4196,1,3,42.5,23.5,Pedestrian,8.5,-13.5,15.953056133543816
4196,1,4,46.5,75.5,Pedestrian,12.5,38.5,40.47838929601819
4196,1,6,475.0,378.5,Pedestrian,441.0,341.5,557.7663041095258
4196,1,8,1772.0,283.0,Pedestrian,1738.0,246.0,1755.3233320388583
4196,1,10,218.5,227.0,Pedestrian,184.5,190.0,264.840046065545
4196,1,11,1853.0,957.0,Pedestrian,1819.0,920.0,2038.4212027939661
4196,1,16,212.5,192.0,Pedestrian,178.5,155.0,236.4048434360007
4196,1,21,1022.5,1013.5,Pedestrian,988.5,976.5,1389.490734046111
4196,1,24,738.0,448.0,Pedestrian,704.0,411.0,815.1913885708067
4196,1,27,251.5,204.5,Pedestrian,217.5,167.5,274.5223123900861
4196,1,43,1476.5,771.5,Pedestrian,1442.5,734.5,1618.7329921886437
4196,1,78,1812.0,261.5,Pedestrian,1778.0,224.5,1792.1172534184252
4196,1,80,1191.5,548.0,Pedestrian,1157.5,511.0,1265.277538724212
4196,1,81,51.5,233.0,Biker,17.5,196.0,196.77969915618837
4196,1,82,995.0,986.5,Pedestrian,961.0,949.5,1350.9519791613616
4197,1,2,648.5,454.0,Biker,614.5,417.0,742.6299549573798
4197,1,3,42.5,23.5,Pedestrian,8.5,-13.5,15.953056133543816
4197,1,4,43.5,75.5,Pedestrian,9.5,38.5,39.654760117796705
4197,1,6,473.0,378.5,Pedestrian,439.0,341.5,556.1863446723589
4197,1,8,1772.0,283.0,Pedestrian,1738.0,246.0,1755.3233320388583
4197,1,10,218.5,227.0,Pedestrian,184.5,190.0,264.840046065545
4197,1,11,1853.0,957.0,Pedestrian,1819.0,920.0,2038.4212027939661
4197,1,16,212.5,192.0,Pedestrian,178.5,155.0,236.4048434360007
4197,1,21,1022.5,1013.5,Pedestrian,988.5,976.5,1389.490734046111
4197,1,24,738.0,448.0,Pedestrian,704.0,411.0,815.1913885708067
4197,1,27,251.5,204.5,Pedestrian,217.5,167.5,274.5223123900861
4197,1,43,1476.5,771.5,Pedestrian,1442.5,734.5,1618.7329921886437
4197,1,78,1812.0,261.5,Pedestrian,1778.0,224.5,1792.1172534184252
4197,1,80,1191.5,548.0,Pedestrian,1157.5,511.0,1265.277538724212
4197,1,81,51.5,233.0,Biker,17.5,196.0,196.77969915618837
4197,1,82,995.0,986.5,Pedestrian,961.0,949.5,1350.9519791613616
4198,1,2,646.0,452.5,Biker,613.0,415.5,740.546588676229
4198,1,3,42.5,23.5,Pedestrian,9.5,-13.5,16.507574019219177
4198,1,4,43.5,75.5,Pedestrian,10.5,38.5,39.90613987846983
4198,1,6,470.0,381.0,Pedestrian,437.0,344.0,556.1519576518633
4198,1,8,1772.0,283.0,Pedestrian,1739.0,246.0,1756.313468604053
4198,1,10,218.5,227.0,Pedestrian,185.5,190.0,265.5376621121757
4198,1,11,1850.5,959.5,Pedestrian,1817.5,922.5,2038.2130654080304
4198,1,16,212.5,192.0,Pedestrian,179.5,155.0,237.16081042195822
4198,1,21,1022.5,1013.5,Pedestrian,989.5,976.5,1390.2023234047626
4198,1,24,738.0,448.0,Pedestrian,705.0,411.0,816.0551451954702
4198,1,27,251.5,204.5,Pedestrian,218.5,167.5,275.315273822576
4198,1,43,1476.5,771.5,Pedestrian,1443.5,734.5,1619.624184803376
4198,1,78,1813.0,261.5,Pedestrian,1780.0,224.5,1794.1015160798454
4198,1,80,1189.0,548.0,Pedestrian,1156.0,511.0,1263.9054553248832
4198,1,81,51.5,232.0,Biker,18.5,195.0,195.87559827604866
4198,1,82,995.0,986.5,Pedestrian,962.0,949.5,1351.6635121212676
4199,1,2,643.0,451.5,Biker,610.0,414.5,737.5027118594209
4199,1,3,42.5,23.5,Pedestrian,9.5,-13.5,16.507574019219177
4199,1,4,41.0,75.5,Pedestrian,8.0,38.5,39.322385482063524
4199,1,6,470.0,381.0,Pedestrian,437.0,344.0,556.1519576518633
4199,1,8,1774.5,283.0,Pedestrian,1741.5,246.0,1758.7888588457683
4199,1,10,218.5,227.0,Pedestrian,185.5,190.0,265.5376621121757
4199,1,11,1850.5,959.5,Pedestrian,1817.5,922.5,2038.2130654080304
4199,1,16,212.5,192.0,Pedestrian,179.5,155.0,237.16081042195822
4199,1,21,1022.5,1013.5,Pedestrian,989.5,976.5,1390.2023234047626
4199,1,24,738.0,448.0,Pedestrian,705.0,411.0,816.0551451954702
4199,1,27,251.5,204.5,Pedestrian,218.5,167.5,275.315273822576
4199,1,43,1476.5,771.5,Pedestrian,1443.5,734.5,1619.624184803376
4199,1,78,1813.0,261.5,Pedestrian,1780.0,224.5,1794.1015160798454
4199,1,80,1186.5,548.0,Pedestrian,1153.5,511.0,1261.6192967769634
4199,1,81,51.5,232.0,Biker,18.5,195.0,195.87559827604866
4199,1,82,995.0,986.5,Pedestrian,962.0,949.5,1351.6635121212676
4200,1,2,640.5,450.5,Biker,607.5,413.5,734.8731183000233
4200,1,3,42.5,23.5,Pedestrian,9.5,-13.5,16.507574019219177
4200,1,4,41.0,78.5,Pedestrian,8.0,41.5,42.26405091800832
4200,1,6,467.0,383.0,Pedestrian,434.0,346.0,555.0423407272638
4200,1,8,1774.5,283.0,Pedestrian,1741.5,246.0,1758.7888588457683
4200,1,10,218.5,227.0,Pedestrian,185.5,190.0,265.5376621121757
4200,1,11,1850.5,961.5,Pedestrian,1817.5,924.5,2039.1190499821241
4200,1,16,212.5,192.0,Pedestrian,179.5,155.0,237.16081042195822
4200,1,21,1022.5,1013.5,Pedestrian,989.5,976.5,1390.2023234047626
4200,1,24,738.0,448.0,Pedestrian,705.0,411.0,816.0551451954702
4200,1,27,251.5,204.5,Pedestrian,218.5,167.5,275.315273822576
4200,1,43,1476.5,771.5,Pedestrian,1443.5,734.5,1619.624184803376
4200,1,78,1814.5,261.5,Pedestrian,1781.5,224.5,1795.58973599205
4200,1,80,1186.5,548.0,Pedestrian,1153.5,511.0,1261.6192967769634
4200,1,81,51.5,232.0,Biker,18.5,195.0,195.87559827604866
4200,1,82,995.0,986.5,Pedestrian,962.0,949.5,1351.6635121212676
4201,1,2,640.5,449.0,Biker,607.5,412.0,734.0301424328568
4201,1,3,42.5,23.5,Pedestrian,9.5,-13.5,16.507574019219177
4201,1,4,39.5,78.5,Pedestrian,6.5,41.5,42.005951959216446
4201,1,6,464.0,383.0,Pedestrian,431.0,346.0,552.6997376514666
4201,1,8,1774.5,283.0,Pedestrian,1741.5,246.0,1758.7888588457683
4201,1,10,218.5,227.0,Pedestrian,185.5,190.0,265.5376621121757
4201,1,11,1850.5,961.5,Pedestrian,1817.5,924.5,2039.1190499821241
4201,1,16,212.5,192.0,Pedestrian,179.5,155.0,237.16081042195822
4201,1,21,1022.5,1013.5,Pedestrian,989.5,976.5,1390.2023234047626
4201,1,24,739.5,448.0,Pedestrian,706.5,411.0,817.3513626342101
4201,1,27,251.5,204.5,Pedestrian,218.5,167.5,275.315273822576
4201,1,43,1476.5,771.5,Pedestrian,1443.5,734.5,1619.624184803376
4201,1,78,1814.5,261.5,Pedestrian,1781.5,224.5,1795.58973599205
4201,1,80,1183.5,548.0,Pedestrian,1150.5,511.0,1258.8769796926147
4201,1,81,50.5,230.5,Biker,17.5,193.5,194.28973210131306
4201,1,82,995.0,986.5,Pedestrian,962.0,949.5,1351.6635121212676
4202,1,2,637.5,448.0,Biker,604.5,411.0,730.9864909832465
4202,1,3,42.5,23.5,Pedestrian,9.5,-13.5,16.507574019219177
4202,1,4,39.5,78.5,Pedestrian,6.5,41.5,42.005951959216446
4202,1,6,464.0,385.5,Pedestrian,431.0,348.5,554.2682112479481
4202,1,8,1774.5,283.0,Pedestrian,1741.5,246.0,1758.7888588457683
4202,1,10,218.5,227.0,Pedestrian,185.5,190.0,265.5376621121757
4202,1,11,1853.0,964.0,Pedestrian,1820.0,927.0,2042.4810892637415
4202,1,16,212.5,192.0,Pedestrian,179.5,155.0,237.16081042195822
4202,1,21,1022.5,1013.5,Pedestrian,989.5,976.5,1390.2023234047626
4202,1,24,736.5,448.0,Pedestrian,703.5,411.0,814.7596271293761
4202,1,27,251.5,204.5,Pedestrian,218.5,167.5,275.315273822576
4202,1,43,1476.5,771.5,Pedestrian,1443.5,734.5,1619.624184803376
4202,1,78,1816.0,261.5,Pedestrian,1783.0,224.5,1797.077975492438
4202,1,80,1180.5,548.0,Pedestrian,1147.5,511.0,1256.1358405841304
4202,1,81,50.5,230.5,Biker,17.5,193.5,194.28973210131306
4202,1,82,995.0,986.5,Pedestrian,962.0,949.5,1351.6635121212676
4203,1,2,635.0,447.0,Biker,602.0,410.0,728.3570552963704
4203,1,3,42.5,23.5,Pedestrian,9.5,-13.5,16.507574019219177
4203,1,4,38.5,78.5,Pedestrian,5.5,41.5,41.862871377868956
4203,1,6,462.0,385.5,Pedestrian,429.0,348.5,552.7144380238316
4203,1,8,1777.5,283.0,Pedestrian,1744.5,246.0,1761.7594188764822
4203,1,10,218.5,227.0,Pedestrian,185.5,190.0,265.5376621121757
4203,1,11,1856.0,964.0,Pedestrian,1823.0,927.0,2045.1547618701134
4203,1,16,212.5,192.0,Pedestrian,179.5,155.0,237.16081042195822
4203,1,21,1022.5,1013.5,Pedestrian,989.5,976.5,1390.2023234047626
4203,1,24,736.5,448.0,Pedestrian,703.5,411.0,814.7596271293761
4203,1,27,251.5,204.5,Pedestrian,218.5,167.5,275.315273822576
4203,1,43,1476.5,771.5,Pedestrian,1443.5,734.5,1619.624184803376
4203,1,78,1816.0,260.5,Pedestrian,1783.0,223.5,1796.9533243799071
4203,1,80,1180.5,548.0,Pedestrian,1147.5,511.0,1256.1358405841304
4203,1,81,50.5,230.5,Biker,17.5,193.5,194.28973210131306
4203,1,82,995.0,986.5,Pedestrian,962.0,949.5,1351.6635121212676
4204,1,2,635.0,446.0,Biker,602.0,409.0,727.7946138849888
4204,1,3,42.5,23.5,Pedestrian,9.5,-13.5,16.507574019219177
4204,1,4,38.5,78.5,Pedestrian,5.5,41.5,41.862871377868956
4204,1,6,462.0,387.5,Pedestrian,429.0,350.5,553.9776620045252
4204,1,8,1777.5,283.0,Pedestrian,1744.5,246.0,1761.7594188764822
4204,1,10,218.5,227.0,Pedestrian,185.5,190.0,265.5376621121757
4204,1,11,1856.0,966.0,Pedestrian,1823.0,929.0,2046.0620713947071
4204,1,16,212.5,192.0,Pedestrian,179.5,155.0,237.16081042195822
4204,1,21,1022.5,1013.5,Pedestrian,989.5,976.5,1390.2023234047626
4204,1,24,736.5,448.0,Pedestrian,703.5,411.0,814.7596271293761
4204,1,27,251.5,204.5,Pedestrian,218.5,167.5,275.315273822576
4204,1,43,1476.5,771.5,Pedestrian,1443.5,734.5,1619.624184803376
4204,1,78,1816.0,260.5,Pedestrian,1783.0,223.5,1796.9533243799071
4204,1,80,1178.0,547.0,Pedestrian,1145.0,510.0,1253.4452520952002
4204,1,81,50.5,229.5,Biker,17.5,192.5,193.29381780077708
4204,1,82,995.0,986.5,Pedestrian,962.0,949.5,1351.6635121212676
4205,1,2,632.0,445.0,Biker,599.0,408.0,724.7516816123989
4205,1,3,42.5,23.5,Pedestrian,9.5,-13.5,16.507574019219177
4205,1,4,37.0,78.5,Pedestrian,4.0,41.5,41.692325432865935
4205,1,6,459.0,390.0,Pedestrian,426.0,353.0,553.2494916400738
4205,1,8,1777.5,283.0,Pedestrian,1744.5,246.0,1761.7594188764822
4205,1,10,218.5,227.0,Pedestrian,185.5,190.0,265.5376621121757
4205,1,11,1858.5,966.0,Pedestrian,1825.5,929.0,2048.289835448099
4205,1,16,212.5,192.0,Pedestrian,179.5,155.0,237.16081042195822
4205,1,21,1022.5,1013.5,Pedestrian,989.5,976.5,1390.2023234047626
4205,1,24,736.5,448.0,Pedestrian,703.5,411.0,814.7596271293761
4205,1,27,251.5,204.5,Pedestrian,218.5,167.5,275.315273822576
4205,1,43,1476.5,771.5,Pedestrian,1443.5,734.5,1619.624184803376
4205,1,78,1817.5,260.5,Pedestrian,1784.5,223.5,1798.4416865720168
4205,1,80,1175.5,547.0,Pedestrian,1142.5,510.0,1251.1619599396395
4205,1,81,50.5,229.5,Biker,17.5,192.5,193.29381780077708
4205,1,82,995.0,986.5,Pedestrian,962.0,949.5,1351.6635121212676
4206,1,2,629.5,443.5,Biker,596.5,406.5,721.8410489851626
4206,1,3,42.5,23.5,Pedestrian,9.5,-13.5,16.507574019219177
4206,1,4,37.0,78.5,Pedestrian,4.0,41.5,41.692325432865935
4206,1,6,456.0,390.0,Pedestrian,423.0,353.0,550.942828249901
4206,1,8,1780.5,283.0,Pedestrian,1747.5,246.0,1764.730078510592
4206,1,10,218.5,227.0,Pedestrian,185.5,190.0,265.5376621121757
4206,1,11,1861.5,968.5,Pedestrian,1828.5,931.5,2052.097585398901
4206,1,16,212.5,192.0,Pedestrian,179.5,155.0,237.16081042195822
4206,1,21,1022.5,1013.5,Pedestrian,989.5,976.5,1390.2023234047626
4206,1,24,736.5,448.0,Pedestrian,703.5,411.0,814.7596271293761
4206,1,27,251.5,204.5,Pedestrian,218.5,167.5,275.315273822576
4206,1,43,1476.5,771.5,Pedestrian,1443.5,734.5,1619.624184803376
4206,1,78,1819.0,260.5,Pedestrian,1786.0,223.5,1799.9300680859799
4206,1,80,1175.5,547.0,Pedestrian,1142.5,510.0,1251.1619599396395
4206,1,81,50.5,228.5,Biker,17.5,191.5,192.2979459068661
4206,1,82,995.0,986.5,Pedestrian,962.0,949.5,1351.6635121212676
4207,1,2,626.5,442.0,Biker,593.5,405.0,718.5173971449822
4207,1,3,42.5,23.5,Pedestrian,9.5,-13.5,16.507574019219177
4207,1,4,35.5,78.5,Pedestrian,2.5,41.5,41.57523301197481
4207,1,6,456.0,392.5,Pedestrian,423.0,355.5,552.5479617191615
4207,1,8,1780.5,283.0,Pedestrian,1747.5,246.0,1764.730078510592
4207,1,10,218.5,227.0,Pedestrian,185.5,190.0,265.5376621121757
4207,1,11,1861.5,968.5,Pedestrian,1828.5,931.5,2052.097585398901
4207,1,16,212.5,192.0,Pedestrian,179.5,155.0,237.16081042195822
4207,1,21,1022.5,1013.5,Pedestrian,989.5,976.5,1390.2023234047626
4207,1,24,734.0,448.0,Pedestrian,701.0,411.0,812.6019935983421
4207,1,27,251.5,204.5,Pedestrian,218.5,167.5,275.315273822576
4207,1,43,1476.5,771.5,Pedestrian,1443.5,734.5,1619.624184803376
4207,1,78,1819.0,260.5,Pedestrian,1786.0,223.5,1799.9300680859799
4207,1,80,1172.5,547.0,Pedestrian,1139.5,510.0,1248.4231053613194
4207,1,81,50.5,228.5,Biker,17.5,191.5,192.2979459068661
4207,1,82,995.0,986.5,Pedestrian,962.0,949.5,1351.6635121212676
4208,1,2,626.5,441.0,Biker,593.5,404.0,717.9542116319118
4208,1,3,42.5,23.5,Pedestrian,9.5,-13.5,16.507574019219177
4208,1,4,35.5,78.5,Pedestrian,2.5,41.5,41.57523301197481
4208,1,6,453.0,392.5,Pedestrian,420.0,355.5,550.2547137462795
4208,1,8,1780.5,283.0,Pedestrian,1747.5,246.0,1764.730078510592
4208,1,10,218.5,227.0,Pedestrian,185.5,190.0,265.5376621121757
4208,1,11,1864.0,970.5,Pedestrian,1831.0,933.5,2055.23313762697
4208,1,16,212.5,192.0,Pedestrian,179.5,155.0,237.16081042195822
4208,1,21,1022.5,1013.5,Pedestrian,989.5,976.5,1390.2023234047626
4208,1,24,734.0,448.0,Pedestrian,701.0,411.0,812.6019935983421
4208,1,27,251.5,204.5,Pedestrian,218.5,167.5,275.315273822576
4208,1,43,1476.5,771.5,Pedestrian,1443.5,734.5,1619.624184803376
4208,1,78,1819.0,260.5,Pedestrian,1786.0,223.5,1799.9300680859799
4208,1,80,1172.5,547.0,Pedestrian,1139.5,510.0,1248.4231053613194
4208,1,81,50.5,228.5,Biker,17.5,191.5,192.2979459068661
4208,1,82,995.0,986.5,Pedestrian,962.0,949.5,1351.6635121212676
4209,1,2,624.0,440.0,Biker,591.0,403.0,715.3251009156606
4209,1,3,42.5,23.5,Pedestrian,9.5,-13.5,16.507574019219177
4209,1,4,34.0,78.5,Pedestrian,1.0,41.5,41.512046444375635
4209,1,6,453.0,394.5,Pedestrian,420.0,357.5,551.5489552161258
4209,1,8,1783.0,283.0,Pedestrian,1750.0,246.0,1767.2057039292285
4209,1,10,218.5,227.0,Pedestrian,185.5,190.0,265.5376621121757
4209,1,11,1867.0,970.5,Pedestrian,1834.0,933.5,2057.9062782352357
4209,1,16,212.5,192.0,Pedestrian,179.5,155.0,237.16081042195822
4209,1,21,1022.5,1013.5,Pedestrian,989.5,976.5,1390.2023234047626
4209,1,24,734.0,448.0,Pedestrian,701.0,411.0,812.6019935983421
4209,1,27,251.5,204.5,Pedestrian,218.5,167.5,275.315273822576
4209,1,43,1476.5,771.5,Pedestrian,1443.5,734.5,1619.624184803376
4209,1,78,1820.0,260.5,Pedestrian,1787.0,223.5,1800.9223331393277
4209,1,80,1169.5,546.0,Pedestrian,1136.5,509.0,1245.2763749465416
4209,1,81,50.5,227.0,Biker,17.5,190.0,190.80421903092184
4209,1,82,995.0,986.5,Pedestrian,962.0,949.5,1351.6635121212676
4210,1,2,621.0,439.0,Biker,588.0,402.0,712.2836513636965
4210,1,3,42.5,23.5,Pedestrian,9.5,-13.5,16.507574019219177
4210,1,4,34.0,78.5,Pedestrian,1.0,41.5,41.512046444375635
4210,1,6,451.0,394.5,Pedestrian,418.0,357.5,550.0274993125344
4210,1,8,1783.0,283.0,Pedestrian,1750.0,246.0,1767.2057039292285
4210,1,10,218.5,227.0,Pedestrian,185.5,190.0,265.5376621121757
4210,1,11,1869.5,973.0,Pedestrian,1836.5,936.0,2061.2686020992023
4210,1,16,212.5,192.0,Pedestrian,179.5,155.0,237.16081042195822
4210,1,21,1022.5,1013.5,Pedestrian,989.5,976.5,1390.2023234047626
4210,1,24,734.0,448.0,Pedestrian,701.0,411.0,812.6019935983421
4210,1,27,251.5,204.5,Pedestrian,218.5,167.5,275.315273822576
4210,1,43,1476.5,771.5,Pedestrian,1443.5,734.5,1619.624184803376
4210,1,78,1821.5,260.5,Pedestrian,1788.5,223.5,1802.4107467500298
4210,1,80,1167.0,546.0,Pedestrian,1134.0,509.0,1242.9951729592517
4210,1,81,50.5,227.0,Biker,17.5,190.0,190.80421903092184
4210,1,82,995.0,986.5,Pedestrian,962.0,949.5,1351.6635121212676
4211,1,2,621.0,439.0,Biker,588.0,402.0,712.2836513636965
4211,1,3,42.5,23.5,Pedestrian,9.5,-13.5,16.507574019219177
4211,1,4,34.0,78.5,Pedestrian,1.0,41.5,41.512046444375635
4211,1,6,448.0,397.0,Pedestrian,415.0,360.0,549.3860209360992
4211,1,8,1783.0,283.0,Pedestrian,1750.0,246.0,1767.2057039292285
4211,1,10,218.5,227.0,Pedestrian,185.5,190.0,265.5376621121757
4211,1,11,1869.5,973.0,Pedestrian,1836.5,936.0,2061.2686020992023
4211,1,16,212.5,192.0,Pedestrian,179.5,155.0,237.16081042195822
4211,1,21,1022.5,1013.5,Pedestrian,989.5,976.5,1390.2023234047626
4211,1,24,734.0,448.0,Pedestrian,701.0,411.0,812.6019935983421
4211,1,27,251.5,204.5,Pedestrian,218.5,167.5,275.315273822576
4211,1,43,1476.5,771.5,Pedestrian,1443.5,734.5,1619.624184803376
4211,1,78,1821.5,259.0,Pedestrian,1788.5,222.0,1802.225360491856
4211,1,80,1167.0,546.0,Pedestrian,1134.0,509.0,1242.9951729592517
4211,1,81,50.5,227.0,Biker,17.5,190.0,190.80421903092184
4211,1,82,995.0,986.5,Pedestrian,962.0,949.5,1351.6635121212676
4212,1,2,618.5,437.0,Biker,585.5,400.0,709.0911436479798
4212,1,3,42.5,23.5,Pedestrian,9.5,-13.5,16.507574019219177
4212,1,4,34.0,78.5,Pedestrian,1.0,41.5,41.512046444375635
4212,1,6,448.0,397.0,Pedestrian,415.0,360.0,549.3860209360992
4212,1,8,1784.5,283.0,Pedestrian,1751.5,246.0,1768.6911120939121
4212,1,10,218.5,227.0,Pedestrian,185.5,190.0,265.5376621121757
4212,1,11,1869.5,975.0,Pedestrian,1836.5,938.0,2062.177550551843
4212,1,16,212.5,192.0,Pedestrian,179.5,155.0,237.16081042195822
4212,1,21,1022.5,1013.5,Pedestrian,989.5,976.5,1390.2023234047626
4212,1,24,731.0,448.0,Pedestrian,698.0,411.0,810.0154319517623
4212,1,27,251.5,204.5,Pedestrian,218.5,167.5,275.315273822576
4212,1,43,1476.5,771.5,Pedestrian,1443.5,734.5,1619.624184803376
4212,1,78,1821.5,259.0,Pedestrian,1788.5,222.0,1802.225360491856
4212,1,80,1164.5,546.0,Pedestrian,1131.5,509.0,1240.714814129339
4212,1,81,50.5,226.0,Biker,17.5,189.0,189.80845608138748
4212,1,82,995.0,986.5,Pedestrian,962.0,949.5,1351.6635121212676
4213,1,2,615.5,434.5,Biker,582.5,397.5,705.2038712315751
4213,1,3,42.5,23.5,Pedestrian,9.5,-13.5,16.507574019219177
4213,1,4,34.0,78.5,Pedestrian,1.0,41.5,41.512046444375635
4213,1,6,445.0,399.0,Pedestrian,412.0,362.0,548.4414280486112
4213,1,8,1785.5,283.0,Pedestrian,1752.5,246.0,1769.6813978792907
4213,1,10,217.0,227.0,Pedestrian,184.0,190.0,264.4919658515169
4213,1,11,1869.5,975.0,Pedestrian,1836.5,938.0,2062.177550551843
4213,1,16,212.5,192.0,Pedestrian,179.5,155.0,237.16081042195822
4213,1,21,1022.5,1013.5,Pedestrian,989.5,976.5,1390.2023234047626
4213,1,24,731.0,448.0,Pedestrian,698.0,411.0,810.0154319517623
4213,1,27,251.5,204.5,Pedestrian,218.5,167.5,275.315273822576
4213,1,43,1476.5,771.5,Pedestrian,1443.5,734.5,1619.624184803376
4213,1,78,1823.0,259.0,Pedestrian,1790.0,222.0,1803.7139462786222
4213,1,80,1161.5,546.0,Pedestrian,1128.5,509.0,1237.979503061339
4213,1,81,50.5,226.0,Biker,17.5,189.0,189.80845608138748
4213,1,82,995.0,986.5,Pedestrian,962.0,949.5,1351.6635121212676
4214,1,2,615.5,432.0,Biker,582.5,395.0,703.7977337275248
4214,1,3,42.5,23.5,Pedestrian,9.5,-13.5,16.507574019219177
4214,1,4,34.0,78.5,Pedestrian,1.0,41.5,41.512046444375635
4214,1,6,442.0,399.0,Pedestrian,409.0,362.0,546.1913584083878
4214,1,8,1785.5,283.0,Pedestrian,1752.5,246.0,1769.6813978792907
4214,1,10,217.0,227.0,Pedestrian,184.0,190.0,264.4919658515169
4214,1,11,1869.5,977.5,Pedestrian,1836.5,940.5,2063.3158992262915
4214,1,16,212.5,192.0,Pedestrian,179.5,155.0,237.16081042195822
4214,1,21,1022.5,1013.5,Pedestrian,989.5,976.5,1390.2023234047626
4214,1,24,731.0,448.0,Pedestrian,698.0,411.0,810.0154319517623
4214,1,27,251.5,204.5,Pedestrian,218.5,167.5,275.315273822576
4214,1,43,1476.5,771.5,Pedestrian,1443.5,734.5,1619.624184803376
4214,1,78,1824.0,259.0,Pedestrian,1791.0,222.0,1804.7063473041812
4214,1,80,1161.5,546.0,Pedestrian,1128.5,509.0,1237.979503061339
4214,1,81,50.5,226.0,Biker,17.5,189.0,189.80845608138748
4214,1,82,995.0,986.5,Pedestrian,962.0,949.5,1351.6635121212676
4215,1,2,613.0,430.0,Biker,580.0,393.0,700.6061661161712
4215,1,3,42.5,23.5,Pedestrian,9.5,-13.5,16.507574019219177
4215,1,4,34.0,78.5,Pedestrian,1.0,41.5,41.512046444375635
4215,1,6,442.0,401.5,Pedestrian,409.0,364.5,547.8514853498164
4215,1,8,1785.5,283.0,Pedestrian,1752.5,246.0,1769.6813978792907
4215,1,10,217.0,227.0,Pedestrian,184.0,190.0,264.4919658515169
4215,1,11,1869.5,980.0,Pedestrian,1836.5,943.0,2064.456647643636
4215,1,16,212.5,192.0,Pedestrian,179.5,155.0,237.16081042195822
4215,1,21,1022.5,1013.5,Pedestrian,989.5,976.5,1390.2023234047626
4215,1,24,731.0,448.0,Pedestrian,698.0,411.0,810.0154319517623
4215,1,27,251.5,204.5,Pedestrian,218.5,167.5,275.315273822576
4215,1,43,1477.5,771.5,Pedestrian,1444.5,734.5,1620.5155043997574
4215,1,78,1824.0,259.0,Pedestrian,1791.0,222.0,1804.7063473041812
4215,1,80,1158.5,546.0,Pedestrian,1125.5,509.0,1235.2454209589282
4215,1,81,50.5,225.0,Biker,17.5,188.0,188.81273791775808
4215,1,82,995.0,986.5,Pedestrian,962.0,949.5,1351.6635121212676
4216,1,2,613.0,430.0,Biker,580.0,393.0,700.6061661161712
4216,1,3,42.5,23.5,Pedestrian,9.5,-13.5,16.507574019219177
4216,1,4,34.0,78.5,Pedestrian,1.0,41.5,41.512046444375635
4216,1,6,440.0,401.5,Pedestrian,407.0,364.5,546.360000366059
4216,1,8,1788.5,283.0,Pedestrian,1755.5,246.0,1772.6523206765619
4216,1,10,217.0,227.0,Pedestrian,184.0,190.0,264.4919658515169
4216,1,11,1869.5,980.0,Pedestrian,1836.5,943.0,2064.456647643636
4216,1,16,212.5,192.0,Pedestrian,179.5,155.0,237.16081042195822
4216,1,21,1022.5,1013.5,Pedestrian,989.5,976.5,1390.2023234047626
4216,1,24,731.0,448.0,Pedestrian,698.0,411.0,810.0154319517623
4216,1,27,251.5,204.5,Pedestrian,218.5,167.5,275.315273822576
4216,1,43,1477.5,771.5,Pedestrian,1444.5,734.5,1620.5155043997574
4216,1,78,1824.0,259.0,Pedestrian,1791.0,222.0,1804.7063473041812
4216,1,80,1156.0,545.0,Pedestrian,1123.0,508.0,1232.5554754249401
4216,1,81,50.5,225.0,Biker,17.5,188.0,188.81273791775808
4216,1,82,995.0,986.5,Pedestrian,962.0,949.5,1351.6635121212676
4217,1,2,610.0,427.5,Biker,577.0,390.5,696.7203527958688
4217,1,3,42.5,23.5,Pedestrian,9.5,-13.5,16.507574019219177
4217,1,4,34.0,78.5,Pedestrian,1.0,41.5,41.512046444375635
4217,1,6,440.0,403.5,Pedestrian,407.0,366.5,547.6963118371348
4217,1,8,1788.5,283.0,Pedestrian,1755.5,246.0,1772.6523206765619
4217,1,10,217.0,227.0,Pedestrian,184.0,190.0,264.4919658515169
4217,1,11,1869.5,982.0,Pedestrian,1836.5,945.0,2065.370971520613
4217,1,16,212.5,192.0,Pedestrian,179.5,155.0,237.16081042195822
4217,1,21,1022.5,1013.5,Pedestrian,989.5,976.5,1390.2023234047626
4217,1,24,728.5,448.0,Pedestrian,695.5,411.0,807.8621478940574
4217,1,27,251.5,204.5,Pedestrian,218.5,167.5,275.315273822576
4217,1,43,1477.5,771.5,Pedestrian,1444.5,734.5,1620.5155043997574
4217,1,78,1824.0,259.0,Pedestrian,1791.0,222.0,1804.7063473041812
4217,1,80,1156.0,545.0,Pedestrian,1123.0,508.0,1232.5554754249401
4217,1,81,50.5,223.5,Biker,17.5,186.5,187.319246208178
4217,1,82,995.0,986.5,Pedestrian,962.0,949.5,1351.6635121212676
4218,1,2,607.5,425.0,Biker,574.5,388.0,693.2490533711532
4218,1,3,42.5,23.5,Pedestrian,9.5,-13.5,16.507574019219177
4218,1,4,34.0,78.5,Pedestrian,1.0,41.5,41.512046444375635
4218,1,6,437.0,403.5,Pedestrian,404.0,366.5,545.4706683223214
4218,1,8,1788.5,283.0,Pedestrian,1755.5,246.0,1772.6523206765619
4218,1,10,217.0,227.0,Pedestrian,184.0,190.0,264.4919658515169
4218,1,11,1869.5,982.0,Pedestrian,1836.5,945.0,2065.370971520613
4218,1,16,212.5,192.0,Pedestrian,179.5,155.0,237.16081042195822
4218,1,21,1022.5,1013.5,Pedestrian,989.5,976.5,1390.2023234047626
4218,1,24,728.5,448.0,Pedestrian,695.5,411.0,807.8621478940574
4218,1,27,251.5,204.5,Pedestrian,218.5,167.5,275.315273822576
4218,1,43,1477.5,771.5,Pedestrian,1444.5,734.5,1620.5155043997574
4218,1,78,1827.0,257.5,Pedestrian,1794.0,220.5,1807.5
4218,1,80,1153.5,545.0,Pedestrian,1120.5,508.0,1230.2781189633506
4218,1,81,50.5,223.5,Biker,17.5,186.5,187.319246208178
4218,1,82,995.0,986.5,Pedestrian,962.0,949.5,1351.6635121212676
4219,1,2,607.5,423.0,Biker,574.5,386.0,692.1316709990954
4219,1,3,42.5,23.5,Pedestrian,9.5,-13.5,16.507574019219177
4219,1,4,34.0,78.5,Pedestrian,1.0,41.5,41.512046444375635
4219,1,6,434.0,406.0,Pedestrian,401.0,369.0,544.9421987697411
4219,1,8,1791.5,283.0,Pedestrian,1758.5,246.0,1775.6233412523052
4219,1,10,217.0,227.0,Pedestrian,184.0,190.0,264.4919658515169
4219,1,11,1869.5,984.5,Pedestrian,1836.5,947.5,2066.5160294563407
4219,1,16,212.5,192.0,Pedestrian,179.5,155.0,237.16081042195822
4219,1,21,1022.5,1013.5,Pedestrian,989.5,976.5,1390.2023234047626
4219,1,24,728.5,448.0,Pedestrian,695.5,411.0,807.8621478940574
4219,1,27,251.5,204.5,Pedestrian,218.5,167.5,275.315273822576
4219,1,43,1477.5,771.5,Pedestrian,1444.5,734.5,1620.5155043997574
4219,1,78,1827.0,257.5,Pedestrian,1794.0,220.5,1807.5
4219,1,80,1150.5,545.0,Pedestrian,1117.5,508.0,1227.546434966922
4219,1,81,50.5,223.5,Biker,17.5,186.5,187.319246208178
4219,1,82,995.0,986.5,Pedestrian,962.0,949.5,1351.6635121212676
4220,1,2,604.5,422.0,Biker,571.5,385.0,689.0843562293371
4220,1,3,42.5,23.5,Pedestrian,9.5,-13.5,16.507574019219177
4220,1,4,34.0,78.5,Pedestrian,1.0,41.5,41.512046444375635
4220,1,6,434.0,406.0,Pedestrian,401.0,369.0,544.9421987697411
4220,1,8,1791.5,283.0,Pedestrian,1758.5,246.0,1775.6233412523052
4220,1,10,217.0,227.0,Pedestrian,184.0,190.0,264.4919658515169
4220,1,11,1869.5,986.5,Pedestrian,1836.5,949.5,2067.4337957961316
4220,1,16,212.5,192.0,Pedestrian,179.5,155.0,237.16081042195822
4220,1,21,1022.5,1013.5,Pedestrian,989.5,976.5,1390.2023234047626
4220,1,24,728.5,448.0,Pedestrian,695.5,411.0,807.8621478940574
4220,1,27,251.5,204.5,Pedestrian,218.5,167.5,275.315273822576
4220,1,43,1477.5,771.5,Pedestrian,1444.5,734.5,1620.5155043997574
4220,1,78,1827.0,257.5,Pedestrian,1794.0,220.5,1807.5
4220,1,80,1150.5,545.0,Pedestrian,1117.5,508.0,1227.546434966922
4220,1,81,50.5,222.5,Biker,17.5,185.5,186.3236431588863
4220,1,82,995.0,986.5,Pedestrian,962.0,949.5,1351.6635121212676
4221,1,2,604.5,421.0,Biker,571.5,384.0,688.5261432945013
4221,1,3,42.5,23.5,Pedestrian,9.5,-13.5,16.507574019219177
4221,1,4,34.0,78.5,Pedestrian,1.0,41.5,41.512046444375635
4221,1,6,431.0,408.0,Pedestrian,398.0,371.0,544.1001746002293
4221,1,8,1791.5,283.0,Pedestrian,1758.5,246.0,1775.6233412523052
4221,1,10,217.0,227.0,Pedestrian,184.0,190.0,264.4919658515169
4221,1,11,1869.5,986.5,Pedestrian,1836.5,949.5,2067.4337957961316
4221,1,16,212.5,192.0,Pedestrian,179.5,155.0,237.16081042195822
4221,1,21,1022.5,1013.5,Pedestrian,989.5,976.5,1390.2023234047626
4221,1,24,728.5,448.0,Pedestrian,695.5,411.0,807.8621478940574
4221,1,27,251.5,204.5,Pedestrian,218.5,167.5,275.315273822576
4221,1,43,1477.5,771.5,Pedestrian,1444.5,734.5,1620.5155043997574
4221,1,78,1827.0,257.5,Pedestrian,1794.0,220.5,1807.5
4221,1,80,1147.5,545.0,Pedestrian,1114.5,508.0,1224.8160065903776
4221,1,81,50.5,222.5,Biker,17.5,185.5,186.3236431588863
4221,1,82,995.0,986.5,Pedestrian,962.0,949.5,1351.6635121212676
4222,1,2,602.0,418.5,Biker,569.0,381.5,685.0571144072587
4222,1,3,42.5,23.5,Pedestrian,9.5,-13.5,16.507574019219177
4222,1,4,34.0,78.5,Pedestrian,1.0,41.5,41.512046444375635
4222,1,6,429.0,408.0,Pedestrian,396.0,371.0,542.6389223046942
4222,1,8,1792.5,283.0,Pedestrian,1759.5,246.0,1776.6137030879843
4222,1,10,217.0,227.0,Pedestrian,184.0,190.0,264.4919658515169
4222,1,11,1869.5,989.0,Pedestrian,1836.5,952.0,2068.5831503712875
4222,1,16,212.5,192.0,Pedestrian,179.5,155.0,237.16081042195822
4222,1,21,1022.5,1013.5,Pedestrian,989.5,976.5,1390.2023234047626
4222,1,24,728.5,448.0,Pedestrian,695.5,411.0,807.8621478940574
4222,1,27,251.5,204.5,Pedestrian,218.5,167.5,275.315273822576
4222,1,43,1477.5,771.5,Pedestrian,1444.5,734.5,1620.5155043997574
4222,1,78,1830.0,257.5,Pedestrian,1797.0,220.5,1810.477630350621
4222,1,80,1147.5,545.0,Pedestrian,1114.5,508.0,1224.8160065903776
4222,1,81,50.5,222.5,Biker,17.5,185.5,186.3236431588863
4222,1,82,995.0,986.5,Pedestrian,962.0,949.5,1351.6635121212676
4223,1,2,599.0,416.0,Biker,566.0,379.0,681.1732525576734
4223,1,3,42.5,23.5,Pedestrian,9.5,-13.5,16.507574019219177
4223,1,4,34.0,78.5,Pedestrian,1.0,41.5,41.512046444375635
4223,1,6,429.0,410.5,Pedestrian,396.0,373.5,544.3512193428063
4223,1,8,1794.0,283.0,Pedestrian,1761.0,246.0,1778.0992660703732
4223,1,10,217.0,227.0,Pedestrian,184.0,190.0,264.4919658515169
4223,1,11,1869.5,989.0,Pedestrian,1836.5,952.0,2068.5831503712875
4223,1,16,212.5,192.0,Pedestrian,179.5,155.0,237.16081042195822
4223,1,21,1022.5,1013.5,Pedestrian,989.5,976.5,1390.2023234047626
4223,1,24,725.5,448.0,Pedestrian,692.5,411.0,805.2808516287967
4223,1,27,251.5,204.5,Pedestrian,218.5,167.5,275.315273822576
4223,1,43,1477.5,771.5,Pedestrian,1444.5,734.5,1620.5155043997574
4223,1,78,1830.0,257.5,Pedestrian,1797.0,220.5,1810.477630350621
4223,1,80,1145.0,544.0,Pedestrian,1112.0,507.0,1222.1264255387002
4223,1,81,49.5,221.5,Biker,16.5,184.5,185.23633552842705
4223,1,82,995.0,986.5,Pedestrian,962.0,949.5,1351.6635121212676
4224,1,2,599.0,415.0,Biker,566.0,378.0,680.6173668075184
4224,1,3,42.5,23.5,Pedestrian,9.5,-13.5,16.507574019219177
4224,1,4,34.0,78.5,Pedestrian,1.0,41.5,41.512046444375635
4224,1,6,426.0,410.5,Pedestrian,393.0,373.5,542.172712334363
4224,1,8,1794.0,283.0,Pedestrian,1761.0,246.0,1778.0992660703732
4224,1,10,217.0,227.0,Pedestrian,184.0,190.0,264.4919658515169
4224,1,11,1869.5,991.0,Pedestrian,1836.5,954.0,2069.5043488719707
4224,1,16,212.5,192.0,Pedestrian,179.5,155.0,237.16081042195822
4224,1,21,1022.5,1013.5,Pedestrian,989.5,976.5,1390.2023234047626
4224,1,24,725.5,448.0,Pedestrian,692.5,411.0,805.2808516287967
4224,1,27,251.5,204.5,Pedestrian,218.5,167.5,275.315273822576
4224,1,43,1477.5,771.5,Pedestrian,1444.5,734.5,1620.5155043997574
4224,1,78,1830.0,257.5,Pedestrian,1797.0,220.5,1810.477630350621
4224,1,80,1142.5,544.0,Pedestrian,1109.5,507.0,1219.8521426795953
4224,1,81,49.5,221.5,Biker,16.5,184.5,185.23633552842705
4224,1,82,995.0,986.5,Pedestrian,962.0,949.5,1351.6635121212676
4225,1,2,596.5,413.0,Biker,563.5,376.0,677.4276714159232
4225,1,3,42.5,23.5,Pedestrian,9.5,-13.5,16.507574019219177
4225,1,4,34.0,78.5,Pedestrian,1.0,41.5,41.512046444375635
4225,1,6,426.0,413.0,Pedestrian,393.0,376.0,543.8979683727455
4225,1,8,1795.5,283.0,Pedestrian,1762.5,246.0,1779.5848532733694
4225,1,10,217.0,227.0,Pedestrian,184.0,190.0,264.4919658515169
4225,1,11,1869.5,993.5,Pedestrian,1836.5,956.5,2070.6579872108287
4225,1,16,212.5,192.0,Pedestrian,179.5,155.0,237.16081042195822
4225,1,21,1022.5,1013.5,Pedestrian,989.5,976.5,1390.2023234047626
4225,1,24,725.5,448.0,Pedestrian,692.5,411.0,805.2808516287967
4225,1,27,251.5,204.5,Pedestrian,218.5,167.5,275.315273822576
4225,1,43,1477.5,771.5,Pedestrian,1444.5,734.5,1620.5155043997574
4225,1,78,1830.0,257.5,Pedestrian,1797.0,220.5,1810.477630350621
4225,1,80,1142.5,544.0,Pedestrian,1109.5,507.0,1219.8521426795953
4225,1,81,49.5,221.5,Biker,16.5,184.5,185.23633552842705
4225,1,82,995.0,986.5,Pedestrian,962.0,949.5,1351.6635121212676
4226,1,2,596.5,411.5,Biker,563.5,374.5,676.5962607050086
4226,1,3,42.5,23.5,Pedestrian,9.5,-13.5,16.507574019219177
4226,1,4,34.0,78.5,Pedestrian,1.0,41.5,41.512046444375635
4226,1,6,423.0,413.0,Pedestrian,390.0,376.0,541.7342521938224
4226,1,8,1796.5,283.0,Pedestrian,1763.5,246.0,1780.5752581679887
4226,1,10,217.0,227.0,Pedestrian,184.0,190.0,264.4919658515169
4226,1,11,1869.5,993.5,Pedestrian,1836.5,956.5,2070.6579872108287
4226,1,16,212.5,192.0,Pedestrian,179.5,155.0,237.16081042195822
4226,1,21,1022.5,1013.5,Pedestrian,989.5,976.5,1390.2023234047626
4226,1,24,725.5,448.0,Pedestrian,692.5,411.0,805.2808516287967
4226,1,27,251.5,204.5,Pedestrian,218.5,167.5,275.315273822576
4226,1,43,1477.5,771.5,Pedestrian,1444.5,734.5,1620.5155043997574
4226,1,78,1832.5,256.5,Pedestrian,1799.5,219.5,1812.8376926796286
4226,1,80,1139.5,544.0,Pedestrian,1106.5,507.0,1217.1241719726052
4226,1,81,49.5,220.5,Biker,16.5,183.5,184.2403321751239
4226,1,82,995.0,986.5,Pedestrian,962.0,949.5,1351.6635121212676
4227,1,2,593.5,409.5,Biker,560.5,372.5,672.9907131602931
4227,1,3,42.5,23.5,Pedestrian,9.5,-13.5,16.507574019219177
4227,1,4,34.0,78.5,Pedestrian,1.0,41.5,41.512046444375635
4227,1,6,420.0,415.0,Pedestrian,387.0,378.0,540.9741213773539
4227,1,8,1796.5,283.0,Pedestrian,1763.5,246.0,1780.5752581679887
4227,1,10,217.0,227.0,Pedestrian,184.0,190.0,264.4919658515169
4227,1,11,1869.5,995.5,Pedestrian,1836.5,958.5,2071.5826075732534
4227,1,16,212.5,192.0,Pedestrian,179.5,155.0,237.16081042195822
4227,1,21,1022.5,1013.5,Pedestrian,989.5,976.5,1390.2023234047626
4227,1,24,725.5,448.0,Pedestrian,692.5,411.0,805.2808516287967
4227,1,27,251.5,204.5,Pedestrian,218.5,167.5,275.315273822576
4227,1,43,1477.5,771.5,Pedestrian,1444.5,734.5,1620.5155043997574
4227,1,78,1832.5,256.5,Pedestrian,1799.5,219.5,1812.8376926796286
4227,1,80,1136.5,542.5,Pedestrian,1103.5,505.5,1213.7720131886383
4227,1,81,49.5,220.5,Biker,16.5,183.5,184.2403321751239
4227,1,82,995.0,986.5,Pedestrian,962.0,949.5,1351.6635121212676
4228,1,2,593.5,408.0,Biker,560.5,371.0,672.1616249087715
4228,1,3,42.5,23.5,Pedestrian,9.5,-13.5,16.507574019219177
4228,1,4,34.0,78.5,Pedestrian,1.0,41.5,41.512046444375635
4228,1,6,420.0,415.0,Pedestrian,387.0,378.0,540.9741213773539
4228,1,8,1796.5,283.0,Pedestrian,1763.5,246.0,1780.5752581679887
4228,1,10,218.0,227.0,Pedestrian,185.0,190.0,265.1886121235224
4228,1,11,1869.5,995.5,Pedestrian,1836.5,958.5,2071.5826075732534
4228,1,16,212.5,192.0,Pedestrian,179.5,155.0,237.16081042195822
4228,1,21,1022.5,1013.5,Pedestrian,989.5,976.5,1390.2023234047626
4228,1,24,723.0,448.0,Pedestrian,690.0,411.0,803.1319941329695
4228,1,27,252.5,204.5,Pedestrian,219.5,167.5,276.1095796961779
4228,1,43,1477.5,771.5,Pedestrian,1444.5,734.5,1620.5155043997574
4228,1,78,1832.5,256.5,Pedestrian,1799.5,219.5,1812.8376926796286
4228,1,80,1136.5,542.5,Pedestrian,1103.5,505.5,1213.7720131886383
4228,1,81,49.5,219.5,Biker,16.5,182.5,183.24437235560606
4228,1,82,995.0,986.5,Pedestrian,962.0,949.5,1351.6635121212676
4229,1,2,591.0,406.0,Biker,558.0,369.0,668.9730936293328
4229,1,3,42.5,23.5,Pedestrian,9.5,-13.5,16.507574019219177
4229,1,4,34.0,78.5,Pedestrian,1.0,41.5,41.512046444375635
4229,1,6,418.0,417.5,Pedestrian,385.0,380.5,541.2995935708801
4229,1,8,1799.5,280.5,Pedestrian,1766.5,243.5,1783.2034376368838
4229,1,10,218.0,227.0,Pedestrian,185.0,190.0,265.1886121235224
4229,1,11,1869.5,998.0,Pedestrian,1836.5,961.0,2072.74051680378
4229,1,16,212.5,192.0,Pedestrian,179.5,155.0,237.16081042195822
4229,1,21,1022.5,1013.5,Pedestrian,989.5,976.5,1390.2023234047626
4229,1,24,723.0,448.0,Pedestrian,690.0,411.0,803.1319941329695
4229,1,27,252.5,204.5,Pedestrian,219.5,167.5,276.1095796961779
4229,1,43,1477.5,771.5,Pedestrian,1444.5,734.5,1620.5155043997574
4229,1,78,1832.5,256.5,Pedestrian,1799.5,219.5,1812.8376926796286
4229,1,80,1134.0,542.5,Pedestrian,1101.0,505.5,1211.4995872884151
4229,1,81,49.5,219.5,Biker,16.5,182.5,183.24437235560606
4229,1,82,995.0,986.5,Pedestrian,962.0,949.5,1351.6635121212676
4230,1,2,588.0,404.0,Biker,555.0,367.0,665.3675675895241
4230,1,3,42.5,23.5,Pedestrian,9.5,-13.5,16.507574019219177
4230,1,4,34.0,78.5,Pedestrian,1.0,41.5,41.512046444375635
4230,1,6,418.0,419.5,Pedestrian,385.0,382.5,542.7073336523102
4230,1,8,1799.5,280.5,Pedestrian,1766.5,243.5,1783.2034376368838
4230,1,10,218.0,227.0,Pedestrian,185.0,190.0,265.1886121235224
4230,1,11,1872.5,1000.5,Pedestrian,1839.5,963.5,2076.557848941368
4230,1,16,212.5,192.0,Pedestrian,179.5,155.0,237.16081042195822
4230,1,21,1022.5,1013.5,Pedestrian,989.5,976.5,1390.2023234047626
4230,1,24,723.0,448.0,Pedestrian,690.0,411.0,803.1319941329695
4230,1,27,252.5,204.5,Pedestrian,219.5,167.5,276.1095796961779
4230,1,43,1477.5,771.5,Pedestrian,1444.5,734.5,1620.5155043997574
4230,1,78,1833.5,256.5,Pedestrian,1800.5,219.5,1813.830339364738
4230,1,80,1131.5,542.5,Pedestrian,1098.5,505.5,1209.2280595487355
4230,1,81,49.5,219.5,Biker,16.5,182.5,183.24437235560606
4230,1,82,995.0,986.5,Pedestrian,962.0,949.5,1351.6635121212676
4231,1,2,588.0,402.5,Biker,555.0,365.5,664.5413832110081
4231,1,3,42.5,23.5,Pedestrian,9.5,-13.5,16.507574019219177
4231,1,4,34.0,78.5,Pedestrian,1.0,41.5,41.512046444375635
4231,1,6,415.0,419.5,Pedestrian,382.0,382.5,540.5832498329929
4231,1,8,1799.5,280.5,Pedestrian,1766.5,243.5,1783.2034376368838
4231,1,10,218.0,227.0,Pedestrian,185.0,190.0,265.1886121235224
4231,1,11,1872.5,1000.5,Pedestrian,1839.5,963.5,2076.557848941368
4231,1,16,212.5,192.0,Pedestrian,179.5,155.0,237.16081042195822
4231,1,21,1022.5,1013.5,Pedestrian,989.5,976.5,1390.2023234047626
4231,1,24,723.0,448.0,Pedestrian,690.0,411.0,803.1319941329695
4231,1,27,252.5,204.5,Pedestrian,219.5,167.5,276.1095796961779
4231,1,43,1477.5,771.5,Pedestrian,1444.5,734.5,1620.5155043997574
4231,1,78,1835.0,256.5,Pedestrian,1802.0,219.5,1815.3193245266796
4231,1,80,1131.5,542.5,Pedestrian,1098.5,505.5,1209.2280595487355
4231,1,81,49.5,218.0,Biker,16.5,181.0,181.75051581769995
4231,1,82,995.0,986.5,Pedestrian,962.0,949.5,1351.6635121212676
4232,1,2,585.5,401.0,Biker,552.5,364.0,661.6284833650982
4232,1,3,42.5,23.5,Pedestrian,9.5,-13.5,16.507574019219177
4232,1,4,34.0,78.5,Pedestrian,1.0,41.5,41.512046444375635
4232,1,6,412.0,422.0,Pedestrian,379.0,385.0,540.2462401535063
4232,1,8,1802.5,280.5,Pedestrian,1769.5,243.5,1786.1753833260607
4232,1,10,218.0,227.0,Pedestrian,185.0,190.0,265.1886121235224
4232,1,11,1872.5,1002.5,Pedestrian,1839.5,965.5,2077.486582387477
4232,1,16,212.5,192.0,Pedestrian,179.5,155.0,237.16081042195822
4232,1,21,1022.5,1013.5,Pedestrian,989.5,976.5,1390.2023234047626
4232,1,24,723.0,448.0,Pedestrian,690.0,411.0,803.1319941329695
4232,1,27,252.5,204.5,Pedestrian,219.5,167.5,276.1095796961779
4232,1,43,1477.5,771.5,Pedestrian,1444.5,734.5,1620.5155043997574
4232,1,78,1835.0,255.5,Pedestrian,1802.0,218.5,1815.1986805856818
4232,1,80,1128.5,542.5,Pedestrian,1095.5,505.5,1206.5034189756777
4232,1,81,49.5,218.0,Biker,16.5,181.0,181.75051581769995
4232,1,82,995.0,986.5,Pedestrian,962.0,949.5,1351.6635121212676
4233,1,2,585.5,399.0,Biker,552.5,362.0,660.5302793967888
4233,1,3,42.5,23.5,Pedestrian,9.5,-13.5,16.507574019219177
4233,1,4,34.0,78.5,Pedestrian,1.0,41.5,41.512046444375635
4233,1,6,412.0,424.0,Pedestrian,379.0,387.0,541.6733332923081
4233,1,8,1802.5,280.5,Pedestrian,1769.5,243.5,1786.1753833260607
4233,1,10,218.0,227.0,Pedestrian,185.0,190.0,265.1886121235224
4233,1,11,1872.5,1005.0,Pedestrian,1839.5,968.0,2078.6496217496588
4233,1,16,212.5,192.0,Pedestrian,179.5,155.0,237.16081042195822
4233,1,21,1022.5,1013.5,Pedestrian,989.5,976.5,1390.2023234047626
4233,1,24,720.0,448.0,Pedestrian,687.0,411.0,800.5560567505563
4233,1,27,252.5,204.5,Pedestrian,219.5,167.5,276.1095796961779
4233,1,43,1477.5,771.5,Pedestrian,1444.5,734.5,1620.5155043997574
4233,1,78,1835.0,255.5,Pedestrian,1802.0,218.5,1815.1986805856818
4233,1,80,1125.5,542.5,Pedestrian,1092.5,505.5,1203.7800878898106
4233,1,81,49.5,218.0,Biker,16.5,181.0,181.75051581769995
4233,1,82,995.0,986.5,Pedestrian,962.0,949.5,1351.6635121212676
4234,1,2,582.5,397.0,Biker,549.5,360.0,656.924843494292
4234,1,3,42.5,23.5,Pedestrian,9.5,-13.5,16.507574019219177
4234,1,4,34.0,78.5,Pedestrian,1.0,41.5,41.512046444375635
4234,1,6,409.0,424.0,Pedestrian,376.0,387.0,539.5785392322418
4234,1,8,1802.5,280.5,Pedestrian,1769.5,243.5,1786.1753833260607
4234,1,10,218.0,227.0,Pedestrian,185.0,190.0,265.1886121235224
4234,1,11,1872.5,1005.0,Pedestrian,1839.5,968.0,2078.6496217496588
4234,1,16,212.5,192.0,Pedestrian,179.5,155.0,237.16081042195822
4234,1,21,1022.5,1013.5,Pedestrian,989.5,976.5,1390.2023234047626
4234,1,24,720.0,448.0,Pedestrian,687.0,411.0,800.5560567505563
4234,1,27,252.5,204.5,Pedestrian,219.5,167.5,276.1095796961779
4234,1,43,1477.5,771.5,Pedestrian,1444.5,734.5,1620.5155043997574
4234,1,78,1836.5,255.5,Pedestrian,1803.5,218.5,1816.687782751896
4234,1,80,1125.5,542.5,Pedestrian,1092.5,505.5,1203.7800878898106
4234,1,81,49.5,217.0,Biker,16.5,180.0,180.75466798951555
4234,1,82,995.0,986.5,Pedestrian,962.0,949.5,1351.6635121212676
4235,1,2,580.0,395.0,Biker,547.0,358.0,653.737714989735
4235,1,3,42.5,23.5,Pedestrian,9.5,-13.5,16.507574019219177
4235,1,4,34.0,78.5,Pedestrian,1.0,41.5,41.512046444375635
4235,1,6,409.0,426.5,Pedestrian,376.0,389.5,541.3744083349342
4235,1,8,1803.5,280.5,Pedestrian,1770.5,243.5,1787.1660527214588
4235,1,10,218.0,227.0,Pedestrian,185.0,190.0,265.1886121235224
4235,1,11,1872.5,1007.0,Pedestrian,1839.5,970.0,2079.581748813929
4235,1,16,212.5,192.0,Pedestrian,179.5,155.0,237.16081042195822
4235,1,21,1022.5,1013.5,Pedestrian,989.5,976.5,1390.2023234047626
4235,1,24,720.0,448.0,Pedestrian,687.0,411.0,800.5560567505563
4235,1,27,252.5,204.5,Pedestrian,219.5,167.5,276.1095796961779
4235,1,43,1477.5,771.5,Pedestrian,1444.5,734.5,1620.5155043997574
4235,1,78,1838.0,255.5,Pedestrian,1805.0,218.5,1818.1769028342649
4235,1,80,1123.0,542.5,Pedestrian,1090.0,505.5,1201.5116520450395
4235,1,81,49.5,217.0,Biker,16.5,180.0,180.75466798951555
4235,1,82,995.0,986.5,Pedestrian,962.0,949.5,1351.6635121212676
4236,1,2,580.0,395.0,Biker,547.0,358.0,653.737714989735
4236,1,3,42.5,23.5,Pedestrian,9.5,-13.5,16.507574019219177
4236,1,4,34.0,78.5,Pedestrian,1.0,41.5,41.512046444375635
4236,1,6,407.0,428.5,Pedestrian,374.0,391.5,541.4316669719273
4236,1,8,1805.0,280.5,Pedestrian,1772.0,243.5,1788.6520762853797
4236,1,10,218.0,227.0,Pedestrian,185.0,190.0,265.1886121235224
4236,1,11,1872.5,1009.5,Pedestrian,1839.5,972.5,2080.74902378927
4236,1,16,212.5,192.0,Pedestrian,179.5,155.0,237.16081042195822
4236,1,21,1022.5,1013.5,Pedestrian,989.5,976.5,1390.2023234047626
4236,1,24,720.0,448.0,Pedestrian,687.0,411.0,800.5560567505563
4236,1,27,252.5,204.5,Pedestrian,219.5,167.5,276.1095796961779
4236,1,43,1477.5,771.5,Pedestrian,1444.5,734.5,1620.5155043997574
4236,1,78,1838.0,255.5,Pedestrian,1805.0,218.5,1818.1769028342649
4236,1,80,1123.0,542.5,Pedestrian,1090.0,505.5,1201.5116520450395
4236,1,81,49.5,217.0,Biker,16.5,180.0,180.75466798951555
4236,1,82,995.0,986.5,Pedestrian,962.0,949.5,1351.6635121212676
4237,1,2,577.0,392.0,Biker,544.0,355.0,649.5852522956475
4237,1,3,42.5,23.5,Pedestrian,9.5,-13.5,16.507574019219177
4237,1,4,34.0,78.5,Pedestrian,1.0,41.5,41.512046444375635
4237,1,6,407.0,428.5,Pedestrian,374.0,391.5,541.4316669719273
4237,1,8,1805.0,280.5,Pedestrian,1772.0,243.5,1788.6520762853797
4237,1,10,218.0,227.0,Pedestrian,185.0,190.0,265.1886121235224
4237,1,11,1872.5,1009.5,Pedestrian,1839.5,972.5,2080.74902378927
4237,1,16,212.5,192.0,Pedestrian,179.5,155.0,237.16081042195822
4237,1,21,1022.5,1013.5,Pedestrian,989.5,976.5,1390.2023234047626
4237,1,24,720.0,448.0,Pedestrian,687.0,411.0,800.5560567505563
4237,1,27,252.5,204.5,Pedestrian,219.5,167.5,276.1095796961779
4237,1,43,1477.5,771.5,Pedestrian,1444.5,734.5,1620.5155043997574
4237,1,78,1838.0,255.5,Pedestrian,1805.0,218.5,1818.1769028342649
4237,1,80,1120.5,541.0,Pedestrian,1087.5,504.0,1198.6126355082363
4237,1,81,49.5,216.0,Biker,16.5,179.0,179.7588662625574
4237,1,82,995.0,986.5,Pedestrian,962.0,949.5,1351.6635121212676
4238,1,2,577.0,390.0,Biker,544.0,353.0,648.494410153241
4238,1,3,42.5,23.5,Pedestrian,9.5,-13.5,16.507574019219177
4238,1,4,34.0,78.5,Pedestrian,1.0,41.5,41.512046444375635
4238,1,6,404.0,431.0,Pedestrian,371.0,394.0,541.1811157089649
4238,1,8,1806.5,280.5,Pedestrian,1773.5,243.5,1790.1381231625676
4238,1,10,218.0,227.0,Pedestrian,185.0,190.0,265.1886121235224
4238,1,11,1872.5,1011.5,Pedestrian,1839.5,974.5,2081.6845342174206
4238,1,16,212.5,192.0,Pedestrian,179.5,155.0,237.16081042195822
4238,1,21,1022.5,1013.5,Pedestrian,989.5,976.5,1390.2023234047626
4238,1,24,717.5,448.0,Pedestrian,684.5,411.0,798.4117045735239
4238,1,27,252.5,204.5,Pedestrian,219.5,167.5,276.1095796961779
4238,1,43,1477.5,771.5,Pedestrian,1444.5,734.5,1620.5155043997574
4238,1,78,1839.5,255.5,Pedestrian,1806.5,218.5,1819.6660407888037
4238,1,80,1117.5,541.0,Pedestrian,1084.5,504.0,1195.891403932648
4238,1,81,49.5,216.0,Biker,16.5,179.0,179.7588662625574
4238,1,82,995.0,986.5,Pedestrian,962.0,949.5,1351.6635121212676
4239,1,2,574.5,388.0,Biker,541.5,351.0,645.3086470829288
4239,1,3,42.5,23.5,Pedestrian,9.5,-13.5,16.507574019219177
4239,1,4,34.0,78.5,Pedestrian,1.0,41.5,41.512046444375635
4239,1,6,404.0,433.5,Pedestrian,371.0,396.5,543.0039134297284
4239,1,8,1807.5,280.5,Pedestrian,1774.5,243.5,1791.1288340038525
4239,1,10,218.0,227.0,Pedestrian,185.0,190.0,265.1886121235224
4239,1,11,1872.5,1014.0,Pedestrian,1839.5,977.0,2082.8560319906896
4239,1,16,212.5,192.0,Pedestrian,179.5,155.0,237.16081042195822
4239,1,21,1022.5,1013.5,Pedestrian,989.5,976.5,1390.2023234047626
4239,1,24,717.5,448.0,Pedestrian,684.5,411.0,798.4117045735239
4239,1,27,252.5,204.5,Pedestrian,219.5,167.5,276.1095796961779
4239,1,43,1477.5,771.5,Pedestrian,1444.5,734.5,1620.5155043997574
4239,1,78,1841.0,255.5,Pedestrian,1808.0,218.5,1821.1551965716706
4239,1,80,1117.5,540.0,Pedestrian,1084.5,503.0,1195.470304942787
4239,1,81,49.5,214.5,Biker,16.5,177.5,178.26525180191456
4239,1,82,995.0,986.5,Pedestrian,962.0,949.5,1351.6635121212676
4240,1,2,574.5,388.0,Biker,541.5,351.0,645.3086470829288
4240,1,3,42.5,23.5,Pedestrian,9.5,-13.5,16.507574019219177
4240,1,4,34.0,78.5,Pedestrian,1.0,41.5,41.512046444375635
4240,1,6,401.0,433.5,Pedestrian,368.0,396.5,540.9586398237855
4240,1,8,1807.5,280.5,Pedestrian,1774.5,243.5,1791.1288340038525
4240,1,10,218.0,227.0,Pedestrian,185.0,190.0,265.1886121235224
4240,1,11,1872.5,1016.0,Pedestrian,1839.5,979.0,2083.7949155327165
4240,1,16,212.5,192.0,Pedestrian,179.5,155.0,237.16081042195822
4240,1,21,1022.5,1013.5,Pedestrian,989.5,976.5,1390.2023234047626
4240,1,24,717.5,448.0,Pedestrian,684.5,411.0,798.4117045735239
4240,1,27,252.5,204.5,Pedestrian,219.5,167.5,276.1095796961779
4240,1,43,1477.5,771.5,Pedestrian,1444.5,734.5,1620.5155043997574
4240,1,78,1841.0,255.5,Pedestrian,1808.0,218.5,1821.1551965716706
4240,1,80,1114.5,540.0,Pedestrian,1081.5,503.0,1192.7494498007534
4240,1,81,49.5,214.5,Biker,16.5,177.5,178.26525180191456
4240,1,82,995.0,986.5,Pedestrian,962.0,949.5,1351.6635121212676
4241,1,2,571.5,385.0,Biker,538.5,348.0,641.1600814149302
4241,1,3,42.5,23.5,Pedestrian,9.5,-13.5,16.507574019219177
4241,1,4,34.0,78.5,Pedestrian,1.0,41.5,41.512046444375635
4241,1,6,401.0,435.5,Pedestrian,368.0,398.5,542.426262269813
4241,1,8,1807.5,280.5,Pedestrian,1774.5,243.5,1791.1288340038525
4241,1,10,218.0,227.0,Pedestrian,185.0,190.0,265.1886121235224
4241,1,11,1872.5,1016.0,Pedestrian,1839.5,979.0,2083.7949155327165
4241,1,16,212.5,192.0,Pedestrian,179.5,155.0,237.16081042195822
4241,1,21,1022.5,1013.5,Pedestrian,989.5,976.5,1390.2023234047626
4241,1,24,717.5,449.0,Pedestrian,684.5,412.0,798.9269365843162
4241,1,27,252.5,204.5,Pedestrian,219.5,167.5,276.1095796961779
4241,1,43,1477.5,771.5,Pedestrian,1444.5,734.5,1620.5155043997574
4241,1,78,1841.0,254.5,Pedestrian,1808.0,217.5,1821.035488396643
4241,1,80,1112.0,540.0,Pedestrian,1079.0,503.0,1190.4830952180716
4241,1,81,49.5,214.5,Biker,16.5,177.5,178.26525180191456
4241,1,82,995.0,986.5,Pedestrian,962.0,949.5,1351.6635121212676
4242,1,2,569.0,383.0,Biker,536.0,346.0,637.974921137187
4242,1,3,42.5,23.5,Pedestrian,9.5,-13.5,16.507574019219177
4242,1,4,34.0,78.5,Pedestrian,1.0,41.5,41.512046444375635
4242,1,6,398.0,438.0,Pedestrian,365.0,401.0,542.2416435501796
4242,1,8,1810.5,280.5,Pedestrian,1777.5,243.5,1794.1010283704761
4242,1,10,218.0,227.0,Pedestrian,185.0,190.0,265.1886121235224
4242,1,11,1872.5,1016.0,Pedestrian,1839.5,979.0,2083.7949155327165
4242,1,16,212.5,192.0,Pedestrian,179.5,155.0,237.16081042195822
4242,1,21,1022.5,1013.5,Pedestrian,989.5,976.5,1390.2023234047626
4242,1,24,717.5,449.0,Pedestrian,684.5,412.0,798.9269365843162
4242,1,27,252.5,204.5,Pedestrian,219.5,167.5,276.1095796961779
4242,1,43,1477.5,771.5,Pedestrian,1444.5,734.5,1620.5155043997574
4242,1,78,1842.5,254.5,Pedestrian,1809.5,217.5,1822.524759776942
4242,1,80,1112.0,540.0,Pedestrian,1079.0,503.0,1190.4830952180716
4242,1,81,49.5,213.5,Biker,16.5,176.5,177.26956873643033
4242,1,82,995.0,986.5,Pedestrian,962.0,949.5,1351.6635121212676
4243,1,2,566.0,381.0,Biker,533.0,344.0,634.3697659882602
4243,1,3,42.5,23.5,Pedestrian,9.5,-13.5,16.507574019219177
4243,1,4,34.0,78.5,Pedestrian,1.0,41.5,41.512046444375635
4243,1,6,398.0,438.0,Pedestrian,365.0,401.0,542.2416435501796
4243,1,8,1810.5,280.5,Pedestrian,1777.5,243.5,1794.1010283704761
4243,1,10,218.0,227.0,Pedestrian,185.0,190.0,265.1886121235224
4243,1,11,1875.0,1016.0,Pedestrian,1842.0,979.0,2086.002157237619
4243,1,16,212.5,192.0,Pedestrian,179.5,155.0,237.16081042195822
4243,1,21,1022.5,1013.5,Pedestrian,989.5,976.5,1390.2023234047626
4243,1,24,717.5,449.0,Pedestrian,684.5,412.0,798.9269365843162
4243,1,27,252.5,204.5,Pedestrian,219.5,167.5,276.1095796961779
4243,1,43,1477.5,771.5,Pedestrian,1444.5,734.5,1620.5155043997574
4243,1,78,1842.5,254.5,Pedestrian,1809.5,217.5,1822.524759776942
4243,1,80,1109.5,540.0,Pedestrian,1076.5,503.0,1188.2176778688322
4243,1,81,49.5,213.5,Biker,16.5,176.5,177.26956873643033
4243,1,82,995.0,986.5,Pedestrian,962.0,949.5,1351.6635121212676
4244,1,2,563.5,379.0,Biker,530.5,342.0,631.1847986128944
4244,1,3,42.5,23.5,Pedestrian,9.5,-13.5,16.507574019219177
4244,1,4,34.0,78.5,Pedestrian,1.0,41.5,41.512046444375635
4244,1,6,396.0,440.0,Pedestrian,363.0,403.0,542.3817843548952
4244,1,8,1810.5,280.5,Pedestrian,1777.5,243.5,1794.1010283704761
4244,1,10,218.0,227.0,Pedestrian,185.0,190.0,265.1886121235224
4244,1,11,1875.0,1018.5,Pedestrian,1842.0,981.5,2087.1766216590295
4244,1,16,212.5,192.0,Pedestrian,179.5,155.0,237.16081042195822
4244,1,21,1022.5,1013.5,Pedestrian,989.5,976.5,1390.2023234047626
4244,1,24,714.5,449.0,Pedestrian,681.5,412.0,796.3581166786712
4244,1,27,252.5,204.5,Pedestrian,219.5,167.5,276.1095796961779
4244,1,43,1477.5,771.5,Pedestrian,1444.5,734.5,1620.5155043997574
4244,1,78,1843.5,254.5,Pedestrian,1810.5,217.5,1823.5176171345315
4244,1,80,1106.5,540.0,Pedestrian,1073.5,503.0,1185.5004217628941
4244,1,81,49.5,213.5,Biker,16.5,176.5,177.26956873643033
4244,1,82,995.0,986.5,Pedestrian,962.0,949.5,1351.6635121212676
4245,1,2,560.5,376.0,Biker,527.5,339.0,627.0384756934777
4245,1,3,42.5,23.5,Pedestrian,9.5,-13.5,16.507574019219177
4245,1,4,34.0,78.5,Pedestrian,1.0,41.5,41.512046444375635
4245,1,6,396.0,442.5,Pedestrian,363.0,405.5,544.2419039361082
4245,1,8,1812.0,280.5,Pedestrian,1779.0,243.5,1795.5871602347795
4245,1,10,218.0,227.0,Pedestrian,185.0,190.0,265.1886121235224
4245,1,11,1875.0,1018.5,Pedestrian,1842.0,981.5,2087.1766216590295
4245,1,16,212.5,192.0,Pedestrian,179.5,155.0,237.16081042195822
4245,1,21,1022.5,1013.5,Pedestrian,989.5,976.5,1390.2023234047626
4245,1,24,714.5,449.0,Pedestrian,681.5,412.0,796.3581166786712
4245,1,27,252.5,204.5,Pedestrian,219.5,167.5,276.1095796961779
4245,1,43,1477.5,771.5,Pedestrian,1444.5,734.5,1620.5155043997574
4245,1,78,1843.5,254.5,Pedestrian,1810.5,217.5,1823.5176171345315
4245,1,80,1106.5,540.0,Pedestrian,1073.5,503.0,1185.5004217628941
4245,1,81,49.5,212.5,Biker,16.5,175.5,176.27393454507106
4245,1,82,995.0,986.5,Pedestrian,962.0,949.5,1351.6635121212676
4246,1,2,558.0,374.0,Biker,525.0,337.0,623.8541496215281
4246,1,3,42.5,23.5,Pedestrian,9.5,-13.5,16.507574019219177
4246,1,4,34.0,78.5,Pedestrian,1.0,41.5,41.512046444375635
4246,1,6,393.0,442.5,Pedestrian,360.0,405.5,542.2455624530273
4246,1,8,1813.5,280.5,Pedestrian,1780.5,243.5,1797.0733151432637
4246,1,10,218.0,227.0,Pedestrian,185.0,190.0,265.1886121235224
4246,1,11,1878.0,1018.5,Pedestrian,1845.0,981.5,2089.8246936047053
4246,1,16,212.5,192.0,Pedestrian,179.5,155.0,237.16081042195822
4246,1,21,1022.5,1013.5,Pedestrian,989.5,976.5,1390.2023234047626
4246,1,24,714.5,449.0,Pedestrian,681.5,412.0,796.3581166786712
4246,1,27,252.5,204.5,Pedestrian,219.5,167.5,276.1095796961779
4246,1,43,1477.5,771.5,Pedestrian,1444.5,734.5,1620.5155043997574
4246,1,78,1844.5,254.5,Pedestrian,1811.5,217.5,1824.5104822938124
4246,1,80,1103.5,540.0,Pedestrian,1070.5,503.0,1182.7845323642002
4246,1,81,49.5,212.5,Biker,16.5,175.5,176.27393454507106
4246,1,82,995.0,986.5,Pedestrian,962.0,949.5,1351.6635121212676
4247,1,2,558.0,374.0,Biker,525.0,337.0,623.8541496215281
4247,1,3,42.5,23.5,Pedestrian,9.5,-13.5,16.507574019219177
4247,1,4,34.0,78.5,Pedestrian,1.0,41.5,41.512046444375635
4247,1,6,390.0,444.5,Pedestrian,357.0,407.5,541.7612481527264
4247,1,8,1813.5,280.5,Pedestrian,1780.5,243.5,1797.0733151432637
4247,1,10,218.0,227.0,Pedestrian,185.0,190.0,265.1886121235224
4247,1,11,1878.0,1018.5,Pedestrian,1845.0,981.5,2089.8246936047053
4247,1,16,212.5,192.0,Pedestrian,179.5,155.0,237.16081042195822
4247,1,21,1022.5,1013.5,Pedestrian,989.5,976.5,1390.2023234047626
4247,1,24,714.5,449.0,Pedestrian,681.5,412.0,796.3581166786712
4247,1,27,252.5,204.5,Pedestrian,219.5,167.5,276.1095796961779
4247,1,43,1477.5,771.5,Pedestrian,1444.5,734.5,1620.5155043997574
4247,1,78,1844.5,253.5,Pedestrian,1811.5,216.5,1824.391542405303
4247,1,80,1101.0,540.0,Pedestrian,1068.0,503.0,1180.5223420164482
4247,1,81,49.5,212.5,Biker,16.5,175.5,176.27393454507106
4247,1,82,995.0,986.5,Pedestrian,962.0,949.5,1351.6635121212676
4248,1,2,555.0,372.0,Biker,522.0,335.0,620.2491434899366
4248,1,3,42.5,23.5,Pedestrian,9.5,-13.5,16.507574019219177
4248,1,4,34.0,78.5,Pedestrian,1.0,41.5,41.512046444375635
4248,1,6,390.0,447.0,Pedestrian,357.0,410.0,543.6441851063985
4248,1,8,1814.5,280.5,Pedestrian,1781.5,243.5,1798.0640978563583
4248,1,10,218.0,227.0,Pedestrian,185.0,190.0,265.1886121235224
4248,1,11,1878.0,1021.0,Pedestrian,1845.0,984.0,2091.0
4248,1,16,212.5,192.0,Pedestrian,179.5,155.0,237.16081042195822
4248,1,21,1022.5,1013.5,Pedestrian,989.5,976.5,1390.2023234047626
4248,1,24,714.5,449.0,Pedestrian,681.5,412.0,796.3581166786712
4248,1,27,252.5,204.5,Pedestrian,219.5,167.5,276.1095796961779
4248,1,43,1477.5,771.5,Pedestrian,1444.5,734.5,1620.5155043997574
4248,1,78,1846.0,253.5,Pedestrian,1813.0,216.5,1825.880951759999
4248,1,80,1101.0,540.0,Pedestrian,1068.0,503.0,1180.5223420164482
4248,1,81,49.5,211.0,Biker,16.5,174.0,174.78057672407422
4248,1,82,995.0,986.5,Pedestrian,962.0,949.5,1351.6635121212676
4249,1,2,552.5,370.0,Biker,519.5,333.0,617.0650289880314
4249,1,3,42.5,23.5,Pedestrian,9.5,-13.5,16.507574019219177
4249,1,4,34.0,78.5,Pedestrian,1.0,41.5,41.512046444375635
4249,1,6,387.0,447.0,Pedestrian,354.0,410.0,541.6788716573686
4249,1,8,1816.0,280.5,Pedestrian,1783.0,243.5,1799.55029104496
4249,1,10,218.0,227.0,Pedestrian,185.0,190.0,265.1886121235224
4249,1,11,1880.5,1021.0,Pedestrian,1847.5,984.0,2093.206212966128
4249,1,16,212.5,192.0,Pedestrian,179.5,155.0,237.16081042195822
4249,1,21,1022.5,1013.5,Pedestrian,989.5,976.5,1390.2023234047626
4249,1,24,712.0,449.0,Pedestrian,679.0,412.0,794.219742892356
4249,1,27,252.5,204.5,Pedestrian,219.5,167.5,276.1095796961779
4249,1,43,1477.5,771.5,Pedestrian,1444.5,734.5,1620.5155043997574
4249,1,78,1846.0,253.5,Pedestrian,1813.0,216.5,1825.880951759999
4249,1,80,1098.5,540.0,Pedestrian,1065.5,503.0,1178.261112826864
4249,1,81,49.5,211.0,Biker,16.5,174.0,174.78057672407422
4249,1,82,995.0,986.5,Pedestrian,962.0,949.5,1351.6635121212676
4250,1,2,549.5,367.0,Biker,516.5,330.0,612.9210797484452
4250,1,3,42.5,23.5,Pedestrian,9.5,-13.5,16.507574019219177
4250,1,4,34.0,78.5,Pedestrian,1.0,41.5,41.512046444375635
4250,1,6,387.0,449.0,Pedestrian,354.0,412.0,543.1942562288375
4250,1,8,1816.0,280.5,Pedestrian,1783.0,243.5,1799.55029104496
4250,1,10,218.0,227.0,Pedestrian,185.0,190.0,265.1886121235224
4250,1,11,1880.5,1021.0,Pedestrian,1847.5,984.0,2093.206212966128
4250,1,16,214.0,192.0,Pedestrian,181.0,155.0,238.29813259864207
4250,1,21,1022.5,1013.5,Pedestrian,989.5,976.5,1390.2023234047626
4250,1,24,712.0,449.0,Pedestrian,679.0,412.0,794.219742892356
4250,1,27,252.5,205.5,Pedestrian,219.5,168.5,276.71736483278386
4250,1,43,1477.5,771.5,Pedestrian,1444.5,734.5,1620.5155043997574
4250,1,78,1847.5,253.5,Pedestrian,1814.5,216.5,1827.370378440014
4250,1,80,1098.5,540.0,Pedestrian,1065.5,503.0,1178.261112826864
4250,1,81,49.5,211.0,Biker,16.5,174.0,174.78057672407422
4250,1,82,995.0,986.5,Pedestrian,962.0,949.5,1351.6635121212676
4251,1,2,547.0,365.0,Biker,514.0,328.0,609.7376485013862
4251,1,3,42.5,23.5,Pedestrian,9.5,-13.5,16.507574019219177
4251,1,4,34.0,78.5,Pedestrian,1.0,41.5,41.512046444375635
4251,1,6,385.0,451.5,Pedestrian,352.0,414.5,543.7961474670449
4251,1,8,1817.5,280.5,Pedestrian,1784.5,243.5,1801.0365071258273
4251,1,10,218.0,227.0,Pedestrian,185.0,190.0,265.1886121235224
4251,1,11,1883.5,1023.0,Pedestrian,1850.5,986.0,2096.7942793702964
4251,1,16,213.0,190.5,Pedestrian,180.0,153.5,236.5634164447242
4251,1,21,1022.5,1013.5,Pedestrian,989.5,976.5,1390.2023234047626
4251,1,24,712.0,449.0,Pedestrian,679.0,412.0,794.219742892356
4251,1,27,251.0,205.5,Pedestrian,218.0,168.5,275.5290365823537
4251,1,43,1477.5,770.0,Pedestrian,1444.5,733.0,1619.8361799885815
4251,1,78,1847.5,253.5,Pedestrian,1814.5,216.5,1827.370378440014
4251,1,80,1095.5,538.0,Pedestrian,1062.5,501.0,1174.6945347621227
4251,1,81,48.0,210.0,Biker,15.0,173.0,173.64907140552177
4251,1,82,995.0,986.5,Pedestrian,962.0,949.5,1351.6635121212676
4252,1,2,544.0,363.0,Biker,511.0,326.0,606.1328237276051
4252,1,3,42.5,23.5,Pedestrian,9.5,-13.5,16.507574019219177
4252,1,4,34.0,78.5,Pedestrian,1.0,41.5,41.512046444375635
4252,1,6,385.0,451.5,Pedestrian,352.0,414.5,543.7961474670449
4252,1,8,1818.5,280.5,Pedestrian,1785.5,243.5,1802.02733053636
4252,1,10,218.0,227.0,Pedestrian,185.0,190.0,265.1886121235224
4252,1,11,1883.5,1023.0,Pedestrian,1850.5,986.0,2096.7942793702964
4252,1,16,213.0,190.5,Pedestrian,180.0,153.5,236.5634164447242
4252,1,21,1022.5,1013.5,Pedestrian,989.5,976.5,1390.2023234047626
4252,1,24,712.0,449.0,Pedestrian,679.0,412.0,794.219742892356
4252,1,27,251.0,205.5,Pedestrian,218.0,168.5,275.5290365823537
4252,1,43,1477.5,770.0,Pedestrian,1444.5,733.0,1619.8361799885815
4252,1,78,1849.0,253.5,Pedestrian,1816.0,216.5,1828.8598224030184
4252,1,80,1095.5,538.0,Pedestrian,1062.5,501.0,1174.6945347621227
4252,1,81,48.0,210.0,Biker,15.0,173.0,173.64907140552177
4252,1,82,995.0,986.5,Pedestrian,962.0,949.5,1351.6635121212676
4253,1,2,544.0,363.0,Biker,511.0,326.0,606.1328237276051
4253,1,3,42.5,23.5,Pedestrian,9.5,-13.5,16.507574019219177
4253,1,4,34.0,78.5,Pedestrian,1.0,41.5,41.512046444375635
4253,1,6,382.0,454.0,Pedestrian,349.0,417.0,543.7738500516552
4253,1,8,1818.5,280.5,Pedestrian,1785.5,243.5,1802.02733053636
4253,1,10,218.0,227.0,Pedestrian,185.0,190.0,265.1886121235224
4253,1,11,1883.5,1023.0,Pedestrian,1850.5,986.0,2096.7942793702964
4253,1,16,213.0,190.5,Pedestrian,180.0,153.5,236.5634164447242
4253,1,21,1022.5,1013.5,Pedestrian,989.5,976.5,1390.2023234047626
4253,1,24,712.0,449.0,Pedestrian,679.0,412.0,794.219742892356
4253,1,27,251.0,205.5,Pedestrian,218.0,168.5,275.5290365823537
4253,1,43,1477.5,770.0,Pedestrian,1444.5,733.0,1619.8361799885815
4253,1,78,1849.0,253.5,Pedestrian,1816.0,216.5,1828.8598224030184
4253,1,80,1092.5,538.0,Pedestrian,1059.5,501.0,1171.9817618034847
4253,1,81,48.0,209.0,Biker,15.0,172.0,172.6528308484978
4253,1,82,995.0,986.5,Pedestrian,962.0,949.5,1351.6635121212676
4254,1,2,541.5,360.0,Biker,508.5,323.0,602.4128567685123
4254,1,3,42.5,23.5,Pedestrian,9.5,-13.5,16.507574019219177
4254,1,4,34.0,78.5,Pedestrian,1.0,41.5,41.512046444375635
4254,1,6,382.0,456.0,Pedestrian,349.0,419.0,545.309086665535
4254,1,8,1818.5,280.5,Pedestrian,1785.5,243.5,1802.02733053636
4254,1,10,218.0,227.0,Pedestrian,185.0,190.0,265.1886121235224
4254,1,11,1883.5,1023.0,Pedestrian,1850.5,986.0,2096.7942793702964
4254,1,16,213.0,190.5,Pedestrian,180.0,153.5,236.5634164447242
4254,1,21,1022.5,1013.5,Pedestrian,989.5,976.5,1390.2023234047626
4254,1,24,709.0,449.0,Pedestrian,676.0,412.0,791.6564911626759
4254,1,27,251.0,205.5,Pedestrian,218.0,168.5,275.5290365823537
4254,1,43,1477.5,770.0,Pedestrian,1444.5,733.0,1619.8361799885815
4254,1,78,1850.5,253.5,Pedestrian,1817.5,216.5,1830.34928360682
4254,1,80,1092.5,538.0,Pedestrian,1059.5,501.0,1171.9817618034847
4254,1,81,48.0,209.0,Biker,15.0,172.0,172.6528308484978
4254,1,82,995.0,986.5,Pedestrian,962.0,949.5,1351.6635121212676
4255,1,2,538.5,358.0,Biker,505.5,321.0,598.8081913267387
4255,1,3,42.5,23.5,Pedestrian,9.5,-13.5,16.507574019219177
4255,1,4,34.0,78.5,Pedestrian,1.0,41.5,41.512046444375635
4255,1,6,379.0,456.0,Pedestrian,346.0,419.0,543.3939638972814
4255,1,8,1820.0,280.5,Pedestrian,1787.0,243.5,1803.5135846452613
4255,1,10,218.0,227.0,Pedestrian,185.0,190.0,265.1886121235224
4255,1,11,1883.5,1023.0,Pedestrian,1850.5,986.0,2096.7942793702964
4255,1,16,213.0,190.5,Pedestrian,180.0,153.5,236.5634164447242
4255,1,21,1022.5,1013.5,Pedestrian,989.5,976.5,1390.2023234047626
4255,1,24,709.0,449.0,Pedestrian,676.0,412.0,791.6564911626759
4255,1,27,251.0,205.5,Pedestrian,218.0,168.5,275.5290365823537
4255,1,43,1477.5,770.0,Pedestrian,1444.5,733.0,1619.8361799885815
4255,1,78,1850.5,253.5,Pedestrian,1817.5,216.5,1830.34928360682
4255,1,80,1090.0,538.0,Pedestrian,1057.0,501.0,1169.722189239821
4255,1,81,48.0,209.0,Biker,15.0,172.0,172.6528308484978
4255,1,82,995.0,986.5,Pedestrian,962.0,949.5,1351.6635121212676
4256,1,2,536.0,356.0,Biker,503.0,319.0,595.6257214056492
4256,1,3,42.5,23.5,Pedestrian,9.5,-13.5,16.507574019219177
4256,1,4,34.0,78.5,Pedestrian,1.0,41.5,41.512046444375635
4256,1,6,379.0,458.5,Pedestrian,346.0,421.5,545.3239862687135
4256,1,8,1821.5,280.5,Pedestrian,1788.5,243.5,1804.9998614958395
4256,1,10,218.0,227.0,Pedestrian,185.0,190.0,265.1886121235224
4256,1,11,1883.5,1023.0,Pedestrian,1850.5,986.0,2096.7942793702964
4256,1,16,213.0,190.5,Pedestrian,180.0,153.5,236.5634164447242
4256,1,21,1022.5,1013.5,Pedestrian,989.5,976.5,1390.2023234047626
4256,1,24,709.0,449.0,Pedestrian,676.0,412.0,791.6564911626759
4256,1,27,251.0,205.5,Pedestrian,218.0,168.5,275.5290365823537
4256,1,43,1477.5,770.0,Pedestrian,1444.5,733.0,1619.8361799885815
4256,1,78,1850.5,252.5,Pedestrian,1817.5,215.5,1830.2312695394535
4256,1,80,1090.0,538.0,Pedestrian,1057.0,501.0,1169.722189239821
4256,1,81,48.0,208.0,Biker,15.0,171.0,171.6566340110396
4256,1,82,995.0,986.5,Pedestrian,962.0,949.5,1351.6635121212676
4257,1,2,533.0,354.0,Biker,500.0,317.0,592.0211144883264
4257,1,3,42.5,23.5,Pedestrian,9.5,-13.5,16.507574019219177
4257,1,4,34.0,78.5,Pedestrian,1.0,41.5,41.512046444375635
4257,1,6,376.0,460.5,Pedestrian,343.0,423.5,544.9782105735972
4257,1,8,1821.5,280.5,Pedestrian,1788.5,243.5,1804.9998614958395
4257,1,10,218.0,227.0,Pedestrian,185.0,190.0,265.1886121235224
4257,1,11,1883.5,1023.0,Pedestrian,1850.5,986.0,2096.7942793702964
4257,1,16,213.0,190.5,Pedestrian,180.0,153.5,236.5634164447242
4257,1,21,1022.5,1013.5,Pedestrian,989.5,976.5,1390.2023234047626
4257,1,24,709.0,449.0,Pedestrian,676.0,412.0,791.6564911626759
4257,1,27,251.0,205.5,Pedestrian,218.0,168.5,275.5290365823537
4257,1,43,1477.5,770.0,Pedestrian,1444.5,733.0,1619.8361799885815
4257,1,78,1852.0,252.5,Pedestrian,1819.0,215.5,1831.7208439060794
4257,1,80,1087.5,538.0,Pedestrian,1054.5,501.0,1167.4635968628743
4257,1,81,48.0,208.0,Biker,15.0,171.0,171.6566340110396
4257,1,82,995.0,986.5,Pedestrian,962.0,949.5,1351.6635121212676
4258,1,2,530.5,351.0,Biker,497.5,314.0,588.3045554812575
4258,1,3,42.5,23.5,Pedestrian,9.5,-13.5,16.507574019219177
4258,1,4,34.0,78.5,Pedestrian,1.0,41.5,41.512046444375635
4258,1,6,376.0,460.5,Pedestrian,343.0,423.5,544.9782105735972
4258,1,8,1823.0,280.5,Pedestrian,1790.0,243.5,1806.486161031963
4258,1,10,218.0,227.0,Pedestrian,185.0,190.0,265.1886121235224
4258,1,11,1883.5,1023.0,Pedestrian,1850.5,986.0,2096.7942793702964
4258,1,16,213.0,190.5,Pedestrian,180.0,153.5,236.5634164447242
4258,1,21,1022.5,1013.5,Pedestrian,989.5,976.5,1390.2023234047626
4258,1,24,709.0,449.0,Pedestrian,676.0,412.0,791.6564911626759
4258,1,27,251.0,205.5,Pedestrian,218.0,168.5,275.5290365823537
4258,1,43,1477.5,770.0,Pedestrian,1444.5,733.0,1619.8361799885815
4258,1,78,1853.5,252.5,Pedestrian,1820.5,215.5,1833.210435274685
4258,1,80,1087.5,538.0,Pedestrian,1054.5,501.0,1167.4635968628743
4258,1,81,48.0,208.0,Biker,15.0,171.0,171.6566340110396
4258,1,82,995.0,986.5,Pedestrian,962.0,949.5,1351.6635121212676
4259,1,2,530.5,351.0,Biker,497.5,314.0,588.3045554812575
4259,1,3,42.5,23.5,Pedestrian,9.5,-13.5,16.507574019219177
4259,1,4,34.0,78.5,Pedestrian,1.0,41.5,41.512046444375635
4259,1,6,374.0,463.0,Pedestrian,341.0,426.0,545.6711463876388
4259,1,8,1824.5,280.5,Pedestrian,1791.5,243.5,1807.9724831976841
4259,1,10,218.0,227.0,Pedestrian,185.0,190.0,265.1886121235224
4259,1,11,1883.5,1023.0,Pedestrian,1850.5,986.0,2096.7942793702964
4259,1,16,213.0,190.5,Pedestrian,180.0,153.5,236.5634164447242
4259,1,21,1022.5,1013.5,Pedestrian,989.5,976.5,1390.2023234047626
4259,1,24,706.5,449.0,Pedestrian,673.5,412.0,789.5227989108357
4259,1,27,251.0,205.5,Pedestrian,218.0,168.5,275.5290365823537
4259,1,43,1477.5,770.0,Pedestrian,1444.5,733.0,1619.8361799885815
4259,1,78,1853.5,252.5,Pedestrian,1820.5,215.5,1833.210435274685
4259,1,80,1084.5,538.0,Pedestrian,1051.5,501.0,1164.7545878853623
4259,1,81,48.0,207.0,Biker,15.0,170.0,170.66048165876012
4259,1,82,995.0,986.5,Pedestrian,962.0,949.5,1351.6635121212676
4260,1,2,527.5,349.0,Biker,494.5,312.0,584.700136822286
4260,1,3,42.5,23.5,Pedestrian,9.5,-13.5,16.507574019219177
4260,1,4,34.0,78.5,Pedestrian,1.0,41.5,41.512046444375635
4260,1,6,374.0,465.0,Pedestrian,341.0,428.0,547.2339536249556
4260,1,8,1824.5,280.5,Pedestrian,1791.5,243.5,1807.9724831976841
4260,1,10,218.0,227.0,Pedestrian,185.0,190.0,265.1886121235224
4260,1,11,1883.5,1023.0,Pedestrian,1850.5,986.0,2096.7942793702964
4260,1,16,213.0,190.5,Pedestrian,180.0,153.5,236.5634164447242
4260,1,21,1022.5,1013.5,Pedestrian,989.5,976.5,1390.2023234047626
4260,1,24,706.5,449.0,Pedestrian,673.5,412.0,789.5227989108357
4260,1,27,251.0,205.5,Pedestrian,218.0,168.5,275.5290365823537
4260,1,43,1477.5,770.0,Pedestrian,1444.5,733.0,1619.8361799885815
4260,1,78,1853.5,252.5,Pedestrian,1820.5,215.5,1833.210435274685
4260,1,80,1084.5,538.0,Pedestrian,1051.5,501.0,1164.7545878853623
4260,1,81,48.0,207.0,Biker,15.0,170.0,170.66048165876012
4260,1,82,995.0,986.5,Pedestrian,962.0,949.5,1351.6635121212676
4261,1,2,525.0,347.0,Biker,492.0,310.0,581.5187013329838
4261,1,3,42.5,23.5,Pedestrian,9.5,-13.5,16.507574019219177
4261,1,4,34.0,78.5,Pedestrian,1.0,41.5,41.512046444375635
4261,1,6,371.0,465.0,Pedestrian,338.0,428.0,545.3695994461004
4261,1,8,1825.5,278.5,Pedestrian,1792.5,241.5,1808.6952479619113
4261,1,10,218.0,227.0,Pedestrian,185.0,190.0,265.1886121235224
4261,1,11,1883.5,1023.0,Pedestrian,1850.5,986.0,2096.7942793702964
4261,1,16,213.0,190.5,Pedestrian,180.0,153.5,236.5634164447242
4261,1,21,1022.5,1013.5,Pedestrian,989.5,976.5,1390.2023234047626
4261,1,24,706.5,449.0,Pedestrian,673.5,412.0,789.5227989108357
4261,1,27,251.0,205.5,Pedestrian,218.0,168.5,275.5290365823537
4261,1,43,1477.5,770.0,Pedestrian,1444.5,733.0,1619.8361799885815
4261,1,78,1854.5,251.5,Pedestrian,1821.5,214.5,1834.0862847750648
4261,1,80,1081.5,536.0,Pedestrian,1048.5,499.0,1161.1861392558903
4261,1,81,48.0,207.0,Biker,15.0,170.0,170.66048165876012
4261,1,82,995.0,986.5,Pedestrian,962.0,949.5,1351.6635121212676
4262,1,2,522.0,344.0,Biker,489.0,307.0,577.3820225812369
4262,1,3,42.5,23.5,Pedestrian,9.5,-13.5,16.507574019219177
4262,1,4,34.0,78.5,Pedestrian,1.0,41.5,41.512046444375635
4262,1,6,368.0,467.5,Pedestrian,335.0,430.5,545.4862509724695
4262,1,8,1827.0,278.5,Pedestrian,1794.0,241.5,1810.181827883597
4262,1,10,218.0,227.0,Pedestrian,185.0,190.0,265.1886121235224
4262,1,11,1880.5,1023.0,Pedestrian,1847.5,986.0,2094.147141439684
4262,1,16,213.0,190.5,Pedestrian,180.0,153.5,236.5634164447242
4262,1,21,1022.5,1013.5,Pedestrian,989.5,976.5,1390.2023234047626
4262,1,24,706.5,449.0,Pedestrian,673.5,412.0,789.5227989108357
4262,1,27,251.0,205.5,Pedestrian,218.0,168.5,275.5290365823537
4262,1,43,1477.5,770.0,Pedestrian,1444.5,733.0,1619.8361799885815
4262,1,78,1854.5,251.5,Pedestrian,1821.5,214.5,1834.0862847750648
4262,1,80,1081.5,536.0,Pedestrian,1048.5,499.0,1161.1861392558903
4262,1,81,48.0,205.5,Biker,15.0,168.5,169.16633825912294
4262,1,82,995.0,986.5,Pedestrian,962.0,949.5,1351.6635121212676
4263,1,2,519.5,342.0,Biker,486.5,305.0,574.2014019488284
4263,1,3,42.5,23.5,Pedestrian,9.5,-13.5,16.507574019219177
4263,1,4,34.0,78.5,Pedestrian,1.0,41.5,41.512046444375635
4263,1,6,368.0,469.5,Pedestrian,335.0,432.5,547.0660380612198
4263,1,8,1827.0,278.5,Pedestrian,1794.0,241.5,1810.181827883597
4263,1,10,218.0,227.0,Pedestrian,185.0,190.0,265.1886121235224
4263,1,11,1880.5,1023.0,Pedestrian,1847.5,986.0,2094.147141439684
4263,1,16,213.0,190.5,Pedestrian,180.0,153.5,236.5634164447242
4263,1,21,1022.5,1013.5,Pedestrian,989.5,976.5,1390.2023234047626
4263,1,24,706.5,449.0,Pedestrian,673.5,412.0,789.5227989108357
4263,1,27,251.0,205.5,Pedestrian,218.0,168.5,275.5290365823537
4263,1,43,1477.5,770.0,Pedestrian,1444.5,733.0,1619.8361799885815
4263,1,78,1855.5,251.5,Pedestrian,1822.5,214.5,1835.0794260739779
4263,1,80,1079.0,536.0,Pedestrian,1046.0,499.0,1158.9292471932874
4263,1,81,48.0,205.5,Biker,15.0,168.5,169.16633825912294
4263,1,82,995.0,986.5,Pedestrian,962.0,949.5,1351.6635121212676
4264,1,2,516.5,340.0,Biker,483.5,303.0,570.5972747919499
4264,1,3,42.5,23.5,Pedestrian,9.5,-13.5,16.507574019219177
4264,1,4,34.0,78.5,Pedestrian,1.0,41.5,41.512046444375635
4264,1,6,365.0,469.5,Pedestrian,332.0,432.5,545.2341240237995
4264,1,8,1828.5,278.5,Pedestrian,1795.5,241.5,1811.6684299286114
4264,1,10,218.0,227.0,Pedestrian,185.0,190.0,265.1886121235224
4264,1,11,1880.5,1023.0,Pedestrian,1847.5,986.0,2094.147141439684
4264,1,16,213.0,190.5,Pedestrian,180.0,153.5,236.5634164447242
4264,1,21,1022.5,1013.5,Pedestrian,989.5,976.5,1390.2023234047626
4264,1,24,706.5,449.0,Pedestrian,673.5,412.0,789.5227989108357
4264,1,27,251.0,205.5,Pedestrian,218.0,168.5,275.5290365823537
4264,1,43,1477.5,770.0,Pedestrian,1444.5,733.0,1619.8361799885815
4264,1,78,1855.5,251.5,Pedestrian,1822.5,214.5,1835.0794260739779
4264,1,80,1079.0,536.0,Pedestrian,1046.0,499.0,1158.9292471932874
4264,1,81,48.0,204.5,Biker,15.0,167.5,168.17030058842138
4264,1,82,995.0,986.5,Pedestrian,962.0,949.5,1351.6635121212676
4265,1,2,516.5,340.0,Biker,483.5,303.0,570.5972747919499
4265,1,3,42.5,23.5,Pedestrian,9.5,-13.5,16.507574019219177
4265,1,4,34.0,78.5,Pedestrian,1.0,41.5,41.512046444375635
4265,1,6,365.0,472.0,Pedestrian,332.0,435.0,547.2193344537453
4265,1,8,1828.5,278.5,Pedestrian,1795.5,241.5,1811.6684299286114
4265,1,10,218.0,227.0,Pedestrian,185.0,190.0,265.1886121235224
4265,1,11,1880.5,1023.0,Pedestrian,1847.5,986.0,2094.147141439684
4265,1,16,213.0,190.5,Pedestrian,180.0,153.5,236.5634164447242
4265,1,21,1022.5,1013.5,Pedestrian,989.5,976.5,1390.2023234047626
4265,1,24,703.5,449.0,Pedestrian,670.5,412.0,786.9652152414362
4265,1,27,251.0,205.5,Pedestrian,218.0,168.5,275.5290365823537
4265,1,43,1477.5,770.0,Pedestrian,1444.5,733.0,1619.8361799885815
4265,1,78,1855.5,251.5,Pedestrian,1822.5,214.5,1835.0794260739779
4265,1,80,1076.5,536.0,Pedestrian,1043.5,499.0,1156.6733549278292
4265,1,81,48.0,204.5,Biker,15.0,167.5,168.17030058842138
4265,1,82,995.0,986.5,Pedestrian,962.0,949.5,1351.6635121212676
4266,1,2,514.0,338.0,Biker,481.0,301.0,567.4169542761301
4266,1,3,42.5,23.5,Pedestrian,9.5,-13.5,16.507574019219177
4266,1,4,34.0,78.5,Pedestrian,1.0,41.5,41.512046444375635
4266,1,6,363.0,474.5,Pedestrian,330.0,437.5,548.0020529158627
4266,1,8,1829.5,278.5,Pedestrian,1796.5,241.5,1812.6595102224796
4266,1,10,216.5,227.0,Pedestrian,183.5,190.0,264.14437340212265
4266,1,11,1880.5,1023.0,Pedestrian,1847.5,986.0,2094.147141439684
4266,1,16,213.0,190.5,Pedestrian,180.0,153.5,236.5634164447242
4266,1,21,1022.5,1013.5,Pedestrian,989.5,976.5,1390.2023234047626
4266,1,24,703.5,449.0,Pedestrian,670.5,412.0,786.9652152414362
4266,1,27,251.0,205.5,Pedestrian,218.0,168.5,275.5290365823537
4266,1,43,1477.5,770.0,Pedestrian,1444.5,733.0,1619.8361799885815
4266,1,78,1857.0,251.5,Pedestrian,1824.0,214.5,1836.569151978765
4266,1,80,1076.5,536.0,Pedestrian,1043.5,499.0,1156.6733549278292
4266,1,81,48.0,204.5,Biker,15.0,167.5,168.17030058842138
4266,1,82,995.0,986.5,Pedestrian,962.0,949.5,1351.6635121212676
4267,1,2,511.0,335.0,Biker,478.0,298.0,563.2832324861091
4267,1,3,42.5,23.5,Pedestrian,9.5,-13.5,16.507574019219177
4267,1,4,34.0,78.5,Pedestrian,1.0,41.5,41.512046444375635
4267,1,6,363.0,474.5,Pedestrian,330.0,437.5,548.0020529158627
4267,1,8,1829.5,278.5,Pedestrian,1796.5,241.5,1812.6595102224796
4267,1,10,216.5,227.0,Pedestrian,183.5,190.0,264.14437340212265
4267,1,11,1880.5,1023.0,Pedestrian,1847.5,986.0,2094.147141439684
4267,1,16,213.0,190.5,Pedestrian,180.0,153.5,236.5634164447242
4267,1,21,1022.5,1013.5,Pedestrian,989.5,976.5,1390.2023234047626
4267,1,24,703.5,449.0,Pedestrian,670.5,412.0,786.9652152414362
4267,1,27,251.0,205.5,Pedestrian,218.0,168.5,275.5290365823537
4267,1,43,1477.5,770.0,Pedestrian,1444.5,733.0,1619.8361799885815
4267,1,78,1858.5,251.5,Pedestrian,1825.5,214.5,1838.0588945950562
4267,1,80,1073.5,536.0,Pedestrian,1040.5,499.0,1153.9676121971536
4267,1,81,48.0,203.5,Biker,15.0,166.5,167.17431022737912
4267,1,82,995.0,986.5,Pedestrian,962.0,949.5,1351.6635121212676
4268,1,2,508.5,333.0,Biker,475.5,296.0,560.1037850255968
4268,1,3,42.5,23.5,Pedestrian,9.5,-13.5,16.507574019219177
4268,1,4,34.0,78.5,Pedestrian,1.0,41.5,41.512046444375635
4268,1,6,360.0,476.5,Pedestrian,327.0,439.5,547.8040251768875
4268,1,8,1831.0,278.5,Pedestrian,1798.0,241.5,1814.146149018871
4268,1,10,216.5,227.0,Pedestrian,183.5,190.0,264.14437340212265
4268,1,11,1880.5,1025.5,Pedestrian,1847.5,988.5,2095.3253923913585
4268,1,16,213.0,190.5,Pedestrian,180.0,153.5,236.5634164447242
4268,1,21,1022.5,1013.5,Pedestrian,989.5,976.5,1390.2023234047626
4268,1,24,703.5,449.0,Pedestrian,670.5,412.0,786.9652152414362
4268,1,27,251.0,205.5,Pedestrian,218.0,168.5,275.5290365823537
4268,1,43,1477.5,770.0,Pedestrian,1444.5,733.0,1619.8361799885815
4268,1,78,1858.5,251.5,Pedestrian,1825.5,214.5,1838.0588945950562
4268,1,80,1073.5,536.0,Pedestrian,1040.5,499.0,1153.9676121971536
4268,1,81,48.0,203.5,Biker,15.0,166.5,167.17431022737912
4268,1,82,995.0,986.5,Pedestrian,962.0,949.5,1351.6635121212676
4269,1,2,505.5,331.0,Biker,472.5,294.0,556.5
4269,1,3,42.5,23.5,Pedestrian,9.5,-13.5,16.507574019219177
4269,1,4,34.0,78.5,Pedestrian,1.0,41.5,41.512046444375635
4269,1,6,360.0,479.0,Pedestrian,327.0,442.0,549.8117859777108
4269,1,8,1832.5,278.5,Pedestrian,1799.5,241.5,1815.6328097938747
4269,1,10,216.5,227.0,Pedestrian,183.5,190.0,264.14437340212265
4269,1,11,1880.5,1025.5,Pedestrian,1847.5,988.5,2095.3253923913585
4269,1,16,213.0,190.5,Pedestrian,180.0,153.5,236.5634164447242
4269,1,21,1022.5,1013.5,Pedestrian,989.5,976.5,1390.2023234047626
4269,1,24,703.5,449.0,Pedestrian,670.5,412.0,786.9652152414362
4269,1,27,251.0,205.5,Pedestrian,218.0,168.5,275.5290365823537
4269,1,43,1477.5,770.0,Pedestrian,1444.5,733.0,1619.8361799885815
4269,1,78,1858.5,251.5,Pedestrian,1825.5,214.5,1838.0588945950562
4269,1,80,1070.5,536.0,Pedestrian,1037.5,499.0,1151.2633278273047
4269,1,81,48.0,203.5,Biker,15.0,166.5,167.17431022737912
4269,1,82,995.0,986.5,Pedestrian,962.0,949.5,1351.6635121212676
4270,1,2,503.0,329.0,Biker,470.0,292.0,553.3208833940754
4270,1,3,42.5,23.5,Pedestrian,9.5,-13.5,16.507574019219177
4270,1,4,34.0,78.5,Pedestrian,1.0,41.5,41.512046444375635
4270,1,6,357.0,479.0,Pedestrian,324.0,442.0,548.0328457309836
4270,1,8,1832.5,278.5,Pedestrian,1799.5,241.5,1815.6328097938747
4270,1,10,216.5,227.0,Pedestrian,183.5,190.0,264.14437340212265
4270,1,11,1880.5,1025.5,Pedestrian,1847.5,988.5,2095.3253923913585
4270,1,16,213.0,190.5,Pedestrian,180.0,153.5,236.5634164447242
4270,1,21,1022.5,1013.5,Pedestrian,989.5,976.5,1390.2023234047626
4270,1,24,701.0,449.0,Pedestrian,668.0,412.0,784.8362886615272
4270,1,27,251.0,205.5,Pedestrian,218.0,168.5,275.5290365823537
4270,1,43,1477.5,770.0,Pedestrian,1444.5,733.0,1619.8361799885815
4270,1,78,1860.0,251.5,Pedestrian,1827.0,214.5,1839.5486538822506
4270,1,80,1070.5,536.0,Pedestrian,1037.5,499.0,1151.2633278273047
4270,1,81,48.0,202.0,Biker,15.0,165.0,165.6804152578089
4270,1,82,995.0,986.5,Pedestrian,962.0,949.5,1351.6635121212676
4271,1,2,503.0,329.0,Biker,470.0,292.0,553.3208833940754
4271,1,3,42.5,23.5,Pedestrian,9.5,-13.5,16.507574019219177
4271,1,4,34.0,78.5,Pedestrian,1.0,41.5,41.512046444375635
4271,1,6,357.0,481.0,Pedestrian,324.0,444.0,549.6471595487418
4271,1,8,1834.0,278.5,Pedestrian,1801.0,241.5,1817.1194924935453
4271,1,10,216.5,227.0,Pedestrian,183.5,190.0,264.14437340212265
4271,1,11,1880.5,1025.5,Pedestrian,1847.5,988.5,2095.3253923913585
4271,1,16,213.0,190.5,Pedestrian,180.0,153.5,236.5634164447242
4271,1,21,1022.5,1013.5,Pedestrian,989.5,976.5,1390.2023234047626
4271,1,24,701.0,449.0,Pedestrian,668.0,412.0,784.8362886615272
4271,1,27,251.0,205.5,Pedestrian,218.0,168.5,275.5290365823537
4271,1,43,1477.5,770.0,Pedestrian,1444.5,733.0,1619.8361799885815
4271,1,78,1861.5,250.0,Pedestrian,1828.5,213.0,1840.864267131067
4271,1,80,1068.0,533.5,Pedestrian,1035.0,496.5,1147.9273713959433
4271,1,81,48.0,202.0,Biker,15.0,165.0,165.6804152578089
4271,1,82,995.0,986.5,Pedestrian,962.0,949.5,1351.6635121212676
4272,1,2,500.0,327.5,Biker,467.0,290.5,549.9811360401372
4272,1,3,42.5,23.5,Pedestrian,9.5,-13.5,16.507574019219177
4272,1,4,34.0,78.5,Pedestrian,1.0,41.5,41.512046444375635
4272,1,6,354.0,483.5,Pedestrian,321.0,446.5,549.9120384206914
4272,1,8,1835.5,278.5,Pedestrian,1802.5,241.5,1818.6061970641142
4272,1,10,216.5,227.0,Pedestrian,183.5,190.0,264.14437340212265
4272,1,11,1878.0,1025.5,Pedestrian,1845.0,988.5,2093.121413105317
4272,1,16,213.0,190.5,Pedestrian,180.0,153.5,236.5634164447242
4272,1,21,1022.5,1013.5,Pedestrian,989.5,976.5,1390.2023234047626
4272,1,24,701.0,449.0,Pedestrian,668.0,412.0,784.8362886615272
4272,1,27,251.0,205.5,Pedestrian,218.0,168.5,275.5290365823537
4272,1,43,1477.5,770.0,Pedestrian,1444.5,733.0,1619.8361799885815
4272,1,78,1861.5,250.0,Pedestrian,1828.5,213.0,1840.864267131067
4272,1,80,1068.0,533.5,Pedestrian,1035.0,496.5,1147.9273713959433
4272,1,81,48.0,202.0,Biker,15.0,165.0,165.6804152578089
4272,1,82,995.0,986.5,Pedestrian,962.0,949.5,1351.6635121212676
4273,1,2,497.5,327.5,Biker,464.5,290.5,547.8599273536987
4273,1,3,42.5,23.5,Pedestrian,9.5,-13.5,16.507574019219177
4273,1,4,34.0,78.5,Pedestrian,1.0,41.5,41.512046444375635
4273,1,6,354.0,483.5,Pedestrian,321.0,446.5,549.9120384206914
4273,1,8,1835.5,278.5,Pedestrian,1802.5,241.5,1818.6061970641142
4273,1,10,216.5,227.0,Pedestrian,183.5,190.0,264.14437340212265
4273,1,11,1878.0,1025.5,Pedestrian,1845.0,988.5,2093.121413105317
4273,1,16,213.0,190.5,Pedestrian,180.0,153.5,236.5634164447242
4273,1,21,1022.5,1013.5,Pedestrian,989.5,976.5,1390.2023234047626
4273,1,24,701.0,449.0,Pedestrian,668.0,412.0,784.8362886615272
4273,1,27,252.5,205.5,Pedestrian,219.5,168.5,276.71736483278386
4273,1,43,1477.5,770.0,Pedestrian,1444.5,733.0,1619.8361799885815
4273,1,78,1861.5,250.0,Pedestrian,1828.5,213.0,1840.864267131067
4273,1,80,1065.5,533.5,Pedestrian,1032.5,496.5,1145.673819199863
4273,1,81,48.0,201.0,Biker,15.0,164.0,164.68454693747074
4273,1,82,995.0,986.5,Pedestrian,962.0,949.5,1351.6635121212676
4274,1,2,494.5,327.5,Biker,461.5,290.5,545.3187141479742
4274,1,3,42.5,23.5,Pedestrian,9.5,-13.5,16.507574019219177
4274,1,4,34.0,78.5,Pedestrian,1.0,41.5,41.512046444375635
4274,1,6,352.0,485.5,Pedestrian,319.0,448.5,550.3755535995399
4274,1,8,1836.5,278.5,Pedestrian,1803.5,241.5,1819.597345568519
4274,1,10,216.5,227.0,Pedestrian,183.5,190.0,264.14437340212265
4274,1,11,1878.0,1025.5,Pedestrian,1845.0,988.5,2093.121413105317
4274,1,16,213.0,190.5,Pedestrian,180.0,153.5,236.5634164447242
4274,1,21,1022.5,1013.5,Pedestrian,989.5,976.5,1390.2023234047626
4274,1,24,701.0,449.0,Pedestrian,668.0,412.0,784.8362886615272
4274,1,27,252.5,205.5,Pedestrian,219.5,168.5,276.71736483278386
4274,1,43,1477.5,770.0,Pedestrian,1444.5,733.0,1619.8361799885815
4274,1,78,1863.0,250.0,Pedestrian,1830.0,213.0,1842.3542004728624
4274,1,80,1065.5,533.5,Pedestrian,1032.5,496.5,1145.673819199863
4274,1,81,48.0,201.0,Biker,15.0,164.0,164.68454693747074
4274,1,82,995.0,986.5,Pedestrian,962.0,949.5,1351.6635121212676
4275,1,2,492.0,327.5,Biker,459.0,290.5,543.2046115415443
4275,1,3,42.5,23.5,Pedestrian,9.5,-13.5,16.507574019219177
4275,1,4,34.0,78.5,Pedestrian,1.0,41.5,41.512046444375635
4275,1,6,352.0,488.0,Pedestrian,319.0,451.0,552.4146992975477
4275,1,8,1836.5,278.5,Pedestrian,1803.5,241.5,1819.597345568519
4275,1,10,216.5,227.0,Pedestrian,183.5,190.0,264.14437340212265
4275,1,11,1878.0,1027.5,Pedestrian,1845.0,990.5,2094.06667754396
4275,1,16,213.0,190.5,Pedestrian,180.0,153.5,236.5634164447242
4275,1,21,1022.5,1013.5,Pedestrian,989.5,976.5,1390.2023234047626
4275,1,24,698.0,449.0,Pedestrian,665.0,412.0,782.2844751111963
4275,1,27,252.5,205.5,Pedestrian,219.5,168.5,276.71736483278386
4275,1,43,1477.5,770.0,Pedestrian,1444.5,733.0,1619.8361799885815
4275,1,78,1864.5,250.0,Pedestrian,1831.5,213.0,1843.844150138509
4275,1,80,1062.5,533.5,Pedestrian,1029.5,496.5,1142.9709095160733
4275,1,81,48.0,200.0,Biker,15.0,163.0,163.68872899500442
4275,1,82,995.0,986.5,Pedestrian,962.0,949.5,1351.6635121212676
4276,1,2,489.0,327.5,Biker,456.0,290.5,540.6720355261589
4276,1,3,42.5,23.5,Pedestrian,9.5,-13.5,16.507574019219177
4276,1,4,34.0,78.5,Pedestrian,1.0,41.5,41.512046444375635
4276,1,6,349.0,488.0,Pedestrian,316.0,451.0,550.6877518158543
4276,1,8,1838.0,278.5,Pedestrian,1805.0,241.5,1821.084086471572
4276,1,10,216.5,227.0,Pedestrian,183.5,190.0,264.14437340212265
4276,1,11,1878.0,1027.5,Pedestrian,1845.0,990.5,2094.06667754396
4276,1,16,213.0,190.5,Pedestrian,180.0,153.5,236.5634164447242
4276,1,21,1022.5,1013.5,Pedestrian,989.5,976.5,1390.2023234047626
4276,1,24,698.0,449.0,Pedestrian,665.0,412.0,782.2844751111963
4276,1,27,252.5,205.5,Pedestrian,219.5,168.5,276.71736483278386
4276,1,43,1477.5,770.0,Pedestrian,1444.5,733.0,1619.8361799885815
4276,1,78,1864.5,248.5,Pedestrian,1831.5,211.5,1843.6714729039986
4276,1,80,1062.5,533.5,Pedestrian,1029.5,496.5,1142.9709095160733
4276,1,81,48.0,200.0,Biker,15.0,163.0,163.68872899500442
4276,1,82,995.0,986.5,Pedestrian,962.0,949.5,1351.6635121212676
4277,1,2,486.5,327.5,Biker,453.5,290.5,538.5652235337889
4277,1,3,42.5,23.5,Pedestrian,9.5,-13.5,16.507574019219177
4277,1,4,34.0,78.5,Pedestrian,1.0,41.5,41.512046444375635
4277,1,6,346.0,490.0,Pedestrian,313.0,453.0,550.6160186554692
4277,1,8,1839.5,278.5,Pedestrian,1806.5,241.5,1822.5708491029916
4277,1,10,216.5,227.0,Pedestrian,183.5,190.0,264.14437340212265
4277,1,11,1878.0,1027.5,Pedestrian,1845.0,990.5,2094.06667754396
4277,1,16,213.0,190.5,Pedestrian,180.0,153.5,236.5634164447242
4277,1,21,1022.5,1013.5,Pedestrian,989.5,976.5,1390.2023234047626
4277,1,24,698.0,449.0,Pedestrian,665.0,412.0,782.2844751111963
4277,1,27,252.5,205.5,Pedestrian,219.5,168.5,276.71736483278386
4277,1,43,1477.5,770.0,Pedestrian,1444.5,733.0,1619.8361799885815
4277,1,78,1864.5,248.5,Pedestrian,1831.5,211.5,1843.6714729039986
4277,1,80,1059.5,533.5,Pedestrian,1026.5,496.5,1140.2694856918692
4277,1,81,48.0,200.0,Biker,15.0,163.0,163.68872899500442
4277,1,82,995.0,986.5,Pedestrian,962.0,949.5,1351.6635121212676
4278,1,2,483.5,327.5,Biker,450.5,290.5,536.0415095867111
4278,1,3,42.5,23.5,Pedestrian,9.5,-13.5,16.507574019219177
4278,1,4,34.0,78.5,Pedestrian,1.0,41.5,41.512046444375635
4278,1,6,346.0,492.5,Pedestrian,313.0,455.5,552.6746330346635
4278,1,8,1839.5,278.5,Pedestrian,1806.5,241.5,1822.5708491029916
4278,1,10,216.5,227.0,Pedestrian,183.5,190.0,264.14437340212265
4278,1,11,1878.0,1027.5,Pedestrian,1845.0,990.5,2094.06667754396
4278,1,16,213.0,190.5,Pedestrian,180.0,153.5,236.5634164447242
4278,1,21,1022.5,1013.5,Pedestrian,989.5,976.5,1390.2023234047626
4278,1,24,698.0,449.0,Pedestrian,665.0,412.0,782.2844751111963
4278,1,27,252.5,205.5,Pedestrian,219.5,168.5,276.71736483278386
4278,1,43,1477.5,770.0,Pedestrian,1444.5,733.0,1619.8361799885815
4278,1,78,1864.5,248.5,Pedestrian,1831.5,211.5,1843.6714729039986
4278,1,80,1059.5,533.5,Pedestrian,1026.5,496.5,1140.2694856918692
4278,1,81,46.5,198.5,Biker,13.5,161.5,162.06325925390985
4278,1,82,995.0,986.5,Pedestrian,962.0,949.5,1351.6635121212676
4279,1,2,481.0,327.5,Biker,448.0,290.5,533.942178517487
4279,1,3,42.5,23.5,Pedestrian,9.5,-13.5,16.507574019219177
4279,1,4,34.0,78.5,Pedestrian,1.0,41.5,41.512046444375635
4279,1,6,343.0,492.5,Pedestrian,310.0,455.5,550.9811702771702
4279,1,8,1840.5,278.5,Pedestrian,1807.5,241.5,1823.5620362356747
4279,1,10,216.5,227.0,Pedestrian,183.5,190.0,264.14437340212265
4279,1,11,1878.0,1027.5,Pedestrian,1845.0,990.5,2094.06667754396
4279,1,16,213.0,190.5,Pedestrian,180.0,153.5,236.5634164447242
4279,1,21,1022.5,1013.5,Pedestrian,989.5,976.5,1390.2023234047626
4279,1,24,698.0,449.0,Pedestrian,665.0,412.0,782.2844751111963
4279,1,27,252.5,205.5,Pedestrian,219.5,168.5,276.71736483278386
4279,1,43,1477.5,770.0,Pedestrian,1444.5,733.0,1619.8361799885815
4279,1,78,1866.5,248.5,Pedestrian,1833.5,211.5,1845.6582836484115
4279,1,80,1057.0,533.5,Pedestrian,1024.0,496.5,1138.0194418374406
4279,1,81,46.5,198.5,Biker,13.5,161.5,162.06325925390985
4279,1,82,995.0,986.5,Pedestrian,962.0,949.5,1351.6635121212676
4280,1,2,478.0,327.5,Biker,445.0,290.5,531.4275585627829
4280,1,3,42.5,23.5,Pedestrian,9.5,-13.5,16.507574019219177
4280,1,4,34.0,78.5,Pedestrian,1.0,41.5,41.512046444375635
4280,1,6,343.0,495.0,Pedestrian,310.0,458.0,553.0497265165222
4280,1,8,1840.5,278.5,Pedestrian,1807.5,241.5,1823.5620362356747
4280,1,10,216.5,227.0,Pedestrian,183.5,190.0,264.14437340212265
4280,1,11,1878.0,1027.5,Pedestrian,1845.0,990.5,2094.06667754396
4280,1,16,213.0,190.5,Pedestrian,180.0,153.5,236.5634164447242
4280,1,21,1022.5,1013.5,Pedestrian,989.5,976.5,1390.2023234047626
4280,1,24,698.0,451.5,Pedestrian,665.0,414.5,783.6040135170315
4280,1,27,252.5,205.5,Pedestrian,219.5,168.5,276.71736483278386
4280,1,43,1477.5,770.0,Pedestrian,1444.5,733.0,1619.8361799885815
4280,1,78,1866.5,248.5,Pedestrian,1833.5,211.5,1845.6582836484115
4280,1,80,1057.0,533.5,Pedestrian,1024.0,496.5,1138.0194418374406
4280,1,81,46.5,198.5,Biker,13.5,161.5,162.06325925390985
4280,1,82,995.0,986.5,Pedestrian,962.0,949.5,1351.6635121212676
4281,1,2,478.0,327.5,Biker,445.0,290.5,531.4275585627829
4281,1,3,42.5,23.5,Pedestrian,9.5,-13.5,16.507574019219177
4281,1,4,34.0,78.5,Pedestrian,1.0,41.5,41.512046444375635
4281,1,6,341.0,497.0,Pedestrian,308.0,460.0,553.5919074553024
4281,1,8,1842.0,278.5,Pedestrian,1809.0,241.5,1825.0488349630539
4281,1,10,216.5,227.0,Pedestrian,183.5,190.0,264.14437340212265
4281,1,11,1878.0,1030.0,Pedestrian,1845.0,993.0,2095.2503430377956
4281,1,16,213.0,190.5,Pedestrian,180.0,153.5,236.5634164447242
4281,1,21,1022.5,1013.5,Pedestrian,989.5,976.5,1390.2023234047626
4281,1,24,695.5,450.5,Pedestrian,662.5,413.5,780.9535837679471
4281,1,27,252.5,205.5,Pedestrian,219.5,168.5,276.71736483278386
4281,1,43,1477.5,770.0,Pedestrian,1444.5,733.0,1619.8361799885815
4281,1,78,1866.5,248.5,Pedestrian,1833.5,211.5,1845.6582836484115
4281,1,80,1055.5,531.0,Pedestrian,1022.5,494.0,1135.580138079211
4281,1,81,46.5,197.5,Biker,13.5,160.5,161.0667563465534
4281,1,82,995.0,986.5,Pedestrian,962.0,949.5,1351.6635121212676
4282,1,2,475.5,327.5,Biker,442.5,290.5,529.3359046956856
4282,1,3,42.5,23.5,Pedestrian,9.5,-13.5,16.507574019219177
4282,1,4,34.0,78.5,Pedestrian,1.0,41.5,41.512046444375635
4282,1,6,341.0,497.0,Pedestrian,308.0,460.0,553.5919074553024
4282,1,8,1843.5,278.5,Pedestrian,1810.5,241.5,1826.5356552774983
4282,1,10,216.5,227.0,Pedestrian,183.5,190.0,264.14437340212265
4282,1,11,1878.0,1030.0,Pedestrian,1845.0,993.0,2095.2503430377956
4282,1,16,213.0,190.5,Pedestrian,180.0,153.5,236.5634164447242
4282,1,21,1022.5,1013.5,Pedestrian,989.5,976.5,1390.2023234047626
4282,1,24,695.5,450.5,Pedestrian,662.5,413.5,780.9535837679471
4282,1,27,252.5,205.5,Pedestrian,219.5,168.5,276.71736483278386
4282,1,43,1477.5,770.0,Pedestrian,1444.5,733.0,1619.8361799885815
4282,1,78,1866.5,248.5,Pedestrian,1833.5,211.5,1845.6582836484115
4282,1,80,1054.5,531.0,Pedestrian,1021.5,494.0,1134.6798006486235
4282,1,81,46.5,197.5,Biker,13.5,160.5,161.0667563465534
4282,1,82,995.0,986.5,Pedestrian,962.0,949.5,1351.6635121212676
4283,1,2,472.5,327.5,Biker,439.5,290.5,526.830617940909
4283,1,3,42.5,23.5,Pedestrian,9.5,-13.5,16.507574019219177
4283,1,4,34.0,78.5,Pedestrian,1.0,41.5,41.512046444375635
4283,1,6,338.0,499.5,Pedestrian,305.0,462.5,554.0137633669402
4283,1,8,1843.5,278.5,Pedestrian,1810.5,241.5,1826.5356552774983
4283,1,10,216.5,227.0,Pedestrian,183.5,190.0,264.14437340212265
4283,1,11,1878.0,1030.0,Pedestrian,1845.0,993.0,2095.2503430377956
4283,1,16,213.0,190.5,Pedestrian,180.0,153.5,236.5634164447242
4283,1,21,1022.5,1013.5,Pedestrian,989.5,976.5,1390.2023234047626
4283,1,24,695.5,450.5,Pedestrian,662.5,413.5,780.9535837679471
4283,1,27,252.5,205.5,Pedestrian,219.5,168.5,276.71736483278386
4283,1,43,1477.5,770.0,Pedestrian,1444.5,733.0,1619.8361799885815
4283,1,78,1869.5,248.5,Pedestrian,1836.5,211.5,1848.6385530979278
4283,1,80,1053.0,531.0,Pedestrian,1020.0,494.0,1133.329607837014
4283,1,81,46.5,197.5,Biker,13.5,160.5,161.0667563465534
4283,1,82,995.0,986.5,Pedestrian,962.0,949.5,1351.6635121212676
4284,1,2,472.5,327.5,Biker,439.5,290.5,526.830617940909
4284,1,3,42.5,23.5,Pedestrian,9.5,-13.5,16.507574019219177
4284,1,4,34.0,78.5,Pedestrian,1.0,41.5,41.512046444375635
4284,1,6,338.0,501.5,Pedestrian,305.0,464.5,555.6844878166027
4284,1,8,1845.0,278.5,Pedestrian,1812.0,241.5,1828.0224971263347
4284,1,10,216.5,227.0,Pedestrian,183.5,190.0,264.14437340212265
4284,1,11,1878.0,1032.0,Pedestrian,1845.0,995.0,2096.1989409404823
4284,1,16,213.0,190.5,Pedestrian,180.0,153.5,236.5634164447242
4284,1,21,1022.5,1013.5,Pedestrian,989.5,976.5,1390.2023234047626
4284,1,24,695.5,450.5,Pedestrian,662.5,413.5,780.9535837679471
4284,1,27,252.5,205.5,Pedestrian,219.5,168.5,276.71736483278386
4284,1,43,1477.5,770.0,Pedestrian,1444.5,733.0,1619.8361799885815
4284,1,78,1869.5,248.5,Pedestrian,1836.5,211.5,1848.6385530979278
4284,1,80,1051.5,531.0,Pedestrian,1018.5,494.0,1131.9797922224584
4284,1,81,46.5,196.5,Biker,13.5,159.5,160.07029705726168
4284,1,82,995.0,986.5,Pedestrian,962.0,949.5,1351.6635121212676
4285,1,2,470.0,327.5,Biker,437.0,290.5,524.7468437256198
4285,1,3,42.5,23.5,Pedestrian,9.5,-13.5,16.507574019219177
4285,1,4,34.0,78.5,Pedestrian,1.0,41.5,41.512046444375635
4285,1,6,335.0,501.5,Pedestrian,302.0,464.5,554.0435452200486
4285,1,8,1846.5,278.5,Pedestrian,1813.5,241.5,1829.5093604570598
4285,1,10,216.5,227.0,Pedestrian,183.5,190.0,264.14437340212265
4285,1,11,1878.0,1032.0,Pedestrian,1845.0,995.0,2096.1989409404823
4285,1,16,213.0,190.5,Pedestrian,180.0,153.5,236.5634164447242
4285,1,21,1022.5,1013.5,Pedestrian,989.5,976.5,1390.2023234047626
4285,1,24,695.5,450.5,Pedestrian,662.5,413.5,780.9535837679471
4285,1,27,252.5,205.5,Pedestrian,219.5,168.5,276.71736483278386
4285,1,43,1477.5,770.0,Pedestrian,1444.5,733.0,1619.8361799885815
4285,1,78,1869.5,248.5,Pedestrian,1836.5,211.5,1848.6385530979278
4285,1,80,1050.0,531.0,Pedestrian,1017.0,494.0,1130.6303551559192
4285,1,81,46.5,196.5,Biker,13.5,159.5,160.07029705726168
4285,1,82,995.0,986.5,Pedestrian,962.0,949.5,1351.6635121212676
4286,1,2,467.0,329.0,Biker,434.0,292.0,523.0869908533379
4286,1,3,42.5,23.5,Pedestrian,9.5,-13.5,16.507574019219177
4286,1,4,34.0,78.5,Pedestrian,1.0,41.5,41.512046444375635
4286,1,6,335.0,504.0,Pedestrian,302.0,467.0,556.1411691288463
4286,1,8,1846.5,278.5,Pedestrian,1813.5,241.5,1829.5093604570598
4286,1,10,216.5,227.0,Pedestrian,183.5,190.0,264.14437340212265
4286,1,11,1878.0,1034.5,Pedestrian,1845.0,997.5,2097.386766907811
4286,1,16,213.0,190.5,Pedestrian,180.0,153.5,236.5634164447242
4286,1,21,1022.5,1013.5,Pedestrian,989.5,976.5,1390.2023234047626
4286,1,24,695.5,450.5,Pedestrian,662.5,413.5,780.9535837679471
4286,1,27,252.5,205.5,Pedestrian,219.5,168.5,276.71736483278386
4286,1,43,1479.0,770.0,Pedestrian,1446.0,733.0,1621.1739573531274
4286,1,78,1869.5,247.5,Pedestrian,1836.5,210.5,1848.5244115239593
4286,1,80,1048.5,531.0,Pedestrian,1015.5,494.0,1129.2812979944367
4286,1,81,46.5,195.0,Biker,13.5,158.0,158.57569170588536
4286,1,82,995.0,986.5,Pedestrian,962.0,949.5,1351.6635121212676
4287,1,2,467.0,329.0,Biker,434.0,292.0,523.0869908533379
4287,1,3,42.5,23.5,Pedestrian,9.5,-13.5,16.507574019219177
4287,1,4,34.0,78.5,Pedestrian,1.0,41.5,41.512046444375635
4287,1,6,332.0,506.0,Pedestrian,299.0,469.0,556.2032002784593
4287,1,8,1847.5,278.5,Pedestrian,1814.5,241.5,1830.5006145860755
4287,1,10,216.5,227.0,Pedestrian,183.5,190.0,264.14437340212265
4287,1,11,1878.0,1034.5,Pedestrian,1845.0,997.5,2097.386766907811
4287,1,16,213.0,190.5,Pedestrian,180.0,153.5,236.5634164447242
4287,1,21,1022.5,1013.5,Pedestrian,989.5,976.5,1390.2023234047626
4287,1,24,695.5,450.5,Pedestrian,662.5,413.5,780.9535837679471
4287,1,27,252.5,205.5,Pedestrian,219.5,168.5,276.71736483278386
4287,1,43,1479.0,770.0,Pedestrian,1446.0,733.0,1621.1739573531274
4287,1,78,1872.5,247.5,Pedestrian,1839.5,210.5,1851.5049284298436
4287,1,80,1047.5,531.0,Pedestrian,1014.5,494.0,1128.3821382847213
4287,1,81,46.5,195.0,Biker,13.5,158.0,158.57569170588536
4287,1,82,995.0,986.5,Pedestrian,962.0,949.5,1351.6635121212676
4288,1,2,464.5,329.0,Biker,431.5,292.0,521.0146351111454
4288,1,3,42.5,23.5,Pedestrian,9.5,-13.5,16.507574019219177
4288,1,4,34.0,78.5,Pedestrian,1.0,41.5,41.512046444375635
4288,1,6,332.0,506.0,Pedestrian,299.0,469.0,556.2032002784593
4288,1,8,1847.5,278.5,Pedestrian,1814.5,241.5,1830.5006145860755
4288,1,10,216.5,227.0,Pedestrian,183.5,190.0,264.14437340212265
4288,1,11,1878.0,1034.5,Pedestrian,1845.0,997.5,2097.386766907811
4288,1,16,213.0,190.5,Pedestrian,180.0,153.5,236.5634164447242
4288,1,21,1022.5,1013.5,Pedestrian,989.5,976.5,1390.2023234047626
4288,1,24,695.5,450.5,Pedestrian,662.5,413.5,780.9535837679471
4288,1,27,252.5,205.5,Pedestrian,219.5,168.5,276.71736483278386
4288,1,43,1479.0,770.0,Pedestrian,1446.0,733.0,1621.1739573531274
4288,1,78,1872.5,247.5,Pedestrian,1839.5,210.5,1851.5049284298436
4288,1,80,1046.0,531.0,Pedestrian,1013.0,494.0,1127.0337173305863
4288,1,81,46.5,195.0,Biker,13.5,158.0,158.57569170588536
4288,1,82,995.0,986.5,Pedestrian,962.0,949.5,1351.6635121212676
4289,1,2,461.5,329.0,Biker,428.5,292.0,518.5327858486867
4289,1,3,42.5,23.5,Pedestrian,9.5,-13.5,16.507574019219177
4289,1,4,34.0,78.5,Pedestrian,1.0,41.5,41.512046444375635
4289,1,6,330.0,508.5,Pedestrian,297.0,471.5,557.2443359963384
4289,1,8,1849.0,278.5,Pedestrian,1816.0,241.5,1831.9875136037363
4289,1,10,216.5,227.0,Pedestrian,183.5,190.0,264.14437340212265
4289,1,11,1878.0,1036.5,Pedestrian,1845.0,999.5,2098.3386881054257
4289,1,16,213.0,190.5,Pedestrian,180.0,153.5,236.5634164447242
4289,1,21,1022.5,1013.5,Pedestrian,989.5,976.5,1390.2023234047626
4289,1,24,695.5,450.5,Pedestrian,662.5,413.5,780.9535837679471
4289,1,27,252.5,205.5,Pedestrian,219.5,168.5,276.71736483278386
4289,1,43,1479.0,770.0,Pedestrian,1446.0,733.0,1621.1739573531274
4289,1,78,1872.5,247.5,Pedestrian,1839.5,210.5,1851.5049284298436
4289,1,80,1044.5,531.0,Pedestrian,1011.5,494.0,1125.685679930237
4289,1,81,46.5,194.0,Biker,13.5,157.0,157.57934509319423
4289,1,82,995.0,986.5,Pedestrian,962.0,949.5,1351.6635121212676
4290,1,2,461.5,331.0,Biker,428.5,294.0,519.6616687807558
4290,1,3,42.5,23.5,Pedestrian,9.5,-13.5,16.507574019219177
4290,1,4,34.0,78.5,Pedestrian,1.0,41.5,41.512046444375635
4290,1,6,330.0,510.5,Pedestrian,297.0,473.5,558.9376083249364
4290,1,8,1850.5,278.5,Pedestrian,1817.5,241.5,1833.4744339641063
4290,1,10,216.5,227.0,Pedestrian,183.5,190.0,264.14437340212265
4290,1,11,1878.0,1036.5,Pedestrian,1845.0,999.5,2098.3386881054257
4290,1,16,213.0,190.5,Pedestrian,180.0,153.5,236.5634164447242
4290,1,21,1022.5,1013.5,Pedestrian,989.5,976.5,1390.2023234047626
4290,1,24,695.5,450.5,Pedestrian,662.5,413.5,780.9535837679471
4290,1,27,252.5,205.5,Pedestrian,219.5,168.5,276.71736483278386
4290,1,43,1479.0,770.0,Pedestrian,1446.0,733.0,1621.1739573531274
4290,1,78,1872.5,246.5,Pedestrian,1839.5,209.5,1851.3915037074141
4290,1,80,1043.5,531.0,Pedestrian,1010.5,494.0,1124.7872020964676
4290,1,81,46.5,194.0,Biker,13.5,157.0,157.57934509319423
4290,1,82,995.0,986.5,Pedestrian,962.0,949.5,1351.6635121212676
4291,1,2,459.0,331.0,Biker,426.0,294.0,517.6021638285528
4291,1,3,42.5,23.5,Pedestrian,9.5,-13.5,16.507574019219177
4291,1,4,34.0,78.5,Pedestrian,1.0,41.5,41.512046444375635
4291,1,6,327.0,510.5,Pedestrian,294.0,473.5,557.3493069879966
4291,1,8,1850.5,278.5,Pedestrian,1817.5,241.5,1833.4744339641063
4291,1,10,216.5,227.0,Pedestrian,183.5,190.0,264.14437340212265
4291,1,11,1878.0,1039.0,Pedestrian,1845.0,1002.0,2099.5306618384975
4291,1,16,213.0,190.5,Pedestrian,180.0,153.5,236.5634164447242
4291,1,21,1022.5,1013.5,Pedestrian,989.5,976.5,1390.2023234047626
4291,1,24,695.5,450.5,Pedestrian,662.5,413.5,780.9535837679471
4291,1,27,252.5,205.5,Pedestrian,219.5,168.5,276.71736483278386
4291,1,43,1479.0,770.0,Pedestrian,1446.0,733.0,1621.1739573531274
4291,1,78,1874.0,246.5,Pedestrian,1841.0,209.5,1852.8818769689556
4291,1,80,1042.0,529.0,Pedestrian,1009.0,492.0,1122.561802307561
4291,1,81,46.5,194.0,Biker,13.5,157.0,157.57934509319423
4291,1,82,995.0,986.5,Pedestrian,962.0,949.5,1351.6635121212676
4292,1,2,456.0,331.0,Biker,423.0,294.0,515.135904398053
4292,1,3,42.5,23.5,Pedestrian,9.5,-13.5,16.507574019219177
4292,1,4,34.0,78.5,Pedestrian,1.0,41.5,41.512046444375635
4292,1,6,324.0,513.0,Pedestrian,291.0,476.0,557.9041136252716
4292,1,8,1851.5,278.5,Pedestrian,1818.5,241.5,1834.465726035785
4292,1,10,216.5,227.0,Pedestrian,183.5,190.0,264.14437340212265
4292,1,11,1878.0,1039.0,Pedestrian,1845.0,1002.0,2099.5306618384975
4292,1,16,213.0,190.5,Pedestrian,180.0,153.5,236.5634164447242
4292,1,21,1022.5,1013.5,Pedestrian,989.5,976.5,1390.2023234047626
4292,1,24,695.5,450.5,Pedestrian,662.5,413.5,780.9535837679471
4292,1,27,252.5,205.5,Pedestrian,219.5,168.5,276.71736483278386
4292,1,43,1479.0,770.0,Pedestrian,1446.0,733.0,1621.1739573531274
4292,1,78,1875.5,246.5,Pedestrian,1842.5,209.5,1854.3722657546407
4292,1,80,1040.5,529.0,Pedestrian,1007.5,492.0,1121.2137396589465
4292,1,81,46.5,193.0,Biker,13.5,156.0,156.58304505916342
4292,1,82,995.0,986.5,Pedestrian,962.0,949.5,1351.6635121212676
4293,1,2,453.5,333.0,Biker,420.5,296.0,514.2336531188911
4293,1,3,42.5,23.5,Pedestrian,9.5,-13.5,16.507574019219177
4293,1,4,34.0,78.5,Pedestrian,1.0,41.5,41.512046444375635
4293,1,6,324.0,513.0,Pedestrian,291.0,476.0,557.9041136252716
4293,1,8,1851.5,278.5,Pedestrian,1818.5,241.5,1834.465726035785
4293,1,10,216.5,227.0,Pedestrian,183.5,190.0,264.14437340212265
4293,1,11,1878.0,1039.0,Pedestrian,1845.0,1002.0,2099.5306618384975
4293,1,16,213.0,190.5,Pedestrian,180.0,153.5,236.5634164447242
4293,1,21,1022.5,1013.5,Pedestrian,989.5,976.5,1390.2023234047626
4293,1,24,695.5,450.5,Pedestrian,662.5,413.5,780.9535837679471
4293,1,27,252.5,205.5,Pedestrian,219.5,168.5,276.71736483278386
4293,1,43,1479.0,770.0,Pedestrian,1446.0,733.0,1621.1739573531274
4293,1,78,1875.5,246.5,Pedestrian,1842.5,209.5,1854.3722657546407
4293,1,80,1039.0,529.0,Pedestrian,1006.0,492.0,1119.866063420086
4293,1,81,46.5,193.0,Biker,13.5,156.0,156.58304505916342
4293,1,82,995.0,986.5,Pedestrian,962.0,949.5,1351.6635121212676
4294,1,2,450.5,333.0,Biker,417.5,296.0,511.783401450262
4294,1,3,42.5,23.5,Pedestrian,9.5,-13.5,16.507574019219177
4294,1,4,34.0,78.5,Pedestrian,1.0,41.5,41.512046444375635
4294,1,6,321.0,515.5,Pedestrian,288.0,478.5,558.4856757339439
4294,1,8,1853.0,276.5,Pedestrian,1820.0,239.5,1835.6906738336936
4294,1,10,216.5,227.0,Pedestrian,183.5,190.0,264.14437340212265
4294,1,11,1878.0,1039.0,Pedestrian,1845.0,1002.0,2099.5306618384975
4294,1,16,213.0,190.5,Pedestrian,180.0,153.5,236.5634164447242
4294,1,21,1022.5,1013.5,Pedestrian,989.5,976.5,1390.2023234047626
4294,1,24,695.5,450.5,Pedestrian,662.5,413.5,780.9535837679471
4294,1,27,252.5,205.5,Pedestrian,219.5,168.5,276.71736483278386
4294,1,43,1479.0,770.0,Pedestrian,1446.0,733.0,1621.1739573531274
4294,1,78,1875.5,246.5,Pedestrian,1842.5,209.5,1854.3722657546407
4294,1,80,1037.5,529.0,Pedestrian,1004.5,492.0,1118.5187749877066
4294,1,81,46.5,193.0,Biker,13.5,156.0,156.58304505916342
4294,1,82,995.0,986.5,Pedestrian,962.0,949.5,1351.6635121212676
4295,1,2,448.0,333.0,Biker,415.0,296.0,509.7460151879561
4295,1,3,42.5,23.5,Pedestrian,9.5,-13.5,16.507574019219177
4295,1,4,34.0,78.5,Pedestrian,1.0,41.5,41.512046444375635
4295,1,6,321.0,515.5,Pedestrian,288.0,478.5,558.4856757339439
4295,1,8,1854.5,276.5,Pedestrian,1821.5,239.5,1837.1778629191024
4295,1,10,216.5,227.0,Pedestrian,183.5,190.0,264.14437340212265
4295,1,11,1878.0,1039.0,Pedestrian,1845.0,1002.0,2099.5306618384975
4295,1,16,213.0,190.5,Pedestrian,180.0,153.5,236.5634164447242
4295,1,21,1022.5,1013.5,Pedestrian,989.5,976.5,1390.2023234047626
4295,1,24,695.5,450.5,Pedestrian,662.5,413.5,780.9535837679471
4295,1,27,252.5,205.5,Pedestrian,219.5,168.5,276.71736483278386
4295,1,43,1479.0,770.0,Pedestrian,1446.0,733.0,1621.1739573531274
4295,1,78,1876.5,246.5,Pedestrian,1843.5,209.5,1855.3658668844805
4295,1,80,1036.5,529.0,Pedestrian,1003.5,492.0,1117.6207988401075
4295,1,81,46.5,192.0,Biker,13.5,155.0,155.58679249859225
4295,1,82,995.0,986.5,Pedestrian,962.0,949.5,1351.6635121212676
4296,1,2,445.0,335.0,Biker,412.0,298.0,508.47615479980965
4296,1,3,42.5,23.5,Pedestrian,9.5,-13.5,16.507574019219177
4296,1,4,34.0,78.5,Pedestrian,1.0,41.5,41.512046444375635
4296,1,6,319.0,517.5,Pedestrian,286.0,480.5,559.1746149459934
4296,1,8,1854.5,276.5,Pedestrian,1821.5,239.5,1837.1778629191024
4296,1,10,216.5,227.0,Pedestrian,183.5,190.0,264.14437340212265
4296,1,11,1878.0,1039.0,Pedestrian,1845.0,1002.0,2099.5306618384975
4296,1,16,213.0,190.5,Pedestrian,180.0,153.5,236.5634164447242
4296,1,21,1022.5,1013.5,Pedestrian,989.5,976.5,1390.2023234047626
4296,1,24,695.5,450.5,Pedestrian,662.5,413.5,780.9535837679471
4296,1,27,252.5,205.5,Pedestrian,219.5,168.5,276.71736483278386
4296,1,43,1479.0,770.0,Pedestrian,1446.0,733.0,1621.1739573531274
4296,1,78,1877.5,246.5,Pedestrian,1844.5,209.5,1856.3594748862624
4296,1,80,1035.0,529.0,Pedestrian,1002.0,492.0,1116.274159872923
4296,1,81,46.5,192.0,Biker,13.5,155.0,155.58679249859225
4296,1,82,995.0,986.5,Pedestrian,962.0,949.5,1351.6635121212676
4297,1,2,442.5,335.0,Biker,409.5,298.0,506.45261377546467
4297,1,3,42.5,23.5,Pedestrian,9.5,-13.5,16.507574019219177
4297,1,4,34.0,78.5,Pedestrian,1.0,41.5,41.512046444375635
4297,1,6,316.0,517.5,Pedestrian,283.0,480.5,557.6461691789875
4297,1,8,1856.0,276.5,Pedestrian,1823.0,239.5,1838.6650728177767
4297,1,10,216.5,227.0,Pedestrian,183.5,190.0,264.14437340212265
4297,1,11,1880.5,1039.0,Pedestrian,1847.5,1002.0,2101.7279200695793
4297,1,16,213.0,190.5,Pedestrian,180.0,153.5,236.5634164447242
4297,1,21,1022.5,1013.5,Pedestrian,989.5,976.5,1390.2023234047626
4297,1,24,695.5,450.5,Pedestrian,662.5,413.5,780.9535837679471
4297,1,27,252.5,205.5,Pedestrian,219.5,168.5,276.71736483278386
4297,1,43,1479.0,770.0,Pedestrian,1446.0,733.0,1621.1739573531274
4297,1,78,1877.5,246.5,Pedestrian,1844.5,209.5,1856.3594748862624
4297,1,80,1033.5,529.0,Pedestrian,1000.5,492.0,1114.927912467887
4297,1,81,46.5,191.0,Biker,13.5,154.0,154.5905883293029
4297,1,82,995.0,986.5,Pedestrian,962.0,949.5,1351.6635121212676
4298,1,2,439.5,335.0,Biker,406.5,298.0,504.03000902724034
4298,1,3,42.5,23.5,Pedestrian,9.5,-13.5,16.507574019219177
4298,1,4,34.0,78.5,Pedestrian,1.0,41.5,41.512046444375635
4298,1,6,316.0,520.0,Pedestrian,283.0,483.0,559.801750622486
4298,1,8,1856.0,276.5,Pedestrian,1823.0,239.5,1838.6650728177767
4298,1,10,216.5,227.0,Pedestrian,183.5,190.0,264.14437340212265
4298,1,11,1880.5,1039.0,Pedestrian,1847.5,1002.0,2101.7279200695793
4298,1,16,213.0,190.5,Pedestrian,180.0,153.5,236.5634164447242
4298,1,21,1022.5,1013.5,Pedestrian,989.5,976.5,1390.2023234047626
4298,1,24,695.5,450.5,Pedestrian,662.5,413.5,780.9535837679471
4298,1,27,252.5,205.5,Pedestrian,219.5,168.5,276.71736483278386
4298,1,43,1479.0,770.0,Pedestrian,1446.0,733.0,1621.1739573531274
4298,1,78,1877.5,246.5,Pedestrian,1844.5,209.5,1856.3594748862624
4298,1,80,1032.5,529.0,Pedestrian,999.5,492.0,1114.0306324334174
4298,1,81,46.5,191.0,Biker,13.5,154.0,154.5905883293029
4298,1,82,995.0,986.5,Pedestrian,962.0,949.5,1351.6635121212676
4299,1,2,437.0,338.0,Biker,404.0,301.0,503.8025406843439
4299,1,3,42.5,23.5,Pedestrian,9.5,-13.5,16.507574019219177
4299,1,4,34.0,78.5,Pedestrian,1.0,41.5,41.512046444375635
4299,1,6,313.0,520.0,Pedestrian,280.0,483.0,558.2911426845316
4299,1,8,1857.5,276.5,Pedestrian,1824.5,239.5,1840.1523034792529
4299,1,10,216.5,227.0,Pedestrian,183.5,190.0,264.14437340212265
4299,1,11,1880.5,1041.5,Pedestrian,1847.5,1004.5,2102.9209447813296
4299,1,16,213.0,190.5,Pedestrian,180.0,153.5,236.5634164447242
4299,1,21,1022.5,1013.5,Pedestrian,989.5,976.5,1390.2023234047626
4299,1,24,695.5,450.5,Pedestrian,662.5,413.5,780.9535837679471
4299,1,27,252.5,205.5,Pedestrian,219.5,168.5,276.71736483278386
4299,1,43,1479.0,770.0,Pedestrian,1446.0,733.0,1621.1739573531274
4299,1,78,1879.0,246.5,Pedestrian,1846.0,209.5,1857.849899749708
4299,1,80,1031.0,529.0,Pedestrian,998.0,492.0,1112.6850407909687
4299,1,81,46.5,191.0,Biker,13.5,154.0,154.5905883293029
4299,1,82,995.0,986.5,Pedestrian,962.0,949.5,1351.6635121212676
4300,1,2,434.0,338.0,Biker,401.0,301.0,501.40003988831114
4300,1,3,42.5,23.5,Pedestrian,9.5,-13.5,16.507574019219177
4300,1,4,34.0,78.5,Pedestrian,1.0,41.5,41.512046444375635
4300,1,6,313.0,522.0,Pedestrian,280.0,485.0,560.0223209837266
4300,1,8,1858.5,276.5,Pedestrian,1825.5,239.5,1841.1438020969465
4300,1,10,216.5,227.0,Pedestrian,183.5,190.0,264.14437340212265
4300,1,11,1880.5,1041.5,Pedestrian,1847.5,1004.5,2102.9209447813296
4300,1,16,213.0,190.5,Pedestrian,180.0,153.5,236.5634164447242
4300,1,21,1022.5,1013.5,Pedestrian,989.5,976.5,1390.2023234047626
4300,1,24,695.5,450.5,Pedestrian,662.5,413.5,780.9535837679471
4300,1,27,252.5,205.5,Pedestrian,219.5,168.5,276.71736483278386
4300,1,43,1479.0,770.0,Pedestrian,1446.0,733.0,1621.1739573531274
4300,1,78,1880.5,246.5,Pedestrian,1847.5,209.5,1859.340340013092
4300,1,80,1029.5,529.0,Pedestrian,996.5,492.0,1111.3398445120197
4300,1,81,46.5,191.0,Biker,13.5,154.0,154.5905883293029
4300,1,82,995.0,986.5,Pedestrian,962.0,949.5,1351.6635121212676
4301,1,2,431.5,338.0,Biker,398.5,301.0,499.4028934637844
4301,1,3,42.5,23.5,Pedestrian,9.5,-13.5,16.507574019219177
4301,1,4,34.0,78.5,Pedestrian,1.0,41.5,41.512046444375635
4301,1,6,310.0,522.0,Pedestrian,277.0,485.0,558.528423627661
4301,1,8,1858.5,276.5,Pedestrian,1825.5,239.5,1841.1438020969465
4301,1,10,216.5,227.0,Pedestrian,183.5,190.0,264.14437340212265
4301,1,11,1880.5,1041.5,Pedestrian,1847.5,1004.5,2102.9209447813296
4301,1,16,213.0,190.5,Pedestrian,180.0,153.5,236.5634164447242
4301,1,21,1022.5,1013.5,Pedestrian,989.5,976.5,1390.2023234047626
4301,1,24,695.5,450.5,Pedestrian,662.5,413.5,780.9535837679471
4301,1,27,252.5,205.5,Pedestrian,219.5,168.5,276.71736483278386
4301,1,43,1479.0,770.0,Pedestrian,1446.0,733.0,1621.1739573531274
4301,1,78,1880.5,245.5,Pedestrian,1847.5,208.5,1859.2279311585226
4301,1,80,1028.0,527.0,Pedestrian,995.0,490.0,1109.110003561414
4301,1,81,45.0,189.5,Biker,12.0,152.5,152.97140255616407
4301,1,82,995.0,986.5,Pedestrian,962.0,949.5,1351.6635121212676
4302,1,2,428.5,340.0,Biker,395.5,303.0,498.2261032904639
4302,1,3,42.5,23.5,Pedestrian,9.5,-13.5,16.507574019219177
4302,1,4,34.0,78.5,Pedestrian,1.0,41.5,41.512046444375635
4302,1,6,308.0,524.5,Pedestrian,275.0,487.5,559.7153294309528
4302,1,8,1860.0,276.5,Pedestrian,1827.0,239.5,1842.631067251391
4302,1,10,216.5,227.0,Pedestrian,183.5,190.0,264.14437340212265
4302,1,11,1880.5,1041.5,Pedestrian,1847.5,1004.5,2102.9209447813296
4302,1,16,213.0,190.5,Pedestrian,180.0,153.5,236.5634164447242
4302,1,21,1022.5,1013.5,Pedestrian,989.5,976.5,1390.2023234047626
4302,1,24,695.5,450.5,Pedestrian,662.5,413.5,780.9535837679471
4302,1,27,252.5,205.5,Pedestrian,219.5,168.5,276.71736483278386
4302,1,43,1479.0,770.0,Pedestrian,1446.0,733.0,1621.1739573531274
4302,1,78,1880.5,245.5,Pedestrian,1847.5,208.5,1859.2279311585226
4302,1,80,1026.5,527.0,Pedestrian,993.5,490.0,1107.7645282279082
4302,1,81,45.0,189.5,Biker,12.0,152.5,152.97140255616407
4302,1,82,995.0,986.5,Pedestrian,962.0,949.5,1351.6635121212676
4303,1,2,426.0,340.0,Biker,393.0,303.0,496.2438916500635
4303,1,3,42.5,23.5,Pedestrian,9.5,-13.5,16.507574019219177
4303,1,4,34.0,78.5,Pedestrian,1.0,41.5,41.512046444375635
4303,1,6,308.0,524.5,Pedestrian,275.0,487.5,559.7153294309528
4303,1,8,1860.0,276.5,Pedestrian,1827.0,239.5,1842.631067251391
4303,1,10,216.5,227.0,Pedestrian,183.5,190.0,264.14437340212265
4303,1,11,1883.5,1041.5,Pedestrian,1850.5,1004.5,2105.5570521835784
4303,1,16,213.0,190.5,Pedestrian,180.0,153.5,236.5634164447242
4303,1,21,1022.5,1013.5,Pedestrian,989.5,976.5,1390.2023234047626
4303,1,24,695.5,450.5,Pedestrian,662.5,413.5,780.9535837679471
4303,1,27,252.5,205.5,Pedestrian,219.5,168.5,276.71736483278386
4303,1,43,1479.0,770.0,Pedestrian,1446.0,733.0,1621.1739573531274
4303,1,78,1882.0,245.5,Pedestrian,1849.0,208.5,1860.7184768255513
4303,1,80,1025.5,527.0,Pedestrian,992.5,490.0,1106.867765363144
4303,1,81,45.0,188.5,Biker,12.0,151.5,151.97450444071202
4303,1,82,995.0,986.5,Pedestrian,962.0,949.5,1351.6635121212676
4304,1,2,423.0,340.0,Biker,390.0,303.0,493.8714407616622
4304,1,3,42.5,23.5,Pedestrian,9.5,-13.5,16.507574019219177
4304,1,4,34.0,78.5,Pedestrian,1.0,41.5,41.512046444375635
4304,1,6,305.0,526.5,Pedestrian,272.0,489.5,559.9948660478951
4304,1,8,1861.5,276.5,Pedestrian,1828.5,239.5,1844.1183530348587
4304,1,10,218.0,227.0,Pedestrian,185.0,190.0,265.1886121235224
4304,1,11,1883.5,1041.5,Pedestrian,1850.5,1004.5,2105.5570521835784
4304,1,16,213.0,190.5,Pedestrian,180.0,153.5,236.5634164447242
4304,1,21,1022.5,1013.5,Pedestrian,989.5,976.5,1390.2023234047626
4304,1,24,692.5,450.5,Pedestrian,659.5,413.5,778.4102388843559
4304,1,27,252.5,205.5,Pedestrian,219.5,168.5,276.71736483278386
4304,1,43,1479.0,770.0,Pedestrian,1446.0,733.0,1621.1739573531274
4304,1,78,1882.0,245.5,Pedestrian,1849.0,208.5,1860.7184768255513
4304,1,80,1024.0,527.0,Pedestrian,991.0,490.0,1105.5229531764594
4304,1,81,45.0,188.5,Biker,12.0,151.5,151.97450444071202
4304,1,82,995.0,986.5,Pedestrian,962.0,949.5,1351.6635121212676
4305,1,2,420.5,342.0,Biker,387.5,305.0,493.13410954830533
4305,1,3,42.5,23.5,Pedestrian,9.5,-13.5,16.507574019219177
4305,1,4,34.0,78.5,Pedestrian,1.0,41.5,41.512046444375635
4305,1,6,305.0,526.5,Pedestrian,272.0,489.5,559.9948660478951
4305,1,8,1862.5,276.5,Pedestrian,1829.5,239.5,1845.1098883264378
4305,1,10,218.0,227.0,Pedestrian,185.0,190.0,265.1886121235224
4305,1,11,1883.5,1041.5,Pedestrian,1850.5,1004.5,2105.5570521835784
4305,1,16,213.0,190.5,Pedestrian,180.0,153.5,236.5634164447242
4305,1,21,1022.5,1013.5,Pedestrian,989.5,976.5,1390.2023234047626
4305,1,24,692.5,450.5,Pedestrian,659.5,413.5,778.4102388843559
4305,1,27,252.5,205.5,Pedestrian,219.5,168.5,276.71736483278386
4305,1,43,1479.0,770.0,Pedestrian,1446.0,733.0,1621.1739573531274
4305,1,78,1883.5,244.5,Pedestrian,1850.5,207.5,1862.0973390239299
4305,1,80,1022.5,527.0,Pedestrian,989.5,490.0,1104.178540816656
4305,1,81,45.0,188.5,Biker,12.0,151.5,151.97450444071202
4305,1,82,995.0,986.5,Pedestrian,962.0,949.5,1351.6635121212676
4306,1,2,417.5,342.0,Biker,384.5,305.0,490.78024613873777
4306,1,3,42.5,23.5,Pedestrian,9.5,-13.5,16.507574019219177
4306,1,4,34.0,78.5,Pedestrian,1.0,41.5,41.512046444375635
4306,1,6,302.0,529.0,Pedestrian,269.0,492.0,560.7361233236182
4306,1,8,1862.5,276.5,Pedestrian,1829.5,239.5,1845.1098883264378
4306,1,10,218.0,227.0,Pedestrian,185.0,190.0,265.1886121235224
4306,1,11,1883.5,1043.5,Pedestrian,1850.5,1006.5,2106.511927333904
4306,1,16,213.0,190.5,Pedestrian,180.0,153.5,236.5634164447242
4306,1,21,1022.5,1013.5,Pedestrian,989.5,976.5,1390.2023234047626
4306,1,24,692.5,450.5,Pedestrian,659.5,413.5,778.4102388843559
4306,1,27,252.5,205.5,Pedestrian,219.5,168.5,276.71736483278386
4306,1,43,1479.0,770.0,Pedestrian,1446.0,733.0,1621.1739573531274
4306,1,78,1883.5,244.5,Pedestrian,1850.5,207.5,1862.0973390239299
4306,1,80,1021.5,527.0,Pedestrian,988.5,490.0,1103.282488757979
4306,1,81,45.0,187.5,Biker,12.0,150.5,150.97764735218257
4306,1,82,995.0,986.5,Pedestrian,962.0,949.5,1351.6635121212676
4307,1,2,415.0,342.0,Biker,382.0,305.0,488.824099242253
4307,1,3,42.5,23.5,Pedestrian,9.5,-13.5,16.507574019219177
4307,1,4,34.0,78.5,Pedestrian,1.0,41.5,41.512046444375635
4307,1,6,299.0,529.0,Pedestrian,266.0,492.0,559.303137842083
4307,1,8,1864.0,276.5,Pedestrian,1831.0,239.5,1846.597208380864
4307,1,10,218.0,227.0,Pedestrian,185.0,190.0,265.1886121235224
4307,1,11,1883.5,1043.5,Pedestrian,1850.5,1006.5,2106.511927333904
4307,1,16,213.0,190.5,Pedestrian,180.0,153.5,236.5634164447242
4307,1,21,1022.5,1013.5,Pedestrian,989.5,976.5,1390.2023234047626
4307,1,24,692.5,450.5,Pedestrian,659.5,413.5,778.4102388843559
4307,1,27,252.5,205.5,Pedestrian,219.5,168.5,276.71736483278386
4307,1,43,1479.0,770.0,Pedestrian,1446.0,733.0,1621.1739573531274
4307,1,78,1885.0,244.5,Pedestrian,1852.0,207.5,1863.588004361479
4307,1,80,1020.0,527.0,Pedestrian,987.0,490.0,1101.9387460290159
4307,1,81,45.0,187.5,Biker,12.0,150.5,150.97764735218257
4307,1,82,995.0,986.5,Pedestrian,962.0,949.5,1351.6635121212676
4308,1,2,412.0,344.0,Biker,379.0,307.0,487.7396846679589
4308,1,3,42.5,23.5,Pedestrian,9.5,-13.5,16.507574019219177
4308,1,4,34.0,78.5,Pedestrian,1.0,41.5,41.512046444375635
4308,1,6,299.0,531.0,Pedestrian,266.0,494.0,561.0632762888692
4308,1,8,1864.0,276.5,Pedestrian,1831.0,239.5,1846.597208380864
4308,1,10,218.0,227.0,Pedestrian,185.0,190.0,265.1886121235224
4308,1,11,1883.5,1043.5,Pedestrian,1850.5,1006.5,2106.511927333904
4308,1,16,213.0,190.5,Pedestrian,180.0,153.5,236.5634164447242
4308,1,21,1022.5,1013.5,Pedestrian,989.5,976.5,1390.2023234047626
4308,1,24,692.5,450.5,Pedestrian,659.5,413.5,778.4102388843559
4308,1,27,252.5,205.5,Pedestrian,219.5,168.5,276.71736483278386
4308,1,43,1479.0,770.0,Pedestrian,1446.0,733.0,1621.1739573531274
4308,1,78,1885.0,244.5,Pedestrian,1852.0,207.5,1863.588004361479
4308,1,80,1018.5,527.0,Pedestrian,985.5,490.0,1100.595407041116
4308,1,81,45.0,186.0,Biker,12.0,149.0,149.4824404403407
4308,1,82,995.0,986.5,Pedestrian,962.0,949.5,1351.6635121212676
4309,1,2,409.5,344.0,Biker,376.5,307.0,485.7995986000812
4309,1,3,42.5,23.5,Pedestrian,9.5,-13.5,16.507574019219177
4309,1,4,34.0,78.5,Pedestrian,1.0,41.5,41.512046444375635
4309,1,6,297.0,531.0,Pedestrian,264.0,494.0,560.1178447434075
4309,1,8,1865.5,276.5,Pedestrian,1832.5,239.5,1848.084548931677
4309,1,10,218.0,227.0,Pedestrian,185.0,190.0,265.1886121235224
4309,1,11,1886.0,1043.5,Pedestrian,1853.0,1006.5,2108.708431718335
4309,1,16,213.0,190.5,Pedestrian,180.0,153.5,236.5634164447242
4309,1,21,1022.5,1013.5,Pedestrian,989.5,976.5,1390.2023234047626
4309,1,24,692.5,450.5,Pedestrian,659.5,413.5,778.4102388843559
4309,1,27,252.5,205.5,Pedestrian,219.5,168.5,276.71736483278386
4309,1,43,1479.0,770.0,Pedestrian,1446.0,733.0,1621.1739573531274
4309,1,78,1886.5,244.5,Pedestrian,1853.5,207.5,1865.078684667218
4309,1,80,1017.0,527.0,Pedestrian,984.0,490.0,1099.252473274452
4309,1,81,45.0,186.0,Biker,12.0,149.0,149.4824404403407
4309,1,82,995.0,986.5,Pedestrian,962.0,949.5,1351.6635121212676
4310,1,2,409.5,347.0,Biker,376.5,310.0,487.7009842106124
4310,1,3,42.5,23.5,Pedestrian,9.5,-13.5,16.507574019219177
4310,1,4,34.0,78.5,Pedestrian,1.0,41.5,41.512046444375635
4310,1,6,297.0,533.5,Pedestrian,264.0,496.5,562.3239724571592
4310,1,8,1867.0,276.5,Pedestrian,1834.0,239.5,1849.5719099294301
4310,1,10,218.0,227.0,Pedestrian,185.0,190.0,265.1886121235224
4310,1,11,1886.0,1043.5,Pedestrian,1853.0,1006.5,2108.708431718335
4310,1,16,213.0,190.5,Pedestrian,180.0,153.5,236.5634164447242
4310,1,21,1022.5,1013.5,Pedestrian,989.5,976.5,1390.2023234047626
4310,1,24,692.5,450.5,Pedestrian,659.5,413.5,778.4102388843559
4310,1,27,252.5,205.5,Pedestrian,219.5,168.5,276.71736483278386
4310,1,43,1479.0,770.0,Pedestrian,1446.0,733.0,1621.1739573531274
4310,1,78,1886.5,244.5,Pedestrian,1853.5,207.5,1865.078684667218
4310,1,80,1017.0,527.0,Pedestrian,984.0,490.0,1099.252473274452
4310,1,81,45.0,186.0,Biker,12.0,149.0,149.4824404403407
4310,1,82,995.0,986.5,Pedestrian,962.0,949.5,1351.6635121212676
4311,1,2,404.0,347.0,Biker,371.0,310.0,483.4676824773296
4311,1,3,42.5,23.5,Pedestrian,9.5,-13.5,16.507574019219177
4311,1,4,34.0,78.5,Pedestrian,1.0,41.5,41.512046444375635
4311,1,6,294.0,533.5,Pedestrian,261.0,496.5,560.9217859915943
4311,1,8,1867.0,276.5,Pedestrian,1834.0,239.5,1849.5719099294301
4311,1,10,218.0,227.0,Pedestrian,185.0,190.0,265.1886121235224
4311,1,11,1886.0,1043.5,Pedestrian,1853.0,1006.5,2108.708431718335
4311,1,16,213.0,190.5,Pedestrian,180.0,153.5,236.5634164447242
4311,1,21,1022.5,1013.5,Pedestrian,989.5,976.5,1390.2023234047626
4311,1,24,692.5,450.5,Pedestrian,659.5,413.5,778.4102388843559
4311,1,27,252.5,205.5,Pedestrian,219.5,168.5,276.71736483278386
4311,1,43,1479.0,770.0,Pedestrian,1446.0,733.0,1621.1739573531274
4311,1,78,1887.5,244.5,Pedestrian,1854.5,207.5,1866.0724798356573
4311,1,80,1014.5,524.0,Pedestrian,981.5,487.0,1095.67844279241
4311,1,81,45.0,186.0,Biker,12.0,149.0,149.4824404403407
4311,1,82,995.0,986.5,Pedestrian,962.0,949.5,1351.6635121212676
4312,1,2,401.0,347.0,Biker,368.0,310.0,481.1694088364305
4312,1,3,42.5,23.5,Pedestrian,9.5,-13.5,16.507574019219177
4312,1,4,34.0,78.5,Pedestrian,1.0,41.5,41.512046444375635
4312,1,6,291.0,535.5,Pedestrian,258.0,498.5,561.3076251040957
4312,1,8,1868.5,276.5,Pedestrian,1835.5,239.5,1851.059291324835
4312,1,10,218.0,227.0,Pedestrian,185.0,190.0,265.1886121235224
4312,1,11,1886.0,1043.5,Pedestrian,1853.0,1006.5,2108.708431718335
4312,1,16,213.0,190.5,Pedestrian,180.0,153.5,236.5634164447242
4312,1,21,1022.5,1013.5,Pedestrian,989.5,976.5,1390.2023234047626
4312,1,24,692.5,450.5,Pedestrian,659.5,413.5,778.4102388843559
4312,1,27,252.5,205.5,Pedestrian,219.5,168.5,276.71736483278386
4312,1,43,1479.0,770.0,Pedestrian,1446.0,733.0,1621.1739573531274
4312,1,78,1887.5,244.5,Pedestrian,1854.5,207.5,1866.0724798356573
4312,1,80,1011.5,524.0,Pedestrian,978.5,487.0,1092.9918801162248
4312,1,81,45.0,185.0,Biker,12.0,148.0,148.48568954616468
4312,1,82,995.0,986.5,Pedestrian,962.0,949.5,1351.6635121212676
4313,1,2,398.5,347.0,Biker,365.5,310.0,479.26010683135314
4313,1,3,42.5,23.5,Pedestrian,9.5,-13.5,16.507574019219177
4313,1,4,34.0,78.5,Pedestrian,1.0,41.5,41.512046444375635
4313,1,6,291.0,535.5,Pedestrian,258.0,498.5,561.3076251040957
4313,1,8,1869.5,276.5,Pedestrian,1836.5,239.5,1852.0508902295314
4313,1,10,218.0,227.0,Pedestrian,185.0,190.0,265.1886121235224
4313,1,11,1886.0,1043.5,Pedestrian,1853.0,1006.5,2108.708431718335
4313,1,16,214.5,190.5,Pedestrian,181.5,153.5,237.70675211276603
4313,1,21,1022.5,1013.5,Pedestrian,989.5,976.5,1390.2023234047626
4313,1,24,692.5,450.5,Pedestrian,659.5,413.5,778.4102388843559
4313,1,27,252.5,205.5,Pedestrian,219.5,168.5,276.71736483278386
4313,1,43,1479.0,770.0,Pedestrian,1446.0,733.0,1621.1739573531274
4313,1,78,1888.5,244.5,Pedestrian,1855.5,207.5,1867.0662816300871
4313,1,80,1011.5,524.0,Pedestrian,978.5,487.0,1092.9918801162248
4313,1,81,45.0,185.0,Biker,12.0,148.0,148.48568954616468
4313,1,82,995.0,986.5,Pedestrian,962.0,949.5,1351.6635121212676
4314,1,2,395.5,349.0,Biker,362.5,312.0,478.27842309684013
4314,1,3,42.5,23.5,Pedestrian,9.5,-13.5,16.507574019219177
4314,1,4,34.0,78.5,Pedestrian,1.0,41.5,41.512046444375635
4314,1,6,288.0,538.0,Pedestrian,255.0,501.0,562.1618983887115
4314,1,8,1869.5,276.5,Pedestrian,1836.5,239.5,1852.0508902295314
4314,1,10,218.0,227.0,Pedestrian,185.0,190.0,265.1886121235224
4314,1,11,1886.0,1046.0,Pedestrian,1853.0,1009.0,2109.902841364976
4314,1,16,214.5,190.5,Pedestrian,181.5,153.5,237.70675211276603
4314,1,21,1022.5,1013.5,Pedestrian,989.5,976.5,1390.2023234047626
4314,1,24,692.5,450.5,Pedestrian,659.5,413.5,778.4102388843559
4314,1,27,252.5,205.5,Pedestrian,219.5,168.5,276.71736483278386
4314,1,43,1479.0,770.0,Pedestrian,1446.0,733.0,1621.1739573531274
4314,1,78,1888.5,244.5,Pedestrian,1855.5,207.5,1867.0662816300871
4314,1,80,1009.0,524.0,Pedestrian,976.0,487.0,1090.7543261431513
4314,1,81,45.0,184.0,Biker,12.0,147.0,147.48898263938224
4314,1,82,995.0,986.5,Pedestrian,962.0,949.5,1351.6635121212676
4315,1,2,393.0,349.0,Biker,360.0,312.0,476.386397790701
4315,1,3,42.5,23.5,Pedestrian,9.5,-13.5,16.507574019219177
4315,1,4,34.0,78.5,Pedestrian,1.0,41.5,41.512046444375635
4315,1,6,288.0,538.0,Pedestrian,255.0,501.0,562.1618983887115
4315,1,8,1871.0,276.5,Pedestrian,1838.0,239.5,1853.53830551192
4315,1,10,218.0,227.0,Pedestrian,185.0,190.0,265.1886121235224
4315,1,11,1889.0,1046.0,Pedestrian,1856.0,1009.0,2112.538046994657
4315,1,16,214.5,190.5,Pedestrian,181.5,153.5,237.70675211276603
4315,1,21,1022.5,1013.5,Pedestrian,989.5,976.5,1390.2023234047626
4315,1,24,692.5,450.5,Pedestrian,659.5,413.5,778.4102388843559
4315,1,27,252.5,205.5,Pedestrian,219.5,168.5,276.71736483278386
4315,1,43,1479.0,770.0,Pedestrian,1446.0,733.0,1621.1739573531274
4315,1,78,1890.0,244.5,Pedestrian,1857.0,207.5,1868.556996722337
4315,1,80,1009.0,524.0,Pedestrian,976.0,487.0,1090.7543261431513
4315,1,81,45.0,184.0,Biker,12.0,147.0,147.48898263938224
4315,1,82,995.0,986.5,Pedestrian,962.0,949.5,1351.6635121212676
4316,1,2,390.0,349.0,Biker,357.0,312.0,474.12340165826026
4316,1,3,42.5,23.5,Pedestrian,9.5,-13.5,16.507574019219177
4316,1,4,34.0,78.5,Pedestrian,1.0,41.5,41.512046444375635
4316,1,6,286.0,540.5,Pedestrian,253.0,503.5,563.4902394895585
4316,1,8,1871.0,276.5,Pedestrian,1838.0,239.5,1853.53830551192
4316,1,10,218.0,227.0,Pedestrian,185.0,190.0,265.1886121235224
4316,1,11,1889.0,1046.0,Pedestrian,1856.0,1009.0,2112.538046994657
4316,1,16,214.5,190.5,Pedestrian,181.5,153.5,237.70675211276603
4316,1,21,1022.5,1013.5,Pedestrian,989.5,976.5,1390.2023234047626
4316,1,24,692.5,450.5,Pedestrian,659.5,413.5,778.4102388843559
4316,1,27,252.5,205.5,Pedestrian,219.5,168.5,276.71736483278386
4316,1,43,1479.0,770.0,Pedestrian,1446.0,733.0,1621.1739573531274
4316,1,78,1890.0,243.5,Pedestrian,1857.0,206.5,1868.4462127661047
4316,1,80,1006.0,524.0,Pedestrian,973.0,487.0,1088.0707697571881
4316,1,81,45.0,184.0,Biker,12.0,147.0,147.48898263938224
4316,1,82,995.0,986.5,Pedestrian,962.0,949.5,1351.6635121212676
4317,1,2,387.5,351.0,Biker,354.5,314.0,473.56757701515
4317,1,3,42.5,23.5,Pedestrian,9.5,-13.5,16.507574019219177
4317,1,4,34.0,78.5,Pedestrian,1.0,41.5,41.512046444375635
4317,1,6,283.0,540.5,Pedestrian,250.0,503.5,562.1496686826383
4317,1,8,1872.5,276.5,Pedestrian,1839.5,239.5,1855.0257410612933
4317,1,10,218.0,227.0,Pedestrian,185.0,190.0,265.1886121235224
4317,1,11,1889.0,1046.0,Pedestrian,1856.0,1009.0,2112.538046994657
4317,1,16,214.5,190.5,Pedestrian,181.5,153.5,237.70675211276603
4317,1,21,1022.5,1013.5,Pedestrian,989.5,976.5,1390.2023234047626
4317,1,24,692.5,450.5,Pedestrian,659.5,413.5,778.4102388843559
4317,1,27,252.5,205.5,Pedestrian,219.5,168.5,276.71736483278386
4317,1,43,1479.0,770.0,Pedestrian,1446.0,733.0,1621.1739573531274
4317,1,78,1890.0,243.5,Pedestrian,1857.0,206.5,1868.4462127661047
4317,1,80,1003.5,524.0,Pedestrian,970.5,487.0,1085.8357380377568
4317,1,81,45.0,183.0,Biker,12.0,146.0,146.4923206178399
4317,1,82,995.0,986.5,Pedestrian,962.0,949.5,1351.6635121212676
4318,1,2,384.5,351.0,Biker,351.5,314.0,471.3260548707232
4318,1,3,42.5,23.5,Pedestrian,9.5,-13.5,16.507574019219177
4318,1,4,34.0,78.5,Pedestrian,1.0,41.5,41.512046444375635
4318,1,6,283.0,542.5,Pedestrian,250.0,505.5,563.9417079805323
4318,1,8,1872.5,276.5,Pedestrian,1839.5,239.5,1855.0257410612933
4318,1,10,218.0,227.0,Pedestrian,185.0,190.0,265.1886121235224
4318,1,11,1889.0,1046.0,Pedestrian,1856.0,1009.0,2112.538046994657
4318,1,16,214.5,190.5,Pedestrian,181.5,153.5,237.70675211276603
4318,1,21,1022.5,1013.5,Pedestrian,989.5,976.5,1390.2023234047626
4318,1,24,692.5,450.5,Pedestrian,659.5,413.5,778.4102388843559
4318,1,27,252.5,205.5,Pedestrian,219.5,168.5,276.71736483278386
4318,1,43,1479.0,770.0,Pedestrian,1446.0,733.0,1621.1739573531274
4318,1,78,1891.5,243.5,Pedestrian,1858.5,206.5,1869.9370310253764
4318,1,80,1003.5,524.0,Pedestrian,970.5,487.0,1085.8357380377568
4318,1,81,45.0,183.0,Biker,12.0,146.0,146.4923206178399
4318,1,82,995.0,986.5,Pedestrian,962.0,949.5,1351.6635121212676
4319,1,2,382.0,351.0,Biker,349.0,314.0,469.46458865392606
4319,1,3,42.5,23.5,Pedestrian,9.5,-13.5,16.507574019219177
4319,1,4,34.0,78.5,Pedestrian,1.0,41.5,41.512046444375635
4319,1,6,280.0,542.5,Pedestrian,247.0,505.5,562.6182098012825
4319,1,8,1873.5,276.5,Pedestrian,1840.5,239.5,1856.0173759962486
4319,1,10,217.0,227.0,Pedestrian,184.0,190.0,264.4919658515169
4319,1,11,1889.0,1046.0,Pedestrian,1856.0,1009.0,2112.538046994657
4319,1,16,214.5,190.5,Pedestrian,181.5,153.5,237.70675211276603
4319,1,21,1022.5,1013.5,Pedestrian,989.5,976.5,1390.2023234047626
4319,1,24,692.5,450.5,Pedestrian,659.5,413.5,778.4102388843559
4319,1,27,254.0,205.5,Pedestrian,221.0,168.5,277.90870803197225
4319,1,43,1479.0,770.0,Pedestrian,1446.0,733.0,1621.1739573531274
4319,1,78,1893.0,242.0,Pedestrian,1860.0,205.0,1871.2629425070118
4319,1,80,1000.5,522.0,Pedestrian,967.5,485.0,1082.257478606639
4319,1,81,45.0,182.0,Biker,12.0,145.0,145.49570440394453
4319,1,82,995.0,986.5,Pedestrian,962.0,949.5,1351.6635121212676
4320,1,2,379.0,354.0,Biker,346.0,317.0,469.26005583258416
4320,1,3,42.5,23.5,Pedestrian,9.5,-13.5,16.507574019219177
4320,1,4,34.0,78.5,Pedestrian,1.0,41.5,41.512046444375635
4320,1,6,280.0,545.0,Pedestrian,247.0,508.0,564.8654707096194
4320,1,8,1875.0,276.5,Pedestrian,1842.0,239.5,1857.5048452157534
4320,1,10,217.0,227.0,Pedestrian,184.0,190.0,264.4919658515169
4320,1,11,1889.0,1046.0,Pedestrian,1856.0,1009.0,2112.538046994657
4320,1,16,214.5,190.5,Pedestrian,181.5,153.5,237.70675211276603
4320,1,21,1022.5,1013.5,Pedestrian,989.5,976.5,1390.2023234047626
4320,1,24,692.5,450.5,Pedestrian,659.5,413.5,778.4102388843559
4320,1,27,254.0,205.5,Pedestrian,221.0,168.5,277.90870803197225
4320,1,43,1479.0,770.0,Pedestrian,1446.0,733.0,1621.1739573531274
4320,1,78,1893.0,242.0,Pedestrian,1860.0,205.0,1871.2629425070118
4320,1,80,1000.5,522.0,Pedestrian,967.5,485.0,1082.257478606639
4320,1,81,45.0,182.0,Biker,12.0,145.0,145.49570440394453
4320,1,82,995.0,986.5,Pedestrian,962.0,949.5,1351.6635121212676
4321,1,2,376.5,354.0,Biker,343.5,317.0,467.4197792135031
4321,1,3,42.5,23.5,Pedestrian,9.5,-13.5,16.507574019219177
4321,1,4,34.0,78.5,Pedestrian,1.0,41.5,41.512046444375635
4321,1,6,277.0,545.0,Pedestrian,244.0,508.0,563.5601121442148
4321,1,8,1875.0,276.5,Pedestrian,1842.0,239.5,1857.5048452157534
4321,1,10,217.0,227.0,Pedestrian,184.0,190.0,264.4919658515169
4321,1,11,1891.5,1048.0,Pedestrian,1858.5,1011.0,2115.689781135221
4321,1,16,214.5,190.5,Pedestrian,181.5,153.5,237.70675211276603
4321,1,21,1022.5,1013.5,Pedestrian,989.5,976.5,1390.2023234047626
4321,1,24,692.5,450.5,Pedestrian,659.5,413.5,778.4102388843559
4321,1,27,254.0,205.5,Pedestrian,221.0,168.5,277.90870803197225
4321,1,43,1479.0,770.0,Pedestrian,1446.0,733.0,1621.1739573531274
4321,1,78,1893.0,242.0,Pedestrian,1860.0,205.0,1871.2629425070118
4321,1,80,998.0,522.0,Pedestrian,965.0,485.0,1080.0231479000809
4321,1,81,45.0,182.0,Biker,12.0,145.0,145.49570440394453
4321,1,82,995.0,986.5,Pedestrian,962.0,949.5,1351.6635121212676
4322,1,2,373.5,354.0,Biker,340.5,317.0,465.2195718152881
4322,1,3,42.5,23.5,Pedestrian,9.5,-13.5,16.507574019219177
4322,1,4,34.0,78.5,Pedestrian,1.0,41.5,41.512046444375635
4322,1,6,275.0,547.0,Pedestrian,242.0,510.0,564.5033215137003
4322,1,8,1876.5,276.5,Pedestrian,1843.5,239.5,1858.9923345726845
4322,1,10,217.0,227.0,Pedestrian,184.0,190.0,264.4919658515169
4322,1,11,1889.0,1046.0,Pedestrian,1856.0,1009.0,2112.538046994657
4322,1,16,214.5,190.5,Pedestrian,181.5,153.5,237.70675211276603
4322,1,21,1022.5,1013.5,Pedestrian,989.5,976.5,1390.2023234047626
4322,1,24,692.5,450.5,Pedestrian,659.5,413.5,778.4102388843559
4322,1,27,254.0,205.5,Pedestrian,221.0,168.5,277.90870803197225
4322,1,43,1479.0,770.0,Pedestrian,1446.0,733.0,1621.1739573531274
4322,1,78,1894.5,242.0,Pedestrian,1861.5,205.0,1872.753921368208
4322,1,80,995.0,522.0,Pedestrian,962.0,485.0,1077.3434921138198
4322,1,81,45.0,182.0,Biker,12.0,145.0,145.49570440394453
4322,1,82,995.0,986.5,Pedestrian,962.0,949.5,1351.6635121212676
4323,1,2,371.0,354.0,Biker,338.0,317.0,463.3929218276861
4323,1,3,42.5,23.5,Pedestrian,9.5,-13.5,16.507574019219177
4323,1,4,34.0,78.5,Pedestrian,1.0,41.5,41.512046444375635
4323,1,6,275.0,547.0,Pedestrian,242.0,510.0,564.5033215137003
4323,1,8,1878.0,276.5,Pedestrian,1845.0,239.5,1860.4798440187412
4323,1,10,217.0,227.0,Pedestrian,184.0,190.0,264.4919658515169
4323,1,11,1889.0,1046.0,Pedestrian,1856.0,1009.0,2112.538046994657
4323,1,16,214.5,190.5,Pedestrian,181.5,153.5,237.70675211276603
4323,1,21,1022.5,1013.5,Pedestrian,989.5,976.5,1390.2023234047626
4323,1,24,692.5,450.5,Pedestrian,659.5,413.5,778.4102388843559
4323,1,27,254.0,205.5,Pedestrian,221.0,168.5,277.90870803197225
4323,1,43,1479.0,770.0,Pedestrian,1446.0,733.0,1621.1739573531274
4323,1,78,1896.0,242.0,Pedestrian,1863.0,205.0,1874.2449146256206
4323,1,80,995.0,522.0,Pedestrian,962.0,485.0,1077.3434921138198
4323,1,81,45.0,180.5,Biker,12.0,143.5,144.00086805293918
4323,1,82,995.0,986.5,Pedestrian,962.0,949.5,1351.6635121212676
4324,1,2,368.0,356.0,Biker,335.0,319.0,462.58620818178315
4324,1,3,42.5,23.5,Pedestrian,9.5,-13.5,16.507574019219177
4324,1,4,34.0,78.5,Pedestrian,1.0,41.5,41.512046444375635
4324,1,6,272.0,549.5,Pedestrian,239.0,512.5,565.488505630309
4324,1,8,1878.0,276.5,Pedestrian,1845.0,239.5,1860.4798440187412
4324,1,10,217.0,227.0,Pedestrian,184.0,190.0,264.4919658515169
4324,1,11,1889.0,1046.0,Pedestrian,1856.0,1009.0,2112.538046994657
4324,1,16,214.5,190.5,Pedestrian,181.5,153.5,237.70675211276603
4324,1,21,1022.5,1013.5,Pedestrian,989.5,976.5,1390.2023234047626
4324,1,24,692.5,450.5,Pedestrian,659.5,413.5,778.4102388843559
4324,1,27,254.0,205.5,Pedestrian,221.0,168.5,277.90870803197225
4324,1,43,1479.0,770.0,Pedestrian,1446.0,733.0,1621.1739573531274
4324,1,78,1896.0,242.0,Pedestrian,1863.0,205.0,1874.2449146256206
4324,1,80,992.5,522.0,Pedestrian,959.5,485.0,1075.1117383788533
4324,1,81,45.0,180.5,Biker,12.0,143.5,144.00086805293918
4324,1,82,995.0,986.5,Pedestrian,962.0,949.5,1351.6635121212676
4325,1,2,365.5,356.0,Biker,332.5,319.0,460.778960023133
4325,1,3,42.5,23.5,Pedestrian,9.5,-13.5,16.507574019219177
4325,1,4,34.0,78.5,Pedestrian,1.0,41.5,41.512046444375635
4325,1,6,272.0,549.5,Pedestrian,239.0,512.5,565.488505630309
4325,1,8,1879.5,276.5,Pedestrian,1846.5,239.5,1861.9673735057765
4325,1,10,217.0,227.0,Pedestrian,184.0,190.0,264.4919658515169
4325,1,11,1889.0,1046.0,Pedestrian,1856.0,1009.0,2112.538046994657
4325,1,16,214.5,190.5,Pedestrian,181.5,153.5,237.70675211276603
4325,1,21,1022.5,1013.5,Pedestrian,989.5,976.5,1390.2023234047626
4325,1,24,692.5,450.5,Pedestrian,659.5,413.5,778.4102388843559
4325,1,27,254.0,205.5,Pedestrian,221.0,168.5,277.90870803197225
4325,1,43,1479.0,770.0,Pedestrian,1446.0,733.0,1621.1739573531274
4325,1,78,1896.0,242.0,Pedestrian,1863.0,205.0,1874.2449146256206
4325,1,80,992.5,522.0,Pedestrian,959.5,485.0,1075.1117383788533
4325,1,81,45.0,179.5,Biker,12.0,142.5,143.00437056258104
4325,1,82,995.0,986.5,Pedestrian,962.0,949.5,1351.6635121212676
4326,1,2,362.5,356.0,Biker,329.5,319.0,458.61885046299614
4326,1,3,42.5,23.5,Pedestrian,9.5,-13.5,16.507574019219177
4326,1,4,34.0,78.5,Pedestrian,1.0,41.5,41.512046444375635
4326,1,6,269.0,551.5,Pedestrian,236.0,514.5,566.0443887187647
4326,1,8,1880.5,273.5,Pedestrian,1847.5,236.5,1862.5757702708365
4326,1,10,217.0,227.0,Pedestrian,184.0,190.0,264.4919658515169
4326,1,11,1889.0,1046.0,Pedestrian,1856.0,1009.0,2112.538046994657
4326,1,16,214.5,190.5,Pedestrian,181.5,153.5,237.70675211276603
4326,1,21,1022.5,1013.5,Pedestrian,989.5,976.5,1390.2023234047626
4326,1,24,692.5,450.5,Pedestrian,659.5,413.5,778.4102388843559
4326,1,27,254.0,205.5,Pedestrian,221.0,168.5,277.90870803197225
4326,1,43,1479.0,770.0,Pedestrian,1446.0,733.0,1621.1739573531274
4326,1,78,1897.5,242.0,Pedestrian,1864.5,205.0,1875.73592224492
4326,1,80,989.5,522.0,Pedestrian,956.5,485.0,1072.4351961773727
4326,1,81,45.0,179.5,Biker,12.0,142.5,143.00437056258104
4326,1,82,995.0,986.5,Pedestrian,962.0,949.5,1351.6635121212676
4327,1,2,360.0,358.0,Biker,327.0,321.0,458.22483564294066
4327,1,3,42.5,23.5,Pedestrian,9.5,-13.5,16.507574019219177
4327,1,4,34.0,78.5,Pedestrian,1.0,41.5,41.512046444375635
4327,1,6,266.0,551.5,Pedestrian,233.0,514.5,564.800185906485
4327,1,8,1880.5,273.5,Pedestrian,1847.5,236.5,1862.5757702708365
4327,1,10,217.0,227.0,Pedestrian,184.0,190.0,264.4919658515169
4327,1,11,1889.0,1046.0,Pedestrian,1856.0,1009.0,2112.538046994657
4327,1,16,214.5,190.5,Pedestrian,181.5,153.5,237.70675211276603
4327,1,21,1022.5,1013.5,Pedestrian,989.5,976.5,1390.2023234047626
4327,1,24,692.5,450.5,Pedestrian,659.5,413.5,778.4102388843559
4327,1,27,254.0,205.5,Pedestrian,221.0,168.5,277.90870803197225
4327,1,43,1479.0,770.0,Pedestrian,1446.0,733.0,1621.1739573531274
4327,1,78,1898.5,242.0,Pedestrian,1865.5,205.0,1876.7299352863747
4327,1,80,987.0,522.0,Pedestrian,954.0,485.0,1070.2060549258726
4327,1,81,45.0,179.5,Biker,12.0,142.5,143.00437056258104
4327,1,82,995.0,986.5,Pedestrian,962.0,949.5,1351.6635121212676
4328,1,2,357.0,358.0,Biker,324.0,321.0,456.08880714176706
4328,1,3,42.5,23.5,Pedestrian,9.5,-13.5,16.507574019219177
4328,1,4,34.0,78.5,Pedestrian,1.0,41.5,41.512046444375635
4328,1,6,266.0,554.0,Pedestrian,233.0,517.0,567.0784778141382
4328,1,8,1880.5,273.5,Pedestrian,1847.5,236.5,1862.5757702708365
4328,1,10,217.0,227.0,Pedestrian,184.0,190.0,264.4919658515169
4328,1,11,1889.0,1046.0,Pedestrian,1856.0,1009.0,2112.538046994657
4328,1,16,214.5,190.5,Pedestrian,181.5,153.5,237.70675211276603
4328,1,21,1022.5,1013.5,Pedestrian,989.5,976.5,1390.2023234047626
4328,1,24,690.0,450.5,Pedestrian,657.0,413.5,776.2932757663176
4328,1,27,254.0,205.5,Pedestrian,221.0,168.5,277.90870803197225
4328,1,43,1479.0,770.0,Pedestrian,1446.0,733.0,1621.1739573531274
4328,1,78,1898.5,242.0,Pedestrian,1865.5,205.0,1876.7299352863747
4328,1,80,987.0,520.0,Pedestrian,954.0,483.0,1069.3011736643705
4328,1,81,45.0,178.5,Biker,12.0,141.5,142.00792231421457
4328,1,82,995.0,986.5,Pedestrian,962.0,949.5,1351.6635121212676
4329,1,2,354.5,358.0,Biker,321.5,321.0,454.31624448174864
4329,1,3,42.5,23.5,Pedestrian,9.5,-13.5,16.507574019219177
4329,1,4,34.0,78.5,Pedestrian,1.0,41.5,41.512046444375635
4329,1,6,264.0,554.0,Pedestrian,231.0,517.0,566.2596577542851
4329,1,8,1882.0,273.5,Pedestrian,1849.0,236.5,1864.0636389351089
4329,1,10,217.0,227.0,Pedestrian,184.0,190.0,264.4919658515169
4329,1,11,1889.0,1046.0,Pedestrian,1856.0,1009.0,2112.538046994657
4329,1,16,214.5,190.5,Pedestrian,181.5,153.5,237.70675211276603
4329,1,21,1022.5,1013.5,Pedestrian,989.5,976.5,1390.2023234047626
4329,1,24,690.0,450.5,Pedestrian,657.0,413.5,776.2932757663176
4329,1,27,254.0,205.5,Pedestrian,221.0,168.5,277.90870803197225
4329,1,43,1479.0,770.0,Pedestrian,1446.0,733.0,1621.1739573531274
4329,1,78,1898.5,242.0,Pedestrian,1865.5,205.0,1876.7299352863747
4329,1,80,984.0,520.0,Pedestrian,951.0,483.0,1066.6255200397186
4329,1,81,45.0,178.5,Biker,12.0,141.5,142.00792231421457
4329,1,82,995.0,986.5,Pedestrian,962.0,949.5,1351.6635121212676
4330,1,2,351.5,360.0,Biker,318.5,323.0,453.6201604867226
4330,1,3,42.5,23.5,Pedestrian,9.5,-13.5,16.507574019219177
4330,1,4,34.0,78.5,Pedestrian,1.0,41.5,41.512046444375635
4330,1,6,264.0,556.5,Pedestrian,231.0,519.5,568.5430942329701
4330,1,8,1883.5,273.5,Pedestrian,1850.5,236.5,1865.5515270289375
4330,1,10,217.0,227.0,Pedestrian,184.0,190.0,264.4919658515169
4330,1,11,1889.0,1046.0,Pedestrian,1856.0,1009.0,2112.538046994657
4330,1,16,214.5,190.5,Pedestrian,181.5,153.5,237.70675211276603
4330,1,21,1022.5,1013.5,Pedestrian,989.5,976.5,1390.2023234047626
4330,1,24,690.0,450.5,Pedestrian,657.0,413.5,776.2932757663176
4330,1,27,254.0,205.5,Pedestrian,221.0,168.5,277.90870803197225
4330,1,43,1479.0,770.0,Pedestrian,1446.0,733.0,1621.1739573531274
4330,1,78,1898.5,242.0,Pedestrian,1865.5,205.0,1876.7299352863747
4330,1,80,984.0,520.0,Pedestrian,951.0,483.0,1066.6255200397186
4330,1,81,45.0,177.0,Biker,12.0,140.0,140.51334456200237
4330,1,82,995.0,986.5,Pedestrian,962.0,949.5,1351.6635121212676
4331,1,2,349.0,360.0,Biker,316.0,323.0,451.8683436577517
4331,1,3,42.5,23.5,Pedestrian,9.5,-13.5,16.507574019219177
4331,1,4,34.0,78.5,Pedestrian,1.0,41.5,41.512046444375635
4331,1,6,261.0,556.5,Pedestrian,228.0,519.5,567.3308117844473
4331,1,8,1883.5,273.5,Pedestrian,1850.5,236.5,1865.5515270289375
4331,1,10,217.0,227.0,Pedestrian,184.0,190.0,264.4919658515169
4331,1,11,1889.0,1046.0,Pedestrian,1856.0,1009.0,2112.538046994657
4331,1,16,214.5,190.5,Pedestrian,181.5,153.5,237.70675211276603
4331,1,21,1022.5,1013.5,Pedestrian,989.5,976.5,1390.2023234047626
4331,1,24,690.0,450.5,Pedestrian,657.0,413.5,776.2932757663176
4331,1,27,254.0,205.5,Pedestrian,221.0,168.5,277.90870803197225
4331,1,43,1479.0,770.0,Pedestrian,1446.0,733.0,1621.1739573531274
4331,1,78,1901.0,240.5,Pedestrian,1868.0,203.5,1879.051955109278
4331,1,80,981.5,520.0,Pedestrian,948.5,483.0,1064.3971298345368
4331,1,81,45.0,177.0,Biker,12.0,140.0,140.51334456200237
4331,1,82,995.0,986.5,Pedestrian,962.0,949.5,1351.6635121212676
4332,1,2,346.0,360.0,Biker,313.0,323.0,449.7754995550558
4332,1,3,42.5,23.5,Pedestrian,9.5,-13.5,16.507574019219177
4332,1,4,34.0,78.5,Pedestrian,1.0,41.5,41.512046444375635
4332,1,6,258.0,558.5,Pedestrian,225.0,521.5,567.9676487265803
4332,1,8,1884.5,273.5,Pedestrian,1851.5,236.5,1866.5434631960757
4332,1,10,217.0,227.0,Pedestrian,184.0,190.0,264.4919658515169
4332,1,11,1886.0,1043.5,Pedestrian,1853.0,1006.5,2108.708431718335
4332,1,16,214.5,190.5,Pedestrian,181.5,153.5,237.70675211276603
4332,1,21,1022.5,1013.5,Pedestrian,989.5,976.5,1390.2023234047626
4332,1,24,690.0,450.5,Pedestrian,657.0,413.5,776.2932757663176
4332,1,27,254.0,205.5,Pedestrian,221.0,168.5,277.90870803197225
4332,1,43,1479.0,770.0,Pedestrian,1446.0,733.0,1621.1739573531274
4332,1,78,1901.0,240.5,Pedestrian,1868.0,203.5,1879.051955109278
4332,1,80,978.5,520.0,Pedestrian,945.5,483.0,1061.7246582801024
4332,1,81,45.0,177.0,Biker,12.0,140.0,140.51334456200237
4332,1,82,995.0,986.5,Pedestrian,962.0,949.5,1351.6635121212676
4333,1,2,343.5,360.0,Biker,310.5,323.0,448.03933979060366
4333,1,3,42.5,23.5,Pedestrian,9.5,-13.5,16.507574019219177
4333,1,4,34.0,78.5,Pedestrian,1.0,41.5,41.512046444375635
4333,1,6,258.0,558.5,Pedestrian,225.0,521.5,567.9676487265803
4333,1,8,1886.0,273.5,Pedestrian,1853.0,236.5,1868.0313835693446
4333,1,10,217.0,227.0,Pedestrian,184.0,190.0,264.4919658515169
4333,1,11,1886.0,1043.5,Pedestrian,1853.0,1006.5,2108.708431718335
4333,1,16,214.5,190.5,Pedestrian,181.5,153.5,237.70675211276603
4333,1,21,1022.5,1013.5,Pedestrian,989.5,976.5,1390.2023234047626
4333,1,24,690.0,450.5,Pedestrian,657.0,413.5,776.2932757663176
4333,1,27,254.0,205.5,Pedestrian,221.0,168.5,277.90870803197225
4333,1,43,1479.0,770.0,Pedestrian,1446.0,733.0,1621.1739573531274
4333,1,78,1901.0,240.5,Pedestrian,1868.0,203.5,1879.051955109278
4333,1,80,978.5,520.0,Pedestrian,945.5,483.0,1061.7246582801024
4333,1,81,45.0,177.0,Biker,12.0,140.0,140.51334456200237
4333,1,82,995.0,986.5,Pedestrian,962.0,949.5,1351.6635121212676
4334,1,2,340.5,363.0,Biker,307.5,326.0,448.14311330198973
4334,1,3,42.5,23.5,Pedestrian,9.5,-13.5,16.507574019219177
4334,1,4,34.0,78.5,Pedestrian,1.0,41.5,41.512046444375635
4334,1,6,255.0,561.0,Pedestrian,222.0,524.0,569.0869880782726
4334,1,8,1886.0,273.5,Pedestrian,1853.0,236.5,1868.0313835693446
4334,1,10,217.0,227.0,Pedestrian,184.0,190.0,264.4919658515169
4334,1,11,1886.0,1043.5,Pedestrian,1853.0,1006.5,2108.708431718335
4334,1,16,213.0,190.5,Pedestrian,180.0,153.5,236.5634164447242
4334,1,21,1022.5,1013.5,Pedestrian,989.5,976.5,1390.2023234047626
4334,1,24,690.0,450.5,Pedestrian,657.0,413.5,776.2932757663176
4334,1,27,254.0,205.5,Pedestrian,221.0,168.5,277.90870803197225
4334,1,43,1479.0,771.0,Pedestrian,1446.0,734.0,1621.6263441372676
4334,1,78,1901.0,239.5,Pedestrian,1868.0,202.5,1878.9439188011972
4334,1,80,976.0,520.0,Pedestrian,943.0,483.0,1059.498938177854
4334,1,81,43.5,176.0,Biker,10.5,139.0,139.3960185945065
4334,1,82,995.0,986.5,Pedestrian,962.0,949.5,1351.6635121212676
4335,1,2,338.0,363.0,Biker,305.0,326.0,446.4314057052886
4335,1,3,42.5,23.5,Pedestrian,9.5,-13.5,16.507574019219177
4335,1,4,34.0,78.5,Pedestrian,1.0,41.5,41.512046444375635
4335,1,6,255.0,561.0,Pedestrian,222.0,524.0,569.0869880782726
4335,1,8,1887.5,273.5,Pedestrian,1854.5,236.5,1869.5193232486258
4335,1,10,217.0,227.0,Pedestrian,184.0,190.0,264.4919658515169
4335,1,11,1886.0,1043.5,Pedestrian,1853.0,1006.5,2108.708431718335
4335,1,16,213.0,190.5,Pedestrian,180.0,153.5,236.5634164447242
4335,1,21,1022.5,1013.5,Pedestrian,989.5,976.5,1390.2023234047626
4335,1,24,690.0,450.5,Pedestrian,657.0,413.5,776.2932757663176
4335,1,27,254.0,205.5,Pedestrian,221.0,168.5,277.90870803197225
4335,1,43,1479.0,771.0,Pedestrian,1446.0,734.0,1621.6263441372676
4335,1,78,1904.0,239.5,Pedestrian,1871.0,202.5,1881.9264730589236
4335,1,80,976.0,520.0,Pedestrian,943.0,483.0,1059.498938177854
4335,1,81,43.5,176.0,Biker,10.5,139.0,139.3960185945065
4335,1,82,995.0,986.5,Pedestrian,962.0,949.5,1351.6635121212676
4336,1,2,335.0,363.0,Biker,302.0,326.0,444.3872185380673
4336,1,3,42.5,23.5,Pedestrian,9.5,-13.5,16.507574019219177
4336,1,4,34.0,78.5,Pedestrian,1.0,41.5,41.512046444375635
4336,1,6,253.0,563.0,Pedestrian,220.0,526.0,570.1543650626556
4336,1,8,1889.0,273.5,Pedestrian,1856.0,236.5,1871.0072821878593
4336,1,10,217.0,227.0,Pedestrian,184.0,190.0,264.4919658515169
4336,1,11,1886.0,1043.5,Pedestrian,1853.0,1006.5,2108.708431718335
4336,1,16,213.0,190.5,Pedestrian,180.0,153.5,236.5634164447242
4336,1,21,1022.5,1013.5,Pedestrian,989.5,976.5,1390.2023234047626
4336,1,24,690.0,450.5,Pedestrian,657.0,413.5,776.2932757663176
4336,1,27,254.0,205.5,Pedestrian,221.0,168.5,277.90870803197225
4336,1,43,1479.0,771.0,Pedestrian,1446.0,734.0,1621.6263441372676
4336,1,78,1904.0,239.5,Pedestrian,1871.0,202.5,1881.9264730589236
4336,1,80,973.0,520.0,Pedestrian,940.0,483.0,1056.829692996937
4336,1,81,43.5,175.0,Biker,10.5,138.0,138.3988800532721
4336,1,82,995.0,986.5,Pedestrian,962.0,949.5,1351.6635121212676
4337,1,2,332.5,365.0,Biker,299.5,328.0,444.16691682294396
4337,1,3,42.5,23.5,Pedestrian,9.5,-13.5,16.507574019219177
4337,1,4,34.0,78.5,Pedestrian,1.0,41.5,41.512046444375635
4337,1,6,250.0,563.0,Pedestrian,217.0,526.0,569.0035149276321
4337,1,8,1889.0,273.5,Pedestrian,1856.0,236.5,1871.0072821878593
4337,1,10,217.0,227.0,Pedestrian,184.0,190.0,264.4919658515169
4337,1,11,1886.0,1043.5,Pedestrian,1853.0,1006.5,2108.708431718335
4337,1,16,213.0,190.5,Pedestrian,180.0,153.5,236.5634164447242
4337,1,21,1022.5,1013.5,Pedestrian,989.5,976.5,1390.2023234047626
4337,1,24,690.0,450.5,Pedestrian,657.0,413.5,776.2932757663176
4337,1,27,254.0,205.5,Pedestrian,221.0,168.5,277.90870803197225
4337,1,43,1479.0,771.0,Pedestrian,1446.0,734.0,1621.6263441372676
4337,1,78,1904.0,239.5,Pedestrian,1871.0,202.5,1881.9264730589236
4337,1,80,970.5,517.5,Pedestrian,937.5,480.5,1053.4640477966013
4337,1,81,43.5,175.0,Biker,10.5,138.0,138.3988800532721
4337,1,82,995.0,986.5,Pedestrian,962.0,949.5,1351.6635121212676
4338,1,2,329.5,365.0,Biker,296.5,328.0,442.1495787626626
4338,1,3,42.5,23.5,Pedestrian,9.5,-13.5,16.507574019219177
4338,1,4,34.0,78.5,Pedestrian,1.0,41.5,41.512046444375635
4338,1,6,250.0,565.5,Pedestrian,217.0,528.5,571.3153682511962
4338,1,8,1890.5,273.5,Pedestrian,1857.5,236.5,1872.495260341131
4338,1,10,217.0,227.0,Pedestrian,184.0,190.0,264.4919658515169
4338,1,11,1886.0,1043.5,Pedestrian,1853.0,1006.5,2108.708431718335
4338,1,16,213.0,190.5,Pedestrian,180.0,153.5,236.5634164447242
4338,1,21,1022.5,1013.5,Pedestrian,989.5,976.5,1390.2023234047626
4338,1,24,690.0,450.5,Pedestrian,657.0,413.5,776.2932757663176
4338,1,27,254.0,205.5,Pedestrian,221.0,168.5,277.90870803197225
4338,1,43,1479.0,771.0,Pedestrian,1446.0,734.0,1621.6263441372676
4338,1,78,1904.0,239.5,Pedestrian,1871.0,202.5,1881.9264730589236
4338,1,80,970.5,517.5,Pedestrian,937.5,480.5,1053.4640477966013
4338,1,81,43.5,175.0,Biker,10.5,138.0,138.3988800532721
4338,1,82,995.0,986.5,Pedestrian,962.0,949.5,1351.6635121212676
4339,1,2,327.0,365.0,Biker,294.0,328.0,440.477014156244
4339,1,3,42.5,23.5,Pedestrian,9.5,-13.5,16.507574019219177
4339,1,4,34.0,78.5,Pedestrian,1.0,41.5,41.512046444375635
4339,1,6,247.0,565.5,Pedestrian,214.0,528.5,570.1826461757671
4339,1,8,1891.5,273.5,Pedestrian,1858.5,236.5,1873.487256428503
4339,1,10,217.0,227.0,Pedestrian,184.0,190.0,264.4919658515169
4339,1,11,1886.0,1043.5,Pedestrian,1853.0,1006.5,2108.708431718335
4339,1,16,213.0,190.5,Pedestrian,180.0,153.5,236.5634164447242
4339,1,21,1022.5,1013.5,Pedestrian,989.5,976.5,1390.2023234047626
4339,1,24,690.0,450.5,Pedestrian,657.0,413.5,776.2932757663176
4339,1,27,254.0,205.5,Pedestrian,221.0,168.5,277.90870803197225
4339,1,43,1479.0,771.0,Pedestrian,1446.0,734.0,1621.6263441372676
4339,1,78,1907.0,239.5,Pedestrian,1874.0,202.5,1884.909082688075
4339,1,80,967.5,517.5,Pedestrian,934.5,480.5,1050.795175093605
4339,1,81,43.5,173.5,Biker,10.5,136.5,136.90325050925563
4339,1,82,995.0,986.5,Pedestrian,962.0,949.5,1351.6635121212676
4340,1,2,324.0,367.0,Biker,291.0,330.0,439.9784085611475
4340,1,3,42.5,23.5,Pedestrian,9.5,-13.5,16.507574019219177
4340,1,4,34.0,78.5,Pedestrian,1.0,41.5,41.512046444375635
4340,1,6,247.0,567.5,Pedestrian,214.0,530.5,572.0369306259868
4340,1,8,1891.5,273.5,Pedestrian,1858.5,236.5,1873.487256428503
4340,1,10,217.0,227.0,Pedestrian,184.0,190.0,264.4919658515169
4340,1,11,1886.0,1043.5,Pedestrian,1853.0,1006.5,2108.708431718335
4340,1,16,213.0,190.5,Pedestrian,180.0,153.5,236.5634164447242
4340,1,21,1022.5,1013.5,Pedestrian,989.5,976.5,1390.2023234047626
4340,1,24,690.0,450.5,Pedestrian,657.0,413.5,776.2932757663176
4340,1,27,254.0,205.5,Pedestrian,221.0,168.5,277.90870803197225
4340,1,43,1479.0,771.0,Pedestrian,1446.0,734.0,1621.6263441372676
4340,1,78,1907.0,239.5,Pedestrian,1874.0,202.5,1884.909082688075
4340,1,80,967.5,517.5,Pedestrian,934.5,480.5,1050.795175093605
4340,1,81,43.5,173.5,Biker,10.5,136.5,136.90325050925563
4340,1,82,995.0,986.5,Pedestrian,962.0,949.5,1351.6635121212676
4341,1,2,321.5,367.0,Biker,288.5,330.0,438.32892900195395
4341,1,3,42.5,23.5,Pedestrian,9.5,-13.5,16.507574019219177
4341,1,4,34.0,78.5,Pedestrian,1.0,41.5,41.512046444375635
4341,1,6,244.0,567.5,Pedestrian,211.0,530.5,570.9214043981885
4341,1,8,1891.5,273.5,Pedestrian,1858.5,236.5,1873.487256428503
4341,1,10,217.0,227.0,Pedestrian,184.0,190.0,264.4919658515169
4341,1,11,1886.0,1043.5,Pedestrian,1853.0,1006.5,2108.708431718335
4341,1,16,213.0,190.5,Pedestrian,180.0,153.5,236.5634164447242
4341,1,21,1022.5,1013.5,Pedestrian,989.5,976.5,1390.2023234047626
4341,1,24,690.0,450.5,Pedestrian,657.0,413.5,776.2932757663176
4341,1,27,254.0,205.5,Pedestrian,221.0,168.5,277.90870803197225
4341,1,43,1479.0,771.0,Pedestrian,1446.0,734.0,1621.6263441372676
4341,1,78,1907.0,239.5,Pedestrian,1874.0,202.5,1884.909082688075
4341,1,80,965.0,517.5,Pedestrian,932.0,480.5,1048.5724819963568
4341,1,81,43.5,172.5,Biker,10.5,135.5,135.9062176649766
4341,1,82,995.0,986.5,Pedestrian,962.0,949.5,1351.6635121212676
4342,1,2,318.5,367.0,Biker,285.5,330.0,436.36022962685314
4342,1,3,42.5,23.5,Pedestrian,9.5,-13.5,16.507574019219177
4342,1,4,34.0,78.5,Pedestrian,1.0,41.5,41.512046444375635
4342,1,6,242.0,570.0,Pedestrian,209.0,533.0,572.5120086076797
4342,1,8,1893.0,273.5,Pedestrian,1860.0,236.5,1874.9752665035344
4342,1,10,217.0,227.0,Pedestrian,184.0,190.0,264.4919658515169
4342,1,11,1883.5,1041.5,Pedestrian,1850.5,1004.5,2105.5570521835784
4342,1,16,213.0,190.5,Pedestrian,180.0,153.5,236.5634164447242
4342,1,21,1022.5,1013.5,Pedestrian,989.5,976.5,1390.2023234047626
4342,1,24,690.0,450.5,Pedestrian,657.0,413.5,776.2932757663176
4342,1,27,254.0,205.5,Pedestrian,221.0,168.5,277.90870803197225
4342,1,43,1479.0,771.0,Pedestrian,1446.0,734.0,1621.6263441372676
4342,1,78,1907.0,239.5,Pedestrian,1874.0,202.5,1884.909082688075
4342,1,80,962.0,517.5,Pedestrian,929.0,480.5,1045.9069031228353
4342,1,81,43.5,172.5,Biker,10.5,135.5,135.9062176649766
4342,1,82,995.0,986.5,Pedestrian,962.0,949.5,1351.6635121212676
4343,1,2,316.0,367.0,Biker,283.0,330.0,434.72865099967817
4343,1,3,42.5,23.5,Pedestrian,9.5,-13.5,16.507574019219177
4343,1,4,34.0,78.5,Pedestrian,1.0,41.5,41.512046444375635
4343,1,6,242.0,570.0,Pedestrian,209.0,533.0,572.5120086076797
4343,1,8,1894.5,273.5,Pedestrian,1861.5,236.5,1876.4632956708745
4343,1,10,217.0,227.0,Pedestrian,184.0,190.0,264.4919658515169
4343,1,11,1883.5,1041.5,Pedestrian,1850.5,1004.5,2105.5570521835784
4343,1,16,213.0,190.5,Pedestrian,180.0,153.5,236.5634164447242
4343,1,21,1022.5,1013.5,Pedestrian,989.5,976.5,1390.2023234047626
4343,1,24,690.0,450.5,Pedestrian,657.0,413.5,776.2932757663176
4343,1,27,254.0,205.5,Pedestrian,221.0,168.5,277.90870803197225
4343,1,43,1479.0,771.0,Pedestrian,1446.0,734.0,1621.6263441372676
4343,1,78,1908.0,239.5,Pedestrian,1875.0,202.5,1885.9032981571456
4343,1,80,962.0,517.5,Pedestrian,929.0,480.5,1045.9069031228353
4343,1,81,43.5,172.5,Biker,10.5,135.5,135.9062176649766
4343,1,82,995.0,986.5,Pedestrian,962.0,949.5,1351.6635121212676
4344,1,2,313.0,370.0,Biker,280.0,333.0,435.0735569992734
4344,1,3,42.5,23.5,Pedestrian,9.5,-13.5,16.507574019219177
4344,1,4,34.0,78.5,Pedestrian,1.0,41.5,41.512046444375635
4344,1,6,239.0,572.0,Pedestrian,206.0,535.0,573.2896301172733
4344,1,8,1894.5,273.5,Pedestrian,1861.5,236.5,1876.4632956708745
4344,1,10,217.0,227.0,Pedestrian,184.0,190.0,264.4919658515169
4344,1,11,1883.5,1041.5,Pedestrian,1850.5,1004.5,2105.5570521835784
4344,1,16,213.0,190.5,Pedestrian,180.0,153.5,236.5634164447242
4344,1,21,1022.5,1013.5,Pedestrian,989.5,976.5,1390.2023234047626
4344,1,24,690.0,450.5,Pedestrian,657.0,413.5,776.2932757663176
4344,1,27,254.0,205.5,Pedestrian,221.0,168.5,277.90870803197225
4344,1,43,1479.0,771.0,Pedestrian,1446.0,734.0,1621.6263441372676
4344,1,78,1909.5,239.5,Pedestrian,1876.5,202.5,1887.394632820598
4344,1,80,959.5,517.5,Pedestrian,926.5,480.5,1043.686974145026
4344,1,81,43.5,172.5,Biker,10.5,135.5,135.9062176649766
4344,1,82,995.0,986.5,Pedestrian,962.0,949.5,1351.6635121212676
4345,1,2,310.5,370.0,Biker,277.5,333.0,433.46885701281934
4345,1,3,42.5,23.5,Pedestrian,9.5,-13.5,16.507574019219177
4345,1,4,34.0,78.5,Pedestrian,1.0,41.5,41.512046444375635
4345,1,6,239.0,572.0,Pedestrian,206.0,535.0,573.2896301172733
4345,1,8,1895.5,273.5,Pedestrian,1862.5,236.5,1877.4553257001883
4345,1,10,217.0,227.0,Pedestrian,184.0,190.0,264.4919658515169
4345,1,11,1883.5,1041.5,Pedestrian,1850.5,1004.5,2105.5570521835784
4345,1,16,213.0,190.5,Pedestrian,180.0,153.5,236.5634164447242
4345,1,21,1022.5,1013.5,Pedestrian,989.5,976.5,1390.2023234047626
4345,1,24,690.0,450.5,Pedestrian,657.0,413.5,776.2932757663176
4345,1,27,254.0,205.5,Pedestrian,221.0,168.5,277.90870803197225
4345,1,43,1479.0,771.0,Pedestrian,1446.0,734.0,1621.6263441372676
4345,1,78,1909.5,239.5,Pedestrian,1876.5,202.5,1887.394632820598
4345,1,80,959.5,517.5,Pedestrian,926.5,480.5,1043.686974145026
4345,1,81,43.5,171.5,Biker,10.5,134.5,134.90922874288475
4345,1,82,995.0,986.5,Pedestrian,962.0,949.5,1351.6635121212676
4346,1,2,307.5,370.0,Biker,274.5,333.0,431.5544577454855
4346,1,3,42.5,23.5,Pedestrian,9.5,-13.5,16.507574019219177
4346,1,4,34.0,78.5,Pedestrian,1.0,41.5,41.512046444375635
4346,1,6,236.0,574.5,Pedestrian,203.0,537.5,574.5565681462531
4346,1,8,1897.0,273.5,Pedestrian,1864.0,236.5,1878.9433865872595
4346,1,10,217.0,227.0,Pedestrian,184.0,190.0,264.4919658515169
4346,1,11,1883.5,1041.5,Pedestrian,1850.5,1004.5,2105.5570521835784
4346,1,16,213.0,190.5,Pedestrian,180.0,153.5,236.5634164447242
4346,1,21,1022.5,1013.5,Pedestrian,989.5,976.5,1390.2023234047626
4346,1,24,690.0,450.5,Pedestrian,657.0,413.5,776.2932757663176
4346,1,27,254.0,205.5,Pedestrian,221.0,168.5,277.90870803197225
4346,1,43,1479.0,771.0,Pedestrian,1446.0,734.0,1621.6263441372676
4346,1,78,1909.5,238.5,Pedestrian,1876.5,201.5,1887.2876039438186
4346,1,80,956.5,515.0,Pedestrian,923.5,478.0,1039.873189384167
4346,1,81,43.5,171.5,Biker,10.5,134.5,134.90922874288475
4346,1,82,995.0,986.5,Pedestrian,962.0,949.5,1351.6635121212676
4347,1,2,305.0,372.0,Biker,272.0,335.0,431.5194086017453
4347,1,3,42.5,23.5,Pedestrian,9.5,-13.5,16.507574019219177
4347,1,4,34.0,78.5,Pedestrian,1.0,41.5,41.512046444375635
4347,1,6,233.0,574.5,Pedestrian,200.0,537.5,573.5034873477231
4347,1,8,1897.0,273.5,Pedestrian,1864.0,236.5,1878.9433865872595
4347,1,10,217.0,227.0,Pedestrian,184.0,190.0,264.4919658515169
4347,1,11,1883.5,1041.5,Pedestrian,1850.5,1004.5,2105.5570521835784
4347,1,16,213.0,190.5,Pedestrian,180.0,153.5,236.5634164447242
4347,1,21,1022.5,1013.5,Pedestrian,989.5,976.5,1390.2023234047626
4347,1,24,690.0,450.5,Pedestrian,657.0,413.5,776.2932757663176
4347,1,27,254.0,205.5,Pedestrian,221.0,168.5,277.90870803197225
4347,1,43,1479.0,771.0,Pedestrian,1446.0,734.0,1621.6263441372676
4347,1,78,1911.0,238.5,Pedestrian,1878.0,201.5,1888.7790368383487
4347,1,80,954.0,515.0,Pedestrian,921.0,478.0,1037.653603087273
4347,1,81,43.5,170.0,Biker,10.5,133.0,133.41382986782142
4347,1,82,995.0,986.5,Pedestrian,962.0,949.5,1351.6635121212676
4348,1,2,302.0,372.0,Biker,269.0,335.0,429.6347285776605
4348,1,3,42.5,23.5,Pedestrian,9.5,-13.5,16.507574019219177
4348,1,4,34.0,78.5,Pedestrian,1.0,41.5,41.512046444375635
4348,1,6,233.0,576.5,Pedestrian,200.0,539.5,575.3783537812315
4348,1,8,1898.5,273.5,Pedestrian,1865.5,236.5,1880.4314664459325
4348,1,10,217.0,227.0,Pedestrian,184.0,190.0,264.4919658515169
4348,1,11,1883.5,1041.5,Pedestrian,1850.5,1004.5,2105.5570521835784
4348,1,16,213.0,190.5,Pedestrian,180.0,153.5,236.5634164447242
4348,1,21,1022.5,1013.5,Pedestrian,989.5,976.5,1390.2023234047626
4348,1,24,690.0,450.5,Pedestrian,657.0,413.5,776.2932757663176
4348,1,27,254.0,205.5,Pedestrian,221.0,168.5,277.90870803197225
4348,1,43,1479.0,771.0,Pedestrian,1446.0,734.0,1621.6263441372676
4348,1,78,1912.0,237.5,Pedestrian,1879.0,200.5,1889.666968013147
4348,1,80,954.0,515.0,Pedestrian,921.0,478.0,1037.653603087273
4348,1,81,43.5,170.0,Biker,10.5,133.0,133.41382986782142
4348,1,82,995.0,986.5,Pedestrian,962.0,949.5,1351.6635121212676
4349,1,2,299.5,372.0,Biker,266.5,335.0,428.0738838097928
4349,1,3,42.5,23.5,Pedestrian,9.5,-13.5,16.507574019219177
4349,1,4,34.0,78.5,Pedestrian,1.0,41.5,41.512046444375635
4349,1,6,231.0,576.5,Pedestrian,198.0,539.5,574.6862187315787
4349,1,8,1900.0,273.5,Pedestrian,1867.0,236.5,1881.919565231203
4349,1,10,217.0,227.0,Pedestrian,184.0,190.0,264.4919658515169
4349,1,11,1883.5,1041.5,Pedestrian,1850.5,1004.5,2105.5570521835784
4349,1,16,213.0,190.5,Pedestrian,180.0,153.5,236.5634164447242
4349,1,21,1022.5,1013.5,Pedestrian,989.5,976.5,1390.2023234047626
4349,1,24,690.0,450.5,Pedestrian,657.0,413.5,776.2932757663176
4349,1,27,254.0,205.5,Pedestrian,221.0,168.5,277.90870803197225
4349,1,43,1479.0,771.0,Pedestrian,1446.0,734.0,1621.6263441372676
4349,1,78,1912.0,237.5,Pedestrian,1879.0,200.5,1889.666968013147
4349,1,80,951.0,515.0,Pedestrian,918.0,478.0,1034.9917874070306
4349,1,81,43.5,170.0,Biker,10.5,133.0,133.41382986782142
4349,1,82,995.0,986.5,Pedestrian,962.0,949.5,1351.6635121212676
4350,1,2,296.5,374.0,Biker,263.5,337.0,427.7864537359733
4350,1,3,42.5,23.5,Pedestrian,9.5,-13.5,16.507574019219177
4350,1,4,34.0,78.5,Pedestrian,1.0,41.5,41.512046444375635
4350,1,6,231.0,579.0,Pedestrian,198.0,542.0,577.0337945042734
4350,1,8,1900.0,273.5,Pedestrian,1867.0,236.5,1881.919565231203
4350,1,10,217.0,227.0,Pedestrian,184.0,190.0,264.4919658515169
4350,1,11,1883.5,1041.5,Pedestrian,1850.5,1004.5,2105.5570521835784
4350,1,16,213.0,190.5,Pedestrian,180.0,153.5,236.5634164447242
4350,1,21,1022.5,1013.5,Pedestrian,989.5,976.5,1390.2023234047626
4350,1,24,690.0,450.5,Pedestrian,657.0,413.5,776.2932757663176
4350,1,27,254.0,205.5,Pedestrian,221.0,168.5,277.90870803197225
4350,1,43,1479.0,771.0,Pedestrian,1446.0,734.0,1621.6263441372676
4350,1,78,1912.0,237.5,Pedestrian,1879.0,200.5,1889.666968013147
4350,1,80,951.0,515.0,Pedestrian,918.0,478.0,1034.9917874070306
4350,1,81,43.5,170.0,Biker,10.5,133.0,133.41382986782142
4350,1,82,995.0,986.5,Pedestrian,962.0,949.5,1351.6635121212676
4351,1,2,291.0,374.0,Biker,258.0,337.0,424.42078177205224
4351,1,3,42.5,23.5,Pedestrian,9.5,-13.5,16.507574019219177
4351,1,4,34.0,78.5,Pedestrian,1.0,41.5,41.512046444375635
4351,1,6,228.0,579.0,Pedestrian,195.0,542.0,576.0112846116818
4351,1,8,1900.0,273.5,Pedestrian,1867.0,236.5,1881.919565231203
4351,1,10,217.0,227.0,Pedestrian,184.0,190.0,264.4919658515169
4351,1,11,1883.5,1041.5,Pedestrian,1850.5,1004.5,2105.5570521835784
4351,1,16,213.0,190.5,Pedestrian,180.0,153.5,236.5634164447242
4351,1,21,1022.5,1013.5,Pedestrian,989.5,976.5,1390.2023234047626
4351,1,24,690.0,450.5,Pedestrian,657.0,413.5,776.2932757663176
4351,1,27,254.0,205.5,Pedestrian,221.0,168.5,277.90870803197225
4351,1,43,1479.0,771.0,Pedestrian,1446.0,734.0,1621.6263441372676
4351,1,78,1913.5,237.5,Pedestrian,1880.5,200.5,1891.1585073705483
4351,1,80,948.5,515.0,Pedestrian,915.5,478.0,1032.7750239040447
4351,1,81,42.0,169.0,Biker,9.0,132.0,132.30646242719968
4351,1,82,995.0,986.5,Pedestrian,962.0,949.5,1351.6635121212676
4352,1,2,288.5,374.0,Biker,255.5,337.0,422.9057223542855
4352,1,3,42.5,23.5,Pedestrian,9.5,-13.5,16.507574019219177
4352,1,4,34.0,78.5,Pedestrian,1.0,41.5,41.512046444375635
4352,1,6,225.0,579.0,Pedestrian,192.0,542.0,575.0026086897345
4352,1,8,1902.5,273.5,Pedestrian,1869.5,236.5,1884.399771810642
4352,1,10,217.0,227.0,Pedestrian,184.0,190.0,264.4919658515169
4352,1,11,1880.5,1039.0,Pedestrian,1847.5,1002.0,2101.7279200695793
4352,1,16,213.0,190.5,Pedestrian,180.0,153.5,236.5634164447242
4352,1,21,1022.5,1013.5,Pedestrian,989.5,976.5,1390.2023234047626
4352,1,24,690.0,448.0,Pedestrian,657.0,411.0,774.9645153166692
4352,1,27,254.0,205.5,Pedestrian,221.0,168.5,277.90870803197225
4352,1,43,1479.0,771.0,Pedestrian,1446.0,734.0,1621.6263441372676
4352,1,78,1915.0,237.5,Pedestrian,1882.0,200.5,1892.6500601009157
4352,1,80,945.5,515.0,Pedestrian,912.5,478.0,1030.1166196115855
4352,1,81,42.0,168.0,Biker,9.0,131.0,131.30879635424276
4352,1,82,995.0,986.5,Pedestrian,962.0,949.5,1351.6635121212676
4353,1,2,285.5,374.0,Biker,252.5,337.0,421.1000474946542
4353,1,3,42.5,23.5,Pedestrian,9.5,-13.5,16.507574019219177
4353,1,4,34.0,78.5,Pedestrian,1.0,41.5,41.512046444375635
4353,1,6,222.0,581.5,Pedestrian,189.0,544.5,576.3690224153272
4353,1,8,1902.5,273.5,Pedestrian,1869.5,236.5,1884.399771810642
4353,1,10,217.0,227.0,Pedestrian,184.0,190.0,264.4919658515169
4353,1,11,1880.5,1039.0,Pedestrian,1847.5,1002.0,2101.7279200695793
4353,1,16,213.0,190.5,Pedestrian,180.0,153.5,236.5634164447242
4353,1,21,1022.5,1013.5,Pedestrian,989.5,976.5,1390.2023234047626
4353,1,24,690.0,448.0,Pedestrian,657.0,411.0,774.9645153166692
4353,1,27,254.0,205.5,Pedestrian,221.0,168.5,277.90870803197225
4353,1,43,1479.0,771.0,Pedestrian,1446.0,734.0,1621.6263441372676
4353,1,78,1915.0,237.5,Pedestrian,1882.0,200.5,1892.6500601009157
4353,1,80,945.5,515.0,Pedestrian,912.5,478.0,1030.1166196115855
4353,1,81,42.0,168.0,Biker,9.0,131.0,131.30879635424276
4353,1,82,995.0,986.5,Pedestrian,962.0,949.5,1351.6635121212676
4354,1,2,283.0,374.0,Biker,250.0,337.0,419.6057673578856
4354,1,3,42.5,23.5,Pedestrian,9.5,-13.5,16.507574019219177
4354,1,4,34.0,78.5,Pedestrian,1.0,41.5,41.512046444375635
4354,1,6,222.0,581.5,Pedestrian,189.0,544.5,576.3690224153272
4354,1,8,1902.5,273.5,Pedestrian,1869.5,236.5,1884.399771810642
4354,1,10,217.0,227.0,Pedestrian,184.0,190.0,264.4919658515169
4354,1,11,1880.5,1039.0,Pedestrian,1847.5,1002.0,2101.7279200695793
4354,1,16,213.0,190.5,Pedestrian,180.0,153.5,236.5634164447242
4354,1,21,1022.5,1013.5,Pedestrian,989.5,976.5,1390.2023234047626
4354,1,24,690.0,448.0,Pedestrian,657.0,411.0,774.9645153166692
4354,1,27,254.0,205.5,Pedestrian,221.0,168.5,277.90870803197225
4354,1,43,1479.0,771.0,Pedestrian,1446.0,734.0,1621.6263441372676
4354,1,78,1915.0,237.5,Pedestrian,1882.0,200.5,1892.6500601009157
4354,1,80,943.0,513.0,Pedestrian,910.0,476.0,1026.9741963652252
4354,1,81,42.0,168.0,Biker,9.0,131.0,131.30879635424276
4354,1,82,995.0,986.5,Pedestrian,962.0,949.5,1351.6635121212676
4355,1,2,280.0,374.0,Biker,247.0,337.0,417.8253223537319
4355,1,3,42.5,23.5,Pedestrian,9.5,-13.5,16.507574019219177
4355,1,4,34.0,78.5,Pedestrian,1.0,41.5,41.512046444375635
4355,1,6,220.0,581.5,Pedestrian,187.0,544.5,575.7162929777131
4355,1,8,1904.0,273.5,Pedestrian,1871.0,236.5,1885.8879208478959
4355,1,10,217.0,227.0,Pedestrian,184.0,190.0,264.4919658515169
4355,1,11,1880.5,1039.0,Pedestrian,1847.5,1002.0,2101.7279200695793
4355,1,16,213.0,190.5,Pedestrian,180.0,153.5,236.5634164447242
4355,1,21,1022.5,1013.5,Pedestrian,989.5,976.5,1390.2023234047626
4355,1,24,690.0,448.0,Pedestrian,657.0,411.0,774.9645153166692
4355,1,27,254.0,205.5,Pedestrian,221.0,168.5,277.90870803197225
4355,1,43,1479.0,771.0,Pedestrian,1446.0,734.0,1621.6263441372676
4355,1,78,1916.5,237.5,Pedestrian,1883.5,200.5,1894.1416261726577
4355,1,80,943.0,513.0,Pedestrian,910.0,476.0,1026.9741963652252
4355,1,81,42.0,168.0,Biker,9.0,131.0,131.30879635424276
4355,1,82,995.0,986.5,Pedestrian,962.0,949.5,1351.6635121212676
4356,1,2,274.5,374.0,Biker,241.5,337.0,414.59769656861334
4356,1,3,42.5,23.5,Pedestrian,9.5,-13.5,16.507574019219177
4356,1,4,34.0,78.5,Pedestrian,1.0,41.5,41.512046444375635
4356,1,6,217.0,583.5,Pedestrian,184.0,546.5,576.6439542733453
4356,1,8,1905.5,273.5,Pedestrian,1872.5,236.5,1887.3760886479408
4356,1,10,217.0,227.0,Pedestrian,184.0,190.0,264.4919658515169
4356,1,11,1880.5,1039.0,Pedestrian,1847.5,1002.0,2101.7279200695793
4356,1,16,213.0,190.5,Pedestrian,180.0,153.5,236.5634164447242
4356,1,21,1022.5,1013.5,Pedestrian,989.5,976.5,1390.2023234047626
4356,1,24,690.0,448.0,Pedestrian,657.0,411.0,774.9645153166692
4356,1,27,254.0,205.5,Pedestrian,221.0,168.5,277.90870803197225
4356,1,43,1479.0,771.0,Pedestrian,1446.0,734.0,1621.6263441372676
4356,1,78,1916.5,237.5,Pedestrian,1883.5,200.5,1894.1416261726577
4356,1,80,940.0,513.0,Pedestrian,907.0,476.0,1024.3168455121686
4356,1,81,42.0,167.0,Biker,9.0,130.0,130.31116606031887
4356,1,82,995.0,986.5,Pedestrian,962.0,949.5,1351.6635121212676
4357,1,2,272.0,374.0,Biker,239.0,337.0,413.14646313383827
4357,1,3,42.5,23.5,Pedestrian,9.5,-13.5,16.507574019219177
4357,1,4,34.0,78.5,Pedestrian,1.0,41.5,41.512046444375635
4357,1,6,214.0,583.5,Pedestrian,181.0,546.5,575.693711968439
4357,1,8,1905.5,273.5,Pedestrian,1872.5,236.5,1887.3760886479408
4357,1,10,217.0,227.0,Pedestrian,184.0,190.0,264.4919658515169
4357,1,11,1880.5,1039.0,Pedestrian,1847.5,1002.0,2101.7279200695793
4357,1,16,213.0,190.5,Pedestrian,180.0,153.5,236.5634164447242
4357,1,21,1022.5,1013.5,Pedestrian,989.5,976.5,1390.2023234047626
4357,1,24,690.0,448.0,Pedestrian,657.0,411.0,774.9645153166692
4357,1,27,254.0,205.5,Pedestrian,221.0,168.5,277.90870803197225
4357,1,43,1479.0,771.0,Pedestrian,1446.0,734.0,1621.6263441372676
4357,1,78,1918.0,237.5,Pedestrian,1885.0,200.5,1895.6332055542812
4357,1,80,937.5,513.0,Pedestrian,904.5,476.0,1022.1038352339747
4357,1,81,42.0,167.0,Biker,9.0,130.0,130.31116606031887
4357,1,82,995.0,986.5,Pedestrian,962.0,949.5,1351.6635121212676
4358,1,2,269.0,374.0,Biker,236.0,337.0,411.41827864109297
4358,1,3,42.5,23.5,Pedestrian,9.5,-13.5,16.507574019219177
4358,1,4,34.0,78.5,Pedestrian,1.0,41.5,41.512046444375635
4358,1,6,214.0,583.5,Pedestrian,181.0,546.5,575.693711968439
4358,1,8,1906.5,273.5,Pedestrian,1873.5,236.5,1888.3682109165045
4358,1,10,217.0,227.0,Pedestrian,184.0,190.0,264.4919658515169
4358,1,11,1880.5,1039.0,Pedestrian,1847.5,1002.0,2101.7279200695793
4358,1,16,213.0,190.5,Pedestrian,180.0,153.5,236.5634164447242
4358,1,21,1022.5,1013.5,Pedestrian,989.5,976.5,1390.2023234047626
4358,1,24,690.0,448.0,Pedestrian,657.0,411.0,774.9645153166692
4358,1,27,254.0,205.5,Pedestrian,221.0,168.5,277.90870803197225
4358,1,43,1480.5,771.0,Pedestrian,1447.5,734.0,1622.9640322570306
4358,1,78,1918.0,237.5,Pedestrian,1885.0,200.5,1895.6332055542812
4358,1,80,937.5,513.0,Pedestrian,904.5,476.0,1022.1038352339747
4358,1,81,42.0,166.0,Biker,9.0,129.0,129.31357237351384
4358,1,82,995.0,986.5,Pedestrian,962.0,949.5,1351.6635121212676
4359,1,2,266.5,374.0,Biker,233.5,337.0,409.9893291294299
4359,1,3,42.5,23.5,Pedestrian,9.5,-13.5,16.507574019219177
4359,1,4,34.0,78.5,Pedestrian,1.0,41.5,41.512046444375635
4359,1,6,211.0,586.0,Pedestrian,178.0,549.0,577.1351661439459
4359,1,8,1908.0,271.5,Pedestrian,1875.0,234.5,1889.6071681701465
4359,1,10,217.0,227.0,Pedestrian,184.0,190.0,264.4919658515169
4359,1,11,1880.5,1039.0,Pedestrian,1847.5,1002.0,2101.7279200695793
4359,1,16,213.0,190.5,Pedestrian,180.0,153.5,236.5634164447242
4359,1,21,1022.5,1013.5,Pedestrian,989.5,976.5,1390.2023234047626
4359,1,24,692.5,448.0,Pedestrian,659.5,411.0,777.0850983000511
4359,1,27,254.0,205.5,Pedestrian,221.0,168.5,277.90870803197225
4359,1,43,1480.5,771.0,Pedestrian,1447.5,734.0,1622.9640322570306
4359,1,78,1919.0,237.5,Pedestrian,1886.0,200.5,1896.6275991875684
4359,1,80,934.5,513.0,Pedestrian,901.5,476.0,1019.4499742508212
4359,1,81,42.0,166.0,Biker,9.0,129.0,129.31357237351384
4359,1,82,995.0,986.5,Pedestrian,962.0,949.5,1351.6635121212676
4360,1,2,263.5,374.0,Biker,230.5,337.0,408.2881947840275
4360,1,3,42.5,23.5,Pedestrian,9.5,-13.5,16.507574019219177
4360,1,4,34.0,78.5,Pedestrian,1.0,41.5,41.512046444375635
4360,1,6,209.0,586.0,Pedestrian,176.0,549.0,576.5214653419247
4360,1,8,1908.0,271.5,Pedestrian,1875.0,234.5,1889.6071681701465
4360,1,10,217.0,227.0,Pedestrian,184.0,190.0,264.4919658515169
4360,1,11,1880.5,1039.0,Pedestrian,1847.5,1002.0,2101.7279200695793
4360,1,16,213.0,190.5,Pedestrian,180.0,153.5,236.5634164447242
4360,1,21,1022.5,1013.5,Pedestrian,989.5,976.5,1390.2023234047626
4360,1,24,692.5,448.0,Pedestrian,659.5,411.0,777.0850983000511
4360,1,27,254.0,205.5,Pedestrian,221.0,168.5,277.90870803197225
4360,1,43,1480.5,771.0,Pedestrian,1447.5,734.0,1622.9640322570306
4360,1,78,1919.0,237.5,Pedestrian,1886.0,200.5,1896.6275991875684
4360,1,80,934.5,513.0,Pedestrian,901.5,476.0,1019.4499742508212
4360,1,81,42.0,166.0,Biker,9.0,129.0,129.31357237351384
4360,1,82,995.0,986.5,Pedestrian,962.0,949.5,1351.6635121212676
4361,1,2,258.0,374.0,Biker,225.0,337.0,405.20858826041683
4361,1,3,42.5,23.5,Pedestrian,9.5,-13.5,16.507574019219177
4361,1,4,34.0,78.5,Pedestrian,1.0,41.5,41.512046444375635
4361,1,6,206.0,586.0,Pedestrian,173.0,549.0,575.6127170242158
4361,1,8,1908.0,271.5,Pedestrian,1875.0,234.5,1889.6071681701465
4361,1,10,217.0,227.0,Pedestrian,184.0,190.0,264.4919658515169
4361,1,11,1880.5,1039.0,Pedestrian,1847.5,1002.0,2101.7279200695793
4361,1,16,213.0,190.5,Pedestrian,180.0,153.5,236.5634164447242
4361,1,21,1022.5,1013.5,Pedestrian,989.5,976.5,1390.2023234047626
4361,1,24,692.5,448.0,Pedestrian,659.5,411.0,777.0850983000511
4361,1,27,254.0,205.5,Pedestrian,221.0,168.5,277.90870803197225
4361,1,43,1480.5,771.0,Pedestrian,1447.5,734.0,1622.9640322570306
4361,1,78,1920.5,236.5,Pedestrian,1887.5,199.5,1898.0138302973453
4361,1,80,932.0,513.0,Pedestrian,899.0,476.0,1017.2398930439172
4361,1,81,42.0,166.0,Biker,9.0,129.0,129.31357237351384
4361,1,82,995.0,986.5,Pedestrian,962.0,949.5,1351.6635121212676
4362,1,2,255.5,374.0,Biker,222.5,337.0,403.8257668846801
4362,1,3,42.5,23.5,Pedestrian,9.5,-13.5,16.507574019219177
4362,1,4,34.0,78.5,Pedestrian,1.0,41.5,41.512046444375635
4362,1,6,206.0,588.0,Pedestrian,173.0,551.0,577.5205624044913
4362,1,8,1911.0,271.5,Pedestrian,1878.0,234.5,1892.584013987226
4362,1,10,217.0,227.0,Pedestrian,184.0,190.0,264.4919658515169
4362,1,11,1878.0,1036.5,Pedestrian,1845.0,999.5,2098.3386881054257
4362,1,16,213.0,190.5,Pedestrian,180.0,153.5,236.5634164447242
4362,1,21,1022.5,1013.5,Pedestrian,989.5,976.5,1390.2023234047626
4362,1,24,692.5,448.0,Pedestrian,659.5,411.0,777.0850983000511
4362,1,27,254.0,205.5,Pedestrian,221.0,168.5,277.90870803197225
4362,1,43,1480.5,771.0,Pedestrian,1447.5,734.0,1622.9640322570306
4362,1,78,1920.5,236.5,Pedestrian,1887.5,199.5,1898.0138302973453
4362,1,80,929.0,513.0,Pedestrian,896.0,476.0,1014.5895721916326
4362,1,81,42.0,164.5,Biker,9.0,127.5,127.81725235663612
4362,1,82,995.0,986.5,Pedestrian,962.0,949.5,1351.6635121212676
4363,1,2,252.5,374.0,Biker,219.5,337.0,402.180618627999
4363,1,3,42.5,23.5,Pedestrian,9.5,-13.5,16.507574019219177
4363,1,4,34.0,78.5,Pedestrian,1.0,41.5,41.512046444375635
4363,1,6,203.0,588.0,Pedestrian,170.0,551.0,576.6289968428573
4363,1,8,1911.0,271.5,Pedestrian,1878.0,234.5,1892.584013987226
4363,1,10,217.0,227.0,Pedestrian,184.0,190.0,264.4919658515169
4363,1,11,1878.0,1036.5,Pedestrian,1845.0,999.5,2098.3386881054257
4363,1,16,213.0,190.5,Pedestrian,180.0,153.5,236.5634164447242
4363,1,21,1022.5,1013.5,Pedestrian,989.5,976.5,1390.2023234047626
4363,1,24,692.5,448.0,Pedestrian,659.5,411.0,777.0850983000511
4363,1,27,254.0,205.5,Pedestrian,221.0,168.5,277.90870803197225
4363,1,43,1480.5,771.0,Pedestrian,1447.5,734.0,1622.9640322570306
4363,1,78,1922.0,235.5,Pedestrian,1889.0,198.5,1899.4007607664055
4363,1,80,929.0,511.0,Pedestrian,896.0,474.0,1013.6528005189942
4363,1,81,42.0,163.5,Biker,9.0,126.5,126.81975398178314
4363,1,82,995.0,986.5,Pedestrian,962.0,949.5,1351.6635121212676
4364,1,2,250.0,374.0,Biker,217.0,337.0,400.82165610156346
4364,1,3,42.5,23.5,Pedestrian,9.5,-13.5,16.507574019219177
4364,1,4,34.0,78.5,Pedestrian,1.0,41.5,41.512046444375635
4364,1,6,200.0,588.0,Pedestrian,167.0,551.0,575.7516825854701
4364,1,8,1911.0,271.5,Pedestrian,1878.0,234.5,1892.584013987226
4364,1,10,217.0,227.0,Pedestrian,184.0,190.0,264.4919658515169
4364,1,11,1878.0,1036.5,Pedestrian,1845.0,999.5,2098.3386881054257
4364,1,16,213.0,190.5,Pedestrian,180.0,153.5,236.5634164447242
4364,1,21,1022.5,1013.5,Pedestrian,989.5,976.5,1390.2023234047626
4364,1,24,692.5,448.0,Pedestrian,659.5,411.0,777.0850983000511
4364,1,27,255.5,205.5,Pedestrian,222.5,168.5,279.1030275722569
4364,1,43,1480.5,771.0,Pedestrian,1447.5,734.0,1622.9640322570306
4364,1,78,1922.0,235.5,Pedestrian,1889.0,198.5,1899.4007607664055
4364,1,80,926.5,511.0,Pedestrian,893.5,474.0,1011.4436464776473
4364,1,81,42.0,163.5,Biker,9.0,126.5,126.81975398178314
4364,1,82,995.0,986.5,Pedestrian,962.0,949.5,1351.6635121212676
4365,1,2,247.0,374.0,Biker,214.0,337.0,399.2054608844924
4365,1,3,42.5,23.5,Pedestrian,9.5,-13.5,16.507574019219177
4365,1,4,34.0,78.5,Pedestrian,1.0,41.5,41.512046444375635
4365,1,6,200.0,590.5,Pedestrian,167.0,553.5,578.1446618278162
4365,1,8,1913.5,271.5,Pedestrian,1880.5,234.5,1895.0647746185352
4365,1,10,217.0,227.0,Pedestrian,184.0,190.0,264.4919658515169
4365,1,11,1878.0,1036.5,Pedestrian,1845.0,999.5,2098.3386881054257
4365,1,16,213.0,190.5,Pedestrian,180.0,153.5,236.5634164447242
4365,1,21,1022.5,1013.5,Pedestrian,989.5,976.5,1390.2023234047626
4365,1,24,692.5,448.0,Pedestrian,659.5,411.0,777.0850983000511
4365,1,27,255.5,205.5,Pedestrian,222.5,168.5,279.1030275722569
4365,1,43,1480.5,771.0,Pedestrian,1447.5,734.0,1622.9640322570306
4365,1,78,1923.0,235.5,Pedestrian,1890.0,198.5,1900.395287828298
4365,1,80,926.5,511.0,Pedestrian,893.5,474.0,1011.4436464776473
4365,1,81,42.0,163.5,Biker,9.0,126.5,126.81975398178314
4365,1,82,995.0,986.5,Pedestrian,962.0,949.5,1351.6635121212676
4366,1,2,241.5,374.0,Biker,208.5,337.0,396.28430450877056
4366,1,3,42.5,23.5,Pedestrian,9.5,-13.5,16.507574019219177
4366,1,4,34.0,78.5,Pedestrian,1.0,41.5,41.512046444375635
4366,1,6,198.0,590.5,Pedestrian,165.0,553.5,577.5701256124662
4366,1,8,1913.5,271.5,Pedestrian,1880.5,234.5,1895.0647746185352
4366,1,10,217.0,227.0,Pedestrian,184.0,190.0,264.4919658515169
4366,1,11,1878.0,1034.5,Pedestrian,1845.0,997.5,2097.386766907811
4366,1,16,213.0,190.5,Pedestrian,180.0,153.5,236.5634164447242
4366,1,21,1022.5,1013.5,Pedestrian,989.5,976.5,1390.2023234047626
4366,1,24,695.5,448.0,Pedestrian,662.5,411.0,779.632766114919
4366,1,27,255.5,205.5,Pedestrian,222.5,168.5,279.1030275722569
4366,1,43,1480.5,771.0,Pedestrian,1447.5,734.0,1622.9640322570306
4366,1,78,1923.0,235.5,Pedestrian,1890.0,198.5,1900.395287828298
4366,1,80,923.5,511.0,Pedestrian,890.5,474.0,1008.7944537912567
4366,1,81,42.0,163.5,Biker,9.0,126.5,126.81975398178314
4366,1,82,995.0,986.5,Pedestrian,962.0,949.5,1351.6635121212676
4367,1,2,239.0,374.0,Biker,206.0,337.0,394.9746827329569
4367,1,3,42.5,23.5,Pedestrian,9.5,-13.5,16.507574019219177
4367,1,4,34.0,78.5,Pedestrian,1.0,41.5,41.512046444375635
4367,1,6,195.0,590.5,Pedestrian,162.0,553.5,576.7202528089333
4367,1,8,1913.5,271.5,Pedestrian,1880.5,234.5,1895.0647746185352
4367,1,10,217.0,227.0,Pedestrian,184.0,190.0,264.4919658515169
4367,1,11,1878.0,1034.5,Pedestrian,1845.0,997.5,2097.386766907811
4367,1,16,213.0,190.5,Pedestrian,180.0,153.5,236.5634164447242
4367,1,21,1022.5,1013.5,Pedestrian,989.5,976.5,1390.2023234047626
4367,1,24,695.5,448.0,Pedestrian,662.5,411.0,779.632766114919
4367,1,27,255.5,205.5,Pedestrian,222.5,168.5,279.1030275722569
4367,1,43,1480.5,771.0,Pedestrian,1447.5,734.0,1622.9640322570306
4367,1,78,1924.5,235.5,Pedestrian,1891.5,198.5,1901.8870891827412
4367,1,80,921.0,511.0,Pedestrian,888.0,474.0,1006.5882971701985
4367,1,81,42.0,162.5,Biker,9.0,125.5,125.8222953216162
4367,1,82,995.0,986.5,Pedestrian,962.0,949.5,1351.6635121212676
4368,1,2,236.0,374.0,Biker,203.0,337.0,393.4183523934795
4368,1,3,42.5,23.5,Pedestrian,9.5,-13.5,16.507574019219177
4368,1,4,34.0,78.5,Pedestrian,1.0,41.5,41.512046444375635
4368,1,6,192.0,592.5,Pedestrian,159.0,555.5,577.8072775588761
4368,1,8,1915.0,271.5,Pedestrian,1882.0,234.5,1896.5532552501656
4368,1,10,217.0,227.0,Pedestrian,184.0,190.0,264.4919658515169
4368,1,11,1878.0,1034.5,Pedestrian,1845.0,997.5,2097.386766907811
4368,1,16,213.0,190.5,Pedestrian,180.0,153.5,236.5634164447242
4368,1,21,1022.5,1013.5,Pedestrian,989.5,976.5,1390.2023234047626
4368,1,24,695.5,448.0,Pedestrian,662.5,411.0,779.632766114919
4368,1,27,255.5,205.5,Pedestrian,222.5,168.5,279.1030275722569
4368,1,43,1480.5,771.0,Pedestrian,1447.5,734.0,1622.9640322570306
4368,1,78,1924.5,235.5,Pedestrian,1891.5,198.5,1901.8870891827412
4368,1,80,921.0,511.0,Pedestrian,888.0,474.0,1006.5882971701985
4368,1,81,42.0,162.5,Biker,9.0,125.5,125.8222953216162
4368,1,82,995.0,986.5,Pedestrian,962.0,949.5,1351.6635121212676
4369,1,2,233.5,374.0,Biker,200.5,337.0,392.13422446912233
4369,1,3,42.5,23.5,Pedestrian,9.5,-13.5,16.507574019219177
4369,1,4,34.0,78.5,Pedestrian,1.0,41.5,41.512046444375635
4369,1,6,192.0,592.5,Pedestrian,159.0,555.5,577.8072775588761
4369,1,8,1916.5,271.5,Pedestrian,1883.5,234.5,1898.0417540191258
4369,1,10,217.0,227.0,Pedestrian,184.0,190.0,264.4919658515169
4369,1,11,1875.0,1034.5,Pedestrian,1842.0,997.5,2094.7482545642565
4369,1,16,213.0,190.5,Pedestrian,180.0,153.5,236.5634164447242
4369,1,21,1022.5,1013.5,Pedestrian,989.5,976.5,1390.2023234047626
4369,1,24,695.5,448.0,Pedestrian,662.5,411.0,779.632766114919
4369,1,27,255.5,205.5,Pedestrian,222.5,168.5,279.1030275722569
4369,1,43,1480.5,771.0,Pedestrian,1447.5,734.0,1622.9640322570306
4369,1,78,1924.5,235.5,Pedestrian,1891.5,198.5,1901.8870891827412
4369,1,80,918.0,511.0,Pedestrian,885.0,474.0,1003.942727450127
4369,1,81,42.0,161.0,Biker,9.0,124.0,124.32618388738553
4369,1,82,995.0,986.5,Pedestrian,962.0,949.5,1351.6635121212676
4370,1,2,230.5,374.0,Biker,197.5,337.0,390.6088196648918
4370,1,3,42.5,23.5,Pedestrian,9.5,-13.5,16.507574019219177
4370,1,4,34.0,78.5,Pedestrian,1.0,41.5,41.512046444375635
4370,1,6,189.0,592.5,Pedestrian,156.0,555.5,576.9889513673551
4370,1,8,1916.5,271.5,Pedestrian,1883.5,234.5,1898.0417540191258
4370,1,10,217.0,227.0,Pedestrian,184.0,190.0,264.4919658515169
4370,1,11,1875.0,1032.0,Pedestrian,1842.0,995.0,2093.558931580384
4370,1,16,213.0,190.5,Pedestrian,180.0,153.5,236.5634164447242
4370,1,21,1022.5,1013.5,Pedestrian,989.5,976.5,1390.2023234047626
4370,1,24,695.5,448.0,Pedestrian,662.5,411.0,779.632766114919
4370,1,27,255.5,205.5,Pedestrian,222.5,168.5,279.1030275722569
4370,1,43,1480.5,771.0,Pedestrian,1447.5,734.0,1622.9640322570306
4370,1,78,1926.0,235.5,Pedestrian,1893.0,198.5,1903.3789034241186
4370,1,80,918.0,511.0,Pedestrian,885.0,474.0,1003.942727450127
4370,1,81,42.0,161.0,Biker,9.0,124.0,124.32618388738553
4370,1,82,995.0,986.5,Pedestrian,962.0,949.5,1351.6635121212676
4371,1,2,225.0,374.0,Biker,192.0,337.0,387.85693238615704
4371,1,3,42.5,23.5,Pedestrian,9.5,-13.5,16.507574019219177
4371,1,4,34.0,78.5,Pedestrian,1.0,41.5,41.512046444375635
4371,1,6,187.0,595.0,Pedestrian,154.0,558.0,578.8609504881116
4371,1,8,1916.5,271.5,Pedestrian,1883.5,234.5,1898.0417540191258
4371,1,10,217.0,227.0,Pedestrian,184.0,190.0,264.4919658515169
4371,1,11,1875.0,1032.0,Pedestrian,1842.0,995.0,2093.558931580384
4371,1,16,213.0,190.5,Pedestrian,180.0,153.5,236.5634164447242
4371,1,21,1022.5,1013.5,Pedestrian,989.5,976.5,1390.2023234047626
4371,1,24,695.5,448.0,Pedestrian,662.5,411.0,779.632766114919
4371,1,27,255.5,205.5,Pedestrian,222.5,168.5,279.1030275722569
4371,1,43,1480.5,771.0,Pedestrian,1447.5,734.0,1622.9640322570306
4371,1,78,1927.5,235.5,Pedestrian,1894.5,198.5,1904.8707305221528
4371,1,80,915.5,511.0,Pedestrian,882.5,474.0,1001.7396118752617
4371,1,81,42.0,161.0,Biker,9.0,124.0,124.32618388738553
4371,1,82,995.0,986.5,Pedestrian,962.0,949.5,1351.6635121212676
4372,1,2,222.5,374.0,Biker,189.5,337.0,386.6254647588542
4372,1,3,42.5,23.5,Pedestrian,9.5,-13.5,16.507574019219177
4372,1,4,34.0,78.5,Pedestrian,1.0,41.5,41.512046444375635
4372,1,6,184.0,595.0,Pedestrian,151.0,558.0,578.0700649575274
4372,1,8,1919.0,271.5,Pedestrian,1886.0,234.5,1900.5226254901572
4372,1,10,215.5,227.0,Pedestrian,182.5,190.0,263.45065951710956
4372,1,11,1875.0,1032.0,Pedestrian,1842.0,995.0,2093.558931580384
4372,1,16,213.0,190.5,Pedestrian,180.0,153.5,236.5634164447242
4372,1,21,1022.5,1013.5,Pedestrian,989.5,976.5,1390.2023234047626
4372,1,24,695.5,448.0,Pedestrian,662.5,411.0,779.632766114919
4372,1,27,255.5,205.5,Pedestrian,222.5,168.5,279.1030275722569
4372,1,43,1480.5,771.0,Pedestrian,1447.5,734.0,1622.9640322570306
4372,1,78,1927.5,235.5,Pedestrian,1894.5,198.5,1904.8707305221528
4372,1,80,912.5,508.5,Pedestrian,879.5,471.5,997.9140744573152
4372,1,81,42.0,161.0,Biker,9.0,124.0,124.32618388738553
4372,1,82,995.0,986.5,Pedestrian,962.0,949.5,1351.6635121212676
4373,1,2,219.5,374.0,Biker,186.5,337.0,385.16392614054604
4373,1,3,42.5,23.5,Pedestrian,9.5,-13.5,16.507574019219177
4373,1,4,34.0,78.5,Pedestrian,1.0,41.5,41.512046444375635
4373,1,6,184.0,595.0,Pedestrian,151.0,558.0,578.0700649575274
4373,1,8,1919.0,271.5,Pedestrian,1886.0,234.5,1900.5226254901572
4373,1,10,215.5,227.0,Pedestrian,182.5,190.0,263.45065951710956
4373,1,11,1875.0,1032.0,Pedestrian,1842.0,995.0,2093.558931580384
4373,1,16,213.0,190.5,Pedestrian,180.0,153.5,236.5634164447242
4373,1,21,1022.5,1013.5,Pedestrian,989.5,976.5,1390.2023234047626
4373,1,24,698.0,448.0,Pedestrian,665.0,411.0,781.7582746603965
4373,1,27,255.5,205.5,Pedestrian,222.5,168.5,279.1030275722569
4373,1,43,1480.5,771.0,Pedestrian,1447.5,734.0,1622.9640322570306
4373,1,78,1927.5,235.5,Pedestrian,1894.5,198.5,1904.8707305221528
4373,1,80,912.5,508.5,Pedestrian,879.5,471.5,997.9140744573152
4373,1,81,42.0,160.0,Biker,9.0,123.0,123.3288287465668
4373,1,82,995.0,986.5,Pedestrian,962.0,949.5,1351.6635121212676
4374,1,2,217.0,374.0,Biker,184.0,337.0,383.9596332949598
4374,1,3,42.5,23.5,Pedestrian,9.5,-13.5,16.507574019219177
4374,1,4,34.0,78.5,Pedestrian,1.0,41.5,41.512046444375635
4374,1,6,181.0,597.0,Pedestrian,148.0,560.0,579.2270711905651
4374,1,8,1919.0,271.5,Pedestrian,1886.0,234.5,1900.5226254901572
4374,1,10,215.5,227.0,Pedestrian,182.5,190.0,263.45065951710956
4374,1,11,1875.0,1032.0,Pedestrian,1842.0,995.0,2093.558931580384
4374,1,16,213.0,190.5,Pedestrian,180.0,153.5,236.5634164447242
4374,1,21,1022.5,1013.5,Pedestrian,989.5,976.5,1390.2023234047626
4374,1,24,698.0,448.0,Pedestrian,665.0,411.0,781.7582746603965
4374,1,27,255.5,205.5,Pedestrian,222.5,168.5,279.1030275722569
4374,1,43,1480.5,771.0,Pedestrian,1447.5,734.0,1622.9640322570306
4374,1,78,1929.0,235.5,Pedestrian,1896.0,198.5,1906.3625704466608
4374,1,80,910.0,508.5,Pedestrian,877.0,471.5,995.7114290797309
4374,1,81,42.0,159.0,Biker,9.0,122.0,122.3315167894194
4374,1,82,995.0,986.5,Pedestrian,962.0,949.5,1351.6635121212676
4375,1,2,214.0,374.0,Biker,181.0,337.0,382.5310444918164
4375,1,3,42.5,23.5,Pedestrian,9.5,-13.5,16.507574019219177
4375,1,4,34.0,78.5,Pedestrian,1.0,41.5,41.512046444375635
4375,1,6,178.0,597.0,Pedestrian,145.0,560.0,578.4678037713076
4375,1,8,1922.0,271.5,Pedestrian,1889.0,234.5,1903.4997373259603
4375,1,10,215.5,227.0,Pedestrian,182.5,190.0,263.45065951710956
4375,1,11,1875.0,1030.0,Pedestrian,1842.0,993.0,2092.60913693886
4375,1,16,214.0,190.5,Pedestrian,181.0,153.5,237.3251988306341
4375,1,21,1022.5,1013.5,Pedestrian,989.5,976.5,1390.2023234047626
4375,1,24,698.0,448.0,Pedestrian,665.0,411.0,781.7582746603965
4375,1,27,255.5,207.0,Pedestrian,222.5,170.0,280.0111604918633
4375,1,43,1480.5,771.0,Pedestrian,1447.5,734.0,1622.9640322570306
4375,1,78,1930.0,235.5,Pedestrian,1897.0,198.5,1907.3571375072893
4375,1,80,910.0,508.5,Pedestrian,877.0,471.5,995.7114290797309
4375,1,81,42.0,159.0,Biker,9.0,122.0,122.3315167894194
4375,1,82,995.0,986.5,Pedestrian,962.0,949.5,1351.6635121212676
4376,1,2,208.5,374.0,Biker,175.5,337.0,379.95953731943615
4376,1,3,42.5,23.5,Pedestrian,9.5,-13.5,16.507574019219177
4376,1,4,34.0,78.5,Pedestrian,1.0,41.5,41.512046444375635
4376,1,6,176.0,597.0,Pedestrian,143.0,560.0,577.9697223903688
4376,1,8,1922.0,271.5,Pedestrian,1889.0,234.5,1903.4997373259603
4376,1,10,215.5,227.0,Pedestrian,182.5,190.0,263.45065951710956
4376,1,11,1875.0,1030.0,Pedestrian,1842.0,993.0,2092.60913693886
4376,1,16,214.0,190.5,Pedestrian,181.0,153.5,237.3251988306341
4376,1,21,1022.5,1013.5,Pedestrian,989.5,976.5,1390.2023234047626
4376,1,24,698.0,447.0,Pedestrian,665.0,410.0,781.232999815036
4376,1,27,255.5,207.0,Pedestrian,222.5,170.0,280.0111604918633
4376,1,43,1480.5,770.0,Pedestrian,1447.5,733.0,1622.512018445472
4376,1,78,1930.0,234.0,Pedestrian,1897.0,197.0,1907.2016149322021
4376,1,80,907.0,508.5,Pedestrian,874.0,471.5,993.070113335408
4376,1,81,42.0,159.0,Biker,9.0,122.0,122.3315167894194
4376,1,82,995.0,986.5,Pedestrian,962.0,949.5,1351.6635121212676
4377,1,2,206.0,374.0,Biker,173.0,337.0,378.81129866993143
4377,1,3,42.5,23.5,Pedestrian,9.5,-13.5,16.507574019219177
4377,1,4,34.0,78.5,Pedestrian,1.0,41.5,41.512046444375635
4377,1,6,176.0,599.5,Pedestrian,143.0,562.5,580.3923242083755
4377,1,8,1922.0,271.5,Pedestrian,1889.0,234.5,1903.4997373259603
4377,1,10,215.5,227.0,Pedestrian,182.5,190.0,263.45065951710956
4377,1,11,1872.5,1030.0,Pedestrian,1839.5,993.0,2090.4088714890204
4377,1,16,214.0,190.5,Pedestrian,181.0,153.5,237.3251988306341
4377,1,21,1022.5,1013.5,Pedestrian,989.5,976.5,1390.2023234047626
4377,1,24,698.0,447.0,Pedestrian,665.0,410.0,781.232999815036
4377,1,27,255.5,207.0,Pedestrian,222.5,170.0,280.0111604918633
4377,1,43,1480.5,770.0,Pedestrian,1447.5,733.0,1622.512018445472
4377,1,78,1930.0,232.5,Pedestrian,1897.0,195.5,1907.0472595087936
4377,1,80,904.5,508.5,Pedestrian,871.5,471.5,990.8705768161652
4377,1,81,42.0,159.0,Biker,9.0,122.0,122.3315167894194
4377,1,82,995.0,986.5,Pedestrian,962.0,949.5,1351.6635121212676
4378,1,2,203.0,374.0,Biker,170.0,337.0,377.4506590271105
4378,1,3,42.5,23.5,Pedestrian,9.5,-13.5,16.507574019219177
4378,1,4,34.0,78.5,Pedestrian,1.0,41.5,41.512046444375635
4378,1,6,173.0,599.5,Pedestrian,140.0,562.5,579.6604609596898
4378,1,8,1924.5,271.5,Pedestrian,1891.5,234.5,1905.9807186852652
4378,1,10,215.5,227.0,Pedestrian,182.5,190.0,263.45065951710956
4378,1,11,1872.5,1030.0,Pedestrian,1839.5,993.0,2090.4088714890204
4378,1,16,214.0,190.5,Pedestrian,181.0,153.5,237.3251988306341
4378,1,21,1022.5,1013.5,Pedestrian,989.5,976.5,1390.2023234047626
4378,1,24,698.0,447.0,Pedestrian,665.0,410.0,781.232999815036
4378,1,27,255.5,207.0,Pedestrian,222.5,170.0,280.0111604918633
4378,1,43,1480.5,770.0,Pedestrian,1447.5,733.0,1622.512018445472
4378,1,78,1931.5,232.5,Pedestrian,1898.5,195.5,1908.5393629684456
4378,1,80,904.5,508.5,Pedestrian,871.5,471.5,990.8705768161652
4378,1,81,42.0,157.5,Biker,9.0,120.5,120.83563216204068
4378,1,82,995.0,986.5,Pedestrian,962.0,949.5,1351.6635121212676
4379,1,2,200.5,374.0,Biker,167.5,337.0,376.3313035079596
4379,1,3,42.5,23.5,Pedestrian,9.5,-13.5,16.507574019219177
4379,1,4,34.0,78.5,Pedestrian,1.0,41.5,41.512046444375635
4379,1,6,170.0,599.5,Pedestrian,137.0,562.5,578.9432182865604
4379,1,8,1924.5,271.5,Pedestrian,1891.5,234.5,1905.9807186852652
4379,1,10,215.5,227.0,Pedestrian,182.5,190.0,263.45065951710956
4379,1,11,1872.5,1027.5,Pedestrian,1839.5,990.5,2089.222463023026
4379,1,16,214.0,190.5,Pedestrian,181.0,153.5,237.3251988306341
4379,1,21,1022.5,1013.5,Pedestrian,989.5,976.5,1390.2023234047626
4379,1,24,698.0,447.0,Pedestrian,665.0,410.0,781.232999815036
4379,1,27,255.5,207.0,Pedestrian,222.5,170.0,280.0111604918633
4379,1,43,1480.5,770.0,Pedestrian,1447.5,733.0,1622.512018445472
4379,1,78,1933.0,232.5,Pedestrian,1900.0,195.5,1910.03147879819
4379,1,80,901.5,508.5,Pedestrian,868.5,471.5,988.2330190800144
4379,1,81,42.0,157.5,Biker,9.0,120.5,120.83563216204068
4379,1,82,995.0,986.5,Pedestrian,962.0,949.5,1351.6635121212676
4380,1,2,197.5,374.0,Biker,164.5,337.0,375.0056666238525
4380,1,3,42.5,23.5,Pedestrian,9.5,-13.5,16.507574019219177
4380,1,4,34.0,78.5,Pedestrian,1.0,41.5,41.512046444375635
4380,1,6,170.0,602.0,Pedestrian,137.0,565.0,581.3725139701738
4380,1,8,1924.5,271.5,Pedestrian,1891.5,234.5,1905.9807186852652
4380,1,10,217.0,227.0,Pedestrian,184.0,190.0,264.4919658515169
4380,1,11,1872.5,1027.5,Pedestrian,1839.5,990.5,2089.222463023026
4380,1,16,214.0,190.5,Pedestrian,181.0,153.5,237.3251988306341
4380,1,21,1022.5,1013.5,Pedestrian,989.5,976.5,1390.2023234047626
4380,1,24,701.0,447.0,Pedestrian,668.0,410.0,783.7882367068289
4380,1,27,255.5,207.0,Pedestrian,222.5,170.0,280.0111604918633
4380,1,43,1480.5,770.0,Pedestrian,1447.5,733.0,1622.512018445472
4380,1,78,1933.0,232.5,Pedestrian,1900.0,195.5,1910.03147879819
4380,1,80,901.5,508.5,Pedestrian,868.5,471.5,988.2330190800144
4380,1,81,42.0,156.5,Biker,9.0,119.5,119.83843290030123
4380,1,82,995.0,986.5,Pedestrian,962.0,949.5,1351.6635121212676
4381,1,2,192.0,374.0,Biker,159.0,337.0,372.6258176777342
4381,1,3,42.5,23.5,Pedestrian,9.5,-13.5,16.507574019219177
4381,1,4,34.0,78.5,Pedestrian,1.0,41.5,41.512046444375635
4381,1,6,167.0,602.0,Pedestrian,134.0,565.0,580.6728855388376
4381,1,8,1924.5,271.5,Pedestrian,1891.5,234.5,1905.9807186852652
4381,1,10,217.0,227.0,Pedestrian,184.0,190.0,264.4919658515169
4381,1,11,1872.5,1027.5,Pedestrian,1839.5,990.5,2089.222463023026
4381,1,16,214.0,190.5,Pedestrian,181.0,153.5,237.3251988306341
4381,1,21,1022.5,1013.5,Pedestrian,989.5,976.5,1390.2023234047626
4381,1,24,701.0,446.0,Pedestrian,668.0,409.0,783.2655999084857
4381,1,27,255.5,207.0,Pedestrian,222.5,170.0,280.0111604918633
4381,1,43,1480.5,770.0,Pedestrian,1447.5,733.0,1622.512018445472
4381,1,78,1933.0,232.5,Pedestrian,1900.0,195.5,1910.03147879819
4381,1,80,899.0,506.0,Pedestrian,866.0,469.0,984.8436424123374
4381,1,81,42.0,156.5,Biker,9.0,119.5,119.83843290030123
4381,1,82,995.0,986.5,Pedestrian,962.0,949.5,1351.6635121212676
4382,1,2,189.5,374.0,Biker,156.5,337.0,371.5659430033921
4382,1,3,42.5,23.5,Pedestrian,9.5,-13.5,16.507574019219177
4382,1,4,34.0,78.5,Pedestrian,1.0,41.5,41.512046444375635
4382,1,6,165.0,602.0,Pedestrian,132.0,565.0,580.2146154656913
4382,1,8,1927.5,271.5,Pedestrian,1894.5,234.5,1908.957961821056
4382,1,10,217.0,227.0,Pedestrian,184.0,190.0,264.4919658515169
4382,1,11,1872.5,1027.5,Pedestrian,1839.5,990.5,2089.222463023026
4382,1,16,214.0,190.5,Pedestrian,181.0,153.5,237.3251988306341
4382,1,21,1022.5,1013.5,Pedestrian,989.5,976.5,1390.2023234047626
4382,1,24,701.0,446.0,Pedestrian,668.0,409.0,783.2655999084857
4382,1,27,255.5,207.0,Pedestrian,222.5,170.0,280.0111604918633
4382,1,43,1480.5,770.0,Pedestrian,1447.5,733.0,1622.512018445472
4382,1,78,1933.0,232.5,Pedestrian,1900.0,195.5,1910.03147879819
4382,1,80,896.0,506.0,Pedestrian,863.0,469.0,982.2066992237428
4382,1,81,42.0,156.5,Biker,9.0,119.5,119.83843290030123
4382,1,82,995.0,986.5,Pedestrian,962.0,949.5,1351.6635121212676
4383,1,2,186.5,374.0,Biker,153.5,337.0,370.31236814343646
4383,1,3,42.5,23.5,Pedestrian,9.5,-13.5,16.507574019219177
4383,1,4,34.0,78.5,Pedestrian,1.0,41.5,41.512046444375635
4383,1,6,162.0,604.0,Pedestrian,129.0,567.0,581.4894668005604
4383,1,8,1927.5,271.5,Pedestrian,1894.5,234.5,1908.957961821056
4383,1,10,217.0,227.0,Pedestrian,184.0,190.0,264.4919658515169
4383,1,11,1872.5,1025.5,Pedestrian,1839.5,988.5,2088.2750058361567
4383,1,16,214.0,190.5,Pedestrian,181.0,153.5,237.3251988306341
4383,1,21,1022.5,1013.5,Pedestrian,989.5,976.5,1390.2023234047626
4383,1,24,701.0,446.0,Pedestrian,668.0,409.0,783.2655999084857
4383,1,27,255.5,207.0,Pedestrian,222.5,170.0,280.0111604918633
4383,1,43,1480.5,770.0,Pedestrian,1447.5,733.0,1622.512018445472
4383,1,78,1935.5,232.5,Pedestrian,1902.5,195.5,1912.5183659248871
4383,1,80,896.0,506.0,Pedestrian,863.0,469.0,982.2066992237428
4383,1,81,42.0,156.5,Biker,9.0,119.5,119.83843290030123
4383,1,82,995.0,986.5,Pedestrian,962.0,949.5,1351.6635121212676
4384,1,2,184.0,374.0,Biker,151.0,337.0,369.2830892418444
4384,1,3,42.5,23.5,Pedestrian,9.5,-13.5,16.507574019219177
4384,1,4,34.0,78.5,Pedestrian,1.0,41.5,41.512046444375635
4384,1,6,162.0,604.0,Pedestrian,129.0,567.0,581.4894668005604
4384,1,8,1927.5,271.5,Pedestrian,1894.5,234.5,1908.957961821056
4384,1,10,217.0,227.0,Pedestrian,184.0,190.0,264.4919658515169
4384,1,11,1872.5,1025.5,Pedestrian,1839.5,988.5,2088.2750058361567
4384,1,16,214.0,190.5,Pedestrian,181.0,153.5,237.3251988306341
4384,1,21,1022.5,1013.5,Pedestrian,989.5,976.5,1390.2023234047626
4384,1,24,701.0,446.0,Pedestrian,668.0,409.0,783.2655999084857
4384,1,27,255.5,207.0,Pedestrian,222.5,170.0,280.0111604918633
4384,1,43,1480.5,770.0,Pedestrian,1447.5,733.0,1622.512018445472
4384,1,78,1935.5,232.5,Pedestrian,1902.5,195.5,1912.5183659248871
4384,1,80,893.5,506.0,Pedestrian,860.5,469.0,980.0108417767632
4384,1,81,42.0,155.5,Biker,9.0,118.5,118.84128070666354
4384,1,82,995.0,986.5,Pedestrian,962.0,949.5,1351.6635121212676
4385,1,2,181.0,374.0,Biker,148.0,337.0,368.06657006579667
4385,1,3,42.5,23.5,Pedestrian,9.5,-13.5,16.507574019219177
4385,1,4,34.0,78.5,Pedestrian,1.0,41.5,41.512046444375635
4385,1,6,159.0,604.0,Pedestrian,126.0,567.0,580.8313008094519
4385,1,8,1930.0,271.5,Pedestrian,1897.0,234.5,1911.4390521280034
4385,1,10,217.0,227.0,Pedestrian,184.0,190.0,264.4919658515169
4385,1,11,1869.5,1025.5,Pedestrian,1836.5,988.5,2085.63287756978
4385,1,16,214.0,190.5,Pedestrian,181.0,153.5,237.3251988306341
4385,1,21,1022.5,1013.5,Pedestrian,989.5,976.5,1390.2023234047626
4385,1,24,701.0,446.0,Pedestrian,668.0,409.0,783.2655999084857
4385,1,27,255.5,207.0,Pedestrian,222.5,170.0,280.0111604918633
4385,1,43,1480.5,770.0,Pedestrian,1447.5,733.0,1622.512018445472
4385,1,78,1935.5,232.5,Pedestrian,1902.5,195.5,1912.5183659248871
4385,1,80,893.5,506.0,Pedestrian,860.5,469.0,980.0108417767632
4385,1,81,42.0,154.0,Biker,9.0,117.0,117.34564329364768
4385,1,82,995.0,986.5,Pedestrian,962.0,949.5,1351.6635121212676
4386,1,2,175.5,374.0,Biker,142.5,337.0,365.8896691627136
4386,1,3,42.5,23.5,Pedestrian,9.5,-13.5,16.507574019219177
4386,1,4,34.0,78.5,Pedestrian,1.0,41.5,41.512046444375635
4386,1,6,156.0,606.5,Pedestrian,123.0,569.5,582.6313156705534
4386,1,8,1930.0,271.5,Pedestrian,1897.0,234.5,1911.4390521280034
4386,1,10,217.0,227.0,Pedestrian,184.0,190.0,264.4919658515169
4386,1,11,1869.5,1025.5,Pedestrian,1836.5,988.5,2085.63287756978
4386,1,16,214.0,190.5,Pedestrian,181.0,153.5,237.3251988306341
4386,1,21,1022.5,1013.5,Pedestrian,989.5,976.5,1390.2023234047626
4386,1,24,701.0,446.0,Pedestrian,668.0,409.0,783.2655999084857
4386,1,27,255.5,207.0,Pedestrian,222.5,170.0,280.0111604918633
4386,1,43,1480.5,770.0,Pedestrian,1447.5,733.0,1622.512018445472
4386,1,78,1935.5,232.5,Pedestrian,1902.5,195.5,1912.5183659248871
4386,1,80,890.5,506.0,Pedestrian,857.5,469.0,977.3777417150444
4386,1,81,42.0,154.0,Biker,9.0,117.0,117.34564329364768
4386,1,82,995.0,986.5,Pedestrian,962.0,949.5,1351.6635121212676
4387,1,2,173.0,374.0,Biker,140.0,337.0,364.9232796081938
4387,1,3,42.5,23.5,Pedestrian,9.5,-13.5,16.507574019219177
4387,1,4,34.0,78.5,Pedestrian,1.0,41.5,41.512046444375635
4387,1,6,154.0,606.5,Pedestrian,121.0,569.5,582.2123753408201
4387,1,8,1930.0,271.5,Pedestrian,1897.0,234.5,1911.4390521280034
4387,1,10,217.0,227.0,Pedestrian,184.0,190.0,264.4919658515169
4387,1,11,1869.5,1025.5,Pedestrian,1836.5,988.5,2085.63287756978
4387,1,16,214.0,190.5,Pedestrian,181.0,153.5,237.3251988306341
4387,1,21,1022.5,1013.5,Pedestrian,989.5,976.5,1390.2023234047626
4387,1,24,703.5,446.0,Pedestrian,670.5,409.0,785.3987840581369
4387,1,27,255.5,207.0,Pedestrian,222.5,170.0,280.0111604918633
4387,1,43,1480.5,770.0,Pedestrian,1447.5,733.0,1622.512018445472
4387,1,78,1938.5,232.5,Pedestrian,1905.5,195.5,1915.5026755397655
4387,1,80,888.0,506.0,Pedestrian,855.0,469.0,975.185110632848
4387,1,81,42.0,154.0,Biker,9.0,117.0,117.34564329364768
4387,1,82,995.0,986.5,Pedestrian,962.0,949.5,1351.6635121212676
4388,1,2,170.0,374.0,Biker,137.0,337.0,363.78290229201264
4388,1,3,42.5,23.5,Pedestrian,9.5,-13.5,16.507574019219177
4388,1,4,34.0,78.5,Pedestrian,1.0,41.5,41.512046444375635
4388,1,6,154.0,606.5,Pedestrian,121.0,569.5,582.2123753408201
4388,1,8,1933.0,271.5,Pedestrian,1900.0,234.5,1914.416425441445
4388,1,10,217.0,227.0,Pedestrian,184.0,190.0,264.4919658515169
4388,1,11,1869.5,1023.0,Pedestrian,1836.5,986.0,2084.4491478565747
4388,1,16,214.0,190.5,Pedestrian,181.0,153.5,237.3251988306341
4388,1,21,1022.5,1013.5,Pedestrian,989.5,976.5,1390.2023234047626
4388,1,24,703.5,446.0,Pedestrian,670.5,409.0,785.3987840581369
4388,1,27,255.5,207.0,Pedestrian,222.5,170.0,280.0111604918633
4388,1,43,1480.5,770.0,Pedestrian,1447.5,733.0,1622.512018445472
4388,1,78,1938.5,232.5,Pedestrian,1905.5,195.5,1915.5026755397655
4388,1,80,888.0,506.0,Pedestrian,855.0,469.0,975.185110632848
4388,1,81,42.0,154.0,Biker,9.0,117.0,117.34564329364768
4388,1,82,995.0,986.5,Pedestrian,962.0,949.5,1351.6635121212676
4389,1,2,167.5,374.0,Biker,134.5,337.0,362.84879771056154
4389,1,3,42.5,23.5,Pedestrian,9.5,-13.5,16.507574019219177
4389,1,4,34.0,78.5,Pedestrian,1.0,41.5,41.512046444375635
4389,1,6,151.0,608.5,Pedestrian,118.0,571.5,583.5548388969112
4389,1,8,1933.0,271.5,Pedestrian,1900.0,234.5,1914.416425441445
4389,1,10,217.0,227.0,Pedestrian,184.0,190.0,264.4919658515169
4389,1,11,1869.5,1023.0,Pedestrian,1836.5,986.0,2084.4491478565747
4389,1,16,214.0,190.5,Pedestrian,181.0,153.5,237.3251988306341
4389,1,21,1022.5,1013.5,Pedestrian,989.5,976.5,1390.2023234047626
4389,1,24,703.5,446.0,Pedestrian,670.5,409.0,785.3987840581369
4389,1,27,255.5,207.0,Pedestrian,222.5,170.0,280.0111604918633
4389,1,43,1480.5,770.0,Pedestrian,1447.5,733.0,1622.512018445472
4389,1,78,1938.5,232.5,Pedestrian,1905.5,195.5,1915.5026755397655
4389,1,80,885.0,506.0,Pedestrian,852.0,469.0,972.5559109891832
4389,1,81,40.5,153.0,Biker,7.5,116.0,116.24220403966883
4389,1,82,995.0,986.5,Pedestrian,962.0,949.5,1351.6635121212676
4390,1,2,164.5,376.0,Biker,131.5,339.0,363.6113997112852
4390,1,3,42.5,23.5,Pedestrian,9.5,-13.5,16.507574019219177
4390,1,4,34.0,78.5,Pedestrian,1.0,41.5,41.512046444375635
4390,1,6,148.0,608.5,Pedestrian,115.0,571.5,582.9556158062121
4390,1,8,1933.0,271.5,Pedestrian,1900.0,234.5,1914.416425441445
4390,1,10,217.0,227.0,Pedestrian,184.0,190.0,264.4919658515169
4390,1,11,1869.5,1023.0,Pedestrian,1836.5,986.0,2084.4491478565747
4390,1,16,214.0,190.5,Pedestrian,181.0,153.5,237.3251988306341
4390,1,21,1022.5,1013.5,Pedestrian,989.5,976.5,1390.2023234047626
4390,1,24,703.5,446.0,Pedestrian,670.5,409.0,785.3987840581369
4390,1,27,255.5,207.0,Pedestrian,222.5,170.0,280.0111604918633
4390,1,43,1480.5,770.0,Pedestrian,1447.5,733.0,1622.512018445472
4390,1,78,1938.5,232.5,Pedestrian,1905.5,195.5,1915.5026755397655
4390,1,80,885.0,506.0,Pedestrian,852.0,469.0,972.5559109891832
4390,1,81,40.5,153.0,Biker,7.5,116.0,116.24220403966883
4390,1,82,995.0,986.5,Pedestrian,962.0,949.5,1351.6635121212676
4391,1,2,159.0,374.0,Biker,126.0,337.0,359.784657816311
4391,1,3,42.5,23.5,Pedestrian,9.5,-13.5,16.507574019219177
4391,1,4,34.0,78.5,Pedestrian,1.0,41.5,41.512046444375635
4391,1,6,145.0,608.5,Pedestrian,112.0,571.5,582.3712304020521
4391,1,8,1935.5,271.5,Pedestrian,1902.5,234.5,1916.8976237660686
4391,1,10,217.0,227.0,Pedestrian,184.0,190.0,264.4919658515169
4391,1,11,1869.5,1023.0,Pedestrian,1836.5,986.0,2084.4491478565747
4391,1,16,214.0,190.5,Pedestrian,181.0,153.5,237.3251988306341
4391,1,21,1022.5,1013.5,Pedestrian,989.5,976.5,1390.2023234047626
4391,1,24,703.5,446.0,Pedestrian,670.5,409.0,785.3987840581369
4391,1,27,255.5,207.0,Pedestrian,222.5,170.0,280.0111604918633
4391,1,43,1480.5,770.0,Pedestrian,1447.5,733.0,1622.512018445472
4391,1,78,1941.0,232.5,Pedestrian,1908.0,195.5,1917.989637615386
4391,1,80,882.5,506.0,Pedestrian,849.5,469.0,970.3665544524914
4391,1,81,40.5,152.0,Biker,7.5,115.0,115.2443057161611
4391,1,82,995.0,986.5,Pedestrian,962.0,949.5,1351.6635121212676
4392,1,2,156.5,374.0,Biker,123.5,337.0,358.916773082563
4392,1,3,42.5,23.5,Pedestrian,9.5,-13.5,16.507574019219177
4392,1,4,34.0,78.5,Pedestrian,1.0,41.5,41.512046444375635
4392,1,6,145.0,611.0,Pedestrian,112.0,574.0,584.8247600777519
4392,1,8,1933.0,271.5,Pedestrian,1900.0,234.5,1914.416425441445
4392,1,10,217.0,227.0,Pedestrian,184.0,190.0,264.4919658515169
4392,1,11,1869.5,1021.0,Pedestrian,1836.5,984.0,2083.5038396892865
4392,1,16,214.0,190.5,Pedestrian,181.0,153.5,237.3251988306341
4392,1,21,1022.5,1013.5,Pedestrian,989.5,976.5,1390.2023234047626
4392,1,24,703.5,446.0,Pedestrian,670.5,409.0,785.3987840581369
4392,1,27,255.5,207.0,Pedestrian,222.5,170.0,280.0111604918633
4392,1,43,1480.5,770.0,Pedestrian,1447.5,733.0,1622.512018445472
4392,1,78,1938.5,230.5,Pedestrian,1905.5,193.5,1915.2995849213773
4392,1,80,879.5,506.0,Pedestrian,846.5,469.0,967.741313575069
4392,1,81,40.5,152.0,Biker,7.5,115.0,115.2443057161611
4392,1,82,995.0,986.5,Pedestrian,962.0,949.5,1351.6635121212676
4393,1,2,151.0,372.0,Biker,118.0,335.0,355.1746049480452
4393,1,3,42.5,23.5,Pedestrian,9.5,-13.5,16.507574019219177
4393,1,4,34.0,78.5,Pedestrian,1.0,41.5,41.512046444375635
4393,1,6,143.0,611.0,Pedestrian,110.0,574.0,584.4450359101359
4393,1,8,1933.0,271.5,Pedestrian,1900.0,234.5,1914.416425441445
4393,1,10,217.0,227.0,Pedestrian,184.0,190.0,264.4919658515169
4393,1,11,1867.0,1021.0,Pedestrian,1834.0,984.0,2081.300554941549
4393,1,16,214.0,190.5,Pedestrian,181.0,153.5,237.3251988306341
4393,1,21,1022.5,1013.5,Pedestrian,989.5,976.5,1390.2023234047626
4393,1,24,703.5,446.0,Pedestrian,670.5,409.0,785.3987840581369
4393,1,27,255.5,207.0,Pedestrian,222.5,170.0,280.0111604918633
4393,1,43,1480.5,770.0,Pedestrian,1447.5,733.0,1622.512018445472
4393,1,78,1938.5,230.5,Pedestrian,1905.5,193.5,1915.2995849213773
4393,1,80,879.5,506.0,Pedestrian,846.5,469.0,967.741313575069
4393,1,81,40.5,152.0,Biker,7.5,115.0,115.2443057161611
4393,1,82,995.0,986.5,Pedestrian,962.0,949.5,1351.6635121212676
4394,1,2,148.0,372.0,Biker,115.0,335.0,354.18921496849674
4394,1,3,42.5,23.5,Pedestrian,9.5,-13.5,16.507574019219177
4394,1,4,34.0,78.5,Pedestrian,1.0,41.5,41.512046444375635
4394,1,6,140.0,611.0,Pedestrian,107.0,574.0,583.8878316937253
4394,1,8,1930.0,271.5,Pedestrian,1897.0,234.5,1911.4390521280034
4394,1,10,217.0,227.0,Pedestrian,184.0,190.0,264.4919658515169
4394,1,11,1867.0,1021.0,Pedestrian,1834.0,984.0,2081.300554941549
4394,1,16,214.0,190.5,Pedestrian,181.0,153.5,237.3251988306341
4394,1,21,1022.5,1013.5,Pedestrian,989.5,976.5,1390.2023234047626
4394,1,24,706.5,446.0,Pedestrian,673.5,409.0,787.9614521028298
4394,1,27,255.5,207.0,Pedestrian,222.5,170.0,280.0111604918633
4394,1,43,1480.5,770.0,Pedestrian,1447.5,733.0,1622.512018445472
4394,1,78,1935.5,230.5,Pedestrian,1902.5,193.5,1912.3149583685215
4394,1,80,877.0,506.0,Pedestrian,844.0,469.0,965.5552806546086
4394,1,81,40.5,152.0,Biker,7.5,115.0,115.2443057161611
4394,1,82,995.0,986.5,Pedestrian,962.0,949.5,1351.6635121212676
4395,1,2,145.5,370.0,Biker,112.5,333.0,351.49004253321317
4395,1,3,42.5,23.5,Pedestrian,9.5,-13.5,16.507574019219177
4395,1,4,34.0,78.5,Pedestrian,1.0,41.5,41.512046444375635
4395,1,6,140.0,613.0,Pedestrian,107.0,576.0,585.8540773947042
4395,1,8,1930.0,271.5,Pedestrian,1897.0,234.5,1911.4390521280034
4395,1,10,217.0,227.0,Pedestrian,184.0,190.0,264.4919658515169
4395,1,11,1867.0,1021.0,Pedestrian,1834.0,984.0,2081.300554941549
4395,1,16,214.0,190.5,Pedestrian,181.0,153.5,237.3251988306341
4395,1,21,1022.5,1013.5,Pedestrian,989.5,976.5,1390.2023234047626
4395,1,24,706.5,446.0,Pedestrian,673.5,409.0,787.9614521028298
4395,1,27,255.5,207.0,Pedestrian,222.5,170.0,280.0111604918633
4395,1,43,1480.5,770.0,Pedestrian,1447.5,733.0,1622.512018445472
4395,1,78,1935.5,230.5,Pedestrian,1902.5,193.5,1912.3149583685215
4395,1,80,877.0,506.0,Pedestrian,844.0,469.0,965.5552806546086
4395,1,81,40.5,151.0,Biker,7.5,114.0,114.24644414597769
4395,1,82,995.0,986.5,Pedestrian,962.0,949.5,1351.6635121212676
4396,1,2,140.0,370.0,Biker,107.0,333.0,349.7684948648177
4396,1,3,42.5,23.5,Pedestrian,9.5,-13.5,16.507574019219177
4396,1,4,34.0,78.5,Pedestrian,1.0,41.5,41.512046444375635
4396,1,6,137.0,613.0,Pedestrian,104.0,576.0,585.313591162891
4396,1,8,1927.5,271.5,Pedestrian,1894.5,234.5,1908.957961821056
4396,1,10,217.0,227.0,Pedestrian,184.0,190.0,264.4919658515169
4396,1,11,1867.0,1021.0,Pedestrian,1834.0,984.0,2081.300554941549
4396,1,16,214.0,190.5,Pedestrian,181.0,153.5,237.3251988306341
4396,1,21,1022.5,1013.5,Pedestrian,989.5,976.5,1390.2023234047626
4396,1,24,706.5,446.0,Pedestrian,673.5,409.0,787.9614521028298
4396,1,27,255.5,207.0,Pedestrian,222.5,170.0,280.0111604918633
4396,1,43,1480.5,770.0,Pedestrian,1447.5,733.0,1622.512018445472
4396,1,78,1933.0,230.5,Pedestrian,1900.0,193.5,1909.8278063741768
4396,1,80,874.0,506.0,Pedestrian,841.0,469.0,962.9340579707418
4396,1,81,40.5,150.0,Biker,7.5,113.0,113.2486203006465
4396,1,82,995.0,986.5,Pedestrian,962.0,949.5,1351.6635121212676
4397,1,2,137.0,367.0,Biker,104.0,330.0,346.0
4397,1,3,42.5,23.5,Pedestrian,9.5,-13.5,16.507574019219177
4397,1,4,34.0,78.5,Pedestrian,1.0,41.5,41.512046444375635
4397,1,6,134.0,613.0,Pedestrian,101.0,576.0,584.7879957728271
4397,1,8,1927.5,271.5,Pedestrian,1894.5,234.5,1908.957961821056
4397,1,10,217.0,227.0,Pedestrian,184.0,190.0,264.4919658515169
4397,1,11,1867.0,1018.5,Pedestrian,1834.0,981.5,2080.119768186438
4397,1,16,214.0,190.5,Pedestrian,181.0,153.5,237.3251988306341
4397,1,21,1022.5,1013.5,Pedestrian,989.5,976.5,1390.2023234047626
4397,1,24,706.5,446.0,Pedestrian,673.5,409.0,787.9614521028298
4397,1,27,255.5,207.0,Pedestrian,222.5,170.0,280.0111604918633
4397,1,43,1480.5,770.0,Pedestrian,1447.5,733.0,1622.512018445472
4397,1,78,1933.0,230.5,Pedestrian,1900.0,193.5,1909.8278063741768
4397,1,80,871.5,506.0,Pedestrian,838.5,469.0,960.7513986458724
4397,1,81,40.5,150.0,Biker,7.5,113.0,113.2486203006465
4397,1,82,995.0,986.5,Pedestrian,962.0,949.5,1351.6635121212676
4398,1,2,134.5,367.0,Biker,101.5,330.0,345.2567884922757
4398,1,3,42.5,23.5,Pedestrian,9.5,-13.5,16.507574019219177
4398,1,4,34.0,78.5,Pedestrian,1.0,41.5,41.512046444375635
4398,1,6,132.0,615.5,Pedestrian,99.0,578.5,586.9099164267034
4398,1,8,1924.5,271.5,Pedestrian,1891.5,234.5,1905.9807186852652
4398,1,10,217.0,227.0,Pedestrian,184.0,190.0,264.4919658515169
4398,1,11,1867.0,1018.5,Pedestrian,1834.0,981.5,2080.119768186438
4398,1,16,214.0,190.5,Pedestrian,181.0,153.5,237.3251988306341
4398,1,21,1022.5,1013.5,Pedestrian,989.5,976.5,1390.2023234047626
4398,1,24,706.5,446.0,Pedestrian,673.5,409.0,787.9614521028298
4398,1,27,255.5,207.0,Pedestrian,222.5,170.0,280.0111604918633
4398,1,43,1480.5,770.0,Pedestrian,1447.5,733.0,1622.512018445472
4398,1,78,1930.0,230.5,Pedestrian,1897.0,193.5,1906.8432683364408
4398,1,80,871.5,506.0,Pedestrian,838.5,469.0,960.7513986458724
4398,1,81,40.5,150.0,Biker,7.5,113.0,113.2486203006465
4398,1,82,995.0,986.5,Pedestrian,962.0,949.5,1351.6635121212676
4399,1,2,129.0,365.0,Biker,96.0,328.0,341.76014981270123
4399,1,3,42.5,23.5,Pedestrian,9.5,-13.5,16.507574019219177
4399,1,4,34.0,78.5,Pedestrian,1.0,41.5,41.512046444375635
4399,1,6,132.0,615.5,Pedestrian,99.0,578.5,586.9099164267034
4399,1,8,1924.5,271.5,Pedestrian,1891.5,234.5,1905.9807186852652
4399,1,10,217.0,227.5,Pedestrian,184.0,190.5,264.85137341535534
4399,1,11,1867.0,1018.5,Pedestrian,1834.0,981.5,2080.119768186438
4399,1,16,214.0,190.5,Pedestrian,181.0,153.5,237.3251988306341
4399,1,21,1022.5,1013.5,Pedestrian,989.5,976.5,1390.2023234047626
4399,1,24,706.5,446.0,Pedestrian,673.5,409.0,787.9614521028298
4399,1,27,255.5,207.0,Pedestrian,222.5,170.0,280.0111604918633
4399,1,43,1480.5,770.0,Pedestrian,1447.5,733.0,1622.512018445472
4399,1,78,1930.0,230.5,Pedestrian,1897.0,193.5,1906.8432683364408
4399,1,80,868.5,506.0,Pedestrian,835.5,469.0,958.1342546845927
4399,1,81,40.5,150.0,Biker,7.5,113.0,113.2486203006465
4399,1,82,995.0,986.5,Pedestrian,962.0,949.5,1351.6635121212676
4400,1,2,126.0,365.0,Biker,93.0,328.0,340.9296115036064
4400,1,3,42.5,23.5,Pedestrian,9.5,-13.5,16.507574019219177
4400,1,4,34.0,78.5,Pedestrian,1.0,41.5,41.512046444375635
4400,1,6,129.0,615.5,Pedestrian,96.0,578.5,586.4113317459
4400,1,8,1924.5,271.5,Pedestrian,1891.5,234.5,1905.9807186852652
4400,1,10,217.0,227.5,Pedestrian,184.0,190.5,264.85137341535534
4400,1,11,1864.0,1018.5,Pedestrian,1831.0,981.5,2077.4752104417516
4400,1,16,214.0,190.5,Pedestrian,181.0,153.5,237.3251988306341
4400,1,21,1022.5,1013.5,Pedestrian,989.5,976.5,1390.2023234047626
4400,1,24,706.5,446.0,Pedestrian,673.5,409.0,787.9614521028298
4400,1,27,255.5,207.0,Pedestrian,222.5,170.0,280.0111604918633
4400,1,43,1480.5,770.0,Pedestrian,1447.5,733.0,1622.512018445472
4400,1,78,1930.0,230.5,Pedestrian,1897.0,193.5,1906.8432683364408
4400,1,80,868.5,506.0,Pedestrian,835.5,469.0,958.1342546845927
4400,1,81,40.5,150.0,Biker,7.5,113.0,113.2486203006465
4400,1,82,995.0,986.5,Pedestrian,962.0,949.5,1351.6635121212676
4401,1,2,123.5,365.0,Biker,90.5,328.0,340.2561535079123
4401,1,3,42.5,23.5,Pedestrian,9.5,-13.5,16.507574019219177
4401,1,4,34.0,78.5,Pedestrian,1.0,41.5,41.512046444375635
4401,1,6,126.0,617.5,Pedestrian,93.0,580.5,587.902415371803
4401,1,8,1922.0,271.5,Pedestrian,1889.0,234.5,1903.4997373259603
4401,1,10,217.0,227.5,Pedestrian,184.0,190.5,264.85137341535534
4401,1,11,1864.0,1016.0,Pedestrian,1831.0,979.0,2076.2952583869182
4401,1,16,214.0,190.5,Pedestrian,181.0,153.5,237.3251988306341
4401,1,21,1022.5,1013.5,Pedestrian,989.5,976.5,1390.2023234047626
4401,1,24,709.0,445.0,Pedestrian,676.0,408.0,789.5821679850679
4401,1,27,255.5,207.0,Pedestrian,222.5,170.0,280.0111604918633
4401,1,43,1480.5,770.0,Pedestrian,1447.5,733.0,1622.512018445472
4401,1,78,1927.5,230.5,Pedestrian,1894.5,193.5,1904.3561904223695
4401,1,80,866.0,506.0,Pedestrian,833.0,469.0,955.9550198623364
4401,1,81,39.5,148.5,Biker,6.5,111.5,111.68930118860982
4401,1,82,995.0,986.5,Pedestrian,962.0,949.5,1351.6635121212676
4402,1,2,118.0,363.0,Biker,85.0,326.0,336.89909468563434
4402,1,3,42.5,23.5,Pedestrian,9.5,-13.5,16.507574019219177
4402,1,4,34.0,78.5,Pedestrian,1.0,41.5,41.512046444375635
4402,1,6,123.0,617.5,Pedestrian,90.0,580.5,587.4353155880228
4402,1,8,1922.0,271.5,Pedestrian,1889.0,234.5,1903.4997373259603
4402,1,10,217.0,227.5,Pedestrian,184.0,190.5,264.85137341535534
4402,1,11,1864.0,1016.0,Pedestrian,1831.0,979.0,2076.2952583869182
4402,1,16,214.0,190.5,Pedestrian,181.0,153.5,237.3251988306341
4402,1,21,1022.5,1013.5,Pedestrian,989.5,976.5,1390.2023234047626
4402,1,24,709.0,445.0,Pedestrian,676.0,408.0,789.5821679850679
4402,1,27,255.5,207.0,Pedestrian,222.5,170.0,280.0111604918633
4402,1,43,1480.5,770.0,Pedestrian,1447.5,733.0,1622.512018445472
4402,1,78,1927.5,230.5,Pedestrian,1894.5,193.5,1904.3561904223695
4402,1,80,863.0,506.0,Pedestrian,830.0,469.0,953.3420162774743
4402,1,81,39.5,147.5,Biker,6.5,110.5,110.69101137852161
4402,1,82,995.0,986.5,Pedestrian,962.0,949.5,1351.6635121212676
4403,1,2,115.0,363.0,Biker,82.0,326.0,336.1547262794322
4403,1,3,42.5,23.5,Pedestrian,9.5,-13.5,16.507574019219177
4403,1,4,34.0,78.5,Pedestrian,1.0,41.5,41.512046444375635
4403,1,6,123.0,617.5,Pedestrian,90.0,580.5,587.4353155880228
4403,1,8,1919.0,271.5,Pedestrian,1886.0,234.5,1900.5226254901572
4403,1,10,217.0,227.5,Pedestrian,184.0,190.5,264.85137341535534
4403,1,11,1864.0,1016.0,Pedestrian,1831.0,979.0,2076.2952583869182
4403,1,16,214.0,190.5,Pedestrian,181.0,153.5,237.3251988306341
4403,1,21,1022.5,1013.5,Pedestrian,989.5,976.5,1390.2023234047626
4403,1,24,709.0,445.0,Pedestrian,676.0,408.0,789.5821679850679
4403,1,27,255.5,207.0,Pedestrian,222.5,170.0,280.0111604918633
4403,1,43,1480.5,770.0,Pedestrian,1447.5,733.0,1622.512018445472
4403,1,78,1924.5,230.5,Pedestrian,1891.5,193.5,1901.3717416644226
4403,1,80,863.0,506.0,Pedestrian,830.0,469.0,953.3420162774743
4403,1,81,39.5,147.5,Biker,6.5,110.5,110.69101137852161
4403,1,82,995.0,986.5,Pedestrian,962.0,949.5,1351.6635121212676
4404,1,2,112.5,360.0,Biker,79.5,323.0,332.63982022602164
4404,1,3,42.5,23.5,Pedestrian,9.5,-13.5,16.507574019219177
4404,1,4,34.0,78.5,Pedestrian,1.0,41.5,41.512046444375635
4404,1,6,121.0,620.0,Pedestrian,88.0,583.0,589.6041044633255
4404,1,8,1919.0,271.5,Pedestrian,1886.0,234.5,1900.5226254901572
4404,1,10,217.0,227.5,Pedestrian,184.0,190.5,264.85137341535534
4404,1,11,1864.0,1016.0,Pedestrian,1831.0,979.0,2076.2952583869182
4404,1,16,214.0,190.5,Pedestrian,181.0,153.5,237.3251988306341
4404,1,21,1022.5,1013.5,Pedestrian,989.5,976.5,1390.2023234047626
4404,1,24,709.0,445.0,Pedestrian,676.0,408.0,789.5821679850679
4404,1,27,255.5,207.0,Pedestrian,222.5,170.0,280.0111604918633
4404,1,43,1480.5,770.0,Pedestrian,1447.5,733.0,1622.512018445472
4404,1,78,1924.5,230.5,Pedestrian,1891.5,193.5,1901.3717416644226
4404,1,80,860.5,506.0,Pedestrian,827.5,469.0,951.1662578119558
4404,1,81,39.5,147.5,Biker,6.5,110.5,110.69101137852161
4404,1,82,995.0,986.5,Pedestrian,962.0,949.5,1351.6635121212676
4405,1,2,107.0,360.0,Biker,74.0,323.0,331.36837507523256
4405,1,3,42.5,23.5,Pedestrian,9.5,-13.5,16.507574019219177
4405,1,4,34.0,78.5,Pedestrian,1.0,41.5,41.512046444375635
4405,1,6,118.0,620.0,Pedestrian,85.0,583.0,589.1638142316617
4405,1,8,1916.5,271.5,Pedestrian,1883.5,234.5,1898.0417540191258
4405,1,10,217.0,227.5,Pedestrian,184.0,190.5,264.85137341535534
4405,1,11,1864.0,1014.0,Pedestrian,1831.0,977.0,2075.3529820249855
4405,1,16,214.0,190.5,Pedestrian,181.0,153.5,237.3251988306341
4405,1,21,1022.5,1013.5,Pedestrian,989.5,976.5,1390.2023234047626
4405,1,24,709.0,445.0,Pedestrian,676.0,408.0,789.5821679850679
4405,1,27,255.5,207.0,Pedestrian,222.5,170.0,280.0111604918633
4405,1,43,1480.5,770.0,Pedestrian,1447.5,733.0,1622.512018445472
4405,1,78,1922.0,230.5,Pedestrian,1889.0,193.5,1898.8847384715061
4405,1,80,860.5,506.0,Pedestrian,827.5,469.0,951.1662578119558
4405,1,81,39.5,147.5,Biker,6.5,110.5,110.69101137852161
4405,1,82,995.0,986.5,Pedestrian,962.0,949.5,1351.6635121212676
4406,1,2,104.0,358.0,Biker,71.0,321.0,328.7582698579611
4406,1,3,42.5,23.5,Pedestrian,9.5,-13.5,16.507574019219177
4406,1,4,34.0,78.5,Pedestrian,1.0,41.5,41.512046444375635
4406,1,6,115.0,620.0,Pedestrian,82.0,583.0,588.7384818406217
4406,1,8,1916.5,271.5,Pedestrian,1883.5,234.5,1898.0417540191258
4406,1,10,217.0,227.5,Pedestrian,184.0,190.5,264.85137341535534
4406,1,11,1864.0,1014.0,Pedestrian,1831.0,977.0,2075.3529820249855
4406,1,16,214.0,190.5,Pedestrian,181.0,153.5,237.3251988306341
4406,1,21,1022.5,1013.5,Pedestrian,989.5,976.5,1390.2023234047626
4406,1,24,709.0,445.0,Pedestrian,676.0,408.0,789.5821679850679
4406,1,27,255.5,207.0,Pedestrian,222.5,170.0,280.0111604918633
4406,1,43,1480.5,770.0,Pedestrian,1447.5,733.0,1622.512018445472
4406,1,78,1922.0,230.5,Pedestrian,1889.0,193.5,1898.8847384715061
4406,1,80,857.5,506.0,Pedestrian,824.5,469.0,948.5574574057177
4406,1,81,39.5,146.5,Biker,6.5,109.5,109.69275272323145
4406,1,82,995.0,986.5,Pedestrian,962.0,949.5,1351.6635121212676
4407,1,2,101.5,358.0,Biker,68.5,321.0,328.22743639129254
4407,1,3,42.5,23.5,Pedestrian,9.5,-13.5,16.507574019219177
4407,1,4,34.0,78.5,Pedestrian,1.0,41.5,41.512046444375635
4407,1,6,115.0,622.5,Pedestrian,82.0,585.5,591.2142166761554
4407,1,8,1916.5,271.5,Pedestrian,1883.5,234.5,1898.0417540191258
4407,1,10,217.0,227.5,Pedestrian,184.0,190.5,264.85137341535534
4407,1,11,1864.0,1014.0,Pedestrian,1831.0,977.0,2075.3529820249855
4407,1,16,214.0,190.5,Pedestrian,181.0,153.5,237.3251988306341
4407,1,21,1022.5,1013.5,Pedestrian,989.5,976.5,1390.2023234047626
4407,1,24,709.0,445.0,Pedestrian,676.0,408.0,789.5821679850679
4407,1,27,255.5,207.0,Pedestrian,222.5,170.0,280.0111604918633
4407,1,43,1480.5,770.0,Pedestrian,1447.5,733.0,1622.512018445472
4407,1,78,1922.0,230.5,Pedestrian,1889.0,193.5,1898.8847384715061
4407,1,80,855.0,506.0,Pedestrian,822.0,469.0,946.3852281180217
4407,1,81,39.5,145.0,Biker,6.5,108.0,108.195425041912
4407,1,82,995.0,986.5,Pedestrian,962.0,949.5,1351.6635121212676
4408,1,2,96.0,356.0,Biker,63.0,319.0,325.16149833582693
4408,1,3,42.5,23.5,Pedestrian,9.5,-13.5,16.507574019219177
4408,1,4,34.0,78.5,Pedestrian,1.0,41.5,41.512046444375635
4408,1,6,112.0,622.5,Pedestrian,79.0,585.5,590.8055940831975
4408,1,8,1913.5,271.5,Pedestrian,1880.5,234.5,1895.0647746185352
4408,1,10,217.0,227.5,Pedestrian,184.0,190.5,264.85137341535534
4408,1,11,1861.5,1014.0,Pedestrian,1828.5,977.0,2073.1476671959476
4408,1,16,214.0,190.5,Pedestrian,181.0,153.5,237.3251988306341
4408,1,21,1022.5,1013.5,Pedestrian,989.5,976.5,1390.2023234047626
4408,1,24,712.0,445.0,Pedestrian,679.0,408.0,792.1521318534717
4408,1,27,255.5,207.0,Pedestrian,222.5,170.0,280.0111604918633
4408,1,43,1480.5,770.0,Pedestrian,1447.5,733.0,1622.512018445472
4408,1,78,1919.0,230.5,Pedestrian,1886.0,193.5,1895.9003797668272
4408,1,80,855.0,506.0,Pedestrian,822.0,469.0,946.3852281180217
4408,1,81,39.5,145.0,Biker,6.5,108.0,108.195425041912
4408,1,82,995.0,986.5,Pedestrian,962.0,949.5,1351.6635121212676
4409,1,2,93.0,356.0,Biker,60.0,319.0,324.59359205012044
4409,1,3,42.5,23.5,Pedestrian,9.5,-13.5,16.507574019219177
4409,1,4,34.0,78.5,Pedestrian,1.0,41.5,41.512046444375635
4409,1,6,110.0,622.5,Pedestrian,77.0,585.5,590.541488804978
4409,1,8,1913.5,271.5,Pedestrian,1880.5,234.5,1895.0647746185352
4409,1,10,217.0,227.5,Pedestrian,184.0,190.5,264.85137341535534
4409,1,11,1861.5,1014.0,Pedestrian,1828.5,977.0,2073.1476671959476
4409,1,16,214.0,190.5,Pedestrian,181.0,153.5,237.3251988306341
4409,1,21,1022.5,1013.5,Pedestrian,989.5,976.5,1390.2023234047626
4409,1,24,712.0,445.0,Pedestrian,679.0,408.0,792.1521318534717
4409,1,27,255.5,207.0,Pedestrian,222.5,170.0,280.0111604918633
4409,1,43,1480.5,770.0,Pedestrian,1447.5,733.0,1622.512018445472
4409,1,78,1919.0,230.5,Pedestrian,1886.0,193.5,1895.9003797668272
4409,1,80,852.0,506.0,Pedestrian,819.0,469.0,943.780694865073
4409,1,81,39.5,145.0,Biker,6.5,108.0,108.195425041912
4409,1,82,995.0,986.5,Pedestrian,962.0,949.5,1351.6635121212676
4410,1,2,90.5,356.0,Biker,57.5,319.0,324.1407873131674
4410,1,3,42.5,23.5,Pedestrian,9.5,-13.5,16.507574019219177
4410,1,4,34.0,78.5,Pedestrian,1.0,41.5,41.512046444375635
4410,1,6,110.0,624.5,Pedestrian,77.0,587.5,592.5244720684539
4410,1,8,1911.0,271.5,Pedestrian,1878.0,234.5,1892.584013987226
4410,1,10,217.0,227.5,Pedestrian,184.0,190.5,264.85137341535534
4410,1,11,1861.5,1011.5,Pedestrian,1828.5,974.5,2071.970680294487
4410,1,16,214.0,190.5,Pedestrian,181.0,153.5,237.3251988306341
4410,1,21,1022.5,1013.5,Pedestrian,989.5,976.5,1390.2023234047626
4410,1,24,712.0,445.0,Pedestrian,679.0,408.0,792.1521318534717
4410,1,27,256.5,207.0,Pedestrian,223.5,170.0,280.8064279891043
4410,1,43,1480.5,770.0,Pedestrian,1447.5,733.0,1622.512018445472
4410,1,78,1916.5,230.5,Pedestrian,1883.5,193.5,1893.4134519433414
4410,1,80,852.0,506.0,Pedestrian,819.0,469.0,943.780694865073
4410,1,81,39.5,145.0,Biker,6.5,108.0,108.195425041912
4410,1,82,995.0,986.5,Pedestrian,962.0,949.5,1351.6635121212676
4411,1,2,85.0,354.0,Biker,52.0,317.0,321.2366728753117
4411,1,3,42.5,23.5,Pedestrian,9.5,-13.5,16.507574019219177
4411,1,4,34.0,78.5,Pedestrian,1.0,41.5,41.512046444375635
4411,1,6,107.0,624.5,Pedestrian,74.0,587.5,592.142085989503
4411,1,8,1911.0,271.5,Pedestrian,1878.0,234.5,1892.584013987226
4411,1,10,217.0,227.5,Pedestrian,184.0,190.5,264.85137341535534
4411,1,11,1861.5,1011.5,Pedestrian,1828.5,974.5,2071.970680294487
4411,1,16,214.0,190.5,Pedestrian,181.0,153.5,237.3251988306341
4411,1,21,1022.5,1013.5,Pedestrian,989.5,976.5,1390.2023234047626
4411,1,24,712.0,443.5,Pedestrian,679.0,406.5,791.3805974371624
4411,1,27,256.5,207.0,Pedestrian,223.5,170.0,280.8064279891043
4411,1,43,1480.5,770.0,Pedestrian,1447.5,733.0,1622.512018445472
4411,1,78,1916.5,230.5,Pedestrian,1883.5,193.5,1893.4134519433414
4411,1,80,849.5,506.0,Pedestrian,816.5,469.0,941.612048563526
4411,1,81,39.5,145.0,Biker,6.5,108.0,108.195425041912
4411,1,82,995.0,986.5,Pedestrian,962.0,949.5,1351.6635121212676
4412,1,2,82.0,354.0,Biker,49.0,317.0,320.764711276038
4412,1,3,42.5,23.5,Pedestrian,9.5,-13.5,16.507574019219177
4412,1,4,34.0,78.5,Pedestrian,1.0,41.5,41.512046444375635
4412,1,6,107.0,627.0,Pedestrian,74.0,590.0,594.6225693664848
4412,1,8,1908.0,271.5,Pedestrian,1875.0,234.5,1889.6071681701465
4412,1,10,217.0,227.5,Pedestrian,184.0,190.5,264.85137341535534
4412,1,11,1861.5,1011.5,Pedestrian,1828.5,974.5,2071.970680294487
4412,1,16,214.0,190.5,Pedestrian,181.0,153.5,237.3251988306341
4412,1,21,1022.5,1013.5,Pedestrian,989.5,976.5,1390.2023234047626
4412,1,24,712.0,443.5,Pedestrian,679.0,406.5,791.3805974371624
4412,1,27,256.5,207.0,Pedestrian,223.5,170.0,280.8064279891043
4412,1,43,1480.5,770.0,Pedestrian,1447.5,733.0,1622.512018445472
4412,1,78,1913.5,230.5,Pedestrian,1880.5,193.5,1890.4291840743467
4412,1,80,846.5,506.0,Pedestrian,813.5,469.0,939.0118476355876
4412,1,81,39.5,144.0,Biker,6.5,107.0,107.19724809900671
4412,1,82,995.0,986.5,Pedestrian,962.0,949.5,1351.6635121212676
4413,1,2,79.5,354.0,Biker,46.5,317.0,320.39233761124814
4413,1,3,42.5,23.5,Pedestrian,9.5,-13.5,16.507574019219177
4413,1,4,34.0,78.5,Pedestrian,1.0,41.5,41.512046444375635
4413,1,6,104.0,629.0,Pedestrian,71.0,592.0,596.2424003708559
4413,1,8,1908.0,271.5,Pedestrian,1875.0,234.5,1889.6071681701465
4413,1,10,217.0,227.5,Pedestrian,184.0,190.5,264.85137341535534
4413,1,11,1861.5,1011.5,Pedestrian,1828.5,974.5,2071.970680294487
4413,1,16,214.0,190.5,Pedestrian,181.0,153.5,237.3251988306341
4413,1,21,1022.5,1013.5,Pedestrian,989.5,976.5,1390.2023234047626
4413,1,24,712.0,443.5,Pedestrian,679.0,406.5,791.3805974371624
4413,1,27,256.5,207.0,Pedestrian,223.5,170.0,280.8064279891043
4413,1,43,1480.5,770.0,Pedestrian,1447.5,733.0,1622.512018445472
4413,1,78,1913.5,230.5,Pedestrian,1880.5,193.5,1890.4291840743467
4413,1,80,846.5,506.0,Pedestrian,813.5,469.0,939.0118476355876
4413,1,81,39.5,143.0,Biker,6.5,106.0,106.19910545762615
4413,1,82,995.0,986.5,Pedestrian,962.0,949.5,1351.6635121212676
4414,1,2,76.5,351.0,Biker,43.5,314.0,316.99881703249304
4414,1,3,42.5,23.5,Pedestrian,9.5,-13.5,16.507574019219177
4414,1,4,34.0,78.5,Pedestrian,1.0,41.5,41.512046444375635
4414,1,6,104.0,629.0,Pedestrian,71.0,592.0,596.2424003708559
4414,1,8,1905.5,271.5,Pedestrian,1872.5,234.5,1887.1265193409795
4414,1,10,217.0,227.5,Pedestrian,184.0,190.5,264.85137341535534
4414,1,11,1861.5,1009.5,Pedestrian,1828.5,972.5,2071.0307820020444
4414,1,16,214.0,190.5,Pedestrian,181.0,153.5,237.3251988306341
4414,1,21,1022.5,1013.5,Pedestrian,989.5,976.5,1390.2023234047626
4414,1,24,712.0,443.5,Pedestrian,679.0,406.5,791.3805974371624
4414,1,27,256.5,207.0,Pedestrian,223.5,170.0,280.8064279891043
4414,1,43,1480.5,770.0,Pedestrian,1447.5,733.0,1622.512018445472
4414,1,78,1911.0,230.5,Pedestrian,1878.0,193.5,1887.9423322760683
4414,1,80,844.0,506.0,Pedestrian,811.0,469.0,936.8468391364727
4414,1,81,39.5,143.0,Biker,6.5,106.0,106.19910545762615
4414,1,82,995.0,986.5,Pedestrian,962.0,949.5,1351.6635121212676
4415,1,2,74.0,351.0,Biker,41.0,314.0,316.6654385941099
4415,1,3,42.5,23.5,Pedestrian,9.5,-13.5,16.507574019219177
4415,1,4,34.0,78.5,Pedestrian,1.0,41.5,41.512046444375635
4415,1,6,104.0,631.5,Pedestrian,71.0,594.5,598.7246863124988
4415,1,8,1905.5,271.5,Pedestrian,1872.5,234.5,1887.1265193409795
4415,1,10,217.0,227.5,Pedestrian,184.0,190.5,264.85137341535534
4415,1,11,1861.5,1009.5,Pedestrian,1828.5,972.5,2071.0307820020444
4415,1,16,214.0,190.5,Pedestrian,181.0,153.5,237.3251988306341
4415,1,21,1022.5,1013.5,Pedestrian,989.5,976.5,1390.2023234047626
4415,1,24,714.5,443.5,Pedestrian,681.5,406.5,793.5266221116971
4415,1,27,256.5,207.0,Pedestrian,223.5,170.0,280.8064279891043
4415,1,43,1480.5,770.0,Pedestrian,1447.5,733.0,1622.512018445472
4415,1,78,1911.0,230.5,Pedestrian,1878.0,193.5,1887.9423322760683
4415,1,80,844.0,506.0,Pedestrian,811.0,469.0,936.8468391364727
4415,1,81,39.5,143.0,Biker,6.5,106.0,106.19910545762615
4415,1,82,995.0,986.5,Pedestrian,962.0,949.5,1351.6635121212676
4416,1,2,68.5,351.0,Biker,35.5,314.0,316.00039556937264
4416,1,3,42.5,23.5,Pedestrian,9.5,-13.5,16.507574019219177
4416,1,4,34.0,78.5,Pedestrian,1.0,41.5,41.512046444375635
4416,1,6,101.0,633.5,Pedestrian,68.0,596.5,600.3634315978948
4416,1,8,1905.5,271.5,Pedestrian,1872.5,234.5,1887.1265193409795
4416,1,10,217.0,227.5,Pedestrian,184.0,190.5,264.85137341535534
4416,1,11,1858.5,1009.5,Pedestrian,1825.5,972.5,2068.3825806653854
4416,1,16,214.0,190.5,Pedestrian,181.0,153.5,237.3251988306341
4416,1,21,1022.5,1013.5,Pedestrian,989.5,976.5,1390.2023234047626
4416,1,24,714.5,443.5,Pedestrian,681.5,406.5,793.5266221116971
4416,1,27,256.5,207.0,Pedestrian,223.5,170.0,280.8064279891043
4416,1,43,1480.5,770.0,Pedestrian,1447.5,733.0,1622.512018445472
4416,1,78,1911.0,230.5,Pedestrian,1878.0,193.5,1887.9423322760683
4416,1,80,841.0,506.0,Pedestrian,808.0,469.0,934.2510369274416
4416,1,81,39.5,143.0,Biker,6.5,106.0,106.19910545762615
4416,1,82,995.0,986.5,Pedestrian,962.0,949.5,1351.6635121212676
4417,1,2,65.5,349.0,Biker,32.5,312.0,313.688141312355
4417,1,3,42.5,23.5,Pedestrian,9.5,-13.5,16.507574019219177
4417,1,4,34.0,78.5,Pedestrian,1.0,41.5,41.512046444375635
4417,1,6,101.0,633.5,Pedestrian,68.0,596.5,600.3634315978948
4417,1,8,1902.5,271.5,Pedestrian,1869.5,234.5,1884.149808268971
4417,1,10,217.0,227.5,Pedestrian,184.0,190.5,264.85137341535534
4417,1,11,1858.5,1009.5,Pedestrian,1825.5,972.5,2068.3825806653854
4417,1,16,212.5,190.5,Pedestrian,179.5,153.5,236.183191611935
4417,1,21,1022.5,1013.5,Pedestrian,989.5,976.5,1390.2023234047626
4417,1,24,714.5,443.5,Pedestrian,681.5,406.5,793.5266221116971
4417,1,27,256.5,207.0,Pedestrian,223.5,170.0,280.8064279891043
4417,1,43,1480.5,770.0,Pedestrian,1447.5,733.0,1622.512018445472
4417,1,78,1908.0,230.5,Pedestrian,1875.0,193.5,1884.9581560342394
4417,1,80,838.5,506.0,Pedestrian,805.5,469.0,932.089722076153
4417,1,81,39.5,142.0,Biker,6.5,105.0,105.20099809412456
4417,1,82,995.0,986.5,Pedestrian,962.0,949.5,1351.6635121212676
4418,1,2,63.0,349.0,Biker,30.0,312.0,313.43898927861545
4418,1,3,42.5,23.5,Pedestrian,9.5,-13.5,16.507574019219177
4418,1,4,34.0,78.5,Pedestrian,1.0,41.5,41.512046444375635
4418,1,6,101.0,636.0,Pedestrian,68.0,599.0,602.8474102125678
4418,1,8,1902.5,271.5,Pedestrian,1869.5,234.5,1884.149808268971
4418,1,10,217.0,227.5,Pedestrian,184.0,190.5,264.85137341535534
4418,1,11,1858.5,1007.0,Pedestrian,1825.5,970.0,2067.2083228354127
4418,1,16,212.5,190.5,Pedestrian,179.5,153.5,236.183191611935
4418,1,21,1022.5,1013.5,Pedestrian,989.5,976.5,1390.2023234047626
4418,1,24,714.5,443.5,Pedestrian,681.5,406.5,793.5266221116971
4418,1,27,256.5,207.0,Pedestrian,223.5,170.0,280.8064279891043
4418,1,43,1480.5,770.0,Pedestrian,1447.5,733.0,1622.512018445472
4418,1,78,1908.0,230.5,Pedestrian,1875.0,193.5,1884.9581560342394
4418,1,80,838.5,506.0,Pedestrian,805.5,469.0,932.089722076153
4418,1,81,39.5,141.0,Biker,6.5,104.0,104.20292702222908
4418,1,82,995.0,986.5,Pedestrian,962.0,949.5,1351.6635121212676
4419,1,2,60.0,349.0,Biker,27.0,312.0,313.16609011832685
4419,1,3,42.5,23.5,Pedestrian,9.5,-13.5,16.507574019219177
4419,1,4,34.0,78.5,Pedestrian,1.0,41.5,41.512046444375635
4419,1,6,99.0,638.0,Pedestrian,66.0,601.0,604.6130994280558
4419,1,8,1900.0,271.5,Pedestrian,1867.0,234.5,1881.6692722154976
4419,1,10,217.0,227.5,Pedestrian,184.0,190.5,264.85137341535534
4419,1,11,1858.5,1007.0,Pedestrian,1825.5,970.0,2067.2083228354127
4419,1,16,212.5,190.5,Pedestrian,179.5,153.5,236.183191611935
4419,1,21,1022.5,1013.5,Pedestrian,989.5,976.5,1390.2023234047626
4419,1,24,714.5,443.5,Pedestrian,681.5,406.5,793.5266221116971
4419,1,27,256.5,207.0,Pedestrian,223.5,170.0,280.8064279891043
4419,1,43,1480.5,770.0,Pedestrian,1447.5,733.0,1622.512018445472
4419,1,78,1905.5,230.5,Pedestrian,1872.5,193.5,1882.4713809245548
4419,1,80,835.5,506.0,Pedestrian,802.5,469.0,929.4983862277546
4419,1,81,39.5,141.0,Biker,6.5,104.0,104.20292702222908
4419,1,82,995.0,986.5,Pedestrian,962.0,949.5,1351.6635121212676
4420,1,2,57.5,349.0,Biker,24.5,312.0,312.9604607614195
4420,1,3,42.5,23.5,Pedestrian,9.5,-13.5,16.507574019219177
4420,1,4,34.0,78.5,Pedestrian,1.0,41.5,41.512046444375635
4420,1,6,99.0,640.5,Pedestrian,66.0,603.5,607.0982210482913
4420,1,8,1900.0,271.5,Pedestrian,1867.0,234.5,1881.6692722154976
4420,1,10,217.0,227.5,Pedestrian,184.0,190.5,264.85137341535534
4420,1,11,1858.5,1007.0,Pedestrian,1825.5,970.0,2067.2083228354127
4420,1,16,212.5,190.5,Pedestrian,179.5,153.5,236.183191611935
4420,1,21,1022.5,1013.5,Pedestrian,989.5,976.5,1390.2023234047626
4420,1,24,714.5,443.5,Pedestrian,681.5,406.5,793.5266221116971
4420,1,27,256.5,207.0,Pedestrian,223.5,170.0,280.8064279891043
4420,1,43,1480.5,770.0,Pedestrian,1447.5,733.0,1622.512018445472
4420,1,78,1905.5,230.5,Pedestrian,1872.5,193.5,1882.4713809245548
4420,1,80,835.5,506.0,Pedestrian,802.5,469.0,929.4983862277546
4420,1,81,39.5,141.0,Biker,6.5,104.0,104.20292702222908
4420,1,82,995.0,986.5,Pedestrian,962.0,949.5,1351.6635121212676
4421,1,2,54.5,347.0,Biker,21.5,310.0,310.7446701071476
4421,1,3,42.5,23.5,Pedestrian,9.5,-13.5,16.507574019219177
4421,1,4,34.0,78.5,Pedestrian,1.0,41.5,41.512046444375635
4421,1,6,99.0,640.5,Pedestrian,66.0,603.5,607.0982210482913
4421,1,8,1897.0,271.5,Pedestrian,1864.0,234.5,1878.6926970635725
4421,1,10,217.0,227.5,Pedestrian,184.0,190.5,264.85137341535534
4421,1,11,1858.5,1007.0,Pedestrian,1825.5,970.0,2067.2083228354127
4421,1,16,212.5,190.5,Pedestrian,179.5,153.5,236.183191611935
4421,1,21,1022.5,1013.5,Pedestrian,989.5,976.5,1390.2023234047626
4421,1,24,714.5,443.5,Pedestrian,681.5,406.5,793.5266221116971
4421,1,27,256.5,207.0,Pedestrian,223.5,170.0,280.8064279891043
4421,1,43,1480.5,770.0,Pedestrian,1447.5,733.0,1622.512018445472
4421,1,78,1902.5,230.5,Pedestrian,1869.5,193.5,1879.487297110571
4421,1,80,833.0,506.0,Pedestrian,800.0,469.0,927.3408219203984
4421,1,81,39.5,141.0,Biker,6.5,104.0,104.20292702222908
4421,1,82,995.0,986.5,Pedestrian,962.0,949.5,1351.6635121212676
4422,1,2,53.5,347.0,Biker,20.5,310.0,310.67708315870357
4422,1,3,42.5,23.5,Pedestrian,9.5,-13.5,16.507574019219177
4422,1,4,34.0,78.5,Pedestrian,1.0,41.5,41.512046444375635
4422,1,6,96.0,643.0,Pedestrian,63.0,606.0,609.2659517813219
4422,1,8,1897.0,271.5,Pedestrian,1864.0,234.5,1878.6926970635725
4422,1,10,217.0,227.5,Pedestrian,184.0,190.5,264.85137341535534
4422,1,11,1858.5,1007.0,Pedestrian,1825.5,970.0,2067.2083228354127
4422,1,16,212.5,190.5,Pedestrian,179.5,153.5,236.183191611935
4422,1,21,1022.5,1013.5,Pedestrian,989.5,976.5,1390.2023234047626
4422,1,24,717.5,443.5,Pedestrian,684.5,406.5,796.1045785573651
4422,1,27,256.5,207.0,Pedestrian,223.5,170.0,280.8064279891043
4422,1,43,1480.5,770.0,Pedestrian,1447.5,733.0,1622.512018445472
4422,1,78,1902.5,230.5,Pedestrian,1869.5,193.5,1879.487297110571
4422,1,80,830.0,506.0,Pedestrian,797.0,469.0,924.75402134838
4422,1,81,39.5,141.0,Biker,6.5,104.0,104.20292702222908
4422,1,82,995.0,986.5,Pedestrian,962.0,949.5,1351.6635121212676
4423,1,2,52.0,344.0,Biker,19.0,307.0,307.5873859572268
4423,1,3,42.5,23.5,Pedestrian,9.5,-13.5,16.507574019219177
4423,1,4,34.0,78.5,Pedestrian,1.0,41.5,41.512046444375635
4423,1,6,96.0,645.0,Pedestrian,63.0,608.0,611.2552658259887
4423,1,8,1897.0,271.5,Pedestrian,1864.0,234.5,1878.6926970635725
4423,1,10,217.0,227.5,Pedestrian,184.0,190.5,264.85137341535534
4423,1,11,1858.5,1005.0,Pedestrian,1825.5,968.0,2066.2706139322604
4423,1,16,212.5,190.5,Pedestrian,179.5,153.5,236.183191611935
4423,1,21,1022.5,1013.5,Pedestrian,989.5,976.5,1390.2023234047626
4423,1,24,717.5,443.5,Pedestrian,684.5,406.5,796.1045785573651
4423,1,27,256.5,207.0,Pedestrian,223.5,170.0,280.8064279891043
4423,1,43,1480.5,770.0,Pedestrian,1447.5,733.0,1622.512018445472
4423,1,78,1902.5,230.5,Pedestrian,1869.5,193.5,1879.487297110571
4423,1,80,830.0,506.0,Pedestrian,797.0,469.0,924.75402134838
4423,1,81,39.5,139.5,Biker,6.5,102.5,102.70589077555387
4423,1,82,995.0,986.5,Pedestrian,962.0,949.5,1351.6635121212676
4424,1,2,50.5,344.0,Biker,17.5,307.0,307.49837397944077
4424,1,3,42.5,23.5,Pedestrian,9.5,-13.5,16.507574019219177
4424,1,4,34.0,78.5,Pedestrian,1.0,41.5,41.512046444375635
4424,1,6,96.0,645.0,Pedestrian,63.0,608.0,611.2552658259887
4424,1,8,1894.5,271.5,Pedestrian,1861.5,234.5,1876.2122747706348
4424,1,10,217.0,227.5,Pedestrian,184.0,190.5,264.85137341535534
4424,1,11,1856.0,1005.0,Pedestrian,1823.0,968.0,2064.062256813006
4424,1,16,212.5,190.5,Pedestrian,179.5,153.5,236.183191611935
4424,1,21,1022.5,1013.5,Pedestrian,989.5,976.5,1390.2023234047626
4424,1,24,717.5,443.5,Pedestrian,684.5,406.5,796.1045785573651
4424,1,27,256.5,207.0,Pedestrian,223.5,170.0,280.8064279891043
4424,1,43,1480.5,770.0,Pedestrian,1447.5,733.0,1622.512018445472
4424,1,78,1900.0,230.5,Pedestrian,1867.0,193.5,1877.0005993605862
4424,1,80,827.5,506.0,Pedestrian,794.5,469.0,922.6002655538313
4424,1,81,39.5,138.5,Biker,6.5,101.5,101.70791512955125
4424,1,82,995.0,986.5,Pedestrian,962.0,949.5,1351.6635121212676
4425,1,2,50.5,344.0,Biker,17.5,307.0,307.49837397944077
4425,1,3,42.5,23.5,Pedestrian,9.5,-13.5,16.507574019219177
4425,1,4,34.0,78.5,Pedestrian,1.0,41.5,41.512046444375635
4425,1,6,93.0,647.5,Pedestrian,60.0,610.5,613.4413174868481
4425,1,8,1894.5,271.5,Pedestrian,1861.5,234.5,1876.2122747706348
4425,1,10,215.5,227.5,Pedestrian,182.5,190.5,263.81148572418147
4425,1,11,1856.0,1005.0,Pedestrian,1823.0,968.0,2064.062256813006
4425,1,16,212.5,190.5,Pedestrian,179.5,153.5,236.183191611935
4425,1,21,1022.5,1013.5,Pedestrian,989.5,976.5,1390.2023234047626
4425,1,24,717.5,443.5,Pedestrian,684.5,406.5,796.1045785573651
4425,1,27,256.5,207.0,Pedestrian,223.5,170.0,280.8064279891043
4425,1,43,1480.5,770.0,Pedestrian,1447.5,733.0,1622.512018445472
4425,1,78,1900.0,230.5,Pedestrian,1867.0,193.5,1877.0005993605862
4425,1,80,827.5,506.0,Pedestrian,794.5,469.0,922.6002655538313
4425,1,81,39.5,138.5,Biker,6.5,101.5,101.70791512955125
4425,1,82,995.0,986.5,Pedestrian,962.0,949.5,1351.6635121212676
4426,1,2,47.5,342.0,Biker,14.5,305.0,305.3444775986623
4426,1,3,42.5,23.5,Pedestrian,9.5,-13.5,16.507574019219177
4426,1,4,34.0,78.5,Pedestrian,1.0,41.5,41.512046444375635
4426,1,6,93.0,649.5,Pedestrian,60.0,612.5,615.4317590115089
4426,1,8,1891.5,271.5,Pedestrian,1858.5,234.5,1873.2358367274528
4426,1,10,215.5,227.5,Pedestrian,182.5,190.5,263.81148572418147
4426,1,11,1856.0,1005.0,Pedestrian,1823.0,968.0,2064.062256813006
4426,1,16,212.5,190.5,Pedestrian,179.5,153.5,236.183191611935
4426,1,21,1022.5,1013.5,Pedestrian,989.5,976.5,1390.2023234047626
4426,1,24,717.5,442.0,Pedestrian,684.5,405.0,795.3397072949394
4426,1,27,256.5,207.0,Pedestrian,223.5,170.0,280.8064279891043
4426,1,43,1480.5,770.0,Pedestrian,1447.5,733.0,1622.512018445472
4426,1,78,1897.0,230.5,Pedestrian,1864.0,193.5,1874.016608784458
4426,1,80,824.5,506.0,Pedestrian,791.5,469.0,920.0180704747054
4426,1,81,39.5,138.5,Biker,6.5,101.5,101.70791512955125
4426,1,82,995.0,986.5,Pedestrian,962.0,949.5,1351.6635121212676
4427,1,2,46.0,342.0,Biker,13.0,305.0,305.27692346458156
4427,1,3,42.5,23.5,Pedestrian,9.5,-13.5,16.507574019219177
4427,1,4,34.0,78.5,Pedestrian,1.0,41.5,41.512046444375635
4427,1,6,93.0,649.5,Pedestrian,60.0,612.5,615.4317590115089
4427,1,8,1891.5,271.5,Pedestrian,1858.5,234.5,1873.2358367274528
4427,1,10,215.5,227.5,Pedestrian,182.5,190.5,263.81148572418147
4427,1,11,1856.0,1002.5,Pedestrian,1823.0,965.5,2062.8909932422507
4427,1,16,212.5,190.5,Pedestrian,179.5,153.5,236.183191611935
4427,1,21,1022.5,1013.5,Pedestrian,989.5,976.5,1390.2023234047626
4427,1,24,717.5,442.0,Pedestrian,684.5,405.0,795.3397072949394
4427,1,27,256.5,207.0,Pedestrian,223.5,170.0,280.8064279891043
4427,1,43,1480.5,770.0,Pedestrian,1447.5,733.0,1622.512018445472
4427,1,78,1897.0,230.5,Pedestrian,1864.0,193.5,1874.016608784458
4427,1,80,822.0,506.0,Pedestrian,789.0,469.0,917.8681822571257
4427,1,81,39.5,138.5,Biker,6.5,101.5,101.70791512955125
4427,1,82,995.0,986.5,Pedestrian,962.0,949.5,1351.6635121212676
4428,1,2,45.0,340.0,Biker,12.0,303.0,303.2375306587231
4428,1,3,42.5,23.5,Pedestrian,9.5,-13.5,16.507574019219177
4428,1,4,34.0,78.5,Pedestrian,1.0,41.5,41.512046444375635
4428,1,6,90.0,652.0,Pedestrian,57.0,615.0,617.635815023708
4428,1,8,1889.0,271.5,Pedestrian,1856.0,234.5,1870.755529191348
4428,1,10,215.5,227.5,Pedestrian,182.5,190.5,263.81148572418147
4428,1,11,1856.0,1002.5,Pedestrian,1823.0,965.5,2062.8909932422507
4428,1,16,212.5,190.5,Pedestrian,179.5,153.5,236.183191611935
4428,1,21,1022.5,1013.5,Pedestrian,989.5,976.5,1390.2023234047626
4428,1,24,717.5,442.0,Pedestrian,684.5,405.0,795.3397072949394
4428,1,27,256.5,207.0,Pedestrian,223.5,170.0,280.8064279891043
4428,1,43,1480.5,770.0,Pedestrian,1447.5,733.0,1622.512018445472
4428,1,78,1894.5,230.5,Pedestrian,1861.5,193.5,1871.5299890731112
4428,1,80,822.0,506.0,Pedestrian,789.0,469.0,917.8681822571257
4428,1,81,39.5,137.5,Biker,6.5,100.5,100.70997964452182
4428,1,82,995.0,986.5,Pedestrian,962.0,949.5,1351.6635121212676
4429,1,2,44.0,340.0,Biker,11.0,303.0,303.19960422137757
4429,1,3,42.5,23.5,Pedestrian,9.5,-13.5,16.507574019219177
4429,1,4,34.0,78.5,Pedestrian,1.0,41.5,41.512046444375635
4429,1,6,90.0,654.0,Pedestrian,57.0,617.0,619.6273073388551
4429,1,8,1889.0,271.5,Pedestrian,1856.0,234.5,1870.755529191348
4429,1,10,215.5,227.5,Pedestrian,182.5,190.5,263.81148572418147
4429,1,11,1856.0,1002.5,Pedestrian,1823.0,965.5,2062.8909932422507
4429,1,16,212.5,190.5,Pedestrian,179.5,153.5,236.183191611935
4429,1,21,1022.5,1013.5,Pedestrian,989.5,976.5,1390.2023234047626
4429,1,24,717.5,442.0,Pedestrian,684.5,405.0,795.3397072949394
4429,1,27,256.5,207.0,Pedestrian,223.5,170.0,280.8064279891043
4429,1,43,1482.0,770.0,Pedestrian,1449.0,733.0,1623.8503625642359
4429,1,78,1894.5,230.5,Pedestrian,1861.5,193.5,1871.5299890731112
4429,1,80,819.0,506.0,Pedestrian,786.0,469.0,915.290664215472
4429,1,81,39.5,136.0,Biker,6.5,99.0,99.21315436977095
4429,1,82,995.0,986.5,Pedestrian,962.0,949.5,1351.6635121212676
4430,1,2,44.0,340.0,Biker,11.0,303.0,303.19960422137757
4430,1,3,42.5,23.5,Pedestrian,9.5,-13.5,16.507574019219177
4430,1,4,34.0,78.5,Pedestrian,1.0,41.5,41.512046444375635
4430,1,6,90.0,656.5,Pedestrian,57.0,619.5,622.1167494932121
4430,1,8,1886.0,271.5,Pedestrian,1853.0,234.5,1867.7792294594133
4430,1,10,215.5,227.5,Pedestrian,182.5,190.5,263.81148572418147
4430,1,11,1856.0,1002.5,Pedestrian,1823.0,965.5,2062.8909932422507
4430,1,16,212.5,190.5,Pedestrian,179.5,153.5,236.183191611935
4430,1,21,1022.5,1013.5,Pedestrian,989.5,976.5,1390.2023234047626
4430,1,24,720.0,442.0,Pedestrian,687.0,405.0,797.492319712234
4430,1,27,256.5,207.0,Pedestrian,223.5,170.0,280.8064279891043
4430,1,43,1482.0,770.0,Pedestrian,1449.0,733.0,1623.8503625642359
4430,1,78,1891.5,230.5,Pedestrian,1858.5,193.5,1868.5460925543152
4430,1,80,819.0,506.0,Pedestrian,786.0,469.0,915.290664215472
4430,1,81,39.5,136.0,Biker,6.5,99.0,99.21315436977095
4430,1,82,995.0,986.5,Pedestrian,962.0,949.5,1351.6635121212676
4431,1,2,44.0,340.0,Biker,11.0,303.0,303.19960422137757
4431,1,3,42.5,23.5,Pedestrian,9.5,-13.5,16.507574019219177
4431,1,4,34.0,78.5,Pedestrian,1.0,41.5,41.512046444375635
4431,1,6,88.0,656.5,Pedestrian,55.0,619.5,621.9366929197859
4431,1,8,1886.0,271.5,Pedestrian,1853.0,234.5,1867.7792294594133
4431,1,10,215.5,227.5,Pedestrian,182.5,190.5,263.81148572418147
4431,1,11,1856.0,1002.5,Pedestrian,1823.0,965.5,2062.8909932422507
4431,1,16,212.5,190.5,Pedestrian,179.5,153.5,236.183191611935
4431,1,21,1022.5,1013.5,Pedestrian,989.5,976.5,1390.2023234047626
4431,1,24,720.0,442.0,Pedestrian,687.0,405.0,797.492319712234
4431,1,27,256.5,207.0,Pedestrian,223.5,170.0,280.8064279891043
4431,1,43,1482.0,770.0,Pedestrian,1449.0,733.0,1623.8503625642359
4431,1,78,1891.5,230.5,Pedestrian,1858.5,193.5,1868.5460925543152
4431,1,80,816.5,506.0,Pedestrian,783.5,469.0,913.144703757296
4431,1,81,39.5,136.0,Biker,6.5,99.0,99.21315436977095
4431,1,82,995.0,986.5,Pedestrian,962.0,949.5,1351.6635121212676
4432,1,2,44.0,340.0,Biker,11.0,303.0,303.19960422137757
4432,1,3,42.5,23.5,Pedestrian,9.5,-13.5,16.507574019219177
4432,1,4,34.0,78.5,Pedestrian,1.0,41.5,41.512046444375635
4432,1,6,88.0,658.5,Pedestrian,55.0,621.5,623.9288821652673
4432,1,8,1886.0,271.5,Pedestrian,1853.0,234.5,1867.7792294594133
4432,1,10,215.5,227.5,Pedestrian,182.5,190.5,263.81148572418147
4432,1,11,1856.0,1002.5,Pedestrian,1823.0,965.5,2062.8909932422507
4432,1,16,212.5,190.5,Pedestrian,179.5,153.5,236.183191611935
4432,1,21,1022.5,1013.5,Pedestrian,989.5,976.5,1390.2023234047626
4432,1,24,720.0,442.0,Pedestrian,687.0,405.0,797.492319712234
4432,1,27,256.5,207.0,Pedestrian,223.5,170.0,280.8064279891043
4432,1,43,1482.0,770.0,Pedestrian,1449.0,733.0,1623.8503625642359
4432,1,78,1891.5,228.5,Pedestrian,1858.5,191.5,1868.3400386439296
4432,1,80,813.5,506.0,Pedestrian,780.5,469.0,910.5719356536308
4432,1,81,39.5,136.0,Biker,6.5,99.0,99.21315436977095
4432,1,82,995.0,986.5,Pedestrian,962.0,949.5,1351.6635121212676
4433,1,2,44.0,340.0,Biker,11.0,303.0,303.19960422137757
4433,1,3,42.5,23.5,Pedestrian,9.5,-13.5,16.507574019219177
4433,1,4,34.0,78.5,Pedestrian,1.0,41.5,41.512046444375635
4433,1,6,88.0,661.0,Pedestrian,55.0,624.0,626.4191887226955
4433,1,8,1883.5,271.5,Pedestrian,1850.5,234.5,1865.2990376880593
4433,1,10,215.5,227.5,Pedestrian,182.5,190.5,263.81148572418147
4433,1,11,1856.0,1002.5,Pedestrian,1823.0,965.5,2062.8909932422507
4433,1,16,212.5,190.5,Pedestrian,179.5,153.5,236.183191611935
4433,1,21,1022.5,1013.5,Pedestrian,989.5,976.5,1390.2023234047626
4433,1,24,720.0,442.0,Pedestrian,687.0,405.0,797.492319712234
4433,1,27,256.5,207.0,Pedestrian,223.5,170.0,280.8064279891043
4433,1,43,1482.0,770.0,Pedestrian,1449.0,733.0,1623.8503625642359
4433,1,78,1889.0,228.5,Pedestrian,1856.0,191.5,1865.8532230590915
4433,1,80,813.5,506.0,Pedestrian,780.5,469.0,910.5719356536308
4433,1,81,39.5,136.0,Biker,6.5,99.0,99.21315436977095
4433,1,82,995.0,986.5,Pedestrian,962.0,949.5,1351.6635121212676
4434,1,2,44.0,340.0,Biker,11.0,303.0,303.19960422137757
4434,1,3,42.5,23.5,Pedestrian,9.5,-13.5,16.507574019219177
4434,1,4,34.0,78.5,Pedestrian,1.0,41.5,41.512046444375635
4434,1,6,85.0,663.5,Pedestrian,52.0,626.5,628.6543167751256
4434,1,8,1883.5,271.5,Pedestrian,1850.5,234.5,1865.2990376880593
4434,1,10,215.5,227.5,Pedestrian,182.5,190.5,263.81148572418147
4434,1,11,1856.0,1002.5,Pedestrian,1823.0,965.5,2062.8909932422507
4434,1,16,212.5,190.5,Pedestrian,179.5,153.5,236.183191611935
4434,1,21,1022.5,1013.5,Pedestrian,989.5,976.5,1390.2023234047626
4434,1,24,720.0,442.0,Pedestrian,687.0,405.0,797.492319712234
4434,1,27,256.5,207.0,Pedestrian,223.5,170.0,280.8064279891043
4434,1,43,1482.0,770.0,Pedestrian,1449.0,733.0,1623.8503625642359
4434,1,78,1889.0,228.5,Pedestrian,1856.0,191.5,1865.8532230590915
4434,1,80,811.0,506.0,Pedestrian,778.0,469.0,908.4299642790302
4434,1,81,39.5,135.0,Biker,6.5,98.0,98.2153246698294
4434,1,82,995.0,986.5,Pedestrian,962.0,949.5,1351.6635121212676
4435,1,2,44.0,340.0,Biker,11.0,303.0,303.19960422137757
4435,1,3,42.5,23.5,Pedestrian,9.5,-13.5,16.507574019219177
4435,1,4,34.0,78.5,Pedestrian,1.0,41.5,41.512046444375635
4435,1,6,85.0,665.5,Pedestrian,52.0,628.5,630.6474847329529
4435,1,8,1880.5,271.5,Pedestrian,1847.5,234.5,1862.3228774839233
4435,1,10,215.5,227.5,Pedestrian,182.5,190.5,263.81148572418147
4435,1,11,1856.0,1002.5,Pedestrian,1823.0,965.5,2062.8909932422507
4435,1,16,212.5,190.5,Pedestrian,179.5,153.5,236.183191611935
4435,1,21,1022.5,1013.5,Pedestrian,989.5,976.5,1390.2023234047626
4435,1,24,720.0,442.0,Pedestrian,687.0,405.0,797.492319712234
4435,1,27,256.5,207.0,Pedestrian,223.5,170.0,280.8064279891043
4435,1,43,1482.0,770.0,Pedestrian,1449.0,733.0,1623.8503625642359
4435,1,78,1886.0,228.5,Pedestrian,1853.0,191.5,1862.8690909454695
4435,1,80,811.0,506.0,Pedestrian,778.0,469.0,908.4299642790302
4435,1,81,39.5,134.0,Biker,6.5,97.0,97.21753956977105
4435,1,82,995.0,986.5,Pedestrian,962.0,949.5,1351.6635121212676
4436,1,2,44.0,340.0,Biker,11.0,303.0,303.19960422137757
4436,1,3,42.5,23.5,Pedestrian,9.5,-13.5,16.507574019219177
4436,1,4,34.0,78.5,Pedestrian,1.0,41.5,41.512046444375635
4436,1,6,85.0,665.5,Pedestrian,52.0,628.5,630.6474847329529
4436,1,8,1880.5,271.5,Pedestrian,1847.5,234.5,1862.3228774839233
4436,1,10,215.5,227.5,Pedestrian,182.5,190.5,263.81148572418147
4436,1,11,1856.0,1002.5,Pedestrian,1823.0,965.5,2062.8909932422507
4436,1,16,212.5,190.5,Pedestrian,179.5,153.5,236.183191611935
4436,1,21,1022.5,1013.5,Pedestrian,989.5,976.5,1390.2023234047626
4436,1,24,720.0,442.0,Pedestrian,687.0,405.0,797.492319712234
4436,1,27,256.5,207.0,Pedestrian,223.5,170.0,280.8064279891043
4436,1,43,1482.0,770.0,Pedestrian,1449.0,733.0,1623.8503625642359
4436,1,78,1886.0,228.5,Pedestrian,1853.0,191.5,1862.8690909454695
4436,1,80,808.0,506.0,Pedestrian,775.0,469.0,905.8620203982503
4436,1,81,39.5,134.0,Biker,6.5,97.0,97.21753956977105
4436,1,82,995.0,986.5,Pedestrian,962.0,949.5,1351.6635121212676
4437,1,2,44.0,340.0,Biker,11.0,303.0,303.19960422137757
4437,1,3,42.5,23.5,Pedestrian,9.5,-13.5,16.507574019219177
4437,1,4,34.0,78.5,Pedestrian,1.0,41.5,41.512046444375635
4437,1,6,82.0,668.0,Pedestrian,49.0,631.0,632.8996760940868
4437,1,8,1878.0,271.5,Pedestrian,1845.0,234.5,1859.8428024970283
4437,1,10,215.5,227.5,Pedestrian,182.5,190.5,263.81148572418147
4437,1,11,1856.0,1002.5,Pedestrian,1823.0,965.5,2062.8909932422507
4437,1,16,212.5,190.5,Pedestrian,179.5,153.5,236.183191611935
4437,1,21,1022.5,1013.5,Pedestrian,989.5,976.5,1390.2023234047626
4437,1,24,723.0,442.0,Pedestrian,690.0,405.0,800.0781211856752
4437,1,27,256.5,207.0,Pedestrian,223.5,170.0,280.8064279891043
4437,1,43,1482.0,770.0,Pedestrian,1449.0,733.0,1623.8503625642359
4437,1,78,1883.5,228.5,Pedestrian,1850.5,191.5,1860.3823531736696
4437,1,80,805.5,506.0,Pedestrian,772.5,469.0,903.7241005970793
4437,1,81,39.5,134.0,Biker,6.5,97.0,97.21753956977105
4437,1,82,995.0,986.5,Pedestrian,962.0,949.5,1351.6635121212676
4438,1,2,44.0,340.0,Biker,11.0,303.0,303.19960422137757
4438,1,3,42.5,23.5,Pedestrian,9.5,-13.5,16.507574019219177
4438,1,4,34.0,78.5,Pedestrian,1.0,41.5,41.512046444375635
4438,1,6,82.0,670.0,Pedestrian,49.0,633.0,634.89369188865
4438,1,8,1878.0,271.5,Pedestrian,1845.0,234.5,1859.8428024970283
4438,1,10,215.5,227.5,Pedestrian,182.5,190.5,263.81148572418147
4438,1,11,1856.0,1002.5,Pedestrian,1823.0,965.5,2062.8909932422507
4438,1,16,214.0,190.5,Pedestrian,181.0,153.5,237.3251988306341
4438,1,21,1022.5,1013.5,Pedestrian,989.5,976.5,1390.2023234047626
4438,1,24,723.0,442.0,Pedestrian,690.0,405.0,800.0781211856752
4438,1,27,256.5,207.0,Pedestrian,223.5,170.0,280.8064279891043
4438,1,43,1482.0,770.0,Pedestrian,1449.0,733.0,1623.8503625642359
4438,1,78,1883.5,228.5,Pedestrian,1850.5,191.5,1860.3823531736696
4438,1,80,805.5,506.0,Pedestrian,772.5,469.0,903.7241005970793
4438,1,81,39.5,134.0,Biker,6.5,97.0,97.21753956977105
4438,1,82,995.0,986.5,Pedestrian,962.0,949.5,1351.6635121212676
4439,1,2,44.0,340.0,Biker,11.0,303.0,303.19960422137757
4439,1,3,42.5,23.5,Pedestrian,9.5,-13.5,16.507574019219177
4439,1,4,34.0,78.5,Pedestrian,1.0,41.5,41.512046444375635
4439,1,6,82.0,672.5,Pedestrian,49.0,635.5,637.3862643640824
4439,1,8,1878.0,271.5,Pedestrian,1845.0,234.5,1859.8428024970283
4439,1,10,215.5,227.5,Pedestrian,182.5,190.5,263.81148572418147
4439,1,11,1856.0,1002.5,Pedestrian,1823.0,965.5,2062.8909932422507
4439,1,16,214.0,190.5,Pedestrian,181.0,153.5,237.3251988306341
4439,1,21,1022.5,1013.5,Pedestrian,989.5,976.5,1390.2023234047626
4439,1,24,723.0,442.0,Pedestrian,690.0,405.0,800.0781211856752
4439,1,27,256.5,207.0,Pedestrian,223.5,170.0,280.8064279891043
4439,1,43,1482.0,770.0,Pedestrian,1449.0,733.0,1623.8503625642359
4439,1,78,1883.5,228.5,Pedestrian,1850.5,191.5,1860.3823531736696
4439,1,80,802.5,506.0,Pedestrian,769.5,469.0,901.1610566374914
4439,1,81,39.5,132.5,Biker,6.5,95.5,95.72094859538323
4439,1,82,995.0,986.5,Pedestrian,962.0,949.5,1351.6635121212676
4440,1,2,44.0,340.0,Biker,11.0,303.0,303.19960422137757
4440,1,3,42.5,23.5,Pedestrian,9.5,-13.5,16.507574019219177
4440,1,4,34.0,78.5,Pedestrian,1.0,41.5,41.512046444375635
4440,1,6,82.0,674.5,Pedestrian,49.0,637.5,639.3803641026209
4440,1,8,1875.0,271.5,Pedestrian,1842.0,234.5,1856.8667830514928
4440,1,10,215.5,227.5,Pedestrian,182.5,190.5,263.81148572418147
4440,1,11,1856.0,1002.5,Pedestrian,1823.0,965.5,2062.8909932422507
4440,1,16,214.0,190.5,Pedestrian,181.0,153.5,237.3251988306341
4440,1,21,1022.5,1013.5,Pedestrian,989.5,976.5,1390.2023234047626
4440,1,24,723.0,442.0,Pedestrian,690.0,405.0,800.0781211856752
4440,1,27,256.5,207.0,Pedestrian,223.5,170.0,280.8064279891043
4440,1,43,1482.0,770.0,Pedestrian,1449.0,733.0,1623.8503625642359
4440,1,78,1880.5,228.5,Pedestrian,1847.5,191.5,1857.3983148479488
4440,1,80,802.5,506.0,Pedestrian,769.5,469.0,901.1610566374914
4440,1,81,39.5,131.5,Biker,6.5,94.5,94.72328119316813
4440,1,82,995.0,986.5,Pedestrian,962.0,949.5,1351.6635121212676
4441,1,2,44.0,340.0,Biker,11.0,303.0,303.19960422137757
4441,1,3,42.5,23.5,Pedestrian,9.5,-13.5,16.507574019219177
4441,1,4,34.0,78.5,Pedestrian,1.0,41.5,41.512046444375635
4441,1,6,77.0,674.5,Pedestrian,44.0,637.5,639.0166273267074
4441,1,8,1875.0,271.5,Pedestrian,1842.0,234.5,1856.8667830514928
4441,1,10,215.5,227.5,Pedestrian,182.5,190.5,263.81148572418147
4441,1,11,1856.0,1002.5,Pedestrian,1823.0,965.5,2062.8909932422507
4441,1,16,214.0,190.5,Pedestrian,181.0,153.5,237.3251988306341
4441,1,21,1022.5,1013.5,Pedestrian,989.5,976.5,1390.2023234047626
4441,1,24,723.0,441.0,Pedestrian,690.0,404.0,799.5723857162652
4441,1,27,256.5,207.0,Pedestrian,223.5,170.0,280.8064279891043
4441,1,43,1482.0,770.0,Pedestrian,1449.0,733.0,1623.8503625642359
4441,1,78,1880.5,228.5,Pedestrian,1847.5,191.5,1857.3983148479488
4441,1,80,800.0,506.0,Pedestrian,767.0,469.0,899.0272520897239
4441,1,81,39.5,131.5,Biker,6.5,94.5,94.72328119316813
4441,1,82,995.0,986.5,Pedestrian,962.0,949.5,1351.6635121212676
4442,1,2,44.0,340.0,Biker,11.0,303.0,303.19960422137757
4442,1,3,42.5,23.5,Pedestrian,9.5,-13.5,16.507574019219177
4442,1,4,34.0,78.5,Pedestrian,1.0,41.5,41.512046444375635
4442,1,6,74.0,674.5,Pedestrian,41.0,637.5,638.817070842663
4442,1,8,1872.5,271.5,Pedestrian,1839.5,234.5,1854.3868258807277
4442,1,10,215.5,227.5,Pedestrian,182.5,190.5,263.81148572418147
4442,1,11,1856.0,1002.5,Pedestrian,1823.0,965.5,2062.8909932422507
4442,1,16,214.0,190.5,Pedestrian,181.0,153.5,237.3251988306341
4442,1,21,1022.5,1013.5,Pedestrian,989.5,976.5,1390.2023234047626
4442,1,24,723.0,441.0,Pedestrian,690.0,404.0,799.5723857162652
4442,1,27,256.5,207.0,Pedestrian,223.5,170.0,280.8064279891043
4442,1,43,1482.0,770.0,Pedestrian,1449.0,733.0,1623.8503625642359
4442,1,78,1878.0,228.5,Pedestrian,1845.0,191.5,1854.911655578238
4442,1,80,797.0,506.0,Pedestrian,764.0,469.0,896.4691851926647
4442,1,81,39.5,131.5,Biker,6.5,94.5,94.72328119316813
4442,1,82,995.0,986.5,Pedestrian,962.0,949.5,1351.6635121212676
4443,1,2,44.0,340.0,Biker,11.0,303.0,303.19960422137757
4443,1,3,42.5,23.5,Pedestrian,9.5,-13.5,16.507574019219177
4443,1,4,34.0,78.5,Pedestrian,1.0,41.5,41.512046444375635
4443,1,6,71.0,674.5,Pedestrian,38.0,637.5,638.6315447893253
4443,1,8,1872.5,271.5,Pedestrian,1839.5,234.5,1854.3868258807277
4443,1,10,215.5,227.5,Pedestrian,182.5,190.5,263.81148572418147
4443,1,11,1856.0,1002.5,Pedestrian,1823.0,965.5,2062.8909932422507
4443,1,16,214.0,190.5,Pedestrian,181.0,153.5,237.3251988306341
4443,1,21,1022.5,1013.5,Pedestrian,989.5,976.5,1390.2023234047626
4443,1,24,723.0,441.0,Pedestrian,690.0,404.0,799.5723857162652
4443,1,27,256.5,207.0,Pedestrian,223.5,170.0,280.8064279891043
4443,1,43,1482.0,770.0,Pedestrian,1449.0,733.0,1623.8503625642359
4443,1,78,1878.0,228.5,Pedestrian,1845.0,191.5,1854.911655578238
4443,1,80,797.0,506.0,Pedestrian,764.0,469.0,896.4691851926647
4443,1,81,39.5,131.5,Biker,6.5,94.5,94.72328119316813
4443,1,82,995.0,986.5,Pedestrian,962.0,949.5,1351.6635121212676
4444,1,2,44.0,340.0,Biker,11.0,303.0,303.19960422137757
4444,1,3,42.5,23.5,Pedestrian,9.5,-13.5,16.507574019219177
4444,1,4,34.0,78.5,Pedestrian,1.0,41.5,41.512046444375635
4444,1,6,68.0,677.0,Pedestrian,35.0,640.0,640.956316764255
4444,1,8,1869.5,271.5,Pedestrian,1836.5,234.5,1851.4109484390547
4444,1,10,215.5,227.5,Pedestrian,182.5,190.5,263.81148572418147
4444,1,11,1856.0,1002.5,Pedestrian,1823.0,965.5,2062.8909932422507
4444,1,16,214.0,190.5,Pedestrian,181.0,153.5,237.3251988306341
4444,1,21,1022.5,1013.5,Pedestrian,989.5,976.5,1390.2023234047626
4444,1,24,725.5,441.0,Pedestrian,692.5,404.0,801.7307839917337
4444,1,27,256.5,207.0,Pedestrian,223.5,170.0,280.8064279891043
4444,1,43,1482.0,770.0,Pedestrian,1449.0,733.0,1623.8503625642359
4444,1,78,1875.0,228.5,Pedestrian,1842.0,191.5,1851.9277118721454
4444,1,80,794.5,506.0,Pedestrian,761.5,469.0,894.3395607933264
4444,1,81,39.5,131.5,Biker,6.5,94.5,94.72328119316813
4444,1,82,995.0,986.5,Pedestrian,962.0,949.5,1351.6635121212676
4445,1,2,44.0,340.0,Biker,11.0,303.0,303.19960422137757
4445,1,3,42.5,23.5,Pedestrian,9.5,-13.5,16.507574019219177
4445,1,4,34.0,78.5,Pedestrian,1.0,41.5,41.512046444375635
4445,1,6,66.0,677.0,Pedestrian,33.0,640.0,640.850216509287
4445,1,8,1869.5,271.5,Pedestrian,1836.5,234.5,1851.4109484390547
4445,1,10,215.5,227.5,Pedestrian,182.5,190.5,263.81148572418147
4445,1,11,1856.0,1002.5,Pedestrian,1823.0,965.5,2062.8909932422507
4445,1,16,214.0,190.5,Pedestrian,181.0,153.5,237.3251988306341
4445,1,21,1022.5,1013.5,Pedestrian,989.5,976.5,1390.2023234047626
4445,1,24,725.5,441.0,Pedestrian,692.5,404.0,801.7307839917337
4445,1,27,256.5,207.0,Pedestrian,223.5,170.0,280.8064279891043
4445,1,43,1482.0,770.0,Pedestrian,1449.0,733.0,1623.8503625642359
4445,1,78,1875.0,228.5,Pedestrian,1842.0,191.5,1851.9277118721454
4445,1,80,794.5,506.0,Pedestrian,761.5,469.0,894.3395607933264
4445,1,81,38.5,130.5,Biker,5.5,93.5,93.66162501259521
4445,1,82,995.0,986.5,Pedestrian,962.0,949.5,1351.6635121212676
4446,1,2,44.0,340.0,Biker,11.0,303.0,303.19960422137757
4446,1,3,42.5,23.5,Pedestrian,9.5,-13.5,16.507574019219177
4446,1,4,34.0,78.5,Pedestrian,1.0,41.5,41.512046444375635
4446,1,6,63.0,677.0,Pedestrian,30.0,640.0,640.7027391856539
4446,1,8,1867.0,271.5,Pedestrian,1834.0,234.5,1848.9311101282276
4446,1,10,215.5,227.5,Pedestrian,182.5,190.5,263.81148572418147
4446,1,11,1856.0,1002.5,Pedestrian,1823.0,965.5,2062.8909932422507
4446,1,16,214.0,190.5,Pedestrian,181.0,153.5,237.3251988306341
4446,1,21,1022.5,1013.5,Pedestrian,989.5,976.5,1390.2023234047626
4446,1,24,725.5,441.0,Pedestrian,692.5,404.0,801.7307839917337
4446,1,27,256.5,207.0,Pedestrian,223.5,170.0,280.8064279891043
4446,1,43,1482.0,770.0,Pedestrian,1449.0,733.0,1623.8503625642359
4446,1,78,1872.5,228.5,Pedestrian,1839.5,191.5,1849.4411318017128
4446,1,80,791.5,506.0,Pedestrian,758.5,469.0,891.786549573383
4446,1,81,38.5,129.0,Biker,5.5,92.0,92.16425554410993
4446,1,82,995.0,986.5,Pedestrian,962.0,949.5,1351.6635121212676
4447,1,2,44.0,340.0,Biker,11.0,303.0,303.19960422137757
4447,1,3,42.5,23.5,Pedestrian,9.5,-13.5,16.507574019219177
4447,1,4,34.0,78.5,Pedestrian,1.0,41.5,41.512046444375635
4447,1,6,60.0,679.0,Pedestrian,27.0,642.0,642.5675061812572
4447,1,8,1867.0,271.5,Pedestrian,1834.0,234.5,1848.9311101282276
4447,1,10,215.5,227.5,Pedestrian,182.5,190.5,263.81148572418147
4447,1,11,1856.0,1002.5,Pedestrian,1823.0,965.5,2062.8909932422507
4447,1,16,214.0,190.5,Pedestrian,181.0,153.5,237.3251988306341
4447,1,21,1022.5,1013.5,Pedestrian,989.5,976.5,1390.2023234047626
4447,1,24,725.5,441.0,Pedestrian,692.5,404.0,801.7307839917337
4447,1,27,256.5,207.0,Pedestrian,223.5,170.0,280.8064279891043
4447,1,43,1482.0,770.0,Pedestrian,1449.0,733.0,1623.8503625642359
4447,1,78,1872.5,228.5,Pedestrian,1839.5,191.5,1849.4411318017128
4447,1,80,789.0,506.0,Pedestrian,756.0,469.0,889.6611714579883
4447,1,81,38.5,129.0,Biker,5.5,92.0,92.16425554410993
4447,1,82,995.0,986.5,Pedestrian,962.0,949.5,1351.6635121212676
4448,1,2,44.0,340.0,Biker,11.0,303.0,303.19960422137757
4448,1,3,42.5,23.5,Pedestrian,9.5,-13.5,16.507574019219177
4448,1,4,34.0,78.5,Pedestrian,1.0,41.5,41.512046444375635
4448,1,6,57.0,679.0,Pedestrian,24.0,642.0,642.4484415110679
4448,1,8,1867.0,271.5,Pedestrian,1834.0,234.5,1848.9311101282276
4448,1,10,215.5,227.5,Pedestrian,182.5,190.5,263.81148572418147
4448,1,11,1856.0,1002.5,Pedestrian,1823.0,965.5,2062.8909932422507
4448,1,16,214.0,190.5,Pedestrian,181.0,153.5,237.3251988306341
4448,1,21,1022.5,1013.5,Pedestrian,989.5,976.5,1390.2023234047626
4448,1,24,725.5,441.0,Pedestrian,692.5,404.0,801.7307839917337
4448,1,27,256.5,207.0,Pedestrian,223.5,170.0,280.8064279891043
4448,1,43,1482.0,770.0,Pedestrian,1449.0,733.0,1623.8503625642359
4448,1,78,1872.5,228.5,Pedestrian,1839.5,191.5,1849.4411318017128
4448,1,80,789.0,506.0,Pedestrian,756.0,469.0,889.6611714579883
4448,1,81,38.5,129.0,Biker,5.5,92.0,92.16425554410993
4448,1,82,995.0,986.5,Pedestrian,962.0,949.5,1351.6635121212676
4449,1,2,44.0,340.0,Biker,11.0,303.0,303.19960422137757
4449,1,3,42.5,23.5,Pedestrian,9.5,-13.5,16.507574019219177
4449,1,4,34.0,78.5,Pedestrian,1.0,41.5,41.512046444375635
4449,1,6,55.0,679.0,Pedestrian,22.0,642.0,642.3768364441545
4449,1,8,1864.0,271.5,Pedestrian,1831.0,234.5,1845.9553759503506
4449,1,10,215.5,227.5,Pedestrian,182.5,190.5,263.81148572418147
4449,1,11,1856.0,1002.5,Pedestrian,1823.0,965.5,2062.8909932422507
4449,1,16,214.0,190.5,Pedestrian,181.0,153.5,237.3251988306341
4449,1,21,1022.5,1013.5,Pedestrian,989.5,976.5,1390.2023234047626
4449,1,24,725.5,441.0,Pedestrian,692.5,404.0,801.7307839917337
4449,1,27,256.5,207.0,Pedestrian,223.5,170.0,280.8064279891043
4449,1,43,1482.0,770.0,Pedestrian,1449.0,733.0,1623.8503625642359
4449,1,78,1869.5,228.5,Pedestrian,1836.5,191.5,1846.4572835568117
4449,1,80,786.0,506.0,Pedestrian,753.0,469.0,887.1132960338268
4449,1,81,38.5,129.0,Biker,5.5,92.0,92.16425554410993
4449,1,82,995.0,986.5,Pedestrian,962.0,949.5,1351.6635121212676
4450,1,2,44.0,340.0,Biker,11.0,303.0,303.19960422137757
4450,1,3,42.5,23.5,Pedestrian,9.5,-13.5,16.507574019219177
4450,1,4,34.0,78.5,Pedestrian,1.0,41.5,41.512046444375635
4450,1,6,52.0,681.5,Pedestrian,19.0,644.5,644.7800012407333
4450,1,8,1864.0,271.5,Pedestrian,1831.0,234.5,1845.9553759503506
4450,1,10,215.5,227.5,Pedestrian,182.5,190.5,263.81148572418147
4450,1,11,1856.0,1002.5,Pedestrian,1823.0,965.5,2062.8909932422507
4450,1,16,214.0,190.5,Pedestrian,181.0,153.5,237.3251988306341
4450,1,21,1022.5,1013.5,Pedestrian,989.5,976.5,1390.2023234047626
4450,1,24,725.5,441.0,Pedestrian,692.5,404.0,801.7307839917337
4450,1,27,256.5,207.0,Pedestrian,223.5,170.0,280.8064279891043
4450,1,43,1482.0,770.0,Pedestrian,1449.0,733.0,1623.8503625642359
4450,1,78,1869.5,228.5,Pedestrian,1836.5,191.5,1846.4572835568117
4450,1,80,786.0,506.0,Pedestrian,753.0,469.0,887.1132960338268
4450,1,81,38.5,129.0,Biker,5.5,92.0,92.16425554410993
4450,1,82,995.0,986.5,Pedestrian,962.0,949.5,1351.6635121212676
4451,1,2,44.0,340.0,Biker,11.0,303.0,303.19960422137757
4451,1,3,42.5,23.5,Pedestrian,9.5,-13.5,16.507574019219177
4451,1,4,34.0,78.5,Pedestrian,1.0,41.5,41.512046444375635
4451,1,6,49.0,681.5,Pedestrian,16.0,644.5,644.6985729781011
4451,1,8,1861.5,271.5,Pedestrian,1828.5,234.5,1843.475657555586
4451,1,10,215.5,227.5,Pedestrian,182.5,190.5,263.81148572418147
4451,1,11,1856.0,1002.5,Pedestrian,1823.0,965.5,2062.8909932422507
4451,1,16,214.0,190.5,Pedestrian,181.0,153.5,237.3251988306341
4451,1,21,1022.5,1013.5,Pedestrian,989.5,976.5,1390.2023234047626
4451,1,24,728.5,440.0,Pedestrian,695.5,403.0,803.821653104717
4451,1,27,256.5,207.0,Pedestrian,223.5,170.0,280.8064279891043
4451,1,43,1482.0,770.0,Pedestrian,1449.0,733.0,1623.8503625642359
4451,1,78,1867.0,228.5,Pedestrian,1834.0,191.5,1843.9707833911036
4451,1,80,783.5,506.0,Pedestrian,750.5,469.0,884.9922316043231
4451,1,81,37.0,127.0,Biker,4.0,90.0,90.08884503644167
4451,1,82,995.0,986.5,Pedestrian,962.0,949.5,1351.6635121212676
4452,1,2,44.0,340.0,Biker,11.0,303.0,303.19960422137757
4452,1,3,42.5,23.5,Pedestrian,9.5,-13.5,16.507574019219177
4452,1,4,34.0,78.5,Pedestrian,1.0,41.5,41.512046444375635
4452,1,6,49.0,684.0,Pedestrian,16.0,647.0,647.1978059295319
4452,1,8,1861.5,271.5,Pedestrian,1828.5,234.5,1843.475657555586
4452,1,10,215.5,227.5,Pedestrian,182.5,190.5,263.81148572418147
4452,1,11,1856.0,1002.5,Pedestrian,1823.0,965.5,2062.8909932422507
4452,1,16,214.0,190.5,Pedestrian,181.0,153.5,237.3251988306341
4452,1,21,1022.5,1013.5,Pedestrian,989.5,976.5,1390.2023234047626
4452,1,24,728.5,440.0,Pedestrian,695.5,403.0,803.821653104717
4452,1,27,256.5,207.0,Pedestrian,223.5,170.0,280.8064279891043
4452,1,43,1482.0,770.0,Pedestrian,1449.0,733.0,1623.8503625642359
4452,1,78,1867.0,228.5,Pedestrian,1834.0,191.5,1843.9707833911036
4452,1,80,780.5,506.0,Pedestrian,747.5,469.0,882.449573630131
4452,1,81,37.0,127.0,Biker,4.0,90.0,90.08884503644167
4452,1,82,995.0,986.5,Pedestrian,962.0,949.5,1351.6635121212676
4453,1,2,44.0,340.0,Biker,11.0,303.0,303.19960422137757
4453,1,3,42.5,23.5,Pedestrian,9.5,-13.5,16.507574019219177
4453,1,4,34.0,78.5,Pedestrian,1.0,41.5,41.512046444375635
4453,1,6,49.0,686.0,Pedestrian,16.0,649.0,649.1971965435464
4453,1,8,1858.5,271.5,Pedestrian,1825.5,234.5,1840.5000679163259
4453,1,10,215.5,227.5,Pedestrian,182.5,190.5,263.81148572418147
4453,1,11,1856.0,1002.5,Pedestrian,1823.0,965.5,2062.8909932422507
4453,1,16,214.0,190.5,Pedestrian,181.0,153.5,237.3251988306341
4453,1,21,1022.5,1013.5,Pedestrian,989.5,976.5,1390.2023234047626
4453,1,24,728.5,440.0,Pedestrian,695.5,403.0,803.821653104717
4453,1,27,256.5,207.0,Pedestrian,223.5,170.0,280.8064279891043
4453,1,43,1482.0,770.0,Pedestrian,1449.0,733.0,1623.8503625642359
4453,1,78,1864.0,228.5,Pedestrian,1831.0,191.5,1840.98703145894
4453,1,80,780.5,506.0,Pedestrian,747.5,469.0,882.449573630131
4453,1,81,37.0,127.0,Biker,4.0,90.0,90.08884503644167
4453,1,82,995.0,986.5,Pedestrian,962.0,949.5,1351.6635121212676
4454,1,2,44.0,340.0,Biker,11.0,303.0,303.19960422137757
4454,1,3,42.5,23.5,Pedestrian,9.5,-13.5,16.507574019219177
4454,1,4,34.0,78.5,Pedestrian,1.0,41.5,41.512046444375635
4454,1,6,49.0,686.0,Pedestrian,16.0,649.0,649.1971965435464
4454,1,8,1858.5,271.5,Pedestrian,1825.5,234.5,1840.5000679163259
4454,1,10,215.5,227.5,Pedestrian,182.5,190.5,263.81148572418147
4454,1,11,1856.0,1002.5,Pedestrian,1823.0,965.5,2062.8909932422507
4454,1,16,214.0,190.5,Pedestrian,181.0,153.5,237.3251988306341
4454,1,21,1022.5,1013.5,Pedestrian,989.5,976.5,1390.2023234047626
4454,1,24,728.5,440.0,Pedestrian,695.5,403.0,803.821653104717
4454,1,27,256.5,207.0,Pedestrian,223.5,170.0,280.8064279891043
4454,1,43,1482.0,770.0,Pedestrian,1449.0,733.0,1623.8503625642359
4454,1,78,1864.0,228.5,Pedestrian,1831.0,191.5,1840.98703145894
4454,1,80,778.0,506.0,Pedestrian,745.0,469.0,880.3328915813609
4454,1,81,37.0,127.0,Biker,4.0,90.0,90.08884503644167
4454,1,82,995.0,986.5,Pedestrian,962.0,949.5,1351.6635121212676
4455,1,2,44.0,340.0,Biker,11.0,303.0,303.19960422137757
4455,1,3,42.5,23.5,Pedestrian,9.5,-13.5,16.507574019219177
4455,1,4,34.0,78.5,Pedestrian,1.0,41.5,41.512046444375635
4455,1,6,49.0,688.5,Pedestrian,16.0,651.5,651.6964400700682
4455,1,8,1858.5,271.5,Pedestrian,1825.5,234.5,1840.5000679163259
4455,1,10,215.5,227.5,Pedestrian,182.5,190.5,263.81148572418147
4455,1,11,1856.0,1002.5,Pedestrian,1823.0,965.5,2062.8909932422507
4455,1,16,214.0,190.5,Pedestrian,181.0,153.5,237.3251988306341
4455,1,21,1022.5,1013.5,Pedestrian,989.5,976.5,1390.2023234047626
4455,1,24,728.5,440.0,Pedestrian,695.5,403.0,803.821653104717
4455,1,27,258.0,207.0,Pedestrian,225.0,170.0,282.00177304407146
4455,1,43,1482.0,770.0,Pedestrian,1449.0,733.0,1623.8503625642359
4455,1,78,1864.0,228.5,Pedestrian,1831.0,191.5,1840.98703145894
4455,1,80,778.0,506.0,Pedestrian,745.0,469.0,880.3328915813609
4455,1,81,37.0,127.0,Biker,4.0,90.0,90.08884503644167
4455,1,82,995.0,986.5,Pedestrian,962.0,949.5,1351.6635121212676
4456,1,2,44.0,340.0,Biker,11.0,303.0,303.19960422137757
4456,1,3,42.5,23.5,Pedestrian,9.5,-13.5,16.507574019219177
4456,1,4,34.0,78.5,Pedestrian,1.0,41.5,41.512046444375635
4456,1,6,49.0,690.5,Pedestrian,16.0,653.5,653.6958390566671
4456,1,8,1856.0,271.5,Pedestrian,1823.0,234.5,1838.0204705062454
4456,1,10,217.0,227.5,Pedestrian,184.0,190.5,264.85137341535534
4456,1,11,1856.0,1002.5,Pedestrian,1823.0,965.5,2062.8909932422507
4456,1,16,214.0,190.5,Pedestrian,181.0,153.5,237.3251988306341
4456,1,21,1022.5,1013.5,Pedestrian,989.5,976.5,1390.2023234047626
4456,1,24,728.5,440.0,Pedestrian,695.5,403.0,803.821653104717
4456,1,27,258.0,207.0,Pedestrian,225.0,170.0,282.00177304407146
4456,1,43,1482.0,770.0,Pedestrian,1449.0,733.0,1623.8503625642359
4456,1,78,1861.5,228.5,Pedestrian,1828.5,191.5,1838.500611911783
4456,1,80,775.0,506.0,Pedestrian,742.0,469.0,877.7955342789116
4456,1,81,37.0,126.0,Biker,4.0,89.0,89.08984229416954
4456,1,82,995.0,986.5,Pedestrian,962.0,949.5,1351.6635121212676
4457,1,2,44.0,340.0,Biker,11.0,303.0,303.19960422137757
4457,1,3,42.5,23.5,Pedestrian,9.5,-13.5,16.507574019219177
4457,1,4,34.0,78.5,Pedestrian,1.0,41.5,41.512046444375635
4457,1,6,49.0,690.5,Pedestrian,16.0,653.5,653.6958390566671
4457,1,8,1856.0,271.5,Pedestrian,1823.0,234.5,1838.0204705062454
4457,1,10,217.0,227.5,Pedestrian,184.0,190.5,264.85137341535534
4457,1,11,1856.0,1002.5,Pedestrian,1823.0,965.5,2062.8909932422507
4457,1,16,214.0,190.5,Pedestrian,181.0,153.5,237.3251988306341
4457,1,21,1022.5,1013.5,Pedestrian,989.5,976.5,1390.2023234047626
4457,1,24,728.5,440.0,Pedestrian,695.5,403.0,803.821653104717
4457,1,27,258.0,207.0,Pedestrian,225.0,170.0,282.00177304407146
4457,1,43,1482.0,770.0,Pedestrian,1449.0,733.0,1623.8503625642359
4457,1,78,1861.5,228.5,Pedestrian,1828.5,191.5,1838.500611911783
4457,1,80,772.5,506.0,Pedestrian,739.5,469.0,875.6833046255936
4457,1,81,37.0,125.0,Biker,4.0,88.0,88.09086218218096
4457,1,82,995.0,986.5,Pedestrian,962.0,949.5,1351.6635121212676
4458,1,2,44.0,340.0,Biker,11.0,303.0,303.19960422137757
4458,1,3,42.5,23.5,Pedestrian,9.5,-13.5,16.507574019219177
4458,1,4,34.0,78.5,Pedestrian,1.0,41.5,41.512046444375635
4458,1,6,49.0,693.0,Pedestrian,16.0,656.0,656.1950929411161
4458,1,8,1853.0,271.5,Pedestrian,1820.0,234.5,1835.0450266955304
4458,1,10,217.0,227.5,Pedestrian,184.0,190.5,264.85137341535534
4458,1,11,1856.0,1002.5,Pedestrian,1823.0,965.5,2062.8909932422507
4458,1,16,214.0,190.5,Pedestrian,181.0,153.5,237.3251988306341
4458,1,21,1022.5,1013.5,Pedestrian,989.5,976.5,1390.2023234047626
4458,1,24,731.0,440.0,Pedestrian,698.0,403.0,805.9857318836358
4458,1,27,258.0,207.0,Pedestrian,225.0,170.0,282.00177304407146
4458,1,43,1482.0,770.0,Pedestrian,1449.0,733.0,1623.8503625642359
4458,1,78,1858.5,228.5,Pedestrian,1825.5,191.5,1835.516957154033
4458,1,80,772.5,506.0,Pedestrian,739.5,469.0,875.6833046255936
4458,1,81,37.0,125.0,Biker,4.0,88.0,88.09086218218096
4458,1,82,995.0,986.5,Pedestrian,962.0,949.5,1351.6635121212676
4459,1,2,44.0,340.0,Biker,11.0,303.0,303.19960422137757
4459,1,3,42.5,23.5,Pedestrian,9.5,-13.5,16.507574019219177
4459,1,4,34.0,78.5,Pedestrian,1.0,41.5,41.512046444375635
4459,1,6,49.0,695.0,Pedestrian,16.0,658.0,658.1945001289513
4459,1,8,1853.0,271.5,Pedestrian,1820.0,234.5,1835.0450266955304
4459,1,10,217.0,227.5,Pedestrian,184.0,190.5,264.85137341535534
4459,1,11,1856.0,1002.5,Pedestrian,1823.0,965.5,2062.8909932422507
4459,1,16,214.0,190.5,Pedestrian,181.0,153.5,237.3251988306341
4459,1,21,1022.5,1013.5,Pedestrian,989.5,976.5,1390.2023234047626
4459,1,24,731.0,440.0,Pedestrian,698.0,403.0,805.9857318836358
4459,1,27,258.0,207.0,Pedestrian,225.0,170.0,282.00177304407146
4459,1,43,1482.0,770.0,Pedestrian,1449.0,733.0,1623.8503625642359
4459,1,78,1858.5,228.5,Pedestrian,1825.5,191.5,1835.516957154033
4459,1,80,769.5,506.0,Pedestrian,736.5,469.0,873.1513328169407
4459,1,81,37.0,125.0,Biker,4.0,88.0,88.09086218218096
4459,1,82,995.0,986.5,Pedestrian,962.0,949.5,1351.6635121212676
4460,1,2,44.0,340.0,Biker,11.0,303.0,303.19960422137757
4460,1,3,42.5,23.5,Pedestrian,9.5,-13.5,16.507574019219177
4460,1,4,34.0,78.5,Pedestrian,1.0,41.5,41.512046444375635
4460,1,6,49.0,697.5,Pedestrian,16.0,660.5,660.6937641600683
4460,1,8,1850.5,271.5,Pedestrian,1817.5,234.5,1832.565551351438
4460,1,10,217.0,227.5,Pedestrian,184.0,190.5,264.85137341535534
4460,1,11,1856.0,1002.5,Pedestrian,1823.0,965.5,2062.8909932422507
4460,1,16,214.0,190.5,Pedestrian,181.0,153.5,237.3251988306341
4460,1,21,1022.5,1013.5,Pedestrian,989.5,976.5,1390.2023234047626
4460,1,24,731.0,440.0,Pedestrian,698.0,403.0,805.9857318836358
4460,1,27,258.0,207.0,Pedestrian,225.0,170.0,282.00177304407146
4460,1,43,1482.0,770.0,Pedestrian,1449.0,733.0,1623.8503625642359
4460,1,78,1856.0,228.5,Pedestrian,1823.0,191.5,1833.0306189477578
4460,1,80,769.5,506.0,Pedestrian,736.5,469.0,873.1513328169407
4460,1,81,37.0,125.0,Biker,4.0,88.0,88.09086218218096
4460,1,82,995.0,986.5,Pedestrian,962.0,949.5,1351.6635121212676
4461,1,2,44.0,340.0,Biker,11.0,303.0,303.19960422137757
4461,1,3,42.5,23.5,Pedestrian,9.5,-13.5,16.507574019219177
4461,1,4,34.0,78.5,Pedestrian,1.0,41.5,41.512046444375635
4461,1,6,46.0,697.5,Pedestrian,13.0,660.5,660.6279209963806
4461,1,8,1850.5,271.5,Pedestrian,1817.5,234.5,1832.565551351438
4461,1,10,217.0,227.5,Pedestrian,184.0,190.5,264.85137341535534
4461,1,11,1856.0,1002.5,Pedestrian,1823.0,965.5,2062.8909932422507
4461,1,16,214.0,190.5,Pedestrian,181.0,153.5,237.3251988306341
4461,1,21,1022.5,1013.5,Pedestrian,989.5,976.5,1390.2023234047626
4461,1,24,731.0,440.0,Pedestrian,698.0,403.0,805.9857318836358
4461,1,27,258.0,207.0,Pedestrian,225.0,170.0,282.00177304407146
4461,1,43,1482.0,770.0,Pedestrian,1449.0,733.0,1623.8503625642359
4461,1,78,1856.0,228.5,Pedestrian,1823.0,191.5,1833.0306189477578
4461,1,80,767.0,504.0,Pedestrian,734.0,467.0,869.9683902303577
4461,1,81,37.0,125.0,Biker,4.0,88.0,88.09086218218096
4461,1,82,995.0,986.5,Pedestrian,962.0,949.5,1351.6635121212676
4462,1,2,44.0,340.0,Biker,11.0,303.0,303.19960422137757
4462,1,3,42.5,23.5,Pedestrian,9.5,-13.5,16.507574019219177
4462,1,4,34.0,78.5,Pedestrian,1.0,41.5,41.512046444375635
4462,1,6,46.0,699.5,Pedestrian,13.0,662.5,662.627534894227
4462,1,8,1847.5,271.5,Pedestrian,1814.5,234.5,1829.590254674527
4462,1,10,217.0,227.5,Pedestrian,184.0,190.5,264.85137341535534
4462,1,11,1856.0,1002.5,Pedestrian,1823.0,965.5,2062.8909932422507
4462,1,16,214.0,190.5,Pedestrian,181.0,153.5,237.3251988306341
4462,1,21,1022.5,1013.5,Pedestrian,989.5,976.5,1390.2023234047626
4462,1,24,731.0,440.0,Pedestrian,698.0,403.0,805.9857318836358
4462,1,27,258.0,207.0,Pedestrian,225.0,170.0,282.00177304407146
4462,1,43,1482.0,770.0,Pedestrian,1449.0,733.0,1623.8503625642359
4462,1,78,1853.0,228.5,Pedestrian,1820.0,191.5,1830.0470622363787
4462,1,80,764.0,504.0,Pedestrian,731.0,467.0,867.438758645243
4462,1,81,37.0,122.5,Biker,4.0,85.5,85.59351610957457
4462,1,82,995.0,986.5,Pedestrian,962.0,949.5,1351.6635121212676
4463,1,2,44.0,340.0,Biker,11.0,303.0,303.19960422137757
4463,1,3,42.5,23.5,Pedestrian,9.5,-13.5,16.507574019219177
4463,1,4,34.0,78.5,Pedestrian,1.0,41.5,41.512046444375635
4463,1,6,45.0,702.0,Pedestrian,12.0,665.0,665.108261864187
4463,1,8,1847.5,271.5,Pedestrian,1814.5,234.5,1829.590254674527
4463,1,10,217.0,227.5,Pedestrian,184.0,190.5,264.85137341535534
4463,1,11,1856.0,1002.5,Pedestrian,1823.0,965.5,2062.8909932422507
4463,1,16,214.0,190.5,Pedestrian,181.0,153.5,237.3251988306341
4463,1,21,1022.5,1013.5,Pedestrian,989.5,976.5,1390.2023234047626
4463,1,24,731.0,440.0,Pedestrian,698.0,403.0,805.9857318836358
4463,1,27,258.0,207.0,Pedestrian,225.0,170.0,282.00177304407146
4463,1,43,1482.0,770.0,Pedestrian,1449.0,733.0,1623.8503625642359
4463,1,78,1853.0,228.5,Pedestrian,1820.0,191.5,1830.0470622363787
4463,1,80,764.0,504.0,Pedestrian,731.0,467.0,867.438758645243
4463,1,81,37.0,122.5,Biker,4.0,85.5,85.59351610957457
4463,1,82,995.0,986.5,Pedestrian,962.0,949.5,1351.6635121212676
4464,1,2,44.0,340.0,Biker,11.0,303.0,303.19960422137757
4464,1,3,42.5,23.5,Pedestrian,9.5,-13.5,16.507574019219177
4464,1,4,34.0,78.5,Pedestrian,1.0,41.5,41.512046444375635
4464,1,6,45.0,704.5,Pedestrian,12.0,667.5,667.6078564546706
4464,1,8,1847.5,271.5,Pedestrian,1814.5,234.5,1829.590254674527
4464,1,10,217.0,227.5,Pedestrian,184.0,190.5,264.85137341535534
4464,1,11,1856.0,1002.5,Pedestrian,1823.0,965.5,2062.8909932422507
4464,1,16,214.0,190.5,Pedestrian,181.0,153.5,237.3251988306341
4464,1,21,1022.5,1013.5,Pedestrian,989.5,976.5,1390.2023234047626
4464,1,24,731.0,440.0,Pedestrian,698.0,403.0,805.9857318836358
4464,1,27,258.0,207.0,Pedestrian,225.0,170.0,282.00177304407146
4464,1,43,1482.0,770.0,Pedestrian,1449.0,733.0,1623.8503625642359
4464,1,78,1853.0,228.5,Pedestrian,1820.0,191.5,1830.0470622363787
4464,1,80,761.5,504.0,Pedestrian,728.5,467.0,865.3330283769365
4464,1,81,37.0,122.5,Biker,4.0,85.5,85.59351610957457
4464,1,82,995.0,986.5,Pedestrian,962.0,949.5,1351.6635121212676
4465,1,2,44.0,340.0,Biker,11.0,303.0,303.19960422137757
4465,1,3,42.5,23.5,Pedestrian,9.5,-13.5,16.507574019219177
4465,1,4,34.0,78.5,Pedestrian,1.0,41.5,41.512046444375635
4465,1,6,43.5,706.5,Pedestrian,10.5,669.5,669.582332502882
4465,1,8,1845.0,271.5,Pedestrian,1812.0,234.5,1827.110902490596
4465,1,10,217.0,227.5,Pedestrian,184.0,190.5,264.85137341535534
4465,1,11,1856.0,1002.5,Pedestrian,1823.0,965.5,2062.8909932422507
4465,1,16,214.0,190.5,Pedestrian,181.0,153.5,237.3251988306341
4465,1,21,1022.5,1013.5,Pedestrian,989.5,976.5,1390.2023234047626
4465,1,24,734.0,440.0,Pedestrian,701.0,403.0,808.5851841333725
4465,1,27,258.0,207.0,Pedestrian,225.0,170.0,282.00177304407146
4465,1,43,1482.0,770.0,Pedestrian,1449.0,733.0,1623.8503625642359
4465,1,78,1850.5,228.5,Pedestrian,1817.5,191.5,1827.5608061019475
4465,1,80,758.5,504.0,Pedestrian,725.5,467.0,862.8089301809526
4465,1,81,37.0,122.5,Biker,4.0,85.5,85.59351610957457
4465,1,82,995.0,986.5,Pedestrian,962.0,949.5,1351.6635121212676
4466,1,2,44.0,340.0,Biker,11.0,303.0,303.19960422137757
4466,1,3,42.5,23.5,Pedestrian,9.5,-13.5,16.507574019219177
4466,1,4,34.0,78.5,Pedestrian,1.0,41.5,41.512046444375635
4466,1,6,42.5,706.5,Pedestrian,9.5,669.5,669.5673976531414
4466,1,8,1845.0,271.5,Pedestrian,1812.0,234.5,1827.110902490596
4466,1,10,217.0,227.5,Pedestrian,184.0,190.5,264.85137341535534
4466,1,11,1856.0,1002.5,Pedestrian,1823.0,965.5,2062.8909932422507
4466,1,16,214.0,190.5,Pedestrian,181.0,153.5,237.3251988306341
4466,1,21,1022.5,1013.5,Pedestrian,989.5,976.5,1390.2023234047626
4466,1,24,734.0,440.0,Pedestrian,701.0,403.0,808.5851841333725
4466,1,27,258.0,207.0,Pedestrian,225.0,170.0,282.00177304407146
4466,1,43,1482.0,770.0,Pedestrian,1449.0,733.0,1623.8503625642359
4466,1,78,1850.5,228.5,Pedestrian,1817.5,191.5,1827.5608061019475
4466,1,80,758.5,501.5,Pedestrian,725.5,464.5,861.4583565094716
4466,1,81,37.0,122.5,Biker,4.0,85.5,85.59351610957457
4466,1,82,995.0,986.5,Pedestrian,962.0,949.5,1351.6635121212676
4467,1,2,44.0,340.0,Biker,11.0,303.0,303.19960422137757
4467,1,3,42.5,23.5,Pedestrian,9.5,-13.5,16.507574019219177
4467,1,4,34.0,78.5,Pedestrian,1.0,41.5,41.512046444375635
4467,1,6,41.0,709.0,Pedestrian,8.0,672.0,672.0476173605558
4467,1,8,1842.0,271.5,Pedestrian,1809.0,234.5,1824.1357542683056
4467,1,10,217.0,227.5,Pedestrian,184.0,190.5,264.85137341535534
4467,1,11,1856.0,1002.5,Pedestrian,1823.0,965.5,2062.8909932422507
4467,1,16,214.0,190.5,Pedestrian,181.0,153.5,237.3251988306341
4467,1,21,1022.5,1013.5,Pedestrian,989.5,976.5,1390.2023234047626
4467,1,24,734.0,440.0,Pedestrian,701.0,403.0,808.5851841333725
4467,1,27,258.0,207.0,Pedestrian,225.0,170.0,282.00177304407146
4467,1,43,1482.0,770.0,Pedestrian,1449.0,733.0,1623.8503625642359
4467,1,78,1847.5,228.5,Pedestrian,1814.5,191.5,1824.5773483193307
4467,1,80,756.0,501.5,Pedestrian,723.0,464.5,859.3539724700178
4467,1,81,37.0,121.5,Biker,4.0,84.5,84.59462157844315
4467,1,82,995.0,986.5,Pedestrian,962.0,949.5,1351.6635121212676
4468,1,2,44.0,340.0,Biker,11.0,303.0,303.19960422137757
4468,1,3,42.5,23.5,Pedestrian,9.5,-13.5,16.507574019219177
4468,1,4,34.0,78.5,Pedestrian,1.0,41.5,41.512046444375635
4468,1,6,41.0,711.0,Pedestrian,8.0,674.0,674.047476072717
4468,1,8,1842.0,271.5,Pedestrian,1809.0,234.5,1824.1357542683056
4468,1,10,217.0,227.5,Pedestrian,184.0,190.5,264.85137341535534
4468,1,11,1856.0,1002.5,Pedestrian,1823.0,965.5,2062.8909932422507
4468,1,16,214.0,190.5,Pedestrian,181.0,153.5,237.3251988306341
4468,1,21,1022.5,1013.5,Pedestrian,989.5,976.5,1390.2023234047626
4468,1,24,734.0,440.0,Pedestrian,701.0,403.0,808.5851841333725
4468,1,27,258.0,207.0,Pedestrian,225.0,170.0,282.00177304407146
4468,1,43,1482.0,770.0,Pedestrian,1449.0,733.0,1623.8503625642359
4468,1,78,1847.5,228.5,Pedestrian,1814.5,191.5,1824.5773483193307
4468,1,80,756.0,501.5,Pedestrian,723.0,464.5,859.3539724700178
4468,1,81,37.0,120.0,Biker,4.0,83.0,83.09632964216891
4468,1,82,995.0,986.5,Pedestrian,962.0,949.5,1351.6635121212676
4469,1,2,44.0,340.0,Biker,11.0,303.0,303.19960422137757
4469,1,3,42.5,23.5,Pedestrian,9.5,-13.5,16.507574019219177
4469,1,4,34.0,78.5,Pedestrian,1.0,41.5,41.512046444375635
4469,1,6,39.5,713.5,Pedestrian,6.5,676.5,676.5312261825022
4469,1,8,1839.5,271.5,Pedestrian,1806.5,234.5,1821.656526351771
4469,1,10,217.0,227.5,Pedestrian,184.0,190.5,264.85137341535534
4469,1,11,1856.0,1002.5,Pedestrian,1823.0,965.5,2062.8909932422507
4469,1,16,214.0,190.5,Pedestrian,181.0,153.5,237.3251988306341
4469,1,21,1022.5,1013.5,Pedestrian,989.5,976.5,1390.2023234047626
4469,1,24,734.0,440.0,Pedestrian,701.0,403.0,808.5851841333725
4469,1,27,258.0,207.0,Pedestrian,225.0,170.0,282.00177304407146
4469,1,43,1482.0,770.0,Pedestrian,1449.0,733.0,1623.8503625642359
4469,1,78,1845.0,228.5,Pedestrian,1812.0,191.5,1822.0911749964655
4469,1,80,753.0,501.5,Pedestrian,720.0,464.5,856.8315178610087
4469,1,81,37.0,120.0,Biker,4.0,83.0,83.09632964216891
4469,1,82,995.0,986.5,Pedestrian,962.0,949.5,1351.6635121212676
4470,1,2,44.0,340.0,Biker,11.0,303.0,303.19960422137757
4470,1,3,42.5,23.5,Pedestrian,9.5,-13.5,16.507574019219177
4470,1,4,34.0,78.5,Pedestrian,1.0,41.5,41.512046444375635
4470,1,6,39.5,715.5,Pedestrian,6.5,678.5,678.5311341419788
4470,1,8,1839.5,271.5,Pedestrian,1806.5,234.5,1821.656526351771
4470,1,10,217.0,227.5,Pedestrian,184.0,190.5,264.85137341535534
4470,1,11,1856.0,1002.5,Pedestrian,1823.0,965.5,2062.8909932422507
4470,1,16,214.0,190.5,Pedestrian,181.0,153.5,237.3251988306341
4470,1,21,1022.5,1013.5,Pedestrian,989.5,976.5,1390.2023234047626
4470,1,24,734.0,440.0,Pedestrian,701.0,403.0,808.5851841333725
4470,1,27,258.0,207.0,Pedestrian,225.0,170.0,282.00177304407146
4470,1,43,1482.0,770.0,Pedestrian,1449.0,733.0,1623.8503625642359
4470,1,78,1845.0,228.5,Pedestrian,1812.0,191.5,1822.0911749964655
4470,1,80,750.5,501.5,Pedestrian,717.5,464.5,854.7318292891637
4470,1,81,37.0,120.0,Biker,4.0,83.0,83.09632964216891
4470,1,82,995.0,986.5,Pedestrian,962.0,949.5,1351.6635121212676
4471,1,2,44.0,340.0,Biker,11.0,303.0,303.19960422137757
4471,1,3,42.5,23.5,Pedestrian,9.5,-13.5,16.507574019219177
4471,1,4,34.0,78.5,Pedestrian,1.0,41.5,41.512046444375635
4471,1,6,38.5,715.5,Pedestrian,5.5,678.5,678.5222914540096
4471,1,8,1839.5,273.5,Pedestrian,1806.5,236.5,1821.9150638819583
4471,1,10,217.0,227.5,Pedestrian,184.0,190.5,264.85137341535534
4471,1,11,1856.0,1002.5,Pedestrian,1823.0,965.5,2062.8909932422507
4471,1,16,214.0,190.5,Pedestrian,181.0,153.5,237.3251988306341
4471,1,21,1022.5,1013.5,Pedestrian,989.5,976.5,1390.2023234047626
4471,1,24,734.0,439.0,Pedestrian,701.0,402.0,808.0872477647448
4471,1,27,258.0,207.0,Pedestrian,225.0,170.0,282.00177304407146
4471,1,43,1482.0,770.0,Pedestrian,1449.0,733.0,1623.8503625642359
4471,1,78,1845.0,228.5,Pedestrian,1812.0,191.5,1822.0911749964655
4471,1,80,750.5,501.5,Pedestrian,717.5,464.5,854.7318292891637
4471,1,81,37.0,120.0,Biker,4.0,83.0,83.09632964216891
4471,1,82,995.0,986.5,Pedestrian,962.0,949.5,1351.6635121212676
4472,1,2,44.0,340.0,Biker,11.0,303.0,303.19960422137757
4472,1,3,42.5,23.5,Pedestrian,9.5,-13.5,16.507574019219177
4472,1,4,34.0,78.5,Pedestrian,1.0,41.5,41.512046444375635
4472,1,6,38.5,718.0,Pedestrian,5.5,681.0,681.0222096231518
4472,1,8,1836.5,271.5,Pedestrian,1803.5,234.5,1818.6815279207078
4472,1,10,217.0,227.5,Pedestrian,184.0,190.5,264.85137341535534
4472,1,11,1856.0,1002.5,Pedestrian,1823.0,965.5,2062.8909932422507
4472,1,16,214.0,190.5,Pedestrian,181.0,153.5,237.3251988306341
4472,1,21,1022.5,1013.5,Pedestrian,989.5,976.5,1390.2023234047626
4472,1,24,736.5,439.0,Pedestrian,703.5,402.0,810.2569037040042
4472,1,27,258.0,207.0,Pedestrian,225.0,170.0,282.00177304407146
4472,1,43,1482.0,770.0,Pedestrian,1449.0,733.0,1623.8503625642359
4472,1,78,1842.0,228.5,Pedestrian,1809.0,191.5,1819.107817035593
4472,1,80,747.5,499.0,Pedestrian,714.5,462.0,850.8550111505485
4472,1,81,37.0,120.0,Biker,4.0,83.0,83.09632964216891
4472,1,82,995.0,986.5,Pedestrian,962.0,949.5,1351.6635121212676
4473,1,2,44.0,340.0,Biker,11.0,303.0,303.19960422137757
4473,1,3,42.5,23.5,Pedestrian,9.5,-13.5,16.507574019219177
4473,1,4,34.0,78.5,Pedestrian,1.0,41.5,41.512046444375635
4473,1,6,38.5,718.0,Pedestrian,5.5,681.0,681.0222096231518
4473,1,8,1834.0,271.5,Pedestrian,1801.0,234.5,1816.2024253920597
4473,1,10,217.0,227.5,Pedestrian,184.0,190.5,264.85137341535534
4473,1,11,1856.0,1002.5,Pedestrian,1823.0,965.5,2062.8909932422507
4473,1,16,214.0,190.5,Pedestrian,181.0,153.5,237.3251988306341
4473,1,21,1022.5,1013.5,Pedestrian,989.5,976.5,1390.2023234047626
4473,1,24,736.5,439.0,Pedestrian,703.5,402.0,810.2569037040042
4473,1,27,258.0,207.0,Pedestrian,225.0,170.0,282.00177304407146
4473,1,43,1482.0,770.0,Pedestrian,1449.0,733.0,1623.8503625642359
4473,1,78,1839.5,228.5,Pedestrian,1806.5,191.5,1816.621727272907
4473,1,80,745.0,499.0,Pedestrian,712.0,462.0,848.7567378230349
4473,1,81,37.0,118.0,Biker,4.0,81.0,81.09870529176159
4473,1,82,995.0,986.5,Pedestrian,962.0,949.5,1351.6635121212676
4474,1,2,44.0,340.0,Biker,11.0,303.0,303.19960422137757
4474,1,3,42.5,23.5,Pedestrian,9.5,-13.5,16.507574019219177
4474,1,4,34.0,78.5,Pedestrian,1.0,41.5,41.512046444375635
4474,1,6,38.5,720.0,Pedestrian,5.5,683.0,683.0221445897637
4474,1,8,1834.0,271.5,Pedestrian,1801.0,234.5,1816.2024253920597
4474,1,10,217.0,227.5,Pedestrian,184.0,190.5,264.85137341535534
4474,1,11,1856.0,1002.5,Pedestrian,1823.0,965.5,2062.8909932422507
4474,1,16,214.0,190.5,Pedestrian,181.0,153.5,237.3251988306341
4474,1,21,1022.5,1013.5,Pedestrian,989.5,976.5,1390.2023234047626
4474,1,24,736.5,439.0,Pedestrian,703.5,402.0,810.2569037040042
4474,1,27,258.0,207.0,Pedestrian,225.0,170.0,282.00177304407146
4474,1,43,1482.0,770.0,Pedestrian,1449.0,733.0,1623.8503625642359
4474,1,78,1839.5,228.5,Pedestrian,1806.5,191.5,1816.621727272907
4474,1,80,745.0,499.0,Pedestrian,712.0,462.0,848.7567378230349
4474,1,81,37.0,118.0,Biker,4.0,81.0,81.09870529176159
4474,1,82,995.0,986.5,Pedestrian,962.0,949.5,1351.6635121212676
4475,1,2,44.0,340.0,Biker,11.0,303.0,303.19960422137757
4475,1,3,42.5,23.5,Pedestrian,9.5,-13.5,16.507574019219177
4475,1,4,34.0,78.5,Pedestrian,1.0,41.5,41.512046444375635
4475,1,6,38.5,720.0,Pedestrian,5.5,683.0,683.0221445897637
4475,1,8,1831.0,271.5,Pedestrian,1798.0,234.5,1813.2275781048556
4475,1,10,217.0,227.5,Pedestrian,184.0,190.5,264.85137341535534
4475,1,11,1856.0,1002.5,Pedestrian,1823.0,965.5,2062.8909932422507
4475,1,16,214.0,190.5,Pedestrian,181.0,153.5,237.3251988306341
4475,1,21,1022.5,1013.5,Pedestrian,989.5,976.5,1390.2023234047626
4475,1,24,736.5,439.0,Pedestrian,703.5,402.0,810.2569037040042
4475,1,27,258.0,207.0,Pedestrian,225.0,170.0,282.00177304407146
4475,1,43,1482.0,770.0,Pedestrian,1449.0,733.0,1623.8503625642359
4475,1,78,1836.5,228.5,Pedestrian,1803.5,191.5,1813.63847003751
4475,1,80,742.0,499.0,Pedestrian,709.0,462.0,846.2416912442923
4475,1,81,37.0,118.0,Biker,4.0,81.0,81.09870529176159
4475,1,82,995.0,986.5,Pedestrian,962.0,949.5,1351.6635121212676
4476,1,2,44.0,340.0,Biker,11.0,303.0,303.19960422137757
4476,1,3,42.5,23.5,Pedestrian,9.5,-13.5,16.507574019219177
4476,1,4,34.0,78.5,Pedestrian,1.0,41.5,41.512046444375635
4476,1,6,37.0,722.5,Pedestrian,4.0,685.5,685.5116702143006
4476,1,8,1831.0,271.5,Pedestrian,1798.0,234.5,1813.2275781048556
4476,1,10,217.0,227.5,Pedestrian,184.0,190.5,264.85137341535534
4476,1,11,1856.0,1002.5,Pedestrian,1823.0,965.5,2062.8909932422507
4476,1,16,214.0,190.5,Pedestrian,181.0,153.5,237.3251988306341
4476,1,21,1022.5,1013.5,Pedestrian,989.5,976.5,1390.2023234047626
4476,1,24,736.5,438.0,Pedestrian,703.5,401.0,809.7612302401245
4476,1,27,258.0,207.0,Pedestrian,225.0,170.0,282.00177304407146
4476,1,43,1482.0,770.0,Pedestrian,1449.0,733.0,1623.8503625642359
4476,1,78,1834.0,228.5,Pedestrian,1801.0,191.5,1811.1524645926415
4476,1,80,742.0,499.0,Pedestrian,709.0,462.0,846.2416912442923
4476,1,81,37.0,118.0,Biker,4.0,81.0,81.09870529176159
4476,1,82,995.0,986.5,Pedestrian,962.0,949.5,1351.6635121212676
4477,1,2,44.0,340.0,Biker,11.0,303.0,303.19960422137757
4477,1,3,42.5,23.5,Pedestrian,9.5,-13.5,16.507574019219177
4477,1,4,34.0,78.5,Pedestrian,1.0,41.5,41.512046444375635
4477,1,6,37.0,722.5,Pedestrian,4.0,685.5,685.5116702143006
4477,1,8,1828.5,271.5,Pedestrian,1795.5,234.5,1810.7486020980384
4477,1,10,217.0,227.5,Pedestrian,184.0,190.5,264.85137341535534
4477,1,11,1856.0,1002.5,Pedestrian,1823.0,965.5,2062.8909932422507
4477,1,16,214.0,190.5,Pedestrian,181.0,153.5,237.3251988306341
4477,1,21,1022.5,1013.5,Pedestrian,989.5,976.5,1390.2023234047626
4477,1,24,736.5,438.0,Pedestrian,703.5,401.0,809.7612302401245
4477,1,27,258.0,207.0,Pedestrian,225.0,170.0,282.00177304407146
4477,1,43,1482.0,770.0,Pedestrian,1449.0,733.0,1623.8503625642359
4477,1,78,1834.0,228.5,Pedestrian,1801.0,191.5,1811.1524645926415
4477,1,80,739.5,499.0,Pedestrian,706.5,462.0,844.1482393513594
4477,1,81,37.0,118.0,Biker,4.0,81.0,81.09870529176159
4477,1,82,995.0,986.5,Pedestrian,962.0,949.5,1351.6635121212676
4478,1,2,44.0,340.0,Biker,11.0,303.0,303.19960422137757
4478,1,3,42.5,23.5,Pedestrian,9.5,-13.5,16.507574019219177
4478,1,4,34.0,78.5,Pedestrian,1.0,41.5,41.512046444375635
4478,1,6,37.0,724.5,Pedestrian,4.0,687.5,687.5116362651617
4478,1,8,1828.5,271.5,Pedestrian,1795.5,234.5,1810.7486020980384
4478,1,10,215.5,227.5,Pedestrian,182.5,190.5,263.81148572418147
4478,1,11,1856.0,1002.5,Pedestrian,1823.0,965.5,2062.8909932422507
4478,1,16,214.0,190.5,Pedestrian,181.0,153.5,237.3251988306341
4478,1,21,1022.5,1013.5,Pedestrian,989.5,976.5,1390.2023234047626
4478,1,24,736.5,438.0,Pedestrian,703.5,401.0,809.7612302401245
4478,1,27,258.0,207.0,Pedestrian,225.0,170.0,282.00177304407146
4478,1,43,1482.0,770.0,Pedestrian,1449.0,733.0,1623.8503625642359
4478,1,78,1831.0,228.5,Pedestrian,1798.0,191.5,1808.1693089973626
4478,1,80,736.5,497.0,Pedestrian,703.5,460.0,840.5428305565398
4478,1,81,37.0,116.5,Biker,4.0,79.5,79.60056532462568
4478,1,82,995.0,986.5,Pedestrian,962.0,949.5,1351.6635121212676
4479,1,2,44.0,340.0,Biker,11.0,303.0,303.19960422137757
4479,1,3,42.5,23.5,Pedestrian,9.5,-13.5,16.507574019219177
4479,1,4,34.0,78.5,Pedestrian,1.0,41.5,41.512046444375635
4479,1,6,37.0,724.5,Pedestrian,4.0,687.5,687.5116362651617
4479,1,8,1825.5,271.5,Pedestrian,1792.5,234.5,1807.77390732359
4479,1,10,215.5,227.5,Pedestrian,182.5,190.5,263.81148572418147
4479,1,11,1856.0,1002.5,Pedestrian,1823.0,965.5,2062.8909932422507
4479,1,16,214.0,190.5,Pedestrian,181.0,153.5,237.3251988306341
4479,1,21,1022.5,1013.5,Pedestrian,989.5,976.5,1390.2023234047626
4479,1,24,739.5,438.0,Pedestrian,706.5,401.0,812.3689125021956
4479,1,27,258.0,207.0,Pedestrian,225.0,170.0,282.00177304407146
4479,1,43,1482.0,770.0,Pedestrian,1449.0,733.0,1623.8503625642359
4479,1,78,1831.0,228.5,Pedestrian,1798.0,191.5,1808.1693089973626
4479,1,80,736.5,497.0,Pedestrian,703.5,460.0,840.5428305565398
4479,1,81,37.0,115.5,Biker,4.0,78.5,78.60184476206649
4479,1,82,995.0,986.5,Pedestrian,962.0,949.5,1351.6635121212676
4480,1,2,44.0,340.0,Biker,11.0,303.0,303.19960422137757
4480,1,3,42.5,23.5,Pedestrian,9.5,-13.5,16.507574019219177
4480,1,4,34.0,78.5,Pedestrian,1.0,41.5,41.512046444375635
4480,1,6,37.0,727.0,Pedestrian,4.0,690.0,690.0115941054904
4480,1,8,1825.5,271.5,Pedestrian,1792.5,234.5,1807.77390732359
4480,1,10,215.5,227.5,Pedestrian,182.5,190.5,263.81148572418147
4480,1,11,1856.0,1002.5,Pedestrian,1823.0,965.5,2062.8909932422507
4480,1,16,214.0,190.5,Pedestrian,181.0,153.5,237.3251988306341
4480,1,21,1022.5,1013.5,Pedestrian,989.5,976.5,1390.2023234047626
4480,1,24,739.5,438.0,Pedestrian,706.5,401.0,812.3689125021956
4480,1,27,258.0,207.0,Pedestrian,225.0,170.0,282.00177304407146
4480,1,43,1482.0,770.0,Pedestrian,1449.0,733.0,1623.8503625642359
4480,1,78,1828.5,228.5,Pedestrian,1795.5,191.5,1805.683388637111
4480,1,80,734.0,497.0,Pedestrian,701.0,460.0,838.4515489877755
4480,1,81,37.0,115.5,Biker,4.0,78.5,78.60184476206649
4480,1,82,995.0,986.5,Pedestrian,962.0,949.5,1351.6635121212676
4481,1,2,44.0,340.0,Biker,11.0,303.0,303.19960422137757
4481,1,3,42.5,23.5,Pedestrian,9.5,-13.5,16.507574019219177
4481,1,4,34.0,78.5,Pedestrian,1.0,41.5,41.512046444375635
4481,1,6,35.5,729.5,Pedestrian,2.5,692.5,692.504512620676
4481,1,8,1823.0,271.5,Pedestrian,1790.0,234.5,1805.2950589862035
4481,1,10,215.5,227.5,Pedestrian,182.5,190.5,263.81148572418147
4481,1,11,1856.0,1002.5,Pedestrian,1823.0,965.5,2062.8909932422507
4481,1,16,214.0,190.5,Pedestrian,181.0,153.5,237.3251988306341
4481,1,21,1022.5,1013.5,Pedestrian,989.5,976.5,1390.2023234047626
4481,1,24,739.5,438.0,Pedestrian,706.5,401.0,812.3689125021956
4481,1,27,258.0,207.0,Pedestrian,225.0,170.0,282.00177304407146
4481,1,43,1482.0,770.0,Pedestrian,1449.0,733.0,1623.8503625642359
4481,1,78,1825.5,228.5,Pedestrian,1792.5,191.5,1802.7003356076684
4481,1,80,731.0,497.0,Pedestrian,698.0,460.0,835.944974265651
4481,1,81,37.0,115.5,Biker,4.0,78.5,78.60184476206649
4481,1,82,995.0,986.5,Pedestrian,962.0,949.5,1351.6635121212676
4482,1,2,44.0,340.0,Biker,11.0,303.0,303.19960422137757
4482,1,3,42.5,23.5,Pedestrian,9.5,-13.5,16.507574019219177
4482,1,4,34.0,78.5,Pedestrian,1.0,41.5,41.512046444375635
4482,1,6,35.5,729.5,Pedestrian,2.5,692.5,692.504512620676
4482,1,8,1820.0,271.5,Pedestrian,1787.0,234.5,1802.3205181099172
4482,1,10,215.5,227.5,Pedestrian,182.5,190.5,263.81148572418147
4482,1,11,1856.0,1002.5,Pedestrian,1823.0,965.5,2062.8909932422507
4482,1,16,214.0,190.5,Pedestrian,181.0,153.5,237.3251988306341
4482,1,21,1022.5,1013.5,Pedestrian,989.5,976.5,1390.2023234047626
4482,1,24,739.5,438.0,Pedestrian,706.5,401.0,812.3689125021956
4482,1,27,258.0,207.0,Pedestrian,225.0,170.0,282.00177304407146
4482,1,43,1482.0,770.0,Pedestrian,1449.0,733.0,1623.8503625642359
4482,1,78,1825.5,228.5,Pedestrian,1792.5,191.5,1802.7003356076684
4482,1,80,731.0,497.0,Pedestrian,698.0,460.0,835.944974265651
4482,1,81,37.0,115.5,Biker,4.0,78.5,78.60184476206649
4482,1,82,995.0,986.5,Pedestrian,962.0,949.5,1351.6635121212676
4483,1,2,44.0,340.0,Biker,11.0,303.0,303.19960422137757
4483,1,3,42.5,23.5,Pedestrian,9.5,-13.5,16.507574019219177
4483,1,4,34.0,78.5,Pedestrian,1.0,41.5,41.512046444375635
4483,1,6,35.5,731.5,Pedestrian,2.5,694.5,694.5044996254524
4483,1,8,1820.0,271.5,Pedestrian,1787.0,234.5,1802.3205181099172
4483,1,10,215.5,227.5,Pedestrian,182.5,190.5,263.81148572418147
4483,1,11,1856.0,1002.5,Pedestrian,1823.0,965.5,2062.8909932422507
4483,1,16,214.0,190.5,Pedestrian,181.0,153.5,237.3251988306341
4483,1,21,1022.5,1013.5,Pedestrian,989.5,976.5,1390.2023234047626
4483,1,24,739.5,438.0,Pedestrian,706.5,401.0,812.3689125021956
4483,1,27,258.0,207.0,Pedestrian,225.0,170.0,282.00177304407146
4483,1,43,1482.0,770.0,Pedestrian,1449.0,733.0,1623.8503625642359
4483,1,78,1823.0,228.5,Pedestrian,1790.0,191.5,1800.2145011081318
4483,1,80,728.5,495.0,Pedestrian,695.5,458.0,832.7570173826216
4483,1,81,37.0,115.5,Biker,4.0,78.5,78.60184476206649
4483,1,82,995.0,986.5,Pedestrian,962.0,949.5,1351.6635121212676
4484,1,2,44.0,340.0,Biker,11.0,303.0,303.19960422137757
4484,1,3,42.5,23.5,Pedestrian,9.5,-13.5,16.507574019219177
4484,1,4,34.0,78.5,Pedestrian,1.0,41.5,41.512046444375635
4484,1,6,35.5,731.5,Pedestrian,2.5,694.5,694.5044996254524
4484,1,8,1817.5,271.5,Pedestrian,1784.5,234.5,1799.8417986034217
4484,1,10,215.5,227.5,Pedestrian,182.5,190.5,263.81148572418147
4484,1,11,1856.0,1002.5,Pedestrian,1823.0,965.5,2062.8909932422507
4484,1,16,214.0,190.5,Pedestrian,181.0,153.5,237.3251988306341
4484,1,21,1022.5,1013.5,Pedestrian,989.5,976.5,1390.2023234047626
4484,1,24,739.5,438.0,Pedestrian,706.5,401.0,812.3689125021956
4484,1,27,258.0,207.0,Pedestrian,225.0,170.0,282.00177304407146
4484,1,43,1482.0,770.0,Pedestrian,1449.0,733.0,1623.8503625642359
4484,1,78,1820.0,228.5,Pedestrian,1787.0,191.5,1797.2315515814873
4484,1,80,728.5,495.0,Pedestrian,695.5,458.0,832.7570173826216
4484,1,81,37.0,113.5,Biker,4.0,76.5,76.60450378404654
4484,1,82,995.0,986.5,Pedestrian,962.0,949.5,1351.6635121212676
4485,1,2,44.0,340.0,Biker,11.0,303.0,303.19960422137757
4485,1,3,42.5,23.5,Pedestrian,9.5,-13.5,16.507574019219177
4485,1,4,34.0,78.5,Pedestrian,1.0,41.5,41.512046444375635
4485,1,6,35.5,734.0,Pedestrian,2.5,697.0,697.0044834862972
4485,1,8,1817.5,271.5,Pedestrian,1784.5,234.5,1799.8417986034217
4485,1,10,215.5,227.5,Pedestrian,182.5,190.5,263.81148572418147
4485,1,11,1856.0,1002.5,Pedestrian,1823.0,965.5,2062.8909932422507
4485,1,16,214.0,190.5,Pedestrian,181.0,153.5,237.3251988306341
4485,1,21,1022.5,1013.5,Pedestrian,989.5,976.5,1390.2023234047626
4485,1,24,739.5,438.0,Pedestrian,706.5,401.0,812.3689125021956
4485,1,27,258.0,207.0,Pedestrian,225.0,170.0,282.00177304407146
4485,1,43,1482.0,770.0,Pedestrian,1449.0,733.0,1623.8503625642359
4485,1,78,1820.0,228.5,Pedestrian,1787.0,191.5,1797.2315515814873
4485,1,80,725.5,495.0,Pedestrian,692.5,458.0,830.2531240531408
4485,1,81,37.0,113.5,Biker,4.0,76.5,76.60450378404654
4485,1,82,995.0,986.5,Pedestrian,962.0,949.5,1351.6635121212676
4486,1,2,44.0,340.0,Biker,11.0,303.0,303.19960422137757
4486,1,3,42.5,23.5,Pedestrian,9.5,-13.5,16.507574019219177
4486,1,4,34.0,78.5,Pedestrian,1.0,41.5,41.512046444375635
4486,1,6,34.0,734.0,Pedestrian,1.0,697.0,697.0007173597456
4486,1,8,1814.5,271.5,Pedestrian,1781.5,234.5,1796.867413027461
4486,1,10,215.5,227.5,Pedestrian,182.5,190.5,263.81148572418147
4486,1,11,1856.0,1002.5,Pedestrian,1823.0,965.5,2062.8909932422507
4486,1,16,214.0,190.5,Pedestrian,181.0,153.5,237.3251988306341
4486,1,21,1022.5,1013.5,Pedestrian,989.5,976.5,1390.2023234047626
4486,1,24,742.0,438.0,Pedestrian,709.0,401.0,814.5440442357921
4486,1,27,258.0,207.0,Pedestrian,225.0,170.0,282.00177304407146
4486,1,43,1482.0,770.0,Pedestrian,1449.0,733.0,1623.8503625642359
4486,1,78,1817.5,228.5,Pedestrian,1784.5,191.5,1794.745803728205
4486,1,80,723.0,495.0,Pedestrian,690.0,458.0,828.1690648653812
4486,1,81,37.0,113.5,Biker,4.0,76.5,76.60450378404654
4486,1,82,995.0,986.5,Pedestrian,962.0,949.5,1351.6635121212676
4487,1,2,44.0,340.0,Biker,11.0,303.0,303.19960422137757
4487,1,3,42.5,23.5,Pedestrian,9.5,-13.5,16.507574019219177
4487,1,4,34.0,78.5,Pedestrian,1.0,41.5,41.512046444375635
4487,1,6,34.0,736.0,Pedestrian,1.0,699.0,699.0007153072163
4487,1,8,1814.5,271.5,Pedestrian,1781.5,234.5,1796.867413027461
4487,1,10,215.5,227.5,Pedestrian,182.5,190.5,263.81148572418147
4487,1,11,1856.0,1002.5,Pedestrian,1823.0,965.5,2062.8909932422507
4487,1,16,214.0,190.5,Pedestrian,181.0,153.5,237.3251988306341
4487,1,21,1022.5,1013.5,Pedestrian,989.5,976.5,1390.2023234047626
4487,1,24,742.0,438.0,Pedestrian,709.0,401.0,814.5440442357921
4487,1,27,258.0,207.0,Pedestrian,225.0,170.0,282.00177304407146
4487,1,43,1482.0,770.0,Pedestrian,1449.0,733.0,1623.8503625642359
4487,1,78,1817.5,228.5,Pedestrian,1784.5,191.5,1794.745803728205
4487,1,80,723.0,495.0,Pedestrian,690.0,458.0,828.1690648653812
4487,1,81,37.0,113.5,Biker,4.0,76.5,76.60450378404654
4487,1,82,995.0,986.5,Pedestrian,962.0,949.5,1351.6635121212676
4488,1,2,44.0,340.0,Biker,11.0,303.0,303.19960422137757
4488,1,3,42.5,23.5,Pedestrian,9.5,-13.5,16.507574019219177
4488,1,4,34.0,78.5,Pedestrian,1.0,41.5,41.512046444375635
4488,1,6,34.0,736.0,Pedestrian,1.0,699.0,699.0007153072163
4488,1,8,1812.0,271.5,Pedestrian,1779.0,234.5,1794.388823527387
4488,1,10,215.5,227.5,Pedestrian,182.5,190.5,263.81148572418147
4488,1,11,1856.0,1002.5,Pedestrian,1823.0,965.5,2062.8909932422507
4488,1,16,214.0,190.5,Pedestrian,181.0,153.5,237.3251988306341
4488,1,21,1022.5,1013.5,Pedestrian,989.5,976.5,1390.2023234047626
4488,1,24,742.0,438.0,Pedestrian,709.0,401.0,814.5440442357921
4488,1,27,258.0,207.0,Pedestrian,225.0,170.0,282.00177304407146
4488,1,43,1482.0,770.0,Pedestrian,1449.0,733.0,1623.8503625642359
4488,1,78,1814.5,228.5,Pedestrian,1781.5,191.5,1791.7629586527344
4488,1,80,720.0,495.0,Pedestrian,687.0,458.0,825.6712420812536
4488,1,81,37.0,113.5,Biker,4.0,76.5,76.60450378404654
4488,1,82,995.0,986.5,Pedestrian,962.0,949.5,1351.6635121212676
4489,1,2,44.0,340.0,Biker,11.0,303.0,303.19960422137757
4489,1,3,42.5,23.5,Pedestrian,9.5,-13.5,16.507574019219177
4489,1,4,34.0,78.5,Pedestrian,1.0,41.5,41.512046444375635
4489,1,6,34.0,738.5,Pedestrian,1.0,701.5,701.5007127580128
4489,1,8,1812.0,271.5,Pedestrian,1779.0,234.5,1794.388823527387
4489,1,10,215.5,227.5,Pedestrian,182.5,190.5,263.81148572418147
4489,1,11,1856.0,1002.5,Pedestrian,1823.0,965.5,2062.8909932422507
4489,1,16,214.0,190.5,Pedestrian,181.0,153.5,237.3251988306341
4489,1,21,1022.5,1013.5,Pedestrian,989.5,976.5,1390.2023234047626
4489,1,24,742.0,438.0,Pedestrian,709.0,401.0,814.5440442357921
4489,1,27,258.0,207.0,Pedestrian,225.0,170.0,282.00177304407146
4489,1,43,1482.0,770.0,Pedestrian,1449.0,733.0,1623.8503625642359
4489,1,78,1812.0,228.5,Pedestrian,1779.0,191.5,1789.277298240829
4489,1,80,717.5,492.5,Pedestrian,684.5,455.5,822.2046582208106
4489,1,81,37.0,112.5,Biker,4.0,75.5,75.60588601425157
4489,1,82,995.0,986.5,Pedestrian,962.0,949.5,1351.6635121212676
4490,1,2,44.0,340.0,Biker,11.0,303.0,303.19960422137757
4490,1,3,42.5,23.5,Pedestrian,9.5,-13.5,16.507574019219177
4490,1,4,34.0,78.5,Pedestrian,1.0,41.5,41.512046444375635
4490,1,6,34.0,740.5,Pedestrian,1.0,703.5,703.500710731695
4490,1,8,1809.0,271.5,Pedestrian,1776.0,234.5,1791.4145946709266
4490,1,10,215.5,227.5,Pedestrian,182.5,190.5,263.81148572418147
4490,1,11,1856.0,1002.5,Pedestrian,1823.0,965.5,2062.8909932422507
4490,1,16,214.0,190.5,Pedestrian,181.0,153.5,237.3251988306341
4490,1,21,1022.5,1013.5,Pedestrian,989.5,976.5,1390.2023234047626
4490,1,24,742.0,438.0,Pedestrian,709.0,401.0,814.5440442357921
4490,1,27,258.0,207.0,Pedestrian,225.0,170.0,282.00177304407146
4490,1,43,1482.0,770.0,Pedestrian,1449.0,733.0,1623.8503625642359
4490,1,78,1812.0,228.5,Pedestrian,1779.0,191.5,1789.277298240829
4490,1,80,717.5,492.5,Pedestrian,684.5,455.5,822.2046582208106
4490,1,81,37.0,111.0,Biker,4.0,74.0,74.10802925459562
4490,1,82,995.0,986.5,Pedestrian,962.0,949.5,1351.6635121212676
4491,1,2,44.0,340.0,Biker,11.0,303.0,303.19960422137757
4491,1,3,42.5,23.5,Pedestrian,9.5,-13.5,16.507574019219177
4491,1,4,34.0,78.5,Pedestrian,1.0,41.5,41.512046444375635
4491,1,6,34.0,740.5,Pedestrian,1.0,703.5,703.500710731695
4491,1,8,1809.0,271.5,Pedestrian,1776.0,234.5,1791.4145946709266
4491,1,10,215.5,227.5,Pedestrian,182.5,190.5,263.81148572418147
4491,1,11,1856.0,1002.5,Pedestrian,1823.0,965.5,2062.8909932422507
4491,1,16,214.0,190.5,Pedestrian,181.0,153.5,237.3251988306341
4491,1,21,1022.5,1013.5,Pedestrian,989.5,976.5,1390.2023234047626
4491,1,24,742.0,438.0,Pedestrian,709.0,401.0,814.5440442357921
4491,1,27,258.0,207.0,Pedestrian,225.0,170.0,282.00177304407146
4491,1,43,1482.0,770.0,Pedestrian,1449.0,733.0,1623.8503625642359
4491,1,78,1809.0,228.5,Pedestrian,1776.0,191.5,1786.2945585764965
4491,1,80,714.5,492.5,Pedestrian,681.5,455.5,819.7087897540199
4491,1,81,37.0,111.0,Biker,4.0,74.0,74.10802925459562
4491,1,82,995.0,986.5,Pedestrian,962.0,949.5,1351.6635121212676
4492,1,2,44.0,340.0,Biker,11.0,303.0,303.19960422137757
4492,1,3,42.5,23.5,Pedestrian,9.5,-13.5,16.507574019219177
4492,1,4,34.0,78.5,Pedestrian,1.0,41.5,41.512046444375635
4492,1,6,34.0,740.5,Pedestrian,1.0,703.5,703.500710731695
4492,1,8,1806.5,271.5,Pedestrian,1773.5,234.5,1788.9361363670866
4492,1,10,215.5,227.5,Pedestrian,182.5,190.5,263.81148572418147
4492,1,11,1856.0,1002.5,Pedestrian,1823.0,965.5,2062.8909932422507
4492,1,16,214.0,190.5,Pedestrian,181.0,153.5,237.3251988306341
4492,1,21,1022.5,1013.5,Pedestrian,989.5,976.5,1390.2023234047626
4492,1,24,742.0,438.0,Pedestrian,709.0,401.0,814.5440442357921
4492,1,27,258.0,207.0,Pedestrian,225.0,170.0,282.00177304407146
4492,1,43,1482.0,770.0,Pedestrian,1449.0,733.0,1623.8503625642359
4492,1,78,1806.5,228.5,Pedestrian,1773.5,191.5,1783.8089864108208
4492,1,80,714.5,492.5,Pedestrian,681.5,455.5,819.7087897540199
4492,1,81,37.0,111.0,Biker,4.0,74.0,74.10802925459562
4492,1,82,995.0,986.5,Pedestrian,962.0,949.5,1351.6635121212676
4493,1,2,44.0,340.0,Biker,11.0,303.0,303.19960422137757
4493,1,3,42.5,23.5,Pedestrian,9.5,-13.5,16.507574019219177
4493,1,4,34.0,78.5,Pedestrian,1.0,41.5,41.512046444375635
4493,1,6,34.0,740.5,Pedestrian,1.0,703.5,703.500710731695
4493,1,8,1803.5,271.5,Pedestrian,1770.5,234.5,1785.9620656665695
4493,1,10,215.5,227.5,Pedestrian,182.5,190.5,263.81148572418147
4493,1,11,1856.0,1002.5,Pedestrian,1823.0,965.5,2062.8909932422507
4493,1,16,214.0,190.5,Pedestrian,181.0,153.5,237.3251988306341
4493,1,21,1022.5,1013.5,Pedestrian,989.5,976.5,1390.2023234047626
4493,1,24,745.0,438.0,Pedestrian,712.0,401.0,817.1566557276518
4493,1,27,258.0,207.0,Pedestrian,225.0,170.0,282.00177304407146
4493,1,43,1482.0,770.0,Pedestrian,1449.0,733.0,1623.8503625642359
4493,1,78,1806.5,228.5,Pedestrian,1773.5,191.5,1783.8089864108208
4493,1,80,712.0,492.5,Pedestrian,679.0,455.5,817.6314878965951
4493,1,81,37.0,111.0,Biker,4.0,74.0,74.10802925459562
4493,1,82,995.0,986.5,Pedestrian,962.0,949.5,1351.6635121212676
4494,1,2,44.0,340.0,Biker,11.0,303.0,303.19960422137757
4494,1,3,42.5,23.5,Pedestrian,9.5,-13.5,16.507574019219177
4494,1,4,34.0,78.5,Pedestrian,1.0,41.5,41.512046444375635
4494,1,6,34.0,740.5,Pedestrian,1.0,703.5,703.500710731695
4494,1,8,1803.5,271.5,Pedestrian,1770.5,234.5,1785.9620656665695
4494,1,10,215.5,227.5,Pedestrian,182.5,190.5,263.81148572418147
4494,1,11,1856.0,1002.5,Pedestrian,1823.0,965.5,2062.8909932422507
4494,1,16,214.0,190.5,Pedestrian,181.0,153.5,237.3251988306341
4494,1,21,1022.5,1013.5,Pedestrian,989.5,976.5,1390.2023234047626
4494,1,24,745.0,438.0,Pedestrian,712.0,401.0,817.1566557276518
4494,1,27,258.0,207.0,Pedestrian,225.0,170.0,282.00177304407146
4494,1,43,1482.0,770.0,Pedestrian,1449.0,733.0,1623.8503625642359
4494,1,78,1803.5,228.5,Pedestrian,1770.5,191.5,1780.8263531293555
4494,1,80,709.0,492.5,Pedestrian,676.0,455.5,815.1418588196781
4494,1,81,37.0,111.0,Biker,4.0,74.0,74.10802925459562
4494,1,82,995.0,986.5,Pedestrian,962.0,949.5,1351.6635121212676
4495,1,2,44.0,340.0,Biker,11.0,303.0,303.19960422137757
4495,1,3,42.5,23.5,Pedestrian,9.5,-13.5,16.507574019219177
4495,1,4,34.0,78.5,Pedestrian,1.0,41.5,41.512046444375635
4495,1,6,34.0,740.5,Pedestrian,1.0,703.5,703.500710731695
4495,1,8,1801.0,271.5,Pedestrian,1768.0,234.5,1783.4837397632757
4495,1,10,215.5,227.5,Pedestrian,182.5,190.5,263.81148572418147
4495,1,11,1856.0,1002.5,Pedestrian,1823.0,965.5,2062.8909932422507
4495,1,16,214.0,190.5,Pedestrian,181.0,153.5,237.3251988306341
4495,1,21,1022.5,1013.5,Pedestrian,989.5,976.5,1390.2023234047626
4495,1,24,745.0,438.0,Pedestrian,712.0,401.0,817.1566557276518
4495,1,27,258.0,207.0,Pedestrian,225.0,170.0,282.00177304407146
4495,1,43,1482.0,770.0,Pedestrian,1449.0,733.0,1623.8503625642359
4495,1,78,1803.5,228.5,Pedestrian,1770.5,191.5,1780.8263531293555
4495,1,80,709.0,490.0,Pedestrian,676.0,453.0,813.7475038364173
4495,1,81,37.0,109.0,Biker,4.0,72.0,72.11102550927978
4495,1,82,995.0,986.5,Pedestrian,962.0,949.5,1351.6635121212676
4496,1,2,44.0,340.0,Biker,11.0,303.0,303.19960422137757
4496,1,3,42.5,23.5,Pedestrian,9.5,-13.5,16.507574019219177
4496,1,4,34.0,78.5,Pedestrian,1.0,41.5,41.512046444375635
4496,1,6,34.0,740.5,Pedestrian,1.0,703.5,703.500710731695
4496,1,8,1801.0,271.5,Pedestrian,1768.0,234.5,1783.4837397632757
4496,1,10,215.5,227.5,Pedestrian,182.5,190.5,263.81148572418147
4496,1,11,1856.0,1002.5,Pedestrian,1823.0,965.5,2062.8909932422507
4496,1,16,214.0,190.5,Pedestrian,181.0,153.5,237.3251988306341
4496,1,21,1022.5,1013.5,Pedestrian,989.5,976.5,1390.2023234047626
4496,1,24,745.0,438.0,Pedestrian,712.0,401.0,817.1566557276518
4496,1,27,258.0,207.0,Pedestrian,225.0,170.0,282.00177304407146
4496,1,43,1482.0,770.0,Pedestrian,1449.0,733.0,1623.8503625642359
4496,1,78,1801.0,228.5,Pedestrian,1768.0,191.5,1778.3408700246418
4496,1,80,706.5,490.0,Pedestrian,673.5,453.0,811.6718856779505
4496,1,81,37.0,109.0,Biker,4.0,72.0,72.11102550927978
4496,1,82,995.0,986.5,Pedestrian,962.0,949.5,1351.6635121212676
4497,1,2,44.0,340.0,Biker,11.0,303.0,303.19960422137757
4497,1,3,42.5,23.5,Pedestrian,9.5,-13.5,16.507574019219177
4497,1,4,34.0,78.5,Pedestrian,1.0,41.5,41.512046444375635
4497,1,6,34.0,740.5,Pedestrian,1.0,703.5,703.500710731695
4497,1,8,1798.0,271.5,Pedestrian,1765.0,234.5,1780.5098286726754
4497,1,10,215.5,227.5,Pedestrian,182.5,190.5,263.81148572418147
4497,1,11,1856.0,1002.5,Pedestrian,1823.0,965.5,2062.8909932422507
4497,1,16,214.0,190.5,Pedestrian,181.0,153.5,237.3251988306341
4497,1,21,1022.5,1013.5,Pedestrian,989.5,976.5,1390.2023234047626
4497,1,24,745.0,438.0,Pedestrian,712.0,401.0,817.1566557276518
4497,1,27,258.0,207.0,Pedestrian,225.0,170.0,282.00177304407146
4497,1,43,1482.0,770.0,Pedestrian,1449.0,733.0,1623.8503625642359
4497,1,78,1798.0,228.5,Pedestrian,1765.0,191.5,1775.358344109718
4497,1,80,703.5,490.0,Pedestrian,670.5,453.0,809.1843115137614
4497,1,81,37.0,109.0,Biker,4.0,72.0,72.11102550927978
4497,1,82,995.0,986.5,Pedestrian,962.0,949.5,1351.6635121212676
4498,1,2,44.0,340.0,Biker,11.0,303.0,303.19960422137757
4498,1,3,42.5,23.5,Pedestrian,9.5,-13.5,16.507574019219177
4498,1,4,34.0,78.5,Pedestrian,1.0,41.5,41.512046444375635
4498,1,6,34.0,740.5,Pedestrian,1.0,703.5,703.500710731695
4498,1,8,1798.0,271.5,Pedestrian,1765.0,234.5,1780.5098286726754
4498,1,10,215.5,227.5,Pedestrian,182.5,190.5,263.81148572418147
4498,1,11,1856.0,1002.5,Pedestrian,1823.0,965.5,2062.8909932422507
4498,1,16,214.0,190.5,Pedestrian,181.0,153.5,237.3251988306341
4498,1,21,1022.5,1013.5,Pedestrian,989.5,976.5,1390.2023234047626
4498,1,24,745.0,438.0,Pedestrian,712.0,401.0,817.1566557276518
4498,1,27,258.0,207.0,Pedestrian,225.0,170.0,282.00177304407146
4498,1,43,1482.0,770.0,Pedestrian,1449.0,733.0,1623.8503625642359
4498,1,78,1798.0,228.5,Pedestrian,1765.0,191.5,1775.358344109718
4498,1,80,703.5,490.0,Pedestrian,670.5,453.0,809.1843115137614
4498,1,81,37.0,109.0,Biker,4.0,72.0,72.11102550927978
4498,1,82,995.0,986.5,Pedestrian,962.0,949.5,1351.6635121212676
4499,1,2,44.0,340.0,Biker,11.0,303.0,303.19960422137757
4499,1,3,42.5,23.5,Pedestrian,9.5,-13.5,16.507574019219177
4499,1,4,34.0,78.5,Pedestrian,1.0,41.5,41.512046444375635
4499,1,6,34.0,740.5,Pedestrian,1.0,703.5,703.500710731695
4499,1,8,1795.5,271.5,Pedestrian,1762.5,234.5,1778.0316363889592
4499,1,10,215.5,227.5,Pedestrian,182.5,190.5,263.81148572418147
4499,1,11,1856.0,1002.5,Pedestrian,1823.0,965.5,2062.8909932422507
4499,1,16,214.0,190.5,Pedestrian,181.0,153.5,237.3251988306341
4499,1,21,1022.5,1013.5,Pedestrian,989.5,976.5,1390.2023234047626
4499,1,24,745.0,438.0,Pedestrian,712.0,401.0,817.1566557276518
4499,1,27,258.0,207.0,Pedestrian,225.0,170.0,282.00177304407146
4499,1,43,1482.0,770.0,Pedestrian,1449.0,733.0,1623.8503625642359
4499,1,78,1795.5,228.5,Pedestrian,1762.5,191.5,1772.8729508907286
4499,1,80,701.0,490.0,Pedestrian,668.0,453.0,807.1139944270574
4499,1,81,37.0,109.0,Biker,4.0,72.0,72.11102550927978
4499,1,82,995.0,986.5,Pedestrian,962.0,949.5,1351.6635121212676
4500,1,2,44.0,340.0,Biker,11.0,303.0,303.19960422137757
4500,1,3,42.5,23.5,Pedestrian,9.5,-13.5,16.507574019219177
4500,1,4,34.0,78.5,Pedestrian,1.0,41.5,41.512046444375635
4500,1,6,34.0,740.5,Pedestrian,1.0,703.5,703.500710731695
4500,1,8,1795.5,271.5,Pedestrian,1762.5,234.5,1778.0316363889592
4500,1,10,215.5,227.5,Pedestrian,182.5,190.5,263.81148572418147
4500,1,11,1856.0,1002.5,Pedestrian,1823.0,965.5,2062.8909932422507
4500,1,16,215.5,190.5,Pedestrian,182.5,153.5,238.47117226197383
4500,1,17,45.0,155.5,Biker,12.0,118.5,119.1060451866319
4500,1,19,1934.0,103.0,Biker,1901.0,66.0,1902.1453677361255
4500,1,21,1022.5,1013.5,Pedestrian,989.5,976.5,1390.2023234047626
4500,1,24,747.5,438.0,Pedestrian,714.5,401.0,819.3358590956458
4500,1,26,1806.5,274.0,Biker,1773.5,237.0,1789.2655616201862
4500,1,27,259.5,209.0,Pedestrian,226.5,172.0,284.4050808266266
4500,1,43,1483.0,771.5,Pedestrian,1450.0,734.5,1625.420022640302
4500,1,78,1795.5,228.5,Pedestrian,1762.5,191.5,1772.8729508907286
4500,1,80,701.0,490.0,Pedestrian,668.0,453.0,807.1139944270574
4500,1,81,37.0,109.0,Biker,4.0,72.0,72.11102550927978
4500,1,82,995.0,986.5,Pedestrian,962.0,949.5,1351.6635121212676
4501,1,2,44.0,340.0,Biker,11.0,303.0,303.19960422137757
4501,1,3,42.5,23.5,Pedestrian,9.5,-13.5,16.507574019219177
4501,1,4,34.0,78.5,Pedestrian,1.0,41.5,41.512046444375635
4501,1,6,34.0,740.5,Pedestrian,1.0,703.5,703.500710731695
4501,1,8,1792.5,271.5,Pedestrian,1759.5,234.5,1775.057886380047
4501,1,10,215.5,227.5,Pedestrian,182.5,190.5,263.81148572418147
4501,1,11,1856.0,1002.5,Pedestrian,1823.0,965.5,2062.8909932422507
4501,1,16,214.0,190.5,Pedestrian,181.0,153.5,237.3251988306341
4501,1,17,45.0,155.5,Biker,12.0,118.5,119.1060451866319
4501,1,19,1934.0,103.0,Biker,1901.0,66.0,1902.1453677361255
4501,1,21,1022.5,1013.5,Pedestrian,989.5,976.5,1390.2023234047626
4501,1,24,747.5,437.0,Pedestrian,714.5,400.0,818.8469026625185
4501,1,26,1803.5,271.5,Biker,1770.5,234.5,1785.9620656665695
4501,1,27,258.0,209.0,Pedestrian,225.0,172.0,283.21193477676746
4501,1,43,1482.0,771.5,Pedestrian,1449.0,734.5,1624.528008376587
4501,1,78,1792.5,228.5,Pedestrian,1759.5,191.5,1769.8905333381497
4501,1,80,698.0,489.0,Pedestrian,665.0,452.0,804.0702705609752
4501,1,81,37.0,106.5,Biker,4.0,69.5,69.61501274868805
4501,1,82,994.0,986.5,Pedestrian,961.0,949.5,1350.9519791613616
4502,1,2,44.0,340.0,Biker,11.0,303.0,303.19960422137757
4502,1,3,42.5,23.5,Pedestrian,9.5,-13.5,16.507574019219177
4502,1,4,34.0,78.5,Pedestrian,1.0,41.5,41.512046444375635
4502,1,6,34.0,740.5,Pedestrian,1.0,703.5,703.500710731695
4502,1,8,1790.0,271.5,Pedestrian,1757.0,234.5,1772.579828949884
4502,1,10,215.5,227.5,Pedestrian,182.5,190.5,263.81148572418147
4502,1,11,1856.0,1002.5,Pedestrian,1823.0,965.5,2062.8909932422507
4502,1,16,214.0,190.5,Pedestrian,181.0,153.5,237.3251988306341
4502,1,17,45.0,155.5,Biker,12.0,118.5,119.1060451866319
4502,1,19,1934.0,103.0,Biker,1901.0,66.0,1902.1453677361255
4502,1,21,1022.5,1013.5,Pedestrian,989.5,976.5,1390.2023234047626
4502,1,24,749.0,437.0,Pedestrian,716.0,400.0,820.1560827062127
4502,1,26,1801.0,271.5,Biker,1768.0,234.5,1783.4837397632757
4502,1,27,258.0,209.0,Pedestrian,225.0,172.0,283.21193477676746
4502,1,43,1482.0,771.5,Pedestrian,1449.0,734.5,1624.528008376587
4502,1,78,1791.0,228.5,Pedestrian,1758.0,191.5,1768.399346867104
4502,1,80,697.0,489.0,Pedestrian,664.0,452.0,803.2434251209281
4502,1,81,37.0,106.5,Biker,4.0,69.5,69.61501274868805
4502,1,82,994.0,986.5,Pedestrian,961.0,949.5,1350.9519791613616
4503,1,2,44.0,340.0,Biker,11.0,303.0,303.19960422137757
4503,1,3,42.5,23.5,Pedestrian,9.5,-13.5,16.507574019219177
4503,1,4,34.0,78.5,Pedestrian,1.0,41.5,41.512046444375635
4503,1,6,34.0,740.5,Pedestrian,1.0,703.5,703.500710731695
4503,1,8,1790.0,271.5,Pedestrian,1757.0,234.5,1772.579828949884
4503,1,10,215.5,227.5,Pedestrian,182.5,190.5,263.81148572418147
4503,1,11,1856.0,1002.5,Pedestrian,1823.0,965.5,2062.8909932422507
4503,1,16,214.0,190.5,Pedestrian,181.0,153.5,237.3251988306341
4503,1,17,45.0,155.5,Biker,12.0,118.5,119.1060451866319
4503,1,19,1934.0,103.0,Biker,1901.0,66.0,1902.1453677361255
4503,1,21,1022.5,1013.5,Pedestrian,989.5,976.5,1390.2023234047626
4503,1,24,750.5,437.0,Pedestrian,717.5,400.0,821.4659153002028
4503,1,26,1798.0,271.5,Biker,1765.0,234.5,1780.5098286726754
4503,1,27,258.0,209.0,Pedestrian,225.0,172.0,283.21193477676746
4503,1,43,1482.0,771.5,Pedestrian,1449.0,734.5,1624.528008376587
4503,1,78,1790.0,228.5,Pedestrian,1757.0,191.5,1767.405230839832
4503,1,80,695.5,488.0,Pedestrian,662.5,451.0,801.4407339285918
4503,1,81,37.0,106.5,Biker,4.0,69.5,69.61501274868805
4503,1,82,994.0,986.5,Pedestrian,961.0,949.5,1350.9519791613616
4504,1,2,44.0,340.0,Biker,11.0,303.0,303.19960422137757
4504,1,3,42.5,23.5,Pedestrian,9.5,-13.5,16.507574019219177
4504,1,4,34.0,78.5,Pedestrian,1.0,41.5,41.512046444375635
4504,1,6,34.0,740.5,Pedestrian,1.0,703.5,703.500710731695
4504,1,8,1787.0,271.5,Pedestrian,1754.0,234.5,1769.606241512501
4504,1,10,215.5,227.5,Pedestrian,182.5,190.5,263.81148572418147
4504,1,11,1856.0,1002.5,Pedestrian,1823.0,965.5,2062.8909932422507
4504,1,16,214.0,190.5,Pedestrian,181.0,153.5,237.3251988306341
4504,1,17,45.0,155.5,Biker,12.0,118.5,119.1060451866319
4504,1,19,1934.0,103.0,Biker,1901.0,66.0,1902.1453677361255
4504,1,21,1022.5,1013.5,Pedestrian,989.5,976.5,1390.2023234047626
4504,1,24,750.5,437.0,Pedestrian,717.5,400.0,821.4659153002028
4504,1,26,1798.0,271.5,Biker,1765.0,234.5,1780.5098286726754
4504,1,27,258.0,209.0,Pedestrian,225.0,172.0,283.21193477676746
4504,1,43,1482.0,771.5,Pedestrian,1449.0,734.5,1624.528008376587
4504,1,78,1788.5,228.5,Pedestrian,1755.5,191.5,1765.914069257052
4504,1,80,692.5,488.0,Pedestrian,659.5,451.0,798.962608636975
4504,1,81,37.0,106.5,Biker,4.0,69.5,69.61501274868805
4504,1,82,994.0,986.5,Pedestrian,961.0,949.5,1350.9519791613616
4505,1,2,44.0,340.0,Biker,11.0,303.0,303.19960422137757
4505,1,3,42.5,23.5,Pedestrian,9.5,-13.5,16.507574019219177
4505,1,4,34.0,78.5,Pedestrian,1.0,41.5,41.512046444375635
4505,1,6,34.0,740.5,Pedestrian,1.0,703.5,703.500710731695
4505,1,8,1787.0,271.5,Pedestrian,1754.0,234.5,1769.606241512501
4505,1,10,215.5,227.5,Pedestrian,182.5,190.5,263.81148572418147
4505,1,11,1856.0,1002.5,Pedestrian,1823.0,965.5,2062.8909932422507
4505,1,16,214.0,190.5,Pedestrian,181.0,153.5,237.3251988306341
4505,1,17,45.0,155.5,Biker,12.0,118.5,119.1060451866319
4505,1,19,1934.0,103.0,Biker,1901.0,66.0,1902.1453677361255
4505,1,21,1022.5,1013.5,Pedestrian,989.5,976.5,1390.2023234047626
4505,1,24,753.5,437.0,Pedestrian,720.5,400.0,824.0875256912946
4505,1,26,1795.5,271.5,Biker,1762.5,234.5,1778.0316363889592
4505,1,27,258.0,209.0,Pedestrian,225.0,172.0,283.21193477676746
4505,1,43,1482.0,771.5,Pedestrian,1449.0,734.5,1624.528008376587
4505,1,78,1787.0,228.5,Pedestrian,1754.0,191.5,1764.422922657717
4505,1,80,692.5,487.0,Pedestrian,659.5,450.0,798.3985533554028
4505,1,81,37.0,106.5,Biker,4.0,69.5,69.61501274868805
4505,1,82,994.0,986.5,Pedestrian,961.0,949.5,1350.9519791613616
4506,1,2,44.0,340.0,Biker,11.0,303.0,303.19960422137757
4506,1,3,42.5,23.5,Pedestrian,9.5,-13.5,16.507574019219177
4506,1,4,34.0,78.5,Pedestrian,1.0,41.5,41.512046444375635
4506,1,6,34.0,740.5,Pedestrian,1.0,703.5,703.500710731695
4506,1,8,1784.5,271.5,Pedestrian,1751.5,234.5,1767.1283201850397
4506,1,10,215.5,227.5,Pedestrian,182.5,190.5,263.81148572418147
4506,1,11,1856.0,1002.5,Pedestrian,1823.0,965.5,2062.8909932422507
4506,1,16,214.0,190.5,Pedestrian,181.0,153.5,237.3251988306341
4506,1,17,45.0,155.5,Biker,12.0,118.5,119.1060451866319
4506,1,19,1934.0,103.0,Biker,1901.0,66.0,1902.1453677361255
4506,1,21,1022.5,1013.5,Pedestrian,989.5,976.5,1390.2023234047626
4506,1,24,754.5,437.0,Pedestrian,721.5,400.0,824.9619688203815
4506,1,26,1792.5,271.5,Biker,1759.5,234.5,1775.057886380047
4506,1,27,258.0,209.0,Pedestrian,225.0,172.0,283.21193477676746
4506,1,43,1482.0,771.5,Pedestrian,1449.0,734.5,1624.528008376587
4506,1,78,1786.0,229.5,Pedestrian,1753.0,192.5,1763.537708698059
4506,1,80,691.0,487.0,Pedestrian,658.0,450.0,797.1599588539304
4506,1,81,37.0,106.5,Biker,4.0,69.5,69.61501274868805
4506,1,82,994.0,986.5,Pedestrian,961.0,949.5,1350.9519791613616
4507,1,2,44.0,340.0,Biker,11.0,303.0,303.19960422137757
4507,1,3,42.5,23.5,Pedestrian,9.5,-13.5,16.507574019219177
4507,1,4,34.0,78.5,Pedestrian,1.0,41.5,41.512046444375635
4507,1,6,34.0,740.5,Pedestrian,1.0,703.5,703.500710731695
4507,1,8,1784.5,271.5,Pedestrian,1751.5,234.5,1767.1283201850397
4507,1,10,215.5,227.5,Pedestrian,182.5,190.5,263.81148572418147
4507,1,11,1856.0,1002.5,Pedestrian,1823.0,965.5,2062.8909932422507
4507,1,16,214.0,190.5,Pedestrian,181.0,153.5,237.3251988306341
4507,1,17,45.0,155.5,Biker,12.0,118.5,119.1060451866319
4507,1,19,1934.0,103.0,Biker,1901.0,66.0,1902.1453677361255
4507,1,21,1022.5,1013.5,Pedestrian,989.5,976.5,1390.2023234047626
4507,1,24,756.0,438.0,Pedestrian,723.0,401.0,826.7587314325746
4507,1,26,1792.5,271.5,Biker,1759.5,234.5,1775.057886380047
4507,1,27,258.0,209.0,Pedestrian,225.0,172.0,283.21193477676746
4507,1,43,1482.0,771.5,Pedestrian,1449.0,734.5,1624.528008376587
4507,1,78,1784.5,229.5,Pedestrian,1751.5,192.5,1762.046679290875
4507,1,80,688.5,487.0,Pedestrian,655.5,450.0,795.0976355140292
4507,1,81,38.0,104.0,Biker,5.0,67.0,67.1863081289633
4507,1,82,994.0,986.5,Pedestrian,961.0,949.5,1350.9519791613616
4508,1,2,44.0,340.0,Biker,11.0,303.0,303.19960422137757
4508,1,3,42.5,23.5,Pedestrian,9.5,-13.5,16.507574019219177
4508,1,4,34.0,78.5,Pedestrian,1.0,41.5,41.512046444375635
4508,1,6,34.0,740.5,Pedestrian,1.0,703.5,703.500710731695
4508,1,8,1781.5,271.5,Pedestrian,1748.5,234.5,1764.1548968273732
4508,1,10,215.5,227.5,Pedestrian,182.5,190.5,263.81148572418147
4508,1,11,1856.0,1002.5,Pedestrian,1823.0,965.5,2062.8909932422507
4508,1,16,214.0,190.5,Pedestrian,181.0,153.5,237.3251988306341
4508,1,17,45.0,155.5,Biker,12.0,118.5,119.1060451866319
4508,1,19,1934.0,103.0,Biker,1901.0,66.0,1902.1453677361255
4508,1,21,1022.5,1013.5,Pedestrian,989.5,976.5,1390.2023234047626
4508,1,24,756.0,438.0,Pedestrian,723.0,401.0,826.7587314325746
4508,1,26,1790.0,271.5,Biker,1757.0,234.5,1772.579828949884
4508,1,27,258.0,209.0,Pedestrian,225.0,172.0,283.21193477676746
4508,1,43,1482.0,771.5,Pedestrian,1449.0,734.5,1624.528008376587
4508,1,78,1783.0,229.5,Pedestrian,1750.0,192.5,1760.5556651239403
4508,1,80,687.0,485.5,Pedestrian,654.0,448.5,793.0121373598263
4508,1,81,38.0,104.0,Biker,5.0,67.0,67.1863081289633
4508,1,82,994.0,986.5,Pedestrian,961.0,949.5,1350.9519791613616
4509,1,2,44.0,340.0,Biker,11.0,303.0,303.19960422137757
4509,1,3,42.5,23.5,Pedestrian,9.5,-13.5,16.507574019219177
4509,1,4,34.0,78.5,Pedestrian,1.0,41.5,41.512046444375635
4509,1,6,34.0,740.5,Pedestrian,1.0,703.5,703.500710731695
4509,1,8,1781.5,271.5,Pedestrian,1748.5,234.5,1764.1548968273732
4509,1,10,215.5,227.5,Pedestrian,182.5,190.5,263.81148572418147
4509,1,11,1856.0,1002.5,Pedestrian,1823.0,965.5,2062.8909932422507
4509,1,16,214.0,190.5,Pedestrian,181.0,153.5,237.3251988306341
4509,1,17,45.0,155.5,Biker,12.0,118.5,119.1060451866319
4509,1,19,1934.0,103.0,Biker,1901.0,66.0,1902.1453677361255
4509,1,21,1022.5,1013.5,Pedestrian,989.5,976.5,1390.2023234047626
4509,1,24,757.5,436.5,Pedestrian,724.5,399.5,827.3454538462153
4509,1,26,1787.0,271.5,Biker,1754.0,234.5,1769.606241512501
4509,1,27,258.0,209.0,Pedestrian,225.0,172.0,283.21193477676746
4509,1,43,1482.0,771.5,Pedestrian,1449.0,734.5,1624.528008376587
4509,1,78,1781.5,229.5,Pedestrian,1748.5,192.5,1759.0646662360084
4509,1,80,687.0,485.5,Pedestrian,654.0,448.5,793.0121373598263
4509,1,81,38.0,104.0,Biker,5.0,67.0,67.1863081289633
4509,1,82,994.0,986.5,Pedestrian,961.0,949.5,1350.9519791613616
4510,1,2,44.0,340.0,Biker,11.0,303.0,303.19960422137757
4510,1,3,42.5,23.5,Pedestrian,9.5,-13.5,16.507574019219177
4510,1,4,34.0,78.5,Pedestrian,1.0,41.5,41.512046444375635
4510,1,6,34.0,740.5,Pedestrian,1.0,703.5,703.500710731695
4510,1,8,1779.0,271.5,Pedestrian,1746.0,234.5,1761.6771128671678
4510,1,10,215.5,227.5,Pedestrian,182.5,190.5,263.81148572418147
4510,1,11,1856.0,1002.5,Pedestrian,1823.0,965.5,2062.8909932422507
4510,1,16,214.0,190.5,Pedestrian,181.0,153.5,237.3251988306341
4510,1,17,45.0,155.5,Biker,12.0,118.5,119.1060451866319
4510,1,19,1934.0,103.0,Biker,1901.0,66.0,1902.1453677361255
4510,1,21,1022.5,1013.5,Pedestrian,989.5,976.5,1390.2023234047626
4510,1,24,760.0,436.5,Pedestrian,727.0,399.5,829.53556283019
4510,1,26,1784.5,271.5,Biker,1751.5,234.5,1767.1283201850397
4510,1,27,258.0,209.0,Pedestrian,225.0,172.0,283.21193477676746
4510,1,43,1482.0,771.5,Pedestrian,1449.0,734.5,1624.528008376587
4510,1,78,1780.0,229.5,Pedestrian,1747.0,192.5,1757.5736826659643
4510,1,80,684.5,484.5,Pedestrian,651.5,447.5,790.3850327530248
4510,1,81,38.0,104.0,Biker,5.0,67.0,67.1863081289633
4510,1,82,994.0,986.5,Pedestrian,961.0,949.5,1350.9519791613616
4511,1,2,44.0,340.0,Biker,11.0,303.0,303.19960422137757
4511,1,3,42.5,23.5,Pedestrian,9.5,-13.5,16.507574019219177
4511,1,4,34.0,78.5,Pedestrian,1.0,41.5,41.512046444375635
4511,1,6,34.0,740.5,Pedestrian,1.0,703.5,703.500710731695
4511,1,8,1779.0,271.5,Pedestrian,1746.0,234.5,1761.6771128671678
4511,1,10,215.5,227.5,Pedestrian,182.5,190.5,263.81148572418147
4511,1,11,1856.0,1002.5,Pedestrian,1823.0,965.5,2062.8909932422507
4511,1,16,214.0,190.5,Pedestrian,181.0,153.5,237.3251988306341
4511,1,17,45.0,155.5,Biker,12.0,118.5,119.1060451866319
4511,1,19,1934.0,103.0,Biker,1901.0,66.0,1902.1453677361255
4511,1,21,1022.5,1013.5,Pedestrian,989.5,976.5,1390.2023234047626
4511,1,24,761.0,436.5,Pedestrian,728.0,399.5,830.4120964918562
4511,1,26,1784.5,271.5,Biker,1751.5,234.5,1767.1283201850397
4511,1,27,258.0,209.0,Pedestrian,225.0,172.0,283.21193477676746
4511,1,43,1482.0,771.5,Pedestrian,1449.0,734.5,1624.528008376587
4511,1,78,1779.0,229.5,Pedestrian,1746.0,192.5,1756.5797021484677
4511,1,80,683.0,484.5,Pedestrian,650.0,447.5,789.1490670335992
4511,1,81,38.0,104.0,Biker,5.0,67.0,67.1863081289633
4511,1,82,994.0,986.5,Pedestrian,961.0,949.5,1350.9519791613616
4512,1,2,44.0,340.0,Biker,11.0,303.0,303.19960422137757
4512,1,3,42.5,23.5,Pedestrian,9.5,-13.5,16.507574019219177
4512,1,4,34.0,78.5,Pedestrian,1.0,41.5,41.512046444375635
4512,1,6,34.0,740.5,Pedestrian,1.0,703.5,703.500710731695
4512,1,8,1776.0,269.5,Pedestrian,1743.0,232.5,1758.4382986047592
4512,1,10,215.5,227.5,Pedestrian,182.5,190.5,263.81148572418147
4512,1,11,1856.0,1002.5,Pedestrian,1823.0,965.5,2062.8909932422507
4512,1,16,214.0,190.5,Pedestrian,181.0,153.5,237.3251988306341
4512,1,17,45.0,155.5,Biker,12.0,118.5,119.1060451866319
4512,1,19,1934.0,103.0,Biker,1901.0,66.0,1902.1453677361255
4512,1,21,1022.5,1013.5,Pedestrian,989.5,976.5,1390.2023234047626
4512,1,24,761.0,436.5,Pedestrian,728.0,399.5,830.4120964918562
4512,1,26,1781.5,271.5,Biker,1748.5,234.5,1764.1548968273732
4512,1,27,258.0,209.0,Pedestrian,225.0,172.0,283.21193477676746
4512,1,43,1482.0,771.5,Pedestrian,1449.0,734.5,1624.528008376587
4512,1,78,1777.5,230.5,Pedestrian,1744.5,193.5,1755.1987066996146
4512,1,80,682.0,484.5,Pedestrian,649.0,447.5,788.3255989754488
4512,1,81,38.0,104.0,Biker,5.0,67.0,67.1863081289633
4512,1,82,994.0,986.5,Pedestrian,961.0,949.5,1350.9519791613616
4513,1,2,44.0,340.0,Biker,11.0,303.0,303.19960422137757
4513,1,3,42.5,23.5,Pedestrian,9.5,-13.5,16.507574019219177
4513,1,4,34.0,78.5,Pedestrian,1.0,41.5,41.512046444375635
4513,1,6,34.0,740.5,Pedestrian,1.0,703.5,703.500710731695
4513,1,8,1776.0,269.5,Pedestrian,1743.0,232.5,1758.4382986047592
4513,1,10,215.5,227.5,Pedestrian,182.5,190.5,263.81148572418147
4513,1,11,1856.0,1002.5,Pedestrian,1823.0,965.5,2062.8909932422507
4513,1,16,214.0,190.5,Pedestrian,181.0,153.5,237.3251988306341
4513,1,17,45.0,155.5,Biker,12.0,118.5,119.1060451866319
4513,1,19,1934.0,103.0,Biker,1901.0,66.0,1902.1453677361255
4513,1,21,1022.5,1013.5,Pedestrian,989.5,976.5,1390.2023234047626
4513,1,24,762.5,436.5,Pedestrian,729.5,399.5,831.7274192907194
4513,1,26,1779.0,271.5,Biker,1746.0,234.5,1761.6771128671678
4513,1,27,258.0,209.0,Pedestrian,225.0,172.0,283.21193477676746
4513,1,43,1482.0,771.5,Pedestrian,1449.0,734.5,1624.528008376587
4513,1,78,1776.0,230.5,Pedestrian,1743.0,193.5,1753.7078576547462
4513,1,80,679.0,483.5,Pedestrian,646.0,446.5,785.2886412014375
4513,1,81,38.0,104.0,Biker,5.0,67.0,67.1863081289633
4513,1,82,994.0,986.5,Pedestrian,961.0,949.5,1350.9519791613616
4514,1,2,44.0,340.0,Biker,11.0,303.0,303.19960422137757
4514,1,3,42.5,23.5,Pedestrian,9.5,-13.5,16.507574019219177
4514,1,4,34.0,78.5,Pedestrian,1.0,41.5,41.512046444375635
4514,1,6,34.0,740.5,Pedestrian,1.0,703.5,703.500710731695
4514,1,8,1773.5,269.5,Pedestrian,1740.5,232.5,1755.9602785940233
4514,1,10,215.5,227.5,Pedestrian,182.5,190.5,263.81148572418147
4514,1,11,1856.0,1002.5,Pedestrian,1823.0,965.5,2062.8909932422507
4514,1,16,214.0,190.5,Pedestrian,181.0,153.5,237.3251988306341
4514,1,17,45.0,155.5,Biker,12.0,118.5,119.1060451866319
4514,1,19,1934.0,103.0,Biker,1901.0,66.0,1902.1453677361255
4514,1,21,1022.5,1013.5,Pedestrian,989.5,976.5,1390.2023234047626
4514,1,24,764.0,437.5,Pedestrian,731.0,400.5,833.5233949926061
4514,1,26,1779.0,271.5,Biker,1746.0,234.5,1761.6771128671678
4514,1,27,258.0,209.0,Pedestrian,225.0,172.0,283.21193477676746
4514,1,43,1482.0,771.5,Pedestrian,1449.0,734.5,1624.528008376587
4514,1,78,1775.0,230.5,Pedestrian,1742.0,193.5,1752.7139669666583
4514,1,80,679.0,483.5,Pedestrian,646.0,446.5,785.2886412014375
4514,1,81,39.5,102.0,Biker,6.5,65.0,65.32419153728578
4514,1,82,994.0,986.5,Pedestrian,961.0,949.5,1350.9519791613616
4515,1,2,44.0,340.0,Biker,11.0,303.0,303.19960422137757
4515,1,3,42.5,23.5,Pedestrian,9.5,-13.5,16.507574019219177
4515,1,4,34.0,78.5,Pedestrian,1.0,41.5,41.512046444375635
4515,1,6,34.0,740.5,Pedestrian,1.0,703.5,703.500710731695
4515,1,8,1773.5,269.5,Pedestrian,1740.5,232.5,1755.9602785940233
4515,1,10,215.5,227.5,Pedestrian,182.5,190.5,263.81148572418147
4515,1,11,1856.0,1002.5,Pedestrian,1823.0,965.5,2062.8909932422507
4515,1,16,214.0,190.5,Pedestrian,181.0,153.5,237.3251988306341
4515,1,17,45.0,155.5,Biker,12.0,118.5,119.1060451866319
4515,1,19,1934.0,103.0,Biker,1901.0,66.0,1902.1453677361255
4515,1,21,1022.5,1013.5,Pedestrian,989.5,976.5,1390.2023234047626
4515,1,24,767.0,437.5,Pedestrian,734.0,400.5,836.1556374264303
4515,1,26,1776.0,269.5,Biker,1743.0,232.5,1758.4382986047592
4515,1,27,258.0,209.0,Pedestrian,225.0,172.0,283.21193477676746
4515,1,43,1482.0,771.5,Pedestrian,1449.0,734.5,1624.528008376587
4515,1,78,1773.5,230.5,Pedestrian,1740.5,193.5,1751.2231439768034
4515,1,80,677.5,482.0,Pedestrian,644.5,445.0,783.2019216013199
4515,1,81,39.5,102.0,Biker,6.5,65.0,65.32419153728578
4515,1,82,994.0,986.5,Pedestrian,961.0,949.5,1350.9519791613616
4516,1,2,44.0,340.0,Biker,11.0,303.0,303.19960422137757
4516,1,3,42.5,23.5,Pedestrian,9.5,-13.5,16.507574019219177
4516,1,4,34.0,78.5,Pedestrian,1.0,41.5,41.512046444375635
4516,1,6,34.0,740.5,Pedestrian,1.0,703.5,703.500710731695
4516,1,8,1770.5,269.5,Pedestrian,1737.5,232.5,1752.9867369720741
4516,1,10,215.5,227.5,Pedestrian,182.5,190.5,263.81148572418147
4516,1,11,1856.0,1002.5,Pedestrian,1823.0,965.5,2062.8909932422507
4516,1,16,214.0,190.5,Pedestrian,181.0,153.5,237.3251988306341
4516,1,17,45.0,155.5,Biker,12.0,118.5,119.1060451866319
4516,1,19,1934.0,103.0,Biker,1901.0,66.0,1902.1453677361255
4516,1,21,1022.5,1013.5,Pedestrian,989.5,976.5,1390.2023234047626
4516,1,24,767.0,437.5,Pedestrian,734.0,400.5,836.1556374264303
4516,1,26,1773.5,269.5,Biker,1740.5,232.5,1755.9602785940233
4516,1,27,258.0,209.0,Pedestrian,225.0,172.0,283.21193477676746
4516,1,43,1482.0,771.5,Pedestrian,1449.0,734.5,1624.528008376587
4516,1,78,1772.0,230.5,Pedestrian,1739.0,193.5,1749.732336673241
4516,1,80,674.5,482.0,Pedestrian,641.5,445.0,780.7350703023401
4516,1,81,39.5,102.0,Biker,6.5,65.0,65.32419153728578
4516,1,82,994.0,986.5,Pedestrian,961.0,949.5,1350.9519791613616
4517,1,2,44.0,340.0,Biker,11.0,303.0,303.19960422137757
4517,1,3,42.5,23.5,Pedestrian,9.5,-13.5,16.507574019219177
4517,1,4,34.0,78.5,Pedestrian,1.0,41.5,41.512046444375635
4517,1,6,34.0,740.5,Pedestrian,1.0,703.5,703.500710731695
4517,1,8,1770.5,269.5,Pedestrian,1737.5,232.5,1752.9867369720741
4517,1,10,215.5,227.5,Pedestrian,182.5,190.5,263.81148572418147
4517,1,11,1856.0,1002.5,Pedestrian,1823.0,965.5,2062.8909932422507
4517,1,16,214.0,190.5,Pedestrian,181.0,153.5,237.3251988306341
4517,1,17,45.0,155.5,Biker,12.0,118.5,119.1060451866319
4517,1,19,1934.0,103.0,Biker,1901.0,66.0,1902.1453677361255
4517,1,21,1022.5,1013.5,Pedestrian,989.5,976.5,1390.2023234047626
4517,1,24,768.0,437.5,Pedestrian,735.0,400.5,837.0336014760697
4517,1,26,1770.5,269.5,Biker,1737.5,232.5,1752.9867369720741
4517,1,27,258.0,209.0,Pedestrian,225.0,172.0,283.21193477676746
4517,1,43,1482.0,771.5,Pedestrian,1449.0,734.5,1624.528008376587
4517,1,78,1770.5,230.5,Pedestrian,1737.5,193.5,1748.2415450961003
4517,1,80,673.5,482.0,Pedestrian,640.5,445.0,779.9136170115252
4517,1,81,39.5,102.0,Biker,6.5,65.0,65.32419153728578
4517,1,82,994.0,986.5,Pedestrian,961.0,949.5,1350.9519791613616
4518,1,2,44.0,340.0,Biker,11.0,303.0,303.19960422137757
4518,1,3,42.5,23.5,Pedestrian,9.5,-13.5,16.507574019219177
4518,1,4,34.0,78.5,Pedestrian,1.0,41.5,41.512046444375635
4518,1,6,34.0,740.5,Pedestrian,1.0,703.5,703.500710731695
4518,1,8,1768.0,269.5,Pedestrian,1735.0,232.5,1750.508854590573
4518,1,10,215.5,227.5,Pedestrian,182.5,190.5,263.81148572418147
4518,1,11,1856.0,1002.5,Pedestrian,1823.0,965.5,2062.8909932422507
4518,1,16,214.0,190.5,Pedestrian,181.0,153.5,237.3251988306341
4518,1,17,45.0,155.5,Biker,12.0,118.5,119.1060451866319
4518,1,19,1934.0,103.0,Biker,1901.0,66.0,1902.1453677361255
4518,1,21,1022.5,1013.5,Pedestrian,989.5,976.5,1390.2023234047626
4518,1,24,769.5,436.5,Pedestrian,736.5,399.5,837.8737971795036
4518,1,26,1770.5,269.5,Biker,1737.5,232.5,1752.9867369720741
4518,1,27,258.0,209.0,Pedestrian,225.0,172.0,283.21193477676746
4518,1,43,1482.0,771.5,Pedestrian,1449.0,734.5,1624.528008376587
4518,1,78,1769.0,232.0,Pedestrian,1736.0,195.0,1746.9175710376262
4518,1,80,673.5,481.0,Pedestrian,640.5,444.0,779.343473700781
4518,1,81,39.5,102.0,Biker,6.5,65.0,65.32419153728578
4518,1,82,994.0,986.5,Pedestrian,961.0,949.5,1350.9519791613616
4519,1,2,44.0,340.0,Biker,11.0,303.0,303.19960422137757
4519,1,3,42.5,23.5,Pedestrian,9.5,-13.5,16.507574019219177
4519,1,4,34.0,78.5,Pedestrian,1.0,41.5,41.512046444375635
4519,1,6,34.0,740.5,Pedestrian,1.0,703.5,703.500710731695
4519,1,8,1768.0,269.5,Pedestrian,1735.0,232.5,1750.508854590573
4519,1,10,215.5,227.5,Pedestrian,182.5,190.5,263.81148572418147
4519,1,11,1856.0,1002.5,Pedestrian,1823.0,965.5,2062.8909932422507
4519,1,16,214.0,190.5,Pedestrian,181.0,153.5,237.3251988306341
4519,1,17,45.0,155.5,Biker,12.0,118.5,119.1060451866319
4519,1,19,1934.0,103.0,Biker,1901.0,66.0,1902.1453677361255
4519,1,21,1022.5,1013.5,Pedestrian,989.5,976.5,1390.2023234047626
4519,1,24,771.0,436.5,Pedestrian,738.0,399.5,839.1926179370264
4519,1,26,1768.0,269.5,Biker,1735.0,232.5,1750.508854590573
4519,1,27,258.0,209.0,Pedestrian,225.0,172.0,283.21193477676746
4519,1,43,1482.0,771.5,Pedestrian,1449.0,734.5,1624.528008376587
4519,1,78,1768.0,232.0,Pedestrian,1735.0,195.0,1745.9238242260171
4519,1,80,670.5,481.0,Pedestrian,637.5,444.0,776.8798169601267
4519,1,81,39.5,102.0,Biker,6.5,65.0,65.32419153728578
4519,1,82,994.0,986.5,Pedestrian,961.0,949.5,1350.9519791613616
4520,1,2,44.0,340.0,Biker,11.0,303.0,303.19960422137757
4520,1,3,42.5,23.5,Pedestrian,9.5,-13.5,16.507574019219177
4520,1,4,34.0,78.5,Pedestrian,1.0,41.5,41.512046444375635
4520,1,6,34.0,740.5,Pedestrian,1.0,703.5,703.500710731695
4520,1,8,1765.0,269.5,Pedestrian,1732.0,232.5,1747.535478895922
4520,1,10,215.5,227.5,Pedestrian,182.5,190.5,263.81148572418147
4520,1,11,1856.0,1002.5,Pedestrian,1823.0,965.5,2062.8909932422507
4520,1,16,214.0,190.5,Pedestrian,181.0,153.5,237.3251988306341
4520,1,17,45.0,155.5,Biker,12.0,118.5,119.1060451866319
4520,1,19,1934.0,103.0,Biker,1901.0,66.0,1902.1453677361255
4520,1,21,1022.5,1013.5,Pedestrian,989.5,976.5,1390.2023234047626
4520,1,24,772.5,436.5,Pedestrian,739.5,399.5,840.512046314626
4520,1,26,1765.0,269.5,Biker,1732.0,232.5,1747.535478895922
4520,1,27,258.0,209.0,Pedestrian,225.0,172.0,283.21193477676746
4520,1,43,1482.0,771.5,Pedestrian,1449.0,734.5,1624.528008376587
4520,1,78,1766.5,232.0,Pedestrian,1733.5,195.0,1744.4332174090243
4520,1,80,669.0,480.0,Pedestrian,636.0,443.0,775.0774154882853
4520,1,81,41.0,102.0,Biker,8.0,65.0,65.49045732013177
4520,1,82,994.0,986.5,Pedestrian,961.0,949.5,1350.9519791613616
4521,1,2,44.0,340.0,Biker,11.0,303.0,303.19960422137757
4521,1,3,42.5,23.5,Pedestrian,9.5,-13.5,16.507574019219177
4521,1,4,34.0,78.5,Pedestrian,1.0,41.5,41.512046444375635
4521,1,6,34.0,740.5,Pedestrian,1.0,703.5,703.500710731695
4521,1,8,1765.0,269.5,Pedestrian,1732.0,232.5,1747.535478895922
4521,1,10,215.5,227.5,Pedestrian,182.5,190.5,263.81148572418147
4521,1,11,1856.0,1002.5,Pedestrian,1823.0,965.5,2062.8909932422507
4521,1,16,214.0,190.5,Pedestrian,181.0,153.5,237.3251988306341
4521,1,17,45.0,155.5,Biker,12.0,118.5,119.1060451866319
4521,1,19,1934.0,103.0,Biker,1901.0,66.0,1902.1453677361255
4521,1,21,1022.5,1013.5,Pedestrian,989.5,976.5,1390.2023234047626
4521,1,24,774.0,438.0,Pedestrian,741.0,401.0,842.5449542902741
4521,1,26,1765.0,269.5,Biker,1732.0,232.5,1747.535478895922
4521,1,27,258.0,209.0,Pedestrian,225.0,172.0,283.21193477676746
4521,1,43,1482.0,771.5,Pedestrian,1449.0,734.5,1624.528008376587
4521,1,78,1765.5,232.0,Pedestrian,1732.5,195.0,1743.4394884824653
4521,1,80,667.5,480.0,Pedestrian,634.5,443.0,773.8470456104359
4521,1,81,44.0,100.0,Biker,11.0,63.0,63.953107821277925
4521,1,82,994.0,986.5,Pedestrian,961.0,949.5,1350.9519791613616
4522,1,2,44.0,340.0,Biker,11.0,303.0,303.19960422137757
4522,1,3,42.5,23.5,Pedestrian,9.5,-13.5,16.507574019219177
4522,1,4,34.0,78.5,Pedestrian,1.0,41.5,41.512046444375635
4522,1,6,34.0,740.5,Pedestrian,1.0,703.5,703.500710731695
4522,1,8,1762.5,269.5,Pedestrian,1729.5,232.5,1745.0577354345614
4522,1,10,215.5,227.5,Pedestrian,182.5,190.5,263.81148572418147
4522,1,11,1856.0,1002.5,Pedestrian,1823.0,965.5,2062.8909932422507
4522,1,16,214.0,190.5,Pedestrian,181.0,153.5,237.3251988306341
4522,1,17,45.0,155.5,Biker,12.0,118.5,119.1060451866319
4522,1,19,1934.0,103.0,Biker,1901.0,66.0,1902.1453677361255
4522,1,21,1022.5,1013.5,Pedestrian,989.5,976.5,1390.2023234047626
4522,1,24,775.0,438.0,Pedestrian,742.0,401.0,843.4245668700906
4522,1,26,1762.5,269.5,Biker,1729.5,232.5,1745.0577354345614
4522,1,27,258.0,209.0,Pedestrian,225.0,172.0,283.21193477676746
4522,1,43,1482.0,771.5,Pedestrian,1449.0,734.5,1624.528008376587
4522,1,78,1764.0,232.0,Pedestrian,1731.0,195.0,1741.9489085504201
4522,1,80,667.5,481.0,Pedestrian,634.5,444.0,774.4199442163147
4522,1,81,49.0,100.0,Biker,16.0,63.0,65.0
4522,1,82,994.0,986.5,Pedestrian,961.0,949.5,1350.9519791613616
4523,1,2,44.0,340.0,Biker,11.0,303.0,303.19960422137757
4523,1,3,42.5,23.5,Pedestrian,9.5,-13.5,16.507574019219177
4523,1,4,34.0,78.5,Pedestrian,1.0,41.5,41.512046444375635
4523,1,6,34.0,740.5,Pedestrian,1.0,703.5,703.500710731695
4523,1,8,1762.5,269.5,Pedestrian,1729.5,232.5,1745.0577354345614
4523,1,10,215.5,227.5,Pedestrian,182.5,190.5,263.81148572418147
4523,1,11,1856.0,1002.5,Pedestrian,1823.0,965.5,2062.8909932422507
4523,1,16,214.0,190.5,Pedestrian,181.0,153.5,237.3251988306341
4523,1,17,45.0,155.5,Biker,12.0,118.5,119.1060451866319
4523,1,19,1934.0,103.0,Biker,1901.0,66.0,1902.1453677361255
4523,1,21,1022.5,1013.5,Pedestrian,989.5,976.5,1390.2023234047626
4523,1,24,776.5,438.0,Pedestrian,743.5,401.0,844.7444879962225
4523,1,26,1759.5,269.5,Biker,1726.5,232.5,1742.0845272259323
4523,1,27,258.0,209.0,Pedestrian,225.0,172.0,283.21193477676746
4523,1,43,1482.0,771.5,Pedestrian,1449.0,734.5,1624.528008376587
4523,1,78,1762.5,233.0,Pedestrian,1729.5,196.0,1740.5706679132566
4523,1,80,665.5,479.0,Pedestrian,632.5,442.0,771.6347905583315
4523,1,81,55.0,97.5,Biker,22.0,60.5,64.37584950895794
4523,1,82,994.0,986.5,Pedestrian,961.0,949.5,1350.9519791613616
4524,1,2,44.0,340.0,Biker,11.0,303.0,303.19960422137757
4524,1,3,42.5,23.5,Pedestrian,9.5,-13.5,16.507574019219177
4524,1,4,34.0,78.5,Pedestrian,1.0,41.5,41.512046444375635
4524,1,6,34.0,740.5,Pedestrian,1.0,703.5,703.500710731695
4524,1,8,1759.5,269.5,Pedestrian,1726.5,232.5,1742.0845272259323
4524,1,10,215.5,227.5,Pedestrian,182.5,190.5,263.81148572418147
4524,1,11,1856.0,1002.5,Pedestrian,1823.0,965.5,2062.8909932422507
4524,1,16,214.0,190.5,Pedestrian,181.0,153.5,237.3251988306341
4524,1,17,45.0,155.5,Biker,12.0,118.5,119.1060451866319
4524,1,19,1934.0,103.0,Biker,1901.0,66.0,1902.1453677361255
4524,1,21,1022.5,1013.5,Pedestrian,989.5,976.5,1390.2023234047626
4524,1,24,776.5,438.0,Pedestrian,743.5,401.0,844.7444879962225
4524,1,26,1757.0,269.5,Biker,1724.0,232.5,1739.606923991739
4524,1,27,258.0,209.0,Pedestrian,225.0,172.0,283.21193477676746
4524,1,43,1482.0,771.5,Pedestrian,1449.0,734.5,1624.528008376587
4524,1,78,1761.0,233.0,Pedestrian,1728.0,196.0,1739.0802166662697
4524,1,80,662.5,479.0,Pedestrian,629.5,442.0,769.1776452809845
4524,1,81,60.0,97.5,Biker,27.0,60.5,66.2514150792268
4524,1,82,994.0,986.5,Pedestrian,961.0,949.5,1350.9519791613616
4525,1,2,44.0,340.0,Biker,11.0,303.0,303.19960422137757
4525,1,3,42.5,23.5,Pedestrian,9.5,-13.5,16.507574019219177
4525,1,4,34.0,78.5,Pedestrian,1.0,41.5,41.512046444375635
4525,1,6,34.0,740.5,Pedestrian,1.0,703.5,703.500710731695
4525,1,8,1759.5,269.5,Pedestrian,1726.5,232.5,1742.0845272259323
4525,1,10,215.5,227.5,Pedestrian,182.5,190.5,263.81148572418147
4525,1,11,1856.0,1002.5,Pedestrian,1823.0,965.5,2062.8909932422507
4525,1,16,214.0,190.5,Pedestrian,181.0,153.5,237.3251988306341
4525,1,17,45.0,155.5,Biker,12.0,118.5,119.1060451866319
4525,1,19,1934.0,103.0,Biker,1901.0,66.0,1902.1453677361255
4525,1,21,1022.5,1013.5,Pedestrian,989.5,976.5,1390.2023234047626
4525,1,24,779.5,438.0,Pedestrian,746.5,401.0,847.3861280431726
4525,1,26,1757.0,269.5,Biker,1724.0,232.5,1739.606923991739
4525,1,27,258.0,209.0,Pedestrian,225.0,172.0,283.21193477676746
4525,1,43,1482.0,771.5,Pedestrian,1449.0,734.5,1624.528008376587
4525,1,78,1759.5,233.0,Pedestrian,1726.5,196.0,1737.5897818530127
4525,1,80,662.5,479.0,Pedestrian,629.5,442.0,769.1776452809845
4525,1,81,66.0,95.0,Biker,33.0,58.0,66.73080248281148
4525,1,82,994.0,986.5,Pedestrian,961.0,949.5,1350.9519791613616
4526,1,2,44.0,340.0,Biker,11.0,303.0,303.19960422137757
4526,1,3,42.5,23.5,Pedestrian,9.5,-13.5,16.507574019219177
4526,1,4,34.0,78.5,Pedestrian,1.0,41.5,41.512046444375635
4526,1,6,34.0,740.5,Pedestrian,1.0,703.5,703.500710731695
4526,1,8,1757.0,269.5,Pedestrian,1724.0,232.5,1739.606923991739
4526,1,10,215.5,227.5,Pedestrian,182.5,190.5,263.81148572418147
4526,1,11,1856.0,1002.5,Pedestrian,1823.0,965.5,2062.8909932422507
4526,1,16,214.0,190.5,Pedestrian,181.0,153.5,237.3251988306341
4526,1,17,45.0,155.5,Biker,12.0,118.5,119.1060451866319
4526,1,19,1934.0,103.0,Biker,1901.0,66.0,1902.1453677361255
4526,1,21,1022.5,1013.5,Pedestrian,989.5,976.5,1390.2023234047626
4526,1,24,781.0,438.0,Pedestrian,748.0,401.0,848.7078413682767
4526,1,26,1754.0,269.5,Biker,1721.0,232.5,1736.6338848473504
4526,1,27,258.0,209.0,Pedestrian,225.0,172.0,283.21193477676746
4526,1,43,1482.0,771.5,Pedestrian,1449.0,734.5,1624.528008376587
4526,1,78,1758.0,233.0,Pedestrian,1725.0,196.0,1736.0993635158097
4526,1,80,659.5,479.0,Pedestrian,626.5,442.0,766.7243637709709
4526,1,81,68.0,95.0,Biker,35.0,58.0,67.7421582177598
4526,1,82,994.0,986.5,Pedestrian,961.0,949.5,1350.9519791613616
4527,1,2,44.0,340.0,Biker,11.0,303.0,303.19960422137757
4527,1,3,42.5,23.5,Pedestrian,9.5,-13.5,16.507574019219177
4527,1,4,34.0,78.5,Pedestrian,1.0,41.5,41.512046444375635
4527,1,6,34.0,740.5,Pedestrian,1.0,703.5,703.500710731695
4527,1,8,1757.0,269.5,Pedestrian,1724.0,232.5,1739.606923991739
4527,1,10,215.5,227.5,Pedestrian,182.5,190.5,263.81148572418147
4527,1,11,1856.0,1002.5,Pedestrian,1823.0,965.5,2062.8909932422507
4527,1,16,214.0,190.5,Pedestrian,181.0,153.5,237.3251988306341
4527,1,17,45.0,155.5,Biker,12.0,118.5,119.1060451866319
4527,1,19,1934.0,103.0,Biker,1901.0,66.0,1902.1453677361255
4527,1,21,1022.5,1013.5,Pedestrian,989.5,976.5,1390.2023234047626
4527,1,24,782.0,437.0,Pedestrian,749.0,400.0,849.1177774608185
4527,1,26,1751.5,269.5,Biker,1718.5,232.5,1734.1564231637237
4527,1,27,258.0,209.0,Pedestrian,225.0,172.0,283.21193477676746
4527,1,43,1482.0,771.5,Pedestrian,1449.0,734.5,1624.528008376587
4527,1,78,1756.5,233.0,Pedestrian,1723.5,196.0,1734.6089616971312
4527,1,80,659.5,479.0,Pedestrian,626.5,442.0,766.7243637709709
4527,1,81,74.0,93.0,Biker,41.0,56.0,69.40461079784254
4527,1,82,995.5,986.5,Pedestrian,962.5,949.5,1352.0194155410638
4528,1,2,44.0,340.0,Biker,11.0,303.0,303.19960422137757
4528,1,3,42.5,23.5,Pedestrian,9.5,-13.5,16.507574019219177
4528,1,4,34.0,78.5,Pedestrian,1.0,41.5,41.512046444375635
4528,1,6,34.0,740.5,Pedestrian,1.0,703.5,703.500710731695
4528,1,8,1754.0,269.5,Pedestrian,1721.0,232.5,1736.6338848473504
4528,1,10,215.5,227.5,Pedestrian,182.5,190.5,263.81148572418147
4528,1,11,1856.0,1002.5,Pedestrian,1823.0,965.5,2062.8909932422507
4528,1,16,214.0,190.5,Pedestrian,181.0,153.5,237.3251988306341
4528,1,17,45.0,155.5,Biker,12.0,118.5,119.1060451866319
4528,1,19,1934.0,103.0,Biker,1901.0,66.0,1902.1453677361255
4528,1,21,1022.5,1013.5,Pedestrian,989.5,976.5,1390.2023234047626
4528,1,24,782.0,438.0,Pedestrian,749.0,401.0,849.5893125504816
4528,1,26,1751.5,269.5,Biker,1718.5,232.5,1734.1564231637237
4528,1,27,258.0,209.0,Pedestrian,225.0,172.0,283.21193477676746
4528,1,43,1482.0,771.5,Pedestrian,1449.0,734.5,1624.528008376587
4528,1,78,1755.5,233.0,Pedestrian,1722.5,196.0,1733.6153696826757
4528,1,80,656.5,479.0,Pedestrian,623.5,442.0,764.2749832357462
4528,1,81,79.0,93.0,Biker,46.0,56.0,72.47068372797375
4528,1,82,995.5,986.5,Pedestrian,962.5,949.5,1352.0194155410638
4529,1,2,44.0,340.0,Biker,11.0,303.0,303.19960422137757
4529,1,3,42.5,23.5,Pedestrian,9.5,-13.5,16.507574019219177
4529,1,4,34.0,78.5,Pedestrian,1.0,41.5,41.512046444375635
4529,1,6,34.0,740.5,Pedestrian,1.0,703.5,703.500710731695
4529,1,8,1754.0,269.5,Pedestrian,1721.0,232.5,1736.6338848473504
4529,1,10,215.5,227.5,Pedestrian,182.5,190.5,263.81148572418147
4529,1,11,1856.0,1002.5,Pedestrian,1823.0,965.5,2062.8909932422507
4529,1,16,214.0,190.5,Pedestrian,181.0,153.5,237.3251988306341
4529,1,17,45.0,155.5,Biker,12.0,118.5,119.1060451866319
4529,1,19,1934.0,103.0,Biker,1901.0,66.0,1902.1453677361255
4529,1,21,1022.5,1013.5,Pedestrian,989.5,976.5,1390.2023234047626
4529,1,24,783.5,438.0,Pedestrian,750.5,401.0,850.9120107273137
4529,1,26,1748.5,269.5,Biker,1715.5,232.5,1731.1835546815942
4529,1,27,258.0,209.0,Pedestrian,225.0,172.0,283.21193477676746
4529,1,43,1482.0,771.5,Pedestrian,1449.0,734.5,1624.528008376587
4529,1,78,1754.5,234.0,Pedestrian,1721.5,197.0,1732.735193271032
4529,1,80,654.5,476.5,Pedestrian,621.5,439.5,761.1980688362261
4529,1,81,85.0,90.5,Biker,52.0,53.5,74.60730527233912
4529,1,82,995.5,986.5,Pedestrian,962.5,949.5,1352.0194155410638
4530,1,2,44.0,340.0,Biker,11.0,303.0,303.19960422137757
4530,1,3,42.5,23.5,Pedestrian,9.5,-13.5,16.507574019219177
4530,1,4,34.0,78.5,Pedestrian,1.0,41.5,41.512046444375635
4530,1,6,34.0,740.5,Pedestrian,1.0,703.5,703.500710731695
4530,1,8,1751.5,269.5,Pedestrian,1718.5,232.5,1734.1564231637237
4530,1,10,215.5,227.5,Pedestrian,182.5,190.5,263.81148572418147
4530,1,11,1856.0,1002.5,Pedestrian,1823.0,965.5,2062.8909932422507
4530,1,16,214.0,190.5,Pedestrian,181.0,153.5,237.3251988306341
4530,1,17,45.0,155.5,Biker,12.0,118.5,119.1060451866319
4530,1,19,1934.0,103.0,Biker,1901.0,66.0,1902.1453677361255
4530,1,21,1022.5,1013.5,Pedestrian,989.5,976.5,1390.2023234047626
4530,1,24,786.0,438.0,Pedestrian,753.0,401.0,853.1178113250245
4530,1,26,1746.0,269.5,Biker,1713.0,232.5,1728.7062358885619
4530,1,27,258.0,209.0,Pedestrian,225.0,172.0,283.21193477676746
4530,1,43,1482.0,771.5,Pedestrian,1449.0,734.5,1624.528008376587
4530,1,78,1753.0,234.0,Pedestrian,1720.0,197.0,1731.2449277904036
4530,1,80,654.5,476.5,Pedestrian,621.5,439.5,761.1980688362261
4530,1,81,90.0,90.5,Biker,57.0,53.5,78.174484328328
4530,1,82,995.5,986.5,Pedestrian,962.5,949.5,1352.0194155410638
4531,1,2,44.0,340.0,Biker,11.0,303.0,303.19960422137757
4531,1,3,42.5,23.5,Pedestrian,9.5,-13.5,16.507574019219177
4531,1,4,34.0,78.5,Pedestrian,1.0,41.5,41.512046444375635
4531,1,6,34.0,740.5,Pedestrian,1.0,703.5,703.500710731695
4531,1,8,1751.5,269.5,Pedestrian,1718.5,232.5,1734.1564231637237
4531,1,10,216.5,228.5,Pedestrian,183.5,191.5,265.2253758598524
4531,1,11,1856.0,1002.5,Pedestrian,1823.0,965.5,2062.8909932422507
4531,1,16,214.0,190.5,Pedestrian,181.0,153.5,237.3251988306341
4531,1,17,45.0,155.5,Biker,12.0,118.5,119.1060451866319
4531,1,19,1934.0,103.0,Biker,1901.0,66.0,1902.1453677361255
4531,1,21,1022.5,1013.5,Pedestrian,989.5,976.5,1390.2023234047626
4531,1,24,787.5,438.0,Pedestrian,754.5,401.0,854.4420694230827
4531,1,26,1746.0,269.5,Biker,1713.0,232.5,1728.7062358885619
4531,1,27,258.0,209.0,Pedestrian,225.0,172.0,283.21193477676746
4531,1,43,1482.0,771.5,Pedestrian,1449.0,734.5,1624.528008376587
4531,1,78,1751.5,234.0,Pedestrian,1718.5,197.0,1729.7546791380562
4531,1,80,651.5,476.5,Pedestrian,618.5,439.5,758.7506177921703
4531,1,81,93.0,88.0,Biker,60.0,51.0,78.74642849044012
4531,1,82,995.5,986.5,Pedestrian,962.5,949.5,1352.0194155410638
