track_id,xmin,ymin,xmax,ymax,frame,lost,occluded,generated,label
0,305.0,2.0,360.0,31.0,0,1,0,0,Pedestrian
0,305.0,2.0,360.0,31.0,1,1,0,1,Pedestrian
0,305.0,2.0,360.0,31.0,2,1,0,1,Pedestrian
0,305.0,2.0,360.0,31.0,3,1,0,1,Pedestrian
0,305.0,2.0,360.0,31.0,4,1,0,1,Pedestrian
0,305.0,2.0,360.0,31.0,5,1,0,1,Pedestrian
0,305.0,2.0,360.0,31.0,6,1,0,1,Pedestrian
0,305.0,2.0,360.0,31.0,7,1,0,1,Pedestrian
0,305.0,2.0,360.0,31.0,8,1,0,1,Pedestrian
0,305.0,2.0,360.0,31.0,9,1,0,1,Pedestrian
0,305.0,2.0,360.0,31.0,10,1,0,1,Pedestrian
0,305.0,2.0,360.0,31.0,11,1,0,1,Pedestrian
0,305.0,2.0,360.0,31.0,12,1,0,1,Pedestrian
0,305.0,2.0,360.0,31.0,13,1,0,1,Pedestrian
0,305.0,2.0,360.0,31.0,14,1,0,1,Pedestrian
0,305.0,2.0,360.0,31.0,15,1,0,1,Pedestrian
0,305.0,2.0,360.0,31.0,16,1,0,1,Pedestrian
0,305.0,2.0,360.0,31.0,17,1,0,1,Pedestrian
0,305.0,2.0,360.0,31.0,18,1,0,1,Pedestrian
0,305.0,2.0,360.0,31.0,19,1,0,1,Pedestrian
0,305.0,2.0,360.0,31.0,20,1,0,1,Pedestrian
0,305.0,2.0,360.0,31.0,21,1,0,1,Pedestrian
0,305.0,2.0,360.0,31.0,22,1,0,1,Pedestrian
0,305.0,2.0,360.0,31.0,23,1,0,1,Pedestrian
0,305.0,2.0,360.0,31.0,24,1,0,1,Pedestrian
0,305.0,2.0,360.0,31.0,25,1,0,1,Pedestrian
0,305.0,2.0,360.0,31.0,26,1,0,1,Pedestrian
0,305.0,2.0,360.0,31.0,27,1,0,1,Pedestrian
0,305.0,2.0,360.0,31.0,28,1,0,1,Pedestrian
0,305.0,2.0,360.0,31.0,29,1,0,1,Pedestrian
0,305.0,2.0,360.0,31.0,30,1,0,1,Pedestrian
0,305.0,2.0,360.0,31.0,31,1,0,1,Pedestrian
0,305.0,2.0,360.0,31.0,32,1,0,1,Pedestrian
0,305.0,2.0,360.0,31.0,33,1,0,1,Pedestrian
0,305.0,2.0,360.0,31.0,34,1,0,1,Pedestrian
0,305.0,2.0,360.0,31.0,35,1,0,1,Pedestrian
0,305.0,2.0,360.0,31.0,36,1,0,1,Pedestrian
0,305.0,2.0,360.0,31.0,37,1,0,1,Pedestrian
0,305.0,2.0,360.0,31.0,38,1,0,1,Pedestrian
0,305.0,2.0,360.0,31.0,39,1,0,1,Pedestrian
0,305.0,2.0,360.0,31.0,40,1,0,1,Pedestrian
0,305.0,2.0,360.0,31.0,41,1,0,1,Pedestrian
0,305.0,2.0,360.0,31.0,42,1,0,1,Pedestrian
0,305.0,2.0,360.0,31.0,43,1,0,1,Pedestrian
0,305.0,2.0,360.0,31.0,44,1,0,1,Pedestrian
0,305.0,2.0,360.0,31.0,45,1,0,1,Pedestrian
0,305.0,2.0,360.0,31.0,46,1,0,1,Pedestrian
0,305.0,2.0,360.0,31.0,47,1,0,1,Pedestrian
0,305.0,2.0,360.0,31.0,48,1,0,1,Pedestrian
0,305.0,2.0,360.0,31.0,49,1,0,1,Pedestrian
0,305.0,2.0,360.0,31.0,50,1,0,1,Pedestrian
0,305.0,2.0,360.0,31.0,51,1,0,1,Pedestrian
0,305.0,2.0,360.0,31.0,52,1,0,1,Pedestrian
0,305.0,2.0,360.0,31.0,53,1,0,1,Pedestrian
0,305.0,2.0,360.0,31.0,54,1,0,1,Pedestrian
0,305.0,2.0,360.0,31.0,55,1,0,1,Pedestrian
0,305.0,2.0,360.0,31.0,56,1,0,1,Pedestrian
0,305.0,2.0,360.0,31.0,57,1,0,1,Pedestrian
0,305.0,2.0,360.0,31.0,58,1,0,1,Pedestrian
0,305.0,2.0,360.0,31.0,59,1,0,1,Pedestrian
0,305.0,2.0,360.0,31.0,60,1,0,1,Pedestrian
0,305.0,2.0,360.0,31.0,61,1,0,1,Pedestrian
0,305.0,2.0,360.0,31.0,62,1,0,1,Pedestrian
0,305.0,2.0,360.0,31.0,63,1,0,1,Pedestrian
0,305.0,2.0,360.0,31.0,64,1,0,1,Pedestrian
0,305.0,2.0,360.0,31.0,65,1,0,1,Pedestrian
0,305.0,2.0,360.0,31.0,66,1,0,1,Pedestrian
0,305.0,2.0,360.0,31.0,67,1,0,1,Pedestrian
0,305.0,2.0,360.0,31.0,68,1,0,1,Pedestrian
0,305.0,2.0,360.0,31.0,69,1,0,1,Pedestrian
0,305.0,2.0,360.0,31.0,70,1,0,1,Pedestrian
0,305.0,2.0,360.0,31.0,71,1,0,1,Pedestrian
0,305.0,2.0,360.0,31.0,72,1,0,1,Pedestrian
0,305.0,2.0,360.0,31.0,73,1,0,1,Pedestrian
0,305.0,2.0,360.0,31.0,74,1,0,1,Pedestrian
0,305.0,2.0,360.0,31.0,75,1,0,1,Pedestrian
0,305.0,2.0,360.0,31.0,76,1,0,1,Pedestrian
0,305.0,2.0,360.0,31.0,77,1,0,1,Pedestrian
0,305.0,2.0,360.0,31.0,78,1,0,1,Pedestrian
0,305.0,2.0,360.0,31.0,79,1,0,1,Pedestrian
0,305.0,2.0,360.0,31.0,80,1,0,1,Pedestrian
0,305.0,2.0,360.0,31.0,81,1,0,1,Pedestrian
0,305.0,2.0,360.0,31.0,82,1,0,1,Pedestrian
0,305.0,2.0,360.0,31.0,83,1,0,1,Pedestrian
0,305.0,2.0,360.0,31.0,84,1,0,1,Pedestrian
0,305.0,2.0,360.0,31.0,85,1,0,1,Pedestrian
0,305.0,2.0,360.0,31.0,86,1,0,1,Pedestrian
0,305.0,2.0,360.0,31.0,87,1,0,1,Pedestrian
0,305.0,2.0,360.0,31.0,88,1,0,1,Pedestrian
0,305.0,2.0,360.0,31.0,89,1,0,1,Pedestrian
0,305.0,2.0,360.0,31.0,90,1,0,1,Pedestrian
0,305.0,2.0,360.0,31.0,91,1,0,1,Pedestrian
0,305.0,2.0,360.0,31.0,92,1,0,1,Pedestrian
0,305.0,2.0,360.0,31.0,93,1,0,1,Pedestrian
0,305.0,2.0,360.0,31.0,94,1,0,1,Pedestrian
0,305.0,2.0,360.0,31.0,95,1,0,1,Pedestrian
0,305.0,2.0,360.0,31.0,96,1,0,1,Pedestrian
0,305.0,2.0,360.0,31.0,97,1,0,1,Pedestrian
0,305.0,2.0,360.0,31.0,98,1,0,1,Pedestrian
0,305.0,2.0,360.0,31.0,99,1,0,1,Pedestrian
0,305.0,2.0,360.0,31.0,100,1,0,1,Pedestrian
0,305.0,2.0,360.0,31.0,101,1,0,1,Pedestrian
0,305.0,2.0,360.0,31.0,102,1,0,1,Pedestrian
0,305.0,2.0,360.0,31.0,103,1,0,1,Pedestrian
0,305.0,2.0,360.0,31.0,104,1,0,1,Pedestrian
0,305.0,2.0,360.0,31.0,105,1,0,1,Pedestrian
0,305.0,2.0,360.0,31.0,106,1,0,1,Pedestrian
0,305.0,2.0,360.0,31.0,107,1,0,1,Pedestrian
0,305.0,2.0,360.0,31.0,108,1,0,1,Pedestrian
0,305.0,2.0,360.0,31.0,109,1,0,1,Pedestrian
0,305.0,2.0,360.0,31.0,110,1,0,1,Pedestrian
0,305.0,2.0,360.0,31.0,111,1,0,1,Pedestrian
0,305.0,2.0,360.0,31.0,112,1,0,1,Pedestrian
0,305.0,2.0,360.0,31.0,113,1,0,1,Pedestrian
0,305.0,2.0,360.0,31.0,114,1,0,1,Pedestrian
0,305.0,2.0,360.0,31.0,115,1,0,1,Pedestrian
0,305.0,2.0,360.0,31.0,116,1,0,1,Pedestrian
0,305.0,2.0,360.0,31.0,117,1,0,1,Pedestrian
0,305.0,2.0,360.0,31.0,118,1,0,1,Pedestrian
0,305.0,2.0,360.0,31.0,119,1,0,1,Pedestrian
0,305.0,2.0,360.0,31.0,120,1,0,1,Pedestrian
0,305.0,2.0,360.0,31.0,121,1,0,1,Pedestrian
0,305.0,2.0,360.0,31.0,122,1,0,1,Pedestrian
0,305.0,2.0,360.0,31.0,123,1,0,1,Pedestrian
0,305.0,2.0,360.0,31.0,124,1,0,1,Pedestrian
0,305.0,2.0,360.0,31.0,125,1,0,1,Pedestrian
0,305.0,2.0,360.0,31.0,126,1,0,1,Pedestrian
0,305.0,2.0,360.0,31.0,127,1,0,1,Pedestrian
0,305.0,2.0,360.0,31.0,128,1,0,1,Pedestrian
0,305.0,2.0,360.0,31.0,129,1,0,1,Pedestrian
0,305.0,2.0,360.0,31.0,130,1,0,1,Pedestrian
0,305.0,2.0,360.0,31.0,131,1,0,1,Pedestrian
0,305.0,2.0,360.0,31.0,132,1,0,1,Pedestrian
0,305.0,2.0,360.0,31.0,133,1,0,1,Pedestrian
0,305.0,2.0,360.0,31.0,134,1,0,1,Pedestrian
0,305.0,2.0,360.0,31.0,135,1,0,1,Pedestrian
0,305.0,2.0,360.0,31.0,136,1,0,1,Pedestrian
0,305.0,2.0,360.0,31.0,137,1,0,1,Pedestrian
0,305.0,2.0,360.0,31.0,138,1,0,1,Pedestrian
0,305.0,2.0,360.0,31.0,139,1,0,1,Pedestrian
0,305.0,2.0,360.0,31.0,140,1,0,1,Pedestrian
0,305.0,2.0,360.0,31.0,141,1,0,1,Pedestrian
0,305.0,2.0,360.0,31.0,142,1,0,1,Pedestrian
0,305.0,2.0,360.0,31.0,143,1,0,1,Pedestrian
0,305.0,2.0,360.0,31.0,144,1,0,1,Pedestrian
0,305.0,2.0,360.0,31.0,145,1,0,1,Pedestrian
0,305.0,2.0,360.0,31.0,146,1,0,1,Pedestrian
0,305.0,2.0,360.0,31.0,147,1,0,1,Pedestrian
0,305.0,2.0,360.0,31.0,148,1,0,1,Pedestrian
0,305.0,2.0,360.0,31.0,149,1,0,1,Pedestrian
0,305.0,2.0,360.0,31.0,150,1,0,1,Pedestrian
0,305.0,2.0,360.0,31.0,151,1,0,1,Pedestrian
0,305.0,2.0,360.0,31.0,152,1,0,1,Pedestrian
0,305.0,2.0,360.0,31.0,153,1,0,1,Pedestrian
0,305.0,2.0,360.0,31.0,154,1,0,1,Pedestrian
0,305.0,2.0,360.0,31.0,155,1,0,1,Pedestrian
0,305.0,2.0,360.0,31.0,156,1,0,1,Pedestrian
0,305.0,2.0,360.0,31.0,157,1,0,1,Pedestrian
0,305.0,2.0,360.0,31.0,158,1,0,1,Pedestrian
0,305.0,2.0,360.0,31.0,159,1,0,1,Pedestrian
0,305.0,2.0,360.0,31.0,160,1,0,1,Pedestrian
0,305.0,2.0,360.0,31.0,161,1,0,1,Pedestrian
0,305.0,2.0,360.0,31.0,162,1,0,1,Pedestrian
0,305.0,2.0,360.0,31.0,163,1,0,1,Pedestrian
0,305.0,2.0,360.0,31.0,164,1,0,1,Pedestrian
0,305.0,2.0,360.0,31.0,165,1,0,1,Pedestrian
0,305.0,2.0,360.0,31.0,166,1,0,1,Pedestrian
0,305.0,2.0,360.0,31.0,167,1,0,1,Pedestrian
0,305.0,2.0,360.0,31.0,168,1,0,1,Pedestrian
0,305.0,2.0,360.0,31.0,169,1,0,1,Pedestrian
0,305.0,2.0,360.0,31.0,170,1,0,1,Pedestrian
0,305.0,2.0,360.0,31.0,171,1,0,1,Pedestrian
0,305.0,2.0,360.0,31.0,172,1,0,1,Pedestrian
0,305.0,2.0,360.0,31.0,173,1,0,1,Pedestrian
0,305.0,2.0,360.0,31.0,174,1,0,1,Pedestrian
0,305.0,2.0,360.0,31.0,175,1,0,1,Pedestrian
0,305.0,2.0,360.0,31.0,176,1,0,1,Pedestrian
0,305.0,2.0,360.0,31.0,177,1,0,1,Pedestrian
0,305.0,2.0,360.0,31.0,178,1,0,1,Pedestrian
0,305.0,2.0,360.0,31.0,179,1,0,1,Pedestrian
0,305.0,2.0,360.0,31.0,180,1,0,1,Pedestrian
0,305.0,2.0,360.0,31.0,181,1,0,1,Pedestrian
0,305.0,2.0,360.0,31.0,182,1,0,1,Pedestrian
0,305.0,2.0,360.0,31.0,183,1,0,1,Pedestrian
0,305.0,2.0,360.0,31.0,184,1,0,1,Pedestrian
0,305.0,2.0,360.0,31.0,185,1,0,1,Pedestrian
0,305.0,2.0,360.0,31.0,186,1,0,1,Pedestrian
0,305.0,2.0,360.0,31.0,187,1,0,1,Pedestrian
0,305.0,2.0,360.0,31.0,188,1,0,1,Pedestrian
0,305.0,2.0,360.0,31.0,189,1,0,1,Pedestrian
0,305.0,2.0,360.0,31.0,190,1,0,1,Pedestrian
0,305.0,2.0,360.0,31.0,191,1,0,1,Pedestrian
0,305.0,2.0,360.0,31.0,192,1,0,1,Pedestrian
0,305.0,2.0,360.0,31.0,193,1,0,1,Pedestrian
0,305.0,2.0,360.0,31.0,194,1,0,1,Pedestrian
0,305.0,2.0,360.0,31.0,195,1,0,1,Pedestrian
0,305.0,2.0,360.0,31.0,196,1,0,1,Pedestrian
0,305.0,2.0,360.0,31.0,197,1,0,1,Pedestrian
0,305.0,2.0,360.0,31.0,198,1,0,1,Pedestrian
0,305.0,2.0,360.0,31.0,199,1,0,1,Pedestrian
0,305.0,2.0,360.0,31.0,200,1,0,1,Pedestrian
0,305.0,2.0,360.0,31.0,201,1,0,1,Pedestrian
0,305.0,2.0,360.0,31.0,202,1,0,1,Pedestrian
0,305.0,2.0,360.0,31.0,203,1,0,1,Pedestrian
0,305.0,2.0,360.0,31.0,204,1,0,1,Pedestrian
0,305.0,2.0,360.0,31.0,205,1,0,1,Pedestrian
0,305.0,2.0,360.0,31.0,206,1,0,1,Pedestrian
0,305.0,2.0,360.0,31.0,207,1,0,1,Pedestrian
0,305.0,2.0,360.0,31.0,208,1,0,1,Pedestrian
0,305.0,2.0,360.0,31.0,209,1,0,1,Pedestrian
0,305.0,2.0,360.0,31.0,210,1,0,1,Pedestrian
0,305.0,2.0,360.0,31.0,211,1,0,1,Pedestrian
0,305.0,2.0,360.0,31.0,212,1,0,1,Pedestrian
0,305.0,2.0,360.0,31.0,213,1,0,1,Pedestrian
0,305.0,2.0,360.0,31.0,214,1,0,1,Pedestrian
0,305.0,2.0,360.0,31.0,215,1,0,1,Pedestrian
0,305.0,2.0,360.0,31.0,216,1,0,1,Pedestrian
0,305.0,2.0,360.0,31.0,217,1,0,1,Pedestrian
0,305.0,2.0,360.0,31.0,218,1,0,1,Pedestrian
0,305.0,2.0,360.0,31.0,219,1,0,1,Pedestrian
0,305.0,2.0,360.0,31.0,220,1,0,1,Pedestrian
0,305.0,2.0,360.0,31.0,221,1,0,1,Pedestrian
0,305.0,2.0,360.0,31.0,222,1,0,1,Pedestrian
0,305.0,2.0,360.0,31.0,223,1,0,1,Pedestrian
0,305.0,2.0,360.0,31.0,224,1,0,1,Pedestrian
0,305.0,2.0,360.0,31.0,225,1,0,1,Pedestrian
0,305.0,2.0,360.0,31.0,226,1,0,1,Pedestrian
0,305.0,2.0,360.0,31.0,227,1,0,1,Pedestrian
0,305.0,2.0,360.0,31.0,228,1,0,1,Pedestrian
0,305.0,2.0,360.0,31.0,229,1,0,1,Pedestrian
0,305.0,2.0,360.0,31.0,230,1,0,1,Pedestrian
0,305.0,2.0,360.0,31.0,231,1,0,1,Pedestrian
0,305.0,2.0,360.0,31.0,232,1,0,1,Pedestrian
0,305.0,2.0,360.0,31.0,233,1,0,1,Pedestrian
0,305.0,2.0,360.0,31.0,234,1,0,1,Pedestrian
0,305.0,2.0,360.0,31.0,235,1,0,1,Pedestrian
0,305.0,2.0,360.0,31.0,236,1,0,1,Pedestrian
0,305.0,2.0,360.0,31.0,237,1,0,1,Pedestrian
0,305.0,2.0,360.0,31.0,238,1,0,1,Pedestrian
0,305.0,2.0,360.0,31.0,239,1,0,1,Pedestrian
0,305.0,2.0,360.0,31.0,240,1,0,1,Pedestrian
0,305.0,2.0,360.0,31.0,241,1,0,1,Pedestrian
0,305.0,2.0,360.0,31.0,242,1,0,1,Pedestrian
0,305.0,2.0,360.0,31.0,243,1,0,1,Pedestrian
0,305.0,2.0,360.0,31.0,244,1,0,1,Pedestrian
0,305.0,2.0,360.0,31.0,245,1,0,1,Pedestrian
0,305.0,2.0,360.0,31.0,246,1,0,1,Pedestrian
0,305.0,2.0,360.0,31.0,247,1,0,1,Pedestrian
0,305.0,2.0,360.0,31.0,248,1,0,1,Pedestrian
0,305.0,2.0,360.0,31.0,249,1,0,1,Pedestrian
0,305.0,2.0,360.0,31.0,250,1,0,1,Pedestrian
0,305.0,2.0,360.0,31.0,251,1,0,1,Pedestrian
0,305.0,2.0,360.0,31.0,252,1,0,1,Pedestrian
0,305.0,2.0,360.0,31.0,253,1,0,1,Pedestrian
0,305.0,2.0,360.0,31.0,254,1,0,1,Pedestrian
0,305.0,2.0,360.0,31.0,255,1,0,1,Pedestrian
0,305.0,2.0,360.0,31.0,256,1,0,1,Pedestrian
0,305.0,2.0,360.0,31.0,257,1,0,1,Pedestrian
0,305.0,2.0,360.0,31.0,258,1,0,1,Pedestrian
0,305.0,2.0,360.0,31.0,259,1,0,1,Pedestrian
0,305.0,2.0,360.0,31.0,260,1,0,1,Pedestrian
0,305.0,2.0,360.0,31.0,261,1,0,1,Pedestrian
0,305.0,2.0,360.0,31.0,262,1,0,1,Pedestrian
0,305.0,2.0,360.0,31.0,263,1,0,1,Pedestrian
0,305.0,2.0,360.0,31.0,264,1,0,1,Pedestrian
0,305.0,2.0,360.0,31.0,265,1,0,1,Pedestrian
0,305.0,2.0,360.0,31.0,266,1,0,1,Pedestrian
0,305.0,2.0,360.0,31.0,267,1,0,1,Pedestrian
0,305.0,2.0,360.0,31.0,268,1,0,1,Pedestrian
0,305.0,2.0,360.0,31.0,269,1,0,1,Pedestrian
0,305.0,2.0,360.0,31.0,270,1,0,1,Pedestrian
0,305.0,2.0,360.0,31.0,271,1,0,1,Pedestrian
0,305.0,2.0,360.0,31.0,272,1,0,1,Pedestrian
0,305.0,2.0,360.0,31.0,273,1,0,1,Pedestrian
0,305.0,2.0,360.0,31.0,274,1,0,1,Pedestrian
0,305.0,2.0,360.0,31.0,275,1,0,1,Pedestrian
0,305.0,2.0,360.0,31.0,276,1,0,1,Pedestrian
0,305.0,2.0,360.0,31.0,277,1,0,1,Pedestrian
0,305.0,2.0,360.0,31.0,278,1,0,1,Pedestrian
0,305.0,2.0,360.0,31.0,279,1,0,1,Pedestrian
0,305.0,2.0,360.0,31.0,280,0,0,0,Pedestrian
0,308.0,2.0,363.0,31.0,281,0,0,1,Pedestrian
0,311.0,2.0,366.0,31.0,282,0,0,1,Pedestrian
0,313.0,2.0,369.0,31.0,283,0,0,1,Pedestrian
0,319.0,2.0,374.0,31.0,284,0,0,1,Pedestrian
0,322.0,2.0,377.0,31.0,285,0,0,1,Pedestrian
0,324.0,2.0,380.0,31.0,286,0,0,1,Pedestrian
0,327.0,2.0,382.0,31.0,287,0,0,1,Pedestrian
0,333.0,2.0,388.0,31.0,288,0,0,1,Pedestrian
0,336.0,2.0,391.0,31.0,289,0,0,1,Pedestrian
0,338.0,2.0,393.0,31.0,290,0,0,1,Pedestrian
0,341.0,2.0,396.0,31.0,291,0,0,1,Pedestrian
0,347.0,2.0,402.0,31.0,292,0,0,1,Pedestrian
0,349.0,2.0,404.0,31.0,293,0,0,1,Pedestrian
0,352.0,2.0,407.0,31.0,294,0,0,1,Pedestrian
0,355.0,2.0,410.0,31.0,295,0,0,1,Pedestrian
0,360.0,2.0,415.0,31.0,296,0,0,1,Pedestrian
0,363.0,2.0,418.0,31.0,297,0,0,1,Pedestrian
0,366.0,2.0,421.0,31.0,298,0,0,1,Pedestrian
0,369.0,2.0,424.0,31.0,299,0,0,1,Pedestrian
0,374.0,2.0,429.0,31.0,300,0,0,1,Pedestrian
0,377.0,2.0,432.0,31.0,301,0,0,1,Pedestrian
0,380.0,2.0,435.0,31.0,302,0,0,1,Pedestrian
0,382.0,2.0,437.0,31.0,303,0,0,1,Pedestrian
0,388.0,2.0,443.0,31.0,304,0,0,1,Pedestrian
0,391.0,2.0,446.0,31.0,305,0,0,1,Pedestrian
0,393.0,2.0,448.0,31.0,306,0,0,1,Pedestrian
0,396.0,2.0,451.0,31.0,307,0,0,1,Pedestrian
0,402.0,2.0,457.0,31.0,308,0,0,1,Pedestrian
0,404.0,2.0,459.0,31.0,309,0,0,1,Pedestrian
0,407.0,2.0,462.0,31.0,310,0,0,1,Pedestrian
0,410.0,2.0,465.0,31.0,311,0,0,1,Pedestrian
0,415.0,2.0,470.0,31.0,312,0,0,1,Pedestrian
0,418.0,2.0,473.0,31.0,313,0,0,1,Pedestrian
0,421.0,2.0,476.0,31.0,314,0,0,1,Pedestrian
0,424.0,2.0,479.0,31.0,315,0,0,1,Pedestrian
0,429.0,2.0,484.0,31.0,316,0,0,1,Pedestrian
0,432.0,2.0,487.0,31.0,317,0,0,1,Pedestrian
0,435.0,2.0,490.0,31.0,318,0,0,1,Pedestrian
0,437.0,2.0,492.0,31.0,319,0,0,1,Pedestrian
0,443.0,4.0,498.0,34.0,320,0,0,0,Pedestrian
0,446.0,4.0,501.0,34.0,321,0,0,1,Pedestrian
0,448.0,4.0,504.0,34.0,322,0,0,1,Pedestrian
0,454.0,4.0,509.0,34.0,323,0,0,1,Pedestrian
0,457.0,4.0,512.0,34.0,324,0,0,1,Pedestrian
0,462.0,4.0,517.0,34.0,325,0,0,1,Pedestrian
0,465.0,4.0,520.0,34.0,326,0,0,1,Pedestrian
0,468.0,4.0,523.0,34.0,327,0,0,1,Pedestrian
0,473.0,4.0,528.0,34.0,328,0,0,1,Pedestrian
0,476.0,4.0,531.0,34.0,329,0,0,1,Pedestrian
0,481.0,4.0,537.0,34.0,330,0,0,1,Pedestrian
0,484.0,4.0,539.0,34.0,331,0,0,1,Pedestrian
0,487.0,4.0,542.0,34.0,332,0,0,1,Pedestrian
0,492.0,4.0,548.0,34.0,333,0,0,1,Pedestrian
0,495.0,4.0,550.0,34.0,334,0,0,1,Pedestrian
0,501.0,4.0,556.0,34.0,335,0,0,1,Pedestrian
0,504.0,6.0,559.0,36.0,336,0,0,1,Pedestrian
0,509.0,6.0,564.0,36.0,337,0,0,1,Pedestrian
0,512.0,6.0,567.0,36.0,338,0,0,1,Pedestrian
0,515.0,6.0,570.0,36.0,339,0,0,1,Pedestrian
0,520.0,6.0,575.0,36.0,340,0,0,1,Pedestrian
0,523.0,6.0,578.0,36.0,341,0,0,1,Pedestrian
0,528.0,6.0,583.0,36.0,342,0,0,1,Pedestrian
0,531.0,6.0,586.0,36.0,343,0,0,1,Pedestrian
0,534.0,6.0,589.0,36.0,344,0,0,1,Pedestrian
0,539.0,6.0,594.0,36.0,345,0,0,1,Pedestrian
0,542.0,6.0,597.0,36.0,346,0,0,1,Pedestrian
0,548.0,6.0,603.0,36.0,347,0,0,1,Pedestrian
0,550.0,6.0,605.0,36.0,348,0,0,1,Pedestrian
0,553.0,6.0,608.0,36.0,349,0,0,1,Pedestrian
0,559.0,6.0,614.0,36.0,350,0,0,1,Pedestrian
0,561.0,6.0,616.0,36.0,351,0,0,1,Pedestrian
0,567.0,9.0,622.0,38.0,352,0,0,1,Pedestrian
0,570.0,9.0,625.0,38.0,353,0,0,1,Pedestrian
0,575.0,9.0,630.0,38.0,354,0,0,1,Pedestrian
0,578.0,9.0,633.0,38.0,355,0,0,1,Pedestrian
0,581.0,9.0,636.0,38.0,356,0,0,1,Pedestrian
0,586.0,9.0,641.0,38.0,357,0,0,1,Pedestrian
0,589.0,9.0,644.0,38.0,358,0,0,1,Pedestrian
0,594.0,9.0,649.0,38.0,359,0,0,1,Pedestrian
0,597.0,9.0,652.0,38.0,360,0,0,1,Pedestrian
0,600.0,9.0,655.0,38.0,361,0,0,1,Pedestrian
0,605.0,9.0,661.0,38.0,362,0,0,1,Pedestrian
0,608.0,9.0,663.0,38.0,363,0,0,1,Pedestrian
0,614.0,9.0,669.0,38.0,364,0,0,1,Pedestrian
0,616.0,9.0,672.0,38.0,365,0,0,1,Pedestrian
0,619.0,9.0,674.0,38.0,366,0,0,1,Pedestrian
0,625.0,9.0,680.0,38.0,367,0,0,1,Pedestrian
0,627.0,11.0,683.0,40.0,368,0,0,1,Pedestrian
0,633.0,11.0,688.0,40.0,369,0,0,1,Pedestrian
0,636.0,11.0,691.0,40.0,370,0,0,1,Pedestrian
0,641.0,11.0,696.0,40.0,371,0,0,1,Pedestrian
0,644.0,11.0,699.0,40.0,372,0,0,1,Pedestrian
0,647.0,11.0,702.0,40.0,373,0,0,1,Pedestrian
0,652.0,11.0,707.0,40.0,374,0,0,1,Pedestrian
0,655.0,11.0,710.0,40.0,375,0,0,1,Pedestrian
0,661.0,11.0,716.0,40.0,376,0,0,1,Pedestrian
0,663.0,11.0,718.0,40.0,377,0,0,1,Pedestrian
0,666.0,11.0,721.0,40.0,378,0,0,1,Pedestrian
0,672.0,11.0,727.0,40.0,379,0,0,1,Pedestrian
0,674.0,11.0,729.0,40.0,380,0,0,1,Pedestrian
0,680.0,11.0,735.0,40.0,381,0,0,1,Pedestrian
0,683.0,11.0,738.0,40.0,382,0,0,1,Pedestrian
0,685.0,11.0,740.0,40.0,383,0,0,1,Pedestrian
0,691.0,13.0,746.0,43.0,384,0,0,1,Pedestrian
0,694.0,13.0,749.0,43.0,385,0,0,1,Pedestrian
0,699.0,13.0,754.0,43.0,386,0,0,1,Pedestrian
0,702.0,13.0,757.0,43.0,387,0,0,1,Pedestrian
0,707.0,13.0,762.0,43.0,388,0,0,1,Pedestrian
0,710.0,13.0,765.0,43.0,389,0,0,1,Pedestrian
0,713.0,13.0,768.0,43.0,390,0,0,1,Pedestrian
0,718.0,13.0,773.0,43.0,391,0,0,1,Pedestrian
0,721.0,13.0,776.0,43.0,392,0,0,1,Pedestrian
0,727.0,13.0,782.0,43.0,393,0,0,1,Pedestrian
0,729.0,13.0,784.0,43.0,394,0,0,1,Pedestrian
0,732.0,13.0,787.0,43.0,395,0,0,1,Pedestrian
0,738.0,13.0,793.0,43.0,396,0,0,1,Pedestrian
0,740.0,13.0,795.0,43.0,397,0,0,1,Pedestrian
0,746.0,13.0,801.0,43.0,398,0,0,1,Pedestrian
0,749.0,13.0,804.0,43.0,399,0,0,1,Pedestrian
0,754.0,15.0,809.0,45.0,400,0,0,0,Pedestrian
0,757.0,15.0,812.0,45.0,401,0,0,1,Pedestrian
0,760.0,15.0,815.0,45.0,402,0,0,1,Pedestrian
0,762.0,15.0,817.0,45.0,403,0,0,1,Pedestrian
0,768.0,15.0,823.0,45.0,404,0,0,1,Pedestrian
0,771.0,15.0,826.0,45.0,405,0,0,1,Pedestrian
0,773.0,15.0,829.0,45.0,406,0,0,1,Pedestrian
0,779.0,15.0,834.0,45.0,407,0,0,1,Pedestrian
0,782.0,18.0,837.0,47.0,408,0,0,1,Pedestrian
0,784.0,18.0,840.0,47.0,409,0,0,1,Pedestrian
0,790.0,18.0,845.0,47.0,410,0,0,1,Pedestrian
0,793.0,18.0,848.0,47.0,411,0,0,1,Pedestrian
0,795.0,18.0,851.0,47.0,412,0,0,1,Pedestrian
0,801.0,18.0,856.0,47.0,413,0,0,1,Pedestrian
0,804.0,18.0,859.0,47.0,414,0,0,1,Pedestrian
0,806.0,18.0,862.0,47.0,415,0,0,1,Pedestrian
0,812.0,20.0,867.0,49.0,416,0,0,1,Pedestrian
0,815.0,20.0,870.0,49.0,417,0,0,1,Pedestrian
0,817.0,20.0,873.0,49.0,418,0,0,1,Pedestrian
0,823.0,20.0,878.0,49.0,419,0,0,1,Pedestrian
0,826.0,20.0,881.0,49.0,420,0,0,1,Pedestrian
0,829.0,20.0,884.0,49.0,421,0,0,1,Pedestrian
0,834.0,20.0,889.0,49.0,422,0,0,1,Pedestrian
0,837.0,20.0,892.0,49.0,423,0,0,1,Pedestrian
0,840.0,22.0,895.0,52.0,424,0,0,1,Pedestrian
0,845.0,22.0,900.0,52.0,425,0,0,1,Pedestrian
0,848.0,22.0,903.0,52.0,426,0,0,1,Pedestrian
0,851.0,22.0,906.0,52.0,427,0,0,1,Pedestrian
0,856.0,22.0,911.0,52.0,428,0,0,1,Pedestrian
0,859.0,22.0,914.0,52.0,429,0,0,1,Pedestrian
0,862.0,22.0,917.0,52.0,430,0,0,1,Pedestrian
0,867.0,24.0,922.0,54.0,431,0,0,1,Pedestrian
0,870.0,24.0,925.0,54.0,432,0,0,1,Pedestrian
0,873.0,24.0,928.0,54.0,433,0,0,1,Pedestrian
0,878.0,24.0,933.0,54.0,434,0,0,1,Pedestrian
0,881.0,24.0,936.0,54.0,435,0,0,1,Pedestrian
0,884.0,24.0,939.0,54.0,436,0,0,1,Pedestrian
0,889.0,24.0,944.0,54.0,437,0,0,1,Pedestrian
0,892.0,24.0,947.0,54.0,438,0,0,1,Pedestrian
0,895.0,27.0,950.0,56.0,439,0,0,1,Pedestrian
0,900.0,27.0,955.0,56.0,440,0,0,1,Pedestrian
0,903.0,27.0,958.0,56.0,441,0,0,1,Pedestrian
0,906.0,27.0,961.0,56.0,442,0,0,1,Pedestrian
0,911.0,27.0,966.0,56.0,443,0,0,1,Pedestrian
0,914.0,27.0,969.0,56.0,444,0,0,1,Pedestrian
0,917.0,27.0,972.0,56.0,445,0,0,1,Pedestrian
0,922.0,27.0,977.0,56.0,446,0,0,1,Pedestrian
0,925.0,29.0,980.0,58.0,447,0,0,1,Pedestrian
0,928.0,29.0,983.0,58.0,448,0,0,1,Pedestrian
0,933.0,29.0,988.0,58.0,449,0,0,1,Pedestrian
0,936.0,29.0,991.0,58.0,450,0,0,1,Pedestrian
0,939.0,29.0,994.0,58.0,451,0,0,1,Pedestrian
0,944.0,29.0,999.0,58.0,452,0,0,1,Pedestrian
0,947.0,29.0,1002.0,58.0,453,0,0,1,Pedestrian
0,950.0,31.0,1005.0,61.0,454,0,0,1,Pedestrian
0,955.0,31.0,1010.0,61.0,455,0,0,1,Pedestrian
0,958.0,31.0,1013.0,61.0,456,0,0,1,Pedestrian
0,961.0,31.0,1016.0,61.0,457,0,0,1,Pedestrian
0,966.0,31.0,1021.0,61.0,458,0,0,1,Pedestrian
0,969.0,31.0,1024.0,61.0,459,0,0,1,Pedestrian
0,972.0,31.0,1027.0,61.0,460,0,0,1,Pedestrian
0,977.0,31.0,1032.0,61.0,461,0,0,1,Pedestrian
0,980.0,34.0,1035.0,63.0,462,0,0,1,Pedestrian
0,983.0,34.0,1038.0,63.0,463,0,0,1,Pedestrian
0,988.0,34.0,1043.0,63.0,464,0,0,1,Pedestrian
0,991.0,34.0,1046.0,63.0,465,0,0,1,Pedestrian
0,994.0,34.0,1049.0,63.0,466,0,0,1,Pedestrian
0,999.0,34.0,1054.0,63.0,467,0,0,1,Pedestrian
0,1002.0,34.0,1057.0,63.0,468,0,0,1,Pedestrian
0,1005.0,34.0,1060.0,63.0,469,0,0,1,Pedestrian
0,1010.0,36.0,1065.0,65.0,470,0,0,1,Pedestrian
0,1013.0,36.0,1068.0,65.0,471,0,0,1,Pedestrian
0,1016.0,36.0,1071.0,65.0,472,0,0,1,Pedestrian
0,1021.0,36.0,1076.0,65.0,473,0,0,1,Pedestrian
0,1024.0,36.0,1079.0,65.0,474,0,0,1,Pedestrian
0,1027.0,36.0,1082.0,65.0,475,0,0,1,Pedestrian
0,1032.0,36.0,1087.0,65.0,476,0,0,1,Pedestrian
0,1035.0,38.0,1090.0,68.0,477,0,0,1,Pedestrian
0,1038.0,38.0,1093.0,68.0,478,0,0,1,Pedestrian
0,1043.0,38.0,1098.0,68.0,479,0,0,1,Pedestrian
0,1046.0,38.0,1101.0,68.0,480,0,0,1,Pedestrian
0,1049.0,38.0,1104.0,68.0,481,0,0,1,Pedestrian
0,1054.0,38.0,1109.0,68.0,482,0,0,1,Pedestrian
0,1057.0,38.0,1112.0,68.0,483,0,0,1,Pedestrian
0,1060.0,38.0,1115.0,68.0,484,0,0,1,Pedestrian
0,1065.0,40.0,1120.0,70.0,485,0,0,1,Pedestrian
0,1068.0,40.0,1123.0,70.0,486,0,0,1,Pedestrian
0,1071.0,40.0,1126.0,70.0,487,0,0,1,Pedestrian
0,1076.0,40.0,1131.0,70.0,488,0,0,1,Pedestrian
0,1079.0,40.0,1134.0,70.0,489,0,0,1,Pedestrian
0,1082.0,40.0,1137.0,70.0,490,0,0,1,Pedestrian
0,1087.0,40.0,1142.0,70.0,491,0,0,1,Pedestrian
0,1090.0,40.0,1145.0,70.0,492,0,0,1,Pedestrian
0,1093.0,43.0,1148.0,72.0,493,0,0,1,Pedestrian
0,1098.0,43.0,1153.0,72.0,494,0,0,1,Pedestrian
0,1101.0,43.0,1156.0,72.0,495,0,0,1,Pedestrian
0,1104.0,43.0,1159.0,72.0,496,0,0,1,Pedestrian
0,1109.0,43.0,1165.0,72.0,497,0,0,1,Pedestrian
0,1112.0,43.0,1167.0,72.0,498,0,0,1,Pedestrian
0,1115.0,43.0,1170.0,72.0,499,0,0,1,Pedestrian
0,1120.0,45.0,1176.0,74.0,500,0,0,0,Pedestrian
0,1120.0,45.0,1176.0,74.0,501,0,0,1,Pedestrian
0,1123.0,45.0,1176.0,74.0,502,0,0,1,Pedestrian
0,1126.0,45.0,1176.0,77.0,503,0,0,1,Pedestrian
0,1129.0,45.0,1176.0,77.0,504,0,0,1,Pedestrian
0,1129.0,45.0,1176.0,77.0,505,0,0,1,Pedestrian
0,1131.0,45.0,1176.0,79.0,506,0,0,1,Pedestrian
0,1134.0,45.0,1176.0,79.0,507,0,0,1,Pedestrian
0,1137.0,45.0,1178.0,81.0,508,0,0,0,Pedestrian
1,374.0,2.0,432.0,43.0,0,1,0,0,Pedestrian
1,374.0,2.0,432.0,43.0,1,1,0,1,Pedestrian
1,374.0,2.0,432.0,43.0,2,1,0,1,Pedestrian
1,374.0,2.0,432.0,43.0,3,1,0,1,Pedestrian
1,374.0,2.0,432.0,43.0,4,1,0,1,Pedestrian
1,374.0,2.0,432.0,43.0,5,1,0,1,Pedestrian
1,374.0,2.0,432.0,43.0,6,1,0,1,Pedestrian
1,374.0,2.0,432.0,43.0,7,1,0,1,Pedestrian
1,374.0,2.0,432.0,43.0,8,1,0,1,Pedestrian
1,374.0,2.0,432.0,43.0,9,1,0,1,Pedestrian
1,374.0,2.0,432.0,43.0,10,1,0,1,Pedestrian
1,374.0,2.0,432.0,43.0,11,1,0,1,Pedestrian
1,374.0,2.0,432.0,43.0,12,1,0,1,Pedestrian
1,374.0,2.0,432.0,43.0,13,1,0,1,Pedestrian
1,374.0,2.0,432.0,43.0,14,1,0,1,Pedestrian
1,374.0,2.0,432.0,43.0,15,1,0,1,Pedestrian
1,374.0,2.0,432.0,43.0,16,1,0,1,Pedestrian
1,374.0,2.0,432.0,43.0,17,1,0,1,Pedestrian
1,374.0,2.0,432.0,43.0,18,1,0,1,Pedestrian
1,374.0,2.0,432.0,43.0,19,1,0,1,Pedestrian
1,374.0,2.0,432.0,43.0,20,1,0,1,Pedestrian
1,374.0,2.0,432.0,43.0,21,1,0,1,Pedestrian
1,374.0,2.0,432.0,43.0,22,1,0,1,Pedestrian
1,374.0,2.0,432.0,43.0,23,1,0,1,Pedestrian
1,374.0,2.0,432.0,43.0,24,1,0,1,Pedestrian
1,374.0,2.0,432.0,43.0,25,1,0,1,Pedestrian
1,374.0,2.0,432.0,43.0,26,1,0,1,Pedestrian
1,374.0,2.0,432.0,43.0,27,1,0,1,Pedestrian
1,374.0,2.0,432.0,43.0,28,1,0,1,Pedestrian
1,374.0,2.0,432.0,43.0,29,1,0,1,Pedestrian
1,374.0,2.0,432.0,43.0,30,1,0,1,Pedestrian
1,374.0,2.0,432.0,43.0,31,1,0,1,Pedestrian
1,374.0,2.0,432.0,43.0,32,1,0,1,Pedestrian
1,374.0,2.0,432.0,43.0,33,1,0,1,Pedestrian
1,374.0,2.0,432.0,43.0,34,1,0,1,Pedestrian
1,374.0,2.0,432.0,43.0,35,1,0,1,Pedestrian
1,374.0,2.0,432.0,43.0,36,1,0,1,Pedestrian
1,374.0,2.0,432.0,43.0,37,1,0,1,Pedestrian
1,374.0,2.0,432.0,43.0,38,1,0,1,Pedestrian
1,374.0,2.0,432.0,43.0,39,1,0,1,Pedestrian
1,374.0,2.0,432.0,43.0,40,1,0,1,Pedestrian
1,374.0,2.0,432.0,43.0,41,1,0,1,Pedestrian
1,374.0,2.0,432.0,43.0,42,1,0,1,Pedestrian
1,374.0,2.0,432.0,43.0,43,1,0,1,Pedestrian
1,374.0,2.0,432.0,43.0,44,1,0,1,Pedestrian
1,374.0,2.0,432.0,43.0,45,1,0,1,Pedestrian
1,374.0,2.0,432.0,43.0,46,1,0,1,Pedestrian
1,374.0,2.0,432.0,43.0,47,1,0,1,Pedestrian
1,374.0,2.0,432.0,43.0,48,1,0,1,Pedestrian
1,374.0,2.0,432.0,43.0,49,1,0,1,Pedestrian
1,374.0,2.0,432.0,43.0,50,1,0,1,Pedestrian
1,374.0,2.0,432.0,43.0,51,1,0,1,Pedestrian
1,374.0,2.0,432.0,43.0,52,1,0,1,Pedestrian
1,374.0,2.0,432.0,43.0,53,1,0,1,Pedestrian
1,374.0,2.0,432.0,43.0,54,1,0,1,Pedestrian
1,374.0,2.0,432.0,43.0,55,1,0,1,Pedestrian
1,374.0,2.0,432.0,43.0,56,1,0,1,Pedestrian
1,374.0,2.0,432.0,43.0,57,1,0,1,Pedestrian
1,374.0,2.0,432.0,43.0,58,1,0,1,Pedestrian
1,374.0,2.0,432.0,43.0,59,1,0,1,Pedestrian
1,374.0,2.0,432.0,43.0,60,0,0,0,Pedestrian
1,377.0,4.0,435.0,45.0,61,0,0,1,Pedestrian
1,380.0,6.0,437.0,47.0,62,0,0,1,Pedestrian
1,385.0,9.0,443.0,49.0,63,0,0,1,Pedestrian
1,388.0,11.0,446.0,52.0,64,0,0,1,Pedestrian
1,393.0,13.0,451.0,54.0,65,0,0,1,Pedestrian
1,396.0,15.0,454.0,56.0,66,0,0,1,Pedestrian
1,399.0,18.0,457.0,58.0,67,0,0,1,Pedestrian
1,404.0,20.0,462.0,61.0,68,0,0,1,Pedestrian
1,407.0,22.0,465.0,63.0,69,0,0,1,Pedestrian
1,413.0,24.0,470.0,65.0,70,0,0,1,Pedestrian
1,415.0,27.0,473.0,68.0,71,0,0,1,Pedestrian
1,421.0,29.0,479.0,70.0,72,0,0,1,Pedestrian
1,424.0,31.0,481.0,72.0,73,0,0,1,Pedestrian
1,426.0,34.0,484.0,74.0,74,0,0,1,Pedestrian
1,432.0,36.0,490.0,77.0,75,0,0,1,Pedestrian
1,435.0,38.0,492.0,79.0,76,0,0,1,Pedestrian
1,440.0,40.0,498.0,81.0,77,0,0,1,Pedestrian
1,443.0,43.0,501.0,83.0,78,0,0,1,Pedestrian
1,446.0,45.0,504.0,86.0,79,0,0,1,Pedestrian
1,451.0,47.0,509.0,88.0,80,0,0,1,Pedestrian
1,454.0,49.0,512.0,90.0,81,0,0,1,Pedestrian
1,459.0,52.0,517.0,92.0,82,0,0,1,Pedestrian
1,462.0,54.0,520.0,95.0,83,0,0,1,Pedestrian
1,468.0,56.0,526.0,97.0,84,0,0,1,Pedestrian
1,470.0,61.0,528.0,102.0,85,0,0,1,Pedestrian
1,473.0,63.0,531.0,104.0,86,0,0,1,Pedestrian
1,479.0,65.0,537.0,106.0,87,0,0,1,Pedestrian
1,481.0,68.0,539.0,108.0,88,0,0,1,Pedestrian
1,487.0,70.0,545.0,111.0,89,0,0,1,Pedestrian
1,490.0,72.0,548.0,113.0,90,0,0,1,Pedestrian
1,495.0,74.0,553.0,115.0,91,0,0,1,Pedestrian
1,498.0,77.0,556.0,117.0,92,0,0,1,Pedestrian
1,501.0,79.0,559.0,120.0,93,0,0,1,Pedestrian
1,506.0,81.0,564.0,122.0,94,0,0,1,Pedestrian
1,509.0,83.0,567.0,124.0,95,0,0,1,Pedestrian
1,515.0,86.0,572.0,126.0,96,0,0,1,Pedestrian
1,517.0,88.0,575.0,129.0,97,0,0,1,Pedestrian
1,520.0,90.0,578.0,131.0,98,0,0,1,Pedestrian
1,526.0,92.0,583.0,133.0,99,0,0,1,Pedestrian
1,528.0,95.0,586.0,136.0,100,0,0,1,Pedestrian
1,534.0,97.0,592.0,138.0,101,0,0,1,Pedestrian
1,537.0,99.0,594.0,140.0,102,0,0,1,Pedestrian
1,542.0,102.0,600.0,142.0,103,0,0,1,Pedestrian
1,545.0,104.0,603.0,145.0,104,0,0,1,Pedestrian
1,548.0,106.0,605.0,147.0,105,0,0,1,Pedestrian
1,553.0,108.0,611.0,149.0,106,0,0,1,Pedestrian
1,556.0,111.0,614.0,151.0,107,0,0,1,Pedestrian
1,561.0,113.0,619.0,154.0,108,0,0,1,Pedestrian
1,564.0,115.0,622.0,156.0,109,0,0,1,Pedestrian
1,570.0,120.0,627.0,160.0,110,0,0,0,Pedestrian
1,572.0,122.0,630.0,163.0,111,0,0,1,Pedestrian
1,575.0,124.0,633.0,165.0,112,0,0,1,Pedestrian
1,578.0,129.0,636.0,170.0,113,0,0,1,Pedestrian
1,583.0,131.0,641.0,172.0,114,0,0,1,Pedestrian
1,586.0,133.0,644.0,174.0,115,0,0,1,Pedestrian
1,589.0,138.0,647.0,179.0,116,0,0,1,Pedestrian
1,594.0,140.0,652.0,181.0,117,0,0,1,Pedestrian
1,597.0,142.0,655.0,183.0,118,0,0,1,Pedestrian
1,600.0,147.0,658.0,188.0,119,0,0,1,Pedestrian
1,605.0,149.0,663.0,190.0,120,0,0,1,Pedestrian
1,608.0,154.0,666.0,194.0,121,0,0,1,Pedestrian
1,611.0,156.0,669.0,197.0,122,0,0,1,Pedestrian
1,614.0,158.0,672.0,199.0,123,0,0,1,Pedestrian
1,619.0,163.0,677.0,204.0,124,0,0,1,Pedestrian
1,622.0,165.0,680.0,206.0,125,0,0,1,Pedestrian
1,625.0,167.0,683.0,208.0,126,0,0,1,Pedestrian
1,630.0,172.0,688.0,213.0,127,0,0,1,Pedestrian
1,633.0,174.0,691.0,215.0,128,0,0,1,Pedestrian
1,636.0,176.0,694.0,217.0,129,0,0,1,Pedestrian
1,641.0,181.0,699.0,222.0,130,0,0,1,Pedestrian
1,644.0,183.0,702.0,224.0,131,0,0,1,Pedestrian
1,647.0,188.0,705.0,228.0,132,0,0,1,Pedestrian
1,649.0,190.0,707.0,231.0,133,0,0,1,Pedestrian
1,655.0,192.0,713.0,233.0,134,0,0,1,Pedestrian
1,658.0,197.0,716.0,238.0,135,0,0,1,Pedestrian
1,661.0,199.0,718.0,240.0,136,0,0,1,Pedestrian
1,666.0,201.0,724.0,242.0,137,0,0,1,Pedestrian
1,669.0,206.0,727.0,247.0,138,0,0,1,Pedestrian
1,672.0,208.0,729.0,249.0,139,0,0,1,Pedestrian
1,677.0,213.0,735.0,253.0,140,0,0,1,Pedestrian
1,680.0,215.0,738.0,256.0,141,0,0,1,Pedestrian
1,683.0,217.0,740.0,258.0,142,0,0,1,Pedestrian
1,685.0,222.0,743.0,262.0,143,0,0,1,Pedestrian
1,691.0,224.0,749.0,265.0,144,0,0,1,Pedestrian
1,694.0,226.0,751.0,267.0,145,0,0,1,Pedestrian
1,696.0,231.0,754.0,272.0,146,0,0,1,Pedestrian
1,702.0,233.0,760.0,274.0,147,0,0,1,Pedestrian
1,705.0,235.0,762.0,276.0,148,0,0,1,Pedestrian
1,707.0,240.0,765.0,281.0,149,0,0,1,Pedestrian
1,713.0,242.0,771.0,283.0,150,0,0,1,Pedestrian
1,716.0,247.0,773.0,287.0,151,0,0,1,Pedestrian
1,718.0,249.0,776.0,290.0,152,0,0,1,Pedestrian
1,721.0,251.0,779.0,292.0,153,0,0,1,Pedestrian
1,727.0,256.0,784.0,296.0,154,0,0,1,Pedestrian
1,729.0,258.0,787.0,299.0,155,0,0,1,Pedestrian
1,732.0,260.0,790.0,301.0,156,0,0,1,Pedestrian
1,738.0,265.0,795.0,306.0,157,0,0,1,Pedestrian
1,740.0,267.0,798.0,308.0,158,0,0,1,Pedestrian
1,743.0,269.0,801.0,310.0,159,0,0,1,Pedestrian
1,749.0,274.0,806.0,315.0,160,0,0,1,Pedestrian
1,751.0,276.0,809.0,317.0,161,0,0,1,Pedestrian
1,754.0,281.0,812.0,321.0,162,0,0,1,Pedestrian
1,757.0,283.0,815.0,324.0,163,0,0,1,Pedestrian
1,762.0,285.0,820.0,326.0,164,0,0,1,Pedestrian
1,765.0,290.0,823.0,330.0,165,0,0,1,Pedestrian
1,768.0,292.0,826.0,333.0,166,0,0,1,Pedestrian
1,773.0,294.0,831.0,335.0,167,0,0,1,Pedestrian
1,776.0,299.0,834.0,340.0,168,0,0,1,Pedestrian
1,779.0,301.0,837.0,342.0,169,0,0,1,Pedestrian
1,784.0,306.0,842.0,346.0,170,0,0,0,Pedestrian
1,787.0,308.0,845.0,349.0,171,0,0,1,Pedestrian
1,790.0,310.0,848.0,351.0,172,0,0,1,Pedestrian
1,795.0,312.0,853.0,353.0,173,0,0,1,Pedestrian
1,798.0,317.0,856.0,358.0,174,0,0,1,Pedestrian
1,801.0,319.0,859.0,360.0,175,0,0,1,Pedestrian
1,806.0,321.0,864.0,362.0,176,0,0,1,Pedestrian
1,809.0,324.0,867.0,364.0,177,0,0,1,Pedestrian
1,812.0,328.0,870.0,369.0,178,0,0,1,Pedestrian
1,817.0,330.0,875.0,371.0,179,0,0,1,Pedestrian
1,820.0,333.0,878.0,374.0,180,0,0,1,Pedestrian
1,823.0,335.0,881.0,376.0,181,0,0,1,Pedestrian
1,829.0,340.0,886.0,380.0,182,0,0,1,Pedestrian
1,831.0,342.0,889.0,383.0,183,0,0,1,Pedestrian
1,837.0,344.0,895.0,385.0,184,0,0,1,Pedestrian
1,840.0,349.0,897.0,389.0,185,0,0,1,Pedestrian
1,842.0,351.0,900.0,392.0,186,0,0,1,Pedestrian
1,848.0,353.0,906.0,394.0,187,0,0,1,Pedestrian
1,851.0,355.0,908.0,396.0,188,0,0,1,Pedestrian
1,853.0,360.0,911.0,401.0,189,0,0,1,Pedestrian
1,859.0,362.0,917.0,403.0,190,0,0,1,Pedestrian
1,862.0,364.0,919.0,405.0,191,0,0,1,Pedestrian
1,864.0,367.0,922.0,408.0,192,0,0,1,Pedestrian
1,870.0,371.0,928.0,412.0,193,0,0,1,Pedestrian
1,873.0,374.0,930.0,414.0,194,0,0,1,Pedestrian
1,875.0,376.0,933.0,417.0,195,0,0,1,Pedestrian
1,881.0,380.0,939.0,421.0,196,0,0,1,Pedestrian
1,884.0,383.0,941.0,423.0,197,0,0,1,Pedestrian
1,889.0,385.0,947.0,426.0,198,0,0,1,Pedestrian
1,892.0,387.0,950.0,428.0,199,0,0,1,Pedestrian
1,895.0,392.0,952.0,432.0,200,0,0,1,Pedestrian
1,900.0,394.0,958.0,435.0,201,0,0,1,Pedestrian
1,903.0,396.0,961.0,437.0,202,0,0,1,Pedestrian
1,906.0,398.0,963.0,439.0,203,0,0,1,Pedestrian
1,911.0,403.0,969.0,444.0,204,0,0,1,Pedestrian
1,914.0,405.0,972.0,446.0,205,0,0,1,Pedestrian
1,917.0,408.0,974.0,448.0,206,0,0,1,Pedestrian
1,922.0,412.0,980.0,453.0,207,0,0,1,Pedestrian
1,925.0,414.0,983.0,455.0,208,0,0,1,Pedestrian
1,928.0,417.0,985.0,457.0,209,0,0,1,Pedestrian
1,933.0,419.0,991.0,460.0,210,0,0,1,Pedestrian
1,936.0,423.0,994.0,464.0,211,0,0,1,Pedestrian
1,941.0,426.0,999.0,466.0,212,0,0,1,Pedestrian
1,944.0,428.0,1002.0,469.0,213,0,0,1,Pedestrian
1,947.0,430.0,1005.0,471.0,214,0,0,1,Pedestrian
1,952.0,435.0,1010.0,476.0,215,0,0,1,Pedestrian
1,955.0,437.0,1013.0,478.0,216,0,0,1,Pedestrian
1,958.0,439.0,1016.0,480.0,217,0,0,1,Pedestrian
1,963.0,444.0,1021.0,485.0,218,0,0,1,Pedestrian
1,966.0,446.0,1024.0,487.0,219,0,0,1,Pedestrian
1,969.0,448.0,1027.0,489.0,220,0,0,1,Pedestrian
1,974.0,451.0,1032.0,491.0,221,0,0,1,Pedestrian
1,977.0,455.0,1035.0,496.0,222,0,0,1,Pedestrian
1,980.0,457.0,1038.0,498.0,223,0,0,1,Pedestrian
1,985.0,460.0,1043.0,500.0,224,0,0,1,Pedestrian
1,988.0,462.0,1046.0,503.0,225,0,0,1,Pedestrian
1,994.0,466.0,1052.0,507.0,226,0,0,1,Pedestrian
1,997.0,469.0,1054.0,510.0,227,0,0,1,Pedestrian
1,999.0,471.0,1057.0,512.0,228,0,0,1,Pedestrian
1,1005.0,476.0,1063.0,516.0,229,0,0,1,Pedestrian
1,1008.0,478.0,1065.0,519.0,230,0,0,1,Pedestrian
1,1010.0,480.0,1068.0,521.0,231,0,0,1,Pedestrian
1,1016.0,482.0,1074.0,523.0,232,0,0,1,Pedestrian
1,1019.0,487.0,1076.0,528.0,233,0,0,1,Pedestrian
1,1021.0,489.0,1079.0,530.0,234,0,0,1,Pedestrian
1,1027.0,491.0,1085.0,532.0,235,0,0,1,Pedestrian
1,1030.0,494.0,1087.0,534.0,236,0,0,1,Pedestrian
1,1032.0,498.0,1090.0,539.0,237,0,0,1,Pedestrian
1,1038.0,500.0,1096.0,541.0,238,0,0,1,Pedestrian
1,1041.0,503.0,1098.0,544.0,239,0,0,1,Pedestrian
1,1046.0,507.0,1104.0,548.0,240,0,0,0,Pedestrian
1,1049.0,507.0,1107.0,548.0,241,0,0,1,Pedestrian
1,1052.0,510.0,1109.0,550.0,242,0,0,1,Pedestrian
1,1057.0,512.0,1115.0,553.0,243,0,0,1,Pedestrian
1,1060.0,514.0,1118.0,555.0,244,0,0,1,Pedestrian
1,1063.0,516.0,1120.0,557.0,245,0,0,1,Pedestrian
1,1068.0,519.0,1126.0,559.0,246,0,0,1,Pedestrian
1,1071.0,521.0,1129.0,562.0,247,0,0,1,Pedestrian
1,1074.0,523.0,1131.0,564.0,248,0,0,1,Pedestrian
1,1079.0,525.0,1137.0,566.0,249,0,0,1,Pedestrian
1,1082.0,528.0,1140.0,568.0,250,0,0,1,Pedestrian
1,1085.0,530.0,1142.0,571.0,251,0,0,1,Pedestrian
1,1090.0,532.0,1148.0,573.0,252,0,0,1,Pedestrian
1,1093.0,534.0,1151.0,575.0,253,0,0,1,Pedestrian
1,1098.0,537.0,1156.0,578.0,254,0,0,1,Pedestrian
1,1101.0,539.0,1159.0,580.0,255,0,0,1,Pedestrian
1,1104.0,541.0,1162.0,582.0,256,0,0,1,Pedestrian
1,1109.0,544.0,1167.0,584.0,257,0,0,1,Pedestrian
1,1112.0,546.0,1170.0,587.0,258,0,0,1,Pedestrian
1,1115.0,548.0,1173.0,589.0,259,0,0,1,Pedestrian
1,1120.0,550.0,1178.0,591.0,260,0,0,1,Pedestrian
1,1123.0,553.0,1181.0,593.0,261,0,0,1,Pedestrian
1,1126.0,555.0,1184.0,596.0,262,0,0,1,Pedestrian
1,1131.0,557.0,1189.0,598.0,263,0,0,1,Pedestrian
1,1134.0,559.0,1192.0,600.0,264,0,0,1,Pedestrian
1,1137.0,562.0,1195.0,602.0,265,0,0,1,Pedestrian
1,1142.0,564.0,1200.0,605.0,266,0,0,1,Pedestrian
1,1145.0,566.0,1203.0,607.0,267,0,0,1,Pedestrian
1,1151.0,568.0,1209.0,609.0,268,0,0,1,Pedestrian
1,1153.0,571.0,1211.0,612.0,269,0,0,1,Pedestrian
1,1156.0,573.0,1214.0,614.0,270,0,0,1,Pedestrian
1,1162.0,575.0,1220.0,616.0,271,0,0,1,Pedestrian
1,1165.0,578.0,1222.0,618.0,272,0,0,1,Pedestrian
1,1167.0,580.0,1225.0,621.0,273,0,0,1,Pedestrian
1,1173.0,582.0,1231.0,623.0,274,0,0,1,Pedestrian
1,1176.0,584.0,1233.0,625.0,275,0,0,1,Pedestrian
1,1178.0,584.0,1236.0,625.0,276,0,0,1,Pedestrian
1,1184.0,587.0,1242.0,627.0,277,0,0,1,Pedestrian
1,1187.0,589.0,1244.0,630.0,278,0,0,1,Pedestrian
1,1189.0,591.0,1247.0,632.0,279,0,0,1,Pedestrian
1,1195.0,593.0,1253.0,634.0,280,0,0,1,Pedestrian
1,1198.0,596.0,1255.0,636.0,281,0,0,1,Pedestrian
1,1203.0,598.0,1261.0,639.0,282,0,0,1,Pedestrian
1,1206.0,600.0,1264.0,641.0,283,0,0,1,Pedestrian
1,1209.0,602.0,1266.0,643.0,284,0,0,1,Pedestrian
1,1214.0,605.0,1272.0,646.0,285,0,0,1,Pedestrian
1,1217.0,607.0,1275.0,648.0,286,0,0,1,Pedestrian
1,1220.0,609.0,1277.0,650.0,287,0,0,1,Pedestrian
1,1225.0,612.0,1283.0,652.0,288,0,0,1,Pedestrian
1,1228.0,614.0,1286.0,655.0,289,0,0,1,Pedestrian
1,1231.0,616.0,1288.0,657.0,290,0,0,1,Pedestrian
1,1236.0,618.0,1294.0,659.0,291,0,0,1,Pedestrian
1,1239.0,621.0,1297.0,661.0,292,0,0,1,Pedestrian
1,1242.0,623.0,1299.0,664.0,293,0,0,1,Pedestrian
1,1247.0,625.0,1305.0,666.0,294,0,0,1,Pedestrian
1,1250.0,627.0,1308.0,668.0,295,0,0,1,Pedestrian
1,1255.0,630.0,1313.0,670.0,296,0,0,1,Pedestrian
1,1258.0,632.0,1316.0,673.0,297,0,0,1,Pedestrian
1,1261.0,634.0,1319.0,675.0,298,0,0,1,Pedestrian
1,1266.0,636.0,1324.0,677.0,299,0,0,1,Pedestrian
1,1269.0,639.0,1327.0,680.0,300,0,0,1,Pedestrian
1,1272.0,641.0,1330.0,682.0,301,0,0,1,Pedestrian
1,1277.0,643.0,1335.0,684.0,302,0,0,1,Pedestrian
1,1280.0,646.0,1338.0,686.0,303,0,0,1,Pedestrian
1,1283.0,648.0,1341.0,689.0,304,0,0,1,Pedestrian
1,1288.0,650.0,1346.0,691.0,305,0,0,1,Pedestrian
1,1291.0,652.0,1349.0,693.0,306,0,0,1,Pedestrian
1,1294.0,655.0,1352.0,695.0,307,0,0,1,Pedestrian
1,1299.0,657.0,1357.0,698.0,308,0,0,1,Pedestrian
1,1302.0,659.0,1360.0,700.0,309,0,0,1,Pedestrian
1,1308.0,661.0,1366.0,702.0,310,0,0,0,Pedestrian
1,1310.0,661.0,1368.0,702.0,311,0,0,1,Pedestrian
1,1313.0,664.0,1371.0,704.0,312,0,0,1,Pedestrian
1,1316.0,666.0,1374.0,707.0,313,0,0,1,Pedestrian
1,1319.0,666.0,1377.0,707.0,314,0,0,1,Pedestrian
1,1322.0,668.0,1379.0,709.0,315,0,0,1,Pedestrian
1,1324.0,670.0,1382.0,711.0,316,0,0,1,Pedestrian
1,1327.0,673.0,1385.0,714.0,317,0,0,1,Pedestrian
1,1330.0,673.0,1388.0,714.0,318,0,0,1,Pedestrian
1,1333.0,675.0,1390.0,716.0,319,0,0,1,Pedestrian
1,1335.0,677.0,1393.0,718.0,320,0,0,1,Pedestrian
1,1338.0,677.0,1396.0,718.0,321,0,0,1,Pedestrian
1,1341.0,680.0,1399.0,720.0,322,0,0,1,Pedestrian
1,1344.0,682.0,1401.0,723.0,323,0,0,1,Pedestrian
1,1346.0,684.0,1404.0,725.0,324,0,0,1,Pedestrian
1,1349.0,684.0,1407.0,725.0,325,0,0,1,Pedestrian
1,1352.0,686.0,1410.0,727.0,326,0,0,1,Pedestrian
1,1355.0,689.0,1412.0,729.0,327,0,0,1,Pedestrian
1,1357.0,689.0,1415.0,729.0,328,0,0,1,Pedestrian
1,1360.0,691.0,1418.0,732.0,329,0,0,1,Pedestrian
1,1363.0,693.0,1421.0,734.0,330,0,0,1,Pedestrian
1,1366.0,695.0,1423.0,736.0,331,0,0,1,Pedestrian
1,1368.0,695.0,1426.0,736.0,332,0,0,1,Pedestrian
1,1371.0,698.0,1429.0,738.0,333,0,0,1,Pedestrian
1,1374.0,700.0,1432.0,741.0,334,0,0,1,Pedestrian
1,1377.0,702.0,1434.0,743.0,335,0,0,1,Pedestrian
1,1379.0,702.0,1437.0,743.0,336,0,0,1,Pedestrian
1,1382.0,704.0,1440.0,745.0,337,0,0,1,Pedestrian
1,1385.0,707.0,1443.0,748.0,338,0,0,1,Pedestrian
1,1388.0,707.0,1445.0,748.0,339,0,0,1,Pedestrian
1,1390.0,709.0,1448.0,750.0,340,0,0,1,Pedestrian
1,1393.0,711.0,1451.0,752.0,341,0,0,1,Pedestrian
1,1396.0,714.0,1454.0,754.0,342,0,0,1,Pedestrian
1,1399.0,714.0,1456.0,754.0,343,0,0,1,Pedestrian
1,1404.0,716.0,1462.0,757.0,344,0,0,1,Pedestrian
1,1407.0,718.0,1465.0,759.0,345,0,0,1,Pedestrian
1,1410.0,718.0,1467.0,759.0,346,0,0,1,Pedestrian
1,1412.0,720.0,1470.0,761.0,347,0,0,1,Pedestrian
1,1415.0,723.0,1473.0,763.0,348,0,0,1,Pedestrian
1,1418.0,725.0,1476.0,766.0,349,0,0,1,Pedestrian
1,1421.0,725.0,1478.0,766.0,350,0,0,1,Pedestrian
1,1423.0,727.0,1481.0,768.0,351,0,0,1,Pedestrian
1,1426.0,729.0,1484.0,770.0,352,0,0,1,Pedestrian
1,1429.0,729.0,1487.0,770.0,353,0,0,1,Pedestrian
1,1432.0,732.0,1490.0,772.0,354,0,0,1,Pedestrian
1,1434.0,734.0,1492.0,775.0,355,0,0,1,Pedestrian
1,1437.0,736.0,1495.0,777.0,356,0,0,1,Pedestrian
1,1440.0,736.0,1498.0,777.0,357,0,0,1,Pedestrian
1,1443.0,738.0,1501.0,779.0,358,0,0,1,Pedestrian
1,1445.0,741.0,1503.0,782.0,359,0,0,1,Pedestrian
1,1448.0,743.0,1506.0,784.0,360,0,0,1,Pedestrian
1,1451.0,743.0,1509.0,784.0,361,0,0,1,Pedestrian
1,1454.0,745.0,1512.0,786.0,362,0,0,1,Pedestrian
1,1456.0,748.0,1514.0,788.0,363,0,0,1,Pedestrian
1,1459.0,748.0,1517.0,788.0,364,0,0,1,Pedestrian
1,1462.0,750.0,1520.0,791.0,365,0,0,1,Pedestrian
1,1465.0,752.0,1523.0,793.0,366,0,0,1,Pedestrian
1,1467.0,754.0,1525.0,795.0,367,0,0,1,Pedestrian
1,1470.0,754.0,1528.0,795.0,368,0,0,1,Pedestrian
1,1473.0,757.0,1531.0,797.0,369,0,0,1,Pedestrian
1,1476.0,759.0,1534.0,800.0,370,0,0,1,Pedestrian
1,1478.0,759.0,1536.0,800.0,371,0,0,1,Pedestrian
1,1481.0,761.0,1539.0,802.0,372,0,0,1,Pedestrian
1,1484.0,763.0,1542.0,804.0,373,0,0,1,Pedestrian
1,1487.0,766.0,1545.0,806.0,374,0,0,1,Pedestrian
1,1490.0,766.0,1547.0,806.0,375,0,0,1,Pedestrian
1,1492.0,768.0,1550.0,809.0,376,0,0,1,Pedestrian
1,1498.0,770.0,1556.0,811.0,377,0,0,1,Pedestrian
1,1501.0,770.0,1558.0,811.0,378,0,0,1,Pedestrian
1,1503.0,772.0,1561.0,813.0,379,0,0,1,Pedestrian
1,1506.0,775.0,1564.0,816.0,380,0,0,1,Pedestrian
1,1509.0,777.0,1567.0,818.0,381,0,0,1,Pedestrian
1,1512.0,777.0,1569.0,818.0,382,0,0,1,Pedestrian
1,1514.0,779.0,1572.0,820.0,383,0,0,1,Pedestrian
1,1517.0,782.0,1575.0,822.0,384,0,0,1,Pedestrian
1,1520.0,784.0,1578.0,825.0,385,0,0,1,Pedestrian
1,1523.0,784.0,1580.0,825.0,386,0,0,1,Pedestrian
1,1525.0,786.0,1583.0,827.0,387,0,0,1,Pedestrian
1,1528.0,788.0,1586.0,829.0,388,0,0,1,Pedestrian
1,1531.0,788.0,1589.0,829.0,389,0,0,1,Pedestrian
1,1534.0,791.0,1591.0,831.0,390,0,0,1,Pedestrian
1,1536.0,793.0,1594.0,834.0,391,0,0,1,Pedestrian
1,1539.0,795.0,1597.0,836.0,392,0,0,1,Pedestrian
1,1542.0,795.0,1600.0,836.0,393,0,0,1,Pedestrian
1,1545.0,797.0,1602.0,838.0,394,0,0,1,Pedestrian
1,1547.0,800.0,1605.0,840.0,395,0,0,1,Pedestrian
1,1550.0,800.0,1608.0,840.0,396,0,0,1,Pedestrian
1,1553.0,802.0,1611.0,843.0,397,0,0,1,Pedestrian
1,1556.0,804.0,1613.0,845.0,398,0,0,1,Pedestrian
1,1558.0,806.0,1616.0,847.0,399,0,0,1,Pedestrian
1,1561.0,806.0,1619.0,847.0,400,0,0,1,Pedestrian
1,1564.0,809.0,1622.0,850.0,401,0,0,1,Pedestrian
1,1567.0,811.0,1624.0,852.0,402,0,0,1,Pedestrian
1,1569.0,811.0,1627.0,852.0,403,0,0,1,Pedestrian
1,1572.0,813.0,1630.0,854.0,404,0,0,1,Pedestrian
1,1575.0,816.0,1633.0,856.0,405,0,0,1,Pedestrian
1,1578.0,818.0,1635.0,859.0,406,0,0,1,Pedestrian
1,1580.0,818.0,1638.0,859.0,407,0,0,1,Pedestrian
1,1583.0,820.0,1641.0,861.0,408,0,0,1,Pedestrian
1,1586.0,822.0,1644.0,863.0,409,0,0,1,Pedestrian
1,1591.0,825.0,1649.0,865.0,410,0,0,0,Pedestrian
1,1591.0,825.0,1649.0,865.0,411,0,0,1,Pedestrian
1,1591.0,827.0,1649.0,868.0,412,0,0,1,Pedestrian
1,1591.0,829.0,1649.0,870.0,413,0,0,1,Pedestrian
1,1594.0,831.0,1652.0,872.0,414,0,0,1,Pedestrian
1,1594.0,831.0,1652.0,872.0,415,0,0,1,Pedestrian
1,1594.0,834.0,1652.0,874.0,416,0,0,1,Pedestrian
1,1597.0,836.0,1655.0,877.0,417,0,0,1,Pedestrian
1,1597.0,838.0,1655.0,879.0,418,0,0,1,Pedestrian
1,1597.0,838.0,1655.0,879.0,419,0,0,1,Pedestrian
1,1600.0,840.0,1658.0,881.0,420,0,0,1,Pedestrian
1,1600.0,843.0,1658.0,884.0,421,0,0,1,Pedestrian
1,1600.0,845.0,1658.0,886.0,422,0,0,1,Pedestrian
1,1602.0,845.0,1660.0,886.0,423,0,0,1,Pedestrian
1,1602.0,847.0,1660.0,888.0,424,0,0,1,Pedestrian
1,1602.0,850.0,1660.0,890.0,425,0,0,1,Pedestrian
1,1605.0,852.0,1663.0,893.0,426,0,0,1,Pedestrian
1,1605.0,852.0,1663.0,893.0,427,0,0,1,Pedestrian
1,1605.0,854.0,1663.0,895.0,428,0,0,1,Pedestrian
1,1608.0,856.0,1666.0,897.0,429,0,0,1,Pedestrian
1,1608.0,859.0,1666.0,899.0,430,0,0,1,Pedestrian
1,1608.0,859.0,1666.0,899.0,431,0,0,1,Pedestrian
1,1608.0,861.0,1666.0,902.0,432,0,0,1,Pedestrian
1,1611.0,863.0,1669.0,904.0,433,0,0,1,Pedestrian
1,1611.0,865.0,1669.0,906.0,434,0,0,1,Pedestrian
1,1611.0,865.0,1669.0,906.0,435,0,0,1,Pedestrian
1,1613.0,868.0,1671.0,908.0,436,0,0,1,Pedestrian
1,1613.0,870.0,1671.0,911.0,437,0,0,1,Pedestrian
1,1613.0,872.0,1671.0,913.0,438,0,0,1,Pedestrian
1,1616.0,872.0,1674.0,913.0,439,0,0,1,Pedestrian
1,1616.0,874.0,1674.0,915.0,440,0,0,1,Pedestrian
1,1616.0,877.0,1674.0,918.0,441,0,0,1,Pedestrian
1,1619.0,879.0,1677.0,920.0,442,0,0,1,Pedestrian
1,1619.0,879.0,1677.0,920.0,443,0,0,1,Pedestrian
1,1619.0,881.0,1677.0,922.0,444,0,0,1,Pedestrian
1,1622.0,884.0,1680.0,924.0,445,0,0,1,Pedestrian
1,1622.0,886.0,1680.0,927.0,446,0,0,1,Pedestrian
1,1622.0,886.0,1680.0,927.0,447,0,0,1,Pedestrian
1,1624.0,888.0,1682.0,929.0,448,0,0,1,Pedestrian
1,1624.0,890.0,1682.0,931.0,449,0,0,1,Pedestrian
1,1624.0,893.0,1682.0,933.0,450,0,0,1,Pedestrian
1,1624.0,893.0,1682.0,933.0,451,0,0,1,Pedestrian
1,1627.0,895.0,1685.0,936.0,452,0,0,1,Pedestrian
1,1627.0,897.0,1685.0,938.0,453,0,0,1,Pedestrian
1,1627.0,899.0,1685.0,940.0,454,0,0,1,Pedestrian
1,1630.0,899.0,1688.0,940.0,455,0,0,1,Pedestrian
1,1630.0,902.0,1688.0,942.0,456,0,0,1,Pedestrian
1,1630.0,904.0,1688.0,945.0,457,0,0,1,Pedestrian
1,1633.0,906.0,1691.0,947.0,458,0,0,1,Pedestrian
1,1633.0,906.0,1691.0,947.0,459,0,0,1,Pedestrian
1,1633.0,908.0,1691.0,949.0,460,0,0,1,Pedestrian
1,1635.0,911.0,1693.0,952.0,461,0,0,1,Pedestrian
1,1635.0,913.0,1693.0,954.0,462,0,0,1,Pedestrian
1,1635.0,913.0,1693.0,954.0,463,0,0,1,Pedestrian
1,1638.0,915.0,1696.0,956.0,464,0,0,1,Pedestrian
1,1638.0,918.0,1696.0,958.0,465,0,0,1,Pedestrian
1,1638.0,920.0,1696.0,961.0,466,0,0,1,Pedestrian
1,1641.0,920.0,1699.0,961.0,467,0,0,1,Pedestrian
1,1641.0,922.0,1699.0,963.0,468,0,0,1,Pedestrian
1,1641.0,924.0,1699.0,965.0,469,0,0,1,Pedestrian
1,1644.0,927.0,1702.0,967.0,470,1,0,0,Pedestrian
1,1644.0,927.0,1702.0,967.0,471,1,0,1,Pedestrian
1,1644.0,927.0,1702.0,967.0,472,1,0,1,Pedestrian
1,1644.0,927.0,1702.0,967.0,473,1,0,1,Pedestrian
1,1644.0,927.0,1702.0,967.0,474,1,0,1,Pedestrian
1,1644.0,927.0,1702.0,967.0,475,1,0,1,Pedestrian
1,1644.0,927.0,1702.0,967.0,476,1,0,1,Pedestrian
1,1644.0,927.0,1702.0,967.0,477,1,0,1,Pedestrian
1,1644.0,927.0,1702.0,967.0,478,1,0,1,Pedestrian
1,1644.0,927.0,1702.0,967.0,479,1,0,1,Pedestrian
1,1644.0,927.0,1702.0,967.0,480,1,0,0,Pedestrian
1,1597.0,893.0,1655.0,933.0,481,1,0,1,Pedestrian
1,1553.0,859.0,1611.0,899.0,482,1,0,1,Pedestrian
1,1506.0,827.0,1564.0,868.0,483,1,0,1,Pedestrian
1,1462.0,793.0,1520.0,834.0,484,1,0,1,Pedestrian
1,1415.0,761.0,1473.0,802.0,485,1,0,1,Pedestrian
1,1371.0,727.0,1429.0,768.0,486,1,0,1,Pedestrian
1,1324.0,695.0,1382.0,736.0,487,1,0,1,Pedestrian
1,1280.0,661.0,1338.0,702.0,488,1,0,1,Pedestrian
1,1233.0,627.0,1291.0,668.0,489,1,0,1,Pedestrian
1,1189.0,596.0,1247.0,636.0,490,1,0,1,Pedestrian
1,1142.0,562.0,1200.0,602.0,491,1,0,1,Pedestrian
1,1098.0,530.0,1156.0,571.0,492,1,0,1,Pedestrian
1,1052.0,496.0,1109.0,537.0,493,1,0,1,Pedestrian
1,1008.0,464.0,1065.0,505.0,494,1,0,1,Pedestrian
1,963.0,430.0,1021.0,471.0,495,1,0,1,Pedestrian
1,917.0,396.0,974.0,437.0,496,1,0,1,Pedestrian
1,873.0,364.0,930.0,405.0,497,1,0,1,Pedestrian
1,826.0,330.0,884.0,371.0,498,1,0,1,Pedestrian
1,782.0,299.0,840.0,340.0,499,1,0,1,Pedestrian
1,735.0,265.0,793.0,306.0,500,1,0,1,Pedestrian
1,691.0,233.0,749.0,274.0,501,1,0,1,Pedestrian
1,644.0,199.0,702.0,240.0,502,1,0,1,Pedestrian
1,600.0,165.0,658.0,206.0,503,1,0,1,Pedestrian
1,553.0,133.0,611.0,174.0,504,1,0,1,Pedestrian
1,509.0,99.0,567.0,140.0,505,1,0,1,Pedestrian
1,462.0,68.0,520.0,108.0,506,1,0,1,Pedestrian
1,418.0,34.0,476.0,74.0,507,1,0,1,Pedestrian
1,374.0,2.0,432.0,43.0,508,0,0,0,Pedestrian
2,1828.0,0.0,1883.0,22.0,0,1,0,0,Pedestrian
2,1828.0,0.0,1883.0,22.0,1,1,0,1,Pedestrian
2,1828.0,0.0,1883.0,22.0,2,1,0,1,Pedestrian
2,1828.0,0.0,1883.0,22.0,3,1,0,1,Pedestrian
2,1828.0,0.0,1883.0,22.0,4,1,0,1,Pedestrian
2,1828.0,0.0,1883.0,22.0,5,1,0,1,Pedestrian
2,1828.0,0.0,1883.0,22.0,6,1,0,1,Pedestrian
2,1828.0,0.0,1883.0,22.0,7,1,0,1,Pedestrian
2,1828.0,0.0,1883.0,22.0,8,1,0,1,Pedestrian
2,1828.0,0.0,1883.0,22.0,9,1,0,1,Pedestrian
2,1828.0,0.0,1883.0,22.0,10,1,0,1,Pedestrian
2,1828.0,0.0,1883.0,22.0,11,1,0,1,Pedestrian
2,1828.0,0.0,1883.0,22.0,12,1,0,1,Pedestrian
2,1828.0,0.0,1883.0,22.0,13,1,0,1,Pedestrian
2,1828.0,0.0,1883.0,22.0,14,1,0,1,Pedestrian
2,1828.0,0.0,1883.0,22.0,15,1,0,1,Pedestrian
2,1828.0,0.0,1883.0,22.0,16,1,0,1,Pedestrian
2,1828.0,0.0,1883.0,22.0,17,1,0,1,Pedestrian
2,1828.0,0.0,1883.0,22.0,18,1,0,1,Pedestrian
2,1828.0,0.0,1883.0,22.0,19,1,0,1,Pedestrian
2,1828.0,0.0,1883.0,22.0,20,1,0,1,Pedestrian
2,1828.0,0.0,1883.0,22.0,21,1,0,1,Pedestrian
2,1828.0,0.0,1883.0,22.0,22,1,0,1,Pedestrian
2,1828.0,0.0,1883.0,22.0,23,1,0,1,Pedestrian
2,1828.0,0.0,1883.0,22.0,24,1,0,1,Pedestrian
2,1828.0,0.0,1883.0,22.0,25,1,0,1,Pedestrian
2,1828.0,0.0,1883.0,22.0,26,1,0,1,Pedestrian
2,1828.0,0.0,1883.0,22.0,27,1,0,1,Pedestrian
2,1828.0,0.0,1883.0,22.0,28,1,0,1,Pedestrian
2,1828.0,0.0,1883.0,22.0,29,1,0,1,Pedestrian
2,1828.0,0.0,1883.0,22.0,30,1,0,1,Pedestrian
2,1828.0,0.0,1883.0,22.0,31,1,0,1,Pedestrian
2,1828.0,0.0,1883.0,22.0,32,1,0,1,Pedestrian
2,1828.0,0.0,1883.0,22.0,33,1,0,1,Pedestrian
2,1828.0,0.0,1883.0,22.0,34,1,0,1,Pedestrian
2,1828.0,0.0,1883.0,22.0,35,1,0,1,Pedestrian
2,1828.0,0.0,1883.0,22.0,36,1,0,1,Pedestrian
2,1828.0,0.0,1883.0,22.0,37,1,0,1,Pedestrian
2,1828.0,0.0,1883.0,22.0,38,1,0,1,Pedestrian
2,1828.0,0.0,1883.0,22.0,39,1,0,1,Pedestrian
2,1828.0,0.0,1883.0,22.0,40,1,0,1,Pedestrian
2,1828.0,0.0,1883.0,22.0,41,1,0,1,Pedestrian
2,1828.0,0.0,1883.0,22.0,42,1,0,1,Pedestrian
2,1828.0,0.0,1883.0,22.0,43,1,0,1,Pedestrian
2,1828.0,0.0,1883.0,22.0,44,1,0,1,Pedestrian
2,1828.0,0.0,1883.0,22.0,45,1,0,1,Pedestrian
2,1828.0,0.0,1883.0,22.0,46,1,0,1,Pedestrian
2,1828.0,0.0,1883.0,22.0,47,1,0,1,Pedestrian
2,1828.0,0.0,1883.0,22.0,48,1,0,1,Pedestrian
2,1828.0,0.0,1883.0,22.0,49,1,0,1,Pedestrian
2,1828.0,0.0,1883.0,22.0,50,1,0,1,Pedestrian
2,1828.0,0.0,1883.0,22.0,51,1,0,1,Pedestrian
2,1828.0,0.0,1883.0,22.0,52,1,0,1,Pedestrian
2,1828.0,0.0,1883.0,22.0,53,1,0,1,Pedestrian
2,1828.0,0.0,1883.0,22.0,54,1,0,1,Pedestrian
2,1828.0,0.0,1883.0,22.0,55,1,0,1,Pedestrian
2,1828.0,0.0,1883.0,22.0,56,1,0,1,Pedestrian
2,1828.0,0.0,1883.0,22.0,57,1,0,1,Pedestrian
2,1828.0,0.0,1883.0,22.0,58,1,0,1,Pedestrian
2,1828.0,0.0,1883.0,22.0,59,1,0,1,Pedestrian
2,1828.0,0.0,1883.0,22.0,60,1,0,1,Pedestrian
2,1828.0,0.0,1883.0,22.0,61,1,0,1,Pedestrian
2,1828.0,0.0,1883.0,22.0,62,1,0,1,Pedestrian
2,1828.0,0.0,1883.0,22.0,63,1,0,1,Pedestrian
2,1828.0,0.0,1883.0,22.0,64,1,0,1,Pedestrian
2,1828.0,0.0,1883.0,22.0,65,1,0,1,Pedestrian
2,1828.0,0.0,1883.0,22.0,66,1,0,1,Pedestrian
2,1828.0,0.0,1883.0,22.0,67,1,0,1,Pedestrian
2,1828.0,0.0,1883.0,22.0,68,1,0,1,Pedestrian
2,1828.0,0.0,1883.0,22.0,69,1,0,1,Pedestrian
2,1828.0,0.0,1883.0,22.0,70,1,0,1,Pedestrian
2,1828.0,0.0,1883.0,22.0,71,1,0,1,Pedestrian
2,1828.0,0.0,1883.0,22.0,72,1,0,1,Pedestrian
2,1828.0,0.0,1883.0,22.0,73,1,0,1,Pedestrian
2,1828.0,0.0,1883.0,22.0,74,1,0,1,Pedestrian
2,1828.0,0.0,1883.0,22.0,75,1,0,1,Pedestrian
2,1828.0,0.0,1883.0,22.0,76,1,0,1,Pedestrian
2,1828.0,0.0,1883.0,22.0,77,1,0,1,Pedestrian
2,1828.0,0.0,1883.0,22.0,78,1,0,1,Pedestrian
2,1828.0,0.0,1883.0,22.0,79,1,0,1,Pedestrian
2,1828.0,0.0,1883.0,22.0,80,1,0,1,Pedestrian
2,1828.0,0.0,1883.0,22.0,81,1,0,1,Pedestrian
2,1828.0,0.0,1883.0,22.0,82,1,0,1,Pedestrian
2,1828.0,0.0,1883.0,22.0,83,1,0,1,Pedestrian
2,1828.0,0.0,1883.0,22.0,84,1,0,1,Pedestrian
2,1828.0,0.0,1883.0,22.0,85,1,0,1,Pedestrian
2,1828.0,0.0,1883.0,22.0,86,1,0,1,Pedestrian
2,1828.0,0.0,1883.0,22.0,87,1,0,1,Pedestrian
2,1828.0,0.0,1883.0,22.0,88,1,0,1,Pedestrian
2,1828.0,0.0,1883.0,22.0,89,1,0,1,Pedestrian
2,1828.0,0.0,1883.0,22.0,90,1,0,1,Pedestrian
2,1828.0,0.0,1883.0,22.0,91,1,0,1,Pedestrian
2,1828.0,0.0,1883.0,22.0,92,1,0,1,Pedestrian
2,1828.0,0.0,1883.0,22.0,93,1,0,1,Pedestrian
2,1828.0,0.0,1883.0,22.0,94,1,0,1,Pedestrian
2,1828.0,0.0,1883.0,22.0,95,1,0,1,Pedestrian
2,1828.0,0.0,1883.0,22.0,96,1,0,1,Pedestrian
2,1828.0,0.0,1883.0,22.0,97,1,0,1,Pedestrian
2,1828.0,0.0,1883.0,22.0,98,1,0,1,Pedestrian
2,1828.0,0.0,1883.0,22.0,99,1,0,1,Pedestrian
2,1828.0,0.0,1883.0,22.0,100,1,0,1,Pedestrian
2,1828.0,0.0,1883.0,22.0,101,1,0,1,Pedestrian
2,1828.0,0.0,1883.0,22.0,102,1,0,1,Pedestrian
2,1828.0,0.0,1883.0,22.0,103,1,0,1,Pedestrian
2,1828.0,0.0,1883.0,22.0,104,1,0,1,Pedestrian
2,1828.0,0.0,1883.0,22.0,105,1,0,1,Pedestrian
2,1828.0,0.0,1883.0,22.0,106,1,0,1,Pedestrian
2,1828.0,0.0,1883.0,22.0,107,1,0,1,Pedestrian
2,1828.0,0.0,1883.0,22.0,108,1,0,1,Pedestrian
2,1828.0,0.0,1883.0,22.0,109,1,0,1,Pedestrian
2,1828.0,0.0,1883.0,22.0,110,1,0,1,Pedestrian
2,1828.0,0.0,1883.0,22.0,111,1,0,1,Pedestrian
2,1828.0,0.0,1883.0,22.0,112,1,0,1,Pedestrian
2,1828.0,0.0,1883.0,22.0,113,1,0,1,Pedestrian
2,1828.0,0.0,1883.0,22.0,114,1,0,1,Pedestrian
2,1828.0,0.0,1883.0,22.0,115,1,0,1,Pedestrian
2,1828.0,0.0,1883.0,22.0,116,1,0,1,Pedestrian
2,1828.0,0.0,1883.0,22.0,117,1,0,1,Pedestrian
2,1828.0,0.0,1883.0,22.0,118,1,0,1,Pedestrian
2,1828.0,0.0,1883.0,22.0,119,1,0,1,Pedestrian
2,1828.0,0.0,1883.0,22.0,120,1,0,1,Pedestrian
2,1828.0,0.0,1883.0,22.0,121,1,0,1,Pedestrian
2,1828.0,0.0,1883.0,22.0,122,1,0,1,Pedestrian
2,1828.0,0.0,1883.0,22.0,123,1,0,1,Pedestrian
2,1828.0,0.0,1883.0,22.0,124,1,0,1,Pedestrian
2,1828.0,0.0,1883.0,22.0,125,1,0,1,Pedestrian
2,1828.0,0.0,1883.0,22.0,126,1,0,1,Pedestrian
2,1828.0,0.0,1883.0,22.0,127,1,0,1,Pedestrian
2,1828.0,0.0,1883.0,22.0,128,1,0,1,Pedestrian
2,1828.0,0.0,1883.0,22.0,129,1,0,1,Pedestrian
2,1828.0,0.0,1883.0,22.0,130,1,0,1,Pedestrian
2,1828.0,0.0,1883.0,22.0,131,1,0,1,Pedestrian
2,1828.0,0.0,1883.0,22.0,132,1,0,1,Pedestrian
2,1828.0,0.0,1883.0,22.0,133,1,0,1,Pedestrian
2,1828.0,0.0,1883.0,22.0,134,1,0,1,Pedestrian
2,1828.0,0.0,1883.0,22.0,135,1,0,1,Pedestrian
2,1828.0,0.0,1883.0,22.0,136,1,0,1,Pedestrian
2,1828.0,0.0,1883.0,22.0,137,1,0,1,Pedestrian
2,1828.0,0.0,1883.0,22.0,138,1,0,1,Pedestrian
2,1828.0,0.0,1883.0,22.0,139,1,0,1,Pedestrian
2,1828.0,0.0,1883.0,22.0,140,1,0,1,Pedestrian
2,1828.0,0.0,1883.0,22.0,141,1,0,1,Pedestrian
2,1828.0,0.0,1883.0,22.0,142,1,0,1,Pedestrian
2,1828.0,0.0,1883.0,22.0,143,1,0,1,Pedestrian
2,1828.0,0.0,1883.0,22.0,144,1,0,1,Pedestrian
2,1828.0,0.0,1883.0,22.0,145,1,0,1,Pedestrian
2,1828.0,0.0,1883.0,22.0,146,1,0,1,Pedestrian
2,1828.0,0.0,1883.0,22.0,147,1,0,1,Pedestrian
2,1828.0,0.0,1883.0,22.0,148,1,0,1,Pedestrian
2,1828.0,0.0,1883.0,22.0,149,1,0,1,Pedestrian
2,1828.0,0.0,1883.0,22.0,150,1,0,1,Pedestrian
2,1828.0,0.0,1883.0,22.0,151,1,0,1,Pedestrian
2,1828.0,0.0,1883.0,22.0,152,1,0,1,Pedestrian
2,1828.0,0.0,1883.0,22.0,153,1,0,1,Pedestrian
2,1828.0,0.0,1883.0,22.0,154,1,0,1,Pedestrian
2,1828.0,0.0,1883.0,22.0,155,1,0,1,Pedestrian
2,1828.0,0.0,1883.0,22.0,156,1,0,1,Pedestrian
2,1828.0,0.0,1883.0,22.0,157,1,0,1,Pedestrian
2,1828.0,0.0,1883.0,22.0,158,1,0,1,Pedestrian
2,1828.0,0.0,1883.0,22.0,159,1,0,1,Pedestrian
2,1828.0,0.0,1883.0,22.0,160,1,0,1,Pedestrian
2,1828.0,0.0,1883.0,22.0,161,1,0,1,Pedestrian
2,1828.0,0.0,1883.0,22.0,162,1,0,1,Pedestrian
2,1828.0,0.0,1883.0,22.0,163,1,0,1,Pedestrian
2,1828.0,0.0,1883.0,22.0,164,1,0,1,Pedestrian
2,1828.0,0.0,1883.0,22.0,165,1,0,1,Pedestrian
2,1828.0,0.0,1883.0,22.0,166,1,0,1,Pedestrian
2,1828.0,0.0,1883.0,22.0,167,1,0,1,Pedestrian
2,1828.0,0.0,1883.0,22.0,168,1,0,1,Pedestrian
2,1828.0,0.0,1883.0,22.0,169,1,0,1,Pedestrian
2,1828.0,0.0,1883.0,22.0,170,1,0,1,Pedestrian
2,1828.0,0.0,1883.0,22.0,171,1,0,1,Pedestrian
2,1828.0,0.0,1883.0,22.0,172,1,0,1,Pedestrian
2,1828.0,0.0,1883.0,22.0,173,1,0,1,Pedestrian
2,1828.0,0.0,1883.0,22.0,174,1,0,1,Pedestrian
2,1828.0,0.0,1883.0,22.0,175,1,0,1,Pedestrian
2,1828.0,0.0,1883.0,22.0,176,1,0,1,Pedestrian
2,1828.0,0.0,1883.0,22.0,177,1,0,1,Pedestrian
2,1828.0,0.0,1883.0,22.0,178,1,0,1,Pedestrian
2,1828.0,0.0,1883.0,22.0,179,1,0,1,Pedestrian
2,1828.0,0.0,1883.0,22.0,180,1,0,1,Pedestrian
2,1828.0,0.0,1883.0,22.0,181,1,0,1,Pedestrian
2,1828.0,0.0,1883.0,22.0,182,1,0,1,Pedestrian
2,1828.0,0.0,1883.0,22.0,183,1,0,1,Pedestrian
2,1828.0,0.0,1883.0,22.0,184,1,0,1,Pedestrian
2,1828.0,0.0,1883.0,22.0,185,1,0,1,Pedestrian
2,1828.0,0.0,1883.0,22.0,186,1,0,1,Pedestrian
2,1828.0,0.0,1883.0,22.0,187,1,0,1,Pedestrian
2,1828.0,0.0,1883.0,22.0,188,1,0,1,Pedestrian
2,1828.0,0.0,1883.0,22.0,189,1,0,1,Pedestrian
2,1828.0,0.0,1883.0,22.0,190,1,0,1,Pedestrian
2,1828.0,0.0,1883.0,22.0,191,1,0,1,Pedestrian
2,1828.0,0.0,1883.0,22.0,192,1,0,1,Pedestrian
2,1828.0,0.0,1883.0,22.0,193,1,0,1,Pedestrian
2,1828.0,0.0,1883.0,22.0,194,1,0,1,Pedestrian
2,1828.0,0.0,1883.0,22.0,195,1,0,1,Pedestrian
2,1828.0,0.0,1883.0,22.0,196,1,0,1,Pedestrian
2,1828.0,0.0,1883.0,22.0,197,1,0,1,Pedestrian
2,1828.0,0.0,1883.0,22.0,198,1,0,1,Pedestrian
2,1828.0,0.0,1883.0,22.0,199,1,0,1,Pedestrian
2,1828.0,0.0,1883.0,22.0,200,1,0,1,Pedestrian
2,1828.0,0.0,1883.0,22.0,201,1,0,1,Pedestrian
2,1828.0,0.0,1883.0,22.0,202,1,0,1,Pedestrian
2,1828.0,0.0,1883.0,22.0,203,1,0,1,Pedestrian
2,1828.0,0.0,1883.0,22.0,204,1,0,1,Pedestrian
2,1828.0,0.0,1883.0,22.0,205,1,0,1,Pedestrian
2,1828.0,0.0,1883.0,22.0,206,1,0,1,Pedestrian
2,1828.0,0.0,1883.0,22.0,207,1,0,1,Pedestrian
2,1828.0,0.0,1883.0,22.0,208,1,0,1,Pedestrian
2,1828.0,0.0,1883.0,22.0,209,1,0,1,Pedestrian
2,1828.0,0.0,1883.0,22.0,210,1,0,1,Pedestrian
2,1828.0,0.0,1883.0,22.0,211,1,0,1,Pedestrian
2,1828.0,0.0,1883.0,22.0,212,1,0,1,Pedestrian
2,1828.0,0.0,1883.0,22.0,213,1,0,1,Pedestrian
2,1828.0,0.0,1883.0,22.0,214,1,0,1,Pedestrian
2,1828.0,0.0,1883.0,22.0,215,1,0,1,Pedestrian
2,1828.0,0.0,1883.0,22.0,216,1,0,1,Pedestrian
2,1828.0,0.0,1883.0,22.0,217,1,0,1,Pedestrian
2,1828.0,0.0,1883.0,22.0,218,1,0,1,Pedestrian
2,1828.0,0.0,1883.0,22.0,219,1,0,1,Pedestrian
2,1828.0,0.0,1883.0,22.0,220,1,0,1,Pedestrian
2,1828.0,0.0,1883.0,22.0,221,1,0,1,Pedestrian
2,1828.0,0.0,1883.0,22.0,222,1,0,1,Pedestrian
2,1828.0,0.0,1883.0,22.0,223,1,0,1,Pedestrian
2,1828.0,0.0,1883.0,22.0,224,1,0,1,Pedestrian
2,1828.0,0.0,1883.0,22.0,225,1,0,1,Pedestrian
2,1828.0,0.0,1883.0,22.0,226,1,0,1,Pedestrian
2,1828.0,0.0,1883.0,22.0,227,1,0,1,Pedestrian
2,1828.0,0.0,1883.0,22.0,228,1,0,1,Pedestrian
2,1828.0,0.0,1883.0,22.0,229,1,0,1,Pedestrian
2,1828.0,0.0,1883.0,22.0,230,1,0,1,Pedestrian
2,1828.0,0.0,1883.0,22.0,231,1,0,1,Pedestrian
2,1828.0,0.0,1883.0,22.0,232,1,0,1,Pedestrian
2,1828.0,0.0,1883.0,22.0,233,1,0,1,Pedestrian
2,1828.0,0.0,1883.0,22.0,234,1,0,1,Pedestrian
2,1828.0,0.0,1883.0,22.0,235,1,0,1,Pedestrian
2,1828.0,0.0,1883.0,22.0,236,1,0,1,Pedestrian
2,1828.0,0.0,1883.0,22.0,237,1,0,1,Pedestrian
2,1828.0,0.0,1883.0,22.0,238,1,0,1,Pedestrian
2,1828.0,0.0,1883.0,22.0,239,1,0,1,Pedestrian
2,1828.0,0.0,1883.0,22.0,240,1,0,1,Pedestrian
2,1828.0,0.0,1883.0,22.0,241,1,0,1,Pedestrian
2,1828.0,0.0,1883.0,22.0,242,1,0,1,Pedestrian
2,1828.0,0.0,1883.0,22.0,243,1,0,1,Pedestrian
2,1828.0,0.0,1883.0,22.0,244,1,0,1,Pedestrian
2,1828.0,0.0,1883.0,22.0,245,1,0,1,Pedestrian
2,1828.0,0.0,1883.0,22.0,246,1,0,1,Pedestrian
2,1828.0,0.0,1883.0,22.0,247,1,0,1,Pedestrian
2,1828.0,0.0,1883.0,22.0,248,1,0,1,Pedestrian
2,1828.0,0.0,1883.0,22.0,249,1,0,1,Pedestrian
2,1828.0,0.0,1883.0,22.0,250,1,0,1,Pedestrian
2,1828.0,0.0,1883.0,22.0,251,1,0,1,Pedestrian
2,1828.0,0.0,1883.0,22.0,252,1,0,1,Pedestrian
2,1828.0,0.0,1883.0,22.0,253,1,0,1,Pedestrian
2,1828.0,0.0,1883.0,22.0,254,1,0,1,Pedestrian
2,1828.0,0.0,1883.0,22.0,255,1,0,1,Pedestrian
2,1828.0,0.0,1883.0,22.0,256,1,0,1,Pedestrian
2,1828.0,0.0,1883.0,22.0,257,1,0,1,Pedestrian
2,1828.0,0.0,1883.0,22.0,258,1,0,1,Pedestrian
2,1828.0,0.0,1883.0,22.0,259,1,0,1,Pedestrian
2,1828.0,0.0,1883.0,22.0,260,1,0,1,Pedestrian
2,1828.0,0.0,1883.0,22.0,261,1,0,1,Pedestrian
2,1828.0,0.0,1883.0,22.0,262,1,0,1,Pedestrian
2,1828.0,0.0,1883.0,22.0,263,1,0,1,Pedestrian
2,1828.0,0.0,1883.0,22.0,264,1,0,1,Pedestrian
2,1828.0,0.0,1883.0,22.0,265,1,0,1,Pedestrian
2,1828.0,0.0,1883.0,22.0,266,1,0,1,Pedestrian
2,1828.0,0.0,1883.0,22.0,267,1,0,1,Pedestrian
2,1828.0,0.0,1883.0,22.0,268,1,0,1,Pedestrian
2,1828.0,0.0,1883.0,22.0,269,1,0,1,Pedestrian
2,1828.0,0.0,1883.0,22.0,270,1,0,1,Pedestrian
2,1828.0,0.0,1883.0,22.0,271,1,0,1,Pedestrian
2,1828.0,0.0,1883.0,22.0,272,1,0,1,Pedestrian
2,1828.0,0.0,1883.0,22.0,273,1,0,1,Pedestrian
2,1828.0,0.0,1883.0,22.0,274,1,0,1,Pedestrian
2,1828.0,0.0,1883.0,22.0,275,1,0,1,Pedestrian
2,1828.0,0.0,1883.0,22.0,276,1,0,1,Pedestrian
2,1828.0,0.0,1883.0,22.0,277,1,0,1,Pedestrian
2,1828.0,0.0,1883.0,22.0,278,1,0,1,Pedestrian
2,1828.0,0.0,1883.0,22.0,279,1,0,1,Pedestrian
2,1828.0,0.0,1883.0,22.0,280,1,0,1,Pedestrian
2,1828.0,0.0,1883.0,22.0,281,1,0,1,Pedestrian
2,1828.0,0.0,1883.0,22.0,282,1,0,1,Pedestrian
2,1828.0,0.0,1883.0,22.0,283,1,0,1,Pedestrian
2,1828.0,0.0,1883.0,22.0,284,1,0,1,Pedestrian
2,1828.0,0.0,1883.0,22.0,285,1,0,1,Pedestrian
2,1828.0,0.0,1883.0,22.0,286,1,0,1,Pedestrian
2,1828.0,0.0,1883.0,22.0,287,1,0,1,Pedestrian
2,1828.0,0.0,1883.0,22.0,288,1,0,1,Pedestrian
2,1828.0,0.0,1883.0,22.0,289,1,0,1,Pedestrian
2,1828.0,0.0,1883.0,22.0,290,1,0,1,Pedestrian
2,1828.0,0.0,1883.0,22.0,291,1,0,1,Pedestrian
2,1828.0,0.0,1883.0,22.0,292,1,0,1,Pedestrian
2,1828.0,0.0,1883.0,22.0,293,1,0,1,Pedestrian
2,1828.0,0.0,1883.0,22.0,294,1,0,1,Pedestrian
2,1828.0,0.0,1883.0,22.0,295,1,0,1,Pedestrian
2,1828.0,0.0,1883.0,22.0,296,1,0,1,Pedestrian
2,1828.0,0.0,1883.0,22.0,297,1,0,1,Pedestrian
2,1828.0,0.0,1883.0,22.0,298,1,0,1,Pedestrian
2,1828.0,0.0,1883.0,22.0,299,1,0,1,Pedestrian
2,1828.0,0.0,1883.0,22.0,300,1,0,1,Pedestrian
2,1828.0,0.0,1883.0,22.0,301,1,0,1,Pedestrian
2,1828.0,0.0,1883.0,22.0,302,1,0,1,Pedestrian
2,1828.0,0.0,1883.0,22.0,303,1,0,1,Pedestrian
2,1828.0,0.0,1883.0,22.0,304,1,0,1,Pedestrian
2,1828.0,0.0,1883.0,22.0,305,1,0,1,Pedestrian
2,1828.0,0.0,1883.0,22.0,306,1,0,1,Pedestrian
2,1828.0,0.0,1883.0,22.0,307,1,0,1,Pedestrian
2,1828.0,0.0,1883.0,22.0,308,1,0,1,Pedestrian
2,1828.0,0.0,1883.0,22.0,309,1,0,1,Pedestrian
2,1828.0,0.0,1883.0,22.0,310,1,0,1,Pedestrian
2,1828.0,0.0,1883.0,22.0,311,1,0,1,Pedestrian
2,1828.0,0.0,1883.0,22.0,312,1,0,1,Pedestrian
2,1828.0,0.0,1883.0,22.0,313,1,0,1,Pedestrian
2,1828.0,0.0,1883.0,22.0,314,1,0,1,Pedestrian
2,1828.0,0.0,1883.0,22.0,315,1,0,1,Pedestrian
2,1828.0,0.0,1883.0,22.0,316,1,0,1,Pedestrian
2,1828.0,0.0,1883.0,22.0,317,1,0,1,Pedestrian
2,1828.0,0.0,1883.0,22.0,318,1,0,1,Pedestrian
2,1828.0,0.0,1883.0,22.0,319,1,0,1,Pedestrian
2,1828.0,0.0,1883.0,22.0,320,1,0,1,Pedestrian
2,1828.0,0.0,1883.0,22.0,321,1,0,1,Pedestrian
2,1828.0,0.0,1883.0,22.0,322,1,0,1,Pedestrian
2,1828.0,0.0,1883.0,22.0,323,1,0,1,Pedestrian
2,1828.0,0.0,1883.0,22.0,324,1,0,1,Pedestrian
2,1828.0,0.0,1883.0,22.0,325,1,0,1,Pedestrian
2,1828.0,0.0,1883.0,22.0,326,1,0,1,Pedestrian
2,1828.0,0.0,1883.0,22.0,327,1,0,1,Pedestrian
2,1828.0,0.0,1883.0,22.0,328,1,0,1,Pedestrian
2,1828.0,0.0,1883.0,22.0,329,1,0,1,Pedestrian
2,1828.0,0.0,1883.0,22.0,330,1,0,1,Pedestrian
2,1828.0,0.0,1883.0,22.0,331,1,0,1,Pedestrian
2,1828.0,0.0,1883.0,22.0,332,1,0,1,Pedestrian
2,1828.0,0.0,1883.0,22.0,333,1,0,1,Pedestrian
2,1828.0,0.0,1883.0,22.0,334,1,0,1,Pedestrian
2,1828.0,0.0,1883.0,22.0,335,1,0,1,Pedestrian
2,1828.0,0.0,1883.0,22.0,336,1,0,1,Pedestrian
2,1828.0,0.0,1883.0,22.0,337,1,0,1,Pedestrian
2,1828.0,0.0,1883.0,22.0,338,1,0,1,Pedestrian
2,1828.0,0.0,1883.0,22.0,339,1,0,1,Pedestrian
2,1828.0,0.0,1883.0,22.0,340,1,0,1,Pedestrian
2,1828.0,0.0,1883.0,22.0,341,1,0,1,Pedestrian
2,1828.0,0.0,1883.0,22.0,342,1,0,1,Pedestrian
2,1828.0,0.0,1883.0,22.0,343,1,0,1,Pedestrian
2,1828.0,0.0,1883.0,22.0,344,1,0,1,Pedestrian
2,1828.0,0.0,1883.0,22.0,345,1,0,1,Pedestrian
2,1828.0,0.0,1883.0,22.0,346,1,0,1,Pedestrian
2,1828.0,0.0,1883.0,22.0,347,1,0,1,Pedestrian
2,1828.0,0.0,1883.0,22.0,348,1,0,1,Pedestrian
2,1828.0,0.0,1883.0,22.0,349,1,0,1,Pedestrian
2,1828.0,0.0,1883.0,22.0,350,1,0,1,Pedestrian
2,1828.0,0.0,1883.0,22.0,351,1,0,1,Pedestrian
2,1828.0,0.0,1883.0,22.0,352,1,0,1,Pedestrian
2,1828.0,0.0,1883.0,22.0,353,1,0,1,Pedestrian
2,1828.0,0.0,1883.0,22.0,354,1,0,1,Pedestrian
2,1828.0,0.0,1883.0,22.0,355,1,0,1,Pedestrian
2,1828.0,0.0,1883.0,22.0,356,1,0,1,Pedestrian
2,1828.0,0.0,1883.0,22.0,357,1,0,1,Pedestrian
2,1828.0,0.0,1883.0,22.0,358,1,0,1,Pedestrian
2,1828.0,0.0,1883.0,22.0,359,1,0,1,Pedestrian
2,1828.0,0.0,1883.0,22.0,360,1,0,1,Pedestrian
2,1828.0,0.0,1883.0,22.0,361,1,0,1,Pedestrian
2,1828.0,0.0,1883.0,22.0,362,1,0,1,Pedestrian
2,1828.0,0.0,1883.0,22.0,363,1,0,1,Pedestrian
2,1828.0,0.0,1883.0,22.0,364,1,0,1,Pedestrian
2,1828.0,0.0,1883.0,22.0,365,1,0,1,Pedestrian
2,1828.0,0.0,1883.0,22.0,366,1,0,1,Pedestrian
2,1828.0,0.0,1883.0,22.0,367,1,0,1,Pedestrian
2,1828.0,0.0,1883.0,22.0,368,1,0,1,Pedestrian
2,1828.0,0.0,1883.0,22.0,369,1,0,1,Pedestrian
2,1828.0,0.0,1883.0,22.0,370,1,0,1,Pedestrian
2,1828.0,0.0,1883.0,22.0,371,1,0,1,Pedestrian
2,1828.0,0.0,1883.0,22.0,372,1,0,1,Pedestrian
2,1828.0,0.0,1883.0,22.0,373,1,0,1,Pedestrian
2,1828.0,0.0,1883.0,22.0,374,1,0,1,Pedestrian
2,1828.0,0.0,1883.0,22.0,375,1,0,1,Pedestrian
2,1828.0,0.0,1883.0,22.0,376,1,0,1,Pedestrian
2,1828.0,0.0,1883.0,22.0,377,1,0,1,Pedestrian
2,1828.0,0.0,1883.0,22.0,378,0,0,0,Pedestrian
2,1831.0,0.0,1886.0,22.0,379,0,0,1,Pedestrian
2,1834.0,0.0,1889.0,22.0,380,0,0,1,Pedestrian
2,1837.0,0.0,1892.0,22.0,381,0,0,1,Pedestrian
2,1839.0,0.0,1894.0,22.0,382,0,0,1,Pedestrian
2,1842.0,0.0,1897.0,22.0,383,0,0,1,Pedestrian
2,1845.0,0.0,1900.0,22.0,384,0,0,1,Pedestrian
2,1848.0,0.0,1903.0,22.0,385,0,0,1,Pedestrian
2,1850.0,0.0,1905.0,22.0,386,0,0,1,Pedestrian
2,1853.0,0.0,1908.0,22.0,387,0,0,1,Pedestrian
2,1856.0,2.0,1911.0,24.0,388,0,0,1,Pedestrian
2,1859.0,2.0,1914.0,24.0,389,0,0,1,Pedestrian
2,1861.0,2.0,1916.0,24.0,390,0,0,1,Pedestrian
2,1864.0,2.0,1919.0,24.0,391,0,0,1,Pedestrian
2,1867.0,2.0,1922.0,24.0,392,0,0,1,Pedestrian
2,1870.0,2.0,1925.0,24.0,393,0,0,1,Pedestrian
2,1872.0,2.0,1927.0,24.0,394,0,0,1,Pedestrian
2,1875.0,2.0,1930.0,24.0,395,0,0,1,Pedestrian
2,1878.0,2.0,1933.0,24.0,396,0,0,1,Pedestrian
2,1881.0,2.0,1936.0,24.0,397,0,0,1,Pedestrian
2,1883.0,4.0,1938.0,27.0,398,0,0,0,Pedestrian
2,1883.0,4.0,1938.0,27.0,399,0,0,1,Pedestrian
2,1886.0,4.0,1941.0,27.0,400,0,0,1,Pedestrian
2,1889.0,4.0,1944.0,27.0,401,0,0,1,Pedestrian
2,1892.0,6.0,1947.0,29.0,402,0,0,1,Pedestrian
2,1894.0,6.0,1947.0,29.0,403,0,0,1,Pedestrian
2,1894.0,6.0,1949.0,29.0,404,0,0,1,Pedestrian
2,1897.0,6.0,1952.0,29.0,405,0,0,1,Pedestrian
2,1900.0,9.0,1955.0,31.0,406,0,0,1,Pedestrian
2,1903.0,9.0,1955.0,31.0,407,0,0,1,Pedestrian
2,1905.0,9.0,1958.0,31.0,408,0,0,1,Pedestrian
2,1905.0,9.0,1960.0,31.0,409,0,0,1,Pedestrian
2,1908.0,11.0,1963.0,34.0,410,0,0,1,Pedestrian
2,1911.0,11.0,1963.0,34.0,411,0,0,1,Pedestrian
2,1914.0,11.0,1966.0,34.0,412,0,0,1,Pedestrian
2,1916.0,11.0,1969.0,34.0,413,0,0,1,Pedestrian
2,1916.0,13.0,1971.0,36.0,414,0,0,1,Pedestrian
2,1919.0,13.0,1971.0,36.0,415,0,0,1,Pedestrian
2,1922.0,13.0,1974.0,36.0,416,0,0,1,Pedestrian
2,1925.0,13.0,1977.0,36.0,417,0,0,1,Pedestrian
2,1927.0,15.0,1980.0,38.0,418,1,0,0,Pedestrian
2,1927.0,15.0,1980.0,38.0,419,1,0,1,Pedestrian
2,1927.0,15.0,1980.0,38.0,420,1,0,1,Pedestrian
2,1927.0,15.0,1980.0,38.0,421,1,0,1,Pedestrian
2,1927.0,15.0,1980.0,38.0,422,1,0,1,Pedestrian
2,1927.0,15.0,1980.0,38.0,423,1,0,1,Pedestrian
2,1927.0,15.0,1980.0,38.0,424,1,0,1,Pedestrian
2,1927.0,15.0,1980.0,38.0,425,1,0,1,Pedestrian
2,1927.0,15.0,1980.0,38.0,426,1,0,1,Pedestrian
2,1927.0,15.0,1980.0,38.0,427,1,0,1,Pedestrian
2,1927.0,15.0,1980.0,38.0,428,1,0,0,Pedestrian
2,1927.0,15.0,1980.0,38.0,429,1,0,1,Pedestrian
2,1927.0,15.0,1980.0,38.0,430,1,0,1,Pedestrian
2,1927.0,15.0,1980.0,38.0,431,1,0,1,Pedestrian
2,1927.0,15.0,1980.0,38.0,432,1,0,1,Pedestrian
2,1927.0,15.0,1980.0,38.0,433,1,0,1,Pedestrian
2,1927.0,15.0,1980.0,38.0,434,1,0,1,Pedestrian
2,1927.0,15.0,1980.0,38.0,435,1,0,1,Pedestrian
2,1927.0,15.0,1980.0,38.0,436,1,0,1,Pedestrian
2,1927.0,15.0,1980.0,38.0,437,1,0,1,Pedestrian
2,1927.0,15.0,1980.0,38.0,438,1,0,1,Pedestrian
2,1927.0,15.0,1980.0,38.0,439,1,0,1,Pedestrian
2,1927.0,15.0,1980.0,38.0,440,1,0,1,Pedestrian
2,1927.0,15.0,1980.0,38.0,441,1,0,1,Pedestrian
2,1927.0,15.0,1980.0,38.0,442,1,0,1,Pedestrian
2,1927.0,15.0,1980.0,38.0,443,1,0,1,Pedestrian
2,1927.0,15.0,1980.0,38.0,444,1,0,1,Pedestrian
2,1927.0,15.0,1980.0,38.0,445,1,0,1,Pedestrian
2,1927.0,15.0,1980.0,38.0,446,1,0,1,Pedestrian
2,1927.0,15.0,1980.0,38.0,447,1,0,1,Pedestrian
2,1927.0,15.0,1980.0,38.0,448,1,0,1,Pedestrian
2,1927.0,15.0,1980.0,38.0,449,1,0,1,Pedestrian
2,1927.0,15.0,1980.0,38.0,450,1,0,1,Pedestrian
2,1927.0,15.0,1980.0,38.0,451,1,0,1,Pedestrian
2,1927.0,15.0,1980.0,38.0,452,1,0,1,Pedestrian
2,1927.0,15.0,1980.0,38.0,453,1,0,1,Pedestrian
2,1927.0,15.0,1980.0,38.0,454,1,0,1,Pedestrian
2,1927.0,15.0,1980.0,38.0,455,1,0,1,Pedestrian
2,1927.0,15.0,1980.0,38.0,456,1,0,1,Pedestrian
2,1927.0,15.0,1980.0,38.0,457,1,0,1,Pedestrian
2,1927.0,15.0,1980.0,38.0,458,1,0,1,Pedestrian
2,1927.0,15.0,1980.0,38.0,459,1,0,1,Pedestrian
2,1927.0,15.0,1980.0,38.0,460,1,0,1,Pedestrian
2,1927.0,15.0,1980.0,38.0,461,1,0,1,Pedestrian
2,1927.0,15.0,1980.0,38.0,462,1,0,1,Pedestrian
2,1927.0,15.0,1980.0,38.0,463,1,0,1,Pedestrian
2,1927.0,15.0,1980.0,38.0,464,1,0,1,Pedestrian
2,1927.0,15.0,1980.0,38.0,465,1,0,1,Pedestrian
2,1927.0,15.0,1980.0,38.0,466,1,0,1,Pedestrian
2,1927.0,15.0,1980.0,38.0,467,1,0,1,Pedestrian
2,1927.0,15.0,1980.0,38.0,468,1,0,1,Pedestrian
2,1927.0,15.0,1980.0,38.0,469,1,0,1,Pedestrian
2,1927.0,15.0,1980.0,38.0,470,1,0,1,Pedestrian
2,1927.0,15.0,1980.0,38.0,471,1,0,1,Pedestrian
2,1927.0,15.0,1980.0,38.0,472,1,0,1,Pedestrian
2,1927.0,15.0,1980.0,38.0,473,1,0,1,Pedestrian
2,1927.0,15.0,1980.0,38.0,474,1,0,1,Pedestrian
2,1927.0,15.0,1980.0,38.0,475,1,0,1,Pedestrian
2,1927.0,15.0,1980.0,38.0,476,1,0,1,Pedestrian
2,1927.0,15.0,1980.0,38.0,477,1,0,1,Pedestrian
2,1927.0,15.0,1980.0,38.0,478,1,0,1,Pedestrian
2,1927.0,15.0,1980.0,38.0,479,1,0,1,Pedestrian
2,1927.0,15.0,1980.0,38.0,480,1,0,1,Pedestrian
2,1927.0,15.0,1980.0,38.0,481,1,0,1,Pedestrian
2,1927.0,15.0,1980.0,38.0,482,1,0,1,Pedestrian
2,1927.0,15.0,1980.0,38.0,483,1,0,1,Pedestrian
2,1927.0,15.0,1980.0,38.0,484,1,0,1,Pedestrian
2,1927.0,15.0,1980.0,38.0,485,1,0,1,Pedestrian
2,1927.0,15.0,1980.0,38.0,486,1,0,1,Pedestrian
2,1927.0,15.0,1980.0,38.0,487,1,0,1,Pedestrian
2,1927.0,15.0,1980.0,38.0,488,1,0,1,Pedestrian
2,1927.0,15.0,1980.0,38.0,489,1,0,1,Pedestrian
2,1927.0,15.0,1980.0,38.0,490,1,0,1,Pedestrian
2,1927.0,15.0,1980.0,38.0,491,1,0,1,Pedestrian
2,1927.0,15.0,1980.0,38.0,492,1,0,1,Pedestrian
2,1927.0,15.0,1980.0,38.0,493,1,0,1,Pedestrian
2,1927.0,15.0,1980.0,38.0,494,1,0,1,Pedestrian
2,1927.0,15.0,1980.0,38.0,495,1,0,1,Pedestrian
2,1927.0,15.0,1980.0,38.0,496,1,0,1,Pedestrian
2,1927.0,15.0,1980.0,38.0,497,1,0,1,Pedestrian
2,1927.0,15.0,1980.0,38.0,498,1,0,1,Pedestrian
2,1927.0,15.0,1980.0,38.0,499,1,0,1,Pedestrian
2,1927.0,15.0,1980.0,38.0,500,1,0,1,Pedestrian
2,1927.0,15.0,1980.0,38.0,501,1,0,1,Pedestrian
2,1927.0,15.0,1980.0,38.0,502,1,0,1,Pedestrian
2,1927.0,15.0,1980.0,38.0,503,1,0,1,Pedestrian
2,1927.0,15.0,1980.0,38.0,504,1,0,1,Pedestrian
2,1927.0,15.0,1980.0,38.0,505,1,0,1,Pedestrian
2,1927.0,15.0,1980.0,38.0,506,1,0,1,Pedestrian
2,1927.0,15.0,1980.0,38.0,507,1,0,1,Pedestrian
2,1927.0,15.0,1980.0,38.0,508,1,0,0,Pedestrian
3,1622.0,700.0,1666.0,729.0,0,0,0,0,Pedestrian
3,1622.0,700.0,1666.0,729.0,1,0,0,1,Pedestrian
3,1622.0,700.0,1666.0,729.0,2,0,0,1,Pedestrian
3,1622.0,700.0,1666.0,729.0,3,0,0,1,Pedestrian
3,1622.0,700.0,1666.0,729.0,4,0,0,1,Pedestrian
3,1622.0,700.0,1666.0,729.0,5,0,0,1,Pedestrian
3,1622.0,700.0,1666.0,729.0,6,0,0,1,Pedestrian
3,1622.0,700.0,1666.0,729.0,7,0,0,1,Pedestrian
3,1622.0,700.0,1666.0,729.0,8,0,0,1,Pedestrian
3,1622.0,700.0,1666.0,729.0,9,0,0,1,Pedestrian
3,1622.0,700.0,1666.0,729.0,10,0,0,1,Pedestrian
3,1622.0,700.0,1666.0,729.0,11,0,0,1,Pedestrian
3,1622.0,700.0,1666.0,729.0,12,0,0,1,Pedestrian
3,1622.0,700.0,1666.0,729.0,13,0,0,1,Pedestrian
3,1622.0,700.0,1666.0,729.0,14,0,0,1,Pedestrian
3,1622.0,700.0,1666.0,729.0,15,0,0,1,Pedestrian
3,1622.0,700.0,1666.0,729.0,16,0,0,1,Pedestrian
3,1622.0,700.0,1666.0,729.0,17,0,0,1,Pedestrian
3,1622.0,700.0,1666.0,729.0,18,0,0,1,Pedestrian
3,1622.0,700.0,1666.0,729.0,19,0,0,1,Pedestrian
3,1622.0,700.0,1666.0,729.0,20,0,0,1,Pedestrian
3,1622.0,700.0,1666.0,729.0,21,0,0,1,Pedestrian
3,1622.0,700.0,1666.0,729.0,22,0,0,1,Pedestrian
3,1622.0,700.0,1666.0,729.0,23,0,0,1,Pedestrian
3,1622.0,700.0,1666.0,729.0,24,0,0,1,Pedestrian
3,1622.0,700.0,1666.0,729.0,25,0,0,1,Pedestrian
3,1622.0,700.0,1666.0,729.0,26,0,0,1,Pedestrian
3,1622.0,700.0,1666.0,729.0,27,0,0,1,Pedestrian
3,1622.0,700.0,1666.0,729.0,28,0,0,1,Pedestrian
3,1622.0,700.0,1666.0,729.0,29,0,0,1,Pedestrian
3,1622.0,700.0,1666.0,729.0,30,0,0,1,Pedestrian
3,1622.0,700.0,1666.0,729.0,31,0,0,1,Pedestrian
3,1622.0,700.0,1666.0,729.0,32,0,0,1,Pedestrian
3,1622.0,700.0,1666.0,729.0,33,0,0,1,Pedestrian
3,1622.0,700.0,1666.0,729.0,34,0,0,1,Pedestrian
3,1622.0,700.0,1666.0,729.0,35,0,0,1,Pedestrian
3,1622.0,700.0,1666.0,729.0,36,0,0,1,Pedestrian
3,1622.0,700.0,1666.0,729.0,37,0,0,1,Pedestrian
3,1622.0,700.0,1666.0,729.0,38,0,0,1,Pedestrian
3,1622.0,700.0,1666.0,729.0,39,0,0,1,Pedestrian
3,1622.0,700.0,1666.0,729.0,40,0,0,1,Pedestrian
3,1622.0,700.0,1666.0,729.0,41,0,0,1,Pedestrian
3,1622.0,700.0,1666.0,729.0,42,0,0,1,Pedestrian
3,1622.0,700.0,1666.0,729.0,43,0,0,1,Pedestrian
3,1622.0,700.0,1666.0,729.0,44,0,0,1,Pedestrian
3,1622.0,700.0,1666.0,729.0,45,0,0,1,Pedestrian
3,1622.0,700.0,1666.0,729.0,46,0,0,1,Pedestrian
3,1622.0,700.0,1666.0,729.0,47,0,0,1,Pedestrian
3,1622.0,700.0,1666.0,729.0,48,0,0,1,Pedestrian
3,1622.0,700.0,1666.0,729.0,49,0,0,1,Pedestrian
3,1622.0,700.0,1666.0,729.0,50,0,0,1,Pedestrian
3,1622.0,700.0,1666.0,729.0,51,0,0,1,Pedestrian
3,1622.0,700.0,1666.0,729.0,52,0,0,1,Pedestrian
3,1622.0,700.0,1666.0,729.0,53,0,0,1,Pedestrian
3,1622.0,700.0,1666.0,729.0,54,0,0,1,Pedestrian
3,1622.0,700.0,1666.0,729.0,55,0,0,1,Pedestrian
3,1622.0,700.0,1666.0,729.0,56,0,0,1,Pedestrian
3,1622.0,700.0,1666.0,729.0,57,0,0,1,Pedestrian
3,1622.0,700.0,1666.0,729.0,58,0,0,1,Pedestrian
3,1622.0,700.0,1666.0,729.0,59,0,0,1,Pedestrian
3,1622.0,700.0,1666.0,729.0,60,0,0,1,Pedestrian
3,1622.0,700.0,1666.0,729.0,61,0,0,1,Pedestrian
3,1622.0,700.0,1666.0,729.0,62,0,0,1,Pedestrian
3,1622.0,700.0,1666.0,729.0,63,0,0,1,Pedestrian
3,1622.0,700.0,1666.0,729.0,64,0,0,1,Pedestrian
3,1622.0,700.0,1666.0,729.0,65,0,0,1,Pedestrian
3,1622.0,700.0,1666.0,729.0,66,0,0,1,Pedestrian
3,1622.0,700.0,1666.0,729.0,67,0,0,1,Pedestrian
3,1622.0,700.0,1666.0,729.0,68,0,0,1,Pedestrian
3,1622.0,700.0,1666.0,729.0,69,0,0,1,Pedestrian
3,1622.0,700.0,1666.0,729.0,70,0,0,1,Pedestrian
3,1622.0,700.0,1666.0,729.0,71,0,0,1,Pedestrian
3,1622.0,700.0,1666.0,729.0,72,0,0,1,Pedestrian
3,1622.0,700.0,1666.0,729.0,73,0,0,1,Pedestrian
3,1622.0,700.0,1666.0,729.0,74,0,0,1,Pedestrian
3,1622.0,700.0,1666.0,729.0,75,0,0,1,Pedestrian
3,1622.0,700.0,1666.0,729.0,76,0,0,1,Pedestrian
3,1622.0,700.0,1666.0,729.0,77,0,0,1,Pedestrian
3,1622.0,700.0,1666.0,729.0,78,0,0,1,Pedestrian
3,1622.0,700.0,1666.0,729.0,79,0,0,1,Pedestrian
3,1622.0,702.0,1666.0,732.0,80,0,0,1,Pedestrian
3,1622.0,702.0,1666.0,732.0,81,0,0,1,Pedestrian
3,1622.0,702.0,1666.0,732.0,82,0,0,1,Pedestrian
3,1622.0,702.0,1666.0,732.0,83,0,0,1,Pedestrian
3,1622.0,702.0,1666.0,732.0,84,0,0,1,Pedestrian
3,1622.0,702.0,1666.0,732.0,85,0,0,1,Pedestrian
3,1622.0,702.0,1666.0,732.0,86,0,0,1,Pedestrian
3,1622.0,702.0,1666.0,732.0,87,0,0,1,Pedestrian
3,1622.0,702.0,1666.0,732.0,88,0,0,1,Pedestrian
3,1622.0,702.0,1666.0,732.0,89,0,0,1,Pedestrian
3,1622.0,702.0,1666.0,732.0,90,0,0,1,Pedestrian
3,1622.0,702.0,1666.0,732.0,91,0,0,1,Pedestrian
3,1622.0,702.0,1666.0,732.0,92,0,0,1,Pedestrian
3,1622.0,702.0,1666.0,732.0,93,0,0,1,Pedestrian
3,1622.0,702.0,1666.0,732.0,94,0,0,1,Pedestrian
3,1622.0,702.0,1666.0,732.0,95,0,0,1,Pedestrian
3,1622.0,702.0,1666.0,732.0,96,0,0,1,Pedestrian
3,1622.0,702.0,1666.0,732.0,97,0,0,1,Pedestrian
3,1622.0,702.0,1666.0,732.0,98,0,0,1,Pedestrian
3,1622.0,702.0,1666.0,732.0,99,0,0,1,Pedestrian
3,1622.0,702.0,1666.0,732.0,100,0,0,1,Pedestrian
3,1622.0,702.0,1666.0,732.0,101,0,0,1,Pedestrian
3,1622.0,702.0,1666.0,732.0,102,0,0,1,Pedestrian
3,1622.0,702.0,1666.0,732.0,103,0,0,1,Pedestrian
3,1622.0,702.0,1666.0,732.0,104,0,0,1,Pedestrian
3,1622.0,702.0,1666.0,732.0,105,0,0,1,Pedestrian
3,1622.0,702.0,1666.0,732.0,106,0,0,1,Pedestrian
3,1622.0,702.0,1666.0,732.0,107,0,0,1,Pedestrian
3,1622.0,702.0,1666.0,732.0,108,0,0,1,Pedestrian
3,1622.0,702.0,1666.0,732.0,109,0,0,1,Pedestrian
3,1622.0,702.0,1666.0,732.0,110,0,0,1,Pedestrian
3,1622.0,702.0,1666.0,732.0,111,0,0,1,Pedestrian
3,1622.0,702.0,1666.0,732.0,112,0,0,1,Pedestrian
3,1622.0,702.0,1666.0,732.0,113,0,0,1,Pedestrian
3,1622.0,702.0,1666.0,732.0,114,0,0,1,Pedestrian
3,1622.0,702.0,1666.0,732.0,115,0,0,1,Pedestrian
3,1622.0,702.0,1666.0,732.0,116,0,0,1,Pedestrian
3,1622.0,702.0,1666.0,732.0,117,0,0,1,Pedestrian
3,1622.0,702.0,1666.0,732.0,118,0,0,1,Pedestrian
3,1622.0,702.0,1666.0,732.0,119,0,0,1,Pedestrian
3,1622.0,702.0,1666.0,732.0,120,0,0,1,Pedestrian
3,1622.0,702.0,1666.0,732.0,121,0,0,1,Pedestrian
3,1622.0,702.0,1666.0,732.0,122,0,0,1,Pedestrian
3,1622.0,702.0,1666.0,732.0,123,0,0,1,Pedestrian
3,1622.0,702.0,1666.0,732.0,124,0,0,1,Pedestrian
3,1622.0,702.0,1666.0,732.0,125,0,0,1,Pedestrian
3,1622.0,702.0,1666.0,732.0,126,0,0,1,Pedestrian
3,1622.0,702.0,1666.0,732.0,127,0,0,1,Pedestrian
3,1622.0,702.0,1666.0,732.0,128,0,0,1,Pedestrian
3,1622.0,702.0,1666.0,732.0,129,0,0,1,Pedestrian
3,1622.0,702.0,1666.0,732.0,130,0,0,1,Pedestrian
3,1622.0,702.0,1666.0,732.0,131,0,0,1,Pedestrian
3,1622.0,702.0,1666.0,732.0,132,0,0,1,Pedestrian
3,1622.0,702.0,1666.0,732.0,133,0,0,1,Pedestrian
3,1622.0,702.0,1666.0,732.0,134,0,0,1,Pedestrian
3,1622.0,702.0,1666.0,732.0,135,0,0,1,Pedestrian
3,1622.0,702.0,1666.0,732.0,136,0,0,1,Pedestrian
3,1622.0,702.0,1666.0,732.0,137,0,0,1,Pedestrian
3,1622.0,702.0,1666.0,732.0,138,0,0,1,Pedestrian
3,1622.0,702.0,1666.0,732.0,139,0,0,1,Pedestrian
3,1622.0,702.0,1666.0,732.0,140,0,0,1,Pedestrian
3,1622.0,702.0,1666.0,732.0,141,0,0,1,Pedestrian
3,1622.0,702.0,1666.0,732.0,142,0,0,1,Pedestrian
3,1622.0,702.0,1666.0,732.0,143,0,0,1,Pedestrian
3,1622.0,702.0,1666.0,732.0,144,0,0,1,Pedestrian
3,1622.0,702.0,1666.0,732.0,145,0,0,1,Pedestrian
3,1622.0,702.0,1666.0,732.0,146,0,0,1,Pedestrian
3,1622.0,702.0,1666.0,732.0,147,0,0,1,Pedestrian
3,1622.0,702.0,1666.0,732.0,148,0,0,1,Pedestrian
3,1622.0,702.0,1666.0,732.0,149,0,0,1,Pedestrian
3,1622.0,702.0,1666.0,732.0,150,0,0,1,Pedestrian
3,1622.0,702.0,1666.0,732.0,151,0,0,1,Pedestrian
3,1622.0,702.0,1666.0,732.0,152,0,0,1,Pedestrian
3,1622.0,702.0,1666.0,732.0,153,0,0,1,Pedestrian
3,1622.0,702.0,1666.0,732.0,154,0,0,1,Pedestrian
3,1622.0,702.0,1666.0,732.0,155,0,0,1,Pedestrian
3,1622.0,702.0,1666.0,732.0,156,0,0,1,Pedestrian
3,1622.0,702.0,1666.0,732.0,157,0,0,1,Pedestrian
3,1622.0,702.0,1666.0,732.0,158,0,0,1,Pedestrian
3,1622.0,702.0,1666.0,732.0,159,0,0,1,Pedestrian
3,1622.0,704.0,1666.0,734.0,160,0,0,1,Pedestrian
3,1622.0,704.0,1666.0,734.0,161,0,0,1,Pedestrian
3,1622.0,704.0,1666.0,734.0,162,0,0,1,Pedestrian
3,1622.0,704.0,1666.0,734.0,163,0,0,1,Pedestrian
3,1622.0,704.0,1666.0,734.0,164,0,0,1,Pedestrian
3,1622.0,704.0,1666.0,734.0,165,0,0,1,Pedestrian
3,1622.0,704.0,1666.0,734.0,166,0,0,1,Pedestrian
3,1622.0,704.0,1666.0,734.0,167,0,0,1,Pedestrian
3,1622.0,704.0,1666.0,734.0,168,0,0,1,Pedestrian
3,1622.0,704.0,1666.0,734.0,169,0,0,1,Pedestrian
3,1622.0,704.0,1666.0,734.0,170,0,0,1,Pedestrian
3,1622.0,704.0,1666.0,734.0,171,0,0,1,Pedestrian
3,1622.0,704.0,1666.0,734.0,172,0,0,1,Pedestrian
3,1622.0,704.0,1666.0,734.0,173,0,0,1,Pedestrian
3,1622.0,704.0,1666.0,734.0,174,0,0,1,Pedestrian
3,1622.0,704.0,1666.0,734.0,175,0,0,1,Pedestrian
3,1622.0,704.0,1666.0,734.0,176,0,0,1,Pedestrian
3,1622.0,704.0,1666.0,734.0,177,0,0,1,Pedestrian
3,1622.0,704.0,1666.0,734.0,178,0,0,1,Pedestrian
3,1622.0,704.0,1666.0,734.0,179,0,0,1,Pedestrian
3,1622.0,704.0,1666.0,734.0,180,0,0,1,Pedestrian
3,1622.0,704.0,1666.0,734.0,181,0,0,1,Pedestrian
3,1622.0,704.0,1666.0,734.0,182,0,0,1,Pedestrian
3,1622.0,704.0,1666.0,734.0,183,0,0,1,Pedestrian
3,1622.0,704.0,1666.0,734.0,184,0,0,1,Pedestrian
3,1622.0,704.0,1666.0,734.0,185,0,0,1,Pedestrian
3,1622.0,704.0,1666.0,734.0,186,0,0,1,Pedestrian
3,1622.0,704.0,1666.0,734.0,187,0,0,1,Pedestrian
3,1622.0,704.0,1666.0,734.0,188,0,0,1,Pedestrian
3,1622.0,704.0,1666.0,734.0,189,0,0,1,Pedestrian
3,1622.0,704.0,1666.0,734.0,190,0,0,1,Pedestrian
3,1622.0,704.0,1666.0,734.0,191,0,0,1,Pedestrian
3,1622.0,704.0,1666.0,734.0,192,0,0,1,Pedestrian
3,1622.0,704.0,1666.0,734.0,193,0,0,1,Pedestrian
3,1622.0,704.0,1666.0,734.0,194,0,0,1,Pedestrian
3,1622.0,704.0,1666.0,734.0,195,0,0,1,Pedestrian
3,1622.0,704.0,1666.0,734.0,196,0,0,1,Pedestrian
3,1622.0,704.0,1666.0,734.0,197,0,0,1,Pedestrian
3,1622.0,704.0,1666.0,734.0,198,0,0,1,Pedestrian
3,1622.0,704.0,1666.0,734.0,199,0,0,1,Pedestrian
3,1622.0,704.0,1666.0,734.0,200,0,0,1,Pedestrian
3,1622.0,704.0,1666.0,734.0,201,0,0,1,Pedestrian
3,1622.0,704.0,1666.0,734.0,202,0,0,1,Pedestrian
3,1622.0,704.0,1666.0,734.0,203,0,0,1,Pedestrian
3,1622.0,704.0,1666.0,734.0,204,0,0,1,Pedestrian
3,1622.0,704.0,1666.0,734.0,205,0,0,1,Pedestrian
3,1622.0,704.0,1666.0,734.0,206,0,0,1,Pedestrian
3,1622.0,704.0,1666.0,734.0,207,0,0,1,Pedestrian
3,1622.0,704.0,1666.0,734.0,208,0,0,1,Pedestrian
3,1622.0,704.0,1666.0,734.0,209,0,0,1,Pedestrian
3,1622.0,704.0,1666.0,734.0,210,0,0,1,Pedestrian
3,1622.0,704.0,1666.0,734.0,211,0,0,1,Pedestrian
3,1622.0,704.0,1666.0,734.0,212,0,0,1,Pedestrian
3,1622.0,704.0,1666.0,734.0,213,0,0,1,Pedestrian
3,1622.0,704.0,1666.0,734.0,214,0,0,1,Pedestrian
3,1622.0,704.0,1666.0,734.0,215,0,0,1,Pedestrian
3,1622.0,704.0,1666.0,734.0,216,0,0,1,Pedestrian
3,1622.0,704.0,1666.0,734.0,217,0,0,1,Pedestrian
3,1622.0,704.0,1666.0,734.0,218,0,0,1,Pedestrian
3,1622.0,704.0,1666.0,734.0,219,0,0,1,Pedestrian
3,1622.0,704.0,1666.0,734.0,220,0,0,1,Pedestrian
3,1622.0,704.0,1666.0,734.0,221,0,0,1,Pedestrian
3,1622.0,704.0,1666.0,734.0,222,0,0,1,Pedestrian
3,1622.0,704.0,1666.0,734.0,223,0,0,1,Pedestrian
3,1622.0,704.0,1666.0,734.0,224,0,0,1,Pedestrian
3,1622.0,704.0,1666.0,734.0,225,0,0,1,Pedestrian
3,1622.0,704.0,1666.0,734.0,226,0,0,1,Pedestrian
3,1622.0,704.0,1666.0,734.0,227,0,0,1,Pedestrian
3,1622.0,704.0,1666.0,734.0,228,0,0,1,Pedestrian
3,1622.0,704.0,1666.0,734.0,229,0,0,1,Pedestrian
3,1622.0,704.0,1666.0,734.0,230,0,0,1,Pedestrian
3,1622.0,704.0,1666.0,734.0,231,0,0,1,Pedestrian
3,1622.0,704.0,1666.0,734.0,232,0,0,1,Pedestrian
3,1622.0,704.0,1666.0,734.0,233,0,0,1,Pedestrian
3,1622.0,704.0,1666.0,734.0,234,0,0,1,Pedestrian
3,1622.0,704.0,1666.0,734.0,235,0,0,1,Pedestrian
3,1622.0,704.0,1666.0,734.0,236,0,0,1,Pedestrian
3,1622.0,704.0,1666.0,734.0,237,0,0,1,Pedestrian
3,1622.0,704.0,1666.0,734.0,238,0,0,1,Pedestrian
3,1622.0,704.0,1666.0,734.0,239,0,0,1,Pedestrian
3,1622.0,707.0,1666.0,736.0,240,0,0,0,Pedestrian
3,1622.0,707.0,1666.0,736.0,241,0,0,1,Pedestrian
3,1622.0,707.0,1666.0,736.0,242,0,0,1,Pedestrian
3,1622.0,707.0,1666.0,736.0,243,0,0,1,Pedestrian
3,1622.0,707.0,1666.0,736.0,244,0,0,1,Pedestrian
3,1622.0,707.0,1666.0,736.0,245,0,0,1,Pedestrian
3,1622.0,707.0,1666.0,736.0,246,0,0,1,Pedestrian
3,1622.0,707.0,1666.0,736.0,247,0,0,1,Pedestrian
3,1622.0,707.0,1666.0,736.0,248,0,0,1,Pedestrian
3,1622.0,707.0,1666.0,736.0,249,0,0,1,Pedestrian
3,1622.0,707.0,1666.0,736.0,250,0,0,1,Pedestrian
3,1622.0,707.0,1666.0,736.0,251,0,0,1,Pedestrian
3,1622.0,707.0,1666.0,736.0,252,0,0,1,Pedestrian
3,1622.0,707.0,1666.0,736.0,253,0,0,1,Pedestrian
3,1622.0,707.0,1666.0,736.0,254,0,0,1,Pedestrian
3,1622.0,707.0,1666.0,736.0,255,0,0,1,Pedestrian
3,1622.0,707.0,1666.0,736.0,256,0,0,1,Pedestrian
3,1622.0,707.0,1666.0,736.0,257,0,0,1,Pedestrian
3,1622.0,707.0,1666.0,736.0,258,0,0,1,Pedestrian
3,1622.0,707.0,1666.0,736.0,259,0,0,1,Pedestrian
3,1622.0,707.0,1666.0,736.0,260,0,0,1,Pedestrian
3,1622.0,707.0,1666.0,736.0,261,0,0,1,Pedestrian
3,1622.0,707.0,1666.0,736.0,262,0,0,1,Pedestrian
3,1622.0,707.0,1666.0,736.0,263,0,0,1,Pedestrian
3,1622.0,707.0,1666.0,736.0,264,0,0,1,Pedestrian
3,1622.0,707.0,1666.0,736.0,265,0,0,1,Pedestrian
3,1622.0,707.0,1666.0,736.0,266,0,0,1,Pedestrian
3,1622.0,707.0,1666.0,736.0,267,0,0,1,Pedestrian
3,1622.0,707.0,1666.0,736.0,268,0,0,1,Pedestrian
3,1622.0,707.0,1666.0,736.0,269,0,0,1,Pedestrian
3,1622.0,707.0,1666.0,736.0,270,0,0,1,Pedestrian
3,1622.0,707.0,1666.0,736.0,271,0,0,1,Pedestrian
3,1622.0,707.0,1666.0,736.0,272,0,0,1,Pedestrian
3,1622.0,707.0,1666.0,736.0,273,0,0,1,Pedestrian
3,1622.0,707.0,1666.0,736.0,274,0,0,1,Pedestrian
3,1622.0,707.0,1666.0,736.0,275,0,0,1,Pedestrian
3,1622.0,707.0,1666.0,736.0,276,0,0,1,Pedestrian
3,1622.0,707.0,1666.0,736.0,277,0,0,1,Pedestrian
3,1622.0,707.0,1666.0,736.0,278,0,0,1,Pedestrian
3,1622.0,707.0,1666.0,736.0,279,0,0,1,Pedestrian
3,1622.0,707.0,1666.0,736.0,280,0,0,1,Pedestrian
3,1622.0,707.0,1666.0,736.0,281,0,0,1,Pedestrian
3,1622.0,707.0,1666.0,736.0,282,0,0,1,Pedestrian
3,1622.0,707.0,1666.0,736.0,283,0,0,1,Pedestrian
3,1622.0,707.0,1666.0,736.0,284,0,0,1,Pedestrian
3,1622.0,707.0,1666.0,736.0,285,0,0,1,Pedestrian
3,1622.0,707.0,1666.0,736.0,286,0,0,1,Pedestrian
3,1622.0,707.0,1666.0,736.0,287,0,0,1,Pedestrian
3,1622.0,707.0,1666.0,736.0,288,0,0,1,Pedestrian
3,1622.0,707.0,1666.0,736.0,289,0,0,1,Pedestrian
3,1622.0,707.0,1666.0,736.0,290,0,0,1,Pedestrian
3,1622.0,707.0,1666.0,736.0,291,0,0,1,Pedestrian
3,1622.0,707.0,1666.0,736.0,292,0,0,1,Pedestrian
3,1622.0,707.0,1666.0,736.0,293,0,0,1,Pedestrian
3,1622.0,707.0,1666.0,736.0,294,0,0,1,Pedestrian
3,1622.0,707.0,1666.0,736.0,295,0,0,1,Pedestrian
3,1622.0,707.0,1666.0,736.0,296,0,0,1,Pedestrian
3,1622.0,707.0,1666.0,736.0,297,0,0,1,Pedestrian
3,1622.0,707.0,1666.0,736.0,298,0,0,1,Pedestrian
3,1622.0,707.0,1666.0,736.0,299,0,0,1,Pedestrian
3,1622.0,707.0,1666.0,736.0,300,0,0,1,Pedestrian
3,1622.0,707.0,1666.0,736.0,301,0,0,1,Pedestrian
3,1622.0,707.0,1666.0,736.0,302,0,0,1,Pedestrian
3,1622.0,707.0,1666.0,736.0,303,0,0,1,Pedestrian
3,1622.0,707.0,1666.0,736.0,304,0,0,1,Pedestrian
3,1622.0,707.0,1666.0,736.0,305,0,0,1,Pedestrian
3,1622.0,707.0,1666.0,736.0,306,0,0,1,Pedestrian
3,1622.0,707.0,1666.0,736.0,307,0,0,1,Pedestrian
3,1622.0,707.0,1666.0,736.0,308,0,0,1,Pedestrian
3,1622.0,707.0,1666.0,736.0,309,0,0,1,Pedestrian
3,1622.0,707.0,1666.0,736.0,310,0,0,1,Pedestrian
3,1622.0,707.0,1666.0,736.0,311,0,0,1,Pedestrian
3,1622.0,707.0,1666.0,736.0,312,0,0,1,Pedestrian
3,1622.0,707.0,1666.0,736.0,313,0,0,1,Pedestrian
3,1622.0,707.0,1666.0,736.0,314,0,0,1,Pedestrian
3,1622.0,707.0,1666.0,736.0,315,0,0,1,Pedestrian
3,1622.0,707.0,1666.0,736.0,316,0,0,1,Pedestrian
3,1622.0,707.0,1666.0,736.0,317,0,0,1,Pedestrian
3,1622.0,707.0,1666.0,736.0,318,0,0,1,Pedestrian
3,1622.0,707.0,1666.0,736.0,319,0,0,1,Pedestrian
3,1622.0,707.0,1666.0,736.0,320,0,0,1,Pedestrian
3,1622.0,707.0,1666.0,736.0,321,0,0,1,Pedestrian
3,1622.0,707.0,1666.0,736.0,322,0,0,1,Pedestrian
3,1622.0,707.0,1666.0,736.0,323,0,0,1,Pedestrian
3,1622.0,707.0,1666.0,736.0,324,0,0,1,Pedestrian
3,1622.0,707.0,1666.0,736.0,325,0,0,1,Pedestrian
3,1622.0,707.0,1666.0,736.0,326,0,0,1,Pedestrian
3,1622.0,707.0,1666.0,736.0,327,0,0,1,Pedestrian
3,1622.0,707.0,1666.0,736.0,328,0,0,1,Pedestrian
3,1622.0,707.0,1666.0,736.0,329,0,0,1,Pedestrian
3,1622.0,707.0,1666.0,736.0,330,0,0,1,Pedestrian
3,1622.0,707.0,1666.0,736.0,331,0,0,1,Pedestrian
3,1622.0,707.0,1666.0,736.0,332,0,0,1,Pedestrian
3,1622.0,707.0,1666.0,736.0,333,0,0,1,Pedestrian
3,1622.0,707.0,1666.0,736.0,334,0,0,1,Pedestrian
3,1622.0,707.0,1666.0,736.0,335,0,0,1,Pedestrian
3,1622.0,707.0,1666.0,736.0,336,0,0,1,Pedestrian
3,1622.0,707.0,1666.0,736.0,337,0,0,1,Pedestrian
3,1622.0,707.0,1666.0,736.0,338,0,0,1,Pedestrian
3,1622.0,707.0,1666.0,736.0,339,0,0,1,Pedestrian
3,1622.0,707.0,1666.0,736.0,340,0,0,1,Pedestrian
3,1622.0,707.0,1666.0,736.0,341,0,0,1,Pedestrian
3,1622.0,707.0,1666.0,736.0,342,0,0,1,Pedestrian
3,1622.0,707.0,1666.0,736.0,343,0,0,1,Pedestrian
3,1622.0,707.0,1666.0,736.0,344,0,0,1,Pedestrian
3,1622.0,707.0,1666.0,736.0,345,0,0,1,Pedestrian
3,1622.0,707.0,1666.0,736.0,346,0,0,1,Pedestrian
3,1622.0,707.0,1666.0,736.0,347,0,0,1,Pedestrian
3,1622.0,707.0,1666.0,736.0,348,0,0,1,Pedestrian
3,1622.0,707.0,1666.0,736.0,349,0,0,1,Pedestrian
3,1622.0,707.0,1666.0,736.0,350,0,0,1,Pedestrian
3,1622.0,707.0,1666.0,736.0,351,0,0,1,Pedestrian
3,1622.0,707.0,1666.0,736.0,352,0,0,1,Pedestrian
3,1622.0,707.0,1666.0,736.0,353,0,0,1,Pedestrian
3,1622.0,707.0,1666.0,736.0,354,0,0,1,Pedestrian
3,1622.0,707.0,1666.0,736.0,355,0,0,1,Pedestrian
3,1622.0,707.0,1666.0,736.0,356,0,0,1,Pedestrian
3,1622.0,707.0,1666.0,736.0,357,0,0,1,Pedestrian
3,1622.0,707.0,1666.0,736.0,358,0,0,1,Pedestrian
3,1622.0,707.0,1666.0,736.0,359,0,0,1,Pedestrian
3,1622.0,707.0,1666.0,736.0,360,0,0,1,Pedestrian
3,1622.0,707.0,1666.0,736.0,361,0,0,1,Pedestrian
3,1622.0,707.0,1666.0,736.0,362,0,0,1,Pedestrian
3,1622.0,707.0,1666.0,736.0,363,0,0,1,Pedestrian
3,1622.0,707.0,1666.0,736.0,364,0,0,1,Pedestrian
3,1622.0,707.0,1666.0,736.0,365,0,0,1,Pedestrian
3,1622.0,707.0,1666.0,736.0,366,0,0,1,Pedestrian
3,1622.0,707.0,1666.0,736.0,367,0,0,1,Pedestrian
3,1622.0,707.0,1666.0,736.0,368,0,0,1,Pedestrian
3,1622.0,707.0,1666.0,736.0,369,0,0,1,Pedestrian
3,1622.0,707.0,1666.0,736.0,370,0,0,1,Pedestrian
3,1622.0,707.0,1666.0,736.0,371,0,0,1,Pedestrian
3,1622.0,707.0,1666.0,736.0,372,0,0,1,Pedestrian
3,1622.0,707.0,1666.0,736.0,373,0,0,1,Pedestrian
3,1622.0,707.0,1666.0,736.0,374,0,0,1,Pedestrian
3,1622.0,707.0,1666.0,736.0,375,0,0,1,Pedestrian
3,1622.0,707.0,1666.0,736.0,376,0,0,1,Pedestrian
3,1622.0,707.0,1666.0,736.0,377,0,0,1,Pedestrian
3,1622.0,707.0,1666.0,736.0,378,0,0,1,Pedestrian
3,1622.0,707.0,1666.0,736.0,379,0,0,1,Pedestrian
3,1622.0,707.0,1666.0,736.0,380,0,0,1,Pedestrian
3,1622.0,707.0,1666.0,736.0,381,0,0,1,Pedestrian
3,1622.0,707.0,1666.0,736.0,382,0,0,1,Pedestrian
3,1622.0,707.0,1666.0,736.0,383,0,0,1,Pedestrian
3,1622.0,707.0,1666.0,736.0,384,0,0,1,Pedestrian
3,1622.0,707.0,1666.0,736.0,385,0,0,1,Pedestrian
3,1622.0,707.0,1666.0,736.0,386,0,0,1,Pedestrian
3,1622.0,707.0,1666.0,736.0,387,0,0,1,Pedestrian
3,1622.0,707.0,1666.0,736.0,388,0,0,1,Pedestrian
3,1622.0,707.0,1666.0,736.0,389,0,0,1,Pedestrian
3,1622.0,707.0,1666.0,736.0,390,0,0,1,Pedestrian
3,1622.0,707.0,1666.0,736.0,391,0,0,1,Pedestrian
3,1622.0,707.0,1666.0,736.0,392,0,0,1,Pedestrian
3,1622.0,707.0,1666.0,736.0,393,0,0,1,Pedestrian
3,1622.0,707.0,1666.0,736.0,394,0,0,1,Pedestrian
3,1622.0,707.0,1666.0,736.0,395,0,0,1,Pedestrian
3,1622.0,707.0,1666.0,736.0,396,0,0,1,Pedestrian
3,1622.0,707.0,1666.0,736.0,397,0,0,1,Pedestrian
3,1622.0,707.0,1666.0,736.0,398,0,0,1,Pedestrian
3,1622.0,707.0,1666.0,736.0,399,0,0,1,Pedestrian
3,1622.0,707.0,1666.0,736.0,400,0,0,1,Pedestrian
3,1622.0,707.0,1666.0,736.0,401,0,0,1,Pedestrian
3,1622.0,707.0,1666.0,736.0,402,0,0,1,Pedestrian
3,1622.0,707.0,1666.0,736.0,403,0,0,1,Pedestrian
3,1622.0,707.0,1666.0,736.0,404,0,0,1,Pedestrian
3,1622.0,707.0,1666.0,736.0,405,0,0,1,Pedestrian
3,1622.0,707.0,1666.0,736.0,406,0,0,1,Pedestrian
3,1622.0,707.0,1666.0,736.0,407,0,0,1,Pedestrian
3,1622.0,707.0,1666.0,736.0,408,0,0,1,Pedestrian
3,1622.0,707.0,1666.0,736.0,409,0,0,1,Pedestrian
3,1622.0,707.0,1666.0,736.0,410,0,0,1,Pedestrian
3,1622.0,707.0,1666.0,736.0,411,0,0,1,Pedestrian
3,1622.0,707.0,1666.0,736.0,412,0,0,1,Pedestrian
3,1622.0,707.0,1666.0,736.0,413,0,0,1,Pedestrian
3,1622.0,707.0,1666.0,736.0,414,0,0,1,Pedestrian
3,1622.0,707.0,1666.0,736.0,415,0,0,1,Pedestrian
3,1622.0,707.0,1666.0,736.0,416,0,0,1,Pedestrian
3,1622.0,707.0,1666.0,736.0,417,0,0,1,Pedestrian
3,1622.0,707.0,1666.0,736.0,418,0,0,1,Pedestrian
3,1622.0,707.0,1666.0,736.0,419,0,0,1,Pedestrian
3,1622.0,707.0,1666.0,736.0,420,0,0,1,Pedestrian
3,1622.0,707.0,1666.0,736.0,421,0,0,1,Pedestrian
3,1622.0,707.0,1666.0,736.0,422,0,0,1,Pedestrian
3,1622.0,707.0,1666.0,736.0,423,0,0,1,Pedestrian
3,1622.0,707.0,1666.0,736.0,424,0,0,1,Pedestrian
3,1622.0,707.0,1666.0,736.0,425,0,0,1,Pedestrian
3,1622.0,707.0,1666.0,736.0,426,0,0,1,Pedestrian
3,1622.0,707.0,1666.0,736.0,427,0,0,1,Pedestrian
3,1622.0,707.0,1666.0,736.0,428,0,0,1,Pedestrian
3,1622.0,707.0,1666.0,736.0,429,0,0,1,Pedestrian
3,1622.0,707.0,1666.0,736.0,430,0,0,1,Pedestrian
3,1622.0,707.0,1666.0,736.0,431,0,0,1,Pedestrian
3,1622.0,707.0,1666.0,736.0,432,0,0,1,Pedestrian
3,1622.0,707.0,1666.0,736.0,433,0,0,1,Pedestrian
3,1622.0,707.0,1666.0,736.0,434,0,0,1,Pedestrian
3,1622.0,707.0,1666.0,736.0,435,0,0,1,Pedestrian
3,1622.0,707.0,1666.0,736.0,436,0,0,1,Pedestrian
3,1622.0,707.0,1666.0,736.0,437,0,0,1,Pedestrian
3,1622.0,707.0,1666.0,736.0,438,0,0,1,Pedestrian
3,1622.0,707.0,1666.0,736.0,439,0,0,1,Pedestrian
3,1622.0,707.0,1666.0,736.0,440,0,0,1,Pedestrian
3,1622.0,707.0,1666.0,736.0,441,0,0,1,Pedestrian
3,1622.0,707.0,1666.0,736.0,442,0,0,1,Pedestrian
3,1622.0,707.0,1666.0,736.0,443,0,0,1,Pedestrian
3,1622.0,707.0,1666.0,736.0,444,0,0,1,Pedestrian
3,1622.0,707.0,1666.0,736.0,445,0,0,1,Pedestrian
3,1622.0,707.0,1666.0,736.0,446,0,0,1,Pedestrian
3,1622.0,707.0,1666.0,736.0,447,0,0,1,Pedestrian
3,1622.0,707.0,1666.0,736.0,448,0,0,1,Pedestrian
3,1622.0,707.0,1666.0,736.0,449,0,0,1,Pedestrian
3,1622.0,707.0,1666.0,736.0,450,0,0,1,Pedestrian
3,1622.0,707.0,1666.0,736.0,451,0,0,1,Pedestrian
3,1622.0,707.0,1666.0,736.0,452,0,0,1,Pedestrian
3,1622.0,707.0,1666.0,736.0,453,0,0,1,Pedestrian
3,1622.0,707.0,1666.0,736.0,454,0,0,1,Pedestrian
3,1622.0,707.0,1666.0,736.0,455,0,0,1,Pedestrian
3,1622.0,707.0,1666.0,736.0,456,0,0,1,Pedestrian
3,1622.0,707.0,1666.0,736.0,457,0,0,1,Pedestrian
3,1622.0,707.0,1666.0,736.0,458,0,0,1,Pedestrian
3,1622.0,707.0,1666.0,736.0,459,0,0,1,Pedestrian
3,1622.0,707.0,1666.0,736.0,460,0,0,1,Pedestrian
3,1622.0,707.0,1666.0,736.0,461,0,0,1,Pedestrian
3,1622.0,707.0,1666.0,736.0,462,0,0,1,Pedestrian
3,1622.0,707.0,1666.0,736.0,463,0,0,1,Pedestrian
3,1622.0,707.0,1666.0,736.0,464,0,0,1,Pedestrian
3,1622.0,707.0,1666.0,736.0,465,0,0,1,Pedestrian
3,1622.0,707.0,1666.0,736.0,466,0,0,1,Pedestrian
3,1622.0,707.0,1666.0,736.0,467,0,0,1,Pedestrian
3,1622.0,707.0,1666.0,736.0,468,0,0,1,Pedestrian
3,1622.0,707.0,1666.0,736.0,469,0,0,1,Pedestrian
3,1622.0,707.0,1666.0,736.0,470,0,0,1,Pedestrian
3,1622.0,707.0,1666.0,736.0,471,0,0,1,Pedestrian
3,1622.0,707.0,1666.0,736.0,472,0,0,1,Pedestrian
3,1622.0,707.0,1666.0,736.0,473,0,0,1,Pedestrian
3,1622.0,707.0,1666.0,736.0,474,0,0,1,Pedestrian
3,1622.0,707.0,1666.0,736.0,475,0,0,1,Pedestrian
3,1622.0,707.0,1666.0,736.0,476,0,0,1,Pedestrian
3,1622.0,707.0,1666.0,736.0,477,0,0,1,Pedestrian
3,1622.0,707.0,1666.0,736.0,478,0,0,1,Pedestrian
3,1622.0,707.0,1666.0,736.0,479,0,0,1,Pedestrian
3,1622.0,707.0,1666.0,736.0,480,0,0,1,Pedestrian
3,1622.0,707.0,1666.0,736.0,481,0,0,1,Pedestrian
3,1622.0,707.0,1666.0,736.0,482,0,0,1,Pedestrian
3,1622.0,707.0,1666.0,736.0,483,0,0,1,Pedestrian
3,1622.0,707.0,1666.0,736.0,484,0,0,1,Pedestrian
3,1622.0,707.0,1666.0,736.0,485,0,0,1,Pedestrian
3,1622.0,707.0,1666.0,736.0,486,0,0,1,Pedestrian
3,1622.0,707.0,1666.0,736.0,487,0,0,1,Pedestrian
3,1622.0,707.0,1666.0,736.0,488,0,0,1,Pedestrian
3,1622.0,707.0,1666.0,736.0,489,0,0,1,Pedestrian
3,1622.0,707.0,1666.0,736.0,490,0,0,1,Pedestrian
3,1622.0,707.0,1666.0,736.0,491,0,0,1,Pedestrian
3,1622.0,707.0,1666.0,736.0,492,0,0,1,Pedestrian
3,1622.0,707.0,1666.0,736.0,493,0,0,1,Pedestrian
3,1622.0,707.0,1666.0,736.0,494,0,0,1,Pedestrian
3,1622.0,707.0,1666.0,736.0,495,0,0,1,Pedestrian
3,1622.0,707.0,1666.0,736.0,496,0,0,1,Pedestrian
3,1622.0,707.0,1666.0,736.0,497,0,0,1,Pedestrian
3,1622.0,707.0,1666.0,736.0,498,0,0,1,Pedestrian
3,1622.0,707.0,1666.0,736.0,499,0,0,1,Pedestrian
3,1622.0,707.0,1666.0,736.0,500,0,0,1,Pedestrian
3,1622.0,707.0,1666.0,736.0,501,0,0,1,Pedestrian
3,1622.0,707.0,1666.0,736.0,502,0,0,1,Pedestrian
3,1622.0,707.0,1666.0,736.0,503,0,0,1,Pedestrian
3,1622.0,707.0,1666.0,736.0,504,0,0,1,Pedestrian
3,1622.0,707.0,1666.0,736.0,505,0,0,1,Pedestrian
3,1622.0,707.0,1666.0,736.0,506,0,0,1,Pedestrian
3,1622.0,707.0,1666.0,736.0,507,0,0,1,Pedestrian
3,1622.0,707.0,1666.0,736.0,508,0,0,0,Pedestrian
4,1633.0,657.0,1660.0,686.0,0,0,0,0,Pedestrian
4,1633.0,657.0,1660.0,686.0,1,0,0,1,Pedestrian
4,1633.0,657.0,1660.0,686.0,2,0,0,1,Pedestrian
4,1633.0,657.0,1660.0,686.0,3,0,0,1,Pedestrian
4,1633.0,657.0,1660.0,686.0,4,0,0,1,Pedestrian
4,1633.0,657.0,1660.0,686.0,5,0,0,1,Pedestrian
4,1633.0,657.0,1660.0,686.0,6,0,0,1,Pedestrian
4,1633.0,657.0,1660.0,686.0,7,0,0,1,Pedestrian
4,1633.0,657.0,1660.0,686.0,8,0,0,1,Pedestrian
4,1633.0,657.0,1660.0,686.0,9,0,0,1,Pedestrian
4,1633.0,657.0,1660.0,686.0,10,0,0,1,Pedestrian
4,1633.0,657.0,1660.0,686.0,11,0,0,1,Pedestrian
4,1633.0,657.0,1660.0,686.0,12,0,0,1,Pedestrian
4,1633.0,657.0,1660.0,686.0,13,0,0,1,Pedestrian
4,1633.0,657.0,1660.0,686.0,14,0,0,1,Pedestrian
4,1633.0,657.0,1660.0,686.0,15,0,0,1,Pedestrian
4,1633.0,657.0,1660.0,686.0,16,0,0,1,Pedestrian
4,1633.0,657.0,1660.0,686.0,17,0,0,1,Pedestrian
4,1633.0,657.0,1660.0,686.0,18,0,0,1,Pedestrian
4,1633.0,657.0,1660.0,686.0,19,0,0,1,Pedestrian
4,1633.0,657.0,1660.0,686.0,20,0,0,1,Pedestrian
4,1633.0,657.0,1660.0,686.0,21,0,0,1,Pedestrian
4,1633.0,657.0,1660.0,686.0,22,0,0,1,Pedestrian
4,1633.0,657.0,1660.0,686.0,23,0,0,1,Pedestrian
4,1633.0,657.0,1660.0,686.0,24,0,0,1,Pedestrian
4,1633.0,657.0,1660.0,686.0,25,0,0,1,Pedestrian
4,1633.0,657.0,1660.0,686.0,26,0,0,1,Pedestrian
4,1633.0,657.0,1660.0,686.0,27,0,0,1,Pedestrian
4,1633.0,657.0,1660.0,686.0,28,0,0,1,Pedestrian
4,1633.0,657.0,1660.0,686.0,29,0,0,1,Pedestrian
4,1633.0,657.0,1660.0,686.0,30,0,0,1,Pedestrian
4,1633.0,657.0,1660.0,686.0,31,0,0,1,Pedestrian
4,1633.0,657.0,1660.0,686.0,32,0,0,1,Pedestrian
4,1633.0,657.0,1660.0,686.0,33,0,0,1,Pedestrian
4,1633.0,657.0,1660.0,686.0,34,0,0,1,Pedestrian
4,1633.0,657.0,1660.0,686.0,35,0,0,1,Pedestrian
4,1633.0,657.0,1660.0,686.0,36,0,0,1,Pedestrian
4,1633.0,657.0,1660.0,686.0,37,0,0,1,Pedestrian
4,1633.0,657.0,1660.0,686.0,38,0,0,1,Pedestrian
4,1633.0,657.0,1660.0,686.0,39,0,0,1,Pedestrian
4,1633.0,657.0,1660.0,686.0,40,0,0,1,Pedestrian
4,1633.0,657.0,1660.0,686.0,41,0,0,1,Pedestrian
4,1633.0,657.0,1660.0,686.0,42,0,0,1,Pedestrian
4,1633.0,657.0,1660.0,686.0,43,0,0,1,Pedestrian
4,1633.0,657.0,1660.0,686.0,44,0,0,1,Pedestrian
4,1633.0,657.0,1660.0,686.0,45,0,0,1,Pedestrian
4,1633.0,657.0,1660.0,686.0,46,0,0,1,Pedestrian
4,1633.0,657.0,1660.0,686.0,47,0,0,1,Pedestrian
4,1633.0,657.0,1660.0,686.0,48,0,0,1,Pedestrian
4,1633.0,657.0,1660.0,686.0,49,0,0,1,Pedestrian
4,1633.0,657.0,1660.0,686.0,50,0,0,1,Pedestrian
4,1633.0,657.0,1660.0,686.0,51,0,0,1,Pedestrian
4,1633.0,657.0,1660.0,686.0,52,0,0,1,Pedestrian
4,1633.0,657.0,1660.0,686.0,53,0,0,1,Pedestrian
4,1633.0,657.0,1660.0,686.0,54,0,0,1,Pedestrian
4,1633.0,657.0,1660.0,686.0,55,0,0,1,Pedestrian
4,1633.0,657.0,1660.0,686.0,56,0,0,1,Pedestrian
4,1633.0,657.0,1660.0,686.0,57,0,0,1,Pedestrian
4,1633.0,657.0,1660.0,686.0,58,0,0,1,Pedestrian
4,1633.0,657.0,1660.0,686.0,59,0,0,1,Pedestrian
4,1633.0,657.0,1660.0,686.0,60,0,0,1,Pedestrian
4,1633.0,657.0,1660.0,686.0,61,0,0,1,Pedestrian
4,1633.0,657.0,1660.0,686.0,62,0,0,1,Pedestrian
4,1633.0,657.0,1660.0,686.0,63,0,0,1,Pedestrian
4,1633.0,657.0,1660.0,686.0,64,0,0,1,Pedestrian
4,1633.0,657.0,1660.0,686.0,65,0,0,1,Pedestrian
4,1633.0,657.0,1660.0,686.0,66,0,0,1,Pedestrian
4,1633.0,657.0,1660.0,686.0,67,0,0,1,Pedestrian
4,1633.0,657.0,1660.0,686.0,68,0,0,1,Pedestrian
4,1633.0,657.0,1660.0,686.0,69,0,0,1,Pedestrian
4,1633.0,657.0,1660.0,686.0,70,0,0,1,Pedestrian
4,1633.0,657.0,1660.0,686.0,71,0,0,1,Pedestrian
4,1633.0,657.0,1660.0,686.0,72,0,0,1,Pedestrian
4,1633.0,657.0,1660.0,686.0,73,0,0,1,Pedestrian
4,1633.0,657.0,1660.0,686.0,74,0,0,1,Pedestrian
4,1633.0,657.0,1660.0,686.0,75,0,0,1,Pedestrian
4,1633.0,657.0,1660.0,686.0,76,0,0,1,Pedestrian
4,1633.0,657.0,1660.0,686.0,77,0,0,1,Pedestrian
4,1633.0,657.0,1660.0,686.0,78,0,0,1,Pedestrian
4,1633.0,657.0,1660.0,686.0,79,0,0,1,Pedestrian
4,1633.0,657.0,1660.0,686.0,80,0,0,1,Pedestrian
4,1633.0,657.0,1660.0,686.0,81,0,0,1,Pedestrian
4,1633.0,657.0,1660.0,686.0,82,0,0,1,Pedestrian
4,1633.0,657.0,1660.0,686.0,83,0,0,1,Pedestrian
4,1633.0,657.0,1660.0,686.0,84,0,0,1,Pedestrian
4,1633.0,657.0,1660.0,686.0,85,0,0,1,Pedestrian
4,1633.0,657.0,1660.0,686.0,86,0,0,1,Pedestrian
4,1633.0,657.0,1660.0,686.0,87,0,0,1,Pedestrian
4,1633.0,657.0,1660.0,686.0,88,0,0,1,Pedestrian
4,1633.0,657.0,1660.0,686.0,89,0,0,1,Pedestrian
4,1633.0,657.0,1660.0,686.0,90,0,0,1,Pedestrian
4,1633.0,657.0,1660.0,686.0,91,0,0,1,Pedestrian
4,1633.0,657.0,1660.0,686.0,92,0,0,1,Pedestrian
4,1633.0,657.0,1660.0,686.0,93,0,0,1,Pedestrian
4,1633.0,657.0,1660.0,686.0,94,0,0,1,Pedestrian
4,1633.0,657.0,1660.0,686.0,95,0,0,1,Pedestrian
4,1633.0,657.0,1660.0,686.0,96,0,0,1,Pedestrian
4,1633.0,657.0,1660.0,686.0,97,0,0,1,Pedestrian
4,1633.0,657.0,1660.0,686.0,98,0,0,1,Pedestrian
4,1633.0,657.0,1660.0,686.0,99,0,0,1,Pedestrian
4,1633.0,657.0,1660.0,686.0,100,0,0,1,Pedestrian
4,1633.0,657.0,1660.0,686.0,101,0,0,1,Pedestrian
4,1633.0,657.0,1660.0,686.0,102,0,0,1,Pedestrian
4,1633.0,657.0,1660.0,686.0,103,0,0,1,Pedestrian
4,1633.0,657.0,1660.0,686.0,104,0,0,1,Pedestrian
4,1633.0,657.0,1660.0,686.0,105,0,0,1,Pedestrian
4,1633.0,657.0,1660.0,686.0,106,0,0,1,Pedestrian
4,1633.0,657.0,1660.0,686.0,107,0,0,1,Pedestrian
4,1633.0,657.0,1660.0,686.0,108,0,0,1,Pedestrian
4,1633.0,657.0,1660.0,686.0,109,0,0,1,Pedestrian
4,1633.0,657.0,1660.0,686.0,110,0,0,1,Pedestrian
4,1633.0,657.0,1660.0,686.0,111,0,0,1,Pedestrian
4,1633.0,657.0,1660.0,686.0,112,0,0,1,Pedestrian
4,1633.0,657.0,1660.0,686.0,113,0,0,1,Pedestrian
4,1633.0,657.0,1660.0,686.0,114,0,0,1,Pedestrian
4,1633.0,657.0,1660.0,686.0,115,0,0,1,Pedestrian
4,1633.0,657.0,1660.0,686.0,116,0,0,1,Pedestrian
4,1633.0,657.0,1660.0,686.0,117,0,0,1,Pedestrian
4,1633.0,657.0,1660.0,686.0,118,0,0,1,Pedestrian
4,1633.0,657.0,1660.0,686.0,119,0,0,1,Pedestrian
4,1633.0,657.0,1660.0,686.0,120,0,0,1,Pedestrian
4,1633.0,657.0,1660.0,686.0,121,0,0,1,Pedestrian
4,1633.0,657.0,1660.0,686.0,122,0,0,1,Pedestrian
4,1633.0,657.0,1660.0,686.0,123,0,0,1,Pedestrian
4,1633.0,657.0,1660.0,686.0,124,0,0,1,Pedestrian
4,1633.0,657.0,1660.0,686.0,125,0,0,1,Pedestrian
4,1633.0,657.0,1660.0,686.0,126,0,0,1,Pedestrian
4,1633.0,657.0,1660.0,686.0,127,0,0,1,Pedestrian
4,1633.0,657.0,1660.0,686.0,128,0,0,1,Pedestrian
4,1633.0,657.0,1660.0,686.0,129,0,0,1,Pedestrian
4,1633.0,657.0,1660.0,686.0,130,0,0,1,Pedestrian
4,1633.0,657.0,1660.0,686.0,131,0,0,1,Pedestrian
4,1633.0,657.0,1660.0,686.0,132,0,0,1,Pedestrian
4,1633.0,657.0,1660.0,686.0,133,0,0,1,Pedestrian
4,1633.0,657.0,1660.0,686.0,134,0,0,1,Pedestrian
4,1633.0,657.0,1660.0,686.0,135,0,0,1,Pedestrian
4,1633.0,657.0,1660.0,686.0,136,0,0,1,Pedestrian
4,1633.0,657.0,1660.0,686.0,137,0,0,1,Pedestrian
4,1633.0,657.0,1660.0,686.0,138,0,0,1,Pedestrian
4,1633.0,657.0,1660.0,686.0,139,0,0,1,Pedestrian
4,1633.0,657.0,1660.0,686.0,140,0,0,1,Pedestrian
4,1633.0,657.0,1660.0,686.0,141,0,0,1,Pedestrian
4,1633.0,657.0,1660.0,686.0,142,0,0,1,Pedestrian
4,1633.0,657.0,1660.0,686.0,143,0,0,1,Pedestrian
4,1633.0,657.0,1660.0,686.0,144,0,0,1,Pedestrian
4,1633.0,657.0,1660.0,686.0,145,0,0,1,Pedestrian
4,1633.0,657.0,1660.0,686.0,146,0,0,1,Pedestrian
4,1633.0,657.0,1660.0,686.0,147,0,0,1,Pedestrian
4,1633.0,657.0,1660.0,686.0,148,0,0,1,Pedestrian
4,1633.0,657.0,1660.0,686.0,149,0,0,1,Pedestrian
4,1633.0,657.0,1660.0,686.0,150,0,0,1,Pedestrian
4,1633.0,657.0,1660.0,686.0,151,0,0,1,Pedestrian
4,1633.0,657.0,1660.0,686.0,152,0,0,1,Pedestrian
4,1633.0,657.0,1660.0,686.0,153,0,0,1,Pedestrian
4,1633.0,657.0,1660.0,686.0,154,0,0,1,Pedestrian
4,1633.0,657.0,1660.0,686.0,155,0,0,1,Pedestrian
4,1633.0,657.0,1660.0,686.0,156,0,0,1,Pedestrian
4,1633.0,657.0,1660.0,686.0,157,0,0,1,Pedestrian
4,1633.0,657.0,1660.0,686.0,158,0,0,1,Pedestrian
4,1633.0,657.0,1660.0,686.0,159,0,0,1,Pedestrian
4,1633.0,657.0,1660.0,686.0,160,0,0,1,Pedestrian
4,1633.0,657.0,1660.0,686.0,161,0,0,1,Pedestrian
4,1633.0,657.0,1660.0,686.0,162,0,0,1,Pedestrian
4,1633.0,657.0,1660.0,686.0,163,0,0,1,Pedestrian
4,1633.0,657.0,1660.0,686.0,164,0,0,1,Pedestrian
4,1633.0,657.0,1660.0,686.0,165,0,0,1,Pedestrian
4,1633.0,657.0,1660.0,686.0,166,0,0,1,Pedestrian
4,1633.0,657.0,1660.0,686.0,167,0,0,1,Pedestrian
4,1633.0,657.0,1660.0,686.0,168,0,0,1,Pedestrian
4,1633.0,657.0,1660.0,686.0,169,0,0,1,Pedestrian
4,1633.0,657.0,1660.0,686.0,170,0,0,1,Pedestrian
4,1633.0,657.0,1660.0,686.0,171,0,0,1,Pedestrian
4,1633.0,657.0,1660.0,686.0,172,0,0,1,Pedestrian
4,1633.0,657.0,1660.0,686.0,173,0,0,1,Pedestrian
4,1633.0,657.0,1660.0,686.0,174,0,0,1,Pedestrian
4,1633.0,657.0,1660.0,686.0,175,0,0,1,Pedestrian
4,1633.0,657.0,1660.0,686.0,176,0,0,1,Pedestrian
4,1633.0,657.0,1660.0,686.0,177,0,0,1,Pedestrian
4,1633.0,657.0,1660.0,686.0,178,0,0,1,Pedestrian
4,1633.0,657.0,1660.0,686.0,179,0,0,1,Pedestrian
4,1633.0,657.0,1660.0,686.0,180,0,0,1,Pedestrian
4,1633.0,657.0,1660.0,686.0,181,0,0,1,Pedestrian
4,1633.0,657.0,1660.0,686.0,182,0,0,1,Pedestrian
4,1633.0,657.0,1660.0,686.0,183,0,0,1,Pedestrian
4,1633.0,657.0,1660.0,686.0,184,0,0,1,Pedestrian
4,1633.0,657.0,1660.0,686.0,185,0,0,1,Pedestrian
4,1633.0,657.0,1660.0,686.0,186,0,0,1,Pedestrian
4,1633.0,657.0,1660.0,686.0,187,0,0,1,Pedestrian
4,1633.0,657.0,1660.0,686.0,188,0,0,1,Pedestrian
4,1633.0,657.0,1660.0,686.0,189,0,0,1,Pedestrian
4,1633.0,657.0,1660.0,686.0,190,0,0,1,Pedestrian
4,1633.0,657.0,1660.0,686.0,191,0,0,1,Pedestrian
4,1633.0,657.0,1660.0,686.0,192,0,0,1,Pedestrian
4,1633.0,657.0,1660.0,686.0,193,0,0,1,Pedestrian
4,1633.0,657.0,1660.0,686.0,194,0,0,1,Pedestrian
4,1633.0,657.0,1660.0,686.0,195,0,0,1,Pedestrian
4,1633.0,657.0,1660.0,686.0,196,0,0,1,Pedestrian
4,1633.0,657.0,1660.0,686.0,197,0,0,1,Pedestrian
4,1633.0,657.0,1660.0,686.0,198,0,0,1,Pedestrian
4,1633.0,657.0,1660.0,686.0,199,0,0,1,Pedestrian
4,1633.0,657.0,1660.0,686.0,200,0,0,1,Pedestrian
4,1633.0,657.0,1660.0,686.0,201,0,0,1,Pedestrian
4,1633.0,657.0,1660.0,686.0,202,0,0,1,Pedestrian
4,1633.0,657.0,1660.0,686.0,203,0,0,1,Pedestrian
4,1633.0,657.0,1660.0,686.0,204,0,0,1,Pedestrian
4,1633.0,657.0,1660.0,686.0,205,0,0,1,Pedestrian
4,1633.0,657.0,1660.0,686.0,206,0,0,1,Pedestrian
4,1633.0,657.0,1660.0,686.0,207,0,0,1,Pedestrian
4,1633.0,657.0,1660.0,686.0,208,0,0,1,Pedestrian
4,1633.0,657.0,1660.0,686.0,209,0,0,1,Pedestrian
4,1633.0,657.0,1660.0,686.0,210,0,0,1,Pedestrian
4,1633.0,657.0,1660.0,686.0,211,0,0,1,Pedestrian
4,1633.0,657.0,1660.0,686.0,212,0,0,1,Pedestrian
4,1633.0,657.0,1660.0,686.0,213,0,0,1,Pedestrian
4,1633.0,657.0,1660.0,686.0,214,0,0,1,Pedestrian
4,1633.0,657.0,1660.0,686.0,215,0,0,1,Pedestrian
4,1633.0,657.0,1660.0,686.0,216,0,0,1,Pedestrian
4,1633.0,657.0,1660.0,686.0,217,0,0,1,Pedestrian
4,1633.0,657.0,1660.0,686.0,218,0,0,1,Pedestrian
4,1633.0,657.0,1660.0,686.0,219,0,0,1,Pedestrian
4,1633.0,657.0,1660.0,686.0,220,0,0,1,Pedestrian
4,1633.0,657.0,1660.0,686.0,221,0,0,1,Pedestrian
4,1633.0,657.0,1660.0,686.0,222,0,0,1,Pedestrian
4,1633.0,657.0,1660.0,686.0,223,0,0,1,Pedestrian
4,1633.0,657.0,1660.0,686.0,224,0,0,1,Pedestrian
4,1633.0,657.0,1660.0,686.0,225,0,0,1,Pedestrian
4,1633.0,657.0,1660.0,686.0,226,0,0,1,Pedestrian
4,1633.0,657.0,1660.0,686.0,227,0,0,1,Pedestrian
4,1633.0,657.0,1660.0,686.0,228,0,0,1,Pedestrian
4,1633.0,657.0,1660.0,686.0,229,0,0,1,Pedestrian
4,1633.0,657.0,1660.0,686.0,230,0,0,1,Pedestrian
4,1633.0,657.0,1660.0,686.0,231,0,0,1,Pedestrian
4,1633.0,657.0,1660.0,686.0,232,0,0,1,Pedestrian
4,1633.0,657.0,1660.0,686.0,233,0,0,1,Pedestrian
4,1633.0,657.0,1660.0,686.0,234,0,0,1,Pedestrian
4,1633.0,657.0,1660.0,686.0,235,0,0,1,Pedestrian
4,1633.0,657.0,1660.0,686.0,236,0,0,1,Pedestrian
4,1633.0,657.0,1660.0,686.0,237,0,0,1,Pedestrian
4,1633.0,657.0,1660.0,686.0,238,0,0,1,Pedestrian
4,1633.0,657.0,1660.0,686.0,239,0,0,1,Pedestrian
4,1633.0,657.0,1660.0,686.0,240,0,0,1,Pedestrian
4,1633.0,657.0,1660.0,686.0,241,0,0,1,Pedestrian
4,1633.0,657.0,1660.0,686.0,242,0,0,1,Pedestrian
4,1633.0,657.0,1660.0,686.0,243,0,0,1,Pedestrian
4,1633.0,657.0,1660.0,686.0,244,0,0,1,Pedestrian
4,1633.0,657.0,1660.0,686.0,245,0,0,1,Pedestrian
4,1633.0,657.0,1660.0,686.0,246,0,0,1,Pedestrian
4,1633.0,657.0,1660.0,686.0,247,0,0,1,Pedestrian
4,1633.0,657.0,1660.0,686.0,248,0,0,1,Pedestrian
4,1633.0,657.0,1660.0,686.0,249,0,0,1,Pedestrian
4,1633.0,657.0,1660.0,686.0,250,0,0,1,Pedestrian
4,1633.0,657.0,1660.0,686.0,251,0,0,1,Pedestrian
4,1633.0,657.0,1660.0,686.0,252,0,0,1,Pedestrian
4,1633.0,657.0,1660.0,686.0,253,0,0,1,Pedestrian
4,1633.0,657.0,1660.0,686.0,254,0,0,1,Pedestrian
4,1633.0,657.0,1660.0,686.0,255,0,0,1,Pedestrian
4,1633.0,657.0,1660.0,686.0,256,0,0,1,Pedestrian
4,1633.0,657.0,1660.0,686.0,257,0,0,1,Pedestrian
4,1633.0,657.0,1660.0,686.0,258,0,0,1,Pedestrian
4,1633.0,657.0,1660.0,686.0,259,0,0,1,Pedestrian
4,1633.0,657.0,1660.0,686.0,260,0,0,1,Pedestrian
4,1633.0,657.0,1660.0,686.0,261,0,0,1,Pedestrian
4,1633.0,657.0,1660.0,686.0,262,0,0,1,Pedestrian
4,1633.0,657.0,1660.0,686.0,263,0,0,1,Pedestrian
4,1633.0,657.0,1660.0,686.0,264,0,0,1,Pedestrian
4,1633.0,657.0,1660.0,686.0,265,0,0,1,Pedestrian
4,1633.0,657.0,1660.0,686.0,266,0,0,1,Pedestrian
4,1633.0,657.0,1660.0,686.0,267,0,0,1,Pedestrian
4,1633.0,657.0,1660.0,686.0,268,0,0,1,Pedestrian
4,1633.0,657.0,1660.0,686.0,269,0,0,1,Pedestrian
4,1633.0,657.0,1660.0,686.0,270,0,0,1,Pedestrian
4,1633.0,657.0,1660.0,686.0,271,0,0,1,Pedestrian
4,1633.0,657.0,1660.0,686.0,272,0,0,1,Pedestrian
4,1633.0,657.0,1660.0,686.0,273,0,0,1,Pedestrian
4,1633.0,657.0,1660.0,686.0,274,0,0,1,Pedestrian
4,1633.0,657.0,1660.0,686.0,275,0,0,1,Pedestrian
4,1633.0,657.0,1660.0,686.0,276,0,0,1,Pedestrian
4,1633.0,657.0,1660.0,686.0,277,0,0,1,Pedestrian
4,1633.0,657.0,1660.0,686.0,278,0,0,1,Pedestrian
4,1633.0,657.0,1660.0,686.0,279,0,0,1,Pedestrian
4,1633.0,657.0,1660.0,686.0,280,0,0,1,Pedestrian
4,1633.0,657.0,1660.0,686.0,281,0,0,1,Pedestrian
4,1633.0,657.0,1660.0,686.0,282,0,0,1,Pedestrian
4,1633.0,657.0,1660.0,686.0,283,0,0,1,Pedestrian
4,1633.0,657.0,1660.0,686.0,284,0,0,1,Pedestrian
4,1633.0,657.0,1660.0,686.0,285,0,0,1,Pedestrian
4,1633.0,657.0,1660.0,686.0,286,0,0,1,Pedestrian
4,1633.0,657.0,1660.0,686.0,287,0,0,1,Pedestrian
4,1633.0,657.0,1660.0,686.0,288,0,0,1,Pedestrian
4,1633.0,657.0,1660.0,686.0,289,0,0,1,Pedestrian
4,1633.0,657.0,1660.0,686.0,290,0,0,1,Pedestrian
4,1633.0,657.0,1660.0,686.0,291,0,0,1,Pedestrian
4,1633.0,657.0,1660.0,686.0,292,0,0,1,Pedestrian
4,1633.0,657.0,1660.0,686.0,293,0,0,1,Pedestrian
4,1633.0,657.0,1660.0,686.0,294,0,0,1,Pedestrian
4,1633.0,657.0,1660.0,686.0,295,0,0,1,Pedestrian
4,1633.0,657.0,1660.0,686.0,296,0,0,1,Pedestrian
4,1633.0,657.0,1660.0,686.0,297,0,0,1,Pedestrian
4,1633.0,657.0,1660.0,686.0,298,0,0,1,Pedestrian
4,1633.0,657.0,1660.0,686.0,299,0,0,1,Pedestrian
4,1633.0,657.0,1660.0,686.0,300,0,0,1,Pedestrian
4,1633.0,657.0,1660.0,686.0,301,0,0,1,Pedestrian
4,1633.0,657.0,1660.0,686.0,302,0,0,1,Pedestrian
4,1633.0,657.0,1660.0,686.0,303,0,0,1,Pedestrian
4,1633.0,657.0,1660.0,686.0,304,0,0,1,Pedestrian
4,1633.0,657.0,1660.0,686.0,305,0,0,1,Pedestrian
4,1633.0,657.0,1660.0,686.0,306,0,0,1,Pedestrian
4,1633.0,657.0,1660.0,686.0,307,0,0,1,Pedestrian
4,1633.0,657.0,1660.0,686.0,308,0,0,1,Pedestrian
4,1633.0,657.0,1660.0,686.0,309,0,0,1,Pedestrian
4,1633.0,657.0,1660.0,686.0,310,0,0,1,Pedestrian
4,1633.0,657.0,1660.0,686.0,311,0,0,1,Pedestrian
4,1633.0,657.0,1660.0,686.0,312,0,0,1,Pedestrian
4,1633.0,657.0,1660.0,686.0,313,0,0,1,Pedestrian
4,1633.0,657.0,1660.0,686.0,314,0,0,1,Pedestrian
4,1633.0,657.0,1660.0,686.0,315,0,0,1,Pedestrian
4,1633.0,657.0,1660.0,686.0,316,0,0,1,Pedestrian
4,1633.0,657.0,1660.0,686.0,317,0,0,1,Pedestrian
4,1633.0,657.0,1660.0,686.0,318,0,0,1,Pedestrian
4,1633.0,657.0,1660.0,686.0,319,0,0,1,Pedestrian
4,1633.0,657.0,1660.0,686.0,320,0,0,1,Pedestrian
4,1633.0,657.0,1660.0,686.0,321,0,0,1,Pedestrian
4,1633.0,657.0,1660.0,686.0,322,0,0,1,Pedestrian
4,1633.0,657.0,1660.0,686.0,323,0,0,1,Pedestrian
4,1633.0,657.0,1660.0,686.0,324,0,0,1,Pedestrian
4,1633.0,657.0,1660.0,686.0,325,0,0,1,Pedestrian
4,1633.0,657.0,1660.0,686.0,326,0,0,1,Pedestrian
4,1633.0,657.0,1660.0,686.0,327,0,0,1,Pedestrian
4,1633.0,657.0,1660.0,686.0,328,0,0,1,Pedestrian
4,1633.0,657.0,1660.0,686.0,329,0,0,1,Pedestrian
4,1633.0,657.0,1660.0,686.0,330,0,0,1,Pedestrian
4,1633.0,657.0,1660.0,686.0,331,0,0,1,Pedestrian
4,1633.0,657.0,1660.0,686.0,332,0,0,1,Pedestrian
4,1633.0,657.0,1660.0,686.0,333,0,0,1,Pedestrian
4,1633.0,657.0,1660.0,686.0,334,0,0,1,Pedestrian
4,1633.0,657.0,1660.0,686.0,335,0,0,1,Pedestrian
4,1633.0,657.0,1660.0,686.0,336,0,0,1,Pedestrian
4,1633.0,657.0,1660.0,686.0,337,0,0,1,Pedestrian
4,1633.0,657.0,1660.0,686.0,338,0,0,1,Pedestrian
4,1633.0,657.0,1660.0,686.0,339,0,0,1,Pedestrian
4,1633.0,657.0,1660.0,686.0,340,0,0,1,Pedestrian
4,1633.0,657.0,1660.0,686.0,341,0,0,1,Pedestrian
4,1633.0,657.0,1660.0,686.0,342,0,0,1,Pedestrian
4,1633.0,657.0,1660.0,686.0,343,0,0,1,Pedestrian
4,1633.0,657.0,1660.0,686.0,344,0,0,1,Pedestrian
4,1633.0,657.0,1660.0,686.0,345,0,0,1,Pedestrian
4,1633.0,657.0,1660.0,686.0,346,0,0,1,Pedestrian
4,1633.0,657.0,1660.0,686.0,347,0,0,1,Pedestrian
4,1633.0,657.0,1660.0,686.0,348,0,0,1,Pedestrian
4,1633.0,657.0,1660.0,686.0,349,0,0,1,Pedestrian
4,1633.0,657.0,1660.0,686.0,350,0,0,1,Pedestrian
4,1633.0,657.0,1660.0,686.0,351,0,0,1,Pedestrian
4,1633.0,657.0,1660.0,686.0,352,0,0,1,Pedestrian
4,1633.0,657.0,1660.0,686.0,353,0,0,1,Pedestrian
4,1633.0,657.0,1660.0,686.0,354,0,0,1,Pedestrian
4,1633.0,657.0,1660.0,686.0,355,0,0,1,Pedestrian
4,1633.0,657.0,1660.0,686.0,356,0,0,1,Pedestrian
4,1633.0,657.0,1660.0,686.0,357,0,0,1,Pedestrian
4,1633.0,657.0,1660.0,686.0,358,0,0,1,Pedestrian
4,1633.0,657.0,1660.0,686.0,359,0,0,1,Pedestrian
4,1633.0,657.0,1660.0,686.0,360,0,0,1,Pedestrian
4,1633.0,657.0,1660.0,686.0,361,0,0,1,Pedestrian
4,1633.0,657.0,1660.0,686.0,362,0,0,1,Pedestrian
4,1633.0,657.0,1660.0,686.0,363,0,0,1,Pedestrian
4,1633.0,657.0,1660.0,686.0,364,0,0,1,Pedestrian
4,1633.0,657.0,1660.0,686.0,365,0,0,1,Pedestrian
4,1633.0,657.0,1660.0,686.0,366,0,0,1,Pedestrian
4,1633.0,657.0,1660.0,686.0,367,0,0,1,Pedestrian
4,1633.0,657.0,1660.0,686.0,368,0,0,1,Pedestrian
4,1633.0,657.0,1660.0,686.0,369,0,0,1,Pedestrian
4,1633.0,657.0,1660.0,686.0,370,0,0,1,Pedestrian
4,1633.0,657.0,1660.0,686.0,371,0,0,1,Pedestrian
4,1633.0,657.0,1660.0,686.0,372,0,0,1,Pedestrian
4,1633.0,657.0,1660.0,686.0,373,0,0,1,Pedestrian
4,1633.0,657.0,1660.0,686.0,374,0,0,1,Pedestrian
4,1633.0,657.0,1660.0,686.0,375,0,0,1,Pedestrian
4,1633.0,657.0,1660.0,686.0,376,0,0,1,Pedestrian
4,1633.0,657.0,1660.0,686.0,377,0,0,1,Pedestrian
4,1633.0,657.0,1660.0,686.0,378,0,0,1,Pedestrian
4,1633.0,657.0,1660.0,686.0,379,0,0,1,Pedestrian
4,1633.0,657.0,1660.0,686.0,380,0,0,1,Pedestrian
4,1633.0,657.0,1660.0,686.0,381,0,0,1,Pedestrian
4,1633.0,657.0,1660.0,686.0,382,0,0,1,Pedestrian
4,1633.0,657.0,1660.0,686.0,383,0,0,1,Pedestrian
4,1633.0,657.0,1660.0,686.0,384,0,0,1,Pedestrian
4,1633.0,657.0,1660.0,686.0,385,0,0,1,Pedestrian
4,1633.0,657.0,1660.0,686.0,386,0,0,1,Pedestrian
4,1633.0,657.0,1660.0,686.0,387,0,0,1,Pedestrian
4,1633.0,657.0,1660.0,686.0,388,0,0,1,Pedestrian
4,1633.0,657.0,1660.0,686.0,389,0,0,1,Pedestrian
4,1633.0,657.0,1660.0,686.0,390,0,0,1,Pedestrian
4,1633.0,657.0,1660.0,686.0,391,0,0,1,Pedestrian
4,1633.0,657.0,1660.0,686.0,392,0,0,1,Pedestrian
4,1633.0,657.0,1660.0,686.0,393,0,0,1,Pedestrian
4,1633.0,657.0,1660.0,686.0,394,0,0,1,Pedestrian
4,1633.0,657.0,1660.0,686.0,395,0,0,1,Pedestrian
4,1633.0,657.0,1660.0,686.0,396,0,0,1,Pedestrian
4,1633.0,657.0,1660.0,686.0,397,0,0,1,Pedestrian
4,1633.0,657.0,1660.0,686.0,398,0,0,1,Pedestrian
4,1633.0,657.0,1660.0,686.0,399,0,0,1,Pedestrian
4,1633.0,657.0,1660.0,686.0,400,0,0,1,Pedestrian
4,1633.0,657.0,1660.0,686.0,401,0,0,1,Pedestrian
4,1633.0,657.0,1660.0,686.0,402,0,0,1,Pedestrian
4,1633.0,657.0,1660.0,686.0,403,0,0,1,Pedestrian
4,1633.0,657.0,1660.0,686.0,404,0,0,1,Pedestrian
4,1633.0,657.0,1660.0,686.0,405,0,0,1,Pedestrian
4,1633.0,657.0,1660.0,686.0,406,0,0,1,Pedestrian
4,1633.0,657.0,1660.0,686.0,407,0,0,1,Pedestrian
4,1633.0,657.0,1660.0,686.0,408,0,0,1,Pedestrian
4,1633.0,657.0,1660.0,686.0,409,0,0,1,Pedestrian
4,1633.0,657.0,1660.0,686.0,410,0,0,1,Pedestrian
4,1633.0,657.0,1660.0,686.0,411,0,0,1,Pedestrian
4,1633.0,657.0,1660.0,686.0,412,0,0,1,Pedestrian
4,1633.0,657.0,1660.0,686.0,413,0,0,1,Pedestrian
4,1633.0,657.0,1660.0,686.0,414,0,0,1,Pedestrian
4,1633.0,657.0,1660.0,686.0,415,0,0,1,Pedestrian
4,1633.0,657.0,1660.0,686.0,416,0,0,1,Pedestrian
4,1633.0,657.0,1660.0,686.0,417,0,0,1,Pedestrian
4,1633.0,657.0,1660.0,686.0,418,0,0,1,Pedestrian
4,1633.0,657.0,1660.0,686.0,419,0,0,1,Pedestrian
4,1633.0,657.0,1660.0,686.0,420,0,0,1,Pedestrian
4,1633.0,657.0,1660.0,686.0,421,0,0,1,Pedestrian
4,1633.0,657.0,1660.0,686.0,422,0,0,1,Pedestrian
4,1633.0,657.0,1660.0,686.0,423,0,0,1,Pedestrian
4,1633.0,657.0,1660.0,686.0,424,0,0,1,Pedestrian
4,1633.0,657.0,1660.0,686.0,425,0,0,1,Pedestrian
4,1633.0,657.0,1660.0,686.0,426,0,0,1,Pedestrian
4,1633.0,657.0,1660.0,686.0,427,0,0,1,Pedestrian
4,1633.0,657.0,1660.0,686.0,428,0,0,1,Pedestrian
4,1633.0,657.0,1660.0,686.0,429,0,0,1,Pedestrian
4,1633.0,657.0,1660.0,686.0,430,0,0,1,Pedestrian
4,1633.0,657.0,1660.0,686.0,431,0,0,1,Pedestrian
4,1633.0,657.0,1660.0,686.0,432,0,0,1,Pedestrian
4,1633.0,657.0,1660.0,686.0,433,0,0,1,Pedestrian
4,1633.0,657.0,1660.0,686.0,434,0,0,1,Pedestrian
4,1633.0,657.0,1660.0,686.0,435,0,0,1,Pedestrian
4,1633.0,657.0,1660.0,686.0,436,0,0,1,Pedestrian
4,1633.0,657.0,1660.0,686.0,437,0,0,1,Pedestrian
4,1633.0,657.0,1660.0,686.0,438,0,0,1,Pedestrian
4,1633.0,657.0,1660.0,686.0,439,0,0,1,Pedestrian
4,1633.0,657.0,1660.0,686.0,440,0,0,1,Pedestrian
4,1633.0,657.0,1660.0,686.0,441,0,0,1,Pedestrian
4,1633.0,657.0,1660.0,686.0,442,0,0,1,Pedestrian
4,1633.0,657.0,1660.0,686.0,443,0,0,1,Pedestrian
4,1633.0,657.0,1660.0,686.0,444,0,0,1,Pedestrian
4,1633.0,657.0,1660.0,686.0,445,0,0,1,Pedestrian
4,1633.0,657.0,1660.0,686.0,446,0,0,1,Pedestrian
4,1633.0,657.0,1660.0,686.0,447,0,0,1,Pedestrian
4,1633.0,657.0,1660.0,686.0,448,0,0,1,Pedestrian
4,1633.0,657.0,1660.0,686.0,449,0,0,1,Pedestrian
4,1633.0,657.0,1660.0,686.0,450,0,0,1,Pedestrian
4,1633.0,657.0,1660.0,686.0,451,0,0,1,Pedestrian
4,1633.0,657.0,1660.0,686.0,452,0,0,1,Pedestrian
4,1633.0,657.0,1660.0,686.0,453,0,0,1,Pedestrian
4,1633.0,657.0,1660.0,686.0,454,0,0,1,Pedestrian
4,1633.0,657.0,1660.0,686.0,455,0,0,1,Pedestrian
4,1633.0,657.0,1660.0,686.0,456,0,0,1,Pedestrian
4,1633.0,657.0,1660.0,686.0,457,0,0,1,Pedestrian
4,1633.0,657.0,1660.0,686.0,458,0,0,1,Pedestrian
4,1633.0,657.0,1660.0,686.0,459,0,0,1,Pedestrian
4,1633.0,657.0,1660.0,686.0,460,0,0,1,Pedestrian
4,1633.0,657.0,1660.0,686.0,461,0,0,1,Pedestrian
4,1633.0,657.0,1660.0,686.0,462,0,0,1,Pedestrian
4,1633.0,657.0,1660.0,686.0,463,0,0,1,Pedestrian
4,1633.0,657.0,1660.0,686.0,464,0,0,1,Pedestrian
4,1633.0,657.0,1660.0,686.0,465,0,0,1,Pedestrian
4,1633.0,657.0,1660.0,686.0,466,0,0,1,Pedestrian
4,1633.0,657.0,1660.0,686.0,467,0,0,1,Pedestrian
4,1633.0,657.0,1660.0,686.0,468,0,0,1,Pedestrian
4,1633.0,657.0,1660.0,686.0,469,0,0,1,Pedestrian
4,1633.0,657.0,1660.0,686.0,470,0,0,1,Pedestrian
4,1633.0,657.0,1660.0,686.0,471,0,0,1,Pedestrian
4,1633.0,657.0,1660.0,686.0,472,0,0,1,Pedestrian
4,1633.0,657.0,1660.0,686.0,473,0,0,1,Pedestrian
4,1633.0,657.0,1660.0,686.0,474,0,0,1,Pedestrian
4,1633.0,657.0,1660.0,686.0,475,0,0,1,Pedestrian
4,1633.0,657.0,1660.0,686.0,476,0,0,1,Pedestrian
4,1633.0,657.0,1660.0,686.0,477,0,0,1,Pedestrian
4,1633.0,657.0,1660.0,686.0,478,0,0,1,Pedestrian
4,1633.0,657.0,1660.0,686.0,479,0,0,1,Pedestrian
4,1633.0,657.0,1660.0,686.0,480,0,0,1,Pedestrian
4,1633.0,657.0,1660.0,686.0,481,0,0,1,Pedestrian
4,1633.0,657.0,1660.0,686.0,482,0,0,1,Pedestrian
4,1633.0,657.0,1660.0,686.0,483,0,0,1,Pedestrian
4,1633.0,657.0,1660.0,686.0,484,0,0,1,Pedestrian
4,1633.0,657.0,1660.0,686.0,485,0,0,1,Pedestrian
4,1633.0,657.0,1660.0,686.0,486,0,0,1,Pedestrian
4,1633.0,657.0,1660.0,686.0,487,0,0,1,Pedestrian
4,1633.0,657.0,1660.0,686.0,488,0,0,1,Pedestrian
4,1633.0,657.0,1660.0,686.0,489,0,0,1,Pedestrian
4,1633.0,657.0,1660.0,686.0,490,0,0,1,Pedestrian
4,1633.0,657.0,1660.0,686.0,491,0,0,1,Pedestrian
4,1633.0,657.0,1660.0,686.0,492,0,0,1,Pedestrian
4,1633.0,657.0,1660.0,686.0,493,0,0,1,Pedestrian
4,1633.0,657.0,1660.0,686.0,494,0,0,1,Pedestrian
4,1633.0,657.0,1660.0,686.0,495,0,0,1,Pedestrian
4,1633.0,657.0,1660.0,686.0,496,0,0,1,Pedestrian
4,1633.0,657.0,1660.0,686.0,497,0,0,1,Pedestrian
4,1633.0,657.0,1660.0,686.0,498,0,0,1,Pedestrian
4,1633.0,657.0,1660.0,686.0,499,0,0,1,Pedestrian
4,1633.0,657.0,1660.0,686.0,500,0,0,1,Pedestrian
4,1633.0,657.0,1660.0,686.0,501,0,0,1,Pedestrian
4,1633.0,657.0,1660.0,686.0,502,0,0,1,Pedestrian
4,1633.0,657.0,1660.0,686.0,503,0,0,1,Pedestrian
4,1633.0,657.0,1660.0,686.0,504,0,0,1,Pedestrian
4,1633.0,657.0,1660.0,686.0,505,0,0,1,Pedestrian
4,1633.0,657.0,1660.0,686.0,506,0,0,1,Pedestrian
4,1633.0,657.0,1660.0,686.0,507,0,0,1,Pedestrian
4,1633.0,657.0,1660.0,686.0,508,0,0,0,Pedestrian
5,1737.0,707.0,1765.0,729.0,0,0,0,0,Pedestrian
5,1737.0,707.0,1765.0,729.0,1,0,0,1,Pedestrian
5,1737.0,707.0,1765.0,729.0,2,0,0,1,Pedestrian
5,1737.0,707.0,1765.0,729.0,3,0,0,1,Pedestrian
5,1737.0,707.0,1765.0,729.0,4,0,0,1,Pedestrian
5,1737.0,707.0,1765.0,729.0,5,0,0,1,Pedestrian
5,1737.0,707.0,1765.0,729.0,6,0,0,1,Pedestrian
5,1737.0,707.0,1765.0,729.0,7,0,0,1,Pedestrian
5,1737.0,707.0,1765.0,729.0,8,0,0,1,Pedestrian
5,1737.0,707.0,1765.0,729.0,9,0,0,1,Pedestrian
5,1737.0,707.0,1765.0,729.0,10,0,0,1,Pedestrian
5,1737.0,707.0,1765.0,729.0,11,0,0,1,Pedestrian
5,1737.0,707.0,1765.0,729.0,12,0,0,1,Pedestrian
5,1737.0,707.0,1765.0,729.0,13,0,0,1,Pedestrian
5,1737.0,707.0,1765.0,729.0,14,0,0,1,Pedestrian
5,1737.0,707.0,1765.0,729.0,15,0,0,1,Pedestrian
5,1737.0,707.0,1765.0,729.0,16,0,0,1,Pedestrian
5,1737.0,707.0,1765.0,729.0,17,0,0,1,Pedestrian
5,1737.0,707.0,1765.0,729.0,18,0,0,1,Pedestrian
5,1737.0,707.0,1765.0,729.0,19,0,0,1,Pedestrian
5,1737.0,707.0,1765.0,729.0,20,0,0,1,Pedestrian
5,1737.0,707.0,1765.0,729.0,21,0,0,1,Pedestrian
5,1737.0,707.0,1765.0,729.0,22,0,0,1,Pedestrian
5,1737.0,707.0,1765.0,729.0,23,0,0,1,Pedestrian
5,1737.0,707.0,1765.0,729.0,24,0,0,1,Pedestrian
5,1737.0,707.0,1765.0,729.0,25,0,0,1,Pedestrian
5,1737.0,707.0,1765.0,729.0,26,0,0,1,Pedestrian
5,1737.0,707.0,1765.0,729.0,27,0,0,1,Pedestrian
5,1737.0,707.0,1765.0,729.0,28,0,0,1,Pedestrian
5,1737.0,707.0,1765.0,729.0,29,0,0,1,Pedestrian
5,1737.0,707.0,1765.0,729.0,30,0,0,1,Pedestrian
5,1737.0,707.0,1765.0,729.0,31,0,0,1,Pedestrian
5,1737.0,707.0,1765.0,729.0,32,0,0,1,Pedestrian
5,1737.0,707.0,1765.0,729.0,33,0,0,1,Pedestrian
5,1737.0,707.0,1765.0,729.0,34,0,0,1,Pedestrian
5,1737.0,707.0,1765.0,729.0,35,0,0,1,Pedestrian
5,1737.0,707.0,1765.0,729.0,36,0,0,1,Pedestrian
5,1737.0,707.0,1765.0,729.0,37,0,0,1,Pedestrian
5,1737.0,707.0,1765.0,729.0,38,0,0,1,Pedestrian
5,1737.0,707.0,1765.0,729.0,39,0,0,1,Pedestrian
5,1737.0,707.0,1765.0,729.0,40,0,0,1,Pedestrian
5,1737.0,707.0,1765.0,729.0,41,0,0,1,Pedestrian
5,1737.0,707.0,1765.0,729.0,42,0,0,1,Pedestrian
5,1737.0,707.0,1765.0,729.0,43,0,0,1,Pedestrian
5,1737.0,707.0,1765.0,729.0,44,0,0,1,Pedestrian
5,1737.0,707.0,1765.0,729.0,45,0,0,1,Pedestrian
5,1737.0,707.0,1765.0,729.0,46,0,0,1,Pedestrian
5,1737.0,707.0,1765.0,729.0,47,0,0,1,Pedestrian
5,1737.0,707.0,1765.0,729.0,48,0,0,1,Pedestrian
5,1737.0,707.0,1765.0,729.0,49,0,0,1,Pedestrian
5,1737.0,707.0,1765.0,729.0,50,0,0,1,Pedestrian
5,1737.0,707.0,1765.0,729.0,51,0,0,1,Pedestrian
5,1737.0,707.0,1765.0,729.0,52,0,0,1,Pedestrian
5,1737.0,707.0,1765.0,729.0,53,0,0,1,Pedestrian
5,1737.0,707.0,1765.0,729.0,54,0,0,1,Pedestrian
5,1737.0,707.0,1765.0,729.0,55,0,0,1,Pedestrian
5,1737.0,707.0,1765.0,729.0,56,0,0,1,Pedestrian
5,1737.0,707.0,1765.0,729.0,57,0,0,1,Pedestrian
5,1737.0,707.0,1765.0,729.0,58,0,0,1,Pedestrian
5,1737.0,707.0,1765.0,729.0,59,0,0,1,Pedestrian
5,1737.0,707.0,1765.0,729.0,60,0,0,1,Pedestrian
5,1737.0,707.0,1765.0,729.0,61,0,0,1,Pedestrian
5,1737.0,707.0,1765.0,729.0,62,0,0,1,Pedestrian
5,1737.0,707.0,1765.0,729.0,63,0,0,1,Pedestrian
5,1737.0,707.0,1765.0,729.0,64,0,0,1,Pedestrian
5,1737.0,707.0,1765.0,729.0,65,0,0,1,Pedestrian
5,1737.0,707.0,1765.0,729.0,66,0,0,1,Pedestrian
5,1737.0,707.0,1765.0,729.0,67,0,0,1,Pedestrian
5,1737.0,707.0,1765.0,729.0,68,0,0,1,Pedestrian
5,1737.0,707.0,1765.0,729.0,69,0,0,1,Pedestrian
5,1737.0,707.0,1765.0,729.0,70,0,0,1,Pedestrian
5,1737.0,707.0,1765.0,729.0,71,0,0,1,Pedestrian
5,1737.0,707.0,1765.0,729.0,72,0,0,1,Pedestrian
5,1737.0,707.0,1765.0,729.0,73,0,0,1,Pedestrian
5,1737.0,707.0,1765.0,729.0,74,0,0,1,Pedestrian
5,1737.0,707.0,1765.0,729.0,75,0,0,1,Pedestrian
5,1737.0,707.0,1765.0,729.0,76,0,0,1,Pedestrian
5,1737.0,707.0,1765.0,729.0,77,0,0,1,Pedestrian
5,1737.0,707.0,1765.0,729.0,78,0,0,1,Pedestrian
5,1737.0,707.0,1765.0,729.0,79,0,0,1,Pedestrian
5,1737.0,707.0,1765.0,729.0,80,0,0,1,Pedestrian
5,1737.0,707.0,1765.0,729.0,81,0,0,1,Pedestrian
5,1737.0,707.0,1765.0,729.0,82,0,0,1,Pedestrian
5,1737.0,707.0,1765.0,729.0,83,0,0,1,Pedestrian
5,1737.0,707.0,1765.0,729.0,84,0,0,1,Pedestrian
5,1737.0,707.0,1765.0,729.0,85,0,0,1,Pedestrian
5,1737.0,707.0,1765.0,729.0,86,0,0,1,Pedestrian
5,1737.0,707.0,1765.0,729.0,87,0,0,1,Pedestrian
5,1737.0,707.0,1765.0,729.0,88,0,0,1,Pedestrian
5,1737.0,707.0,1765.0,729.0,89,0,0,1,Pedestrian
5,1737.0,707.0,1765.0,729.0,90,0,0,1,Pedestrian
5,1737.0,707.0,1765.0,729.0,91,0,0,1,Pedestrian
5,1737.0,707.0,1765.0,729.0,92,0,0,1,Pedestrian
5,1737.0,707.0,1765.0,729.0,93,0,0,1,Pedestrian
5,1737.0,707.0,1765.0,729.0,94,0,0,1,Pedestrian
5,1737.0,707.0,1765.0,729.0,95,0,0,1,Pedestrian
5,1737.0,707.0,1765.0,729.0,96,0,0,1,Pedestrian
5,1737.0,707.0,1765.0,729.0,97,0,0,1,Pedestrian
5,1737.0,707.0,1765.0,729.0,98,0,0,1,Pedestrian
5,1737.0,707.0,1765.0,729.0,99,0,0,1,Pedestrian
5,1737.0,707.0,1765.0,729.0,100,0,0,1,Pedestrian
5,1737.0,707.0,1765.0,729.0,101,0,0,1,Pedestrian
5,1737.0,707.0,1765.0,729.0,102,0,0,1,Pedestrian
5,1737.0,707.0,1765.0,729.0,103,0,0,1,Pedestrian
5,1737.0,707.0,1765.0,729.0,104,0,0,1,Pedestrian
5,1737.0,707.0,1765.0,729.0,105,0,0,1,Pedestrian
5,1737.0,707.0,1765.0,729.0,106,0,0,1,Pedestrian
5,1737.0,707.0,1765.0,729.0,107,0,0,1,Pedestrian
5,1737.0,707.0,1765.0,729.0,108,0,0,1,Pedestrian
5,1737.0,707.0,1765.0,729.0,109,0,0,1,Pedestrian
5,1737.0,707.0,1765.0,729.0,110,0,0,1,Pedestrian
5,1737.0,707.0,1765.0,729.0,111,0,0,1,Pedestrian
5,1737.0,707.0,1765.0,729.0,112,0,0,1,Pedestrian
5,1737.0,707.0,1765.0,729.0,113,0,0,1,Pedestrian
5,1737.0,707.0,1765.0,729.0,114,0,0,1,Pedestrian
5,1737.0,707.0,1765.0,729.0,115,0,0,1,Pedestrian
5,1737.0,707.0,1765.0,729.0,116,0,0,1,Pedestrian
5,1737.0,707.0,1765.0,729.0,117,0,0,1,Pedestrian
5,1737.0,707.0,1765.0,729.0,118,0,0,1,Pedestrian
5,1737.0,707.0,1765.0,729.0,119,0,0,1,Pedestrian
5,1737.0,707.0,1765.0,729.0,120,0,0,1,Pedestrian
5,1737.0,707.0,1765.0,729.0,121,0,0,1,Pedestrian
5,1737.0,707.0,1765.0,729.0,122,0,0,1,Pedestrian
5,1737.0,707.0,1765.0,729.0,123,0,0,1,Pedestrian
5,1737.0,707.0,1765.0,729.0,124,0,0,1,Pedestrian
5,1737.0,707.0,1765.0,729.0,125,0,0,1,Pedestrian
5,1737.0,707.0,1765.0,729.0,126,0,0,1,Pedestrian
5,1737.0,707.0,1765.0,729.0,127,0,0,1,Pedestrian
5,1737.0,707.0,1765.0,729.0,128,0,0,1,Pedestrian
5,1737.0,707.0,1765.0,729.0,129,0,0,1,Pedestrian
5,1737.0,707.0,1765.0,729.0,130,0,0,1,Pedestrian
5,1737.0,707.0,1765.0,729.0,131,0,0,1,Pedestrian
5,1737.0,707.0,1765.0,729.0,132,0,0,1,Pedestrian
5,1737.0,707.0,1765.0,729.0,133,0,0,1,Pedestrian
5,1737.0,707.0,1765.0,729.0,134,0,0,1,Pedestrian
5,1737.0,707.0,1765.0,729.0,135,0,0,1,Pedestrian
5,1737.0,707.0,1765.0,729.0,136,0,0,1,Pedestrian
5,1737.0,707.0,1765.0,729.0,137,0,0,1,Pedestrian
5,1737.0,707.0,1765.0,729.0,138,0,0,1,Pedestrian
5,1737.0,707.0,1765.0,729.0,139,0,0,1,Pedestrian
5,1737.0,707.0,1765.0,729.0,140,0,0,1,Pedestrian
5,1737.0,707.0,1765.0,729.0,141,0,0,1,Pedestrian
5,1737.0,707.0,1765.0,729.0,142,0,0,1,Pedestrian
5,1737.0,707.0,1765.0,729.0,143,0,0,1,Pedestrian
5,1737.0,707.0,1765.0,729.0,144,0,0,1,Pedestrian
5,1737.0,707.0,1765.0,729.0,145,0,0,1,Pedestrian
5,1737.0,707.0,1765.0,729.0,146,0,0,1,Pedestrian
5,1737.0,707.0,1765.0,729.0,147,0,0,1,Pedestrian
5,1737.0,707.0,1765.0,729.0,148,0,0,1,Pedestrian
5,1737.0,707.0,1765.0,729.0,149,0,0,1,Pedestrian
5,1737.0,707.0,1765.0,729.0,150,0,0,1,Pedestrian
5,1737.0,707.0,1765.0,729.0,151,0,0,1,Pedestrian
5,1737.0,707.0,1765.0,729.0,152,0,0,1,Pedestrian
5,1737.0,707.0,1765.0,729.0,153,0,0,1,Pedestrian
5,1737.0,707.0,1765.0,729.0,154,0,0,1,Pedestrian
5,1737.0,707.0,1765.0,729.0,155,0,0,1,Pedestrian
5,1737.0,707.0,1765.0,729.0,156,0,0,1,Pedestrian
5,1737.0,707.0,1765.0,729.0,157,0,0,1,Pedestrian
5,1737.0,707.0,1765.0,729.0,158,0,0,1,Pedestrian
5,1737.0,707.0,1765.0,729.0,159,0,0,1,Pedestrian
5,1737.0,707.0,1765.0,729.0,160,0,0,1,Pedestrian
5,1737.0,707.0,1765.0,729.0,161,0,0,1,Pedestrian
5,1737.0,707.0,1765.0,729.0,162,0,0,1,Pedestrian
5,1737.0,707.0,1765.0,729.0,163,0,0,1,Pedestrian
5,1737.0,707.0,1765.0,729.0,164,0,0,1,Pedestrian
5,1737.0,707.0,1765.0,729.0,165,0,0,1,Pedestrian
5,1737.0,707.0,1765.0,729.0,166,0,0,1,Pedestrian
5,1737.0,707.0,1765.0,729.0,167,0,0,1,Pedestrian
5,1737.0,707.0,1765.0,729.0,168,0,0,1,Pedestrian
5,1737.0,707.0,1765.0,729.0,169,0,0,1,Pedestrian
5,1737.0,707.0,1765.0,729.0,170,0,0,1,Pedestrian
5,1737.0,707.0,1765.0,729.0,171,0,0,1,Pedestrian
5,1737.0,707.0,1765.0,729.0,172,0,0,1,Pedestrian
5,1737.0,707.0,1765.0,729.0,173,0,0,1,Pedestrian
5,1737.0,707.0,1765.0,729.0,174,0,0,1,Pedestrian
5,1737.0,707.0,1765.0,729.0,175,0,0,1,Pedestrian
5,1737.0,707.0,1765.0,729.0,176,0,0,1,Pedestrian
5,1737.0,707.0,1765.0,729.0,177,0,0,1,Pedestrian
5,1737.0,707.0,1765.0,729.0,178,0,0,1,Pedestrian
5,1737.0,707.0,1765.0,729.0,179,0,0,1,Pedestrian
5,1737.0,707.0,1765.0,729.0,180,0,0,1,Pedestrian
5,1737.0,707.0,1765.0,729.0,181,0,0,1,Pedestrian
5,1737.0,707.0,1765.0,729.0,182,0,0,1,Pedestrian
5,1737.0,707.0,1765.0,729.0,183,0,0,1,Pedestrian
5,1737.0,707.0,1765.0,729.0,184,0,0,1,Pedestrian
5,1737.0,707.0,1765.0,729.0,185,0,0,1,Pedestrian
5,1737.0,707.0,1765.0,729.0,186,0,0,1,Pedestrian
5,1737.0,707.0,1765.0,729.0,187,0,0,1,Pedestrian
5,1737.0,707.0,1765.0,729.0,188,0,0,1,Pedestrian
5,1737.0,707.0,1765.0,729.0,189,0,0,1,Pedestrian
5,1737.0,707.0,1765.0,729.0,190,0,0,1,Pedestrian
5,1737.0,707.0,1765.0,729.0,191,0,0,1,Pedestrian
5,1737.0,707.0,1765.0,729.0,192,0,0,1,Pedestrian
5,1737.0,707.0,1765.0,729.0,193,0,0,1,Pedestrian
5,1737.0,707.0,1765.0,729.0,194,0,0,1,Pedestrian
5,1737.0,707.0,1765.0,729.0,195,0,0,1,Pedestrian
5,1737.0,707.0,1765.0,729.0,196,0,0,1,Pedestrian
5,1737.0,707.0,1765.0,729.0,197,0,0,1,Pedestrian
5,1737.0,707.0,1765.0,729.0,198,0,0,1,Pedestrian
5,1737.0,707.0,1765.0,729.0,199,0,0,1,Pedestrian
5,1737.0,707.0,1765.0,729.0,200,0,0,1,Pedestrian
5,1737.0,707.0,1765.0,729.0,201,0,0,1,Pedestrian
5,1737.0,707.0,1765.0,729.0,202,0,0,1,Pedestrian
5,1737.0,707.0,1765.0,729.0,203,0,0,1,Pedestrian
5,1737.0,707.0,1765.0,729.0,204,0,0,1,Pedestrian
5,1737.0,707.0,1765.0,729.0,205,0,0,1,Pedestrian
5,1737.0,707.0,1765.0,729.0,206,0,0,1,Pedestrian
5,1737.0,707.0,1765.0,729.0,207,0,0,1,Pedestrian
5,1737.0,707.0,1765.0,729.0,208,0,0,1,Pedestrian
5,1737.0,707.0,1765.0,729.0,209,0,0,1,Pedestrian
5,1737.0,707.0,1765.0,729.0,210,0,0,1,Pedestrian
5,1737.0,707.0,1765.0,729.0,211,0,0,1,Pedestrian
5,1737.0,707.0,1765.0,729.0,212,0,0,1,Pedestrian
5,1737.0,707.0,1765.0,729.0,213,0,0,1,Pedestrian
5,1737.0,707.0,1765.0,729.0,214,0,0,1,Pedestrian
5,1737.0,707.0,1765.0,729.0,215,0,0,1,Pedestrian
5,1737.0,707.0,1765.0,729.0,216,0,0,1,Pedestrian
5,1737.0,707.0,1765.0,729.0,217,0,0,1,Pedestrian
5,1737.0,707.0,1765.0,729.0,218,0,0,1,Pedestrian
5,1737.0,707.0,1765.0,729.0,219,0,0,1,Pedestrian
5,1737.0,707.0,1765.0,729.0,220,0,0,1,Pedestrian
5,1737.0,707.0,1765.0,729.0,221,0,0,1,Pedestrian
5,1737.0,707.0,1765.0,729.0,222,0,0,1,Pedestrian
5,1737.0,707.0,1765.0,729.0,223,0,0,1,Pedestrian
5,1737.0,707.0,1765.0,729.0,224,0,0,1,Pedestrian
5,1737.0,707.0,1765.0,729.0,225,0,0,1,Pedestrian
5,1737.0,707.0,1765.0,729.0,226,0,0,1,Pedestrian
5,1737.0,707.0,1765.0,729.0,227,0,0,1,Pedestrian
5,1737.0,707.0,1765.0,729.0,228,0,0,1,Pedestrian
5,1737.0,707.0,1765.0,729.0,229,0,0,1,Pedestrian
5,1737.0,707.0,1765.0,729.0,230,0,0,1,Pedestrian
5,1737.0,707.0,1765.0,729.0,231,0,0,1,Pedestrian
5,1737.0,707.0,1765.0,729.0,232,0,0,1,Pedestrian
5,1737.0,707.0,1765.0,729.0,233,0,0,1,Pedestrian
5,1737.0,707.0,1765.0,729.0,234,0,0,1,Pedestrian
5,1737.0,707.0,1765.0,729.0,235,0,0,1,Pedestrian
5,1737.0,707.0,1765.0,729.0,236,0,0,1,Pedestrian
5,1737.0,707.0,1765.0,729.0,237,0,0,1,Pedestrian
5,1737.0,707.0,1765.0,729.0,238,0,0,1,Pedestrian
5,1737.0,707.0,1765.0,729.0,239,0,0,1,Pedestrian
5,1737.0,707.0,1765.0,729.0,240,0,0,1,Pedestrian
5,1737.0,707.0,1765.0,729.0,241,0,0,1,Pedestrian
5,1737.0,707.0,1765.0,729.0,242,0,0,1,Pedestrian
5,1737.0,707.0,1765.0,729.0,243,0,0,1,Pedestrian
5,1737.0,707.0,1765.0,729.0,244,0,0,1,Pedestrian
5,1737.0,707.0,1765.0,729.0,245,0,0,1,Pedestrian
5,1737.0,707.0,1765.0,729.0,246,0,0,1,Pedestrian
5,1737.0,707.0,1765.0,729.0,247,0,0,1,Pedestrian
5,1737.0,707.0,1765.0,729.0,248,0,0,1,Pedestrian
5,1737.0,707.0,1765.0,729.0,249,0,0,1,Pedestrian
5,1737.0,707.0,1765.0,729.0,250,0,0,1,Pedestrian
5,1737.0,707.0,1765.0,729.0,251,0,0,1,Pedestrian
5,1737.0,707.0,1765.0,729.0,252,0,0,1,Pedestrian
5,1737.0,707.0,1765.0,729.0,253,0,0,1,Pedestrian
5,1737.0,707.0,1765.0,729.0,254,0,0,1,Pedestrian
5,1737.0,707.0,1765.0,729.0,255,0,0,1,Pedestrian
5,1737.0,707.0,1765.0,729.0,256,0,0,1,Pedestrian
5,1737.0,707.0,1765.0,729.0,257,0,0,1,Pedestrian
5,1737.0,707.0,1765.0,729.0,258,0,0,1,Pedestrian
5,1737.0,707.0,1765.0,729.0,259,0,0,1,Pedestrian
5,1737.0,707.0,1765.0,729.0,260,0,0,1,Pedestrian
5,1737.0,707.0,1765.0,729.0,261,0,0,1,Pedestrian
5,1737.0,707.0,1765.0,729.0,262,0,0,1,Pedestrian
5,1737.0,707.0,1765.0,729.0,263,0,0,1,Pedestrian
5,1737.0,707.0,1765.0,729.0,264,0,0,1,Pedestrian
5,1737.0,707.0,1765.0,729.0,265,0,0,1,Pedestrian
5,1737.0,707.0,1765.0,729.0,266,0,0,1,Pedestrian
5,1737.0,707.0,1765.0,729.0,267,0,0,1,Pedestrian
5,1737.0,707.0,1765.0,729.0,268,0,0,1,Pedestrian
5,1737.0,707.0,1765.0,729.0,269,0,0,1,Pedestrian
5,1737.0,707.0,1765.0,729.0,270,0,0,1,Pedestrian
5,1737.0,707.0,1765.0,729.0,271,0,0,1,Pedestrian
5,1737.0,707.0,1765.0,729.0,272,0,0,1,Pedestrian
5,1737.0,707.0,1765.0,729.0,273,0,0,1,Pedestrian
5,1737.0,707.0,1765.0,729.0,274,0,0,1,Pedestrian
5,1737.0,707.0,1765.0,729.0,275,0,0,1,Pedestrian
5,1737.0,707.0,1765.0,729.0,276,0,0,1,Pedestrian
5,1737.0,707.0,1765.0,729.0,277,0,0,1,Pedestrian
5,1737.0,707.0,1765.0,729.0,278,0,0,1,Pedestrian
5,1737.0,707.0,1765.0,729.0,279,0,0,1,Pedestrian
5,1737.0,707.0,1765.0,729.0,280,0,0,1,Pedestrian
5,1737.0,707.0,1765.0,729.0,281,0,0,1,Pedestrian
5,1737.0,707.0,1765.0,729.0,282,0,0,1,Pedestrian
5,1737.0,707.0,1765.0,729.0,283,0,0,1,Pedestrian
5,1737.0,707.0,1765.0,729.0,284,0,0,1,Pedestrian
5,1737.0,707.0,1765.0,729.0,285,0,0,1,Pedestrian
5,1737.0,707.0,1765.0,729.0,286,0,0,1,Pedestrian
5,1737.0,707.0,1765.0,729.0,287,0,0,1,Pedestrian
5,1737.0,707.0,1765.0,729.0,288,0,0,1,Pedestrian
5,1737.0,707.0,1765.0,729.0,289,0,0,1,Pedestrian
5,1737.0,707.0,1765.0,729.0,290,0,0,1,Pedestrian
5,1737.0,707.0,1765.0,729.0,291,0,0,1,Pedestrian
5,1737.0,707.0,1765.0,729.0,292,0,0,1,Pedestrian
5,1737.0,707.0,1765.0,729.0,293,0,0,1,Pedestrian
5,1737.0,707.0,1765.0,729.0,294,0,0,1,Pedestrian
5,1737.0,707.0,1765.0,729.0,295,0,0,1,Pedestrian
5,1737.0,707.0,1765.0,729.0,296,0,0,1,Pedestrian
5,1737.0,707.0,1765.0,729.0,297,0,0,1,Pedestrian
5,1737.0,707.0,1765.0,729.0,298,0,0,1,Pedestrian
5,1737.0,707.0,1765.0,729.0,299,0,0,1,Pedestrian
5,1737.0,707.0,1765.0,729.0,300,0,0,1,Pedestrian
5,1737.0,707.0,1765.0,729.0,301,0,0,1,Pedestrian
5,1737.0,707.0,1765.0,729.0,302,0,0,1,Pedestrian
5,1737.0,707.0,1765.0,729.0,303,0,0,1,Pedestrian
5,1737.0,707.0,1765.0,729.0,304,0,0,1,Pedestrian
5,1737.0,707.0,1765.0,729.0,305,0,0,1,Pedestrian
5,1737.0,707.0,1765.0,729.0,306,0,0,1,Pedestrian
5,1737.0,707.0,1765.0,729.0,307,0,0,1,Pedestrian
5,1737.0,707.0,1765.0,729.0,308,0,0,1,Pedestrian
5,1737.0,707.0,1765.0,729.0,309,0,0,1,Pedestrian
5,1737.0,707.0,1765.0,729.0,310,0,0,1,Pedestrian
5,1737.0,707.0,1765.0,729.0,311,0,0,1,Pedestrian
5,1737.0,707.0,1765.0,729.0,312,0,0,1,Pedestrian
5,1737.0,707.0,1765.0,729.0,313,0,0,1,Pedestrian
5,1737.0,707.0,1765.0,729.0,314,0,0,1,Pedestrian
5,1737.0,707.0,1765.0,729.0,315,0,0,1,Pedestrian
5,1737.0,707.0,1765.0,729.0,316,0,0,1,Pedestrian
5,1737.0,707.0,1765.0,729.0,317,0,0,1,Pedestrian
5,1737.0,707.0,1765.0,729.0,318,0,0,1,Pedestrian
5,1737.0,707.0,1765.0,729.0,319,0,0,1,Pedestrian
5,1737.0,707.0,1765.0,729.0,320,0,0,1,Pedestrian
5,1737.0,707.0,1765.0,729.0,321,0,0,1,Pedestrian
5,1737.0,707.0,1765.0,729.0,322,0,0,1,Pedestrian
5,1737.0,707.0,1765.0,729.0,323,0,0,1,Pedestrian
5,1737.0,707.0,1765.0,729.0,324,0,0,1,Pedestrian
5,1737.0,707.0,1765.0,729.0,325,0,0,1,Pedestrian
5,1737.0,707.0,1765.0,729.0,326,0,0,1,Pedestrian
5,1737.0,707.0,1765.0,729.0,327,0,0,1,Pedestrian
5,1737.0,707.0,1765.0,729.0,328,0,0,1,Pedestrian
5,1737.0,707.0,1765.0,729.0,329,0,0,1,Pedestrian
5,1737.0,707.0,1765.0,729.0,330,0,0,1,Pedestrian
5,1737.0,707.0,1765.0,729.0,331,0,0,1,Pedestrian
5,1737.0,707.0,1765.0,729.0,332,0,0,1,Pedestrian
5,1737.0,707.0,1765.0,729.0,333,0,0,1,Pedestrian
5,1737.0,707.0,1765.0,729.0,334,0,0,1,Pedestrian
5,1737.0,707.0,1765.0,729.0,335,0,0,1,Pedestrian
5,1737.0,707.0,1765.0,729.0,336,0,0,1,Pedestrian
5,1737.0,707.0,1765.0,729.0,337,0,0,1,Pedestrian
5,1737.0,707.0,1765.0,729.0,338,0,0,1,Pedestrian
5,1737.0,707.0,1765.0,729.0,339,0,0,1,Pedestrian
5,1737.0,707.0,1765.0,729.0,340,0,0,1,Pedestrian
5,1737.0,707.0,1765.0,729.0,341,0,0,1,Pedestrian
5,1737.0,707.0,1765.0,729.0,342,0,0,1,Pedestrian
5,1737.0,707.0,1765.0,729.0,343,0,0,1,Pedestrian
5,1737.0,707.0,1765.0,729.0,344,0,0,1,Pedestrian
5,1737.0,707.0,1765.0,729.0,345,0,0,1,Pedestrian
5,1737.0,707.0,1765.0,729.0,346,0,0,1,Pedestrian
5,1737.0,707.0,1765.0,729.0,347,0,0,1,Pedestrian
5,1737.0,707.0,1765.0,729.0,348,0,0,1,Pedestrian
5,1737.0,707.0,1765.0,729.0,349,0,0,1,Pedestrian
5,1737.0,707.0,1765.0,729.0,350,0,0,1,Pedestrian
5,1737.0,707.0,1765.0,729.0,351,0,0,1,Pedestrian
5,1737.0,707.0,1765.0,729.0,352,0,0,1,Pedestrian
5,1737.0,707.0,1765.0,729.0,353,0,0,1,Pedestrian
5,1737.0,707.0,1765.0,729.0,354,0,0,1,Pedestrian
5,1737.0,707.0,1765.0,729.0,355,0,0,1,Pedestrian
5,1737.0,707.0,1765.0,729.0,356,0,0,1,Pedestrian
5,1737.0,707.0,1765.0,729.0,357,0,0,1,Pedestrian
5,1737.0,707.0,1765.0,729.0,358,0,0,1,Pedestrian
5,1737.0,707.0,1765.0,729.0,359,0,0,1,Pedestrian
5,1737.0,707.0,1765.0,729.0,360,0,0,1,Pedestrian
5,1737.0,707.0,1765.0,729.0,361,0,0,1,Pedestrian
5,1737.0,707.0,1765.0,729.0,362,0,0,1,Pedestrian
5,1737.0,707.0,1765.0,729.0,363,0,0,1,Pedestrian
5,1737.0,707.0,1765.0,729.0,364,0,0,1,Pedestrian
5,1737.0,707.0,1765.0,729.0,365,0,0,1,Pedestrian
5,1737.0,707.0,1765.0,729.0,366,0,0,1,Pedestrian
5,1737.0,707.0,1765.0,729.0,367,0,0,1,Pedestrian
5,1737.0,707.0,1765.0,729.0,368,0,0,1,Pedestrian
5,1737.0,707.0,1765.0,729.0,369,0,0,1,Pedestrian
5,1737.0,707.0,1765.0,729.0,370,0,0,1,Pedestrian
5,1737.0,707.0,1765.0,729.0,371,0,0,1,Pedestrian
5,1737.0,707.0,1765.0,729.0,372,0,0,1,Pedestrian
5,1737.0,707.0,1765.0,729.0,373,0,0,1,Pedestrian
5,1737.0,707.0,1765.0,729.0,374,0,0,1,Pedestrian
5,1737.0,707.0,1765.0,729.0,375,0,0,1,Pedestrian
5,1737.0,707.0,1765.0,729.0,376,0,0,1,Pedestrian
5,1737.0,707.0,1765.0,729.0,377,0,0,1,Pedestrian
5,1737.0,707.0,1765.0,729.0,378,0,0,1,Pedestrian
5,1737.0,707.0,1765.0,729.0,379,0,0,1,Pedestrian
5,1737.0,707.0,1765.0,729.0,380,0,0,1,Pedestrian
5,1737.0,707.0,1765.0,729.0,381,0,0,1,Pedestrian
5,1737.0,707.0,1765.0,729.0,382,0,0,1,Pedestrian
5,1737.0,707.0,1765.0,729.0,383,0,0,1,Pedestrian
5,1737.0,707.0,1765.0,729.0,384,0,0,1,Pedestrian
5,1737.0,707.0,1765.0,729.0,385,0,0,1,Pedestrian
5,1737.0,707.0,1765.0,729.0,386,0,0,1,Pedestrian
5,1737.0,707.0,1765.0,729.0,387,0,0,1,Pedestrian
5,1737.0,707.0,1765.0,729.0,388,0,0,1,Pedestrian
5,1737.0,707.0,1765.0,729.0,389,0,0,1,Pedestrian
5,1737.0,707.0,1765.0,729.0,390,0,0,1,Pedestrian
5,1737.0,707.0,1765.0,729.0,391,0,0,1,Pedestrian
5,1737.0,707.0,1765.0,729.0,392,0,0,1,Pedestrian
5,1737.0,707.0,1765.0,729.0,393,0,0,1,Pedestrian
5,1737.0,707.0,1765.0,729.0,394,0,0,1,Pedestrian
5,1737.0,707.0,1765.0,729.0,395,0,0,1,Pedestrian
5,1737.0,707.0,1765.0,729.0,396,0,0,1,Pedestrian
5,1737.0,707.0,1765.0,729.0,397,0,0,1,Pedestrian
5,1737.0,707.0,1765.0,729.0,398,0,0,1,Pedestrian
5,1737.0,707.0,1765.0,729.0,399,0,0,1,Pedestrian
5,1737.0,707.0,1765.0,729.0,400,0,0,1,Pedestrian
5,1737.0,707.0,1765.0,729.0,401,0,0,1,Pedestrian
5,1737.0,707.0,1765.0,729.0,402,0,0,1,Pedestrian
5,1737.0,707.0,1765.0,729.0,403,0,0,1,Pedestrian
5,1737.0,707.0,1765.0,729.0,404,0,0,1,Pedestrian
5,1737.0,707.0,1765.0,729.0,405,0,0,1,Pedestrian
5,1737.0,707.0,1765.0,729.0,406,0,0,1,Pedestrian
5,1737.0,707.0,1765.0,729.0,407,0,0,1,Pedestrian
5,1737.0,707.0,1765.0,729.0,408,0,0,1,Pedestrian
5,1737.0,707.0,1765.0,729.0,409,0,0,1,Pedestrian
5,1737.0,707.0,1765.0,729.0,410,0,0,1,Pedestrian
5,1737.0,707.0,1765.0,729.0,411,0,0,1,Pedestrian
5,1737.0,707.0,1765.0,729.0,412,0,0,1,Pedestrian
5,1737.0,707.0,1765.0,729.0,413,0,0,1,Pedestrian
5,1737.0,707.0,1765.0,729.0,414,0,0,1,Pedestrian
5,1737.0,707.0,1765.0,729.0,415,0,0,1,Pedestrian
5,1737.0,707.0,1765.0,729.0,416,0,0,1,Pedestrian
5,1737.0,707.0,1765.0,729.0,417,0,0,1,Pedestrian
5,1737.0,707.0,1765.0,729.0,418,0,0,1,Pedestrian
5,1737.0,707.0,1765.0,729.0,419,0,0,1,Pedestrian
5,1737.0,707.0,1765.0,729.0,420,0,0,1,Pedestrian
5,1737.0,707.0,1765.0,729.0,421,0,0,1,Pedestrian
5,1737.0,707.0,1765.0,729.0,422,0,0,1,Pedestrian
5,1737.0,707.0,1765.0,729.0,423,0,0,1,Pedestrian
5,1737.0,707.0,1765.0,729.0,424,0,0,1,Pedestrian
5,1737.0,707.0,1765.0,729.0,425,0,0,1,Pedestrian
5,1737.0,707.0,1765.0,729.0,426,0,0,1,Pedestrian
5,1737.0,707.0,1765.0,729.0,427,0,0,1,Pedestrian
5,1737.0,707.0,1765.0,729.0,428,0,0,1,Pedestrian
5,1737.0,707.0,1765.0,729.0,429,0,0,1,Pedestrian
5,1737.0,707.0,1765.0,729.0,430,0,0,1,Pedestrian
5,1737.0,707.0,1765.0,729.0,431,0,0,1,Pedestrian
5,1737.0,707.0,1765.0,729.0,432,0,0,1,Pedestrian
5,1737.0,707.0,1765.0,729.0,433,0,0,1,Pedestrian
5,1737.0,707.0,1765.0,729.0,434,0,0,1,Pedestrian
5,1737.0,707.0,1765.0,729.0,435,0,0,1,Pedestrian
5,1737.0,707.0,1765.0,729.0,436,0,0,1,Pedestrian
5,1737.0,707.0,1765.0,729.0,437,0,0,1,Pedestrian
5,1737.0,707.0,1765.0,729.0,438,0,0,1,Pedestrian
5,1737.0,707.0,1765.0,729.0,439,0,0,1,Pedestrian
5,1737.0,707.0,1765.0,729.0,440,0,0,1,Pedestrian
5,1737.0,707.0,1765.0,729.0,441,0,0,1,Pedestrian
5,1737.0,707.0,1765.0,729.0,442,0,0,1,Pedestrian
5,1737.0,707.0,1765.0,729.0,443,0,0,1,Pedestrian
5,1737.0,707.0,1765.0,729.0,444,0,0,1,Pedestrian
5,1737.0,707.0,1765.0,729.0,445,0,0,1,Pedestrian
5,1737.0,707.0,1765.0,729.0,446,0,0,1,Pedestrian
5,1737.0,707.0,1765.0,729.0,447,0,0,1,Pedestrian
5,1737.0,707.0,1765.0,729.0,448,0,0,1,Pedestrian
5,1737.0,707.0,1765.0,729.0,449,0,0,1,Pedestrian
5,1737.0,707.0,1765.0,729.0,450,0,0,1,Pedestrian
5,1737.0,707.0,1765.0,729.0,451,0,0,1,Pedestrian
5,1737.0,707.0,1765.0,729.0,452,0,0,1,Pedestrian
5,1737.0,707.0,1765.0,729.0,453,0,0,1,Pedestrian
5,1737.0,707.0,1765.0,729.0,454,0,0,1,Pedestrian
5,1737.0,707.0,1765.0,729.0,455,0,0,1,Pedestrian
5,1737.0,707.0,1765.0,729.0,456,0,0,1,Pedestrian
5,1737.0,707.0,1765.0,729.0,457,0,0,1,Pedestrian
5,1737.0,707.0,1765.0,729.0,458,0,0,1,Pedestrian
5,1737.0,707.0,1765.0,729.0,459,0,0,1,Pedestrian
5,1737.0,707.0,1765.0,729.0,460,0,0,1,Pedestrian
5,1737.0,707.0,1765.0,729.0,461,0,0,1,Pedestrian
5,1737.0,707.0,1765.0,729.0,462,0,0,1,Pedestrian
5,1737.0,707.0,1765.0,729.0,463,0,0,1,Pedestrian
5,1737.0,707.0,1765.0,729.0,464,0,0,1,Pedestrian
5,1737.0,707.0,1765.0,729.0,465,0,0,1,Pedestrian
5,1737.0,707.0,1765.0,729.0,466,0,0,1,Pedestrian
5,1737.0,707.0,1765.0,729.0,467,0,0,1,Pedestrian
5,1737.0,707.0,1765.0,729.0,468,0,0,1,Pedestrian
5,1737.0,707.0,1765.0,729.0,469,0,0,1,Pedestrian
5,1737.0,707.0,1765.0,729.0,470,0,0,1,Pedestrian
5,1737.0,707.0,1765.0,729.0,471,0,0,1,Pedestrian
5,1737.0,707.0,1765.0,729.0,472,0,0,1,Pedestrian
5,1737.0,707.0,1765.0,729.0,473,0,0,1,Pedestrian
5,1737.0,707.0,1765.0,729.0,474,0,0,1,Pedestrian
5,1737.0,707.0,1765.0,729.0,475,0,0,1,Pedestrian
5,1737.0,707.0,1765.0,729.0,476,0,0,1,Pedestrian
5,1737.0,707.0,1765.0,729.0,477,0,0,1,Pedestrian
5,1737.0,707.0,1765.0,729.0,478,0,0,1,Pedestrian
5,1737.0,707.0,1765.0,729.0,479,0,0,1,Pedestrian
5,1737.0,707.0,1765.0,729.0,480,0,0,1,Pedestrian
5,1737.0,707.0,1765.0,729.0,481,0,0,1,Pedestrian
5,1737.0,707.0,1765.0,729.0,482,0,0,1,Pedestrian
5,1737.0,707.0,1765.0,729.0,483,0,0,1,Pedestrian
5,1737.0,707.0,1765.0,729.0,484,0,0,1,Pedestrian
5,1737.0,707.0,1765.0,729.0,485,0,0,1,Pedestrian
5,1737.0,707.0,1765.0,729.0,486,0,0,1,Pedestrian
5,1737.0,707.0,1765.0,729.0,487,0,0,1,Pedestrian
5,1737.0,707.0,1765.0,729.0,488,0,0,1,Pedestrian
5,1737.0,707.0,1765.0,729.0,489,0,0,1,Pedestrian
5,1737.0,707.0,1765.0,729.0,490,0,0,1,Pedestrian
5,1737.0,707.0,1765.0,729.0,491,0,0,1,Pedestrian
5,1737.0,707.0,1765.0,729.0,492,0,0,1,Pedestrian
5,1737.0,707.0,1765.0,729.0,493,0,0,1,Pedestrian
5,1737.0,707.0,1765.0,729.0,494,0,0,1,Pedestrian
5,1737.0,707.0,1765.0,729.0,495,0,0,1,Pedestrian
5,1737.0,707.0,1765.0,729.0,496,0,0,1,Pedestrian
5,1737.0,707.0,1765.0,729.0,497,0,0,1,Pedestrian
5,1737.0,707.0,1765.0,729.0,498,0,0,1,Pedestrian
5,1737.0,707.0,1765.0,729.0,499,0,0,1,Pedestrian
5,1737.0,707.0,1765.0,729.0,500,0,0,1,Pedestrian
5,1737.0,707.0,1765.0,729.0,501,0,0,1,Pedestrian
5,1737.0,707.0,1765.0,729.0,502,0,0,1,Pedestrian
5,1737.0,707.0,1765.0,729.0,503,0,0,1,Pedestrian
5,1737.0,707.0,1765.0,729.0,504,0,0,1,Pedestrian
5,1737.0,707.0,1765.0,729.0,505,0,0,1,Pedestrian
5,1737.0,707.0,1765.0,729.0,506,0,0,1,Pedestrian
5,1737.0,707.0,1765.0,729.0,507,0,0,1,Pedestrian
5,1737.0,707.0,1765.0,729.0,508,0,0,0,Pedestrian
6,1726.0,691.0,1754.0,714.0,0,0,0,0,Pedestrian
6,1726.0,691.0,1754.0,714.0,1,0,0,1,Pedestrian
6,1726.0,691.0,1754.0,714.0,2,0,0,1,Pedestrian
6,1726.0,691.0,1754.0,714.0,3,0,0,1,Pedestrian
6,1726.0,691.0,1754.0,714.0,4,0,0,1,Pedestrian
6,1726.0,691.0,1754.0,714.0,5,0,0,1,Pedestrian
6,1726.0,691.0,1754.0,714.0,6,0,0,1,Pedestrian
6,1726.0,691.0,1754.0,714.0,7,0,0,1,Pedestrian
6,1726.0,691.0,1754.0,714.0,8,0,0,1,Pedestrian
6,1726.0,691.0,1754.0,714.0,9,0,0,1,Pedestrian
6,1726.0,691.0,1754.0,714.0,10,0,0,1,Pedestrian
6,1726.0,691.0,1754.0,714.0,11,0,0,1,Pedestrian
6,1726.0,691.0,1754.0,714.0,12,0,0,1,Pedestrian
6,1726.0,691.0,1754.0,714.0,13,0,0,1,Pedestrian
6,1726.0,691.0,1754.0,714.0,14,0,0,1,Pedestrian
6,1726.0,691.0,1754.0,714.0,15,0,0,1,Pedestrian
6,1726.0,691.0,1754.0,714.0,16,0,0,1,Pedestrian
6,1726.0,691.0,1754.0,714.0,17,0,0,1,Pedestrian
6,1726.0,691.0,1754.0,714.0,18,0,0,1,Pedestrian
6,1726.0,691.0,1754.0,714.0,19,0,0,1,Pedestrian
6,1726.0,691.0,1754.0,714.0,20,0,0,1,Pedestrian
6,1726.0,691.0,1754.0,714.0,21,0,0,1,Pedestrian
6,1726.0,691.0,1754.0,714.0,22,0,0,1,Pedestrian
6,1726.0,691.0,1754.0,714.0,23,0,0,1,Pedestrian
6,1726.0,691.0,1754.0,714.0,24,0,0,1,Pedestrian
6,1726.0,691.0,1754.0,714.0,25,0,0,1,Pedestrian
6,1726.0,691.0,1754.0,714.0,26,0,0,1,Pedestrian
6,1726.0,691.0,1754.0,714.0,27,0,0,1,Pedestrian
6,1726.0,691.0,1754.0,714.0,28,0,0,1,Pedestrian
6,1726.0,691.0,1754.0,714.0,29,0,0,1,Pedestrian
6,1726.0,691.0,1754.0,714.0,30,0,0,1,Pedestrian
6,1726.0,691.0,1754.0,714.0,31,0,0,1,Pedestrian
6,1726.0,691.0,1754.0,714.0,32,0,0,1,Pedestrian
6,1726.0,691.0,1754.0,714.0,33,0,0,1,Pedestrian
6,1726.0,691.0,1754.0,714.0,34,0,0,1,Pedestrian
6,1726.0,691.0,1754.0,714.0,35,0,0,1,Pedestrian
6,1726.0,691.0,1754.0,714.0,36,0,0,1,Pedestrian
6,1726.0,691.0,1754.0,714.0,37,0,0,1,Pedestrian
6,1726.0,691.0,1754.0,714.0,38,0,0,1,Pedestrian
6,1726.0,691.0,1754.0,714.0,39,0,0,1,Pedestrian
6,1726.0,691.0,1754.0,714.0,40,0,0,1,Pedestrian
6,1726.0,691.0,1754.0,714.0,41,0,0,1,Pedestrian
6,1726.0,691.0,1754.0,714.0,42,0,0,1,Pedestrian
6,1726.0,691.0,1754.0,714.0,43,0,0,1,Pedestrian
6,1726.0,691.0,1754.0,714.0,44,0,0,1,Pedestrian
6,1726.0,691.0,1754.0,714.0,45,0,0,1,Pedestrian
6,1726.0,691.0,1754.0,714.0,46,0,0,1,Pedestrian
6,1726.0,691.0,1754.0,714.0,47,0,0,1,Pedestrian
6,1726.0,691.0,1754.0,714.0,48,0,0,1,Pedestrian
6,1726.0,691.0,1754.0,714.0,49,0,0,1,Pedestrian
6,1726.0,691.0,1754.0,714.0,50,0,0,1,Pedestrian
6,1726.0,691.0,1754.0,714.0,51,0,0,1,Pedestrian
6,1726.0,691.0,1754.0,714.0,52,0,0,1,Pedestrian
6,1726.0,691.0,1754.0,714.0,53,0,0,1,Pedestrian
6,1726.0,691.0,1754.0,714.0,54,0,0,1,Pedestrian
6,1726.0,691.0,1754.0,714.0,55,0,0,1,Pedestrian
6,1726.0,691.0,1754.0,714.0,56,0,0,1,Pedestrian
6,1726.0,691.0,1754.0,714.0,57,0,0,1,Pedestrian
6,1726.0,691.0,1754.0,714.0,58,0,0,1,Pedestrian
6,1726.0,691.0,1754.0,714.0,59,0,0,1,Pedestrian
6,1726.0,691.0,1754.0,714.0,60,0,0,1,Pedestrian
6,1726.0,691.0,1754.0,714.0,61,0,0,1,Pedestrian
6,1726.0,691.0,1754.0,714.0,62,0,0,1,Pedestrian
6,1726.0,691.0,1754.0,714.0,63,0,0,1,Pedestrian
6,1726.0,691.0,1754.0,714.0,64,0,0,1,Pedestrian
6,1726.0,691.0,1754.0,714.0,65,0,0,1,Pedestrian
6,1726.0,691.0,1754.0,714.0,66,0,0,1,Pedestrian
6,1726.0,691.0,1754.0,714.0,67,0,0,1,Pedestrian
6,1726.0,691.0,1754.0,714.0,68,0,0,1,Pedestrian
6,1726.0,691.0,1754.0,714.0,69,0,0,1,Pedestrian
6,1726.0,691.0,1754.0,714.0,70,0,0,1,Pedestrian
6,1726.0,691.0,1754.0,714.0,71,0,0,1,Pedestrian
6,1726.0,691.0,1754.0,714.0,72,0,0,1,Pedestrian
6,1726.0,691.0,1754.0,714.0,73,0,0,1,Pedestrian
6,1726.0,691.0,1754.0,714.0,74,0,0,1,Pedestrian
6,1726.0,691.0,1754.0,714.0,75,0,0,1,Pedestrian
6,1726.0,691.0,1754.0,714.0,76,0,0,1,Pedestrian
6,1726.0,691.0,1754.0,714.0,77,0,0,1,Pedestrian
6,1726.0,691.0,1754.0,714.0,78,0,0,1,Pedestrian
6,1726.0,691.0,1754.0,714.0,79,0,0,1,Pedestrian
6,1726.0,691.0,1754.0,714.0,80,0,0,1,Pedestrian
6,1726.0,691.0,1754.0,714.0,81,0,0,1,Pedestrian
6,1726.0,691.0,1754.0,714.0,82,0,0,1,Pedestrian
6,1726.0,691.0,1754.0,714.0,83,0,0,1,Pedestrian
6,1726.0,691.0,1754.0,714.0,84,0,0,1,Pedestrian
6,1726.0,691.0,1754.0,714.0,85,0,0,1,Pedestrian
6,1726.0,691.0,1754.0,714.0,86,0,0,1,Pedestrian
6,1726.0,691.0,1754.0,714.0,87,0,0,1,Pedestrian
6,1726.0,691.0,1754.0,714.0,88,0,0,1,Pedestrian
6,1726.0,691.0,1754.0,714.0,89,0,0,1,Pedestrian
6,1726.0,691.0,1754.0,714.0,90,0,0,1,Pedestrian
6,1726.0,691.0,1754.0,714.0,91,0,0,1,Pedestrian
6,1726.0,691.0,1754.0,714.0,92,0,0,1,Pedestrian
6,1726.0,691.0,1754.0,714.0,93,0,0,1,Pedestrian
6,1726.0,691.0,1754.0,714.0,94,0,0,1,Pedestrian
6,1726.0,691.0,1754.0,714.0,95,0,0,1,Pedestrian
6,1726.0,691.0,1754.0,714.0,96,0,0,1,Pedestrian
6,1726.0,691.0,1754.0,714.0,97,0,0,1,Pedestrian
6,1726.0,691.0,1754.0,714.0,98,0,0,1,Pedestrian
6,1726.0,691.0,1754.0,714.0,99,0,0,1,Pedestrian
6,1726.0,691.0,1754.0,714.0,100,0,0,1,Pedestrian
6,1726.0,691.0,1754.0,714.0,101,0,0,1,Pedestrian
6,1726.0,691.0,1754.0,714.0,102,0,0,1,Pedestrian
6,1726.0,691.0,1754.0,714.0,103,0,0,1,Pedestrian
6,1726.0,691.0,1754.0,714.0,104,0,0,1,Pedestrian
6,1726.0,691.0,1754.0,714.0,105,0,0,1,Pedestrian
6,1726.0,691.0,1754.0,714.0,106,0,0,1,Pedestrian
6,1726.0,691.0,1754.0,714.0,107,0,0,1,Pedestrian
6,1726.0,691.0,1754.0,714.0,108,0,0,1,Pedestrian
6,1726.0,691.0,1754.0,714.0,109,0,0,1,Pedestrian
6,1726.0,691.0,1754.0,714.0,110,0,0,1,Pedestrian
6,1726.0,691.0,1754.0,714.0,111,0,0,1,Pedestrian
6,1726.0,691.0,1754.0,714.0,112,0,0,1,Pedestrian
6,1726.0,691.0,1754.0,714.0,113,0,0,1,Pedestrian
6,1726.0,691.0,1754.0,714.0,114,0,0,1,Pedestrian
6,1726.0,691.0,1754.0,714.0,115,0,0,1,Pedestrian
6,1726.0,691.0,1754.0,714.0,116,0,0,1,Pedestrian
6,1726.0,691.0,1754.0,714.0,117,0,0,1,Pedestrian
6,1726.0,691.0,1754.0,714.0,118,0,0,1,Pedestrian
6,1726.0,691.0,1754.0,714.0,119,0,0,1,Pedestrian
6,1726.0,691.0,1754.0,714.0,120,0,0,1,Pedestrian
6,1726.0,691.0,1754.0,714.0,121,0,0,1,Pedestrian
6,1726.0,691.0,1754.0,714.0,122,0,0,1,Pedestrian
6,1726.0,691.0,1754.0,714.0,123,0,0,1,Pedestrian
6,1726.0,691.0,1754.0,714.0,124,0,0,1,Pedestrian
6,1726.0,691.0,1754.0,714.0,125,0,0,1,Pedestrian
6,1726.0,691.0,1754.0,714.0,126,0,0,1,Pedestrian
6,1726.0,691.0,1754.0,714.0,127,0,0,1,Pedestrian
6,1726.0,691.0,1754.0,714.0,128,0,0,1,Pedestrian
6,1726.0,691.0,1754.0,714.0,129,0,0,1,Pedestrian
6,1726.0,691.0,1754.0,714.0,130,0,0,1,Pedestrian
6,1726.0,691.0,1754.0,714.0,131,0,0,1,Pedestrian
6,1726.0,691.0,1754.0,714.0,132,0,0,1,Pedestrian
6,1726.0,691.0,1754.0,714.0,133,0,0,1,Pedestrian
6,1726.0,691.0,1754.0,714.0,134,0,0,1,Pedestrian
6,1726.0,691.0,1754.0,714.0,135,0,0,1,Pedestrian
6,1726.0,691.0,1754.0,714.0,136,0,0,1,Pedestrian
6,1726.0,691.0,1754.0,714.0,137,0,0,1,Pedestrian
6,1726.0,691.0,1754.0,714.0,138,0,0,1,Pedestrian
6,1726.0,691.0,1754.0,714.0,139,0,0,1,Pedestrian
6,1726.0,691.0,1754.0,714.0,140,0,0,1,Pedestrian
6,1726.0,691.0,1754.0,714.0,141,0,0,1,Pedestrian
6,1726.0,691.0,1754.0,714.0,142,0,0,1,Pedestrian
6,1726.0,691.0,1754.0,714.0,143,0,0,1,Pedestrian
6,1726.0,691.0,1754.0,714.0,144,0,0,1,Pedestrian
6,1726.0,691.0,1754.0,714.0,145,0,0,1,Pedestrian
6,1726.0,691.0,1754.0,714.0,146,0,0,1,Pedestrian
6,1726.0,691.0,1754.0,714.0,147,0,0,1,Pedestrian
6,1726.0,691.0,1754.0,714.0,148,0,0,1,Pedestrian
6,1726.0,691.0,1754.0,714.0,149,0,0,1,Pedestrian
6,1726.0,691.0,1754.0,714.0,150,0,0,1,Pedestrian
6,1726.0,691.0,1754.0,714.0,151,0,0,1,Pedestrian
6,1726.0,691.0,1754.0,714.0,152,0,0,1,Pedestrian
6,1726.0,691.0,1754.0,714.0,153,0,0,1,Pedestrian
6,1726.0,691.0,1754.0,714.0,154,0,0,1,Pedestrian
6,1726.0,691.0,1754.0,714.0,155,0,0,1,Pedestrian
6,1726.0,691.0,1754.0,714.0,156,0,0,1,Pedestrian
6,1726.0,691.0,1754.0,714.0,157,0,0,1,Pedestrian
6,1726.0,691.0,1754.0,714.0,158,0,0,1,Pedestrian
6,1726.0,691.0,1754.0,714.0,159,0,0,1,Pedestrian
6,1726.0,691.0,1754.0,714.0,160,0,0,1,Pedestrian
6,1726.0,691.0,1754.0,714.0,161,0,0,1,Pedestrian
6,1726.0,691.0,1754.0,714.0,162,0,0,1,Pedestrian
6,1726.0,691.0,1754.0,714.0,163,0,0,1,Pedestrian
6,1726.0,691.0,1754.0,714.0,164,0,0,1,Pedestrian
6,1726.0,691.0,1754.0,714.0,165,0,0,1,Pedestrian
6,1726.0,691.0,1754.0,714.0,166,0,0,1,Pedestrian
6,1726.0,691.0,1754.0,714.0,167,0,0,1,Pedestrian
6,1726.0,691.0,1754.0,714.0,168,0,0,1,Pedestrian
6,1726.0,691.0,1754.0,714.0,169,0,0,1,Pedestrian
6,1726.0,691.0,1754.0,714.0,170,0,0,1,Pedestrian
6,1726.0,691.0,1754.0,714.0,171,0,0,1,Pedestrian
6,1726.0,691.0,1754.0,714.0,172,0,0,1,Pedestrian
6,1726.0,691.0,1754.0,714.0,173,0,0,1,Pedestrian
6,1726.0,691.0,1754.0,714.0,174,0,0,1,Pedestrian
6,1726.0,691.0,1754.0,714.0,175,0,0,1,Pedestrian
6,1726.0,691.0,1754.0,714.0,176,0,0,1,Pedestrian
6,1726.0,691.0,1754.0,714.0,177,0,0,1,Pedestrian
6,1726.0,691.0,1754.0,714.0,178,0,0,1,Pedestrian
6,1726.0,691.0,1754.0,714.0,179,0,0,1,Pedestrian
6,1726.0,691.0,1754.0,714.0,180,0,0,1,Pedestrian
6,1726.0,691.0,1754.0,714.0,181,0,0,1,Pedestrian
6,1726.0,691.0,1754.0,714.0,182,0,0,1,Pedestrian
6,1726.0,691.0,1754.0,714.0,183,0,0,1,Pedestrian
6,1726.0,691.0,1754.0,714.0,184,0,0,1,Pedestrian
6,1726.0,691.0,1754.0,714.0,185,0,0,1,Pedestrian
6,1726.0,691.0,1754.0,714.0,186,0,0,1,Pedestrian
6,1726.0,691.0,1754.0,714.0,187,0,0,1,Pedestrian
6,1726.0,691.0,1754.0,714.0,188,0,0,1,Pedestrian
6,1726.0,691.0,1754.0,714.0,189,0,0,1,Pedestrian
6,1726.0,691.0,1754.0,714.0,190,0,0,1,Pedestrian
6,1726.0,691.0,1754.0,714.0,191,0,0,1,Pedestrian
6,1726.0,691.0,1754.0,714.0,192,0,0,1,Pedestrian
6,1726.0,691.0,1754.0,714.0,193,0,0,1,Pedestrian
6,1726.0,691.0,1754.0,714.0,194,0,0,1,Pedestrian
6,1726.0,691.0,1754.0,714.0,195,0,0,1,Pedestrian
6,1726.0,691.0,1754.0,714.0,196,0,0,1,Pedestrian
6,1726.0,691.0,1754.0,714.0,197,0,0,1,Pedestrian
6,1726.0,691.0,1754.0,714.0,198,0,0,1,Pedestrian
6,1726.0,691.0,1754.0,714.0,199,0,0,1,Pedestrian
6,1726.0,691.0,1754.0,714.0,200,0,0,1,Pedestrian
6,1726.0,691.0,1754.0,714.0,201,0,0,1,Pedestrian
6,1726.0,691.0,1754.0,714.0,202,0,0,1,Pedestrian
6,1726.0,691.0,1754.0,714.0,203,0,0,1,Pedestrian
6,1726.0,691.0,1754.0,714.0,204,0,0,1,Pedestrian
6,1726.0,691.0,1754.0,714.0,205,0,0,1,Pedestrian
6,1726.0,691.0,1754.0,714.0,206,0,0,1,Pedestrian
6,1726.0,691.0,1754.0,714.0,207,0,0,1,Pedestrian
6,1726.0,691.0,1754.0,714.0,208,0,0,1,Pedestrian
6,1726.0,691.0,1754.0,714.0,209,0,0,1,Pedestrian
6,1726.0,691.0,1754.0,714.0,210,0,0,1,Pedestrian
6,1726.0,691.0,1754.0,714.0,211,0,0,1,Pedestrian
6,1726.0,691.0,1754.0,714.0,212,0,0,1,Pedestrian
6,1726.0,691.0,1754.0,714.0,213,0,0,1,Pedestrian
6,1726.0,691.0,1754.0,714.0,214,0,0,1,Pedestrian
6,1726.0,691.0,1754.0,714.0,215,0,0,1,Pedestrian
6,1726.0,691.0,1754.0,714.0,216,0,0,1,Pedestrian
6,1726.0,691.0,1754.0,714.0,217,0,0,1,Pedestrian
6,1726.0,691.0,1754.0,714.0,218,0,0,1,Pedestrian
6,1726.0,691.0,1754.0,714.0,219,0,0,1,Pedestrian
6,1726.0,691.0,1754.0,714.0,220,0,0,1,Pedestrian
6,1726.0,691.0,1754.0,714.0,221,0,0,1,Pedestrian
6,1726.0,691.0,1754.0,714.0,222,0,0,1,Pedestrian
6,1726.0,691.0,1754.0,714.0,223,0,0,1,Pedestrian
6,1726.0,691.0,1754.0,714.0,224,0,0,1,Pedestrian
6,1726.0,691.0,1754.0,714.0,225,0,0,1,Pedestrian
6,1726.0,691.0,1754.0,714.0,226,0,0,1,Pedestrian
6,1726.0,691.0,1754.0,714.0,227,0,0,1,Pedestrian
6,1726.0,691.0,1754.0,714.0,228,0,0,1,Pedestrian
6,1726.0,691.0,1754.0,714.0,229,0,0,1,Pedestrian
6,1726.0,691.0,1754.0,714.0,230,0,0,1,Pedestrian
6,1726.0,691.0,1754.0,714.0,231,0,0,1,Pedestrian
6,1726.0,691.0,1754.0,714.0,232,0,0,1,Pedestrian
6,1726.0,691.0,1754.0,714.0,233,0,0,1,Pedestrian
6,1726.0,691.0,1754.0,714.0,234,0,0,1,Pedestrian
6,1726.0,691.0,1754.0,714.0,235,0,0,1,Pedestrian
6,1726.0,691.0,1754.0,714.0,236,0,0,1,Pedestrian
6,1726.0,691.0,1754.0,714.0,237,0,0,1,Pedestrian
6,1726.0,691.0,1754.0,714.0,238,0,0,1,Pedestrian
6,1726.0,691.0,1754.0,714.0,239,0,0,1,Pedestrian
6,1726.0,691.0,1754.0,714.0,240,0,0,1,Pedestrian
6,1726.0,691.0,1754.0,714.0,241,0,0,1,Pedestrian
6,1726.0,691.0,1754.0,714.0,242,0,0,1,Pedestrian
6,1726.0,691.0,1754.0,714.0,243,0,0,1,Pedestrian
6,1726.0,691.0,1754.0,714.0,244,0,0,1,Pedestrian
6,1726.0,691.0,1754.0,714.0,245,0,0,1,Pedestrian
6,1726.0,691.0,1754.0,714.0,246,0,0,1,Pedestrian
6,1726.0,691.0,1754.0,714.0,247,0,0,1,Pedestrian
6,1726.0,691.0,1754.0,714.0,248,0,0,1,Pedestrian
6,1726.0,691.0,1754.0,714.0,249,0,0,1,Pedestrian
6,1726.0,691.0,1754.0,714.0,250,0,0,1,Pedestrian
6,1726.0,691.0,1754.0,714.0,251,0,0,1,Pedestrian
6,1726.0,691.0,1754.0,714.0,252,0,0,1,Pedestrian
6,1726.0,691.0,1754.0,714.0,253,0,0,1,Pedestrian
6,1726.0,691.0,1754.0,714.0,254,0,0,1,Pedestrian
6,1726.0,691.0,1754.0,714.0,255,0,0,1,Pedestrian
6,1726.0,691.0,1754.0,714.0,256,0,0,1,Pedestrian
6,1726.0,691.0,1754.0,714.0,257,0,0,1,Pedestrian
6,1726.0,691.0,1754.0,714.0,258,0,0,1,Pedestrian
6,1726.0,691.0,1754.0,714.0,259,0,0,1,Pedestrian
6,1726.0,691.0,1754.0,714.0,260,0,0,1,Pedestrian
6,1726.0,691.0,1754.0,714.0,261,0,0,1,Pedestrian
6,1726.0,691.0,1754.0,714.0,262,0,0,1,Pedestrian
6,1726.0,691.0,1754.0,714.0,263,0,0,1,Pedestrian
6,1726.0,691.0,1754.0,714.0,264,0,0,1,Pedestrian
6,1726.0,691.0,1754.0,714.0,265,0,0,1,Pedestrian
6,1726.0,691.0,1754.0,714.0,266,0,0,1,Pedestrian
6,1726.0,691.0,1754.0,714.0,267,0,0,1,Pedestrian
6,1726.0,691.0,1754.0,714.0,268,0,0,1,Pedestrian
6,1726.0,691.0,1754.0,714.0,269,0,0,1,Pedestrian
6,1726.0,691.0,1754.0,714.0,270,0,0,1,Pedestrian
6,1726.0,691.0,1754.0,714.0,271,0,0,1,Pedestrian
6,1726.0,691.0,1754.0,714.0,272,0,0,1,Pedestrian
6,1726.0,691.0,1754.0,714.0,273,0,0,1,Pedestrian
6,1726.0,691.0,1754.0,714.0,274,0,0,1,Pedestrian
6,1726.0,691.0,1754.0,714.0,275,0,0,1,Pedestrian
6,1726.0,691.0,1754.0,714.0,276,0,0,1,Pedestrian
6,1726.0,691.0,1754.0,714.0,277,0,0,1,Pedestrian
6,1726.0,691.0,1754.0,714.0,278,0,0,1,Pedestrian
6,1726.0,691.0,1754.0,714.0,279,0,0,1,Pedestrian
6,1726.0,691.0,1754.0,714.0,280,0,0,1,Pedestrian
6,1726.0,691.0,1754.0,714.0,281,0,0,1,Pedestrian
6,1726.0,691.0,1754.0,714.0,282,0,0,1,Pedestrian
6,1726.0,691.0,1754.0,714.0,283,0,0,1,Pedestrian
6,1726.0,691.0,1754.0,714.0,284,0,0,1,Pedestrian
6,1726.0,691.0,1754.0,714.0,285,0,0,1,Pedestrian
6,1726.0,691.0,1754.0,714.0,286,0,0,1,Pedestrian
6,1726.0,691.0,1754.0,714.0,287,0,0,1,Pedestrian
6,1726.0,691.0,1754.0,714.0,288,0,0,1,Pedestrian
6,1726.0,691.0,1754.0,714.0,289,0,0,1,Pedestrian
6,1726.0,691.0,1754.0,714.0,290,0,0,1,Pedestrian
6,1726.0,691.0,1754.0,714.0,291,0,0,1,Pedestrian
6,1726.0,691.0,1754.0,714.0,292,0,0,1,Pedestrian
6,1726.0,691.0,1754.0,714.0,293,0,0,1,Pedestrian
6,1726.0,691.0,1754.0,714.0,294,0,0,1,Pedestrian
6,1726.0,691.0,1754.0,714.0,295,0,0,1,Pedestrian
6,1726.0,691.0,1754.0,714.0,296,0,0,1,Pedestrian
6,1726.0,691.0,1754.0,714.0,297,0,0,1,Pedestrian
6,1726.0,691.0,1754.0,714.0,298,0,0,1,Pedestrian
6,1726.0,691.0,1754.0,714.0,299,0,0,1,Pedestrian
6,1726.0,691.0,1754.0,714.0,300,0,0,1,Pedestrian
6,1726.0,691.0,1754.0,714.0,301,0,0,1,Pedestrian
6,1726.0,691.0,1754.0,714.0,302,0,0,1,Pedestrian
6,1726.0,691.0,1754.0,714.0,303,0,0,1,Pedestrian
6,1726.0,691.0,1754.0,714.0,304,0,0,1,Pedestrian
6,1726.0,691.0,1754.0,714.0,305,0,0,1,Pedestrian
6,1726.0,691.0,1754.0,714.0,306,0,0,1,Pedestrian
6,1726.0,691.0,1754.0,714.0,307,0,0,1,Pedestrian
6,1726.0,691.0,1754.0,714.0,308,0,0,1,Pedestrian
6,1726.0,691.0,1754.0,714.0,309,0,0,1,Pedestrian
6,1726.0,691.0,1754.0,714.0,310,0,0,1,Pedestrian
6,1726.0,691.0,1754.0,714.0,311,0,0,1,Pedestrian
6,1726.0,691.0,1754.0,714.0,312,0,0,1,Pedestrian
6,1726.0,691.0,1754.0,714.0,313,0,0,1,Pedestrian
6,1726.0,691.0,1754.0,714.0,314,0,0,1,Pedestrian
6,1726.0,691.0,1754.0,714.0,315,0,0,1,Pedestrian
6,1726.0,691.0,1754.0,714.0,316,0,0,1,Pedestrian
6,1726.0,691.0,1754.0,714.0,317,0,0,1,Pedestrian
6,1726.0,691.0,1754.0,714.0,318,0,0,1,Pedestrian
6,1726.0,691.0,1754.0,714.0,319,0,0,1,Pedestrian
6,1726.0,691.0,1754.0,714.0,320,0,0,1,Pedestrian
6,1726.0,691.0,1754.0,714.0,321,0,0,1,Pedestrian
6,1726.0,691.0,1754.0,714.0,322,0,0,1,Pedestrian
6,1726.0,691.0,1754.0,714.0,323,0,0,1,Pedestrian
6,1726.0,691.0,1754.0,714.0,324,0,0,1,Pedestrian
6,1726.0,691.0,1754.0,714.0,325,0,0,1,Pedestrian
6,1726.0,691.0,1754.0,714.0,326,0,0,1,Pedestrian
6,1726.0,691.0,1754.0,714.0,327,0,0,1,Pedestrian
6,1726.0,691.0,1754.0,714.0,328,0,0,1,Pedestrian
6,1726.0,691.0,1754.0,714.0,329,0,0,1,Pedestrian
6,1726.0,691.0,1754.0,714.0,330,0,0,1,Pedestrian
6,1726.0,691.0,1754.0,714.0,331,0,0,1,Pedestrian
6,1726.0,691.0,1754.0,714.0,332,0,0,1,Pedestrian
6,1726.0,691.0,1754.0,714.0,333,0,0,1,Pedestrian
6,1726.0,691.0,1754.0,714.0,334,0,0,1,Pedestrian
6,1726.0,691.0,1754.0,714.0,335,0,0,1,Pedestrian
6,1726.0,691.0,1754.0,714.0,336,0,0,1,Pedestrian
6,1726.0,691.0,1754.0,714.0,337,0,0,1,Pedestrian
6,1726.0,691.0,1754.0,714.0,338,0,0,1,Pedestrian
6,1726.0,691.0,1754.0,714.0,339,0,0,1,Pedestrian
6,1726.0,691.0,1754.0,714.0,340,0,0,1,Pedestrian
6,1726.0,691.0,1754.0,714.0,341,0,0,1,Pedestrian
6,1726.0,691.0,1754.0,714.0,342,0,0,1,Pedestrian
6,1726.0,691.0,1754.0,714.0,343,0,0,1,Pedestrian
6,1726.0,691.0,1754.0,714.0,344,0,0,1,Pedestrian
6,1726.0,691.0,1754.0,714.0,345,0,0,1,Pedestrian
6,1726.0,691.0,1754.0,714.0,346,0,0,1,Pedestrian
6,1726.0,691.0,1754.0,714.0,347,0,0,1,Pedestrian
6,1726.0,691.0,1754.0,714.0,348,0,0,1,Pedestrian
6,1726.0,691.0,1754.0,714.0,349,0,0,1,Pedestrian
6,1726.0,691.0,1754.0,714.0,350,0,0,1,Pedestrian
6,1726.0,691.0,1754.0,714.0,351,0,0,1,Pedestrian
6,1726.0,691.0,1754.0,714.0,352,0,0,1,Pedestrian
6,1726.0,691.0,1754.0,714.0,353,0,0,1,Pedestrian
6,1726.0,691.0,1754.0,714.0,354,0,0,1,Pedestrian
6,1726.0,691.0,1754.0,714.0,355,0,0,1,Pedestrian
6,1726.0,691.0,1754.0,714.0,356,0,0,1,Pedestrian
6,1726.0,691.0,1754.0,714.0,357,0,0,1,Pedestrian
6,1726.0,691.0,1754.0,714.0,358,0,0,1,Pedestrian
6,1726.0,691.0,1754.0,714.0,359,0,0,1,Pedestrian
6,1726.0,691.0,1754.0,714.0,360,0,0,1,Pedestrian
6,1726.0,691.0,1754.0,714.0,361,0,0,1,Pedestrian
6,1726.0,691.0,1754.0,714.0,362,0,0,1,Pedestrian
6,1726.0,691.0,1754.0,714.0,363,0,0,1,Pedestrian
6,1726.0,691.0,1754.0,714.0,364,0,0,1,Pedestrian
6,1726.0,691.0,1754.0,714.0,365,0,0,1,Pedestrian
6,1726.0,691.0,1754.0,714.0,366,0,0,1,Pedestrian
6,1726.0,691.0,1754.0,714.0,367,0,0,1,Pedestrian
6,1726.0,691.0,1754.0,714.0,368,0,0,1,Pedestrian
6,1726.0,691.0,1754.0,714.0,369,0,0,1,Pedestrian
6,1726.0,691.0,1754.0,714.0,370,0,0,1,Pedestrian
6,1726.0,691.0,1754.0,714.0,371,0,0,1,Pedestrian
6,1726.0,691.0,1754.0,714.0,372,0,0,1,Pedestrian
6,1726.0,691.0,1754.0,714.0,373,0,0,1,Pedestrian
6,1726.0,691.0,1754.0,714.0,374,0,0,1,Pedestrian
6,1726.0,691.0,1754.0,714.0,375,0,0,1,Pedestrian
6,1726.0,691.0,1754.0,714.0,376,0,0,1,Pedestrian
6,1726.0,691.0,1754.0,714.0,377,0,0,1,Pedestrian
6,1726.0,691.0,1754.0,714.0,378,0,0,1,Pedestrian
6,1726.0,691.0,1754.0,714.0,379,0,0,1,Pedestrian
6,1726.0,691.0,1754.0,714.0,380,0,0,1,Pedestrian
6,1726.0,691.0,1754.0,714.0,381,0,0,1,Pedestrian
6,1726.0,691.0,1754.0,714.0,382,0,0,1,Pedestrian
6,1726.0,691.0,1754.0,714.0,383,0,0,1,Pedestrian
6,1726.0,691.0,1754.0,714.0,384,0,0,1,Pedestrian
6,1726.0,691.0,1754.0,714.0,385,0,0,1,Pedestrian
6,1726.0,691.0,1754.0,714.0,386,0,0,1,Pedestrian
6,1726.0,691.0,1754.0,714.0,387,0,0,1,Pedestrian
6,1726.0,691.0,1754.0,714.0,388,0,0,1,Pedestrian
6,1726.0,691.0,1754.0,714.0,389,0,0,1,Pedestrian
6,1726.0,691.0,1754.0,714.0,390,0,0,1,Pedestrian
6,1726.0,691.0,1754.0,714.0,391,0,0,1,Pedestrian
6,1726.0,691.0,1754.0,714.0,392,0,0,1,Pedestrian
6,1726.0,691.0,1754.0,714.0,393,0,0,1,Pedestrian
6,1726.0,691.0,1754.0,714.0,394,0,0,1,Pedestrian
6,1726.0,691.0,1754.0,714.0,395,0,0,1,Pedestrian
6,1726.0,691.0,1754.0,714.0,396,0,0,1,Pedestrian
6,1726.0,691.0,1754.0,714.0,397,0,0,1,Pedestrian
6,1726.0,691.0,1754.0,714.0,398,0,0,1,Pedestrian
6,1726.0,691.0,1754.0,714.0,399,0,0,1,Pedestrian
6,1726.0,691.0,1754.0,714.0,400,0,0,1,Pedestrian
6,1726.0,691.0,1754.0,714.0,401,0,0,1,Pedestrian
6,1726.0,691.0,1754.0,714.0,402,0,0,1,Pedestrian
6,1726.0,691.0,1754.0,714.0,403,0,0,1,Pedestrian
6,1726.0,691.0,1754.0,714.0,404,0,0,1,Pedestrian
6,1726.0,691.0,1754.0,714.0,405,0,0,1,Pedestrian
6,1726.0,691.0,1754.0,714.0,406,0,0,1,Pedestrian
6,1726.0,691.0,1754.0,714.0,407,0,0,1,Pedestrian
6,1726.0,691.0,1754.0,714.0,408,0,0,1,Pedestrian
6,1726.0,691.0,1754.0,714.0,409,0,0,1,Pedestrian
6,1726.0,691.0,1754.0,714.0,410,0,0,1,Pedestrian
6,1726.0,691.0,1754.0,714.0,411,0,0,1,Pedestrian
6,1726.0,691.0,1754.0,714.0,412,0,0,1,Pedestrian
6,1726.0,691.0,1754.0,714.0,413,0,0,1,Pedestrian
6,1726.0,691.0,1754.0,714.0,414,0,0,1,Pedestrian
6,1726.0,691.0,1754.0,714.0,415,0,0,1,Pedestrian
6,1726.0,691.0,1754.0,714.0,416,0,0,1,Pedestrian
6,1726.0,691.0,1754.0,714.0,417,0,0,1,Pedestrian
6,1726.0,691.0,1754.0,714.0,418,0,0,1,Pedestrian
6,1726.0,691.0,1754.0,714.0,419,0,0,1,Pedestrian
6,1726.0,691.0,1754.0,714.0,420,0,0,1,Pedestrian
6,1726.0,691.0,1754.0,714.0,421,0,0,1,Pedestrian
6,1726.0,691.0,1754.0,714.0,422,0,0,1,Pedestrian
6,1726.0,691.0,1754.0,714.0,423,0,0,1,Pedestrian
6,1726.0,691.0,1754.0,714.0,424,0,0,1,Pedestrian
6,1726.0,691.0,1754.0,714.0,425,0,0,1,Pedestrian
6,1726.0,691.0,1754.0,714.0,426,0,0,1,Pedestrian
6,1726.0,691.0,1754.0,714.0,427,0,0,1,Pedestrian
6,1726.0,691.0,1754.0,714.0,428,0,0,1,Pedestrian
6,1726.0,691.0,1754.0,714.0,429,0,0,1,Pedestrian
6,1726.0,691.0,1754.0,714.0,430,0,0,1,Pedestrian
6,1726.0,691.0,1754.0,714.0,431,0,0,1,Pedestrian
6,1726.0,691.0,1754.0,714.0,432,0,0,1,Pedestrian
6,1726.0,691.0,1754.0,714.0,433,0,0,1,Pedestrian
6,1726.0,691.0,1754.0,714.0,434,0,0,1,Pedestrian
6,1726.0,691.0,1754.0,714.0,435,0,0,1,Pedestrian
6,1726.0,691.0,1754.0,714.0,436,0,0,1,Pedestrian
6,1726.0,691.0,1754.0,714.0,437,0,0,1,Pedestrian
6,1726.0,691.0,1754.0,714.0,438,0,0,1,Pedestrian
6,1726.0,691.0,1754.0,714.0,439,0,0,1,Pedestrian
6,1726.0,691.0,1754.0,714.0,440,0,0,1,Pedestrian
6,1726.0,691.0,1754.0,714.0,441,0,0,1,Pedestrian
6,1726.0,691.0,1754.0,714.0,442,0,0,1,Pedestrian
6,1726.0,691.0,1754.0,714.0,443,0,0,1,Pedestrian
6,1726.0,691.0,1754.0,714.0,444,0,0,1,Pedestrian
6,1726.0,691.0,1754.0,714.0,445,0,0,1,Pedestrian
6,1726.0,691.0,1754.0,714.0,446,0,0,1,Pedestrian
6,1726.0,691.0,1754.0,714.0,447,0,0,1,Pedestrian
6,1726.0,691.0,1754.0,714.0,448,0,0,1,Pedestrian
6,1726.0,691.0,1754.0,714.0,449,0,0,1,Pedestrian
6,1726.0,691.0,1754.0,714.0,450,0,0,1,Pedestrian
6,1726.0,691.0,1754.0,714.0,451,0,0,1,Pedestrian
6,1726.0,691.0,1754.0,714.0,452,0,0,1,Pedestrian
6,1726.0,691.0,1754.0,714.0,453,0,0,1,Pedestrian
6,1726.0,691.0,1754.0,714.0,454,0,0,1,Pedestrian
6,1726.0,691.0,1754.0,714.0,455,0,0,1,Pedestrian
6,1726.0,691.0,1754.0,714.0,456,0,0,1,Pedestrian
6,1726.0,691.0,1754.0,714.0,457,0,0,1,Pedestrian
6,1726.0,691.0,1754.0,714.0,458,0,0,1,Pedestrian
6,1726.0,691.0,1754.0,714.0,459,0,0,1,Pedestrian
6,1726.0,691.0,1754.0,714.0,460,0,0,1,Pedestrian
6,1726.0,691.0,1754.0,714.0,461,0,0,1,Pedestrian
6,1726.0,691.0,1754.0,714.0,462,0,0,1,Pedestrian
6,1726.0,691.0,1754.0,714.0,463,0,0,1,Pedestrian
6,1726.0,691.0,1754.0,714.0,464,0,0,1,Pedestrian
6,1726.0,691.0,1754.0,714.0,465,0,0,1,Pedestrian
6,1726.0,691.0,1754.0,714.0,466,0,0,1,Pedestrian
6,1726.0,691.0,1754.0,714.0,467,0,0,1,Pedestrian
6,1726.0,691.0,1754.0,714.0,468,0,0,1,Pedestrian
6,1726.0,691.0,1754.0,714.0,469,0,0,1,Pedestrian
6,1726.0,691.0,1754.0,714.0,470,0,0,1,Pedestrian
6,1726.0,691.0,1754.0,714.0,471,0,0,1,Pedestrian
6,1726.0,691.0,1754.0,714.0,472,0,0,1,Pedestrian
6,1726.0,691.0,1754.0,714.0,473,0,0,1,Pedestrian
6,1726.0,691.0,1754.0,714.0,474,0,0,1,Pedestrian
6,1726.0,691.0,1754.0,714.0,475,0,0,1,Pedestrian
6,1726.0,691.0,1754.0,714.0,476,0,0,1,Pedestrian
6,1726.0,691.0,1754.0,714.0,477,0,0,1,Pedestrian
6,1726.0,691.0,1754.0,714.0,478,0,0,1,Pedestrian
6,1726.0,691.0,1754.0,714.0,479,0,0,1,Pedestrian
6,1726.0,691.0,1754.0,714.0,480,0,0,1,Pedestrian
6,1726.0,691.0,1754.0,714.0,481,0,0,1,Pedestrian
6,1726.0,691.0,1754.0,714.0,482,0,0,1,Pedestrian
6,1726.0,691.0,1754.0,714.0,483,0,0,1,Pedestrian
6,1726.0,691.0,1754.0,714.0,484,0,0,1,Pedestrian
6,1726.0,691.0,1754.0,714.0,485,0,0,1,Pedestrian
6,1726.0,691.0,1754.0,714.0,486,0,0,1,Pedestrian
6,1726.0,691.0,1754.0,714.0,487,0,0,1,Pedestrian
6,1726.0,691.0,1754.0,714.0,488,0,0,1,Pedestrian
6,1726.0,691.0,1754.0,714.0,489,0,0,1,Pedestrian
6,1726.0,691.0,1754.0,714.0,490,0,0,1,Pedestrian
6,1726.0,691.0,1754.0,714.0,491,0,0,1,Pedestrian
6,1726.0,691.0,1754.0,714.0,492,0,0,1,Pedestrian
6,1726.0,691.0,1754.0,714.0,493,0,0,1,Pedestrian
6,1726.0,691.0,1754.0,714.0,494,0,0,1,Pedestrian
6,1726.0,691.0,1754.0,714.0,495,0,0,1,Pedestrian
6,1726.0,691.0,1754.0,714.0,496,0,0,1,Pedestrian
6,1726.0,691.0,1754.0,714.0,497,0,0,1,Pedestrian
6,1726.0,691.0,1754.0,714.0,498,0,0,1,Pedestrian
6,1726.0,691.0,1754.0,714.0,499,0,0,1,Pedestrian
6,1726.0,691.0,1754.0,714.0,500,0,0,1,Pedestrian
6,1726.0,691.0,1754.0,714.0,501,0,0,1,Pedestrian
6,1726.0,691.0,1754.0,714.0,502,0,0,1,Pedestrian
6,1726.0,691.0,1754.0,714.0,503,0,0,1,Pedestrian
6,1726.0,691.0,1754.0,714.0,504,0,0,1,Pedestrian
6,1726.0,691.0,1754.0,714.0,505,0,0,1,Pedestrian
6,1726.0,691.0,1754.0,714.0,506,0,0,1,Pedestrian
6,1726.0,691.0,1754.0,714.0,507,0,0,1,Pedestrian
6,1726.0,691.0,1754.0,714.0,508,0,0,0,Pedestrian
7,1803.0,677.0,1831.0,707.0,0,0,0,0,Pedestrian
7,1803.0,677.0,1831.0,707.0,1,0,0,1,Pedestrian
7,1803.0,677.0,1831.0,707.0,2,0,0,1,Pedestrian
7,1803.0,677.0,1831.0,707.0,3,0,0,1,Pedestrian
7,1803.0,677.0,1831.0,707.0,4,0,0,1,Pedestrian
7,1803.0,677.0,1831.0,707.0,5,0,0,1,Pedestrian
7,1803.0,677.0,1831.0,707.0,6,0,0,1,Pedestrian
7,1803.0,677.0,1831.0,707.0,7,0,0,1,Pedestrian
7,1803.0,677.0,1831.0,707.0,8,0,0,1,Pedestrian
7,1803.0,677.0,1831.0,707.0,9,0,0,1,Pedestrian
7,1803.0,677.0,1831.0,707.0,10,0,0,1,Pedestrian
7,1803.0,677.0,1831.0,707.0,11,0,0,1,Pedestrian
7,1803.0,677.0,1831.0,707.0,12,0,0,1,Pedestrian
7,1803.0,677.0,1831.0,707.0,13,0,0,1,Pedestrian
7,1803.0,677.0,1831.0,707.0,14,0,0,1,Pedestrian
7,1803.0,677.0,1831.0,707.0,15,0,0,1,Pedestrian
7,1803.0,677.0,1831.0,707.0,16,0,0,1,Pedestrian
7,1803.0,677.0,1831.0,707.0,17,0,0,1,Pedestrian
7,1803.0,677.0,1831.0,707.0,18,0,0,1,Pedestrian
7,1803.0,677.0,1831.0,707.0,19,0,0,1,Pedestrian
7,1803.0,677.0,1831.0,707.0,20,0,0,1,Pedestrian
7,1803.0,677.0,1831.0,707.0,21,0,0,1,Pedestrian
7,1803.0,677.0,1831.0,707.0,22,0,0,1,Pedestrian
7,1803.0,677.0,1831.0,707.0,23,0,0,1,Pedestrian
7,1803.0,677.0,1831.0,707.0,24,0,0,1,Pedestrian
7,1803.0,677.0,1831.0,707.0,25,0,0,1,Pedestrian
7,1803.0,677.0,1831.0,707.0,26,0,0,1,Pedestrian
7,1803.0,677.0,1831.0,707.0,27,0,0,1,Pedestrian
7,1803.0,677.0,1831.0,707.0,28,0,0,1,Pedestrian
7,1803.0,677.0,1831.0,707.0,29,0,0,1,Pedestrian
7,1803.0,677.0,1831.0,707.0,30,0,0,1,Pedestrian
7,1803.0,677.0,1831.0,707.0,31,0,0,1,Pedestrian
7,1803.0,677.0,1831.0,707.0,32,0,0,1,Pedestrian
7,1803.0,677.0,1831.0,707.0,33,0,0,1,Pedestrian
7,1803.0,677.0,1831.0,707.0,34,0,0,1,Pedestrian
7,1803.0,677.0,1831.0,707.0,35,0,0,1,Pedestrian
7,1803.0,677.0,1831.0,707.0,36,0,0,1,Pedestrian
7,1803.0,677.0,1831.0,707.0,37,0,0,1,Pedestrian
7,1803.0,677.0,1831.0,707.0,38,0,0,1,Pedestrian
7,1803.0,677.0,1831.0,707.0,39,0,0,1,Pedestrian
7,1803.0,677.0,1831.0,707.0,40,0,0,1,Pedestrian
7,1803.0,677.0,1831.0,707.0,41,0,0,1,Pedestrian
7,1803.0,677.0,1831.0,707.0,42,0,0,1,Pedestrian
7,1803.0,677.0,1831.0,707.0,43,0,0,1,Pedestrian
7,1803.0,677.0,1831.0,707.0,44,0,0,1,Pedestrian
7,1803.0,677.0,1831.0,707.0,45,0,0,1,Pedestrian
7,1803.0,677.0,1831.0,707.0,46,0,0,1,Pedestrian
7,1803.0,677.0,1831.0,707.0,47,0,0,1,Pedestrian
7,1803.0,677.0,1831.0,707.0,48,0,0,1,Pedestrian
7,1803.0,677.0,1831.0,707.0,49,0,0,1,Pedestrian
7,1803.0,677.0,1831.0,707.0,50,0,0,1,Pedestrian
7,1803.0,677.0,1831.0,707.0,51,0,0,1,Pedestrian
7,1803.0,677.0,1831.0,707.0,52,0,0,1,Pedestrian
7,1803.0,677.0,1831.0,707.0,53,0,0,1,Pedestrian
7,1803.0,677.0,1831.0,707.0,54,0,0,1,Pedestrian
7,1803.0,677.0,1831.0,707.0,55,0,0,1,Pedestrian
7,1803.0,677.0,1831.0,707.0,56,0,0,1,Pedestrian
7,1803.0,677.0,1831.0,707.0,57,0,0,1,Pedestrian
7,1803.0,677.0,1831.0,707.0,58,0,0,1,Pedestrian
7,1803.0,677.0,1831.0,707.0,59,0,0,1,Pedestrian
7,1803.0,677.0,1831.0,707.0,60,0,0,1,Pedestrian
7,1803.0,677.0,1831.0,707.0,61,0,0,1,Pedestrian
7,1803.0,677.0,1831.0,707.0,62,0,0,1,Pedestrian
7,1803.0,677.0,1831.0,707.0,63,0,0,1,Pedestrian
7,1803.0,677.0,1831.0,707.0,64,0,0,1,Pedestrian
7,1803.0,677.0,1831.0,707.0,65,0,0,1,Pedestrian
7,1803.0,677.0,1831.0,707.0,66,0,0,1,Pedestrian
7,1803.0,677.0,1831.0,707.0,67,0,0,1,Pedestrian
7,1803.0,677.0,1831.0,707.0,68,0,0,1,Pedestrian
7,1803.0,677.0,1831.0,707.0,69,0,0,1,Pedestrian
7,1803.0,677.0,1831.0,707.0,70,0,0,1,Pedestrian
7,1803.0,677.0,1831.0,707.0,71,0,0,1,Pedestrian
7,1803.0,677.0,1831.0,707.0,72,0,0,1,Pedestrian
7,1803.0,677.0,1831.0,707.0,73,0,0,1,Pedestrian
7,1803.0,677.0,1831.0,707.0,74,0,0,1,Pedestrian
7,1803.0,677.0,1831.0,707.0,75,0,0,1,Pedestrian
7,1803.0,677.0,1831.0,707.0,76,0,0,1,Pedestrian
7,1803.0,677.0,1831.0,707.0,77,0,0,1,Pedestrian
7,1803.0,677.0,1831.0,707.0,78,0,0,1,Pedestrian
7,1803.0,677.0,1831.0,707.0,79,0,0,1,Pedestrian
7,1803.0,677.0,1831.0,707.0,80,0,0,1,Pedestrian
7,1803.0,677.0,1831.0,707.0,81,0,0,1,Pedestrian
7,1803.0,677.0,1831.0,707.0,82,0,0,1,Pedestrian
7,1803.0,677.0,1831.0,707.0,83,0,0,1,Pedestrian
7,1803.0,677.0,1831.0,707.0,84,0,0,1,Pedestrian
7,1803.0,677.0,1831.0,707.0,85,0,0,1,Pedestrian
7,1803.0,677.0,1831.0,707.0,86,0,0,1,Pedestrian
7,1803.0,677.0,1831.0,707.0,87,0,0,1,Pedestrian
7,1803.0,677.0,1831.0,707.0,88,0,0,1,Pedestrian
7,1803.0,677.0,1831.0,707.0,89,0,0,1,Pedestrian
7,1803.0,677.0,1831.0,707.0,90,0,0,1,Pedestrian
7,1803.0,677.0,1831.0,707.0,91,0,0,1,Pedestrian
7,1803.0,677.0,1831.0,707.0,92,0,0,1,Pedestrian
7,1803.0,677.0,1831.0,707.0,93,0,0,1,Pedestrian
7,1803.0,677.0,1831.0,707.0,94,0,0,1,Pedestrian
7,1803.0,677.0,1831.0,707.0,95,0,0,1,Pedestrian
7,1803.0,677.0,1831.0,707.0,96,0,0,1,Pedestrian
7,1803.0,677.0,1831.0,707.0,97,0,0,1,Pedestrian
7,1803.0,677.0,1831.0,707.0,98,0,0,1,Pedestrian
7,1803.0,677.0,1831.0,707.0,99,0,0,1,Pedestrian
7,1803.0,677.0,1831.0,707.0,100,0,0,1,Pedestrian
7,1803.0,677.0,1831.0,707.0,101,0,0,1,Pedestrian
7,1803.0,677.0,1831.0,707.0,102,0,0,1,Pedestrian
7,1803.0,677.0,1831.0,707.0,103,0,0,1,Pedestrian
7,1803.0,677.0,1831.0,707.0,104,0,0,1,Pedestrian
7,1803.0,677.0,1831.0,707.0,105,0,0,1,Pedestrian
7,1803.0,677.0,1831.0,707.0,106,0,0,1,Pedestrian
7,1803.0,677.0,1831.0,707.0,107,0,0,1,Pedestrian
7,1803.0,677.0,1831.0,707.0,108,0,0,1,Pedestrian
7,1803.0,677.0,1831.0,707.0,109,0,0,1,Pedestrian
7,1803.0,677.0,1831.0,707.0,110,0,0,1,Pedestrian
7,1803.0,677.0,1831.0,707.0,111,0,0,1,Pedestrian
7,1803.0,677.0,1831.0,707.0,112,0,0,1,Pedestrian
7,1803.0,677.0,1831.0,707.0,113,0,0,1,Pedestrian
7,1803.0,677.0,1831.0,707.0,114,0,0,1,Pedestrian
7,1803.0,677.0,1831.0,707.0,115,0,0,1,Pedestrian
7,1803.0,677.0,1831.0,707.0,116,0,0,1,Pedestrian
7,1803.0,677.0,1831.0,707.0,117,0,0,1,Pedestrian
7,1803.0,677.0,1831.0,707.0,118,0,0,1,Pedestrian
7,1803.0,677.0,1831.0,707.0,119,0,0,1,Pedestrian
7,1803.0,677.0,1831.0,707.0,120,0,0,1,Pedestrian
7,1803.0,677.0,1831.0,707.0,121,0,0,1,Pedestrian
7,1803.0,677.0,1831.0,707.0,122,0,0,1,Pedestrian
7,1803.0,677.0,1831.0,707.0,123,0,0,1,Pedestrian
7,1803.0,677.0,1831.0,707.0,124,0,0,1,Pedestrian
7,1803.0,677.0,1831.0,707.0,125,0,0,1,Pedestrian
7,1803.0,677.0,1831.0,707.0,126,0,0,1,Pedestrian
7,1803.0,677.0,1831.0,707.0,127,0,0,1,Pedestrian
7,1803.0,677.0,1831.0,707.0,128,0,0,1,Pedestrian
7,1803.0,677.0,1831.0,707.0,129,0,0,1,Pedestrian
7,1803.0,677.0,1831.0,707.0,130,0,0,1,Pedestrian
7,1803.0,677.0,1831.0,707.0,131,0,0,1,Pedestrian
7,1803.0,677.0,1831.0,707.0,132,0,0,1,Pedestrian
7,1803.0,677.0,1831.0,707.0,133,0,0,1,Pedestrian
7,1803.0,677.0,1831.0,707.0,134,0,0,1,Pedestrian
7,1803.0,677.0,1831.0,707.0,135,0,0,1,Pedestrian
7,1803.0,677.0,1831.0,707.0,136,0,0,1,Pedestrian
7,1803.0,677.0,1831.0,707.0,137,0,0,1,Pedestrian
7,1803.0,677.0,1831.0,707.0,138,0,0,1,Pedestrian
7,1803.0,677.0,1831.0,707.0,139,0,0,1,Pedestrian
7,1803.0,677.0,1831.0,707.0,140,0,0,1,Pedestrian
7,1803.0,677.0,1831.0,707.0,141,0,0,1,Pedestrian
7,1803.0,677.0,1831.0,707.0,142,0,0,1,Pedestrian
7,1803.0,677.0,1831.0,707.0,143,0,0,1,Pedestrian
7,1803.0,677.0,1831.0,707.0,144,0,0,1,Pedestrian
7,1803.0,677.0,1831.0,707.0,145,0,0,1,Pedestrian
7,1803.0,677.0,1831.0,707.0,146,0,0,1,Pedestrian
7,1803.0,677.0,1831.0,707.0,147,0,0,1,Pedestrian
7,1803.0,677.0,1831.0,707.0,148,0,0,1,Pedestrian
7,1803.0,677.0,1831.0,707.0,149,0,0,1,Pedestrian
7,1803.0,677.0,1831.0,707.0,150,0,0,1,Pedestrian
7,1803.0,677.0,1831.0,707.0,151,0,0,1,Pedestrian
7,1803.0,677.0,1831.0,707.0,152,0,0,1,Pedestrian
7,1803.0,677.0,1831.0,707.0,153,0,0,1,Pedestrian
7,1803.0,677.0,1831.0,707.0,154,0,0,1,Pedestrian
7,1803.0,677.0,1831.0,707.0,155,0,0,1,Pedestrian
7,1803.0,677.0,1831.0,707.0,156,0,0,1,Pedestrian
7,1803.0,677.0,1831.0,707.0,157,0,0,1,Pedestrian
7,1803.0,677.0,1831.0,707.0,158,0,0,1,Pedestrian
7,1803.0,677.0,1831.0,707.0,159,0,0,1,Pedestrian
7,1803.0,677.0,1831.0,707.0,160,0,0,1,Pedestrian
7,1803.0,677.0,1831.0,707.0,161,0,0,1,Pedestrian
7,1803.0,677.0,1831.0,707.0,162,0,0,1,Pedestrian
7,1803.0,677.0,1831.0,707.0,163,0,0,1,Pedestrian
7,1803.0,677.0,1831.0,707.0,164,0,0,1,Pedestrian
7,1803.0,677.0,1831.0,707.0,165,0,0,1,Pedestrian
7,1803.0,677.0,1831.0,707.0,166,0,0,1,Pedestrian
7,1803.0,677.0,1831.0,707.0,167,0,0,1,Pedestrian
7,1803.0,677.0,1831.0,707.0,168,0,0,1,Pedestrian
7,1803.0,677.0,1831.0,707.0,169,0,0,1,Pedestrian
7,1803.0,677.0,1831.0,707.0,170,0,0,1,Pedestrian
7,1803.0,677.0,1831.0,707.0,171,0,0,1,Pedestrian
7,1803.0,677.0,1831.0,707.0,172,0,0,1,Pedestrian
7,1803.0,677.0,1831.0,707.0,173,0,0,1,Pedestrian
7,1803.0,677.0,1831.0,707.0,174,0,0,1,Pedestrian
7,1803.0,677.0,1831.0,707.0,175,0,0,1,Pedestrian
7,1803.0,677.0,1831.0,707.0,176,0,0,1,Pedestrian
7,1803.0,677.0,1831.0,707.0,177,0,0,1,Pedestrian
7,1803.0,677.0,1831.0,707.0,178,0,0,1,Pedestrian
7,1803.0,677.0,1831.0,707.0,179,0,0,1,Pedestrian
7,1803.0,677.0,1831.0,707.0,180,0,0,1,Pedestrian
7,1803.0,677.0,1831.0,707.0,181,0,0,1,Pedestrian
7,1803.0,677.0,1831.0,707.0,182,0,0,1,Pedestrian
7,1803.0,677.0,1831.0,707.0,183,0,0,1,Pedestrian
7,1803.0,677.0,1831.0,707.0,184,0,0,1,Pedestrian
7,1803.0,677.0,1831.0,707.0,185,0,0,1,Pedestrian
7,1803.0,677.0,1831.0,707.0,186,0,0,1,Pedestrian
7,1803.0,677.0,1831.0,707.0,187,0,0,1,Pedestrian
7,1803.0,677.0,1831.0,707.0,188,0,0,1,Pedestrian
7,1803.0,677.0,1831.0,707.0,189,0,0,1,Pedestrian
7,1803.0,677.0,1831.0,707.0,190,0,0,1,Pedestrian
7,1803.0,677.0,1831.0,707.0,191,0,0,1,Pedestrian
7,1803.0,677.0,1831.0,707.0,192,0,0,1,Pedestrian
7,1803.0,677.0,1831.0,707.0,193,0,0,1,Pedestrian
7,1803.0,677.0,1831.0,707.0,194,0,0,1,Pedestrian
7,1803.0,677.0,1831.0,707.0,195,0,0,1,Pedestrian
7,1803.0,677.0,1831.0,707.0,196,0,0,1,Pedestrian
7,1803.0,677.0,1831.0,707.0,197,0,0,1,Pedestrian
7,1803.0,677.0,1831.0,707.0,198,0,0,1,Pedestrian
7,1803.0,677.0,1831.0,707.0,199,0,0,1,Pedestrian
7,1803.0,677.0,1831.0,707.0,200,0,0,1,Pedestrian
7,1803.0,677.0,1831.0,707.0,201,0,0,1,Pedestrian
7,1803.0,677.0,1831.0,707.0,202,0,0,1,Pedestrian
7,1803.0,677.0,1831.0,707.0,203,0,0,1,Pedestrian
7,1803.0,677.0,1831.0,707.0,204,0,0,1,Pedestrian
7,1803.0,677.0,1831.0,707.0,205,0,0,1,Pedestrian
7,1803.0,677.0,1831.0,707.0,206,0,0,1,Pedestrian
7,1803.0,677.0,1831.0,707.0,207,0,0,1,Pedestrian
7,1803.0,677.0,1831.0,707.0,208,0,0,1,Pedestrian
7,1803.0,677.0,1831.0,707.0,209,0,0,1,Pedestrian
7,1803.0,677.0,1831.0,707.0,210,0,0,1,Pedestrian
7,1803.0,677.0,1831.0,707.0,211,0,0,1,Pedestrian
7,1803.0,677.0,1831.0,707.0,212,0,0,1,Pedestrian
7,1803.0,677.0,1831.0,707.0,213,0,0,1,Pedestrian
7,1803.0,677.0,1831.0,707.0,214,0,0,1,Pedestrian
7,1803.0,677.0,1831.0,707.0,215,0,0,1,Pedestrian
7,1803.0,677.0,1831.0,707.0,216,0,0,1,Pedestrian
7,1803.0,677.0,1831.0,707.0,217,0,0,1,Pedestrian
7,1803.0,677.0,1831.0,707.0,218,0,0,1,Pedestrian
7,1803.0,677.0,1831.0,707.0,219,0,0,1,Pedestrian
7,1803.0,677.0,1831.0,707.0,220,0,0,1,Pedestrian
7,1803.0,677.0,1831.0,707.0,221,0,0,1,Pedestrian
7,1803.0,677.0,1831.0,707.0,222,0,0,1,Pedestrian
7,1803.0,677.0,1831.0,707.0,223,0,0,1,Pedestrian
7,1803.0,677.0,1831.0,707.0,224,0,0,1,Pedestrian
7,1803.0,677.0,1831.0,707.0,225,0,0,1,Pedestrian
7,1803.0,677.0,1831.0,707.0,226,0,0,1,Pedestrian
7,1803.0,677.0,1831.0,707.0,227,0,0,1,Pedestrian
7,1803.0,677.0,1831.0,707.0,228,0,0,1,Pedestrian
7,1803.0,677.0,1831.0,707.0,229,0,0,1,Pedestrian
7,1803.0,677.0,1831.0,707.0,230,0,0,1,Pedestrian
7,1803.0,677.0,1831.0,707.0,231,0,0,1,Pedestrian
7,1803.0,677.0,1831.0,707.0,232,0,0,1,Pedestrian
7,1803.0,677.0,1831.0,707.0,233,0,0,1,Pedestrian
7,1803.0,677.0,1831.0,707.0,234,0,0,1,Pedestrian
7,1803.0,677.0,1831.0,707.0,235,0,0,1,Pedestrian
7,1803.0,677.0,1831.0,707.0,236,0,0,1,Pedestrian
7,1803.0,677.0,1831.0,707.0,237,0,0,1,Pedestrian
7,1803.0,677.0,1831.0,707.0,238,0,0,1,Pedestrian
7,1803.0,677.0,1831.0,707.0,239,0,0,1,Pedestrian
7,1803.0,677.0,1831.0,707.0,240,0,0,1,Pedestrian
7,1803.0,677.0,1831.0,707.0,241,0,0,1,Pedestrian
7,1803.0,677.0,1831.0,707.0,242,0,0,1,Pedestrian
7,1803.0,677.0,1831.0,707.0,243,0,0,1,Pedestrian
7,1803.0,677.0,1831.0,707.0,244,0,0,1,Pedestrian
7,1803.0,677.0,1831.0,707.0,245,0,0,1,Pedestrian
7,1803.0,677.0,1831.0,707.0,246,0,0,1,Pedestrian
7,1803.0,677.0,1831.0,707.0,247,0,0,1,Pedestrian
7,1803.0,677.0,1831.0,707.0,248,0,0,1,Pedestrian
7,1803.0,677.0,1831.0,707.0,249,0,0,1,Pedestrian
7,1803.0,677.0,1831.0,707.0,250,0,0,1,Pedestrian
7,1803.0,677.0,1831.0,707.0,251,0,0,1,Pedestrian
7,1803.0,677.0,1831.0,707.0,252,0,0,1,Pedestrian
7,1803.0,677.0,1831.0,707.0,253,0,0,1,Pedestrian
7,1803.0,677.0,1831.0,707.0,254,0,0,1,Pedestrian
7,1803.0,677.0,1831.0,707.0,255,0,0,1,Pedestrian
7,1803.0,677.0,1831.0,707.0,256,0,0,1,Pedestrian
7,1803.0,677.0,1831.0,707.0,257,0,0,1,Pedestrian
7,1803.0,677.0,1831.0,707.0,258,0,0,1,Pedestrian
7,1803.0,677.0,1831.0,707.0,259,0,0,1,Pedestrian
7,1803.0,677.0,1831.0,707.0,260,0,0,1,Pedestrian
7,1803.0,677.0,1831.0,707.0,261,0,0,1,Pedestrian
7,1803.0,677.0,1831.0,707.0,262,0,0,1,Pedestrian
7,1803.0,677.0,1831.0,707.0,263,0,0,1,Pedestrian
7,1803.0,677.0,1831.0,707.0,264,0,0,1,Pedestrian
7,1803.0,677.0,1831.0,707.0,265,0,0,1,Pedestrian
7,1803.0,677.0,1831.0,707.0,266,0,0,1,Pedestrian
7,1803.0,677.0,1831.0,707.0,267,0,0,1,Pedestrian
7,1803.0,677.0,1831.0,707.0,268,0,0,1,Pedestrian
7,1803.0,677.0,1831.0,707.0,269,0,0,1,Pedestrian
7,1803.0,677.0,1831.0,707.0,270,0,0,1,Pedestrian
7,1803.0,677.0,1831.0,707.0,271,0,0,1,Pedestrian
7,1803.0,677.0,1831.0,707.0,272,0,0,1,Pedestrian
7,1803.0,677.0,1831.0,707.0,273,0,0,1,Pedestrian
7,1803.0,677.0,1831.0,707.0,274,0,0,1,Pedestrian
7,1803.0,677.0,1831.0,707.0,275,0,0,1,Pedestrian
7,1803.0,677.0,1831.0,707.0,276,0,0,1,Pedestrian
7,1803.0,677.0,1831.0,707.0,277,0,0,1,Pedestrian
7,1803.0,677.0,1831.0,707.0,278,0,0,1,Pedestrian
7,1803.0,677.0,1831.0,707.0,279,0,0,1,Pedestrian
7,1803.0,677.0,1831.0,707.0,280,0,0,1,Pedestrian
7,1803.0,677.0,1831.0,707.0,281,0,0,1,Pedestrian
7,1803.0,677.0,1831.0,707.0,282,0,0,1,Pedestrian
7,1803.0,677.0,1831.0,707.0,283,0,0,1,Pedestrian
7,1803.0,677.0,1831.0,707.0,284,0,0,1,Pedestrian
7,1803.0,677.0,1831.0,707.0,285,0,0,1,Pedestrian
7,1803.0,677.0,1831.0,707.0,286,0,0,1,Pedestrian
7,1803.0,677.0,1831.0,707.0,287,0,0,1,Pedestrian
7,1803.0,677.0,1831.0,707.0,288,0,0,1,Pedestrian
7,1803.0,677.0,1831.0,707.0,289,0,0,1,Pedestrian
7,1803.0,677.0,1831.0,707.0,290,0,0,1,Pedestrian
7,1803.0,677.0,1831.0,707.0,291,0,0,1,Pedestrian
7,1803.0,677.0,1831.0,707.0,292,0,0,1,Pedestrian
7,1803.0,677.0,1831.0,707.0,293,0,0,1,Pedestrian
7,1803.0,677.0,1831.0,707.0,294,0,0,1,Pedestrian
7,1803.0,677.0,1831.0,707.0,295,0,0,1,Pedestrian
7,1803.0,677.0,1831.0,707.0,296,0,0,1,Pedestrian
7,1803.0,677.0,1831.0,707.0,297,0,0,1,Pedestrian
7,1803.0,677.0,1831.0,707.0,298,0,0,1,Pedestrian
7,1803.0,677.0,1831.0,707.0,299,0,0,1,Pedestrian
7,1803.0,677.0,1831.0,707.0,300,0,0,1,Pedestrian
7,1803.0,677.0,1831.0,707.0,301,0,0,1,Pedestrian
7,1803.0,677.0,1831.0,707.0,302,0,0,1,Pedestrian
7,1803.0,677.0,1831.0,707.0,303,0,0,1,Pedestrian
7,1803.0,677.0,1831.0,707.0,304,0,0,1,Pedestrian
7,1803.0,677.0,1831.0,707.0,305,0,0,1,Pedestrian
7,1803.0,677.0,1831.0,707.0,306,0,0,1,Pedestrian
7,1803.0,677.0,1831.0,707.0,307,0,0,1,Pedestrian
7,1803.0,677.0,1831.0,707.0,308,0,0,1,Pedestrian
7,1803.0,677.0,1831.0,707.0,309,0,0,1,Pedestrian
7,1803.0,677.0,1831.0,707.0,310,0,0,1,Pedestrian
7,1803.0,677.0,1831.0,707.0,311,0,0,1,Pedestrian
7,1803.0,677.0,1831.0,707.0,312,0,0,1,Pedestrian
7,1803.0,677.0,1831.0,707.0,313,0,0,1,Pedestrian
7,1803.0,677.0,1831.0,707.0,314,0,0,1,Pedestrian
7,1803.0,677.0,1831.0,707.0,315,0,0,1,Pedestrian
7,1803.0,677.0,1831.0,707.0,316,0,0,1,Pedestrian
7,1803.0,677.0,1831.0,707.0,317,0,0,1,Pedestrian
7,1803.0,677.0,1831.0,707.0,318,0,0,1,Pedestrian
7,1803.0,677.0,1831.0,707.0,319,0,0,1,Pedestrian
7,1803.0,677.0,1831.0,707.0,320,0,0,1,Pedestrian
7,1803.0,677.0,1831.0,707.0,321,0,0,1,Pedestrian
7,1803.0,677.0,1831.0,707.0,322,0,0,1,Pedestrian
7,1803.0,677.0,1831.0,707.0,323,0,0,1,Pedestrian
7,1803.0,677.0,1831.0,707.0,324,0,0,1,Pedestrian
7,1803.0,677.0,1831.0,707.0,325,0,0,1,Pedestrian
7,1803.0,677.0,1831.0,707.0,326,0,0,1,Pedestrian
7,1803.0,677.0,1831.0,707.0,327,0,0,1,Pedestrian
7,1803.0,677.0,1831.0,707.0,328,0,0,1,Pedestrian
7,1803.0,677.0,1831.0,707.0,329,0,0,1,Pedestrian
7,1803.0,677.0,1831.0,707.0,330,0,0,1,Pedestrian
7,1803.0,677.0,1831.0,707.0,331,0,0,1,Pedestrian
7,1803.0,677.0,1831.0,707.0,332,0,0,1,Pedestrian
7,1803.0,677.0,1831.0,707.0,333,0,0,1,Pedestrian
7,1803.0,677.0,1831.0,707.0,334,0,0,1,Pedestrian
7,1803.0,677.0,1831.0,707.0,335,0,0,1,Pedestrian
7,1803.0,677.0,1831.0,707.0,336,0,0,1,Pedestrian
7,1803.0,677.0,1831.0,707.0,337,0,0,1,Pedestrian
7,1803.0,677.0,1831.0,707.0,338,0,0,1,Pedestrian
7,1803.0,677.0,1831.0,707.0,339,0,0,1,Pedestrian
7,1803.0,677.0,1831.0,707.0,340,0,0,1,Pedestrian
7,1803.0,677.0,1831.0,707.0,341,0,0,1,Pedestrian
7,1803.0,677.0,1831.0,707.0,342,0,0,1,Pedestrian
7,1803.0,677.0,1831.0,707.0,343,0,0,1,Pedestrian
7,1803.0,677.0,1831.0,707.0,344,0,0,1,Pedestrian
7,1803.0,677.0,1831.0,707.0,345,0,0,1,Pedestrian
7,1803.0,677.0,1831.0,707.0,346,0,0,1,Pedestrian
7,1803.0,677.0,1831.0,707.0,347,0,0,1,Pedestrian
7,1803.0,677.0,1831.0,707.0,348,0,0,1,Pedestrian
7,1803.0,677.0,1831.0,707.0,349,0,0,1,Pedestrian
7,1803.0,677.0,1831.0,707.0,350,0,0,1,Pedestrian
7,1803.0,677.0,1831.0,707.0,351,0,0,1,Pedestrian
7,1803.0,677.0,1831.0,707.0,352,0,0,1,Pedestrian
7,1803.0,677.0,1831.0,707.0,353,0,0,1,Pedestrian
7,1803.0,677.0,1831.0,707.0,354,0,0,1,Pedestrian
7,1803.0,677.0,1831.0,707.0,355,0,0,1,Pedestrian
7,1803.0,677.0,1831.0,707.0,356,0,0,1,Pedestrian
7,1803.0,677.0,1831.0,707.0,357,0,0,1,Pedestrian
7,1803.0,677.0,1831.0,707.0,358,0,0,1,Pedestrian
7,1803.0,677.0,1831.0,707.0,359,0,0,1,Pedestrian
7,1803.0,677.0,1831.0,707.0,360,0,0,1,Pedestrian
7,1803.0,677.0,1831.0,707.0,361,0,0,1,Pedestrian
7,1803.0,677.0,1831.0,707.0,362,0,0,1,Pedestrian
7,1803.0,677.0,1831.0,707.0,363,0,0,1,Pedestrian
7,1803.0,677.0,1831.0,707.0,364,0,0,1,Pedestrian
7,1803.0,677.0,1831.0,707.0,365,0,0,1,Pedestrian
7,1803.0,677.0,1831.0,707.0,366,0,0,1,Pedestrian
7,1803.0,677.0,1831.0,707.0,367,0,0,1,Pedestrian
7,1803.0,677.0,1831.0,707.0,368,0,0,1,Pedestrian
7,1803.0,677.0,1831.0,707.0,369,0,0,1,Pedestrian
7,1803.0,677.0,1831.0,707.0,370,0,0,1,Pedestrian
7,1803.0,677.0,1831.0,707.0,371,0,0,1,Pedestrian
7,1803.0,677.0,1831.0,707.0,372,0,0,1,Pedestrian
7,1803.0,677.0,1831.0,707.0,373,0,0,1,Pedestrian
7,1803.0,677.0,1831.0,707.0,374,0,0,1,Pedestrian
7,1803.0,677.0,1831.0,707.0,375,0,0,1,Pedestrian
7,1803.0,677.0,1831.0,707.0,376,0,0,1,Pedestrian
7,1803.0,677.0,1831.0,707.0,377,0,0,1,Pedestrian
7,1803.0,677.0,1831.0,707.0,378,0,0,1,Pedestrian
7,1803.0,677.0,1831.0,707.0,379,0,0,1,Pedestrian
7,1803.0,677.0,1831.0,707.0,380,0,0,1,Pedestrian
7,1803.0,677.0,1831.0,707.0,381,0,0,1,Pedestrian
7,1803.0,677.0,1831.0,707.0,382,0,0,1,Pedestrian
7,1803.0,677.0,1831.0,707.0,383,0,0,1,Pedestrian
7,1803.0,677.0,1831.0,707.0,384,0,0,1,Pedestrian
7,1803.0,677.0,1831.0,707.0,385,0,0,1,Pedestrian
7,1803.0,677.0,1831.0,707.0,386,0,0,1,Pedestrian
7,1803.0,677.0,1831.0,707.0,387,0,0,1,Pedestrian
7,1803.0,677.0,1831.0,707.0,388,0,0,1,Pedestrian
7,1803.0,677.0,1831.0,707.0,389,0,0,1,Pedestrian
7,1803.0,677.0,1831.0,707.0,390,0,0,1,Pedestrian
7,1803.0,677.0,1831.0,707.0,391,0,0,1,Pedestrian
7,1803.0,677.0,1831.0,707.0,392,0,0,1,Pedestrian
7,1803.0,677.0,1831.0,707.0,393,0,0,1,Pedestrian
7,1803.0,677.0,1831.0,707.0,394,0,0,1,Pedestrian
7,1803.0,677.0,1831.0,707.0,395,0,0,1,Pedestrian
7,1803.0,677.0,1831.0,707.0,396,0,0,1,Pedestrian
7,1803.0,677.0,1831.0,707.0,397,0,0,1,Pedestrian
7,1803.0,677.0,1831.0,707.0,398,0,0,1,Pedestrian
7,1803.0,677.0,1831.0,707.0,399,0,0,1,Pedestrian
7,1803.0,677.0,1831.0,707.0,400,0,0,1,Pedestrian
7,1803.0,677.0,1831.0,707.0,401,0,0,1,Pedestrian
7,1803.0,677.0,1831.0,707.0,402,0,0,1,Pedestrian
7,1803.0,677.0,1831.0,707.0,403,0,0,1,Pedestrian
7,1803.0,677.0,1831.0,707.0,404,0,0,1,Pedestrian
7,1803.0,677.0,1831.0,707.0,405,0,0,1,Pedestrian
7,1803.0,677.0,1831.0,707.0,406,0,0,1,Pedestrian
7,1803.0,677.0,1831.0,707.0,407,0,0,1,Pedestrian
7,1803.0,677.0,1831.0,707.0,408,0,0,1,Pedestrian
7,1803.0,677.0,1831.0,707.0,409,0,0,1,Pedestrian
7,1803.0,677.0,1831.0,707.0,410,0,0,1,Pedestrian
7,1803.0,677.0,1831.0,707.0,411,0,0,1,Pedestrian
7,1803.0,677.0,1831.0,707.0,412,0,0,1,Pedestrian
7,1803.0,677.0,1831.0,707.0,413,0,0,1,Pedestrian
7,1803.0,677.0,1831.0,707.0,414,0,0,1,Pedestrian
7,1803.0,677.0,1831.0,707.0,415,0,0,1,Pedestrian
7,1803.0,677.0,1831.0,707.0,416,0,0,1,Pedestrian
7,1803.0,677.0,1831.0,707.0,417,0,0,1,Pedestrian
7,1803.0,677.0,1831.0,707.0,418,0,0,1,Pedestrian
7,1803.0,677.0,1831.0,707.0,419,0,0,1,Pedestrian
7,1803.0,677.0,1831.0,707.0,420,0,0,1,Pedestrian
7,1803.0,677.0,1831.0,707.0,421,0,0,1,Pedestrian
7,1803.0,677.0,1831.0,707.0,422,0,0,1,Pedestrian
7,1803.0,677.0,1831.0,707.0,423,0,0,1,Pedestrian
7,1803.0,677.0,1831.0,707.0,424,0,0,1,Pedestrian
7,1803.0,677.0,1831.0,707.0,425,0,0,1,Pedestrian
7,1803.0,677.0,1831.0,707.0,426,0,0,1,Pedestrian
7,1803.0,677.0,1831.0,707.0,427,0,0,1,Pedestrian
7,1803.0,677.0,1831.0,707.0,428,0,0,1,Pedestrian
7,1803.0,677.0,1831.0,707.0,429,0,0,1,Pedestrian
7,1803.0,677.0,1831.0,707.0,430,0,0,1,Pedestrian
7,1803.0,677.0,1831.0,707.0,431,0,0,1,Pedestrian
7,1803.0,677.0,1831.0,707.0,432,0,0,1,Pedestrian
7,1803.0,677.0,1831.0,707.0,433,0,0,1,Pedestrian
7,1803.0,677.0,1831.0,707.0,434,0,0,1,Pedestrian
7,1803.0,677.0,1831.0,707.0,435,0,0,1,Pedestrian
7,1803.0,677.0,1831.0,707.0,436,0,0,1,Pedestrian
7,1803.0,677.0,1831.0,707.0,437,0,0,1,Pedestrian
7,1803.0,677.0,1831.0,707.0,438,0,0,1,Pedestrian
7,1803.0,677.0,1831.0,707.0,439,0,0,1,Pedestrian
7,1803.0,677.0,1831.0,707.0,440,0,0,1,Pedestrian
7,1803.0,677.0,1831.0,707.0,441,0,0,1,Pedestrian
7,1803.0,677.0,1831.0,707.0,442,0,0,1,Pedestrian
7,1803.0,677.0,1831.0,707.0,443,0,0,1,Pedestrian
7,1803.0,677.0,1831.0,707.0,444,0,0,1,Pedestrian
7,1803.0,677.0,1831.0,707.0,445,0,0,1,Pedestrian
7,1803.0,677.0,1831.0,707.0,446,0,0,1,Pedestrian
7,1803.0,677.0,1831.0,707.0,447,0,0,1,Pedestrian
7,1803.0,677.0,1831.0,707.0,448,0,0,1,Pedestrian
7,1803.0,677.0,1831.0,707.0,449,0,0,1,Pedestrian
7,1803.0,677.0,1831.0,707.0,450,0,0,1,Pedestrian
7,1803.0,677.0,1831.0,707.0,451,0,0,1,Pedestrian
7,1803.0,677.0,1831.0,707.0,452,0,0,1,Pedestrian
7,1803.0,677.0,1831.0,707.0,453,0,0,1,Pedestrian
7,1803.0,677.0,1831.0,707.0,454,0,0,1,Pedestrian
7,1803.0,677.0,1831.0,707.0,455,0,0,1,Pedestrian
7,1803.0,677.0,1831.0,707.0,456,0,0,1,Pedestrian
7,1803.0,677.0,1831.0,707.0,457,0,0,1,Pedestrian
7,1803.0,677.0,1831.0,707.0,458,0,0,1,Pedestrian
7,1803.0,677.0,1831.0,707.0,459,0,0,1,Pedestrian
7,1803.0,677.0,1831.0,707.0,460,0,0,1,Pedestrian
7,1803.0,677.0,1831.0,707.0,461,0,0,1,Pedestrian
7,1803.0,677.0,1831.0,707.0,462,0,0,1,Pedestrian
7,1803.0,677.0,1831.0,707.0,463,0,0,1,Pedestrian
7,1803.0,677.0,1831.0,707.0,464,0,0,1,Pedestrian
7,1803.0,677.0,1831.0,707.0,465,0,0,1,Pedestrian
7,1803.0,677.0,1831.0,707.0,466,0,0,1,Pedestrian
7,1803.0,677.0,1831.0,707.0,467,0,0,1,Pedestrian
7,1803.0,677.0,1831.0,707.0,468,0,0,1,Pedestrian
7,1803.0,677.0,1831.0,707.0,469,0,0,1,Pedestrian
7,1803.0,677.0,1831.0,707.0,470,0,0,1,Pedestrian
7,1803.0,677.0,1831.0,707.0,471,0,0,1,Pedestrian
7,1803.0,677.0,1831.0,707.0,472,0,0,1,Pedestrian
7,1803.0,677.0,1831.0,707.0,473,0,0,1,Pedestrian
7,1803.0,677.0,1831.0,707.0,474,0,0,1,Pedestrian
7,1803.0,677.0,1831.0,707.0,475,0,0,1,Pedestrian
7,1803.0,677.0,1831.0,707.0,476,0,0,1,Pedestrian
7,1803.0,677.0,1831.0,707.0,477,0,0,1,Pedestrian
7,1803.0,677.0,1831.0,707.0,478,0,0,1,Pedestrian
7,1803.0,677.0,1831.0,707.0,479,0,0,1,Pedestrian
7,1803.0,677.0,1831.0,707.0,480,0,0,1,Pedestrian
7,1803.0,677.0,1831.0,707.0,481,0,0,1,Pedestrian
7,1803.0,677.0,1831.0,707.0,482,0,0,1,Pedestrian
7,1803.0,677.0,1831.0,707.0,483,0,0,1,Pedestrian
7,1803.0,677.0,1831.0,707.0,484,0,0,1,Pedestrian
7,1803.0,677.0,1831.0,707.0,485,0,0,1,Pedestrian
7,1803.0,677.0,1831.0,707.0,486,0,0,1,Pedestrian
7,1803.0,677.0,1831.0,707.0,487,0,0,1,Pedestrian
7,1803.0,677.0,1831.0,707.0,488,0,0,1,Pedestrian
7,1803.0,677.0,1831.0,707.0,489,0,0,1,Pedestrian
7,1803.0,677.0,1831.0,707.0,490,0,0,1,Pedestrian
7,1803.0,677.0,1831.0,707.0,491,0,0,1,Pedestrian
7,1803.0,677.0,1831.0,707.0,492,0,0,1,Pedestrian
7,1803.0,677.0,1831.0,707.0,493,0,0,1,Pedestrian
7,1803.0,677.0,1831.0,707.0,494,0,0,1,Pedestrian
7,1803.0,677.0,1831.0,707.0,495,0,0,1,Pedestrian
7,1803.0,677.0,1831.0,707.0,496,0,0,1,Pedestrian
7,1803.0,677.0,1831.0,707.0,497,0,0,1,Pedestrian
7,1803.0,677.0,1831.0,707.0,498,0,0,1,Pedestrian
7,1803.0,677.0,1831.0,707.0,499,0,0,1,Pedestrian
7,1803.0,677.0,1831.0,707.0,500,0,0,1,Pedestrian
7,1803.0,677.0,1831.0,707.0,501,0,0,1,Pedestrian
7,1803.0,677.0,1831.0,707.0,502,0,0,1,Pedestrian
7,1803.0,677.0,1831.0,707.0,503,0,0,1,Pedestrian
7,1803.0,677.0,1831.0,707.0,504,0,0,1,Pedestrian
7,1803.0,677.0,1831.0,707.0,505,0,0,1,Pedestrian
7,1803.0,677.0,1831.0,707.0,506,0,0,1,Pedestrian
7,1803.0,677.0,1831.0,707.0,507,0,0,1,Pedestrian
7,1803.0,677.0,1831.0,707.0,508,0,0,0,Pedestrian
8,1908.0,621.0,1938.0,648.0,0,0,0,0,Pedestrian
8,1908.0,621.0,1938.0,648.0,1,0,0,1,Pedestrian
8,1908.0,621.0,1938.0,648.0,2,0,0,1,Pedestrian
8,1908.0,621.0,1938.0,648.0,3,0,0,1,Pedestrian
8,1908.0,621.0,1938.0,648.0,4,0,0,1,Pedestrian
8,1908.0,621.0,1938.0,648.0,5,0,0,1,Pedestrian
8,1908.0,621.0,1938.0,648.0,6,0,0,1,Pedestrian
8,1908.0,621.0,1938.0,648.0,7,0,0,1,Pedestrian
8,1908.0,621.0,1938.0,648.0,8,0,0,1,Pedestrian
8,1908.0,621.0,1938.0,648.0,9,0,0,1,Pedestrian
8,1908.0,621.0,1938.0,648.0,10,0,0,1,Pedestrian
8,1908.0,621.0,1938.0,648.0,11,0,0,1,Pedestrian
8,1908.0,621.0,1938.0,648.0,12,0,0,1,Pedestrian
8,1908.0,621.0,1938.0,648.0,13,0,0,1,Pedestrian
8,1908.0,621.0,1938.0,648.0,14,0,0,1,Pedestrian
8,1908.0,621.0,1938.0,648.0,15,0,0,1,Pedestrian
8,1908.0,621.0,1938.0,648.0,16,0,0,1,Pedestrian
8,1908.0,621.0,1938.0,648.0,17,0,0,1,Pedestrian
8,1908.0,621.0,1938.0,648.0,18,0,0,1,Pedestrian
8,1908.0,621.0,1938.0,648.0,19,0,0,1,Pedestrian
8,1908.0,621.0,1938.0,648.0,20,0,0,1,Pedestrian
8,1908.0,621.0,1938.0,648.0,21,0,0,1,Pedestrian
8,1908.0,621.0,1938.0,648.0,22,0,0,1,Pedestrian
8,1908.0,621.0,1938.0,648.0,23,0,0,1,Pedestrian
8,1908.0,621.0,1938.0,648.0,24,0,0,1,Pedestrian
8,1908.0,621.0,1938.0,648.0,25,0,0,1,Pedestrian
8,1908.0,621.0,1938.0,648.0,26,0,0,1,Pedestrian
8,1908.0,621.0,1938.0,648.0,27,0,0,1,Pedestrian
8,1908.0,621.0,1938.0,648.0,28,0,0,1,Pedestrian
8,1908.0,621.0,1938.0,648.0,29,0,0,1,Pedestrian
8,1908.0,621.0,1938.0,648.0,30,0,0,1,Pedestrian
8,1908.0,621.0,1938.0,648.0,31,0,0,1,Pedestrian
8,1908.0,621.0,1938.0,648.0,32,0,0,1,Pedestrian
8,1908.0,621.0,1938.0,648.0,33,0,0,1,Pedestrian
8,1908.0,621.0,1938.0,648.0,34,0,0,1,Pedestrian
8,1908.0,621.0,1938.0,648.0,35,0,0,1,Pedestrian
8,1908.0,621.0,1938.0,648.0,36,0,0,1,Pedestrian
8,1908.0,621.0,1938.0,648.0,37,0,0,1,Pedestrian
8,1908.0,621.0,1938.0,648.0,38,0,0,1,Pedestrian
8,1908.0,621.0,1938.0,648.0,39,0,0,1,Pedestrian
8,1908.0,621.0,1938.0,648.0,40,0,0,1,Pedestrian
8,1908.0,621.0,1938.0,648.0,41,0,0,1,Pedestrian
8,1908.0,621.0,1938.0,648.0,42,0,0,1,Pedestrian
8,1908.0,621.0,1938.0,648.0,43,0,0,1,Pedestrian
8,1908.0,621.0,1938.0,648.0,44,0,0,1,Pedestrian
8,1908.0,621.0,1938.0,648.0,45,0,0,1,Pedestrian
8,1908.0,621.0,1938.0,648.0,46,0,0,1,Pedestrian
8,1908.0,621.0,1938.0,648.0,47,0,0,1,Pedestrian
8,1908.0,621.0,1938.0,648.0,48,0,0,1,Pedestrian
8,1908.0,621.0,1938.0,648.0,49,0,0,1,Pedestrian
8,1908.0,621.0,1938.0,648.0,50,0,0,1,Pedestrian
8,1908.0,621.0,1938.0,648.0,51,0,0,1,Pedestrian
8,1908.0,621.0,1938.0,648.0,52,0,0,1,Pedestrian
8,1908.0,621.0,1938.0,648.0,53,0,0,1,Pedestrian
8,1908.0,621.0,1938.0,648.0,54,0,0,1,Pedestrian
8,1908.0,621.0,1938.0,648.0,55,0,0,1,Pedestrian
8,1908.0,621.0,1938.0,648.0,56,0,0,1,Pedestrian
8,1908.0,621.0,1938.0,648.0,57,0,0,1,Pedestrian
8,1908.0,621.0,1938.0,648.0,58,0,0,1,Pedestrian
8,1908.0,621.0,1938.0,648.0,59,0,0,1,Pedestrian
8,1908.0,621.0,1938.0,648.0,60,0,0,1,Pedestrian
8,1908.0,621.0,1938.0,648.0,61,0,0,1,Pedestrian
8,1908.0,621.0,1938.0,648.0,62,0,0,1,Pedestrian
8,1908.0,621.0,1938.0,648.0,63,0,0,1,Pedestrian
8,1908.0,621.0,1938.0,648.0,64,0,0,1,Pedestrian
8,1908.0,621.0,1938.0,648.0,65,0,0,1,Pedestrian
8,1908.0,621.0,1938.0,648.0,66,0,0,1,Pedestrian
8,1908.0,621.0,1938.0,648.0,67,0,0,1,Pedestrian
8,1908.0,621.0,1938.0,648.0,68,0,0,1,Pedestrian
8,1908.0,621.0,1938.0,648.0,69,0,0,1,Pedestrian
8,1908.0,621.0,1938.0,648.0,70,0,0,1,Pedestrian
8,1908.0,621.0,1938.0,648.0,71,0,0,1,Pedestrian
8,1908.0,621.0,1938.0,648.0,72,0,0,1,Pedestrian
8,1908.0,621.0,1938.0,648.0,73,0,0,1,Pedestrian
8,1908.0,621.0,1938.0,648.0,74,0,0,1,Pedestrian
8,1908.0,621.0,1938.0,648.0,75,0,0,1,Pedestrian
8,1908.0,621.0,1938.0,648.0,76,0,0,1,Pedestrian
8,1908.0,621.0,1938.0,648.0,77,0,0,1,Pedestrian
8,1908.0,621.0,1938.0,648.0,78,0,0,1,Pedestrian
8,1908.0,621.0,1938.0,648.0,79,0,0,1,Pedestrian
8,1908.0,621.0,1938.0,648.0,80,0,0,1,Pedestrian
8,1908.0,621.0,1938.0,648.0,81,0,0,1,Pedestrian
8,1908.0,621.0,1938.0,648.0,82,0,0,1,Pedestrian
8,1908.0,621.0,1938.0,648.0,83,0,0,1,Pedestrian
8,1908.0,621.0,1938.0,648.0,84,0,0,1,Pedestrian
8,1908.0,621.0,1938.0,648.0,85,0,0,1,Pedestrian
8,1908.0,621.0,1938.0,648.0,86,0,0,1,Pedestrian
8,1908.0,621.0,1938.0,648.0,87,0,0,1,Pedestrian
8,1908.0,621.0,1938.0,648.0,88,0,0,1,Pedestrian
8,1908.0,621.0,1938.0,648.0,89,0,0,1,Pedestrian
8,1908.0,621.0,1938.0,648.0,90,0,0,1,Pedestrian
8,1908.0,621.0,1938.0,648.0,91,0,0,1,Pedestrian
8,1908.0,621.0,1938.0,648.0,92,0,0,1,Pedestrian
8,1908.0,621.0,1938.0,648.0,93,0,0,1,Pedestrian
8,1908.0,621.0,1938.0,648.0,94,0,0,1,Pedestrian
8,1908.0,621.0,1938.0,648.0,95,0,0,1,Pedestrian
8,1908.0,621.0,1938.0,648.0,96,0,0,1,Pedestrian
8,1908.0,621.0,1938.0,648.0,97,0,0,1,Pedestrian
8,1908.0,621.0,1938.0,648.0,98,0,0,1,Pedestrian
8,1908.0,621.0,1938.0,648.0,99,0,0,1,Pedestrian
8,1908.0,621.0,1938.0,648.0,100,0,0,1,Pedestrian
8,1908.0,621.0,1938.0,648.0,101,0,0,1,Pedestrian
8,1908.0,621.0,1938.0,648.0,102,0,0,1,Pedestrian
8,1908.0,621.0,1938.0,648.0,103,0,0,1,Pedestrian
8,1908.0,621.0,1938.0,648.0,104,0,0,1,Pedestrian
8,1908.0,621.0,1938.0,648.0,105,0,0,1,Pedestrian
8,1908.0,621.0,1938.0,648.0,106,0,0,1,Pedestrian
8,1908.0,621.0,1938.0,648.0,107,0,0,1,Pedestrian
8,1908.0,621.0,1938.0,648.0,108,0,0,1,Pedestrian
8,1908.0,621.0,1938.0,648.0,109,0,0,1,Pedestrian
8,1908.0,621.0,1938.0,648.0,110,0,0,1,Pedestrian
8,1908.0,621.0,1938.0,648.0,111,0,0,1,Pedestrian
8,1908.0,621.0,1938.0,648.0,112,0,0,1,Pedestrian
8,1908.0,621.0,1938.0,648.0,113,0,0,1,Pedestrian
8,1908.0,621.0,1938.0,648.0,114,0,0,1,Pedestrian
8,1908.0,621.0,1938.0,648.0,115,0,0,1,Pedestrian
8,1908.0,621.0,1938.0,648.0,116,0,0,1,Pedestrian
8,1908.0,621.0,1938.0,648.0,117,0,0,1,Pedestrian
8,1908.0,621.0,1938.0,648.0,118,0,0,1,Pedestrian
8,1908.0,621.0,1938.0,648.0,119,0,0,1,Pedestrian
8,1908.0,621.0,1938.0,648.0,120,0,0,1,Pedestrian
8,1908.0,621.0,1938.0,648.0,121,0,0,1,Pedestrian
8,1908.0,621.0,1938.0,648.0,122,0,0,1,Pedestrian
8,1908.0,621.0,1938.0,648.0,123,0,0,1,Pedestrian
8,1908.0,621.0,1938.0,648.0,124,0,0,1,Pedestrian
8,1908.0,621.0,1938.0,648.0,125,0,0,1,Pedestrian
8,1908.0,621.0,1938.0,648.0,126,0,0,1,Pedestrian
8,1908.0,621.0,1938.0,648.0,127,0,0,1,Pedestrian
8,1908.0,621.0,1938.0,648.0,128,0,0,1,Pedestrian
8,1908.0,621.0,1938.0,648.0,129,0,0,1,Pedestrian
8,1908.0,621.0,1938.0,648.0,130,0,0,1,Pedestrian
8,1908.0,621.0,1938.0,648.0,131,0,0,1,Pedestrian
8,1908.0,621.0,1938.0,648.0,132,0,0,1,Pedestrian
8,1908.0,621.0,1938.0,648.0,133,0,0,1,Pedestrian
8,1908.0,621.0,1938.0,648.0,134,0,0,1,Pedestrian
8,1908.0,621.0,1938.0,648.0,135,0,0,1,Pedestrian
8,1908.0,621.0,1938.0,648.0,136,0,0,1,Pedestrian
8,1908.0,621.0,1938.0,648.0,137,0,0,1,Pedestrian
8,1908.0,621.0,1938.0,648.0,138,0,0,1,Pedestrian
8,1908.0,621.0,1938.0,648.0,139,0,0,1,Pedestrian
8,1908.0,621.0,1938.0,648.0,140,0,0,1,Pedestrian
8,1908.0,621.0,1938.0,648.0,141,0,0,1,Pedestrian
8,1908.0,621.0,1938.0,648.0,142,0,0,1,Pedestrian
8,1908.0,621.0,1938.0,648.0,143,0,0,1,Pedestrian
8,1908.0,621.0,1938.0,648.0,144,0,0,1,Pedestrian
8,1908.0,621.0,1938.0,648.0,145,0,0,1,Pedestrian
8,1908.0,621.0,1938.0,648.0,146,0,0,1,Pedestrian
8,1908.0,621.0,1938.0,648.0,147,0,0,1,Pedestrian
8,1908.0,621.0,1938.0,648.0,148,0,0,1,Pedestrian
8,1908.0,621.0,1938.0,648.0,149,0,0,1,Pedestrian
8,1908.0,621.0,1938.0,648.0,150,0,0,1,Pedestrian
8,1908.0,621.0,1938.0,648.0,151,0,0,1,Pedestrian
8,1908.0,621.0,1938.0,648.0,152,0,0,1,Pedestrian
8,1908.0,621.0,1938.0,648.0,153,0,0,1,Pedestrian
8,1908.0,621.0,1938.0,648.0,154,0,0,1,Pedestrian
8,1908.0,621.0,1938.0,648.0,155,0,0,1,Pedestrian
8,1908.0,621.0,1938.0,648.0,156,0,0,1,Pedestrian
8,1908.0,621.0,1938.0,648.0,157,0,0,1,Pedestrian
8,1908.0,621.0,1938.0,648.0,158,0,0,1,Pedestrian
8,1908.0,621.0,1938.0,648.0,159,0,0,1,Pedestrian
8,1908.0,621.0,1938.0,648.0,160,0,0,1,Pedestrian
8,1908.0,621.0,1938.0,648.0,161,0,0,1,Pedestrian
8,1908.0,621.0,1938.0,648.0,162,0,0,1,Pedestrian
8,1908.0,621.0,1938.0,648.0,163,0,0,1,Pedestrian
8,1908.0,621.0,1938.0,648.0,164,0,0,1,Pedestrian
8,1908.0,621.0,1938.0,648.0,165,0,0,1,Pedestrian
8,1908.0,621.0,1938.0,648.0,166,0,0,1,Pedestrian
8,1908.0,621.0,1938.0,648.0,167,0,0,1,Pedestrian
8,1908.0,621.0,1938.0,648.0,168,0,0,1,Pedestrian
8,1908.0,621.0,1938.0,648.0,169,0,0,1,Pedestrian
8,1908.0,621.0,1938.0,648.0,170,0,0,1,Pedestrian
8,1908.0,621.0,1938.0,648.0,171,0,0,1,Pedestrian
8,1908.0,621.0,1938.0,648.0,172,0,0,1,Pedestrian
8,1908.0,621.0,1938.0,648.0,173,0,0,1,Pedestrian
8,1908.0,621.0,1938.0,648.0,174,0,0,1,Pedestrian
8,1908.0,621.0,1938.0,648.0,175,0,0,1,Pedestrian
8,1908.0,621.0,1938.0,648.0,176,0,0,1,Pedestrian
8,1908.0,621.0,1938.0,648.0,177,0,0,1,Pedestrian
8,1908.0,621.0,1938.0,648.0,178,0,0,1,Pedestrian
8,1908.0,621.0,1938.0,648.0,179,0,0,1,Pedestrian
8,1908.0,621.0,1938.0,648.0,180,0,0,1,Pedestrian
8,1908.0,621.0,1938.0,648.0,181,0,0,1,Pedestrian
8,1908.0,621.0,1938.0,648.0,182,0,0,1,Pedestrian
8,1908.0,621.0,1938.0,648.0,183,0,0,1,Pedestrian
8,1908.0,621.0,1938.0,648.0,184,0,0,1,Pedestrian
8,1908.0,621.0,1938.0,648.0,185,0,0,1,Pedestrian
8,1908.0,621.0,1938.0,648.0,186,0,0,1,Pedestrian
8,1908.0,621.0,1938.0,648.0,187,0,0,1,Pedestrian
8,1908.0,621.0,1938.0,648.0,188,0,0,1,Pedestrian
8,1908.0,621.0,1938.0,648.0,189,0,0,1,Pedestrian
8,1908.0,621.0,1938.0,648.0,190,0,0,1,Pedestrian
8,1908.0,621.0,1938.0,648.0,191,0,0,1,Pedestrian
8,1908.0,621.0,1938.0,648.0,192,0,0,1,Pedestrian
8,1908.0,621.0,1938.0,648.0,193,0,0,1,Pedestrian
8,1908.0,621.0,1938.0,648.0,194,0,0,1,Pedestrian
8,1908.0,621.0,1938.0,648.0,195,0,0,1,Pedestrian
8,1908.0,621.0,1938.0,648.0,196,0,0,1,Pedestrian
8,1908.0,621.0,1938.0,648.0,197,0,0,1,Pedestrian
8,1908.0,621.0,1938.0,648.0,198,0,0,1,Pedestrian
8,1908.0,621.0,1938.0,648.0,199,0,0,1,Pedestrian
8,1908.0,621.0,1938.0,648.0,200,0,0,1,Pedestrian
8,1908.0,621.0,1938.0,648.0,201,0,0,1,Pedestrian
8,1908.0,621.0,1938.0,648.0,202,0,0,1,Pedestrian
8,1908.0,621.0,1938.0,648.0,203,0,0,1,Pedestrian
8,1908.0,621.0,1938.0,648.0,204,0,0,1,Pedestrian
8,1908.0,621.0,1938.0,648.0,205,0,0,1,Pedestrian
8,1908.0,621.0,1938.0,648.0,206,0,0,1,Pedestrian
8,1908.0,621.0,1938.0,648.0,207,0,0,1,Pedestrian
8,1908.0,621.0,1938.0,648.0,208,0,0,1,Pedestrian
8,1908.0,621.0,1938.0,648.0,209,0,0,1,Pedestrian
8,1908.0,621.0,1938.0,648.0,210,0,0,1,Pedestrian
8,1908.0,621.0,1938.0,648.0,211,0,0,1,Pedestrian
8,1908.0,621.0,1938.0,648.0,212,0,0,1,Pedestrian
8,1908.0,621.0,1938.0,648.0,213,0,0,1,Pedestrian
8,1908.0,621.0,1938.0,648.0,214,0,0,1,Pedestrian
8,1908.0,621.0,1938.0,648.0,215,0,0,1,Pedestrian
8,1908.0,621.0,1938.0,648.0,216,0,0,1,Pedestrian
8,1908.0,621.0,1938.0,648.0,217,0,0,1,Pedestrian
8,1908.0,621.0,1938.0,648.0,218,0,0,1,Pedestrian
8,1908.0,621.0,1938.0,648.0,219,0,0,1,Pedestrian
8,1908.0,621.0,1938.0,648.0,220,0,0,1,Pedestrian
8,1908.0,621.0,1938.0,648.0,221,0,0,1,Pedestrian
8,1908.0,621.0,1938.0,648.0,222,0,0,1,Pedestrian
8,1908.0,621.0,1938.0,648.0,223,0,0,1,Pedestrian
8,1908.0,621.0,1938.0,648.0,224,0,0,1,Pedestrian
8,1908.0,621.0,1938.0,648.0,225,0,0,1,Pedestrian
8,1908.0,621.0,1938.0,648.0,226,0,0,1,Pedestrian
8,1908.0,621.0,1938.0,648.0,227,0,0,1,Pedestrian
8,1908.0,621.0,1938.0,648.0,228,0,0,1,Pedestrian
8,1908.0,621.0,1938.0,648.0,229,0,0,1,Pedestrian
8,1908.0,621.0,1938.0,648.0,230,0,0,1,Pedestrian
8,1908.0,621.0,1938.0,648.0,231,0,0,1,Pedestrian
8,1908.0,621.0,1938.0,648.0,232,0,0,1,Pedestrian
8,1908.0,621.0,1938.0,648.0,233,0,0,1,Pedestrian
8,1908.0,621.0,1938.0,648.0,234,0,0,1,Pedestrian
8,1908.0,621.0,1938.0,648.0,235,0,0,1,Pedestrian
8,1908.0,621.0,1938.0,648.0,236,0,0,1,Pedestrian
8,1908.0,621.0,1938.0,648.0,237,0,0,1,Pedestrian
8,1908.0,621.0,1938.0,648.0,238,0,0,1,Pedestrian
8,1908.0,621.0,1938.0,648.0,239,0,0,1,Pedestrian
8,1908.0,621.0,1938.0,648.0,240,0,0,1,Pedestrian
8,1908.0,621.0,1938.0,648.0,241,0,0,1,Pedestrian
8,1908.0,621.0,1938.0,648.0,242,0,0,1,Pedestrian
8,1908.0,621.0,1938.0,648.0,243,0,0,1,Pedestrian
8,1908.0,621.0,1938.0,648.0,244,0,0,1,Pedestrian
8,1908.0,621.0,1938.0,648.0,245,0,0,1,Pedestrian
8,1908.0,621.0,1938.0,648.0,246,0,0,1,Pedestrian
8,1908.0,621.0,1938.0,648.0,247,0,0,1,Pedestrian
8,1908.0,621.0,1938.0,648.0,248,0,0,1,Pedestrian
8,1908.0,621.0,1938.0,648.0,249,0,0,1,Pedestrian
8,1908.0,621.0,1938.0,648.0,250,0,0,1,Pedestrian
8,1908.0,621.0,1938.0,648.0,251,0,0,1,Pedestrian
8,1908.0,621.0,1938.0,648.0,252,0,0,1,Pedestrian
8,1908.0,621.0,1938.0,648.0,253,0,0,1,Pedestrian
8,1908.0,621.0,1938.0,648.0,254,0,0,1,Pedestrian
8,1908.0,621.0,1938.0,648.0,255,0,0,1,Pedestrian
8,1908.0,621.0,1938.0,648.0,256,0,0,1,Pedestrian
8,1908.0,621.0,1938.0,648.0,257,0,0,1,Pedestrian
8,1908.0,621.0,1938.0,648.0,258,0,0,1,Pedestrian
8,1908.0,621.0,1938.0,648.0,259,0,0,1,Pedestrian
8,1908.0,621.0,1938.0,648.0,260,0,0,1,Pedestrian
8,1908.0,621.0,1938.0,648.0,261,0,0,1,Pedestrian
8,1908.0,621.0,1938.0,648.0,262,0,0,1,Pedestrian
8,1908.0,621.0,1938.0,648.0,263,0,0,1,Pedestrian
8,1908.0,621.0,1938.0,648.0,264,0,0,1,Pedestrian
8,1908.0,621.0,1938.0,648.0,265,0,0,1,Pedestrian
8,1908.0,621.0,1938.0,648.0,266,0,0,1,Pedestrian
8,1908.0,621.0,1938.0,648.0,267,0,0,1,Pedestrian
8,1908.0,621.0,1938.0,648.0,268,0,0,1,Pedestrian
8,1908.0,621.0,1938.0,648.0,269,0,0,1,Pedestrian
8,1908.0,621.0,1938.0,648.0,270,0,0,1,Pedestrian
8,1908.0,621.0,1938.0,648.0,271,0,0,1,Pedestrian
8,1908.0,621.0,1938.0,648.0,272,0,0,1,Pedestrian
8,1908.0,621.0,1938.0,648.0,273,0,0,1,Pedestrian
8,1908.0,621.0,1938.0,648.0,274,0,0,1,Pedestrian
8,1908.0,621.0,1938.0,648.0,275,0,0,1,Pedestrian
8,1908.0,621.0,1938.0,648.0,276,0,0,1,Pedestrian
8,1908.0,621.0,1938.0,648.0,277,0,0,1,Pedestrian
8,1908.0,621.0,1938.0,648.0,278,0,0,1,Pedestrian
8,1908.0,621.0,1938.0,648.0,279,0,0,1,Pedestrian
8,1908.0,621.0,1938.0,648.0,280,0,0,1,Pedestrian
8,1908.0,621.0,1938.0,648.0,281,0,0,1,Pedestrian
8,1908.0,621.0,1938.0,648.0,282,0,0,1,Pedestrian
8,1908.0,621.0,1938.0,648.0,283,0,0,1,Pedestrian
8,1908.0,621.0,1938.0,648.0,284,0,0,1,Pedestrian
8,1908.0,621.0,1938.0,648.0,285,0,0,1,Pedestrian
8,1908.0,621.0,1938.0,648.0,286,0,0,1,Pedestrian
8,1908.0,621.0,1938.0,648.0,287,0,0,1,Pedestrian
8,1908.0,621.0,1938.0,648.0,288,0,0,1,Pedestrian
8,1908.0,621.0,1938.0,648.0,289,0,0,1,Pedestrian
8,1908.0,621.0,1938.0,648.0,290,0,0,1,Pedestrian
8,1908.0,621.0,1938.0,648.0,291,0,0,1,Pedestrian
8,1908.0,621.0,1938.0,648.0,292,0,0,1,Pedestrian
8,1908.0,621.0,1938.0,648.0,293,0,0,1,Pedestrian
8,1908.0,621.0,1938.0,648.0,294,0,0,1,Pedestrian
8,1908.0,621.0,1938.0,648.0,295,0,0,1,Pedestrian
8,1908.0,621.0,1938.0,648.0,296,0,0,1,Pedestrian
8,1908.0,621.0,1938.0,648.0,297,0,0,1,Pedestrian
8,1908.0,621.0,1938.0,648.0,298,0,0,1,Pedestrian
8,1908.0,621.0,1938.0,648.0,299,0,0,1,Pedestrian
8,1908.0,621.0,1938.0,648.0,300,0,0,1,Pedestrian
8,1908.0,621.0,1938.0,648.0,301,0,0,1,Pedestrian
8,1908.0,621.0,1938.0,648.0,302,0,0,1,Pedestrian
8,1908.0,621.0,1938.0,648.0,303,0,0,1,Pedestrian
8,1908.0,621.0,1938.0,648.0,304,0,0,1,Pedestrian
8,1908.0,621.0,1938.0,648.0,305,0,0,1,Pedestrian
8,1908.0,621.0,1938.0,648.0,306,0,0,1,Pedestrian
8,1908.0,621.0,1938.0,648.0,307,0,0,1,Pedestrian
8,1908.0,621.0,1938.0,648.0,308,0,0,1,Pedestrian
8,1908.0,621.0,1938.0,648.0,309,0,0,1,Pedestrian
8,1908.0,621.0,1938.0,648.0,310,0,0,1,Pedestrian
8,1908.0,621.0,1938.0,648.0,311,0,0,1,Pedestrian
8,1908.0,621.0,1938.0,648.0,312,0,0,1,Pedestrian
8,1908.0,621.0,1938.0,648.0,313,0,0,1,Pedestrian
8,1908.0,621.0,1938.0,648.0,314,0,0,1,Pedestrian
8,1908.0,621.0,1938.0,648.0,315,0,0,1,Pedestrian
8,1908.0,621.0,1938.0,648.0,316,0,0,1,Pedestrian
8,1908.0,621.0,1938.0,648.0,317,0,0,1,Pedestrian
8,1908.0,621.0,1938.0,648.0,318,0,0,1,Pedestrian
8,1908.0,621.0,1938.0,648.0,319,0,0,1,Pedestrian
8,1908.0,621.0,1938.0,648.0,320,0,0,1,Pedestrian
8,1908.0,621.0,1938.0,648.0,321,0,0,1,Pedestrian
8,1908.0,621.0,1938.0,648.0,322,0,0,1,Pedestrian
8,1908.0,621.0,1938.0,648.0,323,0,0,1,Pedestrian
8,1908.0,621.0,1938.0,648.0,324,0,0,1,Pedestrian
8,1908.0,621.0,1938.0,648.0,325,0,0,1,Pedestrian
8,1908.0,621.0,1938.0,648.0,326,0,0,1,Pedestrian
8,1908.0,621.0,1938.0,648.0,327,0,0,1,Pedestrian
8,1908.0,621.0,1938.0,648.0,328,0,0,1,Pedestrian
8,1908.0,621.0,1938.0,648.0,329,0,0,1,Pedestrian
8,1908.0,621.0,1938.0,648.0,330,0,0,1,Pedestrian
8,1908.0,621.0,1938.0,648.0,331,0,0,1,Pedestrian
8,1908.0,621.0,1938.0,648.0,332,0,0,1,Pedestrian
8,1908.0,621.0,1938.0,648.0,333,0,0,1,Pedestrian
8,1908.0,621.0,1938.0,648.0,334,0,0,1,Pedestrian
8,1908.0,621.0,1938.0,648.0,335,0,0,1,Pedestrian
8,1908.0,621.0,1938.0,648.0,336,0,0,1,Pedestrian
8,1908.0,621.0,1938.0,648.0,337,0,0,1,Pedestrian
8,1908.0,621.0,1938.0,648.0,338,0,0,1,Pedestrian
8,1908.0,621.0,1938.0,648.0,339,0,0,1,Pedestrian
8,1908.0,621.0,1938.0,648.0,340,0,0,1,Pedestrian
8,1908.0,621.0,1938.0,648.0,341,0,0,1,Pedestrian
8,1908.0,621.0,1938.0,648.0,342,0,0,1,Pedestrian
8,1908.0,621.0,1938.0,648.0,343,0,0,1,Pedestrian
8,1908.0,621.0,1938.0,648.0,344,0,0,1,Pedestrian
8,1908.0,621.0,1938.0,648.0,345,0,0,1,Pedestrian
8,1908.0,621.0,1938.0,648.0,346,0,0,1,Pedestrian
8,1908.0,621.0,1938.0,648.0,347,0,0,1,Pedestrian
8,1908.0,621.0,1938.0,648.0,348,0,0,1,Pedestrian
8,1908.0,621.0,1938.0,648.0,349,0,0,1,Pedestrian
8,1908.0,621.0,1938.0,648.0,350,0,0,1,Pedestrian
8,1908.0,621.0,1938.0,648.0,351,0,0,1,Pedestrian
8,1908.0,621.0,1938.0,648.0,352,0,0,1,Pedestrian
8,1908.0,621.0,1938.0,648.0,353,0,0,1,Pedestrian
8,1908.0,621.0,1938.0,648.0,354,0,0,1,Pedestrian
8,1908.0,621.0,1938.0,648.0,355,0,0,1,Pedestrian
8,1908.0,621.0,1938.0,648.0,356,0,0,1,Pedestrian
8,1908.0,621.0,1938.0,648.0,357,0,0,1,Pedestrian
8,1908.0,621.0,1938.0,648.0,358,0,0,1,Pedestrian
8,1908.0,621.0,1938.0,648.0,359,0,0,1,Pedestrian
8,1908.0,621.0,1938.0,648.0,360,0,0,1,Pedestrian
8,1908.0,621.0,1938.0,648.0,361,0,0,1,Pedestrian
8,1908.0,621.0,1938.0,648.0,362,0,0,1,Pedestrian
8,1908.0,621.0,1938.0,648.0,363,0,0,1,Pedestrian
8,1908.0,621.0,1938.0,648.0,364,0,0,1,Pedestrian
8,1908.0,621.0,1938.0,648.0,365,0,0,1,Pedestrian
8,1908.0,621.0,1938.0,648.0,366,0,0,1,Pedestrian
8,1908.0,621.0,1938.0,648.0,367,0,0,1,Pedestrian
8,1908.0,621.0,1938.0,648.0,368,0,0,1,Pedestrian
8,1908.0,621.0,1938.0,648.0,369,0,0,1,Pedestrian
8,1908.0,621.0,1938.0,648.0,370,0,0,1,Pedestrian
8,1908.0,621.0,1938.0,648.0,371,0,0,1,Pedestrian
8,1908.0,621.0,1938.0,648.0,372,0,0,1,Pedestrian
8,1908.0,621.0,1938.0,648.0,373,0,0,1,Pedestrian
8,1908.0,621.0,1938.0,648.0,374,0,0,1,Pedestrian
8,1908.0,621.0,1938.0,648.0,375,0,0,1,Pedestrian
8,1908.0,621.0,1938.0,648.0,376,0,0,1,Pedestrian
8,1908.0,621.0,1938.0,648.0,377,0,0,1,Pedestrian
8,1908.0,621.0,1938.0,648.0,378,0,0,1,Pedestrian
8,1908.0,621.0,1938.0,648.0,379,0,0,1,Pedestrian
8,1908.0,621.0,1938.0,648.0,380,0,0,1,Pedestrian
8,1908.0,621.0,1938.0,648.0,381,0,0,1,Pedestrian
8,1908.0,621.0,1938.0,648.0,382,0,0,1,Pedestrian
8,1908.0,621.0,1938.0,648.0,383,0,0,1,Pedestrian
8,1908.0,621.0,1938.0,648.0,384,0,0,1,Pedestrian
8,1908.0,621.0,1938.0,648.0,385,0,0,1,Pedestrian
8,1908.0,621.0,1938.0,648.0,386,0,0,1,Pedestrian
8,1908.0,621.0,1938.0,648.0,387,0,0,1,Pedestrian
8,1908.0,621.0,1938.0,648.0,388,0,0,1,Pedestrian
8,1908.0,621.0,1938.0,648.0,389,0,0,1,Pedestrian
8,1908.0,621.0,1938.0,648.0,390,0,0,1,Pedestrian
8,1908.0,621.0,1938.0,648.0,391,0,0,1,Pedestrian
8,1908.0,621.0,1938.0,648.0,392,0,0,1,Pedestrian
8,1908.0,621.0,1938.0,648.0,393,0,0,1,Pedestrian
8,1908.0,621.0,1938.0,648.0,394,0,0,1,Pedestrian
8,1908.0,621.0,1938.0,648.0,395,0,0,1,Pedestrian
8,1908.0,621.0,1938.0,648.0,396,0,0,1,Pedestrian
8,1908.0,621.0,1938.0,648.0,397,0,0,1,Pedestrian
8,1908.0,621.0,1938.0,648.0,398,0,0,1,Pedestrian
8,1908.0,621.0,1938.0,648.0,399,0,0,1,Pedestrian
8,1908.0,621.0,1938.0,648.0,400,0,0,1,Pedestrian
8,1908.0,621.0,1938.0,648.0,401,0,0,1,Pedestrian
8,1908.0,621.0,1938.0,648.0,402,0,0,1,Pedestrian
8,1908.0,621.0,1938.0,648.0,403,0,0,1,Pedestrian
8,1908.0,621.0,1938.0,648.0,404,0,0,1,Pedestrian
8,1908.0,621.0,1938.0,648.0,405,0,0,1,Pedestrian
8,1908.0,621.0,1938.0,648.0,406,0,0,1,Pedestrian
8,1908.0,621.0,1938.0,648.0,407,0,0,1,Pedestrian
8,1908.0,621.0,1938.0,648.0,408,0,0,1,Pedestrian
8,1908.0,621.0,1938.0,648.0,409,0,0,1,Pedestrian
8,1908.0,621.0,1938.0,648.0,410,0,0,1,Pedestrian
8,1908.0,621.0,1938.0,648.0,411,0,0,1,Pedestrian
8,1908.0,621.0,1938.0,648.0,412,0,0,1,Pedestrian
8,1908.0,621.0,1938.0,648.0,413,0,0,1,Pedestrian
8,1908.0,621.0,1938.0,648.0,414,0,0,1,Pedestrian
8,1908.0,621.0,1938.0,648.0,415,0,0,1,Pedestrian
8,1908.0,621.0,1938.0,648.0,416,0,0,1,Pedestrian
8,1908.0,621.0,1938.0,648.0,417,0,0,1,Pedestrian
8,1908.0,621.0,1938.0,648.0,418,0,0,1,Pedestrian
8,1908.0,621.0,1938.0,648.0,419,0,0,1,Pedestrian
8,1908.0,621.0,1938.0,648.0,420,0,0,1,Pedestrian
8,1908.0,621.0,1938.0,648.0,421,0,0,1,Pedestrian
8,1908.0,621.0,1938.0,648.0,422,0,0,1,Pedestrian
8,1908.0,621.0,1938.0,648.0,423,0,0,1,Pedestrian
8,1908.0,621.0,1938.0,648.0,424,0,0,1,Pedestrian
8,1908.0,621.0,1938.0,648.0,425,0,0,1,Pedestrian
8,1908.0,621.0,1938.0,648.0,426,0,0,1,Pedestrian
8,1908.0,621.0,1938.0,648.0,427,0,0,1,Pedestrian
8,1908.0,621.0,1938.0,648.0,428,0,0,1,Pedestrian
8,1908.0,621.0,1938.0,648.0,429,0,0,1,Pedestrian
8,1908.0,621.0,1938.0,648.0,430,0,0,1,Pedestrian
8,1908.0,621.0,1938.0,648.0,431,0,0,1,Pedestrian
8,1908.0,621.0,1938.0,648.0,432,0,0,1,Pedestrian
8,1908.0,621.0,1938.0,648.0,433,0,0,1,Pedestrian
8,1908.0,621.0,1938.0,648.0,434,0,0,1,Pedestrian
8,1908.0,621.0,1938.0,648.0,435,0,0,1,Pedestrian
8,1908.0,621.0,1938.0,648.0,436,0,0,1,Pedestrian
8,1908.0,621.0,1938.0,648.0,437,0,0,1,Pedestrian
8,1908.0,621.0,1938.0,648.0,438,0,0,1,Pedestrian
8,1908.0,621.0,1938.0,648.0,439,0,0,1,Pedestrian
8,1908.0,621.0,1938.0,648.0,440,0,0,1,Pedestrian
8,1908.0,621.0,1938.0,648.0,441,0,0,1,Pedestrian
8,1908.0,621.0,1938.0,648.0,442,0,0,1,Pedestrian
8,1908.0,621.0,1938.0,648.0,443,0,0,1,Pedestrian
8,1908.0,621.0,1938.0,648.0,444,0,0,1,Pedestrian
8,1908.0,621.0,1938.0,648.0,445,0,0,1,Pedestrian
8,1908.0,621.0,1938.0,648.0,446,0,0,1,Pedestrian
8,1908.0,621.0,1938.0,648.0,447,0,0,1,Pedestrian
8,1908.0,621.0,1938.0,648.0,448,0,0,1,Pedestrian
8,1908.0,621.0,1938.0,648.0,449,0,0,1,Pedestrian
8,1908.0,621.0,1938.0,648.0,450,0,0,1,Pedestrian
8,1908.0,621.0,1938.0,648.0,451,0,0,1,Pedestrian
8,1908.0,621.0,1938.0,648.0,452,0,0,1,Pedestrian
8,1908.0,621.0,1938.0,648.0,453,0,0,1,Pedestrian
8,1908.0,621.0,1938.0,648.0,454,0,0,1,Pedestrian
8,1908.0,621.0,1938.0,648.0,455,0,0,1,Pedestrian
8,1908.0,621.0,1938.0,648.0,456,0,0,1,Pedestrian
8,1908.0,621.0,1938.0,648.0,457,0,0,1,Pedestrian
8,1908.0,621.0,1938.0,648.0,458,0,0,1,Pedestrian
8,1908.0,621.0,1938.0,648.0,459,0,0,1,Pedestrian
8,1908.0,621.0,1938.0,648.0,460,0,0,1,Pedestrian
8,1908.0,621.0,1938.0,648.0,461,0,0,1,Pedestrian
8,1908.0,621.0,1938.0,648.0,462,0,0,1,Pedestrian
8,1908.0,621.0,1938.0,648.0,463,0,0,1,Pedestrian
8,1908.0,621.0,1938.0,648.0,464,0,0,1,Pedestrian
8,1908.0,621.0,1938.0,648.0,465,0,0,1,Pedestrian
8,1908.0,621.0,1938.0,648.0,466,0,0,1,Pedestrian
8,1908.0,621.0,1938.0,648.0,467,0,0,1,Pedestrian
8,1908.0,621.0,1938.0,648.0,468,0,0,1,Pedestrian
8,1908.0,621.0,1938.0,648.0,469,0,0,1,Pedestrian
8,1908.0,621.0,1938.0,648.0,470,0,0,1,Pedestrian
8,1908.0,621.0,1938.0,648.0,471,0,0,1,Pedestrian
8,1908.0,621.0,1938.0,648.0,472,0,0,1,Pedestrian
8,1908.0,621.0,1938.0,648.0,473,0,0,1,Pedestrian
8,1908.0,621.0,1938.0,648.0,474,0,0,1,Pedestrian
8,1908.0,621.0,1938.0,648.0,475,0,0,1,Pedestrian
8,1908.0,621.0,1938.0,648.0,476,0,0,1,Pedestrian
8,1908.0,621.0,1938.0,648.0,477,0,0,1,Pedestrian
8,1908.0,621.0,1938.0,648.0,478,0,0,1,Pedestrian
8,1908.0,621.0,1938.0,648.0,479,0,0,1,Pedestrian
8,1908.0,621.0,1938.0,648.0,480,0,0,1,Pedestrian
8,1908.0,621.0,1938.0,648.0,481,0,0,1,Pedestrian
8,1908.0,621.0,1938.0,648.0,482,0,0,1,Pedestrian
8,1908.0,621.0,1938.0,648.0,483,0,0,1,Pedestrian
8,1908.0,621.0,1938.0,648.0,484,0,0,1,Pedestrian
8,1908.0,621.0,1938.0,648.0,485,0,0,1,Pedestrian
8,1908.0,621.0,1938.0,648.0,486,0,0,1,Pedestrian
8,1908.0,621.0,1938.0,648.0,487,0,0,1,Pedestrian
8,1908.0,621.0,1938.0,648.0,488,0,0,1,Pedestrian
8,1908.0,621.0,1938.0,648.0,489,0,0,1,Pedestrian
8,1908.0,621.0,1938.0,648.0,490,0,0,1,Pedestrian
8,1908.0,621.0,1938.0,648.0,491,0,0,1,Pedestrian
8,1908.0,621.0,1938.0,648.0,492,0,0,1,Pedestrian
8,1908.0,621.0,1938.0,648.0,493,0,0,1,Pedestrian
8,1908.0,621.0,1938.0,648.0,494,0,0,1,Pedestrian
8,1908.0,621.0,1938.0,648.0,495,0,0,1,Pedestrian
8,1908.0,621.0,1938.0,648.0,496,0,0,1,Pedestrian
8,1908.0,621.0,1938.0,648.0,497,0,0,1,Pedestrian
8,1908.0,621.0,1938.0,648.0,498,0,0,1,Pedestrian
8,1908.0,621.0,1938.0,648.0,499,0,0,1,Pedestrian
8,1908.0,621.0,1938.0,648.0,500,0,0,1,Pedestrian
8,1908.0,621.0,1938.0,648.0,501,0,0,1,Pedestrian
8,1908.0,621.0,1938.0,648.0,502,0,0,1,Pedestrian
8,1908.0,621.0,1938.0,648.0,503,0,0,1,Pedestrian
8,1908.0,621.0,1938.0,648.0,504,0,0,1,Pedestrian
8,1908.0,621.0,1938.0,648.0,505,0,0,1,Pedestrian
8,1908.0,621.0,1938.0,648.0,506,0,0,1,Pedestrian
8,1908.0,621.0,1938.0,648.0,507,0,0,1,Pedestrian
8,1908.0,621.0,1938.0,648.0,508,0,0,0,Pedestrian
9,1878.0,675.0,1908.0,695.0,0,0,0,0,Pedestrian
9,1878.0,673.0,1908.0,693.0,1,0,0,1,Pedestrian
9,1878.0,673.0,1908.0,693.0,2,0,0,1,Pedestrian
9,1878.0,673.0,1908.0,693.0,3,0,0,1,Pedestrian
9,1878.0,673.0,1908.0,693.0,4,0,0,1,Pedestrian
9,1878.0,673.0,1908.0,693.0,5,0,0,1,Pedestrian
9,1878.0,673.0,1908.0,693.0,6,0,0,1,Pedestrian
9,1878.0,673.0,1908.0,693.0,7,0,0,1,Pedestrian
9,1878.0,673.0,1908.0,693.0,8,0,0,1,Pedestrian
9,1878.0,673.0,1908.0,693.0,9,0,0,1,Pedestrian
9,1878.0,673.0,1908.0,693.0,10,0,0,1,Pedestrian
9,1878.0,673.0,1908.0,693.0,11,0,0,1,Pedestrian
9,1878.0,673.0,1908.0,693.0,12,0,0,1,Pedestrian
9,1878.0,673.0,1908.0,693.0,13,0,0,1,Pedestrian
9,1878.0,673.0,1908.0,693.0,14,0,0,1,Pedestrian
9,1878.0,673.0,1908.0,693.0,15,0,0,1,Pedestrian
9,1878.0,673.0,1908.0,693.0,16,0,0,1,Pedestrian
9,1878.0,673.0,1908.0,693.0,17,0,0,1,Pedestrian
9,1878.0,673.0,1908.0,693.0,18,0,0,1,Pedestrian
9,1878.0,673.0,1908.0,693.0,19,0,0,1,Pedestrian
9,1878.0,673.0,1908.0,693.0,20,0,0,1,Pedestrian
9,1878.0,673.0,1908.0,693.0,21,0,0,1,Pedestrian
9,1878.0,673.0,1908.0,693.0,22,0,0,1,Pedestrian
9,1878.0,673.0,1908.0,693.0,23,0,0,1,Pedestrian
9,1878.0,673.0,1908.0,693.0,24,0,0,1,Pedestrian
9,1878.0,673.0,1908.0,693.0,25,0,0,1,Pedestrian
9,1878.0,673.0,1908.0,693.0,26,0,0,1,Pedestrian
9,1878.0,673.0,1908.0,693.0,27,0,0,1,Pedestrian
9,1878.0,673.0,1908.0,693.0,28,0,0,1,Pedestrian
9,1878.0,670.0,1908.0,691.0,29,0,0,1,Pedestrian
9,1878.0,670.0,1908.0,691.0,30,0,0,1,Pedestrian
9,1878.0,670.0,1908.0,691.0,31,0,0,1,Pedestrian
9,1878.0,670.0,1908.0,691.0,32,0,0,1,Pedestrian
9,1878.0,670.0,1908.0,691.0,33,0,0,1,Pedestrian
9,1878.0,670.0,1908.0,691.0,34,0,0,1,Pedestrian
9,1878.0,670.0,1908.0,691.0,35,0,0,1,Pedestrian
9,1878.0,670.0,1908.0,691.0,36,0,0,1,Pedestrian
9,1878.0,670.0,1908.0,691.0,37,0,0,1,Pedestrian
9,1878.0,670.0,1908.0,691.0,38,0,0,1,Pedestrian
9,1878.0,670.0,1908.0,691.0,39,0,0,1,Pedestrian
9,1878.0,670.0,1908.0,691.0,40,0,0,1,Pedestrian
9,1878.0,670.0,1908.0,691.0,41,0,0,1,Pedestrian
9,1878.0,670.0,1908.0,691.0,42,0,0,1,Pedestrian
9,1881.0,670.0,1911.0,691.0,43,0,0,1,Pedestrian
9,1881.0,670.0,1911.0,691.0,44,0,0,1,Pedestrian
9,1881.0,670.0,1911.0,691.0,45,0,0,1,Pedestrian
9,1881.0,670.0,1911.0,691.0,46,0,0,1,Pedestrian
9,1881.0,670.0,1911.0,691.0,47,0,0,1,Pedestrian
9,1881.0,670.0,1911.0,691.0,48,0,0,1,Pedestrian
9,1881.0,670.0,1911.0,691.0,49,0,0,1,Pedestrian
9,1881.0,670.0,1911.0,691.0,50,0,0,1,Pedestrian
9,1881.0,670.0,1911.0,691.0,51,0,0,1,Pedestrian
9,1881.0,670.0,1911.0,691.0,52,0,0,1,Pedestrian
9,1881.0,670.0,1911.0,691.0,53,0,0,1,Pedestrian
9,1881.0,670.0,1911.0,691.0,54,0,0,1,Pedestrian
9,1881.0,670.0,1911.0,691.0,55,0,0,1,Pedestrian
9,1881.0,670.0,1911.0,691.0,56,0,0,1,Pedestrian
9,1881.0,668.0,1911.0,689.0,57,0,0,1,Pedestrian
9,1881.0,668.0,1911.0,689.0,58,0,0,1,Pedestrian
9,1881.0,668.0,1911.0,689.0,59,0,0,1,Pedestrian
9,1881.0,668.0,1911.0,689.0,60,0,0,1,Pedestrian
9,1881.0,668.0,1911.0,689.0,61,0,0,1,Pedestrian
9,1881.0,668.0,1911.0,689.0,62,0,0,1,Pedestrian
9,1881.0,668.0,1911.0,689.0,63,0,0,1,Pedestrian
9,1881.0,668.0,1911.0,689.0,64,0,0,1,Pedestrian
9,1881.0,668.0,1911.0,689.0,65,0,0,1,Pedestrian
9,1881.0,668.0,1911.0,689.0,66,0,0,1,Pedestrian
9,1881.0,668.0,1911.0,689.0,67,0,0,1,Pedestrian
9,1881.0,668.0,1911.0,689.0,68,0,0,1,Pedestrian
9,1881.0,668.0,1911.0,689.0,69,0,0,1,Pedestrian
9,1881.0,668.0,1911.0,689.0,70,0,0,1,Pedestrian
9,1881.0,668.0,1911.0,689.0,71,0,0,1,Pedestrian
9,1881.0,668.0,1911.0,689.0,72,0,0,1,Pedestrian
9,1881.0,668.0,1911.0,689.0,73,0,0,1,Pedestrian
9,1881.0,668.0,1911.0,689.0,74,0,0,1,Pedestrian
9,1881.0,668.0,1911.0,689.0,75,0,0,1,Pedestrian
9,1881.0,668.0,1911.0,689.0,76,0,0,1,Pedestrian
9,1881.0,668.0,1911.0,689.0,77,0,0,1,Pedestrian
9,1881.0,668.0,1911.0,689.0,78,0,0,1,Pedestrian
9,1881.0,668.0,1911.0,689.0,79,0,0,1,Pedestrian
9,1881.0,668.0,1911.0,689.0,80,0,0,1,Pedestrian
9,1881.0,668.0,1911.0,689.0,81,0,0,1,Pedestrian
9,1881.0,668.0,1911.0,689.0,82,0,0,1,Pedestrian
9,1881.0,668.0,1911.0,689.0,83,0,0,1,Pedestrian
9,1881.0,668.0,1911.0,689.0,84,0,0,1,Pedestrian
9,1883.0,668.0,1914.0,689.0,85,0,0,1,Pedestrian
9,1883.0,666.0,1914.0,686.0,86,0,0,1,Pedestrian
9,1883.0,666.0,1914.0,686.0,87,0,0,1,Pedestrian
9,1883.0,666.0,1914.0,686.0,88,0,0,1,Pedestrian
9,1883.0,666.0,1914.0,686.0,89,0,0,1,Pedestrian
9,1883.0,666.0,1914.0,686.0,90,0,0,1,Pedestrian
9,1883.0,666.0,1914.0,686.0,91,0,0,1,Pedestrian
9,1883.0,666.0,1914.0,686.0,92,0,0,1,Pedestrian
9,1883.0,666.0,1914.0,686.0,93,0,0,1,Pedestrian
9,1883.0,666.0,1914.0,686.0,94,0,0,1,Pedestrian
9,1883.0,666.0,1914.0,686.0,95,0,0,1,Pedestrian
9,1883.0,666.0,1914.0,686.0,96,0,0,1,Pedestrian
9,1883.0,666.0,1914.0,686.0,97,0,0,1,Pedestrian
9,1883.0,666.0,1914.0,686.0,98,0,0,1,Pedestrian
9,1883.0,666.0,1914.0,686.0,99,0,0,1,Pedestrian
9,1883.0,666.0,1914.0,686.0,100,0,0,1,Pedestrian
9,1883.0,666.0,1914.0,686.0,101,0,0,1,Pedestrian
9,1883.0,666.0,1914.0,686.0,102,0,0,1,Pedestrian
9,1883.0,666.0,1914.0,686.0,103,0,0,1,Pedestrian
9,1883.0,666.0,1914.0,686.0,104,0,0,1,Pedestrian
9,1883.0,666.0,1914.0,686.0,105,0,0,1,Pedestrian
9,1883.0,666.0,1914.0,686.0,106,0,0,1,Pedestrian
9,1883.0,666.0,1914.0,686.0,107,0,0,1,Pedestrian
9,1883.0,666.0,1914.0,686.0,108,0,0,1,Pedestrian
9,1883.0,666.0,1914.0,686.0,109,0,0,1,Pedestrian
9,1883.0,666.0,1914.0,686.0,110,0,0,1,Pedestrian
9,1883.0,666.0,1914.0,686.0,111,0,0,1,Pedestrian
9,1883.0,666.0,1914.0,686.0,112,0,0,1,Pedestrian
9,1883.0,666.0,1914.0,686.0,113,0,0,1,Pedestrian
9,1883.0,664.0,1914.0,684.0,114,0,0,1,Pedestrian
9,1883.0,664.0,1914.0,684.0,115,0,0,1,Pedestrian
9,1883.0,664.0,1914.0,684.0,116,0,0,1,Pedestrian
9,1883.0,664.0,1914.0,684.0,117,0,0,1,Pedestrian
9,1883.0,664.0,1914.0,684.0,118,0,0,1,Pedestrian
9,1883.0,664.0,1914.0,684.0,119,0,0,1,Pedestrian
9,1883.0,664.0,1914.0,684.0,120,0,0,1,Pedestrian
9,1883.0,664.0,1914.0,684.0,121,0,0,1,Pedestrian
9,1883.0,664.0,1914.0,684.0,122,0,0,1,Pedestrian
9,1883.0,664.0,1914.0,684.0,123,0,0,1,Pedestrian
9,1883.0,664.0,1914.0,684.0,124,0,0,1,Pedestrian
9,1883.0,664.0,1914.0,684.0,125,0,0,1,Pedestrian
9,1883.0,664.0,1914.0,684.0,126,0,0,1,Pedestrian
9,1883.0,664.0,1914.0,684.0,127,0,0,1,Pedestrian
9,1886.0,664.0,1916.0,684.0,128,0,0,1,Pedestrian
9,1886.0,664.0,1916.0,684.0,129,0,0,1,Pedestrian
9,1886.0,664.0,1916.0,684.0,130,0,0,1,Pedestrian
9,1886.0,664.0,1916.0,684.0,131,0,0,1,Pedestrian
9,1886.0,664.0,1916.0,684.0,132,0,0,1,Pedestrian
9,1886.0,664.0,1916.0,684.0,133,0,0,1,Pedestrian
9,1886.0,664.0,1916.0,684.0,134,0,0,1,Pedestrian
9,1886.0,664.0,1916.0,684.0,135,0,0,1,Pedestrian
9,1886.0,664.0,1916.0,684.0,136,0,0,1,Pedestrian
9,1886.0,664.0,1916.0,684.0,137,0,0,1,Pedestrian
9,1886.0,664.0,1916.0,684.0,138,0,0,1,Pedestrian
9,1886.0,664.0,1916.0,684.0,139,0,0,1,Pedestrian
9,1886.0,664.0,1916.0,684.0,140,0,0,1,Pedestrian
9,1886.0,664.0,1916.0,684.0,141,0,0,1,Pedestrian
9,1886.0,661.0,1916.0,682.0,142,0,0,1,Pedestrian
9,1886.0,661.0,1916.0,682.0,143,0,0,1,Pedestrian
9,1886.0,661.0,1916.0,682.0,144,0,0,1,Pedestrian
9,1886.0,661.0,1916.0,682.0,145,0,0,1,Pedestrian
9,1886.0,661.0,1916.0,682.0,146,0,0,1,Pedestrian
9,1886.0,661.0,1916.0,682.0,147,0,0,1,Pedestrian
9,1886.0,661.0,1916.0,682.0,148,0,0,1,Pedestrian
9,1886.0,661.0,1916.0,682.0,149,0,0,1,Pedestrian
9,1886.0,661.0,1916.0,682.0,150,0,0,1,Pedestrian
9,1886.0,661.0,1916.0,682.0,151,0,0,1,Pedestrian
9,1886.0,661.0,1916.0,682.0,152,0,0,1,Pedestrian
9,1886.0,661.0,1916.0,682.0,153,0,0,1,Pedestrian
9,1886.0,661.0,1916.0,682.0,154,0,0,1,Pedestrian
9,1886.0,661.0,1916.0,682.0,155,0,0,1,Pedestrian
9,1886.0,661.0,1916.0,682.0,156,0,0,1,Pedestrian
9,1886.0,661.0,1916.0,682.0,157,0,0,1,Pedestrian
9,1886.0,661.0,1916.0,682.0,158,0,0,1,Pedestrian
9,1886.0,661.0,1916.0,682.0,159,0,0,1,Pedestrian
9,1886.0,661.0,1916.0,682.0,160,0,0,1,Pedestrian
9,1886.0,661.0,1916.0,682.0,161,0,0,1,Pedestrian
9,1886.0,661.0,1916.0,682.0,162,0,0,1,Pedestrian
9,1886.0,661.0,1916.0,682.0,163,0,0,1,Pedestrian
9,1886.0,661.0,1916.0,682.0,164,0,0,1,Pedestrian
9,1886.0,661.0,1916.0,682.0,165,0,0,1,Pedestrian
9,1886.0,661.0,1916.0,682.0,166,0,0,1,Pedestrian
9,1886.0,661.0,1916.0,682.0,167,0,0,1,Pedestrian
9,1886.0,661.0,1916.0,682.0,168,0,0,1,Pedestrian
9,1886.0,661.0,1916.0,682.0,169,0,0,1,Pedestrian
9,1889.0,661.0,1919.0,682.0,170,0,0,0,Pedestrian
9,1889.0,661.0,1919.0,682.0,171,0,0,1,Pedestrian
9,1889.0,661.0,1919.0,682.0,172,0,0,1,Pedestrian
9,1889.0,661.0,1919.0,682.0,173,0,0,1,Pedestrian
9,1889.0,661.0,1919.0,682.0,174,0,0,1,Pedestrian
9,1889.0,661.0,1919.0,682.0,175,0,0,1,Pedestrian
9,1889.0,661.0,1919.0,682.0,176,0,0,1,Pedestrian
9,1889.0,661.0,1919.0,682.0,177,0,0,1,Pedestrian
9,1889.0,661.0,1919.0,682.0,178,0,0,1,Pedestrian
9,1889.0,661.0,1919.0,682.0,179,0,0,1,Pedestrian
9,1889.0,661.0,1919.0,682.0,180,0,0,1,Pedestrian
9,1889.0,661.0,1919.0,682.0,181,0,0,1,Pedestrian
9,1889.0,661.0,1919.0,682.0,182,0,0,1,Pedestrian
9,1889.0,661.0,1919.0,682.0,183,0,0,1,Pedestrian
9,1889.0,661.0,1919.0,682.0,184,0,0,1,Pedestrian
9,1889.0,661.0,1919.0,682.0,185,0,0,1,Pedestrian
9,1889.0,661.0,1919.0,682.0,186,0,0,1,Pedestrian
9,1889.0,661.0,1919.0,682.0,187,0,0,1,Pedestrian
9,1889.0,661.0,1919.0,682.0,188,0,0,1,Pedestrian
9,1889.0,661.0,1919.0,682.0,189,0,0,1,Pedestrian
9,1889.0,661.0,1919.0,682.0,190,0,0,1,Pedestrian
9,1889.0,661.0,1919.0,682.0,191,0,0,1,Pedestrian
9,1889.0,661.0,1919.0,682.0,192,0,0,1,Pedestrian
9,1889.0,661.0,1919.0,682.0,193,0,0,1,Pedestrian
9,1889.0,661.0,1919.0,682.0,194,0,0,1,Pedestrian
9,1889.0,661.0,1919.0,682.0,195,0,0,1,Pedestrian
9,1889.0,661.0,1919.0,682.0,196,0,0,1,Pedestrian
9,1889.0,661.0,1919.0,682.0,197,0,0,1,Pedestrian
9,1889.0,661.0,1919.0,682.0,198,0,0,1,Pedestrian
9,1889.0,661.0,1919.0,682.0,199,0,0,1,Pedestrian
9,1889.0,661.0,1919.0,682.0,200,0,0,1,Pedestrian
9,1889.0,661.0,1919.0,682.0,201,0,0,1,Pedestrian
9,1889.0,661.0,1919.0,682.0,202,0,0,1,Pedestrian
9,1889.0,661.0,1919.0,682.0,203,0,0,1,Pedestrian
9,1889.0,661.0,1919.0,682.0,204,0,0,1,Pedestrian
9,1889.0,661.0,1919.0,682.0,205,0,0,1,Pedestrian
9,1889.0,661.0,1919.0,682.0,206,0,0,1,Pedestrian
9,1889.0,661.0,1919.0,682.0,207,0,0,1,Pedestrian
9,1889.0,661.0,1919.0,682.0,208,0,0,1,Pedestrian
9,1889.0,661.0,1919.0,682.0,209,0,0,1,Pedestrian
9,1889.0,661.0,1919.0,682.0,210,0,0,1,Pedestrian
9,1889.0,661.0,1919.0,682.0,211,0,0,1,Pedestrian
9,1889.0,661.0,1919.0,682.0,212,0,0,1,Pedestrian
9,1889.0,661.0,1919.0,682.0,213,0,0,1,Pedestrian
9,1889.0,661.0,1919.0,682.0,214,0,0,1,Pedestrian
9,1889.0,661.0,1919.0,682.0,215,0,0,1,Pedestrian
9,1889.0,661.0,1919.0,682.0,216,0,0,1,Pedestrian
9,1889.0,661.0,1919.0,682.0,217,0,0,1,Pedestrian
9,1889.0,661.0,1919.0,682.0,218,0,0,1,Pedestrian
9,1889.0,661.0,1919.0,682.0,219,0,0,1,Pedestrian
9,1889.0,661.0,1919.0,682.0,220,0,0,1,Pedestrian
9,1889.0,661.0,1919.0,682.0,221,0,0,1,Pedestrian
9,1889.0,661.0,1919.0,682.0,222,0,0,1,Pedestrian
9,1889.0,661.0,1919.0,682.0,223,0,0,1,Pedestrian
9,1889.0,661.0,1919.0,682.0,224,0,0,1,Pedestrian
9,1889.0,661.0,1919.0,682.0,225,0,0,1,Pedestrian
9,1889.0,661.0,1919.0,682.0,226,0,0,1,Pedestrian
9,1889.0,661.0,1919.0,682.0,227,0,0,1,Pedestrian
9,1889.0,661.0,1919.0,682.0,228,0,0,1,Pedestrian
9,1889.0,661.0,1919.0,682.0,229,0,0,1,Pedestrian
9,1889.0,661.0,1919.0,682.0,230,0,0,1,Pedestrian
9,1889.0,661.0,1919.0,682.0,231,0,0,1,Pedestrian
9,1889.0,661.0,1919.0,682.0,232,0,0,1,Pedestrian
9,1889.0,661.0,1919.0,682.0,233,0,0,1,Pedestrian
9,1889.0,661.0,1919.0,682.0,234,0,0,1,Pedestrian
9,1889.0,661.0,1919.0,682.0,235,0,0,1,Pedestrian
9,1889.0,661.0,1919.0,682.0,236,0,0,1,Pedestrian
9,1889.0,661.0,1919.0,682.0,237,0,0,1,Pedestrian
9,1889.0,661.0,1919.0,682.0,238,0,0,1,Pedestrian
9,1889.0,661.0,1919.0,682.0,239,0,0,1,Pedestrian
9,1889.0,661.0,1919.0,682.0,240,0,0,1,Pedestrian
9,1889.0,661.0,1919.0,682.0,241,0,0,1,Pedestrian
9,1889.0,661.0,1919.0,682.0,242,0,0,1,Pedestrian
9,1889.0,661.0,1919.0,682.0,243,0,0,1,Pedestrian
9,1889.0,661.0,1919.0,682.0,244,0,0,1,Pedestrian
9,1889.0,661.0,1919.0,682.0,245,0,0,1,Pedestrian
9,1889.0,661.0,1919.0,682.0,246,0,0,1,Pedestrian
9,1889.0,661.0,1919.0,682.0,247,0,0,1,Pedestrian
9,1889.0,661.0,1919.0,682.0,248,0,0,1,Pedestrian
9,1889.0,661.0,1919.0,682.0,249,0,0,1,Pedestrian
9,1889.0,661.0,1919.0,682.0,250,0,0,1,Pedestrian
9,1889.0,661.0,1919.0,682.0,251,0,0,1,Pedestrian
9,1889.0,661.0,1919.0,682.0,252,0,0,1,Pedestrian
9,1889.0,661.0,1919.0,682.0,253,0,0,1,Pedestrian
9,1889.0,661.0,1919.0,682.0,254,0,0,1,Pedestrian
9,1889.0,661.0,1919.0,682.0,255,0,0,1,Pedestrian
9,1889.0,661.0,1919.0,682.0,256,0,0,1,Pedestrian
9,1889.0,661.0,1919.0,682.0,257,0,0,1,Pedestrian
9,1889.0,661.0,1919.0,682.0,258,0,0,1,Pedestrian
9,1889.0,661.0,1919.0,682.0,259,0,0,1,Pedestrian
9,1889.0,661.0,1919.0,682.0,260,0,0,1,Pedestrian
9,1889.0,661.0,1919.0,682.0,261,0,0,1,Pedestrian
9,1889.0,661.0,1919.0,682.0,262,0,0,1,Pedestrian
9,1889.0,661.0,1919.0,682.0,263,0,0,1,Pedestrian
9,1889.0,661.0,1919.0,682.0,264,0,0,1,Pedestrian
9,1889.0,661.0,1919.0,682.0,265,0,0,1,Pedestrian
9,1889.0,661.0,1919.0,682.0,266,0,0,1,Pedestrian
9,1889.0,661.0,1919.0,682.0,267,0,0,1,Pedestrian
9,1889.0,661.0,1919.0,682.0,268,0,0,1,Pedestrian
9,1889.0,661.0,1919.0,682.0,269,0,0,1,Pedestrian
9,1889.0,661.0,1919.0,682.0,270,0,0,1,Pedestrian
9,1889.0,661.0,1919.0,682.0,271,0,0,1,Pedestrian
9,1889.0,661.0,1919.0,682.0,272,0,0,1,Pedestrian
9,1889.0,661.0,1919.0,682.0,273,0,0,1,Pedestrian
9,1889.0,661.0,1919.0,682.0,274,0,0,1,Pedestrian
9,1889.0,661.0,1919.0,682.0,275,0,0,1,Pedestrian
9,1889.0,661.0,1919.0,682.0,276,0,0,1,Pedestrian
9,1889.0,661.0,1919.0,682.0,277,0,0,1,Pedestrian
9,1889.0,661.0,1919.0,682.0,278,0,0,1,Pedestrian
9,1889.0,661.0,1919.0,682.0,279,0,0,1,Pedestrian
9,1889.0,661.0,1919.0,682.0,280,0,0,1,Pedestrian
9,1889.0,661.0,1919.0,682.0,281,0,0,1,Pedestrian
9,1889.0,661.0,1919.0,682.0,282,0,0,1,Pedestrian
9,1889.0,661.0,1919.0,682.0,283,0,0,1,Pedestrian
9,1889.0,661.0,1919.0,682.0,284,0,0,1,Pedestrian
9,1889.0,661.0,1919.0,682.0,285,0,0,1,Pedestrian
9,1889.0,661.0,1919.0,682.0,286,0,0,1,Pedestrian
9,1889.0,661.0,1919.0,682.0,287,0,0,1,Pedestrian
9,1889.0,661.0,1919.0,682.0,288,0,0,1,Pedestrian
9,1889.0,661.0,1919.0,682.0,289,0,0,1,Pedestrian
9,1889.0,661.0,1919.0,682.0,290,0,0,1,Pedestrian
9,1889.0,661.0,1919.0,682.0,291,0,0,1,Pedestrian
9,1889.0,661.0,1919.0,682.0,292,0,0,1,Pedestrian
9,1889.0,661.0,1919.0,682.0,293,0,0,1,Pedestrian
9,1889.0,661.0,1919.0,682.0,294,0,0,1,Pedestrian
9,1889.0,661.0,1919.0,682.0,295,0,0,1,Pedestrian
9,1889.0,661.0,1919.0,682.0,296,0,0,1,Pedestrian
9,1889.0,661.0,1919.0,682.0,297,0,0,1,Pedestrian
9,1889.0,661.0,1919.0,682.0,298,0,0,1,Pedestrian
9,1889.0,661.0,1919.0,682.0,299,0,0,1,Pedestrian
9,1889.0,661.0,1919.0,682.0,300,0,0,1,Pedestrian
9,1889.0,661.0,1919.0,682.0,301,0,0,1,Pedestrian
9,1889.0,661.0,1919.0,682.0,302,0,0,1,Pedestrian
9,1889.0,661.0,1919.0,682.0,303,0,0,1,Pedestrian
9,1889.0,661.0,1919.0,682.0,304,0,0,1,Pedestrian
9,1889.0,661.0,1919.0,682.0,305,0,0,1,Pedestrian
9,1889.0,661.0,1919.0,682.0,306,0,0,1,Pedestrian
9,1889.0,661.0,1919.0,682.0,307,0,0,1,Pedestrian
9,1889.0,661.0,1919.0,682.0,308,0,0,1,Pedestrian
9,1889.0,661.0,1919.0,682.0,309,0,0,1,Pedestrian
9,1889.0,661.0,1919.0,682.0,310,0,0,1,Pedestrian
9,1889.0,661.0,1919.0,682.0,311,0,0,1,Pedestrian
9,1889.0,661.0,1919.0,682.0,312,0,0,1,Pedestrian
9,1889.0,661.0,1919.0,682.0,313,0,0,1,Pedestrian
9,1889.0,661.0,1919.0,682.0,314,0,0,1,Pedestrian
9,1889.0,661.0,1919.0,682.0,315,0,0,1,Pedestrian
9,1889.0,661.0,1919.0,682.0,316,0,0,1,Pedestrian
9,1889.0,661.0,1919.0,682.0,317,0,0,1,Pedestrian
9,1889.0,661.0,1919.0,682.0,318,0,0,1,Pedestrian
9,1889.0,661.0,1919.0,682.0,319,0,0,1,Pedestrian
9,1889.0,661.0,1919.0,682.0,320,0,0,1,Pedestrian
9,1889.0,661.0,1919.0,682.0,321,0,0,1,Pedestrian
9,1889.0,661.0,1919.0,682.0,322,0,0,1,Pedestrian
9,1889.0,661.0,1919.0,682.0,323,0,0,1,Pedestrian
9,1889.0,661.0,1919.0,682.0,324,0,0,1,Pedestrian
9,1889.0,661.0,1919.0,682.0,325,0,0,1,Pedestrian
9,1889.0,661.0,1919.0,682.0,326,0,0,1,Pedestrian
9,1889.0,661.0,1919.0,682.0,327,0,0,1,Pedestrian
9,1889.0,661.0,1919.0,682.0,328,0,0,1,Pedestrian
9,1889.0,661.0,1919.0,682.0,329,0,0,1,Pedestrian
9,1889.0,661.0,1919.0,682.0,330,0,0,1,Pedestrian
9,1889.0,661.0,1919.0,682.0,331,0,0,1,Pedestrian
9,1889.0,661.0,1919.0,682.0,332,0,0,1,Pedestrian
9,1889.0,661.0,1919.0,682.0,333,0,0,1,Pedestrian
9,1889.0,661.0,1919.0,682.0,334,0,0,1,Pedestrian
9,1889.0,661.0,1919.0,682.0,335,0,0,1,Pedestrian
9,1889.0,661.0,1919.0,682.0,336,0,0,1,Pedestrian
9,1889.0,661.0,1919.0,682.0,337,0,0,1,Pedestrian
9,1889.0,661.0,1919.0,682.0,338,0,0,1,Pedestrian
9,1889.0,661.0,1919.0,682.0,339,0,0,1,Pedestrian
9,1889.0,661.0,1919.0,682.0,340,0,0,1,Pedestrian
9,1889.0,661.0,1919.0,682.0,341,0,0,1,Pedestrian
9,1889.0,661.0,1919.0,682.0,342,0,0,1,Pedestrian
9,1889.0,661.0,1919.0,682.0,343,0,0,1,Pedestrian
9,1889.0,661.0,1919.0,682.0,344,0,0,1,Pedestrian
9,1889.0,661.0,1919.0,682.0,345,0,0,1,Pedestrian
9,1889.0,661.0,1919.0,682.0,346,0,0,1,Pedestrian
9,1889.0,661.0,1919.0,682.0,347,0,0,1,Pedestrian
9,1889.0,661.0,1919.0,682.0,348,0,0,1,Pedestrian
9,1889.0,661.0,1919.0,682.0,349,0,0,1,Pedestrian
9,1889.0,661.0,1919.0,682.0,350,0,0,1,Pedestrian
9,1889.0,661.0,1919.0,682.0,351,0,0,1,Pedestrian
9,1889.0,661.0,1919.0,682.0,352,0,0,1,Pedestrian
9,1889.0,661.0,1919.0,682.0,353,0,0,1,Pedestrian
9,1889.0,661.0,1919.0,682.0,354,0,0,1,Pedestrian
9,1889.0,661.0,1919.0,682.0,355,0,0,1,Pedestrian
9,1889.0,661.0,1919.0,682.0,356,0,0,1,Pedestrian
9,1889.0,661.0,1919.0,682.0,357,0,0,1,Pedestrian
9,1889.0,661.0,1919.0,682.0,358,0,0,1,Pedestrian
9,1889.0,661.0,1919.0,682.0,359,0,0,1,Pedestrian
9,1889.0,661.0,1919.0,682.0,360,0,0,1,Pedestrian
9,1889.0,661.0,1919.0,682.0,361,0,0,1,Pedestrian
9,1889.0,661.0,1919.0,682.0,362,0,0,1,Pedestrian
9,1889.0,661.0,1919.0,682.0,363,0,0,1,Pedestrian
9,1889.0,661.0,1919.0,682.0,364,0,0,1,Pedestrian
9,1889.0,661.0,1919.0,682.0,365,0,0,1,Pedestrian
9,1889.0,661.0,1919.0,682.0,366,0,0,1,Pedestrian
9,1889.0,661.0,1919.0,682.0,367,0,0,1,Pedestrian
9,1889.0,661.0,1919.0,682.0,368,0,0,1,Pedestrian
9,1889.0,661.0,1919.0,682.0,369,0,0,1,Pedestrian
9,1889.0,661.0,1919.0,682.0,370,0,0,1,Pedestrian
9,1889.0,661.0,1919.0,682.0,371,0,0,1,Pedestrian
9,1889.0,661.0,1919.0,682.0,372,0,0,1,Pedestrian
9,1889.0,661.0,1919.0,682.0,373,0,0,1,Pedestrian
9,1889.0,661.0,1919.0,682.0,374,0,0,1,Pedestrian
9,1889.0,661.0,1919.0,682.0,375,0,0,1,Pedestrian
9,1889.0,661.0,1919.0,682.0,376,0,0,1,Pedestrian
9,1889.0,661.0,1919.0,682.0,377,0,0,1,Pedestrian
9,1889.0,661.0,1919.0,682.0,378,0,0,1,Pedestrian
9,1889.0,661.0,1919.0,682.0,379,0,0,1,Pedestrian
9,1889.0,661.0,1919.0,682.0,380,0,0,1,Pedestrian
9,1889.0,661.0,1919.0,682.0,381,0,0,1,Pedestrian
9,1889.0,661.0,1919.0,682.0,382,0,0,1,Pedestrian
9,1889.0,661.0,1919.0,682.0,383,0,0,1,Pedestrian
9,1889.0,661.0,1919.0,682.0,384,0,0,1,Pedestrian
9,1889.0,661.0,1919.0,682.0,385,0,0,1,Pedestrian
9,1889.0,661.0,1919.0,682.0,386,0,0,1,Pedestrian
9,1889.0,661.0,1919.0,682.0,387,0,0,1,Pedestrian
9,1889.0,661.0,1919.0,682.0,388,0,0,1,Pedestrian
9,1889.0,661.0,1919.0,682.0,389,0,0,1,Pedestrian
9,1889.0,661.0,1919.0,682.0,390,0,0,1,Pedestrian
9,1889.0,661.0,1919.0,682.0,391,0,0,1,Pedestrian
9,1889.0,661.0,1919.0,682.0,392,0,0,1,Pedestrian
9,1889.0,661.0,1919.0,682.0,393,0,0,1,Pedestrian
9,1889.0,661.0,1919.0,682.0,394,0,0,1,Pedestrian
9,1889.0,661.0,1919.0,682.0,395,0,0,1,Pedestrian
9,1889.0,661.0,1919.0,682.0,396,0,0,1,Pedestrian
9,1889.0,661.0,1919.0,682.0,397,0,0,1,Pedestrian
9,1889.0,661.0,1919.0,682.0,398,0,0,1,Pedestrian
9,1889.0,661.0,1919.0,682.0,399,0,0,1,Pedestrian
9,1889.0,661.0,1919.0,682.0,400,0,0,1,Pedestrian
9,1889.0,661.0,1919.0,682.0,401,0,0,1,Pedestrian
9,1889.0,661.0,1919.0,682.0,402,0,0,1,Pedestrian
9,1889.0,661.0,1919.0,682.0,403,0,0,1,Pedestrian
9,1889.0,661.0,1919.0,682.0,404,0,0,1,Pedestrian
9,1889.0,661.0,1919.0,682.0,405,0,0,1,Pedestrian
9,1889.0,661.0,1919.0,682.0,406,0,0,1,Pedestrian
9,1889.0,661.0,1919.0,682.0,407,0,0,1,Pedestrian
9,1889.0,661.0,1919.0,682.0,408,0,0,1,Pedestrian
9,1889.0,661.0,1919.0,682.0,409,0,0,1,Pedestrian
9,1889.0,661.0,1919.0,682.0,410,0,0,1,Pedestrian
9,1889.0,661.0,1919.0,682.0,411,0,0,1,Pedestrian
9,1889.0,661.0,1919.0,682.0,412,0,0,1,Pedestrian
9,1889.0,661.0,1919.0,682.0,413,0,0,1,Pedestrian
9,1889.0,661.0,1919.0,682.0,414,0,0,1,Pedestrian
9,1889.0,661.0,1919.0,682.0,415,0,0,1,Pedestrian
9,1889.0,661.0,1919.0,682.0,416,0,0,1,Pedestrian
9,1889.0,661.0,1919.0,682.0,417,0,0,1,Pedestrian
9,1889.0,661.0,1919.0,682.0,418,0,0,1,Pedestrian
9,1889.0,661.0,1919.0,682.0,419,0,0,1,Pedestrian
9,1889.0,661.0,1919.0,682.0,420,0,0,1,Pedestrian
9,1889.0,661.0,1919.0,682.0,421,0,0,1,Pedestrian
9,1889.0,661.0,1919.0,682.0,422,0,0,1,Pedestrian
9,1889.0,661.0,1919.0,682.0,423,0,0,1,Pedestrian
9,1889.0,661.0,1919.0,682.0,424,0,0,1,Pedestrian
9,1889.0,661.0,1919.0,682.0,425,0,0,1,Pedestrian
9,1889.0,661.0,1919.0,682.0,426,0,0,1,Pedestrian
9,1889.0,661.0,1919.0,682.0,427,0,0,1,Pedestrian
9,1889.0,661.0,1919.0,682.0,428,0,0,1,Pedestrian
9,1889.0,661.0,1919.0,682.0,429,0,0,1,Pedestrian
9,1889.0,661.0,1919.0,682.0,430,0,0,1,Pedestrian
9,1889.0,661.0,1919.0,682.0,431,0,0,1,Pedestrian
9,1889.0,661.0,1919.0,682.0,432,0,0,1,Pedestrian
9,1889.0,661.0,1919.0,682.0,433,0,0,1,Pedestrian
9,1889.0,661.0,1919.0,682.0,434,0,0,1,Pedestrian
9,1889.0,661.0,1919.0,682.0,435,0,0,1,Pedestrian
9,1889.0,661.0,1919.0,682.0,436,0,0,1,Pedestrian
9,1889.0,661.0,1919.0,682.0,437,0,0,1,Pedestrian
9,1889.0,661.0,1919.0,682.0,438,0,0,1,Pedestrian
9,1889.0,661.0,1919.0,682.0,439,0,0,1,Pedestrian
9,1889.0,661.0,1919.0,682.0,440,0,0,1,Pedestrian
9,1889.0,661.0,1919.0,682.0,441,0,0,1,Pedestrian
9,1889.0,661.0,1919.0,682.0,442,0,0,1,Pedestrian
9,1889.0,661.0,1919.0,682.0,443,0,0,1,Pedestrian
9,1889.0,661.0,1919.0,682.0,444,0,0,1,Pedestrian
9,1889.0,661.0,1919.0,682.0,445,0,0,1,Pedestrian
9,1889.0,661.0,1919.0,682.0,446,0,0,1,Pedestrian
9,1889.0,661.0,1919.0,682.0,447,0,0,1,Pedestrian
9,1889.0,661.0,1919.0,682.0,448,0,0,1,Pedestrian
9,1889.0,661.0,1919.0,682.0,449,0,0,1,Pedestrian
9,1889.0,661.0,1919.0,682.0,450,0,0,1,Pedestrian
9,1889.0,661.0,1919.0,682.0,451,0,0,1,Pedestrian
9,1889.0,661.0,1919.0,682.0,452,0,0,1,Pedestrian
9,1889.0,661.0,1919.0,682.0,453,0,0,1,Pedestrian
9,1889.0,661.0,1919.0,682.0,454,0,0,1,Pedestrian
9,1889.0,661.0,1919.0,682.0,455,0,0,1,Pedestrian
9,1889.0,661.0,1919.0,682.0,456,0,0,1,Pedestrian
9,1889.0,661.0,1919.0,682.0,457,0,0,1,Pedestrian
9,1889.0,661.0,1919.0,682.0,458,0,0,1,Pedestrian
9,1889.0,661.0,1919.0,682.0,459,0,0,1,Pedestrian
9,1889.0,661.0,1919.0,682.0,460,0,0,1,Pedestrian
9,1889.0,661.0,1919.0,682.0,461,0,0,1,Pedestrian
9,1889.0,661.0,1919.0,682.0,462,0,0,1,Pedestrian
9,1889.0,661.0,1919.0,682.0,463,0,0,1,Pedestrian
9,1889.0,661.0,1919.0,682.0,464,0,0,1,Pedestrian
9,1889.0,661.0,1919.0,682.0,465,0,0,1,Pedestrian
9,1889.0,661.0,1919.0,682.0,466,0,0,1,Pedestrian
9,1889.0,661.0,1919.0,682.0,467,0,0,1,Pedestrian
9,1889.0,661.0,1919.0,682.0,468,0,0,1,Pedestrian
9,1889.0,661.0,1919.0,682.0,469,0,0,1,Pedestrian
9,1889.0,661.0,1919.0,682.0,470,0,0,1,Pedestrian
9,1889.0,661.0,1919.0,682.0,471,0,0,1,Pedestrian
9,1889.0,661.0,1919.0,682.0,472,0,0,1,Pedestrian
9,1889.0,661.0,1919.0,682.0,473,0,0,1,Pedestrian
9,1889.0,661.0,1919.0,682.0,474,0,0,1,Pedestrian
9,1889.0,661.0,1919.0,682.0,475,0,0,1,Pedestrian
9,1889.0,661.0,1919.0,682.0,476,0,0,1,Pedestrian
9,1889.0,661.0,1919.0,682.0,477,0,0,1,Pedestrian
9,1889.0,661.0,1919.0,682.0,478,0,0,1,Pedestrian
9,1889.0,661.0,1919.0,682.0,479,0,0,1,Pedestrian
9,1889.0,661.0,1919.0,682.0,480,0,0,1,Pedestrian
9,1889.0,661.0,1919.0,682.0,481,0,0,1,Pedestrian
9,1889.0,661.0,1919.0,682.0,482,0,0,1,Pedestrian
9,1889.0,661.0,1919.0,682.0,483,0,0,1,Pedestrian
9,1889.0,661.0,1919.0,682.0,484,0,0,1,Pedestrian
9,1889.0,661.0,1919.0,682.0,485,0,0,1,Pedestrian
9,1889.0,661.0,1919.0,682.0,486,0,0,1,Pedestrian
9,1889.0,661.0,1919.0,682.0,487,0,0,1,Pedestrian
9,1889.0,661.0,1919.0,682.0,488,0,0,1,Pedestrian
9,1889.0,661.0,1919.0,682.0,489,0,0,1,Pedestrian
9,1889.0,661.0,1919.0,682.0,490,0,0,1,Pedestrian
9,1889.0,661.0,1919.0,682.0,491,0,0,1,Pedestrian
9,1889.0,661.0,1919.0,682.0,492,0,0,1,Pedestrian
9,1889.0,661.0,1919.0,682.0,493,0,0,1,Pedestrian
9,1889.0,661.0,1919.0,682.0,494,0,0,1,Pedestrian
9,1889.0,661.0,1919.0,682.0,495,0,0,1,Pedestrian
9,1889.0,661.0,1919.0,682.0,496,0,0,1,Pedestrian
9,1889.0,661.0,1919.0,682.0,497,0,0,1,Pedestrian
9,1889.0,661.0,1919.0,682.0,498,0,0,1,Pedestrian
9,1889.0,661.0,1919.0,682.0,499,0,0,1,Pedestrian
9,1889.0,661.0,1919.0,682.0,500,0,0,1,Pedestrian
9,1889.0,661.0,1919.0,682.0,501,0,0,1,Pedestrian
9,1889.0,661.0,1919.0,682.0,502,0,0,1,Pedestrian
9,1889.0,661.0,1919.0,682.0,503,0,0,1,Pedestrian
9,1889.0,661.0,1919.0,682.0,504,0,0,1,Pedestrian
9,1889.0,661.0,1919.0,682.0,505,0,0,1,Pedestrian
9,1889.0,661.0,1919.0,682.0,506,0,0,1,Pedestrian
9,1889.0,661.0,1919.0,682.0,507,0,0,1,Pedestrian
9,1889.0,661.0,1919.0,682.0,508,0,0,0,Pedestrian
10,1861.0,657.0,1892.0,680.0,0,0,0,0,Pedestrian
10,1861.0,655.0,1892.0,677.0,1,0,0,1,Pedestrian
10,1861.0,655.0,1892.0,677.0,2,0,0,1,Pedestrian
10,1861.0,655.0,1892.0,677.0,3,0,0,1,Pedestrian
10,1861.0,655.0,1892.0,677.0,4,0,0,1,Pedestrian
10,1864.0,655.0,1894.0,677.0,5,0,0,1,Pedestrian
10,1864.0,655.0,1894.0,677.0,6,0,0,1,Pedestrian
10,1864.0,655.0,1894.0,677.0,7,0,0,1,Pedestrian
10,1864.0,652.0,1894.0,675.0,8,0,0,1,Pedestrian
10,1867.0,652.0,1897.0,675.0,9,0,0,1,Pedestrian
10,1867.0,652.0,1897.0,675.0,10,0,0,1,Pedestrian
10,1867.0,652.0,1897.0,675.0,11,0,0,1,Pedestrian
10,1867.0,652.0,1897.0,675.0,12,0,0,1,Pedestrian
10,1870.0,652.0,1900.0,675.0,13,0,0,1,Pedestrian
10,1870.0,652.0,1900.0,675.0,14,0,0,1,Pedestrian
10,1870.0,652.0,1900.0,675.0,15,0,0,1,Pedestrian
10,1870.0,650.0,1900.0,673.0,16,0,0,1,Pedestrian
10,1870.0,650.0,1900.0,673.0,17,0,0,1,Pedestrian
10,1872.0,650.0,1903.0,673.0,18,0,0,1,Pedestrian
10,1872.0,650.0,1903.0,673.0,19,0,0,1,Pedestrian
10,1872.0,650.0,1903.0,673.0,20,0,0,1,Pedestrian
10,1872.0,650.0,1903.0,673.0,21,0,0,1,Pedestrian
10,1875.0,650.0,1905.0,673.0,22,0,0,1,Pedestrian
10,1875.0,648.0,1905.0,670.0,23,0,0,1,Pedestrian
10,1875.0,648.0,1905.0,670.0,24,0,0,1,Pedestrian
10,1875.0,648.0,1905.0,670.0,25,0,0,1,Pedestrian
10,1878.0,648.0,1908.0,670.0,26,0,0,1,Pedestrian
10,1878.0,648.0,1908.0,670.0,27,0,0,1,Pedestrian
10,1878.0,648.0,1908.0,670.0,28,0,0,1,Pedestrian
10,1878.0,648.0,1908.0,670.0,29,0,0,1,Pedestrian
10,1881.0,648.0,1911.0,670.0,30,0,0,0,Pedestrian
10,1881.0,646.0,1911.0,668.0,31,0,0,1,Pedestrian
10,1881.0,646.0,1911.0,668.0,32,0,0,1,Pedestrian
10,1881.0,646.0,1911.0,668.0,33,0,0,1,Pedestrian
10,1881.0,646.0,1911.0,668.0,34,0,0,1,Pedestrian
10,1881.0,646.0,1911.0,668.0,35,0,0,1,Pedestrian
10,1881.0,646.0,1911.0,668.0,36,0,0,1,Pedestrian
10,1881.0,646.0,1911.0,668.0,37,0,0,1,Pedestrian
10,1881.0,646.0,1911.0,668.0,38,0,0,1,Pedestrian
10,1883.0,646.0,1914.0,668.0,39,0,0,1,Pedestrian
10,1883.0,646.0,1914.0,668.0,40,0,0,1,Pedestrian
10,1883.0,646.0,1914.0,668.0,41,0,0,1,Pedestrian
10,1883.0,646.0,1914.0,668.0,42,0,0,1,Pedestrian
10,1883.0,646.0,1914.0,668.0,43,0,0,1,Pedestrian
10,1883.0,646.0,1914.0,668.0,44,0,0,1,Pedestrian
10,1883.0,646.0,1914.0,668.0,45,0,0,1,Pedestrian
10,1883.0,646.0,1914.0,668.0,46,0,0,1,Pedestrian
10,1883.0,646.0,1914.0,668.0,47,0,0,1,Pedestrian
10,1886.0,646.0,1916.0,668.0,48,0,0,1,Pedestrian
10,1886.0,646.0,1916.0,668.0,49,0,0,1,Pedestrian
10,1886.0,646.0,1916.0,668.0,50,0,0,1,Pedestrian
10,1886.0,646.0,1916.0,668.0,51,0,0,1,Pedestrian
10,1886.0,646.0,1916.0,668.0,52,0,0,1,Pedestrian
10,1886.0,646.0,1916.0,668.0,53,0,0,1,Pedestrian
10,1886.0,646.0,1916.0,668.0,54,0,0,1,Pedestrian
10,1886.0,646.0,1916.0,668.0,55,0,0,1,Pedestrian
10,1886.0,646.0,1916.0,668.0,56,0,0,1,Pedestrian
10,1889.0,646.0,1919.0,668.0,57,0,0,1,Pedestrian
10,1889.0,646.0,1919.0,668.0,58,0,0,1,Pedestrian
10,1889.0,646.0,1919.0,668.0,59,0,0,1,Pedestrian
10,1889.0,646.0,1919.0,668.0,60,0,0,1,Pedestrian
10,1889.0,646.0,1919.0,668.0,61,0,0,1,Pedestrian
10,1889.0,646.0,1919.0,668.0,62,0,0,1,Pedestrian
10,1889.0,646.0,1919.0,668.0,63,0,0,1,Pedestrian
10,1889.0,646.0,1919.0,668.0,64,0,0,1,Pedestrian
10,1892.0,646.0,1922.0,668.0,65,0,0,1,Pedestrian
10,1892.0,646.0,1922.0,668.0,66,0,0,1,Pedestrian
10,1892.0,646.0,1922.0,668.0,67,0,0,1,Pedestrian
10,1892.0,646.0,1922.0,668.0,68,0,0,1,Pedestrian
10,1892.0,646.0,1922.0,668.0,69,0,0,1,Pedestrian
10,1892.0,646.0,1922.0,668.0,70,0,0,1,Pedestrian
10,1892.0,646.0,1922.0,668.0,71,0,0,1,Pedestrian
10,1892.0,646.0,1922.0,668.0,72,0,0,1,Pedestrian
10,1892.0,646.0,1922.0,668.0,73,0,0,1,Pedestrian
10,1894.0,646.0,1925.0,668.0,74,0,0,1,Pedestrian
10,1894.0,646.0,1925.0,668.0,75,0,0,1,Pedestrian
10,1894.0,646.0,1925.0,668.0,76,0,0,1,Pedestrian
10,1894.0,646.0,1925.0,668.0,77,0,0,1,Pedestrian
10,1894.0,646.0,1925.0,668.0,78,0,0,1,Pedestrian
10,1894.0,646.0,1925.0,668.0,79,0,0,1,Pedestrian
10,1894.0,646.0,1925.0,668.0,80,0,0,1,Pedestrian
10,1894.0,646.0,1925.0,668.0,81,0,0,1,Pedestrian
10,1894.0,646.0,1925.0,668.0,82,0,0,1,Pedestrian
10,1897.0,646.0,1927.0,668.0,83,0,0,1,Pedestrian
10,1897.0,646.0,1927.0,668.0,84,0,0,1,Pedestrian
10,1897.0,646.0,1927.0,668.0,85,0,0,1,Pedestrian
10,1897.0,646.0,1927.0,668.0,86,0,0,1,Pedestrian
10,1897.0,646.0,1927.0,668.0,87,0,0,1,Pedestrian
10,1897.0,646.0,1927.0,668.0,88,0,0,1,Pedestrian
10,1897.0,646.0,1927.0,668.0,89,0,0,1,Pedestrian
10,1897.0,646.0,1927.0,668.0,90,0,0,1,Pedestrian
10,1897.0,646.0,1927.0,668.0,91,0,0,1,Pedestrian
10,1900.0,646.0,1930.0,668.0,92,0,0,1,Pedestrian
10,1900.0,646.0,1930.0,668.0,93,0,0,1,Pedestrian
10,1900.0,646.0,1930.0,668.0,94,0,0,1,Pedestrian
10,1900.0,646.0,1930.0,668.0,95,0,0,1,Pedestrian
10,1900.0,646.0,1930.0,668.0,96,0,0,1,Pedestrian
10,1900.0,646.0,1930.0,668.0,97,0,0,1,Pedestrian
10,1900.0,646.0,1930.0,668.0,98,0,0,1,Pedestrian
10,1900.0,646.0,1930.0,668.0,99,0,0,1,Pedestrian
10,1903.0,646.0,1933.0,668.0,100,0,0,0,Pedestrian
10,1903.0,646.0,1933.0,668.0,101,0,0,1,Pedestrian
10,1903.0,646.0,1933.0,668.0,102,0,0,1,Pedestrian
10,1903.0,646.0,1933.0,668.0,103,0,0,1,Pedestrian
10,1903.0,646.0,1933.0,668.0,104,0,0,1,Pedestrian
10,1903.0,646.0,1933.0,668.0,105,0,0,1,Pedestrian
10,1905.0,646.0,1936.0,668.0,106,0,0,1,Pedestrian
10,1905.0,646.0,1936.0,668.0,107,0,0,1,Pedestrian
10,1905.0,646.0,1936.0,668.0,108,0,0,1,Pedestrian
10,1905.0,646.0,1936.0,668.0,109,0,0,1,Pedestrian
10,1905.0,648.0,1936.0,670.0,110,0,0,1,Pedestrian
10,1905.0,648.0,1936.0,670.0,111,0,0,1,Pedestrian
10,1908.0,648.0,1938.0,670.0,112,0,0,1,Pedestrian
10,1908.0,648.0,1938.0,670.0,113,0,0,1,Pedestrian
10,1908.0,648.0,1938.0,670.0,114,0,0,1,Pedestrian
10,1908.0,648.0,1938.0,670.0,115,0,0,1,Pedestrian
10,1908.0,648.0,1938.0,670.0,116,0,0,1,Pedestrian
10,1908.0,648.0,1938.0,670.0,117,0,0,1,Pedestrian
10,1911.0,648.0,1941.0,670.0,118,0,0,1,Pedestrian
10,1911.0,648.0,1941.0,670.0,119,0,0,1,Pedestrian
10,1911.0,650.0,1941.0,673.0,120,0,0,1,Pedestrian
10,1911.0,650.0,1941.0,673.0,121,0,0,1,Pedestrian
10,1911.0,650.0,1941.0,673.0,122,0,0,1,Pedestrian
10,1911.0,650.0,1941.0,673.0,123,0,0,1,Pedestrian
10,1914.0,650.0,1944.0,673.0,124,0,0,1,Pedestrian
10,1914.0,650.0,1944.0,673.0,125,0,0,1,Pedestrian
10,1914.0,650.0,1944.0,673.0,126,0,0,1,Pedestrian
10,1914.0,650.0,1944.0,673.0,127,0,0,1,Pedestrian
10,1914.0,650.0,1944.0,673.0,128,0,0,1,Pedestrian
10,1914.0,650.0,1944.0,673.0,129,0,0,1,Pedestrian
10,1916.0,652.0,1947.0,675.0,130,0,0,1,Pedestrian
10,1916.0,652.0,1947.0,675.0,131,0,0,1,Pedestrian
10,1916.0,652.0,1947.0,675.0,132,0,0,1,Pedestrian
10,1916.0,652.0,1947.0,675.0,133,0,0,1,Pedestrian
10,1916.0,652.0,1947.0,675.0,134,0,0,1,Pedestrian
10,1919.0,652.0,1949.0,675.0,135,0,0,1,Pedestrian
10,1919.0,652.0,1949.0,675.0,136,0,0,1,Pedestrian
10,1919.0,652.0,1949.0,675.0,137,0,0,1,Pedestrian
10,1919.0,652.0,1949.0,675.0,138,0,0,1,Pedestrian
10,1919.0,652.0,1949.0,675.0,139,0,0,1,Pedestrian
10,1919.0,655.0,1949.0,677.0,140,0,0,1,Pedestrian
10,1922.0,655.0,1952.0,677.0,141,0,0,1,Pedestrian
10,1922.0,655.0,1952.0,677.0,142,0,0,1,Pedestrian
10,1922.0,655.0,1952.0,677.0,143,0,0,1,Pedestrian
10,1922.0,655.0,1952.0,677.0,144,0,0,1,Pedestrian
10,1922.0,655.0,1952.0,677.0,145,0,0,1,Pedestrian
10,1922.0,655.0,1952.0,677.0,146,0,0,1,Pedestrian
10,1925.0,655.0,1955.0,677.0,147,0,0,1,Pedestrian
10,1925.0,655.0,1955.0,677.0,148,0,0,1,Pedestrian
10,1925.0,655.0,1955.0,677.0,149,0,0,1,Pedestrian
10,1925.0,657.0,1955.0,680.0,150,0,0,1,Pedestrian
10,1925.0,657.0,1955.0,680.0,151,0,0,1,Pedestrian
10,1925.0,657.0,1955.0,680.0,152,0,0,1,Pedestrian
10,1927.0,657.0,1958.0,680.0,153,0,0,1,Pedestrian
10,1927.0,657.0,1958.0,680.0,154,0,0,1,Pedestrian
10,1927.0,657.0,1958.0,680.0,155,0,0,1,Pedestrian
10,1927.0,657.0,1958.0,680.0,156,0,0,1,Pedestrian
10,1927.0,657.0,1958.0,680.0,157,0,0,1,Pedestrian
10,1927.0,657.0,1958.0,680.0,158,0,0,1,Pedestrian
10,1930.0,657.0,1960.0,680.0,159,0,0,1,Pedestrian
10,1930.0,659.0,1960.0,682.0,160,0,0,1,Pedestrian
10,1930.0,659.0,1960.0,682.0,161,0,0,1,Pedestrian
10,1930.0,659.0,1960.0,682.0,162,0,0,1,Pedestrian
10,1930.0,659.0,1960.0,682.0,163,0,0,1,Pedestrian
10,1930.0,659.0,1960.0,682.0,164,0,0,1,Pedestrian
10,1933.0,659.0,1963.0,682.0,165,0,0,1,Pedestrian
10,1933.0,659.0,1963.0,682.0,166,0,0,1,Pedestrian
10,1933.0,659.0,1963.0,682.0,167,0,0,1,Pedestrian
10,1933.0,659.0,1963.0,682.0,168,0,0,1,Pedestrian
10,1933.0,659.0,1963.0,682.0,169,0,0,1,Pedestrian
10,1936.0,661.0,1966.0,684.0,170,0,0,0,Pedestrian
10,1933.0,659.0,1963.0,682.0,171,0,0,1,Pedestrian
10,1933.0,659.0,1963.0,682.0,172,0,0,1,Pedestrian
10,1933.0,659.0,1963.0,682.0,173,0,0,1,Pedestrian
10,1933.0,659.0,1963.0,682.0,174,0,0,1,Pedestrian
10,1933.0,659.0,1963.0,682.0,175,0,0,1,Pedestrian
10,1933.0,659.0,1963.0,682.0,176,0,0,1,Pedestrian
10,1933.0,659.0,1963.0,682.0,177,0,0,1,Pedestrian
10,1933.0,659.0,1963.0,682.0,178,0,0,1,Pedestrian
10,1933.0,659.0,1963.0,682.0,179,0,0,1,Pedestrian
10,1933.0,659.0,1963.0,682.0,180,0,0,1,Pedestrian
10,1933.0,659.0,1963.0,682.0,181,0,0,1,Pedestrian
10,1933.0,659.0,1963.0,682.0,182,0,0,1,Pedestrian
10,1933.0,659.0,1963.0,682.0,183,0,0,1,Pedestrian
10,1933.0,659.0,1963.0,682.0,184,0,0,1,Pedestrian
10,1933.0,659.0,1963.0,682.0,185,0,0,1,Pedestrian
10,1933.0,659.0,1963.0,682.0,186,0,0,1,Pedestrian
10,1930.0,659.0,1960.0,682.0,187,0,0,1,Pedestrian
10,1930.0,659.0,1960.0,682.0,188,0,0,1,Pedestrian
10,1930.0,659.0,1960.0,682.0,189,0,0,1,Pedestrian
10,1930.0,659.0,1960.0,682.0,190,0,0,1,Pedestrian
10,1930.0,659.0,1960.0,682.0,191,0,0,1,Pedestrian
10,1930.0,659.0,1960.0,682.0,192,0,0,1,Pedestrian
10,1930.0,659.0,1960.0,682.0,193,0,0,1,Pedestrian
10,1930.0,659.0,1960.0,682.0,194,0,0,1,Pedestrian
10,1930.0,659.0,1960.0,682.0,195,0,0,1,Pedestrian
10,1930.0,659.0,1960.0,682.0,196,0,0,1,Pedestrian
10,1930.0,659.0,1960.0,682.0,197,0,0,1,Pedestrian
10,1930.0,659.0,1960.0,682.0,198,0,0,1,Pedestrian
10,1930.0,659.0,1960.0,682.0,199,0,0,1,Pedestrian
10,1930.0,659.0,1960.0,682.0,200,0,0,1,Pedestrian
10,1930.0,659.0,1960.0,682.0,201,0,0,1,Pedestrian
10,1930.0,659.0,1960.0,682.0,202,0,0,1,Pedestrian
10,1930.0,659.0,1960.0,682.0,203,0,0,1,Pedestrian
10,1927.0,659.0,1958.0,682.0,204,0,0,1,Pedestrian
10,1927.0,659.0,1958.0,682.0,205,0,0,1,Pedestrian
10,1927.0,659.0,1958.0,682.0,206,0,0,1,Pedestrian
10,1927.0,659.0,1958.0,682.0,207,0,0,1,Pedestrian
10,1927.0,659.0,1958.0,682.0,208,0,0,1,Pedestrian
10,1927.0,659.0,1958.0,682.0,209,0,0,1,Pedestrian
10,1927.0,659.0,1958.0,682.0,210,0,0,1,Pedestrian
10,1927.0,659.0,1958.0,682.0,211,0,0,1,Pedestrian
10,1927.0,659.0,1958.0,682.0,212,0,0,1,Pedestrian
10,1927.0,659.0,1958.0,682.0,213,0,0,1,Pedestrian
10,1927.0,659.0,1958.0,682.0,214,0,0,1,Pedestrian
10,1927.0,659.0,1958.0,682.0,215,0,0,1,Pedestrian
10,1927.0,659.0,1958.0,682.0,216,0,0,1,Pedestrian
10,1927.0,659.0,1958.0,682.0,217,0,0,1,Pedestrian
10,1927.0,659.0,1958.0,682.0,218,0,0,1,Pedestrian
10,1927.0,659.0,1958.0,682.0,219,0,0,1,Pedestrian
10,1927.0,659.0,1958.0,682.0,220,0,0,1,Pedestrian
10,1925.0,659.0,1955.0,682.0,221,0,0,1,Pedestrian
10,1925.0,659.0,1955.0,682.0,222,0,0,1,Pedestrian
10,1925.0,659.0,1955.0,682.0,223,0,0,1,Pedestrian
10,1925.0,659.0,1955.0,682.0,224,0,0,1,Pedestrian
10,1925.0,659.0,1955.0,682.0,225,0,0,1,Pedestrian
10,1925.0,659.0,1955.0,682.0,226,0,0,1,Pedestrian
10,1925.0,657.0,1955.0,680.0,227,0,0,1,Pedestrian
10,1925.0,657.0,1955.0,680.0,228,0,0,1,Pedestrian
10,1925.0,657.0,1955.0,680.0,229,0,0,1,Pedestrian
10,1925.0,657.0,1955.0,680.0,230,0,0,1,Pedestrian
10,1925.0,657.0,1955.0,680.0,231,0,0,1,Pedestrian
10,1925.0,657.0,1955.0,680.0,232,0,0,1,Pedestrian
10,1925.0,657.0,1955.0,680.0,233,0,0,1,Pedestrian
10,1925.0,657.0,1955.0,680.0,234,0,0,1,Pedestrian
10,1925.0,657.0,1955.0,680.0,235,0,0,1,Pedestrian
10,1925.0,657.0,1955.0,680.0,236,0,0,1,Pedestrian
10,1925.0,657.0,1955.0,680.0,237,0,0,1,Pedestrian
10,1922.0,657.0,1952.0,680.0,238,0,0,1,Pedestrian
10,1922.0,657.0,1952.0,680.0,239,0,0,1,Pedestrian
10,1922.0,657.0,1952.0,680.0,240,0,0,1,Pedestrian
10,1922.0,657.0,1952.0,680.0,241,0,0,1,Pedestrian
10,1922.0,657.0,1952.0,680.0,242,0,0,1,Pedestrian
10,1922.0,657.0,1952.0,680.0,243,0,0,1,Pedestrian
10,1922.0,657.0,1952.0,680.0,244,0,0,1,Pedestrian
10,1922.0,657.0,1952.0,680.0,245,0,0,1,Pedestrian
10,1922.0,657.0,1952.0,680.0,246,0,0,1,Pedestrian
10,1922.0,657.0,1952.0,680.0,247,0,0,1,Pedestrian
10,1922.0,657.0,1952.0,680.0,248,0,0,1,Pedestrian
10,1922.0,657.0,1952.0,680.0,249,0,0,1,Pedestrian
10,1922.0,657.0,1952.0,680.0,250,0,0,1,Pedestrian
10,1922.0,657.0,1952.0,680.0,251,0,0,1,Pedestrian
10,1922.0,657.0,1952.0,680.0,252,0,0,1,Pedestrian
10,1922.0,657.0,1952.0,680.0,253,0,0,1,Pedestrian
10,1922.0,657.0,1952.0,680.0,254,0,0,1,Pedestrian
10,1919.0,657.0,1949.0,680.0,255,0,0,1,Pedestrian
10,1919.0,657.0,1949.0,680.0,256,0,0,1,Pedestrian
10,1919.0,657.0,1949.0,680.0,257,0,0,1,Pedestrian
10,1919.0,657.0,1949.0,680.0,258,0,0,1,Pedestrian
10,1919.0,657.0,1949.0,680.0,259,0,0,1,Pedestrian
10,1919.0,657.0,1949.0,680.0,260,0,0,1,Pedestrian
10,1919.0,657.0,1949.0,680.0,261,0,0,1,Pedestrian
10,1919.0,657.0,1949.0,680.0,262,0,0,1,Pedestrian
10,1919.0,657.0,1949.0,680.0,263,0,0,1,Pedestrian
10,1919.0,657.0,1949.0,680.0,264,0,0,1,Pedestrian
10,1919.0,657.0,1949.0,680.0,265,0,0,1,Pedestrian
10,1919.0,657.0,1949.0,680.0,266,0,0,1,Pedestrian
10,1919.0,657.0,1949.0,680.0,267,0,0,1,Pedestrian
10,1919.0,657.0,1949.0,680.0,268,0,0,1,Pedestrian
10,1919.0,657.0,1949.0,680.0,269,0,0,1,Pedestrian
10,1919.0,657.0,1949.0,680.0,270,0,0,1,Pedestrian
10,1919.0,657.0,1949.0,680.0,271,0,0,1,Pedestrian
10,1916.0,657.0,1947.0,680.0,272,0,0,1,Pedestrian
10,1916.0,657.0,1947.0,680.0,273,0,0,1,Pedestrian
10,1916.0,657.0,1947.0,680.0,274,0,0,1,Pedestrian
10,1916.0,657.0,1947.0,680.0,275,0,0,1,Pedestrian
10,1916.0,657.0,1947.0,680.0,276,0,0,1,Pedestrian
10,1916.0,657.0,1947.0,680.0,277,0,0,1,Pedestrian
10,1916.0,657.0,1947.0,680.0,278,0,0,1,Pedestrian
10,1916.0,657.0,1947.0,680.0,279,0,0,1,Pedestrian
10,1916.0,657.0,1947.0,680.0,280,0,0,1,Pedestrian
10,1916.0,657.0,1947.0,680.0,281,0,0,1,Pedestrian
10,1916.0,657.0,1947.0,680.0,282,0,0,1,Pedestrian
10,1916.0,655.0,1947.0,677.0,283,0,0,1,Pedestrian
10,1916.0,655.0,1947.0,677.0,284,0,0,1,Pedestrian
10,1916.0,655.0,1947.0,677.0,285,0,0,1,Pedestrian
10,1916.0,655.0,1947.0,677.0,286,0,0,1,Pedestrian
10,1916.0,655.0,1947.0,677.0,287,0,0,1,Pedestrian
10,1916.0,655.0,1947.0,677.0,288,0,0,1,Pedestrian
10,1914.0,655.0,1944.0,677.0,289,0,0,1,Pedestrian
10,1914.0,655.0,1944.0,677.0,290,0,0,1,Pedestrian
10,1914.0,655.0,1944.0,677.0,291,0,0,1,Pedestrian
10,1914.0,655.0,1944.0,677.0,292,0,0,1,Pedestrian
10,1914.0,655.0,1944.0,677.0,293,0,0,1,Pedestrian
10,1914.0,655.0,1944.0,677.0,294,0,0,1,Pedestrian
10,1914.0,655.0,1944.0,677.0,295,0,0,1,Pedestrian
10,1914.0,655.0,1944.0,677.0,296,0,0,1,Pedestrian
10,1914.0,655.0,1944.0,677.0,297,0,0,1,Pedestrian
10,1914.0,655.0,1944.0,677.0,298,0,0,1,Pedestrian
10,1914.0,655.0,1944.0,677.0,299,0,0,1,Pedestrian
10,1914.0,655.0,1944.0,677.0,300,0,0,1,Pedestrian
10,1914.0,655.0,1944.0,677.0,301,0,0,1,Pedestrian
10,1914.0,655.0,1944.0,677.0,302,0,0,1,Pedestrian
10,1914.0,655.0,1944.0,677.0,303,0,0,1,Pedestrian
10,1914.0,655.0,1944.0,677.0,304,0,0,1,Pedestrian
10,1914.0,655.0,1944.0,677.0,305,0,0,1,Pedestrian
10,1911.0,655.0,1941.0,677.0,306,0,0,1,Pedestrian
10,1911.0,655.0,1941.0,677.0,307,0,0,1,Pedestrian
10,1911.0,655.0,1941.0,677.0,308,0,0,1,Pedestrian
10,1911.0,655.0,1941.0,677.0,309,0,0,1,Pedestrian
10,1911.0,655.0,1941.0,677.0,310,0,0,1,Pedestrian
10,1911.0,655.0,1941.0,677.0,311,0,0,1,Pedestrian
10,1911.0,655.0,1941.0,677.0,312,0,0,1,Pedestrian
10,1911.0,655.0,1941.0,677.0,313,0,0,1,Pedestrian
10,1911.0,655.0,1941.0,677.0,314,0,0,1,Pedestrian
10,1911.0,655.0,1941.0,677.0,315,0,0,1,Pedestrian
10,1911.0,655.0,1941.0,677.0,316,0,0,1,Pedestrian
10,1911.0,655.0,1941.0,677.0,317,0,0,1,Pedestrian
10,1911.0,655.0,1941.0,677.0,318,0,0,1,Pedestrian
10,1911.0,655.0,1941.0,677.0,319,0,0,1,Pedestrian
10,1911.0,655.0,1941.0,677.0,320,0,0,1,Pedestrian
10,1911.0,655.0,1941.0,677.0,321,0,0,1,Pedestrian
10,1911.0,655.0,1941.0,677.0,322,0,0,1,Pedestrian
10,1908.0,655.0,1938.0,677.0,323,0,0,1,Pedestrian
10,1908.0,655.0,1938.0,677.0,324,0,0,1,Pedestrian
10,1908.0,655.0,1938.0,677.0,325,0,0,1,Pedestrian
10,1908.0,655.0,1938.0,677.0,326,0,0,1,Pedestrian
10,1908.0,655.0,1938.0,677.0,327,0,0,1,Pedestrian
10,1908.0,655.0,1938.0,677.0,328,0,0,1,Pedestrian
10,1908.0,655.0,1938.0,677.0,329,0,0,1,Pedestrian
10,1908.0,655.0,1938.0,677.0,330,0,0,1,Pedestrian
10,1908.0,655.0,1938.0,677.0,331,0,0,1,Pedestrian
10,1908.0,655.0,1938.0,677.0,332,0,0,1,Pedestrian
10,1908.0,655.0,1938.0,677.0,333,0,0,1,Pedestrian
10,1908.0,655.0,1938.0,677.0,334,0,0,1,Pedestrian
10,1908.0,655.0,1938.0,677.0,335,0,0,1,Pedestrian
10,1908.0,655.0,1938.0,677.0,336,0,0,1,Pedestrian
10,1908.0,655.0,1938.0,677.0,337,0,0,1,Pedestrian
10,1908.0,655.0,1938.0,677.0,338,0,0,1,Pedestrian
10,1908.0,655.0,1938.0,677.0,339,0,0,1,Pedestrian
10,1905.0,652.0,1936.0,675.0,340,0,0,1,Pedestrian
10,1905.0,652.0,1936.0,675.0,341,0,0,1,Pedestrian
10,1905.0,652.0,1936.0,675.0,342,0,0,1,Pedestrian
10,1905.0,652.0,1936.0,675.0,343,0,0,1,Pedestrian
10,1905.0,652.0,1936.0,675.0,344,0,0,1,Pedestrian
10,1905.0,652.0,1936.0,675.0,345,0,0,1,Pedestrian
10,1905.0,652.0,1936.0,675.0,346,0,0,1,Pedestrian
10,1905.0,652.0,1936.0,675.0,347,0,0,1,Pedestrian
10,1905.0,652.0,1936.0,675.0,348,0,0,1,Pedestrian
10,1905.0,652.0,1936.0,675.0,349,0,0,1,Pedestrian
10,1905.0,652.0,1936.0,675.0,350,0,0,1,Pedestrian
10,1905.0,652.0,1936.0,675.0,351,0,0,1,Pedestrian
10,1905.0,652.0,1936.0,675.0,352,0,0,1,Pedestrian
10,1905.0,652.0,1936.0,675.0,353,0,0,1,Pedestrian
10,1905.0,652.0,1936.0,675.0,354,0,0,1,Pedestrian
10,1905.0,652.0,1936.0,675.0,355,0,0,1,Pedestrian
10,1903.0,652.0,1933.0,675.0,356,0,0,1,Pedestrian
10,1903.0,652.0,1933.0,675.0,357,0,0,1,Pedestrian
10,1903.0,652.0,1933.0,675.0,358,0,0,1,Pedestrian
10,1903.0,652.0,1933.0,675.0,359,0,0,1,Pedestrian
10,1903.0,652.0,1933.0,675.0,360,0,0,1,Pedestrian
10,1903.0,652.0,1933.0,675.0,361,0,0,1,Pedestrian
10,1903.0,652.0,1933.0,675.0,362,0,0,1,Pedestrian
10,1903.0,652.0,1933.0,675.0,363,0,0,1,Pedestrian
10,1903.0,652.0,1933.0,675.0,364,0,0,1,Pedestrian
10,1903.0,652.0,1933.0,675.0,365,0,0,1,Pedestrian
10,1903.0,652.0,1933.0,675.0,366,0,0,1,Pedestrian
10,1903.0,652.0,1933.0,675.0,367,0,0,1,Pedestrian
10,1903.0,652.0,1933.0,675.0,368,0,0,1,Pedestrian
10,1903.0,652.0,1933.0,675.0,369,0,0,1,Pedestrian
10,1903.0,652.0,1933.0,675.0,370,0,0,1,Pedestrian
10,1903.0,652.0,1933.0,675.0,371,0,0,1,Pedestrian
10,1903.0,652.0,1933.0,675.0,372,0,0,1,Pedestrian
10,1900.0,652.0,1930.0,675.0,373,0,0,1,Pedestrian
10,1900.0,652.0,1930.0,675.0,374,0,0,1,Pedestrian
10,1900.0,652.0,1930.0,675.0,375,0,0,1,Pedestrian
10,1900.0,652.0,1930.0,675.0,376,0,0,1,Pedestrian
10,1900.0,652.0,1930.0,675.0,377,0,0,1,Pedestrian
10,1900.0,652.0,1930.0,675.0,378,0,0,1,Pedestrian
10,1900.0,652.0,1930.0,675.0,379,0,0,1,Pedestrian
10,1900.0,652.0,1930.0,675.0,380,0,0,1,Pedestrian
10,1900.0,652.0,1930.0,675.0,381,0,0,1,Pedestrian
10,1900.0,652.0,1930.0,675.0,382,0,0,1,Pedestrian
10,1900.0,652.0,1930.0,675.0,383,0,0,1,Pedestrian
10,1900.0,652.0,1930.0,675.0,384,0,0,1,Pedestrian
10,1900.0,652.0,1930.0,675.0,385,0,0,1,Pedestrian
10,1900.0,652.0,1930.0,675.0,386,0,0,1,Pedestrian
10,1900.0,652.0,1930.0,675.0,387,0,0,1,Pedestrian
10,1900.0,652.0,1930.0,675.0,388,0,0,1,Pedestrian
10,1900.0,652.0,1930.0,675.0,389,0,0,1,Pedestrian
10,1897.0,652.0,1927.0,675.0,390,0,0,1,Pedestrian
10,1897.0,652.0,1927.0,675.0,391,0,0,1,Pedestrian
10,1897.0,652.0,1927.0,675.0,392,0,0,1,Pedestrian
10,1897.0,652.0,1927.0,675.0,393,0,0,1,Pedestrian
10,1897.0,652.0,1927.0,675.0,394,0,0,1,Pedestrian
10,1897.0,652.0,1927.0,675.0,395,0,0,1,Pedestrian
10,1897.0,650.0,1927.0,673.0,396,0,0,1,Pedestrian
10,1897.0,650.0,1927.0,673.0,397,0,0,1,Pedestrian
10,1897.0,650.0,1927.0,673.0,398,0,0,1,Pedestrian
10,1897.0,650.0,1927.0,673.0,399,0,0,1,Pedestrian
10,1897.0,650.0,1927.0,673.0,400,0,0,1,Pedestrian
10,1897.0,650.0,1927.0,673.0,401,0,0,1,Pedestrian
10,1897.0,650.0,1927.0,673.0,402,0,0,1,Pedestrian
10,1897.0,650.0,1927.0,673.0,403,0,0,1,Pedestrian
10,1897.0,650.0,1927.0,673.0,404,0,0,1,Pedestrian
10,1897.0,650.0,1927.0,673.0,405,0,0,1,Pedestrian
10,1897.0,650.0,1927.0,673.0,406,0,0,1,Pedestrian
10,1894.0,650.0,1925.0,673.0,407,0,0,1,Pedestrian
10,1894.0,650.0,1925.0,673.0,408,0,0,1,Pedestrian
10,1894.0,650.0,1925.0,673.0,409,0,0,1,Pedestrian
10,1894.0,650.0,1925.0,673.0,410,0,0,1,Pedestrian
10,1894.0,650.0,1925.0,673.0,411,0,0,1,Pedestrian
10,1894.0,650.0,1925.0,673.0,412,0,0,1,Pedestrian
10,1894.0,650.0,1925.0,673.0,413,0,0,1,Pedestrian
10,1894.0,650.0,1925.0,673.0,414,0,0,1,Pedestrian
10,1894.0,650.0,1925.0,673.0,415,0,0,1,Pedestrian
10,1894.0,650.0,1925.0,673.0,416,0,0,1,Pedestrian
10,1894.0,650.0,1925.0,673.0,417,0,0,1,Pedestrian
10,1894.0,650.0,1925.0,673.0,418,0,0,1,Pedestrian
10,1894.0,650.0,1925.0,673.0,419,0,0,1,Pedestrian
10,1894.0,650.0,1925.0,673.0,420,0,0,1,Pedestrian
10,1894.0,650.0,1925.0,673.0,421,0,0,1,Pedestrian
10,1894.0,650.0,1925.0,673.0,422,0,0,1,Pedestrian
10,1894.0,650.0,1925.0,673.0,423,0,0,1,Pedestrian
10,1892.0,650.0,1922.0,673.0,424,0,0,1,Pedestrian
10,1892.0,650.0,1922.0,673.0,425,0,0,1,Pedestrian
10,1892.0,650.0,1922.0,673.0,426,0,0,1,Pedestrian
10,1892.0,650.0,1922.0,673.0,427,0,0,1,Pedestrian
10,1892.0,650.0,1922.0,673.0,428,0,0,1,Pedestrian
10,1892.0,650.0,1922.0,673.0,429,0,0,1,Pedestrian
10,1892.0,650.0,1922.0,673.0,430,0,0,1,Pedestrian
10,1892.0,650.0,1922.0,673.0,431,0,0,1,Pedestrian
10,1892.0,650.0,1922.0,673.0,432,0,0,1,Pedestrian
10,1892.0,650.0,1922.0,673.0,433,0,0,1,Pedestrian
10,1892.0,650.0,1922.0,673.0,434,0,0,1,Pedestrian
10,1892.0,650.0,1922.0,673.0,435,0,0,1,Pedestrian
10,1892.0,650.0,1922.0,673.0,436,0,0,1,Pedestrian
10,1892.0,650.0,1922.0,673.0,437,0,0,1,Pedestrian
10,1892.0,650.0,1922.0,673.0,438,0,0,1,Pedestrian
10,1892.0,650.0,1922.0,673.0,439,0,0,1,Pedestrian
10,1892.0,650.0,1922.0,673.0,440,0,0,1,Pedestrian
10,1889.0,650.0,1919.0,673.0,441,0,0,1,Pedestrian
10,1889.0,650.0,1919.0,673.0,442,0,0,1,Pedestrian
10,1889.0,650.0,1919.0,673.0,443,0,0,1,Pedestrian
10,1889.0,650.0,1919.0,673.0,444,0,0,1,Pedestrian
10,1889.0,650.0,1919.0,673.0,445,0,0,1,Pedestrian
10,1889.0,650.0,1919.0,673.0,446,0,0,1,Pedestrian
10,1889.0,650.0,1919.0,673.0,447,0,0,1,Pedestrian
10,1889.0,650.0,1919.0,673.0,448,0,0,1,Pedestrian
10,1889.0,650.0,1919.0,673.0,449,0,0,1,Pedestrian
10,1889.0,650.0,1919.0,673.0,450,0,0,1,Pedestrian
10,1889.0,650.0,1919.0,673.0,451,0,0,1,Pedestrian
10,1889.0,648.0,1919.0,670.0,452,0,0,1,Pedestrian
10,1889.0,648.0,1919.0,670.0,453,0,0,1,Pedestrian
10,1889.0,648.0,1919.0,670.0,454,0,0,1,Pedestrian
10,1889.0,648.0,1919.0,670.0,455,0,0,1,Pedestrian
10,1889.0,648.0,1919.0,670.0,456,0,0,1,Pedestrian
10,1889.0,648.0,1919.0,670.0,457,0,0,1,Pedestrian
10,1886.0,648.0,1916.0,670.0,458,0,0,1,Pedestrian
10,1886.0,648.0,1916.0,670.0,459,0,0,1,Pedestrian
10,1886.0,648.0,1916.0,670.0,460,0,0,1,Pedestrian
10,1886.0,648.0,1916.0,670.0,461,0,0,1,Pedestrian
10,1886.0,648.0,1916.0,670.0,462,0,0,1,Pedestrian
10,1886.0,648.0,1916.0,670.0,463,0,0,1,Pedestrian
10,1886.0,648.0,1916.0,670.0,464,0,0,1,Pedestrian
10,1886.0,648.0,1916.0,670.0,465,0,0,1,Pedestrian
10,1886.0,648.0,1916.0,670.0,466,0,0,1,Pedestrian
10,1886.0,648.0,1916.0,670.0,467,0,0,1,Pedestrian
10,1886.0,648.0,1916.0,670.0,468,0,0,1,Pedestrian
10,1886.0,648.0,1916.0,670.0,469,0,0,1,Pedestrian
10,1886.0,648.0,1916.0,670.0,470,0,0,1,Pedestrian
10,1886.0,648.0,1916.0,670.0,471,0,0,1,Pedestrian
10,1886.0,648.0,1916.0,670.0,472,0,0,1,Pedestrian
10,1886.0,648.0,1916.0,670.0,473,0,0,1,Pedestrian
10,1886.0,648.0,1916.0,670.0,474,0,0,1,Pedestrian
10,1883.0,648.0,1914.0,670.0,475,0,0,1,Pedestrian
10,1883.0,648.0,1914.0,670.0,476,0,0,1,Pedestrian
10,1883.0,648.0,1914.0,670.0,477,0,0,1,Pedestrian
10,1883.0,648.0,1914.0,670.0,478,0,0,1,Pedestrian
10,1883.0,648.0,1914.0,670.0,479,0,0,1,Pedestrian
10,1883.0,648.0,1914.0,670.0,480,0,0,1,Pedestrian
10,1883.0,648.0,1914.0,670.0,481,0,0,1,Pedestrian
10,1883.0,648.0,1914.0,670.0,482,0,0,1,Pedestrian
10,1883.0,648.0,1914.0,670.0,483,0,0,1,Pedestrian
10,1883.0,648.0,1914.0,670.0,484,0,0,1,Pedestrian
10,1883.0,648.0,1914.0,670.0,485,0,0,1,Pedestrian
10,1883.0,648.0,1914.0,670.0,486,0,0,1,Pedestrian
10,1883.0,648.0,1914.0,670.0,487,0,0,1,Pedestrian
10,1883.0,648.0,1914.0,670.0,488,0,0,1,Pedestrian
10,1883.0,648.0,1914.0,670.0,489,0,0,1,Pedestrian
10,1883.0,648.0,1914.0,670.0,490,0,0,1,Pedestrian
10,1883.0,648.0,1914.0,670.0,491,0,0,1,Pedestrian
10,1881.0,648.0,1911.0,670.0,492,0,0,1,Pedestrian
10,1881.0,648.0,1911.0,670.0,493,0,0,1,Pedestrian
10,1881.0,648.0,1911.0,670.0,494,0,0,1,Pedestrian
10,1881.0,648.0,1911.0,670.0,495,0,0,1,Pedestrian
10,1881.0,648.0,1911.0,670.0,496,0,0,1,Pedestrian
10,1881.0,648.0,1911.0,670.0,497,0,0,1,Pedestrian
10,1881.0,648.0,1911.0,670.0,498,0,0,1,Pedestrian
10,1881.0,648.0,1911.0,670.0,499,0,0,1,Pedestrian
10,1881.0,648.0,1911.0,670.0,500,0,0,1,Pedestrian
10,1881.0,648.0,1911.0,670.0,501,0,0,1,Pedestrian
10,1881.0,648.0,1911.0,670.0,502,0,0,1,Pedestrian
10,1881.0,648.0,1911.0,670.0,503,0,0,1,Pedestrian
10,1881.0,648.0,1911.0,670.0,504,0,0,1,Pedestrian
10,1881.0,648.0,1911.0,670.0,505,0,0,1,Pedestrian
10,1881.0,648.0,1911.0,670.0,506,0,0,1,Pedestrian
10,1881.0,648.0,1911.0,670.0,507,0,0,1,Pedestrian
10,1881.0,648.0,1911.0,670.0,508,0,0,0,Pedestrian
11,1770.0,743.0,1806.0,772.0,0,0,0,0,Pedestrian
11,1768.0,743.0,1803.0,772.0,1,0,0,1,Pedestrian
11,1768.0,743.0,1803.0,772.0,2,0,0,1,Pedestrian
11,1768.0,745.0,1803.0,775.0,3,0,0,1,Pedestrian
11,1768.0,745.0,1803.0,775.0,4,0,0,1,Pedestrian
11,1768.0,748.0,1803.0,777.0,5,0,0,1,Pedestrian
11,1768.0,748.0,1803.0,777.0,6,0,0,1,Pedestrian
11,1768.0,748.0,1803.0,777.0,7,0,0,1,Pedestrian
11,1765.0,750.0,1801.0,779.0,8,0,0,1,Pedestrian
11,1765.0,750.0,1801.0,779.0,9,0,0,1,Pedestrian
11,1765.0,752.0,1801.0,782.0,10,0,0,1,Pedestrian
11,1765.0,752.0,1801.0,782.0,11,0,0,1,Pedestrian
11,1765.0,754.0,1801.0,784.0,12,0,0,1,Pedestrian
11,1765.0,754.0,1801.0,784.0,13,0,0,1,Pedestrian
11,1765.0,754.0,1801.0,784.0,14,0,0,1,Pedestrian
11,1762.0,757.0,1798.0,786.0,15,0,0,1,Pedestrian
11,1762.0,757.0,1798.0,786.0,16,0,0,1,Pedestrian
11,1762.0,759.0,1798.0,788.0,17,0,0,1,Pedestrian
11,1762.0,759.0,1798.0,788.0,18,0,0,1,Pedestrian
11,1762.0,759.0,1798.0,788.0,19,0,0,1,Pedestrian
11,1762.0,761.0,1798.0,791.0,20,0,0,1,Pedestrian
11,1762.0,761.0,1798.0,791.0,21,0,0,1,Pedestrian
11,1759.0,763.0,1795.0,793.0,22,0,0,1,Pedestrian
11,1759.0,763.0,1795.0,793.0,23,0,0,1,Pedestrian
11,1759.0,766.0,1795.0,795.0,24,0,0,1,Pedestrian
11,1759.0,766.0,1795.0,795.0,25,0,0,1,Pedestrian
11,1759.0,766.0,1795.0,795.0,26,0,0,1,Pedestrian
11,1759.0,768.0,1795.0,797.0,27,0,0,1,Pedestrian
11,1759.0,768.0,1795.0,797.0,28,0,0,1,Pedestrian
11,1757.0,770.0,1792.0,800.0,29,0,0,1,Pedestrian
11,1757.0,770.0,1792.0,800.0,30,0,0,1,Pedestrian
11,1757.0,772.0,1792.0,802.0,31,0,0,1,Pedestrian
11,1757.0,772.0,1792.0,802.0,32,0,0,1,Pedestrian
11,1757.0,772.0,1792.0,802.0,33,0,0,1,Pedestrian
11,1757.0,775.0,1792.0,804.0,34,0,0,1,Pedestrian
11,1757.0,775.0,1792.0,804.0,35,0,0,1,Pedestrian
11,1754.0,777.0,1790.0,806.0,36,0,0,1,Pedestrian
11,1754.0,777.0,1790.0,806.0,37,0,0,1,Pedestrian
11,1754.0,777.0,1790.0,806.0,38,0,0,1,Pedestrian
11,1754.0,779.0,1790.0,809.0,39,0,0,1,Pedestrian
11,1754.0,779.0,1790.0,809.0,40,0,0,1,Pedestrian
11,1754.0,782.0,1790.0,811.0,41,0,0,1,Pedestrian
11,1754.0,782.0,1790.0,811.0,42,0,0,1,Pedestrian
11,1751.0,784.0,1787.0,813.0,43,0,0,1,Pedestrian
11,1751.0,784.0,1787.0,813.0,44,0,0,1,Pedestrian
11,1751.0,784.0,1787.0,813.0,45,0,0,1,Pedestrian
11,1751.0,786.0,1787.0,816.0,46,0,0,1,Pedestrian
11,1751.0,786.0,1787.0,816.0,47,0,0,1,Pedestrian
11,1751.0,788.0,1787.0,818.0,48,0,0,1,Pedestrian
11,1751.0,788.0,1787.0,818.0,49,0,0,1,Pedestrian
11,1751.0,791.0,1787.0,820.0,50,0,0,0,Pedestrian
11,1748.0,791.0,1784.0,820.0,51,0,0,1,Pedestrian
11,1748.0,791.0,1784.0,820.0,52,0,0,1,Pedestrian
11,1748.0,793.0,1784.0,822.0,53,0,0,1,Pedestrian
11,1748.0,793.0,1784.0,822.0,54,0,0,1,Pedestrian
11,1748.0,795.0,1784.0,825.0,55,0,0,1,Pedestrian
11,1748.0,795.0,1784.0,825.0,56,0,0,1,Pedestrian
11,1748.0,797.0,1784.0,827.0,57,0,0,1,Pedestrian
11,1748.0,797.0,1784.0,827.0,58,0,0,1,Pedestrian
11,1748.0,800.0,1784.0,829.0,59,0,0,1,Pedestrian
11,1748.0,800.0,1784.0,829.0,60,0,0,1,Pedestrian
11,1748.0,800.0,1784.0,829.0,61,0,0,1,Pedestrian
11,1748.0,802.0,1784.0,831.0,62,0,0,1,Pedestrian
11,1748.0,802.0,1784.0,831.0,63,0,0,1,Pedestrian
11,1748.0,804.0,1784.0,834.0,64,0,0,1,Pedestrian
11,1748.0,804.0,1784.0,834.0,65,0,0,1,Pedestrian
11,1748.0,806.0,1784.0,836.0,66,0,0,1,Pedestrian
11,1748.0,806.0,1784.0,836.0,67,0,0,1,Pedestrian
11,1748.0,809.0,1784.0,838.0,68,0,0,1,Pedestrian
11,1748.0,809.0,1784.0,838.0,69,0,0,1,Pedestrian
11,1748.0,811.0,1784.0,840.0,70,0,0,0,Pedestrian
11,1746.0,811.0,1781.0,840.0,71,0,0,1,Pedestrian
11,1746.0,811.0,1781.0,840.0,72,0,0,1,Pedestrian
11,1746.0,813.0,1781.0,843.0,73,0,0,1,Pedestrian
11,1746.0,813.0,1781.0,843.0,74,0,0,1,Pedestrian
11,1746.0,813.0,1781.0,843.0,75,0,0,1,Pedestrian
11,1746.0,816.0,1781.0,845.0,76,0,0,1,Pedestrian
11,1746.0,816.0,1781.0,845.0,77,0,0,1,Pedestrian
11,1746.0,818.0,1781.0,847.0,78,0,0,1,Pedestrian
11,1746.0,818.0,1781.0,847.0,79,0,0,1,Pedestrian
11,1746.0,818.0,1781.0,847.0,80,0,0,1,Pedestrian
11,1746.0,820.0,1781.0,850.0,81,0,0,1,Pedestrian
11,1746.0,820.0,1781.0,850.0,82,0,0,1,Pedestrian
11,1746.0,820.0,1781.0,850.0,83,0,0,1,Pedestrian
11,1746.0,822.0,1781.0,852.0,84,0,0,1,Pedestrian
11,1746.0,822.0,1781.0,852.0,85,0,0,1,Pedestrian
11,1746.0,825.0,1781.0,854.0,86,0,0,1,Pedestrian
11,1746.0,825.0,1781.0,854.0,87,0,0,1,Pedestrian
11,1746.0,825.0,1781.0,854.0,88,0,0,1,Pedestrian
11,1746.0,827.0,1781.0,856.0,89,0,0,1,Pedestrian
11,1746.0,827.0,1781.0,856.0,90,0,0,1,Pedestrian
11,1746.0,827.0,1781.0,856.0,91,0,0,1,Pedestrian
11,1746.0,829.0,1781.0,859.0,92,0,0,1,Pedestrian
11,1746.0,829.0,1781.0,859.0,93,0,0,1,Pedestrian
11,1746.0,831.0,1781.0,861.0,94,0,0,1,Pedestrian
11,1746.0,831.0,1781.0,861.0,95,0,0,1,Pedestrian
11,1746.0,831.0,1781.0,861.0,96,0,0,1,Pedestrian
11,1746.0,834.0,1781.0,863.0,97,0,0,1,Pedestrian
11,1746.0,834.0,1781.0,863.0,98,0,0,1,Pedestrian
11,1746.0,834.0,1781.0,863.0,99,0,0,1,Pedestrian
11,1746.0,836.0,1781.0,865.0,100,0,0,1,Pedestrian
11,1746.0,836.0,1781.0,865.0,101,0,0,1,Pedestrian
11,1746.0,838.0,1781.0,868.0,102,0,0,1,Pedestrian
11,1746.0,838.0,1781.0,868.0,103,0,0,1,Pedestrian
11,1746.0,838.0,1781.0,868.0,104,0,0,1,Pedestrian
11,1746.0,840.0,1781.0,870.0,105,0,0,1,Pedestrian
11,1746.0,840.0,1781.0,870.0,106,0,0,1,Pedestrian
11,1746.0,840.0,1781.0,870.0,107,0,0,1,Pedestrian
11,1746.0,843.0,1781.0,872.0,108,0,0,1,Pedestrian
11,1746.0,843.0,1781.0,872.0,109,0,0,1,Pedestrian
11,1746.0,845.0,1781.0,874.0,110,0,0,0,Pedestrian
11,1746.0,845.0,1781.0,874.0,111,0,0,1,Pedestrian
11,1746.0,845.0,1781.0,874.0,112,0,0,1,Pedestrian
11,1746.0,847.0,1781.0,877.0,113,0,0,1,Pedestrian
11,1746.0,847.0,1781.0,877.0,114,0,0,1,Pedestrian
11,1746.0,847.0,1781.0,877.0,115,0,0,1,Pedestrian
11,1746.0,850.0,1781.0,879.0,116,0,0,1,Pedestrian
11,1746.0,850.0,1781.0,879.0,117,0,0,1,Pedestrian
11,1746.0,850.0,1781.0,879.0,118,0,0,1,Pedestrian
11,1746.0,852.0,1781.0,881.0,119,0,0,1,Pedestrian
11,1748.0,852.0,1784.0,881.0,120,0,0,1,Pedestrian
11,1748.0,852.0,1784.0,881.0,121,0,0,1,Pedestrian
11,1748.0,854.0,1784.0,884.0,122,0,0,1,Pedestrian
11,1748.0,854.0,1784.0,884.0,123,0,0,1,Pedestrian
11,1748.0,854.0,1784.0,884.0,124,0,0,1,Pedestrian
11,1748.0,856.0,1784.0,886.0,125,0,0,1,Pedestrian
11,1748.0,856.0,1784.0,886.0,126,0,0,1,Pedestrian
11,1748.0,856.0,1784.0,886.0,127,0,0,1,Pedestrian
11,1748.0,859.0,1784.0,888.0,128,0,0,1,Pedestrian
11,1748.0,859.0,1784.0,888.0,129,0,0,1,Pedestrian
11,1751.0,859.0,1787.0,888.0,130,0,0,1,Pedestrian
11,1751.0,861.0,1787.0,890.0,131,0,0,1,Pedestrian
11,1751.0,861.0,1787.0,890.0,132,0,0,1,Pedestrian
11,1751.0,861.0,1787.0,890.0,133,0,0,1,Pedestrian
11,1751.0,863.0,1787.0,893.0,134,0,0,1,Pedestrian
11,1751.0,863.0,1787.0,893.0,135,0,0,1,Pedestrian
11,1751.0,863.0,1787.0,893.0,136,0,0,1,Pedestrian
11,1751.0,865.0,1787.0,895.0,137,0,0,1,Pedestrian
11,1751.0,865.0,1787.0,895.0,138,0,0,1,Pedestrian
11,1751.0,865.0,1787.0,895.0,139,0,0,1,Pedestrian
11,1754.0,868.0,1790.0,897.0,140,0,0,1,Pedestrian
11,1754.0,868.0,1790.0,897.0,141,0,0,1,Pedestrian
11,1754.0,868.0,1790.0,897.0,142,0,0,1,Pedestrian
11,1754.0,870.0,1790.0,899.0,143,0,0,1,Pedestrian
11,1754.0,870.0,1790.0,899.0,144,0,0,1,Pedestrian
11,1754.0,870.0,1790.0,899.0,145,0,0,1,Pedestrian
11,1754.0,872.0,1790.0,902.0,146,0,0,1,Pedestrian
11,1754.0,872.0,1790.0,902.0,147,0,0,1,Pedestrian
11,1754.0,872.0,1790.0,902.0,148,0,0,1,Pedestrian
11,1754.0,874.0,1790.0,904.0,149,0,0,1,Pedestrian
11,1757.0,874.0,1792.0,904.0,150,0,0,1,Pedestrian
11,1757.0,874.0,1792.0,904.0,151,0,0,1,Pedestrian
11,1757.0,877.0,1792.0,906.0,152,0,0,1,Pedestrian
11,1757.0,877.0,1792.0,906.0,153,0,0,1,Pedestrian
11,1757.0,877.0,1792.0,906.0,154,0,0,1,Pedestrian
11,1757.0,879.0,1792.0,908.0,155,0,0,1,Pedestrian
11,1757.0,879.0,1792.0,908.0,156,0,0,1,Pedestrian
11,1757.0,879.0,1792.0,908.0,157,0,0,1,Pedestrian
11,1757.0,881.0,1792.0,911.0,158,0,0,1,Pedestrian
11,1757.0,881.0,1792.0,911.0,159,0,0,1,Pedestrian
11,1759.0,884.0,1795.0,913.0,160,0,0,0,Pedestrian
11,1759.0,884.0,1795.0,913.0,161,0,0,1,Pedestrian
11,1759.0,884.0,1795.0,913.0,162,0,0,1,Pedestrian
11,1759.0,886.0,1795.0,915.0,163,0,0,1,Pedestrian
11,1759.0,886.0,1795.0,915.0,164,0,0,1,Pedestrian
11,1759.0,888.0,1795.0,918.0,165,0,0,1,Pedestrian
11,1759.0,888.0,1795.0,918.0,166,0,0,1,Pedestrian
11,1759.0,890.0,1795.0,920.0,167,0,0,1,Pedestrian
11,1759.0,890.0,1795.0,920.0,168,0,0,1,Pedestrian
11,1759.0,893.0,1795.0,922.0,169,0,0,1,Pedestrian
11,1759.0,893.0,1795.0,922.0,170,0,0,1,Pedestrian
11,1759.0,895.0,1795.0,924.0,171,0,0,1,Pedestrian
11,1759.0,895.0,1795.0,924.0,172,0,0,1,Pedestrian
11,1759.0,897.0,1795.0,927.0,173,0,0,1,Pedestrian
11,1759.0,897.0,1795.0,927.0,174,0,0,1,Pedestrian
11,1759.0,899.0,1795.0,929.0,175,0,0,1,Pedestrian
11,1759.0,899.0,1795.0,929.0,176,0,0,1,Pedestrian
11,1759.0,902.0,1795.0,931.0,177,0,0,1,Pedestrian
11,1759.0,902.0,1795.0,931.0,178,0,0,1,Pedestrian
11,1759.0,904.0,1795.0,933.0,179,0,0,1,Pedestrian
11,1759.0,904.0,1795.0,933.0,180,0,0,1,Pedestrian
11,1759.0,904.0,1795.0,933.0,181,0,0,1,Pedestrian
11,1759.0,906.0,1795.0,936.0,182,0,0,1,Pedestrian
11,1759.0,906.0,1795.0,936.0,183,0,0,1,Pedestrian
11,1759.0,908.0,1795.0,938.0,184,0,0,1,Pedestrian
11,1759.0,908.0,1795.0,938.0,185,0,0,1,Pedestrian
11,1759.0,911.0,1795.0,940.0,186,0,0,1,Pedestrian
11,1759.0,911.0,1795.0,940.0,187,0,0,1,Pedestrian
11,1759.0,913.0,1795.0,942.0,188,0,0,1,Pedestrian
11,1759.0,913.0,1795.0,942.0,189,0,0,1,Pedestrian
11,1759.0,915.0,1795.0,945.0,190,0,0,1,Pedestrian
11,1759.0,915.0,1795.0,945.0,191,0,0,1,Pedestrian
11,1759.0,918.0,1795.0,947.0,192,0,0,1,Pedestrian
11,1759.0,918.0,1795.0,947.0,193,0,0,1,Pedestrian
11,1759.0,920.0,1795.0,949.0,194,0,0,1,Pedestrian
11,1759.0,920.0,1795.0,949.0,195,0,0,1,Pedestrian
11,1759.0,922.0,1795.0,952.0,196,0,0,1,Pedestrian
11,1759.0,922.0,1795.0,952.0,197,0,0,1,Pedestrian
11,1759.0,924.0,1795.0,954.0,198,0,0,1,Pedestrian
11,1759.0,924.0,1795.0,954.0,199,0,0,1,Pedestrian
11,1759.0,927.0,1795.0,956.0,200,0,0,0,Pedestrian
11,1759.0,927.0,1795.0,956.0,201,0,0,1,Pedestrian
11,1759.0,927.0,1795.0,956.0,202,0,0,1,Pedestrian
11,1759.0,929.0,1795.0,958.0,203,0,0,1,Pedestrian
11,1759.0,929.0,1795.0,958.0,204,0,0,1,Pedestrian
11,1759.0,929.0,1795.0,958.0,205,0,0,1,Pedestrian
11,1759.0,931.0,1795.0,961.0,206,0,0,1,Pedestrian
11,1759.0,931.0,1795.0,961.0,207,0,0,1,Pedestrian
11,1759.0,933.0,1795.0,963.0,208,0,0,1,Pedestrian
11,1759.0,933.0,1795.0,963.0,209,0,0,1,Pedestrian
11,1759.0,933.0,1795.0,963.0,210,0,0,1,Pedestrian
11,1759.0,936.0,1795.0,965.0,211,0,0,1,Pedestrian
11,1759.0,936.0,1795.0,965.0,212,0,0,1,Pedestrian
11,1759.0,936.0,1795.0,965.0,213,0,0,1,Pedestrian
11,1759.0,938.0,1795.0,967.0,214,0,0,1,Pedestrian
11,1759.0,938.0,1795.0,967.0,215,0,0,1,Pedestrian
11,1759.0,940.0,1795.0,970.0,216,0,0,1,Pedestrian
11,1759.0,940.0,1795.0,970.0,217,0,0,1,Pedestrian
11,1759.0,940.0,1795.0,970.0,218,0,0,1,Pedestrian
11,1759.0,942.0,1795.0,972.0,219,0,0,1,Pedestrian
11,1759.0,942.0,1795.0,972.0,220,0,0,1,Pedestrian
11,1759.0,942.0,1795.0,972.0,221,0,0,1,Pedestrian
11,1759.0,945.0,1795.0,974.0,222,0,0,1,Pedestrian
11,1759.0,945.0,1795.0,974.0,223,0,0,1,Pedestrian
11,1759.0,947.0,1795.0,976.0,224,0,0,1,Pedestrian
11,1759.0,947.0,1795.0,976.0,225,0,0,1,Pedestrian
11,1759.0,947.0,1795.0,976.0,226,0,0,1,Pedestrian
11,1759.0,949.0,1795.0,979.0,227,0,0,1,Pedestrian
11,1759.0,949.0,1795.0,979.0,228,0,0,1,Pedestrian
11,1759.0,949.0,1795.0,979.0,229,0,0,1,Pedestrian
11,1759.0,952.0,1795.0,981.0,230,0,0,1,Pedestrian
11,1759.0,952.0,1795.0,981.0,231,0,0,1,Pedestrian
11,1759.0,954.0,1795.0,983.0,232,0,0,1,Pedestrian
11,1759.0,954.0,1795.0,983.0,233,0,0,1,Pedestrian
11,1759.0,954.0,1795.0,983.0,234,0,0,1,Pedestrian
11,1759.0,956.0,1795.0,986.0,235,0,0,1,Pedestrian
11,1759.0,956.0,1795.0,986.0,236,0,0,1,Pedestrian
11,1759.0,956.0,1795.0,986.0,237,0,0,1,Pedestrian
11,1759.0,958.0,1795.0,988.0,238,0,0,1,Pedestrian
11,1759.0,958.0,1795.0,988.0,239,0,0,1,Pedestrian
11,1759.0,961.0,1795.0,990.0,240,1,0,0,Pedestrian
11,1759.0,961.0,1795.0,990.0,241,1,0,1,Pedestrian
11,1759.0,961.0,1795.0,990.0,242,1,0,1,Pedestrian
11,1759.0,961.0,1795.0,990.0,243,1,0,1,Pedestrian
11,1759.0,961.0,1795.0,990.0,244,1,0,1,Pedestrian
11,1759.0,961.0,1795.0,990.0,245,1,0,1,Pedestrian
11,1759.0,961.0,1795.0,990.0,246,1,0,1,Pedestrian
11,1759.0,961.0,1795.0,990.0,247,1,0,1,Pedestrian
11,1759.0,961.0,1795.0,990.0,248,1,0,1,Pedestrian
11,1759.0,961.0,1795.0,990.0,249,1,0,1,Pedestrian
11,1759.0,961.0,1795.0,990.0,250,1,0,1,Pedestrian
11,1759.0,961.0,1795.0,990.0,251,1,0,1,Pedestrian
11,1759.0,961.0,1795.0,990.0,252,1,0,1,Pedestrian
11,1759.0,961.0,1795.0,990.0,253,1,0,1,Pedestrian
11,1759.0,961.0,1795.0,990.0,254,1,0,1,Pedestrian
11,1759.0,961.0,1795.0,990.0,255,1,0,1,Pedestrian
11,1759.0,961.0,1795.0,990.0,256,1,0,1,Pedestrian
11,1759.0,961.0,1795.0,990.0,257,1,0,1,Pedestrian
11,1759.0,961.0,1795.0,990.0,258,1,0,1,Pedestrian
11,1759.0,961.0,1795.0,990.0,259,1,0,1,Pedestrian
11,1759.0,961.0,1795.0,990.0,260,1,0,0,Pedestrian
11,1757.0,958.0,1792.0,988.0,261,1,0,1,Pedestrian
11,1757.0,958.0,1792.0,988.0,262,1,0,1,Pedestrian
11,1757.0,958.0,1792.0,988.0,263,1,0,1,Pedestrian
11,1757.0,956.0,1792.0,986.0,264,1,0,1,Pedestrian
11,1757.0,956.0,1792.0,986.0,265,1,0,1,Pedestrian
11,1757.0,956.0,1792.0,986.0,266,1,0,1,Pedestrian
11,1757.0,956.0,1792.0,986.0,267,1,0,1,Pedestrian
11,1757.0,954.0,1792.0,983.0,268,1,0,1,Pedestrian
11,1757.0,954.0,1792.0,983.0,269,1,0,1,Pedestrian
11,1757.0,954.0,1792.0,983.0,270,1,0,1,Pedestrian
11,1757.0,954.0,1792.0,983.0,271,1,0,1,Pedestrian
11,1757.0,952.0,1792.0,981.0,272,1,0,1,Pedestrian
11,1757.0,952.0,1792.0,981.0,273,1,0,1,Pedestrian
11,1757.0,952.0,1792.0,981.0,274,1,0,1,Pedestrian
11,1757.0,952.0,1792.0,981.0,275,1,0,1,Pedestrian
11,1757.0,949.0,1792.0,979.0,276,1,0,1,Pedestrian
11,1757.0,949.0,1792.0,979.0,277,1,0,1,Pedestrian
11,1757.0,949.0,1792.0,979.0,278,1,0,1,Pedestrian
11,1757.0,947.0,1792.0,976.0,279,1,0,1,Pedestrian
11,1757.0,947.0,1792.0,976.0,280,1,0,1,Pedestrian
11,1757.0,947.0,1792.0,976.0,281,1,0,1,Pedestrian
11,1757.0,947.0,1792.0,976.0,282,1,0,1,Pedestrian
11,1757.0,945.0,1792.0,974.0,283,1,0,1,Pedestrian
11,1757.0,945.0,1792.0,974.0,284,1,0,1,Pedestrian
11,1757.0,945.0,1792.0,974.0,285,1,0,1,Pedestrian
11,1757.0,945.0,1792.0,974.0,286,1,0,1,Pedestrian
11,1757.0,942.0,1792.0,972.0,287,1,0,1,Pedestrian
11,1757.0,942.0,1792.0,972.0,288,1,0,1,Pedestrian
11,1757.0,942.0,1792.0,972.0,289,1,0,1,Pedestrian
11,1757.0,942.0,1792.0,972.0,290,1,0,1,Pedestrian
11,1757.0,940.0,1792.0,970.0,291,1,0,1,Pedestrian
11,1757.0,940.0,1792.0,970.0,292,1,0,1,Pedestrian
11,1757.0,940.0,1792.0,970.0,293,1,0,1,Pedestrian
11,1757.0,938.0,1792.0,967.0,294,1,0,1,Pedestrian
11,1757.0,938.0,1792.0,967.0,295,1,0,1,Pedestrian
11,1757.0,938.0,1792.0,967.0,296,1,0,1,Pedestrian
11,1757.0,938.0,1792.0,967.0,297,1,0,1,Pedestrian
11,1757.0,936.0,1792.0,965.0,298,1,0,1,Pedestrian
11,1757.0,936.0,1792.0,965.0,299,1,0,1,Pedestrian
11,1757.0,936.0,1792.0,965.0,300,1,0,1,Pedestrian
11,1757.0,936.0,1792.0,965.0,301,1,0,1,Pedestrian
11,1757.0,933.0,1792.0,963.0,302,1,0,1,Pedestrian
11,1757.0,933.0,1792.0,963.0,303,1,0,1,Pedestrian
11,1757.0,933.0,1792.0,963.0,304,1,0,1,Pedestrian
11,1757.0,933.0,1792.0,963.0,305,1,0,1,Pedestrian
11,1757.0,931.0,1792.0,961.0,306,1,0,1,Pedestrian
11,1757.0,931.0,1792.0,961.0,307,1,0,1,Pedestrian
11,1757.0,931.0,1792.0,961.0,308,1,0,1,Pedestrian
11,1757.0,929.0,1792.0,958.0,309,1,0,1,Pedestrian
11,1757.0,929.0,1792.0,958.0,310,1,0,1,Pedestrian
11,1757.0,929.0,1792.0,958.0,311,1,0,1,Pedestrian
11,1757.0,929.0,1792.0,958.0,312,1,0,1,Pedestrian
11,1757.0,927.0,1792.0,956.0,313,1,0,1,Pedestrian
11,1757.0,927.0,1792.0,956.0,314,1,0,1,Pedestrian
11,1757.0,927.0,1792.0,956.0,315,1,0,1,Pedestrian
11,1757.0,927.0,1792.0,956.0,316,1,0,1,Pedestrian
11,1757.0,924.0,1792.0,954.0,317,1,0,1,Pedestrian
11,1757.0,924.0,1792.0,954.0,318,1,0,1,Pedestrian
11,1757.0,924.0,1792.0,954.0,319,1,0,1,Pedestrian
11,1757.0,924.0,1792.0,954.0,320,1,0,1,Pedestrian
11,1757.0,922.0,1792.0,952.0,321,1,0,1,Pedestrian
11,1757.0,922.0,1792.0,952.0,322,1,0,1,Pedestrian
11,1754.0,922.0,1790.0,952.0,323,1,0,1,Pedestrian
11,1754.0,920.0,1790.0,949.0,324,1,0,1,Pedestrian
11,1754.0,920.0,1790.0,949.0,325,1,0,1,Pedestrian
11,1754.0,920.0,1790.0,949.0,326,1,0,1,Pedestrian
11,1754.0,920.0,1790.0,949.0,327,1,0,1,Pedestrian
11,1754.0,918.0,1790.0,947.0,328,1,0,1,Pedestrian
11,1754.0,918.0,1790.0,947.0,329,1,0,1,Pedestrian
11,1754.0,918.0,1790.0,947.0,330,1,0,1,Pedestrian
11,1754.0,918.0,1790.0,947.0,331,1,0,1,Pedestrian
11,1754.0,915.0,1790.0,945.0,332,1,0,1,Pedestrian
11,1754.0,915.0,1790.0,945.0,333,1,0,1,Pedestrian
11,1754.0,915.0,1790.0,945.0,334,1,0,1,Pedestrian
11,1754.0,915.0,1790.0,945.0,335,1,0,1,Pedestrian
11,1754.0,913.0,1790.0,942.0,336,1,0,1,Pedestrian
11,1754.0,913.0,1790.0,942.0,337,1,0,1,Pedestrian
11,1754.0,913.0,1790.0,942.0,338,1,0,1,Pedestrian
11,1754.0,911.0,1790.0,940.0,339,1,0,1,Pedestrian
11,1754.0,911.0,1790.0,940.0,340,1,0,1,Pedestrian
11,1754.0,911.0,1790.0,940.0,341,1,0,1,Pedestrian
11,1754.0,911.0,1790.0,940.0,342,1,0,1,Pedestrian
11,1754.0,908.0,1790.0,938.0,343,1,0,1,Pedestrian
11,1754.0,908.0,1790.0,938.0,344,1,0,1,Pedestrian
11,1754.0,908.0,1790.0,938.0,345,1,0,1,Pedestrian
11,1754.0,908.0,1790.0,938.0,346,1,0,1,Pedestrian
11,1754.0,906.0,1790.0,936.0,347,1,0,1,Pedestrian
11,1754.0,906.0,1790.0,936.0,348,1,0,1,Pedestrian
11,1754.0,906.0,1790.0,936.0,349,1,0,1,Pedestrian
11,1754.0,906.0,1790.0,936.0,350,1,0,1,Pedestrian
11,1754.0,904.0,1790.0,933.0,351,1,0,1,Pedestrian
11,1754.0,904.0,1790.0,933.0,352,1,0,1,Pedestrian
11,1754.0,904.0,1790.0,933.0,353,1,0,1,Pedestrian
11,1754.0,902.0,1790.0,931.0,354,1,0,1,Pedestrian
11,1754.0,902.0,1790.0,931.0,355,1,0,1,Pedestrian
11,1754.0,902.0,1790.0,931.0,356,1,0,1,Pedestrian
11,1754.0,902.0,1790.0,931.0,357,1,0,1,Pedestrian
11,1754.0,899.0,1790.0,929.0,358,1,0,1,Pedestrian
11,1754.0,899.0,1790.0,929.0,359,1,0,1,Pedestrian
11,1754.0,899.0,1790.0,929.0,360,1,0,1,Pedestrian
11,1754.0,899.0,1790.0,929.0,361,1,0,1,Pedestrian
11,1754.0,897.0,1790.0,927.0,362,1,0,1,Pedestrian
11,1754.0,897.0,1790.0,927.0,363,1,0,1,Pedestrian
11,1754.0,897.0,1790.0,927.0,364,1,0,1,Pedestrian
11,1754.0,897.0,1790.0,927.0,365,1,0,1,Pedestrian
11,1754.0,895.0,1790.0,924.0,366,1,0,1,Pedestrian
11,1754.0,895.0,1790.0,924.0,367,1,0,1,Pedestrian
11,1754.0,895.0,1790.0,924.0,368,1,0,1,Pedestrian
11,1754.0,893.0,1790.0,922.0,369,1,0,1,Pedestrian
11,1754.0,893.0,1790.0,922.0,370,1,0,1,Pedestrian
11,1754.0,893.0,1790.0,922.0,371,1,0,1,Pedestrian
11,1754.0,893.0,1790.0,922.0,372,1,0,1,Pedestrian
11,1754.0,890.0,1790.0,920.0,373,1,0,1,Pedestrian
11,1754.0,890.0,1790.0,920.0,374,1,0,1,Pedestrian
11,1754.0,890.0,1790.0,920.0,375,1,0,1,Pedestrian
11,1754.0,890.0,1790.0,920.0,376,1,0,1,Pedestrian
11,1754.0,888.0,1790.0,918.0,377,1,0,1,Pedestrian
11,1754.0,888.0,1790.0,918.0,378,1,0,1,Pedestrian
11,1754.0,888.0,1790.0,918.0,379,1,0,1,Pedestrian
11,1754.0,888.0,1790.0,918.0,380,1,0,1,Pedestrian
11,1754.0,886.0,1790.0,915.0,381,1,0,1,Pedestrian
11,1754.0,886.0,1790.0,915.0,382,1,0,1,Pedestrian
11,1754.0,886.0,1790.0,915.0,383,1,0,1,Pedestrian
11,1754.0,886.0,1790.0,915.0,384,1,0,1,Pedestrian
11,1751.0,884.0,1787.0,913.0,385,1,0,1,Pedestrian
11,1751.0,884.0,1787.0,913.0,386,1,0,1,Pedestrian
11,1751.0,884.0,1787.0,913.0,387,1,0,1,Pedestrian
11,1751.0,881.0,1787.0,911.0,388,1,0,1,Pedestrian
11,1751.0,881.0,1787.0,911.0,389,1,0,1,Pedestrian
11,1751.0,881.0,1787.0,911.0,390,1,0,1,Pedestrian
11,1751.0,881.0,1787.0,911.0,391,1,0,1,Pedestrian
11,1751.0,879.0,1787.0,908.0,392,1,0,1,Pedestrian
11,1751.0,879.0,1787.0,908.0,393,1,0,1,Pedestrian
11,1751.0,879.0,1787.0,908.0,394,1,0,1,Pedestrian
11,1751.0,879.0,1787.0,908.0,395,1,0,1,Pedestrian
11,1751.0,877.0,1787.0,906.0,396,1,0,1,Pedestrian
11,1751.0,877.0,1787.0,906.0,397,1,0,1,Pedestrian
11,1751.0,877.0,1787.0,906.0,398,1,0,1,Pedestrian
11,1751.0,877.0,1787.0,906.0,399,1,0,1,Pedestrian
11,1751.0,874.0,1787.0,904.0,400,1,0,1,Pedestrian
11,1751.0,874.0,1787.0,904.0,401,1,0,1,Pedestrian
11,1751.0,874.0,1787.0,904.0,402,1,0,1,Pedestrian
11,1751.0,872.0,1787.0,902.0,403,1,0,1,Pedestrian
11,1751.0,872.0,1787.0,902.0,404,1,0,1,Pedestrian
11,1751.0,872.0,1787.0,902.0,405,1,0,1,Pedestrian
11,1751.0,872.0,1787.0,902.0,406,1,0,1,Pedestrian
11,1751.0,870.0,1787.0,899.0,407,1,0,1,Pedestrian
11,1751.0,870.0,1787.0,899.0,408,1,0,1,Pedestrian
11,1751.0,870.0,1787.0,899.0,409,1,0,1,Pedestrian
11,1751.0,870.0,1787.0,899.0,410,1,0,1,Pedestrian
11,1751.0,868.0,1787.0,897.0,411,1,0,1,Pedestrian
11,1751.0,868.0,1787.0,897.0,412,1,0,1,Pedestrian
11,1751.0,868.0,1787.0,897.0,413,1,0,1,Pedestrian
11,1751.0,868.0,1787.0,897.0,414,1,0,1,Pedestrian
11,1751.0,865.0,1787.0,895.0,415,1,0,1,Pedestrian
11,1751.0,865.0,1787.0,895.0,416,1,0,1,Pedestrian
11,1751.0,865.0,1787.0,895.0,417,1,0,1,Pedestrian
11,1751.0,863.0,1787.0,893.0,418,1,0,1,Pedestrian
11,1751.0,863.0,1787.0,893.0,419,1,0,1,Pedestrian
11,1751.0,863.0,1787.0,893.0,420,1,0,1,Pedestrian
11,1751.0,863.0,1787.0,893.0,421,1,0,1,Pedestrian
11,1751.0,861.0,1787.0,890.0,422,1,0,1,Pedestrian
11,1751.0,861.0,1787.0,890.0,423,1,0,1,Pedestrian
11,1751.0,861.0,1787.0,890.0,424,1,0,1,Pedestrian
11,1751.0,861.0,1787.0,890.0,425,1,0,1,Pedestrian
11,1751.0,859.0,1787.0,888.0,426,1,0,1,Pedestrian
11,1751.0,859.0,1787.0,888.0,427,1,0,1,Pedestrian
11,1751.0,859.0,1787.0,888.0,428,1,0,1,Pedestrian
11,1751.0,859.0,1787.0,888.0,429,1,0,1,Pedestrian
11,1751.0,856.0,1787.0,886.0,430,1,0,1,Pedestrian
11,1751.0,856.0,1787.0,886.0,431,1,0,1,Pedestrian
11,1751.0,856.0,1787.0,886.0,432,1,0,1,Pedestrian
11,1751.0,854.0,1787.0,884.0,433,1,0,1,Pedestrian
11,1751.0,854.0,1787.0,884.0,434,1,0,1,Pedestrian
11,1751.0,854.0,1787.0,884.0,435,1,0,1,Pedestrian
11,1751.0,854.0,1787.0,884.0,436,1,0,1,Pedestrian
11,1751.0,852.0,1787.0,881.0,437,1,0,1,Pedestrian
11,1751.0,852.0,1787.0,881.0,438,1,0,1,Pedestrian
11,1751.0,852.0,1787.0,881.0,439,1,0,1,Pedestrian
11,1751.0,852.0,1787.0,881.0,440,1,0,1,Pedestrian
11,1751.0,850.0,1787.0,879.0,441,1,0,1,Pedestrian
11,1751.0,850.0,1787.0,879.0,442,1,0,1,Pedestrian
11,1751.0,850.0,1787.0,879.0,443,1,0,1,Pedestrian
11,1751.0,850.0,1787.0,879.0,444,1,0,1,Pedestrian
11,1751.0,847.0,1787.0,877.0,445,1,0,1,Pedestrian
11,1751.0,847.0,1787.0,877.0,446,1,0,1,Pedestrian
11,1748.0,847.0,1784.0,877.0,447,1,0,1,Pedestrian
11,1748.0,845.0,1784.0,874.0,448,1,0,1,Pedestrian
11,1748.0,845.0,1784.0,874.0,449,1,0,1,Pedestrian
11,1748.0,845.0,1784.0,874.0,450,1,0,1,Pedestrian
11,1748.0,845.0,1784.0,874.0,451,1,0,1,Pedestrian
11,1748.0,843.0,1784.0,872.0,452,1,0,1,Pedestrian
11,1748.0,843.0,1784.0,872.0,453,1,0,1,Pedestrian
11,1748.0,843.0,1784.0,872.0,454,1,0,1,Pedestrian
11,1748.0,843.0,1784.0,872.0,455,1,0,1,Pedestrian
11,1748.0,840.0,1784.0,870.0,456,1,0,1,Pedestrian
11,1748.0,840.0,1784.0,870.0,457,1,0,1,Pedestrian
11,1748.0,840.0,1784.0,870.0,458,1,0,1,Pedestrian
11,1748.0,840.0,1784.0,870.0,459,1,0,1,Pedestrian
11,1748.0,838.0,1784.0,868.0,460,1,0,1,Pedestrian
11,1748.0,838.0,1784.0,868.0,461,1,0,1,Pedestrian
11,1748.0,838.0,1784.0,868.0,462,1,0,1,Pedestrian
11,1748.0,836.0,1784.0,865.0,463,1,0,1,Pedestrian
11,1748.0,836.0,1784.0,865.0,464,1,0,1,Pedestrian
11,1748.0,836.0,1784.0,865.0,465,1,0,1,Pedestrian
11,1748.0,836.0,1784.0,865.0,466,1,0,1,Pedestrian
11,1748.0,834.0,1784.0,863.0,467,1,0,1,Pedestrian
11,1748.0,834.0,1784.0,863.0,468,1,0,1,Pedestrian
11,1748.0,834.0,1784.0,863.0,469,1,0,1,Pedestrian
11,1748.0,834.0,1784.0,863.0,470,1,0,1,Pedestrian
11,1748.0,831.0,1784.0,861.0,471,1,0,1,Pedestrian
11,1748.0,831.0,1784.0,861.0,472,1,0,1,Pedestrian
11,1748.0,831.0,1784.0,861.0,473,1,0,1,Pedestrian
11,1748.0,831.0,1784.0,861.0,474,1,0,1,Pedestrian
11,1748.0,829.0,1784.0,859.0,475,1,0,1,Pedestrian
11,1748.0,829.0,1784.0,859.0,476,1,0,1,Pedestrian
11,1748.0,829.0,1784.0,859.0,477,1,0,1,Pedestrian
11,1748.0,827.0,1784.0,856.0,478,1,0,1,Pedestrian
11,1748.0,827.0,1784.0,856.0,479,1,0,1,Pedestrian
11,1748.0,827.0,1784.0,856.0,480,1,0,1,Pedestrian
11,1748.0,827.0,1784.0,856.0,481,1,0,1,Pedestrian
11,1748.0,825.0,1784.0,854.0,482,1,0,1,Pedestrian
11,1748.0,825.0,1784.0,854.0,483,1,0,1,Pedestrian
11,1748.0,825.0,1784.0,854.0,484,1,0,1,Pedestrian
11,1748.0,825.0,1784.0,854.0,485,1,0,1,Pedestrian
11,1748.0,822.0,1784.0,852.0,486,1,0,1,Pedestrian
11,1748.0,822.0,1784.0,852.0,487,1,0,1,Pedestrian
11,1748.0,822.0,1784.0,852.0,488,1,0,1,Pedestrian
11,1748.0,822.0,1784.0,852.0,489,1,0,1,Pedestrian
11,1748.0,820.0,1784.0,850.0,490,1,0,1,Pedestrian
11,1748.0,820.0,1784.0,850.0,491,1,0,1,Pedestrian
11,1748.0,820.0,1784.0,850.0,492,1,0,1,Pedestrian
11,1748.0,818.0,1784.0,847.0,493,1,0,1,Pedestrian
11,1748.0,818.0,1784.0,847.0,494,1,0,1,Pedestrian
11,1748.0,818.0,1784.0,847.0,495,1,0,1,Pedestrian
11,1748.0,818.0,1784.0,847.0,496,1,0,1,Pedestrian
11,1748.0,816.0,1784.0,845.0,497,1,0,1,Pedestrian
11,1748.0,816.0,1784.0,845.0,498,1,0,1,Pedestrian
11,1748.0,816.0,1784.0,845.0,499,1,0,1,Pedestrian
11,1748.0,816.0,1784.0,845.0,500,1,0,1,Pedestrian
11,1748.0,813.0,1784.0,843.0,501,1,0,1,Pedestrian
11,1748.0,813.0,1784.0,843.0,502,1,0,1,Pedestrian
11,1748.0,813.0,1784.0,843.0,503,1,0,1,Pedestrian
11,1748.0,813.0,1784.0,843.0,504,1,0,1,Pedestrian
11,1748.0,811.0,1784.0,840.0,505,1,0,1,Pedestrian
11,1748.0,811.0,1784.0,840.0,506,1,0,1,Pedestrian
11,1748.0,811.0,1784.0,840.0,507,1,0,1,Pedestrian
11,1748.0,811.0,1784.0,840.0,508,0,0,0,Pedestrian
12,1765.0,825.0,1817.0,854.0,0,0,0,0,Pedestrian
12,1765.0,822.0,1817.0,852.0,1,0,0,1,Pedestrian
12,1765.0,822.0,1817.0,852.0,2,0,0,1,Pedestrian
12,1765.0,822.0,1817.0,852.0,3,0,0,1,Pedestrian
12,1765.0,822.0,1817.0,852.0,4,0,0,1,Pedestrian
12,1765.0,822.0,1817.0,852.0,5,0,0,1,Pedestrian
12,1765.0,822.0,1817.0,852.0,6,0,0,1,Pedestrian
12,1765.0,822.0,1817.0,852.0,7,0,0,1,Pedestrian
12,1765.0,822.0,1817.0,852.0,8,0,0,1,Pedestrian
12,1765.0,822.0,1817.0,852.0,9,0,0,1,Pedestrian
12,1765.0,822.0,1817.0,852.0,10,0,0,1,Pedestrian
12,1765.0,822.0,1817.0,852.0,11,0,0,1,Pedestrian
12,1765.0,822.0,1817.0,852.0,12,0,0,1,Pedestrian
12,1765.0,822.0,1817.0,852.0,13,0,0,1,Pedestrian
12,1765.0,822.0,1817.0,852.0,14,0,0,1,Pedestrian
12,1765.0,822.0,1817.0,852.0,15,0,0,1,Pedestrian
12,1765.0,822.0,1817.0,852.0,16,0,0,1,Pedestrian
12,1765.0,822.0,1817.0,852.0,17,0,0,1,Pedestrian
12,1765.0,822.0,1817.0,852.0,18,0,0,1,Pedestrian
12,1765.0,822.0,1817.0,852.0,19,0,0,1,Pedestrian
12,1765.0,822.0,1817.0,852.0,20,0,0,1,Pedestrian
12,1765.0,822.0,1817.0,852.0,21,0,0,1,Pedestrian
12,1765.0,822.0,1817.0,852.0,22,0,0,1,Pedestrian
12,1765.0,822.0,1817.0,852.0,23,0,0,1,Pedestrian
12,1765.0,822.0,1817.0,852.0,24,0,0,1,Pedestrian
12,1765.0,822.0,1817.0,852.0,25,0,0,1,Pedestrian
12,1765.0,822.0,1817.0,852.0,26,0,0,1,Pedestrian
12,1765.0,822.0,1817.0,852.0,27,0,0,1,Pedestrian
12,1765.0,822.0,1817.0,852.0,28,0,0,1,Pedestrian
12,1765.0,822.0,1817.0,852.0,29,0,0,1,Pedestrian
12,1765.0,822.0,1817.0,852.0,30,0,0,1,Pedestrian
12,1765.0,822.0,1817.0,852.0,31,0,0,1,Pedestrian
12,1765.0,822.0,1817.0,852.0,32,0,0,1,Pedestrian
12,1765.0,822.0,1817.0,852.0,33,0,0,1,Pedestrian
12,1765.0,822.0,1817.0,852.0,34,0,0,1,Pedestrian
12,1765.0,822.0,1817.0,852.0,35,0,0,1,Pedestrian
12,1765.0,822.0,1817.0,852.0,36,0,0,1,Pedestrian
12,1765.0,822.0,1817.0,852.0,37,0,0,1,Pedestrian
12,1765.0,822.0,1817.0,852.0,38,0,0,1,Pedestrian
12,1765.0,822.0,1817.0,852.0,39,0,0,1,Pedestrian
12,1765.0,822.0,1817.0,852.0,40,0,0,1,Pedestrian
12,1765.0,822.0,1817.0,852.0,41,0,0,1,Pedestrian
12,1765.0,822.0,1817.0,852.0,42,0,0,1,Pedestrian
12,1765.0,822.0,1817.0,852.0,43,0,0,1,Pedestrian
12,1765.0,822.0,1817.0,852.0,44,0,0,1,Pedestrian
12,1765.0,822.0,1817.0,852.0,45,0,0,1,Pedestrian
12,1765.0,822.0,1817.0,852.0,46,0,0,1,Pedestrian
12,1765.0,822.0,1817.0,852.0,47,0,0,1,Pedestrian
12,1765.0,822.0,1817.0,852.0,48,0,0,1,Pedestrian
12,1765.0,822.0,1817.0,852.0,49,0,0,1,Pedestrian
12,1765.0,822.0,1817.0,852.0,50,0,0,1,Pedestrian
12,1765.0,822.0,1817.0,852.0,51,0,0,1,Pedestrian
12,1765.0,822.0,1817.0,852.0,52,0,0,1,Pedestrian
12,1765.0,822.0,1817.0,852.0,53,0,0,1,Pedestrian
12,1765.0,822.0,1817.0,852.0,54,0,0,1,Pedestrian
12,1765.0,820.0,1817.0,850.0,55,0,0,1,Pedestrian
12,1765.0,820.0,1817.0,850.0,56,0,0,1,Pedestrian
12,1765.0,820.0,1817.0,850.0,57,0,0,1,Pedestrian
12,1765.0,820.0,1817.0,850.0,58,0,0,1,Pedestrian
12,1765.0,820.0,1817.0,850.0,59,0,0,1,Pedestrian
12,1765.0,820.0,1817.0,850.0,60,0,0,1,Pedestrian
12,1765.0,820.0,1817.0,850.0,61,0,0,1,Pedestrian
12,1765.0,820.0,1817.0,850.0,62,0,0,1,Pedestrian
12,1765.0,820.0,1817.0,850.0,63,0,0,1,Pedestrian
12,1765.0,820.0,1817.0,850.0,64,0,0,1,Pedestrian
12,1765.0,820.0,1817.0,850.0,65,0,0,1,Pedestrian
12,1765.0,820.0,1817.0,850.0,66,0,0,1,Pedestrian
12,1765.0,820.0,1817.0,850.0,67,0,0,1,Pedestrian
12,1765.0,820.0,1817.0,850.0,68,0,0,1,Pedestrian
12,1765.0,820.0,1817.0,850.0,69,0,0,1,Pedestrian
12,1765.0,820.0,1817.0,850.0,70,0,0,1,Pedestrian
12,1765.0,820.0,1817.0,850.0,71,0,0,1,Pedestrian
12,1765.0,820.0,1817.0,850.0,72,0,0,1,Pedestrian
12,1765.0,820.0,1817.0,850.0,73,0,0,1,Pedestrian
12,1765.0,820.0,1817.0,850.0,74,0,0,1,Pedestrian
12,1765.0,820.0,1817.0,850.0,75,0,0,1,Pedestrian
12,1765.0,820.0,1817.0,850.0,76,0,0,1,Pedestrian
12,1765.0,820.0,1817.0,850.0,77,0,0,1,Pedestrian
12,1765.0,820.0,1817.0,850.0,78,0,0,1,Pedestrian
12,1765.0,820.0,1817.0,850.0,79,0,0,1,Pedestrian
12,1765.0,820.0,1817.0,850.0,80,0,0,1,Pedestrian
12,1765.0,820.0,1817.0,850.0,81,0,0,1,Pedestrian
12,1765.0,820.0,1817.0,850.0,82,0,0,1,Pedestrian
12,1765.0,820.0,1817.0,850.0,83,0,0,1,Pedestrian
12,1765.0,820.0,1817.0,850.0,84,0,0,1,Pedestrian
12,1765.0,820.0,1817.0,850.0,85,0,0,1,Pedestrian
12,1765.0,820.0,1817.0,850.0,86,0,0,1,Pedestrian
12,1765.0,820.0,1817.0,850.0,87,0,0,1,Pedestrian
12,1765.0,820.0,1817.0,850.0,88,0,0,1,Pedestrian
12,1765.0,820.0,1817.0,850.0,89,0,0,1,Pedestrian
12,1765.0,820.0,1817.0,850.0,90,0,0,1,Pedestrian
12,1765.0,820.0,1817.0,850.0,91,0,0,1,Pedestrian
12,1765.0,820.0,1817.0,850.0,92,0,0,1,Pedestrian
12,1765.0,820.0,1817.0,850.0,93,0,0,1,Pedestrian
12,1765.0,820.0,1817.0,850.0,94,0,0,1,Pedestrian
12,1765.0,820.0,1817.0,850.0,95,0,0,1,Pedestrian
12,1765.0,820.0,1817.0,850.0,96,0,0,1,Pedestrian
12,1765.0,820.0,1817.0,850.0,97,0,0,1,Pedestrian
12,1765.0,820.0,1817.0,850.0,98,0,0,1,Pedestrian
12,1765.0,820.0,1817.0,850.0,99,0,0,1,Pedestrian
12,1765.0,820.0,1817.0,850.0,100,0,0,1,Pedestrian
12,1765.0,820.0,1817.0,850.0,101,0,0,1,Pedestrian
12,1765.0,820.0,1817.0,850.0,102,0,0,1,Pedestrian
12,1765.0,820.0,1817.0,850.0,103,0,0,1,Pedestrian
12,1765.0,820.0,1817.0,850.0,104,0,0,1,Pedestrian
12,1765.0,820.0,1817.0,850.0,105,0,0,1,Pedestrian
12,1765.0,820.0,1817.0,850.0,106,0,0,1,Pedestrian
12,1765.0,820.0,1817.0,850.0,107,0,0,1,Pedestrian
12,1765.0,820.0,1817.0,850.0,108,0,0,1,Pedestrian
12,1765.0,818.0,1817.0,847.0,109,0,0,1,Pedestrian
12,1765.0,818.0,1817.0,847.0,110,0,0,1,Pedestrian
12,1765.0,818.0,1817.0,847.0,111,0,0,1,Pedestrian
12,1765.0,818.0,1817.0,847.0,112,0,0,1,Pedestrian
12,1765.0,818.0,1817.0,847.0,113,0,0,1,Pedestrian
12,1765.0,818.0,1817.0,847.0,114,0,0,1,Pedestrian
12,1765.0,818.0,1817.0,847.0,115,0,0,1,Pedestrian
12,1765.0,818.0,1817.0,847.0,116,0,0,1,Pedestrian
12,1765.0,818.0,1817.0,847.0,117,0,0,1,Pedestrian
12,1765.0,818.0,1817.0,847.0,118,0,0,1,Pedestrian
12,1765.0,818.0,1817.0,847.0,119,0,0,1,Pedestrian
12,1765.0,818.0,1817.0,847.0,120,0,0,1,Pedestrian
12,1765.0,818.0,1817.0,847.0,121,0,0,1,Pedestrian
12,1765.0,818.0,1817.0,847.0,122,0,0,1,Pedestrian
12,1765.0,818.0,1817.0,847.0,123,0,0,1,Pedestrian
12,1765.0,818.0,1817.0,847.0,124,0,0,1,Pedestrian
12,1765.0,818.0,1817.0,847.0,125,0,0,1,Pedestrian
12,1765.0,818.0,1817.0,847.0,126,0,0,1,Pedestrian
12,1765.0,818.0,1817.0,847.0,127,0,0,1,Pedestrian
12,1765.0,818.0,1817.0,847.0,128,0,0,1,Pedestrian
12,1765.0,818.0,1817.0,847.0,129,0,0,1,Pedestrian
12,1765.0,818.0,1817.0,847.0,130,0,0,1,Pedestrian
12,1765.0,818.0,1817.0,847.0,131,0,0,1,Pedestrian
12,1765.0,818.0,1817.0,847.0,132,0,0,1,Pedestrian
12,1765.0,818.0,1817.0,847.0,133,0,0,1,Pedestrian
12,1765.0,818.0,1817.0,847.0,134,0,0,1,Pedestrian
12,1765.0,818.0,1817.0,847.0,135,0,0,1,Pedestrian
12,1765.0,818.0,1817.0,847.0,136,0,0,1,Pedestrian
12,1765.0,818.0,1817.0,847.0,137,0,0,1,Pedestrian
12,1765.0,818.0,1817.0,847.0,138,0,0,1,Pedestrian
12,1765.0,818.0,1817.0,847.0,139,0,0,1,Pedestrian
12,1765.0,818.0,1817.0,847.0,140,0,0,1,Pedestrian
12,1765.0,818.0,1817.0,847.0,141,0,0,1,Pedestrian
12,1765.0,818.0,1817.0,847.0,142,0,0,1,Pedestrian
12,1765.0,818.0,1817.0,847.0,143,0,0,1,Pedestrian
12,1765.0,818.0,1817.0,847.0,144,0,0,1,Pedestrian
12,1765.0,818.0,1817.0,847.0,145,0,0,1,Pedestrian
12,1765.0,818.0,1817.0,847.0,146,0,0,1,Pedestrian
12,1765.0,818.0,1817.0,847.0,147,0,0,1,Pedestrian
12,1765.0,818.0,1817.0,847.0,148,0,0,1,Pedestrian
12,1765.0,818.0,1817.0,847.0,149,0,0,1,Pedestrian
12,1765.0,818.0,1817.0,847.0,150,0,0,1,Pedestrian
12,1765.0,818.0,1817.0,847.0,151,0,0,1,Pedestrian
12,1765.0,818.0,1817.0,847.0,152,0,0,1,Pedestrian
12,1765.0,818.0,1817.0,847.0,153,0,0,1,Pedestrian
12,1765.0,818.0,1817.0,847.0,154,0,0,1,Pedestrian
12,1765.0,818.0,1817.0,847.0,155,0,0,1,Pedestrian
12,1765.0,818.0,1817.0,847.0,156,0,0,1,Pedestrian
12,1765.0,818.0,1817.0,847.0,157,0,0,1,Pedestrian
12,1765.0,818.0,1817.0,847.0,158,0,0,1,Pedestrian
12,1765.0,818.0,1817.0,847.0,159,0,0,1,Pedestrian
12,1765.0,818.0,1817.0,847.0,160,0,0,1,Pedestrian
12,1765.0,818.0,1817.0,847.0,161,0,0,1,Pedestrian
12,1765.0,818.0,1817.0,847.0,162,0,0,1,Pedestrian
12,1768.0,816.0,1820.0,845.0,163,0,0,1,Pedestrian
12,1768.0,816.0,1820.0,845.0,164,0,0,1,Pedestrian
12,1768.0,816.0,1820.0,845.0,165,0,0,1,Pedestrian
12,1768.0,816.0,1820.0,845.0,166,0,0,1,Pedestrian
12,1768.0,816.0,1820.0,845.0,167,0,0,1,Pedestrian
12,1768.0,816.0,1820.0,845.0,168,0,0,1,Pedestrian
12,1768.0,816.0,1820.0,845.0,169,0,0,1,Pedestrian
12,1768.0,816.0,1820.0,845.0,170,0,0,1,Pedestrian
12,1768.0,816.0,1820.0,845.0,171,0,0,1,Pedestrian
12,1768.0,816.0,1820.0,845.0,172,0,0,1,Pedestrian
12,1768.0,816.0,1820.0,845.0,173,0,0,1,Pedestrian
12,1768.0,816.0,1820.0,845.0,174,0,0,1,Pedestrian
12,1768.0,816.0,1820.0,845.0,175,0,0,1,Pedestrian
12,1768.0,816.0,1820.0,845.0,176,0,0,1,Pedestrian
12,1768.0,816.0,1820.0,845.0,177,0,0,1,Pedestrian
12,1768.0,816.0,1820.0,845.0,178,0,0,1,Pedestrian
12,1768.0,816.0,1820.0,845.0,179,0,0,1,Pedestrian
12,1768.0,816.0,1820.0,845.0,180,0,0,1,Pedestrian
12,1768.0,816.0,1820.0,845.0,181,0,0,1,Pedestrian
12,1768.0,816.0,1820.0,845.0,182,0,0,1,Pedestrian
12,1768.0,816.0,1820.0,845.0,183,0,0,1,Pedestrian
12,1768.0,816.0,1820.0,845.0,184,0,0,1,Pedestrian
12,1768.0,816.0,1820.0,845.0,185,0,0,1,Pedestrian
12,1768.0,816.0,1820.0,845.0,186,0,0,1,Pedestrian
12,1768.0,816.0,1820.0,845.0,187,0,0,1,Pedestrian
12,1768.0,816.0,1820.0,845.0,188,0,0,1,Pedestrian
12,1768.0,816.0,1820.0,845.0,189,0,0,1,Pedestrian
12,1768.0,816.0,1820.0,845.0,190,0,0,1,Pedestrian
12,1768.0,816.0,1820.0,845.0,191,0,0,1,Pedestrian
12,1768.0,816.0,1820.0,845.0,192,0,0,1,Pedestrian
12,1768.0,816.0,1820.0,845.0,193,0,0,1,Pedestrian
12,1768.0,816.0,1820.0,845.0,194,0,0,1,Pedestrian
12,1768.0,816.0,1820.0,845.0,195,0,0,1,Pedestrian
12,1768.0,816.0,1820.0,845.0,196,0,0,1,Pedestrian
12,1768.0,816.0,1820.0,845.0,197,0,0,1,Pedestrian
12,1768.0,816.0,1820.0,845.0,198,0,0,1,Pedestrian
12,1768.0,816.0,1820.0,845.0,199,0,0,1,Pedestrian
12,1768.0,816.0,1820.0,845.0,200,0,0,1,Pedestrian
12,1768.0,816.0,1820.0,845.0,201,0,0,1,Pedestrian
12,1768.0,816.0,1820.0,845.0,202,0,0,1,Pedestrian
12,1768.0,816.0,1820.0,845.0,203,0,0,1,Pedestrian
12,1768.0,816.0,1820.0,845.0,204,0,0,1,Pedestrian
12,1768.0,816.0,1820.0,845.0,205,0,0,1,Pedestrian
12,1768.0,816.0,1820.0,845.0,206,0,0,1,Pedestrian
12,1768.0,816.0,1820.0,845.0,207,0,0,1,Pedestrian
12,1768.0,816.0,1820.0,845.0,208,0,0,1,Pedestrian
12,1768.0,816.0,1820.0,845.0,209,0,0,1,Pedestrian
12,1768.0,816.0,1820.0,845.0,210,0,0,1,Pedestrian
12,1768.0,816.0,1820.0,845.0,211,0,0,1,Pedestrian
12,1768.0,816.0,1820.0,845.0,212,0,0,1,Pedestrian
12,1768.0,816.0,1820.0,845.0,213,0,0,1,Pedestrian
12,1768.0,816.0,1820.0,845.0,214,0,0,1,Pedestrian
12,1768.0,816.0,1820.0,845.0,215,0,0,1,Pedestrian
12,1768.0,816.0,1820.0,845.0,216,0,0,1,Pedestrian
12,1768.0,813.0,1820.0,843.0,217,0,0,1,Pedestrian
12,1768.0,813.0,1820.0,843.0,218,0,0,1,Pedestrian
12,1768.0,813.0,1820.0,843.0,219,0,0,1,Pedestrian
12,1768.0,813.0,1820.0,843.0,220,0,0,1,Pedestrian
12,1768.0,813.0,1820.0,843.0,221,0,0,1,Pedestrian
12,1768.0,813.0,1820.0,843.0,222,0,0,1,Pedestrian
12,1768.0,813.0,1820.0,843.0,223,0,0,1,Pedestrian
12,1768.0,813.0,1820.0,843.0,224,0,0,1,Pedestrian
12,1768.0,813.0,1820.0,843.0,225,0,0,1,Pedestrian
12,1768.0,813.0,1820.0,843.0,226,0,0,1,Pedestrian
12,1768.0,813.0,1820.0,843.0,227,0,0,1,Pedestrian
12,1768.0,813.0,1820.0,843.0,228,0,0,1,Pedestrian
12,1768.0,813.0,1820.0,843.0,229,0,0,1,Pedestrian
12,1768.0,813.0,1820.0,843.0,230,0,0,1,Pedestrian
12,1768.0,813.0,1820.0,843.0,231,0,0,1,Pedestrian
12,1768.0,813.0,1820.0,843.0,232,0,0,1,Pedestrian
12,1768.0,813.0,1820.0,843.0,233,0,0,1,Pedestrian
12,1768.0,813.0,1820.0,843.0,234,0,0,1,Pedestrian
12,1768.0,813.0,1820.0,843.0,235,0,0,1,Pedestrian
12,1768.0,813.0,1820.0,843.0,236,0,0,1,Pedestrian
12,1768.0,813.0,1820.0,843.0,237,0,0,1,Pedestrian
12,1768.0,813.0,1820.0,843.0,238,0,0,1,Pedestrian
12,1768.0,813.0,1820.0,843.0,239,0,0,1,Pedestrian
12,1768.0,813.0,1820.0,843.0,240,0,0,1,Pedestrian
12,1768.0,813.0,1820.0,843.0,241,0,0,1,Pedestrian
12,1768.0,813.0,1820.0,843.0,242,0,0,1,Pedestrian
12,1768.0,813.0,1820.0,843.0,243,0,0,1,Pedestrian
12,1768.0,813.0,1820.0,843.0,244,0,0,1,Pedestrian
12,1768.0,813.0,1820.0,843.0,245,0,0,1,Pedestrian
12,1768.0,813.0,1820.0,843.0,246,0,0,1,Pedestrian
12,1768.0,813.0,1820.0,843.0,247,0,0,1,Pedestrian
12,1768.0,813.0,1820.0,843.0,248,0,0,1,Pedestrian
12,1768.0,813.0,1820.0,843.0,249,0,0,1,Pedestrian
12,1768.0,813.0,1820.0,843.0,250,0,0,1,Pedestrian
12,1768.0,813.0,1820.0,843.0,251,0,0,1,Pedestrian
12,1768.0,813.0,1820.0,843.0,252,0,0,1,Pedestrian
12,1768.0,813.0,1820.0,843.0,253,0,0,1,Pedestrian
12,1768.0,813.0,1820.0,843.0,254,0,0,1,Pedestrian
12,1768.0,813.0,1820.0,843.0,255,0,0,1,Pedestrian
12,1768.0,813.0,1820.0,843.0,256,0,0,1,Pedestrian
12,1768.0,813.0,1820.0,843.0,257,0,0,1,Pedestrian
12,1768.0,813.0,1820.0,843.0,258,0,0,1,Pedestrian
12,1768.0,813.0,1820.0,843.0,259,0,0,1,Pedestrian
12,1768.0,813.0,1820.0,843.0,260,0,0,1,Pedestrian
12,1768.0,813.0,1820.0,843.0,261,0,0,1,Pedestrian
12,1768.0,813.0,1820.0,843.0,262,0,0,1,Pedestrian
12,1768.0,813.0,1820.0,843.0,263,0,0,1,Pedestrian
12,1768.0,813.0,1820.0,843.0,264,0,0,1,Pedestrian
12,1768.0,813.0,1820.0,843.0,265,0,0,1,Pedestrian
12,1768.0,813.0,1820.0,843.0,266,0,0,1,Pedestrian
12,1768.0,813.0,1820.0,843.0,267,0,0,1,Pedestrian
12,1768.0,813.0,1820.0,843.0,268,0,0,1,Pedestrian
12,1768.0,813.0,1820.0,843.0,269,0,0,1,Pedestrian
12,1768.0,813.0,1820.0,843.0,270,0,0,1,Pedestrian
12,1768.0,813.0,1820.0,843.0,271,0,0,1,Pedestrian
12,1768.0,811.0,1820.0,840.0,272,0,0,1,Pedestrian
12,1768.0,811.0,1820.0,840.0,273,0,0,1,Pedestrian
12,1768.0,811.0,1820.0,840.0,274,0,0,1,Pedestrian
12,1768.0,811.0,1820.0,840.0,275,0,0,1,Pedestrian
12,1768.0,811.0,1820.0,840.0,276,0,0,1,Pedestrian
12,1768.0,811.0,1820.0,840.0,277,0,0,1,Pedestrian
12,1768.0,811.0,1820.0,840.0,278,0,0,1,Pedestrian
12,1768.0,811.0,1820.0,840.0,279,0,0,1,Pedestrian
12,1768.0,811.0,1820.0,840.0,280,0,0,1,Pedestrian
12,1768.0,811.0,1820.0,840.0,281,0,0,1,Pedestrian
12,1768.0,811.0,1820.0,840.0,282,0,0,1,Pedestrian
12,1768.0,811.0,1820.0,840.0,283,0,0,1,Pedestrian
12,1768.0,811.0,1820.0,840.0,284,0,0,1,Pedestrian
12,1768.0,811.0,1820.0,840.0,285,0,0,1,Pedestrian
12,1768.0,811.0,1820.0,840.0,286,0,0,1,Pedestrian
12,1768.0,811.0,1820.0,840.0,287,0,0,1,Pedestrian
12,1768.0,811.0,1820.0,840.0,288,0,0,1,Pedestrian
12,1768.0,811.0,1820.0,840.0,289,0,0,1,Pedestrian
12,1768.0,811.0,1820.0,840.0,290,0,0,1,Pedestrian
12,1768.0,811.0,1820.0,840.0,291,0,0,1,Pedestrian
12,1768.0,811.0,1820.0,840.0,292,0,0,1,Pedestrian
12,1768.0,811.0,1820.0,840.0,293,0,0,1,Pedestrian
12,1768.0,811.0,1820.0,840.0,294,0,0,1,Pedestrian
12,1768.0,811.0,1820.0,840.0,295,0,0,1,Pedestrian
12,1768.0,811.0,1820.0,840.0,296,0,0,1,Pedestrian
12,1768.0,811.0,1820.0,840.0,297,0,0,1,Pedestrian
12,1768.0,811.0,1820.0,840.0,298,0,0,1,Pedestrian
12,1768.0,811.0,1820.0,840.0,299,0,0,1,Pedestrian
12,1768.0,811.0,1820.0,840.0,300,0,0,1,Pedestrian
12,1768.0,811.0,1820.0,840.0,301,0,0,1,Pedestrian
12,1768.0,811.0,1820.0,840.0,302,0,0,1,Pedestrian
12,1768.0,811.0,1820.0,840.0,303,0,0,1,Pedestrian
12,1768.0,811.0,1820.0,840.0,304,0,0,1,Pedestrian
12,1768.0,811.0,1820.0,840.0,305,0,0,1,Pedestrian
12,1768.0,811.0,1820.0,840.0,306,0,0,1,Pedestrian
12,1768.0,811.0,1820.0,840.0,307,0,0,1,Pedestrian
12,1768.0,811.0,1820.0,840.0,308,0,0,1,Pedestrian
12,1768.0,811.0,1820.0,840.0,309,0,0,1,Pedestrian
12,1768.0,811.0,1820.0,840.0,310,0,0,1,Pedestrian
12,1768.0,811.0,1820.0,840.0,311,0,0,1,Pedestrian
12,1768.0,811.0,1820.0,840.0,312,0,0,1,Pedestrian
12,1768.0,811.0,1820.0,840.0,313,0,0,1,Pedestrian
12,1768.0,811.0,1820.0,840.0,314,0,0,1,Pedestrian
12,1768.0,811.0,1820.0,840.0,315,0,0,1,Pedestrian
12,1768.0,811.0,1820.0,840.0,316,0,0,1,Pedestrian
12,1768.0,811.0,1820.0,840.0,317,0,0,1,Pedestrian
12,1768.0,811.0,1820.0,840.0,318,0,0,1,Pedestrian
12,1768.0,811.0,1820.0,840.0,319,0,0,1,Pedestrian
12,1768.0,811.0,1820.0,840.0,320,0,0,1,Pedestrian
12,1768.0,811.0,1820.0,840.0,321,0,0,1,Pedestrian
12,1768.0,811.0,1820.0,840.0,322,0,0,1,Pedestrian
12,1768.0,811.0,1820.0,840.0,323,0,0,1,Pedestrian
12,1768.0,811.0,1820.0,840.0,324,0,0,1,Pedestrian
12,1768.0,811.0,1820.0,840.0,325,0,0,1,Pedestrian
12,1770.0,809.0,1823.0,838.0,326,0,0,1,Pedestrian
12,1770.0,809.0,1823.0,838.0,327,0,0,1,Pedestrian
12,1770.0,809.0,1823.0,838.0,328,0,0,1,Pedestrian
12,1770.0,809.0,1823.0,838.0,329,0,0,1,Pedestrian
12,1770.0,809.0,1823.0,838.0,330,0,0,1,Pedestrian
12,1770.0,809.0,1823.0,838.0,331,0,0,1,Pedestrian
12,1770.0,809.0,1823.0,838.0,332,0,0,1,Pedestrian
12,1770.0,809.0,1823.0,838.0,333,0,0,1,Pedestrian
12,1770.0,809.0,1823.0,838.0,334,0,0,1,Pedestrian
12,1770.0,809.0,1823.0,838.0,335,0,0,1,Pedestrian
12,1770.0,809.0,1823.0,838.0,336,0,0,1,Pedestrian
12,1770.0,809.0,1823.0,838.0,337,0,0,1,Pedestrian
12,1770.0,809.0,1823.0,838.0,338,0,0,1,Pedestrian
12,1770.0,809.0,1823.0,838.0,339,0,0,1,Pedestrian
12,1770.0,809.0,1823.0,838.0,340,0,0,1,Pedestrian
12,1770.0,809.0,1823.0,838.0,341,0,0,1,Pedestrian
12,1770.0,809.0,1823.0,838.0,342,0,0,1,Pedestrian
12,1770.0,809.0,1823.0,838.0,343,0,0,1,Pedestrian
12,1770.0,809.0,1823.0,838.0,344,0,0,1,Pedestrian
12,1770.0,809.0,1823.0,838.0,345,0,0,1,Pedestrian
12,1770.0,809.0,1823.0,838.0,346,0,0,1,Pedestrian
12,1770.0,809.0,1823.0,838.0,347,0,0,1,Pedestrian
12,1770.0,809.0,1823.0,838.0,348,0,0,1,Pedestrian
12,1770.0,809.0,1823.0,838.0,349,0,0,1,Pedestrian
12,1770.0,809.0,1823.0,838.0,350,0,0,1,Pedestrian
12,1770.0,809.0,1823.0,838.0,351,0,0,1,Pedestrian
12,1770.0,809.0,1823.0,838.0,352,0,0,1,Pedestrian
12,1770.0,809.0,1823.0,838.0,353,0,0,1,Pedestrian
12,1770.0,809.0,1823.0,838.0,354,0,0,1,Pedestrian
12,1770.0,809.0,1823.0,838.0,355,0,0,1,Pedestrian
12,1770.0,809.0,1823.0,838.0,356,0,0,1,Pedestrian
12,1770.0,809.0,1823.0,838.0,357,0,0,1,Pedestrian
12,1770.0,809.0,1823.0,838.0,358,0,0,1,Pedestrian
12,1770.0,809.0,1823.0,838.0,359,0,0,1,Pedestrian
12,1770.0,809.0,1823.0,838.0,360,0,0,1,Pedestrian
12,1770.0,809.0,1823.0,838.0,361,0,0,1,Pedestrian
12,1770.0,809.0,1823.0,838.0,362,0,0,1,Pedestrian
12,1770.0,809.0,1823.0,838.0,363,0,0,1,Pedestrian
12,1770.0,809.0,1823.0,838.0,364,0,0,1,Pedestrian
12,1770.0,809.0,1823.0,838.0,365,0,0,1,Pedestrian
12,1770.0,809.0,1823.0,838.0,366,0,0,1,Pedestrian
12,1770.0,809.0,1823.0,838.0,367,0,0,1,Pedestrian
12,1770.0,809.0,1823.0,838.0,368,0,0,1,Pedestrian
12,1770.0,809.0,1823.0,838.0,369,0,0,1,Pedestrian
12,1770.0,809.0,1823.0,838.0,370,0,0,1,Pedestrian
12,1770.0,809.0,1823.0,838.0,371,0,0,1,Pedestrian
12,1770.0,809.0,1823.0,838.0,372,0,0,1,Pedestrian
12,1770.0,809.0,1823.0,838.0,373,0,0,1,Pedestrian
12,1770.0,809.0,1823.0,838.0,374,0,0,1,Pedestrian
12,1770.0,809.0,1823.0,838.0,375,0,0,1,Pedestrian
12,1770.0,809.0,1823.0,838.0,376,0,0,1,Pedestrian
12,1770.0,809.0,1823.0,838.0,377,0,0,1,Pedestrian
12,1770.0,809.0,1823.0,838.0,378,0,0,1,Pedestrian
12,1770.0,809.0,1823.0,838.0,379,0,0,1,Pedestrian
12,1770.0,806.0,1823.0,836.0,380,0,0,1,Pedestrian
12,1770.0,806.0,1823.0,836.0,381,0,0,1,Pedestrian
12,1770.0,806.0,1823.0,836.0,382,0,0,1,Pedestrian
12,1770.0,806.0,1823.0,836.0,383,0,0,1,Pedestrian
12,1770.0,806.0,1823.0,836.0,384,0,0,1,Pedestrian
12,1770.0,806.0,1823.0,836.0,385,0,0,1,Pedestrian
12,1770.0,806.0,1823.0,836.0,386,0,0,1,Pedestrian
12,1770.0,806.0,1823.0,836.0,387,0,0,1,Pedestrian
12,1770.0,806.0,1823.0,836.0,388,0,0,1,Pedestrian
12,1770.0,806.0,1823.0,836.0,389,0,0,1,Pedestrian
12,1770.0,806.0,1823.0,836.0,390,0,0,1,Pedestrian
12,1770.0,806.0,1823.0,836.0,391,0,0,1,Pedestrian
12,1770.0,806.0,1823.0,836.0,392,0,0,1,Pedestrian
12,1770.0,806.0,1823.0,836.0,393,0,0,1,Pedestrian
12,1770.0,806.0,1823.0,836.0,394,0,0,1,Pedestrian
12,1770.0,806.0,1823.0,836.0,395,0,0,1,Pedestrian
12,1770.0,806.0,1823.0,836.0,396,0,0,1,Pedestrian
12,1770.0,806.0,1823.0,836.0,397,0,0,1,Pedestrian
12,1770.0,806.0,1823.0,836.0,398,0,0,1,Pedestrian
12,1770.0,806.0,1823.0,836.0,399,0,0,1,Pedestrian
12,1770.0,806.0,1823.0,836.0,400,0,0,1,Pedestrian
12,1770.0,806.0,1823.0,836.0,401,0,0,1,Pedestrian
12,1770.0,806.0,1823.0,836.0,402,0,0,1,Pedestrian
12,1770.0,806.0,1823.0,836.0,403,0,0,1,Pedestrian
12,1770.0,806.0,1823.0,836.0,404,0,0,1,Pedestrian
12,1770.0,806.0,1823.0,836.0,405,0,0,1,Pedestrian
12,1770.0,806.0,1823.0,836.0,406,0,0,1,Pedestrian
12,1770.0,806.0,1823.0,836.0,407,0,0,1,Pedestrian
12,1770.0,806.0,1823.0,836.0,408,0,0,1,Pedestrian
12,1770.0,806.0,1823.0,836.0,409,0,0,1,Pedestrian
12,1770.0,806.0,1823.0,836.0,410,0,0,1,Pedestrian
12,1770.0,806.0,1823.0,836.0,411,0,0,1,Pedestrian
12,1770.0,806.0,1823.0,836.0,412,0,0,1,Pedestrian
12,1770.0,806.0,1823.0,836.0,413,0,0,1,Pedestrian
12,1770.0,806.0,1823.0,836.0,414,0,0,1,Pedestrian
12,1770.0,806.0,1823.0,836.0,415,0,0,1,Pedestrian
12,1770.0,806.0,1823.0,836.0,416,0,0,1,Pedestrian
12,1770.0,806.0,1823.0,836.0,417,0,0,1,Pedestrian
12,1770.0,806.0,1823.0,836.0,418,0,0,1,Pedestrian
12,1770.0,806.0,1823.0,836.0,419,0,0,1,Pedestrian
12,1770.0,806.0,1823.0,836.0,420,0,0,1,Pedestrian
12,1770.0,806.0,1823.0,836.0,421,0,0,1,Pedestrian
12,1770.0,806.0,1823.0,836.0,422,0,0,1,Pedestrian
12,1770.0,806.0,1823.0,836.0,423,0,0,1,Pedestrian
12,1770.0,806.0,1823.0,836.0,424,0,0,1,Pedestrian
12,1770.0,806.0,1823.0,836.0,425,0,0,1,Pedestrian
12,1770.0,806.0,1823.0,836.0,426,0,0,1,Pedestrian
12,1770.0,806.0,1823.0,836.0,427,0,0,1,Pedestrian
12,1770.0,806.0,1823.0,836.0,428,0,0,1,Pedestrian
12,1770.0,806.0,1823.0,836.0,429,0,0,1,Pedestrian
12,1770.0,806.0,1823.0,836.0,430,0,0,1,Pedestrian
12,1770.0,806.0,1823.0,836.0,431,0,0,1,Pedestrian
12,1770.0,806.0,1823.0,836.0,432,0,0,1,Pedestrian
12,1770.0,806.0,1823.0,836.0,433,0,0,1,Pedestrian
12,1770.0,804.0,1823.0,834.0,434,0,0,1,Pedestrian
12,1770.0,804.0,1823.0,834.0,435,0,0,1,Pedestrian
12,1770.0,804.0,1823.0,834.0,436,0,0,1,Pedestrian
12,1770.0,804.0,1823.0,834.0,437,0,0,1,Pedestrian
12,1770.0,804.0,1823.0,834.0,438,0,0,1,Pedestrian
12,1770.0,804.0,1823.0,834.0,439,0,0,1,Pedestrian
12,1770.0,804.0,1823.0,834.0,440,0,0,1,Pedestrian
12,1770.0,804.0,1823.0,834.0,441,0,0,1,Pedestrian
12,1770.0,804.0,1823.0,834.0,442,0,0,1,Pedestrian
12,1770.0,804.0,1823.0,834.0,443,0,0,1,Pedestrian
12,1770.0,804.0,1823.0,834.0,444,0,0,1,Pedestrian
12,1770.0,804.0,1823.0,834.0,445,0,0,1,Pedestrian
12,1770.0,804.0,1823.0,834.0,446,0,0,1,Pedestrian
12,1770.0,804.0,1823.0,834.0,447,0,0,1,Pedestrian
12,1770.0,804.0,1823.0,834.0,448,0,0,1,Pedestrian
12,1770.0,804.0,1823.0,834.0,449,0,0,1,Pedestrian
12,1770.0,804.0,1823.0,834.0,450,0,0,1,Pedestrian
12,1770.0,804.0,1823.0,834.0,451,0,0,1,Pedestrian
12,1770.0,804.0,1823.0,834.0,452,0,0,1,Pedestrian
12,1770.0,804.0,1823.0,834.0,453,0,0,1,Pedestrian
12,1770.0,804.0,1823.0,834.0,454,0,0,1,Pedestrian
12,1770.0,804.0,1823.0,834.0,455,0,0,1,Pedestrian
12,1770.0,804.0,1823.0,834.0,456,0,0,1,Pedestrian
12,1770.0,804.0,1823.0,834.0,457,0,0,1,Pedestrian
12,1770.0,804.0,1823.0,834.0,458,0,0,1,Pedestrian
12,1770.0,804.0,1823.0,834.0,459,0,0,1,Pedestrian
12,1770.0,804.0,1823.0,834.0,460,0,0,1,Pedestrian
12,1770.0,804.0,1823.0,834.0,461,0,0,1,Pedestrian
12,1770.0,804.0,1823.0,834.0,462,0,0,1,Pedestrian
12,1770.0,804.0,1823.0,834.0,463,0,0,1,Pedestrian
12,1770.0,804.0,1823.0,834.0,464,0,0,1,Pedestrian
12,1770.0,804.0,1823.0,834.0,465,0,0,1,Pedestrian
12,1770.0,804.0,1823.0,834.0,466,0,0,1,Pedestrian
12,1770.0,804.0,1823.0,834.0,467,0,0,1,Pedestrian
12,1770.0,804.0,1823.0,834.0,468,0,0,1,Pedestrian
12,1770.0,804.0,1823.0,834.0,469,0,0,1,Pedestrian
12,1770.0,804.0,1823.0,834.0,470,0,0,1,Pedestrian
12,1770.0,804.0,1823.0,834.0,471,0,0,1,Pedestrian
12,1770.0,804.0,1823.0,834.0,472,0,0,1,Pedestrian
12,1770.0,804.0,1823.0,834.0,473,0,0,1,Pedestrian
12,1770.0,804.0,1823.0,834.0,474,0,0,1,Pedestrian
12,1770.0,804.0,1823.0,834.0,475,0,0,1,Pedestrian
12,1770.0,804.0,1823.0,834.0,476,0,0,1,Pedestrian
12,1770.0,804.0,1823.0,834.0,477,0,0,1,Pedestrian
12,1770.0,804.0,1823.0,834.0,478,0,0,1,Pedestrian
12,1770.0,804.0,1823.0,834.0,479,0,0,1,Pedestrian
12,1770.0,804.0,1823.0,834.0,480,0,0,1,Pedestrian
12,1770.0,804.0,1823.0,834.0,481,0,0,1,Pedestrian
12,1770.0,804.0,1823.0,834.0,482,0,0,1,Pedestrian
12,1770.0,804.0,1823.0,834.0,483,0,0,1,Pedestrian
12,1770.0,804.0,1823.0,834.0,484,0,0,1,Pedestrian
12,1770.0,804.0,1823.0,834.0,485,0,0,1,Pedestrian
12,1770.0,804.0,1823.0,834.0,486,0,0,1,Pedestrian
12,1770.0,804.0,1823.0,834.0,487,0,0,1,Pedestrian
12,1773.0,804.0,1826.0,834.0,488,0,0,0,Pedestrian
12,1773.0,804.0,1826.0,834.0,489,0,0,1,Pedestrian
12,1773.0,804.0,1826.0,834.0,490,0,0,1,Pedestrian
12,1773.0,804.0,1826.0,834.0,491,0,0,1,Pedestrian
12,1773.0,804.0,1826.0,834.0,492,0,0,1,Pedestrian
12,1773.0,804.0,1826.0,834.0,493,0,0,1,Pedestrian
12,1773.0,804.0,1826.0,834.0,494,0,0,1,Pedestrian
12,1773.0,804.0,1826.0,834.0,495,0,0,1,Pedestrian
12,1773.0,804.0,1826.0,834.0,496,0,0,1,Pedestrian
12,1773.0,804.0,1826.0,834.0,497,0,0,1,Pedestrian
12,1773.0,804.0,1826.0,834.0,498,0,0,1,Pedestrian
12,1773.0,804.0,1826.0,834.0,499,0,0,1,Pedestrian
12,1773.0,804.0,1826.0,834.0,500,0,0,1,Pedestrian
12,1773.0,804.0,1826.0,834.0,501,0,0,1,Pedestrian
12,1773.0,804.0,1826.0,834.0,502,0,0,1,Pedestrian
12,1773.0,804.0,1826.0,834.0,503,0,0,1,Pedestrian
12,1773.0,804.0,1826.0,834.0,504,0,0,1,Pedestrian
12,1773.0,804.0,1826.0,834.0,505,0,0,1,Pedestrian
12,1773.0,804.0,1826.0,834.0,506,0,0,1,Pedestrian
12,1773.0,804.0,1826.0,834.0,507,0,0,1,Pedestrian
12,1773.0,804.0,1826.0,834.0,508,0,0,0,Pedestrian
13,1779.0,795.0,1820.0,829.0,0,0,0,0,Pedestrian
13,1779.0,795.0,1820.0,829.0,1,0,0,1,Pedestrian
13,1779.0,795.0,1820.0,829.0,2,0,0,1,Pedestrian
13,1779.0,795.0,1820.0,829.0,3,0,0,1,Pedestrian
13,1779.0,795.0,1820.0,829.0,4,0,0,1,Pedestrian
13,1779.0,795.0,1820.0,829.0,5,0,0,1,Pedestrian
13,1779.0,795.0,1820.0,829.0,6,0,0,1,Pedestrian
13,1779.0,795.0,1820.0,829.0,7,0,0,1,Pedestrian
13,1779.0,795.0,1820.0,829.0,8,0,0,1,Pedestrian
13,1779.0,795.0,1820.0,829.0,9,0,0,1,Pedestrian
13,1779.0,795.0,1820.0,829.0,10,0,0,1,Pedestrian
13,1779.0,795.0,1820.0,829.0,11,0,0,1,Pedestrian
13,1779.0,795.0,1820.0,829.0,12,0,0,1,Pedestrian
13,1779.0,795.0,1820.0,829.0,13,0,0,1,Pedestrian
13,1779.0,795.0,1820.0,829.0,14,0,0,1,Pedestrian
13,1779.0,795.0,1820.0,829.0,15,0,0,1,Pedestrian
13,1779.0,795.0,1820.0,829.0,16,0,0,1,Pedestrian
13,1779.0,795.0,1820.0,829.0,17,0,0,1,Pedestrian
13,1779.0,795.0,1820.0,829.0,18,0,0,1,Pedestrian
13,1779.0,795.0,1820.0,829.0,19,0,0,1,Pedestrian
13,1779.0,795.0,1820.0,829.0,20,0,0,1,Pedestrian
13,1779.0,795.0,1820.0,829.0,21,0,0,1,Pedestrian
13,1779.0,795.0,1820.0,829.0,22,0,0,1,Pedestrian
13,1779.0,795.0,1820.0,829.0,23,0,0,1,Pedestrian
13,1779.0,795.0,1820.0,829.0,24,0,0,1,Pedestrian
13,1779.0,795.0,1820.0,829.0,25,0,0,1,Pedestrian
13,1779.0,795.0,1820.0,829.0,26,0,0,1,Pedestrian
13,1779.0,795.0,1820.0,829.0,27,0,0,1,Pedestrian
13,1779.0,795.0,1820.0,829.0,28,0,0,1,Pedestrian
13,1779.0,795.0,1820.0,829.0,29,0,0,1,Pedestrian
13,1779.0,795.0,1820.0,829.0,30,0,0,1,Pedestrian
13,1779.0,795.0,1820.0,829.0,31,0,0,1,Pedestrian
13,1779.0,795.0,1820.0,829.0,32,0,0,1,Pedestrian
13,1779.0,795.0,1820.0,829.0,33,0,0,1,Pedestrian
13,1779.0,795.0,1820.0,829.0,34,0,0,1,Pedestrian
13,1779.0,795.0,1820.0,829.0,35,0,0,1,Pedestrian
13,1779.0,795.0,1820.0,829.0,36,0,0,1,Pedestrian
13,1779.0,795.0,1820.0,829.0,37,0,0,1,Pedestrian
13,1779.0,795.0,1820.0,829.0,38,0,0,1,Pedestrian
13,1779.0,795.0,1820.0,829.0,39,0,0,1,Pedestrian
13,1779.0,795.0,1820.0,829.0,40,0,0,1,Pedestrian
13,1779.0,795.0,1820.0,829.0,41,0,0,1,Pedestrian
13,1779.0,795.0,1820.0,829.0,42,0,0,1,Pedestrian
13,1779.0,795.0,1820.0,829.0,43,0,0,1,Pedestrian
13,1779.0,795.0,1820.0,829.0,44,0,0,1,Pedestrian
13,1779.0,795.0,1820.0,829.0,45,0,0,1,Pedestrian
13,1779.0,795.0,1820.0,829.0,46,0,0,1,Pedestrian
13,1779.0,795.0,1820.0,829.0,47,0,0,1,Pedestrian
13,1779.0,795.0,1820.0,829.0,48,0,0,1,Pedestrian
13,1779.0,795.0,1820.0,829.0,49,0,0,1,Pedestrian
13,1779.0,795.0,1820.0,829.0,50,0,0,1,Pedestrian
13,1779.0,795.0,1820.0,829.0,51,0,0,1,Pedestrian
13,1779.0,795.0,1820.0,829.0,52,0,0,1,Pedestrian
13,1779.0,795.0,1820.0,829.0,53,0,0,1,Pedestrian
13,1779.0,795.0,1820.0,829.0,54,0,0,1,Pedestrian
13,1779.0,795.0,1820.0,829.0,55,0,0,1,Pedestrian
13,1779.0,795.0,1820.0,829.0,56,0,0,1,Pedestrian
13,1779.0,795.0,1820.0,829.0,57,0,0,1,Pedestrian
13,1779.0,795.0,1820.0,829.0,58,0,0,1,Pedestrian
13,1779.0,795.0,1820.0,829.0,59,0,0,1,Pedestrian
13,1779.0,795.0,1820.0,829.0,60,0,0,1,Pedestrian
13,1779.0,795.0,1820.0,829.0,61,0,0,1,Pedestrian
13,1779.0,795.0,1820.0,829.0,62,0,0,1,Pedestrian
13,1779.0,795.0,1820.0,829.0,63,0,0,1,Pedestrian
13,1779.0,795.0,1820.0,829.0,64,0,0,1,Pedestrian
13,1779.0,795.0,1820.0,829.0,65,0,0,1,Pedestrian
13,1779.0,795.0,1820.0,829.0,66,0,0,1,Pedestrian
13,1779.0,795.0,1820.0,829.0,67,0,0,1,Pedestrian
13,1779.0,795.0,1820.0,829.0,68,0,0,1,Pedestrian
13,1779.0,795.0,1820.0,829.0,69,0,0,1,Pedestrian
13,1779.0,795.0,1820.0,829.0,70,0,0,1,Pedestrian
13,1779.0,795.0,1820.0,829.0,71,0,0,1,Pedestrian
13,1779.0,795.0,1820.0,829.0,72,0,0,1,Pedestrian
13,1779.0,795.0,1820.0,829.0,73,0,0,1,Pedestrian
13,1779.0,795.0,1820.0,829.0,74,0,0,1,Pedestrian
13,1779.0,795.0,1820.0,829.0,75,0,0,1,Pedestrian
13,1779.0,795.0,1820.0,829.0,76,0,0,1,Pedestrian
13,1779.0,795.0,1820.0,829.0,77,0,0,1,Pedestrian
13,1779.0,795.0,1820.0,829.0,78,0,0,1,Pedestrian
13,1779.0,795.0,1820.0,829.0,79,0,0,1,Pedestrian
13,1779.0,795.0,1820.0,829.0,80,0,0,1,Pedestrian
13,1779.0,795.0,1820.0,829.0,81,0,0,1,Pedestrian
13,1779.0,795.0,1820.0,829.0,82,0,0,1,Pedestrian
13,1779.0,795.0,1820.0,829.0,83,0,0,1,Pedestrian
13,1779.0,795.0,1820.0,829.0,84,0,0,1,Pedestrian
13,1779.0,795.0,1820.0,829.0,85,0,0,1,Pedestrian
13,1779.0,795.0,1820.0,829.0,86,0,0,1,Pedestrian
13,1779.0,795.0,1820.0,829.0,87,0,0,1,Pedestrian
13,1779.0,795.0,1820.0,829.0,88,0,0,1,Pedestrian
13,1779.0,795.0,1820.0,829.0,89,0,0,1,Pedestrian
13,1779.0,795.0,1820.0,829.0,90,0,0,1,Pedestrian
13,1779.0,795.0,1820.0,829.0,91,0,0,1,Pedestrian
13,1779.0,795.0,1820.0,829.0,92,0,0,1,Pedestrian
13,1779.0,795.0,1820.0,829.0,93,0,0,1,Pedestrian
13,1779.0,795.0,1820.0,829.0,94,0,0,1,Pedestrian
13,1779.0,795.0,1820.0,829.0,95,0,0,1,Pedestrian
13,1779.0,795.0,1820.0,829.0,96,0,0,1,Pedestrian
13,1779.0,795.0,1820.0,829.0,97,0,0,1,Pedestrian
13,1779.0,795.0,1820.0,829.0,98,0,0,1,Pedestrian
13,1779.0,795.0,1820.0,829.0,99,0,0,1,Pedestrian
13,1779.0,795.0,1820.0,829.0,100,0,0,1,Pedestrian
13,1779.0,795.0,1820.0,829.0,101,0,0,1,Pedestrian
13,1779.0,795.0,1820.0,829.0,102,0,0,1,Pedestrian
13,1779.0,795.0,1820.0,829.0,103,0,0,1,Pedestrian
13,1779.0,795.0,1820.0,829.0,104,0,0,1,Pedestrian
13,1779.0,795.0,1820.0,829.0,105,0,0,1,Pedestrian
13,1779.0,795.0,1820.0,829.0,106,0,0,1,Pedestrian
13,1779.0,795.0,1820.0,829.0,107,0,0,1,Pedestrian
13,1779.0,795.0,1820.0,829.0,108,0,0,1,Pedestrian
13,1779.0,795.0,1820.0,829.0,109,0,0,1,Pedestrian
13,1779.0,795.0,1820.0,829.0,110,0,0,1,Pedestrian
13,1779.0,795.0,1820.0,829.0,111,0,0,1,Pedestrian
13,1779.0,795.0,1820.0,829.0,112,0,0,1,Pedestrian
13,1779.0,795.0,1820.0,829.0,113,0,0,1,Pedestrian
13,1779.0,795.0,1820.0,829.0,114,0,0,1,Pedestrian
13,1779.0,795.0,1820.0,829.0,115,0,0,1,Pedestrian
13,1779.0,795.0,1820.0,829.0,116,0,0,1,Pedestrian
13,1779.0,795.0,1820.0,829.0,117,0,0,1,Pedestrian
13,1779.0,795.0,1820.0,829.0,118,0,0,1,Pedestrian
13,1779.0,795.0,1820.0,829.0,119,0,0,1,Pedestrian
13,1779.0,795.0,1820.0,829.0,120,0,0,1,Pedestrian
13,1779.0,795.0,1820.0,829.0,121,0,0,1,Pedestrian
13,1779.0,795.0,1820.0,829.0,122,0,0,1,Pedestrian
13,1779.0,795.0,1820.0,829.0,123,0,0,1,Pedestrian
13,1779.0,795.0,1820.0,829.0,124,0,0,1,Pedestrian
13,1779.0,795.0,1820.0,829.0,125,0,0,1,Pedestrian
13,1779.0,795.0,1820.0,829.0,126,0,0,1,Pedestrian
13,1779.0,795.0,1820.0,829.0,127,0,0,1,Pedestrian
13,1779.0,795.0,1820.0,829.0,128,0,0,1,Pedestrian
13,1779.0,795.0,1820.0,829.0,129,0,0,1,Pedestrian
13,1779.0,795.0,1820.0,829.0,130,0,0,1,Pedestrian
13,1779.0,795.0,1820.0,829.0,131,0,0,1,Pedestrian
13,1779.0,795.0,1820.0,829.0,132,0,0,1,Pedestrian
13,1779.0,795.0,1820.0,829.0,133,0,0,1,Pedestrian
13,1779.0,795.0,1820.0,829.0,134,0,0,1,Pedestrian
13,1779.0,795.0,1820.0,829.0,135,0,0,1,Pedestrian
13,1779.0,795.0,1820.0,829.0,136,0,0,1,Pedestrian
13,1779.0,795.0,1820.0,829.0,137,0,0,1,Pedestrian
13,1779.0,795.0,1820.0,829.0,138,0,0,1,Pedestrian
13,1779.0,795.0,1820.0,829.0,139,0,0,1,Pedestrian
13,1779.0,795.0,1820.0,829.0,140,0,0,1,Pedestrian
13,1779.0,795.0,1820.0,829.0,141,0,0,1,Pedestrian
13,1779.0,795.0,1820.0,829.0,142,0,0,1,Pedestrian
13,1779.0,795.0,1820.0,829.0,143,0,0,1,Pedestrian
13,1779.0,795.0,1820.0,829.0,144,0,0,1,Pedestrian
13,1779.0,795.0,1820.0,829.0,145,0,0,1,Pedestrian
13,1779.0,795.0,1820.0,829.0,146,0,0,1,Pedestrian
13,1779.0,795.0,1820.0,829.0,147,0,0,1,Pedestrian
13,1779.0,795.0,1820.0,829.0,148,0,0,1,Pedestrian
13,1779.0,795.0,1820.0,829.0,149,0,0,1,Pedestrian
13,1779.0,795.0,1820.0,829.0,150,0,0,1,Pedestrian
13,1779.0,795.0,1820.0,829.0,151,0,0,1,Pedestrian
13,1779.0,795.0,1820.0,829.0,152,0,0,1,Pedestrian
13,1779.0,795.0,1820.0,829.0,153,0,0,1,Pedestrian
13,1779.0,795.0,1820.0,829.0,154,0,0,1,Pedestrian
13,1779.0,795.0,1820.0,829.0,155,0,0,1,Pedestrian
13,1779.0,795.0,1820.0,829.0,156,0,0,1,Pedestrian
13,1779.0,795.0,1820.0,829.0,157,0,0,1,Pedestrian
13,1779.0,795.0,1820.0,829.0,158,0,0,1,Pedestrian
13,1779.0,795.0,1820.0,829.0,159,0,0,1,Pedestrian
13,1779.0,795.0,1820.0,829.0,160,0,0,1,Pedestrian
13,1779.0,795.0,1820.0,829.0,161,0,0,1,Pedestrian
13,1779.0,795.0,1820.0,829.0,162,0,0,1,Pedestrian
13,1779.0,795.0,1820.0,829.0,163,0,0,1,Pedestrian
13,1779.0,795.0,1820.0,829.0,164,0,0,1,Pedestrian
13,1779.0,795.0,1820.0,829.0,165,0,0,1,Pedestrian
13,1779.0,795.0,1820.0,829.0,166,0,0,1,Pedestrian
13,1779.0,795.0,1820.0,829.0,167,0,0,1,Pedestrian
13,1779.0,795.0,1820.0,829.0,168,0,0,1,Pedestrian
13,1779.0,795.0,1820.0,829.0,169,0,0,1,Pedestrian
13,1779.0,795.0,1820.0,829.0,170,0,0,1,Pedestrian
13,1779.0,795.0,1820.0,829.0,171,0,0,1,Pedestrian
13,1779.0,795.0,1820.0,829.0,172,0,0,1,Pedestrian
13,1779.0,795.0,1820.0,829.0,173,0,0,1,Pedestrian
13,1779.0,795.0,1820.0,829.0,174,0,0,1,Pedestrian
13,1779.0,795.0,1820.0,829.0,175,0,0,1,Pedestrian
13,1779.0,795.0,1820.0,829.0,176,0,0,1,Pedestrian
13,1779.0,795.0,1820.0,829.0,177,0,0,1,Pedestrian
13,1779.0,795.0,1820.0,829.0,178,0,0,1,Pedestrian
13,1779.0,795.0,1820.0,829.0,179,0,0,1,Pedestrian
13,1779.0,795.0,1820.0,829.0,180,0,0,1,Pedestrian
13,1779.0,795.0,1820.0,829.0,181,0,0,1,Pedestrian
13,1779.0,795.0,1820.0,829.0,182,0,0,1,Pedestrian
13,1779.0,795.0,1820.0,829.0,183,0,0,1,Pedestrian
13,1779.0,795.0,1820.0,829.0,184,0,0,1,Pedestrian
13,1779.0,795.0,1820.0,829.0,185,0,0,1,Pedestrian
13,1779.0,795.0,1820.0,829.0,186,0,0,1,Pedestrian
13,1779.0,795.0,1820.0,829.0,187,0,0,1,Pedestrian
13,1779.0,795.0,1820.0,829.0,188,0,0,1,Pedestrian
13,1779.0,795.0,1820.0,829.0,189,0,0,1,Pedestrian
13,1779.0,795.0,1820.0,829.0,190,0,0,1,Pedestrian
13,1779.0,795.0,1820.0,829.0,191,0,0,1,Pedestrian
13,1779.0,795.0,1820.0,829.0,192,0,0,1,Pedestrian
13,1779.0,795.0,1820.0,829.0,193,0,0,1,Pedestrian
13,1779.0,795.0,1820.0,829.0,194,0,0,1,Pedestrian
13,1779.0,795.0,1820.0,829.0,195,0,0,1,Pedestrian
13,1779.0,795.0,1820.0,829.0,196,0,0,1,Pedestrian
13,1779.0,795.0,1820.0,829.0,197,0,0,1,Pedestrian
13,1779.0,795.0,1820.0,829.0,198,0,0,1,Pedestrian
13,1779.0,795.0,1820.0,829.0,199,0,0,1,Pedestrian
13,1779.0,795.0,1820.0,829.0,200,0,0,1,Pedestrian
13,1779.0,795.0,1820.0,829.0,201,0,0,1,Pedestrian
13,1779.0,795.0,1820.0,829.0,202,0,0,1,Pedestrian
13,1779.0,795.0,1820.0,829.0,203,0,0,1,Pedestrian
13,1779.0,795.0,1820.0,829.0,204,0,0,1,Pedestrian
13,1779.0,795.0,1820.0,829.0,205,0,0,1,Pedestrian
13,1779.0,795.0,1820.0,829.0,206,0,0,1,Pedestrian
13,1779.0,795.0,1820.0,829.0,207,0,0,1,Pedestrian
13,1779.0,795.0,1820.0,829.0,208,0,0,1,Pedestrian
13,1779.0,795.0,1820.0,829.0,209,0,0,1,Pedestrian
13,1779.0,795.0,1820.0,829.0,210,0,0,1,Pedestrian
13,1779.0,795.0,1820.0,829.0,211,0,0,1,Pedestrian
13,1779.0,795.0,1820.0,829.0,212,0,0,1,Pedestrian
13,1779.0,795.0,1820.0,829.0,213,0,0,1,Pedestrian
13,1779.0,795.0,1820.0,829.0,214,0,0,1,Pedestrian
13,1779.0,795.0,1820.0,829.0,215,0,0,1,Pedestrian
13,1779.0,795.0,1820.0,829.0,216,0,0,1,Pedestrian
13,1779.0,795.0,1820.0,829.0,217,0,0,1,Pedestrian
13,1779.0,795.0,1820.0,829.0,218,0,0,1,Pedestrian
13,1779.0,795.0,1820.0,829.0,219,0,0,1,Pedestrian
13,1779.0,795.0,1820.0,829.0,220,0,0,1,Pedestrian
13,1779.0,795.0,1820.0,829.0,221,0,0,1,Pedestrian
13,1779.0,795.0,1820.0,829.0,222,0,0,1,Pedestrian
13,1779.0,795.0,1820.0,829.0,223,0,0,1,Pedestrian
13,1779.0,795.0,1820.0,829.0,224,0,0,1,Pedestrian
13,1779.0,795.0,1820.0,829.0,225,0,0,1,Pedestrian
13,1779.0,795.0,1820.0,829.0,226,0,0,1,Pedestrian
13,1779.0,795.0,1820.0,829.0,227,0,0,1,Pedestrian
13,1779.0,795.0,1820.0,829.0,228,0,0,1,Pedestrian
13,1779.0,795.0,1820.0,829.0,229,0,0,1,Pedestrian
13,1779.0,795.0,1820.0,829.0,230,0,0,1,Pedestrian
13,1779.0,795.0,1820.0,829.0,231,0,0,1,Pedestrian
13,1779.0,795.0,1820.0,829.0,232,0,0,1,Pedestrian
13,1779.0,795.0,1820.0,829.0,233,0,0,1,Pedestrian
13,1779.0,795.0,1820.0,829.0,234,0,0,1,Pedestrian
13,1779.0,795.0,1820.0,829.0,235,0,0,1,Pedestrian
13,1779.0,795.0,1820.0,829.0,236,0,0,1,Pedestrian
13,1779.0,795.0,1820.0,829.0,237,0,0,1,Pedestrian
13,1779.0,795.0,1820.0,829.0,238,0,0,1,Pedestrian
13,1779.0,795.0,1820.0,829.0,239,0,0,1,Pedestrian
13,1779.0,795.0,1820.0,829.0,240,0,0,1,Pedestrian
13,1779.0,795.0,1820.0,829.0,241,0,0,1,Pedestrian
13,1779.0,795.0,1820.0,829.0,242,0,0,1,Pedestrian
13,1779.0,795.0,1820.0,829.0,243,0,0,1,Pedestrian
13,1779.0,795.0,1820.0,829.0,244,0,0,1,Pedestrian
13,1779.0,795.0,1820.0,829.0,245,0,0,1,Pedestrian
13,1779.0,795.0,1820.0,829.0,246,0,0,1,Pedestrian
13,1779.0,795.0,1820.0,829.0,247,0,0,1,Pedestrian
13,1779.0,795.0,1820.0,829.0,248,0,0,1,Pedestrian
13,1779.0,795.0,1820.0,829.0,249,0,0,1,Pedestrian
13,1779.0,795.0,1820.0,829.0,250,0,0,1,Pedestrian
13,1779.0,795.0,1820.0,829.0,251,0,0,1,Pedestrian
13,1779.0,795.0,1820.0,829.0,252,0,0,1,Pedestrian
13,1779.0,795.0,1820.0,829.0,253,0,0,1,Pedestrian
13,1779.0,795.0,1820.0,829.0,254,0,0,1,Pedestrian
13,1779.0,795.0,1820.0,829.0,255,0,0,1,Pedestrian
13,1779.0,795.0,1820.0,829.0,256,0,0,1,Pedestrian
13,1779.0,795.0,1820.0,829.0,257,0,0,1,Pedestrian
13,1779.0,795.0,1820.0,829.0,258,0,0,1,Pedestrian
13,1779.0,795.0,1820.0,829.0,259,0,0,1,Pedestrian
13,1779.0,795.0,1820.0,829.0,260,0,0,1,Pedestrian
13,1779.0,795.0,1820.0,829.0,261,0,0,1,Pedestrian
13,1779.0,795.0,1820.0,829.0,262,0,0,1,Pedestrian
13,1779.0,795.0,1820.0,829.0,263,0,0,1,Pedestrian
13,1779.0,795.0,1820.0,829.0,264,0,0,1,Pedestrian
13,1779.0,795.0,1820.0,829.0,265,0,0,1,Pedestrian
13,1779.0,795.0,1820.0,829.0,266,0,0,1,Pedestrian
13,1779.0,795.0,1820.0,829.0,267,0,0,1,Pedestrian
13,1779.0,795.0,1820.0,829.0,268,0,0,1,Pedestrian
13,1779.0,795.0,1820.0,829.0,269,0,0,1,Pedestrian
13,1779.0,795.0,1820.0,829.0,270,0,0,1,Pedestrian
13,1779.0,795.0,1820.0,829.0,271,0,0,1,Pedestrian
13,1779.0,795.0,1820.0,829.0,272,0,0,1,Pedestrian
13,1779.0,795.0,1820.0,829.0,273,0,0,1,Pedestrian
13,1779.0,795.0,1820.0,829.0,274,0,0,1,Pedestrian
13,1779.0,795.0,1820.0,829.0,275,0,0,1,Pedestrian
13,1779.0,795.0,1820.0,829.0,276,0,0,1,Pedestrian
13,1779.0,795.0,1820.0,829.0,277,0,0,1,Pedestrian
13,1779.0,795.0,1820.0,829.0,278,0,0,1,Pedestrian
13,1779.0,795.0,1820.0,829.0,279,0,0,1,Pedestrian
13,1779.0,795.0,1820.0,829.0,280,0,0,1,Pedestrian
13,1779.0,795.0,1820.0,829.0,281,0,0,1,Pedestrian
13,1779.0,795.0,1820.0,829.0,282,0,0,1,Pedestrian
13,1779.0,795.0,1820.0,829.0,283,0,0,1,Pedestrian
13,1779.0,795.0,1820.0,829.0,284,0,0,1,Pedestrian
13,1779.0,795.0,1820.0,829.0,285,0,0,1,Pedestrian
13,1779.0,795.0,1820.0,829.0,286,0,0,1,Pedestrian
13,1779.0,795.0,1820.0,829.0,287,0,0,1,Pedestrian
13,1779.0,795.0,1820.0,829.0,288,0,0,1,Pedestrian
13,1779.0,795.0,1820.0,829.0,289,0,0,1,Pedestrian
13,1779.0,795.0,1820.0,829.0,290,0,0,1,Pedestrian
13,1779.0,795.0,1820.0,829.0,291,0,0,1,Pedestrian
13,1779.0,795.0,1820.0,829.0,292,0,0,1,Pedestrian
13,1779.0,795.0,1820.0,829.0,293,0,0,1,Pedestrian
13,1779.0,795.0,1820.0,829.0,294,0,0,1,Pedestrian
13,1779.0,795.0,1820.0,829.0,295,0,0,1,Pedestrian
13,1779.0,795.0,1820.0,829.0,296,0,0,1,Pedestrian
13,1779.0,795.0,1820.0,829.0,297,0,0,1,Pedestrian
13,1779.0,795.0,1820.0,829.0,298,0,0,1,Pedestrian
13,1779.0,795.0,1820.0,829.0,299,0,0,1,Pedestrian
13,1779.0,795.0,1820.0,829.0,300,0,0,1,Pedestrian
13,1779.0,795.0,1820.0,829.0,301,0,0,1,Pedestrian
13,1779.0,795.0,1820.0,829.0,302,0,0,1,Pedestrian
13,1779.0,795.0,1820.0,829.0,303,0,0,1,Pedestrian
13,1779.0,795.0,1820.0,829.0,304,0,0,1,Pedestrian
13,1779.0,795.0,1820.0,829.0,305,0,0,1,Pedestrian
13,1779.0,795.0,1820.0,829.0,306,0,0,1,Pedestrian
13,1779.0,795.0,1820.0,829.0,307,0,0,1,Pedestrian
13,1779.0,795.0,1820.0,829.0,308,0,0,1,Pedestrian
13,1779.0,795.0,1820.0,829.0,309,0,0,1,Pedestrian
13,1779.0,795.0,1820.0,829.0,310,0,0,1,Pedestrian
13,1779.0,795.0,1820.0,829.0,311,0,0,1,Pedestrian
13,1779.0,795.0,1820.0,829.0,312,0,0,1,Pedestrian
13,1779.0,795.0,1820.0,829.0,313,0,0,1,Pedestrian
13,1779.0,795.0,1820.0,829.0,314,0,0,1,Pedestrian
13,1779.0,795.0,1820.0,829.0,315,0,0,1,Pedestrian
13,1779.0,795.0,1820.0,829.0,316,0,0,1,Pedestrian
13,1779.0,795.0,1820.0,829.0,317,0,0,1,Pedestrian
13,1779.0,795.0,1820.0,829.0,318,0,0,1,Pedestrian
13,1779.0,795.0,1820.0,829.0,319,0,0,1,Pedestrian
13,1779.0,795.0,1820.0,829.0,320,0,0,1,Pedestrian
13,1779.0,795.0,1820.0,829.0,321,0,0,1,Pedestrian
13,1779.0,795.0,1820.0,829.0,322,0,0,1,Pedestrian
13,1779.0,795.0,1820.0,829.0,323,0,0,1,Pedestrian
13,1779.0,795.0,1820.0,829.0,324,0,0,1,Pedestrian
13,1779.0,795.0,1820.0,829.0,325,0,0,1,Pedestrian
13,1779.0,795.0,1820.0,829.0,326,0,0,1,Pedestrian
13,1779.0,795.0,1820.0,829.0,327,0,0,1,Pedestrian
13,1779.0,795.0,1820.0,829.0,328,0,0,1,Pedestrian
13,1779.0,795.0,1820.0,829.0,329,0,0,1,Pedestrian
13,1779.0,795.0,1820.0,829.0,330,0,0,1,Pedestrian
13,1779.0,795.0,1820.0,829.0,331,0,0,1,Pedestrian
13,1779.0,795.0,1820.0,829.0,332,0,0,1,Pedestrian
13,1779.0,795.0,1820.0,829.0,333,0,0,1,Pedestrian
13,1779.0,795.0,1820.0,829.0,334,0,0,1,Pedestrian
13,1779.0,795.0,1820.0,829.0,335,0,0,1,Pedestrian
13,1779.0,795.0,1820.0,829.0,336,0,0,1,Pedestrian
13,1779.0,795.0,1820.0,829.0,337,0,0,1,Pedestrian
13,1779.0,795.0,1820.0,829.0,338,0,0,1,Pedestrian
13,1779.0,795.0,1820.0,829.0,339,0,0,1,Pedestrian
13,1779.0,795.0,1820.0,829.0,340,0,0,1,Pedestrian
13,1779.0,795.0,1820.0,829.0,341,0,0,1,Pedestrian
13,1779.0,795.0,1820.0,829.0,342,0,0,1,Pedestrian
13,1779.0,795.0,1820.0,829.0,343,0,0,1,Pedestrian
13,1779.0,795.0,1820.0,829.0,344,0,0,1,Pedestrian
13,1779.0,795.0,1820.0,829.0,345,0,0,1,Pedestrian
13,1779.0,795.0,1820.0,829.0,346,0,0,1,Pedestrian
13,1779.0,795.0,1820.0,829.0,347,0,0,1,Pedestrian
13,1779.0,795.0,1820.0,829.0,348,0,0,1,Pedestrian
13,1779.0,795.0,1820.0,829.0,349,0,0,1,Pedestrian
13,1779.0,795.0,1820.0,829.0,350,0,0,1,Pedestrian
13,1779.0,795.0,1820.0,829.0,351,0,0,1,Pedestrian
13,1779.0,795.0,1820.0,829.0,352,0,0,1,Pedestrian
13,1779.0,795.0,1820.0,829.0,353,0,0,1,Pedestrian
13,1779.0,795.0,1820.0,829.0,354,0,0,1,Pedestrian
13,1779.0,795.0,1820.0,829.0,355,0,0,1,Pedestrian
13,1779.0,795.0,1820.0,829.0,356,0,0,1,Pedestrian
13,1779.0,795.0,1820.0,829.0,357,0,0,1,Pedestrian
13,1779.0,795.0,1820.0,829.0,358,0,0,1,Pedestrian
13,1779.0,795.0,1820.0,829.0,359,0,0,1,Pedestrian
13,1779.0,795.0,1820.0,829.0,360,0,0,1,Pedestrian
13,1779.0,795.0,1820.0,829.0,361,0,0,1,Pedestrian
13,1779.0,795.0,1820.0,829.0,362,0,0,1,Pedestrian
13,1779.0,795.0,1820.0,829.0,363,0,0,1,Pedestrian
13,1779.0,795.0,1820.0,829.0,364,0,0,1,Pedestrian
13,1779.0,795.0,1820.0,829.0,365,0,0,1,Pedestrian
13,1779.0,795.0,1820.0,829.0,366,0,0,1,Pedestrian
13,1779.0,795.0,1820.0,829.0,367,0,0,1,Pedestrian
13,1779.0,795.0,1820.0,829.0,368,0,0,1,Pedestrian
13,1779.0,795.0,1820.0,829.0,369,0,0,1,Pedestrian
13,1779.0,795.0,1820.0,829.0,370,0,0,1,Pedestrian
13,1779.0,795.0,1820.0,829.0,371,0,0,1,Pedestrian
13,1779.0,795.0,1820.0,829.0,372,0,0,1,Pedestrian
13,1779.0,795.0,1820.0,829.0,373,0,0,1,Pedestrian
13,1779.0,795.0,1820.0,829.0,374,0,0,1,Pedestrian
13,1779.0,795.0,1820.0,829.0,375,0,0,1,Pedestrian
13,1779.0,795.0,1820.0,829.0,376,0,0,1,Pedestrian
13,1779.0,795.0,1820.0,829.0,377,0,0,1,Pedestrian
13,1779.0,795.0,1820.0,829.0,378,0,0,1,Pedestrian
13,1779.0,795.0,1820.0,829.0,379,0,0,1,Pedestrian
13,1779.0,795.0,1820.0,829.0,380,0,0,1,Pedestrian
13,1779.0,795.0,1820.0,829.0,381,0,0,1,Pedestrian
13,1779.0,795.0,1820.0,829.0,382,0,0,1,Pedestrian
13,1779.0,795.0,1820.0,829.0,383,0,0,1,Pedestrian
13,1779.0,795.0,1820.0,829.0,384,0,0,1,Pedestrian
13,1779.0,795.0,1820.0,829.0,385,0,0,1,Pedestrian
13,1779.0,795.0,1820.0,829.0,386,0,0,1,Pedestrian
13,1779.0,795.0,1820.0,829.0,387,0,0,1,Pedestrian
13,1779.0,795.0,1820.0,829.0,388,0,0,1,Pedestrian
13,1779.0,795.0,1820.0,829.0,389,0,0,1,Pedestrian
13,1779.0,795.0,1820.0,829.0,390,0,0,1,Pedestrian
13,1779.0,795.0,1820.0,829.0,391,0,0,1,Pedestrian
13,1779.0,795.0,1820.0,829.0,392,0,0,1,Pedestrian
13,1779.0,795.0,1820.0,829.0,393,0,0,1,Pedestrian
13,1779.0,795.0,1820.0,829.0,394,0,0,1,Pedestrian
13,1779.0,795.0,1820.0,829.0,395,0,0,1,Pedestrian
13,1779.0,795.0,1820.0,829.0,396,0,0,1,Pedestrian
13,1779.0,795.0,1820.0,829.0,397,0,0,1,Pedestrian
13,1779.0,795.0,1820.0,829.0,398,0,0,1,Pedestrian
13,1779.0,795.0,1820.0,829.0,399,0,0,1,Pedestrian
13,1779.0,795.0,1820.0,829.0,400,0,0,1,Pedestrian
13,1779.0,795.0,1820.0,829.0,401,0,0,1,Pedestrian
13,1779.0,795.0,1820.0,829.0,402,0,0,1,Pedestrian
13,1779.0,795.0,1820.0,829.0,403,0,0,1,Pedestrian
13,1779.0,795.0,1820.0,829.0,404,0,0,1,Pedestrian
13,1779.0,795.0,1820.0,829.0,405,0,0,1,Pedestrian
13,1779.0,795.0,1820.0,829.0,406,0,0,1,Pedestrian
13,1779.0,795.0,1820.0,829.0,407,0,0,1,Pedestrian
13,1779.0,795.0,1820.0,829.0,408,0,0,1,Pedestrian
13,1779.0,795.0,1820.0,829.0,409,0,0,1,Pedestrian
13,1779.0,795.0,1820.0,829.0,410,0,0,1,Pedestrian
13,1779.0,795.0,1820.0,829.0,411,0,0,1,Pedestrian
13,1779.0,795.0,1820.0,829.0,412,0,0,1,Pedestrian
13,1779.0,795.0,1820.0,829.0,413,0,0,1,Pedestrian
13,1779.0,795.0,1820.0,829.0,414,0,0,1,Pedestrian
13,1779.0,795.0,1820.0,829.0,415,0,0,1,Pedestrian
13,1779.0,795.0,1820.0,829.0,416,0,0,1,Pedestrian
13,1779.0,795.0,1820.0,829.0,417,0,0,1,Pedestrian
13,1779.0,795.0,1820.0,829.0,418,0,0,1,Pedestrian
13,1779.0,795.0,1820.0,829.0,419,0,0,1,Pedestrian
13,1779.0,795.0,1820.0,829.0,420,0,0,1,Pedestrian
13,1779.0,795.0,1820.0,829.0,421,0,0,1,Pedestrian
13,1779.0,795.0,1820.0,829.0,422,0,0,1,Pedestrian
13,1779.0,795.0,1820.0,829.0,423,0,0,1,Pedestrian
13,1779.0,795.0,1820.0,829.0,424,0,0,1,Pedestrian
13,1779.0,795.0,1820.0,829.0,425,0,0,1,Pedestrian
13,1779.0,795.0,1820.0,829.0,426,0,0,1,Pedestrian
13,1779.0,795.0,1820.0,829.0,427,0,0,1,Pedestrian
13,1779.0,795.0,1820.0,829.0,428,0,0,1,Pedestrian
13,1779.0,795.0,1820.0,829.0,429,0,0,1,Pedestrian
13,1779.0,795.0,1820.0,829.0,430,0,0,1,Pedestrian
13,1779.0,795.0,1820.0,829.0,431,0,0,1,Pedestrian
13,1779.0,795.0,1820.0,829.0,432,0,0,1,Pedestrian
13,1779.0,795.0,1820.0,829.0,433,0,0,1,Pedestrian
13,1779.0,795.0,1820.0,829.0,434,0,0,1,Pedestrian
13,1779.0,795.0,1820.0,829.0,435,0,0,1,Pedestrian
13,1779.0,795.0,1820.0,829.0,436,0,0,1,Pedestrian
13,1779.0,795.0,1820.0,829.0,437,0,0,1,Pedestrian
13,1779.0,795.0,1820.0,829.0,438,0,0,1,Pedestrian
13,1779.0,795.0,1820.0,829.0,439,0,0,1,Pedestrian
13,1779.0,795.0,1820.0,829.0,440,0,0,1,Pedestrian
13,1779.0,795.0,1820.0,829.0,441,0,0,1,Pedestrian
13,1779.0,795.0,1820.0,829.0,442,0,0,1,Pedestrian
13,1779.0,795.0,1820.0,829.0,443,0,0,1,Pedestrian
13,1779.0,795.0,1820.0,829.0,444,0,0,1,Pedestrian
13,1779.0,795.0,1820.0,829.0,445,0,0,1,Pedestrian
13,1779.0,795.0,1820.0,829.0,446,0,0,1,Pedestrian
13,1779.0,795.0,1820.0,829.0,447,0,0,1,Pedestrian
13,1779.0,795.0,1820.0,829.0,448,0,0,1,Pedestrian
13,1779.0,795.0,1820.0,829.0,449,0,0,1,Pedestrian
13,1779.0,795.0,1820.0,829.0,450,0,0,1,Pedestrian
13,1779.0,795.0,1820.0,829.0,451,0,0,1,Pedestrian
13,1779.0,795.0,1820.0,829.0,452,0,0,1,Pedestrian
13,1779.0,795.0,1820.0,829.0,453,0,0,1,Pedestrian
13,1779.0,795.0,1820.0,829.0,454,0,0,1,Pedestrian
13,1779.0,795.0,1820.0,829.0,455,0,0,1,Pedestrian
13,1779.0,795.0,1820.0,829.0,456,0,0,1,Pedestrian
13,1779.0,795.0,1820.0,829.0,457,0,0,1,Pedestrian
13,1779.0,795.0,1820.0,829.0,458,0,0,1,Pedestrian
13,1779.0,795.0,1820.0,829.0,459,0,0,1,Pedestrian
13,1779.0,795.0,1820.0,829.0,460,0,0,1,Pedestrian
13,1779.0,795.0,1820.0,829.0,461,0,0,1,Pedestrian
13,1779.0,795.0,1820.0,829.0,462,0,0,1,Pedestrian
13,1779.0,795.0,1820.0,829.0,463,0,0,1,Pedestrian
13,1779.0,795.0,1820.0,829.0,464,0,0,1,Pedestrian
13,1779.0,795.0,1820.0,829.0,465,0,0,1,Pedestrian
13,1779.0,795.0,1820.0,829.0,466,0,0,1,Pedestrian
13,1779.0,795.0,1820.0,829.0,467,0,0,1,Pedestrian
13,1779.0,795.0,1820.0,829.0,468,0,0,1,Pedestrian
13,1779.0,795.0,1820.0,829.0,469,0,0,1,Pedestrian
13,1779.0,795.0,1820.0,829.0,470,0,0,1,Pedestrian
13,1779.0,795.0,1820.0,829.0,471,0,0,1,Pedestrian
13,1779.0,795.0,1820.0,829.0,472,0,0,1,Pedestrian
13,1779.0,795.0,1820.0,829.0,473,0,0,1,Pedestrian
13,1779.0,795.0,1820.0,829.0,474,0,0,1,Pedestrian
13,1779.0,795.0,1820.0,829.0,475,0,0,1,Pedestrian
13,1779.0,795.0,1820.0,829.0,476,0,0,1,Pedestrian
13,1779.0,795.0,1820.0,829.0,477,0,0,1,Pedestrian
13,1779.0,795.0,1820.0,829.0,478,0,0,1,Pedestrian
13,1779.0,795.0,1820.0,829.0,479,0,0,1,Pedestrian
13,1779.0,795.0,1820.0,829.0,480,0,0,1,Pedestrian
13,1779.0,795.0,1820.0,829.0,481,0,0,1,Pedestrian
13,1779.0,795.0,1820.0,829.0,482,0,0,1,Pedestrian
13,1779.0,795.0,1820.0,829.0,483,0,0,1,Pedestrian
13,1779.0,795.0,1820.0,829.0,484,0,0,1,Pedestrian
13,1779.0,795.0,1820.0,829.0,485,0,0,1,Pedestrian
13,1779.0,795.0,1820.0,829.0,486,0,0,1,Pedestrian
13,1779.0,795.0,1820.0,829.0,487,0,0,1,Pedestrian
13,1779.0,795.0,1820.0,829.0,488,0,0,1,Pedestrian
13,1779.0,795.0,1820.0,829.0,489,0,0,1,Pedestrian
13,1779.0,795.0,1820.0,829.0,490,0,0,1,Pedestrian
13,1779.0,795.0,1820.0,829.0,491,0,0,1,Pedestrian
13,1779.0,795.0,1820.0,829.0,492,0,0,1,Pedestrian
13,1779.0,795.0,1820.0,829.0,493,0,0,1,Pedestrian
13,1779.0,795.0,1820.0,829.0,494,0,0,1,Pedestrian
13,1779.0,795.0,1820.0,829.0,495,0,0,1,Pedestrian
13,1779.0,795.0,1820.0,829.0,496,0,0,1,Pedestrian
13,1779.0,795.0,1820.0,829.0,497,0,0,1,Pedestrian
13,1779.0,795.0,1820.0,829.0,498,0,0,1,Pedestrian
13,1779.0,795.0,1820.0,829.0,499,0,0,1,Pedestrian
13,1779.0,795.0,1820.0,829.0,500,0,0,1,Pedestrian
13,1779.0,795.0,1820.0,829.0,501,0,0,1,Pedestrian
13,1779.0,795.0,1820.0,829.0,502,0,0,1,Pedestrian
13,1779.0,795.0,1820.0,829.0,503,0,0,1,Pedestrian
13,1779.0,795.0,1820.0,829.0,504,0,0,1,Pedestrian
13,1779.0,795.0,1820.0,829.0,505,0,0,1,Pedestrian
13,1779.0,795.0,1820.0,829.0,506,0,0,1,Pedestrian
13,1779.0,795.0,1820.0,829.0,507,0,0,1,Pedestrian
13,1779.0,795.0,1820.0,829.0,508,0,0,0,Pedestrian
14,1897.0,741.0,1927.0,772.0,0,0,0,0,Pedestrian
14,1897.0,741.0,1927.0,772.0,1,0,0,1,Pedestrian
14,1897.0,741.0,1927.0,772.0,2,0,0,1,Pedestrian
14,1897.0,741.0,1927.0,772.0,3,0,0,1,Pedestrian
14,1897.0,741.0,1927.0,772.0,4,0,0,1,Pedestrian
14,1900.0,741.0,1930.0,772.0,5,0,0,1,Pedestrian
14,1900.0,741.0,1930.0,772.0,6,0,0,1,Pedestrian
14,1900.0,741.0,1930.0,772.0,7,0,0,1,Pedestrian
14,1900.0,741.0,1930.0,772.0,8,0,0,1,Pedestrian
14,1903.0,741.0,1933.0,772.0,9,0,0,1,Pedestrian
14,1903.0,743.0,1933.0,775.0,10,0,0,1,Pedestrian
14,1903.0,743.0,1933.0,775.0,11,0,0,1,Pedestrian
14,1903.0,743.0,1933.0,775.0,12,0,0,1,Pedestrian
14,1903.0,743.0,1933.0,775.0,13,0,0,1,Pedestrian
14,1905.0,743.0,1936.0,775.0,14,0,0,1,Pedestrian
14,1905.0,743.0,1936.0,775.0,15,0,0,1,Pedestrian
14,1905.0,743.0,1936.0,775.0,16,0,0,1,Pedestrian
14,1905.0,743.0,1936.0,775.0,17,0,0,1,Pedestrian
14,1908.0,743.0,1938.0,775.0,18,0,0,1,Pedestrian
14,1908.0,743.0,1938.0,775.0,19,0,0,1,Pedestrian
14,1908.0,745.0,1938.0,777.0,20,0,0,1,Pedestrian
14,1908.0,745.0,1938.0,777.0,21,0,0,1,Pedestrian
14,1908.0,745.0,1938.0,777.0,22,0,0,1,Pedestrian
14,1911.0,745.0,1941.0,777.0,23,0,0,1,Pedestrian
14,1911.0,745.0,1941.0,777.0,24,0,0,1,Pedestrian
14,1911.0,745.0,1941.0,777.0,25,0,0,1,Pedestrian
14,1911.0,745.0,1941.0,777.0,26,0,0,1,Pedestrian
14,1914.0,745.0,1944.0,777.0,27,0,0,1,Pedestrian
14,1914.0,745.0,1944.0,777.0,28,0,0,1,Pedestrian
14,1914.0,745.0,1944.0,777.0,29,0,0,1,Pedestrian
14,1914.0,748.0,1944.0,779.0,30,0,0,1,Pedestrian
14,1914.0,748.0,1944.0,779.0,31,0,0,1,Pedestrian
14,1916.0,748.0,1947.0,779.0,32,0,0,1,Pedestrian
14,1916.0,748.0,1947.0,779.0,33,0,0,1,Pedestrian
14,1916.0,748.0,1947.0,779.0,34,0,0,1,Pedestrian
14,1916.0,748.0,1947.0,779.0,35,0,0,1,Pedestrian
14,1919.0,748.0,1949.0,779.0,36,0,0,1,Pedestrian
14,1919.0,748.0,1949.0,779.0,37,0,0,1,Pedestrian
14,1919.0,748.0,1949.0,779.0,38,0,0,1,Pedestrian
14,1919.0,748.0,1949.0,779.0,39,0,0,1,Pedestrian
14,1922.0,750.0,1952.0,782.0,40,1,0,0,Pedestrian
14,1922.0,750.0,1952.0,782.0,41,1,0,1,Pedestrian
14,1922.0,750.0,1952.0,782.0,42,1,0,1,Pedestrian
14,1922.0,750.0,1952.0,782.0,43,1,0,1,Pedestrian
14,1922.0,750.0,1952.0,782.0,44,1,0,1,Pedestrian
14,1922.0,750.0,1952.0,782.0,45,1,0,1,Pedestrian
14,1922.0,750.0,1952.0,782.0,46,1,0,1,Pedestrian
14,1922.0,750.0,1952.0,782.0,47,1,0,1,Pedestrian
14,1922.0,750.0,1952.0,782.0,48,1,0,1,Pedestrian
14,1922.0,750.0,1952.0,782.0,49,1,0,1,Pedestrian
14,1922.0,750.0,1952.0,782.0,50,1,0,1,Pedestrian
14,1922.0,750.0,1952.0,782.0,51,1,0,1,Pedestrian
14,1922.0,750.0,1952.0,782.0,52,1,0,1,Pedestrian
14,1922.0,750.0,1952.0,782.0,53,1,0,1,Pedestrian
14,1922.0,750.0,1952.0,782.0,54,1,0,1,Pedestrian
14,1922.0,750.0,1952.0,782.0,55,1,0,1,Pedestrian
14,1922.0,750.0,1952.0,782.0,56,1,0,1,Pedestrian
14,1922.0,750.0,1952.0,782.0,57,1,0,1,Pedestrian
14,1922.0,750.0,1952.0,782.0,58,1,0,1,Pedestrian
14,1922.0,750.0,1952.0,782.0,59,1,0,1,Pedestrian
14,1922.0,750.0,1952.0,782.0,60,1,0,1,Pedestrian
14,1922.0,750.0,1952.0,782.0,61,1,0,1,Pedestrian
14,1922.0,750.0,1952.0,782.0,62,1,0,1,Pedestrian
14,1922.0,750.0,1952.0,782.0,63,1,0,1,Pedestrian
14,1922.0,750.0,1952.0,782.0,64,1,0,1,Pedestrian
14,1922.0,750.0,1952.0,782.0,65,1,0,1,Pedestrian
14,1922.0,750.0,1952.0,782.0,66,1,0,1,Pedestrian
14,1922.0,750.0,1952.0,782.0,67,1,0,1,Pedestrian
14,1922.0,750.0,1952.0,782.0,68,1,0,1,Pedestrian
14,1922.0,750.0,1952.0,782.0,69,1,0,1,Pedestrian
14,1922.0,750.0,1952.0,782.0,70,1,0,1,Pedestrian
14,1922.0,750.0,1952.0,782.0,71,1,0,1,Pedestrian
14,1922.0,750.0,1952.0,782.0,72,1,0,1,Pedestrian
14,1922.0,750.0,1952.0,782.0,73,1,0,1,Pedestrian
14,1922.0,750.0,1952.0,782.0,74,1,0,1,Pedestrian
14,1922.0,750.0,1952.0,782.0,75,1,0,1,Pedestrian
14,1922.0,750.0,1952.0,782.0,76,1,0,1,Pedestrian
14,1922.0,750.0,1952.0,782.0,77,1,0,1,Pedestrian
14,1922.0,750.0,1952.0,782.0,78,1,0,1,Pedestrian
14,1922.0,750.0,1952.0,782.0,79,1,0,1,Pedestrian
14,1922.0,750.0,1952.0,782.0,80,1,0,1,Pedestrian
14,1922.0,750.0,1952.0,782.0,81,1,0,1,Pedestrian
14,1922.0,750.0,1952.0,782.0,82,1,0,1,Pedestrian
14,1922.0,750.0,1952.0,782.0,83,1,0,1,Pedestrian
14,1922.0,750.0,1952.0,782.0,84,1,0,1,Pedestrian
14,1922.0,750.0,1952.0,782.0,85,1,0,1,Pedestrian
14,1922.0,750.0,1952.0,782.0,86,1,0,1,Pedestrian
14,1922.0,750.0,1952.0,782.0,87,1,0,1,Pedestrian
14,1922.0,750.0,1952.0,782.0,88,1,0,1,Pedestrian
14,1922.0,750.0,1952.0,782.0,89,1,0,1,Pedestrian
14,1922.0,750.0,1952.0,782.0,90,1,0,1,Pedestrian
14,1922.0,750.0,1952.0,782.0,91,1,0,1,Pedestrian
14,1922.0,750.0,1952.0,782.0,92,1,0,1,Pedestrian
14,1922.0,750.0,1952.0,782.0,93,1,0,1,Pedestrian
14,1922.0,750.0,1952.0,782.0,94,1,0,1,Pedestrian
14,1922.0,750.0,1952.0,782.0,95,1,0,1,Pedestrian
14,1922.0,750.0,1952.0,782.0,96,1,0,1,Pedestrian
14,1922.0,750.0,1952.0,782.0,97,1,0,1,Pedestrian
14,1922.0,750.0,1952.0,782.0,98,1,0,1,Pedestrian
14,1922.0,750.0,1952.0,782.0,99,1,0,1,Pedestrian
14,1922.0,750.0,1952.0,782.0,100,1,0,1,Pedestrian
14,1922.0,750.0,1952.0,782.0,101,1,0,1,Pedestrian
14,1922.0,750.0,1952.0,782.0,102,1,0,1,Pedestrian
14,1922.0,750.0,1952.0,782.0,103,1,0,1,Pedestrian
14,1922.0,750.0,1952.0,782.0,104,1,0,1,Pedestrian
14,1922.0,750.0,1952.0,782.0,105,1,0,1,Pedestrian
14,1922.0,750.0,1952.0,782.0,106,1,0,1,Pedestrian
14,1922.0,750.0,1952.0,782.0,107,1,0,1,Pedestrian
14,1922.0,750.0,1952.0,782.0,108,1,0,1,Pedestrian
14,1922.0,750.0,1952.0,782.0,109,1,0,1,Pedestrian
14,1922.0,750.0,1952.0,782.0,110,1,0,0,Pedestrian
14,1922.0,750.0,1952.0,782.0,111,1,0,1,Pedestrian
14,1922.0,750.0,1952.0,782.0,112,1,0,1,Pedestrian
14,1922.0,750.0,1952.0,782.0,113,1,0,1,Pedestrian
14,1922.0,750.0,1952.0,782.0,114,1,0,1,Pedestrian
14,1922.0,750.0,1952.0,782.0,115,1,0,1,Pedestrian
14,1922.0,750.0,1952.0,782.0,116,1,0,1,Pedestrian
14,1922.0,750.0,1952.0,782.0,117,1,0,1,Pedestrian
14,1922.0,750.0,1952.0,782.0,118,1,0,1,Pedestrian
14,1922.0,750.0,1952.0,782.0,119,1,0,1,Pedestrian
14,1922.0,750.0,1952.0,782.0,120,1,0,1,Pedestrian
14,1922.0,750.0,1952.0,782.0,121,1,0,1,Pedestrian
14,1922.0,750.0,1952.0,782.0,122,1,0,1,Pedestrian
14,1922.0,750.0,1952.0,782.0,123,1,0,1,Pedestrian
14,1922.0,750.0,1952.0,782.0,124,1,0,1,Pedestrian
14,1922.0,750.0,1952.0,782.0,125,1,0,1,Pedestrian
14,1922.0,750.0,1952.0,782.0,126,1,0,1,Pedestrian
14,1922.0,750.0,1952.0,782.0,127,1,0,1,Pedestrian
14,1922.0,750.0,1952.0,782.0,128,1,0,1,Pedestrian
14,1922.0,750.0,1952.0,782.0,129,1,0,1,Pedestrian
14,1922.0,750.0,1952.0,782.0,130,1,0,1,Pedestrian
14,1922.0,750.0,1952.0,782.0,131,1,0,1,Pedestrian
14,1922.0,750.0,1952.0,782.0,132,1,0,1,Pedestrian
14,1922.0,750.0,1952.0,782.0,133,1,0,1,Pedestrian
14,1922.0,750.0,1952.0,782.0,134,1,0,1,Pedestrian
14,1922.0,750.0,1952.0,782.0,135,1,0,1,Pedestrian
14,1922.0,750.0,1952.0,782.0,136,1,0,1,Pedestrian
14,1922.0,750.0,1952.0,782.0,137,1,0,1,Pedestrian
14,1922.0,750.0,1952.0,782.0,138,1,0,1,Pedestrian
14,1922.0,750.0,1952.0,782.0,139,1,0,1,Pedestrian
14,1922.0,750.0,1952.0,782.0,140,1,0,1,Pedestrian
14,1922.0,750.0,1952.0,782.0,141,1,0,1,Pedestrian
14,1922.0,750.0,1952.0,782.0,142,1,0,1,Pedestrian
14,1922.0,750.0,1952.0,782.0,143,1,0,1,Pedestrian
14,1922.0,750.0,1952.0,782.0,144,1,0,1,Pedestrian
14,1922.0,750.0,1952.0,782.0,145,1,0,1,Pedestrian
14,1922.0,750.0,1952.0,782.0,146,1,0,1,Pedestrian
14,1922.0,750.0,1952.0,782.0,147,1,0,1,Pedestrian
14,1922.0,750.0,1952.0,782.0,148,1,0,1,Pedestrian
14,1922.0,750.0,1952.0,782.0,149,1,0,1,Pedestrian
14,1922.0,750.0,1952.0,782.0,150,1,0,1,Pedestrian
14,1922.0,750.0,1952.0,782.0,151,1,0,1,Pedestrian
14,1922.0,750.0,1952.0,782.0,152,1,0,1,Pedestrian
14,1922.0,750.0,1952.0,782.0,153,1,0,1,Pedestrian
14,1922.0,750.0,1952.0,782.0,154,1,0,1,Pedestrian
14,1922.0,750.0,1952.0,782.0,155,1,0,1,Pedestrian
14,1922.0,750.0,1952.0,782.0,156,1,0,1,Pedestrian
14,1922.0,750.0,1952.0,782.0,157,1,0,1,Pedestrian
14,1922.0,750.0,1952.0,782.0,158,1,0,1,Pedestrian
14,1922.0,750.0,1952.0,782.0,159,1,0,1,Pedestrian
14,1922.0,750.0,1952.0,782.0,160,1,0,1,Pedestrian
14,1922.0,750.0,1952.0,782.0,161,1,0,1,Pedestrian
14,1922.0,750.0,1952.0,782.0,162,1,0,1,Pedestrian
14,1922.0,750.0,1952.0,782.0,163,1,0,1,Pedestrian
14,1922.0,750.0,1952.0,782.0,164,1,0,1,Pedestrian
14,1922.0,750.0,1952.0,782.0,165,1,0,1,Pedestrian
14,1922.0,750.0,1952.0,782.0,166,1,0,1,Pedestrian
14,1922.0,750.0,1952.0,782.0,167,1,0,1,Pedestrian
14,1922.0,750.0,1952.0,782.0,168,1,0,1,Pedestrian
14,1922.0,750.0,1952.0,782.0,169,1,0,1,Pedestrian
14,1922.0,750.0,1952.0,782.0,170,1,0,1,Pedestrian
14,1922.0,750.0,1952.0,782.0,171,1,0,1,Pedestrian
14,1922.0,750.0,1952.0,782.0,172,1,0,1,Pedestrian
14,1922.0,750.0,1952.0,782.0,173,1,0,1,Pedestrian
14,1922.0,750.0,1952.0,782.0,174,1,0,1,Pedestrian
14,1922.0,750.0,1952.0,782.0,175,1,0,1,Pedestrian
14,1922.0,750.0,1952.0,782.0,176,1,0,1,Pedestrian
14,1922.0,750.0,1952.0,782.0,177,1,0,1,Pedestrian
14,1922.0,750.0,1952.0,782.0,178,1,0,1,Pedestrian
14,1922.0,750.0,1952.0,782.0,179,1,0,1,Pedestrian
14,1922.0,750.0,1952.0,782.0,180,1,0,1,Pedestrian
14,1922.0,750.0,1952.0,782.0,181,1,0,1,Pedestrian
14,1922.0,750.0,1952.0,782.0,182,1,0,1,Pedestrian
14,1922.0,750.0,1952.0,782.0,183,1,0,1,Pedestrian
14,1922.0,750.0,1952.0,782.0,184,1,0,1,Pedestrian
14,1922.0,750.0,1952.0,782.0,185,1,0,1,Pedestrian
14,1922.0,750.0,1952.0,782.0,186,1,0,1,Pedestrian
14,1922.0,750.0,1952.0,782.0,187,1,0,1,Pedestrian
14,1922.0,750.0,1952.0,782.0,188,1,0,1,Pedestrian
14,1922.0,750.0,1952.0,782.0,189,1,0,1,Pedestrian
14,1922.0,750.0,1952.0,782.0,190,1,0,1,Pedestrian
14,1922.0,750.0,1952.0,782.0,191,1,0,1,Pedestrian
14,1922.0,750.0,1952.0,782.0,192,1,0,1,Pedestrian
14,1922.0,750.0,1952.0,782.0,193,1,0,1,Pedestrian
14,1922.0,750.0,1952.0,782.0,194,1,0,1,Pedestrian
14,1922.0,750.0,1952.0,782.0,195,1,0,1,Pedestrian
14,1922.0,750.0,1952.0,782.0,196,1,0,1,Pedestrian
14,1922.0,750.0,1952.0,782.0,197,1,0,1,Pedestrian
14,1922.0,750.0,1952.0,782.0,198,1,0,1,Pedestrian
14,1922.0,750.0,1952.0,782.0,199,1,0,1,Pedestrian
14,1922.0,750.0,1952.0,782.0,200,1,0,1,Pedestrian
14,1922.0,750.0,1952.0,782.0,201,1,0,1,Pedestrian
14,1922.0,750.0,1952.0,782.0,202,1,0,1,Pedestrian
14,1922.0,750.0,1952.0,782.0,203,1,0,1,Pedestrian
14,1922.0,750.0,1952.0,782.0,204,1,0,1,Pedestrian
14,1922.0,750.0,1952.0,782.0,205,1,0,1,Pedestrian
14,1922.0,750.0,1952.0,782.0,206,1,0,1,Pedestrian
14,1922.0,750.0,1952.0,782.0,207,1,0,1,Pedestrian
14,1922.0,750.0,1952.0,782.0,208,1,0,1,Pedestrian
14,1922.0,750.0,1952.0,782.0,209,1,0,1,Pedestrian
14,1922.0,750.0,1952.0,782.0,210,1,0,1,Pedestrian
14,1922.0,750.0,1952.0,782.0,211,1,0,1,Pedestrian
14,1922.0,750.0,1952.0,782.0,212,1,0,1,Pedestrian
14,1922.0,750.0,1952.0,782.0,213,1,0,1,Pedestrian
14,1922.0,750.0,1952.0,782.0,214,1,0,1,Pedestrian
14,1922.0,750.0,1952.0,782.0,215,1,0,1,Pedestrian
14,1922.0,750.0,1952.0,782.0,216,1,0,1,Pedestrian
14,1922.0,750.0,1952.0,782.0,217,1,0,1,Pedestrian
14,1922.0,750.0,1952.0,782.0,218,1,0,1,Pedestrian
14,1922.0,750.0,1952.0,782.0,219,1,0,1,Pedestrian
14,1922.0,750.0,1952.0,782.0,220,1,0,1,Pedestrian
14,1922.0,750.0,1952.0,782.0,221,1,0,1,Pedestrian
14,1922.0,750.0,1952.0,782.0,222,1,0,1,Pedestrian
14,1922.0,750.0,1952.0,782.0,223,1,0,1,Pedestrian
14,1922.0,750.0,1952.0,782.0,224,1,0,1,Pedestrian
14,1922.0,750.0,1952.0,782.0,225,1,0,1,Pedestrian
14,1922.0,750.0,1952.0,782.0,226,1,0,1,Pedestrian
14,1922.0,750.0,1952.0,782.0,227,1,0,1,Pedestrian
14,1922.0,750.0,1952.0,782.0,228,1,0,1,Pedestrian
14,1922.0,750.0,1952.0,782.0,229,1,0,1,Pedestrian
14,1922.0,750.0,1952.0,782.0,230,1,0,1,Pedestrian
14,1922.0,750.0,1952.0,782.0,231,1,0,1,Pedestrian
14,1922.0,750.0,1952.0,782.0,232,1,0,1,Pedestrian
14,1922.0,750.0,1952.0,782.0,233,1,0,1,Pedestrian
14,1922.0,750.0,1952.0,782.0,234,1,0,1,Pedestrian
14,1922.0,750.0,1952.0,782.0,235,1,0,1,Pedestrian
14,1922.0,750.0,1952.0,782.0,236,1,0,1,Pedestrian
14,1922.0,750.0,1952.0,782.0,237,1,0,1,Pedestrian
14,1922.0,750.0,1952.0,782.0,238,1,0,1,Pedestrian
14,1922.0,750.0,1952.0,782.0,239,1,0,1,Pedestrian
14,1922.0,750.0,1952.0,782.0,240,1,0,1,Pedestrian
14,1922.0,750.0,1952.0,782.0,241,1,0,1,Pedestrian
14,1922.0,750.0,1952.0,782.0,242,1,0,1,Pedestrian
14,1922.0,750.0,1952.0,782.0,243,1,0,1,Pedestrian
14,1922.0,750.0,1952.0,782.0,244,1,0,1,Pedestrian
14,1922.0,750.0,1952.0,782.0,245,1,0,1,Pedestrian
14,1922.0,750.0,1952.0,782.0,246,1,0,1,Pedestrian
14,1922.0,750.0,1952.0,782.0,247,1,0,1,Pedestrian
14,1922.0,750.0,1952.0,782.0,248,1,0,1,Pedestrian
14,1922.0,750.0,1952.0,782.0,249,1,0,1,Pedestrian
14,1922.0,750.0,1952.0,782.0,250,1,0,1,Pedestrian
14,1922.0,750.0,1952.0,782.0,251,1,0,1,Pedestrian
14,1922.0,750.0,1952.0,782.0,252,1,0,1,Pedestrian
14,1922.0,750.0,1952.0,782.0,253,1,0,1,Pedestrian
14,1922.0,750.0,1952.0,782.0,254,1,0,1,Pedestrian
14,1922.0,750.0,1952.0,782.0,255,1,0,1,Pedestrian
14,1922.0,750.0,1952.0,782.0,256,1,0,1,Pedestrian
14,1922.0,750.0,1952.0,782.0,257,1,0,1,Pedestrian
14,1922.0,750.0,1952.0,782.0,258,1,0,1,Pedestrian
14,1922.0,750.0,1952.0,782.0,259,1,0,1,Pedestrian
14,1922.0,750.0,1952.0,782.0,260,1,0,1,Pedestrian
14,1922.0,750.0,1952.0,782.0,261,1,0,1,Pedestrian
14,1922.0,750.0,1952.0,782.0,262,1,0,1,Pedestrian
14,1922.0,750.0,1952.0,782.0,263,1,0,1,Pedestrian
14,1922.0,750.0,1952.0,782.0,264,1,0,1,Pedestrian
14,1922.0,750.0,1952.0,782.0,265,1,0,1,Pedestrian
14,1922.0,750.0,1952.0,782.0,266,1,0,1,Pedestrian
14,1922.0,750.0,1952.0,782.0,267,1,0,1,Pedestrian
14,1922.0,750.0,1952.0,782.0,268,1,0,1,Pedestrian
14,1922.0,750.0,1952.0,782.0,269,1,0,1,Pedestrian
14,1922.0,750.0,1952.0,782.0,270,1,0,1,Pedestrian
14,1922.0,750.0,1952.0,782.0,271,1,0,1,Pedestrian
14,1922.0,750.0,1952.0,782.0,272,1,0,1,Pedestrian
14,1922.0,750.0,1952.0,782.0,273,1,0,1,Pedestrian
14,1922.0,750.0,1952.0,782.0,274,1,0,1,Pedestrian
14,1922.0,750.0,1952.0,782.0,275,1,0,1,Pedestrian
14,1922.0,750.0,1952.0,782.0,276,1,0,1,Pedestrian
14,1922.0,750.0,1952.0,782.0,277,1,0,1,Pedestrian
14,1922.0,750.0,1952.0,782.0,278,1,0,1,Pedestrian
14,1922.0,750.0,1952.0,782.0,279,1,0,1,Pedestrian
14,1922.0,750.0,1952.0,782.0,280,1,0,1,Pedestrian
14,1922.0,750.0,1952.0,782.0,281,1,0,1,Pedestrian
14,1922.0,750.0,1952.0,782.0,282,1,0,1,Pedestrian
14,1922.0,750.0,1952.0,782.0,283,1,0,1,Pedestrian
14,1922.0,750.0,1952.0,782.0,284,1,0,1,Pedestrian
14,1922.0,750.0,1952.0,782.0,285,1,0,1,Pedestrian
14,1922.0,750.0,1952.0,782.0,286,1,0,1,Pedestrian
14,1922.0,750.0,1952.0,782.0,287,1,0,1,Pedestrian
14,1922.0,750.0,1952.0,782.0,288,1,0,1,Pedestrian
14,1922.0,750.0,1952.0,782.0,289,1,0,1,Pedestrian
14,1922.0,750.0,1952.0,782.0,290,1,0,1,Pedestrian
14,1922.0,750.0,1952.0,782.0,291,1,0,1,Pedestrian
14,1922.0,750.0,1952.0,782.0,292,1,0,1,Pedestrian
14,1922.0,750.0,1952.0,782.0,293,1,0,1,Pedestrian
14,1922.0,750.0,1952.0,782.0,294,1,0,1,Pedestrian
14,1922.0,750.0,1952.0,782.0,295,1,0,1,Pedestrian
14,1922.0,750.0,1952.0,782.0,296,1,0,1,Pedestrian
14,1922.0,750.0,1952.0,782.0,297,1,0,1,Pedestrian
14,1922.0,750.0,1952.0,782.0,298,1,0,1,Pedestrian
14,1922.0,750.0,1952.0,782.0,299,1,0,1,Pedestrian
14,1922.0,750.0,1952.0,782.0,300,1,0,1,Pedestrian
14,1922.0,750.0,1952.0,782.0,301,1,0,1,Pedestrian
14,1922.0,750.0,1952.0,782.0,302,1,0,1,Pedestrian
14,1922.0,750.0,1952.0,782.0,303,1,0,1,Pedestrian
14,1922.0,750.0,1952.0,782.0,304,1,0,1,Pedestrian
14,1922.0,750.0,1952.0,782.0,305,1,0,1,Pedestrian
14,1922.0,750.0,1952.0,782.0,306,1,0,1,Pedestrian
14,1922.0,750.0,1952.0,782.0,307,1,0,1,Pedestrian
14,1922.0,750.0,1952.0,782.0,308,1,0,1,Pedestrian
14,1922.0,750.0,1952.0,782.0,309,1,0,1,Pedestrian
14,1922.0,750.0,1952.0,782.0,310,1,0,1,Pedestrian
14,1922.0,750.0,1952.0,782.0,311,1,0,1,Pedestrian
14,1922.0,750.0,1952.0,782.0,312,1,0,1,Pedestrian
14,1922.0,750.0,1952.0,782.0,313,1,0,1,Pedestrian
14,1922.0,750.0,1952.0,782.0,314,1,0,1,Pedestrian
14,1922.0,750.0,1952.0,782.0,315,1,0,1,Pedestrian
14,1922.0,750.0,1952.0,782.0,316,1,0,1,Pedestrian
14,1922.0,750.0,1952.0,782.0,317,1,0,1,Pedestrian
14,1922.0,750.0,1952.0,782.0,318,1,0,1,Pedestrian
14,1922.0,750.0,1952.0,782.0,319,1,0,1,Pedestrian
14,1922.0,750.0,1952.0,782.0,320,1,0,1,Pedestrian
14,1922.0,750.0,1952.0,782.0,321,1,0,1,Pedestrian
14,1922.0,750.0,1952.0,782.0,322,1,0,1,Pedestrian
14,1922.0,750.0,1952.0,782.0,323,1,0,1,Pedestrian
14,1922.0,750.0,1952.0,782.0,324,1,0,1,Pedestrian
14,1922.0,750.0,1952.0,782.0,325,1,0,1,Pedestrian
14,1922.0,750.0,1952.0,782.0,326,1,0,1,Pedestrian
14,1922.0,750.0,1952.0,782.0,327,1,0,1,Pedestrian
14,1922.0,750.0,1952.0,782.0,328,1,0,1,Pedestrian
14,1922.0,750.0,1952.0,782.0,329,1,0,1,Pedestrian
14,1922.0,750.0,1952.0,782.0,330,1,0,1,Pedestrian
14,1922.0,750.0,1952.0,782.0,331,1,0,1,Pedestrian
14,1922.0,750.0,1952.0,782.0,332,1,0,1,Pedestrian
14,1922.0,750.0,1952.0,782.0,333,1,0,1,Pedestrian
14,1922.0,750.0,1952.0,782.0,334,1,0,1,Pedestrian
14,1922.0,750.0,1952.0,782.0,335,1,0,1,Pedestrian
14,1922.0,750.0,1952.0,782.0,336,1,0,1,Pedestrian
14,1922.0,750.0,1952.0,782.0,337,1,0,1,Pedestrian
14,1922.0,750.0,1952.0,782.0,338,1,0,1,Pedestrian
14,1922.0,750.0,1952.0,782.0,339,1,0,1,Pedestrian
14,1922.0,750.0,1952.0,782.0,340,1,0,1,Pedestrian
14,1922.0,750.0,1952.0,782.0,341,1,0,1,Pedestrian
14,1922.0,750.0,1952.0,782.0,342,1,0,1,Pedestrian
14,1922.0,750.0,1952.0,782.0,343,1,0,1,Pedestrian
14,1922.0,750.0,1952.0,782.0,344,1,0,1,Pedestrian
14,1922.0,750.0,1952.0,782.0,345,1,0,1,Pedestrian
14,1922.0,750.0,1952.0,782.0,346,1,0,1,Pedestrian
14,1922.0,750.0,1952.0,782.0,347,1,0,1,Pedestrian
14,1922.0,750.0,1952.0,782.0,348,1,0,1,Pedestrian
14,1922.0,750.0,1952.0,782.0,349,1,0,1,Pedestrian
14,1922.0,750.0,1952.0,782.0,350,1,0,1,Pedestrian
14,1922.0,750.0,1952.0,782.0,351,1,0,1,Pedestrian
14,1922.0,750.0,1952.0,782.0,352,1,0,1,Pedestrian
14,1922.0,750.0,1952.0,782.0,353,1,0,1,Pedestrian
14,1922.0,750.0,1952.0,782.0,354,1,0,1,Pedestrian
14,1922.0,750.0,1952.0,782.0,355,1,0,1,Pedestrian
14,1922.0,750.0,1952.0,782.0,356,1,0,1,Pedestrian
14,1922.0,750.0,1952.0,782.0,357,1,0,1,Pedestrian
14,1922.0,750.0,1952.0,782.0,358,1,0,1,Pedestrian
14,1922.0,750.0,1952.0,782.0,359,1,0,1,Pedestrian
14,1922.0,750.0,1952.0,782.0,360,1,0,1,Pedestrian
14,1922.0,750.0,1952.0,782.0,361,1,0,1,Pedestrian
14,1922.0,750.0,1952.0,782.0,362,1,0,1,Pedestrian
14,1922.0,750.0,1952.0,782.0,363,1,0,1,Pedestrian
14,1922.0,750.0,1952.0,782.0,364,1,0,1,Pedestrian
14,1922.0,750.0,1952.0,782.0,365,1,0,1,Pedestrian
14,1922.0,750.0,1952.0,782.0,366,1,0,1,Pedestrian
14,1922.0,750.0,1952.0,782.0,367,1,0,1,Pedestrian
14,1922.0,750.0,1952.0,782.0,368,1,0,1,Pedestrian
14,1922.0,750.0,1952.0,782.0,369,1,0,1,Pedestrian
14,1922.0,750.0,1952.0,782.0,370,1,0,1,Pedestrian
14,1922.0,750.0,1952.0,782.0,371,1,0,1,Pedestrian
14,1922.0,750.0,1952.0,782.0,372,1,0,1,Pedestrian
14,1922.0,750.0,1952.0,782.0,373,1,0,1,Pedestrian
14,1922.0,750.0,1952.0,782.0,374,1,0,1,Pedestrian
14,1922.0,750.0,1952.0,782.0,375,1,0,1,Pedestrian
14,1922.0,750.0,1952.0,782.0,376,1,0,1,Pedestrian
14,1922.0,750.0,1952.0,782.0,377,1,0,1,Pedestrian
14,1922.0,750.0,1952.0,782.0,378,1,0,1,Pedestrian
14,1922.0,750.0,1952.0,782.0,379,1,0,1,Pedestrian
14,1922.0,750.0,1952.0,782.0,380,1,0,1,Pedestrian
14,1922.0,750.0,1952.0,782.0,381,1,0,1,Pedestrian
14,1922.0,750.0,1952.0,782.0,382,1,0,1,Pedestrian
14,1922.0,750.0,1952.0,782.0,383,1,0,1,Pedestrian
14,1922.0,750.0,1952.0,782.0,384,1,0,1,Pedestrian
14,1922.0,750.0,1952.0,782.0,385,1,0,1,Pedestrian
14,1922.0,750.0,1952.0,782.0,386,1,0,1,Pedestrian
14,1922.0,750.0,1952.0,782.0,387,1,0,1,Pedestrian
14,1922.0,750.0,1952.0,782.0,388,1,0,1,Pedestrian
14,1922.0,750.0,1952.0,782.0,389,1,0,1,Pedestrian
14,1922.0,750.0,1952.0,782.0,390,1,0,1,Pedestrian
14,1922.0,750.0,1952.0,782.0,391,1,0,1,Pedestrian
14,1922.0,750.0,1952.0,782.0,392,1,0,1,Pedestrian
14,1922.0,750.0,1952.0,782.0,393,1,0,1,Pedestrian
14,1922.0,750.0,1952.0,782.0,394,1,0,1,Pedestrian
14,1922.0,750.0,1952.0,782.0,395,1,0,1,Pedestrian
14,1922.0,750.0,1952.0,782.0,396,1,0,1,Pedestrian
14,1922.0,750.0,1952.0,782.0,397,1,0,1,Pedestrian
14,1922.0,750.0,1952.0,782.0,398,1,0,1,Pedestrian
14,1922.0,750.0,1952.0,782.0,399,1,0,1,Pedestrian
14,1922.0,750.0,1952.0,782.0,400,1,0,1,Pedestrian
14,1922.0,750.0,1952.0,782.0,401,1,0,1,Pedestrian
14,1922.0,750.0,1952.0,782.0,402,1,0,1,Pedestrian
14,1922.0,750.0,1952.0,782.0,403,1,0,1,Pedestrian
14,1922.0,750.0,1952.0,782.0,404,1,0,1,Pedestrian
14,1922.0,750.0,1952.0,782.0,405,1,0,1,Pedestrian
14,1922.0,750.0,1952.0,782.0,406,1,0,1,Pedestrian
14,1922.0,750.0,1952.0,782.0,407,1,0,1,Pedestrian
14,1922.0,750.0,1952.0,782.0,408,1,0,1,Pedestrian
14,1922.0,750.0,1952.0,782.0,409,1,0,1,Pedestrian
14,1922.0,750.0,1952.0,782.0,410,1,0,1,Pedestrian
14,1922.0,750.0,1952.0,782.0,411,1,0,1,Pedestrian
14,1922.0,750.0,1952.0,782.0,412,1,0,1,Pedestrian
14,1922.0,750.0,1952.0,782.0,413,1,0,1,Pedestrian
14,1922.0,750.0,1952.0,782.0,414,1,0,1,Pedestrian
14,1922.0,750.0,1952.0,782.0,415,1,0,1,Pedestrian
14,1922.0,750.0,1952.0,782.0,416,1,0,1,Pedestrian
14,1922.0,750.0,1952.0,782.0,417,1,0,1,Pedestrian
14,1922.0,750.0,1952.0,782.0,418,1,0,1,Pedestrian
14,1922.0,750.0,1952.0,782.0,419,1,0,1,Pedestrian
14,1922.0,750.0,1952.0,782.0,420,1,0,1,Pedestrian
14,1922.0,750.0,1952.0,782.0,421,1,0,1,Pedestrian
14,1922.0,750.0,1952.0,782.0,422,1,0,1,Pedestrian
14,1922.0,750.0,1952.0,782.0,423,1,0,1,Pedestrian
14,1922.0,750.0,1952.0,782.0,424,1,0,1,Pedestrian
14,1922.0,750.0,1952.0,782.0,425,1,0,1,Pedestrian
14,1922.0,750.0,1952.0,782.0,426,1,0,1,Pedestrian
14,1922.0,750.0,1952.0,782.0,427,1,0,1,Pedestrian
14,1922.0,750.0,1952.0,782.0,428,1,0,1,Pedestrian
14,1922.0,750.0,1952.0,782.0,429,1,0,1,Pedestrian
14,1922.0,750.0,1952.0,782.0,430,1,0,1,Pedestrian
14,1922.0,750.0,1952.0,782.0,431,1,0,1,Pedestrian
14,1922.0,750.0,1952.0,782.0,432,1,0,1,Pedestrian
14,1922.0,750.0,1952.0,782.0,433,1,0,1,Pedestrian
14,1922.0,750.0,1952.0,782.0,434,1,0,1,Pedestrian
14,1922.0,750.0,1952.0,782.0,435,1,0,1,Pedestrian
14,1922.0,750.0,1952.0,782.0,436,1,0,1,Pedestrian
14,1922.0,750.0,1952.0,782.0,437,1,0,1,Pedestrian
14,1922.0,750.0,1952.0,782.0,438,1,0,1,Pedestrian
14,1922.0,750.0,1952.0,782.0,439,1,0,1,Pedestrian
14,1922.0,750.0,1952.0,782.0,440,1,0,1,Pedestrian
14,1922.0,750.0,1952.0,782.0,441,1,0,1,Pedestrian
14,1922.0,750.0,1952.0,782.0,442,1,0,1,Pedestrian
14,1922.0,750.0,1952.0,782.0,443,1,0,1,Pedestrian
14,1922.0,750.0,1952.0,782.0,444,1,0,1,Pedestrian
14,1922.0,750.0,1952.0,782.0,445,1,0,1,Pedestrian
14,1922.0,750.0,1952.0,782.0,446,1,0,1,Pedestrian
14,1922.0,750.0,1952.0,782.0,447,1,0,1,Pedestrian
14,1922.0,750.0,1952.0,782.0,448,1,0,1,Pedestrian
14,1922.0,750.0,1952.0,782.0,449,1,0,1,Pedestrian
14,1922.0,750.0,1952.0,782.0,450,1,0,1,Pedestrian
14,1922.0,750.0,1952.0,782.0,451,1,0,1,Pedestrian
14,1922.0,750.0,1952.0,782.0,452,1,0,1,Pedestrian
14,1922.0,750.0,1952.0,782.0,453,1,0,1,Pedestrian
14,1922.0,750.0,1952.0,782.0,454,1,0,1,Pedestrian
14,1922.0,750.0,1952.0,782.0,455,1,0,1,Pedestrian
14,1922.0,750.0,1952.0,782.0,456,1,0,1,Pedestrian
14,1922.0,750.0,1952.0,782.0,457,1,0,1,Pedestrian
14,1922.0,750.0,1952.0,782.0,458,1,0,1,Pedestrian
14,1922.0,750.0,1952.0,782.0,459,1,0,1,Pedestrian
14,1922.0,750.0,1952.0,782.0,460,1,0,1,Pedestrian
14,1922.0,750.0,1952.0,782.0,461,1,0,1,Pedestrian
14,1922.0,750.0,1952.0,782.0,462,1,0,1,Pedestrian
14,1922.0,750.0,1952.0,782.0,463,1,0,1,Pedestrian
14,1922.0,750.0,1952.0,782.0,464,1,0,1,Pedestrian
14,1922.0,750.0,1952.0,782.0,465,1,0,1,Pedestrian
14,1922.0,750.0,1952.0,782.0,466,1,0,1,Pedestrian
14,1922.0,750.0,1952.0,782.0,467,1,0,1,Pedestrian
14,1922.0,750.0,1952.0,782.0,468,1,0,1,Pedestrian
14,1922.0,750.0,1952.0,782.0,469,1,0,1,Pedestrian
14,1922.0,750.0,1952.0,782.0,470,1,0,1,Pedestrian
14,1922.0,750.0,1952.0,782.0,471,1,0,1,Pedestrian
14,1922.0,750.0,1952.0,782.0,472,1,0,1,Pedestrian
14,1922.0,750.0,1952.0,782.0,473,1,0,1,Pedestrian
14,1922.0,750.0,1952.0,782.0,474,1,0,1,Pedestrian
14,1922.0,750.0,1952.0,782.0,475,1,0,1,Pedestrian
14,1922.0,750.0,1952.0,782.0,476,1,0,1,Pedestrian
14,1922.0,750.0,1952.0,782.0,477,1,0,1,Pedestrian
14,1922.0,750.0,1952.0,782.0,478,1,0,1,Pedestrian
14,1922.0,750.0,1952.0,782.0,479,1,0,1,Pedestrian
14,1922.0,750.0,1952.0,782.0,480,1,0,1,Pedestrian
14,1922.0,750.0,1952.0,782.0,481,1,0,1,Pedestrian
14,1922.0,750.0,1952.0,782.0,482,1,0,1,Pedestrian
14,1922.0,750.0,1952.0,782.0,483,1,0,1,Pedestrian
14,1922.0,750.0,1952.0,782.0,484,1,0,1,Pedestrian
14,1922.0,750.0,1952.0,782.0,485,1,0,1,Pedestrian
14,1922.0,750.0,1952.0,782.0,486,1,0,1,Pedestrian
14,1922.0,750.0,1952.0,782.0,487,1,0,1,Pedestrian
14,1922.0,750.0,1952.0,782.0,488,1,0,1,Pedestrian
14,1922.0,750.0,1952.0,782.0,489,1,0,1,Pedestrian
14,1922.0,750.0,1952.0,782.0,490,1,0,1,Pedestrian
14,1922.0,750.0,1952.0,782.0,491,1,0,1,Pedestrian
14,1922.0,750.0,1952.0,782.0,492,1,0,1,Pedestrian
14,1922.0,750.0,1952.0,782.0,493,1,0,1,Pedestrian
14,1922.0,750.0,1952.0,782.0,494,1,0,1,Pedestrian
14,1922.0,750.0,1952.0,782.0,495,1,0,1,Pedestrian
14,1922.0,750.0,1952.0,782.0,496,1,0,1,Pedestrian
14,1922.0,750.0,1952.0,782.0,497,1,0,1,Pedestrian
14,1922.0,750.0,1952.0,782.0,498,1,0,1,Pedestrian
14,1922.0,750.0,1952.0,782.0,499,1,0,1,Pedestrian
14,1922.0,750.0,1952.0,782.0,500,1,0,1,Pedestrian
14,1922.0,750.0,1952.0,782.0,501,1,0,1,Pedestrian
14,1922.0,750.0,1952.0,782.0,502,1,0,1,Pedestrian
14,1922.0,750.0,1952.0,782.0,503,1,0,1,Pedestrian
14,1922.0,750.0,1952.0,782.0,504,1,0,1,Pedestrian
14,1922.0,750.0,1952.0,782.0,505,1,0,1,Pedestrian
14,1922.0,750.0,1952.0,782.0,506,1,0,1,Pedestrian
14,1922.0,750.0,1952.0,782.0,507,1,0,1,Pedestrian
14,1922.0,750.0,1952.0,782.0,508,0,0,0,Pedestrian
15,1870.0,859.0,1919.0,890.0,0,0,0,0,Pedestrian
15,1870.0,856.0,1919.0,888.0,1,0,0,1,Pedestrian
15,1870.0,856.0,1919.0,888.0,2,0,0,1,Pedestrian
15,1872.0,856.0,1922.0,888.0,3,0,0,1,Pedestrian
15,1872.0,856.0,1922.0,888.0,4,0,0,1,Pedestrian
15,1872.0,856.0,1922.0,888.0,5,0,0,1,Pedestrian
15,1875.0,856.0,1925.0,888.0,6,0,0,1,Pedestrian
15,1875.0,856.0,1925.0,888.0,7,0,0,1,Pedestrian
15,1875.0,856.0,1925.0,888.0,8,0,0,1,Pedestrian
15,1878.0,854.0,1927.0,886.0,9,0,0,1,Pedestrian
15,1878.0,854.0,1927.0,886.0,10,0,0,1,Pedestrian
15,1878.0,854.0,1927.0,886.0,11,0,0,1,Pedestrian
15,1881.0,854.0,1930.0,886.0,12,0,0,1,Pedestrian
15,1881.0,854.0,1930.0,886.0,13,0,0,1,Pedestrian
15,1881.0,854.0,1930.0,886.0,14,0,0,1,Pedestrian
15,1883.0,854.0,1933.0,886.0,15,0,0,1,Pedestrian
15,1883.0,854.0,1933.0,886.0,16,0,0,1,Pedestrian
15,1883.0,854.0,1933.0,886.0,17,0,0,1,Pedestrian
15,1886.0,852.0,1936.0,884.0,18,0,0,1,Pedestrian
15,1886.0,852.0,1936.0,884.0,19,0,0,1,Pedestrian
15,1886.0,852.0,1936.0,884.0,20,0,0,1,Pedestrian
15,1889.0,852.0,1938.0,884.0,21,0,0,1,Pedestrian
15,1889.0,852.0,1938.0,884.0,22,0,0,1,Pedestrian
15,1889.0,852.0,1938.0,884.0,23,0,0,1,Pedestrian
15,1892.0,852.0,1941.0,884.0,24,0,0,1,Pedestrian
15,1892.0,852.0,1941.0,884.0,25,0,0,1,Pedestrian
15,1892.0,850.0,1941.0,881.0,26,0,0,1,Pedestrian
15,1894.0,850.0,1944.0,881.0,27,0,0,1,Pedestrian
15,1894.0,850.0,1944.0,881.0,28,0,0,1,Pedestrian
15,1894.0,850.0,1944.0,881.0,29,0,0,1,Pedestrian
15,1897.0,850.0,1947.0,881.0,30,0,0,1,Pedestrian
15,1897.0,850.0,1947.0,881.0,31,0,0,1,Pedestrian
15,1897.0,850.0,1947.0,881.0,32,0,0,1,Pedestrian
15,1900.0,850.0,1949.0,881.0,33,0,0,1,Pedestrian
15,1900.0,850.0,1949.0,881.0,34,0,0,1,Pedestrian
15,1900.0,847.0,1949.0,879.0,35,0,0,1,Pedestrian
15,1903.0,847.0,1952.0,879.0,36,0,0,1,Pedestrian
15,1903.0,847.0,1952.0,879.0,37,0,0,1,Pedestrian
15,1903.0,847.0,1952.0,879.0,38,0,0,1,Pedestrian
15,1905.0,847.0,1955.0,879.0,39,0,0,1,Pedestrian
15,1905.0,847.0,1955.0,879.0,40,0,0,1,Pedestrian
15,1905.0,847.0,1955.0,879.0,41,0,0,1,Pedestrian
15,1908.0,847.0,1958.0,879.0,42,0,0,1,Pedestrian
15,1908.0,845.0,1958.0,877.0,43,0,0,1,Pedestrian
15,1908.0,845.0,1958.0,877.0,44,0,0,1,Pedestrian
15,1911.0,845.0,1960.0,877.0,45,0,0,1,Pedestrian
15,1911.0,845.0,1960.0,877.0,46,0,0,1,Pedestrian
15,1911.0,845.0,1960.0,877.0,47,0,0,1,Pedestrian
15,1914.0,845.0,1963.0,877.0,48,0,0,1,Pedestrian
15,1914.0,845.0,1963.0,877.0,49,0,0,1,Pedestrian
15,1914.0,845.0,1963.0,877.0,50,0,0,1,Pedestrian
15,1916.0,845.0,1966.0,877.0,51,0,0,1,Pedestrian
15,1916.0,843.0,1966.0,874.0,52,0,0,1,Pedestrian
15,1916.0,843.0,1966.0,874.0,53,0,0,1,Pedestrian
15,1919.0,843.0,1969.0,874.0,54,0,0,1,Pedestrian
15,1919.0,843.0,1969.0,874.0,55,0,0,1,Pedestrian
15,1919.0,843.0,1969.0,874.0,56,0,0,1,Pedestrian
15,1922.0,843.0,1971.0,874.0,57,0,0,1,Pedestrian
15,1922.0,843.0,1971.0,874.0,58,0,0,1,Pedestrian
15,1922.0,843.0,1971.0,874.0,59,0,0,1,Pedestrian
15,1925.0,843.0,1974.0,874.0,60,1,0,0,Pedestrian
15,1925.0,843.0,1974.0,874.0,61,1,0,1,Pedestrian
15,1925.0,843.0,1974.0,874.0,62,1,0,1,Pedestrian
15,1925.0,843.0,1974.0,874.0,63,1,0,1,Pedestrian
15,1925.0,843.0,1974.0,874.0,64,1,0,1,Pedestrian
15,1925.0,843.0,1974.0,874.0,65,1,0,1,Pedestrian
15,1925.0,843.0,1974.0,874.0,66,1,0,1,Pedestrian
15,1925.0,843.0,1974.0,874.0,67,1,0,1,Pedestrian
15,1925.0,843.0,1974.0,874.0,68,1,0,1,Pedestrian
15,1925.0,843.0,1974.0,874.0,69,1,0,1,Pedestrian
15,1925.0,843.0,1974.0,874.0,70,1,0,1,Pedestrian
15,1925.0,843.0,1974.0,874.0,71,1,0,1,Pedestrian
15,1925.0,843.0,1974.0,874.0,72,1,0,1,Pedestrian
15,1925.0,843.0,1974.0,874.0,73,1,0,1,Pedestrian
15,1925.0,843.0,1974.0,874.0,74,1,0,1,Pedestrian
15,1925.0,843.0,1974.0,874.0,75,1,0,1,Pedestrian
15,1925.0,843.0,1974.0,874.0,76,1,0,1,Pedestrian
15,1925.0,843.0,1974.0,874.0,77,1,0,1,Pedestrian
15,1925.0,843.0,1974.0,874.0,78,1,0,1,Pedestrian
15,1925.0,843.0,1974.0,874.0,79,1,0,1,Pedestrian
15,1925.0,843.0,1974.0,874.0,80,1,0,0,Pedestrian
15,1925.0,843.0,1974.0,874.0,81,1,0,1,Pedestrian
15,1925.0,843.0,1974.0,874.0,82,1,0,1,Pedestrian
15,1925.0,843.0,1974.0,874.0,83,1,0,1,Pedestrian
15,1925.0,843.0,1974.0,874.0,84,1,0,1,Pedestrian
15,1925.0,843.0,1974.0,874.0,85,1,0,1,Pedestrian
15,1925.0,843.0,1974.0,874.0,86,1,0,1,Pedestrian
15,1925.0,843.0,1974.0,874.0,87,1,0,1,Pedestrian
15,1925.0,843.0,1974.0,874.0,88,1,0,1,Pedestrian
15,1925.0,843.0,1974.0,874.0,89,1,0,1,Pedestrian
15,1925.0,843.0,1974.0,874.0,90,1,0,1,Pedestrian
15,1925.0,843.0,1974.0,874.0,91,1,0,1,Pedestrian
15,1925.0,843.0,1974.0,874.0,92,1,0,1,Pedestrian
15,1925.0,843.0,1974.0,874.0,93,1,0,1,Pedestrian
15,1925.0,843.0,1974.0,874.0,94,1,0,1,Pedestrian
15,1925.0,843.0,1974.0,874.0,95,1,0,1,Pedestrian
15,1925.0,843.0,1974.0,874.0,96,1,0,1,Pedestrian
15,1925.0,843.0,1974.0,874.0,97,1,0,1,Pedestrian
15,1925.0,843.0,1974.0,874.0,98,1,0,1,Pedestrian
15,1925.0,843.0,1974.0,874.0,99,1,0,1,Pedestrian
15,1925.0,843.0,1974.0,874.0,100,1,0,1,Pedestrian
15,1925.0,843.0,1974.0,874.0,101,1,0,1,Pedestrian
15,1925.0,843.0,1974.0,874.0,102,1,0,1,Pedestrian
15,1925.0,843.0,1974.0,874.0,103,1,0,1,Pedestrian
15,1925.0,843.0,1974.0,874.0,104,1,0,1,Pedestrian
15,1925.0,843.0,1974.0,874.0,105,1,0,1,Pedestrian
15,1925.0,843.0,1974.0,874.0,106,1,0,1,Pedestrian
15,1925.0,843.0,1974.0,874.0,107,1,0,1,Pedestrian
15,1925.0,843.0,1974.0,874.0,108,1,0,1,Pedestrian
15,1925.0,843.0,1974.0,874.0,109,1,0,1,Pedestrian
15,1925.0,843.0,1974.0,874.0,110,1,0,1,Pedestrian
15,1925.0,843.0,1974.0,874.0,111,1,0,1,Pedestrian
15,1925.0,843.0,1974.0,874.0,112,1,0,1,Pedestrian
15,1925.0,843.0,1974.0,874.0,113,1,0,1,Pedestrian
15,1925.0,843.0,1974.0,874.0,114,1,0,1,Pedestrian
15,1925.0,843.0,1974.0,874.0,115,1,0,1,Pedestrian
15,1925.0,843.0,1974.0,874.0,116,1,0,1,Pedestrian
15,1925.0,843.0,1974.0,874.0,117,1,0,1,Pedestrian
15,1925.0,843.0,1974.0,874.0,118,1,0,1,Pedestrian
15,1925.0,843.0,1974.0,874.0,119,1,0,1,Pedestrian
15,1925.0,843.0,1974.0,874.0,120,1,0,1,Pedestrian
15,1925.0,843.0,1974.0,874.0,121,1,0,1,Pedestrian
15,1925.0,843.0,1974.0,874.0,122,1,0,1,Pedestrian
15,1925.0,843.0,1974.0,874.0,123,1,0,1,Pedestrian
15,1925.0,843.0,1974.0,874.0,124,1,0,1,Pedestrian
15,1925.0,843.0,1974.0,874.0,125,1,0,1,Pedestrian
15,1925.0,843.0,1974.0,874.0,126,1,0,1,Pedestrian
15,1925.0,843.0,1974.0,874.0,127,1,0,1,Pedestrian
15,1925.0,843.0,1974.0,874.0,128,1,0,1,Pedestrian
15,1925.0,843.0,1974.0,874.0,129,1,0,1,Pedestrian
15,1925.0,843.0,1974.0,874.0,130,1,0,1,Pedestrian
15,1925.0,843.0,1974.0,874.0,131,1,0,1,Pedestrian
15,1925.0,843.0,1974.0,874.0,132,1,0,1,Pedestrian
15,1925.0,843.0,1974.0,874.0,133,1,0,1,Pedestrian
15,1925.0,843.0,1974.0,874.0,134,1,0,1,Pedestrian
15,1925.0,843.0,1974.0,874.0,135,1,0,1,Pedestrian
15,1925.0,843.0,1974.0,874.0,136,1,0,1,Pedestrian
15,1925.0,843.0,1974.0,874.0,137,1,0,1,Pedestrian
15,1925.0,843.0,1974.0,874.0,138,1,0,1,Pedestrian
15,1925.0,843.0,1974.0,874.0,139,1,0,1,Pedestrian
15,1925.0,843.0,1974.0,874.0,140,1,0,1,Pedestrian
15,1925.0,843.0,1974.0,874.0,141,1,0,1,Pedestrian
15,1925.0,843.0,1974.0,874.0,142,1,0,1,Pedestrian
15,1925.0,843.0,1974.0,874.0,143,1,0,1,Pedestrian
15,1925.0,843.0,1974.0,874.0,144,1,0,1,Pedestrian
15,1925.0,843.0,1974.0,874.0,145,1,0,1,Pedestrian
15,1925.0,843.0,1974.0,874.0,146,1,0,1,Pedestrian
15,1925.0,843.0,1974.0,874.0,147,1,0,1,Pedestrian
15,1925.0,843.0,1974.0,874.0,148,1,0,1,Pedestrian
15,1925.0,843.0,1974.0,874.0,149,1,0,1,Pedestrian
15,1925.0,843.0,1974.0,874.0,150,1,0,1,Pedestrian
15,1925.0,843.0,1974.0,874.0,151,1,0,1,Pedestrian
15,1925.0,843.0,1974.0,874.0,152,1,0,1,Pedestrian
15,1925.0,843.0,1974.0,874.0,153,1,0,1,Pedestrian
15,1925.0,843.0,1974.0,874.0,154,1,0,1,Pedestrian
15,1925.0,843.0,1974.0,874.0,155,1,0,1,Pedestrian
15,1925.0,843.0,1974.0,874.0,156,1,0,1,Pedestrian
15,1925.0,843.0,1974.0,874.0,157,1,0,1,Pedestrian
15,1925.0,843.0,1974.0,874.0,158,1,0,1,Pedestrian
15,1925.0,843.0,1974.0,874.0,159,1,0,1,Pedestrian
15,1925.0,843.0,1974.0,874.0,160,1,0,1,Pedestrian
15,1925.0,843.0,1974.0,874.0,161,1,0,1,Pedestrian
15,1925.0,843.0,1974.0,874.0,162,1,0,1,Pedestrian
15,1925.0,843.0,1974.0,874.0,163,1,0,1,Pedestrian
15,1925.0,843.0,1974.0,874.0,164,1,0,1,Pedestrian
15,1925.0,843.0,1974.0,874.0,165,1,0,1,Pedestrian
15,1925.0,843.0,1974.0,874.0,166,1,0,1,Pedestrian
15,1925.0,843.0,1974.0,874.0,167,1,0,1,Pedestrian
15,1925.0,843.0,1974.0,874.0,168,1,0,1,Pedestrian
15,1925.0,843.0,1974.0,874.0,169,1,0,1,Pedestrian
15,1925.0,843.0,1974.0,874.0,170,1,0,1,Pedestrian
15,1925.0,843.0,1974.0,874.0,171,1,0,1,Pedestrian
15,1925.0,843.0,1974.0,874.0,172,1,0,1,Pedestrian
15,1925.0,843.0,1974.0,874.0,173,1,0,1,Pedestrian
15,1925.0,843.0,1974.0,874.0,174,1,0,1,Pedestrian
15,1925.0,843.0,1974.0,874.0,175,1,0,1,Pedestrian
15,1925.0,843.0,1974.0,874.0,176,1,0,1,Pedestrian
15,1925.0,843.0,1974.0,874.0,177,1,0,1,Pedestrian
15,1925.0,843.0,1974.0,874.0,178,1,0,1,Pedestrian
15,1925.0,843.0,1974.0,874.0,179,1,0,1,Pedestrian
15,1925.0,843.0,1974.0,874.0,180,1,0,1,Pedestrian
15,1925.0,843.0,1974.0,874.0,181,1,0,1,Pedestrian
15,1925.0,843.0,1974.0,874.0,182,1,0,1,Pedestrian
15,1925.0,843.0,1974.0,874.0,183,1,0,1,Pedestrian
15,1925.0,843.0,1974.0,874.0,184,1,0,1,Pedestrian
15,1925.0,843.0,1974.0,874.0,185,1,0,1,Pedestrian
15,1925.0,843.0,1974.0,874.0,186,1,0,1,Pedestrian
15,1925.0,843.0,1974.0,874.0,187,1,0,1,Pedestrian
15,1925.0,843.0,1974.0,874.0,188,1,0,1,Pedestrian
15,1925.0,843.0,1974.0,874.0,189,1,0,1,Pedestrian
15,1925.0,843.0,1974.0,874.0,190,1,0,1,Pedestrian
15,1925.0,843.0,1974.0,874.0,191,1,0,1,Pedestrian
15,1925.0,843.0,1974.0,874.0,192,1,0,1,Pedestrian
15,1925.0,843.0,1974.0,874.0,193,1,0,1,Pedestrian
15,1925.0,843.0,1974.0,874.0,194,1,0,1,Pedestrian
15,1925.0,843.0,1974.0,874.0,195,1,0,1,Pedestrian
15,1925.0,843.0,1974.0,874.0,196,1,0,1,Pedestrian
15,1925.0,843.0,1974.0,874.0,197,1,0,1,Pedestrian
15,1925.0,843.0,1974.0,874.0,198,1,0,1,Pedestrian
15,1925.0,843.0,1974.0,874.0,199,1,0,1,Pedestrian
15,1925.0,843.0,1974.0,874.0,200,1,0,1,Pedestrian
15,1925.0,843.0,1974.0,874.0,201,1,0,1,Pedestrian
15,1925.0,843.0,1974.0,874.0,202,1,0,1,Pedestrian
15,1925.0,843.0,1974.0,874.0,203,1,0,1,Pedestrian
15,1925.0,843.0,1974.0,874.0,204,1,0,1,Pedestrian
15,1925.0,843.0,1974.0,874.0,205,1,0,1,Pedestrian
15,1925.0,843.0,1974.0,874.0,206,1,0,1,Pedestrian
15,1925.0,843.0,1974.0,874.0,207,1,0,1,Pedestrian
15,1925.0,843.0,1974.0,874.0,208,1,0,1,Pedestrian
15,1925.0,843.0,1974.0,874.0,209,1,0,1,Pedestrian
15,1925.0,843.0,1974.0,874.0,210,1,0,1,Pedestrian
15,1925.0,843.0,1974.0,874.0,211,1,0,1,Pedestrian
15,1925.0,843.0,1974.0,874.0,212,1,0,1,Pedestrian
15,1925.0,843.0,1974.0,874.0,213,1,0,1,Pedestrian
15,1925.0,843.0,1974.0,874.0,214,1,0,1,Pedestrian
15,1925.0,843.0,1974.0,874.0,215,1,0,1,Pedestrian
15,1925.0,843.0,1974.0,874.0,216,1,0,1,Pedestrian
15,1925.0,843.0,1974.0,874.0,217,1,0,1,Pedestrian
15,1925.0,843.0,1974.0,874.0,218,1,0,1,Pedestrian
15,1925.0,843.0,1974.0,874.0,219,1,0,1,Pedestrian
15,1925.0,843.0,1974.0,874.0,220,1,0,1,Pedestrian
15,1925.0,843.0,1974.0,874.0,221,1,0,1,Pedestrian
15,1925.0,843.0,1974.0,874.0,222,1,0,1,Pedestrian
15,1925.0,843.0,1974.0,874.0,223,1,0,1,Pedestrian
15,1925.0,843.0,1974.0,874.0,224,1,0,1,Pedestrian
15,1925.0,843.0,1974.0,874.0,225,1,0,1,Pedestrian
15,1925.0,843.0,1974.0,874.0,226,1,0,1,Pedestrian
15,1925.0,843.0,1974.0,874.0,227,1,0,1,Pedestrian
15,1925.0,843.0,1974.0,874.0,228,1,0,1,Pedestrian
15,1925.0,843.0,1974.0,874.0,229,1,0,1,Pedestrian
15,1925.0,843.0,1974.0,874.0,230,1,0,1,Pedestrian
15,1925.0,843.0,1974.0,874.0,231,1,0,1,Pedestrian
15,1925.0,843.0,1974.0,874.0,232,1,0,1,Pedestrian
15,1925.0,843.0,1974.0,874.0,233,1,0,1,Pedestrian
15,1925.0,843.0,1974.0,874.0,234,1,0,1,Pedestrian
15,1925.0,843.0,1974.0,874.0,235,1,0,1,Pedestrian
15,1925.0,843.0,1974.0,874.0,236,1,0,1,Pedestrian
15,1925.0,843.0,1974.0,874.0,237,1,0,1,Pedestrian
15,1925.0,843.0,1974.0,874.0,238,1,0,1,Pedestrian
15,1925.0,843.0,1974.0,874.0,239,1,0,1,Pedestrian
15,1925.0,843.0,1974.0,874.0,240,1,0,1,Pedestrian
15,1925.0,843.0,1974.0,874.0,241,1,0,1,Pedestrian
15,1925.0,843.0,1974.0,874.0,242,1,0,1,Pedestrian
15,1925.0,843.0,1974.0,874.0,243,1,0,1,Pedestrian
15,1925.0,843.0,1974.0,874.0,244,1,0,1,Pedestrian
15,1925.0,843.0,1974.0,874.0,245,1,0,1,Pedestrian
15,1925.0,843.0,1974.0,874.0,246,1,0,1,Pedestrian
15,1925.0,843.0,1974.0,874.0,247,1,0,1,Pedestrian
15,1925.0,843.0,1974.0,874.0,248,1,0,1,Pedestrian
15,1925.0,843.0,1974.0,874.0,249,1,0,1,Pedestrian
15,1925.0,843.0,1974.0,874.0,250,1,0,1,Pedestrian
15,1925.0,843.0,1974.0,874.0,251,1,0,1,Pedestrian
15,1925.0,843.0,1974.0,874.0,252,1,0,1,Pedestrian
15,1925.0,843.0,1974.0,874.0,253,1,0,1,Pedestrian
15,1925.0,843.0,1974.0,874.0,254,1,0,1,Pedestrian
15,1925.0,843.0,1974.0,874.0,255,1,0,1,Pedestrian
15,1925.0,843.0,1974.0,874.0,256,1,0,1,Pedestrian
15,1925.0,843.0,1974.0,874.0,257,1,0,1,Pedestrian
15,1925.0,843.0,1974.0,874.0,258,1,0,1,Pedestrian
15,1925.0,843.0,1974.0,874.0,259,1,0,1,Pedestrian
15,1925.0,843.0,1974.0,874.0,260,1,0,1,Pedestrian
15,1925.0,843.0,1974.0,874.0,261,1,0,1,Pedestrian
15,1925.0,843.0,1974.0,874.0,262,1,0,1,Pedestrian
15,1925.0,843.0,1974.0,874.0,263,1,0,1,Pedestrian
15,1925.0,843.0,1974.0,874.0,264,1,0,1,Pedestrian
15,1925.0,843.0,1974.0,874.0,265,1,0,1,Pedestrian
15,1925.0,843.0,1974.0,874.0,266,1,0,1,Pedestrian
15,1925.0,843.0,1974.0,874.0,267,1,0,1,Pedestrian
15,1925.0,843.0,1974.0,874.0,268,1,0,1,Pedestrian
15,1925.0,843.0,1974.0,874.0,269,1,0,1,Pedestrian
15,1925.0,843.0,1974.0,874.0,270,1,0,1,Pedestrian
15,1925.0,843.0,1974.0,874.0,271,1,0,1,Pedestrian
15,1925.0,843.0,1974.0,874.0,272,1,0,1,Pedestrian
15,1925.0,843.0,1974.0,874.0,273,1,0,1,Pedestrian
15,1925.0,843.0,1974.0,874.0,274,1,0,1,Pedestrian
15,1925.0,843.0,1974.0,874.0,275,1,0,1,Pedestrian
15,1925.0,843.0,1974.0,874.0,276,1,0,1,Pedestrian
15,1925.0,843.0,1974.0,874.0,277,1,0,1,Pedestrian
15,1925.0,843.0,1974.0,874.0,278,1,0,1,Pedestrian
15,1925.0,843.0,1974.0,874.0,279,1,0,1,Pedestrian
15,1925.0,843.0,1974.0,874.0,280,1,0,1,Pedestrian
15,1925.0,843.0,1974.0,874.0,281,1,0,1,Pedestrian
15,1925.0,843.0,1974.0,874.0,282,1,0,1,Pedestrian
15,1925.0,843.0,1974.0,874.0,283,1,0,1,Pedestrian
15,1925.0,843.0,1974.0,874.0,284,1,0,1,Pedestrian
15,1925.0,843.0,1974.0,874.0,285,1,0,1,Pedestrian
15,1925.0,843.0,1974.0,874.0,286,1,0,1,Pedestrian
15,1925.0,843.0,1974.0,874.0,287,1,0,1,Pedestrian
15,1925.0,843.0,1974.0,874.0,288,1,0,1,Pedestrian
15,1925.0,843.0,1974.0,874.0,289,1,0,1,Pedestrian
15,1925.0,843.0,1974.0,874.0,290,1,0,1,Pedestrian
15,1925.0,843.0,1974.0,874.0,291,1,0,1,Pedestrian
15,1925.0,843.0,1974.0,874.0,292,1,0,1,Pedestrian
15,1925.0,843.0,1974.0,874.0,293,1,0,1,Pedestrian
15,1925.0,843.0,1974.0,874.0,294,1,0,1,Pedestrian
15,1925.0,843.0,1974.0,874.0,295,1,0,1,Pedestrian
15,1925.0,843.0,1974.0,874.0,296,1,0,1,Pedestrian
15,1925.0,843.0,1974.0,874.0,297,1,0,1,Pedestrian
15,1925.0,843.0,1974.0,874.0,298,1,0,1,Pedestrian
15,1925.0,843.0,1974.0,874.0,299,1,0,1,Pedestrian
15,1925.0,843.0,1974.0,874.0,300,1,0,1,Pedestrian
15,1925.0,843.0,1974.0,874.0,301,1,0,1,Pedestrian
15,1925.0,843.0,1974.0,874.0,302,1,0,1,Pedestrian
15,1925.0,843.0,1974.0,874.0,303,1,0,1,Pedestrian
15,1925.0,843.0,1974.0,874.0,304,1,0,1,Pedestrian
15,1925.0,843.0,1974.0,874.0,305,1,0,1,Pedestrian
15,1925.0,843.0,1974.0,874.0,306,1,0,1,Pedestrian
15,1925.0,843.0,1974.0,874.0,307,1,0,1,Pedestrian
15,1925.0,843.0,1974.0,874.0,308,1,0,1,Pedestrian
15,1925.0,843.0,1974.0,874.0,309,1,0,1,Pedestrian
15,1925.0,843.0,1974.0,874.0,310,1,0,1,Pedestrian
15,1925.0,843.0,1974.0,874.0,311,1,0,1,Pedestrian
15,1925.0,843.0,1974.0,874.0,312,1,0,1,Pedestrian
15,1925.0,843.0,1974.0,874.0,313,1,0,1,Pedestrian
15,1925.0,843.0,1974.0,874.0,314,1,0,1,Pedestrian
15,1925.0,843.0,1974.0,874.0,315,1,0,1,Pedestrian
15,1925.0,843.0,1974.0,874.0,316,1,0,1,Pedestrian
15,1925.0,843.0,1974.0,874.0,317,1,0,1,Pedestrian
15,1925.0,843.0,1974.0,874.0,318,1,0,1,Pedestrian
15,1925.0,843.0,1974.0,874.0,319,1,0,1,Pedestrian
15,1925.0,843.0,1974.0,874.0,320,1,0,1,Pedestrian
15,1925.0,843.0,1974.0,874.0,321,1,0,1,Pedestrian
15,1925.0,843.0,1974.0,874.0,322,1,0,1,Pedestrian
15,1925.0,843.0,1974.0,874.0,323,1,0,1,Pedestrian
15,1925.0,843.0,1974.0,874.0,324,1,0,1,Pedestrian
15,1925.0,843.0,1974.0,874.0,325,1,0,1,Pedestrian
15,1925.0,843.0,1974.0,874.0,326,1,0,1,Pedestrian
15,1925.0,843.0,1974.0,874.0,327,1,0,1,Pedestrian
15,1925.0,843.0,1974.0,874.0,328,1,0,1,Pedestrian
15,1925.0,843.0,1974.0,874.0,329,1,0,1,Pedestrian
15,1925.0,843.0,1974.0,874.0,330,1,0,1,Pedestrian
15,1925.0,843.0,1974.0,874.0,331,1,0,1,Pedestrian
15,1925.0,843.0,1974.0,874.0,332,1,0,1,Pedestrian
15,1925.0,843.0,1974.0,874.0,333,1,0,1,Pedestrian
15,1925.0,843.0,1974.0,874.0,334,1,0,1,Pedestrian
15,1925.0,843.0,1974.0,874.0,335,1,0,1,Pedestrian
15,1925.0,843.0,1974.0,874.0,336,1,0,1,Pedestrian
15,1925.0,843.0,1974.0,874.0,337,1,0,1,Pedestrian
15,1925.0,843.0,1974.0,874.0,338,1,0,1,Pedestrian
15,1925.0,843.0,1974.0,874.0,339,1,0,1,Pedestrian
15,1925.0,843.0,1974.0,874.0,340,1,0,1,Pedestrian
15,1925.0,843.0,1974.0,874.0,341,1,0,1,Pedestrian
15,1925.0,843.0,1974.0,874.0,342,1,0,1,Pedestrian
15,1925.0,843.0,1974.0,874.0,343,1,0,1,Pedestrian
15,1925.0,843.0,1974.0,874.0,344,1,0,1,Pedestrian
15,1925.0,843.0,1974.0,874.0,345,1,0,1,Pedestrian
15,1925.0,843.0,1974.0,874.0,346,1,0,1,Pedestrian
15,1925.0,843.0,1974.0,874.0,347,1,0,1,Pedestrian
15,1925.0,843.0,1974.0,874.0,348,1,0,1,Pedestrian
15,1925.0,843.0,1974.0,874.0,349,1,0,1,Pedestrian
15,1925.0,843.0,1974.0,874.0,350,1,0,1,Pedestrian
15,1925.0,843.0,1974.0,874.0,351,1,0,1,Pedestrian
15,1925.0,843.0,1974.0,874.0,352,1,0,1,Pedestrian
15,1925.0,843.0,1974.0,874.0,353,1,0,1,Pedestrian
15,1925.0,843.0,1974.0,874.0,354,1,0,1,Pedestrian
15,1925.0,843.0,1974.0,874.0,355,1,0,1,Pedestrian
15,1925.0,843.0,1974.0,874.0,356,1,0,1,Pedestrian
15,1925.0,843.0,1974.0,874.0,357,1,0,1,Pedestrian
15,1925.0,843.0,1974.0,874.0,358,1,0,1,Pedestrian
15,1925.0,843.0,1974.0,874.0,359,1,0,1,Pedestrian
15,1925.0,843.0,1974.0,874.0,360,1,0,1,Pedestrian
15,1925.0,843.0,1974.0,874.0,361,1,0,1,Pedestrian
15,1925.0,843.0,1974.0,874.0,362,1,0,1,Pedestrian
15,1925.0,843.0,1974.0,874.0,363,1,0,1,Pedestrian
15,1925.0,843.0,1974.0,874.0,364,1,0,1,Pedestrian
15,1925.0,843.0,1974.0,874.0,365,1,0,1,Pedestrian
15,1925.0,843.0,1974.0,874.0,366,1,0,1,Pedestrian
15,1925.0,843.0,1974.0,874.0,367,1,0,1,Pedestrian
15,1925.0,843.0,1974.0,874.0,368,1,0,1,Pedestrian
15,1925.0,843.0,1974.0,874.0,369,1,0,1,Pedestrian
15,1925.0,843.0,1974.0,874.0,370,1,0,1,Pedestrian
15,1925.0,843.0,1974.0,874.0,371,1,0,1,Pedestrian
15,1925.0,843.0,1974.0,874.0,372,1,0,1,Pedestrian
15,1925.0,843.0,1974.0,874.0,373,1,0,1,Pedestrian
15,1925.0,843.0,1974.0,874.0,374,1,0,1,Pedestrian
15,1925.0,843.0,1974.0,874.0,375,1,0,1,Pedestrian
15,1925.0,843.0,1974.0,874.0,376,1,0,1,Pedestrian
15,1925.0,843.0,1974.0,874.0,377,1,0,1,Pedestrian
15,1925.0,843.0,1974.0,874.0,378,1,0,1,Pedestrian
15,1925.0,843.0,1974.0,874.0,379,1,0,1,Pedestrian
15,1925.0,843.0,1974.0,874.0,380,1,0,1,Pedestrian
15,1925.0,843.0,1974.0,874.0,381,1,0,1,Pedestrian
15,1925.0,843.0,1974.0,874.0,382,1,0,1,Pedestrian
15,1925.0,843.0,1974.0,874.0,383,1,0,1,Pedestrian
15,1925.0,843.0,1974.0,874.0,384,1,0,1,Pedestrian
15,1925.0,843.0,1974.0,874.0,385,1,0,1,Pedestrian
15,1925.0,843.0,1974.0,874.0,386,1,0,1,Pedestrian
15,1925.0,843.0,1974.0,874.0,387,1,0,1,Pedestrian
15,1925.0,843.0,1974.0,874.0,388,1,0,1,Pedestrian
15,1925.0,843.0,1974.0,874.0,389,1,0,1,Pedestrian
15,1925.0,843.0,1974.0,874.0,390,1,0,1,Pedestrian
15,1925.0,843.0,1974.0,874.0,391,1,0,1,Pedestrian
15,1925.0,843.0,1974.0,874.0,392,1,0,1,Pedestrian
15,1925.0,843.0,1974.0,874.0,393,1,0,1,Pedestrian
15,1925.0,843.0,1974.0,874.0,394,1,0,1,Pedestrian
15,1925.0,843.0,1974.0,874.0,395,1,0,1,Pedestrian
15,1925.0,843.0,1974.0,874.0,396,1,0,1,Pedestrian
15,1925.0,843.0,1974.0,874.0,397,1,0,1,Pedestrian
15,1925.0,843.0,1974.0,874.0,398,1,0,1,Pedestrian
15,1925.0,843.0,1974.0,874.0,399,1,0,1,Pedestrian
15,1925.0,843.0,1974.0,874.0,400,1,0,1,Pedestrian
15,1925.0,843.0,1974.0,874.0,401,1,0,1,Pedestrian
15,1925.0,843.0,1974.0,874.0,402,1,0,1,Pedestrian
15,1925.0,843.0,1974.0,874.0,403,1,0,1,Pedestrian
15,1925.0,843.0,1974.0,874.0,404,1,0,1,Pedestrian
15,1925.0,843.0,1974.0,874.0,405,1,0,1,Pedestrian
15,1925.0,843.0,1974.0,874.0,406,1,0,1,Pedestrian
15,1925.0,843.0,1974.0,874.0,407,1,0,1,Pedestrian
15,1925.0,843.0,1974.0,874.0,408,1,0,1,Pedestrian
15,1925.0,843.0,1974.0,874.0,409,1,0,1,Pedestrian
15,1925.0,843.0,1974.0,874.0,410,1,0,1,Pedestrian
15,1925.0,843.0,1974.0,874.0,411,1,0,1,Pedestrian
15,1925.0,843.0,1974.0,874.0,412,1,0,1,Pedestrian
15,1925.0,843.0,1974.0,874.0,413,1,0,1,Pedestrian
15,1925.0,843.0,1974.0,874.0,414,1,0,1,Pedestrian
15,1925.0,843.0,1974.0,874.0,415,1,0,1,Pedestrian
15,1925.0,843.0,1974.0,874.0,416,1,0,1,Pedestrian
15,1925.0,843.0,1974.0,874.0,417,1,0,1,Pedestrian
15,1925.0,843.0,1974.0,874.0,418,1,0,1,Pedestrian
15,1925.0,843.0,1974.0,874.0,419,1,0,1,Pedestrian
15,1925.0,843.0,1974.0,874.0,420,1,0,1,Pedestrian
15,1925.0,843.0,1974.0,874.0,421,1,0,1,Pedestrian
15,1925.0,843.0,1974.0,874.0,422,1,0,1,Pedestrian
15,1925.0,843.0,1974.0,874.0,423,1,0,1,Pedestrian
15,1925.0,843.0,1974.0,874.0,424,1,0,1,Pedestrian
15,1925.0,843.0,1974.0,874.0,425,1,0,1,Pedestrian
15,1925.0,843.0,1974.0,874.0,426,1,0,1,Pedestrian
15,1925.0,843.0,1974.0,874.0,427,1,0,1,Pedestrian
15,1925.0,843.0,1974.0,874.0,428,1,0,1,Pedestrian
15,1925.0,843.0,1974.0,874.0,429,1,0,1,Pedestrian
15,1925.0,843.0,1974.0,874.0,430,1,0,1,Pedestrian
15,1925.0,843.0,1974.0,874.0,431,1,0,1,Pedestrian
15,1925.0,843.0,1974.0,874.0,432,1,0,1,Pedestrian
15,1925.0,843.0,1974.0,874.0,433,1,0,1,Pedestrian
15,1925.0,843.0,1974.0,874.0,434,1,0,1,Pedestrian
15,1925.0,843.0,1974.0,874.0,435,1,0,1,Pedestrian
15,1925.0,843.0,1974.0,874.0,436,1,0,1,Pedestrian
15,1925.0,843.0,1974.0,874.0,437,1,0,1,Pedestrian
15,1925.0,843.0,1974.0,874.0,438,1,0,1,Pedestrian
15,1925.0,843.0,1974.0,874.0,439,1,0,1,Pedestrian
15,1925.0,843.0,1974.0,874.0,440,1,0,1,Pedestrian
15,1925.0,843.0,1974.0,874.0,441,1,0,1,Pedestrian
15,1925.0,843.0,1974.0,874.0,442,1,0,1,Pedestrian
15,1925.0,843.0,1974.0,874.0,443,1,0,1,Pedestrian
15,1925.0,843.0,1974.0,874.0,444,1,0,1,Pedestrian
15,1925.0,843.0,1974.0,874.0,445,1,0,1,Pedestrian
15,1925.0,843.0,1974.0,874.0,446,1,0,1,Pedestrian
15,1925.0,843.0,1974.0,874.0,447,1,0,1,Pedestrian
15,1925.0,843.0,1974.0,874.0,448,1,0,1,Pedestrian
15,1925.0,843.0,1974.0,874.0,449,1,0,1,Pedestrian
15,1925.0,843.0,1974.0,874.0,450,1,0,1,Pedestrian
15,1925.0,843.0,1974.0,874.0,451,1,0,1,Pedestrian
15,1925.0,843.0,1974.0,874.0,452,1,0,1,Pedestrian
15,1925.0,843.0,1974.0,874.0,453,1,0,1,Pedestrian
15,1925.0,843.0,1974.0,874.0,454,1,0,1,Pedestrian
15,1925.0,843.0,1974.0,874.0,455,1,0,1,Pedestrian
15,1925.0,843.0,1974.0,874.0,456,1,0,1,Pedestrian
15,1925.0,843.0,1974.0,874.0,457,1,0,1,Pedestrian
15,1925.0,843.0,1974.0,874.0,458,1,0,1,Pedestrian
15,1925.0,843.0,1974.0,874.0,459,1,0,1,Pedestrian
15,1925.0,843.0,1974.0,874.0,460,1,0,1,Pedestrian
15,1925.0,843.0,1974.0,874.0,461,1,0,1,Pedestrian
15,1925.0,843.0,1974.0,874.0,462,1,0,1,Pedestrian
15,1925.0,843.0,1974.0,874.0,463,1,0,1,Pedestrian
15,1925.0,843.0,1974.0,874.0,464,1,0,1,Pedestrian
15,1925.0,843.0,1974.0,874.0,465,1,0,1,Pedestrian
15,1925.0,843.0,1974.0,874.0,466,1,0,1,Pedestrian
15,1925.0,843.0,1974.0,874.0,467,1,0,1,Pedestrian
15,1925.0,843.0,1974.0,874.0,468,1,0,1,Pedestrian
15,1925.0,843.0,1974.0,874.0,469,1,0,1,Pedestrian
15,1925.0,843.0,1974.0,874.0,470,1,0,1,Pedestrian
15,1925.0,843.0,1974.0,874.0,471,1,0,1,Pedestrian
15,1925.0,843.0,1974.0,874.0,472,1,0,1,Pedestrian
15,1925.0,843.0,1974.0,874.0,473,1,0,1,Pedestrian
15,1925.0,843.0,1974.0,874.0,474,1,0,1,Pedestrian
15,1925.0,843.0,1974.0,874.0,475,1,0,1,Pedestrian
15,1925.0,843.0,1974.0,874.0,476,1,0,1,Pedestrian
15,1925.0,843.0,1974.0,874.0,477,1,0,1,Pedestrian
15,1925.0,843.0,1974.0,874.0,478,1,0,1,Pedestrian
15,1925.0,843.0,1974.0,874.0,479,1,0,1,Pedestrian
15,1925.0,843.0,1974.0,874.0,480,1,0,1,Pedestrian
15,1925.0,843.0,1974.0,874.0,481,1,0,1,Pedestrian
15,1925.0,843.0,1974.0,874.0,482,1,0,1,Pedestrian
15,1925.0,843.0,1974.0,874.0,483,1,0,1,Pedestrian
15,1925.0,843.0,1974.0,874.0,484,1,0,1,Pedestrian
15,1925.0,843.0,1974.0,874.0,485,1,0,1,Pedestrian
15,1925.0,843.0,1974.0,874.0,486,1,0,1,Pedestrian
15,1925.0,843.0,1974.0,874.0,487,1,0,1,Pedestrian
15,1925.0,843.0,1974.0,874.0,488,1,0,1,Pedestrian
15,1925.0,843.0,1974.0,874.0,489,1,0,1,Pedestrian
15,1925.0,843.0,1974.0,874.0,490,1,0,1,Pedestrian
15,1925.0,843.0,1974.0,874.0,491,1,0,1,Pedestrian
15,1925.0,843.0,1974.0,874.0,492,1,0,1,Pedestrian
15,1925.0,843.0,1974.0,874.0,493,1,0,1,Pedestrian
15,1925.0,843.0,1974.0,874.0,494,1,0,1,Pedestrian
15,1925.0,843.0,1974.0,874.0,495,1,0,1,Pedestrian
15,1925.0,843.0,1974.0,874.0,496,1,0,1,Pedestrian
15,1925.0,843.0,1974.0,874.0,497,1,0,1,Pedestrian
15,1925.0,843.0,1974.0,874.0,498,1,0,1,Pedestrian
15,1925.0,843.0,1974.0,874.0,499,1,0,1,Pedestrian
15,1925.0,843.0,1974.0,874.0,500,1,0,1,Pedestrian
15,1925.0,843.0,1974.0,874.0,501,1,0,1,Pedestrian
15,1925.0,843.0,1974.0,874.0,502,1,0,1,Pedestrian
15,1925.0,843.0,1974.0,874.0,503,1,0,1,Pedestrian
15,1925.0,843.0,1974.0,874.0,504,1,0,1,Pedestrian
15,1925.0,843.0,1974.0,874.0,505,1,0,1,Pedestrian
15,1925.0,843.0,1974.0,874.0,506,1,0,1,Pedestrian
15,1925.0,843.0,1974.0,874.0,507,1,0,1,Pedestrian
15,1925.0,843.0,1974.0,874.0,508,1,0,0,Pedestrian
16,1933.0,822.0,1969.0,854.0,0,0,0,0,Pedestrian
16,1933.0,820.0,1969.0,852.0,1,0,0,1,Pedestrian
16,1933.0,820.0,1969.0,852.0,2,0,0,1,Pedestrian
16,1933.0,820.0,1969.0,852.0,3,0,0,1,Pedestrian
16,1936.0,820.0,1969.0,852.0,4,0,0,1,Pedestrian
16,1936.0,820.0,1969.0,852.0,5,0,0,1,Pedestrian
16,1936.0,820.0,1969.0,852.0,6,0,0,1,Pedestrian
16,1936.0,820.0,1969.0,852.0,7,0,0,1,Pedestrian
16,1938.0,820.0,1971.0,852.0,8,0,0,1,Pedestrian
16,1938.0,820.0,1971.0,852.0,9,0,0,1,Pedestrian
16,1938.0,820.0,1971.0,852.0,10,0,0,1,Pedestrian
16,1938.0,820.0,1971.0,852.0,11,0,0,1,Pedestrian
16,1941.0,820.0,1971.0,852.0,12,0,0,1,Pedestrian
16,1941.0,820.0,1971.0,852.0,13,0,0,1,Pedestrian
16,1941.0,820.0,1971.0,852.0,14,0,0,1,Pedestrian
16,1944.0,820.0,1974.0,852.0,15,0,0,1,Pedestrian
16,1944.0,818.0,1974.0,850.0,16,0,0,1,Pedestrian
16,1944.0,818.0,1974.0,850.0,17,0,0,1,Pedestrian
16,1944.0,818.0,1974.0,850.0,18,0,0,1,Pedestrian
16,1947.0,818.0,1974.0,850.0,19,0,0,1,Pedestrian
16,1947.0,818.0,1974.0,850.0,20,0,0,1,Pedestrian
16,1947.0,818.0,1974.0,850.0,21,0,0,1,Pedestrian
16,1947.0,818.0,1974.0,850.0,22,0,0,1,Pedestrian
16,1949.0,818.0,1977.0,850.0,23,0,0,1,Pedestrian
16,1949.0,818.0,1977.0,850.0,24,0,0,1,Pedestrian
16,1949.0,818.0,1977.0,850.0,25,0,0,1,Pedestrian
16,1949.0,818.0,1977.0,850.0,26,0,0,1,Pedestrian
16,1952.0,818.0,1977.0,850.0,27,0,0,1,Pedestrian
16,1952.0,818.0,1977.0,850.0,28,0,0,1,Pedestrian
16,1952.0,818.0,1977.0,850.0,29,0,0,1,Pedestrian
16,1955.0,818.0,1980.0,850.0,30,1,0,0,Pedestrian
16,1955.0,818.0,1980.0,850.0,31,1,0,1,Pedestrian
16,1955.0,818.0,1980.0,850.0,32,1,0,1,Pedestrian
16,1955.0,818.0,1980.0,850.0,33,1,0,1,Pedestrian
16,1955.0,818.0,1980.0,850.0,34,1,0,1,Pedestrian
16,1955.0,818.0,1980.0,850.0,35,1,0,1,Pedestrian
16,1955.0,818.0,1980.0,850.0,36,1,0,1,Pedestrian
16,1955.0,818.0,1980.0,850.0,37,1,0,1,Pedestrian
16,1955.0,818.0,1980.0,850.0,38,1,0,1,Pedestrian
16,1955.0,818.0,1980.0,850.0,39,1,0,1,Pedestrian
16,1955.0,818.0,1980.0,850.0,40,1,0,1,Pedestrian
16,1955.0,818.0,1980.0,850.0,41,1,0,1,Pedestrian
16,1955.0,818.0,1980.0,850.0,42,1,0,1,Pedestrian
16,1955.0,818.0,1980.0,850.0,43,1,0,1,Pedestrian
16,1955.0,818.0,1980.0,850.0,44,1,0,1,Pedestrian
16,1955.0,818.0,1980.0,850.0,45,1,0,1,Pedestrian
16,1955.0,818.0,1980.0,850.0,46,1,0,1,Pedestrian
16,1955.0,818.0,1980.0,850.0,47,1,0,1,Pedestrian
16,1955.0,818.0,1980.0,850.0,48,1,0,1,Pedestrian
16,1955.0,818.0,1980.0,850.0,49,1,0,1,Pedestrian
16,1955.0,818.0,1980.0,850.0,50,1,0,0,Pedestrian
16,1955.0,818.0,1980.0,850.0,51,1,0,1,Pedestrian
16,1955.0,818.0,1980.0,850.0,52,1,0,1,Pedestrian
16,1955.0,818.0,1980.0,850.0,53,1,0,1,Pedestrian
16,1955.0,818.0,1980.0,850.0,54,1,0,1,Pedestrian
16,1955.0,818.0,1980.0,850.0,55,1,0,1,Pedestrian
16,1955.0,818.0,1980.0,850.0,56,1,0,1,Pedestrian
16,1955.0,818.0,1980.0,850.0,57,1,0,1,Pedestrian
16,1955.0,818.0,1980.0,850.0,58,1,0,1,Pedestrian
16,1955.0,818.0,1980.0,850.0,59,1,0,1,Pedestrian
16,1955.0,818.0,1980.0,850.0,60,1,0,1,Pedestrian
16,1955.0,818.0,1980.0,850.0,61,1,0,1,Pedestrian
16,1955.0,818.0,1980.0,850.0,62,1,0,1,Pedestrian
16,1955.0,818.0,1980.0,850.0,63,1,0,1,Pedestrian
16,1955.0,818.0,1980.0,850.0,64,1,0,1,Pedestrian
16,1955.0,818.0,1980.0,850.0,65,1,0,1,Pedestrian
16,1955.0,818.0,1980.0,850.0,66,1,0,1,Pedestrian
16,1955.0,818.0,1980.0,850.0,67,1,0,1,Pedestrian
16,1955.0,818.0,1980.0,850.0,68,1,0,1,Pedestrian
16,1955.0,818.0,1980.0,850.0,69,1,0,1,Pedestrian
16,1955.0,818.0,1980.0,850.0,70,1,0,1,Pedestrian
16,1955.0,818.0,1980.0,850.0,71,1,0,1,Pedestrian
16,1955.0,818.0,1980.0,850.0,72,1,0,1,Pedestrian
16,1955.0,818.0,1980.0,850.0,73,1,0,1,Pedestrian
16,1955.0,818.0,1980.0,850.0,74,1,0,1,Pedestrian
16,1955.0,818.0,1980.0,850.0,75,1,0,1,Pedestrian
16,1955.0,818.0,1980.0,850.0,76,1,0,1,Pedestrian
16,1955.0,818.0,1980.0,850.0,77,1,0,1,Pedestrian
16,1955.0,818.0,1980.0,850.0,78,1,0,1,Pedestrian
16,1955.0,818.0,1980.0,850.0,79,1,0,1,Pedestrian
16,1955.0,818.0,1980.0,850.0,80,1,0,1,Pedestrian
16,1955.0,818.0,1980.0,850.0,81,1,0,1,Pedestrian
16,1955.0,818.0,1980.0,850.0,82,1,0,1,Pedestrian
16,1955.0,818.0,1980.0,850.0,83,1,0,1,Pedestrian
16,1955.0,818.0,1980.0,850.0,84,1,0,1,Pedestrian
16,1955.0,818.0,1980.0,850.0,85,1,0,1,Pedestrian
16,1955.0,818.0,1980.0,850.0,86,1,0,1,Pedestrian
16,1955.0,818.0,1980.0,850.0,87,1,0,1,Pedestrian
16,1955.0,818.0,1980.0,850.0,88,1,0,1,Pedestrian
16,1955.0,818.0,1980.0,850.0,89,1,0,1,Pedestrian
16,1955.0,818.0,1980.0,850.0,90,1,0,1,Pedestrian
16,1955.0,818.0,1980.0,850.0,91,1,0,1,Pedestrian
16,1955.0,818.0,1980.0,850.0,92,1,0,1,Pedestrian
16,1955.0,818.0,1980.0,850.0,93,1,0,1,Pedestrian
16,1955.0,818.0,1980.0,850.0,94,1,0,1,Pedestrian
16,1955.0,818.0,1980.0,850.0,95,1,0,1,Pedestrian
16,1955.0,818.0,1980.0,850.0,96,1,0,1,Pedestrian
16,1955.0,818.0,1980.0,850.0,97,1,0,1,Pedestrian
16,1955.0,818.0,1980.0,850.0,98,1,0,1,Pedestrian
16,1955.0,818.0,1980.0,850.0,99,1,0,1,Pedestrian
16,1955.0,818.0,1980.0,850.0,100,1,0,1,Pedestrian
16,1955.0,818.0,1980.0,850.0,101,1,0,1,Pedestrian
16,1955.0,818.0,1980.0,850.0,102,1,0,1,Pedestrian
16,1955.0,818.0,1980.0,850.0,103,1,0,1,Pedestrian
16,1955.0,818.0,1980.0,850.0,104,1,0,1,Pedestrian
16,1955.0,818.0,1980.0,850.0,105,1,0,1,Pedestrian
16,1955.0,818.0,1980.0,850.0,106,1,0,1,Pedestrian
16,1955.0,818.0,1980.0,850.0,107,1,0,1,Pedestrian
16,1955.0,818.0,1980.0,850.0,108,1,0,1,Pedestrian
16,1955.0,818.0,1980.0,850.0,109,1,0,1,Pedestrian
16,1955.0,818.0,1980.0,850.0,110,1,0,1,Pedestrian
16,1955.0,818.0,1980.0,850.0,111,1,0,1,Pedestrian
16,1955.0,818.0,1980.0,850.0,112,1,0,1,Pedestrian
16,1955.0,818.0,1980.0,850.0,113,1,0,1,Pedestrian
16,1955.0,818.0,1980.0,850.0,114,1,0,1,Pedestrian
16,1955.0,818.0,1980.0,850.0,115,1,0,1,Pedestrian
16,1955.0,818.0,1980.0,850.0,116,1,0,1,Pedestrian
16,1955.0,818.0,1980.0,850.0,117,1,0,1,Pedestrian
16,1955.0,818.0,1980.0,850.0,118,1,0,1,Pedestrian
16,1955.0,818.0,1980.0,850.0,119,1,0,1,Pedestrian
16,1955.0,818.0,1980.0,850.0,120,1,0,1,Pedestrian
16,1955.0,818.0,1980.0,850.0,121,1,0,1,Pedestrian
16,1955.0,818.0,1980.0,850.0,122,1,0,1,Pedestrian
16,1955.0,818.0,1980.0,850.0,123,1,0,1,Pedestrian
16,1955.0,818.0,1980.0,850.0,124,1,0,1,Pedestrian
16,1955.0,818.0,1980.0,850.0,125,1,0,1,Pedestrian
16,1955.0,818.0,1980.0,850.0,126,1,0,1,Pedestrian
16,1955.0,818.0,1980.0,850.0,127,1,0,1,Pedestrian
16,1955.0,818.0,1980.0,850.0,128,1,0,1,Pedestrian
16,1955.0,818.0,1980.0,850.0,129,1,0,1,Pedestrian
16,1955.0,818.0,1980.0,850.0,130,1,0,1,Pedestrian
16,1955.0,818.0,1980.0,850.0,131,1,0,1,Pedestrian
16,1955.0,818.0,1980.0,850.0,132,1,0,1,Pedestrian
16,1955.0,818.0,1980.0,850.0,133,1,0,1,Pedestrian
16,1955.0,818.0,1980.0,850.0,134,1,0,1,Pedestrian
16,1955.0,818.0,1980.0,850.0,135,1,0,1,Pedestrian
16,1955.0,818.0,1980.0,850.0,136,1,0,1,Pedestrian
16,1955.0,818.0,1980.0,850.0,137,1,0,1,Pedestrian
16,1955.0,818.0,1980.0,850.0,138,1,0,1,Pedestrian
16,1955.0,818.0,1980.0,850.0,139,1,0,1,Pedestrian
16,1955.0,818.0,1980.0,850.0,140,1,0,1,Pedestrian
16,1955.0,818.0,1980.0,850.0,141,1,0,1,Pedestrian
16,1955.0,818.0,1980.0,850.0,142,1,0,1,Pedestrian
16,1955.0,818.0,1980.0,850.0,143,1,0,1,Pedestrian
16,1955.0,818.0,1980.0,850.0,144,1,0,1,Pedestrian
16,1955.0,818.0,1980.0,850.0,145,1,0,1,Pedestrian
16,1955.0,818.0,1980.0,850.0,146,1,0,1,Pedestrian
16,1955.0,818.0,1980.0,850.0,147,1,0,1,Pedestrian
16,1955.0,818.0,1980.0,850.0,148,1,0,1,Pedestrian
16,1955.0,818.0,1980.0,850.0,149,1,0,1,Pedestrian
16,1955.0,818.0,1980.0,850.0,150,1,0,1,Pedestrian
16,1955.0,818.0,1980.0,850.0,151,1,0,1,Pedestrian
16,1955.0,818.0,1980.0,850.0,152,1,0,1,Pedestrian
16,1955.0,818.0,1980.0,850.0,153,1,0,1,Pedestrian
16,1955.0,818.0,1980.0,850.0,154,1,0,1,Pedestrian
16,1955.0,818.0,1980.0,850.0,155,1,0,1,Pedestrian
16,1955.0,818.0,1980.0,850.0,156,1,0,1,Pedestrian
16,1955.0,818.0,1980.0,850.0,157,1,0,1,Pedestrian
16,1955.0,818.0,1980.0,850.0,158,1,0,1,Pedestrian
16,1955.0,818.0,1980.0,850.0,159,1,0,1,Pedestrian
16,1955.0,818.0,1980.0,850.0,160,1,0,1,Pedestrian
16,1955.0,818.0,1980.0,850.0,161,1,0,1,Pedestrian
16,1955.0,818.0,1980.0,850.0,162,1,0,1,Pedestrian
16,1955.0,818.0,1980.0,850.0,163,1,0,1,Pedestrian
16,1955.0,818.0,1980.0,850.0,164,1,0,1,Pedestrian
16,1955.0,818.0,1980.0,850.0,165,1,0,1,Pedestrian
16,1955.0,818.0,1980.0,850.0,166,1,0,1,Pedestrian
16,1955.0,818.0,1980.0,850.0,167,1,0,1,Pedestrian
16,1955.0,818.0,1980.0,850.0,168,1,0,1,Pedestrian
16,1955.0,818.0,1980.0,850.0,169,1,0,1,Pedestrian
16,1955.0,818.0,1980.0,850.0,170,1,0,1,Pedestrian
16,1955.0,818.0,1980.0,850.0,171,1,0,1,Pedestrian
16,1955.0,818.0,1980.0,850.0,172,1,0,1,Pedestrian
16,1955.0,818.0,1980.0,850.0,173,1,0,1,Pedestrian
16,1955.0,818.0,1980.0,850.0,174,1,0,1,Pedestrian
16,1955.0,818.0,1980.0,850.0,175,1,0,1,Pedestrian
16,1955.0,818.0,1980.0,850.0,176,1,0,1,Pedestrian
16,1955.0,818.0,1980.0,850.0,177,1,0,1,Pedestrian
16,1955.0,818.0,1980.0,850.0,178,1,0,1,Pedestrian
16,1955.0,818.0,1980.0,850.0,179,1,0,1,Pedestrian
16,1955.0,818.0,1980.0,850.0,180,1,0,1,Pedestrian
16,1955.0,818.0,1980.0,850.0,181,1,0,1,Pedestrian
16,1955.0,818.0,1980.0,850.0,182,1,0,1,Pedestrian
16,1955.0,818.0,1980.0,850.0,183,1,0,1,Pedestrian
16,1955.0,818.0,1980.0,850.0,184,1,0,1,Pedestrian
16,1955.0,818.0,1980.0,850.0,185,1,0,1,Pedestrian
16,1955.0,818.0,1980.0,850.0,186,1,0,1,Pedestrian
16,1955.0,818.0,1980.0,850.0,187,1,0,1,Pedestrian
16,1955.0,818.0,1980.0,850.0,188,1,0,1,Pedestrian
16,1955.0,818.0,1980.0,850.0,189,1,0,1,Pedestrian
16,1955.0,818.0,1980.0,850.0,190,1,0,1,Pedestrian
16,1955.0,818.0,1980.0,850.0,191,1,0,1,Pedestrian
16,1955.0,818.0,1980.0,850.0,192,1,0,1,Pedestrian
16,1955.0,818.0,1980.0,850.0,193,1,0,1,Pedestrian
16,1955.0,818.0,1980.0,850.0,194,1,0,1,Pedestrian
16,1955.0,818.0,1980.0,850.0,195,1,0,1,Pedestrian
16,1955.0,818.0,1980.0,850.0,196,1,0,1,Pedestrian
16,1955.0,818.0,1980.0,850.0,197,1,0,1,Pedestrian
16,1955.0,818.0,1980.0,850.0,198,1,0,1,Pedestrian
16,1955.0,818.0,1980.0,850.0,199,1,0,1,Pedestrian
16,1955.0,818.0,1980.0,850.0,200,1,0,1,Pedestrian
16,1955.0,818.0,1980.0,850.0,201,1,0,1,Pedestrian
16,1955.0,818.0,1980.0,850.0,202,1,0,1,Pedestrian
16,1955.0,818.0,1980.0,850.0,203,1,0,1,Pedestrian
16,1955.0,818.0,1980.0,850.0,204,1,0,1,Pedestrian
16,1955.0,818.0,1980.0,850.0,205,1,0,1,Pedestrian
16,1955.0,818.0,1980.0,850.0,206,1,0,1,Pedestrian
16,1955.0,818.0,1980.0,850.0,207,1,0,1,Pedestrian
16,1955.0,818.0,1980.0,850.0,208,1,0,1,Pedestrian
16,1955.0,818.0,1980.0,850.0,209,1,0,1,Pedestrian
16,1955.0,818.0,1980.0,850.0,210,1,0,1,Pedestrian
16,1955.0,818.0,1980.0,850.0,211,1,0,1,Pedestrian
16,1955.0,818.0,1980.0,850.0,212,1,0,1,Pedestrian
16,1955.0,818.0,1980.0,850.0,213,1,0,1,Pedestrian
16,1955.0,818.0,1980.0,850.0,214,1,0,1,Pedestrian
16,1955.0,818.0,1980.0,850.0,215,1,0,1,Pedestrian
16,1955.0,818.0,1980.0,850.0,216,1,0,1,Pedestrian
16,1955.0,818.0,1980.0,850.0,217,1,0,1,Pedestrian
16,1955.0,818.0,1980.0,850.0,218,1,0,1,Pedestrian
16,1955.0,818.0,1980.0,850.0,219,1,0,1,Pedestrian
16,1955.0,818.0,1980.0,850.0,220,1,0,1,Pedestrian
16,1955.0,818.0,1980.0,850.0,221,1,0,1,Pedestrian
16,1955.0,818.0,1980.0,850.0,222,1,0,1,Pedestrian
16,1955.0,818.0,1980.0,850.0,223,1,0,1,Pedestrian
16,1955.0,818.0,1980.0,850.0,224,1,0,1,Pedestrian
16,1955.0,818.0,1980.0,850.0,225,1,0,1,Pedestrian
16,1955.0,818.0,1980.0,850.0,226,1,0,1,Pedestrian
16,1955.0,818.0,1980.0,850.0,227,1,0,1,Pedestrian
16,1955.0,818.0,1980.0,850.0,228,1,0,1,Pedestrian
16,1955.0,818.0,1980.0,850.0,229,1,0,1,Pedestrian
16,1955.0,818.0,1980.0,850.0,230,1,0,1,Pedestrian
16,1955.0,818.0,1980.0,850.0,231,1,0,1,Pedestrian
16,1955.0,818.0,1980.0,850.0,232,1,0,1,Pedestrian
16,1955.0,818.0,1980.0,850.0,233,1,0,1,Pedestrian
16,1955.0,818.0,1980.0,850.0,234,1,0,1,Pedestrian
16,1955.0,818.0,1980.0,850.0,235,1,0,1,Pedestrian
16,1955.0,818.0,1980.0,850.0,236,1,0,1,Pedestrian
16,1955.0,818.0,1980.0,850.0,237,1,0,1,Pedestrian
16,1955.0,818.0,1980.0,850.0,238,1,0,1,Pedestrian
16,1955.0,818.0,1980.0,850.0,239,1,0,1,Pedestrian
16,1955.0,818.0,1980.0,850.0,240,1,0,1,Pedestrian
16,1955.0,818.0,1980.0,850.0,241,1,0,1,Pedestrian
16,1955.0,818.0,1980.0,850.0,242,1,0,1,Pedestrian
16,1955.0,818.0,1980.0,850.0,243,1,0,1,Pedestrian
16,1955.0,818.0,1980.0,850.0,244,1,0,1,Pedestrian
16,1955.0,818.0,1980.0,850.0,245,1,0,1,Pedestrian
16,1955.0,818.0,1980.0,850.0,246,1,0,1,Pedestrian
16,1955.0,818.0,1980.0,850.0,247,1,0,1,Pedestrian
16,1955.0,818.0,1980.0,850.0,248,1,0,1,Pedestrian
16,1955.0,818.0,1980.0,850.0,249,1,0,1,Pedestrian
16,1955.0,818.0,1980.0,850.0,250,1,0,1,Pedestrian
16,1955.0,818.0,1980.0,850.0,251,1,0,1,Pedestrian
16,1955.0,818.0,1980.0,850.0,252,1,0,1,Pedestrian
16,1955.0,818.0,1980.0,850.0,253,1,0,1,Pedestrian
16,1955.0,818.0,1980.0,850.0,254,1,0,1,Pedestrian
16,1955.0,818.0,1980.0,850.0,255,1,0,1,Pedestrian
16,1955.0,818.0,1980.0,850.0,256,1,0,1,Pedestrian
16,1955.0,818.0,1980.0,850.0,257,1,0,1,Pedestrian
16,1955.0,818.0,1980.0,850.0,258,1,0,1,Pedestrian
16,1955.0,818.0,1980.0,850.0,259,1,0,1,Pedestrian
16,1955.0,818.0,1980.0,850.0,260,1,0,1,Pedestrian
16,1955.0,818.0,1980.0,850.0,261,1,0,1,Pedestrian
16,1955.0,818.0,1980.0,850.0,262,1,0,1,Pedestrian
16,1955.0,818.0,1980.0,850.0,263,1,0,1,Pedestrian
16,1955.0,818.0,1980.0,850.0,264,1,0,1,Pedestrian
16,1955.0,818.0,1980.0,850.0,265,1,0,1,Pedestrian
16,1955.0,818.0,1980.0,850.0,266,1,0,1,Pedestrian
16,1955.0,818.0,1980.0,850.0,267,1,0,1,Pedestrian
16,1955.0,818.0,1980.0,850.0,268,1,0,1,Pedestrian
16,1955.0,818.0,1980.0,850.0,269,1,0,1,Pedestrian
16,1955.0,818.0,1980.0,850.0,270,1,0,1,Pedestrian
16,1955.0,818.0,1980.0,850.0,271,1,0,1,Pedestrian
16,1955.0,818.0,1980.0,850.0,272,1,0,1,Pedestrian
16,1955.0,818.0,1980.0,850.0,273,1,0,1,Pedestrian
16,1955.0,818.0,1980.0,850.0,274,1,0,1,Pedestrian
16,1955.0,818.0,1980.0,850.0,275,1,0,1,Pedestrian
16,1955.0,818.0,1980.0,850.0,276,1,0,1,Pedestrian
16,1955.0,818.0,1980.0,850.0,277,1,0,1,Pedestrian
16,1955.0,818.0,1980.0,850.0,278,1,0,1,Pedestrian
16,1955.0,818.0,1980.0,850.0,279,1,0,1,Pedestrian
16,1955.0,818.0,1980.0,850.0,280,1,0,1,Pedestrian
16,1955.0,818.0,1980.0,850.0,281,1,0,1,Pedestrian
16,1955.0,818.0,1980.0,850.0,282,1,0,1,Pedestrian
16,1955.0,818.0,1980.0,850.0,283,1,0,1,Pedestrian
16,1955.0,818.0,1980.0,850.0,284,1,0,1,Pedestrian
16,1955.0,818.0,1980.0,850.0,285,1,0,1,Pedestrian
16,1955.0,818.0,1980.0,850.0,286,1,0,1,Pedestrian
16,1955.0,818.0,1980.0,850.0,287,1,0,1,Pedestrian
16,1955.0,818.0,1980.0,850.0,288,1,0,1,Pedestrian
16,1955.0,818.0,1980.0,850.0,289,1,0,1,Pedestrian
16,1955.0,818.0,1980.0,850.0,290,1,0,1,Pedestrian
16,1955.0,818.0,1980.0,850.0,291,1,0,1,Pedestrian
16,1955.0,818.0,1980.0,850.0,292,1,0,1,Pedestrian
16,1955.0,818.0,1980.0,850.0,293,1,0,1,Pedestrian
16,1955.0,818.0,1980.0,850.0,294,1,0,1,Pedestrian
16,1955.0,818.0,1980.0,850.0,295,1,0,1,Pedestrian
16,1955.0,818.0,1980.0,850.0,296,1,0,1,Pedestrian
16,1955.0,818.0,1980.0,850.0,297,1,0,1,Pedestrian
16,1955.0,818.0,1980.0,850.0,298,1,0,1,Pedestrian
16,1955.0,818.0,1980.0,850.0,299,1,0,1,Pedestrian
16,1955.0,818.0,1980.0,850.0,300,1,0,1,Pedestrian
16,1955.0,818.0,1980.0,850.0,301,1,0,1,Pedestrian
16,1955.0,818.0,1980.0,850.0,302,1,0,1,Pedestrian
16,1955.0,818.0,1980.0,850.0,303,1,0,1,Pedestrian
16,1955.0,818.0,1980.0,850.0,304,1,0,1,Pedestrian
16,1955.0,818.0,1980.0,850.0,305,1,0,1,Pedestrian
16,1955.0,818.0,1980.0,850.0,306,1,0,1,Pedestrian
16,1955.0,818.0,1980.0,850.0,307,1,0,1,Pedestrian
16,1955.0,818.0,1980.0,850.0,308,1,0,1,Pedestrian
16,1955.0,818.0,1980.0,850.0,309,1,0,1,Pedestrian
16,1955.0,818.0,1980.0,850.0,310,1,0,1,Pedestrian
16,1955.0,818.0,1980.0,850.0,311,1,0,1,Pedestrian
16,1955.0,818.0,1980.0,850.0,312,1,0,1,Pedestrian
16,1955.0,818.0,1980.0,850.0,313,1,0,1,Pedestrian
16,1955.0,818.0,1980.0,850.0,314,1,0,1,Pedestrian
16,1955.0,818.0,1980.0,850.0,315,1,0,1,Pedestrian
16,1955.0,818.0,1980.0,850.0,316,1,0,1,Pedestrian
16,1955.0,818.0,1980.0,850.0,317,1,0,1,Pedestrian
16,1955.0,818.0,1980.0,850.0,318,1,0,1,Pedestrian
16,1955.0,818.0,1980.0,850.0,319,1,0,1,Pedestrian
16,1955.0,818.0,1980.0,850.0,320,1,0,1,Pedestrian
16,1955.0,818.0,1980.0,850.0,321,1,0,1,Pedestrian
16,1955.0,818.0,1980.0,850.0,322,1,0,1,Pedestrian
16,1955.0,818.0,1980.0,850.0,323,1,0,1,Pedestrian
16,1955.0,818.0,1980.0,850.0,324,1,0,1,Pedestrian
16,1955.0,818.0,1980.0,850.0,325,1,0,1,Pedestrian
16,1955.0,818.0,1980.0,850.0,326,1,0,1,Pedestrian
16,1955.0,818.0,1980.0,850.0,327,1,0,1,Pedestrian
16,1955.0,818.0,1980.0,850.0,328,1,0,1,Pedestrian
16,1955.0,818.0,1980.0,850.0,329,1,0,1,Pedestrian
16,1955.0,818.0,1980.0,850.0,330,1,0,1,Pedestrian
16,1955.0,818.0,1980.0,850.0,331,1,0,1,Pedestrian
16,1955.0,818.0,1980.0,850.0,332,1,0,1,Pedestrian
16,1955.0,818.0,1980.0,850.0,333,1,0,1,Pedestrian
16,1955.0,818.0,1980.0,850.0,334,1,0,1,Pedestrian
16,1955.0,818.0,1980.0,850.0,335,1,0,1,Pedestrian
16,1955.0,818.0,1980.0,850.0,336,1,0,1,Pedestrian
16,1955.0,818.0,1980.0,850.0,337,1,0,1,Pedestrian
16,1955.0,818.0,1980.0,850.0,338,1,0,1,Pedestrian
16,1955.0,818.0,1980.0,850.0,339,1,0,1,Pedestrian
16,1955.0,818.0,1980.0,850.0,340,1,0,1,Pedestrian
16,1955.0,818.0,1980.0,850.0,341,1,0,1,Pedestrian
16,1955.0,818.0,1980.0,850.0,342,1,0,1,Pedestrian
16,1955.0,818.0,1980.0,850.0,343,1,0,1,Pedestrian
16,1955.0,818.0,1980.0,850.0,344,1,0,1,Pedestrian
16,1955.0,818.0,1980.0,850.0,345,1,0,1,Pedestrian
16,1955.0,818.0,1980.0,850.0,346,1,0,1,Pedestrian
16,1955.0,818.0,1980.0,850.0,347,1,0,1,Pedestrian
16,1955.0,818.0,1980.0,850.0,348,1,0,1,Pedestrian
16,1955.0,818.0,1980.0,850.0,349,1,0,1,Pedestrian
16,1955.0,818.0,1980.0,850.0,350,1,0,1,Pedestrian
16,1955.0,818.0,1980.0,850.0,351,1,0,1,Pedestrian
16,1955.0,818.0,1980.0,850.0,352,1,0,1,Pedestrian
16,1955.0,818.0,1980.0,850.0,353,1,0,1,Pedestrian
16,1955.0,818.0,1980.0,850.0,354,1,0,1,Pedestrian
16,1955.0,818.0,1980.0,850.0,355,1,0,1,Pedestrian
16,1955.0,818.0,1980.0,850.0,356,1,0,1,Pedestrian
16,1955.0,818.0,1980.0,850.0,357,1,0,1,Pedestrian
16,1955.0,818.0,1980.0,850.0,358,1,0,1,Pedestrian
16,1955.0,818.0,1980.0,850.0,359,1,0,1,Pedestrian
16,1955.0,818.0,1980.0,850.0,360,1,0,1,Pedestrian
16,1955.0,818.0,1980.0,850.0,361,1,0,1,Pedestrian
16,1955.0,818.0,1980.0,850.0,362,1,0,1,Pedestrian
16,1955.0,818.0,1980.0,850.0,363,1,0,1,Pedestrian
16,1955.0,818.0,1980.0,850.0,364,1,0,1,Pedestrian
16,1955.0,818.0,1980.0,850.0,365,1,0,1,Pedestrian
16,1955.0,818.0,1980.0,850.0,366,1,0,1,Pedestrian
16,1955.0,818.0,1980.0,850.0,367,1,0,1,Pedestrian
16,1955.0,818.0,1980.0,850.0,368,1,0,1,Pedestrian
16,1955.0,818.0,1980.0,850.0,369,1,0,1,Pedestrian
16,1955.0,818.0,1980.0,850.0,370,1,0,1,Pedestrian
16,1955.0,818.0,1980.0,850.0,371,1,0,1,Pedestrian
16,1955.0,818.0,1980.0,850.0,372,1,0,1,Pedestrian
16,1955.0,818.0,1980.0,850.0,373,1,0,1,Pedestrian
16,1955.0,818.0,1980.0,850.0,374,1,0,1,Pedestrian
16,1955.0,818.0,1980.0,850.0,375,1,0,1,Pedestrian
16,1955.0,818.0,1980.0,850.0,376,1,0,1,Pedestrian
16,1955.0,818.0,1980.0,850.0,377,1,0,1,Pedestrian
16,1955.0,818.0,1980.0,850.0,378,1,0,1,Pedestrian
16,1955.0,818.0,1980.0,850.0,379,1,0,1,Pedestrian
16,1955.0,818.0,1980.0,850.0,380,1,0,1,Pedestrian
16,1955.0,818.0,1980.0,850.0,381,1,0,1,Pedestrian
16,1955.0,818.0,1980.0,850.0,382,1,0,1,Pedestrian
16,1955.0,818.0,1980.0,850.0,383,1,0,1,Pedestrian
16,1955.0,818.0,1980.0,850.0,384,1,0,1,Pedestrian
16,1955.0,818.0,1980.0,850.0,385,1,0,1,Pedestrian
16,1955.0,818.0,1980.0,850.0,386,1,0,1,Pedestrian
16,1955.0,818.0,1980.0,850.0,387,1,0,1,Pedestrian
16,1955.0,818.0,1980.0,850.0,388,1,0,1,Pedestrian
16,1955.0,818.0,1980.0,850.0,389,1,0,1,Pedestrian
16,1955.0,818.0,1980.0,850.0,390,1,0,1,Pedestrian
16,1955.0,818.0,1980.0,850.0,391,1,0,1,Pedestrian
16,1955.0,818.0,1980.0,850.0,392,1,0,1,Pedestrian
16,1955.0,818.0,1980.0,850.0,393,1,0,1,Pedestrian
16,1955.0,818.0,1980.0,850.0,394,1,0,1,Pedestrian
16,1955.0,818.0,1980.0,850.0,395,1,0,1,Pedestrian
16,1955.0,818.0,1980.0,850.0,396,1,0,1,Pedestrian
16,1955.0,818.0,1980.0,850.0,397,1,0,1,Pedestrian
16,1955.0,818.0,1980.0,850.0,398,1,0,1,Pedestrian
16,1955.0,818.0,1980.0,850.0,399,1,0,1,Pedestrian
16,1955.0,818.0,1980.0,850.0,400,1,0,1,Pedestrian
16,1955.0,818.0,1980.0,850.0,401,1,0,1,Pedestrian
16,1955.0,818.0,1980.0,850.0,402,1,0,1,Pedestrian
16,1955.0,818.0,1980.0,850.0,403,1,0,1,Pedestrian
16,1955.0,818.0,1980.0,850.0,404,1,0,1,Pedestrian
16,1955.0,818.0,1980.0,850.0,405,1,0,1,Pedestrian
16,1955.0,818.0,1980.0,850.0,406,1,0,1,Pedestrian
16,1955.0,818.0,1980.0,850.0,407,1,0,1,Pedestrian
16,1955.0,818.0,1980.0,850.0,408,1,0,1,Pedestrian
16,1955.0,818.0,1980.0,850.0,409,1,0,1,Pedestrian
16,1955.0,818.0,1980.0,850.0,410,1,0,1,Pedestrian
16,1955.0,818.0,1980.0,850.0,411,1,0,1,Pedestrian
16,1955.0,818.0,1980.0,850.0,412,1,0,1,Pedestrian
16,1955.0,818.0,1980.0,850.0,413,1,0,1,Pedestrian
16,1955.0,818.0,1980.0,850.0,414,1,0,1,Pedestrian
16,1955.0,818.0,1980.0,850.0,415,1,0,1,Pedestrian
16,1955.0,818.0,1980.0,850.0,416,1,0,1,Pedestrian
16,1955.0,818.0,1980.0,850.0,417,1,0,1,Pedestrian
16,1955.0,818.0,1980.0,850.0,418,1,0,1,Pedestrian
16,1955.0,818.0,1980.0,850.0,419,1,0,1,Pedestrian
16,1955.0,818.0,1980.0,850.0,420,1,0,1,Pedestrian
16,1955.0,818.0,1980.0,850.0,421,1,0,1,Pedestrian
16,1955.0,818.0,1980.0,850.0,422,1,0,1,Pedestrian
16,1955.0,818.0,1980.0,850.0,423,1,0,1,Pedestrian
16,1955.0,818.0,1980.0,850.0,424,1,0,1,Pedestrian
16,1955.0,818.0,1980.0,850.0,425,1,0,1,Pedestrian
16,1955.0,818.0,1980.0,850.0,426,1,0,1,Pedestrian
16,1955.0,818.0,1980.0,850.0,427,1,0,1,Pedestrian
16,1955.0,818.0,1980.0,850.0,428,1,0,1,Pedestrian
16,1955.0,818.0,1980.0,850.0,429,1,0,1,Pedestrian
16,1955.0,818.0,1980.0,850.0,430,1,0,1,Pedestrian
16,1955.0,818.0,1980.0,850.0,431,1,0,1,Pedestrian
16,1955.0,818.0,1980.0,850.0,432,1,0,1,Pedestrian
16,1955.0,818.0,1980.0,850.0,433,1,0,1,Pedestrian
16,1955.0,818.0,1980.0,850.0,434,1,0,1,Pedestrian
16,1955.0,818.0,1980.0,850.0,435,1,0,1,Pedestrian
16,1955.0,818.0,1980.0,850.0,436,1,0,1,Pedestrian
16,1955.0,818.0,1980.0,850.0,437,1,0,1,Pedestrian
16,1955.0,818.0,1980.0,850.0,438,1,0,1,Pedestrian
16,1955.0,818.0,1980.0,850.0,439,1,0,1,Pedestrian
16,1955.0,818.0,1980.0,850.0,440,1,0,1,Pedestrian
16,1955.0,818.0,1980.0,850.0,441,1,0,1,Pedestrian
16,1955.0,818.0,1980.0,850.0,442,1,0,1,Pedestrian
16,1955.0,818.0,1980.0,850.0,443,1,0,1,Pedestrian
16,1955.0,818.0,1980.0,850.0,444,1,0,1,Pedestrian
16,1955.0,818.0,1980.0,850.0,445,1,0,1,Pedestrian
16,1955.0,818.0,1980.0,850.0,446,1,0,1,Pedestrian
16,1955.0,818.0,1980.0,850.0,447,1,0,1,Pedestrian
16,1955.0,818.0,1980.0,850.0,448,1,0,1,Pedestrian
16,1955.0,818.0,1980.0,850.0,449,1,0,1,Pedestrian
16,1955.0,818.0,1980.0,850.0,450,1,0,1,Pedestrian
16,1955.0,818.0,1980.0,850.0,451,1,0,1,Pedestrian
16,1955.0,818.0,1980.0,850.0,452,1,0,1,Pedestrian
16,1955.0,818.0,1980.0,850.0,453,1,0,1,Pedestrian
16,1955.0,818.0,1980.0,850.0,454,1,0,1,Pedestrian
16,1955.0,818.0,1980.0,850.0,455,1,0,1,Pedestrian
16,1955.0,818.0,1980.0,850.0,456,1,0,1,Pedestrian
16,1955.0,818.0,1980.0,850.0,457,1,0,1,Pedestrian
16,1955.0,818.0,1980.0,850.0,458,1,0,1,Pedestrian
16,1955.0,818.0,1980.0,850.0,459,1,0,1,Pedestrian
16,1955.0,818.0,1980.0,850.0,460,1,0,1,Pedestrian
16,1955.0,818.0,1980.0,850.0,461,1,0,1,Pedestrian
16,1955.0,818.0,1980.0,850.0,462,1,0,1,Pedestrian
16,1955.0,818.0,1980.0,850.0,463,1,0,1,Pedestrian
16,1955.0,818.0,1980.0,850.0,464,1,0,1,Pedestrian
16,1955.0,818.0,1980.0,850.0,465,1,0,1,Pedestrian
16,1955.0,818.0,1980.0,850.0,466,1,0,1,Pedestrian
16,1955.0,818.0,1980.0,850.0,467,1,0,1,Pedestrian
16,1955.0,818.0,1980.0,850.0,468,1,0,1,Pedestrian
16,1955.0,818.0,1980.0,850.0,469,1,0,1,Pedestrian
16,1955.0,818.0,1980.0,850.0,470,1,0,1,Pedestrian
16,1955.0,818.0,1980.0,850.0,471,1,0,1,Pedestrian
16,1955.0,818.0,1980.0,850.0,472,1,0,1,Pedestrian
16,1955.0,818.0,1980.0,850.0,473,1,0,1,Pedestrian
16,1955.0,818.0,1980.0,850.0,474,1,0,1,Pedestrian
16,1955.0,818.0,1980.0,850.0,475,1,0,1,Pedestrian
16,1955.0,818.0,1980.0,850.0,476,1,0,1,Pedestrian
16,1955.0,818.0,1980.0,850.0,477,1,0,1,Pedestrian
16,1955.0,818.0,1980.0,850.0,478,1,0,1,Pedestrian
16,1955.0,818.0,1980.0,850.0,479,1,0,1,Pedestrian
16,1955.0,818.0,1980.0,850.0,480,1,0,1,Pedestrian
16,1955.0,818.0,1980.0,850.0,481,1,0,1,Pedestrian
16,1955.0,818.0,1980.0,850.0,482,1,0,1,Pedestrian
16,1955.0,818.0,1980.0,850.0,483,1,0,1,Pedestrian
16,1955.0,818.0,1980.0,850.0,484,1,0,1,Pedestrian
16,1955.0,818.0,1980.0,850.0,485,1,0,1,Pedestrian
16,1955.0,818.0,1980.0,850.0,486,1,0,1,Pedestrian
16,1955.0,818.0,1980.0,850.0,487,1,0,1,Pedestrian
16,1955.0,818.0,1980.0,850.0,488,1,0,1,Pedestrian
16,1955.0,818.0,1980.0,850.0,489,1,0,1,Pedestrian
16,1955.0,818.0,1980.0,850.0,490,1,0,1,Pedestrian
16,1955.0,818.0,1980.0,850.0,491,1,0,1,Pedestrian
16,1955.0,818.0,1980.0,850.0,492,1,0,1,Pedestrian
16,1955.0,818.0,1980.0,850.0,493,1,0,1,Pedestrian
16,1955.0,818.0,1980.0,850.0,494,1,0,1,Pedestrian
16,1955.0,818.0,1980.0,850.0,495,1,0,1,Pedestrian
16,1955.0,818.0,1980.0,850.0,496,1,0,1,Pedestrian
16,1955.0,818.0,1980.0,850.0,497,1,0,1,Pedestrian
16,1955.0,818.0,1980.0,850.0,498,1,0,1,Pedestrian
16,1955.0,818.0,1980.0,850.0,499,1,0,1,Pedestrian
16,1955.0,818.0,1980.0,850.0,500,1,0,1,Pedestrian
16,1955.0,818.0,1980.0,850.0,501,1,0,1,Pedestrian
16,1955.0,818.0,1980.0,850.0,502,1,0,1,Pedestrian
16,1955.0,818.0,1980.0,850.0,503,1,0,1,Pedestrian
16,1955.0,818.0,1980.0,850.0,504,1,0,1,Pedestrian
16,1955.0,818.0,1980.0,850.0,505,1,0,1,Pedestrian
16,1955.0,818.0,1980.0,850.0,506,1,0,1,Pedestrian
16,1955.0,818.0,1980.0,850.0,507,1,0,1,Pedestrian
16,1955.0,818.0,1980.0,850.0,508,1,0,0,Pedestrian
17,1941.0,786.0,1969.0,820.0,0,1,0,0,Pedestrian
17,1941.0,786.0,1969.0,820.0,1,1,0,1,Pedestrian
17,1941.0,786.0,1969.0,820.0,2,1,0,1,Pedestrian
17,1941.0,786.0,1969.0,820.0,3,1,0,1,Pedestrian
17,1941.0,786.0,1969.0,820.0,4,1,0,1,Pedestrian
17,1941.0,786.0,1969.0,820.0,5,1,0,1,Pedestrian
17,1941.0,786.0,1969.0,820.0,6,1,0,1,Pedestrian
17,1941.0,786.0,1969.0,820.0,7,1,0,1,Pedestrian
17,1941.0,786.0,1969.0,820.0,8,1,0,1,Pedestrian
17,1941.0,786.0,1969.0,820.0,9,1,0,1,Pedestrian
17,1941.0,786.0,1969.0,820.0,10,1,0,1,Pedestrian
17,1941.0,786.0,1969.0,820.0,11,1,0,1,Pedestrian
17,1941.0,786.0,1969.0,820.0,12,1,0,1,Pedestrian
17,1941.0,786.0,1969.0,820.0,13,1,0,1,Pedestrian
17,1941.0,786.0,1969.0,820.0,14,1,0,1,Pedestrian
17,1941.0,786.0,1969.0,820.0,15,1,0,1,Pedestrian
17,1941.0,786.0,1969.0,820.0,16,1,0,1,Pedestrian
17,1941.0,786.0,1969.0,820.0,17,1,0,1,Pedestrian
17,1941.0,786.0,1969.0,820.0,18,1,0,1,Pedestrian
17,1941.0,786.0,1969.0,820.0,19,1,0,1,Pedestrian
17,1941.0,786.0,1969.0,820.0,20,1,0,1,Pedestrian
17,1941.0,786.0,1969.0,820.0,21,1,0,1,Pedestrian
17,1941.0,786.0,1969.0,820.0,22,1,0,1,Pedestrian
17,1941.0,786.0,1969.0,820.0,23,1,0,1,Pedestrian
17,1941.0,786.0,1969.0,820.0,24,1,0,1,Pedestrian
17,1941.0,786.0,1969.0,820.0,25,1,0,1,Pedestrian
17,1941.0,786.0,1969.0,820.0,26,1,0,1,Pedestrian
17,1941.0,786.0,1969.0,820.0,27,1,0,1,Pedestrian
17,1941.0,786.0,1969.0,820.0,28,1,0,1,Pedestrian
17,1941.0,786.0,1969.0,820.0,29,1,0,1,Pedestrian
17,1941.0,786.0,1969.0,820.0,30,1,0,0,Pedestrian
17,1941.0,786.0,1969.0,820.0,31,1,0,1,Pedestrian
17,1941.0,786.0,1969.0,820.0,32,1,0,1,Pedestrian
17,1941.0,786.0,1969.0,820.0,33,1,0,1,Pedestrian
17,1941.0,786.0,1969.0,820.0,34,1,0,1,Pedestrian
17,1941.0,786.0,1969.0,820.0,35,1,0,1,Pedestrian
17,1941.0,786.0,1969.0,820.0,36,1,0,1,Pedestrian
17,1941.0,786.0,1969.0,820.0,37,1,0,1,Pedestrian
17,1941.0,786.0,1969.0,820.0,38,1,0,1,Pedestrian
17,1941.0,786.0,1969.0,820.0,39,1,0,1,Pedestrian
17,1941.0,786.0,1969.0,820.0,40,1,0,1,Pedestrian
17,1941.0,786.0,1969.0,820.0,41,1,0,1,Pedestrian
17,1941.0,786.0,1969.0,820.0,42,1,0,1,Pedestrian
17,1941.0,786.0,1969.0,820.0,43,1,0,1,Pedestrian
17,1941.0,786.0,1969.0,820.0,44,1,0,1,Pedestrian
17,1941.0,786.0,1969.0,820.0,45,1,0,1,Pedestrian
17,1941.0,786.0,1969.0,820.0,46,1,0,1,Pedestrian
17,1941.0,786.0,1969.0,820.0,47,1,0,1,Pedestrian
17,1941.0,786.0,1969.0,820.0,48,1,0,1,Pedestrian
17,1941.0,786.0,1969.0,820.0,49,1,0,1,Pedestrian
17,1941.0,786.0,1969.0,820.0,50,1,0,1,Pedestrian
17,1941.0,786.0,1969.0,820.0,51,1,0,1,Pedestrian
17,1941.0,786.0,1969.0,820.0,52,1,0,1,Pedestrian
17,1941.0,786.0,1969.0,820.0,53,1,0,1,Pedestrian
17,1941.0,786.0,1969.0,820.0,54,1,0,1,Pedestrian
17,1941.0,786.0,1969.0,820.0,55,1,0,1,Pedestrian
17,1941.0,786.0,1969.0,820.0,56,1,0,1,Pedestrian
17,1941.0,786.0,1969.0,820.0,57,1,0,1,Pedestrian
17,1941.0,786.0,1969.0,820.0,58,1,0,1,Pedestrian
17,1941.0,786.0,1969.0,820.0,59,1,0,1,Pedestrian
17,1941.0,786.0,1969.0,820.0,60,1,0,1,Pedestrian
17,1941.0,786.0,1969.0,820.0,61,1,0,1,Pedestrian
17,1941.0,786.0,1969.0,820.0,62,1,0,1,Pedestrian
17,1941.0,786.0,1969.0,820.0,63,1,0,1,Pedestrian
17,1941.0,786.0,1969.0,820.0,64,1,0,1,Pedestrian
17,1941.0,786.0,1969.0,820.0,65,1,0,1,Pedestrian
17,1941.0,786.0,1969.0,820.0,66,1,0,1,Pedestrian
17,1941.0,786.0,1969.0,820.0,67,1,0,1,Pedestrian
17,1941.0,786.0,1969.0,820.0,68,1,0,1,Pedestrian
17,1941.0,786.0,1969.0,820.0,69,1,0,1,Pedestrian
17,1941.0,786.0,1969.0,820.0,70,1,0,1,Pedestrian
17,1941.0,786.0,1969.0,820.0,71,1,0,1,Pedestrian
17,1941.0,786.0,1969.0,820.0,72,1,0,1,Pedestrian
17,1941.0,786.0,1969.0,820.0,73,1,0,1,Pedestrian
17,1941.0,786.0,1969.0,820.0,74,1,0,1,Pedestrian
17,1941.0,786.0,1969.0,820.0,75,1,0,1,Pedestrian
17,1941.0,786.0,1969.0,820.0,76,1,0,1,Pedestrian
17,1941.0,786.0,1969.0,820.0,77,1,0,1,Pedestrian
17,1941.0,786.0,1969.0,820.0,78,1,0,1,Pedestrian
17,1941.0,786.0,1969.0,820.0,79,1,0,1,Pedestrian
17,1941.0,786.0,1969.0,820.0,80,1,0,1,Pedestrian
17,1941.0,786.0,1969.0,820.0,81,1,0,1,Pedestrian
17,1941.0,786.0,1969.0,820.0,82,1,0,1,Pedestrian
17,1941.0,786.0,1969.0,820.0,83,1,0,1,Pedestrian
17,1941.0,786.0,1969.0,820.0,84,1,0,1,Pedestrian
17,1941.0,786.0,1969.0,820.0,85,1,0,1,Pedestrian
17,1941.0,786.0,1969.0,820.0,86,1,0,1,Pedestrian
17,1941.0,786.0,1969.0,820.0,87,1,0,1,Pedestrian
17,1941.0,786.0,1969.0,820.0,88,1,0,1,Pedestrian
17,1941.0,786.0,1969.0,820.0,89,1,0,1,Pedestrian
17,1941.0,786.0,1969.0,820.0,90,1,0,1,Pedestrian
17,1941.0,786.0,1969.0,820.0,91,1,0,1,Pedestrian
17,1941.0,786.0,1969.0,820.0,92,1,0,1,Pedestrian
17,1941.0,786.0,1969.0,820.0,93,1,0,1,Pedestrian
17,1941.0,786.0,1969.0,820.0,94,1,0,1,Pedestrian
17,1941.0,786.0,1969.0,820.0,95,1,0,1,Pedestrian
17,1941.0,786.0,1969.0,820.0,96,1,0,1,Pedestrian
17,1941.0,786.0,1969.0,820.0,97,1,0,1,Pedestrian
17,1941.0,786.0,1969.0,820.0,98,1,0,1,Pedestrian
17,1941.0,786.0,1969.0,820.0,99,1,0,1,Pedestrian
17,1941.0,786.0,1969.0,820.0,100,1,0,1,Pedestrian
17,1941.0,786.0,1969.0,820.0,101,1,0,1,Pedestrian
17,1941.0,786.0,1969.0,820.0,102,1,0,1,Pedestrian
17,1941.0,786.0,1969.0,820.0,103,1,0,1,Pedestrian
17,1941.0,786.0,1969.0,820.0,104,1,0,1,Pedestrian
17,1941.0,786.0,1969.0,820.0,105,1,0,1,Pedestrian
17,1941.0,786.0,1969.0,820.0,106,1,0,1,Pedestrian
17,1941.0,786.0,1969.0,820.0,107,1,0,1,Pedestrian
17,1941.0,786.0,1969.0,820.0,108,1,0,1,Pedestrian
17,1941.0,786.0,1969.0,820.0,109,1,0,1,Pedestrian
17,1941.0,786.0,1969.0,820.0,110,1,0,1,Pedestrian
17,1941.0,786.0,1969.0,820.0,111,1,0,1,Pedestrian
17,1941.0,786.0,1969.0,820.0,112,1,0,1,Pedestrian
17,1941.0,786.0,1969.0,820.0,113,1,0,1,Pedestrian
17,1941.0,786.0,1969.0,820.0,114,1,0,1,Pedestrian
17,1941.0,786.0,1969.0,820.0,115,1,0,1,Pedestrian
17,1941.0,786.0,1969.0,820.0,116,1,0,1,Pedestrian
17,1941.0,786.0,1969.0,820.0,117,1,0,1,Pedestrian
17,1941.0,786.0,1969.0,820.0,118,1,0,1,Pedestrian
17,1941.0,786.0,1969.0,820.0,119,1,0,1,Pedestrian
17,1941.0,786.0,1969.0,820.0,120,1,0,1,Pedestrian
17,1941.0,786.0,1969.0,820.0,121,1,0,1,Pedestrian
17,1941.0,786.0,1969.0,820.0,122,1,0,1,Pedestrian
17,1941.0,786.0,1969.0,820.0,123,1,0,1,Pedestrian
17,1941.0,786.0,1969.0,820.0,124,1,0,1,Pedestrian
17,1941.0,786.0,1969.0,820.0,125,1,0,1,Pedestrian
17,1941.0,786.0,1969.0,820.0,126,1,0,1,Pedestrian
17,1941.0,786.0,1969.0,820.0,127,1,0,1,Pedestrian
17,1941.0,786.0,1969.0,820.0,128,1,0,1,Pedestrian
17,1941.0,786.0,1969.0,820.0,129,1,0,1,Pedestrian
17,1941.0,786.0,1969.0,820.0,130,1,0,1,Pedestrian
17,1941.0,786.0,1969.0,820.0,131,1,0,1,Pedestrian
17,1941.0,786.0,1969.0,820.0,132,1,0,1,Pedestrian
17,1941.0,786.0,1969.0,820.0,133,1,0,1,Pedestrian
17,1941.0,786.0,1969.0,820.0,134,1,0,1,Pedestrian
17,1941.0,786.0,1969.0,820.0,135,1,0,1,Pedestrian
17,1941.0,786.0,1969.0,820.0,136,1,0,1,Pedestrian
17,1941.0,786.0,1969.0,820.0,137,1,0,1,Pedestrian
17,1941.0,786.0,1969.0,820.0,138,1,0,1,Pedestrian
17,1941.0,786.0,1969.0,820.0,139,1,0,1,Pedestrian
17,1941.0,786.0,1969.0,820.0,140,1,0,1,Pedestrian
17,1941.0,786.0,1969.0,820.0,141,1,0,1,Pedestrian
17,1941.0,786.0,1969.0,820.0,142,1,0,1,Pedestrian
17,1941.0,786.0,1969.0,820.0,143,1,0,1,Pedestrian
17,1941.0,786.0,1969.0,820.0,144,1,0,1,Pedestrian
17,1941.0,786.0,1969.0,820.0,145,1,0,1,Pedestrian
17,1941.0,786.0,1969.0,820.0,146,1,0,1,Pedestrian
17,1941.0,786.0,1969.0,820.0,147,1,0,1,Pedestrian
17,1941.0,786.0,1969.0,820.0,148,1,0,1,Pedestrian
17,1941.0,786.0,1969.0,820.0,149,1,0,1,Pedestrian
17,1941.0,786.0,1969.0,820.0,150,1,0,1,Pedestrian
17,1941.0,786.0,1969.0,820.0,151,1,0,1,Pedestrian
17,1941.0,786.0,1969.0,820.0,152,1,0,1,Pedestrian
17,1941.0,786.0,1969.0,820.0,153,1,0,1,Pedestrian
17,1941.0,786.0,1969.0,820.0,154,1,0,1,Pedestrian
17,1941.0,786.0,1969.0,820.0,155,1,0,1,Pedestrian
17,1941.0,786.0,1969.0,820.0,156,1,0,1,Pedestrian
17,1941.0,786.0,1969.0,820.0,157,1,0,1,Pedestrian
17,1941.0,786.0,1969.0,820.0,158,1,0,1,Pedestrian
17,1941.0,786.0,1969.0,820.0,159,1,0,1,Pedestrian
17,1941.0,786.0,1969.0,820.0,160,1,0,1,Pedestrian
17,1941.0,786.0,1969.0,820.0,161,1,0,1,Pedestrian
17,1941.0,786.0,1969.0,820.0,162,1,0,1,Pedestrian
17,1941.0,786.0,1969.0,820.0,163,1,0,1,Pedestrian
17,1941.0,786.0,1969.0,820.0,164,1,0,1,Pedestrian
17,1941.0,786.0,1969.0,820.0,165,1,0,1,Pedestrian
17,1941.0,786.0,1969.0,820.0,166,1,0,1,Pedestrian
17,1941.0,786.0,1969.0,820.0,167,1,0,1,Pedestrian
17,1941.0,786.0,1969.0,820.0,168,1,0,1,Pedestrian
17,1941.0,786.0,1969.0,820.0,169,1,0,1,Pedestrian
17,1941.0,786.0,1969.0,820.0,170,1,0,1,Pedestrian
17,1941.0,786.0,1969.0,820.0,171,1,0,1,Pedestrian
17,1941.0,786.0,1969.0,820.0,172,1,0,1,Pedestrian
17,1941.0,786.0,1969.0,820.0,173,1,0,1,Pedestrian
17,1941.0,786.0,1969.0,820.0,174,1,0,1,Pedestrian
17,1941.0,786.0,1969.0,820.0,175,1,0,1,Pedestrian
17,1941.0,786.0,1969.0,820.0,176,1,0,1,Pedestrian
17,1941.0,786.0,1969.0,820.0,177,1,0,1,Pedestrian
17,1941.0,786.0,1969.0,820.0,178,1,0,1,Pedestrian
17,1941.0,786.0,1969.0,820.0,179,1,0,1,Pedestrian
17,1941.0,786.0,1969.0,820.0,180,1,0,1,Pedestrian
17,1941.0,786.0,1969.0,820.0,181,1,0,1,Pedestrian
17,1941.0,786.0,1969.0,820.0,182,1,0,1,Pedestrian
17,1941.0,786.0,1969.0,820.0,183,1,0,1,Pedestrian
17,1941.0,786.0,1969.0,820.0,184,1,0,1,Pedestrian
17,1941.0,786.0,1969.0,820.0,185,1,0,1,Pedestrian
17,1941.0,786.0,1969.0,820.0,186,1,0,1,Pedestrian
17,1941.0,786.0,1969.0,820.0,187,1,0,1,Pedestrian
17,1941.0,786.0,1969.0,820.0,188,1,0,1,Pedestrian
17,1941.0,786.0,1969.0,820.0,189,1,0,1,Pedestrian
17,1941.0,786.0,1969.0,820.0,190,1,0,1,Pedestrian
17,1941.0,786.0,1969.0,820.0,191,1,0,1,Pedestrian
17,1941.0,786.0,1969.0,820.0,192,1,0,1,Pedestrian
17,1941.0,786.0,1969.0,820.0,193,1,0,1,Pedestrian
17,1941.0,786.0,1969.0,820.0,194,1,0,1,Pedestrian
17,1941.0,786.0,1969.0,820.0,195,1,0,1,Pedestrian
17,1941.0,786.0,1969.0,820.0,196,1,0,1,Pedestrian
17,1941.0,786.0,1969.0,820.0,197,1,0,1,Pedestrian
17,1941.0,786.0,1969.0,820.0,198,1,0,1,Pedestrian
17,1941.0,786.0,1969.0,820.0,199,1,0,1,Pedestrian
17,1941.0,786.0,1969.0,820.0,200,1,0,1,Pedestrian
17,1941.0,786.0,1969.0,820.0,201,1,0,1,Pedestrian
17,1941.0,786.0,1969.0,820.0,202,1,0,1,Pedestrian
17,1941.0,786.0,1969.0,820.0,203,1,0,1,Pedestrian
17,1941.0,786.0,1969.0,820.0,204,1,0,1,Pedestrian
17,1941.0,786.0,1969.0,820.0,205,1,0,1,Pedestrian
17,1941.0,786.0,1969.0,820.0,206,1,0,1,Pedestrian
17,1941.0,786.0,1969.0,820.0,207,1,0,1,Pedestrian
17,1941.0,786.0,1969.0,820.0,208,1,0,1,Pedestrian
17,1941.0,786.0,1969.0,820.0,209,1,0,1,Pedestrian
17,1941.0,786.0,1969.0,820.0,210,1,0,1,Pedestrian
17,1941.0,786.0,1969.0,820.0,211,1,0,1,Pedestrian
17,1941.0,786.0,1969.0,820.0,212,1,0,1,Pedestrian
17,1941.0,786.0,1969.0,820.0,213,1,0,1,Pedestrian
17,1941.0,786.0,1969.0,820.0,214,1,0,1,Pedestrian
17,1941.0,786.0,1969.0,820.0,215,1,0,1,Pedestrian
17,1941.0,786.0,1969.0,820.0,216,1,0,1,Pedestrian
17,1941.0,786.0,1969.0,820.0,217,1,0,1,Pedestrian
17,1941.0,786.0,1969.0,820.0,218,1,0,1,Pedestrian
17,1941.0,786.0,1969.0,820.0,219,1,0,1,Pedestrian
17,1941.0,786.0,1969.0,820.0,220,1,0,1,Pedestrian
17,1941.0,786.0,1969.0,820.0,221,1,0,1,Pedestrian
17,1941.0,786.0,1969.0,820.0,222,1,0,1,Pedestrian
17,1941.0,786.0,1969.0,820.0,223,1,0,1,Pedestrian
17,1941.0,786.0,1969.0,820.0,224,1,0,1,Pedestrian
17,1941.0,786.0,1969.0,820.0,225,1,0,1,Pedestrian
17,1941.0,786.0,1969.0,820.0,226,1,0,1,Pedestrian
17,1941.0,786.0,1969.0,820.0,227,1,0,1,Pedestrian
17,1941.0,786.0,1969.0,820.0,228,1,0,1,Pedestrian
17,1941.0,786.0,1969.0,820.0,229,1,0,1,Pedestrian
17,1941.0,786.0,1969.0,820.0,230,1,0,1,Pedestrian
17,1941.0,786.0,1969.0,820.0,231,1,0,1,Pedestrian
17,1941.0,786.0,1969.0,820.0,232,1,0,1,Pedestrian
17,1941.0,786.0,1969.0,820.0,233,1,0,1,Pedestrian
17,1941.0,786.0,1969.0,820.0,234,1,0,1,Pedestrian
17,1941.0,786.0,1969.0,820.0,235,1,0,1,Pedestrian
17,1941.0,786.0,1969.0,820.0,236,1,0,1,Pedestrian
17,1941.0,786.0,1969.0,820.0,237,1,0,1,Pedestrian
17,1941.0,786.0,1969.0,820.0,238,1,0,1,Pedestrian
17,1941.0,786.0,1969.0,820.0,239,1,0,1,Pedestrian
17,1941.0,786.0,1969.0,820.0,240,1,0,1,Pedestrian
17,1941.0,786.0,1969.0,820.0,241,1,0,1,Pedestrian
17,1941.0,786.0,1969.0,820.0,242,1,0,1,Pedestrian
17,1941.0,786.0,1969.0,820.0,243,1,0,1,Pedestrian
17,1941.0,786.0,1969.0,820.0,244,1,0,1,Pedestrian
17,1941.0,786.0,1969.0,820.0,245,1,0,1,Pedestrian
17,1941.0,786.0,1969.0,820.0,246,1,0,1,Pedestrian
17,1941.0,786.0,1969.0,820.0,247,1,0,1,Pedestrian
17,1941.0,786.0,1969.0,820.0,248,1,0,1,Pedestrian
17,1941.0,786.0,1969.0,820.0,249,1,0,1,Pedestrian
17,1941.0,786.0,1969.0,820.0,250,1,0,1,Pedestrian
17,1941.0,786.0,1969.0,820.0,251,1,0,1,Pedestrian
17,1941.0,786.0,1969.0,820.0,252,1,0,1,Pedestrian
17,1941.0,786.0,1969.0,820.0,253,1,0,1,Pedestrian
17,1941.0,786.0,1969.0,820.0,254,1,0,1,Pedestrian
17,1941.0,786.0,1969.0,820.0,255,1,0,1,Pedestrian
17,1941.0,786.0,1969.0,820.0,256,1,0,1,Pedestrian
17,1941.0,786.0,1969.0,820.0,257,1,0,1,Pedestrian
17,1941.0,786.0,1969.0,820.0,258,1,0,1,Pedestrian
17,1941.0,786.0,1969.0,820.0,259,1,0,1,Pedestrian
17,1941.0,786.0,1969.0,820.0,260,1,0,1,Pedestrian
17,1941.0,786.0,1969.0,820.0,261,1,0,1,Pedestrian
17,1941.0,786.0,1969.0,820.0,262,1,0,1,Pedestrian
17,1941.0,786.0,1969.0,820.0,263,1,0,1,Pedestrian
17,1941.0,786.0,1969.0,820.0,264,1,0,1,Pedestrian
17,1941.0,786.0,1969.0,820.0,265,1,0,1,Pedestrian
17,1941.0,786.0,1969.0,820.0,266,1,0,1,Pedestrian
17,1941.0,786.0,1969.0,820.0,267,1,0,1,Pedestrian
17,1941.0,786.0,1969.0,820.0,268,1,0,1,Pedestrian
17,1941.0,786.0,1969.0,820.0,269,1,0,1,Pedestrian
17,1941.0,786.0,1969.0,820.0,270,1,0,1,Pedestrian
17,1941.0,786.0,1969.0,820.0,271,1,0,1,Pedestrian
17,1941.0,786.0,1969.0,820.0,272,1,0,1,Pedestrian
17,1941.0,786.0,1969.0,820.0,273,1,0,1,Pedestrian
17,1941.0,786.0,1969.0,820.0,274,1,0,1,Pedestrian
17,1941.0,786.0,1969.0,820.0,275,1,0,1,Pedestrian
17,1941.0,786.0,1969.0,820.0,276,1,0,1,Pedestrian
17,1941.0,786.0,1969.0,820.0,277,1,0,1,Pedestrian
17,1941.0,786.0,1969.0,820.0,278,1,0,1,Pedestrian
17,1941.0,786.0,1969.0,820.0,279,1,0,1,Pedestrian
17,1941.0,786.0,1969.0,820.0,280,1,0,1,Pedestrian
17,1941.0,786.0,1969.0,820.0,281,1,0,1,Pedestrian
17,1941.0,786.0,1969.0,820.0,282,1,0,1,Pedestrian
17,1941.0,786.0,1969.0,820.0,283,1,0,1,Pedestrian
17,1941.0,786.0,1969.0,820.0,284,1,0,1,Pedestrian
17,1941.0,786.0,1969.0,820.0,285,1,0,1,Pedestrian
17,1941.0,786.0,1969.0,820.0,286,1,0,1,Pedestrian
17,1941.0,786.0,1969.0,820.0,287,1,0,1,Pedestrian
17,1941.0,786.0,1969.0,820.0,288,1,0,1,Pedestrian
17,1941.0,786.0,1969.0,820.0,289,1,0,1,Pedestrian
17,1941.0,786.0,1969.0,820.0,290,1,0,1,Pedestrian
17,1941.0,786.0,1969.0,820.0,291,1,0,1,Pedestrian
17,1941.0,786.0,1969.0,820.0,292,1,0,1,Pedestrian
17,1941.0,786.0,1969.0,820.0,293,1,0,1,Pedestrian
17,1941.0,786.0,1969.0,820.0,294,1,0,1,Pedestrian
17,1941.0,786.0,1969.0,820.0,295,1,0,1,Pedestrian
17,1941.0,786.0,1969.0,820.0,296,1,0,1,Pedestrian
17,1941.0,786.0,1969.0,820.0,297,1,0,1,Pedestrian
17,1941.0,786.0,1969.0,820.0,298,1,0,1,Pedestrian
17,1941.0,786.0,1969.0,820.0,299,1,0,1,Pedestrian
17,1941.0,786.0,1969.0,820.0,300,1,0,1,Pedestrian
17,1941.0,786.0,1969.0,820.0,301,1,0,1,Pedestrian
17,1941.0,786.0,1969.0,820.0,302,1,0,1,Pedestrian
17,1941.0,786.0,1969.0,820.0,303,1,0,1,Pedestrian
17,1941.0,786.0,1969.0,820.0,304,1,0,1,Pedestrian
17,1941.0,786.0,1969.0,820.0,305,1,0,1,Pedestrian
17,1941.0,786.0,1969.0,820.0,306,1,0,1,Pedestrian
17,1941.0,786.0,1969.0,820.0,307,1,0,1,Pedestrian
17,1941.0,786.0,1969.0,820.0,308,1,0,1,Pedestrian
17,1941.0,786.0,1969.0,820.0,309,1,0,1,Pedestrian
17,1941.0,786.0,1969.0,820.0,310,1,0,1,Pedestrian
17,1941.0,786.0,1969.0,820.0,311,1,0,1,Pedestrian
17,1941.0,786.0,1969.0,820.0,312,1,0,1,Pedestrian
17,1941.0,786.0,1969.0,820.0,313,1,0,1,Pedestrian
17,1941.0,786.0,1969.0,820.0,314,1,0,1,Pedestrian
17,1941.0,786.0,1969.0,820.0,315,1,0,1,Pedestrian
17,1941.0,786.0,1969.0,820.0,316,1,0,1,Pedestrian
17,1941.0,786.0,1969.0,820.0,317,1,0,1,Pedestrian
17,1941.0,786.0,1969.0,820.0,318,1,0,1,Pedestrian
17,1941.0,786.0,1969.0,820.0,319,1,0,1,Pedestrian
17,1941.0,786.0,1969.0,820.0,320,1,0,1,Pedestrian
17,1941.0,786.0,1969.0,820.0,321,1,0,1,Pedestrian
17,1941.0,786.0,1969.0,820.0,322,1,0,1,Pedestrian
17,1941.0,786.0,1969.0,820.0,323,1,0,1,Pedestrian
17,1941.0,786.0,1969.0,820.0,324,1,0,1,Pedestrian
17,1941.0,786.0,1969.0,820.0,325,1,0,1,Pedestrian
17,1941.0,786.0,1969.0,820.0,326,1,0,1,Pedestrian
17,1941.0,786.0,1969.0,820.0,327,1,0,1,Pedestrian
17,1941.0,786.0,1969.0,820.0,328,1,0,1,Pedestrian
17,1941.0,786.0,1969.0,820.0,329,1,0,1,Pedestrian
17,1941.0,786.0,1969.0,820.0,330,1,0,1,Pedestrian
17,1941.0,786.0,1969.0,820.0,331,1,0,1,Pedestrian
17,1941.0,786.0,1969.0,820.0,332,1,0,1,Pedestrian
17,1941.0,786.0,1969.0,820.0,333,1,0,1,Pedestrian
17,1941.0,786.0,1969.0,820.0,334,1,0,1,Pedestrian
17,1941.0,786.0,1969.0,820.0,335,1,0,1,Pedestrian
17,1941.0,786.0,1969.0,820.0,336,1,0,1,Pedestrian
17,1941.0,786.0,1969.0,820.0,337,1,0,1,Pedestrian
17,1941.0,786.0,1969.0,820.0,338,1,0,1,Pedestrian
17,1941.0,786.0,1969.0,820.0,339,1,0,1,Pedestrian
17,1941.0,786.0,1969.0,820.0,340,1,0,1,Pedestrian
17,1941.0,786.0,1969.0,820.0,341,1,0,1,Pedestrian
17,1941.0,786.0,1969.0,820.0,342,1,0,1,Pedestrian
17,1941.0,786.0,1969.0,820.0,343,1,0,1,Pedestrian
17,1941.0,786.0,1969.0,820.0,344,1,0,1,Pedestrian
17,1941.0,786.0,1969.0,820.0,345,1,0,1,Pedestrian
17,1941.0,786.0,1969.0,820.0,346,1,0,1,Pedestrian
17,1941.0,786.0,1969.0,820.0,347,1,0,1,Pedestrian
17,1941.0,786.0,1969.0,820.0,348,1,0,1,Pedestrian
17,1941.0,786.0,1969.0,820.0,349,1,0,1,Pedestrian
17,1941.0,786.0,1969.0,820.0,350,1,0,1,Pedestrian
17,1941.0,786.0,1969.0,820.0,351,1,0,1,Pedestrian
17,1941.0,786.0,1969.0,820.0,352,1,0,1,Pedestrian
17,1941.0,786.0,1969.0,820.0,353,1,0,1,Pedestrian
17,1941.0,786.0,1969.0,820.0,354,1,0,1,Pedestrian
17,1941.0,786.0,1969.0,820.0,355,1,0,1,Pedestrian
17,1941.0,786.0,1969.0,820.0,356,1,0,1,Pedestrian
17,1941.0,786.0,1969.0,820.0,357,1,0,1,Pedestrian
17,1941.0,786.0,1969.0,820.0,358,1,0,1,Pedestrian
17,1941.0,786.0,1969.0,820.0,359,1,0,1,Pedestrian
17,1941.0,786.0,1969.0,820.0,360,1,0,1,Pedestrian
17,1941.0,786.0,1969.0,820.0,361,1,0,1,Pedestrian
17,1941.0,786.0,1969.0,820.0,362,1,0,1,Pedestrian
17,1941.0,786.0,1969.0,820.0,363,1,0,1,Pedestrian
17,1941.0,786.0,1969.0,820.0,364,1,0,1,Pedestrian
17,1941.0,786.0,1969.0,820.0,365,1,0,1,Pedestrian
17,1941.0,786.0,1969.0,820.0,366,1,0,1,Pedestrian
17,1941.0,786.0,1969.0,820.0,367,1,0,1,Pedestrian
17,1941.0,786.0,1969.0,820.0,368,1,0,1,Pedestrian
17,1941.0,786.0,1969.0,820.0,369,1,0,1,Pedestrian
17,1941.0,786.0,1969.0,820.0,370,1,0,1,Pedestrian
17,1941.0,786.0,1969.0,820.0,371,1,0,1,Pedestrian
17,1941.0,786.0,1969.0,820.0,372,1,0,1,Pedestrian
17,1941.0,786.0,1969.0,820.0,373,1,0,1,Pedestrian
17,1941.0,786.0,1969.0,820.0,374,1,0,1,Pedestrian
17,1941.0,786.0,1969.0,820.0,375,1,0,1,Pedestrian
17,1941.0,786.0,1969.0,820.0,376,1,0,1,Pedestrian
17,1941.0,786.0,1969.0,820.0,377,1,0,1,Pedestrian
17,1941.0,786.0,1969.0,820.0,378,1,0,1,Pedestrian
17,1941.0,786.0,1969.0,820.0,379,1,0,1,Pedestrian
17,1941.0,786.0,1969.0,820.0,380,1,0,1,Pedestrian
17,1941.0,786.0,1969.0,820.0,381,1,0,1,Pedestrian
17,1941.0,786.0,1969.0,820.0,382,1,0,1,Pedestrian
17,1941.0,786.0,1969.0,820.0,383,1,0,1,Pedestrian
17,1941.0,786.0,1969.0,820.0,384,1,0,1,Pedestrian
17,1941.0,786.0,1969.0,820.0,385,1,0,1,Pedestrian
17,1941.0,786.0,1969.0,820.0,386,1,0,1,Pedestrian
17,1941.0,786.0,1969.0,820.0,387,1,0,1,Pedestrian
17,1941.0,786.0,1969.0,820.0,388,1,0,1,Pedestrian
17,1941.0,786.0,1969.0,820.0,389,1,0,1,Pedestrian
17,1941.0,786.0,1969.0,820.0,390,1,0,1,Pedestrian
17,1941.0,786.0,1969.0,820.0,391,1,0,1,Pedestrian
17,1941.0,786.0,1969.0,820.0,392,1,0,1,Pedestrian
17,1941.0,786.0,1969.0,820.0,393,1,0,1,Pedestrian
17,1941.0,786.0,1969.0,820.0,394,1,0,1,Pedestrian
17,1941.0,786.0,1969.0,820.0,395,1,0,1,Pedestrian
17,1941.0,786.0,1969.0,820.0,396,1,0,1,Pedestrian
17,1941.0,786.0,1969.0,820.0,397,1,0,1,Pedestrian
17,1941.0,786.0,1969.0,820.0,398,1,0,1,Pedestrian
17,1941.0,786.0,1969.0,820.0,399,1,0,1,Pedestrian
17,1941.0,786.0,1969.0,820.0,400,1,0,1,Pedestrian
17,1941.0,786.0,1969.0,820.0,401,1,0,1,Pedestrian
17,1941.0,786.0,1969.0,820.0,402,1,0,1,Pedestrian
17,1941.0,786.0,1969.0,820.0,403,1,0,1,Pedestrian
17,1941.0,786.0,1969.0,820.0,404,1,0,1,Pedestrian
17,1941.0,786.0,1969.0,820.0,405,1,0,1,Pedestrian
17,1941.0,786.0,1969.0,820.0,406,1,0,1,Pedestrian
17,1941.0,786.0,1969.0,820.0,407,1,0,1,Pedestrian
17,1941.0,786.0,1969.0,820.0,408,1,0,1,Pedestrian
17,1941.0,786.0,1969.0,820.0,409,1,0,1,Pedestrian
17,1941.0,786.0,1969.0,820.0,410,1,0,1,Pedestrian
17,1941.0,786.0,1969.0,820.0,411,1,0,1,Pedestrian
17,1941.0,786.0,1969.0,820.0,412,1,0,1,Pedestrian
17,1941.0,786.0,1969.0,820.0,413,1,0,1,Pedestrian
17,1941.0,786.0,1969.0,820.0,414,1,0,1,Pedestrian
17,1941.0,786.0,1969.0,820.0,415,1,0,1,Pedestrian
17,1941.0,786.0,1969.0,820.0,416,1,0,1,Pedestrian
17,1941.0,786.0,1969.0,820.0,417,1,0,1,Pedestrian
17,1941.0,786.0,1969.0,820.0,418,1,0,1,Pedestrian
17,1941.0,786.0,1969.0,820.0,419,1,0,1,Pedestrian
17,1941.0,786.0,1969.0,820.0,420,1,0,1,Pedestrian
17,1941.0,786.0,1969.0,820.0,421,1,0,1,Pedestrian
17,1941.0,786.0,1969.0,820.0,422,1,0,1,Pedestrian
17,1941.0,786.0,1969.0,820.0,423,1,0,1,Pedestrian
17,1941.0,786.0,1969.0,820.0,424,1,0,1,Pedestrian
17,1941.0,786.0,1969.0,820.0,425,1,0,1,Pedestrian
17,1941.0,786.0,1969.0,820.0,426,1,0,1,Pedestrian
17,1941.0,786.0,1969.0,820.0,427,1,0,1,Pedestrian
17,1941.0,786.0,1969.0,820.0,428,1,0,1,Pedestrian
17,1941.0,786.0,1969.0,820.0,429,1,0,1,Pedestrian
17,1941.0,786.0,1969.0,820.0,430,1,0,1,Pedestrian
17,1941.0,786.0,1969.0,820.0,431,1,0,1,Pedestrian
17,1941.0,786.0,1969.0,820.0,432,1,0,1,Pedestrian
17,1941.0,786.0,1969.0,820.0,433,1,0,1,Pedestrian
17,1941.0,786.0,1969.0,820.0,434,1,0,1,Pedestrian
17,1941.0,786.0,1969.0,820.0,435,1,0,1,Pedestrian
17,1941.0,786.0,1969.0,820.0,436,1,0,1,Pedestrian
17,1941.0,786.0,1969.0,820.0,437,1,0,1,Pedestrian
17,1941.0,786.0,1969.0,820.0,438,1,0,1,Pedestrian
17,1941.0,786.0,1969.0,820.0,439,1,0,1,Pedestrian
17,1941.0,786.0,1969.0,820.0,440,1,0,1,Pedestrian
17,1941.0,786.0,1969.0,820.0,441,1,0,1,Pedestrian
17,1941.0,786.0,1969.0,820.0,442,1,0,1,Pedestrian
17,1941.0,786.0,1969.0,820.0,443,1,0,1,Pedestrian
17,1941.0,786.0,1969.0,820.0,444,1,0,1,Pedestrian
17,1941.0,786.0,1969.0,820.0,445,1,0,1,Pedestrian
17,1941.0,786.0,1969.0,820.0,446,1,0,1,Pedestrian
17,1941.0,786.0,1969.0,820.0,447,1,0,1,Pedestrian
17,1941.0,786.0,1969.0,820.0,448,1,0,1,Pedestrian
17,1941.0,786.0,1969.0,820.0,449,1,0,1,Pedestrian
17,1941.0,786.0,1969.0,820.0,450,1,0,1,Pedestrian
17,1941.0,786.0,1969.0,820.0,451,1,0,1,Pedestrian
17,1941.0,786.0,1969.0,820.0,452,1,0,1,Pedestrian
17,1941.0,786.0,1969.0,820.0,453,1,0,1,Pedestrian
17,1941.0,786.0,1969.0,820.0,454,1,0,1,Pedestrian
17,1941.0,786.0,1969.0,820.0,455,1,0,1,Pedestrian
17,1941.0,786.0,1969.0,820.0,456,1,0,1,Pedestrian
17,1941.0,786.0,1969.0,820.0,457,1,0,1,Pedestrian
17,1941.0,786.0,1969.0,820.0,458,1,0,1,Pedestrian
17,1941.0,786.0,1969.0,820.0,459,1,0,1,Pedestrian
17,1941.0,786.0,1969.0,820.0,460,1,0,1,Pedestrian
17,1941.0,786.0,1969.0,820.0,461,1,0,1,Pedestrian
17,1941.0,786.0,1969.0,820.0,462,1,0,1,Pedestrian
17,1941.0,786.0,1969.0,820.0,463,1,0,1,Pedestrian
17,1941.0,786.0,1969.0,820.0,464,1,0,1,Pedestrian
17,1941.0,786.0,1969.0,820.0,465,1,0,1,Pedestrian
17,1941.0,786.0,1969.0,820.0,466,1,0,1,Pedestrian
17,1941.0,786.0,1969.0,820.0,467,1,0,1,Pedestrian
17,1941.0,786.0,1969.0,820.0,468,1,0,1,Pedestrian
17,1941.0,786.0,1969.0,820.0,469,1,0,1,Pedestrian
17,1941.0,786.0,1969.0,820.0,470,1,0,1,Pedestrian
17,1941.0,786.0,1969.0,820.0,471,1,0,1,Pedestrian
17,1941.0,786.0,1969.0,820.0,472,1,0,1,Pedestrian
17,1941.0,786.0,1969.0,820.0,473,1,0,1,Pedestrian
17,1941.0,786.0,1969.0,820.0,474,1,0,1,Pedestrian
17,1941.0,786.0,1969.0,820.0,475,1,0,1,Pedestrian
17,1941.0,786.0,1969.0,820.0,476,1,0,1,Pedestrian
17,1941.0,786.0,1969.0,820.0,477,1,0,1,Pedestrian
17,1941.0,786.0,1969.0,820.0,478,1,0,1,Pedestrian
17,1941.0,786.0,1969.0,820.0,479,1,0,1,Pedestrian
17,1941.0,786.0,1969.0,820.0,480,1,0,1,Pedestrian
17,1941.0,786.0,1969.0,820.0,481,1,0,1,Pedestrian
17,1941.0,786.0,1969.0,820.0,482,1,0,1,Pedestrian
17,1941.0,786.0,1969.0,820.0,483,1,0,1,Pedestrian
17,1941.0,786.0,1969.0,820.0,484,1,0,1,Pedestrian
17,1941.0,786.0,1969.0,820.0,485,1,0,1,Pedestrian
17,1941.0,786.0,1969.0,820.0,486,1,0,1,Pedestrian
17,1941.0,786.0,1969.0,820.0,487,1,0,1,Pedestrian
17,1941.0,786.0,1969.0,820.0,488,1,0,1,Pedestrian
17,1941.0,786.0,1969.0,820.0,489,1,0,1,Pedestrian
17,1941.0,786.0,1969.0,820.0,490,1,0,1,Pedestrian
17,1941.0,786.0,1969.0,820.0,491,1,0,1,Pedestrian
17,1941.0,786.0,1969.0,820.0,492,1,0,1,Pedestrian
17,1941.0,786.0,1969.0,820.0,493,1,0,1,Pedestrian
17,1941.0,786.0,1969.0,820.0,494,1,0,1,Pedestrian
17,1941.0,786.0,1969.0,820.0,495,1,0,1,Pedestrian
17,1941.0,786.0,1969.0,820.0,496,1,0,1,Pedestrian
17,1941.0,786.0,1969.0,820.0,497,1,0,1,Pedestrian
17,1941.0,786.0,1969.0,820.0,498,1,0,1,Pedestrian
17,1941.0,786.0,1969.0,820.0,499,1,0,1,Pedestrian
17,1941.0,786.0,1969.0,820.0,500,1,0,1,Pedestrian
17,1941.0,786.0,1969.0,820.0,501,1,0,1,Pedestrian
17,1941.0,786.0,1969.0,820.0,502,1,0,1,Pedestrian
17,1941.0,786.0,1969.0,820.0,503,1,0,1,Pedestrian
17,1941.0,786.0,1969.0,820.0,504,1,0,1,Pedestrian
17,1941.0,786.0,1969.0,820.0,505,1,0,1,Pedestrian
17,1941.0,786.0,1969.0,820.0,506,1,0,1,Pedestrian
17,1941.0,786.0,1969.0,820.0,507,1,0,1,Pedestrian
17,1941.0,786.0,1969.0,820.0,508,1,0,0,Pedestrian
18,1919.0,791.0,1947.0,820.0,0,1,0,0,Pedestrian
18,1919.0,791.0,1947.0,820.0,1,1,0,1,Pedestrian
18,1919.0,791.0,1947.0,820.0,2,1,0,1,Pedestrian
18,1919.0,791.0,1947.0,820.0,3,1,0,1,Pedestrian
18,1919.0,791.0,1947.0,820.0,4,1,0,1,Pedestrian
18,1919.0,791.0,1947.0,820.0,5,1,0,1,Pedestrian
18,1919.0,791.0,1947.0,820.0,6,1,0,1,Pedestrian
18,1922.0,791.0,1949.0,820.0,7,1,0,1,Pedestrian
18,1922.0,791.0,1949.0,820.0,8,1,0,1,Pedestrian
18,1922.0,791.0,1949.0,820.0,9,1,0,1,Pedestrian
18,1922.0,791.0,1949.0,820.0,10,1,0,1,Pedestrian
18,1922.0,791.0,1949.0,820.0,11,1,0,1,Pedestrian
18,1922.0,791.0,1949.0,820.0,12,1,0,1,Pedestrian
18,1922.0,791.0,1949.0,820.0,13,1,0,1,Pedestrian
18,1925.0,791.0,1952.0,820.0,14,1,0,1,Pedestrian
18,1925.0,791.0,1952.0,820.0,15,1,0,1,Pedestrian
18,1925.0,791.0,1952.0,820.0,16,1,0,1,Pedestrian
18,1925.0,791.0,1952.0,820.0,17,1,0,1,Pedestrian
18,1925.0,791.0,1952.0,820.0,18,1,0,1,Pedestrian
18,1925.0,791.0,1952.0,820.0,19,1,0,1,Pedestrian
18,1925.0,791.0,1952.0,820.0,20,1,0,1,Pedestrian
18,1927.0,791.0,1955.0,820.0,21,1,0,1,Pedestrian
18,1927.0,791.0,1955.0,820.0,22,1,0,1,Pedestrian
18,1927.0,791.0,1955.0,820.0,23,1,0,1,Pedestrian
18,1927.0,791.0,1955.0,820.0,24,1,0,1,Pedestrian
18,1927.0,791.0,1955.0,820.0,25,1,0,1,Pedestrian
18,1927.0,791.0,1955.0,820.0,26,1,0,1,Pedestrian
18,1927.0,791.0,1955.0,820.0,27,1,0,1,Pedestrian
18,1930.0,791.0,1958.0,820.0,28,1,0,1,Pedestrian
18,1930.0,791.0,1958.0,820.0,29,1,0,1,Pedestrian
18,1930.0,791.0,1958.0,820.0,30,1,0,1,Pedestrian
18,1930.0,791.0,1958.0,820.0,31,1,0,1,Pedestrian
18,1930.0,791.0,1958.0,820.0,32,1,0,1,Pedestrian
18,1930.0,791.0,1958.0,820.0,33,1,0,1,Pedestrian
18,1930.0,791.0,1958.0,820.0,34,1,0,1,Pedestrian
18,1933.0,793.0,1960.0,822.0,35,1,0,1,Pedestrian
18,1933.0,793.0,1960.0,822.0,36,1,0,1,Pedestrian
18,1933.0,793.0,1960.0,822.0,37,1,0,1,Pedestrian
18,1933.0,793.0,1960.0,822.0,38,1,0,1,Pedestrian
18,1933.0,793.0,1960.0,822.0,39,1,0,1,Pedestrian
18,1933.0,793.0,1960.0,822.0,40,1,0,1,Pedestrian
18,1933.0,793.0,1960.0,822.0,41,1,0,1,Pedestrian
18,1936.0,793.0,1963.0,822.0,42,1,0,1,Pedestrian
18,1936.0,793.0,1963.0,822.0,43,1,0,1,Pedestrian
18,1936.0,793.0,1963.0,822.0,44,1,0,1,Pedestrian
18,1936.0,793.0,1963.0,822.0,45,1,0,1,Pedestrian
18,1936.0,793.0,1963.0,822.0,46,1,0,1,Pedestrian
18,1936.0,793.0,1963.0,822.0,47,1,0,1,Pedestrian
18,1936.0,793.0,1963.0,822.0,48,1,0,1,Pedestrian
18,1938.0,793.0,1966.0,822.0,49,1,0,1,Pedestrian
18,1938.0,793.0,1966.0,822.0,50,1,0,1,Pedestrian
18,1938.0,793.0,1966.0,822.0,51,1,0,1,Pedestrian
18,1938.0,793.0,1966.0,822.0,52,1,0,1,Pedestrian
18,1938.0,793.0,1966.0,822.0,53,1,0,1,Pedestrian
18,1938.0,793.0,1966.0,822.0,54,1,0,1,Pedestrian
18,1938.0,793.0,1966.0,822.0,55,1,0,1,Pedestrian
18,1941.0,793.0,1969.0,822.0,56,1,0,1,Pedestrian
18,1941.0,793.0,1969.0,822.0,57,1,0,1,Pedestrian
18,1941.0,793.0,1969.0,822.0,58,1,0,1,Pedestrian
18,1941.0,793.0,1969.0,822.0,59,1,0,1,Pedestrian
18,1941.0,793.0,1969.0,822.0,60,1,0,1,Pedestrian
18,1941.0,793.0,1969.0,822.0,61,1,0,1,Pedestrian
18,1941.0,793.0,1969.0,822.0,62,1,0,1,Pedestrian
18,1944.0,793.0,1971.0,822.0,63,1,0,1,Pedestrian
18,1944.0,793.0,1971.0,822.0,64,1,0,1,Pedestrian
18,1944.0,793.0,1971.0,822.0,65,1,0,1,Pedestrian
18,1944.0,793.0,1971.0,822.0,66,1,0,1,Pedestrian
18,1944.0,793.0,1971.0,822.0,67,1,0,1,Pedestrian
18,1944.0,793.0,1971.0,822.0,68,1,0,1,Pedestrian
18,1944.0,793.0,1971.0,822.0,69,1,0,1,Pedestrian
18,1947.0,795.0,1974.0,825.0,70,1,0,0,Pedestrian
18,1947.0,795.0,1974.0,825.0,71,1,0,1,Pedestrian
18,1947.0,795.0,1974.0,825.0,72,1,0,1,Pedestrian
18,1947.0,795.0,1974.0,825.0,73,1,0,1,Pedestrian
18,1947.0,795.0,1974.0,825.0,74,1,0,1,Pedestrian
18,1947.0,795.0,1974.0,825.0,75,1,0,1,Pedestrian
18,1947.0,795.0,1974.0,825.0,76,1,0,1,Pedestrian
18,1947.0,795.0,1974.0,825.0,77,1,0,1,Pedestrian
18,1947.0,795.0,1974.0,825.0,78,1,0,1,Pedestrian
18,1947.0,795.0,1974.0,825.0,79,1,0,1,Pedestrian
18,1947.0,795.0,1974.0,825.0,80,1,0,1,Pedestrian
18,1947.0,795.0,1974.0,825.0,81,1,0,1,Pedestrian
18,1947.0,795.0,1974.0,825.0,82,1,0,1,Pedestrian
18,1947.0,795.0,1974.0,825.0,83,1,0,1,Pedestrian
18,1947.0,795.0,1974.0,825.0,84,1,0,1,Pedestrian
18,1947.0,795.0,1974.0,825.0,85,1,0,1,Pedestrian
18,1947.0,795.0,1974.0,825.0,86,1,0,1,Pedestrian
18,1947.0,795.0,1974.0,825.0,87,1,0,1,Pedestrian
18,1947.0,795.0,1974.0,825.0,88,1,0,1,Pedestrian
18,1947.0,795.0,1974.0,825.0,89,1,0,1,Pedestrian
18,1947.0,795.0,1974.0,825.0,90,1,0,1,Pedestrian
18,1947.0,795.0,1974.0,825.0,91,1,0,1,Pedestrian
18,1947.0,795.0,1974.0,825.0,92,1,0,1,Pedestrian
18,1947.0,795.0,1974.0,825.0,93,1,0,1,Pedestrian
18,1947.0,795.0,1974.0,825.0,94,1,0,1,Pedestrian
18,1947.0,795.0,1974.0,825.0,95,1,0,1,Pedestrian
18,1947.0,795.0,1974.0,825.0,96,1,0,1,Pedestrian
18,1947.0,795.0,1974.0,825.0,97,1,0,1,Pedestrian
18,1947.0,795.0,1974.0,825.0,98,1,0,1,Pedestrian
18,1947.0,795.0,1974.0,825.0,99,1,0,1,Pedestrian
18,1947.0,795.0,1974.0,825.0,100,1,0,1,Pedestrian
18,1947.0,795.0,1974.0,825.0,101,1,0,1,Pedestrian
18,1947.0,795.0,1974.0,825.0,102,1,0,1,Pedestrian
18,1947.0,795.0,1974.0,825.0,103,1,0,1,Pedestrian
18,1947.0,795.0,1974.0,825.0,104,1,0,1,Pedestrian
18,1947.0,795.0,1974.0,825.0,105,1,0,1,Pedestrian
18,1947.0,795.0,1974.0,825.0,106,1,0,1,Pedestrian
18,1947.0,795.0,1974.0,825.0,107,1,0,1,Pedestrian
18,1947.0,795.0,1974.0,825.0,108,1,0,1,Pedestrian
18,1947.0,795.0,1974.0,825.0,109,1,0,1,Pedestrian
18,1947.0,795.0,1974.0,825.0,110,1,0,1,Pedestrian
18,1947.0,795.0,1974.0,825.0,111,1,0,1,Pedestrian
18,1947.0,795.0,1974.0,825.0,112,1,0,1,Pedestrian
18,1947.0,795.0,1974.0,825.0,113,1,0,1,Pedestrian
18,1947.0,795.0,1974.0,825.0,114,1,0,1,Pedestrian
18,1947.0,795.0,1974.0,825.0,115,1,0,1,Pedestrian
18,1947.0,795.0,1974.0,825.0,116,1,0,1,Pedestrian
18,1947.0,795.0,1974.0,825.0,117,1,0,1,Pedestrian
18,1947.0,795.0,1974.0,825.0,118,1,0,1,Pedestrian
18,1947.0,795.0,1974.0,825.0,119,1,0,1,Pedestrian
18,1947.0,795.0,1974.0,825.0,120,1,0,1,Pedestrian
18,1947.0,795.0,1974.0,825.0,121,1,0,1,Pedestrian
18,1947.0,795.0,1974.0,825.0,122,1,0,1,Pedestrian
18,1947.0,795.0,1974.0,825.0,123,1,0,1,Pedestrian
18,1947.0,795.0,1974.0,825.0,124,1,0,1,Pedestrian
18,1947.0,795.0,1974.0,825.0,125,1,0,1,Pedestrian
18,1947.0,795.0,1974.0,825.0,126,1,0,1,Pedestrian
18,1947.0,795.0,1974.0,825.0,127,1,0,1,Pedestrian
18,1947.0,795.0,1974.0,825.0,128,1,0,1,Pedestrian
18,1947.0,795.0,1974.0,825.0,129,1,0,1,Pedestrian
18,1947.0,795.0,1974.0,825.0,130,1,0,1,Pedestrian
18,1947.0,795.0,1974.0,825.0,131,1,0,1,Pedestrian
18,1947.0,795.0,1974.0,825.0,132,1,0,1,Pedestrian
18,1947.0,795.0,1974.0,825.0,133,1,0,1,Pedestrian
18,1947.0,795.0,1974.0,825.0,134,1,0,1,Pedestrian
18,1947.0,795.0,1974.0,825.0,135,1,0,1,Pedestrian
18,1947.0,795.0,1974.0,825.0,136,1,0,1,Pedestrian
18,1947.0,795.0,1974.0,825.0,137,1,0,1,Pedestrian
18,1947.0,795.0,1974.0,825.0,138,1,0,1,Pedestrian
18,1947.0,795.0,1974.0,825.0,139,1,0,1,Pedestrian
18,1947.0,795.0,1974.0,825.0,140,1,0,1,Pedestrian
18,1947.0,795.0,1974.0,825.0,141,1,0,1,Pedestrian
18,1947.0,795.0,1974.0,825.0,142,1,0,1,Pedestrian
18,1947.0,795.0,1974.0,825.0,143,1,0,1,Pedestrian
18,1947.0,795.0,1974.0,825.0,144,1,0,1,Pedestrian
18,1947.0,795.0,1974.0,825.0,145,1,0,1,Pedestrian
18,1947.0,795.0,1974.0,825.0,146,1,0,1,Pedestrian
18,1947.0,795.0,1974.0,825.0,147,1,0,1,Pedestrian
18,1947.0,795.0,1974.0,825.0,148,1,0,1,Pedestrian
18,1947.0,795.0,1974.0,825.0,149,1,0,1,Pedestrian
18,1947.0,795.0,1974.0,825.0,150,1,0,1,Pedestrian
18,1947.0,795.0,1974.0,825.0,151,1,0,1,Pedestrian
18,1947.0,795.0,1974.0,825.0,152,1,0,1,Pedestrian
18,1947.0,795.0,1974.0,825.0,153,1,0,1,Pedestrian
18,1947.0,795.0,1974.0,825.0,154,1,0,1,Pedestrian
18,1947.0,795.0,1974.0,825.0,155,1,0,1,Pedestrian
18,1947.0,795.0,1974.0,825.0,156,1,0,1,Pedestrian
18,1947.0,795.0,1974.0,825.0,157,1,0,1,Pedestrian
18,1947.0,795.0,1974.0,825.0,158,1,0,1,Pedestrian
18,1947.0,795.0,1974.0,825.0,159,1,0,1,Pedestrian
18,1947.0,795.0,1974.0,825.0,160,1,0,1,Pedestrian
18,1947.0,795.0,1974.0,825.0,161,1,0,1,Pedestrian
18,1947.0,795.0,1974.0,825.0,162,1,0,1,Pedestrian
18,1947.0,795.0,1974.0,825.0,163,1,0,1,Pedestrian
18,1947.0,795.0,1974.0,825.0,164,1,0,1,Pedestrian
18,1947.0,795.0,1974.0,825.0,165,1,0,1,Pedestrian
18,1947.0,795.0,1974.0,825.0,166,1,0,1,Pedestrian
18,1947.0,795.0,1974.0,825.0,167,1,0,1,Pedestrian
18,1947.0,795.0,1974.0,825.0,168,1,0,1,Pedestrian
18,1947.0,795.0,1974.0,825.0,169,1,0,1,Pedestrian
18,1947.0,795.0,1974.0,825.0,170,1,0,1,Pedestrian
18,1947.0,795.0,1974.0,825.0,171,1,0,1,Pedestrian
18,1947.0,795.0,1974.0,825.0,172,1,0,1,Pedestrian
18,1947.0,795.0,1974.0,825.0,173,1,0,1,Pedestrian
18,1947.0,795.0,1974.0,825.0,174,1,0,1,Pedestrian
18,1947.0,795.0,1974.0,825.0,175,1,0,1,Pedestrian
18,1947.0,795.0,1974.0,825.0,176,1,0,1,Pedestrian
18,1947.0,795.0,1974.0,825.0,177,1,0,1,Pedestrian
18,1947.0,795.0,1974.0,825.0,178,1,0,1,Pedestrian
18,1947.0,795.0,1974.0,825.0,179,1,0,1,Pedestrian
18,1947.0,795.0,1974.0,825.0,180,1,0,1,Pedestrian
18,1947.0,795.0,1974.0,825.0,181,1,0,1,Pedestrian
18,1947.0,795.0,1974.0,825.0,182,1,0,1,Pedestrian
18,1947.0,795.0,1974.0,825.0,183,1,0,1,Pedestrian
18,1947.0,795.0,1974.0,825.0,184,1,0,1,Pedestrian
18,1947.0,795.0,1974.0,825.0,185,1,0,1,Pedestrian
18,1947.0,795.0,1974.0,825.0,186,1,0,1,Pedestrian
18,1947.0,795.0,1974.0,825.0,187,1,0,1,Pedestrian
18,1947.0,795.0,1974.0,825.0,188,1,0,1,Pedestrian
18,1947.0,795.0,1974.0,825.0,189,1,0,1,Pedestrian
18,1947.0,795.0,1974.0,825.0,190,1,0,1,Pedestrian
18,1947.0,795.0,1974.0,825.0,191,1,0,1,Pedestrian
18,1947.0,795.0,1974.0,825.0,192,1,0,1,Pedestrian
18,1947.0,795.0,1974.0,825.0,193,1,0,1,Pedestrian
18,1947.0,795.0,1974.0,825.0,194,1,0,1,Pedestrian
18,1947.0,795.0,1974.0,825.0,195,1,0,1,Pedestrian
18,1947.0,795.0,1974.0,825.0,196,1,0,1,Pedestrian
18,1947.0,795.0,1974.0,825.0,197,1,0,1,Pedestrian
18,1947.0,795.0,1974.0,825.0,198,1,0,1,Pedestrian
18,1947.0,795.0,1974.0,825.0,199,1,0,1,Pedestrian
18,1947.0,795.0,1974.0,825.0,200,1,0,1,Pedestrian
18,1947.0,795.0,1974.0,825.0,201,1,0,1,Pedestrian
18,1947.0,795.0,1974.0,825.0,202,1,0,1,Pedestrian
18,1947.0,795.0,1974.0,825.0,203,1,0,1,Pedestrian
18,1947.0,795.0,1974.0,825.0,204,1,0,1,Pedestrian
18,1947.0,795.0,1974.0,825.0,205,1,0,1,Pedestrian
18,1947.0,795.0,1974.0,825.0,206,1,0,1,Pedestrian
18,1947.0,795.0,1974.0,825.0,207,1,0,1,Pedestrian
18,1947.0,795.0,1974.0,825.0,208,1,0,1,Pedestrian
18,1947.0,795.0,1974.0,825.0,209,1,0,1,Pedestrian
18,1947.0,795.0,1974.0,825.0,210,1,0,1,Pedestrian
18,1947.0,795.0,1974.0,825.0,211,1,0,1,Pedestrian
18,1947.0,795.0,1974.0,825.0,212,1,0,1,Pedestrian
18,1947.0,795.0,1974.0,825.0,213,1,0,1,Pedestrian
18,1947.0,795.0,1974.0,825.0,214,1,0,1,Pedestrian
18,1947.0,795.0,1974.0,825.0,215,1,0,1,Pedestrian
18,1947.0,795.0,1974.0,825.0,216,1,0,1,Pedestrian
18,1947.0,795.0,1974.0,825.0,217,1,0,1,Pedestrian
18,1947.0,795.0,1974.0,825.0,218,1,0,1,Pedestrian
18,1947.0,795.0,1974.0,825.0,219,1,0,1,Pedestrian
18,1947.0,795.0,1974.0,825.0,220,1,0,1,Pedestrian
18,1947.0,795.0,1974.0,825.0,221,1,0,1,Pedestrian
18,1947.0,795.0,1974.0,825.0,222,1,0,1,Pedestrian
18,1947.0,795.0,1974.0,825.0,223,1,0,1,Pedestrian
18,1947.0,795.0,1974.0,825.0,224,1,0,1,Pedestrian
18,1947.0,795.0,1974.0,825.0,225,1,0,1,Pedestrian
18,1947.0,795.0,1974.0,825.0,226,1,0,1,Pedestrian
18,1947.0,795.0,1974.0,825.0,227,1,0,1,Pedestrian
18,1947.0,795.0,1974.0,825.0,228,1,0,1,Pedestrian
18,1947.0,795.0,1974.0,825.0,229,1,0,1,Pedestrian
18,1947.0,795.0,1974.0,825.0,230,1,0,1,Pedestrian
18,1947.0,795.0,1974.0,825.0,231,1,0,1,Pedestrian
18,1947.0,795.0,1974.0,825.0,232,1,0,1,Pedestrian
18,1947.0,795.0,1974.0,825.0,233,1,0,1,Pedestrian
18,1947.0,795.0,1974.0,825.0,234,1,0,1,Pedestrian
18,1947.0,795.0,1974.0,825.0,235,1,0,1,Pedestrian
18,1947.0,795.0,1974.0,825.0,236,1,0,1,Pedestrian
18,1947.0,795.0,1974.0,825.0,237,1,0,1,Pedestrian
18,1947.0,795.0,1974.0,825.0,238,1,0,1,Pedestrian
18,1947.0,795.0,1974.0,825.0,239,1,0,1,Pedestrian
18,1947.0,795.0,1974.0,825.0,240,1,0,1,Pedestrian
18,1947.0,795.0,1974.0,825.0,241,1,0,1,Pedestrian
18,1947.0,795.0,1974.0,825.0,242,1,0,1,Pedestrian
18,1947.0,795.0,1974.0,825.0,243,1,0,1,Pedestrian
18,1947.0,795.0,1974.0,825.0,244,1,0,1,Pedestrian
18,1947.0,795.0,1974.0,825.0,245,1,0,1,Pedestrian
18,1947.0,795.0,1974.0,825.0,246,1,0,1,Pedestrian
18,1947.0,795.0,1974.0,825.0,247,1,0,1,Pedestrian
18,1947.0,795.0,1974.0,825.0,248,1,0,1,Pedestrian
18,1947.0,795.0,1974.0,825.0,249,1,0,1,Pedestrian
18,1947.0,795.0,1974.0,825.0,250,1,0,1,Pedestrian
18,1947.0,795.0,1974.0,825.0,251,1,0,1,Pedestrian
18,1947.0,795.0,1974.0,825.0,252,1,0,1,Pedestrian
18,1947.0,795.0,1974.0,825.0,253,1,0,1,Pedestrian
18,1947.0,795.0,1974.0,825.0,254,1,0,1,Pedestrian
18,1947.0,795.0,1974.0,825.0,255,1,0,1,Pedestrian
18,1947.0,795.0,1974.0,825.0,256,1,0,1,Pedestrian
18,1947.0,795.0,1974.0,825.0,257,1,0,1,Pedestrian
18,1947.0,795.0,1974.0,825.0,258,1,0,1,Pedestrian
18,1947.0,795.0,1974.0,825.0,259,1,0,1,Pedestrian
18,1947.0,795.0,1974.0,825.0,260,1,0,1,Pedestrian
18,1947.0,795.0,1974.0,825.0,261,1,0,1,Pedestrian
18,1947.0,795.0,1974.0,825.0,262,1,0,1,Pedestrian
18,1947.0,795.0,1974.0,825.0,263,1,0,1,Pedestrian
18,1947.0,795.0,1974.0,825.0,264,1,0,1,Pedestrian
18,1947.0,795.0,1974.0,825.0,265,1,0,1,Pedestrian
18,1947.0,795.0,1974.0,825.0,266,1,0,1,Pedestrian
18,1947.0,795.0,1974.0,825.0,267,1,0,1,Pedestrian
18,1947.0,795.0,1974.0,825.0,268,1,0,1,Pedestrian
18,1947.0,795.0,1974.0,825.0,269,1,0,1,Pedestrian
18,1947.0,795.0,1974.0,825.0,270,1,0,1,Pedestrian
18,1947.0,795.0,1974.0,825.0,271,1,0,1,Pedestrian
18,1947.0,795.0,1974.0,825.0,272,1,0,1,Pedestrian
18,1947.0,795.0,1974.0,825.0,273,1,0,1,Pedestrian
18,1947.0,795.0,1974.0,825.0,274,1,0,1,Pedestrian
18,1947.0,795.0,1974.0,825.0,275,1,0,1,Pedestrian
18,1947.0,795.0,1974.0,825.0,276,1,0,1,Pedestrian
18,1947.0,795.0,1974.0,825.0,277,1,0,1,Pedestrian
18,1947.0,795.0,1974.0,825.0,278,1,0,1,Pedestrian
18,1947.0,795.0,1974.0,825.0,279,1,0,1,Pedestrian
18,1947.0,795.0,1974.0,825.0,280,1,0,1,Pedestrian
18,1947.0,795.0,1974.0,825.0,281,1,0,1,Pedestrian
18,1947.0,795.0,1974.0,825.0,282,1,0,1,Pedestrian
18,1947.0,795.0,1974.0,825.0,283,1,0,1,Pedestrian
18,1947.0,795.0,1974.0,825.0,284,1,0,1,Pedestrian
18,1947.0,795.0,1974.0,825.0,285,1,0,1,Pedestrian
18,1947.0,795.0,1974.0,825.0,286,1,0,1,Pedestrian
18,1947.0,795.0,1974.0,825.0,287,1,0,1,Pedestrian
18,1947.0,795.0,1974.0,825.0,288,1,0,1,Pedestrian
18,1947.0,795.0,1974.0,825.0,289,1,0,1,Pedestrian
18,1947.0,795.0,1974.0,825.0,290,1,0,1,Pedestrian
18,1947.0,795.0,1974.0,825.0,291,1,0,1,Pedestrian
18,1947.0,795.0,1974.0,825.0,292,1,0,1,Pedestrian
18,1947.0,795.0,1974.0,825.0,293,1,0,1,Pedestrian
18,1947.0,795.0,1974.0,825.0,294,1,0,1,Pedestrian
18,1947.0,795.0,1974.0,825.0,295,1,0,1,Pedestrian
18,1947.0,795.0,1974.0,825.0,296,1,0,1,Pedestrian
18,1947.0,795.0,1974.0,825.0,297,1,0,1,Pedestrian
18,1947.0,795.0,1974.0,825.0,298,1,0,1,Pedestrian
18,1947.0,795.0,1974.0,825.0,299,1,0,1,Pedestrian
18,1947.0,795.0,1974.0,825.0,300,1,0,1,Pedestrian
18,1947.0,795.0,1974.0,825.0,301,1,0,1,Pedestrian
18,1947.0,795.0,1974.0,825.0,302,1,0,1,Pedestrian
18,1947.0,795.0,1974.0,825.0,303,1,0,1,Pedestrian
18,1947.0,795.0,1974.0,825.0,304,1,0,1,Pedestrian
18,1947.0,795.0,1974.0,825.0,305,1,0,1,Pedestrian
18,1947.0,795.0,1974.0,825.0,306,1,0,1,Pedestrian
18,1947.0,795.0,1974.0,825.0,307,1,0,1,Pedestrian
18,1947.0,795.0,1974.0,825.0,308,1,0,1,Pedestrian
18,1947.0,795.0,1974.0,825.0,309,1,0,1,Pedestrian
18,1947.0,795.0,1974.0,825.0,310,1,0,1,Pedestrian
18,1947.0,795.0,1974.0,825.0,311,1,0,1,Pedestrian
18,1947.0,795.0,1974.0,825.0,312,1,0,1,Pedestrian
18,1947.0,795.0,1974.0,825.0,313,1,0,1,Pedestrian
18,1947.0,795.0,1974.0,825.0,314,1,0,1,Pedestrian
18,1947.0,795.0,1974.0,825.0,315,1,0,1,Pedestrian
18,1947.0,795.0,1974.0,825.0,316,1,0,1,Pedestrian
18,1947.0,795.0,1974.0,825.0,317,1,0,1,Pedestrian
18,1947.0,795.0,1974.0,825.0,318,1,0,1,Pedestrian
18,1947.0,795.0,1974.0,825.0,319,1,0,1,Pedestrian
18,1947.0,795.0,1974.0,825.0,320,1,0,1,Pedestrian
18,1947.0,795.0,1974.0,825.0,321,1,0,1,Pedestrian
18,1947.0,795.0,1974.0,825.0,322,1,0,1,Pedestrian
18,1947.0,795.0,1974.0,825.0,323,1,0,1,Pedestrian
18,1947.0,795.0,1974.0,825.0,324,1,0,1,Pedestrian
18,1947.0,795.0,1974.0,825.0,325,1,0,1,Pedestrian
18,1947.0,795.0,1974.0,825.0,326,1,0,1,Pedestrian
18,1947.0,795.0,1974.0,825.0,327,1,0,1,Pedestrian
18,1947.0,795.0,1974.0,825.0,328,1,0,1,Pedestrian
18,1947.0,795.0,1974.0,825.0,329,1,0,1,Pedestrian
18,1947.0,795.0,1974.0,825.0,330,1,0,1,Pedestrian
18,1947.0,795.0,1974.0,825.0,331,1,0,1,Pedestrian
18,1947.0,795.0,1974.0,825.0,332,1,0,1,Pedestrian
18,1947.0,795.0,1974.0,825.0,333,1,0,1,Pedestrian
18,1947.0,795.0,1974.0,825.0,334,1,0,1,Pedestrian
18,1947.0,795.0,1974.0,825.0,335,1,0,1,Pedestrian
18,1947.0,795.0,1974.0,825.0,336,1,0,1,Pedestrian
18,1947.0,795.0,1974.0,825.0,337,1,0,1,Pedestrian
18,1947.0,795.0,1974.0,825.0,338,1,0,1,Pedestrian
18,1947.0,795.0,1974.0,825.0,339,1,0,1,Pedestrian
18,1947.0,795.0,1974.0,825.0,340,1,0,1,Pedestrian
18,1947.0,795.0,1974.0,825.0,341,1,0,1,Pedestrian
18,1947.0,795.0,1974.0,825.0,342,1,0,1,Pedestrian
18,1947.0,795.0,1974.0,825.0,343,1,0,1,Pedestrian
18,1947.0,795.0,1974.0,825.0,344,1,0,1,Pedestrian
18,1947.0,795.0,1974.0,825.0,345,1,0,1,Pedestrian
18,1947.0,795.0,1974.0,825.0,346,1,0,1,Pedestrian
18,1947.0,795.0,1974.0,825.0,347,1,0,1,Pedestrian
18,1947.0,795.0,1974.0,825.0,348,1,0,1,Pedestrian
18,1947.0,795.0,1974.0,825.0,349,1,0,1,Pedestrian
18,1947.0,795.0,1974.0,825.0,350,1,0,1,Pedestrian
18,1947.0,795.0,1974.0,825.0,351,1,0,1,Pedestrian
18,1947.0,795.0,1974.0,825.0,352,1,0,1,Pedestrian
18,1947.0,795.0,1974.0,825.0,353,1,0,1,Pedestrian
18,1947.0,795.0,1974.0,825.0,354,1,0,1,Pedestrian
18,1947.0,795.0,1974.0,825.0,355,1,0,1,Pedestrian
18,1947.0,795.0,1974.0,825.0,356,1,0,1,Pedestrian
18,1947.0,795.0,1974.0,825.0,357,1,0,1,Pedestrian
18,1947.0,795.0,1974.0,825.0,358,1,0,1,Pedestrian
18,1947.0,795.0,1974.0,825.0,359,1,0,1,Pedestrian
18,1947.0,795.0,1974.0,825.0,360,1,0,1,Pedestrian
18,1947.0,795.0,1974.0,825.0,361,1,0,1,Pedestrian
18,1947.0,795.0,1974.0,825.0,362,1,0,1,Pedestrian
18,1947.0,795.0,1974.0,825.0,363,1,0,1,Pedestrian
18,1947.0,795.0,1974.0,825.0,364,1,0,1,Pedestrian
18,1947.0,795.0,1974.0,825.0,365,1,0,1,Pedestrian
18,1947.0,795.0,1974.0,825.0,366,1,0,1,Pedestrian
18,1947.0,795.0,1974.0,825.0,367,1,0,1,Pedestrian
18,1947.0,795.0,1974.0,825.0,368,1,0,1,Pedestrian
18,1947.0,795.0,1974.0,825.0,369,1,0,1,Pedestrian
18,1947.0,795.0,1974.0,825.0,370,1,0,1,Pedestrian
18,1947.0,795.0,1974.0,825.0,371,1,0,1,Pedestrian
18,1947.0,795.0,1974.0,825.0,372,1,0,1,Pedestrian
18,1947.0,795.0,1974.0,825.0,373,1,0,1,Pedestrian
18,1947.0,795.0,1974.0,825.0,374,1,0,1,Pedestrian
18,1947.0,795.0,1974.0,825.0,375,1,0,1,Pedestrian
18,1947.0,795.0,1974.0,825.0,376,1,0,1,Pedestrian
18,1947.0,795.0,1974.0,825.0,377,1,0,1,Pedestrian
18,1947.0,795.0,1974.0,825.0,378,1,0,1,Pedestrian
18,1947.0,795.0,1974.0,825.0,379,1,0,1,Pedestrian
18,1947.0,795.0,1974.0,825.0,380,1,0,1,Pedestrian
18,1947.0,795.0,1974.0,825.0,381,1,0,1,Pedestrian
18,1947.0,795.0,1974.0,825.0,382,1,0,1,Pedestrian
18,1947.0,795.0,1974.0,825.0,383,1,0,1,Pedestrian
18,1947.0,795.0,1974.0,825.0,384,1,0,1,Pedestrian
18,1947.0,795.0,1974.0,825.0,385,1,0,1,Pedestrian
18,1947.0,795.0,1974.0,825.0,386,1,0,1,Pedestrian
18,1947.0,795.0,1974.0,825.0,387,1,0,1,Pedestrian
18,1947.0,795.0,1974.0,825.0,388,1,0,1,Pedestrian
18,1947.0,795.0,1974.0,825.0,389,1,0,1,Pedestrian
18,1947.0,795.0,1974.0,825.0,390,1,0,1,Pedestrian
18,1947.0,795.0,1974.0,825.0,391,1,0,1,Pedestrian
18,1947.0,795.0,1974.0,825.0,392,1,0,1,Pedestrian
18,1947.0,795.0,1974.0,825.0,393,1,0,1,Pedestrian
18,1947.0,795.0,1974.0,825.0,394,1,0,1,Pedestrian
18,1947.0,795.0,1974.0,825.0,395,1,0,1,Pedestrian
18,1947.0,795.0,1974.0,825.0,396,1,0,1,Pedestrian
18,1947.0,795.0,1974.0,825.0,397,1,0,1,Pedestrian
18,1947.0,795.0,1974.0,825.0,398,1,0,1,Pedestrian
18,1947.0,795.0,1974.0,825.0,399,1,0,1,Pedestrian
18,1947.0,795.0,1974.0,825.0,400,1,0,1,Pedestrian
18,1947.0,795.0,1974.0,825.0,401,1,0,1,Pedestrian
18,1947.0,795.0,1974.0,825.0,402,1,0,1,Pedestrian
18,1947.0,795.0,1974.0,825.0,403,1,0,1,Pedestrian
18,1947.0,795.0,1974.0,825.0,404,1,0,1,Pedestrian
18,1947.0,795.0,1974.0,825.0,405,1,0,1,Pedestrian
18,1947.0,795.0,1974.0,825.0,406,1,0,1,Pedestrian
18,1947.0,795.0,1974.0,825.0,407,1,0,1,Pedestrian
18,1947.0,795.0,1974.0,825.0,408,1,0,1,Pedestrian
18,1947.0,795.0,1974.0,825.0,409,1,0,1,Pedestrian
18,1947.0,795.0,1974.0,825.0,410,1,0,1,Pedestrian
18,1947.0,795.0,1974.0,825.0,411,1,0,1,Pedestrian
18,1947.0,795.0,1974.0,825.0,412,1,0,1,Pedestrian
18,1947.0,795.0,1974.0,825.0,413,1,0,1,Pedestrian
18,1947.0,795.0,1974.0,825.0,414,1,0,1,Pedestrian
18,1947.0,795.0,1974.0,825.0,415,1,0,1,Pedestrian
18,1947.0,795.0,1974.0,825.0,416,1,0,1,Pedestrian
18,1947.0,795.0,1974.0,825.0,417,1,0,1,Pedestrian
18,1947.0,795.0,1974.0,825.0,418,1,0,1,Pedestrian
18,1947.0,795.0,1974.0,825.0,419,1,0,1,Pedestrian
18,1947.0,795.0,1974.0,825.0,420,1,0,1,Pedestrian
18,1947.0,795.0,1974.0,825.0,421,1,0,1,Pedestrian
18,1947.0,795.0,1974.0,825.0,422,1,0,1,Pedestrian
18,1947.0,795.0,1974.0,825.0,423,1,0,1,Pedestrian
18,1947.0,795.0,1974.0,825.0,424,1,0,1,Pedestrian
18,1947.0,795.0,1974.0,825.0,425,1,0,1,Pedestrian
18,1947.0,795.0,1974.0,825.0,426,1,0,1,Pedestrian
18,1947.0,795.0,1974.0,825.0,427,1,0,1,Pedestrian
18,1947.0,795.0,1974.0,825.0,428,1,0,1,Pedestrian
18,1947.0,795.0,1974.0,825.0,429,1,0,1,Pedestrian
18,1947.0,795.0,1974.0,825.0,430,1,0,1,Pedestrian
18,1947.0,795.0,1974.0,825.0,431,1,0,1,Pedestrian
18,1947.0,795.0,1974.0,825.0,432,1,0,1,Pedestrian
18,1947.0,795.0,1974.0,825.0,433,1,0,1,Pedestrian
18,1947.0,795.0,1974.0,825.0,434,1,0,1,Pedestrian
18,1947.0,795.0,1974.0,825.0,435,1,0,1,Pedestrian
18,1947.0,795.0,1974.0,825.0,436,1,0,1,Pedestrian
18,1947.0,795.0,1974.0,825.0,437,1,0,1,Pedestrian
18,1947.0,795.0,1974.0,825.0,438,1,0,1,Pedestrian
18,1947.0,795.0,1974.0,825.0,439,1,0,1,Pedestrian
18,1947.0,795.0,1974.0,825.0,440,1,0,1,Pedestrian
18,1947.0,795.0,1974.0,825.0,441,1,0,1,Pedestrian
18,1947.0,795.0,1974.0,825.0,442,1,0,1,Pedestrian
18,1947.0,795.0,1974.0,825.0,443,1,0,1,Pedestrian
18,1947.0,795.0,1974.0,825.0,444,1,0,1,Pedestrian
18,1947.0,795.0,1974.0,825.0,445,1,0,1,Pedestrian
18,1947.0,795.0,1974.0,825.0,446,1,0,1,Pedestrian
18,1947.0,795.0,1974.0,825.0,447,1,0,1,Pedestrian
18,1947.0,795.0,1974.0,825.0,448,1,0,1,Pedestrian
18,1947.0,795.0,1974.0,825.0,449,1,0,1,Pedestrian
18,1947.0,795.0,1974.0,825.0,450,1,0,1,Pedestrian
18,1947.0,795.0,1974.0,825.0,451,1,0,1,Pedestrian
18,1947.0,795.0,1974.0,825.0,452,1,0,1,Pedestrian
18,1947.0,795.0,1974.0,825.0,453,1,0,1,Pedestrian
18,1947.0,795.0,1974.0,825.0,454,1,0,1,Pedestrian
18,1947.0,795.0,1974.0,825.0,455,1,0,1,Pedestrian
18,1947.0,795.0,1974.0,825.0,456,1,0,1,Pedestrian
18,1947.0,795.0,1974.0,825.0,457,1,0,1,Pedestrian
18,1947.0,795.0,1974.0,825.0,458,1,0,1,Pedestrian
18,1947.0,795.0,1974.0,825.0,459,1,0,1,Pedestrian
18,1947.0,795.0,1974.0,825.0,460,1,0,1,Pedestrian
18,1947.0,795.0,1974.0,825.0,461,1,0,1,Pedestrian
18,1947.0,795.0,1974.0,825.0,462,1,0,1,Pedestrian
18,1947.0,795.0,1974.0,825.0,463,1,0,1,Pedestrian
18,1947.0,795.0,1974.0,825.0,464,1,0,1,Pedestrian
18,1947.0,795.0,1974.0,825.0,465,1,0,1,Pedestrian
18,1947.0,795.0,1974.0,825.0,466,1,0,1,Pedestrian
18,1947.0,795.0,1974.0,825.0,467,1,0,1,Pedestrian
18,1947.0,795.0,1974.0,825.0,468,1,0,1,Pedestrian
18,1947.0,795.0,1974.0,825.0,469,1,0,1,Pedestrian
18,1947.0,795.0,1974.0,825.0,470,1,0,1,Pedestrian
18,1947.0,795.0,1974.0,825.0,471,1,0,1,Pedestrian
18,1947.0,795.0,1974.0,825.0,472,1,0,1,Pedestrian
18,1947.0,795.0,1974.0,825.0,473,1,0,1,Pedestrian
18,1947.0,795.0,1974.0,825.0,474,1,0,1,Pedestrian
18,1947.0,795.0,1974.0,825.0,475,1,0,1,Pedestrian
18,1947.0,795.0,1974.0,825.0,476,1,0,1,Pedestrian
18,1947.0,795.0,1974.0,825.0,477,1,0,1,Pedestrian
18,1947.0,795.0,1974.0,825.0,478,1,0,1,Pedestrian
18,1947.0,795.0,1974.0,825.0,479,1,0,1,Pedestrian
18,1947.0,795.0,1974.0,825.0,480,1,0,1,Pedestrian
18,1947.0,795.0,1974.0,825.0,481,1,0,1,Pedestrian
18,1947.0,795.0,1974.0,825.0,482,1,0,1,Pedestrian
18,1947.0,795.0,1974.0,825.0,483,1,0,1,Pedestrian
18,1947.0,795.0,1974.0,825.0,484,1,0,1,Pedestrian
18,1947.0,795.0,1974.0,825.0,485,1,0,1,Pedestrian
18,1947.0,795.0,1974.0,825.0,486,1,0,1,Pedestrian
18,1947.0,795.0,1974.0,825.0,487,1,0,1,Pedestrian
18,1947.0,795.0,1974.0,825.0,488,1,0,1,Pedestrian
18,1947.0,795.0,1974.0,825.0,489,1,0,1,Pedestrian
18,1947.0,795.0,1974.0,825.0,490,1,0,1,Pedestrian
18,1947.0,795.0,1974.0,825.0,491,1,0,1,Pedestrian
18,1947.0,795.0,1974.0,825.0,492,1,0,1,Pedestrian
18,1947.0,795.0,1974.0,825.0,493,1,0,1,Pedestrian
18,1947.0,795.0,1974.0,825.0,494,1,0,1,Pedestrian
18,1947.0,795.0,1974.0,825.0,495,1,0,1,Pedestrian
18,1947.0,795.0,1974.0,825.0,496,1,0,1,Pedestrian
18,1947.0,795.0,1974.0,825.0,497,1,0,1,Pedestrian
18,1947.0,795.0,1974.0,825.0,498,1,0,1,Pedestrian
18,1947.0,795.0,1974.0,825.0,499,1,0,1,Pedestrian
18,1947.0,795.0,1974.0,825.0,500,1,0,1,Pedestrian
18,1947.0,795.0,1974.0,825.0,501,1,0,1,Pedestrian
18,1947.0,795.0,1974.0,825.0,502,1,0,1,Pedestrian
18,1947.0,795.0,1974.0,825.0,503,1,0,1,Pedestrian
18,1947.0,795.0,1974.0,825.0,504,1,0,1,Pedestrian
18,1947.0,795.0,1974.0,825.0,505,1,0,1,Pedestrian
18,1947.0,795.0,1974.0,825.0,506,1,0,1,Pedestrian
18,1947.0,795.0,1974.0,825.0,507,1,0,1,Pedestrian
18,1947.0,795.0,1974.0,825.0,508,1,0,0,Pedestrian
19,1949.0,689.0,1974.0,711.0,0,1,0,0,Pedestrian
19,1949.0,689.0,1974.0,711.0,1,1,0,1,Pedestrian
19,1949.0,689.0,1974.0,711.0,2,1,0,1,Pedestrian
19,1949.0,689.0,1974.0,711.0,3,1,0,1,Pedestrian
19,1949.0,689.0,1974.0,711.0,4,1,0,1,Pedestrian
19,1949.0,689.0,1974.0,711.0,5,1,0,1,Pedestrian
19,1949.0,689.0,1974.0,711.0,6,1,0,1,Pedestrian
19,1949.0,689.0,1974.0,711.0,7,1,0,1,Pedestrian
19,1949.0,689.0,1974.0,711.0,8,1,0,1,Pedestrian
19,1949.0,689.0,1974.0,711.0,9,1,0,1,Pedestrian
19,1949.0,689.0,1974.0,711.0,10,1,0,1,Pedestrian
19,1949.0,689.0,1974.0,711.0,11,1,0,1,Pedestrian
19,1949.0,689.0,1974.0,711.0,12,1,0,1,Pedestrian
19,1949.0,689.0,1974.0,711.0,13,1,0,1,Pedestrian
19,1949.0,689.0,1974.0,711.0,14,1,0,1,Pedestrian
19,1949.0,689.0,1974.0,711.0,15,1,0,1,Pedestrian
19,1949.0,689.0,1974.0,711.0,16,1,0,1,Pedestrian
19,1949.0,689.0,1974.0,711.0,17,1,0,1,Pedestrian
19,1949.0,689.0,1974.0,711.0,18,1,0,1,Pedestrian
19,1949.0,689.0,1974.0,711.0,19,1,0,1,Pedestrian
19,1949.0,689.0,1974.0,711.0,20,1,0,1,Pedestrian
19,1949.0,689.0,1974.0,711.0,21,1,0,1,Pedestrian
19,1949.0,689.0,1974.0,711.0,22,1,0,1,Pedestrian
19,1949.0,689.0,1974.0,711.0,23,1,0,1,Pedestrian
19,1949.0,689.0,1974.0,711.0,24,1,0,1,Pedestrian
19,1949.0,689.0,1974.0,711.0,25,1,0,1,Pedestrian
19,1949.0,689.0,1974.0,711.0,26,1,0,1,Pedestrian
19,1949.0,689.0,1974.0,711.0,27,1,0,1,Pedestrian
19,1949.0,689.0,1974.0,711.0,28,1,0,1,Pedestrian
19,1949.0,689.0,1974.0,711.0,29,1,0,1,Pedestrian
19,1949.0,689.0,1974.0,711.0,30,1,0,1,Pedestrian
19,1949.0,689.0,1974.0,711.0,31,1,0,1,Pedestrian
19,1949.0,689.0,1974.0,711.0,32,1,0,1,Pedestrian
19,1949.0,689.0,1974.0,711.0,33,1,0,1,Pedestrian
19,1949.0,689.0,1974.0,711.0,34,1,0,1,Pedestrian
19,1949.0,689.0,1974.0,711.0,35,1,0,1,Pedestrian
19,1949.0,689.0,1974.0,711.0,36,1,0,1,Pedestrian
19,1949.0,689.0,1974.0,711.0,37,1,0,1,Pedestrian
19,1949.0,689.0,1974.0,711.0,38,1,0,1,Pedestrian
19,1949.0,689.0,1974.0,711.0,39,1,0,1,Pedestrian
19,1949.0,689.0,1974.0,711.0,40,1,0,1,Pedestrian
19,1949.0,689.0,1974.0,711.0,41,1,0,1,Pedestrian
19,1949.0,689.0,1974.0,711.0,42,1,0,1,Pedestrian
19,1949.0,689.0,1974.0,711.0,43,1,0,1,Pedestrian
19,1949.0,689.0,1974.0,711.0,44,1,0,1,Pedestrian
19,1949.0,689.0,1974.0,711.0,45,1,0,1,Pedestrian
19,1949.0,689.0,1974.0,711.0,46,1,0,1,Pedestrian
19,1949.0,689.0,1974.0,711.0,47,1,0,1,Pedestrian
19,1949.0,689.0,1974.0,711.0,48,1,0,1,Pedestrian
19,1949.0,689.0,1974.0,711.0,49,1,0,1,Pedestrian
19,1949.0,689.0,1974.0,711.0,50,1,0,1,Pedestrian
19,1949.0,689.0,1974.0,711.0,51,1,0,1,Pedestrian
19,1949.0,689.0,1974.0,711.0,52,1,0,1,Pedestrian
19,1949.0,689.0,1974.0,711.0,53,1,0,1,Pedestrian
19,1949.0,689.0,1974.0,711.0,54,1,0,1,Pedestrian
19,1949.0,689.0,1974.0,711.0,55,1,0,1,Pedestrian
19,1949.0,689.0,1974.0,711.0,56,1,0,1,Pedestrian
19,1949.0,689.0,1974.0,711.0,57,1,0,1,Pedestrian
19,1949.0,689.0,1974.0,711.0,58,1,0,1,Pedestrian
19,1949.0,689.0,1974.0,711.0,59,1,0,1,Pedestrian
19,1949.0,689.0,1974.0,711.0,60,1,0,0,Pedestrian
19,1949.0,689.0,1974.0,711.0,61,1,0,1,Pedestrian
19,1949.0,689.0,1974.0,711.0,62,1,0,1,Pedestrian
19,1949.0,689.0,1974.0,711.0,63,1,0,1,Pedestrian
19,1949.0,689.0,1974.0,711.0,64,1,0,1,Pedestrian
19,1949.0,689.0,1974.0,711.0,65,1,0,1,Pedestrian
19,1949.0,689.0,1974.0,711.0,66,1,0,1,Pedestrian
19,1949.0,689.0,1974.0,711.0,67,1,0,1,Pedestrian
19,1949.0,689.0,1974.0,711.0,68,1,0,1,Pedestrian
19,1949.0,689.0,1974.0,711.0,69,1,0,1,Pedestrian
19,1949.0,689.0,1974.0,711.0,70,1,0,1,Pedestrian
19,1949.0,689.0,1974.0,711.0,71,1,0,1,Pedestrian
19,1949.0,689.0,1974.0,711.0,72,1,0,1,Pedestrian
19,1949.0,689.0,1974.0,711.0,73,1,0,1,Pedestrian
19,1949.0,689.0,1974.0,711.0,74,1,0,1,Pedestrian
19,1949.0,689.0,1974.0,711.0,75,1,0,1,Pedestrian
19,1949.0,689.0,1974.0,711.0,76,1,0,1,Pedestrian
19,1949.0,689.0,1974.0,711.0,77,1,0,1,Pedestrian
19,1949.0,689.0,1974.0,711.0,78,1,0,1,Pedestrian
19,1949.0,689.0,1974.0,711.0,79,1,0,1,Pedestrian
19,1949.0,689.0,1974.0,711.0,80,1,0,1,Pedestrian
19,1949.0,689.0,1974.0,711.0,81,1,0,1,Pedestrian
19,1949.0,689.0,1974.0,711.0,82,1,0,1,Pedestrian
19,1949.0,689.0,1974.0,711.0,83,1,0,1,Pedestrian
19,1949.0,689.0,1974.0,711.0,84,1,0,1,Pedestrian
19,1949.0,689.0,1974.0,711.0,85,1,0,1,Pedestrian
19,1949.0,689.0,1974.0,711.0,86,1,0,1,Pedestrian
19,1949.0,689.0,1974.0,711.0,87,1,0,1,Pedestrian
19,1949.0,689.0,1974.0,711.0,88,1,0,1,Pedestrian
19,1949.0,689.0,1974.0,711.0,89,1,0,1,Pedestrian
19,1949.0,689.0,1974.0,711.0,90,1,0,1,Pedestrian
19,1949.0,689.0,1974.0,711.0,91,1,0,1,Pedestrian
19,1949.0,689.0,1974.0,711.0,92,1,0,1,Pedestrian
19,1949.0,689.0,1974.0,711.0,93,1,0,1,Pedestrian
19,1949.0,689.0,1974.0,711.0,94,1,0,1,Pedestrian
19,1949.0,689.0,1974.0,711.0,95,1,0,1,Pedestrian
19,1949.0,689.0,1974.0,711.0,96,1,0,1,Pedestrian
19,1949.0,689.0,1974.0,711.0,97,1,0,1,Pedestrian
19,1949.0,689.0,1974.0,711.0,98,1,0,1,Pedestrian
19,1949.0,689.0,1974.0,711.0,99,1,0,1,Pedestrian
19,1949.0,689.0,1974.0,711.0,100,1,0,1,Pedestrian
19,1949.0,689.0,1974.0,711.0,101,1,0,1,Pedestrian
19,1949.0,689.0,1974.0,711.0,102,1,0,1,Pedestrian
19,1949.0,689.0,1974.0,711.0,103,1,0,1,Pedestrian
19,1949.0,689.0,1974.0,711.0,104,1,0,1,Pedestrian
19,1949.0,689.0,1974.0,711.0,105,1,0,1,Pedestrian
19,1949.0,689.0,1974.0,711.0,106,1,0,1,Pedestrian
19,1949.0,689.0,1974.0,711.0,107,1,0,1,Pedestrian
19,1949.0,689.0,1974.0,711.0,108,1,0,1,Pedestrian
19,1949.0,689.0,1974.0,711.0,109,1,0,1,Pedestrian
19,1949.0,689.0,1974.0,711.0,110,1,0,1,Pedestrian
19,1949.0,689.0,1974.0,711.0,111,1,0,1,Pedestrian
19,1949.0,689.0,1974.0,711.0,112,1,0,1,Pedestrian
19,1949.0,689.0,1974.0,711.0,113,1,0,1,Pedestrian
19,1949.0,689.0,1974.0,711.0,114,1,0,1,Pedestrian
19,1949.0,689.0,1974.0,711.0,115,1,0,1,Pedestrian
19,1949.0,689.0,1974.0,711.0,116,1,0,1,Pedestrian
19,1949.0,689.0,1974.0,711.0,117,1,0,1,Pedestrian
19,1949.0,689.0,1974.0,711.0,118,1,0,1,Pedestrian
19,1949.0,689.0,1974.0,711.0,119,1,0,1,Pedestrian
19,1949.0,689.0,1974.0,711.0,120,1,0,1,Pedestrian
19,1949.0,689.0,1974.0,711.0,121,1,0,1,Pedestrian
19,1949.0,689.0,1974.0,711.0,122,1,0,1,Pedestrian
19,1949.0,689.0,1974.0,711.0,123,1,0,1,Pedestrian
19,1949.0,689.0,1974.0,711.0,124,1,0,1,Pedestrian
19,1949.0,689.0,1974.0,711.0,125,1,0,1,Pedestrian
19,1949.0,689.0,1974.0,711.0,126,1,0,1,Pedestrian
19,1949.0,689.0,1974.0,711.0,127,1,0,1,Pedestrian
19,1949.0,689.0,1974.0,711.0,128,1,0,1,Pedestrian
19,1949.0,689.0,1974.0,711.0,129,1,0,1,Pedestrian
19,1949.0,689.0,1974.0,711.0,130,1,0,1,Pedestrian
19,1949.0,689.0,1974.0,711.0,131,1,0,1,Pedestrian
19,1949.0,689.0,1974.0,711.0,132,1,0,1,Pedestrian
19,1949.0,689.0,1974.0,711.0,133,1,0,1,Pedestrian
19,1949.0,689.0,1974.0,711.0,134,1,0,1,Pedestrian
19,1949.0,689.0,1974.0,711.0,135,1,0,1,Pedestrian
19,1949.0,689.0,1974.0,711.0,136,1,0,1,Pedestrian
19,1949.0,689.0,1974.0,711.0,137,1,0,1,Pedestrian
19,1949.0,689.0,1974.0,711.0,138,1,0,1,Pedestrian
19,1949.0,689.0,1974.0,711.0,139,1,0,1,Pedestrian
19,1949.0,689.0,1974.0,711.0,140,1,0,1,Pedestrian
19,1949.0,689.0,1974.0,711.0,141,1,0,1,Pedestrian
19,1949.0,689.0,1974.0,711.0,142,1,0,1,Pedestrian
19,1949.0,689.0,1974.0,711.0,143,1,0,1,Pedestrian
19,1949.0,689.0,1974.0,711.0,144,1,0,1,Pedestrian
19,1949.0,689.0,1974.0,711.0,145,1,0,1,Pedestrian
19,1949.0,689.0,1974.0,711.0,146,1,0,1,Pedestrian
19,1949.0,689.0,1974.0,711.0,147,1,0,1,Pedestrian
19,1949.0,689.0,1974.0,711.0,148,1,0,1,Pedestrian
19,1949.0,689.0,1974.0,711.0,149,1,0,1,Pedestrian
19,1949.0,689.0,1974.0,711.0,150,1,0,1,Pedestrian
19,1949.0,689.0,1974.0,711.0,151,1,0,1,Pedestrian
19,1949.0,689.0,1974.0,711.0,152,1,0,1,Pedestrian
19,1949.0,689.0,1974.0,711.0,153,1,0,1,Pedestrian
19,1949.0,689.0,1974.0,711.0,154,1,0,1,Pedestrian
19,1949.0,689.0,1974.0,711.0,155,1,0,1,Pedestrian
19,1949.0,689.0,1974.0,711.0,156,1,0,1,Pedestrian
19,1949.0,689.0,1974.0,711.0,157,1,0,1,Pedestrian
19,1949.0,689.0,1974.0,711.0,158,1,0,1,Pedestrian
19,1949.0,689.0,1974.0,711.0,159,1,0,1,Pedestrian
19,1949.0,689.0,1974.0,711.0,160,1,0,1,Pedestrian
19,1949.0,689.0,1974.0,711.0,161,1,0,1,Pedestrian
19,1949.0,689.0,1974.0,711.0,162,1,0,1,Pedestrian
19,1949.0,689.0,1974.0,711.0,163,1,0,1,Pedestrian
19,1949.0,689.0,1974.0,711.0,164,1,0,1,Pedestrian
19,1949.0,689.0,1974.0,711.0,165,1,0,1,Pedestrian
19,1949.0,689.0,1974.0,711.0,166,1,0,1,Pedestrian
19,1949.0,689.0,1974.0,711.0,167,1,0,1,Pedestrian
19,1949.0,689.0,1974.0,711.0,168,1,0,1,Pedestrian
19,1949.0,689.0,1974.0,711.0,169,1,0,1,Pedestrian
19,1949.0,689.0,1974.0,711.0,170,1,0,1,Pedestrian
19,1949.0,689.0,1974.0,711.0,171,1,0,1,Pedestrian
19,1949.0,689.0,1974.0,711.0,172,1,0,1,Pedestrian
19,1949.0,689.0,1974.0,711.0,173,1,0,1,Pedestrian
19,1949.0,689.0,1974.0,711.0,174,1,0,1,Pedestrian
19,1949.0,689.0,1974.0,711.0,175,1,0,1,Pedestrian
19,1949.0,689.0,1974.0,711.0,176,1,0,1,Pedestrian
19,1949.0,689.0,1974.0,711.0,177,1,0,1,Pedestrian
19,1949.0,689.0,1974.0,711.0,178,1,0,1,Pedestrian
19,1949.0,689.0,1974.0,711.0,179,1,0,1,Pedestrian
19,1949.0,689.0,1974.0,711.0,180,1,0,1,Pedestrian
19,1949.0,689.0,1974.0,711.0,181,1,0,1,Pedestrian
19,1949.0,689.0,1974.0,711.0,182,1,0,1,Pedestrian
19,1949.0,689.0,1974.0,711.0,183,1,0,1,Pedestrian
19,1949.0,689.0,1974.0,711.0,184,1,0,1,Pedestrian
19,1949.0,689.0,1974.0,711.0,185,1,0,1,Pedestrian
19,1949.0,689.0,1974.0,711.0,186,1,0,1,Pedestrian
19,1949.0,689.0,1974.0,711.0,187,1,0,1,Pedestrian
19,1949.0,689.0,1974.0,711.0,188,1,0,1,Pedestrian
19,1949.0,689.0,1974.0,711.0,189,1,0,1,Pedestrian
19,1949.0,689.0,1974.0,711.0,190,1,0,1,Pedestrian
19,1949.0,689.0,1974.0,711.0,191,1,0,1,Pedestrian
19,1949.0,689.0,1974.0,711.0,192,1,0,1,Pedestrian
19,1949.0,689.0,1974.0,711.0,193,1,0,1,Pedestrian
19,1949.0,689.0,1974.0,711.0,194,1,0,1,Pedestrian
19,1949.0,689.0,1974.0,711.0,195,1,0,1,Pedestrian
19,1949.0,689.0,1974.0,711.0,196,1,0,1,Pedestrian
19,1949.0,689.0,1974.0,711.0,197,1,0,1,Pedestrian
19,1949.0,689.0,1974.0,711.0,198,1,0,1,Pedestrian
19,1949.0,689.0,1974.0,711.0,199,1,0,1,Pedestrian
19,1949.0,689.0,1974.0,711.0,200,1,0,1,Pedestrian
19,1949.0,689.0,1974.0,711.0,201,1,0,1,Pedestrian
19,1949.0,689.0,1974.0,711.0,202,1,0,1,Pedestrian
19,1949.0,689.0,1974.0,711.0,203,1,0,1,Pedestrian
19,1949.0,689.0,1974.0,711.0,204,1,0,1,Pedestrian
19,1949.0,689.0,1974.0,711.0,205,1,0,1,Pedestrian
19,1949.0,689.0,1974.0,711.0,206,1,0,1,Pedestrian
19,1949.0,689.0,1974.0,711.0,207,1,0,1,Pedestrian
19,1949.0,689.0,1974.0,711.0,208,1,0,1,Pedestrian
19,1949.0,689.0,1974.0,711.0,209,1,0,1,Pedestrian
19,1949.0,689.0,1974.0,711.0,210,1,0,1,Pedestrian
19,1949.0,689.0,1974.0,711.0,211,1,0,1,Pedestrian
19,1949.0,689.0,1974.0,711.0,212,1,0,1,Pedestrian
19,1949.0,689.0,1974.0,711.0,213,1,0,1,Pedestrian
19,1949.0,689.0,1974.0,711.0,214,1,0,1,Pedestrian
19,1949.0,689.0,1974.0,711.0,215,1,0,1,Pedestrian
19,1949.0,689.0,1974.0,711.0,216,1,0,1,Pedestrian
19,1949.0,689.0,1974.0,711.0,217,1,0,1,Pedestrian
19,1949.0,689.0,1974.0,711.0,218,1,0,1,Pedestrian
19,1949.0,689.0,1974.0,711.0,219,1,0,1,Pedestrian
19,1949.0,689.0,1974.0,711.0,220,1,0,1,Pedestrian
19,1949.0,689.0,1974.0,711.0,221,1,0,1,Pedestrian
19,1949.0,689.0,1974.0,711.0,222,1,0,1,Pedestrian
19,1949.0,689.0,1974.0,711.0,223,1,0,1,Pedestrian
19,1949.0,689.0,1974.0,711.0,224,1,0,1,Pedestrian
19,1949.0,689.0,1974.0,711.0,225,1,0,1,Pedestrian
19,1949.0,689.0,1974.0,711.0,226,1,0,1,Pedestrian
19,1949.0,689.0,1974.0,711.0,227,1,0,1,Pedestrian
19,1949.0,689.0,1974.0,711.0,228,1,0,1,Pedestrian
19,1949.0,689.0,1974.0,711.0,229,1,0,1,Pedestrian
19,1949.0,689.0,1974.0,711.0,230,1,0,1,Pedestrian
19,1949.0,689.0,1974.0,711.0,231,1,0,1,Pedestrian
19,1949.0,689.0,1974.0,711.0,232,1,0,1,Pedestrian
19,1949.0,689.0,1974.0,711.0,233,1,0,1,Pedestrian
19,1949.0,689.0,1974.0,711.0,234,1,0,1,Pedestrian
19,1949.0,689.0,1974.0,711.0,235,1,0,1,Pedestrian
19,1949.0,689.0,1974.0,711.0,236,1,0,1,Pedestrian
19,1949.0,689.0,1974.0,711.0,237,1,0,1,Pedestrian
19,1949.0,689.0,1974.0,711.0,238,1,0,1,Pedestrian
19,1949.0,689.0,1974.0,711.0,239,1,0,1,Pedestrian
19,1949.0,689.0,1974.0,711.0,240,1,0,1,Pedestrian
19,1949.0,689.0,1974.0,711.0,241,1,0,1,Pedestrian
19,1949.0,689.0,1974.0,711.0,242,1,0,1,Pedestrian
19,1949.0,689.0,1974.0,711.0,243,1,0,1,Pedestrian
19,1949.0,689.0,1974.0,711.0,244,1,0,1,Pedestrian
19,1949.0,689.0,1974.0,711.0,245,1,0,1,Pedestrian
19,1949.0,689.0,1974.0,711.0,246,1,0,1,Pedestrian
19,1949.0,689.0,1974.0,711.0,247,1,0,1,Pedestrian
19,1949.0,689.0,1974.0,711.0,248,1,0,1,Pedestrian
19,1949.0,689.0,1974.0,711.0,249,1,0,1,Pedestrian
19,1949.0,689.0,1974.0,711.0,250,1,0,1,Pedestrian
19,1949.0,689.0,1974.0,711.0,251,1,0,1,Pedestrian
19,1949.0,689.0,1974.0,711.0,252,1,0,1,Pedestrian
19,1949.0,689.0,1974.0,711.0,253,1,0,1,Pedestrian
19,1949.0,689.0,1974.0,711.0,254,1,0,1,Pedestrian
19,1949.0,689.0,1974.0,711.0,255,1,0,1,Pedestrian
19,1949.0,689.0,1974.0,711.0,256,1,0,1,Pedestrian
19,1949.0,689.0,1974.0,711.0,257,1,0,1,Pedestrian
19,1949.0,689.0,1974.0,711.0,258,1,0,1,Pedestrian
19,1949.0,689.0,1974.0,711.0,259,1,0,1,Pedestrian
19,1949.0,689.0,1974.0,711.0,260,1,0,1,Pedestrian
19,1949.0,689.0,1974.0,711.0,261,1,0,1,Pedestrian
19,1949.0,689.0,1974.0,711.0,262,1,0,1,Pedestrian
19,1949.0,689.0,1974.0,711.0,263,1,0,1,Pedestrian
19,1949.0,689.0,1974.0,711.0,264,1,0,1,Pedestrian
19,1949.0,689.0,1974.0,711.0,265,1,0,1,Pedestrian
19,1949.0,689.0,1974.0,711.0,266,1,0,1,Pedestrian
19,1949.0,689.0,1974.0,711.0,267,1,0,1,Pedestrian
19,1949.0,689.0,1974.0,711.0,268,1,0,1,Pedestrian
19,1949.0,689.0,1974.0,711.0,269,1,0,1,Pedestrian
19,1949.0,689.0,1974.0,711.0,270,1,0,1,Pedestrian
19,1949.0,689.0,1974.0,711.0,271,1,0,1,Pedestrian
19,1949.0,689.0,1974.0,711.0,272,1,0,1,Pedestrian
19,1949.0,689.0,1974.0,711.0,273,1,0,1,Pedestrian
19,1949.0,689.0,1974.0,711.0,274,1,0,1,Pedestrian
19,1949.0,689.0,1974.0,711.0,275,1,0,1,Pedestrian
19,1949.0,689.0,1974.0,711.0,276,1,0,1,Pedestrian
19,1949.0,689.0,1974.0,711.0,277,1,0,1,Pedestrian
19,1949.0,689.0,1974.0,711.0,278,1,0,1,Pedestrian
19,1949.0,689.0,1974.0,711.0,279,1,0,1,Pedestrian
19,1949.0,689.0,1974.0,711.0,280,1,0,1,Pedestrian
19,1949.0,689.0,1974.0,711.0,281,1,0,1,Pedestrian
19,1949.0,689.0,1974.0,711.0,282,1,0,1,Pedestrian
19,1949.0,689.0,1974.0,711.0,283,1,0,1,Pedestrian
19,1949.0,689.0,1974.0,711.0,284,1,0,1,Pedestrian
19,1949.0,689.0,1974.0,711.0,285,1,0,1,Pedestrian
19,1949.0,689.0,1974.0,711.0,286,1,0,1,Pedestrian
19,1949.0,689.0,1974.0,711.0,287,1,0,1,Pedestrian
19,1949.0,689.0,1974.0,711.0,288,1,0,1,Pedestrian
19,1949.0,689.0,1974.0,711.0,289,1,0,1,Pedestrian
19,1949.0,689.0,1974.0,711.0,290,1,0,1,Pedestrian
19,1949.0,689.0,1974.0,711.0,291,1,0,1,Pedestrian
19,1949.0,689.0,1974.0,711.0,292,1,0,1,Pedestrian
19,1949.0,689.0,1974.0,711.0,293,1,0,1,Pedestrian
19,1949.0,689.0,1974.0,711.0,294,1,0,1,Pedestrian
19,1949.0,689.0,1974.0,711.0,295,1,0,1,Pedestrian
19,1949.0,689.0,1974.0,711.0,296,1,0,1,Pedestrian
19,1949.0,689.0,1974.0,711.0,297,1,0,1,Pedestrian
19,1949.0,689.0,1974.0,711.0,298,1,0,1,Pedestrian
19,1949.0,689.0,1974.0,711.0,299,1,0,1,Pedestrian
19,1949.0,689.0,1974.0,711.0,300,1,0,1,Pedestrian
19,1949.0,689.0,1974.0,711.0,301,1,0,1,Pedestrian
19,1949.0,689.0,1974.0,711.0,302,1,0,1,Pedestrian
19,1949.0,689.0,1974.0,711.0,303,1,0,1,Pedestrian
19,1949.0,689.0,1974.0,711.0,304,1,0,1,Pedestrian
19,1949.0,689.0,1974.0,711.0,305,1,0,1,Pedestrian
19,1949.0,689.0,1974.0,711.0,306,1,0,1,Pedestrian
19,1949.0,689.0,1974.0,711.0,307,1,0,1,Pedestrian
19,1949.0,689.0,1974.0,711.0,308,1,0,1,Pedestrian
19,1949.0,689.0,1974.0,711.0,309,1,0,1,Pedestrian
19,1949.0,689.0,1974.0,711.0,310,1,0,1,Pedestrian
19,1949.0,689.0,1974.0,711.0,311,1,0,1,Pedestrian
19,1949.0,689.0,1974.0,711.0,312,1,0,1,Pedestrian
19,1949.0,689.0,1974.0,711.0,313,1,0,1,Pedestrian
19,1949.0,689.0,1974.0,711.0,314,1,0,1,Pedestrian
19,1949.0,689.0,1974.0,711.0,315,1,0,1,Pedestrian
19,1949.0,689.0,1974.0,711.0,316,1,0,1,Pedestrian
19,1949.0,689.0,1974.0,711.0,317,1,0,1,Pedestrian
19,1949.0,689.0,1974.0,711.0,318,1,0,1,Pedestrian
19,1949.0,689.0,1974.0,711.0,319,1,0,1,Pedestrian
19,1949.0,689.0,1974.0,711.0,320,1,0,1,Pedestrian
19,1949.0,689.0,1974.0,711.0,321,1,0,1,Pedestrian
19,1949.0,689.0,1974.0,711.0,322,1,0,1,Pedestrian
19,1949.0,689.0,1974.0,711.0,323,1,0,1,Pedestrian
19,1949.0,689.0,1974.0,711.0,324,1,0,1,Pedestrian
19,1949.0,689.0,1974.0,711.0,325,1,0,1,Pedestrian
19,1949.0,689.0,1974.0,711.0,326,1,0,1,Pedestrian
19,1949.0,689.0,1974.0,711.0,327,1,0,1,Pedestrian
19,1949.0,689.0,1974.0,711.0,328,1,0,1,Pedestrian
19,1949.0,689.0,1974.0,711.0,329,1,0,1,Pedestrian
19,1949.0,689.0,1974.0,711.0,330,1,0,1,Pedestrian
19,1949.0,689.0,1974.0,711.0,331,1,0,1,Pedestrian
19,1949.0,689.0,1974.0,711.0,332,1,0,1,Pedestrian
19,1949.0,689.0,1974.0,711.0,333,1,0,1,Pedestrian
19,1949.0,689.0,1974.0,711.0,334,1,0,1,Pedestrian
19,1949.0,689.0,1974.0,711.0,335,1,0,1,Pedestrian
19,1949.0,689.0,1974.0,711.0,336,1,0,1,Pedestrian
19,1949.0,689.0,1974.0,711.0,337,1,0,1,Pedestrian
19,1949.0,689.0,1974.0,711.0,338,1,0,1,Pedestrian
19,1949.0,689.0,1974.0,711.0,339,1,0,1,Pedestrian
19,1949.0,689.0,1974.0,711.0,340,1,0,1,Pedestrian
19,1949.0,689.0,1974.0,711.0,341,1,0,1,Pedestrian
19,1949.0,689.0,1974.0,711.0,342,1,0,1,Pedestrian
19,1949.0,689.0,1974.0,711.0,343,1,0,1,Pedestrian
19,1949.0,689.0,1974.0,711.0,344,1,0,1,Pedestrian
19,1949.0,689.0,1974.0,711.0,345,1,0,1,Pedestrian
19,1949.0,689.0,1974.0,711.0,346,1,0,1,Pedestrian
19,1949.0,689.0,1974.0,711.0,347,1,0,1,Pedestrian
19,1949.0,689.0,1974.0,711.0,348,1,0,1,Pedestrian
19,1949.0,689.0,1974.0,711.0,349,1,0,1,Pedestrian
19,1949.0,689.0,1974.0,711.0,350,1,0,1,Pedestrian
19,1949.0,689.0,1974.0,711.0,351,1,0,1,Pedestrian
19,1949.0,689.0,1974.0,711.0,352,1,0,1,Pedestrian
19,1949.0,689.0,1974.0,711.0,353,1,0,1,Pedestrian
19,1949.0,689.0,1974.0,711.0,354,1,0,1,Pedestrian
19,1949.0,689.0,1974.0,711.0,355,1,0,1,Pedestrian
19,1949.0,689.0,1974.0,711.0,356,1,0,1,Pedestrian
19,1949.0,689.0,1974.0,711.0,357,1,0,1,Pedestrian
19,1949.0,689.0,1974.0,711.0,358,1,0,1,Pedestrian
19,1949.0,689.0,1974.0,711.0,359,1,0,1,Pedestrian
19,1949.0,689.0,1974.0,711.0,360,1,0,1,Pedestrian
19,1949.0,689.0,1974.0,711.0,361,1,0,1,Pedestrian
19,1949.0,689.0,1974.0,711.0,362,1,0,1,Pedestrian
19,1949.0,689.0,1974.0,711.0,363,1,0,1,Pedestrian
19,1949.0,689.0,1974.0,711.0,364,1,0,1,Pedestrian
19,1949.0,689.0,1974.0,711.0,365,1,0,1,Pedestrian
19,1949.0,689.0,1974.0,711.0,366,1,0,1,Pedestrian
19,1949.0,689.0,1974.0,711.0,367,1,0,1,Pedestrian
19,1949.0,689.0,1974.0,711.0,368,1,0,1,Pedestrian
19,1949.0,689.0,1974.0,711.0,369,1,0,1,Pedestrian
19,1949.0,689.0,1974.0,711.0,370,1,0,1,Pedestrian
19,1949.0,689.0,1974.0,711.0,371,1,0,1,Pedestrian
19,1949.0,689.0,1974.0,711.0,372,1,0,1,Pedestrian
19,1949.0,689.0,1974.0,711.0,373,1,0,1,Pedestrian
19,1949.0,689.0,1974.0,711.0,374,1,0,1,Pedestrian
19,1949.0,689.0,1974.0,711.0,375,1,0,1,Pedestrian
19,1949.0,689.0,1974.0,711.0,376,1,0,1,Pedestrian
19,1949.0,689.0,1974.0,711.0,377,1,0,1,Pedestrian
19,1949.0,689.0,1974.0,711.0,378,1,0,1,Pedestrian
19,1949.0,689.0,1974.0,711.0,379,1,0,1,Pedestrian
19,1949.0,689.0,1974.0,711.0,380,1,0,1,Pedestrian
19,1949.0,689.0,1974.0,711.0,381,1,0,1,Pedestrian
19,1949.0,689.0,1974.0,711.0,382,1,0,1,Pedestrian
19,1949.0,689.0,1974.0,711.0,383,1,0,1,Pedestrian
19,1949.0,689.0,1974.0,711.0,384,1,0,1,Pedestrian
19,1949.0,689.0,1974.0,711.0,385,1,0,1,Pedestrian
19,1949.0,689.0,1974.0,711.0,386,1,0,1,Pedestrian
19,1949.0,689.0,1974.0,711.0,387,1,0,1,Pedestrian
19,1949.0,689.0,1974.0,711.0,388,1,0,1,Pedestrian
19,1949.0,689.0,1974.0,711.0,389,1,0,1,Pedestrian
19,1949.0,689.0,1974.0,711.0,390,1,0,1,Pedestrian
19,1949.0,689.0,1974.0,711.0,391,1,0,1,Pedestrian
19,1949.0,689.0,1974.0,711.0,392,1,0,1,Pedestrian
19,1949.0,689.0,1974.0,711.0,393,1,0,1,Pedestrian
19,1949.0,689.0,1974.0,711.0,394,1,0,1,Pedestrian
19,1949.0,689.0,1974.0,711.0,395,1,0,1,Pedestrian
19,1949.0,689.0,1974.0,711.0,396,1,0,1,Pedestrian
19,1949.0,689.0,1974.0,711.0,397,1,0,1,Pedestrian
19,1949.0,689.0,1974.0,711.0,398,1,0,1,Pedestrian
19,1949.0,689.0,1974.0,711.0,399,1,0,1,Pedestrian
19,1949.0,689.0,1974.0,711.0,400,1,0,1,Pedestrian
19,1949.0,689.0,1974.0,711.0,401,1,0,1,Pedestrian
19,1949.0,689.0,1974.0,711.0,402,1,0,1,Pedestrian
19,1949.0,689.0,1974.0,711.0,403,1,0,1,Pedestrian
19,1949.0,689.0,1974.0,711.0,404,1,0,1,Pedestrian
19,1949.0,689.0,1974.0,711.0,405,1,0,1,Pedestrian
19,1949.0,689.0,1974.0,711.0,406,1,0,1,Pedestrian
19,1949.0,689.0,1974.0,711.0,407,1,0,1,Pedestrian
19,1949.0,689.0,1974.0,711.0,408,1,0,1,Pedestrian
19,1949.0,689.0,1974.0,711.0,409,1,0,1,Pedestrian
19,1949.0,689.0,1974.0,711.0,410,1,0,1,Pedestrian
19,1949.0,689.0,1974.0,711.0,411,1,0,1,Pedestrian
19,1949.0,689.0,1974.0,711.0,412,1,0,1,Pedestrian
19,1949.0,689.0,1974.0,711.0,413,1,0,1,Pedestrian
19,1949.0,689.0,1974.0,711.0,414,1,0,1,Pedestrian
19,1949.0,689.0,1974.0,711.0,415,1,0,1,Pedestrian
19,1949.0,689.0,1974.0,711.0,416,1,0,1,Pedestrian
19,1949.0,689.0,1974.0,711.0,417,1,0,1,Pedestrian
19,1949.0,689.0,1974.0,711.0,418,1,0,1,Pedestrian
19,1949.0,689.0,1974.0,711.0,419,1,0,1,Pedestrian
19,1949.0,689.0,1974.0,711.0,420,1,0,1,Pedestrian
19,1949.0,689.0,1974.0,711.0,421,1,0,1,Pedestrian
19,1949.0,689.0,1974.0,711.0,422,1,0,1,Pedestrian
19,1949.0,689.0,1974.0,711.0,423,1,0,1,Pedestrian
19,1949.0,689.0,1974.0,711.0,424,1,0,1,Pedestrian
19,1949.0,689.0,1974.0,711.0,425,1,0,1,Pedestrian
19,1949.0,689.0,1974.0,711.0,426,1,0,1,Pedestrian
19,1949.0,689.0,1974.0,711.0,427,1,0,1,Pedestrian
19,1949.0,689.0,1974.0,711.0,428,1,0,1,Pedestrian
19,1949.0,689.0,1974.0,711.0,429,1,0,1,Pedestrian
19,1949.0,689.0,1974.0,711.0,430,1,0,1,Pedestrian
19,1949.0,689.0,1974.0,711.0,431,1,0,1,Pedestrian
19,1949.0,689.0,1974.0,711.0,432,1,0,1,Pedestrian
19,1949.0,689.0,1974.0,711.0,433,1,0,1,Pedestrian
19,1949.0,689.0,1974.0,711.0,434,1,0,1,Pedestrian
19,1949.0,689.0,1974.0,711.0,435,1,0,1,Pedestrian
19,1949.0,689.0,1974.0,711.0,436,1,0,1,Pedestrian
19,1949.0,689.0,1974.0,711.0,437,1,0,1,Pedestrian
19,1949.0,689.0,1974.0,711.0,438,1,0,1,Pedestrian
19,1949.0,689.0,1974.0,711.0,439,1,0,1,Pedestrian
19,1949.0,689.0,1974.0,711.0,440,1,0,1,Pedestrian
19,1949.0,689.0,1974.0,711.0,441,1,0,1,Pedestrian
19,1949.0,689.0,1974.0,711.0,442,1,0,1,Pedestrian
19,1949.0,689.0,1974.0,711.0,443,1,0,1,Pedestrian
19,1949.0,689.0,1974.0,711.0,444,1,0,1,Pedestrian
19,1949.0,689.0,1974.0,711.0,445,1,0,1,Pedestrian
19,1949.0,689.0,1974.0,711.0,446,1,0,1,Pedestrian
19,1949.0,689.0,1974.0,711.0,447,1,0,1,Pedestrian
19,1949.0,689.0,1974.0,711.0,448,1,0,1,Pedestrian
19,1949.0,689.0,1974.0,711.0,449,1,0,1,Pedestrian
19,1949.0,689.0,1974.0,711.0,450,1,0,1,Pedestrian
19,1949.0,689.0,1974.0,711.0,451,1,0,1,Pedestrian
19,1949.0,689.0,1974.0,711.0,452,1,0,1,Pedestrian
19,1949.0,689.0,1974.0,711.0,453,1,0,1,Pedestrian
19,1949.0,689.0,1974.0,711.0,454,1,0,1,Pedestrian
19,1949.0,689.0,1974.0,711.0,455,1,0,1,Pedestrian
19,1949.0,689.0,1974.0,711.0,456,1,0,1,Pedestrian
19,1949.0,689.0,1974.0,711.0,457,1,0,1,Pedestrian
19,1949.0,689.0,1974.0,711.0,458,1,0,1,Pedestrian
19,1949.0,689.0,1974.0,711.0,459,1,0,1,Pedestrian
19,1949.0,689.0,1974.0,711.0,460,1,0,1,Pedestrian
19,1949.0,689.0,1974.0,711.0,461,1,0,1,Pedestrian
19,1949.0,689.0,1974.0,711.0,462,1,0,1,Pedestrian
19,1949.0,689.0,1974.0,711.0,463,1,0,1,Pedestrian
19,1949.0,689.0,1974.0,711.0,464,1,0,1,Pedestrian
19,1949.0,689.0,1974.0,711.0,465,1,0,1,Pedestrian
19,1949.0,689.0,1974.0,711.0,466,1,0,1,Pedestrian
19,1949.0,689.0,1974.0,711.0,467,1,0,1,Pedestrian
19,1949.0,689.0,1974.0,711.0,468,1,0,1,Pedestrian
19,1949.0,689.0,1974.0,711.0,469,1,0,1,Pedestrian
19,1949.0,689.0,1974.0,711.0,470,1,0,1,Pedestrian
19,1949.0,689.0,1974.0,711.0,471,1,0,1,Pedestrian
19,1949.0,689.0,1974.0,711.0,472,1,0,1,Pedestrian
19,1949.0,689.0,1974.0,711.0,473,1,0,1,Pedestrian
19,1949.0,689.0,1974.0,711.0,474,1,0,1,Pedestrian
19,1949.0,689.0,1974.0,711.0,475,1,0,1,Pedestrian
19,1949.0,689.0,1974.0,711.0,476,1,0,1,Pedestrian
19,1949.0,689.0,1974.0,711.0,477,1,0,1,Pedestrian
19,1949.0,689.0,1974.0,711.0,478,1,0,1,Pedestrian
19,1949.0,689.0,1974.0,711.0,479,1,0,1,Pedestrian
19,1949.0,689.0,1974.0,711.0,480,1,0,1,Pedestrian
19,1949.0,689.0,1974.0,711.0,481,1,0,1,Pedestrian
19,1949.0,689.0,1974.0,711.0,482,1,0,1,Pedestrian
19,1949.0,689.0,1974.0,711.0,483,1,0,1,Pedestrian
19,1949.0,689.0,1974.0,711.0,484,1,0,1,Pedestrian
19,1949.0,689.0,1974.0,711.0,485,1,0,1,Pedestrian
19,1949.0,689.0,1974.0,711.0,486,1,0,1,Pedestrian
19,1949.0,689.0,1974.0,711.0,487,1,0,1,Pedestrian
19,1949.0,689.0,1974.0,711.0,488,1,0,1,Pedestrian
19,1949.0,689.0,1974.0,711.0,489,1,0,1,Pedestrian
19,1949.0,689.0,1974.0,711.0,490,1,0,1,Pedestrian
19,1949.0,689.0,1974.0,711.0,491,1,0,1,Pedestrian
19,1949.0,689.0,1974.0,711.0,492,1,0,1,Pedestrian
19,1949.0,689.0,1974.0,711.0,493,1,0,1,Pedestrian
19,1949.0,689.0,1974.0,711.0,494,1,0,1,Pedestrian
19,1949.0,689.0,1974.0,711.0,495,1,0,1,Pedestrian
19,1949.0,689.0,1974.0,711.0,496,1,0,1,Pedestrian
19,1949.0,689.0,1974.0,711.0,497,1,0,1,Pedestrian
19,1949.0,689.0,1974.0,711.0,498,1,0,1,Pedestrian
19,1949.0,689.0,1974.0,711.0,499,1,0,1,Pedestrian
19,1949.0,689.0,1974.0,711.0,500,1,0,1,Pedestrian
19,1949.0,689.0,1974.0,711.0,501,1,0,1,Pedestrian
19,1949.0,689.0,1974.0,711.0,502,1,0,1,Pedestrian
19,1949.0,689.0,1974.0,711.0,503,1,0,1,Pedestrian
19,1949.0,689.0,1974.0,711.0,504,1,0,1,Pedestrian
19,1949.0,689.0,1974.0,711.0,505,1,0,1,Pedestrian
19,1949.0,689.0,1974.0,711.0,506,1,0,1,Pedestrian
19,1949.0,689.0,1974.0,711.0,507,1,0,1,Pedestrian
19,1949.0,689.0,1974.0,711.0,508,1,0,0,Pedestrian
20,1941.0,716.0,1971.0,748.0,0,1,0,0,Pedestrian
20,1941.0,716.0,1971.0,748.0,1,1,0,1,Pedestrian
20,1941.0,716.0,1971.0,748.0,2,1,0,1,Pedestrian
20,1941.0,716.0,1971.0,748.0,3,1,0,1,Pedestrian
20,1941.0,716.0,1971.0,748.0,4,1,0,1,Pedestrian
20,1941.0,716.0,1971.0,748.0,5,1,0,1,Pedestrian
20,1941.0,716.0,1971.0,748.0,6,1,0,1,Pedestrian
20,1941.0,716.0,1971.0,748.0,7,1,0,1,Pedestrian
20,1941.0,716.0,1971.0,748.0,8,1,0,1,Pedestrian
20,1941.0,716.0,1971.0,748.0,9,1,0,1,Pedestrian
20,1941.0,716.0,1971.0,748.0,10,1,0,1,Pedestrian
20,1941.0,716.0,1971.0,748.0,11,1,0,1,Pedestrian
20,1941.0,716.0,1971.0,748.0,12,1,0,1,Pedestrian
20,1941.0,716.0,1971.0,748.0,13,1,0,1,Pedestrian
20,1941.0,716.0,1971.0,748.0,14,1,0,1,Pedestrian
20,1941.0,716.0,1971.0,748.0,15,1,0,1,Pedestrian
20,1941.0,716.0,1971.0,748.0,16,1,0,1,Pedestrian
20,1941.0,716.0,1971.0,748.0,17,1,0,1,Pedestrian
20,1941.0,716.0,1971.0,748.0,18,1,0,1,Pedestrian
20,1941.0,716.0,1971.0,748.0,19,1,0,1,Pedestrian
20,1941.0,716.0,1971.0,748.0,20,1,0,1,Pedestrian
20,1941.0,716.0,1971.0,748.0,21,1,0,1,Pedestrian
20,1941.0,716.0,1971.0,748.0,22,1,0,1,Pedestrian
20,1941.0,716.0,1971.0,748.0,23,1,0,1,Pedestrian
20,1941.0,716.0,1971.0,748.0,24,1,0,1,Pedestrian
20,1941.0,716.0,1971.0,748.0,25,1,0,1,Pedestrian
20,1941.0,716.0,1971.0,748.0,26,1,0,1,Pedestrian
20,1941.0,716.0,1971.0,748.0,27,1,0,1,Pedestrian
20,1941.0,716.0,1971.0,748.0,28,1,0,1,Pedestrian
20,1941.0,716.0,1971.0,748.0,29,1,0,1,Pedestrian
20,1941.0,716.0,1971.0,748.0,30,1,0,1,Pedestrian
20,1941.0,716.0,1971.0,748.0,31,1,0,1,Pedestrian
20,1941.0,716.0,1971.0,748.0,32,1,0,1,Pedestrian
20,1941.0,716.0,1971.0,748.0,33,1,0,1,Pedestrian
20,1941.0,716.0,1971.0,748.0,34,1,0,1,Pedestrian
20,1941.0,716.0,1971.0,748.0,35,1,0,1,Pedestrian
20,1941.0,716.0,1971.0,748.0,36,1,0,1,Pedestrian
20,1941.0,716.0,1971.0,748.0,37,1,0,1,Pedestrian
20,1941.0,716.0,1971.0,748.0,38,1,0,1,Pedestrian
20,1941.0,716.0,1971.0,748.0,39,1,0,1,Pedestrian
20,1941.0,716.0,1971.0,748.0,40,1,0,1,Pedestrian
20,1941.0,716.0,1971.0,748.0,41,1,0,1,Pedestrian
20,1941.0,716.0,1971.0,748.0,42,1,0,1,Pedestrian
20,1941.0,716.0,1971.0,748.0,43,1,0,1,Pedestrian
20,1941.0,716.0,1971.0,748.0,44,1,0,1,Pedestrian
20,1941.0,716.0,1971.0,748.0,45,1,0,1,Pedestrian
20,1941.0,716.0,1971.0,748.0,46,1,0,1,Pedestrian
20,1941.0,716.0,1971.0,748.0,47,1,0,1,Pedestrian
20,1941.0,716.0,1971.0,748.0,48,1,0,1,Pedestrian
20,1941.0,716.0,1971.0,748.0,49,1,0,1,Pedestrian
20,1944.0,718.0,1974.0,750.0,50,1,0,0,Pedestrian
20,1944.0,718.0,1974.0,750.0,51,1,0,1,Pedestrian
20,1944.0,718.0,1974.0,750.0,52,1,0,1,Pedestrian
20,1944.0,718.0,1974.0,750.0,53,1,0,1,Pedestrian
20,1944.0,718.0,1974.0,750.0,54,1,0,1,Pedestrian
20,1944.0,718.0,1974.0,750.0,55,1,0,1,Pedestrian
20,1944.0,718.0,1974.0,750.0,56,1,0,1,Pedestrian
20,1944.0,718.0,1974.0,750.0,57,1,0,1,Pedestrian
20,1944.0,718.0,1974.0,750.0,58,1,0,1,Pedestrian
20,1944.0,718.0,1974.0,750.0,59,1,0,1,Pedestrian
20,1944.0,718.0,1974.0,750.0,60,1,0,1,Pedestrian
20,1944.0,718.0,1974.0,750.0,61,1,0,1,Pedestrian
20,1944.0,718.0,1974.0,750.0,62,1,0,1,Pedestrian
20,1944.0,718.0,1974.0,750.0,63,1,0,1,Pedestrian
20,1944.0,718.0,1974.0,750.0,64,1,0,1,Pedestrian
20,1944.0,718.0,1974.0,750.0,65,1,0,1,Pedestrian
20,1944.0,718.0,1974.0,750.0,66,1,0,1,Pedestrian
20,1944.0,718.0,1974.0,750.0,67,1,0,1,Pedestrian
20,1944.0,718.0,1974.0,750.0,68,1,0,1,Pedestrian
20,1944.0,718.0,1974.0,750.0,69,1,0,1,Pedestrian
20,1944.0,718.0,1974.0,750.0,70,1,0,1,Pedestrian
20,1944.0,718.0,1974.0,750.0,71,1,0,1,Pedestrian
20,1944.0,718.0,1974.0,750.0,72,1,0,1,Pedestrian
20,1944.0,718.0,1974.0,750.0,73,1,0,1,Pedestrian
20,1944.0,718.0,1974.0,750.0,74,1,0,1,Pedestrian
20,1944.0,718.0,1974.0,750.0,75,1,0,1,Pedestrian
20,1944.0,718.0,1974.0,750.0,76,1,0,1,Pedestrian
20,1944.0,718.0,1974.0,750.0,77,1,0,1,Pedestrian
20,1944.0,718.0,1974.0,750.0,78,1,0,1,Pedestrian
20,1944.0,718.0,1974.0,750.0,79,1,0,1,Pedestrian
20,1944.0,718.0,1974.0,750.0,80,1,0,1,Pedestrian
20,1944.0,718.0,1974.0,750.0,81,1,0,1,Pedestrian
20,1944.0,718.0,1974.0,750.0,82,1,0,1,Pedestrian
20,1944.0,718.0,1974.0,750.0,83,1,0,1,Pedestrian
20,1944.0,718.0,1974.0,750.0,84,1,0,1,Pedestrian
20,1944.0,718.0,1974.0,750.0,85,1,0,1,Pedestrian
20,1944.0,718.0,1974.0,750.0,86,1,0,1,Pedestrian
20,1944.0,718.0,1974.0,750.0,87,1,0,1,Pedestrian
20,1944.0,718.0,1974.0,750.0,88,1,0,1,Pedestrian
20,1944.0,718.0,1974.0,750.0,89,1,0,1,Pedestrian
20,1944.0,718.0,1974.0,750.0,90,1,0,1,Pedestrian
20,1944.0,718.0,1974.0,750.0,91,1,0,1,Pedestrian
20,1944.0,718.0,1974.0,750.0,92,1,0,1,Pedestrian
20,1944.0,718.0,1974.0,750.0,93,1,0,1,Pedestrian
20,1944.0,718.0,1974.0,750.0,94,1,0,1,Pedestrian
20,1944.0,718.0,1974.0,750.0,95,1,0,1,Pedestrian
20,1944.0,718.0,1974.0,750.0,96,1,0,1,Pedestrian
20,1944.0,718.0,1974.0,750.0,97,1,0,1,Pedestrian
20,1944.0,718.0,1974.0,750.0,98,1,0,1,Pedestrian
20,1944.0,718.0,1974.0,750.0,99,1,0,1,Pedestrian
20,1944.0,718.0,1974.0,750.0,100,1,0,1,Pedestrian
20,1944.0,718.0,1974.0,750.0,101,1,0,1,Pedestrian
20,1944.0,718.0,1974.0,750.0,102,1,0,1,Pedestrian
20,1944.0,718.0,1974.0,750.0,103,1,0,1,Pedestrian
20,1944.0,718.0,1974.0,750.0,104,1,0,1,Pedestrian
20,1944.0,718.0,1974.0,750.0,105,1,0,1,Pedestrian
20,1944.0,718.0,1974.0,750.0,106,1,0,1,Pedestrian
20,1944.0,718.0,1974.0,750.0,107,1,0,1,Pedestrian
20,1944.0,718.0,1974.0,750.0,108,1,0,1,Pedestrian
20,1944.0,718.0,1974.0,750.0,109,1,0,1,Pedestrian
20,1944.0,718.0,1974.0,750.0,110,1,0,1,Pedestrian
20,1944.0,718.0,1974.0,750.0,111,1,0,1,Pedestrian
20,1944.0,718.0,1974.0,750.0,112,1,0,1,Pedestrian
20,1944.0,718.0,1974.0,750.0,113,1,0,1,Pedestrian
20,1944.0,718.0,1974.0,750.0,114,1,0,1,Pedestrian
20,1944.0,718.0,1974.0,750.0,115,1,0,1,Pedestrian
20,1944.0,718.0,1974.0,750.0,116,1,0,1,Pedestrian
20,1944.0,718.0,1974.0,750.0,117,1,0,1,Pedestrian
20,1944.0,718.0,1974.0,750.0,118,1,0,1,Pedestrian
20,1944.0,718.0,1974.0,750.0,119,1,0,1,Pedestrian
20,1944.0,718.0,1974.0,750.0,120,1,0,1,Pedestrian
20,1944.0,718.0,1974.0,750.0,121,1,0,1,Pedestrian
20,1944.0,718.0,1974.0,750.0,122,1,0,1,Pedestrian
20,1944.0,718.0,1974.0,750.0,123,1,0,1,Pedestrian
20,1944.0,718.0,1974.0,750.0,124,1,0,1,Pedestrian
20,1944.0,718.0,1974.0,750.0,125,1,0,1,Pedestrian
20,1944.0,718.0,1974.0,750.0,126,1,0,1,Pedestrian
20,1944.0,718.0,1974.0,750.0,127,1,0,1,Pedestrian
20,1944.0,718.0,1974.0,750.0,128,1,0,1,Pedestrian
20,1944.0,718.0,1974.0,750.0,129,1,0,1,Pedestrian
20,1944.0,718.0,1974.0,750.0,130,1,0,1,Pedestrian
20,1944.0,718.0,1974.0,750.0,131,1,0,1,Pedestrian
20,1944.0,718.0,1974.0,750.0,132,1,0,1,Pedestrian
20,1944.0,718.0,1974.0,750.0,133,1,0,1,Pedestrian
20,1944.0,718.0,1974.0,750.0,134,1,0,1,Pedestrian
20,1944.0,718.0,1974.0,750.0,135,1,0,1,Pedestrian
20,1944.0,718.0,1974.0,750.0,136,1,0,1,Pedestrian
20,1944.0,718.0,1974.0,750.0,137,1,0,1,Pedestrian
20,1944.0,718.0,1974.0,750.0,138,1,0,1,Pedestrian
20,1944.0,718.0,1974.0,750.0,139,1,0,1,Pedestrian
20,1944.0,718.0,1974.0,750.0,140,1,0,1,Pedestrian
20,1944.0,718.0,1974.0,750.0,141,1,0,1,Pedestrian
20,1944.0,718.0,1974.0,750.0,142,1,0,1,Pedestrian
20,1944.0,718.0,1974.0,750.0,143,1,0,1,Pedestrian
20,1944.0,718.0,1974.0,750.0,144,1,0,1,Pedestrian
20,1944.0,718.0,1974.0,750.0,145,1,0,1,Pedestrian
20,1944.0,718.0,1974.0,750.0,146,1,0,1,Pedestrian
20,1944.0,718.0,1974.0,750.0,147,1,0,1,Pedestrian
20,1944.0,718.0,1974.0,750.0,148,1,0,1,Pedestrian
20,1944.0,718.0,1974.0,750.0,149,1,0,1,Pedestrian
20,1944.0,718.0,1974.0,750.0,150,1,0,1,Pedestrian
20,1944.0,718.0,1974.0,750.0,151,1,0,1,Pedestrian
20,1944.0,718.0,1974.0,750.0,152,1,0,1,Pedestrian
20,1944.0,718.0,1974.0,750.0,153,1,0,1,Pedestrian
20,1944.0,718.0,1974.0,750.0,154,1,0,1,Pedestrian
20,1944.0,718.0,1974.0,750.0,155,1,0,1,Pedestrian
20,1944.0,718.0,1974.0,750.0,156,1,0,1,Pedestrian
20,1944.0,718.0,1974.0,750.0,157,1,0,1,Pedestrian
20,1944.0,718.0,1974.0,750.0,158,1,0,1,Pedestrian
20,1944.0,718.0,1974.0,750.0,159,1,0,1,Pedestrian
20,1944.0,718.0,1974.0,750.0,160,1,0,1,Pedestrian
20,1944.0,718.0,1974.0,750.0,161,1,0,1,Pedestrian
20,1944.0,718.0,1974.0,750.0,162,1,0,1,Pedestrian
20,1944.0,718.0,1974.0,750.0,163,1,0,1,Pedestrian
20,1944.0,718.0,1974.0,750.0,164,1,0,1,Pedestrian
20,1944.0,718.0,1974.0,750.0,165,1,0,1,Pedestrian
20,1944.0,718.0,1974.0,750.0,166,1,0,1,Pedestrian
20,1944.0,718.0,1974.0,750.0,167,1,0,1,Pedestrian
20,1944.0,718.0,1974.0,750.0,168,1,0,1,Pedestrian
20,1944.0,718.0,1974.0,750.0,169,1,0,1,Pedestrian
20,1944.0,718.0,1974.0,750.0,170,1,0,1,Pedestrian
20,1944.0,718.0,1974.0,750.0,171,1,0,1,Pedestrian
20,1944.0,718.0,1974.0,750.0,172,1,0,1,Pedestrian
20,1944.0,718.0,1974.0,750.0,173,1,0,1,Pedestrian
20,1944.0,718.0,1974.0,750.0,174,1,0,1,Pedestrian
20,1944.0,718.0,1974.0,750.0,175,1,0,1,Pedestrian
20,1944.0,718.0,1974.0,750.0,176,1,0,1,Pedestrian
20,1944.0,718.0,1974.0,750.0,177,1,0,1,Pedestrian
20,1944.0,718.0,1974.0,750.0,178,1,0,1,Pedestrian
20,1944.0,718.0,1974.0,750.0,179,1,0,1,Pedestrian
20,1944.0,718.0,1974.0,750.0,180,1,0,1,Pedestrian
20,1944.0,718.0,1974.0,750.0,181,1,0,1,Pedestrian
20,1944.0,718.0,1974.0,750.0,182,1,0,1,Pedestrian
20,1944.0,718.0,1974.0,750.0,183,1,0,1,Pedestrian
20,1944.0,718.0,1974.0,750.0,184,1,0,1,Pedestrian
20,1944.0,718.0,1974.0,750.0,185,1,0,1,Pedestrian
20,1944.0,718.0,1974.0,750.0,186,1,0,1,Pedestrian
20,1944.0,718.0,1974.0,750.0,187,1,0,1,Pedestrian
20,1944.0,718.0,1974.0,750.0,188,1,0,1,Pedestrian
20,1944.0,718.0,1974.0,750.0,189,1,0,1,Pedestrian
20,1944.0,718.0,1974.0,750.0,190,1,0,1,Pedestrian
20,1944.0,718.0,1974.0,750.0,191,1,0,1,Pedestrian
20,1944.0,718.0,1974.0,750.0,192,1,0,1,Pedestrian
20,1944.0,718.0,1974.0,750.0,193,1,0,1,Pedestrian
20,1944.0,718.0,1974.0,750.0,194,1,0,1,Pedestrian
20,1944.0,718.0,1974.0,750.0,195,1,0,1,Pedestrian
20,1944.0,718.0,1974.0,750.0,196,1,0,1,Pedestrian
20,1944.0,718.0,1974.0,750.0,197,1,0,1,Pedestrian
20,1944.0,718.0,1974.0,750.0,198,1,0,1,Pedestrian
20,1944.0,718.0,1974.0,750.0,199,1,0,1,Pedestrian
20,1944.0,718.0,1974.0,750.0,200,1,0,1,Pedestrian
20,1944.0,718.0,1974.0,750.0,201,1,0,1,Pedestrian
20,1944.0,718.0,1974.0,750.0,202,1,0,1,Pedestrian
20,1944.0,718.0,1974.0,750.0,203,1,0,1,Pedestrian
20,1944.0,718.0,1974.0,750.0,204,1,0,1,Pedestrian
20,1944.0,718.0,1974.0,750.0,205,1,0,1,Pedestrian
20,1944.0,718.0,1974.0,750.0,206,1,0,1,Pedestrian
20,1944.0,718.0,1974.0,750.0,207,1,0,1,Pedestrian
20,1944.0,718.0,1974.0,750.0,208,1,0,1,Pedestrian
20,1944.0,718.0,1974.0,750.0,209,1,0,1,Pedestrian
20,1944.0,718.0,1974.0,750.0,210,1,0,1,Pedestrian
20,1944.0,718.0,1974.0,750.0,211,1,0,1,Pedestrian
20,1944.0,718.0,1974.0,750.0,212,1,0,1,Pedestrian
20,1944.0,718.0,1974.0,750.0,213,1,0,1,Pedestrian
20,1944.0,718.0,1974.0,750.0,214,1,0,1,Pedestrian
20,1944.0,718.0,1974.0,750.0,215,1,0,1,Pedestrian
20,1944.0,718.0,1974.0,750.0,216,1,0,1,Pedestrian
20,1944.0,718.0,1974.0,750.0,217,1,0,1,Pedestrian
20,1944.0,718.0,1974.0,750.0,218,1,0,1,Pedestrian
20,1944.0,718.0,1974.0,750.0,219,1,0,1,Pedestrian
20,1944.0,718.0,1974.0,750.0,220,1,0,1,Pedestrian
20,1944.0,718.0,1974.0,750.0,221,1,0,1,Pedestrian
20,1944.0,718.0,1974.0,750.0,222,1,0,1,Pedestrian
20,1944.0,718.0,1974.0,750.0,223,1,0,1,Pedestrian
20,1944.0,718.0,1974.0,750.0,224,1,0,1,Pedestrian
20,1944.0,718.0,1974.0,750.0,225,1,0,1,Pedestrian
20,1944.0,718.0,1974.0,750.0,226,1,0,1,Pedestrian
20,1944.0,718.0,1974.0,750.0,227,1,0,1,Pedestrian
20,1944.0,718.0,1974.0,750.0,228,1,0,1,Pedestrian
20,1944.0,718.0,1974.0,750.0,229,1,0,1,Pedestrian
20,1944.0,718.0,1974.0,750.0,230,1,0,1,Pedestrian
20,1944.0,718.0,1974.0,750.0,231,1,0,1,Pedestrian
20,1944.0,718.0,1974.0,750.0,232,1,0,1,Pedestrian
20,1944.0,718.0,1974.0,750.0,233,1,0,1,Pedestrian
20,1944.0,718.0,1974.0,750.0,234,1,0,1,Pedestrian
20,1944.0,718.0,1974.0,750.0,235,1,0,1,Pedestrian
20,1944.0,718.0,1974.0,750.0,236,1,0,1,Pedestrian
20,1944.0,718.0,1974.0,750.0,237,1,0,1,Pedestrian
20,1944.0,718.0,1974.0,750.0,238,1,0,1,Pedestrian
20,1944.0,718.0,1974.0,750.0,239,1,0,1,Pedestrian
20,1944.0,718.0,1974.0,750.0,240,1,0,1,Pedestrian
20,1944.0,718.0,1974.0,750.0,241,1,0,1,Pedestrian
20,1944.0,718.0,1974.0,750.0,242,1,0,1,Pedestrian
20,1944.0,718.0,1974.0,750.0,243,1,0,1,Pedestrian
20,1944.0,718.0,1974.0,750.0,244,1,0,1,Pedestrian
20,1944.0,718.0,1974.0,750.0,245,1,0,1,Pedestrian
20,1944.0,718.0,1974.0,750.0,246,1,0,1,Pedestrian
20,1944.0,718.0,1974.0,750.0,247,1,0,1,Pedestrian
20,1944.0,718.0,1974.0,750.0,248,1,0,1,Pedestrian
20,1944.0,718.0,1974.0,750.0,249,1,0,1,Pedestrian
20,1944.0,718.0,1974.0,750.0,250,1,0,1,Pedestrian
20,1944.0,718.0,1974.0,750.0,251,1,0,1,Pedestrian
20,1944.0,718.0,1974.0,750.0,252,1,0,1,Pedestrian
20,1944.0,718.0,1974.0,750.0,253,1,0,1,Pedestrian
20,1944.0,718.0,1974.0,750.0,254,1,0,1,Pedestrian
20,1944.0,718.0,1974.0,750.0,255,1,0,1,Pedestrian
20,1944.0,718.0,1974.0,750.0,256,1,0,1,Pedestrian
20,1944.0,718.0,1974.0,750.0,257,1,0,1,Pedestrian
20,1944.0,718.0,1974.0,750.0,258,1,0,1,Pedestrian
20,1944.0,718.0,1974.0,750.0,259,1,0,1,Pedestrian
20,1944.0,718.0,1974.0,750.0,260,1,0,1,Pedestrian
20,1944.0,718.0,1974.0,750.0,261,1,0,1,Pedestrian
20,1944.0,718.0,1974.0,750.0,262,1,0,1,Pedestrian
20,1944.0,718.0,1974.0,750.0,263,1,0,1,Pedestrian
20,1944.0,718.0,1974.0,750.0,264,1,0,1,Pedestrian
20,1944.0,718.0,1974.0,750.0,265,1,0,1,Pedestrian
20,1944.0,718.0,1974.0,750.0,266,1,0,1,Pedestrian
20,1944.0,718.0,1974.0,750.0,267,1,0,1,Pedestrian
20,1944.0,718.0,1974.0,750.0,268,1,0,1,Pedestrian
20,1944.0,718.0,1974.0,750.0,269,1,0,1,Pedestrian
20,1944.0,718.0,1974.0,750.0,270,1,0,1,Pedestrian
20,1944.0,718.0,1974.0,750.0,271,1,0,1,Pedestrian
20,1944.0,718.0,1974.0,750.0,272,1,0,1,Pedestrian
20,1944.0,718.0,1974.0,750.0,273,1,0,1,Pedestrian
20,1944.0,718.0,1974.0,750.0,274,1,0,1,Pedestrian
20,1944.0,718.0,1974.0,750.0,275,1,0,1,Pedestrian
20,1944.0,718.0,1974.0,750.0,276,1,0,1,Pedestrian
20,1944.0,718.0,1974.0,750.0,277,1,0,1,Pedestrian
20,1944.0,718.0,1974.0,750.0,278,1,0,1,Pedestrian
20,1944.0,718.0,1974.0,750.0,279,1,0,1,Pedestrian
20,1944.0,718.0,1974.0,750.0,280,1,0,1,Pedestrian
20,1944.0,718.0,1974.0,750.0,281,1,0,1,Pedestrian
20,1944.0,718.0,1974.0,750.0,282,1,0,1,Pedestrian
20,1944.0,718.0,1974.0,750.0,283,1,0,1,Pedestrian
20,1944.0,718.0,1974.0,750.0,284,1,0,1,Pedestrian
20,1944.0,718.0,1974.0,750.0,285,1,0,1,Pedestrian
20,1944.0,718.0,1974.0,750.0,286,1,0,1,Pedestrian
20,1944.0,718.0,1974.0,750.0,287,1,0,1,Pedestrian
20,1944.0,718.0,1974.0,750.0,288,1,0,1,Pedestrian
20,1944.0,718.0,1974.0,750.0,289,1,0,1,Pedestrian
20,1944.0,718.0,1974.0,750.0,290,1,0,1,Pedestrian
20,1944.0,718.0,1974.0,750.0,291,1,0,1,Pedestrian
20,1944.0,718.0,1974.0,750.0,292,1,0,1,Pedestrian
20,1944.0,718.0,1974.0,750.0,293,1,0,1,Pedestrian
20,1944.0,718.0,1974.0,750.0,294,1,0,1,Pedestrian
20,1944.0,718.0,1974.0,750.0,295,1,0,1,Pedestrian
20,1944.0,718.0,1974.0,750.0,296,1,0,1,Pedestrian
20,1944.0,718.0,1974.0,750.0,297,1,0,1,Pedestrian
20,1944.0,718.0,1974.0,750.0,298,1,0,1,Pedestrian
20,1944.0,718.0,1974.0,750.0,299,1,0,1,Pedestrian
20,1944.0,718.0,1974.0,750.0,300,1,0,1,Pedestrian
20,1944.0,718.0,1974.0,750.0,301,1,0,1,Pedestrian
20,1944.0,718.0,1974.0,750.0,302,1,0,1,Pedestrian
20,1944.0,718.0,1974.0,750.0,303,1,0,1,Pedestrian
20,1944.0,718.0,1974.0,750.0,304,1,0,1,Pedestrian
20,1944.0,718.0,1974.0,750.0,305,1,0,1,Pedestrian
20,1944.0,718.0,1974.0,750.0,306,1,0,1,Pedestrian
20,1944.0,718.0,1974.0,750.0,307,1,0,1,Pedestrian
20,1944.0,718.0,1974.0,750.0,308,1,0,1,Pedestrian
20,1944.0,718.0,1974.0,750.0,309,1,0,1,Pedestrian
20,1944.0,718.0,1974.0,750.0,310,1,0,1,Pedestrian
20,1944.0,718.0,1974.0,750.0,311,1,0,1,Pedestrian
20,1944.0,718.0,1974.0,750.0,312,1,0,1,Pedestrian
20,1944.0,718.0,1974.0,750.0,313,1,0,1,Pedestrian
20,1944.0,718.0,1974.0,750.0,314,1,0,1,Pedestrian
20,1944.0,718.0,1974.0,750.0,315,1,0,1,Pedestrian
20,1944.0,718.0,1974.0,750.0,316,1,0,1,Pedestrian
20,1944.0,718.0,1974.0,750.0,317,1,0,1,Pedestrian
20,1944.0,718.0,1974.0,750.0,318,1,0,1,Pedestrian
20,1944.0,718.0,1974.0,750.0,319,1,0,1,Pedestrian
20,1944.0,718.0,1974.0,750.0,320,1,0,1,Pedestrian
20,1944.0,718.0,1974.0,750.0,321,1,0,1,Pedestrian
20,1944.0,718.0,1974.0,750.0,322,1,0,1,Pedestrian
20,1944.0,718.0,1974.0,750.0,323,1,0,1,Pedestrian
20,1944.0,718.0,1974.0,750.0,324,1,0,1,Pedestrian
20,1944.0,718.0,1974.0,750.0,325,1,0,1,Pedestrian
20,1944.0,718.0,1974.0,750.0,326,1,0,1,Pedestrian
20,1944.0,718.0,1974.0,750.0,327,1,0,1,Pedestrian
20,1944.0,718.0,1974.0,750.0,328,1,0,1,Pedestrian
20,1944.0,718.0,1974.0,750.0,329,1,0,1,Pedestrian
20,1944.0,718.0,1974.0,750.0,330,1,0,1,Pedestrian
20,1944.0,718.0,1974.0,750.0,331,1,0,1,Pedestrian
20,1944.0,718.0,1974.0,750.0,332,1,0,1,Pedestrian
20,1944.0,718.0,1974.0,750.0,333,1,0,1,Pedestrian
20,1944.0,718.0,1974.0,750.0,334,1,0,1,Pedestrian
20,1944.0,718.0,1974.0,750.0,335,1,0,1,Pedestrian
20,1944.0,718.0,1974.0,750.0,336,1,0,1,Pedestrian
20,1944.0,718.0,1974.0,750.0,337,1,0,1,Pedestrian
20,1944.0,718.0,1974.0,750.0,338,1,0,1,Pedestrian
20,1944.0,718.0,1974.0,750.0,339,1,0,1,Pedestrian
20,1944.0,718.0,1974.0,750.0,340,1,0,1,Pedestrian
20,1944.0,718.0,1974.0,750.0,341,1,0,1,Pedestrian
20,1944.0,718.0,1974.0,750.0,342,1,0,1,Pedestrian
20,1944.0,718.0,1974.0,750.0,343,1,0,1,Pedestrian
20,1944.0,718.0,1974.0,750.0,344,1,0,1,Pedestrian
20,1944.0,718.0,1974.0,750.0,345,1,0,1,Pedestrian
20,1944.0,718.0,1974.0,750.0,346,1,0,1,Pedestrian
20,1944.0,718.0,1974.0,750.0,347,1,0,1,Pedestrian
20,1944.0,718.0,1974.0,750.0,348,1,0,1,Pedestrian
20,1944.0,718.0,1974.0,750.0,349,1,0,1,Pedestrian
20,1944.0,718.0,1974.0,750.0,350,1,0,1,Pedestrian
20,1944.0,718.0,1974.0,750.0,351,1,0,1,Pedestrian
20,1944.0,718.0,1974.0,750.0,352,1,0,1,Pedestrian
20,1944.0,718.0,1974.0,750.0,353,1,0,1,Pedestrian
20,1944.0,718.0,1974.0,750.0,354,1,0,1,Pedestrian
20,1944.0,718.0,1974.0,750.0,355,1,0,1,Pedestrian
20,1944.0,718.0,1974.0,750.0,356,1,0,1,Pedestrian
20,1944.0,718.0,1974.0,750.0,357,1,0,1,Pedestrian
20,1944.0,718.0,1974.0,750.0,358,1,0,1,Pedestrian
20,1944.0,718.0,1974.0,750.0,359,1,0,1,Pedestrian
20,1944.0,718.0,1974.0,750.0,360,1,0,1,Pedestrian
20,1944.0,718.0,1974.0,750.0,361,1,0,1,Pedestrian
20,1944.0,718.0,1974.0,750.0,362,1,0,1,Pedestrian
20,1944.0,718.0,1974.0,750.0,363,1,0,1,Pedestrian
20,1944.0,718.0,1974.0,750.0,364,1,0,1,Pedestrian
20,1944.0,718.0,1974.0,750.0,365,1,0,1,Pedestrian
20,1944.0,718.0,1974.0,750.0,366,1,0,1,Pedestrian
20,1944.0,718.0,1974.0,750.0,367,1,0,1,Pedestrian
20,1944.0,718.0,1974.0,750.0,368,1,0,1,Pedestrian
20,1944.0,718.0,1974.0,750.0,369,1,0,1,Pedestrian
20,1944.0,718.0,1974.0,750.0,370,1,0,1,Pedestrian
20,1944.0,718.0,1974.0,750.0,371,1,0,1,Pedestrian
20,1944.0,718.0,1974.0,750.0,372,1,0,1,Pedestrian
20,1944.0,718.0,1974.0,750.0,373,1,0,1,Pedestrian
20,1944.0,718.0,1974.0,750.0,374,1,0,1,Pedestrian
20,1944.0,718.0,1974.0,750.0,375,1,0,1,Pedestrian
20,1944.0,718.0,1974.0,750.0,376,1,0,1,Pedestrian
20,1944.0,718.0,1974.0,750.0,377,1,0,1,Pedestrian
20,1944.0,718.0,1974.0,750.0,378,1,0,1,Pedestrian
20,1944.0,718.0,1974.0,750.0,379,1,0,1,Pedestrian
20,1944.0,718.0,1974.0,750.0,380,1,0,1,Pedestrian
20,1944.0,718.0,1974.0,750.0,381,1,0,1,Pedestrian
20,1944.0,718.0,1974.0,750.0,382,1,0,1,Pedestrian
20,1944.0,718.0,1974.0,750.0,383,1,0,1,Pedestrian
20,1944.0,718.0,1974.0,750.0,384,1,0,1,Pedestrian
20,1944.0,718.0,1974.0,750.0,385,1,0,1,Pedestrian
20,1944.0,718.0,1974.0,750.0,386,1,0,1,Pedestrian
20,1944.0,718.0,1974.0,750.0,387,1,0,1,Pedestrian
20,1944.0,718.0,1974.0,750.0,388,1,0,1,Pedestrian
20,1944.0,718.0,1974.0,750.0,389,1,0,1,Pedestrian
20,1944.0,718.0,1974.0,750.0,390,1,0,1,Pedestrian
20,1944.0,718.0,1974.0,750.0,391,1,0,1,Pedestrian
20,1944.0,718.0,1974.0,750.0,392,1,0,1,Pedestrian
20,1944.0,718.0,1974.0,750.0,393,1,0,1,Pedestrian
20,1944.0,718.0,1974.0,750.0,394,1,0,1,Pedestrian
20,1944.0,718.0,1974.0,750.0,395,1,0,1,Pedestrian
20,1944.0,718.0,1974.0,750.0,396,1,0,1,Pedestrian
20,1944.0,718.0,1974.0,750.0,397,1,0,1,Pedestrian
20,1944.0,718.0,1974.0,750.0,398,1,0,1,Pedestrian
20,1944.0,718.0,1974.0,750.0,399,1,0,1,Pedestrian
20,1944.0,718.0,1974.0,750.0,400,1,0,1,Pedestrian
20,1944.0,718.0,1974.0,750.0,401,1,0,1,Pedestrian
20,1944.0,718.0,1974.0,750.0,402,1,0,1,Pedestrian
20,1944.0,718.0,1974.0,750.0,403,1,0,1,Pedestrian
20,1944.0,718.0,1974.0,750.0,404,1,0,1,Pedestrian
20,1944.0,718.0,1974.0,750.0,405,1,0,1,Pedestrian
20,1944.0,718.0,1974.0,750.0,406,1,0,1,Pedestrian
20,1944.0,718.0,1974.0,750.0,407,1,0,1,Pedestrian
20,1944.0,718.0,1974.0,750.0,408,1,0,1,Pedestrian
20,1944.0,718.0,1974.0,750.0,409,1,0,1,Pedestrian
20,1944.0,718.0,1974.0,750.0,410,1,0,1,Pedestrian
20,1944.0,718.0,1974.0,750.0,411,1,0,1,Pedestrian
20,1944.0,718.0,1974.0,750.0,412,1,0,1,Pedestrian
20,1944.0,718.0,1974.0,750.0,413,1,0,1,Pedestrian
20,1944.0,718.0,1974.0,750.0,414,1,0,1,Pedestrian
20,1944.0,718.0,1974.0,750.0,415,1,0,1,Pedestrian
20,1944.0,718.0,1974.0,750.0,416,1,0,1,Pedestrian
20,1944.0,718.0,1974.0,750.0,417,1,0,1,Pedestrian
20,1944.0,718.0,1974.0,750.0,418,1,0,1,Pedestrian
20,1944.0,718.0,1974.0,750.0,419,1,0,1,Pedestrian
20,1944.0,718.0,1974.0,750.0,420,1,0,1,Pedestrian
20,1944.0,718.0,1974.0,750.0,421,1,0,1,Pedestrian
20,1944.0,718.0,1974.0,750.0,422,1,0,1,Pedestrian
20,1944.0,718.0,1974.0,750.0,423,1,0,1,Pedestrian
20,1944.0,718.0,1974.0,750.0,424,1,0,1,Pedestrian
20,1944.0,718.0,1974.0,750.0,425,1,0,1,Pedestrian
20,1944.0,718.0,1974.0,750.0,426,1,0,1,Pedestrian
20,1944.0,718.0,1974.0,750.0,427,1,0,1,Pedestrian
20,1944.0,718.0,1974.0,750.0,428,1,0,1,Pedestrian
20,1944.0,718.0,1974.0,750.0,429,1,0,1,Pedestrian
20,1944.0,718.0,1974.0,750.0,430,1,0,1,Pedestrian
20,1944.0,718.0,1974.0,750.0,431,1,0,1,Pedestrian
20,1944.0,718.0,1974.0,750.0,432,1,0,1,Pedestrian
20,1944.0,718.0,1974.0,750.0,433,1,0,1,Pedestrian
20,1944.0,718.0,1974.0,750.0,434,1,0,1,Pedestrian
20,1944.0,718.0,1974.0,750.0,435,1,0,1,Pedestrian
20,1944.0,718.0,1974.0,750.0,436,1,0,1,Pedestrian
20,1944.0,718.0,1974.0,750.0,437,1,0,1,Pedestrian
20,1944.0,718.0,1974.0,750.0,438,1,0,1,Pedestrian
20,1944.0,718.0,1974.0,750.0,439,1,0,1,Pedestrian
20,1944.0,718.0,1974.0,750.0,440,1,0,1,Pedestrian
20,1944.0,718.0,1974.0,750.0,441,1,0,1,Pedestrian
20,1944.0,718.0,1974.0,750.0,442,1,0,1,Pedestrian
20,1944.0,718.0,1974.0,750.0,443,1,0,1,Pedestrian
20,1944.0,718.0,1974.0,750.0,444,1,0,1,Pedestrian
20,1944.0,718.0,1974.0,750.0,445,1,0,1,Pedestrian
20,1944.0,718.0,1974.0,750.0,446,1,0,1,Pedestrian
20,1944.0,718.0,1974.0,750.0,447,1,0,1,Pedestrian
20,1944.0,718.0,1974.0,750.0,448,1,0,1,Pedestrian
20,1944.0,718.0,1974.0,750.0,449,1,0,1,Pedestrian
20,1944.0,718.0,1974.0,750.0,450,1,0,1,Pedestrian
20,1944.0,718.0,1974.0,750.0,451,1,0,1,Pedestrian
20,1944.0,718.0,1974.0,750.0,452,1,0,1,Pedestrian
20,1944.0,718.0,1974.0,750.0,453,1,0,1,Pedestrian
20,1944.0,718.0,1974.0,750.0,454,1,0,1,Pedestrian
20,1944.0,718.0,1974.0,750.0,455,1,0,1,Pedestrian
20,1944.0,718.0,1974.0,750.0,456,1,0,1,Pedestrian
20,1944.0,718.0,1974.0,750.0,457,1,0,1,Pedestrian
20,1944.0,718.0,1974.0,750.0,458,1,0,1,Pedestrian
20,1944.0,718.0,1974.0,750.0,459,1,0,1,Pedestrian
20,1944.0,718.0,1974.0,750.0,460,1,0,1,Pedestrian
20,1944.0,718.0,1974.0,750.0,461,1,0,1,Pedestrian
20,1944.0,718.0,1974.0,750.0,462,1,0,1,Pedestrian
20,1944.0,718.0,1974.0,750.0,463,1,0,1,Pedestrian
20,1944.0,718.0,1974.0,750.0,464,1,0,1,Pedestrian
20,1944.0,718.0,1974.0,750.0,465,1,0,1,Pedestrian
20,1944.0,718.0,1974.0,750.0,466,1,0,1,Pedestrian
20,1944.0,718.0,1974.0,750.0,467,1,0,1,Pedestrian
20,1944.0,718.0,1974.0,750.0,468,1,0,1,Pedestrian
20,1944.0,718.0,1974.0,750.0,469,1,0,1,Pedestrian
20,1944.0,718.0,1974.0,750.0,470,1,0,1,Pedestrian
20,1944.0,718.0,1974.0,750.0,471,1,0,1,Pedestrian
20,1944.0,718.0,1974.0,750.0,472,1,0,1,Pedestrian
20,1944.0,718.0,1974.0,750.0,473,1,0,1,Pedestrian
20,1944.0,718.0,1974.0,750.0,474,1,0,1,Pedestrian
20,1944.0,718.0,1974.0,750.0,475,1,0,1,Pedestrian
20,1944.0,718.0,1974.0,750.0,476,1,0,1,Pedestrian
20,1944.0,718.0,1974.0,750.0,477,1,0,1,Pedestrian
20,1944.0,718.0,1974.0,750.0,478,1,0,1,Pedestrian
20,1944.0,718.0,1974.0,750.0,479,1,0,1,Pedestrian
20,1944.0,718.0,1974.0,750.0,480,1,0,1,Pedestrian
20,1944.0,718.0,1974.0,750.0,481,1,0,1,Pedestrian
20,1944.0,718.0,1974.0,750.0,482,1,0,1,Pedestrian
20,1944.0,718.0,1974.0,750.0,483,1,0,1,Pedestrian
20,1944.0,718.0,1974.0,750.0,484,1,0,1,Pedestrian
20,1944.0,718.0,1974.0,750.0,485,1,0,1,Pedestrian
20,1944.0,718.0,1974.0,750.0,486,1,0,1,Pedestrian
20,1944.0,718.0,1974.0,750.0,487,1,0,1,Pedestrian
20,1944.0,718.0,1974.0,750.0,488,1,0,1,Pedestrian
20,1944.0,718.0,1974.0,750.0,489,1,0,1,Pedestrian
20,1944.0,718.0,1974.0,750.0,490,1,0,1,Pedestrian
20,1944.0,718.0,1974.0,750.0,491,1,0,1,Pedestrian
20,1944.0,718.0,1974.0,750.0,492,1,0,1,Pedestrian
20,1944.0,718.0,1974.0,750.0,493,1,0,1,Pedestrian
20,1944.0,718.0,1974.0,750.0,494,1,0,1,Pedestrian
20,1944.0,718.0,1974.0,750.0,495,1,0,1,Pedestrian
20,1944.0,718.0,1974.0,750.0,496,1,0,1,Pedestrian
20,1944.0,718.0,1974.0,750.0,497,1,0,1,Pedestrian
20,1944.0,718.0,1974.0,750.0,498,1,0,1,Pedestrian
20,1944.0,718.0,1974.0,750.0,499,1,0,1,Pedestrian
20,1944.0,718.0,1974.0,750.0,500,1,0,1,Pedestrian
20,1944.0,718.0,1974.0,750.0,501,1,0,1,Pedestrian
20,1944.0,718.0,1974.0,750.0,502,1,0,1,Pedestrian
20,1944.0,718.0,1974.0,750.0,503,1,0,1,Pedestrian
20,1944.0,718.0,1974.0,750.0,504,1,0,1,Pedestrian
20,1944.0,718.0,1974.0,750.0,505,1,0,1,Pedestrian
20,1944.0,718.0,1974.0,750.0,506,1,0,1,Pedestrian
20,1944.0,718.0,1974.0,750.0,507,1,0,1,Pedestrian
20,1944.0,718.0,1974.0,750.0,508,1,0,0,Pedestrian
21,1936.0,750.0,1966.0,777.0,0,1,0,0,Pedestrian
21,1936.0,750.0,1966.0,777.0,1,1,0,1,Pedestrian
21,1936.0,750.0,1966.0,777.0,2,1,0,1,Pedestrian
21,1936.0,750.0,1966.0,777.0,3,1,0,1,Pedestrian
21,1936.0,750.0,1966.0,777.0,4,1,0,1,Pedestrian
21,1936.0,750.0,1966.0,777.0,5,1,0,1,Pedestrian
21,1936.0,750.0,1966.0,777.0,6,1,0,1,Pedestrian
21,1936.0,750.0,1966.0,777.0,7,1,0,1,Pedestrian
21,1936.0,750.0,1966.0,777.0,8,1,0,1,Pedestrian
21,1936.0,750.0,1966.0,777.0,9,1,0,1,Pedestrian
21,1936.0,750.0,1966.0,777.0,10,1,0,0,Pedestrian
21,1936.0,750.0,1966.0,777.0,11,1,0,1,Pedestrian
21,1936.0,750.0,1966.0,777.0,12,1,0,1,Pedestrian
21,1936.0,750.0,1966.0,777.0,13,1,0,1,Pedestrian
21,1936.0,750.0,1966.0,777.0,14,1,0,1,Pedestrian
21,1936.0,750.0,1966.0,777.0,15,1,0,1,Pedestrian
21,1936.0,750.0,1966.0,777.0,16,1,0,1,Pedestrian
21,1936.0,750.0,1966.0,777.0,17,1,0,1,Pedestrian
21,1936.0,750.0,1966.0,777.0,18,1,0,1,Pedestrian
21,1936.0,750.0,1966.0,777.0,19,1,0,1,Pedestrian
21,1936.0,750.0,1966.0,777.0,20,1,0,1,Pedestrian
21,1936.0,750.0,1966.0,777.0,21,1,0,1,Pedestrian
21,1936.0,750.0,1966.0,777.0,22,1,0,1,Pedestrian
21,1936.0,750.0,1966.0,777.0,23,1,0,1,Pedestrian
21,1936.0,750.0,1966.0,777.0,24,1,0,1,Pedestrian
21,1936.0,750.0,1966.0,777.0,25,1,0,1,Pedestrian
21,1936.0,750.0,1966.0,777.0,26,1,0,1,Pedestrian
21,1936.0,750.0,1966.0,777.0,27,1,0,1,Pedestrian
21,1936.0,750.0,1966.0,777.0,28,1,0,1,Pedestrian
21,1936.0,750.0,1966.0,777.0,29,1,0,1,Pedestrian
21,1936.0,750.0,1966.0,777.0,30,1,0,1,Pedestrian
21,1936.0,750.0,1966.0,777.0,31,1,0,1,Pedestrian
21,1936.0,750.0,1966.0,777.0,32,1,0,1,Pedestrian
21,1936.0,750.0,1966.0,777.0,33,1,0,1,Pedestrian
21,1936.0,750.0,1966.0,777.0,34,1,0,1,Pedestrian
21,1936.0,750.0,1966.0,777.0,35,1,0,1,Pedestrian
21,1936.0,750.0,1966.0,777.0,36,1,0,1,Pedestrian
21,1936.0,750.0,1966.0,777.0,37,1,0,1,Pedestrian
21,1936.0,750.0,1966.0,777.0,38,1,0,1,Pedestrian
21,1936.0,750.0,1966.0,777.0,39,1,0,1,Pedestrian
21,1936.0,750.0,1966.0,777.0,40,1,0,1,Pedestrian
21,1936.0,750.0,1966.0,777.0,41,1,0,1,Pedestrian
21,1936.0,750.0,1966.0,777.0,42,1,0,1,Pedestrian
21,1936.0,750.0,1966.0,777.0,43,1,0,1,Pedestrian
21,1936.0,750.0,1966.0,777.0,44,1,0,1,Pedestrian
21,1936.0,750.0,1966.0,777.0,45,1,0,1,Pedestrian
21,1936.0,750.0,1966.0,777.0,46,1,0,1,Pedestrian
21,1936.0,750.0,1966.0,777.0,47,1,0,1,Pedestrian
21,1936.0,750.0,1966.0,777.0,48,1,0,1,Pedestrian
21,1936.0,750.0,1966.0,777.0,49,1,0,1,Pedestrian
21,1936.0,750.0,1966.0,777.0,50,1,0,1,Pedestrian
21,1936.0,750.0,1966.0,777.0,51,1,0,1,Pedestrian
21,1936.0,750.0,1966.0,777.0,52,1,0,1,Pedestrian
21,1936.0,750.0,1966.0,777.0,53,1,0,1,Pedestrian
21,1936.0,750.0,1966.0,777.0,54,1,0,1,Pedestrian
21,1936.0,750.0,1966.0,777.0,55,1,0,1,Pedestrian
21,1936.0,750.0,1966.0,777.0,56,1,0,1,Pedestrian
21,1936.0,750.0,1966.0,777.0,57,1,0,1,Pedestrian
21,1936.0,750.0,1966.0,777.0,58,1,0,1,Pedestrian
21,1936.0,750.0,1966.0,777.0,59,1,0,1,Pedestrian
21,1936.0,750.0,1966.0,777.0,60,1,0,1,Pedestrian
21,1936.0,750.0,1966.0,777.0,61,1,0,1,Pedestrian
21,1936.0,750.0,1966.0,777.0,62,1,0,1,Pedestrian
21,1936.0,750.0,1966.0,777.0,63,1,0,1,Pedestrian
21,1936.0,750.0,1966.0,777.0,64,1,0,1,Pedestrian
21,1936.0,750.0,1966.0,777.0,65,1,0,1,Pedestrian
21,1936.0,750.0,1966.0,777.0,66,1,0,1,Pedestrian
21,1936.0,750.0,1966.0,777.0,67,1,0,1,Pedestrian
21,1936.0,750.0,1966.0,777.0,68,1,0,1,Pedestrian
21,1936.0,750.0,1966.0,777.0,69,1,0,1,Pedestrian
21,1936.0,750.0,1966.0,777.0,70,1,0,1,Pedestrian
21,1936.0,750.0,1966.0,777.0,71,1,0,1,Pedestrian
21,1936.0,750.0,1966.0,777.0,72,1,0,1,Pedestrian
21,1936.0,750.0,1966.0,777.0,73,1,0,1,Pedestrian
21,1936.0,750.0,1966.0,777.0,74,1,0,1,Pedestrian
21,1936.0,750.0,1966.0,777.0,75,1,0,1,Pedestrian
21,1936.0,750.0,1966.0,777.0,76,1,0,1,Pedestrian
21,1936.0,750.0,1966.0,777.0,77,1,0,1,Pedestrian
21,1936.0,750.0,1966.0,777.0,78,1,0,1,Pedestrian
21,1936.0,750.0,1966.0,777.0,79,1,0,1,Pedestrian
21,1936.0,750.0,1966.0,777.0,80,1,0,1,Pedestrian
21,1936.0,750.0,1966.0,777.0,81,1,0,1,Pedestrian
21,1936.0,750.0,1966.0,777.0,82,1,0,1,Pedestrian
21,1936.0,750.0,1966.0,777.0,83,1,0,1,Pedestrian
21,1936.0,750.0,1966.0,777.0,84,1,0,1,Pedestrian
21,1936.0,750.0,1966.0,777.0,85,1,0,1,Pedestrian
21,1936.0,750.0,1966.0,777.0,86,1,0,1,Pedestrian
21,1936.0,750.0,1966.0,777.0,87,1,0,1,Pedestrian
21,1936.0,750.0,1966.0,777.0,88,1,0,1,Pedestrian
21,1936.0,750.0,1966.0,777.0,89,1,0,1,Pedestrian
21,1936.0,750.0,1966.0,777.0,90,1,0,1,Pedestrian
21,1936.0,750.0,1966.0,777.0,91,1,0,1,Pedestrian
21,1936.0,750.0,1966.0,777.0,92,1,0,1,Pedestrian
21,1936.0,750.0,1966.0,777.0,93,1,0,1,Pedestrian
21,1936.0,750.0,1966.0,777.0,94,1,0,1,Pedestrian
21,1936.0,750.0,1966.0,777.0,95,1,0,1,Pedestrian
21,1936.0,750.0,1966.0,777.0,96,1,0,1,Pedestrian
21,1936.0,750.0,1966.0,777.0,97,1,0,1,Pedestrian
21,1936.0,750.0,1966.0,777.0,98,1,0,1,Pedestrian
21,1936.0,750.0,1966.0,777.0,99,1,0,1,Pedestrian
21,1936.0,750.0,1966.0,777.0,100,1,0,1,Pedestrian
21,1936.0,750.0,1966.0,777.0,101,1,0,1,Pedestrian
21,1936.0,750.0,1966.0,777.0,102,1,0,1,Pedestrian
21,1936.0,750.0,1966.0,777.0,103,1,0,1,Pedestrian
21,1936.0,750.0,1966.0,777.0,104,1,0,1,Pedestrian
21,1936.0,750.0,1966.0,777.0,105,1,0,1,Pedestrian
21,1936.0,750.0,1966.0,777.0,106,1,0,1,Pedestrian
21,1936.0,750.0,1966.0,777.0,107,1,0,1,Pedestrian
21,1936.0,750.0,1966.0,777.0,108,1,0,1,Pedestrian
21,1936.0,750.0,1966.0,777.0,109,1,0,1,Pedestrian
21,1936.0,750.0,1966.0,777.0,110,1,0,1,Pedestrian
21,1936.0,750.0,1966.0,777.0,111,1,0,1,Pedestrian
21,1936.0,750.0,1966.0,777.0,112,1,0,1,Pedestrian
21,1936.0,750.0,1966.0,777.0,113,1,0,1,Pedestrian
21,1936.0,750.0,1966.0,777.0,114,1,0,1,Pedestrian
21,1936.0,750.0,1966.0,777.0,115,1,0,1,Pedestrian
21,1936.0,750.0,1966.0,777.0,116,1,0,1,Pedestrian
21,1936.0,750.0,1966.0,777.0,117,1,0,1,Pedestrian
21,1936.0,750.0,1966.0,777.0,118,1,0,1,Pedestrian
21,1936.0,750.0,1966.0,777.0,119,1,0,1,Pedestrian
21,1936.0,750.0,1966.0,777.0,120,1,0,1,Pedestrian
21,1936.0,750.0,1966.0,777.0,121,1,0,1,Pedestrian
21,1936.0,750.0,1966.0,777.0,122,1,0,1,Pedestrian
21,1936.0,750.0,1966.0,777.0,123,1,0,1,Pedestrian
21,1936.0,750.0,1966.0,777.0,124,1,0,1,Pedestrian
21,1936.0,750.0,1966.0,777.0,125,1,0,1,Pedestrian
21,1936.0,750.0,1966.0,777.0,126,1,0,1,Pedestrian
21,1936.0,750.0,1966.0,777.0,127,1,0,1,Pedestrian
21,1936.0,750.0,1966.0,777.0,128,1,0,1,Pedestrian
21,1936.0,750.0,1966.0,777.0,129,1,0,1,Pedestrian
21,1936.0,750.0,1966.0,777.0,130,1,0,1,Pedestrian
21,1936.0,750.0,1966.0,777.0,131,1,0,1,Pedestrian
21,1936.0,750.0,1966.0,777.0,132,1,0,1,Pedestrian
21,1936.0,750.0,1966.0,777.0,133,1,0,1,Pedestrian
21,1936.0,750.0,1966.0,777.0,134,1,0,1,Pedestrian
21,1936.0,750.0,1966.0,777.0,135,1,0,1,Pedestrian
21,1936.0,750.0,1966.0,777.0,136,1,0,1,Pedestrian
21,1936.0,750.0,1966.0,777.0,137,1,0,1,Pedestrian
21,1936.0,750.0,1966.0,777.0,138,1,0,1,Pedestrian
21,1936.0,750.0,1966.0,777.0,139,1,0,1,Pedestrian
21,1936.0,750.0,1966.0,777.0,140,1,0,1,Pedestrian
21,1936.0,750.0,1966.0,777.0,141,1,0,1,Pedestrian
21,1936.0,750.0,1966.0,777.0,142,1,0,1,Pedestrian
21,1936.0,750.0,1966.0,777.0,143,1,0,1,Pedestrian
21,1936.0,750.0,1966.0,777.0,144,1,0,1,Pedestrian
21,1936.0,750.0,1966.0,777.0,145,1,0,1,Pedestrian
21,1936.0,750.0,1966.0,777.0,146,1,0,1,Pedestrian
21,1936.0,750.0,1966.0,777.0,147,1,0,1,Pedestrian
21,1936.0,750.0,1966.0,777.0,148,1,0,1,Pedestrian
21,1936.0,750.0,1966.0,777.0,149,1,0,1,Pedestrian
21,1936.0,750.0,1966.0,777.0,150,1,0,1,Pedestrian
21,1936.0,750.0,1966.0,777.0,151,1,0,1,Pedestrian
21,1936.0,750.0,1966.0,777.0,152,1,0,1,Pedestrian
21,1936.0,750.0,1966.0,777.0,153,1,0,1,Pedestrian
21,1936.0,750.0,1966.0,777.0,154,1,0,1,Pedestrian
21,1936.0,750.0,1966.0,777.0,155,1,0,1,Pedestrian
21,1936.0,750.0,1966.0,777.0,156,1,0,1,Pedestrian
21,1936.0,750.0,1966.0,777.0,157,1,0,1,Pedestrian
21,1936.0,750.0,1966.0,777.0,158,1,0,1,Pedestrian
21,1936.0,750.0,1966.0,777.0,159,1,0,1,Pedestrian
21,1936.0,750.0,1966.0,777.0,160,1,0,1,Pedestrian
21,1936.0,750.0,1966.0,777.0,161,1,0,1,Pedestrian
21,1936.0,750.0,1966.0,777.0,162,1,0,1,Pedestrian
21,1936.0,750.0,1966.0,777.0,163,1,0,1,Pedestrian
21,1936.0,750.0,1966.0,777.0,164,1,0,1,Pedestrian
21,1936.0,750.0,1966.0,777.0,165,1,0,1,Pedestrian
21,1936.0,750.0,1966.0,777.0,166,1,0,1,Pedestrian
21,1936.0,750.0,1966.0,777.0,167,1,0,1,Pedestrian
21,1936.0,750.0,1966.0,777.0,168,1,0,1,Pedestrian
21,1936.0,750.0,1966.0,777.0,169,1,0,1,Pedestrian
21,1936.0,750.0,1966.0,777.0,170,1,0,1,Pedestrian
21,1936.0,750.0,1966.0,777.0,171,1,0,1,Pedestrian
21,1936.0,750.0,1966.0,777.0,172,1,0,1,Pedestrian
21,1936.0,750.0,1966.0,777.0,173,1,0,1,Pedestrian
21,1936.0,750.0,1966.0,777.0,174,1,0,1,Pedestrian
21,1936.0,750.0,1966.0,777.0,175,1,0,1,Pedestrian
21,1936.0,750.0,1966.0,777.0,176,1,0,1,Pedestrian
21,1936.0,750.0,1966.0,777.0,177,1,0,1,Pedestrian
21,1936.0,750.0,1966.0,777.0,178,1,0,1,Pedestrian
21,1936.0,750.0,1966.0,777.0,179,1,0,1,Pedestrian
21,1936.0,750.0,1966.0,777.0,180,1,0,1,Pedestrian
21,1936.0,750.0,1966.0,777.0,181,1,0,1,Pedestrian
21,1936.0,750.0,1966.0,777.0,182,1,0,1,Pedestrian
21,1936.0,750.0,1966.0,777.0,183,1,0,1,Pedestrian
21,1936.0,750.0,1966.0,777.0,184,1,0,1,Pedestrian
21,1936.0,750.0,1966.0,777.0,185,1,0,1,Pedestrian
21,1936.0,750.0,1966.0,777.0,186,1,0,1,Pedestrian
21,1936.0,750.0,1966.0,777.0,187,1,0,1,Pedestrian
21,1936.0,750.0,1966.0,777.0,188,1,0,1,Pedestrian
21,1936.0,750.0,1966.0,777.0,189,1,0,1,Pedestrian
21,1936.0,750.0,1966.0,777.0,190,1,0,1,Pedestrian
21,1936.0,750.0,1966.0,777.0,191,1,0,1,Pedestrian
21,1936.0,750.0,1966.0,777.0,192,1,0,1,Pedestrian
21,1936.0,750.0,1966.0,777.0,193,1,0,1,Pedestrian
21,1936.0,750.0,1966.0,777.0,194,1,0,1,Pedestrian
21,1936.0,750.0,1966.0,777.0,195,1,0,1,Pedestrian
21,1936.0,750.0,1966.0,777.0,196,1,0,1,Pedestrian
21,1936.0,750.0,1966.0,777.0,197,1,0,1,Pedestrian
21,1936.0,750.0,1966.0,777.0,198,1,0,1,Pedestrian
21,1936.0,750.0,1966.0,777.0,199,1,0,1,Pedestrian
21,1936.0,750.0,1966.0,777.0,200,1,0,1,Pedestrian
21,1936.0,750.0,1966.0,777.0,201,1,0,1,Pedestrian
21,1936.0,750.0,1966.0,777.0,202,1,0,1,Pedestrian
21,1936.0,750.0,1966.0,777.0,203,1,0,1,Pedestrian
21,1936.0,750.0,1966.0,777.0,204,1,0,1,Pedestrian
21,1936.0,750.0,1966.0,777.0,205,1,0,1,Pedestrian
21,1936.0,750.0,1966.0,777.0,206,1,0,1,Pedestrian
21,1936.0,750.0,1966.0,777.0,207,1,0,1,Pedestrian
21,1936.0,750.0,1966.0,777.0,208,1,0,1,Pedestrian
21,1936.0,750.0,1966.0,777.0,209,1,0,1,Pedestrian
21,1936.0,750.0,1966.0,777.0,210,1,0,1,Pedestrian
21,1936.0,750.0,1966.0,777.0,211,1,0,1,Pedestrian
21,1936.0,750.0,1966.0,777.0,212,1,0,1,Pedestrian
21,1936.0,750.0,1966.0,777.0,213,1,0,1,Pedestrian
21,1936.0,750.0,1966.0,777.0,214,1,0,1,Pedestrian
21,1936.0,750.0,1966.0,777.0,215,1,0,1,Pedestrian
21,1936.0,750.0,1966.0,777.0,216,1,0,1,Pedestrian
21,1936.0,750.0,1966.0,777.0,217,1,0,1,Pedestrian
21,1936.0,750.0,1966.0,777.0,218,1,0,1,Pedestrian
21,1936.0,750.0,1966.0,777.0,219,1,0,1,Pedestrian
21,1936.0,750.0,1966.0,777.0,220,1,0,1,Pedestrian
21,1936.0,750.0,1966.0,777.0,221,1,0,1,Pedestrian
21,1936.0,750.0,1966.0,777.0,222,1,0,1,Pedestrian
21,1936.0,750.0,1966.0,777.0,223,1,0,1,Pedestrian
21,1936.0,750.0,1966.0,777.0,224,1,0,1,Pedestrian
21,1936.0,750.0,1966.0,777.0,225,1,0,1,Pedestrian
21,1936.0,750.0,1966.0,777.0,226,1,0,1,Pedestrian
21,1936.0,750.0,1966.0,777.0,227,1,0,1,Pedestrian
21,1936.0,750.0,1966.0,777.0,228,1,0,1,Pedestrian
21,1936.0,750.0,1966.0,777.0,229,1,0,1,Pedestrian
21,1936.0,750.0,1966.0,777.0,230,1,0,1,Pedestrian
21,1936.0,750.0,1966.0,777.0,231,1,0,1,Pedestrian
21,1936.0,750.0,1966.0,777.0,232,1,0,1,Pedestrian
21,1936.0,750.0,1966.0,777.0,233,1,0,1,Pedestrian
21,1936.0,750.0,1966.0,777.0,234,1,0,1,Pedestrian
21,1936.0,750.0,1966.0,777.0,235,1,0,1,Pedestrian
21,1936.0,750.0,1966.0,777.0,236,1,0,1,Pedestrian
21,1936.0,750.0,1966.0,777.0,237,1,0,1,Pedestrian
21,1936.0,750.0,1966.0,777.0,238,1,0,1,Pedestrian
21,1936.0,750.0,1966.0,777.0,239,1,0,1,Pedestrian
21,1936.0,750.0,1966.0,777.0,240,1,0,1,Pedestrian
21,1936.0,750.0,1966.0,777.0,241,1,0,1,Pedestrian
21,1936.0,750.0,1966.0,777.0,242,1,0,1,Pedestrian
21,1936.0,750.0,1966.0,777.0,243,1,0,1,Pedestrian
21,1936.0,750.0,1966.0,777.0,244,1,0,1,Pedestrian
21,1936.0,750.0,1966.0,777.0,245,1,0,1,Pedestrian
21,1936.0,750.0,1966.0,777.0,246,1,0,1,Pedestrian
21,1936.0,750.0,1966.0,777.0,247,1,0,1,Pedestrian
21,1936.0,750.0,1966.0,777.0,248,1,0,1,Pedestrian
21,1936.0,750.0,1966.0,777.0,249,1,0,1,Pedestrian
21,1936.0,750.0,1966.0,777.0,250,1,0,1,Pedestrian
21,1936.0,750.0,1966.0,777.0,251,1,0,1,Pedestrian
21,1936.0,750.0,1966.0,777.0,252,1,0,1,Pedestrian
21,1936.0,750.0,1966.0,777.0,253,1,0,1,Pedestrian
21,1936.0,750.0,1966.0,777.0,254,1,0,1,Pedestrian
21,1936.0,750.0,1966.0,777.0,255,1,0,1,Pedestrian
21,1936.0,750.0,1966.0,777.0,256,1,0,1,Pedestrian
21,1936.0,750.0,1966.0,777.0,257,1,0,1,Pedestrian
21,1936.0,750.0,1966.0,777.0,258,1,0,1,Pedestrian
21,1936.0,750.0,1966.0,777.0,259,1,0,1,Pedestrian
21,1936.0,750.0,1966.0,777.0,260,1,0,1,Pedestrian
21,1936.0,750.0,1966.0,777.0,261,1,0,1,Pedestrian
21,1936.0,750.0,1966.0,777.0,262,1,0,1,Pedestrian
21,1936.0,750.0,1966.0,777.0,263,1,0,1,Pedestrian
21,1936.0,750.0,1966.0,777.0,264,1,0,1,Pedestrian
21,1936.0,750.0,1966.0,777.0,265,1,0,1,Pedestrian
21,1936.0,750.0,1966.0,777.0,266,1,0,1,Pedestrian
21,1936.0,750.0,1966.0,777.0,267,1,0,1,Pedestrian
21,1936.0,750.0,1966.0,777.0,268,1,0,1,Pedestrian
21,1936.0,750.0,1966.0,777.0,269,1,0,1,Pedestrian
21,1936.0,750.0,1966.0,777.0,270,1,0,1,Pedestrian
21,1936.0,750.0,1966.0,777.0,271,1,0,1,Pedestrian
21,1936.0,750.0,1966.0,777.0,272,1,0,1,Pedestrian
21,1936.0,750.0,1966.0,777.0,273,1,0,1,Pedestrian
21,1936.0,750.0,1966.0,777.0,274,1,0,1,Pedestrian
21,1936.0,750.0,1966.0,777.0,275,1,0,1,Pedestrian
21,1936.0,750.0,1966.0,777.0,276,1,0,1,Pedestrian
21,1936.0,750.0,1966.0,777.0,277,1,0,1,Pedestrian
21,1936.0,750.0,1966.0,777.0,278,1,0,1,Pedestrian
21,1936.0,750.0,1966.0,777.0,279,1,0,1,Pedestrian
21,1936.0,750.0,1966.0,777.0,280,1,0,1,Pedestrian
21,1936.0,750.0,1966.0,777.0,281,1,0,1,Pedestrian
21,1936.0,750.0,1966.0,777.0,282,1,0,1,Pedestrian
21,1936.0,750.0,1966.0,777.0,283,1,0,1,Pedestrian
21,1936.0,750.0,1966.0,777.0,284,1,0,1,Pedestrian
21,1936.0,750.0,1966.0,777.0,285,1,0,1,Pedestrian
21,1936.0,750.0,1966.0,777.0,286,1,0,1,Pedestrian
21,1936.0,750.0,1966.0,777.0,287,1,0,1,Pedestrian
21,1936.0,750.0,1966.0,777.0,288,1,0,1,Pedestrian
21,1936.0,750.0,1966.0,777.0,289,1,0,1,Pedestrian
21,1936.0,750.0,1966.0,777.0,290,1,0,1,Pedestrian
21,1936.0,750.0,1966.0,777.0,291,1,0,1,Pedestrian
21,1936.0,750.0,1966.0,777.0,292,1,0,1,Pedestrian
21,1936.0,750.0,1966.0,777.0,293,1,0,1,Pedestrian
21,1936.0,750.0,1966.0,777.0,294,1,0,1,Pedestrian
21,1936.0,750.0,1966.0,777.0,295,1,0,1,Pedestrian
21,1936.0,750.0,1966.0,777.0,296,1,0,1,Pedestrian
21,1936.0,750.0,1966.0,777.0,297,1,0,1,Pedestrian
21,1936.0,750.0,1966.0,777.0,298,1,0,1,Pedestrian
21,1936.0,750.0,1966.0,777.0,299,1,0,1,Pedestrian
21,1936.0,750.0,1966.0,777.0,300,1,0,1,Pedestrian
21,1936.0,750.0,1966.0,777.0,301,1,0,1,Pedestrian
21,1936.0,750.0,1966.0,777.0,302,1,0,1,Pedestrian
21,1936.0,750.0,1966.0,777.0,303,1,0,1,Pedestrian
21,1936.0,750.0,1966.0,777.0,304,1,0,1,Pedestrian
21,1936.0,750.0,1966.0,777.0,305,1,0,1,Pedestrian
21,1936.0,750.0,1966.0,777.0,306,1,0,1,Pedestrian
21,1936.0,750.0,1966.0,777.0,307,1,0,1,Pedestrian
21,1936.0,750.0,1966.0,777.0,308,1,0,1,Pedestrian
21,1936.0,750.0,1966.0,777.0,309,1,0,1,Pedestrian
21,1936.0,750.0,1966.0,777.0,310,1,0,1,Pedestrian
21,1936.0,750.0,1966.0,777.0,311,1,0,1,Pedestrian
21,1936.0,750.0,1966.0,777.0,312,1,0,1,Pedestrian
21,1936.0,750.0,1966.0,777.0,313,1,0,1,Pedestrian
21,1936.0,750.0,1966.0,777.0,314,1,0,1,Pedestrian
21,1936.0,750.0,1966.0,777.0,315,1,0,1,Pedestrian
21,1936.0,750.0,1966.0,777.0,316,1,0,1,Pedestrian
21,1936.0,750.0,1966.0,777.0,317,1,0,1,Pedestrian
21,1936.0,750.0,1966.0,777.0,318,1,0,1,Pedestrian
21,1936.0,750.0,1966.0,777.0,319,1,0,1,Pedestrian
21,1936.0,750.0,1966.0,777.0,320,1,0,1,Pedestrian
21,1936.0,750.0,1966.0,777.0,321,1,0,1,Pedestrian
21,1936.0,750.0,1966.0,777.0,322,1,0,1,Pedestrian
21,1936.0,750.0,1966.0,777.0,323,1,0,1,Pedestrian
21,1936.0,750.0,1966.0,777.0,324,1,0,1,Pedestrian
21,1936.0,750.0,1966.0,777.0,325,1,0,1,Pedestrian
21,1936.0,750.0,1966.0,777.0,326,1,0,1,Pedestrian
21,1936.0,750.0,1966.0,777.0,327,1,0,1,Pedestrian
21,1936.0,750.0,1966.0,777.0,328,1,0,1,Pedestrian
21,1936.0,750.0,1966.0,777.0,329,1,0,1,Pedestrian
21,1936.0,750.0,1966.0,777.0,330,1,0,1,Pedestrian
21,1936.0,750.0,1966.0,777.0,331,1,0,1,Pedestrian
21,1936.0,750.0,1966.0,777.0,332,1,0,1,Pedestrian
21,1936.0,750.0,1966.0,777.0,333,1,0,1,Pedestrian
21,1936.0,750.0,1966.0,777.0,334,1,0,1,Pedestrian
21,1936.0,750.0,1966.0,777.0,335,1,0,1,Pedestrian
21,1936.0,750.0,1966.0,777.0,336,1,0,1,Pedestrian
21,1936.0,750.0,1966.0,777.0,337,1,0,1,Pedestrian
21,1936.0,750.0,1966.0,777.0,338,1,0,1,Pedestrian
21,1936.0,750.0,1966.0,777.0,339,1,0,1,Pedestrian
21,1936.0,750.0,1966.0,777.0,340,1,0,1,Pedestrian
21,1936.0,750.0,1966.0,777.0,341,1,0,1,Pedestrian
21,1936.0,750.0,1966.0,777.0,342,1,0,1,Pedestrian
21,1936.0,750.0,1966.0,777.0,343,1,0,1,Pedestrian
21,1936.0,750.0,1966.0,777.0,344,1,0,1,Pedestrian
21,1936.0,750.0,1966.0,777.0,345,1,0,1,Pedestrian
21,1936.0,750.0,1966.0,777.0,346,1,0,1,Pedestrian
21,1936.0,750.0,1966.0,777.0,347,1,0,1,Pedestrian
21,1936.0,750.0,1966.0,777.0,348,1,0,1,Pedestrian
21,1936.0,750.0,1966.0,777.0,349,1,0,1,Pedestrian
21,1936.0,750.0,1966.0,777.0,350,1,0,1,Pedestrian
21,1936.0,750.0,1966.0,777.0,351,1,0,1,Pedestrian
21,1936.0,750.0,1966.0,777.0,352,1,0,1,Pedestrian
21,1936.0,750.0,1966.0,777.0,353,1,0,1,Pedestrian
21,1936.0,750.0,1966.0,777.0,354,1,0,1,Pedestrian
21,1936.0,750.0,1966.0,777.0,355,1,0,1,Pedestrian
21,1936.0,750.0,1966.0,777.0,356,1,0,1,Pedestrian
21,1936.0,750.0,1966.0,777.0,357,1,0,1,Pedestrian
21,1936.0,750.0,1966.0,777.0,358,1,0,1,Pedestrian
21,1936.0,750.0,1966.0,777.0,359,1,0,1,Pedestrian
21,1936.0,750.0,1966.0,777.0,360,1,0,1,Pedestrian
21,1936.0,750.0,1966.0,777.0,361,1,0,1,Pedestrian
21,1936.0,750.0,1966.0,777.0,362,1,0,1,Pedestrian
21,1936.0,750.0,1966.0,777.0,363,1,0,1,Pedestrian
21,1936.0,750.0,1966.0,777.0,364,1,0,1,Pedestrian
21,1936.0,750.0,1966.0,777.0,365,1,0,1,Pedestrian
21,1936.0,750.0,1966.0,777.0,366,1,0,1,Pedestrian
21,1936.0,750.0,1966.0,777.0,367,1,0,1,Pedestrian
21,1936.0,750.0,1966.0,777.0,368,1,0,1,Pedestrian
21,1936.0,750.0,1966.0,777.0,369,1,0,1,Pedestrian
21,1936.0,750.0,1966.0,777.0,370,1,0,1,Pedestrian
21,1936.0,750.0,1966.0,777.0,371,1,0,1,Pedestrian
21,1936.0,750.0,1966.0,777.0,372,1,0,1,Pedestrian
21,1936.0,750.0,1966.0,777.0,373,1,0,1,Pedestrian
21,1936.0,750.0,1966.0,777.0,374,1,0,1,Pedestrian
21,1936.0,750.0,1966.0,777.0,375,1,0,1,Pedestrian
21,1936.0,750.0,1966.0,777.0,376,1,0,1,Pedestrian
21,1936.0,750.0,1966.0,777.0,377,1,0,1,Pedestrian
21,1936.0,750.0,1966.0,777.0,378,1,0,1,Pedestrian
21,1936.0,750.0,1966.0,777.0,379,1,0,1,Pedestrian
21,1936.0,750.0,1966.0,777.0,380,1,0,1,Pedestrian
21,1936.0,750.0,1966.0,777.0,381,1,0,1,Pedestrian
21,1936.0,750.0,1966.0,777.0,382,1,0,1,Pedestrian
21,1936.0,750.0,1966.0,777.0,383,1,0,1,Pedestrian
21,1936.0,750.0,1966.0,777.0,384,1,0,1,Pedestrian
21,1936.0,750.0,1966.0,777.0,385,1,0,1,Pedestrian
21,1936.0,750.0,1966.0,777.0,386,1,0,1,Pedestrian
21,1936.0,750.0,1966.0,777.0,387,1,0,1,Pedestrian
21,1936.0,750.0,1966.0,777.0,388,1,0,1,Pedestrian
21,1936.0,750.0,1966.0,777.0,389,1,0,1,Pedestrian
21,1936.0,750.0,1966.0,777.0,390,1,0,1,Pedestrian
21,1936.0,750.0,1966.0,777.0,391,1,0,1,Pedestrian
21,1936.0,750.0,1966.0,777.0,392,1,0,1,Pedestrian
21,1936.0,750.0,1966.0,777.0,393,1,0,1,Pedestrian
21,1936.0,750.0,1966.0,777.0,394,1,0,1,Pedestrian
21,1936.0,750.0,1966.0,777.0,395,1,0,1,Pedestrian
21,1936.0,750.0,1966.0,777.0,396,1,0,1,Pedestrian
21,1936.0,750.0,1966.0,777.0,397,1,0,1,Pedestrian
21,1936.0,750.0,1966.0,777.0,398,1,0,1,Pedestrian
21,1936.0,750.0,1966.0,777.0,399,1,0,1,Pedestrian
21,1936.0,750.0,1966.0,777.0,400,1,0,1,Pedestrian
21,1936.0,750.0,1966.0,777.0,401,1,0,1,Pedestrian
21,1936.0,750.0,1966.0,777.0,402,1,0,1,Pedestrian
21,1936.0,750.0,1966.0,777.0,403,1,0,1,Pedestrian
21,1936.0,750.0,1966.0,777.0,404,1,0,1,Pedestrian
21,1936.0,750.0,1966.0,777.0,405,1,0,1,Pedestrian
21,1936.0,750.0,1966.0,777.0,406,1,0,1,Pedestrian
21,1936.0,750.0,1966.0,777.0,407,1,0,1,Pedestrian
21,1936.0,750.0,1966.0,777.0,408,1,0,1,Pedestrian
21,1936.0,750.0,1966.0,777.0,409,1,0,1,Pedestrian
21,1936.0,750.0,1966.0,777.0,410,1,0,1,Pedestrian
21,1936.0,750.0,1966.0,777.0,411,1,0,1,Pedestrian
21,1936.0,750.0,1966.0,777.0,412,1,0,1,Pedestrian
21,1936.0,750.0,1966.0,777.0,413,1,0,1,Pedestrian
21,1936.0,750.0,1966.0,777.0,414,1,0,1,Pedestrian
21,1936.0,750.0,1966.0,777.0,415,1,0,1,Pedestrian
21,1936.0,750.0,1966.0,777.0,416,1,0,1,Pedestrian
21,1936.0,750.0,1966.0,777.0,417,1,0,1,Pedestrian
21,1936.0,750.0,1966.0,777.0,418,1,0,1,Pedestrian
21,1936.0,750.0,1966.0,777.0,419,1,0,1,Pedestrian
21,1936.0,750.0,1966.0,777.0,420,1,0,1,Pedestrian
21,1936.0,750.0,1966.0,777.0,421,1,0,1,Pedestrian
21,1936.0,750.0,1966.0,777.0,422,1,0,1,Pedestrian
21,1936.0,750.0,1966.0,777.0,423,1,0,1,Pedestrian
21,1936.0,750.0,1966.0,777.0,424,1,0,1,Pedestrian
21,1936.0,750.0,1966.0,777.0,425,1,0,1,Pedestrian
21,1936.0,750.0,1966.0,777.0,426,1,0,1,Pedestrian
21,1936.0,750.0,1966.0,777.0,427,1,0,1,Pedestrian
21,1936.0,750.0,1966.0,777.0,428,1,0,1,Pedestrian
21,1936.0,750.0,1966.0,777.0,429,1,0,1,Pedestrian
21,1936.0,750.0,1966.0,777.0,430,1,0,1,Pedestrian
21,1936.0,750.0,1966.0,777.0,431,1,0,1,Pedestrian
21,1936.0,750.0,1966.0,777.0,432,1,0,1,Pedestrian
21,1936.0,750.0,1966.0,777.0,433,1,0,1,Pedestrian
21,1936.0,750.0,1966.0,777.0,434,1,0,1,Pedestrian
21,1936.0,750.0,1966.0,777.0,435,1,0,1,Pedestrian
21,1936.0,750.0,1966.0,777.0,436,1,0,1,Pedestrian
21,1936.0,750.0,1966.0,777.0,437,1,0,1,Pedestrian
21,1936.0,750.0,1966.0,777.0,438,1,0,1,Pedestrian
21,1936.0,750.0,1966.0,777.0,439,1,0,1,Pedestrian
21,1936.0,750.0,1966.0,777.0,440,1,0,1,Pedestrian
21,1936.0,750.0,1966.0,777.0,441,1,0,1,Pedestrian
21,1936.0,750.0,1966.0,777.0,442,1,0,1,Pedestrian
21,1936.0,750.0,1966.0,777.0,443,1,0,1,Pedestrian
21,1936.0,750.0,1966.0,777.0,444,1,0,1,Pedestrian
21,1936.0,750.0,1966.0,777.0,445,1,0,1,Pedestrian
21,1936.0,750.0,1966.0,777.0,446,1,0,1,Pedestrian
21,1936.0,750.0,1966.0,777.0,447,1,0,1,Pedestrian
21,1936.0,750.0,1966.0,777.0,448,1,0,1,Pedestrian
21,1936.0,750.0,1966.0,777.0,449,1,0,1,Pedestrian
21,1936.0,750.0,1966.0,777.0,450,1,0,1,Pedestrian
21,1936.0,750.0,1966.0,777.0,451,1,0,1,Pedestrian
21,1936.0,750.0,1966.0,777.0,452,1,0,1,Pedestrian
21,1936.0,750.0,1966.0,777.0,453,1,0,1,Pedestrian
21,1936.0,750.0,1966.0,777.0,454,1,0,1,Pedestrian
21,1936.0,750.0,1966.0,777.0,455,1,0,1,Pedestrian
21,1936.0,750.0,1966.0,777.0,456,1,0,1,Pedestrian
21,1936.0,750.0,1966.0,777.0,457,1,0,1,Pedestrian
21,1936.0,750.0,1966.0,777.0,458,1,0,1,Pedestrian
21,1936.0,750.0,1966.0,777.0,459,1,0,1,Pedestrian
21,1936.0,750.0,1966.0,777.0,460,1,0,1,Pedestrian
21,1936.0,750.0,1966.0,777.0,461,1,0,1,Pedestrian
21,1936.0,750.0,1966.0,777.0,462,1,0,1,Pedestrian
21,1936.0,750.0,1966.0,777.0,463,1,0,1,Pedestrian
21,1936.0,750.0,1966.0,777.0,464,1,0,1,Pedestrian
21,1936.0,750.0,1966.0,777.0,465,1,0,1,Pedestrian
21,1936.0,750.0,1966.0,777.0,466,1,0,1,Pedestrian
21,1936.0,750.0,1966.0,777.0,467,1,0,1,Pedestrian
21,1936.0,750.0,1966.0,777.0,468,1,0,1,Pedestrian
21,1936.0,750.0,1966.0,777.0,469,1,0,1,Pedestrian
21,1936.0,750.0,1966.0,777.0,470,1,0,1,Pedestrian
21,1936.0,750.0,1966.0,777.0,471,1,0,1,Pedestrian
21,1936.0,750.0,1966.0,777.0,472,1,0,1,Pedestrian
21,1936.0,750.0,1966.0,777.0,473,1,0,1,Pedestrian
21,1936.0,750.0,1966.0,777.0,474,1,0,1,Pedestrian
21,1936.0,750.0,1966.0,777.0,475,1,0,1,Pedestrian
21,1936.0,750.0,1966.0,777.0,476,1,0,1,Pedestrian
21,1936.0,750.0,1966.0,777.0,477,1,0,1,Pedestrian
21,1936.0,750.0,1966.0,777.0,478,1,0,1,Pedestrian
21,1936.0,750.0,1966.0,777.0,479,1,0,1,Pedestrian
21,1936.0,750.0,1966.0,777.0,480,1,0,1,Pedestrian
21,1936.0,750.0,1966.0,777.0,481,1,0,1,Pedestrian
21,1936.0,750.0,1966.0,777.0,482,1,0,1,Pedestrian
21,1936.0,750.0,1966.0,777.0,483,1,0,1,Pedestrian
21,1936.0,750.0,1966.0,777.0,484,1,0,1,Pedestrian
21,1936.0,750.0,1966.0,777.0,485,1,0,1,Pedestrian
21,1936.0,750.0,1966.0,777.0,486,1,0,1,Pedestrian
21,1936.0,750.0,1966.0,777.0,487,1,0,1,Pedestrian
21,1936.0,750.0,1966.0,777.0,488,1,0,1,Pedestrian
21,1936.0,750.0,1966.0,777.0,489,1,0,1,Pedestrian
21,1936.0,750.0,1966.0,777.0,490,1,0,1,Pedestrian
21,1936.0,750.0,1966.0,777.0,491,1,0,1,Pedestrian
21,1936.0,750.0,1966.0,777.0,492,1,0,1,Pedestrian
21,1936.0,750.0,1966.0,777.0,493,1,0,1,Pedestrian
21,1936.0,750.0,1966.0,777.0,494,1,0,1,Pedestrian
21,1936.0,750.0,1966.0,777.0,495,1,0,1,Pedestrian
21,1936.0,750.0,1966.0,777.0,496,1,0,1,Pedestrian
21,1936.0,750.0,1966.0,777.0,497,1,0,1,Pedestrian
21,1936.0,750.0,1966.0,777.0,498,1,0,1,Pedestrian
21,1936.0,750.0,1966.0,777.0,499,1,0,1,Pedestrian
21,1936.0,750.0,1966.0,777.0,500,1,0,1,Pedestrian
21,1936.0,750.0,1966.0,777.0,501,1,0,1,Pedestrian
21,1936.0,750.0,1966.0,777.0,502,1,0,1,Pedestrian
21,1936.0,750.0,1966.0,777.0,503,1,0,1,Pedestrian
21,1936.0,750.0,1966.0,777.0,504,1,0,1,Pedestrian
21,1936.0,750.0,1966.0,777.0,505,1,0,1,Pedestrian
21,1936.0,750.0,1966.0,777.0,506,1,0,1,Pedestrian
21,1936.0,750.0,1966.0,777.0,507,1,0,1,Pedestrian
21,1936.0,750.0,1966.0,777.0,508,1,0,0,Pedestrian
22,1925.0,482.0,1963.0,516.0,0,0,0,0,Pedestrian
22,1925.0,482.0,1963.0,516.0,1,0,0,1,Pedestrian
22,1925.0,482.0,1963.0,516.0,2,0,0,1,Pedestrian
22,1925.0,482.0,1963.0,516.0,3,0,0,1,Pedestrian
22,1925.0,482.0,1963.0,516.0,4,0,0,1,Pedestrian
22,1925.0,482.0,1963.0,516.0,5,0,0,1,Pedestrian
22,1925.0,482.0,1963.0,516.0,6,0,0,1,Pedestrian
22,1925.0,482.0,1963.0,516.0,7,0,0,1,Pedestrian
22,1925.0,482.0,1963.0,516.0,8,0,0,1,Pedestrian
22,1925.0,482.0,1963.0,516.0,9,0,0,1,Pedestrian
22,1925.0,482.0,1963.0,516.0,10,0,0,1,Pedestrian
22,1925.0,482.0,1963.0,516.0,11,0,0,1,Pedestrian
22,1925.0,482.0,1963.0,516.0,12,0,0,1,Pedestrian
22,1925.0,482.0,1963.0,516.0,13,0,0,1,Pedestrian
22,1925.0,482.0,1963.0,516.0,14,0,0,1,Pedestrian
22,1925.0,482.0,1963.0,516.0,15,0,0,1,Pedestrian
22,1925.0,482.0,1963.0,516.0,16,0,0,1,Pedestrian
22,1925.0,482.0,1963.0,516.0,17,0,0,1,Pedestrian
22,1925.0,482.0,1963.0,516.0,18,0,0,1,Pedestrian
22,1925.0,482.0,1963.0,516.0,19,0,0,1,Pedestrian
22,1925.0,482.0,1963.0,516.0,20,0,0,1,Pedestrian
22,1925.0,482.0,1963.0,516.0,21,0,0,1,Pedestrian
22,1925.0,482.0,1963.0,516.0,22,0,0,1,Pedestrian
22,1925.0,482.0,1963.0,516.0,23,0,0,1,Pedestrian
22,1925.0,482.0,1963.0,516.0,24,0,0,1,Pedestrian
22,1925.0,485.0,1963.0,519.0,25,0,0,1,Pedestrian
22,1925.0,485.0,1963.0,519.0,26,0,0,1,Pedestrian
22,1925.0,485.0,1963.0,519.0,27,0,0,1,Pedestrian
22,1925.0,485.0,1963.0,519.0,28,0,0,1,Pedestrian
22,1925.0,485.0,1963.0,519.0,29,0,0,1,Pedestrian
22,1925.0,485.0,1963.0,519.0,30,0,0,1,Pedestrian
22,1925.0,485.0,1963.0,519.0,31,0,0,1,Pedestrian
22,1925.0,485.0,1963.0,519.0,32,0,0,1,Pedestrian
22,1925.0,485.0,1963.0,519.0,33,0,0,1,Pedestrian
22,1925.0,485.0,1963.0,519.0,34,0,0,1,Pedestrian
22,1925.0,485.0,1963.0,519.0,35,0,0,1,Pedestrian
22,1925.0,485.0,1963.0,519.0,36,0,0,1,Pedestrian
22,1925.0,485.0,1963.0,519.0,37,0,0,1,Pedestrian
22,1925.0,485.0,1963.0,519.0,38,0,0,1,Pedestrian
22,1925.0,485.0,1963.0,519.0,39,0,0,1,Pedestrian
22,1925.0,485.0,1963.0,519.0,40,0,0,1,Pedestrian
22,1925.0,485.0,1963.0,519.0,41,0,0,1,Pedestrian
22,1925.0,485.0,1963.0,519.0,42,0,0,1,Pedestrian
22,1925.0,485.0,1963.0,519.0,43,0,0,1,Pedestrian
22,1925.0,485.0,1963.0,519.0,44,0,0,1,Pedestrian
22,1925.0,485.0,1963.0,519.0,45,0,0,1,Pedestrian
22,1925.0,485.0,1963.0,519.0,46,0,0,1,Pedestrian
22,1925.0,485.0,1963.0,519.0,47,0,0,1,Pedestrian
22,1925.0,485.0,1963.0,519.0,48,0,0,1,Pedestrian
22,1927.0,487.0,1963.0,521.0,49,0,0,1,Pedestrian
22,1927.0,487.0,1963.0,521.0,50,0,0,1,Pedestrian
22,1927.0,487.0,1963.0,521.0,51,0,0,1,Pedestrian
22,1927.0,487.0,1963.0,521.0,52,0,0,1,Pedestrian
22,1927.0,487.0,1963.0,521.0,53,0,0,1,Pedestrian
22,1927.0,487.0,1963.0,521.0,54,0,0,1,Pedestrian
22,1927.0,487.0,1963.0,521.0,55,0,0,1,Pedestrian
22,1927.0,487.0,1963.0,521.0,56,0,0,1,Pedestrian
22,1927.0,487.0,1963.0,521.0,57,0,0,1,Pedestrian
22,1927.0,487.0,1963.0,521.0,58,0,0,1,Pedestrian
22,1927.0,487.0,1963.0,521.0,59,0,0,1,Pedestrian
22,1927.0,487.0,1963.0,521.0,60,0,0,1,Pedestrian
22,1927.0,487.0,1963.0,521.0,61,0,0,1,Pedestrian
22,1927.0,487.0,1963.0,521.0,62,0,0,1,Pedestrian
22,1927.0,487.0,1963.0,521.0,63,0,0,1,Pedestrian
22,1927.0,487.0,1963.0,521.0,64,0,0,1,Pedestrian
22,1927.0,487.0,1963.0,521.0,65,0,0,1,Pedestrian
22,1927.0,487.0,1963.0,521.0,66,0,0,1,Pedestrian
22,1927.0,487.0,1963.0,521.0,67,0,0,1,Pedestrian
22,1927.0,487.0,1963.0,521.0,68,0,0,1,Pedestrian
22,1927.0,487.0,1963.0,521.0,69,0,0,1,Pedestrian
22,1927.0,487.0,1963.0,521.0,70,0,0,1,Pedestrian
22,1927.0,487.0,1963.0,521.0,71,0,0,1,Pedestrian
22,1927.0,487.0,1963.0,521.0,72,0,0,1,Pedestrian
22,1927.0,489.0,1966.0,523.0,73,0,0,1,Pedestrian
22,1927.0,489.0,1966.0,523.0,74,0,0,1,Pedestrian
22,1927.0,489.0,1966.0,523.0,75,0,0,1,Pedestrian
22,1927.0,489.0,1966.0,523.0,76,0,0,1,Pedestrian
22,1927.0,489.0,1966.0,523.0,77,0,0,1,Pedestrian
22,1927.0,489.0,1966.0,523.0,78,0,0,1,Pedestrian
22,1927.0,489.0,1966.0,523.0,79,0,0,1,Pedestrian
22,1927.0,489.0,1966.0,523.0,80,0,0,1,Pedestrian
22,1927.0,489.0,1966.0,523.0,81,0,0,1,Pedestrian
22,1927.0,489.0,1966.0,523.0,82,0,0,1,Pedestrian
22,1927.0,489.0,1966.0,523.0,83,0,0,1,Pedestrian
22,1927.0,489.0,1966.0,523.0,84,0,0,1,Pedestrian
22,1927.0,489.0,1966.0,523.0,85,0,0,1,Pedestrian
22,1927.0,489.0,1966.0,523.0,86,0,0,1,Pedestrian
22,1927.0,489.0,1966.0,523.0,87,0,0,1,Pedestrian
22,1927.0,489.0,1966.0,523.0,88,0,0,1,Pedestrian
22,1927.0,489.0,1966.0,523.0,89,0,0,1,Pedestrian
22,1927.0,489.0,1966.0,523.0,90,0,0,1,Pedestrian
22,1927.0,489.0,1966.0,523.0,91,0,0,1,Pedestrian
22,1927.0,489.0,1966.0,523.0,92,0,0,1,Pedestrian
22,1927.0,489.0,1966.0,523.0,93,0,0,1,Pedestrian
22,1927.0,489.0,1966.0,523.0,94,0,0,1,Pedestrian
22,1927.0,489.0,1966.0,523.0,95,0,0,1,Pedestrian
22,1927.0,489.0,1966.0,523.0,96,0,0,1,Pedestrian
22,1927.0,489.0,1966.0,523.0,97,0,0,1,Pedestrian
22,1930.0,491.0,1966.0,525.0,98,0,0,1,Pedestrian
22,1930.0,491.0,1966.0,525.0,99,0,0,1,Pedestrian
22,1930.0,491.0,1966.0,525.0,100,0,0,1,Pedestrian
22,1930.0,491.0,1966.0,525.0,101,0,0,1,Pedestrian
22,1930.0,491.0,1966.0,525.0,102,0,0,1,Pedestrian
22,1930.0,491.0,1966.0,525.0,103,0,0,1,Pedestrian
22,1930.0,491.0,1966.0,525.0,104,0,0,1,Pedestrian
22,1930.0,491.0,1966.0,525.0,105,0,0,1,Pedestrian
22,1930.0,491.0,1966.0,525.0,106,0,0,1,Pedestrian
22,1930.0,491.0,1966.0,525.0,107,0,0,1,Pedestrian
22,1930.0,491.0,1966.0,525.0,108,0,0,1,Pedestrian
22,1930.0,491.0,1966.0,525.0,109,0,0,1,Pedestrian
22,1930.0,491.0,1966.0,525.0,110,0,0,1,Pedestrian
22,1930.0,491.0,1966.0,525.0,111,0,0,1,Pedestrian
22,1930.0,491.0,1966.0,525.0,112,0,0,1,Pedestrian
22,1930.0,491.0,1966.0,525.0,113,0,0,1,Pedestrian
22,1930.0,491.0,1966.0,525.0,114,0,0,1,Pedestrian
22,1930.0,491.0,1966.0,525.0,115,0,0,1,Pedestrian
22,1930.0,491.0,1966.0,525.0,116,0,0,1,Pedestrian
22,1930.0,491.0,1966.0,525.0,117,0,0,1,Pedestrian
22,1930.0,491.0,1966.0,525.0,118,0,0,1,Pedestrian
22,1930.0,491.0,1966.0,525.0,119,0,0,1,Pedestrian
22,1930.0,491.0,1966.0,525.0,120,0,0,1,Pedestrian
22,1930.0,491.0,1966.0,525.0,121,0,0,1,Pedestrian
22,1930.0,494.0,1966.0,528.0,122,0,0,1,Pedestrian
22,1930.0,494.0,1966.0,528.0,123,0,0,1,Pedestrian
22,1930.0,494.0,1966.0,528.0,124,0,0,1,Pedestrian
22,1930.0,494.0,1966.0,528.0,125,0,0,1,Pedestrian
22,1930.0,494.0,1966.0,528.0,126,0,0,1,Pedestrian
22,1930.0,494.0,1966.0,528.0,127,0,0,1,Pedestrian
22,1930.0,494.0,1966.0,528.0,128,0,0,1,Pedestrian
22,1930.0,494.0,1966.0,528.0,129,0,0,1,Pedestrian
22,1930.0,494.0,1966.0,528.0,130,0,0,1,Pedestrian
22,1930.0,494.0,1966.0,528.0,131,0,0,1,Pedestrian
22,1930.0,494.0,1966.0,528.0,132,0,0,1,Pedestrian
22,1930.0,494.0,1966.0,528.0,133,0,0,1,Pedestrian
22,1930.0,494.0,1966.0,528.0,134,0,0,1,Pedestrian
22,1930.0,494.0,1966.0,528.0,135,0,0,1,Pedestrian
22,1930.0,494.0,1966.0,528.0,136,0,0,1,Pedestrian
22,1930.0,494.0,1966.0,528.0,137,0,0,1,Pedestrian
22,1930.0,494.0,1966.0,528.0,138,0,0,1,Pedestrian
22,1930.0,494.0,1966.0,528.0,139,0,0,1,Pedestrian
22,1930.0,494.0,1966.0,528.0,140,0,0,1,Pedestrian
22,1930.0,494.0,1966.0,528.0,141,0,0,1,Pedestrian
22,1930.0,494.0,1966.0,528.0,142,0,0,1,Pedestrian
22,1930.0,494.0,1966.0,528.0,143,0,0,1,Pedestrian
22,1930.0,494.0,1966.0,528.0,144,0,0,1,Pedestrian
22,1930.0,494.0,1966.0,528.0,145,0,0,1,Pedestrian
22,1933.0,496.0,1969.0,530.0,146,0,0,1,Pedestrian
22,1933.0,496.0,1969.0,530.0,147,0,0,1,Pedestrian
22,1933.0,496.0,1969.0,530.0,148,0,0,1,Pedestrian
22,1933.0,496.0,1969.0,530.0,149,0,0,1,Pedestrian
22,1933.0,496.0,1969.0,530.0,150,0,0,1,Pedestrian
22,1933.0,496.0,1969.0,530.0,151,0,0,1,Pedestrian
22,1933.0,496.0,1969.0,530.0,152,0,0,1,Pedestrian
22,1933.0,496.0,1969.0,530.0,153,0,0,1,Pedestrian
22,1933.0,496.0,1969.0,530.0,154,0,0,1,Pedestrian
22,1933.0,496.0,1969.0,530.0,155,0,0,1,Pedestrian
22,1933.0,496.0,1969.0,530.0,156,0,0,1,Pedestrian
22,1933.0,496.0,1969.0,530.0,157,0,0,1,Pedestrian
22,1933.0,496.0,1969.0,530.0,158,0,0,1,Pedestrian
22,1933.0,496.0,1969.0,530.0,159,0,0,1,Pedestrian
22,1933.0,496.0,1969.0,530.0,160,0,0,1,Pedestrian
22,1933.0,496.0,1969.0,530.0,161,0,0,1,Pedestrian
22,1933.0,496.0,1969.0,530.0,162,0,0,1,Pedestrian
22,1933.0,496.0,1969.0,530.0,163,0,0,1,Pedestrian
22,1933.0,496.0,1969.0,530.0,164,0,0,1,Pedestrian
22,1933.0,496.0,1969.0,530.0,165,0,0,1,Pedestrian
22,1933.0,496.0,1969.0,530.0,166,0,0,1,Pedestrian
22,1933.0,496.0,1969.0,530.0,167,0,0,1,Pedestrian
22,1933.0,496.0,1969.0,530.0,168,0,0,1,Pedestrian
22,1933.0,496.0,1969.0,530.0,169,0,0,1,Pedestrian
22,1933.0,496.0,1969.0,530.0,170,0,0,1,Pedestrian
22,1933.0,498.0,1969.0,532.0,171,0,0,1,Pedestrian
22,1933.0,498.0,1969.0,532.0,172,0,0,1,Pedestrian
22,1933.0,498.0,1969.0,532.0,173,0,0,1,Pedestrian
22,1933.0,498.0,1969.0,532.0,174,0,0,1,Pedestrian
22,1933.0,498.0,1969.0,532.0,175,0,0,1,Pedestrian
22,1933.0,498.0,1969.0,532.0,176,0,0,1,Pedestrian
22,1933.0,498.0,1969.0,532.0,177,0,0,1,Pedestrian
22,1933.0,498.0,1969.0,532.0,178,0,0,1,Pedestrian
22,1933.0,498.0,1969.0,532.0,179,0,0,1,Pedestrian
22,1933.0,498.0,1969.0,532.0,180,0,0,1,Pedestrian
22,1933.0,498.0,1969.0,532.0,181,0,0,1,Pedestrian
22,1933.0,498.0,1969.0,532.0,182,0,0,1,Pedestrian
22,1933.0,498.0,1969.0,532.0,183,0,0,1,Pedestrian
22,1933.0,498.0,1969.0,532.0,184,0,0,1,Pedestrian
22,1933.0,498.0,1969.0,532.0,185,0,0,1,Pedestrian
22,1933.0,498.0,1969.0,532.0,186,0,0,1,Pedestrian
22,1933.0,498.0,1969.0,532.0,187,0,0,1,Pedestrian
22,1933.0,498.0,1969.0,532.0,188,0,0,1,Pedestrian
22,1933.0,498.0,1969.0,532.0,189,0,0,1,Pedestrian
22,1933.0,498.0,1969.0,532.0,190,0,0,1,Pedestrian
22,1933.0,498.0,1969.0,532.0,191,0,0,1,Pedestrian
22,1933.0,498.0,1969.0,532.0,192,0,0,1,Pedestrian
22,1933.0,498.0,1969.0,532.0,193,0,0,1,Pedestrian
22,1933.0,498.0,1969.0,532.0,194,0,0,1,Pedestrian
22,1936.0,500.0,1969.0,534.0,195,0,0,1,Pedestrian
22,1936.0,500.0,1969.0,534.0,196,0,0,1,Pedestrian
22,1936.0,500.0,1969.0,534.0,197,0,0,1,Pedestrian
22,1936.0,500.0,1969.0,534.0,198,0,0,1,Pedestrian
22,1936.0,500.0,1969.0,534.0,199,0,0,1,Pedestrian
22,1936.0,500.0,1969.0,534.0,200,0,0,1,Pedestrian
22,1936.0,500.0,1969.0,534.0,201,0,0,1,Pedestrian
22,1936.0,500.0,1969.0,534.0,202,0,0,1,Pedestrian
22,1936.0,500.0,1969.0,534.0,203,0,0,1,Pedestrian
22,1936.0,500.0,1969.0,534.0,204,0,0,1,Pedestrian
22,1936.0,500.0,1969.0,534.0,205,0,0,1,Pedestrian
22,1936.0,500.0,1969.0,534.0,206,0,0,1,Pedestrian
22,1936.0,500.0,1969.0,534.0,207,0,0,1,Pedestrian
22,1936.0,500.0,1969.0,534.0,208,0,0,1,Pedestrian
22,1936.0,500.0,1969.0,534.0,209,0,0,1,Pedestrian
22,1936.0,500.0,1969.0,534.0,210,0,0,1,Pedestrian
22,1936.0,500.0,1969.0,534.0,211,0,0,1,Pedestrian
22,1936.0,500.0,1969.0,534.0,212,0,0,1,Pedestrian
22,1936.0,500.0,1969.0,534.0,213,0,0,1,Pedestrian
22,1936.0,500.0,1969.0,534.0,214,0,0,1,Pedestrian
22,1936.0,500.0,1969.0,534.0,215,0,0,1,Pedestrian
22,1936.0,500.0,1969.0,534.0,216,0,0,1,Pedestrian
22,1936.0,500.0,1969.0,534.0,217,0,0,1,Pedestrian
22,1936.0,500.0,1969.0,534.0,218,0,0,1,Pedestrian
22,1936.0,503.0,1971.0,537.0,219,0,0,1,Pedestrian
22,1936.0,503.0,1971.0,537.0,220,0,0,1,Pedestrian
22,1936.0,503.0,1971.0,537.0,221,0,0,1,Pedestrian
22,1936.0,503.0,1971.0,537.0,222,0,0,1,Pedestrian
22,1936.0,503.0,1971.0,537.0,223,0,0,1,Pedestrian
22,1936.0,503.0,1971.0,537.0,224,0,0,1,Pedestrian
22,1936.0,503.0,1971.0,537.0,225,0,0,1,Pedestrian
22,1936.0,503.0,1971.0,537.0,226,0,0,1,Pedestrian
22,1936.0,503.0,1971.0,537.0,227,0,0,1,Pedestrian
22,1936.0,503.0,1971.0,537.0,228,0,0,1,Pedestrian
22,1936.0,503.0,1971.0,537.0,229,0,0,1,Pedestrian
22,1936.0,503.0,1971.0,537.0,230,0,0,1,Pedestrian
22,1936.0,503.0,1971.0,537.0,231,0,0,1,Pedestrian
22,1936.0,503.0,1971.0,537.0,232,0,0,1,Pedestrian
22,1936.0,503.0,1971.0,537.0,233,0,0,1,Pedestrian
22,1936.0,503.0,1971.0,537.0,234,0,0,1,Pedestrian
22,1936.0,503.0,1971.0,537.0,235,0,0,1,Pedestrian
22,1936.0,503.0,1971.0,537.0,236,0,0,1,Pedestrian
22,1936.0,503.0,1971.0,537.0,237,0,0,1,Pedestrian
22,1936.0,503.0,1971.0,537.0,238,0,0,1,Pedestrian
22,1936.0,503.0,1971.0,537.0,239,0,0,1,Pedestrian
22,1936.0,503.0,1971.0,537.0,240,0,0,1,Pedestrian
22,1936.0,503.0,1971.0,537.0,241,0,0,1,Pedestrian
22,1936.0,503.0,1971.0,537.0,242,0,0,1,Pedestrian
22,1936.0,503.0,1971.0,537.0,243,0,0,1,Pedestrian
22,1938.0,505.0,1971.0,539.0,244,0,0,1,Pedestrian
22,1938.0,505.0,1971.0,539.0,245,0,0,1,Pedestrian
22,1938.0,505.0,1971.0,539.0,246,0,0,1,Pedestrian
22,1938.0,505.0,1971.0,539.0,247,0,0,1,Pedestrian
22,1938.0,505.0,1971.0,539.0,248,0,0,1,Pedestrian
22,1938.0,505.0,1971.0,539.0,249,0,0,1,Pedestrian
22,1938.0,505.0,1971.0,539.0,250,0,0,1,Pedestrian
22,1938.0,505.0,1971.0,539.0,251,0,0,1,Pedestrian
22,1938.0,505.0,1971.0,539.0,252,0,0,1,Pedestrian
22,1938.0,505.0,1971.0,539.0,253,0,0,1,Pedestrian
22,1938.0,505.0,1971.0,539.0,254,0,0,1,Pedestrian
22,1938.0,505.0,1971.0,539.0,255,0,0,1,Pedestrian
22,1938.0,505.0,1971.0,539.0,256,0,0,1,Pedestrian
22,1938.0,505.0,1971.0,539.0,257,0,0,1,Pedestrian
22,1938.0,505.0,1971.0,539.0,258,0,0,1,Pedestrian
22,1938.0,505.0,1971.0,539.0,259,0,0,1,Pedestrian
22,1938.0,505.0,1971.0,539.0,260,0,0,1,Pedestrian
22,1938.0,505.0,1971.0,539.0,261,0,0,1,Pedestrian
22,1938.0,505.0,1971.0,539.0,262,0,0,1,Pedestrian
22,1938.0,505.0,1971.0,539.0,263,0,0,1,Pedestrian
22,1938.0,505.0,1971.0,539.0,264,0,0,1,Pedestrian
22,1938.0,505.0,1971.0,539.0,265,0,0,1,Pedestrian
22,1938.0,505.0,1971.0,539.0,266,0,0,1,Pedestrian
22,1938.0,505.0,1971.0,539.0,267,0,0,1,Pedestrian
22,1938.0,507.0,1971.0,541.0,268,0,0,1,Pedestrian
22,1938.0,507.0,1971.0,541.0,269,0,0,1,Pedestrian
22,1938.0,507.0,1971.0,541.0,270,0,0,1,Pedestrian
22,1938.0,507.0,1971.0,541.0,271,0,0,1,Pedestrian
22,1938.0,507.0,1971.0,541.0,272,0,0,1,Pedestrian
22,1938.0,507.0,1971.0,541.0,273,0,0,1,Pedestrian
22,1938.0,507.0,1971.0,541.0,274,0,0,1,Pedestrian
22,1938.0,507.0,1971.0,541.0,275,0,0,1,Pedestrian
22,1938.0,507.0,1971.0,541.0,276,0,0,1,Pedestrian
22,1938.0,507.0,1971.0,541.0,277,0,0,1,Pedestrian
22,1938.0,507.0,1971.0,541.0,278,0,0,1,Pedestrian
22,1938.0,507.0,1971.0,541.0,279,0,0,1,Pedestrian
22,1938.0,507.0,1971.0,541.0,280,0,0,1,Pedestrian
22,1938.0,507.0,1971.0,541.0,281,0,0,1,Pedestrian
22,1938.0,507.0,1971.0,541.0,282,0,0,1,Pedestrian
22,1938.0,507.0,1971.0,541.0,283,0,0,1,Pedestrian
22,1938.0,507.0,1971.0,541.0,284,0,0,1,Pedestrian
22,1938.0,507.0,1971.0,541.0,285,0,0,1,Pedestrian
22,1938.0,507.0,1971.0,541.0,286,0,0,1,Pedestrian
22,1938.0,507.0,1971.0,541.0,287,0,0,1,Pedestrian
22,1938.0,507.0,1971.0,541.0,288,0,0,1,Pedestrian
22,1938.0,507.0,1971.0,541.0,289,0,0,1,Pedestrian
22,1938.0,507.0,1971.0,541.0,290,0,0,1,Pedestrian
22,1938.0,507.0,1971.0,541.0,291,0,0,1,Pedestrian
22,1941.0,510.0,1974.0,544.0,292,0,0,1,Pedestrian
22,1941.0,510.0,1974.0,544.0,293,0,0,1,Pedestrian
22,1941.0,510.0,1974.0,544.0,294,0,0,1,Pedestrian
22,1941.0,510.0,1974.0,544.0,295,0,0,1,Pedestrian
22,1941.0,510.0,1974.0,544.0,296,0,0,1,Pedestrian
22,1941.0,510.0,1974.0,544.0,297,0,0,1,Pedestrian
22,1941.0,510.0,1974.0,544.0,298,0,0,1,Pedestrian
22,1941.0,510.0,1974.0,544.0,299,0,0,1,Pedestrian
22,1941.0,510.0,1974.0,544.0,300,0,0,1,Pedestrian
22,1941.0,510.0,1974.0,544.0,301,0,0,1,Pedestrian
22,1941.0,510.0,1974.0,544.0,302,0,0,1,Pedestrian
22,1941.0,510.0,1974.0,544.0,303,0,0,1,Pedestrian
22,1941.0,510.0,1974.0,544.0,304,0,0,1,Pedestrian
22,1941.0,510.0,1974.0,544.0,305,0,0,1,Pedestrian
22,1941.0,510.0,1974.0,544.0,306,0,0,1,Pedestrian
22,1941.0,510.0,1974.0,544.0,307,0,0,1,Pedestrian
22,1941.0,510.0,1974.0,544.0,308,0,0,1,Pedestrian
22,1941.0,510.0,1974.0,544.0,309,0,0,1,Pedestrian
22,1941.0,510.0,1974.0,544.0,310,0,0,1,Pedestrian
22,1941.0,510.0,1974.0,544.0,311,0,0,1,Pedestrian
22,1941.0,510.0,1974.0,544.0,312,0,0,1,Pedestrian
22,1941.0,510.0,1974.0,544.0,313,0,0,1,Pedestrian
22,1941.0,510.0,1974.0,544.0,314,0,0,1,Pedestrian
22,1941.0,510.0,1974.0,544.0,315,0,0,1,Pedestrian
22,1941.0,510.0,1974.0,544.0,316,0,0,1,Pedestrian
22,1941.0,512.0,1974.0,546.0,317,0,0,1,Pedestrian
22,1941.0,512.0,1974.0,546.0,318,0,0,1,Pedestrian
22,1941.0,512.0,1974.0,546.0,319,0,0,1,Pedestrian
22,1941.0,512.0,1974.0,546.0,320,0,0,1,Pedestrian
22,1941.0,512.0,1974.0,546.0,321,0,0,1,Pedestrian
22,1941.0,512.0,1974.0,546.0,322,0,0,1,Pedestrian
22,1941.0,512.0,1974.0,546.0,323,0,0,1,Pedestrian
22,1941.0,512.0,1974.0,546.0,324,0,0,1,Pedestrian
22,1941.0,512.0,1974.0,546.0,325,0,0,1,Pedestrian
22,1941.0,512.0,1974.0,546.0,326,0,0,1,Pedestrian
22,1941.0,512.0,1974.0,546.0,327,0,0,1,Pedestrian
22,1941.0,512.0,1974.0,546.0,328,0,0,1,Pedestrian
22,1941.0,512.0,1974.0,546.0,329,0,0,1,Pedestrian
22,1941.0,512.0,1974.0,546.0,330,0,0,1,Pedestrian
22,1941.0,512.0,1974.0,546.0,331,0,0,1,Pedestrian
22,1941.0,512.0,1974.0,546.0,332,0,0,1,Pedestrian
22,1941.0,512.0,1974.0,546.0,333,0,0,1,Pedestrian
22,1941.0,512.0,1974.0,546.0,334,0,0,1,Pedestrian
22,1941.0,512.0,1974.0,546.0,335,0,0,1,Pedestrian
22,1941.0,512.0,1974.0,546.0,336,0,0,1,Pedestrian
22,1941.0,512.0,1974.0,546.0,337,0,0,1,Pedestrian
22,1941.0,512.0,1974.0,546.0,338,0,0,1,Pedestrian
22,1941.0,512.0,1974.0,546.0,339,0,0,1,Pedestrian
22,1941.0,512.0,1974.0,546.0,340,0,0,1,Pedestrian
22,1944.0,514.0,1974.0,548.0,341,0,0,1,Pedestrian
22,1944.0,514.0,1974.0,548.0,342,0,0,1,Pedestrian
22,1944.0,514.0,1974.0,548.0,343,0,0,1,Pedestrian
22,1944.0,514.0,1974.0,548.0,344,0,0,1,Pedestrian
22,1944.0,514.0,1974.0,548.0,345,0,0,1,Pedestrian
22,1944.0,514.0,1974.0,548.0,346,0,0,1,Pedestrian
22,1944.0,514.0,1974.0,548.0,347,0,0,1,Pedestrian
22,1944.0,514.0,1974.0,548.0,348,0,0,1,Pedestrian
22,1944.0,514.0,1974.0,548.0,349,0,0,1,Pedestrian
22,1944.0,514.0,1974.0,548.0,350,0,0,1,Pedestrian
22,1944.0,514.0,1974.0,548.0,351,0,0,1,Pedestrian
22,1944.0,514.0,1974.0,548.0,352,0,0,1,Pedestrian
22,1944.0,514.0,1974.0,548.0,353,0,0,1,Pedestrian
22,1944.0,514.0,1974.0,548.0,354,0,0,1,Pedestrian
22,1944.0,514.0,1974.0,548.0,355,0,0,1,Pedestrian
22,1944.0,514.0,1974.0,548.0,356,0,0,1,Pedestrian
22,1944.0,514.0,1974.0,548.0,357,0,0,1,Pedestrian
22,1944.0,514.0,1974.0,548.0,358,0,0,1,Pedestrian
22,1944.0,514.0,1974.0,548.0,359,0,0,1,Pedestrian
22,1944.0,514.0,1974.0,548.0,360,0,0,1,Pedestrian
22,1944.0,514.0,1974.0,548.0,361,0,0,1,Pedestrian
22,1944.0,514.0,1974.0,548.0,362,0,0,1,Pedestrian
22,1944.0,514.0,1974.0,548.0,363,0,0,1,Pedestrian
22,1944.0,514.0,1974.0,548.0,364,0,0,1,Pedestrian
22,1944.0,516.0,1977.0,550.0,365,0,0,1,Pedestrian
22,1944.0,516.0,1977.0,550.0,366,0,0,1,Pedestrian
22,1944.0,516.0,1977.0,550.0,367,0,0,1,Pedestrian
22,1944.0,516.0,1977.0,550.0,368,0,0,1,Pedestrian
22,1944.0,516.0,1977.0,550.0,369,0,0,1,Pedestrian
22,1944.0,516.0,1977.0,550.0,370,0,0,1,Pedestrian
22,1944.0,516.0,1977.0,550.0,371,0,0,1,Pedestrian
22,1944.0,516.0,1977.0,550.0,372,0,0,1,Pedestrian
22,1944.0,516.0,1977.0,550.0,373,0,0,1,Pedestrian
22,1944.0,516.0,1977.0,550.0,374,0,0,1,Pedestrian
22,1944.0,516.0,1977.0,550.0,375,0,0,1,Pedestrian
22,1944.0,516.0,1977.0,550.0,376,0,0,1,Pedestrian
22,1944.0,516.0,1977.0,550.0,377,0,0,1,Pedestrian
22,1944.0,516.0,1977.0,550.0,378,0,0,1,Pedestrian
22,1944.0,516.0,1977.0,550.0,379,0,0,1,Pedestrian
22,1944.0,516.0,1977.0,550.0,380,0,0,1,Pedestrian
22,1944.0,516.0,1977.0,550.0,381,0,0,1,Pedestrian
22,1944.0,516.0,1977.0,550.0,382,0,0,1,Pedestrian
22,1944.0,516.0,1977.0,550.0,383,0,0,1,Pedestrian
22,1944.0,516.0,1977.0,550.0,384,0,0,1,Pedestrian
22,1944.0,516.0,1977.0,550.0,385,0,0,1,Pedestrian
22,1944.0,516.0,1977.0,550.0,386,0,0,1,Pedestrian
22,1944.0,516.0,1977.0,550.0,387,0,0,1,Pedestrian
22,1944.0,516.0,1977.0,550.0,388,0,0,1,Pedestrian
22,1944.0,516.0,1977.0,550.0,389,0,0,1,Pedestrian
22,1947.0,519.0,1977.0,553.0,390,0,0,1,Pedestrian
22,1947.0,519.0,1977.0,553.0,391,0,0,1,Pedestrian
22,1947.0,519.0,1977.0,553.0,392,0,0,1,Pedestrian
22,1947.0,519.0,1977.0,553.0,393,0,0,1,Pedestrian
22,1947.0,519.0,1977.0,553.0,394,0,0,1,Pedestrian
22,1947.0,519.0,1977.0,553.0,395,0,0,1,Pedestrian
22,1947.0,519.0,1977.0,553.0,396,0,0,1,Pedestrian
22,1947.0,519.0,1977.0,553.0,397,0,0,1,Pedestrian
22,1947.0,519.0,1977.0,553.0,398,0,0,1,Pedestrian
22,1947.0,519.0,1977.0,553.0,399,0,0,1,Pedestrian
22,1947.0,519.0,1977.0,553.0,400,0,0,1,Pedestrian
22,1947.0,519.0,1977.0,553.0,401,0,0,1,Pedestrian
22,1947.0,519.0,1977.0,553.0,402,0,0,1,Pedestrian
22,1947.0,519.0,1977.0,553.0,403,0,0,1,Pedestrian
22,1947.0,519.0,1977.0,553.0,404,0,0,1,Pedestrian
22,1947.0,519.0,1977.0,553.0,405,0,0,1,Pedestrian
22,1947.0,519.0,1977.0,553.0,406,0,0,1,Pedestrian
22,1947.0,519.0,1977.0,553.0,407,0,0,1,Pedestrian
22,1947.0,519.0,1977.0,553.0,408,0,0,1,Pedestrian
22,1947.0,519.0,1977.0,553.0,409,0,0,1,Pedestrian
22,1947.0,519.0,1977.0,553.0,410,0,0,1,Pedestrian
22,1947.0,519.0,1977.0,553.0,411,0,0,1,Pedestrian
22,1947.0,519.0,1977.0,553.0,412,0,0,1,Pedestrian
22,1947.0,519.0,1977.0,553.0,413,0,0,1,Pedestrian
22,1947.0,521.0,1977.0,555.0,414,0,0,1,Pedestrian
22,1947.0,521.0,1977.0,555.0,415,0,0,1,Pedestrian
22,1947.0,521.0,1977.0,555.0,416,0,0,1,Pedestrian
22,1947.0,521.0,1977.0,555.0,417,0,0,1,Pedestrian
22,1947.0,521.0,1977.0,555.0,418,0,0,1,Pedestrian
22,1947.0,521.0,1977.0,555.0,419,0,0,1,Pedestrian
22,1947.0,521.0,1977.0,555.0,420,0,0,1,Pedestrian
22,1947.0,521.0,1977.0,555.0,421,0,0,1,Pedestrian
22,1947.0,521.0,1977.0,555.0,422,0,0,1,Pedestrian
22,1947.0,521.0,1977.0,555.0,423,0,0,1,Pedestrian
22,1947.0,521.0,1977.0,555.0,424,0,0,1,Pedestrian
22,1947.0,521.0,1977.0,555.0,425,0,0,1,Pedestrian
22,1947.0,521.0,1977.0,555.0,426,0,0,1,Pedestrian
22,1947.0,521.0,1977.0,555.0,427,0,0,1,Pedestrian
22,1947.0,521.0,1977.0,555.0,428,0,0,1,Pedestrian
22,1947.0,521.0,1977.0,555.0,429,0,0,1,Pedestrian
22,1947.0,521.0,1977.0,555.0,430,0,0,1,Pedestrian
22,1947.0,521.0,1977.0,555.0,431,0,0,1,Pedestrian
22,1947.0,521.0,1977.0,555.0,432,0,0,1,Pedestrian
22,1947.0,521.0,1977.0,555.0,433,0,0,1,Pedestrian
22,1947.0,521.0,1977.0,555.0,434,0,0,1,Pedestrian
22,1947.0,521.0,1977.0,555.0,435,0,0,1,Pedestrian
22,1947.0,521.0,1977.0,555.0,436,0,0,1,Pedestrian
22,1947.0,521.0,1977.0,555.0,437,0,0,1,Pedestrian
22,1949.0,523.0,1980.0,557.0,438,0,0,0,Pedestrian
22,1949.0,523.0,1980.0,557.0,439,0,0,1,Pedestrian
22,1949.0,523.0,1980.0,557.0,440,0,0,1,Pedestrian
22,1949.0,523.0,1980.0,557.0,441,0,0,1,Pedestrian
22,1949.0,523.0,1980.0,557.0,442,0,0,1,Pedestrian
22,1949.0,523.0,1980.0,557.0,443,0,0,1,Pedestrian
22,1949.0,525.0,1980.0,559.0,444,0,0,1,Pedestrian
22,1949.0,525.0,1980.0,559.0,445,0,0,1,Pedestrian
22,1949.0,525.0,1980.0,559.0,446,0,0,1,Pedestrian
22,1949.0,525.0,1980.0,559.0,447,0,0,1,Pedestrian
22,1949.0,525.0,1980.0,559.0,448,0,0,1,Pedestrian
22,1949.0,525.0,1980.0,559.0,449,0,0,1,Pedestrian
22,1949.0,528.0,1980.0,562.0,450,0,0,1,Pedestrian
22,1949.0,528.0,1980.0,562.0,451,0,0,1,Pedestrian
22,1949.0,528.0,1980.0,562.0,452,0,0,1,Pedestrian
22,1949.0,528.0,1980.0,562.0,453,0,0,1,Pedestrian
22,1949.0,528.0,1980.0,562.0,454,0,0,1,Pedestrian
22,1949.0,528.0,1980.0,562.0,455,0,0,1,Pedestrian
22,1949.0,530.0,1980.0,564.0,456,0,0,1,Pedestrian
22,1949.0,530.0,1980.0,564.0,457,0,0,1,Pedestrian
22,1952.0,530.0,1980.0,564.0,458,0,0,1,Pedestrian
22,1952.0,530.0,1980.0,564.0,459,0,0,1,Pedestrian
22,1952.0,530.0,1980.0,564.0,460,0,0,1,Pedestrian
22,1952.0,532.0,1980.0,566.0,461,0,0,1,Pedestrian
22,1952.0,532.0,1980.0,566.0,462,0,0,1,Pedestrian
22,1952.0,532.0,1980.0,566.0,463,0,0,1,Pedestrian
22,1952.0,532.0,1980.0,566.0,464,0,0,1,Pedestrian
22,1952.0,532.0,1980.0,566.0,465,0,0,1,Pedestrian
22,1952.0,532.0,1980.0,566.0,466,0,0,1,Pedestrian
22,1952.0,534.0,1980.0,568.0,467,0,0,1,Pedestrian
22,1952.0,534.0,1980.0,568.0,468,0,0,1,Pedestrian
22,1952.0,534.0,1980.0,568.0,469,0,0,1,Pedestrian
22,1952.0,534.0,1980.0,568.0,470,0,0,1,Pedestrian
22,1952.0,534.0,1980.0,568.0,471,0,0,1,Pedestrian
22,1952.0,534.0,1980.0,568.0,472,0,0,1,Pedestrian
22,1952.0,537.0,1980.0,571.0,473,0,0,1,Pedestrian
22,1952.0,537.0,1980.0,571.0,474,0,0,1,Pedestrian
22,1952.0,537.0,1980.0,571.0,475,0,0,1,Pedestrian
22,1952.0,537.0,1980.0,571.0,476,0,0,1,Pedestrian
22,1952.0,537.0,1980.0,571.0,477,0,0,1,Pedestrian
22,1955.0,539.0,1980.0,573.0,478,1,0,0,Pedestrian
22,1955.0,539.0,1980.0,573.0,479,1,0,1,Pedestrian
22,1955.0,539.0,1980.0,573.0,480,1,0,1,Pedestrian
22,1955.0,539.0,1980.0,573.0,481,1,0,1,Pedestrian
22,1955.0,539.0,1980.0,573.0,482,1,0,1,Pedestrian
22,1955.0,539.0,1980.0,573.0,483,1,0,1,Pedestrian
22,1955.0,539.0,1980.0,573.0,484,1,0,1,Pedestrian
22,1955.0,539.0,1980.0,573.0,485,1,0,1,Pedestrian
22,1955.0,539.0,1980.0,573.0,486,1,0,1,Pedestrian
22,1955.0,539.0,1980.0,573.0,487,1,0,1,Pedestrian
22,1955.0,539.0,1980.0,573.0,488,1,0,0,Pedestrian
22,1955.0,539.0,1980.0,573.0,489,1,0,1,Pedestrian
22,1955.0,539.0,1980.0,573.0,490,1,0,1,Pedestrian
22,1955.0,539.0,1980.0,573.0,491,1,0,1,Pedestrian
22,1955.0,539.0,1980.0,573.0,492,1,0,1,Pedestrian
22,1955.0,539.0,1980.0,573.0,493,1,0,1,Pedestrian
22,1955.0,539.0,1980.0,573.0,494,1,0,1,Pedestrian
22,1955.0,539.0,1980.0,573.0,495,1,0,1,Pedestrian
22,1955.0,539.0,1980.0,573.0,496,1,0,1,Pedestrian
22,1955.0,539.0,1980.0,573.0,497,1,0,1,Pedestrian
22,1955.0,539.0,1980.0,573.0,498,1,0,1,Pedestrian
22,1955.0,539.0,1980.0,573.0,499,1,0,1,Pedestrian
22,1955.0,539.0,1980.0,573.0,500,1,0,1,Pedestrian
22,1955.0,539.0,1980.0,573.0,501,1,0,1,Pedestrian
22,1955.0,539.0,1980.0,573.0,502,1,0,1,Pedestrian
22,1955.0,539.0,1980.0,573.0,503,1,0,1,Pedestrian
22,1955.0,539.0,1980.0,573.0,504,1,0,1,Pedestrian
22,1955.0,539.0,1980.0,573.0,505,1,0,1,Pedestrian
22,1955.0,539.0,1980.0,573.0,506,1,0,1,Pedestrian
22,1955.0,539.0,1980.0,573.0,507,1,0,1,Pedestrian
22,1955.0,539.0,1980.0,573.0,508,1,0,0,Pedestrian
23,966.0,20.0,1010.0,47.0,0,0,0,0,Pedestrian
23,966.0,18.0,1010.0,45.0,1,0,0,1,Pedestrian
23,966.0,18.0,1010.0,45.0,2,0,0,1,Pedestrian
23,966.0,18.0,1010.0,45.0,3,0,0,1,Pedestrian
23,966.0,18.0,1010.0,45.0,4,0,0,1,Pedestrian
23,966.0,18.0,1010.0,45.0,5,0,0,1,Pedestrian
23,969.0,18.0,1013.0,45.0,6,0,0,1,Pedestrian
23,969.0,18.0,1013.0,45.0,7,0,0,1,Pedestrian
23,969.0,18.0,1013.0,43.0,8,0,0,1,Pedestrian
23,969.0,15.0,1013.0,43.0,9,0,0,1,Pedestrian
23,969.0,15.0,1013.0,43.0,10,0,0,1,Pedestrian
23,972.0,15.0,1016.0,43.0,11,0,0,1,Pedestrian
23,972.0,15.0,1016.0,43.0,12,0,0,1,Pedestrian
23,972.0,15.0,1016.0,43.0,13,0,0,1,Pedestrian
23,972.0,15.0,1016.0,43.0,14,0,0,1,Pedestrian
23,972.0,15.0,1016.0,40.0,15,0,0,1,Pedestrian
23,974.0,15.0,1019.0,40.0,16,0,0,1,Pedestrian
23,974.0,15.0,1019.0,40.0,17,0,0,1,Pedestrian
23,974.0,13.0,1019.0,40.0,18,0,0,1,Pedestrian
23,974.0,13.0,1019.0,40.0,19,0,0,1,Pedestrian
23,974.0,13.0,1019.0,40.0,20,0,0,1,Pedestrian
23,974.0,13.0,1019.0,40.0,21,0,0,1,Pedestrian
23,977.0,13.0,1021.0,38.0,22,0,0,1,Pedestrian
23,977.0,13.0,1021.0,38.0,23,0,0,1,Pedestrian
23,977.0,13.0,1021.0,38.0,24,0,0,1,Pedestrian
23,977.0,13.0,1021.0,38.0,25,0,0,1,Pedestrian
23,977.0,13.0,1021.0,38.0,26,0,0,1,Pedestrian
23,980.0,11.0,1024.0,38.0,27,0,0,1,Pedestrian
23,980.0,11.0,1024.0,38.0,28,0,0,1,Pedestrian
23,980.0,11.0,1024.0,38.0,29,0,0,1,Pedestrian
23,980.0,11.0,1024.0,36.0,30,0,0,1,Pedestrian
23,980.0,11.0,1024.0,36.0,31,0,0,1,Pedestrian
23,983.0,11.0,1027.0,36.0,32,0,0,1,Pedestrian
23,983.0,11.0,1027.0,36.0,33,0,0,1,Pedestrian
23,983.0,11.0,1027.0,36.0,34,0,0,1,Pedestrian
23,983.0,11.0,1027.0,36.0,35,0,0,1,Pedestrian
23,983.0,9.0,1027.0,36.0,36,0,0,1,Pedestrian
23,983.0,9.0,1027.0,34.0,37,0,0,1,Pedestrian
23,985.0,9.0,1030.0,34.0,38,0,0,1,Pedestrian
23,985.0,9.0,1030.0,34.0,39,0,0,1,Pedestrian
23,985.0,9.0,1030.0,34.0,40,0,0,1,Pedestrian
23,985.0,9.0,1030.0,34.0,41,0,0,1,Pedestrian
23,985.0,9.0,1030.0,34.0,42,0,0,1,Pedestrian
23,988.0,9.0,1032.0,34.0,43,0,0,1,Pedestrian
23,988.0,9.0,1032.0,31.0,44,0,0,1,Pedestrian
23,988.0,6.0,1032.0,31.0,45,0,0,1,Pedestrian
23,988.0,6.0,1032.0,31.0,46,0,0,1,Pedestrian
23,988.0,6.0,1032.0,31.0,47,0,0,1,Pedestrian
23,991.0,6.0,1035.0,31.0,48,0,0,1,Pedestrian
23,991.0,6.0,1035.0,31.0,49,0,0,1,Pedestrian
23,991.0,6.0,1035.0,31.0,50,0,0,1,Pedestrian
23,991.0,6.0,1035.0,29.0,51,0,0,1,Pedestrian
23,991.0,6.0,1035.0,29.0,52,0,0,1,Pedestrian
23,991.0,6.0,1035.0,29.0,53,0,0,1,Pedestrian
23,994.0,4.0,1038.0,29.0,54,0,0,1,Pedestrian
23,994.0,4.0,1038.0,29.0,55,0,0,1,Pedestrian
23,994.0,4.0,1038.0,29.0,56,0,0,1,Pedestrian
23,994.0,4.0,1038.0,29.0,57,0,0,1,Pedestrian
23,994.0,4.0,1038.0,29.0,58,0,0,1,Pedestrian
23,997.0,4.0,1041.0,27.0,59,0,0,1,Pedestrian
23,997.0,4.0,1041.0,27.0,60,0,0,1,Pedestrian
23,997.0,4.0,1041.0,27.0,61,0,0,1,Pedestrian
23,997.0,4.0,1041.0,27.0,62,0,0,1,Pedestrian
23,997.0,2.0,1041.0,27.0,63,0,0,1,Pedestrian
23,999.0,2.0,1043.0,27.0,64,0,0,1,Pedestrian
23,999.0,2.0,1043.0,27.0,65,0,0,1,Pedestrian
23,999.0,2.0,1043.0,24.0,66,0,0,1,Pedestrian
23,999.0,2.0,1043.0,24.0,67,0,0,1,Pedestrian
23,999.0,2.0,1043.0,24.0,68,0,0,1,Pedestrian
23,999.0,2.0,1043.0,24.0,69,0,0,1,Pedestrian
23,1002.0,2.0,1046.0,24.0,70,0,0,1,Pedestrian
23,1002.0,2.0,1046.0,24.0,71,0,0,1,Pedestrian
23,1002.0,0.0,1046.0,24.0,72,0,0,1,Pedestrian
23,1002.0,0.0,1046.0,22.0,73,0,0,1,Pedestrian
23,1002.0,0.0,1046.0,22.0,74,0,0,1,Pedestrian
23,1005.0,0.0,1049.0,22.0,75,0,0,1,Pedestrian
23,1005.0,0.0,1049.0,22.0,76,0,0,1,Pedestrian
23,1005.0,0.0,1049.0,22.0,77,0,0,1,Pedestrian
23,1005.0,0.0,1049.0,22.0,78,0,0,1,Pedestrian
23,1005.0,0.0,1049.0,22.0,79,0,0,1,Pedestrian
23,1008.0,0.0,1052.0,22.0,80,1,0,0,Pedestrian
23,1008.0,0.0,1052.0,22.0,81,1,0,1,Pedestrian
23,1008.0,0.0,1052.0,22.0,82,1,0,1,Pedestrian
23,1008.0,0.0,1052.0,22.0,83,1,0,1,Pedestrian
23,1008.0,0.0,1052.0,22.0,84,1,0,1,Pedestrian
23,1008.0,0.0,1052.0,22.0,85,1,0,1,Pedestrian
23,1008.0,0.0,1052.0,22.0,86,1,0,1,Pedestrian
23,1008.0,0.0,1052.0,22.0,87,1,0,1,Pedestrian
23,1008.0,0.0,1052.0,22.0,88,1,0,1,Pedestrian
23,1008.0,0.0,1052.0,22.0,89,1,0,1,Pedestrian
23,1008.0,0.0,1052.0,22.0,90,1,0,1,Pedestrian
23,1008.0,0.0,1052.0,22.0,91,1,0,1,Pedestrian
23,1008.0,0.0,1052.0,22.0,92,1,0,1,Pedestrian
23,1008.0,0.0,1052.0,22.0,93,1,0,1,Pedestrian
23,1008.0,0.0,1052.0,22.0,94,1,0,1,Pedestrian
23,1008.0,0.0,1052.0,22.0,95,1,0,1,Pedestrian
23,1008.0,0.0,1052.0,22.0,96,1,0,1,Pedestrian
23,1008.0,0.0,1052.0,22.0,97,1,0,1,Pedestrian
23,1008.0,0.0,1052.0,22.0,98,1,0,1,Pedestrian
23,1008.0,0.0,1052.0,22.0,99,1,0,1,Pedestrian
23,1008.0,0.0,1052.0,22.0,100,1,0,1,Pedestrian
23,1008.0,0.0,1052.0,22.0,101,1,0,1,Pedestrian
23,1008.0,0.0,1052.0,22.0,102,1,0,1,Pedestrian
23,1008.0,0.0,1052.0,22.0,103,1,0,1,Pedestrian
23,1008.0,0.0,1052.0,22.0,104,1,0,1,Pedestrian
23,1008.0,0.0,1052.0,22.0,105,1,0,1,Pedestrian
23,1008.0,0.0,1052.0,22.0,106,1,0,1,Pedestrian
23,1008.0,0.0,1052.0,22.0,107,1,0,1,Pedestrian
23,1008.0,0.0,1052.0,22.0,108,1,0,1,Pedestrian
23,1008.0,0.0,1052.0,22.0,109,1,0,1,Pedestrian
23,1008.0,0.0,1052.0,22.0,110,1,0,0,Pedestrian
23,1008.0,0.0,1052.0,22.0,111,1,0,1,Pedestrian
23,1008.0,0.0,1052.0,22.0,112,1,0,1,Pedestrian
23,1008.0,0.0,1052.0,22.0,113,1,0,1,Pedestrian
23,1008.0,0.0,1052.0,22.0,114,1,0,1,Pedestrian
23,1008.0,0.0,1052.0,22.0,115,1,0,1,Pedestrian
23,1008.0,0.0,1052.0,22.0,116,1,0,1,Pedestrian
23,1008.0,0.0,1052.0,22.0,117,1,0,1,Pedestrian
23,1008.0,0.0,1052.0,22.0,118,1,0,1,Pedestrian
23,1008.0,0.0,1052.0,22.0,119,1,0,1,Pedestrian
23,1008.0,0.0,1052.0,22.0,120,1,0,1,Pedestrian
23,1008.0,0.0,1052.0,22.0,121,1,0,1,Pedestrian
23,1008.0,0.0,1052.0,22.0,122,1,0,1,Pedestrian
23,1008.0,0.0,1052.0,22.0,123,1,0,1,Pedestrian
23,1008.0,0.0,1052.0,22.0,124,1,0,1,Pedestrian
23,1008.0,0.0,1052.0,22.0,125,1,0,1,Pedestrian
23,1008.0,0.0,1052.0,22.0,126,1,0,1,Pedestrian
23,1008.0,0.0,1052.0,22.0,127,1,0,1,Pedestrian
23,1008.0,0.0,1052.0,22.0,128,1,0,1,Pedestrian
23,1008.0,0.0,1052.0,22.0,129,1,0,1,Pedestrian
23,1008.0,0.0,1052.0,22.0,130,1,0,1,Pedestrian
23,1008.0,0.0,1052.0,22.0,131,1,0,1,Pedestrian
23,1008.0,0.0,1052.0,22.0,132,1,0,1,Pedestrian
23,1008.0,0.0,1052.0,22.0,133,1,0,1,Pedestrian
23,1008.0,0.0,1052.0,22.0,134,1,0,1,Pedestrian
23,1008.0,0.0,1052.0,22.0,135,1,0,1,Pedestrian
23,1008.0,0.0,1052.0,22.0,136,1,0,1,Pedestrian
23,1008.0,0.0,1052.0,22.0,137,1,0,1,Pedestrian
23,1008.0,0.0,1052.0,22.0,138,1,0,1,Pedestrian
23,1008.0,0.0,1052.0,22.0,139,1,0,1,Pedestrian
23,1008.0,0.0,1052.0,22.0,140,1,0,1,Pedestrian
23,1008.0,0.0,1052.0,22.0,141,1,0,1,Pedestrian
23,1008.0,0.0,1052.0,22.0,142,1,0,1,Pedestrian
23,1008.0,0.0,1052.0,22.0,143,1,0,1,Pedestrian
23,1008.0,0.0,1052.0,22.0,144,1,0,1,Pedestrian
23,1008.0,0.0,1052.0,22.0,145,1,0,1,Pedestrian
23,1008.0,0.0,1052.0,22.0,146,1,0,1,Pedestrian
23,1008.0,0.0,1052.0,22.0,147,1,0,1,Pedestrian
23,1008.0,0.0,1052.0,22.0,148,1,0,1,Pedestrian
23,1008.0,0.0,1052.0,22.0,149,1,0,1,Pedestrian
23,1008.0,0.0,1052.0,22.0,150,1,0,1,Pedestrian
23,1008.0,0.0,1052.0,22.0,151,1,0,1,Pedestrian
23,1008.0,0.0,1052.0,22.0,152,1,0,1,Pedestrian
23,1008.0,0.0,1052.0,22.0,153,1,0,1,Pedestrian
23,1008.0,0.0,1052.0,22.0,154,1,0,1,Pedestrian
23,1008.0,0.0,1052.0,22.0,155,1,0,1,Pedestrian
23,1008.0,0.0,1052.0,22.0,156,1,0,1,Pedestrian
23,1008.0,0.0,1052.0,22.0,157,1,0,1,Pedestrian
23,1008.0,0.0,1052.0,22.0,158,1,0,1,Pedestrian
23,1008.0,0.0,1052.0,22.0,159,1,0,1,Pedestrian
23,1008.0,0.0,1052.0,22.0,160,1,0,1,Pedestrian
23,1008.0,0.0,1052.0,22.0,161,1,0,1,Pedestrian
23,1008.0,0.0,1052.0,22.0,162,1,0,1,Pedestrian
23,1008.0,0.0,1052.0,22.0,163,1,0,1,Pedestrian
23,1008.0,0.0,1052.0,22.0,164,1,0,1,Pedestrian
23,1008.0,0.0,1052.0,22.0,165,1,0,1,Pedestrian
23,1008.0,0.0,1052.0,22.0,166,1,0,1,Pedestrian
23,1008.0,0.0,1052.0,22.0,167,1,0,1,Pedestrian
23,1008.0,0.0,1052.0,22.0,168,1,0,1,Pedestrian
23,1008.0,0.0,1052.0,22.0,169,1,0,1,Pedestrian
23,1008.0,0.0,1052.0,22.0,170,1,0,1,Pedestrian
23,1008.0,0.0,1052.0,22.0,171,1,0,1,Pedestrian
23,1008.0,0.0,1052.0,22.0,172,1,0,1,Pedestrian
23,1008.0,0.0,1052.0,22.0,173,1,0,1,Pedestrian
23,1008.0,0.0,1052.0,22.0,174,1,0,1,Pedestrian
23,1008.0,0.0,1052.0,22.0,175,1,0,1,Pedestrian
23,1008.0,0.0,1052.0,22.0,176,1,0,1,Pedestrian
23,1008.0,0.0,1052.0,22.0,177,1,0,1,Pedestrian
23,1008.0,0.0,1052.0,22.0,178,1,0,1,Pedestrian
23,1008.0,0.0,1052.0,22.0,179,1,0,1,Pedestrian
23,1008.0,0.0,1052.0,22.0,180,1,0,1,Pedestrian
23,1008.0,0.0,1052.0,22.0,181,1,0,1,Pedestrian
23,1008.0,0.0,1052.0,22.0,182,1,0,1,Pedestrian
23,1008.0,0.0,1052.0,22.0,183,1,0,1,Pedestrian
23,1008.0,0.0,1052.0,22.0,184,1,0,1,Pedestrian
23,1008.0,0.0,1052.0,22.0,185,1,0,1,Pedestrian
23,1008.0,0.0,1052.0,22.0,186,1,0,1,Pedestrian
23,1008.0,0.0,1052.0,22.0,187,1,0,1,Pedestrian
23,1008.0,0.0,1052.0,22.0,188,1,0,1,Pedestrian
23,1008.0,0.0,1052.0,22.0,189,1,0,1,Pedestrian
23,1008.0,0.0,1052.0,22.0,190,1,0,1,Pedestrian
23,1008.0,0.0,1052.0,22.0,191,1,0,1,Pedestrian
23,1008.0,0.0,1052.0,22.0,192,1,0,1,Pedestrian
23,1008.0,0.0,1052.0,22.0,193,1,0,1,Pedestrian
23,1008.0,0.0,1052.0,22.0,194,1,0,1,Pedestrian
23,1008.0,0.0,1052.0,22.0,195,1,0,1,Pedestrian
23,1008.0,0.0,1052.0,22.0,196,1,0,1,Pedestrian
23,1008.0,0.0,1052.0,22.0,197,1,0,1,Pedestrian
23,1008.0,0.0,1052.0,22.0,198,1,0,1,Pedestrian
23,1008.0,0.0,1052.0,22.0,199,1,0,1,Pedestrian
23,1008.0,0.0,1052.0,22.0,200,1,0,1,Pedestrian
23,1008.0,0.0,1052.0,22.0,201,1,0,1,Pedestrian
23,1008.0,0.0,1052.0,22.0,202,1,0,1,Pedestrian
23,1008.0,0.0,1052.0,22.0,203,1,0,1,Pedestrian
23,1008.0,0.0,1052.0,22.0,204,1,0,1,Pedestrian
23,1008.0,0.0,1052.0,22.0,205,1,0,1,Pedestrian
23,1008.0,0.0,1052.0,22.0,206,1,0,1,Pedestrian
23,1008.0,0.0,1052.0,22.0,207,1,0,1,Pedestrian
23,1008.0,0.0,1052.0,22.0,208,1,0,1,Pedestrian
23,1008.0,0.0,1052.0,22.0,209,1,0,1,Pedestrian
23,1008.0,0.0,1052.0,22.0,210,1,0,1,Pedestrian
23,1008.0,0.0,1052.0,22.0,211,1,0,1,Pedestrian
23,1008.0,0.0,1052.0,22.0,212,1,0,1,Pedestrian
23,1008.0,0.0,1052.0,22.0,213,1,0,1,Pedestrian
23,1008.0,0.0,1052.0,22.0,214,1,0,1,Pedestrian
23,1008.0,0.0,1052.0,22.0,215,1,0,1,Pedestrian
23,1008.0,0.0,1052.0,22.0,216,1,0,1,Pedestrian
23,1008.0,0.0,1052.0,22.0,217,1,0,1,Pedestrian
23,1008.0,0.0,1052.0,22.0,218,1,0,1,Pedestrian
23,1008.0,0.0,1052.0,22.0,219,1,0,1,Pedestrian
23,1008.0,0.0,1052.0,22.0,220,1,0,1,Pedestrian
23,1008.0,0.0,1052.0,22.0,221,1,0,1,Pedestrian
23,1008.0,0.0,1052.0,22.0,222,1,0,1,Pedestrian
23,1008.0,0.0,1052.0,22.0,223,1,0,1,Pedestrian
23,1008.0,0.0,1052.0,22.0,224,1,0,1,Pedestrian
23,1008.0,0.0,1052.0,22.0,225,1,0,1,Pedestrian
23,1008.0,0.0,1052.0,22.0,226,1,0,1,Pedestrian
23,1008.0,0.0,1052.0,22.0,227,1,0,1,Pedestrian
23,1008.0,0.0,1052.0,22.0,228,1,0,1,Pedestrian
23,1008.0,0.0,1052.0,22.0,229,1,0,1,Pedestrian
23,1008.0,0.0,1052.0,22.0,230,1,0,1,Pedestrian
23,1008.0,0.0,1052.0,22.0,231,1,0,1,Pedestrian
23,1008.0,0.0,1052.0,22.0,232,1,0,1,Pedestrian
23,1008.0,0.0,1052.0,22.0,233,1,0,1,Pedestrian
23,1008.0,0.0,1052.0,22.0,234,1,0,1,Pedestrian
23,1008.0,0.0,1052.0,22.0,235,1,0,1,Pedestrian
23,1008.0,0.0,1052.0,22.0,236,1,0,1,Pedestrian
23,1008.0,0.0,1052.0,22.0,237,1,0,1,Pedestrian
23,1008.0,0.0,1052.0,22.0,238,1,0,1,Pedestrian
23,1008.0,0.0,1052.0,22.0,239,1,0,1,Pedestrian
23,1008.0,0.0,1052.0,22.0,240,1,0,1,Pedestrian
23,1008.0,0.0,1052.0,22.0,241,1,0,1,Pedestrian
23,1008.0,0.0,1052.0,22.0,242,1,0,1,Pedestrian
23,1008.0,0.0,1052.0,22.0,243,1,0,1,Pedestrian
23,1008.0,0.0,1052.0,22.0,244,1,0,1,Pedestrian
23,1008.0,0.0,1052.0,22.0,245,1,0,1,Pedestrian
23,1008.0,0.0,1052.0,22.0,246,1,0,1,Pedestrian
23,1008.0,0.0,1052.0,22.0,247,1,0,1,Pedestrian
23,1008.0,0.0,1052.0,22.0,248,1,0,1,Pedestrian
23,1008.0,0.0,1052.0,22.0,249,1,0,1,Pedestrian
23,1008.0,0.0,1052.0,22.0,250,1,0,1,Pedestrian
23,1008.0,0.0,1052.0,22.0,251,1,0,1,Pedestrian
23,1008.0,0.0,1052.0,22.0,252,1,0,1,Pedestrian
23,1008.0,0.0,1052.0,22.0,253,1,0,1,Pedestrian
23,1008.0,0.0,1052.0,22.0,254,1,0,1,Pedestrian
23,1008.0,0.0,1052.0,22.0,255,1,0,1,Pedestrian
23,1008.0,0.0,1052.0,22.0,256,1,0,1,Pedestrian
23,1008.0,0.0,1052.0,22.0,257,1,0,1,Pedestrian
23,1008.0,0.0,1052.0,22.0,258,1,0,1,Pedestrian
23,1008.0,0.0,1052.0,22.0,259,1,0,1,Pedestrian
23,1008.0,0.0,1052.0,22.0,260,1,0,1,Pedestrian
23,1008.0,0.0,1052.0,22.0,261,1,0,1,Pedestrian
23,1008.0,0.0,1052.0,22.0,262,1,0,1,Pedestrian
23,1008.0,0.0,1052.0,22.0,263,1,0,1,Pedestrian
23,1008.0,0.0,1052.0,22.0,264,1,0,1,Pedestrian
23,1008.0,0.0,1052.0,22.0,265,1,0,1,Pedestrian
23,1008.0,0.0,1052.0,22.0,266,1,0,1,Pedestrian
23,1008.0,0.0,1052.0,22.0,267,1,0,1,Pedestrian
23,1008.0,0.0,1052.0,22.0,268,1,0,1,Pedestrian
23,1008.0,0.0,1052.0,22.0,269,1,0,1,Pedestrian
23,1008.0,0.0,1052.0,22.0,270,1,0,1,Pedestrian
23,1008.0,0.0,1052.0,22.0,271,1,0,1,Pedestrian
23,1008.0,0.0,1052.0,22.0,272,1,0,1,Pedestrian
23,1008.0,0.0,1052.0,22.0,273,1,0,1,Pedestrian
23,1008.0,0.0,1052.0,22.0,274,1,0,1,Pedestrian
23,1008.0,0.0,1052.0,22.0,275,1,0,1,Pedestrian
23,1008.0,0.0,1052.0,22.0,276,1,0,1,Pedestrian
23,1008.0,0.0,1052.0,22.0,277,1,0,1,Pedestrian
23,1008.0,0.0,1052.0,22.0,278,1,0,1,Pedestrian
23,1008.0,0.0,1052.0,22.0,279,1,0,1,Pedestrian
23,1008.0,0.0,1052.0,22.0,280,1,0,1,Pedestrian
23,1008.0,0.0,1052.0,22.0,281,1,0,1,Pedestrian
23,1008.0,0.0,1052.0,22.0,282,1,0,1,Pedestrian
23,1008.0,0.0,1052.0,22.0,283,1,0,1,Pedestrian
23,1008.0,0.0,1052.0,22.0,284,1,0,1,Pedestrian
23,1008.0,0.0,1052.0,22.0,285,1,0,1,Pedestrian
23,1008.0,0.0,1052.0,22.0,286,1,0,1,Pedestrian
23,1008.0,0.0,1052.0,22.0,287,1,0,1,Pedestrian
23,1008.0,0.0,1052.0,22.0,288,1,0,1,Pedestrian
23,1008.0,0.0,1052.0,22.0,289,1,0,1,Pedestrian
23,1008.0,0.0,1052.0,22.0,290,1,0,1,Pedestrian
23,1008.0,0.0,1052.0,22.0,291,1,0,1,Pedestrian
23,1008.0,0.0,1052.0,22.0,292,1,0,1,Pedestrian
23,1008.0,0.0,1052.0,22.0,293,1,0,1,Pedestrian
23,1008.0,0.0,1052.0,22.0,294,1,0,1,Pedestrian
23,1008.0,0.0,1052.0,22.0,295,1,0,1,Pedestrian
23,1008.0,0.0,1052.0,22.0,296,1,0,1,Pedestrian
23,1008.0,0.0,1052.0,22.0,297,1,0,1,Pedestrian
23,1008.0,0.0,1052.0,22.0,298,1,0,1,Pedestrian
23,1008.0,0.0,1052.0,22.0,299,1,0,1,Pedestrian
23,1008.0,0.0,1052.0,22.0,300,1,0,1,Pedestrian
23,1008.0,0.0,1052.0,22.0,301,1,0,1,Pedestrian
23,1008.0,0.0,1052.0,22.0,302,1,0,1,Pedestrian
23,1008.0,0.0,1052.0,22.0,303,1,0,1,Pedestrian
23,1008.0,0.0,1052.0,22.0,304,1,0,1,Pedestrian
23,1008.0,0.0,1052.0,22.0,305,1,0,1,Pedestrian
23,1008.0,0.0,1052.0,22.0,306,1,0,1,Pedestrian
23,1008.0,0.0,1052.0,22.0,307,1,0,1,Pedestrian
23,1008.0,0.0,1052.0,22.0,308,1,0,1,Pedestrian
23,1008.0,0.0,1052.0,22.0,309,1,0,1,Pedestrian
23,1008.0,0.0,1052.0,22.0,310,1,0,1,Pedestrian
23,1008.0,0.0,1052.0,22.0,311,1,0,1,Pedestrian
23,1008.0,0.0,1052.0,22.0,312,1,0,1,Pedestrian
23,1008.0,0.0,1052.0,22.0,313,1,0,1,Pedestrian
23,1008.0,0.0,1052.0,22.0,314,1,0,1,Pedestrian
23,1008.0,0.0,1052.0,22.0,315,1,0,1,Pedestrian
23,1008.0,0.0,1052.0,22.0,316,1,0,1,Pedestrian
23,1008.0,0.0,1052.0,22.0,317,1,0,1,Pedestrian
23,1008.0,0.0,1052.0,22.0,318,1,0,1,Pedestrian
23,1008.0,0.0,1052.0,22.0,319,1,0,1,Pedestrian
23,1008.0,0.0,1052.0,22.0,320,1,0,1,Pedestrian
23,1008.0,0.0,1052.0,22.0,321,1,0,1,Pedestrian
23,1008.0,0.0,1052.0,22.0,322,1,0,1,Pedestrian
23,1008.0,0.0,1052.0,22.0,323,1,0,1,Pedestrian
23,1008.0,0.0,1052.0,22.0,324,1,0,1,Pedestrian
23,1008.0,0.0,1052.0,22.0,325,1,0,1,Pedestrian
23,1008.0,0.0,1052.0,22.0,326,1,0,1,Pedestrian
23,1008.0,0.0,1052.0,22.0,327,1,0,1,Pedestrian
23,1008.0,0.0,1052.0,22.0,328,1,0,1,Pedestrian
23,1008.0,0.0,1052.0,22.0,329,1,0,1,Pedestrian
23,1008.0,0.0,1052.0,22.0,330,1,0,1,Pedestrian
23,1008.0,0.0,1052.0,22.0,331,1,0,1,Pedestrian
23,1008.0,0.0,1052.0,22.0,332,1,0,1,Pedestrian
23,1008.0,0.0,1052.0,22.0,333,1,0,1,Pedestrian
23,1008.0,0.0,1052.0,22.0,334,1,0,1,Pedestrian
23,1008.0,0.0,1052.0,22.0,335,1,0,1,Pedestrian
23,1008.0,0.0,1052.0,22.0,336,1,0,1,Pedestrian
23,1008.0,0.0,1052.0,22.0,337,1,0,1,Pedestrian
23,1008.0,0.0,1052.0,22.0,338,1,0,1,Pedestrian
23,1008.0,0.0,1052.0,22.0,339,1,0,1,Pedestrian
23,1008.0,0.0,1052.0,22.0,340,1,0,1,Pedestrian
23,1008.0,0.0,1052.0,22.0,341,1,0,1,Pedestrian
23,1008.0,0.0,1052.0,22.0,342,1,0,1,Pedestrian
23,1008.0,0.0,1052.0,22.0,343,1,0,1,Pedestrian
23,1008.0,0.0,1052.0,22.0,344,1,0,1,Pedestrian
23,1008.0,0.0,1052.0,22.0,345,1,0,1,Pedestrian
23,1008.0,0.0,1052.0,22.0,346,1,0,1,Pedestrian
23,1008.0,0.0,1052.0,22.0,347,1,0,1,Pedestrian
23,1008.0,0.0,1052.0,22.0,348,1,0,1,Pedestrian
23,1008.0,0.0,1052.0,22.0,349,1,0,1,Pedestrian
23,1008.0,0.0,1052.0,22.0,350,1,0,1,Pedestrian
23,1008.0,0.0,1052.0,22.0,351,1,0,1,Pedestrian
23,1008.0,0.0,1052.0,22.0,352,1,0,1,Pedestrian
23,1008.0,0.0,1052.0,22.0,353,1,0,1,Pedestrian
23,1008.0,0.0,1052.0,22.0,354,1,0,1,Pedestrian
23,1008.0,0.0,1052.0,22.0,355,1,0,1,Pedestrian
23,1008.0,0.0,1052.0,22.0,356,1,0,1,Pedestrian
23,1008.0,0.0,1052.0,22.0,357,1,0,1,Pedestrian
23,1008.0,0.0,1052.0,22.0,358,1,0,1,Pedestrian
23,1008.0,0.0,1052.0,22.0,359,1,0,1,Pedestrian
23,1008.0,0.0,1052.0,22.0,360,1,0,1,Pedestrian
23,1008.0,0.0,1052.0,22.0,361,1,0,1,Pedestrian
23,1008.0,0.0,1052.0,22.0,362,1,0,1,Pedestrian
23,1008.0,0.0,1052.0,22.0,363,1,0,1,Pedestrian
23,1008.0,0.0,1052.0,22.0,364,1,0,1,Pedestrian
23,1008.0,0.0,1052.0,22.0,365,1,0,1,Pedestrian
23,1008.0,0.0,1052.0,22.0,366,1,0,1,Pedestrian
23,1008.0,0.0,1052.0,22.0,367,1,0,1,Pedestrian
23,1008.0,0.0,1052.0,22.0,368,1,0,1,Pedestrian
23,1008.0,0.0,1052.0,22.0,369,1,0,1,Pedestrian
23,1008.0,0.0,1052.0,22.0,370,1,0,1,Pedestrian
23,1008.0,0.0,1052.0,22.0,371,1,0,1,Pedestrian
23,1008.0,0.0,1052.0,22.0,372,1,0,1,Pedestrian
23,1008.0,0.0,1052.0,22.0,373,1,0,1,Pedestrian
23,1008.0,0.0,1052.0,22.0,374,1,0,1,Pedestrian
23,1008.0,0.0,1052.0,22.0,375,1,0,1,Pedestrian
23,1008.0,0.0,1052.0,22.0,376,1,0,1,Pedestrian
23,1008.0,0.0,1052.0,22.0,377,1,0,1,Pedestrian
23,1008.0,0.0,1052.0,22.0,378,1,0,1,Pedestrian
23,1008.0,0.0,1052.0,22.0,379,1,0,1,Pedestrian
23,1008.0,0.0,1052.0,22.0,380,1,0,1,Pedestrian
23,1008.0,0.0,1052.0,22.0,381,1,0,1,Pedestrian
23,1008.0,0.0,1052.0,22.0,382,1,0,1,Pedestrian
23,1008.0,0.0,1052.0,22.0,383,1,0,1,Pedestrian
23,1008.0,0.0,1052.0,22.0,384,1,0,1,Pedestrian
23,1008.0,0.0,1052.0,22.0,385,1,0,1,Pedestrian
23,1008.0,0.0,1052.0,22.0,386,1,0,1,Pedestrian
23,1008.0,0.0,1052.0,22.0,387,1,0,1,Pedestrian
23,1008.0,0.0,1052.0,22.0,388,1,0,1,Pedestrian
23,1008.0,0.0,1052.0,22.0,389,1,0,1,Pedestrian
23,1008.0,0.0,1052.0,22.0,390,1,0,1,Pedestrian
23,1008.0,0.0,1052.0,22.0,391,1,0,1,Pedestrian
23,1008.0,0.0,1052.0,22.0,392,1,0,1,Pedestrian
23,1008.0,0.0,1052.0,22.0,393,1,0,1,Pedestrian
23,1008.0,0.0,1052.0,22.0,394,1,0,1,Pedestrian
23,1008.0,0.0,1052.0,22.0,395,1,0,1,Pedestrian
23,1008.0,0.0,1052.0,22.0,396,1,0,1,Pedestrian
23,1008.0,0.0,1052.0,22.0,397,1,0,1,Pedestrian
23,1008.0,0.0,1052.0,22.0,398,1,0,1,Pedestrian
23,1008.0,0.0,1052.0,22.0,399,1,0,1,Pedestrian
23,1008.0,0.0,1052.0,22.0,400,1,0,1,Pedestrian
23,1008.0,0.0,1052.0,22.0,401,1,0,1,Pedestrian
23,1008.0,0.0,1052.0,22.0,402,1,0,1,Pedestrian
23,1008.0,0.0,1052.0,22.0,403,1,0,1,Pedestrian
23,1008.0,0.0,1052.0,22.0,404,1,0,1,Pedestrian
23,1008.0,0.0,1052.0,22.0,405,1,0,1,Pedestrian
23,1008.0,0.0,1052.0,22.0,406,1,0,1,Pedestrian
23,1008.0,0.0,1052.0,22.0,407,1,0,1,Pedestrian
23,1008.0,0.0,1052.0,22.0,408,1,0,1,Pedestrian
23,1008.0,0.0,1052.0,22.0,409,1,0,1,Pedestrian
23,1008.0,0.0,1052.0,22.0,410,1,0,1,Pedestrian
23,1008.0,0.0,1052.0,22.0,411,1,0,1,Pedestrian
23,1008.0,0.0,1052.0,22.0,412,1,0,1,Pedestrian
23,1008.0,0.0,1052.0,22.0,413,1,0,1,Pedestrian
23,1008.0,0.0,1052.0,22.0,414,1,0,1,Pedestrian
23,1008.0,0.0,1052.0,22.0,415,1,0,1,Pedestrian
23,1008.0,0.0,1052.0,22.0,416,1,0,1,Pedestrian
23,1008.0,0.0,1052.0,22.0,417,1,0,1,Pedestrian
23,1008.0,0.0,1052.0,22.0,418,1,0,1,Pedestrian
23,1008.0,0.0,1052.0,22.0,419,1,0,1,Pedestrian
23,1008.0,0.0,1052.0,22.0,420,1,0,1,Pedestrian
23,1008.0,0.0,1052.0,22.0,421,1,0,1,Pedestrian
23,1008.0,0.0,1052.0,22.0,422,1,0,1,Pedestrian
23,1008.0,0.0,1052.0,22.0,423,1,0,1,Pedestrian
23,1008.0,0.0,1052.0,22.0,424,1,0,1,Pedestrian
23,1008.0,0.0,1052.0,22.0,425,1,0,1,Pedestrian
23,1008.0,0.0,1052.0,22.0,426,1,0,1,Pedestrian
23,1008.0,0.0,1052.0,22.0,427,1,0,1,Pedestrian
23,1008.0,0.0,1052.0,22.0,428,1,0,1,Pedestrian
23,1008.0,0.0,1052.0,22.0,429,1,0,1,Pedestrian
23,1008.0,0.0,1052.0,22.0,430,1,0,1,Pedestrian
23,1008.0,0.0,1052.0,22.0,431,1,0,1,Pedestrian
23,1008.0,0.0,1052.0,22.0,432,1,0,1,Pedestrian
23,1008.0,0.0,1052.0,22.0,433,1,0,1,Pedestrian
23,1008.0,0.0,1052.0,22.0,434,1,0,1,Pedestrian
23,1008.0,0.0,1052.0,22.0,435,1,0,1,Pedestrian
23,1008.0,0.0,1052.0,22.0,436,1,0,1,Pedestrian
23,1008.0,0.0,1052.0,22.0,437,1,0,1,Pedestrian
23,1008.0,0.0,1052.0,22.0,438,1,0,1,Pedestrian
23,1008.0,0.0,1052.0,22.0,439,1,0,1,Pedestrian
23,1008.0,0.0,1052.0,22.0,440,1,0,1,Pedestrian
23,1008.0,0.0,1052.0,22.0,441,1,0,1,Pedestrian
23,1008.0,0.0,1052.0,22.0,442,1,0,1,Pedestrian
23,1008.0,0.0,1052.0,22.0,443,1,0,1,Pedestrian
23,1008.0,0.0,1052.0,22.0,444,1,0,1,Pedestrian
23,1008.0,0.0,1052.0,22.0,445,1,0,1,Pedestrian
23,1008.0,0.0,1052.0,22.0,446,1,0,1,Pedestrian
23,1008.0,0.0,1052.0,22.0,447,1,0,1,Pedestrian
23,1008.0,0.0,1052.0,22.0,448,1,0,1,Pedestrian
23,1008.0,0.0,1052.0,22.0,449,1,0,1,Pedestrian
23,1008.0,0.0,1052.0,22.0,450,1,0,1,Pedestrian
23,1008.0,0.0,1052.0,22.0,451,1,0,1,Pedestrian
23,1008.0,0.0,1052.0,22.0,452,1,0,1,Pedestrian
23,1008.0,0.0,1052.0,22.0,453,1,0,1,Pedestrian
23,1008.0,0.0,1052.0,22.0,454,1,0,1,Pedestrian
23,1008.0,0.0,1052.0,22.0,455,1,0,1,Pedestrian
23,1008.0,0.0,1052.0,22.0,456,1,0,1,Pedestrian
23,1008.0,0.0,1052.0,22.0,457,1,0,1,Pedestrian
23,1008.0,0.0,1052.0,22.0,458,1,0,1,Pedestrian
23,1008.0,0.0,1052.0,22.0,459,1,0,1,Pedestrian
23,1008.0,0.0,1052.0,22.0,460,1,0,1,Pedestrian
23,1008.0,0.0,1052.0,22.0,461,1,0,1,Pedestrian
23,1008.0,0.0,1052.0,22.0,462,1,0,1,Pedestrian
23,1008.0,0.0,1052.0,22.0,463,1,0,1,Pedestrian
23,1008.0,0.0,1052.0,22.0,464,1,0,1,Pedestrian
23,1008.0,0.0,1052.0,22.0,465,1,0,1,Pedestrian
23,1008.0,0.0,1052.0,22.0,466,1,0,1,Pedestrian
23,1008.0,0.0,1052.0,22.0,467,1,0,1,Pedestrian
23,1008.0,0.0,1052.0,22.0,468,1,0,1,Pedestrian
23,1008.0,0.0,1052.0,22.0,469,1,0,1,Pedestrian
23,1008.0,0.0,1052.0,22.0,470,1,0,1,Pedestrian
23,1008.0,0.0,1052.0,22.0,471,1,0,1,Pedestrian
23,1008.0,0.0,1052.0,22.0,472,1,0,1,Pedestrian
23,1008.0,0.0,1052.0,22.0,473,1,0,1,Pedestrian
23,1008.0,0.0,1052.0,22.0,474,1,0,1,Pedestrian
23,1008.0,0.0,1052.0,22.0,475,1,0,1,Pedestrian
23,1008.0,0.0,1052.0,22.0,476,1,0,1,Pedestrian
23,1008.0,0.0,1052.0,22.0,477,1,0,1,Pedestrian
23,1008.0,0.0,1052.0,22.0,478,1,0,1,Pedestrian
23,1008.0,0.0,1052.0,22.0,479,1,0,1,Pedestrian
23,1008.0,0.0,1052.0,22.0,480,1,0,1,Pedestrian
23,1008.0,0.0,1052.0,22.0,481,1,0,1,Pedestrian
23,1008.0,0.0,1052.0,22.0,482,1,0,1,Pedestrian
23,1008.0,0.0,1052.0,22.0,483,1,0,1,Pedestrian
23,1008.0,0.0,1052.0,22.0,484,1,0,1,Pedestrian
23,1008.0,0.0,1052.0,22.0,485,1,0,1,Pedestrian
23,1008.0,0.0,1052.0,22.0,486,1,0,1,Pedestrian
23,1008.0,0.0,1052.0,22.0,487,1,0,1,Pedestrian
23,1008.0,0.0,1052.0,22.0,488,1,0,1,Pedestrian
23,1008.0,0.0,1052.0,22.0,489,1,0,1,Pedestrian
23,1008.0,0.0,1052.0,22.0,490,1,0,1,Pedestrian
23,1008.0,0.0,1052.0,22.0,491,1,0,1,Pedestrian
23,1008.0,0.0,1052.0,22.0,492,1,0,1,Pedestrian
23,1008.0,0.0,1052.0,22.0,493,1,0,1,Pedestrian
23,1008.0,0.0,1052.0,22.0,494,1,0,1,Pedestrian
23,1008.0,0.0,1052.0,22.0,495,1,0,1,Pedestrian
23,1008.0,0.0,1052.0,22.0,496,1,0,1,Pedestrian
23,1008.0,0.0,1052.0,22.0,497,1,0,1,Pedestrian
23,1008.0,0.0,1052.0,22.0,498,1,0,1,Pedestrian
23,1008.0,0.0,1052.0,22.0,499,1,0,1,Pedestrian
23,1008.0,0.0,1052.0,22.0,500,1,0,1,Pedestrian
23,1008.0,0.0,1052.0,22.0,501,1,0,1,Pedestrian
23,1008.0,0.0,1052.0,22.0,502,1,0,1,Pedestrian
23,1008.0,0.0,1052.0,22.0,503,1,0,1,Pedestrian
23,1008.0,0.0,1052.0,22.0,504,1,0,1,Pedestrian
23,1008.0,0.0,1052.0,22.0,505,1,0,1,Pedestrian
23,1008.0,0.0,1052.0,22.0,506,1,0,1,Pedestrian
23,1008.0,0.0,1052.0,22.0,507,1,0,1,Pedestrian
23,1008.0,0.0,1052.0,22.0,508,0,0,0,Pedestrian
