track_id,xmin,ymin,xmax,ymax,frame,lost,occluded,generated,label
0,789.0,399.0,815.0,436.0,0,0,0,0,Cart
0,787.0,391.0,815.0,432.0,1,0,0,1,Cart
0,787.0,387.0,817.0,428.0,2,0,0,1,Cart
0,787.0,383.0,817.0,428.0,3,0,0,1,Cart
0,787.0,375.0,819.0,424.0,4,0,0,1,Cart
0,785.0,371.0,819.0,424.0,5,0,0,1,Cart
0,785.0,367.0,821.0,420.0,6,0,0,1,Cart
0,785.0,359.0,821.0,420.0,7,0,0,1,Cart
0,785.0,355.0,823.0,416.0,8,0,0,1,Cart
0,785.0,350.0,825.0,416.0,9,0,0,0,Cart
0,785.0,346.0,825.0,412.0,10,0,0,1,Cart
0,785.0,342.0,825.0,408.0,11,0,0,1,Cart
0,785.0,338.0,825.0,404.0,12,0,0,1,Cart
0,785.0,334.0,825.0,399.0,13,0,0,1,Cart
0,785.0,330.0,825.0,395.0,14,0,0,1,Cart
0,785.0,326.0,825.0,391.0,15,0,0,1,Cart
0,785.0,322.0,825.0,387.0,16,0,0,1,Cart
0,785.0,318.0,825.0,383.0,17,0,0,1,Cart
0,785.0,314.0,825.0,379.0,18,0,0,1,Cart
0,785.0,310.0,825.0,375.0,19,0,0,1,Cart
0,787.0,306.0,827.0,371.0,20,0,0,0,Cart
0,787.0,302.0,827.0,367.0,21,0,0,1,Cart
0,787.0,302.0,827.0,367.0,22,0,0,1,Cart
0,787.0,302.0,827.0,367.0,23,0,0,1,Cart
0,787.0,297.0,827.0,363.0,24,0,0,1,Cart
0,789.0,297.0,829.0,363.0,25,0,0,1,Cart
0,789.0,297.0,829.0,363.0,26,0,0,1,Cart
0,789.0,293.0,829.0,359.0,27,0,0,1,Cart
0,789.0,293.0,829.0,359.0,28,0,0,1,Cart
0,791.0,293.0,831.0,359.0,29,0,0,0,Cart
0,795.0,277.0,835.0,363.0,30,0,0,1,Cart
0,799.0,265.0,839.0,367.0,31,0,0,1,Cart
0,805.0,253.0,843.0,375.0,32,0,0,0,Cart
0,803.0,248.0,841.0,371.0,33,0,0,1,Cart
0,803.0,244.0,841.0,367.0,34,0,0,1,Cart
0,803.0,244.0,841.0,367.0,35,0,0,1,Cart
0,803.0,240.0,841.0,363.0,36,0,0,1,Cart
0,803.0,240.0,841.0,363.0,37,0,0,1,Cart
0,801.0,236.0,839.0,359.0,38,0,0,1,Cart
0,801.0,236.0,839.0,359.0,39,0,0,1,Cart
0,801.0,232.0,839.0,355.0,40,0,0,1,Cart
0,801.0,232.0,839.0,355.0,41,0,0,1,Cart
0,801.0,228.0,839.0,350.0,42,0,0,1,Cart
0,799.0,228.0,837.0,350.0,43,0,0,1,Cart
0,799.0,224.0,837.0,346.0,44,0,0,1,Cart
0,799.0,224.0,837.0,346.0,45,0,0,1,Cart
0,799.0,220.0,837.0,342.0,46,0,0,1,Cart
0,799.0,220.0,837.0,342.0,47,0,0,0,Cart
0,797.0,216.0,835.0,338.0,48,0,0,1,Cart
0,797.0,212.0,835.0,334.0,49,0,0,1,Cart
0,797.0,208.0,835.0,330.0,50,0,0,1,Cart
0,797.0,204.0,835.0,326.0,51,0,0,1,Cart
0,797.0,199.0,835.0,322.0,52,0,0,1,Cart
0,797.0,195.0,835.0,318.0,53,0,0,1,Cart
0,797.0,195.0,835.0,318.0,54,0,0,1,Cart
0,797.0,191.0,835.0,314.0,55,0,0,1,Cart
0,797.0,187.0,835.0,310.0,56,0,0,1,Cart
0,797.0,183.0,835.0,306.0,57,0,0,1,Cart
0,797.0,179.0,835.0,302.0,58,0,0,1,Cart
0,797.0,175.0,835.0,297.0,59,0,0,1,Cart
0,797.0,171.0,835.0,293.0,60,0,0,1,Cart
0,797.0,171.0,835.0,293.0,61,0,0,0,Cart
0,797.0,167.0,835.0,289.0,62,0,0,1,Cart
0,797.0,163.0,835.0,285.0,63,0,0,1,Cart
0,797.0,159.0,835.0,281.0,64,0,0,1,Cart
0,797.0,159.0,835.0,281.0,65,0,0,1,Cart
0,797.0,155.0,835.0,277.0,66,0,0,1,Cart
0,797.0,151.0,835.0,273.0,67,0,0,1,Cart
0,797.0,151.0,835.0,273.0,68,0,0,1,Cart
0,797.0,146.0,835.0,269.0,69,0,0,1,Cart
0,797.0,142.0,835.0,265.0,70,0,0,1,Cart
0,797.0,138.0,835.0,261.0,71,0,0,1,Cart
0,797.0,138.0,835.0,261.0,72,0,0,1,Cart
0,797.0,134.0,835.0,257.0,73,0,0,1,Cart
0,797.0,130.0,835.0,253.0,74,0,0,1,Cart
0,799.0,130.0,837.0,253.0,75,0,0,0,Cart
0,797.0,122.0,837.0,244.0,76,0,0,1,Cart
0,797.0,118.0,837.0,240.0,77,0,0,1,Cart
0,797.0,114.0,837.0,236.0,78,0,0,1,Cart
0,797.0,110.0,837.0,232.0,79,0,0,1,Cart
0,797.0,106.0,837.0,228.0,80,0,0,1,Cart
0,797.0,97.0,837.0,220.0,81,0,0,1,Cart
0,797.0,93.0,837.0,216.0,82,0,0,1,Cart
0,797.0,89.0,837.0,212.0,83,0,0,1,Cart
0,797.0,85.0,837.0,208.0,84,0,0,1,Cart
0,797.0,81.0,839.0,204.0,85,0,0,0,Cart
0,797.0,77.0,839.0,199.0,86,0,0,1,Cart
0,797.0,73.0,839.0,195.0,87,0,0,1,Cart
0,797.0,69.0,839.0,191.0,88,0,0,1,Cart
0,797.0,65.0,839.0,187.0,89,0,0,1,Cart
0,797.0,65.0,839.0,187.0,90,0,0,1,Cart
0,797.0,61.0,839.0,183.0,91,0,0,1,Cart
0,797.0,57.0,839.0,179.0,92,0,0,1,Cart
0,797.0,53.0,839.0,175.0,93,0,0,1,Cart
0,797.0,48.0,839.0,171.0,94,0,0,1,Cart
0,797.0,48.0,839.0,171.0,95,0,0,1,Cart
0,797.0,44.0,839.0,167.0,96,0,0,1,Cart
0,797.0,40.0,839.0,163.0,97,0,0,1,Cart
0,797.0,36.0,839.0,159.0,98,0,0,1,Cart
0,797.0,32.0,839.0,155.0,99,0,0,1,Cart
0,797.0,32.0,839.0,155.0,100,0,0,1,Cart
0,797.0,28.0,839.0,151.0,101,0,0,1,Cart
0,797.0,24.0,839.0,146.0,102,0,0,1,Cart
0,797.0,20.0,839.0,142.0,103,0,0,1,Cart
0,797.0,16.0,839.0,138.0,104,0,0,1,Cart
0,797.0,16.0,839.0,138.0,105,0,0,0,Cart
0,795.0,12.0,837.0,134.0,106,0,0,1,Cart
0,795.0,12.0,837.0,130.0,107,0,0,1,Cart
0,795.0,8.0,837.0,126.0,108,0,0,1,Cart
0,795.0,8.0,837.0,122.0,109,0,0,1,Cart
0,795.0,8.0,837.0,122.0,110,0,0,1,Cart
0,795.0,4.0,837.0,118.0,111,0,0,1,Cart
0,795.0,4.0,837.0,114.0,112,0,0,1,Cart
0,795.0,0.0,837.0,110.0,113,0,0,1,Cart
0,795.0,0.0,837.0,106.0,114,0,0,1,Cart
0,795.0,0.0,837.0,106.0,115,1,0,0,Cart
0,795.0,0.0,837.0,102.0,116,1,0,1,Cart
0,795.0,0.0,837.0,102.0,117,1,0,1,Cart
0,795.0,0.0,837.0,97.0,118,1,0,1,Cart
0,795.0,0.0,837.0,97.0,119,1,0,1,Cart
0,797.0,0.0,839.0,93.0,120,1,0,1,Cart
0,797.0,0.0,839.0,93.0,121,1,0,1,Cart
0,797.0,0.0,839.0,89.0,122,1,0,1,Cart
0,797.0,0.0,839.0,89.0,123,1,0,1,Cart
0,797.0,0.0,839.0,85.0,124,1,0,1,Cart
0,799.0,0.0,841.0,85.0,125,1,0,0,Cart
0,797.0,0.0,839.0,85.0,126,1,0,1,Cart
0,797.0,0.0,839.0,85.0,127,1,0,1,Cart
0,797.0,0.0,839.0,85.0,128,1,0,1,Cart
0,797.0,4.0,839.0,89.0,129,1,0,1,Cart
0,797.0,4.0,839.0,89.0,130,1,0,1,Cart
0,797.0,4.0,839.0,89.0,131,1,0,1,Cart
0,797.0,4.0,839.0,89.0,132,1,0,1,Cart
0,797.0,8.0,839.0,93.0,133,1,0,1,Cart
0,797.0,8.0,839.0,93.0,134,1,0,1,Cart
0,797.0,8.0,839.0,93.0,135,1,0,1,Cart
0,797.0,12.0,839.0,93.0,136,1,0,1,Cart
0,797.0,12.0,839.0,97.0,137,1,0,1,Cart
0,797.0,12.0,839.0,97.0,138,1,0,1,Cart
0,797.0,12.0,839.0,97.0,139,1,0,1,Cart
0,797.0,16.0,839.0,97.0,140,1,0,1,Cart
0,797.0,16.0,839.0,102.0,141,1,0,1,Cart
0,797.0,16.0,839.0,102.0,142,1,0,1,Cart
0,797.0,20.0,839.0,102.0,143,1,0,1,Cart
0,797.0,20.0,839.0,106.0,144,1,0,1,Cart
0,797.0,20.0,839.0,106.0,145,1,0,1,Cart
0,797.0,20.0,839.0,106.0,146,1,0,1,Cart
0,797.0,24.0,839.0,106.0,147,1,0,1,Cart
0,797.0,24.0,839.0,110.0,148,1,0,1,Cart
0,797.0,24.0,839.0,110.0,149,1,0,1,Cart
0,797.0,28.0,839.0,110.0,150,1,0,1,Cart
0,797.0,28.0,839.0,110.0,151,1,0,1,Cart
0,797.0,28.0,839.0,114.0,152,1,0,1,Cart
0,797.0,28.0,839.0,114.0,153,1,0,1,Cart
0,797.0,32.0,839.0,114.0,154,1,0,1,Cart
0,797.0,32.0,839.0,114.0,155,1,0,1,Cart
0,797.0,32.0,839.0,118.0,156,1,0,1,Cart
0,797.0,36.0,839.0,118.0,157,1,0,1,Cart
0,797.0,36.0,839.0,118.0,158,1,0,1,Cart
0,797.0,36.0,839.0,122.0,159,1,0,1,Cart
0,797.0,36.0,839.0,122.0,160,1,0,1,Cart
0,797.0,40.0,839.0,122.0,161,1,0,1,Cart
0,797.0,40.0,839.0,122.0,162,1,0,1,Cart
0,797.0,40.0,839.0,126.0,163,1,0,1,Cart
0,797.0,40.0,837.0,126.0,164,1,0,1,Cart
0,797.0,44.0,837.0,126.0,165,1,0,1,Cart
0,797.0,44.0,837.0,126.0,166,1,0,1,Cart
0,797.0,44.0,837.0,130.0,167,1,0,1,Cart
0,797.0,48.0,837.0,130.0,168,1,0,1,Cart
0,795.0,48.0,837.0,130.0,169,1,0,1,Cart
0,795.0,48.0,837.0,130.0,170,1,0,1,Cart
0,795.0,48.0,837.0,134.0,171,1,0,1,Cart
0,795.0,53.0,837.0,134.0,172,1,0,1,Cart
0,795.0,53.0,837.0,134.0,173,1,0,1,Cart
0,795.0,53.0,837.0,138.0,174,1,0,1,Cart
0,795.0,57.0,837.0,138.0,175,1,0,1,Cart
0,795.0,57.0,837.0,138.0,176,1,0,1,Cart
0,795.0,57.0,837.0,138.0,177,1,0,1,Cart
0,795.0,57.0,837.0,142.0,178,1,0,1,Cart
0,795.0,61.0,837.0,142.0,179,1,0,1,Cart
0,795.0,61.0,837.0,142.0,180,1,0,1,Cart
0,795.0,61.0,837.0,142.0,181,1,0,1,Cart
0,795.0,65.0,837.0,146.0,182,1,0,1,Cart
0,795.0,65.0,837.0,146.0,183,1,0,1,Cart
0,795.0,65.0,837.0,146.0,184,1,0,1,Cart
0,795.0,65.0,837.0,146.0,185,1,0,1,Cart
0,795.0,69.0,837.0,151.0,186,1,0,1,Cart
0,795.0,69.0,837.0,151.0,187,1,0,1,Cart
0,795.0,69.0,837.0,151.0,188,1,0,1,Cart
0,795.0,73.0,837.0,151.0,189,1,0,1,Cart
0,795.0,73.0,837.0,155.0,190,1,0,1,Cart
0,795.0,73.0,837.0,155.0,191,1,0,1,Cart
0,795.0,73.0,837.0,155.0,192,1,0,1,Cart
0,795.0,77.0,837.0,159.0,193,1,0,1,Cart
0,795.0,77.0,837.0,159.0,194,1,0,1,Cart
0,795.0,77.0,837.0,159.0,195,1,0,1,Cart
0,795.0,81.0,837.0,159.0,196,1,0,1,Cart
0,795.0,81.0,837.0,163.0,197,1,0,1,Cart
0,795.0,81.0,837.0,163.0,198,1,0,1,Cart
0,795.0,81.0,837.0,163.0,199,1,0,1,Cart
0,795.0,85.0,837.0,163.0,200,1,0,1,Cart
0,795.0,85.0,837.0,167.0,201,1,0,1,Cart
0,795.0,85.0,835.0,167.0,202,1,0,1,Cart
0,795.0,85.0,835.0,167.0,203,1,0,1,Cart
0,795.0,89.0,835.0,167.0,204,1,0,1,Cart
0,795.0,89.0,835.0,171.0,205,1,0,1,Cart
0,795.0,89.0,835.0,171.0,206,1,0,1,Cart
0,795.0,93.0,835.0,171.0,207,1,0,1,Cart
0,795.0,93.0,835.0,175.0,208,1,0,1,Cart
0,795.0,93.0,835.0,175.0,209,1,0,1,Cart
0,795.0,93.0,835.0,175.0,210,1,0,1,Cart
0,795.0,97.0,835.0,175.0,211,1,0,1,Cart
0,795.0,97.0,835.0,179.0,212,1,0,1,Cart
0,793.0,97.0,835.0,179.0,213,1,0,1,Cart
0,793.0,102.0,835.0,179.0,214,1,0,1,Cart
0,793.0,102.0,835.0,179.0,215,1,0,1,Cart
0,793.0,102.0,835.0,183.0,216,1,0,1,Cart
0,793.0,102.0,835.0,183.0,217,1,0,1,Cart
0,793.0,106.0,835.0,183.0,218,1,0,1,Cart
0,793.0,106.0,835.0,183.0,219,1,0,1,Cart
0,793.0,106.0,835.0,187.0,220,1,0,1,Cart
0,793.0,110.0,835.0,187.0,221,1,0,1,Cart
0,793.0,110.0,835.0,187.0,222,1,0,1,Cart
0,793.0,110.0,835.0,191.0,223,1,0,1,Cart
0,793.0,110.0,835.0,191.0,224,1,0,1,Cart
0,793.0,114.0,835.0,191.0,225,1,0,1,Cart
0,793.0,114.0,835.0,191.0,226,1,0,1,Cart
0,793.0,114.0,835.0,195.0,227,1,0,1,Cart
0,793.0,118.0,835.0,195.0,228,1,0,1,Cart
0,793.0,118.0,835.0,195.0,229,1,0,1,Cart
0,793.0,118.0,835.0,195.0,230,1,0,1,Cart
0,793.0,118.0,835.0,199.0,231,1,0,1,Cart
0,793.0,122.0,835.0,199.0,232,1,0,1,Cart
0,793.0,122.0,835.0,199.0,233,1,0,1,Cart
0,793.0,122.0,835.0,199.0,234,1,0,1,Cart
0,793.0,126.0,835.0,204.0,235,1,0,1,Cart
0,793.0,126.0,835.0,204.0,236,1,0,1,Cart
0,793.0,126.0,835.0,204.0,237,1,0,1,Cart
0,793.0,126.0,835.0,208.0,238,1,0,1,Cart
0,793.0,130.0,835.0,208.0,239,1,0,1,Cart
0,793.0,130.0,833.0,208.0,240,1,0,1,Cart
0,793.0,130.0,833.0,208.0,241,1,0,1,Cart
0,793.0,130.0,833.0,212.0,242,1,0,1,Cart
0,793.0,134.0,833.0,212.0,243,1,0,1,Cart
0,793.0,134.0,833.0,212.0,244,1,0,1,Cart
0,793.0,134.0,833.0,212.0,245,1,0,1,Cart
0,793.0,138.0,833.0,216.0,246,1,0,1,Cart
0,793.0,138.0,833.0,216.0,247,1,0,1,Cart
0,793.0,138.0,833.0,216.0,248,1,0,1,Cart
0,793.0,138.0,833.0,216.0,249,1,0,1,Cart
0,793.0,142.0,833.0,220.0,250,1,0,1,Cart
0,793.0,142.0,833.0,220.0,251,1,0,1,Cart
0,793.0,142.0,833.0,220.0,252,1,0,1,Cart
0,793.0,146.0,833.0,220.0,253,1,0,1,Cart
0,793.0,146.0,833.0,224.0,254,1,0,1,Cart
0,793.0,146.0,833.0,224.0,255,1,0,1,Cart
0,791.0,146.0,833.0,224.0,256,1,0,1,Cart
0,791.0,151.0,833.0,228.0,257,1,0,1,Cart
0,791.0,151.0,833.0,228.0,258,1,0,1,Cart
0,791.0,151.0,833.0,228.0,259,1,0,1,Cart
0,791.0,155.0,833.0,228.0,260,1,0,1,Cart
0,791.0,155.0,833.0,232.0,261,1,0,1,Cart
0,791.0,155.0,833.0,232.0,262,1,0,1,Cart
0,791.0,155.0,833.0,232.0,263,1,0,1,Cart
0,791.0,159.0,833.0,232.0,264,1,0,1,Cart
0,791.0,159.0,833.0,236.0,265,1,0,1,Cart
0,791.0,159.0,833.0,236.0,266,1,0,1,Cart
0,791.0,163.0,833.0,236.0,267,1,0,1,Cart
0,791.0,163.0,833.0,236.0,268,1,0,1,Cart
0,791.0,163.0,833.0,240.0,269,1,0,1,Cart
0,791.0,163.0,833.0,240.0,270,1,0,1,Cart
0,791.0,167.0,833.0,240.0,271,1,0,1,Cart
0,791.0,167.0,833.0,244.0,272,1,0,1,Cart
0,791.0,167.0,833.0,244.0,273,1,0,1,Cart
0,791.0,171.0,833.0,244.0,274,1,0,1,Cart
0,791.0,171.0,833.0,244.0,275,1,0,1,Cart
0,791.0,171.0,833.0,248.0,276,1,0,1,Cart
0,791.0,171.0,833.0,248.0,277,1,0,1,Cart
0,791.0,175.0,831.0,248.0,278,1,0,1,Cart
0,791.0,175.0,831.0,248.0,279,1,0,1,Cart
0,791.0,175.0,831.0,253.0,280,1,0,1,Cart
0,791.0,175.0,831.0,253.0,281,1,0,1,Cart
0,791.0,179.0,831.0,253.0,282,1,0,1,Cart
0,791.0,179.0,831.0,253.0,283,1,0,1,Cart
0,791.0,179.0,831.0,257.0,284,1,0,1,Cart
0,791.0,183.0,831.0,257.0,285,1,0,1,Cart
0,791.0,183.0,831.0,257.0,286,1,0,1,Cart
0,791.0,183.0,831.0,261.0,287,1,0,1,Cart
0,791.0,183.0,831.0,261.0,288,1,0,1,Cart
0,791.0,187.0,831.0,261.0,289,1,0,1,Cart
0,791.0,187.0,831.0,261.0,290,1,0,1,Cart
0,791.0,187.0,831.0,265.0,291,1,0,1,Cart
0,791.0,191.0,831.0,265.0,292,1,0,1,Cart
0,791.0,191.0,831.0,265.0,293,1,0,1,Cart
0,791.0,191.0,831.0,265.0,294,1,0,1,Cart
0,791.0,191.0,831.0,269.0,295,1,0,1,Cart
0,791.0,195.0,831.0,269.0,296,1,0,1,Cart
0,791.0,195.0,831.0,269.0,297,1,0,1,Cart
0,791.0,195.0,831.0,269.0,298,1,0,1,Cart
0,791.0,199.0,831.0,273.0,299,1,0,1,Cart
0,789.0,199.0,831.0,273.0,300,1,0,1,Cart
0,789.0,199.0,831.0,273.0,301,1,0,1,Cart
0,789.0,199.0,831.0,277.0,302,1,0,1,Cart
0,789.0,204.0,831.0,277.0,303,1,0,1,Cart
0,789.0,204.0,831.0,277.0,304,1,0,1,Cart
0,789.0,204.0,831.0,277.0,305,1,0,1,Cart
0,789.0,208.0,831.0,281.0,306,1,0,1,Cart
0,789.0,208.0,831.0,281.0,307,1,0,1,Cart
0,789.0,208.0,831.0,281.0,308,1,0,1,Cart
0,789.0,208.0,831.0,281.0,309,1,0,1,Cart
0,789.0,212.0,831.0,285.0,310,1,0,1,Cart
0,789.0,212.0,831.0,285.0,311,1,0,1,Cart
0,789.0,212.0,831.0,285.0,312,1,0,1,Cart
0,789.0,216.0,831.0,285.0,313,1,0,1,Cart
0,789.0,216.0,831.0,289.0,314,1,0,1,Cart
0,789.0,216.0,831.0,289.0,315,1,0,1,Cart
0,789.0,216.0,829.0,289.0,316,1,0,1,Cart
0,789.0,220.0,829.0,289.0,317,1,0,1,Cart
0,789.0,220.0,829.0,293.0,318,1,0,1,Cart
0,789.0,220.0,829.0,293.0,319,1,0,1,Cart
0,789.0,220.0,829.0,293.0,320,1,0,1,Cart
0,789.0,224.0,829.0,297.0,321,1,0,1,Cart
0,789.0,224.0,829.0,297.0,322,1,0,1,Cart
0,789.0,224.0,829.0,297.0,323,1,0,1,Cart
0,789.0,228.0,829.0,297.0,324,1,0,1,Cart
0,789.0,228.0,829.0,302.0,325,1,0,1,Cart
0,789.0,228.0,829.0,302.0,326,1,0,1,Cart
0,789.0,228.0,829.0,302.0,327,1,0,1,Cart
0,789.0,232.0,829.0,302.0,328,1,0,1,Cart
0,789.0,232.0,829.0,306.0,329,1,0,1,Cart
0,789.0,232.0,829.0,306.0,330,1,0,1,Cart
0,789.0,236.0,829.0,306.0,331,1,0,1,Cart
0,789.0,236.0,829.0,306.0,332,1,0,1,Cart
0,789.0,236.0,829.0,310.0,333,1,0,1,Cart
0,789.0,236.0,829.0,310.0,334,1,0,1,Cart
0,789.0,240.0,829.0,310.0,335,1,0,1,Cart
0,789.0,240.0,829.0,314.0,336,1,0,1,Cart
0,789.0,240.0,829.0,314.0,337,1,0,1,Cart
0,789.0,244.0,829.0,314.0,338,1,0,1,Cart
0,789.0,244.0,829.0,314.0,339,1,0,1,Cart
0,789.0,244.0,829.0,318.0,340,1,0,1,Cart
0,789.0,244.0,829.0,318.0,341,1,0,1,Cart
0,789.0,248.0,829.0,318.0,342,1,0,1,Cart
0,787.0,248.0,829.0,318.0,343,1,0,1,Cart
0,787.0,248.0,829.0,322.0,344,1,0,1,Cart
0,787.0,253.0,829.0,322.0,345,1,0,1,Cart
0,787.0,253.0,829.0,322.0,346,1,0,1,Cart
0,787.0,253.0,829.0,322.0,347,1,0,1,Cart
0,787.0,253.0,829.0,326.0,348,1,0,1,Cart
0,787.0,257.0,829.0,326.0,349,1,0,1,Cart
0,787.0,257.0,829.0,326.0,350,1,0,1,Cart
0,787.0,257.0,829.0,330.0,351,1,0,1,Cart
0,787.0,261.0,829.0,330.0,352,1,0,1,Cart
0,787.0,261.0,829.0,330.0,353,1,0,1,Cart
0,787.0,261.0,827.0,330.0,354,1,0,1,Cart
0,787.0,261.0,827.0,334.0,355,1,0,1,Cart
0,787.0,265.0,827.0,334.0,356,1,0,1,Cart
0,787.0,265.0,827.0,334.0,357,1,0,1,Cart
0,787.0,265.0,827.0,334.0,358,1,0,1,Cart
0,787.0,265.0,827.0,338.0,359,1,0,1,Cart
0,787.0,269.0,827.0,338.0,360,1,0,1,Cart
0,787.0,269.0,827.0,338.0,361,1,0,1,Cart
0,787.0,269.0,827.0,338.0,362,1,0,1,Cart
0,787.0,273.0,827.0,342.0,363,1,0,1,Cart
0,787.0,273.0,827.0,342.0,364,1,0,1,Cart
0,787.0,273.0,827.0,342.0,365,1,0,1,Cart
0,787.0,273.0,827.0,346.0,366,1,0,1,Cart
0,787.0,277.0,827.0,346.0,367,1,0,1,Cart
0,787.0,277.0,827.0,346.0,368,1,0,1,Cart
0,787.0,277.0,827.0,346.0,369,1,0,1,Cart
0,787.0,281.0,827.0,350.0,370,1,0,1,Cart
0,787.0,281.0,827.0,350.0,371,1,0,1,Cart
0,787.0,281.0,827.0,350.0,372,1,0,1,Cart
0,787.0,281.0,827.0,350.0,373,1,0,1,Cart
0,787.0,285.0,827.0,355.0,374,1,0,1,Cart
0,787.0,285.0,827.0,355.0,375,1,0,1,Cart
0,787.0,285.0,827.0,355.0,376,1,0,1,Cart
0,787.0,289.0,827.0,355.0,377,1,0,1,Cart
0,787.0,289.0,827.0,359.0,378,1,0,1,Cart
0,787.0,289.0,827.0,359.0,379,1,0,1,Cart
0,787.0,289.0,827.0,359.0,380,1,0,1,Cart
0,787.0,293.0,827.0,359.0,381,1,0,1,Cart
0,787.0,293.0,827.0,363.0,382,1,0,1,Cart
0,787.0,293.0,827.0,363.0,383,1,0,1,Cart
0,787.0,297.0,827.0,363.0,384,1,0,1,Cart
0,787.0,297.0,827.0,367.0,385,1,0,1,Cart
0,787.0,297.0,827.0,367.0,386,1,0,1,Cart
0,785.0,297.0,827.0,367.0,387,1,0,1,Cart
0,785.0,302.0,827.0,367.0,388,1,0,1,Cart
0,785.0,302.0,827.0,371.0,389,1,0,1,Cart
0,785.0,302.0,827.0,371.0,390,1,0,1,Cart
0,785.0,306.0,827.0,371.0,391,1,0,1,Cart
0,785.0,306.0,825.0,371.0,392,1,0,1,Cart
0,785.0,306.0,825.0,375.0,393,1,0,1,Cart
0,785.0,306.0,825.0,375.0,394,1,0,1,Cart
0,785.0,310.0,825.0,375.0,395,1,0,1,Cart
0,785.0,310.0,825.0,375.0,396,1,0,1,Cart
0,785.0,310.0,825.0,379.0,397,1,0,1,Cart
0,785.0,310.0,825.0,379.0,398,1,0,1,Cart
0,785.0,314.0,825.0,379.0,399,1,0,1,Cart
0,785.0,314.0,825.0,383.0,400,1,0,1,Cart
0,785.0,314.0,825.0,383.0,401,1,0,1,Cart
0,785.0,318.0,825.0,383.0,402,1,0,1,Cart
0,785.0,318.0,825.0,383.0,403,1,0,1,Cart
0,785.0,318.0,825.0,387.0,404,1,0,1,Cart
0,785.0,318.0,825.0,387.0,405,1,0,1,Cart
0,785.0,322.0,825.0,387.0,406,1,0,1,Cart
0,785.0,322.0,825.0,387.0,407,1,0,1,Cart
0,785.0,322.0,825.0,391.0,408,1,0,1,Cart
0,785.0,326.0,825.0,391.0,409,1,0,1,Cart
0,785.0,326.0,825.0,391.0,410,1,0,1,Cart
0,785.0,326.0,825.0,391.0,411,1,0,1,Cart
0,785.0,326.0,825.0,395.0,412,1,0,1,Cart
0,785.0,330.0,825.0,395.0,413,1,0,1,Cart
0,785.0,330.0,825.0,395.0,414,1,0,1,Cart
0,785.0,330.0,825.0,399.0,415,1,0,1,Cart
0,785.0,334.0,825.0,399.0,416,1,0,1,Cart
0,785.0,334.0,825.0,399.0,417,1,0,1,Cart
0,785.0,334.0,825.0,399.0,418,1,0,1,Cart
0,785.0,334.0,825.0,404.0,419,1,0,1,Cart
0,785.0,338.0,825.0,404.0,420,1,0,1,Cart
0,785.0,338.0,825.0,404.0,421,1,0,1,Cart
0,785.0,338.0,825.0,404.0,422,1,0,1,Cart
0,785.0,342.0,825.0,408.0,423,1,0,1,Cart
0,785.0,342.0,825.0,408.0,424,1,0,1,Cart
0,785.0,342.0,825.0,408.0,425,1,0,1,Cart
0,785.0,342.0,825.0,408.0,426,1,0,1,Cart
0,785.0,346.0,825.0,412.0,427,1,0,1,Cart
0,785.0,346.0,825.0,412.0,428,1,0,1,Cart
0,785.0,346.0,825.0,412.0,429,1,0,1,Cart
0,785.0,350.0,825.0,416.0,430,0,0,0,Cart
1,817.0,399.0,861.0,465.0,0,0,0,0,Cart
1,817.0,395.0,861.0,461.0,1,0,0,1,Cart
1,819.0,391.0,863.0,457.0,2,0,0,1,Cart
1,819.0,387.0,863.0,453.0,3,0,0,1,Cart
1,821.0,383.0,865.0,448.0,4,0,0,1,Cart
1,821.0,379.0,865.0,444.0,5,0,0,1,Cart
1,823.0,375.0,867.0,440.0,6,0,0,1,Cart
1,823.0,371.0,867.0,436.0,7,0,0,1,Cart
1,825.0,367.0,869.0,432.0,8,0,0,1,Cart
1,827.0,363.0,871.0,428.0,9,0,0,0,Cart
1,827.0,359.0,871.0,424.0,10,0,0,1,Cart
1,827.0,355.0,871.0,420.0,11,0,0,1,Cart
1,829.0,355.0,873.0,420.0,12,0,0,1,Cart
1,829.0,350.0,873.0,416.0,13,0,0,1,Cart
1,831.0,346.0,875.0,412.0,14,0,0,1,Cart
1,831.0,346.0,875.0,412.0,15,0,0,1,Cart
1,833.0,342.0,877.0,408.0,16,0,0,1,Cart
1,833.0,338.0,877.0,404.0,17,0,0,1,Cart
1,835.0,338.0,879.0,404.0,18,0,0,1,Cart
1,835.0,334.0,879.0,399.0,19,0,0,1,Cart
1,837.0,334.0,881.0,399.0,20,0,0,0,Cart
1,835.0,326.0,879.0,391.0,21,0,0,1,Cart
1,835.0,322.0,879.0,387.0,22,0,0,1,Cart
1,833.0,318.0,877.0,383.0,23,0,0,1,Cart
1,833.0,314.0,877.0,379.0,24,0,0,1,Cart
1,831.0,310.0,875.0,375.0,25,0,0,1,Cart
1,831.0,306.0,875.0,371.0,26,0,0,1,Cart
1,829.0,302.0,873.0,367.0,27,0,0,1,Cart
1,829.0,297.0,873.0,363.0,28,0,0,1,Cart
1,829.0,293.0,873.0,359.0,29,0,0,0,Cart
1,831.0,289.0,875.0,363.0,30,0,0,1,Cart
1,833.0,285.0,877.0,367.0,31,0,0,1,Cart
1,835.0,281.0,879.0,371.0,32,0,0,0,Cart
1,833.0,277.0,877.0,367.0,33,0,0,1,Cart
1,833.0,273.0,877.0,363.0,34,0,0,1,Cart
1,833.0,269.0,877.0,359.0,35,0,0,1,Cart
1,833.0,265.0,877.0,355.0,36,0,0,1,Cart
1,833.0,265.0,877.0,355.0,37,0,0,1,Cart
1,833.0,261.0,877.0,350.0,38,0,0,1,Cart
1,833.0,257.0,877.0,346.0,39,0,0,1,Cart
1,833.0,253.0,877.0,342.0,40,0,0,1,Cart
1,833.0,248.0,877.0,338.0,41,0,0,1,Cart
1,833.0,248.0,877.0,338.0,42,0,0,1,Cart
1,833.0,244.0,877.0,334.0,43,0,0,1,Cart
1,833.0,240.0,877.0,330.0,44,0,0,1,Cart
1,833.0,236.0,877.0,326.0,45,0,0,1,Cart
1,833.0,232.0,877.0,322.0,46,0,0,1,Cart
1,833.0,232.0,877.0,322.0,47,0,0,0,Cart
1,833.0,228.0,877.0,318.0,48,0,0,1,Cart
1,833.0,224.0,877.0,314.0,49,0,0,1,Cart
1,833.0,220.0,877.0,310.0,50,0,0,1,Cart
1,833.0,216.0,877.0,306.0,51,0,0,1,Cart
1,833.0,212.0,877.0,302.0,52,0,0,1,Cart
1,833.0,208.0,877.0,297.0,53,0,0,1,Cart
1,833.0,204.0,877.0,293.0,54,0,0,1,Cart
1,833.0,199.0,877.0,289.0,55,0,0,1,Cart
1,833.0,195.0,877.0,285.0,56,0,0,1,Cart
1,833.0,191.0,877.0,281.0,57,0,0,1,Cart
1,833.0,187.0,877.0,277.0,58,0,0,1,Cart
1,833.0,183.0,877.0,273.0,59,0,0,1,Cart
1,833.0,179.0,877.0,269.0,60,0,0,1,Cart
1,833.0,175.0,877.0,265.0,61,0,0,0,Cart
1,833.0,171.0,877.0,261.0,62,0,0,1,Cart
1,833.0,167.0,877.0,257.0,63,0,0,1,Cart
1,833.0,167.0,877.0,257.0,64,0,0,1,Cart
1,833.0,163.0,877.0,253.0,65,0,0,1,Cart
1,833.0,163.0,877.0,253.0,66,0,0,1,Cart
1,833.0,159.0,877.0,248.0,67,0,0,1,Cart
1,833.0,159.0,877.0,248.0,68,0,0,1,Cart
1,833.0,155.0,877.0,244.0,69,0,0,1,Cart
1,833.0,151.0,877.0,240.0,70,0,0,1,Cart
1,833.0,151.0,877.0,240.0,71,0,0,1,Cart
1,833.0,146.0,877.0,236.0,72,0,0,1,Cart
1,833.0,146.0,877.0,236.0,73,0,0,1,Cart
1,833.0,142.0,877.0,232.0,74,0,0,1,Cart
1,835.0,142.0,879.0,232.0,75,0,0,0,Cart
1,833.0,138.0,877.0,224.0,76,0,0,1,Cart
1,833.0,134.0,877.0,220.0,77,0,0,1,Cart
1,833.0,130.0,877.0,216.0,78,0,0,1,Cart
1,833.0,126.0,875.0,212.0,79,0,0,1,Cart
1,833.0,122.0,875.0,208.0,80,0,0,1,Cart
1,833.0,118.0,875.0,204.0,81,0,0,1,Cart
1,833.0,114.0,873.0,199.0,82,0,0,1,Cart
1,833.0,110.0,873.0,195.0,83,0,0,1,Cart
1,833.0,106.0,873.0,191.0,84,0,0,1,Cart
1,833.0,102.0,873.0,187.0,85,0,0,0,Cart
1,833.0,97.0,873.0,183.0,86,0,0,1,Cart
1,833.0,93.0,873.0,179.0,87,0,0,1,Cart
1,833.0,89.0,873.0,175.0,88,0,0,1,Cart
1,833.0,89.0,873.0,175.0,89,0,0,1,Cart
1,833.0,85.0,873.0,171.0,90,0,0,1,Cart
1,833.0,81.0,873.0,167.0,91,0,0,1,Cart
1,833.0,77.0,873.0,163.0,92,0,0,1,Cart
1,833.0,77.0,873.0,163.0,93,0,0,1,Cart
1,833.0,73.0,873.0,159.0,94,0,0,1,Cart
1,833.0,69.0,873.0,155.0,95,0,0,1,Cart
1,833.0,65.0,873.0,151.0,96,0,0,1,Cart
1,833.0,65.0,873.0,151.0,97,0,0,1,Cart
1,833.0,61.0,873.0,146.0,98,0,0,1,Cart
1,833.0,57.0,873.0,142.0,99,0,0,1,Cart
1,833.0,53.0,873.0,138.0,100,0,0,1,Cart
1,833.0,53.0,873.0,138.0,101,0,0,1,Cart
1,833.0,48.0,873.0,134.0,102,0,0,1,Cart
1,833.0,44.0,873.0,130.0,103,0,0,1,Cart
1,833.0,40.0,873.0,126.0,104,0,0,1,Cart
1,833.0,40.0,873.0,126.0,105,0,0,0,Cart
1,833.0,36.0,873.0,122.0,106,0,0,1,Cart
1,833.0,32.0,873.0,118.0,107,0,0,1,Cart
1,833.0,28.0,873.0,114.0,108,0,0,1,Cart
1,833.0,24.0,873.0,110.0,109,0,0,1,Cart
1,835.0,24.0,875.0,110.0,110,0,0,1,Cart
1,835.0,20.0,875.0,106.0,111,0,0,1,Cart
1,835.0,16.0,875.0,102.0,112,0,0,1,Cart
1,835.0,12.0,875.0,97.0,113,0,0,1,Cart
1,835.0,8.0,875.0,93.0,114,0,0,1,Cart
1,837.0,8.0,877.0,93.0,115,1,0,0,Cart
1,837.0,4.0,877.0,89.0,116,1,0,1,Cart
1,837.0,4.0,877.0,85.0,117,1,0,1,Cart
1,837.0,4.0,877.0,81.0,118,1,0,1,Cart
1,837.0,4.0,877.0,77.0,119,1,0,1,Cart
1,837.0,4.0,877.0,73.0,120,1,0,1,Cart
1,837.0,0.0,877.0,69.0,121,1,0,1,Cart
1,837.0,0.0,877.0,65.0,122,1,0,1,Cart
1,837.0,0.0,877.0,61.0,123,1,0,1,Cart
1,837.0,0.0,877.0,57.0,124,1,0,1,Cart
1,837.0,0.0,877.0,53.0,125,1,0,0,Cart
1,835.0,0.0,875.0,53.0,126,1,0,1,Cart
1,835.0,0.0,875.0,53.0,127,1,0,1,Cart
1,835.0,0.0,875.0,53.0,128,1,0,1,Cart
1,835.0,4.0,875.0,57.0,129,1,0,1,Cart
1,835.0,4.0,875.0,57.0,130,1,0,1,Cart
1,835.0,4.0,875.0,57.0,131,1,0,1,Cart
1,835.0,8.0,875.0,61.0,132,1,0,1,Cart
1,835.0,8.0,875.0,61.0,133,1,0,1,Cart
1,835.0,8.0,875.0,61.0,134,1,0,1,Cart
1,835.0,8.0,875.0,65.0,135,1,0,1,Cart
1,835.0,12.0,875.0,65.0,136,1,0,1,Cart
1,835.0,12.0,875.0,65.0,137,1,0,1,Cart
1,835.0,12.0,875.0,65.0,138,1,0,1,Cart
1,835.0,16.0,875.0,69.0,139,1,0,1,Cart
1,835.0,16.0,875.0,69.0,140,1,0,1,Cart
1,835.0,16.0,875.0,69.0,141,1,0,1,Cart
1,835.0,16.0,875.0,73.0,142,1,0,1,Cart
1,835.0,20.0,875.0,73.0,143,1,0,1,Cart
1,835.0,20.0,875.0,73.0,144,1,0,1,Cart
1,835.0,20.0,875.0,77.0,145,1,0,1,Cart
1,835.0,24.0,875.0,77.0,146,1,0,1,Cart
1,835.0,24.0,875.0,77.0,147,1,0,1,Cart
1,835.0,24.0,875.0,77.0,148,1,0,1,Cart
1,835.0,28.0,875.0,81.0,149,1,0,1,Cart
1,835.0,28.0,875.0,81.0,150,1,0,1,Cart
1,835.0,28.0,875.0,81.0,151,1,0,1,Cart
1,835.0,28.0,875.0,85.0,152,1,0,1,Cart
1,835.0,32.0,875.0,85.0,153,1,0,1,Cart
1,835.0,32.0,875.0,85.0,154,1,0,1,Cart
1,835.0,32.0,875.0,89.0,155,1,0,1,Cart
1,835.0,36.0,875.0,89.0,156,1,0,1,Cart
1,835.0,36.0,875.0,89.0,157,1,0,1,Cart
1,835.0,36.0,875.0,89.0,158,1,0,1,Cart
1,835.0,36.0,875.0,93.0,159,1,0,1,Cart
1,835.0,40.0,875.0,93.0,160,1,0,1,Cart
1,835.0,40.0,875.0,93.0,161,1,0,1,Cart
1,835.0,40.0,875.0,97.0,162,1,0,1,Cart
1,835.0,44.0,875.0,97.0,163,1,0,1,Cart
1,835.0,44.0,875.0,97.0,164,1,0,1,Cart
1,835.0,44.0,875.0,102.0,165,1,0,1,Cart
1,835.0,44.0,875.0,102.0,166,1,0,1,Cart
1,835.0,48.0,875.0,102.0,167,1,0,1,Cart
1,835.0,48.0,875.0,102.0,168,1,0,1,Cart
1,835.0,48.0,875.0,106.0,169,1,0,1,Cart
1,835.0,53.0,875.0,106.0,170,1,0,1,Cart
1,835.0,53.0,875.0,106.0,171,1,0,1,Cart
1,835.0,53.0,875.0,110.0,172,1,0,1,Cart
1,835.0,57.0,875.0,110.0,173,1,0,1,Cart
1,835.0,57.0,875.0,110.0,174,1,0,1,Cart
1,835.0,57.0,875.0,114.0,175,1,0,1,Cart
1,835.0,57.0,875.0,114.0,176,1,0,1,Cart
1,835.0,61.0,875.0,114.0,177,1,0,1,Cart
1,835.0,61.0,875.0,114.0,178,1,0,1,Cart
1,835.0,61.0,875.0,118.0,179,1,0,1,Cart
1,835.0,65.0,875.0,118.0,180,1,0,1,Cart
1,835.0,65.0,875.0,118.0,181,1,0,1,Cart
1,835.0,65.0,875.0,122.0,182,1,0,1,Cart
1,835.0,65.0,875.0,122.0,183,1,0,1,Cart
1,835.0,69.0,875.0,122.0,184,1,0,1,Cart
1,835.0,69.0,875.0,126.0,185,1,0,1,Cart
1,835.0,69.0,875.0,126.0,186,1,0,1,Cart
1,833.0,73.0,875.0,126.0,187,1,0,1,Cart
1,833.0,73.0,875.0,130.0,188,1,0,1,Cart
1,833.0,73.0,875.0,130.0,189,1,0,1,Cart
1,833.0,73.0,875.0,130.0,190,1,0,1,Cart
1,833.0,77.0,875.0,130.0,191,1,0,1,Cart
1,833.0,77.0,875.0,134.0,192,1,0,1,Cart
1,833.0,77.0,875.0,134.0,193,1,0,1,Cart
1,833.0,81.0,875.0,134.0,194,1,0,1,Cart
1,833.0,81.0,875.0,138.0,195,1,0,1,Cart
1,833.0,81.0,875.0,138.0,196,1,0,1,Cart
1,833.0,85.0,875.0,138.0,197,1,0,1,Cart
1,833.0,85.0,875.0,142.0,198,1,0,1,Cart
1,833.0,85.0,875.0,142.0,199,1,0,1,Cart
1,833.0,85.0,875.0,142.0,200,1,0,1,Cart
1,833.0,89.0,875.0,142.0,201,1,0,1,Cart
1,833.0,89.0,875.0,146.0,202,1,0,1,Cart
1,833.0,89.0,875.0,146.0,203,1,0,1,Cart
1,833.0,93.0,875.0,146.0,204,1,0,1,Cart
1,833.0,93.0,875.0,151.0,205,1,0,1,Cart
1,833.0,93.0,875.0,151.0,206,1,0,1,Cart
1,833.0,93.0,875.0,151.0,207,1,0,1,Cart
1,833.0,97.0,875.0,155.0,208,1,0,1,Cart
1,833.0,97.0,875.0,155.0,209,1,0,1,Cart
1,833.0,97.0,875.0,155.0,210,1,0,1,Cart
1,833.0,102.0,875.0,155.0,211,1,0,1,Cart
1,833.0,102.0,875.0,159.0,212,1,0,1,Cart
1,833.0,102.0,875.0,159.0,213,1,0,1,Cart
1,833.0,102.0,875.0,159.0,214,1,0,1,Cart
1,833.0,106.0,875.0,163.0,215,1,0,1,Cart
1,833.0,106.0,875.0,163.0,216,1,0,1,Cart
1,833.0,106.0,875.0,163.0,217,1,0,1,Cart
1,833.0,110.0,875.0,167.0,218,1,0,1,Cart
1,833.0,110.0,875.0,167.0,219,1,0,1,Cart
1,833.0,110.0,875.0,167.0,220,1,0,1,Cart
1,833.0,114.0,875.0,167.0,221,1,0,1,Cart
1,833.0,114.0,875.0,171.0,222,1,0,1,Cart
1,833.0,114.0,875.0,171.0,223,1,0,1,Cart
1,833.0,114.0,875.0,171.0,224,1,0,1,Cart
1,833.0,118.0,875.0,175.0,225,1,0,1,Cart
1,833.0,118.0,875.0,175.0,226,1,0,1,Cart
1,833.0,118.0,873.0,175.0,227,1,0,1,Cart
1,833.0,122.0,873.0,179.0,228,1,0,1,Cart
1,833.0,122.0,873.0,179.0,229,1,0,1,Cart
1,833.0,122.0,873.0,179.0,230,1,0,1,Cart
1,833.0,122.0,873.0,179.0,231,1,0,1,Cart
1,833.0,126.0,873.0,183.0,232,1,0,1,Cart
1,833.0,126.0,873.0,183.0,233,1,0,1,Cart
1,833.0,126.0,873.0,183.0,234,1,0,1,Cart
1,833.0,130.0,873.0,187.0,235,1,0,1,Cart
1,833.0,130.0,873.0,187.0,236,1,0,1,Cart
1,833.0,130.0,873.0,187.0,237,1,0,1,Cart
1,833.0,130.0,873.0,191.0,238,1,0,1,Cart
1,833.0,134.0,873.0,191.0,239,1,0,1,Cart
1,833.0,134.0,873.0,191.0,240,1,0,1,Cart
1,833.0,134.0,873.0,191.0,241,1,0,1,Cart
1,833.0,138.0,873.0,195.0,242,1,0,1,Cart
1,833.0,138.0,873.0,195.0,243,1,0,1,Cart
1,833.0,138.0,873.0,195.0,244,1,0,1,Cart
1,833.0,142.0,873.0,199.0,245,1,0,1,Cart
1,833.0,142.0,873.0,199.0,246,1,0,1,Cart
1,833.0,142.0,873.0,199.0,247,1,0,1,Cart
1,831.0,142.0,873.0,204.0,248,1,0,1,Cart
1,831.0,146.0,873.0,204.0,249,1,0,1,Cart
1,831.0,146.0,873.0,204.0,250,1,0,1,Cart
1,831.0,146.0,873.0,208.0,251,1,0,1,Cart
1,831.0,151.0,873.0,208.0,252,1,0,1,Cart
1,831.0,151.0,873.0,208.0,253,1,0,1,Cart
1,831.0,151.0,873.0,208.0,254,1,0,1,Cart
1,831.0,151.0,873.0,212.0,255,1,0,1,Cart
1,831.0,155.0,873.0,212.0,256,1,0,1,Cart
1,831.0,155.0,873.0,212.0,257,1,0,1,Cart
1,831.0,155.0,873.0,216.0,258,1,0,1,Cart
1,831.0,159.0,873.0,216.0,259,1,0,1,Cart
1,831.0,159.0,873.0,216.0,260,1,0,1,Cart
1,831.0,159.0,873.0,220.0,261,1,0,1,Cart
1,831.0,159.0,873.0,220.0,262,1,0,1,Cart
1,831.0,163.0,873.0,220.0,263,1,0,1,Cart
1,831.0,163.0,873.0,220.0,264,1,0,1,Cart
1,831.0,163.0,873.0,224.0,265,1,0,1,Cart
1,831.0,167.0,873.0,224.0,266,1,0,1,Cart
1,831.0,167.0,873.0,224.0,267,1,0,1,Cart
1,831.0,167.0,873.0,228.0,268,1,0,1,Cart
1,831.0,171.0,873.0,228.0,269,1,0,1,Cart
1,831.0,171.0,873.0,228.0,270,1,0,1,Cart
1,831.0,171.0,873.0,232.0,271,1,0,1,Cart
1,831.0,171.0,873.0,232.0,272,1,0,1,Cart
1,831.0,175.0,873.0,232.0,273,1,0,1,Cart
1,831.0,175.0,873.0,232.0,274,1,0,1,Cart
1,831.0,175.0,873.0,236.0,275,1,0,1,Cart
1,831.0,179.0,873.0,236.0,276,1,0,1,Cart
1,831.0,179.0,873.0,236.0,277,1,0,1,Cart
1,831.0,179.0,873.0,240.0,278,1,0,1,Cart
1,831.0,179.0,873.0,240.0,279,1,0,1,Cart
1,831.0,183.0,873.0,240.0,280,1,0,1,Cart
1,831.0,183.0,873.0,244.0,281,1,0,1,Cart
1,831.0,183.0,873.0,244.0,282,1,0,1,Cart
1,831.0,187.0,873.0,244.0,283,1,0,1,Cart
1,831.0,187.0,873.0,244.0,284,1,0,1,Cart
1,831.0,187.0,873.0,248.0,285,1,0,1,Cart
1,831.0,187.0,873.0,248.0,286,1,0,1,Cart
1,831.0,191.0,873.0,248.0,287,1,0,1,Cart
1,831.0,191.0,873.0,253.0,288,1,0,1,Cart
1,831.0,191.0,873.0,253.0,289,1,0,1,Cart
1,831.0,195.0,873.0,253.0,290,1,0,1,Cart
1,831.0,195.0,873.0,257.0,291,1,0,1,Cart
1,831.0,195.0,873.0,257.0,292,1,0,1,Cart
1,831.0,199.0,873.0,257.0,293,1,0,1,Cart
1,831.0,199.0,873.0,257.0,294,1,0,1,Cart
1,831.0,199.0,873.0,261.0,295,1,0,1,Cart
1,831.0,199.0,873.0,261.0,296,1,0,1,Cart
1,831.0,204.0,873.0,261.0,297,1,0,1,Cart
1,831.0,204.0,873.0,265.0,298,1,0,1,Cart
1,831.0,204.0,873.0,265.0,299,1,0,1,Cart
1,831.0,208.0,873.0,265.0,300,1,0,1,Cart
1,831.0,208.0,873.0,269.0,301,1,0,1,Cart
1,831.0,208.0,873.0,269.0,302,1,0,1,Cart
1,831.0,208.0,873.0,269.0,303,1,0,1,Cart
1,831.0,212.0,873.0,269.0,304,1,0,1,Cart
1,831.0,212.0,873.0,273.0,305,1,0,1,Cart
1,831.0,212.0,873.0,273.0,306,1,0,1,Cart
1,831.0,216.0,873.0,273.0,307,1,0,1,Cart
1,831.0,216.0,873.0,277.0,308,1,0,1,Cart
1,829.0,216.0,873.0,277.0,309,1,0,1,Cart
1,829.0,216.0,873.0,277.0,310,1,0,1,Cart
1,829.0,220.0,873.0,281.0,311,1,0,1,Cart
1,829.0,220.0,873.0,281.0,312,1,0,1,Cart
1,829.0,220.0,873.0,281.0,313,1,0,1,Cart
1,829.0,224.0,873.0,285.0,314,1,0,1,Cart
1,829.0,224.0,873.0,285.0,315,1,0,1,Cart
1,829.0,224.0,873.0,285.0,316,1,0,1,Cart
1,829.0,228.0,873.0,285.0,317,1,0,1,Cart
1,829.0,228.0,873.0,289.0,318,1,0,1,Cart
1,829.0,228.0,873.0,289.0,319,1,0,1,Cart
1,829.0,228.0,873.0,289.0,320,1,0,1,Cart
1,829.0,232.0,873.0,293.0,321,1,0,1,Cart
1,829.0,232.0,873.0,293.0,322,1,0,1,Cart
1,829.0,232.0,873.0,293.0,323,1,0,1,Cart
1,829.0,236.0,873.0,297.0,324,1,0,1,Cart
1,829.0,236.0,873.0,297.0,325,1,0,1,Cart
1,829.0,236.0,873.0,297.0,326,1,0,1,Cart
1,829.0,236.0,873.0,297.0,327,1,0,1,Cart
1,829.0,240.0,873.0,302.0,328,1,0,1,Cart
1,829.0,240.0,871.0,302.0,329,1,0,1,Cart
1,829.0,240.0,871.0,302.0,330,1,0,1,Cart
1,829.0,244.0,871.0,306.0,331,1,0,1,Cart
1,829.0,244.0,871.0,306.0,332,1,0,1,Cart
1,829.0,244.0,871.0,306.0,333,1,0,1,Cart
1,829.0,244.0,871.0,310.0,334,1,0,1,Cart
1,829.0,248.0,871.0,310.0,335,1,0,1,Cart
1,829.0,248.0,871.0,310.0,336,1,0,1,Cart
1,829.0,248.0,871.0,310.0,337,1,0,1,Cart
1,829.0,253.0,871.0,314.0,338,1,0,1,Cart
1,829.0,253.0,871.0,314.0,339,1,0,1,Cart
1,829.0,253.0,871.0,314.0,340,1,0,1,Cart
1,829.0,257.0,871.0,318.0,341,1,0,1,Cart
1,829.0,257.0,871.0,318.0,342,1,0,1,Cart
1,829.0,257.0,871.0,318.0,343,1,0,1,Cart
1,829.0,257.0,871.0,322.0,344,1,0,1,Cart
1,829.0,261.0,871.0,322.0,345,1,0,1,Cart
1,829.0,261.0,871.0,322.0,346,1,0,1,Cart
1,829.0,261.0,871.0,322.0,347,1,0,1,Cart
1,829.0,265.0,871.0,326.0,348,1,0,1,Cart
1,829.0,265.0,871.0,326.0,349,1,0,1,Cart
1,829.0,265.0,871.0,326.0,350,1,0,1,Cart
1,829.0,265.0,871.0,330.0,351,1,0,1,Cart
1,829.0,269.0,871.0,330.0,352,1,0,1,Cart
1,829.0,269.0,871.0,330.0,353,1,0,1,Cart
1,829.0,269.0,871.0,334.0,354,1,0,1,Cart
1,829.0,273.0,871.0,334.0,355,1,0,1,Cart
1,829.0,273.0,871.0,334.0,356,1,0,1,Cart
1,829.0,273.0,871.0,334.0,357,1,0,1,Cart
1,829.0,273.0,871.0,338.0,358,1,0,1,Cart
1,829.0,277.0,871.0,338.0,359,1,0,1,Cart
1,829.0,277.0,871.0,338.0,360,1,0,1,Cart
1,829.0,277.0,871.0,342.0,361,1,0,1,Cart
1,829.0,281.0,871.0,342.0,362,1,0,1,Cart
1,829.0,281.0,871.0,342.0,363,1,0,1,Cart
1,829.0,281.0,871.0,346.0,364,1,0,1,Cart
1,829.0,285.0,871.0,346.0,365,1,0,1,Cart
1,829.0,285.0,871.0,346.0,366,1,0,1,Cart
1,829.0,285.0,871.0,346.0,367,1,0,1,Cart
1,829.0,285.0,871.0,350.0,368,1,0,1,Cart
1,829.0,289.0,871.0,350.0,369,1,0,1,Cart
1,827.0,289.0,871.0,350.0,370,1,0,1,Cart
1,827.0,289.0,871.0,355.0,371,1,0,1,Cart
1,827.0,293.0,871.0,355.0,372,1,0,1,Cart
1,827.0,293.0,871.0,355.0,373,1,0,1,Cart
1,827.0,293.0,871.0,359.0,374,1,0,1,Cart
1,827.0,293.0,871.0,359.0,375,1,0,1,Cart
1,827.0,297.0,871.0,359.0,376,1,0,1,Cart
1,827.0,297.0,871.0,363.0,377,1,0,1,Cart
1,827.0,297.0,871.0,363.0,378,1,0,1,Cart
1,827.0,302.0,871.0,363.0,379,1,0,1,Cart
1,827.0,302.0,871.0,363.0,380,1,0,1,Cart
1,827.0,302.0,871.0,367.0,381,1,0,1,Cart
1,827.0,302.0,871.0,367.0,382,1,0,1,Cart
1,827.0,306.0,871.0,367.0,383,1,0,1,Cart
1,827.0,306.0,871.0,371.0,384,1,0,1,Cart
1,827.0,306.0,871.0,371.0,385,1,0,1,Cart
1,827.0,310.0,871.0,371.0,386,1,0,1,Cart
1,827.0,310.0,871.0,375.0,387,1,0,1,Cart
1,827.0,310.0,871.0,375.0,388,1,0,1,Cart
1,827.0,314.0,871.0,375.0,389,1,0,1,Cart
1,827.0,314.0,871.0,375.0,390,1,0,1,Cart
1,827.0,314.0,871.0,379.0,391,1,0,1,Cart
1,827.0,314.0,871.0,379.0,392,1,0,1,Cart
1,827.0,318.0,871.0,379.0,393,1,0,1,Cart
1,827.0,318.0,871.0,383.0,394,1,0,1,Cart
1,827.0,318.0,871.0,383.0,395,1,0,1,Cart
1,827.0,322.0,871.0,383.0,396,1,0,1,Cart
1,827.0,322.0,871.0,387.0,397,1,0,1,Cart
1,827.0,322.0,871.0,387.0,398,1,0,1,Cart
1,827.0,322.0,871.0,387.0,399,1,0,1,Cart
1,827.0,326.0,871.0,387.0,400,1,0,1,Cart
1,827.0,326.0,871.0,391.0,401,1,0,1,Cart
1,827.0,326.0,871.0,391.0,402,1,0,1,Cart
1,827.0,330.0,871.0,391.0,403,1,0,1,Cart
1,827.0,330.0,871.0,395.0,404,1,0,1,Cart
1,827.0,330.0,871.0,395.0,405,1,0,1,Cart
1,827.0,330.0,871.0,395.0,406,1,0,1,Cart
1,827.0,334.0,871.0,399.0,407,1,0,1,Cart
1,827.0,334.0,871.0,399.0,408,1,0,1,Cart
1,827.0,334.0,871.0,399.0,409,1,0,1,Cart
1,827.0,338.0,871.0,399.0,410,1,0,1,Cart
1,827.0,338.0,871.0,404.0,411,1,0,1,Cart
1,827.0,338.0,871.0,404.0,412,1,0,1,Cart
1,827.0,342.0,871.0,404.0,413,1,0,1,Cart
1,827.0,342.0,871.0,408.0,414,1,0,1,Cart
1,827.0,342.0,871.0,408.0,415,1,0,1,Cart
1,827.0,342.0,871.0,408.0,416,1,0,1,Cart
1,827.0,346.0,871.0,412.0,417,1,0,1,Cart
1,827.0,346.0,871.0,412.0,418,1,0,1,Cart
1,827.0,346.0,871.0,412.0,419,1,0,1,Cart
1,827.0,350.0,871.0,412.0,420,1,0,1,Cart
1,827.0,350.0,871.0,416.0,421,1,0,1,Cart
1,827.0,350.0,871.0,416.0,422,1,0,1,Cart
1,827.0,350.0,871.0,416.0,423,1,0,1,Cart
1,827.0,355.0,871.0,420.0,424,1,0,1,Cart
1,827.0,355.0,871.0,420.0,425,1,0,1,Cart
1,827.0,355.0,871.0,420.0,426,1,0,1,Cart
1,827.0,359.0,871.0,424.0,427,1,0,1,Cart
1,827.0,359.0,871.0,424.0,428,1,0,1,Cart
1,827.0,359.0,871.0,424.0,429,1,0,1,Cart
1,827.0,363.0,871.0,428.0,430,0,0,0,Cart
2,803.0,730.0,817.0,832.0,0,0,0,0,Pedestrian
2,801.0,730.0,817.0,828.0,1,0,0,1,Pedestrian
2,801.0,730.0,817.0,828.0,2,0,0,1,Pedestrian
2,801.0,730.0,817.0,824.0,3,0,0,1,Pedestrian
2,801.0,730.0,817.0,824.0,4,0,0,1,Pedestrian
2,801.0,730.0,817.0,820.0,5,0,0,1,Pedestrian
2,801.0,734.0,819.0,820.0,6,0,0,1,Pedestrian
2,801.0,734.0,819.0,816.0,7,0,0,1,Pedestrian
2,801.0,734.0,819.0,816.0,8,0,0,1,Pedestrian
2,801.0,734.0,819.0,816.0,9,0,0,1,Pedestrian
2,801.0,734.0,819.0,812.0,10,0,0,1,Pedestrian
2,801.0,738.0,821.0,812.0,11,0,0,1,Pedestrian
2,801.0,738.0,821.0,808.0,12,0,0,1,Pedestrian
2,801.0,738.0,821.0,808.0,13,0,0,1,Pedestrian
2,801.0,738.0,821.0,804.0,14,0,0,1,Pedestrian
2,801.0,738.0,821.0,804.0,15,0,0,1,Pedestrian
2,801.0,742.0,823.0,804.0,16,0,0,0,Pedestrian
2,801.0,738.0,823.0,804.0,17,0,0,1,Pedestrian
2,801.0,738.0,823.0,808.0,18,0,0,1,Pedestrian
2,801.0,738.0,825.0,808.0,19,0,0,1,Pedestrian
2,801.0,738.0,825.0,812.0,20,0,0,1,Pedestrian
2,801.0,738.0,827.0,816.0,21,0,0,1,Pedestrian
2,801.0,738.0,827.0,816.0,22,0,0,1,Pedestrian
2,801.0,738.0,829.0,820.0,23,0,0,1,Pedestrian
2,803.0,734.0,829.0,820.0,24,0,0,1,Pedestrian
2,803.0,734.0,831.0,824.0,25,0,0,1,Pedestrian
2,803.0,734.0,831.0,828.0,26,0,0,1,Pedestrian
2,803.0,734.0,833.0,828.0,27,0,0,1,Pedestrian
2,803.0,734.0,833.0,832.0,28,0,0,1,Pedestrian
2,803.0,734.0,835.0,832.0,29,0,0,1,Pedestrian
2,803.0,734.0,835.0,836.0,30,0,0,1,Pedestrian
2,805.0,734.0,837.0,840.0,31,0,0,0,Pedestrian
2,805.0,734.0,837.0,840.0,32,0,0,1,Pedestrian
2,807.0,734.0,839.0,840.0,33,0,0,1,Pedestrian
2,807.0,734.0,839.0,840.0,34,0,0,1,Pedestrian
2,809.0,734.0,841.0,840.0,35,0,0,1,Pedestrian
2,811.0,734.0,843.0,840.0,36,0,0,1,Pedestrian
2,811.0,734.0,843.0,840.0,37,0,0,1,Pedestrian
2,813.0,734.0,845.0,840.0,38,0,0,1,Pedestrian
2,815.0,734.0,847.0,840.0,39,0,0,0,Pedestrian
2,815.0,734.0,847.0,836.0,40,0,0,1,Pedestrian
2,817.0,734.0,847.0,836.0,41,0,0,1,Pedestrian
2,817.0,734.0,849.0,836.0,42,0,0,1,Pedestrian
2,819.0,734.0,849.0,836.0,43,0,0,1,Pedestrian
2,819.0,734.0,851.0,836.0,44,0,0,1,Pedestrian
2,821.0,738.0,851.0,832.0,45,0,0,1,Pedestrian
2,821.0,738.0,853.0,832.0,46,0,0,1,Pedestrian
2,823.0,738.0,853.0,832.0,47,0,0,1,Pedestrian
2,823.0,738.0,855.0,832.0,48,0,0,1,Pedestrian
2,825.0,738.0,855.0,832.0,49,0,0,1,Pedestrian
2,825.0,742.0,857.0,828.0,50,0,0,1,Pedestrian
2,827.0,742.0,857.0,828.0,51,0,0,1,Pedestrian
2,827.0,742.0,859.0,828.0,52,0,0,1,Pedestrian
2,829.0,742.0,859.0,828.0,53,0,0,1,Pedestrian
2,829.0,742.0,861.0,828.0,54,0,0,1,Pedestrian
2,831.0,746.0,861.0,824.0,55,0,0,1,Pedestrian
2,831.0,746.0,863.0,824.0,56,0,0,1,Pedestrian
2,833.0,746.0,863.0,824.0,57,0,0,1,Pedestrian
2,833.0,746.0,865.0,824.0,58,0,0,1,Pedestrian
2,835.0,746.0,865.0,824.0,59,0,0,1,Pedestrian
2,837.0,750.0,867.0,824.0,60,0,0,0,Pedestrian
2,835.0,750.0,865.0,828.0,61,0,0,1,Pedestrian
2,833.0,750.0,863.0,832.0,62,0,0,1,Pedestrian
2,833.0,755.0,863.0,836.0,63,0,0,1,Pedestrian
2,831.0,755.0,861.0,840.0,64,0,0,1,Pedestrian
2,829.0,759.0,861.0,844.0,65,0,0,1,Pedestrian
2,829.0,759.0,859.0,848.0,66,0,0,1,Pedestrian
2,827.0,763.0,859.0,852.0,67,0,0,1,Pedestrian
2,825.0,763.0,857.0,857.0,68,0,0,1,Pedestrian
2,825.0,763.0,855.0,861.0,69,0,0,1,Pedestrian
2,823.0,767.0,855.0,865.0,70,0,0,1,Pedestrian
2,821.0,767.0,853.0,869.0,71,0,0,1,Pedestrian
2,821.0,771.0,853.0,873.0,72,0,0,1,Pedestrian
2,819.0,771.0,851.0,877.0,73,0,0,1,Pedestrian
2,819.0,775.0,851.0,881.0,74,0,0,0,Pedestrian
2,821.0,775.0,851.0,877.0,75,0,0,1,Pedestrian
2,823.0,775.0,853.0,873.0,76,0,0,1,Pedestrian
2,825.0,775.0,855.0,869.0,77,0,0,1,Pedestrian
2,827.0,775.0,857.0,865.0,78,0,0,1,Pedestrian
2,829.0,775.0,859.0,861.0,79,0,0,1,Pedestrian
2,831.0,775.0,861.0,857.0,80,0,0,1,Pedestrian
2,833.0,775.0,863.0,852.0,81,0,0,1,Pedestrian
2,835.0,775.0,865.0,848.0,82,0,0,1,Pedestrian
2,837.0,775.0,867.0,844.0,83,0,0,1,Pedestrian
2,839.0,775.0,869.0,840.0,84,0,0,1,Pedestrian
2,841.0,775.0,871.0,836.0,85,0,0,1,Pedestrian
2,843.0,775.0,873.0,832.0,86,0,0,1,Pedestrian
2,845.0,775.0,875.0,828.0,87,0,0,1,Pedestrian
2,847.0,775.0,877.0,824.0,88,0,0,1,Pedestrian
2,849.0,775.0,879.0,820.0,89,0,0,1,Pedestrian
2,851.0,779.0,881.0,820.0,90,0,0,0,Pedestrian
2,847.0,783.0,877.0,836.0,91,0,0,1,Pedestrian
2,843.0,791.0,875.0,857.0,92,0,0,1,Pedestrian
2,841.0,795.0,871.0,877.0,93,0,0,1,Pedestrian
2,837.0,804.0,869.0,897.0,94,0,0,1,Pedestrian
2,835.0,812.0,867.0,918.0,95,0,0,0,Pedestrian
2,835.0,808.0,867.0,910.0,96,0,0,1,Pedestrian
2,837.0,804.0,869.0,906.0,97,0,0,1,Pedestrian
2,839.0,804.0,871.0,901.0,98,0,0,1,Pedestrian
2,841.0,799.0,871.0,897.0,99,0,0,1,Pedestrian
2,843.0,799.0,873.0,893.0,100,0,0,1,Pedestrian
2,845.0,795.0,875.0,889.0,101,0,0,1,Pedestrian
2,847.0,795.0,877.0,885.0,102,0,0,1,Pedestrian
2,847.0,791.0,877.0,881.0,103,0,0,1,Pedestrian
2,849.0,791.0,879.0,877.0,104,0,0,1,Pedestrian
2,851.0,787.0,881.0,873.0,105,0,0,1,Pedestrian
2,853.0,787.0,883.0,869.0,106,0,0,1,Pedestrian
2,855.0,783.0,883.0,865.0,107,0,0,1,Pedestrian
2,857.0,783.0,885.0,861.0,108,0,0,1,Pedestrian
2,859.0,779.0,887.0,857.0,109,0,0,1,Pedestrian
2,861.0,779.0,889.0,852.0,110,0,0,0,Pedestrian
2,857.0,775.0,887.0,857.0,111,0,0,1,Pedestrian
2,855.0,775.0,885.0,861.0,112,0,0,1,Pedestrian
2,851.0,771.0,883.0,865.0,113,0,0,1,Pedestrian
2,849.0,771.0,881.0,869.0,114,0,0,1,Pedestrian
2,847.0,771.0,879.0,877.0,115,0,0,0,Pedestrian
2,851.0,775.0,883.0,873.0,116,0,0,1,Pedestrian
2,855.0,779.0,887.0,869.0,117,0,0,1,Pedestrian
2,859.0,787.0,891.0,865.0,118,0,0,1,Pedestrian
2,863.0,791.0,895.0,861.0,119,0,0,1,Pedestrian
2,869.0,799.0,899.0,857.0,120,0,0,0,Pedestrian
2,869.0,799.0,899.0,852.0,121,0,0,1,Pedestrian
2,869.0,799.0,899.0,852.0,122,0,0,1,Pedestrian
2,869.0,799.0,899.0,852.0,123,0,0,1,Pedestrian
2,869.0,799.0,899.0,852.0,124,0,0,1,Pedestrian
2,869.0,799.0,899.0,852.0,125,0,0,1,Pedestrian
2,869.0,799.0,899.0,852.0,126,0,0,1,Pedestrian
2,869.0,799.0,899.0,852.0,127,0,0,1,Pedestrian
2,869.0,799.0,899.0,852.0,128,0,0,1,Pedestrian
2,869.0,799.0,899.0,852.0,129,0,0,1,Pedestrian
2,869.0,804.0,899.0,852.0,130,0,0,1,Pedestrian
2,869.0,804.0,899.0,852.0,131,0,0,1,Pedestrian
2,869.0,804.0,899.0,852.0,132,0,0,1,Pedestrian
2,869.0,804.0,899.0,852.0,133,0,0,1,Pedestrian
2,871.0,804.0,901.0,852.0,134,0,0,1,Pedestrian
2,871.0,804.0,901.0,852.0,135,0,0,1,Pedestrian
2,871.0,804.0,901.0,852.0,136,0,0,1,Pedestrian
2,871.0,804.0,901.0,852.0,137,0,0,1,Pedestrian
2,871.0,804.0,901.0,852.0,138,0,0,1,Pedestrian
2,871.0,804.0,901.0,852.0,139,0,0,1,Pedestrian
2,871.0,808.0,901.0,852.0,140,0,0,1,Pedestrian
2,871.0,808.0,901.0,852.0,141,0,0,1,Pedestrian
2,871.0,808.0,901.0,852.0,142,0,0,1,Pedestrian
2,871.0,808.0,901.0,852.0,143,0,0,1,Pedestrian
2,871.0,808.0,901.0,852.0,144,0,0,1,Pedestrian
2,871.0,808.0,901.0,852.0,145,0,0,1,Pedestrian
2,871.0,808.0,901.0,852.0,146,0,0,1,Pedestrian
2,873.0,808.0,903.0,852.0,147,0,0,1,Pedestrian
2,873.0,808.0,903.0,852.0,148,0,0,1,Pedestrian
2,873.0,808.0,903.0,852.0,149,0,0,1,Pedestrian
2,873.0,812.0,903.0,852.0,150,0,0,1,Pedestrian
2,873.0,812.0,903.0,852.0,151,0,0,1,Pedestrian
2,873.0,812.0,903.0,852.0,152,0,0,1,Pedestrian
2,873.0,812.0,903.0,852.0,153,0,0,1,Pedestrian
2,873.0,812.0,903.0,852.0,154,0,0,1,Pedestrian
2,873.0,812.0,903.0,852.0,155,0,0,1,Pedestrian
2,873.0,812.0,903.0,852.0,156,0,0,1,Pedestrian
2,873.0,812.0,903.0,852.0,157,0,0,1,Pedestrian
2,873.0,812.0,903.0,852.0,158,0,0,1,Pedestrian
2,873.0,812.0,903.0,852.0,159,0,0,1,Pedestrian
2,875.0,816.0,905.0,852.0,160,0,0,0,Pedestrian
2,875.0,816.0,905.0,852.0,161,0,0,1,Pedestrian
2,875.0,816.0,905.0,852.0,162,0,0,1,Pedestrian
2,875.0,816.0,905.0,852.0,163,0,0,1,Pedestrian
2,875.0,816.0,905.0,852.0,164,0,0,1,Pedestrian
2,875.0,816.0,905.0,852.0,165,0,0,1,Pedestrian
2,875.0,816.0,905.0,852.0,166,0,0,1,Pedestrian
2,875.0,816.0,905.0,852.0,167,0,0,1,Pedestrian
2,875.0,816.0,905.0,852.0,168,0,0,1,Pedestrian
2,875.0,816.0,905.0,852.0,169,0,0,1,Pedestrian
2,875.0,816.0,905.0,852.0,170,0,0,1,Pedestrian
2,875.0,816.0,905.0,852.0,171,0,0,1,Pedestrian
2,875.0,816.0,905.0,852.0,172,0,0,1,Pedestrian
2,875.0,816.0,905.0,852.0,173,0,0,1,Pedestrian
2,875.0,816.0,905.0,852.0,174,0,0,1,Pedestrian
2,875.0,816.0,905.0,852.0,175,0,0,1,Pedestrian
2,875.0,816.0,905.0,852.0,176,0,0,1,Pedestrian
2,875.0,816.0,905.0,852.0,177,0,0,1,Pedestrian
2,875.0,816.0,905.0,852.0,178,0,0,1,Pedestrian
2,875.0,816.0,905.0,852.0,179,0,0,1,Pedestrian
2,875.0,820.0,905.0,857.0,180,0,0,0,Pedestrian
2,873.0,812.0,903.0,857.0,181,0,0,1,Pedestrian
2,871.0,808.0,901.0,861.0,182,0,0,1,Pedestrian
2,869.0,804.0,899.0,865.0,183,0,0,1,Pedestrian
2,867.0,799.0,897.0,865.0,184,0,0,1,Pedestrian
2,865.0,791.0,897.0,869.0,185,0,0,1,Pedestrian
2,863.0,787.0,895.0,873.0,186,0,0,1,Pedestrian
2,861.0,783.0,893.0,873.0,187,0,0,1,Pedestrian
2,859.0,779.0,891.0,877.0,188,0,0,1,Pedestrian
2,859.0,775.0,891.0,881.0,189,0,1,0,Pedestrian
2,859.0,771.0,891.0,877.0,190,0,1,1,Pedestrian
2,859.0,771.0,891.0,877.0,191,0,1,1,Pedestrian
2,859.0,771.0,891.0,877.0,192,0,1,1,Pedestrian
2,859.0,771.0,891.0,877.0,193,0,1,1,Pedestrian
2,859.0,771.0,891.0,877.0,194,0,1,1,Pedestrian
2,859.0,771.0,891.0,877.0,195,0,1,1,Pedestrian
2,859.0,771.0,891.0,877.0,196,0,1,1,Pedestrian
2,859.0,771.0,891.0,877.0,197,0,1,1,Pedestrian
2,859.0,771.0,891.0,877.0,198,0,1,1,Pedestrian
2,859.0,771.0,891.0,877.0,199,0,1,1,Pedestrian
2,859.0,771.0,891.0,877.0,200,0,1,1,Pedestrian
2,861.0,771.0,893.0,877.0,201,0,1,1,Pedestrian
2,861.0,771.0,893.0,877.0,202,0,1,1,Pedestrian
2,861.0,771.0,893.0,877.0,203,0,1,1,Pedestrian
2,861.0,771.0,893.0,877.0,204,0,1,1,Pedestrian
2,861.0,771.0,893.0,877.0,205,0,1,1,Pedestrian
2,861.0,771.0,893.0,877.0,206,0,1,1,Pedestrian
2,861.0,771.0,893.0,877.0,207,0,1,1,Pedestrian
2,861.0,771.0,893.0,877.0,208,0,1,1,Pedestrian
2,861.0,771.0,893.0,877.0,209,0,1,1,Pedestrian
2,861.0,771.0,893.0,877.0,210,0,1,1,Pedestrian
2,861.0,771.0,893.0,877.0,211,0,1,1,Pedestrian
2,861.0,771.0,893.0,877.0,212,0,1,1,Pedestrian
2,863.0,771.0,895.0,877.0,213,0,1,1,Pedestrian
2,863.0,771.0,895.0,877.0,214,0,1,1,Pedestrian
2,863.0,771.0,895.0,877.0,215,0,1,1,Pedestrian
2,863.0,771.0,895.0,877.0,216,0,1,1,Pedestrian
2,863.0,771.0,895.0,877.0,217,0,1,1,Pedestrian
2,863.0,771.0,895.0,877.0,218,0,1,1,Pedestrian
2,863.0,771.0,895.0,877.0,219,0,1,1,Pedestrian
2,863.0,771.0,895.0,877.0,220,0,1,1,Pedestrian
2,863.0,771.0,895.0,877.0,221,0,1,1,Pedestrian
2,863.0,771.0,895.0,877.0,222,0,1,1,Pedestrian
2,863.0,771.0,895.0,877.0,223,0,1,1,Pedestrian
2,865.0,771.0,897.0,877.0,224,0,1,1,Pedestrian
2,865.0,771.0,897.0,877.0,225,0,1,1,Pedestrian
2,865.0,771.0,897.0,877.0,226,0,1,1,Pedestrian
2,865.0,771.0,897.0,877.0,227,0,1,1,Pedestrian
2,865.0,771.0,897.0,877.0,228,0,1,1,Pedestrian
2,865.0,771.0,897.0,877.0,229,0,1,1,Pedestrian
2,865.0,771.0,897.0,877.0,230,0,1,1,Pedestrian
2,865.0,771.0,897.0,877.0,231,0,1,1,Pedestrian
2,865.0,771.0,897.0,877.0,232,0,1,1,Pedestrian
2,865.0,771.0,897.0,877.0,233,0,1,1,Pedestrian
2,865.0,771.0,897.0,877.0,234,0,1,1,Pedestrian
2,865.0,771.0,897.0,877.0,235,0,1,1,Pedestrian
2,867.0,771.0,899.0,877.0,236,0,1,1,Pedestrian
2,867.0,771.0,899.0,877.0,237,0,1,1,Pedestrian
2,867.0,771.0,899.0,877.0,238,0,1,1,Pedestrian
2,867.0,771.0,899.0,877.0,239,0,1,1,Pedestrian
2,867.0,771.0,899.0,877.0,240,0,1,1,Pedestrian
2,867.0,771.0,899.0,877.0,241,0,1,1,Pedestrian
2,867.0,771.0,899.0,877.0,242,0,1,1,Pedestrian
2,867.0,771.0,899.0,877.0,243,0,1,1,Pedestrian
2,867.0,771.0,899.0,877.0,244,0,1,1,Pedestrian
2,867.0,771.0,899.0,877.0,245,0,1,1,Pedestrian
2,867.0,771.0,899.0,877.0,246,0,1,1,Pedestrian
2,867.0,771.0,899.0,877.0,247,0,1,1,Pedestrian
2,869.0,771.0,901.0,877.0,248,0,1,1,Pedestrian
2,869.0,771.0,901.0,877.0,249,0,1,1,Pedestrian
2,869.0,771.0,901.0,877.0,250,0,1,1,Pedestrian
2,869.0,771.0,901.0,877.0,251,0,1,1,Pedestrian
2,869.0,771.0,901.0,877.0,252,0,1,1,Pedestrian
2,869.0,771.0,901.0,877.0,253,0,1,1,Pedestrian
2,869.0,771.0,901.0,877.0,254,0,1,1,Pedestrian
2,869.0,771.0,901.0,877.0,255,0,1,1,Pedestrian
2,869.0,771.0,901.0,877.0,256,0,1,1,Pedestrian
2,869.0,771.0,901.0,877.0,257,0,1,1,Pedestrian
2,869.0,771.0,901.0,877.0,258,0,1,1,Pedestrian
2,871.0,771.0,903.0,877.0,259,0,1,0,Pedestrian
2,871.0,767.0,903.0,873.0,260,0,1,1,Pedestrian
2,873.0,767.0,905.0,873.0,261,0,1,1,Pedestrian
2,873.0,767.0,905.0,873.0,262,0,1,1,Pedestrian
2,875.0,767.0,907.0,873.0,263,0,1,1,Pedestrian
2,877.0,767.0,909.0,873.0,264,0,1,1,Pedestrian
2,877.0,767.0,909.0,873.0,265,0,1,1,Pedestrian
2,879.0,767.0,911.0,873.0,266,0,1,1,Pedestrian
2,879.0,763.0,911.0,869.0,267,0,1,1,Pedestrian
2,881.0,763.0,913.0,869.0,268,0,1,1,Pedestrian
2,883.0,763.0,915.0,869.0,269,0,1,1,Pedestrian
2,883.0,763.0,915.0,869.0,270,0,1,1,Pedestrian
2,885.0,763.0,917.0,869.0,271,0,1,1,Pedestrian
2,887.0,763.0,919.0,869.0,272,0,1,1,Pedestrian
2,887.0,763.0,919.0,869.0,273,0,1,1,Pedestrian
2,889.0,759.0,921.0,865.0,274,0,1,1,Pedestrian
2,889.0,759.0,921.0,865.0,275,0,1,1,Pedestrian
2,891.0,759.0,923.0,865.0,276,0,1,1,Pedestrian
2,893.0,759.0,925.0,865.0,277,0,1,1,Pedestrian
2,893.0,759.0,925.0,865.0,278,0,1,1,Pedestrian
2,895.0,759.0,927.0,865.0,279,0,1,1,Pedestrian
2,897.0,759.0,929.0,865.0,280,0,1,0,Pedestrian
2,897.0,759.0,929.0,865.0,281,0,1,1,Pedestrian
2,897.0,759.0,929.0,865.0,282,0,1,1,Pedestrian
2,897.0,759.0,929.0,865.0,283,0,1,1,Pedestrian
2,897.0,759.0,929.0,865.0,284,0,1,1,Pedestrian
2,897.0,759.0,929.0,865.0,285,0,1,1,Pedestrian
2,897.0,759.0,929.0,865.0,286,0,1,1,Pedestrian
2,897.0,759.0,929.0,865.0,287,0,1,1,Pedestrian
2,897.0,759.0,929.0,865.0,288,0,1,1,Pedestrian
2,897.0,759.0,929.0,865.0,289,0,1,1,Pedestrian
2,897.0,759.0,929.0,865.0,290,0,1,1,Pedestrian
2,897.0,759.0,929.0,865.0,291,0,1,1,Pedestrian
2,897.0,759.0,929.0,865.0,292,0,1,1,Pedestrian
2,897.0,759.0,929.0,865.0,293,0,1,1,Pedestrian
2,897.0,759.0,929.0,865.0,294,0,1,1,Pedestrian
2,897.0,759.0,929.0,865.0,295,0,1,1,Pedestrian
2,897.0,759.0,929.0,865.0,296,0,1,1,Pedestrian
2,897.0,759.0,929.0,865.0,297,0,1,1,Pedestrian
2,897.0,759.0,929.0,865.0,298,0,1,1,Pedestrian
2,897.0,759.0,929.0,865.0,299,0,1,1,Pedestrian
2,897.0,759.0,929.0,865.0,300,0,1,1,Pedestrian
2,897.0,759.0,929.0,865.0,301,0,1,1,Pedestrian
2,897.0,759.0,929.0,865.0,302,0,1,1,Pedestrian
2,897.0,759.0,929.0,865.0,303,0,1,1,Pedestrian
2,897.0,759.0,929.0,865.0,304,0,1,1,Pedestrian
2,897.0,759.0,929.0,865.0,305,0,1,1,Pedestrian
2,897.0,759.0,929.0,865.0,306,0,1,1,Pedestrian
2,897.0,759.0,929.0,865.0,307,0,1,1,Pedestrian
2,897.0,759.0,929.0,865.0,308,0,1,1,Pedestrian
2,897.0,759.0,929.0,865.0,309,0,1,1,Pedestrian
2,897.0,759.0,929.0,865.0,310,0,1,1,Pedestrian
2,897.0,759.0,929.0,865.0,311,0,1,1,Pedestrian
2,897.0,759.0,929.0,865.0,312,0,1,1,Pedestrian
2,897.0,759.0,929.0,865.0,313,0,1,1,Pedestrian
2,897.0,759.0,929.0,865.0,314,0,1,1,Pedestrian
2,897.0,759.0,929.0,865.0,315,0,1,1,Pedestrian
2,897.0,759.0,929.0,865.0,316,0,1,1,Pedestrian
2,897.0,759.0,929.0,865.0,317,0,1,1,Pedestrian
2,897.0,759.0,929.0,865.0,318,0,1,1,Pedestrian
2,897.0,759.0,929.0,865.0,319,0,1,1,Pedestrian
2,897.0,759.0,929.0,865.0,320,0,1,1,Pedestrian
2,897.0,759.0,929.0,865.0,321,0,1,1,Pedestrian
2,897.0,759.0,929.0,865.0,322,0,1,1,Pedestrian
2,897.0,759.0,929.0,865.0,323,0,1,1,Pedestrian
2,897.0,759.0,929.0,865.0,324,0,1,1,Pedestrian
2,897.0,759.0,929.0,865.0,325,0,1,1,Pedestrian
2,897.0,759.0,929.0,865.0,326,0,1,1,Pedestrian
2,897.0,759.0,929.0,865.0,327,0,1,1,Pedestrian
2,897.0,759.0,929.0,865.0,328,0,1,1,Pedestrian
2,897.0,759.0,929.0,865.0,329,0,1,1,Pedestrian
2,899.0,759.0,931.0,865.0,330,0,1,1,Pedestrian
2,899.0,759.0,931.0,865.0,331,0,1,1,Pedestrian
2,899.0,759.0,931.0,865.0,332,0,1,1,Pedestrian
2,899.0,759.0,931.0,865.0,333,0,1,1,Pedestrian
2,899.0,759.0,931.0,865.0,334,0,1,1,Pedestrian
2,899.0,759.0,931.0,865.0,335,0,1,1,Pedestrian
2,899.0,759.0,931.0,865.0,336,0,1,1,Pedestrian
2,899.0,759.0,931.0,865.0,337,0,1,1,Pedestrian
2,899.0,759.0,931.0,865.0,338,0,1,1,Pedestrian
2,899.0,759.0,931.0,865.0,339,0,1,1,Pedestrian
2,899.0,759.0,931.0,865.0,340,0,1,1,Pedestrian
2,899.0,759.0,931.0,865.0,341,0,1,1,Pedestrian
2,899.0,759.0,931.0,865.0,342,0,1,1,Pedestrian
2,899.0,759.0,931.0,865.0,343,0,1,1,Pedestrian
2,899.0,759.0,931.0,865.0,344,0,1,1,Pedestrian
2,899.0,759.0,931.0,865.0,345,0,1,1,Pedestrian
2,899.0,759.0,931.0,865.0,346,0,1,1,Pedestrian
2,899.0,759.0,931.0,865.0,347,0,1,1,Pedestrian
2,899.0,759.0,931.0,865.0,348,0,1,1,Pedestrian
2,899.0,759.0,931.0,865.0,349,0,1,1,Pedestrian
2,899.0,759.0,931.0,865.0,350,0,1,1,Pedestrian
2,899.0,759.0,931.0,865.0,351,0,1,1,Pedestrian
2,899.0,759.0,931.0,865.0,352,0,1,1,Pedestrian
2,899.0,759.0,931.0,865.0,353,0,1,1,Pedestrian
2,899.0,759.0,931.0,865.0,354,0,1,1,Pedestrian
2,899.0,759.0,931.0,865.0,355,0,1,1,Pedestrian
2,899.0,759.0,931.0,865.0,356,0,1,1,Pedestrian
2,899.0,759.0,931.0,865.0,357,0,1,1,Pedestrian
2,899.0,759.0,931.0,865.0,358,0,1,1,Pedestrian
2,899.0,759.0,931.0,865.0,359,0,1,1,Pedestrian
2,899.0,759.0,931.0,865.0,360,0,1,1,Pedestrian
2,899.0,759.0,931.0,865.0,361,0,1,1,Pedestrian
2,899.0,759.0,931.0,865.0,362,0,1,1,Pedestrian
2,899.0,759.0,931.0,865.0,363,0,1,1,Pedestrian
2,899.0,759.0,931.0,865.0,364,0,1,1,Pedestrian
2,899.0,759.0,931.0,865.0,365,0,1,1,Pedestrian
2,899.0,759.0,931.0,865.0,366,0,1,1,Pedestrian
2,899.0,759.0,931.0,865.0,367,0,1,1,Pedestrian
2,899.0,759.0,931.0,865.0,368,0,1,1,Pedestrian
2,899.0,759.0,931.0,865.0,369,0,1,1,Pedestrian
2,899.0,759.0,931.0,865.0,370,0,1,1,Pedestrian
2,899.0,759.0,931.0,865.0,371,0,1,1,Pedestrian
2,899.0,759.0,931.0,865.0,372,0,1,1,Pedestrian
2,899.0,759.0,931.0,865.0,373,0,1,1,Pedestrian
2,899.0,759.0,931.0,865.0,374,0,1,1,Pedestrian
2,899.0,759.0,931.0,865.0,375,0,1,1,Pedestrian
2,899.0,759.0,931.0,865.0,376,0,1,1,Pedestrian
2,899.0,759.0,931.0,865.0,377,0,1,1,Pedestrian
2,899.0,759.0,931.0,865.0,378,0,1,1,Pedestrian
2,899.0,759.0,931.0,865.0,379,0,1,1,Pedestrian
2,901.0,759.0,933.0,865.0,380,0,1,1,Pedestrian
2,901.0,759.0,933.0,865.0,381,0,1,1,Pedestrian
2,901.0,759.0,933.0,865.0,382,0,1,1,Pedestrian
2,901.0,759.0,933.0,865.0,383,0,1,1,Pedestrian
2,901.0,759.0,933.0,865.0,384,0,1,1,Pedestrian
2,901.0,759.0,933.0,865.0,385,0,1,1,Pedestrian
2,901.0,759.0,933.0,865.0,386,0,1,1,Pedestrian
2,901.0,759.0,933.0,865.0,387,0,1,1,Pedestrian
2,901.0,759.0,933.0,865.0,388,0,1,1,Pedestrian
2,901.0,759.0,933.0,865.0,389,0,1,1,Pedestrian
2,901.0,759.0,933.0,865.0,390,0,1,1,Pedestrian
2,901.0,759.0,933.0,865.0,391,0,1,1,Pedestrian
2,901.0,759.0,933.0,865.0,392,0,1,1,Pedestrian
2,901.0,759.0,933.0,865.0,393,0,1,1,Pedestrian
2,901.0,759.0,933.0,865.0,394,0,1,1,Pedestrian
2,901.0,759.0,933.0,865.0,395,0,1,1,Pedestrian
2,901.0,759.0,933.0,865.0,396,0,1,1,Pedestrian
2,901.0,759.0,933.0,865.0,397,0,1,1,Pedestrian
2,901.0,759.0,933.0,865.0,398,0,1,1,Pedestrian
2,901.0,759.0,933.0,865.0,399,0,1,1,Pedestrian
2,901.0,759.0,933.0,865.0,400,0,1,1,Pedestrian
2,901.0,759.0,933.0,865.0,401,0,1,1,Pedestrian
2,901.0,759.0,933.0,865.0,402,0,1,1,Pedestrian
2,901.0,759.0,933.0,865.0,403,0,1,1,Pedestrian
2,901.0,759.0,933.0,865.0,404,0,1,1,Pedestrian
2,901.0,759.0,933.0,865.0,405,0,1,1,Pedestrian
2,901.0,759.0,933.0,865.0,406,0,1,1,Pedestrian
2,901.0,759.0,933.0,865.0,407,0,1,1,Pedestrian
2,901.0,759.0,933.0,865.0,408,0,1,1,Pedestrian
2,901.0,759.0,933.0,865.0,409,0,1,1,Pedestrian
2,901.0,759.0,933.0,865.0,410,0,1,1,Pedestrian
2,901.0,759.0,933.0,865.0,411,0,1,1,Pedestrian
2,901.0,759.0,933.0,865.0,412,0,1,1,Pedestrian
2,901.0,759.0,933.0,865.0,413,0,1,1,Pedestrian
2,901.0,759.0,933.0,865.0,414,0,1,1,Pedestrian
2,901.0,759.0,933.0,865.0,415,0,1,1,Pedestrian
2,901.0,759.0,933.0,865.0,416,0,1,1,Pedestrian
2,901.0,759.0,933.0,865.0,417,0,1,1,Pedestrian
2,901.0,759.0,933.0,865.0,418,0,1,1,Pedestrian
2,901.0,759.0,933.0,865.0,419,0,1,1,Pedestrian
2,901.0,759.0,933.0,865.0,420,0,1,1,Pedestrian
2,901.0,759.0,933.0,865.0,421,0,1,1,Pedestrian
2,901.0,759.0,933.0,865.0,422,0,1,1,Pedestrian
2,901.0,759.0,933.0,865.0,423,0,1,1,Pedestrian
2,901.0,759.0,933.0,865.0,424,0,1,1,Pedestrian
2,901.0,759.0,933.0,865.0,425,0,1,1,Pedestrian
2,901.0,759.0,933.0,865.0,426,0,1,1,Pedestrian
2,901.0,759.0,933.0,865.0,427,0,1,1,Pedestrian
2,901.0,759.0,933.0,865.0,428,0,1,1,Pedestrian
2,901.0,759.0,933.0,865.0,429,0,1,1,Pedestrian
2,903.0,763.0,935.0,869.0,430,0,1,0,Pedestrian
3,526.0,1224.0,586.0,1289.0,0,0,0,0,Cart
3,528.0,1224.0,588.0,1289.0,1,0,0,1,Cart
3,530.0,1228.0,590.0,1293.0,2,0,0,1,Cart
3,532.0,1228.0,592.0,1293.0,3,0,0,1,Cart
3,536.0,1232.0,596.0,1297.0,4,0,0,1,Cart
3,538.0,1232.0,598.0,1301.0,5,0,0,1,Cart
3,540.0,1236.0,600.0,1301.0,6,0,0,1,Cart
3,544.0,1236.0,604.0,1306.0,7,0,0,1,Cart
3,546.0,1240.0,606.0,1310.0,8,0,0,1,Cart
3,548.0,1240.0,608.0,1310.0,9,0,0,1,Cart
3,552.0,1244.0,612.0,1314.0,10,0,0,1,Cart
3,554.0,1244.0,614.0,1314.0,11,0,0,1,Cart
3,556.0,1248.0,616.0,1318.0,12,0,0,1,Cart
3,560.0,1248.0,620.0,1322.0,13,0,0,1,Cart
3,562.0,1252.0,622.0,1322.0,14,0,0,1,Cart
3,564.0,1252.0,624.0,1326.0,15,0,0,1,Cart
3,568.0,1257.0,628.0,1330.0,16,0,0,0,Cart
3,570.0,1252.0,630.0,1326.0,17,0,0,1,Cart
3,574.0,1252.0,634.0,1326.0,18,0,0,1,Cart
3,578.0,1252.0,638.0,1326.0,19,0,0,1,Cart
3,580.0,1252.0,640.0,1326.0,20,0,0,1,Cart
3,584.0,1252.0,644.0,1326.0,21,0,0,1,Cart
3,588.0,1252.0,648.0,1326.0,22,0,0,1,Cart
3,592.0,1252.0,652.0,1326.0,23,0,0,1,Cart
3,594.0,1252.0,654.0,1326.0,24,0,0,1,Cart
3,598.0,1252.0,658.0,1326.0,25,0,0,1,Cart
3,602.0,1252.0,662.0,1326.0,26,0,0,1,Cart
3,606.0,1252.0,666.0,1326.0,27,0,0,1,Cart
3,608.0,1252.0,668.0,1326.0,28,0,0,1,Cart
3,612.0,1252.0,672.0,1326.0,29,0,0,1,Cart
3,616.0,1252.0,676.0,1326.0,30,0,0,1,Cart
3,620.0,1252.0,680.0,1326.0,31,0,0,0,Cart
3,622.0,1252.0,682.0,1326.0,32,0,0,1,Cart
3,626.0,1252.0,686.0,1326.0,33,0,0,1,Cart
3,630.0,1252.0,690.0,1326.0,34,0,0,1,Cart
3,634.0,1257.0,694.0,1330.0,35,0,0,1,Cart
3,638.0,1257.0,698.0,1330.0,36,0,0,1,Cart
3,642.0,1257.0,702.0,1330.0,37,0,0,1,Cart
3,646.0,1257.0,706.0,1330.0,38,0,0,1,Cart
3,650.0,1261.0,710.0,1334.0,39,0,0,1,Cart
3,654.0,1261.0,714.0,1334.0,40,0,0,1,Cart
3,658.0,1261.0,718.0,1334.0,41,0,0,1,Cart
3,662.0,1261.0,721.0,1334.0,42,0,0,1,Cart
3,666.0,1265.0,725.0,1338.0,43,0,0,0,Cart
3,668.0,1265.0,727.0,1338.0,44,0,0,1,Cart
3,670.0,1265.0,729.0,1338.0,45,0,0,1,Cart
3,674.0,1265.0,733.0,1338.0,46,0,0,1,Cart
3,676.0,1265.0,735.0,1338.0,47,0,0,1,Cart
3,678.0,1265.0,737.0,1338.0,48,0,0,1,Cart
3,682.0,1269.0,741.0,1342.0,49,0,0,1,Cart
3,684.0,1269.0,743.0,1342.0,50,0,0,1,Cart
3,686.0,1269.0,745.0,1342.0,51,0,0,1,Cart
3,690.0,1269.0,749.0,1342.0,52,0,0,1,Cart
3,692.0,1269.0,751.0,1342.0,53,0,0,1,Cart
3,696.0,1273.0,755.0,1346.0,54,0,0,0,Cart
3,698.0,1269.0,757.0,1342.0,55,0,0,1,Cart
3,702.0,1265.0,761.0,1342.0,56,0,0,1,Cart
3,706.0,1261.0,765.0,1338.0,57,0,0,1,Cart
3,710.0,1261.0,769.0,1338.0,58,0,0,1,Cart
3,714.0,1257.0,773.0,1334.0,59,0,0,1,Cart
3,718.0,1252.0,777.0,1334.0,60,0,0,1,Cart
3,719.0,1252.0,779.0,1330.0,61,0,0,1,Cart
3,723.0,1248.0,783.0,1330.0,62,0,0,1,Cart
3,727.0,1244.0,787.0,1326.0,63,0,0,1,Cart
3,731.0,1244.0,791.0,1326.0,64,0,0,1,Cart
3,735.0,1240.0,795.0,1326.0,65,0,0,1,Cart
3,739.0,1236.0,799.0,1322.0,66,0,0,1,Cart
3,743.0,1232.0,803.0,1322.0,67,0,0,1,Cart
3,745.0,1232.0,805.0,1318.0,68,0,0,1,Cart
3,749.0,1228.0,809.0,1318.0,69,0,0,1,Cart
3,753.0,1224.0,813.0,1314.0,70,0,0,1,Cart
3,757.0,1224.0,817.0,1314.0,71,0,0,1,Cart
3,761.0,1220.0,821.0,1310.0,72,0,0,1,Cart
3,765.0,1216.0,825.0,1310.0,73,0,0,1,Cart
3,769.0,1216.0,829.0,1310.0,74,0,0,0,Cart
3,769.0,1216.0,829.0,1306.0,75,0,0,1,Cart
3,771.0,1216.0,831.0,1306.0,76,0,0,1,Cart
3,771.0,1216.0,831.0,1306.0,77,0,0,1,Cart
3,773.0,1216.0,833.0,1306.0,78,0,0,1,Cart
3,773.0,1216.0,833.0,1306.0,79,0,0,1,Cart
3,775.0,1216.0,835.0,1306.0,80,0,0,1,Cart
3,775.0,1216.0,835.0,1306.0,81,0,0,1,Cart
3,777.0,1216.0,837.0,1301.0,82,0,0,1,Cart
3,777.0,1216.0,837.0,1301.0,83,0,0,1,Cart
3,779.0,1216.0,839.0,1301.0,84,0,0,1,Cart
3,779.0,1216.0,839.0,1301.0,85,0,0,1,Cart
3,781.0,1216.0,841.0,1301.0,86,0,0,1,Cart
3,781.0,1216.0,841.0,1301.0,87,0,0,1,Cart
3,783.0,1216.0,843.0,1301.0,88,0,0,1,Cart
3,783.0,1216.0,843.0,1297.0,89,0,0,1,Cart
3,785.0,1216.0,845.0,1297.0,90,0,0,1,Cart
3,785.0,1216.0,845.0,1297.0,91,0,0,1,Cart
3,787.0,1216.0,847.0,1297.0,92,0,0,1,Cart
3,787.0,1216.0,847.0,1297.0,93,0,0,1,Cart
3,789.0,1216.0,849.0,1297.0,94,0,0,1,Cart
3,791.0,1216.0,851.0,1297.0,95,0,0,0,Cart
3,791.0,1212.0,851.0,1293.0,96,0,0,1,Cart
3,791.0,1212.0,851.0,1293.0,97,0,0,1,Cart
3,793.0,1208.0,853.0,1289.0,98,0,0,1,Cart
3,793.0,1208.0,853.0,1289.0,99,0,0,1,Cart
3,795.0,1203.0,855.0,1285.0,100,0,0,1,Cart
3,795.0,1203.0,855.0,1285.0,101,0,0,1,Cart
3,795.0,1199.0,855.0,1281.0,102,0,0,1,Cart
3,797.0,1199.0,857.0,1281.0,103,0,0,1,Cart
3,797.0,1195.0,857.0,1277.0,104,0,0,1,Cart
3,799.0,1195.0,859.0,1277.0,105,0,0,0,Cart
3,801.0,1191.0,861.0,1273.0,106,0,0,1,Cart
3,803.0,1191.0,863.0,1273.0,107,0,0,1,Cart
3,805.0,1191.0,865.0,1273.0,108,0,0,1,Cart
3,807.0,1191.0,867.0,1273.0,109,0,0,1,Cart
3,809.0,1191.0,869.0,1273.0,110,0,0,1,Cart
3,811.0,1187.0,871.0,1269.0,111,0,0,1,Cart
3,813.0,1187.0,873.0,1269.0,112,0,0,1,Cart
3,815.0,1187.0,875.0,1269.0,113,0,0,1,Cart
3,817.0,1187.0,877.0,1269.0,114,0,0,1,Cart
3,821.0,1187.0,881.0,1269.0,115,0,0,0,Cart
3,821.0,1179.0,881.0,1261.0,116,0,0,1,Cart
3,821.0,1175.0,881.0,1257.0,117,0,0,1,Cart
3,823.0,1171.0,883.0,1252.0,118,0,0,1,Cart
3,823.0,1167.0,883.0,1248.0,119,0,0,1,Cart
3,825.0,1163.0,885.0,1244.0,120,0,0,1,Cart
3,825.0,1154.0,885.0,1236.0,121,0,0,1,Cart
3,825.0,1150.0,885.0,1232.0,122,0,0,1,Cart
3,827.0,1146.0,887.0,1228.0,123,0,0,1,Cart
3,827.0,1142.0,887.0,1224.0,124,0,0,1,Cart
3,829.0,1138.0,889.0,1220.0,125,0,0,0,Cart
3,829.0,1134.0,889.0,1216.0,126,0,0,1,Cart
3,829.0,1134.0,889.0,1216.0,127,0,0,1,Cart
3,829.0,1134.0,889.0,1216.0,128,0,0,1,Cart
3,829.0,1130.0,889.0,1212.0,129,0,0,1,Cart
3,829.0,1130.0,889.0,1212.0,130,0,0,1,Cart
3,829.0,1130.0,889.0,1212.0,131,0,0,1,Cart
3,829.0,1126.0,889.0,1208.0,132,0,0,1,Cart
3,829.0,1126.0,889.0,1208.0,133,0,0,1,Cart
3,829.0,1126.0,889.0,1208.0,134,0,0,1,Cart
3,829.0,1126.0,889.0,1208.0,135,0,0,0,Cart
3,829.0,1118.0,889.0,1199.0,136,0,0,1,Cart
3,829.0,1114.0,889.0,1195.0,137,0,0,1,Cart
3,829.0,1110.0,889.0,1191.0,138,0,0,1,Cart
3,829.0,1106.0,889.0,1187.0,139,0,0,1,Cart
3,829.0,1101.0,889.0,1183.0,140,0,0,1,Cart
3,831.0,1097.0,891.0,1179.0,141,0,0,1,Cart
3,831.0,1093.0,891.0,1175.0,142,0,0,1,Cart
3,831.0,1089.0,891.0,1171.0,143,0,0,1,Cart
3,831.0,1085.0,891.0,1167.0,144,0,0,1,Cart
3,831.0,1081.0,891.0,1163.0,145,0,0,1,Cart
3,831.0,1077.0,891.0,1159.0,146,0,0,1,Cart
3,833.0,1073.0,893.0,1154.0,147,0,0,0,Cart
3,831.0,1069.0,891.0,1150.0,148,0,0,1,Cart
3,831.0,1065.0,891.0,1146.0,149,0,0,1,Cart
3,831.0,1065.0,891.0,1146.0,150,0,0,1,Cart
3,829.0,1061.0,889.0,1142.0,151,0,0,1,Cart
3,829.0,1061.0,889.0,1142.0,152,0,0,1,Cart
3,829.0,1057.0,889.0,1138.0,153,0,0,1,Cart
3,829.0,1057.0,889.0,1138.0,154,0,0,1,Cart
3,827.0,1052.0,887.0,1134.0,155,0,0,1,Cart
3,827.0,1052.0,887.0,1134.0,156,0,0,1,Cart
3,827.0,1048.0,887.0,1130.0,157,0,0,1,Cart
3,827.0,1048.0,887.0,1130.0,158,0,0,0,Cart
3,825.0,1044.0,885.0,1126.0,159,0,0,1,Cart
3,825.0,1040.0,885.0,1122.0,160,0,0,1,Cart
3,825.0,1036.0,885.0,1118.0,161,0,0,1,Cart
3,825.0,1032.0,885.0,1114.0,162,0,0,1,Cart
3,825.0,1032.0,885.0,1114.0,163,0,0,1,Cart
3,823.0,1028.0,883.0,1110.0,164,0,0,1,Cart
3,823.0,1024.0,883.0,1106.0,165,0,0,1,Cart
3,823.0,1020.0,883.0,1101.0,166,0,0,1,Cart
3,823.0,1016.0,883.0,1097.0,167,0,0,1,Cart
3,823.0,1016.0,883.0,1097.0,168,0,0,0,Cart
3,821.0,1012.0,881.0,1093.0,169,0,0,1,Cart
3,821.0,1012.0,881.0,1093.0,170,0,0,1,Cart
3,821.0,1008.0,881.0,1089.0,171,0,0,1,Cart
3,819.0,1008.0,879.0,1089.0,172,0,0,1,Cart
3,819.0,1008.0,879.0,1089.0,173,0,0,1,Cart
3,819.0,1003.0,879.0,1085.0,174,0,0,1,Cart
3,819.0,1003.0,879.0,1085.0,175,0,0,1,Cart
3,817.0,1003.0,877.0,1085.0,176,0,0,1,Cart
3,817.0,999.0,877.0,1081.0,177,0,0,1,Cart
3,817.0,999.0,877.0,1081.0,178,0,0,1,Cart
3,817.0,999.0,877.0,1081.0,179,0,0,0,Cart
3,817.0,991.0,877.0,1073.0,180,0,0,1,Cart
3,817.0,987.0,877.0,1069.0,181,0,0,1,Cart
3,817.0,983.0,877.0,1065.0,182,0,0,1,Cart
3,817.0,979.0,877.0,1061.0,183,0,0,1,Cart
3,817.0,975.0,877.0,1057.0,184,0,0,1,Cart
3,817.0,971.0,877.0,1052.0,185,0,0,1,Cart
3,817.0,967.0,877.0,1048.0,186,0,0,1,Cart
3,817.0,963.0,877.0,1044.0,187,0,0,1,Cart
3,817.0,959.0,877.0,1040.0,188,0,0,1,Cart
3,817.0,955.0,877.0,1036.0,189,0,0,1,Cart
3,817.0,950.0,877.0,1032.0,190,0,0,1,Cart
3,817.0,946.0,877.0,1028.0,191,0,0,1,Cart
3,817.0,942.0,877.0,1024.0,192,0,0,1,Cart
3,817.0,938.0,877.0,1020.0,193,0,0,1,Cart
3,817.0,934.0,877.0,1016.0,194,0,0,1,Cart
3,817.0,930.0,877.0,1012.0,195,0,0,1,Cart
3,817.0,926.0,877.0,1008.0,196,0,0,1,Cart
3,817.0,922.0,877.0,1003.0,197,0,0,1,Cart
3,817.0,918.0,877.0,999.0,198,0,0,1,Cart
3,817.0,914.0,877.0,995.0,199,0,0,0,Cart
3,815.0,910.0,875.0,991.0,200,0,0,1,Cart
3,813.0,906.0,873.0,987.0,201,0,0,1,Cart
3,813.0,906.0,873.0,987.0,202,0,0,1,Cart
3,811.0,901.0,871.0,983.0,203,0,0,1,Cart
3,811.0,901.0,871.0,983.0,204,0,0,1,Cart
3,809.0,897.0,869.0,979.0,205,0,0,1,Cart
3,807.0,893.0,867.0,975.0,206,0,0,1,Cart
3,807.0,893.0,867.0,975.0,207,0,0,1,Cart
3,805.0,889.0,865.0,971.0,208,0,0,1,Cart
3,805.0,889.0,865.0,971.0,209,0,0,1,Cart
3,803.0,885.0,863.0,967.0,210,0,0,1,Cart
3,803.0,885.0,863.0,967.0,211,0,0,1,Cart
3,801.0,881.0,861.0,963.0,212,0,0,1,Cart
3,799.0,877.0,859.0,959.0,213,0,0,1,Cart
3,799.0,877.0,859.0,959.0,214,0,0,1,Cart
3,797.0,873.0,857.0,955.0,215,0,0,1,Cart
3,797.0,873.0,857.0,955.0,216,0,0,1,Cart
3,795.0,869.0,855.0,950.0,217,0,0,1,Cart
3,793.0,865.0,853.0,946.0,218,0,0,1,Cart
3,793.0,865.0,853.0,946.0,219,0,0,1,Cart
3,791.0,861.0,851.0,942.0,220,0,0,1,Cart
3,791.0,861.0,851.0,942.0,221,0,0,1,Cart
3,789.0,857.0,849.0,938.0,222,0,0,1,Cart
3,789.0,857.0,849.0,938.0,223,0,0,1,Cart
3,787.0,852.0,847.0,934.0,224,0,0,1,Cart
3,785.0,848.0,845.0,930.0,225,0,0,1,Cart
3,785.0,848.0,845.0,930.0,226,0,0,1,Cart
3,783.0,844.0,843.0,926.0,227,0,0,1,Cart
3,783.0,844.0,843.0,926.0,228,0,0,1,Cart
3,781.0,840.0,841.0,922.0,229,0,0,1,Cart
3,781.0,840.0,841.0,922.0,230,0,0,0,Cart
3,781.0,832.0,841.0,914.0,231,0,0,1,Cart
3,781.0,828.0,841.0,910.0,232,0,0,1,Cart
3,781.0,824.0,841.0,906.0,233,0,0,1,Cart
3,781.0,820.0,841.0,901.0,234,0,0,1,Cart
3,781.0,816.0,841.0,897.0,235,0,0,1,Cart
3,781.0,812.0,841.0,893.0,236,0,0,1,Cart
3,781.0,808.0,841.0,889.0,237,0,0,1,Cart
3,781.0,804.0,841.0,885.0,238,0,0,1,Cart
3,781.0,799.0,841.0,881.0,239,0,0,0,Cart
3,779.0,795.0,839.0,877.0,240,0,0,1,Cart
3,779.0,791.0,839.0,873.0,241,0,0,1,Cart
3,779.0,787.0,839.0,869.0,242,0,0,1,Cart
3,779.0,787.0,839.0,869.0,243,0,0,1,Cart
3,779.0,783.0,839.0,865.0,244,0,0,1,Cart
3,777.0,779.0,837.0,861.0,245,0,0,1,Cart
3,777.0,779.0,837.0,861.0,246,0,0,1,Cart
3,777.0,775.0,837.0,857.0,247,0,0,1,Cart
3,777.0,771.0,837.0,852.0,248,0,0,1,Cart
3,777.0,771.0,837.0,852.0,249,0,0,0,Cart
3,777.0,767.0,837.0,848.0,250,0,0,1,Cart
3,777.0,763.0,837.0,844.0,251,0,0,1,Cart
3,777.0,759.0,837.0,840.0,252,0,0,1,Cart
3,777.0,759.0,837.0,840.0,253,0,0,1,Cart
3,777.0,755.0,837.0,836.0,254,0,0,1,Cart
3,777.0,750.0,837.0,832.0,255,0,0,1,Cart
3,777.0,750.0,837.0,832.0,256,0,0,1,Cart
3,777.0,746.0,837.0,828.0,257,0,0,1,Cart
3,777.0,742.0,837.0,824.0,258,0,0,1,Cart
3,777.0,742.0,837.0,824.0,259,0,0,0,Cart
3,775.0,738.0,835.0,820.0,260,0,0,1,Cart
3,775.0,734.0,835.0,816.0,261,0,0,1,Cart
3,773.0,730.0,833.0,812.0,262,0,0,1,Cart
3,773.0,726.0,833.0,808.0,263,0,0,1,Cart
3,773.0,726.0,833.0,808.0,264,0,0,1,Cart
3,771.0,722.0,831.0,804.0,265,0,0,1,Cart
3,771.0,718.0,831.0,799.0,266,0,0,1,Cart
3,769.0,714.0,829.0,795.0,267,0,0,1,Cart
3,769.0,710.0,829.0,791.0,268,0,0,1,Cart
3,769.0,710.0,829.0,791.0,269,0,0,0,Cart
3,767.0,706.0,827.0,787.0,270,0,0,1,Cart
3,767.0,701.0,827.0,783.0,271,0,0,1,Cart
3,767.0,697.0,827.0,779.0,272,0,0,1,Cart
3,767.0,693.0,827.0,775.0,273,0,0,1,Cart
3,767.0,689.0,827.0,771.0,274,0,0,1,Cart
3,767.0,685.0,827.0,767.0,275,0,0,1,Cart
3,767.0,681.0,827.0,763.0,276,0,0,1,Cart
3,767.0,677.0,827.0,759.0,277,0,0,1,Cart
3,767.0,673.0,827.0,755.0,278,0,0,1,Cart
3,767.0,673.0,827.0,755.0,279,0,0,0,Cart
3,767.0,669.0,827.0,750.0,280,0,0,1,Cart
3,767.0,665.0,827.0,746.0,281,0,0,1,Cart
3,767.0,665.0,827.0,746.0,282,0,0,1,Cart
3,767.0,661.0,827.0,742.0,283,0,0,1,Cart
3,767.0,661.0,827.0,742.0,284,0,0,1,Cart
3,767.0,657.0,827.0,738.0,285,0,0,1,Cart
3,767.0,653.0,827.0,734.0,286,0,0,1,Cart
3,767.0,653.0,827.0,734.0,287,0,0,1,Cart
3,767.0,648.0,827.0,730.0,288,0,0,1,Cart
3,767.0,648.0,827.0,730.0,289,0,0,0,Cart
3,767.0,644.0,827.0,726.0,290,0,0,1,Cart
3,767.0,640.0,827.0,722.0,291,0,0,1,Cart
3,767.0,636.0,827.0,718.0,292,0,0,1,Cart
3,767.0,632.0,827.0,714.0,293,0,0,1,Cart
3,767.0,628.0,827.0,710.0,294,0,0,1,Cart
3,767.0,624.0,827.0,706.0,295,0,0,1,Cart
3,767.0,620.0,827.0,701.0,296,0,0,1,Cart
3,767.0,616.0,827.0,697.0,297,0,0,1,Cart
3,767.0,612.0,827.0,693.0,298,0,0,1,Cart
3,769.0,608.0,829.0,689.0,299,0,0,0,Cart
3,769.0,599.0,829.0,681.0,300,0,0,1,Cart
3,769.0,595.0,829.0,677.0,301,0,0,1,Cart
3,771.0,591.0,831.0,673.0,302,0,0,1,Cart
3,771.0,587.0,831.0,669.0,303,0,0,1,Cart
3,773.0,583.0,833.0,665.0,304,0,0,1,Cart
3,773.0,575.0,833.0,657.0,305,0,0,1,Cart
3,773.0,571.0,833.0,653.0,306,0,0,1,Cart
3,775.0,567.0,835.0,648.0,307,0,0,1,Cart
3,775.0,563.0,835.0,644.0,308,0,0,1,Cart
3,777.0,559.0,837.0,640.0,309,0,0,0,Cart
3,777.0,555.0,837.0,636.0,310,0,0,1,Cart
3,777.0,555.0,837.0,636.0,311,0,0,1,Cart
3,777.0,550.0,837.0,632.0,312,0,0,1,Cart
3,777.0,550.0,837.0,632.0,313,0,0,1,Cart
3,777.0,550.0,837.0,632.0,314,0,0,1,Cart
3,777.0,546.0,837.0,628.0,315,0,0,1,Cart
3,777.0,546.0,837.0,628.0,316,0,0,1,Cart
3,777.0,546.0,837.0,628.0,317,0,0,1,Cart
3,777.0,542.0,837.0,624.0,318,0,0,1,Cart
3,779.0,542.0,839.0,624.0,319,0,0,1,Cart
3,779.0,542.0,839.0,624.0,320,0,0,1,Cart
3,779.0,538.0,839.0,620.0,321,0,0,1,Cart
3,779.0,538.0,839.0,620.0,322,0,0,1,Cart
3,779.0,538.0,839.0,620.0,323,0,0,1,Cart
3,779.0,534.0,839.0,616.0,324,0,0,1,Cart
3,779.0,534.0,839.0,616.0,325,0,0,1,Cart
3,779.0,534.0,839.0,616.0,326,0,0,1,Cart
3,779.0,530.0,839.0,612.0,327,0,0,1,Cart
3,779.0,530.0,839.0,612.0,328,0,0,1,Cart
3,781.0,530.0,841.0,612.0,329,0,0,0,Cart
3,781.0,526.0,841.0,608.0,330,0,0,1,Cart
3,781.0,522.0,841.0,604.0,331,0,0,1,Cart
3,781.0,518.0,841.0,599.0,332,0,0,1,Cart
3,781.0,514.0,841.0,595.0,333,0,0,1,Cart
3,781.0,514.0,841.0,595.0,334,0,0,1,Cart
3,781.0,510.0,841.0,591.0,335,0,0,1,Cart
3,781.0,506.0,841.0,587.0,336,0,0,1,Cart
3,781.0,501.0,841.0,583.0,337,0,0,1,Cart
3,781.0,497.0,841.0,579.0,338,0,0,1,Cart
3,781.0,497.0,841.0,579.0,339,0,0,0,Cart
3,781.0,493.0,841.0,575.0,340,0,0,1,Cart
3,781.0,489.0,841.0,571.0,341,0,0,1,Cart
3,781.0,485.0,841.0,567.0,342,0,0,1,Cart
3,781.0,481.0,841.0,563.0,343,0,0,1,Cart
3,783.0,481.0,843.0,563.0,344,0,0,1,Cart
3,783.0,477.0,843.0,559.0,345,0,0,1,Cart
3,783.0,473.0,843.0,555.0,346,0,0,1,Cart
3,783.0,469.0,843.0,550.0,347,0,0,1,Cart
3,783.0,465.0,843.0,546.0,348,0,0,1,Cart
3,785.0,465.0,845.0,546.0,349,0,0,0,Cart
3,785.0,461.0,845.0,542.0,350,0,0,1,Cart
3,785.0,457.0,845.0,538.0,351,0,0,1,Cart
3,785.0,453.0,845.0,534.0,352,0,0,1,Cart
3,785.0,448.0,845.0,530.0,353,0,0,1,Cart
3,785.0,444.0,845.0,526.0,354,0,0,1,Cart
3,785.0,440.0,845.0,522.0,355,0,0,1,Cart
3,785.0,436.0,845.0,518.0,356,0,0,1,Cart
3,785.0,432.0,845.0,514.0,357,0,0,1,Cart
3,785.0,428.0,845.0,510.0,358,0,0,1,Cart
3,787.0,424.0,847.0,506.0,359,0,0,0,Cart
3,787.0,420.0,847.0,501.0,360,0,0,1,Cart
3,787.0,420.0,847.0,501.0,361,0,0,1,Cart
3,787.0,416.0,847.0,497.0,362,0,0,1,Cart
3,787.0,416.0,847.0,497.0,363,0,0,1,Cart
3,787.0,412.0,847.0,493.0,364,0,0,1,Cart
3,787.0,412.0,847.0,493.0,365,0,0,1,Cart
3,787.0,408.0,847.0,489.0,366,0,0,1,Cart
3,787.0,408.0,847.0,489.0,367,0,0,1,Cart
3,787.0,404.0,847.0,485.0,368,0,0,1,Cart
3,787.0,404.0,847.0,485.0,369,0,0,0,Cart
3,787.0,399.0,847.0,481.0,370,0,0,1,Cart
3,787.0,395.0,847.0,477.0,371,0,0,1,Cart
3,787.0,391.0,847.0,473.0,372,0,0,1,Cart
3,787.0,391.0,847.0,473.0,373,0,0,1,Cart
3,789.0,387.0,849.0,469.0,374,0,0,1,Cart
3,789.0,383.0,849.0,465.0,375,0,0,1,Cart
3,789.0,383.0,849.0,465.0,376,0,0,1,Cart
3,789.0,379.0,849.0,461.0,377,0,0,1,Cart
3,789.0,375.0,849.0,457.0,378,0,0,1,Cart
3,791.0,375.0,851.0,457.0,379,0,0,0,Cart
3,791.0,371.0,851.0,453.0,380,0,0,1,Cart
3,791.0,367.0,851.0,448.0,381,0,0,1,Cart
3,793.0,363.0,853.0,444.0,382,0,0,1,Cart
3,793.0,363.0,853.0,444.0,383,0,0,1,Cart
3,795.0,359.0,855.0,440.0,384,0,0,1,Cart
3,795.0,355.0,855.0,436.0,385,0,0,1,Cart
3,795.0,355.0,855.0,436.0,386,0,0,1,Cart
3,797.0,350.0,857.0,432.0,387,0,0,1,Cart
3,797.0,346.0,857.0,428.0,388,0,0,1,Cart
3,799.0,346.0,859.0,428.0,389,0,0,0,Cart
3,797.0,342.0,857.0,424.0,390,0,0,1,Cart
3,797.0,338.0,857.0,420.0,391,0,0,1,Cart
3,797.0,338.0,857.0,420.0,392,0,0,1,Cart
3,797.0,334.0,857.0,416.0,393,0,0,1,Cart
3,797.0,334.0,857.0,416.0,394,0,0,1,Cart
3,797.0,330.0,857.0,412.0,395,0,0,1,Cart
3,797.0,326.0,857.0,408.0,396,0,0,1,Cart
3,797.0,326.0,857.0,408.0,397,0,0,1,Cart
3,797.0,322.0,857.0,404.0,398,0,0,1,Cart
3,797.0,322.0,857.0,404.0,399,0,0,0,Cart
3,797.0,318.0,857.0,399.0,400,0,0,1,Cart
3,797.0,314.0,857.0,395.0,401,0,0,1,Cart
3,797.0,310.0,857.0,391.0,402,0,0,1,Cart
3,797.0,306.0,857.0,387.0,403,0,0,1,Cart
3,797.0,302.0,857.0,383.0,404,0,0,1,Cart
3,797.0,297.0,857.0,379.0,405,0,0,1,Cart
3,797.0,293.0,857.0,375.0,406,0,0,1,Cart
3,797.0,289.0,857.0,371.0,407,0,0,1,Cart
3,797.0,285.0,857.0,367.0,408,0,0,1,Cart
3,799.0,281.0,859.0,363.0,409,0,0,0,Cart
3,799.0,277.0,859.0,359.0,410,0,0,1,Cart
3,799.0,277.0,859.0,359.0,411,0,0,1,Cart
3,799.0,273.0,859.0,355.0,412,0,0,1,Cart
3,799.0,273.0,859.0,355.0,413,0,0,1,Cart
3,799.0,273.0,859.0,355.0,414,0,0,1,Cart
3,799.0,269.0,859.0,350.0,415,0,0,1,Cart
3,799.0,269.0,859.0,350.0,416,0,0,1,Cart
3,799.0,265.0,859.0,346.0,417,0,0,1,Cart
3,799.0,265.0,859.0,346.0,418,0,0,1,Cart
3,801.0,265.0,861.0,346.0,419,0,0,0,Cart
3,801.0,261.0,861.0,342.0,420,0,0,1,Cart
3,801.0,257.0,861.0,338.0,421,0,0,1,Cart
3,803.0,253.0,863.0,334.0,422,0,0,1,Cart
3,803.0,248.0,863.0,330.0,423,0,0,1,Cart
3,805.0,244.0,865.0,326.0,424,0,0,1,Cart
3,805.0,240.0,865.0,322.0,425,0,0,1,Cart
3,807.0,236.0,867.0,318.0,426,0,0,1,Cart
3,807.0,232.0,867.0,314.0,427,0,0,1,Cart
3,809.0,228.0,869.0,310.0,428,0,0,1,Cart
3,809.0,224.0,869.0,306.0,429,0,0,1,Cart
3,811.0,220.0,871.0,302.0,430,0,0,0,Cart
4,243.0,497.0,303.0,550.0,0,0,0,0,Pedestrian
4,243.0,497.0,303.0,550.0,1,0,0,0,Pedestrian
4,241.0,493.0,301.0,546.0,2,0,0,1,Pedestrian
4,239.0,493.0,299.0,546.0,3,0,0,1,Pedestrian
4,239.0,493.0,299.0,546.0,4,0,0,1,Pedestrian
4,237.0,493.0,297.0,546.0,5,0,0,1,Pedestrian
4,237.0,493.0,297.0,546.0,6,0,0,1,Pedestrian
4,235.0,493.0,295.0,546.0,7,0,0,1,Pedestrian
4,233.0,493.0,293.0,546.0,8,0,0,1,Pedestrian
4,233.0,493.0,293.0,546.0,9,0,0,1,Pedestrian
4,231.0,493.0,291.0,546.0,10,0,0,1,Pedestrian
4,231.0,493.0,291.0,546.0,11,0,0,1,Pedestrian
4,229.0,489.0,289.0,546.0,12,0,0,1,Pedestrian
4,229.0,489.0,289.0,546.0,13,0,0,1,Pedestrian
4,227.0,489.0,287.0,546.0,14,0,0,1,Pedestrian
4,225.0,489.0,285.0,546.0,15,0,0,1,Pedestrian
4,225.0,489.0,285.0,546.0,16,0,0,1,Pedestrian
4,223.0,489.0,283.0,542.0,17,0,0,1,Pedestrian
4,223.0,489.0,283.0,542.0,18,0,0,1,Pedestrian
4,221.0,489.0,281.0,542.0,19,0,0,1,Pedestrian
4,219.0,489.0,279.0,542.0,20,0,0,1,Pedestrian
4,219.0,489.0,279.0,542.0,21,0,0,1,Pedestrian
4,217.0,485.0,277.0,542.0,22,0,0,1,Pedestrian
4,217.0,485.0,277.0,542.0,23,0,0,1,Pedestrian
4,215.0,485.0,275.0,542.0,24,0,0,1,Pedestrian
4,215.0,485.0,275.0,542.0,25,0,0,1,Pedestrian
4,213.0,485.0,273.0,542.0,26,0,0,1,Pedestrian
4,211.0,485.0,271.0,542.0,27,0,0,1,Pedestrian
4,211.0,485.0,271.0,542.0,28,0,0,1,Pedestrian
4,209.0,485.0,269.0,542.0,29,0,0,1,Pedestrian
4,209.0,485.0,269.0,542.0,30,0,0,1,Pedestrian
4,207.0,485.0,267.0,542.0,31,0,0,1,Pedestrian
4,207.0,485.0,267.0,542.0,32,0,0,0,Pedestrian
4,205.0,485.0,265.0,542.0,33,0,0,1,Pedestrian
4,203.0,485.0,263.0,542.0,34,0,0,1,Pedestrian
4,203.0,485.0,263.0,542.0,35,0,0,1,Pedestrian
4,201.0,485.0,261.0,542.0,36,0,0,1,Pedestrian
4,199.0,485.0,259.0,542.0,37,0,0,1,Pedestrian
4,199.0,485.0,259.0,542.0,38,0,0,1,Pedestrian
4,197.0,485.0,257.0,542.0,39,0,0,1,Pedestrian
4,195.0,485.0,255.0,542.0,40,0,0,1,Pedestrian
4,195.0,485.0,255.0,542.0,41,0,0,1,Pedestrian
4,193.0,485.0,253.0,542.0,42,0,0,1,Pedestrian
4,191.0,485.0,251.0,542.0,43,0,0,1,Pedestrian
4,191.0,485.0,251.0,542.0,44,0,0,1,Pedestrian
4,189.0,485.0,249.0,542.0,45,0,0,1,Pedestrian
4,189.0,489.0,249.0,546.0,46,0,0,0,Pedestrian
4,187.0,485.0,247.0,542.0,47,0,0,1,Pedestrian
4,187.0,485.0,247.0,542.0,48,0,0,1,Pedestrian
4,187.0,485.0,247.0,542.0,49,0,0,1,Pedestrian
4,187.0,485.0,247.0,542.0,50,0,0,1,Pedestrian
4,185.0,485.0,245.0,542.0,51,0,0,1,Pedestrian
4,185.0,485.0,245.0,542.0,52,0,0,1,Pedestrian
4,185.0,485.0,245.0,542.0,53,0,0,1,Pedestrian
4,185.0,485.0,245.0,542.0,54,0,0,1,Pedestrian
4,185.0,485.0,245.0,542.0,55,0,0,1,Pedestrian
4,183.0,485.0,243.0,542.0,56,0,0,1,Pedestrian
4,183.0,485.0,243.0,542.0,57,0,0,1,Pedestrian
4,183.0,485.0,243.0,542.0,58,0,0,1,Pedestrian
4,183.0,485.0,243.0,542.0,59,0,0,1,Pedestrian
4,183.0,485.0,243.0,542.0,60,0,0,1,Pedestrian
4,181.0,481.0,241.0,538.0,61,0,0,1,Pedestrian
4,181.0,481.0,241.0,538.0,62,0,0,1,Pedestrian
4,181.0,481.0,241.0,538.0,63,0,0,1,Pedestrian
4,181.0,481.0,241.0,538.0,64,0,0,1,Pedestrian
4,179.0,481.0,239.0,538.0,65,0,0,1,Pedestrian
4,179.0,481.0,239.0,538.0,66,0,0,1,Pedestrian
4,179.0,481.0,239.0,538.0,67,0,0,1,Pedestrian
4,179.0,481.0,239.0,538.0,68,0,0,1,Pedestrian
4,179.0,481.0,239.0,538.0,69,0,0,1,Pedestrian
4,177.0,481.0,237.0,538.0,70,0,0,1,Pedestrian
4,177.0,481.0,237.0,538.0,71,0,0,1,Pedestrian
4,177.0,481.0,237.0,538.0,72,0,0,1,Pedestrian
4,177.0,481.0,237.0,538.0,73,0,0,1,Pedestrian
4,177.0,481.0,237.0,538.0,74,0,0,0,Pedestrian
4,175.0,481.0,235.0,538.0,75,0,0,1,Pedestrian
4,173.0,481.0,233.0,538.0,76,0,0,1,Pedestrian
4,171.0,481.0,231.0,538.0,77,0,0,1,Pedestrian
4,169.0,481.0,229.0,538.0,78,0,0,1,Pedestrian
4,167.0,481.0,227.0,538.0,79,0,0,1,Pedestrian
4,165.0,481.0,225.0,538.0,80,0,0,1,Pedestrian
4,163.0,481.0,223.0,538.0,81,0,0,1,Pedestrian
4,161.0,481.0,221.0,538.0,82,0,0,1,Pedestrian
4,159.0,481.0,219.0,538.0,83,0,0,1,Pedestrian
4,157.0,481.0,217.0,538.0,84,0,0,1,Pedestrian
4,157.0,481.0,217.0,538.0,85,0,0,1,Pedestrian
4,155.0,481.0,215.0,538.0,86,0,0,1,Pedestrian
4,153.0,481.0,213.0,538.0,87,0,0,1,Pedestrian
4,151.0,481.0,211.0,538.0,88,0,0,1,Pedestrian
4,149.0,481.0,209.0,538.0,89,0,0,1,Pedestrian
4,147.0,485.0,207.0,542.0,90,0,0,1,Pedestrian
4,145.0,485.0,205.0,542.0,91,0,0,1,Pedestrian
4,143.0,485.0,203.0,542.0,92,0,0,1,Pedestrian
4,141.0,485.0,201.0,542.0,93,0,0,1,Pedestrian
4,139.0,485.0,199.0,542.0,94,0,0,1,Pedestrian
4,139.0,485.0,199.0,542.0,95,0,0,1,Pedestrian
4,137.0,485.0,197.0,542.0,96,0,0,1,Pedestrian
4,135.0,485.0,195.0,542.0,97,0,0,1,Pedestrian
4,133.0,485.0,193.0,542.0,98,0,0,1,Pedestrian
4,131.0,485.0,191.0,542.0,99,0,0,1,Pedestrian
4,129.0,485.0,189.0,542.0,100,0,0,1,Pedestrian
4,127.0,485.0,187.0,542.0,101,0,0,1,Pedestrian
4,125.0,485.0,185.0,542.0,102,0,0,1,Pedestrian
4,123.0,485.0,183.0,542.0,103,0,0,1,Pedestrian
4,121.0,485.0,181.0,542.0,104,0,0,1,Pedestrian
4,121.0,489.0,181.0,546.0,105,0,0,0,Pedestrian
4,119.0,489.0,179.0,546.0,106,0,0,1,Pedestrian
4,117.0,489.0,177.0,546.0,107,0,0,1,Pedestrian
4,117.0,489.0,177.0,546.0,108,0,0,1,Pedestrian
4,115.0,489.0,175.0,546.0,109,0,0,1,Pedestrian
4,115.0,489.0,175.0,546.0,110,0,0,1,Pedestrian
4,113.0,489.0,173.0,546.0,111,0,0,1,Pedestrian
4,113.0,489.0,173.0,546.0,112,0,0,1,Pedestrian
4,111.0,489.0,171.0,546.0,113,0,0,1,Pedestrian
4,109.0,489.0,169.0,546.0,114,0,0,1,Pedestrian
4,109.0,489.0,169.0,546.0,115,0,0,1,Pedestrian
4,107.0,489.0,167.0,546.0,116,0,0,1,Pedestrian
4,107.0,489.0,167.0,546.0,117,0,0,1,Pedestrian
4,105.0,489.0,165.0,546.0,118,0,0,1,Pedestrian
4,105.0,489.0,165.0,546.0,119,0,0,1,Pedestrian
4,103.0,489.0,163.0,546.0,120,0,0,1,Pedestrian
4,101.0,489.0,161.0,546.0,121,0,0,1,Pedestrian
4,101.0,489.0,161.0,546.0,122,0,0,1,Pedestrian
4,99.0,489.0,159.0,546.0,123,0,0,1,Pedestrian
4,99.0,489.0,159.0,546.0,124,0,0,1,Pedestrian
4,97.0,489.0,157.0,546.0,125,0,0,1,Pedestrian
4,97.0,489.0,157.0,546.0,126,0,0,1,Pedestrian
4,95.0,489.0,155.0,546.0,127,0,0,1,Pedestrian
4,93.0,489.0,153.0,546.0,128,0,0,1,Pedestrian
4,93.0,489.0,153.0,546.0,129,0,0,1,Pedestrian
4,91.0,489.0,151.0,546.0,130,0,0,1,Pedestrian
4,91.0,489.0,151.0,546.0,131,0,0,1,Pedestrian
4,89.0,489.0,149.0,546.0,132,0,0,1,Pedestrian
4,89.0,489.0,149.0,546.0,133,0,0,1,Pedestrian
4,87.0,489.0,147.0,546.0,134,0,0,1,Pedestrian
4,87.0,489.0,147.0,546.0,135,0,0,0,Pedestrian
4,85.0,485.0,145.0,542.0,136,0,0,1,Pedestrian
4,83.0,485.0,143.0,542.0,137,0,0,1,Pedestrian
4,83.0,485.0,143.0,542.0,138,0,0,1,Pedestrian
4,81.0,485.0,141.0,542.0,139,0,0,1,Pedestrian
4,81.0,485.0,141.0,542.0,140,0,0,1,Pedestrian
4,79.0,485.0,139.0,542.0,141,0,0,1,Pedestrian
4,79.0,485.0,139.0,542.0,142,0,0,1,Pedestrian
4,77.0,485.0,137.0,542.0,143,0,0,1,Pedestrian
4,77.0,485.0,137.0,542.0,144,0,0,1,Pedestrian
4,75.0,485.0,135.0,542.0,145,0,0,1,Pedestrian
4,75.0,485.0,135.0,542.0,146,0,0,1,Pedestrian
4,73.0,485.0,133.0,542.0,147,0,0,1,Pedestrian
4,71.0,485.0,131.0,542.0,148,0,0,1,Pedestrian
4,71.0,485.0,131.0,542.0,149,0,0,1,Pedestrian
4,69.0,481.0,129.0,538.0,150,0,0,1,Pedestrian
4,69.0,481.0,129.0,538.0,151,0,0,1,Pedestrian
4,67.0,481.0,127.0,538.0,152,0,0,1,Pedestrian
4,67.0,481.0,127.0,538.0,153,0,0,1,Pedestrian
4,65.0,481.0,125.0,538.0,154,0,0,1,Pedestrian
4,65.0,481.0,125.0,538.0,155,0,0,1,Pedestrian
4,63.0,481.0,123.0,538.0,156,0,0,1,Pedestrian
4,63.0,481.0,123.0,538.0,157,0,0,1,Pedestrian
4,61.0,481.0,121.0,538.0,158,0,0,1,Pedestrian
4,59.0,481.0,119.0,538.0,159,0,0,1,Pedestrian
4,59.0,481.0,119.0,538.0,160,0,0,1,Pedestrian
4,57.0,481.0,117.0,538.0,161,0,0,1,Pedestrian
4,57.0,481.0,117.0,538.0,162,0,0,1,Pedestrian
4,55.0,481.0,115.0,538.0,163,0,0,1,Pedestrian
4,55.0,481.0,115.0,538.0,164,0,0,1,Pedestrian
4,53.0,477.0,113.0,534.0,165,0,0,1,Pedestrian
4,53.0,477.0,113.0,534.0,166,0,0,1,Pedestrian
4,51.0,477.0,111.0,534.0,167,0,0,1,Pedestrian
4,51.0,477.0,111.0,534.0,168,0,0,1,Pedestrian
4,49.0,477.0,109.0,534.0,169,0,0,1,Pedestrian
4,47.0,477.0,107.0,534.0,170,0,0,1,Pedestrian
4,47.0,477.0,107.0,534.0,171,0,0,1,Pedestrian
4,45.0,477.0,105.0,534.0,172,0,0,1,Pedestrian
4,45.0,477.0,105.0,534.0,173,0,0,1,Pedestrian
4,43.0,477.0,103.0,534.0,174,0,0,1,Pedestrian
4,43.0,477.0,103.0,534.0,175,0,0,1,Pedestrian
4,41.0,477.0,101.0,534.0,176,0,0,1,Pedestrian
4,41.0,477.0,101.0,534.0,177,0,0,1,Pedestrian
4,39.0,477.0,99.0,534.0,178,0,0,1,Pedestrian
4,39.0,477.0,99.0,534.0,179,0,0,0,Pedestrian
4,37.0,477.0,97.0,534.0,180,0,0,1,Pedestrian
4,37.0,477.0,95.0,534.0,181,0,0,1,Pedestrian
4,35.0,477.0,95.0,534.0,182,0,0,1,Pedestrian
4,35.0,477.0,93.0,534.0,183,0,0,1,Pedestrian
4,33.0,477.0,93.0,534.0,184,0,0,1,Pedestrian
4,33.0,477.0,91.0,534.0,185,0,0,1,Pedestrian
4,31.0,477.0,91.0,534.0,186,0,0,1,Pedestrian
4,31.0,477.0,89.0,534.0,187,0,0,1,Pedestrian
4,29.0,477.0,89.0,534.0,188,0,0,1,Pedestrian
4,29.0,477.0,87.0,534.0,189,0,0,1,Pedestrian
4,27.0,477.0,85.0,534.0,190,0,0,1,Pedestrian
4,27.0,477.0,85.0,534.0,191,0,0,1,Pedestrian
4,25.0,477.0,83.0,534.0,192,0,0,1,Pedestrian
4,25.0,477.0,83.0,534.0,193,0,0,1,Pedestrian
4,23.0,477.0,81.0,534.0,194,0,0,1,Pedestrian
4,23.0,477.0,81.0,534.0,195,0,0,1,Pedestrian
4,21.0,477.0,79.0,534.0,196,0,0,1,Pedestrian
4,21.0,477.0,79.0,534.0,197,0,0,1,Pedestrian
4,19.0,477.0,77.0,534.0,198,0,0,1,Pedestrian
4,19.0,477.0,77.0,534.0,199,0,0,1,Pedestrian
4,17.0,477.0,75.0,534.0,200,0,0,1,Pedestrian
4,17.0,477.0,73.0,534.0,201,0,0,1,Pedestrian
4,15.0,477.0,73.0,534.0,202,0,0,1,Pedestrian
4,15.0,477.0,71.0,534.0,203,0,0,1,Pedestrian
4,13.0,477.0,71.0,534.0,204,0,0,1,Pedestrian
4,13.0,477.0,69.0,534.0,205,0,0,1,Pedestrian
4,11.0,477.0,69.0,534.0,206,0,0,1,Pedestrian
4,11.0,477.0,67.0,534.0,207,0,0,1,Pedestrian
4,9.0,477.0,67.0,534.0,208,0,0,1,Pedestrian
4,9.0,477.0,65.0,534.0,209,0,0,1,Pedestrian
4,7.0,477.0,63.0,534.0,210,0,0,1,Pedestrian
4,7.0,477.0,63.0,534.0,211,0,0,1,Pedestrian
4,5.0,477.0,61.0,534.0,212,0,0,1,Pedestrian
4,5.0,477.0,61.0,534.0,213,0,0,1,Pedestrian
4,3.0,477.0,59.0,534.0,214,0,0,1,Pedestrian
4,3.0,477.0,59.0,534.0,215,0,0,1,Pedestrian
4,1.0,477.0,57.0,534.0,216,0,0,1,Pedestrian
4,1.0,477.0,57.0,534.0,217,0,0,1,Pedestrian
4,0.0,477.0,55.0,534.0,218,0,0,1,Pedestrian
4,0.0,481.0,55.0,538.0,219,1,0,0,Pedestrian
4,0.0,481.0,55.0,538.0,220,1,0,1,Pedestrian
4,0.0,481.0,55.0,538.0,221,1,0,1,Pedestrian
4,0.0,481.0,55.0,538.0,222,1,0,1,Pedestrian
4,0.0,481.0,55.0,538.0,223,1,0,1,Pedestrian
4,0.0,481.0,55.0,538.0,224,1,0,1,Pedestrian
4,0.0,481.0,55.0,538.0,225,1,0,1,Pedestrian
4,0.0,481.0,55.0,538.0,226,1,0,1,Pedestrian
4,0.0,481.0,55.0,538.0,227,1,0,1,Pedestrian
4,0.0,481.0,55.0,538.0,228,1,0,1,Pedestrian
4,0.0,481.0,55.0,538.0,229,1,0,1,Pedestrian
4,0.0,481.0,55.0,538.0,230,1,0,1,Pedestrian
4,0.0,481.0,55.0,538.0,231,1,0,1,Pedestrian
4,0.0,481.0,55.0,538.0,232,1,0,1,Pedestrian
4,0.0,481.0,55.0,538.0,233,1,0,1,Pedestrian
4,0.0,481.0,55.0,538.0,234,1,0,1,Pedestrian
4,0.0,481.0,55.0,538.0,235,1,0,1,Pedestrian
4,0.0,481.0,55.0,538.0,236,1,0,1,Pedestrian
4,0.0,481.0,55.0,538.0,237,1,0,1,Pedestrian
4,0.0,481.0,55.0,538.0,238,1,0,1,Pedestrian
4,0.0,481.0,55.0,538.0,239,1,0,1,Pedestrian
4,0.0,481.0,55.0,538.0,240,1,0,1,Pedestrian
4,0.0,481.0,55.0,538.0,241,1,0,1,Pedestrian
4,0.0,481.0,55.0,538.0,242,1,0,1,Pedestrian
4,0.0,481.0,55.0,538.0,243,1,0,1,Pedestrian
4,0.0,481.0,55.0,538.0,244,1,0,1,Pedestrian
4,0.0,481.0,55.0,538.0,245,1,0,1,Pedestrian
4,0.0,481.0,55.0,538.0,246,1,0,1,Pedestrian
4,0.0,481.0,55.0,538.0,247,1,0,1,Pedestrian
4,0.0,481.0,55.0,538.0,248,1,0,1,Pedestrian
4,0.0,481.0,55.0,538.0,249,1,0,1,Pedestrian
4,0.0,481.0,55.0,538.0,250,1,0,1,Pedestrian
4,0.0,481.0,55.0,538.0,251,1,0,1,Pedestrian
4,0.0,481.0,55.0,538.0,252,1,0,1,Pedestrian
4,0.0,481.0,55.0,538.0,253,1,0,1,Pedestrian
4,0.0,481.0,55.0,538.0,254,1,0,1,Pedestrian
4,0.0,481.0,55.0,538.0,255,1,0,1,Pedestrian
4,0.0,481.0,55.0,538.0,256,1,0,1,Pedestrian
4,0.0,481.0,55.0,538.0,257,1,0,1,Pedestrian
4,0.0,481.0,55.0,538.0,258,1,0,1,Pedestrian
4,0.0,481.0,55.0,538.0,259,1,0,0,Pedestrian
4,0.0,481.0,55.0,538.0,260,1,0,1,Pedestrian
4,1.0,481.0,57.0,538.0,261,1,0,1,Pedestrian
4,1.0,481.0,57.0,538.0,262,1,0,1,Pedestrian
4,3.0,481.0,59.0,538.0,263,1,0,1,Pedestrian
4,3.0,481.0,59.0,538.0,264,1,0,1,Pedestrian
4,5.0,481.0,61.0,538.0,265,1,0,1,Pedestrian
4,5.0,481.0,61.0,538.0,266,1,0,1,Pedestrian
4,7.0,481.0,63.0,538.0,267,1,0,1,Pedestrian
4,7.0,481.0,63.0,538.0,268,1,0,1,Pedestrian
4,9.0,481.0,65.0,538.0,269,1,0,1,Pedestrian
4,9.0,481.0,65.0,538.0,270,1,0,1,Pedestrian
4,11.0,481.0,67.0,538.0,271,1,0,1,Pedestrian
4,11.0,481.0,67.0,538.0,272,1,0,1,Pedestrian
4,13.0,481.0,69.0,538.0,273,1,0,1,Pedestrian
4,13.0,481.0,69.0,538.0,274,1,0,1,Pedestrian
4,15.0,481.0,71.0,538.0,275,1,0,1,Pedestrian
4,15.0,481.0,73.0,538.0,276,1,0,1,Pedestrian
4,17.0,481.0,73.0,538.0,277,1,0,1,Pedestrian
4,17.0,481.0,75.0,538.0,278,1,0,1,Pedestrian
4,19.0,481.0,75.0,538.0,279,1,0,1,Pedestrian
4,19.0,481.0,77.0,538.0,280,1,0,1,Pedestrian
4,21.0,481.0,77.0,538.0,281,1,0,1,Pedestrian
4,21.0,481.0,79.0,538.0,282,1,0,1,Pedestrian
4,23.0,481.0,79.0,538.0,283,1,0,1,Pedestrian
4,25.0,481.0,81.0,538.0,284,1,0,1,Pedestrian
4,25.0,481.0,81.0,538.0,285,1,0,1,Pedestrian
4,27.0,481.0,83.0,538.0,286,1,0,1,Pedestrian
4,27.0,481.0,83.0,538.0,287,1,0,1,Pedestrian
4,29.0,481.0,85.0,538.0,288,1,0,1,Pedestrian
4,29.0,481.0,85.0,538.0,289,1,0,1,Pedestrian
4,31.0,481.0,87.0,538.0,290,1,0,1,Pedestrian
4,31.0,481.0,89.0,538.0,291,1,0,1,Pedestrian
4,33.0,481.0,89.0,538.0,292,1,0,1,Pedestrian
4,33.0,481.0,91.0,538.0,293,1,0,1,Pedestrian
4,35.0,481.0,91.0,538.0,294,1,0,1,Pedestrian
4,35.0,481.0,93.0,538.0,295,1,0,1,Pedestrian
4,37.0,481.0,93.0,538.0,296,1,0,1,Pedestrian
4,37.0,481.0,95.0,538.0,297,1,0,1,Pedestrian
4,39.0,481.0,95.0,538.0,298,1,0,1,Pedestrian
4,39.0,481.0,97.0,538.0,299,1,0,1,Pedestrian
4,41.0,481.0,97.0,538.0,300,1,0,1,Pedestrian
4,41.0,481.0,99.0,538.0,301,1,0,1,Pedestrian
4,43.0,481.0,99.0,538.0,302,1,0,1,Pedestrian
4,43.0,481.0,101.0,538.0,303,1,0,1,Pedestrian
4,45.0,481.0,101.0,538.0,304,1,0,1,Pedestrian
4,45.0,481.0,103.0,538.0,305,1,0,1,Pedestrian
4,47.0,481.0,105.0,538.0,306,1,0,1,Pedestrian
4,47.0,481.0,105.0,538.0,307,1,0,1,Pedestrian
4,49.0,481.0,107.0,538.0,308,1,0,1,Pedestrian
4,51.0,481.0,107.0,538.0,309,1,0,1,Pedestrian
4,51.0,481.0,109.0,538.0,310,1,0,1,Pedestrian
4,53.0,481.0,109.0,538.0,311,1,0,1,Pedestrian
4,53.0,481.0,111.0,538.0,312,1,0,1,Pedestrian
4,55.0,481.0,111.0,538.0,313,1,0,1,Pedestrian
4,55.0,481.0,113.0,538.0,314,1,0,1,Pedestrian
4,57.0,481.0,113.0,538.0,315,1,0,1,Pedestrian
4,57.0,481.0,115.0,538.0,316,1,0,1,Pedestrian
4,59.0,481.0,115.0,538.0,317,1,0,1,Pedestrian
4,59.0,481.0,117.0,538.0,318,1,0,1,Pedestrian
4,61.0,481.0,117.0,538.0,319,1,0,1,Pedestrian
4,61.0,481.0,119.0,538.0,320,1,0,1,Pedestrian
4,63.0,481.0,119.0,538.0,321,1,0,1,Pedestrian
4,63.0,481.0,121.0,538.0,322,1,0,1,Pedestrian
4,65.0,481.0,123.0,538.0,323,1,0,1,Pedestrian
4,65.0,481.0,123.0,538.0,324,1,0,1,Pedestrian
4,67.0,481.0,125.0,538.0,325,1,0,1,Pedestrian
4,67.0,481.0,125.0,538.0,326,1,0,1,Pedestrian
4,69.0,481.0,127.0,538.0,327,1,0,1,Pedestrian
4,69.0,481.0,127.0,538.0,328,1,0,1,Pedestrian
4,71.0,481.0,129.0,538.0,329,1,0,1,Pedestrian
4,71.0,481.0,129.0,538.0,330,1,0,1,Pedestrian
4,73.0,481.0,131.0,538.0,331,1,0,1,Pedestrian
4,73.0,481.0,131.0,538.0,332,1,0,1,Pedestrian
4,75.0,481.0,133.0,538.0,333,1,0,1,Pedestrian
4,77.0,481.0,133.0,538.0,334,1,0,1,Pedestrian
4,77.0,481.0,135.0,538.0,335,1,0,1,Pedestrian
4,79.0,481.0,135.0,538.0,336,1,0,1,Pedestrian
4,79.0,481.0,137.0,538.0,337,1,0,1,Pedestrian
4,81.0,481.0,139.0,538.0,338,1,0,1,Pedestrian
4,81.0,481.0,139.0,538.0,339,1,0,1,Pedestrian
4,83.0,481.0,141.0,538.0,340,1,0,1,Pedestrian
4,83.0,481.0,141.0,538.0,341,1,0,1,Pedestrian
4,85.0,481.0,143.0,538.0,342,1,0,1,Pedestrian
4,85.0,481.0,143.0,538.0,343,1,0,1,Pedestrian
4,87.0,481.0,145.0,538.0,344,1,0,1,Pedestrian
4,87.0,481.0,145.0,538.0,345,1,0,1,Pedestrian
4,89.0,481.0,147.0,538.0,346,1,0,1,Pedestrian
4,89.0,481.0,147.0,538.0,347,1,0,1,Pedestrian
4,91.0,481.0,149.0,538.0,348,1,0,1,Pedestrian
4,91.0,481.0,149.0,538.0,349,1,0,1,Pedestrian
4,93.0,481.0,151.0,538.0,350,1,0,1,Pedestrian
4,93.0,481.0,151.0,538.0,351,1,0,1,Pedestrian
4,95.0,481.0,153.0,538.0,352,1,0,1,Pedestrian
4,95.0,481.0,155.0,538.0,353,1,0,1,Pedestrian
4,97.0,481.0,155.0,538.0,354,1,0,1,Pedestrian
4,97.0,481.0,157.0,538.0,355,1,0,1,Pedestrian
4,99.0,481.0,157.0,538.0,356,1,0,1,Pedestrian
4,101.0,481.0,159.0,538.0,357,1,0,1,Pedestrian
4,101.0,481.0,159.0,538.0,358,1,0,1,Pedestrian
4,103.0,481.0,161.0,538.0,359,1,0,1,Pedestrian
4,103.0,481.0,161.0,538.0,360,1,0,1,Pedestrian
4,105.0,481.0,163.0,538.0,361,1,0,1,Pedestrian
4,105.0,481.0,163.0,538.0,362,1,0,1,Pedestrian
4,107.0,481.0,165.0,538.0,363,1,0,1,Pedestrian
4,107.0,481.0,165.0,538.0,364,1,0,1,Pedestrian
4,109.0,481.0,167.0,538.0,365,1,0,1,Pedestrian
4,109.0,481.0,167.0,538.0,366,1,0,1,Pedestrian
4,111.0,481.0,169.0,538.0,367,1,0,1,Pedestrian
4,111.0,481.0,171.0,538.0,368,1,0,1,Pedestrian
4,113.0,481.0,171.0,538.0,369,1,0,1,Pedestrian
4,113.0,481.0,173.0,538.0,370,1,0,1,Pedestrian
4,115.0,481.0,173.0,538.0,371,1,0,1,Pedestrian
4,115.0,481.0,175.0,538.0,372,1,0,1,Pedestrian
4,117.0,481.0,175.0,538.0,373,1,0,1,Pedestrian
4,117.0,481.0,177.0,538.0,374,1,0,1,Pedestrian
4,119.0,481.0,177.0,538.0,375,1,0,1,Pedestrian
4,119.0,481.0,179.0,538.0,376,1,0,1,Pedestrian
4,121.0,481.0,179.0,538.0,377,1,0,1,Pedestrian
4,121.0,481.0,181.0,538.0,378,1,0,1,Pedestrian
4,123.0,481.0,181.0,538.0,379,1,0,1,Pedestrian
4,123.0,481.0,183.0,538.0,380,1,0,1,Pedestrian
4,125.0,481.0,183.0,538.0,381,1,0,1,Pedestrian
4,127.0,481.0,185.0,538.0,382,1,0,1,Pedestrian
4,127.0,481.0,185.0,538.0,383,1,0,1,Pedestrian
4,129.0,481.0,187.0,538.0,384,1,0,1,Pedestrian
4,129.0,481.0,189.0,538.0,385,1,0,1,Pedestrian
4,131.0,481.0,189.0,538.0,386,1,0,1,Pedestrian
4,131.0,481.0,191.0,538.0,387,1,0,1,Pedestrian
4,133.0,481.0,191.0,538.0,388,1,0,1,Pedestrian
4,133.0,481.0,193.0,538.0,389,1,0,1,Pedestrian
4,135.0,481.0,193.0,538.0,390,1,0,1,Pedestrian
4,135.0,481.0,195.0,538.0,391,1,0,1,Pedestrian
4,137.0,481.0,195.0,538.0,392,1,0,1,Pedestrian
4,137.0,481.0,197.0,538.0,393,1,0,1,Pedestrian
4,139.0,481.0,197.0,538.0,394,1,0,1,Pedestrian
4,139.0,481.0,199.0,538.0,395,1,0,1,Pedestrian
4,141.0,481.0,199.0,538.0,396,1,0,1,Pedestrian
4,141.0,481.0,201.0,538.0,397,1,0,1,Pedestrian
4,143.0,481.0,201.0,538.0,398,1,0,1,Pedestrian
4,143.0,481.0,203.0,538.0,399,1,0,1,Pedestrian
4,145.0,481.0,205.0,538.0,400,1,0,1,Pedestrian
4,145.0,481.0,205.0,538.0,401,1,0,1,Pedestrian
4,147.0,481.0,207.0,538.0,402,1,0,1,Pedestrian
4,147.0,481.0,207.0,538.0,403,1,0,1,Pedestrian
4,149.0,481.0,209.0,538.0,404,1,0,1,Pedestrian
4,149.0,481.0,209.0,538.0,405,1,0,1,Pedestrian
4,151.0,481.0,211.0,538.0,406,1,0,1,Pedestrian
4,153.0,481.0,211.0,538.0,407,1,0,1,Pedestrian
4,153.0,481.0,213.0,538.0,408,1,0,1,Pedestrian
4,155.0,481.0,213.0,538.0,409,1,0,1,Pedestrian
4,155.0,481.0,215.0,538.0,410,1,0,1,Pedestrian
4,157.0,481.0,215.0,538.0,411,1,0,1,Pedestrian
4,157.0,481.0,217.0,538.0,412,1,0,1,Pedestrian
4,159.0,481.0,217.0,538.0,413,1,0,1,Pedestrian
4,159.0,481.0,219.0,538.0,414,1,0,1,Pedestrian
4,161.0,481.0,221.0,538.0,415,1,0,1,Pedestrian
4,161.0,481.0,221.0,538.0,416,1,0,1,Pedestrian
4,163.0,481.0,223.0,538.0,417,1,0,1,Pedestrian
4,163.0,481.0,223.0,538.0,418,1,0,1,Pedestrian
4,165.0,481.0,225.0,538.0,419,1,0,1,Pedestrian
4,165.0,481.0,225.0,538.0,420,1,0,1,Pedestrian
4,167.0,481.0,227.0,538.0,421,1,0,1,Pedestrian
4,167.0,481.0,227.0,538.0,422,1,0,1,Pedestrian
4,169.0,481.0,229.0,538.0,423,1,0,1,Pedestrian
4,169.0,481.0,229.0,538.0,424,1,0,1,Pedestrian
4,171.0,481.0,231.0,538.0,425,1,0,1,Pedestrian
4,171.0,481.0,231.0,538.0,426,1,0,1,Pedestrian
4,173.0,481.0,233.0,538.0,427,1,0,1,Pedestrian
4,173.0,481.0,233.0,538.0,428,1,0,1,Pedestrian
4,175.0,481.0,235.0,538.0,429,1,0,1,Pedestrian
4,177.0,481.0,237.0,538.0,430,0,0,0,Pedestrian
5,353.0,526.0,416.0,579.0,0,0,0,0,Pedestrian
5,353.0,526.0,416.0,579.0,1,0,0,0,Pedestrian
5,353.0,526.0,416.0,579.0,2,0,0,1,Pedestrian
5,353.0,526.0,416.0,579.0,3,0,0,1,Pedestrian
5,355.0,526.0,418.0,579.0,4,0,0,1,Pedestrian
5,355.0,526.0,418.0,579.0,5,0,0,1,Pedestrian
5,355.0,526.0,418.0,579.0,6,0,0,1,Pedestrian
5,357.0,526.0,420.0,579.0,7,0,0,1,Pedestrian
5,357.0,526.0,420.0,579.0,8,0,0,1,Pedestrian
5,357.0,526.0,420.0,579.0,9,0,0,1,Pedestrian
5,359.0,526.0,422.0,579.0,10,0,0,1,Pedestrian
5,359.0,526.0,422.0,579.0,11,0,0,1,Pedestrian
5,359.0,526.0,422.0,579.0,12,0,0,1,Pedestrian
5,360.0,526.0,424.0,579.0,13,0,0,1,Pedestrian
5,360.0,526.0,424.0,579.0,14,0,0,1,Pedestrian
5,360.0,526.0,424.0,579.0,15,0,0,1,Pedestrian
5,362.0,526.0,426.0,579.0,16,0,0,1,Pedestrian
5,362.0,526.0,426.0,579.0,17,0,0,1,Pedestrian
5,364.0,526.0,428.0,579.0,18,0,0,1,Pedestrian
5,364.0,526.0,428.0,579.0,19,0,0,1,Pedestrian
5,364.0,526.0,428.0,579.0,20,0,0,1,Pedestrian
5,366.0,526.0,430.0,579.0,21,0,0,1,Pedestrian
5,366.0,526.0,430.0,579.0,22,0,0,1,Pedestrian
5,366.0,526.0,430.0,579.0,23,0,0,1,Pedestrian
5,368.0,526.0,432.0,579.0,24,0,0,1,Pedestrian
5,368.0,526.0,432.0,579.0,25,0,0,1,Pedestrian
5,368.0,526.0,432.0,579.0,26,0,0,1,Pedestrian
5,370.0,526.0,434.0,579.0,27,0,0,1,Pedestrian
5,370.0,526.0,434.0,579.0,28,0,0,1,Pedestrian
5,370.0,526.0,434.0,579.0,29,0,0,1,Pedestrian
5,372.0,526.0,436.0,579.0,30,0,0,1,Pedestrian
5,372.0,526.0,436.0,579.0,31,0,0,1,Pedestrian
5,374.0,526.0,438.0,579.0,32,0,0,0,Pedestrian
5,374.0,522.0,438.0,579.0,33,0,0,1,Pedestrian
5,374.0,522.0,438.0,579.0,34,0,0,1,Pedestrian
5,374.0,522.0,438.0,579.0,35,0,0,1,Pedestrian
5,374.0,522.0,438.0,579.0,36,0,0,1,Pedestrian
5,376.0,522.0,440.0,579.0,37,0,0,1,Pedestrian
5,376.0,522.0,440.0,579.0,38,0,0,1,Pedestrian
5,376.0,522.0,440.0,579.0,39,0,0,1,Pedestrian
5,376.0,522.0,440.0,579.0,40,0,0,1,Pedestrian
5,378.0,522.0,442.0,579.0,41,0,0,1,Pedestrian
5,378.0,522.0,442.0,579.0,42,0,0,1,Pedestrian
5,378.0,522.0,442.0,579.0,43,0,0,1,Pedestrian
5,378.0,522.0,442.0,579.0,44,0,0,1,Pedestrian
5,380.0,522.0,444.0,579.0,45,0,0,1,Pedestrian
5,380.0,522.0,444.0,579.0,46,0,0,1,Pedestrian
5,380.0,522.0,444.0,579.0,47,0,0,1,Pedestrian
5,380.0,522.0,444.0,579.0,48,0,0,1,Pedestrian
5,382.0,522.0,446.0,579.0,49,0,0,1,Pedestrian
5,382.0,522.0,446.0,579.0,50,0,0,1,Pedestrian
5,382.0,522.0,446.0,579.0,51,0,0,1,Pedestrian
5,382.0,522.0,446.0,579.0,52,0,0,1,Pedestrian
5,384.0,522.0,448.0,579.0,53,0,0,1,Pedestrian
5,384.0,522.0,448.0,579.0,54,0,0,1,Pedestrian
5,384.0,522.0,448.0,579.0,55,0,0,1,Pedestrian
5,384.0,522.0,448.0,579.0,56,0,0,1,Pedestrian
5,384.0,522.0,448.0,579.0,57,0,0,1,Pedestrian
5,386.0,522.0,450.0,579.0,58,0,0,1,Pedestrian
5,386.0,522.0,450.0,579.0,59,0,0,1,Pedestrian
5,386.0,522.0,450.0,579.0,60,0,0,1,Pedestrian
5,386.0,522.0,450.0,579.0,61,0,0,1,Pedestrian
5,388.0,522.0,452.0,579.0,62,0,0,1,Pedestrian
5,388.0,522.0,452.0,579.0,63,0,0,1,Pedestrian
5,388.0,522.0,452.0,579.0,64,0,0,1,Pedestrian
5,388.0,522.0,452.0,579.0,65,0,0,1,Pedestrian
5,390.0,522.0,454.0,579.0,66,0,0,1,Pedestrian
5,390.0,522.0,454.0,579.0,67,0,0,1,Pedestrian
5,390.0,522.0,454.0,579.0,68,0,0,1,Pedestrian
5,390.0,522.0,454.0,579.0,69,0,0,1,Pedestrian
5,392.0,522.0,456.0,579.0,70,0,0,1,Pedestrian
5,392.0,522.0,456.0,579.0,71,0,0,1,Pedestrian
5,392.0,522.0,456.0,579.0,72,0,0,1,Pedestrian
5,392.0,522.0,456.0,579.0,73,0,0,1,Pedestrian
5,394.0,522.0,458.0,579.0,74,0,0,0,Pedestrian
5,394.0,522.0,458.0,579.0,75,0,0,1,Pedestrian
5,394.0,522.0,458.0,579.0,76,0,0,1,Pedestrian
5,394.0,522.0,458.0,579.0,77,0,0,1,Pedestrian
5,394.0,522.0,458.0,579.0,78,0,0,1,Pedestrian
5,394.0,522.0,458.0,579.0,79,0,0,1,Pedestrian
5,396.0,522.0,460.0,579.0,80,0,0,1,Pedestrian
5,396.0,522.0,460.0,579.0,81,0,0,1,Pedestrian
5,396.0,522.0,460.0,579.0,82,0,0,1,Pedestrian
5,396.0,522.0,460.0,579.0,83,0,0,1,Pedestrian
5,396.0,522.0,460.0,579.0,84,0,0,1,Pedestrian
5,396.0,522.0,460.0,579.0,85,0,0,1,Pedestrian
5,398.0,522.0,462.0,579.0,86,0,0,1,Pedestrian
5,398.0,522.0,462.0,579.0,87,0,0,1,Pedestrian
5,398.0,526.0,462.0,583.0,88,0,0,1,Pedestrian
5,398.0,526.0,462.0,583.0,89,0,0,1,Pedestrian
5,398.0,526.0,462.0,583.0,90,0,0,1,Pedestrian
5,398.0,526.0,462.0,583.0,91,0,0,1,Pedestrian
5,400.0,526.0,464.0,583.0,92,0,0,1,Pedestrian
5,400.0,526.0,464.0,583.0,93,0,0,1,Pedestrian
5,400.0,526.0,464.0,583.0,94,0,0,1,Pedestrian
5,400.0,526.0,464.0,583.0,95,0,0,1,Pedestrian
5,400.0,526.0,464.0,583.0,96,0,0,1,Pedestrian
5,400.0,526.0,464.0,583.0,97,0,0,1,Pedestrian
5,402.0,526.0,466.0,583.0,98,0,0,1,Pedestrian
5,402.0,526.0,466.0,583.0,99,0,0,1,Pedestrian
5,402.0,526.0,466.0,583.0,100,0,0,1,Pedestrian
5,402.0,526.0,466.0,583.0,101,0,0,1,Pedestrian
5,402.0,530.0,466.0,587.0,102,0,0,1,Pedestrian
5,402.0,530.0,466.0,587.0,103,0,0,1,Pedestrian
5,404.0,530.0,468.0,587.0,104,0,0,1,Pedestrian
5,404.0,530.0,468.0,587.0,105,0,0,1,Pedestrian
5,404.0,530.0,468.0,587.0,106,0,0,1,Pedestrian
5,404.0,530.0,468.0,587.0,107,0,0,1,Pedestrian
5,404.0,530.0,468.0,587.0,108,0,0,1,Pedestrian
5,404.0,530.0,468.0,587.0,109,0,0,1,Pedestrian
5,406.0,530.0,470.0,587.0,110,0,0,1,Pedestrian
5,406.0,530.0,470.0,587.0,111,0,0,1,Pedestrian
5,406.0,530.0,470.0,587.0,112,0,0,1,Pedestrian
5,406.0,530.0,470.0,587.0,113,0,0,1,Pedestrian
5,406.0,530.0,470.0,587.0,114,0,0,1,Pedestrian
5,408.0,534.0,472.0,591.0,115,0,0,0,Pedestrian
5,406.0,534.0,470.0,591.0,116,0,0,1,Pedestrian
5,404.0,534.0,468.0,591.0,117,0,0,1,Pedestrian
5,404.0,534.0,468.0,591.0,118,0,0,1,Pedestrian
5,402.0,534.0,466.0,591.0,119,0,0,1,Pedestrian
5,400.0,534.0,464.0,591.0,120,0,0,1,Pedestrian
5,400.0,534.0,464.0,591.0,121,0,0,1,Pedestrian
5,398.0,534.0,462.0,591.0,122,0,0,1,Pedestrian
5,396.0,534.0,460.0,591.0,123,0,0,1,Pedestrian
5,396.0,534.0,460.0,591.0,124,0,0,1,Pedestrian
5,394.0,534.0,458.0,591.0,125,0,0,1,Pedestrian
5,392.0,534.0,456.0,591.0,126,0,0,1,Pedestrian
5,392.0,534.0,456.0,591.0,127,0,0,1,Pedestrian
5,390.0,534.0,454.0,591.0,128,0,0,1,Pedestrian
5,388.0,534.0,452.0,591.0,129,0,0,1,Pedestrian
5,388.0,534.0,452.0,591.0,130,0,0,1,Pedestrian
5,386.0,534.0,450.0,591.0,131,0,0,1,Pedestrian
5,384.0,534.0,448.0,591.0,132,0,0,1,Pedestrian
5,384.0,534.0,448.0,591.0,133,0,0,1,Pedestrian
5,382.0,534.0,446.0,591.0,134,0,0,1,Pedestrian
5,380.0,534.0,444.0,591.0,135,0,0,1,Pedestrian
5,380.0,534.0,444.0,591.0,136,0,0,1,Pedestrian
5,378.0,534.0,442.0,591.0,137,0,0,1,Pedestrian
5,376.0,534.0,440.0,591.0,138,0,0,1,Pedestrian
5,376.0,534.0,440.0,591.0,139,0,0,1,Pedestrian
5,374.0,534.0,438.0,591.0,140,0,0,1,Pedestrian
5,372.0,534.0,436.0,591.0,141,0,0,1,Pedestrian
5,372.0,534.0,436.0,591.0,142,0,0,1,Pedestrian
5,370.0,534.0,434.0,591.0,143,0,0,1,Pedestrian
5,368.0,534.0,432.0,591.0,144,0,0,1,Pedestrian
5,368.0,534.0,432.0,591.0,145,0,0,1,Pedestrian
5,366.0,534.0,430.0,591.0,146,0,0,1,Pedestrian
5,366.0,538.0,430.0,595.0,147,0,1,0,Pedestrian
5,366.0,534.0,430.0,591.0,148,0,1,1,Pedestrian
5,366.0,534.0,430.0,591.0,149,0,1,1,Pedestrian
5,366.0,534.0,430.0,591.0,150,0,1,1,Pedestrian
5,366.0,534.0,430.0,591.0,151,0,1,1,Pedestrian
5,366.0,534.0,430.0,591.0,152,0,1,1,Pedestrian
5,366.0,534.0,430.0,591.0,153,0,1,1,Pedestrian
5,366.0,534.0,430.0,591.0,154,0,1,1,Pedestrian
5,366.0,534.0,430.0,591.0,155,0,1,1,Pedestrian
5,366.0,534.0,430.0,591.0,156,0,1,1,Pedestrian
5,366.0,534.0,430.0,591.0,157,0,1,1,Pedestrian
5,366.0,534.0,430.0,591.0,158,0,1,1,Pedestrian
5,366.0,534.0,430.0,591.0,159,0,1,1,Pedestrian
5,366.0,534.0,430.0,591.0,160,0,1,1,Pedestrian
5,366.0,534.0,430.0,591.0,161,0,1,1,Pedestrian
5,366.0,534.0,430.0,591.0,162,0,1,1,Pedestrian
5,366.0,534.0,430.0,591.0,163,0,1,1,Pedestrian
5,366.0,534.0,430.0,591.0,164,0,1,1,Pedestrian
5,366.0,534.0,430.0,591.0,165,0,1,1,Pedestrian
5,366.0,534.0,430.0,591.0,166,0,1,1,Pedestrian
5,366.0,534.0,430.0,591.0,167,0,1,1,Pedestrian
5,368.0,534.0,432.0,591.0,168,0,1,1,Pedestrian
5,368.0,534.0,432.0,591.0,169,0,1,1,Pedestrian
5,368.0,534.0,432.0,591.0,170,0,1,1,Pedestrian
5,368.0,534.0,432.0,591.0,171,0,1,1,Pedestrian
5,368.0,534.0,432.0,591.0,172,0,1,1,Pedestrian
5,368.0,534.0,432.0,591.0,173,0,1,1,Pedestrian
5,368.0,534.0,432.0,591.0,174,0,1,1,Pedestrian
5,368.0,534.0,432.0,591.0,175,0,1,1,Pedestrian
5,368.0,534.0,432.0,591.0,176,0,1,1,Pedestrian
5,368.0,534.0,432.0,591.0,177,0,1,1,Pedestrian
5,368.0,534.0,432.0,591.0,178,0,1,1,Pedestrian
5,368.0,534.0,432.0,591.0,179,0,1,1,Pedestrian
5,368.0,534.0,432.0,591.0,180,0,1,1,Pedestrian
5,368.0,534.0,432.0,591.0,181,0,1,1,Pedestrian
5,368.0,534.0,432.0,591.0,182,0,1,1,Pedestrian
5,368.0,534.0,432.0,591.0,183,0,1,1,Pedestrian
5,368.0,534.0,432.0,591.0,184,0,1,1,Pedestrian
5,368.0,534.0,432.0,591.0,185,0,1,1,Pedestrian
5,368.0,534.0,432.0,591.0,186,0,1,1,Pedestrian
5,368.0,534.0,432.0,591.0,187,0,1,1,Pedestrian
5,370.0,534.0,434.0,591.0,188,0,1,1,Pedestrian
5,370.0,534.0,434.0,591.0,189,0,1,1,Pedestrian
5,370.0,534.0,434.0,591.0,190,0,1,1,Pedestrian
5,370.0,534.0,434.0,591.0,191,0,1,1,Pedestrian
5,370.0,534.0,434.0,591.0,192,0,1,1,Pedestrian
5,370.0,534.0,434.0,591.0,193,0,1,1,Pedestrian
5,370.0,534.0,434.0,591.0,194,0,1,1,Pedestrian
5,370.0,534.0,434.0,591.0,195,0,1,1,Pedestrian
5,370.0,534.0,434.0,591.0,196,0,1,1,Pedestrian
5,370.0,534.0,434.0,591.0,197,0,1,1,Pedestrian
5,370.0,534.0,434.0,591.0,198,0,1,1,Pedestrian
5,370.0,534.0,434.0,591.0,199,0,1,1,Pedestrian
5,370.0,534.0,434.0,591.0,200,0,1,1,Pedestrian
5,370.0,534.0,434.0,591.0,201,0,1,1,Pedestrian
5,370.0,534.0,434.0,591.0,202,0,1,1,Pedestrian
5,370.0,534.0,434.0,591.0,203,0,1,1,Pedestrian
5,370.0,534.0,434.0,591.0,204,0,1,1,Pedestrian
5,370.0,534.0,434.0,591.0,205,0,1,1,Pedestrian
5,370.0,534.0,434.0,591.0,206,0,1,1,Pedestrian
5,370.0,534.0,434.0,591.0,207,0,1,1,Pedestrian
5,372.0,534.0,436.0,591.0,208,0,1,1,Pedestrian
5,372.0,534.0,436.0,591.0,209,0,1,1,Pedestrian
5,372.0,534.0,436.0,591.0,210,0,1,1,Pedestrian
5,372.0,534.0,436.0,591.0,211,0,1,1,Pedestrian
5,372.0,534.0,436.0,591.0,212,0,1,1,Pedestrian
5,372.0,534.0,436.0,591.0,213,0,1,1,Pedestrian
5,372.0,534.0,436.0,591.0,214,0,1,1,Pedestrian
5,372.0,534.0,436.0,591.0,215,0,1,1,Pedestrian
5,372.0,534.0,436.0,591.0,216,0,1,1,Pedestrian
5,372.0,534.0,436.0,591.0,217,0,1,1,Pedestrian
5,372.0,530.0,436.0,587.0,218,0,1,1,Pedestrian
5,372.0,530.0,436.0,587.0,219,0,1,1,Pedestrian
5,372.0,530.0,436.0,587.0,220,0,1,1,Pedestrian
5,372.0,530.0,436.0,587.0,221,0,1,1,Pedestrian
5,372.0,530.0,436.0,587.0,222,0,1,1,Pedestrian
5,372.0,530.0,436.0,587.0,223,0,1,1,Pedestrian
5,372.0,530.0,436.0,587.0,224,0,1,1,Pedestrian
5,372.0,530.0,436.0,587.0,225,0,1,1,Pedestrian
5,372.0,530.0,436.0,587.0,226,0,1,1,Pedestrian
5,372.0,530.0,436.0,587.0,227,0,1,1,Pedestrian
5,374.0,530.0,438.0,587.0,228,0,1,1,Pedestrian
5,374.0,530.0,438.0,587.0,229,0,1,1,Pedestrian
5,374.0,530.0,438.0,587.0,230,0,1,1,Pedestrian
5,374.0,530.0,438.0,587.0,231,0,1,1,Pedestrian
5,374.0,530.0,438.0,587.0,232,0,1,1,Pedestrian
5,374.0,530.0,438.0,587.0,233,0,1,1,Pedestrian
5,374.0,530.0,438.0,587.0,234,0,1,1,Pedestrian
5,374.0,530.0,438.0,587.0,235,0,1,1,Pedestrian
5,374.0,530.0,438.0,587.0,236,0,1,1,Pedestrian
5,374.0,530.0,438.0,587.0,237,0,1,1,Pedestrian
5,374.0,530.0,438.0,587.0,238,0,1,1,Pedestrian
5,374.0,530.0,438.0,587.0,239,0,1,1,Pedestrian
5,374.0,530.0,438.0,587.0,240,0,1,1,Pedestrian
5,374.0,530.0,438.0,587.0,241,0,1,1,Pedestrian
5,374.0,530.0,438.0,587.0,242,0,1,1,Pedestrian
5,374.0,530.0,438.0,587.0,243,0,1,1,Pedestrian
5,374.0,530.0,438.0,587.0,244,0,1,1,Pedestrian
5,374.0,530.0,438.0,587.0,245,0,1,1,Pedestrian
5,374.0,530.0,438.0,587.0,246,0,1,1,Pedestrian
5,374.0,530.0,438.0,587.0,247,0,1,1,Pedestrian
5,374.0,530.0,438.0,587.0,248,0,1,1,Pedestrian
5,376.0,530.0,440.0,587.0,249,0,1,1,Pedestrian
5,376.0,530.0,440.0,587.0,250,0,1,1,Pedestrian
5,376.0,530.0,440.0,587.0,251,0,1,1,Pedestrian
5,376.0,530.0,440.0,587.0,252,0,1,1,Pedestrian
5,376.0,530.0,440.0,587.0,253,0,1,1,Pedestrian
5,376.0,530.0,440.0,587.0,254,0,1,1,Pedestrian
5,376.0,530.0,440.0,587.0,255,0,1,1,Pedestrian
5,376.0,530.0,440.0,587.0,256,0,1,1,Pedestrian
5,376.0,530.0,440.0,587.0,257,0,1,1,Pedestrian
5,376.0,530.0,440.0,587.0,258,0,1,1,Pedestrian
5,376.0,530.0,440.0,587.0,259,0,1,1,Pedestrian
5,376.0,530.0,440.0,587.0,260,0,1,1,Pedestrian
5,376.0,530.0,440.0,587.0,261,0,1,1,Pedestrian
5,376.0,530.0,440.0,587.0,262,0,1,1,Pedestrian
5,376.0,530.0,440.0,587.0,263,0,1,1,Pedestrian
5,376.0,530.0,440.0,587.0,264,0,1,1,Pedestrian
5,376.0,530.0,440.0,587.0,265,0,1,1,Pedestrian
5,376.0,530.0,440.0,587.0,266,0,1,1,Pedestrian
5,376.0,530.0,440.0,587.0,267,0,1,1,Pedestrian
5,376.0,530.0,440.0,587.0,268,0,1,1,Pedestrian
5,378.0,530.0,442.0,587.0,269,0,1,1,Pedestrian
5,378.0,530.0,442.0,587.0,270,0,1,1,Pedestrian
5,378.0,530.0,442.0,587.0,271,0,1,1,Pedestrian
5,378.0,530.0,442.0,587.0,272,0,1,1,Pedestrian
5,378.0,530.0,442.0,587.0,273,0,1,1,Pedestrian
5,378.0,530.0,442.0,587.0,274,0,1,1,Pedestrian
5,378.0,530.0,442.0,587.0,275,0,1,1,Pedestrian
5,378.0,530.0,442.0,587.0,276,0,1,1,Pedestrian
5,378.0,530.0,442.0,587.0,277,0,1,1,Pedestrian
5,378.0,530.0,442.0,587.0,278,0,1,1,Pedestrian
5,378.0,530.0,442.0,587.0,279,0,1,1,Pedestrian
5,378.0,530.0,442.0,587.0,280,0,1,1,Pedestrian
5,378.0,530.0,442.0,587.0,281,0,1,1,Pedestrian
5,378.0,530.0,442.0,587.0,282,0,1,1,Pedestrian
5,378.0,530.0,442.0,587.0,283,0,1,1,Pedestrian
5,378.0,530.0,442.0,587.0,284,0,1,1,Pedestrian
5,378.0,530.0,442.0,587.0,285,0,1,1,Pedestrian
5,378.0,530.0,442.0,587.0,286,0,1,1,Pedestrian
5,378.0,530.0,442.0,587.0,287,0,1,1,Pedestrian
5,378.0,530.0,442.0,587.0,288,0,1,1,Pedestrian
5,380.0,526.0,444.0,583.0,289,0,1,1,Pedestrian
5,380.0,526.0,444.0,583.0,290,0,1,1,Pedestrian
5,380.0,526.0,444.0,583.0,291,0,1,1,Pedestrian
5,380.0,526.0,444.0,583.0,292,0,1,1,Pedestrian
5,380.0,526.0,444.0,583.0,293,0,1,1,Pedestrian
5,380.0,526.0,444.0,583.0,294,0,1,1,Pedestrian
5,380.0,526.0,444.0,583.0,295,0,1,1,Pedestrian
5,380.0,526.0,444.0,583.0,296,0,1,1,Pedestrian
5,380.0,526.0,444.0,583.0,297,0,1,1,Pedestrian
5,380.0,526.0,444.0,583.0,298,0,1,1,Pedestrian
5,380.0,526.0,444.0,583.0,299,0,1,1,Pedestrian
5,380.0,526.0,444.0,583.0,300,0,1,1,Pedestrian
5,380.0,526.0,444.0,583.0,301,0,1,1,Pedestrian
5,380.0,526.0,444.0,583.0,302,0,1,1,Pedestrian
5,380.0,526.0,444.0,583.0,303,0,1,1,Pedestrian
5,380.0,526.0,444.0,583.0,304,0,1,1,Pedestrian
5,380.0,526.0,444.0,583.0,305,0,1,1,Pedestrian
5,380.0,526.0,444.0,583.0,306,0,1,1,Pedestrian
5,380.0,526.0,444.0,583.0,307,0,1,1,Pedestrian
5,380.0,526.0,444.0,583.0,308,0,1,1,Pedestrian
5,382.0,526.0,446.0,583.0,309,0,1,1,Pedestrian
5,382.0,526.0,446.0,583.0,310,0,1,1,Pedestrian
5,382.0,526.0,446.0,583.0,311,0,1,1,Pedestrian
5,382.0,526.0,446.0,583.0,312,0,1,1,Pedestrian
5,382.0,526.0,446.0,583.0,313,0,1,1,Pedestrian
5,382.0,526.0,446.0,583.0,314,0,1,1,Pedestrian
5,382.0,526.0,446.0,583.0,315,0,1,1,Pedestrian
5,382.0,526.0,446.0,583.0,316,0,1,1,Pedestrian
5,382.0,526.0,446.0,583.0,317,0,1,1,Pedestrian
5,382.0,526.0,446.0,583.0,318,0,1,1,Pedestrian
5,382.0,526.0,446.0,583.0,319,0,1,1,Pedestrian
5,382.0,526.0,446.0,583.0,320,0,1,1,Pedestrian
5,382.0,526.0,446.0,583.0,321,0,1,1,Pedestrian
5,382.0,526.0,446.0,583.0,322,0,1,1,Pedestrian
5,382.0,526.0,446.0,583.0,323,0,1,1,Pedestrian
5,382.0,526.0,446.0,583.0,324,0,1,1,Pedestrian
5,382.0,526.0,446.0,583.0,325,0,1,1,Pedestrian
5,382.0,526.0,446.0,583.0,326,0,1,1,Pedestrian
5,382.0,526.0,446.0,583.0,327,0,1,1,Pedestrian
5,382.0,526.0,446.0,583.0,328,0,1,1,Pedestrian
5,384.0,526.0,448.0,583.0,329,0,1,1,Pedestrian
5,384.0,526.0,448.0,583.0,330,0,1,1,Pedestrian
5,384.0,526.0,448.0,583.0,331,0,1,1,Pedestrian
5,384.0,526.0,448.0,583.0,332,0,1,1,Pedestrian
5,384.0,526.0,448.0,583.0,333,0,1,1,Pedestrian
5,384.0,526.0,448.0,583.0,334,0,1,1,Pedestrian
5,384.0,526.0,448.0,583.0,335,0,1,1,Pedestrian
5,384.0,526.0,448.0,583.0,336,0,1,1,Pedestrian
5,384.0,526.0,448.0,583.0,337,0,1,1,Pedestrian
5,384.0,526.0,448.0,583.0,338,0,1,1,Pedestrian
5,384.0,526.0,448.0,583.0,339,0,1,1,Pedestrian
5,384.0,526.0,448.0,583.0,340,0,1,1,Pedestrian
5,384.0,526.0,448.0,583.0,341,0,1,1,Pedestrian
5,384.0,526.0,448.0,583.0,342,0,1,1,Pedestrian
5,384.0,526.0,448.0,583.0,343,0,1,1,Pedestrian
5,384.0,526.0,448.0,583.0,344,0,1,1,Pedestrian
5,384.0,526.0,448.0,583.0,345,0,1,1,Pedestrian
5,384.0,526.0,448.0,583.0,346,0,1,1,Pedestrian
5,384.0,526.0,448.0,583.0,347,0,1,1,Pedestrian
5,384.0,526.0,448.0,583.0,348,0,1,1,Pedestrian
5,384.0,526.0,448.0,583.0,349,0,1,1,Pedestrian
5,386.0,526.0,450.0,583.0,350,0,1,1,Pedestrian
5,386.0,526.0,450.0,583.0,351,0,1,1,Pedestrian
5,386.0,526.0,450.0,583.0,352,0,1,1,Pedestrian
5,386.0,526.0,450.0,583.0,353,0,1,1,Pedestrian
5,386.0,526.0,450.0,583.0,354,0,1,1,Pedestrian
5,386.0,526.0,450.0,583.0,355,0,1,1,Pedestrian
5,386.0,526.0,450.0,583.0,356,0,1,1,Pedestrian
5,386.0,526.0,450.0,583.0,357,0,1,1,Pedestrian
5,386.0,526.0,450.0,583.0,358,0,1,1,Pedestrian
5,386.0,526.0,450.0,583.0,359,0,1,1,Pedestrian
5,386.0,522.0,450.0,579.0,360,0,1,1,Pedestrian
5,386.0,522.0,450.0,579.0,361,0,1,1,Pedestrian
5,386.0,522.0,450.0,579.0,362,0,1,1,Pedestrian
5,386.0,522.0,450.0,579.0,363,0,1,1,Pedestrian
5,386.0,522.0,450.0,579.0,364,0,1,1,Pedestrian
5,386.0,522.0,450.0,579.0,365,0,1,1,Pedestrian
5,386.0,522.0,450.0,579.0,366,0,1,1,Pedestrian
5,386.0,522.0,450.0,579.0,367,0,1,1,Pedestrian
5,386.0,522.0,450.0,579.0,368,0,1,1,Pedestrian
5,386.0,522.0,450.0,579.0,369,0,1,1,Pedestrian
5,388.0,522.0,452.0,579.0,370,0,1,1,Pedestrian
5,388.0,522.0,452.0,579.0,371,0,1,1,Pedestrian
5,388.0,522.0,452.0,579.0,372,0,1,1,Pedestrian
5,388.0,522.0,452.0,579.0,373,0,1,1,Pedestrian
5,388.0,522.0,452.0,579.0,374,0,1,1,Pedestrian
5,388.0,522.0,452.0,579.0,375,0,1,1,Pedestrian
5,388.0,522.0,452.0,579.0,376,0,1,1,Pedestrian
5,388.0,522.0,452.0,579.0,377,0,1,1,Pedestrian
5,388.0,522.0,452.0,579.0,378,0,1,1,Pedestrian
5,388.0,522.0,452.0,579.0,379,0,1,1,Pedestrian
5,388.0,522.0,452.0,579.0,380,0,1,1,Pedestrian
5,388.0,522.0,452.0,579.0,381,0,1,1,Pedestrian
5,388.0,522.0,452.0,579.0,382,0,1,1,Pedestrian
5,388.0,522.0,452.0,579.0,383,0,1,1,Pedestrian
5,388.0,522.0,452.0,579.0,384,0,1,1,Pedestrian
5,388.0,522.0,452.0,579.0,385,0,1,1,Pedestrian
5,388.0,522.0,452.0,579.0,386,0,1,1,Pedestrian
5,388.0,522.0,452.0,579.0,387,0,1,1,Pedestrian
5,388.0,522.0,452.0,579.0,388,0,1,1,Pedestrian
5,388.0,522.0,452.0,579.0,389,0,1,1,Pedestrian
5,390.0,522.0,454.0,579.0,390,0,1,1,Pedestrian
5,390.0,522.0,454.0,579.0,391,0,1,1,Pedestrian
5,390.0,522.0,454.0,579.0,392,0,1,1,Pedestrian
5,390.0,522.0,454.0,579.0,393,0,1,1,Pedestrian
5,390.0,522.0,454.0,579.0,394,0,1,1,Pedestrian
5,390.0,522.0,454.0,579.0,395,0,1,1,Pedestrian
5,390.0,522.0,454.0,579.0,396,0,1,1,Pedestrian
5,390.0,522.0,454.0,579.0,397,0,1,1,Pedestrian
5,390.0,522.0,454.0,579.0,398,0,1,1,Pedestrian
5,390.0,522.0,454.0,579.0,399,0,1,1,Pedestrian
5,390.0,522.0,454.0,579.0,400,0,1,1,Pedestrian
5,390.0,522.0,454.0,579.0,401,0,1,1,Pedestrian
5,390.0,522.0,454.0,579.0,402,0,1,1,Pedestrian
5,390.0,522.0,454.0,579.0,403,0,1,1,Pedestrian
5,390.0,522.0,454.0,579.0,404,0,1,1,Pedestrian
5,390.0,522.0,454.0,579.0,405,0,1,1,Pedestrian
5,390.0,522.0,454.0,579.0,406,0,1,1,Pedestrian
5,390.0,522.0,454.0,579.0,407,0,1,1,Pedestrian
5,390.0,522.0,454.0,579.0,408,0,1,1,Pedestrian
5,390.0,522.0,454.0,579.0,409,0,1,1,Pedestrian
5,392.0,522.0,456.0,579.0,410,0,1,1,Pedestrian
5,392.0,522.0,456.0,579.0,411,0,1,1,Pedestrian
5,392.0,522.0,456.0,579.0,412,0,1,1,Pedestrian
5,392.0,522.0,456.0,579.0,413,0,1,1,Pedestrian
5,392.0,522.0,456.0,579.0,414,0,1,1,Pedestrian
5,392.0,522.0,456.0,579.0,415,0,1,1,Pedestrian
5,392.0,522.0,456.0,579.0,416,0,1,1,Pedestrian
5,392.0,522.0,456.0,579.0,417,0,1,1,Pedestrian
5,392.0,522.0,456.0,579.0,418,0,1,1,Pedestrian
5,392.0,522.0,456.0,579.0,419,0,1,1,Pedestrian
5,392.0,522.0,456.0,579.0,420,0,1,1,Pedestrian
5,392.0,522.0,456.0,579.0,421,0,1,1,Pedestrian
5,392.0,522.0,456.0,579.0,422,0,1,1,Pedestrian
5,392.0,522.0,456.0,579.0,423,0,1,1,Pedestrian
5,392.0,522.0,456.0,579.0,424,0,1,1,Pedestrian
5,392.0,522.0,456.0,579.0,425,0,1,1,Pedestrian
5,392.0,522.0,456.0,579.0,426,0,1,1,Pedestrian
5,392.0,522.0,456.0,579.0,427,0,1,1,Pedestrian
5,392.0,522.0,456.0,579.0,428,0,1,1,Pedestrian
5,392.0,522.0,456.0,579.0,429,0,1,1,Pedestrian
5,394.0,522.0,458.0,579.0,430,0,0,0,Pedestrian
6,33.0,534.0,69.0,595.0,0,0,0,0,Pedestrian
6,33.0,534.0,69.0,595.0,1,0,0,0,Pedestrian
6,33.0,534.0,69.0,595.0,2,0,0,1,Pedestrian
6,33.0,534.0,69.0,595.0,3,0,0,1,Pedestrian
6,33.0,534.0,69.0,595.0,4,0,0,1,Pedestrian
6,33.0,534.0,69.0,595.0,5,0,0,1,Pedestrian
6,33.0,534.0,69.0,595.0,6,0,0,1,Pedestrian
6,33.0,534.0,69.0,595.0,7,0,0,1,Pedestrian
6,33.0,534.0,69.0,595.0,8,0,0,1,Pedestrian
6,33.0,534.0,69.0,595.0,9,0,0,1,Pedestrian
6,33.0,534.0,69.0,595.0,10,0,0,1,Pedestrian
6,33.0,534.0,69.0,595.0,11,0,0,1,Pedestrian
6,33.0,534.0,69.0,595.0,12,0,0,1,Pedestrian
6,33.0,534.0,69.0,595.0,13,0,0,1,Pedestrian
6,33.0,534.0,69.0,595.0,14,0,0,1,Pedestrian
6,33.0,534.0,69.0,595.0,15,0,0,1,Pedestrian
6,33.0,534.0,69.0,595.0,16,0,0,1,Pedestrian
6,33.0,534.0,69.0,595.0,17,0,0,1,Pedestrian
6,33.0,534.0,69.0,595.0,18,0,0,1,Pedestrian
6,33.0,534.0,69.0,595.0,19,0,0,1,Pedestrian
6,33.0,534.0,69.0,595.0,20,0,0,1,Pedestrian
6,33.0,534.0,69.0,595.0,21,0,0,1,Pedestrian
6,33.0,534.0,69.0,595.0,22,0,0,1,Pedestrian
6,33.0,534.0,69.0,595.0,23,0,0,1,Pedestrian
6,33.0,534.0,69.0,595.0,24,0,0,1,Pedestrian
6,33.0,534.0,69.0,595.0,25,0,0,1,Pedestrian
6,33.0,534.0,69.0,595.0,26,0,0,1,Pedestrian
6,33.0,534.0,69.0,595.0,27,0,0,1,Pedestrian
6,33.0,534.0,69.0,595.0,28,0,0,1,Pedestrian
6,33.0,534.0,69.0,595.0,29,0,0,1,Pedestrian
6,33.0,534.0,69.0,595.0,30,0,0,1,Pedestrian
6,33.0,534.0,69.0,595.0,31,0,0,1,Pedestrian
6,33.0,534.0,69.0,595.0,32,0,0,1,Pedestrian
6,33.0,534.0,69.0,595.0,33,0,0,1,Pedestrian
6,33.0,534.0,69.0,595.0,34,0,0,1,Pedestrian
6,33.0,534.0,69.0,595.0,35,0,0,1,Pedestrian
6,33.0,534.0,69.0,595.0,36,0,0,1,Pedestrian
6,33.0,534.0,69.0,595.0,37,0,0,1,Pedestrian
6,33.0,534.0,69.0,595.0,38,0,0,1,Pedestrian
6,33.0,534.0,69.0,595.0,39,0,0,1,Pedestrian
6,33.0,534.0,69.0,595.0,40,0,0,1,Pedestrian
6,33.0,534.0,69.0,595.0,41,0,0,1,Pedestrian
6,33.0,534.0,69.0,595.0,42,0,0,1,Pedestrian
6,33.0,534.0,69.0,595.0,43,0,0,1,Pedestrian
6,33.0,534.0,69.0,595.0,44,0,0,1,Pedestrian
6,33.0,534.0,69.0,595.0,45,0,0,1,Pedestrian
6,33.0,534.0,69.0,595.0,46,0,0,1,Pedestrian
6,33.0,534.0,69.0,595.0,47,0,0,1,Pedestrian
6,33.0,534.0,69.0,595.0,48,0,0,1,Pedestrian
6,33.0,534.0,69.0,595.0,49,0,0,1,Pedestrian
6,33.0,534.0,69.0,595.0,50,0,0,1,Pedestrian
6,33.0,534.0,69.0,595.0,51,0,0,1,Pedestrian
6,33.0,534.0,69.0,595.0,52,0,0,1,Pedestrian
6,33.0,534.0,69.0,595.0,53,0,0,1,Pedestrian
6,33.0,534.0,69.0,595.0,54,0,0,1,Pedestrian
6,33.0,534.0,69.0,595.0,55,0,0,1,Pedestrian
6,33.0,534.0,69.0,595.0,56,0,0,1,Pedestrian
6,33.0,534.0,69.0,595.0,57,0,0,1,Pedestrian
6,33.0,534.0,69.0,595.0,58,0,0,1,Pedestrian
6,33.0,534.0,69.0,595.0,59,0,0,1,Pedestrian
6,33.0,534.0,69.0,595.0,60,0,0,1,Pedestrian
6,33.0,534.0,69.0,595.0,61,0,0,1,Pedestrian
6,33.0,534.0,69.0,595.0,62,0,0,1,Pedestrian
6,33.0,534.0,69.0,595.0,63,0,0,1,Pedestrian
6,33.0,534.0,69.0,595.0,64,0,0,1,Pedestrian
6,33.0,534.0,69.0,595.0,65,0,0,1,Pedestrian
6,33.0,534.0,69.0,595.0,66,0,0,1,Pedestrian
6,33.0,534.0,69.0,595.0,67,0,0,1,Pedestrian
6,33.0,534.0,69.0,595.0,68,0,0,1,Pedestrian
6,33.0,534.0,69.0,595.0,69,0,0,1,Pedestrian
6,33.0,534.0,69.0,595.0,70,0,0,1,Pedestrian
6,33.0,534.0,69.0,595.0,71,0,0,1,Pedestrian
6,33.0,534.0,69.0,595.0,72,0,0,1,Pedestrian
6,33.0,534.0,69.0,595.0,73,0,0,1,Pedestrian
6,33.0,534.0,69.0,595.0,74,0,0,1,Pedestrian
6,33.0,534.0,69.0,595.0,75,0,0,1,Pedestrian
6,33.0,534.0,69.0,595.0,76,0,0,1,Pedestrian
6,33.0,534.0,69.0,595.0,77,0,0,1,Pedestrian
6,33.0,534.0,69.0,595.0,78,0,0,1,Pedestrian
6,33.0,534.0,69.0,595.0,79,0,0,1,Pedestrian
6,33.0,534.0,69.0,595.0,80,0,0,1,Pedestrian
6,33.0,534.0,69.0,595.0,81,0,0,1,Pedestrian
6,33.0,534.0,69.0,595.0,82,0,0,1,Pedestrian
6,33.0,534.0,69.0,595.0,83,0,0,1,Pedestrian
6,33.0,534.0,69.0,595.0,84,0,0,1,Pedestrian
6,33.0,534.0,69.0,595.0,85,0,0,1,Pedestrian
6,33.0,534.0,69.0,595.0,86,0,0,1,Pedestrian
6,33.0,534.0,69.0,595.0,87,0,0,1,Pedestrian
6,33.0,534.0,69.0,595.0,88,0,0,1,Pedestrian
6,33.0,534.0,69.0,595.0,89,0,0,1,Pedestrian
6,33.0,534.0,69.0,595.0,90,0,0,1,Pedestrian
6,33.0,534.0,69.0,595.0,91,0,0,1,Pedestrian
6,33.0,534.0,69.0,595.0,92,0,0,1,Pedestrian
6,33.0,534.0,69.0,595.0,93,0,0,1,Pedestrian
6,33.0,534.0,69.0,595.0,94,0,0,1,Pedestrian
6,33.0,534.0,69.0,595.0,95,0,0,1,Pedestrian
6,33.0,534.0,69.0,595.0,96,0,0,1,Pedestrian
6,33.0,534.0,69.0,595.0,97,0,0,1,Pedestrian
6,33.0,534.0,69.0,595.0,98,0,0,1,Pedestrian
6,33.0,534.0,69.0,595.0,99,0,0,1,Pedestrian
6,33.0,534.0,69.0,595.0,100,0,0,1,Pedestrian
6,33.0,534.0,69.0,595.0,101,0,0,1,Pedestrian
6,33.0,534.0,69.0,595.0,102,0,0,1,Pedestrian
6,33.0,534.0,69.0,595.0,103,0,0,1,Pedestrian
6,33.0,534.0,69.0,595.0,104,0,0,1,Pedestrian
6,33.0,534.0,69.0,595.0,105,0,0,1,Pedestrian
6,33.0,534.0,69.0,595.0,106,0,0,1,Pedestrian
6,33.0,534.0,69.0,595.0,107,0,0,1,Pedestrian
6,33.0,534.0,69.0,595.0,108,0,0,1,Pedestrian
6,33.0,534.0,69.0,595.0,109,0,0,1,Pedestrian
6,33.0,534.0,69.0,595.0,110,0,0,1,Pedestrian
6,33.0,534.0,69.0,595.0,111,0,0,1,Pedestrian
6,33.0,534.0,69.0,595.0,112,0,0,1,Pedestrian
6,33.0,534.0,69.0,595.0,113,0,0,1,Pedestrian
6,33.0,534.0,69.0,595.0,114,0,0,1,Pedestrian
6,33.0,534.0,69.0,595.0,115,0,0,1,Pedestrian
6,33.0,534.0,69.0,595.0,116,0,0,1,Pedestrian
6,33.0,534.0,69.0,595.0,117,0,0,1,Pedestrian
6,33.0,534.0,69.0,595.0,118,0,0,1,Pedestrian
6,33.0,534.0,69.0,595.0,119,0,0,1,Pedestrian
6,33.0,534.0,69.0,595.0,120,0,0,1,Pedestrian
6,33.0,534.0,69.0,595.0,121,0,0,1,Pedestrian
6,33.0,534.0,69.0,595.0,122,0,0,1,Pedestrian
6,33.0,534.0,69.0,595.0,123,0,0,1,Pedestrian
6,33.0,534.0,69.0,595.0,124,0,0,1,Pedestrian
6,33.0,534.0,69.0,595.0,125,0,0,1,Pedestrian
6,33.0,534.0,69.0,595.0,126,0,0,1,Pedestrian
6,33.0,534.0,69.0,595.0,127,0,0,1,Pedestrian
6,33.0,534.0,69.0,595.0,128,0,0,1,Pedestrian
6,33.0,534.0,69.0,595.0,129,0,0,1,Pedestrian
6,33.0,534.0,69.0,595.0,130,0,0,1,Pedestrian
6,33.0,534.0,69.0,595.0,131,0,0,1,Pedestrian
6,33.0,534.0,69.0,595.0,132,0,0,1,Pedestrian
6,33.0,534.0,69.0,595.0,133,0,0,1,Pedestrian
6,33.0,534.0,69.0,595.0,134,0,0,1,Pedestrian
6,33.0,534.0,69.0,595.0,135,0,0,1,Pedestrian
6,33.0,534.0,69.0,595.0,136,0,0,1,Pedestrian
6,33.0,534.0,69.0,595.0,137,0,0,1,Pedestrian
6,33.0,534.0,69.0,595.0,138,0,0,1,Pedestrian
6,33.0,534.0,69.0,595.0,139,0,0,1,Pedestrian
6,33.0,534.0,69.0,595.0,140,0,0,1,Pedestrian
6,33.0,534.0,69.0,595.0,141,0,0,1,Pedestrian
6,33.0,534.0,69.0,595.0,142,0,0,1,Pedestrian
6,33.0,534.0,69.0,595.0,143,0,0,1,Pedestrian
6,33.0,534.0,69.0,595.0,144,0,0,1,Pedestrian
6,33.0,534.0,69.0,595.0,145,0,0,1,Pedestrian
6,33.0,534.0,69.0,595.0,146,0,0,1,Pedestrian
6,33.0,534.0,69.0,595.0,147,0,0,1,Pedestrian
6,33.0,534.0,69.0,595.0,148,0,0,1,Pedestrian
6,33.0,534.0,69.0,595.0,149,0,0,1,Pedestrian
6,33.0,534.0,69.0,595.0,150,0,0,1,Pedestrian
6,33.0,534.0,69.0,595.0,151,0,0,1,Pedestrian
6,33.0,534.0,69.0,595.0,152,0,0,1,Pedestrian
6,33.0,534.0,69.0,595.0,153,0,0,1,Pedestrian
6,33.0,534.0,69.0,595.0,154,0,0,1,Pedestrian
6,33.0,534.0,69.0,595.0,155,0,0,1,Pedestrian
6,33.0,534.0,69.0,595.0,156,0,0,1,Pedestrian
6,33.0,534.0,69.0,595.0,157,0,0,1,Pedestrian
6,33.0,534.0,69.0,595.0,158,0,0,1,Pedestrian
6,33.0,534.0,69.0,595.0,159,0,0,1,Pedestrian
6,33.0,534.0,69.0,595.0,160,0,0,1,Pedestrian
6,33.0,534.0,69.0,595.0,161,0,0,1,Pedestrian
6,33.0,534.0,69.0,595.0,162,0,0,1,Pedestrian
6,33.0,534.0,69.0,595.0,163,0,0,1,Pedestrian
6,33.0,534.0,69.0,595.0,164,0,0,1,Pedestrian
6,33.0,534.0,69.0,595.0,165,0,0,1,Pedestrian
6,33.0,534.0,69.0,595.0,166,0,0,1,Pedestrian
6,33.0,534.0,69.0,595.0,167,0,0,1,Pedestrian
6,33.0,534.0,69.0,595.0,168,0,0,1,Pedestrian
6,33.0,534.0,69.0,595.0,169,0,0,1,Pedestrian
6,33.0,534.0,69.0,595.0,170,0,0,1,Pedestrian
6,33.0,534.0,69.0,595.0,171,0,0,1,Pedestrian
6,33.0,534.0,69.0,595.0,172,0,0,1,Pedestrian
6,33.0,534.0,69.0,595.0,173,0,0,1,Pedestrian
6,33.0,534.0,69.0,595.0,174,0,0,1,Pedestrian
6,33.0,534.0,69.0,595.0,175,0,0,1,Pedestrian
6,33.0,534.0,69.0,595.0,176,0,0,1,Pedestrian
6,33.0,534.0,69.0,595.0,177,0,0,1,Pedestrian
6,33.0,534.0,69.0,595.0,178,0,0,1,Pedestrian
6,33.0,534.0,69.0,595.0,179,0,0,1,Pedestrian
6,33.0,534.0,69.0,595.0,180,0,0,1,Pedestrian
6,33.0,534.0,69.0,595.0,181,0,0,1,Pedestrian
6,33.0,534.0,69.0,595.0,182,0,0,1,Pedestrian
6,33.0,534.0,69.0,595.0,183,0,0,1,Pedestrian
6,33.0,534.0,69.0,595.0,184,0,0,1,Pedestrian
6,33.0,534.0,69.0,595.0,185,0,0,1,Pedestrian
6,33.0,534.0,69.0,595.0,186,0,0,1,Pedestrian
6,33.0,534.0,69.0,595.0,187,0,0,1,Pedestrian
6,33.0,534.0,69.0,595.0,188,0,0,1,Pedestrian
6,33.0,534.0,69.0,595.0,189,0,0,1,Pedestrian
6,33.0,534.0,69.0,595.0,190,0,0,1,Pedestrian
6,33.0,534.0,69.0,595.0,191,0,0,1,Pedestrian
6,33.0,534.0,69.0,595.0,192,0,0,1,Pedestrian
6,33.0,534.0,69.0,595.0,193,0,0,1,Pedestrian
6,33.0,534.0,69.0,595.0,194,0,0,1,Pedestrian
6,33.0,534.0,69.0,595.0,195,0,0,1,Pedestrian
6,33.0,534.0,69.0,595.0,196,0,0,1,Pedestrian
6,33.0,534.0,69.0,595.0,197,0,0,1,Pedestrian
6,33.0,534.0,69.0,595.0,198,0,0,1,Pedestrian
6,33.0,534.0,69.0,595.0,199,0,0,1,Pedestrian
6,33.0,534.0,69.0,595.0,200,0,0,1,Pedestrian
6,33.0,534.0,69.0,595.0,201,0,0,1,Pedestrian
6,33.0,534.0,69.0,595.0,202,0,0,1,Pedestrian
6,33.0,534.0,69.0,595.0,203,0,0,1,Pedestrian
6,33.0,534.0,69.0,595.0,204,0,0,1,Pedestrian
6,33.0,534.0,69.0,595.0,205,0,0,1,Pedestrian
6,33.0,534.0,69.0,595.0,206,0,0,1,Pedestrian
6,33.0,534.0,69.0,595.0,207,0,0,1,Pedestrian
6,33.0,534.0,69.0,595.0,208,0,0,1,Pedestrian
6,33.0,534.0,69.0,595.0,209,0,0,1,Pedestrian
6,33.0,534.0,69.0,595.0,210,0,0,1,Pedestrian
6,33.0,534.0,69.0,595.0,211,0,0,1,Pedestrian
6,33.0,534.0,69.0,595.0,212,0,0,1,Pedestrian
6,33.0,534.0,69.0,595.0,213,0,0,1,Pedestrian
6,33.0,534.0,69.0,595.0,214,0,0,1,Pedestrian
6,33.0,534.0,69.0,595.0,215,0,0,1,Pedestrian
6,33.0,534.0,69.0,595.0,216,0,0,1,Pedestrian
6,33.0,534.0,69.0,595.0,217,0,0,1,Pedestrian
6,33.0,534.0,69.0,595.0,218,0,0,1,Pedestrian
6,33.0,534.0,69.0,595.0,219,0,0,1,Pedestrian
6,33.0,534.0,69.0,595.0,220,0,0,1,Pedestrian
6,33.0,534.0,69.0,595.0,221,0,0,1,Pedestrian
6,33.0,534.0,69.0,595.0,222,0,0,1,Pedestrian
6,33.0,534.0,69.0,595.0,223,0,0,1,Pedestrian
6,33.0,534.0,69.0,595.0,224,0,0,1,Pedestrian
6,33.0,534.0,69.0,595.0,225,0,0,1,Pedestrian
6,33.0,534.0,69.0,595.0,226,0,0,1,Pedestrian
6,33.0,534.0,69.0,595.0,227,0,0,1,Pedestrian
6,33.0,534.0,69.0,595.0,228,0,0,1,Pedestrian
6,33.0,534.0,69.0,595.0,229,0,0,1,Pedestrian
6,33.0,534.0,69.0,595.0,230,0,0,1,Pedestrian
6,33.0,534.0,69.0,595.0,231,0,0,1,Pedestrian
6,33.0,534.0,69.0,595.0,232,0,0,1,Pedestrian
6,33.0,534.0,69.0,595.0,233,0,0,1,Pedestrian
6,33.0,534.0,69.0,595.0,234,0,0,1,Pedestrian
6,33.0,534.0,69.0,595.0,235,0,0,1,Pedestrian
6,33.0,534.0,69.0,595.0,236,0,0,1,Pedestrian
6,33.0,534.0,69.0,595.0,237,0,0,1,Pedestrian
6,33.0,534.0,69.0,595.0,238,0,0,1,Pedestrian
6,33.0,534.0,69.0,595.0,239,0,0,1,Pedestrian
6,33.0,534.0,69.0,595.0,240,0,0,1,Pedestrian
6,33.0,534.0,69.0,595.0,241,0,0,1,Pedestrian
6,33.0,534.0,69.0,595.0,242,0,0,1,Pedestrian
6,33.0,534.0,69.0,595.0,243,0,0,1,Pedestrian
6,33.0,534.0,69.0,595.0,244,0,0,1,Pedestrian
6,33.0,534.0,69.0,595.0,245,0,0,1,Pedestrian
6,33.0,534.0,69.0,595.0,246,0,0,1,Pedestrian
6,33.0,534.0,69.0,595.0,247,0,0,1,Pedestrian
6,33.0,534.0,69.0,595.0,248,0,0,1,Pedestrian
6,33.0,534.0,69.0,595.0,249,0,0,1,Pedestrian
6,33.0,534.0,69.0,595.0,250,0,0,1,Pedestrian
6,33.0,534.0,69.0,595.0,251,0,0,1,Pedestrian
6,33.0,534.0,69.0,595.0,252,0,0,1,Pedestrian
6,33.0,534.0,69.0,595.0,253,0,0,1,Pedestrian
6,33.0,534.0,69.0,595.0,254,0,0,1,Pedestrian
6,33.0,534.0,69.0,595.0,255,0,0,1,Pedestrian
6,33.0,534.0,69.0,595.0,256,0,0,1,Pedestrian
6,33.0,534.0,69.0,595.0,257,0,0,1,Pedestrian
6,33.0,534.0,69.0,595.0,258,0,0,1,Pedestrian
6,33.0,534.0,69.0,595.0,259,0,0,1,Pedestrian
6,33.0,534.0,69.0,595.0,260,0,0,1,Pedestrian
6,33.0,534.0,69.0,595.0,261,0,0,1,Pedestrian
6,33.0,534.0,69.0,595.0,262,0,0,1,Pedestrian
6,33.0,534.0,69.0,595.0,263,0,0,1,Pedestrian
6,33.0,534.0,69.0,595.0,264,0,0,1,Pedestrian
6,33.0,534.0,69.0,595.0,265,0,0,1,Pedestrian
6,33.0,534.0,69.0,595.0,266,0,0,1,Pedestrian
6,33.0,534.0,69.0,595.0,267,0,0,1,Pedestrian
6,33.0,534.0,69.0,595.0,268,0,0,1,Pedestrian
6,33.0,534.0,69.0,595.0,269,0,0,1,Pedestrian
6,33.0,534.0,69.0,595.0,270,0,0,1,Pedestrian
6,33.0,534.0,69.0,595.0,271,0,0,1,Pedestrian
6,33.0,534.0,69.0,595.0,272,0,0,1,Pedestrian
6,33.0,534.0,69.0,595.0,273,0,0,1,Pedestrian
6,33.0,534.0,69.0,595.0,274,0,0,1,Pedestrian
6,33.0,534.0,69.0,595.0,275,0,0,1,Pedestrian
6,33.0,534.0,69.0,595.0,276,0,0,1,Pedestrian
6,33.0,534.0,69.0,595.0,277,0,0,1,Pedestrian
6,33.0,534.0,69.0,595.0,278,0,0,1,Pedestrian
6,33.0,534.0,69.0,595.0,279,0,0,1,Pedestrian
6,33.0,534.0,69.0,595.0,280,0,0,1,Pedestrian
6,33.0,534.0,69.0,595.0,281,0,0,1,Pedestrian
6,33.0,534.0,69.0,595.0,282,0,0,1,Pedestrian
6,33.0,534.0,69.0,595.0,283,0,0,1,Pedestrian
6,33.0,534.0,69.0,595.0,284,0,0,1,Pedestrian
6,33.0,534.0,69.0,595.0,285,0,0,1,Pedestrian
6,33.0,534.0,69.0,595.0,286,0,0,1,Pedestrian
6,33.0,534.0,69.0,595.0,287,0,0,1,Pedestrian
6,33.0,534.0,69.0,595.0,288,0,0,1,Pedestrian
6,33.0,534.0,69.0,595.0,289,0,0,1,Pedestrian
6,33.0,534.0,69.0,595.0,290,0,0,1,Pedestrian
6,33.0,534.0,69.0,595.0,291,0,0,1,Pedestrian
6,33.0,534.0,69.0,595.0,292,0,0,1,Pedestrian
6,33.0,534.0,69.0,595.0,293,0,0,1,Pedestrian
6,33.0,534.0,69.0,595.0,294,0,0,1,Pedestrian
6,33.0,534.0,69.0,595.0,295,0,0,1,Pedestrian
6,33.0,534.0,69.0,595.0,296,0,0,1,Pedestrian
6,33.0,534.0,69.0,595.0,297,0,0,1,Pedestrian
6,33.0,534.0,69.0,595.0,298,0,0,1,Pedestrian
6,33.0,534.0,69.0,595.0,299,0,0,1,Pedestrian
6,33.0,534.0,69.0,595.0,300,0,0,1,Pedestrian
6,33.0,534.0,69.0,595.0,301,0,0,1,Pedestrian
6,33.0,534.0,69.0,595.0,302,0,0,1,Pedestrian
6,33.0,534.0,69.0,595.0,303,0,0,1,Pedestrian
6,33.0,534.0,69.0,595.0,304,0,0,1,Pedestrian
6,33.0,534.0,69.0,595.0,305,0,0,1,Pedestrian
6,33.0,534.0,69.0,595.0,306,0,0,1,Pedestrian
6,33.0,534.0,69.0,595.0,307,0,0,1,Pedestrian
6,33.0,534.0,69.0,595.0,308,0,0,1,Pedestrian
6,33.0,534.0,69.0,595.0,309,0,0,1,Pedestrian
6,33.0,534.0,69.0,595.0,310,0,0,1,Pedestrian
6,33.0,534.0,69.0,595.0,311,0,0,1,Pedestrian
6,33.0,534.0,69.0,595.0,312,0,0,1,Pedestrian
6,33.0,534.0,69.0,595.0,313,0,0,1,Pedestrian
6,33.0,534.0,69.0,595.0,314,0,0,1,Pedestrian
6,33.0,534.0,69.0,595.0,315,0,0,1,Pedestrian
6,33.0,534.0,69.0,595.0,316,0,0,1,Pedestrian
6,33.0,534.0,69.0,595.0,317,0,0,1,Pedestrian
6,33.0,534.0,69.0,595.0,318,0,0,1,Pedestrian
6,33.0,534.0,69.0,595.0,319,0,0,1,Pedestrian
6,33.0,534.0,69.0,595.0,320,0,0,1,Pedestrian
6,33.0,534.0,69.0,595.0,321,0,0,1,Pedestrian
6,33.0,534.0,69.0,595.0,322,0,0,1,Pedestrian
6,33.0,534.0,69.0,595.0,323,0,0,1,Pedestrian
6,33.0,534.0,69.0,595.0,324,0,0,1,Pedestrian
6,33.0,534.0,69.0,595.0,325,0,0,1,Pedestrian
6,33.0,534.0,69.0,595.0,326,0,0,1,Pedestrian
6,33.0,534.0,69.0,595.0,327,0,0,1,Pedestrian
6,33.0,534.0,69.0,595.0,328,0,0,1,Pedestrian
6,33.0,534.0,69.0,595.0,329,0,0,1,Pedestrian
6,33.0,534.0,69.0,595.0,330,0,0,1,Pedestrian
6,33.0,534.0,69.0,595.0,331,0,0,1,Pedestrian
6,33.0,534.0,69.0,595.0,332,0,0,1,Pedestrian
6,33.0,534.0,69.0,595.0,333,0,0,1,Pedestrian
6,33.0,534.0,69.0,595.0,334,0,0,1,Pedestrian
6,33.0,534.0,69.0,595.0,335,0,0,1,Pedestrian
6,33.0,534.0,69.0,595.0,336,0,0,1,Pedestrian
6,33.0,534.0,69.0,595.0,337,0,0,1,Pedestrian
6,33.0,534.0,69.0,595.0,338,0,0,1,Pedestrian
6,33.0,534.0,69.0,595.0,339,0,0,1,Pedestrian
6,33.0,534.0,69.0,595.0,340,0,0,1,Pedestrian
6,33.0,534.0,69.0,595.0,341,0,0,1,Pedestrian
6,33.0,534.0,69.0,595.0,342,0,0,1,Pedestrian
6,33.0,534.0,69.0,595.0,343,0,0,1,Pedestrian
6,33.0,534.0,69.0,595.0,344,0,0,1,Pedestrian
6,33.0,534.0,69.0,595.0,345,0,0,1,Pedestrian
6,33.0,534.0,69.0,595.0,346,0,0,1,Pedestrian
6,33.0,534.0,69.0,595.0,347,0,0,1,Pedestrian
6,33.0,534.0,69.0,595.0,348,0,0,1,Pedestrian
6,33.0,534.0,69.0,595.0,349,0,0,1,Pedestrian
6,33.0,534.0,69.0,595.0,350,0,0,1,Pedestrian
6,33.0,534.0,69.0,595.0,351,0,0,1,Pedestrian
6,33.0,534.0,69.0,595.0,352,0,0,1,Pedestrian
6,33.0,534.0,69.0,595.0,353,0,0,1,Pedestrian
6,33.0,534.0,69.0,595.0,354,0,0,1,Pedestrian
6,33.0,534.0,69.0,595.0,355,0,0,1,Pedestrian
6,33.0,534.0,69.0,595.0,356,0,0,1,Pedestrian
6,33.0,534.0,69.0,595.0,357,0,0,1,Pedestrian
6,33.0,534.0,69.0,595.0,358,0,0,1,Pedestrian
6,33.0,534.0,69.0,595.0,359,0,0,1,Pedestrian
6,33.0,534.0,69.0,595.0,360,0,0,1,Pedestrian
6,33.0,534.0,69.0,595.0,361,0,0,1,Pedestrian
6,33.0,534.0,69.0,595.0,362,0,0,1,Pedestrian
6,33.0,534.0,69.0,595.0,363,0,0,1,Pedestrian
6,33.0,534.0,69.0,595.0,364,0,0,1,Pedestrian
6,33.0,534.0,69.0,595.0,365,0,0,1,Pedestrian
6,33.0,534.0,69.0,595.0,366,0,0,1,Pedestrian
6,33.0,534.0,69.0,595.0,367,0,0,1,Pedestrian
6,33.0,534.0,69.0,595.0,368,0,0,1,Pedestrian
6,33.0,534.0,69.0,595.0,369,0,0,1,Pedestrian
6,33.0,534.0,69.0,595.0,370,0,0,1,Pedestrian
6,33.0,534.0,69.0,595.0,371,0,0,1,Pedestrian
6,33.0,534.0,69.0,595.0,372,0,0,1,Pedestrian
6,33.0,534.0,69.0,595.0,373,0,0,1,Pedestrian
6,33.0,534.0,69.0,595.0,374,0,0,1,Pedestrian
6,33.0,534.0,69.0,595.0,375,0,0,1,Pedestrian
6,33.0,534.0,69.0,595.0,376,0,0,1,Pedestrian
6,33.0,534.0,69.0,595.0,377,0,0,1,Pedestrian
6,33.0,534.0,69.0,595.0,378,0,0,1,Pedestrian
6,33.0,534.0,69.0,595.0,379,0,0,1,Pedestrian
6,33.0,534.0,69.0,595.0,380,0,0,1,Pedestrian
6,33.0,534.0,69.0,595.0,381,0,0,1,Pedestrian
6,33.0,534.0,69.0,595.0,382,0,0,1,Pedestrian
6,33.0,534.0,69.0,595.0,383,0,0,1,Pedestrian
6,33.0,534.0,69.0,595.0,384,0,0,1,Pedestrian
6,33.0,534.0,69.0,595.0,385,0,0,1,Pedestrian
6,33.0,534.0,69.0,595.0,386,0,0,1,Pedestrian
6,33.0,534.0,69.0,595.0,387,0,0,1,Pedestrian
6,33.0,534.0,69.0,595.0,388,0,0,1,Pedestrian
6,33.0,534.0,69.0,595.0,389,0,0,1,Pedestrian
6,33.0,534.0,69.0,595.0,390,0,0,1,Pedestrian
6,33.0,534.0,69.0,595.0,391,0,0,1,Pedestrian
6,33.0,534.0,69.0,595.0,392,0,0,1,Pedestrian
6,33.0,534.0,69.0,595.0,393,0,0,1,Pedestrian
6,33.0,534.0,69.0,595.0,394,0,0,1,Pedestrian
6,33.0,534.0,69.0,595.0,395,0,0,1,Pedestrian
6,33.0,534.0,69.0,595.0,396,0,0,1,Pedestrian
6,33.0,534.0,69.0,595.0,397,0,0,1,Pedestrian
6,33.0,534.0,69.0,595.0,398,0,0,1,Pedestrian
6,33.0,534.0,69.0,595.0,399,0,0,1,Pedestrian
6,33.0,534.0,69.0,595.0,400,0,0,1,Pedestrian
6,33.0,534.0,69.0,595.0,401,0,0,1,Pedestrian
6,33.0,534.0,69.0,595.0,402,0,0,1,Pedestrian
6,33.0,534.0,69.0,595.0,403,0,0,1,Pedestrian
6,33.0,534.0,69.0,595.0,404,0,0,1,Pedestrian
6,33.0,534.0,69.0,595.0,405,0,0,1,Pedestrian
6,33.0,534.0,69.0,595.0,406,0,0,1,Pedestrian
6,33.0,534.0,69.0,595.0,407,0,0,1,Pedestrian
6,33.0,534.0,69.0,595.0,408,0,0,1,Pedestrian
6,33.0,534.0,69.0,595.0,409,0,0,1,Pedestrian
6,33.0,534.0,69.0,595.0,410,0,0,1,Pedestrian
6,33.0,534.0,69.0,595.0,411,0,0,1,Pedestrian
6,33.0,534.0,69.0,595.0,412,0,0,1,Pedestrian
6,33.0,534.0,69.0,595.0,413,0,0,1,Pedestrian
6,33.0,534.0,69.0,595.0,414,0,0,1,Pedestrian
6,33.0,534.0,69.0,595.0,415,0,0,1,Pedestrian
6,33.0,534.0,69.0,595.0,416,0,0,1,Pedestrian
6,33.0,534.0,69.0,595.0,417,0,0,1,Pedestrian
6,33.0,534.0,69.0,595.0,418,0,0,1,Pedestrian
6,33.0,534.0,69.0,595.0,419,0,0,1,Pedestrian
6,33.0,534.0,69.0,595.0,420,0,0,1,Pedestrian
6,33.0,534.0,69.0,595.0,421,0,0,1,Pedestrian
6,33.0,534.0,69.0,595.0,422,0,0,1,Pedestrian
6,33.0,534.0,69.0,595.0,423,0,0,1,Pedestrian
6,33.0,534.0,69.0,595.0,424,0,0,1,Pedestrian
6,33.0,534.0,69.0,595.0,425,0,0,1,Pedestrian
6,33.0,534.0,69.0,595.0,426,0,0,1,Pedestrian
6,33.0,534.0,69.0,595.0,427,0,0,1,Pedestrian
6,33.0,534.0,69.0,595.0,428,0,0,1,Pedestrian
6,33.0,534.0,69.0,595.0,429,0,0,1,Pedestrian
6,33.0,534.0,69.0,595.0,430,0,0,0,Pedestrian
7,67.0,857.0,129.0,906.0,0,0,0,0,Pedestrian
7,67.0,857.0,129.0,906.0,1,0,0,0,Pedestrian
7,69.0,852.0,131.0,906.0,2,0,0,1,Pedestrian
7,71.0,852.0,133.0,906.0,3,0,0,1,Pedestrian
7,75.0,852.0,137.0,906.0,4,0,0,1,Pedestrian
7,77.0,852.0,139.0,906.0,5,0,0,1,Pedestrian
7,81.0,852.0,141.0,906.0,6,0,0,1,Pedestrian
7,83.0,852.0,145.0,906.0,7,0,0,1,Pedestrian
7,85.0,848.0,147.0,906.0,8,0,0,1,Pedestrian
7,89.0,848.0,149.0,906.0,9,0,0,1,Pedestrian
7,91.0,848.0,153.0,906.0,10,0,0,1,Pedestrian
7,95.0,848.0,155.0,906.0,11,0,0,1,Pedestrian
7,97.0,848.0,157.0,906.0,12,0,0,1,Pedestrian
7,101.0,848.0,161.0,906.0,13,0,0,0,Pedestrian
7,103.0,844.0,163.0,901.0,14,0,0,1,Pedestrian
7,105.0,844.0,165.0,901.0,15,0,0,1,Pedestrian
7,107.0,844.0,167.0,901.0,16,0,0,1,Pedestrian
7,111.0,844.0,171.0,901.0,17,0,0,1,Pedestrian
7,113.0,844.0,173.0,901.0,18,0,0,1,Pedestrian
7,115.0,844.0,175.0,901.0,19,0,0,1,Pedestrian
7,119.0,840.0,179.0,897.0,20,0,0,1,Pedestrian
7,121.0,840.0,181.0,897.0,21,0,0,1,Pedestrian
7,123.0,840.0,183.0,897.0,22,0,0,1,Pedestrian
7,127.0,840.0,187.0,897.0,23,0,0,1,Pedestrian
7,129.0,840.0,189.0,897.0,24,0,0,1,Pedestrian
7,131.0,840.0,191.0,897.0,25,0,0,1,Pedestrian
7,135.0,836.0,195.0,893.0,26,0,0,1,Pedestrian
7,137.0,836.0,197.0,893.0,27,0,0,1,Pedestrian
7,139.0,836.0,199.0,893.0,28,0,0,1,Pedestrian
7,143.0,836.0,203.0,893.0,29,0,0,1,Pedestrian
7,145.0,836.0,205.0,893.0,30,0,0,1,Pedestrian
7,147.0,836.0,207.0,893.0,31,0,0,1,Pedestrian
7,151.0,836.0,211.0,893.0,32,0,0,0,Pedestrian
7,153.0,836.0,213.0,893.0,33,0,0,1,Pedestrian
7,155.0,836.0,215.0,893.0,34,0,0,1,Pedestrian
7,157.0,836.0,217.0,893.0,35,0,0,1,Pedestrian
7,161.0,836.0,221.0,893.0,36,0,0,1,Pedestrian
7,163.0,836.0,223.0,893.0,37,0,0,1,Pedestrian
7,165.0,836.0,225.0,893.0,38,0,0,1,Pedestrian
7,169.0,836.0,229.0,893.0,39,0,0,0,Pedestrian
7,171.0,832.0,231.0,889.0,40,0,0,1,Pedestrian
7,175.0,832.0,235.0,889.0,41,0,0,1,Pedestrian
7,179.0,832.0,239.0,889.0,42,0,0,1,Pedestrian
7,181.0,832.0,241.0,889.0,43,0,0,1,Pedestrian
7,185.0,828.0,245.0,885.0,44,0,0,1,Pedestrian
7,189.0,828.0,249.0,885.0,45,0,0,1,Pedestrian
7,191.0,828.0,251.0,885.0,46,0,0,1,Pedestrian
7,195.0,828.0,255.0,885.0,47,0,0,1,Pedestrian
7,199.0,828.0,259.0,885.0,48,0,0,0,Pedestrian
7,201.0,828.0,261.0,885.0,49,0,0,1,Pedestrian
7,203.0,828.0,263.0,885.0,50,0,0,1,Pedestrian
7,205.0,828.0,265.0,885.0,51,0,0,1,Pedestrian
7,207.0,828.0,267.0,885.0,52,0,0,0,Pedestrian
7,209.0,828.0,269.0,885.0,53,0,0,1,Pedestrian
7,211.0,828.0,271.0,885.0,54,0,0,1,Pedestrian
7,213.0,828.0,273.0,885.0,55,0,0,1,Pedestrian
7,217.0,828.0,277.0,885.0,56,0,0,0,Pedestrian
7,221.0,824.0,281.0,881.0,57,0,0,1,Pedestrian
7,225.0,824.0,285.0,881.0,58,0,0,1,Pedestrian
7,229.0,824.0,289.0,881.0,59,0,0,1,Pedestrian
7,233.0,824.0,293.0,881.0,60,0,0,1,Pedestrian
7,239.0,824.0,299.0,881.0,61,0,0,0,Pedestrian
7,239.0,824.0,299.0,881.0,62,0,0,1,Pedestrian
7,241.0,824.0,301.0,881.0,63,0,0,1,Pedestrian
7,243.0,824.0,303.0,881.0,64,0,0,1,Pedestrian
7,245.0,824.0,305.0,881.0,65,0,0,1,Pedestrian
7,247.0,824.0,307.0,881.0,66,0,0,1,Pedestrian
7,249.0,824.0,309.0,881.0,67,0,0,1,Pedestrian
7,249.0,824.0,309.0,881.0,68,0,0,1,Pedestrian
7,251.0,824.0,311.0,881.0,69,0,0,1,Pedestrian
7,253.0,824.0,313.0,881.0,70,0,0,1,Pedestrian
7,255.0,824.0,315.0,881.0,71,0,0,1,Pedestrian
7,257.0,824.0,317.0,881.0,72,0,0,1,Pedestrian
7,259.0,824.0,319.0,881.0,73,0,0,1,Pedestrian
7,261.0,824.0,321.0,881.0,74,0,0,0,Pedestrian
7,265.0,820.0,325.0,877.0,75,0,0,1,Pedestrian
7,269.0,820.0,329.0,877.0,76,0,0,1,Pedestrian
7,273.0,820.0,333.0,877.0,77,0,0,1,Pedestrian
7,277.0,820.0,337.0,877.0,78,0,0,1,Pedestrian
7,281.0,820.0,341.0,877.0,79,0,0,1,Pedestrian
7,285.0,816.0,345.0,873.0,80,0,0,1,Pedestrian
7,289.0,816.0,349.0,873.0,81,0,0,1,Pedestrian
7,293.0,816.0,353.0,873.0,82,0,0,1,Pedestrian
7,297.0,816.0,357.0,873.0,83,0,0,1,Pedestrian
7,301.0,816.0,360.0,873.0,84,0,0,1,Pedestrian
7,305.0,816.0,364.0,873.0,85,0,0,0,Pedestrian
7,307.0,816.0,366.0,873.0,86,0,0,1,Pedestrian
7,309.0,816.0,368.0,873.0,87,0,0,1,Pedestrian
7,313.0,816.0,372.0,873.0,88,0,0,1,Pedestrian
7,315.0,816.0,374.0,873.0,89,0,0,1,Pedestrian
7,317.0,816.0,376.0,873.0,90,0,0,1,Pedestrian
7,321.0,816.0,380.0,873.0,91,0,0,1,Pedestrian
7,323.0,816.0,382.0,873.0,92,0,0,1,Pedestrian
7,325.0,816.0,384.0,873.0,93,0,0,1,Pedestrian
7,329.0,816.0,388.0,873.0,94,0,0,1,Pedestrian
7,331.0,820.0,390.0,877.0,95,0,0,1,Pedestrian
7,333.0,820.0,392.0,877.0,96,0,0,1,Pedestrian
7,337.0,820.0,396.0,877.0,97,0,0,1,Pedestrian
7,339.0,820.0,398.0,877.0,98,0,0,1,Pedestrian
7,341.0,820.0,400.0,877.0,99,0,0,1,Pedestrian
7,345.0,820.0,404.0,877.0,100,0,0,1,Pedestrian
7,347.0,820.0,406.0,877.0,101,0,0,1,Pedestrian
7,349.0,820.0,408.0,877.0,102,0,0,1,Pedestrian
7,353.0,820.0,412.0,877.0,103,0,0,1,Pedestrian
7,355.0,820.0,414.0,877.0,104,0,0,1,Pedestrian
7,359.0,824.0,418.0,881.0,105,0,0,0,Pedestrian
7,360.0,820.0,420.0,877.0,106,0,0,1,Pedestrian
7,362.0,816.0,422.0,873.0,107,0,0,1,Pedestrian
7,364.0,816.0,424.0,873.0,108,0,0,1,Pedestrian
7,366.0,812.0,426.0,869.0,109,0,0,1,Pedestrian
7,370.0,812.0,430.0,869.0,110,0,0,1,Pedestrian
7,372.0,808.0,432.0,865.0,111,0,0,1,Pedestrian
7,374.0,804.0,434.0,861.0,112,0,0,1,Pedestrian
7,376.0,804.0,436.0,861.0,113,0,0,1,Pedestrian
7,378.0,799.0,438.0,857.0,114,0,0,1,Pedestrian
7,382.0,799.0,442.0,857.0,115,0,0,0,Pedestrian
7,384.0,795.0,444.0,852.0,116,0,0,1,Pedestrian
7,386.0,795.0,446.0,852.0,117,0,0,1,Pedestrian
7,388.0,791.0,448.0,848.0,118,0,0,1,Pedestrian
7,392.0,791.0,452.0,848.0,119,0,0,1,Pedestrian
7,394.0,791.0,454.0,848.0,120,0,0,1,Pedestrian
7,396.0,787.0,456.0,844.0,121,0,0,1,Pedestrian
7,398.0,787.0,458.0,844.0,122,0,0,1,Pedestrian
7,402.0,787.0,462.0,844.0,123,0,0,1,Pedestrian
7,404.0,783.0,464.0,840.0,124,0,0,1,Pedestrian
7,406.0,783.0,466.0,840.0,125,0,0,1,Pedestrian
7,408.0,783.0,468.0,840.0,126,0,0,1,Pedestrian
7,412.0,779.0,472.0,836.0,127,0,0,1,Pedestrian
7,414.0,779.0,474.0,836.0,128,0,0,1,Pedestrian
7,416.0,779.0,476.0,836.0,129,0,0,1,Pedestrian
7,418.0,775.0,478.0,832.0,130,0,0,1,Pedestrian
7,422.0,775.0,482.0,832.0,131,0,0,1,Pedestrian
7,424.0,775.0,484.0,832.0,132,0,0,1,Pedestrian
7,426.0,771.0,486.0,828.0,133,0,0,1,Pedestrian
7,428.0,771.0,488.0,828.0,134,0,0,1,Pedestrian
7,432.0,771.0,492.0,828.0,135,0,0,0,Pedestrian
7,432.0,767.0,492.0,824.0,136,0,0,1,Pedestrian
7,432.0,767.0,492.0,824.0,137,0,0,1,Pedestrian
7,432.0,763.0,492.0,820.0,138,0,0,1,Pedestrian
7,432.0,763.0,492.0,820.0,139,0,0,1,Pedestrian
7,432.0,759.0,492.0,816.0,140,0,0,1,Pedestrian
7,432.0,759.0,492.0,816.0,141,0,0,1,Pedestrian
7,432.0,755.0,492.0,812.0,142,0,0,1,Pedestrian
7,432.0,755.0,492.0,812.0,143,0,0,1,Pedestrian
7,432.0,750.0,492.0,808.0,144,0,0,1,Pedestrian
7,434.0,750.0,494.0,808.0,145,0,0,0,Pedestrian
7,434.0,746.0,494.0,804.0,146,0,0,1,Pedestrian
7,436.0,746.0,496.0,804.0,147,0,0,1,Pedestrian
7,438.0,746.0,498.0,804.0,148,0,0,1,Pedestrian
7,440.0,746.0,500.0,804.0,149,0,0,1,Pedestrian
7,440.0,746.0,500.0,804.0,150,0,0,1,Pedestrian
7,442.0,746.0,502.0,804.0,151,0,0,1,Pedestrian
7,444.0,746.0,504.0,804.0,152,0,0,1,Pedestrian
7,446.0,746.0,506.0,804.0,153,0,0,1,Pedestrian
7,446.0,746.0,506.0,804.0,154,0,0,1,Pedestrian
7,448.0,746.0,508.0,804.0,155,0,0,1,Pedestrian
7,450.0,746.0,510.0,804.0,156,0,0,1,Pedestrian
7,452.0,746.0,512.0,804.0,157,0,0,1,Pedestrian
7,454.0,746.0,514.0,804.0,158,0,0,0,Pedestrian
7,454.0,742.0,514.0,799.0,159,0,0,1,Pedestrian
7,456.0,738.0,516.0,795.0,160,0,0,1,Pedestrian
7,458.0,738.0,518.0,795.0,161,0,0,1,Pedestrian
7,458.0,734.0,518.0,791.0,162,0,0,1,Pedestrian
7,460.0,730.0,520.0,787.0,163,0,0,1,Pedestrian
7,462.0,730.0,522.0,787.0,164,0,0,1,Pedestrian
7,462.0,726.0,522.0,783.0,165,0,0,1,Pedestrian
7,464.0,726.0,524.0,783.0,166,0,0,1,Pedestrian
7,466.0,722.0,526.0,779.0,167,0,0,1,Pedestrian
7,466.0,718.0,526.0,775.0,168,0,0,1,Pedestrian
7,468.0,718.0,528.0,775.0,169,0,0,1,Pedestrian
7,470.0,714.0,530.0,771.0,170,0,0,1,Pedestrian
7,470.0,710.0,530.0,767.0,171,0,0,1,Pedestrian
7,472.0,710.0,532.0,767.0,172,0,0,1,Pedestrian
7,474.0,706.0,534.0,763.0,173,0,0,1,Pedestrian
7,474.0,706.0,534.0,763.0,174,0,0,1,Pedestrian
7,476.0,701.0,536.0,759.0,175,0,0,1,Pedestrian
7,478.0,697.0,538.0,755.0,176,0,0,1,Pedestrian
7,478.0,697.0,538.0,755.0,177,0,0,1,Pedestrian
7,480.0,693.0,540.0,750.0,178,0,0,1,Pedestrian
7,482.0,693.0,542.0,750.0,179,0,0,0,Pedestrian
7,482.0,689.0,542.0,746.0,180,0,0,1,Pedestrian
7,484.0,685.0,544.0,742.0,181,0,0,1,Pedestrian
7,486.0,681.0,546.0,738.0,182,0,0,1,Pedestrian
7,486.0,681.0,546.0,738.0,183,0,0,1,Pedestrian
7,488.0,677.0,548.0,734.0,184,0,0,1,Pedestrian
7,490.0,673.0,550.0,730.0,185,0,0,1,Pedestrian
7,490.0,673.0,550.0,730.0,186,0,0,1,Pedestrian
7,492.0,669.0,552.0,726.0,187,0,0,1,Pedestrian
7,494.0,665.0,554.0,722.0,188,0,0,1,Pedestrian
7,496.0,665.0,556.0,722.0,189,0,0,0,Pedestrian
7,498.0,661.0,558.0,718.0,190,0,0,1,Pedestrian
7,500.0,657.0,560.0,714.0,191,0,0,1,Pedestrian
7,502.0,653.0,562.0,710.0,192,0,0,1,Pedestrian
7,504.0,648.0,564.0,706.0,193,0,0,1,Pedestrian
7,508.0,648.0,568.0,706.0,194,0,0,1,Pedestrian
7,510.0,644.0,570.0,701.0,195,0,0,1,Pedestrian
7,512.0,640.0,572.0,697.0,196,0,0,1,Pedestrian
7,514.0,636.0,574.0,693.0,197,0,0,1,Pedestrian
7,516.0,632.0,576.0,689.0,198,0,0,1,Pedestrian
7,520.0,632.0,580.0,689.0,199,0,0,0,Pedestrian
7,520.0,628.0,580.0,685.0,200,0,0,1,Pedestrian
7,520.0,624.0,580.0,681.0,201,0,0,1,Pedestrian
7,520.0,624.0,580.0,681.0,202,0,0,1,Pedestrian
7,520.0,620.0,580.0,677.0,203,0,0,1,Pedestrian
7,520.0,620.0,580.0,677.0,204,0,0,1,Pedestrian
7,520.0,616.0,580.0,673.0,205,0,0,1,Pedestrian
7,520.0,612.0,580.0,669.0,206,0,0,1,Pedestrian
7,520.0,612.0,580.0,669.0,207,0,0,1,Pedestrian
7,520.0,608.0,580.0,665.0,208,0,0,1,Pedestrian
7,522.0,608.0,582.0,665.0,209,0,0,1,Pedestrian
7,522.0,604.0,582.0,661.0,210,0,0,1,Pedestrian
7,522.0,599.0,582.0,657.0,211,0,0,1,Pedestrian
7,522.0,599.0,582.0,657.0,212,0,0,1,Pedestrian
7,522.0,595.0,582.0,653.0,213,0,0,1,Pedestrian
7,522.0,595.0,582.0,653.0,214,0,0,1,Pedestrian
7,522.0,591.0,582.0,648.0,215,0,0,1,Pedestrian
7,522.0,587.0,582.0,644.0,216,0,0,1,Pedestrian
7,522.0,587.0,582.0,644.0,217,0,0,1,Pedestrian
7,522.0,583.0,582.0,640.0,218,0,0,1,Pedestrian
7,524.0,583.0,584.0,640.0,219,0,0,0,Pedestrian
7,524.0,579.0,584.0,636.0,220,0,0,1,Pedestrian
7,526.0,575.0,586.0,632.0,221,0,0,1,Pedestrian
7,526.0,571.0,586.0,628.0,222,0,0,1,Pedestrian
7,528.0,571.0,588.0,628.0,223,0,0,1,Pedestrian
7,530.0,567.0,590.0,624.0,224,0,0,1,Pedestrian
7,530.0,563.0,590.0,620.0,225,0,0,1,Pedestrian
7,532.0,563.0,592.0,620.0,226,0,0,1,Pedestrian
7,532.0,559.0,592.0,616.0,227,0,0,1,Pedestrian
7,534.0,555.0,594.0,612.0,228,0,0,1,Pedestrian
7,536.0,555.0,596.0,612.0,229,0,0,0,Pedestrian
7,536.0,550.0,596.0,608.0,230,0,0,1,Pedestrian
7,536.0,546.0,596.0,604.0,231,0,0,1,Pedestrian
7,536.0,542.0,596.0,599.0,232,0,0,1,Pedestrian
7,536.0,542.0,596.0,599.0,233,0,0,1,Pedestrian
7,536.0,538.0,596.0,595.0,234,0,0,1,Pedestrian
7,536.0,534.0,596.0,591.0,235,0,0,1,Pedestrian
7,536.0,534.0,596.0,591.0,236,0,0,1,Pedestrian
7,536.0,530.0,596.0,587.0,237,0,0,1,Pedestrian
7,536.0,526.0,596.0,583.0,238,0,0,1,Pedestrian
7,538.0,526.0,598.0,583.0,239,0,0,1,Pedestrian
7,538.0,522.0,598.0,579.0,240,0,0,1,Pedestrian
7,538.0,518.0,598.0,575.0,241,0,0,1,Pedestrian
7,538.0,514.0,598.0,571.0,242,0,0,1,Pedestrian
7,538.0,514.0,598.0,571.0,243,0,0,1,Pedestrian
7,538.0,510.0,598.0,567.0,244,0,0,1,Pedestrian
7,538.0,506.0,598.0,563.0,245,0,0,1,Pedestrian
7,538.0,506.0,598.0,563.0,246,0,0,1,Pedestrian
7,538.0,501.0,598.0,559.0,247,0,0,1,Pedestrian
7,538.0,497.0,598.0,555.0,248,0,0,1,Pedestrian
7,540.0,497.0,600.0,555.0,249,0,0,0,Pedestrian
7,540.0,493.0,600.0,550.0,250,0,0,1,Pedestrian
7,542.0,493.0,602.0,550.0,251,0,0,1,Pedestrian
7,542.0,493.0,602.0,550.0,252,0,0,1,Pedestrian
7,544.0,493.0,604.0,550.0,253,0,0,1,Pedestrian
7,544.0,493.0,604.0,550.0,254,0,0,1,Pedestrian
7,546.0,489.0,606.0,546.0,255,0,0,1,Pedestrian
7,546.0,489.0,606.0,546.0,256,0,0,1,Pedestrian
7,548.0,489.0,608.0,546.0,257,0,0,1,Pedestrian
7,548.0,489.0,608.0,546.0,258,0,0,1,Pedestrian
7,550.0,489.0,610.0,546.0,259,0,0,0,Pedestrian
7,550.0,485.0,610.0,542.0,260,0,0,1,Pedestrian
7,550.0,481.0,610.0,538.0,261,0,0,1,Pedestrian
7,550.0,477.0,610.0,534.0,262,0,0,1,Pedestrian
7,550.0,473.0,610.0,530.0,263,0,0,1,Pedestrian
7,550.0,473.0,610.0,530.0,264,0,0,1,Pedestrian
7,550.0,469.0,610.0,526.0,265,0,0,1,Pedestrian
7,550.0,465.0,610.0,522.0,266,0,0,1,Pedestrian
7,550.0,461.0,610.0,518.0,267,0,0,1,Pedestrian
7,550.0,457.0,610.0,514.0,268,0,0,1,Pedestrian
7,552.0,457.0,612.0,514.0,269,0,0,0,Pedestrian
7,552.0,453.0,612.0,510.0,270,0,0,1,Pedestrian
7,554.0,448.0,614.0,506.0,271,0,0,1,Pedestrian
7,556.0,444.0,616.0,501.0,272,0,0,1,Pedestrian
7,558.0,440.0,618.0,497.0,273,0,0,1,Pedestrian
7,560.0,436.0,620.0,493.0,274,0,0,1,Pedestrian
7,562.0,432.0,622.0,489.0,275,0,0,1,Pedestrian
7,564.0,428.0,624.0,485.0,276,0,0,1,Pedestrian
7,566.0,424.0,626.0,481.0,277,0,0,1,Pedestrian
7,568.0,420.0,628.0,477.0,278,0,0,1,Pedestrian
7,570.0,420.0,630.0,477.0,279,0,0,0,Pedestrian
7,570.0,416.0,630.0,473.0,280,0,0,1,Pedestrian
7,570.0,416.0,630.0,473.0,281,0,0,1,Pedestrian
7,570.0,412.0,630.0,469.0,282,0,0,1,Pedestrian
7,570.0,412.0,630.0,469.0,283,0,0,1,Pedestrian
7,570.0,412.0,630.0,469.0,284,0,0,1,Pedestrian
7,570.0,408.0,630.0,465.0,285,0,0,1,Pedestrian
7,570.0,408.0,630.0,465.0,286,0,0,1,Pedestrian
7,570.0,404.0,630.0,461.0,287,0,0,1,Pedestrian
7,570.0,404.0,630.0,461.0,288,0,0,1,Pedestrian
7,572.0,404.0,632.0,461.0,289,0,0,0,Pedestrian
7,570.0,399.0,630.0,457.0,290,0,0,1,Pedestrian
7,570.0,395.0,630.0,453.0,291,0,0,1,Pedestrian
7,570.0,391.0,630.0,448.0,292,0,0,1,Pedestrian
7,570.0,387.0,630.0,444.0,293,0,0,1,Pedestrian
7,570.0,387.0,630.0,444.0,294,0,0,1,Pedestrian
7,570.0,383.0,630.0,440.0,295,0,0,1,Pedestrian
7,570.0,379.0,630.0,436.0,296,0,0,1,Pedestrian
7,570.0,375.0,630.0,432.0,297,0,0,1,Pedestrian
7,570.0,371.0,630.0,428.0,298,0,0,1,Pedestrian
7,570.0,371.0,630.0,428.0,299,0,0,0,Pedestrian
7,570.0,367.0,630.0,424.0,300,0,0,1,Pedestrian
7,570.0,363.0,630.0,420.0,301,0,0,1,Pedestrian
7,570.0,363.0,630.0,420.0,302,0,0,1,Pedestrian
7,570.0,359.0,630.0,416.0,303,0,0,1,Pedestrian
7,570.0,359.0,630.0,416.0,304,0,0,1,Pedestrian
7,570.0,355.0,630.0,412.0,305,0,0,1,Pedestrian
7,570.0,350.0,630.0,408.0,306,0,0,1,Pedestrian
7,570.0,350.0,630.0,408.0,307,0,0,1,Pedestrian
7,570.0,346.0,630.0,404.0,308,0,0,1,Pedestrian
7,572.0,346.0,632.0,404.0,309,0,0,0,Pedestrian
7,572.0,338.0,632.0,395.0,310,0,0,1,Pedestrian
7,572.0,334.0,632.0,391.0,311,0,0,1,Pedestrian
7,572.0,330.0,632.0,387.0,312,0,0,1,Pedestrian
7,572.0,326.0,632.0,383.0,313,0,0,1,Pedestrian
7,572.0,322.0,632.0,379.0,314,0,0,1,Pedestrian
7,572.0,314.0,632.0,371.0,315,0,0,1,Pedestrian
7,572.0,310.0,632.0,367.0,316,0,0,1,Pedestrian
7,572.0,306.0,632.0,363.0,317,0,0,1,Pedestrian
7,572.0,302.0,632.0,359.0,318,0,0,1,Pedestrian
7,572.0,297.0,632.0,355.0,319,0,0,0,Pedestrian
7,570.0,289.0,630.0,346.0,320,0,0,1,Pedestrian
7,570.0,285.0,630.0,342.0,321,0,0,1,Pedestrian
7,570.0,281.0,630.0,338.0,322,0,0,1,Pedestrian
7,570.0,277.0,630.0,334.0,323,0,0,1,Pedestrian
7,570.0,273.0,630.0,330.0,324,0,0,1,Pedestrian
7,568.0,269.0,628.0,326.0,325,0,0,1,Pedestrian
7,568.0,265.0,628.0,322.0,326,0,0,1,Pedestrian
7,568.0,261.0,628.0,318.0,327,0,0,1,Pedestrian
7,568.0,257.0,628.0,314.0,328,0,0,1,Pedestrian
7,568.0,253.0,628.0,310.0,329,0,1,0,Pedestrian
7,566.0,248.0,626.0,306.0,330,0,1,1,Pedestrian
7,566.0,244.0,626.0,302.0,331,0,1,1,Pedestrian
7,566.0,240.0,626.0,297.0,332,0,1,1,Pedestrian
7,566.0,240.0,626.0,297.0,333,0,1,1,Pedestrian
7,566.0,236.0,626.0,293.0,334,0,1,1,Pedestrian
7,564.0,232.0,624.0,289.0,335,0,1,1,Pedestrian
7,564.0,232.0,624.0,289.0,336,0,1,1,Pedestrian
7,564.0,228.0,624.0,285.0,337,0,1,1,Pedestrian
7,564.0,224.0,624.0,281.0,338,0,1,1,Pedestrian
7,564.0,224.0,624.0,281.0,339,0,1,1,Pedestrian
7,562.0,220.0,622.0,277.0,340,0,1,1,Pedestrian
7,562.0,216.0,622.0,273.0,341,0,1,1,Pedestrian
7,562.0,212.0,622.0,269.0,342,0,1,1,Pedestrian
7,562.0,212.0,622.0,269.0,343,0,1,1,Pedestrian
7,562.0,208.0,622.0,265.0,344,0,1,1,Pedestrian
7,560.0,204.0,620.0,261.0,345,0,1,1,Pedestrian
7,560.0,204.0,620.0,261.0,346,0,1,1,Pedestrian
7,560.0,199.0,620.0,257.0,347,0,1,1,Pedestrian
7,560.0,195.0,620.0,253.0,348,0,1,1,Pedestrian
7,560.0,195.0,620.0,253.0,349,0,1,1,Pedestrian
7,558.0,191.0,618.0,248.0,350,0,1,1,Pedestrian
7,558.0,187.0,618.0,244.0,351,0,1,1,Pedestrian
7,558.0,183.0,618.0,240.0,352,0,1,1,Pedestrian
7,558.0,183.0,618.0,240.0,353,0,1,1,Pedestrian
7,558.0,179.0,618.0,236.0,354,0,1,1,Pedestrian
7,556.0,175.0,616.0,232.0,355,0,1,1,Pedestrian
7,556.0,175.0,616.0,232.0,356,0,1,1,Pedestrian
7,556.0,171.0,616.0,228.0,357,0,1,1,Pedestrian
7,556.0,167.0,616.0,224.0,358,0,1,1,Pedestrian
7,556.0,167.0,616.0,224.0,359,0,1,1,Pedestrian
7,554.0,163.0,614.0,220.0,360,0,1,1,Pedestrian
7,554.0,159.0,614.0,216.0,361,0,1,1,Pedestrian
7,554.0,155.0,614.0,212.0,362,0,1,1,Pedestrian
7,554.0,155.0,614.0,212.0,363,0,1,1,Pedestrian
7,554.0,151.0,614.0,208.0,364,0,1,1,Pedestrian
7,552.0,146.0,612.0,204.0,365,0,1,1,Pedestrian
7,552.0,146.0,612.0,204.0,366,0,1,1,Pedestrian
7,552.0,142.0,612.0,199.0,367,0,1,1,Pedestrian
7,552.0,138.0,612.0,195.0,368,0,1,1,Pedestrian
7,552.0,138.0,612.0,195.0,369,0,1,1,Pedestrian
7,550.0,134.0,610.0,191.0,370,0,1,1,Pedestrian
7,550.0,130.0,610.0,187.0,371,0,1,1,Pedestrian
7,550.0,126.0,610.0,183.0,372,0,1,1,Pedestrian
7,550.0,126.0,610.0,183.0,373,0,1,1,Pedestrian
7,550.0,122.0,610.0,179.0,374,0,1,1,Pedestrian
7,548.0,118.0,608.0,175.0,375,0,1,1,Pedestrian
7,548.0,118.0,608.0,175.0,376,0,1,1,Pedestrian
7,548.0,114.0,608.0,171.0,377,0,1,1,Pedestrian
7,548.0,110.0,608.0,167.0,378,0,1,1,Pedestrian
7,548.0,110.0,608.0,167.0,379,0,0,0,Pedestrian
7,548.0,106.0,608.0,163.0,380,0,0,1,Pedestrian
7,548.0,102.0,608.0,159.0,381,0,0,1,Pedestrian
7,550.0,102.0,610.0,159.0,382,0,0,1,Pedestrian
7,550.0,97.0,610.0,155.0,383,0,0,1,Pedestrian
7,552.0,97.0,612.0,155.0,384,0,0,1,Pedestrian
7,552.0,93.0,612.0,151.0,385,0,0,1,Pedestrian
7,552.0,89.0,612.0,146.0,386,0,0,1,Pedestrian
7,554.0,89.0,614.0,146.0,387,0,0,1,Pedestrian
7,554.0,85.0,614.0,142.0,388,0,0,1,Pedestrian
7,556.0,85.0,616.0,142.0,389,0,0,0,Pedestrian
7,554.0,77.0,614.0,138.0,390,0,0,1,Pedestrian
7,554.0,73.0,614.0,134.0,391,0,0,1,Pedestrian
7,554.0,65.0,614.0,134.0,392,0,0,1,Pedestrian
7,554.0,61.0,614.0,130.0,393,0,0,1,Pedestrian
7,554.0,57.0,614.0,130.0,394,0,0,1,Pedestrian
7,552.0,48.0,612.0,126.0,395,0,0,1,Pedestrian
7,552.0,44.0,612.0,122.0,396,0,0,1,Pedestrian
7,552.0,36.0,612.0,122.0,397,0,0,1,Pedestrian
7,552.0,32.0,612.0,118.0,398,0,0,1,Pedestrian
7,552.0,28.0,612.0,118.0,399,0,0,0,Pedestrian
7,550.0,24.0,610.0,114.0,400,0,0,1,Pedestrian
7,550.0,24.0,610.0,110.0,401,0,0,1,Pedestrian
7,550.0,20.0,610.0,110.0,402,0,0,1,Pedestrian
7,550.0,20.0,610.0,106.0,403,0,0,1,Pedestrian
7,550.0,20.0,610.0,102.0,404,0,0,1,Pedestrian
7,550.0,16.0,610.0,102.0,405,0,0,1,Pedestrian
7,550.0,16.0,610.0,97.0,406,0,0,1,Pedestrian
7,550.0,16.0,610.0,93.0,407,0,0,1,Pedestrian
7,550.0,12.0,610.0,93.0,408,0,0,1,Pedestrian
7,550.0,12.0,610.0,89.0,409,0,0,1,Pedestrian
7,548.0,12.0,608.0,85.0,410,0,0,1,Pedestrian
7,548.0,8.0,608.0,85.0,411,0,0,1,Pedestrian
7,548.0,8.0,608.0,81.0,412,0,0,1,Pedestrian
7,548.0,8.0,608.0,77.0,413,0,0,1,Pedestrian
7,548.0,4.0,608.0,77.0,414,0,0,1,Pedestrian
7,548.0,4.0,608.0,73.0,415,0,0,1,Pedestrian
7,548.0,4.0,608.0,69.0,416,0,0,1,Pedestrian
7,548.0,0.0,608.0,69.0,417,0,0,1,Pedestrian
7,548.0,0.0,608.0,65.0,418,0,0,1,Pedestrian
7,548.0,0.0,608.0,65.0,419,0,0,0,Pedestrian
7,524.0,73.0,584.0,138.0,420,0,0,1,Pedestrian
7,502.0,146.0,562.0,212.0,421,0,0,1,Pedestrian
7,480.0,220.0,540.0,285.0,422,0,0,1,Pedestrian
7,458.0,293.0,518.0,359.0,423,0,0,1,Pedestrian
7,436.0,367.0,496.0,432.0,424,0,0,1,Pedestrian
7,414.0,444.0,474.0,506.0,425,0,0,1,Pedestrian
7,392.0,518.0,452.0,579.0,426,0,0,1,Pedestrian
7,370.0,591.0,430.0,653.0,427,0,0,1,Pedestrian
7,349.0,665.0,408.0,726.0,428,0,0,1,Pedestrian
7,327.0,738.0,386.0,799.0,429,0,0,1,Pedestrian
7,305.0,816.0,364.0,873.0,430,0,0,0,Pedestrian
8,694.0,795.0,739.0,865.0,0,0,0,0,Biker
8,696.0,783.0,741.0,852.0,1,0,0,1,Biker
8,698.0,775.0,743.0,844.0,2,0,0,1,Biker
8,700.0,767.0,745.0,836.0,3,0,0,0,Biker
8,700.0,759.0,745.0,828.0,4,0,0,1,Biker
8,702.0,755.0,747.0,824.0,5,0,0,1,Biker
8,704.0,746.0,749.0,816.0,6,0,0,1,Biker
8,704.0,742.0,749.0,812.0,7,0,0,1,Biker
8,706.0,738.0,751.0,808.0,8,0,0,1,Biker
8,708.0,730.0,753.0,799.0,9,0,0,1,Biker
8,708.0,726.0,753.0,795.0,10,0,0,1,Biker
8,710.0,718.0,755.0,787.0,11,0,0,1,Biker
8,712.0,714.0,757.0,783.0,12,0,0,1,Biker
8,712.0,710.0,757.0,779.0,13,0,0,1,Biker
8,714.0,701.0,759.0,771.0,14,0,0,1,Biker
8,716.0,697.0,761.0,767.0,15,0,0,1,Biker
8,718.0,693.0,763.0,763.0,16,0,0,0,Biker
8,718.0,685.0,763.0,755.0,17,0,0,1,Biker
8,718.0,681.0,763.0,750.0,18,0,0,1,Biker
8,719.0,677.0,765.0,746.0,19,0,0,1,Biker
8,719.0,673.0,765.0,742.0,20,0,0,1,Biker
8,721.0,669.0,767.0,738.0,21,0,0,1,Biker
8,721.0,665.0,767.0,734.0,22,0,0,1,Biker
8,723.0,661.0,767.0,730.0,23,0,0,1,Biker
8,723.0,653.0,769.0,722.0,24,0,0,1,Biker
8,725.0,648.0,769.0,718.0,25,0,0,1,Biker
8,725.0,644.0,771.0,714.0,26,0,0,1,Biker
8,727.0,640.0,771.0,710.0,27,0,0,1,Biker
8,727.0,636.0,771.0,706.0,28,0,0,1,Biker
8,729.0,632.0,773.0,701.0,29,0,0,1,Biker
8,729.0,628.0,773.0,697.0,30,0,0,1,Biker
8,731.0,624.0,775.0,693.0,31,0,0,0,Biker
8,733.0,620.0,777.0,689.0,32,0,0,1,Biker
8,735.0,616.0,779.0,685.0,33,0,0,1,Biker
8,737.0,612.0,781.0,681.0,34,0,0,1,Biker
8,739.0,612.0,783.0,681.0,35,0,0,1,Biker
8,741.0,608.0,785.0,677.0,36,0,0,1,Biker
8,743.0,604.0,787.0,673.0,37,0,0,1,Biker
8,745.0,599.0,789.0,669.0,38,0,0,1,Biker
8,749.0,599.0,793.0,669.0,39,0,0,0,Biker
8,749.0,591.0,793.0,661.0,40,0,0,1,Biker
8,749.0,587.0,793.0,657.0,41,0,0,1,Biker
8,751.0,579.0,795.0,648.0,42,0,0,1,Biker
8,751.0,575.0,795.0,644.0,43,0,0,1,Biker
8,753.0,567.0,795.0,636.0,44,0,0,1,Biker
8,753.0,563.0,797.0,632.0,45,0,0,1,Biker
8,755.0,555.0,797.0,624.0,46,0,0,1,Biker
8,755.0,550.0,797.0,620.0,47,0,0,1,Biker
8,757.0,546.0,799.0,616.0,48,0,0,0,Biker
8,757.0,542.0,799.0,612.0,49,0,0,1,Biker
8,757.0,538.0,799.0,608.0,50,0,0,1,Biker
8,759.0,534.0,801.0,604.0,51,0,0,1,Biker
8,759.0,530.0,801.0,599.0,52,0,0,1,Biker
8,759.0,526.0,801.0,595.0,53,0,0,1,Biker
8,761.0,522.0,803.0,591.0,54,0,0,1,Biker
8,761.0,518.0,803.0,587.0,55,0,0,1,Biker
8,761.0,514.0,803.0,583.0,56,0,0,1,Biker
8,763.0,510.0,805.0,579.0,57,0,0,1,Biker
8,763.0,506.0,805.0,575.0,58,0,0,1,Biker
8,763.0,501.0,805.0,571.0,59,0,0,1,Biker
8,765.0,497.0,807.0,567.0,60,0,0,0,Biker
8,767.0,489.0,809.0,559.0,61,0,0,1,Biker
8,769.0,485.0,811.0,555.0,62,0,0,1,Biker
8,771.0,477.0,813.0,546.0,63,0,0,1,Biker
8,773.0,473.0,815.0,542.0,64,0,0,1,Biker
8,775.0,465.0,817.0,534.0,65,0,0,1,Biker
8,777.0,461.0,819.0,530.0,66,0,0,1,Biker
8,781.0,457.0,823.0,526.0,67,0,0,1,Biker
8,783.0,448.0,825.0,518.0,68,0,0,1,Biker
8,785.0,444.0,827.0,514.0,69,0,0,1,Biker
8,787.0,436.0,829.0,506.0,70,0,0,1,Biker
8,789.0,432.0,831.0,501.0,71,0,0,1,Biker
8,791.0,424.0,833.0,493.0,72,0,0,1,Biker
8,793.0,420.0,835.0,489.0,73,0,0,1,Biker
8,797.0,416.0,839.0,485.0,74,0,0,0,Biker
8,797.0,412.0,839.0,481.0,75,0,0,1,Biker
8,797.0,408.0,839.0,477.0,76,0,0,1,Biker
8,797.0,404.0,839.0,473.0,77,0,0,1,Biker
8,797.0,399.0,839.0,469.0,78,0,0,1,Biker
8,797.0,395.0,839.0,465.0,79,0,0,1,Biker
8,797.0,391.0,839.0,465.0,80,0,0,1,Biker
8,797.0,387.0,839.0,461.0,81,0,0,1,Biker
8,797.0,383.0,839.0,457.0,82,0,0,1,Biker
8,797.0,379.0,839.0,453.0,83,0,0,1,Biker
8,797.0,375.0,839.0,448.0,84,0,0,1,Biker
8,797.0,375.0,839.0,448.0,85,0,0,0,Biker
8,797.0,367.0,839.0,440.0,86,0,0,1,Biker
8,799.0,359.0,841.0,432.0,87,0,0,1,Biker
8,799.0,355.0,841.0,428.0,88,0,0,1,Biker
8,801.0,346.0,843.0,420.0,89,0,0,1,Biker
8,801.0,342.0,843.0,416.0,90,0,0,1,Biker
8,803.0,334.0,845.0,408.0,91,0,0,1,Biker
8,803.0,326.0,845.0,399.0,92,0,0,1,Biker
8,805.0,322.0,847.0,395.0,93,0,0,1,Biker
8,805.0,314.0,847.0,387.0,94,0,0,1,Biker
8,807.0,310.0,849.0,383.0,95,0,0,1,Biker
8,807.0,302.0,849.0,375.0,96,0,0,1,Biker
8,809.0,293.0,851.0,367.0,97,0,0,1,Biker
8,809.0,289.0,851.0,363.0,98,0,0,1,Biker
8,811.0,281.0,853.0,355.0,99,0,0,1,Biker
8,811.0,277.0,853.0,350.0,100,0,0,1,Biker
8,813.0,269.0,855.0,342.0,101,0,0,1,Biker
8,813.0,261.0,855.0,334.0,102,0,0,1,Biker
8,815.0,257.0,857.0,330.0,103,0,0,1,Biker
8,815.0,248.0,857.0,322.0,104,0,0,1,Biker
8,817.0,244.0,859.0,318.0,105,0,0,0,Biker
8,817.0,240.0,859.0,314.0,106,0,0,1,Biker
8,817.0,236.0,859.0,310.0,107,0,0,1,Biker
8,817.0,232.0,859.0,306.0,108,0,0,1,Biker
8,817.0,232.0,859.0,306.0,109,0,0,1,Biker
8,819.0,228.0,861.0,302.0,110,0,0,1,Biker
8,819.0,224.0,861.0,297.0,111,0,0,1,Biker
8,819.0,224.0,861.0,297.0,112,0,0,1,Biker
8,819.0,220.0,861.0,293.0,113,0,0,1,Biker
8,819.0,216.0,861.0,289.0,114,0,0,1,Biker
8,821.0,216.0,863.0,289.0,115,0,0,1,Biker
8,821.0,212.0,863.0,285.0,116,0,0,1,Biker
8,821.0,208.0,863.0,281.0,117,0,0,1,Biker
8,821.0,204.0,863.0,277.0,118,0,0,1,Biker
8,821.0,204.0,863.0,277.0,119,0,0,1,Biker
8,823.0,199.0,865.0,273.0,120,0,0,1,Biker
8,823.0,195.0,865.0,269.0,121,0,0,1,Biker
8,823.0,195.0,865.0,269.0,122,0,0,1,Biker
8,823.0,191.0,865.0,265.0,123,0,0,1,Biker
8,823.0,187.0,865.0,261.0,124,0,0,1,Biker
8,825.0,187.0,867.0,261.0,125,0,0,0,Biker
8,825.0,179.0,867.0,253.0,126,0,0,1,Biker
8,825.0,175.0,867.0,248.0,127,0,0,1,Biker
8,825.0,171.0,867.0,244.0,128,0,0,1,Biker
8,825.0,167.0,867.0,240.0,129,0,0,1,Biker
8,825.0,163.0,867.0,236.0,130,0,0,1,Biker
8,825.0,155.0,867.0,228.0,131,0,0,1,Biker
8,825.0,151.0,867.0,224.0,132,0,0,1,Biker
8,825.0,146.0,867.0,220.0,133,0,0,1,Biker
8,825.0,142.0,867.0,216.0,134,0,0,1,Biker
8,825.0,138.0,867.0,212.0,135,0,0,0,Biker
8,825.0,134.0,867.0,208.0,136,0,0,1,Biker
8,825.0,130.0,867.0,204.0,137,0,0,1,Biker
8,825.0,126.0,867.0,199.0,138,0,0,1,Biker
8,825.0,122.0,867.0,195.0,139,0,0,1,Biker
8,825.0,122.0,867.0,195.0,140,0,0,1,Biker
8,825.0,118.0,867.0,191.0,141,0,0,1,Biker
8,825.0,114.0,867.0,187.0,142,0,0,1,Biker
8,825.0,110.0,867.0,183.0,143,0,0,1,Biker
8,825.0,106.0,867.0,179.0,144,0,0,1,Biker
8,827.0,106.0,869.0,179.0,145,0,0,0,Biker
8,825.0,97.0,867.0,171.0,146,0,0,1,Biker
8,825.0,93.0,867.0,167.0,147,0,0,1,Biker
8,825.0,89.0,867.0,163.0,148,0,0,1,Biker
8,825.0,85.0,867.0,159.0,149,0,0,1,Biker
8,825.0,81.0,867.0,155.0,150,0,0,1,Biker
8,825.0,77.0,867.0,151.0,151,0,0,1,Biker
8,825.0,69.0,867.0,142.0,152,0,0,1,Biker
8,825.0,65.0,867.0,138.0,153,0,0,1,Biker
8,825.0,61.0,867.0,134.0,154,0,0,1,Biker
8,825.0,57.0,867.0,130.0,155,0,0,1,Biker
8,825.0,53.0,867.0,126.0,156,0,0,1,Biker
8,825.0,48.0,867.0,122.0,157,0,0,1,Biker
8,825.0,44.0,867.0,118.0,158,1,0,0,Biker
8,825.0,40.0,867.0,114.0,159,1,0,1,Biker
8,825.0,36.0,867.0,110.0,160,1,0,1,Biker
8,825.0,36.0,867.0,106.0,161,1,0,1,Biker
8,825.0,32.0,867.0,102.0,162,1,0,1,Biker
8,825.0,32.0,867.0,97.0,163,1,0,1,Biker
8,825.0,28.0,867.0,93.0,164,1,0,1,Biker
8,825.0,28.0,867.0,89.0,165,1,0,1,Biker
8,825.0,24.0,867.0,85.0,166,1,0,1,Biker
8,825.0,24.0,867.0,81.0,167,1,0,1,Biker
8,825.0,20.0,867.0,77.0,168,1,0,1,Biker
8,827.0,20.0,869.0,73.0,169,1,0,1,Biker
8,827.0,16.0,869.0,69.0,170,1,0,1,Biker
8,827.0,16.0,869.0,65.0,171,1,0,1,Biker
8,827.0,12.0,869.0,61.0,172,1,0,1,Biker
8,827.0,12.0,869.0,57.0,173,1,0,1,Biker
8,827.0,8.0,869.0,53.0,174,1,0,1,Biker
8,827.0,8.0,869.0,48.0,175,1,0,1,Biker
8,827.0,4.0,869.0,44.0,176,1,0,1,Biker
8,827.0,4.0,869.0,40.0,177,1,0,1,Biker
8,827.0,0.0,869.0,36.0,178,1,0,1,Biker
8,829.0,0.0,871.0,36.0,179,1,0,0,Biker
8,827.0,0.0,869.0,36.0,180,1,0,1,Biker
8,827.0,0.0,869.0,36.0,181,1,0,1,Biker
8,827.0,4.0,869.0,40.0,182,1,0,1,Biker
8,827.0,4.0,869.0,40.0,183,1,0,1,Biker
8,827.0,4.0,869.0,44.0,184,1,0,1,Biker
8,827.0,8.0,869.0,44.0,185,1,0,1,Biker
8,827.0,8.0,869.0,44.0,186,1,0,1,Biker
8,827.0,8.0,869.0,48.0,187,1,0,1,Biker
8,827.0,12.0,869.0,48.0,188,1,0,1,Biker
8,827.0,12.0,869.0,53.0,189,1,0,1,Biker
8,827.0,16.0,869.0,53.0,190,1,0,1,Biker
8,827.0,16.0,869.0,53.0,191,1,0,1,Biker
8,827.0,16.0,869.0,57.0,192,1,0,1,Biker
8,827.0,20.0,869.0,57.0,193,1,0,1,Biker
8,827.0,20.0,869.0,61.0,194,1,0,1,Biker
8,825.0,20.0,867.0,61.0,195,1,0,1,Biker
8,825.0,24.0,867.0,61.0,196,1,0,1,Biker
8,825.0,24.0,867.0,65.0,197,1,0,1,Biker
8,825.0,24.0,867.0,65.0,198,1,0,1,Biker
8,825.0,28.0,867.0,69.0,199,1,0,1,Biker
8,825.0,28.0,867.0,69.0,200,1,0,1,Biker
8,825.0,32.0,867.0,69.0,201,1,0,1,Biker
8,825.0,32.0,867.0,73.0,202,1,0,1,Biker
8,825.0,32.0,867.0,73.0,203,1,0,1,Biker
8,825.0,36.0,867.0,77.0,204,1,0,1,Biker
8,825.0,36.0,867.0,77.0,205,1,0,1,Biker
8,825.0,36.0,867.0,77.0,206,1,0,1,Biker
8,825.0,40.0,867.0,81.0,207,1,0,1,Biker
8,825.0,40.0,867.0,81.0,208,1,0,1,Biker
8,825.0,40.0,867.0,85.0,209,1,0,1,Biker
8,825.0,44.0,867.0,85.0,210,1,0,1,Biker
8,823.0,44.0,865.0,85.0,211,1,0,1,Biker
8,823.0,48.0,865.0,89.0,212,1,0,1,Biker
8,823.0,48.0,865.0,89.0,213,1,0,1,Biker
8,823.0,48.0,865.0,93.0,214,1,0,1,Biker
8,823.0,53.0,865.0,93.0,215,1,0,1,Biker
8,823.0,53.0,865.0,93.0,216,1,0,1,Biker
8,823.0,53.0,865.0,97.0,217,1,0,1,Biker
8,823.0,57.0,865.0,97.0,218,1,0,1,Biker
8,823.0,57.0,865.0,102.0,219,1,0,1,Biker
8,823.0,61.0,865.0,102.0,220,1,0,1,Biker
8,823.0,61.0,865.0,102.0,221,1,0,1,Biker
8,823.0,61.0,865.0,106.0,222,1,0,1,Biker
8,823.0,65.0,865.0,106.0,223,1,0,1,Biker
8,823.0,65.0,865.0,110.0,224,1,0,1,Biker
8,823.0,65.0,865.0,110.0,225,1,0,1,Biker
8,823.0,69.0,865.0,110.0,226,1,0,1,Biker
8,821.0,69.0,863.0,114.0,227,1,0,1,Biker
8,821.0,69.0,863.0,114.0,228,1,0,1,Biker
8,821.0,73.0,863.0,118.0,229,1,0,1,Biker
8,821.0,73.0,863.0,118.0,230,1,0,1,Biker
8,821.0,77.0,863.0,118.0,231,1,0,1,Biker
8,821.0,77.0,863.0,122.0,232,1,0,1,Biker
8,821.0,77.0,863.0,122.0,233,1,0,1,Biker
8,821.0,81.0,863.0,126.0,234,1,0,1,Biker
8,821.0,81.0,863.0,126.0,235,1,0,1,Biker
8,821.0,81.0,863.0,126.0,236,1,0,1,Biker
8,821.0,85.0,863.0,130.0,237,1,0,1,Biker
8,821.0,85.0,863.0,130.0,238,1,0,1,Biker
8,821.0,85.0,863.0,134.0,239,1,0,1,Biker
8,821.0,89.0,863.0,134.0,240,1,0,1,Biker
8,821.0,89.0,863.0,134.0,241,1,0,1,Biker
8,819.0,93.0,861.0,138.0,242,1,0,1,Biker
8,819.0,93.0,861.0,138.0,243,1,0,1,Biker
8,819.0,93.0,861.0,142.0,244,1,0,1,Biker
8,819.0,97.0,861.0,142.0,245,1,0,1,Biker
8,819.0,97.0,861.0,142.0,246,1,0,1,Biker
8,819.0,97.0,861.0,146.0,247,1,0,1,Biker
8,819.0,102.0,861.0,146.0,248,1,0,1,Biker
8,819.0,102.0,861.0,151.0,249,1,0,1,Biker
8,819.0,106.0,861.0,151.0,250,1,0,1,Biker
8,819.0,106.0,861.0,151.0,251,1,0,1,Biker
8,819.0,106.0,861.0,155.0,252,1,0,1,Biker
8,819.0,110.0,861.0,155.0,253,1,0,1,Biker
8,819.0,110.0,861.0,159.0,254,1,0,1,Biker
8,819.0,110.0,861.0,159.0,255,1,0,1,Biker
8,819.0,114.0,861.0,159.0,256,1,0,1,Biker
8,819.0,114.0,861.0,163.0,257,1,0,1,Biker
8,817.0,114.0,859.0,163.0,258,1,0,1,Biker
8,817.0,118.0,859.0,167.0,259,1,0,1,Biker
8,817.0,118.0,859.0,167.0,260,1,0,1,Biker
8,817.0,122.0,859.0,167.0,261,1,0,1,Biker
8,817.0,122.0,859.0,171.0,262,1,0,1,Biker
8,817.0,122.0,859.0,171.0,263,1,0,1,Biker
8,817.0,126.0,859.0,175.0,264,1,0,1,Biker
8,817.0,126.0,859.0,175.0,265,1,0,1,Biker
8,817.0,126.0,859.0,179.0,266,1,0,1,Biker
8,817.0,130.0,859.0,179.0,267,1,0,1,Biker
8,817.0,130.0,859.0,179.0,268,1,0,1,Biker
8,817.0,130.0,859.0,183.0,269,1,0,1,Biker
8,817.0,134.0,859.0,183.0,270,1,0,1,Biker
8,817.0,134.0,859.0,187.0,271,1,0,1,Biker
8,817.0,138.0,859.0,187.0,272,1,0,1,Biker
8,817.0,138.0,859.0,187.0,273,1,0,1,Biker
8,815.0,138.0,857.0,191.0,274,1,0,1,Biker
8,815.0,142.0,857.0,191.0,275,1,0,1,Biker
8,815.0,142.0,857.0,195.0,276,1,0,1,Biker
8,815.0,142.0,857.0,195.0,277,1,0,1,Biker
8,815.0,146.0,857.0,195.0,278,1,0,1,Biker
8,815.0,146.0,857.0,199.0,279,1,0,1,Biker
8,815.0,151.0,857.0,199.0,280,1,0,1,Biker
8,815.0,151.0,857.0,204.0,281,1,0,1,Biker
8,815.0,151.0,857.0,204.0,282,1,0,1,Biker
8,815.0,155.0,857.0,204.0,283,1,0,1,Biker
8,815.0,155.0,857.0,208.0,284,1,0,1,Biker
8,815.0,155.0,857.0,208.0,285,1,0,1,Biker
8,815.0,159.0,857.0,212.0,286,1,0,1,Biker
8,815.0,159.0,857.0,212.0,287,1,0,1,Biker
8,815.0,159.0,857.0,212.0,288,1,0,1,Biker
8,813.0,163.0,855.0,216.0,289,1,0,1,Biker
8,813.0,163.0,855.0,216.0,290,1,0,1,Biker
8,813.0,167.0,855.0,220.0,291,1,0,1,Biker
8,813.0,167.0,855.0,220.0,292,1,0,1,Biker
8,813.0,167.0,855.0,220.0,293,1,0,1,Biker
8,813.0,171.0,855.0,224.0,294,1,0,1,Biker
8,813.0,171.0,855.0,224.0,295,1,0,1,Biker
8,813.0,171.0,855.0,228.0,296,1,0,1,Biker
8,813.0,175.0,855.0,228.0,297,1,0,1,Biker
8,813.0,175.0,855.0,228.0,298,1,0,1,Biker
8,813.0,175.0,855.0,232.0,299,1,0,1,Biker
8,813.0,179.0,855.0,232.0,300,1,0,1,Biker
8,813.0,179.0,855.0,236.0,301,1,0,1,Biker
8,813.0,183.0,855.0,236.0,302,1,0,1,Biker
8,813.0,183.0,855.0,236.0,303,1,0,1,Biker
8,813.0,183.0,855.0,240.0,304,1,0,1,Biker
8,811.0,187.0,853.0,240.0,305,1,0,1,Biker
8,811.0,187.0,853.0,244.0,306,1,0,1,Biker
8,811.0,187.0,853.0,244.0,307,1,0,1,Biker
8,811.0,191.0,853.0,244.0,308,1,0,1,Biker
8,811.0,191.0,853.0,248.0,309,1,0,1,Biker
8,811.0,195.0,853.0,248.0,310,1,0,1,Biker
8,811.0,195.0,853.0,253.0,311,1,0,1,Biker
8,811.0,195.0,853.0,253.0,312,1,0,1,Biker
8,811.0,199.0,853.0,253.0,313,1,0,1,Biker
8,811.0,199.0,853.0,257.0,314,1,0,1,Biker
8,811.0,199.0,853.0,257.0,315,1,0,1,Biker
8,811.0,204.0,853.0,261.0,316,1,0,1,Biker
8,811.0,204.0,853.0,261.0,317,1,0,1,Biker
8,811.0,204.0,853.0,261.0,318,1,0,1,Biker
8,811.0,208.0,853.0,265.0,319,1,0,1,Biker
8,811.0,208.0,853.0,265.0,320,1,0,1,Biker
8,809.0,212.0,851.0,269.0,321,1,0,1,Biker
8,809.0,212.0,851.0,269.0,322,1,0,1,Biker
8,809.0,212.0,851.0,269.0,323,1,0,1,Biker
8,809.0,216.0,851.0,273.0,324,1,0,1,Biker
8,809.0,216.0,851.0,273.0,325,1,0,1,Biker
8,809.0,216.0,851.0,277.0,326,1,0,1,Biker
8,809.0,220.0,851.0,277.0,327,1,0,1,Biker
8,809.0,220.0,851.0,277.0,328,1,0,1,Biker
8,809.0,220.0,851.0,281.0,329,1,0,1,Biker
8,809.0,224.0,851.0,281.0,330,1,0,1,Biker
8,809.0,224.0,851.0,285.0,331,1,0,1,Biker
8,809.0,228.0,851.0,285.0,332,1,0,1,Biker
8,809.0,228.0,851.0,285.0,333,1,0,1,Biker
8,809.0,228.0,851.0,289.0,334,1,0,1,Biker
8,809.0,232.0,851.0,289.0,335,1,0,1,Biker
8,807.0,232.0,849.0,293.0,336,1,0,1,Biker
8,807.0,232.0,849.0,293.0,337,1,0,1,Biker
8,807.0,236.0,849.0,293.0,338,1,0,1,Biker
8,807.0,236.0,849.0,297.0,339,1,0,1,Biker
8,807.0,240.0,849.0,297.0,340,1,0,1,Biker
8,807.0,240.0,849.0,302.0,341,1,0,1,Biker
8,807.0,240.0,849.0,302.0,342,1,0,1,Biker
8,807.0,244.0,849.0,302.0,343,1,0,1,Biker
8,807.0,244.0,849.0,306.0,344,1,0,1,Biker
8,807.0,244.0,849.0,306.0,345,1,0,1,Biker
8,807.0,248.0,849.0,310.0,346,1,0,1,Biker
8,807.0,248.0,849.0,310.0,347,1,0,1,Biker
8,807.0,248.0,849.0,314.0,348,1,0,1,Biker
8,807.0,253.0,849.0,314.0,349,1,0,1,Biker
8,807.0,253.0,849.0,314.0,350,1,0,1,Biker
8,807.0,257.0,849.0,318.0,351,1,0,1,Biker
8,805.0,257.0,847.0,318.0,352,1,0,1,Biker
8,805.0,257.0,847.0,322.0,353,1,0,1,Biker
8,805.0,261.0,847.0,322.0,354,1,0,1,Biker
8,805.0,261.0,847.0,322.0,355,1,0,1,Biker
8,805.0,261.0,847.0,326.0,356,1,0,1,Biker
8,805.0,265.0,847.0,326.0,357,1,0,1,Biker
8,805.0,265.0,847.0,330.0,358,1,0,1,Biker
8,805.0,265.0,847.0,330.0,359,1,0,1,Biker
8,805.0,269.0,847.0,330.0,360,1,0,1,Biker
8,805.0,269.0,847.0,334.0,361,1,0,1,Biker
8,805.0,273.0,847.0,334.0,362,1,0,1,Biker
8,805.0,273.0,847.0,338.0,363,1,0,1,Biker
8,805.0,273.0,847.0,338.0,364,1,0,1,Biker
8,805.0,277.0,847.0,338.0,365,1,0,1,Biker
8,805.0,277.0,847.0,342.0,366,1,0,1,Biker
8,805.0,277.0,847.0,342.0,367,1,0,1,Biker
8,803.0,281.0,845.0,346.0,368,1,0,1,Biker
8,803.0,281.0,845.0,346.0,369,1,0,1,Biker
8,803.0,285.0,845.0,346.0,370,1,0,1,Biker
8,803.0,285.0,845.0,350.0,371,1,0,1,Biker
8,803.0,285.0,845.0,350.0,372,1,0,1,Biker
8,803.0,289.0,845.0,355.0,373,1,0,1,Biker
8,803.0,289.0,845.0,355.0,374,1,0,1,Biker
8,803.0,289.0,845.0,355.0,375,1,0,1,Biker
8,803.0,293.0,845.0,359.0,376,1,0,1,Biker
8,803.0,293.0,845.0,359.0,377,1,0,1,Biker
8,803.0,293.0,845.0,363.0,378,1,0,1,Biker
8,803.0,297.0,845.0,363.0,379,1,0,1,Biker
8,803.0,297.0,845.0,363.0,380,1,0,1,Biker
8,803.0,302.0,845.0,367.0,381,1,0,1,Biker
8,803.0,302.0,845.0,367.0,382,1,0,1,Biker
8,801.0,302.0,843.0,371.0,383,1,0,1,Biker
8,801.0,306.0,843.0,371.0,384,1,0,1,Biker
8,801.0,306.0,843.0,371.0,385,1,0,1,Biker
8,801.0,306.0,843.0,375.0,386,1,0,1,Biker
8,801.0,310.0,843.0,375.0,387,1,0,1,Biker
8,801.0,310.0,843.0,379.0,388,1,0,1,Biker
8,801.0,310.0,843.0,379.0,389,1,0,1,Biker
8,801.0,314.0,843.0,379.0,390,1,0,1,Biker
8,801.0,314.0,843.0,383.0,391,1,0,1,Biker
8,801.0,318.0,843.0,383.0,392,1,0,1,Biker
8,801.0,318.0,843.0,387.0,393,1,0,1,Biker
8,801.0,318.0,843.0,387.0,394,1,0,1,Biker
8,801.0,322.0,843.0,387.0,395,1,0,1,Biker
8,801.0,322.0,843.0,391.0,396,1,0,1,Biker
8,801.0,322.0,843.0,391.0,397,1,0,1,Biker
8,801.0,326.0,843.0,395.0,398,1,0,1,Biker
8,799.0,326.0,841.0,395.0,399,1,0,1,Biker
8,799.0,330.0,841.0,395.0,400,1,0,1,Biker
8,799.0,330.0,841.0,399.0,401,1,0,1,Biker
8,799.0,330.0,841.0,399.0,402,1,0,1,Biker
8,799.0,334.0,841.0,404.0,403,1,0,1,Biker
8,799.0,334.0,841.0,404.0,404,1,0,1,Biker
8,799.0,334.0,841.0,404.0,405,1,0,1,Biker
8,799.0,338.0,841.0,408.0,406,1,0,1,Biker
8,799.0,338.0,841.0,408.0,407,1,0,1,Biker
8,799.0,338.0,841.0,412.0,408,1,0,1,Biker
8,799.0,342.0,841.0,412.0,409,1,0,1,Biker
8,799.0,342.0,841.0,412.0,410,1,0,1,Biker
8,799.0,346.0,841.0,416.0,411,1,0,1,Biker
8,799.0,346.0,841.0,416.0,412,1,0,1,Biker
8,799.0,346.0,841.0,420.0,413,1,0,1,Biker
8,799.0,350.0,841.0,420.0,414,1,0,1,Biker
8,797.0,350.0,839.0,420.0,415,1,0,1,Biker
8,797.0,350.0,839.0,424.0,416,1,0,1,Biker
8,797.0,355.0,839.0,424.0,417,1,0,1,Biker
8,797.0,355.0,839.0,428.0,418,1,0,1,Biker
8,797.0,355.0,839.0,428.0,419,1,0,1,Biker
8,797.0,359.0,839.0,428.0,420,1,0,1,Biker
8,797.0,359.0,839.0,432.0,421,1,0,1,Biker
8,797.0,363.0,839.0,432.0,422,1,0,1,Biker
8,797.0,363.0,839.0,436.0,423,1,0,1,Biker
8,797.0,363.0,839.0,436.0,424,1,0,1,Biker
8,797.0,367.0,839.0,436.0,425,1,0,1,Biker
8,797.0,367.0,839.0,440.0,426,1,0,1,Biker
8,797.0,367.0,839.0,440.0,427,1,0,1,Biker
8,797.0,371.0,839.0,444.0,428,1,0,1,Biker
8,797.0,371.0,839.0,444.0,429,1,0,1,Biker
8,797.0,375.0,839.0,448.0,430,0,0,0,Biker
9,735.0,1167.0,793.0,1265.0,0,0,0,0,Biker
9,743.0,1167.0,789.0,1252.0,1,0,0,1,Biker
9,751.0,1171.0,787.0,1244.0,2,0,0,1,Biker
9,759.0,1175.0,785.0,1236.0,3,0,0,0,Biker
9,759.0,1171.0,785.0,1232.0,4,0,0,1,Biker
9,759.0,1171.0,785.0,1228.0,5,0,0,1,Biker
9,761.0,1167.0,787.0,1228.0,6,0,0,1,Biker
9,761.0,1167.0,787.0,1224.0,7,0,0,1,Biker
9,763.0,1163.0,789.0,1224.0,8,0,0,1,Biker
9,763.0,1163.0,789.0,1220.0,9,0,0,1,Biker
9,763.0,1159.0,789.0,1220.0,10,0,0,1,Biker
9,765.0,1159.0,791.0,1216.0,11,0,0,1,Biker
9,765.0,1154.0,791.0,1216.0,12,0,0,1,Biker
9,767.0,1154.0,793.0,1212.0,13,0,0,1,Biker
9,767.0,1150.0,793.0,1212.0,14,0,0,1,Biker
9,767.0,1150.0,793.0,1208.0,15,0,0,1,Biker
9,769.0,1146.0,795.0,1208.0,16,0,0,1,Biker
9,769.0,1146.0,795.0,1203.0,17,0,0,1,Biker
9,771.0,1146.0,797.0,1203.0,18,0,0,0,Biker
9,771.0,1142.0,797.0,1199.0,19,0,0,1,Biker
9,771.0,1142.0,797.0,1199.0,20,0,0,1,Biker
9,771.0,1142.0,797.0,1199.0,21,0,0,1,Biker
9,773.0,1142.0,799.0,1199.0,22,0,0,1,Biker
9,773.0,1138.0,799.0,1195.0,23,0,0,1,Biker
9,773.0,1138.0,799.0,1195.0,24,0,0,1,Biker
9,775.0,1138.0,801.0,1195.0,25,0,0,1,Biker
9,775.0,1138.0,801.0,1195.0,26,0,0,1,Biker
9,775.0,1134.0,801.0,1191.0,27,0,0,1,Biker
9,777.0,1134.0,803.0,1191.0,28,0,0,1,Biker
9,777.0,1134.0,803.0,1191.0,29,0,0,1,Biker
9,777.0,1134.0,803.0,1191.0,30,0,0,1,Biker
9,779.0,1134.0,805.0,1191.0,31,0,0,0,Biker
9,779.0,1130.0,805.0,1187.0,32,0,0,1,Biker
9,779.0,1126.0,805.0,1183.0,33,0,0,1,Biker
9,779.0,1122.0,805.0,1179.0,34,0,0,1,Biker
9,781.0,1122.0,807.0,1179.0,35,0,0,1,Biker
9,781.0,1118.0,807.0,1175.0,36,0,0,1,Biker
9,781.0,1114.0,807.0,1171.0,37,0,0,1,Biker
9,781.0,1110.0,807.0,1167.0,38,0,0,1,Biker
9,783.0,1110.0,809.0,1167.0,39,0,0,0,Biker
9,781.0,1106.0,807.0,1163.0,40,0,0,1,Biker
9,781.0,1101.0,807.0,1159.0,41,0,0,1,Biker
9,781.0,1101.0,807.0,1159.0,42,0,0,1,Biker
9,781.0,1097.0,807.0,1154.0,43,0,0,1,Biker
9,781.0,1093.0,807.0,1150.0,44,0,0,1,Biker
9,781.0,1093.0,807.0,1150.0,45,0,0,1,Biker
9,779.0,1089.0,805.0,1146.0,46,0,0,1,Biker
9,779.0,1089.0,805.0,1146.0,47,0,0,1,Biker
9,779.0,1085.0,805.0,1142.0,48,0,0,1,Biker
9,779.0,1081.0,805.0,1138.0,49,0,0,1,Biker
9,779.0,1081.0,805.0,1138.0,50,0,0,1,Biker
9,779.0,1077.0,805.0,1134.0,51,0,0,1,Biker
9,779.0,1077.0,805.0,1134.0,52,0,0,0,Biker
9,777.0,1073.0,803.0,1130.0,53,0,0,1,Biker
9,777.0,1073.0,803.0,1130.0,54,0,0,1,Biker
9,777.0,1069.0,803.0,1126.0,55,0,0,1,Biker
9,777.0,1069.0,803.0,1126.0,56,0,0,1,Biker
9,777.0,1065.0,803.0,1122.0,57,0,0,1,Biker
9,777.0,1065.0,803.0,1122.0,58,0,0,1,Biker
9,777.0,1061.0,803.0,1118.0,59,0,0,1,Biker
9,775.0,1061.0,801.0,1118.0,60,0,0,1,Biker
9,775.0,1057.0,801.0,1114.0,61,0,0,1,Biker
9,775.0,1057.0,801.0,1114.0,62,0,0,1,Biker
9,775.0,1052.0,801.0,1110.0,63,0,0,1,Biker
9,775.0,1052.0,801.0,1110.0,64,0,0,1,Biker
9,775.0,1048.0,801.0,1106.0,65,0,0,1,Biker
9,775.0,1048.0,801.0,1106.0,66,0,0,1,Biker
9,773.0,1044.0,799.0,1101.0,67,0,0,1,Biker
9,773.0,1044.0,799.0,1101.0,68,0,0,1,Biker
9,773.0,1040.0,799.0,1097.0,69,0,0,1,Biker
9,773.0,1040.0,799.0,1097.0,70,0,0,1,Biker
9,773.0,1036.0,799.0,1093.0,71,0,0,1,Biker
9,773.0,1036.0,799.0,1093.0,72,0,0,1,Biker
9,773.0,1032.0,799.0,1089.0,73,0,0,1,Biker
9,773.0,1032.0,799.0,1089.0,74,0,0,0,Biker
9,773.0,1024.0,799.0,1081.0,75,0,0,1,Biker
9,775.0,1016.0,801.0,1073.0,76,0,0,1,Biker
9,777.0,1012.0,803.0,1069.0,77,0,0,1,Biker
9,779.0,1003.0,805.0,1061.0,78,0,0,1,Biker
9,781.0,999.0,807.0,1057.0,79,0,0,1,Biker
9,781.0,991.0,809.0,1048.0,80,0,0,1,Biker
9,783.0,987.0,811.0,1044.0,81,0,0,1,Biker
9,785.0,979.0,813.0,1036.0,82,0,0,1,Biker
9,787.0,975.0,815.0,1032.0,83,0,0,1,Biker
9,789.0,967.0,817.0,1024.0,84,0,0,1,Biker
9,791.0,963.0,819.0,1020.0,85,0,0,0,Biker
9,789.0,959.0,817.0,1016.0,86,0,0,1,Biker
9,789.0,955.0,817.0,1012.0,87,0,0,1,Biker
9,787.0,955.0,815.0,1012.0,88,0,0,1,Biker
9,787.0,950.0,815.0,1008.0,89,0,0,1,Biker
9,785.0,950.0,813.0,1008.0,90,0,0,1,Biker
9,785.0,946.0,813.0,1003.0,91,0,0,1,Biker
9,783.0,946.0,811.0,1003.0,92,0,0,1,Biker
9,783.0,942.0,811.0,999.0,93,0,0,1,Biker
9,783.0,942.0,811.0,999.0,94,0,0,1,Biker
9,781.0,938.0,809.0,995.0,95,0,0,1,Biker
9,781.0,938.0,809.0,995.0,96,0,0,1,Biker
9,779.0,934.0,807.0,991.0,97,0,0,1,Biker
9,779.0,934.0,807.0,991.0,98,0,0,1,Biker
9,777.0,930.0,805.0,987.0,99,0,0,1,Biker
9,777.0,930.0,805.0,987.0,100,0,0,1,Biker
9,777.0,926.0,805.0,983.0,101,0,0,1,Biker
9,775.0,922.0,803.0,979.0,102,0,0,1,Biker
9,775.0,922.0,803.0,979.0,103,0,0,1,Biker
9,773.0,918.0,801.0,975.0,104,0,0,1,Biker
9,773.0,918.0,801.0,975.0,105,0,0,1,Biker
9,771.0,914.0,799.0,971.0,106,0,0,1,Biker
9,771.0,914.0,799.0,971.0,107,0,0,1,Biker
9,771.0,910.0,799.0,967.0,108,0,0,1,Biker
9,769.0,910.0,797.0,967.0,109,0,0,1,Biker
9,769.0,906.0,797.0,963.0,110,0,0,1,Biker
9,767.0,906.0,795.0,963.0,111,0,0,1,Biker
9,767.0,901.0,795.0,959.0,112,0,0,1,Biker
9,765.0,901.0,793.0,959.0,113,0,0,1,Biker
9,765.0,897.0,793.0,955.0,114,0,0,1,Biker
9,765.0,897.0,793.0,955.0,115,0,0,0,Biker
9,761.0,893.0,789.0,950.0,116,0,0,1,Biker
9,759.0,893.0,787.0,950.0,117,0,0,1,Biker
9,757.0,893.0,785.0,950.0,118,0,0,1,Biker
9,755.0,893.0,783.0,950.0,119,0,0,1,Biker
9,753.0,889.0,781.0,946.0,120,0,0,1,Biker
9,751.0,889.0,779.0,946.0,121,0,0,1,Biker
9,749.0,889.0,777.0,946.0,122,0,0,1,Biker
9,747.0,889.0,775.0,946.0,123,0,0,1,Biker
9,745.0,885.0,773.0,942.0,124,0,0,1,Biker
9,743.0,885.0,771.0,942.0,125,0,0,1,Biker
9,739.0,885.0,767.0,942.0,126,0,0,1,Biker
9,737.0,885.0,765.0,942.0,127,0,0,1,Biker
9,735.0,881.0,763.0,938.0,128,0,0,1,Biker
9,733.0,881.0,761.0,938.0,129,0,0,1,Biker
9,731.0,881.0,759.0,938.0,130,0,0,1,Biker
9,729.0,881.0,757.0,938.0,131,0,0,1,Biker
9,727.0,877.0,755.0,934.0,132,0,0,1,Biker
9,725.0,877.0,753.0,934.0,133,0,0,1,Biker
9,723.0,877.0,751.0,934.0,134,0,0,1,Biker
9,721.0,877.0,749.0,934.0,135,0,0,0,Biker
9,719.0,869.0,747.0,926.0,136,0,0,1,Biker
9,718.0,865.0,745.0,922.0,137,0,0,1,Biker
9,718.0,861.0,745.0,918.0,138,0,0,1,Biker
9,716.0,852.0,743.0,910.0,139,0,0,1,Biker
9,716.0,848.0,743.0,906.0,140,0,0,1,Biker
9,714.0,844.0,741.0,901.0,141,0,0,1,Biker
9,712.0,836.0,739.0,893.0,142,0,0,1,Biker
9,712.0,832.0,739.0,889.0,143,0,0,1,Biker
9,710.0,828.0,737.0,885.0,144,0,0,1,Biker
9,710.0,824.0,737.0,881.0,145,0,0,0,Biker
9,708.0,820.0,735.0,877.0,146,0,0,1,Biker
9,708.0,816.0,735.0,873.0,147,0,0,1,Biker
9,708.0,812.0,735.0,869.0,148,0,0,1,Biker
9,706.0,812.0,733.0,869.0,149,0,0,1,Biker
9,706.0,808.0,733.0,865.0,150,0,0,1,Biker
9,706.0,804.0,733.0,861.0,151,0,0,1,Biker
9,704.0,804.0,731.0,861.0,152,0,0,1,Biker
9,704.0,799.0,731.0,857.0,153,0,0,1,Biker
9,704.0,795.0,731.0,852.0,154,0,0,1,Biker
9,702.0,795.0,729.0,852.0,155,0,0,1,Biker
9,702.0,791.0,729.0,848.0,156,0,0,1,Biker
9,702.0,787.0,729.0,844.0,157,0,0,1,Biker
9,702.0,787.0,729.0,844.0,158,0,0,0,Biker
9,700.0,783.0,727.0,840.0,159,0,0,1,Biker
9,700.0,779.0,727.0,836.0,160,0,0,1,Biker
9,700.0,775.0,727.0,832.0,161,0,0,1,Biker
9,698.0,771.0,727.0,828.0,162,0,0,1,Biker
9,698.0,767.0,727.0,824.0,163,0,0,1,Biker
9,698.0,763.0,725.0,820.0,164,0,0,1,Biker
9,698.0,759.0,725.0,816.0,165,0,0,1,Biker
9,696.0,755.0,725.0,812.0,166,0,0,1,Biker
9,696.0,750.0,725.0,808.0,167,0,0,1,Biker
9,696.0,746.0,725.0,804.0,168,0,0,1,Biker
9,694.0,742.0,723.0,799.0,169,0,0,1,Biker
9,694.0,738.0,723.0,795.0,170,0,0,1,Biker
9,694.0,734.0,723.0,791.0,171,0,0,1,Biker
9,694.0,730.0,723.0,787.0,172,0,0,1,Biker
9,692.0,726.0,723.0,783.0,173,0,0,1,Biker
9,692.0,722.0,721.0,779.0,174,0,0,1,Biker
9,692.0,718.0,721.0,775.0,175,0,0,1,Biker
9,690.0,714.0,721.0,771.0,176,0,0,1,Biker
9,690.0,710.0,721.0,767.0,177,0,0,1,Biker
9,690.0,706.0,721.0,763.0,178,0,0,1,Biker
9,690.0,701.0,721.0,759.0,179,0,0,0,Biker
9,690.0,697.0,721.0,755.0,180,0,0,1,Biker
9,690.0,693.0,721.0,750.0,181,0,0,1,Biker
9,690.0,689.0,721.0,746.0,182,0,0,1,Biker
9,690.0,685.0,721.0,742.0,183,0,0,1,Biker
9,692.0,685.0,723.0,742.0,184,0,0,1,Biker
9,692.0,681.0,723.0,738.0,185,0,0,1,Biker
9,692.0,677.0,723.0,734.0,186,0,0,1,Biker
9,692.0,673.0,723.0,730.0,187,0,0,1,Biker
9,692.0,669.0,723.0,726.0,188,0,0,1,Biker
9,694.0,669.0,725.0,726.0,189,0,0,0,Biker
9,694.0,665.0,725.0,722.0,190,0,0,1,Biker
9,694.0,661.0,725.0,718.0,191,0,0,1,Biker
9,694.0,657.0,725.0,714.0,192,0,0,1,Biker
9,694.0,653.0,725.0,710.0,193,0,0,1,Biker
9,694.0,648.0,725.0,706.0,194,0,0,1,Biker
9,694.0,644.0,725.0,701.0,195,0,0,1,Biker
9,694.0,640.0,725.0,697.0,196,0,0,1,Biker
9,694.0,636.0,725.0,693.0,197,0,0,1,Biker
9,694.0,632.0,725.0,689.0,198,0,0,1,Biker
9,696.0,628.0,727.0,685.0,199,0,0,1,Biker
9,696.0,624.0,727.0,681.0,200,0,0,1,Biker
9,696.0,620.0,727.0,677.0,201,0,0,1,Biker
9,696.0,616.0,727.0,673.0,202,0,0,1,Biker
9,696.0,612.0,727.0,669.0,203,0,0,1,Biker
9,696.0,608.0,727.0,665.0,204,0,0,1,Biker
9,696.0,604.0,727.0,661.0,205,0,0,1,Biker
9,696.0,599.0,727.0,657.0,206,0,0,1,Biker
9,696.0,595.0,727.0,653.0,207,0,0,1,Biker
9,696.0,591.0,727.0,648.0,208,0,0,1,Biker
9,698.0,587.0,729.0,644.0,209,0,0,1,Biker
9,698.0,583.0,729.0,640.0,210,0,0,1,Biker
9,698.0,579.0,729.0,636.0,211,0,0,1,Biker
9,698.0,575.0,729.0,632.0,212,0,0,1,Biker
9,698.0,571.0,729.0,628.0,213,0,0,1,Biker
9,698.0,567.0,729.0,624.0,214,0,0,1,Biker
9,698.0,563.0,729.0,620.0,215,0,0,1,Biker
9,698.0,559.0,729.0,616.0,216,0,0,1,Biker
9,698.0,555.0,729.0,612.0,217,0,0,1,Biker
9,698.0,550.0,729.0,608.0,218,0,0,1,Biker
9,700.0,546.0,731.0,604.0,219,0,0,0,Biker
9,700.0,542.0,731.0,599.0,220,0,0,1,Biker
9,700.0,538.0,731.0,595.0,221,0,0,1,Biker
9,700.0,534.0,731.0,591.0,222,0,0,1,Biker
9,700.0,530.0,731.0,587.0,223,0,0,1,Biker
9,702.0,530.0,733.0,587.0,224,0,0,1,Biker
9,702.0,526.0,733.0,583.0,225,0,0,1,Biker
9,702.0,522.0,733.0,579.0,226,0,0,1,Biker
9,702.0,518.0,733.0,575.0,227,0,0,1,Biker
9,702.0,514.0,733.0,571.0,228,0,0,1,Biker
9,704.0,514.0,735.0,571.0,229,0,0,0,Biker
9,704.0,506.0,735.0,563.0,230,0,0,1,Biker
9,706.0,501.0,737.0,559.0,231,0,0,1,Biker
9,706.0,497.0,737.0,555.0,232,0,0,1,Biker
9,708.0,489.0,739.0,546.0,233,0,0,1,Biker
9,710.0,485.0,741.0,542.0,234,0,0,1,Biker
9,710.0,481.0,741.0,538.0,235,0,0,1,Biker
9,712.0,473.0,743.0,530.0,236,0,0,1,Biker
9,712.0,469.0,743.0,526.0,237,0,0,1,Biker
9,714.0,465.0,745.0,522.0,238,0,0,1,Biker
9,716.0,461.0,747.0,518.0,239,0,0,0,Biker
9,716.0,453.0,747.0,510.0,240,0,0,1,Biker
9,718.0,448.0,749.0,506.0,241,0,0,1,Biker
9,718.0,444.0,749.0,501.0,242,0,0,1,Biker
9,719.0,440.0,751.0,497.0,243,0,0,1,Biker
9,719.0,436.0,751.0,493.0,244,0,0,1,Biker
9,721.0,428.0,753.0,485.0,245,0,0,1,Biker
9,721.0,424.0,753.0,481.0,246,0,0,1,Biker
9,723.0,420.0,755.0,477.0,247,0,0,1,Biker
9,723.0,416.0,755.0,473.0,248,0,0,1,Biker
9,725.0,412.0,757.0,469.0,249,0,0,0,Biker
9,725.0,408.0,757.0,465.0,250,0,0,1,Biker
9,727.0,404.0,759.0,461.0,251,0,0,1,Biker
9,727.0,399.0,759.0,457.0,252,0,0,1,Biker
9,729.0,395.0,761.0,453.0,253,0,0,1,Biker
9,731.0,391.0,763.0,448.0,254,0,0,1,Biker
9,731.0,387.0,763.0,444.0,255,0,0,1,Biker
9,733.0,383.0,765.0,440.0,256,0,0,1,Biker
9,733.0,379.0,765.0,436.0,257,0,0,1,Biker
9,735.0,375.0,767.0,432.0,258,0,0,1,Biker
9,737.0,375.0,769.0,432.0,259,0,0,0,Biker
9,737.0,371.0,769.0,428.0,260,0,0,1,Biker
9,739.0,367.0,771.0,424.0,261,0,0,1,Biker
9,739.0,363.0,771.0,420.0,262,0,0,1,Biker
9,741.0,359.0,773.0,416.0,263,0,0,1,Biker
9,741.0,355.0,773.0,412.0,264,0,0,1,Biker
9,743.0,350.0,775.0,408.0,265,0,0,1,Biker
9,743.0,346.0,775.0,404.0,266,0,0,1,Biker
9,745.0,342.0,777.0,399.0,267,0,0,1,Biker
9,745.0,338.0,777.0,395.0,268,0,0,1,Biker
9,747.0,334.0,779.0,391.0,269,0,0,0,Biker
9,747.0,326.0,779.0,383.0,270,0,0,1,Biker
9,749.0,322.0,779.0,379.0,271,0,0,1,Biker
9,749.0,318.0,781.0,375.0,272,0,0,1,Biker
9,751.0,310.0,781.0,367.0,273,0,0,1,Biker
9,753.0,306.0,783.0,363.0,274,0,0,1,Biker
9,753.0,302.0,783.0,359.0,275,0,0,1,Biker
9,755.0,293.0,783.0,350.0,276,0,0,1,Biker
9,755.0,289.0,785.0,346.0,277,0,0,1,Biker
9,757.0,285.0,785.0,342.0,278,0,0,1,Biker
9,759.0,281.0,787.0,338.0,279,0,0,0,Biker
9,759.0,277.0,789.0,334.0,280,0,0,1,Biker
9,759.0,273.0,791.0,330.0,281,0,0,1,Biker
9,761.0,273.0,793.0,326.0,282,0,0,1,Biker
9,761.0,269.0,795.0,322.0,283,0,0,1,Biker
9,763.0,269.0,799.0,322.0,284,0,0,1,Biker
9,763.0,265.0,801.0,318.0,285,0,0,1,Biker
9,763.0,261.0,803.0,314.0,286,0,0,1,Biker
9,765.0,261.0,805.0,310.0,287,0,0,1,Biker
9,765.0,257.0,807.0,306.0,288,0,0,1,Biker
9,767.0,257.0,811.0,306.0,289,0,0,0,Biker
9,767.0,248.0,811.0,302.0,290,0,0,1,Biker
9,767.0,240.0,811.0,297.0,291,0,0,1,Biker
9,769.0,232.0,811.0,293.0,292,0,0,1,Biker
9,769.0,228.0,811.0,289.0,293,0,0,1,Biker
9,771.0,220.0,813.0,285.0,294,0,0,1,Biker
9,771.0,212.0,813.0,281.0,295,0,0,1,Biker
9,771.0,208.0,813.0,277.0,296,0,0,1,Biker
9,773.0,199.0,813.0,273.0,297,0,0,1,Biker
9,773.0,191.0,813.0,269.0,298,0,0,1,Biker
9,775.0,187.0,815.0,269.0,299,0,0,0,Biker
9,775.0,183.0,815.0,265.0,300,0,0,1,Biker
9,777.0,179.0,817.0,261.0,301,0,0,1,Biker
9,779.0,175.0,819.0,257.0,302,0,0,1,Biker
9,779.0,171.0,819.0,253.0,303,0,0,1,Biker
9,781.0,167.0,821.0,248.0,304,0,0,1,Biker
9,783.0,163.0,823.0,244.0,305,0,0,1,Biker
9,783.0,159.0,823.0,240.0,306,0,0,1,Biker
9,785.0,155.0,825.0,236.0,307,0,0,1,Biker
9,787.0,151.0,827.0,232.0,308,0,0,1,Biker
9,789.0,146.0,829.0,228.0,309,0,0,0,Biker
9,789.0,138.0,829.0,220.0,310,0,0,1,Biker
9,789.0,134.0,829.0,216.0,311,0,0,1,Biker
9,789.0,130.0,829.0,212.0,312,0,0,1,Biker
9,789.0,126.0,829.0,208.0,313,0,0,1,Biker
9,789.0,122.0,829.0,204.0,314,0,0,1,Biker
9,789.0,118.0,829.0,199.0,315,0,0,1,Biker
9,789.0,114.0,829.0,195.0,316,0,0,1,Biker
9,789.0,110.0,829.0,191.0,317,0,0,1,Biker
9,789.0,106.0,829.0,187.0,318,0,0,1,Biker
9,789.0,102.0,829.0,183.0,319,0,0,0,Biker
9,789.0,93.0,829.0,175.0,320,0,0,1,Biker
9,789.0,89.0,829.0,171.0,321,0,0,1,Biker
9,789.0,85.0,829.0,167.0,322,0,0,1,Biker
9,789.0,77.0,829.0,159.0,323,0,0,1,Biker
9,791.0,73.0,831.0,155.0,324,0,0,1,Biker
9,791.0,69.0,831.0,151.0,325,0,0,1,Biker
9,791.0,61.0,831.0,142.0,326,0,0,1,Biker
9,791.0,57.0,831.0,138.0,327,0,0,1,Biker
9,791.0,53.0,831.0,134.0,328,0,0,1,Biker
9,793.0,48.0,833.0,130.0,329,0,0,0,Biker
9,793.0,40.0,833.0,122.0,330,0,0,1,Biker
9,793.0,36.0,833.0,118.0,331,0,0,1,Biker
9,793.0,32.0,833.0,114.0,332,0,0,1,Biker
9,793.0,28.0,833.0,110.0,333,0,0,1,Biker
9,793.0,24.0,833.0,106.0,334,0,0,1,Biker
9,793.0,16.0,833.0,97.0,335,0,0,1,Biker
9,793.0,12.0,833.0,93.0,336,0,0,1,Biker
9,793.0,8.0,833.0,89.0,337,0,0,1,Biker
9,793.0,4.0,833.0,85.0,338,0,0,1,Biker
9,793.0,0.0,833.0,81.0,339,1,0,0,Biker
9,793.0,0.0,833.0,81.0,340,1,0,1,Biker
9,793.0,0.0,833.0,81.0,341,1,0,1,Biker
9,793.0,0.0,833.0,81.0,342,1,0,1,Biker
9,793.0,0.0,833.0,81.0,343,1,0,1,Biker
9,793.0,0.0,833.0,81.0,344,1,0,1,Biker
9,793.0,0.0,833.0,81.0,345,1,0,1,Biker
9,793.0,0.0,833.0,81.0,346,1,0,1,Biker
9,793.0,0.0,833.0,81.0,347,1,0,1,Biker
9,793.0,0.0,833.0,81.0,348,1,0,1,Biker
9,793.0,0.0,833.0,81.0,349,1,0,0,Biker
9,791.0,8.0,831.0,89.0,350,1,0,1,Biker
9,791.0,20.0,831.0,102.0,351,1,0,1,Biker
9,791.0,32.0,831.0,114.0,352,1,0,1,Biker
9,791.0,44.0,831.0,126.0,353,1,0,1,Biker
9,791.0,57.0,831.0,138.0,354,1,0,1,Biker
9,791.0,69.0,831.0,151.0,355,1,0,1,Biker
9,791.0,81.0,831.0,159.0,356,1,0,1,Biker
9,791.0,93.0,831.0,171.0,357,1,0,1,Biker
9,791.0,106.0,831.0,183.0,358,1,0,1,Biker
9,791.0,118.0,831.0,195.0,359,1,0,1,Biker
9,791.0,130.0,831.0,208.0,360,1,0,1,Biker
9,791.0,138.0,829.0,220.0,361,1,0,1,Biker
9,791.0,151.0,829.0,228.0,362,1,0,1,Biker
9,791.0,163.0,829.0,240.0,363,1,0,1,Biker
9,791.0,175.0,829.0,253.0,364,1,0,1,Biker
9,791.0,187.0,829.0,265.0,365,1,0,1,Biker
9,791.0,199.0,829.0,277.0,366,1,0,1,Biker
9,791.0,212.0,829.0,289.0,367,1,0,1,Biker
9,791.0,224.0,829.0,297.0,368,1,0,1,Biker
9,791.0,236.0,829.0,310.0,369,1,0,1,Biker
9,791.0,248.0,829.0,322.0,370,1,0,1,Biker
9,791.0,261.0,829.0,334.0,371,1,0,1,Biker
9,791.0,273.0,829.0,346.0,372,1,0,1,Biker
9,791.0,281.0,827.0,359.0,373,1,0,1,Biker
9,791.0,293.0,827.0,367.0,374,1,0,1,Biker
9,791.0,306.0,827.0,379.0,375,1,0,1,Biker
9,791.0,318.0,827.0,391.0,376,1,0,1,Biker
9,791.0,330.0,827.0,404.0,377,1,0,1,Biker
9,791.0,342.0,827.0,416.0,378,1,0,1,Biker
9,791.0,355.0,827.0,428.0,379,1,0,1,Biker
9,791.0,367.0,827.0,440.0,380,1,0,1,Biker
9,791.0,379.0,827.0,448.0,381,1,0,1,Biker
9,791.0,391.0,827.0,461.0,382,1,0,1,Biker
9,791.0,404.0,827.0,473.0,383,1,0,1,Biker
9,791.0,412.0,825.0,485.0,384,1,0,1,Biker
9,791.0,424.0,825.0,497.0,385,1,0,1,Biker
9,791.0,436.0,825.0,510.0,386,1,0,1,Biker
9,791.0,448.0,825.0,518.0,387,1,0,1,Biker
9,791.0,461.0,825.0,530.0,388,1,0,1,Biker
9,791.0,473.0,825.0,542.0,389,1,0,1,Biker
9,791.0,485.0,825.0,555.0,390,1,0,1,Biker
9,791.0,497.0,825.0,567.0,391,1,0,1,Biker
9,791.0,510.0,825.0,579.0,392,1,0,1,Biker
9,791.0,522.0,825.0,587.0,393,1,0,1,Biker
9,791.0,534.0,825.0,599.0,394,1,0,1,Biker
9,791.0,546.0,825.0,612.0,395,1,0,1,Biker
9,791.0,555.0,823.0,624.0,396,1,0,1,Biker
9,791.0,567.0,823.0,636.0,397,1,0,1,Biker
9,791.0,579.0,823.0,648.0,398,1,0,1,Biker
9,791.0,591.0,823.0,657.0,399,1,0,1,Biker
9,791.0,604.0,823.0,669.0,400,1,0,1,Biker
9,791.0,616.0,823.0,681.0,401,1,0,1,Biker
9,791.0,628.0,823.0,693.0,402,1,0,1,Biker
9,791.0,640.0,823.0,706.0,403,1,0,1,Biker
9,791.0,653.0,823.0,718.0,404,1,0,1,Biker
9,791.0,665.0,823.0,730.0,405,1,0,1,Biker
9,791.0,677.0,823.0,738.0,406,1,0,1,Biker
9,791.0,685.0,821.0,750.0,407,1,0,1,Biker
9,791.0,697.0,821.0,763.0,408,1,0,1,Biker
9,791.0,710.0,821.0,775.0,409,1,0,1,Biker
9,791.0,722.0,821.0,787.0,410,1,0,1,Biker
9,791.0,734.0,821.0,799.0,411,1,0,1,Biker
9,791.0,746.0,821.0,808.0,412,1,0,1,Biker
9,791.0,759.0,821.0,820.0,413,1,0,1,Biker
9,791.0,771.0,821.0,832.0,414,1,0,1,Biker
9,791.0,783.0,821.0,844.0,415,1,0,1,Biker
9,791.0,795.0,821.0,857.0,416,1,0,1,Biker
9,791.0,808.0,821.0,869.0,417,1,0,1,Biker
9,791.0,820.0,821.0,877.0,418,1,0,1,Biker
9,791.0,828.0,819.0,889.0,419,1,0,1,Biker
9,791.0,840.0,819.0,901.0,420,1,0,1,Biker
9,791.0,852.0,819.0,914.0,421,1,0,1,Biker
9,791.0,865.0,819.0,926.0,422,1,0,1,Biker
9,791.0,877.0,819.0,938.0,423,1,0,1,Biker
9,791.0,889.0,819.0,946.0,424,1,0,1,Biker
9,791.0,901.0,819.0,959.0,425,1,0,1,Biker
9,791.0,914.0,819.0,971.0,426,1,0,1,Biker
9,791.0,926.0,819.0,983.0,427,1,0,1,Biker
9,791.0,938.0,819.0,995.0,428,1,0,1,Biker
9,791.0,950.0,819.0,1008.0,429,1,0,1,Biker
9,791.0,963.0,819.0,1020.0,430,0,0,0,Biker
10,430.0,550.0,462.0,599.0,0,0,0,0,Pedestrian
10,430.0,550.0,462.0,599.0,1,0,0,1,Pedestrian
10,430.0,550.0,462.0,599.0,2,0,0,1,Pedestrian
10,430.0,550.0,462.0,599.0,3,0,0,1,Pedestrian
10,430.0,550.0,462.0,599.0,4,0,0,1,Pedestrian
10,430.0,550.0,462.0,599.0,5,0,0,0,Pedestrian
10,430.0,550.0,462.0,599.0,6,0,0,1,Pedestrian
10,430.0,550.0,462.0,599.0,7,0,0,1,Pedestrian
10,430.0,550.0,462.0,604.0,8,0,0,1,Pedestrian
10,430.0,550.0,462.0,604.0,9,0,0,1,Pedestrian
10,430.0,550.0,462.0,608.0,10,0,0,1,Pedestrian
10,432.0,550.0,462.0,608.0,11,0,0,1,Pedestrian
10,432.0,550.0,464.0,608.0,12,0,0,1,Pedestrian
10,432.0,550.0,464.0,612.0,13,0,0,1,Pedestrian
10,432.0,555.0,464.0,612.0,14,0,0,1,Pedestrian
10,432.0,555.0,464.0,616.0,15,0,0,1,Pedestrian
10,434.0,555.0,464.0,616.0,16,0,0,1,Pedestrian
10,434.0,555.0,464.0,616.0,17,0,0,1,Pedestrian
10,434.0,555.0,464.0,620.0,18,0,0,1,Pedestrian
10,434.0,555.0,466.0,620.0,19,0,0,1,Pedestrian
10,434.0,555.0,466.0,624.0,20,0,0,1,Pedestrian
10,434.0,555.0,466.0,624.0,21,0,0,1,Pedestrian
10,436.0,555.0,466.0,624.0,22,0,0,1,Pedestrian
10,436.0,559.0,466.0,628.0,23,0,0,1,Pedestrian
10,436.0,559.0,466.0,628.0,24,0,0,1,Pedestrian
10,436.0,559.0,466.0,632.0,25,0,0,1,Pedestrian
10,436.0,559.0,468.0,632.0,26,0,0,1,Pedestrian
10,438.0,559.0,468.0,632.0,27,0,0,1,Pedestrian
10,438.0,559.0,468.0,636.0,28,0,0,1,Pedestrian
10,438.0,559.0,468.0,636.0,29,0,0,1,Pedestrian
10,438.0,559.0,468.0,640.0,30,0,0,1,Pedestrian
10,438.0,559.0,468.0,640.0,31,0,0,1,Pedestrian
10,440.0,563.0,470.0,644.0,32,0,0,0,Pedestrian
10,438.0,563.0,468.0,644.0,33,0,0,1,Pedestrian
10,438.0,563.0,468.0,644.0,34,0,0,1,Pedestrian
10,438.0,563.0,468.0,644.0,35,0,0,1,Pedestrian
10,438.0,563.0,468.0,644.0,36,0,0,1,Pedestrian
10,438.0,563.0,468.0,644.0,37,0,0,1,Pedestrian
10,438.0,563.0,468.0,648.0,38,0,0,1,Pedestrian
10,438.0,563.0,468.0,648.0,39,0,0,1,Pedestrian
10,438.0,563.0,468.0,648.0,40,0,0,1,Pedestrian
10,438.0,563.0,468.0,648.0,41,0,0,1,Pedestrian
10,438.0,563.0,468.0,648.0,42,0,0,1,Pedestrian
10,438.0,567.0,468.0,653.0,43,0,0,1,Pedestrian
10,438.0,567.0,468.0,653.0,44,0,0,1,Pedestrian
10,438.0,567.0,468.0,653.0,45,0,0,1,Pedestrian
10,438.0,567.0,468.0,653.0,46,0,0,1,Pedestrian
10,438.0,567.0,468.0,653.0,47,0,0,1,Pedestrian
10,438.0,567.0,468.0,657.0,48,0,0,1,Pedestrian
10,438.0,567.0,468.0,657.0,49,0,0,1,Pedestrian
10,438.0,567.0,468.0,657.0,50,0,0,1,Pedestrian
10,438.0,567.0,468.0,657.0,51,0,0,1,Pedestrian
10,438.0,567.0,468.0,657.0,52,0,0,1,Pedestrian
10,438.0,571.0,468.0,661.0,53,0,0,1,Pedestrian
10,438.0,571.0,466.0,661.0,54,0,0,1,Pedestrian
10,438.0,571.0,466.0,661.0,55,0,0,1,Pedestrian
10,438.0,571.0,466.0,661.0,56,0,0,1,Pedestrian
10,438.0,571.0,466.0,661.0,57,0,0,1,Pedestrian
10,438.0,571.0,466.0,661.0,58,0,0,1,Pedestrian
10,438.0,571.0,466.0,665.0,59,0,0,1,Pedestrian
10,438.0,571.0,466.0,665.0,60,0,0,1,Pedestrian
10,438.0,571.0,466.0,665.0,61,0,0,1,Pedestrian
10,438.0,571.0,466.0,665.0,62,0,0,1,Pedestrian
10,438.0,571.0,466.0,665.0,63,0,0,1,Pedestrian
10,438.0,575.0,466.0,669.0,64,0,0,1,Pedestrian
10,438.0,575.0,466.0,669.0,65,0,0,1,Pedestrian
10,438.0,575.0,466.0,669.0,66,0,0,1,Pedestrian
10,438.0,575.0,466.0,669.0,67,0,0,1,Pedestrian
10,438.0,575.0,466.0,669.0,68,0,0,1,Pedestrian
10,438.0,575.0,466.0,673.0,69,0,0,1,Pedestrian
10,438.0,575.0,466.0,673.0,70,0,0,1,Pedestrian
10,438.0,575.0,466.0,673.0,71,0,0,1,Pedestrian
10,438.0,575.0,466.0,673.0,72,0,0,1,Pedestrian
10,438.0,575.0,466.0,673.0,73,0,0,1,Pedestrian
10,438.0,579.0,466.0,677.0,74,0,0,0,Pedestrian
10,438.0,575.0,466.0,673.0,75,0,0,1,Pedestrian
10,438.0,575.0,466.0,673.0,76,0,0,1,Pedestrian
10,438.0,575.0,466.0,673.0,77,0,0,1,Pedestrian
10,438.0,575.0,466.0,673.0,78,0,0,1,Pedestrian
10,438.0,575.0,466.0,673.0,79,0,0,1,Pedestrian
10,438.0,571.0,466.0,669.0,80,0,0,1,Pedestrian
10,438.0,571.0,466.0,669.0,81,0,0,1,Pedestrian
10,438.0,571.0,466.0,669.0,82,0,0,1,Pedestrian
10,438.0,571.0,466.0,669.0,83,0,0,1,Pedestrian
10,438.0,571.0,466.0,669.0,84,0,0,1,Pedestrian
10,438.0,567.0,466.0,665.0,85,0,0,1,Pedestrian
10,438.0,567.0,466.0,665.0,86,0,0,1,Pedestrian
10,438.0,567.0,466.0,665.0,87,0,0,1,Pedestrian
10,438.0,567.0,466.0,665.0,88,0,0,1,Pedestrian
10,438.0,567.0,466.0,665.0,89,0,0,1,Pedestrian
10,438.0,563.0,466.0,661.0,90,0,0,1,Pedestrian
10,438.0,563.0,466.0,661.0,91,0,0,1,Pedestrian
10,438.0,563.0,466.0,661.0,92,0,0,1,Pedestrian
10,438.0,563.0,466.0,661.0,93,0,0,1,Pedestrian
10,438.0,563.0,466.0,661.0,94,0,0,1,Pedestrian
10,438.0,559.0,466.0,657.0,95,0,0,1,Pedestrian
10,438.0,559.0,466.0,657.0,96,0,0,1,Pedestrian
10,438.0,559.0,466.0,657.0,97,0,0,1,Pedestrian
10,438.0,559.0,466.0,657.0,98,0,0,1,Pedestrian
10,438.0,559.0,466.0,657.0,99,0,0,1,Pedestrian
10,438.0,555.0,466.0,653.0,100,0,0,1,Pedestrian
10,438.0,555.0,466.0,653.0,101,0,0,1,Pedestrian
10,438.0,555.0,466.0,653.0,102,0,0,1,Pedestrian
10,438.0,555.0,466.0,653.0,103,0,0,1,Pedestrian
10,438.0,555.0,466.0,653.0,104,0,0,1,Pedestrian
10,438.0,550.0,466.0,648.0,105,0,0,1,Pedestrian
10,438.0,550.0,466.0,648.0,106,0,0,1,Pedestrian
10,438.0,550.0,466.0,648.0,107,0,0,1,Pedestrian
10,438.0,550.0,466.0,648.0,108,0,0,1,Pedestrian
10,438.0,550.0,466.0,648.0,109,0,0,1,Pedestrian
10,438.0,546.0,466.0,644.0,110,0,0,1,Pedestrian
10,438.0,546.0,466.0,644.0,111,0,0,1,Pedestrian
10,438.0,546.0,466.0,644.0,112,0,0,1,Pedestrian
10,438.0,546.0,466.0,644.0,113,0,0,1,Pedestrian
10,438.0,546.0,466.0,644.0,114,0,0,1,Pedestrian
10,438.0,546.0,466.0,644.0,115,0,0,0,Pedestrian
10,438.0,546.0,466.0,644.0,116,0,0,1,Pedestrian
10,438.0,546.0,466.0,644.0,117,0,0,1,Pedestrian
10,438.0,546.0,466.0,644.0,118,0,0,1,Pedestrian
10,438.0,546.0,466.0,644.0,119,0,0,1,Pedestrian
10,438.0,546.0,466.0,644.0,120,0,0,1,Pedestrian
10,438.0,546.0,466.0,644.0,121,0,0,1,Pedestrian
10,438.0,546.0,466.0,644.0,122,0,0,1,Pedestrian
10,438.0,546.0,466.0,644.0,123,0,0,1,Pedestrian
10,438.0,550.0,466.0,648.0,124,0,0,1,Pedestrian
10,438.0,550.0,466.0,648.0,125,0,0,1,Pedestrian
10,438.0,550.0,466.0,648.0,126,0,0,1,Pedestrian
10,438.0,550.0,466.0,648.0,127,0,0,1,Pedestrian
10,438.0,550.0,466.0,648.0,128,0,0,1,Pedestrian
10,438.0,550.0,466.0,648.0,129,0,0,1,Pedestrian
10,438.0,550.0,466.0,648.0,130,0,0,1,Pedestrian
10,438.0,550.0,466.0,648.0,131,0,0,1,Pedestrian
10,438.0,555.0,466.0,653.0,132,0,0,1,Pedestrian
10,438.0,555.0,466.0,653.0,133,0,0,1,Pedestrian
10,438.0,555.0,466.0,653.0,134,0,0,1,Pedestrian
10,438.0,555.0,466.0,653.0,135,0,0,1,Pedestrian
10,438.0,555.0,466.0,653.0,136,0,0,1,Pedestrian
10,438.0,555.0,466.0,653.0,137,0,0,1,Pedestrian
10,438.0,555.0,466.0,653.0,138,0,0,1,Pedestrian
10,438.0,555.0,466.0,653.0,139,0,0,1,Pedestrian
10,438.0,555.0,466.0,653.0,140,0,0,1,Pedestrian
10,438.0,559.0,466.0,657.0,141,0,0,1,Pedestrian
10,438.0,559.0,466.0,657.0,142,0,0,1,Pedestrian
10,438.0,559.0,466.0,657.0,143,0,0,1,Pedestrian
10,438.0,559.0,466.0,657.0,144,0,0,1,Pedestrian
10,438.0,559.0,466.0,657.0,145,0,0,1,Pedestrian
10,438.0,559.0,466.0,657.0,146,0,0,1,Pedestrian
10,438.0,559.0,466.0,657.0,147,0,0,1,Pedestrian
10,438.0,559.0,466.0,657.0,148,0,0,1,Pedestrian
10,438.0,563.0,466.0,661.0,149,0,0,1,Pedestrian
10,438.0,563.0,466.0,661.0,150,0,0,1,Pedestrian
10,438.0,563.0,466.0,661.0,151,0,0,1,Pedestrian
10,438.0,563.0,466.0,661.0,152,0,0,1,Pedestrian
10,438.0,563.0,466.0,661.0,153,0,0,1,Pedestrian
10,438.0,563.0,466.0,661.0,154,0,0,1,Pedestrian
10,438.0,563.0,466.0,661.0,155,0,0,1,Pedestrian
10,438.0,563.0,466.0,661.0,156,0,0,1,Pedestrian
10,438.0,567.0,466.0,665.0,157,0,0,1,Pedestrian
10,438.0,567.0,466.0,665.0,158,0,0,1,Pedestrian
10,438.0,567.0,466.0,665.0,159,0,0,1,Pedestrian
10,438.0,567.0,466.0,665.0,160,0,0,1,Pedestrian
10,438.0,567.0,466.0,665.0,161,0,0,1,Pedestrian
10,438.0,567.0,466.0,665.0,162,0,0,1,Pedestrian
10,438.0,567.0,466.0,665.0,163,0,0,1,Pedestrian
10,438.0,567.0,466.0,665.0,164,0,0,1,Pedestrian
10,438.0,567.0,466.0,665.0,165,0,0,1,Pedestrian
10,438.0,571.0,466.0,669.0,166,0,0,1,Pedestrian
10,438.0,571.0,466.0,669.0,167,0,0,1,Pedestrian
10,438.0,571.0,466.0,669.0,168,0,0,1,Pedestrian
10,438.0,571.0,466.0,669.0,169,0,0,1,Pedestrian
10,438.0,571.0,466.0,669.0,170,0,0,1,Pedestrian
10,438.0,571.0,466.0,669.0,171,0,0,1,Pedestrian
10,438.0,571.0,466.0,669.0,172,0,0,1,Pedestrian
10,438.0,571.0,466.0,669.0,173,0,0,1,Pedestrian
10,438.0,575.0,466.0,673.0,174,0,0,1,Pedestrian
10,438.0,575.0,466.0,673.0,175,0,0,1,Pedestrian
10,438.0,575.0,466.0,673.0,176,0,0,1,Pedestrian
10,438.0,575.0,466.0,673.0,177,0,0,1,Pedestrian
10,438.0,575.0,466.0,673.0,178,0,0,1,Pedestrian
10,438.0,575.0,466.0,673.0,179,0,0,1,Pedestrian
10,438.0,575.0,466.0,673.0,180,0,0,1,Pedestrian
10,438.0,575.0,466.0,673.0,181,0,0,1,Pedestrian
10,438.0,575.0,466.0,673.0,182,0,0,1,Pedestrian
10,438.0,579.0,466.0,677.0,183,0,0,1,Pedestrian
10,438.0,579.0,466.0,677.0,184,0,0,1,Pedestrian
10,438.0,579.0,466.0,677.0,185,0,0,1,Pedestrian
10,438.0,579.0,466.0,677.0,186,0,0,1,Pedestrian
10,438.0,579.0,466.0,677.0,187,0,0,1,Pedestrian
10,438.0,579.0,466.0,677.0,188,0,0,1,Pedestrian
10,438.0,579.0,466.0,677.0,189,0,0,1,Pedestrian
10,438.0,579.0,466.0,677.0,190,0,0,1,Pedestrian
10,438.0,583.0,466.0,681.0,191,0,0,1,Pedestrian
10,438.0,583.0,466.0,681.0,192,0,0,1,Pedestrian
10,438.0,583.0,466.0,681.0,193,0,0,1,Pedestrian
10,438.0,583.0,466.0,681.0,194,0,0,1,Pedestrian
10,438.0,583.0,466.0,681.0,195,0,0,1,Pedestrian
10,438.0,583.0,466.0,681.0,196,0,0,1,Pedestrian
10,438.0,583.0,466.0,681.0,197,0,0,1,Pedestrian
10,438.0,583.0,466.0,681.0,198,0,0,1,Pedestrian
10,438.0,587.0,466.0,685.0,199,0,0,0,Pedestrian
10,436.0,587.0,464.0,685.0,200,0,0,1,Pedestrian
10,436.0,587.0,464.0,685.0,201,0,0,1,Pedestrian
10,436.0,587.0,464.0,685.0,202,0,0,1,Pedestrian
10,436.0,587.0,464.0,685.0,203,0,0,1,Pedestrian
10,436.0,587.0,464.0,685.0,204,0,0,1,Pedestrian
10,436.0,587.0,464.0,685.0,205,0,0,1,Pedestrian
10,436.0,587.0,464.0,685.0,206,0,0,1,Pedestrian
10,436.0,587.0,464.0,685.0,207,0,0,1,Pedestrian
10,436.0,587.0,464.0,685.0,208,0,0,1,Pedestrian
10,436.0,587.0,464.0,685.0,209,0,0,1,Pedestrian
10,436.0,587.0,464.0,685.0,210,0,0,1,Pedestrian
10,436.0,587.0,464.0,685.0,211,0,0,1,Pedestrian
10,436.0,587.0,464.0,685.0,212,0,0,1,Pedestrian
10,436.0,587.0,464.0,685.0,213,0,0,1,Pedestrian
10,436.0,587.0,464.0,685.0,214,0,0,1,Pedestrian
10,436.0,587.0,464.0,685.0,215,0,0,1,Pedestrian
10,436.0,587.0,464.0,685.0,216,0,0,1,Pedestrian
10,436.0,587.0,464.0,685.0,217,0,0,1,Pedestrian
10,436.0,587.0,464.0,685.0,218,0,0,1,Pedestrian
10,436.0,587.0,464.0,685.0,219,0,0,1,Pedestrian
10,436.0,587.0,464.0,685.0,220,0,0,1,Pedestrian
10,436.0,587.0,464.0,685.0,221,0,0,1,Pedestrian
10,436.0,587.0,464.0,685.0,222,0,0,1,Pedestrian
10,436.0,587.0,464.0,685.0,223,0,0,1,Pedestrian
10,436.0,587.0,464.0,685.0,224,0,0,1,Pedestrian
10,436.0,587.0,464.0,685.0,225,0,0,1,Pedestrian
10,436.0,587.0,464.0,685.0,226,0,0,1,Pedestrian
10,436.0,587.0,464.0,685.0,227,0,0,1,Pedestrian
10,436.0,587.0,464.0,685.0,228,0,0,1,Pedestrian
10,436.0,587.0,464.0,685.0,229,0,0,1,Pedestrian
10,436.0,587.0,464.0,685.0,230,0,0,1,Pedestrian
10,436.0,587.0,464.0,685.0,231,0,0,1,Pedestrian
10,436.0,587.0,464.0,685.0,232,0,0,1,Pedestrian
10,436.0,587.0,464.0,685.0,233,0,0,1,Pedestrian
10,436.0,587.0,464.0,685.0,234,0,0,1,Pedestrian
10,436.0,587.0,464.0,685.0,235,0,0,1,Pedestrian
10,436.0,587.0,464.0,685.0,236,0,0,1,Pedestrian
10,436.0,587.0,464.0,685.0,237,0,0,1,Pedestrian
10,436.0,587.0,464.0,685.0,238,0,0,1,Pedestrian
10,436.0,587.0,464.0,685.0,239,0,0,1,Pedestrian
10,436.0,587.0,464.0,685.0,240,0,0,1,Pedestrian
10,436.0,587.0,464.0,685.0,241,0,0,1,Pedestrian
10,436.0,587.0,464.0,685.0,242,0,0,1,Pedestrian
10,436.0,591.0,464.0,689.0,243,0,0,1,Pedestrian
10,436.0,591.0,464.0,689.0,244,0,0,1,Pedestrian
10,436.0,591.0,464.0,689.0,245,0,0,1,Pedestrian
10,436.0,591.0,464.0,689.0,246,0,0,1,Pedestrian
10,436.0,591.0,464.0,689.0,247,0,0,1,Pedestrian
10,436.0,591.0,464.0,689.0,248,0,0,1,Pedestrian
10,436.0,591.0,464.0,689.0,249,0,0,1,Pedestrian
10,436.0,591.0,464.0,689.0,250,0,0,1,Pedestrian
10,436.0,591.0,464.0,689.0,251,0,0,1,Pedestrian
10,436.0,591.0,464.0,689.0,252,0,0,1,Pedestrian
10,436.0,591.0,464.0,689.0,253,0,0,1,Pedestrian
10,436.0,591.0,464.0,689.0,254,0,0,1,Pedestrian
10,436.0,591.0,464.0,689.0,255,0,0,1,Pedestrian
10,436.0,591.0,464.0,689.0,256,0,0,1,Pedestrian
10,436.0,591.0,464.0,689.0,257,0,0,1,Pedestrian
10,436.0,591.0,464.0,689.0,258,0,0,1,Pedestrian
10,436.0,591.0,464.0,689.0,259,0,0,1,Pedestrian
10,436.0,591.0,464.0,689.0,260,0,0,1,Pedestrian
10,436.0,591.0,464.0,689.0,261,0,0,1,Pedestrian
10,436.0,591.0,464.0,689.0,262,0,0,1,Pedestrian
10,436.0,591.0,464.0,689.0,263,0,0,1,Pedestrian
10,436.0,591.0,464.0,689.0,264,0,0,1,Pedestrian
10,436.0,591.0,464.0,689.0,265,0,0,1,Pedestrian
10,436.0,591.0,464.0,689.0,266,0,0,1,Pedestrian
10,436.0,591.0,464.0,689.0,267,0,0,1,Pedestrian
10,436.0,591.0,464.0,689.0,268,0,0,1,Pedestrian
10,436.0,591.0,464.0,689.0,269,0,0,1,Pedestrian
10,436.0,591.0,464.0,689.0,270,0,0,1,Pedestrian
10,436.0,591.0,464.0,689.0,271,0,0,1,Pedestrian
10,436.0,591.0,464.0,689.0,272,0,0,1,Pedestrian
10,436.0,591.0,464.0,689.0,273,0,0,1,Pedestrian
10,436.0,591.0,464.0,689.0,274,0,0,1,Pedestrian
10,436.0,591.0,464.0,689.0,275,0,0,1,Pedestrian
10,436.0,591.0,464.0,689.0,276,0,0,1,Pedestrian
10,436.0,591.0,464.0,689.0,277,0,0,1,Pedestrian
10,436.0,591.0,464.0,689.0,278,0,0,1,Pedestrian
10,436.0,591.0,464.0,689.0,279,0,0,1,Pedestrian
10,436.0,591.0,464.0,689.0,280,0,0,1,Pedestrian
10,436.0,591.0,464.0,689.0,281,0,0,1,Pedestrian
10,436.0,591.0,464.0,689.0,282,0,0,1,Pedestrian
10,436.0,591.0,464.0,689.0,283,0,0,1,Pedestrian
10,436.0,591.0,464.0,689.0,284,0,0,1,Pedestrian
10,436.0,591.0,464.0,689.0,285,0,0,1,Pedestrian
10,436.0,595.0,464.0,693.0,286,0,0,1,Pedestrian
10,436.0,595.0,464.0,693.0,287,0,0,1,Pedestrian
10,436.0,595.0,464.0,693.0,288,0,0,1,Pedestrian
10,436.0,595.0,464.0,693.0,289,0,0,1,Pedestrian
10,436.0,595.0,464.0,693.0,290,0,0,1,Pedestrian
10,436.0,595.0,464.0,693.0,291,0,0,1,Pedestrian
10,436.0,595.0,464.0,693.0,292,0,0,1,Pedestrian
10,436.0,595.0,464.0,693.0,293,0,0,1,Pedestrian
10,436.0,595.0,464.0,693.0,294,0,0,1,Pedestrian
10,436.0,595.0,464.0,693.0,295,0,0,1,Pedestrian
10,436.0,595.0,464.0,693.0,296,0,0,1,Pedestrian
10,436.0,595.0,464.0,693.0,297,0,0,1,Pedestrian
10,436.0,595.0,464.0,693.0,298,0,0,1,Pedestrian
10,436.0,595.0,464.0,693.0,299,0,0,1,Pedestrian
10,436.0,595.0,464.0,693.0,300,0,0,1,Pedestrian
10,436.0,595.0,464.0,693.0,301,0,0,1,Pedestrian
10,436.0,595.0,464.0,693.0,302,0,0,1,Pedestrian
10,436.0,595.0,464.0,693.0,303,0,0,1,Pedestrian
10,436.0,595.0,464.0,693.0,304,0,0,1,Pedestrian
10,436.0,595.0,464.0,693.0,305,0,0,1,Pedestrian
10,436.0,595.0,464.0,693.0,306,0,0,1,Pedestrian
10,436.0,595.0,464.0,693.0,307,0,0,1,Pedestrian
10,436.0,595.0,464.0,693.0,308,0,0,1,Pedestrian
10,436.0,595.0,464.0,693.0,309,0,0,1,Pedestrian
10,436.0,595.0,464.0,693.0,310,0,0,1,Pedestrian
10,436.0,595.0,464.0,693.0,311,0,0,1,Pedestrian
10,436.0,595.0,464.0,693.0,312,0,0,1,Pedestrian
10,436.0,595.0,464.0,693.0,313,0,0,1,Pedestrian
10,436.0,595.0,464.0,693.0,314,0,0,1,Pedestrian
10,436.0,595.0,464.0,693.0,315,0,0,1,Pedestrian
10,436.0,595.0,464.0,693.0,316,0,0,1,Pedestrian
10,436.0,595.0,464.0,693.0,317,0,0,1,Pedestrian
10,436.0,595.0,464.0,693.0,318,0,0,1,Pedestrian
10,436.0,595.0,464.0,693.0,319,0,0,1,Pedestrian
10,436.0,595.0,464.0,693.0,320,0,0,1,Pedestrian
10,436.0,595.0,464.0,693.0,321,0,0,1,Pedestrian
10,436.0,595.0,464.0,693.0,322,0,0,1,Pedestrian
10,436.0,595.0,464.0,693.0,323,0,0,1,Pedestrian
10,436.0,595.0,464.0,693.0,324,0,0,1,Pedestrian
10,436.0,595.0,464.0,693.0,325,0,0,1,Pedestrian
10,436.0,595.0,464.0,693.0,326,0,0,1,Pedestrian
10,436.0,595.0,464.0,693.0,327,0,0,1,Pedestrian
10,436.0,595.0,464.0,693.0,328,0,0,1,Pedestrian
10,436.0,599.0,464.0,697.0,329,0,0,0,Pedestrian
10,436.0,595.0,464.0,693.0,330,0,0,1,Pedestrian
10,436.0,595.0,464.0,693.0,331,0,0,1,Pedestrian
10,436.0,595.0,464.0,693.0,332,0,0,1,Pedestrian
10,436.0,595.0,464.0,693.0,333,0,0,1,Pedestrian
10,436.0,595.0,464.0,693.0,334,0,0,1,Pedestrian
10,436.0,595.0,464.0,693.0,335,0,0,1,Pedestrian
10,436.0,595.0,464.0,693.0,336,0,0,1,Pedestrian
10,436.0,595.0,464.0,693.0,337,0,0,1,Pedestrian
10,436.0,595.0,464.0,693.0,338,0,0,1,Pedestrian
10,436.0,595.0,464.0,693.0,339,0,0,1,Pedestrian
10,436.0,595.0,464.0,693.0,340,0,0,1,Pedestrian
10,436.0,595.0,464.0,693.0,341,0,0,1,Pedestrian
10,436.0,595.0,464.0,693.0,342,0,0,1,Pedestrian
10,436.0,595.0,464.0,693.0,343,0,0,1,Pedestrian
10,436.0,595.0,464.0,693.0,344,0,0,1,Pedestrian
10,436.0,595.0,464.0,693.0,345,0,0,1,Pedestrian
10,436.0,595.0,464.0,693.0,346,0,0,1,Pedestrian
10,436.0,595.0,464.0,693.0,347,0,0,1,Pedestrian
10,436.0,595.0,464.0,693.0,348,0,0,1,Pedestrian
10,436.0,595.0,464.0,693.0,349,0,0,1,Pedestrian
10,436.0,591.0,464.0,689.0,350,0,0,1,Pedestrian
10,436.0,591.0,464.0,689.0,351,0,0,1,Pedestrian
10,436.0,591.0,464.0,689.0,352,0,0,1,Pedestrian
10,436.0,591.0,464.0,689.0,353,0,0,1,Pedestrian
10,436.0,591.0,464.0,689.0,354,0,0,1,Pedestrian
10,436.0,591.0,464.0,689.0,355,0,0,1,Pedestrian
10,436.0,591.0,464.0,689.0,356,0,0,1,Pedestrian
10,436.0,591.0,464.0,689.0,357,0,0,1,Pedestrian
10,436.0,591.0,464.0,689.0,358,0,0,1,Pedestrian
10,436.0,591.0,464.0,689.0,359,0,0,1,Pedestrian
10,436.0,591.0,464.0,689.0,360,0,0,1,Pedestrian
10,436.0,591.0,464.0,689.0,361,0,0,1,Pedestrian
10,436.0,591.0,464.0,689.0,362,0,0,1,Pedestrian
10,436.0,591.0,464.0,689.0,363,0,0,1,Pedestrian
10,436.0,591.0,464.0,689.0,364,0,0,1,Pedestrian
10,436.0,591.0,464.0,689.0,365,0,0,1,Pedestrian
10,436.0,591.0,464.0,689.0,366,0,0,1,Pedestrian
10,436.0,591.0,464.0,689.0,367,0,0,1,Pedestrian
10,436.0,591.0,464.0,689.0,368,0,0,1,Pedestrian
10,436.0,591.0,464.0,689.0,369,0,0,1,Pedestrian
10,436.0,587.0,464.0,685.0,370,0,0,1,Pedestrian
10,436.0,587.0,464.0,685.0,371,0,0,1,Pedestrian
10,436.0,587.0,464.0,685.0,372,0,0,1,Pedestrian
10,436.0,587.0,464.0,685.0,373,0,0,1,Pedestrian
10,436.0,587.0,464.0,685.0,374,0,0,1,Pedestrian
10,436.0,587.0,464.0,685.0,375,0,0,1,Pedestrian
10,436.0,587.0,464.0,685.0,376,0,0,1,Pedestrian
10,436.0,587.0,464.0,685.0,377,0,0,1,Pedestrian
10,436.0,587.0,464.0,685.0,378,0,0,1,Pedestrian
10,436.0,587.0,464.0,685.0,379,0,0,1,Pedestrian
10,436.0,587.0,464.0,685.0,380,0,0,1,Pedestrian
10,436.0,587.0,464.0,685.0,381,0,0,1,Pedestrian
10,436.0,587.0,464.0,685.0,382,0,0,1,Pedestrian
10,436.0,587.0,464.0,685.0,383,0,0,1,Pedestrian
10,436.0,587.0,464.0,685.0,384,0,0,1,Pedestrian
10,436.0,587.0,464.0,685.0,385,0,0,1,Pedestrian
10,436.0,587.0,464.0,685.0,386,0,0,1,Pedestrian
10,436.0,587.0,464.0,685.0,387,0,0,1,Pedestrian
10,436.0,587.0,464.0,685.0,388,0,0,1,Pedestrian
10,436.0,587.0,464.0,685.0,389,0,0,1,Pedestrian
10,436.0,583.0,464.0,681.0,390,0,0,1,Pedestrian
10,436.0,583.0,464.0,681.0,391,0,0,1,Pedestrian
10,436.0,583.0,464.0,681.0,392,0,0,1,Pedestrian
10,436.0,583.0,464.0,681.0,393,0,0,1,Pedestrian
10,436.0,583.0,464.0,681.0,394,0,0,1,Pedestrian
10,436.0,583.0,464.0,681.0,395,0,0,1,Pedestrian
10,436.0,583.0,464.0,681.0,396,0,0,1,Pedestrian
10,436.0,583.0,464.0,681.0,397,0,0,1,Pedestrian
10,436.0,583.0,464.0,681.0,398,0,0,1,Pedestrian
10,436.0,583.0,464.0,681.0,399,0,0,1,Pedestrian
10,436.0,583.0,464.0,681.0,400,0,0,1,Pedestrian
10,436.0,583.0,464.0,681.0,401,0,0,1,Pedestrian
10,436.0,583.0,464.0,681.0,402,0,0,1,Pedestrian
10,436.0,583.0,464.0,681.0,403,0,0,1,Pedestrian
10,436.0,583.0,464.0,681.0,404,0,0,1,Pedestrian
10,436.0,583.0,464.0,681.0,405,0,0,1,Pedestrian
10,436.0,583.0,464.0,681.0,406,0,0,1,Pedestrian
10,436.0,583.0,464.0,681.0,407,0,0,1,Pedestrian
10,436.0,583.0,464.0,681.0,408,0,0,1,Pedestrian
10,436.0,583.0,464.0,681.0,409,0,0,1,Pedestrian
10,436.0,579.0,464.0,677.0,410,0,0,1,Pedestrian
10,436.0,579.0,464.0,677.0,411,0,0,1,Pedestrian
10,436.0,579.0,464.0,677.0,412,0,0,1,Pedestrian
10,436.0,579.0,464.0,677.0,413,0,0,1,Pedestrian
10,436.0,579.0,464.0,677.0,414,0,0,1,Pedestrian
10,436.0,579.0,464.0,677.0,415,0,0,1,Pedestrian
10,436.0,579.0,464.0,677.0,416,0,0,1,Pedestrian
10,436.0,579.0,464.0,677.0,417,0,0,1,Pedestrian
10,436.0,579.0,464.0,677.0,418,0,0,1,Pedestrian
10,436.0,579.0,464.0,677.0,419,0,0,1,Pedestrian
10,436.0,579.0,464.0,677.0,420,0,0,1,Pedestrian
10,436.0,579.0,464.0,677.0,421,0,0,1,Pedestrian
10,436.0,579.0,464.0,677.0,422,0,0,1,Pedestrian
10,436.0,579.0,464.0,677.0,423,0,0,1,Pedestrian
10,436.0,579.0,464.0,677.0,424,0,0,1,Pedestrian
10,436.0,579.0,464.0,677.0,425,0,0,1,Pedestrian
10,436.0,579.0,464.0,677.0,426,0,0,1,Pedestrian
10,436.0,579.0,464.0,677.0,427,0,0,1,Pedestrian
10,436.0,579.0,464.0,677.0,428,0,0,1,Pedestrian
10,436.0,579.0,464.0,677.0,429,0,0,1,Pedestrian
10,438.0,579.0,466.0,677.0,430,0,0,0,Pedestrian
11,626.0,1403.0,664.0,1465.0,0,0,0,0,Pedestrian
11,626.0,1403.0,664.0,1465.0,1,0,0,1,Pedestrian
11,626.0,1403.0,664.0,1465.0,2,0,0,1,Pedestrian
11,626.0,1403.0,664.0,1465.0,3,0,0,1,Pedestrian
11,626.0,1403.0,664.0,1465.0,4,0,0,1,Pedestrian
11,626.0,1403.0,664.0,1465.0,5,0,0,1,Pedestrian
11,626.0,1403.0,664.0,1465.0,6,0,0,1,Pedestrian
11,626.0,1403.0,664.0,1465.0,7,0,0,1,Pedestrian
11,626.0,1403.0,664.0,1465.0,8,0,0,0,Pedestrian
11,626.0,1403.0,664.0,1465.0,9,0,0,1,Pedestrian
11,626.0,1403.0,664.0,1465.0,10,0,0,1,Pedestrian
11,626.0,1403.0,664.0,1465.0,11,0,0,0,Pedestrian
11,624.0,1399.0,662.0,1461.0,12,0,0,1,Pedestrian
11,622.0,1399.0,660.0,1461.0,13,0,0,1,Pedestrian
11,622.0,1399.0,660.0,1461.0,14,0,0,1,Pedestrian
11,620.0,1399.0,658.0,1461.0,15,0,0,1,Pedestrian
11,620.0,1399.0,656.0,1461.0,16,0,0,1,Pedestrian
11,618.0,1399.0,656.0,1461.0,17,0,0,1,Pedestrian
11,616.0,1399.0,654.0,1461.0,18,0,0,1,Pedestrian
11,616.0,1399.0,654.0,1461.0,19,0,0,1,Pedestrian
11,614.0,1399.0,652.0,1457.0,20,0,0,1,Pedestrian
11,614.0,1399.0,650.0,1457.0,21,0,0,1,Pedestrian
11,612.0,1395.0,650.0,1457.0,22,0,0,1,Pedestrian
11,610.0,1395.0,648.0,1457.0,23,0,0,1,Pedestrian
11,610.0,1395.0,646.0,1457.0,24,0,0,1,Pedestrian
11,608.0,1395.0,646.0,1457.0,25,0,0,1,Pedestrian
11,608.0,1395.0,644.0,1457.0,26,0,0,1,Pedestrian
11,606.0,1395.0,644.0,1457.0,27,0,0,1,Pedestrian
11,604.0,1395.0,642.0,1452.0,28,0,0,1,Pedestrian
11,604.0,1395.0,640.0,1452.0,29,0,0,1,Pedestrian
11,602.0,1395.0,640.0,1452.0,30,0,0,1,Pedestrian
11,602.0,1395.0,638.0,1452.0,31,0,0,1,Pedestrian
11,600.0,1395.0,636.0,1452.0,32,0,0,1,Pedestrian
11,598.0,1391.0,636.0,1452.0,33,0,0,1,Pedestrian
11,598.0,1391.0,634.0,1452.0,34,0,0,1,Pedestrian
11,596.0,1391.0,634.0,1452.0,35,0,0,1,Pedestrian
11,596.0,1391.0,632.0,1448.0,36,0,0,1,Pedestrian
11,594.0,1391.0,630.0,1448.0,37,0,0,1,Pedestrian
11,592.0,1391.0,630.0,1448.0,38,0,0,1,Pedestrian
11,592.0,1391.0,628.0,1448.0,39,0,0,1,Pedestrian
11,590.0,1391.0,626.0,1448.0,40,0,0,1,Pedestrian
11,590.0,1391.0,626.0,1448.0,41,0,0,1,Pedestrian
11,588.0,1391.0,624.0,1448.0,42,0,0,1,Pedestrian
11,588.0,1391.0,624.0,1448.0,43,0,0,0,Pedestrian
11,586.0,1391.0,622.0,1448.0,44,0,0,1,Pedestrian
11,584.0,1391.0,620.0,1448.0,45,0,0,1,Pedestrian
11,584.0,1391.0,620.0,1448.0,46,0,0,1,Pedestrian
11,582.0,1391.0,618.0,1448.0,47,0,0,1,Pedestrian
11,580.0,1391.0,616.0,1448.0,48,0,0,1,Pedestrian
11,580.0,1391.0,616.0,1448.0,49,0,0,1,Pedestrian
11,578.0,1391.0,614.0,1448.0,50,0,0,1,Pedestrian
11,578.0,1391.0,614.0,1448.0,51,0,0,1,Pedestrian
11,576.0,1391.0,612.0,1448.0,52,0,0,1,Pedestrian
11,574.0,1391.0,610.0,1448.0,53,0,0,1,Pedestrian
11,574.0,1391.0,610.0,1448.0,54,0,0,1,Pedestrian
11,572.0,1391.0,608.0,1448.0,55,0,0,1,Pedestrian
11,572.0,1391.0,608.0,1448.0,56,0,0,1,Pedestrian
11,570.0,1391.0,606.0,1448.0,57,0,0,1,Pedestrian
11,568.0,1391.0,604.0,1448.0,58,0,0,1,Pedestrian
11,568.0,1391.0,604.0,1448.0,59,0,0,1,Pedestrian
11,566.0,1391.0,602.0,1448.0,60,0,0,1,Pedestrian
11,566.0,1391.0,602.0,1448.0,61,0,0,0,Pedestrian
11,566.0,1387.0,602.0,1444.0,62,0,0,1,Pedestrian
11,566.0,1387.0,602.0,1444.0,63,0,0,1,Pedestrian
11,566.0,1387.0,602.0,1444.0,64,0,0,1,Pedestrian
11,566.0,1387.0,602.0,1444.0,65,0,0,1,Pedestrian
11,566.0,1387.0,602.0,1444.0,66,0,0,1,Pedestrian
11,566.0,1387.0,602.0,1444.0,67,0,0,1,Pedestrian
11,566.0,1387.0,602.0,1444.0,68,0,0,1,Pedestrian
11,566.0,1387.0,602.0,1444.0,69,0,0,1,Pedestrian
11,566.0,1387.0,602.0,1444.0,70,0,0,1,Pedestrian
11,566.0,1387.0,602.0,1444.0,71,0,0,1,Pedestrian
11,568.0,1387.0,604.0,1444.0,72,0,0,1,Pedestrian
11,568.0,1387.0,604.0,1444.0,73,0,0,1,Pedestrian
11,568.0,1387.0,604.0,1444.0,74,0,0,1,Pedestrian
11,568.0,1387.0,604.0,1444.0,75,0,0,1,Pedestrian
11,568.0,1387.0,604.0,1444.0,76,0,0,1,Pedestrian
11,568.0,1387.0,604.0,1444.0,77,0,0,1,Pedestrian
11,568.0,1387.0,604.0,1444.0,78,0,0,1,Pedestrian
11,568.0,1387.0,604.0,1444.0,79,0,0,1,Pedestrian
11,568.0,1387.0,604.0,1444.0,80,0,0,1,Pedestrian
11,568.0,1387.0,604.0,1444.0,81,0,0,1,Pedestrian
11,568.0,1387.0,604.0,1444.0,82,0,0,1,Pedestrian
11,570.0,1387.0,606.0,1444.0,83,0,0,1,Pedestrian
11,570.0,1387.0,606.0,1444.0,84,0,0,1,Pedestrian
11,570.0,1383.0,606.0,1440.0,85,0,0,1,Pedestrian
11,570.0,1383.0,606.0,1440.0,86,0,0,1,Pedestrian
11,570.0,1383.0,606.0,1440.0,87,0,0,1,Pedestrian
11,570.0,1383.0,606.0,1440.0,88,0,0,1,Pedestrian
11,570.0,1383.0,606.0,1440.0,89,0,0,1,Pedestrian
11,570.0,1383.0,606.0,1440.0,90,0,0,1,Pedestrian
11,570.0,1383.0,606.0,1440.0,91,0,0,1,Pedestrian
11,570.0,1383.0,606.0,1440.0,92,0,0,1,Pedestrian
11,570.0,1383.0,606.0,1440.0,93,0,0,1,Pedestrian
11,572.0,1383.0,608.0,1440.0,94,0,0,1,Pedestrian
11,572.0,1383.0,608.0,1440.0,95,0,0,1,Pedestrian
11,572.0,1383.0,608.0,1440.0,96,0,0,1,Pedestrian
11,572.0,1383.0,608.0,1440.0,97,0,0,1,Pedestrian
11,572.0,1383.0,608.0,1440.0,98,0,0,1,Pedestrian
11,572.0,1383.0,608.0,1440.0,99,0,0,1,Pedestrian
11,572.0,1383.0,608.0,1440.0,100,0,0,1,Pedestrian
11,572.0,1383.0,608.0,1440.0,101,0,0,1,Pedestrian
11,572.0,1383.0,608.0,1440.0,102,0,0,1,Pedestrian
11,572.0,1383.0,608.0,1440.0,103,0,0,1,Pedestrian
11,574.0,1383.0,610.0,1440.0,104,0,0,1,Pedestrian
11,574.0,1383.0,610.0,1440.0,105,0,0,1,Pedestrian
11,574.0,1383.0,610.0,1440.0,106,0,0,1,Pedestrian
11,574.0,1383.0,610.0,1440.0,107,0,0,1,Pedestrian
11,574.0,1383.0,610.0,1440.0,108,0,0,1,Pedestrian
11,574.0,1379.0,610.0,1436.0,109,0,0,1,Pedestrian
11,574.0,1379.0,610.0,1436.0,110,0,0,1,Pedestrian
11,574.0,1379.0,610.0,1436.0,111,0,0,1,Pedestrian
11,574.0,1379.0,610.0,1436.0,112,0,0,1,Pedestrian
11,574.0,1379.0,610.0,1436.0,113,0,0,1,Pedestrian
11,574.0,1379.0,610.0,1436.0,114,0,0,1,Pedestrian
11,576.0,1379.0,612.0,1436.0,115,0,0,1,Pedestrian
11,576.0,1379.0,612.0,1436.0,116,0,0,1,Pedestrian
11,576.0,1379.0,612.0,1436.0,117,0,0,1,Pedestrian
11,576.0,1379.0,612.0,1436.0,118,0,0,1,Pedestrian
11,576.0,1379.0,612.0,1436.0,119,0,0,1,Pedestrian
11,576.0,1379.0,612.0,1436.0,120,0,0,1,Pedestrian
11,576.0,1379.0,612.0,1436.0,121,0,0,1,Pedestrian
11,576.0,1379.0,612.0,1436.0,122,0,0,1,Pedestrian
11,576.0,1379.0,612.0,1436.0,123,0,0,1,Pedestrian
11,576.0,1379.0,612.0,1436.0,124,0,0,1,Pedestrian
11,576.0,1379.0,612.0,1436.0,125,0,0,1,Pedestrian
11,578.0,1379.0,614.0,1436.0,126,0,0,1,Pedestrian
11,578.0,1379.0,614.0,1436.0,127,0,0,1,Pedestrian
11,578.0,1379.0,614.0,1436.0,128,0,0,1,Pedestrian
11,578.0,1379.0,614.0,1436.0,129,0,0,1,Pedestrian
11,578.0,1379.0,614.0,1436.0,130,0,0,1,Pedestrian
11,578.0,1379.0,614.0,1436.0,131,0,0,1,Pedestrian
11,578.0,1375.0,614.0,1432.0,132,0,0,1,Pedestrian
11,578.0,1375.0,614.0,1432.0,133,0,0,1,Pedestrian
11,578.0,1375.0,614.0,1432.0,134,0,0,1,Pedestrian
11,578.0,1375.0,614.0,1432.0,135,0,0,1,Pedestrian
11,578.0,1375.0,614.0,1432.0,136,0,0,1,Pedestrian
11,580.0,1375.0,616.0,1432.0,137,0,0,1,Pedestrian
11,580.0,1375.0,616.0,1432.0,138,0,0,1,Pedestrian
11,580.0,1375.0,616.0,1432.0,139,0,0,1,Pedestrian
11,580.0,1375.0,616.0,1432.0,140,0,0,1,Pedestrian
11,580.0,1375.0,616.0,1432.0,141,0,0,1,Pedestrian
11,580.0,1375.0,616.0,1432.0,142,0,0,1,Pedestrian
11,580.0,1375.0,616.0,1432.0,143,0,0,1,Pedestrian
11,580.0,1375.0,616.0,1432.0,144,0,0,1,Pedestrian
11,580.0,1375.0,616.0,1432.0,145,0,0,1,Pedestrian
11,580.0,1375.0,616.0,1432.0,146,0,0,1,Pedestrian
11,582.0,1375.0,618.0,1432.0,147,0,0,1,Pedestrian
11,582.0,1375.0,618.0,1432.0,148,0,0,1,Pedestrian
11,582.0,1375.0,618.0,1432.0,149,0,0,1,Pedestrian
11,582.0,1375.0,618.0,1432.0,150,0,0,1,Pedestrian
11,582.0,1375.0,618.0,1432.0,151,0,0,1,Pedestrian
11,582.0,1375.0,618.0,1432.0,152,0,0,1,Pedestrian
11,582.0,1375.0,618.0,1432.0,153,0,0,1,Pedestrian
11,582.0,1375.0,618.0,1432.0,154,0,0,1,Pedestrian
11,582.0,1375.0,618.0,1432.0,155,0,0,1,Pedestrian
11,582.0,1371.0,618.0,1428.0,156,0,0,1,Pedestrian
11,582.0,1371.0,618.0,1428.0,157,0,0,1,Pedestrian
11,584.0,1371.0,620.0,1428.0,158,0,0,1,Pedestrian
11,584.0,1371.0,620.0,1428.0,159,0,0,1,Pedestrian
11,584.0,1371.0,620.0,1428.0,160,0,0,1,Pedestrian
11,584.0,1371.0,620.0,1428.0,161,0,0,1,Pedestrian
11,584.0,1371.0,620.0,1428.0,162,0,0,1,Pedestrian
11,584.0,1371.0,620.0,1428.0,163,0,0,1,Pedestrian
11,584.0,1371.0,620.0,1428.0,164,0,0,1,Pedestrian
11,584.0,1371.0,620.0,1428.0,165,0,0,1,Pedestrian
11,584.0,1371.0,620.0,1428.0,166,0,0,1,Pedestrian
11,584.0,1371.0,620.0,1428.0,167,0,0,1,Pedestrian
11,584.0,1371.0,620.0,1428.0,168,0,0,1,Pedestrian
11,586.0,1371.0,622.0,1428.0,169,0,0,1,Pedestrian
11,586.0,1371.0,622.0,1428.0,170,0,0,1,Pedestrian
11,586.0,1371.0,622.0,1428.0,171,0,0,1,Pedestrian
11,586.0,1371.0,622.0,1428.0,172,0,0,1,Pedestrian
11,586.0,1371.0,622.0,1428.0,173,0,0,1,Pedestrian
11,586.0,1371.0,622.0,1428.0,174,0,0,1,Pedestrian
11,586.0,1371.0,622.0,1428.0,175,0,0,1,Pedestrian
11,586.0,1371.0,622.0,1428.0,176,0,0,1,Pedestrian
11,586.0,1371.0,622.0,1428.0,177,0,0,1,Pedestrian
11,586.0,1371.0,622.0,1428.0,178,0,0,1,Pedestrian
11,588.0,1371.0,624.0,1428.0,179,0,0,0,Pedestrian
11,586.0,1371.0,622.0,1428.0,180,0,0,1,Pedestrian
11,586.0,1371.0,622.0,1428.0,181,0,0,1,Pedestrian
11,584.0,1371.0,620.0,1428.0,182,0,0,1,Pedestrian
11,584.0,1371.0,620.0,1428.0,183,0,0,1,Pedestrian
11,584.0,1371.0,620.0,1428.0,184,0,0,1,Pedestrian
11,582.0,1371.0,618.0,1428.0,185,0,0,1,Pedestrian
11,582.0,1375.0,618.0,1432.0,186,0,0,1,Pedestrian
11,580.0,1375.0,616.0,1432.0,187,0,0,1,Pedestrian
11,580.0,1375.0,616.0,1432.0,188,0,0,1,Pedestrian
11,580.0,1375.0,616.0,1432.0,189,0,0,1,Pedestrian
11,578.0,1375.0,614.0,1432.0,190,0,0,1,Pedestrian
11,578.0,1375.0,614.0,1432.0,191,0,0,1,Pedestrian
11,578.0,1379.0,612.0,1436.0,192,0,0,1,Pedestrian
11,576.0,1379.0,612.0,1436.0,193,0,0,1,Pedestrian
11,576.0,1379.0,612.0,1436.0,194,0,0,1,Pedestrian
11,574.0,1379.0,610.0,1436.0,195,0,0,1,Pedestrian
11,574.0,1379.0,610.0,1436.0,196,0,0,1,Pedestrian
11,574.0,1379.0,608.0,1436.0,197,0,0,1,Pedestrian
11,572.0,1383.0,608.0,1440.0,198,0,0,1,Pedestrian
11,572.0,1383.0,608.0,1440.0,199,0,0,1,Pedestrian
11,572.0,1383.0,606.0,1440.0,200,0,0,1,Pedestrian
11,570.0,1383.0,606.0,1440.0,201,0,0,1,Pedestrian
11,570.0,1383.0,604.0,1440.0,202,0,0,1,Pedestrian
11,568.0,1383.0,604.0,1440.0,203,0,0,1,Pedestrian
11,568.0,1387.0,604.0,1444.0,204,0,0,1,Pedestrian
11,568.0,1387.0,602.0,1444.0,205,0,0,1,Pedestrian
11,566.0,1387.0,602.0,1444.0,206,0,0,1,Pedestrian
11,566.0,1387.0,600.0,1444.0,207,0,0,1,Pedestrian
11,564.0,1387.0,600.0,1444.0,208,0,0,1,Pedestrian
11,564.0,1387.0,600.0,1444.0,209,0,0,1,Pedestrian
11,564.0,1387.0,598.0,1444.0,210,0,0,1,Pedestrian
11,562.0,1391.0,598.0,1448.0,211,0,0,1,Pedestrian
11,562.0,1391.0,596.0,1448.0,212,0,0,1,Pedestrian
11,562.0,1391.0,596.0,1448.0,213,0,0,1,Pedestrian
11,560.0,1391.0,596.0,1448.0,214,0,0,1,Pedestrian
11,560.0,1391.0,594.0,1448.0,215,0,0,1,Pedestrian
11,558.0,1391.0,594.0,1448.0,216,0,0,1,Pedestrian
11,558.0,1395.0,592.0,1452.0,217,0,0,1,Pedestrian
11,558.0,1395.0,592.0,1452.0,218,0,0,1,Pedestrian
11,556.0,1395.0,592.0,1452.0,219,0,0,1,Pedestrian
11,556.0,1395.0,590.0,1452.0,220,0,0,1,Pedestrian
11,556.0,1395.0,590.0,1452.0,221,0,0,1,Pedestrian
11,554.0,1395.0,588.0,1452.0,222,0,0,1,Pedestrian
11,554.0,1399.0,588.0,1457.0,223,0,0,1,Pedestrian
11,552.0,1399.0,588.0,1457.0,224,0,0,1,Pedestrian
11,552.0,1399.0,586.0,1457.0,225,0,0,1,Pedestrian
11,552.0,1399.0,586.0,1457.0,226,0,0,1,Pedestrian
11,550.0,1399.0,584.0,1457.0,227,0,0,1,Pedestrian
11,550.0,1399.0,584.0,1457.0,228,0,0,1,Pedestrian
11,550.0,1403.0,584.0,1461.0,229,0,0,0,Pedestrian
11,550.0,1399.0,584.0,1457.0,230,0,0,1,Pedestrian
11,550.0,1399.0,584.0,1457.0,231,0,0,1,Pedestrian
11,550.0,1399.0,584.0,1457.0,232,0,0,1,Pedestrian
11,550.0,1399.0,584.0,1457.0,233,0,0,1,Pedestrian
11,550.0,1399.0,584.0,1457.0,234,0,0,1,Pedestrian
11,550.0,1399.0,584.0,1457.0,235,0,0,1,Pedestrian
11,550.0,1399.0,584.0,1457.0,236,0,0,1,Pedestrian
11,550.0,1399.0,584.0,1457.0,237,0,0,1,Pedestrian
11,550.0,1399.0,584.0,1457.0,238,0,0,1,Pedestrian
11,550.0,1399.0,584.0,1457.0,239,0,0,1,Pedestrian
11,550.0,1399.0,584.0,1457.0,240,0,0,1,Pedestrian
11,550.0,1399.0,584.0,1457.0,241,0,0,1,Pedestrian
11,550.0,1399.0,584.0,1457.0,242,0,0,1,Pedestrian
11,550.0,1399.0,584.0,1457.0,243,0,0,1,Pedestrian
11,550.0,1399.0,584.0,1457.0,244,0,0,1,Pedestrian
11,550.0,1399.0,584.0,1457.0,245,0,0,1,Pedestrian
11,550.0,1399.0,584.0,1457.0,246,0,0,1,Pedestrian
11,550.0,1399.0,584.0,1457.0,247,0,0,1,Pedestrian
11,550.0,1399.0,584.0,1457.0,248,0,0,1,Pedestrian
11,550.0,1399.0,584.0,1457.0,249,0,0,1,Pedestrian
11,550.0,1399.0,584.0,1457.0,250,0,0,1,Pedestrian
11,550.0,1399.0,584.0,1457.0,251,0,0,1,Pedestrian
11,550.0,1399.0,586.0,1457.0,252,0,0,1,Pedestrian
11,550.0,1399.0,586.0,1457.0,253,0,0,1,Pedestrian
11,550.0,1399.0,586.0,1457.0,254,0,0,1,Pedestrian
11,552.0,1399.0,586.0,1457.0,255,0,0,1,Pedestrian
11,552.0,1399.0,586.0,1457.0,256,0,0,1,Pedestrian
11,552.0,1399.0,586.0,1457.0,257,0,0,1,Pedestrian
11,552.0,1399.0,586.0,1457.0,258,0,0,1,Pedestrian
11,552.0,1399.0,586.0,1457.0,259,0,0,1,Pedestrian
11,552.0,1399.0,586.0,1457.0,260,0,0,1,Pedestrian
11,552.0,1399.0,586.0,1457.0,261,0,0,1,Pedestrian
11,552.0,1399.0,586.0,1457.0,262,0,0,1,Pedestrian
11,552.0,1399.0,586.0,1457.0,263,0,0,1,Pedestrian
11,552.0,1399.0,586.0,1457.0,264,0,0,1,Pedestrian
11,552.0,1399.0,586.0,1457.0,265,0,0,1,Pedestrian
11,552.0,1399.0,586.0,1457.0,266,0,0,1,Pedestrian
11,552.0,1399.0,586.0,1457.0,267,0,0,1,Pedestrian
11,552.0,1399.0,586.0,1457.0,268,0,0,1,Pedestrian
11,552.0,1399.0,586.0,1457.0,269,0,0,1,Pedestrian
11,552.0,1399.0,586.0,1457.0,270,0,0,1,Pedestrian
11,552.0,1399.0,586.0,1457.0,271,0,0,1,Pedestrian
11,552.0,1399.0,586.0,1457.0,272,0,0,1,Pedestrian
11,552.0,1399.0,586.0,1457.0,273,0,0,1,Pedestrian
11,552.0,1399.0,588.0,1457.0,274,0,0,1,Pedestrian
11,552.0,1399.0,588.0,1457.0,275,0,0,1,Pedestrian
11,552.0,1399.0,588.0,1457.0,276,0,0,1,Pedestrian
11,552.0,1399.0,588.0,1457.0,277,0,0,1,Pedestrian
11,552.0,1399.0,588.0,1457.0,278,0,0,1,Pedestrian
11,552.0,1399.0,588.0,1457.0,279,0,0,1,Pedestrian
11,554.0,1399.0,588.0,1457.0,280,0,0,1,Pedestrian
11,554.0,1399.0,588.0,1457.0,281,0,0,1,Pedestrian
11,554.0,1399.0,588.0,1457.0,282,0,0,1,Pedestrian
11,554.0,1399.0,588.0,1457.0,283,0,0,1,Pedestrian
11,554.0,1399.0,588.0,1457.0,284,0,0,1,Pedestrian
11,554.0,1399.0,588.0,1457.0,285,0,0,1,Pedestrian
11,554.0,1399.0,588.0,1457.0,286,0,0,1,Pedestrian
11,554.0,1399.0,588.0,1457.0,287,0,0,1,Pedestrian
11,554.0,1399.0,588.0,1457.0,288,0,0,1,Pedestrian
11,554.0,1399.0,588.0,1457.0,289,0,0,1,Pedestrian
11,554.0,1399.0,588.0,1457.0,290,0,0,1,Pedestrian
11,554.0,1399.0,588.0,1457.0,291,0,0,1,Pedestrian
11,554.0,1399.0,588.0,1457.0,292,0,0,1,Pedestrian
11,554.0,1399.0,588.0,1457.0,293,0,0,1,Pedestrian
11,554.0,1399.0,588.0,1457.0,294,0,0,1,Pedestrian
11,554.0,1399.0,588.0,1457.0,295,0,0,1,Pedestrian
11,554.0,1399.0,590.0,1457.0,296,0,0,1,Pedestrian
11,554.0,1395.0,590.0,1452.0,297,0,0,1,Pedestrian
11,554.0,1395.0,590.0,1452.0,298,0,0,1,Pedestrian
11,554.0,1395.0,590.0,1452.0,299,0,0,1,Pedestrian
11,554.0,1395.0,590.0,1452.0,300,0,0,1,Pedestrian
11,554.0,1395.0,590.0,1452.0,301,0,0,1,Pedestrian
11,554.0,1395.0,590.0,1452.0,302,0,0,1,Pedestrian
11,554.0,1395.0,590.0,1452.0,303,0,0,1,Pedestrian
11,554.0,1395.0,590.0,1452.0,304,0,0,1,Pedestrian
11,556.0,1395.0,590.0,1452.0,305,0,0,1,Pedestrian
11,556.0,1395.0,590.0,1452.0,306,0,0,1,Pedestrian
11,556.0,1395.0,590.0,1452.0,307,0,0,1,Pedestrian
11,556.0,1395.0,590.0,1452.0,308,0,0,1,Pedestrian
11,556.0,1395.0,590.0,1452.0,309,0,0,1,Pedestrian
11,556.0,1395.0,590.0,1452.0,310,0,0,1,Pedestrian
11,556.0,1395.0,590.0,1452.0,311,0,0,1,Pedestrian
11,556.0,1395.0,590.0,1452.0,312,0,0,1,Pedestrian
11,556.0,1395.0,590.0,1452.0,313,0,0,1,Pedestrian
11,556.0,1395.0,590.0,1452.0,314,0,0,1,Pedestrian
11,556.0,1395.0,590.0,1452.0,315,0,0,1,Pedestrian
11,556.0,1395.0,590.0,1452.0,316,0,0,1,Pedestrian
11,556.0,1395.0,590.0,1452.0,317,0,0,1,Pedestrian
11,556.0,1395.0,590.0,1452.0,318,0,0,1,Pedestrian
11,556.0,1395.0,592.0,1452.0,319,0,0,1,Pedestrian
11,556.0,1395.0,592.0,1452.0,320,0,0,1,Pedestrian
11,556.0,1395.0,592.0,1452.0,321,0,0,1,Pedestrian
11,556.0,1395.0,592.0,1452.0,322,0,0,1,Pedestrian
11,556.0,1395.0,592.0,1452.0,323,0,0,1,Pedestrian
11,556.0,1395.0,592.0,1452.0,324,0,0,1,Pedestrian
11,556.0,1395.0,592.0,1452.0,325,0,0,1,Pedestrian
11,556.0,1395.0,592.0,1452.0,326,0,0,1,Pedestrian
11,556.0,1395.0,592.0,1452.0,327,0,0,1,Pedestrian
11,556.0,1395.0,592.0,1452.0,328,0,0,1,Pedestrian
11,556.0,1395.0,592.0,1452.0,329,0,0,1,Pedestrian
11,558.0,1395.0,592.0,1452.0,330,0,0,1,Pedestrian
11,558.0,1395.0,592.0,1452.0,331,0,0,1,Pedestrian
11,558.0,1395.0,592.0,1452.0,332,0,0,1,Pedestrian
11,558.0,1395.0,592.0,1452.0,333,0,0,1,Pedestrian
11,558.0,1395.0,592.0,1452.0,334,0,0,1,Pedestrian
11,558.0,1395.0,592.0,1452.0,335,0,0,1,Pedestrian
11,558.0,1395.0,592.0,1452.0,336,0,0,1,Pedestrian
11,558.0,1395.0,592.0,1452.0,337,0,0,1,Pedestrian
11,558.0,1395.0,592.0,1452.0,338,0,0,1,Pedestrian
11,558.0,1395.0,592.0,1452.0,339,0,0,1,Pedestrian
11,558.0,1395.0,592.0,1452.0,340,0,0,1,Pedestrian
11,558.0,1395.0,594.0,1452.0,341,0,0,1,Pedestrian
11,558.0,1395.0,594.0,1452.0,342,0,0,1,Pedestrian
11,558.0,1395.0,594.0,1452.0,343,0,0,1,Pedestrian
11,558.0,1395.0,594.0,1452.0,344,0,0,1,Pedestrian
11,558.0,1395.0,594.0,1452.0,345,0,0,1,Pedestrian
11,558.0,1395.0,594.0,1452.0,346,0,0,1,Pedestrian
11,558.0,1395.0,594.0,1452.0,347,0,0,1,Pedestrian
11,558.0,1395.0,594.0,1452.0,348,0,0,1,Pedestrian
11,558.0,1395.0,594.0,1452.0,349,0,0,1,Pedestrian
11,558.0,1395.0,594.0,1452.0,350,0,0,1,Pedestrian
11,558.0,1395.0,594.0,1452.0,351,0,0,1,Pedestrian
11,558.0,1395.0,594.0,1452.0,352,0,0,1,Pedestrian
11,558.0,1395.0,594.0,1452.0,353,0,0,1,Pedestrian
11,558.0,1395.0,594.0,1452.0,354,0,0,1,Pedestrian
11,560.0,1395.0,594.0,1452.0,355,0,0,1,Pedestrian
11,560.0,1395.0,594.0,1452.0,356,0,0,1,Pedestrian
11,560.0,1395.0,594.0,1452.0,357,0,0,1,Pedestrian
11,560.0,1395.0,594.0,1452.0,358,0,0,1,Pedestrian
11,560.0,1395.0,594.0,1452.0,359,0,0,1,Pedestrian
11,560.0,1395.0,594.0,1452.0,360,0,0,1,Pedestrian
11,560.0,1395.0,594.0,1452.0,361,0,0,1,Pedestrian
11,560.0,1395.0,594.0,1452.0,362,0,0,1,Pedestrian
11,560.0,1395.0,596.0,1452.0,363,0,0,1,Pedestrian
11,560.0,1391.0,596.0,1448.0,364,0,0,1,Pedestrian
11,560.0,1391.0,596.0,1448.0,365,0,0,1,Pedestrian
11,560.0,1391.0,596.0,1448.0,366,0,0,1,Pedestrian
11,560.0,1391.0,596.0,1448.0,367,0,0,1,Pedestrian
11,560.0,1391.0,596.0,1448.0,368,0,0,1,Pedestrian
11,560.0,1391.0,596.0,1448.0,369,0,0,1,Pedestrian
11,560.0,1391.0,596.0,1448.0,370,0,0,1,Pedestrian
11,560.0,1391.0,596.0,1448.0,371,0,0,1,Pedestrian
11,560.0,1391.0,596.0,1448.0,372,0,0,1,Pedestrian
11,560.0,1391.0,596.0,1448.0,373,0,0,1,Pedestrian
11,560.0,1391.0,596.0,1448.0,374,0,0,1,Pedestrian
11,560.0,1391.0,596.0,1448.0,375,0,0,1,Pedestrian
11,560.0,1391.0,596.0,1448.0,376,0,0,1,Pedestrian
11,560.0,1391.0,596.0,1448.0,377,0,0,1,Pedestrian
11,560.0,1391.0,596.0,1448.0,378,0,0,1,Pedestrian
11,560.0,1391.0,596.0,1448.0,379,0,0,1,Pedestrian
11,562.0,1391.0,596.0,1448.0,380,0,0,1,Pedestrian
11,562.0,1391.0,596.0,1448.0,381,0,0,1,Pedestrian
11,562.0,1391.0,596.0,1448.0,382,0,0,1,Pedestrian
11,562.0,1391.0,596.0,1448.0,383,0,0,1,Pedestrian
11,562.0,1391.0,596.0,1448.0,384,0,0,1,Pedestrian
11,562.0,1391.0,596.0,1448.0,385,0,0,1,Pedestrian
11,562.0,1391.0,598.0,1448.0,386,0,0,1,Pedestrian
11,562.0,1391.0,598.0,1448.0,387,0,0,1,Pedestrian
11,562.0,1391.0,598.0,1448.0,388,0,0,1,Pedestrian
11,562.0,1391.0,598.0,1448.0,389,0,0,1,Pedestrian
11,562.0,1391.0,598.0,1448.0,390,0,0,1,Pedestrian
11,562.0,1391.0,598.0,1448.0,391,0,0,1,Pedestrian
11,562.0,1391.0,598.0,1448.0,392,0,0,1,Pedestrian
11,562.0,1391.0,598.0,1448.0,393,0,0,1,Pedestrian
11,562.0,1391.0,598.0,1448.0,394,0,0,1,Pedestrian
11,562.0,1391.0,598.0,1448.0,395,0,0,1,Pedestrian
11,562.0,1391.0,598.0,1448.0,396,0,0,1,Pedestrian
11,562.0,1391.0,598.0,1448.0,397,0,0,1,Pedestrian
11,562.0,1391.0,598.0,1448.0,398,0,0,1,Pedestrian
11,562.0,1391.0,598.0,1448.0,399,0,0,1,Pedestrian
11,562.0,1391.0,598.0,1448.0,400,0,0,1,Pedestrian
11,562.0,1391.0,598.0,1448.0,401,0,0,1,Pedestrian
11,562.0,1391.0,598.0,1448.0,402,0,0,1,Pedestrian
11,562.0,1391.0,598.0,1448.0,403,0,0,1,Pedestrian
11,562.0,1391.0,598.0,1448.0,404,0,0,1,Pedestrian
11,564.0,1391.0,598.0,1448.0,405,0,0,1,Pedestrian
11,564.0,1391.0,598.0,1448.0,406,0,0,1,Pedestrian
11,564.0,1391.0,598.0,1448.0,407,0,0,1,Pedestrian
11,564.0,1391.0,600.0,1448.0,408,0,0,1,Pedestrian
11,564.0,1391.0,600.0,1448.0,409,0,0,1,Pedestrian
11,564.0,1391.0,600.0,1448.0,410,0,0,1,Pedestrian
11,564.0,1391.0,600.0,1448.0,411,0,0,1,Pedestrian
11,564.0,1391.0,600.0,1448.0,412,0,0,1,Pedestrian
11,564.0,1391.0,600.0,1448.0,413,0,0,1,Pedestrian
11,564.0,1391.0,600.0,1448.0,414,0,0,1,Pedestrian
11,564.0,1391.0,600.0,1448.0,415,0,0,1,Pedestrian
11,564.0,1391.0,600.0,1448.0,416,0,0,1,Pedestrian
11,564.0,1391.0,600.0,1448.0,417,0,0,1,Pedestrian
11,564.0,1391.0,600.0,1448.0,418,0,0,1,Pedestrian
11,564.0,1391.0,600.0,1448.0,419,0,0,1,Pedestrian
11,564.0,1391.0,600.0,1448.0,420,0,0,1,Pedestrian
11,564.0,1391.0,600.0,1448.0,421,0,0,1,Pedestrian
11,564.0,1391.0,600.0,1448.0,422,0,0,1,Pedestrian
11,564.0,1391.0,600.0,1448.0,423,0,0,1,Pedestrian
11,564.0,1391.0,600.0,1448.0,424,0,0,1,Pedestrian
11,564.0,1391.0,600.0,1448.0,425,0,0,1,Pedestrian
11,564.0,1391.0,600.0,1448.0,426,0,0,1,Pedestrian
11,564.0,1391.0,600.0,1448.0,427,0,0,1,Pedestrian
11,564.0,1391.0,600.0,1448.0,428,0,0,1,Pedestrian
11,564.0,1391.0,600.0,1448.0,429,0,0,1,Pedestrian
11,566.0,1391.0,602.0,1448.0,430,0,0,0,Pedestrian
12,674.0,1399.0,702.0,1452.0,0,0,0,0,Pedestrian
12,674.0,1399.0,702.0,1452.0,1,0,0,1,Pedestrian
12,674.0,1399.0,702.0,1452.0,2,0,0,1,Pedestrian
12,674.0,1399.0,702.0,1452.0,3,0,0,1,Pedestrian
12,674.0,1399.0,702.0,1452.0,4,0,0,1,Pedestrian
12,674.0,1399.0,702.0,1452.0,5,0,0,1,Pedestrian
12,674.0,1399.0,702.0,1452.0,6,0,0,1,Pedestrian
12,674.0,1399.0,702.0,1452.0,7,0,0,1,Pedestrian
12,674.0,1399.0,702.0,1452.0,8,0,0,1,Pedestrian
12,674.0,1399.0,702.0,1452.0,9,0,0,1,Pedestrian
12,674.0,1399.0,702.0,1452.0,10,0,0,1,Pedestrian
12,674.0,1399.0,702.0,1452.0,11,0,0,0,Pedestrian
12,672.0,1399.0,700.0,1452.0,12,0,0,1,Pedestrian
12,670.0,1399.0,698.0,1452.0,13,0,0,1,Pedestrian
12,670.0,1399.0,698.0,1452.0,14,0,0,1,Pedestrian
12,668.0,1399.0,696.0,1452.0,15,0,0,1,Pedestrian
12,668.0,1399.0,696.0,1452.0,16,0,0,1,Pedestrian
12,666.0,1399.0,694.0,1452.0,17,0,0,1,Pedestrian
12,666.0,1399.0,694.0,1452.0,18,0,0,1,Pedestrian
12,664.0,1399.0,692.0,1452.0,19,0,0,1,Pedestrian
12,664.0,1399.0,692.0,1452.0,20,0,0,1,Pedestrian
12,662.0,1399.0,690.0,1452.0,21,0,0,1,Pedestrian
12,662.0,1399.0,690.0,1452.0,22,0,0,1,Pedestrian
12,660.0,1399.0,688.0,1452.0,23,0,0,1,Pedestrian
12,660.0,1399.0,688.0,1452.0,24,0,0,1,Pedestrian
12,658.0,1399.0,686.0,1452.0,25,0,0,1,Pedestrian
12,658.0,1399.0,686.0,1452.0,26,0,0,1,Pedestrian
12,656.0,1399.0,684.0,1457.0,27,0,0,1,Pedestrian
12,654.0,1399.0,682.0,1457.0,28,0,0,1,Pedestrian
12,654.0,1399.0,682.0,1457.0,29,0,0,1,Pedestrian
12,652.0,1399.0,680.0,1457.0,30,0,0,1,Pedestrian
12,652.0,1399.0,680.0,1457.0,31,0,0,1,Pedestrian
12,650.0,1399.0,678.0,1457.0,32,0,0,1,Pedestrian
12,650.0,1399.0,678.0,1457.0,33,0,0,1,Pedestrian
12,648.0,1399.0,676.0,1457.0,34,0,0,1,Pedestrian
12,648.0,1399.0,676.0,1457.0,35,0,0,1,Pedestrian
12,646.0,1399.0,674.0,1457.0,36,0,0,1,Pedestrian
12,646.0,1399.0,674.0,1457.0,37,0,0,1,Pedestrian
12,644.0,1399.0,672.0,1457.0,38,0,0,1,Pedestrian
12,644.0,1399.0,672.0,1457.0,39,0,0,1,Pedestrian
12,642.0,1399.0,670.0,1457.0,40,0,0,1,Pedestrian
12,642.0,1399.0,670.0,1457.0,41,0,0,1,Pedestrian
12,640.0,1399.0,668.0,1457.0,42,0,0,1,Pedestrian
12,640.0,1403.0,668.0,1461.0,43,0,0,0,Pedestrian
12,638.0,1403.0,666.0,1461.0,44,0,0,1,Pedestrian
12,638.0,1403.0,666.0,1461.0,45,0,0,1,Pedestrian
12,636.0,1403.0,664.0,1461.0,46,0,0,1,Pedestrian
12,636.0,1403.0,664.0,1461.0,47,0,0,1,Pedestrian
12,636.0,1403.0,664.0,1461.0,48,0,0,1,Pedestrian
12,634.0,1403.0,662.0,1461.0,49,0,0,1,Pedestrian
12,634.0,1403.0,662.0,1461.0,50,0,0,1,Pedestrian
12,634.0,1403.0,662.0,1461.0,51,0,0,1,Pedestrian
12,632.0,1403.0,660.0,1461.0,52,0,0,1,Pedestrian
12,632.0,1403.0,660.0,1461.0,53,0,0,1,Pedestrian
12,632.0,1403.0,660.0,1461.0,54,0,0,1,Pedestrian
12,630.0,1403.0,658.0,1461.0,55,0,0,1,Pedestrian
12,630.0,1403.0,658.0,1461.0,56,0,0,1,Pedestrian
12,630.0,1403.0,658.0,1461.0,57,0,0,1,Pedestrian
12,628.0,1403.0,656.0,1461.0,58,0,0,1,Pedestrian
12,628.0,1403.0,656.0,1461.0,59,0,0,1,Pedestrian
12,626.0,1403.0,654.0,1461.0,60,0,0,1,Pedestrian
12,626.0,1403.0,654.0,1461.0,61,0,0,1,Pedestrian
12,626.0,1403.0,654.0,1461.0,62,0,0,1,Pedestrian
12,624.0,1403.0,652.0,1461.0,63,0,0,1,Pedestrian
12,624.0,1403.0,652.0,1461.0,64,0,0,1,Pedestrian
12,624.0,1403.0,652.0,1461.0,65,0,0,1,Pedestrian
12,622.0,1403.0,650.0,1461.0,66,0,0,1,Pedestrian
12,622.0,1403.0,650.0,1461.0,67,0,0,1,Pedestrian
12,622.0,1403.0,650.0,1461.0,68,0,0,1,Pedestrian
12,620.0,1403.0,648.0,1461.0,69,0,0,1,Pedestrian
12,620.0,1403.0,648.0,1461.0,70,0,0,1,Pedestrian
12,620.0,1403.0,648.0,1461.0,71,0,0,1,Pedestrian
12,618.0,1403.0,646.0,1461.0,72,0,0,1,Pedestrian
12,618.0,1403.0,646.0,1461.0,73,0,0,1,Pedestrian
12,618.0,1403.0,646.0,1461.0,74,0,0,0,Pedestrian
12,616.0,1403.0,644.0,1461.0,75,0,0,1,Pedestrian
12,616.0,1403.0,644.0,1461.0,76,0,0,1,Pedestrian
12,616.0,1403.0,644.0,1461.0,77,0,0,1,Pedestrian
12,616.0,1403.0,644.0,1461.0,78,0,0,1,Pedestrian
12,614.0,1403.0,642.0,1461.0,79,0,0,1,Pedestrian
12,614.0,1403.0,642.0,1461.0,80,0,0,1,Pedestrian
12,614.0,1403.0,642.0,1461.0,81,0,0,1,Pedestrian
12,614.0,1403.0,642.0,1461.0,82,0,0,1,Pedestrian
12,614.0,1403.0,642.0,1461.0,83,0,0,1,Pedestrian
12,612.0,1403.0,640.0,1461.0,84,0,0,1,Pedestrian
12,612.0,1403.0,640.0,1461.0,85,0,0,1,Pedestrian
12,612.0,1403.0,640.0,1461.0,86,0,0,1,Pedestrian
12,612.0,1403.0,640.0,1461.0,87,0,0,1,Pedestrian
12,612.0,1403.0,640.0,1461.0,88,0,0,1,Pedestrian
12,610.0,1403.0,638.0,1461.0,89,0,0,1,Pedestrian
12,610.0,1403.0,638.0,1461.0,90,0,0,1,Pedestrian
12,610.0,1403.0,638.0,1461.0,91,0,0,1,Pedestrian
12,610.0,1403.0,638.0,1461.0,92,0,0,1,Pedestrian
12,610.0,1403.0,636.0,1461.0,93,0,0,1,Pedestrian
12,608.0,1403.0,636.0,1461.0,94,0,0,1,Pedestrian
12,608.0,1403.0,636.0,1461.0,95,0,0,1,Pedestrian
12,608.0,1403.0,636.0,1461.0,96,0,0,1,Pedestrian
12,608.0,1403.0,636.0,1461.0,97,0,0,1,Pedestrian
12,608.0,1403.0,634.0,1461.0,98,0,0,1,Pedestrian
12,606.0,1403.0,634.0,1461.0,99,0,0,1,Pedestrian
12,606.0,1403.0,634.0,1461.0,100,0,0,1,Pedestrian
12,606.0,1403.0,634.0,1461.0,101,0,0,1,Pedestrian
12,606.0,1403.0,634.0,1461.0,102,0,0,1,Pedestrian
12,606.0,1403.0,632.0,1461.0,103,0,0,1,Pedestrian
12,604.0,1403.0,632.0,1461.0,104,0,0,1,Pedestrian
12,604.0,1403.0,632.0,1461.0,105,0,0,1,Pedestrian
12,604.0,1403.0,632.0,1461.0,106,0,0,1,Pedestrian
12,604.0,1403.0,630.0,1461.0,107,0,0,1,Pedestrian
12,602.0,1403.0,630.0,1461.0,108,0,0,1,Pedestrian
12,602.0,1403.0,630.0,1461.0,109,0,0,1,Pedestrian
12,602.0,1403.0,630.0,1461.0,110,0,0,1,Pedestrian
12,602.0,1403.0,630.0,1461.0,111,0,0,1,Pedestrian
12,602.0,1403.0,628.0,1461.0,112,0,0,1,Pedestrian
12,600.0,1403.0,628.0,1461.0,113,0,0,1,Pedestrian
12,600.0,1403.0,628.0,1461.0,114,0,0,1,Pedestrian
12,600.0,1403.0,628.0,1461.0,115,0,0,1,Pedestrian
12,600.0,1403.0,628.0,1461.0,116,0,0,1,Pedestrian
12,600.0,1403.0,626.0,1461.0,117,0,0,1,Pedestrian
12,598.0,1403.0,626.0,1461.0,118,0,0,1,Pedestrian
12,598.0,1403.0,626.0,1461.0,119,0,0,1,Pedestrian
12,598.0,1403.0,626.0,1461.0,120,0,0,1,Pedestrian
12,598.0,1403.0,624.0,1461.0,121,0,0,1,Pedestrian
12,598.0,1403.0,624.0,1461.0,122,0,0,1,Pedestrian
12,596.0,1403.0,624.0,1461.0,123,0,0,1,Pedestrian
12,596.0,1403.0,624.0,1461.0,124,0,0,1,Pedestrian
12,596.0,1403.0,624.0,1461.0,125,0,0,1,Pedestrian
12,596.0,1403.0,622.0,1461.0,126,0,0,1,Pedestrian
12,596.0,1403.0,622.0,1461.0,127,0,0,1,Pedestrian
12,594.0,1403.0,622.0,1461.0,128,0,0,1,Pedestrian
12,594.0,1403.0,622.0,1461.0,129,0,0,1,Pedestrian
12,594.0,1403.0,622.0,1461.0,130,0,0,1,Pedestrian
12,594.0,1403.0,620.0,1461.0,131,0,0,1,Pedestrian
12,594.0,1403.0,620.0,1461.0,132,0,0,1,Pedestrian
12,592.0,1403.0,620.0,1461.0,133,0,0,1,Pedestrian
12,592.0,1403.0,620.0,1461.0,134,0,0,1,Pedestrian
12,592.0,1403.0,620.0,1461.0,135,0,0,1,Pedestrian
12,592.0,1403.0,618.0,1461.0,136,0,0,1,Pedestrian
12,590.0,1403.0,618.0,1461.0,137,0,0,1,Pedestrian
12,590.0,1403.0,618.0,1461.0,138,0,0,1,Pedestrian
12,590.0,1403.0,618.0,1461.0,139,0,0,1,Pedestrian
12,590.0,1403.0,616.0,1461.0,140,0,0,1,Pedestrian
12,590.0,1403.0,616.0,1461.0,141,0,0,1,Pedestrian
12,588.0,1403.0,616.0,1461.0,142,0,0,1,Pedestrian
12,588.0,1403.0,616.0,1461.0,143,0,0,1,Pedestrian
12,588.0,1403.0,616.0,1461.0,144,0,0,1,Pedestrian
12,588.0,1403.0,614.0,1461.0,145,0,0,1,Pedestrian
12,588.0,1403.0,614.0,1461.0,146,0,0,1,Pedestrian
12,586.0,1403.0,614.0,1461.0,147,0,0,1,Pedestrian
12,586.0,1403.0,614.0,1461.0,148,0,0,1,Pedestrian
12,586.0,1403.0,614.0,1461.0,149,0,0,1,Pedestrian
12,586.0,1403.0,612.0,1461.0,150,0,0,1,Pedestrian
12,586.0,1403.0,612.0,1461.0,151,0,0,1,Pedestrian
12,584.0,1403.0,612.0,1461.0,152,0,0,1,Pedestrian
12,584.0,1403.0,612.0,1461.0,153,0,0,1,Pedestrian
12,584.0,1403.0,610.0,1461.0,154,0,0,1,Pedestrian
12,584.0,1403.0,610.0,1461.0,155,0,0,1,Pedestrian
12,584.0,1403.0,610.0,1461.0,156,0,0,1,Pedestrian
12,582.0,1403.0,610.0,1461.0,157,0,0,1,Pedestrian
12,582.0,1403.0,610.0,1461.0,158,0,0,1,Pedestrian
12,582.0,1403.0,608.0,1461.0,159,0,0,1,Pedestrian
12,582.0,1403.0,608.0,1461.0,160,0,0,1,Pedestrian
12,582.0,1403.0,608.0,1461.0,161,0,0,1,Pedestrian
12,580.0,1403.0,608.0,1461.0,162,0,0,1,Pedestrian
12,580.0,1403.0,608.0,1461.0,163,0,0,1,Pedestrian
12,580.0,1403.0,606.0,1461.0,164,0,0,1,Pedestrian
12,580.0,1403.0,606.0,1461.0,165,0,0,1,Pedestrian
12,580.0,1403.0,606.0,1461.0,166,0,0,1,Pedestrian
12,578.0,1403.0,606.0,1461.0,167,0,0,1,Pedestrian
12,578.0,1403.0,604.0,1461.0,168,0,0,1,Pedestrian
12,578.0,1403.0,604.0,1461.0,169,0,0,1,Pedestrian
12,578.0,1403.0,604.0,1461.0,170,0,0,1,Pedestrian
12,576.0,1403.0,604.0,1461.0,171,0,0,1,Pedestrian
12,576.0,1403.0,604.0,1461.0,172,0,0,1,Pedestrian
12,576.0,1403.0,602.0,1461.0,173,0,0,1,Pedestrian
12,576.0,1403.0,602.0,1461.0,174,0,0,1,Pedestrian
12,576.0,1403.0,602.0,1461.0,175,0,0,1,Pedestrian
12,574.0,1403.0,602.0,1461.0,176,0,0,1,Pedestrian
12,574.0,1403.0,602.0,1461.0,177,0,0,1,Pedestrian
12,574.0,1403.0,600.0,1461.0,178,0,0,1,Pedestrian
12,574.0,1403.0,600.0,1461.0,179,0,0,1,Pedestrian
12,574.0,1403.0,600.0,1461.0,180,0,0,1,Pedestrian
12,572.0,1403.0,600.0,1461.0,181,0,0,1,Pedestrian
12,572.0,1403.0,600.0,1461.0,182,0,0,1,Pedestrian
12,572.0,1403.0,598.0,1461.0,183,0,0,1,Pedestrian
12,572.0,1403.0,598.0,1461.0,184,0,0,1,Pedestrian
12,572.0,1403.0,598.0,1461.0,185,0,0,1,Pedestrian
12,570.0,1403.0,598.0,1461.0,186,0,0,1,Pedestrian
12,570.0,1403.0,596.0,1461.0,187,0,0,1,Pedestrian
12,570.0,1403.0,596.0,1461.0,188,0,0,1,Pedestrian
12,570.0,1403.0,596.0,1461.0,189,0,0,1,Pedestrian
12,570.0,1403.0,596.0,1461.0,190,0,0,1,Pedestrian
12,568.0,1403.0,596.0,1461.0,191,0,0,1,Pedestrian
12,568.0,1403.0,594.0,1461.0,192,0,0,1,Pedestrian
12,568.0,1403.0,594.0,1461.0,193,0,0,1,Pedestrian
12,568.0,1403.0,594.0,1461.0,194,0,0,1,Pedestrian
12,568.0,1403.0,594.0,1461.0,195,0,0,1,Pedestrian
12,566.0,1403.0,594.0,1461.0,196,0,0,1,Pedestrian
12,566.0,1403.0,592.0,1461.0,197,0,0,1,Pedestrian
12,566.0,1403.0,592.0,1461.0,198,0,0,1,Pedestrian
12,566.0,1403.0,592.0,1461.0,199,0,0,1,Pedestrian
12,564.0,1403.0,592.0,1461.0,200,0,0,1,Pedestrian
12,564.0,1403.0,590.0,1461.0,201,0,0,1,Pedestrian
12,564.0,1403.0,590.0,1461.0,202,0,0,1,Pedestrian
12,564.0,1403.0,590.0,1461.0,203,0,0,1,Pedestrian
12,564.0,1403.0,590.0,1461.0,204,0,0,1,Pedestrian
12,562.0,1403.0,590.0,1461.0,205,0,0,1,Pedestrian
12,562.0,1403.0,588.0,1461.0,206,0,0,1,Pedestrian
12,562.0,1403.0,588.0,1461.0,207,0,0,1,Pedestrian
12,562.0,1403.0,588.0,1461.0,208,0,0,1,Pedestrian
12,562.0,1403.0,588.0,1461.0,209,0,0,1,Pedestrian
12,560.0,1403.0,588.0,1461.0,210,0,0,1,Pedestrian
12,560.0,1403.0,586.0,1461.0,211,0,0,1,Pedestrian
12,560.0,1403.0,586.0,1461.0,212,0,0,1,Pedestrian
12,560.0,1403.0,586.0,1461.0,213,0,0,1,Pedestrian
12,560.0,1403.0,586.0,1461.0,214,0,0,1,Pedestrian
12,558.0,1403.0,584.0,1461.0,215,0,0,1,Pedestrian
12,558.0,1403.0,584.0,1461.0,216,0,0,1,Pedestrian
12,558.0,1403.0,584.0,1461.0,217,0,0,1,Pedestrian
12,558.0,1403.0,584.0,1461.0,218,0,0,1,Pedestrian
12,558.0,1403.0,584.0,1461.0,219,0,0,1,Pedestrian
12,556.0,1403.0,582.0,1461.0,220,0,0,1,Pedestrian
12,556.0,1403.0,582.0,1461.0,221,0,0,1,Pedestrian
12,556.0,1403.0,582.0,1461.0,222,0,0,1,Pedestrian
12,556.0,1403.0,582.0,1461.0,223,0,0,1,Pedestrian
12,556.0,1403.0,582.0,1461.0,224,0,0,1,Pedestrian
12,554.0,1403.0,580.0,1461.0,225,0,0,1,Pedestrian
12,554.0,1403.0,580.0,1461.0,226,0,0,1,Pedestrian
12,554.0,1403.0,580.0,1461.0,227,0,0,1,Pedestrian
12,554.0,1403.0,580.0,1461.0,228,0,0,1,Pedestrian
12,554.0,1403.0,580.0,1461.0,229,0,0,0,Pedestrian
12,554.0,1403.0,580.0,1461.0,230,0,0,1,Pedestrian
12,554.0,1403.0,580.0,1461.0,231,0,0,1,Pedestrian
12,554.0,1403.0,580.0,1461.0,232,0,0,1,Pedestrian
12,554.0,1403.0,580.0,1461.0,233,0,0,1,Pedestrian
12,554.0,1403.0,580.0,1461.0,234,0,0,1,Pedestrian
12,554.0,1403.0,580.0,1461.0,235,0,0,1,Pedestrian
12,556.0,1403.0,582.0,1461.0,236,0,0,1,Pedestrian
12,556.0,1403.0,582.0,1461.0,237,0,0,1,Pedestrian
12,556.0,1403.0,582.0,1461.0,238,0,0,1,Pedestrian
12,556.0,1403.0,582.0,1461.0,239,0,0,1,Pedestrian
12,556.0,1403.0,582.0,1461.0,240,0,0,1,Pedestrian
12,556.0,1403.0,582.0,1461.0,241,0,0,1,Pedestrian
12,558.0,1403.0,584.0,1461.0,242,0,0,1,Pedestrian
12,558.0,1403.0,584.0,1461.0,243,0,0,1,Pedestrian
12,558.0,1403.0,584.0,1461.0,244,0,0,1,Pedestrian
12,558.0,1403.0,584.0,1461.0,245,0,0,1,Pedestrian
12,558.0,1403.0,584.0,1461.0,246,0,0,1,Pedestrian
12,558.0,1403.0,584.0,1461.0,247,0,0,1,Pedestrian
12,560.0,1403.0,586.0,1461.0,248,0,0,1,Pedestrian
12,560.0,1403.0,586.0,1461.0,249,0,0,1,Pedestrian
12,560.0,1403.0,586.0,1461.0,250,0,0,1,Pedestrian
12,560.0,1403.0,586.0,1461.0,251,0,0,1,Pedestrian
12,560.0,1403.0,586.0,1461.0,252,0,0,1,Pedestrian
12,560.0,1403.0,586.0,1461.0,253,0,0,1,Pedestrian
12,560.0,1403.0,588.0,1461.0,254,0,0,1,Pedestrian
12,562.0,1403.0,588.0,1461.0,255,0,0,1,Pedestrian
12,562.0,1403.0,588.0,1461.0,256,0,0,1,Pedestrian
12,562.0,1403.0,588.0,1461.0,257,0,0,1,Pedestrian
12,562.0,1403.0,588.0,1461.0,258,0,0,1,Pedestrian
12,562.0,1403.0,588.0,1461.0,259,0,0,1,Pedestrian
12,562.0,1403.0,590.0,1461.0,260,0,0,1,Pedestrian
12,564.0,1403.0,590.0,1461.0,261,0,0,1,Pedestrian
12,564.0,1403.0,590.0,1461.0,262,0,0,1,Pedestrian
12,564.0,1403.0,590.0,1461.0,263,0,0,1,Pedestrian
12,564.0,1403.0,590.0,1461.0,264,0,0,1,Pedestrian
12,564.0,1403.0,590.0,1461.0,265,0,0,1,Pedestrian
12,564.0,1403.0,592.0,1461.0,266,0,0,1,Pedestrian
12,566.0,1403.0,592.0,1461.0,267,0,0,1,Pedestrian
12,566.0,1403.0,592.0,1461.0,268,0,0,1,Pedestrian
12,566.0,1403.0,592.0,1461.0,269,0,0,1,Pedestrian
12,566.0,1403.0,592.0,1461.0,270,0,0,1,Pedestrian
12,566.0,1403.0,592.0,1461.0,271,0,0,1,Pedestrian
12,566.0,1403.0,594.0,1461.0,272,0,0,1,Pedestrian
12,568.0,1403.0,594.0,1461.0,273,0,0,1,Pedestrian
12,568.0,1403.0,594.0,1461.0,274,0,0,1,Pedestrian
12,568.0,1403.0,594.0,1461.0,275,0,0,1,Pedestrian
12,568.0,1403.0,594.0,1461.0,276,0,0,1,Pedestrian
12,568.0,1403.0,594.0,1461.0,277,0,0,1,Pedestrian
12,568.0,1403.0,596.0,1461.0,278,0,0,1,Pedestrian
12,568.0,1403.0,596.0,1461.0,279,0,0,1,Pedestrian
12,570.0,1403.0,596.0,1461.0,280,0,0,1,Pedestrian
12,570.0,1403.0,596.0,1461.0,281,0,0,1,Pedestrian
12,570.0,1403.0,596.0,1461.0,282,0,0,1,Pedestrian
12,570.0,1403.0,596.0,1461.0,283,0,0,1,Pedestrian
12,570.0,1403.0,598.0,1461.0,284,0,0,1,Pedestrian
12,570.0,1403.0,598.0,1461.0,285,0,0,1,Pedestrian
12,572.0,1403.0,598.0,1461.0,286,0,0,1,Pedestrian
12,572.0,1403.0,598.0,1461.0,287,0,0,1,Pedestrian
12,572.0,1403.0,598.0,1461.0,288,0,0,1,Pedestrian
12,572.0,1403.0,598.0,1461.0,289,0,0,1,Pedestrian
12,572.0,1403.0,600.0,1461.0,290,0,0,1,Pedestrian
12,572.0,1403.0,600.0,1461.0,291,0,0,1,Pedestrian
12,574.0,1403.0,600.0,1461.0,292,0,0,1,Pedestrian
12,574.0,1403.0,600.0,1461.0,293,0,0,1,Pedestrian
12,574.0,1403.0,600.0,1461.0,294,0,0,1,Pedestrian
12,574.0,1403.0,600.0,1461.0,295,0,0,1,Pedestrian
12,574.0,1403.0,602.0,1461.0,296,0,0,1,Pedestrian
12,574.0,1403.0,602.0,1461.0,297,0,0,1,Pedestrian
12,574.0,1403.0,602.0,1461.0,298,0,0,1,Pedestrian
12,576.0,1403.0,602.0,1461.0,299,0,0,1,Pedestrian
12,576.0,1403.0,602.0,1461.0,300,0,0,1,Pedestrian
12,576.0,1403.0,602.0,1461.0,301,0,0,1,Pedestrian
12,576.0,1403.0,602.0,1461.0,302,0,0,1,Pedestrian
12,576.0,1403.0,604.0,1461.0,303,0,0,1,Pedestrian
12,576.0,1403.0,604.0,1461.0,304,0,0,1,Pedestrian
12,578.0,1403.0,604.0,1461.0,305,0,0,1,Pedestrian
12,578.0,1403.0,604.0,1461.0,306,0,0,1,Pedestrian
12,578.0,1403.0,604.0,1461.0,307,0,0,1,Pedestrian
12,578.0,1403.0,604.0,1461.0,308,0,0,1,Pedestrian
12,578.0,1403.0,606.0,1461.0,309,0,0,1,Pedestrian
12,578.0,1403.0,606.0,1461.0,310,0,0,1,Pedestrian
12,580.0,1403.0,606.0,1461.0,311,0,0,1,Pedestrian
12,580.0,1403.0,606.0,1461.0,312,0,0,1,Pedestrian
12,580.0,1403.0,606.0,1461.0,313,0,0,1,Pedestrian
12,580.0,1403.0,606.0,1461.0,314,0,0,1,Pedestrian
12,580.0,1403.0,608.0,1461.0,315,0,0,1,Pedestrian
12,580.0,1403.0,608.0,1461.0,316,0,0,1,Pedestrian
12,582.0,1403.0,608.0,1461.0,317,0,0,1,Pedestrian
12,582.0,1403.0,608.0,1461.0,318,0,0,1,Pedestrian
12,582.0,1403.0,608.0,1461.0,319,0,0,1,Pedestrian
12,582.0,1403.0,608.0,1461.0,320,0,0,1,Pedestrian
12,582.0,1403.0,610.0,1461.0,321,0,0,1,Pedestrian
12,582.0,1403.0,610.0,1461.0,322,0,0,1,Pedestrian
12,582.0,1403.0,610.0,1461.0,323,0,0,1,Pedestrian
12,584.0,1403.0,610.0,1461.0,324,0,0,1,Pedestrian
12,584.0,1403.0,610.0,1461.0,325,0,0,1,Pedestrian
12,584.0,1403.0,610.0,1461.0,326,0,0,1,Pedestrian
12,584.0,1403.0,612.0,1461.0,327,0,0,1,Pedestrian
12,584.0,1403.0,612.0,1461.0,328,0,0,1,Pedestrian
12,584.0,1403.0,612.0,1461.0,329,0,0,1,Pedestrian
12,586.0,1403.0,612.0,1461.0,330,0,0,1,Pedestrian
12,586.0,1403.0,612.0,1461.0,331,0,0,1,Pedestrian
12,586.0,1403.0,612.0,1461.0,332,0,0,1,Pedestrian
12,586.0,1403.0,614.0,1461.0,333,0,0,1,Pedestrian
12,586.0,1403.0,614.0,1461.0,334,0,0,1,Pedestrian
12,586.0,1403.0,614.0,1461.0,335,0,0,1,Pedestrian
12,588.0,1403.0,614.0,1461.0,336,0,0,1,Pedestrian
12,588.0,1403.0,614.0,1461.0,337,0,0,1,Pedestrian
12,588.0,1403.0,614.0,1461.0,338,0,0,1,Pedestrian
12,588.0,1403.0,616.0,1461.0,339,0,0,1,Pedestrian
12,588.0,1403.0,616.0,1461.0,340,0,0,1,Pedestrian
12,588.0,1403.0,616.0,1461.0,341,0,0,1,Pedestrian
12,588.0,1403.0,616.0,1461.0,342,0,0,1,Pedestrian
12,590.0,1403.0,616.0,1461.0,343,0,0,1,Pedestrian
12,590.0,1403.0,616.0,1461.0,344,0,0,1,Pedestrian
12,590.0,1403.0,618.0,1461.0,345,0,0,1,Pedestrian
12,590.0,1403.0,618.0,1461.0,346,0,0,1,Pedestrian
12,590.0,1403.0,618.0,1461.0,347,0,0,1,Pedestrian
12,590.0,1403.0,618.0,1461.0,348,0,0,1,Pedestrian
12,592.0,1403.0,618.0,1461.0,349,0,0,1,Pedestrian
12,592.0,1403.0,618.0,1461.0,350,0,0,1,Pedestrian
12,592.0,1403.0,620.0,1461.0,351,0,0,1,Pedestrian
12,592.0,1403.0,620.0,1461.0,352,0,0,1,Pedestrian
12,592.0,1403.0,620.0,1461.0,353,0,0,1,Pedestrian
12,592.0,1403.0,620.0,1461.0,354,0,0,1,Pedestrian
12,594.0,1403.0,620.0,1461.0,355,0,0,1,Pedestrian
12,594.0,1403.0,620.0,1461.0,356,0,0,1,Pedestrian
12,594.0,1403.0,622.0,1461.0,357,0,0,1,Pedestrian
12,594.0,1403.0,622.0,1461.0,358,0,0,1,Pedestrian
12,594.0,1403.0,622.0,1461.0,359,0,0,1,Pedestrian
12,594.0,1403.0,622.0,1461.0,360,0,0,1,Pedestrian
12,596.0,1403.0,622.0,1461.0,361,0,0,1,Pedestrian
12,596.0,1403.0,622.0,1461.0,362,0,0,1,Pedestrian
12,596.0,1403.0,624.0,1461.0,363,0,0,1,Pedestrian
12,596.0,1403.0,624.0,1461.0,364,0,0,1,Pedestrian
12,596.0,1403.0,624.0,1461.0,365,0,0,1,Pedestrian
12,596.0,1403.0,624.0,1461.0,366,0,0,1,Pedestrian
12,596.0,1403.0,624.0,1461.0,367,0,0,1,Pedestrian
12,598.0,1403.0,624.0,1461.0,368,0,0,1,Pedestrian
12,598.0,1403.0,624.0,1461.0,369,0,0,1,Pedestrian
12,598.0,1403.0,626.0,1461.0,370,0,0,1,Pedestrian
12,598.0,1403.0,626.0,1461.0,371,0,0,1,Pedestrian
12,598.0,1403.0,626.0,1461.0,372,0,0,1,Pedestrian
12,598.0,1403.0,626.0,1461.0,373,0,0,1,Pedestrian
12,600.0,1403.0,626.0,1461.0,374,0,0,1,Pedestrian
12,600.0,1403.0,626.0,1461.0,375,0,0,1,Pedestrian
12,600.0,1403.0,628.0,1461.0,376,0,0,1,Pedestrian
12,600.0,1403.0,628.0,1461.0,377,0,0,1,Pedestrian
12,600.0,1403.0,628.0,1461.0,378,0,0,1,Pedestrian
12,600.0,1403.0,628.0,1461.0,379,0,0,1,Pedestrian
12,602.0,1403.0,628.0,1461.0,380,0,0,1,Pedestrian
12,602.0,1403.0,628.0,1461.0,381,0,0,1,Pedestrian
12,602.0,1403.0,630.0,1461.0,382,0,0,1,Pedestrian
12,602.0,1403.0,630.0,1461.0,383,0,0,1,Pedestrian
12,602.0,1403.0,630.0,1461.0,384,0,0,1,Pedestrian
12,602.0,1403.0,630.0,1461.0,385,0,0,1,Pedestrian
12,602.0,1403.0,630.0,1461.0,386,0,0,1,Pedestrian
12,604.0,1403.0,630.0,1461.0,387,0,0,1,Pedestrian
12,604.0,1403.0,632.0,1461.0,388,0,0,1,Pedestrian
12,604.0,1403.0,632.0,1461.0,389,0,0,1,Pedestrian
12,604.0,1403.0,632.0,1461.0,390,0,0,1,Pedestrian
12,604.0,1403.0,632.0,1461.0,391,0,0,1,Pedestrian
12,604.0,1403.0,632.0,1461.0,392,0,0,1,Pedestrian
12,606.0,1403.0,632.0,1461.0,393,0,0,1,Pedestrian
12,606.0,1403.0,634.0,1461.0,394,0,0,1,Pedestrian
12,606.0,1403.0,634.0,1461.0,395,0,0,1,Pedestrian
12,606.0,1403.0,634.0,1461.0,396,0,0,1,Pedestrian
12,606.0,1403.0,634.0,1461.0,397,0,0,1,Pedestrian
12,606.0,1403.0,634.0,1461.0,398,0,0,1,Pedestrian
12,608.0,1403.0,634.0,1461.0,399,0,0,1,Pedestrian
12,608.0,1403.0,636.0,1461.0,400,0,0,1,Pedestrian
12,608.0,1403.0,636.0,1461.0,401,0,0,1,Pedestrian
12,608.0,1403.0,636.0,1461.0,402,0,0,1,Pedestrian
12,608.0,1403.0,636.0,1461.0,403,0,0,1,Pedestrian
12,608.0,1403.0,636.0,1461.0,404,0,0,1,Pedestrian
12,610.0,1403.0,636.0,1461.0,405,0,0,1,Pedestrian
12,610.0,1403.0,638.0,1461.0,406,0,0,1,Pedestrian
12,610.0,1403.0,638.0,1461.0,407,0,0,1,Pedestrian
12,610.0,1403.0,638.0,1461.0,408,0,0,1,Pedestrian
12,610.0,1403.0,638.0,1461.0,409,0,0,1,Pedestrian
12,610.0,1403.0,638.0,1461.0,410,0,0,1,Pedestrian
12,610.0,1403.0,638.0,1461.0,411,0,0,1,Pedestrian
12,612.0,1403.0,640.0,1461.0,412,0,0,1,Pedestrian
12,612.0,1403.0,640.0,1461.0,413,0,0,1,Pedestrian
12,612.0,1403.0,640.0,1461.0,414,0,0,1,Pedestrian
12,612.0,1403.0,640.0,1461.0,415,0,0,1,Pedestrian
12,612.0,1403.0,640.0,1461.0,416,0,0,1,Pedestrian
12,612.0,1403.0,640.0,1461.0,417,0,0,1,Pedestrian
12,614.0,1403.0,642.0,1461.0,418,0,0,1,Pedestrian
12,614.0,1403.0,642.0,1461.0,419,0,0,1,Pedestrian
12,614.0,1403.0,642.0,1461.0,420,0,0,1,Pedestrian
12,614.0,1403.0,642.0,1461.0,421,0,0,1,Pedestrian
12,614.0,1403.0,642.0,1461.0,422,0,0,1,Pedestrian
12,614.0,1403.0,642.0,1461.0,423,0,0,1,Pedestrian
12,616.0,1403.0,644.0,1461.0,424,0,0,1,Pedestrian
12,616.0,1403.0,644.0,1461.0,425,0,0,1,Pedestrian
12,616.0,1403.0,644.0,1461.0,426,0,0,1,Pedestrian
12,616.0,1403.0,644.0,1461.0,427,0,0,1,Pedestrian
12,616.0,1403.0,644.0,1461.0,428,0,0,1,Pedestrian
12,616.0,1403.0,644.0,1461.0,429,0,0,1,Pedestrian
12,618.0,1403.0,646.0,1461.0,430,0,0,0,Pedestrian
13,751.0,1910.0,781.0,1954.0,0,0,0,0,Cart
13,749.0,1910.0,779.0,1954.0,1,0,0,1,Cart
13,749.0,1910.0,779.0,1954.0,2,0,0,1,Cart
13,747.0,1910.0,777.0,1954.0,3,0,0,1,Cart
13,747.0,1910.0,777.0,1954.0,4,0,0,1,Cart
13,745.0,1910.0,775.0,1954.0,5,0,0,1,Cart
13,745.0,1910.0,775.0,1954.0,6,0,0,1,Cart
13,743.0,1910.0,773.0,1954.0,7,0,0,1,Cart
13,743.0,1910.0,773.0,1954.0,8,0,0,1,Cart
13,741.0,1910.0,771.0,1954.0,9,0,0,1,Cart
13,741.0,1910.0,771.0,1954.0,10,0,0,1,Cart
13,739.0,1910.0,769.0,1954.0,11,0,0,1,Cart
13,739.0,1910.0,769.0,1954.0,12,0,0,1,Cart
13,737.0,1910.0,767.0,1954.0,13,0,0,1,Cart
13,737.0,1910.0,767.0,1954.0,14,0,0,1,Cart
13,735.0,1910.0,765.0,1954.0,15,0,0,1,Cart
13,735.0,1910.0,765.0,1954.0,16,0,0,1,Cart
13,735.0,1910.0,765.0,1954.0,17,0,0,1,Cart
13,733.0,1910.0,763.0,1954.0,18,0,0,1,Cart
13,733.0,1910.0,763.0,1954.0,19,0,0,1,Cart
13,731.0,1910.0,761.0,1954.0,20,0,0,1,Cart
13,731.0,1910.0,761.0,1954.0,21,0,0,1,Cart
13,729.0,1910.0,759.0,1954.0,22,0,0,1,Cart
13,729.0,1910.0,759.0,1954.0,23,0,0,1,Cart
13,727.0,1910.0,757.0,1954.0,24,0,0,1,Cart
13,727.0,1910.0,757.0,1954.0,25,0,0,1,Cart
13,725.0,1910.0,755.0,1954.0,26,0,0,1,Cart
13,725.0,1910.0,755.0,1954.0,27,0,0,1,Cart
13,723.0,1910.0,753.0,1954.0,28,0,0,1,Cart
13,723.0,1910.0,753.0,1954.0,29,0,0,1,Cart
13,721.0,1910.0,751.0,1954.0,30,0,0,1,Cart
13,721.0,1910.0,751.0,1954.0,31,0,0,1,Cart
13,721.0,1910.0,751.0,1954.0,32,0,0,0,Cart
13,719.0,1910.0,749.0,1954.0,33,0,0,1,Cart
13,718.0,1910.0,747.0,1954.0,34,0,0,1,Cart
13,716.0,1910.0,745.0,1954.0,35,0,0,1,Cart
13,716.0,1910.0,745.0,1954.0,36,0,0,1,Cart
13,714.0,1910.0,743.0,1954.0,37,0,0,1,Cart
13,712.0,1910.0,741.0,1954.0,38,0,0,1,Cart
13,712.0,1910.0,741.0,1954.0,39,0,0,1,Cart
13,710.0,1910.0,739.0,1954.0,40,0,0,1,Cart
13,708.0,1910.0,737.0,1954.0,41,0,0,1,Cart
13,708.0,1910.0,737.0,1954.0,42,0,0,1,Cart
13,706.0,1910.0,735.0,1954.0,43,0,0,1,Cart
13,704.0,1910.0,733.0,1954.0,44,0,0,1,Cart
13,702.0,1910.0,731.0,1954.0,45,0,0,1,Cart
13,702.0,1910.0,731.0,1954.0,46,0,0,1,Cart
13,700.0,1910.0,729.0,1954.0,47,0,0,1,Cart
13,698.0,1910.0,727.0,1954.0,48,0,0,1,Cart
13,698.0,1910.0,727.0,1954.0,49,0,0,1,Cart
13,696.0,1910.0,725.0,1954.0,50,0,0,1,Cart
13,694.0,1910.0,723.0,1954.0,51,0,0,1,Cart
13,694.0,1914.0,723.0,1954.0,52,0,0,0,Cart
13,692.0,1910.0,721.0,1950.0,53,0,0,1,Cart
13,690.0,1910.0,719.0,1950.0,54,0,0,1,Cart
13,690.0,1910.0,719.0,1950.0,55,0,0,1,Cart
13,688.0,1910.0,718.0,1950.0,56,0,0,1,Cart
13,688.0,1910.0,718.0,1950.0,57,0,0,1,Cart
13,686.0,1910.0,716.0,1950.0,58,0,0,1,Cart
13,686.0,1910.0,716.0,1950.0,59,0,0,1,Cart
13,684.0,1910.0,714.0,1950.0,60,0,0,1,Cart
13,682.0,1910.0,712.0,1950.0,61,0,0,1,Cart
13,682.0,1910.0,712.0,1950.0,62,0,0,1,Cart
13,680.0,1910.0,710.0,1950.0,63,0,0,1,Cart
13,680.0,1910.0,710.0,1950.0,64,0,0,1,Cart
13,678.0,1910.0,708.0,1950.0,65,0,0,1,Cart
13,678.0,1910.0,708.0,1950.0,66,0,0,1,Cart
13,676.0,1910.0,706.0,1950.0,67,0,0,1,Cart
13,674.0,1910.0,704.0,1950.0,68,0,0,1,Cart
13,674.0,1910.0,704.0,1950.0,69,0,0,1,Cart
13,672.0,1910.0,702.0,1950.0,70,0,0,1,Cart
13,672.0,1910.0,702.0,1950.0,71,0,0,1,Cart
13,670.0,1910.0,700.0,1950.0,72,0,0,1,Cart
13,670.0,1910.0,700.0,1950.0,73,0,0,1,Cart
13,668.0,1910.0,698.0,1950.0,74,0,0,1,Cart
13,666.0,1910.0,696.0,1950.0,75,0,0,1,Cart
13,666.0,1910.0,696.0,1950.0,76,0,0,1,Cart
13,664.0,1910.0,694.0,1950.0,77,0,0,1,Cart
13,664.0,1910.0,694.0,1950.0,78,0,0,1,Cart
13,662.0,1910.0,692.0,1950.0,79,0,0,1,Cart
13,662.0,1910.0,692.0,1950.0,80,0,0,1,Cart
13,660.0,1910.0,690.0,1950.0,81,0,0,1,Cart
13,660.0,1910.0,690.0,1950.0,82,0,0,1,Cart
13,658.0,1910.0,688.0,1950.0,83,0,0,1,Cart
13,656.0,1910.0,686.0,1950.0,84,0,0,1,Cart
13,656.0,1910.0,686.0,1950.0,85,0,0,1,Cart
13,654.0,1910.0,684.0,1950.0,86,0,0,1,Cart
13,654.0,1910.0,684.0,1950.0,87,0,0,1,Cart
13,652.0,1910.0,682.0,1950.0,88,0,0,1,Cart
13,652.0,1910.0,682.0,1950.0,89,0,0,1,Cart
13,650.0,1910.0,680.0,1950.0,90,0,0,1,Cart
13,648.0,1910.0,678.0,1950.0,91,0,0,1,Cart
13,648.0,1910.0,678.0,1950.0,92,0,0,1,Cart
13,646.0,1910.0,676.0,1950.0,93,0,0,1,Cart
13,646.0,1910.0,676.0,1950.0,94,0,0,1,Cart
13,644.0,1910.0,674.0,1950.0,95,0,0,1,Cart
13,644.0,1910.0,674.0,1950.0,96,0,0,1,Cart
13,642.0,1910.0,672.0,1950.0,97,0,0,1,Cart
13,640.0,1910.0,670.0,1950.0,98,0,0,1,Cart
13,640.0,1910.0,670.0,1950.0,99,0,0,1,Cart
13,638.0,1910.0,668.0,1950.0,100,0,0,1,Cart
13,638.0,1910.0,668.0,1950.0,101,0,0,1,Cart
13,636.0,1910.0,666.0,1950.0,102,0,0,1,Cart
13,636.0,1910.0,666.0,1950.0,103,0,0,1,Cart
13,634.0,1910.0,664.0,1950.0,104,0,0,1,Cart
13,634.0,1910.0,664.0,1950.0,105,0,0,0,Cart
13,632.0,1905.0,662.0,1946.0,106,0,0,1,Cart
13,630.0,1905.0,660.0,1946.0,107,0,0,1,Cart
13,630.0,1905.0,660.0,1946.0,108,0,0,1,Cart
13,628.0,1905.0,658.0,1946.0,109,0,0,1,Cart
13,628.0,1905.0,658.0,1946.0,110,0,0,1,Cart
13,626.0,1905.0,656.0,1946.0,111,0,0,1,Cart
13,624.0,1905.0,654.0,1946.0,112,0,0,1,Cart
13,624.0,1905.0,654.0,1946.0,113,0,0,1,Cart
13,622.0,1905.0,652.0,1946.0,114,0,0,1,Cart
13,622.0,1905.0,652.0,1946.0,115,0,0,0,Cart
13,620.0,1901.0,650.0,1946.0,116,0,0,1,Cart
13,620.0,1901.0,650.0,1946.0,117,0,0,1,Cart
13,618.0,1901.0,648.0,1946.0,118,0,0,1,Cart
13,618.0,1901.0,648.0,1946.0,119,0,0,1,Cart
13,618.0,1897.0,646.0,1946.0,120,0,0,1,Cart
13,616.0,1897.0,646.0,1946.0,121,0,0,1,Cart
13,616.0,1897.0,644.0,1946.0,122,0,0,1,Cart
13,614.0,1897.0,644.0,1946.0,123,0,0,1,Cart
13,614.0,1893.0,642.0,1946.0,124,0,0,1,Cart
13,614.0,1893.0,642.0,1950.0,125,0,0,1,Cart
13,612.0,1893.0,640.0,1950.0,126,0,0,1,Cart
13,612.0,1893.0,640.0,1950.0,127,0,0,1,Cart
13,610.0,1889.0,638.0,1950.0,128,0,0,1,Cart
13,610.0,1889.0,638.0,1950.0,129,0,0,1,Cart
13,610.0,1889.0,636.0,1950.0,130,0,0,1,Cart
13,608.0,1889.0,636.0,1950.0,131,0,0,1,Cart
13,608.0,1885.0,634.0,1950.0,132,0,0,1,Cart
13,606.0,1885.0,634.0,1950.0,133,0,0,1,Cart
13,606.0,1885.0,632.0,1950.0,134,0,0,1,Cart
13,606.0,1885.0,632.0,1954.0,135,0,0,0,Cart
13,606.0,1885.0,632.0,1954.0,136,0,0,1,Cart
13,606.0,1885.0,632.0,1954.0,137,0,0,1,Cart
13,606.0,1885.0,632.0,1954.0,138,0,0,1,Cart
13,606.0,1885.0,632.0,1954.0,139,0,0,1,Cart
13,606.0,1885.0,632.0,1954.0,140,0,0,1,Cart
13,606.0,1885.0,632.0,1954.0,141,0,0,1,Cart
13,606.0,1885.0,632.0,1954.0,142,0,0,1,Cart
13,606.0,1885.0,632.0,1954.0,143,0,0,1,Cart
13,606.0,1885.0,632.0,1954.0,144,0,0,1,Cart
13,606.0,1885.0,632.0,1954.0,145,0,0,1,Cart
13,606.0,1885.0,632.0,1954.0,146,0,0,1,Cart
13,606.0,1885.0,632.0,1954.0,147,0,0,1,Cart
13,606.0,1885.0,632.0,1954.0,148,0,0,1,Cart
13,606.0,1885.0,632.0,1954.0,149,0,0,1,Cart
13,606.0,1885.0,632.0,1954.0,150,0,0,1,Cart
13,606.0,1885.0,632.0,1954.0,151,0,0,1,Cart
13,606.0,1885.0,632.0,1954.0,152,0,0,1,Cart
13,606.0,1885.0,632.0,1954.0,153,0,0,1,Cart
13,606.0,1885.0,632.0,1954.0,154,0,0,1,Cart
13,606.0,1885.0,632.0,1954.0,155,0,0,1,Cart
13,606.0,1885.0,632.0,1954.0,156,0,0,1,Cart
13,606.0,1885.0,632.0,1954.0,157,0,0,1,Cart
13,606.0,1885.0,632.0,1954.0,158,1,1,0,Cart
13,606.0,1885.0,632.0,1954.0,159,1,1,1,Cart
13,606.0,1885.0,632.0,1954.0,160,1,1,1,Cart
13,606.0,1885.0,632.0,1954.0,161,1,1,1,Cart
13,606.0,1885.0,632.0,1954.0,162,1,1,1,Cart
13,606.0,1885.0,632.0,1954.0,163,1,1,1,Cart
13,606.0,1885.0,632.0,1954.0,164,1,1,1,Cart
13,606.0,1885.0,632.0,1954.0,165,1,1,1,Cart
13,606.0,1885.0,632.0,1954.0,166,1,1,1,Cart
13,606.0,1885.0,632.0,1954.0,167,1,1,1,Cart
13,606.0,1885.0,632.0,1954.0,168,1,1,1,Cart
13,606.0,1885.0,632.0,1954.0,169,1,1,1,Cart
13,606.0,1885.0,632.0,1954.0,170,1,1,1,Cart
13,606.0,1885.0,632.0,1954.0,171,1,1,1,Cart
13,606.0,1885.0,632.0,1954.0,172,1,1,1,Cart
13,606.0,1885.0,632.0,1954.0,173,1,1,1,Cart
13,606.0,1885.0,632.0,1954.0,174,1,1,1,Cart
13,606.0,1885.0,632.0,1954.0,175,1,1,1,Cart
13,606.0,1885.0,632.0,1954.0,176,1,1,1,Cart
13,606.0,1885.0,632.0,1954.0,177,1,1,1,Cart
13,606.0,1885.0,632.0,1954.0,178,1,1,1,Cart
13,606.0,1885.0,632.0,1954.0,179,1,1,1,Cart
13,606.0,1885.0,632.0,1954.0,180,1,1,1,Cart
13,606.0,1885.0,632.0,1954.0,181,1,1,1,Cart
13,606.0,1885.0,632.0,1954.0,182,1,1,1,Cart
13,606.0,1885.0,632.0,1954.0,183,1,1,1,Cart
13,606.0,1885.0,632.0,1954.0,184,1,1,1,Cart
13,606.0,1885.0,632.0,1954.0,185,1,1,1,Cart
13,606.0,1885.0,632.0,1954.0,186,1,1,1,Cart
13,606.0,1885.0,632.0,1954.0,187,1,1,1,Cart
13,606.0,1885.0,632.0,1954.0,188,1,1,1,Cart
13,606.0,1885.0,632.0,1954.0,189,1,1,1,Cart
13,606.0,1885.0,632.0,1954.0,190,1,1,1,Cart
13,606.0,1885.0,632.0,1954.0,191,1,1,1,Cart
13,606.0,1885.0,632.0,1954.0,192,1,1,1,Cart
13,606.0,1885.0,632.0,1954.0,193,1,1,1,Cart
13,606.0,1885.0,632.0,1954.0,194,1,1,1,Cart
13,606.0,1885.0,632.0,1954.0,195,1,1,1,Cart
13,606.0,1885.0,632.0,1954.0,196,1,1,1,Cart
13,606.0,1885.0,632.0,1954.0,197,1,1,1,Cart
13,606.0,1885.0,632.0,1954.0,198,1,1,1,Cart
13,606.0,1885.0,632.0,1954.0,199,1,1,1,Cart
13,606.0,1885.0,632.0,1954.0,200,1,1,1,Cart
13,606.0,1885.0,632.0,1954.0,201,1,1,1,Cart
13,606.0,1885.0,632.0,1954.0,202,1,1,1,Cart
13,606.0,1885.0,632.0,1954.0,203,1,1,1,Cart
13,606.0,1885.0,632.0,1954.0,204,1,1,1,Cart
13,606.0,1885.0,632.0,1954.0,205,1,1,1,Cart
13,606.0,1885.0,632.0,1954.0,206,1,1,1,Cart
13,606.0,1885.0,632.0,1954.0,207,1,1,1,Cart
13,606.0,1885.0,632.0,1954.0,208,1,1,1,Cart
13,606.0,1885.0,632.0,1954.0,209,1,1,1,Cart
13,606.0,1885.0,632.0,1954.0,210,1,1,1,Cart
13,606.0,1885.0,632.0,1954.0,211,1,1,1,Cart
13,606.0,1885.0,632.0,1954.0,212,1,1,1,Cart
13,606.0,1885.0,632.0,1954.0,213,1,1,1,Cart
13,606.0,1885.0,632.0,1954.0,214,1,1,1,Cart
13,606.0,1885.0,632.0,1954.0,215,1,1,1,Cart
13,606.0,1885.0,632.0,1954.0,216,1,1,1,Cart
13,606.0,1885.0,632.0,1954.0,217,1,1,1,Cart
13,606.0,1885.0,632.0,1954.0,218,1,1,1,Cart
13,606.0,1885.0,632.0,1954.0,219,1,1,1,Cart
13,606.0,1885.0,632.0,1954.0,220,1,1,1,Cart
13,606.0,1885.0,632.0,1954.0,221,1,1,1,Cart
13,606.0,1885.0,632.0,1954.0,222,1,1,1,Cart
13,606.0,1885.0,632.0,1954.0,223,1,1,1,Cart
13,606.0,1885.0,632.0,1954.0,224,1,1,1,Cart
13,606.0,1885.0,632.0,1954.0,225,1,1,1,Cart
13,606.0,1885.0,632.0,1954.0,226,1,1,1,Cart
13,606.0,1885.0,632.0,1954.0,227,1,1,1,Cart
13,606.0,1885.0,632.0,1954.0,228,1,1,1,Cart
13,606.0,1885.0,632.0,1954.0,229,1,1,1,Cart
13,606.0,1885.0,632.0,1954.0,230,1,1,1,Cart
13,606.0,1885.0,632.0,1954.0,231,1,1,1,Cart
13,606.0,1885.0,632.0,1954.0,232,1,1,1,Cart
13,606.0,1885.0,632.0,1954.0,233,1,1,1,Cart
13,606.0,1885.0,632.0,1954.0,234,1,1,1,Cart
13,606.0,1885.0,632.0,1954.0,235,1,1,1,Cart
13,606.0,1885.0,632.0,1954.0,236,1,1,1,Cart
13,606.0,1885.0,632.0,1954.0,237,1,1,1,Cart
13,606.0,1885.0,632.0,1954.0,238,1,1,1,Cart
13,606.0,1885.0,632.0,1954.0,239,1,1,1,Cart
13,606.0,1885.0,632.0,1954.0,240,1,1,1,Cart
13,606.0,1885.0,632.0,1954.0,241,1,1,1,Cart
13,606.0,1885.0,632.0,1954.0,242,1,1,1,Cart
13,606.0,1885.0,632.0,1954.0,243,1,1,1,Cart
13,606.0,1885.0,632.0,1954.0,244,1,1,1,Cart
13,606.0,1885.0,632.0,1954.0,245,1,1,1,Cart
13,606.0,1885.0,632.0,1954.0,246,1,1,1,Cart
13,606.0,1885.0,632.0,1954.0,247,1,1,1,Cart
13,606.0,1885.0,632.0,1954.0,248,1,1,1,Cart
13,606.0,1885.0,632.0,1954.0,249,1,1,1,Cart
13,606.0,1885.0,632.0,1954.0,250,1,1,1,Cart
13,606.0,1885.0,632.0,1954.0,251,1,1,1,Cart
13,606.0,1885.0,632.0,1954.0,252,1,1,1,Cart
13,606.0,1885.0,632.0,1954.0,253,1,1,1,Cart
13,606.0,1885.0,632.0,1954.0,254,1,1,1,Cart
13,606.0,1885.0,632.0,1954.0,255,1,1,1,Cart
13,606.0,1885.0,632.0,1954.0,256,1,1,1,Cart
13,606.0,1885.0,632.0,1954.0,257,1,1,1,Cart
13,606.0,1885.0,632.0,1954.0,258,1,1,1,Cart
13,606.0,1885.0,632.0,1954.0,259,1,1,1,Cart
13,606.0,1885.0,632.0,1954.0,260,1,1,1,Cart
13,606.0,1885.0,632.0,1954.0,261,1,1,1,Cart
13,606.0,1885.0,632.0,1954.0,262,1,1,1,Cart
13,606.0,1885.0,632.0,1954.0,263,1,1,1,Cart
13,606.0,1885.0,632.0,1954.0,264,1,1,1,Cart
13,606.0,1885.0,632.0,1954.0,265,1,1,1,Cart
13,606.0,1885.0,632.0,1954.0,266,1,1,1,Cart
13,606.0,1885.0,632.0,1954.0,267,1,1,1,Cart
13,606.0,1885.0,632.0,1954.0,268,1,1,1,Cart
13,606.0,1885.0,632.0,1954.0,269,1,1,1,Cart
13,606.0,1885.0,632.0,1954.0,270,1,1,1,Cart
13,606.0,1885.0,632.0,1954.0,271,1,1,1,Cart
13,606.0,1885.0,632.0,1954.0,272,1,1,1,Cart
13,606.0,1885.0,632.0,1954.0,273,1,1,1,Cart
13,606.0,1885.0,632.0,1954.0,274,1,1,1,Cart
13,606.0,1885.0,632.0,1954.0,275,1,1,1,Cart
13,606.0,1885.0,632.0,1954.0,276,1,1,1,Cart
13,606.0,1885.0,632.0,1954.0,277,1,1,1,Cart
13,606.0,1885.0,632.0,1954.0,278,1,1,1,Cart
13,606.0,1885.0,632.0,1954.0,279,1,0,0,Cart
13,606.0,1885.0,632.0,1954.0,280,1,0,1,Cart
13,606.0,1885.0,632.0,1954.0,281,1,0,1,Cart
13,606.0,1885.0,632.0,1954.0,282,1,0,1,Cart
13,608.0,1885.0,634.0,1954.0,283,1,0,1,Cart
13,608.0,1885.0,634.0,1954.0,284,1,0,1,Cart
13,608.0,1885.0,634.0,1954.0,285,1,0,1,Cart
13,610.0,1885.0,636.0,1954.0,286,1,0,1,Cart
13,610.0,1885.0,636.0,1954.0,287,1,0,1,Cart
13,610.0,1885.0,636.0,1954.0,288,1,0,1,Cart
13,610.0,1885.0,638.0,1954.0,289,1,0,1,Cart
13,612.0,1885.0,638.0,1954.0,290,1,0,1,Cart
13,612.0,1885.0,638.0,1954.0,291,1,0,1,Cart
13,612.0,1885.0,638.0,1954.0,292,1,0,1,Cart
13,614.0,1885.0,640.0,1954.0,293,1,0,1,Cart
13,614.0,1885.0,640.0,1954.0,294,1,0,1,Cart
13,614.0,1885.0,640.0,1954.0,295,1,0,1,Cart
13,614.0,1885.0,642.0,1954.0,296,1,0,1,Cart
13,616.0,1885.0,642.0,1954.0,297,1,0,1,Cart
13,616.0,1885.0,642.0,1954.0,298,1,0,1,Cart
13,616.0,1885.0,644.0,1954.0,299,1,0,1,Cart
13,618.0,1885.0,644.0,1954.0,300,1,0,1,Cart
13,618.0,1889.0,644.0,1954.0,301,1,0,1,Cart
13,618.0,1889.0,646.0,1954.0,302,1,0,1,Cart
13,618.0,1889.0,646.0,1954.0,303,1,0,1,Cart
13,620.0,1889.0,646.0,1954.0,304,1,0,1,Cart
13,620.0,1889.0,646.0,1954.0,305,1,0,1,Cart
13,620.0,1889.0,648.0,1954.0,306,1,0,1,Cart
13,622.0,1889.0,648.0,1954.0,307,1,0,1,Cart
13,622.0,1889.0,648.0,1954.0,308,1,0,1,Cart
13,622.0,1889.0,650.0,1954.0,309,1,0,1,Cart
13,624.0,1889.0,650.0,1954.0,310,1,0,1,Cart
13,624.0,1889.0,650.0,1954.0,311,1,0,1,Cart
13,624.0,1889.0,652.0,1954.0,312,1,0,1,Cart
13,624.0,1889.0,652.0,1954.0,313,1,0,1,Cart
13,626.0,1889.0,652.0,1954.0,314,1,0,1,Cart
13,626.0,1889.0,652.0,1954.0,315,1,0,1,Cart
13,626.0,1889.0,654.0,1954.0,316,1,0,1,Cart
13,628.0,1889.0,654.0,1954.0,317,1,0,1,Cart
13,628.0,1889.0,654.0,1954.0,318,1,0,1,Cart
13,628.0,1889.0,656.0,1954.0,319,1,0,1,Cart
13,628.0,1889.0,656.0,1954.0,320,1,0,1,Cart
13,630.0,1889.0,656.0,1954.0,321,1,0,1,Cart
13,630.0,1889.0,658.0,1954.0,322,1,0,1,Cart
13,630.0,1893.0,658.0,1954.0,323,1,0,1,Cart
13,632.0,1893.0,658.0,1954.0,324,1,0,1,Cart
13,632.0,1893.0,660.0,1954.0,325,1,0,1,Cart
13,632.0,1893.0,660.0,1954.0,326,1,0,1,Cart
13,632.0,1893.0,660.0,1954.0,327,1,0,1,Cart
13,634.0,1893.0,660.0,1954.0,328,1,0,1,Cart
13,634.0,1893.0,662.0,1954.0,329,1,0,1,Cart
13,634.0,1893.0,662.0,1954.0,330,1,0,1,Cart
13,636.0,1893.0,662.0,1954.0,331,1,0,1,Cart
13,636.0,1893.0,664.0,1954.0,332,1,0,1,Cart
13,636.0,1893.0,664.0,1954.0,333,1,0,1,Cart
13,638.0,1893.0,664.0,1954.0,334,1,0,1,Cart
13,638.0,1893.0,666.0,1954.0,335,1,0,1,Cart
13,638.0,1893.0,666.0,1954.0,336,1,0,1,Cart
13,638.0,1893.0,666.0,1954.0,337,1,0,1,Cart
13,640.0,1893.0,666.0,1954.0,338,1,0,1,Cart
13,640.0,1893.0,668.0,1954.0,339,1,0,1,Cart
13,640.0,1893.0,668.0,1954.0,340,1,0,1,Cart
13,642.0,1893.0,668.0,1954.0,341,1,0,1,Cart
13,642.0,1893.0,670.0,1954.0,342,1,0,1,Cart
13,642.0,1893.0,670.0,1954.0,343,1,0,1,Cart
13,642.0,1897.0,670.0,1954.0,344,1,0,1,Cart
13,644.0,1897.0,672.0,1954.0,345,1,0,1,Cart
13,644.0,1897.0,672.0,1954.0,346,1,0,1,Cart
13,644.0,1897.0,672.0,1954.0,347,1,0,1,Cart
13,646.0,1897.0,674.0,1954.0,348,1,0,1,Cart
13,646.0,1897.0,674.0,1954.0,349,1,0,1,Cart
13,646.0,1897.0,674.0,1954.0,350,1,0,1,Cart
13,646.0,1897.0,674.0,1954.0,351,1,0,1,Cart
13,648.0,1897.0,676.0,1954.0,352,1,0,1,Cart
13,648.0,1897.0,676.0,1954.0,353,1,0,1,Cart
13,648.0,1897.0,676.0,1954.0,354,1,0,1,Cart
13,650.0,1897.0,678.0,1954.0,355,1,0,1,Cart
13,650.0,1897.0,678.0,1954.0,356,1,0,1,Cart
13,650.0,1897.0,678.0,1954.0,357,1,0,1,Cart
13,652.0,1897.0,680.0,1954.0,358,1,0,1,Cart
13,652.0,1897.0,680.0,1954.0,359,1,0,1,Cart
13,652.0,1897.0,680.0,1954.0,360,1,0,1,Cart
13,652.0,1897.0,680.0,1954.0,361,1,0,1,Cart
13,654.0,1897.0,682.0,1954.0,362,1,0,1,Cart
13,654.0,1897.0,682.0,1954.0,363,1,0,1,Cart
13,654.0,1897.0,682.0,1954.0,364,1,0,1,Cart
13,656.0,1897.0,684.0,1954.0,365,1,0,1,Cart
13,656.0,1901.0,684.0,1954.0,366,1,0,1,Cart
13,656.0,1901.0,684.0,1954.0,367,1,0,1,Cart
13,656.0,1901.0,686.0,1954.0,368,1,0,1,Cart
13,658.0,1901.0,686.0,1954.0,369,1,0,1,Cart
13,658.0,1901.0,686.0,1954.0,370,1,0,1,Cart
13,658.0,1901.0,688.0,1954.0,371,1,0,1,Cart
13,660.0,1901.0,688.0,1954.0,372,1,0,1,Cart
13,660.0,1901.0,688.0,1954.0,373,1,0,1,Cart
13,660.0,1901.0,688.0,1954.0,374,1,0,1,Cart
13,660.0,1901.0,690.0,1954.0,375,1,0,1,Cart
13,662.0,1901.0,690.0,1954.0,376,1,0,1,Cart
13,662.0,1901.0,690.0,1954.0,377,1,0,1,Cart
13,662.0,1901.0,692.0,1954.0,378,1,0,1,Cart
13,664.0,1901.0,692.0,1954.0,379,1,0,1,Cart
13,664.0,1901.0,692.0,1954.0,380,1,0,1,Cart
13,664.0,1901.0,694.0,1954.0,381,1,0,1,Cart
13,666.0,1901.0,694.0,1954.0,382,1,0,1,Cart
13,666.0,1901.0,694.0,1954.0,383,1,0,1,Cart
13,666.0,1901.0,694.0,1954.0,384,1,0,1,Cart
13,666.0,1901.0,696.0,1954.0,385,1,0,1,Cart
13,668.0,1901.0,696.0,1954.0,386,1,0,1,Cart
13,668.0,1905.0,696.0,1954.0,387,1,0,1,Cart
13,668.0,1905.0,698.0,1954.0,388,1,0,1,Cart
13,670.0,1905.0,698.0,1954.0,389,1,0,1,Cart
13,670.0,1905.0,698.0,1954.0,390,1,0,1,Cart
13,670.0,1905.0,700.0,1954.0,391,1,0,1,Cart
13,670.0,1905.0,700.0,1954.0,392,1,0,1,Cart
13,672.0,1905.0,700.0,1954.0,393,1,0,1,Cart
13,672.0,1905.0,702.0,1954.0,394,1,0,1,Cart
13,672.0,1905.0,702.0,1954.0,395,1,0,1,Cart
13,674.0,1905.0,702.0,1954.0,396,1,0,1,Cart
13,674.0,1905.0,702.0,1954.0,397,1,0,1,Cart
13,674.0,1905.0,704.0,1954.0,398,1,0,1,Cart
13,674.0,1905.0,704.0,1954.0,399,1,0,1,Cart
13,676.0,1905.0,704.0,1954.0,400,1,0,1,Cart
13,676.0,1905.0,706.0,1954.0,401,1,0,1,Cart
13,676.0,1905.0,706.0,1954.0,402,1,0,1,Cart
13,678.0,1905.0,706.0,1954.0,403,1,0,1,Cart
13,678.0,1905.0,708.0,1954.0,404,1,0,1,Cart
13,678.0,1905.0,708.0,1954.0,405,1,0,1,Cart
13,680.0,1905.0,708.0,1954.0,406,1,0,1,Cart
13,680.0,1905.0,708.0,1954.0,407,1,0,1,Cart
13,680.0,1905.0,710.0,1954.0,408,1,0,1,Cart
13,680.0,1910.0,710.0,1954.0,409,1,0,1,Cart
13,682.0,1910.0,710.0,1954.0,410,1,0,1,Cart
13,682.0,1910.0,712.0,1954.0,411,1,0,1,Cart
13,682.0,1910.0,712.0,1954.0,412,1,0,1,Cart
13,684.0,1910.0,712.0,1954.0,413,1,0,1,Cart
13,684.0,1910.0,714.0,1954.0,414,1,0,1,Cart
13,684.0,1910.0,714.0,1954.0,415,1,0,1,Cart
13,684.0,1910.0,714.0,1954.0,416,1,0,1,Cart
13,686.0,1910.0,716.0,1954.0,417,1,0,1,Cart
13,686.0,1910.0,716.0,1954.0,418,1,0,1,Cart
13,686.0,1910.0,716.0,1954.0,419,1,0,1,Cart
13,688.0,1910.0,716.0,1954.0,420,1,0,1,Cart
13,688.0,1910.0,718.0,1954.0,421,1,0,1,Cart
13,688.0,1910.0,718.0,1954.0,422,1,0,1,Cart
13,688.0,1910.0,718.0,1954.0,423,1,0,1,Cart
13,690.0,1910.0,719.0,1954.0,424,1,0,1,Cart
13,690.0,1910.0,719.0,1954.0,425,1,0,1,Cart
13,690.0,1910.0,719.0,1954.0,426,1,0,1,Cart
13,692.0,1910.0,721.0,1954.0,427,1,0,1,Cart
13,692.0,1910.0,721.0,1954.0,428,1,0,1,Cart
13,692.0,1910.0,721.0,1954.0,429,1,0,1,Cart
13,694.0,1914.0,723.0,1954.0,430,0,0,0,Cart
14,706.0,1648.0,733.0,1701.0,0,0,0,0,Pedestrian
14,706.0,1644.0,733.0,1697.0,1,0,0,1,Pedestrian
14,706.0,1644.0,733.0,1697.0,2,0,0,1,Pedestrian
14,706.0,1644.0,733.0,1697.0,3,0,0,1,Pedestrian
14,706.0,1640.0,733.0,1693.0,4,0,0,1,Pedestrian
14,706.0,1640.0,733.0,1693.0,5,0,0,1,Pedestrian
14,706.0,1640.0,733.0,1693.0,6,0,0,1,Pedestrian
14,706.0,1640.0,733.0,1693.0,7,0,0,1,Pedestrian
14,706.0,1636.0,733.0,1689.0,8,0,0,1,Pedestrian
14,706.0,1636.0,733.0,1689.0,9,0,0,1,Pedestrian
14,706.0,1636.0,733.0,1689.0,10,0,0,1,Pedestrian
14,706.0,1632.0,733.0,1685.0,11,0,0,1,Pedestrian
14,706.0,1632.0,733.0,1685.0,12,0,0,1,Pedestrian
14,706.0,1632.0,733.0,1685.0,13,0,0,1,Pedestrian
14,706.0,1632.0,733.0,1685.0,14,0,0,1,Pedestrian
14,706.0,1628.0,733.0,1681.0,15,0,0,1,Pedestrian
14,706.0,1628.0,733.0,1681.0,16,0,0,1,Pedestrian
14,706.0,1628.0,733.0,1681.0,17,0,0,1,Pedestrian
14,706.0,1624.0,733.0,1677.0,18,0,0,1,Pedestrian
14,706.0,1624.0,733.0,1677.0,19,0,0,1,Pedestrian
14,706.0,1624.0,733.0,1677.0,20,0,0,1,Pedestrian
14,706.0,1624.0,733.0,1677.0,21,0,0,1,Pedestrian
14,706.0,1620.0,733.0,1673.0,22,0,0,1,Pedestrian
14,706.0,1620.0,733.0,1673.0,23,0,0,1,Pedestrian
14,706.0,1620.0,733.0,1673.0,24,0,0,1,Pedestrian
14,706.0,1616.0,733.0,1669.0,25,0,0,1,Pedestrian
14,706.0,1616.0,733.0,1669.0,26,0,0,1,Pedestrian
14,706.0,1616.0,733.0,1669.0,27,0,0,1,Pedestrian
14,706.0,1616.0,733.0,1669.0,28,0,0,1,Pedestrian
14,706.0,1612.0,733.0,1665.0,29,0,0,1,Pedestrian
14,706.0,1612.0,733.0,1665.0,30,0,0,1,Pedestrian
14,706.0,1612.0,733.0,1665.0,31,0,0,1,Pedestrian
14,706.0,1608.0,733.0,1661.0,32,0,0,1,Pedestrian
14,706.0,1608.0,733.0,1661.0,33,0,0,1,Pedestrian
14,706.0,1608.0,733.0,1661.0,34,0,0,1,Pedestrian
14,706.0,1608.0,733.0,1661.0,35,0,0,1,Pedestrian
14,706.0,1603.0,733.0,1656.0,36,0,0,1,Pedestrian
14,706.0,1603.0,733.0,1656.0,37,0,0,1,Pedestrian
14,706.0,1603.0,733.0,1656.0,38,0,0,1,Pedestrian
14,706.0,1599.0,733.0,1652.0,39,0,0,1,Pedestrian
14,706.0,1599.0,733.0,1652.0,40,0,0,1,Pedestrian
14,706.0,1599.0,733.0,1652.0,41,0,0,1,Pedestrian
14,706.0,1599.0,733.0,1652.0,42,0,0,1,Pedestrian
14,706.0,1595.0,733.0,1648.0,43,0,0,1,Pedestrian
14,706.0,1595.0,733.0,1648.0,44,0,0,1,Pedestrian
14,706.0,1595.0,733.0,1648.0,45,0,0,1,Pedestrian
14,706.0,1591.0,733.0,1644.0,46,0,0,1,Pedestrian
14,706.0,1591.0,733.0,1644.0,47,0,0,1,Pedestrian
14,706.0,1591.0,733.0,1644.0,48,0,0,1,Pedestrian
14,706.0,1591.0,733.0,1644.0,49,0,0,1,Pedestrian
14,706.0,1587.0,733.0,1640.0,50,0,0,1,Pedestrian
14,706.0,1587.0,733.0,1640.0,51,0,0,1,Pedestrian
14,706.0,1587.0,733.0,1640.0,52,0,0,1,Pedestrian
14,706.0,1583.0,733.0,1636.0,53,0,0,1,Pedestrian
14,706.0,1583.0,733.0,1636.0,54,0,0,1,Pedestrian
14,706.0,1583.0,733.0,1636.0,55,0,0,1,Pedestrian
14,706.0,1583.0,733.0,1636.0,56,0,0,1,Pedestrian
14,706.0,1579.0,733.0,1632.0,57,0,0,1,Pedestrian
14,706.0,1579.0,733.0,1632.0,58,0,0,1,Pedestrian
14,706.0,1579.0,733.0,1632.0,59,0,0,1,Pedestrian
14,706.0,1575.0,733.0,1628.0,60,0,0,1,Pedestrian
14,706.0,1575.0,733.0,1628.0,61,0,0,1,Pedestrian
14,706.0,1575.0,733.0,1628.0,62,0,0,1,Pedestrian
14,706.0,1575.0,733.0,1628.0,63,0,0,1,Pedestrian
14,706.0,1571.0,733.0,1624.0,64,0,0,1,Pedestrian
14,706.0,1571.0,733.0,1624.0,65,0,0,1,Pedestrian
14,706.0,1571.0,733.0,1624.0,66,0,0,1,Pedestrian
14,706.0,1567.0,733.0,1620.0,67,0,0,1,Pedestrian
14,706.0,1567.0,733.0,1620.0,68,0,0,1,Pedestrian
14,706.0,1567.0,733.0,1620.0,69,0,0,1,Pedestrian
14,706.0,1567.0,733.0,1620.0,70,0,0,1,Pedestrian
14,706.0,1563.0,733.0,1616.0,71,0,0,1,Pedestrian
14,706.0,1563.0,733.0,1616.0,72,0,0,1,Pedestrian
14,706.0,1563.0,733.0,1616.0,73,0,0,1,Pedestrian
14,706.0,1563.0,733.0,1616.0,74,0,0,0,Pedestrian
14,706.0,1559.0,733.0,1612.0,75,0,0,1,Pedestrian
14,706.0,1559.0,733.0,1612.0,76,0,0,1,Pedestrian
14,706.0,1559.0,733.0,1612.0,77,0,0,1,Pedestrian
14,706.0,1554.0,733.0,1608.0,78,0,0,1,Pedestrian
14,706.0,1554.0,733.0,1608.0,79,0,0,1,Pedestrian
14,708.0,1554.0,735.0,1608.0,80,0,0,1,Pedestrian
14,708.0,1550.0,735.0,1603.0,81,0,0,1,Pedestrian
14,708.0,1550.0,735.0,1603.0,82,0,0,1,Pedestrian
14,708.0,1550.0,735.0,1603.0,83,0,0,1,Pedestrian
14,708.0,1546.0,735.0,1599.0,84,0,0,1,Pedestrian
14,708.0,1546.0,735.0,1599.0,85,0,0,1,Pedestrian
14,710.0,1546.0,737.0,1599.0,86,0,0,1,Pedestrian
14,710.0,1542.0,737.0,1595.0,87,0,0,1,Pedestrian
14,710.0,1542.0,737.0,1595.0,88,0,0,1,Pedestrian
14,710.0,1542.0,737.0,1595.0,89,0,0,1,Pedestrian
14,710.0,1538.0,737.0,1591.0,90,0,0,1,Pedestrian
14,710.0,1538.0,737.0,1591.0,91,0,0,1,Pedestrian
14,712.0,1538.0,739.0,1591.0,92,0,0,1,Pedestrian
14,712.0,1534.0,739.0,1587.0,93,0,0,1,Pedestrian
14,712.0,1534.0,739.0,1587.0,94,0,0,1,Pedestrian
14,712.0,1534.0,739.0,1587.0,95,0,0,1,Pedestrian
14,712.0,1534.0,739.0,1587.0,96,0,0,1,Pedestrian
14,712.0,1530.0,739.0,1583.0,97,0,0,1,Pedestrian
14,714.0,1530.0,741.0,1583.0,98,0,0,1,Pedestrian
14,714.0,1530.0,741.0,1583.0,99,0,0,1,Pedestrian
14,714.0,1526.0,741.0,1579.0,100,0,0,1,Pedestrian
14,714.0,1526.0,741.0,1579.0,101,0,0,1,Pedestrian
14,714.0,1526.0,741.0,1579.0,102,0,0,1,Pedestrian
14,714.0,1522.0,741.0,1575.0,103,0,0,1,Pedestrian
14,716.0,1522.0,743.0,1575.0,104,0,0,1,Pedestrian
14,716.0,1522.0,743.0,1575.0,105,0,0,1,Pedestrian
14,716.0,1518.0,743.0,1571.0,106,0,0,1,Pedestrian
14,716.0,1518.0,743.0,1571.0,107,0,0,1,Pedestrian
14,716.0,1518.0,743.0,1571.0,108,0,0,1,Pedestrian
14,716.0,1514.0,743.0,1567.0,109,0,0,1,Pedestrian
14,718.0,1514.0,745.0,1567.0,110,0,0,1,Pedestrian
14,718.0,1514.0,745.0,1567.0,111,0,0,1,Pedestrian
14,718.0,1510.0,745.0,1563.0,112,0,0,1,Pedestrian
14,718.0,1510.0,745.0,1563.0,113,0,0,1,Pedestrian
14,718.0,1510.0,745.0,1563.0,114,0,0,1,Pedestrian
14,719.0,1510.0,747.0,1563.0,115,0,0,0,Pedestrian
14,718.0,1505.0,745.0,1559.0,116,0,0,1,Pedestrian
14,718.0,1505.0,745.0,1559.0,117,0,0,1,Pedestrian
14,718.0,1505.0,745.0,1559.0,118,0,0,1,Pedestrian
14,718.0,1505.0,745.0,1559.0,119,0,0,1,Pedestrian
14,718.0,1505.0,745.0,1559.0,120,0,0,1,Pedestrian
14,718.0,1505.0,745.0,1559.0,121,0,0,1,Pedestrian
14,716.0,1501.0,743.0,1554.0,122,0,0,1,Pedestrian
14,716.0,1501.0,743.0,1554.0,123,0,0,1,Pedestrian
14,716.0,1501.0,743.0,1554.0,124,0,0,1,Pedestrian
14,716.0,1501.0,743.0,1554.0,125,0,0,1,Pedestrian
14,716.0,1501.0,743.0,1554.0,126,0,0,1,Pedestrian
14,716.0,1501.0,743.0,1554.0,127,0,0,1,Pedestrian
14,716.0,1501.0,743.0,1554.0,128,0,0,1,Pedestrian
14,714.0,1497.0,741.0,1550.0,129,0,0,1,Pedestrian
14,714.0,1497.0,741.0,1550.0,130,0,0,1,Pedestrian
14,714.0,1497.0,741.0,1550.0,131,0,0,1,Pedestrian
14,714.0,1497.0,741.0,1550.0,132,0,0,1,Pedestrian
14,714.0,1497.0,741.0,1550.0,133,0,0,1,Pedestrian
14,714.0,1497.0,741.0,1550.0,134,0,0,1,Pedestrian
14,714.0,1497.0,741.0,1550.0,135,0,0,0,Pedestrian
14,714.0,1493.0,741.0,1546.0,136,0,0,1,Pedestrian
14,714.0,1493.0,741.0,1546.0,137,0,0,1,Pedestrian
14,714.0,1489.0,741.0,1542.0,138,0,0,1,Pedestrian
14,714.0,1489.0,741.0,1542.0,139,0,0,1,Pedestrian
14,714.0,1489.0,741.0,1542.0,140,0,0,1,Pedestrian
14,714.0,1485.0,741.0,1538.0,141,0,0,1,Pedestrian
14,714.0,1485.0,741.0,1538.0,142,0,0,1,Pedestrian
14,716.0,1481.0,743.0,1534.0,143,0,0,1,Pedestrian
14,716.0,1481.0,743.0,1534.0,144,0,0,1,Pedestrian
14,716.0,1481.0,743.0,1534.0,145,0,0,1,Pedestrian
14,716.0,1477.0,743.0,1530.0,146,0,0,1,Pedestrian
14,716.0,1477.0,743.0,1530.0,147,0,0,1,Pedestrian
14,716.0,1473.0,743.0,1526.0,148,0,0,1,Pedestrian
14,716.0,1473.0,743.0,1526.0,149,0,0,1,Pedestrian
14,716.0,1473.0,743.0,1526.0,150,0,0,1,Pedestrian
14,718.0,1469.0,745.0,1522.0,151,0,0,1,Pedestrian
14,718.0,1469.0,745.0,1522.0,152,0,0,1,Pedestrian
14,718.0,1465.0,745.0,1518.0,153,0,0,1,Pedestrian
14,718.0,1465.0,745.0,1518.0,154,0,0,1,Pedestrian
14,718.0,1465.0,745.0,1518.0,155,0,0,1,Pedestrian
14,718.0,1461.0,745.0,1514.0,156,0,0,1,Pedestrian
14,718.0,1461.0,745.0,1514.0,157,0,0,1,Pedestrian
14,719.0,1461.0,747.0,1514.0,158,0,0,0,Pedestrian
14,719.0,1457.0,747.0,1510.0,159,0,0,1,Pedestrian
14,719.0,1457.0,747.0,1510.0,160,0,0,1,Pedestrian
14,719.0,1457.0,747.0,1510.0,161,0,0,1,Pedestrian
14,719.0,1452.0,747.0,1505.0,162,0,0,1,Pedestrian
14,721.0,1452.0,749.0,1505.0,163,0,0,1,Pedestrian
14,721.0,1452.0,749.0,1505.0,164,0,0,1,Pedestrian
14,721.0,1448.0,749.0,1501.0,165,0,0,1,Pedestrian
14,721.0,1448.0,749.0,1501.0,166,0,0,1,Pedestrian
14,723.0,1448.0,751.0,1501.0,167,0,0,1,Pedestrian
14,723.0,1444.0,751.0,1497.0,168,0,0,1,Pedestrian
14,723.0,1444.0,751.0,1497.0,169,0,0,1,Pedestrian
14,723.0,1444.0,751.0,1497.0,170,0,0,1,Pedestrian
14,725.0,1440.0,753.0,1493.0,171,0,0,1,Pedestrian
14,725.0,1440.0,753.0,1493.0,172,0,0,1,Pedestrian
14,725.0,1440.0,753.0,1493.0,173,0,0,1,Pedestrian
14,725.0,1436.0,753.0,1489.0,174,0,0,1,Pedestrian
14,727.0,1436.0,755.0,1489.0,175,0,0,1,Pedestrian
14,727.0,1436.0,755.0,1489.0,176,0,0,1,Pedestrian
14,727.0,1432.0,755.0,1485.0,177,0,0,1,Pedestrian
14,727.0,1432.0,755.0,1485.0,178,0,0,1,Pedestrian
14,729.0,1432.0,757.0,1485.0,179,0,0,0,Pedestrian
14,729.0,1432.0,757.0,1481.0,180,0,0,1,Pedestrian
14,729.0,1432.0,757.0,1481.0,181,0,0,1,Pedestrian
14,731.0,1432.0,759.0,1481.0,182,0,0,1,Pedestrian
14,731.0,1432.0,759.0,1481.0,183,0,0,1,Pedestrian
14,731.0,1432.0,759.0,1481.0,184,0,0,1,Pedestrian
14,733.0,1432.0,761.0,1481.0,185,0,0,1,Pedestrian
14,733.0,1432.0,761.0,1481.0,186,0,0,1,Pedestrian
14,733.0,1432.0,761.0,1481.0,187,0,0,1,Pedestrian
14,735.0,1432.0,763.0,1481.0,188,0,0,1,Pedestrian
14,735.0,1432.0,763.0,1481.0,189,0,0,1,Pedestrian
14,735.0,1432.0,763.0,1477.0,190,0,0,1,Pedestrian
14,737.0,1432.0,765.0,1477.0,191,0,0,1,Pedestrian
14,737.0,1432.0,765.0,1477.0,192,0,0,1,Pedestrian
14,737.0,1432.0,765.0,1477.0,193,0,0,1,Pedestrian
14,739.0,1432.0,767.0,1477.0,194,0,0,1,Pedestrian
14,739.0,1432.0,767.0,1477.0,195,0,0,1,Pedestrian
14,739.0,1432.0,767.0,1477.0,196,0,0,1,Pedestrian
14,741.0,1432.0,769.0,1477.0,197,0,0,1,Pedestrian
14,741.0,1432.0,769.0,1477.0,198,0,0,1,Pedestrian
14,743.0,1432.0,771.0,1477.0,199,0,0,0,Pedestrian
14,743.0,1428.0,771.0,1473.0,200,0,0,1,Pedestrian
14,745.0,1428.0,773.0,1473.0,201,0,0,1,Pedestrian
14,745.0,1428.0,773.0,1473.0,202,0,0,1,Pedestrian
14,747.0,1428.0,775.0,1473.0,203,0,0,1,Pedestrian
14,749.0,1424.0,775.0,1469.0,204,0,0,1,Pedestrian
14,749.0,1424.0,777.0,1469.0,205,0,0,1,Pedestrian
14,751.0,1424.0,777.0,1469.0,206,0,0,1,Pedestrian
14,751.0,1424.0,779.0,1469.0,207,0,0,1,Pedestrian
14,753.0,1420.0,781.0,1465.0,208,0,0,1,Pedestrian
14,755.0,1420.0,781.0,1465.0,209,0,0,1,Pedestrian
14,755.0,1420.0,783.0,1465.0,210,0,0,1,Pedestrian
14,757.0,1420.0,783.0,1465.0,211,0,0,1,Pedestrian
14,757.0,1416.0,785.0,1461.0,212,0,0,1,Pedestrian
14,759.0,1416.0,785.0,1461.0,213,0,0,1,Pedestrian
14,761.0,1416.0,787.0,1461.0,214,0,0,1,Pedestrian
14,761.0,1416.0,789.0,1461.0,215,0,0,1,Pedestrian
14,763.0,1416.0,789.0,1461.0,216,0,0,1,Pedestrian
14,763.0,1412.0,791.0,1457.0,217,0,0,1,Pedestrian
14,765.0,1412.0,791.0,1457.0,218,0,0,1,Pedestrian
14,767.0,1412.0,793.0,1457.0,219,0,0,1,Pedestrian
14,767.0,1412.0,793.0,1457.0,220,0,0,1,Pedestrian
14,769.0,1408.0,795.0,1452.0,221,0,0,1,Pedestrian
14,769.0,1408.0,797.0,1452.0,222,0,0,1,Pedestrian
14,771.0,1408.0,797.0,1452.0,223,0,0,1,Pedestrian
14,773.0,1408.0,799.0,1452.0,224,0,0,1,Pedestrian
14,773.0,1403.0,799.0,1448.0,225,0,0,1,Pedestrian
14,775.0,1403.0,801.0,1448.0,226,0,0,1,Pedestrian
14,775.0,1403.0,801.0,1448.0,227,0,0,1,Pedestrian
14,777.0,1403.0,803.0,1448.0,228,0,0,1,Pedestrian
14,779.0,1403.0,805.0,1448.0,229,0,0,0,Pedestrian
14,779.0,1399.0,805.0,1444.0,230,0,0,1,Pedestrian
14,779.0,1399.0,805.0,1444.0,231,0,0,1,Pedestrian
14,781.0,1399.0,807.0,1444.0,232,0,0,1,Pedestrian
14,781.0,1399.0,807.0,1444.0,233,0,0,1,Pedestrian
14,781.0,1399.0,807.0,1444.0,234,0,0,1,Pedestrian
14,783.0,1395.0,809.0,1440.0,235,0,0,1,Pedestrian
14,783.0,1395.0,809.0,1440.0,236,0,0,1,Pedestrian
14,783.0,1395.0,809.0,1440.0,237,0,0,1,Pedestrian
14,785.0,1395.0,811.0,1440.0,238,0,0,1,Pedestrian
14,785.0,1395.0,811.0,1440.0,239,0,0,1,Pedestrian
14,787.0,1391.0,813.0,1436.0,240,0,0,1,Pedestrian
14,787.0,1391.0,813.0,1436.0,241,0,0,1,Pedestrian
14,787.0,1391.0,813.0,1436.0,242,0,0,1,Pedestrian
14,789.0,1391.0,815.0,1436.0,243,0,0,1,Pedestrian
14,789.0,1391.0,815.0,1436.0,244,0,0,1,Pedestrian
14,789.0,1387.0,815.0,1432.0,245,0,0,1,Pedestrian
14,791.0,1387.0,817.0,1432.0,246,0,0,1,Pedestrian
14,791.0,1387.0,817.0,1432.0,247,0,0,1,Pedestrian
14,791.0,1387.0,817.0,1432.0,248,0,0,1,Pedestrian
14,793.0,1387.0,819.0,1432.0,249,0,0,1,Pedestrian
14,793.0,1383.0,819.0,1428.0,250,0,0,1,Pedestrian
14,795.0,1383.0,821.0,1428.0,251,0,0,1,Pedestrian
14,795.0,1383.0,821.0,1428.0,252,0,0,1,Pedestrian
14,795.0,1383.0,821.0,1428.0,253,0,0,1,Pedestrian
14,797.0,1383.0,823.0,1428.0,254,0,0,1,Pedestrian
14,797.0,1379.0,823.0,1424.0,255,0,0,1,Pedestrian
14,797.0,1379.0,823.0,1424.0,256,0,0,1,Pedestrian
14,799.0,1379.0,825.0,1424.0,257,0,0,1,Pedestrian
14,799.0,1379.0,825.0,1424.0,258,0,0,1,Pedestrian
14,801.0,1379.0,827.0,1424.0,259,0,0,0,Pedestrian
14,801.0,1375.0,827.0,1420.0,260,0,0,1,Pedestrian
14,801.0,1375.0,827.0,1420.0,261,0,0,1,Pedestrian
14,801.0,1375.0,827.0,1420.0,262,0,0,1,Pedestrian
14,803.0,1375.0,829.0,1420.0,263,0,0,1,Pedestrian
14,803.0,1375.0,829.0,1420.0,264,0,0,1,Pedestrian
14,803.0,1375.0,829.0,1420.0,265,0,0,1,Pedestrian
14,805.0,1371.0,831.0,1420.0,266,0,0,1,Pedestrian
14,805.0,1371.0,831.0,1420.0,267,0,0,1,Pedestrian
14,805.0,1371.0,831.0,1420.0,268,0,0,1,Pedestrian
14,807.0,1371.0,833.0,1420.0,269,0,0,1,Pedestrian
14,807.0,1371.0,833.0,1420.0,270,0,0,1,Pedestrian
14,807.0,1371.0,833.0,1420.0,271,0,0,1,Pedestrian
14,807.0,1371.0,833.0,1420.0,272,0,0,1,Pedestrian
14,809.0,1367.0,835.0,1420.0,273,0,0,1,Pedestrian
14,809.0,1367.0,835.0,1420.0,274,0,0,1,Pedestrian
14,809.0,1367.0,835.0,1420.0,275,0,0,1,Pedestrian
14,811.0,1367.0,837.0,1420.0,276,0,0,1,Pedestrian
14,811.0,1367.0,837.0,1420.0,277,0,0,1,Pedestrian
14,811.0,1367.0,837.0,1420.0,278,0,0,1,Pedestrian
14,813.0,1367.0,839.0,1420.0,279,0,0,0,Pedestrian
14,813.0,1363.0,839.0,1416.0,280,0,0,1,Pedestrian
14,813.0,1363.0,839.0,1416.0,281,0,0,1,Pedestrian
14,815.0,1363.0,841.0,1416.0,282,0,0,1,Pedestrian
14,815.0,1359.0,841.0,1412.0,283,0,0,1,Pedestrian
14,815.0,1359.0,841.0,1412.0,284,0,0,1,Pedestrian
14,817.0,1359.0,843.0,1412.0,285,0,0,1,Pedestrian
14,817.0,1359.0,843.0,1412.0,286,0,0,1,Pedestrian
14,817.0,1354.0,843.0,1408.0,287,0,0,1,Pedestrian
14,819.0,1354.0,845.0,1408.0,288,0,0,1,Pedestrian
14,819.0,1354.0,845.0,1408.0,289,0,0,1,Pedestrian
14,821.0,1354.0,847.0,1408.0,290,0,0,1,Pedestrian
14,821.0,1350.0,847.0,1403.0,291,0,0,1,Pedestrian
14,821.0,1350.0,847.0,1403.0,292,0,0,1,Pedestrian
14,823.0,1350.0,849.0,1403.0,293,0,0,1,Pedestrian
14,823.0,1350.0,849.0,1403.0,294,0,0,1,Pedestrian
14,823.0,1346.0,849.0,1399.0,295,0,0,1,Pedestrian
14,825.0,1346.0,851.0,1399.0,296,0,0,1,Pedestrian
14,825.0,1346.0,851.0,1399.0,297,0,0,1,Pedestrian
14,825.0,1342.0,851.0,1395.0,298,0,0,1,Pedestrian
14,827.0,1342.0,853.0,1395.0,299,0,0,1,Pedestrian
14,827.0,1342.0,853.0,1395.0,300,0,0,1,Pedestrian
14,829.0,1342.0,855.0,1395.0,301,0,0,1,Pedestrian
14,829.0,1338.0,855.0,1391.0,302,0,0,1,Pedestrian
14,829.0,1338.0,855.0,1391.0,303,0,0,1,Pedestrian
14,831.0,1338.0,857.0,1391.0,304,0,0,1,Pedestrian
14,831.0,1338.0,857.0,1391.0,305,0,0,1,Pedestrian
14,831.0,1334.0,857.0,1387.0,306,0,0,1,Pedestrian
14,833.0,1334.0,859.0,1387.0,307,0,0,1,Pedestrian
14,833.0,1334.0,859.0,1387.0,308,0,0,1,Pedestrian
14,835.0,1334.0,861.0,1387.0,309,0,0,0,Pedestrian
14,835.0,1334.0,861.0,1387.0,310,0,0,1,Pedestrian
14,835.0,1334.0,861.0,1387.0,311,0,0,1,Pedestrian
14,835.0,1334.0,861.0,1387.0,312,0,0,1,Pedestrian
14,835.0,1334.0,861.0,1387.0,313,0,0,1,Pedestrian
14,837.0,1334.0,863.0,1387.0,314,0,0,1,Pedestrian
14,837.0,1334.0,863.0,1387.0,315,0,0,1,Pedestrian
14,837.0,1334.0,863.0,1387.0,316,0,0,1,Pedestrian
14,837.0,1334.0,863.0,1387.0,317,0,0,1,Pedestrian
14,837.0,1334.0,863.0,1387.0,318,0,0,1,Pedestrian
14,839.0,1334.0,865.0,1387.0,319,0,0,0,Pedestrian
14,839.0,1334.0,865.0,1387.0,320,0,0,1,Pedestrian
14,839.0,1334.0,865.0,1387.0,321,0,0,1,Pedestrian
14,839.0,1334.0,865.0,1387.0,322,0,0,1,Pedestrian
14,841.0,1334.0,867.0,1387.0,323,0,0,1,Pedestrian
14,841.0,1334.0,867.0,1387.0,324,0,0,1,Pedestrian
14,841.0,1334.0,867.0,1387.0,325,0,0,1,Pedestrian
14,843.0,1334.0,869.0,1387.0,326,0,0,1,Pedestrian
14,843.0,1334.0,869.0,1387.0,327,0,0,1,Pedestrian
14,843.0,1334.0,869.0,1387.0,328,0,0,1,Pedestrian
14,845.0,1334.0,871.0,1387.0,329,0,0,0,Pedestrian
14,845.0,1330.0,871.0,1383.0,330,0,0,1,Pedestrian
14,845.0,1330.0,871.0,1383.0,331,0,0,1,Pedestrian
14,845.0,1326.0,873.0,1379.0,332,0,0,1,Pedestrian
14,845.0,1326.0,873.0,1379.0,333,0,0,1,Pedestrian
14,847.0,1326.0,875.0,1375.0,334,0,0,1,Pedestrian
14,847.0,1322.0,875.0,1375.0,335,0,0,1,Pedestrian
14,847.0,1322.0,875.0,1371.0,336,0,0,1,Pedestrian
14,847.0,1318.0,877.0,1371.0,337,0,0,1,Pedestrian
14,847.0,1318.0,877.0,1367.0,338,0,0,1,Pedestrian
14,849.0,1318.0,879.0,1367.0,339,0,0,1,Pedestrian
14,849.0,1314.0,879.0,1367.0,340,0,0,1,Pedestrian
14,849.0,1314.0,879.0,1363.0,341,0,0,1,Pedestrian
14,849.0,1310.0,881.0,1363.0,342,0,0,1,Pedestrian
14,849.0,1310.0,881.0,1359.0,343,0,0,1,Pedestrian
14,851.0,1310.0,883.0,1359.0,344,0,0,1,Pedestrian
14,851.0,1306.0,883.0,1354.0,345,0,0,1,Pedestrian
14,851.0,1306.0,883.0,1354.0,346,0,0,1,Pedestrian
14,851.0,1301.0,885.0,1350.0,347,0,0,1,Pedestrian
14,851.0,1301.0,885.0,1350.0,348,0,0,1,Pedestrian
14,853.0,1301.0,887.0,1350.0,349,0,1,0,Pedestrian
14,851.0,1301.0,885.0,1350.0,350,0,1,1,Pedestrian
14,849.0,1306.0,883.0,1354.0,351,0,1,1,Pedestrian
14,847.0,1310.0,881.0,1359.0,352,0,1,1,Pedestrian
14,845.0,1314.0,879.0,1363.0,353,0,1,1,Pedestrian
14,843.0,1314.0,877.0,1363.0,354,0,1,1,Pedestrian
14,841.0,1318.0,875.0,1367.0,355,0,1,1,Pedestrian
14,839.0,1322.0,873.0,1371.0,356,0,1,1,Pedestrian
14,837.0,1326.0,871.0,1375.0,357,0,1,1,Pedestrian
14,835.0,1330.0,869.0,1379.0,358,0,1,1,Pedestrian
14,833.0,1330.0,867.0,1379.0,359,0,1,1,Pedestrian
14,831.0,1334.0,865.0,1383.0,360,0,1,1,Pedestrian
14,829.0,1338.0,863.0,1387.0,361,0,1,1,Pedestrian
14,827.0,1342.0,861.0,1391.0,362,0,1,1,Pedestrian
14,827.0,1346.0,859.0,1395.0,363,0,1,1,Pedestrian
14,825.0,1346.0,857.0,1395.0,364,0,1,1,Pedestrian
14,823.0,1350.0,855.0,1399.0,365,0,1,1,Pedestrian
14,821.0,1354.0,853.0,1403.0,366,0,1,1,Pedestrian
14,819.0,1359.0,851.0,1408.0,367,0,1,1,Pedestrian
14,817.0,1359.0,849.0,1408.0,368,0,1,1,Pedestrian
14,815.0,1363.0,847.0,1412.0,369,0,1,1,Pedestrian
14,813.0,1367.0,847.0,1416.0,370,0,1,1,Pedestrian
14,811.0,1371.0,845.0,1420.0,371,0,1,1,Pedestrian
14,809.0,1375.0,843.0,1424.0,372,0,1,1,Pedestrian
14,807.0,1375.0,841.0,1424.0,373,0,1,1,Pedestrian
14,805.0,1379.0,839.0,1428.0,374,0,1,1,Pedestrian
14,803.0,1383.0,837.0,1432.0,375,0,1,1,Pedestrian
14,801.0,1387.0,835.0,1436.0,376,0,1,1,Pedestrian
14,801.0,1391.0,833.0,1440.0,377,0,1,1,Pedestrian
14,799.0,1391.0,831.0,1440.0,378,0,1,1,Pedestrian
14,797.0,1395.0,829.0,1444.0,379,0,1,1,Pedestrian
14,795.0,1399.0,827.0,1448.0,380,0,1,1,Pedestrian
14,793.0,1403.0,825.0,1452.0,381,0,1,1,Pedestrian
14,791.0,1403.0,823.0,1452.0,382,0,1,1,Pedestrian
14,789.0,1408.0,821.0,1457.0,383,0,1,1,Pedestrian
14,787.0,1412.0,819.0,1461.0,384,0,1,1,Pedestrian
14,785.0,1416.0,817.0,1465.0,385,0,1,1,Pedestrian
14,783.0,1420.0,815.0,1469.0,386,0,1,1,Pedestrian
14,781.0,1420.0,813.0,1469.0,387,0,1,1,Pedestrian
14,779.0,1424.0,811.0,1473.0,388,0,1,1,Pedestrian
14,777.0,1428.0,809.0,1477.0,389,0,1,1,Pedestrian
14,775.0,1432.0,807.0,1481.0,390,0,1,1,Pedestrian
14,775.0,1436.0,807.0,1485.0,391,0,1,0,Pedestrian
14,773.0,1436.0,805.0,1485.0,392,0,1,1,Pedestrian
14,771.0,1440.0,803.0,1489.0,393,0,1,1,Pedestrian
14,769.0,1444.0,801.0,1493.0,394,0,1,1,Pedestrian
14,767.0,1448.0,799.0,1497.0,395,0,1,1,Pedestrian
14,765.0,1448.0,797.0,1501.0,396,0,1,1,Pedestrian
14,763.0,1452.0,795.0,1501.0,397,0,1,1,Pedestrian
14,761.0,1457.0,793.0,1505.0,398,0,1,1,Pedestrian
14,759.0,1461.0,791.0,1510.0,399,0,1,1,Pedestrian
14,757.0,1465.0,789.0,1514.0,400,0,1,1,Pedestrian
14,757.0,1465.0,787.0,1518.0,401,0,1,1,Pedestrian
14,755.0,1469.0,785.0,1522.0,402,0,1,1,Pedestrian
14,753.0,1473.0,783.0,1522.0,403,0,1,1,Pedestrian
14,751.0,1477.0,781.0,1526.0,404,0,1,1,Pedestrian
14,749.0,1481.0,779.0,1530.0,405,0,1,1,Pedestrian
14,747.0,1481.0,777.0,1534.0,406,0,1,1,Pedestrian
14,745.0,1485.0,775.0,1538.0,407,0,1,1,Pedestrian
14,743.0,1489.0,773.0,1538.0,408,0,1,1,Pedestrian
14,741.0,1493.0,771.0,1542.0,409,0,1,1,Pedestrian
14,739.0,1497.0,769.0,1546.0,410,0,1,1,Pedestrian
14,739.0,1497.0,769.0,1550.0,411,0,1,1,Pedestrian
14,737.0,1501.0,767.0,1554.0,412,0,1,1,Pedestrian
14,735.0,1505.0,765.0,1559.0,413,0,1,1,Pedestrian
14,733.0,1510.0,763.0,1559.0,414,0,1,1,Pedestrian
14,731.0,1514.0,761.0,1563.0,415,0,1,1,Pedestrian
14,729.0,1514.0,759.0,1567.0,416,0,1,1,Pedestrian
14,727.0,1518.0,757.0,1571.0,417,0,1,1,Pedestrian
14,725.0,1522.0,755.0,1575.0,418,0,1,1,Pedestrian
14,723.0,1526.0,753.0,1575.0,419,0,1,1,Pedestrian
14,721.0,1530.0,751.0,1579.0,420,0,1,1,Pedestrian
14,721.0,1530.0,749.0,1583.0,421,0,1,1,Pedestrian
14,719.0,1534.0,747.0,1587.0,422,0,1,1,Pedestrian
14,718.0,1538.0,745.0,1591.0,423,0,1,1,Pedestrian
14,716.0,1542.0,743.0,1595.0,424,0,1,1,Pedestrian
14,714.0,1546.0,741.0,1595.0,425,0,1,1,Pedestrian
14,712.0,1546.0,739.0,1599.0,426,0,1,1,Pedestrian
14,710.0,1550.0,737.0,1603.0,427,0,1,1,Pedestrian
14,708.0,1554.0,735.0,1608.0,428,0,1,1,Pedestrian
14,706.0,1559.0,733.0,1612.0,429,0,1,1,Pedestrian
14,706.0,1563.0,733.0,1616.0,430,0,0,0,Pedestrian
15,719.0,1269.0,759.0,1318.0,0,0,0,0,Pedestrian
15,727.0,1269.0,767.0,1318.0,1,0,0,1,Pedestrian
15,737.0,1269.0,777.0,1318.0,2,0,0,1,Pedestrian
15,747.0,1269.0,787.0,1318.0,3,0,0,0,Pedestrian
15,749.0,1265.0,789.0,1314.0,4,0,0,1,Pedestrian
15,753.0,1265.0,793.0,1314.0,5,0,0,1,Pedestrian
15,755.0,1265.0,795.0,1314.0,6,0,0,1,Pedestrian
15,759.0,1265.0,799.0,1314.0,7,0,0,1,Pedestrian
15,761.0,1261.0,801.0,1310.0,8,0,0,1,Pedestrian
15,765.0,1261.0,805.0,1310.0,9,0,0,1,Pedestrian
15,767.0,1261.0,807.0,1310.0,10,0,0,1,Pedestrian
15,771.0,1261.0,811.0,1310.0,11,0,0,1,Pedestrian
15,773.0,1257.0,813.0,1306.0,12,0,0,1,Pedestrian
15,777.0,1257.0,817.0,1306.0,13,0,0,1,Pedestrian
15,779.0,1257.0,819.0,1306.0,14,0,0,1,Pedestrian
15,783.0,1257.0,823.0,1306.0,15,0,0,1,Pedestrian
15,785.0,1252.0,825.0,1301.0,16,0,0,1,Pedestrian
15,789.0,1252.0,829.0,1301.0,17,0,0,1,Pedestrian
15,791.0,1252.0,831.0,1301.0,18,0,0,1,Pedestrian
15,795.0,1252.0,835.0,1301.0,19,0,0,1,Pedestrian
15,797.0,1248.0,837.0,1297.0,20,0,0,1,Pedestrian
15,801.0,1248.0,841.0,1297.0,21,0,0,1,Pedestrian
15,803.0,1248.0,843.0,1297.0,22,0,0,1,Pedestrian
15,807.0,1248.0,847.0,1297.0,23,0,0,0,Pedestrian
15,809.0,1244.0,849.0,1293.0,24,0,0,1,Pedestrian
15,813.0,1244.0,853.0,1293.0,25,0,0,1,Pedestrian
15,817.0,1240.0,857.0,1289.0,26,0,0,1,Pedestrian
15,821.0,1240.0,861.0,1289.0,27,0,0,1,Pedestrian
15,825.0,1240.0,865.0,1289.0,28,0,0,1,Pedestrian
15,829.0,1236.0,869.0,1285.0,29,0,0,1,Pedestrian
15,833.0,1236.0,873.0,1285.0,30,0,0,1,Pedestrian
15,837.0,1232.0,877.0,1281.0,31,0,0,1,Pedestrian
15,841.0,1232.0,881.0,1281.0,32,0,0,1,Pedestrian
15,845.0,1232.0,885.0,1281.0,33,0,0,1,Pedestrian
15,849.0,1228.0,889.0,1277.0,34,0,0,1,Pedestrian
15,853.0,1228.0,893.0,1277.0,35,0,0,1,Pedestrian
15,857.0,1224.0,897.0,1273.0,36,0,0,1,Pedestrian
15,861.0,1224.0,901.0,1273.0,37,0,0,1,Pedestrian
15,865.0,1224.0,905.0,1273.0,38,0,0,1,Pedestrian
15,869.0,1220.0,909.0,1269.0,39,0,0,1,Pedestrian
15,873.0,1220.0,913.0,1269.0,40,0,0,1,Pedestrian
15,877.0,1216.0,917.0,1265.0,41,0,0,1,Pedestrian
15,881.0,1216.0,921.0,1265.0,42,0,0,1,Pedestrian
15,885.0,1216.0,925.0,1265.0,43,0,0,0,Pedestrian
15,887.0,1212.0,927.0,1261.0,44,0,0,1,Pedestrian
15,891.0,1212.0,931.0,1261.0,45,0,0,1,Pedestrian
15,895.0,1208.0,935.0,1257.0,46,0,0,1,Pedestrian
15,899.0,1208.0,939.0,1257.0,47,0,0,1,Pedestrian
15,903.0,1208.0,943.0,1257.0,48,0,0,1,Pedestrian
15,907.0,1203.0,947.0,1252.0,49,0,0,1,Pedestrian
15,909.0,1203.0,949.0,1252.0,50,0,0,1,Pedestrian
15,913.0,1203.0,953.0,1252.0,51,0,0,1,Pedestrian
15,917.0,1199.0,957.0,1248.0,52,0,0,1,Pedestrian
15,921.0,1199.0,961.0,1248.0,53,0,0,1,Pedestrian
15,925.0,1195.0,965.0,1244.0,54,0,0,1,Pedestrian
15,929.0,1195.0,969.0,1244.0,55,0,0,1,Pedestrian
15,931.0,1195.0,971.0,1244.0,56,0,0,1,Pedestrian
15,935.0,1191.0,975.0,1240.0,57,0,0,1,Pedestrian
15,939.0,1191.0,979.0,1240.0,58,0,0,1,Pedestrian
15,943.0,1191.0,983.0,1240.0,59,0,0,1,Pedestrian
15,947.0,1187.0,987.0,1236.0,60,0,0,1,Pedestrian
15,951.0,1187.0,991.0,1236.0,61,0,0,1,Pedestrian
15,953.0,1187.0,993.0,1236.0,62,0,0,1,Pedestrian
15,957.0,1183.0,997.0,1232.0,63,0,0,1,Pedestrian
15,961.0,1183.0,1001.0,1232.0,64,0,0,1,Pedestrian
15,965.0,1179.0,1005.0,1228.0,65,0,0,1,Pedestrian
15,969.0,1179.0,1009.0,1228.0,66,0,0,1,Pedestrian
15,973.0,1179.0,1013.0,1228.0,67,0,0,1,Pedestrian
15,975.0,1175.0,1015.0,1224.0,68,0,0,1,Pedestrian
15,979.0,1175.0,1019.0,1224.0,69,0,0,1,Pedestrian
15,983.0,1175.0,1023.0,1224.0,70,0,0,1,Pedestrian
15,987.0,1171.0,1027.0,1220.0,71,0,0,1,Pedestrian
15,991.0,1171.0,1031.0,1220.0,72,0,0,1,Pedestrian
15,995.0,1171.0,1035.0,1220.0,73,0,0,0,Pedestrian
15,997.0,1167.0,1037.0,1216.0,74,0,0,1,Pedestrian
15,1001.0,1167.0,1041.0,1216.0,75,0,0,1,Pedestrian
15,1005.0,1167.0,1045.0,1216.0,76,0,0,1,Pedestrian
15,1009.0,1167.0,1049.0,1216.0,77,0,0,1,Pedestrian
15,1013.0,1167.0,1053.0,1216.0,78,0,0,1,Pedestrian
15,1015.0,1167.0,1055.0,1216.0,79,0,0,1,Pedestrian
15,1019.0,1167.0,1059.0,1216.0,80,0,0,1,Pedestrian
15,1023.0,1167.0,1063.0,1216.0,81,0,0,1,Pedestrian
15,1027.0,1167.0,1067.0,1216.0,82,0,0,1,Pedestrian
15,1031.0,1167.0,1071.0,1216.0,83,0,0,1,Pedestrian
15,1033.0,1167.0,1073.0,1216.0,84,0,0,1,Pedestrian
15,1037.0,1167.0,1077.0,1216.0,85,0,0,1,Pedestrian
15,1041.0,1167.0,1080.0,1216.0,86,0,0,1,Pedestrian
15,1045.0,1167.0,1084.0,1216.0,87,0,0,1,Pedestrian
15,1049.0,1167.0,1088.0,1216.0,88,0,0,1,Pedestrian
15,1051.0,1163.0,1090.0,1212.0,89,0,0,1,Pedestrian
15,1055.0,1163.0,1094.0,1212.0,90,0,0,1,Pedestrian
15,1059.0,1163.0,1098.0,1212.0,91,0,0,1,Pedestrian
15,1063.0,1163.0,1102.0,1212.0,92,0,0,1,Pedestrian
15,1067.0,1163.0,1106.0,1212.0,93,0,0,1,Pedestrian
15,1069.0,1163.0,1108.0,1212.0,94,0,0,1,Pedestrian
15,1073.0,1163.0,1112.0,1212.0,95,0,0,1,Pedestrian
15,1077.0,1163.0,1116.0,1212.0,96,0,0,1,Pedestrian
15,1080.0,1163.0,1120.0,1212.0,97,0,0,1,Pedestrian
15,1084.0,1163.0,1124.0,1212.0,98,0,0,1,Pedestrian
15,1086.0,1163.0,1126.0,1212.0,99,0,0,1,Pedestrian
15,1090.0,1163.0,1130.0,1212.0,100,0,0,1,Pedestrian
15,1094.0,1163.0,1134.0,1212.0,101,0,0,1,Pedestrian
15,1098.0,1163.0,1138.0,1212.0,102,0,0,1,Pedestrian
15,1102.0,1163.0,1142.0,1212.0,103,0,0,0,Pedestrian
15,1106.0,1159.0,1146.0,1208.0,104,0,0,1,Pedestrian
15,1110.0,1159.0,1150.0,1208.0,105,0,0,1,Pedestrian
15,1114.0,1159.0,1154.0,1208.0,106,0,0,1,Pedestrian
15,1118.0,1159.0,1158.0,1208.0,107,0,0,1,Pedestrian
15,1122.0,1159.0,1162.0,1208.0,108,0,0,1,Pedestrian
15,1126.0,1159.0,1166.0,1208.0,109,0,0,1,Pedestrian
15,1130.0,1159.0,1170.0,1208.0,110,0,0,1,Pedestrian
15,1134.0,1159.0,1174.0,1208.0,111,0,0,1,Pedestrian
15,1138.0,1159.0,1178.0,1208.0,112,0,0,1,Pedestrian
15,1142.0,1159.0,1182.0,1208.0,113,0,0,1,Pedestrian
15,1146.0,1159.0,1186.0,1208.0,114,0,0,1,Pedestrian
15,1150.0,1159.0,1190.0,1208.0,115,0,0,1,Pedestrian
15,1154.0,1159.0,1194.0,1208.0,116,0,0,1,Pedestrian
15,1158.0,1159.0,1198.0,1208.0,117,0,0,1,Pedestrian
15,1162.0,1159.0,1202.0,1208.0,118,0,0,1,Pedestrian
15,1166.0,1154.0,1206.0,1203.0,119,0,0,1,Pedestrian
15,1170.0,1154.0,1210.0,1203.0,120,0,0,1,Pedestrian
15,1174.0,1154.0,1214.0,1203.0,121,0,0,1,Pedestrian
15,1178.0,1154.0,1218.0,1203.0,122,0,0,1,Pedestrian
15,1182.0,1154.0,1222.0,1203.0,123,0,0,1,Pedestrian
15,1186.0,1154.0,1226.0,1203.0,124,0,0,1,Pedestrian
15,1190.0,1154.0,1230.0,1203.0,125,0,0,1,Pedestrian
15,1194.0,1154.0,1234.0,1203.0,126,0,0,1,Pedestrian
15,1198.0,1154.0,1238.0,1203.0,127,0,0,1,Pedestrian
15,1202.0,1154.0,1242.0,1203.0,128,0,0,1,Pedestrian
15,1206.0,1154.0,1246.0,1203.0,129,0,0,1,Pedestrian
15,1210.0,1154.0,1250.0,1203.0,130,0,0,1,Pedestrian
15,1214.0,1154.0,1254.0,1203.0,131,0,0,1,Pedestrian
15,1218.0,1154.0,1258.0,1203.0,132,0,0,1,Pedestrian
15,1222.0,1154.0,1262.0,1203.0,133,0,0,0,Pedestrian
15,1226.0,1150.0,1266.0,1199.0,134,0,0,1,Pedestrian
15,1230.0,1150.0,1270.0,1199.0,135,0,0,1,Pedestrian
15,1234.0,1150.0,1274.0,1199.0,136,0,0,1,Pedestrian
15,1238.0,1150.0,1278.0,1199.0,137,0,0,1,Pedestrian
15,1242.0,1146.0,1282.0,1195.0,138,0,0,1,Pedestrian
15,1246.0,1146.0,1286.0,1195.0,139,0,0,1,Pedestrian
15,1252.0,1146.0,1292.0,1195.0,140,0,0,1,Pedestrian
15,1256.0,1146.0,1296.0,1195.0,141,0,0,1,Pedestrian
15,1260.0,1142.0,1300.0,1191.0,142,0,0,1,Pedestrian
15,1264.0,1142.0,1304.0,1191.0,143,0,0,1,Pedestrian
15,1268.0,1142.0,1308.0,1191.0,144,0,0,1,Pedestrian
15,1272.0,1142.0,1312.0,1191.0,145,0,0,1,Pedestrian
15,1276.0,1138.0,1316.0,1187.0,146,0,0,1,Pedestrian
15,1282.0,1138.0,1322.0,1187.0,147,0,0,1,Pedestrian
15,1286.0,1138.0,1326.0,1187.0,148,0,0,1,Pedestrian
15,1290.0,1138.0,1330.0,1187.0,149,0,0,1,Pedestrian
15,1294.0,1134.0,1334.0,1183.0,150,0,0,1,Pedestrian
15,1298.0,1134.0,1338.0,1183.0,151,0,0,1,Pedestrian
15,1302.0,1134.0,1342.0,1183.0,152,0,0,1,Pedestrian
15,1308.0,1134.0,1348.0,1183.0,153,0,0,0,Pedestrian
15,1312.0,1130.0,1352.0,1179.0,154,0,0,1,Pedestrian
15,1316.0,1130.0,1356.0,1179.0,155,0,0,1,Pedestrian
15,1320.0,1130.0,1360.0,1179.0,156,0,0,1,Pedestrian
15,1324.0,1130.0,1364.0,1179.0,157,0,0,1,Pedestrian
15,1328.0,1130.0,1368.0,1179.0,158,0,0,1,Pedestrian
15,1332.0,1130.0,1372.0,1179.0,159,0,0,1,Pedestrian
15,1336.0,1130.0,1376.0,1179.0,160,0,0,1,Pedestrian
15,1340.0,1130.0,1380.0,1179.0,161,0,0,1,Pedestrian
15,1344.0,1130.0,1384.0,1179.0,162,0,0,1,Pedestrian
15,1350.0,1130.0,1390.0,1179.0,163,0,0,1,Pedestrian
15,1354.0,1130.0,1394.0,1179.0,164,0,0,1,Pedestrian
15,1358.0,1130.0,1398.0,1179.0,165,0,0,1,Pedestrian
15,1362.0,1130.0,1402.0,1179.0,166,0,0,1,Pedestrian
15,1366.0,1130.0,1406.0,1179.0,167,0,0,1,Pedestrian
15,1370.0,1130.0,1410.0,1179.0,168,0,0,1,Pedestrian
15,1374.0,1130.0,1414.0,1179.0,169,0,0,1,Pedestrian
15,1378.0,1130.0,1418.0,1179.0,170,0,0,1,Pedestrian
15,1382.0,1130.0,1422.0,1179.0,171,0,0,1,Pedestrian
15,1386.0,1130.0,1426.0,1179.0,172,0,0,1,Pedestrian
15,1392.0,1130.0,1432.0,1179.0,173,1,0,0,Pedestrian
15,1394.0,1130.0,1432.0,1179.0,174,1,0,1,Pedestrian
15,1398.0,1130.0,1432.0,1179.0,175,1,0,1,Pedestrian
15,1402.0,1130.0,1432.0,1179.0,176,1,0,1,Pedestrian
15,1406.0,1130.0,1432.0,1179.0,177,1,0,1,Pedestrian
15,1410.0,1130.0,1434.0,1179.0,178,1,0,1,Pedestrian
15,1412.0,1130.0,1434.0,1179.0,179,1,0,1,Pedestrian
15,1416.0,1130.0,1434.0,1179.0,180,1,0,1,Pedestrian
15,1420.0,1130.0,1434.0,1179.0,181,1,0,1,Pedestrian
15,1424.0,1130.0,1434.0,1179.0,182,1,0,1,Pedestrian
15,1428.0,1130.0,1436.0,1179.0,183,1,0,0,Pedestrian
15,1424.0,1130.0,1432.0,1179.0,184,1,0,1,Pedestrian
15,1422.0,1130.0,1430.0,1179.0,185,1,0,1,Pedestrian
15,1418.0,1130.0,1426.0,1179.0,186,1,0,1,Pedestrian
15,1416.0,1130.0,1424.0,1179.0,187,1,0,1,Pedestrian
15,1412.0,1130.0,1422.0,1179.0,188,1,0,1,Pedestrian
15,1410.0,1130.0,1418.0,1179.0,189,1,0,1,Pedestrian
15,1406.0,1130.0,1416.0,1179.0,190,1,0,1,Pedestrian
15,1404.0,1134.0,1414.0,1183.0,191,1,0,1,Pedestrian
15,1402.0,1134.0,1410.0,1183.0,192,1,0,1,Pedestrian
15,1398.0,1134.0,1408.0,1183.0,193,1,0,1,Pedestrian
15,1396.0,1134.0,1404.0,1183.0,194,1,0,1,Pedestrian
15,1392.0,1134.0,1402.0,1183.0,195,1,0,1,Pedestrian
15,1390.0,1134.0,1400.0,1183.0,196,1,0,1,Pedestrian
15,1386.0,1134.0,1396.0,1183.0,197,1,0,1,Pedestrian
15,1384.0,1138.0,1394.0,1187.0,198,1,0,1,Pedestrian
15,1382.0,1138.0,1392.0,1187.0,199,1,0,1,Pedestrian
15,1378.0,1138.0,1388.0,1187.0,200,1,0,1,Pedestrian
15,1376.0,1138.0,1386.0,1187.0,201,1,0,1,Pedestrian
15,1372.0,1138.0,1382.0,1187.0,202,1,0,1,Pedestrian
15,1370.0,1138.0,1380.0,1187.0,203,1,0,1,Pedestrian
15,1366.0,1138.0,1378.0,1187.0,204,1,0,1,Pedestrian
15,1364.0,1142.0,1374.0,1191.0,205,1,0,1,Pedestrian
15,1360.0,1142.0,1372.0,1191.0,206,1,0,1,Pedestrian
15,1358.0,1142.0,1370.0,1191.0,207,1,0,1,Pedestrian
15,1356.0,1142.0,1366.0,1191.0,208,1,0,1,Pedestrian
15,1352.0,1142.0,1364.0,1191.0,209,1,0,1,Pedestrian
15,1350.0,1142.0,1360.0,1191.0,210,1,0,1,Pedestrian
15,1346.0,1142.0,1358.0,1191.0,211,1,0,1,Pedestrian
15,1344.0,1142.0,1356.0,1191.0,212,1,0,1,Pedestrian
15,1340.0,1146.0,1352.0,1195.0,213,1,0,1,Pedestrian
15,1338.0,1146.0,1350.0,1195.0,214,1,0,1,Pedestrian
15,1336.0,1146.0,1348.0,1195.0,215,1,0,1,Pedestrian
15,1332.0,1146.0,1344.0,1195.0,216,1,0,1,Pedestrian
15,1330.0,1146.0,1342.0,1195.0,217,1,0,1,Pedestrian
15,1326.0,1146.0,1338.0,1195.0,218,1,0,1,Pedestrian
15,1324.0,1146.0,1336.0,1195.0,219,1,0,1,Pedestrian
15,1320.0,1150.0,1334.0,1199.0,220,1,0,1,Pedestrian
15,1318.0,1150.0,1330.0,1199.0,221,1,0,1,Pedestrian
15,1314.0,1150.0,1328.0,1199.0,222,1,0,1,Pedestrian
15,1312.0,1150.0,1326.0,1199.0,223,1,0,1,Pedestrian
15,1310.0,1150.0,1322.0,1199.0,224,1,0,1,Pedestrian
15,1306.0,1150.0,1320.0,1199.0,225,1,0,1,Pedestrian
15,1304.0,1150.0,1316.0,1199.0,226,1,0,1,Pedestrian
15,1300.0,1154.0,1314.0,1203.0,227,1,0,1,Pedestrian
15,1298.0,1154.0,1312.0,1203.0,228,1,0,1,Pedestrian
15,1294.0,1154.0,1308.0,1203.0,229,1,0,1,Pedestrian
15,1292.0,1154.0,1306.0,1203.0,230,1,0,1,Pedestrian
15,1290.0,1154.0,1304.0,1203.0,231,1,0,1,Pedestrian
15,1286.0,1154.0,1300.0,1203.0,232,1,0,1,Pedestrian
15,1284.0,1154.0,1298.0,1203.0,233,1,0,1,Pedestrian
15,1280.0,1159.0,1296.0,1208.0,234,1,0,1,Pedestrian
15,1278.0,1159.0,1292.0,1208.0,235,1,0,1,Pedestrian
15,1274.0,1159.0,1290.0,1208.0,236,1,0,1,Pedestrian
15,1272.0,1159.0,1286.0,1208.0,237,1,0,1,Pedestrian
15,1268.0,1159.0,1284.0,1208.0,238,1,0,1,Pedestrian
15,1266.0,1159.0,1282.0,1208.0,239,1,0,1,Pedestrian
15,1264.0,1159.0,1278.0,1208.0,240,1,0,1,Pedestrian
15,1260.0,1159.0,1276.0,1208.0,241,1,0,1,Pedestrian
15,1258.0,1163.0,1274.0,1212.0,242,1,0,1,Pedestrian
15,1254.0,1163.0,1270.0,1212.0,243,1,0,1,Pedestrian
15,1252.0,1163.0,1268.0,1212.0,244,1,0,1,Pedestrian
15,1248.0,1163.0,1264.0,1212.0,245,1,0,1,Pedestrian
15,1246.0,1163.0,1262.0,1212.0,246,1,0,1,Pedestrian
15,1244.0,1163.0,1260.0,1212.0,247,1,0,1,Pedestrian
15,1240.0,1163.0,1256.0,1212.0,248,1,0,1,Pedestrian
15,1238.0,1167.0,1254.0,1216.0,249,1,0,1,Pedestrian
15,1234.0,1167.0,1252.0,1216.0,250,1,0,1,Pedestrian
15,1232.0,1167.0,1248.0,1216.0,251,1,0,1,Pedestrian
15,1228.0,1167.0,1246.0,1216.0,252,1,0,1,Pedestrian
15,1226.0,1167.0,1242.0,1216.0,253,1,0,1,Pedestrian
15,1222.0,1167.0,1240.0,1216.0,254,1,0,1,Pedestrian
15,1220.0,1167.0,1238.0,1216.0,255,1,0,1,Pedestrian
15,1218.0,1171.0,1234.0,1220.0,256,1,0,1,Pedestrian
15,1214.0,1171.0,1232.0,1220.0,257,1,0,1,Pedestrian
15,1212.0,1171.0,1230.0,1220.0,258,1,0,1,Pedestrian
15,1208.0,1171.0,1226.0,1220.0,259,1,0,1,Pedestrian
15,1206.0,1171.0,1224.0,1220.0,260,1,0,1,Pedestrian
15,1202.0,1171.0,1220.0,1220.0,261,1,0,1,Pedestrian
15,1200.0,1171.0,1218.0,1220.0,262,1,0,1,Pedestrian
15,1198.0,1175.0,1216.0,1224.0,263,1,0,1,Pedestrian
15,1194.0,1175.0,1212.0,1224.0,264,1,0,1,Pedestrian
15,1192.0,1175.0,1210.0,1224.0,265,1,0,1,Pedestrian
15,1188.0,1175.0,1208.0,1224.0,266,1,0,1,Pedestrian
15,1186.0,1175.0,1204.0,1224.0,267,1,0,1,Pedestrian
15,1182.0,1175.0,1202.0,1224.0,268,1,0,1,Pedestrian
15,1180.0,1175.0,1198.0,1224.0,269,1,0,1,Pedestrian
15,1176.0,1175.0,1196.0,1224.0,270,1,0,1,Pedestrian
15,1174.0,1179.0,1194.0,1228.0,271,1,0,1,Pedestrian
15,1172.0,1179.0,1190.0,1228.0,272,1,0,1,Pedestrian
15,1168.0,1179.0,1188.0,1228.0,273,1,0,1,Pedestrian
15,1166.0,1179.0,1186.0,1228.0,274,1,0,1,Pedestrian
15,1162.0,1179.0,1182.0,1228.0,275,1,0,1,Pedestrian
15,1160.0,1179.0,1180.0,1228.0,276,1,0,1,Pedestrian
15,1156.0,1179.0,1176.0,1228.0,277,1,0,1,Pedestrian
15,1154.0,1183.0,1174.0,1232.0,278,1,0,1,Pedestrian
15,1152.0,1183.0,1172.0,1232.0,279,1,0,1,Pedestrian
15,1148.0,1183.0,1168.0,1232.0,280,1,0,1,Pedestrian
15,1146.0,1183.0,1166.0,1232.0,281,1,0,1,Pedestrian
15,1142.0,1183.0,1164.0,1232.0,282,1,0,1,Pedestrian
15,1140.0,1183.0,1160.0,1232.0,283,1,0,1,Pedestrian
15,1136.0,1183.0,1158.0,1232.0,284,1,0,1,Pedestrian
15,1134.0,1187.0,1156.0,1236.0,285,1,0,1,Pedestrian
15,1130.0,1187.0,1152.0,1236.0,286,1,0,1,Pedestrian
15,1128.0,1187.0,1150.0,1236.0,287,1,0,1,Pedestrian
15,1126.0,1187.0,1146.0,1236.0,288,1,0,1,Pedestrian
15,1122.0,1187.0,1144.0,1236.0,289,1,0,1,Pedestrian
15,1120.0,1187.0,1142.0,1236.0,290,1,0,1,Pedestrian
15,1116.0,1187.0,1138.0,1236.0,291,1,0,1,Pedestrian
15,1114.0,1191.0,1136.0,1240.0,292,1,0,1,Pedestrian
15,1110.0,1191.0,1134.0,1240.0,293,1,0,1,Pedestrian
15,1108.0,1191.0,1130.0,1240.0,294,1,0,1,Pedestrian
15,1106.0,1191.0,1128.0,1240.0,295,1,0,1,Pedestrian
15,1102.0,1191.0,1124.0,1240.0,296,1,0,1,Pedestrian
15,1100.0,1191.0,1122.0,1240.0,297,1,0,1,Pedestrian
15,1096.0,1191.0,1120.0,1240.0,298,1,0,1,Pedestrian
15,1094.0,1191.0,1116.0,1240.0,299,1,0,1,Pedestrian
15,1090.0,1195.0,1114.0,1244.0,300,1,0,1,Pedestrian
15,1088.0,1195.0,1112.0,1244.0,301,1,0,1,Pedestrian
15,1084.0,1195.0,1108.0,1244.0,302,1,0,1,Pedestrian
15,1082.0,1195.0,1106.0,1244.0,303,1,0,1,Pedestrian
15,1080.0,1195.0,1102.0,1244.0,304,1,0,1,Pedestrian
15,1077.0,1195.0,1100.0,1244.0,305,1,0,1,Pedestrian
15,1075.0,1195.0,1098.0,1244.0,306,1,0,1,Pedestrian
15,1071.0,1199.0,1094.0,1248.0,307,1,0,1,Pedestrian
15,1069.0,1199.0,1092.0,1248.0,308,1,0,1,Pedestrian
15,1065.0,1199.0,1090.0,1248.0,309,1,0,1,Pedestrian
15,1063.0,1199.0,1086.0,1248.0,310,1,0,1,Pedestrian
15,1061.0,1199.0,1084.0,1248.0,311,1,0,1,Pedestrian
15,1057.0,1199.0,1080.0,1248.0,312,1,0,1,Pedestrian
15,1055.0,1199.0,1078.0,1248.0,313,1,0,1,Pedestrian
15,1051.0,1203.0,1077.0,1252.0,314,1,0,1,Pedestrian
15,1049.0,1203.0,1073.0,1252.0,315,1,0,1,Pedestrian
15,1045.0,1203.0,1071.0,1252.0,316,1,0,1,Pedestrian
15,1043.0,1203.0,1069.0,1252.0,317,1,0,1,Pedestrian
15,1039.0,1203.0,1065.0,1252.0,318,1,0,1,Pedestrian
15,1037.0,1203.0,1063.0,1252.0,319,1,0,1,Pedestrian
15,1035.0,1203.0,1059.0,1252.0,320,1,0,1,Pedestrian
15,1031.0,1203.0,1057.0,1252.0,321,1,0,1,Pedestrian
15,1029.0,1208.0,1055.0,1257.0,322,1,0,1,Pedestrian
15,1025.0,1208.0,1051.0,1257.0,323,1,0,1,Pedestrian
15,1023.0,1208.0,1049.0,1257.0,324,1,0,1,Pedestrian
15,1019.0,1208.0,1047.0,1257.0,325,1,0,1,Pedestrian
15,1017.0,1208.0,1043.0,1257.0,326,1,0,1,Pedestrian
15,1015.0,1208.0,1041.0,1257.0,327,1,0,1,Pedestrian
15,1011.0,1208.0,1037.0,1257.0,328,1,0,1,Pedestrian
15,1009.0,1212.0,1035.0,1261.0,329,1,0,1,Pedestrian
15,1005.0,1212.0,1033.0,1261.0,330,1,0,1,Pedestrian
15,1003.0,1212.0,1029.0,1261.0,331,1,0,1,Pedestrian
15,999.0,1212.0,1027.0,1261.0,332,1,0,1,Pedestrian
15,997.0,1212.0,1025.0,1261.0,333,1,0,1,Pedestrian
15,993.0,1212.0,1021.0,1261.0,334,1,0,1,Pedestrian
15,991.0,1212.0,1019.0,1261.0,335,1,0,1,Pedestrian
15,989.0,1216.0,1017.0,1265.0,336,1,0,1,Pedestrian
15,985.0,1216.0,1013.0,1265.0,337,1,0,1,Pedestrian
15,983.0,1216.0,1011.0,1265.0,338,1,0,1,Pedestrian
15,979.0,1216.0,1007.0,1265.0,339,1,0,1,Pedestrian
15,977.0,1216.0,1005.0,1265.0,340,1,0,1,Pedestrian
15,973.0,1216.0,1003.0,1265.0,341,1,0,1,Pedestrian
15,971.0,1216.0,999.0,1265.0,342,1,0,1,Pedestrian
15,969.0,1220.0,997.0,1269.0,343,1,0,1,Pedestrian
15,965.0,1220.0,995.0,1269.0,344,1,0,1,Pedestrian
15,963.0,1220.0,991.0,1269.0,345,1,0,1,Pedestrian
15,959.0,1220.0,989.0,1269.0,346,1,0,1,Pedestrian
15,957.0,1220.0,985.0,1269.0,347,1,0,1,Pedestrian
15,953.0,1220.0,983.0,1269.0,348,1,0,1,Pedestrian
15,951.0,1220.0,981.0,1269.0,349,1,0,1,Pedestrian
15,947.0,1220.0,977.0,1269.0,350,1,0,1,Pedestrian
15,945.0,1224.0,975.0,1273.0,351,1,0,1,Pedestrian
15,943.0,1224.0,973.0,1273.0,352,1,0,1,Pedestrian
15,939.0,1224.0,969.0,1273.0,353,1,0,1,Pedestrian
15,937.0,1224.0,967.0,1273.0,354,1,0,1,Pedestrian
15,933.0,1224.0,963.0,1273.0,355,1,0,1,Pedestrian
15,931.0,1224.0,961.0,1273.0,356,1,0,1,Pedestrian
15,927.0,1224.0,959.0,1273.0,357,1,0,1,Pedestrian
15,925.0,1228.0,955.0,1277.0,358,1,0,1,Pedestrian
15,923.0,1228.0,953.0,1277.0,359,1,0,1,Pedestrian
15,919.0,1228.0,951.0,1277.0,360,1,0,1,Pedestrian
15,917.0,1228.0,947.0,1277.0,361,1,0,1,Pedestrian
15,913.0,1228.0,945.0,1277.0,362,1,0,1,Pedestrian
15,911.0,1228.0,941.0,1277.0,363,1,0,1,Pedestrian
15,907.0,1228.0,939.0,1277.0,364,1,0,1,Pedestrian
15,905.0,1232.0,937.0,1281.0,365,1,0,1,Pedestrian
15,901.0,1232.0,933.0,1281.0,366,1,0,1,Pedestrian
15,899.0,1232.0,931.0,1281.0,367,1,0,1,Pedestrian
15,897.0,1232.0,929.0,1281.0,368,1,0,1,Pedestrian
15,893.0,1232.0,925.0,1281.0,369,1,0,1,Pedestrian
15,891.0,1232.0,923.0,1281.0,370,1,0,1,Pedestrian
15,887.0,1232.0,919.0,1281.0,371,1,0,1,Pedestrian
15,885.0,1236.0,917.0,1285.0,372,1,0,1,Pedestrian
15,881.0,1236.0,915.0,1285.0,373,1,0,1,Pedestrian
15,879.0,1236.0,911.0,1285.0,374,1,0,1,Pedestrian
15,877.0,1236.0,909.0,1285.0,375,1,0,1,Pedestrian
15,873.0,1236.0,907.0,1285.0,376,1,0,1,Pedestrian
15,871.0,1236.0,903.0,1285.0,377,1,0,1,Pedestrian
15,867.0,1236.0,901.0,1285.0,378,1,0,1,Pedestrian
15,865.0,1236.0,897.0,1285.0,379,1,0,1,Pedestrian
15,861.0,1240.0,895.0,1289.0,380,1,0,1,Pedestrian
15,859.0,1240.0,893.0,1289.0,381,1,0,1,Pedestrian
15,855.0,1240.0,889.0,1289.0,382,1,0,1,Pedestrian
15,853.0,1240.0,887.0,1289.0,383,1,0,1,Pedestrian
15,851.0,1240.0,885.0,1289.0,384,1,0,1,Pedestrian
15,847.0,1240.0,881.0,1289.0,385,1,0,1,Pedestrian
15,845.0,1240.0,879.0,1289.0,386,1,0,1,Pedestrian
15,841.0,1244.0,877.0,1293.0,387,1,0,1,Pedestrian
15,839.0,1244.0,873.0,1293.0,388,1,0,1,Pedestrian
15,835.0,1244.0,871.0,1293.0,389,1,0,1,Pedestrian
15,833.0,1244.0,867.0,1293.0,390,1,0,1,Pedestrian
15,831.0,1244.0,865.0,1293.0,391,1,0,1,Pedestrian
15,827.0,1244.0,863.0,1293.0,392,1,0,1,Pedestrian
15,825.0,1244.0,859.0,1293.0,393,1,0,1,Pedestrian
15,821.0,1248.0,857.0,1297.0,394,1,0,1,Pedestrian
15,819.0,1248.0,855.0,1297.0,395,1,0,1,Pedestrian
15,815.0,1248.0,851.0,1297.0,396,1,0,1,Pedestrian
15,813.0,1248.0,849.0,1297.0,397,1,0,1,Pedestrian
15,809.0,1248.0,845.0,1297.0,398,1,0,1,Pedestrian
15,807.0,1248.0,843.0,1297.0,399,1,0,1,Pedestrian
15,805.0,1248.0,841.0,1297.0,400,1,0,1,Pedestrian
15,801.0,1252.0,837.0,1301.0,401,1,0,1,Pedestrian
15,799.0,1252.0,835.0,1301.0,402,1,0,1,Pedestrian
15,795.0,1252.0,833.0,1301.0,403,1,0,1,Pedestrian
15,793.0,1252.0,829.0,1301.0,404,1,0,1,Pedestrian
15,789.0,1252.0,827.0,1301.0,405,1,0,1,Pedestrian
15,787.0,1252.0,823.0,1301.0,406,1,0,1,Pedestrian
15,785.0,1252.0,821.0,1301.0,407,1,0,1,Pedestrian
15,781.0,1252.0,819.0,1301.0,408,1,0,1,Pedestrian
15,779.0,1257.0,815.0,1306.0,409,1,0,1,Pedestrian
15,775.0,1257.0,813.0,1306.0,410,1,0,1,Pedestrian
15,773.0,1257.0,811.0,1306.0,411,1,0,1,Pedestrian
15,769.0,1257.0,807.0,1306.0,412,1,0,1,Pedestrian
15,767.0,1257.0,805.0,1306.0,413,1,0,1,Pedestrian
15,763.0,1257.0,801.0,1306.0,414,1,0,1,Pedestrian
15,761.0,1257.0,799.0,1306.0,415,1,0,1,Pedestrian
15,759.0,1261.0,797.0,1310.0,416,1,0,1,Pedestrian
15,755.0,1261.0,793.0,1310.0,417,1,0,1,Pedestrian
15,753.0,1261.0,791.0,1310.0,418,1,0,1,Pedestrian
15,749.0,1261.0,789.0,1310.0,419,1,0,1,Pedestrian
15,747.0,1261.0,785.0,1310.0,420,1,0,1,Pedestrian
15,743.0,1261.0,783.0,1310.0,421,1,0,1,Pedestrian
15,741.0,1261.0,779.0,1310.0,422,1,0,1,Pedestrian
15,739.0,1265.0,777.0,1314.0,423,1,0,1,Pedestrian
15,735.0,1265.0,775.0,1314.0,424,1,0,1,Pedestrian
15,733.0,1265.0,771.0,1314.0,425,1,0,1,Pedestrian
15,729.0,1265.0,769.0,1314.0,426,1,0,1,Pedestrian
15,727.0,1265.0,767.0,1314.0,427,1,0,1,Pedestrian
15,723.0,1265.0,763.0,1314.0,428,1,0,1,Pedestrian
15,721.0,1265.0,761.0,1314.0,429,1,0,1,Pedestrian
15,719.0,1269.0,759.0,1318.0,430,0,0,0,Pedestrian
16,91.0,1236.0,145.0,1293.0,0,0,0,0,Pedestrian
16,91.0,1232.0,145.0,1289.0,1,0,0,1,Pedestrian
16,93.0,1232.0,147.0,1289.0,2,0,0,1,Pedestrian
16,93.0,1232.0,147.0,1289.0,3,0,0,1,Pedestrian
16,95.0,1232.0,149.0,1289.0,4,0,0,1,Pedestrian
16,95.0,1232.0,149.0,1289.0,5,0,0,1,Pedestrian
16,97.0,1232.0,151.0,1289.0,6,0,0,1,Pedestrian
16,97.0,1232.0,151.0,1289.0,7,0,0,1,Pedestrian
16,99.0,1232.0,153.0,1289.0,8,0,0,1,Pedestrian
16,99.0,1232.0,153.0,1289.0,9,0,0,1,Pedestrian
16,101.0,1232.0,155.0,1289.0,10,0,0,1,Pedestrian
16,101.0,1232.0,155.0,1289.0,11,0,0,1,Pedestrian
16,103.0,1232.0,157.0,1289.0,12,0,0,1,Pedestrian
16,105.0,1232.0,159.0,1289.0,13,0,0,1,Pedestrian
16,105.0,1232.0,159.0,1289.0,14,0,0,1,Pedestrian
16,107.0,1232.0,161.0,1289.0,15,0,0,1,Pedestrian
16,107.0,1232.0,161.0,1289.0,16,0,0,1,Pedestrian
16,109.0,1228.0,163.0,1285.0,17,0,0,1,Pedestrian
16,109.0,1228.0,163.0,1285.0,18,0,0,1,Pedestrian
16,111.0,1228.0,165.0,1285.0,19,0,0,1,Pedestrian
16,111.0,1228.0,165.0,1285.0,20,0,0,1,Pedestrian
16,113.0,1228.0,167.0,1285.0,21,0,0,1,Pedestrian
16,113.0,1228.0,167.0,1285.0,22,0,0,1,Pedestrian
16,115.0,1228.0,169.0,1285.0,23,0,0,1,Pedestrian
16,115.0,1228.0,169.0,1285.0,24,0,0,1,Pedestrian
16,117.0,1228.0,171.0,1285.0,25,0,0,1,Pedestrian
16,119.0,1228.0,173.0,1285.0,26,0,0,1,Pedestrian
16,119.0,1228.0,173.0,1285.0,27,0,0,1,Pedestrian
16,121.0,1228.0,175.0,1285.0,28,0,0,1,Pedestrian
16,121.0,1228.0,175.0,1285.0,29,0,0,1,Pedestrian
16,123.0,1228.0,177.0,1285.0,30,0,0,1,Pedestrian
16,123.0,1228.0,177.0,1285.0,31,0,0,1,Pedestrian
16,125.0,1228.0,179.0,1285.0,32,0,0,1,Pedestrian
16,125.0,1228.0,179.0,1285.0,33,0,0,1,Pedestrian
16,127.0,1224.0,181.0,1281.0,34,0,0,1,Pedestrian
16,127.0,1224.0,181.0,1281.0,35,0,0,1,Pedestrian
16,129.0,1224.0,183.0,1281.0,36,0,0,1,Pedestrian
16,129.0,1224.0,183.0,1281.0,37,0,0,1,Pedestrian
16,131.0,1224.0,185.0,1281.0,38,0,0,1,Pedestrian
16,133.0,1224.0,187.0,1281.0,39,0,0,1,Pedestrian
16,133.0,1224.0,187.0,1281.0,40,0,0,1,Pedestrian
16,135.0,1224.0,189.0,1281.0,41,0,0,1,Pedestrian
16,135.0,1224.0,189.0,1281.0,42,0,0,1,Pedestrian
16,137.0,1224.0,191.0,1281.0,43,0,0,1,Pedestrian
16,137.0,1224.0,191.0,1281.0,44,0,0,1,Pedestrian
16,139.0,1224.0,193.0,1281.0,45,0,0,1,Pedestrian
16,139.0,1224.0,193.0,1281.0,46,0,0,1,Pedestrian
16,141.0,1224.0,195.0,1281.0,47,0,0,1,Pedestrian
16,141.0,1224.0,195.0,1281.0,48,0,0,1,Pedestrian
16,143.0,1224.0,197.0,1281.0,49,0,0,1,Pedestrian
16,145.0,1224.0,199.0,1281.0,50,0,0,0,Pedestrian
16,145.0,1220.0,199.0,1277.0,51,0,0,1,Pedestrian
16,147.0,1220.0,201.0,1277.0,52,0,0,1,Pedestrian
16,147.0,1220.0,201.0,1277.0,53,0,0,1,Pedestrian
16,149.0,1220.0,203.0,1277.0,54,0,0,1,Pedestrian
16,151.0,1220.0,205.0,1277.0,55,0,0,1,Pedestrian
16,151.0,1220.0,205.0,1277.0,56,0,0,1,Pedestrian
16,153.0,1220.0,207.0,1277.0,57,0,0,1,Pedestrian
16,153.0,1220.0,207.0,1277.0,58,0,0,1,Pedestrian
16,155.0,1220.0,209.0,1277.0,59,0,0,1,Pedestrian
16,157.0,1220.0,211.0,1277.0,60,0,0,1,Pedestrian
16,157.0,1220.0,211.0,1277.0,61,0,0,1,Pedestrian
16,159.0,1220.0,213.0,1277.0,62,0,0,1,Pedestrian
16,161.0,1220.0,215.0,1277.0,63,0,0,1,Pedestrian
16,161.0,1220.0,215.0,1277.0,64,0,0,1,Pedestrian
16,163.0,1220.0,217.0,1277.0,65,0,0,1,Pedestrian
16,163.0,1220.0,217.0,1277.0,66,0,0,1,Pedestrian
16,165.0,1220.0,219.0,1277.0,67,0,0,1,Pedestrian
16,167.0,1220.0,221.0,1277.0,68,0,0,1,Pedestrian
16,167.0,1220.0,221.0,1277.0,69,0,0,1,Pedestrian
16,169.0,1220.0,223.0,1277.0,70,0,0,1,Pedestrian
16,169.0,1220.0,223.0,1277.0,71,0,0,1,Pedestrian
16,171.0,1220.0,225.0,1277.0,72,0,0,1,Pedestrian
16,173.0,1220.0,227.0,1277.0,73,0,0,1,Pedestrian
16,173.0,1220.0,227.0,1277.0,74,0,0,1,Pedestrian
16,175.0,1220.0,229.0,1277.0,75,0,0,1,Pedestrian
16,177.0,1220.0,231.0,1277.0,76,0,0,1,Pedestrian
16,177.0,1220.0,231.0,1277.0,77,0,0,1,Pedestrian
16,179.0,1220.0,233.0,1277.0,78,0,0,1,Pedestrian
16,179.0,1220.0,233.0,1277.0,79,0,0,1,Pedestrian
16,181.0,1220.0,235.0,1277.0,80,0,0,1,Pedestrian
16,183.0,1220.0,237.0,1277.0,81,0,0,1,Pedestrian
16,183.0,1220.0,237.0,1277.0,82,0,0,1,Pedestrian
16,185.0,1220.0,239.0,1277.0,83,0,0,1,Pedestrian
16,187.0,1220.0,241.0,1277.0,84,0,0,1,Pedestrian
16,187.0,1220.0,241.0,1277.0,85,0,0,1,Pedestrian
16,189.0,1220.0,243.0,1277.0,86,0,0,1,Pedestrian
16,189.0,1216.0,243.0,1273.0,87,0,0,1,Pedestrian
16,191.0,1216.0,245.0,1273.0,88,0,0,1,Pedestrian
16,193.0,1216.0,247.0,1273.0,89,0,0,1,Pedestrian
16,193.0,1216.0,247.0,1273.0,90,0,0,1,Pedestrian
16,195.0,1216.0,249.0,1273.0,91,0,0,1,Pedestrian
16,195.0,1216.0,249.0,1273.0,92,0,0,1,Pedestrian
16,197.0,1216.0,251.0,1273.0,93,0,0,1,Pedestrian
16,199.0,1216.0,253.0,1273.0,94,0,0,1,Pedestrian
16,199.0,1216.0,253.0,1273.0,95,0,0,1,Pedestrian
16,201.0,1216.0,255.0,1273.0,96,0,0,1,Pedestrian
16,203.0,1216.0,257.0,1273.0,97,0,0,1,Pedestrian
16,203.0,1216.0,257.0,1273.0,98,0,0,1,Pedestrian
16,205.0,1216.0,259.0,1273.0,99,0,0,1,Pedestrian
16,205.0,1216.0,259.0,1273.0,100,0,0,1,Pedestrian
16,207.0,1216.0,261.0,1273.0,101,0,0,1,Pedestrian
16,209.0,1216.0,263.0,1273.0,102,0,0,1,Pedestrian
16,209.0,1216.0,263.0,1273.0,103,0,0,1,Pedestrian
16,211.0,1216.0,265.0,1273.0,104,0,0,1,Pedestrian
16,213.0,1216.0,267.0,1273.0,105,0,0,1,Pedestrian
16,213.0,1216.0,267.0,1273.0,106,0,0,1,Pedestrian
16,215.0,1216.0,269.0,1273.0,107,0,0,1,Pedestrian
16,215.0,1216.0,269.0,1273.0,108,0,0,1,Pedestrian
16,217.0,1216.0,271.0,1273.0,109,0,0,1,Pedestrian
16,219.0,1216.0,273.0,1273.0,110,0,0,1,Pedestrian
16,219.0,1216.0,273.0,1273.0,111,0,0,1,Pedestrian
16,221.0,1216.0,275.0,1273.0,112,0,0,1,Pedestrian
16,221.0,1216.0,275.0,1273.0,113,0,0,1,Pedestrian
16,223.0,1216.0,277.0,1273.0,114,0,0,1,Pedestrian
16,225.0,1216.0,279.0,1273.0,115,0,0,1,Pedestrian
16,225.0,1216.0,279.0,1273.0,116,0,0,1,Pedestrian
16,227.0,1216.0,281.0,1273.0,117,0,0,1,Pedestrian
16,229.0,1216.0,283.0,1273.0,118,0,0,1,Pedestrian
16,229.0,1216.0,283.0,1273.0,119,0,0,1,Pedestrian
16,231.0,1216.0,285.0,1273.0,120,0,0,1,Pedestrian
16,231.0,1216.0,285.0,1273.0,121,0,0,1,Pedestrian
16,233.0,1216.0,287.0,1273.0,122,0,0,1,Pedestrian
16,235.0,1216.0,289.0,1273.0,123,0,0,1,Pedestrian
16,235.0,1212.0,289.0,1269.0,124,0,0,1,Pedestrian
16,237.0,1212.0,291.0,1269.0,125,0,0,1,Pedestrian
16,237.0,1212.0,291.0,1269.0,126,0,0,1,Pedestrian
16,239.0,1212.0,293.0,1269.0,127,0,0,1,Pedestrian
16,241.0,1212.0,295.0,1269.0,128,0,0,1,Pedestrian
16,241.0,1212.0,295.0,1269.0,129,0,0,1,Pedestrian
16,243.0,1212.0,297.0,1269.0,130,0,0,1,Pedestrian
16,245.0,1212.0,299.0,1269.0,131,0,0,1,Pedestrian
16,245.0,1212.0,299.0,1269.0,132,0,0,1,Pedestrian
16,247.0,1212.0,301.0,1269.0,133,0,0,1,Pedestrian
16,247.0,1212.0,301.0,1269.0,134,0,0,1,Pedestrian
16,249.0,1212.0,303.0,1269.0,135,0,0,1,Pedestrian
16,251.0,1212.0,305.0,1269.0,136,0,0,1,Pedestrian
16,251.0,1212.0,305.0,1269.0,137,0,0,1,Pedestrian
16,253.0,1212.0,307.0,1269.0,138,0,0,1,Pedestrian
16,255.0,1212.0,309.0,1269.0,139,0,0,1,Pedestrian
16,255.0,1212.0,309.0,1269.0,140,0,0,1,Pedestrian
16,257.0,1212.0,311.0,1269.0,141,0,0,1,Pedestrian
16,257.0,1212.0,311.0,1269.0,142,0,0,1,Pedestrian
16,259.0,1212.0,313.0,1269.0,143,0,0,1,Pedestrian
16,261.0,1212.0,315.0,1269.0,144,0,0,1,Pedestrian
16,261.0,1212.0,315.0,1269.0,145,0,0,1,Pedestrian
16,263.0,1212.0,317.0,1269.0,146,0,0,1,Pedestrian
16,263.0,1212.0,317.0,1269.0,147,0,0,1,Pedestrian
16,265.0,1212.0,319.0,1269.0,148,0,0,1,Pedestrian
16,267.0,1212.0,321.0,1269.0,149,0,0,1,Pedestrian
16,267.0,1212.0,321.0,1269.0,150,0,0,1,Pedestrian
16,269.0,1212.0,323.0,1269.0,151,0,0,1,Pedestrian
16,271.0,1212.0,325.0,1269.0,152,0,0,1,Pedestrian
16,271.0,1212.0,325.0,1269.0,153,0,0,1,Pedestrian
16,273.0,1212.0,327.0,1269.0,154,0,0,1,Pedestrian
16,273.0,1212.0,327.0,1269.0,155,0,0,1,Pedestrian
16,275.0,1212.0,329.0,1269.0,156,0,0,1,Pedestrian
16,277.0,1212.0,331.0,1269.0,157,0,0,1,Pedestrian
16,277.0,1212.0,331.0,1269.0,158,0,0,1,Pedestrian
16,279.0,1212.0,333.0,1269.0,159,0,0,1,Pedestrian
16,281.0,1212.0,335.0,1269.0,160,0,0,0,Pedestrian
16,281.0,1212.0,335.0,1269.0,161,0,0,1,Pedestrian
16,283.0,1212.0,337.0,1269.0,162,0,0,1,Pedestrian
16,283.0,1212.0,337.0,1269.0,163,0,0,1,Pedestrian
16,285.0,1212.0,339.0,1269.0,164,0,0,1,Pedestrian
16,285.0,1212.0,339.0,1269.0,165,0,0,1,Pedestrian
16,287.0,1212.0,341.0,1269.0,166,0,0,1,Pedestrian
16,289.0,1212.0,343.0,1269.0,167,0,0,1,Pedestrian
16,289.0,1212.0,343.0,1269.0,168,0,0,1,Pedestrian
16,291.0,1212.0,345.0,1269.0,169,0,0,1,Pedestrian
16,291.0,1212.0,345.0,1269.0,170,0,0,1,Pedestrian
16,293.0,1212.0,347.0,1269.0,171,0,0,1,Pedestrian
16,293.0,1212.0,347.0,1269.0,172,0,0,1,Pedestrian
16,295.0,1212.0,349.0,1269.0,173,0,0,1,Pedestrian
16,297.0,1212.0,351.0,1269.0,174,0,0,1,Pedestrian
16,297.0,1212.0,351.0,1269.0,175,0,0,1,Pedestrian
16,299.0,1212.0,353.0,1269.0,176,0,0,1,Pedestrian
16,299.0,1212.0,353.0,1269.0,177,0,0,1,Pedestrian
16,301.0,1212.0,355.0,1269.0,178,0,0,1,Pedestrian
16,303.0,1212.0,357.0,1269.0,179,0,0,1,Pedestrian
16,303.0,1212.0,357.0,1269.0,180,0,0,1,Pedestrian
16,305.0,1212.0,359.0,1269.0,181,0,0,1,Pedestrian
16,305.0,1212.0,359.0,1269.0,182,0,0,1,Pedestrian
16,307.0,1212.0,360.0,1269.0,183,0,0,1,Pedestrian
16,307.0,1212.0,360.0,1269.0,184,0,0,1,Pedestrian
16,309.0,1212.0,362.0,1269.0,185,0,0,1,Pedestrian
16,311.0,1212.0,364.0,1269.0,186,0,0,1,Pedestrian
16,311.0,1212.0,364.0,1269.0,187,0,0,1,Pedestrian
16,313.0,1212.0,366.0,1269.0,188,0,0,1,Pedestrian
16,313.0,1212.0,366.0,1269.0,189,0,0,1,Pedestrian
16,315.0,1212.0,368.0,1269.0,190,0,0,1,Pedestrian
16,317.0,1212.0,370.0,1269.0,191,0,0,1,Pedestrian
16,317.0,1212.0,370.0,1269.0,192,0,0,1,Pedestrian
16,319.0,1212.0,372.0,1269.0,193,0,0,1,Pedestrian
16,319.0,1212.0,372.0,1269.0,194,0,0,1,Pedestrian
16,321.0,1212.0,374.0,1269.0,195,0,0,1,Pedestrian
16,321.0,1212.0,374.0,1269.0,196,0,0,1,Pedestrian
16,323.0,1212.0,376.0,1269.0,197,0,0,1,Pedestrian
16,325.0,1212.0,378.0,1269.0,198,0,0,1,Pedestrian
16,325.0,1212.0,378.0,1269.0,199,0,0,1,Pedestrian
16,327.0,1212.0,380.0,1269.0,200,0,0,1,Pedestrian
16,327.0,1212.0,380.0,1269.0,201,0,0,1,Pedestrian
16,329.0,1212.0,382.0,1269.0,202,0,0,1,Pedestrian
16,331.0,1212.0,384.0,1269.0,203,0,0,1,Pedestrian
16,331.0,1212.0,384.0,1269.0,204,0,0,1,Pedestrian
16,333.0,1212.0,386.0,1269.0,205,0,0,1,Pedestrian
16,333.0,1212.0,386.0,1269.0,206,0,0,1,Pedestrian
16,335.0,1212.0,388.0,1269.0,207,0,0,1,Pedestrian
16,335.0,1212.0,388.0,1269.0,208,0,0,1,Pedestrian
16,337.0,1212.0,390.0,1269.0,209,0,0,1,Pedestrian
16,339.0,1212.0,392.0,1269.0,210,0,0,1,Pedestrian
16,339.0,1212.0,392.0,1269.0,211,0,0,1,Pedestrian
16,341.0,1212.0,394.0,1269.0,212,0,0,1,Pedestrian
16,341.0,1212.0,394.0,1269.0,213,0,0,1,Pedestrian
16,343.0,1212.0,396.0,1269.0,214,0,0,1,Pedestrian
16,345.0,1212.0,398.0,1269.0,215,0,0,1,Pedestrian
16,345.0,1212.0,398.0,1269.0,216,0,0,1,Pedestrian
16,347.0,1212.0,400.0,1269.0,217,0,0,1,Pedestrian
16,347.0,1212.0,400.0,1269.0,218,0,0,1,Pedestrian
16,349.0,1212.0,402.0,1269.0,219,0,0,1,Pedestrian
16,349.0,1212.0,402.0,1269.0,220,0,0,1,Pedestrian
16,351.0,1212.0,404.0,1269.0,221,0,0,1,Pedestrian
16,353.0,1212.0,406.0,1269.0,222,0,0,1,Pedestrian
16,353.0,1212.0,406.0,1269.0,223,0,0,1,Pedestrian
16,355.0,1212.0,408.0,1269.0,224,0,0,1,Pedestrian
16,355.0,1212.0,408.0,1269.0,225,0,0,1,Pedestrian
16,357.0,1212.0,410.0,1269.0,226,0,0,1,Pedestrian
16,359.0,1212.0,412.0,1269.0,227,0,0,0,Pedestrian
16,359.0,1212.0,412.0,1269.0,228,0,0,1,Pedestrian
16,360.0,1212.0,414.0,1269.0,229,0,0,1,Pedestrian
16,362.0,1212.0,416.0,1269.0,230,0,0,0,Pedestrian
16,362.0,1212.0,416.0,1269.0,231,0,0,1,Pedestrian
16,364.0,1212.0,418.0,1269.0,232,0,0,1,Pedestrian
16,366.0,1212.0,420.0,1269.0,233,0,0,1,Pedestrian
16,366.0,1212.0,420.0,1269.0,234,0,0,1,Pedestrian
16,368.0,1212.0,422.0,1269.0,235,0,0,1,Pedestrian
16,370.0,1212.0,424.0,1269.0,236,0,0,1,Pedestrian
16,370.0,1212.0,424.0,1269.0,237,0,0,1,Pedestrian
16,372.0,1212.0,426.0,1269.0,238,0,0,1,Pedestrian
16,374.0,1212.0,428.0,1269.0,239,0,0,1,Pedestrian
16,374.0,1212.0,428.0,1269.0,240,0,0,1,Pedestrian
16,376.0,1212.0,430.0,1269.0,241,0,0,1,Pedestrian
16,378.0,1212.0,432.0,1269.0,242,0,0,1,Pedestrian
16,378.0,1212.0,432.0,1269.0,243,0,0,1,Pedestrian
16,380.0,1212.0,434.0,1269.0,244,0,0,1,Pedestrian
16,382.0,1212.0,436.0,1269.0,245,0,0,1,Pedestrian
16,382.0,1212.0,436.0,1269.0,246,0,0,1,Pedestrian
16,384.0,1212.0,438.0,1269.0,247,0,0,1,Pedestrian
16,386.0,1212.0,440.0,1269.0,248,0,0,1,Pedestrian
16,388.0,1212.0,442.0,1269.0,249,0,0,1,Pedestrian
16,388.0,1212.0,442.0,1269.0,250,0,0,1,Pedestrian
16,390.0,1212.0,444.0,1269.0,251,0,0,1,Pedestrian
16,392.0,1212.0,446.0,1269.0,252,0,0,1,Pedestrian
16,392.0,1212.0,446.0,1269.0,253,0,0,1,Pedestrian
16,394.0,1212.0,448.0,1269.0,254,0,0,1,Pedestrian
16,396.0,1212.0,450.0,1269.0,255,0,0,1,Pedestrian
16,396.0,1212.0,450.0,1269.0,256,0,0,1,Pedestrian
16,398.0,1212.0,452.0,1269.0,257,0,0,1,Pedestrian
16,400.0,1212.0,454.0,1269.0,258,0,0,1,Pedestrian
16,400.0,1212.0,454.0,1269.0,259,0,0,1,Pedestrian
16,402.0,1212.0,456.0,1269.0,260,0,0,1,Pedestrian
16,404.0,1212.0,458.0,1269.0,261,0,0,1,Pedestrian
16,404.0,1212.0,458.0,1269.0,262,0,0,1,Pedestrian
16,406.0,1212.0,460.0,1269.0,263,0,0,1,Pedestrian
16,408.0,1212.0,462.0,1269.0,264,0,0,1,Pedestrian
16,410.0,1212.0,464.0,1269.0,265,0,0,1,Pedestrian
16,410.0,1212.0,464.0,1269.0,266,0,0,1,Pedestrian
16,412.0,1212.0,466.0,1269.0,267,0,0,1,Pedestrian
16,414.0,1212.0,468.0,1269.0,268,0,0,1,Pedestrian
16,414.0,1212.0,468.0,1269.0,269,0,0,1,Pedestrian
16,416.0,1212.0,470.0,1269.0,270,0,0,1,Pedestrian
16,418.0,1212.0,472.0,1269.0,271,0,0,1,Pedestrian
16,418.0,1212.0,472.0,1269.0,272,0,0,1,Pedestrian
16,420.0,1212.0,474.0,1269.0,273,0,0,1,Pedestrian
16,422.0,1212.0,476.0,1269.0,274,0,0,1,Pedestrian
16,422.0,1212.0,476.0,1269.0,275,0,0,1,Pedestrian
16,424.0,1212.0,478.0,1269.0,276,0,0,1,Pedestrian
16,426.0,1212.0,480.0,1269.0,277,0,0,1,Pedestrian
16,426.0,1212.0,480.0,1269.0,278,0,0,1,Pedestrian
16,428.0,1212.0,482.0,1269.0,279,0,0,1,Pedestrian
16,430.0,1212.0,484.0,1269.0,280,0,0,1,Pedestrian
16,430.0,1212.0,484.0,1269.0,281,0,0,1,Pedestrian
16,432.0,1212.0,486.0,1269.0,282,0,0,1,Pedestrian
16,434.0,1212.0,488.0,1269.0,283,0,0,1,Pedestrian
16,436.0,1212.0,490.0,1269.0,284,0,0,1,Pedestrian
16,436.0,1212.0,490.0,1269.0,285,0,0,1,Pedestrian
16,438.0,1212.0,492.0,1269.0,286,0,0,1,Pedestrian
16,440.0,1212.0,494.0,1269.0,287,0,0,1,Pedestrian
16,440.0,1212.0,494.0,1269.0,288,0,0,1,Pedestrian
16,442.0,1212.0,496.0,1269.0,289,0,0,1,Pedestrian
16,444.0,1212.0,498.0,1269.0,290,0,0,1,Pedestrian
16,444.0,1212.0,498.0,1269.0,291,0,0,1,Pedestrian
16,446.0,1212.0,500.0,1269.0,292,0,0,1,Pedestrian
16,448.0,1212.0,502.0,1269.0,293,0,0,1,Pedestrian
16,448.0,1212.0,502.0,1269.0,294,0,0,1,Pedestrian
16,450.0,1212.0,504.0,1269.0,295,0,0,1,Pedestrian
16,452.0,1212.0,506.0,1269.0,296,0,0,1,Pedestrian
16,452.0,1212.0,506.0,1269.0,297,0,0,1,Pedestrian
16,454.0,1212.0,508.0,1269.0,298,0,0,1,Pedestrian
16,456.0,1212.0,510.0,1269.0,299,0,0,1,Pedestrian
16,458.0,1212.0,512.0,1269.0,300,0,0,0,Pedestrian
16,458.0,1208.0,512.0,1265.0,301,0,0,1,Pedestrian
16,460.0,1208.0,514.0,1265.0,302,0,0,1,Pedestrian
16,460.0,1208.0,514.0,1265.0,303,0,0,1,Pedestrian
16,462.0,1208.0,516.0,1265.0,304,0,0,1,Pedestrian
16,462.0,1208.0,516.0,1265.0,305,0,0,1,Pedestrian
16,464.0,1208.0,518.0,1265.0,306,0,0,1,Pedestrian
16,464.0,1208.0,518.0,1265.0,307,0,0,1,Pedestrian
16,466.0,1208.0,520.0,1265.0,308,0,0,1,Pedestrian
16,466.0,1208.0,520.0,1265.0,309,0,0,1,Pedestrian
16,468.0,1208.0,522.0,1265.0,310,0,0,1,Pedestrian
16,468.0,1208.0,522.0,1265.0,311,0,0,1,Pedestrian
16,470.0,1208.0,524.0,1265.0,312,0,0,1,Pedestrian
16,472.0,1208.0,526.0,1265.0,313,0,0,1,Pedestrian
16,472.0,1208.0,526.0,1265.0,314,0,0,1,Pedestrian
16,474.0,1208.0,528.0,1265.0,315,0,0,1,Pedestrian
16,474.0,1208.0,528.0,1265.0,316,0,0,1,Pedestrian
16,476.0,1208.0,530.0,1265.0,317,0,0,1,Pedestrian
16,476.0,1208.0,530.0,1265.0,318,0,0,1,Pedestrian
16,478.0,1208.0,532.0,1265.0,319,0,0,1,Pedestrian
16,478.0,1208.0,532.0,1265.0,320,0,0,1,Pedestrian
16,480.0,1208.0,534.0,1265.0,321,0,0,1,Pedestrian
16,480.0,1208.0,534.0,1265.0,322,0,0,1,Pedestrian
16,482.0,1208.0,536.0,1265.0,323,0,0,1,Pedestrian
16,484.0,1208.0,538.0,1265.0,324,0,0,1,Pedestrian
16,484.0,1208.0,538.0,1265.0,325,0,0,1,Pedestrian
16,486.0,1208.0,540.0,1265.0,326,0,0,1,Pedestrian
16,486.0,1208.0,540.0,1265.0,327,0,0,1,Pedestrian
16,488.0,1208.0,542.0,1265.0,328,0,0,1,Pedestrian
16,488.0,1208.0,542.0,1265.0,329,0,0,1,Pedestrian
16,490.0,1208.0,544.0,1265.0,330,0,0,1,Pedestrian
16,490.0,1208.0,544.0,1265.0,331,0,0,1,Pedestrian
16,492.0,1208.0,546.0,1265.0,332,0,0,1,Pedestrian
16,492.0,1208.0,546.0,1265.0,333,0,0,1,Pedestrian
16,494.0,1208.0,548.0,1265.0,334,0,0,1,Pedestrian
16,496.0,1208.0,550.0,1265.0,335,0,0,1,Pedestrian
16,496.0,1208.0,550.0,1265.0,336,0,0,1,Pedestrian
16,498.0,1208.0,552.0,1265.0,337,0,0,1,Pedestrian
16,498.0,1208.0,552.0,1265.0,338,0,0,1,Pedestrian
16,500.0,1208.0,554.0,1265.0,339,0,0,1,Pedestrian
16,500.0,1208.0,554.0,1265.0,340,0,0,1,Pedestrian
16,502.0,1208.0,556.0,1265.0,341,0,0,1,Pedestrian
16,502.0,1208.0,556.0,1265.0,342,0,0,1,Pedestrian
16,504.0,1208.0,558.0,1265.0,343,0,0,1,Pedestrian
16,504.0,1208.0,558.0,1265.0,344,0,0,1,Pedestrian
16,506.0,1208.0,560.0,1265.0,345,0,0,1,Pedestrian
16,506.0,1208.0,560.0,1265.0,346,0,0,1,Pedestrian
16,508.0,1208.0,562.0,1265.0,347,0,0,1,Pedestrian
16,510.0,1208.0,564.0,1265.0,348,0,0,1,Pedestrian
16,510.0,1208.0,564.0,1265.0,349,0,0,1,Pedestrian
16,512.0,1208.0,566.0,1265.0,350,0,0,1,Pedestrian
16,512.0,1208.0,566.0,1265.0,351,0,0,1,Pedestrian
16,514.0,1208.0,568.0,1265.0,352,0,0,1,Pedestrian
16,514.0,1208.0,568.0,1265.0,353,0,0,1,Pedestrian
16,516.0,1208.0,570.0,1265.0,354,0,0,1,Pedestrian
16,516.0,1208.0,570.0,1265.0,355,0,0,1,Pedestrian
16,518.0,1208.0,572.0,1265.0,356,0,0,1,Pedestrian
16,518.0,1208.0,572.0,1265.0,357,0,0,1,Pedestrian
16,520.0,1208.0,574.0,1265.0,358,0,0,1,Pedestrian
16,522.0,1208.0,576.0,1265.0,359,0,0,1,Pedestrian
16,522.0,1208.0,576.0,1265.0,360,0,0,1,Pedestrian
16,524.0,1208.0,578.0,1265.0,361,0,0,1,Pedestrian
16,524.0,1208.0,578.0,1265.0,362,0,0,1,Pedestrian
16,526.0,1208.0,580.0,1265.0,363,0,0,1,Pedestrian
16,526.0,1208.0,580.0,1265.0,364,0,0,1,Pedestrian
16,528.0,1208.0,582.0,1265.0,365,0,0,1,Pedestrian
16,528.0,1208.0,582.0,1265.0,366,0,0,1,Pedestrian
16,530.0,1208.0,584.0,1265.0,367,0,0,1,Pedestrian
16,530.0,1208.0,584.0,1265.0,368,0,0,1,Pedestrian
16,532.0,1208.0,586.0,1265.0,369,0,0,1,Pedestrian
16,534.0,1208.0,588.0,1265.0,370,0,0,0,Pedestrian
16,534.0,1208.0,588.0,1265.0,371,0,0,1,Pedestrian
16,536.0,1208.0,590.0,1265.0,372,0,0,1,Pedestrian
16,536.0,1208.0,590.0,1265.0,373,0,0,1,Pedestrian
16,538.0,1208.0,592.0,1265.0,374,0,0,1,Pedestrian
16,540.0,1208.0,594.0,1265.0,375,0,0,1,Pedestrian
16,540.0,1208.0,594.0,1265.0,376,0,0,1,Pedestrian
16,542.0,1208.0,596.0,1265.0,377,0,0,1,Pedestrian
16,544.0,1208.0,598.0,1265.0,378,0,0,1,Pedestrian
16,544.0,1208.0,598.0,1265.0,379,0,0,1,Pedestrian
16,546.0,1208.0,600.0,1265.0,380,0,0,1,Pedestrian
16,546.0,1208.0,600.0,1265.0,381,0,0,1,Pedestrian
16,548.0,1208.0,602.0,1265.0,382,0,0,1,Pedestrian
16,550.0,1208.0,604.0,1265.0,383,0,0,1,Pedestrian
16,550.0,1208.0,604.0,1265.0,384,0,0,1,Pedestrian
16,552.0,1208.0,606.0,1265.0,385,0,0,1,Pedestrian
16,554.0,1208.0,608.0,1265.0,386,0,0,1,Pedestrian
16,554.0,1208.0,608.0,1265.0,387,0,0,1,Pedestrian
16,556.0,1208.0,610.0,1265.0,388,0,0,1,Pedestrian
16,558.0,1208.0,612.0,1265.0,389,0,0,1,Pedestrian
16,558.0,1208.0,612.0,1265.0,390,0,0,1,Pedestrian
16,560.0,1208.0,614.0,1265.0,391,0,0,1,Pedestrian
16,560.0,1208.0,614.0,1265.0,392,0,0,1,Pedestrian
16,562.0,1208.0,616.0,1265.0,393,0,0,1,Pedestrian
16,564.0,1208.0,618.0,1265.0,394,0,0,1,Pedestrian
16,564.0,1208.0,618.0,1265.0,395,0,0,1,Pedestrian
16,566.0,1208.0,620.0,1265.0,396,0,0,1,Pedestrian
16,568.0,1208.0,622.0,1265.0,397,0,0,1,Pedestrian
16,568.0,1208.0,622.0,1265.0,398,0,0,1,Pedestrian
16,570.0,1208.0,624.0,1265.0,399,0,0,1,Pedestrian
16,572.0,1212.0,626.0,1269.0,400,0,0,1,Pedestrian
16,572.0,1212.0,626.0,1269.0,401,0,0,1,Pedestrian
16,574.0,1212.0,628.0,1269.0,402,0,0,1,Pedestrian
16,574.0,1212.0,628.0,1269.0,403,0,0,1,Pedestrian
16,576.0,1212.0,630.0,1269.0,404,0,0,1,Pedestrian
16,578.0,1212.0,632.0,1269.0,405,0,0,1,Pedestrian
16,578.0,1212.0,632.0,1269.0,406,0,0,1,Pedestrian
16,580.0,1212.0,634.0,1269.0,407,0,0,1,Pedestrian
16,582.0,1212.0,636.0,1269.0,408,0,0,1,Pedestrian
16,582.0,1212.0,636.0,1269.0,409,0,0,1,Pedestrian
16,584.0,1212.0,638.0,1269.0,410,0,0,1,Pedestrian
16,584.0,1212.0,638.0,1269.0,411,0,0,1,Pedestrian
16,586.0,1212.0,640.0,1269.0,412,0,0,1,Pedestrian
16,588.0,1212.0,642.0,1269.0,413,0,0,1,Pedestrian
16,588.0,1212.0,642.0,1269.0,414,0,0,1,Pedestrian
16,590.0,1212.0,644.0,1269.0,415,0,0,1,Pedestrian
16,592.0,1212.0,646.0,1269.0,416,0,0,1,Pedestrian
16,592.0,1212.0,646.0,1269.0,417,0,0,1,Pedestrian
16,594.0,1212.0,648.0,1269.0,418,0,0,1,Pedestrian
16,596.0,1212.0,650.0,1269.0,419,0,0,1,Pedestrian
16,596.0,1212.0,650.0,1269.0,420,0,0,1,Pedestrian
16,598.0,1212.0,652.0,1269.0,421,0,0,1,Pedestrian
16,598.0,1212.0,652.0,1269.0,422,0,0,1,Pedestrian
16,600.0,1212.0,654.0,1269.0,423,0,0,1,Pedestrian
16,602.0,1212.0,656.0,1269.0,424,0,0,1,Pedestrian
16,602.0,1212.0,656.0,1269.0,425,0,0,1,Pedestrian
16,604.0,1212.0,658.0,1269.0,426,0,0,1,Pedestrian
16,606.0,1212.0,660.0,1269.0,427,0,0,1,Pedestrian
16,606.0,1212.0,660.0,1269.0,428,0,0,1,Pedestrian
16,608.0,1212.0,662.0,1269.0,429,0,0,1,Pedestrian
16,610.0,1216.0,664.0,1273.0,430,0,0,0,Pedestrian
17,490.0,1371.0,524.0,1420.0,0,1,0,0,Pedestrian
17,488.0,1367.0,522.0,1416.0,1,1,0,1,Pedestrian
17,488.0,1367.0,522.0,1416.0,2,1,0,1,Pedestrian
17,488.0,1367.0,522.0,1416.0,3,1,0,1,Pedestrian
17,488.0,1367.0,522.0,1416.0,4,1,0,1,Pedestrian
17,488.0,1367.0,522.0,1416.0,5,1,0,1,Pedestrian
17,488.0,1367.0,522.0,1416.0,6,1,0,1,Pedestrian
17,488.0,1367.0,522.0,1416.0,7,1,0,1,Pedestrian
17,488.0,1367.0,522.0,1416.0,8,1,0,1,Pedestrian
17,488.0,1367.0,522.0,1416.0,9,1,0,1,Pedestrian
17,488.0,1367.0,522.0,1416.0,10,1,0,1,Pedestrian
17,488.0,1367.0,522.0,1416.0,11,1,0,1,Pedestrian
17,488.0,1367.0,522.0,1416.0,12,1,0,1,Pedestrian
17,488.0,1367.0,522.0,1416.0,13,1,0,1,Pedestrian
17,488.0,1367.0,522.0,1416.0,14,1,0,1,Pedestrian
17,488.0,1367.0,522.0,1416.0,15,1,0,1,Pedestrian
17,488.0,1367.0,522.0,1416.0,16,1,0,1,Pedestrian
17,488.0,1367.0,522.0,1416.0,17,1,0,1,Pedestrian
17,488.0,1367.0,522.0,1416.0,18,1,0,1,Pedestrian
17,488.0,1367.0,522.0,1416.0,19,1,0,1,Pedestrian
17,488.0,1367.0,522.0,1416.0,20,1,0,1,Pedestrian
17,488.0,1367.0,522.0,1416.0,21,1,0,1,Pedestrian
17,488.0,1367.0,522.0,1416.0,22,1,0,1,Pedestrian
17,488.0,1367.0,522.0,1416.0,23,1,0,1,Pedestrian
17,488.0,1367.0,522.0,1416.0,24,1,0,1,Pedestrian
17,488.0,1367.0,522.0,1416.0,25,1,0,1,Pedestrian
17,488.0,1367.0,522.0,1416.0,26,1,0,1,Pedestrian
17,488.0,1367.0,522.0,1416.0,27,1,0,1,Pedestrian
17,488.0,1367.0,522.0,1416.0,28,1,0,1,Pedestrian
17,488.0,1367.0,522.0,1416.0,29,1,0,1,Pedestrian
17,488.0,1367.0,522.0,1416.0,30,1,0,1,Pedestrian
17,488.0,1367.0,522.0,1416.0,31,1,0,1,Pedestrian
17,488.0,1367.0,522.0,1416.0,32,1,0,1,Pedestrian
17,488.0,1367.0,522.0,1416.0,33,1,0,1,Pedestrian
17,488.0,1367.0,522.0,1416.0,34,1,0,1,Pedestrian
17,488.0,1367.0,522.0,1416.0,35,1,0,1,Pedestrian
17,488.0,1367.0,522.0,1416.0,36,1,0,1,Pedestrian
17,488.0,1367.0,522.0,1416.0,37,1,0,1,Pedestrian
17,488.0,1367.0,522.0,1416.0,38,1,0,1,Pedestrian
17,488.0,1367.0,522.0,1416.0,39,1,0,1,Pedestrian
17,488.0,1367.0,522.0,1416.0,40,1,0,1,Pedestrian
17,488.0,1367.0,522.0,1416.0,41,1,0,1,Pedestrian
17,488.0,1367.0,522.0,1416.0,42,1,0,1,Pedestrian
17,488.0,1367.0,522.0,1416.0,43,1,0,1,Pedestrian
17,488.0,1367.0,522.0,1416.0,44,1,0,1,Pedestrian
17,488.0,1367.0,522.0,1416.0,45,1,0,1,Pedestrian
17,488.0,1367.0,522.0,1416.0,46,1,0,1,Pedestrian
17,488.0,1367.0,522.0,1416.0,47,1,0,1,Pedestrian
17,488.0,1367.0,522.0,1416.0,48,1,0,1,Pedestrian
17,488.0,1367.0,522.0,1416.0,49,1,0,1,Pedestrian
17,488.0,1367.0,522.0,1416.0,50,1,0,1,Pedestrian
17,488.0,1367.0,522.0,1416.0,51,1,0,1,Pedestrian
17,488.0,1367.0,522.0,1416.0,52,1,0,1,Pedestrian
17,488.0,1367.0,522.0,1416.0,53,1,0,1,Pedestrian
17,488.0,1367.0,522.0,1416.0,54,1,0,1,Pedestrian
17,488.0,1367.0,522.0,1416.0,55,1,0,1,Pedestrian
17,488.0,1367.0,522.0,1416.0,56,1,0,1,Pedestrian
17,488.0,1367.0,522.0,1416.0,57,1,0,1,Pedestrian
17,488.0,1367.0,522.0,1416.0,58,1,0,1,Pedestrian
17,488.0,1367.0,522.0,1416.0,59,1,0,1,Pedestrian
17,488.0,1367.0,522.0,1416.0,60,1,0,1,Pedestrian
17,488.0,1367.0,522.0,1416.0,61,1,0,1,Pedestrian
17,488.0,1367.0,522.0,1416.0,62,1,0,1,Pedestrian
17,488.0,1367.0,522.0,1416.0,63,1,0,1,Pedestrian
17,488.0,1367.0,522.0,1416.0,64,1,0,1,Pedestrian
17,488.0,1367.0,522.0,1416.0,65,1,0,1,Pedestrian
17,488.0,1367.0,522.0,1416.0,66,1,0,1,Pedestrian
17,488.0,1367.0,522.0,1416.0,67,1,0,1,Pedestrian
17,488.0,1367.0,522.0,1416.0,68,1,0,1,Pedestrian
17,488.0,1367.0,522.0,1416.0,69,1,0,1,Pedestrian
17,488.0,1367.0,522.0,1416.0,70,1,0,1,Pedestrian
17,488.0,1367.0,522.0,1416.0,71,1,0,1,Pedestrian
17,488.0,1367.0,522.0,1416.0,72,1,0,1,Pedestrian
17,488.0,1367.0,522.0,1416.0,73,1,0,1,Pedestrian
17,488.0,1367.0,522.0,1416.0,74,1,0,1,Pedestrian
17,488.0,1367.0,522.0,1416.0,75,1,0,1,Pedestrian
17,488.0,1367.0,522.0,1416.0,76,1,0,1,Pedestrian
17,488.0,1367.0,522.0,1416.0,77,1,0,1,Pedestrian
17,486.0,1363.0,520.0,1412.0,78,1,0,1,Pedestrian
17,486.0,1363.0,520.0,1412.0,79,1,0,1,Pedestrian
17,486.0,1363.0,520.0,1412.0,80,1,0,1,Pedestrian
17,486.0,1363.0,520.0,1412.0,81,1,0,1,Pedestrian
17,486.0,1363.0,520.0,1412.0,82,1,0,1,Pedestrian
17,486.0,1363.0,520.0,1412.0,83,1,0,1,Pedestrian
17,486.0,1363.0,520.0,1412.0,84,1,0,1,Pedestrian
17,486.0,1363.0,520.0,1412.0,85,1,0,1,Pedestrian
17,486.0,1363.0,520.0,1412.0,86,1,0,1,Pedestrian
17,486.0,1363.0,520.0,1412.0,87,1,0,1,Pedestrian
17,486.0,1363.0,520.0,1412.0,88,1,0,1,Pedestrian
17,486.0,1363.0,520.0,1412.0,89,1,0,1,Pedestrian
17,486.0,1363.0,520.0,1412.0,90,1,0,1,Pedestrian
17,486.0,1363.0,520.0,1412.0,91,1,0,1,Pedestrian
17,486.0,1363.0,520.0,1412.0,92,1,0,1,Pedestrian
17,486.0,1363.0,520.0,1412.0,93,1,0,1,Pedestrian
17,486.0,1363.0,520.0,1412.0,94,1,0,1,Pedestrian
17,486.0,1363.0,520.0,1412.0,95,1,0,1,Pedestrian
17,486.0,1363.0,520.0,1412.0,96,1,0,1,Pedestrian
17,486.0,1363.0,520.0,1412.0,97,1,0,1,Pedestrian
17,486.0,1363.0,520.0,1412.0,98,1,0,1,Pedestrian
17,486.0,1363.0,520.0,1412.0,99,1,0,1,Pedestrian
17,486.0,1363.0,520.0,1412.0,100,1,0,1,Pedestrian
17,486.0,1363.0,520.0,1412.0,101,1,0,1,Pedestrian
17,486.0,1363.0,520.0,1412.0,102,1,0,1,Pedestrian
17,486.0,1363.0,520.0,1412.0,103,1,0,1,Pedestrian
17,486.0,1363.0,520.0,1412.0,104,1,0,1,Pedestrian
17,486.0,1363.0,520.0,1412.0,105,1,0,1,Pedestrian
17,486.0,1363.0,520.0,1412.0,106,1,0,1,Pedestrian
17,486.0,1363.0,520.0,1412.0,107,1,0,1,Pedestrian
17,486.0,1363.0,520.0,1412.0,108,1,0,1,Pedestrian
17,486.0,1363.0,520.0,1412.0,109,1,0,1,Pedestrian
17,486.0,1363.0,520.0,1412.0,110,1,0,1,Pedestrian
17,486.0,1363.0,520.0,1412.0,111,1,0,1,Pedestrian
17,486.0,1363.0,520.0,1412.0,112,1,0,1,Pedestrian
17,486.0,1363.0,520.0,1412.0,113,1,0,1,Pedestrian
17,486.0,1363.0,520.0,1412.0,114,1,0,1,Pedestrian
17,486.0,1363.0,520.0,1412.0,115,1,0,1,Pedestrian
17,486.0,1363.0,520.0,1412.0,116,1,0,1,Pedestrian
17,486.0,1363.0,520.0,1412.0,117,1,0,1,Pedestrian
17,486.0,1363.0,520.0,1412.0,118,1,0,1,Pedestrian
17,486.0,1363.0,520.0,1412.0,119,1,0,1,Pedestrian
17,486.0,1363.0,520.0,1412.0,120,1,0,1,Pedestrian
17,486.0,1363.0,520.0,1412.0,121,1,0,1,Pedestrian
17,486.0,1363.0,520.0,1412.0,122,1,0,1,Pedestrian
17,486.0,1363.0,520.0,1412.0,123,1,0,1,Pedestrian
17,486.0,1363.0,520.0,1412.0,124,1,0,1,Pedestrian
17,486.0,1363.0,520.0,1412.0,125,1,0,1,Pedestrian
17,486.0,1363.0,520.0,1412.0,126,1,0,1,Pedestrian
17,486.0,1363.0,520.0,1412.0,127,1,0,1,Pedestrian
17,486.0,1363.0,520.0,1412.0,128,1,0,1,Pedestrian
17,486.0,1363.0,520.0,1412.0,129,1,0,1,Pedestrian
17,486.0,1363.0,520.0,1412.0,130,1,0,1,Pedestrian
17,486.0,1363.0,520.0,1412.0,131,1,0,1,Pedestrian
17,486.0,1363.0,520.0,1412.0,132,1,0,1,Pedestrian
17,486.0,1363.0,520.0,1412.0,133,1,0,1,Pedestrian
17,486.0,1363.0,520.0,1412.0,134,1,0,1,Pedestrian
17,486.0,1363.0,520.0,1412.0,135,1,0,1,Pedestrian
17,486.0,1363.0,520.0,1412.0,136,1,0,1,Pedestrian
17,486.0,1363.0,520.0,1412.0,137,1,0,1,Pedestrian
17,486.0,1363.0,520.0,1412.0,138,1,0,1,Pedestrian
17,486.0,1363.0,520.0,1412.0,139,1,0,1,Pedestrian
17,486.0,1363.0,520.0,1412.0,140,1,0,1,Pedestrian
17,486.0,1363.0,520.0,1412.0,141,1,0,1,Pedestrian
17,486.0,1363.0,520.0,1412.0,142,1,0,1,Pedestrian
17,486.0,1363.0,520.0,1412.0,143,1,0,1,Pedestrian
17,486.0,1363.0,520.0,1412.0,144,1,0,1,Pedestrian
17,486.0,1363.0,520.0,1412.0,145,1,0,1,Pedestrian
17,486.0,1363.0,520.0,1412.0,146,1,0,1,Pedestrian
17,486.0,1363.0,520.0,1412.0,147,1,0,1,Pedestrian
17,486.0,1363.0,520.0,1412.0,148,1,0,1,Pedestrian
17,486.0,1363.0,520.0,1412.0,149,1,0,1,Pedestrian
17,486.0,1363.0,520.0,1412.0,150,1,0,1,Pedestrian
17,486.0,1363.0,520.0,1412.0,151,1,0,1,Pedestrian
17,486.0,1363.0,520.0,1412.0,152,1,0,1,Pedestrian
17,486.0,1363.0,520.0,1412.0,153,1,0,1,Pedestrian
17,486.0,1363.0,520.0,1412.0,154,0,0,0,Pedestrian
17,486.0,1359.0,520.0,1408.0,155,0,0,1,Pedestrian
17,486.0,1359.0,520.0,1408.0,156,0,0,1,Pedestrian
17,486.0,1359.0,520.0,1408.0,157,0,0,1,Pedestrian
17,488.0,1359.0,522.0,1408.0,158,0,0,1,Pedestrian
17,488.0,1359.0,522.0,1408.0,159,0,0,1,Pedestrian
17,488.0,1359.0,522.0,1408.0,160,0,0,1,Pedestrian
17,490.0,1359.0,524.0,1408.0,161,0,0,1,Pedestrian
17,490.0,1359.0,524.0,1408.0,162,0,0,1,Pedestrian
17,490.0,1359.0,524.0,1408.0,163,0,0,1,Pedestrian
17,490.0,1354.0,524.0,1403.0,164,0,0,1,Pedestrian
17,492.0,1354.0,526.0,1403.0,165,0,0,1,Pedestrian
17,492.0,1354.0,526.0,1403.0,166,0,0,1,Pedestrian
17,492.0,1354.0,526.0,1403.0,167,0,0,1,Pedestrian
17,494.0,1354.0,528.0,1403.0,168,0,0,1,Pedestrian
17,494.0,1354.0,528.0,1403.0,169,0,0,1,Pedestrian
17,494.0,1354.0,528.0,1403.0,170,0,0,1,Pedestrian
17,496.0,1354.0,530.0,1403.0,171,0,0,1,Pedestrian
17,496.0,1354.0,530.0,1403.0,172,0,0,1,Pedestrian
17,496.0,1350.0,530.0,1399.0,173,0,0,1,Pedestrian
17,496.0,1350.0,530.0,1399.0,174,0,0,1,Pedestrian
17,498.0,1350.0,532.0,1399.0,175,0,0,1,Pedestrian
17,498.0,1350.0,532.0,1399.0,176,0,0,1,Pedestrian
17,498.0,1350.0,532.0,1399.0,177,0,0,1,Pedestrian
17,500.0,1350.0,534.0,1399.0,178,0,0,1,Pedestrian
17,500.0,1350.0,534.0,1399.0,179,0,0,1,Pedestrian
17,500.0,1350.0,534.0,1399.0,180,0,0,1,Pedestrian
17,502.0,1350.0,536.0,1399.0,181,0,0,0,Pedestrian
17,500.0,1346.0,534.0,1395.0,182,0,0,1,Pedestrian
17,500.0,1346.0,534.0,1395.0,183,0,0,1,Pedestrian
17,500.0,1346.0,534.0,1395.0,184,0,0,1,Pedestrian
17,500.0,1342.0,534.0,1391.0,185,0,0,1,Pedestrian
17,500.0,1342.0,534.0,1391.0,186,0,0,1,Pedestrian
17,500.0,1342.0,534.0,1391.0,187,0,0,1,Pedestrian
17,500.0,1342.0,534.0,1391.0,188,0,0,1,Pedestrian
17,500.0,1338.0,534.0,1387.0,189,0,0,1,Pedestrian
17,500.0,1338.0,534.0,1387.0,190,0,0,1,Pedestrian
17,500.0,1338.0,534.0,1387.0,191,0,0,1,Pedestrian
17,500.0,1338.0,534.0,1387.0,192,0,0,1,Pedestrian
17,500.0,1334.0,534.0,1383.0,193,0,0,1,Pedestrian
17,500.0,1334.0,534.0,1383.0,194,0,0,1,Pedestrian
17,500.0,1334.0,534.0,1383.0,195,0,0,1,Pedestrian
17,500.0,1334.0,534.0,1383.0,196,0,0,1,Pedestrian
17,498.0,1330.0,532.0,1379.0,197,0,0,1,Pedestrian
17,498.0,1330.0,532.0,1379.0,198,0,0,1,Pedestrian
17,498.0,1330.0,532.0,1379.0,199,0,0,1,Pedestrian
17,498.0,1330.0,532.0,1379.0,200,0,0,1,Pedestrian
17,498.0,1326.0,532.0,1375.0,201,0,0,1,Pedestrian
17,498.0,1326.0,532.0,1375.0,202,0,0,1,Pedestrian
17,498.0,1326.0,532.0,1375.0,203,0,0,1,Pedestrian
17,498.0,1326.0,532.0,1375.0,204,0,0,1,Pedestrian
17,498.0,1322.0,532.0,1371.0,205,0,0,1,Pedestrian
17,498.0,1322.0,532.0,1371.0,206,0,0,1,Pedestrian
17,498.0,1322.0,532.0,1371.0,207,0,0,1,Pedestrian
17,498.0,1322.0,532.0,1371.0,208,0,0,1,Pedestrian
17,498.0,1318.0,532.0,1367.0,209,0,0,1,Pedestrian
17,498.0,1318.0,532.0,1367.0,210,0,0,1,Pedestrian
17,498.0,1318.0,532.0,1367.0,211,0,0,1,Pedestrian
17,498.0,1318.0,532.0,1367.0,212,0,0,0,Pedestrian
17,498.0,1318.0,532.0,1367.0,213,0,0,1,Pedestrian
17,498.0,1318.0,532.0,1367.0,214,0,0,1,Pedestrian
17,498.0,1318.0,532.0,1367.0,215,0,0,1,Pedestrian
17,498.0,1318.0,532.0,1367.0,216,0,0,1,Pedestrian
17,498.0,1318.0,532.0,1367.0,217,0,0,1,Pedestrian
17,498.0,1318.0,532.0,1367.0,218,0,0,1,Pedestrian
17,498.0,1318.0,532.0,1367.0,219,0,0,1,Pedestrian
17,498.0,1318.0,532.0,1367.0,220,0,0,1,Pedestrian
17,498.0,1318.0,532.0,1367.0,221,0,0,1,Pedestrian
17,498.0,1318.0,532.0,1367.0,222,0,0,1,Pedestrian
17,498.0,1318.0,532.0,1367.0,223,0,0,1,Pedestrian
17,498.0,1318.0,532.0,1367.0,224,0,0,1,Pedestrian
17,498.0,1318.0,532.0,1367.0,225,0,0,1,Pedestrian
17,498.0,1318.0,532.0,1367.0,226,0,0,1,Pedestrian
17,498.0,1322.0,532.0,1371.0,227,0,0,0,Pedestrian
17,498.0,1322.0,532.0,1371.0,228,0,0,1,Pedestrian
17,498.0,1322.0,532.0,1371.0,229,0,0,1,Pedestrian
17,498.0,1322.0,532.0,1371.0,230,0,0,1,Pedestrian
17,498.0,1322.0,532.0,1371.0,231,0,0,1,Pedestrian
17,498.0,1322.0,532.0,1371.0,232,0,0,1,Pedestrian
17,498.0,1322.0,532.0,1371.0,233,0,0,1,Pedestrian
17,498.0,1322.0,532.0,1371.0,234,0,0,1,Pedestrian
17,498.0,1322.0,532.0,1371.0,235,0,0,1,Pedestrian
17,498.0,1322.0,532.0,1371.0,236,0,0,1,Pedestrian
17,498.0,1322.0,532.0,1371.0,237,0,0,1,Pedestrian
17,498.0,1322.0,532.0,1371.0,238,0,0,1,Pedestrian
17,498.0,1322.0,532.0,1371.0,239,0,0,1,Pedestrian
17,498.0,1326.0,532.0,1375.0,240,0,0,1,Pedestrian
17,498.0,1326.0,532.0,1375.0,241,0,0,1,Pedestrian
17,498.0,1326.0,532.0,1375.0,242,0,0,1,Pedestrian
17,498.0,1326.0,532.0,1375.0,243,0,0,1,Pedestrian
17,498.0,1326.0,532.0,1375.0,244,0,0,1,Pedestrian
17,498.0,1326.0,532.0,1375.0,245,0,0,1,Pedestrian
17,500.0,1326.0,534.0,1375.0,246,0,0,1,Pedestrian
17,500.0,1326.0,534.0,1375.0,247,0,0,1,Pedestrian
17,500.0,1326.0,534.0,1375.0,248,0,0,1,Pedestrian
17,500.0,1326.0,534.0,1375.0,249,0,0,1,Pedestrian
17,500.0,1326.0,534.0,1375.0,250,0,0,1,Pedestrian
17,500.0,1326.0,534.0,1375.0,251,0,0,1,Pedestrian
17,500.0,1326.0,534.0,1375.0,252,0,0,1,Pedestrian
17,500.0,1330.0,534.0,1379.0,253,0,0,1,Pedestrian
17,500.0,1330.0,534.0,1379.0,254,0,0,1,Pedestrian
17,500.0,1330.0,534.0,1379.0,255,0,0,1,Pedestrian
17,500.0,1330.0,534.0,1379.0,256,0,0,1,Pedestrian
17,500.0,1330.0,534.0,1379.0,257,0,0,1,Pedestrian
17,500.0,1330.0,534.0,1379.0,258,0,0,1,Pedestrian
17,500.0,1330.0,534.0,1379.0,259,0,0,1,Pedestrian
17,500.0,1330.0,534.0,1379.0,260,0,0,1,Pedestrian
17,500.0,1330.0,534.0,1379.0,261,0,0,1,Pedestrian
17,500.0,1330.0,534.0,1379.0,262,0,0,1,Pedestrian
17,500.0,1330.0,534.0,1379.0,263,0,0,1,Pedestrian
17,500.0,1330.0,534.0,1379.0,264,0,0,1,Pedestrian
17,502.0,1334.0,536.0,1383.0,265,0,0,0,Pedestrian
17,500.0,1334.0,534.0,1383.0,266,0,0,1,Pedestrian
17,500.0,1334.0,534.0,1383.0,267,0,0,1,Pedestrian
17,500.0,1334.0,534.0,1383.0,268,0,0,1,Pedestrian
17,500.0,1334.0,534.0,1383.0,269,0,0,1,Pedestrian
17,498.0,1334.0,532.0,1383.0,270,0,0,1,Pedestrian
17,498.0,1334.0,532.0,1383.0,271,0,0,1,Pedestrian
17,498.0,1334.0,532.0,1383.0,272,0,0,1,Pedestrian
17,498.0,1334.0,532.0,1383.0,273,0,0,1,Pedestrian
17,496.0,1334.0,530.0,1383.0,274,0,0,1,Pedestrian
17,496.0,1334.0,530.0,1383.0,275,0,0,1,Pedestrian
17,496.0,1334.0,530.0,1383.0,276,0,0,1,Pedestrian
17,496.0,1334.0,530.0,1383.0,277,0,0,1,Pedestrian
17,494.0,1334.0,528.0,1383.0,278,0,0,1,Pedestrian
17,494.0,1334.0,528.0,1383.0,279,0,0,1,Pedestrian
17,494.0,1338.0,528.0,1387.0,280,0,0,1,Pedestrian
17,494.0,1338.0,528.0,1387.0,281,0,0,1,Pedestrian
17,494.0,1338.0,528.0,1387.0,282,0,0,1,Pedestrian
17,492.0,1338.0,526.0,1387.0,283,0,0,1,Pedestrian
17,492.0,1338.0,526.0,1387.0,284,0,0,1,Pedestrian
17,492.0,1338.0,526.0,1387.0,285,0,0,1,Pedestrian
17,492.0,1338.0,526.0,1387.0,286,0,0,1,Pedestrian
17,490.0,1338.0,524.0,1387.0,287,0,0,1,Pedestrian
17,490.0,1338.0,524.0,1387.0,288,0,0,1,Pedestrian
17,490.0,1338.0,524.0,1387.0,289,0,0,1,Pedestrian
17,490.0,1338.0,524.0,1387.0,290,0,0,1,Pedestrian
17,488.0,1338.0,522.0,1387.0,291,0,0,1,Pedestrian
17,488.0,1338.0,522.0,1387.0,292,0,0,1,Pedestrian
17,488.0,1338.0,522.0,1387.0,293,0,0,1,Pedestrian
17,488.0,1342.0,522.0,1391.0,294,0,0,1,Pedestrian
17,488.0,1342.0,522.0,1391.0,295,0,0,1,Pedestrian
17,486.0,1342.0,520.0,1391.0,296,0,0,1,Pedestrian
17,486.0,1342.0,520.0,1391.0,297,0,0,1,Pedestrian
17,486.0,1342.0,520.0,1391.0,298,0,0,1,Pedestrian
17,486.0,1342.0,520.0,1391.0,299,0,0,1,Pedestrian
17,484.0,1342.0,518.0,1391.0,300,0,0,1,Pedestrian
17,484.0,1342.0,518.0,1391.0,301,0,0,1,Pedestrian
17,484.0,1342.0,518.0,1391.0,302,0,0,1,Pedestrian
17,484.0,1342.0,518.0,1391.0,303,0,0,1,Pedestrian
17,482.0,1342.0,516.0,1391.0,304,0,0,1,Pedestrian
17,482.0,1342.0,516.0,1391.0,305,0,0,1,Pedestrian
17,482.0,1342.0,516.0,1391.0,306,0,0,1,Pedestrian
17,482.0,1342.0,516.0,1391.0,307,0,0,1,Pedestrian
17,482.0,1346.0,516.0,1395.0,308,0,0,0,Pedestrian
17,480.0,1342.0,514.0,1391.0,309,0,0,1,Pedestrian
17,480.0,1342.0,514.0,1391.0,310,0,0,1,Pedestrian
17,480.0,1342.0,514.0,1391.0,311,0,0,1,Pedestrian
17,480.0,1342.0,514.0,1391.0,312,0,0,1,Pedestrian
17,478.0,1342.0,512.0,1391.0,313,0,0,1,Pedestrian
17,478.0,1342.0,512.0,1391.0,314,0,0,1,Pedestrian
17,478.0,1342.0,512.0,1391.0,315,0,0,1,Pedestrian
17,478.0,1342.0,512.0,1391.0,316,0,0,1,Pedestrian
17,478.0,1342.0,512.0,1391.0,317,0,0,1,Pedestrian
17,476.0,1342.0,510.0,1391.0,318,0,0,1,Pedestrian
17,476.0,1342.0,510.0,1391.0,319,0,0,1,Pedestrian
17,476.0,1342.0,510.0,1391.0,320,0,0,1,Pedestrian
17,476.0,1342.0,510.0,1391.0,321,0,0,1,Pedestrian
17,474.0,1338.0,508.0,1387.0,322,0,0,1,Pedestrian
17,474.0,1338.0,508.0,1387.0,323,0,0,1,Pedestrian
17,474.0,1338.0,508.0,1387.0,324,0,0,1,Pedestrian
17,474.0,1338.0,508.0,1387.0,325,0,0,1,Pedestrian
17,474.0,1338.0,508.0,1387.0,326,0,0,1,Pedestrian
17,472.0,1338.0,506.0,1387.0,327,0,0,1,Pedestrian
17,472.0,1338.0,506.0,1387.0,328,0,0,1,Pedestrian
17,472.0,1338.0,506.0,1387.0,329,0,0,1,Pedestrian
17,472.0,1338.0,506.0,1387.0,330,0,0,1,Pedestrian
17,470.0,1338.0,504.0,1387.0,331,0,0,1,Pedestrian
17,470.0,1338.0,504.0,1387.0,332,0,0,1,Pedestrian
17,470.0,1338.0,504.0,1387.0,333,0,0,1,Pedestrian
17,470.0,1338.0,504.0,1387.0,334,0,0,1,Pedestrian
17,470.0,1338.0,504.0,1387.0,335,0,0,0,Pedestrian
17,470.0,1338.0,504.0,1387.0,336,0,0,1,Pedestrian
17,470.0,1338.0,504.0,1387.0,337,0,0,1,Pedestrian
17,470.0,1338.0,504.0,1387.0,338,0,0,1,Pedestrian
17,472.0,1338.0,506.0,1387.0,339,0,0,1,Pedestrian
17,472.0,1342.0,506.0,1391.0,340,0,0,1,Pedestrian
17,472.0,1342.0,506.0,1391.0,341,0,0,1,Pedestrian
17,474.0,1342.0,508.0,1391.0,342,0,0,1,Pedestrian
17,474.0,1342.0,508.0,1391.0,343,0,0,1,Pedestrian
17,474.0,1346.0,508.0,1395.0,344,0,0,1,Pedestrian
17,474.0,1346.0,508.0,1395.0,345,0,0,1,Pedestrian
17,476.0,1346.0,510.0,1395.0,346,0,0,1,Pedestrian
17,476.0,1346.0,510.0,1395.0,347,0,0,1,Pedestrian
17,476.0,1350.0,510.0,1399.0,348,0,0,1,Pedestrian
17,478.0,1350.0,512.0,1399.0,349,0,0,1,Pedestrian
17,478.0,1350.0,512.0,1399.0,350,0,0,1,Pedestrian
17,478.0,1350.0,512.0,1399.0,351,0,0,1,Pedestrian
17,478.0,1354.0,512.0,1403.0,352,0,0,1,Pedestrian
17,480.0,1354.0,514.0,1403.0,353,0,0,1,Pedestrian
17,480.0,1354.0,514.0,1403.0,354,0,0,1,Pedestrian
17,480.0,1354.0,514.0,1403.0,355,0,0,1,Pedestrian
17,482.0,1359.0,516.0,1408.0,356,0,0,0,Pedestrian
17,482.0,1359.0,516.0,1408.0,357,0,0,1,Pedestrian
17,482.0,1359.0,516.0,1408.0,358,0,0,1,Pedestrian
17,482.0,1359.0,516.0,1408.0,359,0,0,1,Pedestrian
17,482.0,1359.0,516.0,1408.0,360,0,0,1,Pedestrian
17,482.0,1359.0,516.0,1408.0,361,0,0,1,Pedestrian
17,482.0,1359.0,516.0,1408.0,362,0,0,1,Pedestrian
17,482.0,1359.0,516.0,1408.0,363,0,0,1,Pedestrian
17,482.0,1359.0,516.0,1408.0,364,0,0,1,Pedestrian
17,482.0,1359.0,516.0,1408.0,365,0,0,1,Pedestrian
17,482.0,1359.0,516.0,1408.0,366,0,0,1,Pedestrian
17,482.0,1359.0,516.0,1408.0,367,0,0,1,Pedestrian
17,482.0,1359.0,516.0,1408.0,368,0,0,1,Pedestrian
17,482.0,1359.0,516.0,1408.0,369,0,0,1,Pedestrian
17,482.0,1359.0,516.0,1408.0,370,0,0,1,Pedestrian
17,482.0,1359.0,516.0,1408.0,371,0,0,1,Pedestrian
17,482.0,1359.0,516.0,1408.0,372,0,0,1,Pedestrian
17,482.0,1359.0,516.0,1408.0,373,0,0,1,Pedestrian
17,482.0,1359.0,516.0,1408.0,374,0,0,1,Pedestrian
17,482.0,1359.0,516.0,1408.0,375,0,0,1,Pedestrian
17,482.0,1359.0,516.0,1408.0,376,0,0,1,Pedestrian
17,482.0,1359.0,516.0,1408.0,377,0,0,1,Pedestrian
17,482.0,1359.0,516.0,1408.0,378,0,0,1,Pedestrian
17,482.0,1359.0,516.0,1408.0,379,0,0,1,Pedestrian
17,482.0,1359.0,516.0,1408.0,380,0,0,1,Pedestrian
17,482.0,1359.0,516.0,1408.0,381,0,0,1,Pedestrian
17,482.0,1359.0,516.0,1408.0,382,0,0,1,Pedestrian
17,482.0,1359.0,516.0,1408.0,383,0,0,1,Pedestrian
17,482.0,1359.0,516.0,1408.0,384,0,0,1,Pedestrian
17,482.0,1359.0,516.0,1408.0,385,0,0,1,Pedestrian
17,482.0,1359.0,516.0,1408.0,386,0,0,1,Pedestrian
17,482.0,1359.0,516.0,1408.0,387,0,0,1,Pedestrian
17,482.0,1359.0,516.0,1408.0,388,0,0,1,Pedestrian
17,482.0,1359.0,516.0,1408.0,389,0,0,1,Pedestrian
17,482.0,1359.0,516.0,1408.0,390,0,0,1,Pedestrian
17,482.0,1359.0,516.0,1408.0,391,0,0,1,Pedestrian
17,482.0,1359.0,516.0,1408.0,392,0,0,1,Pedestrian
17,482.0,1359.0,516.0,1408.0,393,0,0,1,Pedestrian
17,482.0,1359.0,516.0,1408.0,394,0,0,1,Pedestrian
17,482.0,1359.0,516.0,1408.0,395,0,0,1,Pedestrian
17,482.0,1359.0,516.0,1408.0,396,0,0,1,Pedestrian
17,482.0,1359.0,516.0,1408.0,397,0,0,1,Pedestrian
17,482.0,1359.0,516.0,1408.0,398,0,0,1,Pedestrian
17,482.0,1359.0,516.0,1408.0,399,0,0,1,Pedestrian
17,482.0,1359.0,516.0,1408.0,400,0,0,1,Pedestrian
17,482.0,1359.0,516.0,1408.0,401,0,0,1,Pedestrian
17,482.0,1359.0,516.0,1408.0,402,0,0,1,Pedestrian
17,482.0,1359.0,516.0,1408.0,403,0,0,1,Pedestrian
17,482.0,1359.0,516.0,1408.0,404,0,0,1,Pedestrian
17,482.0,1359.0,516.0,1408.0,405,0,0,1,Pedestrian
17,482.0,1359.0,516.0,1408.0,406,0,0,1,Pedestrian
17,482.0,1359.0,516.0,1408.0,407,0,0,1,Pedestrian
17,482.0,1359.0,516.0,1408.0,408,0,0,1,Pedestrian
17,482.0,1359.0,516.0,1408.0,409,0,0,1,Pedestrian
17,482.0,1359.0,516.0,1408.0,410,0,0,1,Pedestrian
17,482.0,1359.0,516.0,1408.0,411,0,0,1,Pedestrian
17,482.0,1359.0,516.0,1408.0,412,0,0,1,Pedestrian
17,482.0,1359.0,516.0,1408.0,413,0,0,1,Pedestrian
17,482.0,1359.0,516.0,1408.0,414,0,0,1,Pedestrian
17,482.0,1359.0,516.0,1408.0,415,0,0,1,Pedestrian
17,482.0,1359.0,516.0,1408.0,416,0,0,1,Pedestrian
17,482.0,1359.0,516.0,1408.0,417,0,0,1,Pedestrian
17,482.0,1359.0,516.0,1408.0,418,0,0,1,Pedestrian
17,482.0,1359.0,516.0,1408.0,419,0,0,1,Pedestrian
17,482.0,1359.0,516.0,1408.0,420,0,0,1,Pedestrian
17,482.0,1359.0,516.0,1408.0,421,0,0,1,Pedestrian
17,482.0,1359.0,516.0,1408.0,422,0,0,1,Pedestrian
17,482.0,1359.0,516.0,1408.0,423,0,0,1,Pedestrian
17,482.0,1359.0,516.0,1408.0,424,0,0,1,Pedestrian
17,482.0,1359.0,516.0,1408.0,425,0,0,1,Pedestrian
17,482.0,1359.0,516.0,1408.0,426,0,0,1,Pedestrian
17,482.0,1359.0,516.0,1408.0,427,0,0,1,Pedestrian
17,482.0,1359.0,516.0,1408.0,428,0,0,1,Pedestrian
17,482.0,1359.0,516.0,1408.0,429,0,0,1,Pedestrian
17,482.0,1359.0,516.0,1408.0,430,0,1,0,Pedestrian
18,11.0,1130.0,71.0,1187.0,0,1,0,0,Biker
18,11.0,1130.0,71.0,1187.0,1,1,0,1,Biker
18,11.0,1130.0,71.0,1187.0,2,1,0,1,Biker
18,11.0,1130.0,71.0,1187.0,3,1,0,1,Biker
18,11.0,1130.0,71.0,1187.0,4,1,0,1,Biker
18,11.0,1130.0,71.0,1187.0,5,1,0,1,Biker
18,11.0,1130.0,71.0,1187.0,6,1,0,1,Biker
18,11.0,1130.0,71.0,1187.0,7,1,0,1,Biker
18,11.0,1130.0,71.0,1187.0,8,1,0,1,Biker
18,11.0,1130.0,71.0,1187.0,9,1,0,1,Biker
18,11.0,1130.0,71.0,1187.0,10,1,0,1,Biker
18,11.0,1130.0,71.0,1187.0,11,1,0,1,Biker
18,11.0,1130.0,71.0,1187.0,12,1,0,1,Biker
18,11.0,1130.0,71.0,1187.0,13,1,0,1,Biker
18,11.0,1130.0,71.0,1187.0,14,1,0,1,Biker
18,11.0,1130.0,71.0,1187.0,15,1,0,1,Biker
18,11.0,1130.0,71.0,1187.0,16,1,0,1,Biker
18,11.0,1130.0,71.0,1187.0,17,1,0,1,Biker
18,11.0,1130.0,71.0,1187.0,18,1,0,1,Biker
18,11.0,1130.0,71.0,1187.0,19,1,0,1,Biker
18,11.0,1130.0,71.0,1187.0,20,1,0,1,Biker
18,11.0,1130.0,71.0,1187.0,21,1,0,1,Biker
18,11.0,1130.0,71.0,1187.0,22,1,0,1,Biker
18,11.0,1130.0,71.0,1187.0,23,1,0,1,Biker
18,11.0,1130.0,71.0,1187.0,24,1,0,1,Biker
18,11.0,1130.0,71.0,1187.0,25,1,0,1,Biker
18,11.0,1130.0,71.0,1187.0,26,1,0,1,Biker
18,11.0,1130.0,71.0,1187.0,27,1,0,1,Biker
18,11.0,1130.0,71.0,1187.0,28,1,0,1,Biker
18,11.0,1130.0,71.0,1187.0,29,1,0,1,Biker
18,11.0,1130.0,71.0,1187.0,30,1,0,1,Biker
18,11.0,1130.0,71.0,1187.0,31,1,0,1,Biker
18,11.0,1130.0,71.0,1187.0,32,1,0,1,Biker
18,11.0,1130.0,71.0,1187.0,33,1,0,1,Biker
18,11.0,1130.0,71.0,1187.0,34,1,0,1,Biker
18,11.0,1130.0,71.0,1187.0,35,1,0,1,Biker
18,11.0,1130.0,71.0,1187.0,36,1,0,1,Biker
18,11.0,1130.0,71.0,1187.0,37,1,0,1,Biker
18,11.0,1130.0,71.0,1187.0,38,1,0,1,Biker
18,11.0,1130.0,71.0,1187.0,39,1,0,1,Biker
18,11.0,1130.0,71.0,1187.0,40,1,0,1,Biker
18,11.0,1130.0,71.0,1187.0,41,1,0,1,Biker
18,11.0,1130.0,71.0,1187.0,42,1,0,1,Biker
18,11.0,1130.0,71.0,1187.0,43,1,0,1,Biker
18,11.0,1130.0,71.0,1187.0,44,1,0,1,Biker
18,11.0,1130.0,71.0,1187.0,45,1,0,1,Biker
18,11.0,1130.0,71.0,1187.0,46,1,0,1,Biker
18,11.0,1130.0,71.0,1187.0,47,1,0,1,Biker
18,11.0,1130.0,71.0,1187.0,48,1,0,1,Biker
18,11.0,1130.0,71.0,1187.0,49,1,0,1,Biker
18,11.0,1130.0,71.0,1187.0,50,1,0,1,Biker
18,11.0,1130.0,71.0,1187.0,51,1,0,1,Biker
18,11.0,1130.0,71.0,1187.0,52,1,0,1,Biker
18,11.0,1130.0,71.0,1187.0,53,1,0,1,Biker
18,11.0,1130.0,71.0,1187.0,54,1,0,1,Biker
18,11.0,1130.0,71.0,1187.0,55,1,0,1,Biker
18,11.0,1130.0,71.0,1187.0,56,1,0,1,Biker
18,11.0,1130.0,71.0,1187.0,57,1,0,1,Biker
18,11.0,1130.0,71.0,1187.0,58,1,0,1,Biker
18,11.0,1130.0,71.0,1187.0,59,1,0,1,Biker
18,11.0,1130.0,71.0,1187.0,60,1,0,1,Biker
18,11.0,1130.0,71.0,1187.0,61,1,0,1,Biker
18,11.0,1130.0,71.0,1187.0,62,1,0,1,Biker
18,11.0,1130.0,71.0,1187.0,63,1,0,1,Biker
18,11.0,1130.0,71.0,1187.0,64,1,0,1,Biker
18,11.0,1130.0,71.0,1187.0,65,1,0,1,Biker
18,11.0,1130.0,71.0,1187.0,66,1,0,1,Biker
18,11.0,1130.0,71.0,1187.0,67,1,0,1,Biker
18,11.0,1130.0,71.0,1187.0,68,1,0,1,Biker
18,11.0,1130.0,71.0,1187.0,69,1,0,1,Biker
18,11.0,1130.0,71.0,1187.0,70,1,0,1,Biker
18,11.0,1130.0,71.0,1187.0,71,1,0,1,Biker
18,11.0,1130.0,71.0,1187.0,72,1,0,1,Biker
18,11.0,1130.0,71.0,1187.0,73,1,0,1,Biker
18,11.0,1130.0,71.0,1187.0,74,1,0,1,Biker
18,11.0,1130.0,71.0,1187.0,75,1,0,1,Biker
18,11.0,1130.0,71.0,1187.0,76,1,0,1,Biker
18,11.0,1130.0,71.0,1187.0,77,1,0,1,Biker
18,11.0,1130.0,71.0,1187.0,78,1,0,1,Biker
18,11.0,1130.0,71.0,1187.0,79,1,0,1,Biker
18,11.0,1130.0,71.0,1187.0,80,1,0,1,Biker
18,11.0,1130.0,71.0,1187.0,81,1,0,1,Biker
18,11.0,1130.0,71.0,1187.0,82,1,0,1,Biker
18,11.0,1130.0,71.0,1187.0,83,1,0,1,Biker
18,11.0,1130.0,71.0,1187.0,84,1,0,1,Biker
18,11.0,1130.0,71.0,1187.0,85,1,0,1,Biker
18,11.0,1130.0,71.0,1187.0,86,1,0,1,Biker
18,11.0,1130.0,71.0,1187.0,87,1,0,1,Biker
18,11.0,1130.0,71.0,1187.0,88,1,0,1,Biker
18,11.0,1130.0,71.0,1187.0,89,1,0,1,Biker
18,11.0,1130.0,71.0,1187.0,90,1,0,1,Biker
18,11.0,1130.0,71.0,1187.0,91,1,0,1,Biker
18,11.0,1130.0,71.0,1187.0,92,1,0,1,Biker
18,11.0,1130.0,71.0,1187.0,93,1,0,1,Biker
18,11.0,1130.0,71.0,1187.0,94,1,0,1,Biker
18,11.0,1130.0,71.0,1187.0,95,1,0,1,Biker
18,11.0,1130.0,71.0,1187.0,96,1,0,1,Biker
18,11.0,1130.0,71.0,1187.0,97,1,0,1,Biker
18,11.0,1130.0,71.0,1187.0,98,1,0,1,Biker
18,11.0,1130.0,71.0,1187.0,99,1,0,1,Biker
18,11.0,1130.0,71.0,1187.0,100,1,0,1,Biker
18,11.0,1130.0,71.0,1187.0,101,1,0,1,Biker
18,11.0,1130.0,71.0,1187.0,102,1,0,1,Biker
18,11.0,1130.0,71.0,1187.0,103,1,0,1,Biker
18,11.0,1130.0,71.0,1187.0,104,1,0,1,Biker
18,11.0,1130.0,71.0,1187.0,105,1,0,1,Biker
18,11.0,1130.0,71.0,1187.0,106,1,0,1,Biker
18,11.0,1130.0,71.0,1187.0,107,1,0,1,Biker
18,11.0,1130.0,71.0,1187.0,108,1,0,1,Biker
18,11.0,1130.0,71.0,1187.0,109,1,0,1,Biker
18,11.0,1130.0,71.0,1187.0,110,1,0,1,Biker
18,11.0,1130.0,71.0,1187.0,111,1,0,1,Biker
18,11.0,1130.0,71.0,1187.0,112,1,0,1,Biker
18,11.0,1130.0,71.0,1187.0,113,1,0,1,Biker
18,11.0,1130.0,71.0,1187.0,114,1,0,1,Biker
18,11.0,1130.0,71.0,1187.0,115,1,0,1,Biker
18,11.0,1130.0,71.0,1187.0,116,1,0,1,Biker
18,11.0,1130.0,71.0,1187.0,117,1,0,1,Biker
18,11.0,1130.0,71.0,1187.0,118,1,0,1,Biker
18,11.0,1130.0,71.0,1187.0,119,1,0,1,Biker
18,11.0,1130.0,71.0,1187.0,120,1,0,1,Biker
18,11.0,1130.0,71.0,1187.0,121,1,0,1,Biker
18,11.0,1130.0,71.0,1187.0,122,1,0,1,Biker
18,11.0,1130.0,71.0,1187.0,123,1,0,1,Biker
18,11.0,1130.0,71.0,1187.0,124,1,0,1,Biker
18,11.0,1130.0,71.0,1187.0,125,1,0,1,Biker
18,11.0,1130.0,71.0,1187.0,126,1,0,1,Biker
18,11.0,1130.0,71.0,1187.0,127,1,0,1,Biker
18,11.0,1130.0,71.0,1187.0,128,1,0,1,Biker
18,11.0,1130.0,71.0,1187.0,129,1,0,1,Biker
18,11.0,1130.0,71.0,1187.0,130,1,0,1,Biker
18,11.0,1130.0,71.0,1187.0,131,1,0,1,Biker
18,11.0,1130.0,71.0,1187.0,132,1,0,1,Biker
18,11.0,1130.0,71.0,1187.0,133,1,0,1,Biker
18,11.0,1130.0,71.0,1187.0,134,1,0,1,Biker
18,11.0,1130.0,71.0,1187.0,135,1,0,1,Biker
18,11.0,1130.0,71.0,1187.0,136,1,0,1,Biker
18,11.0,1130.0,71.0,1187.0,137,1,0,1,Biker
18,11.0,1130.0,71.0,1187.0,138,1,0,1,Biker
18,11.0,1130.0,71.0,1187.0,139,1,0,1,Biker
18,11.0,1130.0,71.0,1187.0,140,1,0,1,Biker
18,11.0,1130.0,71.0,1187.0,141,1,0,1,Biker
18,11.0,1130.0,71.0,1187.0,142,1,0,1,Biker
18,11.0,1130.0,71.0,1187.0,143,1,0,1,Biker
18,11.0,1130.0,71.0,1187.0,144,1,0,1,Biker
18,11.0,1130.0,71.0,1187.0,145,1,0,1,Biker
18,11.0,1130.0,71.0,1187.0,146,1,0,1,Biker
18,11.0,1130.0,71.0,1187.0,147,1,0,1,Biker
18,11.0,1130.0,71.0,1187.0,148,1,0,1,Biker
18,11.0,1130.0,71.0,1187.0,149,1,0,1,Biker
18,11.0,1130.0,71.0,1187.0,150,1,0,1,Biker
18,11.0,1130.0,71.0,1187.0,151,1,0,1,Biker
18,11.0,1130.0,71.0,1187.0,152,1,0,1,Biker
18,11.0,1130.0,71.0,1187.0,153,1,0,1,Biker
18,11.0,1130.0,71.0,1187.0,154,1,0,1,Biker
18,11.0,1130.0,71.0,1187.0,155,1,0,1,Biker
18,11.0,1130.0,71.0,1187.0,156,1,0,1,Biker
18,11.0,1130.0,71.0,1187.0,157,1,0,1,Biker
18,11.0,1130.0,71.0,1187.0,158,1,0,1,Biker
18,11.0,1130.0,71.0,1187.0,159,1,0,1,Biker
18,11.0,1130.0,71.0,1187.0,160,1,0,1,Biker
18,11.0,1130.0,71.0,1187.0,161,1,0,1,Biker
18,11.0,1130.0,71.0,1187.0,162,1,0,1,Biker
18,11.0,1130.0,71.0,1187.0,163,1,0,1,Biker
18,11.0,1130.0,71.0,1187.0,164,1,0,1,Biker
18,11.0,1130.0,71.0,1187.0,165,1,0,1,Biker
18,11.0,1130.0,71.0,1187.0,166,1,0,1,Biker
18,11.0,1130.0,71.0,1187.0,167,1,0,1,Biker
18,11.0,1130.0,71.0,1187.0,168,1,0,1,Biker
18,11.0,1130.0,71.0,1187.0,169,1,0,1,Biker
18,11.0,1130.0,71.0,1187.0,170,1,0,1,Biker
18,11.0,1130.0,71.0,1187.0,171,1,0,1,Biker
18,11.0,1130.0,71.0,1187.0,172,1,0,1,Biker
18,11.0,1130.0,71.0,1187.0,173,1,0,1,Biker
18,11.0,1130.0,71.0,1187.0,174,1,0,1,Biker
18,11.0,1130.0,71.0,1187.0,175,1,0,1,Biker
18,11.0,1130.0,71.0,1187.0,176,1,0,1,Biker
18,11.0,1130.0,71.0,1187.0,177,1,0,1,Biker
18,11.0,1130.0,71.0,1187.0,178,1,0,1,Biker
18,11.0,1130.0,71.0,1187.0,179,1,0,1,Biker
18,11.0,1130.0,71.0,1187.0,180,1,0,1,Biker
18,11.0,1130.0,71.0,1187.0,181,1,0,1,Biker
18,11.0,1130.0,71.0,1187.0,182,1,0,1,Biker
18,11.0,1130.0,71.0,1187.0,183,1,0,1,Biker
18,11.0,1130.0,71.0,1187.0,184,1,0,1,Biker
18,11.0,1130.0,71.0,1187.0,185,1,0,1,Biker
18,11.0,1130.0,71.0,1187.0,186,1,0,1,Biker
18,11.0,1130.0,71.0,1187.0,187,1,0,1,Biker
18,11.0,1130.0,71.0,1187.0,188,1,0,1,Biker
18,11.0,1130.0,71.0,1187.0,189,1,0,1,Biker
18,11.0,1130.0,71.0,1187.0,190,1,0,1,Biker
18,11.0,1130.0,71.0,1187.0,191,1,0,1,Biker
18,11.0,1130.0,71.0,1187.0,192,1,0,1,Biker
18,11.0,1130.0,71.0,1187.0,193,1,0,1,Biker
18,11.0,1130.0,71.0,1187.0,194,1,0,1,Biker
18,11.0,1130.0,71.0,1187.0,195,1,0,1,Biker
18,11.0,1130.0,71.0,1187.0,196,1,0,1,Biker
18,11.0,1130.0,71.0,1187.0,197,1,0,1,Biker
18,11.0,1130.0,71.0,1187.0,198,1,0,1,Biker
18,11.0,1130.0,71.0,1187.0,199,1,0,1,Biker
18,11.0,1130.0,71.0,1187.0,200,1,0,1,Biker
18,11.0,1130.0,71.0,1187.0,201,1,0,1,Biker
18,11.0,1130.0,71.0,1187.0,202,1,0,1,Biker
18,11.0,1130.0,71.0,1187.0,203,1,0,1,Biker
18,11.0,1130.0,71.0,1187.0,204,1,0,1,Biker
18,11.0,1130.0,71.0,1187.0,205,1,0,1,Biker
18,11.0,1130.0,71.0,1187.0,206,1,0,1,Biker
18,11.0,1130.0,71.0,1187.0,207,1,0,1,Biker
18,11.0,1130.0,71.0,1187.0,208,1,0,1,Biker
18,11.0,1130.0,71.0,1187.0,209,1,0,1,Biker
18,11.0,1130.0,71.0,1187.0,210,1,0,1,Biker
18,11.0,1130.0,71.0,1187.0,211,1,0,1,Biker
18,11.0,1130.0,71.0,1187.0,212,1,0,1,Biker
18,11.0,1130.0,71.0,1187.0,213,1,0,1,Biker
18,11.0,1130.0,71.0,1187.0,214,1,0,1,Biker
18,11.0,1130.0,71.0,1187.0,215,1,0,1,Biker
18,11.0,1130.0,71.0,1187.0,216,1,0,1,Biker
18,11.0,1130.0,71.0,1187.0,217,1,0,1,Biker
18,11.0,1130.0,71.0,1187.0,218,1,0,1,Biker
18,11.0,1130.0,71.0,1187.0,219,1,0,1,Biker
18,11.0,1130.0,71.0,1187.0,220,1,0,1,Biker
18,11.0,1130.0,71.0,1187.0,221,1,0,1,Biker
18,11.0,1130.0,71.0,1187.0,222,1,0,1,Biker
18,11.0,1130.0,71.0,1187.0,223,1,0,1,Biker
18,11.0,1130.0,71.0,1187.0,224,1,0,1,Biker
18,11.0,1130.0,71.0,1187.0,225,1,0,1,Biker
18,11.0,1130.0,71.0,1187.0,226,1,0,1,Biker
18,11.0,1130.0,71.0,1187.0,227,1,0,0,Biker
18,11.0,1130.0,71.0,1187.0,228,1,0,1,Biker
18,11.0,1130.0,71.0,1187.0,229,1,0,1,Biker
18,11.0,1130.0,71.0,1187.0,230,1,0,1,Biker
18,11.0,1130.0,71.0,1187.0,231,1,0,1,Biker
18,11.0,1130.0,71.0,1187.0,232,1,0,1,Biker
18,11.0,1130.0,71.0,1187.0,233,1,0,1,Biker
18,11.0,1130.0,71.0,1187.0,234,1,0,1,Biker
18,11.0,1130.0,71.0,1187.0,235,1,0,1,Biker
18,11.0,1130.0,71.0,1187.0,236,1,0,1,Biker
18,11.0,1130.0,71.0,1187.0,237,1,0,1,Biker
18,11.0,1130.0,71.0,1187.0,238,1,0,1,Biker
18,11.0,1130.0,71.0,1187.0,239,1,0,1,Biker
18,11.0,1130.0,71.0,1187.0,240,1,0,1,Biker
18,11.0,1130.0,71.0,1187.0,241,1,0,1,Biker
18,11.0,1130.0,71.0,1187.0,242,1,0,1,Biker
18,11.0,1130.0,71.0,1187.0,243,1,0,1,Biker
18,11.0,1130.0,71.0,1187.0,244,1,0,1,Biker
18,11.0,1130.0,71.0,1187.0,245,1,0,1,Biker
18,11.0,1130.0,71.0,1187.0,246,1,0,1,Biker
18,11.0,1130.0,71.0,1187.0,247,1,0,1,Biker
18,11.0,1130.0,71.0,1187.0,248,1,0,1,Biker
18,11.0,1130.0,71.0,1187.0,249,1,0,1,Biker
18,11.0,1130.0,71.0,1187.0,250,1,0,1,Biker
18,11.0,1130.0,71.0,1187.0,251,1,0,1,Biker
18,11.0,1130.0,71.0,1187.0,252,1,0,1,Biker
18,11.0,1130.0,71.0,1187.0,253,1,0,1,Biker
18,11.0,1130.0,71.0,1187.0,254,1,0,1,Biker
18,11.0,1130.0,71.0,1187.0,255,1,0,1,Biker
18,11.0,1130.0,71.0,1187.0,256,1,0,1,Biker
18,11.0,1130.0,71.0,1187.0,257,1,0,1,Biker
18,11.0,1130.0,71.0,1187.0,258,1,0,1,Biker
18,11.0,1130.0,71.0,1187.0,259,1,0,1,Biker
18,11.0,1130.0,71.0,1187.0,260,1,0,1,Biker
18,11.0,1130.0,71.0,1187.0,261,1,0,1,Biker
18,11.0,1130.0,71.0,1187.0,262,1,0,1,Biker
18,11.0,1130.0,71.0,1187.0,263,1,0,1,Biker
18,11.0,1130.0,71.0,1187.0,264,1,0,1,Biker
18,11.0,1130.0,71.0,1187.0,265,1,0,1,Biker
18,11.0,1130.0,71.0,1187.0,266,1,0,1,Biker
18,11.0,1130.0,71.0,1187.0,267,1,0,1,Biker
18,11.0,1130.0,71.0,1187.0,268,1,0,1,Biker
18,11.0,1130.0,71.0,1187.0,269,1,0,1,Biker
18,11.0,1130.0,71.0,1187.0,270,1,0,1,Biker
18,11.0,1130.0,71.0,1187.0,271,1,0,1,Biker
18,11.0,1130.0,71.0,1187.0,272,1,0,1,Biker
18,11.0,1130.0,71.0,1187.0,273,1,0,1,Biker
18,11.0,1130.0,71.0,1187.0,274,1,0,1,Biker
18,11.0,1130.0,71.0,1187.0,275,1,0,1,Biker
18,11.0,1130.0,71.0,1187.0,276,1,0,1,Biker
18,11.0,1130.0,71.0,1187.0,277,1,0,1,Biker
18,11.0,1130.0,71.0,1187.0,278,1,0,1,Biker
18,11.0,1130.0,71.0,1187.0,279,1,0,1,Biker
18,11.0,1130.0,71.0,1187.0,280,1,0,1,Biker
18,11.0,1130.0,71.0,1187.0,281,1,0,1,Biker
18,11.0,1130.0,71.0,1187.0,282,1,0,1,Biker
18,11.0,1130.0,71.0,1187.0,283,1,0,1,Biker
18,11.0,1130.0,71.0,1187.0,284,1,0,1,Biker
18,11.0,1130.0,71.0,1187.0,285,1,0,1,Biker
18,11.0,1130.0,71.0,1187.0,286,1,0,1,Biker
18,11.0,1130.0,71.0,1187.0,287,1,0,1,Biker
18,11.0,1130.0,71.0,1187.0,288,1,0,1,Biker
18,11.0,1130.0,71.0,1187.0,289,1,0,1,Biker
18,11.0,1130.0,71.0,1187.0,290,1,0,1,Biker
18,11.0,1130.0,71.0,1187.0,291,1,0,1,Biker
18,11.0,1130.0,71.0,1187.0,292,1,0,1,Biker
18,11.0,1130.0,71.0,1187.0,293,1,0,1,Biker
18,11.0,1130.0,71.0,1187.0,294,1,0,1,Biker
18,11.0,1130.0,71.0,1187.0,295,1,0,1,Biker
18,11.0,1130.0,71.0,1187.0,296,1,0,1,Biker
18,11.0,1130.0,71.0,1187.0,297,1,0,1,Biker
18,11.0,1130.0,71.0,1187.0,298,1,0,1,Biker
18,11.0,1130.0,71.0,1187.0,299,1,0,1,Biker
18,11.0,1130.0,71.0,1187.0,300,1,0,1,Biker
18,11.0,1130.0,71.0,1187.0,301,1,0,1,Biker
18,11.0,1130.0,71.0,1187.0,302,1,0,1,Biker
18,11.0,1130.0,71.0,1187.0,303,1,0,1,Biker
18,11.0,1130.0,71.0,1187.0,304,1,0,1,Biker
18,11.0,1130.0,71.0,1187.0,305,1,0,1,Biker
18,11.0,1130.0,71.0,1187.0,306,1,0,1,Biker
18,11.0,1130.0,71.0,1187.0,307,1,0,1,Biker
18,11.0,1130.0,71.0,1187.0,308,1,0,1,Biker
18,11.0,1130.0,71.0,1187.0,309,1,0,1,Biker
18,11.0,1130.0,71.0,1187.0,310,1,0,1,Biker
18,11.0,1130.0,71.0,1187.0,311,1,0,1,Biker
18,11.0,1130.0,71.0,1187.0,312,1,0,1,Biker
18,11.0,1130.0,71.0,1187.0,313,1,0,1,Biker
18,11.0,1130.0,71.0,1187.0,314,1,0,1,Biker
18,11.0,1130.0,71.0,1187.0,315,1,0,1,Biker
18,11.0,1130.0,71.0,1187.0,316,1,0,1,Biker
18,11.0,1130.0,71.0,1187.0,317,1,0,1,Biker
18,11.0,1130.0,71.0,1187.0,318,1,0,1,Biker
18,11.0,1130.0,71.0,1187.0,319,1,0,1,Biker
18,11.0,1130.0,71.0,1187.0,320,1,0,1,Biker
18,11.0,1130.0,71.0,1187.0,321,1,0,1,Biker
18,11.0,1130.0,71.0,1187.0,322,1,0,1,Biker
18,11.0,1130.0,71.0,1187.0,323,1,0,1,Biker
18,11.0,1130.0,71.0,1187.0,324,1,0,1,Biker
18,11.0,1130.0,71.0,1187.0,325,1,0,1,Biker
18,11.0,1130.0,71.0,1187.0,326,1,0,1,Biker
18,11.0,1130.0,71.0,1187.0,327,1,0,1,Biker
18,11.0,1130.0,71.0,1187.0,328,1,0,1,Biker
18,11.0,1130.0,71.0,1187.0,329,1,0,1,Biker
18,11.0,1130.0,71.0,1187.0,330,0,0,0,Biker
18,15.0,1126.0,75.0,1183.0,331,0,0,1,Biker
18,19.0,1126.0,79.0,1183.0,332,0,0,1,Biker
18,23.0,1126.0,83.0,1183.0,333,0,0,1,Biker
18,29.0,1126.0,89.0,1183.0,334,0,0,1,Biker
18,33.0,1126.0,93.0,1183.0,335,0,0,1,Biker
18,37.0,1126.0,97.0,1183.0,336,0,0,1,Biker
18,43.0,1126.0,103.0,1183.0,337,0,0,1,Biker
18,47.0,1126.0,107.0,1183.0,338,0,0,1,Biker
18,51.0,1126.0,111.0,1183.0,339,0,0,1,Biker
18,55.0,1126.0,115.0,1183.0,340,0,0,1,Biker
18,61.0,1126.0,121.0,1183.0,341,0,0,1,Biker
18,65.0,1126.0,125.0,1183.0,342,0,0,1,Biker
18,69.0,1126.0,129.0,1183.0,343,0,0,1,Biker
18,75.0,1122.0,135.0,1179.0,344,0,0,1,Biker
18,79.0,1122.0,139.0,1179.0,345,0,0,1,Biker
18,83.0,1122.0,143.0,1179.0,346,0,0,1,Biker
18,87.0,1122.0,147.0,1179.0,347,0,0,1,Biker
18,93.0,1122.0,153.0,1179.0,348,0,0,1,Biker
18,97.0,1122.0,157.0,1179.0,349,0,0,1,Biker
18,101.0,1122.0,161.0,1179.0,350,0,0,1,Biker
18,107.0,1122.0,167.0,1179.0,351,0,0,1,Biker
18,111.0,1122.0,171.0,1179.0,352,0,0,1,Biker
18,115.0,1122.0,175.0,1179.0,353,0,0,1,Biker
18,121.0,1122.0,181.0,1179.0,354,0,0,1,Biker
18,125.0,1122.0,185.0,1179.0,355,0,0,1,Biker
18,129.0,1122.0,189.0,1179.0,356,0,0,1,Biker
18,133.0,1122.0,193.0,1179.0,357,0,0,1,Biker
18,139.0,1118.0,199.0,1175.0,358,0,0,1,Biker
18,143.0,1118.0,203.0,1175.0,359,0,0,1,Biker
18,147.0,1118.0,207.0,1175.0,360,0,0,1,Biker
18,153.0,1118.0,213.0,1175.0,361,0,0,1,Biker
18,157.0,1118.0,217.0,1175.0,362,0,0,1,Biker
18,161.0,1118.0,221.0,1175.0,363,0,0,1,Biker
18,165.0,1118.0,225.0,1175.0,364,0,0,1,Biker
18,171.0,1118.0,231.0,1175.0,365,0,0,1,Biker
18,175.0,1118.0,235.0,1175.0,366,0,0,1,Biker
18,179.0,1118.0,239.0,1175.0,367,0,0,1,Biker
18,185.0,1118.0,245.0,1175.0,368,0,0,1,Biker
18,189.0,1118.0,249.0,1175.0,369,0,0,1,Biker
18,193.0,1118.0,253.0,1175.0,370,0,0,1,Biker
18,199.0,1118.0,259.0,1175.0,371,0,0,0,Biker
18,203.0,1114.0,263.0,1171.0,372,0,0,1,Biker
18,209.0,1114.0,269.0,1171.0,373,0,0,1,Biker
18,215.0,1114.0,275.0,1171.0,374,0,0,1,Biker
18,219.0,1114.0,279.0,1171.0,375,0,0,1,Biker
18,225.0,1114.0,285.0,1171.0,376,0,0,1,Biker
18,231.0,1114.0,291.0,1171.0,377,0,0,1,Biker
18,237.0,1110.0,297.0,1167.0,378,0,0,1,Biker
18,241.0,1110.0,301.0,1167.0,379,0,0,1,Biker
18,247.0,1110.0,307.0,1167.0,380,0,0,1,Biker
18,253.0,1110.0,313.0,1167.0,381,0,0,1,Biker
18,259.0,1110.0,319.0,1167.0,382,0,0,1,Biker
18,263.0,1110.0,323.0,1167.0,383,0,0,1,Biker
18,269.0,1110.0,329.0,1167.0,384,0,0,1,Biker
18,275.0,1106.0,335.0,1163.0,385,0,0,1,Biker
18,281.0,1106.0,341.0,1163.0,386,0,0,1,Biker
18,285.0,1106.0,345.0,1163.0,387,0,0,1,Biker
18,291.0,1106.0,351.0,1163.0,388,0,0,1,Biker
18,297.0,1106.0,357.0,1163.0,389,0,0,1,Biker
18,303.0,1106.0,362.0,1163.0,390,0,0,1,Biker
18,307.0,1106.0,366.0,1163.0,391,0,0,1,Biker
18,313.0,1101.0,372.0,1159.0,392,0,0,1,Biker
18,319.0,1101.0,378.0,1159.0,393,0,0,1,Biker
18,325.0,1101.0,384.0,1159.0,394,0,0,1,Biker
18,329.0,1101.0,388.0,1159.0,395,0,0,1,Biker
18,335.0,1101.0,394.0,1159.0,396,0,0,1,Biker
18,341.0,1101.0,400.0,1159.0,397,0,0,1,Biker
18,347.0,1101.0,406.0,1159.0,398,0,0,0,Biker
18,349.0,1097.0,408.0,1154.0,399,0,0,1,Biker
18,353.0,1097.0,412.0,1154.0,400,0,0,1,Biker
18,357.0,1097.0,416.0,1154.0,401,0,0,1,Biker
18,360.0,1097.0,420.0,1154.0,402,0,0,1,Biker
18,364.0,1097.0,424.0,1154.0,403,0,0,1,Biker
18,368.0,1097.0,426.0,1150.0,404,0,0,1,Biker
18,372.0,1097.0,430.0,1150.0,405,0,0,1,Biker
18,374.0,1093.0,434.0,1150.0,406,0,0,1,Biker
18,378.0,1093.0,438.0,1150.0,407,0,0,1,Biker
18,382.0,1093.0,442.0,1150.0,408,0,0,1,Biker
18,386.0,1093.0,446.0,1150.0,409,0,0,1,Biker
18,390.0,1093.0,448.0,1146.0,410,0,0,1,Biker
18,394.0,1093.0,452.0,1146.0,411,0,0,1,Biker
18,398.0,1093.0,456.0,1146.0,412,0,0,1,Biker
18,400.0,1089.0,460.0,1146.0,413,0,0,1,Biker
18,404.0,1089.0,464.0,1146.0,414,0,0,1,Biker
18,408.0,1089.0,466.0,1142.0,415,0,0,1,Biker
18,412.0,1089.0,470.0,1142.0,416,0,0,1,Biker
18,416.0,1089.0,474.0,1142.0,417,0,0,1,Biker
18,420.0,1089.0,478.0,1142.0,418,0,0,1,Biker
18,424.0,1089.0,482.0,1142.0,419,0,0,1,Biker
18,428.0,1089.0,486.0,1142.0,420,0,0,0,Biker
18,434.0,1085.0,492.0,1138.0,421,0,0,1,Biker
18,440.0,1081.0,498.0,1134.0,422,0,0,1,Biker
18,446.0,1077.0,504.0,1130.0,423,0,0,1,Biker
18,452.0,1073.0,510.0,1126.0,424,0,0,1,Biker
18,460.0,1073.0,518.0,1126.0,425,0,0,0,Biker
18,462.0,1069.0,520.0,1122.0,426,0,0,1,Biker
18,466.0,1069.0,524.0,1122.0,427,0,0,1,Biker
18,468.0,1065.0,526.0,1118.0,428,0,0,1,Biker
18,472.0,1065.0,530.0,1118.0,429,0,0,1,Biker
18,476.0,1065.0,534.0,1118.0,430,0,0,0,Biker
19,17.0,1142.0,55.0,1236.0,0,1,0,0,Biker
19,17.0,1142.0,55.0,1236.0,1,1,0,1,Biker
19,17.0,1142.0,55.0,1236.0,2,1,0,1,Biker
19,17.0,1142.0,55.0,1236.0,3,1,0,1,Biker
19,17.0,1142.0,55.0,1236.0,4,1,0,1,Biker
19,17.0,1142.0,55.0,1236.0,5,1,0,1,Biker
19,17.0,1142.0,55.0,1236.0,6,1,0,1,Biker
19,17.0,1142.0,55.0,1236.0,7,1,0,1,Biker
19,17.0,1142.0,55.0,1236.0,8,1,0,1,Biker
19,17.0,1142.0,55.0,1236.0,9,1,0,1,Biker
19,17.0,1142.0,55.0,1236.0,10,1,0,1,Biker
19,17.0,1142.0,55.0,1236.0,11,1,0,1,Biker
19,17.0,1142.0,55.0,1236.0,12,1,0,1,Biker
19,17.0,1142.0,55.0,1236.0,13,1,0,1,Biker
19,17.0,1142.0,55.0,1236.0,14,1,0,1,Biker
19,17.0,1142.0,55.0,1236.0,15,1,0,1,Biker
19,17.0,1142.0,55.0,1236.0,16,1,0,1,Biker
19,17.0,1142.0,55.0,1236.0,17,1,0,1,Biker
19,17.0,1142.0,55.0,1236.0,18,1,0,1,Biker
19,17.0,1142.0,55.0,1236.0,19,1,0,1,Biker
19,17.0,1142.0,55.0,1236.0,20,1,0,1,Biker
19,17.0,1142.0,55.0,1236.0,21,1,0,1,Biker
19,17.0,1142.0,55.0,1236.0,22,1,0,1,Biker
19,17.0,1142.0,55.0,1236.0,23,1,0,1,Biker
19,17.0,1142.0,55.0,1236.0,24,1,0,1,Biker
19,17.0,1142.0,55.0,1236.0,25,1,0,1,Biker
19,17.0,1142.0,55.0,1236.0,26,1,0,1,Biker
19,17.0,1142.0,55.0,1236.0,27,1,0,1,Biker
19,17.0,1142.0,55.0,1236.0,28,1,0,1,Biker
19,17.0,1142.0,55.0,1236.0,29,1,0,1,Biker
19,17.0,1142.0,55.0,1236.0,30,1,0,1,Biker
19,17.0,1142.0,55.0,1236.0,31,1,0,1,Biker
19,17.0,1142.0,55.0,1236.0,32,1,0,1,Biker
19,17.0,1142.0,55.0,1236.0,33,1,0,1,Biker
19,17.0,1142.0,55.0,1236.0,34,1,0,1,Biker
19,17.0,1142.0,55.0,1236.0,35,1,0,1,Biker
19,17.0,1142.0,55.0,1236.0,36,1,0,1,Biker
19,17.0,1142.0,55.0,1236.0,37,1,0,1,Biker
19,17.0,1142.0,55.0,1236.0,38,1,0,1,Biker
19,17.0,1142.0,55.0,1236.0,39,1,0,1,Biker
19,17.0,1142.0,55.0,1236.0,40,1,0,1,Biker
19,17.0,1142.0,55.0,1236.0,41,1,0,1,Biker
19,17.0,1142.0,55.0,1236.0,42,1,0,1,Biker
19,17.0,1142.0,55.0,1236.0,43,1,0,1,Biker
19,17.0,1142.0,55.0,1236.0,44,1,0,1,Biker
19,17.0,1142.0,55.0,1236.0,45,1,0,1,Biker
19,17.0,1142.0,55.0,1236.0,46,1,0,1,Biker
19,17.0,1142.0,55.0,1236.0,47,1,0,1,Biker
19,17.0,1142.0,55.0,1236.0,48,1,0,1,Biker
19,17.0,1142.0,55.0,1236.0,49,1,0,1,Biker
19,17.0,1142.0,55.0,1236.0,50,1,0,1,Biker
19,17.0,1142.0,55.0,1236.0,51,1,0,1,Biker
19,17.0,1142.0,55.0,1236.0,52,1,0,1,Biker
19,17.0,1142.0,55.0,1236.0,53,1,0,1,Biker
19,17.0,1142.0,55.0,1236.0,54,1,0,1,Biker
19,17.0,1142.0,55.0,1236.0,55,1,0,1,Biker
19,17.0,1142.0,55.0,1236.0,56,1,0,1,Biker
19,17.0,1142.0,55.0,1236.0,57,1,0,1,Biker
19,17.0,1142.0,55.0,1236.0,58,1,0,1,Biker
19,17.0,1142.0,55.0,1236.0,59,1,0,1,Biker
19,17.0,1142.0,55.0,1236.0,60,1,0,1,Biker
19,17.0,1142.0,55.0,1236.0,61,1,0,1,Biker
19,17.0,1142.0,55.0,1236.0,62,1,0,1,Biker
19,17.0,1142.0,55.0,1236.0,63,1,0,1,Biker
19,17.0,1142.0,55.0,1236.0,64,1,0,1,Biker
19,17.0,1142.0,55.0,1236.0,65,1,0,1,Biker
19,17.0,1142.0,55.0,1236.0,66,1,0,1,Biker
19,17.0,1142.0,55.0,1236.0,67,1,0,1,Biker
19,17.0,1142.0,55.0,1236.0,68,1,0,1,Biker
19,17.0,1142.0,55.0,1236.0,69,1,0,1,Biker
19,17.0,1142.0,55.0,1236.0,70,1,0,1,Biker
19,17.0,1142.0,55.0,1236.0,71,1,0,1,Biker
19,17.0,1142.0,55.0,1236.0,72,1,0,1,Biker
19,17.0,1142.0,55.0,1236.0,73,1,0,1,Biker
19,17.0,1142.0,55.0,1236.0,74,1,0,1,Biker
19,17.0,1142.0,55.0,1236.0,75,1,0,1,Biker
19,17.0,1142.0,55.0,1236.0,76,1,0,1,Biker
19,17.0,1142.0,55.0,1236.0,77,1,0,1,Biker
19,17.0,1142.0,55.0,1236.0,78,1,0,1,Biker
19,17.0,1142.0,55.0,1236.0,79,1,0,1,Biker
19,17.0,1142.0,55.0,1236.0,80,1,0,1,Biker
19,17.0,1142.0,55.0,1236.0,81,1,0,1,Biker
19,17.0,1142.0,55.0,1236.0,82,1,0,1,Biker
19,17.0,1142.0,55.0,1236.0,83,1,0,1,Biker
19,17.0,1142.0,55.0,1236.0,84,1,0,1,Biker
19,17.0,1142.0,55.0,1236.0,85,1,0,1,Biker
19,17.0,1142.0,55.0,1236.0,86,1,0,1,Biker
19,17.0,1142.0,55.0,1236.0,87,1,0,1,Biker
19,17.0,1142.0,55.0,1236.0,88,1,0,1,Biker
19,17.0,1142.0,55.0,1236.0,89,1,0,1,Biker
19,17.0,1142.0,55.0,1236.0,90,1,0,1,Biker
19,17.0,1142.0,55.0,1236.0,91,1,0,1,Biker
19,17.0,1142.0,55.0,1236.0,92,1,0,1,Biker
19,17.0,1142.0,55.0,1236.0,93,1,0,1,Biker
19,17.0,1142.0,55.0,1236.0,94,1,0,1,Biker
19,17.0,1142.0,55.0,1236.0,95,1,0,1,Biker
19,17.0,1142.0,55.0,1236.0,96,1,0,1,Biker
19,17.0,1142.0,55.0,1236.0,97,1,0,1,Biker
19,17.0,1142.0,55.0,1236.0,98,1,0,1,Biker
19,17.0,1142.0,55.0,1236.0,99,1,0,1,Biker
19,17.0,1142.0,55.0,1236.0,100,1,0,1,Biker
19,17.0,1142.0,55.0,1236.0,101,1,0,1,Biker
19,17.0,1142.0,55.0,1236.0,102,1,0,1,Biker
19,17.0,1142.0,55.0,1236.0,103,1,0,1,Biker
19,17.0,1142.0,55.0,1236.0,104,1,0,1,Biker
19,17.0,1142.0,55.0,1236.0,105,1,0,1,Biker
19,17.0,1142.0,55.0,1236.0,106,1,0,1,Biker
19,17.0,1142.0,55.0,1236.0,107,1,0,1,Biker
19,17.0,1142.0,55.0,1236.0,108,1,0,1,Biker
19,17.0,1142.0,55.0,1236.0,109,1,0,1,Biker
19,17.0,1142.0,55.0,1236.0,110,1,0,1,Biker
19,17.0,1142.0,55.0,1236.0,111,1,0,1,Biker
19,17.0,1142.0,55.0,1236.0,112,1,0,1,Biker
19,17.0,1142.0,55.0,1236.0,113,1,0,1,Biker
19,17.0,1142.0,55.0,1236.0,114,1,0,1,Biker
19,17.0,1142.0,55.0,1236.0,115,1,0,1,Biker
19,17.0,1142.0,55.0,1236.0,116,1,0,1,Biker
19,17.0,1142.0,55.0,1236.0,117,1,0,1,Biker
19,17.0,1142.0,55.0,1236.0,118,1,0,1,Biker
19,17.0,1142.0,55.0,1236.0,119,1,0,1,Biker
19,17.0,1142.0,55.0,1236.0,120,1,0,1,Biker
19,17.0,1142.0,55.0,1236.0,121,1,0,1,Biker
19,17.0,1142.0,55.0,1236.0,122,1,0,1,Biker
19,17.0,1142.0,55.0,1236.0,123,1,0,1,Biker
19,17.0,1142.0,55.0,1236.0,124,1,0,1,Biker
19,17.0,1142.0,55.0,1236.0,125,1,0,1,Biker
19,17.0,1142.0,55.0,1236.0,126,1,0,1,Biker
19,17.0,1142.0,55.0,1236.0,127,1,0,1,Biker
19,17.0,1142.0,55.0,1236.0,128,1,0,1,Biker
19,17.0,1142.0,55.0,1236.0,129,1,0,1,Biker
19,17.0,1142.0,55.0,1236.0,130,1,0,1,Biker
19,17.0,1142.0,55.0,1236.0,131,1,0,1,Biker
19,17.0,1142.0,55.0,1236.0,132,1,0,1,Biker
19,17.0,1142.0,55.0,1236.0,133,1,0,1,Biker
19,17.0,1142.0,55.0,1236.0,134,1,0,1,Biker
19,17.0,1142.0,55.0,1236.0,135,1,0,1,Biker
19,17.0,1142.0,55.0,1236.0,136,1,0,1,Biker
19,17.0,1142.0,55.0,1236.0,137,1,0,1,Biker
19,17.0,1142.0,55.0,1236.0,138,1,0,1,Biker
19,17.0,1142.0,55.0,1236.0,139,1,0,1,Biker
19,17.0,1142.0,55.0,1236.0,140,1,0,1,Biker
19,17.0,1142.0,55.0,1236.0,141,1,0,1,Biker
19,17.0,1142.0,55.0,1236.0,142,1,0,1,Biker
19,17.0,1142.0,55.0,1236.0,143,1,0,1,Biker
19,17.0,1142.0,55.0,1236.0,144,1,0,1,Biker
19,17.0,1142.0,55.0,1236.0,145,1,0,1,Biker
19,17.0,1142.0,55.0,1236.0,146,1,0,1,Biker
19,17.0,1142.0,55.0,1236.0,147,1,0,1,Biker
19,17.0,1142.0,55.0,1236.0,148,1,0,1,Biker
19,17.0,1142.0,55.0,1236.0,149,1,0,1,Biker
19,17.0,1142.0,55.0,1236.0,150,1,0,1,Biker
19,17.0,1142.0,55.0,1236.0,151,1,0,1,Biker
19,17.0,1142.0,55.0,1236.0,152,1,0,1,Biker
19,17.0,1142.0,55.0,1236.0,153,1,0,1,Biker
19,17.0,1142.0,55.0,1236.0,154,1,0,1,Biker
19,17.0,1142.0,55.0,1236.0,155,1,0,1,Biker
19,17.0,1142.0,55.0,1236.0,156,1,0,1,Biker
19,17.0,1142.0,55.0,1236.0,157,1,0,1,Biker
19,17.0,1142.0,55.0,1236.0,158,1,0,1,Biker
19,17.0,1142.0,55.0,1236.0,159,1,0,1,Biker
19,17.0,1142.0,55.0,1236.0,160,1,0,1,Biker
19,17.0,1142.0,55.0,1236.0,161,1,0,1,Biker
19,17.0,1142.0,55.0,1236.0,162,1,0,1,Biker
19,17.0,1142.0,55.0,1236.0,163,1,0,1,Biker
19,17.0,1142.0,55.0,1236.0,164,1,0,1,Biker
19,17.0,1142.0,55.0,1236.0,165,1,0,1,Biker
19,17.0,1142.0,55.0,1236.0,166,1,0,1,Biker
19,17.0,1142.0,55.0,1236.0,167,1,0,1,Biker
19,17.0,1142.0,55.0,1236.0,168,1,0,1,Biker
19,17.0,1142.0,55.0,1236.0,169,1,0,1,Biker
19,17.0,1142.0,55.0,1236.0,170,1,0,1,Biker
19,17.0,1142.0,55.0,1236.0,171,1,0,1,Biker
19,17.0,1142.0,55.0,1236.0,172,1,0,1,Biker
19,17.0,1142.0,55.0,1236.0,173,1,0,1,Biker
19,17.0,1142.0,55.0,1236.0,174,1,0,1,Biker
19,17.0,1142.0,55.0,1236.0,175,1,0,1,Biker
19,17.0,1142.0,55.0,1236.0,176,1,0,1,Biker
19,17.0,1142.0,55.0,1236.0,177,1,0,1,Biker
19,17.0,1142.0,55.0,1236.0,178,1,0,1,Biker
19,17.0,1142.0,55.0,1236.0,179,1,0,1,Biker
19,17.0,1142.0,55.0,1236.0,180,1,0,1,Biker
19,17.0,1142.0,55.0,1236.0,181,1,0,1,Biker
19,17.0,1142.0,55.0,1236.0,182,1,0,1,Biker
19,17.0,1142.0,55.0,1236.0,183,1,0,1,Biker
19,17.0,1142.0,55.0,1236.0,184,1,0,1,Biker
19,17.0,1142.0,55.0,1236.0,185,1,0,1,Biker
19,17.0,1142.0,55.0,1236.0,186,1,0,1,Biker
19,17.0,1142.0,55.0,1236.0,187,1,0,1,Biker
19,17.0,1142.0,55.0,1236.0,188,1,0,1,Biker
19,17.0,1142.0,55.0,1236.0,189,1,0,1,Biker
19,17.0,1142.0,55.0,1236.0,190,1,0,1,Biker
19,17.0,1142.0,55.0,1236.0,191,1,0,1,Biker
19,17.0,1142.0,55.0,1236.0,192,1,0,1,Biker
19,17.0,1142.0,55.0,1236.0,193,1,0,1,Biker
19,17.0,1142.0,55.0,1236.0,194,1,0,1,Biker
19,17.0,1142.0,55.0,1236.0,195,1,0,1,Biker
19,17.0,1142.0,55.0,1236.0,196,1,0,1,Biker
19,17.0,1142.0,55.0,1236.0,197,1,0,1,Biker
19,17.0,1142.0,55.0,1236.0,198,1,0,1,Biker
19,17.0,1142.0,55.0,1236.0,199,1,0,1,Biker
19,17.0,1142.0,55.0,1236.0,200,1,0,1,Biker
19,17.0,1142.0,55.0,1236.0,201,1,0,1,Biker
19,17.0,1142.0,55.0,1236.0,202,1,0,1,Biker
19,17.0,1142.0,55.0,1236.0,203,1,0,1,Biker
19,17.0,1142.0,55.0,1236.0,204,1,0,1,Biker
19,17.0,1142.0,55.0,1236.0,205,1,0,1,Biker
19,17.0,1142.0,55.0,1236.0,206,1,0,1,Biker
19,17.0,1142.0,55.0,1236.0,207,1,0,1,Biker
19,17.0,1142.0,55.0,1236.0,208,1,0,1,Biker
19,17.0,1142.0,55.0,1236.0,209,1,0,1,Biker
19,17.0,1142.0,55.0,1236.0,210,1,0,1,Biker
19,17.0,1142.0,55.0,1236.0,211,1,0,1,Biker
19,17.0,1142.0,55.0,1236.0,212,1,0,1,Biker
19,17.0,1142.0,55.0,1236.0,213,1,0,1,Biker
19,17.0,1142.0,55.0,1236.0,214,1,0,1,Biker
19,17.0,1142.0,55.0,1236.0,215,1,0,1,Biker
19,17.0,1142.0,55.0,1236.0,216,1,0,1,Biker
19,17.0,1142.0,55.0,1236.0,217,1,0,1,Biker
19,17.0,1142.0,55.0,1236.0,218,1,0,1,Biker
19,17.0,1142.0,55.0,1236.0,219,1,0,1,Biker
19,17.0,1142.0,55.0,1236.0,220,1,0,1,Biker
19,17.0,1142.0,55.0,1236.0,221,1,0,1,Biker
19,17.0,1142.0,55.0,1236.0,222,1,0,1,Biker
19,17.0,1142.0,55.0,1236.0,223,1,0,1,Biker
19,17.0,1142.0,55.0,1236.0,224,1,0,1,Biker
19,17.0,1142.0,55.0,1236.0,225,1,0,1,Biker
19,17.0,1142.0,55.0,1236.0,226,1,0,1,Biker
19,17.0,1142.0,55.0,1236.0,227,1,0,1,Biker
19,17.0,1142.0,55.0,1236.0,228,1,0,1,Biker
19,17.0,1142.0,55.0,1236.0,229,1,0,1,Biker
19,17.0,1142.0,55.0,1236.0,230,1,0,1,Biker
19,17.0,1142.0,55.0,1236.0,231,1,0,1,Biker
19,17.0,1142.0,55.0,1236.0,232,1,0,1,Biker
19,17.0,1142.0,55.0,1236.0,233,1,0,1,Biker
19,17.0,1142.0,55.0,1236.0,234,1,0,1,Biker
19,17.0,1142.0,55.0,1236.0,235,1,0,1,Biker
19,17.0,1142.0,55.0,1236.0,236,1,0,1,Biker
19,17.0,1142.0,55.0,1236.0,237,1,0,1,Biker
19,17.0,1142.0,55.0,1236.0,238,1,0,1,Biker
19,17.0,1142.0,55.0,1236.0,239,1,0,1,Biker
19,17.0,1142.0,55.0,1236.0,240,1,0,1,Biker
19,17.0,1142.0,55.0,1236.0,241,1,0,1,Biker
19,17.0,1142.0,55.0,1236.0,242,1,0,1,Biker
19,17.0,1142.0,55.0,1236.0,243,1,0,1,Biker
19,17.0,1142.0,55.0,1236.0,244,1,0,1,Biker
19,17.0,1142.0,55.0,1236.0,245,1,0,1,Biker
19,17.0,1142.0,55.0,1236.0,246,1,0,1,Biker
19,17.0,1142.0,55.0,1236.0,247,1,0,1,Biker
19,17.0,1142.0,55.0,1236.0,248,1,0,1,Biker
19,17.0,1142.0,55.0,1236.0,249,1,0,1,Biker
19,17.0,1142.0,55.0,1236.0,250,1,0,1,Biker
19,17.0,1142.0,55.0,1236.0,251,1,0,1,Biker
19,17.0,1142.0,55.0,1236.0,252,1,0,1,Biker
19,17.0,1142.0,55.0,1236.0,253,1,0,1,Biker
19,17.0,1142.0,55.0,1236.0,254,1,0,1,Biker
19,17.0,1142.0,55.0,1236.0,255,1,0,1,Biker
19,17.0,1142.0,55.0,1236.0,256,1,0,1,Biker
19,17.0,1142.0,55.0,1236.0,257,1,0,1,Biker
19,17.0,1142.0,55.0,1236.0,258,1,0,1,Biker
19,17.0,1142.0,55.0,1236.0,259,1,0,1,Biker
19,17.0,1142.0,55.0,1236.0,260,1,0,1,Biker
19,17.0,1142.0,55.0,1236.0,261,1,0,1,Biker
19,17.0,1142.0,55.0,1236.0,262,1,0,1,Biker
19,17.0,1142.0,55.0,1236.0,263,1,0,1,Biker
19,17.0,1142.0,55.0,1236.0,264,1,0,1,Biker
19,17.0,1142.0,55.0,1236.0,265,1,0,1,Biker
19,17.0,1142.0,55.0,1236.0,266,1,0,1,Biker
19,17.0,1142.0,55.0,1236.0,267,1,0,1,Biker
19,17.0,1142.0,55.0,1236.0,268,1,0,1,Biker
19,17.0,1142.0,55.0,1236.0,269,1,0,1,Biker
19,17.0,1142.0,55.0,1236.0,270,1,0,1,Biker
19,17.0,1142.0,55.0,1236.0,271,1,0,1,Biker
19,17.0,1142.0,55.0,1236.0,272,1,0,1,Biker
19,17.0,1142.0,55.0,1236.0,273,1,0,1,Biker
19,17.0,1142.0,55.0,1236.0,274,1,0,1,Biker
19,17.0,1142.0,55.0,1236.0,275,1,0,1,Biker
19,17.0,1142.0,55.0,1236.0,276,1,0,1,Biker
19,17.0,1142.0,55.0,1236.0,277,1,0,1,Biker
19,17.0,1142.0,55.0,1236.0,278,1,0,1,Biker
19,17.0,1142.0,55.0,1236.0,279,1,0,1,Biker
19,17.0,1142.0,55.0,1236.0,280,1,0,1,Biker
19,17.0,1142.0,55.0,1236.0,281,1,0,1,Biker
19,17.0,1142.0,55.0,1236.0,282,1,0,1,Biker
19,17.0,1142.0,55.0,1236.0,283,1,0,1,Biker
19,17.0,1142.0,55.0,1236.0,284,1,0,1,Biker
19,17.0,1142.0,55.0,1236.0,285,1,0,1,Biker
19,17.0,1142.0,55.0,1236.0,286,1,0,1,Biker
19,17.0,1142.0,55.0,1236.0,287,1,0,1,Biker
19,17.0,1142.0,55.0,1236.0,288,1,0,1,Biker
19,17.0,1142.0,55.0,1236.0,289,1,0,1,Biker
19,17.0,1142.0,55.0,1236.0,290,1,0,1,Biker
19,17.0,1142.0,55.0,1236.0,291,1,0,1,Biker
19,17.0,1142.0,55.0,1236.0,292,1,0,1,Biker
19,17.0,1142.0,55.0,1236.0,293,1,0,1,Biker
19,17.0,1142.0,55.0,1236.0,294,1,0,1,Biker
19,17.0,1142.0,55.0,1236.0,295,1,0,1,Biker
19,17.0,1142.0,55.0,1236.0,296,1,0,1,Biker
19,17.0,1142.0,55.0,1236.0,297,1,0,1,Biker
19,17.0,1142.0,55.0,1236.0,298,1,0,1,Biker
19,17.0,1142.0,55.0,1236.0,299,1,0,1,Biker
19,17.0,1142.0,55.0,1236.0,300,1,0,1,Biker
19,17.0,1142.0,55.0,1236.0,301,1,0,1,Biker
19,17.0,1142.0,55.0,1236.0,302,1,0,1,Biker
19,17.0,1142.0,55.0,1236.0,303,1,0,1,Biker
19,17.0,1142.0,55.0,1236.0,304,1,0,1,Biker
19,17.0,1142.0,55.0,1236.0,305,1,0,1,Biker
19,17.0,1142.0,55.0,1236.0,306,1,0,1,Biker
19,17.0,1142.0,55.0,1236.0,307,1,0,1,Biker
19,17.0,1142.0,55.0,1236.0,308,1,0,1,Biker
19,17.0,1142.0,55.0,1236.0,309,1,0,1,Biker
19,17.0,1142.0,55.0,1236.0,310,1,0,1,Biker
19,17.0,1142.0,55.0,1236.0,311,1,0,1,Biker
19,17.0,1142.0,55.0,1236.0,312,1,0,1,Biker
19,17.0,1142.0,55.0,1236.0,313,1,0,1,Biker
19,17.0,1142.0,55.0,1236.0,314,1,0,1,Biker
19,17.0,1142.0,55.0,1236.0,315,1,0,1,Biker
19,17.0,1142.0,55.0,1236.0,316,1,0,1,Biker
19,17.0,1142.0,55.0,1236.0,317,1,0,1,Biker
19,17.0,1142.0,55.0,1236.0,318,1,0,1,Biker
19,17.0,1142.0,55.0,1236.0,319,1,0,1,Biker
19,17.0,1142.0,55.0,1236.0,320,1,0,1,Biker
19,17.0,1142.0,55.0,1236.0,321,1,0,1,Biker
19,17.0,1142.0,55.0,1236.0,322,1,0,1,Biker
19,17.0,1142.0,55.0,1236.0,323,1,0,1,Biker
19,17.0,1142.0,55.0,1236.0,324,1,0,1,Biker
19,17.0,1142.0,55.0,1236.0,325,1,0,1,Biker
19,17.0,1142.0,55.0,1236.0,326,1,0,1,Biker
19,17.0,1142.0,55.0,1236.0,327,1,0,1,Biker
19,17.0,1142.0,55.0,1236.0,328,1,0,1,Biker
19,17.0,1142.0,55.0,1236.0,329,1,0,1,Biker
19,17.0,1142.0,55.0,1236.0,330,1,0,1,Biker
19,17.0,1142.0,55.0,1236.0,331,1,0,1,Biker
19,17.0,1142.0,55.0,1236.0,332,1,0,1,Biker
19,17.0,1142.0,55.0,1236.0,333,1,0,1,Biker
19,17.0,1142.0,55.0,1236.0,334,1,0,1,Biker
19,17.0,1142.0,55.0,1236.0,335,1,0,1,Biker
19,17.0,1142.0,55.0,1236.0,336,1,0,1,Biker
19,17.0,1142.0,55.0,1236.0,337,1,0,1,Biker
19,17.0,1142.0,55.0,1236.0,338,1,0,1,Biker
19,17.0,1142.0,55.0,1236.0,339,1,0,1,Biker
19,17.0,1142.0,55.0,1236.0,340,1,0,1,Biker
19,17.0,1142.0,55.0,1236.0,341,1,0,1,Biker
19,17.0,1142.0,55.0,1236.0,342,1,0,1,Biker
19,17.0,1142.0,55.0,1236.0,343,1,0,1,Biker
19,17.0,1142.0,55.0,1236.0,344,1,0,1,Biker
19,17.0,1142.0,55.0,1236.0,345,1,0,1,Biker
19,17.0,1142.0,55.0,1236.0,346,1,0,1,Biker
19,17.0,1142.0,55.0,1236.0,347,1,0,1,Biker
19,17.0,1142.0,55.0,1236.0,348,1,0,1,Biker
19,17.0,1142.0,55.0,1236.0,349,1,0,1,Biker
19,17.0,1142.0,55.0,1236.0,350,1,0,1,Biker
19,17.0,1142.0,55.0,1236.0,351,1,0,1,Biker
19,17.0,1142.0,55.0,1236.0,352,1,0,1,Biker
19,17.0,1142.0,55.0,1236.0,353,1,0,1,Biker
19,17.0,1142.0,55.0,1236.0,354,1,0,1,Biker
19,17.0,1142.0,55.0,1236.0,355,1,0,1,Biker
19,17.0,1142.0,55.0,1236.0,356,1,0,1,Biker
19,17.0,1142.0,55.0,1236.0,357,1,0,1,Biker
19,17.0,1142.0,55.0,1236.0,358,1,0,1,Biker
19,17.0,1142.0,55.0,1236.0,359,1,0,1,Biker
19,17.0,1142.0,55.0,1236.0,360,1,0,1,Biker
19,17.0,1142.0,55.0,1236.0,361,1,0,1,Biker
19,17.0,1142.0,55.0,1236.0,362,1,0,1,Biker
19,17.0,1142.0,55.0,1236.0,363,0,0,0,Biker
19,19.0,1142.0,57.0,1236.0,364,0,0,1,Biker
19,23.0,1142.0,61.0,1236.0,365,0,0,1,Biker
19,27.0,1142.0,65.0,1236.0,366,0,0,1,Biker
19,31.0,1142.0,69.0,1236.0,367,0,0,1,Biker
19,35.0,1142.0,73.0,1236.0,368,0,0,1,Biker
19,39.0,1142.0,77.0,1236.0,369,0,0,1,Biker
19,43.0,1142.0,81.0,1236.0,370,0,0,1,Biker
19,47.0,1142.0,85.0,1236.0,371,0,0,1,Biker
19,51.0,1142.0,89.0,1236.0,372,0,0,1,Biker
19,55.0,1142.0,93.0,1236.0,373,0,0,1,Biker
19,59.0,1142.0,97.0,1236.0,374,0,0,1,Biker
19,63.0,1142.0,101.0,1236.0,375,0,0,1,Biker
19,67.0,1142.0,105.0,1236.0,376,0,0,1,Biker
19,71.0,1142.0,109.0,1236.0,377,0,0,1,Biker
19,75.0,1142.0,113.0,1236.0,378,0,0,1,Biker
19,79.0,1142.0,117.0,1236.0,379,0,0,1,Biker
19,81.0,1142.0,119.0,1236.0,380,0,0,1,Biker
19,85.0,1142.0,123.0,1236.0,381,0,0,1,Biker
19,89.0,1142.0,127.0,1236.0,382,0,0,1,Biker
19,93.0,1142.0,131.0,1236.0,383,0,0,1,Biker
19,97.0,1142.0,135.0,1236.0,384,0,0,1,Biker
19,101.0,1142.0,139.0,1236.0,385,0,0,1,Biker
19,105.0,1142.0,143.0,1236.0,386,0,0,1,Biker
19,109.0,1142.0,147.0,1236.0,387,0,0,1,Biker
19,113.0,1142.0,151.0,1236.0,388,0,0,1,Biker
19,117.0,1142.0,155.0,1236.0,389,0,0,1,Biker
19,121.0,1142.0,159.0,1236.0,390,0,0,1,Biker
19,125.0,1142.0,163.0,1236.0,391,0,0,1,Biker
19,129.0,1142.0,167.0,1236.0,392,0,0,1,Biker
19,133.0,1142.0,171.0,1236.0,393,0,0,1,Biker
19,137.0,1142.0,175.0,1236.0,394,0,0,1,Biker
19,141.0,1142.0,179.0,1236.0,395,0,0,1,Biker
19,145.0,1142.0,183.0,1236.0,396,0,0,1,Biker
19,147.0,1142.0,185.0,1236.0,397,0,0,1,Biker
19,151.0,1142.0,189.0,1236.0,398,0,0,1,Biker
19,155.0,1142.0,193.0,1236.0,399,0,0,1,Biker
19,159.0,1142.0,197.0,1236.0,400,0,0,1,Biker
19,163.0,1142.0,201.0,1236.0,401,0,0,1,Biker
19,167.0,1142.0,205.0,1236.0,402,0,0,1,Biker
19,171.0,1142.0,209.0,1236.0,403,0,0,1,Biker
19,175.0,1142.0,213.0,1236.0,404,0,0,1,Biker
19,179.0,1142.0,217.0,1236.0,405,0,0,1,Biker
19,183.0,1142.0,221.0,1236.0,406,0,0,1,Biker
19,187.0,1142.0,225.0,1236.0,407,0,0,1,Biker
19,191.0,1142.0,229.0,1236.0,408,0,0,1,Biker
19,195.0,1142.0,233.0,1236.0,409,0,0,1,Biker
19,199.0,1142.0,237.0,1236.0,410,0,0,1,Biker
19,203.0,1142.0,241.0,1236.0,411,0,0,1,Biker
19,207.0,1142.0,245.0,1236.0,412,0,0,1,Biker
19,211.0,1142.0,249.0,1236.0,413,0,0,1,Biker
19,213.0,1142.0,251.0,1236.0,414,0,0,1,Biker
19,217.0,1142.0,255.0,1236.0,415,0,0,1,Biker
19,221.0,1142.0,259.0,1236.0,416,0,0,1,Biker
19,225.0,1142.0,263.0,1236.0,417,0,0,1,Biker
19,229.0,1142.0,267.0,1236.0,418,0,0,1,Biker
19,233.0,1142.0,271.0,1236.0,419,0,0,1,Biker
19,237.0,1142.0,275.0,1236.0,420,0,0,1,Biker
19,241.0,1142.0,279.0,1236.0,421,0,0,1,Biker
19,245.0,1142.0,283.0,1236.0,422,0,0,1,Biker
19,249.0,1142.0,287.0,1236.0,423,0,0,1,Biker
19,253.0,1142.0,291.0,1236.0,424,0,0,1,Biker
19,257.0,1142.0,295.0,1236.0,425,0,0,1,Biker
19,261.0,1142.0,299.0,1236.0,426,0,0,1,Biker
19,265.0,1142.0,303.0,1236.0,427,0,0,1,Biker
19,269.0,1142.0,307.0,1236.0,428,0,0,1,Biker
19,273.0,1142.0,311.0,1236.0,429,0,0,1,Biker
19,277.0,1142.0,315.0,1236.0,430,0,0,0,Biker
20,594.0,599.0,626.0,665.0,0,0,0,0,Biker
20,592.0,599.0,624.0,665.0,1,0,0,1,Biker
20,592.0,604.0,624.0,669.0,2,0,0,1,Biker
20,592.0,608.0,624.0,673.0,3,0,0,1,Biker
20,592.0,612.0,624.0,677.0,4,0,0,1,Biker
20,592.0,616.0,624.0,681.0,5,0,0,1,Biker
20,592.0,616.0,624.0,681.0,6,0,0,1,Biker
20,592.0,620.0,624.0,685.0,7,0,0,1,Biker
20,592.0,624.0,624.0,689.0,8,0,0,1,Biker
20,592.0,628.0,624.0,693.0,9,0,0,1,Biker
20,592.0,632.0,624.0,697.0,10,0,0,1,Biker
20,592.0,632.0,624.0,697.0,11,0,0,1,Biker
20,592.0,636.0,624.0,701.0,12,0,0,1,Biker
20,592.0,640.0,624.0,706.0,13,0,0,1,Biker
20,592.0,644.0,624.0,710.0,14,0,0,1,Biker
20,592.0,648.0,624.0,714.0,15,0,0,1,Biker
20,592.0,648.0,624.0,714.0,16,0,0,1,Biker
20,592.0,653.0,624.0,718.0,17,0,0,1,Biker
20,592.0,657.0,624.0,722.0,18,0,0,1,Biker
20,590.0,661.0,622.0,726.0,19,0,0,1,Biker
20,590.0,665.0,622.0,730.0,20,0,0,1,Biker
20,590.0,665.0,622.0,730.0,21,0,0,1,Biker
20,590.0,669.0,622.0,734.0,22,0,0,1,Biker
20,590.0,673.0,622.0,738.0,23,0,0,1,Biker
20,590.0,677.0,622.0,742.0,24,0,0,1,Biker
20,590.0,681.0,622.0,746.0,25,0,0,1,Biker
20,590.0,681.0,622.0,746.0,26,0,0,1,Biker
20,590.0,685.0,622.0,750.0,27,0,0,1,Biker
20,590.0,689.0,622.0,755.0,28,0,0,1,Biker
20,590.0,693.0,622.0,759.0,29,0,0,1,Biker
20,590.0,697.0,622.0,763.0,30,0,0,1,Biker
20,590.0,697.0,622.0,763.0,31,0,0,1,Biker
20,590.0,701.0,622.0,767.0,32,0,0,1,Biker
20,590.0,706.0,622.0,771.0,33,0,0,1,Biker
20,590.0,710.0,622.0,775.0,34,0,0,1,Biker
20,590.0,714.0,622.0,779.0,35,0,0,1,Biker
20,590.0,714.0,622.0,779.0,36,0,0,1,Biker
20,590.0,718.0,622.0,783.0,37,0,0,1,Biker
20,588.0,722.0,620.0,787.0,38,0,0,1,Biker
20,588.0,726.0,620.0,791.0,39,0,0,1,Biker
20,588.0,730.0,620.0,795.0,40,0,0,1,Biker
20,588.0,730.0,620.0,795.0,41,0,0,1,Biker
20,588.0,734.0,620.0,799.0,42,0,0,1,Biker
20,588.0,738.0,620.0,804.0,43,0,0,1,Biker
20,588.0,742.0,620.0,808.0,44,0,0,1,Biker
20,588.0,746.0,620.0,812.0,45,0,0,1,Biker
20,588.0,746.0,620.0,812.0,46,0,0,1,Biker
20,588.0,750.0,620.0,816.0,47,0,0,1,Biker
20,588.0,755.0,620.0,820.0,48,0,0,1,Biker
20,588.0,759.0,620.0,824.0,49,0,0,1,Biker
20,588.0,763.0,620.0,828.0,50,0,0,1,Biker
20,588.0,763.0,620.0,828.0,51,0,0,1,Biker
20,588.0,767.0,620.0,832.0,52,0,0,1,Biker
20,588.0,771.0,620.0,836.0,53,0,0,1,Biker
20,588.0,775.0,620.0,840.0,54,0,0,1,Biker
20,588.0,779.0,620.0,844.0,55,0,0,1,Biker
20,588.0,783.0,620.0,848.0,56,0,0,0,Biker
20,586.0,783.0,618.0,848.0,57,0,0,1,Biker
20,586.0,787.0,618.0,852.0,58,0,0,1,Biker
20,584.0,787.0,616.0,852.0,59,0,0,1,Biker
20,584.0,791.0,616.0,857.0,60,0,0,1,Biker
20,582.0,795.0,614.0,861.0,61,0,0,1,Biker
20,582.0,795.0,614.0,861.0,62,0,0,1,Biker
20,580.0,799.0,612.0,865.0,63,0,0,1,Biker
20,580.0,804.0,612.0,869.0,64,0,0,1,Biker
20,578.0,804.0,610.0,869.0,65,0,0,1,Biker
20,578.0,808.0,610.0,873.0,66,0,0,1,Biker
20,576.0,812.0,608.0,877.0,67,0,0,1,Biker
20,576.0,812.0,608.0,877.0,68,0,0,1,Biker
20,574.0,816.0,606.0,881.0,69,0,0,1,Biker
20,574.0,820.0,606.0,885.0,70,0,0,1,Biker
20,572.0,820.0,604.0,885.0,71,0,0,1,Biker
20,572.0,824.0,604.0,889.0,72,0,0,1,Biker
20,570.0,824.0,602.0,889.0,73,0,0,1,Biker
20,570.0,828.0,602.0,893.0,74,0,0,1,Biker
20,568.0,832.0,600.0,897.0,75,0,0,1,Biker
20,568.0,832.0,600.0,897.0,76,0,0,1,Biker
20,568.0,836.0,600.0,901.0,77,0,0,1,Biker
20,566.0,840.0,598.0,906.0,78,0,0,1,Biker
20,566.0,840.0,598.0,906.0,79,0,0,1,Biker
20,564.0,844.0,596.0,910.0,80,0,0,1,Biker
20,564.0,848.0,596.0,914.0,81,0,0,1,Biker
20,562.0,848.0,594.0,914.0,82,0,0,1,Biker
20,562.0,852.0,594.0,918.0,83,0,0,1,Biker
20,560.0,857.0,592.0,922.0,84,0,0,1,Biker
20,560.0,857.0,592.0,922.0,85,0,0,1,Biker
20,558.0,861.0,590.0,926.0,86,0,0,1,Biker
20,558.0,861.0,590.0,926.0,87,0,0,1,Biker
20,556.0,865.0,588.0,930.0,88,0,0,1,Biker
20,556.0,869.0,588.0,934.0,89,0,0,1,Biker
20,554.0,869.0,586.0,934.0,90,0,0,1,Biker
20,554.0,873.0,586.0,938.0,91,0,0,1,Biker
20,552.0,877.0,584.0,942.0,92,0,0,1,Biker
20,552.0,877.0,584.0,942.0,93,0,0,1,Biker
20,550.0,881.0,582.0,946.0,94,0,0,1,Biker
20,550.0,885.0,582.0,950.0,95,0,0,1,Biker
20,548.0,885.0,580.0,950.0,96,0,0,1,Biker
20,548.0,889.0,580.0,955.0,97,0,0,1,Biker
20,548.0,893.0,580.0,959.0,98,0,0,0,Biker
20,546.0,893.0,578.0,959.0,99,0,0,1,Biker
20,544.0,897.0,576.0,963.0,100,0,0,1,Biker
20,542.0,901.0,574.0,967.0,101,0,0,1,Biker
20,540.0,901.0,572.0,967.0,102,0,0,1,Biker
20,540.0,906.0,572.0,971.0,103,0,0,1,Biker
20,538.0,910.0,570.0,975.0,104,0,0,1,Biker
20,536.0,914.0,568.0,979.0,105,0,0,1,Biker
20,534.0,914.0,566.0,979.0,106,0,0,1,Biker
20,534.0,918.0,566.0,983.0,107,0,0,1,Biker
20,532.0,922.0,564.0,987.0,108,0,0,1,Biker
20,530.0,926.0,562.0,991.0,109,0,0,1,Biker
20,528.0,926.0,560.0,991.0,110,0,0,1,Biker
20,528.0,930.0,560.0,995.0,111,0,0,1,Biker
20,526.0,934.0,558.0,999.0,112,0,0,1,Biker
20,524.0,938.0,556.0,1003.0,113,0,0,1,Biker
20,522.0,938.0,554.0,1003.0,114,0,0,1,Biker
20,520.0,942.0,552.0,1008.0,115,0,0,1,Biker
20,520.0,946.0,552.0,1012.0,116,0,0,1,Biker
20,518.0,946.0,550.0,1012.0,117,0,0,1,Biker
20,516.0,950.0,548.0,1016.0,118,0,0,1,Biker
20,514.0,955.0,546.0,1020.0,119,0,0,1,Biker
20,514.0,959.0,546.0,1024.0,120,0,0,1,Biker
20,512.0,959.0,544.0,1024.0,121,0,0,1,Biker
20,510.0,963.0,542.0,1028.0,122,0,0,1,Biker
20,508.0,967.0,540.0,1032.0,123,0,0,1,Biker
20,508.0,971.0,540.0,1036.0,124,0,0,1,Biker
20,506.0,971.0,538.0,1036.0,125,0,0,1,Biker
20,504.0,975.0,536.0,1040.0,126,0,0,1,Biker
20,502.0,979.0,534.0,1044.0,127,0,0,1,Biker
20,502.0,983.0,534.0,1048.0,128,0,0,0,Biker
20,498.0,983.0,530.0,1048.0,129,0,0,1,Biker
20,496.0,987.0,528.0,1052.0,130,0,0,1,Biker
20,494.0,987.0,526.0,1052.0,131,0,0,1,Biker
20,492.0,991.0,524.0,1057.0,132,0,0,1,Biker
20,490.0,991.0,522.0,1057.0,133,0,0,1,Biker
20,488.0,995.0,520.0,1061.0,134,0,0,1,Biker
20,486.0,995.0,518.0,1061.0,135,0,0,1,Biker
20,484.0,999.0,516.0,1065.0,136,0,0,1,Biker
20,482.0,999.0,514.0,1065.0,137,0,0,1,Biker
20,480.0,1003.0,512.0,1069.0,138,0,0,1,Biker
20,478.0,1003.0,510.0,1069.0,139,0,0,1,Biker
20,476.0,1008.0,508.0,1073.0,140,0,0,1,Biker
20,472.0,1008.0,504.0,1073.0,141,0,0,1,Biker
20,470.0,1012.0,502.0,1077.0,142,0,0,1,Biker
20,468.0,1012.0,500.0,1077.0,143,0,0,1,Biker
20,466.0,1016.0,498.0,1081.0,144,0,0,1,Biker
20,464.0,1016.0,496.0,1081.0,145,0,0,1,Biker
20,462.0,1020.0,494.0,1085.0,146,0,0,1,Biker
20,460.0,1020.0,492.0,1085.0,147,0,0,1,Biker
20,458.0,1024.0,490.0,1089.0,148,0,0,1,Biker
20,456.0,1024.0,488.0,1089.0,149,0,0,1,Biker
20,454.0,1028.0,486.0,1093.0,150,0,0,1,Biker
20,452.0,1028.0,484.0,1093.0,151,0,0,1,Biker
20,450.0,1032.0,482.0,1097.0,152,0,0,0,Biker
20,446.0,1032.0,478.0,1097.0,153,0,0,1,Biker
20,442.0,1032.0,474.0,1097.0,154,0,0,1,Biker
20,438.0,1036.0,470.0,1101.0,155,0,0,1,Biker
20,436.0,1036.0,468.0,1101.0,156,0,0,1,Biker
20,432.0,1036.0,464.0,1101.0,157,0,0,1,Biker
20,428.0,1040.0,460.0,1106.0,158,0,0,1,Biker
20,426.0,1040.0,458.0,1106.0,159,0,0,1,Biker
20,422.0,1040.0,454.0,1106.0,160,0,0,1,Biker
20,418.0,1044.0,450.0,1110.0,161,0,0,1,Biker
20,416.0,1044.0,448.0,1110.0,162,0,0,1,Biker
20,412.0,1044.0,444.0,1110.0,163,0,0,1,Biker
20,408.0,1048.0,440.0,1114.0,164,0,0,1,Biker
20,406.0,1048.0,438.0,1114.0,165,0,0,1,Biker
20,402.0,1048.0,434.0,1114.0,166,0,0,1,Biker
20,398.0,1052.0,430.0,1118.0,167,0,0,1,Biker
20,394.0,1052.0,426.0,1118.0,168,0,0,1,Biker
20,392.0,1052.0,424.0,1118.0,169,0,0,1,Biker
20,388.0,1057.0,420.0,1122.0,170,0,0,1,Biker
20,384.0,1057.0,416.0,1122.0,171,0,0,1,Biker
20,382.0,1057.0,414.0,1122.0,172,0,0,1,Biker
20,378.0,1061.0,410.0,1126.0,173,0,0,1,Biker
20,374.0,1061.0,406.0,1126.0,174,0,0,1,Biker
20,372.0,1061.0,404.0,1126.0,175,0,0,1,Biker
20,368.0,1065.0,400.0,1130.0,176,0,0,1,Biker
20,364.0,1065.0,396.0,1130.0,177,0,0,1,Biker
20,362.0,1065.0,394.0,1130.0,178,0,0,1,Biker
20,359.0,1069.0,390.0,1134.0,179,0,0,1,Biker
20,355.0,1069.0,386.0,1134.0,180,0,0,1,Biker
20,353.0,1073.0,384.0,1138.0,181,0,0,0,Biker
20,349.0,1073.0,380.0,1138.0,182,0,0,1,Biker
20,345.0,1073.0,376.0,1138.0,183,0,0,1,Biker
20,341.0,1073.0,372.0,1138.0,184,0,0,1,Biker
20,337.0,1073.0,368.0,1138.0,185,0,0,1,Biker
20,333.0,1073.0,364.0,1138.0,186,0,0,1,Biker
20,331.0,1073.0,362.0,1138.0,187,0,0,1,Biker
20,327.0,1073.0,359.0,1138.0,188,0,0,1,Biker
20,323.0,1077.0,355.0,1142.0,189,0,0,1,Biker
20,319.0,1077.0,351.0,1142.0,190,0,0,1,Biker
20,315.0,1077.0,347.0,1142.0,191,0,0,1,Biker
20,311.0,1077.0,343.0,1142.0,192,0,0,1,Biker
20,309.0,1077.0,341.0,1142.0,193,0,0,1,Biker
20,305.0,1077.0,337.0,1142.0,194,0,0,1,Biker
20,301.0,1077.0,333.0,1142.0,195,0,0,1,Biker
20,297.0,1077.0,329.0,1142.0,196,0,0,1,Biker
20,293.0,1081.0,325.0,1146.0,197,0,0,1,Biker
20,289.0,1081.0,321.0,1146.0,198,0,0,1,Biker
20,287.0,1081.0,319.0,1146.0,199,0,0,1,Biker
20,283.0,1081.0,315.0,1146.0,200,0,0,1,Biker
20,279.0,1081.0,311.0,1146.0,201,0,0,1,Biker
20,275.0,1081.0,307.0,1146.0,202,0,0,1,Biker
20,271.0,1081.0,303.0,1146.0,203,0,0,1,Biker
20,267.0,1081.0,299.0,1146.0,204,0,0,1,Biker
20,265.0,1085.0,297.0,1150.0,205,0,0,0,Biker
20,259.0,1085.0,291.0,1150.0,206,0,0,1,Biker
20,255.0,1085.0,287.0,1150.0,207,0,0,1,Biker
20,249.0,1085.0,281.0,1150.0,208,0,0,1,Biker
20,245.0,1085.0,277.0,1150.0,209,0,0,1,Biker
20,241.0,1085.0,273.0,1150.0,210,0,0,1,Biker
20,235.0,1085.0,267.0,1150.0,211,0,0,1,Biker
20,231.0,1085.0,263.0,1150.0,212,0,0,1,Biker
20,227.0,1085.0,259.0,1150.0,213,0,0,1,Biker
20,221.0,1085.0,253.0,1150.0,214,0,0,1,Biker
20,217.0,1085.0,249.0,1150.0,215,0,0,1,Biker
20,213.0,1085.0,245.0,1150.0,216,0,0,1,Biker
20,207.0,1085.0,239.0,1150.0,217,0,0,1,Biker
20,203.0,1085.0,235.0,1150.0,218,0,0,1,Biker
20,197.0,1085.0,229.0,1150.0,219,0,0,1,Biker
20,193.0,1085.0,225.0,1150.0,220,0,0,1,Biker
20,189.0,1085.0,221.0,1150.0,221,0,0,1,Biker
20,183.0,1085.0,215.0,1150.0,222,0,0,1,Biker
20,179.0,1085.0,211.0,1150.0,223,0,0,1,Biker
20,175.0,1085.0,207.0,1150.0,224,0,0,1,Biker
20,169.0,1085.0,201.0,1150.0,225,0,0,1,Biker
20,165.0,1085.0,197.0,1150.0,226,0,0,1,Biker
20,161.0,1089.0,193.0,1154.0,227,0,0,1,Biker
20,155.0,1089.0,187.0,1154.0,228,0,0,1,Biker
20,151.0,1089.0,183.0,1154.0,229,0,0,1,Biker
20,145.0,1089.0,177.0,1154.0,230,0,0,1,Biker
20,141.0,1089.0,173.0,1154.0,231,0,0,1,Biker
20,137.0,1089.0,169.0,1154.0,232,0,0,1,Biker
20,131.0,1089.0,163.0,1154.0,233,0,0,1,Biker
20,127.0,1089.0,159.0,1154.0,234,0,0,1,Biker
20,123.0,1089.0,155.0,1154.0,235,0,0,1,Biker
20,117.0,1089.0,149.0,1154.0,236,0,0,1,Biker
20,113.0,1089.0,145.0,1154.0,237,0,0,1,Biker
20,109.0,1089.0,141.0,1154.0,238,0,0,1,Biker
20,103.0,1089.0,135.0,1154.0,239,0,0,1,Biker
20,99.0,1089.0,131.0,1154.0,240,0,0,1,Biker
20,93.0,1089.0,125.0,1154.0,241,0,0,1,Biker
20,89.0,1089.0,121.0,1154.0,242,0,0,1,Biker
20,85.0,1089.0,117.0,1154.0,243,0,0,1,Biker
20,79.0,1089.0,111.0,1154.0,244,0,0,1,Biker
20,75.0,1089.0,107.0,1154.0,245,0,0,1,Biker
20,71.0,1089.0,103.0,1154.0,246,0,0,1,Biker
20,65.0,1089.0,97.0,1154.0,247,0,0,1,Biker
20,61.0,1089.0,93.0,1154.0,248,0,0,1,Biker
20,57.0,1093.0,89.0,1159.0,249,0,0,0,Biker
20,51.0,1093.0,83.0,1159.0,250,0,0,1,Biker
20,47.0,1093.0,79.0,1159.0,251,0,0,1,Biker
20,43.0,1093.0,75.0,1159.0,252,0,0,1,Biker
20,39.0,1093.0,71.0,1159.0,253,0,0,1,Biker
20,35.0,1093.0,67.0,1159.0,254,0,0,1,Biker
20,31.0,1093.0,63.0,1159.0,255,0,0,1,Biker
20,27.0,1093.0,59.0,1159.0,256,0,0,1,Biker
20,23.0,1093.0,55.0,1159.0,257,0,0,1,Biker
20,19.0,1093.0,51.0,1159.0,258,0,0,1,Biker
20,15.0,1093.0,47.0,1159.0,259,0,0,1,Biker
20,11.0,1093.0,43.0,1159.0,260,0,0,1,Biker
20,7.0,1093.0,39.0,1159.0,261,0,0,1,Biker
20,3.0,1093.0,35.0,1159.0,262,1,0,0,Biker
20,3.0,1093.0,35.0,1159.0,263,1,0,1,Biker
20,3.0,1093.0,35.0,1159.0,264,1,0,1,Biker
20,3.0,1093.0,35.0,1159.0,265,1,0,1,Biker
20,3.0,1093.0,35.0,1159.0,266,1,0,1,Biker
20,3.0,1093.0,35.0,1159.0,267,1,0,1,Biker
20,3.0,1093.0,35.0,1159.0,268,1,0,1,Biker
20,3.0,1093.0,35.0,1159.0,269,1,0,1,Biker
20,3.0,1093.0,35.0,1159.0,270,1,0,1,Biker
20,3.0,1093.0,35.0,1159.0,271,1,0,1,Biker
20,3.0,1093.0,35.0,1159.0,272,1,0,0,Biker
20,5.0,1089.0,37.0,1154.0,273,1,0,1,Biker
20,9.0,1089.0,41.0,1154.0,274,1,0,1,Biker
20,13.0,1089.0,45.0,1154.0,275,1,0,1,Biker
20,15.0,1085.0,47.0,1150.0,276,1,0,1,Biker
20,19.0,1085.0,51.0,1150.0,277,1,0,1,Biker
20,23.0,1085.0,55.0,1150.0,278,1,0,1,Biker
20,27.0,1081.0,59.0,1146.0,279,1,0,1,Biker
20,29.0,1081.0,61.0,1146.0,280,1,0,1,Biker
20,33.0,1081.0,65.0,1146.0,281,1,0,1,Biker
20,37.0,1077.0,69.0,1142.0,282,1,0,1,Biker
20,41.0,1077.0,73.0,1142.0,283,1,0,1,Biker
20,43.0,1077.0,75.0,1142.0,284,1,0,1,Biker
20,47.0,1073.0,79.0,1138.0,285,1,0,1,Biker
20,51.0,1073.0,83.0,1138.0,286,1,0,1,Biker
20,53.0,1073.0,85.0,1138.0,287,1,0,1,Biker
20,57.0,1073.0,89.0,1138.0,288,1,0,1,Biker
20,61.0,1069.0,93.0,1134.0,289,1,0,1,Biker
20,65.0,1069.0,97.0,1134.0,290,1,0,1,Biker
20,67.0,1069.0,99.0,1134.0,291,1,0,1,Biker
20,71.0,1065.0,103.0,1130.0,292,1,0,1,Biker
20,75.0,1065.0,107.0,1130.0,293,1,0,1,Biker
20,79.0,1065.0,111.0,1130.0,294,1,0,1,Biker
20,81.0,1061.0,113.0,1126.0,295,1,0,1,Biker
20,85.0,1061.0,117.0,1126.0,296,1,0,1,Biker
20,89.0,1061.0,121.0,1126.0,297,1,0,1,Biker
20,91.0,1057.0,123.0,1122.0,298,1,0,1,Biker
20,95.0,1057.0,127.0,1122.0,299,1,0,1,Biker
20,99.0,1057.0,131.0,1122.0,300,1,0,1,Biker
20,103.0,1057.0,135.0,1122.0,301,1,0,1,Biker
20,105.0,1052.0,137.0,1118.0,302,1,0,1,Biker
20,109.0,1052.0,141.0,1118.0,303,1,0,1,Biker
20,113.0,1052.0,145.0,1118.0,304,1,0,1,Biker
20,117.0,1048.0,149.0,1114.0,305,1,0,1,Biker
20,119.0,1048.0,151.0,1114.0,306,1,0,1,Biker
20,123.0,1048.0,155.0,1114.0,307,1,0,1,Biker
20,127.0,1044.0,159.0,1110.0,308,1,0,1,Biker
20,129.0,1044.0,161.0,1110.0,309,1,0,1,Biker
20,133.0,1044.0,165.0,1110.0,310,1,0,1,Biker
20,137.0,1040.0,169.0,1106.0,311,1,0,1,Biker
20,141.0,1040.0,173.0,1106.0,312,1,0,1,Biker
20,143.0,1040.0,175.0,1106.0,313,1,0,1,Biker
20,147.0,1036.0,179.0,1101.0,314,1,0,1,Biker
20,151.0,1036.0,183.0,1101.0,315,1,0,1,Biker
20,155.0,1036.0,187.0,1101.0,316,1,0,1,Biker
20,157.0,1036.0,189.0,1101.0,317,1,0,1,Biker
20,161.0,1032.0,193.0,1097.0,318,1,0,1,Biker
20,165.0,1032.0,197.0,1097.0,319,1,0,1,Biker
20,167.0,1032.0,199.0,1097.0,320,1,0,1,Biker
20,171.0,1028.0,203.0,1093.0,321,1,0,1,Biker
20,175.0,1028.0,207.0,1093.0,322,1,0,1,Biker
20,179.0,1028.0,211.0,1093.0,323,1,0,1,Biker
20,181.0,1024.0,213.0,1089.0,324,1,0,1,Biker
20,185.0,1024.0,217.0,1089.0,325,1,0,1,Biker
20,189.0,1024.0,221.0,1089.0,326,1,0,1,Biker
20,193.0,1020.0,225.0,1085.0,327,1,0,1,Biker
20,195.0,1020.0,227.0,1085.0,328,1,0,1,Biker
20,199.0,1020.0,231.0,1085.0,329,1,0,1,Biker
20,203.0,1020.0,235.0,1085.0,330,1,0,1,Biker
20,205.0,1016.0,237.0,1081.0,331,1,0,1,Biker
20,209.0,1016.0,241.0,1081.0,332,1,0,1,Biker
20,213.0,1016.0,245.0,1081.0,333,1,0,1,Biker
20,217.0,1012.0,249.0,1077.0,334,1,0,1,Biker
20,219.0,1012.0,251.0,1077.0,335,1,0,1,Biker
20,223.0,1012.0,255.0,1077.0,336,1,0,1,Biker
20,227.0,1008.0,259.0,1073.0,337,1,0,1,Biker
20,231.0,1008.0,263.0,1073.0,338,1,0,1,Biker
20,233.0,1008.0,265.0,1073.0,339,1,0,1,Biker
20,237.0,1003.0,269.0,1069.0,340,1,0,1,Biker
20,241.0,1003.0,273.0,1069.0,341,1,0,1,Biker
20,243.0,1003.0,275.0,1069.0,342,1,0,1,Biker
20,247.0,999.0,279.0,1065.0,343,1,0,1,Biker
20,251.0,999.0,283.0,1065.0,344,1,0,1,Biker
20,255.0,999.0,287.0,1065.0,345,1,0,1,Biker
20,257.0,999.0,289.0,1065.0,346,1,0,1,Biker
20,261.0,995.0,293.0,1061.0,347,1,0,1,Biker
20,265.0,995.0,297.0,1061.0,348,1,0,1,Biker
20,269.0,995.0,301.0,1061.0,349,1,0,1,Biker
20,271.0,991.0,303.0,1057.0,350,1,0,1,Biker
20,275.0,991.0,307.0,1057.0,351,1,0,1,Biker
20,279.0,991.0,311.0,1057.0,352,1,0,1,Biker
20,281.0,987.0,313.0,1052.0,353,1,0,1,Biker
20,285.0,987.0,317.0,1052.0,354,1,0,1,Biker
20,289.0,987.0,321.0,1052.0,355,1,0,1,Biker
20,293.0,983.0,325.0,1048.0,356,1,0,1,Biker
20,295.0,983.0,327.0,1048.0,357,1,0,1,Biker
20,299.0,983.0,331.0,1048.0,358,1,0,1,Biker
20,303.0,983.0,335.0,1048.0,359,1,0,1,Biker
20,307.0,979.0,339.0,1044.0,360,1,0,1,Biker
20,309.0,979.0,341.0,1044.0,361,1,0,1,Biker
20,313.0,979.0,345.0,1044.0,362,1,0,1,Biker
20,317.0,975.0,349.0,1040.0,363,1,0,1,Biker
20,319.0,975.0,351.0,1040.0,364,1,0,1,Biker
20,323.0,975.0,355.0,1040.0,365,1,0,1,Biker
20,327.0,971.0,359.0,1036.0,366,1,0,1,Biker
20,331.0,971.0,362.0,1036.0,367,1,0,1,Biker
20,333.0,971.0,364.0,1036.0,368,1,0,1,Biker
20,337.0,967.0,368.0,1032.0,369,1,0,1,Biker
20,341.0,967.0,372.0,1032.0,370,1,0,1,Biker
20,345.0,967.0,376.0,1032.0,371,1,0,1,Biker
20,347.0,963.0,378.0,1028.0,372,1,0,1,Biker
20,351.0,963.0,382.0,1028.0,373,1,0,1,Biker
20,355.0,963.0,386.0,1028.0,374,1,0,1,Biker
20,357.0,963.0,388.0,1028.0,375,1,0,1,Biker
20,360.0,959.0,392.0,1024.0,376,1,0,1,Biker
20,364.0,959.0,396.0,1024.0,377,1,0,1,Biker
20,368.0,959.0,400.0,1024.0,378,1,0,1,Biker
20,370.0,955.0,402.0,1020.0,379,1,0,1,Biker
20,374.0,955.0,406.0,1020.0,380,1,0,1,Biker
20,378.0,955.0,410.0,1020.0,381,1,0,1,Biker
20,382.0,950.0,414.0,1016.0,382,1,0,1,Biker
20,384.0,950.0,416.0,1016.0,383,1,0,1,Biker
20,388.0,950.0,420.0,1016.0,384,1,0,1,Biker
20,392.0,946.0,424.0,1012.0,385,1,0,1,Biker
20,394.0,946.0,426.0,1012.0,386,1,0,1,Biker
20,398.0,946.0,430.0,1012.0,387,1,0,1,Biker
20,402.0,946.0,434.0,1012.0,388,1,0,1,Biker
20,406.0,942.0,438.0,1008.0,389,1,0,1,Biker
20,408.0,942.0,440.0,1008.0,390,1,0,1,Biker
20,412.0,942.0,444.0,1008.0,391,1,0,1,Biker
20,416.0,938.0,448.0,1003.0,392,1,0,1,Biker
20,420.0,938.0,452.0,1003.0,393,1,0,1,Biker
20,422.0,938.0,454.0,1003.0,394,1,0,1,Biker
20,426.0,934.0,458.0,999.0,395,1,0,1,Biker
20,430.0,934.0,462.0,999.0,396,1,0,1,Biker
20,432.0,934.0,464.0,999.0,397,1,0,1,Biker
20,436.0,930.0,468.0,995.0,398,1,0,1,Biker
20,440.0,930.0,472.0,995.0,399,1,0,1,Biker
20,444.0,930.0,476.0,995.0,400,1,0,1,Biker
20,446.0,926.0,478.0,991.0,401,1,0,1,Biker
20,450.0,926.0,482.0,991.0,402,1,0,1,Biker
20,454.0,926.0,486.0,991.0,403,1,0,1,Biker
20,458.0,926.0,490.0,991.0,404,1,0,1,Biker
20,460.0,922.0,492.0,987.0,405,1,0,1,Biker
20,464.0,922.0,496.0,987.0,406,1,0,1,Biker
20,468.0,922.0,500.0,987.0,407,1,0,1,Biker
20,470.0,918.0,502.0,983.0,408,1,0,1,Biker
20,474.0,918.0,506.0,983.0,409,1,0,1,Biker
20,478.0,918.0,510.0,983.0,410,1,0,1,Biker
20,482.0,914.0,514.0,979.0,411,1,0,1,Biker
20,484.0,914.0,516.0,979.0,412,1,0,1,Biker
20,488.0,914.0,520.0,979.0,413,1,0,1,Biker
20,492.0,910.0,524.0,975.0,414,1,0,1,Biker
20,496.0,910.0,528.0,975.0,415,1,0,1,Biker
20,498.0,910.0,530.0,975.0,416,1,0,1,Biker
20,502.0,910.0,534.0,975.0,417,1,0,1,Biker
20,506.0,906.0,538.0,971.0,418,1,0,1,Biker
20,508.0,906.0,540.0,971.0,419,1,0,1,Biker
20,512.0,906.0,544.0,971.0,420,1,0,1,Biker
20,516.0,901.0,548.0,967.0,421,1,0,1,Biker
20,520.0,901.0,552.0,967.0,422,1,0,1,Biker
20,522.0,901.0,554.0,967.0,423,1,0,1,Biker
20,526.0,897.0,558.0,963.0,424,1,0,1,Biker
20,530.0,897.0,562.0,963.0,425,1,0,1,Biker
20,534.0,897.0,566.0,963.0,426,1,0,1,Biker
20,536.0,893.0,568.0,959.0,427,1,0,1,Biker
20,540.0,893.0,572.0,959.0,428,1,0,1,Biker
20,544.0,893.0,576.0,959.0,429,1,0,1,Biker
20,548.0,893.0,580.0,959.0,430,0,0,0,Biker
21,737.0,359.0,789.0,404.0,0,1,0,0,Biker
21,735.0,359.0,787.0,404.0,1,1,0,1,Biker
21,733.0,363.0,785.0,408.0,2,1,0,1,Biker
21,731.0,367.0,783.0,412.0,3,1,0,1,Biker
21,729.0,371.0,781.0,416.0,4,1,0,1,Biker
21,727.0,375.0,779.0,420.0,5,1,0,1,Biker
21,725.0,379.0,777.0,424.0,6,1,0,1,Biker
21,723.0,383.0,775.0,428.0,7,1,0,1,Biker
21,721.0,387.0,773.0,432.0,8,1,0,1,Biker
21,719.0,391.0,771.0,436.0,9,1,0,1,Biker
21,718.0,395.0,769.0,440.0,10,1,0,1,Biker
21,716.0,399.0,767.0,444.0,11,1,0,1,Biker
21,714.0,404.0,765.0,448.0,12,1,0,1,Biker
21,714.0,408.0,765.0,453.0,13,1,0,1,Biker
21,712.0,412.0,763.0,457.0,14,1,0,1,Biker
21,710.0,416.0,761.0,461.0,15,1,0,1,Biker
21,708.0,420.0,759.0,465.0,16,1,0,1,Biker
21,706.0,424.0,757.0,469.0,17,1,0,1,Biker
21,704.0,428.0,755.0,473.0,18,1,0,1,Biker
21,702.0,432.0,753.0,477.0,19,1,0,1,Biker
21,700.0,436.0,751.0,481.0,20,1,0,1,Biker
21,698.0,440.0,749.0,485.0,21,1,0,1,Biker
21,696.0,444.0,747.0,489.0,22,1,0,1,Biker
21,694.0,448.0,745.0,493.0,23,1,0,1,Biker
21,692.0,453.0,743.0,497.0,24,1,0,1,Biker
21,690.0,457.0,741.0,501.0,25,1,0,1,Biker
21,690.0,461.0,741.0,506.0,26,1,0,1,Biker
21,688.0,465.0,739.0,510.0,27,1,0,1,Biker
21,686.0,469.0,737.0,514.0,28,1,0,1,Biker
21,684.0,473.0,735.0,518.0,29,1,0,1,Biker
21,682.0,477.0,733.0,522.0,30,1,0,1,Biker
21,680.0,481.0,731.0,526.0,31,1,0,1,Biker
21,678.0,485.0,729.0,530.0,32,1,0,1,Biker
21,676.0,485.0,727.0,530.0,33,1,0,1,Biker
21,674.0,489.0,725.0,534.0,34,1,0,1,Biker
21,672.0,493.0,723.0,538.0,35,1,0,1,Biker
21,670.0,497.0,721.0,542.0,36,1,0,1,Biker
21,668.0,501.0,719.0,546.0,37,1,0,1,Biker
21,666.0,506.0,718.0,550.0,38,1,0,1,Biker
21,666.0,510.0,718.0,555.0,39,1,0,1,Biker
21,664.0,514.0,716.0,559.0,40,1,0,1,Biker
21,662.0,518.0,714.0,563.0,41,1,0,1,Biker
21,660.0,522.0,712.0,567.0,42,1,0,1,Biker
21,658.0,526.0,710.0,571.0,43,1,0,1,Biker
21,656.0,530.0,708.0,575.0,44,1,0,1,Biker
21,654.0,534.0,706.0,579.0,45,1,0,1,Biker
21,652.0,538.0,704.0,583.0,46,1,0,1,Biker
21,650.0,542.0,702.0,587.0,47,1,0,1,Biker
21,648.0,546.0,700.0,591.0,48,1,0,1,Biker
21,646.0,550.0,698.0,595.0,49,1,0,1,Biker
21,644.0,555.0,696.0,599.0,50,1,0,1,Biker
21,642.0,559.0,694.0,604.0,51,1,0,1,Biker
21,642.0,563.0,694.0,608.0,52,1,0,1,Biker
21,640.0,567.0,692.0,612.0,53,1,0,1,Biker
21,638.0,571.0,690.0,616.0,54,1,0,1,Biker
21,636.0,575.0,688.0,620.0,55,1,0,1,Biker
21,634.0,579.0,686.0,624.0,56,1,0,1,Biker
21,632.0,583.0,684.0,628.0,57,1,0,1,Biker
21,630.0,587.0,682.0,632.0,58,1,0,1,Biker
21,628.0,591.0,680.0,636.0,59,1,0,1,Biker
21,626.0,595.0,678.0,640.0,60,1,0,1,Biker
21,624.0,599.0,676.0,644.0,61,1,0,1,Biker
21,622.0,604.0,674.0,648.0,62,1,0,1,Biker
21,620.0,608.0,672.0,653.0,63,1,0,1,Biker
21,620.0,612.0,672.0,657.0,64,0,0,0,Biker
21,618.0,616.0,670.0,661.0,65,0,0,1,Biker
21,616.0,620.0,668.0,665.0,66,0,0,1,Biker
21,616.0,624.0,668.0,669.0,67,0,0,1,Biker
21,614.0,628.0,666.0,673.0,68,0,0,1,Biker
21,614.0,632.0,666.0,677.0,69,0,0,1,Biker
21,612.0,636.0,664.0,681.0,70,0,0,1,Biker
21,610.0,640.0,662.0,685.0,71,0,0,1,Biker
21,610.0,644.0,662.0,689.0,72,0,0,1,Biker
21,608.0,648.0,660.0,693.0,73,0,0,1,Biker
21,608.0,653.0,660.0,697.0,74,0,0,1,Biker
21,606.0,657.0,658.0,701.0,75,0,0,1,Biker
21,606.0,661.0,658.0,706.0,76,0,0,1,Biker
21,604.0,665.0,656.0,710.0,77,0,0,1,Biker
21,602.0,669.0,654.0,714.0,78,0,0,1,Biker
21,602.0,673.0,654.0,718.0,79,0,0,1,Biker
21,600.0,677.0,652.0,722.0,80,0,0,1,Biker
21,600.0,681.0,652.0,726.0,81,0,0,1,Biker
21,598.0,685.0,650.0,730.0,82,0,0,1,Biker
21,598.0,689.0,650.0,734.0,83,0,0,1,Biker
21,596.0,693.0,648.0,738.0,84,0,0,1,Biker
21,594.0,697.0,646.0,742.0,85,0,0,1,Biker
21,594.0,701.0,646.0,746.0,86,0,0,1,Biker
21,592.0,706.0,644.0,750.0,87,0,0,1,Biker
21,592.0,710.0,644.0,755.0,88,0,0,1,Biker
21,590.0,714.0,642.0,759.0,89,0,0,1,Biker
21,590.0,718.0,642.0,763.0,90,0,0,1,Biker
21,588.0,722.0,640.0,767.0,91,0,0,1,Biker
21,586.0,726.0,638.0,771.0,92,0,0,1,Biker
21,586.0,730.0,638.0,775.0,93,0,0,1,Biker
21,584.0,734.0,636.0,779.0,94,0,0,1,Biker
21,584.0,738.0,636.0,783.0,95,0,0,1,Biker
21,582.0,742.0,634.0,787.0,96,0,0,1,Biker
21,580.0,746.0,632.0,791.0,97,0,0,1,Biker
21,580.0,750.0,632.0,795.0,98,0,0,1,Biker
21,578.0,755.0,630.0,799.0,99,0,0,1,Biker
21,578.0,759.0,630.0,804.0,100,0,0,1,Biker
21,576.0,763.0,628.0,808.0,101,0,0,1,Biker
21,576.0,767.0,628.0,812.0,102,0,0,1,Biker
21,574.0,771.0,626.0,816.0,103,0,0,1,Biker
21,572.0,775.0,624.0,820.0,104,0,0,1,Biker
21,572.0,779.0,624.0,824.0,105,0,0,1,Biker
21,570.0,783.0,622.0,828.0,106,0,0,1,Biker
21,570.0,787.0,622.0,832.0,107,0,0,1,Biker
21,568.0,791.0,620.0,836.0,108,0,0,1,Biker
21,568.0,795.0,620.0,840.0,109,0,0,1,Biker
21,566.0,799.0,618.0,844.0,110,0,0,1,Biker
21,564.0,804.0,616.0,848.0,111,0,0,1,Biker
21,564.0,808.0,616.0,852.0,112,0,0,1,Biker
21,562.0,812.0,614.0,857.0,113,0,0,1,Biker
21,562.0,816.0,614.0,861.0,114,0,0,1,Biker
21,560.0,820.0,612.0,865.0,115,0,0,1,Biker
21,560.0,828.0,612.0,873.0,116,0,0,0,Biker
21,558.0,828.0,610.0,873.0,117,0,0,1,Biker
21,556.0,832.0,608.0,877.0,118,0,0,1,Biker
21,554.0,836.0,606.0,881.0,119,0,0,1,Biker
21,552.0,840.0,604.0,885.0,120,0,0,1,Biker
21,552.0,844.0,604.0,889.0,121,0,0,1,Biker
21,550.0,848.0,602.0,893.0,122,0,0,1,Biker
21,548.0,852.0,600.0,897.0,123,0,0,1,Biker
21,546.0,857.0,598.0,901.0,124,0,0,1,Biker
21,546.0,861.0,598.0,906.0,125,0,0,1,Biker
21,544.0,865.0,596.0,910.0,126,0,0,1,Biker
21,542.0,869.0,594.0,914.0,127,0,0,1,Biker
21,540.0,869.0,592.0,914.0,128,0,0,1,Biker
21,538.0,873.0,590.0,918.0,129,0,0,1,Biker
21,538.0,877.0,590.0,922.0,130,0,0,1,Biker
21,536.0,881.0,588.0,926.0,131,0,0,1,Biker
21,534.0,885.0,586.0,930.0,132,0,0,1,Biker
21,532.0,889.0,584.0,934.0,133,0,0,1,Biker
21,532.0,893.0,584.0,938.0,134,0,0,1,Biker
21,530.0,897.0,582.0,942.0,135,0,0,1,Biker
21,528.0,901.0,580.0,946.0,136,0,0,1,Biker
21,526.0,906.0,578.0,950.0,137,0,0,1,Biker
21,524.0,910.0,576.0,955.0,138,0,0,1,Biker
21,524.0,914.0,576.0,959.0,139,0,0,1,Biker
21,522.0,914.0,574.0,959.0,140,0,0,1,Biker
21,520.0,918.0,572.0,963.0,141,0,0,1,Biker
21,518.0,922.0,570.0,967.0,142,0,0,1,Biker
21,518.0,926.0,570.0,971.0,143,0,0,1,Biker
21,516.0,930.0,568.0,975.0,144,0,0,1,Biker
21,514.0,934.0,566.0,979.0,145,0,0,1,Biker
21,512.0,938.0,564.0,983.0,146,0,0,1,Biker
21,510.0,942.0,562.0,987.0,147,0,0,1,Biker
21,510.0,946.0,562.0,991.0,148,0,0,1,Biker
21,508.0,950.0,560.0,995.0,149,0,0,1,Biker
21,506.0,955.0,558.0,999.0,150,0,0,1,Biker
21,504.0,955.0,556.0,999.0,151,0,0,1,Biker
21,504.0,959.0,556.0,1003.0,152,0,0,1,Biker
21,502.0,963.0,554.0,1008.0,153,0,0,1,Biker
21,500.0,967.0,552.0,1012.0,154,0,0,1,Biker
21,498.0,971.0,550.0,1016.0,155,0,0,1,Biker
21,496.0,975.0,548.0,1020.0,156,0,0,1,Biker
21,496.0,979.0,548.0,1024.0,157,0,0,1,Biker
21,494.0,983.0,546.0,1028.0,158,0,0,1,Biker
21,492.0,987.0,544.0,1032.0,159,0,0,1,Biker
21,490.0,991.0,542.0,1036.0,160,0,0,1,Biker
21,490.0,995.0,542.0,1040.0,161,0,0,1,Biker
21,488.0,999.0,540.0,1044.0,162,0,0,1,Biker
21,486.0,999.0,538.0,1044.0,163,0,0,1,Biker
21,484.0,1003.0,536.0,1048.0,164,0,0,1,Biker
21,482.0,1008.0,534.0,1052.0,165,0,0,1,Biker
21,482.0,1012.0,534.0,1057.0,166,0,0,1,Biker
21,480.0,1016.0,532.0,1061.0,167,0,0,1,Biker
21,478.0,1020.0,530.0,1065.0,168,0,0,1,Biker
21,476.0,1024.0,528.0,1069.0,169,0,0,1,Biker
21,476.0,1028.0,528.0,1073.0,170,0,0,1,Biker
21,474.0,1032.0,526.0,1077.0,171,0,0,1,Biker
21,472.0,1036.0,524.0,1081.0,172,0,0,1,Biker
21,470.0,1040.0,522.0,1085.0,173,0,0,1,Biker
21,470.0,1044.0,522.0,1089.0,174,0,0,0,Biker
21,466.0,1044.0,518.0,1089.0,175,0,0,1,Biker
21,462.0,1044.0,514.0,1089.0,176,0,0,1,Biker
21,458.0,1048.0,510.0,1093.0,177,0,0,1,Biker
21,454.0,1048.0,506.0,1093.0,178,0,0,1,Biker
21,450.0,1048.0,502.0,1093.0,179,0,0,1,Biker
21,446.0,1052.0,498.0,1097.0,180,0,0,1,Biker
21,442.0,1052.0,494.0,1097.0,181,0,0,1,Biker
21,438.0,1052.0,490.0,1097.0,182,0,0,1,Biker
21,436.0,1057.0,488.0,1101.0,183,0,0,1,Biker
21,432.0,1057.0,484.0,1101.0,184,0,0,1,Biker
21,428.0,1057.0,480.0,1101.0,185,0,0,1,Biker
21,424.0,1061.0,476.0,1106.0,186,0,0,1,Biker
21,420.0,1061.0,472.0,1106.0,187,0,0,1,Biker
21,416.0,1061.0,468.0,1106.0,188,0,0,1,Biker
21,412.0,1065.0,464.0,1110.0,189,0,0,1,Biker
21,408.0,1065.0,460.0,1110.0,190,0,0,1,Biker
21,404.0,1065.0,456.0,1110.0,191,0,0,1,Biker
21,402.0,1069.0,454.0,1114.0,192,0,0,1,Biker
21,398.0,1069.0,450.0,1114.0,193,0,0,1,Biker
21,394.0,1069.0,446.0,1114.0,194,0,0,1,Biker
21,390.0,1073.0,442.0,1118.0,195,0,0,1,Biker
21,386.0,1073.0,438.0,1118.0,196,0,0,1,Biker
21,382.0,1073.0,434.0,1118.0,197,0,0,1,Biker
21,378.0,1077.0,430.0,1122.0,198,0,0,1,Biker
21,374.0,1077.0,426.0,1122.0,199,0,0,1,Biker
21,372.0,1081.0,424.0,1126.0,200,0,0,0,Biker
21,366.0,1081.0,418.0,1126.0,201,0,0,1,Biker
21,362.0,1081.0,414.0,1126.0,202,0,0,1,Biker
21,359.0,1081.0,410.0,1126.0,203,0,0,1,Biker
21,355.0,1081.0,406.0,1126.0,204,0,0,1,Biker
21,351.0,1081.0,402.0,1126.0,205,0,0,1,Biker
21,347.0,1081.0,398.0,1126.0,206,0,0,1,Biker
21,343.0,1081.0,394.0,1126.0,207,0,0,1,Biker
21,339.0,1081.0,390.0,1126.0,208,0,0,1,Biker
21,333.0,1081.0,384.0,1126.0,209,0,0,1,Biker
21,329.0,1081.0,380.0,1126.0,210,0,0,1,Biker
21,325.0,1081.0,376.0,1126.0,211,0,0,1,Biker
21,321.0,1081.0,372.0,1126.0,212,0,0,1,Biker
21,317.0,1081.0,368.0,1126.0,213,0,0,1,Biker
21,313.0,1081.0,364.0,1126.0,214,0,0,1,Biker
21,309.0,1081.0,360.0,1126.0,215,0,0,1,Biker
21,305.0,1081.0,357.0,1126.0,216,0,0,1,Biker
21,299.0,1081.0,351.0,1126.0,217,0,0,1,Biker
21,295.0,1081.0,347.0,1126.0,218,0,0,1,Biker
21,291.0,1081.0,343.0,1126.0,219,0,0,1,Biker
21,287.0,1081.0,339.0,1126.0,220,0,0,1,Biker
21,283.0,1081.0,335.0,1126.0,221,0,0,1,Biker
21,279.0,1081.0,331.0,1126.0,222,0,0,1,Biker
21,275.0,1081.0,327.0,1126.0,223,0,0,1,Biker
21,271.0,1081.0,323.0,1126.0,224,0,0,1,Biker
21,265.0,1081.0,317.0,1126.0,225,0,0,1,Biker
21,261.0,1081.0,313.0,1126.0,226,0,0,1,Biker
21,257.0,1081.0,309.0,1126.0,227,0,0,1,Biker
21,253.0,1081.0,305.0,1126.0,228,0,0,1,Biker
21,249.0,1081.0,301.0,1126.0,229,0,0,1,Biker
21,245.0,1081.0,297.0,1126.0,230,0,0,1,Biker
21,241.0,1081.0,293.0,1126.0,231,0,0,1,Biker
21,237.0,1081.0,289.0,1126.0,232,0,0,1,Biker
21,231.0,1081.0,283.0,1126.0,233,0,0,1,Biker
21,227.0,1081.0,279.0,1126.0,234,0,0,1,Biker
21,223.0,1081.0,275.0,1126.0,235,0,0,1,Biker
21,219.0,1081.0,271.0,1126.0,236,0,0,1,Biker
21,215.0,1081.0,267.0,1126.0,237,0,0,1,Biker
21,211.0,1081.0,263.0,1126.0,238,0,0,1,Biker
21,207.0,1081.0,259.0,1126.0,239,0,0,1,Biker
21,203.0,1081.0,255.0,1126.0,240,0,0,1,Biker
21,197.0,1081.0,249.0,1126.0,241,0,0,1,Biker
21,193.0,1081.0,245.0,1126.0,242,0,0,1,Biker
21,189.0,1081.0,241.0,1126.0,243,0,0,1,Biker
21,185.0,1081.0,237.0,1126.0,244,0,0,1,Biker
21,181.0,1081.0,233.0,1126.0,245,0,0,1,Biker
21,177.0,1081.0,229.0,1126.0,246,0,0,1,Biker
21,173.0,1081.0,225.0,1126.0,247,0,0,1,Biker
21,169.0,1081.0,221.0,1126.0,248,0,0,1,Biker
21,163.0,1081.0,215.0,1126.0,249,0,0,1,Biker
21,159.0,1081.0,211.0,1126.0,250,0,0,1,Biker
21,155.0,1081.0,207.0,1126.0,251,0,0,1,Biker
21,151.0,1081.0,203.0,1126.0,252,0,0,1,Biker
21,147.0,1081.0,199.0,1126.0,253,0,0,1,Biker
21,143.0,1081.0,195.0,1126.0,254,0,0,1,Biker
21,139.0,1081.0,191.0,1126.0,255,0,0,1,Biker
21,135.0,1081.0,187.0,1126.0,256,0,0,1,Biker
21,129.0,1081.0,181.0,1126.0,257,0,0,1,Biker
21,125.0,1081.0,177.0,1126.0,258,0,0,1,Biker
21,121.0,1081.0,173.0,1126.0,259,0,0,1,Biker
21,117.0,1081.0,169.0,1126.0,260,0,0,1,Biker
21,113.0,1081.0,165.0,1126.0,261,0,0,1,Biker
21,109.0,1081.0,161.0,1126.0,262,0,0,1,Biker
21,105.0,1081.0,157.0,1126.0,263,0,0,1,Biker
21,101.0,1085.0,153.0,1130.0,264,0,0,0,Biker
21,97.0,1085.0,149.0,1130.0,265,0,0,1,Biker
21,93.0,1085.0,145.0,1130.0,266,0,0,1,Biker
21,91.0,1085.0,141.0,1130.0,267,0,0,1,Biker
21,87.0,1085.0,139.0,1130.0,268,0,0,1,Biker
21,85.0,1085.0,135.0,1130.0,269,0,0,1,Biker
21,81.0,1085.0,131.0,1130.0,270,0,0,1,Biker
21,79.0,1089.0,127.0,1134.0,271,0,0,1,Biker
21,75.0,1089.0,125.0,1134.0,272,0,0,1,Biker
21,73.0,1089.0,121.0,1134.0,273,0,0,1,Biker
21,69.0,1089.0,117.0,1134.0,274,0,0,1,Biker
21,67.0,1089.0,115.0,1134.0,275,0,0,1,Biker
21,63.0,1089.0,111.0,1134.0,276,0,0,1,Biker
21,59.0,1089.0,107.0,1134.0,277,0,0,1,Biker
21,57.0,1093.0,103.0,1138.0,278,0,0,1,Biker
21,53.0,1093.0,101.0,1138.0,279,0,0,1,Biker
21,51.0,1093.0,97.0,1138.0,280,0,0,1,Biker
21,47.0,1093.0,93.0,1138.0,281,0,0,1,Biker
21,45.0,1093.0,89.0,1138.0,282,0,0,1,Biker
21,41.0,1093.0,87.0,1138.0,283,0,0,1,Biker
21,39.0,1097.0,83.0,1142.0,284,0,0,1,Biker
21,35.0,1097.0,79.0,1142.0,285,0,0,1,Biker
21,33.0,1097.0,77.0,1142.0,286,0,0,1,Biker
21,29.0,1097.0,73.0,1142.0,287,0,0,1,Biker
21,25.0,1097.0,69.0,1142.0,288,0,0,1,Biker
21,23.0,1097.0,65.0,1142.0,289,0,0,1,Biker
21,19.0,1097.0,63.0,1142.0,290,0,0,1,Biker
21,17.0,1101.0,59.0,1146.0,291,0,0,1,Biker
21,13.0,1101.0,55.0,1146.0,292,0,0,1,Biker
21,11.0,1101.0,51.0,1146.0,293,0,0,1,Biker
21,7.0,1101.0,49.0,1146.0,294,0,0,1,Biker
21,5.0,1101.0,45.0,1146.0,295,0,0,1,Biker
21,1.0,1101.0,41.0,1146.0,296,0,0,1,Biker
21,0.0,1106.0,39.0,1150.0,297,1,0,0,Biker
21,0.0,1106.0,39.0,1150.0,298,1,0,1,Biker
21,0.0,1106.0,39.0,1150.0,299,1,0,1,Biker
21,0.0,1106.0,39.0,1150.0,300,1,0,1,Biker
21,0.0,1106.0,39.0,1150.0,301,1,0,1,Biker
21,0.0,1106.0,39.0,1150.0,302,1,0,1,Biker
21,0.0,1106.0,39.0,1150.0,303,1,0,1,Biker
21,0.0,1106.0,39.0,1150.0,304,1,0,1,Biker
21,0.0,1106.0,39.0,1150.0,305,1,0,1,Biker
21,0.0,1106.0,39.0,1150.0,306,1,0,1,Biker
21,0.0,1106.0,39.0,1150.0,307,1,0,1,Biker
21,0.0,1106.0,39.0,1150.0,308,1,0,0,Biker
21,0.0,1106.0,39.0,1150.0,309,1,0,1,Biker
21,0.0,1106.0,39.0,1150.0,310,1,0,1,Biker
21,0.0,1106.0,39.0,1150.0,311,1,0,1,Biker
21,0.0,1106.0,39.0,1150.0,312,1,0,1,Biker
21,0.0,1106.0,39.0,1150.0,313,1,0,1,Biker
21,0.0,1106.0,39.0,1150.0,314,1,0,1,Biker
21,0.0,1106.0,39.0,1150.0,315,1,0,1,Biker
21,0.0,1106.0,39.0,1150.0,316,1,0,1,Biker
21,0.0,1106.0,39.0,1150.0,317,1,0,1,Biker
21,0.0,1106.0,39.0,1150.0,318,1,0,1,Biker
21,0.0,1106.0,39.0,1150.0,319,1,0,0,Biker
21,0.0,1106.0,39.0,1150.0,320,1,0,1,Biker
21,0.0,1106.0,39.0,1150.0,321,1,0,1,Biker
21,0.0,1106.0,39.0,1150.0,322,1,0,1,Biker
21,0.0,1106.0,39.0,1150.0,323,1,0,1,Biker
21,0.0,1106.0,39.0,1150.0,324,1,0,1,Biker
21,0.0,1106.0,39.0,1150.0,325,1,0,1,Biker
21,0.0,1106.0,39.0,1150.0,326,1,0,1,Biker
21,0.0,1106.0,39.0,1150.0,327,1,0,1,Biker
21,0.0,1106.0,39.0,1150.0,328,1,0,1,Biker
21,0.0,1106.0,39.0,1150.0,329,1,0,1,Biker
21,0.0,1106.0,39.0,1150.0,330,1,0,1,Biker
21,0.0,1106.0,39.0,1150.0,331,1,0,1,Biker
21,0.0,1106.0,39.0,1150.0,332,1,0,1,Biker
21,0.0,1106.0,39.0,1150.0,333,1,0,1,Biker
21,0.0,1106.0,39.0,1150.0,334,1,0,1,Biker
21,0.0,1106.0,39.0,1150.0,335,1,0,1,Biker
21,0.0,1106.0,39.0,1150.0,336,1,0,1,Biker
21,0.0,1106.0,39.0,1150.0,337,1,0,1,Biker
21,0.0,1106.0,39.0,1150.0,338,1,0,1,Biker
21,0.0,1106.0,39.0,1150.0,339,1,0,1,Biker
21,0.0,1106.0,39.0,1150.0,340,1,0,1,Biker
21,0.0,1106.0,39.0,1150.0,341,1,0,1,Biker
21,0.0,1106.0,39.0,1150.0,342,1,0,1,Biker
21,0.0,1106.0,39.0,1150.0,343,1,0,1,Biker
21,0.0,1106.0,39.0,1150.0,344,1,0,1,Biker
21,0.0,1106.0,39.0,1150.0,345,1,0,1,Biker
21,0.0,1106.0,39.0,1150.0,346,1,0,1,Biker
21,0.0,1106.0,39.0,1150.0,347,1,0,1,Biker
21,0.0,1106.0,39.0,1150.0,348,1,0,1,Biker
21,0.0,1106.0,39.0,1150.0,349,1,0,1,Biker
21,0.0,1106.0,39.0,1150.0,350,1,0,1,Biker
21,0.0,1106.0,39.0,1150.0,351,1,0,1,Biker
21,0.0,1106.0,39.0,1150.0,352,1,0,1,Biker
21,0.0,1106.0,39.0,1150.0,353,1,0,1,Biker
21,0.0,1106.0,39.0,1150.0,354,1,0,1,Biker
21,0.0,1106.0,39.0,1150.0,355,1,0,1,Biker
21,0.0,1106.0,39.0,1150.0,356,1,0,1,Biker
21,0.0,1106.0,39.0,1150.0,357,1,0,1,Biker
21,0.0,1106.0,39.0,1150.0,358,1,0,1,Biker
21,0.0,1106.0,39.0,1150.0,359,1,0,1,Biker
21,0.0,1106.0,39.0,1150.0,360,1,0,1,Biker
21,0.0,1106.0,39.0,1150.0,361,1,0,1,Biker
21,0.0,1106.0,39.0,1150.0,362,1,0,1,Biker
21,0.0,1106.0,39.0,1150.0,363,1,0,1,Biker
21,0.0,1106.0,39.0,1150.0,364,1,0,1,Biker
21,0.0,1106.0,39.0,1150.0,365,1,0,1,Biker
21,0.0,1106.0,39.0,1150.0,366,1,0,1,Biker
21,0.0,1106.0,39.0,1150.0,367,1,0,1,Biker
21,0.0,1106.0,39.0,1150.0,368,1,0,1,Biker
21,0.0,1106.0,39.0,1150.0,369,1,0,1,Biker
21,0.0,1106.0,39.0,1150.0,370,1,0,1,Biker
21,0.0,1106.0,39.0,1150.0,371,1,0,1,Biker
21,0.0,1106.0,39.0,1150.0,372,1,0,1,Biker
21,0.0,1106.0,39.0,1150.0,373,1,0,1,Biker
21,0.0,1106.0,39.0,1150.0,374,1,0,1,Biker
21,0.0,1106.0,39.0,1150.0,375,1,0,1,Biker
21,0.0,1106.0,39.0,1150.0,376,1,0,1,Biker
21,0.0,1106.0,39.0,1150.0,377,1,0,1,Biker
21,0.0,1106.0,39.0,1150.0,378,1,0,1,Biker
21,0.0,1106.0,39.0,1150.0,379,1,0,1,Biker
21,0.0,1106.0,39.0,1150.0,380,1,0,1,Biker
21,0.0,1106.0,39.0,1150.0,381,1,0,1,Biker
21,0.0,1106.0,39.0,1150.0,382,1,0,1,Biker
21,0.0,1106.0,39.0,1150.0,383,1,0,1,Biker
21,0.0,1106.0,39.0,1150.0,384,1,0,1,Biker
21,0.0,1106.0,39.0,1150.0,385,1,0,1,Biker
21,0.0,1106.0,39.0,1150.0,386,1,0,1,Biker
21,0.0,1106.0,39.0,1150.0,387,1,0,1,Biker
21,0.0,1106.0,39.0,1150.0,388,1,0,1,Biker
21,0.0,1106.0,39.0,1150.0,389,1,0,1,Biker
21,0.0,1106.0,39.0,1150.0,390,1,0,1,Biker
21,0.0,1106.0,39.0,1150.0,391,1,0,0,Biker
21,17.0,1089.0,57.0,1138.0,392,1,0,1,Biker
21,37.0,1077.0,77.0,1126.0,393,1,0,1,Biker
21,55.0,1065.0,97.0,1114.0,394,1,0,1,Biker
21,75.0,1052.0,115.0,1101.0,395,1,0,1,Biker
21,93.0,1040.0,135.0,1089.0,396,1,0,1,Biker
21,113.0,1028.0,155.0,1077.0,397,1,0,1,Biker
21,131.0,1016.0,173.0,1065.0,398,1,0,1,Biker
21,151.0,1003.0,193.0,1052.0,399,1,0,1,Biker
21,169.0,991.0,213.0,1040.0,400,1,0,1,Biker
21,189.0,975.0,231.0,1032.0,401,1,0,1,Biker
21,207.0,963.0,251.0,1020.0,402,1,0,1,Biker
21,227.0,950.0,271.0,1008.0,403,1,0,1,Biker
21,247.0,938.0,289.0,995.0,404,1,0,1,Biker
21,265.0,926.0,309.0,983.0,405,1,0,1,Biker
21,285.0,914.0,329.0,971.0,406,1,0,1,Biker
21,303.0,901.0,347.0,959.0,407,1,0,1,Biker
21,323.0,889.0,366.0,946.0,408,1,0,1,Biker
21,341.0,877.0,386.0,934.0,409,1,0,1,Biker
21,360.0,865.0,404.0,922.0,410,1,0,1,Biker
21,378.0,848.0,424.0,914.0,411,1,0,1,Biker
21,398.0,836.0,444.0,901.0,412,1,0,1,Biker
21,416.0,824.0,462.0,889.0,413,1,0,1,Biker
21,436.0,812.0,482.0,877.0,414,1,0,1,Biker
21,454.0,799.0,502.0,865.0,415,1,0,1,Biker
21,474.0,787.0,520.0,852.0,416,1,0,1,Biker
21,494.0,775.0,540.0,840.0,417,1,0,1,Biker
21,512.0,763.0,560.0,828.0,418,1,0,1,Biker
21,532.0,750.0,578.0,816.0,419,1,0,1,Biker
21,550.0,738.0,598.0,804.0,420,1,0,1,Biker
21,570.0,722.0,618.0,795.0,421,1,0,1,Biker
21,588.0,710.0,636.0,783.0,422,1,0,1,Biker
21,608.0,697.0,656.0,771.0,423,1,0,1,Biker
21,626.0,685.0,676.0,759.0,424,1,0,1,Biker
21,646.0,673.0,694.0,746.0,425,1,0,1,Biker
21,664.0,661.0,714.0,734.0,426,1,0,1,Biker
21,684.0,648.0,733.0,722.0,427,1,0,1,Biker
21,702.0,636.0,751.0,710.0,428,1,0,1,Biker
21,721.0,624.0,771.0,697.0,429,1,0,1,Biker
21,741.0,612.0,791.0,689.0,430,1,0,0,Biker
22,931.0,1024.0,963.0,1089.0,0,0,0,0,Biker
22,927.0,1020.0,959.0,1085.0,1,0,0,1,Biker
22,923.0,1020.0,955.0,1085.0,2,0,0,1,Biker
22,919.0,1020.0,951.0,1085.0,3,0,0,1,Biker
22,915.0,1016.0,947.0,1081.0,4,0,0,1,Biker
22,911.0,1016.0,943.0,1081.0,5,0,0,1,Biker
22,907.0,1016.0,939.0,1081.0,6,0,0,1,Biker
22,903.0,1016.0,935.0,1081.0,7,0,0,1,Biker
22,901.0,1012.0,933.0,1077.0,8,0,0,1,Biker
22,897.0,1012.0,929.0,1077.0,9,0,0,1,Biker
22,893.0,1012.0,925.0,1077.0,10,0,0,1,Biker
22,889.0,1012.0,921.0,1077.0,11,0,0,1,Biker
22,885.0,1008.0,917.0,1073.0,12,0,0,1,Biker
22,881.0,1008.0,913.0,1073.0,13,0,0,1,Biker
22,877.0,1008.0,909.0,1073.0,14,0,0,1,Biker
22,873.0,1008.0,905.0,1073.0,15,0,0,1,Biker
22,871.0,1003.0,903.0,1069.0,16,0,0,1,Biker
22,867.0,1003.0,899.0,1069.0,17,0,0,1,Biker
22,863.0,1003.0,895.0,1069.0,18,0,0,1,Biker
22,859.0,1003.0,891.0,1069.0,19,0,0,1,Biker
22,855.0,999.0,887.0,1065.0,20,0,0,1,Biker
22,851.0,999.0,883.0,1065.0,21,0,0,1,Biker
22,847.0,999.0,879.0,1065.0,22,0,0,1,Biker
22,845.0,999.0,877.0,1065.0,23,0,0,1,Biker
22,841.0,995.0,873.0,1061.0,24,0,0,1,Biker
22,837.0,995.0,869.0,1061.0,25,0,0,1,Biker
22,833.0,995.0,865.0,1061.0,26,0,0,1,Biker
22,829.0,991.0,861.0,1057.0,27,0,0,1,Biker
22,825.0,991.0,857.0,1057.0,28,0,0,1,Biker
22,821.0,991.0,853.0,1057.0,29,0,0,1,Biker
22,817.0,991.0,849.0,1057.0,30,0,0,1,Biker
22,815.0,987.0,847.0,1052.0,31,0,0,1,Biker
22,811.0,987.0,843.0,1052.0,32,0,0,1,Biker
22,807.0,987.0,839.0,1052.0,33,0,0,1,Biker
22,803.0,987.0,835.0,1052.0,34,0,0,1,Biker
22,799.0,983.0,831.0,1048.0,35,0,0,1,Biker
22,795.0,983.0,827.0,1048.0,36,0,0,1,Biker
22,791.0,983.0,823.0,1048.0,37,0,0,1,Biker
22,787.0,983.0,819.0,1048.0,38,0,0,1,Biker
22,785.0,979.0,817.0,1044.0,39,0,0,1,Biker
22,781.0,979.0,813.0,1044.0,40,0,0,1,Biker
22,777.0,979.0,809.0,1044.0,41,0,0,1,Biker
22,773.0,979.0,805.0,1044.0,42,0,0,1,Biker
22,769.0,975.0,801.0,1040.0,43,0,0,1,Biker
22,765.0,975.0,797.0,1040.0,44,0,0,1,Biker
22,761.0,975.0,793.0,1040.0,45,0,0,1,Biker
22,759.0,975.0,791.0,1040.0,46,0,0,0,Biker
22,753.0,975.0,785.0,1040.0,47,0,0,1,Biker
22,749.0,975.0,781.0,1040.0,48,0,0,1,Biker
22,745.0,975.0,777.0,1040.0,49,0,0,1,Biker
22,741.0,975.0,773.0,1040.0,50,0,0,1,Biker
22,735.0,975.0,767.0,1040.0,51,0,0,1,Biker
22,731.0,979.0,763.0,1044.0,52,0,0,1,Biker
22,727.0,979.0,759.0,1044.0,53,0,0,1,Biker
22,723.0,979.0,755.0,1044.0,54,0,0,1,Biker
22,718.0,979.0,749.0,1044.0,55,0,0,1,Biker
22,714.0,979.0,745.0,1044.0,56,0,0,1,Biker
22,710.0,983.0,741.0,1048.0,57,0,0,1,Biker
22,706.0,983.0,737.0,1048.0,58,0,0,1,Biker
22,700.0,983.0,731.0,1048.0,59,0,0,1,Biker
22,696.0,983.0,727.0,1048.0,60,0,0,1,Biker
22,692.0,983.0,723.0,1048.0,61,0,0,1,Biker
22,688.0,987.0,719.0,1052.0,62,0,0,1,Biker
22,682.0,987.0,714.0,1052.0,63,0,0,1,Biker
22,678.0,987.0,710.0,1052.0,64,0,0,1,Biker
22,674.0,987.0,706.0,1052.0,65,0,0,1,Biker
22,670.0,987.0,702.0,1052.0,66,0,0,1,Biker
22,664.0,991.0,696.0,1057.0,67,0,0,1,Biker
22,660.0,991.0,692.0,1057.0,68,0,0,1,Biker
22,656.0,991.0,688.0,1057.0,69,0,0,1,Biker
22,652.0,991.0,684.0,1057.0,70,0,0,1,Biker
22,646.0,991.0,678.0,1057.0,71,0,0,1,Biker
22,642.0,995.0,674.0,1061.0,72,0,0,1,Biker
22,638.0,995.0,670.0,1061.0,73,0,0,1,Biker
22,634.0,995.0,666.0,1061.0,74,0,0,1,Biker
22,628.0,995.0,660.0,1061.0,75,0,0,1,Biker
22,624.0,995.0,656.0,1061.0,76,0,0,1,Biker
22,620.0,999.0,652.0,1065.0,77,0,0,1,Biker
22,616.0,999.0,648.0,1065.0,78,0,0,1,Biker
22,610.0,999.0,642.0,1065.0,79,0,0,1,Biker
22,606.0,999.0,638.0,1065.0,80,0,0,1,Biker
22,602.0,999.0,634.0,1065.0,81,0,0,1,Biker
22,598.0,1003.0,630.0,1069.0,82,0,0,1,Biker
22,592.0,1003.0,624.0,1069.0,83,0,0,1,Biker
22,588.0,1003.0,620.0,1069.0,84,0,0,1,Biker
22,584.0,1003.0,616.0,1069.0,85,0,0,1,Biker
22,580.0,1003.0,612.0,1069.0,86,0,0,1,Biker
22,574.0,1003.0,606.0,1069.0,87,0,0,1,Biker
22,570.0,1008.0,602.0,1073.0,88,0,0,1,Biker
22,566.0,1008.0,598.0,1073.0,89,0,0,1,Biker
22,562.0,1008.0,594.0,1073.0,90,0,0,1,Biker
22,556.0,1008.0,588.0,1073.0,91,0,0,1,Biker
22,552.0,1008.0,584.0,1073.0,92,0,0,1,Biker
22,548.0,1012.0,580.0,1077.0,93,0,0,1,Biker
22,544.0,1012.0,576.0,1077.0,94,0,0,1,Biker
22,538.0,1012.0,570.0,1077.0,95,0,0,1,Biker
22,534.0,1012.0,566.0,1077.0,96,0,0,1,Biker
22,530.0,1012.0,562.0,1077.0,97,0,0,1,Biker
22,526.0,1016.0,558.0,1081.0,98,0,0,1,Biker
22,520.0,1016.0,552.0,1081.0,99,0,0,1,Biker
22,516.0,1016.0,548.0,1081.0,100,0,0,1,Biker
22,512.0,1016.0,544.0,1081.0,101,0,0,1,Biker
22,508.0,1016.0,540.0,1081.0,102,0,0,1,Biker
22,502.0,1020.0,534.0,1085.0,103,0,0,1,Biker
22,498.0,1020.0,530.0,1085.0,104,0,0,1,Biker
22,494.0,1020.0,526.0,1085.0,105,0,0,1,Biker
22,490.0,1020.0,522.0,1085.0,106,0,0,1,Biker
22,484.0,1020.0,516.0,1085.0,107,0,0,1,Biker
22,480.0,1024.0,512.0,1089.0,108,0,0,1,Biker
22,476.0,1024.0,508.0,1089.0,109,0,0,1,Biker
22,472.0,1024.0,504.0,1089.0,110,0,0,1,Biker
22,466.0,1024.0,498.0,1089.0,111,0,0,1,Biker
22,462.0,1024.0,494.0,1089.0,112,0,0,1,Biker
22,458.0,1028.0,490.0,1093.0,113,0,0,1,Biker
22,454.0,1028.0,486.0,1093.0,114,0,0,1,Biker
22,448.0,1028.0,480.0,1093.0,115,0,0,1,Biker
22,444.0,1028.0,476.0,1093.0,116,0,0,1,Biker
22,440.0,1028.0,472.0,1093.0,117,0,0,1,Biker
22,436.0,1032.0,468.0,1097.0,118,0,0,0,Biker
22,430.0,1032.0,462.0,1097.0,119,0,0,1,Biker
22,426.0,1032.0,458.0,1097.0,120,0,0,1,Biker
22,422.0,1032.0,454.0,1097.0,121,0,0,1,Biker
22,418.0,1032.0,450.0,1097.0,122,0,0,1,Biker
22,414.0,1032.0,446.0,1097.0,123,0,0,1,Biker
22,410.0,1036.0,442.0,1101.0,124,0,0,1,Biker
22,406.0,1036.0,438.0,1101.0,125,0,0,1,Biker
22,402.0,1036.0,434.0,1101.0,126,0,0,1,Biker
22,398.0,1036.0,430.0,1101.0,127,0,0,1,Biker
22,394.0,1036.0,426.0,1101.0,128,0,0,1,Biker
22,390.0,1036.0,422.0,1101.0,129,0,0,1,Biker
22,386.0,1040.0,418.0,1106.0,130,0,0,1,Biker
22,382.0,1040.0,414.0,1106.0,131,0,0,1,Biker
22,376.0,1040.0,408.0,1106.0,132,0,0,1,Biker
22,372.0,1040.0,404.0,1106.0,133,0,0,1,Biker
22,368.0,1040.0,400.0,1106.0,134,0,0,1,Biker
22,364.0,1044.0,396.0,1110.0,135,0,0,1,Biker
22,360.0,1044.0,392.0,1110.0,136,0,0,1,Biker
22,357.0,1044.0,388.0,1110.0,137,0,0,1,Biker
22,353.0,1044.0,384.0,1110.0,138,0,0,1,Biker
22,349.0,1044.0,380.0,1110.0,139,0,0,1,Biker
22,345.0,1044.0,376.0,1110.0,140,0,0,1,Biker
22,341.0,1048.0,372.0,1114.0,141,0,0,1,Biker
22,337.0,1048.0,368.0,1114.0,142,0,0,1,Biker
22,333.0,1048.0,364.0,1114.0,143,0,0,1,Biker
22,329.0,1048.0,360.0,1114.0,144,0,0,1,Biker
22,323.0,1048.0,355.0,1114.0,145,0,0,1,Biker
22,319.0,1052.0,351.0,1118.0,146,0,0,1,Biker
22,315.0,1052.0,347.0,1118.0,147,0,0,1,Biker
22,311.0,1052.0,343.0,1118.0,148,0,0,1,Biker
22,307.0,1052.0,339.0,1118.0,149,0,0,1,Biker
22,303.0,1052.0,335.0,1118.0,150,0,0,1,Biker
22,299.0,1052.0,331.0,1118.0,151,0,0,1,Biker
22,295.0,1057.0,327.0,1122.0,152,0,0,1,Biker
22,291.0,1057.0,323.0,1122.0,153,0,0,1,Biker
22,287.0,1057.0,319.0,1122.0,154,0,0,1,Biker
22,283.0,1057.0,315.0,1122.0,155,0,0,1,Biker
22,279.0,1057.0,311.0,1122.0,156,0,0,1,Biker
22,275.0,1061.0,307.0,1126.0,157,0,0,0,Biker
22,269.0,1061.0,301.0,1126.0,158,0,0,1,Biker
22,265.0,1061.0,297.0,1126.0,159,0,0,1,Biker
22,259.0,1061.0,291.0,1126.0,160,0,0,1,Biker
22,255.0,1061.0,287.0,1126.0,161,0,0,1,Biker
22,251.0,1061.0,283.0,1126.0,162,0,0,1,Biker
22,245.0,1061.0,277.0,1126.0,163,0,0,1,Biker
22,241.0,1061.0,273.0,1126.0,164,0,0,1,Biker
22,237.0,1061.0,269.0,1126.0,165,0,0,1,Biker
22,231.0,1061.0,263.0,1126.0,166,0,0,1,Biker
22,227.0,1061.0,259.0,1126.0,167,0,0,1,Biker
22,223.0,1061.0,255.0,1126.0,168,0,0,1,Biker
22,217.0,1065.0,249.0,1130.0,169,0,0,1,Biker
22,213.0,1065.0,245.0,1130.0,170,0,0,1,Biker
22,209.0,1065.0,241.0,1130.0,171,0,0,1,Biker
22,203.0,1065.0,235.0,1130.0,172,0,0,1,Biker
22,199.0,1065.0,231.0,1130.0,173,0,0,1,Biker
22,195.0,1065.0,225.0,1130.0,174,0,0,1,Biker
22,189.0,1065.0,221.0,1130.0,175,0,0,1,Biker
22,185.0,1065.0,217.0,1130.0,176,0,0,1,Biker
22,181.0,1065.0,211.0,1130.0,177,0,0,1,Biker
22,175.0,1065.0,207.0,1130.0,178,0,0,1,Biker
22,171.0,1065.0,203.0,1130.0,179,0,0,1,Biker
22,167.0,1065.0,197.0,1130.0,180,0,0,1,Biker
22,161.0,1069.0,193.0,1134.0,181,0,0,1,Biker
22,157.0,1069.0,189.0,1134.0,182,0,0,1,Biker
22,153.0,1069.0,183.0,1134.0,183,0,0,1,Biker
22,147.0,1069.0,179.0,1134.0,184,0,0,1,Biker
22,143.0,1069.0,175.0,1134.0,185,0,0,1,Biker
22,139.0,1069.0,169.0,1134.0,186,0,0,1,Biker
22,133.0,1069.0,165.0,1134.0,187,0,0,1,Biker
22,129.0,1069.0,159.0,1134.0,188,0,0,1,Biker
22,125.0,1069.0,155.0,1134.0,189,0,0,1,Biker
22,119.0,1069.0,151.0,1134.0,190,0,0,1,Biker
22,115.0,1069.0,145.0,1134.0,191,0,0,1,Biker
22,111.0,1069.0,141.0,1134.0,192,0,0,1,Biker
22,105.0,1073.0,137.0,1138.0,193,0,0,1,Biker
22,101.0,1073.0,131.0,1138.0,194,0,0,1,Biker
22,97.0,1073.0,127.0,1138.0,195,0,0,1,Biker
22,91.0,1073.0,123.0,1138.0,196,0,0,1,Biker
22,87.0,1073.0,117.0,1138.0,197,0,0,1,Biker
22,83.0,1073.0,113.0,1138.0,198,0,0,1,Biker
22,77.0,1073.0,109.0,1138.0,199,0,0,1,Biker
22,73.0,1073.0,103.0,1138.0,200,0,0,1,Biker
22,69.0,1073.0,99.0,1138.0,201,0,0,1,Biker
22,63.0,1073.0,93.0,1138.0,202,0,0,1,Biker
22,59.0,1073.0,89.0,1138.0,203,0,0,1,Biker
22,55.0,1073.0,85.0,1138.0,204,0,0,1,Biker
22,49.0,1077.0,79.0,1142.0,205,0,0,1,Biker
22,45.0,1077.0,75.0,1142.0,206,0,0,1,Biker
22,41.0,1077.0,71.0,1142.0,207,0,0,1,Biker
22,35.0,1077.0,65.0,1142.0,208,0,0,1,Biker
22,31.0,1077.0,61.0,1142.0,209,0,0,1,Biker
22,27.0,1077.0,57.0,1142.0,210,0,0,1,Biker
22,21.0,1077.0,51.0,1142.0,211,0,0,1,Biker
22,17.0,1077.0,47.0,1142.0,212,0,0,1,Biker
22,13.0,1077.0,43.0,1142.0,213,0,0,1,Biker
22,7.0,1077.0,37.0,1142.0,214,0,0,1,Biker
22,3.0,1077.0,33.0,1142.0,215,0,0,1,Biker
22,0.0,1081.0,29.0,1146.0,216,1,0,0,Biker
22,0.0,1081.0,29.0,1146.0,217,1,0,1,Biker
22,0.0,1081.0,29.0,1146.0,218,1,0,1,Biker
22,0.0,1081.0,29.0,1146.0,219,1,0,1,Biker
22,0.0,1081.0,29.0,1146.0,220,1,0,1,Biker
22,0.0,1081.0,29.0,1146.0,221,1,0,1,Biker
22,0.0,1081.0,29.0,1146.0,222,1,0,1,Biker
22,0.0,1081.0,29.0,1146.0,223,1,0,1,Biker
22,0.0,1081.0,29.0,1146.0,224,1,0,1,Biker
22,0.0,1081.0,29.0,1146.0,225,1,0,1,Biker
22,0.0,1081.0,29.0,1146.0,226,1,0,1,Biker
22,0.0,1081.0,29.0,1146.0,227,1,0,1,Biker
22,0.0,1081.0,29.0,1146.0,228,1,0,1,Biker
22,0.0,1081.0,29.0,1146.0,229,1,0,1,Biker
22,0.0,1081.0,29.0,1146.0,230,1,0,1,Biker
22,0.0,1081.0,29.0,1146.0,231,1,0,1,Biker
22,0.0,1081.0,29.0,1146.0,232,1,0,1,Biker
22,0.0,1081.0,29.0,1146.0,233,1,0,1,Biker
22,0.0,1081.0,29.0,1146.0,234,1,0,1,Biker
22,0.0,1081.0,29.0,1146.0,235,1,0,1,Biker
22,0.0,1081.0,29.0,1146.0,236,1,0,1,Biker
22,0.0,1081.0,29.0,1146.0,237,1,0,0,Biker
22,1.0,1077.0,31.0,1142.0,238,1,0,1,Biker
22,5.0,1077.0,35.0,1142.0,239,1,0,1,Biker
22,9.0,1077.0,39.0,1142.0,240,1,0,1,Biker
22,13.0,1077.0,43.0,1142.0,241,1,0,1,Biker
22,17.0,1077.0,47.0,1142.0,242,1,0,1,Biker
22,21.0,1077.0,51.0,1142.0,243,1,0,1,Biker
22,25.0,1077.0,55.0,1142.0,244,1,0,1,Biker
22,29.0,1073.0,59.0,1138.0,245,1,0,1,Biker
22,33.0,1073.0,63.0,1138.0,246,1,0,1,Biker
22,37.0,1073.0,67.0,1138.0,247,1,0,1,Biker
22,41.0,1073.0,71.0,1138.0,248,1,0,1,Biker
22,45.0,1073.0,75.0,1138.0,249,1,0,1,Biker
22,49.0,1073.0,79.0,1138.0,250,1,0,1,Biker
22,53.0,1073.0,83.0,1138.0,251,1,0,1,Biker
22,57.0,1069.0,87.0,1134.0,252,1,0,1,Biker
22,61.0,1069.0,91.0,1134.0,253,1,0,1,Biker
22,65.0,1069.0,95.0,1134.0,254,1,0,1,Biker
22,69.0,1069.0,99.0,1134.0,255,1,0,1,Biker
22,73.0,1069.0,103.0,1134.0,256,1,0,1,Biker
22,77.0,1069.0,107.0,1134.0,257,1,0,1,Biker
22,81.0,1069.0,111.0,1134.0,258,1,0,1,Biker
22,85.0,1069.0,115.0,1134.0,259,1,0,1,Biker
22,89.0,1065.0,119.0,1130.0,260,1,0,1,Biker
22,93.0,1065.0,123.0,1130.0,261,1,0,1,Biker
22,97.0,1065.0,127.0,1130.0,262,1,0,1,Biker
22,101.0,1065.0,131.0,1130.0,263,1,0,1,Biker
22,105.0,1065.0,135.0,1130.0,264,1,0,1,Biker
22,109.0,1065.0,139.0,1130.0,265,1,0,1,Biker
22,113.0,1065.0,143.0,1130.0,266,1,0,1,Biker
22,117.0,1061.0,147.0,1126.0,267,1,0,1,Biker
22,121.0,1061.0,151.0,1126.0,268,1,0,1,Biker
22,125.0,1061.0,155.0,1126.0,269,1,0,1,Biker
22,129.0,1061.0,159.0,1126.0,270,1,0,1,Biker
22,133.0,1061.0,163.0,1126.0,271,1,0,1,Biker
22,137.0,1061.0,167.0,1126.0,272,1,0,1,Biker
22,141.0,1061.0,171.0,1126.0,273,1,0,1,Biker
22,145.0,1061.0,175.0,1126.0,274,1,0,1,Biker
22,149.0,1057.0,179.0,1122.0,275,1,0,1,Biker
22,151.0,1057.0,183.0,1122.0,276,1,0,1,Biker
22,155.0,1057.0,187.0,1122.0,277,1,0,1,Biker
22,159.0,1057.0,191.0,1122.0,278,1,0,1,Biker
22,163.0,1057.0,195.0,1122.0,279,1,0,1,Biker
22,167.0,1057.0,199.0,1122.0,280,1,0,1,Biker
22,171.0,1057.0,203.0,1122.0,281,1,0,1,Biker
22,175.0,1052.0,207.0,1118.0,282,1,0,1,Biker
22,179.0,1052.0,211.0,1118.0,283,1,0,1,Biker
22,183.0,1052.0,215.0,1118.0,284,1,0,1,Biker
22,187.0,1052.0,219.0,1118.0,285,1,0,1,Biker
22,191.0,1052.0,221.0,1118.0,286,1,0,1,Biker
22,195.0,1052.0,225.0,1118.0,287,1,0,1,Biker
22,199.0,1052.0,229.0,1118.0,288,1,0,1,Biker
22,203.0,1048.0,233.0,1114.0,289,1,0,1,Biker
22,207.0,1048.0,237.0,1114.0,290,1,0,1,Biker
22,211.0,1048.0,241.0,1114.0,291,1,0,1,Biker
22,215.0,1048.0,245.0,1114.0,292,1,0,1,Biker
22,219.0,1048.0,249.0,1114.0,293,1,0,1,Biker
22,223.0,1048.0,253.0,1114.0,294,1,0,1,Biker
22,227.0,1048.0,257.0,1114.0,295,1,0,1,Biker
22,231.0,1048.0,261.0,1114.0,296,1,0,1,Biker
22,235.0,1044.0,265.0,1110.0,297,1,0,1,Biker
22,239.0,1044.0,269.0,1110.0,298,1,0,1,Biker
22,243.0,1044.0,273.0,1110.0,299,1,0,1,Biker
22,247.0,1044.0,277.0,1110.0,300,1,0,1,Biker
22,251.0,1044.0,281.0,1110.0,301,1,0,1,Biker
22,255.0,1044.0,285.0,1110.0,302,1,0,1,Biker
22,259.0,1044.0,289.0,1110.0,303,1,0,1,Biker
22,263.0,1040.0,293.0,1106.0,304,1,0,1,Biker
22,267.0,1040.0,297.0,1106.0,305,1,0,1,Biker
22,271.0,1040.0,301.0,1106.0,306,1,0,1,Biker
22,275.0,1040.0,305.0,1106.0,307,1,0,1,Biker
22,279.0,1040.0,309.0,1106.0,308,1,0,1,Biker
22,283.0,1040.0,313.0,1106.0,309,1,0,1,Biker
22,287.0,1040.0,317.0,1106.0,310,1,0,1,Biker
22,291.0,1040.0,321.0,1106.0,311,1,0,1,Biker
22,295.0,1036.0,325.0,1101.0,312,1,0,1,Biker
22,299.0,1036.0,329.0,1101.0,313,1,0,1,Biker
22,303.0,1036.0,333.0,1101.0,314,1,0,1,Biker
22,305.0,1036.0,337.0,1101.0,315,1,0,1,Biker
22,309.0,1036.0,341.0,1101.0,316,1,0,1,Biker
22,313.0,1036.0,345.0,1101.0,317,1,0,1,Biker
22,317.0,1036.0,349.0,1101.0,318,1,0,1,Biker
22,321.0,1032.0,353.0,1097.0,319,1,0,1,Biker
22,325.0,1032.0,357.0,1097.0,320,1,0,1,Biker
22,329.0,1032.0,360.0,1097.0,321,1,0,1,Biker
22,333.0,1032.0,364.0,1097.0,322,1,0,1,Biker
22,337.0,1032.0,368.0,1097.0,323,1,0,1,Biker
22,341.0,1032.0,372.0,1097.0,324,1,0,1,Biker
22,345.0,1032.0,376.0,1097.0,325,1,0,1,Biker
22,349.0,1032.0,380.0,1097.0,326,1,0,1,Biker
22,353.0,1028.0,384.0,1093.0,327,1,0,1,Biker
22,357.0,1028.0,388.0,1093.0,328,1,0,1,Biker
22,360.0,1028.0,392.0,1093.0,329,1,0,1,Biker
22,364.0,1028.0,396.0,1093.0,330,1,0,1,Biker
22,368.0,1028.0,400.0,1093.0,331,1,0,1,Biker
22,372.0,1028.0,404.0,1093.0,332,1,0,1,Biker
22,376.0,1028.0,408.0,1093.0,333,1,0,1,Biker
22,380.0,1024.0,410.0,1089.0,334,1,0,1,Biker
22,384.0,1024.0,414.0,1089.0,335,1,0,1,Biker
22,388.0,1024.0,418.0,1089.0,336,1,0,1,Biker
22,392.0,1024.0,422.0,1089.0,337,1,0,1,Biker
22,396.0,1024.0,426.0,1089.0,338,1,0,1,Biker
22,400.0,1024.0,430.0,1089.0,339,1,0,1,Biker
22,404.0,1024.0,434.0,1089.0,340,1,0,1,Biker
22,408.0,1020.0,438.0,1085.0,341,1,0,1,Biker
22,412.0,1020.0,442.0,1085.0,342,1,0,1,Biker
22,416.0,1020.0,446.0,1085.0,343,1,0,1,Biker
22,420.0,1020.0,450.0,1085.0,344,1,0,1,Biker
22,424.0,1020.0,454.0,1085.0,345,1,0,1,Biker
22,428.0,1020.0,458.0,1085.0,346,1,0,1,Biker
22,432.0,1020.0,462.0,1085.0,347,1,0,1,Biker
22,436.0,1020.0,466.0,1085.0,348,1,0,1,Biker
22,440.0,1016.0,470.0,1081.0,349,1,0,1,Biker
22,444.0,1016.0,474.0,1081.0,350,1,0,1,Biker
22,448.0,1016.0,478.0,1081.0,351,1,0,1,Biker
22,452.0,1016.0,482.0,1081.0,352,1,0,1,Biker
22,454.0,1016.0,486.0,1081.0,353,1,0,1,Biker
22,458.0,1016.0,490.0,1081.0,354,1,0,1,Biker
22,462.0,1016.0,494.0,1081.0,355,1,0,1,Biker
22,466.0,1012.0,498.0,1077.0,356,1,0,1,Biker
22,470.0,1012.0,502.0,1077.0,357,1,0,1,Biker
22,474.0,1012.0,506.0,1077.0,358,1,0,1,Biker
22,478.0,1012.0,510.0,1077.0,359,1,0,1,Biker
22,482.0,1012.0,514.0,1077.0,360,1,0,1,Biker
22,486.0,1012.0,518.0,1077.0,361,1,0,1,Biker
22,490.0,1012.0,522.0,1077.0,362,1,0,1,Biker
22,494.0,1012.0,526.0,1077.0,363,1,0,1,Biker
22,498.0,1008.0,530.0,1073.0,364,1,0,1,Biker
22,502.0,1008.0,534.0,1073.0,365,1,0,1,Biker
22,506.0,1008.0,538.0,1073.0,366,1,0,1,Biker
22,510.0,1008.0,542.0,1073.0,367,1,0,1,Biker
22,514.0,1008.0,546.0,1073.0,368,1,0,1,Biker
22,518.0,1008.0,550.0,1073.0,369,1,0,1,Biker
22,522.0,1008.0,554.0,1073.0,370,1,0,1,Biker
22,526.0,1003.0,558.0,1069.0,371,1,0,1,Biker
22,530.0,1003.0,562.0,1069.0,372,1,0,1,Biker
22,534.0,1003.0,566.0,1069.0,373,1,0,1,Biker
22,538.0,1003.0,570.0,1069.0,374,1,0,1,Biker
22,542.0,1003.0,574.0,1069.0,375,1,0,1,Biker
22,546.0,1003.0,578.0,1069.0,376,1,0,1,Biker
22,550.0,1003.0,582.0,1069.0,377,1,0,1,Biker
22,554.0,1003.0,586.0,1069.0,378,1,0,1,Biker
22,558.0,999.0,590.0,1065.0,379,1,0,1,Biker
22,562.0,999.0,594.0,1065.0,380,1,0,1,Biker
22,566.0,999.0,598.0,1065.0,381,1,0,1,Biker
22,570.0,999.0,600.0,1065.0,382,1,0,1,Biker
22,574.0,999.0,604.0,1065.0,383,1,0,1,Biker
22,578.0,999.0,608.0,1065.0,384,1,0,1,Biker
22,582.0,999.0,612.0,1065.0,385,1,0,1,Biker
22,586.0,995.0,616.0,1061.0,386,1,0,1,Biker
22,590.0,995.0,620.0,1061.0,387,1,0,1,Biker
22,594.0,995.0,624.0,1061.0,388,1,0,1,Biker
22,598.0,995.0,628.0,1061.0,389,1,0,1,Biker
22,602.0,995.0,632.0,1061.0,390,1,0,1,Biker
22,606.0,995.0,636.0,1061.0,391,1,0,1,Biker
22,608.0,995.0,640.0,1061.0,392,1,0,1,Biker
22,612.0,991.0,644.0,1057.0,393,1,0,1,Biker
22,616.0,991.0,648.0,1057.0,394,1,0,1,Biker
22,620.0,991.0,652.0,1057.0,395,1,0,1,Biker
22,624.0,991.0,656.0,1057.0,396,1,0,1,Biker
22,628.0,991.0,660.0,1057.0,397,1,0,1,Biker
22,632.0,991.0,664.0,1057.0,398,1,0,1,Biker
22,636.0,991.0,668.0,1057.0,399,1,0,1,Biker
22,640.0,991.0,672.0,1057.0,400,1,0,1,Biker
22,644.0,987.0,676.0,1052.0,401,1,0,1,Biker
22,648.0,987.0,680.0,1052.0,402,1,0,1,Biker
22,652.0,987.0,684.0,1052.0,403,1,0,1,Biker
22,656.0,987.0,688.0,1052.0,404,1,0,1,Biker
22,660.0,987.0,692.0,1052.0,405,1,0,1,Biker
22,664.0,987.0,696.0,1052.0,406,1,0,1,Biker
22,668.0,987.0,700.0,1052.0,407,1,0,1,Biker
22,672.0,983.0,704.0,1048.0,408,1,0,1,Biker
22,676.0,983.0,708.0,1048.0,409,1,0,1,Biker
22,680.0,983.0,712.0,1048.0,410,1,0,1,Biker
22,684.0,983.0,716.0,1048.0,411,1,0,1,Biker
22,688.0,983.0,719.0,1048.0,412,1,0,1,Biker
22,692.0,983.0,723.0,1048.0,413,1,0,1,Biker
22,696.0,983.0,727.0,1048.0,414,1,0,1,Biker
22,700.0,983.0,731.0,1048.0,415,1,0,1,Biker
22,704.0,979.0,735.0,1044.0,416,1,0,1,Biker
22,708.0,979.0,739.0,1044.0,417,1,0,1,Biker
22,712.0,979.0,743.0,1044.0,418,1,0,1,Biker
22,716.0,979.0,747.0,1044.0,419,1,0,1,Biker
22,719.0,979.0,751.0,1044.0,420,1,0,1,Biker
22,723.0,979.0,755.0,1044.0,421,1,0,1,Biker
22,727.0,979.0,759.0,1044.0,422,1,0,1,Biker
22,731.0,975.0,763.0,1040.0,423,1,0,1,Biker
22,735.0,975.0,767.0,1040.0,424,1,0,1,Biker
22,739.0,975.0,771.0,1040.0,425,1,0,1,Biker
22,743.0,975.0,775.0,1040.0,426,1,0,1,Biker
22,747.0,975.0,779.0,1040.0,427,1,0,1,Biker
22,751.0,975.0,783.0,1040.0,428,1,0,1,Biker
22,755.0,975.0,787.0,1040.0,429,1,0,1,Biker
22,759.0,975.0,791.0,1040.0,430,0,0,0,Biker
23,1250.0,1187.0,1290.0,1240.0,0,1,0,0,Pedestrian
23,1250.0,1187.0,1290.0,1240.0,1,1,0,1,Pedestrian
23,1250.0,1187.0,1290.0,1240.0,2,1,0,1,Pedestrian
23,1250.0,1187.0,1290.0,1240.0,3,1,0,1,Pedestrian
23,1250.0,1187.0,1290.0,1240.0,4,1,0,1,Pedestrian
23,1250.0,1187.0,1290.0,1240.0,5,1,0,1,Pedestrian
23,1250.0,1187.0,1290.0,1240.0,6,1,0,1,Pedestrian
23,1250.0,1187.0,1290.0,1240.0,7,1,0,1,Pedestrian
23,1250.0,1187.0,1290.0,1240.0,8,1,0,1,Pedestrian
23,1250.0,1187.0,1290.0,1240.0,9,1,0,1,Pedestrian
23,1250.0,1187.0,1290.0,1240.0,10,1,0,1,Pedestrian
23,1250.0,1187.0,1290.0,1240.0,11,1,0,1,Pedestrian
23,1250.0,1187.0,1290.0,1240.0,12,1,0,1,Pedestrian
23,1250.0,1187.0,1290.0,1240.0,13,1,0,1,Pedestrian
23,1250.0,1187.0,1290.0,1240.0,14,1,0,1,Pedestrian
23,1250.0,1187.0,1290.0,1240.0,15,1,0,1,Pedestrian
23,1250.0,1187.0,1290.0,1240.0,16,1,0,1,Pedestrian
23,1250.0,1187.0,1290.0,1240.0,17,1,0,1,Pedestrian
23,1250.0,1187.0,1290.0,1240.0,18,1,0,1,Pedestrian
23,1250.0,1187.0,1290.0,1240.0,19,1,0,1,Pedestrian
23,1250.0,1187.0,1290.0,1240.0,20,1,0,1,Pedestrian
23,1250.0,1187.0,1290.0,1240.0,21,1,0,1,Pedestrian
23,1250.0,1187.0,1290.0,1240.0,22,1,0,1,Pedestrian
23,1250.0,1187.0,1290.0,1240.0,23,1,0,1,Pedestrian
23,1250.0,1187.0,1290.0,1240.0,24,1,0,1,Pedestrian
23,1250.0,1187.0,1290.0,1240.0,25,1,0,1,Pedestrian
23,1250.0,1187.0,1290.0,1240.0,26,1,0,1,Pedestrian
23,1250.0,1187.0,1290.0,1240.0,27,1,0,1,Pedestrian
23,1250.0,1187.0,1290.0,1240.0,28,1,0,1,Pedestrian
23,1250.0,1187.0,1290.0,1240.0,29,1,0,1,Pedestrian
23,1250.0,1187.0,1290.0,1240.0,30,1,0,1,Pedestrian
23,1250.0,1187.0,1290.0,1240.0,31,1,0,1,Pedestrian
23,1250.0,1187.0,1290.0,1240.0,32,1,0,1,Pedestrian
23,1250.0,1187.0,1290.0,1240.0,33,1,0,1,Pedestrian
23,1250.0,1187.0,1290.0,1240.0,34,1,0,1,Pedestrian
23,1250.0,1187.0,1290.0,1240.0,35,1,0,1,Pedestrian
23,1250.0,1187.0,1290.0,1240.0,36,1,0,1,Pedestrian
23,1250.0,1187.0,1290.0,1240.0,37,1,0,1,Pedestrian
23,1250.0,1187.0,1290.0,1240.0,38,1,0,1,Pedestrian
23,1250.0,1187.0,1290.0,1240.0,39,1,0,1,Pedestrian
23,1250.0,1187.0,1290.0,1240.0,40,1,0,1,Pedestrian
23,1250.0,1187.0,1290.0,1240.0,41,1,0,1,Pedestrian
23,1250.0,1187.0,1290.0,1240.0,42,1,0,1,Pedestrian
23,1250.0,1187.0,1290.0,1240.0,43,1,0,1,Pedestrian
23,1250.0,1187.0,1290.0,1240.0,44,1,0,1,Pedestrian
23,1250.0,1187.0,1290.0,1240.0,45,1,0,1,Pedestrian
23,1250.0,1187.0,1290.0,1240.0,46,1,0,1,Pedestrian
23,1250.0,1187.0,1290.0,1240.0,47,1,0,1,Pedestrian
23,1250.0,1187.0,1290.0,1240.0,48,1,0,1,Pedestrian
23,1250.0,1187.0,1290.0,1240.0,49,1,0,1,Pedestrian
23,1250.0,1187.0,1290.0,1240.0,50,1,0,1,Pedestrian
23,1250.0,1187.0,1290.0,1240.0,51,1,0,1,Pedestrian
23,1250.0,1187.0,1290.0,1240.0,52,1,0,1,Pedestrian
23,1250.0,1187.0,1290.0,1240.0,53,1,0,1,Pedestrian
23,1250.0,1187.0,1290.0,1240.0,54,1,0,1,Pedestrian
23,1250.0,1187.0,1290.0,1240.0,55,1,0,1,Pedestrian
23,1250.0,1187.0,1290.0,1240.0,56,1,0,1,Pedestrian
23,1250.0,1187.0,1290.0,1240.0,57,1,0,1,Pedestrian
23,1250.0,1187.0,1290.0,1240.0,58,1,0,1,Pedestrian
23,1250.0,1187.0,1290.0,1240.0,59,1,0,1,Pedestrian
23,1250.0,1187.0,1290.0,1240.0,60,1,0,1,Pedestrian
23,1250.0,1187.0,1290.0,1240.0,61,1,0,1,Pedestrian
23,1250.0,1187.0,1290.0,1240.0,62,1,0,1,Pedestrian
23,1250.0,1187.0,1290.0,1240.0,63,1,0,1,Pedestrian
23,1250.0,1187.0,1290.0,1240.0,64,1,0,1,Pedestrian
23,1250.0,1187.0,1290.0,1240.0,65,1,0,1,Pedestrian
23,1250.0,1187.0,1290.0,1240.0,66,1,0,1,Pedestrian
23,1250.0,1187.0,1290.0,1240.0,67,1,0,1,Pedestrian
23,1250.0,1187.0,1290.0,1240.0,68,1,0,1,Pedestrian
23,1250.0,1187.0,1290.0,1240.0,69,1,0,1,Pedestrian
23,1250.0,1187.0,1290.0,1240.0,70,1,0,1,Pedestrian
23,1250.0,1187.0,1290.0,1240.0,71,1,0,1,Pedestrian
23,1250.0,1187.0,1290.0,1240.0,72,1,0,1,Pedestrian
23,1250.0,1187.0,1290.0,1240.0,73,1,0,1,Pedestrian
23,1250.0,1187.0,1290.0,1240.0,74,1,0,1,Pedestrian
23,1250.0,1187.0,1290.0,1240.0,75,1,0,1,Pedestrian
23,1250.0,1187.0,1290.0,1240.0,76,1,0,1,Pedestrian
23,1250.0,1187.0,1290.0,1240.0,77,1,0,1,Pedestrian
23,1250.0,1187.0,1290.0,1240.0,78,1,0,1,Pedestrian
23,1250.0,1187.0,1290.0,1240.0,79,1,0,1,Pedestrian
23,1250.0,1187.0,1290.0,1240.0,80,1,0,1,Pedestrian
23,1250.0,1187.0,1290.0,1240.0,81,1,0,1,Pedestrian
23,1250.0,1187.0,1290.0,1240.0,82,1,0,1,Pedestrian
23,1250.0,1187.0,1290.0,1240.0,83,1,0,1,Pedestrian
23,1250.0,1187.0,1290.0,1240.0,84,1,0,1,Pedestrian
23,1250.0,1187.0,1290.0,1240.0,85,1,0,1,Pedestrian
23,1250.0,1187.0,1290.0,1240.0,86,1,0,1,Pedestrian
23,1250.0,1187.0,1290.0,1240.0,87,1,0,1,Pedestrian
23,1250.0,1187.0,1290.0,1240.0,88,1,0,1,Pedestrian
23,1250.0,1187.0,1290.0,1240.0,89,1,0,1,Pedestrian
23,1250.0,1187.0,1290.0,1240.0,90,1,0,1,Pedestrian
23,1250.0,1187.0,1290.0,1240.0,91,1,0,1,Pedestrian
23,1250.0,1187.0,1290.0,1240.0,92,1,0,1,Pedestrian
23,1250.0,1187.0,1290.0,1240.0,93,1,0,1,Pedestrian
23,1250.0,1187.0,1290.0,1240.0,94,1,0,1,Pedestrian
23,1250.0,1187.0,1290.0,1240.0,95,1,0,1,Pedestrian
23,1250.0,1187.0,1290.0,1240.0,96,1,0,1,Pedestrian
23,1250.0,1187.0,1290.0,1240.0,97,1,0,1,Pedestrian
23,1250.0,1187.0,1290.0,1240.0,98,1,0,1,Pedestrian
23,1250.0,1187.0,1290.0,1240.0,99,1,0,1,Pedestrian
23,1250.0,1187.0,1290.0,1240.0,100,1,0,1,Pedestrian
23,1250.0,1187.0,1290.0,1240.0,101,1,0,1,Pedestrian
23,1250.0,1187.0,1290.0,1240.0,102,1,0,1,Pedestrian
23,1250.0,1187.0,1290.0,1240.0,103,1,0,1,Pedestrian
23,1250.0,1187.0,1290.0,1240.0,104,1,0,1,Pedestrian
23,1250.0,1187.0,1290.0,1240.0,105,1,0,1,Pedestrian
23,1250.0,1187.0,1290.0,1240.0,106,1,0,1,Pedestrian
23,1250.0,1187.0,1290.0,1240.0,107,1,0,1,Pedestrian
23,1250.0,1187.0,1290.0,1240.0,108,1,0,1,Pedestrian
23,1250.0,1187.0,1290.0,1240.0,109,1,0,1,Pedestrian
23,1250.0,1187.0,1290.0,1240.0,110,1,0,1,Pedestrian
23,1250.0,1187.0,1290.0,1240.0,111,1,0,1,Pedestrian
23,1250.0,1187.0,1290.0,1240.0,112,1,0,1,Pedestrian
23,1250.0,1187.0,1290.0,1240.0,113,1,0,1,Pedestrian
23,1250.0,1187.0,1290.0,1240.0,114,1,0,1,Pedestrian
23,1250.0,1187.0,1290.0,1240.0,115,1,0,1,Pedestrian
23,1250.0,1187.0,1290.0,1240.0,116,1,0,1,Pedestrian
23,1250.0,1187.0,1290.0,1240.0,117,1,0,1,Pedestrian
23,1250.0,1187.0,1290.0,1240.0,118,1,0,1,Pedestrian
23,1250.0,1187.0,1290.0,1240.0,119,1,0,1,Pedestrian
23,1250.0,1187.0,1290.0,1240.0,120,1,0,1,Pedestrian
23,1250.0,1187.0,1290.0,1240.0,121,1,0,1,Pedestrian
23,1250.0,1187.0,1290.0,1240.0,122,1,0,1,Pedestrian
23,1250.0,1187.0,1290.0,1240.0,123,1,0,1,Pedestrian
23,1250.0,1187.0,1290.0,1240.0,124,1,0,1,Pedestrian
23,1250.0,1187.0,1290.0,1240.0,125,1,0,1,Pedestrian
23,1250.0,1187.0,1290.0,1240.0,126,1,0,1,Pedestrian
23,1250.0,1187.0,1290.0,1240.0,127,1,0,1,Pedestrian
23,1250.0,1187.0,1290.0,1240.0,128,1,0,1,Pedestrian
23,1250.0,1187.0,1290.0,1240.0,129,1,0,1,Pedestrian
23,1250.0,1187.0,1290.0,1240.0,130,1,0,1,Pedestrian
23,1250.0,1187.0,1290.0,1240.0,131,1,0,1,Pedestrian
23,1250.0,1187.0,1290.0,1240.0,132,1,0,1,Pedestrian
23,1250.0,1187.0,1290.0,1240.0,133,1,0,1,Pedestrian
23,1250.0,1187.0,1290.0,1240.0,134,1,0,1,Pedestrian
23,1250.0,1187.0,1290.0,1240.0,135,1,0,1,Pedestrian
23,1250.0,1187.0,1290.0,1240.0,136,1,0,1,Pedestrian
23,1250.0,1187.0,1290.0,1240.0,137,1,0,1,Pedestrian
23,1250.0,1187.0,1290.0,1240.0,138,1,0,1,Pedestrian
23,1250.0,1187.0,1290.0,1240.0,139,1,0,1,Pedestrian
23,1250.0,1187.0,1290.0,1240.0,140,1,0,1,Pedestrian
23,1250.0,1187.0,1290.0,1240.0,141,1,0,1,Pedestrian
23,1250.0,1187.0,1290.0,1240.0,142,1,0,1,Pedestrian
23,1250.0,1187.0,1290.0,1240.0,143,1,0,1,Pedestrian
23,1250.0,1187.0,1290.0,1240.0,144,1,0,1,Pedestrian
23,1250.0,1187.0,1290.0,1240.0,145,1,0,1,Pedestrian
23,1250.0,1187.0,1290.0,1240.0,146,1,0,1,Pedestrian
23,1250.0,1187.0,1290.0,1240.0,147,1,0,1,Pedestrian
23,1250.0,1187.0,1290.0,1240.0,148,1,0,1,Pedestrian
23,1250.0,1187.0,1290.0,1240.0,149,1,0,1,Pedestrian
23,1250.0,1187.0,1290.0,1240.0,150,1,0,1,Pedestrian
23,1250.0,1187.0,1290.0,1240.0,151,1,0,1,Pedestrian
23,1250.0,1187.0,1290.0,1240.0,152,1,0,1,Pedestrian
23,1250.0,1187.0,1290.0,1240.0,153,1,0,1,Pedestrian
23,1250.0,1187.0,1290.0,1240.0,154,1,0,1,Pedestrian
23,1250.0,1187.0,1290.0,1240.0,155,1,0,1,Pedestrian
23,1250.0,1187.0,1290.0,1240.0,156,1,0,1,Pedestrian
23,1250.0,1187.0,1290.0,1240.0,157,1,0,1,Pedestrian
23,1250.0,1187.0,1290.0,1240.0,158,1,0,1,Pedestrian
23,1250.0,1187.0,1290.0,1240.0,159,1,0,1,Pedestrian
23,1250.0,1187.0,1290.0,1240.0,160,1,0,1,Pedestrian
23,1250.0,1187.0,1290.0,1240.0,161,1,0,1,Pedestrian
23,1250.0,1187.0,1290.0,1240.0,162,1,0,1,Pedestrian
23,1250.0,1187.0,1290.0,1240.0,163,1,0,1,Pedestrian
23,1250.0,1187.0,1290.0,1240.0,164,1,0,1,Pedestrian
23,1250.0,1187.0,1290.0,1240.0,165,1,0,1,Pedestrian
23,1250.0,1187.0,1290.0,1240.0,166,1,0,1,Pedestrian
23,1250.0,1187.0,1290.0,1240.0,167,1,0,1,Pedestrian
23,1250.0,1187.0,1290.0,1240.0,168,1,0,1,Pedestrian
23,1250.0,1187.0,1290.0,1240.0,169,1,0,1,Pedestrian
23,1250.0,1187.0,1290.0,1240.0,170,1,0,1,Pedestrian
23,1250.0,1187.0,1290.0,1240.0,171,1,0,1,Pedestrian
23,1250.0,1187.0,1290.0,1240.0,172,1,0,1,Pedestrian
23,1250.0,1187.0,1290.0,1240.0,173,1,0,1,Pedestrian
23,1250.0,1187.0,1290.0,1240.0,174,1,0,1,Pedestrian
23,1250.0,1187.0,1290.0,1240.0,175,1,0,1,Pedestrian
23,1250.0,1187.0,1290.0,1240.0,176,1,0,1,Pedestrian
23,1250.0,1187.0,1290.0,1240.0,177,1,0,1,Pedestrian
23,1250.0,1187.0,1290.0,1240.0,178,1,0,1,Pedestrian
23,1250.0,1187.0,1290.0,1240.0,179,1,0,1,Pedestrian
23,1250.0,1187.0,1290.0,1240.0,180,1,0,1,Pedestrian
23,1250.0,1187.0,1290.0,1240.0,181,1,0,1,Pedestrian
23,1250.0,1187.0,1290.0,1240.0,182,1,0,1,Pedestrian
23,1250.0,1187.0,1290.0,1240.0,183,1,0,1,Pedestrian
23,1250.0,1187.0,1290.0,1240.0,184,1,0,1,Pedestrian
23,1250.0,1187.0,1290.0,1240.0,185,1,0,1,Pedestrian
23,1250.0,1187.0,1290.0,1240.0,186,1,0,1,Pedestrian
23,1250.0,1187.0,1290.0,1240.0,187,1,0,1,Pedestrian
23,1250.0,1187.0,1290.0,1240.0,188,1,0,1,Pedestrian
23,1250.0,1187.0,1290.0,1240.0,189,1,0,1,Pedestrian
23,1250.0,1187.0,1290.0,1240.0,190,1,0,1,Pedestrian
23,1250.0,1187.0,1290.0,1240.0,191,1,0,1,Pedestrian
23,1250.0,1187.0,1290.0,1240.0,192,1,0,1,Pedestrian
23,1250.0,1187.0,1290.0,1240.0,193,1,0,1,Pedestrian
23,1250.0,1187.0,1290.0,1240.0,194,1,0,1,Pedestrian
23,1250.0,1187.0,1290.0,1240.0,195,1,0,1,Pedestrian
23,1250.0,1187.0,1290.0,1240.0,196,1,0,1,Pedestrian
23,1250.0,1187.0,1290.0,1240.0,197,1,0,1,Pedestrian
23,1250.0,1187.0,1290.0,1240.0,198,1,0,1,Pedestrian
23,1250.0,1187.0,1290.0,1240.0,199,1,0,1,Pedestrian
23,1250.0,1187.0,1290.0,1240.0,200,1,0,1,Pedestrian
23,1250.0,1187.0,1290.0,1240.0,201,1,0,1,Pedestrian
23,1250.0,1187.0,1290.0,1240.0,202,1,0,1,Pedestrian
23,1250.0,1187.0,1290.0,1240.0,203,1,0,1,Pedestrian
23,1250.0,1187.0,1290.0,1240.0,204,1,0,1,Pedestrian
23,1250.0,1187.0,1290.0,1240.0,205,1,0,1,Pedestrian
23,1250.0,1187.0,1290.0,1240.0,206,1,0,1,Pedestrian
23,1250.0,1187.0,1290.0,1240.0,207,1,0,1,Pedestrian
23,1250.0,1187.0,1290.0,1240.0,208,1,0,1,Pedestrian
23,1250.0,1187.0,1290.0,1240.0,209,1,0,1,Pedestrian
23,1250.0,1187.0,1290.0,1240.0,210,1,0,1,Pedestrian
23,1250.0,1187.0,1290.0,1240.0,211,1,0,1,Pedestrian
23,1250.0,1187.0,1290.0,1240.0,212,1,0,1,Pedestrian
23,1250.0,1187.0,1290.0,1240.0,213,1,0,1,Pedestrian
23,1250.0,1187.0,1290.0,1240.0,214,1,0,1,Pedestrian
23,1250.0,1187.0,1290.0,1240.0,215,1,0,1,Pedestrian
23,1250.0,1187.0,1290.0,1240.0,216,1,0,1,Pedestrian
23,1250.0,1187.0,1290.0,1240.0,217,1,0,1,Pedestrian
23,1250.0,1187.0,1290.0,1240.0,218,1,0,1,Pedestrian
23,1250.0,1187.0,1290.0,1240.0,219,1,0,1,Pedestrian
23,1250.0,1187.0,1290.0,1240.0,220,1,0,1,Pedestrian
23,1250.0,1187.0,1290.0,1240.0,221,1,0,1,Pedestrian
23,1250.0,1187.0,1290.0,1240.0,222,1,0,1,Pedestrian
23,1250.0,1187.0,1290.0,1240.0,223,1,0,1,Pedestrian
23,1250.0,1187.0,1290.0,1240.0,224,1,0,1,Pedestrian
23,1250.0,1187.0,1290.0,1240.0,225,1,0,1,Pedestrian
23,1250.0,1187.0,1290.0,1240.0,226,1,0,1,Pedestrian
23,1250.0,1187.0,1290.0,1240.0,227,1,0,1,Pedestrian
23,1250.0,1187.0,1290.0,1240.0,228,1,0,1,Pedestrian
23,1250.0,1187.0,1290.0,1240.0,229,1,0,1,Pedestrian
23,1250.0,1187.0,1290.0,1240.0,230,1,0,1,Pedestrian
23,1250.0,1187.0,1290.0,1240.0,231,1,0,1,Pedestrian
23,1250.0,1187.0,1290.0,1240.0,232,1,0,1,Pedestrian
23,1250.0,1187.0,1290.0,1240.0,233,1,0,1,Pedestrian
23,1250.0,1187.0,1290.0,1240.0,234,1,0,1,Pedestrian
23,1250.0,1187.0,1290.0,1240.0,235,1,0,1,Pedestrian
23,1250.0,1187.0,1290.0,1240.0,236,1,0,1,Pedestrian
23,1250.0,1187.0,1290.0,1240.0,237,1,0,1,Pedestrian
23,1250.0,1187.0,1290.0,1240.0,238,1,0,1,Pedestrian
23,1250.0,1187.0,1290.0,1240.0,239,1,0,1,Pedestrian
23,1250.0,1187.0,1290.0,1240.0,240,1,0,1,Pedestrian
23,1250.0,1187.0,1290.0,1240.0,241,1,0,1,Pedestrian
23,1250.0,1187.0,1290.0,1240.0,242,1,0,1,Pedestrian
23,1250.0,1187.0,1290.0,1240.0,243,1,0,1,Pedestrian
23,1250.0,1187.0,1290.0,1240.0,244,1,0,1,Pedestrian
23,1250.0,1187.0,1290.0,1240.0,245,1,0,1,Pedestrian
23,1250.0,1187.0,1290.0,1240.0,246,1,0,1,Pedestrian
23,1250.0,1187.0,1290.0,1240.0,247,1,0,1,Pedestrian
23,1250.0,1187.0,1290.0,1240.0,248,1,0,1,Pedestrian
23,1250.0,1187.0,1290.0,1240.0,249,1,0,1,Pedestrian
23,1250.0,1187.0,1290.0,1240.0,250,1,0,1,Pedestrian
23,1250.0,1187.0,1290.0,1240.0,251,1,0,1,Pedestrian
23,1250.0,1187.0,1290.0,1240.0,252,1,0,1,Pedestrian
23,1250.0,1187.0,1290.0,1240.0,253,1,0,1,Pedestrian
23,1250.0,1187.0,1290.0,1240.0,254,1,0,1,Pedestrian
23,1250.0,1187.0,1290.0,1240.0,255,1,0,1,Pedestrian
23,1250.0,1187.0,1290.0,1240.0,256,1,0,1,Pedestrian
23,1250.0,1187.0,1290.0,1240.0,257,1,0,1,Pedestrian
23,1250.0,1187.0,1290.0,1240.0,258,1,0,1,Pedestrian
23,1250.0,1187.0,1290.0,1240.0,259,1,0,1,Pedestrian
23,1250.0,1187.0,1290.0,1240.0,260,1,0,1,Pedestrian
23,1250.0,1187.0,1290.0,1240.0,261,1,0,1,Pedestrian
23,1250.0,1187.0,1290.0,1240.0,262,1,0,1,Pedestrian
23,1250.0,1187.0,1290.0,1240.0,263,1,0,1,Pedestrian
23,1250.0,1187.0,1290.0,1240.0,264,1,0,1,Pedestrian
23,1250.0,1187.0,1290.0,1240.0,265,1,0,1,Pedestrian
23,1250.0,1187.0,1290.0,1240.0,266,1,0,1,Pedestrian
23,1250.0,1187.0,1290.0,1240.0,267,1,0,1,Pedestrian
23,1250.0,1187.0,1290.0,1240.0,268,1,0,1,Pedestrian
23,1250.0,1187.0,1290.0,1240.0,269,1,0,1,Pedestrian
23,1250.0,1187.0,1290.0,1240.0,270,1,0,1,Pedestrian
23,1250.0,1187.0,1290.0,1240.0,271,1,0,1,Pedestrian
23,1250.0,1187.0,1290.0,1240.0,272,1,0,1,Pedestrian
23,1250.0,1187.0,1290.0,1240.0,273,1,0,1,Pedestrian
23,1250.0,1187.0,1290.0,1240.0,274,1,0,1,Pedestrian
23,1250.0,1187.0,1290.0,1240.0,275,1,0,1,Pedestrian
23,1250.0,1187.0,1290.0,1240.0,276,1,0,1,Pedestrian
23,1250.0,1187.0,1290.0,1240.0,277,1,0,1,Pedestrian
23,1250.0,1187.0,1290.0,1240.0,278,1,0,1,Pedestrian
23,1250.0,1187.0,1290.0,1240.0,279,1,0,1,Pedestrian
23,1250.0,1187.0,1290.0,1240.0,280,1,0,1,Pedestrian
23,1250.0,1187.0,1290.0,1240.0,281,1,0,1,Pedestrian
23,1250.0,1187.0,1290.0,1240.0,282,1,0,1,Pedestrian
23,1250.0,1187.0,1290.0,1240.0,283,1,0,1,Pedestrian
23,1250.0,1187.0,1290.0,1240.0,284,1,0,1,Pedestrian
23,1250.0,1187.0,1290.0,1240.0,285,1,0,1,Pedestrian
23,1250.0,1187.0,1290.0,1240.0,286,1,0,1,Pedestrian
23,1250.0,1187.0,1290.0,1240.0,287,1,0,1,Pedestrian
23,1250.0,1187.0,1290.0,1240.0,288,1,0,1,Pedestrian
23,1250.0,1187.0,1290.0,1240.0,289,1,0,1,Pedestrian
23,1250.0,1187.0,1290.0,1240.0,290,1,0,1,Pedestrian
23,1250.0,1187.0,1290.0,1240.0,291,1,0,1,Pedestrian
23,1250.0,1187.0,1290.0,1240.0,292,1,0,1,Pedestrian
23,1250.0,1187.0,1290.0,1240.0,293,1,0,1,Pedestrian
23,1250.0,1187.0,1290.0,1240.0,294,1,0,1,Pedestrian
23,1250.0,1187.0,1290.0,1240.0,295,1,0,1,Pedestrian
23,1250.0,1187.0,1290.0,1240.0,296,1,0,1,Pedestrian
23,1250.0,1187.0,1290.0,1240.0,297,1,0,1,Pedestrian
23,1250.0,1187.0,1290.0,1240.0,298,1,0,1,Pedestrian
23,1250.0,1187.0,1290.0,1240.0,299,1,0,1,Pedestrian
23,1250.0,1187.0,1290.0,1240.0,300,1,0,1,Pedestrian
23,1250.0,1187.0,1290.0,1240.0,301,1,0,1,Pedestrian
23,1250.0,1187.0,1290.0,1240.0,302,1,0,1,Pedestrian
23,1250.0,1187.0,1290.0,1240.0,303,1,0,1,Pedestrian
23,1250.0,1187.0,1290.0,1240.0,304,1,0,1,Pedestrian
23,1250.0,1187.0,1290.0,1240.0,305,1,0,1,Pedestrian
23,1250.0,1187.0,1290.0,1240.0,306,1,0,1,Pedestrian
23,1250.0,1187.0,1290.0,1240.0,307,1,0,1,Pedestrian
23,1250.0,1187.0,1290.0,1240.0,308,1,0,1,Pedestrian
23,1250.0,1187.0,1290.0,1240.0,309,1,0,1,Pedestrian
23,1250.0,1187.0,1290.0,1240.0,310,1,0,1,Pedestrian
23,1250.0,1187.0,1290.0,1240.0,311,1,0,1,Pedestrian
23,1250.0,1187.0,1290.0,1240.0,312,1,0,1,Pedestrian
23,1250.0,1187.0,1290.0,1240.0,313,1,0,1,Pedestrian
23,1250.0,1187.0,1290.0,1240.0,314,1,0,1,Pedestrian
23,1250.0,1187.0,1290.0,1240.0,315,1,0,1,Pedestrian
23,1250.0,1187.0,1290.0,1240.0,316,1,0,1,Pedestrian
23,1250.0,1187.0,1290.0,1240.0,317,1,0,1,Pedestrian
23,1250.0,1187.0,1290.0,1240.0,318,1,0,1,Pedestrian
23,1250.0,1187.0,1290.0,1240.0,319,1,0,1,Pedestrian
23,1250.0,1187.0,1290.0,1240.0,320,1,0,1,Pedestrian
23,1250.0,1187.0,1290.0,1240.0,321,1,0,1,Pedestrian
23,1250.0,1187.0,1290.0,1240.0,322,1,0,1,Pedestrian
23,1250.0,1187.0,1290.0,1240.0,323,1,0,1,Pedestrian
23,1250.0,1187.0,1290.0,1240.0,324,1,0,1,Pedestrian
23,1250.0,1187.0,1290.0,1240.0,325,1,0,1,Pedestrian
23,1250.0,1187.0,1290.0,1240.0,326,1,0,1,Pedestrian
23,1250.0,1187.0,1290.0,1240.0,327,1,0,1,Pedestrian
23,1250.0,1187.0,1290.0,1240.0,328,1,0,1,Pedestrian
23,1250.0,1187.0,1290.0,1240.0,329,1,0,1,Pedestrian
23,1250.0,1187.0,1290.0,1240.0,330,0,0,0,Pedestrian
23,1248.0,1183.0,1288.0,1236.0,331,0,0,1,Pedestrian
23,1246.0,1183.0,1286.0,1236.0,332,0,0,1,Pedestrian
23,1244.0,1183.0,1284.0,1236.0,333,0,0,1,Pedestrian
23,1242.0,1183.0,1282.0,1236.0,334,0,0,1,Pedestrian
23,1240.0,1183.0,1280.0,1236.0,335,0,0,1,Pedestrian
23,1240.0,1183.0,1280.0,1236.0,336,0,0,1,Pedestrian
23,1238.0,1183.0,1278.0,1236.0,337,0,0,1,Pedestrian
23,1236.0,1183.0,1276.0,1236.0,338,0,0,1,Pedestrian
23,1234.0,1183.0,1274.0,1236.0,339,0,0,1,Pedestrian
23,1232.0,1183.0,1272.0,1236.0,340,0,0,1,Pedestrian
23,1232.0,1183.0,1272.0,1236.0,341,0,0,1,Pedestrian
23,1230.0,1183.0,1270.0,1236.0,342,0,0,1,Pedestrian
23,1228.0,1183.0,1268.0,1236.0,343,0,0,1,Pedestrian
23,1226.0,1183.0,1266.0,1236.0,344,0,0,1,Pedestrian
23,1224.0,1183.0,1264.0,1236.0,345,0,0,1,Pedestrian
23,1224.0,1183.0,1264.0,1236.0,346,0,0,0,Pedestrian
23,1222.0,1183.0,1262.0,1236.0,347,0,0,1,Pedestrian
23,1220.0,1183.0,1260.0,1236.0,348,0,0,1,Pedestrian
23,1218.0,1183.0,1258.0,1236.0,349,0,0,1,Pedestrian
23,1218.0,1183.0,1258.0,1236.0,350,0,0,1,Pedestrian
23,1216.0,1187.0,1256.0,1240.0,351,0,0,1,Pedestrian
23,1214.0,1187.0,1254.0,1240.0,352,0,0,1,Pedestrian
23,1214.0,1187.0,1254.0,1240.0,353,0,0,1,Pedestrian
23,1212.0,1187.0,1252.0,1240.0,354,0,0,1,Pedestrian
23,1210.0,1191.0,1250.0,1244.0,355,0,0,1,Pedestrian
23,1210.0,1191.0,1250.0,1244.0,356,0,0,1,Pedestrian
23,1208.0,1191.0,1248.0,1244.0,357,0,0,1,Pedestrian
23,1206.0,1191.0,1246.0,1244.0,358,0,0,1,Pedestrian
23,1206.0,1195.0,1246.0,1248.0,359,0,0,0,Pedestrian
23,1204.0,1195.0,1244.0,1248.0,360,0,0,1,Pedestrian
23,1202.0,1195.0,1242.0,1248.0,361,0,0,1,Pedestrian
23,1200.0,1195.0,1240.0,1248.0,362,0,0,1,Pedestrian
23,1198.0,1195.0,1238.0,1248.0,363,0,0,1,Pedestrian
23,1198.0,1195.0,1238.0,1248.0,364,0,0,1,Pedestrian
23,1196.0,1195.0,1236.0,1248.0,365,0,0,1,Pedestrian
23,1194.0,1195.0,1234.0,1248.0,366,0,0,1,Pedestrian
23,1192.0,1195.0,1232.0,1248.0,367,0,0,1,Pedestrian
23,1190.0,1195.0,1230.0,1248.0,368,0,0,1,Pedestrian
23,1190.0,1195.0,1230.0,1248.0,369,0,0,1,Pedestrian
23,1188.0,1195.0,1228.0,1248.0,370,0,0,1,Pedestrian
23,1186.0,1195.0,1226.0,1248.0,371,0,0,1,Pedestrian
23,1184.0,1195.0,1224.0,1248.0,372,0,0,1,Pedestrian
23,1182.0,1195.0,1222.0,1248.0,373,0,0,1,Pedestrian
23,1182.0,1195.0,1222.0,1248.0,374,0,0,1,Pedestrian
23,1180.0,1195.0,1220.0,1248.0,375,0,0,1,Pedestrian
23,1178.0,1195.0,1218.0,1248.0,376,0,0,1,Pedestrian
23,1176.0,1195.0,1216.0,1248.0,377,0,0,1,Pedestrian
23,1174.0,1195.0,1214.0,1248.0,378,0,0,1,Pedestrian
23,1174.0,1199.0,1214.0,1252.0,379,0,0,0,Pedestrian
23,1170.0,1195.0,1210.0,1248.0,380,0,0,1,Pedestrian
23,1168.0,1195.0,1208.0,1248.0,381,0,0,1,Pedestrian
23,1166.0,1191.0,1206.0,1244.0,382,0,0,1,Pedestrian
23,1164.0,1191.0,1204.0,1244.0,383,0,0,1,Pedestrian
23,1162.0,1191.0,1202.0,1244.0,384,0,0,1,Pedestrian
23,1158.0,1187.0,1198.0,1240.0,385,0,0,1,Pedestrian
23,1156.0,1187.0,1196.0,1240.0,386,0,0,1,Pedestrian
23,1154.0,1183.0,1194.0,1236.0,387,0,0,1,Pedestrian
23,1152.0,1183.0,1192.0,1236.0,388,0,0,1,Pedestrian
23,1150.0,1183.0,1190.0,1236.0,389,0,0,0,Pedestrian
23,1150.0,1183.0,1190.0,1236.0,390,0,0,1,Pedestrian
23,1150.0,1183.0,1190.0,1236.0,391,0,0,1,Pedestrian
23,1150.0,1183.0,1190.0,1236.0,392,0,0,1,Pedestrian
23,1150.0,1183.0,1190.0,1236.0,393,0,0,1,Pedestrian
23,1150.0,1183.0,1190.0,1236.0,394,0,0,1,Pedestrian
23,1150.0,1183.0,1190.0,1236.0,395,0,0,1,Pedestrian
23,1150.0,1183.0,1190.0,1236.0,396,0,0,1,Pedestrian
23,1150.0,1183.0,1190.0,1236.0,397,0,0,1,Pedestrian
23,1150.0,1183.0,1190.0,1236.0,398,0,0,1,Pedestrian
23,1150.0,1183.0,1190.0,1236.0,399,0,0,1,Pedestrian
23,1150.0,1183.0,1190.0,1236.0,400,0,0,1,Pedestrian
23,1150.0,1183.0,1190.0,1236.0,401,0,0,1,Pedestrian
23,1150.0,1183.0,1190.0,1236.0,402,0,0,1,Pedestrian
23,1150.0,1183.0,1190.0,1236.0,403,0,0,1,Pedestrian
23,1150.0,1183.0,1190.0,1236.0,404,0,0,1,Pedestrian
23,1150.0,1183.0,1190.0,1236.0,405,0,0,1,Pedestrian
23,1150.0,1183.0,1190.0,1236.0,406,0,0,1,Pedestrian
23,1150.0,1183.0,1190.0,1236.0,407,0,0,1,Pedestrian
23,1150.0,1183.0,1190.0,1236.0,408,0,0,1,Pedestrian
23,1150.0,1183.0,1190.0,1236.0,409,0,0,0,Pedestrian
23,1150.0,1183.0,1190.0,1236.0,410,0,0,1,Pedestrian
23,1150.0,1183.0,1190.0,1236.0,411,0,0,1,Pedestrian
23,1150.0,1183.0,1190.0,1236.0,412,0,0,1,Pedestrian
23,1150.0,1183.0,1190.0,1236.0,413,0,0,1,Pedestrian
23,1150.0,1183.0,1190.0,1236.0,414,0,0,1,Pedestrian
23,1150.0,1183.0,1190.0,1236.0,415,0,0,1,Pedestrian
23,1150.0,1183.0,1190.0,1236.0,416,0,0,1,Pedestrian
23,1150.0,1183.0,1190.0,1236.0,417,0,0,1,Pedestrian
23,1150.0,1183.0,1190.0,1236.0,418,0,0,1,Pedestrian
23,1150.0,1183.0,1190.0,1236.0,419,0,0,0,Pedestrian
23,1140.0,1183.0,1180.0,1236.0,420,0,0,1,Pedestrian
23,1132.0,1183.0,1172.0,1236.0,421,0,0,1,Pedestrian
23,1122.0,1183.0,1162.0,1236.0,422,0,0,1,Pedestrian
23,1114.0,1183.0,1154.0,1236.0,423,0,0,0,Pedestrian
23,1110.0,1183.0,1150.0,1236.0,424,0,0,1,Pedestrian
23,1108.0,1183.0,1148.0,1236.0,425,0,0,1,Pedestrian
23,1106.0,1183.0,1146.0,1236.0,426,0,0,1,Pedestrian
23,1104.0,1183.0,1144.0,1236.0,427,0,0,1,Pedestrian
23,1102.0,1183.0,1142.0,1236.0,428,0,0,1,Pedestrian
23,1100.0,1183.0,1140.0,1236.0,429,0,0,1,Pedestrian
23,1098.0,1183.0,1138.0,1236.0,430,0,0,0,Pedestrian
24,867.0,1134.0,909.0,1191.0,0,0,0,0,Biker
24,867.0,1130.0,909.0,1187.0,1,0,0,1,Biker
24,867.0,1130.0,909.0,1187.0,2,0,0,1,Biker
24,867.0,1126.0,909.0,1183.0,3,0,0,1,Biker
24,867.0,1126.0,909.0,1183.0,4,0,0,1,Biker
24,867.0,1122.0,909.0,1179.0,5,0,0,1,Biker
24,867.0,1122.0,909.0,1179.0,6,0,0,1,Biker
24,867.0,1118.0,909.0,1175.0,7,0,0,1,Biker
24,867.0,1118.0,909.0,1175.0,8,0,0,1,Biker
24,867.0,1114.0,909.0,1171.0,9,0,0,1,Biker
24,867.0,1114.0,909.0,1171.0,10,0,0,1,Biker
24,867.0,1110.0,909.0,1167.0,11,0,0,1,Biker
24,867.0,1110.0,909.0,1167.0,12,0,0,1,Biker
24,867.0,1106.0,909.0,1163.0,13,0,0,1,Biker
24,867.0,1106.0,909.0,1163.0,14,0,0,1,Biker
24,867.0,1106.0,909.0,1163.0,15,0,0,1,Biker
24,867.0,1101.0,909.0,1159.0,16,0,0,1,Biker
24,867.0,1101.0,909.0,1159.0,17,0,0,1,Biker
24,867.0,1097.0,909.0,1154.0,18,0,0,1,Biker
24,867.0,1097.0,909.0,1154.0,19,0,0,1,Biker
24,867.0,1093.0,909.0,1150.0,20,0,0,1,Biker
24,867.0,1093.0,909.0,1150.0,21,0,0,1,Biker
24,867.0,1089.0,909.0,1146.0,22,0,0,1,Biker
24,867.0,1089.0,909.0,1146.0,23,0,0,1,Biker
24,867.0,1085.0,909.0,1142.0,24,0,0,1,Biker
24,867.0,1085.0,909.0,1142.0,25,0,0,1,Biker
24,867.0,1081.0,909.0,1138.0,26,0,0,1,Biker
24,867.0,1081.0,909.0,1138.0,27,0,0,1,Biker
24,867.0,1077.0,909.0,1134.0,28,0,0,1,Biker
24,867.0,1077.0,909.0,1134.0,29,0,0,1,Biker
24,867.0,1077.0,909.0,1134.0,30,0,0,0,Biker
24,865.0,1073.0,907.0,1130.0,31,0,0,1,Biker
24,865.0,1073.0,907.0,1130.0,32,0,0,1,Biker
24,865.0,1069.0,907.0,1126.0,33,0,0,1,Biker
24,865.0,1069.0,907.0,1126.0,34,0,0,1,Biker
24,865.0,1065.0,907.0,1122.0,35,0,0,1,Biker
24,865.0,1065.0,907.0,1122.0,36,0,0,1,Biker
24,865.0,1061.0,907.0,1118.0,37,0,0,1,Biker
24,865.0,1061.0,907.0,1118.0,38,0,0,1,Biker
24,865.0,1057.0,907.0,1114.0,39,0,0,1,Biker
24,865.0,1057.0,907.0,1114.0,40,0,0,1,Biker
24,863.0,1052.0,905.0,1110.0,41,0,0,1,Biker
24,863.0,1052.0,905.0,1110.0,42,0,0,1,Biker
24,863.0,1048.0,905.0,1106.0,43,0,0,1,Biker
24,863.0,1048.0,905.0,1106.0,44,0,0,1,Biker
24,863.0,1044.0,905.0,1101.0,45,0,0,1,Biker
24,863.0,1044.0,905.0,1101.0,46,0,0,1,Biker
24,863.0,1040.0,905.0,1097.0,47,0,0,1,Biker
24,863.0,1040.0,905.0,1097.0,48,0,0,1,Biker
24,863.0,1036.0,905.0,1093.0,49,0,0,1,Biker
24,863.0,1036.0,905.0,1093.0,50,0,0,1,Biker
24,861.0,1032.0,903.0,1089.0,51,0,0,1,Biker
24,861.0,1032.0,903.0,1089.0,52,0,0,1,Biker
24,861.0,1028.0,903.0,1085.0,53,0,0,1,Biker
24,861.0,1028.0,903.0,1085.0,54,0,0,1,Biker
24,861.0,1024.0,903.0,1081.0,55,0,0,1,Biker
24,861.0,1024.0,903.0,1081.0,56,0,0,1,Biker
24,861.0,1020.0,903.0,1077.0,57,0,0,1,Biker
24,861.0,1020.0,903.0,1077.0,58,0,0,1,Biker
24,861.0,1016.0,903.0,1073.0,59,0,0,1,Biker
24,861.0,1016.0,903.0,1073.0,60,0,0,0,Biker
24,859.0,1012.0,901.0,1069.0,61,0,0,1,Biker
24,857.0,1008.0,899.0,1065.0,62,0,0,1,Biker
24,857.0,1003.0,899.0,1061.0,63,0,0,1,Biker
24,855.0,1003.0,897.0,1061.0,64,0,0,1,Biker
24,853.0,999.0,895.0,1057.0,65,0,0,1,Biker
24,853.0,995.0,895.0,1052.0,66,0,0,1,Biker
24,851.0,991.0,893.0,1048.0,67,0,0,1,Biker
24,849.0,991.0,891.0,1048.0,68,0,0,1,Biker
24,849.0,987.0,891.0,1044.0,69,0,0,1,Biker
24,847.0,983.0,889.0,1040.0,70,0,0,1,Biker
24,847.0,979.0,889.0,1036.0,71,0,0,1,Biker
24,845.0,979.0,887.0,1036.0,72,0,0,1,Biker
24,843.0,975.0,885.0,1032.0,73,0,0,1,Biker
24,843.0,971.0,885.0,1028.0,74,0,0,1,Biker
24,841.0,971.0,883.0,1028.0,75,0,0,1,Biker
24,839.0,967.0,881.0,1024.0,76,0,0,1,Biker
24,839.0,963.0,881.0,1020.0,77,0,0,1,Biker
24,837.0,959.0,879.0,1016.0,78,0,0,1,Biker
24,835.0,959.0,877.0,1016.0,79,0,0,1,Biker
24,835.0,955.0,877.0,1012.0,80,0,0,1,Biker
24,833.0,950.0,875.0,1008.0,81,0,0,1,Biker
24,833.0,946.0,875.0,1003.0,82,0,0,1,Biker
24,831.0,946.0,873.0,1003.0,83,0,0,1,Biker
24,829.0,942.0,871.0,999.0,84,0,0,1,Biker
24,829.0,938.0,871.0,995.0,85,0,0,1,Biker
24,827.0,934.0,869.0,991.0,86,0,0,1,Biker
24,825.0,934.0,867.0,991.0,87,0,0,1,Biker
24,825.0,930.0,867.0,987.0,88,0,0,1,Biker
24,823.0,926.0,865.0,983.0,89,0,0,1,Biker
24,823.0,926.0,865.0,983.0,90,0,0,0,Biker
24,821.0,922.0,863.0,979.0,91,0,0,1,Biker
24,821.0,918.0,863.0,975.0,92,0,0,1,Biker
24,819.0,918.0,861.0,975.0,93,0,0,1,Biker
24,819.0,914.0,861.0,971.0,94,0,0,1,Biker
24,819.0,914.0,861.0,971.0,95,0,0,1,Biker
24,817.0,910.0,859.0,967.0,96,0,0,1,Biker
24,817.0,910.0,859.0,967.0,97,0,0,1,Biker
24,815.0,906.0,857.0,963.0,98,0,0,1,Biker
24,815.0,901.0,857.0,959.0,99,0,0,1,Biker
24,815.0,901.0,857.0,959.0,100,0,0,1,Biker
24,813.0,897.0,855.0,955.0,101,0,0,1,Biker
24,813.0,897.0,855.0,955.0,102,0,0,1,Biker
24,811.0,893.0,853.0,950.0,103,0,0,1,Biker
24,811.0,893.0,853.0,950.0,104,0,0,1,Biker
24,811.0,889.0,853.0,946.0,105,0,0,1,Biker
24,809.0,885.0,851.0,942.0,106,0,0,1,Biker
24,809.0,885.0,851.0,942.0,107,0,0,1,Biker
24,807.0,881.0,849.0,938.0,108,0,0,1,Biker
24,807.0,881.0,849.0,938.0,109,0,0,1,Biker
24,807.0,877.0,849.0,934.0,110,0,0,1,Biker
24,805.0,877.0,847.0,934.0,111,0,0,1,Biker
24,805.0,873.0,847.0,930.0,112,0,0,1,Biker
24,803.0,869.0,845.0,926.0,113,0,0,1,Biker
24,803.0,869.0,845.0,926.0,114,0,0,1,Biker
24,803.0,865.0,845.0,922.0,115,0,0,1,Biker
24,801.0,865.0,843.0,922.0,116,0,0,1,Biker
24,801.0,861.0,843.0,918.0,117,0,0,1,Biker
24,799.0,861.0,841.0,918.0,118,0,0,1,Biker
24,799.0,857.0,841.0,914.0,119,0,0,1,Biker
24,799.0,857.0,841.0,914.0,120,0,0,0,Biker
24,799.0,852.0,841.0,910.0,121,0,0,1,Biker
24,799.0,848.0,841.0,906.0,122,0,0,1,Biker
24,799.0,844.0,841.0,901.0,123,0,0,1,Biker
24,799.0,844.0,841.0,901.0,124,0,0,1,Biker
24,799.0,840.0,841.0,897.0,125,0,0,1,Biker
24,799.0,836.0,841.0,893.0,126,0,0,1,Biker
24,799.0,836.0,841.0,893.0,127,0,0,1,Biker
24,799.0,832.0,841.0,889.0,128,0,0,1,Biker
24,799.0,828.0,841.0,885.0,129,0,0,1,Biker
24,799.0,824.0,841.0,881.0,130,0,0,1,Biker
24,799.0,824.0,841.0,881.0,131,0,0,1,Biker
24,799.0,820.0,841.0,877.0,132,0,0,1,Biker
24,799.0,816.0,841.0,873.0,133,0,0,1,Biker
24,799.0,816.0,841.0,873.0,134,0,0,1,Biker
24,799.0,812.0,841.0,869.0,135,0,0,1,Biker
24,799.0,808.0,841.0,865.0,136,0,0,1,Biker
24,799.0,804.0,841.0,861.0,137,0,0,1,Biker
24,799.0,804.0,841.0,861.0,138,0,0,1,Biker
24,799.0,799.0,841.0,857.0,139,0,0,1,Biker
24,799.0,795.0,841.0,852.0,140,0,0,1,Biker
24,799.0,795.0,841.0,852.0,141,0,0,1,Biker
24,799.0,791.0,841.0,848.0,142,0,0,1,Biker
24,799.0,787.0,841.0,844.0,143,0,0,1,Biker
24,799.0,783.0,841.0,840.0,144,0,0,1,Biker
24,799.0,783.0,841.0,840.0,145,0,0,1,Biker
24,799.0,779.0,841.0,836.0,146,0,0,1,Biker
24,799.0,775.0,841.0,832.0,147,0,0,1,Biker
24,799.0,775.0,841.0,832.0,148,0,0,1,Biker
24,799.0,771.0,841.0,828.0,149,0,0,1,Biker
24,799.0,767.0,841.0,824.0,150,0,0,1,Biker
24,799.0,767.0,841.0,824.0,151,0,0,1,Biker
24,799.0,763.0,841.0,820.0,152,0,0,1,Biker
24,799.0,759.0,841.0,816.0,153,0,0,1,Biker
24,799.0,755.0,841.0,812.0,154,0,0,1,Biker
24,799.0,755.0,841.0,812.0,155,0,0,1,Biker
24,799.0,750.0,841.0,808.0,156,0,0,1,Biker
24,799.0,746.0,841.0,804.0,157,0,0,1,Biker
24,799.0,746.0,841.0,804.0,158,0,0,1,Biker
24,799.0,742.0,841.0,799.0,159,0,0,1,Biker
24,799.0,738.0,841.0,795.0,160,0,0,1,Biker
24,799.0,734.0,841.0,791.0,161,0,0,1,Biker
24,799.0,734.0,841.0,791.0,162,0,0,1,Biker
24,799.0,730.0,841.0,787.0,163,0,0,1,Biker
24,799.0,726.0,841.0,783.0,164,0,0,1,Biker
24,799.0,726.0,841.0,783.0,165,0,0,1,Biker
24,799.0,722.0,841.0,779.0,166,0,0,1,Biker
24,799.0,718.0,841.0,775.0,167,0,0,1,Biker
24,799.0,714.0,841.0,771.0,168,0,0,1,Biker
24,799.0,714.0,841.0,771.0,169,0,0,1,Biker
24,799.0,710.0,841.0,767.0,170,0,0,1,Biker
24,799.0,706.0,841.0,763.0,171,0,0,1,Biker
24,799.0,706.0,841.0,763.0,172,0,0,1,Biker
24,799.0,701.0,841.0,759.0,173,0,0,1,Biker
24,799.0,697.0,841.0,755.0,174,0,0,1,Biker
24,799.0,697.0,841.0,755.0,175,0,0,1,Biker
24,799.0,693.0,841.0,750.0,176,0,0,1,Biker
24,799.0,689.0,841.0,746.0,177,0,0,1,Biker
24,799.0,685.0,841.0,742.0,178,0,0,1,Biker
24,799.0,685.0,841.0,742.0,179,0,0,1,Biker
24,799.0,681.0,841.0,738.0,180,0,0,1,Biker
24,799.0,677.0,841.0,734.0,181,0,0,1,Biker
24,799.0,677.0,841.0,734.0,182,0,0,1,Biker
24,799.0,673.0,841.0,730.0,183,0,0,1,Biker
24,799.0,669.0,841.0,726.0,184,0,0,1,Biker
24,799.0,665.0,841.0,722.0,185,0,0,1,Biker
24,799.0,665.0,841.0,722.0,186,0,0,1,Biker
24,799.0,661.0,841.0,718.0,187,0,0,1,Biker
24,799.0,657.0,841.0,714.0,188,0,0,1,Biker
24,799.0,657.0,841.0,714.0,189,0,0,1,Biker
24,799.0,653.0,841.0,710.0,190,0,0,1,Biker
24,799.0,648.0,841.0,706.0,191,0,0,1,Biker
24,799.0,644.0,841.0,701.0,192,0,0,1,Biker
24,799.0,644.0,841.0,701.0,193,0,0,1,Biker
24,799.0,640.0,841.0,697.0,194,0,0,1,Biker
24,799.0,636.0,841.0,693.0,195,0,0,1,Biker
24,799.0,636.0,841.0,693.0,196,0,0,1,Biker
24,799.0,632.0,841.0,689.0,197,0,0,1,Biker
24,799.0,628.0,841.0,685.0,198,0,0,1,Biker
24,799.0,624.0,841.0,681.0,199,0,0,1,Biker
24,799.0,624.0,841.0,681.0,200,0,0,1,Biker
24,799.0,620.0,841.0,677.0,201,0,0,1,Biker
24,799.0,616.0,841.0,673.0,202,0,0,1,Biker
24,799.0,616.0,841.0,673.0,203,0,0,1,Biker
24,799.0,612.0,841.0,669.0,204,0,0,1,Biker
24,799.0,608.0,841.0,665.0,205,0,0,1,Biker
24,799.0,608.0,841.0,665.0,206,0,0,1,Biker
24,799.0,604.0,841.0,661.0,207,0,0,1,Biker
24,799.0,599.0,841.0,657.0,208,0,0,1,Biker
24,799.0,595.0,841.0,653.0,209,0,0,1,Biker
24,799.0,595.0,841.0,653.0,210,0,0,1,Biker
24,799.0,591.0,841.0,648.0,211,0,0,1,Biker
24,799.0,587.0,841.0,644.0,212,0,0,1,Biker
24,799.0,587.0,841.0,644.0,213,0,0,1,Biker
24,799.0,583.0,841.0,640.0,214,0,0,1,Biker
24,799.0,579.0,841.0,636.0,215,0,0,1,Biker
24,799.0,575.0,841.0,632.0,216,0,0,1,Biker
24,799.0,575.0,841.0,632.0,217,0,0,1,Biker
24,799.0,571.0,841.0,628.0,218,0,0,1,Biker
24,799.0,567.0,841.0,624.0,219,0,0,1,Biker
24,799.0,567.0,841.0,624.0,220,0,0,1,Biker
24,799.0,563.0,841.0,620.0,221,0,0,1,Biker
24,799.0,559.0,841.0,616.0,222,0,0,1,Biker
24,799.0,555.0,841.0,612.0,223,0,0,1,Biker
24,799.0,555.0,841.0,612.0,224,0,0,1,Biker
24,799.0,550.0,841.0,608.0,225,0,0,1,Biker
24,799.0,546.0,841.0,604.0,226,0,0,1,Biker
24,799.0,546.0,841.0,604.0,227,0,0,1,Biker
24,799.0,542.0,841.0,599.0,228,0,0,1,Biker
24,799.0,538.0,841.0,595.0,229,0,0,1,Biker
24,801.0,538.0,843.0,595.0,230,0,0,0,Biker
24,801.0,534.0,843.0,591.0,231,0,0,1,Biker
24,801.0,530.0,843.0,587.0,232,0,0,1,Biker
24,801.0,526.0,843.0,583.0,233,0,0,1,Biker
24,801.0,526.0,843.0,583.0,234,0,0,1,Biker
24,803.0,522.0,845.0,579.0,235,0,0,1,Biker
24,803.0,518.0,845.0,575.0,236,0,0,1,Biker
24,803.0,514.0,845.0,571.0,237,0,0,1,Biker
24,803.0,514.0,845.0,571.0,238,0,0,1,Biker
24,805.0,510.0,847.0,567.0,239,0,0,1,Biker
24,805.0,506.0,847.0,563.0,240,0,0,1,Biker
24,805.0,506.0,847.0,563.0,241,0,0,1,Biker
24,805.0,501.0,847.0,559.0,242,0,0,1,Biker
24,807.0,497.0,849.0,555.0,243,0,0,1,Biker
24,807.0,493.0,849.0,550.0,244,0,0,1,Biker
24,807.0,493.0,849.0,550.0,245,0,0,1,Biker
24,807.0,489.0,849.0,546.0,246,0,0,1,Biker
24,807.0,485.0,849.0,542.0,247,0,0,1,Biker
24,809.0,485.0,851.0,542.0,248,0,0,1,Biker
24,809.0,481.0,851.0,538.0,249,0,0,1,Biker
24,809.0,477.0,851.0,534.0,250,0,0,1,Biker
24,809.0,473.0,851.0,530.0,251,0,0,1,Biker
24,811.0,473.0,853.0,530.0,252,0,0,1,Biker
24,811.0,469.0,853.0,526.0,253,0,0,1,Biker
24,811.0,465.0,853.0,522.0,254,0,0,1,Biker
24,811.0,465.0,853.0,522.0,255,0,0,1,Biker
24,813.0,461.0,855.0,518.0,256,0,0,1,Biker
24,813.0,457.0,855.0,514.0,257,0,0,1,Biker
24,813.0,453.0,855.0,510.0,258,0,0,1,Biker
24,813.0,453.0,855.0,510.0,259,0,0,1,Biker
24,815.0,448.0,857.0,506.0,260,0,0,1,Biker
24,815.0,444.0,857.0,501.0,261,0,0,1,Biker
24,815.0,444.0,857.0,501.0,262,0,0,1,Biker
24,815.0,440.0,857.0,497.0,263,0,0,1,Biker
24,815.0,436.0,857.0,493.0,264,0,0,1,Biker
24,817.0,432.0,859.0,489.0,265,0,0,1,Biker
24,817.0,432.0,859.0,489.0,266,0,0,1,Biker
24,817.0,428.0,859.0,485.0,267,0,0,1,Biker
24,817.0,424.0,859.0,481.0,268,0,0,1,Biker
24,819.0,424.0,861.0,481.0,269,0,0,1,Biker
24,819.0,420.0,861.0,477.0,270,0,0,1,Biker
24,819.0,416.0,861.0,473.0,271,0,0,1,Biker
24,819.0,412.0,861.0,469.0,272,0,0,1,Biker
24,821.0,412.0,863.0,469.0,273,0,0,1,Biker
24,821.0,408.0,863.0,465.0,274,0,0,1,Biker
24,821.0,404.0,863.0,461.0,275,0,0,1,Biker
24,821.0,404.0,863.0,461.0,276,0,0,1,Biker
24,821.0,399.0,863.0,457.0,277,0,0,1,Biker
24,823.0,395.0,865.0,453.0,278,0,0,1,Biker
24,823.0,391.0,865.0,448.0,279,0,0,1,Biker
24,823.0,391.0,865.0,448.0,280,0,0,1,Biker
24,823.0,387.0,865.0,444.0,281,0,0,1,Biker
24,825.0,383.0,867.0,440.0,282,0,0,1,Biker
24,825.0,383.0,867.0,440.0,283,0,0,1,Biker
24,825.0,379.0,867.0,436.0,284,0,0,1,Biker
24,825.0,375.0,867.0,432.0,285,0,0,1,Biker
24,827.0,371.0,869.0,428.0,286,0,0,1,Biker
24,827.0,371.0,869.0,428.0,287,0,0,1,Biker
24,827.0,367.0,869.0,424.0,288,0,0,1,Biker
24,827.0,363.0,869.0,420.0,289,0,0,1,Biker
24,829.0,363.0,871.0,420.0,290,0,0,0,Biker
24,829.0,359.0,871.0,416.0,291,0,0,1,Biker
24,829.0,355.0,871.0,412.0,292,0,0,1,Biker
24,829.0,350.0,871.0,408.0,293,0,0,1,Biker
24,829.0,346.0,871.0,404.0,294,0,0,1,Biker
24,829.0,346.0,871.0,404.0,295,0,0,1,Biker
24,829.0,342.0,871.0,399.0,296,0,0,1,Biker
24,829.0,338.0,871.0,395.0,297,0,0,1,Biker
24,831.0,334.0,873.0,391.0,298,0,0,1,Biker
24,831.0,330.0,873.0,387.0,299,0,0,1,Biker
24,831.0,330.0,873.0,387.0,300,0,0,1,Biker
24,831.0,326.0,873.0,383.0,301,0,0,1,Biker
24,831.0,322.0,873.0,379.0,302,0,0,1,Biker
24,831.0,318.0,873.0,375.0,303,0,0,1,Biker
24,831.0,318.0,873.0,375.0,304,0,0,1,Biker
24,831.0,314.0,873.0,371.0,305,0,0,1,Biker
24,833.0,310.0,875.0,367.0,306,0,0,1,Biker
24,833.0,306.0,875.0,363.0,307,0,0,1,Biker
24,833.0,302.0,875.0,359.0,308,0,0,1,Biker
24,833.0,302.0,875.0,359.0,309,0,0,1,Biker
24,833.0,297.0,875.0,355.0,310,0,0,1,Biker
24,833.0,293.0,875.0,350.0,311,0,0,1,Biker
24,833.0,289.0,875.0,346.0,312,0,0,1,Biker
24,833.0,285.0,875.0,342.0,313,0,0,1,Biker
24,835.0,285.0,877.0,342.0,314,0,0,1,Biker
24,835.0,281.0,877.0,338.0,315,0,0,1,Biker
24,835.0,277.0,877.0,334.0,316,0,0,1,Biker
24,835.0,273.0,877.0,330.0,317,0,0,1,Biker
24,835.0,273.0,877.0,330.0,318,0,0,1,Biker
24,835.0,269.0,877.0,326.0,319,0,0,1,Biker
24,835.0,265.0,877.0,322.0,320,0,0,1,Biker
24,835.0,261.0,877.0,318.0,321,0,0,1,Biker
24,837.0,257.0,879.0,314.0,322,0,0,1,Biker
24,837.0,257.0,879.0,314.0,323,0,0,1,Biker
24,837.0,253.0,879.0,310.0,324,0,0,1,Biker
24,837.0,248.0,879.0,306.0,325,0,0,1,Biker
24,837.0,244.0,879.0,302.0,326,0,0,1,Biker
24,837.0,240.0,879.0,297.0,327,0,0,1,Biker
24,837.0,240.0,879.0,297.0,328,0,0,1,Biker
24,839.0,236.0,881.0,293.0,329,0,0,1,Biker
24,839.0,232.0,881.0,289.0,330,0,0,1,Biker
24,839.0,228.0,881.0,285.0,331,0,0,1,Biker
24,839.0,228.0,881.0,285.0,332,0,0,1,Biker
24,839.0,224.0,881.0,281.0,333,0,0,1,Biker
24,839.0,220.0,881.0,277.0,334,0,0,1,Biker
24,839.0,216.0,881.0,273.0,335,0,0,1,Biker
24,839.0,212.0,881.0,269.0,336,0,0,1,Biker
24,841.0,212.0,883.0,269.0,337,0,0,1,Biker
24,841.0,208.0,883.0,265.0,338,0,0,1,Biker
24,841.0,204.0,883.0,261.0,339,0,0,1,Biker
24,841.0,199.0,883.0,257.0,340,0,0,1,Biker
24,841.0,195.0,883.0,253.0,341,0,0,1,Biker
24,841.0,195.0,883.0,253.0,342,0,0,1,Biker
24,841.0,191.0,883.0,248.0,343,0,0,1,Biker
24,841.0,187.0,883.0,244.0,344,0,0,1,Biker
24,843.0,183.0,885.0,240.0,345,0,0,1,Biker
24,843.0,183.0,885.0,240.0,346,0,0,1,Biker
24,843.0,179.0,885.0,236.0,347,0,0,1,Biker
24,843.0,175.0,885.0,232.0,348,0,0,1,Biker
24,843.0,171.0,885.0,228.0,349,0,0,1,Biker
24,843.0,167.0,885.0,224.0,350,0,0,1,Biker
24,843.0,167.0,885.0,224.0,351,0,0,1,Biker
24,843.0,163.0,885.0,220.0,352,0,0,1,Biker
24,845.0,159.0,887.0,216.0,353,0,0,1,Biker
24,845.0,155.0,887.0,212.0,354,0,0,1,Biker
24,845.0,151.0,887.0,208.0,355,0,0,1,Biker
24,845.0,151.0,887.0,208.0,356,0,0,1,Biker
24,845.0,146.0,887.0,204.0,357,0,0,1,Biker
24,845.0,142.0,887.0,199.0,358,0,0,1,Biker
24,845.0,138.0,887.0,195.0,359,0,0,1,Biker
24,847.0,138.0,889.0,195.0,360,0,0,0,Biker
24,845.0,134.0,887.0,191.0,361,0,0,1,Biker
24,845.0,130.0,887.0,187.0,362,0,0,1,Biker
24,845.0,126.0,887.0,183.0,363,0,0,1,Biker
24,845.0,126.0,887.0,179.0,364,0,0,1,Biker
24,845.0,122.0,887.0,179.0,365,0,0,1,Biker
24,845.0,118.0,887.0,175.0,366,0,0,1,Biker
24,845.0,118.0,887.0,171.0,367,0,0,1,Biker
24,845.0,114.0,887.0,167.0,368,0,0,1,Biker
24,843.0,110.0,885.0,167.0,369,0,0,1,Biker
24,843.0,110.0,885.0,163.0,370,0,0,1,Biker
24,843.0,106.0,885.0,159.0,371,0,0,1,Biker
24,843.0,102.0,885.0,155.0,372,0,0,1,Biker
24,843.0,102.0,885.0,155.0,373,0,0,1,Biker
24,843.0,97.0,885.0,151.0,374,0,0,1,Biker
24,843.0,93.0,885.0,146.0,375,0,0,1,Biker
24,843.0,93.0,885.0,142.0,376,0,0,1,Biker
24,841.0,89.0,883.0,142.0,377,0,0,1,Biker
24,841.0,85.0,883.0,138.0,378,0,0,1,Biker
24,841.0,85.0,883.0,134.0,379,0,0,1,Biker
24,841.0,81.0,883.0,130.0,380,0,0,1,Biker
24,841.0,77.0,883.0,130.0,381,0,0,1,Biker
24,841.0,77.0,883.0,126.0,382,0,0,1,Biker
24,841.0,73.0,883.0,122.0,383,0,0,1,Biker
24,841.0,69.0,883.0,118.0,384,0,0,1,Biker
24,841.0,69.0,883.0,118.0,385,0,0,1,Biker
24,839.0,65.0,881.0,114.0,386,0,0,1,Biker
24,839.0,61.0,881.0,110.0,387,0,0,1,Biker
24,839.0,57.0,881.0,106.0,388,0,0,1,Biker
24,839.0,57.0,881.0,102.0,389,0,0,1,Biker
24,839.0,53.0,881.0,102.0,390,0,0,1,Biker
24,839.0,48.0,881.0,97.0,391,0,0,1,Biker
24,839.0,48.0,881.0,93.0,392,0,0,1,Biker
24,839.0,44.0,881.0,89.0,393,0,0,1,Biker
24,837.0,40.0,879.0,89.0,394,0,0,1,Biker
24,837.0,40.0,879.0,85.0,395,0,0,1,Biker
24,837.0,36.0,879.0,81.0,396,0,0,1,Biker
24,837.0,32.0,879.0,77.0,397,0,0,1,Biker
24,837.0,32.0,879.0,77.0,398,0,0,1,Biker
24,837.0,28.0,879.0,73.0,399,0,0,1,Biker
24,837.0,24.0,879.0,69.0,400,0,0,1,Biker
24,837.0,24.0,879.0,65.0,401,0,0,1,Biker
24,835.0,20.0,877.0,65.0,402,0,0,1,Biker
24,835.0,16.0,877.0,61.0,403,0,0,1,Biker
24,835.0,16.0,877.0,57.0,404,0,0,1,Biker
24,835.0,12.0,877.0,53.0,405,0,0,1,Biker
24,835.0,8.0,877.0,53.0,406,0,0,1,Biker
24,835.0,8.0,877.0,48.0,407,0,0,1,Biker
24,835.0,4.0,877.0,44.0,408,0,0,1,Biker
24,835.0,0.0,877.0,40.0,409,0,0,1,Biker
24,835.0,0.0,877.0,40.0,410,1,0,0,Biker
24,835.0,0.0,877.0,40.0,411,1,0,1,Biker
24,835.0,0.0,877.0,40.0,412,1,0,1,Biker
24,835.0,0.0,877.0,40.0,413,1,0,1,Biker
24,835.0,0.0,877.0,40.0,414,1,0,1,Biker
24,835.0,0.0,877.0,40.0,415,1,0,1,Biker
24,835.0,0.0,877.0,40.0,416,1,0,1,Biker
24,835.0,0.0,877.0,40.0,417,1,0,1,Biker
24,835.0,0.0,877.0,40.0,418,1,0,1,Biker
24,835.0,0.0,877.0,40.0,419,1,0,1,Biker
24,835.0,0.0,877.0,40.0,420,1,0,0,Biker
24,833.0,89.0,875.0,134.0,421,1,0,1,Biker
24,831.0,183.0,873.0,228.0,422,1,0,1,Biker
24,831.0,277.0,873.0,322.0,423,1,0,1,Biker
24,829.0,367.0,871.0,416.0,424,1,0,1,Biker
24,829.0,461.0,871.0,510.0,425,1,0,1,Biker
24,827.0,555.0,869.0,604.0,426,1,0,1,Biker
24,825.0,644.0,867.0,697.0,427,1,0,1,Biker
24,825.0,738.0,867.0,791.0,428,1,0,1,Biker
24,823.0,832.0,865.0,885.0,429,1,0,1,Biker
24,823.0,926.0,865.0,983.0,430,0,0,0,Biker
25,821.0,1085.0,857.0,1179.0,0,0,0,0,Biker
25,819.0,1081.0,855.0,1175.0,1,0,0,1,Biker
25,819.0,1081.0,855.0,1175.0,2,0,0,1,Biker
25,819.0,1077.0,855.0,1171.0,3,0,0,1,Biker
25,819.0,1077.0,855.0,1171.0,4,0,0,1,Biker
25,817.0,1073.0,853.0,1167.0,5,0,0,1,Biker
25,817.0,1073.0,853.0,1167.0,6,0,0,1,Biker
25,817.0,1069.0,853.0,1163.0,7,0,0,1,Biker
25,817.0,1069.0,853.0,1163.0,8,0,0,1,Biker
25,815.0,1065.0,851.0,1159.0,9,0,0,1,Biker
25,815.0,1065.0,851.0,1159.0,10,0,0,1,Biker
25,815.0,1061.0,851.0,1154.0,11,0,0,1,Biker
25,815.0,1061.0,851.0,1154.0,12,0,0,1,Biker
25,813.0,1057.0,849.0,1150.0,13,0,0,1,Biker
25,813.0,1057.0,849.0,1150.0,14,0,0,1,Biker
25,813.0,1052.0,849.0,1146.0,15,0,0,1,Biker
25,813.0,1052.0,849.0,1146.0,16,0,0,1,Biker
25,811.0,1052.0,847.0,1146.0,17,0,0,1,Biker
25,811.0,1048.0,847.0,1142.0,18,0,0,1,Biker
25,811.0,1048.0,847.0,1142.0,19,0,0,1,Biker
25,811.0,1044.0,847.0,1138.0,20,0,0,1,Biker
25,809.0,1044.0,845.0,1138.0,21,0,0,1,Biker
25,809.0,1040.0,845.0,1134.0,22,0,0,1,Biker
25,809.0,1040.0,845.0,1134.0,23,0,0,1,Biker
25,809.0,1036.0,845.0,1130.0,24,0,0,1,Biker
25,809.0,1036.0,845.0,1130.0,25,0,0,1,Biker
25,807.0,1032.0,843.0,1126.0,26,0,0,1,Biker
25,807.0,1032.0,843.0,1126.0,27,0,0,1,Biker
25,807.0,1028.0,843.0,1122.0,28,0,0,1,Biker
25,807.0,1028.0,843.0,1122.0,29,0,0,1,Biker
25,805.0,1024.0,841.0,1118.0,30,0,0,1,Biker
25,805.0,1024.0,841.0,1118.0,31,0,0,1,Biker
25,805.0,1020.0,841.0,1114.0,32,0,0,1,Biker
25,805.0,1020.0,841.0,1114.0,33,0,0,1,Biker
25,803.0,1020.0,839.0,1114.0,34,0,0,1,Biker
25,803.0,1016.0,839.0,1110.0,35,0,0,1,Biker
25,803.0,1016.0,839.0,1110.0,36,0,0,1,Biker
25,803.0,1012.0,839.0,1106.0,37,0,0,1,Biker
25,801.0,1012.0,837.0,1106.0,38,0,0,1,Biker
25,801.0,1008.0,837.0,1101.0,39,0,0,1,Biker
25,801.0,1008.0,837.0,1101.0,40,0,0,1,Biker
25,801.0,1003.0,837.0,1097.0,41,0,0,1,Biker
25,799.0,1003.0,835.0,1097.0,42,0,0,1,Biker
25,799.0,999.0,835.0,1093.0,43,0,0,1,Biker
25,799.0,999.0,835.0,1093.0,44,0,0,1,Biker
25,799.0,995.0,835.0,1089.0,45,0,0,1,Biker
25,799.0,995.0,835.0,1089.0,46,0,0,1,Biker
25,797.0,991.0,833.0,1085.0,47,0,0,1,Biker
25,797.0,991.0,833.0,1085.0,48,0,0,1,Biker
25,797.0,991.0,833.0,1085.0,49,0,0,1,Biker
25,797.0,987.0,833.0,1081.0,50,0,0,1,Biker
25,795.0,987.0,831.0,1081.0,51,0,0,1,Biker
25,795.0,983.0,831.0,1077.0,52,0,0,1,Biker
25,795.0,983.0,831.0,1077.0,53,0,0,1,Biker
25,795.0,979.0,831.0,1073.0,54,0,0,1,Biker
25,793.0,979.0,829.0,1073.0,55,0,0,1,Biker
25,793.0,975.0,829.0,1069.0,56,0,0,1,Biker
25,793.0,975.0,829.0,1069.0,57,0,0,1,Biker
25,793.0,971.0,829.0,1065.0,58,0,0,1,Biker
25,791.0,971.0,827.0,1065.0,59,0,0,1,Biker
25,791.0,967.0,827.0,1061.0,60,0,0,1,Biker
25,791.0,967.0,827.0,1061.0,61,0,0,1,Biker
25,791.0,963.0,827.0,1057.0,62,0,0,1,Biker
25,789.0,963.0,825.0,1057.0,63,0,0,1,Biker
25,789.0,959.0,825.0,1052.0,64,0,0,1,Biker
25,789.0,959.0,825.0,1052.0,65,0,0,1,Biker
25,789.0,959.0,825.0,1052.0,66,0,0,1,Biker
25,789.0,955.0,825.0,1048.0,67,0,0,1,Biker
25,787.0,955.0,823.0,1048.0,68,0,0,1,Biker
25,787.0,950.0,823.0,1044.0,69,0,0,1,Biker
25,787.0,950.0,823.0,1044.0,70,0,0,1,Biker
25,787.0,946.0,823.0,1040.0,71,0,0,1,Biker
25,785.0,946.0,821.0,1040.0,72,0,0,1,Biker
25,785.0,942.0,821.0,1036.0,73,0,0,1,Biker
25,785.0,942.0,821.0,1036.0,74,0,0,1,Biker
25,785.0,938.0,821.0,1032.0,75,0,0,1,Biker
25,783.0,938.0,819.0,1032.0,76,0,0,1,Biker
25,783.0,934.0,819.0,1028.0,77,0,0,1,Biker
25,783.0,934.0,819.0,1028.0,78,0,0,1,Biker
25,783.0,930.0,819.0,1024.0,79,0,0,1,Biker
25,781.0,930.0,817.0,1024.0,80,0,0,1,Biker
25,781.0,926.0,817.0,1020.0,81,0,0,1,Biker
25,781.0,926.0,817.0,1020.0,82,0,0,1,Biker
25,781.0,926.0,817.0,1020.0,83,0,0,1,Biker
25,779.0,922.0,815.0,1016.0,84,0,0,1,Biker
25,779.0,922.0,815.0,1016.0,85,0,0,1,Biker
25,779.0,918.0,815.0,1012.0,86,0,0,1,Biker
25,779.0,918.0,815.0,1012.0,87,0,0,1,Biker
25,779.0,914.0,815.0,1008.0,88,0,0,1,Biker
25,777.0,914.0,813.0,1008.0,89,0,0,1,Biker
25,777.0,910.0,813.0,1003.0,90,0,0,1,Biker
25,777.0,910.0,813.0,1003.0,91,0,0,1,Biker
25,777.0,906.0,813.0,999.0,92,0,0,1,Biker
25,775.0,906.0,811.0,999.0,93,0,0,1,Biker
25,775.0,901.0,811.0,995.0,94,0,0,1,Biker
25,775.0,901.0,811.0,995.0,95,0,0,1,Biker
25,775.0,897.0,811.0,991.0,96,0,0,1,Biker
25,773.0,897.0,809.0,991.0,97,0,0,1,Biker
25,773.0,897.0,809.0,991.0,98,0,0,1,Biker
25,773.0,893.0,809.0,987.0,99,0,0,1,Biker
25,773.0,893.0,809.0,987.0,100,0,0,1,Biker
25,771.0,889.0,807.0,983.0,101,0,0,1,Biker
25,771.0,889.0,807.0,983.0,102,0,0,1,Biker
25,771.0,885.0,807.0,979.0,103,0,0,1,Biker
25,771.0,885.0,807.0,979.0,104,0,0,1,Biker
25,769.0,881.0,805.0,975.0,105,0,0,1,Biker
25,769.0,881.0,805.0,975.0,106,0,0,1,Biker
25,769.0,877.0,805.0,971.0,107,0,0,1,Biker
25,769.0,877.0,805.0,971.0,108,0,0,1,Biker
25,769.0,873.0,805.0,967.0,109,0,0,1,Biker
25,767.0,873.0,803.0,967.0,110,0,0,1,Biker
25,767.0,869.0,803.0,963.0,111,0,0,1,Biker
25,767.0,869.0,803.0,963.0,112,0,0,1,Biker
25,767.0,865.0,803.0,959.0,113,0,0,1,Biker
25,765.0,865.0,801.0,959.0,114,0,0,1,Biker
25,765.0,865.0,801.0,959.0,115,0,0,1,Biker
25,765.0,861.0,801.0,955.0,116,0,0,1,Biker
25,765.0,861.0,801.0,955.0,117,0,0,1,Biker
25,763.0,857.0,799.0,950.0,118,0,0,1,Biker
25,763.0,857.0,799.0,950.0,119,0,0,1,Biker
25,763.0,852.0,799.0,946.0,120,0,0,1,Biker
25,763.0,852.0,799.0,946.0,121,0,0,1,Biker
25,761.0,848.0,797.0,942.0,122,0,0,1,Biker
25,761.0,848.0,797.0,942.0,123,0,0,1,Biker
25,761.0,844.0,797.0,938.0,124,0,0,1,Biker
25,761.0,844.0,797.0,938.0,125,0,0,1,Biker
25,759.0,840.0,795.0,934.0,126,0,0,1,Biker
25,759.0,840.0,795.0,934.0,127,0,0,1,Biker
25,759.0,836.0,795.0,930.0,128,0,0,1,Biker
25,759.0,836.0,795.0,930.0,129,0,0,1,Biker
25,759.0,836.0,795.0,930.0,130,0,0,0,Biker
25,757.0,832.0,793.0,926.0,131,0,0,1,Biker
25,757.0,828.0,793.0,922.0,132,0,0,1,Biker
25,757.0,824.0,793.0,918.0,133,0,0,1,Biker
25,757.0,824.0,793.0,918.0,134,0,0,1,Biker
25,757.0,820.0,793.0,914.0,135,0,0,1,Biker
25,757.0,816.0,793.0,910.0,136,0,0,1,Biker
25,757.0,812.0,793.0,906.0,137,0,0,1,Biker
25,757.0,812.0,793.0,906.0,138,0,0,1,Biker
25,757.0,808.0,793.0,901.0,139,0,0,1,Biker
25,757.0,804.0,793.0,897.0,140,0,0,1,Biker
25,755.0,799.0,791.0,893.0,141,0,0,1,Biker
25,755.0,799.0,791.0,893.0,142,0,0,1,Biker
25,755.0,795.0,791.0,889.0,143,0,0,1,Biker
25,755.0,791.0,791.0,885.0,144,0,0,1,Biker
25,755.0,787.0,791.0,881.0,145,0,0,1,Biker
25,755.0,787.0,791.0,881.0,146,0,0,1,Biker
25,755.0,783.0,791.0,877.0,147,0,0,1,Biker
25,755.0,779.0,791.0,873.0,148,0,0,1,Biker
25,755.0,775.0,791.0,869.0,149,0,0,1,Biker
25,755.0,775.0,791.0,869.0,150,0,0,1,Biker
25,753.0,771.0,789.0,865.0,151,0,0,1,Biker
25,753.0,767.0,789.0,861.0,152,0,0,1,Biker
25,753.0,763.0,789.0,857.0,153,0,0,1,Biker
25,753.0,763.0,789.0,857.0,154,0,0,1,Biker
25,753.0,759.0,789.0,852.0,155,0,0,1,Biker
25,753.0,755.0,789.0,848.0,156,0,0,1,Biker
25,753.0,755.0,789.0,848.0,157,0,0,1,Biker
25,753.0,750.0,789.0,844.0,158,0,0,1,Biker
25,753.0,746.0,789.0,840.0,159,0,0,1,Biker
25,753.0,742.0,789.0,836.0,160,0,0,1,Biker
25,751.0,742.0,787.0,836.0,161,0,0,1,Biker
25,751.0,738.0,787.0,832.0,162,0,0,1,Biker
25,751.0,734.0,787.0,828.0,163,0,0,1,Biker
25,751.0,730.0,787.0,824.0,164,0,0,1,Biker
25,751.0,730.0,787.0,824.0,165,0,0,1,Biker
25,751.0,726.0,787.0,820.0,166,0,0,1,Biker
25,751.0,722.0,787.0,816.0,167,0,0,1,Biker
25,751.0,718.0,787.0,812.0,168,0,0,1,Biker
25,751.0,718.0,787.0,812.0,169,0,0,1,Biker
25,751.0,714.0,787.0,808.0,170,0,0,1,Biker
25,749.0,710.0,785.0,804.0,171,0,0,1,Biker
25,749.0,706.0,785.0,799.0,172,0,0,1,Biker
25,749.0,706.0,785.0,799.0,173,0,0,1,Biker
25,749.0,701.0,785.0,795.0,174,0,0,1,Biker
25,749.0,697.0,785.0,791.0,175,0,0,1,Biker
25,749.0,693.0,785.0,787.0,176,0,0,1,Biker
25,749.0,693.0,785.0,787.0,177,0,0,1,Biker
25,749.0,689.0,785.0,783.0,178,0,0,1,Biker
25,749.0,685.0,785.0,779.0,179,0,0,1,Biker
25,749.0,685.0,785.0,779.0,180,0,0,0,Biker
25,749.0,681.0,785.0,775.0,181,0,0,1,Biker
25,749.0,677.0,785.0,771.0,182,0,0,1,Biker
25,749.0,673.0,785.0,767.0,183,0,0,1,Biker
25,749.0,673.0,785.0,767.0,184,0,0,1,Biker
25,749.0,669.0,785.0,763.0,185,0,0,1,Biker
25,749.0,665.0,785.0,759.0,186,0,0,1,Biker
25,749.0,665.0,785.0,759.0,187,0,0,1,Biker
25,751.0,661.0,787.0,755.0,188,0,0,1,Biker
25,751.0,657.0,787.0,750.0,189,0,0,1,Biker
25,751.0,657.0,787.0,750.0,190,0,0,1,Biker
25,751.0,653.0,787.0,746.0,191,0,0,1,Biker
25,751.0,648.0,787.0,742.0,192,0,0,1,Biker
25,751.0,648.0,787.0,742.0,193,0,0,1,Biker
25,751.0,644.0,787.0,738.0,194,0,0,1,Biker
25,753.0,640.0,789.0,734.0,195,0,0,1,Biker
25,753.0,636.0,789.0,730.0,196,0,0,1,Biker
25,753.0,636.0,789.0,730.0,197,0,0,1,Biker
25,753.0,632.0,789.0,726.0,198,0,0,1,Biker
25,753.0,628.0,789.0,722.0,199,0,0,1,Biker
25,753.0,628.0,789.0,722.0,200,0,0,1,Biker
25,753.0,624.0,789.0,718.0,201,0,0,1,Biker
25,753.0,620.0,789.0,714.0,202,0,0,1,Biker
25,755.0,620.0,791.0,714.0,203,0,0,1,Biker
25,755.0,616.0,791.0,710.0,204,0,0,1,Biker
25,755.0,612.0,791.0,706.0,205,0,0,1,Biker
25,755.0,612.0,791.0,706.0,206,0,0,1,Biker
25,755.0,608.0,791.0,701.0,207,0,0,1,Biker
25,755.0,604.0,791.0,697.0,208,0,0,1,Biker
25,755.0,604.0,791.0,697.0,209,0,0,1,Biker
25,757.0,599.0,793.0,693.0,210,0,0,1,Biker
25,757.0,595.0,793.0,689.0,211,0,0,1,Biker
25,757.0,591.0,793.0,685.0,212,0,0,1,Biker
25,757.0,591.0,793.0,685.0,213,0,0,1,Biker
25,757.0,587.0,793.0,681.0,214,0,0,1,Biker
25,757.0,583.0,793.0,677.0,215,0,0,1,Biker
25,757.0,583.0,793.0,677.0,216,0,0,1,Biker
25,757.0,579.0,793.0,673.0,217,0,0,1,Biker
25,759.0,575.0,795.0,669.0,218,0,0,1,Biker
25,759.0,575.0,795.0,669.0,219,0,0,1,Biker
25,759.0,571.0,795.0,665.0,220,0,0,1,Biker
25,759.0,567.0,795.0,661.0,221,0,0,1,Biker
25,759.0,567.0,795.0,661.0,222,0,0,1,Biker
25,759.0,563.0,795.0,657.0,223,0,0,1,Biker
25,759.0,559.0,795.0,653.0,224,0,0,1,Biker
25,761.0,559.0,797.0,653.0,225,0,0,1,Biker
25,761.0,555.0,797.0,648.0,226,0,0,1,Biker
25,761.0,550.0,797.0,644.0,227,0,0,1,Biker
25,761.0,546.0,797.0,640.0,228,0,0,1,Biker
25,761.0,546.0,797.0,640.0,229,0,0,1,Biker
25,761.0,542.0,797.0,636.0,230,0,0,1,Biker
25,761.0,538.0,797.0,632.0,231,0,0,1,Biker
25,761.0,538.0,797.0,632.0,232,0,0,1,Biker
25,763.0,534.0,799.0,628.0,233,0,0,1,Biker
25,763.0,530.0,799.0,624.0,234,0,0,1,Biker
25,763.0,530.0,799.0,624.0,235,0,0,1,Biker
25,763.0,526.0,799.0,620.0,236,0,0,1,Biker
25,763.0,522.0,799.0,616.0,237,0,0,1,Biker
25,763.0,522.0,799.0,616.0,238,0,0,1,Biker
25,763.0,518.0,799.0,612.0,239,0,0,1,Biker
25,765.0,514.0,801.0,608.0,240,0,0,1,Biker
25,765.0,510.0,801.0,604.0,241,0,0,1,Biker
25,765.0,510.0,801.0,604.0,242,0,0,1,Biker
25,765.0,506.0,801.0,599.0,243,0,0,1,Biker
25,765.0,501.0,801.0,595.0,244,0,0,1,Biker
25,765.0,501.0,801.0,595.0,245,0,0,1,Biker
25,765.0,497.0,801.0,591.0,246,0,0,1,Biker
25,765.0,493.0,801.0,587.0,247,0,0,1,Biker
25,767.0,493.0,803.0,587.0,248,0,0,1,Biker
25,767.0,489.0,803.0,583.0,249,0,0,1,Biker
25,767.0,485.0,803.0,579.0,250,0,0,1,Biker
25,767.0,485.0,803.0,579.0,251,0,0,1,Biker
25,767.0,481.0,803.0,575.0,252,0,0,1,Biker
25,767.0,477.0,803.0,571.0,253,0,0,1,Biker
25,767.0,477.0,803.0,571.0,254,0,0,1,Biker
25,769.0,473.0,805.0,567.0,255,0,0,1,Biker
25,769.0,469.0,805.0,563.0,256,0,0,1,Biker
25,769.0,465.0,805.0,559.0,257,0,0,1,Biker
25,769.0,465.0,805.0,559.0,258,0,0,1,Biker
25,769.0,461.0,805.0,555.0,259,0,0,1,Biker
25,769.0,457.0,805.0,550.0,260,0,0,1,Biker
25,769.0,457.0,805.0,550.0,261,0,0,1,Biker
25,769.0,453.0,805.0,546.0,262,0,0,1,Biker
25,771.0,448.0,807.0,542.0,263,0,0,1,Biker
25,771.0,448.0,807.0,542.0,264,0,0,1,Biker
25,771.0,444.0,807.0,538.0,265,0,0,1,Biker
25,771.0,440.0,807.0,534.0,266,0,0,1,Biker
25,771.0,440.0,807.0,534.0,267,0,0,1,Biker
25,771.0,436.0,807.0,530.0,268,0,0,1,Biker
25,771.0,432.0,807.0,526.0,269,0,0,1,Biker
25,773.0,432.0,809.0,526.0,270,0,0,0,Biker
25,773.0,424.0,809.0,518.0,271,0,0,1,Biker
25,775.0,420.0,811.0,514.0,272,0,0,1,Biker
25,775.0,416.0,811.0,510.0,273,0,0,1,Biker
25,777.0,412.0,813.0,506.0,274,0,0,1,Biker
25,777.0,408.0,813.0,501.0,275,0,0,1,Biker
25,779.0,404.0,815.0,497.0,276,0,0,1,Biker
25,779.0,399.0,815.0,493.0,277,0,0,1,Biker
25,781.0,395.0,817.0,489.0,278,0,0,1,Biker
25,781.0,391.0,817.0,485.0,279,0,0,1,Biker
25,783.0,387.0,819.0,481.0,280,0,0,1,Biker
25,785.0,383.0,821.0,477.0,281,0,0,1,Biker
25,785.0,379.0,821.0,473.0,282,0,0,1,Biker
25,787.0,375.0,823.0,469.0,283,0,0,1,Biker
25,787.0,371.0,823.0,465.0,284,0,0,1,Biker
25,789.0,367.0,825.0,461.0,285,0,0,1,Biker
25,789.0,363.0,825.0,457.0,286,0,0,1,Biker
25,791.0,359.0,827.0,453.0,287,0,0,1,Biker
25,791.0,355.0,827.0,448.0,288,0,0,1,Biker
25,793.0,350.0,829.0,444.0,289,0,0,1,Biker
25,795.0,346.0,831.0,440.0,290,0,0,1,Biker
25,795.0,338.0,831.0,432.0,291,0,0,1,Biker
25,797.0,334.0,833.0,428.0,292,0,0,1,Biker
25,797.0,330.0,833.0,424.0,293,0,0,1,Biker
25,799.0,326.0,835.0,420.0,294,0,0,1,Biker
25,799.0,322.0,835.0,416.0,295,0,0,1,Biker
25,801.0,318.0,837.0,412.0,296,0,0,1,Biker
25,801.0,314.0,837.0,408.0,297,0,0,1,Biker
25,803.0,310.0,839.0,404.0,298,0,0,1,Biker
25,803.0,306.0,839.0,399.0,299,0,0,1,Biker
25,805.0,302.0,841.0,395.0,300,0,0,1,Biker
25,807.0,297.0,843.0,391.0,301,0,0,1,Biker
25,807.0,293.0,843.0,387.0,302,0,0,1,Biker
25,809.0,289.0,845.0,383.0,303,0,0,1,Biker
25,809.0,285.0,845.0,379.0,304,0,0,1,Biker
25,811.0,281.0,847.0,375.0,305,0,0,1,Biker
25,811.0,277.0,847.0,371.0,306,0,0,1,Biker
25,813.0,273.0,849.0,367.0,307,0,0,1,Biker
25,813.0,269.0,849.0,363.0,308,0,0,1,Biker
25,815.0,265.0,851.0,359.0,309,0,0,1,Biker
25,817.0,261.0,853.0,355.0,310,0,0,0,Biker
25,815.0,257.0,851.0,350.0,311,0,0,1,Biker
25,815.0,253.0,851.0,346.0,312,0,0,1,Biker
25,815.0,253.0,851.0,346.0,313,0,0,1,Biker
25,815.0,248.0,851.0,342.0,314,0,0,1,Biker
25,815.0,248.0,851.0,342.0,315,0,0,1,Biker
25,815.0,244.0,851.0,338.0,316,0,0,1,Biker
25,815.0,240.0,851.0,334.0,317,0,0,1,Biker
25,815.0,240.0,851.0,334.0,318,0,0,1,Biker
25,815.0,236.0,851.0,330.0,319,0,0,1,Biker
25,815.0,236.0,851.0,330.0,320,0,0,1,Biker
25,815.0,232.0,851.0,326.0,321,0,0,1,Biker
25,815.0,228.0,851.0,322.0,322,0,0,1,Biker
25,815.0,228.0,851.0,322.0,323,0,0,1,Biker
25,815.0,224.0,851.0,318.0,324,0,0,1,Biker
25,815.0,224.0,851.0,318.0,325,0,0,1,Biker
25,815.0,220.0,851.0,314.0,326,0,0,1,Biker
25,815.0,216.0,851.0,310.0,327,0,0,1,Biker
25,815.0,216.0,851.0,310.0,328,0,0,1,Biker
25,815.0,212.0,851.0,306.0,329,0,0,1,Biker
25,815.0,212.0,851.0,306.0,330,0,0,1,Biker
25,815.0,208.0,851.0,302.0,331,0,0,1,Biker
25,815.0,204.0,851.0,297.0,332,0,0,1,Biker
25,815.0,204.0,851.0,297.0,333,0,0,1,Biker
25,815.0,199.0,851.0,293.0,334,0,0,1,Biker
25,815.0,199.0,851.0,293.0,335,0,0,1,Biker
25,815.0,195.0,851.0,289.0,336,0,0,1,Biker
25,815.0,191.0,851.0,285.0,337,0,0,1,Biker
25,815.0,191.0,851.0,285.0,338,0,0,1,Biker
25,815.0,187.0,851.0,281.0,339,0,0,1,Biker
25,815.0,187.0,851.0,281.0,340,0,0,0,Biker
25,813.0,183.0,849.0,277.0,341,0,0,1,Biker
25,813.0,179.0,849.0,273.0,342,0,0,1,Biker
25,813.0,175.0,849.0,269.0,343,0,0,1,Biker
25,813.0,171.0,849.0,265.0,344,0,0,1,Biker
25,813.0,171.0,849.0,265.0,345,0,0,1,Biker
25,813.0,167.0,849.0,261.0,346,0,0,1,Biker
25,813.0,163.0,849.0,257.0,347,0,0,1,Biker
25,811.0,159.0,847.0,253.0,348,0,0,1,Biker
25,811.0,159.0,847.0,253.0,349,0,0,1,Biker
25,811.0,155.0,847.0,248.0,350,0,0,1,Biker
25,811.0,151.0,847.0,244.0,351,0,0,1,Biker
25,811.0,146.0,847.0,240.0,352,0,0,1,Biker
25,811.0,146.0,847.0,240.0,353,0,0,1,Biker
25,811.0,142.0,847.0,236.0,354,0,0,1,Biker
25,811.0,138.0,847.0,232.0,355,0,0,1,Biker
25,809.0,134.0,845.0,228.0,356,0,0,1,Biker
25,809.0,130.0,845.0,224.0,357,0,0,1,Biker
25,809.0,130.0,845.0,224.0,358,0,0,1,Biker
25,809.0,126.0,845.0,220.0,359,0,0,1,Biker
25,809.0,122.0,845.0,216.0,360,0,0,1,Biker
25,809.0,118.0,845.0,212.0,361,0,0,1,Biker
25,809.0,118.0,845.0,212.0,362,0,0,1,Biker
25,807.0,114.0,843.0,208.0,363,0,0,1,Biker
25,807.0,110.0,843.0,204.0,364,0,0,1,Biker
25,807.0,106.0,843.0,199.0,365,0,0,1,Biker
25,807.0,106.0,843.0,199.0,366,0,0,1,Biker
25,807.0,102.0,843.0,195.0,367,0,0,1,Biker
25,807.0,97.0,843.0,191.0,368,0,0,1,Biker
25,807.0,93.0,843.0,187.0,369,0,0,1,Biker
25,807.0,93.0,843.0,187.0,370,1,0,0,Biker
25,805.0,89.0,841.0,183.0,371,1,0,1,Biker
25,805.0,85.0,841.0,179.0,372,1,0,1,Biker
25,805.0,85.0,841.0,175.0,373,1,0,1,Biker
25,805.0,81.0,841.0,171.0,374,1,0,1,Biker
25,805.0,81.0,841.0,167.0,375,1,0,1,Biker
25,805.0,77.0,841.0,163.0,376,1,0,1,Biker
25,805.0,73.0,841.0,159.0,377,1,0,1,Biker
25,805.0,73.0,841.0,159.0,378,1,0,1,Biker
25,805.0,69.0,841.0,155.0,379,1,0,1,Biker
25,805.0,69.0,841.0,151.0,380,1,0,1,Biker
25,803.0,65.0,839.0,146.0,381,1,0,1,Biker
25,803.0,65.0,839.0,142.0,382,1,0,1,Biker
25,803.0,61.0,839.0,138.0,383,1,0,1,Biker
25,803.0,57.0,839.0,134.0,384,1,0,1,Biker
25,803.0,57.0,839.0,130.0,385,1,0,1,Biker
25,803.0,53.0,839.0,130.0,386,1,0,1,Biker
25,803.0,53.0,839.0,126.0,387,1,0,1,Biker
25,803.0,48.0,839.0,122.0,388,1,0,1,Biker
25,803.0,48.0,839.0,118.0,389,1,0,1,Biker
25,803.0,44.0,839.0,114.0,390,1,0,1,Biker
25,801.0,40.0,837.0,110.0,391,1,0,1,Biker
25,801.0,40.0,837.0,106.0,392,1,0,1,Biker
25,801.0,36.0,837.0,102.0,393,1,0,1,Biker
25,801.0,36.0,837.0,102.0,394,1,0,1,Biker
25,801.0,32.0,837.0,97.0,395,1,0,1,Biker
25,801.0,32.0,837.0,93.0,396,1,0,1,Biker
25,801.0,28.0,837.0,89.0,397,1,0,1,Biker
25,801.0,24.0,837.0,85.0,398,1,0,1,Biker
25,801.0,24.0,837.0,81.0,399,1,0,1,Biker
25,801.0,20.0,837.0,77.0,400,1,0,1,Biker
25,799.0,20.0,835.0,73.0,401,1,0,1,Biker
25,799.0,16.0,835.0,73.0,402,1,0,1,Biker
25,799.0,16.0,835.0,69.0,403,1,0,1,Biker
25,799.0,12.0,835.0,65.0,404,1,0,1,Biker
25,799.0,8.0,835.0,61.0,405,1,0,1,Biker
25,799.0,8.0,835.0,57.0,406,1,0,1,Biker
25,799.0,4.0,835.0,53.0,407,1,0,1,Biker
25,799.0,4.0,835.0,48.0,408,1,0,1,Biker
25,799.0,0.0,835.0,44.0,409,1,0,1,Biker
25,799.0,0.0,835.0,44.0,410,1,0,0,Biker
25,799.0,0.0,835.0,44.0,411,1,0,1,Biker
25,799.0,0.0,835.0,44.0,412,1,0,1,Biker
25,799.0,0.0,835.0,44.0,413,1,0,1,Biker
25,799.0,0.0,835.0,44.0,414,1,0,1,Biker
25,799.0,0.0,835.0,44.0,415,1,0,1,Biker
25,799.0,0.0,835.0,44.0,416,1,0,1,Biker
25,799.0,0.0,835.0,44.0,417,1,0,1,Biker
25,799.0,0.0,835.0,44.0,418,1,0,1,Biker
25,799.0,0.0,835.0,44.0,419,1,0,1,Biker
25,799.0,0.0,835.0,44.0,420,1,0,1,Biker
25,799.0,0.0,835.0,44.0,421,1,0,1,Biker
25,799.0,0.0,835.0,44.0,422,1,0,1,Biker
25,799.0,0.0,835.0,44.0,423,1,0,1,Biker
25,799.0,0.0,835.0,44.0,424,1,0,1,Biker
25,799.0,0.0,835.0,44.0,425,1,0,1,Biker
25,799.0,0.0,835.0,44.0,426,1,0,1,Biker
25,799.0,0.0,835.0,44.0,427,1,0,1,Biker
25,799.0,0.0,835.0,44.0,428,1,0,1,Biker
25,799.0,0.0,835.0,44.0,429,1,0,1,Biker
25,799.0,0.0,835.0,44.0,430,1,0,0,Biker
26,799.0,1346.0,841.0,1379.0,0,0,0,0,Pedestrian
26,797.0,1346.0,839.0,1379.0,1,0,0,1,Pedestrian
26,797.0,1346.0,837.0,1379.0,2,0,0,1,Pedestrian
26,797.0,1346.0,837.0,1379.0,3,0,0,1,Pedestrian
26,795.0,1346.0,835.0,1379.0,4,0,0,1,Pedestrian
26,795.0,1346.0,835.0,1379.0,5,0,0,1,Pedestrian
26,795.0,1346.0,833.0,1379.0,6,0,0,1,Pedestrian
26,793.0,1346.0,833.0,1379.0,7,0,0,1,Pedestrian
26,793.0,1346.0,831.0,1383.0,8,0,0,1,Pedestrian
26,793.0,1346.0,831.0,1383.0,9,0,0,1,Pedestrian
26,791.0,1346.0,829.0,1383.0,10,0,0,1,Pedestrian
26,791.0,1346.0,829.0,1383.0,11,0,0,1,Pedestrian
26,791.0,1346.0,827.0,1383.0,12,0,0,1,Pedestrian
26,789.0,1346.0,827.0,1383.0,13,0,0,1,Pedestrian
26,789.0,1346.0,825.0,1383.0,14,0,0,1,Pedestrian
26,789.0,1346.0,825.0,1387.0,15,0,0,1,Pedestrian
26,787.0,1346.0,823.0,1387.0,16,0,0,1,Pedestrian
26,787.0,1346.0,823.0,1387.0,17,0,0,1,Pedestrian
26,787.0,1346.0,821.0,1387.0,18,0,0,1,Pedestrian
26,785.0,1346.0,821.0,1387.0,19,0,0,1,Pedestrian
26,785.0,1346.0,819.0,1387.0,20,0,0,1,Pedestrian
26,785.0,1346.0,819.0,1387.0,21,0,0,1,Pedestrian
26,783.0,1346.0,817.0,1391.0,22,0,0,1,Pedestrian
26,783.0,1346.0,817.0,1391.0,23,0,0,1,Pedestrian
26,783.0,1346.0,815.0,1391.0,24,0,0,1,Pedestrian
26,783.0,1350.0,815.0,1391.0,25,0,0,1,Pedestrian
26,781.0,1350.0,813.0,1391.0,26,0,0,1,Pedestrian
26,781.0,1350.0,811.0,1391.0,27,0,0,1,Pedestrian
26,781.0,1350.0,811.0,1391.0,28,0,0,1,Pedestrian
26,779.0,1350.0,809.0,1395.0,29,0,0,1,Pedestrian
26,779.0,1350.0,809.0,1395.0,30,0,0,1,Pedestrian
26,779.0,1350.0,807.0,1395.0,31,0,0,1,Pedestrian
26,777.0,1350.0,807.0,1395.0,32,0,0,1,Pedestrian
26,777.0,1350.0,805.0,1395.0,33,0,0,1,Pedestrian
26,777.0,1350.0,805.0,1395.0,34,0,0,1,Pedestrian
26,775.0,1350.0,803.0,1395.0,35,0,0,1,Pedestrian
26,775.0,1350.0,803.0,1399.0,36,0,0,1,Pedestrian
26,775.0,1350.0,801.0,1399.0,37,0,0,1,Pedestrian
26,773.0,1350.0,801.0,1399.0,38,0,0,1,Pedestrian
26,773.0,1350.0,799.0,1399.0,39,0,0,1,Pedestrian
26,773.0,1350.0,799.0,1399.0,40,0,0,1,Pedestrian
26,771.0,1350.0,797.0,1399.0,41,0,0,1,Pedestrian
26,771.0,1350.0,797.0,1399.0,42,0,0,1,Pedestrian
26,771.0,1350.0,795.0,1403.0,43,0,0,1,Pedestrian
26,769.0,1350.0,795.0,1403.0,44,0,0,1,Pedestrian
26,769.0,1350.0,793.0,1403.0,45,0,0,1,Pedestrian
26,769.0,1350.0,793.0,1403.0,46,0,0,1,Pedestrian
26,767.0,1350.0,791.0,1403.0,47,0,0,1,Pedestrian
26,767.0,1350.0,791.0,1403.0,48,0,0,1,Pedestrian
26,767.0,1350.0,789.0,1403.0,49,0,0,1,Pedestrian
26,767.0,1354.0,789.0,1408.0,50,0,0,0,Pedestrian
26,765.0,1354.0,787.0,1408.0,51,0,0,1,Pedestrian
26,765.0,1354.0,787.0,1408.0,52,0,0,1,Pedestrian
26,763.0,1354.0,785.0,1408.0,53,0,0,1,Pedestrian
26,763.0,1354.0,785.0,1408.0,54,0,0,1,Pedestrian
26,763.0,1354.0,785.0,1408.0,55,0,0,1,Pedestrian
26,761.0,1354.0,783.0,1408.0,56,0,0,1,Pedestrian
26,761.0,1354.0,783.0,1408.0,57,0,0,1,Pedestrian
26,759.0,1354.0,781.0,1408.0,58,0,0,1,Pedestrian
26,759.0,1354.0,781.0,1408.0,59,0,0,1,Pedestrian
26,759.0,1354.0,781.0,1408.0,60,0,0,1,Pedestrian
26,757.0,1354.0,779.0,1408.0,61,0,0,1,Pedestrian
26,757.0,1354.0,779.0,1408.0,62,0,0,1,Pedestrian
26,755.0,1354.0,777.0,1408.0,63,0,0,1,Pedestrian
26,755.0,1354.0,777.0,1408.0,64,0,0,1,Pedestrian
26,755.0,1354.0,777.0,1408.0,65,0,0,1,Pedestrian
26,753.0,1354.0,775.0,1408.0,66,0,0,1,Pedestrian
26,753.0,1354.0,775.0,1408.0,67,0,0,1,Pedestrian
26,751.0,1354.0,773.0,1408.0,68,0,0,1,Pedestrian
26,751.0,1354.0,773.0,1408.0,69,0,0,1,Pedestrian
26,751.0,1354.0,773.0,1408.0,70,0,0,1,Pedestrian
26,749.0,1354.0,771.0,1408.0,71,0,0,1,Pedestrian
26,749.0,1354.0,771.0,1408.0,72,0,0,1,Pedestrian
26,747.0,1354.0,769.0,1408.0,73,0,0,1,Pedestrian
26,747.0,1354.0,769.0,1408.0,74,0,0,1,Pedestrian
26,747.0,1354.0,769.0,1408.0,75,0,0,1,Pedestrian
26,745.0,1354.0,767.0,1408.0,76,0,0,1,Pedestrian
26,745.0,1354.0,767.0,1408.0,77,0,0,1,Pedestrian
26,743.0,1354.0,765.0,1408.0,78,0,0,1,Pedestrian
26,743.0,1354.0,765.0,1408.0,79,0,0,1,Pedestrian
26,743.0,1354.0,765.0,1408.0,80,0,0,0,Pedestrian
26,741.0,1354.0,763.0,1408.0,81,0,0,1,Pedestrian
26,741.0,1354.0,763.0,1408.0,82,0,0,1,Pedestrian
26,739.0,1354.0,761.0,1408.0,83,0,0,1,Pedestrian
26,739.0,1354.0,761.0,1408.0,84,0,0,1,Pedestrian
26,737.0,1354.0,759.0,1408.0,85,0,0,1,Pedestrian
26,737.0,1354.0,759.0,1408.0,86,0,0,1,Pedestrian
26,735.0,1354.0,757.0,1408.0,87,0,0,1,Pedestrian
26,735.0,1354.0,757.0,1408.0,88,0,0,1,Pedestrian
26,733.0,1354.0,755.0,1408.0,89,0,0,1,Pedestrian
26,733.0,1354.0,755.0,1408.0,90,0,0,1,Pedestrian
26,733.0,1354.0,755.0,1408.0,91,0,0,1,Pedestrian
26,731.0,1354.0,753.0,1408.0,92,0,0,1,Pedestrian
26,731.0,1354.0,753.0,1408.0,93,0,0,1,Pedestrian
26,729.0,1359.0,751.0,1412.0,94,0,0,1,Pedestrian
26,729.0,1359.0,751.0,1412.0,95,0,0,1,Pedestrian
26,727.0,1359.0,749.0,1412.0,96,0,0,1,Pedestrian
26,727.0,1359.0,749.0,1412.0,97,0,0,1,Pedestrian
26,725.0,1359.0,747.0,1412.0,98,0,0,1,Pedestrian
26,725.0,1359.0,747.0,1412.0,99,0,0,1,Pedestrian
26,725.0,1359.0,747.0,1412.0,100,0,0,1,Pedestrian
26,723.0,1359.0,745.0,1412.0,101,0,0,1,Pedestrian
26,723.0,1359.0,745.0,1412.0,102,0,0,1,Pedestrian
26,721.0,1359.0,743.0,1412.0,103,0,0,1,Pedestrian
26,721.0,1359.0,743.0,1412.0,104,0,0,1,Pedestrian
26,719.0,1359.0,741.0,1412.0,105,0,0,1,Pedestrian
26,719.0,1359.0,741.0,1412.0,106,0,0,1,Pedestrian
26,718.0,1363.0,739.0,1416.0,107,0,0,1,Pedestrian
26,718.0,1363.0,739.0,1416.0,108,0,0,1,Pedestrian
26,716.0,1363.0,737.0,1416.0,109,0,0,1,Pedestrian
26,716.0,1363.0,737.0,1416.0,110,0,0,1,Pedestrian
26,716.0,1363.0,737.0,1416.0,111,0,0,1,Pedestrian
26,714.0,1363.0,735.0,1416.0,112,0,0,1,Pedestrian
26,714.0,1363.0,735.0,1416.0,113,0,0,1,Pedestrian
26,712.0,1363.0,733.0,1416.0,114,0,0,1,Pedestrian
26,712.0,1363.0,733.0,1416.0,115,0,0,1,Pedestrian
26,710.0,1363.0,731.0,1416.0,116,0,0,1,Pedestrian
26,710.0,1363.0,731.0,1416.0,117,0,0,1,Pedestrian
26,708.0,1363.0,729.0,1416.0,118,0,0,1,Pedestrian
26,708.0,1363.0,729.0,1416.0,119,0,0,1,Pedestrian
26,708.0,1367.0,729.0,1420.0,120,0,0,0,Pedestrian
26,706.0,1363.0,727.0,1416.0,121,0,0,1,Pedestrian
26,706.0,1363.0,727.0,1416.0,122,0,0,1,Pedestrian
26,704.0,1363.0,725.0,1416.0,123,0,0,1,Pedestrian
26,704.0,1363.0,725.0,1416.0,124,0,0,1,Pedestrian
26,702.0,1363.0,723.0,1416.0,125,0,0,1,Pedestrian
26,702.0,1363.0,723.0,1416.0,126,0,0,1,Pedestrian
26,700.0,1363.0,721.0,1416.0,127,0,0,1,Pedestrian
26,700.0,1363.0,721.0,1416.0,128,0,0,1,Pedestrian
26,698.0,1363.0,719.0,1416.0,129,0,0,1,Pedestrian
26,698.0,1363.0,719.0,1416.0,130,0,0,1,Pedestrian
26,696.0,1363.0,718.0,1416.0,131,0,0,1,Pedestrian
26,696.0,1363.0,718.0,1416.0,132,0,0,1,Pedestrian
26,696.0,1363.0,718.0,1416.0,133,0,0,1,Pedestrian
26,694.0,1363.0,716.0,1416.0,134,0,0,1,Pedestrian
26,694.0,1363.0,716.0,1416.0,135,0,0,1,Pedestrian
26,692.0,1363.0,714.0,1416.0,136,0,0,1,Pedestrian
26,692.0,1363.0,714.0,1416.0,137,0,0,1,Pedestrian
26,690.0,1363.0,712.0,1416.0,138,0,0,1,Pedestrian
26,690.0,1363.0,712.0,1416.0,139,0,0,1,Pedestrian
26,688.0,1363.0,710.0,1416.0,140,0,0,1,Pedestrian
26,688.0,1363.0,710.0,1416.0,141,0,0,1,Pedestrian
26,686.0,1363.0,708.0,1416.0,142,0,0,1,Pedestrian
26,686.0,1363.0,708.0,1416.0,143,0,0,1,Pedestrian
26,684.0,1363.0,706.0,1416.0,144,0,0,1,Pedestrian
26,684.0,1363.0,706.0,1416.0,145,0,0,1,Pedestrian
26,684.0,1359.0,706.0,1412.0,146,0,0,1,Pedestrian
26,682.0,1359.0,704.0,1412.0,147,0,0,1,Pedestrian
26,682.0,1359.0,704.0,1412.0,148,0,0,1,Pedestrian
26,680.0,1359.0,702.0,1412.0,149,0,0,1,Pedestrian
26,680.0,1359.0,702.0,1412.0,150,0,0,1,Pedestrian
26,678.0,1359.0,700.0,1412.0,151,0,0,1,Pedestrian
26,678.0,1359.0,700.0,1412.0,152,0,0,1,Pedestrian
26,676.0,1359.0,698.0,1412.0,153,0,0,1,Pedestrian
26,676.0,1359.0,698.0,1412.0,154,0,0,1,Pedestrian
26,674.0,1359.0,696.0,1412.0,155,0,0,1,Pedestrian
26,674.0,1359.0,696.0,1412.0,156,0,0,1,Pedestrian
26,672.0,1359.0,694.0,1412.0,157,0,0,1,Pedestrian
26,672.0,1359.0,694.0,1412.0,158,0,0,1,Pedestrian
26,672.0,1359.0,694.0,1412.0,159,0,0,1,Pedestrian
26,670.0,1359.0,692.0,1412.0,160,0,0,1,Pedestrian
26,670.0,1359.0,692.0,1412.0,161,0,0,1,Pedestrian
26,668.0,1359.0,690.0,1412.0,162,0,0,1,Pedestrian
26,668.0,1359.0,690.0,1412.0,163,0,0,1,Pedestrian
26,666.0,1359.0,688.0,1412.0,164,0,0,1,Pedestrian
26,666.0,1359.0,688.0,1412.0,165,0,0,1,Pedestrian
26,664.0,1359.0,686.0,1412.0,166,0,0,1,Pedestrian
26,664.0,1359.0,686.0,1412.0,167,0,0,1,Pedestrian
26,662.0,1359.0,684.0,1412.0,168,0,0,1,Pedestrian
26,662.0,1359.0,684.0,1412.0,169,0,0,1,Pedestrian
26,662.0,1359.0,684.0,1412.0,170,0,0,0,Pedestrian
26,660.0,1359.0,682.0,1412.0,171,0,0,1,Pedestrian
26,660.0,1359.0,682.0,1412.0,172,0,0,1,Pedestrian
26,658.0,1359.0,680.0,1412.0,173,0,0,1,Pedestrian
26,658.0,1359.0,680.0,1412.0,174,0,0,1,Pedestrian
26,656.0,1359.0,678.0,1412.0,175,0,0,1,Pedestrian
26,656.0,1359.0,678.0,1412.0,176,0,0,1,Pedestrian
26,654.0,1359.0,676.0,1412.0,177,0,0,1,Pedestrian
26,654.0,1359.0,676.0,1412.0,178,0,0,1,Pedestrian
26,654.0,1359.0,676.0,1412.0,179,0,0,1,Pedestrian
26,652.0,1359.0,674.0,1412.0,180,0,0,1,Pedestrian
26,652.0,1359.0,674.0,1412.0,181,0,0,1,Pedestrian
26,650.0,1359.0,672.0,1412.0,182,0,0,1,Pedestrian
26,650.0,1359.0,672.0,1412.0,183,0,0,1,Pedestrian
26,648.0,1359.0,670.0,1412.0,184,0,0,1,Pedestrian
26,648.0,1359.0,670.0,1412.0,185,0,0,1,Pedestrian
26,648.0,1359.0,670.0,1412.0,186,0,0,1,Pedestrian
26,646.0,1359.0,668.0,1412.0,187,0,0,1,Pedestrian
26,646.0,1359.0,668.0,1412.0,188,0,0,1,Pedestrian
26,644.0,1359.0,666.0,1412.0,189,0,0,1,Pedestrian
26,644.0,1359.0,666.0,1412.0,190,0,0,1,Pedestrian
26,642.0,1359.0,664.0,1412.0,191,0,0,1,Pedestrian
26,642.0,1359.0,664.0,1412.0,192,0,0,1,Pedestrian
26,642.0,1359.0,664.0,1412.0,193,0,0,1,Pedestrian
26,640.0,1359.0,662.0,1412.0,194,0,0,1,Pedestrian
26,640.0,1359.0,662.0,1412.0,195,0,0,1,Pedestrian
26,638.0,1359.0,660.0,1412.0,196,0,0,1,Pedestrian
26,638.0,1359.0,660.0,1412.0,197,0,0,1,Pedestrian
26,636.0,1359.0,658.0,1412.0,198,0,0,1,Pedestrian
26,636.0,1359.0,658.0,1412.0,199,0,0,1,Pedestrian
26,636.0,1363.0,658.0,1416.0,200,0,0,1,Pedestrian
26,634.0,1363.0,656.0,1416.0,201,0,0,1,Pedestrian
26,634.0,1363.0,656.0,1416.0,202,0,0,1,Pedestrian
26,632.0,1363.0,654.0,1416.0,203,0,0,1,Pedestrian
26,632.0,1363.0,654.0,1416.0,204,0,0,1,Pedestrian
26,630.0,1363.0,652.0,1416.0,205,0,0,1,Pedestrian
26,630.0,1363.0,652.0,1416.0,206,0,0,1,Pedestrian
26,628.0,1363.0,650.0,1416.0,207,0,0,1,Pedestrian
26,628.0,1363.0,650.0,1416.0,208,0,0,1,Pedestrian
26,628.0,1363.0,650.0,1416.0,209,0,0,1,Pedestrian
26,626.0,1363.0,648.0,1416.0,210,0,0,1,Pedestrian
26,626.0,1363.0,648.0,1416.0,211,0,0,1,Pedestrian
26,624.0,1363.0,646.0,1416.0,212,0,0,1,Pedestrian
26,624.0,1363.0,646.0,1416.0,213,0,0,1,Pedestrian
26,622.0,1363.0,644.0,1416.0,214,0,0,1,Pedestrian
26,622.0,1363.0,644.0,1416.0,215,0,0,1,Pedestrian
26,622.0,1363.0,644.0,1416.0,216,0,0,1,Pedestrian
26,620.0,1363.0,642.0,1416.0,217,0,0,1,Pedestrian
26,620.0,1363.0,642.0,1416.0,218,0,0,1,Pedestrian
26,618.0,1363.0,640.0,1416.0,219,0,0,1,Pedestrian
26,618.0,1363.0,640.0,1416.0,220,0,0,1,Pedestrian
26,616.0,1363.0,638.0,1416.0,221,0,0,1,Pedestrian
26,616.0,1363.0,638.0,1416.0,222,0,0,1,Pedestrian
26,616.0,1363.0,638.0,1416.0,223,0,0,1,Pedestrian
26,614.0,1363.0,636.0,1416.0,224,0,0,1,Pedestrian
26,614.0,1363.0,636.0,1416.0,225,0,0,1,Pedestrian
26,612.0,1363.0,634.0,1416.0,226,0,0,1,Pedestrian
26,612.0,1363.0,634.0,1416.0,227,0,0,1,Pedestrian
26,610.0,1363.0,632.0,1416.0,228,0,0,1,Pedestrian
26,610.0,1363.0,632.0,1416.0,229,0,0,1,Pedestrian
26,610.0,1367.0,632.0,1420.0,230,0,0,0,Pedestrian
26,608.0,1367.0,630.0,1420.0,231,0,0,1,Pedestrian
26,606.0,1367.0,628.0,1420.0,232,0,0,1,Pedestrian
26,606.0,1367.0,628.0,1420.0,233,0,0,1,Pedestrian
26,604.0,1367.0,626.0,1420.0,234,0,0,1,Pedestrian
26,604.0,1367.0,626.0,1420.0,235,0,0,1,Pedestrian
26,602.0,1367.0,624.0,1420.0,236,0,0,1,Pedestrian
26,602.0,1367.0,624.0,1420.0,237,0,0,1,Pedestrian
26,600.0,1367.0,622.0,1420.0,238,0,0,1,Pedestrian
26,600.0,1367.0,622.0,1420.0,239,0,0,1,Pedestrian
26,598.0,1367.0,620.0,1420.0,240,0,0,1,Pedestrian
26,596.0,1367.0,618.0,1420.0,241,0,0,1,Pedestrian
26,596.0,1367.0,618.0,1420.0,242,0,0,1,Pedestrian
26,594.0,1367.0,616.0,1420.0,243,0,0,1,Pedestrian
26,594.0,1367.0,616.0,1420.0,244,0,0,1,Pedestrian
26,592.0,1367.0,614.0,1420.0,245,0,0,1,Pedestrian
26,592.0,1367.0,614.0,1420.0,246,0,0,1,Pedestrian
26,590.0,1367.0,612.0,1420.0,247,0,0,1,Pedestrian
26,590.0,1367.0,612.0,1420.0,248,0,0,1,Pedestrian
26,588.0,1367.0,610.0,1420.0,249,0,0,1,Pedestrian
26,588.0,1367.0,610.0,1420.0,250,0,0,1,Pedestrian
26,586.0,1367.0,608.0,1420.0,251,0,0,1,Pedestrian
26,584.0,1367.0,606.0,1420.0,252,0,0,1,Pedestrian
26,584.0,1367.0,606.0,1420.0,253,0,0,1,Pedestrian
26,582.0,1367.0,604.0,1420.0,254,0,0,1,Pedestrian
26,582.0,1367.0,604.0,1420.0,255,0,0,1,Pedestrian
26,580.0,1367.0,602.0,1420.0,256,0,0,1,Pedestrian
26,580.0,1367.0,602.0,1420.0,257,0,0,1,Pedestrian
26,578.0,1367.0,600.0,1420.0,258,0,0,1,Pedestrian
26,578.0,1367.0,600.0,1420.0,259,0,0,1,Pedestrian
26,576.0,1367.0,598.0,1420.0,260,0,0,1,Pedestrian
26,574.0,1367.0,596.0,1420.0,261,0,0,1,Pedestrian
26,574.0,1367.0,596.0,1420.0,262,0,0,1,Pedestrian
26,572.0,1367.0,594.0,1420.0,263,0,0,1,Pedestrian
26,572.0,1367.0,594.0,1420.0,264,0,0,1,Pedestrian
26,570.0,1367.0,592.0,1420.0,265,0,0,1,Pedestrian
26,570.0,1367.0,592.0,1420.0,266,0,0,1,Pedestrian
26,568.0,1367.0,590.0,1420.0,267,0,0,1,Pedestrian
26,568.0,1367.0,590.0,1420.0,268,0,0,1,Pedestrian
26,566.0,1367.0,588.0,1420.0,269,0,0,1,Pedestrian
26,566.0,1367.0,588.0,1420.0,270,0,0,0,Pedestrian
26,564.0,1367.0,586.0,1420.0,271,0,0,1,Pedestrian
26,564.0,1367.0,586.0,1420.0,272,0,0,1,Pedestrian
26,562.0,1367.0,584.0,1420.0,273,0,0,1,Pedestrian
26,562.0,1367.0,584.0,1420.0,274,0,0,1,Pedestrian
26,560.0,1367.0,582.0,1420.0,275,0,0,1,Pedestrian
26,560.0,1367.0,582.0,1420.0,276,0,0,1,Pedestrian
26,558.0,1367.0,580.0,1420.0,277,0,0,1,Pedestrian
26,558.0,1367.0,580.0,1420.0,278,0,0,1,Pedestrian
26,558.0,1367.0,580.0,1420.0,279,0,0,1,Pedestrian
26,556.0,1367.0,578.0,1420.0,280,0,0,1,Pedestrian
26,556.0,1367.0,578.0,1420.0,281,0,0,1,Pedestrian
26,554.0,1367.0,576.0,1420.0,282,0,0,1,Pedestrian
26,554.0,1367.0,576.0,1420.0,283,0,0,1,Pedestrian
26,552.0,1367.0,574.0,1420.0,284,0,0,1,Pedestrian
26,552.0,1367.0,574.0,1420.0,285,0,0,1,Pedestrian
26,550.0,1367.0,572.0,1420.0,286,0,0,1,Pedestrian
26,550.0,1367.0,572.0,1420.0,287,0,0,1,Pedestrian
26,550.0,1367.0,572.0,1420.0,288,0,0,1,Pedestrian
26,548.0,1367.0,570.0,1420.0,289,0,0,1,Pedestrian
26,548.0,1367.0,570.0,1420.0,290,0,0,1,Pedestrian
26,546.0,1367.0,568.0,1420.0,291,0,0,1,Pedestrian
26,546.0,1367.0,568.0,1420.0,292,0,0,1,Pedestrian
26,544.0,1367.0,566.0,1420.0,293,0,0,1,Pedestrian
26,544.0,1367.0,566.0,1420.0,294,0,0,1,Pedestrian
26,544.0,1367.0,566.0,1420.0,295,0,0,1,Pedestrian
26,542.0,1367.0,564.0,1420.0,296,0,0,1,Pedestrian
26,542.0,1367.0,564.0,1420.0,297,0,0,1,Pedestrian
26,540.0,1367.0,562.0,1420.0,298,0,0,1,Pedestrian
26,540.0,1367.0,562.0,1420.0,299,0,0,1,Pedestrian
26,538.0,1367.0,560.0,1420.0,300,0,0,1,Pedestrian
26,538.0,1367.0,560.0,1420.0,301,0,0,1,Pedestrian
26,536.0,1367.0,558.0,1420.0,302,0,0,1,Pedestrian
26,536.0,1367.0,558.0,1420.0,303,0,0,1,Pedestrian
26,536.0,1367.0,558.0,1420.0,304,0,0,1,Pedestrian
26,534.0,1367.0,556.0,1420.0,305,0,0,1,Pedestrian
26,534.0,1367.0,556.0,1420.0,306,0,0,1,Pedestrian
26,532.0,1367.0,554.0,1420.0,307,0,0,1,Pedestrian
26,532.0,1367.0,554.0,1420.0,308,0,0,1,Pedestrian
26,530.0,1367.0,552.0,1420.0,309,0,0,1,Pedestrian
26,530.0,1367.0,552.0,1420.0,310,0,0,1,Pedestrian
26,528.0,1367.0,550.0,1420.0,311,0,0,1,Pedestrian
26,528.0,1367.0,550.0,1420.0,312,0,0,1,Pedestrian
26,528.0,1367.0,550.0,1420.0,313,0,0,1,Pedestrian
26,526.0,1367.0,548.0,1420.0,314,0,0,1,Pedestrian
26,526.0,1367.0,548.0,1420.0,315,0,0,1,Pedestrian
26,524.0,1367.0,546.0,1420.0,316,0,0,1,Pedestrian
26,524.0,1367.0,546.0,1420.0,317,0,0,1,Pedestrian
26,522.0,1367.0,544.0,1420.0,318,0,0,1,Pedestrian
26,522.0,1367.0,544.0,1420.0,319,0,0,1,Pedestrian
26,522.0,1371.0,544.0,1424.0,320,0,0,0,Pedestrian
26,520.0,1371.0,542.0,1424.0,321,0,0,1,Pedestrian
26,520.0,1371.0,542.0,1424.0,322,0,0,1,Pedestrian
26,520.0,1371.0,542.0,1424.0,323,0,0,1,Pedestrian
26,520.0,1371.0,542.0,1424.0,324,0,0,1,Pedestrian
26,518.0,1371.0,540.0,1424.0,325,0,0,1,Pedestrian
26,518.0,1371.0,540.0,1424.0,326,0,0,1,Pedestrian
26,518.0,1371.0,540.0,1424.0,327,0,0,1,Pedestrian
26,518.0,1371.0,540.0,1424.0,328,0,0,1,Pedestrian
26,516.0,1371.0,538.0,1424.0,329,0,0,1,Pedestrian
26,516.0,1371.0,538.0,1424.0,330,0,0,1,Pedestrian
26,516.0,1371.0,538.0,1424.0,331,0,0,1,Pedestrian
26,516.0,1371.0,538.0,1424.0,332,0,0,1,Pedestrian
26,516.0,1371.0,538.0,1424.0,333,0,0,1,Pedestrian
26,514.0,1375.0,536.0,1428.0,334,0,0,1,Pedestrian
26,514.0,1375.0,536.0,1428.0,335,0,0,1,Pedestrian
26,514.0,1375.0,536.0,1428.0,336,0,0,1,Pedestrian
26,514.0,1375.0,536.0,1428.0,337,0,0,1,Pedestrian
26,512.0,1375.0,534.0,1428.0,338,0,0,1,Pedestrian
26,512.0,1375.0,534.0,1428.0,339,0,0,1,Pedestrian
26,512.0,1375.0,534.0,1428.0,340,0,0,1,Pedestrian
26,512.0,1375.0,534.0,1428.0,341,0,0,1,Pedestrian
26,512.0,1375.0,534.0,1428.0,342,0,0,1,Pedestrian
26,510.0,1375.0,532.0,1428.0,343,0,0,1,Pedestrian
26,510.0,1375.0,532.0,1428.0,344,0,0,1,Pedestrian
26,510.0,1375.0,532.0,1428.0,345,0,0,1,Pedestrian
26,510.0,1375.0,532.0,1428.0,346,0,0,1,Pedestrian
26,508.0,1379.0,530.0,1432.0,347,0,0,1,Pedestrian
26,508.0,1379.0,530.0,1432.0,348,0,0,1,Pedestrian
26,508.0,1379.0,530.0,1432.0,349,0,0,1,Pedestrian
26,508.0,1379.0,530.0,1432.0,350,0,0,1,Pedestrian
26,508.0,1379.0,530.0,1432.0,351,0,0,1,Pedestrian
26,506.0,1379.0,528.0,1432.0,352,0,0,1,Pedestrian
26,506.0,1379.0,528.0,1432.0,353,0,0,1,Pedestrian
26,506.0,1379.0,528.0,1432.0,354,0,0,1,Pedestrian
26,506.0,1379.0,528.0,1432.0,355,0,0,1,Pedestrian
26,504.0,1379.0,526.0,1432.0,356,0,0,1,Pedestrian
26,504.0,1379.0,526.0,1432.0,357,0,0,1,Pedestrian
26,504.0,1379.0,526.0,1432.0,358,0,0,1,Pedestrian
26,504.0,1379.0,526.0,1432.0,359,0,0,1,Pedestrian
26,504.0,1383.0,526.0,1436.0,360,0,1,0,Pedestrian
26,506.0,1379.0,528.0,1432.0,361,0,1,1,Pedestrian
26,510.0,1379.0,532.0,1432.0,362,0,1,1,Pedestrian
26,514.0,1379.0,536.0,1432.0,363,0,1,1,Pedestrian
26,516.0,1379.0,538.0,1432.0,364,0,1,1,Pedestrian
26,520.0,1379.0,542.0,1432.0,365,0,1,1,Pedestrian
26,524.0,1379.0,546.0,1432.0,366,0,1,1,Pedestrian
26,528.0,1379.0,550.0,1432.0,367,0,1,1,Pedestrian
26,530.0,1379.0,552.0,1432.0,368,0,1,1,Pedestrian
26,534.0,1379.0,556.0,1432.0,369,0,1,1,Pedestrian
26,538.0,1379.0,560.0,1432.0,370,0,1,1,Pedestrian
26,540.0,1375.0,562.0,1428.0,371,0,1,1,Pedestrian
26,544.0,1375.0,566.0,1428.0,372,0,1,1,Pedestrian
26,548.0,1375.0,570.0,1428.0,373,0,1,1,Pedestrian
26,552.0,1375.0,574.0,1428.0,374,0,1,1,Pedestrian
26,554.0,1375.0,576.0,1428.0,375,0,1,1,Pedestrian
26,558.0,1375.0,580.0,1428.0,376,0,1,1,Pedestrian
26,562.0,1375.0,584.0,1428.0,377,0,1,1,Pedestrian
26,564.0,1375.0,586.0,1428.0,378,0,1,1,Pedestrian
26,568.0,1375.0,590.0,1428.0,379,0,1,1,Pedestrian
26,572.0,1375.0,594.0,1428.0,380,0,1,1,Pedestrian
26,576.0,1371.0,598.0,1424.0,381,0,1,1,Pedestrian
26,578.0,1371.0,600.0,1424.0,382,0,1,1,Pedestrian
26,582.0,1371.0,604.0,1424.0,383,0,1,1,Pedestrian
26,586.0,1371.0,608.0,1424.0,384,0,1,1,Pedestrian
26,588.0,1371.0,610.0,1424.0,385,0,1,1,Pedestrian
26,592.0,1371.0,614.0,1424.0,386,0,1,1,Pedestrian
26,596.0,1371.0,618.0,1424.0,387,0,1,1,Pedestrian
26,600.0,1371.0,622.0,1424.0,388,0,1,1,Pedestrian
26,602.0,1371.0,624.0,1424.0,389,0,1,1,Pedestrian
26,606.0,1371.0,628.0,1424.0,390,0,1,1,Pedestrian
26,610.0,1367.0,632.0,1420.0,391,0,1,1,Pedestrian
26,612.0,1367.0,634.0,1420.0,392,0,1,1,Pedestrian
26,616.0,1367.0,638.0,1420.0,393,0,1,1,Pedestrian
26,620.0,1367.0,642.0,1420.0,394,0,1,1,Pedestrian
26,624.0,1367.0,646.0,1420.0,395,0,1,1,Pedestrian
26,626.0,1367.0,648.0,1420.0,396,0,1,1,Pedestrian
26,630.0,1367.0,652.0,1420.0,397,0,1,1,Pedestrian
26,634.0,1367.0,656.0,1420.0,398,0,1,1,Pedestrian
26,636.0,1367.0,658.0,1420.0,399,0,1,1,Pedestrian
26,640.0,1367.0,662.0,1420.0,400,0,1,1,Pedestrian
26,644.0,1363.0,666.0,1416.0,401,0,1,1,Pedestrian
26,648.0,1363.0,670.0,1416.0,402,0,1,1,Pedestrian
26,650.0,1363.0,672.0,1416.0,403,0,1,1,Pedestrian
26,654.0,1363.0,676.0,1416.0,404,0,1,1,Pedestrian
26,658.0,1363.0,680.0,1416.0,405,0,1,1,Pedestrian
26,660.0,1363.0,682.0,1416.0,406,0,1,1,Pedestrian
26,664.0,1363.0,686.0,1416.0,407,0,1,1,Pedestrian
26,668.0,1363.0,690.0,1416.0,408,0,1,1,Pedestrian
26,672.0,1363.0,694.0,1416.0,409,0,1,1,Pedestrian
26,674.0,1363.0,696.0,1416.0,410,0,1,1,Pedestrian
26,678.0,1359.0,700.0,1412.0,411,0,1,1,Pedestrian
26,682.0,1359.0,704.0,1412.0,412,0,1,1,Pedestrian
26,684.0,1359.0,706.0,1412.0,413,0,1,1,Pedestrian
26,688.0,1359.0,710.0,1412.0,414,0,1,1,Pedestrian
26,692.0,1359.0,714.0,1412.0,415,0,1,1,Pedestrian
26,696.0,1359.0,718.0,1412.0,416,0,1,1,Pedestrian
26,698.0,1359.0,719.0,1412.0,417,0,1,1,Pedestrian
26,702.0,1359.0,723.0,1412.0,418,0,1,1,Pedestrian
26,706.0,1359.0,727.0,1412.0,419,0,1,1,Pedestrian
26,708.0,1359.0,729.0,1412.0,420,0,1,1,Pedestrian
26,712.0,1354.0,733.0,1408.0,421,0,1,1,Pedestrian
26,716.0,1354.0,737.0,1408.0,422,0,1,1,Pedestrian
26,719.0,1354.0,741.0,1408.0,423,0,1,1,Pedestrian
26,721.0,1354.0,743.0,1408.0,424,0,1,1,Pedestrian
26,725.0,1354.0,747.0,1408.0,425,0,1,1,Pedestrian
26,729.0,1354.0,751.0,1408.0,426,0,1,1,Pedestrian
26,731.0,1354.0,753.0,1408.0,427,0,1,1,Pedestrian
26,735.0,1354.0,757.0,1408.0,428,0,1,1,Pedestrian
26,739.0,1354.0,761.0,1408.0,429,0,1,1,Pedestrian
26,743.0,1354.0,765.0,1408.0,430,0,0,0,Pedestrian
27,771.0,1395.0,789.0,1452.0,0,0,0,0,Pedestrian
27,769.0,1395.0,787.0,1452.0,1,0,0,1,Pedestrian
27,769.0,1395.0,787.0,1452.0,2,0,0,1,Pedestrian
27,769.0,1395.0,787.0,1452.0,3,0,0,1,Pedestrian
27,767.0,1395.0,785.0,1452.0,4,0,0,1,Pedestrian
27,767.0,1395.0,785.0,1452.0,5,0,0,1,Pedestrian
27,767.0,1395.0,785.0,1452.0,6,0,0,1,Pedestrian
27,765.0,1395.0,783.0,1452.0,7,0,0,1,Pedestrian
27,765.0,1395.0,783.0,1452.0,8,0,0,1,Pedestrian
27,765.0,1395.0,783.0,1452.0,9,0,0,1,Pedestrian
27,765.0,1395.0,783.0,1452.0,10,0,0,1,Pedestrian
27,763.0,1395.0,781.0,1452.0,11,0,0,1,Pedestrian
27,763.0,1395.0,781.0,1452.0,12,0,0,1,Pedestrian
27,763.0,1399.0,781.0,1457.0,13,0,0,1,Pedestrian
27,761.0,1399.0,779.0,1457.0,14,0,0,1,Pedestrian
27,761.0,1399.0,779.0,1457.0,15,0,0,1,Pedestrian
27,761.0,1399.0,779.0,1457.0,16,0,0,1,Pedestrian
27,759.0,1399.0,777.0,1457.0,17,0,0,1,Pedestrian
27,759.0,1399.0,777.0,1457.0,18,0,0,1,Pedestrian
27,759.0,1399.0,777.0,1457.0,19,0,0,1,Pedestrian
27,759.0,1399.0,777.0,1457.0,20,0,0,1,Pedestrian
27,757.0,1399.0,775.0,1457.0,21,0,0,1,Pedestrian
27,757.0,1399.0,775.0,1457.0,22,0,0,1,Pedestrian
27,757.0,1399.0,775.0,1457.0,23,0,0,1,Pedestrian
27,755.0,1399.0,773.0,1457.0,24,0,0,1,Pedestrian
27,755.0,1403.0,773.0,1461.0,25,0,0,1,Pedestrian
27,755.0,1403.0,773.0,1461.0,26,0,0,1,Pedestrian
27,753.0,1403.0,771.0,1461.0,27,0,0,1,Pedestrian
27,753.0,1403.0,771.0,1461.0,28,0,0,1,Pedestrian
27,753.0,1403.0,771.0,1461.0,29,0,0,1,Pedestrian
27,753.0,1403.0,771.0,1461.0,30,0,0,1,Pedestrian
27,751.0,1403.0,769.0,1461.0,31,0,0,1,Pedestrian
27,751.0,1403.0,769.0,1461.0,32,0,0,1,Pedestrian
27,751.0,1403.0,769.0,1461.0,33,0,0,1,Pedestrian
27,749.0,1403.0,767.0,1461.0,34,0,0,1,Pedestrian
27,749.0,1403.0,767.0,1461.0,35,0,0,1,Pedestrian
27,749.0,1403.0,767.0,1461.0,36,0,0,1,Pedestrian
27,747.0,1403.0,765.0,1461.0,37,0,0,1,Pedestrian
27,747.0,1408.0,765.0,1465.0,38,0,0,1,Pedestrian
27,747.0,1408.0,765.0,1465.0,39,0,0,1,Pedestrian
27,747.0,1408.0,765.0,1465.0,40,0,0,1,Pedestrian
27,745.0,1408.0,763.0,1465.0,41,0,0,1,Pedestrian
27,745.0,1408.0,763.0,1465.0,42,0,0,1,Pedestrian
27,745.0,1408.0,763.0,1465.0,43,0,0,1,Pedestrian
27,743.0,1408.0,761.0,1465.0,44,0,0,1,Pedestrian
27,743.0,1408.0,761.0,1465.0,45,0,0,1,Pedestrian
27,743.0,1408.0,761.0,1465.0,46,0,0,1,Pedestrian
27,741.0,1408.0,759.0,1465.0,47,0,0,1,Pedestrian
27,741.0,1408.0,759.0,1465.0,48,0,0,1,Pedestrian
27,741.0,1408.0,759.0,1465.0,49,0,0,1,Pedestrian
27,741.0,1412.0,759.0,1469.0,50,0,0,0,Pedestrian
27,739.0,1412.0,757.0,1469.0,51,0,0,1,Pedestrian
27,739.0,1412.0,757.0,1469.0,52,0,0,1,Pedestrian
27,737.0,1412.0,755.0,1469.0,53,0,0,1,Pedestrian
27,737.0,1412.0,755.0,1469.0,54,0,0,1,Pedestrian
27,737.0,1412.0,755.0,1469.0,55,0,0,1,Pedestrian
27,735.0,1412.0,753.0,1469.0,56,0,0,1,Pedestrian
27,735.0,1412.0,753.0,1469.0,57,0,0,1,Pedestrian
27,735.0,1412.0,753.0,1469.0,58,0,0,1,Pedestrian
27,733.0,1412.0,751.0,1469.0,59,0,0,1,Pedestrian
27,733.0,1416.0,751.0,1473.0,60,0,0,1,Pedestrian
27,731.0,1416.0,749.0,1473.0,61,0,0,1,Pedestrian
27,731.0,1416.0,749.0,1473.0,62,0,0,1,Pedestrian
27,731.0,1416.0,749.0,1473.0,63,0,0,1,Pedestrian
27,729.0,1416.0,747.0,1473.0,64,0,0,1,Pedestrian
27,729.0,1416.0,747.0,1473.0,65,0,0,1,Pedestrian
27,729.0,1416.0,747.0,1473.0,66,0,0,1,Pedestrian
27,727.0,1416.0,745.0,1473.0,67,0,0,1,Pedestrian
27,727.0,1416.0,745.0,1473.0,68,0,0,1,Pedestrian
27,727.0,1416.0,745.0,1473.0,69,0,0,1,Pedestrian
27,725.0,1420.0,743.0,1477.0,70,0,0,1,Pedestrian
27,725.0,1420.0,743.0,1477.0,71,0,0,1,Pedestrian
27,723.0,1420.0,741.0,1477.0,72,0,0,1,Pedestrian
27,723.0,1420.0,741.0,1477.0,73,0,0,1,Pedestrian
27,723.0,1420.0,741.0,1477.0,74,0,0,1,Pedestrian
27,721.0,1420.0,739.0,1477.0,75,0,0,1,Pedestrian
27,721.0,1420.0,739.0,1477.0,76,0,0,1,Pedestrian
27,721.0,1420.0,739.0,1477.0,77,0,0,1,Pedestrian
27,719.0,1420.0,737.0,1477.0,78,0,0,1,Pedestrian
27,719.0,1420.0,737.0,1477.0,79,0,0,1,Pedestrian
27,719.0,1424.0,737.0,1481.0,80,0,0,0,Pedestrian
27,718.0,1420.0,735.0,1477.0,81,0,0,1,Pedestrian
27,718.0,1420.0,735.0,1477.0,82,0,0,1,Pedestrian
27,716.0,1420.0,733.0,1477.0,83,0,0,1,Pedestrian
27,716.0,1420.0,733.0,1477.0,84,0,0,1,Pedestrian
27,714.0,1420.0,731.0,1477.0,85,0,0,1,Pedestrian
27,714.0,1420.0,731.0,1477.0,86,0,0,1,Pedestrian
27,714.0,1420.0,731.0,1477.0,87,0,0,1,Pedestrian
27,712.0,1420.0,729.0,1477.0,88,0,0,1,Pedestrian
27,712.0,1420.0,729.0,1477.0,89,0,0,1,Pedestrian
27,710.0,1420.0,727.0,1477.0,90,0,0,1,Pedestrian
27,710.0,1420.0,727.0,1477.0,91,0,0,1,Pedestrian
27,708.0,1420.0,725.0,1477.0,92,0,0,1,Pedestrian
27,708.0,1420.0,725.0,1477.0,93,0,0,1,Pedestrian
27,708.0,1416.0,725.0,1473.0,94,0,0,1,Pedestrian
27,706.0,1416.0,723.0,1473.0,95,0,0,1,Pedestrian
27,706.0,1416.0,723.0,1473.0,96,0,0,1,Pedestrian
27,704.0,1416.0,721.0,1473.0,97,0,0,1,Pedestrian
27,704.0,1416.0,721.0,1473.0,98,0,0,1,Pedestrian
27,702.0,1416.0,719.0,1473.0,99,0,0,1,Pedestrian
27,702.0,1416.0,719.0,1473.0,100,0,0,1,Pedestrian
27,702.0,1416.0,719.0,1473.0,101,0,0,1,Pedestrian
27,700.0,1416.0,718.0,1473.0,102,0,0,1,Pedestrian
27,700.0,1416.0,718.0,1473.0,103,0,0,1,Pedestrian
27,698.0,1416.0,716.0,1473.0,104,0,0,1,Pedestrian
27,698.0,1416.0,716.0,1473.0,105,0,0,1,Pedestrian
27,696.0,1416.0,714.0,1473.0,106,0,0,1,Pedestrian
27,696.0,1412.0,714.0,1469.0,107,0,0,1,Pedestrian
27,696.0,1412.0,714.0,1469.0,108,0,0,1,Pedestrian
27,694.0,1412.0,712.0,1469.0,109,0,0,1,Pedestrian
27,694.0,1412.0,712.0,1469.0,110,0,0,1,Pedestrian
27,692.0,1412.0,710.0,1469.0,111,0,0,1,Pedestrian
27,692.0,1412.0,710.0,1469.0,112,0,0,1,Pedestrian
27,690.0,1412.0,708.0,1469.0,113,0,0,1,Pedestrian
27,690.0,1412.0,708.0,1469.0,114,0,0,1,Pedestrian
27,690.0,1412.0,708.0,1469.0,115,0,0,1,Pedestrian
27,688.0,1412.0,706.0,1469.0,116,0,0,1,Pedestrian
27,688.0,1412.0,706.0,1469.0,117,0,0,1,Pedestrian
27,686.0,1412.0,704.0,1469.0,118,0,0,1,Pedestrian
27,686.0,1412.0,704.0,1469.0,119,0,0,1,Pedestrian
27,686.0,1412.0,704.0,1469.0,120,0,0,0,Pedestrian
27,684.0,1412.0,702.0,1469.0,121,0,0,1,Pedestrian
27,684.0,1412.0,702.0,1469.0,122,0,0,1,Pedestrian
27,682.0,1412.0,700.0,1469.0,123,0,0,1,Pedestrian
27,682.0,1412.0,700.0,1469.0,124,0,0,1,Pedestrian
27,680.0,1412.0,700.0,1469.0,125,0,0,1,Pedestrian
27,680.0,1412.0,698.0,1469.0,126,0,0,1,Pedestrian
27,678.0,1412.0,698.0,1469.0,127,0,0,1,Pedestrian
27,678.0,1412.0,698.0,1469.0,128,0,0,1,Pedestrian
27,676.0,1412.0,696.0,1469.0,129,0,0,1,Pedestrian
27,676.0,1412.0,696.0,1469.0,130,0,0,1,Pedestrian
27,674.0,1412.0,696.0,1469.0,131,0,0,1,Pedestrian
27,674.0,1412.0,694.0,1469.0,132,0,0,1,Pedestrian
27,674.0,1412.0,694.0,1469.0,133,0,0,1,Pedestrian
27,672.0,1412.0,692.0,1469.0,134,0,0,1,Pedestrian
27,672.0,1412.0,692.0,1469.0,135,0,0,1,Pedestrian
27,670.0,1412.0,692.0,1469.0,136,0,0,1,Pedestrian
27,670.0,1412.0,690.0,1469.0,137,0,0,1,Pedestrian
27,668.0,1412.0,690.0,1469.0,138,0,0,1,Pedestrian
27,668.0,1412.0,690.0,1469.0,139,0,0,1,Pedestrian
27,666.0,1412.0,688.0,1469.0,140,0,0,1,Pedestrian
27,666.0,1412.0,688.0,1469.0,141,0,0,1,Pedestrian
27,664.0,1412.0,688.0,1469.0,142,0,0,1,Pedestrian
27,664.0,1412.0,686.0,1469.0,143,0,0,1,Pedestrian
27,662.0,1412.0,686.0,1469.0,144,0,0,1,Pedestrian
27,662.0,1416.0,686.0,1469.0,145,0,0,1,Pedestrian
27,662.0,1416.0,684.0,1469.0,146,0,0,1,Pedestrian
27,660.0,1416.0,684.0,1469.0,147,0,0,1,Pedestrian
27,660.0,1416.0,682.0,1469.0,148,0,0,1,Pedestrian
27,658.0,1416.0,682.0,1469.0,149,0,0,1,Pedestrian
27,658.0,1416.0,682.0,1469.0,150,0,0,1,Pedestrian
27,656.0,1416.0,680.0,1469.0,151,0,0,1,Pedestrian
27,656.0,1416.0,680.0,1469.0,152,0,0,1,Pedestrian
27,654.0,1416.0,680.0,1469.0,153,0,0,1,Pedestrian
27,654.0,1416.0,678.0,1469.0,154,0,0,1,Pedestrian
27,652.0,1416.0,678.0,1469.0,155,0,0,1,Pedestrian
27,652.0,1416.0,678.0,1469.0,156,0,0,1,Pedestrian
27,650.0,1416.0,676.0,1469.0,157,0,0,1,Pedestrian
27,650.0,1416.0,676.0,1469.0,158,0,0,1,Pedestrian
27,650.0,1416.0,674.0,1469.0,159,0,0,1,Pedestrian
27,648.0,1416.0,674.0,1469.0,160,0,0,1,Pedestrian
27,648.0,1416.0,674.0,1469.0,161,0,0,1,Pedestrian
27,646.0,1416.0,672.0,1469.0,162,0,0,1,Pedestrian
27,646.0,1416.0,672.0,1469.0,163,0,0,1,Pedestrian
27,644.0,1416.0,672.0,1469.0,164,0,0,1,Pedestrian
27,644.0,1416.0,670.0,1469.0,165,0,0,1,Pedestrian
27,642.0,1416.0,670.0,1469.0,166,0,0,1,Pedestrian
27,642.0,1416.0,670.0,1469.0,167,0,0,1,Pedestrian
27,640.0,1416.0,668.0,1469.0,168,0,0,1,Pedestrian
27,640.0,1416.0,668.0,1469.0,169,0,0,1,Pedestrian
27,640.0,1420.0,668.0,1469.0,170,0,0,0,Pedestrian
27,638.0,1416.0,666.0,1465.0,171,0,0,1,Pedestrian
27,638.0,1416.0,666.0,1465.0,172,0,0,1,Pedestrian
27,636.0,1416.0,664.0,1465.0,173,0,0,1,Pedestrian
27,636.0,1416.0,664.0,1465.0,174,0,0,1,Pedestrian
27,636.0,1416.0,664.0,1465.0,175,0,0,1,Pedestrian
27,634.0,1416.0,662.0,1465.0,176,0,0,1,Pedestrian
27,634.0,1416.0,662.0,1465.0,177,0,0,1,Pedestrian
27,632.0,1416.0,660.0,1465.0,178,0,0,1,Pedestrian
27,632.0,1416.0,660.0,1465.0,179,0,0,1,Pedestrian
27,632.0,1416.0,660.0,1465.0,180,0,0,1,Pedestrian
27,630.0,1416.0,658.0,1465.0,181,0,0,1,Pedestrian
27,630.0,1416.0,658.0,1465.0,182,0,0,1,Pedestrian
27,630.0,1416.0,658.0,1465.0,183,0,0,1,Pedestrian
27,628.0,1416.0,656.0,1465.0,184,0,0,1,Pedestrian
27,628.0,1416.0,656.0,1465.0,185,0,0,1,Pedestrian
27,626.0,1416.0,654.0,1465.0,186,0,0,1,Pedestrian
27,626.0,1416.0,654.0,1465.0,187,0,0,1,Pedestrian
27,626.0,1416.0,654.0,1465.0,188,0,0,1,Pedestrian
27,624.0,1416.0,652.0,1465.0,189,0,0,1,Pedestrian
27,624.0,1416.0,652.0,1465.0,190,0,0,1,Pedestrian
27,622.0,1416.0,650.0,1465.0,191,0,0,1,Pedestrian
27,622.0,1416.0,650.0,1465.0,192,0,0,1,Pedestrian
27,622.0,1416.0,650.0,1465.0,193,0,0,1,Pedestrian
27,620.0,1416.0,648.0,1465.0,194,0,0,1,Pedestrian
27,620.0,1416.0,648.0,1465.0,195,0,0,1,Pedestrian
27,620.0,1416.0,648.0,1465.0,196,0,0,1,Pedestrian
27,618.0,1416.0,646.0,1465.0,197,0,0,1,Pedestrian
27,618.0,1416.0,646.0,1465.0,198,0,0,1,Pedestrian
27,616.0,1416.0,644.0,1465.0,199,0,0,1,Pedestrian
27,616.0,1416.0,644.0,1465.0,200,0,0,1,Pedestrian
27,616.0,1412.0,644.0,1461.0,201,0,0,1,Pedestrian
27,614.0,1412.0,642.0,1461.0,202,0,0,1,Pedestrian
27,614.0,1412.0,642.0,1461.0,203,0,0,1,Pedestrian
27,612.0,1412.0,640.0,1461.0,204,0,0,1,Pedestrian
27,612.0,1412.0,640.0,1461.0,205,0,0,1,Pedestrian
27,612.0,1412.0,640.0,1461.0,206,0,0,1,Pedestrian
27,610.0,1412.0,638.0,1461.0,207,0,0,1,Pedestrian
27,610.0,1412.0,638.0,1461.0,208,0,0,1,Pedestrian
27,610.0,1412.0,638.0,1461.0,209,0,0,1,Pedestrian
27,608.0,1412.0,636.0,1461.0,210,0,0,1,Pedestrian
27,608.0,1412.0,636.0,1461.0,211,0,0,1,Pedestrian
27,606.0,1412.0,634.0,1461.0,212,0,0,1,Pedestrian
27,606.0,1412.0,634.0,1461.0,213,0,0,1,Pedestrian
27,606.0,1412.0,634.0,1461.0,214,0,0,1,Pedestrian
27,604.0,1412.0,632.0,1461.0,215,0,0,1,Pedestrian
27,604.0,1412.0,632.0,1461.0,216,0,0,1,Pedestrian
27,602.0,1412.0,630.0,1461.0,217,0,0,1,Pedestrian
27,602.0,1412.0,630.0,1461.0,218,0,0,1,Pedestrian
27,602.0,1412.0,630.0,1461.0,219,0,0,1,Pedestrian
27,600.0,1412.0,628.0,1461.0,220,0,0,1,Pedestrian
27,600.0,1412.0,628.0,1461.0,221,0,0,1,Pedestrian
27,600.0,1412.0,628.0,1461.0,222,0,0,1,Pedestrian
27,598.0,1412.0,626.0,1461.0,223,0,0,1,Pedestrian
27,598.0,1412.0,626.0,1461.0,224,0,0,1,Pedestrian
27,596.0,1412.0,624.0,1461.0,225,0,0,1,Pedestrian
27,596.0,1412.0,624.0,1461.0,226,0,0,1,Pedestrian
27,596.0,1412.0,624.0,1461.0,227,0,0,1,Pedestrian
27,594.0,1412.0,622.0,1461.0,228,0,0,1,Pedestrian
27,594.0,1412.0,622.0,1461.0,229,0,0,1,Pedestrian
27,594.0,1412.0,622.0,1461.0,230,0,0,0,Pedestrian
27,592.0,1412.0,620.0,1461.0,231,0,0,1,Pedestrian
27,592.0,1412.0,620.0,1461.0,232,0,0,1,Pedestrian
27,590.0,1412.0,618.0,1461.0,233,0,0,1,Pedestrian
27,590.0,1412.0,618.0,1461.0,234,0,0,1,Pedestrian
27,588.0,1412.0,616.0,1461.0,235,0,0,1,Pedestrian
27,588.0,1412.0,616.0,1461.0,236,0,0,1,Pedestrian
27,586.0,1412.0,614.0,1461.0,237,0,0,1,Pedestrian
27,586.0,1412.0,614.0,1461.0,238,0,0,1,Pedestrian
27,584.0,1412.0,612.0,1461.0,239,0,0,1,Pedestrian
27,584.0,1412.0,612.0,1461.0,240,0,0,1,Pedestrian
27,582.0,1412.0,610.0,1461.0,241,0,0,1,Pedestrian
27,582.0,1412.0,610.0,1461.0,242,0,0,1,Pedestrian
27,580.0,1412.0,608.0,1461.0,243,0,0,1,Pedestrian
27,580.0,1416.0,608.0,1465.0,244,0,0,1,Pedestrian
27,578.0,1416.0,606.0,1465.0,245,0,0,1,Pedestrian
27,578.0,1416.0,606.0,1465.0,246,0,0,1,Pedestrian
27,576.0,1416.0,604.0,1465.0,247,0,0,1,Pedestrian
27,576.0,1416.0,604.0,1465.0,248,0,0,1,Pedestrian
27,574.0,1416.0,602.0,1465.0,249,0,0,1,Pedestrian
27,574.0,1416.0,602.0,1465.0,250,0,0,1,Pedestrian
27,574.0,1416.0,602.0,1465.0,251,0,0,1,Pedestrian
27,572.0,1416.0,600.0,1465.0,252,0,0,1,Pedestrian
27,572.0,1416.0,600.0,1465.0,253,0,0,1,Pedestrian
27,570.0,1416.0,598.0,1465.0,254,0,0,1,Pedestrian
27,570.0,1416.0,598.0,1465.0,255,0,0,1,Pedestrian
27,568.0,1416.0,596.0,1465.0,256,0,0,1,Pedestrian
27,568.0,1420.0,596.0,1469.0,257,0,0,1,Pedestrian
27,566.0,1420.0,594.0,1469.0,258,0,0,1,Pedestrian
27,566.0,1420.0,594.0,1469.0,259,0,0,1,Pedestrian
27,564.0,1420.0,592.0,1469.0,260,0,0,1,Pedestrian
27,564.0,1420.0,592.0,1469.0,261,0,0,1,Pedestrian
27,562.0,1420.0,590.0,1469.0,262,0,0,1,Pedestrian
27,562.0,1420.0,590.0,1469.0,263,0,0,1,Pedestrian
27,560.0,1420.0,588.0,1469.0,264,0,0,1,Pedestrian
27,560.0,1420.0,588.0,1469.0,265,0,0,1,Pedestrian
27,558.0,1420.0,586.0,1469.0,266,0,0,1,Pedestrian
27,558.0,1420.0,586.0,1469.0,267,0,0,1,Pedestrian
27,556.0,1420.0,584.0,1469.0,268,0,0,1,Pedestrian
27,556.0,1420.0,584.0,1469.0,269,0,0,1,Pedestrian
27,556.0,1424.0,584.0,1473.0,270,0,1,0,Pedestrian
27,556.0,1424.0,584.0,1473.0,271,0,1,1,Pedestrian
27,558.0,1424.0,584.0,1473.0,272,0,1,1,Pedestrian
27,558.0,1424.0,586.0,1473.0,273,0,1,1,Pedestrian
27,560.0,1424.0,586.0,1473.0,274,0,1,1,Pedestrian
27,560.0,1424.0,588.0,1473.0,275,0,1,1,Pedestrian
27,562.0,1424.0,588.0,1473.0,276,0,1,1,Pedestrian
27,562.0,1424.0,590.0,1473.0,277,0,1,1,Pedestrian
27,564.0,1424.0,590.0,1473.0,278,0,1,1,Pedestrian
27,564.0,1424.0,592.0,1473.0,279,0,1,1,Pedestrian
27,566.0,1424.0,592.0,1473.0,280,0,1,1,Pedestrian
27,566.0,1424.0,594.0,1473.0,281,0,1,1,Pedestrian
27,568.0,1424.0,594.0,1473.0,282,0,1,1,Pedestrian
27,568.0,1424.0,596.0,1473.0,283,0,1,1,Pedestrian
27,570.0,1424.0,596.0,1473.0,284,0,1,1,Pedestrian
27,570.0,1424.0,598.0,1473.0,285,0,1,1,Pedestrian
27,572.0,1424.0,598.0,1473.0,286,0,1,1,Pedestrian
27,572.0,1424.0,600.0,1473.0,287,0,1,1,Pedestrian
27,574.0,1424.0,600.0,1473.0,288,0,1,1,Pedestrian
27,574.0,1424.0,602.0,1473.0,289,0,1,1,Pedestrian
27,576.0,1424.0,602.0,1473.0,290,0,1,1,Pedestrian
27,576.0,1424.0,604.0,1473.0,291,0,1,1,Pedestrian
27,578.0,1424.0,604.0,1473.0,292,0,1,1,Pedestrian
27,578.0,1424.0,606.0,1473.0,293,0,1,1,Pedestrian
27,580.0,1424.0,606.0,1473.0,294,0,1,1,Pedestrian
27,580.0,1424.0,608.0,1473.0,295,0,1,1,Pedestrian
27,582.0,1424.0,608.0,1473.0,296,0,1,1,Pedestrian
27,582.0,1424.0,608.0,1473.0,297,0,1,1,Pedestrian
27,584.0,1424.0,610.0,1473.0,298,0,1,1,Pedestrian
27,584.0,1424.0,610.0,1473.0,299,0,1,1,Pedestrian
27,586.0,1424.0,612.0,1473.0,300,0,1,1,Pedestrian
27,586.0,1424.0,612.0,1473.0,301,0,1,1,Pedestrian
27,588.0,1424.0,614.0,1473.0,302,0,1,1,Pedestrian
27,588.0,1424.0,614.0,1473.0,303,0,1,1,Pedestrian
27,590.0,1424.0,616.0,1473.0,304,0,1,1,Pedestrian
27,590.0,1424.0,616.0,1473.0,305,0,1,1,Pedestrian
27,592.0,1424.0,618.0,1473.0,306,0,1,1,Pedestrian
27,592.0,1424.0,618.0,1473.0,307,0,1,1,Pedestrian
27,594.0,1424.0,620.0,1473.0,308,0,1,1,Pedestrian
27,594.0,1424.0,620.0,1473.0,309,0,1,1,Pedestrian
27,596.0,1424.0,622.0,1473.0,310,0,1,1,Pedestrian
27,598.0,1424.0,622.0,1473.0,311,0,1,1,Pedestrian
27,598.0,1424.0,624.0,1473.0,312,0,1,1,Pedestrian
27,600.0,1424.0,624.0,1473.0,313,0,1,1,Pedestrian
27,600.0,1424.0,626.0,1473.0,314,0,1,1,Pedestrian
27,602.0,1424.0,626.0,1473.0,315,0,1,1,Pedestrian
27,602.0,1424.0,628.0,1473.0,316,0,1,1,Pedestrian
27,604.0,1424.0,628.0,1473.0,317,0,1,1,Pedestrian
27,604.0,1424.0,630.0,1473.0,318,0,1,1,Pedestrian
27,606.0,1424.0,630.0,1473.0,319,0,1,1,Pedestrian
27,606.0,1424.0,632.0,1473.0,320,0,1,1,Pedestrian
27,608.0,1424.0,632.0,1473.0,321,0,1,1,Pedestrian
27,608.0,1424.0,634.0,1473.0,322,0,1,1,Pedestrian
27,610.0,1424.0,634.0,1473.0,323,0,1,1,Pedestrian
27,610.0,1424.0,634.0,1473.0,324,0,1,1,Pedestrian
27,612.0,1424.0,636.0,1473.0,325,0,1,1,Pedestrian
27,612.0,1424.0,636.0,1473.0,326,0,1,1,Pedestrian
27,614.0,1424.0,638.0,1473.0,327,0,1,1,Pedestrian
27,614.0,1424.0,638.0,1473.0,328,0,1,1,Pedestrian
27,616.0,1424.0,640.0,1473.0,329,0,1,1,Pedestrian
27,616.0,1424.0,640.0,1473.0,330,0,1,1,Pedestrian
27,618.0,1424.0,642.0,1473.0,331,0,1,1,Pedestrian
27,618.0,1424.0,642.0,1473.0,332,0,1,1,Pedestrian
27,620.0,1424.0,644.0,1473.0,333,0,1,1,Pedestrian
27,620.0,1424.0,644.0,1473.0,334,0,1,1,Pedestrian
27,622.0,1424.0,646.0,1473.0,335,0,1,1,Pedestrian
27,622.0,1424.0,646.0,1473.0,336,0,1,1,Pedestrian
27,624.0,1424.0,648.0,1473.0,337,0,1,1,Pedestrian
27,624.0,1424.0,648.0,1473.0,338,0,1,1,Pedestrian
27,626.0,1424.0,650.0,1473.0,339,0,1,1,Pedestrian
27,626.0,1424.0,650.0,1473.0,340,0,1,1,Pedestrian
27,628.0,1424.0,652.0,1473.0,341,0,1,1,Pedestrian
27,628.0,1424.0,652.0,1473.0,342,0,1,1,Pedestrian
27,630.0,1424.0,654.0,1473.0,343,0,1,1,Pedestrian
27,630.0,1424.0,654.0,1473.0,344,0,1,1,Pedestrian
27,632.0,1424.0,656.0,1473.0,345,0,1,1,Pedestrian
27,632.0,1424.0,656.0,1473.0,346,0,1,1,Pedestrian
27,634.0,1424.0,658.0,1473.0,347,0,1,1,Pedestrian
27,634.0,1424.0,658.0,1473.0,348,0,1,1,Pedestrian
27,636.0,1424.0,660.0,1473.0,349,0,1,1,Pedestrian
27,638.0,1424.0,660.0,1477.0,350,0,1,1,Pedestrian
27,638.0,1424.0,660.0,1477.0,351,0,1,1,Pedestrian
27,640.0,1424.0,662.0,1477.0,352,0,1,1,Pedestrian
27,640.0,1424.0,662.0,1477.0,353,0,1,1,Pedestrian
27,642.0,1424.0,664.0,1477.0,354,0,1,1,Pedestrian
27,642.0,1424.0,664.0,1477.0,355,0,1,1,Pedestrian
27,644.0,1424.0,666.0,1477.0,356,0,1,1,Pedestrian
27,644.0,1424.0,666.0,1477.0,357,0,1,1,Pedestrian
27,646.0,1424.0,668.0,1477.0,358,0,1,1,Pedestrian
27,646.0,1424.0,668.0,1477.0,359,0,1,1,Pedestrian
27,648.0,1424.0,670.0,1477.0,360,0,1,1,Pedestrian
27,648.0,1424.0,670.0,1477.0,361,0,1,1,Pedestrian
27,650.0,1424.0,672.0,1477.0,362,0,1,1,Pedestrian
27,650.0,1424.0,672.0,1477.0,363,0,1,1,Pedestrian
27,652.0,1424.0,674.0,1477.0,364,0,1,1,Pedestrian
27,652.0,1424.0,674.0,1477.0,365,0,1,1,Pedestrian
27,654.0,1424.0,676.0,1477.0,366,0,1,1,Pedestrian
27,654.0,1424.0,676.0,1477.0,367,0,1,1,Pedestrian
27,656.0,1424.0,678.0,1477.0,368,0,1,1,Pedestrian
27,656.0,1424.0,678.0,1477.0,369,0,1,1,Pedestrian
27,658.0,1424.0,680.0,1477.0,370,0,1,1,Pedestrian
27,658.0,1424.0,680.0,1477.0,371,0,1,1,Pedestrian
27,660.0,1424.0,682.0,1477.0,372,0,1,1,Pedestrian
27,660.0,1424.0,682.0,1477.0,373,0,1,1,Pedestrian
27,662.0,1424.0,684.0,1477.0,374,0,1,1,Pedestrian
27,662.0,1424.0,684.0,1477.0,375,0,1,1,Pedestrian
27,664.0,1424.0,686.0,1477.0,376,0,1,1,Pedestrian
27,664.0,1424.0,686.0,1477.0,377,0,1,1,Pedestrian
27,666.0,1424.0,686.0,1477.0,378,0,1,1,Pedestrian
27,666.0,1424.0,688.0,1477.0,379,0,1,1,Pedestrian
27,668.0,1424.0,688.0,1477.0,380,0,1,1,Pedestrian
27,668.0,1424.0,690.0,1477.0,381,0,1,1,Pedestrian
27,670.0,1424.0,690.0,1477.0,382,0,1,1,Pedestrian
27,670.0,1424.0,692.0,1477.0,383,0,1,1,Pedestrian
27,672.0,1424.0,692.0,1477.0,384,0,1,1,Pedestrian
27,672.0,1424.0,694.0,1477.0,385,0,1,1,Pedestrian
27,674.0,1424.0,694.0,1477.0,386,0,1,1,Pedestrian
27,674.0,1424.0,696.0,1477.0,387,0,1,1,Pedestrian
27,676.0,1424.0,696.0,1477.0,388,0,1,1,Pedestrian
27,676.0,1424.0,698.0,1477.0,389,0,1,1,Pedestrian
27,678.0,1424.0,698.0,1477.0,390,0,1,1,Pedestrian
27,680.0,1424.0,700.0,1477.0,391,0,1,1,Pedestrian
27,680.0,1424.0,700.0,1477.0,392,0,1,1,Pedestrian
27,682.0,1424.0,702.0,1477.0,393,0,1,1,Pedestrian
27,682.0,1424.0,702.0,1477.0,394,0,1,1,Pedestrian
27,684.0,1424.0,704.0,1477.0,395,0,1,1,Pedestrian
27,684.0,1424.0,704.0,1477.0,396,0,1,1,Pedestrian
27,686.0,1424.0,706.0,1477.0,397,0,1,1,Pedestrian
27,686.0,1424.0,706.0,1477.0,398,0,1,1,Pedestrian
27,688.0,1424.0,708.0,1477.0,399,0,1,1,Pedestrian
27,688.0,1424.0,708.0,1477.0,400,0,1,1,Pedestrian
27,690.0,1424.0,710.0,1477.0,401,0,1,1,Pedestrian
27,690.0,1424.0,710.0,1477.0,402,0,1,1,Pedestrian
27,692.0,1424.0,712.0,1477.0,403,0,1,1,Pedestrian
27,692.0,1424.0,712.0,1477.0,404,0,1,1,Pedestrian
27,694.0,1424.0,712.0,1477.0,405,0,1,1,Pedestrian
27,694.0,1424.0,714.0,1477.0,406,0,1,1,Pedestrian
27,696.0,1424.0,714.0,1477.0,407,0,1,1,Pedestrian
27,696.0,1424.0,716.0,1477.0,408,0,1,1,Pedestrian
27,698.0,1424.0,716.0,1477.0,409,0,1,1,Pedestrian
27,698.0,1424.0,718.0,1477.0,410,0,1,1,Pedestrian
27,700.0,1424.0,718.0,1477.0,411,0,1,1,Pedestrian
27,700.0,1424.0,719.0,1477.0,412,0,1,1,Pedestrian
27,702.0,1424.0,719.0,1477.0,413,0,1,1,Pedestrian
27,702.0,1424.0,721.0,1477.0,414,0,1,1,Pedestrian
27,704.0,1424.0,721.0,1477.0,415,0,1,1,Pedestrian
27,704.0,1424.0,723.0,1477.0,416,0,1,1,Pedestrian
27,706.0,1424.0,723.0,1477.0,417,0,1,1,Pedestrian
27,706.0,1424.0,725.0,1477.0,418,0,1,1,Pedestrian
27,708.0,1424.0,725.0,1477.0,419,0,1,1,Pedestrian
27,708.0,1424.0,727.0,1477.0,420,0,1,1,Pedestrian
27,710.0,1424.0,727.0,1477.0,421,0,1,1,Pedestrian
27,710.0,1424.0,729.0,1477.0,422,0,1,1,Pedestrian
27,712.0,1424.0,729.0,1477.0,423,0,1,1,Pedestrian
27,712.0,1424.0,731.0,1477.0,424,0,1,1,Pedestrian
27,714.0,1424.0,731.0,1477.0,425,0,1,1,Pedestrian
27,714.0,1424.0,733.0,1477.0,426,0,1,1,Pedestrian
27,716.0,1424.0,733.0,1477.0,427,0,1,1,Pedestrian
27,716.0,1424.0,735.0,1477.0,428,0,1,1,Pedestrian
27,718.0,1424.0,735.0,1477.0,429,0,1,1,Pedestrian
27,719.0,1424.0,737.0,1481.0,430,0,0,0,Pedestrian
28,739.0,1367.0,761.0,1420.0,0,0,0,0,Pedestrian
28,737.0,1367.0,759.0,1420.0,1,0,0,1,Pedestrian
28,737.0,1367.0,759.0,1420.0,2,0,0,1,Pedestrian
28,737.0,1367.0,759.0,1420.0,3,0,0,1,Pedestrian
28,735.0,1367.0,757.0,1420.0,4,0,0,1,Pedestrian
28,735.0,1367.0,757.0,1420.0,5,0,0,1,Pedestrian
28,735.0,1367.0,757.0,1420.0,6,0,0,1,Pedestrian
28,733.0,1367.0,755.0,1420.0,7,0,0,1,Pedestrian
28,733.0,1367.0,755.0,1420.0,8,0,0,1,Pedestrian
28,733.0,1367.0,755.0,1420.0,9,0,0,1,Pedestrian
28,733.0,1367.0,755.0,1420.0,10,0,0,1,Pedestrian
28,731.0,1367.0,753.0,1420.0,11,0,0,1,Pedestrian
28,731.0,1367.0,753.0,1420.0,12,0,0,1,Pedestrian
28,731.0,1371.0,753.0,1424.0,13,0,0,1,Pedestrian
28,729.0,1371.0,751.0,1424.0,14,0,0,1,Pedestrian
28,729.0,1371.0,751.0,1424.0,15,0,0,1,Pedestrian
28,729.0,1371.0,751.0,1424.0,16,0,0,1,Pedestrian
28,727.0,1371.0,749.0,1424.0,17,0,0,1,Pedestrian
28,727.0,1371.0,749.0,1424.0,18,0,0,1,Pedestrian
28,727.0,1371.0,749.0,1424.0,19,0,0,1,Pedestrian
28,727.0,1371.0,749.0,1424.0,20,0,0,1,Pedestrian
28,725.0,1371.0,747.0,1424.0,21,0,0,1,Pedestrian
28,725.0,1371.0,747.0,1424.0,22,0,0,1,Pedestrian
28,725.0,1371.0,747.0,1424.0,23,0,0,1,Pedestrian
28,723.0,1371.0,745.0,1424.0,24,0,0,1,Pedestrian
28,723.0,1375.0,745.0,1428.0,25,0,0,1,Pedestrian
28,723.0,1375.0,745.0,1428.0,26,0,0,1,Pedestrian
28,721.0,1375.0,743.0,1428.0,27,0,0,1,Pedestrian
28,721.0,1375.0,743.0,1428.0,28,0,0,1,Pedestrian
28,721.0,1375.0,743.0,1428.0,29,0,0,1,Pedestrian
28,721.0,1375.0,743.0,1428.0,30,0,0,1,Pedestrian
28,719.0,1375.0,741.0,1428.0,31,0,0,1,Pedestrian
28,719.0,1375.0,741.0,1428.0,32,0,0,1,Pedestrian
28,719.0,1375.0,741.0,1428.0,33,0,0,1,Pedestrian
28,718.0,1375.0,739.0,1428.0,34,0,0,1,Pedestrian
28,718.0,1375.0,739.0,1428.0,35,0,0,1,Pedestrian
28,718.0,1375.0,739.0,1428.0,36,0,0,1,Pedestrian
28,716.0,1375.0,737.0,1428.0,37,0,0,1,Pedestrian
28,716.0,1379.0,737.0,1432.0,38,0,0,1,Pedestrian
28,716.0,1379.0,737.0,1432.0,39,0,0,1,Pedestrian
28,716.0,1379.0,737.0,1432.0,40,0,0,1,Pedestrian
28,714.0,1379.0,735.0,1432.0,41,0,0,1,Pedestrian
28,714.0,1379.0,735.0,1432.0,42,0,0,1,Pedestrian
28,714.0,1379.0,735.0,1432.0,43,0,0,1,Pedestrian
28,712.0,1379.0,733.0,1432.0,44,0,0,1,Pedestrian
28,712.0,1379.0,733.0,1432.0,45,0,0,1,Pedestrian
28,712.0,1379.0,733.0,1432.0,46,0,0,1,Pedestrian
28,710.0,1379.0,731.0,1432.0,47,0,0,1,Pedestrian
28,710.0,1379.0,731.0,1432.0,48,0,0,1,Pedestrian
28,710.0,1379.0,731.0,1432.0,49,0,0,1,Pedestrian
28,710.0,1383.0,731.0,1436.0,50,0,0,0,Pedestrian
28,708.0,1379.0,729.0,1432.0,51,0,0,1,Pedestrian
28,706.0,1379.0,727.0,1432.0,52,0,0,1,Pedestrian
28,706.0,1379.0,727.0,1432.0,53,0,0,1,Pedestrian
28,704.0,1379.0,725.0,1432.0,54,0,0,1,Pedestrian
28,702.0,1379.0,723.0,1432.0,55,0,0,1,Pedestrian
28,702.0,1375.0,723.0,1428.0,56,0,0,1,Pedestrian
28,700.0,1375.0,721.0,1428.0,57,0,0,1,Pedestrian
28,698.0,1375.0,719.0,1428.0,58,0,0,1,Pedestrian
28,698.0,1375.0,719.0,1428.0,59,0,0,1,Pedestrian
28,696.0,1375.0,718.0,1428.0,60,0,0,1,Pedestrian
28,694.0,1371.0,716.0,1424.0,61,0,0,1,Pedestrian
28,694.0,1371.0,716.0,1424.0,62,0,0,1,Pedestrian
28,692.0,1371.0,714.0,1424.0,63,0,0,1,Pedestrian
28,690.0,1371.0,712.0,1424.0,64,0,0,1,Pedestrian
28,690.0,1371.0,712.0,1424.0,65,0,0,1,Pedestrian
28,688.0,1367.0,710.0,1420.0,66,0,0,1,Pedestrian
28,686.0,1367.0,708.0,1420.0,67,0,0,1,Pedestrian
28,686.0,1367.0,708.0,1420.0,68,0,0,1,Pedestrian
28,684.0,1367.0,706.0,1420.0,69,0,0,1,Pedestrian
28,682.0,1367.0,704.0,1420.0,70,0,0,1,Pedestrian
28,682.0,1363.0,704.0,1416.0,71,0,0,1,Pedestrian
28,680.0,1363.0,702.0,1416.0,72,0,0,1,Pedestrian
28,678.0,1363.0,700.0,1416.0,73,0,0,1,Pedestrian
28,678.0,1363.0,700.0,1416.0,74,0,0,1,Pedestrian
28,676.0,1363.0,698.0,1416.0,75,0,0,1,Pedestrian
28,674.0,1359.0,696.0,1412.0,76,0,0,1,Pedestrian
28,674.0,1359.0,696.0,1412.0,77,0,0,1,Pedestrian
28,672.0,1359.0,694.0,1412.0,78,0,0,1,Pedestrian
28,670.0,1359.0,692.0,1412.0,79,0,0,1,Pedestrian
28,670.0,1359.0,692.0,1412.0,80,0,0,0,Pedestrian
28,668.0,1359.0,690.0,1412.0,81,0,0,1,Pedestrian
28,668.0,1359.0,690.0,1412.0,82,0,0,1,Pedestrian
28,668.0,1359.0,690.0,1412.0,83,0,0,1,Pedestrian
28,666.0,1359.0,688.0,1412.0,84,0,0,1,Pedestrian
28,666.0,1359.0,688.0,1412.0,85,0,0,1,Pedestrian
28,666.0,1359.0,688.0,1412.0,86,0,0,1,Pedestrian
28,664.0,1359.0,686.0,1412.0,87,0,0,1,Pedestrian
28,664.0,1359.0,686.0,1412.0,88,0,0,1,Pedestrian
28,664.0,1359.0,686.0,1412.0,89,0,0,1,Pedestrian
28,664.0,1363.0,686.0,1416.0,90,0,0,1,Pedestrian
28,662.0,1363.0,684.0,1416.0,91,0,0,1,Pedestrian
28,662.0,1363.0,684.0,1416.0,92,0,0,1,Pedestrian
28,662.0,1363.0,684.0,1416.0,93,0,0,1,Pedestrian
28,660.0,1363.0,682.0,1416.0,94,0,0,1,Pedestrian
28,660.0,1363.0,682.0,1416.0,95,0,0,1,Pedestrian
28,660.0,1363.0,682.0,1416.0,96,0,0,1,Pedestrian
28,658.0,1363.0,680.0,1416.0,97,0,0,1,Pedestrian
28,658.0,1363.0,680.0,1416.0,98,0,0,1,Pedestrian
28,658.0,1363.0,680.0,1416.0,99,0,0,1,Pedestrian
28,658.0,1367.0,680.0,1420.0,100,0,0,1,Pedestrian
28,656.0,1367.0,678.0,1420.0,101,0,0,1,Pedestrian
28,656.0,1367.0,678.0,1420.0,102,0,0,1,Pedestrian
28,656.0,1367.0,678.0,1420.0,103,0,0,1,Pedestrian
28,654.0,1367.0,676.0,1420.0,104,0,0,1,Pedestrian
28,654.0,1367.0,676.0,1420.0,105,0,0,1,Pedestrian
28,654.0,1367.0,676.0,1420.0,106,0,0,1,Pedestrian
28,652.0,1367.0,674.0,1420.0,107,0,0,1,Pedestrian
28,652.0,1367.0,674.0,1420.0,108,0,0,1,Pedestrian
28,652.0,1367.0,674.0,1420.0,109,0,0,1,Pedestrian
28,652.0,1371.0,674.0,1424.0,110,0,0,1,Pedestrian
28,650.0,1371.0,672.0,1424.0,111,0,0,1,Pedestrian
28,650.0,1371.0,672.0,1424.0,112,0,0,1,Pedestrian
28,650.0,1371.0,672.0,1424.0,113,0,0,1,Pedestrian
28,648.0,1371.0,670.0,1424.0,114,0,0,1,Pedestrian
28,648.0,1371.0,670.0,1424.0,115,0,0,1,Pedestrian
28,648.0,1371.0,670.0,1424.0,116,0,0,1,Pedestrian
28,646.0,1371.0,668.0,1424.0,117,0,0,1,Pedestrian
28,646.0,1371.0,668.0,1424.0,118,0,0,1,Pedestrian
28,646.0,1371.0,668.0,1424.0,119,0,0,1,Pedestrian
28,646.0,1375.0,668.0,1428.0,120,0,0,0,Pedestrian
28,644.0,1371.0,666.0,1424.0,121,0,0,1,Pedestrian
28,644.0,1371.0,666.0,1424.0,122,0,0,1,Pedestrian
28,642.0,1371.0,664.0,1424.0,123,0,0,1,Pedestrian
28,642.0,1371.0,664.0,1424.0,124,0,0,1,Pedestrian
28,640.0,1371.0,662.0,1424.0,125,0,0,1,Pedestrian
28,640.0,1371.0,662.0,1424.0,126,0,0,1,Pedestrian
28,640.0,1371.0,662.0,1424.0,127,0,0,1,Pedestrian
28,638.0,1371.0,660.0,1424.0,128,0,0,1,Pedestrian
28,638.0,1371.0,660.0,1424.0,129,0,0,1,Pedestrian
28,636.0,1371.0,658.0,1424.0,130,0,0,1,Pedestrian
28,636.0,1371.0,658.0,1424.0,131,0,0,1,Pedestrian
28,634.0,1371.0,656.0,1424.0,132,0,0,1,Pedestrian
28,634.0,1367.0,656.0,1420.0,133,0,0,1,Pedestrian
28,634.0,1367.0,656.0,1420.0,134,0,0,1,Pedestrian
28,632.0,1367.0,654.0,1420.0,135,0,0,1,Pedestrian
28,632.0,1367.0,654.0,1420.0,136,0,0,1,Pedestrian
28,630.0,1367.0,652.0,1420.0,137,0,0,1,Pedestrian
28,630.0,1367.0,652.0,1420.0,138,0,0,1,Pedestrian
28,630.0,1367.0,652.0,1420.0,139,0,0,1,Pedestrian
28,628.0,1367.0,650.0,1420.0,140,0,0,1,Pedestrian
28,628.0,1367.0,650.0,1420.0,141,0,0,1,Pedestrian
28,626.0,1367.0,648.0,1420.0,142,0,0,1,Pedestrian
28,626.0,1367.0,648.0,1420.0,143,0,0,1,Pedestrian
28,624.0,1367.0,646.0,1420.0,144,0,0,1,Pedestrian
28,624.0,1367.0,646.0,1420.0,145,0,0,1,Pedestrian
28,624.0,1363.0,646.0,1416.0,146,0,0,1,Pedestrian
28,622.0,1363.0,644.0,1416.0,147,0,0,1,Pedestrian
28,622.0,1363.0,644.0,1416.0,148,0,0,1,Pedestrian
28,620.0,1363.0,642.0,1416.0,149,0,0,1,Pedestrian
28,620.0,1363.0,642.0,1416.0,150,0,0,1,Pedestrian
28,618.0,1363.0,640.0,1416.0,151,0,0,1,Pedestrian
28,618.0,1363.0,640.0,1416.0,152,0,0,1,Pedestrian
28,618.0,1363.0,640.0,1416.0,153,0,0,1,Pedestrian
28,616.0,1363.0,638.0,1416.0,154,0,0,1,Pedestrian
28,616.0,1363.0,638.0,1416.0,155,0,0,1,Pedestrian
28,614.0,1363.0,636.0,1416.0,156,0,0,1,Pedestrian
28,614.0,1363.0,636.0,1416.0,157,0,0,1,Pedestrian
28,614.0,1359.0,636.0,1412.0,158,0,0,1,Pedestrian
28,612.0,1359.0,634.0,1412.0,159,0,0,1,Pedestrian
28,612.0,1359.0,634.0,1412.0,160,0,0,1,Pedestrian
28,610.0,1359.0,632.0,1412.0,161,0,0,1,Pedestrian
28,610.0,1359.0,632.0,1412.0,162,0,0,1,Pedestrian
28,608.0,1359.0,630.0,1412.0,163,0,0,1,Pedestrian
28,608.0,1359.0,630.0,1412.0,164,0,0,1,Pedestrian
28,608.0,1359.0,630.0,1412.0,165,0,0,1,Pedestrian
28,606.0,1359.0,628.0,1412.0,166,0,0,1,Pedestrian
28,606.0,1359.0,628.0,1412.0,167,0,0,1,Pedestrian
28,604.0,1359.0,626.0,1412.0,168,0,0,1,Pedestrian
28,604.0,1359.0,626.0,1412.0,169,0,0,1,Pedestrian
28,604.0,1359.0,626.0,1412.0,170,0,0,0,Pedestrian
28,602.0,1359.0,624.0,1412.0,171,0,0,1,Pedestrian
28,602.0,1359.0,624.0,1412.0,172,0,0,1,Pedestrian
28,600.0,1359.0,622.0,1412.0,173,0,0,1,Pedestrian
28,600.0,1359.0,622.0,1412.0,174,0,0,1,Pedestrian
28,600.0,1359.0,622.0,1412.0,175,0,0,1,Pedestrian
28,598.0,1359.0,620.0,1412.0,176,0,0,1,Pedestrian
28,598.0,1359.0,620.0,1412.0,177,0,0,1,Pedestrian
28,598.0,1363.0,620.0,1416.0,178,0,0,1,Pedestrian
28,596.0,1363.0,618.0,1416.0,179,0,0,1,Pedestrian
28,596.0,1363.0,618.0,1416.0,180,0,0,1,Pedestrian
28,594.0,1363.0,616.0,1416.0,181,0,0,1,Pedestrian
28,594.0,1363.0,616.0,1416.0,182,0,0,1,Pedestrian
28,594.0,1363.0,616.0,1416.0,183,0,0,1,Pedestrian
28,592.0,1363.0,614.0,1416.0,184,0,0,1,Pedestrian
28,592.0,1367.0,614.0,1420.0,185,0,0,1,Pedestrian
28,592.0,1367.0,614.0,1420.0,186,0,0,1,Pedestrian
28,590.0,1367.0,612.0,1420.0,187,0,0,1,Pedestrian
28,590.0,1367.0,612.0,1420.0,188,0,0,1,Pedestrian
28,590.0,1367.0,612.0,1420.0,189,0,0,1,Pedestrian
28,588.0,1367.0,610.0,1420.0,190,0,0,1,Pedestrian
28,588.0,1367.0,610.0,1420.0,191,0,0,1,Pedestrian
28,586.0,1367.0,608.0,1420.0,192,0,0,1,Pedestrian
28,586.0,1371.0,608.0,1424.0,193,0,0,1,Pedestrian
28,586.0,1371.0,608.0,1424.0,194,0,0,1,Pedestrian
28,584.0,1371.0,606.0,1424.0,195,0,0,1,Pedestrian
28,584.0,1371.0,606.0,1424.0,196,0,0,1,Pedestrian
28,584.0,1371.0,606.0,1424.0,197,0,0,1,Pedestrian
28,582.0,1371.0,604.0,1424.0,198,0,0,1,Pedestrian
28,582.0,1371.0,604.0,1424.0,199,0,0,1,Pedestrian
28,582.0,1375.0,604.0,1428.0,200,0,0,1,Pedestrian
28,580.0,1375.0,602.0,1428.0,201,0,0,1,Pedestrian
28,580.0,1375.0,602.0,1428.0,202,0,0,1,Pedestrian
28,578.0,1375.0,600.0,1428.0,203,0,0,1,Pedestrian
28,578.0,1375.0,600.0,1428.0,204,0,0,1,Pedestrian
28,578.0,1375.0,600.0,1428.0,205,0,0,1,Pedestrian
28,576.0,1375.0,598.0,1428.0,206,0,0,1,Pedestrian
28,576.0,1375.0,598.0,1428.0,207,0,0,1,Pedestrian
28,576.0,1379.0,598.0,1432.0,208,0,0,1,Pedestrian
28,574.0,1379.0,596.0,1432.0,209,0,0,1,Pedestrian
28,574.0,1379.0,596.0,1432.0,210,0,0,1,Pedestrian
28,572.0,1379.0,594.0,1432.0,211,0,0,1,Pedestrian
28,572.0,1379.0,594.0,1432.0,212,0,0,1,Pedestrian
28,572.0,1379.0,594.0,1432.0,213,0,0,1,Pedestrian
28,570.0,1379.0,592.0,1432.0,214,0,0,1,Pedestrian
28,570.0,1383.0,592.0,1436.0,215,0,0,1,Pedestrian
28,570.0,1383.0,592.0,1436.0,216,0,0,1,Pedestrian
28,568.0,1383.0,590.0,1436.0,217,0,0,1,Pedestrian
28,568.0,1383.0,590.0,1436.0,218,0,0,1,Pedestrian
28,568.0,1383.0,590.0,1436.0,219,0,0,1,Pedestrian
28,566.0,1383.0,588.0,1436.0,220,0,0,1,Pedestrian
28,566.0,1383.0,588.0,1436.0,221,0,0,1,Pedestrian
28,564.0,1383.0,586.0,1436.0,222,0,0,1,Pedestrian
28,564.0,1387.0,586.0,1440.0,223,0,0,1,Pedestrian
28,564.0,1387.0,586.0,1440.0,224,0,0,1,Pedestrian
28,562.0,1387.0,584.0,1440.0,225,0,0,1,Pedestrian
28,562.0,1387.0,584.0,1440.0,226,0,0,1,Pedestrian
28,562.0,1387.0,584.0,1440.0,227,0,0,1,Pedestrian
28,560.0,1387.0,582.0,1440.0,228,0,0,1,Pedestrian
28,560.0,1387.0,582.0,1440.0,229,0,0,1,Pedestrian
28,560.0,1391.0,582.0,1444.0,230,0,0,0,Pedestrian
28,558.0,1391.0,580.0,1444.0,231,0,0,1,Pedestrian
28,556.0,1391.0,578.0,1444.0,232,0,0,1,Pedestrian
28,556.0,1391.0,578.0,1444.0,233,0,0,1,Pedestrian
28,554.0,1391.0,576.0,1444.0,234,0,0,1,Pedestrian
28,554.0,1391.0,576.0,1444.0,235,0,0,1,Pedestrian
28,552.0,1391.0,574.0,1444.0,236,0,0,1,Pedestrian
28,552.0,1391.0,574.0,1444.0,237,0,0,1,Pedestrian
28,550.0,1391.0,572.0,1444.0,238,0,0,1,Pedestrian
28,550.0,1391.0,572.0,1444.0,239,0,0,1,Pedestrian
28,548.0,1391.0,570.0,1444.0,240,0,0,1,Pedestrian
28,548.0,1391.0,570.0,1444.0,241,0,0,1,Pedestrian
28,546.0,1391.0,568.0,1444.0,242,0,0,1,Pedestrian
28,546.0,1391.0,568.0,1444.0,243,0,0,1,Pedestrian
28,544.0,1395.0,566.0,1448.0,244,0,0,1,Pedestrian
28,544.0,1395.0,566.0,1448.0,245,0,0,1,Pedestrian
28,542.0,1395.0,564.0,1448.0,246,0,0,1,Pedestrian
28,542.0,1395.0,564.0,1448.0,247,0,0,1,Pedestrian
28,540.0,1395.0,562.0,1448.0,248,0,0,1,Pedestrian
28,540.0,1395.0,562.0,1448.0,249,0,0,1,Pedestrian
28,538.0,1395.0,560.0,1448.0,250,0,0,1,Pedestrian
28,536.0,1395.0,558.0,1448.0,251,0,0,1,Pedestrian
28,536.0,1395.0,558.0,1448.0,252,0,0,1,Pedestrian
28,534.0,1395.0,556.0,1448.0,253,0,0,1,Pedestrian
28,534.0,1395.0,556.0,1448.0,254,0,0,1,Pedestrian
28,532.0,1395.0,554.0,1448.0,255,0,0,1,Pedestrian
28,532.0,1395.0,554.0,1448.0,256,0,0,1,Pedestrian
28,530.0,1399.0,552.0,1452.0,257,0,0,1,Pedestrian
28,530.0,1399.0,552.0,1452.0,258,0,0,1,Pedestrian
28,528.0,1399.0,550.0,1452.0,259,0,0,1,Pedestrian
28,528.0,1399.0,550.0,1452.0,260,0,0,1,Pedestrian
28,526.0,1399.0,548.0,1452.0,261,0,0,1,Pedestrian
28,526.0,1399.0,548.0,1452.0,262,0,0,1,Pedestrian
28,524.0,1399.0,546.0,1452.0,263,0,0,1,Pedestrian
28,524.0,1399.0,546.0,1452.0,264,0,0,1,Pedestrian
28,522.0,1399.0,544.0,1452.0,265,0,0,1,Pedestrian
28,522.0,1399.0,544.0,1452.0,266,0,0,1,Pedestrian
28,520.0,1399.0,542.0,1452.0,267,0,0,1,Pedestrian
28,520.0,1399.0,542.0,1452.0,268,0,0,1,Pedestrian
28,518.0,1399.0,540.0,1452.0,269,0,0,1,Pedestrian
28,518.0,1403.0,540.0,1457.0,270,0,1,0,Pedestrian
28,518.0,1399.0,540.0,1452.0,271,0,1,1,Pedestrian
28,518.0,1399.0,540.0,1452.0,272,0,1,1,Pedestrian
28,520.0,1399.0,542.0,1452.0,273,0,1,1,Pedestrian
28,520.0,1399.0,542.0,1452.0,274,0,1,1,Pedestrian
28,522.0,1399.0,544.0,1452.0,275,0,1,1,Pedestrian
28,522.0,1399.0,544.0,1452.0,276,0,1,1,Pedestrian
28,524.0,1399.0,546.0,1452.0,277,0,1,1,Pedestrian
28,524.0,1399.0,546.0,1452.0,278,0,1,1,Pedestrian
28,526.0,1399.0,548.0,1452.0,279,0,1,1,Pedestrian
28,526.0,1399.0,548.0,1452.0,280,0,1,1,Pedestrian
28,528.0,1399.0,550.0,1452.0,281,0,1,1,Pedestrian
28,528.0,1399.0,550.0,1452.0,282,0,1,1,Pedestrian
28,530.0,1399.0,552.0,1452.0,283,0,1,1,Pedestrian
28,530.0,1399.0,552.0,1452.0,284,0,1,1,Pedestrian
28,532.0,1395.0,554.0,1448.0,285,0,1,1,Pedestrian
28,532.0,1395.0,554.0,1448.0,286,0,1,1,Pedestrian
28,534.0,1395.0,556.0,1448.0,287,0,1,1,Pedestrian
28,534.0,1395.0,556.0,1448.0,288,0,1,1,Pedestrian
28,536.0,1395.0,558.0,1448.0,289,0,1,1,Pedestrian
28,536.0,1395.0,558.0,1448.0,290,0,1,1,Pedestrian
28,536.0,1395.0,558.0,1448.0,291,0,1,1,Pedestrian
28,538.0,1395.0,560.0,1448.0,292,0,1,1,Pedestrian
28,538.0,1395.0,560.0,1448.0,293,0,1,1,Pedestrian
28,540.0,1395.0,562.0,1448.0,294,0,1,1,Pedestrian
28,540.0,1395.0,562.0,1448.0,295,0,1,1,Pedestrian
28,542.0,1395.0,564.0,1448.0,296,0,1,1,Pedestrian
28,542.0,1395.0,564.0,1448.0,297,0,1,1,Pedestrian
28,544.0,1395.0,566.0,1448.0,298,0,1,1,Pedestrian
28,544.0,1395.0,566.0,1448.0,299,0,1,1,Pedestrian
28,546.0,1391.0,568.0,1444.0,300,0,1,1,Pedestrian
28,546.0,1391.0,568.0,1444.0,301,0,1,1,Pedestrian
28,548.0,1391.0,570.0,1444.0,302,0,1,1,Pedestrian
28,548.0,1391.0,570.0,1444.0,303,0,1,1,Pedestrian
28,550.0,1391.0,572.0,1444.0,304,0,1,1,Pedestrian
28,550.0,1391.0,572.0,1444.0,305,0,1,1,Pedestrian
28,552.0,1391.0,574.0,1444.0,306,0,1,1,Pedestrian
28,552.0,1391.0,574.0,1444.0,307,0,1,1,Pedestrian
28,554.0,1391.0,576.0,1444.0,308,0,1,1,Pedestrian
28,554.0,1391.0,576.0,1444.0,309,0,1,1,Pedestrian
28,556.0,1391.0,578.0,1444.0,310,0,1,1,Pedestrian
28,556.0,1391.0,578.0,1444.0,311,0,1,1,Pedestrian
28,556.0,1391.0,578.0,1444.0,312,0,1,1,Pedestrian
28,558.0,1391.0,580.0,1444.0,313,0,1,1,Pedestrian
28,558.0,1387.0,580.0,1440.0,314,0,1,1,Pedestrian
28,560.0,1387.0,582.0,1440.0,315,0,1,1,Pedestrian
28,560.0,1387.0,582.0,1440.0,316,0,1,1,Pedestrian
28,562.0,1387.0,584.0,1440.0,317,0,1,1,Pedestrian
28,562.0,1387.0,584.0,1440.0,318,0,1,1,Pedestrian
28,564.0,1387.0,586.0,1440.0,319,0,1,1,Pedestrian
28,564.0,1387.0,586.0,1440.0,320,0,1,1,Pedestrian
28,566.0,1387.0,588.0,1440.0,321,0,1,1,Pedestrian
28,566.0,1387.0,588.0,1440.0,322,0,1,1,Pedestrian
28,568.0,1387.0,590.0,1440.0,323,0,1,1,Pedestrian
28,568.0,1387.0,590.0,1440.0,324,0,1,1,Pedestrian
28,570.0,1387.0,592.0,1440.0,325,0,1,1,Pedestrian
28,570.0,1387.0,592.0,1440.0,326,0,1,1,Pedestrian
28,572.0,1387.0,594.0,1440.0,327,0,1,1,Pedestrian
28,572.0,1387.0,594.0,1440.0,328,0,1,1,Pedestrian
28,574.0,1383.0,596.0,1436.0,329,0,1,1,Pedestrian
28,574.0,1383.0,596.0,1436.0,330,0,1,1,Pedestrian
28,574.0,1383.0,596.0,1436.0,331,0,1,1,Pedestrian
28,576.0,1383.0,598.0,1436.0,332,0,1,1,Pedestrian
28,576.0,1383.0,598.0,1436.0,333,0,1,1,Pedestrian
28,578.0,1383.0,600.0,1436.0,334,0,1,1,Pedestrian
28,578.0,1383.0,600.0,1436.0,335,0,1,1,Pedestrian
28,580.0,1383.0,602.0,1436.0,336,0,1,1,Pedestrian
28,580.0,1383.0,602.0,1436.0,337,0,1,1,Pedestrian
28,582.0,1383.0,604.0,1436.0,338,0,1,1,Pedestrian
28,582.0,1383.0,604.0,1436.0,339,0,1,1,Pedestrian
28,584.0,1383.0,606.0,1436.0,340,0,1,1,Pedestrian
28,584.0,1383.0,606.0,1436.0,341,0,1,1,Pedestrian
28,586.0,1383.0,608.0,1436.0,342,0,1,1,Pedestrian
28,586.0,1379.0,608.0,1432.0,343,0,1,1,Pedestrian
28,588.0,1379.0,610.0,1432.0,344,0,1,1,Pedestrian
28,588.0,1379.0,610.0,1432.0,345,0,1,1,Pedestrian
28,590.0,1379.0,612.0,1432.0,346,0,1,1,Pedestrian
28,590.0,1379.0,612.0,1432.0,347,0,1,1,Pedestrian
28,592.0,1379.0,614.0,1432.0,348,0,1,1,Pedestrian
28,592.0,1379.0,614.0,1432.0,349,0,1,1,Pedestrian
28,594.0,1379.0,616.0,1432.0,350,0,1,1,Pedestrian
28,594.0,1379.0,616.0,1432.0,351,0,1,1,Pedestrian
28,594.0,1379.0,616.0,1432.0,352,0,1,1,Pedestrian
28,596.0,1379.0,618.0,1432.0,353,0,1,1,Pedestrian
28,596.0,1379.0,618.0,1432.0,354,0,1,1,Pedestrian
28,598.0,1379.0,620.0,1432.0,355,0,1,1,Pedestrian
28,598.0,1379.0,620.0,1432.0,356,0,1,1,Pedestrian
28,600.0,1379.0,622.0,1432.0,357,0,1,1,Pedestrian
28,600.0,1375.0,622.0,1428.0,358,0,1,1,Pedestrian
28,602.0,1375.0,624.0,1428.0,359,0,1,1,Pedestrian
28,602.0,1375.0,624.0,1428.0,360,0,1,1,Pedestrian
28,604.0,1375.0,626.0,1428.0,361,0,1,1,Pedestrian
28,604.0,1375.0,626.0,1428.0,362,0,1,1,Pedestrian
28,606.0,1375.0,628.0,1428.0,363,0,1,1,Pedestrian
28,606.0,1375.0,628.0,1428.0,364,0,1,1,Pedestrian
28,608.0,1375.0,630.0,1428.0,365,0,1,1,Pedestrian
28,608.0,1375.0,630.0,1428.0,366,0,1,1,Pedestrian
28,610.0,1375.0,632.0,1428.0,367,0,1,1,Pedestrian
28,610.0,1375.0,632.0,1428.0,368,0,1,1,Pedestrian
28,612.0,1375.0,634.0,1428.0,369,0,1,1,Pedestrian
28,612.0,1375.0,634.0,1428.0,370,0,1,1,Pedestrian
28,612.0,1375.0,634.0,1428.0,371,0,1,1,Pedestrian
28,614.0,1371.0,636.0,1424.0,372,0,1,1,Pedestrian
28,614.0,1371.0,636.0,1424.0,373,0,1,1,Pedestrian
28,616.0,1371.0,638.0,1424.0,374,0,1,1,Pedestrian
28,616.0,1371.0,638.0,1424.0,375,0,1,1,Pedestrian
28,618.0,1371.0,640.0,1424.0,376,0,1,1,Pedestrian
28,618.0,1371.0,640.0,1424.0,377,0,1,1,Pedestrian
28,620.0,1371.0,642.0,1424.0,378,0,1,1,Pedestrian
28,620.0,1371.0,642.0,1424.0,379,0,1,1,Pedestrian
28,622.0,1371.0,644.0,1424.0,380,0,1,1,Pedestrian
28,622.0,1371.0,644.0,1424.0,381,0,1,1,Pedestrian
28,624.0,1371.0,646.0,1424.0,382,0,1,1,Pedestrian
28,624.0,1371.0,646.0,1424.0,383,0,1,1,Pedestrian
28,626.0,1371.0,648.0,1424.0,384,0,1,1,Pedestrian
28,626.0,1371.0,648.0,1424.0,385,0,1,1,Pedestrian
28,628.0,1371.0,650.0,1424.0,386,0,1,1,Pedestrian
28,628.0,1367.0,650.0,1420.0,387,0,1,1,Pedestrian
28,630.0,1367.0,652.0,1420.0,388,0,1,1,Pedestrian
28,630.0,1367.0,652.0,1420.0,389,0,1,1,Pedestrian
28,632.0,1367.0,654.0,1420.0,390,0,1,1,Pedestrian
28,632.0,1367.0,654.0,1420.0,391,0,1,1,Pedestrian
28,632.0,1367.0,654.0,1420.0,392,0,1,1,Pedestrian
28,634.0,1367.0,656.0,1420.0,393,0,1,1,Pedestrian
28,634.0,1367.0,656.0,1420.0,394,0,1,1,Pedestrian
28,636.0,1367.0,658.0,1420.0,395,0,1,1,Pedestrian
28,636.0,1367.0,658.0,1420.0,396,0,1,1,Pedestrian
28,638.0,1367.0,660.0,1420.0,397,0,1,1,Pedestrian
28,638.0,1367.0,660.0,1420.0,398,0,1,1,Pedestrian
28,640.0,1367.0,662.0,1420.0,399,0,1,1,Pedestrian
28,640.0,1367.0,662.0,1420.0,400,0,1,1,Pedestrian
28,642.0,1363.0,664.0,1416.0,401,0,1,1,Pedestrian
28,642.0,1363.0,664.0,1416.0,402,0,1,1,Pedestrian
28,644.0,1363.0,666.0,1416.0,403,0,1,1,Pedestrian
28,644.0,1363.0,666.0,1416.0,404,0,1,1,Pedestrian
28,646.0,1363.0,668.0,1416.0,405,0,1,1,Pedestrian
28,646.0,1363.0,668.0,1416.0,406,0,1,1,Pedestrian
28,648.0,1363.0,670.0,1416.0,407,0,1,1,Pedestrian
28,648.0,1363.0,670.0,1416.0,408,0,1,1,Pedestrian
28,650.0,1363.0,672.0,1416.0,409,0,1,1,Pedestrian
28,650.0,1363.0,672.0,1416.0,410,0,1,1,Pedestrian
28,650.0,1363.0,672.0,1416.0,411,0,1,1,Pedestrian
28,652.0,1363.0,674.0,1416.0,412,0,1,1,Pedestrian
28,652.0,1363.0,674.0,1416.0,413,0,1,1,Pedestrian
28,654.0,1363.0,676.0,1416.0,414,0,1,1,Pedestrian
28,654.0,1363.0,676.0,1416.0,415,0,1,1,Pedestrian
28,656.0,1359.0,678.0,1412.0,416,0,1,1,Pedestrian
28,656.0,1359.0,678.0,1412.0,417,0,1,1,Pedestrian
28,658.0,1359.0,680.0,1412.0,418,0,1,1,Pedestrian
28,658.0,1359.0,680.0,1412.0,419,0,1,1,Pedestrian
28,660.0,1359.0,682.0,1412.0,420,0,1,1,Pedestrian
28,660.0,1359.0,682.0,1412.0,421,0,1,1,Pedestrian
28,662.0,1359.0,684.0,1412.0,422,0,1,1,Pedestrian
28,662.0,1359.0,684.0,1412.0,423,0,1,1,Pedestrian
28,664.0,1359.0,686.0,1412.0,424,0,1,1,Pedestrian
28,664.0,1359.0,686.0,1412.0,425,0,1,1,Pedestrian
28,666.0,1359.0,688.0,1412.0,426,0,1,1,Pedestrian
28,666.0,1359.0,688.0,1412.0,427,0,1,1,Pedestrian
28,668.0,1359.0,690.0,1412.0,428,0,1,1,Pedestrian
28,668.0,1359.0,690.0,1412.0,429,0,1,1,Pedestrian
28,670.0,1359.0,692.0,1412.0,430,0,0,0,Pedestrian
29,450.0,1212.0,500.0,1289.0,0,0,0,0,Biker
29,450.0,1212.0,500.0,1289.0,1,0,0,1,Biker
29,452.0,1212.0,502.0,1289.0,2,0,0,1,Biker
29,454.0,1212.0,504.0,1289.0,3,0,0,1,Biker
29,454.0,1212.0,504.0,1289.0,4,0,0,1,Biker
29,456.0,1212.0,506.0,1289.0,5,0,0,1,Biker
29,458.0,1212.0,508.0,1289.0,6,0,0,1,Biker
29,460.0,1212.0,510.0,1289.0,7,0,0,1,Biker
29,460.0,1212.0,510.0,1289.0,8,0,0,1,Biker
29,462.0,1216.0,512.0,1293.0,9,0,0,1,Biker
29,464.0,1216.0,514.0,1293.0,10,0,0,1,Biker
29,464.0,1216.0,514.0,1293.0,11,0,0,1,Biker
29,466.0,1216.0,516.0,1293.0,12,0,0,1,Biker
29,468.0,1216.0,518.0,1293.0,13,0,0,1,Biker
29,470.0,1216.0,520.0,1293.0,14,0,0,1,Biker
29,470.0,1216.0,520.0,1293.0,15,0,0,1,Biker
29,472.0,1216.0,522.0,1293.0,16,0,0,1,Biker
29,474.0,1216.0,524.0,1293.0,17,0,0,1,Biker
29,476.0,1220.0,526.0,1297.0,18,0,0,1,Biker
29,476.0,1220.0,526.0,1297.0,19,0,0,1,Biker
29,478.0,1220.0,528.0,1297.0,20,0,0,1,Biker
29,480.0,1220.0,530.0,1297.0,21,0,0,1,Biker
29,480.0,1220.0,530.0,1297.0,22,0,0,1,Biker
29,482.0,1220.0,532.0,1297.0,23,0,0,1,Biker
29,484.0,1220.0,534.0,1297.0,24,0,0,1,Biker
29,486.0,1220.0,536.0,1297.0,25,0,0,1,Biker
29,486.0,1220.0,536.0,1297.0,26,0,0,1,Biker
29,488.0,1224.0,538.0,1301.0,27,0,0,1,Biker
29,490.0,1224.0,540.0,1301.0,28,0,0,1,Biker
29,492.0,1224.0,542.0,1301.0,29,0,0,1,Biker
29,492.0,1224.0,542.0,1301.0,30,0,0,1,Biker
29,494.0,1224.0,544.0,1301.0,31,0,0,1,Biker
29,496.0,1224.0,546.0,1301.0,32,0,0,1,Biker
29,496.0,1224.0,546.0,1301.0,33,0,0,1,Biker
29,498.0,1224.0,548.0,1301.0,34,0,0,1,Biker
29,500.0,1224.0,550.0,1301.0,35,0,0,1,Biker
29,502.0,1228.0,552.0,1306.0,36,0,0,1,Biker
29,502.0,1228.0,552.0,1306.0,37,0,0,1,Biker
29,504.0,1228.0,554.0,1306.0,38,0,0,1,Biker
29,506.0,1228.0,556.0,1306.0,39,0,0,1,Biker
29,508.0,1228.0,558.0,1306.0,40,0,0,1,Biker
29,508.0,1228.0,558.0,1306.0,41,0,0,1,Biker
29,510.0,1228.0,560.0,1306.0,42,0,0,1,Biker
29,512.0,1228.0,562.0,1306.0,43,0,0,1,Biker
29,512.0,1228.0,562.0,1306.0,44,0,0,1,Biker
29,514.0,1232.0,564.0,1310.0,45,0,0,1,Biker
29,516.0,1232.0,566.0,1310.0,46,0,0,1,Biker
29,518.0,1232.0,568.0,1310.0,47,0,0,1,Biker
29,518.0,1232.0,568.0,1310.0,48,0,0,1,Biker
29,520.0,1232.0,570.0,1310.0,49,0,0,1,Biker
29,522.0,1232.0,572.0,1310.0,50,0,0,1,Biker
29,522.0,1232.0,572.0,1310.0,51,0,0,1,Biker
29,524.0,1232.0,574.0,1310.0,52,0,0,1,Biker
29,526.0,1232.0,576.0,1310.0,53,0,0,1,Biker
29,528.0,1236.0,578.0,1314.0,54,0,0,1,Biker
29,528.0,1236.0,578.0,1314.0,55,0,0,1,Biker
29,530.0,1236.0,580.0,1314.0,56,0,0,1,Biker
29,532.0,1236.0,582.0,1314.0,57,0,0,1,Biker
29,534.0,1236.0,584.0,1314.0,58,0,0,1,Biker
29,534.0,1236.0,584.0,1314.0,59,0,0,1,Biker
29,536.0,1236.0,586.0,1314.0,60,0,0,1,Biker
29,538.0,1236.0,588.0,1314.0,61,0,0,1,Biker
29,538.0,1236.0,588.0,1314.0,62,0,0,1,Biker
29,540.0,1240.0,590.0,1318.0,63,0,0,1,Biker
29,542.0,1240.0,592.0,1318.0,64,0,0,1,Biker
29,544.0,1240.0,594.0,1318.0,65,0,0,1,Biker
29,544.0,1240.0,594.0,1318.0,66,0,0,1,Biker
29,546.0,1240.0,596.0,1318.0,67,0,0,1,Biker
29,548.0,1240.0,598.0,1318.0,68,0,0,1,Biker
29,550.0,1240.0,600.0,1318.0,69,0,0,1,Biker
29,550.0,1240.0,600.0,1318.0,70,0,0,1,Biker
29,552.0,1240.0,602.0,1318.0,71,0,0,1,Biker
29,554.0,1244.0,604.0,1322.0,72,0,0,1,Biker
29,554.0,1244.0,604.0,1322.0,73,0,0,1,Biker
29,556.0,1244.0,606.0,1322.0,74,0,0,1,Biker
29,558.0,1244.0,608.0,1322.0,75,0,0,1,Biker
29,560.0,1244.0,610.0,1322.0,76,0,0,1,Biker
29,560.0,1244.0,610.0,1322.0,77,0,0,1,Biker
29,562.0,1244.0,612.0,1322.0,78,0,0,1,Biker
29,564.0,1244.0,614.0,1322.0,79,0,0,1,Biker
29,566.0,1248.0,616.0,1326.0,80,0,0,0,Biker
29,566.0,1248.0,616.0,1326.0,81,0,0,1,Biker
29,568.0,1248.0,618.0,1326.0,82,0,0,1,Biker
29,568.0,1248.0,618.0,1326.0,83,0,0,1,Biker
29,570.0,1248.0,620.0,1326.0,84,0,0,1,Biker
29,570.0,1248.0,620.0,1326.0,85,0,0,1,Biker
29,572.0,1248.0,622.0,1326.0,86,0,0,1,Biker
29,574.0,1252.0,624.0,1330.0,87,0,0,1,Biker
29,574.0,1252.0,624.0,1330.0,88,0,0,1,Biker
29,576.0,1252.0,626.0,1330.0,89,0,0,1,Biker
29,576.0,1252.0,626.0,1330.0,90,0,0,1,Biker
29,578.0,1252.0,628.0,1330.0,91,0,0,1,Biker
29,578.0,1252.0,628.0,1330.0,92,0,0,1,Biker
29,580.0,1252.0,630.0,1330.0,93,0,0,1,Biker
29,582.0,1257.0,632.0,1334.0,94,0,0,1,Biker
29,582.0,1257.0,632.0,1334.0,95,0,0,1,Biker
29,584.0,1257.0,634.0,1334.0,96,0,0,1,Biker
29,584.0,1257.0,634.0,1334.0,97,0,0,1,Biker
29,586.0,1257.0,636.0,1334.0,98,0,0,1,Biker
29,586.0,1257.0,636.0,1334.0,99,0,0,1,Biker
29,588.0,1257.0,638.0,1334.0,100,0,0,1,Biker
29,590.0,1261.0,640.0,1338.0,101,0,0,1,Biker
29,590.0,1261.0,640.0,1338.0,102,0,0,1,Biker
29,592.0,1261.0,642.0,1338.0,103,0,0,1,Biker
29,592.0,1261.0,642.0,1338.0,104,0,0,1,Biker
29,594.0,1261.0,644.0,1338.0,105,0,0,1,Biker
29,594.0,1261.0,644.0,1338.0,106,0,0,1,Biker
29,596.0,1261.0,646.0,1338.0,107,0,0,1,Biker
29,598.0,1265.0,648.0,1342.0,108,0,0,1,Biker
29,598.0,1265.0,648.0,1342.0,109,0,0,1,Biker
29,600.0,1265.0,650.0,1342.0,110,0,0,1,Biker
29,600.0,1265.0,650.0,1342.0,111,0,0,1,Biker
29,602.0,1265.0,652.0,1342.0,112,0,0,1,Biker
29,602.0,1265.0,652.0,1342.0,113,0,0,1,Biker
29,604.0,1265.0,654.0,1342.0,114,0,0,1,Biker
29,606.0,1269.0,656.0,1346.0,115,0,0,1,Biker
29,606.0,1269.0,656.0,1346.0,116,0,0,1,Biker
29,608.0,1269.0,658.0,1346.0,117,0,0,1,Biker
29,608.0,1269.0,658.0,1346.0,118,0,0,1,Biker
29,610.0,1269.0,660.0,1346.0,119,0,0,1,Biker
29,610.0,1269.0,660.0,1346.0,120,0,0,1,Biker
29,612.0,1269.0,662.0,1346.0,121,0,0,1,Biker
29,614.0,1273.0,664.0,1350.0,122,0,0,1,Biker
29,614.0,1273.0,664.0,1350.0,123,0,0,1,Biker
29,616.0,1273.0,666.0,1350.0,124,0,0,1,Biker
29,616.0,1273.0,666.0,1350.0,125,0,0,1,Biker
29,618.0,1273.0,668.0,1350.0,126,0,0,1,Biker
29,618.0,1273.0,668.0,1350.0,127,0,0,1,Biker
29,620.0,1273.0,670.0,1350.0,128,0,0,1,Biker
29,622.0,1277.0,672.0,1354.0,129,0,0,1,Biker
29,622.0,1277.0,672.0,1354.0,130,0,0,1,Biker
29,624.0,1277.0,674.0,1354.0,131,0,0,1,Biker
29,624.0,1277.0,674.0,1354.0,132,0,0,1,Biker
29,626.0,1277.0,676.0,1354.0,133,0,0,1,Biker
29,626.0,1277.0,676.0,1354.0,134,0,0,1,Biker
29,628.0,1277.0,678.0,1354.0,135,0,0,1,Biker
29,630.0,1281.0,680.0,1359.0,136,0,0,1,Biker
29,630.0,1281.0,680.0,1359.0,137,0,0,1,Biker
29,632.0,1281.0,682.0,1359.0,138,0,0,1,Biker
29,632.0,1281.0,682.0,1359.0,139,0,0,1,Biker
29,634.0,1281.0,684.0,1359.0,140,0,0,1,Biker
29,634.0,1281.0,684.0,1359.0,141,0,0,1,Biker
29,636.0,1281.0,686.0,1359.0,142,0,0,1,Biker
29,638.0,1285.0,688.0,1363.0,143,0,0,1,Biker
29,638.0,1285.0,688.0,1363.0,144,0,0,1,Biker
29,640.0,1285.0,690.0,1363.0,145,0,0,1,Biker
29,640.0,1285.0,690.0,1363.0,146,0,0,1,Biker
29,642.0,1285.0,692.0,1363.0,147,0,0,1,Biker
29,642.0,1285.0,692.0,1363.0,148,0,0,1,Biker
29,644.0,1285.0,694.0,1363.0,149,0,0,1,Biker
29,646.0,1289.0,696.0,1367.0,150,0,0,0,Biker
29,646.0,1289.0,696.0,1367.0,151,0,0,1,Biker
29,648.0,1289.0,698.0,1367.0,152,0,0,1,Biker
29,648.0,1289.0,698.0,1367.0,153,0,0,1,Biker
29,650.0,1289.0,700.0,1367.0,154,0,0,1,Biker
29,650.0,1289.0,700.0,1367.0,155,0,0,1,Biker
29,652.0,1289.0,702.0,1367.0,156,0,0,1,Biker
29,652.0,1289.0,702.0,1367.0,157,0,0,1,Biker
29,654.0,1289.0,704.0,1367.0,158,0,0,1,Biker
29,654.0,1289.0,704.0,1367.0,159,0,0,1,Biker
29,656.0,1293.0,706.0,1371.0,160,0,0,1,Biker
29,656.0,1293.0,706.0,1371.0,161,0,0,1,Biker
29,658.0,1293.0,708.0,1371.0,162,0,0,1,Biker
29,658.0,1293.0,708.0,1371.0,163,0,0,1,Biker
29,660.0,1293.0,710.0,1371.0,164,0,0,1,Biker
29,660.0,1293.0,710.0,1371.0,165,0,0,1,Biker
29,662.0,1293.0,712.0,1371.0,166,0,0,1,Biker
29,662.0,1293.0,712.0,1371.0,167,0,0,1,Biker
29,664.0,1293.0,714.0,1371.0,168,0,0,1,Biker
29,664.0,1293.0,714.0,1371.0,169,0,0,1,Biker
29,666.0,1297.0,716.0,1375.0,170,0,0,1,Biker
29,666.0,1297.0,716.0,1375.0,171,0,0,1,Biker
29,668.0,1297.0,718.0,1375.0,172,0,0,1,Biker
29,668.0,1297.0,718.0,1375.0,173,0,0,1,Biker
29,670.0,1297.0,719.0,1375.0,174,0,0,1,Biker
29,672.0,1297.0,721.0,1375.0,175,0,0,1,Biker
29,672.0,1297.0,721.0,1375.0,176,0,0,1,Biker
29,674.0,1297.0,723.0,1375.0,177,0,0,1,Biker
29,674.0,1297.0,723.0,1375.0,178,0,0,1,Biker
29,676.0,1297.0,725.0,1375.0,179,0,0,1,Biker
29,676.0,1301.0,725.0,1379.0,180,0,0,1,Biker
29,678.0,1301.0,727.0,1379.0,181,0,0,1,Biker
29,678.0,1301.0,727.0,1379.0,182,0,0,1,Biker
29,680.0,1301.0,729.0,1379.0,183,0,0,1,Biker
29,680.0,1301.0,729.0,1379.0,184,0,0,1,Biker
29,682.0,1301.0,731.0,1379.0,185,0,0,1,Biker
29,682.0,1301.0,731.0,1379.0,186,0,0,1,Biker
29,684.0,1301.0,733.0,1379.0,187,0,0,1,Biker
29,684.0,1301.0,733.0,1379.0,188,0,0,1,Biker
29,686.0,1301.0,735.0,1379.0,189,0,0,1,Biker
29,686.0,1306.0,735.0,1383.0,190,0,0,1,Biker
29,688.0,1306.0,737.0,1383.0,191,0,0,1,Biker
29,688.0,1306.0,737.0,1383.0,192,0,0,1,Biker
29,690.0,1306.0,739.0,1383.0,193,0,0,1,Biker
29,690.0,1306.0,739.0,1383.0,194,0,0,1,Biker
29,692.0,1306.0,741.0,1383.0,195,0,0,1,Biker
29,692.0,1306.0,741.0,1383.0,196,0,0,1,Biker
29,694.0,1306.0,743.0,1383.0,197,0,0,1,Biker
29,694.0,1306.0,743.0,1383.0,198,0,0,1,Biker
29,696.0,1306.0,745.0,1383.0,199,0,0,1,Biker
29,698.0,1310.0,747.0,1387.0,200,0,0,0,Biker
29,698.0,1306.0,747.0,1383.0,201,0,0,1,Biker
29,700.0,1306.0,749.0,1383.0,202,0,0,1,Biker
29,700.0,1306.0,749.0,1383.0,203,0,0,1,Biker
29,702.0,1306.0,751.0,1383.0,204,0,0,1,Biker
29,702.0,1306.0,751.0,1383.0,205,0,0,1,Biker
29,704.0,1306.0,753.0,1383.0,206,0,0,1,Biker
29,706.0,1306.0,755.0,1383.0,207,0,0,1,Biker
29,706.0,1306.0,755.0,1383.0,208,0,0,1,Biker
29,708.0,1301.0,757.0,1379.0,209,0,0,1,Biker
29,708.0,1301.0,757.0,1379.0,210,0,0,1,Biker
29,710.0,1301.0,759.0,1379.0,211,0,0,1,Biker
29,710.0,1301.0,759.0,1379.0,212,0,0,1,Biker
29,712.0,1301.0,761.0,1379.0,213,0,0,1,Biker
29,714.0,1301.0,763.0,1379.0,214,0,0,1,Biker
29,714.0,1301.0,763.0,1379.0,215,0,0,1,Biker
29,716.0,1301.0,765.0,1379.0,216,0,0,1,Biker
29,716.0,1297.0,765.0,1375.0,217,0,0,1,Biker
29,718.0,1297.0,767.0,1375.0,218,0,0,1,Biker
29,719.0,1297.0,769.0,1375.0,219,0,0,1,Biker
29,719.0,1297.0,769.0,1375.0,220,0,0,1,Biker
29,721.0,1297.0,771.0,1375.0,221,0,0,1,Biker
29,721.0,1297.0,771.0,1375.0,222,0,0,1,Biker
29,723.0,1297.0,773.0,1375.0,223,0,0,1,Biker
29,723.0,1297.0,773.0,1375.0,224,0,0,1,Biker
29,725.0,1297.0,775.0,1375.0,225,0,0,1,Biker
29,727.0,1293.0,777.0,1371.0,226,0,0,1,Biker
29,727.0,1293.0,777.0,1371.0,227,0,0,1,Biker
29,729.0,1293.0,779.0,1371.0,228,0,0,1,Biker
29,729.0,1293.0,779.0,1371.0,229,0,0,1,Biker
29,731.0,1293.0,781.0,1371.0,230,0,0,1,Biker
29,733.0,1293.0,783.0,1371.0,231,0,0,1,Biker
29,733.0,1293.0,783.0,1371.0,232,0,0,1,Biker
29,735.0,1293.0,785.0,1371.0,233,0,0,1,Biker
29,735.0,1289.0,785.0,1367.0,234,0,0,1,Biker
29,737.0,1289.0,787.0,1367.0,235,0,0,1,Biker
29,737.0,1289.0,787.0,1367.0,236,0,0,1,Biker
29,739.0,1289.0,789.0,1367.0,237,0,0,1,Biker
29,741.0,1289.0,791.0,1367.0,238,0,0,1,Biker
29,741.0,1289.0,791.0,1367.0,239,0,0,1,Biker
29,743.0,1289.0,793.0,1367.0,240,0,0,1,Biker
29,743.0,1289.0,793.0,1367.0,241,0,0,1,Biker
29,745.0,1289.0,795.0,1367.0,242,0,0,1,Biker
29,747.0,1285.0,797.0,1363.0,243,0,0,1,Biker
29,747.0,1285.0,797.0,1363.0,244,0,0,1,Biker
29,749.0,1285.0,799.0,1363.0,245,0,0,1,Biker
29,749.0,1285.0,799.0,1363.0,246,0,0,1,Biker
29,751.0,1285.0,801.0,1363.0,247,0,0,1,Biker
29,751.0,1285.0,801.0,1363.0,248,0,0,1,Biker
29,753.0,1285.0,803.0,1363.0,249,0,0,1,Biker
29,755.0,1285.0,805.0,1363.0,250,0,0,1,Biker
29,755.0,1281.0,805.0,1359.0,251,0,0,1,Biker
29,757.0,1281.0,807.0,1359.0,252,0,0,1,Biker
29,757.0,1281.0,807.0,1359.0,253,0,0,1,Biker
29,759.0,1281.0,809.0,1359.0,254,0,0,1,Biker
29,761.0,1281.0,811.0,1359.0,255,0,0,1,Biker
29,761.0,1281.0,811.0,1359.0,256,0,0,1,Biker
29,763.0,1281.0,813.0,1359.0,257,0,0,1,Biker
29,763.0,1281.0,813.0,1359.0,258,0,0,1,Biker
29,765.0,1281.0,815.0,1359.0,259,0,0,1,Biker
29,765.0,1277.0,815.0,1354.0,260,0,0,1,Biker
29,767.0,1277.0,817.0,1354.0,261,0,0,1,Biker
29,769.0,1277.0,819.0,1354.0,262,0,0,1,Biker
29,769.0,1277.0,819.0,1354.0,263,0,0,1,Biker
29,771.0,1277.0,821.0,1354.0,264,0,0,1,Biker
29,771.0,1277.0,821.0,1354.0,265,0,0,1,Biker
29,773.0,1277.0,823.0,1354.0,266,0,0,1,Biker
29,773.0,1277.0,823.0,1354.0,267,0,0,1,Biker
29,775.0,1273.0,825.0,1350.0,268,0,0,1,Biker
29,777.0,1273.0,827.0,1350.0,269,0,0,1,Biker
29,777.0,1273.0,827.0,1350.0,270,0,0,1,Biker
29,779.0,1273.0,829.0,1350.0,271,0,0,1,Biker
29,779.0,1273.0,829.0,1350.0,272,0,0,1,Biker
29,781.0,1273.0,831.0,1350.0,273,0,0,1,Biker
29,783.0,1273.0,833.0,1350.0,274,0,0,1,Biker
29,783.0,1273.0,833.0,1350.0,275,0,0,1,Biker
29,785.0,1273.0,835.0,1350.0,276,0,0,1,Biker
29,785.0,1269.0,835.0,1346.0,277,0,0,1,Biker
29,787.0,1269.0,837.0,1346.0,278,0,0,1,Biker
29,787.0,1269.0,837.0,1346.0,279,0,0,1,Biker
29,789.0,1269.0,839.0,1346.0,280,0,0,1,Biker
29,791.0,1269.0,841.0,1346.0,281,0,0,1,Biker
29,791.0,1269.0,841.0,1346.0,282,0,0,1,Biker
29,793.0,1269.0,843.0,1346.0,283,0,0,1,Biker
29,793.0,1269.0,843.0,1346.0,284,0,0,1,Biker
29,795.0,1265.0,845.0,1342.0,285,0,0,1,Biker
29,797.0,1265.0,847.0,1342.0,286,0,0,1,Biker
29,797.0,1265.0,847.0,1342.0,287,0,0,1,Biker
29,799.0,1265.0,849.0,1342.0,288,0,0,1,Biker
29,799.0,1265.0,849.0,1342.0,289,0,0,1,Biker
29,801.0,1265.0,851.0,1342.0,290,0,0,1,Biker
29,801.0,1265.0,851.0,1342.0,291,0,0,1,Biker
29,803.0,1265.0,853.0,1342.0,292,0,0,1,Biker
29,805.0,1265.0,855.0,1342.0,293,0,0,1,Biker
29,805.0,1261.0,855.0,1338.0,294,0,0,1,Biker
29,807.0,1261.0,857.0,1338.0,295,0,0,1,Biker
29,807.0,1261.0,857.0,1338.0,296,0,0,1,Biker
29,809.0,1261.0,859.0,1338.0,297,0,0,1,Biker
29,811.0,1261.0,861.0,1338.0,298,0,0,1,Biker
29,811.0,1261.0,861.0,1338.0,299,0,0,1,Biker
29,813.0,1261.0,863.0,1338.0,300,0,0,1,Biker
29,813.0,1261.0,863.0,1338.0,301,0,0,1,Biker
29,815.0,1257.0,865.0,1334.0,302,0,0,1,Biker
29,815.0,1257.0,865.0,1334.0,303,0,0,1,Biker
29,817.0,1257.0,867.0,1334.0,304,0,0,1,Biker
29,819.0,1257.0,869.0,1334.0,305,0,0,1,Biker
29,819.0,1257.0,869.0,1334.0,306,0,0,1,Biker
29,821.0,1257.0,871.0,1334.0,307,0,0,1,Biker
29,821.0,1257.0,871.0,1334.0,308,0,0,1,Biker
29,823.0,1257.0,873.0,1334.0,309,0,0,1,Biker
29,825.0,1257.0,875.0,1334.0,310,0,0,0,Biker
29,825.0,1252.0,875.0,1330.0,311,0,0,1,Biker
29,827.0,1252.0,877.0,1330.0,312,0,0,1,Biker
29,829.0,1252.0,879.0,1330.0,313,0,0,1,Biker
29,831.0,1252.0,881.0,1330.0,314,0,0,1,Biker
29,833.0,1252.0,883.0,1330.0,315,0,0,1,Biker
29,835.0,1248.0,885.0,1326.0,316,0,0,1,Biker
29,835.0,1248.0,885.0,1326.0,317,0,0,1,Biker
29,837.0,1248.0,887.0,1326.0,318,0,0,1,Biker
29,839.0,1248.0,889.0,1326.0,319,0,0,1,Biker
29,841.0,1248.0,891.0,1326.0,320,0,0,1,Biker
29,843.0,1248.0,893.0,1326.0,321,0,0,1,Biker
29,845.0,1244.0,895.0,1322.0,322,0,0,1,Biker
29,845.0,1244.0,895.0,1322.0,323,0,0,1,Biker
29,847.0,1244.0,897.0,1322.0,324,0,0,1,Biker
29,849.0,1244.0,899.0,1322.0,325,0,0,1,Biker
29,851.0,1244.0,901.0,1322.0,326,0,0,1,Biker
29,853.0,1240.0,903.0,1318.0,327,0,0,1,Biker
29,855.0,1240.0,905.0,1318.0,328,0,0,1,Biker
29,855.0,1240.0,905.0,1318.0,329,0,0,1,Biker
29,857.0,1240.0,907.0,1318.0,330,0,0,1,Biker
29,859.0,1240.0,909.0,1318.0,331,0,0,1,Biker
29,861.0,1240.0,911.0,1318.0,332,0,0,1,Biker
29,863.0,1236.0,913.0,1314.0,333,0,0,1,Biker
29,865.0,1236.0,915.0,1314.0,334,0,0,1,Biker
29,867.0,1236.0,917.0,1314.0,335,0,0,1,Biker
29,867.0,1236.0,917.0,1314.0,336,0,0,1,Biker
29,869.0,1236.0,919.0,1314.0,337,0,0,1,Biker
29,871.0,1232.0,921.0,1310.0,338,0,0,1,Biker
29,873.0,1232.0,923.0,1310.0,339,0,0,1,Biker
29,875.0,1232.0,925.0,1310.0,340,0,0,1,Biker
29,877.0,1232.0,927.0,1310.0,341,0,0,1,Biker
29,877.0,1232.0,927.0,1310.0,342,0,0,1,Biker
29,879.0,1232.0,929.0,1310.0,343,0,0,1,Biker
29,881.0,1228.0,931.0,1306.0,344,0,0,1,Biker
29,883.0,1228.0,933.0,1306.0,345,0,0,1,Biker
29,885.0,1228.0,935.0,1306.0,346,0,0,1,Biker
29,887.0,1228.0,937.0,1306.0,347,0,0,1,Biker
29,887.0,1228.0,937.0,1306.0,348,0,0,1,Biker
29,889.0,1224.0,939.0,1301.0,349,0,0,1,Biker
29,891.0,1224.0,941.0,1301.0,350,0,0,1,Biker
29,893.0,1224.0,943.0,1301.0,351,0,0,1,Biker
29,895.0,1224.0,945.0,1301.0,352,0,0,1,Biker
29,897.0,1224.0,947.0,1301.0,353,0,0,1,Biker
29,897.0,1224.0,947.0,1301.0,354,0,0,1,Biker
29,899.0,1220.0,949.0,1297.0,355,0,0,1,Biker
29,901.0,1220.0,951.0,1297.0,356,0,0,1,Biker
29,903.0,1220.0,953.0,1297.0,357,0,0,1,Biker
29,905.0,1220.0,955.0,1297.0,358,0,0,1,Biker
29,907.0,1220.0,957.0,1297.0,359,0,0,1,Biker
29,909.0,1220.0,959.0,1297.0,360,0,1,0,Biker
29,903.0,1220.0,953.0,1297.0,361,0,1,1,Biker
29,899.0,1220.0,949.0,1297.0,362,0,1,1,Biker
29,893.0,1220.0,943.0,1297.0,363,0,1,1,Biker
29,889.0,1220.0,939.0,1297.0,364,0,1,1,Biker
29,883.0,1220.0,933.0,1297.0,365,0,1,1,Biker
29,879.0,1220.0,929.0,1297.0,366,0,1,1,Biker
29,873.0,1220.0,923.0,1297.0,367,0,1,1,Biker
29,869.0,1220.0,919.0,1297.0,368,0,1,1,Biker
29,863.0,1220.0,913.0,1297.0,369,0,1,1,Biker
29,859.0,1224.0,909.0,1301.0,370,0,1,1,Biker
29,853.0,1224.0,903.0,1301.0,371,0,1,1,Biker
29,849.0,1224.0,899.0,1301.0,372,0,1,1,Biker
29,845.0,1224.0,895.0,1301.0,373,0,1,1,Biker
29,839.0,1224.0,889.0,1301.0,374,0,1,1,Biker
29,835.0,1224.0,885.0,1301.0,375,0,1,1,Biker
29,829.0,1224.0,879.0,1301.0,376,0,1,1,Biker
29,825.0,1224.0,875.0,1301.0,377,0,1,1,Biker
29,819.0,1224.0,869.0,1301.0,378,0,1,1,Biker
29,815.0,1224.0,865.0,1301.0,379,0,1,1,Biker
29,809.0,1228.0,859.0,1306.0,380,0,1,1,Biker
29,805.0,1228.0,855.0,1306.0,381,0,1,1,Biker
29,799.0,1228.0,849.0,1306.0,382,0,1,1,Biker
29,795.0,1228.0,845.0,1306.0,383,0,1,1,Biker
29,791.0,1228.0,841.0,1306.0,384,0,1,1,Biker
29,785.0,1228.0,835.0,1306.0,385,0,1,1,Biker
29,781.0,1228.0,831.0,1306.0,386,0,1,1,Biker
29,775.0,1228.0,825.0,1306.0,387,0,1,1,Biker
29,771.0,1228.0,821.0,1306.0,388,0,1,1,Biker
29,765.0,1228.0,815.0,1306.0,389,0,1,1,Biker
29,761.0,1232.0,811.0,1310.0,390,0,1,1,Biker
29,755.0,1232.0,805.0,1310.0,391,0,1,1,Biker
29,751.0,1232.0,801.0,1310.0,392,0,1,1,Biker
29,745.0,1232.0,795.0,1310.0,393,0,1,1,Biker
29,741.0,1232.0,791.0,1310.0,394,0,1,1,Biker
29,737.0,1232.0,787.0,1310.0,395,0,1,1,Biker
29,731.0,1232.0,781.0,1310.0,396,0,1,1,Biker
29,727.0,1232.0,777.0,1310.0,397,0,1,1,Biker
29,721.0,1232.0,771.0,1310.0,398,0,1,1,Biker
29,718.0,1232.0,767.0,1310.0,399,0,1,1,Biker
29,712.0,1236.0,761.0,1314.0,400,0,1,1,Biker
29,708.0,1236.0,757.0,1314.0,401,0,1,1,Biker
29,702.0,1236.0,751.0,1314.0,402,0,1,1,Biker
29,698.0,1236.0,747.0,1314.0,403,0,1,1,Biker
29,692.0,1236.0,741.0,1314.0,404,0,1,1,Biker
29,688.0,1236.0,737.0,1314.0,405,0,1,1,Biker
29,682.0,1236.0,731.0,1314.0,406,0,1,1,Biker
29,678.0,1236.0,727.0,1314.0,407,0,1,1,Biker
29,674.0,1236.0,723.0,1314.0,408,0,1,1,Biker
29,668.0,1236.0,718.0,1314.0,409,0,1,1,Biker
29,664.0,1240.0,714.0,1318.0,410,0,1,1,Biker
29,658.0,1240.0,708.0,1318.0,411,0,1,1,Biker
29,654.0,1240.0,704.0,1318.0,412,0,1,1,Biker
29,648.0,1240.0,698.0,1318.0,413,0,1,1,Biker
29,644.0,1240.0,694.0,1318.0,414,0,1,1,Biker
29,638.0,1240.0,688.0,1318.0,415,0,1,1,Biker
29,634.0,1240.0,684.0,1318.0,416,0,1,1,Biker
29,628.0,1240.0,678.0,1318.0,417,0,1,1,Biker
29,624.0,1240.0,674.0,1318.0,418,0,1,1,Biker
29,620.0,1240.0,670.0,1318.0,419,0,1,1,Biker
29,614.0,1244.0,664.0,1322.0,420,0,1,1,Biker
29,610.0,1244.0,660.0,1322.0,421,0,1,1,Biker
29,604.0,1244.0,654.0,1322.0,422,0,1,1,Biker
29,600.0,1244.0,650.0,1322.0,423,0,1,1,Biker
29,594.0,1244.0,644.0,1322.0,424,0,1,1,Biker
29,590.0,1244.0,640.0,1322.0,425,0,1,1,Biker
29,584.0,1244.0,634.0,1322.0,426,0,1,1,Biker
29,580.0,1244.0,630.0,1322.0,427,0,1,1,Biker
29,574.0,1244.0,624.0,1322.0,428,0,1,1,Biker
29,570.0,1244.0,620.0,1322.0,429,0,1,1,Biker
29,566.0,1248.0,616.0,1326.0,430,0,0,0,Biker
30,871.0,1285.0,897.0,1334.0,0,1,0,0,Pedestrian
30,871.0,1285.0,897.0,1334.0,1,1,0,1,Pedestrian
30,871.0,1285.0,897.0,1334.0,2,1,0,1,Pedestrian
30,871.0,1285.0,897.0,1334.0,3,1,0,1,Pedestrian
30,871.0,1285.0,897.0,1334.0,4,1,0,1,Pedestrian
30,871.0,1285.0,897.0,1334.0,5,1,0,1,Pedestrian
30,871.0,1285.0,897.0,1334.0,6,1,0,1,Pedestrian
30,871.0,1285.0,897.0,1334.0,7,1,0,1,Pedestrian
30,871.0,1285.0,897.0,1334.0,8,1,0,1,Pedestrian
30,871.0,1285.0,897.0,1334.0,9,1,0,1,Pedestrian
30,871.0,1285.0,897.0,1334.0,10,1,0,1,Pedestrian
30,871.0,1285.0,897.0,1334.0,11,1,0,1,Pedestrian
30,871.0,1285.0,897.0,1334.0,12,1,0,1,Pedestrian
30,871.0,1285.0,897.0,1334.0,13,1,0,1,Pedestrian
30,871.0,1285.0,897.0,1334.0,14,1,0,1,Pedestrian
30,871.0,1285.0,897.0,1334.0,15,1,0,1,Pedestrian
30,871.0,1285.0,897.0,1334.0,16,1,0,1,Pedestrian
30,871.0,1285.0,897.0,1334.0,17,1,0,1,Pedestrian
30,871.0,1285.0,897.0,1334.0,18,1,0,1,Pedestrian
30,871.0,1285.0,897.0,1334.0,19,1,0,1,Pedestrian
30,871.0,1285.0,897.0,1334.0,20,1,0,1,Pedestrian
30,871.0,1285.0,897.0,1334.0,21,1,0,1,Pedestrian
30,871.0,1285.0,897.0,1334.0,22,1,0,1,Pedestrian
30,871.0,1285.0,897.0,1334.0,23,1,0,1,Pedestrian
30,871.0,1285.0,897.0,1334.0,24,1,0,1,Pedestrian
30,871.0,1285.0,897.0,1334.0,25,1,0,1,Pedestrian
30,871.0,1285.0,897.0,1334.0,26,1,0,1,Pedestrian
30,871.0,1285.0,897.0,1334.0,27,1,0,1,Pedestrian
30,871.0,1285.0,897.0,1334.0,28,1,0,1,Pedestrian
30,871.0,1285.0,897.0,1334.0,29,1,0,1,Pedestrian
30,871.0,1285.0,897.0,1334.0,30,1,0,1,Pedestrian
30,871.0,1285.0,897.0,1334.0,31,1,0,1,Pedestrian
30,871.0,1285.0,897.0,1334.0,32,1,0,1,Pedestrian
30,871.0,1285.0,897.0,1334.0,33,1,0,1,Pedestrian
30,871.0,1285.0,897.0,1334.0,34,1,0,1,Pedestrian
30,871.0,1285.0,897.0,1334.0,35,1,0,1,Pedestrian
30,871.0,1285.0,897.0,1334.0,36,1,0,1,Pedestrian
30,871.0,1285.0,897.0,1334.0,37,1,0,1,Pedestrian
30,871.0,1285.0,897.0,1334.0,38,1,0,1,Pedestrian
30,871.0,1285.0,897.0,1334.0,39,1,0,1,Pedestrian
30,871.0,1285.0,897.0,1334.0,40,1,0,1,Pedestrian
30,871.0,1285.0,897.0,1334.0,41,1,0,1,Pedestrian
30,871.0,1285.0,897.0,1334.0,42,1,0,1,Pedestrian
30,871.0,1285.0,897.0,1334.0,43,1,0,1,Pedestrian
30,871.0,1285.0,897.0,1334.0,44,1,0,1,Pedestrian
30,871.0,1285.0,897.0,1334.0,45,1,0,1,Pedestrian
30,871.0,1285.0,897.0,1334.0,46,1,0,1,Pedestrian
30,871.0,1285.0,897.0,1334.0,47,1,0,1,Pedestrian
30,871.0,1285.0,897.0,1334.0,48,1,0,1,Pedestrian
30,871.0,1285.0,897.0,1334.0,49,1,0,1,Pedestrian
30,871.0,1285.0,897.0,1334.0,50,1,0,1,Pedestrian
30,871.0,1285.0,897.0,1334.0,51,1,0,1,Pedestrian
30,871.0,1285.0,897.0,1334.0,52,1,0,1,Pedestrian
30,871.0,1285.0,897.0,1334.0,53,1,0,1,Pedestrian
30,871.0,1285.0,897.0,1334.0,54,1,0,1,Pedestrian
30,871.0,1285.0,897.0,1334.0,55,1,0,1,Pedestrian
30,871.0,1285.0,897.0,1334.0,56,1,0,1,Pedestrian
30,871.0,1285.0,897.0,1334.0,57,1,0,1,Pedestrian
30,871.0,1285.0,897.0,1334.0,58,1,0,1,Pedestrian
30,871.0,1285.0,897.0,1334.0,59,1,0,1,Pedestrian
30,871.0,1285.0,897.0,1334.0,60,1,0,1,Pedestrian
30,871.0,1285.0,897.0,1334.0,61,1,0,1,Pedestrian
30,871.0,1285.0,897.0,1334.0,62,1,0,1,Pedestrian
30,871.0,1285.0,897.0,1334.0,63,1,0,1,Pedestrian
30,871.0,1285.0,897.0,1334.0,64,1,0,1,Pedestrian
30,871.0,1285.0,897.0,1334.0,65,1,0,1,Pedestrian
30,871.0,1285.0,897.0,1334.0,66,1,0,1,Pedestrian
30,871.0,1285.0,897.0,1334.0,67,1,0,1,Pedestrian
30,871.0,1285.0,897.0,1334.0,68,1,0,1,Pedestrian
30,871.0,1285.0,897.0,1334.0,69,1,0,1,Pedestrian
30,871.0,1285.0,897.0,1334.0,70,1,0,1,Pedestrian
30,871.0,1285.0,897.0,1334.0,71,1,0,1,Pedestrian
30,871.0,1285.0,897.0,1334.0,72,1,0,1,Pedestrian
30,871.0,1285.0,897.0,1334.0,73,1,0,1,Pedestrian
30,871.0,1285.0,897.0,1334.0,74,1,0,1,Pedestrian
30,871.0,1285.0,897.0,1334.0,75,1,0,1,Pedestrian
30,871.0,1285.0,897.0,1334.0,76,1,0,1,Pedestrian
30,871.0,1285.0,897.0,1334.0,77,1,0,1,Pedestrian
30,871.0,1285.0,897.0,1334.0,78,1,0,1,Pedestrian
30,871.0,1285.0,897.0,1334.0,79,1,0,1,Pedestrian
30,871.0,1285.0,897.0,1334.0,80,1,0,1,Pedestrian
30,871.0,1285.0,897.0,1334.0,81,1,0,1,Pedestrian
30,871.0,1285.0,897.0,1334.0,82,1,0,1,Pedestrian
30,871.0,1285.0,897.0,1334.0,83,1,0,1,Pedestrian
30,871.0,1285.0,897.0,1334.0,84,1,0,1,Pedestrian
30,871.0,1285.0,897.0,1334.0,85,1,0,1,Pedestrian
30,871.0,1285.0,897.0,1334.0,86,1,0,1,Pedestrian
30,871.0,1285.0,897.0,1334.0,87,1,0,1,Pedestrian
30,871.0,1285.0,897.0,1334.0,88,1,0,1,Pedestrian
30,871.0,1285.0,897.0,1334.0,89,1,0,1,Pedestrian
30,871.0,1285.0,897.0,1334.0,90,1,0,1,Pedestrian
30,871.0,1285.0,897.0,1334.0,91,1,0,1,Pedestrian
30,871.0,1285.0,897.0,1334.0,92,1,0,1,Pedestrian
30,871.0,1285.0,897.0,1334.0,93,1,0,1,Pedestrian
30,871.0,1285.0,897.0,1334.0,94,1,0,1,Pedestrian
30,871.0,1285.0,897.0,1334.0,95,1,0,1,Pedestrian
30,871.0,1285.0,897.0,1334.0,96,1,0,1,Pedestrian
30,871.0,1285.0,897.0,1334.0,97,1,0,1,Pedestrian
30,871.0,1285.0,897.0,1334.0,98,1,0,1,Pedestrian
30,871.0,1285.0,897.0,1334.0,99,1,0,1,Pedestrian
30,871.0,1285.0,897.0,1334.0,100,1,0,1,Pedestrian
30,871.0,1285.0,897.0,1334.0,101,1,0,1,Pedestrian
30,871.0,1285.0,897.0,1334.0,102,1,0,1,Pedestrian
30,871.0,1285.0,897.0,1334.0,103,1,0,1,Pedestrian
30,871.0,1285.0,897.0,1334.0,104,1,0,1,Pedestrian
30,871.0,1285.0,897.0,1334.0,105,1,0,1,Pedestrian
30,871.0,1285.0,897.0,1334.0,106,1,0,1,Pedestrian
30,871.0,1285.0,897.0,1334.0,107,1,0,1,Pedestrian
30,871.0,1285.0,897.0,1334.0,108,1,0,1,Pedestrian
30,871.0,1285.0,897.0,1334.0,109,1,0,1,Pedestrian
30,871.0,1285.0,897.0,1334.0,110,1,0,1,Pedestrian
30,871.0,1285.0,897.0,1334.0,111,1,0,1,Pedestrian
30,871.0,1285.0,897.0,1334.0,112,1,0,1,Pedestrian
30,871.0,1285.0,897.0,1334.0,113,1,0,1,Pedestrian
30,871.0,1285.0,897.0,1334.0,114,1,0,1,Pedestrian
30,871.0,1285.0,897.0,1334.0,115,1,0,1,Pedestrian
30,871.0,1285.0,897.0,1334.0,116,1,0,1,Pedestrian
30,871.0,1285.0,897.0,1334.0,117,1,0,1,Pedestrian
30,871.0,1285.0,897.0,1334.0,118,1,0,1,Pedestrian
30,871.0,1285.0,897.0,1334.0,119,1,0,1,Pedestrian
30,871.0,1285.0,897.0,1334.0,120,1,0,1,Pedestrian
30,871.0,1285.0,897.0,1334.0,121,1,0,1,Pedestrian
30,871.0,1285.0,897.0,1334.0,122,1,0,1,Pedestrian
30,871.0,1285.0,897.0,1334.0,123,1,0,1,Pedestrian
30,871.0,1285.0,897.0,1334.0,124,1,0,1,Pedestrian
30,871.0,1285.0,897.0,1334.0,125,1,0,1,Pedestrian
30,871.0,1285.0,897.0,1334.0,126,1,0,1,Pedestrian
30,871.0,1285.0,897.0,1334.0,127,1,0,1,Pedestrian
30,871.0,1285.0,897.0,1334.0,128,1,0,1,Pedestrian
30,871.0,1285.0,897.0,1334.0,129,1,0,1,Pedestrian
30,871.0,1285.0,897.0,1334.0,130,1,0,1,Pedestrian
30,871.0,1285.0,897.0,1334.0,131,1,0,1,Pedestrian
30,871.0,1285.0,897.0,1334.0,132,1,0,1,Pedestrian
30,871.0,1285.0,897.0,1334.0,133,1,0,1,Pedestrian
30,871.0,1285.0,897.0,1334.0,134,1,0,1,Pedestrian
30,871.0,1285.0,897.0,1334.0,135,1,0,1,Pedestrian
30,871.0,1285.0,897.0,1334.0,136,1,0,1,Pedestrian
30,871.0,1285.0,897.0,1334.0,137,1,0,1,Pedestrian
30,871.0,1285.0,897.0,1334.0,138,1,0,1,Pedestrian
30,871.0,1285.0,897.0,1334.0,139,1,0,1,Pedestrian
30,871.0,1285.0,897.0,1334.0,140,1,0,1,Pedestrian
30,871.0,1285.0,897.0,1334.0,141,1,0,1,Pedestrian
30,871.0,1285.0,897.0,1334.0,142,1,0,1,Pedestrian
30,871.0,1285.0,897.0,1334.0,143,1,0,1,Pedestrian
30,871.0,1285.0,897.0,1334.0,144,1,0,1,Pedestrian
30,871.0,1285.0,897.0,1334.0,145,1,0,1,Pedestrian
30,871.0,1285.0,897.0,1334.0,146,1,0,1,Pedestrian
30,871.0,1285.0,897.0,1334.0,147,0,0,0,Pedestrian
30,869.0,1285.0,895.0,1334.0,148,0,0,1,Pedestrian
30,867.0,1285.0,893.0,1334.0,149,0,0,1,Pedestrian
30,867.0,1285.0,893.0,1334.0,150,0,0,1,Pedestrian
30,865.0,1285.0,891.0,1334.0,151,0,0,1,Pedestrian
30,865.0,1285.0,891.0,1334.0,152,0,0,1,Pedestrian
30,863.0,1285.0,889.0,1334.0,153,0,0,1,Pedestrian
30,863.0,1285.0,889.0,1334.0,154,0,0,1,Pedestrian
30,861.0,1285.0,887.0,1334.0,155,0,0,1,Pedestrian
30,861.0,1289.0,887.0,1338.0,156,0,0,1,Pedestrian
30,859.0,1289.0,885.0,1338.0,157,0,0,1,Pedestrian
30,859.0,1289.0,885.0,1338.0,158,0,0,1,Pedestrian
30,857.0,1289.0,883.0,1338.0,159,0,0,1,Pedestrian
30,855.0,1289.0,881.0,1338.0,160,0,0,1,Pedestrian
30,855.0,1289.0,881.0,1338.0,161,0,0,1,Pedestrian
30,853.0,1289.0,879.0,1338.0,162,0,0,1,Pedestrian
30,853.0,1289.0,879.0,1338.0,163,0,0,1,Pedestrian
30,851.0,1293.0,877.0,1342.0,164,0,0,1,Pedestrian
30,851.0,1293.0,877.0,1342.0,165,0,0,1,Pedestrian
30,849.0,1293.0,875.0,1342.0,166,0,0,1,Pedestrian
30,849.0,1293.0,875.0,1342.0,167,0,0,1,Pedestrian
30,847.0,1293.0,873.0,1342.0,168,0,0,1,Pedestrian
30,847.0,1293.0,873.0,1342.0,169,0,0,1,Pedestrian
30,845.0,1293.0,871.0,1342.0,170,0,0,1,Pedestrian
30,845.0,1293.0,871.0,1342.0,171,0,0,1,Pedestrian
30,843.0,1297.0,869.0,1346.0,172,0,0,1,Pedestrian
30,841.0,1297.0,867.0,1346.0,173,0,0,1,Pedestrian
30,841.0,1297.0,867.0,1346.0,174,0,0,1,Pedestrian
30,839.0,1297.0,865.0,1346.0,175,0,0,1,Pedestrian
30,839.0,1297.0,865.0,1346.0,176,0,0,1,Pedestrian
30,837.0,1297.0,863.0,1346.0,177,0,0,1,Pedestrian
30,837.0,1297.0,863.0,1346.0,178,0,0,1,Pedestrian
30,835.0,1297.0,861.0,1346.0,179,0,0,1,Pedestrian
30,835.0,1297.0,861.0,1346.0,180,0,0,1,Pedestrian
30,833.0,1301.0,859.0,1350.0,181,0,0,1,Pedestrian
30,833.0,1301.0,859.0,1350.0,182,0,0,1,Pedestrian
30,831.0,1301.0,857.0,1350.0,183,0,0,1,Pedestrian
30,831.0,1301.0,857.0,1350.0,184,0,0,1,Pedestrian
30,829.0,1301.0,855.0,1350.0,185,0,0,1,Pedestrian
30,827.0,1301.0,853.0,1350.0,186,0,0,1,Pedestrian
30,827.0,1301.0,853.0,1350.0,187,0,0,1,Pedestrian
30,825.0,1301.0,851.0,1350.0,188,0,0,1,Pedestrian
30,825.0,1306.0,851.0,1354.0,189,0,0,1,Pedestrian
30,823.0,1306.0,849.0,1354.0,190,0,0,1,Pedestrian
30,823.0,1306.0,849.0,1354.0,191,0,0,1,Pedestrian
30,821.0,1306.0,847.0,1354.0,192,0,0,1,Pedestrian
30,821.0,1306.0,847.0,1354.0,193,0,0,1,Pedestrian
30,819.0,1306.0,845.0,1354.0,194,0,0,1,Pedestrian
30,819.0,1306.0,845.0,1354.0,195,0,0,1,Pedestrian
30,817.0,1306.0,843.0,1354.0,196,0,0,1,Pedestrian
30,817.0,1310.0,843.0,1359.0,197,0,0,0,Pedestrian
30,815.0,1310.0,841.0,1359.0,198,0,0,1,Pedestrian
30,813.0,1310.0,839.0,1359.0,199,0,0,1,Pedestrian
30,813.0,1310.0,839.0,1359.0,200,0,0,1,Pedestrian
30,811.0,1310.0,837.0,1359.0,201,0,0,1,Pedestrian
30,809.0,1314.0,835.0,1363.0,202,0,0,1,Pedestrian
30,809.0,1314.0,835.0,1363.0,203,0,0,1,Pedestrian
30,807.0,1314.0,833.0,1363.0,204,0,0,1,Pedestrian
30,807.0,1314.0,833.0,1363.0,205,0,0,1,Pedestrian
30,805.0,1318.0,831.0,1367.0,206,0,0,1,Pedestrian
30,803.0,1318.0,829.0,1367.0,207,0,0,1,Pedestrian
30,803.0,1318.0,829.0,1367.0,208,0,0,1,Pedestrian
30,801.0,1318.0,827.0,1367.0,209,0,0,1,Pedestrian
30,799.0,1318.0,825.0,1367.0,210,0,0,1,Pedestrian
30,799.0,1322.0,825.0,1371.0,211,0,0,1,Pedestrian
30,797.0,1322.0,823.0,1371.0,212,0,0,1,Pedestrian
30,797.0,1322.0,823.0,1371.0,213,0,0,1,Pedestrian
30,795.0,1322.0,821.0,1371.0,214,0,0,1,Pedestrian
30,793.0,1326.0,819.0,1375.0,215,0,0,1,Pedestrian
30,793.0,1326.0,819.0,1375.0,216,0,0,1,Pedestrian
30,791.0,1326.0,817.0,1375.0,217,0,0,1,Pedestrian
30,789.0,1326.0,815.0,1375.0,218,0,0,1,Pedestrian
30,789.0,1326.0,815.0,1375.0,219,0,0,1,Pedestrian
30,787.0,1330.0,813.0,1379.0,220,0,0,1,Pedestrian
30,787.0,1330.0,813.0,1379.0,221,0,0,1,Pedestrian
30,785.0,1330.0,811.0,1379.0,222,0,0,1,Pedestrian
30,783.0,1330.0,809.0,1379.0,223,0,0,1,Pedestrian
30,783.0,1334.0,809.0,1383.0,224,0,0,1,Pedestrian
30,781.0,1334.0,807.0,1383.0,225,0,0,1,Pedestrian
30,779.0,1334.0,805.0,1383.0,226,0,0,1,Pedestrian
30,779.0,1334.0,805.0,1383.0,227,0,0,1,Pedestrian
30,777.0,1334.0,803.0,1383.0,228,0,0,1,Pedestrian
30,777.0,1338.0,803.0,1387.0,229,0,0,1,Pedestrian
30,775.0,1338.0,801.0,1387.0,230,0,0,1,Pedestrian
30,773.0,1338.0,799.0,1387.0,231,0,0,1,Pedestrian
30,773.0,1338.0,799.0,1387.0,232,0,0,1,Pedestrian
30,771.0,1342.0,797.0,1391.0,233,0,0,1,Pedestrian
30,769.0,1342.0,795.0,1391.0,234,0,0,1,Pedestrian
30,769.0,1342.0,795.0,1391.0,235,0,0,1,Pedestrian
30,767.0,1342.0,793.0,1391.0,236,0,0,1,Pedestrian
30,767.0,1346.0,793.0,1395.0,237,0,0,0,Pedestrian
30,765.0,1346.0,791.0,1395.0,238,0,0,1,Pedestrian
30,763.0,1346.0,789.0,1395.0,239,0,0,1,Pedestrian
30,761.0,1346.0,787.0,1395.0,240,0,0,1,Pedestrian
30,761.0,1346.0,787.0,1395.0,241,0,0,1,Pedestrian
30,759.0,1346.0,785.0,1395.0,242,0,0,1,Pedestrian
30,757.0,1346.0,783.0,1395.0,243,0,0,1,Pedestrian
30,755.0,1346.0,781.0,1395.0,244,0,0,1,Pedestrian
30,755.0,1346.0,781.0,1395.0,245,0,0,1,Pedestrian
30,753.0,1346.0,779.0,1395.0,246,0,0,1,Pedestrian
30,751.0,1346.0,777.0,1395.0,247,0,0,1,Pedestrian
30,751.0,1346.0,777.0,1395.0,248,0,0,1,Pedestrian
30,749.0,1346.0,775.0,1395.0,249,0,0,1,Pedestrian
30,747.0,1346.0,773.0,1395.0,250,0,0,1,Pedestrian
30,745.0,1346.0,771.0,1395.0,251,0,0,1,Pedestrian
30,745.0,1346.0,771.0,1395.0,252,0,0,1,Pedestrian
30,743.0,1346.0,769.0,1395.0,253,0,0,1,Pedestrian
30,741.0,1346.0,767.0,1395.0,254,0,0,1,Pedestrian
30,739.0,1346.0,765.0,1395.0,255,0,0,1,Pedestrian
30,739.0,1346.0,765.0,1395.0,256,0,0,1,Pedestrian
30,737.0,1346.0,763.0,1395.0,257,0,0,1,Pedestrian
30,735.0,1346.0,761.0,1395.0,258,0,0,1,Pedestrian
30,735.0,1346.0,761.0,1395.0,259,0,0,1,Pedestrian
30,733.0,1346.0,759.0,1395.0,260,0,0,1,Pedestrian
30,731.0,1346.0,757.0,1395.0,261,0,0,1,Pedestrian
30,729.0,1346.0,755.0,1395.0,262,0,0,1,Pedestrian
30,729.0,1346.0,755.0,1395.0,263,0,0,1,Pedestrian
30,727.0,1346.0,753.0,1395.0,264,0,0,1,Pedestrian
30,725.0,1346.0,751.0,1395.0,265,0,0,1,Pedestrian
30,723.0,1346.0,749.0,1395.0,266,0,0,1,Pedestrian
30,723.0,1346.0,749.0,1395.0,267,0,0,1,Pedestrian
30,721.0,1346.0,747.0,1395.0,268,0,0,1,Pedestrian
30,719.0,1346.0,745.0,1395.0,269,0,0,1,Pedestrian
30,719.0,1346.0,745.0,1395.0,270,0,0,1,Pedestrian
30,718.0,1346.0,743.0,1395.0,271,0,0,1,Pedestrian
30,716.0,1346.0,741.0,1395.0,272,0,0,1,Pedestrian
30,714.0,1346.0,739.0,1395.0,273,0,0,1,Pedestrian
30,714.0,1346.0,739.0,1395.0,274,0,0,1,Pedestrian
30,712.0,1346.0,737.0,1395.0,275,0,0,1,Pedestrian
30,710.0,1346.0,735.0,1395.0,276,0,0,1,Pedestrian
30,710.0,1350.0,735.0,1399.0,277,0,0,0,Pedestrian
30,708.0,1350.0,733.0,1399.0,278,0,0,1,Pedestrian
30,706.0,1350.0,731.0,1399.0,279,0,0,1,Pedestrian
30,706.0,1350.0,731.0,1399.0,280,0,0,1,Pedestrian
30,704.0,1350.0,729.0,1399.0,281,0,0,1,Pedestrian
30,702.0,1350.0,727.0,1399.0,282,0,0,1,Pedestrian
30,702.0,1350.0,727.0,1399.0,283,0,0,1,Pedestrian
30,700.0,1350.0,725.0,1399.0,284,0,0,1,Pedestrian
30,698.0,1350.0,723.0,1399.0,285,0,0,1,Pedestrian
30,698.0,1350.0,723.0,1399.0,286,0,0,1,Pedestrian
30,696.0,1350.0,721.0,1399.0,287,0,0,1,Pedestrian
30,694.0,1354.0,719.0,1403.0,288,0,0,1,Pedestrian
30,694.0,1354.0,719.0,1403.0,289,0,0,1,Pedestrian
30,692.0,1354.0,718.0,1403.0,290,0,0,1,Pedestrian
30,692.0,1354.0,718.0,1403.0,291,0,0,1,Pedestrian
30,690.0,1354.0,716.0,1403.0,292,0,0,1,Pedestrian
30,688.0,1354.0,714.0,1403.0,293,0,0,1,Pedestrian
30,688.0,1354.0,714.0,1403.0,294,0,0,1,Pedestrian
30,686.0,1354.0,712.0,1403.0,295,0,0,1,Pedestrian
30,684.0,1354.0,710.0,1403.0,296,0,0,1,Pedestrian
30,684.0,1354.0,710.0,1403.0,297,0,0,1,Pedestrian
30,682.0,1359.0,708.0,1408.0,298,0,0,1,Pedestrian
30,680.0,1359.0,706.0,1408.0,299,0,0,1,Pedestrian
30,680.0,1359.0,706.0,1408.0,300,0,0,1,Pedestrian
30,678.0,1359.0,704.0,1408.0,301,0,0,1,Pedestrian
30,676.0,1359.0,702.0,1408.0,302,0,0,1,Pedestrian
30,676.0,1359.0,702.0,1408.0,303,0,0,1,Pedestrian
30,674.0,1359.0,700.0,1408.0,304,0,0,1,Pedestrian
30,674.0,1359.0,700.0,1408.0,305,0,0,1,Pedestrian
30,672.0,1359.0,698.0,1408.0,306,0,0,1,Pedestrian
30,670.0,1359.0,696.0,1408.0,307,0,0,1,Pedestrian
30,670.0,1359.0,696.0,1408.0,308,0,0,1,Pedestrian
30,668.0,1363.0,694.0,1412.0,309,0,0,1,Pedestrian
30,666.0,1363.0,692.0,1412.0,310,0,0,1,Pedestrian
30,666.0,1363.0,692.0,1412.0,311,0,0,1,Pedestrian
30,664.0,1363.0,690.0,1412.0,312,0,0,1,Pedestrian
30,662.0,1363.0,688.0,1412.0,313,0,0,1,Pedestrian
30,662.0,1363.0,688.0,1412.0,314,0,0,1,Pedestrian
30,660.0,1363.0,686.0,1412.0,315,0,0,1,Pedestrian
30,658.0,1363.0,684.0,1412.0,316,0,0,1,Pedestrian
30,658.0,1363.0,684.0,1412.0,317,0,0,1,Pedestrian
30,656.0,1363.0,682.0,1412.0,318,0,0,1,Pedestrian
30,656.0,1367.0,682.0,1416.0,319,0,0,0,Pedestrian
30,654.0,1367.0,680.0,1416.0,320,0,0,1,Pedestrian
30,652.0,1367.0,678.0,1416.0,321,0,0,1,Pedestrian
30,652.0,1367.0,678.0,1416.0,322,0,0,1,Pedestrian
30,650.0,1367.0,676.0,1416.0,323,0,0,1,Pedestrian
30,648.0,1367.0,674.0,1416.0,324,0,0,1,Pedestrian
30,648.0,1367.0,674.0,1416.0,325,0,0,1,Pedestrian
30,646.0,1367.0,672.0,1416.0,326,0,0,1,Pedestrian
30,646.0,1367.0,672.0,1416.0,327,0,0,1,Pedestrian
30,644.0,1367.0,670.0,1416.0,328,0,0,1,Pedestrian
30,642.0,1371.0,668.0,1420.0,329,0,0,1,Pedestrian
30,642.0,1371.0,668.0,1420.0,330,0,0,1,Pedestrian
30,640.0,1371.0,666.0,1420.0,331,0,0,1,Pedestrian
30,640.0,1371.0,666.0,1420.0,332,0,0,1,Pedestrian
30,638.0,1371.0,664.0,1420.0,333,0,0,1,Pedestrian
30,636.0,1371.0,662.0,1420.0,334,0,0,1,Pedestrian
30,636.0,1371.0,662.0,1420.0,335,0,0,1,Pedestrian
30,634.0,1371.0,660.0,1420.0,336,0,0,1,Pedestrian
30,634.0,1371.0,660.0,1420.0,337,0,0,1,Pedestrian
30,632.0,1375.0,658.0,1424.0,338,0,0,1,Pedestrian
30,630.0,1375.0,656.0,1424.0,339,0,0,1,Pedestrian
30,630.0,1375.0,656.0,1424.0,340,0,0,1,Pedestrian
30,628.0,1375.0,654.0,1424.0,341,0,0,1,Pedestrian
30,628.0,1375.0,654.0,1424.0,342,0,0,1,Pedestrian
30,626.0,1375.0,652.0,1424.0,343,0,0,1,Pedestrian
30,624.0,1375.0,650.0,1424.0,344,0,0,1,Pedestrian
30,624.0,1375.0,650.0,1424.0,345,0,0,1,Pedestrian
30,622.0,1375.0,648.0,1424.0,346,0,0,1,Pedestrian
30,622.0,1379.0,648.0,1428.0,347,0,0,0,Pedestrian
30,620.0,1375.0,646.0,1424.0,348,0,0,1,Pedestrian
30,618.0,1375.0,644.0,1424.0,349,0,0,1,Pedestrian
30,616.0,1375.0,642.0,1424.0,350,0,0,1,Pedestrian
30,616.0,1375.0,642.0,1424.0,351,0,0,1,Pedestrian
30,614.0,1375.0,640.0,1424.0,352,0,0,1,Pedestrian
30,612.0,1375.0,638.0,1424.0,353,0,0,1,Pedestrian
30,612.0,1375.0,638.0,1424.0,354,0,0,1,Pedestrian
30,610.0,1375.0,636.0,1424.0,355,0,0,1,Pedestrian
30,608.0,1375.0,634.0,1424.0,356,0,0,1,Pedestrian
30,608.0,1375.0,634.0,1424.0,357,0,0,1,Pedestrian
30,606.0,1375.0,632.0,1424.0,358,0,0,1,Pedestrian
30,604.0,1375.0,630.0,1424.0,359,0,0,1,Pedestrian
30,602.0,1375.0,628.0,1424.0,360,0,0,1,Pedestrian
30,602.0,1375.0,628.0,1424.0,361,0,0,1,Pedestrian
30,600.0,1375.0,626.0,1424.0,362,0,0,1,Pedestrian
30,598.0,1375.0,624.0,1424.0,363,0,0,1,Pedestrian
30,598.0,1375.0,624.0,1424.0,364,0,0,1,Pedestrian
30,596.0,1375.0,622.0,1424.0,365,0,0,1,Pedestrian
30,594.0,1375.0,620.0,1424.0,366,0,0,1,Pedestrian
30,594.0,1375.0,620.0,1424.0,367,0,0,1,Pedestrian
30,592.0,1375.0,618.0,1424.0,368,0,0,1,Pedestrian
30,590.0,1375.0,616.0,1424.0,369,0,0,1,Pedestrian
30,588.0,1375.0,614.0,1424.0,370,0,0,1,Pedestrian
30,588.0,1375.0,614.0,1424.0,371,0,0,1,Pedestrian
30,586.0,1375.0,612.0,1424.0,372,0,0,1,Pedestrian
30,584.0,1375.0,610.0,1424.0,373,0,0,1,Pedestrian
30,584.0,1375.0,610.0,1424.0,374,0,0,1,Pedestrian
30,582.0,1375.0,608.0,1424.0,375,0,0,1,Pedestrian
30,580.0,1375.0,606.0,1424.0,376,0,0,1,Pedestrian
30,580.0,1375.0,606.0,1424.0,377,0,0,0,Pedestrian
30,578.0,1375.0,604.0,1424.0,378,0,0,1,Pedestrian
30,576.0,1375.0,602.0,1424.0,379,0,0,1,Pedestrian
30,576.0,1375.0,602.0,1424.0,380,0,0,1,Pedestrian
30,574.0,1375.0,600.0,1424.0,381,0,0,1,Pedestrian
30,574.0,1375.0,600.0,1424.0,382,0,0,1,Pedestrian
30,572.0,1375.0,598.0,1424.0,383,0,0,1,Pedestrian
30,570.0,1375.0,596.0,1424.0,384,0,0,1,Pedestrian
30,570.0,1379.0,596.0,1428.0,385,0,0,1,Pedestrian
30,568.0,1379.0,594.0,1428.0,386,0,0,1,Pedestrian
30,568.0,1379.0,594.0,1428.0,387,0,0,1,Pedestrian
30,566.0,1379.0,592.0,1428.0,388,0,0,1,Pedestrian
30,566.0,1379.0,592.0,1428.0,389,0,0,1,Pedestrian
30,564.0,1379.0,590.0,1428.0,390,0,0,1,Pedestrian
30,562.0,1379.0,588.0,1428.0,391,0,0,1,Pedestrian
30,562.0,1379.0,588.0,1428.0,392,0,0,1,Pedestrian
30,560.0,1383.0,586.0,1432.0,393,0,0,1,Pedestrian
30,560.0,1383.0,586.0,1432.0,394,0,0,1,Pedestrian
30,558.0,1383.0,584.0,1432.0,395,0,0,1,Pedestrian
30,558.0,1383.0,584.0,1432.0,396,0,0,1,Pedestrian
30,556.0,1383.0,582.0,1432.0,397,0,0,1,Pedestrian
30,554.0,1383.0,580.0,1432.0,398,0,0,1,Pedestrian
30,554.0,1383.0,580.0,1432.0,399,0,0,1,Pedestrian
30,552.0,1383.0,578.0,1432.0,400,0,0,1,Pedestrian
30,552.0,1387.0,578.0,1436.0,401,0,0,1,Pedestrian
30,550.0,1387.0,576.0,1436.0,402,0,0,1,Pedestrian
30,550.0,1387.0,576.0,1436.0,403,0,0,1,Pedestrian
30,548.0,1387.0,574.0,1436.0,404,0,0,1,Pedestrian
30,546.0,1387.0,572.0,1436.0,405,0,0,1,Pedestrian
30,546.0,1387.0,572.0,1436.0,406,0,0,1,Pedestrian
30,544.0,1387.0,570.0,1436.0,407,0,0,1,Pedestrian
30,544.0,1387.0,570.0,1436.0,408,0,0,1,Pedestrian
30,542.0,1391.0,568.0,1440.0,409,0,0,1,Pedestrian
30,542.0,1391.0,568.0,1440.0,410,0,0,1,Pedestrian
30,540.0,1391.0,566.0,1440.0,411,0,0,1,Pedestrian
30,538.0,1391.0,564.0,1440.0,412,0,0,1,Pedestrian
30,538.0,1391.0,564.0,1440.0,413,0,0,1,Pedestrian
30,536.0,1391.0,562.0,1440.0,414,0,0,1,Pedestrian
30,536.0,1391.0,562.0,1440.0,415,0,0,1,Pedestrian
30,534.0,1391.0,560.0,1440.0,416,0,0,1,Pedestrian
30,534.0,1395.0,560.0,1444.0,417,0,0,0,Pedestrian
30,532.0,1395.0,558.0,1444.0,418,0,0,1,Pedestrian
30,530.0,1395.0,556.0,1444.0,419,0,0,1,Pedestrian
30,528.0,1399.0,554.0,1448.0,420,0,0,1,Pedestrian
30,526.0,1399.0,552.0,1448.0,421,0,0,1,Pedestrian
30,524.0,1399.0,550.0,1448.0,422,0,0,1,Pedestrian
30,522.0,1403.0,548.0,1452.0,423,0,0,1,Pedestrian
30,520.0,1403.0,546.0,1452.0,424,0,0,1,Pedestrian
30,518.0,1408.0,544.0,1457.0,425,0,0,1,Pedestrian
30,516.0,1408.0,542.0,1457.0,426,0,0,1,Pedestrian
30,514.0,1408.0,540.0,1457.0,427,0,0,1,Pedestrian
30,512.0,1412.0,538.0,1461.0,428,0,0,1,Pedestrian
30,510.0,1412.0,536.0,1461.0,429,0,0,1,Pedestrian
30,508.0,1416.0,534.0,1465.0,430,0,1,0,Pedestrian
31,1.0,1183.0,37.0,1248.0,0,1,0,0,Biker
31,1.0,1183.0,37.0,1248.0,1,1,0,1,Biker
31,1.0,1183.0,37.0,1248.0,2,1,0,1,Biker
31,1.0,1183.0,37.0,1248.0,3,1,0,1,Biker
31,1.0,1183.0,37.0,1248.0,4,1,0,1,Biker
31,1.0,1183.0,37.0,1248.0,5,1,0,1,Biker
31,1.0,1183.0,37.0,1248.0,6,1,0,1,Biker
31,1.0,1183.0,37.0,1248.0,7,1,0,1,Biker
31,1.0,1183.0,37.0,1248.0,8,1,0,1,Biker
31,1.0,1183.0,37.0,1248.0,9,1,0,1,Biker
31,1.0,1183.0,37.0,1248.0,10,1,0,1,Biker
31,1.0,1183.0,37.0,1248.0,11,1,0,1,Biker
31,1.0,1183.0,37.0,1248.0,12,1,0,1,Biker
31,1.0,1183.0,37.0,1248.0,13,1,0,1,Biker
31,1.0,1183.0,37.0,1248.0,14,1,0,1,Biker
31,1.0,1183.0,37.0,1248.0,15,1,0,1,Biker
31,1.0,1183.0,37.0,1248.0,16,1,0,1,Biker
31,1.0,1183.0,37.0,1248.0,17,1,0,1,Biker
31,1.0,1183.0,37.0,1248.0,18,1,0,1,Biker
31,1.0,1183.0,37.0,1248.0,19,1,0,1,Biker
31,1.0,1183.0,37.0,1248.0,20,1,0,1,Biker
31,1.0,1183.0,37.0,1248.0,21,1,0,1,Biker
31,1.0,1183.0,37.0,1248.0,22,1,0,1,Biker
31,1.0,1183.0,37.0,1248.0,23,1,0,1,Biker
31,1.0,1183.0,37.0,1248.0,24,1,0,1,Biker
31,1.0,1183.0,37.0,1248.0,25,1,0,1,Biker
31,1.0,1183.0,37.0,1248.0,26,1,0,1,Biker
31,1.0,1183.0,37.0,1248.0,27,1,0,1,Biker
31,1.0,1183.0,37.0,1248.0,28,1,0,1,Biker
31,1.0,1183.0,37.0,1248.0,29,1,0,1,Biker
31,1.0,1183.0,37.0,1248.0,30,1,0,1,Biker
31,1.0,1183.0,37.0,1248.0,31,1,0,1,Biker
31,1.0,1183.0,37.0,1248.0,32,1,0,1,Biker
31,1.0,1183.0,37.0,1248.0,33,1,0,1,Biker
31,1.0,1183.0,37.0,1248.0,34,1,0,1,Biker
31,1.0,1183.0,37.0,1248.0,35,1,0,1,Biker
31,1.0,1183.0,37.0,1248.0,36,1,0,1,Biker
31,1.0,1183.0,37.0,1248.0,37,1,0,1,Biker
31,1.0,1183.0,37.0,1248.0,38,1,0,1,Biker
31,1.0,1183.0,37.0,1248.0,39,1,0,1,Biker
31,1.0,1183.0,37.0,1248.0,40,1,0,1,Biker
31,1.0,1183.0,37.0,1248.0,41,1,0,1,Biker
31,1.0,1183.0,37.0,1248.0,42,1,0,1,Biker
31,1.0,1183.0,37.0,1248.0,43,1,0,1,Biker
31,1.0,1183.0,37.0,1248.0,44,1,0,1,Biker
31,1.0,1183.0,37.0,1248.0,45,1,0,1,Biker
31,1.0,1183.0,37.0,1248.0,46,1,0,1,Biker
31,1.0,1183.0,37.0,1248.0,47,1,0,1,Biker
31,1.0,1183.0,37.0,1248.0,48,1,0,1,Biker
31,1.0,1183.0,37.0,1248.0,49,1,0,1,Biker
31,1.0,1183.0,37.0,1248.0,50,1,0,1,Biker
31,1.0,1183.0,37.0,1248.0,51,1,0,1,Biker
31,1.0,1183.0,37.0,1248.0,52,1,0,1,Biker
31,1.0,1183.0,37.0,1248.0,53,1,0,1,Biker
31,1.0,1183.0,37.0,1248.0,54,1,0,1,Biker
31,1.0,1183.0,37.0,1248.0,55,1,0,1,Biker
31,1.0,1183.0,37.0,1248.0,56,1,0,1,Biker
31,1.0,1183.0,37.0,1248.0,57,1,0,1,Biker
31,1.0,1183.0,37.0,1248.0,58,1,0,1,Biker
31,1.0,1183.0,37.0,1248.0,59,1,0,1,Biker
31,1.0,1183.0,37.0,1248.0,60,1,0,1,Biker
31,1.0,1183.0,37.0,1248.0,61,1,0,1,Biker
31,1.0,1183.0,37.0,1248.0,62,1,0,1,Biker
31,1.0,1183.0,37.0,1248.0,63,1,0,1,Biker
31,1.0,1183.0,37.0,1248.0,64,1,0,1,Biker
31,1.0,1183.0,37.0,1248.0,65,1,0,1,Biker
31,1.0,1183.0,37.0,1248.0,66,1,0,1,Biker
31,1.0,1183.0,37.0,1248.0,67,1,0,1,Biker
31,1.0,1183.0,37.0,1248.0,68,1,0,1,Biker
31,1.0,1183.0,37.0,1248.0,69,1,0,1,Biker
31,1.0,1183.0,37.0,1248.0,70,1,0,1,Biker
31,1.0,1183.0,37.0,1248.0,71,1,0,1,Biker
31,1.0,1183.0,37.0,1248.0,72,1,0,1,Biker
31,1.0,1183.0,37.0,1248.0,73,1,0,1,Biker
31,1.0,1183.0,37.0,1248.0,74,1,0,1,Biker
31,1.0,1183.0,37.0,1248.0,75,1,0,1,Biker
31,1.0,1183.0,37.0,1248.0,76,1,0,1,Biker
31,1.0,1183.0,37.0,1248.0,77,1,0,1,Biker
31,1.0,1183.0,37.0,1248.0,78,1,0,1,Biker
31,1.0,1183.0,37.0,1248.0,79,1,0,1,Biker
31,1.0,1183.0,37.0,1248.0,80,1,0,1,Biker
31,1.0,1183.0,37.0,1248.0,81,1,0,1,Biker
31,1.0,1183.0,37.0,1248.0,82,1,0,1,Biker
31,1.0,1183.0,37.0,1248.0,83,1,0,1,Biker
31,1.0,1183.0,37.0,1248.0,84,1,0,1,Biker
31,1.0,1183.0,37.0,1248.0,85,1,0,1,Biker
31,1.0,1183.0,37.0,1248.0,86,1,0,1,Biker
31,1.0,1183.0,37.0,1248.0,87,1,0,1,Biker
31,1.0,1183.0,37.0,1248.0,88,1,0,1,Biker
31,1.0,1183.0,37.0,1248.0,89,1,0,1,Biker
31,1.0,1183.0,37.0,1248.0,90,1,0,1,Biker
31,1.0,1183.0,37.0,1248.0,91,1,0,1,Biker
31,1.0,1183.0,37.0,1248.0,92,1,0,1,Biker
31,1.0,1183.0,37.0,1248.0,93,1,0,1,Biker
31,1.0,1183.0,37.0,1248.0,94,1,0,1,Biker
31,1.0,1183.0,37.0,1248.0,95,1,0,1,Biker
31,1.0,1183.0,37.0,1248.0,96,1,0,1,Biker
31,1.0,1183.0,37.0,1248.0,97,1,0,1,Biker
31,1.0,1183.0,37.0,1248.0,98,1,0,1,Biker
31,1.0,1183.0,37.0,1248.0,99,1,0,1,Biker
31,1.0,1183.0,37.0,1248.0,100,1,0,1,Biker
31,1.0,1183.0,37.0,1248.0,101,1,0,1,Biker
31,1.0,1183.0,37.0,1248.0,102,1,0,1,Biker
31,1.0,1183.0,37.0,1248.0,103,1,0,1,Biker
31,1.0,1183.0,37.0,1248.0,104,1,0,1,Biker
31,1.0,1183.0,37.0,1248.0,105,1,0,1,Biker
31,1.0,1183.0,37.0,1248.0,106,1,0,1,Biker
31,1.0,1183.0,37.0,1248.0,107,1,0,1,Biker
31,1.0,1183.0,37.0,1248.0,108,1,0,1,Biker
31,1.0,1183.0,37.0,1248.0,109,1,0,1,Biker
31,1.0,1183.0,37.0,1248.0,110,1,0,1,Biker
31,1.0,1183.0,37.0,1248.0,111,1,0,1,Biker
31,1.0,1183.0,37.0,1248.0,112,1,0,1,Biker
31,1.0,1183.0,37.0,1248.0,113,1,0,1,Biker
31,1.0,1183.0,37.0,1248.0,114,1,0,1,Biker
31,1.0,1183.0,37.0,1248.0,115,1,0,1,Biker
31,1.0,1183.0,37.0,1248.0,116,1,0,1,Biker
31,1.0,1183.0,37.0,1248.0,117,1,0,1,Biker
31,1.0,1183.0,37.0,1248.0,118,1,0,1,Biker
31,1.0,1183.0,37.0,1248.0,119,1,0,1,Biker
31,1.0,1183.0,37.0,1248.0,120,1,0,1,Biker
31,1.0,1183.0,37.0,1248.0,121,1,0,1,Biker
31,1.0,1183.0,37.0,1248.0,122,1,0,1,Biker
31,1.0,1183.0,37.0,1248.0,123,1,0,1,Biker
31,1.0,1183.0,37.0,1248.0,124,1,0,1,Biker
31,1.0,1183.0,37.0,1248.0,125,1,0,1,Biker
31,1.0,1183.0,37.0,1248.0,126,1,0,1,Biker
31,1.0,1183.0,37.0,1248.0,127,1,0,1,Biker
31,1.0,1183.0,37.0,1248.0,128,1,0,1,Biker
31,1.0,1183.0,37.0,1248.0,129,1,0,1,Biker
31,1.0,1183.0,37.0,1248.0,130,1,0,1,Biker
31,1.0,1183.0,37.0,1248.0,131,1,0,1,Biker
31,1.0,1183.0,37.0,1248.0,132,1,0,1,Biker
31,1.0,1183.0,37.0,1248.0,133,1,0,1,Biker
31,1.0,1183.0,37.0,1248.0,134,1,0,1,Biker
31,1.0,1183.0,37.0,1248.0,135,1,0,1,Biker
31,1.0,1183.0,37.0,1248.0,136,1,0,1,Biker
31,1.0,1183.0,37.0,1248.0,137,1,0,1,Biker
31,1.0,1183.0,37.0,1248.0,138,1,0,1,Biker
31,1.0,1183.0,37.0,1248.0,139,1,0,1,Biker
31,1.0,1183.0,37.0,1248.0,140,1,0,1,Biker
31,1.0,1183.0,37.0,1248.0,141,1,0,1,Biker
31,1.0,1183.0,37.0,1248.0,142,1,0,1,Biker
31,1.0,1183.0,37.0,1248.0,143,1,0,1,Biker
31,1.0,1183.0,37.0,1248.0,144,1,0,1,Biker
31,1.0,1183.0,37.0,1248.0,145,1,0,1,Biker
31,1.0,1183.0,37.0,1248.0,146,1,0,1,Biker
31,1.0,1183.0,37.0,1248.0,147,1,0,1,Biker
31,1.0,1183.0,37.0,1248.0,148,1,0,1,Biker
31,1.0,1183.0,37.0,1248.0,149,1,0,1,Biker
31,1.0,1183.0,37.0,1248.0,150,1,0,1,Biker
31,1.0,1183.0,37.0,1248.0,151,1,0,1,Biker
31,1.0,1183.0,37.0,1248.0,152,1,0,1,Biker
31,1.0,1183.0,37.0,1248.0,153,1,0,1,Biker
31,1.0,1183.0,37.0,1248.0,154,1,0,1,Biker
31,1.0,1183.0,37.0,1248.0,155,1,0,1,Biker
31,1.0,1183.0,37.0,1248.0,156,1,0,1,Biker
31,1.0,1183.0,37.0,1248.0,157,1,0,1,Biker
31,1.0,1183.0,37.0,1248.0,158,1,0,1,Biker
31,1.0,1183.0,37.0,1248.0,159,1,0,1,Biker
31,1.0,1183.0,37.0,1248.0,160,1,0,1,Biker
31,1.0,1183.0,37.0,1248.0,161,1,0,1,Biker
31,1.0,1183.0,37.0,1248.0,162,1,0,1,Biker
31,1.0,1183.0,37.0,1248.0,163,1,0,1,Biker
31,1.0,1183.0,37.0,1248.0,164,1,0,1,Biker
31,1.0,1183.0,37.0,1248.0,165,1,0,1,Biker
31,1.0,1183.0,37.0,1248.0,166,1,0,1,Biker
31,1.0,1183.0,37.0,1248.0,167,1,0,1,Biker
31,1.0,1183.0,37.0,1248.0,168,1,0,1,Biker
31,1.0,1183.0,37.0,1248.0,169,1,0,1,Biker
31,1.0,1183.0,37.0,1248.0,170,1,0,1,Biker
31,1.0,1183.0,37.0,1248.0,171,1,0,1,Biker
31,1.0,1183.0,37.0,1248.0,172,1,0,1,Biker
31,1.0,1183.0,37.0,1248.0,173,1,0,1,Biker
31,1.0,1183.0,37.0,1248.0,174,1,0,1,Biker
31,1.0,1183.0,37.0,1248.0,175,1,0,1,Biker
31,1.0,1183.0,37.0,1248.0,176,1,0,1,Biker
31,1.0,1183.0,37.0,1248.0,177,1,0,1,Biker
31,1.0,1183.0,37.0,1248.0,178,1,0,1,Biker
31,1.0,1183.0,37.0,1248.0,179,1,0,1,Biker
31,1.0,1183.0,37.0,1248.0,180,1,0,1,Biker
31,1.0,1183.0,37.0,1248.0,181,1,0,1,Biker
31,1.0,1183.0,37.0,1248.0,182,1,0,1,Biker
31,1.0,1183.0,37.0,1248.0,183,1,0,1,Biker
31,1.0,1183.0,37.0,1248.0,184,1,0,1,Biker
31,1.0,1183.0,37.0,1248.0,185,1,0,1,Biker
31,1.0,1183.0,37.0,1248.0,186,1,0,1,Biker
31,1.0,1183.0,37.0,1248.0,187,1,0,1,Biker
31,1.0,1183.0,37.0,1248.0,188,1,0,1,Biker
31,1.0,1183.0,37.0,1248.0,189,1,0,1,Biker
31,1.0,1183.0,37.0,1248.0,190,1,0,1,Biker
31,1.0,1183.0,37.0,1248.0,191,1,0,1,Biker
31,1.0,1183.0,37.0,1248.0,192,1,0,1,Biker
31,1.0,1183.0,37.0,1248.0,193,1,0,1,Biker
31,1.0,1183.0,37.0,1248.0,194,1,0,1,Biker
31,1.0,1183.0,37.0,1248.0,195,1,0,1,Biker
31,1.0,1183.0,37.0,1248.0,196,1,0,1,Biker
31,1.0,1183.0,37.0,1248.0,197,1,0,1,Biker
31,1.0,1183.0,37.0,1248.0,198,1,0,1,Biker
31,1.0,1183.0,37.0,1248.0,199,1,0,1,Biker
31,1.0,1183.0,37.0,1248.0,200,1,0,1,Biker
31,1.0,1183.0,37.0,1248.0,201,1,0,1,Biker
31,1.0,1183.0,37.0,1248.0,202,1,0,1,Biker
31,1.0,1183.0,37.0,1248.0,203,1,0,1,Biker
31,1.0,1183.0,37.0,1248.0,204,1,0,1,Biker
31,1.0,1183.0,37.0,1248.0,205,1,0,1,Biker
31,1.0,1183.0,37.0,1248.0,206,1,0,1,Biker
31,1.0,1183.0,37.0,1248.0,207,1,0,1,Biker
31,1.0,1183.0,37.0,1248.0,208,1,0,1,Biker
31,1.0,1183.0,37.0,1248.0,209,1,0,1,Biker
31,1.0,1183.0,37.0,1248.0,210,1,0,1,Biker
31,1.0,1183.0,37.0,1248.0,211,1,0,1,Biker
31,1.0,1183.0,37.0,1248.0,212,1,0,1,Biker
31,1.0,1183.0,37.0,1248.0,213,1,0,1,Biker
31,1.0,1183.0,37.0,1248.0,214,1,0,1,Biker
31,1.0,1183.0,37.0,1248.0,215,1,0,1,Biker
31,1.0,1183.0,37.0,1248.0,216,1,0,1,Biker
31,1.0,1183.0,37.0,1248.0,217,1,0,1,Biker
31,1.0,1183.0,37.0,1248.0,218,1,0,1,Biker
31,1.0,1183.0,37.0,1248.0,219,1,0,1,Biker
31,1.0,1183.0,37.0,1248.0,220,1,0,1,Biker
31,1.0,1183.0,37.0,1248.0,221,1,0,1,Biker
31,1.0,1183.0,37.0,1248.0,222,1,0,1,Biker
31,1.0,1183.0,37.0,1248.0,223,1,0,1,Biker
31,1.0,1183.0,37.0,1248.0,224,1,0,1,Biker
31,1.0,1183.0,37.0,1248.0,225,1,0,1,Biker
31,1.0,1183.0,37.0,1248.0,226,1,0,1,Biker
31,1.0,1183.0,37.0,1248.0,227,1,0,1,Biker
31,1.0,1183.0,37.0,1248.0,228,1,0,1,Biker
31,1.0,1183.0,37.0,1248.0,229,1,0,1,Biker
31,1.0,1183.0,37.0,1248.0,230,1,0,1,Biker
31,1.0,1183.0,37.0,1248.0,231,1,0,1,Biker
31,1.0,1183.0,37.0,1248.0,232,1,0,1,Biker
31,1.0,1183.0,37.0,1248.0,233,1,0,1,Biker
31,1.0,1183.0,37.0,1248.0,234,1,0,1,Biker
31,1.0,1183.0,37.0,1248.0,235,1,0,1,Biker
31,1.0,1183.0,37.0,1248.0,236,0,0,0,Biker
31,3.0,1179.0,39.0,1244.0,237,0,0,1,Biker
31,5.0,1179.0,41.0,1244.0,238,0,0,1,Biker
31,9.0,1179.0,45.0,1244.0,239,0,0,1,Biker
31,11.0,1179.0,47.0,1244.0,240,0,0,1,Biker
31,15.0,1179.0,51.0,1244.0,241,0,0,1,Biker
31,17.0,1179.0,53.0,1244.0,242,0,0,1,Biker
31,21.0,1179.0,57.0,1244.0,243,0,0,1,Biker
31,23.0,1179.0,59.0,1244.0,244,0,0,1,Biker
31,27.0,1179.0,63.0,1244.0,245,0,0,1,Biker
31,29.0,1179.0,65.0,1244.0,246,0,0,1,Biker
31,33.0,1179.0,69.0,1244.0,247,0,0,1,Biker
31,35.0,1179.0,71.0,1244.0,248,0,0,1,Biker
31,39.0,1179.0,75.0,1244.0,249,0,0,1,Biker
31,41.0,1175.0,77.0,1240.0,250,0,0,1,Biker
31,45.0,1175.0,81.0,1240.0,251,0,0,1,Biker
31,47.0,1175.0,83.0,1240.0,252,0,0,1,Biker
31,51.0,1175.0,87.0,1240.0,253,0,0,1,Biker
31,53.0,1175.0,89.0,1240.0,254,0,0,1,Biker
31,57.0,1175.0,93.0,1240.0,255,0,0,1,Biker
31,59.0,1175.0,95.0,1240.0,256,0,0,1,Biker
31,61.0,1175.0,97.0,1240.0,257,0,0,1,Biker
31,65.0,1175.0,101.0,1240.0,258,0,0,1,Biker
31,67.0,1175.0,103.0,1240.0,259,0,0,1,Biker
31,71.0,1175.0,107.0,1240.0,260,0,0,1,Biker
31,73.0,1175.0,109.0,1240.0,261,0,0,1,Biker
31,77.0,1175.0,113.0,1240.0,262,0,0,1,Biker
31,79.0,1171.0,115.0,1236.0,263,0,0,1,Biker
31,83.0,1171.0,119.0,1236.0,264,0,0,1,Biker
31,85.0,1171.0,121.0,1236.0,265,0,0,1,Biker
31,89.0,1171.0,125.0,1236.0,266,0,0,1,Biker
31,91.0,1171.0,127.0,1236.0,267,0,0,1,Biker
31,95.0,1171.0,131.0,1236.0,268,0,0,1,Biker
31,97.0,1171.0,133.0,1236.0,269,0,0,1,Biker
31,101.0,1171.0,137.0,1236.0,270,0,0,1,Biker
31,103.0,1171.0,139.0,1236.0,271,0,0,1,Biker
31,107.0,1171.0,143.0,1236.0,272,0,0,1,Biker
31,109.0,1171.0,145.0,1236.0,273,0,0,1,Biker
31,113.0,1171.0,149.0,1236.0,274,0,0,1,Biker
31,115.0,1171.0,151.0,1236.0,275,0,0,1,Biker
31,119.0,1171.0,155.0,1236.0,276,0,0,0,Biker
31,121.0,1171.0,157.0,1236.0,277,0,0,1,Biker
31,125.0,1171.0,161.0,1236.0,278,0,0,1,Biker
31,127.0,1171.0,163.0,1236.0,279,0,0,1,Biker
31,131.0,1171.0,167.0,1236.0,280,0,0,1,Biker
31,135.0,1171.0,171.0,1236.0,281,0,0,1,Biker
31,137.0,1171.0,173.0,1236.0,282,0,0,1,Biker
31,141.0,1171.0,177.0,1236.0,283,0,0,1,Biker
31,145.0,1171.0,181.0,1236.0,284,0,0,1,Biker
31,147.0,1171.0,183.0,1236.0,285,0,0,1,Biker
31,151.0,1175.0,187.0,1240.0,286,0,0,1,Biker
31,155.0,1175.0,191.0,1240.0,287,0,0,1,Biker
31,157.0,1175.0,193.0,1240.0,288,0,0,1,Biker
31,161.0,1175.0,197.0,1240.0,289,0,0,1,Biker
31,165.0,1175.0,201.0,1240.0,290,0,0,1,Biker
31,167.0,1175.0,203.0,1240.0,291,0,0,1,Biker
31,171.0,1175.0,207.0,1240.0,292,0,0,1,Biker
31,175.0,1175.0,211.0,1240.0,293,0,0,1,Biker
31,177.0,1175.0,213.0,1240.0,294,0,0,1,Biker
31,181.0,1175.0,217.0,1240.0,295,0,0,1,Biker
31,185.0,1179.0,221.0,1244.0,296,0,0,0,Biker
31,187.0,1175.0,223.0,1240.0,297,0,0,1,Biker
31,189.0,1175.0,225.0,1240.0,298,0,0,1,Biker
31,191.0,1175.0,227.0,1240.0,299,0,0,1,Biker
31,195.0,1175.0,231.0,1240.0,300,0,0,1,Biker
31,197.0,1171.0,233.0,1236.0,301,0,0,1,Biker
31,199.0,1171.0,235.0,1236.0,302,0,0,1,Biker
31,203.0,1171.0,239.0,1236.0,303,0,0,1,Biker
31,205.0,1171.0,241.0,1236.0,304,0,0,1,Biker
31,207.0,1167.0,243.0,1232.0,305,0,0,1,Biker
31,211.0,1167.0,247.0,1232.0,306,0,0,1,Biker
31,213.0,1167.0,249.0,1232.0,307,0,0,1,Biker
31,215.0,1167.0,251.0,1232.0,308,0,0,1,Biker
31,217.0,1163.0,253.0,1228.0,309,0,0,1,Biker
31,221.0,1163.0,257.0,1228.0,310,0,0,1,Biker
31,223.0,1163.0,259.0,1228.0,311,0,0,1,Biker
31,225.0,1163.0,261.0,1228.0,312,0,0,1,Biker
31,229.0,1163.0,265.0,1228.0,313,0,0,1,Biker
31,231.0,1159.0,267.0,1224.0,314,0,0,1,Biker
31,233.0,1159.0,269.0,1224.0,315,0,0,1,Biker
31,237.0,1159.0,273.0,1224.0,316,0,0,1,Biker
31,239.0,1159.0,275.0,1224.0,317,0,0,1,Biker
31,241.0,1154.0,277.0,1220.0,318,0,0,1,Biker
31,243.0,1154.0,279.0,1220.0,319,0,0,1,Biker
31,247.0,1154.0,283.0,1220.0,320,0,0,1,Biker
31,249.0,1154.0,285.0,1220.0,321,0,0,1,Biker
31,251.0,1150.0,287.0,1216.0,322,0,0,1,Biker
31,255.0,1150.0,291.0,1216.0,323,0,0,1,Biker
31,257.0,1150.0,293.0,1216.0,324,0,0,1,Biker
31,259.0,1150.0,295.0,1216.0,325,0,0,1,Biker
31,263.0,1150.0,299.0,1216.0,326,0,0,0,Biker
31,265.0,1146.0,301.0,1212.0,327,0,0,1,Biker
31,269.0,1146.0,305.0,1212.0,328,0,0,1,Biker
31,271.0,1146.0,307.0,1212.0,329,0,0,1,Biker
31,275.0,1146.0,311.0,1212.0,330,0,0,1,Biker
31,277.0,1146.0,313.0,1212.0,331,0,0,1,Biker
31,281.0,1146.0,317.0,1212.0,332,0,0,1,Biker
31,283.0,1146.0,319.0,1212.0,333,0,0,1,Biker
31,287.0,1146.0,323.0,1212.0,334,0,0,1,Biker
31,291.0,1146.0,327.0,1212.0,335,0,0,1,Biker
31,293.0,1146.0,329.0,1212.0,336,0,0,1,Biker
31,297.0,1142.0,333.0,1208.0,337,0,0,1,Biker
31,299.0,1142.0,335.0,1208.0,338,0,0,1,Biker
31,303.0,1142.0,339.0,1208.0,339,0,0,1,Biker
31,305.0,1142.0,341.0,1208.0,340,0,0,1,Biker
31,309.0,1142.0,345.0,1208.0,341,0,0,1,Biker
31,313.0,1142.0,349.0,1208.0,342,0,0,1,Biker
31,315.0,1142.0,351.0,1208.0,343,0,0,1,Biker
31,319.0,1142.0,355.0,1208.0,344,0,0,1,Biker
31,321.0,1142.0,357.0,1208.0,345,0,0,1,Biker
31,325.0,1142.0,360.0,1208.0,346,0,0,1,Biker
31,327.0,1138.0,362.0,1203.0,347,0,0,1,Biker
31,331.0,1138.0,366.0,1203.0,348,0,0,1,Biker
31,335.0,1138.0,370.0,1203.0,349,0,0,1,Biker
31,337.0,1138.0,372.0,1203.0,350,0,0,1,Biker
31,341.0,1138.0,376.0,1203.0,351,0,0,1,Biker
31,343.0,1138.0,378.0,1203.0,352,0,0,1,Biker
31,347.0,1138.0,382.0,1203.0,353,0,0,1,Biker
31,349.0,1138.0,384.0,1203.0,354,0,0,1,Biker
31,353.0,1138.0,388.0,1203.0,355,0,0,1,Biker
31,357.0,1138.0,392.0,1203.0,356,0,0,0,Biker
31,359.0,1134.0,394.0,1199.0,357,0,0,1,Biker
31,362.0,1134.0,398.0,1199.0,358,0,0,1,Biker
31,364.0,1130.0,400.0,1195.0,359,0,0,1,Biker
31,368.0,1130.0,404.0,1195.0,360,0,0,1,Biker
31,372.0,1126.0,408.0,1191.0,361,0,0,1,Biker
31,374.0,1126.0,410.0,1191.0,362,0,0,1,Biker
31,378.0,1122.0,414.0,1187.0,363,0,0,1,Biker
31,380.0,1122.0,416.0,1187.0,364,0,0,1,Biker
31,384.0,1118.0,420.0,1183.0,365,0,0,1,Biker
31,388.0,1118.0,424.0,1183.0,366,0,0,1,Biker
31,390.0,1114.0,426.0,1179.0,367,0,0,1,Biker
31,394.0,1114.0,430.0,1179.0,368,0,0,1,Biker
31,396.0,1110.0,432.0,1175.0,369,0,0,1,Biker
31,400.0,1110.0,436.0,1175.0,370,0,0,1,Biker
31,404.0,1106.0,440.0,1171.0,371,0,0,1,Biker
31,406.0,1106.0,442.0,1171.0,372,0,0,1,Biker
31,410.0,1101.0,446.0,1167.0,373,0,0,1,Biker
31,412.0,1101.0,448.0,1167.0,374,0,0,1,Biker
31,416.0,1097.0,452.0,1163.0,375,0,0,1,Biker
31,420.0,1097.0,456.0,1163.0,376,0,0,0,Biker
31,422.0,1093.0,458.0,1159.0,377,0,0,1,Biker
31,424.0,1093.0,460.0,1159.0,378,0,0,1,Biker
31,428.0,1093.0,464.0,1159.0,379,0,0,1,Biker
31,430.0,1093.0,466.0,1159.0,380,0,0,1,Biker
31,434.0,1089.0,470.0,1154.0,381,0,0,1,Biker
31,436.0,1089.0,472.0,1154.0,382,0,0,1,Biker
31,438.0,1089.0,474.0,1154.0,383,0,0,1,Biker
31,442.0,1089.0,478.0,1154.0,384,0,0,1,Biker
31,444.0,1085.0,480.0,1150.0,385,0,0,1,Biker
31,448.0,1085.0,484.0,1150.0,386,0,0,1,Biker
31,450.0,1085.0,486.0,1150.0,387,0,0,1,Biker
31,452.0,1085.0,488.0,1150.0,388,0,0,1,Biker
31,456.0,1081.0,492.0,1146.0,389,0,0,1,Biker
31,458.0,1081.0,494.0,1146.0,390,0,0,1,Biker
31,462.0,1081.0,498.0,1146.0,391,0,0,1,Biker
31,464.0,1081.0,500.0,1146.0,392,0,0,1,Biker
31,466.0,1077.0,502.0,1142.0,393,0,0,1,Biker
31,470.0,1077.0,506.0,1142.0,394,0,0,1,Biker
31,472.0,1077.0,508.0,1142.0,395,0,0,1,Biker
31,476.0,1077.0,512.0,1142.0,396,0,0,0,Biker
31,478.0,1073.0,514.0,1138.0,397,0,0,1,Biker
31,480.0,1069.0,516.0,1134.0,398,0,0,1,Biker
31,484.0,1069.0,520.0,1134.0,399,0,0,1,Biker
31,486.0,1065.0,522.0,1130.0,400,0,0,1,Biker
31,490.0,1065.0,526.0,1130.0,401,0,0,1,Biker
31,492.0,1061.0,528.0,1126.0,402,0,0,1,Biker
31,494.0,1057.0,530.0,1122.0,403,0,0,1,Biker
31,498.0,1057.0,534.0,1122.0,404,0,0,1,Biker
31,500.0,1052.0,536.0,1118.0,405,0,0,1,Biker
31,504.0,1052.0,540.0,1118.0,406,0,0,1,Biker
31,506.0,1048.0,542.0,1114.0,407,0,0,1,Biker
31,508.0,1044.0,544.0,1110.0,408,0,0,1,Biker
31,512.0,1044.0,548.0,1110.0,409,0,0,1,Biker
31,514.0,1040.0,550.0,1106.0,410,0,0,1,Biker
31,518.0,1040.0,554.0,1106.0,411,0,0,1,Biker
31,520.0,1036.0,556.0,1101.0,412,0,0,1,Biker
31,522.0,1032.0,558.0,1097.0,413,0,0,1,Biker
31,526.0,1032.0,562.0,1097.0,414,0,0,1,Biker
31,528.0,1028.0,564.0,1093.0,415,0,0,1,Biker
31,532.0,1028.0,568.0,1093.0,416,0,0,1,Biker
31,534.0,1024.0,570.0,1089.0,417,0,0,1,Biker
31,536.0,1020.0,572.0,1085.0,418,0,0,1,Biker
31,540.0,1020.0,576.0,1085.0,419,0,0,1,Biker
31,542.0,1016.0,578.0,1081.0,420,0,0,1,Biker
31,546.0,1016.0,582.0,1081.0,421,0,0,1,Biker
31,548.0,1012.0,584.0,1077.0,422,0,0,1,Biker
31,550.0,1008.0,586.0,1073.0,423,0,0,1,Biker
31,554.0,1008.0,590.0,1073.0,424,0,0,1,Biker
31,556.0,1003.0,592.0,1069.0,425,0,0,1,Biker
31,560.0,1003.0,596.0,1069.0,426,0,0,0,Biker
31,564.0,995.0,600.0,1061.0,427,0,0,1,Biker
31,570.0,987.0,606.0,1052.0,428,0,0,1,Biker
31,574.0,979.0,610.0,1044.0,429,0,0,1,Biker
31,580.0,975.0,616.0,1040.0,430,0,0,0,Biker
32,35.0,1167.0,49.0,1171.0,0,1,0,0,Biker
32,33.0,1163.0,47.0,1171.0,1,1,0,1,Biker
32,33.0,1163.0,47.0,1171.0,2,1,0,1,Biker
32,33.0,1163.0,47.0,1171.0,3,1,0,1,Biker
32,33.0,1163.0,47.0,1171.0,4,1,0,1,Biker
32,33.0,1163.0,47.0,1171.0,5,1,0,1,Biker
32,33.0,1163.0,47.0,1171.0,6,1,0,1,Biker
32,33.0,1163.0,47.0,1171.0,7,1,0,1,Biker
32,33.0,1163.0,47.0,1171.0,8,1,0,1,Biker
32,33.0,1163.0,47.0,1171.0,9,1,0,1,Biker
32,33.0,1163.0,47.0,1171.0,10,1,0,1,Biker
32,33.0,1163.0,47.0,1171.0,11,1,0,1,Biker
32,33.0,1163.0,47.0,1171.0,12,1,0,1,Biker
32,33.0,1163.0,47.0,1171.0,13,1,0,1,Biker
32,31.0,1163.0,47.0,1171.0,14,1,0,1,Biker
32,31.0,1163.0,47.0,1171.0,15,1,0,1,Biker
32,31.0,1163.0,47.0,1171.0,16,1,0,1,Biker
32,31.0,1163.0,47.0,1171.0,17,1,0,1,Biker
32,31.0,1163.0,47.0,1171.0,18,1,0,1,Biker
32,31.0,1163.0,47.0,1171.0,19,1,0,1,Biker
32,31.0,1163.0,47.0,1171.0,20,1,0,1,Biker
32,31.0,1163.0,47.0,1171.0,21,1,0,1,Biker
32,31.0,1163.0,47.0,1171.0,22,1,0,1,Biker
32,31.0,1163.0,47.0,1171.0,23,1,0,1,Biker
32,31.0,1163.0,45.0,1171.0,24,1,0,1,Biker
32,31.0,1163.0,45.0,1171.0,25,1,0,1,Biker
32,31.0,1163.0,45.0,1171.0,26,1,0,1,Biker
32,29.0,1163.0,45.0,1171.0,27,1,0,1,Biker
32,29.0,1163.0,45.0,1171.0,28,1,0,1,Biker
32,29.0,1163.0,45.0,1171.0,29,1,0,1,Biker
32,29.0,1159.0,45.0,1171.0,30,1,0,1,Biker
32,29.0,1159.0,45.0,1171.0,31,1,0,1,Biker
32,29.0,1159.0,45.0,1171.0,32,1,0,1,Biker
32,29.0,1159.0,45.0,1171.0,33,1,0,1,Biker
32,29.0,1159.0,45.0,1171.0,34,1,0,1,Biker
32,29.0,1159.0,45.0,1171.0,35,1,0,1,Biker
32,29.0,1159.0,45.0,1171.0,36,1,0,1,Biker
32,29.0,1159.0,45.0,1171.0,37,1,0,1,Biker
32,29.0,1159.0,45.0,1171.0,38,1,0,1,Biker
32,29.0,1159.0,45.0,1171.0,39,1,0,1,Biker
32,27.0,1159.0,45.0,1171.0,40,1,0,1,Biker
32,27.0,1159.0,45.0,1171.0,41,1,0,1,Biker
32,27.0,1159.0,45.0,1171.0,42,1,0,1,Biker
32,27.0,1159.0,45.0,1171.0,43,1,0,1,Biker
32,27.0,1159.0,45.0,1171.0,44,1,0,1,Biker
32,27.0,1159.0,45.0,1171.0,45,1,0,1,Biker
32,27.0,1159.0,45.0,1171.0,46,1,0,1,Biker
32,27.0,1159.0,45.0,1171.0,47,1,0,1,Biker
32,27.0,1159.0,43.0,1175.0,48,1,0,1,Biker
32,27.0,1159.0,43.0,1175.0,49,1,0,1,Biker
32,27.0,1159.0,43.0,1175.0,50,1,0,1,Biker
32,27.0,1159.0,43.0,1175.0,51,1,0,1,Biker
32,27.0,1159.0,43.0,1175.0,52,1,0,1,Biker
32,25.0,1159.0,43.0,1175.0,53,1,0,1,Biker
32,25.0,1159.0,43.0,1175.0,54,1,0,1,Biker
32,25.0,1159.0,43.0,1175.0,55,1,0,1,Biker
32,25.0,1159.0,43.0,1175.0,56,1,0,1,Biker
32,25.0,1159.0,43.0,1175.0,57,1,0,1,Biker
32,25.0,1159.0,43.0,1175.0,58,1,0,1,Biker
32,25.0,1159.0,43.0,1175.0,59,1,0,1,Biker
32,25.0,1154.0,43.0,1175.0,60,1,0,1,Biker
32,25.0,1154.0,43.0,1175.0,61,1,0,1,Biker
32,25.0,1154.0,43.0,1175.0,62,1,0,1,Biker
32,25.0,1154.0,43.0,1175.0,63,1,0,1,Biker
32,25.0,1154.0,43.0,1175.0,64,1,0,1,Biker
32,25.0,1154.0,43.0,1175.0,65,1,0,1,Biker
32,23.0,1154.0,43.0,1175.0,66,1,0,1,Biker
32,23.0,1154.0,43.0,1175.0,67,1,0,1,Biker
32,23.0,1154.0,43.0,1175.0,68,1,0,1,Biker
32,23.0,1154.0,43.0,1175.0,69,1,0,1,Biker
32,23.0,1154.0,43.0,1175.0,70,1,0,1,Biker
32,23.0,1154.0,41.0,1175.0,71,1,0,1,Biker
32,23.0,1154.0,41.0,1175.0,72,1,0,1,Biker
32,23.0,1154.0,41.0,1175.0,73,1,0,1,Biker
32,23.0,1154.0,41.0,1175.0,74,1,0,1,Biker
32,23.0,1154.0,41.0,1175.0,75,1,0,1,Biker
32,23.0,1154.0,41.0,1175.0,76,1,0,1,Biker
32,23.0,1154.0,41.0,1175.0,77,1,0,1,Biker
32,23.0,1154.0,41.0,1175.0,78,1,0,1,Biker
32,21.0,1154.0,41.0,1175.0,79,1,0,1,Biker
32,21.0,1154.0,41.0,1175.0,80,1,0,1,Biker
32,21.0,1154.0,41.0,1175.0,81,1,0,1,Biker
32,21.0,1154.0,41.0,1175.0,82,1,0,1,Biker
32,21.0,1154.0,41.0,1175.0,83,1,0,1,Biker
32,21.0,1154.0,41.0,1175.0,84,1,0,1,Biker
32,21.0,1154.0,41.0,1175.0,85,1,0,1,Biker
32,21.0,1154.0,41.0,1175.0,86,1,0,1,Biker
32,21.0,1154.0,41.0,1175.0,87,1,0,1,Biker
32,21.0,1154.0,41.0,1175.0,88,1,0,1,Biker
32,21.0,1150.0,41.0,1175.0,89,1,0,1,Biker
32,21.0,1150.0,41.0,1175.0,90,1,0,1,Biker
32,21.0,1150.0,41.0,1175.0,91,1,0,1,Biker
32,19.0,1150.0,41.0,1175.0,92,1,0,1,Biker
32,19.0,1150.0,41.0,1175.0,93,1,0,1,Biker
32,19.0,1150.0,41.0,1175.0,94,1,0,1,Biker
32,19.0,1150.0,39.0,1179.0,95,1,0,1,Biker
32,19.0,1150.0,39.0,1179.0,96,1,0,1,Biker
32,19.0,1150.0,39.0,1179.0,97,1,0,1,Biker
32,19.0,1150.0,39.0,1179.0,98,1,0,1,Biker
32,19.0,1150.0,39.0,1179.0,99,1,0,1,Biker
32,19.0,1150.0,39.0,1179.0,100,1,0,1,Biker
32,19.0,1150.0,39.0,1179.0,101,1,0,1,Biker
32,19.0,1150.0,39.0,1179.0,102,1,0,1,Biker
32,19.0,1150.0,39.0,1179.0,103,1,0,1,Biker
32,19.0,1150.0,39.0,1179.0,104,1,0,1,Biker
32,17.0,1150.0,39.0,1179.0,105,1,0,1,Biker
32,17.0,1150.0,39.0,1179.0,106,1,0,1,Biker
32,17.0,1150.0,39.0,1179.0,107,1,0,1,Biker
32,17.0,1150.0,39.0,1179.0,108,1,0,1,Biker
32,17.0,1150.0,39.0,1179.0,109,1,0,1,Biker
32,17.0,1150.0,39.0,1179.0,110,1,0,1,Biker
32,17.0,1150.0,39.0,1179.0,111,1,0,1,Biker
32,17.0,1150.0,39.0,1179.0,112,1,0,1,Biker
32,17.0,1150.0,39.0,1179.0,113,1,0,1,Biker
32,17.0,1150.0,39.0,1179.0,114,1,0,1,Biker
32,17.0,1150.0,39.0,1179.0,115,1,0,1,Biker
32,17.0,1150.0,39.0,1179.0,116,1,0,1,Biker
32,17.0,1150.0,39.0,1179.0,117,1,0,1,Biker
32,17.0,1150.0,39.0,1179.0,118,1,0,1,Biker
32,15.0,1146.0,37.0,1179.0,119,1,0,1,Biker
32,15.0,1146.0,37.0,1179.0,120,1,0,1,Biker
32,15.0,1146.0,37.0,1179.0,121,1,0,1,Biker
32,15.0,1146.0,37.0,1179.0,122,1,0,1,Biker
32,15.0,1146.0,37.0,1179.0,123,1,0,1,Biker
32,15.0,1146.0,37.0,1179.0,124,1,0,1,Biker
32,15.0,1146.0,37.0,1179.0,125,1,0,1,Biker
32,15.0,1146.0,37.0,1179.0,126,1,0,1,Biker
32,15.0,1146.0,37.0,1179.0,127,1,0,1,Biker
32,15.0,1146.0,37.0,1179.0,128,1,0,1,Biker
32,15.0,1146.0,37.0,1179.0,129,1,0,1,Biker
32,15.0,1146.0,37.0,1179.0,130,1,0,1,Biker
32,15.0,1146.0,37.0,1179.0,131,1,0,1,Biker
32,13.0,1146.0,37.0,1179.0,132,1,0,1,Biker
32,13.0,1146.0,37.0,1179.0,133,1,0,1,Biker
32,13.0,1146.0,37.0,1179.0,134,1,0,1,Biker
32,13.0,1146.0,37.0,1179.0,135,1,0,1,Biker
32,13.0,1146.0,37.0,1179.0,136,1,0,1,Biker
32,13.0,1146.0,37.0,1179.0,137,1,0,1,Biker
32,13.0,1146.0,37.0,1179.0,138,1,0,1,Biker
32,13.0,1146.0,37.0,1179.0,139,1,0,1,Biker
32,13.0,1146.0,37.0,1179.0,140,1,0,1,Biker
32,13.0,1146.0,37.0,1179.0,141,1,0,1,Biker
32,13.0,1146.0,35.0,1183.0,142,1,0,1,Biker
32,13.0,1146.0,35.0,1183.0,143,1,0,1,Biker
32,13.0,1146.0,35.0,1183.0,144,1,0,1,Biker
32,11.0,1146.0,35.0,1183.0,145,1,0,1,Biker
32,11.0,1146.0,35.0,1183.0,146,1,0,1,Biker
32,11.0,1146.0,35.0,1183.0,147,1,0,1,Biker
32,11.0,1142.0,35.0,1183.0,148,1,0,1,Biker
32,11.0,1142.0,35.0,1183.0,149,1,0,1,Biker
32,11.0,1142.0,35.0,1183.0,150,1,0,1,Biker
32,11.0,1142.0,35.0,1183.0,151,1,0,1,Biker
32,11.0,1142.0,35.0,1183.0,152,1,0,1,Biker
32,11.0,1142.0,35.0,1183.0,153,1,0,1,Biker
32,11.0,1142.0,35.0,1183.0,154,1,0,1,Biker
32,11.0,1142.0,35.0,1183.0,155,1,0,1,Biker
32,11.0,1142.0,35.0,1183.0,156,1,0,1,Biker
32,11.0,1142.0,35.0,1183.0,157,1,0,1,Biker
32,9.0,1142.0,35.0,1183.0,158,1,0,1,Biker
32,9.0,1142.0,35.0,1183.0,159,1,0,1,Biker
32,9.0,1142.0,35.0,1183.0,160,1,0,1,Biker
32,9.0,1142.0,35.0,1183.0,161,1,0,1,Biker
32,9.0,1142.0,35.0,1183.0,162,1,0,1,Biker
32,9.0,1142.0,35.0,1183.0,163,1,0,1,Biker
32,9.0,1142.0,35.0,1183.0,164,1,0,1,Biker
32,9.0,1142.0,35.0,1183.0,165,1,0,1,Biker
32,9.0,1142.0,33.0,1183.0,166,1,0,1,Biker
32,9.0,1142.0,33.0,1183.0,167,1,0,1,Biker
32,9.0,1142.0,33.0,1183.0,168,1,0,1,Biker
32,9.0,1142.0,33.0,1183.0,169,1,0,1,Biker
32,9.0,1142.0,33.0,1183.0,170,1,0,1,Biker
32,7.0,1142.0,33.0,1183.0,171,1,0,1,Biker
32,7.0,1142.0,33.0,1183.0,172,1,0,1,Biker
32,7.0,1142.0,33.0,1183.0,173,1,0,1,Biker
32,7.0,1142.0,33.0,1183.0,174,1,0,1,Biker
32,7.0,1142.0,33.0,1183.0,175,1,0,1,Biker
32,7.0,1142.0,33.0,1183.0,176,1,0,1,Biker
32,7.0,1142.0,33.0,1183.0,177,1,0,1,Biker
32,7.0,1138.0,33.0,1183.0,178,1,0,1,Biker
32,7.0,1138.0,33.0,1183.0,179,1,0,1,Biker
32,7.0,1138.0,33.0,1183.0,180,1,0,1,Biker
32,7.0,1138.0,33.0,1183.0,181,1,0,1,Biker
32,7.0,1138.0,33.0,1183.0,182,1,0,1,Biker
32,7.0,1138.0,33.0,1183.0,183,1,0,1,Biker
32,5.0,1138.0,33.0,1183.0,184,1,0,1,Biker
32,5.0,1138.0,33.0,1183.0,185,1,0,1,Biker
32,5.0,1138.0,33.0,1183.0,186,1,0,1,Biker
32,5.0,1138.0,33.0,1183.0,187,1,0,1,Biker
32,5.0,1138.0,33.0,1183.0,188,1,0,1,Biker
32,5.0,1138.0,31.0,1187.0,189,1,0,1,Biker
32,5.0,1138.0,31.0,1187.0,190,1,0,1,Biker
32,5.0,1138.0,31.0,1187.0,191,1,0,1,Biker
32,5.0,1138.0,31.0,1187.0,192,1,0,1,Biker
32,5.0,1138.0,31.0,1187.0,193,1,0,1,Biker
32,5.0,1138.0,31.0,1187.0,194,1,0,1,Biker
32,5.0,1138.0,31.0,1187.0,195,1,0,1,Biker
32,5.0,1138.0,31.0,1187.0,196,1,0,1,Biker
32,3.0,1138.0,31.0,1187.0,197,1,0,1,Biker
32,3.0,1138.0,31.0,1187.0,198,1,0,1,Biker
32,3.0,1138.0,31.0,1187.0,199,1,0,1,Biker
32,3.0,1138.0,31.0,1187.0,200,1,0,1,Biker
32,3.0,1138.0,31.0,1187.0,201,1,0,1,Biker
32,3.0,1138.0,31.0,1187.0,202,1,0,1,Biker
32,3.0,1138.0,31.0,1187.0,203,1,0,1,Biker
32,3.0,1138.0,31.0,1187.0,204,1,0,1,Biker
32,3.0,1138.0,31.0,1187.0,205,1,0,1,Biker
32,3.0,1138.0,31.0,1187.0,206,1,0,1,Biker
32,3.0,1134.0,31.0,1187.0,207,1,0,1,Biker
32,3.0,1134.0,31.0,1187.0,208,1,0,1,Biker
32,3.0,1134.0,31.0,1187.0,209,1,0,1,Biker
32,1.0,1134.0,31.0,1187.0,210,1,0,1,Biker
32,1.0,1134.0,31.0,1187.0,211,1,0,1,Biker
32,1.0,1134.0,31.0,1187.0,212,1,0,1,Biker
32,1.0,1134.0,29.0,1187.0,213,1,0,1,Biker
32,1.0,1134.0,29.0,1187.0,214,1,0,1,Biker
32,1.0,1134.0,29.0,1187.0,215,1,0,1,Biker
32,1.0,1134.0,29.0,1187.0,216,1,0,1,Biker
32,1.0,1134.0,29.0,1187.0,217,1,0,1,Biker
32,1.0,1134.0,29.0,1187.0,218,1,0,1,Biker
32,1.0,1134.0,29.0,1187.0,219,1,0,1,Biker
32,1.0,1134.0,29.0,1187.0,220,1,0,1,Biker
32,1.0,1134.0,29.0,1187.0,221,1,0,1,Biker
32,1.0,1134.0,29.0,1187.0,222,1,0,1,Biker
32,0.0,1134.0,29.0,1187.0,223,1,0,1,Biker
32,0.0,1134.0,29.0,1187.0,224,1,0,1,Biker
32,0.0,1134.0,29.0,1187.0,225,1,0,1,Biker
32,0.0,1134.0,29.0,1187.0,226,1,0,1,Biker
32,0.0,1134.0,29.0,1187.0,227,1,0,1,Biker
32,0.0,1134.0,29.0,1187.0,228,1,0,1,Biker
32,0.0,1134.0,29.0,1187.0,229,1,0,1,Biker
32,0.0,1134.0,29.0,1187.0,230,1,0,1,Biker
32,0.0,1134.0,29.0,1187.0,231,1,0,1,Biker
32,0.0,1134.0,29.0,1187.0,232,1,0,1,Biker
32,0.0,1134.0,29.0,1187.0,233,1,0,1,Biker
32,0.0,1134.0,29.0,1187.0,234,1,0,1,Biker
32,0.0,1134.0,29.0,1187.0,235,1,0,1,Biker
32,0.0,1134.0,29.0,1191.0,236,0,0,0,Biker
32,1.0,1134.0,31.0,1191.0,237,0,0,1,Biker
32,5.0,1134.0,35.0,1191.0,238,0,0,1,Biker
32,9.0,1134.0,39.0,1191.0,239,0,0,1,Biker
32,13.0,1134.0,43.0,1191.0,240,0,0,1,Biker
32,17.0,1134.0,47.0,1191.0,241,0,0,1,Biker
32,21.0,1134.0,51.0,1191.0,242,0,0,1,Biker
32,25.0,1134.0,55.0,1191.0,243,0,0,1,Biker
32,29.0,1134.0,59.0,1191.0,244,0,0,1,Biker
32,33.0,1134.0,63.0,1191.0,245,0,0,1,Biker
32,37.0,1134.0,67.0,1191.0,246,0,0,1,Biker
32,39.0,1134.0,69.0,1191.0,247,0,0,1,Biker
32,43.0,1134.0,73.0,1191.0,248,0,0,1,Biker
32,47.0,1134.0,77.0,1191.0,249,0,0,1,Biker
32,51.0,1134.0,81.0,1191.0,250,0,0,1,Biker
32,55.0,1134.0,85.0,1191.0,251,0,0,1,Biker
32,59.0,1134.0,89.0,1191.0,252,0,0,1,Biker
32,63.0,1134.0,93.0,1191.0,253,0,0,1,Biker
32,67.0,1134.0,97.0,1191.0,254,0,0,1,Biker
32,71.0,1134.0,101.0,1191.0,255,0,0,1,Biker
32,75.0,1138.0,105.0,1195.0,256,0,0,1,Biker
32,77.0,1138.0,107.0,1195.0,257,0,0,1,Biker
32,81.0,1138.0,111.0,1195.0,258,0,0,1,Biker
32,85.0,1138.0,115.0,1195.0,259,0,0,1,Biker
32,89.0,1138.0,119.0,1195.0,260,0,0,1,Biker
32,93.0,1138.0,123.0,1195.0,261,0,0,1,Biker
32,97.0,1138.0,127.0,1195.0,262,0,0,1,Biker
32,101.0,1138.0,131.0,1195.0,263,0,0,1,Biker
32,105.0,1138.0,135.0,1195.0,264,0,0,1,Biker
32,109.0,1138.0,139.0,1195.0,265,0,0,1,Biker
32,113.0,1138.0,143.0,1195.0,266,0,0,1,Biker
32,115.0,1138.0,145.0,1195.0,267,0,0,1,Biker
32,119.0,1138.0,149.0,1195.0,268,0,0,1,Biker
32,123.0,1138.0,153.0,1195.0,269,0,0,1,Biker
32,127.0,1138.0,157.0,1195.0,270,0,0,1,Biker
32,131.0,1138.0,161.0,1195.0,271,0,0,1,Biker
32,135.0,1138.0,165.0,1195.0,272,0,0,1,Biker
32,139.0,1138.0,169.0,1195.0,273,0,0,1,Biker
32,143.0,1138.0,173.0,1195.0,274,0,0,1,Biker
32,147.0,1138.0,177.0,1195.0,275,0,0,1,Biker
32,151.0,1142.0,181.0,1199.0,276,0,0,0,Biker
32,153.0,1142.0,183.0,1199.0,277,0,0,1,Biker
32,157.0,1142.0,187.0,1199.0,278,0,0,1,Biker
32,161.0,1142.0,191.0,1199.0,279,0,0,1,Biker
32,165.0,1142.0,195.0,1199.0,280,0,0,1,Biker
32,169.0,1142.0,199.0,1199.0,281,0,0,1,Biker
32,173.0,1142.0,203.0,1199.0,282,0,0,1,Biker
32,177.0,1142.0,207.0,1199.0,283,0,0,1,Biker
32,181.0,1142.0,211.0,1199.0,284,0,0,1,Biker
32,185.0,1142.0,215.0,1199.0,285,0,0,1,Biker
32,189.0,1142.0,219.0,1199.0,286,0,0,1,Biker
32,193.0,1142.0,221.0,1199.0,287,0,0,1,Biker
32,197.0,1142.0,225.0,1199.0,288,0,0,1,Biker
32,201.0,1142.0,229.0,1199.0,289,0,0,1,Biker
32,205.0,1142.0,233.0,1199.0,290,0,0,1,Biker
32,209.0,1142.0,237.0,1199.0,291,0,0,1,Biker
32,213.0,1142.0,241.0,1199.0,292,0,0,1,Biker
32,217.0,1142.0,245.0,1199.0,293,0,0,1,Biker
32,221.0,1142.0,249.0,1199.0,294,0,0,1,Biker
32,225.0,1142.0,253.0,1199.0,295,0,0,1,Biker
32,229.0,1142.0,257.0,1199.0,296,0,0,0,Biker
32,233.0,1142.0,261.0,1199.0,297,0,0,1,Biker
32,237.0,1142.0,265.0,1199.0,298,0,0,1,Biker
32,241.0,1142.0,269.0,1199.0,299,0,0,1,Biker
32,245.0,1142.0,273.0,1199.0,300,0,0,1,Biker
32,251.0,1146.0,279.0,1203.0,301,0,0,1,Biker
32,255.0,1146.0,283.0,1203.0,302,0,0,1,Biker
32,259.0,1146.0,287.0,1203.0,303,0,0,1,Biker
32,263.0,1146.0,291.0,1203.0,304,0,0,1,Biker
32,269.0,1146.0,297.0,1203.0,305,0,0,1,Biker
32,273.0,1150.0,301.0,1208.0,306,0,0,1,Biker
32,277.0,1150.0,305.0,1208.0,307,0,0,1,Biker
32,281.0,1150.0,309.0,1208.0,308,0,0,1,Biker
32,287.0,1150.0,315.0,1208.0,309,0,0,1,Biker
32,291.0,1150.0,319.0,1208.0,310,0,0,1,Biker
32,295.0,1154.0,323.0,1212.0,311,0,0,1,Biker
32,299.0,1154.0,327.0,1212.0,312,0,0,1,Biker
32,303.0,1154.0,331.0,1212.0,313,0,0,1,Biker
32,309.0,1154.0,337.0,1212.0,314,0,0,1,Biker
32,313.0,1154.0,341.0,1212.0,315,0,0,1,Biker
32,317.0,1159.0,345.0,1216.0,316,0,0,1,Biker
32,321.0,1159.0,349.0,1216.0,317,0,0,1,Biker
32,327.0,1159.0,355.0,1216.0,318,0,0,1,Biker
32,331.0,1159.0,359.0,1216.0,319,0,0,1,Biker
32,335.0,1159.0,362.0,1216.0,320,0,0,1,Biker
32,339.0,1163.0,366.0,1220.0,321,0,0,1,Biker
32,345.0,1163.0,372.0,1220.0,322,0,0,1,Biker
32,349.0,1163.0,376.0,1220.0,323,0,0,1,Biker
32,353.0,1163.0,380.0,1220.0,324,0,0,1,Biker
32,357.0,1163.0,384.0,1220.0,325,0,0,1,Biker
32,362.0,1167.0,390.0,1224.0,326,0,0,0,Biker
32,364.0,1167.0,392.0,1224.0,327,0,0,1,Biker
32,368.0,1167.0,396.0,1224.0,328,0,0,1,Biker
32,372.0,1171.0,400.0,1228.0,329,0,0,1,Biker
32,376.0,1171.0,404.0,1228.0,330,0,0,1,Biker
32,378.0,1171.0,406.0,1228.0,331,0,0,1,Biker
32,382.0,1175.0,410.0,1232.0,332,0,0,1,Biker
32,386.0,1175.0,414.0,1232.0,333,0,0,1,Biker
32,390.0,1175.0,418.0,1232.0,334,0,0,1,Biker
32,392.0,1179.0,420.0,1236.0,335,0,0,1,Biker
32,396.0,1179.0,424.0,1236.0,336,0,0,1,Biker
32,400.0,1179.0,428.0,1236.0,337,0,0,1,Biker
32,404.0,1183.0,432.0,1240.0,338,0,0,1,Biker
32,406.0,1183.0,434.0,1240.0,339,0,0,1,Biker
32,410.0,1183.0,438.0,1240.0,340,0,0,1,Biker
32,414.0,1187.0,442.0,1244.0,341,0,0,1,Biker
32,418.0,1187.0,446.0,1244.0,342,0,0,1,Biker
32,422.0,1187.0,450.0,1244.0,343,0,0,1,Biker
32,424.0,1191.0,452.0,1248.0,344,0,0,1,Biker
32,428.0,1191.0,456.0,1248.0,345,0,0,1,Biker
32,432.0,1191.0,460.0,1248.0,346,0,0,1,Biker
32,436.0,1195.0,464.0,1252.0,347,0,0,1,Biker
32,438.0,1195.0,466.0,1252.0,348,0,0,1,Biker
32,442.0,1195.0,470.0,1252.0,349,0,0,1,Biker
32,446.0,1199.0,474.0,1257.0,350,0,0,1,Biker
32,450.0,1199.0,478.0,1257.0,351,0,0,1,Biker
32,452.0,1199.0,480.0,1257.0,352,0,0,1,Biker
32,456.0,1203.0,484.0,1261.0,353,0,0,1,Biker
32,460.0,1203.0,488.0,1261.0,354,0,0,1,Biker
32,464.0,1203.0,492.0,1261.0,355,0,0,1,Biker
32,468.0,1208.0,496.0,1265.0,356,0,0,0,Biker
32,470.0,1208.0,498.0,1265.0,357,0,0,1,Biker
32,474.0,1212.0,502.0,1269.0,358,0,0,1,Biker
32,478.0,1212.0,506.0,1269.0,359,0,0,1,Biker
32,482.0,1216.0,510.0,1273.0,360,0,0,1,Biker
32,486.0,1220.0,514.0,1277.0,361,0,0,1,Biker
32,490.0,1220.0,518.0,1277.0,362,0,0,1,Biker
32,492.0,1224.0,520.0,1281.0,363,0,0,1,Biker
32,496.0,1228.0,524.0,1285.0,364,0,0,1,Biker
32,500.0,1228.0,528.0,1285.0,365,0,0,1,Biker
32,504.0,1232.0,532.0,1289.0,366,0,0,1,Biker
32,508.0,1236.0,536.0,1293.0,367,0,0,1,Biker
32,512.0,1236.0,540.0,1293.0,368,0,0,1,Biker
32,516.0,1240.0,544.0,1297.0,369,0,0,1,Biker
32,518.0,1244.0,546.0,1301.0,370,0,0,1,Biker
32,522.0,1244.0,550.0,1301.0,371,0,0,1,Biker
32,526.0,1248.0,554.0,1306.0,372,0,0,1,Biker
32,530.0,1252.0,558.0,1310.0,373,0,0,1,Biker
32,534.0,1252.0,562.0,1310.0,374,0,0,1,Biker
32,538.0,1257.0,566.0,1314.0,375,0,0,1,Biker
32,542.0,1261.0,570.0,1318.0,376,0,0,0,Biker
32,546.0,1261.0,574.0,1318.0,377,0,0,1,Biker
32,550.0,1261.0,578.0,1318.0,378,0,0,1,Biker
32,554.0,1261.0,582.0,1318.0,379,0,0,1,Biker
32,558.0,1265.0,586.0,1322.0,380,0,0,1,Biker
32,562.0,1265.0,590.0,1322.0,381,0,0,1,Biker
32,566.0,1265.0,594.0,1322.0,382,0,0,1,Biker
32,570.0,1269.0,598.0,1326.0,383,0,0,1,Biker
32,574.0,1269.0,602.0,1326.0,384,0,0,1,Biker
32,578.0,1269.0,606.0,1326.0,385,0,0,1,Biker
32,582.0,1273.0,610.0,1330.0,386,0,0,1,Biker
32,586.0,1273.0,614.0,1330.0,387,0,0,1,Biker
32,590.0,1273.0,618.0,1330.0,388,0,0,1,Biker
32,594.0,1273.0,622.0,1330.0,389,0,0,1,Biker
32,598.0,1277.0,626.0,1334.0,390,0,0,1,Biker
32,602.0,1277.0,630.0,1334.0,391,0,0,1,Biker
32,606.0,1277.0,634.0,1334.0,392,0,0,1,Biker
32,610.0,1281.0,638.0,1338.0,393,0,0,1,Biker
32,614.0,1281.0,642.0,1338.0,394,0,0,1,Biker
32,618.0,1281.0,646.0,1338.0,395,0,0,1,Biker
32,622.0,1285.0,650.0,1342.0,396,0,0,0,Biker
32,624.0,1281.0,652.0,1338.0,397,0,0,1,Biker
32,628.0,1281.0,656.0,1338.0,398,0,0,1,Biker
32,630.0,1281.0,658.0,1338.0,399,0,0,1,Biker
32,634.0,1281.0,662.0,1338.0,400,0,0,1,Biker
32,638.0,1281.0,666.0,1338.0,401,0,0,1,Biker
32,640.0,1277.0,668.0,1334.0,402,0,0,1,Biker
32,644.0,1277.0,672.0,1334.0,403,0,0,1,Biker
32,646.0,1277.0,674.0,1334.0,404,0,0,1,Biker
32,650.0,1277.0,678.0,1334.0,405,0,0,1,Biker
32,654.0,1277.0,682.0,1334.0,406,0,0,1,Biker
32,656.0,1273.0,684.0,1330.0,407,0,0,1,Biker
32,660.0,1273.0,688.0,1330.0,408,0,0,1,Biker
32,662.0,1273.0,690.0,1330.0,409,0,0,1,Biker
32,666.0,1273.0,694.0,1330.0,410,0,0,1,Biker
32,670.0,1273.0,698.0,1330.0,411,0,0,1,Biker
32,672.0,1269.0,700.0,1326.0,412,0,0,1,Biker
32,676.0,1269.0,704.0,1326.0,413,0,0,1,Biker
32,678.0,1269.0,706.0,1326.0,414,0,0,1,Biker
32,682.0,1269.0,710.0,1326.0,415,0,0,1,Biker
32,686.0,1269.0,714.0,1326.0,416,0,0,1,Biker
32,688.0,1265.0,716.0,1322.0,417,0,0,1,Biker
32,692.0,1265.0,719.0,1322.0,418,0,0,1,Biker
32,694.0,1265.0,721.0,1322.0,419,0,0,1,Biker
32,698.0,1265.0,725.0,1322.0,420,0,0,1,Biker
32,702.0,1265.0,729.0,1322.0,421,0,0,1,Biker
32,704.0,1261.0,731.0,1318.0,422,0,0,1,Biker
32,708.0,1261.0,735.0,1318.0,423,0,0,1,Biker
32,710.0,1261.0,737.0,1318.0,424,0,0,1,Biker
32,714.0,1261.0,741.0,1318.0,425,0,0,1,Biker
32,718.0,1261.0,745.0,1318.0,426,0,0,0,Biker
32,718.0,1261.0,745.0,1318.0,427,0,0,1,Biker
32,718.0,1261.0,745.0,1318.0,428,0,0,1,Biker
32,718.0,1261.0,745.0,1318.0,429,0,0,1,Biker
32,718.0,1261.0,745.0,1318.0,430,0,0,0,Biker
33,7.0,1232.0,53.0,1281.0,0,1,0,0,Biker
33,7.0,1232.0,53.0,1281.0,1,1,0,1,Biker
33,7.0,1232.0,53.0,1281.0,2,1,0,1,Biker
33,7.0,1232.0,53.0,1281.0,3,1,0,1,Biker
33,7.0,1232.0,53.0,1281.0,4,1,0,1,Biker
33,7.0,1232.0,53.0,1281.0,5,1,0,1,Biker
33,7.0,1232.0,53.0,1281.0,6,1,0,1,Biker
33,7.0,1232.0,53.0,1281.0,7,1,0,1,Biker
33,7.0,1232.0,53.0,1281.0,8,1,0,1,Biker
33,7.0,1232.0,53.0,1281.0,9,1,0,1,Biker
33,7.0,1232.0,53.0,1281.0,10,1,0,1,Biker
33,7.0,1232.0,53.0,1281.0,11,1,0,1,Biker
33,7.0,1232.0,53.0,1281.0,12,1,0,1,Biker
33,7.0,1232.0,53.0,1281.0,13,1,0,1,Biker
33,7.0,1232.0,53.0,1281.0,14,1,0,1,Biker
33,7.0,1232.0,53.0,1281.0,15,1,0,1,Biker
33,7.0,1232.0,53.0,1281.0,16,1,0,1,Biker
33,7.0,1232.0,53.0,1281.0,17,1,0,1,Biker
33,7.0,1232.0,53.0,1281.0,18,1,0,1,Biker
33,7.0,1232.0,53.0,1281.0,19,1,0,1,Biker
33,7.0,1232.0,53.0,1281.0,20,1,0,1,Biker
33,7.0,1232.0,53.0,1281.0,21,1,0,1,Biker
33,7.0,1232.0,53.0,1281.0,22,1,0,1,Biker
33,7.0,1232.0,53.0,1281.0,23,1,0,1,Biker
33,7.0,1232.0,53.0,1281.0,24,1,0,1,Biker
33,7.0,1232.0,53.0,1281.0,25,1,0,1,Biker
33,7.0,1232.0,53.0,1281.0,26,1,0,1,Biker
33,7.0,1232.0,53.0,1281.0,27,1,0,1,Biker
33,7.0,1232.0,53.0,1281.0,28,1,0,1,Biker
33,7.0,1232.0,53.0,1281.0,29,1,0,1,Biker
33,7.0,1232.0,53.0,1281.0,30,1,0,1,Biker
33,7.0,1232.0,53.0,1281.0,31,1,0,1,Biker
33,7.0,1232.0,53.0,1281.0,32,1,0,1,Biker
33,7.0,1232.0,53.0,1281.0,33,1,0,1,Biker
33,7.0,1232.0,53.0,1281.0,34,1,0,1,Biker
33,7.0,1232.0,53.0,1281.0,35,1,0,1,Biker
33,7.0,1232.0,53.0,1281.0,36,1,0,1,Biker
33,7.0,1232.0,53.0,1281.0,37,1,0,1,Biker
33,7.0,1232.0,53.0,1281.0,38,1,0,1,Biker
33,7.0,1232.0,53.0,1281.0,39,1,0,1,Biker
33,7.0,1232.0,53.0,1281.0,40,1,0,1,Biker
33,7.0,1232.0,53.0,1281.0,41,1,0,1,Biker
33,7.0,1232.0,53.0,1281.0,42,1,0,1,Biker
33,7.0,1232.0,53.0,1281.0,43,1,0,1,Biker
33,7.0,1232.0,53.0,1281.0,44,1,0,1,Biker
33,7.0,1232.0,53.0,1281.0,45,1,0,1,Biker
33,7.0,1232.0,53.0,1281.0,46,1,0,1,Biker
33,7.0,1232.0,53.0,1281.0,47,1,0,1,Biker
33,7.0,1232.0,53.0,1281.0,48,1,0,1,Biker
33,7.0,1232.0,53.0,1281.0,49,1,0,1,Biker
33,7.0,1232.0,53.0,1281.0,50,1,0,1,Biker
33,7.0,1232.0,53.0,1281.0,51,1,0,1,Biker
33,7.0,1232.0,53.0,1281.0,52,1,0,1,Biker
33,7.0,1232.0,53.0,1281.0,53,1,0,1,Biker
33,7.0,1232.0,53.0,1281.0,54,1,0,1,Biker
33,7.0,1232.0,53.0,1281.0,55,1,0,1,Biker
33,7.0,1232.0,53.0,1281.0,56,1,0,1,Biker
33,7.0,1232.0,53.0,1281.0,57,1,0,1,Biker
33,7.0,1232.0,53.0,1281.0,58,1,0,1,Biker
33,7.0,1232.0,53.0,1281.0,59,1,0,1,Biker
33,7.0,1232.0,53.0,1281.0,60,1,0,1,Biker
33,7.0,1232.0,53.0,1281.0,61,1,0,1,Biker
33,7.0,1232.0,53.0,1281.0,62,1,0,1,Biker
33,7.0,1232.0,53.0,1281.0,63,1,0,1,Biker
33,7.0,1232.0,53.0,1281.0,64,1,0,1,Biker
33,7.0,1232.0,53.0,1281.0,65,1,0,1,Biker
33,7.0,1232.0,53.0,1281.0,66,1,0,1,Biker
33,7.0,1232.0,53.0,1281.0,67,1,0,1,Biker
33,7.0,1232.0,53.0,1281.0,68,1,0,1,Biker
33,7.0,1232.0,53.0,1281.0,69,1,0,1,Biker
33,7.0,1232.0,53.0,1281.0,70,1,0,1,Biker
33,7.0,1232.0,53.0,1281.0,71,1,0,1,Biker
33,7.0,1232.0,53.0,1281.0,72,1,0,1,Biker
33,7.0,1232.0,53.0,1281.0,73,1,0,1,Biker
33,7.0,1232.0,53.0,1281.0,74,1,0,1,Biker
33,7.0,1232.0,53.0,1281.0,75,1,0,1,Biker
33,7.0,1232.0,53.0,1281.0,76,1,0,1,Biker
33,7.0,1232.0,53.0,1281.0,77,1,0,1,Biker
33,7.0,1232.0,53.0,1281.0,78,1,0,1,Biker
33,7.0,1232.0,53.0,1281.0,79,1,0,1,Biker
33,7.0,1232.0,53.0,1281.0,80,1,0,1,Biker
33,7.0,1232.0,53.0,1281.0,81,1,0,1,Biker
33,7.0,1232.0,53.0,1281.0,82,1,0,1,Biker
33,7.0,1232.0,53.0,1281.0,83,1,0,1,Biker
33,7.0,1232.0,53.0,1281.0,84,1,0,1,Biker
33,7.0,1232.0,53.0,1281.0,85,1,0,1,Biker
33,7.0,1232.0,53.0,1281.0,86,1,0,1,Biker
33,7.0,1232.0,53.0,1281.0,87,1,0,1,Biker
33,7.0,1232.0,53.0,1281.0,88,1,0,1,Biker
33,7.0,1232.0,53.0,1281.0,89,1,0,1,Biker
33,7.0,1232.0,53.0,1281.0,90,1,0,1,Biker
33,7.0,1232.0,53.0,1281.0,91,1,0,1,Biker
33,7.0,1232.0,53.0,1281.0,92,1,0,1,Biker
33,7.0,1232.0,53.0,1281.0,93,1,0,1,Biker
33,7.0,1232.0,53.0,1281.0,94,1,0,1,Biker
33,7.0,1232.0,53.0,1281.0,95,1,0,1,Biker
33,7.0,1232.0,53.0,1281.0,96,1,0,1,Biker
33,7.0,1232.0,53.0,1281.0,97,1,0,1,Biker
33,7.0,1232.0,53.0,1281.0,98,1,0,1,Biker
33,7.0,1232.0,53.0,1281.0,99,1,0,1,Biker
33,7.0,1232.0,53.0,1281.0,100,1,0,1,Biker
33,7.0,1232.0,53.0,1281.0,101,1,0,1,Biker
33,7.0,1232.0,53.0,1281.0,102,1,0,1,Biker
33,7.0,1232.0,53.0,1281.0,103,1,0,1,Biker
33,7.0,1232.0,53.0,1281.0,104,1,0,1,Biker
33,7.0,1232.0,53.0,1281.0,105,1,0,1,Biker
33,7.0,1232.0,53.0,1281.0,106,1,0,1,Biker
33,7.0,1232.0,53.0,1281.0,107,1,0,1,Biker
33,7.0,1232.0,53.0,1281.0,108,1,0,1,Biker
33,7.0,1232.0,53.0,1281.0,109,1,0,1,Biker
33,7.0,1232.0,53.0,1281.0,110,1,0,1,Biker
33,7.0,1232.0,53.0,1281.0,111,1,0,1,Biker
33,7.0,1232.0,53.0,1281.0,112,1,0,1,Biker
33,7.0,1232.0,53.0,1281.0,113,1,0,1,Biker
33,7.0,1232.0,53.0,1281.0,114,1,0,1,Biker
33,7.0,1232.0,53.0,1281.0,115,1,0,1,Biker
33,7.0,1232.0,53.0,1281.0,116,1,0,1,Biker
33,7.0,1232.0,53.0,1281.0,117,1,0,1,Biker
33,7.0,1232.0,53.0,1281.0,118,1,0,1,Biker
33,7.0,1232.0,53.0,1281.0,119,1,0,1,Biker
33,7.0,1232.0,53.0,1281.0,120,1,0,1,Biker
33,7.0,1232.0,53.0,1281.0,121,1,0,1,Biker
33,7.0,1232.0,53.0,1281.0,122,1,0,1,Biker
33,7.0,1232.0,53.0,1281.0,123,1,0,1,Biker
33,7.0,1232.0,53.0,1281.0,124,1,0,1,Biker
33,7.0,1232.0,53.0,1281.0,125,1,0,1,Biker
33,7.0,1232.0,53.0,1281.0,126,1,0,1,Biker
33,7.0,1232.0,53.0,1281.0,127,1,0,1,Biker
33,7.0,1232.0,53.0,1281.0,128,1,0,1,Biker
33,7.0,1232.0,53.0,1281.0,129,1,0,1,Biker
33,7.0,1232.0,53.0,1281.0,130,1,0,1,Biker
33,7.0,1232.0,53.0,1281.0,131,1,0,1,Biker
33,7.0,1232.0,53.0,1281.0,132,1,0,1,Biker
33,7.0,1232.0,53.0,1281.0,133,1,0,1,Biker
33,7.0,1232.0,53.0,1281.0,134,1,0,1,Biker
33,7.0,1232.0,53.0,1281.0,135,1,0,1,Biker
33,7.0,1232.0,53.0,1281.0,136,1,0,1,Biker
33,7.0,1232.0,53.0,1281.0,137,1,0,1,Biker
33,7.0,1232.0,53.0,1281.0,138,1,0,1,Biker
33,7.0,1232.0,53.0,1281.0,139,1,0,1,Biker
33,7.0,1232.0,53.0,1281.0,140,1,0,1,Biker
33,7.0,1232.0,53.0,1281.0,141,1,0,1,Biker
33,7.0,1232.0,53.0,1281.0,142,1,0,1,Biker
33,7.0,1232.0,53.0,1281.0,143,1,0,1,Biker
33,7.0,1232.0,53.0,1281.0,144,1,0,1,Biker
33,7.0,1232.0,53.0,1281.0,145,1,0,1,Biker
33,7.0,1232.0,53.0,1281.0,146,1,0,1,Biker
33,7.0,1232.0,53.0,1281.0,147,1,0,1,Biker
33,7.0,1232.0,53.0,1281.0,148,1,0,1,Biker
33,7.0,1232.0,53.0,1281.0,149,1,0,1,Biker
33,7.0,1232.0,53.0,1281.0,150,1,0,1,Biker
33,7.0,1232.0,53.0,1281.0,151,1,0,1,Biker
33,7.0,1232.0,53.0,1281.0,152,1,0,1,Biker
33,7.0,1232.0,53.0,1281.0,153,1,0,1,Biker
33,7.0,1232.0,53.0,1281.0,154,1,0,1,Biker
33,7.0,1232.0,53.0,1281.0,155,1,0,1,Biker
33,7.0,1232.0,53.0,1281.0,156,1,0,1,Biker
33,7.0,1232.0,53.0,1281.0,157,1,0,1,Biker
33,7.0,1232.0,53.0,1281.0,158,1,0,1,Biker
33,7.0,1232.0,53.0,1281.0,159,1,0,1,Biker
33,7.0,1232.0,53.0,1281.0,160,1,0,1,Biker
33,7.0,1232.0,53.0,1281.0,161,1,0,1,Biker
33,7.0,1232.0,53.0,1281.0,162,1,0,1,Biker
33,7.0,1232.0,53.0,1281.0,163,1,0,1,Biker
33,7.0,1232.0,53.0,1281.0,164,1,0,1,Biker
33,7.0,1232.0,53.0,1281.0,165,1,0,1,Biker
33,7.0,1232.0,53.0,1281.0,166,1,0,1,Biker
33,7.0,1232.0,53.0,1281.0,167,1,0,1,Biker
33,7.0,1232.0,53.0,1281.0,168,1,0,1,Biker
33,7.0,1232.0,53.0,1281.0,169,1,0,1,Biker
33,7.0,1232.0,53.0,1281.0,170,1,0,1,Biker
33,7.0,1232.0,53.0,1281.0,171,1,0,1,Biker
33,7.0,1232.0,53.0,1281.0,172,1,0,1,Biker
33,7.0,1232.0,53.0,1281.0,173,1,0,1,Biker
33,7.0,1232.0,53.0,1281.0,174,1,0,1,Biker
33,7.0,1232.0,53.0,1281.0,175,1,0,1,Biker
33,7.0,1232.0,53.0,1281.0,176,1,0,1,Biker
33,7.0,1232.0,53.0,1281.0,177,1,0,1,Biker
33,7.0,1232.0,53.0,1281.0,178,1,0,1,Biker
33,7.0,1232.0,53.0,1281.0,179,1,0,1,Biker
33,7.0,1232.0,53.0,1281.0,180,1,0,1,Biker
33,7.0,1232.0,53.0,1281.0,181,1,0,1,Biker
33,7.0,1232.0,53.0,1281.0,182,1,0,1,Biker
33,7.0,1232.0,53.0,1281.0,183,1,0,1,Biker
33,7.0,1232.0,53.0,1281.0,184,1,0,1,Biker
33,7.0,1232.0,53.0,1281.0,185,1,0,1,Biker
33,7.0,1232.0,53.0,1281.0,186,1,0,1,Biker
33,7.0,1232.0,53.0,1281.0,187,1,0,1,Biker
33,7.0,1232.0,53.0,1281.0,188,1,0,1,Biker
33,7.0,1232.0,53.0,1281.0,189,1,0,1,Biker
33,7.0,1232.0,53.0,1281.0,190,1,0,1,Biker
33,7.0,1232.0,53.0,1281.0,191,1,0,1,Biker
33,7.0,1232.0,53.0,1281.0,192,1,0,1,Biker
33,7.0,1232.0,53.0,1281.0,193,1,0,1,Biker
33,7.0,1232.0,53.0,1281.0,194,1,0,1,Biker
33,7.0,1232.0,53.0,1281.0,195,1,0,1,Biker
33,7.0,1232.0,53.0,1281.0,196,1,0,1,Biker
33,7.0,1232.0,53.0,1281.0,197,1,0,1,Biker
33,7.0,1232.0,53.0,1281.0,198,1,0,1,Biker
33,7.0,1232.0,53.0,1281.0,199,1,0,1,Biker
33,7.0,1232.0,53.0,1281.0,200,1,0,1,Biker
33,7.0,1232.0,53.0,1281.0,201,1,0,1,Biker
33,7.0,1232.0,53.0,1281.0,202,1,0,1,Biker
33,7.0,1232.0,53.0,1281.0,203,1,0,1,Biker
33,7.0,1232.0,53.0,1281.0,204,1,0,1,Biker
33,7.0,1232.0,53.0,1281.0,205,1,0,1,Biker
33,7.0,1232.0,53.0,1281.0,206,1,0,1,Biker
33,7.0,1232.0,53.0,1281.0,207,1,0,1,Biker
33,7.0,1232.0,53.0,1281.0,208,1,0,1,Biker
33,7.0,1232.0,53.0,1281.0,209,1,0,1,Biker
33,7.0,1232.0,53.0,1281.0,210,1,0,1,Biker
33,7.0,1232.0,53.0,1281.0,211,1,0,1,Biker
33,7.0,1232.0,53.0,1281.0,212,1,0,1,Biker
33,7.0,1232.0,53.0,1281.0,213,1,0,1,Biker
33,7.0,1232.0,53.0,1281.0,214,1,0,1,Biker
33,7.0,1232.0,53.0,1281.0,215,1,0,1,Biker
33,7.0,1232.0,53.0,1281.0,216,1,0,1,Biker
33,7.0,1232.0,53.0,1281.0,217,1,0,1,Biker
33,7.0,1232.0,53.0,1281.0,218,1,0,1,Biker
33,7.0,1232.0,53.0,1281.0,219,1,0,1,Biker
33,7.0,1232.0,53.0,1281.0,220,1,0,1,Biker
33,7.0,1232.0,53.0,1281.0,221,1,0,1,Biker
33,7.0,1232.0,53.0,1281.0,222,1,0,1,Biker
33,7.0,1232.0,53.0,1281.0,223,1,0,1,Biker
33,7.0,1232.0,53.0,1281.0,224,1,0,1,Biker
33,7.0,1232.0,53.0,1281.0,225,1,0,1,Biker
33,7.0,1232.0,53.0,1281.0,226,1,0,1,Biker
33,7.0,1232.0,53.0,1281.0,227,1,0,1,Biker
33,7.0,1232.0,53.0,1281.0,228,1,0,1,Biker
33,7.0,1232.0,53.0,1281.0,229,1,0,1,Biker
33,7.0,1232.0,53.0,1281.0,230,1,0,1,Biker
33,7.0,1232.0,53.0,1281.0,231,1,0,1,Biker
33,7.0,1232.0,53.0,1281.0,232,1,0,1,Biker
33,7.0,1232.0,53.0,1281.0,233,1,0,1,Biker
33,7.0,1232.0,53.0,1281.0,234,1,0,1,Biker
33,7.0,1232.0,53.0,1281.0,235,1,0,1,Biker
33,7.0,1232.0,53.0,1281.0,236,1,0,1,Biker
33,7.0,1232.0,53.0,1281.0,237,1,0,1,Biker
33,7.0,1232.0,53.0,1281.0,238,1,0,1,Biker
33,7.0,1232.0,53.0,1281.0,239,1,0,1,Biker
33,7.0,1232.0,53.0,1281.0,240,1,0,1,Biker
33,7.0,1232.0,53.0,1281.0,241,1,0,1,Biker
33,7.0,1232.0,53.0,1281.0,242,1,0,1,Biker
33,7.0,1232.0,53.0,1281.0,243,1,0,1,Biker
33,7.0,1232.0,53.0,1281.0,244,1,0,1,Biker
33,7.0,1232.0,53.0,1281.0,245,1,0,1,Biker
33,7.0,1232.0,53.0,1281.0,246,1,0,1,Biker
33,7.0,1232.0,53.0,1281.0,247,1,0,1,Biker
33,7.0,1232.0,53.0,1281.0,248,1,0,1,Biker
33,7.0,1232.0,53.0,1281.0,249,1,0,1,Biker
33,7.0,1232.0,53.0,1281.0,250,1,0,1,Biker
33,7.0,1232.0,53.0,1281.0,251,1,0,1,Biker
33,7.0,1232.0,53.0,1281.0,252,1,0,1,Biker
33,7.0,1232.0,53.0,1281.0,253,1,0,1,Biker
33,7.0,1232.0,53.0,1281.0,254,1,0,1,Biker
33,7.0,1232.0,53.0,1281.0,255,1,0,1,Biker
33,7.0,1232.0,53.0,1281.0,256,1,0,1,Biker
33,7.0,1232.0,53.0,1281.0,257,1,0,1,Biker
33,7.0,1232.0,53.0,1281.0,258,1,0,1,Biker
33,7.0,1232.0,53.0,1281.0,259,1,0,1,Biker
33,7.0,1232.0,53.0,1281.0,260,1,0,1,Biker
33,7.0,1232.0,53.0,1281.0,261,1,0,1,Biker
33,7.0,1232.0,53.0,1281.0,262,1,0,1,Biker
33,7.0,1232.0,53.0,1281.0,263,1,0,1,Biker
33,7.0,1232.0,53.0,1281.0,264,1,0,1,Biker
33,7.0,1232.0,53.0,1281.0,265,1,0,1,Biker
33,7.0,1232.0,53.0,1281.0,266,1,0,1,Biker
33,7.0,1232.0,53.0,1281.0,267,1,0,1,Biker
33,7.0,1232.0,53.0,1281.0,268,1,0,1,Biker
33,7.0,1232.0,53.0,1281.0,269,1,0,1,Biker
33,7.0,1232.0,53.0,1281.0,270,1,0,1,Biker
33,7.0,1232.0,53.0,1281.0,271,1,0,1,Biker
33,7.0,1232.0,53.0,1281.0,272,1,0,1,Biker
33,7.0,1232.0,53.0,1281.0,273,1,0,1,Biker
33,7.0,1232.0,53.0,1281.0,274,1,0,1,Biker
33,7.0,1232.0,53.0,1281.0,275,1,0,1,Biker
33,7.0,1232.0,53.0,1281.0,276,1,0,1,Biker
33,7.0,1232.0,53.0,1281.0,277,1,0,1,Biker
33,7.0,1232.0,53.0,1281.0,278,1,0,1,Biker
33,7.0,1232.0,53.0,1281.0,279,1,0,1,Biker
33,7.0,1232.0,53.0,1281.0,280,1,0,1,Biker
33,7.0,1232.0,53.0,1281.0,281,1,0,1,Biker
33,7.0,1232.0,53.0,1281.0,282,1,0,1,Biker
33,7.0,1232.0,53.0,1281.0,283,1,0,1,Biker
33,7.0,1232.0,53.0,1281.0,284,1,0,1,Biker
33,7.0,1232.0,53.0,1281.0,285,1,0,1,Biker
33,7.0,1232.0,53.0,1281.0,286,1,0,1,Biker
33,7.0,1232.0,53.0,1281.0,287,1,0,1,Biker
33,7.0,1232.0,53.0,1281.0,288,1,0,1,Biker
33,7.0,1232.0,53.0,1281.0,289,1,0,1,Biker
33,7.0,1232.0,53.0,1281.0,290,1,0,1,Biker
33,7.0,1232.0,53.0,1281.0,291,1,0,1,Biker
33,7.0,1232.0,53.0,1281.0,292,1,0,1,Biker
33,7.0,1232.0,53.0,1281.0,293,1,0,1,Biker
33,7.0,1232.0,53.0,1281.0,294,1,0,1,Biker
33,7.0,1232.0,53.0,1281.0,295,1,0,1,Biker
33,7.0,1232.0,53.0,1281.0,296,1,0,1,Biker
33,7.0,1232.0,53.0,1281.0,297,1,0,1,Biker
33,7.0,1232.0,53.0,1281.0,298,1,0,1,Biker
33,7.0,1232.0,53.0,1281.0,299,1,0,1,Biker
33,7.0,1232.0,53.0,1281.0,300,1,0,1,Biker
33,7.0,1232.0,53.0,1281.0,301,1,0,1,Biker
33,7.0,1232.0,53.0,1281.0,302,1,0,1,Biker
33,7.0,1232.0,53.0,1281.0,303,1,0,1,Biker
33,7.0,1232.0,53.0,1281.0,304,1,0,1,Biker
33,7.0,1232.0,53.0,1281.0,305,1,0,1,Biker
33,7.0,1232.0,53.0,1281.0,306,1,0,1,Biker
33,7.0,1232.0,53.0,1281.0,307,1,0,1,Biker
33,7.0,1232.0,53.0,1281.0,308,1,0,1,Biker
33,7.0,1232.0,53.0,1281.0,309,1,0,1,Biker
33,7.0,1232.0,53.0,1281.0,310,1,0,1,Biker
33,7.0,1232.0,53.0,1281.0,311,1,0,1,Biker
33,7.0,1232.0,53.0,1281.0,312,1,0,1,Biker
33,7.0,1232.0,53.0,1281.0,313,1,0,1,Biker
33,7.0,1232.0,53.0,1281.0,314,1,0,1,Biker
33,7.0,1232.0,53.0,1281.0,315,1,0,1,Biker
33,7.0,1232.0,53.0,1281.0,316,1,0,1,Biker
33,7.0,1232.0,53.0,1281.0,317,1,0,1,Biker
33,7.0,1232.0,53.0,1281.0,318,1,0,1,Biker
33,7.0,1232.0,53.0,1281.0,319,1,0,1,Biker
33,7.0,1232.0,53.0,1281.0,320,1,0,1,Biker
33,7.0,1232.0,53.0,1281.0,321,1,0,1,Biker
33,7.0,1232.0,53.0,1281.0,322,1,0,1,Biker
33,7.0,1232.0,53.0,1281.0,323,1,0,1,Biker
33,7.0,1232.0,53.0,1281.0,324,1,0,1,Biker
33,7.0,1232.0,53.0,1281.0,325,1,0,1,Biker
33,7.0,1232.0,53.0,1281.0,326,1,0,1,Biker
33,7.0,1232.0,53.0,1281.0,327,1,0,1,Biker
33,7.0,1232.0,53.0,1281.0,328,1,0,1,Biker
33,7.0,1232.0,53.0,1281.0,329,1,0,1,Biker
33,7.0,1232.0,53.0,1281.0,330,1,0,1,Biker
33,7.0,1232.0,53.0,1281.0,331,1,0,1,Biker
33,7.0,1232.0,53.0,1281.0,332,1,0,1,Biker
33,7.0,1232.0,53.0,1281.0,333,1,0,1,Biker
33,7.0,1232.0,53.0,1281.0,334,1,0,1,Biker
33,7.0,1232.0,53.0,1281.0,335,1,0,1,Biker
33,7.0,1232.0,53.0,1281.0,336,1,0,1,Biker
33,7.0,1232.0,53.0,1281.0,337,1,0,1,Biker
33,7.0,1232.0,53.0,1281.0,338,1,0,1,Biker
33,7.0,1232.0,53.0,1281.0,339,1,0,1,Biker
33,7.0,1232.0,53.0,1281.0,340,1,0,1,Biker
33,7.0,1232.0,53.0,1281.0,341,1,0,1,Biker
33,7.0,1232.0,53.0,1281.0,342,1,0,1,Biker
33,7.0,1232.0,53.0,1281.0,343,1,0,1,Biker
33,7.0,1232.0,53.0,1281.0,344,1,0,1,Biker
33,7.0,1232.0,53.0,1281.0,345,1,0,1,Biker
33,7.0,1232.0,53.0,1281.0,346,1,0,1,Biker
33,7.0,1232.0,53.0,1281.0,347,1,0,1,Biker
33,7.0,1232.0,53.0,1281.0,348,1,0,1,Biker
33,7.0,1232.0,53.0,1281.0,349,1,0,1,Biker
33,7.0,1232.0,53.0,1281.0,350,1,0,1,Biker
33,7.0,1232.0,53.0,1281.0,351,1,0,1,Biker
33,7.0,1232.0,53.0,1281.0,352,1,0,1,Biker
33,7.0,1232.0,53.0,1281.0,353,1,0,1,Biker
33,7.0,1232.0,53.0,1281.0,354,1,0,1,Biker
33,7.0,1232.0,53.0,1281.0,355,1,0,1,Biker
33,7.0,1232.0,53.0,1281.0,356,1,0,1,Biker
33,7.0,1232.0,53.0,1281.0,357,1,0,1,Biker
33,7.0,1232.0,53.0,1281.0,358,1,0,1,Biker
33,7.0,1232.0,53.0,1281.0,359,1,0,1,Biker
33,7.0,1232.0,53.0,1281.0,360,1,0,1,Biker
33,7.0,1232.0,53.0,1281.0,361,1,0,1,Biker
33,7.0,1232.0,53.0,1281.0,362,1,0,1,Biker
33,7.0,1232.0,53.0,1281.0,363,1,0,1,Biker
33,7.0,1232.0,53.0,1281.0,364,1,0,1,Biker
33,7.0,1232.0,53.0,1281.0,365,1,0,1,Biker
33,7.0,1232.0,53.0,1281.0,366,1,0,1,Biker
33,7.0,1232.0,53.0,1281.0,367,1,0,1,Biker
33,7.0,1232.0,53.0,1281.0,368,1,0,1,Biker
33,7.0,1232.0,53.0,1281.0,369,1,0,1,Biker
33,7.0,1232.0,53.0,1281.0,370,1,0,1,Biker
33,7.0,1232.0,53.0,1281.0,371,1,0,1,Biker
33,7.0,1232.0,53.0,1281.0,372,1,0,1,Biker
33,7.0,1232.0,53.0,1281.0,373,1,0,1,Biker
33,7.0,1232.0,53.0,1281.0,374,1,0,1,Biker
33,7.0,1232.0,53.0,1281.0,375,1,0,1,Biker
33,7.0,1232.0,53.0,1281.0,376,1,0,1,Biker
33,7.0,1232.0,53.0,1281.0,377,1,0,1,Biker
33,7.0,1232.0,53.0,1281.0,378,1,0,1,Biker
33,7.0,1232.0,53.0,1281.0,379,1,0,1,Biker
33,7.0,1232.0,53.0,1281.0,380,1,0,1,Biker
33,7.0,1232.0,53.0,1281.0,381,1,0,1,Biker
33,7.0,1232.0,53.0,1281.0,382,1,0,1,Biker
33,7.0,1232.0,53.0,1281.0,383,1,0,1,Biker
33,7.0,1232.0,53.0,1281.0,384,1,0,1,Biker
33,7.0,1232.0,53.0,1281.0,385,1,0,1,Biker
33,7.0,1232.0,53.0,1281.0,386,1,0,1,Biker
33,7.0,1232.0,53.0,1281.0,387,1,0,1,Biker
33,7.0,1232.0,53.0,1281.0,388,1,0,1,Biker
33,7.0,1232.0,53.0,1281.0,389,1,0,1,Biker
33,7.0,1232.0,53.0,1281.0,390,0,0,0,Biker
33,7.0,1228.0,53.0,1281.0,391,0,0,1,Biker
33,7.0,1228.0,53.0,1281.0,392,0,0,1,Biker
33,9.0,1228.0,55.0,1281.0,393,0,0,1,Biker
33,9.0,1228.0,55.0,1281.0,394,0,0,1,Biker
33,9.0,1228.0,55.0,1281.0,395,0,0,1,Biker
33,11.0,1228.0,57.0,1281.0,396,0,0,1,Biker
33,11.0,1228.0,57.0,1281.0,397,0,0,1,Biker
33,13.0,1228.0,57.0,1281.0,398,0,0,1,Biker
33,13.0,1228.0,59.0,1281.0,399,0,0,1,Biker
33,13.0,1228.0,59.0,1281.0,400,0,0,1,Biker
33,15.0,1228.0,59.0,1281.0,401,0,0,1,Biker
33,15.0,1228.0,61.0,1281.0,402,0,0,1,Biker
33,15.0,1228.0,61.0,1281.0,403,0,0,1,Biker
33,17.0,1228.0,61.0,1281.0,404,0,0,1,Biker
33,17.0,1228.0,63.0,1281.0,405,0,0,1,Biker
33,19.0,1228.0,63.0,1281.0,406,0,0,1,Biker
33,19.0,1228.0,63.0,1281.0,407,0,0,1,Biker
33,19.0,1228.0,65.0,1281.0,408,0,0,1,Biker
33,21.0,1228.0,65.0,1281.0,409,0,0,1,Biker
33,21.0,1228.0,67.0,1281.0,410,0,0,1,Biker
33,21.0,1224.0,67.0,1281.0,411,0,0,1,Biker
33,23.0,1224.0,67.0,1281.0,412,0,0,1,Biker
33,23.0,1224.0,69.0,1281.0,413,0,0,1,Biker
33,25.0,1224.0,69.0,1281.0,414,0,0,1,Biker
33,25.0,1224.0,69.0,1281.0,415,0,0,1,Biker
33,25.0,1224.0,71.0,1281.0,416,0,0,1,Biker
33,27.0,1224.0,71.0,1281.0,417,0,0,1,Biker
33,27.0,1224.0,71.0,1281.0,418,0,0,1,Biker
33,27.0,1224.0,73.0,1281.0,419,0,0,1,Biker
33,29.0,1224.0,73.0,1281.0,420,0,0,1,Biker
33,29.0,1224.0,73.0,1281.0,421,0,0,1,Biker
33,31.0,1224.0,75.0,1281.0,422,0,0,1,Biker
33,31.0,1224.0,75.0,1281.0,423,0,0,1,Biker
33,31.0,1224.0,75.0,1281.0,424,0,0,1,Biker
33,33.0,1224.0,77.0,1281.0,425,0,0,1,Biker
33,33.0,1224.0,77.0,1281.0,426,0,0,1,Biker
33,33.0,1224.0,77.0,1281.0,427,0,0,1,Biker
33,35.0,1224.0,79.0,1281.0,428,0,0,1,Biker
33,35.0,1224.0,79.0,1281.0,429,0,0,1,Biker
33,37.0,1224.0,81.0,1281.0,430,0,0,0,Biker
34,460.0,832.0,516.0,889.0,0,0,0,0,Biker
34,460.0,828.0,516.0,885.0,1,0,0,1,Biker
34,460.0,828.0,516.0,885.0,2,0,0,1,Biker
34,460.0,828.0,516.0,885.0,3,0,0,1,Biker
34,460.0,828.0,516.0,885.0,4,0,0,1,Biker
34,460.0,828.0,516.0,885.0,5,0,0,1,Biker
34,460.0,828.0,516.0,885.0,6,0,0,1,Biker
34,460.0,828.0,516.0,885.0,7,0,0,1,Biker
34,460.0,828.0,516.0,885.0,8,0,0,1,Biker
34,460.0,828.0,516.0,885.0,9,0,0,1,Biker
34,460.0,828.0,516.0,885.0,10,0,0,1,Biker
34,460.0,828.0,516.0,885.0,11,0,0,1,Biker
34,460.0,828.0,516.0,885.0,12,0,0,1,Biker
34,460.0,828.0,516.0,885.0,13,0,0,1,Biker
34,462.0,828.0,518.0,885.0,14,0,0,1,Biker
34,462.0,828.0,518.0,885.0,15,0,0,1,Biker
34,462.0,828.0,518.0,885.0,16,0,0,1,Biker
34,462.0,828.0,518.0,885.0,17,0,0,1,Biker
34,462.0,828.0,518.0,885.0,18,0,0,1,Biker
34,462.0,828.0,518.0,885.0,19,0,0,1,Biker
34,462.0,828.0,518.0,885.0,20,0,0,1,Biker
34,462.0,828.0,518.0,885.0,21,0,0,1,Biker
34,462.0,828.0,518.0,885.0,22,0,0,1,Biker
34,462.0,828.0,518.0,885.0,23,0,0,1,Biker
34,462.0,828.0,518.0,885.0,24,0,0,1,Biker
34,462.0,828.0,518.0,885.0,25,0,0,1,Biker
34,462.0,828.0,518.0,885.0,26,0,0,1,Biker
34,464.0,828.0,520.0,885.0,27,0,0,1,Biker
34,464.0,828.0,520.0,885.0,28,0,0,1,Biker
34,464.0,828.0,520.0,885.0,29,0,0,1,Biker
34,464.0,828.0,520.0,885.0,30,0,0,1,Biker
34,464.0,828.0,520.0,885.0,31,0,0,1,Biker
34,464.0,828.0,520.0,885.0,32,0,0,1,Biker
34,464.0,824.0,520.0,881.0,33,0,0,1,Biker
34,464.0,824.0,520.0,881.0,34,0,0,1,Biker
34,464.0,824.0,520.0,881.0,35,0,0,1,Biker
34,464.0,824.0,520.0,881.0,36,0,0,1,Biker
34,464.0,824.0,520.0,881.0,37,0,0,1,Biker
34,464.0,824.0,520.0,881.0,38,0,0,1,Biker
34,464.0,824.0,520.0,881.0,39,0,0,1,Biker
34,466.0,824.0,522.0,881.0,40,0,0,1,Biker
34,466.0,824.0,522.0,881.0,41,0,0,1,Biker
34,466.0,824.0,522.0,881.0,42,0,0,1,Biker
34,466.0,824.0,522.0,881.0,43,0,0,1,Biker
34,466.0,824.0,522.0,881.0,44,0,0,1,Biker
34,466.0,824.0,522.0,881.0,45,0,0,1,Biker
34,466.0,824.0,522.0,881.0,46,0,0,1,Biker
34,466.0,824.0,522.0,881.0,47,0,0,1,Biker
34,466.0,824.0,522.0,881.0,48,0,0,1,Biker
34,466.0,824.0,522.0,881.0,49,0,0,1,Biker
34,466.0,824.0,522.0,881.0,50,0,0,1,Biker
34,466.0,824.0,522.0,881.0,51,0,0,1,Biker
34,466.0,824.0,522.0,881.0,52,0,0,1,Biker
34,466.0,824.0,522.0,881.0,53,0,0,1,Biker
34,468.0,824.0,524.0,881.0,54,0,0,1,Biker
34,468.0,824.0,524.0,881.0,55,0,0,1,Biker
34,468.0,824.0,524.0,881.0,56,0,0,1,Biker
34,468.0,824.0,524.0,881.0,57,0,0,1,Biker
34,468.0,824.0,524.0,881.0,58,0,0,1,Biker
34,468.0,824.0,524.0,881.0,59,0,0,1,Biker
34,468.0,824.0,524.0,881.0,60,0,0,1,Biker
34,468.0,824.0,524.0,881.0,61,0,0,1,Biker
34,468.0,824.0,524.0,881.0,62,0,0,1,Biker
34,468.0,824.0,524.0,881.0,63,0,0,1,Biker
34,468.0,824.0,524.0,881.0,64,0,0,1,Biker
34,468.0,820.0,524.0,877.0,65,0,0,1,Biker
34,468.0,820.0,524.0,877.0,66,0,0,1,Biker
34,470.0,820.0,526.0,877.0,67,0,0,1,Biker
34,470.0,820.0,526.0,877.0,68,0,0,1,Biker
34,470.0,820.0,526.0,877.0,69,0,0,1,Biker
34,470.0,820.0,526.0,877.0,70,0,0,1,Biker
34,470.0,820.0,526.0,877.0,71,0,0,1,Biker
34,470.0,820.0,526.0,877.0,72,0,0,1,Biker
34,470.0,820.0,526.0,877.0,73,0,0,1,Biker
34,470.0,820.0,526.0,877.0,74,0,0,1,Biker
34,470.0,820.0,526.0,877.0,75,0,0,1,Biker
34,470.0,820.0,526.0,877.0,76,0,0,1,Biker
34,470.0,820.0,526.0,877.0,77,0,0,1,Biker
34,470.0,820.0,526.0,877.0,78,0,0,1,Biker
34,470.0,820.0,526.0,877.0,79,0,0,1,Biker
34,472.0,820.0,528.0,877.0,80,0,0,1,Biker
34,472.0,820.0,528.0,877.0,81,0,0,1,Biker
34,472.0,820.0,528.0,877.0,82,0,0,1,Biker
34,472.0,820.0,528.0,877.0,83,0,0,1,Biker
34,472.0,820.0,528.0,877.0,84,0,0,1,Biker
34,472.0,820.0,528.0,877.0,85,0,0,1,Biker
34,472.0,820.0,528.0,877.0,86,0,0,1,Biker
34,472.0,820.0,528.0,877.0,87,0,0,1,Biker
34,472.0,820.0,528.0,877.0,88,0,0,1,Biker
34,472.0,820.0,528.0,877.0,89,0,0,1,Biker
34,472.0,820.0,528.0,877.0,90,0,0,1,Biker
34,472.0,820.0,528.0,877.0,91,0,0,1,Biker
34,472.0,820.0,528.0,877.0,92,0,0,1,Biker
34,472.0,820.0,528.0,877.0,93,0,0,1,Biker
34,474.0,820.0,530.0,877.0,94,0,0,1,Biker
34,474.0,820.0,530.0,877.0,95,0,0,1,Biker
34,474.0,820.0,530.0,877.0,96,0,0,1,Biker
34,474.0,816.0,530.0,873.0,97,0,0,1,Biker
34,474.0,816.0,530.0,873.0,98,0,0,1,Biker
34,474.0,816.0,530.0,873.0,99,0,0,1,Biker
34,474.0,816.0,530.0,873.0,100,0,0,1,Biker
34,474.0,816.0,530.0,873.0,101,0,0,1,Biker
34,474.0,816.0,530.0,873.0,102,0,0,1,Biker
34,474.0,816.0,530.0,873.0,103,0,0,1,Biker
34,474.0,816.0,530.0,873.0,104,0,0,1,Biker
34,474.0,816.0,530.0,873.0,105,0,0,1,Biker
34,474.0,816.0,530.0,873.0,106,0,0,1,Biker
34,476.0,816.0,532.0,873.0,107,0,0,1,Biker
34,476.0,816.0,532.0,873.0,108,0,0,1,Biker
34,476.0,816.0,532.0,873.0,109,0,0,1,Biker
34,476.0,816.0,532.0,873.0,110,0,0,1,Biker
34,476.0,816.0,532.0,873.0,111,0,0,1,Biker
34,476.0,816.0,532.0,873.0,112,0,0,1,Biker
34,476.0,816.0,532.0,873.0,113,0,0,1,Biker
34,476.0,816.0,532.0,873.0,114,0,0,1,Biker
34,476.0,816.0,532.0,873.0,115,0,0,1,Biker
34,476.0,816.0,532.0,873.0,116,0,0,1,Biker
34,476.0,816.0,532.0,873.0,117,0,0,1,Biker
34,476.0,816.0,532.0,873.0,118,0,0,1,Biker
34,476.0,816.0,532.0,873.0,119,0,0,1,Biker
34,478.0,816.0,534.0,873.0,120,0,0,1,Biker
34,478.0,816.0,534.0,873.0,121,0,0,1,Biker
34,478.0,816.0,534.0,873.0,122,0,0,1,Biker
34,478.0,816.0,534.0,873.0,123,0,0,1,Biker
34,478.0,816.0,534.0,873.0,124,0,0,1,Biker
34,478.0,816.0,534.0,873.0,125,0,0,1,Biker
34,478.0,816.0,534.0,873.0,126,0,0,1,Biker
34,478.0,816.0,534.0,873.0,127,0,0,1,Biker
34,478.0,816.0,534.0,873.0,128,0,0,1,Biker
34,478.0,812.0,534.0,869.0,129,0,0,1,Biker
34,478.0,812.0,534.0,869.0,130,0,0,1,Biker
34,478.0,812.0,534.0,869.0,131,0,0,1,Biker
34,478.0,812.0,534.0,869.0,132,0,0,1,Biker
34,478.0,812.0,534.0,869.0,133,0,0,1,Biker
34,480.0,812.0,536.0,869.0,134,0,0,1,Biker
34,480.0,812.0,536.0,869.0,135,0,0,1,Biker
34,480.0,812.0,536.0,869.0,136,0,0,1,Biker
34,480.0,812.0,536.0,869.0,137,0,0,1,Biker
34,480.0,812.0,536.0,869.0,138,0,0,1,Biker
34,480.0,812.0,536.0,869.0,139,0,0,1,Biker
34,480.0,812.0,536.0,869.0,140,0,0,1,Biker
34,480.0,812.0,536.0,869.0,141,0,0,1,Biker
34,480.0,812.0,536.0,869.0,142,0,0,1,Biker
34,480.0,812.0,536.0,869.0,143,0,0,1,Biker
34,480.0,812.0,536.0,869.0,144,0,0,1,Biker
34,480.0,812.0,536.0,869.0,145,0,0,1,Biker
34,480.0,812.0,536.0,869.0,146,0,0,1,Biker
34,482.0,812.0,538.0,869.0,147,0,0,1,Biker
34,482.0,812.0,538.0,869.0,148,0,0,1,Biker
34,482.0,812.0,538.0,869.0,149,0,0,1,Biker
34,482.0,812.0,538.0,869.0,150,0,0,1,Biker
34,482.0,812.0,538.0,869.0,151,0,0,1,Biker
34,482.0,812.0,538.0,869.0,152,0,0,1,Biker
34,482.0,812.0,538.0,869.0,153,0,0,1,Biker
34,482.0,812.0,538.0,869.0,154,0,0,1,Biker
34,482.0,812.0,538.0,869.0,155,0,0,1,Biker
34,482.0,812.0,538.0,869.0,156,0,0,1,Biker
34,482.0,812.0,538.0,869.0,157,0,0,1,Biker
34,482.0,812.0,538.0,869.0,158,0,0,1,Biker
34,482.0,812.0,538.0,869.0,159,0,0,1,Biker
34,484.0,812.0,540.0,869.0,160,0,0,1,Biker
34,484.0,808.0,540.0,865.0,161,0,0,1,Biker
34,484.0,808.0,540.0,865.0,162,0,0,1,Biker
34,484.0,808.0,540.0,865.0,163,0,0,1,Biker
34,484.0,808.0,540.0,865.0,164,0,0,1,Biker
34,484.0,808.0,540.0,865.0,165,0,0,1,Biker
34,484.0,808.0,540.0,865.0,166,0,0,1,Biker
34,484.0,808.0,540.0,865.0,167,0,0,1,Biker
34,484.0,808.0,540.0,865.0,168,0,0,1,Biker
34,484.0,808.0,540.0,865.0,169,0,0,1,Biker
34,484.0,808.0,540.0,865.0,170,0,0,1,Biker
34,484.0,808.0,540.0,865.0,171,0,0,1,Biker
34,484.0,808.0,540.0,865.0,172,0,0,1,Biker
34,484.0,808.0,540.0,865.0,173,0,0,1,Biker
34,486.0,808.0,542.0,865.0,174,0,0,1,Biker
34,486.0,808.0,542.0,865.0,175,0,0,1,Biker
34,486.0,808.0,542.0,865.0,176,0,0,1,Biker
34,486.0,808.0,542.0,865.0,177,0,0,1,Biker
34,486.0,808.0,542.0,865.0,178,0,0,1,Biker
34,486.0,808.0,542.0,865.0,179,0,0,1,Biker
34,486.0,808.0,542.0,865.0,180,0,0,1,Biker
34,486.0,808.0,542.0,865.0,181,0,0,1,Biker
34,486.0,808.0,542.0,865.0,182,0,0,1,Biker
34,486.0,808.0,542.0,865.0,183,0,0,1,Biker
34,486.0,808.0,542.0,865.0,184,0,0,1,Biker
34,486.0,808.0,542.0,865.0,185,0,0,1,Biker
34,486.0,808.0,542.0,865.0,186,0,0,1,Biker
34,488.0,808.0,544.0,865.0,187,0,0,1,Biker
34,488.0,808.0,544.0,865.0,188,0,0,1,Biker
34,488.0,808.0,544.0,865.0,189,0,0,1,Biker
34,488.0,808.0,544.0,865.0,190,0,0,1,Biker
34,488.0,808.0,544.0,865.0,191,0,0,1,Biker
34,488.0,808.0,544.0,865.0,192,0,0,1,Biker
34,488.0,804.0,544.0,861.0,193,0,0,1,Biker
34,488.0,804.0,544.0,861.0,194,0,0,1,Biker
34,488.0,804.0,544.0,861.0,195,0,0,1,Biker
34,488.0,804.0,544.0,861.0,196,0,0,1,Biker
34,488.0,804.0,544.0,861.0,197,0,0,1,Biker
34,488.0,804.0,544.0,861.0,198,0,0,1,Biker
34,488.0,804.0,544.0,861.0,199,0,0,1,Biker
34,490.0,804.0,546.0,861.0,200,0,0,1,Biker
34,490.0,804.0,546.0,861.0,201,0,0,1,Biker
34,490.0,804.0,546.0,861.0,202,0,0,1,Biker
34,490.0,804.0,546.0,861.0,203,0,0,1,Biker
34,490.0,804.0,546.0,861.0,204,0,0,1,Biker
34,490.0,804.0,546.0,861.0,205,0,0,1,Biker
34,490.0,804.0,546.0,861.0,206,0,0,1,Biker
34,490.0,804.0,546.0,861.0,207,0,0,1,Biker
34,490.0,804.0,546.0,861.0,208,0,0,1,Biker
34,490.0,804.0,546.0,861.0,209,0,0,1,Biker
34,490.0,804.0,546.0,861.0,210,0,0,1,Biker
34,490.0,804.0,546.0,861.0,211,0,0,1,Biker
34,490.0,804.0,546.0,861.0,212,0,0,1,Biker
34,490.0,804.0,546.0,861.0,213,0,0,1,Biker
34,492.0,804.0,548.0,861.0,214,0,0,1,Biker
34,492.0,804.0,548.0,861.0,215,0,0,1,Biker
34,492.0,804.0,548.0,861.0,216,0,0,1,Biker
34,492.0,804.0,548.0,861.0,217,0,0,1,Biker
34,492.0,804.0,548.0,861.0,218,0,0,1,Biker
34,492.0,804.0,548.0,861.0,219,0,0,1,Biker
34,492.0,804.0,548.0,861.0,220,0,0,1,Biker
34,492.0,804.0,548.0,861.0,221,0,0,1,Biker
34,492.0,804.0,548.0,861.0,222,0,0,1,Biker
34,492.0,804.0,548.0,861.0,223,0,0,1,Biker
34,492.0,804.0,548.0,861.0,224,0,0,1,Biker
34,492.0,799.0,548.0,857.0,225,0,0,1,Biker
34,492.0,799.0,548.0,857.0,226,0,0,1,Biker
34,494.0,799.0,550.0,857.0,227,0,0,1,Biker
34,494.0,799.0,550.0,857.0,228,0,0,1,Biker
34,494.0,799.0,550.0,857.0,229,0,0,1,Biker
34,494.0,799.0,550.0,857.0,230,0,0,1,Biker
34,494.0,799.0,550.0,857.0,231,0,0,1,Biker
34,494.0,799.0,550.0,857.0,232,0,0,1,Biker
34,494.0,799.0,550.0,857.0,233,0,0,1,Biker
34,494.0,799.0,550.0,857.0,234,0,0,1,Biker
34,494.0,799.0,550.0,857.0,235,0,0,1,Biker
34,494.0,799.0,550.0,857.0,236,0,0,1,Biker
34,494.0,799.0,550.0,857.0,237,0,0,1,Biker
34,494.0,799.0,550.0,857.0,238,0,0,1,Biker
34,494.0,799.0,550.0,857.0,239,0,0,1,Biker
34,496.0,799.0,552.0,857.0,240,0,0,1,Biker
34,496.0,799.0,552.0,857.0,241,0,0,1,Biker
34,496.0,799.0,552.0,857.0,242,0,0,1,Biker
34,496.0,799.0,552.0,857.0,243,0,0,1,Biker
34,496.0,799.0,552.0,857.0,244,0,0,1,Biker
34,496.0,799.0,552.0,857.0,245,0,0,1,Biker
34,496.0,799.0,552.0,857.0,246,0,0,1,Biker
34,496.0,799.0,552.0,857.0,247,0,0,1,Biker
34,496.0,799.0,552.0,857.0,248,0,0,1,Biker
34,496.0,799.0,552.0,857.0,249,0,0,1,Biker
34,496.0,799.0,552.0,857.0,250,0,0,1,Biker
34,496.0,799.0,552.0,857.0,251,0,0,1,Biker
34,496.0,799.0,552.0,857.0,252,0,0,1,Biker
34,496.0,799.0,552.0,857.0,253,0,0,1,Biker
34,498.0,799.0,554.0,857.0,254,0,0,1,Biker
34,498.0,799.0,554.0,857.0,255,0,0,1,Biker
34,498.0,799.0,554.0,857.0,256,0,0,1,Biker
34,498.0,795.0,554.0,852.0,257,0,0,1,Biker
34,498.0,795.0,554.0,852.0,258,0,0,1,Biker
34,498.0,795.0,554.0,852.0,259,0,0,1,Biker
34,498.0,795.0,554.0,852.0,260,0,0,1,Biker
34,498.0,795.0,554.0,852.0,261,0,0,1,Biker
34,498.0,795.0,554.0,852.0,262,0,0,1,Biker
34,498.0,795.0,554.0,852.0,263,0,0,1,Biker
34,498.0,795.0,554.0,852.0,264,0,0,1,Biker
34,498.0,795.0,554.0,852.0,265,0,0,1,Biker
34,498.0,795.0,554.0,852.0,266,0,0,1,Biker
34,500.0,795.0,556.0,852.0,267,0,0,1,Biker
34,500.0,795.0,556.0,852.0,268,0,0,1,Biker
34,500.0,795.0,556.0,852.0,269,0,0,1,Biker
34,500.0,795.0,556.0,852.0,270,0,0,1,Biker
34,500.0,795.0,556.0,852.0,271,0,0,1,Biker
34,500.0,795.0,556.0,852.0,272,0,0,1,Biker
34,500.0,795.0,556.0,852.0,273,0,0,1,Biker
34,500.0,795.0,556.0,852.0,274,0,0,1,Biker
34,500.0,795.0,556.0,852.0,275,0,0,1,Biker
34,500.0,795.0,556.0,852.0,276,0,0,1,Biker
34,500.0,795.0,556.0,852.0,277,0,0,1,Biker
34,500.0,795.0,556.0,852.0,278,0,0,1,Biker
34,500.0,795.0,556.0,852.0,279,0,0,1,Biker
34,502.0,795.0,558.0,852.0,280,0,0,1,Biker
34,502.0,795.0,558.0,852.0,281,0,0,1,Biker
34,502.0,795.0,558.0,852.0,282,0,0,1,Biker
34,502.0,795.0,558.0,852.0,283,0,0,1,Biker
34,502.0,795.0,558.0,852.0,284,0,0,1,Biker
34,502.0,795.0,558.0,852.0,285,0,0,1,Biker
34,502.0,795.0,558.0,852.0,286,0,0,1,Biker
34,502.0,795.0,558.0,852.0,287,0,0,1,Biker
34,502.0,795.0,558.0,852.0,288,0,0,1,Biker
34,502.0,791.0,558.0,848.0,289,0,0,1,Biker
34,502.0,791.0,558.0,848.0,290,0,0,1,Biker
34,502.0,791.0,558.0,848.0,291,0,0,1,Biker
34,502.0,791.0,558.0,848.0,292,0,0,1,Biker
34,502.0,791.0,558.0,848.0,293,0,0,1,Biker
34,504.0,791.0,560.0,848.0,294,0,0,1,Biker
34,504.0,791.0,560.0,848.0,295,0,0,1,Biker
34,504.0,791.0,560.0,848.0,296,0,0,1,Biker
34,504.0,791.0,560.0,848.0,297,0,0,1,Biker
34,504.0,791.0,560.0,848.0,298,0,0,1,Biker
34,504.0,791.0,560.0,848.0,299,0,0,1,Biker
34,504.0,791.0,560.0,848.0,300,0,0,1,Biker
34,504.0,791.0,560.0,848.0,301,0,0,1,Biker
34,504.0,791.0,560.0,848.0,302,0,0,1,Biker
34,504.0,791.0,560.0,848.0,303,0,0,1,Biker
34,504.0,791.0,560.0,848.0,304,0,0,1,Biker
34,504.0,791.0,560.0,848.0,305,0,0,1,Biker
34,504.0,791.0,560.0,848.0,306,0,0,1,Biker
34,506.0,791.0,562.0,848.0,307,0,0,1,Biker
34,506.0,791.0,562.0,848.0,308,0,0,1,Biker
34,506.0,791.0,562.0,848.0,309,0,0,1,Biker
34,506.0,791.0,562.0,848.0,310,0,0,1,Biker
34,506.0,791.0,562.0,848.0,311,0,0,1,Biker
34,506.0,791.0,562.0,848.0,312,0,0,1,Biker
34,506.0,791.0,562.0,848.0,313,0,0,1,Biker
34,506.0,791.0,562.0,848.0,314,0,0,1,Biker
34,506.0,791.0,562.0,848.0,315,0,0,1,Biker
34,506.0,791.0,562.0,848.0,316,0,0,1,Biker
34,506.0,791.0,562.0,848.0,317,0,0,1,Biker
34,506.0,791.0,562.0,848.0,318,0,0,1,Biker
34,506.0,791.0,562.0,848.0,319,0,0,1,Biker
34,508.0,791.0,564.0,848.0,320,0,0,0,Biker
34,510.0,787.0,566.0,844.0,321,0,0,1,Biker
34,512.0,787.0,568.0,844.0,322,0,0,1,Biker
34,514.0,783.0,570.0,840.0,323,0,0,1,Biker
34,516.0,783.0,572.0,840.0,324,0,0,1,Biker
34,518.0,783.0,574.0,840.0,325,0,0,1,Biker
34,520.0,779.0,576.0,836.0,326,0,0,1,Biker
34,522.0,779.0,578.0,836.0,327,0,0,1,Biker
34,524.0,779.0,580.0,836.0,328,0,0,1,Biker
34,526.0,775.0,582.0,832.0,329,0,0,1,Biker
34,528.0,775.0,584.0,832.0,330,0,0,1,Biker
34,530.0,775.0,586.0,832.0,331,0,0,1,Biker
34,532.0,771.0,588.0,828.0,332,0,0,1,Biker
34,534.0,771.0,590.0,828.0,333,0,0,1,Biker
34,536.0,767.0,592.0,824.0,334,0,0,1,Biker
34,538.0,767.0,594.0,824.0,335,0,0,1,Biker
34,540.0,767.0,596.0,824.0,336,0,0,1,Biker
34,542.0,763.0,598.0,820.0,337,0,0,1,Biker
34,544.0,763.0,600.0,820.0,338,0,0,1,Biker
34,546.0,763.0,602.0,820.0,339,0,0,1,Biker
34,548.0,759.0,604.0,816.0,340,0,0,1,Biker
34,550.0,759.0,606.0,816.0,341,0,0,1,Biker
34,552.0,759.0,608.0,816.0,342,0,0,1,Biker
34,554.0,755.0,610.0,812.0,343,0,0,1,Biker
34,556.0,755.0,612.0,812.0,344,0,0,1,Biker
34,558.0,750.0,614.0,808.0,345,0,0,1,Biker
34,560.0,750.0,616.0,808.0,346,0,0,1,Biker
34,562.0,750.0,618.0,808.0,347,0,0,1,Biker
34,564.0,746.0,620.0,804.0,348,0,0,1,Biker
34,566.0,746.0,622.0,804.0,349,0,0,1,Biker
34,568.0,746.0,624.0,804.0,350,0,0,1,Biker
34,570.0,742.0,626.0,799.0,351,0,0,1,Biker
34,572.0,742.0,628.0,799.0,352,0,0,1,Biker
34,574.0,742.0,630.0,799.0,353,0,0,1,Biker
34,576.0,738.0,632.0,795.0,354,0,0,1,Biker
34,578.0,738.0,634.0,795.0,355,0,0,1,Biker
34,580.0,734.0,636.0,791.0,356,0,0,1,Biker
34,582.0,734.0,638.0,791.0,357,0,0,1,Biker
34,584.0,734.0,640.0,791.0,358,0,0,1,Biker
34,586.0,730.0,642.0,787.0,359,0,0,1,Biker
34,588.0,730.0,644.0,787.0,360,0,0,1,Biker
34,590.0,730.0,646.0,787.0,361,0,0,1,Biker
34,592.0,726.0,648.0,783.0,362,0,0,1,Biker
34,594.0,726.0,650.0,783.0,363,0,0,1,Biker
34,596.0,726.0,652.0,783.0,364,0,0,1,Biker
34,598.0,722.0,654.0,779.0,365,0,0,1,Biker
34,600.0,722.0,656.0,779.0,366,0,0,1,Biker
34,602.0,718.0,658.0,775.0,367,0,0,1,Biker
34,604.0,718.0,660.0,775.0,368,0,0,1,Biker
34,606.0,718.0,662.0,775.0,369,0,0,1,Biker
34,608.0,714.0,664.0,771.0,370,0,0,1,Biker
34,610.0,714.0,666.0,771.0,371,0,0,1,Biker
34,612.0,714.0,668.0,771.0,372,0,0,1,Biker
34,614.0,710.0,670.0,767.0,373,0,0,1,Biker
34,616.0,710.0,672.0,767.0,374,0,0,1,Biker
34,618.0,710.0,674.0,767.0,375,0,0,1,Biker
34,620.0,706.0,676.0,763.0,376,0,0,1,Biker
34,622.0,706.0,678.0,763.0,377,0,0,1,Biker
34,624.0,701.0,680.0,759.0,378,0,0,1,Biker
34,626.0,701.0,682.0,759.0,379,0,0,1,Biker
34,628.0,701.0,684.0,759.0,380,0,0,1,Biker
34,630.0,697.0,686.0,755.0,381,0,0,1,Biker
34,632.0,697.0,688.0,755.0,382,0,0,1,Biker
34,634.0,697.0,690.0,755.0,383,0,0,1,Biker
34,636.0,693.0,692.0,750.0,384,0,0,1,Biker
34,638.0,693.0,694.0,750.0,385,0,0,1,Biker
34,640.0,693.0,696.0,750.0,386,0,0,1,Biker
34,642.0,689.0,698.0,746.0,387,0,0,1,Biker
34,644.0,689.0,700.0,746.0,388,0,0,1,Biker
34,646.0,685.0,702.0,742.0,389,0,0,1,Biker
34,648.0,685.0,704.0,742.0,390,0,0,1,Biker
34,650.0,685.0,706.0,742.0,391,0,0,1,Biker
34,652.0,681.0,708.0,738.0,392,0,0,1,Biker
34,654.0,681.0,710.0,738.0,393,0,0,1,Biker
34,656.0,681.0,712.0,738.0,394,0,0,1,Biker
34,658.0,677.0,714.0,734.0,395,0,0,1,Biker
34,660.0,677.0,716.0,734.0,396,0,0,1,Biker
34,662.0,677.0,718.0,734.0,397,0,0,1,Biker
34,664.0,673.0,719.0,730.0,398,0,0,1,Biker
34,666.0,673.0,721.0,730.0,399,0,0,1,Biker
34,668.0,669.0,723.0,726.0,400,0,0,1,Biker
34,670.0,669.0,725.0,726.0,401,0,0,1,Biker
34,672.0,669.0,727.0,726.0,402,0,0,1,Biker
34,674.0,665.0,729.0,722.0,403,0,0,1,Biker
34,676.0,665.0,731.0,722.0,404,0,0,1,Biker
34,678.0,665.0,733.0,722.0,405,0,0,1,Biker
34,680.0,661.0,735.0,718.0,406,0,0,1,Biker
34,682.0,661.0,737.0,718.0,407,0,0,1,Biker
34,684.0,661.0,739.0,718.0,408,0,0,1,Biker
34,686.0,657.0,741.0,714.0,409,0,0,1,Biker
34,688.0,657.0,743.0,714.0,410,0,0,1,Biker
34,690.0,653.0,745.0,710.0,411,0,0,1,Biker
34,692.0,653.0,747.0,710.0,412,0,0,1,Biker
34,694.0,653.0,749.0,710.0,413,0,0,1,Biker
34,696.0,648.0,751.0,706.0,414,0,0,1,Biker
34,698.0,648.0,753.0,706.0,415,0,0,1,Biker
34,700.0,648.0,755.0,706.0,416,0,0,1,Biker
34,702.0,644.0,757.0,701.0,417,0,0,1,Biker
34,704.0,644.0,759.0,701.0,418,0,0,1,Biker
34,706.0,644.0,761.0,701.0,419,0,0,1,Biker
34,708.0,640.0,763.0,697.0,420,0,0,1,Biker
34,710.0,640.0,765.0,697.0,421,0,0,1,Biker
34,712.0,636.0,767.0,693.0,422,0,0,1,Biker
34,714.0,636.0,769.0,693.0,423,0,0,1,Biker
34,716.0,636.0,771.0,693.0,424,0,0,1,Biker
34,718.0,632.0,773.0,689.0,425,0,0,1,Biker
34,719.0,632.0,775.0,689.0,426,0,0,1,Biker
34,721.0,632.0,777.0,689.0,427,0,0,1,Biker
34,723.0,628.0,779.0,685.0,428,0,0,1,Biker
34,725.0,628.0,781.0,685.0,429,0,0,1,Biker
34,729.0,628.0,785.0,685.0,430,0,0,0,Biker
