track_id,xmin,ymin,xmax,ymax,frame,lost,occluded,generated,label
0,674.0,493.0,718.0,577.0,0,0,0,0,Pedestrian
0,674.0,489.0,718.0,573.0,1,0,0,1,Pedestrian
0,674.0,489.0,718.0,573.0,2,0,0,1,Pedestrian
0,674.0,489.0,718.0,573.0,3,0,0,1,Pedestrian
0,674.0,485.0,718.0,569.0,4,0,0,1,Pedestrian
0,676.0,485.0,720.0,569.0,5,0,0,1,Pedestrian
0,676.0,485.0,720.0,569.0,6,0,0,1,Pedestrian
0,676.0,480.0,720.0,565.0,7,0,0,1,Pedestrian
0,676.0,480.0,720.0,565.0,8,0,0,1,Pedestrian
0,678.0,480.0,722.0,565.0,9,0,0,1,Pedestrian
0,678.0,476.0,722.0,561.0,10,0,0,1,Pedestrian
0,678.0,476.0,722.0,561.0,11,0,0,1,Pedestrian
0,678.0,476.0,722.0,561.0,12,0,0,1,Pedestrian
0,680.0,472.0,725.0,557.0,13,0,0,1,Pedestrian
0,680.0,472.0,725.0,557.0,14,0,0,1,Pedestrian
0,680.0,472.0,725.0,557.0,15,0,0,1,Pedestrian
0,680.0,468.0,725.0,553.0,16,0,0,1,Pedestrian
0,680.0,468.0,725.0,553.0,17,0,0,1,Pedestrian
0,682.0,468.0,727.0,553.0,18,0,0,1,Pedestrian
0,682.0,464.0,727.0,549.0,19,0,0,1,Pedestrian
0,682.0,464.0,727.0,549.0,20,0,0,1,Pedestrian
0,682.0,464.0,727.0,549.0,21,0,0,1,Pedestrian
0,684.0,460.0,729.0,545.0,22,0,0,1,Pedestrian
0,684.0,460.0,729.0,545.0,23,0,0,1,Pedestrian
0,684.0,460.0,729.0,545.0,24,0,0,1,Pedestrian
0,684.0,456.0,729.0,541.0,25,0,0,1,Pedestrian
0,686.0,456.0,731.0,541.0,26,0,0,1,Pedestrian
0,686.0,456.0,731.0,541.0,27,0,0,1,Pedestrian
0,686.0,452.0,731.0,537.0,28,0,0,1,Pedestrian
0,686.0,452.0,731.0,537.0,29,0,0,1,Pedestrian
0,688.0,452.0,733.0,537.0,30,0,0,1,Pedestrian
0,688.0,448.0,733.0,533.0,31,0,0,1,Pedestrian
0,688.0,448.0,733.0,533.0,32,0,0,1,Pedestrian
0,688.0,448.0,733.0,533.0,33,0,0,1,Pedestrian
0,688.0,444.0,733.0,529.0,34,0,0,1,Pedestrian
0,690.0,444.0,735.0,529.0,35,0,0,1,Pedestrian
0,690.0,444.0,735.0,529.0,36,0,0,1,Pedestrian
0,690.0,440.0,735.0,525.0,37,0,0,1,Pedestrian
0,690.0,440.0,735.0,525.0,38,0,0,1,Pedestrian
0,692.0,440.0,737.0,525.0,39,0,0,1,Pedestrian
0,692.0,436.0,737.0,521.0,40,0,0,1,Pedestrian
0,692.0,436.0,737.0,521.0,41,0,0,1,Pedestrian
0,692.0,436.0,737.0,521.0,42,0,0,1,Pedestrian
0,694.0,432.0,739.0,517.0,43,0,0,1,Pedestrian
0,694.0,432.0,739.0,517.0,44,0,0,1,Pedestrian
0,694.0,432.0,739.0,517.0,45,0,0,1,Pedestrian
0,694.0,428.0,739.0,513.0,46,0,0,1,Pedestrian
0,694.0,428.0,739.0,513.0,47,0,0,1,Pedestrian
0,696.0,428.0,741.0,513.0,48,0,0,1,Pedestrian
0,696.0,424.0,741.0,509.0,49,0,0,1,Pedestrian
0,696.0,424.0,741.0,509.0,50,0,0,1,Pedestrian
0,696.0,424.0,741.0,509.0,51,0,0,1,Pedestrian
0,698.0,420.0,743.0,505.0,52,0,0,1,Pedestrian
0,698.0,420.0,743.0,505.0,53,0,0,1,Pedestrian
0,698.0,420.0,743.0,505.0,54,0,0,1,Pedestrian
0,698.0,416.0,743.0,501.0,55,0,0,1,Pedestrian
0,700.0,416.0,745.0,501.0,56,0,0,1,Pedestrian
0,700.0,416.0,745.0,501.0,57,0,0,1,Pedestrian
0,700.0,412.0,745.0,497.0,58,0,0,1,Pedestrian
0,700.0,412.0,745.0,497.0,59,0,0,1,Pedestrian
0,702.0,412.0,747.0,497.0,60,0,0,0,Pedestrian
0,702.0,408.0,747.0,493.0,61,0,0,1,Pedestrian
0,704.0,408.0,749.0,493.0,62,0,0,1,Pedestrian
0,704.0,408.0,749.0,493.0,63,0,0,1,Pedestrian
0,706.0,408.0,751.0,493.0,64,0,0,1,Pedestrian
0,706.0,408.0,751.0,493.0,65,0,0,1,Pedestrian
0,708.0,404.0,753.0,489.0,66,0,0,1,Pedestrian
0,708.0,404.0,753.0,489.0,67,0,0,1,Pedestrian
0,710.0,404.0,755.0,489.0,68,0,0,1,Pedestrian
0,710.0,404.0,755.0,489.0,69,0,0,1,Pedestrian
0,712.0,404.0,757.0,489.0,70,0,0,1,Pedestrian
0,712.0,400.0,757.0,485.0,71,0,0,1,Pedestrian
0,714.0,400.0,759.0,485.0,72,0,0,1,Pedestrian
0,714.0,400.0,759.0,485.0,73,0,0,1,Pedestrian
0,716.0,400.0,761.0,485.0,74,0,0,1,Pedestrian
0,718.0,400.0,763.0,485.0,75,0,0,0,Pedestrian
0,718.0,396.0,763.0,480.0,76,0,0,1,Pedestrian
0,720.0,396.0,765.0,480.0,77,0,0,1,Pedestrian
0,720.0,396.0,765.0,480.0,78,0,0,1,Pedestrian
0,722.0,396.0,767.0,480.0,79,0,0,1,Pedestrian
0,722.0,396.0,767.0,480.0,80,0,0,1,Pedestrian
0,725.0,396.0,769.0,480.0,81,0,0,1,Pedestrian
0,725.0,396.0,769.0,480.0,82,0,0,1,Pedestrian
0,727.0,396.0,771.0,480.0,83,0,0,1,Pedestrian
0,727.0,392.0,771.0,476.0,84,0,0,1,Pedestrian
0,729.0,392.0,773.0,476.0,85,0,0,1,Pedestrian
0,729.0,392.0,773.0,476.0,86,0,0,1,Pedestrian
0,731.0,392.0,775.0,476.0,87,0,0,1,Pedestrian
0,731.0,392.0,775.0,476.0,88,0,0,1,Pedestrian
0,733.0,392.0,777.0,476.0,89,0,0,1,Pedestrian
0,733.0,392.0,777.0,476.0,90,0,0,1,Pedestrian
0,735.0,392.0,779.0,476.0,91,0,0,1,Pedestrian
0,735.0,388.0,779.0,472.0,92,0,0,1,Pedestrian
0,737.0,388.0,781.0,472.0,93,0,0,1,Pedestrian
0,737.0,388.0,781.0,472.0,94,0,0,1,Pedestrian
0,739.0,388.0,783.0,472.0,95,0,0,1,Pedestrian
0,739.0,388.0,783.0,472.0,96,0,0,1,Pedestrian
0,741.0,388.0,785.0,472.0,97,0,0,1,Pedestrian
0,741.0,388.0,785.0,472.0,98,0,0,1,Pedestrian
0,743.0,388.0,787.0,472.0,99,0,0,1,Pedestrian
0,743.0,388.0,787.0,472.0,100,0,0,1,Pedestrian
0,745.0,383.0,789.0,468.0,101,0,0,1,Pedestrian
0,745.0,383.0,789.0,468.0,102,0,0,1,Pedestrian
0,747.0,383.0,791.0,468.0,103,0,0,1,Pedestrian
0,747.0,383.0,791.0,468.0,104,0,0,1,Pedestrian
0,749.0,383.0,793.0,468.0,105,0,0,1,Pedestrian
0,749.0,383.0,793.0,468.0,106,0,0,1,Pedestrian
0,751.0,383.0,795.0,468.0,107,0,0,1,Pedestrian
0,751.0,383.0,795.0,468.0,108,0,0,1,Pedestrian
0,753.0,379.0,797.0,464.0,109,0,0,1,Pedestrian
0,753.0,379.0,797.0,464.0,110,0,0,1,Pedestrian
0,755.0,379.0,799.0,464.0,111,0,0,1,Pedestrian
0,755.0,379.0,799.0,464.0,112,0,0,1,Pedestrian
0,757.0,379.0,801.0,464.0,113,0,0,1,Pedestrian
0,757.0,379.0,801.0,464.0,114,0,0,1,Pedestrian
0,759.0,379.0,803.0,464.0,115,0,0,1,Pedestrian
0,759.0,379.0,803.0,464.0,116,0,0,1,Pedestrian
0,761.0,375.0,805.0,460.0,117,0,0,1,Pedestrian
0,761.0,375.0,805.0,460.0,118,0,0,1,Pedestrian
0,763.0,375.0,807.0,460.0,119,0,0,1,Pedestrian
0,763.0,375.0,807.0,460.0,120,0,0,1,Pedestrian
0,765.0,375.0,809.0,460.0,121,0,0,1,Pedestrian
0,765.0,375.0,809.0,460.0,122,0,0,1,Pedestrian
0,767.0,375.0,811.0,460.0,123,0,0,1,Pedestrian
0,767.0,375.0,811.0,460.0,124,0,0,1,Pedestrian
0,769.0,375.0,813.0,460.0,125,0,0,0,Pedestrian
0,769.0,371.0,813.0,456.0,126,0,0,1,Pedestrian
0,771.0,371.0,815.0,456.0,127,0,0,1,Pedestrian
0,771.0,371.0,815.0,456.0,128,0,0,1,Pedestrian
0,773.0,371.0,817.0,456.0,129,0,0,1,Pedestrian
0,773.0,371.0,817.0,456.0,130,0,0,1,Pedestrian
0,775.0,371.0,819.0,456.0,131,0,0,1,Pedestrian
0,777.0,371.0,821.0,456.0,132,0,0,1,Pedestrian
0,777.0,371.0,821.0,456.0,133,0,0,1,Pedestrian
0,779.0,371.0,823.0,456.0,134,0,0,1,Pedestrian
0,779.0,371.0,823.0,456.0,135,0,0,1,Pedestrian
0,781.0,371.0,825.0,456.0,136,0,0,1,Pedestrian
0,783.0,371.0,827.0,456.0,137,0,0,1,Pedestrian
0,783.0,371.0,827.0,456.0,138,0,0,1,Pedestrian
0,785.0,371.0,829.0,456.0,139,0,0,1,Pedestrian
0,785.0,367.0,829.0,456.0,140,0,0,1,Pedestrian
0,787.0,367.0,831.0,456.0,141,0,0,1,Pedestrian
0,787.0,367.0,831.0,456.0,142,0,0,1,Pedestrian
0,789.0,367.0,833.0,452.0,143,0,0,1,Pedestrian
0,791.0,367.0,835.0,452.0,144,0,0,1,Pedestrian
0,791.0,367.0,835.0,452.0,145,0,0,1,Pedestrian
0,793.0,367.0,837.0,452.0,146,0,0,1,Pedestrian
0,793.0,367.0,837.0,452.0,147,0,0,1,Pedestrian
0,795.0,367.0,839.0,452.0,148,0,0,1,Pedestrian
0,797.0,367.0,841.0,452.0,149,0,0,1,Pedestrian
0,797.0,367.0,841.0,452.0,150,0,0,1,Pedestrian
0,799.0,367.0,843.0,452.0,151,0,0,1,Pedestrian
0,799.0,367.0,843.0,452.0,152,0,0,1,Pedestrian
0,801.0,367.0,845.0,452.0,153,0,0,1,Pedestrian
0,801.0,363.0,845.0,452.0,154,0,0,1,Pedestrian
0,803.0,363.0,847.0,452.0,155,0,0,1,Pedestrian
0,805.0,363.0,849.0,452.0,156,0,0,1,Pedestrian
0,805.0,363.0,849.0,452.0,157,0,0,1,Pedestrian
0,807.0,363.0,851.0,452.0,158,0,0,1,Pedestrian
0,807.0,363.0,851.0,452.0,159,0,0,1,Pedestrian
0,809.0,363.0,853.0,452.0,160,0,0,1,Pedestrian
0,811.0,363.0,855.0,448.0,161,0,0,1,Pedestrian
0,811.0,363.0,855.0,448.0,162,0,0,1,Pedestrian
0,813.0,363.0,857.0,448.0,163,0,0,1,Pedestrian
0,813.0,363.0,857.0,448.0,164,0,0,1,Pedestrian
0,815.0,363.0,859.0,448.0,165,0,0,1,Pedestrian
0,817.0,363.0,861.0,448.0,166,0,0,1,Pedestrian
0,817.0,363.0,861.0,448.0,167,0,0,1,Pedestrian
0,819.0,359.0,863.0,448.0,168,0,0,1,Pedestrian
0,819.0,359.0,863.0,448.0,169,0,0,1,Pedestrian
0,821.0,359.0,865.0,448.0,170,0,0,1,Pedestrian
0,821.0,359.0,865.0,448.0,171,0,0,1,Pedestrian
0,823.0,359.0,867.0,448.0,172,0,0,1,Pedestrian
0,825.0,359.0,870.0,448.0,173,0,0,1,Pedestrian
0,825.0,359.0,870.0,448.0,174,0,0,1,Pedestrian
0,827.0,359.0,872.0,448.0,175,0,0,1,Pedestrian
0,827.0,359.0,872.0,448.0,176,0,0,1,Pedestrian
0,829.0,359.0,874.0,448.0,177,0,0,1,Pedestrian
0,831.0,359.0,876.0,444.0,178,0,0,1,Pedestrian
0,831.0,359.0,876.0,444.0,179,0,0,1,Pedestrian
0,833.0,359.0,878.0,444.0,180,0,0,1,Pedestrian
0,833.0,359.0,878.0,444.0,181,0,0,1,Pedestrian
0,835.0,355.0,880.0,444.0,182,0,0,1,Pedestrian
0,835.0,355.0,880.0,444.0,183,0,0,1,Pedestrian
0,837.0,355.0,882.0,444.0,184,0,0,1,Pedestrian
0,839.0,355.0,884.0,444.0,185,0,0,1,Pedestrian
0,839.0,355.0,884.0,444.0,186,0,0,1,Pedestrian
0,841.0,355.0,886.0,444.0,187,0,0,1,Pedestrian
0,841.0,355.0,886.0,444.0,188,0,0,1,Pedestrian
0,843.0,355.0,888.0,444.0,189,0,0,1,Pedestrian
0,845.0,355.0,890.0,444.0,190,0,0,1,Pedestrian
0,845.0,355.0,890.0,444.0,191,0,0,1,Pedestrian
0,847.0,355.0,892.0,444.0,192,0,0,1,Pedestrian
0,847.0,355.0,892.0,444.0,193,0,0,1,Pedestrian
0,849.0,355.0,894.0,444.0,194,0,0,1,Pedestrian
0,851.0,355.0,896.0,444.0,195,0,0,0,Pedestrian
0,851.0,351.0,896.0,440.0,196,0,0,1,Pedestrian
0,853.0,351.0,898.0,440.0,197,0,0,1,Pedestrian
0,853.0,351.0,898.0,440.0,198,0,0,1,Pedestrian
0,855.0,351.0,900.0,440.0,199,0,0,1,Pedestrian
0,855.0,351.0,900.0,440.0,200,0,0,1,Pedestrian
0,857.0,351.0,902.0,440.0,201,0,0,1,Pedestrian
0,857.0,351.0,902.0,440.0,202,0,0,1,Pedestrian
0,859.0,351.0,904.0,440.0,203,0,0,1,Pedestrian
0,859.0,351.0,904.0,440.0,204,0,0,1,Pedestrian
0,861.0,351.0,906.0,440.0,205,0,0,1,Pedestrian
0,861.0,351.0,906.0,440.0,206,0,0,1,Pedestrian
0,863.0,351.0,908.0,440.0,207,0,0,1,Pedestrian
0,863.0,351.0,908.0,440.0,208,0,0,1,Pedestrian
0,865.0,351.0,910.0,440.0,209,0,0,1,Pedestrian
0,865.0,351.0,910.0,440.0,210,0,0,1,Pedestrian
0,867.0,351.0,912.0,440.0,211,0,0,1,Pedestrian
0,867.0,351.0,912.0,440.0,212,0,0,1,Pedestrian
0,870.0,351.0,914.0,440.0,213,0,0,1,Pedestrian
0,870.0,351.0,914.0,440.0,214,0,0,1,Pedestrian
0,872.0,351.0,916.0,440.0,215,0,0,1,Pedestrian
0,872.0,351.0,916.0,440.0,216,0,0,1,Pedestrian
0,874.0,351.0,918.0,440.0,217,0,0,1,Pedestrian
0,876.0,351.0,920.0,440.0,218,0,0,1,Pedestrian
0,876.0,351.0,920.0,440.0,219,0,0,1,Pedestrian
0,878.0,351.0,922.0,440.0,220,0,0,1,Pedestrian
0,878.0,351.0,922.0,440.0,221,0,0,1,Pedestrian
0,880.0,351.0,924.0,440.0,222,0,0,1,Pedestrian
0,880.0,351.0,924.0,440.0,223,0,0,1,Pedestrian
0,882.0,351.0,926.0,440.0,224,0,0,1,Pedestrian
0,882.0,351.0,926.0,440.0,225,0,0,1,Pedestrian
0,884.0,351.0,928.0,440.0,226,0,0,1,Pedestrian
0,884.0,351.0,928.0,440.0,227,0,0,1,Pedestrian
0,886.0,351.0,930.0,440.0,228,0,0,1,Pedestrian
0,886.0,351.0,930.0,440.0,229,0,0,1,Pedestrian
0,888.0,347.0,932.0,436.0,230,0,0,1,Pedestrian
0,888.0,347.0,932.0,436.0,231,0,0,1,Pedestrian
0,890.0,347.0,934.0,436.0,232,0,0,1,Pedestrian
0,890.0,347.0,934.0,436.0,233,0,0,1,Pedestrian
0,892.0,347.0,936.0,436.0,234,0,0,1,Pedestrian
0,892.0,347.0,936.0,436.0,235,0,0,1,Pedestrian
0,894.0,347.0,938.0,436.0,236,0,0,1,Pedestrian
0,894.0,347.0,938.0,436.0,237,0,0,1,Pedestrian
0,896.0,347.0,940.0,436.0,238,0,0,1,Pedestrian
0,898.0,347.0,942.0,436.0,239,0,0,1,Pedestrian
0,898.0,347.0,942.0,436.0,240,0,0,1,Pedestrian
0,900.0,347.0,944.0,436.0,241,0,0,1,Pedestrian
0,900.0,347.0,944.0,436.0,242,0,0,1,Pedestrian
0,902.0,347.0,946.0,436.0,243,0,0,1,Pedestrian
0,902.0,347.0,946.0,436.0,244,0,0,1,Pedestrian
0,904.0,347.0,948.0,436.0,245,0,0,1,Pedestrian
0,904.0,347.0,948.0,436.0,246,0,0,1,Pedestrian
0,906.0,347.0,950.0,436.0,247,0,0,1,Pedestrian
0,906.0,347.0,950.0,436.0,248,0,0,1,Pedestrian
0,908.0,347.0,952.0,436.0,249,0,0,1,Pedestrian
0,908.0,347.0,952.0,436.0,250,0,0,1,Pedestrian
0,910.0,347.0,954.0,436.0,251,0,0,1,Pedestrian
0,910.0,347.0,954.0,436.0,252,0,0,1,Pedestrian
0,912.0,347.0,956.0,436.0,253,0,0,1,Pedestrian
0,912.0,347.0,956.0,436.0,254,0,0,1,Pedestrian
0,914.0,347.0,958.0,436.0,255,0,0,1,Pedestrian
0,914.0,347.0,958.0,436.0,256,0,0,1,Pedestrian
0,916.0,347.0,960.0,436.0,257,0,0,1,Pedestrian
0,916.0,347.0,960.0,436.0,258,0,0,1,Pedestrian
0,918.0,347.0,962.0,436.0,259,0,0,1,Pedestrian
0,920.0,347.0,964.0,436.0,260,0,0,1,Pedestrian
0,920.0,347.0,964.0,436.0,261,0,0,1,Pedestrian
0,922.0,347.0,966.0,436.0,262,0,0,1,Pedestrian
0,922.0,347.0,966.0,436.0,263,0,0,1,Pedestrian
0,924.0,343.0,968.0,432.0,264,0,0,1,Pedestrian
0,924.0,343.0,968.0,432.0,265,0,0,1,Pedestrian
0,926.0,343.0,970.0,432.0,266,0,0,1,Pedestrian
0,926.0,343.0,970.0,432.0,267,0,0,1,Pedestrian
0,928.0,343.0,972.0,432.0,268,0,0,1,Pedestrian
0,928.0,343.0,972.0,432.0,269,0,0,1,Pedestrian
0,930.0,343.0,974.0,432.0,270,0,0,1,Pedestrian
0,930.0,343.0,974.0,432.0,271,0,0,1,Pedestrian
0,932.0,343.0,976.0,432.0,272,0,0,1,Pedestrian
0,932.0,343.0,976.0,432.0,273,0,0,1,Pedestrian
0,934.0,343.0,978.0,432.0,274,0,0,1,Pedestrian
0,934.0,343.0,978.0,432.0,275,0,0,1,Pedestrian
0,936.0,343.0,980.0,432.0,276,0,0,1,Pedestrian
0,936.0,343.0,980.0,432.0,277,0,0,1,Pedestrian
0,938.0,343.0,982.0,432.0,278,0,0,1,Pedestrian
0,938.0,343.0,982.0,432.0,279,0,0,1,Pedestrian
0,940.0,343.0,984.0,432.0,280,0,0,1,Pedestrian
0,942.0,343.0,986.0,432.0,281,0,0,1,Pedestrian
0,942.0,343.0,986.0,432.0,282,0,0,1,Pedestrian
0,944.0,343.0,988.0,432.0,283,0,0,1,Pedestrian
0,944.0,343.0,988.0,432.0,284,0,0,1,Pedestrian
0,946.0,343.0,990.0,432.0,285,0,0,1,Pedestrian
0,946.0,343.0,990.0,432.0,286,0,0,1,Pedestrian
0,948.0,343.0,992.0,432.0,287,0,0,1,Pedestrian
0,948.0,343.0,992.0,432.0,288,0,0,1,Pedestrian
0,950.0,343.0,994.0,432.0,289,0,0,1,Pedestrian
0,950.0,343.0,994.0,432.0,290,0,0,1,Pedestrian
0,952.0,343.0,996.0,432.0,291,0,0,1,Pedestrian
0,952.0,343.0,996.0,432.0,292,0,0,1,Pedestrian
0,954.0,343.0,998.0,432.0,293,0,0,1,Pedestrian
0,954.0,343.0,998.0,432.0,294,0,0,1,Pedestrian
0,956.0,343.0,1000.0,432.0,295,0,0,1,Pedestrian
0,956.0,343.0,1000.0,432.0,296,0,0,1,Pedestrian
0,958.0,343.0,1002.0,432.0,297,0,0,1,Pedestrian
0,958.0,339.0,1002.0,428.0,298,0,0,1,Pedestrian
0,960.0,339.0,1004.0,428.0,299,0,0,1,Pedestrian
0,960.0,339.0,1004.0,428.0,300,0,0,1,Pedestrian
0,962.0,339.0,1006.0,428.0,301,0,0,1,Pedestrian
0,964.0,339.0,1008.0,428.0,302,0,0,1,Pedestrian
0,964.0,339.0,1008.0,428.0,303,0,0,1,Pedestrian
0,966.0,339.0,1010.0,428.0,304,0,0,1,Pedestrian
0,966.0,339.0,1010.0,428.0,305,0,0,1,Pedestrian
0,968.0,339.0,1012.0,428.0,306,0,0,1,Pedestrian
0,968.0,339.0,1012.0,428.0,307,0,0,1,Pedestrian
0,970.0,339.0,1015.0,428.0,308,0,0,1,Pedestrian
0,970.0,339.0,1015.0,428.0,309,0,0,1,Pedestrian
0,972.0,339.0,1017.0,428.0,310,0,0,1,Pedestrian
0,972.0,339.0,1017.0,428.0,311,0,0,1,Pedestrian
0,974.0,339.0,1019.0,428.0,312,0,0,1,Pedestrian
0,974.0,339.0,1019.0,428.0,313,0,0,1,Pedestrian
0,976.0,339.0,1021.0,428.0,314,0,0,1,Pedestrian
0,976.0,339.0,1021.0,428.0,315,0,0,1,Pedestrian
0,978.0,339.0,1023.0,428.0,316,0,0,1,Pedestrian
0,978.0,339.0,1023.0,428.0,317,0,0,1,Pedestrian
0,980.0,339.0,1025.0,428.0,318,0,0,1,Pedestrian
0,980.0,339.0,1025.0,428.0,319,0,0,1,Pedestrian
0,982.0,339.0,1027.0,428.0,320,0,0,1,Pedestrian
0,982.0,339.0,1027.0,428.0,321,0,0,1,Pedestrian
0,984.0,339.0,1029.0,428.0,322,0,0,1,Pedestrian
0,986.0,339.0,1031.0,428.0,323,0,0,1,Pedestrian
0,986.0,339.0,1031.0,428.0,324,0,0,1,Pedestrian
0,988.0,339.0,1033.0,428.0,325,0,0,1,Pedestrian
0,988.0,339.0,1033.0,428.0,326,0,0,1,Pedestrian
0,990.0,339.0,1035.0,428.0,327,0,0,1,Pedestrian
0,990.0,339.0,1035.0,428.0,328,0,0,1,Pedestrian
0,992.0,339.0,1037.0,428.0,329,0,0,1,Pedestrian
0,992.0,339.0,1037.0,428.0,330,0,0,1,Pedestrian
0,994.0,339.0,1039.0,428.0,331,0,0,1,Pedestrian
0,994.0,335.0,1039.0,424.0,332,0,0,1,Pedestrian
0,996.0,335.0,1041.0,424.0,333,0,0,1,Pedestrian
0,996.0,335.0,1041.0,424.0,334,0,0,1,Pedestrian
0,998.0,335.0,1043.0,424.0,335,0,0,1,Pedestrian
0,998.0,335.0,1043.0,424.0,336,0,0,1,Pedestrian
0,1000.0,335.0,1045.0,424.0,337,0,0,1,Pedestrian
0,1000.0,335.0,1045.0,424.0,338,0,0,1,Pedestrian
0,1002.0,335.0,1047.0,424.0,339,0,0,1,Pedestrian
0,1002.0,335.0,1047.0,424.0,340,0,0,1,Pedestrian
0,1004.0,335.0,1049.0,424.0,341,0,0,1,Pedestrian
0,1004.0,335.0,1049.0,424.0,342,0,0,1,Pedestrian
0,1006.0,335.0,1051.0,424.0,343,0,0,1,Pedestrian
0,1008.0,335.0,1053.0,424.0,344,0,0,1,Pedestrian
0,1008.0,335.0,1053.0,424.0,345,0,0,1,Pedestrian
0,1010.0,335.0,1055.0,424.0,346,0,0,1,Pedestrian
0,1010.0,335.0,1055.0,424.0,347,0,0,1,Pedestrian
0,1012.0,335.0,1057.0,424.0,348,0,0,1,Pedestrian
0,1012.0,335.0,1057.0,424.0,349,0,0,1,Pedestrian
0,1015.0,335.0,1059.0,424.0,350,0,0,1,Pedestrian
0,1015.0,335.0,1059.0,424.0,351,0,0,1,Pedestrian
0,1017.0,335.0,1061.0,424.0,352,0,0,1,Pedestrian
0,1017.0,335.0,1061.0,424.0,353,0,0,1,Pedestrian
0,1019.0,335.0,1063.0,424.0,354,0,0,1,Pedestrian
0,1019.0,335.0,1063.0,424.0,355,0,0,1,Pedestrian
0,1021.0,335.0,1065.0,424.0,356,0,0,1,Pedestrian
0,1021.0,335.0,1065.0,424.0,357,0,0,1,Pedestrian
0,1023.0,335.0,1067.0,424.0,358,0,0,1,Pedestrian
0,1023.0,335.0,1067.0,424.0,359,0,0,1,Pedestrian
0,1025.0,335.0,1069.0,424.0,360,0,0,1,Pedestrian
0,1025.0,335.0,1069.0,424.0,361,0,0,1,Pedestrian
0,1027.0,335.0,1071.0,424.0,362,0,0,1,Pedestrian
0,1027.0,335.0,1071.0,424.0,363,0,0,1,Pedestrian
0,1029.0,335.0,1073.0,424.0,364,0,0,1,Pedestrian
0,1031.0,335.0,1075.0,424.0,365,0,0,0,Pedestrian
0,1031.0,335.0,1075.0,424.0,366,0,0,1,Pedestrian
0,1031.0,335.0,1075.0,424.0,367,0,0,1,Pedestrian
0,1033.0,335.0,1077.0,424.0,368,0,0,1,Pedestrian
0,1033.0,335.0,1077.0,424.0,369,0,0,1,Pedestrian
0,1035.0,335.0,1079.0,424.0,370,0,0,1,Pedestrian
0,1035.0,335.0,1079.0,424.0,371,0,0,1,Pedestrian
0,1037.0,335.0,1081.0,424.0,372,0,0,1,Pedestrian
0,1037.0,335.0,1081.0,424.0,373,0,0,1,Pedestrian
0,1039.0,335.0,1083.0,424.0,374,0,0,1,Pedestrian
0,1039.0,335.0,1083.0,424.0,375,0,0,1,Pedestrian
0,1039.0,335.0,1083.0,424.0,376,0,0,1,Pedestrian
0,1041.0,335.0,1085.0,424.0,377,0,0,1,Pedestrian
0,1041.0,335.0,1085.0,424.0,378,0,0,1,Pedestrian
0,1043.0,335.0,1087.0,424.0,379,0,0,1,Pedestrian
0,1043.0,335.0,1087.0,424.0,380,0,0,1,Pedestrian
0,1045.0,335.0,1089.0,424.0,381,0,0,1,Pedestrian
0,1045.0,335.0,1089.0,424.0,382,0,0,1,Pedestrian
0,1047.0,335.0,1091.0,424.0,383,0,0,1,Pedestrian
0,1047.0,335.0,1091.0,424.0,384,0,0,1,Pedestrian
0,1047.0,335.0,1091.0,424.0,385,0,0,1,Pedestrian
0,1049.0,335.0,1093.0,424.0,386,0,0,1,Pedestrian
0,1049.0,335.0,1093.0,424.0,387,0,0,1,Pedestrian
0,1051.0,335.0,1095.0,424.0,388,0,0,1,Pedestrian
0,1051.0,335.0,1095.0,424.0,389,0,0,1,Pedestrian
0,1053.0,335.0,1097.0,424.0,390,0,0,1,Pedestrian
0,1053.0,335.0,1097.0,424.0,391,0,0,1,Pedestrian
0,1055.0,335.0,1099.0,424.0,392,0,0,1,Pedestrian
0,1055.0,335.0,1099.0,424.0,393,0,0,1,Pedestrian
0,1055.0,335.0,1099.0,424.0,394,0,0,1,Pedestrian
0,1057.0,335.0,1101.0,424.0,395,0,0,1,Pedestrian
0,1057.0,335.0,1101.0,424.0,396,0,0,1,Pedestrian
0,1059.0,335.0,1103.0,424.0,397,0,0,1,Pedestrian
0,1059.0,335.0,1103.0,424.0,398,0,0,1,Pedestrian
0,1061.0,335.0,1105.0,424.0,399,0,0,1,Pedestrian
0,1061.0,335.0,1105.0,424.0,400,0,0,1,Pedestrian
0,1063.0,335.0,1107.0,424.0,401,0,0,1,Pedestrian
0,1063.0,335.0,1107.0,424.0,402,0,0,1,Pedestrian
0,1063.0,335.0,1107.0,424.0,403,0,0,1,Pedestrian
0,1065.0,335.0,1109.0,424.0,404,0,0,1,Pedestrian
0,1065.0,335.0,1109.0,424.0,405,0,0,1,Pedestrian
0,1067.0,335.0,1111.0,424.0,406,0,0,1,Pedestrian
0,1067.0,335.0,1111.0,424.0,407,0,0,1,Pedestrian
0,1069.0,335.0,1113.0,424.0,408,0,0,1,Pedestrian
0,1069.0,335.0,1113.0,424.0,409,0,0,1,Pedestrian
0,1071.0,335.0,1115.0,424.0,410,0,0,1,Pedestrian
0,1071.0,335.0,1115.0,424.0,411,0,0,1,Pedestrian
0,1071.0,335.0,1115.0,424.0,412,0,0,1,Pedestrian
0,1073.0,335.0,1117.0,424.0,413,0,0,1,Pedestrian
0,1073.0,335.0,1117.0,424.0,414,0,0,1,Pedestrian
0,1075.0,335.0,1119.0,424.0,415,0,0,1,Pedestrian
0,1075.0,335.0,1119.0,424.0,416,0,0,1,Pedestrian
0,1077.0,335.0,1121.0,424.0,417,0,0,1,Pedestrian
0,1077.0,335.0,1121.0,424.0,418,0,0,1,Pedestrian
0,1079.0,335.0,1123.0,424.0,419,0,0,1,Pedestrian
0,1079.0,335.0,1123.0,424.0,420,0,0,1,Pedestrian
0,1079.0,335.0,1123.0,424.0,421,0,0,1,Pedestrian
0,1081.0,335.0,1125.0,424.0,422,0,0,1,Pedestrian
0,1081.0,335.0,1125.0,424.0,423,0,0,1,Pedestrian
0,1083.0,335.0,1127.0,424.0,424,0,0,1,Pedestrian
0,1083.0,335.0,1127.0,424.0,425,0,0,1,Pedestrian
0,1085.0,335.0,1129.0,424.0,426,0,0,1,Pedestrian
0,1085.0,335.0,1129.0,424.0,427,0,0,1,Pedestrian
0,1087.0,335.0,1131.0,424.0,428,0,0,1,Pedestrian
0,1087.0,335.0,1131.0,424.0,429,0,0,1,Pedestrian
0,1087.0,335.0,1131.0,424.0,430,0,0,1,Pedestrian
0,1089.0,335.0,1133.0,424.0,431,0,0,1,Pedestrian
0,1089.0,335.0,1133.0,424.0,432,0,0,1,Pedestrian
0,1091.0,335.0,1135.0,424.0,433,0,0,1,Pedestrian
0,1091.0,335.0,1135.0,424.0,434,0,0,1,Pedestrian
0,1093.0,335.0,1137.0,424.0,435,0,0,1,Pedestrian
0,1093.0,335.0,1137.0,424.0,436,0,0,1,Pedestrian
0,1095.0,335.0,1139.0,424.0,437,0,0,1,Pedestrian
0,1095.0,335.0,1139.0,424.0,438,0,0,1,Pedestrian
0,1095.0,335.0,1139.0,424.0,439,0,0,1,Pedestrian
0,1097.0,335.0,1141.0,424.0,440,0,0,1,Pedestrian
0,1097.0,335.0,1141.0,424.0,441,0,0,1,Pedestrian
0,1099.0,335.0,1143.0,424.0,442,0,0,1,Pedestrian
0,1099.0,335.0,1143.0,424.0,443,0,0,1,Pedestrian
0,1101.0,335.0,1145.0,424.0,444,0,0,1,Pedestrian
0,1101.0,335.0,1145.0,424.0,445,0,0,1,Pedestrian
0,1103.0,335.0,1147.0,424.0,446,0,0,1,Pedestrian
0,1103.0,335.0,1147.0,424.0,447,0,0,1,Pedestrian
0,1103.0,335.0,1147.0,424.0,448,0,0,1,Pedestrian
0,1105.0,335.0,1149.0,424.0,449,0,0,1,Pedestrian
0,1105.0,335.0,1149.0,424.0,450,0,0,1,Pedestrian
0,1107.0,335.0,1151.0,424.0,451,0,0,1,Pedestrian
0,1107.0,335.0,1151.0,424.0,452,0,0,1,Pedestrian
0,1109.0,335.0,1153.0,424.0,453,0,0,1,Pedestrian
0,1109.0,335.0,1153.0,424.0,454,0,0,1,Pedestrian
0,1111.0,335.0,1155.0,424.0,455,0,0,1,Pedestrian
0,1111.0,335.0,1155.0,424.0,456,0,0,1,Pedestrian
0,1111.0,335.0,1155.0,424.0,457,0,0,1,Pedestrian
0,1113.0,335.0,1157.0,424.0,458,0,0,1,Pedestrian
0,1113.0,335.0,1157.0,424.0,459,0,0,1,Pedestrian
0,1115.0,335.0,1160.0,424.0,460,0,0,1,Pedestrian
0,1115.0,335.0,1160.0,424.0,461,0,0,1,Pedestrian
0,1117.0,335.0,1162.0,424.0,462,0,0,1,Pedestrian
0,1117.0,335.0,1162.0,424.0,463,0,0,1,Pedestrian
0,1119.0,335.0,1164.0,424.0,464,0,0,1,Pedestrian
0,1119.0,335.0,1164.0,424.0,465,0,0,1,Pedestrian
0,1119.0,335.0,1164.0,424.0,466,0,0,1,Pedestrian
0,1121.0,335.0,1166.0,424.0,467,0,0,1,Pedestrian
0,1121.0,335.0,1166.0,424.0,468,0,0,1,Pedestrian
0,1123.0,335.0,1168.0,424.0,469,0,0,1,Pedestrian
0,1123.0,335.0,1168.0,424.0,470,0,0,1,Pedestrian
0,1125.0,335.0,1170.0,424.0,471,0,0,1,Pedestrian
0,1125.0,335.0,1170.0,424.0,472,0,0,1,Pedestrian
0,1127.0,335.0,1172.0,424.0,473,0,0,1,Pedestrian
0,1127.0,335.0,1172.0,424.0,474,0,0,1,Pedestrian
0,1127.0,335.0,1172.0,424.0,475,0,0,1,Pedestrian
0,1129.0,335.0,1174.0,424.0,476,0,0,1,Pedestrian
0,1129.0,335.0,1174.0,424.0,477,0,0,1,Pedestrian
0,1131.0,335.0,1176.0,424.0,478,0,0,1,Pedestrian
0,1131.0,335.0,1176.0,424.0,479,0,0,1,Pedestrian
0,1133.0,335.0,1178.0,424.0,480,0,0,1,Pedestrian
0,1133.0,335.0,1178.0,424.0,481,0,0,1,Pedestrian
0,1135.0,335.0,1180.0,424.0,482,0,0,1,Pedestrian
0,1135.0,335.0,1180.0,424.0,483,0,0,1,Pedestrian
0,1135.0,335.0,1180.0,424.0,484,0,0,1,Pedestrian
0,1137.0,335.0,1182.0,424.0,485,0,0,1,Pedestrian
0,1137.0,335.0,1182.0,424.0,486,0,0,1,Pedestrian
0,1139.0,335.0,1184.0,424.0,487,0,0,1,Pedestrian
0,1139.0,335.0,1184.0,424.0,488,0,0,1,Pedestrian
0,1141.0,335.0,1186.0,424.0,489,0,0,1,Pedestrian
0,1141.0,335.0,1186.0,424.0,490,0,0,1,Pedestrian
0,1143.0,335.0,1188.0,424.0,491,0,0,1,Pedestrian
0,1143.0,335.0,1188.0,424.0,492,0,0,1,Pedestrian
0,1143.0,335.0,1188.0,424.0,493,0,0,1,Pedestrian
0,1145.0,335.0,1190.0,424.0,494,0,0,1,Pedestrian
0,1145.0,335.0,1190.0,424.0,495,0,0,1,Pedestrian
0,1147.0,335.0,1192.0,424.0,496,0,0,1,Pedestrian
0,1147.0,335.0,1192.0,424.0,497,0,0,1,Pedestrian
0,1149.0,335.0,1194.0,424.0,498,0,0,1,Pedestrian
0,1149.0,335.0,1194.0,424.0,499,0,0,1,Pedestrian
0,1151.0,335.0,1196.0,424.0,500,0,0,0,Pedestrian
0,1149.0,335.0,1196.0,424.0,501,0,0,1,Pedestrian
0,1149.0,335.0,1198.0,424.0,502,0,0,1,Pedestrian
0,1149.0,335.0,1200.0,428.0,503,0,0,1,Pedestrian
0,1149.0,335.0,1202.0,428.0,504,0,0,1,Pedestrian
0,1149.0,335.0,1204.0,428.0,505,0,0,1,Pedestrian
0,1149.0,335.0,1204.0,432.0,506,0,0,1,Pedestrian
0,1149.0,335.0,1206.0,432.0,507,0,0,1,Pedestrian
0,1149.0,335.0,1208.0,432.0,508,0,0,1,Pedestrian
0,1149.0,335.0,1210.0,436.0,509,0,0,1,Pedestrian
0,1149.0,335.0,1212.0,436.0,510,0,0,1,Pedestrian
0,1149.0,335.0,1212.0,436.0,511,0,0,1,Pedestrian
0,1149.0,335.0,1214.0,440.0,512,0,0,1,Pedestrian
0,1149.0,335.0,1216.0,440.0,513,0,0,1,Pedestrian
0,1149.0,335.0,1218.0,440.0,514,0,0,1,Pedestrian
0,1149.0,335.0,1220.0,444.0,515,0,0,1,Pedestrian
0,1149.0,335.0,1220.0,444.0,516,0,0,1,Pedestrian
0,1149.0,335.0,1222.0,444.0,517,0,0,1,Pedestrian
0,1149.0,335.0,1224.0,448.0,518,0,0,1,Pedestrian
0,1149.0,335.0,1226.0,448.0,519,0,0,1,Pedestrian
0,1149.0,339.0,1228.0,452.0,520,0,0,0,Pedestrian
0,1149.0,335.0,1228.0,448.0,521,0,0,1,Pedestrian
0,1149.0,335.0,1228.0,448.0,522,0,0,1,Pedestrian
0,1149.0,335.0,1228.0,448.0,523,0,0,1,Pedestrian
0,1151.0,335.0,1230.0,448.0,524,0,0,1,Pedestrian
0,1151.0,335.0,1230.0,448.0,525,0,0,1,Pedestrian
0,1151.0,335.0,1230.0,448.0,526,0,0,1,Pedestrian
0,1153.0,335.0,1232.0,448.0,527,0,0,1,Pedestrian
0,1153.0,335.0,1232.0,448.0,528,0,0,1,Pedestrian
0,1153.0,335.0,1232.0,448.0,529,0,0,1,Pedestrian
0,1155.0,335.0,1234.0,448.0,530,0,0,1,Pedestrian
0,1155.0,335.0,1234.0,448.0,531,0,0,1,Pedestrian
0,1155.0,335.0,1234.0,448.0,532,0,0,1,Pedestrian
0,1155.0,335.0,1234.0,448.0,533,0,0,1,Pedestrian
0,1157.0,335.0,1236.0,448.0,534,0,0,1,Pedestrian
0,1157.0,335.0,1236.0,448.0,535,0,0,1,Pedestrian
0,1157.0,335.0,1236.0,448.0,536,0,0,1,Pedestrian
0,1160.0,335.0,1238.0,448.0,537,0,0,1,Pedestrian
0,1160.0,335.0,1238.0,448.0,538,0,0,1,Pedestrian
0,1160.0,335.0,1238.0,448.0,539,0,0,1,Pedestrian
0,1162.0,335.0,1240.0,448.0,540,0,0,1,Pedestrian
0,1162.0,335.0,1240.0,448.0,541,0,0,1,Pedestrian
0,1162.0,335.0,1240.0,448.0,542,0,0,1,Pedestrian
0,1162.0,335.0,1240.0,448.0,543,0,0,1,Pedestrian
0,1164.0,335.0,1242.0,448.0,544,0,0,1,Pedestrian
0,1164.0,335.0,1242.0,448.0,545,0,0,1,Pedestrian
0,1164.0,335.0,1242.0,448.0,546,0,0,1,Pedestrian
0,1166.0,335.0,1244.0,448.0,547,0,0,1,Pedestrian
0,1166.0,335.0,1244.0,448.0,548,0,0,1,Pedestrian
0,1166.0,335.0,1244.0,448.0,549,0,0,1,Pedestrian
0,1168.0,335.0,1246.0,448.0,550,0,0,1,Pedestrian
0,1168.0,335.0,1246.0,448.0,551,0,0,1,Pedestrian
0,1168.0,335.0,1246.0,448.0,552,0,0,1,Pedestrian
0,1168.0,335.0,1246.0,448.0,553,0,0,1,Pedestrian
0,1170.0,335.0,1248.0,448.0,554,0,0,1,Pedestrian
0,1170.0,335.0,1248.0,448.0,555,0,0,1,Pedestrian
0,1170.0,335.0,1248.0,448.0,556,0,0,1,Pedestrian
0,1172.0,335.0,1250.0,448.0,557,0,0,1,Pedestrian
0,1172.0,335.0,1250.0,448.0,558,0,0,1,Pedestrian
0,1172.0,335.0,1250.0,448.0,559,0,0,1,Pedestrian
0,1174.0,335.0,1252.0,448.0,560,0,0,0,Pedestrian
0,1174.0,335.0,1252.0,448.0,561,0,0,1,Pedestrian
0,1174.0,335.0,1252.0,448.0,562,0,0,1,Pedestrian
0,1176.0,335.0,1254.0,448.0,563,0,0,1,Pedestrian
0,1176.0,335.0,1254.0,448.0,564,0,0,1,Pedestrian
0,1178.0,335.0,1256.0,448.0,565,0,0,1,Pedestrian
0,1178.0,335.0,1256.0,448.0,566,0,0,1,Pedestrian
0,1180.0,335.0,1258.0,448.0,567,0,0,1,Pedestrian
0,1180.0,335.0,1258.0,448.0,568,0,0,1,Pedestrian
0,1182.0,335.0,1260.0,448.0,569,0,0,1,Pedestrian
0,1182.0,335.0,1260.0,448.0,570,0,0,1,Pedestrian
0,1184.0,335.0,1262.0,448.0,571,0,0,1,Pedestrian
0,1184.0,335.0,1262.0,448.0,572,0,0,1,Pedestrian
0,1186.0,335.0,1264.0,448.0,573,0,0,0,Pedestrian
1,245.0,731.0,332.0,824.0,0,0,0,0,Biker
1,239.0,731.0,326.0,820.0,1,0,0,1,Biker
1,235.0,731.0,322.0,820.0,2,0,0,1,Biker
1,229.0,731.0,316.0,820.0,3,0,0,1,Biker
1,225.0,731.0,312.0,820.0,4,0,0,1,Biker
1,219.0,731.0,306.0,820.0,5,0,0,1,Biker
1,215.0,731.0,302.0,820.0,6,0,0,1,Biker
1,209.0,731.0,296.0,820.0,7,0,0,1,Biker
1,205.0,731.0,292.0,820.0,8,0,0,1,Biker
1,199.0,731.0,285.0,820.0,9,0,0,1,Biker
1,195.0,731.0,281.0,820.0,10,0,0,1,Biker
1,189.0,731.0,275.0,820.0,11,0,0,1,Biker
1,185.0,731.0,271.0,820.0,12,0,0,1,Biker
1,179.0,731.0,265.0,820.0,13,0,0,1,Biker
1,175.0,731.0,261.0,820.0,14,0,0,1,Biker
1,169.0,731.0,255.0,820.0,15,0,0,1,Biker
1,165.0,731.0,251.0,820.0,16,0,0,1,Biker
1,161.0,731.0,247.0,820.0,17,0,0,1,Biker
1,155.0,731.0,241.0,820.0,18,0,0,1,Biker
1,151.0,731.0,237.0,820.0,19,0,0,1,Biker
1,145.0,731.0,231.0,820.0,20,0,0,1,Biker
1,140.0,731.0,227.0,820.0,21,0,0,1,Biker
1,134.0,731.0,221.0,820.0,22,0,0,1,Biker
1,130.0,731.0,217.0,820.0,23,0,0,1,Biker
1,124.0,731.0,211.0,820.0,24,0,0,1,Biker
1,120.0,731.0,207.0,820.0,25,0,0,1,Biker
1,114.0,731.0,201.0,820.0,26,0,0,1,Biker
1,110.0,731.0,197.0,820.0,27,0,0,1,Biker
1,104.0,731.0,191.0,820.0,28,0,0,1,Biker
1,100.0,731.0,187.0,820.0,29,0,0,1,Biker
1,94.0,731.0,181.0,820.0,30,0,0,1,Biker
1,90.0,731.0,177.0,820.0,31,0,0,1,Biker
1,84.0,731.0,171.0,820.0,32,0,0,1,Biker
1,80.0,731.0,167.0,820.0,33,0,0,1,Biker
1,76.0,731.0,163.0,820.0,34,0,0,1,Biker
1,70.0,731.0,157.0,820.0,35,0,0,1,Biker
1,66.0,731.0,153.0,820.0,36,0,0,1,Biker
1,60.0,731.0,147.0,820.0,37,0,0,1,Biker
1,56.0,731.0,142.0,820.0,38,0,0,1,Biker
1,50.0,731.0,136.0,820.0,39,0,0,1,Biker
1,46.0,731.0,132.0,820.0,40,0,0,1,Biker
1,40.0,731.0,126.0,820.0,41,0,0,1,Biker
1,36.0,731.0,122.0,820.0,42,0,0,1,Biker
1,30.0,731.0,116.0,820.0,43,0,0,1,Biker
1,26.0,731.0,112.0,820.0,44,0,0,1,Biker
1,20.0,731.0,106.0,820.0,45,0,0,1,Biker
1,16.0,731.0,102.0,820.0,46,0,0,1,Biker
1,10.0,731.0,96.0,820.0,47,0,0,1,Biker
1,6.0,731.0,92.0,820.0,48,0,0,1,Biker
1,2.0,731.0,88.0,820.0,49,0,0,0,Biker
1,0.0,731.0,82.0,820.0,50,0,0,1,Biker
1,0.0,731.0,78.0,820.0,51,0,0,1,Biker
1,0.0,731.0,72.0,820.0,52,0,0,1,Biker
1,0.0,731.0,68.0,820.0,53,0,0,1,Biker
1,0.0,731.0,64.0,820.0,54,0,0,1,Biker
1,0.0,731.0,58.0,820.0,55,0,0,1,Biker
1,0.0,731.0,54.0,820.0,56,0,0,1,Biker
1,0.0,731.0,48.0,820.0,57,0,0,1,Biker
1,0.0,731.0,44.0,820.0,58,0,0,1,Biker
1,0.0,731.0,40.0,820.0,59,1,0,0,Biker
1,0.0,731.0,40.0,820.0,60,1,0,1,Biker
1,0.0,731.0,40.0,820.0,61,1,0,1,Biker
1,0.0,731.0,40.0,820.0,62,1,0,1,Biker
1,0.0,731.0,40.0,820.0,63,1,0,1,Biker
1,0.0,731.0,40.0,820.0,64,1,0,1,Biker
1,0.0,731.0,40.0,820.0,65,1,0,1,Biker
1,0.0,731.0,40.0,820.0,66,1,0,1,Biker
1,0.0,731.0,40.0,820.0,67,1,0,1,Biker
1,0.0,731.0,40.0,820.0,68,1,0,1,Biker
1,0.0,731.0,40.0,820.0,69,1,0,0,Biker
1,0.0,731.0,40.0,820.0,70,1,0,1,Biker
1,0.0,731.0,40.0,820.0,71,1,0,1,Biker
1,0.0,731.0,40.0,820.0,72,1,0,1,Biker
1,0.0,731.0,40.0,820.0,73,1,0,1,Biker
1,0.0,731.0,40.0,820.0,74,1,0,1,Biker
1,0.0,731.0,40.0,820.0,75,1,0,1,Biker
1,0.0,731.0,40.0,820.0,76,1,0,1,Biker
1,0.0,731.0,40.0,820.0,77,1,0,1,Biker
1,0.0,731.0,40.0,820.0,78,1,0,1,Biker
1,0.0,731.0,40.0,820.0,79,1,0,1,Biker
1,0.0,731.0,40.0,820.0,80,1,0,1,Biker
1,0.0,731.0,40.0,820.0,81,1,0,1,Biker
1,0.0,731.0,40.0,820.0,82,1,0,1,Biker
1,0.0,731.0,40.0,820.0,83,1,0,1,Biker
1,0.0,731.0,40.0,820.0,84,1,0,1,Biker
1,0.0,731.0,40.0,820.0,85,1,0,1,Biker
1,0.0,731.0,40.0,820.0,86,1,0,1,Biker
1,0.0,731.0,40.0,820.0,87,1,0,1,Biker
1,0.0,731.0,40.0,820.0,88,1,0,1,Biker
1,0.0,731.0,40.0,820.0,89,1,0,1,Biker
1,0.0,731.0,40.0,820.0,90,1,0,1,Biker
1,0.0,731.0,40.0,820.0,91,1,0,1,Biker
1,0.0,731.0,40.0,820.0,92,1,0,1,Biker
1,0.0,731.0,40.0,820.0,93,1,0,1,Biker
1,0.0,731.0,40.0,820.0,94,1,0,1,Biker
1,0.0,731.0,40.0,820.0,95,1,0,1,Biker
1,0.0,731.0,40.0,820.0,96,1,0,1,Biker
1,0.0,731.0,40.0,820.0,97,1,0,1,Biker
1,0.0,731.0,40.0,820.0,98,1,0,1,Biker
1,0.0,731.0,40.0,820.0,99,1,0,1,Biker
1,0.0,731.0,40.0,820.0,100,1,0,1,Biker
1,0.0,731.0,40.0,820.0,101,1,0,1,Biker
1,0.0,731.0,40.0,820.0,102,1,0,1,Biker
1,0.0,731.0,40.0,820.0,103,1,0,1,Biker
1,0.0,731.0,40.0,820.0,104,1,0,1,Biker
1,0.0,731.0,40.0,820.0,105,1,0,1,Biker
1,0.0,731.0,40.0,820.0,106,1,0,1,Biker
1,0.0,731.0,40.0,820.0,107,1,0,1,Biker
1,0.0,731.0,40.0,820.0,108,1,0,1,Biker
1,0.0,731.0,40.0,820.0,109,1,0,1,Biker
1,0.0,731.0,40.0,820.0,110,1,0,1,Biker
1,0.0,731.0,40.0,820.0,111,1,0,1,Biker
1,0.0,731.0,40.0,820.0,112,1,0,1,Biker
1,0.0,731.0,40.0,820.0,113,1,0,1,Biker
1,0.0,731.0,40.0,820.0,114,1,0,1,Biker
1,0.0,731.0,40.0,820.0,115,1,0,1,Biker
1,0.0,731.0,40.0,820.0,116,1,0,1,Biker
1,0.0,731.0,40.0,820.0,117,1,0,1,Biker
1,0.0,731.0,40.0,820.0,118,1,0,1,Biker
1,0.0,731.0,40.0,820.0,119,1,0,1,Biker
1,0.0,731.0,40.0,820.0,120,1,0,1,Biker
1,0.0,731.0,40.0,820.0,121,1,0,1,Biker
1,0.0,731.0,40.0,820.0,122,1,0,1,Biker
1,0.0,731.0,40.0,820.0,123,1,0,1,Biker
1,0.0,731.0,40.0,820.0,124,1,0,1,Biker
1,0.0,731.0,40.0,820.0,125,1,0,1,Biker
1,0.0,731.0,40.0,820.0,126,1,0,1,Biker
1,0.0,731.0,40.0,820.0,127,1,0,1,Biker
1,0.0,731.0,40.0,820.0,128,1,0,1,Biker
1,0.0,731.0,40.0,820.0,129,1,0,1,Biker
1,0.0,731.0,40.0,820.0,130,1,0,1,Biker
1,0.0,731.0,40.0,820.0,131,1,0,1,Biker
1,0.0,731.0,40.0,820.0,132,1,0,1,Biker
1,0.0,731.0,40.0,820.0,133,1,0,1,Biker
1,0.0,731.0,40.0,820.0,134,1,0,1,Biker
1,0.0,731.0,40.0,820.0,135,1,0,1,Biker
1,0.0,731.0,40.0,820.0,136,1,0,1,Biker
1,0.0,731.0,40.0,820.0,137,1,0,1,Biker
1,0.0,731.0,40.0,820.0,138,1,0,1,Biker
1,0.0,731.0,40.0,820.0,139,1,0,1,Biker
1,0.0,731.0,40.0,820.0,140,1,0,1,Biker
1,0.0,731.0,40.0,820.0,141,1,0,1,Biker
1,0.0,731.0,40.0,820.0,142,1,0,1,Biker
1,0.0,731.0,40.0,820.0,143,1,0,1,Biker
1,0.0,731.0,40.0,820.0,144,1,0,1,Biker
1,0.0,731.0,40.0,820.0,145,1,0,1,Biker
1,0.0,731.0,40.0,820.0,146,1,0,1,Biker
1,0.0,731.0,40.0,820.0,147,1,0,1,Biker
1,0.0,731.0,40.0,820.0,148,1,0,1,Biker
1,0.0,731.0,40.0,820.0,149,1,0,1,Biker
1,0.0,731.0,40.0,820.0,150,1,0,1,Biker
1,0.0,731.0,40.0,820.0,151,1,0,1,Biker
1,0.0,731.0,40.0,820.0,152,1,0,1,Biker
1,0.0,731.0,40.0,820.0,153,1,0,1,Biker
1,0.0,731.0,40.0,820.0,154,1,0,1,Biker
1,0.0,731.0,40.0,820.0,155,1,0,1,Biker
1,0.0,731.0,40.0,820.0,156,1,0,1,Biker
1,0.0,731.0,40.0,820.0,157,1,0,1,Biker
1,0.0,731.0,40.0,820.0,158,1,0,1,Biker
1,0.0,731.0,40.0,820.0,159,1,0,1,Biker
1,0.0,731.0,40.0,820.0,160,1,0,1,Biker
1,0.0,731.0,40.0,820.0,161,1,0,1,Biker
1,0.0,731.0,40.0,820.0,162,1,0,1,Biker
1,0.0,731.0,40.0,820.0,163,1,0,1,Biker
1,0.0,731.0,40.0,820.0,164,1,0,1,Biker
1,0.0,731.0,40.0,820.0,165,1,0,1,Biker
1,0.0,731.0,40.0,820.0,166,1,0,1,Biker
1,0.0,731.0,40.0,820.0,167,1,0,1,Biker
1,0.0,731.0,40.0,820.0,168,1,0,1,Biker
1,0.0,731.0,40.0,820.0,169,1,0,1,Biker
1,0.0,731.0,40.0,820.0,170,1,0,1,Biker
1,0.0,731.0,40.0,820.0,171,1,0,1,Biker
1,0.0,731.0,40.0,820.0,172,1,0,1,Biker
1,0.0,731.0,40.0,820.0,173,1,0,1,Biker
1,0.0,731.0,40.0,820.0,174,1,0,1,Biker
1,0.0,731.0,40.0,820.0,175,1,0,1,Biker
1,0.0,731.0,40.0,820.0,176,1,0,1,Biker
1,0.0,731.0,40.0,820.0,177,1,0,1,Biker
1,0.0,731.0,40.0,820.0,178,1,0,1,Biker
1,0.0,731.0,40.0,820.0,179,1,0,1,Biker
1,0.0,731.0,40.0,820.0,180,1,0,1,Biker
1,0.0,731.0,40.0,820.0,181,1,0,1,Biker
1,0.0,731.0,40.0,820.0,182,1,0,1,Biker
1,0.0,731.0,40.0,820.0,183,1,0,1,Biker
1,0.0,731.0,40.0,820.0,184,1,0,1,Biker
1,0.0,731.0,40.0,820.0,185,1,0,1,Biker
1,0.0,731.0,40.0,820.0,186,1,0,1,Biker
1,0.0,731.0,40.0,820.0,187,1,0,1,Biker
1,0.0,731.0,40.0,820.0,188,1,0,1,Biker
1,0.0,731.0,40.0,820.0,189,1,0,1,Biker
1,0.0,731.0,40.0,820.0,190,1,0,1,Biker
1,0.0,731.0,40.0,820.0,191,1,0,1,Biker
1,0.0,731.0,40.0,820.0,192,1,0,1,Biker
1,0.0,731.0,40.0,820.0,193,1,0,1,Biker
1,0.0,731.0,40.0,820.0,194,1,0,1,Biker
1,0.0,731.0,40.0,820.0,195,1,0,1,Biker
1,0.0,731.0,40.0,820.0,196,1,0,1,Biker
1,0.0,731.0,40.0,820.0,197,1,0,1,Biker
1,0.0,731.0,40.0,820.0,198,1,0,1,Biker
1,0.0,731.0,40.0,820.0,199,1,0,1,Biker
1,0.0,731.0,40.0,820.0,200,1,0,1,Biker
1,0.0,731.0,40.0,820.0,201,1,0,1,Biker
1,0.0,731.0,40.0,820.0,202,1,0,1,Biker
1,0.0,731.0,40.0,820.0,203,1,0,1,Biker
1,0.0,731.0,40.0,820.0,204,1,0,1,Biker
1,0.0,731.0,40.0,820.0,205,1,0,1,Biker
1,0.0,731.0,40.0,820.0,206,1,0,1,Biker
1,0.0,731.0,40.0,820.0,207,1,0,1,Biker
1,0.0,731.0,40.0,820.0,208,1,0,1,Biker
1,0.0,731.0,40.0,820.0,209,1,0,1,Biker
1,0.0,731.0,40.0,820.0,210,1,0,1,Biker
1,0.0,731.0,40.0,820.0,211,1,0,1,Biker
1,0.0,731.0,40.0,820.0,212,1,0,1,Biker
1,0.0,731.0,40.0,820.0,213,1,0,1,Biker
1,0.0,731.0,40.0,820.0,214,1,0,1,Biker
1,0.0,731.0,40.0,820.0,215,1,0,1,Biker
1,0.0,731.0,40.0,820.0,216,1,0,1,Biker
1,0.0,731.0,40.0,820.0,217,1,0,1,Biker
1,0.0,731.0,40.0,820.0,218,1,0,1,Biker
1,0.0,731.0,40.0,820.0,219,1,0,1,Biker
1,0.0,731.0,40.0,820.0,220,1,0,1,Biker
1,0.0,731.0,40.0,820.0,221,1,0,1,Biker
1,0.0,731.0,40.0,820.0,222,1,0,1,Biker
1,0.0,731.0,40.0,820.0,223,1,0,1,Biker
1,0.0,731.0,40.0,820.0,224,1,0,1,Biker
1,0.0,731.0,40.0,820.0,225,1,0,1,Biker
1,0.0,731.0,40.0,820.0,226,1,0,1,Biker
1,0.0,731.0,40.0,820.0,227,1,0,1,Biker
1,0.0,731.0,40.0,820.0,228,1,0,1,Biker
1,0.0,731.0,40.0,820.0,229,1,0,1,Biker
1,0.0,731.0,40.0,820.0,230,1,0,1,Biker
1,0.0,731.0,40.0,820.0,231,1,0,1,Biker
1,0.0,731.0,40.0,820.0,232,1,0,1,Biker
1,0.0,731.0,40.0,820.0,233,1,0,1,Biker
1,0.0,731.0,40.0,820.0,234,1,0,1,Biker
1,0.0,731.0,40.0,820.0,235,1,0,1,Biker
1,0.0,731.0,40.0,820.0,236,1,0,1,Biker
1,0.0,731.0,40.0,820.0,237,1,0,1,Biker
1,0.0,731.0,40.0,820.0,238,1,0,1,Biker
1,0.0,731.0,40.0,820.0,239,1,0,1,Biker
1,0.0,731.0,40.0,820.0,240,1,0,1,Biker
1,0.0,731.0,40.0,820.0,241,1,0,1,Biker
1,0.0,731.0,40.0,820.0,242,1,0,1,Biker
1,0.0,731.0,40.0,820.0,243,1,0,1,Biker
1,0.0,731.0,40.0,820.0,244,1,0,1,Biker
1,0.0,731.0,40.0,820.0,245,1,0,1,Biker
1,0.0,731.0,40.0,820.0,246,1,0,1,Biker
1,0.0,731.0,40.0,820.0,247,1,0,1,Biker
1,0.0,731.0,40.0,820.0,248,1,0,1,Biker
1,0.0,731.0,40.0,820.0,249,1,0,1,Biker
1,0.0,731.0,40.0,820.0,250,1,0,1,Biker
1,0.0,731.0,40.0,820.0,251,1,0,1,Biker
1,0.0,731.0,40.0,820.0,252,1,0,1,Biker
1,0.0,731.0,40.0,820.0,253,1,0,1,Biker
1,0.0,731.0,40.0,820.0,254,1,0,1,Biker
1,0.0,731.0,40.0,820.0,255,1,0,1,Biker
1,0.0,731.0,40.0,820.0,256,1,0,1,Biker
1,0.0,731.0,40.0,820.0,257,1,0,1,Biker
1,0.0,731.0,40.0,820.0,258,1,0,1,Biker
1,0.0,731.0,40.0,820.0,259,1,0,1,Biker
1,0.0,731.0,40.0,820.0,260,1,0,1,Biker
1,0.0,731.0,40.0,820.0,261,1,0,1,Biker
1,0.0,731.0,40.0,820.0,262,1,0,1,Biker
1,0.0,731.0,40.0,820.0,263,1,0,1,Biker
1,0.0,731.0,40.0,820.0,264,1,0,1,Biker
1,0.0,731.0,40.0,820.0,265,1,0,1,Biker
1,0.0,731.0,40.0,820.0,266,1,0,1,Biker
1,0.0,731.0,40.0,820.0,267,1,0,1,Biker
1,0.0,731.0,40.0,820.0,268,1,0,1,Biker
1,0.0,731.0,40.0,820.0,269,1,0,1,Biker
1,0.0,731.0,40.0,820.0,270,1,0,1,Biker
1,0.0,731.0,40.0,820.0,271,1,0,1,Biker
1,0.0,731.0,40.0,820.0,272,1,0,1,Biker
1,0.0,731.0,40.0,820.0,273,1,0,1,Biker
1,0.0,731.0,40.0,820.0,274,1,0,1,Biker
1,0.0,731.0,40.0,820.0,275,1,0,1,Biker
1,0.0,731.0,40.0,820.0,276,1,0,1,Biker
1,0.0,731.0,40.0,820.0,277,1,0,1,Biker
1,0.0,731.0,40.0,820.0,278,1,0,1,Biker
1,0.0,731.0,40.0,820.0,279,1,0,1,Biker
1,0.0,731.0,40.0,820.0,280,1,0,1,Biker
1,0.0,731.0,40.0,820.0,281,1,0,1,Biker
1,0.0,731.0,40.0,820.0,282,1,0,1,Biker
1,0.0,731.0,40.0,820.0,283,1,0,1,Biker
1,0.0,731.0,40.0,820.0,284,1,0,1,Biker
1,0.0,731.0,40.0,820.0,285,1,0,1,Biker
1,0.0,731.0,40.0,820.0,286,1,0,1,Biker
1,0.0,731.0,40.0,820.0,287,1,0,1,Biker
1,0.0,731.0,40.0,820.0,288,1,0,1,Biker
1,0.0,731.0,40.0,820.0,289,1,0,1,Biker
1,0.0,731.0,40.0,820.0,290,1,0,1,Biker
1,0.0,731.0,40.0,820.0,291,1,0,1,Biker
1,0.0,731.0,40.0,820.0,292,1,0,1,Biker
1,0.0,731.0,40.0,820.0,293,1,0,1,Biker
1,0.0,731.0,40.0,820.0,294,1,0,1,Biker
1,0.0,731.0,40.0,820.0,295,1,0,1,Biker
1,0.0,731.0,40.0,820.0,296,1,0,1,Biker
1,0.0,731.0,40.0,820.0,297,1,0,1,Biker
1,0.0,731.0,40.0,820.0,298,1,0,1,Biker
1,0.0,731.0,40.0,820.0,299,1,0,1,Biker
1,0.0,731.0,40.0,820.0,300,1,0,1,Biker
1,0.0,731.0,40.0,820.0,301,1,0,1,Biker
1,0.0,731.0,40.0,820.0,302,1,0,1,Biker
1,0.0,731.0,40.0,820.0,303,1,0,1,Biker
1,0.0,731.0,40.0,820.0,304,1,0,1,Biker
1,0.0,731.0,40.0,820.0,305,1,0,1,Biker
1,0.0,731.0,40.0,820.0,306,1,0,1,Biker
1,0.0,731.0,40.0,820.0,307,1,0,1,Biker
1,0.0,731.0,40.0,820.0,308,1,0,1,Biker
1,0.0,731.0,40.0,820.0,309,1,0,1,Biker
1,0.0,731.0,40.0,820.0,310,1,0,1,Biker
1,0.0,731.0,40.0,820.0,311,1,0,1,Biker
1,0.0,731.0,40.0,820.0,312,1,0,1,Biker
1,0.0,731.0,40.0,820.0,313,1,0,1,Biker
1,0.0,731.0,40.0,820.0,314,1,0,1,Biker
1,0.0,731.0,40.0,820.0,315,1,0,1,Biker
1,0.0,731.0,40.0,820.0,316,1,0,1,Biker
1,0.0,731.0,40.0,820.0,317,1,0,1,Biker
1,0.0,731.0,40.0,820.0,318,1,0,1,Biker
1,0.0,731.0,40.0,820.0,319,1,0,1,Biker
1,0.0,731.0,40.0,820.0,320,1,0,1,Biker
1,0.0,731.0,40.0,820.0,321,1,0,1,Biker
1,0.0,731.0,40.0,820.0,322,1,0,1,Biker
1,0.0,731.0,40.0,820.0,323,1,0,1,Biker
1,0.0,731.0,40.0,820.0,324,1,0,1,Biker
1,0.0,731.0,40.0,820.0,325,1,0,1,Biker
1,0.0,731.0,40.0,820.0,326,1,0,1,Biker
1,0.0,731.0,40.0,820.0,327,1,0,1,Biker
1,0.0,731.0,40.0,820.0,328,1,0,1,Biker
1,0.0,731.0,40.0,820.0,329,1,0,1,Biker
1,0.0,731.0,40.0,820.0,330,1,0,1,Biker
1,0.0,731.0,40.0,820.0,331,1,0,1,Biker
1,0.0,731.0,40.0,820.0,332,1,0,1,Biker
1,0.0,731.0,40.0,820.0,333,1,0,1,Biker
1,0.0,731.0,40.0,820.0,334,1,0,1,Biker
1,0.0,731.0,40.0,820.0,335,1,0,1,Biker
1,0.0,731.0,40.0,820.0,336,1,0,1,Biker
1,0.0,731.0,40.0,820.0,337,1,0,1,Biker
1,0.0,731.0,40.0,820.0,338,1,0,1,Biker
1,0.0,731.0,40.0,820.0,339,1,0,1,Biker
1,0.0,731.0,40.0,820.0,340,1,0,1,Biker
1,0.0,731.0,40.0,820.0,341,1,0,1,Biker
1,0.0,731.0,40.0,820.0,342,1,0,1,Biker
1,0.0,731.0,40.0,820.0,343,1,0,1,Biker
1,0.0,731.0,40.0,820.0,344,1,0,1,Biker
1,0.0,731.0,40.0,820.0,345,1,0,1,Biker
1,0.0,731.0,40.0,820.0,346,1,0,1,Biker
1,0.0,731.0,40.0,820.0,347,1,0,1,Biker
1,0.0,731.0,40.0,820.0,348,1,0,1,Biker
1,0.0,731.0,40.0,820.0,349,1,0,1,Biker
1,0.0,731.0,40.0,820.0,350,1,0,1,Biker
1,0.0,731.0,40.0,820.0,351,1,0,1,Biker
1,0.0,731.0,40.0,820.0,352,1,0,1,Biker
1,0.0,731.0,40.0,820.0,353,1,0,1,Biker
1,0.0,731.0,40.0,820.0,354,1,0,1,Biker
1,0.0,731.0,40.0,820.0,355,1,0,1,Biker
1,0.0,731.0,40.0,820.0,356,1,0,1,Biker
1,0.0,731.0,40.0,820.0,357,1,0,1,Biker
1,0.0,731.0,40.0,820.0,358,1,0,1,Biker
1,0.0,731.0,40.0,820.0,359,1,0,1,Biker
1,0.0,731.0,40.0,820.0,360,1,0,1,Biker
1,0.0,731.0,40.0,820.0,361,1,0,1,Biker
1,0.0,731.0,40.0,820.0,362,1,0,1,Biker
1,0.0,731.0,40.0,820.0,363,1,0,1,Biker
1,0.0,731.0,40.0,820.0,364,1,0,1,Biker
1,0.0,731.0,40.0,820.0,365,1,0,1,Biker
1,0.0,731.0,40.0,820.0,366,1,0,1,Biker
1,0.0,731.0,40.0,820.0,367,1,0,1,Biker
1,0.0,731.0,40.0,820.0,368,1,0,1,Biker
1,0.0,731.0,40.0,820.0,369,1,0,1,Biker
1,0.0,731.0,40.0,820.0,370,1,0,1,Biker
1,0.0,731.0,40.0,820.0,371,1,0,1,Biker
1,0.0,731.0,40.0,820.0,372,1,0,1,Biker
1,0.0,731.0,40.0,820.0,373,1,0,1,Biker
1,0.0,731.0,40.0,820.0,374,1,0,1,Biker
1,0.0,731.0,40.0,820.0,375,1,0,1,Biker
1,0.0,731.0,40.0,820.0,376,1,0,1,Biker
1,0.0,731.0,40.0,820.0,377,1,0,1,Biker
1,0.0,731.0,40.0,820.0,378,1,0,1,Biker
1,0.0,731.0,40.0,820.0,379,1,0,1,Biker
1,0.0,731.0,40.0,820.0,380,1,0,1,Biker
1,0.0,731.0,40.0,820.0,381,1,0,1,Biker
1,0.0,731.0,40.0,820.0,382,1,0,1,Biker
1,0.0,731.0,40.0,820.0,383,1,0,1,Biker
1,0.0,731.0,40.0,820.0,384,1,0,1,Biker
1,0.0,731.0,40.0,820.0,385,1,0,1,Biker
1,0.0,731.0,40.0,820.0,386,1,0,1,Biker
1,0.0,731.0,40.0,820.0,387,1,0,1,Biker
1,0.0,731.0,40.0,820.0,388,1,0,1,Biker
1,0.0,731.0,40.0,820.0,389,1,0,1,Biker
1,0.0,731.0,40.0,820.0,390,1,0,1,Biker
1,0.0,731.0,40.0,820.0,391,1,0,1,Biker
1,0.0,731.0,40.0,820.0,392,1,0,1,Biker
1,0.0,731.0,40.0,820.0,393,1,0,1,Biker
1,0.0,731.0,40.0,820.0,394,1,0,1,Biker
1,0.0,731.0,40.0,820.0,395,1,0,1,Biker
1,0.0,731.0,40.0,820.0,396,1,0,1,Biker
1,0.0,731.0,40.0,820.0,397,1,0,1,Biker
1,0.0,731.0,40.0,820.0,398,1,0,1,Biker
1,0.0,731.0,40.0,820.0,399,1,0,1,Biker
1,0.0,731.0,40.0,820.0,400,1,0,1,Biker
1,0.0,731.0,40.0,820.0,401,1,0,1,Biker
1,0.0,731.0,40.0,820.0,402,1,0,1,Biker
1,0.0,731.0,40.0,820.0,403,1,0,1,Biker
1,0.0,731.0,40.0,820.0,404,1,0,1,Biker
1,0.0,731.0,40.0,820.0,405,1,0,1,Biker
1,0.0,731.0,40.0,820.0,406,1,0,1,Biker
1,0.0,731.0,40.0,820.0,407,1,0,1,Biker
1,0.0,731.0,40.0,820.0,408,1,0,1,Biker
1,0.0,731.0,40.0,820.0,409,1,0,1,Biker
1,0.0,731.0,40.0,820.0,410,1,0,1,Biker
1,0.0,731.0,40.0,820.0,411,1,0,1,Biker
1,0.0,731.0,40.0,820.0,412,1,0,1,Biker
1,0.0,731.0,40.0,820.0,413,1,0,1,Biker
1,0.0,731.0,40.0,820.0,414,1,0,1,Biker
1,0.0,731.0,40.0,820.0,415,1,0,1,Biker
1,0.0,731.0,40.0,820.0,416,1,0,1,Biker
1,0.0,731.0,40.0,820.0,417,1,0,1,Biker
1,0.0,731.0,40.0,820.0,418,1,0,1,Biker
1,0.0,731.0,40.0,820.0,419,1,0,1,Biker
1,0.0,731.0,40.0,820.0,420,1,0,1,Biker
1,0.0,731.0,40.0,820.0,421,1,0,1,Biker
1,0.0,731.0,40.0,820.0,422,1,0,1,Biker
1,0.0,731.0,40.0,820.0,423,1,0,1,Biker
1,0.0,731.0,40.0,820.0,424,1,0,1,Biker
1,0.0,731.0,40.0,820.0,425,1,0,1,Biker
1,0.0,731.0,40.0,820.0,426,1,0,1,Biker
1,0.0,731.0,40.0,820.0,427,1,0,1,Biker
1,0.0,731.0,40.0,820.0,428,1,0,1,Biker
1,0.0,731.0,40.0,820.0,429,1,0,1,Biker
1,0.0,731.0,40.0,820.0,430,1,0,1,Biker
1,0.0,731.0,40.0,820.0,431,1,0,1,Biker
1,0.0,731.0,40.0,820.0,432,1,0,1,Biker
1,0.0,731.0,40.0,820.0,433,1,0,1,Biker
1,0.0,731.0,40.0,820.0,434,1,0,1,Biker
1,0.0,731.0,40.0,820.0,435,1,0,1,Biker
1,0.0,731.0,40.0,820.0,436,1,0,1,Biker
1,0.0,731.0,40.0,820.0,437,1,0,1,Biker
1,0.0,731.0,40.0,820.0,438,1,0,1,Biker
1,0.0,731.0,40.0,820.0,439,1,0,1,Biker
1,0.0,731.0,40.0,820.0,440,1,0,1,Biker
1,0.0,731.0,40.0,820.0,441,1,0,1,Biker
1,0.0,731.0,40.0,820.0,442,1,0,1,Biker
1,0.0,731.0,40.0,820.0,443,1,0,1,Biker
1,0.0,731.0,40.0,820.0,444,1,0,1,Biker
1,0.0,731.0,40.0,820.0,445,1,0,1,Biker
1,0.0,731.0,40.0,820.0,446,1,0,1,Biker
1,0.0,731.0,40.0,820.0,447,1,0,1,Biker
1,0.0,731.0,40.0,820.0,448,1,0,1,Biker
1,0.0,731.0,40.0,820.0,449,1,0,1,Biker
1,0.0,731.0,40.0,820.0,450,1,0,1,Biker
1,0.0,731.0,40.0,820.0,451,1,0,1,Biker
1,0.0,731.0,40.0,820.0,452,1,0,1,Biker
1,0.0,731.0,40.0,820.0,453,1,0,1,Biker
1,0.0,731.0,40.0,820.0,454,1,0,1,Biker
1,0.0,731.0,40.0,820.0,455,1,0,1,Biker
1,0.0,731.0,40.0,820.0,456,1,0,1,Biker
1,0.0,731.0,40.0,820.0,457,1,0,1,Biker
1,0.0,731.0,40.0,820.0,458,1,0,1,Biker
1,0.0,731.0,40.0,820.0,459,1,0,1,Biker
1,0.0,731.0,40.0,820.0,460,1,0,1,Biker
1,0.0,731.0,40.0,820.0,461,1,0,1,Biker
1,0.0,731.0,40.0,820.0,462,1,0,1,Biker
1,0.0,731.0,40.0,820.0,463,1,0,1,Biker
1,0.0,731.0,40.0,820.0,464,1,0,1,Biker
1,0.0,731.0,40.0,820.0,465,1,0,1,Biker
1,0.0,731.0,40.0,820.0,466,1,0,1,Biker
1,0.0,731.0,40.0,820.0,467,1,0,1,Biker
1,0.0,731.0,40.0,820.0,468,1,0,1,Biker
1,0.0,731.0,40.0,820.0,469,1,0,1,Biker
1,0.0,731.0,40.0,820.0,470,1,0,1,Biker
1,0.0,731.0,40.0,820.0,471,1,0,1,Biker
1,0.0,731.0,40.0,820.0,472,1,0,1,Biker
1,0.0,731.0,40.0,820.0,473,1,0,1,Biker
1,0.0,731.0,40.0,820.0,474,1,0,1,Biker
1,0.0,731.0,40.0,820.0,475,1,0,1,Biker
1,0.0,731.0,40.0,820.0,476,1,0,1,Biker
1,0.0,731.0,40.0,820.0,477,1,0,1,Biker
1,0.0,731.0,40.0,820.0,478,1,0,1,Biker
1,0.0,731.0,40.0,820.0,479,1,0,1,Biker
1,0.0,731.0,40.0,820.0,480,1,0,1,Biker
1,0.0,731.0,40.0,820.0,481,1,0,1,Biker
1,0.0,731.0,40.0,820.0,482,1,0,1,Biker
1,0.0,731.0,40.0,820.0,483,1,0,1,Biker
1,0.0,731.0,40.0,820.0,484,1,0,1,Biker
1,0.0,731.0,40.0,820.0,485,1,0,1,Biker
1,0.0,731.0,40.0,820.0,486,1,0,1,Biker
1,0.0,731.0,40.0,820.0,487,1,0,1,Biker
1,0.0,731.0,40.0,820.0,488,1,0,1,Biker
1,0.0,731.0,40.0,820.0,489,1,0,1,Biker
1,0.0,731.0,40.0,820.0,490,1,0,1,Biker
1,0.0,731.0,40.0,820.0,491,1,0,1,Biker
1,0.0,731.0,40.0,820.0,492,1,0,1,Biker
1,0.0,731.0,40.0,820.0,493,1,0,1,Biker
1,0.0,731.0,40.0,820.0,494,1,0,1,Biker
1,0.0,731.0,40.0,820.0,495,1,0,1,Biker
1,0.0,731.0,40.0,820.0,496,1,0,1,Biker
1,0.0,731.0,40.0,820.0,497,1,0,1,Biker
1,0.0,731.0,40.0,820.0,498,1,0,1,Biker
1,0.0,731.0,40.0,820.0,499,1,0,1,Biker
1,0.0,731.0,40.0,820.0,500,1,0,1,Biker
1,0.0,731.0,40.0,820.0,501,1,0,1,Biker
1,0.0,731.0,40.0,820.0,502,1,0,1,Biker
1,0.0,731.0,40.0,820.0,503,1,0,1,Biker
1,0.0,731.0,40.0,820.0,504,1,0,1,Biker
1,0.0,731.0,40.0,820.0,505,1,0,1,Biker
1,0.0,731.0,40.0,820.0,506,1,0,1,Biker
1,0.0,731.0,40.0,820.0,507,1,0,1,Biker
1,0.0,731.0,40.0,820.0,508,1,0,1,Biker
1,0.0,731.0,40.0,820.0,509,1,0,1,Biker
1,0.0,731.0,40.0,820.0,510,1,0,1,Biker
1,0.0,731.0,40.0,820.0,511,1,0,1,Biker
1,0.0,731.0,40.0,820.0,512,1,0,1,Biker
1,0.0,731.0,40.0,820.0,513,1,0,1,Biker
1,0.0,731.0,40.0,820.0,514,1,0,1,Biker
1,0.0,731.0,40.0,820.0,515,1,0,1,Biker
1,0.0,731.0,40.0,820.0,516,1,0,1,Biker
1,0.0,731.0,40.0,820.0,517,1,0,1,Biker
1,0.0,731.0,40.0,820.0,518,1,0,1,Biker
1,0.0,731.0,40.0,820.0,519,1,0,1,Biker
1,0.0,731.0,40.0,820.0,520,1,0,1,Biker
1,0.0,731.0,40.0,820.0,521,1,0,1,Biker
1,0.0,731.0,40.0,820.0,522,1,0,1,Biker
1,0.0,731.0,40.0,820.0,523,1,0,1,Biker
1,0.0,731.0,40.0,820.0,524,1,0,1,Biker
1,0.0,731.0,40.0,820.0,525,1,0,1,Biker
1,0.0,731.0,40.0,820.0,526,1,0,1,Biker
1,0.0,731.0,40.0,820.0,527,1,0,1,Biker
1,0.0,731.0,40.0,820.0,528,1,0,1,Biker
1,0.0,731.0,40.0,820.0,529,1,0,1,Biker
1,0.0,731.0,40.0,820.0,530,1,0,1,Biker
1,0.0,731.0,40.0,820.0,531,1,0,0,Biker
2,4.0,755.0,96.0,836.0,0,1,0,0,Biker
2,2.0,751.0,94.0,832.0,1,1,0,1,Biker
2,2.0,751.0,94.0,832.0,2,1,0,1,Biker
2,2.0,751.0,94.0,832.0,3,1,0,1,Biker
2,2.0,751.0,94.0,832.0,4,1,0,1,Biker
2,2.0,751.0,94.0,832.0,5,1,0,1,Biker
2,2.0,751.0,94.0,832.0,6,1,0,1,Biker
2,2.0,751.0,94.0,832.0,7,1,0,1,Biker
2,2.0,751.0,94.0,832.0,8,1,0,1,Biker
2,2.0,751.0,94.0,832.0,9,1,0,1,Biker
2,2.0,751.0,94.0,832.0,10,1,0,1,Biker
2,2.0,751.0,94.0,832.0,11,1,0,1,Biker
2,2.0,751.0,92.0,832.0,12,1,0,1,Biker
2,2.0,751.0,92.0,832.0,13,1,0,1,Biker
2,2.0,751.0,92.0,832.0,14,1,0,1,Biker
2,2.0,751.0,92.0,832.0,15,1,0,1,Biker
2,2.0,751.0,92.0,832.0,16,1,0,1,Biker
2,2.0,751.0,92.0,832.0,17,1,0,1,Biker
2,2.0,751.0,92.0,832.0,18,1,0,1,Biker
2,2.0,751.0,92.0,832.0,19,1,0,1,Biker
2,2.0,751.0,92.0,832.0,20,1,0,1,Biker
2,2.0,751.0,92.0,832.0,21,1,0,1,Biker
2,2.0,751.0,92.0,832.0,22,1,0,1,Biker
2,2.0,751.0,92.0,832.0,23,1,0,1,Biker
2,2.0,751.0,90.0,832.0,24,1,0,1,Biker
2,2.0,751.0,90.0,832.0,25,1,0,1,Biker
2,2.0,751.0,90.0,832.0,26,1,0,1,Biker
2,2.0,751.0,90.0,832.0,27,1,0,1,Biker
2,2.0,751.0,90.0,832.0,28,1,0,1,Biker
2,2.0,751.0,90.0,832.0,29,1,0,1,Biker
2,2.0,751.0,90.0,832.0,30,1,0,1,Biker
2,2.0,751.0,90.0,832.0,31,1,0,1,Biker
2,2.0,751.0,90.0,832.0,32,1,0,1,Biker
2,2.0,751.0,90.0,832.0,33,1,0,1,Biker
2,2.0,751.0,90.0,832.0,34,1,0,1,Biker
2,2.0,751.0,88.0,832.0,35,1,0,1,Biker
2,2.0,751.0,88.0,832.0,36,1,0,1,Biker
2,2.0,751.0,88.0,832.0,37,1,0,1,Biker
2,2.0,751.0,88.0,832.0,38,1,0,1,Biker
2,2.0,751.0,88.0,832.0,39,1,0,1,Biker
2,2.0,751.0,88.0,832.0,40,1,0,1,Biker
2,2.0,751.0,88.0,832.0,41,1,0,1,Biker
2,2.0,751.0,88.0,832.0,42,1,0,1,Biker
2,2.0,751.0,88.0,832.0,43,1,0,1,Biker
2,2.0,751.0,88.0,832.0,44,1,0,1,Biker
2,2.0,751.0,88.0,832.0,45,1,0,1,Biker
2,2.0,751.0,88.0,832.0,46,1,0,1,Biker
2,2.0,751.0,86.0,832.0,47,1,0,1,Biker
2,2.0,751.0,86.0,832.0,48,1,0,1,Biker
2,2.0,751.0,86.0,832.0,49,1,0,1,Biker
2,2.0,751.0,86.0,832.0,50,1,0,1,Biker
2,2.0,751.0,86.0,832.0,51,1,0,1,Biker
2,2.0,751.0,86.0,832.0,52,1,0,1,Biker
2,2.0,751.0,86.0,832.0,53,1,0,1,Biker
2,2.0,751.0,86.0,832.0,54,1,0,1,Biker
2,2.0,751.0,86.0,832.0,55,1,0,1,Biker
2,2.0,751.0,86.0,832.0,56,1,0,1,Biker
2,2.0,751.0,86.0,832.0,57,1,0,1,Biker
2,2.0,751.0,86.0,832.0,58,1,0,1,Biker
2,2.0,751.0,84.0,832.0,59,1,0,1,Biker
2,2.0,751.0,84.0,832.0,60,1,0,1,Biker
2,2.0,751.0,84.0,832.0,61,1,0,1,Biker
2,2.0,751.0,84.0,832.0,62,1,0,1,Biker
2,2.0,751.0,84.0,832.0,63,1,0,1,Biker
2,2.0,751.0,84.0,832.0,64,1,0,1,Biker
2,2.0,751.0,84.0,832.0,65,1,0,1,Biker
2,2.0,751.0,84.0,832.0,66,1,0,1,Biker
2,2.0,751.0,84.0,832.0,67,1,0,1,Biker
2,2.0,751.0,84.0,832.0,68,1,0,1,Biker
2,2.0,751.0,84.0,832.0,69,1,0,1,Biker
2,2.0,751.0,82.0,832.0,70,1,0,1,Biker
2,2.0,751.0,82.0,832.0,71,1,0,1,Biker
2,2.0,751.0,82.0,832.0,72,1,0,1,Biker
2,2.0,751.0,82.0,832.0,73,1,0,1,Biker
2,2.0,751.0,82.0,832.0,74,1,0,1,Biker
2,2.0,751.0,82.0,832.0,75,1,0,1,Biker
2,2.0,751.0,82.0,832.0,76,1,0,1,Biker
2,2.0,751.0,82.0,832.0,77,1,0,1,Biker
2,2.0,751.0,82.0,832.0,78,1,0,1,Biker
2,2.0,751.0,82.0,832.0,79,1,0,1,Biker
2,2.0,751.0,82.0,832.0,80,1,0,1,Biker
2,2.0,751.0,82.0,832.0,81,1,0,1,Biker
2,2.0,751.0,80.0,832.0,82,1,0,1,Biker
2,2.0,751.0,80.0,832.0,83,1,0,1,Biker
2,2.0,751.0,80.0,832.0,84,1,0,1,Biker
2,2.0,751.0,80.0,832.0,85,1,0,1,Biker
2,2.0,751.0,80.0,832.0,86,1,0,1,Biker
2,2.0,751.0,80.0,832.0,87,1,0,1,Biker
2,2.0,751.0,80.0,832.0,88,1,0,1,Biker
2,2.0,751.0,80.0,832.0,89,1,0,1,Biker
2,2.0,751.0,80.0,832.0,90,1,0,1,Biker
2,2.0,751.0,80.0,832.0,91,1,0,1,Biker
2,2.0,751.0,80.0,832.0,92,1,0,1,Biker
2,2.0,751.0,80.0,832.0,93,1,0,1,Biker
2,2.0,751.0,78.0,832.0,94,1,0,1,Biker
2,2.0,751.0,78.0,832.0,95,1,0,1,Biker
2,2.0,751.0,78.0,832.0,96,1,0,1,Biker
2,2.0,751.0,78.0,832.0,97,1,0,1,Biker
2,2.0,751.0,78.0,832.0,98,1,0,1,Biker
2,2.0,751.0,78.0,832.0,99,1,0,1,Biker
2,2.0,751.0,78.0,832.0,100,1,0,1,Biker
2,2.0,751.0,78.0,832.0,101,1,0,1,Biker
2,2.0,751.0,78.0,832.0,102,1,0,1,Biker
2,2.0,751.0,78.0,832.0,103,1,0,1,Biker
2,2.0,751.0,78.0,832.0,104,1,0,1,Biker
2,2.0,751.0,76.0,832.0,105,1,0,1,Biker
2,2.0,751.0,76.0,832.0,106,1,0,1,Biker
2,2.0,751.0,76.0,832.0,107,1,0,1,Biker
2,2.0,751.0,76.0,832.0,108,1,0,1,Biker
2,2.0,751.0,76.0,832.0,109,1,0,1,Biker
2,2.0,751.0,76.0,832.0,110,1,0,1,Biker
2,2.0,751.0,76.0,832.0,111,1,0,1,Biker
2,2.0,751.0,76.0,832.0,112,1,0,1,Biker
2,2.0,751.0,76.0,832.0,113,1,0,1,Biker
2,2.0,751.0,76.0,832.0,114,1,0,1,Biker
2,2.0,751.0,76.0,832.0,115,1,0,1,Biker
2,2.0,751.0,76.0,832.0,116,1,0,1,Biker
2,2.0,751.0,74.0,832.0,117,1,0,1,Biker
2,2.0,751.0,74.0,832.0,118,1,0,1,Biker
2,2.0,751.0,74.0,832.0,119,1,0,1,Biker
2,2.0,751.0,74.0,832.0,120,1,0,1,Biker
2,2.0,751.0,74.0,832.0,121,1,0,1,Biker
2,2.0,751.0,74.0,832.0,122,1,0,1,Biker
2,2.0,751.0,74.0,832.0,123,1,0,1,Biker
2,2.0,751.0,74.0,832.0,124,1,0,1,Biker
2,2.0,751.0,74.0,832.0,125,1,0,1,Biker
2,2.0,751.0,74.0,832.0,126,1,0,1,Biker
2,2.0,751.0,74.0,832.0,127,1,0,1,Biker
2,2.0,751.0,74.0,832.0,128,1,0,1,Biker
2,2.0,751.0,72.0,832.0,129,1,0,1,Biker
2,2.0,751.0,72.0,832.0,130,1,0,1,Biker
2,2.0,751.0,72.0,832.0,131,1,0,1,Biker
2,2.0,751.0,72.0,832.0,132,1,0,1,Biker
2,2.0,751.0,72.0,832.0,133,1,0,1,Biker
2,2.0,751.0,72.0,832.0,134,1,0,1,Biker
2,2.0,751.0,72.0,832.0,135,1,0,1,Biker
2,2.0,751.0,72.0,832.0,136,1,0,1,Biker
2,2.0,751.0,72.0,832.0,137,1,0,1,Biker
2,2.0,751.0,72.0,832.0,138,1,0,1,Biker
2,2.0,751.0,72.0,832.0,139,1,0,1,Biker
2,2.0,751.0,70.0,832.0,140,1,0,1,Biker
2,2.0,751.0,70.0,832.0,141,1,0,1,Biker
2,2.0,751.0,70.0,832.0,142,1,0,1,Biker
2,2.0,751.0,70.0,832.0,143,1,0,1,Biker
2,2.0,751.0,70.0,832.0,144,1,0,1,Biker
2,2.0,751.0,70.0,832.0,145,1,0,1,Biker
2,2.0,751.0,70.0,832.0,146,1,0,1,Biker
2,2.0,751.0,70.0,832.0,147,1,0,1,Biker
2,2.0,751.0,70.0,832.0,148,1,0,1,Biker
2,2.0,751.0,70.0,832.0,149,1,0,1,Biker
2,2.0,751.0,70.0,832.0,150,1,0,1,Biker
2,2.0,751.0,70.0,832.0,151,1,0,1,Biker
2,2.0,751.0,68.0,832.0,152,1,0,1,Biker
2,2.0,751.0,68.0,832.0,153,1,0,1,Biker
2,2.0,751.0,68.0,832.0,154,1,0,1,Biker
2,2.0,751.0,68.0,832.0,155,1,0,1,Biker
2,2.0,751.0,68.0,832.0,156,1,0,1,Biker
2,2.0,751.0,68.0,832.0,157,1,0,1,Biker
2,2.0,751.0,68.0,832.0,158,1,0,1,Biker
2,2.0,751.0,68.0,832.0,159,1,0,1,Biker
2,2.0,751.0,68.0,832.0,160,1,0,1,Biker
2,2.0,751.0,68.0,832.0,161,1,0,1,Biker
2,2.0,751.0,68.0,832.0,162,1,0,1,Biker
2,2.0,751.0,68.0,832.0,163,1,0,1,Biker
2,2.0,751.0,66.0,832.0,164,1,0,1,Biker
2,2.0,751.0,66.0,832.0,165,1,0,1,Biker
2,2.0,751.0,66.0,832.0,166,1,0,1,Biker
2,2.0,751.0,66.0,832.0,167,1,0,1,Biker
2,2.0,751.0,66.0,832.0,168,1,0,1,Biker
2,2.0,751.0,66.0,832.0,169,1,0,1,Biker
2,2.0,751.0,66.0,832.0,170,1,0,1,Biker
2,2.0,751.0,66.0,832.0,171,1,0,1,Biker
2,2.0,751.0,66.0,832.0,172,1,0,1,Biker
2,2.0,751.0,66.0,832.0,173,1,0,1,Biker
2,2.0,751.0,66.0,832.0,174,1,0,1,Biker
2,2.0,751.0,64.0,832.0,175,1,0,1,Biker
2,2.0,751.0,64.0,832.0,176,1,0,1,Biker
2,2.0,751.0,64.0,832.0,177,1,0,1,Biker
2,2.0,751.0,64.0,832.0,178,1,0,1,Biker
2,2.0,751.0,64.0,832.0,179,1,0,1,Biker
2,2.0,751.0,64.0,832.0,180,1,0,1,Biker
2,0.0,751.0,64.0,832.0,181,1,0,1,Biker
2,0.0,751.0,64.0,832.0,182,1,0,1,Biker
2,0.0,751.0,64.0,832.0,183,1,0,1,Biker
2,0.0,751.0,64.0,832.0,184,1,0,1,Biker
2,0.0,751.0,64.0,832.0,185,1,0,1,Biker
2,0.0,751.0,64.0,832.0,186,1,0,1,Biker
2,0.0,751.0,62.0,832.0,187,1,0,1,Biker
2,0.0,751.0,62.0,832.0,188,1,0,1,Biker
2,0.0,751.0,62.0,832.0,189,1,0,1,Biker
2,0.0,751.0,62.0,832.0,190,1,0,1,Biker
2,0.0,751.0,62.0,832.0,191,1,0,1,Biker
2,0.0,751.0,62.0,832.0,192,1,0,1,Biker
2,0.0,751.0,62.0,832.0,193,1,0,1,Biker
2,0.0,751.0,62.0,832.0,194,1,0,1,Biker
2,0.0,751.0,62.0,832.0,195,1,0,1,Biker
2,0.0,751.0,62.0,832.0,196,1,0,1,Biker
2,0.0,751.0,62.0,832.0,197,1,0,1,Biker
2,0.0,751.0,60.0,832.0,198,1,0,1,Biker
2,0.0,751.0,60.0,832.0,199,1,0,1,Biker
2,0.0,751.0,60.0,832.0,200,1,0,1,Biker
2,0.0,751.0,60.0,832.0,201,1,0,1,Biker
2,0.0,751.0,60.0,832.0,202,1,0,1,Biker
2,0.0,751.0,60.0,832.0,203,1,0,1,Biker
2,0.0,751.0,60.0,832.0,204,1,0,1,Biker
2,0.0,751.0,60.0,832.0,205,1,0,1,Biker
2,0.0,751.0,60.0,832.0,206,1,0,1,Biker
2,0.0,751.0,60.0,832.0,207,1,0,1,Biker
2,0.0,751.0,60.0,832.0,208,1,0,1,Biker
2,0.0,751.0,60.0,832.0,209,1,0,1,Biker
2,0.0,751.0,58.0,832.0,210,1,0,1,Biker
2,0.0,751.0,58.0,832.0,211,1,0,1,Biker
2,0.0,751.0,58.0,832.0,212,1,0,1,Biker
2,0.0,751.0,58.0,832.0,213,1,0,1,Biker
2,0.0,751.0,58.0,832.0,214,1,0,1,Biker
2,0.0,751.0,58.0,832.0,215,1,0,1,Biker
2,0.0,751.0,58.0,832.0,216,1,0,1,Biker
2,0.0,751.0,58.0,832.0,217,1,0,1,Biker
2,0.0,751.0,58.0,832.0,218,1,0,1,Biker
2,0.0,751.0,58.0,832.0,219,1,0,1,Biker
2,0.0,751.0,58.0,832.0,220,1,0,1,Biker
2,0.0,751.0,58.0,832.0,221,1,0,1,Biker
2,0.0,751.0,56.0,832.0,222,1,0,1,Biker
2,0.0,751.0,56.0,832.0,223,1,0,1,Biker
2,0.0,751.0,56.0,832.0,224,1,0,1,Biker
2,0.0,751.0,56.0,832.0,225,1,0,1,Biker
2,0.0,751.0,56.0,832.0,226,1,0,1,Biker
2,0.0,751.0,56.0,832.0,227,1,0,1,Biker
2,0.0,751.0,56.0,832.0,228,1,0,1,Biker
2,0.0,751.0,56.0,832.0,229,1,0,1,Biker
2,0.0,751.0,56.0,832.0,230,1,0,1,Biker
2,0.0,751.0,56.0,832.0,231,1,0,1,Biker
2,0.0,751.0,56.0,832.0,232,1,0,1,Biker
2,0.0,751.0,54.0,832.0,233,1,0,1,Biker
2,0.0,751.0,54.0,832.0,234,1,0,1,Biker
2,0.0,751.0,54.0,832.0,235,1,0,1,Biker
2,0.0,751.0,54.0,832.0,236,1,0,1,Biker
2,0.0,751.0,54.0,832.0,237,1,0,1,Biker
2,0.0,751.0,54.0,832.0,238,1,0,1,Biker
2,0.0,751.0,54.0,832.0,239,1,0,1,Biker
2,0.0,751.0,54.0,832.0,240,1,0,1,Biker
2,0.0,751.0,54.0,832.0,241,1,0,1,Biker
2,0.0,751.0,54.0,832.0,242,1,0,1,Biker
2,0.0,751.0,54.0,832.0,243,1,0,1,Biker
2,0.0,751.0,54.0,832.0,244,1,0,1,Biker
2,0.0,751.0,52.0,832.0,245,1,0,1,Biker
2,0.0,751.0,52.0,832.0,246,1,0,1,Biker
2,0.0,751.0,52.0,832.0,247,1,0,1,Biker
2,0.0,751.0,52.0,832.0,248,1,0,1,Biker
2,0.0,751.0,52.0,832.0,249,1,0,1,Biker
2,0.0,751.0,52.0,832.0,250,1,0,1,Biker
2,0.0,751.0,52.0,832.0,251,1,0,1,Biker
2,0.0,751.0,52.0,832.0,252,1,0,1,Biker
2,0.0,751.0,52.0,832.0,253,1,0,1,Biker
2,0.0,751.0,52.0,832.0,254,1,0,1,Biker
2,0.0,751.0,52.0,832.0,255,1,0,1,Biker
2,0.0,751.0,52.0,832.0,256,1,0,1,Biker
2,0.0,751.0,50.0,832.0,257,1,0,1,Biker
2,0.0,751.0,50.0,832.0,258,1,0,1,Biker
2,0.0,751.0,50.0,832.0,259,1,0,1,Biker
2,0.0,751.0,50.0,832.0,260,1,0,1,Biker
2,0.0,751.0,50.0,832.0,261,1,0,1,Biker
2,0.0,751.0,50.0,832.0,262,1,0,1,Biker
2,0.0,751.0,50.0,832.0,263,1,0,1,Biker
2,0.0,751.0,50.0,832.0,264,1,0,1,Biker
2,0.0,751.0,50.0,832.0,265,1,0,1,Biker
2,0.0,751.0,50.0,832.0,266,1,0,1,Biker
2,0.0,751.0,50.0,832.0,267,1,0,1,Biker
2,0.0,751.0,48.0,832.0,268,1,0,1,Biker
2,0.0,751.0,48.0,832.0,269,1,0,1,Biker
2,0.0,751.0,48.0,832.0,270,1,0,1,Biker
2,0.0,751.0,48.0,832.0,271,1,0,1,Biker
2,0.0,751.0,48.0,832.0,272,1,0,1,Biker
2,0.0,751.0,48.0,832.0,273,1,0,1,Biker
2,0.0,751.0,48.0,832.0,274,1,0,1,Biker
2,0.0,751.0,48.0,832.0,275,1,0,1,Biker
2,0.0,751.0,48.0,832.0,276,1,0,1,Biker
2,0.0,751.0,48.0,832.0,277,1,0,1,Biker
2,0.0,751.0,48.0,832.0,278,1,0,1,Biker
2,0.0,751.0,48.0,832.0,279,1,0,1,Biker
2,0.0,751.0,46.0,832.0,280,1,0,1,Biker
2,0.0,751.0,46.0,832.0,281,1,0,1,Biker
2,0.0,751.0,46.0,832.0,282,1,0,1,Biker
2,0.0,751.0,46.0,832.0,283,1,0,1,Biker
2,0.0,751.0,46.0,832.0,284,1,0,1,Biker
2,0.0,751.0,46.0,832.0,285,1,0,1,Biker
2,0.0,751.0,46.0,832.0,286,1,0,1,Biker
2,0.0,751.0,46.0,832.0,287,1,0,1,Biker
2,0.0,751.0,46.0,832.0,288,1,0,1,Biker
2,0.0,751.0,46.0,832.0,289,1,0,1,Biker
2,0.0,751.0,46.0,832.0,290,1,0,1,Biker
2,0.0,751.0,46.0,832.0,291,1,0,1,Biker
2,0.0,751.0,44.0,832.0,292,1,0,1,Biker
2,0.0,751.0,44.0,832.0,293,1,0,1,Biker
2,0.0,751.0,44.0,832.0,294,1,0,1,Biker
2,0.0,751.0,44.0,832.0,295,1,0,1,Biker
2,0.0,751.0,44.0,832.0,296,1,0,1,Biker
2,0.0,751.0,44.0,832.0,297,1,0,1,Biker
2,0.0,751.0,44.0,832.0,298,1,0,1,Biker
2,0.0,751.0,44.0,832.0,299,1,0,1,Biker
2,0.0,751.0,44.0,832.0,300,1,0,1,Biker
2,0.0,751.0,44.0,832.0,301,1,0,1,Biker
2,0.0,751.0,44.0,832.0,302,1,0,1,Biker
2,0.0,751.0,42.0,832.0,303,1,0,1,Biker
2,0.0,751.0,42.0,832.0,304,1,0,1,Biker
2,0.0,751.0,42.0,832.0,305,1,0,1,Biker
2,0.0,751.0,42.0,832.0,306,1,0,1,Biker
2,0.0,751.0,42.0,832.0,307,1,0,1,Biker
2,0.0,751.0,42.0,832.0,308,1,0,1,Biker
2,0.0,751.0,42.0,832.0,309,1,0,1,Biker
2,0.0,751.0,42.0,832.0,310,1,0,1,Biker
2,0.0,751.0,42.0,832.0,311,1,0,1,Biker
2,0.0,751.0,42.0,832.0,312,1,0,1,Biker
2,0.0,751.0,42.0,832.0,313,1,0,1,Biker
2,0.0,751.0,42.0,832.0,314,1,0,1,Biker
2,0.0,751.0,40.0,832.0,315,1,0,1,Biker
2,0.0,751.0,40.0,832.0,316,1,0,1,Biker
2,0.0,751.0,40.0,832.0,317,1,0,1,Biker
2,0.0,751.0,40.0,832.0,318,1,0,1,Biker
2,0.0,751.0,40.0,832.0,319,1,0,1,Biker
2,0.0,751.0,40.0,832.0,320,1,0,1,Biker
2,0.0,751.0,40.0,832.0,321,1,0,1,Biker
2,0.0,751.0,40.0,832.0,322,1,0,1,Biker
2,0.0,751.0,40.0,832.0,323,1,0,1,Biker
2,0.0,751.0,40.0,832.0,324,1,0,1,Biker
2,0.0,751.0,40.0,832.0,325,1,0,1,Biker
2,0.0,751.0,40.0,832.0,326,1,0,1,Biker
2,0.0,751.0,38.0,832.0,327,1,0,1,Biker
2,0.0,751.0,38.0,832.0,328,1,0,1,Biker
2,0.0,751.0,38.0,832.0,329,1,0,1,Biker
2,0.0,751.0,38.0,832.0,330,1,0,1,Biker
2,0.0,751.0,38.0,832.0,331,1,0,1,Biker
2,0.0,751.0,38.0,832.0,332,1,0,1,Biker
2,0.0,751.0,38.0,832.0,333,1,0,1,Biker
2,0.0,751.0,38.0,832.0,334,1,0,1,Biker
2,0.0,751.0,38.0,832.0,335,1,0,1,Biker
2,0.0,751.0,38.0,832.0,336,1,0,1,Biker
2,0.0,751.0,38.0,832.0,337,1,0,1,Biker
2,0.0,751.0,36.0,832.0,338,1,0,1,Biker
2,0.0,751.0,36.0,832.0,339,1,0,1,Biker
2,0.0,751.0,36.0,832.0,340,1,0,1,Biker
2,0.0,751.0,36.0,832.0,341,1,0,1,Biker
2,0.0,751.0,36.0,832.0,342,1,0,1,Biker
2,0.0,751.0,36.0,832.0,343,1,0,1,Biker
2,0.0,751.0,36.0,832.0,344,1,0,1,Biker
2,0.0,751.0,36.0,832.0,345,1,0,1,Biker
2,0.0,751.0,36.0,832.0,346,1,0,1,Biker
2,0.0,751.0,36.0,832.0,347,1,0,1,Biker
2,0.0,751.0,36.0,832.0,348,1,0,1,Biker
2,0.0,751.0,36.0,832.0,349,1,0,1,Biker
2,0.0,751.0,34.0,832.0,350,1,0,1,Biker
2,0.0,751.0,34.0,832.0,351,1,0,1,Biker
2,0.0,751.0,34.0,832.0,352,1,0,1,Biker
2,0.0,751.0,34.0,832.0,353,1,0,1,Biker
2,0.0,751.0,34.0,832.0,354,1,0,1,Biker
2,0.0,751.0,34.0,832.0,355,1,0,1,Biker
2,0.0,751.0,34.0,832.0,356,1,0,1,Biker
2,0.0,751.0,34.0,832.0,357,1,0,1,Biker
2,0.0,751.0,34.0,832.0,358,1,0,1,Biker
2,0.0,751.0,34.0,832.0,359,1,0,1,Biker
2,0.0,751.0,34.0,832.0,360,1,0,1,Biker
2,0.0,751.0,34.0,832.0,361,0,0,0,Biker
2,0.0,751.0,38.0,832.0,362,0,0,1,Biker
2,0.0,751.0,44.0,832.0,363,0,0,1,Biker
2,0.0,751.0,48.0,832.0,364,0,0,1,Biker
2,0.0,751.0,54.0,832.0,365,0,0,1,Biker
2,0.0,751.0,58.0,832.0,366,0,0,1,Biker
2,2.0,751.0,64.0,832.0,367,0,0,1,Biker
2,2.0,751.0,70.0,832.0,368,0,0,1,Biker
2,2.0,751.0,74.0,832.0,369,0,0,1,Biker
2,2.0,751.0,80.0,832.0,370,0,0,1,Biker
2,2.0,751.0,84.0,832.0,371,0,0,1,Biker
2,2.0,751.0,90.0,832.0,372,0,0,1,Biker
2,4.0,755.0,96.0,836.0,373,0,0,0,Biker
2,6.0,755.0,98.0,836.0,374,0,0,1,Biker
2,10.0,755.0,102.0,836.0,375,0,0,1,Biker
2,14.0,755.0,106.0,836.0,376,0,0,1,Biker
2,18.0,755.0,110.0,836.0,377,0,0,1,Biker
2,22.0,755.0,114.0,836.0,378,0,0,1,Biker
2,26.0,755.0,118.0,836.0,379,0,0,1,Biker
2,30.0,755.0,122.0,836.0,380,0,0,1,Biker
2,34.0,755.0,126.0,836.0,381,0,0,1,Biker
2,38.0,755.0,130.0,836.0,382,0,0,1,Biker
2,42.0,755.0,134.0,836.0,383,0,0,1,Biker
2,46.0,755.0,138.0,836.0,384,0,0,1,Biker
2,50.0,755.0,142.0,836.0,385,0,0,1,Biker
2,54.0,755.0,147.0,836.0,386,0,0,1,Biker
2,58.0,755.0,151.0,836.0,387,0,0,1,Biker
2,62.0,755.0,155.0,836.0,388,0,0,1,Biker
2,66.0,755.0,159.0,836.0,389,0,0,1,Biker
2,70.0,755.0,163.0,836.0,390,0,0,1,Biker
2,72.0,755.0,165.0,836.0,391,0,0,1,Biker
2,76.0,755.0,169.0,836.0,392,0,0,1,Biker
2,80.0,755.0,173.0,836.0,393,0,0,1,Biker
2,84.0,755.0,177.0,836.0,394,0,0,1,Biker
2,88.0,755.0,181.0,836.0,395,0,0,1,Biker
2,92.0,755.0,185.0,836.0,396,0,0,1,Biker
2,96.0,755.0,189.0,836.0,397,0,0,1,Biker
2,100.0,755.0,193.0,836.0,398,0,0,1,Biker
2,104.0,755.0,197.0,836.0,399,0,0,1,Biker
2,108.0,755.0,201.0,836.0,400,0,0,1,Biker
2,112.0,755.0,205.0,836.0,401,0,0,1,Biker
2,116.0,755.0,209.0,836.0,402,0,0,1,Biker
2,120.0,755.0,213.0,836.0,403,0,0,1,Biker
2,124.0,755.0,217.0,836.0,404,0,0,1,Biker
2,128.0,755.0,221.0,836.0,405,0,0,1,Biker
2,132.0,755.0,225.0,836.0,406,0,0,1,Biker
2,136.0,755.0,229.0,836.0,407,0,0,1,Biker
2,138.0,755.0,231.0,836.0,408,0,0,1,Biker
2,142.0,755.0,235.0,836.0,409,0,0,1,Biker
2,147.0,755.0,239.0,836.0,410,0,0,1,Biker
2,151.0,755.0,243.0,836.0,411,0,0,1,Biker
2,155.0,755.0,247.0,836.0,412,0,0,1,Biker
2,159.0,755.0,251.0,836.0,413,0,0,1,Biker
2,163.0,755.0,255.0,836.0,414,0,0,1,Biker
2,167.0,755.0,259.0,836.0,415,0,0,1,Biker
2,171.0,755.0,263.0,836.0,416,0,0,1,Biker
2,175.0,755.0,267.0,836.0,417,0,0,1,Biker
2,179.0,755.0,271.0,836.0,418,0,0,1,Biker
2,183.0,755.0,275.0,836.0,419,0,0,1,Biker
2,187.0,755.0,279.0,836.0,420,0,0,1,Biker
2,191.0,755.0,283.0,836.0,421,0,0,1,Biker
2,195.0,755.0,287.0,836.0,422,0,0,1,Biker
2,199.0,755.0,292.0,836.0,423,0,0,1,Biker
2,203.0,755.0,296.0,836.0,424,0,0,1,Biker
2,205.0,755.0,298.0,836.0,425,0,0,1,Biker
2,209.0,755.0,302.0,836.0,426,0,0,1,Biker
2,213.0,755.0,306.0,836.0,427,0,0,1,Biker
2,217.0,755.0,310.0,836.0,428,0,0,1,Biker
2,221.0,755.0,314.0,836.0,429,0,0,1,Biker
2,225.0,755.0,318.0,836.0,430,0,0,1,Biker
2,229.0,755.0,322.0,836.0,431,0,0,1,Biker
2,233.0,755.0,326.0,836.0,432,0,0,1,Biker
2,237.0,755.0,330.0,836.0,433,0,0,1,Biker
2,241.0,755.0,334.0,836.0,434,0,0,1,Biker
2,245.0,755.0,338.0,836.0,435,0,0,1,Biker
2,249.0,755.0,342.0,836.0,436,0,0,1,Biker
2,253.0,755.0,346.0,836.0,437,0,0,1,Biker
2,257.0,755.0,350.0,836.0,438,0,0,1,Biker
2,261.0,755.0,354.0,836.0,439,0,0,1,Biker
2,265.0,755.0,358.0,836.0,440,0,0,1,Biker
2,269.0,755.0,362.0,836.0,441,0,0,1,Biker
2,271.0,755.0,364.0,836.0,442,0,0,1,Biker
2,275.0,755.0,368.0,836.0,443,0,0,1,Biker
2,279.0,755.0,372.0,836.0,444,0,0,1,Biker
2,283.0,755.0,376.0,836.0,445,0,0,1,Biker
2,287.0,755.0,380.0,836.0,446,0,0,1,Biker
2,292.0,755.0,384.0,836.0,447,0,0,1,Biker
2,296.0,755.0,388.0,836.0,448,0,0,1,Biker
2,300.0,755.0,392.0,836.0,449,0,0,1,Biker
2,304.0,755.0,396.0,836.0,450,0,0,1,Biker
2,308.0,755.0,400.0,836.0,451,0,0,1,Biker
2,312.0,755.0,404.0,836.0,452,0,0,1,Biker
2,316.0,755.0,408.0,836.0,453,0,0,1,Biker
2,320.0,755.0,412.0,836.0,454,0,0,1,Biker
2,324.0,755.0,416.0,836.0,455,0,0,1,Biker
2,328.0,755.0,420.0,836.0,456,0,0,1,Biker
2,332.0,755.0,424.0,836.0,457,0,0,1,Biker
2,336.0,755.0,428.0,836.0,458,0,0,1,Biker
2,338.0,755.0,430.0,836.0,459,0,0,1,Biker
2,342.0,755.0,435.0,836.0,460,0,0,1,Biker
2,346.0,755.0,439.0,836.0,461,0,0,1,Biker
2,350.0,755.0,443.0,836.0,462,0,0,1,Biker
2,354.0,755.0,447.0,836.0,463,0,0,1,Biker
2,358.0,755.0,451.0,836.0,464,0,0,1,Biker
2,362.0,755.0,455.0,836.0,465,0,0,1,Biker
2,366.0,755.0,459.0,836.0,466,0,0,1,Biker
2,370.0,755.0,463.0,836.0,467,0,0,1,Biker
2,374.0,755.0,467.0,836.0,468,0,0,1,Biker
2,378.0,755.0,471.0,836.0,469,0,0,1,Biker
2,382.0,755.0,475.0,836.0,470,0,0,1,Biker
2,386.0,755.0,479.0,836.0,471,0,0,1,Biker
2,390.0,755.0,483.0,836.0,472,0,0,1,Biker
2,394.0,755.0,487.0,836.0,473,0,0,1,Biker
2,398.0,755.0,491.0,836.0,474,0,0,1,Biker
2,402.0,755.0,495.0,836.0,475,0,0,1,Biker
2,406.0,755.0,499.0,836.0,476,0,0,0,Biker
2,408.0,751.0,501.0,832.0,477,0,0,1,Biker
2,412.0,751.0,503.0,832.0,478,0,0,1,Biker
2,416.0,751.0,507.0,832.0,479,0,0,1,Biker
2,418.0,747.0,509.0,828.0,480,0,0,1,Biker
2,422.0,747.0,513.0,828.0,481,0,0,1,Biker
2,426.0,747.0,515.0,828.0,482,0,0,1,Biker
2,428.0,743.0,519.0,828.0,483,0,0,1,Biker
2,432.0,743.0,521.0,824.0,484,0,0,1,Biker
2,437.0,743.0,525.0,824.0,485,0,0,1,Biker
2,439.0,739.0,527.0,824.0,486,0,0,1,Biker
2,443.0,739.0,529.0,820.0,487,0,0,1,Biker
2,447.0,739.0,533.0,820.0,488,0,0,1,Biker
2,449.0,735.0,535.0,820.0,489,0,0,1,Biker
2,453.0,735.0,539.0,820.0,490,0,0,1,Biker
2,457.0,735.0,541.0,816.0,491,0,0,1,Biker
2,459.0,731.0,545.0,816.0,492,0,0,1,Biker
2,463.0,731.0,547.0,816.0,493,0,0,1,Biker
2,467.0,731.0,551.0,816.0,494,0,0,1,Biker
2,469.0,727.0,553.0,812.0,495,0,0,1,Biker
2,473.0,727.0,555.0,812.0,496,0,0,1,Biker
2,477.0,727.0,559.0,812.0,497,0,0,1,Biker
2,479.0,723.0,561.0,808.0,498,0,0,1,Biker
2,483.0,723.0,565.0,808.0,499,0,0,1,Biker
2,487.0,723.0,567.0,808.0,500,0,0,1,Biker
2,489.0,719.0,571.0,808.0,501,0,0,1,Biker
2,493.0,719.0,573.0,804.0,502,0,0,1,Biker
2,497.0,719.0,577.0,804.0,503,0,0,1,Biker
2,499.0,715.0,580.0,804.0,504,0,0,1,Biker
2,503.0,715.0,582.0,800.0,505,0,0,1,Biker
2,507.0,715.0,586.0,800.0,506,0,0,1,Biker
2,509.0,711.0,588.0,800.0,507,0,0,1,Biker
2,513.0,711.0,592.0,800.0,508,0,0,1,Biker
2,517.0,711.0,594.0,796.0,509,0,0,1,Biker
2,519.0,707.0,598.0,796.0,510,0,0,1,Biker
2,523.0,707.0,600.0,796.0,511,0,0,1,Biker
2,527.0,707.0,604.0,796.0,512,0,0,0,Biker
2,529.0,703.0,606.0,792.0,513,0,0,1,Biker
2,531.0,699.0,608.0,788.0,514,0,0,1,Biker
2,533.0,695.0,610.0,788.0,515,0,0,1,Biker
2,535.0,695.0,612.0,784.0,516,0,0,1,Biker
2,539.0,691.0,614.0,784.0,517,0,0,1,Biker
2,541.0,687.0,616.0,780.0,518,0,0,1,Biker
2,543.0,687.0,618.0,776.0,519,0,0,1,Biker
2,545.0,683.0,620.0,776.0,520,0,0,1,Biker
2,547.0,679.0,622.0,771.0,521,0,0,1,Biker
2,551.0,679.0,624.0,771.0,522,0,0,1,Biker
2,553.0,674.0,626.0,767.0,523,0,0,1,Biker
2,555.0,670.0,628.0,767.0,524,0,0,1,Biker
2,557.0,670.0,630.0,763.0,525,0,0,1,Biker
2,559.0,666.0,632.0,759.0,526,0,0,1,Biker
2,563.0,662.0,634.0,759.0,527,0,0,1,Biker
2,565.0,662.0,636.0,755.0,528,0,0,1,Biker
2,567.0,658.0,638.0,755.0,529,0,0,1,Biker
2,569.0,654.0,640.0,751.0,530,0,0,1,Biker
2,573.0,654.0,644.0,751.0,531,0,0,0,Biker
3,660.0,986.0,700.0,1091.0,0,0,0,0,Biker
3,660.0,982.0,700.0,1087.0,1,0,0,1,Biker
3,660.0,978.0,700.0,1083.0,2,0,0,1,Biker
3,660.0,978.0,700.0,1083.0,3,0,0,1,Biker
3,660.0,974.0,700.0,1079.0,4,0,0,1,Biker
3,660.0,974.0,700.0,1079.0,5,0,0,1,Biker
3,660.0,970.0,700.0,1075.0,6,0,0,1,Biker
3,660.0,970.0,700.0,1075.0,7,0,0,1,Biker
3,660.0,965.0,700.0,1071.0,8,0,0,1,Biker
3,660.0,961.0,700.0,1067.0,9,0,0,1,Biker
3,660.0,961.0,700.0,1067.0,10,0,0,1,Biker
3,660.0,957.0,700.0,1062.0,11,0,0,1,Biker
3,660.0,957.0,700.0,1062.0,12,0,0,1,Biker
3,662.0,953.0,702.0,1058.0,13,0,0,1,Biker
3,662.0,953.0,702.0,1058.0,14,0,0,1,Biker
3,662.0,949.0,702.0,1054.0,15,0,0,1,Biker
3,662.0,945.0,702.0,1050.0,16,0,0,1,Biker
3,662.0,945.0,702.0,1050.0,17,0,0,1,Biker
3,662.0,941.0,702.0,1046.0,18,0,0,1,Biker
3,662.0,941.0,702.0,1046.0,19,0,0,1,Biker
3,662.0,937.0,702.0,1042.0,20,0,0,1,Biker
3,662.0,937.0,702.0,1042.0,21,0,0,1,Biker
3,662.0,933.0,702.0,1038.0,22,0,0,1,Biker
3,662.0,929.0,702.0,1034.0,23,0,0,1,Biker
3,662.0,929.0,702.0,1034.0,24,0,0,1,Biker
3,664.0,925.0,704.0,1030.0,25,0,0,1,Biker
3,664.0,925.0,704.0,1030.0,26,0,0,1,Biker
3,664.0,921.0,704.0,1026.0,27,0,0,1,Biker
3,664.0,921.0,704.0,1026.0,28,0,0,1,Biker
3,664.0,917.0,704.0,1022.0,29,0,0,1,Biker
3,664.0,913.0,704.0,1018.0,30,0,0,1,Biker
3,664.0,913.0,704.0,1018.0,31,0,0,1,Biker
3,664.0,909.0,704.0,1014.0,32,0,0,1,Biker
3,664.0,909.0,704.0,1014.0,33,0,0,1,Biker
3,664.0,905.0,704.0,1010.0,34,0,0,1,Biker
3,664.0,905.0,704.0,1010.0,35,0,0,1,Biker
3,664.0,901.0,704.0,1006.0,36,0,0,1,Biker
3,666.0,897.0,706.0,1002.0,37,0,0,1,Biker
3,666.0,897.0,706.0,1002.0,38,0,0,1,Biker
3,666.0,893.0,706.0,998.0,39,0,0,1,Biker
3,666.0,893.0,706.0,998.0,40,0,0,1,Biker
3,666.0,889.0,706.0,994.0,41,0,0,1,Biker
3,666.0,889.0,706.0,994.0,42,0,0,1,Biker
3,666.0,885.0,706.0,990.0,43,0,0,1,Biker
3,666.0,881.0,706.0,986.0,44,0,0,1,Biker
3,666.0,881.0,706.0,986.0,45,0,0,1,Biker
3,666.0,877.0,706.0,982.0,46,0,0,1,Biker
3,666.0,877.0,706.0,982.0,47,0,0,1,Biker
3,666.0,873.0,706.0,978.0,48,0,0,1,Biker
3,668.0,873.0,708.0,978.0,49,0,0,0,Biker
3,666.0,868.0,706.0,974.0,50,0,0,1,Biker
3,666.0,864.0,706.0,970.0,51,0,0,1,Biker
3,666.0,864.0,706.0,970.0,52,0,0,1,Biker
3,664.0,860.0,704.0,965.0,53,0,0,1,Biker
3,664.0,856.0,704.0,961.0,54,0,0,1,Biker
3,664.0,856.0,704.0,961.0,55,0,0,1,Biker
3,664.0,852.0,704.0,957.0,56,0,0,1,Biker
3,662.0,848.0,702.0,953.0,57,0,0,1,Biker
3,662.0,848.0,702.0,953.0,58,0,0,1,Biker
3,662.0,844.0,702.0,949.0,59,0,0,1,Biker
3,660.0,840.0,700.0,945.0,60,0,0,1,Biker
3,660.0,840.0,700.0,945.0,61,0,0,1,Biker
3,660.0,836.0,700.0,941.0,62,0,0,1,Biker
3,660.0,832.0,700.0,937.0,63,0,0,1,Biker
3,658.0,832.0,698.0,937.0,64,0,0,1,Biker
3,658.0,828.0,698.0,933.0,65,0,0,1,Biker
3,658.0,824.0,698.0,929.0,66,0,0,1,Biker
3,656.0,824.0,696.0,929.0,67,0,0,1,Biker
3,656.0,820.0,696.0,925.0,68,0,0,1,Biker
3,656.0,816.0,696.0,921.0,69,0,0,1,Biker
3,656.0,816.0,696.0,921.0,70,0,0,1,Biker
3,654.0,812.0,694.0,917.0,71,0,0,1,Biker
3,654.0,808.0,694.0,913.0,72,0,0,1,Biker
3,654.0,808.0,694.0,913.0,73,0,0,1,Biker
3,652.0,804.0,692.0,909.0,74,0,0,1,Biker
3,652.0,800.0,692.0,905.0,75,0,0,1,Biker
3,652.0,800.0,692.0,905.0,76,0,0,1,Biker
3,652.0,796.0,692.0,901.0,77,0,0,1,Biker
3,650.0,792.0,690.0,897.0,78,0,0,1,Biker
3,650.0,792.0,690.0,897.0,79,0,0,1,Biker
3,650.0,788.0,690.0,893.0,80,0,0,1,Biker
3,650.0,784.0,690.0,889.0,81,0,0,1,Biker
3,648.0,784.0,688.0,889.0,82,0,0,1,Biker
3,648.0,780.0,688.0,885.0,83,0,0,1,Biker
3,648.0,776.0,688.0,881.0,84,0,0,1,Biker
3,646.0,776.0,686.0,881.0,85,0,0,1,Biker
3,646.0,771.0,686.0,877.0,86,0,0,1,Biker
3,646.0,767.0,686.0,873.0,87,0,0,1,Biker
3,646.0,767.0,686.0,873.0,88,0,0,1,Biker
3,644.0,763.0,684.0,868.0,89,0,0,1,Biker
3,644.0,759.0,684.0,864.0,90,0,0,1,Biker
3,644.0,759.0,684.0,864.0,91,0,0,1,Biker
3,642.0,755.0,682.0,860.0,92,0,0,1,Biker
3,642.0,751.0,682.0,856.0,93,0,0,1,Biker
3,642.0,751.0,682.0,856.0,94,0,0,1,Biker
3,642.0,747.0,682.0,852.0,95,0,0,1,Biker
3,640.0,743.0,680.0,848.0,96,0,0,1,Biker
3,640.0,743.0,680.0,848.0,97,0,0,1,Biker
3,640.0,739.0,680.0,844.0,98,0,0,1,Biker
3,638.0,735.0,678.0,840.0,99,0,0,1,Biker
3,638.0,735.0,678.0,840.0,100,0,0,1,Biker
3,638.0,731.0,678.0,836.0,101,0,0,1,Biker
3,638.0,727.0,678.0,832.0,102,0,0,1,Biker
3,636.0,727.0,676.0,832.0,103,0,0,1,Biker
3,636.0,723.0,676.0,828.0,104,0,0,1,Biker
3,636.0,719.0,676.0,824.0,105,0,0,1,Biker
3,636.0,719.0,676.0,824.0,106,0,0,0,Biker
3,634.0,715.0,674.0,820.0,107,0,0,1,Biker
3,634.0,711.0,674.0,816.0,108,0,0,1,Biker
3,634.0,707.0,674.0,812.0,109,0,0,1,Biker
3,634.0,703.0,674.0,808.0,110,0,0,1,Biker
3,634.0,699.0,674.0,804.0,111,0,0,1,Biker
3,634.0,695.0,674.0,800.0,112,0,0,1,Biker
3,634.0,691.0,674.0,796.0,113,0,0,1,Biker
3,634.0,691.0,674.0,796.0,114,0,0,1,Biker
3,634.0,687.0,674.0,792.0,115,0,0,1,Biker
3,634.0,683.0,674.0,788.0,116,0,0,1,Biker
3,632.0,679.0,672.0,784.0,117,0,0,1,Biker
3,632.0,674.0,672.0,780.0,118,0,0,1,Biker
3,632.0,670.0,672.0,776.0,119,0,0,1,Biker
3,632.0,666.0,672.0,771.0,120,0,0,1,Biker
3,632.0,662.0,672.0,767.0,121,0,0,1,Biker
3,632.0,662.0,672.0,767.0,122,0,0,1,Biker
3,632.0,658.0,672.0,763.0,123,0,0,1,Biker
3,632.0,654.0,672.0,759.0,124,0,0,1,Biker
3,632.0,650.0,672.0,755.0,125,0,0,1,Biker
3,632.0,646.0,672.0,751.0,126,0,0,1,Biker
3,630.0,642.0,670.0,747.0,127,0,0,1,Biker
3,630.0,638.0,670.0,743.0,128,0,0,1,Biker
3,630.0,634.0,670.0,739.0,129,0,0,1,Biker
3,630.0,634.0,670.0,739.0,130,0,0,1,Biker
3,630.0,630.0,670.0,735.0,131,0,0,1,Biker
3,630.0,626.0,670.0,731.0,132,0,0,1,Biker
3,630.0,622.0,670.0,727.0,133,0,0,1,Biker
3,630.0,618.0,670.0,723.0,134,0,0,1,Biker
3,630.0,614.0,670.0,719.0,135,0,0,1,Biker
3,630.0,610.0,670.0,715.0,136,0,0,1,Biker
3,630.0,610.0,670.0,715.0,137,0,0,0,Biker
3,630.0,606.0,670.0,711.0,138,0,0,1,Biker
3,630.0,602.0,670.0,707.0,139,0,0,1,Biker
3,630.0,598.0,670.0,703.0,140,0,0,1,Biker
3,630.0,594.0,670.0,699.0,141,0,0,1,Biker
3,632.0,590.0,672.0,695.0,142,0,0,1,Biker
3,632.0,586.0,672.0,691.0,143,0,0,1,Biker
3,632.0,582.0,672.0,687.0,144,0,0,1,Biker
3,632.0,577.0,672.0,683.0,145,0,0,1,Biker
3,632.0,573.0,672.0,679.0,146,0,0,1,Biker
3,634.0,569.0,674.0,674.0,147,0,0,1,Biker
3,634.0,565.0,674.0,670.0,148,0,0,1,Biker
3,634.0,561.0,674.0,666.0,149,0,0,1,Biker
3,634.0,557.0,674.0,662.0,150,0,0,1,Biker
3,636.0,553.0,676.0,658.0,151,0,0,1,Biker
3,636.0,549.0,676.0,654.0,152,0,0,1,Biker
3,636.0,545.0,676.0,650.0,153,0,0,1,Biker
3,636.0,545.0,676.0,650.0,154,0,0,1,Biker
3,636.0,541.0,676.0,646.0,155,0,0,1,Biker
3,638.0,537.0,678.0,642.0,156,0,0,1,Biker
3,638.0,533.0,678.0,638.0,157,0,0,1,Biker
3,638.0,529.0,678.0,634.0,158,0,0,1,Biker
3,638.0,525.0,678.0,630.0,159,0,0,1,Biker
3,640.0,521.0,680.0,626.0,160,0,0,1,Biker
3,640.0,517.0,680.0,622.0,161,0,0,1,Biker
3,640.0,513.0,680.0,618.0,162,0,0,1,Biker
3,640.0,509.0,680.0,614.0,163,0,0,1,Biker
3,640.0,505.0,680.0,610.0,164,0,0,1,Biker
3,642.0,501.0,682.0,606.0,165,0,0,1,Biker
3,642.0,497.0,682.0,602.0,166,0,0,1,Biker
3,642.0,493.0,682.0,598.0,167,0,0,1,Biker
3,642.0,489.0,682.0,594.0,168,0,0,1,Biker
3,644.0,485.0,684.0,590.0,169,0,0,1,Biker
3,644.0,480.0,684.0,586.0,170,0,0,1,Biker
3,644.0,480.0,684.0,586.0,171,0,0,1,Biker
3,644.0,476.0,684.0,582.0,172,0,0,1,Biker
3,644.0,472.0,684.0,577.0,173,0,0,1,Biker
3,646.0,468.0,686.0,573.0,174,0,0,1,Biker
3,646.0,464.0,686.0,569.0,175,0,0,1,Biker
3,646.0,460.0,686.0,565.0,176,0,0,1,Biker
3,646.0,456.0,686.0,561.0,177,0,0,1,Biker
3,648.0,452.0,688.0,557.0,178,0,0,1,Biker
3,648.0,448.0,688.0,553.0,179,0,0,1,Biker
3,648.0,444.0,688.0,549.0,180,0,0,1,Biker
3,648.0,440.0,688.0,545.0,181,0,0,1,Biker
3,648.0,436.0,688.0,541.0,182,0,0,1,Biker
3,650.0,432.0,690.0,537.0,183,0,0,1,Biker
3,650.0,428.0,690.0,533.0,184,0,0,1,Biker
3,650.0,424.0,690.0,529.0,185,0,0,1,Biker
3,650.0,420.0,690.0,525.0,186,0,0,1,Biker
3,652.0,416.0,692.0,521.0,187,0,0,1,Biker
3,652.0,416.0,692.0,521.0,188,0,0,1,Biker
3,652.0,412.0,692.0,517.0,189,0,0,1,Biker
3,652.0,408.0,692.0,513.0,190,0,0,1,Biker
3,652.0,404.0,692.0,509.0,191,0,0,1,Biker
3,654.0,400.0,694.0,505.0,192,0,0,1,Biker
3,654.0,396.0,694.0,501.0,193,0,0,1,Biker
3,654.0,392.0,694.0,497.0,194,0,0,1,Biker
3,654.0,388.0,694.0,493.0,195,0,0,1,Biker
3,656.0,383.0,696.0,489.0,196,0,0,1,Biker
3,656.0,379.0,696.0,485.0,197,0,0,1,Biker
3,656.0,375.0,696.0,480.0,198,0,0,1,Biker
3,656.0,371.0,696.0,476.0,199,0,0,1,Biker
3,656.0,367.0,696.0,472.0,200,0,0,1,Biker
3,658.0,363.0,698.0,468.0,201,0,0,1,Biker
3,658.0,359.0,698.0,464.0,202,0,0,1,Biker
3,658.0,355.0,698.0,460.0,203,0,0,1,Biker
3,658.0,351.0,698.0,456.0,204,0,0,1,Biker
3,660.0,351.0,700.0,456.0,205,0,0,0,Biker
3,660.0,347.0,700.0,452.0,206,0,0,1,Biker
3,660.0,343.0,700.0,448.0,207,0,0,1,Biker
3,660.0,339.0,700.0,444.0,208,0,0,1,Biker
3,660.0,335.0,700.0,440.0,209,0,0,1,Biker
3,660.0,331.0,700.0,436.0,210,0,0,1,Biker
3,660.0,327.0,700.0,432.0,211,0,0,1,Biker
3,660.0,323.0,700.0,428.0,212,0,0,1,Biker
3,660.0,319.0,700.0,424.0,213,0,0,1,Biker
3,660.0,315.0,700.0,420.0,214,0,0,1,Biker
3,660.0,311.0,700.0,416.0,215,0,0,1,Biker
3,660.0,307.0,700.0,412.0,216,0,0,1,Biker
3,660.0,303.0,700.0,408.0,217,0,0,1,Biker
3,660.0,299.0,700.0,404.0,218,0,0,1,Biker
3,660.0,295.0,700.0,400.0,219,0,0,1,Biker
3,660.0,291.0,700.0,396.0,220,0,0,1,Biker
3,660.0,286.0,700.0,392.0,221,0,0,1,Biker
3,662.0,286.0,702.0,392.0,222,0,0,1,Biker
3,662.0,282.0,702.0,388.0,223,0,0,1,Biker
3,662.0,278.0,702.0,383.0,224,0,0,1,Biker
3,662.0,274.0,702.0,379.0,225,0,0,1,Biker
3,662.0,270.0,702.0,375.0,226,0,0,1,Biker
3,662.0,266.0,702.0,371.0,227,0,0,1,Biker
3,662.0,262.0,702.0,367.0,228,0,0,1,Biker
3,662.0,258.0,702.0,363.0,229,0,0,1,Biker
3,662.0,254.0,702.0,359.0,230,0,0,1,Biker
3,662.0,250.0,702.0,355.0,231,0,0,1,Biker
3,662.0,246.0,702.0,351.0,232,0,0,1,Biker
3,662.0,242.0,702.0,347.0,233,0,0,1,Biker
3,662.0,238.0,702.0,343.0,234,0,0,1,Biker
3,662.0,234.0,702.0,339.0,235,0,0,1,Biker
3,662.0,230.0,702.0,335.0,236,0,0,1,Biker
3,662.0,226.0,702.0,331.0,237,0,0,1,Biker
3,662.0,222.0,702.0,327.0,238,0,0,1,Biker
3,664.0,222.0,704.0,327.0,239,0,0,1,Biker
3,664.0,218.0,704.0,323.0,240,0,0,1,Biker
3,664.0,214.0,704.0,319.0,241,0,0,1,Biker
3,664.0,210.0,704.0,315.0,242,0,0,1,Biker
3,664.0,206.0,704.0,311.0,243,0,0,1,Biker
3,664.0,202.0,704.0,307.0,244,0,0,1,Biker
3,664.0,198.0,704.0,303.0,245,0,0,1,Biker
3,664.0,194.0,704.0,299.0,246,0,0,1,Biker
3,664.0,189.0,704.0,295.0,247,0,0,1,Biker
3,664.0,185.0,704.0,291.0,248,0,0,1,Biker
3,664.0,181.0,704.0,286.0,249,0,0,1,Biker
3,664.0,177.0,704.0,282.0,250,0,0,1,Biker
3,664.0,173.0,704.0,278.0,251,0,0,1,Biker
3,664.0,169.0,704.0,274.0,252,0,0,1,Biker
3,664.0,165.0,704.0,270.0,253,0,0,1,Biker
3,664.0,161.0,704.0,266.0,254,0,0,1,Biker
3,664.0,157.0,704.0,262.0,255,0,0,1,Biker
3,666.0,157.0,706.0,262.0,256,0,0,1,Biker
3,666.0,153.0,706.0,258.0,257,0,0,1,Biker
3,666.0,149.0,706.0,254.0,258,0,0,1,Biker
3,666.0,145.0,706.0,250.0,259,0,0,1,Biker
3,666.0,141.0,706.0,246.0,260,0,0,1,Biker
3,666.0,137.0,706.0,242.0,261,0,0,1,Biker
3,666.0,133.0,706.0,238.0,262,0,0,1,Biker
3,666.0,129.0,706.0,234.0,263,0,0,1,Biker
3,666.0,125.0,706.0,230.0,264,0,0,1,Biker
3,666.0,121.0,706.0,226.0,265,0,0,1,Biker
3,666.0,117.0,706.0,222.0,266,0,0,1,Biker
3,666.0,113.0,706.0,218.0,267,0,0,1,Biker
3,666.0,109.0,706.0,214.0,268,0,0,1,Biker
3,666.0,105.0,706.0,210.0,269,0,0,1,Biker
3,666.0,101.0,706.0,206.0,270,0,0,1,Biker
3,666.0,97.0,706.0,202.0,271,0,0,1,Biker
3,666.0,92.0,706.0,198.0,272,0,0,1,Biker
3,668.0,92.0,708.0,198.0,273,0,0,1,Biker
3,668.0,88.0,708.0,194.0,274,0,0,1,Biker
3,668.0,84.0,708.0,189.0,275,0,0,1,Biker
3,668.0,80.0,708.0,185.0,276,0,0,1,Biker
3,668.0,76.0,708.0,181.0,277,0,0,1,Biker
3,668.0,72.0,708.0,177.0,278,0,0,1,Biker
3,668.0,68.0,708.0,173.0,279,0,0,1,Biker
3,668.0,64.0,708.0,169.0,280,0,0,1,Biker
3,668.0,60.0,708.0,165.0,281,0,0,1,Biker
3,668.0,56.0,708.0,161.0,282,0,0,1,Biker
3,668.0,52.0,708.0,157.0,283,0,0,1,Biker
3,668.0,48.0,708.0,153.0,284,0,0,1,Biker
3,668.0,44.0,708.0,149.0,285,0,0,1,Biker
3,668.0,40.0,708.0,145.0,286,0,0,1,Biker
3,668.0,36.0,708.0,141.0,287,0,0,1,Biker
3,668.0,32.0,708.0,137.0,288,0,0,1,Biker
3,670.0,32.0,710.0,137.0,289,0,0,0,Biker
3,670.0,28.0,710.0,133.0,290,0,0,1,Biker
3,670.0,24.0,710.0,129.0,291,0,0,1,Biker
3,670.0,20.0,710.0,125.0,292,0,0,1,Biker
3,670.0,20.0,710.0,121.0,293,0,0,1,Biker
3,670.0,16.0,710.0,117.0,294,0,0,1,Biker
3,670.0,12.0,710.0,113.0,295,0,0,1,Biker
3,670.0,8.0,710.0,109.0,296,0,0,1,Biker
3,670.0,8.0,710.0,105.0,297,0,0,1,Biker
3,670.0,4.0,710.0,101.0,298,0,0,1,Biker
3,670.0,0.0,710.0,97.0,299,0,0,1,Biker
3,672.0,0.0,712.0,97.0,300,0,0,0,Biker
3,670.0,0.0,710.0,88.0,301,0,0,1,Biker
3,670.0,0.0,710.0,84.0,302,0,0,1,Biker
3,670.0,0.0,710.0,80.0,303,0,0,1,Biker
3,670.0,0.0,710.0,76.0,304,0,0,1,Biker
3,670.0,0.0,710.0,72.0,305,0,0,1,Biker
3,670.0,0.0,710.0,68.0,306,0,0,1,Biker
3,668.0,0.0,708.0,60.0,307,0,0,1,Biker
3,668.0,0.0,708.0,56.0,308,0,0,1,Biker
3,668.0,0.0,708.0,52.0,309,0,0,1,Biker
3,668.0,0.0,708.0,48.0,310,0,0,1,Biker
3,668.0,0.0,708.0,44.0,311,0,0,1,Biker
3,668.0,0.0,708.0,40.0,312,0,0,1,Biker
3,668.0,0.0,708.0,36.0,313,1,0,0,Biker
3,668.0,0.0,708.0,36.0,314,1,0,1,Biker
3,668.0,0.0,708.0,36.0,315,1,0,1,Biker
3,668.0,0.0,708.0,36.0,316,1,0,1,Biker
3,668.0,0.0,708.0,36.0,317,1,0,1,Biker
3,668.0,0.0,708.0,36.0,318,1,0,1,Biker
3,668.0,0.0,708.0,36.0,319,1,0,1,Biker
3,668.0,0.0,708.0,36.0,320,1,0,1,Biker
3,668.0,0.0,708.0,36.0,321,1,0,1,Biker
3,668.0,0.0,708.0,36.0,322,1,0,0,Biker
3,668.0,4.0,708.0,40.0,323,1,0,1,Biker
3,668.0,8.0,708.0,44.0,324,1,0,1,Biker
3,668.0,12.0,708.0,48.0,325,1,0,1,Biker
3,668.0,16.0,708.0,52.0,326,1,0,1,Biker
3,668.0,20.0,708.0,56.0,327,1,0,1,Biker
3,668.0,24.0,708.0,60.0,328,1,0,1,Biker
3,668.0,28.0,708.0,64.0,329,1,0,1,Biker
3,668.0,32.0,708.0,68.0,330,1,0,1,Biker
3,668.0,36.0,708.0,76.0,331,1,0,1,Biker
3,668.0,40.0,708.0,80.0,332,1,0,1,Biker
3,668.0,44.0,708.0,84.0,333,1,0,1,Biker
3,668.0,48.0,708.0,88.0,334,1,0,1,Biker
3,668.0,52.0,708.0,92.0,335,1,0,1,Biker
3,668.0,56.0,708.0,97.0,336,1,0,1,Biker
3,668.0,60.0,708.0,101.0,337,1,0,1,Biker
3,668.0,64.0,708.0,105.0,338,1,0,1,Biker
3,668.0,68.0,708.0,109.0,339,1,0,1,Biker
3,668.0,72.0,708.0,117.0,340,1,0,1,Biker
3,668.0,76.0,708.0,121.0,341,1,0,1,Biker
3,668.0,80.0,708.0,125.0,342,1,0,1,Biker
3,668.0,84.0,708.0,129.0,343,1,0,1,Biker
3,668.0,88.0,708.0,133.0,344,1,0,1,Biker
3,668.0,92.0,708.0,137.0,345,1,0,1,Biker
3,668.0,97.0,708.0,141.0,346,1,0,1,Biker
3,668.0,101.0,708.0,145.0,347,1,0,1,Biker
3,668.0,105.0,708.0,149.0,348,1,0,1,Biker
3,668.0,109.0,708.0,157.0,349,1,0,1,Biker
3,668.0,113.0,708.0,161.0,350,1,0,1,Biker
3,668.0,117.0,708.0,165.0,351,1,0,1,Biker
3,668.0,125.0,708.0,169.0,352,1,0,1,Biker
3,668.0,129.0,708.0,173.0,353,1,0,1,Biker
3,668.0,133.0,708.0,177.0,354,1,0,1,Biker
3,668.0,137.0,708.0,181.0,355,1,0,1,Biker
3,668.0,141.0,708.0,185.0,356,1,0,1,Biker
3,668.0,145.0,708.0,194.0,357,1,0,1,Biker
3,668.0,149.0,708.0,198.0,358,1,0,1,Biker
3,668.0,153.0,708.0,202.0,359,1,0,1,Biker
3,668.0,157.0,708.0,206.0,360,1,0,1,Biker
3,668.0,161.0,708.0,210.0,361,1,0,1,Biker
3,668.0,165.0,708.0,214.0,362,1,0,1,Biker
3,668.0,169.0,708.0,218.0,363,1,0,1,Biker
3,668.0,173.0,708.0,222.0,364,1,0,1,Biker
3,668.0,177.0,708.0,226.0,365,1,0,1,Biker
3,668.0,181.0,708.0,234.0,366,1,0,1,Biker
3,668.0,185.0,708.0,238.0,367,1,0,1,Biker
3,668.0,189.0,708.0,242.0,368,1,0,1,Biker
3,668.0,194.0,708.0,246.0,369,1,0,1,Biker
3,668.0,198.0,708.0,250.0,370,1,0,1,Biker
3,668.0,202.0,708.0,254.0,371,1,0,1,Biker
3,668.0,206.0,708.0,258.0,372,1,0,1,Biker
3,668.0,210.0,708.0,262.0,373,1,0,1,Biker
3,668.0,214.0,708.0,266.0,374,1,0,1,Biker
3,668.0,218.0,708.0,274.0,375,1,0,1,Biker
3,668.0,222.0,708.0,278.0,376,1,0,1,Biker
3,668.0,226.0,708.0,282.0,377,1,0,1,Biker
3,668.0,230.0,708.0,286.0,378,1,0,1,Biker
3,668.0,234.0,708.0,291.0,379,1,0,1,Biker
3,668.0,238.0,708.0,295.0,380,1,0,1,Biker
3,668.0,242.0,708.0,299.0,381,1,0,1,Biker
3,668.0,250.0,708.0,303.0,382,1,0,1,Biker
3,668.0,254.0,708.0,311.0,383,1,0,1,Biker
3,668.0,258.0,708.0,315.0,384,1,0,1,Biker
3,668.0,262.0,708.0,319.0,385,1,0,1,Biker
3,668.0,266.0,708.0,323.0,386,1,0,1,Biker
3,668.0,270.0,708.0,327.0,387,1,0,1,Biker
3,668.0,274.0,708.0,331.0,388,1,0,1,Biker
3,668.0,278.0,708.0,335.0,389,1,0,1,Biker
3,668.0,282.0,708.0,339.0,390,1,0,1,Biker
3,668.0,286.0,708.0,343.0,391,1,0,1,Biker
3,668.0,291.0,708.0,351.0,392,1,0,1,Biker
3,668.0,295.0,708.0,355.0,393,1,0,1,Biker
3,668.0,299.0,708.0,359.0,394,1,0,1,Biker
3,668.0,303.0,708.0,363.0,395,1,0,1,Biker
3,668.0,307.0,708.0,367.0,396,1,0,1,Biker
3,668.0,311.0,708.0,371.0,397,1,0,1,Biker
3,668.0,315.0,708.0,375.0,398,1,0,1,Biker
3,668.0,319.0,708.0,379.0,399,1,0,1,Biker
3,668.0,323.0,708.0,383.0,400,1,0,1,Biker
3,668.0,327.0,708.0,392.0,401,1,0,1,Biker
3,668.0,331.0,708.0,396.0,402,1,0,1,Biker
3,668.0,335.0,708.0,400.0,403,1,0,1,Biker
3,668.0,339.0,708.0,404.0,404,1,0,1,Biker
3,668.0,343.0,708.0,408.0,405,1,0,1,Biker
3,668.0,347.0,708.0,412.0,406,1,0,1,Biker
3,668.0,351.0,708.0,416.0,407,1,0,1,Biker
3,668.0,355.0,708.0,420.0,408,1,0,1,Biker
3,668.0,359.0,708.0,424.0,409,1,0,1,Biker
3,668.0,363.0,708.0,432.0,410,1,0,1,Biker
3,668.0,367.0,708.0,436.0,411,1,0,1,Biker
3,668.0,375.0,708.0,440.0,412,1,0,1,Biker
3,668.0,379.0,708.0,444.0,413,1,0,1,Biker
3,668.0,383.0,708.0,448.0,414,1,0,1,Biker
3,668.0,388.0,708.0,452.0,415,1,0,1,Biker
3,668.0,392.0,708.0,456.0,416,1,0,1,Biker
3,668.0,396.0,708.0,460.0,417,1,0,1,Biker
3,668.0,400.0,708.0,468.0,418,1,0,1,Biker
3,668.0,404.0,708.0,472.0,419,1,0,1,Biker
3,668.0,408.0,708.0,476.0,420,1,0,1,Biker
3,668.0,412.0,708.0,480.0,421,1,0,1,Biker
3,668.0,416.0,708.0,485.0,422,1,0,1,Biker
3,668.0,420.0,708.0,489.0,423,1,0,1,Biker
3,668.0,424.0,708.0,493.0,424,1,0,1,Biker
3,668.0,428.0,708.0,497.0,425,1,0,1,Biker
3,668.0,432.0,708.0,501.0,426,1,0,1,Biker
3,668.0,436.0,708.0,509.0,427,1,0,1,Biker
3,668.0,440.0,708.0,513.0,428,1,0,1,Biker
3,668.0,444.0,708.0,517.0,429,1,0,1,Biker
3,668.0,448.0,708.0,521.0,430,1,0,1,Biker
3,668.0,452.0,708.0,525.0,431,1,0,1,Biker
3,668.0,456.0,708.0,529.0,432,1,0,1,Biker
3,668.0,460.0,708.0,533.0,433,1,0,1,Biker
3,668.0,464.0,708.0,537.0,434,1,0,1,Biker
3,668.0,468.0,708.0,541.0,435,1,0,1,Biker
3,668.0,472.0,708.0,549.0,436,1,0,1,Biker
3,668.0,476.0,708.0,553.0,437,1,0,1,Biker
3,668.0,480.0,708.0,557.0,438,1,0,1,Biker
3,668.0,485.0,708.0,561.0,439,1,0,1,Biker
3,668.0,489.0,708.0,565.0,440,1,0,1,Biker
3,668.0,493.0,708.0,569.0,441,1,0,1,Biker
3,668.0,501.0,708.0,573.0,442,1,0,1,Biker
3,668.0,505.0,708.0,577.0,443,1,0,1,Biker
3,668.0,509.0,708.0,586.0,444,1,0,1,Biker
3,668.0,513.0,708.0,590.0,445,1,0,1,Biker
3,668.0,517.0,708.0,594.0,446,1,0,1,Biker
3,668.0,521.0,708.0,598.0,447,1,0,1,Biker
3,668.0,525.0,708.0,602.0,448,1,0,1,Biker
3,668.0,529.0,708.0,606.0,449,1,0,1,Biker
3,668.0,533.0,708.0,610.0,450,1,0,1,Biker
3,668.0,537.0,708.0,614.0,451,1,0,1,Biker
3,668.0,541.0,708.0,618.0,452,1,0,1,Biker
3,668.0,545.0,708.0,626.0,453,1,0,1,Biker
3,668.0,549.0,708.0,630.0,454,1,0,1,Biker
3,668.0,553.0,708.0,634.0,455,1,0,1,Biker
3,668.0,557.0,708.0,638.0,456,1,0,1,Biker
3,668.0,561.0,708.0,642.0,457,1,0,1,Biker
3,668.0,565.0,708.0,646.0,458,1,0,1,Biker
3,668.0,569.0,708.0,650.0,459,1,0,1,Biker
3,668.0,573.0,708.0,654.0,460,1,0,1,Biker
3,668.0,577.0,708.0,658.0,461,1,0,1,Biker
3,668.0,582.0,708.0,666.0,462,1,0,1,Biker
3,668.0,586.0,708.0,670.0,463,1,0,1,Biker
3,668.0,590.0,708.0,674.0,464,1,0,1,Biker
3,668.0,594.0,708.0,679.0,465,1,0,1,Biker
3,668.0,598.0,708.0,683.0,466,1,0,1,Biker
3,668.0,602.0,708.0,687.0,467,1,0,1,Biker
3,668.0,606.0,708.0,691.0,468,1,0,1,Biker
3,668.0,610.0,708.0,695.0,469,1,0,1,Biker
3,668.0,614.0,708.0,699.0,470,1,0,1,Biker
3,668.0,618.0,708.0,707.0,471,1,0,1,Biker
3,668.0,626.0,708.0,711.0,472,1,0,1,Biker
3,668.0,630.0,708.0,715.0,473,1,0,1,Biker
3,668.0,634.0,708.0,719.0,474,1,0,1,Biker
3,668.0,638.0,708.0,723.0,475,1,0,1,Biker
3,668.0,642.0,708.0,727.0,476,1,0,1,Biker
3,668.0,646.0,708.0,731.0,477,1,0,1,Biker
3,668.0,650.0,708.0,735.0,478,1,0,1,Biker
3,668.0,654.0,708.0,743.0,479,1,0,1,Biker
3,668.0,658.0,708.0,747.0,480,1,0,1,Biker
3,668.0,662.0,708.0,751.0,481,1,0,1,Biker
3,668.0,666.0,708.0,755.0,482,1,0,1,Biker
3,668.0,670.0,708.0,759.0,483,1,0,1,Biker
3,668.0,674.0,708.0,763.0,484,1,0,1,Biker
3,668.0,679.0,708.0,767.0,485,1,0,1,Biker
3,668.0,683.0,708.0,771.0,486,1,0,1,Biker
3,668.0,687.0,708.0,776.0,487,1,0,1,Biker
3,668.0,691.0,708.0,784.0,488,1,0,1,Biker
3,668.0,695.0,708.0,788.0,489,1,0,1,Biker
3,668.0,699.0,708.0,792.0,490,1,0,1,Biker
3,668.0,703.0,708.0,796.0,491,1,0,1,Biker
3,668.0,707.0,708.0,800.0,492,1,0,1,Biker
3,668.0,711.0,708.0,804.0,493,1,0,1,Biker
3,668.0,715.0,708.0,808.0,494,1,0,1,Biker
3,668.0,719.0,708.0,812.0,495,1,0,1,Biker
3,668.0,723.0,708.0,816.0,496,1,0,1,Biker
3,668.0,727.0,708.0,824.0,497,1,0,1,Biker
3,668.0,731.0,708.0,828.0,498,1,0,1,Biker
3,668.0,735.0,708.0,832.0,499,1,0,1,Biker
3,668.0,739.0,708.0,836.0,500,1,0,1,Biker
3,668.0,743.0,708.0,840.0,501,1,0,1,Biker
3,668.0,751.0,708.0,844.0,502,1,0,1,Biker
3,668.0,755.0,708.0,848.0,503,1,0,1,Biker
3,668.0,759.0,708.0,852.0,504,1,0,1,Biker
3,668.0,763.0,708.0,860.0,505,1,0,1,Biker
3,668.0,767.0,708.0,864.0,506,1,0,1,Biker
3,668.0,771.0,708.0,868.0,507,1,0,1,Biker
3,668.0,776.0,708.0,873.0,508,1,0,1,Biker
3,668.0,780.0,708.0,877.0,509,1,0,1,Biker
3,668.0,784.0,708.0,881.0,510,1,0,1,Biker
3,668.0,788.0,708.0,885.0,511,1,0,1,Biker
3,668.0,792.0,708.0,889.0,512,1,0,1,Biker
3,668.0,796.0,708.0,893.0,513,1,0,1,Biker
3,668.0,800.0,708.0,901.0,514,1,0,1,Biker
3,668.0,804.0,708.0,905.0,515,1,0,1,Biker
3,668.0,808.0,708.0,909.0,516,1,0,1,Biker
3,668.0,812.0,708.0,913.0,517,1,0,1,Biker
3,668.0,816.0,708.0,917.0,518,1,0,1,Biker
3,668.0,820.0,708.0,921.0,519,1,0,1,Biker
3,668.0,824.0,708.0,925.0,520,1,0,1,Biker
3,668.0,828.0,708.0,929.0,521,1,0,1,Biker
3,668.0,832.0,708.0,933.0,522,1,0,1,Biker
3,668.0,836.0,708.0,941.0,523,1,0,1,Biker
3,668.0,840.0,708.0,945.0,524,1,0,1,Biker
3,668.0,844.0,708.0,949.0,525,1,0,1,Biker
3,668.0,848.0,708.0,953.0,526,1,0,1,Biker
3,668.0,852.0,708.0,957.0,527,1,0,1,Biker
3,668.0,856.0,708.0,961.0,528,1,0,1,Biker
3,668.0,860.0,708.0,965.0,529,1,0,1,Biker
3,668.0,864.0,708.0,970.0,530,1,0,1,Biker
3,668.0,873.0,708.0,978.0,531,0,0,0,Biker
4,704.0,998.0,747.0,1095.0,0,0,0,0,Biker
4,704.0,994.0,747.0,1091.0,1,0,0,1,Biker
4,704.0,990.0,747.0,1087.0,2,0,0,1,Biker
4,704.0,990.0,747.0,1087.0,3,0,0,1,Biker
4,704.0,986.0,747.0,1083.0,4,0,0,1,Biker
4,704.0,982.0,747.0,1079.0,5,0,0,1,Biker
4,704.0,982.0,747.0,1079.0,6,0,0,1,Biker
4,704.0,978.0,747.0,1075.0,7,0,0,1,Biker
4,704.0,974.0,747.0,1071.0,8,0,0,1,Biker
4,704.0,974.0,747.0,1071.0,9,0,0,1,Biker
4,704.0,970.0,749.0,1067.0,10,0,0,1,Biker
4,704.0,965.0,749.0,1062.0,11,0,0,1,Biker
4,704.0,965.0,749.0,1062.0,12,0,0,1,Biker
4,706.0,961.0,749.0,1058.0,13,0,0,1,Biker
4,706.0,957.0,749.0,1054.0,14,0,0,1,Biker
4,706.0,957.0,749.0,1054.0,15,0,0,1,Biker
4,706.0,953.0,749.0,1050.0,16,0,0,1,Biker
4,706.0,949.0,749.0,1046.0,17,0,0,1,Biker
4,706.0,949.0,749.0,1046.0,18,0,0,1,Biker
4,706.0,945.0,749.0,1042.0,19,0,0,1,Biker
4,706.0,941.0,751.0,1038.0,20,0,0,1,Biker
4,706.0,941.0,751.0,1038.0,21,0,0,1,Biker
4,706.0,937.0,751.0,1034.0,22,0,0,1,Biker
4,706.0,933.0,751.0,1030.0,23,0,0,1,Biker
4,706.0,933.0,751.0,1030.0,24,0,0,1,Biker
4,708.0,929.0,751.0,1026.0,25,0,0,1,Biker
4,708.0,929.0,751.0,1026.0,26,0,0,1,Biker
4,708.0,925.0,751.0,1022.0,27,0,0,1,Biker
4,708.0,921.0,751.0,1018.0,28,0,0,1,Biker
4,708.0,921.0,751.0,1018.0,29,0,0,1,Biker
4,708.0,917.0,753.0,1014.0,30,0,0,1,Biker
4,708.0,913.0,753.0,1010.0,31,0,0,1,Biker
4,708.0,913.0,753.0,1010.0,32,0,0,1,Biker
4,708.0,909.0,753.0,1006.0,33,0,0,1,Biker
4,708.0,905.0,753.0,1002.0,34,0,0,1,Biker
4,708.0,905.0,753.0,1002.0,35,0,0,1,Biker
4,708.0,901.0,753.0,998.0,36,0,0,1,Biker
4,710.0,897.0,753.0,994.0,37,0,0,1,Biker
4,710.0,897.0,753.0,994.0,38,0,0,1,Biker
4,710.0,893.0,753.0,990.0,39,0,0,1,Biker
4,710.0,889.0,755.0,986.0,40,0,0,1,Biker
4,710.0,889.0,755.0,986.0,41,0,0,1,Biker
4,710.0,885.0,755.0,982.0,42,0,0,1,Biker
4,710.0,881.0,755.0,978.0,43,0,0,1,Biker
4,710.0,881.0,755.0,978.0,44,0,0,1,Biker
4,710.0,877.0,755.0,974.0,45,0,0,1,Biker
4,710.0,873.0,755.0,970.0,46,0,0,1,Biker
4,710.0,873.0,755.0,970.0,47,0,0,1,Biker
4,710.0,868.0,755.0,965.0,48,0,0,1,Biker
4,712.0,868.0,757.0,965.0,49,0,0,0,Biker
4,710.0,864.0,755.0,961.0,50,0,0,1,Biker
4,710.0,864.0,755.0,961.0,51,0,0,1,Biker
4,710.0,860.0,755.0,957.0,52,0,0,1,Biker
4,708.0,860.0,753.0,957.0,53,0,0,1,Biker
4,708.0,856.0,753.0,953.0,54,0,0,1,Biker
4,708.0,856.0,753.0,953.0,55,0,0,1,Biker
4,708.0,852.0,753.0,949.0,56,0,0,1,Biker
4,706.0,852.0,751.0,949.0,57,0,0,1,Biker
4,706.0,852.0,751.0,949.0,58,0,0,1,Biker
4,706.0,848.0,751.0,945.0,59,0,0,1,Biker
4,704.0,848.0,749.0,945.0,60,0,0,1,Biker
4,704.0,844.0,749.0,941.0,61,0,0,1,Biker
4,704.0,844.0,749.0,941.0,62,0,0,1,Biker
4,704.0,840.0,749.0,937.0,63,0,0,1,Biker
4,702.0,840.0,747.0,937.0,64,0,0,1,Biker
4,702.0,836.0,747.0,933.0,65,0,0,1,Biker
4,702.0,836.0,747.0,933.0,66,0,0,1,Biker
4,700.0,836.0,745.0,933.0,67,0,0,1,Biker
4,700.0,832.0,745.0,929.0,68,0,0,1,Biker
4,700.0,832.0,745.0,929.0,69,0,0,1,Biker
4,700.0,828.0,745.0,925.0,70,0,0,1,Biker
4,698.0,828.0,743.0,925.0,71,0,0,1,Biker
4,698.0,824.0,743.0,921.0,72,0,0,1,Biker
4,698.0,824.0,743.0,921.0,73,0,0,1,Biker
4,696.0,824.0,741.0,921.0,74,0,0,1,Biker
4,696.0,820.0,741.0,917.0,75,0,0,1,Biker
4,696.0,820.0,741.0,917.0,76,0,0,1,Biker
4,696.0,816.0,741.0,913.0,77,0,0,1,Biker
4,694.0,816.0,739.0,913.0,78,0,0,1,Biker
4,694.0,812.0,739.0,909.0,79,0,0,1,Biker
4,694.0,812.0,739.0,909.0,80,0,0,1,Biker
4,694.0,808.0,739.0,905.0,81,0,0,1,Biker
4,692.0,808.0,737.0,905.0,82,0,0,1,Biker
4,692.0,808.0,737.0,905.0,83,0,0,1,Biker
4,692.0,804.0,737.0,901.0,84,0,0,1,Biker
4,690.0,804.0,735.0,901.0,85,0,0,1,Biker
4,690.0,800.0,735.0,897.0,86,0,0,1,Biker
4,690.0,800.0,735.0,897.0,87,0,0,1,Biker
4,690.0,796.0,735.0,893.0,88,0,0,1,Biker
4,688.0,796.0,733.0,893.0,89,0,0,1,Biker
4,688.0,796.0,733.0,893.0,90,0,0,1,Biker
4,688.0,792.0,733.0,889.0,91,0,0,1,Biker
4,686.0,792.0,731.0,889.0,92,0,0,1,Biker
4,686.0,788.0,731.0,885.0,93,0,0,1,Biker
4,686.0,788.0,731.0,885.0,94,0,0,1,Biker
4,686.0,784.0,731.0,881.0,95,0,0,1,Biker
4,684.0,784.0,729.0,881.0,96,0,0,1,Biker
4,684.0,780.0,729.0,877.0,97,0,0,1,Biker
4,684.0,780.0,729.0,877.0,98,0,0,1,Biker
4,682.0,780.0,727.0,877.0,99,0,0,1,Biker
4,682.0,776.0,727.0,873.0,100,0,0,1,Biker
4,682.0,776.0,727.0,873.0,101,0,0,1,Biker
4,682.0,771.0,727.0,868.0,102,0,0,1,Biker
4,680.0,771.0,725.0,868.0,103,0,0,1,Biker
4,680.0,767.0,725.0,864.0,104,0,0,1,Biker
4,680.0,767.0,725.0,864.0,105,0,0,1,Biker
4,680.0,767.0,725.0,864.0,106,0,0,0,Biker
4,678.0,763.0,722.0,860.0,107,0,0,1,Biker
4,678.0,759.0,722.0,856.0,108,0,0,1,Biker
4,676.0,755.0,720.0,852.0,109,0,0,1,Biker
4,676.0,755.0,720.0,852.0,110,0,0,1,Biker
4,674.0,751.0,718.0,848.0,111,0,0,1,Biker
4,674.0,747.0,718.0,844.0,112,0,0,1,Biker
4,672.0,747.0,716.0,844.0,113,0,0,1,Biker
4,672.0,743.0,716.0,840.0,114,0,0,1,Biker
4,670.0,739.0,714.0,836.0,115,0,0,1,Biker
4,670.0,739.0,714.0,836.0,116,0,0,1,Biker
4,668.0,735.0,712.0,832.0,117,0,0,1,Biker
4,668.0,731.0,712.0,828.0,118,0,0,1,Biker
4,666.0,731.0,710.0,828.0,119,0,0,1,Biker
4,666.0,727.0,710.0,824.0,120,0,0,1,Biker
4,664.0,723.0,708.0,820.0,121,0,0,1,Biker
4,664.0,723.0,708.0,820.0,122,0,0,1,Biker
4,662.0,719.0,706.0,816.0,123,0,0,1,Biker
4,662.0,715.0,706.0,812.0,124,0,0,1,Biker
4,660.0,715.0,704.0,812.0,125,0,0,1,Biker
4,660.0,711.0,704.0,808.0,126,0,0,1,Biker
4,658.0,707.0,702.0,804.0,127,0,0,1,Biker
4,658.0,707.0,702.0,804.0,128,0,0,1,Biker
4,656.0,703.0,700.0,800.0,129,0,0,1,Biker
4,656.0,699.0,700.0,796.0,130,0,0,1,Biker
4,654.0,699.0,698.0,796.0,131,0,0,1,Biker
4,654.0,695.0,698.0,792.0,132,0,0,1,Biker
4,652.0,691.0,696.0,788.0,133,0,0,1,Biker
4,652.0,691.0,696.0,788.0,134,0,0,1,Biker
4,650.0,687.0,694.0,784.0,135,0,0,1,Biker
4,650.0,683.0,694.0,780.0,136,0,0,1,Biker
4,650.0,683.0,694.0,780.0,137,0,0,0,Biker
4,648.0,679.0,692.0,776.0,138,0,0,1,Biker
4,648.0,674.0,692.0,771.0,139,0,0,1,Biker
4,648.0,670.0,692.0,767.0,140,0,0,1,Biker
4,648.0,666.0,692.0,763.0,141,0,0,1,Biker
4,648.0,662.0,692.0,759.0,142,0,0,1,Biker
4,648.0,658.0,692.0,755.0,143,0,0,1,Biker
4,648.0,654.0,692.0,751.0,144,0,0,1,Biker
4,648.0,650.0,692.0,747.0,145,0,0,1,Biker
4,646.0,650.0,690.0,747.0,146,0,0,1,Biker
4,646.0,646.0,690.0,743.0,147,0,0,1,Biker
4,646.0,642.0,690.0,739.0,148,0,0,1,Biker
4,646.0,638.0,690.0,735.0,149,0,0,1,Biker
4,646.0,634.0,690.0,731.0,150,0,0,1,Biker
4,646.0,630.0,690.0,727.0,151,0,0,1,Biker
4,646.0,626.0,690.0,723.0,152,0,0,1,Biker
4,646.0,622.0,690.0,719.0,153,0,0,1,Biker
4,646.0,618.0,690.0,715.0,154,0,0,1,Biker
4,644.0,618.0,688.0,715.0,155,0,0,1,Biker
4,644.0,614.0,688.0,711.0,156,0,0,1,Biker
4,644.0,610.0,688.0,707.0,157,0,0,1,Biker
4,644.0,606.0,688.0,703.0,158,0,0,1,Biker
4,644.0,602.0,688.0,699.0,159,0,0,1,Biker
4,644.0,598.0,688.0,695.0,160,0,0,1,Biker
4,644.0,594.0,688.0,691.0,161,0,0,1,Biker
4,644.0,590.0,688.0,687.0,162,0,0,1,Biker
4,644.0,590.0,688.0,687.0,163,0,0,0,Biker
4,644.0,586.0,688.0,683.0,164,0,0,1,Biker
4,644.0,582.0,688.0,679.0,165,0,0,1,Biker
4,646.0,577.0,690.0,674.0,166,0,0,1,Biker
4,646.0,573.0,690.0,670.0,167,0,0,1,Biker
4,646.0,569.0,690.0,666.0,168,0,0,1,Biker
4,648.0,565.0,692.0,662.0,169,0,0,1,Biker
4,648.0,561.0,692.0,658.0,170,0,0,1,Biker
4,648.0,557.0,692.0,654.0,171,0,0,1,Biker
4,650.0,553.0,694.0,650.0,172,0,0,1,Biker
4,650.0,549.0,694.0,646.0,173,0,0,1,Biker
4,650.0,545.0,694.0,642.0,174,0,0,1,Biker
4,652.0,541.0,696.0,638.0,175,0,0,1,Biker
4,652.0,537.0,696.0,634.0,176,0,0,1,Biker
4,652.0,533.0,696.0,630.0,177,0,0,1,Biker
4,654.0,529.0,698.0,626.0,178,0,0,1,Biker
4,654.0,525.0,698.0,622.0,179,0,0,1,Biker
4,654.0,521.0,698.0,618.0,180,0,0,1,Biker
4,656.0,517.0,700.0,614.0,181,0,0,1,Biker
4,656.0,513.0,700.0,610.0,182,0,0,1,Biker
4,656.0,509.0,700.0,606.0,183,0,0,1,Biker
4,658.0,509.0,702.0,606.0,184,0,0,1,Biker
4,658.0,505.0,702.0,602.0,185,0,0,1,Biker
4,658.0,501.0,702.0,598.0,186,0,0,1,Biker
4,660.0,497.0,704.0,594.0,187,0,0,1,Biker
4,660.0,493.0,704.0,590.0,188,0,0,1,Biker
4,660.0,489.0,704.0,586.0,189,0,0,1,Biker
4,662.0,485.0,706.0,582.0,190,0,0,1,Biker
4,662.0,480.0,706.0,577.0,191,0,0,1,Biker
4,662.0,476.0,706.0,573.0,192,0,0,1,Biker
4,664.0,472.0,708.0,569.0,193,0,0,1,Biker
4,664.0,468.0,708.0,565.0,194,0,0,1,Biker
4,664.0,464.0,708.0,561.0,195,0,0,1,Biker
4,666.0,460.0,710.0,557.0,196,0,0,1,Biker
4,666.0,456.0,710.0,553.0,197,0,0,1,Biker
4,666.0,452.0,710.0,549.0,198,0,0,1,Biker
4,668.0,448.0,712.0,545.0,199,0,0,1,Biker
4,668.0,444.0,712.0,541.0,200,0,0,1,Biker
4,668.0,440.0,712.0,537.0,201,0,0,1,Biker
4,670.0,436.0,714.0,533.0,202,0,0,1,Biker
4,670.0,432.0,714.0,529.0,203,0,0,1,Biker
4,670.0,428.0,714.0,525.0,204,0,0,1,Biker
4,672.0,428.0,716.0,525.0,205,0,0,0,Biker
4,672.0,424.0,716.0,521.0,206,0,0,1,Biker
4,672.0,420.0,716.0,517.0,207,0,0,1,Biker
4,672.0,416.0,716.0,513.0,208,0,0,1,Biker
4,672.0,412.0,716.0,509.0,209,0,0,1,Biker
4,672.0,408.0,716.0,505.0,210,0,0,1,Biker
4,672.0,404.0,716.0,501.0,211,0,0,1,Biker
4,672.0,400.0,716.0,497.0,212,0,0,1,Biker
4,672.0,396.0,716.0,493.0,213,0,0,1,Biker
4,672.0,392.0,716.0,489.0,214,0,0,1,Biker
4,672.0,388.0,716.0,485.0,215,0,0,1,Biker
4,672.0,383.0,716.0,480.0,216,0,0,1,Biker
4,672.0,379.0,716.0,476.0,217,0,0,1,Biker
4,672.0,375.0,716.0,472.0,218,0,0,1,Biker
4,674.0,371.0,718.0,468.0,219,0,0,1,Biker
4,674.0,367.0,718.0,464.0,220,0,0,1,Biker
4,674.0,363.0,718.0,460.0,221,0,0,1,Biker
4,674.0,359.0,718.0,456.0,222,0,0,1,Biker
4,674.0,355.0,718.0,452.0,223,0,0,1,Biker
4,674.0,351.0,718.0,448.0,224,0,0,1,Biker
4,674.0,347.0,718.0,444.0,225,0,0,1,Biker
4,674.0,343.0,718.0,440.0,226,0,0,1,Biker
4,674.0,339.0,718.0,436.0,227,0,0,1,Biker
4,674.0,335.0,718.0,432.0,228,0,0,1,Biker
4,674.0,331.0,718.0,428.0,229,0,0,1,Biker
4,674.0,327.0,718.0,424.0,230,0,0,1,Biker
4,674.0,323.0,718.0,420.0,231,0,0,1,Biker
4,674.0,319.0,718.0,416.0,232,0,0,1,Biker
4,676.0,315.0,720.0,412.0,233,0,0,1,Biker
4,676.0,311.0,720.0,408.0,234,0,0,1,Biker
4,676.0,307.0,720.0,404.0,235,0,0,1,Biker
4,676.0,303.0,720.0,400.0,236,0,0,1,Biker
4,676.0,299.0,720.0,396.0,237,0,0,1,Biker
4,676.0,295.0,720.0,392.0,238,0,0,1,Biker
4,676.0,291.0,720.0,388.0,239,0,0,1,Biker
4,676.0,286.0,720.0,383.0,240,0,0,1,Biker
4,676.0,282.0,720.0,379.0,241,0,0,1,Biker
4,676.0,278.0,720.0,375.0,242,0,0,1,Biker
4,676.0,274.0,720.0,371.0,243,0,0,1,Biker
4,676.0,270.0,720.0,367.0,244,0,0,1,Biker
4,676.0,266.0,720.0,363.0,245,0,0,1,Biker
4,676.0,262.0,720.0,359.0,246,0,0,1,Biker
4,678.0,258.0,722.0,355.0,247,0,0,1,Biker
4,678.0,254.0,722.0,351.0,248,0,0,1,Biker
4,678.0,250.0,722.0,347.0,249,0,0,1,Biker
4,678.0,246.0,722.0,343.0,250,0,0,1,Biker
4,678.0,242.0,722.0,339.0,251,0,0,1,Biker
4,678.0,238.0,722.0,335.0,252,0,0,1,Biker
4,678.0,234.0,722.0,331.0,253,0,0,1,Biker
4,678.0,230.0,722.0,327.0,254,0,0,1,Biker
4,678.0,226.0,722.0,323.0,255,0,0,1,Biker
4,678.0,222.0,722.0,319.0,256,0,0,1,Biker
4,678.0,218.0,722.0,315.0,257,0,0,1,Biker
4,678.0,214.0,722.0,311.0,258,0,0,1,Biker
4,678.0,210.0,722.0,307.0,259,0,0,1,Biker
4,678.0,206.0,722.0,303.0,260,0,0,1,Biker
4,680.0,202.0,725.0,299.0,261,0,0,1,Biker
4,680.0,198.0,725.0,295.0,262,0,0,1,Biker
4,680.0,194.0,725.0,291.0,263,0,0,1,Biker
4,680.0,189.0,725.0,286.0,264,0,0,1,Biker
4,680.0,185.0,725.0,282.0,265,0,0,1,Biker
4,680.0,181.0,725.0,278.0,266,0,0,1,Biker
4,680.0,177.0,725.0,274.0,267,0,0,1,Biker
4,680.0,173.0,725.0,270.0,268,0,0,1,Biker
4,680.0,169.0,725.0,266.0,269,0,0,1,Biker
4,680.0,165.0,725.0,262.0,270,0,0,1,Biker
4,680.0,161.0,725.0,258.0,271,0,0,1,Biker
4,680.0,157.0,725.0,254.0,272,0,0,1,Biker
4,680.0,153.0,725.0,250.0,273,0,0,1,Biker
4,680.0,149.0,725.0,246.0,274,0,0,1,Biker
4,682.0,145.0,727.0,242.0,275,0,0,1,Biker
4,682.0,141.0,727.0,238.0,276,0,0,1,Biker
4,682.0,137.0,727.0,234.0,277,0,0,1,Biker
4,682.0,133.0,727.0,230.0,278,0,0,1,Biker
4,682.0,129.0,727.0,226.0,279,0,0,1,Biker
4,682.0,125.0,727.0,222.0,280,0,0,1,Biker
4,682.0,121.0,727.0,218.0,281,0,0,1,Biker
4,682.0,117.0,727.0,214.0,282,0,0,1,Biker
4,682.0,113.0,727.0,210.0,283,0,0,1,Biker
4,682.0,109.0,727.0,206.0,284,0,0,1,Biker
4,682.0,105.0,727.0,202.0,285,0,0,1,Biker
4,682.0,101.0,727.0,198.0,286,0,0,1,Biker
4,682.0,97.0,727.0,194.0,287,0,0,1,Biker
4,682.0,92.0,727.0,189.0,288,0,0,1,Biker
4,684.0,92.0,729.0,189.0,289,0,0,0,Biker
4,684.0,84.0,729.0,181.0,290,0,0,1,Biker
4,684.0,80.0,729.0,177.0,291,0,0,1,Biker
4,684.0,76.0,729.0,173.0,292,0,0,1,Biker
4,686.0,72.0,731.0,169.0,293,0,0,1,Biker
4,686.0,68.0,731.0,165.0,294,0,0,1,Biker
4,686.0,60.0,731.0,157.0,295,0,0,1,Biker
4,686.0,56.0,731.0,153.0,296,0,0,1,Biker
4,688.0,52.0,733.0,149.0,297,0,0,1,Biker
4,688.0,48.0,733.0,145.0,298,0,0,1,Biker
4,688.0,44.0,733.0,141.0,299,0,0,1,Biker
4,690.0,40.0,735.0,137.0,300,0,0,0,Biker
4,690.0,36.0,735.0,133.0,301,0,0,1,Biker
4,690.0,32.0,735.0,129.0,302,0,0,1,Biker
4,690.0,28.0,735.0,125.0,303,0,0,1,Biker
4,690.0,24.0,735.0,121.0,304,0,0,1,Biker
4,690.0,24.0,735.0,117.0,305,0,0,1,Biker
4,690.0,20.0,735.0,113.0,306,0,0,1,Biker
4,692.0,16.0,737.0,109.0,307,0,0,1,Biker
4,692.0,12.0,737.0,105.0,308,0,0,1,Biker
4,692.0,12.0,737.0,101.0,309,0,0,1,Biker
4,692.0,8.0,737.0,97.0,310,0,0,1,Biker
4,692.0,4.0,737.0,92.0,311,0,0,1,Biker
4,692.0,0.0,737.0,88.0,312,0,0,1,Biker
4,694.0,0.0,739.0,88.0,313,0,0,0,Biker
4,694.0,0.0,739.0,80.0,314,0,0,1,Biker
4,694.0,0.0,739.0,76.0,315,0,0,1,Biker
4,694.0,0.0,739.0,72.0,316,0,0,1,Biker
4,694.0,0.0,739.0,68.0,317,0,0,1,Biker
4,694.0,0.0,739.0,60.0,318,0,0,1,Biker
4,694.0,0.0,739.0,56.0,319,0,0,1,Biker
4,694.0,0.0,739.0,52.0,320,0,0,1,Biker
4,694.0,0.0,739.0,48.0,321,0,0,1,Biker
4,694.0,0.0,739.0,44.0,322,1,0,0,Biker
4,694.0,0.0,739.0,44.0,323,1,0,1,Biker
4,694.0,0.0,739.0,44.0,324,1,0,1,Biker
4,694.0,0.0,739.0,44.0,325,1,0,1,Biker
4,694.0,0.0,739.0,44.0,326,1,0,1,Biker
4,694.0,0.0,739.0,44.0,327,1,0,1,Biker
4,694.0,0.0,739.0,44.0,328,1,0,1,Biker
4,694.0,0.0,739.0,44.0,329,1,0,1,Biker
4,694.0,0.0,739.0,44.0,330,1,0,1,Biker
4,694.0,0.0,739.0,44.0,331,1,0,1,Biker
4,694.0,0.0,739.0,44.0,332,1,0,0,Biker
4,694.0,4.0,739.0,48.0,333,1,0,1,Biker
4,694.0,8.0,739.0,52.0,334,1,0,1,Biker
4,694.0,12.0,739.0,56.0,335,1,0,1,Biker
4,694.0,16.0,739.0,60.0,336,1,0,1,Biker
4,694.0,20.0,739.0,64.0,337,1,0,1,Biker
4,694.0,24.0,739.0,68.0,338,1,0,1,Biker
4,694.0,28.0,739.0,76.0,339,1,0,1,Biker
4,694.0,32.0,739.0,80.0,340,1,0,1,Biker
4,694.0,36.0,739.0,84.0,341,1,0,1,Biker
4,694.0,40.0,739.0,88.0,342,1,0,1,Biker
4,694.0,44.0,739.0,92.0,343,1,0,1,Biker
4,694.0,48.0,739.0,97.0,344,1,0,1,Biker
4,694.0,56.0,739.0,101.0,345,1,0,1,Biker
4,694.0,60.0,739.0,109.0,346,1,0,1,Biker
4,694.0,64.0,739.0,113.0,347,1,0,1,Biker
4,694.0,68.0,739.0,117.0,348,1,0,1,Biker
4,694.0,72.0,739.0,121.0,349,1,0,1,Biker
4,694.0,76.0,739.0,125.0,350,1,0,1,Biker
4,694.0,80.0,739.0,129.0,351,1,0,1,Biker
4,694.0,84.0,739.0,133.0,352,1,0,1,Biker
4,694.0,88.0,739.0,141.0,353,1,0,1,Biker
4,694.0,92.0,739.0,145.0,354,1,0,1,Biker
4,696.0,97.0,741.0,149.0,355,1,0,1,Biker
4,696.0,101.0,741.0,153.0,356,1,0,1,Biker
4,696.0,109.0,741.0,157.0,357,1,0,1,Biker
4,696.0,113.0,741.0,161.0,358,1,0,1,Biker
4,696.0,117.0,741.0,165.0,359,1,0,1,Biker
4,696.0,121.0,741.0,173.0,360,1,0,1,Biker
4,696.0,125.0,741.0,177.0,361,1,0,1,Biker
4,696.0,129.0,741.0,181.0,362,1,0,1,Biker
4,696.0,133.0,741.0,185.0,363,1,0,1,Biker
4,696.0,137.0,741.0,189.0,364,1,0,1,Biker
4,696.0,141.0,741.0,194.0,365,1,0,1,Biker
4,696.0,145.0,741.0,198.0,366,1,0,1,Biker
4,696.0,149.0,741.0,206.0,367,1,0,1,Biker
4,696.0,153.0,741.0,210.0,368,1,0,1,Biker
4,696.0,157.0,741.0,214.0,369,1,0,1,Biker
4,696.0,165.0,741.0,218.0,370,1,0,1,Biker
4,696.0,169.0,741.0,222.0,371,1,0,1,Biker
4,696.0,173.0,741.0,226.0,372,1,0,1,Biker
4,696.0,177.0,741.0,230.0,373,1,0,1,Biker
4,696.0,181.0,741.0,238.0,374,1,0,1,Biker
4,696.0,185.0,741.0,242.0,375,1,0,1,Biker
4,696.0,189.0,741.0,246.0,376,1,0,1,Biker
4,698.0,194.0,743.0,250.0,377,1,0,1,Biker
4,698.0,198.0,743.0,254.0,378,1,0,1,Biker
4,698.0,202.0,743.0,258.0,379,1,0,1,Biker
4,698.0,206.0,743.0,262.0,380,1,0,1,Biker
4,698.0,210.0,743.0,270.0,381,1,0,1,Biker
4,698.0,218.0,743.0,274.0,382,1,0,1,Biker
4,698.0,222.0,743.0,278.0,383,1,0,1,Biker
4,698.0,226.0,743.0,282.0,384,1,0,1,Biker
4,698.0,230.0,743.0,286.0,385,1,0,1,Biker
4,698.0,234.0,743.0,291.0,386,1,0,1,Biker
4,698.0,238.0,743.0,299.0,387,1,0,1,Biker
4,698.0,242.0,743.0,303.0,388,1,0,1,Biker
4,698.0,246.0,743.0,307.0,389,1,0,1,Biker
4,698.0,250.0,743.0,311.0,390,1,0,1,Biker
4,698.0,254.0,743.0,315.0,391,1,0,1,Biker
4,698.0,258.0,743.0,319.0,392,1,0,1,Biker
4,698.0,262.0,743.0,323.0,393,1,0,1,Biker
4,698.0,266.0,743.0,331.0,394,1,0,1,Biker
4,698.0,274.0,743.0,335.0,395,1,0,1,Biker
4,698.0,278.0,743.0,339.0,396,1,0,1,Biker
4,698.0,282.0,743.0,343.0,397,1,0,1,Biker
4,698.0,286.0,743.0,347.0,398,1,0,1,Biker
4,700.0,291.0,745.0,351.0,399,1,0,1,Biker
4,700.0,295.0,745.0,355.0,400,1,0,1,Biker
4,700.0,299.0,745.0,363.0,401,1,0,1,Biker
4,700.0,303.0,745.0,367.0,402,1,0,1,Biker
4,700.0,307.0,745.0,371.0,403,1,0,1,Biker
4,700.0,311.0,745.0,375.0,404,1,0,1,Biker
4,700.0,315.0,745.0,379.0,405,1,0,1,Biker
4,700.0,319.0,745.0,383.0,406,1,0,1,Biker
4,700.0,327.0,745.0,388.0,407,1,0,1,Biker
4,700.0,331.0,745.0,396.0,408,1,0,1,Biker
4,700.0,335.0,745.0,400.0,409,1,0,1,Biker
4,700.0,339.0,745.0,404.0,410,1,0,1,Biker
4,700.0,343.0,745.0,408.0,411,1,0,1,Biker
4,700.0,347.0,745.0,412.0,412,1,0,1,Biker
4,700.0,351.0,745.0,416.0,413,1,0,1,Biker
4,700.0,355.0,745.0,420.0,414,1,0,1,Biker
4,700.0,359.0,745.0,428.0,415,1,0,1,Biker
4,700.0,363.0,745.0,432.0,416,1,0,1,Biker
4,700.0,367.0,745.0,436.0,417,1,0,1,Biker
4,700.0,371.0,745.0,440.0,418,1,0,1,Biker
4,700.0,375.0,745.0,444.0,419,1,0,1,Biker
4,700.0,383.0,745.0,448.0,420,1,0,1,Biker
4,702.0,388.0,747.0,452.0,421,1,0,1,Biker
4,702.0,392.0,747.0,460.0,422,1,0,1,Biker
4,702.0,396.0,747.0,464.0,423,1,0,1,Biker
4,702.0,400.0,747.0,468.0,424,1,0,1,Biker
4,702.0,404.0,747.0,472.0,425,1,0,1,Biker
4,702.0,408.0,747.0,476.0,426,1,0,1,Biker
4,702.0,412.0,747.0,480.0,427,1,0,1,Biker
4,702.0,416.0,747.0,485.0,428,1,0,1,Biker
4,702.0,420.0,747.0,493.0,429,1,0,1,Biker
4,702.0,424.0,747.0,497.0,430,1,0,1,Biker
4,702.0,428.0,747.0,501.0,431,1,0,1,Biker
4,702.0,436.0,747.0,505.0,432,1,0,1,Biker
4,702.0,440.0,747.0,509.0,433,1,0,1,Biker
4,702.0,444.0,747.0,513.0,434,1,0,1,Biker
4,702.0,448.0,747.0,521.0,435,1,0,1,Biker
4,702.0,452.0,747.0,525.0,436,1,0,1,Biker
4,702.0,456.0,747.0,529.0,437,1,0,1,Biker
4,702.0,460.0,747.0,533.0,438,1,0,1,Biker
4,702.0,464.0,747.0,537.0,439,1,0,1,Biker
4,702.0,468.0,747.0,541.0,440,1,0,1,Biker
4,702.0,472.0,747.0,545.0,441,1,0,1,Biker
4,702.0,476.0,747.0,553.0,442,1,0,1,Biker
4,704.0,480.0,749.0,557.0,443,1,0,1,Biker
4,704.0,489.0,749.0,561.0,444,1,0,1,Biker
4,704.0,493.0,749.0,565.0,445,1,0,1,Biker
4,704.0,497.0,749.0,569.0,446,1,0,1,Biker
4,704.0,501.0,749.0,573.0,447,1,0,1,Biker
4,704.0,505.0,749.0,577.0,448,1,0,1,Biker
4,704.0,509.0,749.0,586.0,449,1,0,1,Biker
4,704.0,513.0,749.0,590.0,450,1,0,1,Biker
4,704.0,517.0,749.0,594.0,451,1,0,1,Biker
4,704.0,521.0,749.0,598.0,452,1,0,1,Biker
4,704.0,525.0,749.0,602.0,453,1,0,1,Biker
4,704.0,529.0,749.0,606.0,454,1,0,1,Biker
4,704.0,533.0,749.0,610.0,455,1,0,1,Biker
4,704.0,537.0,749.0,618.0,456,1,0,1,Biker
4,704.0,545.0,749.0,622.0,457,1,0,1,Biker
4,704.0,549.0,749.0,626.0,458,1,0,1,Biker
4,704.0,553.0,749.0,630.0,459,1,0,1,Biker
4,704.0,557.0,749.0,634.0,460,1,0,1,Biker
4,704.0,561.0,749.0,638.0,461,1,0,1,Biker
4,704.0,565.0,749.0,642.0,462,1,0,1,Biker
4,704.0,569.0,749.0,650.0,463,1,0,1,Biker
4,704.0,573.0,749.0,654.0,464,1,0,1,Biker
4,706.0,577.0,751.0,658.0,465,1,0,1,Biker
4,706.0,582.0,751.0,662.0,466,1,0,1,Biker
4,706.0,586.0,751.0,666.0,467,1,0,1,Biker
4,706.0,590.0,751.0,670.0,468,1,0,1,Biker
4,706.0,598.0,751.0,674.0,469,1,0,1,Biker
4,706.0,602.0,751.0,683.0,470,1,0,1,Biker
4,706.0,606.0,751.0,687.0,471,1,0,1,Biker
4,706.0,610.0,751.0,691.0,472,1,0,1,Biker
4,706.0,614.0,751.0,695.0,473,1,0,1,Biker
4,706.0,618.0,751.0,699.0,474,1,0,1,Biker
4,706.0,622.0,751.0,703.0,475,1,0,1,Biker
4,706.0,626.0,751.0,707.0,476,1,0,1,Biker
4,706.0,630.0,751.0,715.0,477,1,0,1,Biker
4,706.0,634.0,751.0,719.0,478,1,0,1,Biker
4,706.0,638.0,751.0,723.0,479,1,0,1,Biker
4,706.0,642.0,751.0,727.0,480,1,0,1,Biker
4,706.0,646.0,751.0,731.0,481,1,0,1,Biker
4,706.0,654.0,751.0,735.0,482,1,0,1,Biker
4,706.0,658.0,751.0,743.0,483,1,0,1,Biker
4,706.0,662.0,751.0,747.0,484,1,0,1,Biker
4,706.0,666.0,751.0,751.0,485,1,0,1,Biker
4,706.0,670.0,751.0,755.0,486,1,0,1,Biker
4,708.0,674.0,753.0,759.0,487,1,0,1,Biker
4,708.0,679.0,753.0,763.0,488,1,0,1,Biker
4,708.0,683.0,753.0,767.0,489,1,0,1,Biker
4,708.0,687.0,753.0,776.0,490,1,0,1,Biker
4,708.0,691.0,753.0,780.0,491,1,0,1,Biker
4,708.0,695.0,753.0,784.0,492,1,0,1,Biker
4,708.0,699.0,753.0,788.0,493,1,0,1,Biker
4,708.0,707.0,753.0,792.0,494,1,0,1,Biker
4,708.0,711.0,753.0,796.0,495,1,0,1,Biker
4,708.0,715.0,753.0,800.0,496,1,0,1,Biker
4,708.0,719.0,753.0,808.0,497,1,0,1,Biker
4,708.0,723.0,753.0,812.0,498,1,0,1,Biker
4,708.0,727.0,753.0,816.0,499,1,0,1,Biker
4,708.0,731.0,753.0,820.0,500,1,0,1,Biker
4,708.0,735.0,753.0,824.0,501,1,0,1,Biker
4,708.0,739.0,753.0,828.0,502,1,0,1,Biker
4,708.0,743.0,753.0,832.0,503,1,0,1,Biker
4,708.0,747.0,753.0,840.0,504,1,0,1,Biker
4,708.0,751.0,753.0,844.0,505,1,0,1,Biker
4,708.0,755.0,753.0,848.0,506,1,0,1,Biker
4,708.0,763.0,753.0,852.0,507,1,0,1,Biker
4,708.0,767.0,753.0,856.0,508,1,0,1,Biker
4,710.0,771.0,755.0,860.0,509,1,0,1,Biker
4,710.0,776.0,755.0,864.0,510,1,0,1,Biker
4,710.0,780.0,755.0,873.0,511,1,0,1,Biker
4,710.0,784.0,755.0,877.0,512,1,0,1,Biker
4,710.0,788.0,755.0,881.0,513,1,0,1,Biker
4,710.0,792.0,755.0,885.0,514,1,0,1,Biker
4,710.0,796.0,755.0,889.0,515,1,0,1,Biker
4,710.0,800.0,755.0,893.0,516,1,0,1,Biker
4,710.0,804.0,755.0,897.0,517,1,0,1,Biker
4,710.0,808.0,755.0,905.0,518,1,0,1,Biker
4,710.0,816.0,755.0,909.0,519,1,0,1,Biker
4,710.0,820.0,755.0,913.0,520,1,0,1,Biker
4,710.0,824.0,755.0,917.0,521,1,0,1,Biker
4,710.0,828.0,755.0,921.0,522,1,0,1,Biker
4,710.0,832.0,755.0,925.0,523,1,0,1,Biker
4,710.0,836.0,755.0,929.0,524,1,0,1,Biker
4,710.0,840.0,755.0,937.0,525,1,0,1,Biker
4,710.0,844.0,755.0,941.0,526,1,0,1,Biker
4,710.0,848.0,755.0,945.0,527,1,0,1,Biker
4,710.0,852.0,755.0,949.0,528,1,0,1,Biker
4,710.0,856.0,755.0,953.0,529,1,0,1,Biker
4,710.0,860.0,755.0,957.0,530,1,0,1,Biker
4,712.0,868.0,757.0,965.0,531,0,0,0,Biker
5,471.0,1855.0,517.0,1927.0,0,1,0,0,Pedestrian
5,469.0,1855.0,515.0,1927.0,1,1,0,1,Pedestrian
5,469.0,1855.0,515.0,1927.0,2,1,0,1,Pedestrian
5,469.0,1855.0,515.0,1927.0,3,1,0,1,Pedestrian
5,469.0,1855.0,515.0,1927.0,4,1,0,1,Pedestrian
5,469.0,1855.0,515.0,1927.0,5,1,0,1,Pedestrian
5,469.0,1855.0,515.0,1927.0,6,1,0,1,Pedestrian
5,469.0,1855.0,515.0,1927.0,7,1,0,1,Pedestrian
5,469.0,1855.0,515.0,1927.0,8,1,0,1,Pedestrian
5,469.0,1855.0,515.0,1927.0,9,1,0,1,Pedestrian
5,467.0,1855.0,513.0,1927.0,10,1,0,1,Pedestrian
5,467.0,1855.0,513.0,1927.0,11,1,0,1,Pedestrian
5,467.0,1855.0,513.0,1927.0,12,1,0,1,Pedestrian
5,467.0,1855.0,513.0,1927.0,13,1,0,1,Pedestrian
5,467.0,1855.0,513.0,1927.0,14,1,0,1,Pedestrian
5,467.0,1855.0,513.0,1927.0,15,1,0,1,Pedestrian
5,467.0,1855.0,513.0,1927.0,16,1,0,1,Pedestrian
5,467.0,1855.0,513.0,1927.0,17,1,0,1,Pedestrian
5,467.0,1855.0,513.0,1927.0,18,1,0,1,Pedestrian
5,465.0,1859.0,511.0,1927.0,19,1,0,1,Pedestrian
5,465.0,1859.0,511.0,1927.0,20,1,0,1,Pedestrian
5,465.0,1859.0,511.0,1927.0,21,1,0,1,Pedestrian
5,465.0,1859.0,511.0,1927.0,22,1,0,1,Pedestrian
5,465.0,1859.0,511.0,1927.0,23,1,0,1,Pedestrian
5,465.0,1859.0,511.0,1927.0,24,1,0,1,Pedestrian
5,465.0,1859.0,511.0,1927.0,25,1,0,1,Pedestrian
5,465.0,1859.0,511.0,1927.0,26,1,0,1,Pedestrian
5,465.0,1859.0,511.0,1927.0,27,1,0,1,Pedestrian
5,463.0,1859.0,509.0,1927.0,28,1,0,1,Pedestrian
5,463.0,1859.0,509.0,1927.0,29,1,0,1,Pedestrian
5,463.0,1859.0,509.0,1927.0,30,1,0,1,Pedestrian
5,463.0,1859.0,509.0,1927.0,31,1,0,1,Pedestrian
5,463.0,1859.0,509.0,1927.0,32,1,0,1,Pedestrian
5,463.0,1859.0,509.0,1927.0,33,1,0,1,Pedestrian
5,463.0,1859.0,509.0,1927.0,34,1,0,1,Pedestrian
5,463.0,1859.0,509.0,1927.0,35,1,0,1,Pedestrian
5,463.0,1859.0,509.0,1927.0,36,1,0,1,Pedestrian
5,463.0,1863.0,509.0,1927.0,37,1,0,1,Pedestrian
5,461.0,1863.0,507.0,1927.0,38,1,0,1,Pedestrian
5,461.0,1863.0,507.0,1927.0,39,1,0,1,Pedestrian
5,461.0,1863.0,507.0,1927.0,40,1,0,1,Pedestrian
5,461.0,1863.0,507.0,1927.0,41,1,0,1,Pedestrian
5,461.0,1863.0,507.0,1927.0,42,1,0,1,Pedestrian
5,461.0,1863.0,507.0,1927.0,43,1,0,1,Pedestrian
5,461.0,1863.0,507.0,1927.0,44,1,0,1,Pedestrian
5,461.0,1863.0,507.0,1927.0,45,1,0,1,Pedestrian
5,461.0,1863.0,507.0,1927.0,46,1,0,1,Pedestrian
5,459.0,1863.0,505.0,1927.0,47,1,0,1,Pedestrian
5,459.0,1863.0,505.0,1927.0,48,1,0,1,Pedestrian
5,459.0,1863.0,505.0,1927.0,49,1,0,1,Pedestrian
5,459.0,1863.0,505.0,1927.0,50,1,0,1,Pedestrian
5,459.0,1863.0,505.0,1927.0,51,1,0,1,Pedestrian
5,459.0,1863.0,505.0,1927.0,52,1,0,1,Pedestrian
5,459.0,1863.0,505.0,1927.0,53,1,0,1,Pedestrian
5,459.0,1863.0,505.0,1927.0,54,1,0,1,Pedestrian
5,459.0,1863.0,505.0,1927.0,55,1,0,1,Pedestrian
5,457.0,1867.0,503.0,1927.0,56,1,0,1,Pedestrian
5,457.0,1867.0,503.0,1927.0,57,1,0,1,Pedestrian
5,457.0,1867.0,503.0,1927.0,58,1,0,1,Pedestrian
5,457.0,1867.0,503.0,1927.0,59,1,0,1,Pedestrian
5,457.0,1867.0,503.0,1927.0,60,1,0,1,Pedestrian
5,457.0,1867.0,503.0,1927.0,61,1,0,1,Pedestrian
5,457.0,1867.0,503.0,1927.0,62,1,0,1,Pedestrian
5,457.0,1867.0,503.0,1927.0,63,1,0,1,Pedestrian
5,457.0,1867.0,503.0,1927.0,64,1,0,1,Pedestrian
5,455.0,1867.0,501.0,1927.0,65,1,0,1,Pedestrian
5,455.0,1867.0,501.0,1927.0,66,1,0,1,Pedestrian
5,455.0,1867.0,501.0,1927.0,67,1,0,1,Pedestrian
5,455.0,1867.0,501.0,1927.0,68,1,0,1,Pedestrian
5,455.0,1867.0,501.0,1927.0,69,1,0,1,Pedestrian
5,455.0,1867.0,501.0,1927.0,70,1,0,1,Pedestrian
5,455.0,1867.0,501.0,1927.0,71,1,0,1,Pedestrian
5,455.0,1867.0,501.0,1927.0,72,1,0,1,Pedestrian
5,455.0,1867.0,501.0,1927.0,73,1,0,1,Pedestrian
5,455.0,1871.0,501.0,1927.0,74,1,0,1,Pedestrian
5,453.0,1871.0,499.0,1927.0,75,1,0,1,Pedestrian
5,453.0,1871.0,499.0,1927.0,76,1,0,1,Pedestrian
5,453.0,1871.0,499.0,1927.0,77,1,0,1,Pedestrian
5,453.0,1871.0,499.0,1927.0,78,1,0,1,Pedestrian
5,453.0,1871.0,499.0,1927.0,79,1,0,1,Pedestrian
5,453.0,1871.0,499.0,1927.0,80,1,0,1,Pedestrian
5,453.0,1871.0,499.0,1927.0,81,1,0,1,Pedestrian
5,453.0,1871.0,499.0,1927.0,82,1,0,1,Pedestrian
5,453.0,1871.0,499.0,1927.0,83,1,0,1,Pedestrian
5,451.0,1871.0,497.0,1927.0,84,1,0,1,Pedestrian
5,451.0,1871.0,497.0,1927.0,85,1,0,1,Pedestrian
5,451.0,1871.0,497.0,1927.0,86,1,0,1,Pedestrian
5,451.0,1871.0,497.0,1927.0,87,1,0,1,Pedestrian
5,451.0,1871.0,497.0,1927.0,88,1,0,1,Pedestrian
5,451.0,1871.0,497.0,1927.0,89,1,0,1,Pedestrian
5,451.0,1871.0,497.0,1927.0,90,1,0,1,Pedestrian
5,451.0,1871.0,497.0,1927.0,91,1,0,1,Pedestrian
5,451.0,1871.0,497.0,1927.0,92,1,0,1,Pedestrian
5,449.0,1875.0,495.0,1931.0,93,1,0,1,Pedestrian
5,449.0,1875.0,495.0,1931.0,94,1,0,1,Pedestrian
5,449.0,1875.0,495.0,1931.0,95,1,0,1,Pedestrian
5,449.0,1875.0,495.0,1931.0,96,1,0,1,Pedestrian
5,449.0,1875.0,495.0,1931.0,97,1,0,1,Pedestrian
5,449.0,1875.0,495.0,1931.0,98,1,0,1,Pedestrian
5,449.0,1875.0,495.0,1931.0,99,1,0,1,Pedestrian
5,449.0,1875.0,495.0,1931.0,100,1,0,1,Pedestrian
5,449.0,1875.0,495.0,1931.0,101,1,0,1,Pedestrian
5,447.0,1875.0,493.0,1931.0,102,1,0,1,Pedestrian
5,447.0,1875.0,493.0,1931.0,103,1,0,1,Pedestrian
5,447.0,1875.0,493.0,1931.0,104,1,0,1,Pedestrian
5,447.0,1875.0,493.0,1931.0,105,1,0,1,Pedestrian
5,447.0,1875.0,493.0,1931.0,106,1,0,1,Pedestrian
5,447.0,1875.0,493.0,1931.0,107,1,0,1,Pedestrian
5,447.0,1875.0,493.0,1931.0,108,1,0,1,Pedestrian
5,447.0,1875.0,493.0,1931.0,109,1,0,1,Pedestrian
5,447.0,1875.0,493.0,1931.0,110,1,0,1,Pedestrian
5,447.0,1879.0,493.0,1931.0,111,1,0,1,Pedestrian
5,445.0,1879.0,491.0,1931.0,112,1,0,1,Pedestrian
5,445.0,1879.0,491.0,1931.0,113,1,0,1,Pedestrian
5,445.0,1879.0,491.0,1931.0,114,1,0,1,Pedestrian
5,445.0,1879.0,491.0,1931.0,115,1,0,1,Pedestrian
5,445.0,1879.0,491.0,1931.0,116,1,0,1,Pedestrian
5,445.0,1879.0,491.0,1931.0,117,1,0,1,Pedestrian
5,445.0,1879.0,491.0,1931.0,118,1,0,1,Pedestrian
5,445.0,1879.0,491.0,1931.0,119,1,0,1,Pedestrian
5,445.0,1879.0,491.0,1931.0,120,1,0,1,Pedestrian
5,443.0,1879.0,489.0,1931.0,121,1,0,1,Pedestrian
5,443.0,1879.0,489.0,1931.0,122,1,0,1,Pedestrian
5,443.0,1879.0,489.0,1931.0,123,1,0,1,Pedestrian
5,443.0,1879.0,489.0,1931.0,124,1,0,1,Pedestrian
5,443.0,1879.0,489.0,1931.0,125,1,0,1,Pedestrian
5,443.0,1879.0,489.0,1931.0,126,1,0,1,Pedestrian
5,443.0,1879.0,489.0,1931.0,127,1,0,1,Pedestrian
5,443.0,1879.0,489.0,1931.0,128,1,0,1,Pedestrian
5,443.0,1879.0,489.0,1931.0,129,1,0,1,Pedestrian
5,441.0,1883.0,487.0,1931.0,130,1,0,1,Pedestrian
5,441.0,1883.0,487.0,1931.0,131,1,0,1,Pedestrian
5,441.0,1883.0,487.0,1931.0,132,1,0,1,Pedestrian
5,441.0,1883.0,487.0,1931.0,133,1,0,1,Pedestrian
5,441.0,1883.0,487.0,1931.0,134,1,0,1,Pedestrian
5,441.0,1883.0,487.0,1931.0,135,1,0,1,Pedestrian
5,441.0,1883.0,487.0,1931.0,136,1,0,1,Pedestrian
5,441.0,1883.0,487.0,1931.0,137,1,0,1,Pedestrian
5,441.0,1883.0,487.0,1931.0,138,1,0,1,Pedestrian
5,439.0,1883.0,485.0,1931.0,139,1,0,1,Pedestrian
5,439.0,1883.0,485.0,1931.0,140,1,0,1,Pedestrian
5,439.0,1883.0,485.0,1931.0,141,1,0,1,Pedestrian
5,439.0,1883.0,485.0,1931.0,142,1,0,1,Pedestrian
5,439.0,1883.0,485.0,1931.0,143,1,0,1,Pedestrian
5,439.0,1883.0,485.0,1931.0,144,1,0,1,Pedestrian
5,439.0,1883.0,485.0,1931.0,145,1,0,1,Pedestrian
5,439.0,1883.0,485.0,1931.0,146,1,0,1,Pedestrian
5,439.0,1883.0,485.0,1931.0,147,1,0,1,Pedestrian
5,439.0,1887.0,485.0,1931.0,148,1,0,1,Pedestrian
5,437.0,1887.0,483.0,1931.0,149,1,0,1,Pedestrian
5,437.0,1887.0,483.0,1931.0,150,1,0,1,Pedestrian
5,437.0,1887.0,483.0,1931.0,151,1,0,1,Pedestrian
5,437.0,1887.0,483.0,1931.0,152,1,0,1,Pedestrian
5,437.0,1887.0,483.0,1931.0,153,1,0,1,Pedestrian
5,437.0,1887.0,483.0,1931.0,154,1,0,1,Pedestrian
5,437.0,1887.0,483.0,1931.0,155,1,0,1,Pedestrian
5,437.0,1887.0,483.0,1931.0,156,1,0,1,Pedestrian
5,437.0,1887.0,483.0,1931.0,157,1,0,1,Pedestrian
5,435.0,1887.0,481.0,1931.0,158,1,0,1,Pedestrian
5,435.0,1887.0,481.0,1931.0,159,1,0,1,Pedestrian
5,435.0,1887.0,481.0,1931.0,160,1,0,1,Pedestrian
5,435.0,1887.0,481.0,1931.0,161,1,0,1,Pedestrian
5,435.0,1887.0,481.0,1931.0,162,1,0,1,Pedestrian
5,435.0,1887.0,481.0,1931.0,163,1,0,1,Pedestrian
5,435.0,1887.0,481.0,1931.0,164,1,0,1,Pedestrian
5,435.0,1887.0,481.0,1931.0,165,1,0,1,Pedestrian
5,435.0,1887.0,481.0,1931.0,166,1,0,1,Pedestrian
5,432.0,1891.0,479.0,1931.0,167,1,0,1,Pedestrian
5,432.0,1891.0,479.0,1931.0,168,1,0,1,Pedestrian
5,432.0,1891.0,479.0,1931.0,169,1,0,1,Pedestrian
5,432.0,1891.0,479.0,1931.0,170,1,0,1,Pedestrian
5,432.0,1891.0,479.0,1931.0,171,1,0,1,Pedestrian
5,432.0,1891.0,479.0,1931.0,172,1,0,1,Pedestrian
5,432.0,1891.0,479.0,1931.0,173,1,0,1,Pedestrian
5,432.0,1891.0,479.0,1931.0,174,1,0,1,Pedestrian
5,432.0,1891.0,479.0,1931.0,175,1,0,1,Pedestrian
5,430.0,1891.0,477.0,1931.0,176,1,0,1,Pedestrian
5,430.0,1891.0,477.0,1931.0,177,1,0,1,Pedestrian
5,430.0,1891.0,477.0,1931.0,178,1,0,1,Pedestrian
5,430.0,1891.0,477.0,1931.0,179,1,0,1,Pedestrian
5,430.0,1891.0,477.0,1931.0,180,1,0,1,Pedestrian
5,430.0,1891.0,477.0,1931.0,181,1,0,1,Pedestrian
5,430.0,1891.0,477.0,1931.0,182,1,0,1,Pedestrian
5,430.0,1891.0,477.0,1931.0,183,1,0,1,Pedestrian
5,430.0,1891.0,477.0,1931.0,184,1,0,1,Pedestrian
5,430.0,1895.0,477.0,1935.0,185,0,1,0,Pedestrian
5,430.0,1891.0,477.0,1931.0,186,0,1,1,Pedestrian
5,430.0,1891.0,477.0,1931.0,187,0,1,1,Pedestrian
5,430.0,1891.0,477.0,1931.0,188,0,1,1,Pedestrian
5,432.0,1891.0,479.0,1931.0,189,0,1,1,Pedestrian
5,432.0,1891.0,479.0,1931.0,190,0,1,1,Pedestrian
5,432.0,1891.0,479.0,1931.0,191,0,1,1,Pedestrian
5,435.0,1887.0,481.0,1931.0,192,0,1,1,Pedestrian
5,435.0,1887.0,481.0,1931.0,193,0,1,1,Pedestrian
5,435.0,1887.0,481.0,1931.0,194,0,1,1,Pedestrian
5,437.0,1887.0,483.0,1931.0,195,0,1,1,Pedestrian
5,437.0,1887.0,483.0,1931.0,196,0,1,1,Pedestrian
5,437.0,1887.0,483.0,1931.0,197,0,1,1,Pedestrian
5,439.0,1883.0,485.0,1931.0,198,0,1,1,Pedestrian
5,439.0,1883.0,485.0,1931.0,199,0,1,1,Pedestrian
5,439.0,1883.0,485.0,1931.0,200,0,1,1,Pedestrian
5,441.0,1883.0,487.0,1931.0,201,0,1,1,Pedestrian
5,441.0,1883.0,487.0,1931.0,202,0,1,1,Pedestrian
5,441.0,1883.0,487.0,1931.0,203,0,1,1,Pedestrian
5,443.0,1879.0,489.0,1931.0,204,0,1,1,Pedestrian
5,443.0,1879.0,489.0,1931.0,205,0,1,1,Pedestrian
5,443.0,1879.0,489.0,1931.0,206,0,1,1,Pedestrian
5,445.0,1879.0,491.0,1931.0,207,0,1,1,Pedestrian
5,445.0,1879.0,491.0,1931.0,208,0,1,1,Pedestrian
5,445.0,1879.0,491.0,1931.0,209,0,1,1,Pedestrian
5,447.0,1875.0,493.0,1931.0,210,0,1,1,Pedestrian
5,447.0,1875.0,493.0,1931.0,211,0,1,1,Pedestrian
5,447.0,1875.0,493.0,1931.0,212,0,1,1,Pedestrian
5,449.0,1875.0,495.0,1931.0,213,0,1,1,Pedestrian
5,449.0,1875.0,495.0,1931.0,214,0,1,1,Pedestrian
5,449.0,1875.0,495.0,1931.0,215,0,1,1,Pedestrian
5,451.0,1875.0,497.0,1931.0,216,0,1,1,Pedestrian
5,451.0,1871.0,497.0,1927.0,217,0,1,1,Pedestrian
5,451.0,1871.0,497.0,1927.0,218,0,1,1,Pedestrian
5,451.0,1871.0,497.0,1927.0,219,0,1,1,Pedestrian
5,453.0,1871.0,499.0,1927.0,220,0,1,1,Pedestrian
5,453.0,1871.0,499.0,1927.0,221,0,1,1,Pedestrian
5,453.0,1871.0,499.0,1927.0,222,0,1,1,Pedestrian
5,455.0,1867.0,501.0,1927.0,223,0,1,1,Pedestrian
5,455.0,1867.0,501.0,1927.0,224,0,1,1,Pedestrian
5,455.0,1867.0,501.0,1927.0,225,0,1,1,Pedestrian
5,457.0,1867.0,503.0,1927.0,226,0,1,1,Pedestrian
5,457.0,1867.0,503.0,1927.0,227,0,1,1,Pedestrian
5,457.0,1867.0,503.0,1927.0,228,0,1,1,Pedestrian
5,459.0,1863.0,505.0,1927.0,229,0,1,1,Pedestrian
5,459.0,1863.0,505.0,1927.0,230,0,1,1,Pedestrian
5,459.0,1863.0,505.0,1927.0,231,0,1,1,Pedestrian
5,461.0,1863.0,507.0,1927.0,232,0,1,1,Pedestrian
5,461.0,1863.0,507.0,1927.0,233,0,1,1,Pedestrian
5,461.0,1863.0,507.0,1927.0,234,0,1,1,Pedestrian
5,463.0,1859.0,509.0,1927.0,235,0,1,1,Pedestrian
5,463.0,1859.0,509.0,1927.0,236,0,1,1,Pedestrian
5,463.0,1859.0,509.0,1927.0,237,0,1,1,Pedestrian
5,465.0,1859.0,511.0,1927.0,238,0,1,1,Pedestrian
5,465.0,1859.0,511.0,1927.0,239,0,1,1,Pedestrian
5,465.0,1859.0,511.0,1927.0,240,0,1,1,Pedestrian
5,467.0,1855.0,513.0,1927.0,241,0,1,1,Pedestrian
5,467.0,1855.0,513.0,1927.0,242,0,1,1,Pedestrian
5,467.0,1855.0,513.0,1927.0,243,0,1,1,Pedestrian
5,469.0,1855.0,515.0,1927.0,244,0,1,1,Pedestrian
5,469.0,1855.0,515.0,1927.0,245,0,1,1,Pedestrian
5,469.0,1855.0,515.0,1927.0,246,0,1,1,Pedestrian
5,471.0,1855.0,517.0,1927.0,247,0,0,0,Pedestrian
5,471.0,1851.0,517.0,1923.0,248,0,0,1,Pedestrian
5,471.0,1851.0,517.0,1923.0,249,0,0,1,Pedestrian
5,473.0,1851.0,519.0,1923.0,250,0,0,1,Pedestrian
5,473.0,1851.0,519.0,1923.0,251,0,0,1,Pedestrian
5,475.0,1851.0,521.0,1923.0,252,0,0,1,Pedestrian
5,475.0,1851.0,521.0,1923.0,253,0,0,1,Pedestrian
5,475.0,1851.0,521.0,1923.0,254,0,0,1,Pedestrian
5,477.0,1847.0,523.0,1919.0,255,0,0,1,Pedestrian
5,477.0,1847.0,523.0,1919.0,256,0,0,1,Pedestrian
5,479.0,1847.0,525.0,1919.0,257,0,0,1,Pedestrian
5,479.0,1847.0,525.0,1919.0,258,0,0,1,Pedestrian
5,479.0,1847.0,525.0,1919.0,259,0,0,1,Pedestrian
5,481.0,1847.0,527.0,1919.0,260,0,0,1,Pedestrian
5,481.0,1847.0,527.0,1919.0,261,0,0,1,Pedestrian
5,483.0,1847.0,529.0,1919.0,262,0,0,1,Pedestrian
5,483.0,1843.0,529.0,1915.0,263,0,0,1,Pedestrian
5,483.0,1843.0,529.0,1915.0,264,0,0,1,Pedestrian
5,485.0,1843.0,531.0,1915.0,265,0,0,1,Pedestrian
5,485.0,1843.0,531.0,1915.0,266,0,0,1,Pedestrian
5,487.0,1843.0,533.0,1915.0,267,0,0,1,Pedestrian
5,487.0,1843.0,533.0,1915.0,268,0,0,1,Pedestrian
5,487.0,1843.0,533.0,1915.0,269,0,0,1,Pedestrian
5,489.0,1838.0,535.0,1911.0,270,0,0,1,Pedestrian
5,489.0,1838.0,535.0,1911.0,271,0,0,1,Pedestrian
5,491.0,1838.0,537.0,1911.0,272,0,0,1,Pedestrian
5,491.0,1838.0,537.0,1911.0,273,0,0,1,Pedestrian
5,491.0,1838.0,537.0,1911.0,274,0,0,1,Pedestrian
5,493.0,1838.0,539.0,1911.0,275,0,0,1,Pedestrian
5,493.0,1838.0,539.0,1911.0,276,0,0,1,Pedestrian
5,495.0,1838.0,541.0,1911.0,277,0,0,1,Pedestrian
5,495.0,1834.0,541.0,1907.0,278,0,0,1,Pedestrian
5,495.0,1834.0,541.0,1907.0,279,0,0,1,Pedestrian
5,497.0,1834.0,543.0,1907.0,280,0,0,1,Pedestrian
5,497.0,1834.0,543.0,1907.0,281,0,0,1,Pedestrian
5,499.0,1834.0,545.0,1907.0,282,0,0,1,Pedestrian
5,499.0,1834.0,545.0,1907.0,283,0,0,1,Pedestrian
5,499.0,1834.0,545.0,1907.0,284,0,0,1,Pedestrian
5,501.0,1830.0,547.0,1903.0,285,0,0,1,Pedestrian
5,501.0,1830.0,547.0,1903.0,286,0,0,1,Pedestrian
5,503.0,1830.0,549.0,1903.0,287,0,0,1,Pedestrian
5,503.0,1830.0,549.0,1903.0,288,0,0,1,Pedestrian
5,503.0,1830.0,549.0,1903.0,289,0,0,1,Pedestrian
5,505.0,1830.0,551.0,1903.0,290,0,0,1,Pedestrian
5,505.0,1830.0,551.0,1903.0,291,0,0,1,Pedestrian
5,507.0,1830.0,553.0,1903.0,292,0,0,0,Pedestrian
5,507.0,1826.0,553.0,1899.0,293,0,0,1,Pedestrian
5,507.0,1826.0,553.0,1899.0,294,0,0,1,Pedestrian
5,507.0,1826.0,553.0,1899.0,295,0,0,1,Pedestrian
5,507.0,1826.0,553.0,1899.0,296,0,0,1,Pedestrian
5,507.0,1826.0,553.0,1899.0,297,0,0,1,Pedestrian
5,507.0,1826.0,553.0,1899.0,298,0,0,1,Pedestrian
5,509.0,1826.0,553.0,1899.0,299,0,0,1,Pedestrian
5,509.0,1826.0,553.0,1899.0,300,0,0,1,Pedestrian
5,509.0,1826.0,553.0,1899.0,301,0,0,1,Pedestrian
5,509.0,1826.0,553.0,1899.0,302,0,0,1,Pedestrian
5,509.0,1822.0,555.0,1895.0,303,0,0,1,Pedestrian
5,509.0,1822.0,555.0,1895.0,304,0,0,1,Pedestrian
5,509.0,1822.0,555.0,1895.0,305,0,0,1,Pedestrian
5,511.0,1822.0,555.0,1895.0,306,0,0,1,Pedestrian
5,511.0,1822.0,555.0,1895.0,307,0,0,1,Pedestrian
5,511.0,1822.0,555.0,1895.0,308,0,0,1,Pedestrian
5,511.0,1822.0,555.0,1895.0,309,0,0,1,Pedestrian
5,511.0,1822.0,555.0,1895.0,310,0,0,1,Pedestrian
5,511.0,1822.0,555.0,1895.0,311,0,0,1,Pedestrian
5,511.0,1822.0,555.0,1895.0,312,0,0,1,Pedestrian
5,513.0,1822.0,557.0,1895.0,313,0,0,0,Pedestrian
5,513.0,1818.0,557.0,1891.0,314,0,0,1,Pedestrian
5,513.0,1818.0,557.0,1891.0,315,0,0,1,Pedestrian
5,513.0,1818.0,557.0,1891.0,316,0,0,1,Pedestrian
5,513.0,1818.0,557.0,1891.0,317,0,0,1,Pedestrian
5,513.0,1818.0,557.0,1891.0,318,0,0,1,Pedestrian
5,515.0,1814.0,559.0,1887.0,319,0,0,1,Pedestrian
5,515.0,1814.0,559.0,1887.0,320,0,0,1,Pedestrian
5,515.0,1814.0,559.0,1887.0,321,0,0,1,Pedestrian
5,515.0,1814.0,559.0,1887.0,322,0,0,1,Pedestrian
5,515.0,1814.0,559.0,1887.0,323,0,0,1,Pedestrian
5,517.0,1814.0,559.0,1887.0,324,0,0,1,Pedestrian
5,517.0,1810.0,561.0,1883.0,325,0,0,1,Pedestrian
5,517.0,1810.0,561.0,1883.0,326,0,0,1,Pedestrian
5,517.0,1810.0,561.0,1883.0,327,0,0,1,Pedestrian
5,517.0,1810.0,561.0,1883.0,328,0,0,1,Pedestrian
5,519.0,1810.0,561.0,1883.0,329,0,0,1,Pedestrian
5,519.0,1810.0,561.0,1883.0,330,0,0,1,Pedestrian
5,519.0,1806.0,563.0,1879.0,331,0,0,1,Pedestrian
5,519.0,1806.0,563.0,1879.0,332,0,0,1,Pedestrian
5,519.0,1806.0,563.0,1879.0,333,0,0,1,Pedestrian
5,521.0,1806.0,563.0,1879.0,334,0,0,1,Pedestrian
5,521.0,1806.0,563.0,1879.0,335,0,0,1,Pedestrian
5,521.0,1806.0,563.0,1879.0,336,0,0,1,Pedestrian
5,521.0,1802.0,565.0,1875.0,337,0,0,1,Pedestrian
5,521.0,1802.0,565.0,1875.0,338,0,0,1,Pedestrian
5,523.0,1802.0,565.0,1875.0,339,0,0,1,Pedestrian
5,523.0,1802.0,565.0,1875.0,340,0,0,1,Pedestrian
5,523.0,1802.0,565.0,1875.0,341,0,0,1,Pedestrian
5,523.0,1802.0,565.0,1875.0,342,0,0,1,Pedestrian
5,523.0,1798.0,567.0,1871.0,343,0,0,1,Pedestrian
5,525.0,1798.0,567.0,1871.0,344,0,0,1,Pedestrian
5,525.0,1798.0,567.0,1871.0,345,0,0,1,Pedestrian
5,525.0,1798.0,567.0,1871.0,346,0,0,1,Pedestrian
5,525.0,1798.0,567.0,1871.0,347,0,0,1,Pedestrian
5,525.0,1798.0,567.0,1871.0,348,0,0,1,Pedestrian
5,527.0,1794.0,569.0,1867.0,349,0,0,1,Pedestrian
5,527.0,1794.0,569.0,1867.0,350,0,0,1,Pedestrian
5,527.0,1794.0,569.0,1867.0,351,0,0,1,Pedestrian
5,527.0,1794.0,569.0,1867.0,352,0,0,1,Pedestrian
5,527.0,1794.0,569.0,1867.0,353,0,0,1,Pedestrian
5,529.0,1794.0,571.0,1867.0,354,0,0,0,Pedestrian
5,527.0,1790.0,569.0,1863.0,355,0,0,1,Pedestrian
5,527.0,1790.0,569.0,1863.0,356,0,0,1,Pedestrian
5,527.0,1790.0,569.0,1863.0,357,0,0,1,Pedestrian
5,527.0,1790.0,569.0,1863.0,358,0,0,1,Pedestrian
5,527.0,1790.0,569.0,1863.0,359,0,0,1,Pedestrian
5,527.0,1790.0,569.0,1863.0,360,0,0,1,Pedestrian
5,527.0,1790.0,569.0,1863.0,361,0,0,1,Pedestrian
5,527.0,1790.0,569.0,1863.0,362,0,0,1,Pedestrian
5,527.0,1790.0,569.0,1863.0,363,0,0,1,Pedestrian
5,527.0,1790.0,569.0,1863.0,364,0,0,1,Pedestrian
5,527.0,1790.0,569.0,1863.0,365,0,0,1,Pedestrian
5,527.0,1790.0,569.0,1863.0,366,0,0,1,Pedestrian
5,527.0,1790.0,569.0,1863.0,367,0,0,1,Pedestrian
5,527.0,1790.0,569.0,1863.0,368,0,0,1,Pedestrian
5,527.0,1790.0,569.0,1863.0,369,0,0,1,Pedestrian
5,527.0,1790.0,569.0,1863.0,370,0,0,1,Pedestrian
5,527.0,1790.0,569.0,1863.0,371,0,0,1,Pedestrian
5,527.0,1790.0,569.0,1863.0,372,0,0,1,Pedestrian
5,527.0,1790.0,569.0,1863.0,373,0,0,1,Pedestrian
5,527.0,1790.0,569.0,1863.0,374,0,0,1,Pedestrian
5,527.0,1790.0,569.0,1863.0,375,0,0,1,Pedestrian
5,527.0,1790.0,569.0,1863.0,376,0,0,1,Pedestrian
5,527.0,1790.0,569.0,1863.0,377,0,0,1,Pedestrian
5,527.0,1790.0,569.0,1863.0,378,0,0,1,Pedestrian
5,527.0,1790.0,569.0,1863.0,379,0,0,1,Pedestrian
5,527.0,1790.0,569.0,1863.0,380,0,0,1,Pedestrian
5,527.0,1790.0,569.0,1863.0,381,0,0,1,Pedestrian
5,527.0,1790.0,569.0,1863.0,382,0,0,1,Pedestrian
5,527.0,1790.0,569.0,1863.0,383,0,0,1,Pedestrian
5,527.0,1790.0,569.0,1863.0,384,0,0,1,Pedestrian
5,527.0,1790.0,569.0,1863.0,385,0,0,1,Pedestrian
5,527.0,1790.0,569.0,1863.0,386,0,0,1,Pedestrian
5,527.0,1790.0,569.0,1863.0,387,0,0,1,Pedestrian
5,527.0,1790.0,569.0,1863.0,388,0,0,1,Pedestrian
5,527.0,1790.0,569.0,1863.0,389,0,0,1,Pedestrian
5,527.0,1790.0,569.0,1863.0,390,0,0,1,Pedestrian
5,527.0,1790.0,569.0,1863.0,391,0,0,1,Pedestrian
5,527.0,1790.0,569.0,1863.0,392,0,0,1,Pedestrian
5,527.0,1790.0,569.0,1863.0,393,0,0,1,Pedestrian
5,527.0,1790.0,569.0,1863.0,394,0,0,1,Pedestrian
5,527.0,1790.0,569.0,1863.0,395,0,0,1,Pedestrian
5,527.0,1790.0,569.0,1863.0,396,0,0,1,Pedestrian
5,527.0,1790.0,569.0,1863.0,397,0,0,1,Pedestrian
5,527.0,1790.0,569.0,1863.0,398,0,0,1,Pedestrian
5,527.0,1790.0,569.0,1863.0,399,0,0,1,Pedestrian
5,527.0,1790.0,569.0,1863.0,400,0,0,1,Pedestrian
5,527.0,1790.0,569.0,1863.0,401,0,0,1,Pedestrian
5,527.0,1790.0,569.0,1863.0,402,0,0,1,Pedestrian
5,527.0,1790.0,569.0,1863.0,403,0,0,1,Pedestrian
5,527.0,1790.0,569.0,1863.0,404,0,0,1,Pedestrian
5,527.0,1790.0,569.0,1863.0,405,0,0,1,Pedestrian
5,527.0,1790.0,569.0,1863.0,406,0,0,1,Pedestrian
5,527.0,1790.0,569.0,1863.0,407,0,0,1,Pedestrian
5,527.0,1790.0,569.0,1863.0,408,0,0,1,Pedestrian
5,527.0,1790.0,569.0,1863.0,409,0,0,1,Pedestrian
5,527.0,1790.0,569.0,1863.0,410,0,0,1,Pedestrian
5,527.0,1790.0,569.0,1863.0,411,0,0,1,Pedestrian
5,527.0,1790.0,569.0,1863.0,412,0,0,1,Pedestrian
5,527.0,1790.0,569.0,1863.0,413,0,0,1,Pedestrian
5,525.0,1790.0,569.0,1863.0,414,0,0,1,Pedestrian
5,525.0,1790.0,569.0,1863.0,415,0,0,1,Pedestrian
5,525.0,1790.0,569.0,1863.0,416,0,0,1,Pedestrian
5,525.0,1790.0,569.0,1863.0,417,0,0,1,Pedestrian
5,525.0,1790.0,569.0,1863.0,418,0,0,1,Pedestrian
5,525.0,1790.0,569.0,1863.0,419,0,0,1,Pedestrian
5,525.0,1790.0,569.0,1863.0,420,0,0,1,Pedestrian
5,525.0,1790.0,569.0,1863.0,421,0,0,1,Pedestrian
5,525.0,1790.0,569.0,1863.0,422,0,0,1,Pedestrian
5,525.0,1790.0,569.0,1863.0,423,0,0,1,Pedestrian
5,525.0,1790.0,569.0,1863.0,424,0,0,1,Pedestrian
5,525.0,1790.0,569.0,1863.0,425,0,0,1,Pedestrian
5,525.0,1790.0,569.0,1863.0,426,0,0,1,Pedestrian
5,525.0,1790.0,569.0,1863.0,427,0,0,1,Pedestrian
5,525.0,1790.0,569.0,1863.0,428,0,0,1,Pedestrian
5,525.0,1790.0,569.0,1863.0,429,0,0,1,Pedestrian
5,525.0,1790.0,569.0,1863.0,430,0,0,1,Pedestrian
5,525.0,1790.0,569.0,1863.0,431,0,0,1,Pedestrian
5,525.0,1790.0,569.0,1863.0,432,0,0,1,Pedestrian
5,525.0,1790.0,569.0,1863.0,433,0,0,1,Pedestrian
5,525.0,1790.0,569.0,1863.0,434,0,0,1,Pedestrian
5,525.0,1790.0,569.0,1863.0,435,0,0,1,Pedestrian
5,525.0,1790.0,569.0,1863.0,436,0,0,1,Pedestrian
5,525.0,1790.0,569.0,1863.0,437,0,0,1,Pedestrian
5,525.0,1790.0,569.0,1863.0,438,0,0,1,Pedestrian
5,525.0,1790.0,569.0,1863.0,439,0,0,1,Pedestrian
5,525.0,1790.0,569.0,1863.0,440,0,0,1,Pedestrian
5,525.0,1790.0,569.0,1863.0,441,0,0,1,Pedestrian
5,525.0,1790.0,569.0,1863.0,442,0,0,1,Pedestrian
5,525.0,1786.0,567.0,1859.0,443,0,0,1,Pedestrian
5,525.0,1786.0,567.0,1859.0,444,0,0,1,Pedestrian
5,525.0,1786.0,567.0,1859.0,445,0,0,1,Pedestrian
5,525.0,1786.0,567.0,1859.0,446,0,0,1,Pedestrian
5,525.0,1786.0,567.0,1859.0,447,0,0,1,Pedestrian
5,525.0,1786.0,567.0,1859.0,448,0,0,1,Pedestrian
5,525.0,1786.0,567.0,1859.0,449,0,0,1,Pedestrian
5,525.0,1786.0,567.0,1859.0,450,0,0,1,Pedestrian
5,525.0,1786.0,567.0,1859.0,451,0,0,1,Pedestrian
5,525.0,1786.0,567.0,1859.0,452,0,0,1,Pedestrian
5,525.0,1786.0,567.0,1859.0,453,0,0,1,Pedestrian
5,525.0,1786.0,567.0,1859.0,454,0,0,1,Pedestrian
5,525.0,1786.0,567.0,1859.0,455,0,0,1,Pedestrian
5,525.0,1786.0,567.0,1859.0,456,0,0,1,Pedestrian
5,525.0,1786.0,567.0,1859.0,457,0,0,1,Pedestrian
5,525.0,1786.0,567.0,1859.0,458,0,0,1,Pedestrian
5,525.0,1786.0,567.0,1859.0,459,0,0,1,Pedestrian
5,525.0,1786.0,567.0,1859.0,460,0,0,1,Pedestrian
5,525.0,1786.0,567.0,1859.0,461,0,0,1,Pedestrian
5,525.0,1786.0,567.0,1859.0,462,0,0,1,Pedestrian
5,525.0,1786.0,567.0,1859.0,463,0,0,1,Pedestrian
5,525.0,1786.0,567.0,1859.0,464,0,0,1,Pedestrian
5,525.0,1786.0,567.0,1859.0,465,0,0,1,Pedestrian
5,525.0,1786.0,567.0,1859.0,466,0,0,1,Pedestrian
5,525.0,1786.0,567.0,1859.0,467,0,0,1,Pedestrian
5,525.0,1786.0,567.0,1859.0,468,0,0,1,Pedestrian
5,525.0,1786.0,567.0,1859.0,469,0,0,1,Pedestrian
5,525.0,1786.0,567.0,1859.0,470,0,0,1,Pedestrian
5,525.0,1786.0,567.0,1859.0,471,0,0,1,Pedestrian
5,525.0,1786.0,567.0,1859.0,472,0,0,1,Pedestrian
5,523.0,1786.0,567.0,1859.0,473,0,0,1,Pedestrian
5,523.0,1786.0,567.0,1859.0,474,0,0,1,Pedestrian
5,523.0,1786.0,567.0,1859.0,475,0,0,1,Pedestrian
5,523.0,1786.0,567.0,1859.0,476,0,0,1,Pedestrian
5,523.0,1786.0,567.0,1859.0,477,0,0,1,Pedestrian
5,523.0,1786.0,567.0,1859.0,478,0,0,1,Pedestrian
5,523.0,1786.0,567.0,1859.0,479,0,0,1,Pedestrian
5,523.0,1786.0,567.0,1859.0,480,0,0,1,Pedestrian
5,523.0,1786.0,567.0,1859.0,481,0,0,1,Pedestrian
5,523.0,1786.0,567.0,1859.0,482,0,0,1,Pedestrian
5,523.0,1786.0,567.0,1859.0,483,0,0,1,Pedestrian
5,523.0,1786.0,567.0,1859.0,484,0,0,1,Pedestrian
5,523.0,1786.0,567.0,1859.0,485,0,0,1,Pedestrian
5,523.0,1786.0,567.0,1859.0,486,0,0,1,Pedestrian
5,523.0,1786.0,567.0,1859.0,487,0,0,1,Pedestrian
5,523.0,1786.0,567.0,1859.0,488,0,0,1,Pedestrian
5,523.0,1786.0,567.0,1859.0,489,0,0,1,Pedestrian
5,523.0,1786.0,567.0,1859.0,490,0,0,1,Pedestrian
5,523.0,1786.0,567.0,1859.0,491,0,0,1,Pedestrian
5,523.0,1786.0,567.0,1859.0,492,0,0,1,Pedestrian
5,523.0,1786.0,567.0,1859.0,493,0,0,1,Pedestrian
5,523.0,1786.0,567.0,1859.0,494,0,0,1,Pedestrian
5,523.0,1786.0,567.0,1859.0,495,0,0,1,Pedestrian
5,523.0,1786.0,567.0,1859.0,496,0,0,1,Pedestrian
5,523.0,1786.0,567.0,1859.0,497,0,0,1,Pedestrian
5,523.0,1786.0,567.0,1859.0,498,0,0,1,Pedestrian
5,523.0,1786.0,567.0,1859.0,499,0,0,1,Pedestrian
5,523.0,1786.0,567.0,1859.0,500,0,0,1,Pedestrian
5,523.0,1786.0,567.0,1859.0,501,0,0,1,Pedestrian
5,523.0,1786.0,567.0,1859.0,502,0,0,1,Pedestrian
5,523.0,1786.0,567.0,1859.0,503,0,0,1,Pedestrian
5,523.0,1786.0,567.0,1859.0,504,0,0,1,Pedestrian
5,523.0,1786.0,567.0,1859.0,505,0,0,1,Pedestrian
5,523.0,1786.0,567.0,1859.0,506,0,0,1,Pedestrian
5,523.0,1786.0,567.0,1859.0,507,0,0,1,Pedestrian
5,523.0,1786.0,567.0,1859.0,508,0,0,1,Pedestrian
5,523.0,1786.0,567.0,1859.0,509,0,0,1,Pedestrian
5,523.0,1786.0,567.0,1859.0,510,0,0,1,Pedestrian
5,523.0,1786.0,567.0,1859.0,511,0,0,1,Pedestrian
5,523.0,1786.0,567.0,1859.0,512,0,0,1,Pedestrian
5,523.0,1786.0,567.0,1859.0,513,0,0,1,Pedestrian
5,523.0,1786.0,567.0,1859.0,514,0,0,1,Pedestrian
5,523.0,1786.0,567.0,1859.0,515,0,0,1,Pedestrian
5,523.0,1786.0,567.0,1859.0,516,0,0,1,Pedestrian
5,523.0,1786.0,567.0,1859.0,517,0,0,1,Pedestrian
5,523.0,1786.0,567.0,1859.0,518,0,0,1,Pedestrian
5,523.0,1786.0,567.0,1859.0,519,0,0,1,Pedestrian
5,523.0,1786.0,567.0,1859.0,520,0,0,1,Pedestrian
5,523.0,1786.0,567.0,1859.0,521,0,0,1,Pedestrian
5,523.0,1786.0,567.0,1859.0,522,0,0,1,Pedestrian
5,523.0,1786.0,567.0,1859.0,523,0,0,1,Pedestrian
5,523.0,1786.0,567.0,1859.0,524,0,0,1,Pedestrian
5,523.0,1786.0,567.0,1859.0,525,0,0,1,Pedestrian
5,523.0,1786.0,567.0,1859.0,526,0,0,1,Pedestrian
5,523.0,1786.0,567.0,1859.0,527,0,0,1,Pedestrian
5,523.0,1786.0,567.0,1859.0,528,0,0,1,Pedestrian
5,523.0,1786.0,567.0,1859.0,529,0,0,1,Pedestrian
5,523.0,1786.0,567.0,1859.0,530,0,0,1,Pedestrian
5,523.0,1786.0,567.0,1859.0,531,0,0,0,Pedestrian
6,1298.0,1758.0,1359.0,1863.0,0,1,0,0,Pedestrian
6,1290.0,1762.0,1351.0,1867.0,1,1,0,1,Pedestrian
6,1284.0,1770.0,1345.0,1875.0,2,1,0,1,Pedestrian
6,1278.0,1774.0,1339.0,1879.0,3,1,0,1,Pedestrian
6,1272.0,1782.0,1333.0,1887.0,4,1,0,1,Pedestrian
6,1266.0,1790.0,1327.0,1895.0,5,1,0,1,Pedestrian
6,1258.0,1794.0,1319.0,1899.0,6,1,0,1,Pedestrian
6,1252.0,1802.0,1313.0,1907.0,7,1,0,1,Pedestrian
6,1246.0,1806.0,1307.0,1911.0,8,1,0,1,Pedestrian
6,1240.0,1814.0,1300.0,1919.0,9,1,0,1,Pedestrian
6,1234.0,1822.0,1294.0,1927.0,10,0,1,0,Pedestrian
6,1234.0,1818.0,1294.0,1923.0,11,0,1,1,Pedestrian
6,1234.0,1818.0,1294.0,1923.0,12,0,1,1,Pedestrian
6,1234.0,1818.0,1294.0,1923.0,13,0,1,1,Pedestrian
6,1236.0,1818.0,1296.0,1923.0,14,0,1,1,Pedestrian
6,1236.0,1818.0,1296.0,1923.0,15,0,1,1,Pedestrian
6,1236.0,1818.0,1296.0,1923.0,16,0,1,1,Pedestrian
6,1238.0,1818.0,1298.0,1923.0,17,0,1,1,Pedestrian
6,1238.0,1818.0,1298.0,1923.0,18,0,1,1,Pedestrian
6,1238.0,1818.0,1298.0,1923.0,19,0,1,1,Pedestrian
6,1240.0,1818.0,1300.0,1923.0,20,0,1,1,Pedestrian
6,1240.0,1814.0,1300.0,1919.0,21,0,1,1,Pedestrian
6,1240.0,1814.0,1300.0,1919.0,22,0,1,1,Pedestrian
6,1240.0,1814.0,1300.0,1919.0,23,0,1,1,Pedestrian
6,1242.0,1814.0,1302.0,1919.0,24,0,1,1,Pedestrian
6,1242.0,1814.0,1302.0,1919.0,25,0,1,1,Pedestrian
6,1242.0,1814.0,1302.0,1919.0,26,0,1,1,Pedestrian
6,1244.0,1814.0,1305.0,1919.0,27,0,1,1,Pedestrian
6,1244.0,1814.0,1305.0,1919.0,28,0,1,1,Pedestrian
6,1244.0,1814.0,1305.0,1919.0,29,0,1,1,Pedestrian
6,1246.0,1814.0,1307.0,1919.0,30,0,1,1,Pedestrian
6,1246.0,1810.0,1307.0,1915.0,31,0,1,1,Pedestrian
6,1246.0,1810.0,1307.0,1915.0,32,0,1,1,Pedestrian
6,1246.0,1810.0,1307.0,1915.0,33,0,1,1,Pedestrian
6,1248.0,1810.0,1309.0,1915.0,34,0,1,1,Pedestrian
6,1248.0,1810.0,1309.0,1915.0,35,0,1,1,Pedestrian
6,1248.0,1810.0,1309.0,1915.0,36,0,1,1,Pedestrian
6,1250.0,1810.0,1311.0,1915.0,37,0,1,1,Pedestrian
6,1250.0,1810.0,1311.0,1915.0,38,0,1,1,Pedestrian
6,1250.0,1810.0,1311.0,1915.0,39,0,1,1,Pedestrian
6,1252.0,1810.0,1313.0,1915.0,40,0,1,1,Pedestrian
6,1252.0,1806.0,1313.0,1911.0,41,0,1,1,Pedestrian
6,1252.0,1806.0,1313.0,1911.0,42,0,1,1,Pedestrian
6,1252.0,1806.0,1313.0,1911.0,43,0,1,1,Pedestrian
6,1254.0,1806.0,1315.0,1911.0,44,0,1,1,Pedestrian
6,1254.0,1806.0,1315.0,1911.0,45,0,1,1,Pedestrian
6,1254.0,1806.0,1315.0,1911.0,46,0,1,1,Pedestrian
6,1256.0,1806.0,1317.0,1911.0,47,0,1,1,Pedestrian
6,1256.0,1806.0,1317.0,1911.0,48,0,1,1,Pedestrian
6,1256.0,1806.0,1317.0,1911.0,49,0,1,1,Pedestrian
6,1258.0,1806.0,1319.0,1911.0,50,0,1,0,Pedestrian
6,1258.0,1802.0,1319.0,1907.0,51,0,1,1,Pedestrian
6,1258.0,1802.0,1319.0,1907.0,52,0,1,1,Pedestrian
6,1260.0,1802.0,1321.0,1907.0,53,0,1,1,Pedestrian
6,1260.0,1802.0,1321.0,1907.0,54,0,1,1,Pedestrian
6,1260.0,1802.0,1321.0,1907.0,55,0,1,1,Pedestrian
6,1262.0,1798.0,1323.0,1903.0,56,0,1,1,Pedestrian
6,1262.0,1798.0,1323.0,1903.0,57,0,1,1,Pedestrian
6,1262.0,1798.0,1323.0,1903.0,58,0,1,1,Pedestrian
6,1264.0,1798.0,1325.0,1903.0,59,0,1,1,Pedestrian
6,1264.0,1798.0,1325.0,1903.0,60,0,1,1,Pedestrian
6,1264.0,1794.0,1325.0,1899.0,61,0,1,1,Pedestrian
6,1266.0,1794.0,1327.0,1899.0,62,0,1,1,Pedestrian
6,1266.0,1794.0,1327.0,1899.0,63,0,1,1,Pedestrian
6,1266.0,1794.0,1327.0,1899.0,64,0,1,1,Pedestrian
6,1268.0,1794.0,1329.0,1899.0,65,0,1,1,Pedestrian
6,1268.0,1790.0,1329.0,1895.0,66,0,1,1,Pedestrian
6,1268.0,1790.0,1329.0,1895.0,67,0,1,1,Pedestrian
6,1270.0,1790.0,1331.0,1895.0,68,0,1,1,Pedestrian
6,1270.0,1790.0,1331.0,1895.0,69,0,1,1,Pedestrian
6,1272.0,1790.0,1333.0,1895.0,70,0,0,0,Pedestrian
6,1272.0,1786.0,1333.0,1891.0,71,0,0,1,Pedestrian
6,1272.0,1786.0,1333.0,1891.0,72,0,0,1,Pedestrian
6,1274.0,1786.0,1335.0,1891.0,73,0,0,1,Pedestrian
6,1274.0,1786.0,1335.0,1891.0,74,0,0,1,Pedestrian
6,1274.0,1782.0,1335.0,1887.0,75,0,0,1,Pedestrian
6,1276.0,1782.0,1337.0,1887.0,76,0,0,1,Pedestrian
6,1276.0,1782.0,1337.0,1887.0,77,0,0,1,Pedestrian
6,1278.0,1782.0,1339.0,1887.0,78,0,0,1,Pedestrian
6,1278.0,1778.0,1339.0,1883.0,79,0,0,1,Pedestrian
6,1278.0,1778.0,1339.0,1883.0,80,0,0,1,Pedestrian
6,1280.0,1778.0,1341.0,1883.0,81,0,0,1,Pedestrian
6,1280.0,1778.0,1341.0,1883.0,82,0,0,1,Pedestrian
6,1280.0,1774.0,1341.0,1879.0,83,0,0,1,Pedestrian
6,1282.0,1774.0,1343.0,1879.0,84,0,0,1,Pedestrian
6,1282.0,1774.0,1343.0,1879.0,85,0,0,1,Pedestrian
6,1284.0,1774.0,1345.0,1879.0,86,0,0,1,Pedestrian
6,1284.0,1774.0,1345.0,1879.0,87,0,0,1,Pedestrian
6,1284.0,1770.0,1345.0,1875.0,88,0,0,1,Pedestrian
6,1286.0,1770.0,1347.0,1875.0,89,0,0,1,Pedestrian
6,1286.0,1770.0,1347.0,1875.0,90,0,0,1,Pedestrian
6,1288.0,1770.0,1349.0,1875.0,91,0,0,1,Pedestrian
6,1288.0,1766.0,1349.0,1871.0,92,0,0,1,Pedestrian
6,1288.0,1766.0,1349.0,1871.0,93,0,0,1,Pedestrian
6,1290.0,1766.0,1351.0,1871.0,94,0,0,1,Pedestrian
6,1290.0,1766.0,1351.0,1871.0,95,0,0,1,Pedestrian
6,1290.0,1762.0,1351.0,1867.0,96,0,0,1,Pedestrian
6,1292.0,1762.0,1353.0,1867.0,97,0,0,1,Pedestrian
6,1292.0,1762.0,1353.0,1867.0,98,0,0,1,Pedestrian
6,1294.0,1762.0,1355.0,1867.0,99,0,0,1,Pedestrian
6,1294.0,1758.0,1355.0,1863.0,100,0,0,1,Pedestrian
6,1294.0,1758.0,1355.0,1863.0,101,0,0,1,Pedestrian
6,1296.0,1758.0,1357.0,1863.0,102,0,0,1,Pedestrian
6,1296.0,1758.0,1357.0,1863.0,103,0,0,1,Pedestrian
6,1298.0,1758.0,1359.0,1863.0,104,0,0,0,Pedestrian
6,1298.0,1754.0,1359.0,1859.0,105,0,0,1,Pedestrian
6,1298.0,1754.0,1359.0,1859.0,106,0,0,1,Pedestrian
6,1300.0,1754.0,1361.0,1859.0,107,0,0,1,Pedestrian
6,1300.0,1754.0,1361.0,1859.0,108,0,0,1,Pedestrian
6,1302.0,1754.0,1363.0,1859.0,109,0,0,1,Pedestrian
6,1302.0,1754.0,1363.0,1859.0,110,0,0,1,Pedestrian
6,1305.0,1754.0,1365.0,1859.0,111,0,0,1,Pedestrian
6,1305.0,1754.0,1365.0,1859.0,112,0,0,1,Pedestrian
6,1307.0,1754.0,1367.0,1859.0,113,0,0,1,Pedestrian
6,1307.0,1754.0,1367.0,1859.0,114,0,0,1,Pedestrian
6,1309.0,1754.0,1369.0,1859.0,115,0,0,1,Pedestrian
6,1309.0,1754.0,1369.0,1859.0,116,0,0,1,Pedestrian
6,1311.0,1750.0,1371.0,1855.0,117,0,0,1,Pedestrian
6,1311.0,1750.0,1371.0,1855.0,118,0,0,1,Pedestrian
6,1313.0,1750.0,1373.0,1855.0,119,0,0,1,Pedestrian
6,1313.0,1750.0,1373.0,1855.0,120,0,0,1,Pedestrian
6,1315.0,1750.0,1375.0,1855.0,121,0,0,1,Pedestrian
6,1315.0,1750.0,1375.0,1855.0,122,0,0,1,Pedestrian
6,1317.0,1750.0,1377.0,1855.0,123,0,0,1,Pedestrian
6,1317.0,1750.0,1377.0,1855.0,124,0,0,1,Pedestrian
6,1319.0,1750.0,1379.0,1855.0,125,0,0,1,Pedestrian
6,1319.0,1750.0,1379.0,1855.0,126,0,0,1,Pedestrian
6,1319.0,1750.0,1379.0,1855.0,127,0,0,1,Pedestrian
6,1321.0,1750.0,1381.0,1855.0,128,0,0,1,Pedestrian
6,1321.0,1746.0,1381.0,1851.0,129,0,0,1,Pedestrian
6,1323.0,1746.0,1383.0,1851.0,130,0,0,1,Pedestrian
6,1323.0,1746.0,1383.0,1851.0,131,0,0,1,Pedestrian
6,1325.0,1746.0,1385.0,1851.0,132,0,0,1,Pedestrian
6,1325.0,1746.0,1385.0,1851.0,133,0,0,1,Pedestrian
6,1327.0,1746.0,1387.0,1851.0,134,0,0,1,Pedestrian
6,1327.0,1746.0,1387.0,1851.0,135,0,0,1,Pedestrian
6,1329.0,1746.0,1389.0,1851.0,136,0,0,1,Pedestrian
6,1329.0,1746.0,1389.0,1851.0,137,0,0,1,Pedestrian
6,1331.0,1746.0,1391.0,1851.0,138,0,0,1,Pedestrian
6,1331.0,1746.0,1391.0,1851.0,139,0,0,1,Pedestrian
6,1333.0,1746.0,1393.0,1851.0,140,0,0,1,Pedestrian
6,1333.0,1741.0,1393.0,1847.0,141,0,0,1,Pedestrian
6,1335.0,1741.0,1395.0,1847.0,142,0,0,1,Pedestrian
6,1335.0,1741.0,1395.0,1847.0,143,0,0,1,Pedestrian
6,1337.0,1741.0,1397.0,1847.0,144,0,0,1,Pedestrian
6,1337.0,1741.0,1397.0,1847.0,145,0,0,1,Pedestrian
6,1339.0,1741.0,1399.0,1847.0,146,0,0,1,Pedestrian
6,1339.0,1741.0,1399.0,1847.0,147,0,0,1,Pedestrian
6,1339.0,1741.0,1399.0,1847.0,148,0,0,1,Pedestrian
6,1341.0,1741.0,1401.0,1847.0,149,0,0,1,Pedestrian
6,1341.0,1741.0,1401.0,1847.0,150,0,0,1,Pedestrian
6,1343.0,1741.0,1403.0,1847.0,151,0,0,1,Pedestrian
6,1343.0,1741.0,1403.0,1847.0,152,0,0,1,Pedestrian
6,1345.0,1741.0,1405.0,1847.0,153,0,0,1,Pedestrian
6,1345.0,1737.0,1405.0,1843.0,154,0,0,1,Pedestrian
6,1347.0,1737.0,1407.0,1843.0,155,0,0,1,Pedestrian
6,1347.0,1737.0,1407.0,1843.0,156,0,0,1,Pedestrian
6,1349.0,1737.0,1409.0,1843.0,157,0,0,1,Pedestrian
6,1349.0,1737.0,1409.0,1843.0,158,0,0,1,Pedestrian
6,1351.0,1737.0,1411.0,1843.0,159,0,0,1,Pedestrian
6,1351.0,1737.0,1411.0,1843.0,160,0,0,1,Pedestrian
6,1353.0,1737.0,1413.0,1843.0,161,0,0,1,Pedestrian
6,1353.0,1737.0,1413.0,1843.0,162,0,0,1,Pedestrian
6,1355.0,1737.0,1415.0,1843.0,163,0,0,1,Pedestrian
6,1355.0,1737.0,1415.0,1843.0,164,0,0,1,Pedestrian
6,1357.0,1737.0,1417.0,1843.0,165,0,0,1,Pedestrian
6,1357.0,1733.0,1417.0,1838.0,166,0,0,1,Pedestrian
6,1359.0,1733.0,1419.0,1838.0,167,0,0,1,Pedestrian
6,1359.0,1733.0,1419.0,1838.0,168,0,0,1,Pedestrian
6,1359.0,1733.0,1419.0,1838.0,169,0,0,1,Pedestrian
6,1361.0,1733.0,1421.0,1838.0,170,0,0,1,Pedestrian
6,1361.0,1733.0,1421.0,1838.0,171,0,0,1,Pedestrian
6,1363.0,1733.0,1423.0,1838.0,172,0,0,1,Pedestrian
6,1363.0,1733.0,1423.0,1838.0,173,0,0,1,Pedestrian
6,1365.0,1733.0,1425.0,1838.0,174,0,0,1,Pedestrian
6,1365.0,1733.0,1425.0,1838.0,175,0,0,1,Pedestrian
6,1367.0,1733.0,1427.0,1838.0,176,0,0,1,Pedestrian
6,1367.0,1733.0,1427.0,1838.0,177,0,0,1,Pedestrian
6,1369.0,1729.0,1429.0,1834.0,178,0,0,1,Pedestrian
6,1369.0,1729.0,1429.0,1834.0,179,0,0,1,Pedestrian
6,1371.0,1729.0,1431.0,1834.0,180,0,0,1,Pedestrian
6,1371.0,1729.0,1431.0,1834.0,181,0,0,1,Pedestrian
6,1373.0,1729.0,1433.0,1834.0,182,0,0,1,Pedestrian
6,1373.0,1729.0,1433.0,1834.0,183,0,0,1,Pedestrian
6,1375.0,1729.0,1435.0,1834.0,184,0,0,1,Pedestrian
6,1375.0,1729.0,1435.0,1834.0,185,0,0,1,Pedestrian
6,1377.0,1729.0,1437.0,1834.0,186,0,0,1,Pedestrian
6,1377.0,1729.0,1437.0,1834.0,187,0,0,1,Pedestrian
6,1379.0,1729.0,1439.0,1834.0,188,0,0,1,Pedestrian
6,1379.0,1729.0,1439.0,1834.0,189,0,0,1,Pedestrian
6,1381.0,1729.0,1441.0,1834.0,190,0,0,0,Pedestrian
6,1381.0,1729.0,1441.0,1834.0,191,0,0,1,Pedestrian
6,1381.0,1729.0,1441.0,1834.0,192,0,0,1,Pedestrian
6,1383.0,1729.0,1441.0,1834.0,193,0,0,1,Pedestrian
6,1383.0,1729.0,1441.0,1834.0,194,0,0,1,Pedestrian
6,1385.0,1729.0,1441.0,1834.0,195,0,0,1,Pedestrian
6,1385.0,1729.0,1441.0,1834.0,196,0,0,1,Pedestrian
6,1387.0,1729.0,1441.0,1834.0,197,0,0,1,Pedestrian
6,1387.0,1729.0,1441.0,1834.0,198,0,0,1,Pedestrian
6,1387.0,1729.0,1441.0,1834.0,199,0,0,1,Pedestrian
6,1389.0,1729.0,1441.0,1834.0,200,0,0,1,Pedestrian
6,1389.0,1729.0,1441.0,1834.0,201,0,0,1,Pedestrian
6,1391.0,1729.0,1441.0,1834.0,202,0,0,1,Pedestrian
6,1391.0,1729.0,1441.0,1834.0,203,0,0,1,Pedestrian
6,1393.0,1729.0,1441.0,1834.0,204,0,0,1,Pedestrian
6,1393.0,1729.0,1443.0,1834.0,205,0,0,1,Pedestrian
6,1393.0,1729.0,1443.0,1834.0,206,0,0,1,Pedestrian
6,1395.0,1729.0,1443.0,1834.0,207,0,0,1,Pedestrian
6,1395.0,1729.0,1443.0,1834.0,208,0,0,1,Pedestrian
6,1397.0,1729.0,1443.0,1834.0,209,0,0,1,Pedestrian
6,1397.0,1729.0,1443.0,1834.0,210,0,0,1,Pedestrian
6,1399.0,1729.0,1443.0,1834.0,211,0,0,1,Pedestrian
6,1399.0,1729.0,1443.0,1834.0,212,0,0,1,Pedestrian
6,1399.0,1729.0,1443.0,1834.0,213,0,0,1,Pedestrian
6,1401.0,1729.0,1443.0,1834.0,214,0,0,1,Pedestrian
6,1401.0,1729.0,1443.0,1834.0,215,0,0,1,Pedestrian
6,1403.0,1729.0,1443.0,1834.0,216,0,0,1,Pedestrian
6,1403.0,1729.0,1443.0,1834.0,217,0,0,1,Pedestrian
6,1405.0,1729.0,1443.0,1834.0,218,0,0,1,Pedestrian
6,1405.0,1729.0,1443.0,1834.0,219,0,0,1,Pedestrian
6,1407.0,1729.0,1445.0,1834.0,220,0,0,0,Pedestrian
6,1409.0,1729.0,1445.0,1834.0,221,0,0,1,Pedestrian
6,1411.0,1729.0,1445.0,1834.0,222,0,0,1,Pedestrian
6,1413.0,1729.0,1445.0,1834.0,223,0,0,1,Pedestrian
6,1415.0,1729.0,1445.0,1834.0,224,0,0,1,Pedestrian
6,1417.0,1729.0,1445.0,1834.0,225,0,0,1,Pedestrian
6,1419.0,1729.0,1445.0,1834.0,226,0,0,1,Pedestrian
6,1421.0,1729.0,1445.0,1834.0,227,0,0,1,Pedestrian
6,1423.0,1729.0,1445.0,1834.0,228,0,0,1,Pedestrian
6,1425.0,1729.0,1445.0,1834.0,229,0,0,1,Pedestrian
6,1427.0,1729.0,1447.0,1834.0,230,1,0,0,Pedestrian
6,1427.0,1729.0,1447.0,1834.0,231,1,0,1,Pedestrian
6,1427.0,1729.0,1447.0,1834.0,232,1,0,1,Pedestrian
6,1427.0,1729.0,1447.0,1834.0,233,1,0,1,Pedestrian
6,1427.0,1729.0,1447.0,1834.0,234,1,0,1,Pedestrian
6,1427.0,1729.0,1447.0,1834.0,235,1,0,1,Pedestrian
6,1427.0,1729.0,1447.0,1834.0,236,1,0,1,Pedestrian
6,1427.0,1729.0,1447.0,1834.0,237,1,0,1,Pedestrian
6,1427.0,1729.0,1447.0,1834.0,238,1,0,1,Pedestrian
6,1427.0,1729.0,1447.0,1834.0,239,1,0,1,Pedestrian
6,1427.0,1729.0,1447.0,1834.0,240,1,0,0,Pedestrian
6,1425.0,1729.0,1445.0,1834.0,241,1,0,1,Pedestrian
6,1425.0,1729.0,1445.0,1834.0,242,1,0,1,Pedestrian
6,1425.0,1729.0,1445.0,1834.0,243,1,0,1,Pedestrian
6,1423.0,1729.0,1445.0,1834.0,244,1,0,1,Pedestrian
6,1423.0,1729.0,1445.0,1834.0,245,1,0,1,Pedestrian
6,1423.0,1729.0,1443.0,1834.0,246,1,0,1,Pedestrian
6,1423.0,1729.0,1443.0,1834.0,247,1,0,1,Pedestrian
6,1421.0,1729.0,1443.0,1834.0,248,1,0,1,Pedestrian
6,1421.0,1729.0,1443.0,1834.0,249,1,0,1,Pedestrian
6,1421.0,1729.0,1443.0,1834.0,250,1,0,1,Pedestrian
6,1421.0,1729.0,1441.0,1834.0,251,1,0,1,Pedestrian
6,1419.0,1729.0,1441.0,1834.0,252,1,0,1,Pedestrian
6,1419.0,1729.0,1441.0,1834.0,253,1,0,1,Pedestrian
6,1419.0,1729.0,1441.0,1834.0,254,1,0,1,Pedestrian
6,1419.0,1729.0,1441.0,1834.0,255,1,0,1,Pedestrian
6,1417.0,1729.0,1439.0,1834.0,256,1,0,1,Pedestrian
6,1417.0,1729.0,1439.0,1834.0,257,1,0,1,Pedestrian
6,1417.0,1729.0,1439.0,1834.0,258,1,0,1,Pedestrian
6,1415.0,1729.0,1439.0,1834.0,259,1,0,1,Pedestrian
6,1415.0,1733.0,1439.0,1838.0,260,1,0,1,Pedestrian
6,1415.0,1733.0,1437.0,1838.0,261,1,0,1,Pedestrian
6,1415.0,1733.0,1437.0,1838.0,262,1,0,1,Pedestrian
6,1413.0,1733.0,1437.0,1838.0,263,1,0,1,Pedestrian
6,1413.0,1733.0,1437.0,1838.0,264,1,0,1,Pedestrian
6,1413.0,1733.0,1437.0,1838.0,265,1,0,1,Pedestrian
6,1413.0,1733.0,1435.0,1838.0,266,1,0,1,Pedestrian
6,1411.0,1733.0,1435.0,1838.0,267,1,0,1,Pedestrian
6,1411.0,1733.0,1435.0,1838.0,268,1,0,1,Pedestrian
6,1411.0,1733.0,1435.0,1838.0,269,1,0,1,Pedestrian
6,1411.0,1733.0,1435.0,1838.0,270,1,0,1,Pedestrian
6,1409.0,1733.0,1433.0,1838.0,271,1,0,1,Pedestrian
6,1409.0,1733.0,1433.0,1838.0,272,1,0,1,Pedestrian
6,1409.0,1733.0,1433.0,1838.0,273,1,0,1,Pedestrian
6,1409.0,1733.0,1433.0,1838.0,274,1,0,1,Pedestrian
6,1407.0,1733.0,1433.0,1838.0,275,1,0,1,Pedestrian
6,1407.0,1733.0,1431.0,1838.0,276,1,0,1,Pedestrian
6,1407.0,1733.0,1431.0,1838.0,277,1,0,1,Pedestrian
6,1405.0,1733.0,1431.0,1838.0,278,1,0,1,Pedestrian
6,1405.0,1737.0,1431.0,1843.0,279,1,0,1,Pedestrian
6,1405.0,1737.0,1431.0,1843.0,280,1,0,1,Pedestrian
6,1405.0,1737.0,1429.0,1843.0,281,1,0,1,Pedestrian
6,1403.0,1737.0,1429.0,1843.0,282,1,0,1,Pedestrian
6,1403.0,1737.0,1429.0,1843.0,283,1,0,1,Pedestrian
6,1403.0,1737.0,1429.0,1843.0,284,1,0,1,Pedestrian
6,1403.0,1737.0,1429.0,1843.0,285,1,0,1,Pedestrian
6,1401.0,1737.0,1427.0,1843.0,286,1,0,1,Pedestrian
6,1401.0,1737.0,1427.0,1843.0,287,1,0,1,Pedestrian
6,1401.0,1737.0,1427.0,1843.0,288,1,0,1,Pedestrian
6,1401.0,1737.0,1427.0,1843.0,289,1,0,1,Pedestrian
6,1399.0,1737.0,1427.0,1843.0,290,1,0,1,Pedestrian
6,1399.0,1737.0,1427.0,1843.0,291,1,0,1,Pedestrian
6,1399.0,1737.0,1425.0,1843.0,292,1,0,1,Pedestrian
6,1397.0,1737.0,1425.0,1843.0,293,1,0,1,Pedestrian
6,1397.0,1737.0,1425.0,1843.0,294,1,0,1,Pedestrian
6,1397.0,1737.0,1425.0,1843.0,295,1,0,1,Pedestrian
6,1397.0,1737.0,1425.0,1843.0,296,1,0,1,Pedestrian
6,1395.0,1737.0,1423.0,1843.0,297,1,0,1,Pedestrian
6,1395.0,1737.0,1423.0,1843.0,298,1,0,1,Pedestrian
6,1395.0,1741.0,1423.0,1847.0,299,1,0,1,Pedestrian
6,1395.0,1741.0,1423.0,1847.0,300,1,0,1,Pedestrian
6,1393.0,1741.0,1423.0,1847.0,301,1,0,1,Pedestrian
6,1393.0,1741.0,1421.0,1847.0,302,1,0,1,Pedestrian
6,1393.0,1741.0,1421.0,1847.0,303,1,0,1,Pedestrian
6,1393.0,1741.0,1421.0,1847.0,304,1,0,1,Pedestrian
6,1391.0,1741.0,1421.0,1847.0,305,1,0,1,Pedestrian
6,1391.0,1741.0,1421.0,1847.0,306,1,0,1,Pedestrian
6,1391.0,1741.0,1419.0,1847.0,307,1,0,1,Pedestrian
6,1391.0,1741.0,1419.0,1847.0,308,1,0,1,Pedestrian
6,1389.0,1741.0,1419.0,1847.0,309,1,0,1,Pedestrian
6,1389.0,1741.0,1419.0,1847.0,310,1,0,1,Pedestrian
6,1389.0,1741.0,1419.0,1847.0,311,1,0,1,Pedestrian
6,1387.0,1741.0,1417.0,1847.0,312,1,0,1,Pedestrian
6,1387.0,1741.0,1417.0,1847.0,313,1,0,1,Pedestrian
6,1387.0,1741.0,1417.0,1847.0,314,1,0,1,Pedestrian
6,1387.0,1741.0,1417.0,1847.0,315,1,0,1,Pedestrian
6,1385.0,1741.0,1417.0,1847.0,316,1,0,1,Pedestrian
6,1385.0,1741.0,1415.0,1847.0,317,1,0,1,Pedestrian
6,1385.0,1746.0,1415.0,1851.0,318,1,0,1,Pedestrian
6,1385.0,1746.0,1415.0,1851.0,319,1,0,1,Pedestrian
6,1383.0,1746.0,1415.0,1851.0,320,1,0,1,Pedestrian
6,1383.0,1746.0,1415.0,1851.0,321,1,0,1,Pedestrian
6,1383.0,1746.0,1413.0,1851.0,322,1,0,1,Pedestrian
6,1383.0,1746.0,1413.0,1851.0,323,1,0,1,Pedestrian
6,1381.0,1746.0,1413.0,1851.0,324,1,0,1,Pedestrian
6,1381.0,1746.0,1413.0,1851.0,325,1,0,1,Pedestrian
6,1381.0,1746.0,1413.0,1851.0,326,1,0,1,Pedestrian
6,1379.0,1746.0,1411.0,1851.0,327,1,0,1,Pedestrian
6,1379.0,1746.0,1411.0,1851.0,328,1,0,1,Pedestrian
6,1379.0,1746.0,1411.0,1851.0,329,1,0,1,Pedestrian
6,1379.0,1746.0,1411.0,1851.0,330,1,0,1,Pedestrian
6,1377.0,1746.0,1411.0,1851.0,331,1,0,1,Pedestrian
6,1377.0,1746.0,1409.0,1851.0,332,1,0,1,Pedestrian
6,1377.0,1746.0,1409.0,1851.0,333,1,0,1,Pedestrian
6,1377.0,1746.0,1409.0,1851.0,334,1,0,1,Pedestrian
6,1375.0,1746.0,1409.0,1851.0,335,1,0,1,Pedestrian
6,1375.0,1746.0,1409.0,1851.0,336,1,0,1,Pedestrian
6,1375.0,1750.0,1409.0,1855.0,337,1,0,1,Pedestrian
6,1375.0,1750.0,1407.0,1855.0,338,1,0,1,Pedestrian
6,1373.0,1750.0,1407.0,1855.0,339,1,0,1,Pedestrian
6,1373.0,1750.0,1407.0,1855.0,340,1,0,1,Pedestrian
6,1373.0,1750.0,1407.0,1855.0,341,1,0,1,Pedestrian
6,1373.0,1750.0,1407.0,1855.0,342,1,0,1,Pedestrian
6,1371.0,1750.0,1405.0,1855.0,343,1,0,1,Pedestrian
6,1371.0,1750.0,1405.0,1855.0,344,1,0,1,Pedestrian
6,1371.0,1750.0,1405.0,1855.0,345,1,0,1,Pedestrian
6,1369.0,1750.0,1405.0,1855.0,346,1,0,1,Pedestrian
6,1369.0,1750.0,1405.0,1855.0,347,1,0,1,Pedestrian
6,1369.0,1750.0,1403.0,1855.0,348,1,0,1,Pedestrian
6,1369.0,1750.0,1403.0,1855.0,349,1,0,1,Pedestrian
6,1367.0,1750.0,1403.0,1855.0,350,1,0,1,Pedestrian
6,1367.0,1750.0,1403.0,1855.0,351,1,0,1,Pedestrian
6,1367.0,1750.0,1403.0,1855.0,352,1,0,1,Pedestrian
6,1367.0,1750.0,1401.0,1855.0,353,1,0,1,Pedestrian
6,1365.0,1750.0,1401.0,1855.0,354,1,0,1,Pedestrian
6,1365.0,1750.0,1401.0,1855.0,355,1,0,1,Pedestrian
6,1365.0,1750.0,1401.0,1855.0,356,1,0,1,Pedestrian
6,1365.0,1754.0,1401.0,1859.0,357,1,0,1,Pedestrian
6,1363.0,1754.0,1399.0,1859.0,358,1,0,1,Pedestrian
6,1363.0,1754.0,1399.0,1859.0,359,1,0,1,Pedestrian
6,1363.0,1754.0,1399.0,1859.0,360,1,0,1,Pedestrian
6,1361.0,1754.0,1399.0,1859.0,361,1,0,1,Pedestrian
6,1361.0,1754.0,1399.0,1859.0,362,1,0,1,Pedestrian
6,1361.0,1754.0,1397.0,1859.0,363,1,0,1,Pedestrian
6,1361.0,1754.0,1397.0,1859.0,364,1,0,1,Pedestrian
6,1359.0,1754.0,1397.0,1859.0,365,1,0,1,Pedestrian
6,1359.0,1754.0,1397.0,1859.0,366,1,0,1,Pedestrian
6,1359.0,1754.0,1397.0,1859.0,367,1,0,1,Pedestrian
6,1359.0,1754.0,1395.0,1859.0,368,1,0,1,Pedestrian
6,1357.0,1754.0,1395.0,1859.0,369,1,0,1,Pedestrian
6,1357.0,1754.0,1395.0,1859.0,370,1,0,1,Pedestrian
6,1357.0,1754.0,1395.0,1859.0,371,1,0,1,Pedestrian
6,1357.0,1754.0,1395.0,1859.0,372,1,0,1,Pedestrian
6,1355.0,1754.0,1393.0,1859.0,373,1,0,1,Pedestrian
6,1355.0,1754.0,1393.0,1859.0,374,1,0,1,Pedestrian
6,1355.0,1754.0,1393.0,1859.0,375,1,0,1,Pedestrian
6,1355.0,1758.0,1393.0,1863.0,376,1,0,1,Pedestrian
6,1353.0,1758.0,1393.0,1863.0,377,1,0,1,Pedestrian
6,1353.0,1758.0,1391.0,1863.0,378,1,0,1,Pedestrian
6,1353.0,1758.0,1391.0,1863.0,379,1,0,1,Pedestrian
6,1351.0,1758.0,1391.0,1863.0,380,1,0,1,Pedestrian
6,1351.0,1758.0,1391.0,1863.0,381,1,0,1,Pedestrian
6,1351.0,1758.0,1391.0,1863.0,382,1,0,1,Pedestrian
6,1351.0,1758.0,1389.0,1863.0,383,1,0,1,Pedestrian
6,1349.0,1758.0,1389.0,1863.0,384,1,0,1,Pedestrian
6,1349.0,1758.0,1389.0,1863.0,385,1,0,1,Pedestrian
6,1349.0,1758.0,1389.0,1863.0,386,1,0,1,Pedestrian
6,1349.0,1758.0,1389.0,1863.0,387,1,0,1,Pedestrian
6,1347.0,1758.0,1389.0,1863.0,388,1,0,1,Pedestrian
6,1347.0,1758.0,1387.0,1863.0,389,1,0,1,Pedestrian
6,1347.0,1758.0,1387.0,1863.0,390,1,0,1,Pedestrian
6,1347.0,1758.0,1387.0,1863.0,391,1,0,1,Pedestrian
6,1345.0,1758.0,1387.0,1863.0,392,1,0,1,Pedestrian
6,1345.0,1758.0,1387.0,1863.0,393,1,0,1,Pedestrian
6,1345.0,1758.0,1385.0,1863.0,394,1,0,1,Pedestrian
6,1343.0,1758.0,1385.0,1863.0,395,1,0,1,Pedestrian
6,1343.0,1762.0,1385.0,1867.0,396,1,0,1,Pedestrian
6,1343.0,1762.0,1385.0,1867.0,397,1,0,1,Pedestrian
6,1343.0,1762.0,1385.0,1867.0,398,1,0,1,Pedestrian
6,1341.0,1762.0,1383.0,1867.0,399,1,0,1,Pedestrian
6,1341.0,1762.0,1383.0,1867.0,400,1,0,1,Pedestrian
6,1341.0,1762.0,1383.0,1867.0,401,1,0,1,Pedestrian
6,1341.0,1762.0,1383.0,1867.0,402,1,0,1,Pedestrian
6,1339.0,1762.0,1383.0,1867.0,403,1,0,1,Pedestrian
6,1339.0,1762.0,1381.0,1867.0,404,1,0,1,Pedestrian
6,1339.0,1762.0,1381.0,1867.0,405,1,0,1,Pedestrian
6,1339.0,1762.0,1381.0,1867.0,406,1,0,1,Pedestrian
6,1337.0,1762.0,1381.0,1867.0,407,1,0,1,Pedestrian
6,1337.0,1762.0,1381.0,1867.0,408,1,0,1,Pedestrian
6,1337.0,1762.0,1379.0,1867.0,409,1,0,1,Pedestrian
6,1337.0,1762.0,1379.0,1867.0,410,1,0,1,Pedestrian
6,1335.0,1762.0,1379.0,1867.0,411,1,0,1,Pedestrian
6,1335.0,1762.0,1379.0,1867.0,412,1,0,1,Pedestrian
6,1335.0,1762.0,1379.0,1867.0,413,1,0,1,Pedestrian
6,1333.0,1762.0,1377.0,1867.0,414,1,0,1,Pedestrian
6,1333.0,1766.0,1377.0,1871.0,415,1,0,1,Pedestrian
6,1333.0,1766.0,1377.0,1871.0,416,1,0,1,Pedestrian
6,1333.0,1766.0,1377.0,1871.0,417,1,0,1,Pedestrian
6,1331.0,1766.0,1377.0,1871.0,418,1,0,1,Pedestrian
6,1331.0,1766.0,1375.0,1871.0,419,1,0,1,Pedestrian
6,1331.0,1766.0,1375.0,1871.0,420,1,0,1,Pedestrian
6,1331.0,1766.0,1375.0,1871.0,421,1,0,1,Pedestrian
6,1329.0,1766.0,1375.0,1871.0,422,1,0,1,Pedestrian
6,1329.0,1766.0,1375.0,1871.0,423,1,0,1,Pedestrian
6,1329.0,1766.0,1373.0,1871.0,424,1,0,1,Pedestrian
6,1329.0,1766.0,1373.0,1871.0,425,1,0,1,Pedestrian
6,1327.0,1766.0,1373.0,1871.0,426,1,0,1,Pedestrian
6,1327.0,1766.0,1373.0,1871.0,427,1,0,1,Pedestrian
6,1327.0,1766.0,1373.0,1871.0,428,1,0,1,Pedestrian
6,1325.0,1766.0,1371.0,1871.0,429,1,0,1,Pedestrian
6,1325.0,1766.0,1371.0,1871.0,430,1,0,1,Pedestrian
6,1325.0,1766.0,1371.0,1871.0,431,1,0,1,Pedestrian
6,1325.0,1766.0,1371.0,1871.0,432,1,0,1,Pedestrian
6,1323.0,1766.0,1371.0,1871.0,433,1,0,1,Pedestrian
6,1323.0,1770.0,1371.0,1875.0,434,1,0,1,Pedestrian
6,1323.0,1770.0,1369.0,1875.0,435,1,0,1,Pedestrian
6,1323.0,1770.0,1369.0,1875.0,436,1,0,1,Pedestrian
6,1321.0,1770.0,1369.0,1875.0,437,1,0,1,Pedestrian
6,1321.0,1770.0,1369.0,1875.0,438,1,0,1,Pedestrian
6,1321.0,1770.0,1369.0,1875.0,439,1,0,1,Pedestrian
6,1321.0,1770.0,1367.0,1875.0,440,1,0,1,Pedestrian
6,1319.0,1770.0,1367.0,1875.0,441,1,0,1,Pedestrian
6,1319.0,1770.0,1367.0,1875.0,442,1,0,1,Pedestrian
6,1319.0,1770.0,1367.0,1875.0,443,1,0,1,Pedestrian
6,1319.0,1770.0,1367.0,1875.0,444,1,0,1,Pedestrian
6,1317.0,1770.0,1365.0,1875.0,445,1,0,1,Pedestrian
6,1317.0,1770.0,1365.0,1875.0,446,1,0,1,Pedestrian
6,1317.0,1770.0,1365.0,1875.0,447,1,0,1,Pedestrian
6,1315.0,1770.0,1365.0,1875.0,448,1,0,1,Pedestrian
6,1315.0,1770.0,1365.0,1875.0,449,1,0,1,Pedestrian
6,1315.0,1770.0,1363.0,1875.0,450,1,0,1,Pedestrian
6,1315.0,1770.0,1363.0,1875.0,451,1,0,1,Pedestrian
6,1313.0,1770.0,1363.0,1875.0,452,1,0,1,Pedestrian
6,1313.0,1770.0,1363.0,1875.0,453,1,0,1,Pedestrian
6,1313.0,1774.0,1363.0,1879.0,454,1,0,1,Pedestrian
6,1313.0,1774.0,1361.0,1879.0,455,1,0,1,Pedestrian
6,1311.0,1774.0,1361.0,1879.0,456,1,0,1,Pedestrian
6,1311.0,1774.0,1361.0,1879.0,457,1,0,1,Pedestrian
6,1311.0,1774.0,1361.0,1879.0,458,1,0,1,Pedestrian
6,1311.0,1774.0,1361.0,1879.0,459,1,0,1,Pedestrian
6,1309.0,1774.0,1359.0,1879.0,460,1,0,1,Pedestrian
6,1309.0,1774.0,1359.0,1879.0,461,1,0,1,Pedestrian
6,1309.0,1774.0,1359.0,1879.0,462,1,0,1,Pedestrian
6,1307.0,1774.0,1359.0,1879.0,463,1,0,1,Pedestrian
6,1307.0,1774.0,1359.0,1879.0,464,1,0,1,Pedestrian
6,1307.0,1774.0,1357.0,1879.0,465,1,0,1,Pedestrian
6,1307.0,1774.0,1357.0,1879.0,466,1,0,1,Pedestrian
6,1305.0,1774.0,1357.0,1879.0,467,1,0,1,Pedestrian
6,1305.0,1774.0,1357.0,1879.0,468,1,0,1,Pedestrian
6,1305.0,1774.0,1357.0,1879.0,469,1,0,1,Pedestrian
6,1305.0,1774.0,1355.0,1879.0,470,1,0,1,Pedestrian
6,1302.0,1774.0,1355.0,1879.0,471,1,0,1,Pedestrian
6,1302.0,1774.0,1355.0,1879.0,472,1,0,1,Pedestrian
6,1302.0,1778.0,1355.0,1883.0,473,1,0,1,Pedestrian
6,1302.0,1778.0,1355.0,1883.0,474,1,0,1,Pedestrian
6,1300.0,1778.0,1353.0,1883.0,475,1,0,1,Pedestrian
6,1300.0,1778.0,1353.0,1883.0,476,1,0,1,Pedestrian
6,1300.0,1778.0,1353.0,1883.0,477,1,0,1,Pedestrian
6,1300.0,1778.0,1353.0,1883.0,478,1,0,1,Pedestrian
6,1298.0,1778.0,1353.0,1883.0,479,1,0,1,Pedestrian
6,1298.0,1778.0,1351.0,1883.0,480,1,0,1,Pedestrian
6,1298.0,1778.0,1351.0,1883.0,481,1,0,1,Pedestrian
6,1296.0,1778.0,1351.0,1883.0,482,1,0,1,Pedestrian
6,1296.0,1778.0,1351.0,1883.0,483,1,0,1,Pedestrian
6,1296.0,1778.0,1351.0,1883.0,484,1,0,1,Pedestrian
6,1296.0,1778.0,1351.0,1883.0,485,1,0,1,Pedestrian
6,1294.0,1778.0,1349.0,1883.0,486,1,0,1,Pedestrian
6,1294.0,1778.0,1349.0,1883.0,487,1,0,1,Pedestrian
6,1294.0,1778.0,1349.0,1883.0,488,1,0,1,Pedestrian
6,1294.0,1778.0,1349.0,1883.0,489,1,0,1,Pedestrian
6,1292.0,1778.0,1349.0,1883.0,490,1,0,1,Pedestrian
6,1292.0,1778.0,1347.0,1883.0,491,1,0,1,Pedestrian
6,1292.0,1778.0,1347.0,1883.0,492,1,0,1,Pedestrian
6,1292.0,1782.0,1347.0,1887.0,493,1,0,1,Pedestrian
6,1290.0,1782.0,1347.0,1887.0,494,1,0,1,Pedestrian
6,1290.0,1782.0,1347.0,1887.0,495,1,0,1,Pedestrian
6,1290.0,1782.0,1345.0,1887.0,496,1,0,1,Pedestrian
6,1288.0,1782.0,1345.0,1887.0,497,1,0,1,Pedestrian
6,1288.0,1782.0,1345.0,1887.0,498,1,0,1,Pedestrian
6,1288.0,1782.0,1345.0,1887.0,499,1,0,1,Pedestrian
6,1288.0,1782.0,1345.0,1887.0,500,1,0,1,Pedestrian
6,1286.0,1782.0,1343.0,1887.0,501,1,0,1,Pedestrian
6,1286.0,1782.0,1343.0,1887.0,502,1,0,1,Pedestrian
6,1286.0,1782.0,1343.0,1887.0,503,1,0,1,Pedestrian
6,1286.0,1782.0,1343.0,1887.0,504,1,0,1,Pedestrian
6,1284.0,1782.0,1343.0,1887.0,505,1,0,1,Pedestrian
6,1284.0,1782.0,1341.0,1887.0,506,1,0,1,Pedestrian
6,1284.0,1782.0,1341.0,1887.0,507,1,0,1,Pedestrian
6,1284.0,1782.0,1341.0,1887.0,508,1,0,1,Pedestrian
6,1282.0,1782.0,1341.0,1887.0,509,1,0,1,Pedestrian
6,1282.0,1782.0,1341.0,1887.0,510,1,0,1,Pedestrian
6,1282.0,1782.0,1339.0,1887.0,511,1,0,1,Pedestrian
6,1282.0,1786.0,1339.0,1891.0,512,1,0,1,Pedestrian
6,1280.0,1786.0,1339.0,1891.0,513,1,0,1,Pedestrian
6,1280.0,1786.0,1339.0,1891.0,514,1,0,1,Pedestrian
6,1280.0,1786.0,1339.0,1891.0,515,1,0,1,Pedestrian
6,1278.0,1786.0,1337.0,1891.0,516,1,0,1,Pedestrian
6,1278.0,1786.0,1337.0,1891.0,517,1,0,1,Pedestrian
6,1278.0,1786.0,1337.0,1891.0,518,1,0,1,Pedestrian
6,1278.0,1786.0,1337.0,1891.0,519,1,0,1,Pedestrian
6,1276.0,1786.0,1337.0,1891.0,520,1,0,1,Pedestrian
6,1276.0,1786.0,1335.0,1891.0,521,1,0,1,Pedestrian
6,1276.0,1786.0,1335.0,1891.0,522,1,0,1,Pedestrian
6,1276.0,1786.0,1335.0,1891.0,523,1,0,1,Pedestrian
6,1274.0,1786.0,1335.0,1891.0,524,1,0,1,Pedestrian
6,1274.0,1786.0,1335.0,1891.0,525,1,0,1,Pedestrian
6,1274.0,1786.0,1333.0,1891.0,526,1,0,1,Pedestrian
6,1274.0,1786.0,1333.0,1891.0,527,1,0,1,Pedestrian
6,1272.0,1786.0,1333.0,1891.0,528,1,0,1,Pedestrian
6,1272.0,1786.0,1333.0,1891.0,529,1,0,1,Pedestrian
6,1272.0,1786.0,1333.0,1891.0,530,1,0,1,Pedestrian
6,1272.0,1790.0,1333.0,1895.0,531,0,0,0,Pedestrian
7,598.0,893.0,632.0,957.0,0,0,0,0,Pedestrian
7,598.0,893.0,632.0,957.0,1,0,0,1,Pedestrian
7,598.0,893.0,632.0,957.0,2,0,0,1,Pedestrian
7,598.0,893.0,632.0,957.0,3,0,0,1,Pedestrian
7,598.0,893.0,632.0,957.0,4,0,0,1,Pedestrian
7,598.0,893.0,632.0,957.0,5,0,0,1,Pedestrian
7,598.0,893.0,632.0,957.0,6,0,0,1,Pedestrian
7,598.0,893.0,632.0,957.0,7,0,0,1,Pedestrian
7,598.0,893.0,632.0,957.0,8,0,0,1,Pedestrian
7,598.0,893.0,632.0,957.0,9,0,0,1,Pedestrian
7,598.0,893.0,632.0,957.0,10,0,0,1,Pedestrian
7,598.0,893.0,632.0,957.0,11,0,0,1,Pedestrian
7,598.0,893.0,632.0,957.0,12,0,0,1,Pedestrian
7,598.0,893.0,632.0,957.0,13,0,0,1,Pedestrian
7,598.0,893.0,632.0,957.0,14,0,0,1,Pedestrian
7,598.0,893.0,632.0,957.0,15,0,0,1,Pedestrian
7,598.0,893.0,632.0,957.0,16,0,0,1,Pedestrian
7,598.0,893.0,632.0,957.0,17,0,0,1,Pedestrian
7,598.0,893.0,632.0,957.0,18,0,0,1,Pedestrian
7,598.0,893.0,632.0,957.0,19,0,0,1,Pedestrian
7,598.0,893.0,632.0,957.0,20,0,0,1,Pedestrian
7,598.0,893.0,632.0,957.0,21,0,0,1,Pedestrian
7,598.0,893.0,632.0,957.0,22,0,0,1,Pedestrian
7,598.0,893.0,632.0,957.0,23,0,0,1,Pedestrian
7,598.0,893.0,632.0,957.0,24,0,0,1,Pedestrian
7,598.0,893.0,632.0,957.0,25,0,0,1,Pedestrian
7,598.0,893.0,632.0,957.0,26,0,0,1,Pedestrian
7,598.0,893.0,632.0,957.0,27,0,0,1,Pedestrian
7,598.0,893.0,632.0,957.0,28,0,0,1,Pedestrian
7,598.0,893.0,632.0,957.0,29,0,0,1,Pedestrian
7,598.0,893.0,632.0,957.0,30,0,0,1,Pedestrian
7,598.0,893.0,632.0,957.0,31,0,0,1,Pedestrian
7,598.0,893.0,632.0,957.0,32,0,0,1,Pedestrian
7,598.0,893.0,632.0,957.0,33,0,0,1,Pedestrian
7,598.0,893.0,632.0,957.0,34,0,0,1,Pedestrian
7,598.0,893.0,632.0,957.0,35,0,0,1,Pedestrian
7,598.0,893.0,632.0,957.0,36,0,0,1,Pedestrian
7,598.0,893.0,632.0,957.0,37,0,0,1,Pedestrian
7,598.0,893.0,632.0,957.0,38,0,0,1,Pedestrian
7,598.0,893.0,632.0,957.0,39,0,0,1,Pedestrian
7,598.0,893.0,632.0,957.0,40,0,0,1,Pedestrian
7,598.0,893.0,632.0,957.0,41,0,0,1,Pedestrian
7,598.0,893.0,632.0,957.0,42,0,0,1,Pedestrian
7,598.0,893.0,632.0,957.0,43,0,0,1,Pedestrian
7,598.0,893.0,632.0,957.0,44,0,0,1,Pedestrian
7,598.0,893.0,632.0,957.0,45,0,0,1,Pedestrian
7,598.0,893.0,632.0,957.0,46,0,0,1,Pedestrian
7,598.0,893.0,632.0,957.0,47,0,0,1,Pedestrian
7,598.0,893.0,632.0,957.0,48,0,0,1,Pedestrian
7,598.0,893.0,632.0,957.0,49,0,0,1,Pedestrian
7,598.0,893.0,632.0,957.0,50,0,0,1,Pedestrian
7,598.0,893.0,632.0,957.0,51,0,0,1,Pedestrian
7,598.0,893.0,632.0,957.0,52,0,0,1,Pedestrian
7,598.0,893.0,632.0,957.0,53,0,0,1,Pedestrian
7,598.0,893.0,632.0,957.0,54,0,0,1,Pedestrian
7,598.0,893.0,632.0,957.0,55,0,0,1,Pedestrian
7,598.0,893.0,632.0,957.0,56,0,0,1,Pedestrian
7,598.0,893.0,632.0,957.0,57,0,0,1,Pedestrian
7,598.0,893.0,632.0,957.0,58,0,0,1,Pedestrian
7,598.0,893.0,632.0,957.0,59,0,0,1,Pedestrian
7,598.0,893.0,632.0,957.0,60,0,0,1,Pedestrian
7,598.0,893.0,632.0,957.0,61,0,0,1,Pedestrian
7,598.0,893.0,632.0,957.0,62,0,0,1,Pedestrian
7,598.0,893.0,632.0,957.0,63,0,0,1,Pedestrian
7,598.0,893.0,632.0,957.0,64,0,0,1,Pedestrian
7,598.0,893.0,632.0,957.0,65,0,0,1,Pedestrian
7,598.0,893.0,632.0,957.0,66,0,0,1,Pedestrian
7,598.0,893.0,632.0,957.0,67,0,0,1,Pedestrian
7,598.0,893.0,632.0,957.0,68,0,0,1,Pedestrian
7,598.0,893.0,632.0,957.0,69,0,0,1,Pedestrian
7,598.0,893.0,632.0,957.0,70,0,0,1,Pedestrian
7,598.0,893.0,632.0,957.0,71,0,0,1,Pedestrian
7,598.0,893.0,632.0,957.0,72,0,0,1,Pedestrian
7,598.0,893.0,632.0,957.0,73,0,0,1,Pedestrian
7,598.0,893.0,632.0,957.0,74,0,0,1,Pedestrian
7,598.0,893.0,632.0,957.0,75,0,0,1,Pedestrian
7,598.0,893.0,632.0,957.0,76,0,0,1,Pedestrian
7,598.0,893.0,632.0,957.0,77,0,0,1,Pedestrian
7,598.0,893.0,632.0,957.0,78,0,0,1,Pedestrian
7,598.0,893.0,632.0,957.0,79,0,0,1,Pedestrian
7,598.0,893.0,632.0,957.0,80,0,0,1,Pedestrian
7,598.0,893.0,632.0,957.0,81,0,0,1,Pedestrian
7,598.0,893.0,632.0,957.0,82,0,0,1,Pedestrian
7,598.0,893.0,632.0,957.0,83,0,0,1,Pedestrian
7,598.0,893.0,632.0,957.0,84,0,0,1,Pedestrian
7,598.0,893.0,632.0,957.0,85,0,0,1,Pedestrian
7,598.0,893.0,632.0,957.0,86,0,0,1,Pedestrian
7,598.0,893.0,632.0,957.0,87,0,0,1,Pedestrian
7,598.0,893.0,632.0,957.0,88,0,0,1,Pedestrian
7,598.0,893.0,632.0,957.0,89,0,0,1,Pedestrian
7,598.0,893.0,632.0,957.0,90,0,0,1,Pedestrian
7,598.0,893.0,632.0,957.0,91,0,0,1,Pedestrian
7,598.0,893.0,632.0,957.0,92,0,0,1,Pedestrian
7,598.0,893.0,632.0,957.0,93,0,0,1,Pedestrian
7,598.0,893.0,632.0,957.0,94,0,0,1,Pedestrian
7,598.0,893.0,632.0,957.0,95,0,0,1,Pedestrian
7,598.0,893.0,632.0,957.0,96,0,0,1,Pedestrian
7,598.0,893.0,632.0,957.0,97,0,0,1,Pedestrian
7,598.0,893.0,632.0,957.0,98,0,0,1,Pedestrian
7,598.0,893.0,632.0,957.0,99,0,0,1,Pedestrian
7,598.0,893.0,632.0,957.0,100,0,0,1,Pedestrian
7,598.0,893.0,632.0,957.0,101,0,0,1,Pedestrian
7,598.0,893.0,632.0,957.0,102,0,0,1,Pedestrian
7,598.0,893.0,632.0,957.0,103,0,0,1,Pedestrian
7,598.0,893.0,632.0,957.0,104,0,0,1,Pedestrian
7,598.0,893.0,632.0,957.0,105,0,0,1,Pedestrian
7,598.0,893.0,632.0,957.0,106,0,0,1,Pedestrian
7,598.0,893.0,632.0,957.0,107,0,0,1,Pedestrian
7,598.0,893.0,632.0,957.0,108,0,0,1,Pedestrian
7,598.0,893.0,632.0,957.0,109,0,0,1,Pedestrian
7,598.0,893.0,632.0,957.0,110,0,0,1,Pedestrian
7,598.0,893.0,632.0,957.0,111,0,0,1,Pedestrian
7,598.0,893.0,632.0,957.0,112,0,0,1,Pedestrian
7,598.0,893.0,632.0,957.0,113,0,0,1,Pedestrian
7,598.0,893.0,632.0,957.0,114,0,0,1,Pedestrian
7,598.0,893.0,632.0,957.0,115,0,0,1,Pedestrian
7,598.0,893.0,632.0,957.0,116,0,0,1,Pedestrian
7,598.0,893.0,632.0,957.0,117,0,0,1,Pedestrian
7,598.0,893.0,632.0,957.0,118,0,0,1,Pedestrian
7,598.0,893.0,632.0,957.0,119,0,0,1,Pedestrian
7,598.0,893.0,632.0,957.0,120,0,0,1,Pedestrian
7,598.0,893.0,632.0,957.0,121,0,0,1,Pedestrian
7,598.0,893.0,632.0,957.0,122,0,0,1,Pedestrian
7,598.0,893.0,632.0,957.0,123,0,0,1,Pedestrian
7,598.0,893.0,632.0,957.0,124,0,0,1,Pedestrian
7,598.0,893.0,632.0,957.0,125,0,0,1,Pedestrian
7,598.0,893.0,632.0,957.0,126,0,0,1,Pedestrian
7,598.0,893.0,632.0,957.0,127,0,0,1,Pedestrian
7,598.0,893.0,632.0,957.0,128,0,0,1,Pedestrian
7,598.0,893.0,632.0,957.0,129,0,0,1,Pedestrian
7,598.0,893.0,632.0,957.0,130,0,0,1,Pedestrian
7,598.0,893.0,632.0,957.0,131,0,0,1,Pedestrian
7,598.0,893.0,632.0,957.0,132,0,0,1,Pedestrian
7,598.0,893.0,632.0,957.0,133,0,0,1,Pedestrian
7,598.0,893.0,632.0,957.0,134,0,0,1,Pedestrian
7,598.0,893.0,632.0,957.0,135,0,0,1,Pedestrian
7,598.0,893.0,632.0,957.0,136,0,0,1,Pedestrian
7,598.0,893.0,632.0,957.0,137,0,0,1,Pedestrian
7,598.0,893.0,632.0,957.0,138,0,0,1,Pedestrian
7,598.0,893.0,632.0,957.0,139,0,0,1,Pedestrian
7,598.0,893.0,632.0,957.0,140,0,0,1,Pedestrian
7,598.0,893.0,632.0,957.0,141,0,0,1,Pedestrian
7,598.0,893.0,632.0,957.0,142,0,0,1,Pedestrian
7,598.0,893.0,632.0,957.0,143,0,0,1,Pedestrian
7,598.0,893.0,632.0,957.0,144,0,0,1,Pedestrian
7,598.0,893.0,632.0,957.0,145,0,0,1,Pedestrian
7,598.0,893.0,632.0,957.0,146,0,0,1,Pedestrian
7,598.0,893.0,632.0,957.0,147,0,0,1,Pedestrian
7,598.0,893.0,632.0,957.0,148,0,0,1,Pedestrian
7,598.0,893.0,632.0,957.0,149,0,0,1,Pedestrian
7,598.0,893.0,632.0,957.0,150,0,0,1,Pedestrian
7,598.0,893.0,632.0,957.0,151,0,0,1,Pedestrian
7,598.0,893.0,632.0,957.0,152,0,0,1,Pedestrian
7,598.0,893.0,632.0,957.0,153,0,0,1,Pedestrian
7,598.0,893.0,632.0,957.0,154,0,0,1,Pedestrian
7,598.0,893.0,632.0,957.0,155,0,0,1,Pedestrian
7,598.0,893.0,632.0,957.0,156,0,0,1,Pedestrian
7,598.0,893.0,632.0,957.0,157,0,0,1,Pedestrian
7,598.0,893.0,632.0,957.0,158,0,0,1,Pedestrian
7,598.0,893.0,632.0,957.0,159,0,0,1,Pedestrian
7,598.0,893.0,632.0,957.0,160,0,0,1,Pedestrian
7,598.0,893.0,632.0,957.0,161,0,0,1,Pedestrian
7,598.0,893.0,632.0,957.0,162,0,0,1,Pedestrian
7,598.0,893.0,632.0,957.0,163,0,0,1,Pedestrian
7,598.0,893.0,632.0,957.0,164,0,0,1,Pedestrian
7,598.0,893.0,632.0,957.0,165,0,0,1,Pedestrian
7,598.0,893.0,632.0,957.0,166,0,0,1,Pedestrian
7,598.0,893.0,632.0,957.0,167,0,0,1,Pedestrian
7,598.0,893.0,632.0,957.0,168,0,0,1,Pedestrian
7,598.0,893.0,632.0,957.0,169,0,0,1,Pedestrian
7,598.0,893.0,632.0,957.0,170,0,0,1,Pedestrian
7,598.0,893.0,632.0,957.0,171,0,0,1,Pedestrian
7,598.0,893.0,632.0,957.0,172,0,0,1,Pedestrian
7,598.0,893.0,632.0,957.0,173,0,0,1,Pedestrian
7,598.0,893.0,632.0,957.0,174,0,0,1,Pedestrian
7,598.0,893.0,632.0,957.0,175,0,0,1,Pedestrian
7,598.0,893.0,632.0,957.0,176,0,0,1,Pedestrian
7,598.0,893.0,632.0,957.0,177,0,0,1,Pedestrian
7,598.0,893.0,632.0,957.0,178,0,0,1,Pedestrian
7,598.0,893.0,632.0,957.0,179,0,0,1,Pedestrian
7,598.0,893.0,632.0,957.0,180,0,0,1,Pedestrian
7,598.0,893.0,632.0,957.0,181,0,0,1,Pedestrian
7,598.0,893.0,632.0,957.0,182,0,0,1,Pedestrian
7,598.0,893.0,632.0,957.0,183,0,0,1,Pedestrian
7,598.0,893.0,632.0,957.0,184,0,0,1,Pedestrian
7,598.0,893.0,632.0,957.0,185,0,0,1,Pedestrian
7,598.0,893.0,632.0,957.0,186,0,0,1,Pedestrian
7,598.0,893.0,632.0,957.0,187,0,0,1,Pedestrian
7,598.0,893.0,632.0,957.0,188,0,0,1,Pedestrian
7,598.0,893.0,632.0,957.0,189,0,0,1,Pedestrian
7,598.0,893.0,632.0,957.0,190,0,0,1,Pedestrian
7,598.0,893.0,632.0,957.0,191,0,0,1,Pedestrian
7,598.0,893.0,632.0,957.0,192,0,0,1,Pedestrian
7,598.0,893.0,632.0,957.0,193,0,0,1,Pedestrian
7,598.0,893.0,632.0,957.0,194,0,0,1,Pedestrian
7,598.0,893.0,632.0,957.0,195,0,0,1,Pedestrian
7,598.0,893.0,632.0,957.0,196,0,0,1,Pedestrian
7,598.0,893.0,632.0,957.0,197,0,0,1,Pedestrian
7,598.0,893.0,632.0,957.0,198,0,0,1,Pedestrian
7,598.0,893.0,632.0,957.0,199,0,0,1,Pedestrian
7,598.0,893.0,632.0,957.0,200,0,0,1,Pedestrian
7,598.0,893.0,632.0,957.0,201,0,0,1,Pedestrian
7,598.0,893.0,632.0,957.0,202,0,0,1,Pedestrian
7,598.0,893.0,632.0,957.0,203,0,0,1,Pedestrian
7,598.0,893.0,632.0,957.0,204,0,0,1,Pedestrian
7,598.0,893.0,632.0,957.0,205,0,0,1,Pedestrian
7,598.0,893.0,632.0,957.0,206,0,0,1,Pedestrian
7,598.0,893.0,632.0,957.0,207,0,0,1,Pedestrian
7,598.0,893.0,632.0,957.0,208,0,0,1,Pedestrian
7,598.0,893.0,632.0,957.0,209,0,0,1,Pedestrian
7,598.0,893.0,632.0,957.0,210,0,0,1,Pedestrian
7,598.0,893.0,632.0,957.0,211,0,0,1,Pedestrian
7,598.0,893.0,632.0,957.0,212,0,0,1,Pedestrian
7,598.0,893.0,632.0,957.0,213,0,0,1,Pedestrian
7,598.0,893.0,632.0,957.0,214,0,0,1,Pedestrian
7,598.0,893.0,632.0,957.0,215,0,0,1,Pedestrian
7,598.0,893.0,632.0,957.0,216,0,0,1,Pedestrian
7,598.0,893.0,632.0,957.0,217,0,0,1,Pedestrian
7,598.0,893.0,632.0,957.0,218,0,0,1,Pedestrian
7,598.0,893.0,632.0,957.0,219,0,0,1,Pedestrian
7,598.0,893.0,632.0,957.0,220,0,0,1,Pedestrian
7,598.0,893.0,632.0,957.0,221,0,0,1,Pedestrian
7,598.0,893.0,632.0,957.0,222,0,0,1,Pedestrian
7,598.0,893.0,632.0,957.0,223,0,0,1,Pedestrian
7,598.0,893.0,632.0,957.0,224,0,0,1,Pedestrian
7,598.0,893.0,632.0,957.0,225,0,0,1,Pedestrian
7,598.0,893.0,632.0,957.0,226,0,0,1,Pedestrian
7,598.0,893.0,632.0,957.0,227,0,0,1,Pedestrian
7,598.0,893.0,632.0,957.0,228,0,0,1,Pedestrian
7,598.0,893.0,632.0,957.0,229,0,0,1,Pedestrian
7,598.0,893.0,632.0,957.0,230,0,0,1,Pedestrian
7,598.0,893.0,632.0,957.0,231,0,0,1,Pedestrian
7,598.0,893.0,632.0,957.0,232,0,0,1,Pedestrian
7,598.0,893.0,632.0,957.0,233,0,0,1,Pedestrian
7,598.0,893.0,632.0,957.0,234,0,0,1,Pedestrian
7,598.0,893.0,632.0,957.0,235,0,0,1,Pedestrian
7,598.0,893.0,632.0,957.0,236,0,0,1,Pedestrian
7,598.0,893.0,632.0,957.0,237,0,0,1,Pedestrian
7,598.0,893.0,632.0,957.0,238,0,0,1,Pedestrian
7,598.0,893.0,632.0,957.0,239,0,0,1,Pedestrian
7,598.0,893.0,632.0,957.0,240,0,0,1,Pedestrian
7,598.0,893.0,632.0,957.0,241,0,0,1,Pedestrian
7,598.0,893.0,632.0,957.0,242,0,0,1,Pedestrian
7,598.0,893.0,632.0,957.0,243,0,0,1,Pedestrian
7,598.0,893.0,632.0,957.0,244,0,0,1,Pedestrian
7,598.0,893.0,632.0,957.0,245,0,0,1,Pedestrian
7,598.0,893.0,632.0,957.0,246,0,0,1,Pedestrian
7,598.0,893.0,632.0,957.0,247,0,0,1,Pedestrian
7,598.0,893.0,632.0,957.0,248,0,0,1,Pedestrian
7,598.0,893.0,632.0,957.0,249,0,0,1,Pedestrian
7,598.0,893.0,632.0,957.0,250,0,0,1,Pedestrian
7,598.0,893.0,632.0,957.0,251,0,0,1,Pedestrian
7,598.0,893.0,632.0,957.0,252,0,0,1,Pedestrian
7,598.0,893.0,632.0,957.0,253,0,0,1,Pedestrian
7,598.0,893.0,632.0,957.0,254,0,0,1,Pedestrian
7,598.0,893.0,632.0,957.0,255,0,0,1,Pedestrian
7,598.0,893.0,632.0,957.0,256,0,0,1,Pedestrian
7,598.0,893.0,632.0,957.0,257,0,0,1,Pedestrian
7,598.0,893.0,632.0,957.0,258,0,0,1,Pedestrian
7,598.0,893.0,632.0,957.0,259,0,0,1,Pedestrian
7,598.0,893.0,632.0,957.0,260,0,0,1,Pedestrian
7,598.0,893.0,632.0,957.0,261,0,0,1,Pedestrian
7,598.0,893.0,632.0,957.0,262,0,0,1,Pedestrian
7,598.0,893.0,632.0,957.0,263,0,0,1,Pedestrian
7,598.0,893.0,632.0,957.0,264,0,0,1,Pedestrian
7,598.0,893.0,632.0,957.0,265,0,0,1,Pedestrian
7,598.0,893.0,632.0,957.0,266,0,0,1,Pedestrian
7,598.0,893.0,632.0,957.0,267,0,0,1,Pedestrian
7,598.0,893.0,632.0,957.0,268,0,0,1,Pedestrian
7,598.0,893.0,632.0,957.0,269,0,0,1,Pedestrian
7,598.0,893.0,632.0,957.0,270,0,0,1,Pedestrian
7,598.0,893.0,632.0,957.0,271,0,0,1,Pedestrian
7,598.0,893.0,632.0,957.0,272,0,0,1,Pedestrian
7,598.0,893.0,632.0,957.0,273,0,0,1,Pedestrian
7,598.0,893.0,632.0,957.0,274,0,0,1,Pedestrian
7,598.0,893.0,632.0,957.0,275,0,0,1,Pedestrian
7,598.0,893.0,632.0,957.0,276,0,0,1,Pedestrian
7,598.0,893.0,632.0,957.0,277,0,0,1,Pedestrian
7,598.0,893.0,632.0,957.0,278,0,0,1,Pedestrian
7,598.0,893.0,632.0,957.0,279,0,0,1,Pedestrian
7,598.0,893.0,632.0,957.0,280,0,0,1,Pedestrian
7,598.0,893.0,632.0,957.0,281,0,0,1,Pedestrian
7,598.0,893.0,632.0,957.0,282,0,0,1,Pedestrian
7,598.0,893.0,632.0,957.0,283,0,0,1,Pedestrian
7,598.0,893.0,632.0,957.0,284,0,0,1,Pedestrian
7,598.0,893.0,632.0,957.0,285,0,0,1,Pedestrian
7,598.0,893.0,632.0,957.0,286,0,0,1,Pedestrian
7,598.0,893.0,632.0,957.0,287,0,0,1,Pedestrian
7,598.0,893.0,632.0,957.0,288,0,0,1,Pedestrian
7,598.0,893.0,632.0,957.0,289,0,0,1,Pedestrian
7,598.0,893.0,632.0,957.0,290,0,0,1,Pedestrian
7,598.0,893.0,632.0,957.0,291,0,0,1,Pedestrian
7,598.0,893.0,632.0,957.0,292,0,0,1,Pedestrian
7,598.0,893.0,632.0,957.0,293,0,0,1,Pedestrian
7,598.0,893.0,632.0,957.0,294,0,0,1,Pedestrian
7,598.0,893.0,632.0,957.0,295,0,0,1,Pedestrian
7,598.0,893.0,632.0,957.0,296,0,0,1,Pedestrian
7,598.0,893.0,632.0,957.0,297,0,0,1,Pedestrian
7,598.0,893.0,632.0,957.0,298,0,0,1,Pedestrian
7,598.0,893.0,632.0,957.0,299,0,0,1,Pedestrian
7,598.0,893.0,632.0,957.0,300,0,0,1,Pedestrian
7,598.0,893.0,632.0,957.0,301,0,0,1,Pedestrian
7,598.0,893.0,632.0,957.0,302,0,0,1,Pedestrian
7,598.0,893.0,632.0,957.0,303,0,0,1,Pedestrian
7,598.0,893.0,632.0,957.0,304,0,0,1,Pedestrian
7,598.0,893.0,632.0,957.0,305,0,0,1,Pedestrian
7,598.0,893.0,632.0,957.0,306,0,0,1,Pedestrian
7,598.0,893.0,632.0,957.0,307,0,0,1,Pedestrian
7,598.0,893.0,632.0,957.0,308,0,0,1,Pedestrian
7,598.0,893.0,632.0,957.0,309,0,0,1,Pedestrian
7,598.0,893.0,632.0,957.0,310,0,0,1,Pedestrian
7,598.0,893.0,632.0,957.0,311,0,0,1,Pedestrian
7,598.0,893.0,632.0,957.0,312,0,0,1,Pedestrian
7,598.0,893.0,632.0,957.0,313,0,0,1,Pedestrian
7,598.0,893.0,632.0,957.0,314,0,0,1,Pedestrian
7,598.0,893.0,632.0,957.0,315,0,0,1,Pedestrian
7,598.0,893.0,632.0,957.0,316,0,0,1,Pedestrian
7,598.0,893.0,632.0,957.0,317,0,0,1,Pedestrian
7,598.0,893.0,632.0,957.0,318,0,0,1,Pedestrian
7,598.0,893.0,632.0,957.0,319,0,0,1,Pedestrian
7,598.0,893.0,632.0,957.0,320,0,0,1,Pedestrian
7,598.0,893.0,632.0,957.0,321,0,0,1,Pedestrian
7,598.0,893.0,632.0,957.0,322,0,0,1,Pedestrian
7,598.0,893.0,632.0,957.0,323,0,0,1,Pedestrian
7,598.0,893.0,632.0,957.0,324,0,0,1,Pedestrian
7,598.0,893.0,632.0,957.0,325,0,0,1,Pedestrian
7,598.0,893.0,632.0,957.0,326,0,0,1,Pedestrian
7,598.0,893.0,632.0,957.0,327,0,0,1,Pedestrian
7,598.0,893.0,632.0,957.0,328,0,0,1,Pedestrian
7,598.0,893.0,632.0,957.0,329,0,0,1,Pedestrian
7,598.0,893.0,632.0,957.0,330,0,0,1,Pedestrian
7,598.0,893.0,632.0,957.0,331,0,0,1,Pedestrian
7,598.0,893.0,632.0,957.0,332,0,0,1,Pedestrian
7,598.0,893.0,632.0,957.0,333,0,0,1,Pedestrian
7,598.0,893.0,632.0,957.0,334,0,0,1,Pedestrian
7,598.0,893.0,632.0,957.0,335,0,0,1,Pedestrian
7,598.0,893.0,632.0,957.0,336,0,0,1,Pedestrian
7,598.0,893.0,632.0,957.0,337,0,0,1,Pedestrian
7,598.0,893.0,632.0,957.0,338,0,0,1,Pedestrian
7,598.0,893.0,632.0,957.0,339,0,0,1,Pedestrian
7,598.0,893.0,632.0,957.0,340,0,0,1,Pedestrian
7,598.0,893.0,632.0,957.0,341,0,0,1,Pedestrian
7,598.0,893.0,632.0,957.0,342,0,0,1,Pedestrian
7,598.0,893.0,632.0,957.0,343,0,0,1,Pedestrian
7,598.0,893.0,632.0,957.0,344,0,0,1,Pedestrian
7,598.0,893.0,632.0,957.0,345,0,0,1,Pedestrian
7,598.0,893.0,632.0,957.0,346,0,0,1,Pedestrian
7,598.0,893.0,632.0,957.0,347,0,0,1,Pedestrian
7,598.0,893.0,632.0,957.0,348,0,0,1,Pedestrian
7,598.0,893.0,632.0,957.0,349,0,0,1,Pedestrian
7,598.0,893.0,632.0,957.0,350,0,0,1,Pedestrian
7,598.0,893.0,632.0,957.0,351,0,0,1,Pedestrian
7,598.0,893.0,632.0,957.0,352,0,0,1,Pedestrian
7,598.0,893.0,632.0,957.0,353,0,0,1,Pedestrian
7,598.0,893.0,632.0,957.0,354,0,0,1,Pedestrian
7,598.0,893.0,632.0,957.0,355,0,0,1,Pedestrian
7,598.0,893.0,632.0,957.0,356,0,0,1,Pedestrian
7,598.0,893.0,632.0,957.0,357,0,0,1,Pedestrian
7,598.0,893.0,632.0,957.0,358,0,0,1,Pedestrian
7,598.0,893.0,632.0,957.0,359,0,0,1,Pedestrian
7,598.0,893.0,632.0,957.0,360,0,0,1,Pedestrian
7,598.0,893.0,632.0,957.0,361,0,0,1,Pedestrian
7,598.0,893.0,632.0,957.0,362,0,0,1,Pedestrian
7,598.0,893.0,632.0,957.0,363,0,0,1,Pedestrian
7,598.0,893.0,632.0,957.0,364,0,0,1,Pedestrian
7,598.0,893.0,632.0,957.0,365,0,0,1,Pedestrian
7,598.0,893.0,632.0,957.0,366,0,0,1,Pedestrian
7,598.0,893.0,632.0,957.0,367,0,0,1,Pedestrian
7,598.0,893.0,632.0,957.0,368,0,0,1,Pedestrian
7,598.0,893.0,632.0,957.0,369,0,0,1,Pedestrian
7,598.0,893.0,632.0,957.0,370,0,0,1,Pedestrian
7,598.0,893.0,632.0,957.0,371,0,0,1,Pedestrian
7,598.0,893.0,632.0,957.0,372,0,0,1,Pedestrian
7,598.0,893.0,632.0,957.0,373,0,0,1,Pedestrian
7,598.0,893.0,632.0,957.0,374,0,0,1,Pedestrian
7,598.0,893.0,632.0,957.0,375,0,0,1,Pedestrian
7,598.0,893.0,632.0,957.0,376,0,0,1,Pedestrian
7,598.0,893.0,632.0,957.0,377,0,0,1,Pedestrian
7,598.0,893.0,632.0,957.0,378,0,0,1,Pedestrian
7,598.0,893.0,632.0,957.0,379,0,0,1,Pedestrian
7,598.0,893.0,632.0,957.0,380,0,0,1,Pedestrian
7,598.0,893.0,632.0,957.0,381,0,0,1,Pedestrian
7,598.0,893.0,632.0,957.0,382,0,0,1,Pedestrian
7,598.0,893.0,632.0,957.0,383,0,0,1,Pedestrian
7,598.0,893.0,632.0,957.0,384,0,0,1,Pedestrian
7,598.0,893.0,632.0,957.0,385,0,0,1,Pedestrian
7,598.0,893.0,632.0,957.0,386,0,0,1,Pedestrian
7,598.0,893.0,632.0,957.0,387,0,0,1,Pedestrian
7,598.0,893.0,632.0,957.0,388,0,0,1,Pedestrian
7,598.0,893.0,632.0,957.0,389,0,0,1,Pedestrian
7,598.0,893.0,632.0,957.0,390,0,0,1,Pedestrian
7,598.0,893.0,632.0,957.0,391,0,0,1,Pedestrian
7,598.0,893.0,632.0,957.0,392,0,0,1,Pedestrian
7,598.0,893.0,632.0,957.0,393,0,0,1,Pedestrian
7,598.0,893.0,632.0,957.0,394,0,0,1,Pedestrian
7,598.0,893.0,632.0,957.0,395,0,0,1,Pedestrian
7,598.0,893.0,632.0,957.0,396,0,0,1,Pedestrian
7,598.0,893.0,632.0,957.0,397,0,0,1,Pedestrian
7,598.0,893.0,632.0,957.0,398,0,0,1,Pedestrian
7,598.0,893.0,632.0,957.0,399,0,0,1,Pedestrian
7,598.0,893.0,632.0,957.0,400,0,0,1,Pedestrian
7,598.0,893.0,632.0,957.0,401,0,0,1,Pedestrian
7,598.0,893.0,632.0,957.0,402,0,0,1,Pedestrian
7,598.0,893.0,632.0,957.0,403,0,0,1,Pedestrian
7,598.0,893.0,632.0,957.0,404,0,0,1,Pedestrian
7,598.0,893.0,632.0,957.0,405,0,0,1,Pedestrian
7,598.0,893.0,632.0,957.0,406,0,0,1,Pedestrian
7,598.0,893.0,632.0,957.0,407,0,0,1,Pedestrian
7,598.0,893.0,632.0,957.0,408,0,0,1,Pedestrian
7,598.0,893.0,632.0,957.0,409,0,0,1,Pedestrian
7,598.0,893.0,632.0,957.0,410,0,0,1,Pedestrian
7,598.0,893.0,632.0,957.0,411,0,0,1,Pedestrian
7,598.0,893.0,632.0,957.0,412,0,0,1,Pedestrian
7,598.0,893.0,632.0,957.0,413,0,0,1,Pedestrian
7,598.0,893.0,632.0,957.0,414,0,0,1,Pedestrian
7,598.0,893.0,632.0,957.0,415,0,0,1,Pedestrian
7,598.0,893.0,632.0,957.0,416,0,0,1,Pedestrian
7,598.0,893.0,632.0,957.0,417,0,0,1,Pedestrian
7,598.0,893.0,632.0,957.0,418,0,0,1,Pedestrian
7,598.0,893.0,632.0,957.0,419,0,0,1,Pedestrian
7,598.0,893.0,632.0,957.0,420,0,0,1,Pedestrian
7,598.0,893.0,632.0,957.0,421,0,0,1,Pedestrian
7,598.0,893.0,632.0,957.0,422,0,0,1,Pedestrian
7,598.0,893.0,632.0,957.0,423,0,0,1,Pedestrian
7,598.0,893.0,632.0,957.0,424,0,0,1,Pedestrian
7,598.0,893.0,632.0,957.0,425,0,0,1,Pedestrian
7,598.0,893.0,632.0,957.0,426,0,0,1,Pedestrian
7,598.0,893.0,632.0,957.0,427,0,0,1,Pedestrian
7,598.0,893.0,632.0,957.0,428,0,0,1,Pedestrian
7,598.0,893.0,632.0,957.0,429,0,0,1,Pedestrian
7,598.0,893.0,632.0,957.0,430,0,0,1,Pedestrian
7,598.0,893.0,632.0,957.0,431,0,0,1,Pedestrian
7,598.0,893.0,632.0,957.0,432,0,0,1,Pedestrian
7,598.0,893.0,632.0,957.0,433,0,0,1,Pedestrian
7,598.0,893.0,632.0,957.0,434,0,0,1,Pedestrian
7,598.0,893.0,632.0,957.0,435,0,0,1,Pedestrian
7,598.0,893.0,632.0,957.0,436,0,0,1,Pedestrian
7,598.0,893.0,632.0,957.0,437,0,0,1,Pedestrian
7,598.0,893.0,632.0,957.0,438,0,0,1,Pedestrian
7,598.0,893.0,632.0,957.0,439,0,0,1,Pedestrian
7,598.0,893.0,632.0,957.0,440,0,0,1,Pedestrian
7,598.0,893.0,632.0,957.0,441,0,0,1,Pedestrian
7,598.0,893.0,632.0,957.0,442,0,0,1,Pedestrian
7,598.0,893.0,632.0,957.0,443,0,0,1,Pedestrian
7,598.0,893.0,632.0,957.0,444,0,0,1,Pedestrian
7,598.0,893.0,632.0,957.0,445,0,0,1,Pedestrian
7,598.0,893.0,632.0,957.0,446,0,0,1,Pedestrian
7,598.0,893.0,632.0,957.0,447,0,0,1,Pedestrian
7,598.0,893.0,632.0,957.0,448,0,0,1,Pedestrian
7,598.0,893.0,632.0,957.0,449,0,0,1,Pedestrian
7,598.0,893.0,632.0,957.0,450,0,0,1,Pedestrian
7,598.0,893.0,632.0,957.0,451,0,0,1,Pedestrian
7,598.0,893.0,632.0,957.0,452,0,0,1,Pedestrian
7,598.0,893.0,632.0,957.0,453,0,0,1,Pedestrian
7,598.0,893.0,632.0,957.0,454,0,0,1,Pedestrian
7,598.0,893.0,632.0,957.0,455,0,0,1,Pedestrian
7,598.0,893.0,632.0,957.0,456,0,0,1,Pedestrian
7,598.0,893.0,632.0,957.0,457,0,0,1,Pedestrian
7,598.0,893.0,632.0,957.0,458,0,0,1,Pedestrian
7,598.0,893.0,632.0,957.0,459,0,0,1,Pedestrian
7,598.0,893.0,632.0,957.0,460,0,0,1,Pedestrian
7,598.0,893.0,632.0,957.0,461,0,0,1,Pedestrian
7,598.0,893.0,632.0,957.0,462,0,0,1,Pedestrian
7,598.0,893.0,632.0,957.0,463,0,0,1,Pedestrian
7,598.0,893.0,632.0,957.0,464,0,0,1,Pedestrian
7,598.0,893.0,632.0,957.0,465,0,0,1,Pedestrian
7,598.0,893.0,632.0,957.0,466,0,0,1,Pedestrian
7,598.0,893.0,632.0,957.0,467,0,0,1,Pedestrian
7,598.0,893.0,632.0,957.0,468,0,0,1,Pedestrian
7,598.0,893.0,632.0,957.0,469,0,0,1,Pedestrian
7,598.0,893.0,632.0,957.0,470,0,0,1,Pedestrian
7,598.0,893.0,632.0,957.0,471,0,0,1,Pedestrian
7,598.0,893.0,632.0,957.0,472,0,0,1,Pedestrian
7,598.0,893.0,632.0,957.0,473,0,0,1,Pedestrian
7,598.0,893.0,632.0,957.0,474,0,0,1,Pedestrian
7,598.0,893.0,632.0,957.0,475,0,0,1,Pedestrian
7,598.0,893.0,632.0,957.0,476,0,0,1,Pedestrian
7,598.0,893.0,632.0,957.0,477,0,0,1,Pedestrian
7,598.0,893.0,632.0,957.0,478,0,0,1,Pedestrian
7,598.0,893.0,632.0,957.0,479,0,0,1,Pedestrian
7,598.0,893.0,632.0,957.0,480,0,0,1,Pedestrian
7,598.0,893.0,632.0,957.0,481,0,0,1,Pedestrian
7,598.0,893.0,632.0,957.0,482,0,0,1,Pedestrian
7,598.0,893.0,632.0,957.0,483,0,0,1,Pedestrian
7,598.0,893.0,632.0,957.0,484,0,0,1,Pedestrian
7,598.0,893.0,632.0,957.0,485,0,0,1,Pedestrian
7,598.0,893.0,632.0,957.0,486,0,0,1,Pedestrian
7,598.0,893.0,632.0,957.0,487,0,0,1,Pedestrian
7,598.0,893.0,632.0,957.0,488,0,0,1,Pedestrian
7,598.0,893.0,632.0,957.0,489,0,0,1,Pedestrian
7,598.0,893.0,632.0,957.0,490,0,0,1,Pedestrian
7,598.0,893.0,632.0,957.0,491,0,0,1,Pedestrian
7,598.0,893.0,632.0,957.0,492,0,0,1,Pedestrian
7,598.0,893.0,632.0,957.0,493,0,0,1,Pedestrian
7,598.0,893.0,632.0,957.0,494,0,0,1,Pedestrian
7,598.0,893.0,632.0,957.0,495,0,0,1,Pedestrian
7,598.0,893.0,632.0,957.0,496,0,0,1,Pedestrian
7,598.0,893.0,632.0,957.0,497,0,0,1,Pedestrian
7,598.0,893.0,632.0,957.0,498,0,0,1,Pedestrian
7,598.0,893.0,632.0,957.0,499,0,0,1,Pedestrian
7,598.0,893.0,632.0,957.0,500,0,0,1,Pedestrian
7,598.0,893.0,632.0,957.0,501,0,0,1,Pedestrian
7,598.0,893.0,632.0,957.0,502,0,0,1,Pedestrian
7,598.0,893.0,632.0,957.0,503,0,0,1,Pedestrian
7,598.0,893.0,632.0,957.0,504,0,0,1,Pedestrian
7,598.0,893.0,632.0,957.0,505,0,0,1,Pedestrian
7,598.0,893.0,632.0,957.0,506,0,0,1,Pedestrian
7,598.0,893.0,632.0,957.0,507,0,0,1,Pedestrian
7,598.0,893.0,632.0,957.0,508,0,0,1,Pedestrian
7,598.0,893.0,632.0,957.0,509,0,0,1,Pedestrian
7,598.0,893.0,632.0,957.0,510,0,0,1,Pedestrian
7,598.0,893.0,632.0,957.0,511,0,0,1,Pedestrian
7,598.0,893.0,632.0,957.0,512,0,0,1,Pedestrian
7,598.0,893.0,632.0,957.0,513,0,0,1,Pedestrian
7,598.0,893.0,632.0,957.0,514,0,0,1,Pedestrian
7,598.0,893.0,632.0,957.0,515,0,0,1,Pedestrian
7,598.0,893.0,632.0,957.0,516,0,0,1,Pedestrian
7,598.0,893.0,632.0,957.0,517,0,0,1,Pedestrian
7,598.0,893.0,632.0,957.0,518,0,0,1,Pedestrian
7,598.0,893.0,632.0,957.0,519,0,0,1,Pedestrian
7,598.0,893.0,632.0,957.0,520,0,0,1,Pedestrian
7,598.0,893.0,632.0,957.0,521,0,0,1,Pedestrian
7,598.0,893.0,632.0,957.0,522,0,0,1,Pedestrian
7,598.0,893.0,632.0,957.0,523,0,0,1,Pedestrian
7,598.0,893.0,632.0,957.0,524,0,0,1,Pedestrian
7,598.0,893.0,632.0,957.0,525,0,0,1,Pedestrian
7,598.0,893.0,632.0,957.0,526,0,0,1,Pedestrian
7,598.0,893.0,632.0,957.0,527,0,0,1,Pedestrian
7,598.0,893.0,632.0,957.0,528,0,0,1,Pedestrian
7,598.0,893.0,632.0,957.0,529,0,0,1,Pedestrian
7,598.0,893.0,632.0,957.0,530,0,0,1,Pedestrian
7,598.0,893.0,632.0,957.0,531,0,0,0,Pedestrian
8,624.0,893.0,654.0,957.0,0,0,0,0,Pedestrian
8,624.0,893.0,654.0,957.0,1,0,0,1,Pedestrian
8,624.0,893.0,654.0,957.0,2,0,0,1,Pedestrian
8,624.0,893.0,654.0,957.0,3,0,0,1,Pedestrian
8,624.0,893.0,654.0,957.0,4,0,0,1,Pedestrian
8,624.0,893.0,654.0,957.0,5,0,0,1,Pedestrian
8,624.0,893.0,654.0,957.0,6,0,0,1,Pedestrian
8,624.0,893.0,654.0,957.0,7,0,0,1,Pedestrian
8,624.0,893.0,654.0,957.0,8,0,0,1,Pedestrian
8,624.0,893.0,654.0,957.0,9,0,0,1,Pedestrian
8,624.0,893.0,654.0,957.0,10,0,0,1,Pedestrian
8,624.0,893.0,654.0,957.0,11,0,0,1,Pedestrian
8,624.0,893.0,654.0,957.0,12,0,0,1,Pedestrian
8,624.0,893.0,654.0,957.0,13,0,0,1,Pedestrian
8,624.0,893.0,654.0,957.0,14,0,0,1,Pedestrian
8,624.0,893.0,654.0,957.0,15,0,0,1,Pedestrian
8,624.0,893.0,654.0,957.0,16,0,0,1,Pedestrian
8,624.0,893.0,654.0,957.0,17,0,0,1,Pedestrian
8,624.0,893.0,654.0,957.0,18,0,0,1,Pedestrian
8,624.0,893.0,654.0,957.0,19,0,0,1,Pedestrian
8,624.0,893.0,654.0,957.0,20,0,0,1,Pedestrian
8,624.0,893.0,654.0,957.0,21,0,0,1,Pedestrian
8,624.0,893.0,654.0,957.0,22,0,0,1,Pedestrian
8,624.0,893.0,654.0,957.0,23,0,0,1,Pedestrian
8,624.0,893.0,654.0,957.0,24,0,0,1,Pedestrian
8,624.0,893.0,654.0,957.0,25,0,0,1,Pedestrian
8,624.0,893.0,654.0,957.0,26,0,0,1,Pedestrian
8,624.0,893.0,654.0,957.0,27,0,0,1,Pedestrian
8,624.0,893.0,654.0,957.0,28,0,0,1,Pedestrian
8,624.0,893.0,654.0,957.0,29,0,0,1,Pedestrian
8,624.0,893.0,654.0,957.0,30,0,0,1,Pedestrian
8,624.0,893.0,654.0,957.0,31,0,0,1,Pedestrian
8,624.0,893.0,654.0,957.0,32,0,0,1,Pedestrian
8,624.0,893.0,654.0,957.0,33,0,0,1,Pedestrian
8,624.0,893.0,654.0,957.0,34,0,0,1,Pedestrian
8,624.0,893.0,654.0,957.0,35,0,0,1,Pedestrian
8,624.0,893.0,654.0,957.0,36,0,0,1,Pedestrian
8,624.0,893.0,654.0,957.0,37,0,0,1,Pedestrian
8,624.0,893.0,654.0,957.0,38,0,0,1,Pedestrian
8,624.0,893.0,654.0,957.0,39,0,0,1,Pedestrian
8,624.0,893.0,654.0,957.0,40,0,0,1,Pedestrian
8,624.0,893.0,654.0,957.0,41,0,0,1,Pedestrian
8,624.0,893.0,654.0,957.0,42,0,0,1,Pedestrian
8,624.0,893.0,654.0,957.0,43,0,0,1,Pedestrian
8,624.0,893.0,654.0,957.0,44,0,0,1,Pedestrian
8,624.0,893.0,654.0,957.0,45,0,0,1,Pedestrian
8,624.0,893.0,654.0,957.0,46,0,0,1,Pedestrian
8,624.0,893.0,654.0,957.0,47,0,0,1,Pedestrian
8,624.0,893.0,654.0,957.0,48,0,0,1,Pedestrian
8,624.0,893.0,654.0,957.0,49,0,0,1,Pedestrian
8,624.0,893.0,654.0,957.0,50,0,0,1,Pedestrian
8,624.0,893.0,654.0,957.0,51,0,0,1,Pedestrian
8,624.0,893.0,654.0,957.0,52,0,0,1,Pedestrian
8,624.0,893.0,654.0,957.0,53,0,0,1,Pedestrian
8,624.0,893.0,654.0,957.0,54,0,0,1,Pedestrian
8,624.0,893.0,654.0,957.0,55,0,0,1,Pedestrian
8,624.0,893.0,654.0,957.0,56,0,0,1,Pedestrian
8,624.0,893.0,654.0,957.0,57,0,0,1,Pedestrian
8,624.0,893.0,654.0,957.0,58,0,0,1,Pedestrian
8,624.0,893.0,654.0,957.0,59,0,0,1,Pedestrian
8,624.0,893.0,654.0,957.0,60,0,0,1,Pedestrian
8,624.0,893.0,654.0,957.0,61,0,0,1,Pedestrian
8,624.0,893.0,654.0,957.0,62,0,0,1,Pedestrian
8,624.0,893.0,654.0,957.0,63,0,0,1,Pedestrian
8,624.0,893.0,654.0,957.0,64,0,0,1,Pedestrian
8,624.0,893.0,654.0,957.0,65,0,0,1,Pedestrian
8,624.0,893.0,654.0,957.0,66,0,0,1,Pedestrian
8,624.0,893.0,654.0,957.0,67,0,0,1,Pedestrian
8,624.0,893.0,654.0,957.0,68,0,0,1,Pedestrian
8,624.0,893.0,654.0,957.0,69,0,0,1,Pedestrian
8,624.0,893.0,654.0,957.0,70,0,0,1,Pedestrian
8,624.0,893.0,654.0,957.0,71,0,0,1,Pedestrian
8,624.0,893.0,654.0,957.0,72,0,0,1,Pedestrian
8,624.0,893.0,654.0,957.0,73,0,0,1,Pedestrian
8,624.0,893.0,654.0,957.0,74,0,0,1,Pedestrian
8,624.0,893.0,654.0,957.0,75,0,0,1,Pedestrian
8,624.0,893.0,654.0,957.0,76,0,0,1,Pedestrian
8,624.0,893.0,654.0,957.0,77,0,0,1,Pedestrian
8,624.0,893.0,654.0,957.0,78,0,0,1,Pedestrian
8,624.0,893.0,654.0,957.0,79,0,0,1,Pedestrian
8,624.0,893.0,654.0,957.0,80,0,0,1,Pedestrian
8,624.0,893.0,654.0,957.0,81,0,0,1,Pedestrian
8,624.0,893.0,654.0,957.0,82,0,0,1,Pedestrian
8,624.0,893.0,654.0,957.0,83,0,0,1,Pedestrian
8,624.0,893.0,654.0,957.0,84,0,0,1,Pedestrian
8,624.0,893.0,654.0,957.0,85,0,0,1,Pedestrian
8,624.0,893.0,654.0,957.0,86,0,0,1,Pedestrian
8,624.0,893.0,654.0,957.0,87,0,0,1,Pedestrian
8,624.0,893.0,654.0,957.0,88,0,0,1,Pedestrian
8,624.0,893.0,654.0,957.0,89,0,0,1,Pedestrian
8,624.0,893.0,654.0,957.0,90,0,0,1,Pedestrian
8,624.0,893.0,654.0,957.0,91,0,0,1,Pedestrian
8,624.0,893.0,654.0,957.0,92,0,0,1,Pedestrian
8,624.0,893.0,654.0,957.0,93,0,0,1,Pedestrian
8,624.0,893.0,654.0,957.0,94,0,0,1,Pedestrian
8,624.0,893.0,654.0,957.0,95,0,0,1,Pedestrian
8,624.0,893.0,654.0,957.0,96,0,0,1,Pedestrian
8,624.0,893.0,654.0,957.0,97,0,0,1,Pedestrian
8,624.0,893.0,654.0,957.0,98,0,0,1,Pedestrian
8,624.0,893.0,654.0,957.0,99,0,0,1,Pedestrian
8,624.0,893.0,654.0,957.0,100,0,0,1,Pedestrian
8,624.0,893.0,654.0,957.0,101,0,0,1,Pedestrian
8,624.0,893.0,654.0,957.0,102,0,0,1,Pedestrian
8,624.0,893.0,654.0,957.0,103,0,0,1,Pedestrian
8,624.0,893.0,654.0,957.0,104,0,0,1,Pedestrian
8,624.0,893.0,654.0,957.0,105,0,0,1,Pedestrian
8,624.0,893.0,654.0,957.0,106,0,0,1,Pedestrian
8,624.0,893.0,654.0,957.0,107,0,0,1,Pedestrian
8,624.0,893.0,654.0,957.0,108,0,0,1,Pedestrian
8,624.0,893.0,654.0,957.0,109,0,0,1,Pedestrian
8,624.0,893.0,654.0,957.0,110,0,0,1,Pedestrian
8,624.0,893.0,654.0,957.0,111,0,0,1,Pedestrian
8,624.0,893.0,654.0,957.0,112,0,0,1,Pedestrian
8,624.0,893.0,654.0,957.0,113,0,0,1,Pedestrian
8,624.0,893.0,654.0,957.0,114,0,0,1,Pedestrian
8,624.0,893.0,654.0,957.0,115,0,0,1,Pedestrian
8,624.0,893.0,654.0,957.0,116,0,0,1,Pedestrian
8,624.0,893.0,654.0,957.0,117,0,0,1,Pedestrian
8,624.0,893.0,654.0,957.0,118,0,0,1,Pedestrian
8,624.0,893.0,654.0,957.0,119,0,0,1,Pedestrian
8,624.0,893.0,654.0,957.0,120,0,0,1,Pedestrian
8,624.0,893.0,654.0,957.0,121,0,0,1,Pedestrian
8,624.0,893.0,654.0,957.0,122,0,0,1,Pedestrian
8,624.0,893.0,654.0,957.0,123,0,0,1,Pedestrian
8,624.0,893.0,654.0,957.0,124,0,0,1,Pedestrian
8,624.0,893.0,654.0,957.0,125,0,0,1,Pedestrian
8,624.0,893.0,654.0,957.0,126,0,0,1,Pedestrian
8,624.0,893.0,654.0,957.0,127,0,0,1,Pedestrian
8,624.0,893.0,654.0,957.0,128,0,0,1,Pedestrian
8,624.0,893.0,654.0,957.0,129,0,0,1,Pedestrian
8,624.0,893.0,654.0,957.0,130,0,0,1,Pedestrian
8,624.0,893.0,654.0,957.0,131,0,0,1,Pedestrian
8,624.0,893.0,654.0,957.0,132,0,0,1,Pedestrian
8,624.0,893.0,654.0,957.0,133,0,0,1,Pedestrian
8,624.0,893.0,654.0,957.0,134,0,0,1,Pedestrian
8,624.0,893.0,654.0,957.0,135,0,0,1,Pedestrian
8,624.0,893.0,654.0,957.0,136,0,0,1,Pedestrian
8,624.0,893.0,654.0,957.0,137,0,0,1,Pedestrian
8,624.0,893.0,654.0,957.0,138,0,0,1,Pedestrian
8,624.0,893.0,654.0,957.0,139,0,0,1,Pedestrian
8,624.0,893.0,654.0,957.0,140,0,0,1,Pedestrian
8,624.0,893.0,654.0,957.0,141,0,0,1,Pedestrian
8,624.0,893.0,654.0,957.0,142,0,0,1,Pedestrian
8,624.0,893.0,654.0,957.0,143,0,0,1,Pedestrian
8,624.0,893.0,654.0,957.0,144,0,0,1,Pedestrian
8,624.0,893.0,654.0,957.0,145,0,0,1,Pedestrian
8,624.0,893.0,654.0,957.0,146,0,0,1,Pedestrian
8,624.0,893.0,654.0,957.0,147,0,0,1,Pedestrian
8,624.0,893.0,654.0,957.0,148,0,0,1,Pedestrian
8,624.0,893.0,654.0,957.0,149,0,0,1,Pedestrian
8,624.0,893.0,654.0,957.0,150,0,0,1,Pedestrian
8,624.0,893.0,654.0,957.0,151,0,0,1,Pedestrian
8,624.0,893.0,654.0,957.0,152,0,0,1,Pedestrian
8,624.0,893.0,654.0,957.0,153,0,0,1,Pedestrian
8,624.0,893.0,654.0,957.0,154,0,0,1,Pedestrian
8,624.0,893.0,654.0,957.0,155,0,0,1,Pedestrian
8,624.0,893.0,654.0,957.0,156,0,0,1,Pedestrian
8,624.0,893.0,654.0,957.0,157,0,0,1,Pedestrian
8,624.0,893.0,654.0,957.0,158,0,0,1,Pedestrian
8,624.0,893.0,654.0,957.0,159,0,0,1,Pedestrian
8,624.0,893.0,654.0,957.0,160,0,0,1,Pedestrian
8,624.0,893.0,654.0,957.0,161,0,0,1,Pedestrian
8,624.0,893.0,654.0,957.0,162,0,0,1,Pedestrian
8,624.0,893.0,654.0,957.0,163,0,0,1,Pedestrian
8,624.0,893.0,654.0,957.0,164,0,0,1,Pedestrian
8,624.0,893.0,654.0,957.0,165,0,0,1,Pedestrian
8,624.0,893.0,654.0,957.0,166,0,0,1,Pedestrian
8,624.0,893.0,654.0,957.0,167,0,0,1,Pedestrian
8,624.0,893.0,654.0,957.0,168,0,0,1,Pedestrian
8,624.0,893.0,654.0,957.0,169,0,0,1,Pedestrian
8,624.0,893.0,654.0,957.0,170,0,0,1,Pedestrian
8,624.0,893.0,654.0,957.0,171,0,0,1,Pedestrian
8,624.0,893.0,654.0,957.0,172,0,0,1,Pedestrian
8,624.0,893.0,654.0,957.0,173,0,0,1,Pedestrian
8,624.0,893.0,654.0,957.0,174,0,0,1,Pedestrian
8,624.0,893.0,654.0,957.0,175,0,0,1,Pedestrian
8,624.0,893.0,654.0,957.0,176,0,0,1,Pedestrian
8,624.0,893.0,654.0,957.0,177,0,0,1,Pedestrian
8,624.0,893.0,654.0,957.0,178,0,0,1,Pedestrian
8,624.0,893.0,654.0,957.0,179,0,0,1,Pedestrian
8,624.0,893.0,654.0,957.0,180,0,0,1,Pedestrian
8,624.0,893.0,654.0,957.0,181,0,0,1,Pedestrian
8,624.0,893.0,654.0,957.0,182,0,0,1,Pedestrian
8,624.0,893.0,654.0,957.0,183,0,0,1,Pedestrian
8,624.0,893.0,654.0,957.0,184,0,0,1,Pedestrian
8,624.0,893.0,654.0,957.0,185,0,0,1,Pedestrian
8,624.0,893.0,654.0,957.0,186,0,0,1,Pedestrian
8,624.0,893.0,654.0,957.0,187,0,0,1,Pedestrian
8,624.0,893.0,654.0,957.0,188,0,0,1,Pedestrian
8,624.0,893.0,654.0,957.0,189,0,0,1,Pedestrian
8,624.0,893.0,654.0,957.0,190,0,0,1,Pedestrian
8,624.0,893.0,654.0,957.0,191,0,0,1,Pedestrian
8,624.0,893.0,654.0,957.0,192,0,0,1,Pedestrian
8,624.0,893.0,654.0,957.0,193,0,0,1,Pedestrian
8,624.0,893.0,654.0,957.0,194,0,0,1,Pedestrian
8,624.0,893.0,654.0,957.0,195,0,0,1,Pedestrian
8,624.0,893.0,654.0,957.0,196,0,0,1,Pedestrian
8,624.0,893.0,654.0,957.0,197,0,0,1,Pedestrian
8,624.0,893.0,654.0,957.0,198,0,0,1,Pedestrian
8,624.0,893.0,654.0,957.0,199,0,0,1,Pedestrian
8,624.0,893.0,654.0,957.0,200,0,0,1,Pedestrian
8,624.0,893.0,654.0,957.0,201,0,0,1,Pedestrian
8,624.0,893.0,654.0,957.0,202,0,0,1,Pedestrian
8,624.0,893.0,654.0,957.0,203,0,0,1,Pedestrian
8,624.0,893.0,654.0,957.0,204,0,0,1,Pedestrian
8,624.0,893.0,654.0,957.0,205,0,0,1,Pedestrian
8,624.0,893.0,654.0,957.0,206,0,0,1,Pedestrian
8,624.0,893.0,654.0,957.0,207,0,0,1,Pedestrian
8,624.0,893.0,654.0,957.0,208,0,0,1,Pedestrian
8,624.0,893.0,654.0,957.0,209,0,0,1,Pedestrian
8,624.0,893.0,654.0,957.0,210,0,0,1,Pedestrian
8,624.0,893.0,654.0,957.0,211,0,0,1,Pedestrian
8,624.0,893.0,654.0,957.0,212,0,0,1,Pedestrian
8,624.0,893.0,654.0,957.0,213,0,0,1,Pedestrian
8,624.0,893.0,654.0,957.0,214,0,0,1,Pedestrian
8,624.0,893.0,654.0,957.0,215,0,0,1,Pedestrian
8,624.0,893.0,654.0,957.0,216,0,0,1,Pedestrian
8,624.0,893.0,654.0,957.0,217,0,0,1,Pedestrian
8,624.0,893.0,654.0,957.0,218,0,0,1,Pedestrian
8,624.0,893.0,654.0,957.0,219,0,0,1,Pedestrian
8,624.0,893.0,654.0,957.0,220,0,0,1,Pedestrian
8,624.0,893.0,654.0,957.0,221,0,0,1,Pedestrian
8,624.0,893.0,654.0,957.0,222,0,0,1,Pedestrian
8,624.0,893.0,654.0,957.0,223,0,0,1,Pedestrian
8,624.0,893.0,654.0,957.0,224,0,0,1,Pedestrian
8,624.0,893.0,654.0,957.0,225,0,0,1,Pedestrian
8,624.0,893.0,654.0,957.0,226,0,0,1,Pedestrian
8,624.0,893.0,654.0,957.0,227,0,0,1,Pedestrian
8,624.0,893.0,654.0,957.0,228,0,0,1,Pedestrian
8,624.0,893.0,654.0,957.0,229,0,0,1,Pedestrian
8,624.0,893.0,654.0,957.0,230,0,0,1,Pedestrian
8,624.0,893.0,654.0,957.0,231,0,0,1,Pedestrian
8,624.0,893.0,654.0,957.0,232,0,0,1,Pedestrian
8,624.0,893.0,654.0,957.0,233,0,0,1,Pedestrian
8,624.0,893.0,654.0,957.0,234,0,0,1,Pedestrian
8,624.0,893.0,654.0,957.0,235,0,0,1,Pedestrian
8,624.0,893.0,654.0,957.0,236,0,0,1,Pedestrian
8,624.0,893.0,654.0,957.0,237,0,0,1,Pedestrian
8,624.0,893.0,654.0,957.0,238,0,0,1,Pedestrian
8,624.0,893.0,654.0,957.0,239,0,0,1,Pedestrian
8,624.0,893.0,654.0,957.0,240,0,0,1,Pedestrian
8,624.0,893.0,654.0,957.0,241,0,0,1,Pedestrian
8,624.0,893.0,654.0,957.0,242,0,0,1,Pedestrian
8,624.0,893.0,654.0,957.0,243,0,0,1,Pedestrian
8,624.0,893.0,654.0,957.0,244,0,0,1,Pedestrian
8,624.0,893.0,654.0,957.0,245,0,0,1,Pedestrian
8,624.0,893.0,654.0,957.0,246,0,0,1,Pedestrian
8,624.0,893.0,654.0,957.0,247,0,0,1,Pedestrian
8,624.0,893.0,654.0,957.0,248,0,0,1,Pedestrian
8,624.0,893.0,654.0,957.0,249,0,0,1,Pedestrian
8,624.0,893.0,654.0,957.0,250,0,0,1,Pedestrian
8,624.0,893.0,654.0,957.0,251,0,0,1,Pedestrian
8,624.0,893.0,654.0,957.0,252,0,0,1,Pedestrian
8,624.0,893.0,654.0,957.0,253,0,0,1,Pedestrian
8,624.0,893.0,654.0,957.0,254,0,0,1,Pedestrian
8,624.0,893.0,654.0,957.0,255,0,0,1,Pedestrian
8,624.0,893.0,654.0,957.0,256,0,0,1,Pedestrian
8,624.0,893.0,654.0,957.0,257,0,0,1,Pedestrian
8,624.0,893.0,654.0,957.0,258,0,0,1,Pedestrian
8,624.0,893.0,654.0,957.0,259,0,0,1,Pedestrian
8,624.0,893.0,654.0,957.0,260,0,0,1,Pedestrian
8,624.0,893.0,654.0,957.0,261,0,0,1,Pedestrian
8,624.0,893.0,654.0,957.0,262,0,0,1,Pedestrian
8,624.0,893.0,654.0,957.0,263,0,0,1,Pedestrian
8,624.0,893.0,654.0,957.0,264,0,0,1,Pedestrian
8,624.0,893.0,654.0,957.0,265,0,0,1,Pedestrian
8,624.0,893.0,654.0,957.0,266,0,0,1,Pedestrian
8,624.0,893.0,654.0,957.0,267,0,0,1,Pedestrian
8,624.0,893.0,654.0,957.0,268,0,0,1,Pedestrian
8,624.0,893.0,654.0,957.0,269,0,0,1,Pedestrian
8,624.0,893.0,654.0,957.0,270,0,0,1,Pedestrian
8,624.0,893.0,654.0,957.0,271,0,0,1,Pedestrian
8,624.0,893.0,654.0,957.0,272,0,0,1,Pedestrian
8,624.0,893.0,654.0,957.0,273,0,0,1,Pedestrian
8,624.0,893.0,654.0,957.0,274,0,0,1,Pedestrian
8,624.0,893.0,654.0,957.0,275,0,0,1,Pedestrian
8,624.0,893.0,654.0,957.0,276,0,0,1,Pedestrian
8,624.0,893.0,654.0,957.0,277,0,0,1,Pedestrian
8,624.0,893.0,654.0,957.0,278,0,0,1,Pedestrian
8,624.0,893.0,654.0,957.0,279,0,0,1,Pedestrian
8,624.0,893.0,654.0,957.0,280,0,0,1,Pedestrian
8,624.0,893.0,654.0,957.0,281,0,0,1,Pedestrian
8,624.0,893.0,654.0,957.0,282,0,0,1,Pedestrian
8,624.0,893.0,654.0,957.0,283,0,0,1,Pedestrian
8,624.0,893.0,654.0,957.0,284,0,0,1,Pedestrian
8,624.0,893.0,654.0,957.0,285,0,0,1,Pedestrian
8,624.0,893.0,654.0,957.0,286,0,0,1,Pedestrian
8,624.0,893.0,654.0,957.0,287,0,0,1,Pedestrian
8,624.0,893.0,654.0,957.0,288,0,0,1,Pedestrian
8,624.0,893.0,654.0,957.0,289,0,0,1,Pedestrian
8,624.0,893.0,654.0,957.0,290,0,0,1,Pedestrian
8,624.0,893.0,654.0,957.0,291,0,0,1,Pedestrian
8,624.0,893.0,654.0,957.0,292,0,0,1,Pedestrian
8,624.0,893.0,654.0,957.0,293,0,0,1,Pedestrian
8,624.0,893.0,654.0,957.0,294,0,0,1,Pedestrian
8,624.0,893.0,654.0,957.0,295,0,0,1,Pedestrian
8,624.0,893.0,654.0,957.0,296,0,0,1,Pedestrian
8,624.0,893.0,654.0,957.0,297,0,0,1,Pedestrian
8,624.0,893.0,654.0,957.0,298,0,0,1,Pedestrian
8,624.0,893.0,654.0,957.0,299,0,0,1,Pedestrian
8,624.0,893.0,654.0,957.0,300,0,0,1,Pedestrian
8,624.0,893.0,654.0,957.0,301,0,0,1,Pedestrian
8,624.0,893.0,654.0,957.0,302,0,0,1,Pedestrian
8,624.0,893.0,654.0,957.0,303,0,0,1,Pedestrian
8,624.0,893.0,654.0,957.0,304,0,0,1,Pedestrian
8,624.0,893.0,654.0,957.0,305,0,0,1,Pedestrian
8,624.0,893.0,654.0,957.0,306,0,0,1,Pedestrian
8,624.0,893.0,654.0,957.0,307,0,0,1,Pedestrian
8,624.0,893.0,654.0,957.0,308,0,0,1,Pedestrian
8,624.0,893.0,654.0,957.0,309,0,0,1,Pedestrian
8,624.0,893.0,654.0,957.0,310,0,0,1,Pedestrian
8,624.0,893.0,654.0,957.0,311,0,0,1,Pedestrian
8,624.0,893.0,654.0,957.0,312,0,0,1,Pedestrian
8,624.0,893.0,654.0,957.0,313,0,0,1,Pedestrian
8,624.0,893.0,654.0,957.0,314,0,0,1,Pedestrian
8,624.0,893.0,654.0,957.0,315,0,0,1,Pedestrian
8,624.0,893.0,654.0,957.0,316,0,0,1,Pedestrian
8,624.0,893.0,654.0,957.0,317,0,0,1,Pedestrian
8,624.0,893.0,654.0,957.0,318,0,0,1,Pedestrian
8,624.0,893.0,654.0,957.0,319,0,0,1,Pedestrian
8,624.0,893.0,654.0,957.0,320,0,0,1,Pedestrian
8,624.0,893.0,654.0,957.0,321,0,0,1,Pedestrian
8,624.0,893.0,654.0,957.0,322,0,0,1,Pedestrian
8,624.0,893.0,654.0,957.0,323,0,0,1,Pedestrian
8,624.0,893.0,654.0,957.0,324,0,0,1,Pedestrian
8,624.0,893.0,654.0,957.0,325,0,0,1,Pedestrian
8,624.0,893.0,654.0,957.0,326,0,0,1,Pedestrian
8,624.0,893.0,654.0,957.0,327,0,0,1,Pedestrian
8,624.0,893.0,654.0,957.0,328,0,0,1,Pedestrian
8,624.0,893.0,654.0,957.0,329,0,0,1,Pedestrian
8,624.0,893.0,654.0,957.0,330,0,0,1,Pedestrian
8,624.0,893.0,654.0,957.0,331,0,0,1,Pedestrian
8,624.0,893.0,654.0,957.0,332,0,0,1,Pedestrian
8,624.0,893.0,654.0,957.0,333,0,0,1,Pedestrian
8,624.0,893.0,654.0,957.0,334,0,0,1,Pedestrian
8,624.0,893.0,654.0,957.0,335,0,0,1,Pedestrian
8,624.0,893.0,654.0,957.0,336,0,0,1,Pedestrian
8,624.0,893.0,654.0,957.0,337,0,0,1,Pedestrian
8,624.0,893.0,654.0,957.0,338,0,0,1,Pedestrian
8,624.0,893.0,654.0,957.0,339,0,0,1,Pedestrian
8,624.0,893.0,654.0,957.0,340,0,0,1,Pedestrian
8,624.0,893.0,654.0,957.0,341,0,0,1,Pedestrian
8,624.0,893.0,654.0,957.0,342,0,0,1,Pedestrian
8,624.0,893.0,654.0,957.0,343,0,0,1,Pedestrian
8,624.0,893.0,654.0,957.0,344,0,0,1,Pedestrian
8,624.0,893.0,654.0,957.0,345,0,0,1,Pedestrian
8,624.0,893.0,654.0,957.0,346,0,0,1,Pedestrian
8,624.0,893.0,654.0,957.0,347,0,0,1,Pedestrian
8,624.0,893.0,654.0,957.0,348,0,0,1,Pedestrian
8,624.0,893.0,654.0,957.0,349,0,0,1,Pedestrian
8,624.0,893.0,654.0,957.0,350,0,0,1,Pedestrian
8,624.0,893.0,654.0,957.0,351,0,0,1,Pedestrian
8,624.0,893.0,654.0,957.0,352,0,0,1,Pedestrian
8,624.0,893.0,654.0,957.0,353,0,0,1,Pedestrian
8,624.0,893.0,654.0,957.0,354,0,0,1,Pedestrian
8,624.0,893.0,654.0,957.0,355,0,0,1,Pedestrian
8,624.0,893.0,654.0,957.0,356,0,0,1,Pedestrian
8,624.0,893.0,654.0,957.0,357,0,0,1,Pedestrian
8,624.0,893.0,654.0,957.0,358,0,0,1,Pedestrian
8,624.0,893.0,654.0,957.0,359,0,0,1,Pedestrian
8,624.0,893.0,654.0,957.0,360,0,0,1,Pedestrian
8,624.0,893.0,654.0,957.0,361,0,0,1,Pedestrian
8,624.0,893.0,654.0,957.0,362,0,0,1,Pedestrian
8,624.0,893.0,654.0,957.0,363,0,0,1,Pedestrian
8,624.0,893.0,654.0,957.0,364,0,0,1,Pedestrian
8,624.0,893.0,654.0,957.0,365,0,0,1,Pedestrian
8,624.0,893.0,654.0,957.0,366,0,0,1,Pedestrian
8,624.0,893.0,654.0,957.0,367,0,0,1,Pedestrian
8,624.0,893.0,654.0,957.0,368,0,0,1,Pedestrian
8,624.0,893.0,654.0,957.0,369,0,0,1,Pedestrian
8,624.0,893.0,654.0,957.0,370,0,0,1,Pedestrian
8,624.0,893.0,654.0,957.0,371,0,0,1,Pedestrian
8,624.0,893.0,654.0,957.0,372,0,0,1,Pedestrian
8,624.0,893.0,654.0,957.0,373,0,0,1,Pedestrian
8,624.0,893.0,654.0,957.0,374,0,0,1,Pedestrian
8,624.0,893.0,654.0,957.0,375,0,0,1,Pedestrian
8,624.0,893.0,654.0,957.0,376,0,0,1,Pedestrian
8,624.0,893.0,654.0,957.0,377,0,0,1,Pedestrian
8,624.0,893.0,654.0,957.0,378,0,0,1,Pedestrian
8,624.0,893.0,654.0,957.0,379,0,0,1,Pedestrian
8,624.0,893.0,654.0,957.0,380,0,0,1,Pedestrian
8,624.0,893.0,654.0,957.0,381,0,0,1,Pedestrian
8,624.0,893.0,654.0,957.0,382,0,0,1,Pedestrian
8,624.0,893.0,654.0,957.0,383,0,0,1,Pedestrian
8,624.0,893.0,654.0,957.0,384,0,0,1,Pedestrian
8,624.0,893.0,654.0,957.0,385,0,0,1,Pedestrian
8,624.0,893.0,654.0,957.0,386,0,0,1,Pedestrian
8,624.0,893.0,654.0,957.0,387,0,0,1,Pedestrian
8,624.0,893.0,654.0,957.0,388,0,0,1,Pedestrian
8,624.0,893.0,654.0,957.0,389,0,0,1,Pedestrian
8,624.0,893.0,654.0,957.0,390,0,0,1,Pedestrian
8,624.0,893.0,654.0,957.0,391,0,0,1,Pedestrian
8,624.0,893.0,654.0,957.0,392,0,0,1,Pedestrian
8,624.0,893.0,654.0,957.0,393,0,0,1,Pedestrian
8,624.0,893.0,654.0,957.0,394,0,0,1,Pedestrian
8,624.0,893.0,654.0,957.0,395,0,0,1,Pedestrian
8,624.0,893.0,654.0,957.0,396,0,0,1,Pedestrian
8,624.0,893.0,654.0,957.0,397,0,0,1,Pedestrian
8,624.0,893.0,654.0,957.0,398,0,0,1,Pedestrian
8,624.0,893.0,654.0,957.0,399,0,0,1,Pedestrian
8,624.0,893.0,654.0,957.0,400,0,0,1,Pedestrian
8,624.0,893.0,654.0,957.0,401,0,0,1,Pedestrian
8,624.0,893.0,654.0,957.0,402,0,0,1,Pedestrian
8,624.0,893.0,654.0,957.0,403,0,0,1,Pedestrian
8,624.0,893.0,654.0,957.0,404,0,0,1,Pedestrian
8,624.0,893.0,654.0,957.0,405,0,0,1,Pedestrian
8,624.0,893.0,654.0,957.0,406,0,0,1,Pedestrian
8,624.0,893.0,654.0,957.0,407,0,0,1,Pedestrian
8,624.0,893.0,654.0,957.0,408,0,0,1,Pedestrian
8,624.0,893.0,654.0,957.0,409,0,0,1,Pedestrian
8,624.0,893.0,654.0,957.0,410,0,0,1,Pedestrian
8,624.0,893.0,654.0,957.0,411,0,0,1,Pedestrian
8,624.0,893.0,654.0,957.0,412,0,0,1,Pedestrian
8,624.0,893.0,654.0,957.0,413,0,0,1,Pedestrian
8,624.0,893.0,654.0,957.0,414,0,0,1,Pedestrian
8,624.0,893.0,654.0,957.0,415,0,0,1,Pedestrian
8,624.0,893.0,654.0,957.0,416,0,0,1,Pedestrian
8,624.0,893.0,654.0,957.0,417,0,0,1,Pedestrian
8,624.0,893.0,654.0,957.0,418,0,0,1,Pedestrian
8,624.0,893.0,654.0,957.0,419,0,0,1,Pedestrian
8,624.0,893.0,654.0,957.0,420,0,0,1,Pedestrian
8,624.0,893.0,654.0,957.0,421,0,0,1,Pedestrian
8,624.0,893.0,654.0,957.0,422,0,0,1,Pedestrian
8,624.0,893.0,654.0,957.0,423,0,0,1,Pedestrian
8,624.0,893.0,654.0,957.0,424,0,0,1,Pedestrian
8,624.0,893.0,654.0,957.0,425,0,0,1,Pedestrian
8,624.0,893.0,654.0,957.0,426,0,0,1,Pedestrian
8,624.0,893.0,654.0,957.0,427,0,0,1,Pedestrian
8,624.0,893.0,654.0,957.0,428,0,0,1,Pedestrian
8,624.0,893.0,654.0,957.0,429,0,0,1,Pedestrian
8,624.0,893.0,654.0,957.0,430,0,0,1,Pedestrian
8,624.0,893.0,654.0,957.0,431,0,0,1,Pedestrian
8,624.0,893.0,654.0,957.0,432,0,0,1,Pedestrian
8,624.0,893.0,654.0,957.0,433,0,0,1,Pedestrian
8,624.0,893.0,654.0,957.0,434,0,0,1,Pedestrian
8,624.0,893.0,654.0,957.0,435,0,0,1,Pedestrian
8,624.0,893.0,654.0,957.0,436,0,0,1,Pedestrian
8,624.0,893.0,654.0,957.0,437,0,0,1,Pedestrian
8,624.0,893.0,654.0,957.0,438,0,0,1,Pedestrian
8,624.0,893.0,654.0,957.0,439,0,0,1,Pedestrian
8,624.0,893.0,654.0,957.0,440,0,0,1,Pedestrian
8,624.0,893.0,654.0,957.0,441,0,0,1,Pedestrian
8,624.0,893.0,654.0,957.0,442,0,0,1,Pedestrian
8,624.0,893.0,654.0,957.0,443,0,0,1,Pedestrian
8,624.0,893.0,654.0,957.0,444,0,0,1,Pedestrian
8,624.0,893.0,654.0,957.0,445,0,0,1,Pedestrian
8,624.0,893.0,654.0,957.0,446,0,0,1,Pedestrian
8,624.0,893.0,654.0,957.0,447,0,0,1,Pedestrian
8,624.0,893.0,654.0,957.0,448,0,0,1,Pedestrian
8,624.0,893.0,654.0,957.0,449,0,0,1,Pedestrian
8,624.0,893.0,654.0,957.0,450,0,0,1,Pedestrian
8,624.0,893.0,654.0,957.0,451,0,0,1,Pedestrian
8,624.0,893.0,654.0,957.0,452,0,0,1,Pedestrian
8,624.0,893.0,654.0,957.0,453,0,0,1,Pedestrian
8,624.0,893.0,654.0,957.0,454,0,0,1,Pedestrian
8,624.0,893.0,654.0,957.0,455,0,0,1,Pedestrian
8,624.0,893.0,654.0,957.0,456,0,0,1,Pedestrian
8,624.0,893.0,654.0,957.0,457,0,0,1,Pedestrian
8,624.0,893.0,654.0,957.0,458,0,0,1,Pedestrian
8,624.0,893.0,654.0,957.0,459,0,0,1,Pedestrian
8,624.0,893.0,654.0,957.0,460,0,0,1,Pedestrian
8,624.0,893.0,654.0,957.0,461,0,0,1,Pedestrian
8,624.0,893.0,654.0,957.0,462,0,0,1,Pedestrian
8,624.0,893.0,654.0,957.0,463,0,0,1,Pedestrian
8,624.0,893.0,654.0,957.0,464,0,0,1,Pedestrian
8,624.0,893.0,654.0,957.0,465,0,0,1,Pedestrian
8,624.0,893.0,654.0,957.0,466,0,0,1,Pedestrian
8,624.0,893.0,654.0,957.0,467,0,0,1,Pedestrian
8,624.0,893.0,654.0,957.0,468,0,0,1,Pedestrian
8,624.0,893.0,654.0,957.0,469,0,0,1,Pedestrian
8,624.0,893.0,654.0,957.0,470,0,0,1,Pedestrian
8,624.0,893.0,654.0,957.0,471,0,0,1,Pedestrian
8,624.0,893.0,654.0,957.0,472,0,0,1,Pedestrian
8,624.0,893.0,654.0,957.0,473,0,0,1,Pedestrian
8,624.0,893.0,654.0,957.0,474,0,0,1,Pedestrian
8,624.0,893.0,654.0,957.0,475,0,0,1,Pedestrian
8,624.0,893.0,654.0,957.0,476,0,0,1,Pedestrian
8,624.0,893.0,654.0,957.0,477,0,0,1,Pedestrian
8,624.0,893.0,654.0,957.0,478,0,0,1,Pedestrian
8,624.0,893.0,654.0,957.0,479,0,0,1,Pedestrian
8,624.0,893.0,654.0,957.0,480,0,0,1,Pedestrian
8,624.0,893.0,654.0,957.0,481,0,0,1,Pedestrian
8,624.0,893.0,654.0,957.0,482,0,0,1,Pedestrian
8,624.0,893.0,654.0,957.0,483,0,0,1,Pedestrian
8,624.0,893.0,654.0,957.0,484,0,0,1,Pedestrian
8,624.0,893.0,654.0,957.0,485,0,0,1,Pedestrian
8,624.0,893.0,654.0,957.0,486,0,0,1,Pedestrian
8,624.0,893.0,654.0,957.0,487,0,0,1,Pedestrian
8,624.0,893.0,654.0,957.0,488,0,0,1,Pedestrian
8,624.0,893.0,654.0,957.0,489,0,0,1,Pedestrian
8,624.0,893.0,654.0,957.0,490,0,0,1,Pedestrian
8,624.0,893.0,654.0,957.0,491,0,0,1,Pedestrian
8,624.0,893.0,654.0,957.0,492,0,0,1,Pedestrian
8,624.0,893.0,654.0,957.0,493,0,0,1,Pedestrian
8,624.0,893.0,654.0,957.0,494,0,0,1,Pedestrian
8,624.0,893.0,654.0,957.0,495,0,0,1,Pedestrian
8,624.0,893.0,654.0,957.0,496,0,0,1,Pedestrian
8,624.0,893.0,654.0,957.0,497,0,0,1,Pedestrian
8,624.0,893.0,654.0,957.0,498,0,0,1,Pedestrian
8,624.0,893.0,654.0,957.0,499,0,0,1,Pedestrian
8,624.0,893.0,654.0,957.0,500,0,0,1,Pedestrian
8,624.0,893.0,654.0,957.0,501,0,0,1,Pedestrian
8,624.0,893.0,654.0,957.0,502,0,0,1,Pedestrian
8,624.0,893.0,654.0,957.0,503,0,0,1,Pedestrian
8,624.0,893.0,654.0,957.0,504,0,0,1,Pedestrian
8,624.0,893.0,654.0,957.0,505,0,0,1,Pedestrian
8,624.0,893.0,654.0,957.0,506,0,0,1,Pedestrian
8,624.0,893.0,654.0,957.0,507,0,0,1,Pedestrian
8,624.0,893.0,654.0,957.0,508,0,0,1,Pedestrian
8,624.0,893.0,654.0,957.0,509,0,0,1,Pedestrian
8,624.0,893.0,654.0,957.0,510,0,0,1,Pedestrian
8,624.0,893.0,654.0,957.0,511,0,0,1,Pedestrian
8,624.0,893.0,654.0,957.0,512,0,0,1,Pedestrian
8,624.0,893.0,654.0,957.0,513,0,0,1,Pedestrian
8,624.0,893.0,654.0,957.0,514,0,0,1,Pedestrian
8,624.0,893.0,654.0,957.0,515,0,0,1,Pedestrian
8,624.0,893.0,654.0,957.0,516,0,0,1,Pedestrian
8,624.0,893.0,654.0,957.0,517,0,0,1,Pedestrian
8,624.0,893.0,654.0,957.0,518,0,0,1,Pedestrian
8,624.0,893.0,654.0,957.0,519,0,0,1,Pedestrian
8,624.0,893.0,654.0,957.0,520,0,0,1,Pedestrian
8,624.0,893.0,654.0,957.0,521,0,0,1,Pedestrian
8,624.0,893.0,654.0,957.0,522,0,0,1,Pedestrian
8,624.0,893.0,654.0,957.0,523,0,0,1,Pedestrian
8,624.0,893.0,654.0,957.0,524,0,0,1,Pedestrian
8,624.0,893.0,654.0,957.0,525,0,0,1,Pedestrian
8,624.0,893.0,654.0,957.0,526,0,0,1,Pedestrian
8,624.0,893.0,654.0,957.0,527,0,0,1,Pedestrian
8,624.0,893.0,654.0,957.0,528,0,0,1,Pedestrian
8,624.0,893.0,654.0,957.0,529,0,0,1,Pedestrian
8,624.0,893.0,654.0,957.0,530,0,0,1,Pedestrian
8,624.0,893.0,654.0,957.0,531,0,0,0,Pedestrian
9,650.0,901.0,682.0,965.0,0,0,0,0,Pedestrian
9,650.0,901.0,682.0,965.0,1,0,0,1,Pedestrian
9,650.0,901.0,682.0,965.0,2,0,0,1,Pedestrian
9,650.0,901.0,682.0,965.0,3,0,0,1,Pedestrian
9,650.0,901.0,682.0,965.0,4,0,0,1,Pedestrian
9,650.0,901.0,682.0,965.0,5,0,0,1,Pedestrian
9,650.0,901.0,682.0,965.0,6,0,0,1,Pedestrian
9,650.0,901.0,682.0,965.0,7,0,0,1,Pedestrian
9,650.0,901.0,682.0,965.0,8,0,0,1,Pedestrian
9,650.0,901.0,682.0,965.0,9,0,0,1,Pedestrian
9,650.0,901.0,682.0,965.0,10,0,0,1,Pedestrian
9,650.0,901.0,682.0,965.0,11,0,0,1,Pedestrian
9,650.0,901.0,682.0,965.0,12,0,0,1,Pedestrian
9,650.0,901.0,682.0,965.0,13,0,0,1,Pedestrian
9,650.0,901.0,682.0,965.0,14,0,0,1,Pedestrian
9,650.0,901.0,682.0,965.0,15,0,0,1,Pedestrian
9,650.0,901.0,682.0,965.0,16,0,0,1,Pedestrian
9,650.0,901.0,682.0,965.0,17,0,0,1,Pedestrian
9,650.0,901.0,682.0,965.0,18,0,0,1,Pedestrian
9,650.0,901.0,682.0,965.0,19,0,0,1,Pedestrian
9,650.0,901.0,682.0,965.0,20,0,0,1,Pedestrian
9,650.0,901.0,682.0,965.0,21,0,0,1,Pedestrian
9,650.0,901.0,682.0,965.0,22,0,0,1,Pedestrian
9,650.0,901.0,682.0,965.0,23,0,0,1,Pedestrian
9,650.0,901.0,682.0,965.0,24,0,0,1,Pedestrian
9,650.0,901.0,682.0,965.0,25,0,0,1,Pedestrian
9,650.0,901.0,682.0,965.0,26,0,0,1,Pedestrian
9,650.0,901.0,682.0,965.0,27,0,0,1,Pedestrian
9,650.0,901.0,682.0,965.0,28,0,0,1,Pedestrian
9,650.0,901.0,682.0,965.0,29,0,0,1,Pedestrian
9,650.0,901.0,682.0,965.0,30,0,0,1,Pedestrian
9,650.0,901.0,682.0,965.0,31,0,0,1,Pedestrian
9,650.0,901.0,682.0,965.0,32,0,0,1,Pedestrian
9,650.0,901.0,682.0,965.0,33,0,0,1,Pedestrian
9,650.0,901.0,682.0,965.0,34,0,0,1,Pedestrian
9,650.0,901.0,682.0,965.0,35,0,0,1,Pedestrian
9,650.0,901.0,682.0,965.0,36,0,0,1,Pedestrian
9,650.0,901.0,682.0,965.0,37,0,0,1,Pedestrian
9,650.0,901.0,682.0,965.0,38,0,0,1,Pedestrian
9,650.0,901.0,682.0,965.0,39,0,0,1,Pedestrian
9,650.0,901.0,682.0,965.0,40,0,0,1,Pedestrian
9,650.0,901.0,682.0,965.0,41,0,0,1,Pedestrian
9,650.0,901.0,682.0,965.0,42,0,0,1,Pedestrian
9,650.0,901.0,682.0,965.0,43,0,0,1,Pedestrian
9,650.0,901.0,682.0,965.0,44,0,0,1,Pedestrian
9,650.0,901.0,682.0,965.0,45,0,0,1,Pedestrian
9,650.0,901.0,682.0,965.0,46,0,0,1,Pedestrian
9,650.0,901.0,682.0,965.0,47,0,0,1,Pedestrian
9,650.0,901.0,682.0,965.0,48,0,0,1,Pedestrian
9,650.0,901.0,682.0,965.0,49,0,0,1,Pedestrian
9,650.0,901.0,682.0,965.0,50,0,0,1,Pedestrian
9,650.0,901.0,682.0,965.0,51,0,0,1,Pedestrian
9,650.0,901.0,682.0,965.0,52,0,0,1,Pedestrian
9,650.0,901.0,682.0,965.0,53,0,0,1,Pedestrian
9,650.0,901.0,682.0,965.0,54,0,0,1,Pedestrian
9,650.0,901.0,682.0,965.0,55,0,0,1,Pedestrian
9,650.0,901.0,682.0,965.0,56,0,0,1,Pedestrian
9,650.0,901.0,682.0,965.0,57,0,0,1,Pedestrian
9,650.0,901.0,682.0,965.0,58,0,0,1,Pedestrian
9,650.0,901.0,682.0,965.0,59,0,0,1,Pedestrian
9,650.0,901.0,682.0,965.0,60,0,0,1,Pedestrian
9,650.0,901.0,682.0,965.0,61,0,0,1,Pedestrian
9,650.0,901.0,682.0,965.0,62,0,0,1,Pedestrian
9,650.0,901.0,682.0,965.0,63,0,0,1,Pedestrian
9,650.0,901.0,682.0,965.0,64,0,0,1,Pedestrian
9,650.0,901.0,682.0,965.0,65,0,0,1,Pedestrian
9,650.0,901.0,682.0,965.0,66,0,0,1,Pedestrian
9,650.0,901.0,682.0,965.0,67,0,0,1,Pedestrian
9,650.0,901.0,682.0,965.0,68,0,0,1,Pedestrian
9,650.0,901.0,682.0,965.0,69,0,0,1,Pedestrian
9,650.0,901.0,682.0,965.0,70,0,0,1,Pedestrian
9,650.0,901.0,682.0,965.0,71,0,0,1,Pedestrian
9,650.0,901.0,682.0,965.0,72,0,0,1,Pedestrian
9,650.0,901.0,682.0,965.0,73,0,0,1,Pedestrian
9,650.0,901.0,682.0,965.0,74,0,0,1,Pedestrian
9,650.0,901.0,682.0,965.0,75,0,0,1,Pedestrian
9,650.0,901.0,682.0,965.0,76,0,0,1,Pedestrian
9,650.0,901.0,682.0,965.0,77,0,0,1,Pedestrian
9,650.0,901.0,682.0,965.0,78,0,0,1,Pedestrian
9,650.0,901.0,682.0,965.0,79,0,0,1,Pedestrian
9,650.0,901.0,682.0,965.0,80,0,0,1,Pedestrian
9,650.0,901.0,682.0,965.0,81,0,0,1,Pedestrian
9,650.0,901.0,682.0,965.0,82,0,0,1,Pedestrian
9,650.0,901.0,682.0,965.0,83,0,0,1,Pedestrian
9,650.0,901.0,682.0,965.0,84,0,0,1,Pedestrian
9,650.0,901.0,682.0,965.0,85,0,0,1,Pedestrian
9,650.0,901.0,682.0,965.0,86,0,0,1,Pedestrian
9,650.0,901.0,682.0,965.0,87,0,0,1,Pedestrian
9,650.0,901.0,682.0,965.0,88,0,0,1,Pedestrian
9,650.0,901.0,682.0,965.0,89,0,0,1,Pedestrian
9,650.0,901.0,682.0,965.0,90,0,0,1,Pedestrian
9,650.0,901.0,682.0,965.0,91,0,0,1,Pedestrian
9,650.0,901.0,682.0,965.0,92,0,0,1,Pedestrian
9,650.0,901.0,682.0,965.0,93,0,0,1,Pedestrian
9,650.0,901.0,682.0,965.0,94,0,0,1,Pedestrian
9,650.0,901.0,682.0,965.0,95,0,0,1,Pedestrian
9,650.0,901.0,682.0,965.0,96,0,0,1,Pedestrian
9,650.0,901.0,682.0,965.0,97,0,0,1,Pedestrian
9,650.0,901.0,682.0,965.0,98,0,0,1,Pedestrian
9,650.0,901.0,682.0,965.0,99,0,0,1,Pedestrian
9,650.0,901.0,682.0,965.0,100,0,0,1,Pedestrian
9,650.0,901.0,682.0,965.0,101,0,0,1,Pedestrian
9,650.0,901.0,682.0,965.0,102,0,0,1,Pedestrian
9,650.0,901.0,682.0,965.0,103,0,0,1,Pedestrian
9,650.0,901.0,682.0,965.0,104,0,0,1,Pedestrian
9,650.0,901.0,682.0,965.0,105,0,0,1,Pedestrian
9,650.0,901.0,682.0,965.0,106,0,0,1,Pedestrian
9,650.0,901.0,682.0,965.0,107,0,0,1,Pedestrian
9,650.0,901.0,682.0,965.0,108,0,0,1,Pedestrian
9,650.0,901.0,682.0,965.0,109,0,0,1,Pedestrian
9,650.0,901.0,682.0,965.0,110,0,0,1,Pedestrian
9,650.0,901.0,682.0,965.0,111,0,0,1,Pedestrian
9,650.0,901.0,682.0,965.0,112,0,0,1,Pedestrian
9,650.0,901.0,682.0,965.0,113,0,0,1,Pedestrian
9,650.0,901.0,682.0,965.0,114,0,0,1,Pedestrian
9,650.0,901.0,682.0,965.0,115,0,0,1,Pedestrian
9,650.0,901.0,682.0,965.0,116,0,0,1,Pedestrian
9,650.0,901.0,682.0,965.0,117,0,0,1,Pedestrian
9,650.0,901.0,682.0,965.0,118,0,0,1,Pedestrian
9,650.0,901.0,682.0,965.0,119,0,0,1,Pedestrian
9,650.0,901.0,682.0,965.0,120,0,0,1,Pedestrian
9,650.0,901.0,682.0,965.0,121,0,0,1,Pedestrian
9,650.0,901.0,682.0,965.0,122,0,0,1,Pedestrian
9,650.0,901.0,682.0,965.0,123,0,0,1,Pedestrian
9,650.0,901.0,682.0,965.0,124,0,0,1,Pedestrian
9,650.0,901.0,682.0,965.0,125,0,0,1,Pedestrian
9,650.0,901.0,682.0,965.0,126,0,0,1,Pedestrian
9,650.0,901.0,682.0,965.0,127,0,0,1,Pedestrian
9,650.0,901.0,682.0,965.0,128,0,0,1,Pedestrian
9,650.0,901.0,682.0,965.0,129,0,0,1,Pedestrian
9,650.0,901.0,682.0,965.0,130,0,0,1,Pedestrian
9,650.0,901.0,682.0,965.0,131,0,0,1,Pedestrian
9,650.0,901.0,682.0,965.0,132,0,0,1,Pedestrian
9,650.0,901.0,682.0,965.0,133,0,0,1,Pedestrian
9,650.0,901.0,682.0,965.0,134,0,0,1,Pedestrian
9,650.0,901.0,682.0,965.0,135,0,0,1,Pedestrian
9,650.0,901.0,682.0,965.0,136,0,0,1,Pedestrian
9,650.0,901.0,682.0,965.0,137,0,0,1,Pedestrian
9,650.0,901.0,682.0,965.0,138,0,0,1,Pedestrian
9,650.0,901.0,682.0,965.0,139,0,0,1,Pedestrian
9,650.0,901.0,682.0,965.0,140,0,0,1,Pedestrian
9,650.0,901.0,682.0,965.0,141,0,0,1,Pedestrian
9,650.0,901.0,682.0,965.0,142,0,0,1,Pedestrian
9,650.0,901.0,682.0,965.0,143,0,0,1,Pedestrian
9,650.0,901.0,682.0,965.0,144,0,0,1,Pedestrian
9,650.0,901.0,682.0,965.0,145,0,0,1,Pedestrian
9,650.0,901.0,682.0,965.0,146,0,0,1,Pedestrian
9,650.0,901.0,682.0,965.0,147,0,0,1,Pedestrian
9,650.0,901.0,682.0,965.0,148,0,0,1,Pedestrian
9,650.0,901.0,682.0,965.0,149,0,0,1,Pedestrian
9,650.0,901.0,682.0,965.0,150,0,0,1,Pedestrian
9,650.0,901.0,682.0,965.0,151,0,0,1,Pedestrian
9,650.0,901.0,682.0,965.0,152,0,0,1,Pedestrian
9,650.0,901.0,682.0,965.0,153,0,0,1,Pedestrian
9,650.0,901.0,682.0,965.0,154,0,0,1,Pedestrian
9,650.0,901.0,682.0,965.0,155,0,0,1,Pedestrian
9,650.0,901.0,682.0,965.0,156,0,0,1,Pedestrian
9,650.0,901.0,682.0,965.0,157,0,0,1,Pedestrian
9,650.0,901.0,682.0,965.0,158,0,0,1,Pedestrian
9,650.0,901.0,682.0,965.0,159,0,0,1,Pedestrian
9,650.0,901.0,682.0,965.0,160,0,0,1,Pedestrian
9,650.0,901.0,682.0,965.0,161,0,0,1,Pedestrian
9,650.0,901.0,682.0,965.0,162,0,0,1,Pedestrian
9,650.0,901.0,682.0,965.0,163,0,0,1,Pedestrian
9,650.0,901.0,682.0,965.0,164,0,0,1,Pedestrian
9,650.0,901.0,682.0,965.0,165,0,0,1,Pedestrian
9,650.0,901.0,682.0,965.0,166,0,0,1,Pedestrian
9,650.0,901.0,682.0,965.0,167,0,0,1,Pedestrian
9,650.0,901.0,682.0,965.0,168,0,0,1,Pedestrian
9,650.0,901.0,682.0,965.0,169,0,0,1,Pedestrian
9,650.0,901.0,682.0,965.0,170,0,0,1,Pedestrian
9,650.0,901.0,682.0,965.0,171,0,0,1,Pedestrian
9,650.0,901.0,682.0,965.0,172,0,0,1,Pedestrian
9,650.0,901.0,682.0,965.0,173,0,0,1,Pedestrian
9,650.0,901.0,682.0,965.0,174,0,0,1,Pedestrian
9,650.0,901.0,682.0,965.0,175,0,0,1,Pedestrian
9,650.0,901.0,682.0,965.0,176,0,0,1,Pedestrian
9,650.0,901.0,682.0,965.0,177,0,0,1,Pedestrian
9,650.0,901.0,682.0,965.0,178,0,0,1,Pedestrian
9,650.0,901.0,682.0,965.0,179,0,0,1,Pedestrian
9,650.0,901.0,682.0,965.0,180,0,0,1,Pedestrian
9,650.0,901.0,682.0,965.0,181,0,0,1,Pedestrian
9,650.0,901.0,682.0,965.0,182,0,0,1,Pedestrian
9,650.0,901.0,682.0,965.0,183,0,0,1,Pedestrian
9,650.0,901.0,682.0,965.0,184,0,0,1,Pedestrian
9,650.0,901.0,682.0,965.0,185,0,0,1,Pedestrian
9,650.0,901.0,682.0,965.0,186,0,0,1,Pedestrian
9,650.0,901.0,682.0,965.0,187,0,0,1,Pedestrian
9,650.0,901.0,682.0,965.0,188,0,0,1,Pedestrian
9,650.0,901.0,682.0,965.0,189,0,0,1,Pedestrian
9,650.0,901.0,682.0,965.0,190,0,0,1,Pedestrian
9,650.0,901.0,682.0,965.0,191,0,0,1,Pedestrian
9,650.0,901.0,682.0,965.0,192,0,0,1,Pedestrian
9,650.0,901.0,682.0,965.0,193,0,0,1,Pedestrian
9,650.0,901.0,682.0,965.0,194,0,0,1,Pedestrian
9,650.0,901.0,682.0,965.0,195,0,0,1,Pedestrian
9,650.0,901.0,682.0,965.0,196,0,0,1,Pedestrian
9,650.0,901.0,682.0,965.0,197,0,0,1,Pedestrian
9,650.0,901.0,682.0,965.0,198,0,0,1,Pedestrian
9,650.0,901.0,682.0,965.0,199,0,0,1,Pedestrian
9,650.0,901.0,682.0,965.0,200,0,0,1,Pedestrian
9,650.0,901.0,682.0,965.0,201,0,0,1,Pedestrian
9,650.0,901.0,682.0,965.0,202,0,0,1,Pedestrian
9,650.0,901.0,682.0,965.0,203,0,0,1,Pedestrian
9,650.0,901.0,682.0,965.0,204,0,0,1,Pedestrian
9,650.0,901.0,682.0,965.0,205,0,0,1,Pedestrian
9,650.0,901.0,682.0,965.0,206,0,0,1,Pedestrian
9,650.0,901.0,682.0,965.0,207,0,0,1,Pedestrian
9,650.0,901.0,682.0,965.0,208,0,0,1,Pedestrian
9,650.0,901.0,682.0,965.0,209,0,0,1,Pedestrian
9,650.0,901.0,682.0,965.0,210,0,0,1,Pedestrian
9,650.0,901.0,682.0,965.0,211,0,0,1,Pedestrian
9,650.0,901.0,682.0,965.0,212,0,0,1,Pedestrian
9,650.0,901.0,682.0,965.0,213,0,0,1,Pedestrian
9,650.0,901.0,682.0,965.0,214,0,0,1,Pedestrian
9,650.0,901.0,682.0,965.0,215,0,0,1,Pedestrian
9,650.0,901.0,682.0,965.0,216,0,0,1,Pedestrian
9,650.0,901.0,682.0,965.0,217,0,0,1,Pedestrian
9,650.0,901.0,682.0,965.0,218,0,0,1,Pedestrian
9,650.0,901.0,682.0,965.0,219,0,0,1,Pedestrian
9,650.0,901.0,682.0,965.0,220,0,0,1,Pedestrian
9,650.0,901.0,682.0,965.0,221,0,0,1,Pedestrian
9,650.0,901.0,682.0,965.0,222,0,0,1,Pedestrian
9,650.0,901.0,682.0,965.0,223,0,0,1,Pedestrian
9,650.0,901.0,682.0,965.0,224,0,0,1,Pedestrian
9,650.0,901.0,682.0,965.0,225,0,0,1,Pedestrian
9,650.0,901.0,682.0,965.0,226,0,0,1,Pedestrian
9,650.0,901.0,682.0,965.0,227,0,0,1,Pedestrian
9,650.0,901.0,682.0,965.0,228,0,0,1,Pedestrian
9,650.0,901.0,682.0,965.0,229,0,0,1,Pedestrian
9,650.0,901.0,682.0,965.0,230,0,0,1,Pedestrian
9,650.0,901.0,682.0,965.0,231,0,0,1,Pedestrian
9,650.0,901.0,682.0,965.0,232,0,0,1,Pedestrian
9,650.0,901.0,682.0,965.0,233,0,0,1,Pedestrian
9,650.0,901.0,682.0,965.0,234,0,0,1,Pedestrian
9,650.0,901.0,682.0,965.0,235,0,0,1,Pedestrian
9,650.0,901.0,682.0,965.0,236,0,0,1,Pedestrian
9,650.0,901.0,682.0,965.0,237,0,0,1,Pedestrian
9,650.0,901.0,682.0,965.0,238,0,0,1,Pedestrian
9,650.0,901.0,682.0,965.0,239,0,0,1,Pedestrian
9,650.0,901.0,682.0,965.0,240,0,0,1,Pedestrian
9,650.0,901.0,682.0,965.0,241,0,0,1,Pedestrian
9,650.0,901.0,682.0,965.0,242,0,0,1,Pedestrian
9,650.0,901.0,682.0,965.0,243,0,0,1,Pedestrian
9,650.0,901.0,682.0,965.0,244,0,0,1,Pedestrian
9,650.0,901.0,682.0,965.0,245,0,0,1,Pedestrian
9,650.0,901.0,682.0,965.0,246,0,0,1,Pedestrian
9,650.0,901.0,682.0,965.0,247,0,0,1,Pedestrian
9,650.0,901.0,682.0,965.0,248,0,0,1,Pedestrian
9,650.0,901.0,682.0,965.0,249,0,0,1,Pedestrian
9,650.0,901.0,682.0,965.0,250,0,0,1,Pedestrian
9,650.0,901.0,682.0,965.0,251,0,0,1,Pedestrian
9,650.0,901.0,682.0,965.0,252,0,0,1,Pedestrian
9,650.0,901.0,682.0,965.0,253,0,0,1,Pedestrian
9,650.0,901.0,682.0,965.0,254,0,0,1,Pedestrian
9,650.0,901.0,682.0,965.0,255,0,0,1,Pedestrian
9,650.0,901.0,682.0,965.0,256,0,0,1,Pedestrian
9,650.0,901.0,682.0,965.0,257,0,0,1,Pedestrian
9,650.0,901.0,682.0,965.0,258,0,0,1,Pedestrian
9,650.0,901.0,682.0,965.0,259,0,0,1,Pedestrian
9,650.0,901.0,682.0,965.0,260,0,0,1,Pedestrian
9,650.0,901.0,682.0,965.0,261,0,0,1,Pedestrian
9,650.0,901.0,682.0,965.0,262,0,0,1,Pedestrian
9,650.0,901.0,682.0,965.0,263,0,0,1,Pedestrian
9,650.0,901.0,682.0,965.0,264,0,0,1,Pedestrian
9,650.0,901.0,682.0,965.0,265,0,0,1,Pedestrian
9,650.0,901.0,682.0,965.0,266,0,0,1,Pedestrian
9,650.0,901.0,682.0,965.0,267,0,0,1,Pedestrian
9,650.0,901.0,682.0,965.0,268,0,0,1,Pedestrian
9,650.0,901.0,682.0,965.0,269,0,0,1,Pedestrian
9,650.0,901.0,682.0,965.0,270,0,0,1,Pedestrian
9,650.0,901.0,682.0,965.0,271,0,0,1,Pedestrian
9,650.0,901.0,682.0,965.0,272,0,0,1,Pedestrian
9,650.0,901.0,682.0,965.0,273,0,0,1,Pedestrian
9,650.0,901.0,682.0,965.0,274,0,0,1,Pedestrian
9,650.0,901.0,682.0,965.0,275,0,0,1,Pedestrian
9,650.0,901.0,682.0,965.0,276,0,0,1,Pedestrian
9,650.0,901.0,682.0,965.0,277,0,0,1,Pedestrian
9,650.0,901.0,682.0,965.0,278,0,0,1,Pedestrian
9,650.0,901.0,682.0,965.0,279,0,0,1,Pedestrian
9,650.0,901.0,682.0,965.0,280,0,0,1,Pedestrian
9,650.0,901.0,682.0,965.0,281,0,0,1,Pedestrian
9,650.0,901.0,682.0,965.0,282,0,0,1,Pedestrian
9,650.0,901.0,682.0,965.0,283,0,0,1,Pedestrian
9,650.0,901.0,682.0,965.0,284,0,0,1,Pedestrian
9,650.0,901.0,682.0,965.0,285,0,0,1,Pedestrian
9,650.0,901.0,682.0,965.0,286,0,0,1,Pedestrian
9,650.0,901.0,682.0,965.0,287,0,0,1,Pedestrian
9,650.0,901.0,682.0,965.0,288,0,0,1,Pedestrian
9,650.0,901.0,682.0,965.0,289,0,0,1,Pedestrian
9,650.0,901.0,682.0,965.0,290,0,0,1,Pedestrian
9,650.0,901.0,682.0,965.0,291,0,0,1,Pedestrian
9,650.0,901.0,682.0,965.0,292,0,0,1,Pedestrian
9,650.0,901.0,682.0,965.0,293,0,0,1,Pedestrian
9,650.0,901.0,682.0,965.0,294,0,0,1,Pedestrian
9,650.0,901.0,682.0,965.0,295,0,0,1,Pedestrian
9,650.0,901.0,682.0,965.0,296,0,0,1,Pedestrian
9,650.0,901.0,682.0,965.0,297,0,0,1,Pedestrian
9,650.0,901.0,682.0,965.0,298,0,0,1,Pedestrian
9,650.0,901.0,682.0,965.0,299,0,0,1,Pedestrian
9,650.0,901.0,682.0,965.0,300,0,0,1,Pedestrian
9,650.0,901.0,682.0,965.0,301,0,0,1,Pedestrian
9,650.0,901.0,682.0,965.0,302,0,0,1,Pedestrian
9,650.0,901.0,682.0,965.0,303,0,0,1,Pedestrian
9,650.0,901.0,682.0,965.0,304,0,0,1,Pedestrian
9,650.0,901.0,682.0,965.0,305,0,0,1,Pedestrian
9,650.0,901.0,682.0,965.0,306,0,0,1,Pedestrian
9,650.0,901.0,682.0,965.0,307,0,0,1,Pedestrian
9,650.0,901.0,682.0,965.0,308,0,0,1,Pedestrian
9,650.0,901.0,682.0,965.0,309,0,0,1,Pedestrian
9,650.0,901.0,682.0,965.0,310,0,0,1,Pedestrian
9,650.0,901.0,682.0,965.0,311,0,0,1,Pedestrian
9,650.0,901.0,682.0,965.0,312,0,0,1,Pedestrian
9,650.0,901.0,682.0,965.0,313,0,0,1,Pedestrian
9,650.0,901.0,682.0,965.0,314,0,0,1,Pedestrian
9,650.0,901.0,682.0,965.0,315,0,0,1,Pedestrian
9,650.0,901.0,682.0,965.0,316,0,0,1,Pedestrian
9,650.0,901.0,682.0,965.0,317,0,0,1,Pedestrian
9,650.0,901.0,682.0,965.0,318,0,0,1,Pedestrian
9,650.0,901.0,682.0,965.0,319,0,0,1,Pedestrian
9,650.0,901.0,682.0,965.0,320,0,0,1,Pedestrian
9,650.0,901.0,682.0,965.0,321,0,0,1,Pedestrian
9,650.0,901.0,682.0,965.0,322,0,0,1,Pedestrian
9,650.0,901.0,682.0,965.0,323,0,0,1,Pedestrian
9,650.0,901.0,682.0,965.0,324,0,0,1,Pedestrian
9,650.0,901.0,682.0,965.0,325,0,0,1,Pedestrian
9,650.0,901.0,682.0,965.0,326,0,0,1,Pedestrian
9,650.0,901.0,682.0,965.0,327,0,0,1,Pedestrian
9,650.0,901.0,682.0,965.0,328,0,0,1,Pedestrian
9,650.0,901.0,682.0,965.0,329,0,0,1,Pedestrian
9,650.0,901.0,682.0,965.0,330,0,0,1,Pedestrian
9,650.0,901.0,682.0,965.0,331,0,0,1,Pedestrian
9,650.0,901.0,682.0,965.0,332,0,0,1,Pedestrian
9,650.0,901.0,682.0,965.0,333,0,0,1,Pedestrian
9,650.0,901.0,682.0,965.0,334,0,0,1,Pedestrian
9,650.0,901.0,682.0,965.0,335,0,0,1,Pedestrian
9,650.0,901.0,682.0,965.0,336,0,0,1,Pedestrian
9,650.0,901.0,682.0,965.0,337,0,0,1,Pedestrian
9,650.0,901.0,682.0,965.0,338,0,0,1,Pedestrian
9,650.0,901.0,682.0,965.0,339,0,0,1,Pedestrian
9,650.0,901.0,682.0,965.0,340,0,0,1,Pedestrian
9,650.0,901.0,682.0,965.0,341,0,0,1,Pedestrian
9,650.0,901.0,682.0,965.0,342,0,0,1,Pedestrian
9,650.0,901.0,682.0,965.0,343,0,0,1,Pedestrian
9,650.0,901.0,682.0,965.0,344,0,0,1,Pedestrian
9,650.0,901.0,682.0,965.0,345,0,0,1,Pedestrian
9,650.0,901.0,682.0,965.0,346,0,0,1,Pedestrian
9,650.0,901.0,682.0,965.0,347,0,0,1,Pedestrian
9,650.0,901.0,682.0,965.0,348,0,0,1,Pedestrian
9,650.0,901.0,682.0,965.0,349,0,0,1,Pedestrian
9,650.0,901.0,682.0,965.0,350,0,0,1,Pedestrian
9,650.0,901.0,682.0,965.0,351,0,0,1,Pedestrian
9,650.0,901.0,682.0,965.0,352,0,0,1,Pedestrian
9,650.0,901.0,682.0,965.0,353,0,0,1,Pedestrian
9,650.0,901.0,682.0,965.0,354,0,0,1,Pedestrian
9,650.0,901.0,682.0,965.0,355,0,0,1,Pedestrian
9,650.0,901.0,682.0,965.0,356,0,0,1,Pedestrian
9,650.0,901.0,682.0,965.0,357,0,0,1,Pedestrian
9,650.0,901.0,682.0,965.0,358,0,0,1,Pedestrian
9,650.0,901.0,682.0,965.0,359,0,0,1,Pedestrian
9,650.0,901.0,682.0,965.0,360,0,0,1,Pedestrian
9,650.0,901.0,682.0,965.0,361,0,0,1,Pedestrian
9,650.0,901.0,682.0,965.0,362,0,0,1,Pedestrian
9,650.0,901.0,682.0,965.0,363,0,0,1,Pedestrian
9,650.0,901.0,682.0,965.0,364,0,0,1,Pedestrian
9,650.0,901.0,682.0,965.0,365,0,0,1,Pedestrian
9,650.0,901.0,682.0,965.0,366,0,0,1,Pedestrian
9,650.0,901.0,682.0,965.0,367,0,0,1,Pedestrian
9,650.0,901.0,682.0,965.0,368,0,0,1,Pedestrian
9,650.0,901.0,682.0,965.0,369,0,0,1,Pedestrian
9,650.0,901.0,682.0,965.0,370,0,0,1,Pedestrian
9,650.0,901.0,682.0,965.0,371,0,0,1,Pedestrian
9,650.0,901.0,682.0,965.0,372,0,0,1,Pedestrian
9,650.0,901.0,682.0,965.0,373,0,0,1,Pedestrian
9,650.0,901.0,682.0,965.0,374,0,0,1,Pedestrian
9,650.0,901.0,682.0,965.0,375,0,0,1,Pedestrian
9,650.0,901.0,682.0,965.0,376,0,0,1,Pedestrian
9,650.0,901.0,682.0,965.0,377,0,0,1,Pedestrian
9,650.0,901.0,682.0,965.0,378,0,0,1,Pedestrian
9,650.0,901.0,682.0,965.0,379,0,0,1,Pedestrian
9,650.0,901.0,682.0,965.0,380,0,0,1,Pedestrian
9,650.0,901.0,682.0,965.0,381,0,0,1,Pedestrian
9,650.0,901.0,682.0,965.0,382,0,0,1,Pedestrian
9,650.0,901.0,682.0,965.0,383,0,0,1,Pedestrian
9,650.0,901.0,682.0,965.0,384,0,0,1,Pedestrian
9,650.0,901.0,682.0,965.0,385,0,0,1,Pedestrian
9,650.0,901.0,682.0,965.0,386,0,0,1,Pedestrian
9,650.0,901.0,682.0,965.0,387,0,0,1,Pedestrian
9,650.0,901.0,682.0,965.0,388,0,0,1,Pedestrian
9,650.0,901.0,682.0,965.0,389,0,0,1,Pedestrian
9,650.0,901.0,682.0,965.0,390,0,0,1,Pedestrian
9,650.0,901.0,682.0,965.0,391,0,0,1,Pedestrian
9,650.0,901.0,682.0,965.0,392,0,0,1,Pedestrian
9,650.0,901.0,682.0,965.0,393,0,0,1,Pedestrian
9,650.0,901.0,682.0,965.0,394,0,0,1,Pedestrian
9,650.0,901.0,682.0,965.0,395,0,0,1,Pedestrian
9,650.0,901.0,682.0,965.0,396,0,0,1,Pedestrian
9,650.0,901.0,682.0,965.0,397,0,0,1,Pedestrian
9,650.0,901.0,682.0,965.0,398,0,0,1,Pedestrian
9,650.0,901.0,682.0,965.0,399,0,0,1,Pedestrian
9,650.0,901.0,682.0,965.0,400,0,0,1,Pedestrian
9,650.0,901.0,682.0,965.0,401,0,0,1,Pedestrian
9,650.0,901.0,682.0,965.0,402,0,0,1,Pedestrian
9,650.0,901.0,682.0,965.0,403,0,0,1,Pedestrian
9,650.0,901.0,682.0,965.0,404,0,0,1,Pedestrian
9,650.0,901.0,682.0,965.0,405,0,0,1,Pedestrian
9,650.0,901.0,682.0,965.0,406,0,0,1,Pedestrian
9,650.0,901.0,682.0,965.0,407,0,0,1,Pedestrian
9,650.0,901.0,682.0,965.0,408,0,0,1,Pedestrian
9,650.0,901.0,682.0,965.0,409,0,0,1,Pedestrian
9,650.0,901.0,682.0,965.0,410,0,0,1,Pedestrian
9,650.0,901.0,682.0,965.0,411,0,0,1,Pedestrian
9,650.0,901.0,682.0,965.0,412,0,0,1,Pedestrian
9,650.0,901.0,682.0,965.0,413,0,0,1,Pedestrian
9,650.0,901.0,682.0,965.0,414,0,0,1,Pedestrian
9,650.0,901.0,682.0,965.0,415,0,0,1,Pedestrian
9,650.0,901.0,682.0,965.0,416,0,0,1,Pedestrian
9,650.0,901.0,682.0,965.0,417,0,0,1,Pedestrian
9,650.0,901.0,682.0,965.0,418,0,0,1,Pedestrian
9,650.0,901.0,682.0,965.0,419,0,0,1,Pedestrian
9,650.0,901.0,682.0,965.0,420,0,0,1,Pedestrian
9,650.0,901.0,682.0,965.0,421,0,0,1,Pedestrian
9,650.0,901.0,682.0,965.0,422,0,0,1,Pedestrian
9,650.0,901.0,682.0,965.0,423,0,0,1,Pedestrian
9,650.0,901.0,682.0,965.0,424,0,0,1,Pedestrian
9,650.0,901.0,682.0,965.0,425,0,0,1,Pedestrian
9,650.0,901.0,682.0,965.0,426,0,0,1,Pedestrian
9,650.0,901.0,682.0,965.0,427,0,0,1,Pedestrian
9,650.0,901.0,682.0,965.0,428,0,0,1,Pedestrian
9,650.0,901.0,682.0,965.0,429,0,0,1,Pedestrian
9,650.0,901.0,682.0,965.0,430,0,0,1,Pedestrian
9,650.0,901.0,682.0,965.0,431,0,0,1,Pedestrian
9,650.0,901.0,682.0,965.0,432,0,0,1,Pedestrian
9,650.0,901.0,682.0,965.0,433,0,0,1,Pedestrian
9,650.0,901.0,682.0,965.0,434,0,0,1,Pedestrian
9,650.0,901.0,682.0,965.0,435,0,0,1,Pedestrian
9,650.0,901.0,682.0,965.0,436,0,0,1,Pedestrian
9,650.0,901.0,682.0,965.0,437,0,0,1,Pedestrian
9,650.0,901.0,682.0,965.0,438,0,0,1,Pedestrian
9,650.0,901.0,682.0,965.0,439,0,0,1,Pedestrian
9,650.0,901.0,682.0,965.0,440,0,0,1,Pedestrian
9,650.0,901.0,682.0,965.0,441,0,0,1,Pedestrian
9,650.0,901.0,682.0,965.0,442,0,0,1,Pedestrian
9,650.0,901.0,682.0,965.0,443,0,0,1,Pedestrian
9,650.0,901.0,682.0,965.0,444,0,0,1,Pedestrian
9,650.0,901.0,682.0,965.0,445,0,0,1,Pedestrian
9,650.0,901.0,682.0,965.0,446,0,0,1,Pedestrian
9,650.0,901.0,682.0,965.0,447,0,0,1,Pedestrian
9,650.0,901.0,682.0,965.0,448,0,0,1,Pedestrian
9,650.0,901.0,682.0,965.0,449,0,0,1,Pedestrian
9,650.0,901.0,682.0,965.0,450,0,0,1,Pedestrian
9,650.0,901.0,682.0,965.0,451,0,0,1,Pedestrian
9,650.0,901.0,682.0,965.0,452,0,0,1,Pedestrian
9,650.0,901.0,682.0,965.0,453,0,0,1,Pedestrian
9,650.0,901.0,682.0,965.0,454,0,0,1,Pedestrian
9,650.0,901.0,682.0,965.0,455,0,0,1,Pedestrian
9,650.0,901.0,682.0,965.0,456,0,0,1,Pedestrian
9,650.0,901.0,682.0,965.0,457,0,0,1,Pedestrian
9,650.0,901.0,682.0,965.0,458,0,0,1,Pedestrian
9,650.0,901.0,682.0,965.0,459,0,0,1,Pedestrian
9,650.0,901.0,682.0,965.0,460,0,0,1,Pedestrian
9,650.0,901.0,682.0,965.0,461,0,0,1,Pedestrian
9,650.0,901.0,682.0,965.0,462,0,0,1,Pedestrian
9,650.0,901.0,682.0,965.0,463,0,0,1,Pedestrian
9,650.0,901.0,682.0,965.0,464,0,0,1,Pedestrian
9,650.0,901.0,682.0,965.0,465,0,0,1,Pedestrian
9,650.0,901.0,682.0,965.0,466,0,0,1,Pedestrian
9,650.0,901.0,682.0,965.0,467,0,0,1,Pedestrian
9,650.0,901.0,682.0,965.0,468,0,0,1,Pedestrian
9,650.0,901.0,682.0,965.0,469,0,0,1,Pedestrian
9,650.0,901.0,682.0,965.0,470,0,0,1,Pedestrian
9,650.0,901.0,682.0,965.0,471,0,0,1,Pedestrian
9,650.0,901.0,682.0,965.0,472,0,0,1,Pedestrian
9,650.0,901.0,682.0,965.0,473,0,0,1,Pedestrian
9,650.0,901.0,682.0,965.0,474,0,0,1,Pedestrian
9,650.0,901.0,682.0,965.0,475,0,0,1,Pedestrian
9,650.0,901.0,682.0,965.0,476,0,0,1,Pedestrian
9,650.0,901.0,682.0,965.0,477,0,0,1,Pedestrian
9,650.0,901.0,682.0,965.0,478,0,0,1,Pedestrian
9,650.0,901.0,682.0,965.0,479,0,0,1,Pedestrian
9,650.0,901.0,682.0,965.0,480,0,0,1,Pedestrian
9,650.0,901.0,682.0,965.0,481,0,0,1,Pedestrian
9,650.0,901.0,682.0,965.0,482,0,0,1,Pedestrian
9,650.0,901.0,682.0,965.0,483,0,0,1,Pedestrian
9,650.0,901.0,682.0,965.0,484,0,0,1,Pedestrian
9,650.0,901.0,682.0,965.0,485,0,0,1,Pedestrian
9,650.0,901.0,682.0,965.0,486,0,0,1,Pedestrian
9,650.0,901.0,682.0,965.0,487,0,0,1,Pedestrian
9,650.0,901.0,682.0,965.0,488,0,0,1,Pedestrian
9,650.0,901.0,682.0,965.0,489,0,0,1,Pedestrian
9,650.0,901.0,682.0,965.0,490,0,0,1,Pedestrian
9,650.0,901.0,682.0,965.0,491,0,0,1,Pedestrian
9,650.0,901.0,682.0,965.0,492,0,0,1,Pedestrian
9,650.0,901.0,682.0,965.0,493,0,0,1,Pedestrian
9,650.0,901.0,682.0,965.0,494,0,0,1,Pedestrian
9,650.0,901.0,682.0,965.0,495,0,0,1,Pedestrian
9,650.0,901.0,682.0,965.0,496,0,0,1,Pedestrian
9,650.0,901.0,682.0,965.0,497,0,0,1,Pedestrian
9,650.0,901.0,682.0,965.0,498,0,0,1,Pedestrian
9,650.0,901.0,682.0,965.0,499,0,0,1,Pedestrian
9,650.0,901.0,682.0,965.0,500,0,0,1,Pedestrian
9,650.0,901.0,682.0,965.0,501,0,0,1,Pedestrian
9,650.0,901.0,682.0,965.0,502,0,0,1,Pedestrian
9,650.0,901.0,682.0,965.0,503,0,0,1,Pedestrian
9,650.0,901.0,682.0,965.0,504,0,0,1,Pedestrian
9,650.0,901.0,682.0,965.0,505,0,0,1,Pedestrian
9,650.0,901.0,682.0,965.0,506,0,0,1,Pedestrian
9,650.0,901.0,682.0,965.0,507,0,0,1,Pedestrian
9,650.0,901.0,682.0,965.0,508,0,0,1,Pedestrian
9,650.0,901.0,682.0,965.0,509,0,0,1,Pedestrian
9,650.0,901.0,682.0,965.0,510,0,0,1,Pedestrian
9,650.0,901.0,682.0,965.0,511,0,0,1,Pedestrian
9,650.0,901.0,682.0,965.0,512,0,0,1,Pedestrian
9,650.0,901.0,682.0,965.0,513,0,0,1,Pedestrian
9,650.0,901.0,682.0,965.0,514,0,0,1,Pedestrian
9,650.0,901.0,682.0,965.0,515,0,0,1,Pedestrian
9,650.0,901.0,682.0,965.0,516,0,0,1,Pedestrian
9,650.0,901.0,682.0,965.0,517,0,0,1,Pedestrian
9,650.0,901.0,682.0,965.0,518,0,0,1,Pedestrian
9,650.0,901.0,682.0,965.0,519,0,0,1,Pedestrian
9,650.0,901.0,682.0,965.0,520,0,0,1,Pedestrian
9,650.0,901.0,682.0,965.0,521,0,0,1,Pedestrian
9,650.0,901.0,682.0,965.0,522,0,0,1,Pedestrian
9,650.0,901.0,682.0,965.0,523,0,0,1,Pedestrian
9,650.0,901.0,682.0,965.0,524,0,0,1,Pedestrian
9,650.0,901.0,682.0,965.0,525,0,0,1,Pedestrian
9,650.0,901.0,682.0,965.0,526,0,0,1,Pedestrian
9,650.0,901.0,682.0,965.0,527,0,0,1,Pedestrian
9,650.0,901.0,682.0,965.0,528,0,0,1,Pedestrian
9,650.0,901.0,682.0,965.0,529,0,0,1,Pedestrian
9,650.0,901.0,682.0,965.0,530,0,0,1,Pedestrian
9,650.0,901.0,682.0,965.0,531,0,0,0,Pedestrian
10,648.0,933.0,678.0,986.0,0,0,0,0,Pedestrian
10,648.0,933.0,678.0,986.0,1,0,0,1,Pedestrian
10,648.0,933.0,678.0,986.0,2,0,0,1,Pedestrian
10,648.0,933.0,678.0,986.0,3,0,0,1,Pedestrian
10,648.0,933.0,678.0,986.0,4,0,0,1,Pedestrian
10,648.0,933.0,678.0,986.0,5,0,0,1,Pedestrian
10,648.0,933.0,678.0,986.0,6,0,0,1,Pedestrian
10,648.0,933.0,678.0,986.0,7,0,0,1,Pedestrian
10,648.0,933.0,678.0,986.0,8,0,0,1,Pedestrian
10,648.0,933.0,678.0,986.0,9,0,0,1,Pedestrian
10,648.0,933.0,678.0,986.0,10,0,0,1,Pedestrian
10,648.0,933.0,678.0,986.0,11,0,0,1,Pedestrian
10,648.0,933.0,678.0,986.0,12,0,0,1,Pedestrian
10,648.0,933.0,678.0,986.0,13,0,0,1,Pedestrian
10,648.0,933.0,678.0,986.0,14,0,0,1,Pedestrian
10,648.0,933.0,678.0,986.0,15,0,0,1,Pedestrian
10,648.0,933.0,678.0,986.0,16,0,0,1,Pedestrian
10,648.0,933.0,678.0,986.0,17,0,0,1,Pedestrian
10,648.0,933.0,678.0,986.0,18,0,0,1,Pedestrian
10,648.0,933.0,678.0,986.0,19,0,0,1,Pedestrian
10,648.0,933.0,678.0,986.0,20,0,0,1,Pedestrian
10,648.0,933.0,678.0,986.0,21,0,0,1,Pedestrian
10,648.0,933.0,678.0,986.0,22,0,0,1,Pedestrian
10,648.0,933.0,678.0,986.0,23,0,0,1,Pedestrian
10,648.0,933.0,678.0,986.0,24,0,0,1,Pedestrian
10,648.0,933.0,678.0,986.0,25,0,0,1,Pedestrian
10,648.0,933.0,678.0,986.0,26,0,0,1,Pedestrian
10,648.0,933.0,678.0,986.0,27,0,0,1,Pedestrian
10,648.0,933.0,678.0,986.0,28,0,0,1,Pedestrian
10,648.0,933.0,678.0,986.0,29,0,0,1,Pedestrian
10,648.0,933.0,678.0,986.0,30,0,0,1,Pedestrian
10,648.0,933.0,678.0,986.0,31,0,0,1,Pedestrian
10,648.0,933.0,678.0,986.0,32,0,0,1,Pedestrian
10,648.0,933.0,678.0,986.0,33,0,0,1,Pedestrian
10,648.0,933.0,678.0,986.0,34,0,0,1,Pedestrian
10,648.0,933.0,678.0,986.0,35,0,0,1,Pedestrian
10,648.0,933.0,678.0,986.0,36,0,0,1,Pedestrian
10,648.0,933.0,678.0,986.0,37,0,0,1,Pedestrian
10,648.0,933.0,678.0,986.0,38,0,0,1,Pedestrian
10,648.0,933.0,678.0,986.0,39,0,0,1,Pedestrian
10,648.0,933.0,678.0,986.0,40,0,0,1,Pedestrian
10,648.0,933.0,678.0,986.0,41,0,0,1,Pedestrian
10,648.0,933.0,678.0,986.0,42,0,0,1,Pedestrian
10,648.0,933.0,678.0,986.0,43,0,0,1,Pedestrian
10,648.0,933.0,678.0,986.0,44,0,0,1,Pedestrian
10,648.0,933.0,678.0,986.0,45,0,0,1,Pedestrian
10,648.0,933.0,678.0,986.0,46,0,0,1,Pedestrian
10,648.0,933.0,678.0,986.0,47,0,0,1,Pedestrian
10,648.0,933.0,678.0,986.0,48,0,0,1,Pedestrian
10,648.0,933.0,678.0,986.0,49,0,0,1,Pedestrian
10,648.0,933.0,678.0,986.0,50,0,0,1,Pedestrian
10,648.0,933.0,678.0,986.0,51,0,0,1,Pedestrian
10,648.0,933.0,678.0,986.0,52,0,0,1,Pedestrian
10,648.0,933.0,678.0,986.0,53,0,0,1,Pedestrian
10,648.0,933.0,678.0,986.0,54,0,0,1,Pedestrian
10,648.0,933.0,678.0,986.0,55,0,0,1,Pedestrian
10,648.0,933.0,678.0,986.0,56,0,0,1,Pedestrian
10,648.0,933.0,678.0,986.0,57,0,0,1,Pedestrian
10,648.0,933.0,678.0,986.0,58,0,0,1,Pedestrian
10,648.0,933.0,678.0,986.0,59,0,0,1,Pedestrian
10,648.0,933.0,678.0,986.0,60,0,0,1,Pedestrian
10,648.0,933.0,678.0,986.0,61,0,0,1,Pedestrian
10,648.0,933.0,678.0,986.0,62,0,0,1,Pedestrian
10,648.0,933.0,678.0,986.0,63,0,0,1,Pedestrian
10,648.0,933.0,678.0,986.0,64,0,0,1,Pedestrian
10,648.0,933.0,678.0,986.0,65,0,0,1,Pedestrian
10,648.0,933.0,678.0,986.0,66,0,0,1,Pedestrian
10,648.0,933.0,678.0,986.0,67,0,0,1,Pedestrian
10,648.0,933.0,678.0,986.0,68,0,0,1,Pedestrian
10,648.0,933.0,678.0,986.0,69,0,0,1,Pedestrian
10,648.0,933.0,678.0,986.0,70,0,0,1,Pedestrian
10,648.0,933.0,678.0,986.0,71,0,0,1,Pedestrian
10,648.0,933.0,678.0,986.0,72,0,0,1,Pedestrian
10,648.0,933.0,678.0,986.0,73,0,0,1,Pedestrian
10,648.0,933.0,678.0,986.0,74,0,0,1,Pedestrian
10,648.0,933.0,678.0,986.0,75,0,0,1,Pedestrian
10,648.0,933.0,678.0,986.0,76,0,0,1,Pedestrian
10,648.0,933.0,678.0,986.0,77,0,0,1,Pedestrian
10,648.0,933.0,678.0,986.0,78,0,0,1,Pedestrian
10,648.0,933.0,678.0,986.0,79,0,0,1,Pedestrian
10,648.0,933.0,678.0,986.0,80,0,0,1,Pedestrian
10,648.0,933.0,678.0,986.0,81,0,0,1,Pedestrian
10,648.0,933.0,678.0,986.0,82,0,0,1,Pedestrian
10,648.0,933.0,678.0,986.0,83,0,0,1,Pedestrian
10,648.0,933.0,678.0,986.0,84,0,0,1,Pedestrian
10,648.0,933.0,678.0,986.0,85,0,0,1,Pedestrian
10,648.0,933.0,678.0,986.0,86,0,0,1,Pedestrian
10,648.0,933.0,678.0,986.0,87,0,0,1,Pedestrian
10,648.0,933.0,678.0,986.0,88,0,0,1,Pedestrian
10,648.0,933.0,678.0,986.0,89,0,0,1,Pedestrian
10,648.0,933.0,678.0,986.0,90,0,0,1,Pedestrian
10,648.0,933.0,678.0,986.0,91,0,0,1,Pedestrian
10,648.0,933.0,678.0,986.0,92,0,0,1,Pedestrian
10,648.0,933.0,678.0,986.0,93,0,0,1,Pedestrian
10,648.0,933.0,678.0,986.0,94,0,0,1,Pedestrian
10,648.0,933.0,678.0,986.0,95,0,0,1,Pedestrian
10,648.0,933.0,678.0,986.0,96,0,0,1,Pedestrian
10,648.0,933.0,678.0,986.0,97,0,0,1,Pedestrian
10,648.0,933.0,678.0,986.0,98,0,0,1,Pedestrian
10,648.0,933.0,678.0,986.0,99,0,0,1,Pedestrian
10,648.0,933.0,678.0,986.0,100,0,0,1,Pedestrian
10,648.0,933.0,678.0,986.0,101,0,0,1,Pedestrian
10,648.0,933.0,678.0,986.0,102,0,0,1,Pedestrian
10,648.0,933.0,678.0,986.0,103,0,0,1,Pedestrian
10,648.0,933.0,678.0,986.0,104,0,0,1,Pedestrian
10,648.0,933.0,678.0,986.0,105,0,0,1,Pedestrian
10,648.0,933.0,678.0,986.0,106,0,0,1,Pedestrian
10,648.0,933.0,678.0,986.0,107,0,0,1,Pedestrian
10,648.0,933.0,678.0,986.0,108,0,0,1,Pedestrian
10,648.0,933.0,678.0,986.0,109,0,0,1,Pedestrian
10,648.0,933.0,678.0,986.0,110,0,0,1,Pedestrian
10,648.0,933.0,678.0,986.0,111,0,0,1,Pedestrian
10,648.0,933.0,678.0,986.0,112,0,0,1,Pedestrian
10,648.0,933.0,678.0,986.0,113,0,0,1,Pedestrian
10,648.0,933.0,678.0,986.0,114,0,0,1,Pedestrian
10,648.0,933.0,678.0,986.0,115,0,0,1,Pedestrian
10,648.0,933.0,678.0,986.0,116,0,0,1,Pedestrian
10,648.0,933.0,678.0,986.0,117,0,0,1,Pedestrian
10,648.0,933.0,678.0,986.0,118,0,0,1,Pedestrian
10,648.0,933.0,678.0,986.0,119,0,0,1,Pedestrian
10,648.0,933.0,678.0,986.0,120,0,0,1,Pedestrian
10,648.0,933.0,678.0,986.0,121,0,0,1,Pedestrian
10,648.0,933.0,678.0,986.0,122,0,0,1,Pedestrian
10,648.0,933.0,678.0,986.0,123,0,0,1,Pedestrian
10,648.0,933.0,678.0,986.0,124,0,0,1,Pedestrian
10,648.0,933.0,678.0,986.0,125,0,0,1,Pedestrian
10,648.0,933.0,678.0,986.0,126,0,0,1,Pedestrian
10,648.0,933.0,678.0,986.0,127,0,0,1,Pedestrian
10,648.0,933.0,678.0,986.0,128,0,0,1,Pedestrian
10,648.0,933.0,678.0,986.0,129,0,0,1,Pedestrian
10,648.0,933.0,678.0,986.0,130,0,0,1,Pedestrian
10,648.0,933.0,678.0,986.0,131,0,0,1,Pedestrian
10,648.0,933.0,678.0,986.0,132,0,0,1,Pedestrian
10,648.0,933.0,678.0,986.0,133,0,0,1,Pedestrian
10,648.0,933.0,678.0,986.0,134,0,0,1,Pedestrian
10,648.0,933.0,678.0,986.0,135,0,0,1,Pedestrian
10,648.0,933.0,678.0,986.0,136,0,0,1,Pedestrian
10,648.0,933.0,678.0,986.0,137,0,0,1,Pedestrian
10,648.0,933.0,678.0,986.0,138,0,0,1,Pedestrian
10,648.0,933.0,678.0,986.0,139,0,0,1,Pedestrian
10,648.0,933.0,678.0,986.0,140,0,0,1,Pedestrian
10,648.0,933.0,678.0,986.0,141,0,0,1,Pedestrian
10,648.0,933.0,678.0,986.0,142,0,0,1,Pedestrian
10,648.0,933.0,678.0,986.0,143,0,0,1,Pedestrian
10,648.0,933.0,678.0,986.0,144,0,0,1,Pedestrian
10,648.0,933.0,678.0,986.0,145,0,0,1,Pedestrian
10,648.0,933.0,678.0,986.0,146,0,0,1,Pedestrian
10,648.0,933.0,678.0,986.0,147,0,0,1,Pedestrian
10,648.0,933.0,678.0,986.0,148,0,0,1,Pedestrian
10,648.0,933.0,678.0,986.0,149,0,0,1,Pedestrian
10,648.0,933.0,678.0,986.0,150,0,0,1,Pedestrian
10,648.0,933.0,678.0,986.0,151,0,0,1,Pedestrian
10,648.0,933.0,678.0,986.0,152,0,0,1,Pedestrian
10,648.0,933.0,678.0,986.0,153,0,0,1,Pedestrian
10,648.0,933.0,678.0,986.0,154,0,0,1,Pedestrian
10,648.0,933.0,678.0,986.0,155,0,0,1,Pedestrian
10,648.0,933.0,678.0,986.0,156,0,0,1,Pedestrian
10,648.0,933.0,678.0,986.0,157,0,0,1,Pedestrian
10,648.0,933.0,678.0,986.0,158,0,0,1,Pedestrian
10,648.0,933.0,678.0,986.0,159,0,0,1,Pedestrian
10,648.0,933.0,678.0,986.0,160,0,0,1,Pedestrian
10,648.0,933.0,678.0,986.0,161,0,0,1,Pedestrian
10,648.0,933.0,678.0,986.0,162,0,0,1,Pedestrian
10,648.0,933.0,678.0,986.0,163,0,0,1,Pedestrian
10,648.0,933.0,678.0,986.0,164,0,0,1,Pedestrian
10,648.0,933.0,678.0,986.0,165,0,0,1,Pedestrian
10,648.0,933.0,678.0,986.0,166,0,0,1,Pedestrian
10,648.0,933.0,678.0,986.0,167,0,0,1,Pedestrian
10,648.0,933.0,678.0,986.0,168,0,0,1,Pedestrian
10,648.0,933.0,678.0,986.0,169,0,0,1,Pedestrian
10,648.0,933.0,678.0,986.0,170,0,0,1,Pedestrian
10,648.0,933.0,678.0,986.0,171,0,0,1,Pedestrian
10,648.0,933.0,678.0,986.0,172,0,0,1,Pedestrian
10,648.0,933.0,678.0,986.0,173,0,0,1,Pedestrian
10,648.0,933.0,678.0,986.0,174,0,0,1,Pedestrian
10,648.0,933.0,678.0,986.0,175,0,0,1,Pedestrian
10,648.0,933.0,678.0,986.0,176,0,0,1,Pedestrian
10,648.0,933.0,678.0,986.0,177,0,0,1,Pedestrian
10,648.0,933.0,678.0,986.0,178,0,0,1,Pedestrian
10,648.0,933.0,678.0,986.0,179,0,0,1,Pedestrian
10,648.0,933.0,678.0,986.0,180,0,0,1,Pedestrian
10,648.0,933.0,678.0,986.0,181,0,0,1,Pedestrian
10,648.0,933.0,678.0,986.0,182,0,0,1,Pedestrian
10,648.0,933.0,678.0,986.0,183,0,0,1,Pedestrian
10,648.0,933.0,678.0,986.0,184,0,0,1,Pedestrian
10,648.0,933.0,678.0,986.0,185,0,0,1,Pedestrian
10,648.0,933.0,678.0,986.0,186,0,0,1,Pedestrian
10,648.0,933.0,678.0,986.0,187,0,0,1,Pedestrian
10,648.0,933.0,678.0,986.0,188,0,0,1,Pedestrian
10,648.0,933.0,678.0,986.0,189,0,0,1,Pedestrian
10,648.0,933.0,678.0,986.0,190,0,0,1,Pedestrian
10,648.0,933.0,678.0,986.0,191,0,0,1,Pedestrian
10,648.0,933.0,678.0,986.0,192,0,0,1,Pedestrian
10,648.0,933.0,678.0,986.0,193,0,0,1,Pedestrian
10,648.0,933.0,678.0,986.0,194,0,0,1,Pedestrian
10,648.0,933.0,678.0,986.0,195,0,0,1,Pedestrian
10,648.0,933.0,678.0,986.0,196,0,0,1,Pedestrian
10,648.0,933.0,678.0,986.0,197,0,0,1,Pedestrian
10,648.0,933.0,678.0,986.0,198,0,0,1,Pedestrian
10,648.0,933.0,678.0,986.0,199,0,0,1,Pedestrian
10,648.0,933.0,678.0,986.0,200,0,0,1,Pedestrian
10,648.0,933.0,678.0,986.0,201,0,0,1,Pedestrian
10,648.0,933.0,678.0,986.0,202,0,0,1,Pedestrian
10,648.0,933.0,678.0,986.0,203,0,0,1,Pedestrian
10,648.0,933.0,678.0,986.0,204,0,0,1,Pedestrian
10,648.0,933.0,678.0,986.0,205,0,0,1,Pedestrian
10,648.0,933.0,678.0,986.0,206,0,0,1,Pedestrian
10,648.0,933.0,678.0,986.0,207,0,0,1,Pedestrian
10,648.0,933.0,678.0,986.0,208,0,0,1,Pedestrian
10,648.0,933.0,678.0,986.0,209,0,0,1,Pedestrian
10,648.0,933.0,678.0,986.0,210,0,0,1,Pedestrian
10,648.0,933.0,678.0,986.0,211,0,0,1,Pedestrian
10,648.0,933.0,678.0,986.0,212,0,0,1,Pedestrian
10,648.0,933.0,678.0,986.0,213,0,0,1,Pedestrian
10,648.0,933.0,678.0,986.0,214,0,0,1,Pedestrian
10,648.0,933.0,678.0,986.0,215,0,0,1,Pedestrian
10,648.0,933.0,678.0,986.0,216,0,0,1,Pedestrian
10,648.0,933.0,678.0,986.0,217,0,0,1,Pedestrian
10,648.0,933.0,678.0,986.0,218,0,0,1,Pedestrian
10,648.0,933.0,678.0,986.0,219,0,0,1,Pedestrian
10,648.0,933.0,678.0,986.0,220,0,0,1,Pedestrian
10,648.0,933.0,678.0,986.0,221,0,0,1,Pedestrian
10,648.0,933.0,678.0,986.0,222,0,0,1,Pedestrian
10,648.0,933.0,678.0,986.0,223,0,0,1,Pedestrian
10,648.0,933.0,678.0,986.0,224,0,0,1,Pedestrian
10,648.0,933.0,678.0,986.0,225,0,0,1,Pedestrian
10,648.0,933.0,678.0,986.0,226,0,0,1,Pedestrian
10,648.0,933.0,678.0,986.0,227,0,0,1,Pedestrian
10,648.0,933.0,678.0,986.0,228,0,0,1,Pedestrian
10,648.0,933.0,678.0,986.0,229,0,0,1,Pedestrian
10,648.0,933.0,678.0,986.0,230,0,0,1,Pedestrian
10,648.0,933.0,678.0,986.0,231,0,0,1,Pedestrian
10,648.0,933.0,678.0,986.0,232,0,0,1,Pedestrian
10,648.0,933.0,678.0,986.0,233,0,0,1,Pedestrian
10,648.0,933.0,678.0,986.0,234,0,0,1,Pedestrian
10,648.0,933.0,678.0,986.0,235,0,0,1,Pedestrian
10,648.0,933.0,678.0,986.0,236,0,0,1,Pedestrian
10,648.0,933.0,678.0,986.0,237,0,0,1,Pedestrian
10,648.0,933.0,678.0,986.0,238,0,0,1,Pedestrian
10,648.0,933.0,678.0,986.0,239,0,0,1,Pedestrian
10,648.0,933.0,678.0,986.0,240,0,0,1,Pedestrian
10,648.0,933.0,678.0,986.0,241,0,0,1,Pedestrian
10,648.0,933.0,678.0,986.0,242,0,0,1,Pedestrian
10,648.0,933.0,678.0,986.0,243,0,0,1,Pedestrian
10,648.0,933.0,678.0,986.0,244,0,0,1,Pedestrian
10,648.0,933.0,678.0,986.0,245,0,0,1,Pedestrian
10,648.0,933.0,678.0,986.0,246,0,0,1,Pedestrian
10,648.0,933.0,678.0,986.0,247,0,0,1,Pedestrian
10,648.0,933.0,678.0,986.0,248,0,0,1,Pedestrian
10,648.0,933.0,678.0,986.0,249,0,0,1,Pedestrian
10,648.0,933.0,678.0,986.0,250,0,0,1,Pedestrian
10,648.0,933.0,678.0,986.0,251,0,0,1,Pedestrian
10,648.0,933.0,678.0,986.0,252,0,0,1,Pedestrian
10,648.0,933.0,678.0,986.0,253,0,0,1,Pedestrian
10,648.0,933.0,678.0,986.0,254,0,0,1,Pedestrian
10,648.0,933.0,678.0,986.0,255,0,0,1,Pedestrian
10,648.0,933.0,678.0,986.0,256,0,0,1,Pedestrian
10,648.0,933.0,678.0,986.0,257,0,0,1,Pedestrian
10,648.0,933.0,678.0,986.0,258,0,0,1,Pedestrian
10,648.0,933.0,678.0,986.0,259,0,0,1,Pedestrian
10,648.0,933.0,678.0,986.0,260,0,0,1,Pedestrian
10,648.0,933.0,678.0,986.0,261,0,0,1,Pedestrian
10,648.0,933.0,678.0,986.0,262,0,0,1,Pedestrian
10,648.0,933.0,678.0,986.0,263,0,0,1,Pedestrian
10,648.0,933.0,678.0,986.0,264,0,0,1,Pedestrian
10,648.0,933.0,678.0,986.0,265,0,0,1,Pedestrian
10,648.0,933.0,678.0,986.0,266,0,0,1,Pedestrian
10,648.0,933.0,678.0,986.0,267,0,0,1,Pedestrian
10,648.0,933.0,678.0,986.0,268,0,0,1,Pedestrian
10,648.0,933.0,678.0,986.0,269,0,0,1,Pedestrian
10,648.0,933.0,678.0,986.0,270,0,0,1,Pedestrian
10,648.0,933.0,678.0,986.0,271,0,0,1,Pedestrian
10,648.0,933.0,678.0,986.0,272,0,0,1,Pedestrian
10,648.0,933.0,678.0,986.0,273,0,0,1,Pedestrian
10,648.0,933.0,678.0,986.0,274,0,0,1,Pedestrian
10,648.0,933.0,678.0,986.0,275,0,0,1,Pedestrian
10,648.0,933.0,678.0,986.0,276,0,0,1,Pedestrian
10,648.0,933.0,678.0,986.0,277,0,0,1,Pedestrian
10,648.0,933.0,678.0,986.0,278,0,0,1,Pedestrian
10,648.0,933.0,678.0,986.0,279,0,0,1,Pedestrian
10,648.0,933.0,678.0,986.0,280,0,0,1,Pedestrian
10,648.0,933.0,678.0,986.0,281,0,0,1,Pedestrian
10,648.0,933.0,678.0,986.0,282,0,0,1,Pedestrian
10,648.0,933.0,678.0,986.0,283,0,0,1,Pedestrian
10,648.0,933.0,678.0,986.0,284,0,0,1,Pedestrian
10,648.0,933.0,678.0,986.0,285,0,0,1,Pedestrian
10,648.0,933.0,678.0,986.0,286,0,0,1,Pedestrian
10,648.0,933.0,678.0,986.0,287,0,0,1,Pedestrian
10,648.0,933.0,678.0,986.0,288,0,0,1,Pedestrian
10,648.0,933.0,678.0,986.0,289,0,0,1,Pedestrian
10,648.0,933.0,678.0,986.0,290,0,0,1,Pedestrian
10,648.0,933.0,678.0,986.0,291,0,0,1,Pedestrian
10,648.0,933.0,678.0,986.0,292,0,0,1,Pedestrian
10,648.0,933.0,678.0,986.0,293,0,0,1,Pedestrian
10,648.0,933.0,678.0,986.0,294,0,0,1,Pedestrian
10,648.0,933.0,678.0,986.0,295,0,0,1,Pedestrian
10,648.0,933.0,678.0,986.0,296,0,0,1,Pedestrian
10,648.0,933.0,678.0,986.0,297,0,0,1,Pedestrian
10,648.0,933.0,678.0,986.0,298,0,0,1,Pedestrian
10,648.0,933.0,678.0,986.0,299,0,0,1,Pedestrian
10,648.0,933.0,678.0,986.0,300,0,0,1,Pedestrian
10,648.0,933.0,678.0,986.0,301,0,0,1,Pedestrian
10,648.0,933.0,678.0,986.0,302,0,0,1,Pedestrian
10,648.0,933.0,678.0,986.0,303,0,0,1,Pedestrian
10,648.0,933.0,678.0,986.0,304,0,0,1,Pedestrian
10,648.0,933.0,678.0,986.0,305,0,0,1,Pedestrian
10,648.0,933.0,678.0,986.0,306,0,0,1,Pedestrian
10,648.0,933.0,678.0,986.0,307,0,0,1,Pedestrian
10,648.0,933.0,678.0,986.0,308,0,0,1,Pedestrian
10,648.0,933.0,678.0,986.0,309,0,0,1,Pedestrian
10,648.0,933.0,678.0,986.0,310,0,0,1,Pedestrian
10,648.0,933.0,678.0,986.0,311,0,0,1,Pedestrian
10,648.0,933.0,678.0,986.0,312,0,0,1,Pedestrian
10,648.0,933.0,678.0,986.0,313,0,0,1,Pedestrian
10,648.0,933.0,678.0,986.0,314,0,0,1,Pedestrian
10,648.0,933.0,678.0,986.0,315,0,0,1,Pedestrian
10,648.0,933.0,678.0,986.0,316,0,0,1,Pedestrian
10,648.0,933.0,678.0,986.0,317,0,0,1,Pedestrian
10,648.0,933.0,678.0,986.0,318,0,0,1,Pedestrian
10,648.0,933.0,678.0,986.0,319,0,0,1,Pedestrian
10,648.0,933.0,678.0,986.0,320,0,0,1,Pedestrian
10,648.0,933.0,678.0,986.0,321,0,0,1,Pedestrian
10,648.0,933.0,678.0,986.0,322,0,0,1,Pedestrian
10,648.0,933.0,678.0,986.0,323,0,0,1,Pedestrian
10,648.0,933.0,678.0,986.0,324,0,0,1,Pedestrian
10,648.0,933.0,678.0,986.0,325,0,0,1,Pedestrian
10,648.0,933.0,678.0,986.0,326,0,0,1,Pedestrian
10,648.0,933.0,678.0,986.0,327,0,0,1,Pedestrian
10,648.0,933.0,678.0,986.0,328,0,0,1,Pedestrian
10,648.0,933.0,678.0,986.0,329,0,0,1,Pedestrian
10,648.0,933.0,678.0,986.0,330,0,0,1,Pedestrian
10,648.0,933.0,678.0,986.0,331,0,0,1,Pedestrian
10,648.0,933.0,678.0,986.0,332,0,0,1,Pedestrian
10,648.0,933.0,678.0,986.0,333,0,0,1,Pedestrian
10,648.0,933.0,678.0,986.0,334,0,0,1,Pedestrian
10,648.0,933.0,678.0,986.0,335,0,0,1,Pedestrian
10,648.0,933.0,678.0,986.0,336,0,0,1,Pedestrian
10,648.0,933.0,678.0,986.0,337,0,0,1,Pedestrian
10,648.0,933.0,678.0,986.0,338,0,0,1,Pedestrian
10,648.0,933.0,678.0,986.0,339,0,0,1,Pedestrian
10,648.0,933.0,678.0,986.0,340,0,0,1,Pedestrian
10,648.0,933.0,678.0,986.0,341,0,0,1,Pedestrian
10,648.0,933.0,678.0,986.0,342,0,0,1,Pedestrian
10,648.0,933.0,678.0,986.0,343,0,0,1,Pedestrian
10,648.0,933.0,678.0,986.0,344,0,0,1,Pedestrian
10,648.0,933.0,678.0,986.0,345,0,0,1,Pedestrian
10,648.0,933.0,678.0,986.0,346,0,0,1,Pedestrian
10,648.0,933.0,678.0,986.0,347,0,0,1,Pedestrian
10,648.0,933.0,678.0,986.0,348,0,0,1,Pedestrian
10,648.0,933.0,678.0,986.0,349,0,0,1,Pedestrian
10,648.0,933.0,678.0,986.0,350,0,0,1,Pedestrian
10,648.0,933.0,678.0,986.0,351,0,0,1,Pedestrian
10,648.0,933.0,678.0,986.0,352,0,0,1,Pedestrian
10,648.0,933.0,678.0,986.0,353,0,0,1,Pedestrian
10,648.0,933.0,678.0,986.0,354,0,0,1,Pedestrian
10,648.0,933.0,678.0,986.0,355,0,0,1,Pedestrian
10,648.0,933.0,678.0,986.0,356,0,0,1,Pedestrian
10,648.0,933.0,678.0,986.0,357,0,0,1,Pedestrian
10,648.0,933.0,678.0,986.0,358,0,0,1,Pedestrian
10,648.0,933.0,678.0,986.0,359,0,0,1,Pedestrian
10,648.0,933.0,678.0,986.0,360,0,0,1,Pedestrian
10,648.0,933.0,678.0,986.0,361,0,0,1,Pedestrian
10,648.0,933.0,678.0,986.0,362,0,0,1,Pedestrian
10,648.0,933.0,678.0,986.0,363,0,0,1,Pedestrian
10,648.0,933.0,678.0,986.0,364,0,0,1,Pedestrian
10,648.0,933.0,678.0,986.0,365,0,0,1,Pedestrian
10,648.0,933.0,678.0,986.0,366,0,0,1,Pedestrian
10,648.0,933.0,678.0,986.0,367,0,0,1,Pedestrian
10,648.0,933.0,678.0,986.0,368,0,0,1,Pedestrian
10,648.0,933.0,678.0,986.0,369,0,0,1,Pedestrian
10,648.0,933.0,678.0,986.0,370,0,0,1,Pedestrian
10,648.0,933.0,678.0,986.0,371,0,0,1,Pedestrian
10,648.0,933.0,678.0,986.0,372,0,0,1,Pedestrian
10,648.0,933.0,678.0,986.0,373,0,0,1,Pedestrian
10,648.0,933.0,678.0,986.0,374,0,0,1,Pedestrian
10,648.0,933.0,678.0,986.0,375,0,0,1,Pedestrian
10,648.0,933.0,678.0,986.0,376,0,0,1,Pedestrian
10,648.0,933.0,678.0,986.0,377,0,0,1,Pedestrian
10,648.0,933.0,678.0,986.0,378,0,0,1,Pedestrian
10,648.0,933.0,678.0,986.0,379,0,0,1,Pedestrian
10,648.0,933.0,678.0,986.0,380,0,0,1,Pedestrian
10,648.0,933.0,678.0,986.0,381,0,0,1,Pedestrian
10,648.0,933.0,678.0,986.0,382,0,0,1,Pedestrian
10,648.0,933.0,678.0,986.0,383,0,0,1,Pedestrian
10,648.0,933.0,678.0,986.0,384,0,0,1,Pedestrian
10,648.0,933.0,678.0,986.0,385,0,0,1,Pedestrian
10,648.0,933.0,678.0,986.0,386,0,0,1,Pedestrian
10,648.0,933.0,678.0,986.0,387,0,0,1,Pedestrian
10,648.0,933.0,678.0,986.0,388,0,0,1,Pedestrian
10,648.0,933.0,678.0,986.0,389,0,0,1,Pedestrian
10,648.0,933.0,678.0,986.0,390,0,0,1,Pedestrian
10,648.0,933.0,678.0,986.0,391,0,0,1,Pedestrian
10,648.0,933.0,678.0,986.0,392,0,0,1,Pedestrian
10,648.0,933.0,678.0,986.0,393,0,0,1,Pedestrian
10,648.0,933.0,678.0,986.0,394,0,0,1,Pedestrian
10,648.0,933.0,678.0,986.0,395,0,0,1,Pedestrian
10,648.0,933.0,678.0,986.0,396,0,0,1,Pedestrian
10,648.0,933.0,678.0,986.0,397,0,0,1,Pedestrian
10,648.0,933.0,678.0,986.0,398,0,0,1,Pedestrian
10,648.0,933.0,678.0,986.0,399,0,0,1,Pedestrian
10,648.0,933.0,678.0,986.0,400,0,0,1,Pedestrian
10,648.0,933.0,678.0,986.0,401,0,0,1,Pedestrian
10,648.0,933.0,678.0,986.0,402,0,0,1,Pedestrian
10,648.0,933.0,678.0,986.0,403,0,0,1,Pedestrian
10,648.0,933.0,678.0,986.0,404,0,0,1,Pedestrian
10,648.0,933.0,678.0,986.0,405,0,0,1,Pedestrian
10,648.0,933.0,678.0,986.0,406,0,0,1,Pedestrian
10,648.0,933.0,678.0,986.0,407,0,0,1,Pedestrian
10,648.0,933.0,678.0,986.0,408,0,0,1,Pedestrian
10,648.0,933.0,678.0,986.0,409,0,0,1,Pedestrian
10,648.0,933.0,678.0,986.0,410,0,0,1,Pedestrian
10,648.0,933.0,678.0,986.0,411,0,0,1,Pedestrian
10,648.0,933.0,678.0,986.0,412,0,0,1,Pedestrian
10,648.0,933.0,678.0,986.0,413,0,0,1,Pedestrian
10,648.0,933.0,678.0,986.0,414,0,0,1,Pedestrian
10,648.0,933.0,678.0,986.0,415,0,0,1,Pedestrian
10,648.0,933.0,678.0,986.0,416,0,0,1,Pedestrian
10,648.0,933.0,678.0,986.0,417,0,0,1,Pedestrian
10,648.0,933.0,678.0,986.0,418,0,0,1,Pedestrian
10,648.0,933.0,678.0,986.0,419,0,0,1,Pedestrian
10,648.0,933.0,678.0,986.0,420,0,0,1,Pedestrian
10,648.0,933.0,678.0,986.0,421,0,0,1,Pedestrian
10,648.0,933.0,678.0,986.0,422,0,0,1,Pedestrian
10,648.0,933.0,678.0,986.0,423,0,0,1,Pedestrian
10,648.0,933.0,678.0,986.0,424,0,0,1,Pedestrian
10,648.0,933.0,678.0,986.0,425,0,0,1,Pedestrian
10,648.0,933.0,678.0,986.0,426,0,0,1,Pedestrian
10,648.0,933.0,678.0,986.0,427,0,0,1,Pedestrian
10,648.0,933.0,678.0,986.0,428,0,0,1,Pedestrian
10,648.0,933.0,678.0,986.0,429,0,0,1,Pedestrian
10,648.0,933.0,678.0,986.0,430,0,0,1,Pedestrian
10,648.0,933.0,678.0,986.0,431,0,0,1,Pedestrian
10,648.0,933.0,678.0,986.0,432,0,0,1,Pedestrian
10,648.0,933.0,678.0,986.0,433,0,0,1,Pedestrian
10,648.0,933.0,678.0,986.0,434,0,0,1,Pedestrian
10,648.0,933.0,678.0,986.0,435,0,0,1,Pedestrian
10,648.0,933.0,678.0,986.0,436,0,0,1,Pedestrian
10,648.0,933.0,678.0,986.0,437,0,0,1,Pedestrian
10,648.0,933.0,678.0,986.0,438,0,0,1,Pedestrian
10,648.0,933.0,678.0,986.0,439,0,0,1,Pedestrian
10,648.0,933.0,678.0,986.0,440,0,0,1,Pedestrian
10,648.0,933.0,678.0,986.0,441,0,0,1,Pedestrian
10,648.0,933.0,678.0,986.0,442,0,0,1,Pedestrian
10,648.0,933.0,678.0,986.0,443,0,0,1,Pedestrian
10,648.0,933.0,678.0,986.0,444,0,0,1,Pedestrian
10,648.0,933.0,678.0,986.0,445,0,0,1,Pedestrian
10,648.0,933.0,678.0,986.0,446,0,0,1,Pedestrian
10,648.0,933.0,678.0,986.0,447,0,0,1,Pedestrian
10,648.0,933.0,678.0,986.0,448,0,0,1,Pedestrian
10,648.0,933.0,678.0,986.0,449,0,0,1,Pedestrian
10,648.0,933.0,678.0,986.0,450,0,0,1,Pedestrian
10,648.0,933.0,678.0,986.0,451,0,0,1,Pedestrian
10,648.0,933.0,678.0,986.0,452,0,0,1,Pedestrian
10,648.0,933.0,678.0,986.0,453,0,0,1,Pedestrian
10,648.0,933.0,678.0,986.0,454,0,0,1,Pedestrian
10,648.0,933.0,678.0,986.0,455,0,0,1,Pedestrian
10,648.0,933.0,678.0,986.0,456,0,0,1,Pedestrian
10,648.0,933.0,678.0,986.0,457,0,0,1,Pedestrian
10,648.0,933.0,678.0,986.0,458,0,0,1,Pedestrian
10,648.0,933.0,678.0,986.0,459,0,0,1,Pedestrian
10,648.0,933.0,678.0,986.0,460,0,0,1,Pedestrian
10,648.0,933.0,678.0,986.0,461,0,0,1,Pedestrian
10,648.0,933.0,678.0,986.0,462,0,0,1,Pedestrian
10,648.0,933.0,678.0,986.0,463,0,0,1,Pedestrian
10,648.0,933.0,678.0,986.0,464,0,0,1,Pedestrian
10,648.0,933.0,678.0,986.0,465,0,0,1,Pedestrian
10,648.0,933.0,678.0,986.0,466,0,0,1,Pedestrian
10,648.0,933.0,678.0,986.0,467,0,0,1,Pedestrian
10,648.0,933.0,678.0,986.0,468,0,0,1,Pedestrian
10,648.0,933.0,678.0,986.0,469,0,0,1,Pedestrian
10,648.0,933.0,678.0,986.0,470,0,0,1,Pedestrian
10,648.0,933.0,678.0,986.0,471,0,0,1,Pedestrian
10,648.0,933.0,678.0,986.0,472,0,0,1,Pedestrian
10,648.0,933.0,678.0,986.0,473,0,0,1,Pedestrian
10,648.0,933.0,678.0,986.0,474,0,0,1,Pedestrian
10,648.0,933.0,678.0,986.0,475,0,0,1,Pedestrian
10,648.0,933.0,678.0,986.0,476,0,0,1,Pedestrian
10,648.0,933.0,678.0,986.0,477,0,0,1,Pedestrian
10,648.0,933.0,678.0,986.0,478,0,0,1,Pedestrian
10,648.0,933.0,678.0,986.0,479,0,0,1,Pedestrian
10,648.0,933.0,678.0,986.0,480,0,0,1,Pedestrian
10,648.0,933.0,678.0,986.0,481,0,0,1,Pedestrian
10,648.0,933.0,678.0,986.0,482,0,0,1,Pedestrian
10,648.0,933.0,678.0,986.0,483,0,0,1,Pedestrian
10,648.0,933.0,678.0,986.0,484,0,0,1,Pedestrian
10,648.0,933.0,678.0,986.0,485,0,0,1,Pedestrian
10,648.0,933.0,678.0,986.0,486,0,0,1,Pedestrian
10,648.0,933.0,678.0,986.0,487,0,0,1,Pedestrian
10,648.0,933.0,678.0,986.0,488,0,0,1,Pedestrian
10,648.0,933.0,678.0,986.0,489,0,0,1,Pedestrian
10,648.0,933.0,678.0,986.0,490,0,0,1,Pedestrian
10,648.0,933.0,678.0,986.0,491,0,0,1,Pedestrian
10,648.0,933.0,678.0,986.0,492,0,0,1,Pedestrian
10,648.0,933.0,678.0,986.0,493,0,0,1,Pedestrian
10,648.0,933.0,678.0,986.0,494,0,0,1,Pedestrian
10,648.0,933.0,678.0,986.0,495,0,0,1,Pedestrian
10,648.0,933.0,678.0,986.0,496,0,0,1,Pedestrian
10,648.0,933.0,678.0,986.0,497,0,0,1,Pedestrian
10,648.0,933.0,678.0,986.0,498,0,0,1,Pedestrian
10,648.0,933.0,678.0,986.0,499,0,0,1,Pedestrian
10,648.0,933.0,678.0,986.0,500,0,0,1,Pedestrian
10,648.0,933.0,678.0,986.0,501,0,0,1,Pedestrian
10,648.0,933.0,678.0,986.0,502,0,0,1,Pedestrian
10,648.0,933.0,678.0,986.0,503,0,0,1,Pedestrian
10,648.0,933.0,678.0,986.0,504,0,0,1,Pedestrian
10,648.0,933.0,678.0,986.0,505,0,0,1,Pedestrian
10,648.0,933.0,678.0,986.0,506,0,0,1,Pedestrian
10,648.0,933.0,678.0,986.0,507,0,0,1,Pedestrian
10,648.0,933.0,678.0,986.0,508,0,0,1,Pedestrian
10,648.0,933.0,678.0,986.0,509,0,0,1,Pedestrian
10,648.0,933.0,678.0,986.0,510,0,0,1,Pedestrian
10,648.0,933.0,678.0,986.0,511,0,0,1,Pedestrian
10,648.0,933.0,678.0,986.0,512,0,0,1,Pedestrian
10,648.0,933.0,678.0,986.0,513,0,0,1,Pedestrian
10,648.0,933.0,678.0,986.0,514,0,0,1,Pedestrian
10,648.0,933.0,678.0,986.0,515,0,0,1,Pedestrian
10,648.0,933.0,678.0,986.0,516,0,0,1,Pedestrian
10,648.0,933.0,678.0,986.0,517,0,0,1,Pedestrian
10,648.0,933.0,678.0,986.0,518,0,0,1,Pedestrian
10,648.0,933.0,678.0,986.0,519,0,0,1,Pedestrian
10,648.0,933.0,678.0,986.0,520,0,0,1,Pedestrian
10,648.0,933.0,678.0,986.0,521,0,0,1,Pedestrian
10,648.0,933.0,678.0,986.0,522,0,0,1,Pedestrian
10,648.0,933.0,678.0,986.0,523,0,0,1,Pedestrian
10,648.0,933.0,678.0,986.0,524,0,0,1,Pedestrian
10,648.0,933.0,678.0,986.0,525,0,0,1,Pedestrian
10,648.0,933.0,678.0,986.0,526,0,0,1,Pedestrian
10,648.0,933.0,678.0,986.0,527,0,0,1,Pedestrian
10,648.0,933.0,678.0,986.0,528,0,0,1,Pedestrian
10,648.0,933.0,678.0,986.0,529,0,0,1,Pedestrian
10,648.0,933.0,678.0,986.0,530,0,0,1,Pedestrian
10,648.0,933.0,678.0,986.0,531,0,0,0,Pedestrian
11,1359.0,339.0,1403.0,444.0,0,0,0,0,Pedestrian
11,1359.0,335.0,1403.0,440.0,1,0,0,1,Pedestrian
11,1359.0,335.0,1403.0,440.0,2,0,0,1,Pedestrian
11,1359.0,335.0,1403.0,440.0,3,0,0,1,Pedestrian
11,1359.0,335.0,1403.0,440.0,4,0,0,1,Pedestrian
11,1361.0,335.0,1403.0,440.0,5,0,0,1,Pedestrian
11,1361.0,335.0,1405.0,440.0,6,0,0,1,Pedestrian
11,1361.0,335.0,1405.0,440.0,7,0,0,1,Pedestrian
11,1361.0,335.0,1405.0,440.0,8,0,0,1,Pedestrian
11,1363.0,335.0,1405.0,440.0,9,0,0,1,Pedestrian
11,1363.0,331.0,1405.0,436.0,10,0,0,1,Pedestrian
11,1363.0,331.0,1407.0,436.0,11,0,0,1,Pedestrian
11,1363.0,331.0,1407.0,436.0,12,0,0,1,Pedestrian
11,1363.0,331.0,1407.0,436.0,13,0,0,1,Pedestrian
11,1365.0,331.0,1407.0,436.0,14,0,0,1,Pedestrian
11,1365.0,331.0,1407.0,436.0,15,0,0,1,Pedestrian
11,1365.0,331.0,1409.0,436.0,16,0,0,1,Pedestrian
11,1365.0,331.0,1409.0,436.0,17,0,0,1,Pedestrian
11,1367.0,331.0,1409.0,436.0,18,0,0,1,Pedestrian
11,1367.0,327.0,1409.0,432.0,19,0,0,1,Pedestrian
11,1367.0,327.0,1409.0,432.0,20,0,0,1,Pedestrian
11,1367.0,327.0,1409.0,432.0,21,0,0,1,Pedestrian
11,1367.0,327.0,1411.0,432.0,22,0,0,1,Pedestrian
11,1369.0,327.0,1411.0,432.0,23,0,0,1,Pedestrian
11,1369.0,327.0,1411.0,432.0,24,0,0,1,Pedestrian
11,1369.0,327.0,1411.0,432.0,25,0,0,1,Pedestrian
11,1369.0,327.0,1411.0,432.0,26,0,0,1,Pedestrian
11,1371.0,327.0,1413.0,432.0,27,0,0,1,Pedestrian
11,1371.0,327.0,1413.0,432.0,28,0,0,1,Pedestrian
11,1371.0,323.0,1413.0,428.0,29,0,0,1,Pedestrian
11,1371.0,323.0,1413.0,428.0,30,0,0,1,Pedestrian
11,1371.0,323.0,1413.0,428.0,31,0,0,1,Pedestrian
11,1373.0,323.0,1415.0,428.0,32,0,0,1,Pedestrian
11,1373.0,323.0,1415.0,428.0,33,0,0,1,Pedestrian
11,1373.0,323.0,1415.0,428.0,34,0,0,1,Pedestrian
11,1373.0,323.0,1415.0,428.0,35,0,0,1,Pedestrian
11,1375.0,323.0,1415.0,428.0,36,0,0,1,Pedestrian
11,1375.0,323.0,1415.0,428.0,37,0,0,1,Pedestrian
11,1375.0,319.0,1417.0,424.0,38,0,0,1,Pedestrian
11,1375.0,319.0,1417.0,424.0,39,0,0,1,Pedestrian
11,1375.0,319.0,1417.0,424.0,40,0,0,1,Pedestrian
11,1377.0,319.0,1417.0,424.0,41,0,0,1,Pedestrian
11,1377.0,319.0,1417.0,424.0,42,0,0,1,Pedestrian
11,1377.0,319.0,1419.0,424.0,43,0,0,1,Pedestrian
11,1377.0,319.0,1419.0,424.0,44,0,0,1,Pedestrian
11,1379.0,319.0,1419.0,424.0,45,0,0,1,Pedestrian
11,1379.0,319.0,1419.0,424.0,46,0,0,1,Pedestrian
11,1379.0,315.0,1419.0,420.0,47,0,0,1,Pedestrian
11,1379.0,315.0,1421.0,420.0,48,0,0,1,Pedestrian
11,1379.0,315.0,1421.0,420.0,49,0,0,1,Pedestrian
11,1381.0,315.0,1421.0,420.0,50,0,0,1,Pedestrian
11,1381.0,315.0,1421.0,420.0,51,0,0,1,Pedestrian
11,1381.0,315.0,1421.0,420.0,52,0,0,1,Pedestrian
11,1381.0,315.0,1421.0,420.0,53,0,0,1,Pedestrian
11,1383.0,315.0,1423.0,420.0,54,0,0,1,Pedestrian
11,1383.0,315.0,1423.0,420.0,55,0,0,1,Pedestrian
11,1383.0,315.0,1423.0,420.0,56,0,0,1,Pedestrian
11,1383.0,311.0,1423.0,416.0,57,0,0,1,Pedestrian
11,1383.0,311.0,1423.0,416.0,58,0,0,1,Pedestrian
11,1385.0,311.0,1425.0,416.0,59,0,0,1,Pedestrian
11,1385.0,311.0,1425.0,416.0,60,0,0,1,Pedestrian
11,1385.0,311.0,1425.0,416.0,61,0,0,1,Pedestrian
11,1385.0,311.0,1425.0,416.0,62,0,0,1,Pedestrian
11,1387.0,311.0,1425.0,416.0,63,0,0,1,Pedestrian
11,1387.0,311.0,1427.0,416.0,64,0,0,1,Pedestrian
11,1387.0,311.0,1427.0,416.0,65,0,0,1,Pedestrian
11,1387.0,307.0,1427.0,412.0,66,0,0,1,Pedestrian
11,1387.0,307.0,1427.0,412.0,67,0,0,1,Pedestrian
11,1389.0,307.0,1427.0,412.0,68,0,0,1,Pedestrian
11,1389.0,307.0,1427.0,412.0,69,0,0,1,Pedestrian
11,1389.0,307.0,1429.0,412.0,70,0,0,1,Pedestrian
11,1389.0,307.0,1429.0,412.0,71,0,0,1,Pedestrian
11,1391.0,307.0,1429.0,412.0,72,0,0,1,Pedestrian
11,1391.0,307.0,1429.0,412.0,73,0,0,1,Pedestrian
11,1391.0,307.0,1429.0,412.0,74,0,0,1,Pedestrian
11,1391.0,303.0,1431.0,408.0,75,0,0,1,Pedestrian
11,1391.0,303.0,1431.0,408.0,76,0,0,1,Pedestrian
11,1393.0,303.0,1431.0,408.0,77,0,0,1,Pedestrian
11,1393.0,303.0,1431.0,408.0,78,0,0,1,Pedestrian
11,1393.0,303.0,1431.0,408.0,79,0,0,1,Pedestrian
11,1393.0,303.0,1433.0,408.0,80,0,0,1,Pedestrian
11,1395.0,303.0,1433.0,408.0,81,0,0,1,Pedestrian
11,1395.0,303.0,1433.0,408.0,82,0,0,1,Pedestrian
11,1395.0,303.0,1433.0,408.0,83,0,0,1,Pedestrian
11,1395.0,303.0,1433.0,408.0,84,0,0,1,Pedestrian
11,1395.0,299.0,1433.0,404.0,85,0,0,1,Pedestrian
11,1397.0,299.0,1435.0,404.0,86,0,0,1,Pedestrian
11,1397.0,299.0,1435.0,404.0,87,0,0,1,Pedestrian
11,1397.0,299.0,1435.0,404.0,88,0,0,1,Pedestrian
11,1397.0,299.0,1435.0,404.0,89,0,0,1,Pedestrian
11,1399.0,299.0,1435.0,404.0,90,0,0,1,Pedestrian
11,1399.0,299.0,1437.0,404.0,91,0,0,1,Pedestrian
11,1399.0,299.0,1437.0,404.0,92,0,0,1,Pedestrian
11,1399.0,299.0,1437.0,404.0,93,0,0,1,Pedestrian
11,1399.0,295.0,1437.0,400.0,94,0,0,1,Pedestrian
11,1401.0,295.0,1437.0,400.0,95,0,0,1,Pedestrian
11,1401.0,295.0,1439.0,400.0,96,0,0,1,Pedestrian
11,1401.0,295.0,1439.0,400.0,97,0,0,1,Pedestrian
11,1401.0,295.0,1439.0,400.0,98,0,0,1,Pedestrian
11,1403.0,295.0,1439.0,400.0,99,0,0,1,Pedestrian
11,1403.0,295.0,1439.0,400.0,100,0,0,1,Pedestrian
11,1403.0,295.0,1439.0,400.0,101,0,0,1,Pedestrian
11,1403.0,295.0,1441.0,400.0,102,0,0,1,Pedestrian
11,1403.0,291.0,1441.0,396.0,103,0,0,1,Pedestrian
11,1405.0,291.0,1441.0,396.0,104,0,0,1,Pedestrian
11,1405.0,291.0,1441.0,396.0,105,0,0,1,Pedestrian
11,1405.0,291.0,1441.0,396.0,106,0,0,1,Pedestrian
11,1405.0,291.0,1443.0,396.0,107,0,0,1,Pedestrian
11,1407.0,291.0,1443.0,396.0,108,0,0,1,Pedestrian
11,1407.0,291.0,1443.0,396.0,109,0,0,1,Pedestrian
11,1407.0,291.0,1443.0,396.0,110,0,0,1,Pedestrian
11,1407.0,291.0,1443.0,396.0,111,0,0,1,Pedestrian
11,1409.0,291.0,1445.0,396.0,112,0,0,0,Pedestrian
11,1409.0,291.0,1445.0,396.0,113,0,0,1,Pedestrian
11,1409.0,291.0,1445.0,396.0,114,0,0,1,Pedestrian
11,1409.0,291.0,1445.0,396.0,115,0,0,1,Pedestrian
11,1409.0,291.0,1445.0,396.0,116,0,0,1,Pedestrian
11,1409.0,291.0,1445.0,396.0,117,0,0,1,Pedestrian
11,1409.0,291.0,1445.0,396.0,118,0,0,1,Pedestrian
11,1409.0,291.0,1445.0,396.0,119,0,0,1,Pedestrian
11,1409.0,291.0,1445.0,396.0,120,0,0,1,Pedestrian
11,1409.0,291.0,1445.0,396.0,121,0,0,1,Pedestrian
11,1409.0,291.0,1445.0,396.0,122,0,0,1,Pedestrian
11,1409.0,291.0,1445.0,396.0,123,0,0,1,Pedestrian
11,1409.0,291.0,1445.0,396.0,124,0,0,1,Pedestrian
11,1409.0,291.0,1445.0,396.0,125,0,0,1,Pedestrian
11,1409.0,291.0,1445.0,396.0,126,0,0,1,Pedestrian
11,1409.0,291.0,1445.0,396.0,127,0,0,1,Pedestrian
11,1409.0,291.0,1445.0,396.0,128,0,0,1,Pedestrian
11,1409.0,291.0,1445.0,396.0,129,0,0,1,Pedestrian
11,1409.0,291.0,1445.0,396.0,130,0,0,1,Pedestrian
11,1409.0,291.0,1445.0,396.0,131,0,0,1,Pedestrian
11,1409.0,291.0,1445.0,396.0,132,0,0,1,Pedestrian
11,1409.0,291.0,1445.0,396.0,133,0,0,1,Pedestrian
11,1409.0,291.0,1445.0,396.0,134,0,0,1,Pedestrian
11,1409.0,291.0,1445.0,396.0,135,0,0,1,Pedestrian
11,1409.0,291.0,1445.0,396.0,136,0,0,1,Pedestrian
11,1409.0,291.0,1445.0,396.0,137,0,0,1,Pedestrian
11,1409.0,291.0,1445.0,396.0,138,0,0,1,Pedestrian
11,1409.0,291.0,1445.0,396.0,139,0,0,1,Pedestrian
11,1409.0,291.0,1445.0,396.0,140,0,0,1,Pedestrian
11,1409.0,291.0,1445.0,396.0,141,0,0,1,Pedestrian
11,1409.0,291.0,1445.0,396.0,142,0,0,1,Pedestrian
11,1409.0,291.0,1445.0,396.0,143,0,0,1,Pedestrian
11,1409.0,291.0,1445.0,396.0,144,0,0,1,Pedestrian
11,1409.0,291.0,1445.0,396.0,145,0,0,1,Pedestrian
11,1409.0,295.0,1445.0,400.0,146,0,0,1,Pedestrian
11,1409.0,295.0,1445.0,400.0,147,0,0,1,Pedestrian
11,1409.0,295.0,1445.0,400.0,148,0,0,1,Pedestrian
11,1409.0,295.0,1445.0,400.0,149,0,0,1,Pedestrian
11,1409.0,295.0,1445.0,400.0,150,0,0,1,Pedestrian
11,1409.0,295.0,1445.0,400.0,151,0,0,1,Pedestrian
11,1409.0,295.0,1445.0,400.0,152,0,0,1,Pedestrian
11,1409.0,295.0,1445.0,400.0,153,0,0,1,Pedestrian
11,1409.0,295.0,1445.0,400.0,154,0,0,1,Pedestrian
11,1409.0,295.0,1445.0,400.0,155,0,0,1,Pedestrian
11,1409.0,295.0,1445.0,400.0,156,0,0,1,Pedestrian
11,1409.0,295.0,1445.0,400.0,157,0,0,1,Pedestrian
11,1409.0,295.0,1445.0,400.0,158,0,0,1,Pedestrian
11,1409.0,295.0,1445.0,400.0,159,0,0,1,Pedestrian
11,1409.0,295.0,1445.0,400.0,160,0,0,1,Pedestrian
11,1409.0,295.0,1445.0,400.0,161,0,0,1,Pedestrian
11,1409.0,295.0,1445.0,400.0,162,0,0,1,Pedestrian
11,1409.0,295.0,1445.0,400.0,163,0,0,1,Pedestrian
11,1409.0,295.0,1445.0,400.0,164,0,0,1,Pedestrian
11,1409.0,295.0,1445.0,400.0,165,0,0,1,Pedestrian
11,1409.0,295.0,1445.0,400.0,166,0,0,1,Pedestrian
11,1409.0,295.0,1445.0,400.0,167,0,0,1,Pedestrian
11,1409.0,295.0,1445.0,400.0,168,0,0,1,Pedestrian
11,1409.0,295.0,1445.0,400.0,169,0,0,1,Pedestrian
11,1409.0,295.0,1445.0,400.0,170,0,0,1,Pedestrian
11,1409.0,295.0,1445.0,400.0,171,0,0,1,Pedestrian
11,1409.0,295.0,1445.0,400.0,172,0,0,1,Pedestrian
11,1409.0,295.0,1445.0,400.0,173,0,0,1,Pedestrian
11,1409.0,295.0,1445.0,400.0,174,0,0,1,Pedestrian
11,1409.0,295.0,1445.0,400.0,175,0,0,1,Pedestrian
11,1409.0,295.0,1445.0,400.0,176,0,0,1,Pedestrian
11,1409.0,295.0,1445.0,400.0,177,0,0,1,Pedestrian
11,1409.0,295.0,1445.0,400.0,178,0,0,1,Pedestrian
11,1409.0,299.0,1445.0,404.0,179,0,0,1,Pedestrian
11,1409.0,299.0,1445.0,404.0,180,0,0,1,Pedestrian
11,1409.0,299.0,1445.0,404.0,181,0,0,1,Pedestrian
11,1409.0,299.0,1445.0,404.0,182,0,0,1,Pedestrian
11,1409.0,299.0,1445.0,404.0,183,0,0,1,Pedestrian
11,1409.0,299.0,1445.0,404.0,184,0,0,1,Pedestrian
11,1409.0,299.0,1445.0,404.0,185,0,0,1,Pedestrian
11,1409.0,299.0,1445.0,404.0,186,0,0,1,Pedestrian
11,1409.0,299.0,1445.0,404.0,187,0,0,1,Pedestrian
11,1409.0,299.0,1445.0,404.0,188,0,0,1,Pedestrian
11,1409.0,299.0,1445.0,404.0,189,0,0,1,Pedestrian
11,1409.0,299.0,1445.0,404.0,190,0,0,1,Pedestrian
11,1409.0,299.0,1445.0,404.0,191,0,0,1,Pedestrian
11,1409.0,299.0,1445.0,404.0,192,0,0,1,Pedestrian
11,1409.0,299.0,1445.0,404.0,193,0,0,1,Pedestrian
11,1409.0,299.0,1445.0,404.0,194,0,0,1,Pedestrian
11,1409.0,299.0,1445.0,404.0,195,0,0,1,Pedestrian
11,1409.0,299.0,1445.0,404.0,196,0,0,1,Pedestrian
11,1409.0,299.0,1445.0,404.0,197,0,0,1,Pedestrian
11,1409.0,299.0,1445.0,404.0,198,0,0,1,Pedestrian
11,1409.0,299.0,1445.0,404.0,199,0,0,1,Pedestrian
11,1409.0,299.0,1445.0,404.0,200,0,0,1,Pedestrian
11,1409.0,299.0,1445.0,404.0,201,0,0,1,Pedestrian
11,1409.0,299.0,1445.0,404.0,202,0,0,1,Pedestrian
11,1409.0,299.0,1445.0,404.0,203,0,0,1,Pedestrian
11,1409.0,299.0,1445.0,404.0,204,0,0,1,Pedestrian
11,1409.0,299.0,1445.0,404.0,205,0,0,1,Pedestrian
11,1409.0,299.0,1445.0,404.0,206,0,0,1,Pedestrian
11,1409.0,299.0,1445.0,404.0,207,0,0,1,Pedestrian
11,1409.0,299.0,1445.0,404.0,208,0,0,1,Pedestrian
11,1409.0,299.0,1445.0,404.0,209,0,0,1,Pedestrian
11,1409.0,299.0,1445.0,404.0,210,0,0,1,Pedestrian
11,1409.0,299.0,1445.0,404.0,211,0,0,1,Pedestrian
11,1409.0,299.0,1445.0,404.0,212,0,0,1,Pedestrian
11,1409.0,303.0,1445.0,408.0,213,0,0,1,Pedestrian
11,1409.0,303.0,1445.0,408.0,214,0,0,1,Pedestrian
11,1409.0,303.0,1445.0,408.0,215,0,0,1,Pedestrian
11,1409.0,303.0,1445.0,408.0,216,0,0,1,Pedestrian
11,1409.0,303.0,1445.0,408.0,217,0,0,1,Pedestrian
11,1409.0,303.0,1445.0,408.0,218,0,0,1,Pedestrian
11,1409.0,303.0,1445.0,408.0,219,0,0,1,Pedestrian
11,1409.0,303.0,1445.0,408.0,220,0,0,1,Pedestrian
11,1409.0,303.0,1445.0,408.0,221,0,0,1,Pedestrian
11,1409.0,303.0,1445.0,408.0,222,0,0,1,Pedestrian
11,1409.0,303.0,1445.0,408.0,223,0,0,1,Pedestrian
11,1409.0,303.0,1445.0,408.0,224,0,0,1,Pedestrian
11,1409.0,303.0,1445.0,408.0,225,0,0,1,Pedestrian
11,1409.0,303.0,1445.0,408.0,226,0,0,1,Pedestrian
11,1409.0,303.0,1445.0,408.0,227,0,0,1,Pedestrian
11,1409.0,303.0,1445.0,408.0,228,0,0,1,Pedestrian
11,1409.0,303.0,1445.0,408.0,229,0,0,1,Pedestrian
11,1409.0,303.0,1445.0,408.0,230,0,0,1,Pedestrian
11,1409.0,303.0,1445.0,408.0,231,0,0,1,Pedestrian
11,1409.0,303.0,1445.0,408.0,232,0,0,1,Pedestrian
11,1409.0,303.0,1445.0,408.0,233,0,0,1,Pedestrian
11,1409.0,303.0,1445.0,408.0,234,0,0,1,Pedestrian
11,1409.0,303.0,1445.0,408.0,235,0,0,1,Pedestrian
11,1409.0,303.0,1445.0,408.0,236,0,0,1,Pedestrian
11,1409.0,303.0,1445.0,408.0,237,0,0,1,Pedestrian
11,1409.0,303.0,1445.0,408.0,238,0,0,1,Pedestrian
11,1409.0,303.0,1445.0,408.0,239,0,0,1,Pedestrian
11,1409.0,303.0,1445.0,408.0,240,0,0,1,Pedestrian
11,1409.0,303.0,1445.0,408.0,241,0,0,1,Pedestrian
11,1409.0,303.0,1445.0,408.0,242,0,0,1,Pedestrian
11,1409.0,303.0,1445.0,408.0,243,0,0,1,Pedestrian
11,1409.0,303.0,1445.0,408.0,244,0,0,1,Pedestrian
11,1409.0,303.0,1445.0,408.0,245,0,0,1,Pedestrian
11,1411.0,307.0,1445.0,412.0,246,0,0,1,Pedestrian
11,1411.0,307.0,1445.0,412.0,247,0,0,1,Pedestrian
11,1411.0,307.0,1445.0,412.0,248,0,0,1,Pedestrian
11,1411.0,307.0,1445.0,412.0,249,0,0,1,Pedestrian
11,1411.0,307.0,1445.0,412.0,250,0,0,1,Pedestrian
11,1411.0,307.0,1445.0,412.0,251,0,0,1,Pedestrian
11,1411.0,307.0,1445.0,412.0,252,0,0,1,Pedestrian
11,1411.0,307.0,1445.0,412.0,253,0,0,1,Pedestrian
11,1411.0,307.0,1445.0,412.0,254,0,0,1,Pedestrian
11,1411.0,307.0,1445.0,412.0,255,0,0,1,Pedestrian
11,1411.0,307.0,1445.0,412.0,256,0,0,1,Pedestrian
11,1411.0,307.0,1445.0,412.0,257,0,0,1,Pedestrian
11,1411.0,307.0,1445.0,412.0,258,0,0,1,Pedestrian
11,1411.0,307.0,1445.0,412.0,259,0,0,1,Pedestrian
11,1411.0,307.0,1445.0,412.0,260,0,0,1,Pedestrian
11,1411.0,307.0,1445.0,412.0,261,0,0,1,Pedestrian
11,1411.0,307.0,1445.0,412.0,262,0,0,1,Pedestrian
11,1411.0,307.0,1445.0,412.0,263,0,0,1,Pedestrian
11,1411.0,307.0,1445.0,412.0,264,0,0,1,Pedestrian
11,1411.0,307.0,1445.0,412.0,265,0,0,1,Pedestrian
11,1411.0,307.0,1445.0,412.0,266,0,0,1,Pedestrian
11,1411.0,307.0,1445.0,412.0,267,0,0,1,Pedestrian
11,1411.0,307.0,1445.0,412.0,268,0,0,1,Pedestrian
11,1411.0,307.0,1445.0,412.0,269,0,0,1,Pedestrian
11,1411.0,307.0,1445.0,412.0,270,0,0,1,Pedestrian
11,1411.0,307.0,1445.0,412.0,271,0,0,1,Pedestrian
11,1411.0,307.0,1445.0,412.0,272,0,0,1,Pedestrian
11,1411.0,307.0,1445.0,412.0,273,0,0,1,Pedestrian
11,1411.0,307.0,1445.0,412.0,274,0,0,1,Pedestrian
11,1411.0,307.0,1445.0,412.0,275,0,0,1,Pedestrian
11,1411.0,307.0,1445.0,412.0,276,0,0,1,Pedestrian
11,1411.0,307.0,1445.0,412.0,277,0,0,1,Pedestrian
11,1411.0,307.0,1445.0,412.0,278,0,0,1,Pedestrian
11,1411.0,311.0,1445.0,416.0,279,0,0,1,Pedestrian
11,1411.0,311.0,1445.0,416.0,280,0,0,1,Pedestrian
11,1411.0,311.0,1445.0,416.0,281,0,0,1,Pedestrian
11,1411.0,311.0,1445.0,416.0,282,0,0,1,Pedestrian
11,1411.0,311.0,1445.0,416.0,283,0,0,1,Pedestrian
11,1411.0,311.0,1445.0,416.0,284,0,0,1,Pedestrian
11,1411.0,311.0,1445.0,416.0,285,0,0,1,Pedestrian
11,1411.0,311.0,1445.0,416.0,286,0,0,1,Pedestrian
11,1411.0,311.0,1445.0,416.0,287,0,0,1,Pedestrian
11,1411.0,311.0,1445.0,416.0,288,0,0,1,Pedestrian
11,1411.0,311.0,1445.0,416.0,289,0,0,1,Pedestrian
11,1411.0,311.0,1445.0,416.0,290,0,0,1,Pedestrian
11,1411.0,311.0,1445.0,416.0,291,0,0,1,Pedestrian
11,1411.0,311.0,1445.0,416.0,292,0,0,1,Pedestrian
11,1411.0,311.0,1445.0,416.0,293,0,0,1,Pedestrian
11,1411.0,311.0,1445.0,416.0,294,0,0,1,Pedestrian
11,1411.0,311.0,1445.0,416.0,295,0,0,1,Pedestrian
11,1411.0,311.0,1445.0,416.0,296,0,0,1,Pedestrian
11,1411.0,311.0,1445.0,416.0,297,0,0,1,Pedestrian
11,1411.0,311.0,1445.0,416.0,298,0,0,1,Pedestrian
11,1411.0,311.0,1445.0,416.0,299,0,0,1,Pedestrian
11,1411.0,311.0,1445.0,416.0,300,0,0,1,Pedestrian
11,1411.0,311.0,1445.0,416.0,301,0,0,1,Pedestrian
11,1411.0,311.0,1445.0,416.0,302,0,0,1,Pedestrian
11,1411.0,311.0,1445.0,416.0,303,0,0,1,Pedestrian
11,1411.0,311.0,1445.0,416.0,304,0,0,1,Pedestrian
11,1411.0,311.0,1445.0,416.0,305,0,0,1,Pedestrian
11,1411.0,311.0,1445.0,416.0,306,0,0,1,Pedestrian
11,1411.0,311.0,1445.0,416.0,307,0,0,1,Pedestrian
11,1411.0,311.0,1445.0,416.0,308,0,0,1,Pedestrian
11,1411.0,311.0,1445.0,416.0,309,0,0,1,Pedestrian
11,1411.0,311.0,1445.0,416.0,310,0,0,1,Pedestrian
11,1411.0,311.0,1445.0,416.0,311,0,0,1,Pedestrian
11,1411.0,311.0,1445.0,416.0,312,0,0,1,Pedestrian
11,1411.0,315.0,1445.0,420.0,313,0,0,1,Pedestrian
11,1411.0,315.0,1445.0,420.0,314,0,0,1,Pedestrian
11,1411.0,315.0,1445.0,420.0,315,0,0,1,Pedestrian
11,1411.0,315.0,1445.0,420.0,316,0,0,1,Pedestrian
11,1411.0,315.0,1445.0,420.0,317,0,0,1,Pedestrian
11,1411.0,315.0,1445.0,420.0,318,0,0,1,Pedestrian
11,1411.0,315.0,1445.0,420.0,319,0,0,1,Pedestrian
11,1411.0,315.0,1445.0,420.0,320,0,0,1,Pedestrian
11,1411.0,315.0,1445.0,420.0,321,0,0,1,Pedestrian
11,1411.0,315.0,1445.0,420.0,322,0,0,1,Pedestrian
11,1411.0,315.0,1445.0,420.0,323,0,0,1,Pedestrian
11,1411.0,315.0,1445.0,420.0,324,0,0,1,Pedestrian
11,1411.0,315.0,1445.0,420.0,325,0,0,1,Pedestrian
11,1411.0,315.0,1445.0,420.0,326,0,0,1,Pedestrian
11,1411.0,315.0,1445.0,420.0,327,0,0,1,Pedestrian
11,1411.0,315.0,1445.0,420.0,328,0,0,1,Pedestrian
11,1411.0,315.0,1445.0,420.0,329,0,0,1,Pedestrian
11,1411.0,315.0,1445.0,420.0,330,0,0,1,Pedestrian
11,1411.0,315.0,1445.0,420.0,331,0,0,1,Pedestrian
11,1411.0,315.0,1445.0,420.0,332,0,0,1,Pedestrian
11,1411.0,315.0,1445.0,420.0,333,0,0,1,Pedestrian
11,1411.0,315.0,1445.0,420.0,334,0,0,1,Pedestrian
11,1411.0,315.0,1445.0,420.0,335,0,0,1,Pedestrian
11,1411.0,315.0,1445.0,420.0,336,0,0,1,Pedestrian
11,1411.0,315.0,1445.0,420.0,337,0,0,1,Pedestrian
11,1411.0,315.0,1445.0,420.0,338,0,0,1,Pedestrian
11,1411.0,315.0,1445.0,420.0,339,0,0,1,Pedestrian
11,1411.0,315.0,1445.0,420.0,340,0,0,1,Pedestrian
11,1411.0,315.0,1445.0,420.0,341,0,0,1,Pedestrian
11,1411.0,315.0,1445.0,420.0,342,0,0,1,Pedestrian
11,1411.0,315.0,1445.0,420.0,343,0,0,1,Pedestrian
11,1411.0,315.0,1445.0,420.0,344,0,0,1,Pedestrian
11,1411.0,315.0,1445.0,420.0,345,0,0,1,Pedestrian
11,1411.0,319.0,1445.0,424.0,346,0,0,1,Pedestrian
11,1411.0,319.0,1445.0,424.0,347,0,0,1,Pedestrian
11,1411.0,319.0,1445.0,424.0,348,0,0,1,Pedestrian
11,1411.0,319.0,1445.0,424.0,349,0,0,1,Pedestrian
11,1411.0,319.0,1445.0,424.0,350,0,0,1,Pedestrian
11,1411.0,319.0,1445.0,424.0,351,0,0,1,Pedestrian
11,1411.0,319.0,1445.0,424.0,352,0,0,1,Pedestrian
11,1411.0,319.0,1445.0,424.0,353,0,0,1,Pedestrian
11,1411.0,319.0,1445.0,424.0,354,0,0,1,Pedestrian
11,1411.0,319.0,1445.0,424.0,355,0,0,1,Pedestrian
11,1411.0,319.0,1445.0,424.0,356,0,0,1,Pedestrian
11,1411.0,319.0,1445.0,424.0,357,0,0,1,Pedestrian
11,1411.0,319.0,1445.0,424.0,358,0,0,1,Pedestrian
11,1411.0,319.0,1445.0,424.0,359,0,0,1,Pedestrian
11,1411.0,319.0,1445.0,424.0,360,0,0,1,Pedestrian
11,1411.0,319.0,1445.0,424.0,361,0,0,1,Pedestrian
11,1411.0,319.0,1445.0,424.0,362,0,0,1,Pedestrian
11,1411.0,319.0,1445.0,424.0,363,0,0,1,Pedestrian
11,1411.0,319.0,1445.0,424.0,364,0,0,1,Pedestrian
11,1411.0,319.0,1445.0,424.0,365,0,0,1,Pedestrian
11,1411.0,319.0,1445.0,424.0,366,0,0,1,Pedestrian
11,1411.0,319.0,1445.0,424.0,367,0,0,1,Pedestrian
11,1411.0,319.0,1445.0,424.0,368,0,0,1,Pedestrian
11,1411.0,319.0,1445.0,424.0,369,0,0,1,Pedestrian
11,1411.0,319.0,1445.0,424.0,370,0,0,1,Pedestrian
11,1411.0,319.0,1445.0,424.0,371,0,0,1,Pedestrian
11,1411.0,319.0,1445.0,424.0,372,0,0,1,Pedestrian
11,1411.0,319.0,1445.0,424.0,373,0,0,1,Pedestrian
11,1411.0,319.0,1445.0,424.0,374,0,0,1,Pedestrian
11,1411.0,319.0,1445.0,424.0,375,0,0,1,Pedestrian
11,1411.0,319.0,1445.0,424.0,376,0,0,1,Pedestrian
11,1411.0,319.0,1445.0,424.0,377,0,0,1,Pedestrian
11,1411.0,319.0,1445.0,424.0,378,0,0,1,Pedestrian
11,1413.0,323.0,1447.0,428.0,379,0,0,0,Pedestrian
11,1413.0,323.0,1445.0,428.0,380,0,0,1,Pedestrian
11,1413.0,323.0,1445.0,428.0,381,0,0,1,Pedestrian
11,1413.0,323.0,1445.0,428.0,382,0,0,1,Pedestrian
11,1413.0,323.0,1445.0,428.0,383,0,0,1,Pedestrian
11,1413.0,323.0,1445.0,428.0,384,0,0,1,Pedestrian
11,1413.0,323.0,1445.0,428.0,385,0,0,1,Pedestrian
11,1413.0,323.0,1445.0,428.0,386,0,0,1,Pedestrian
11,1413.0,323.0,1445.0,428.0,387,0,0,1,Pedestrian
11,1413.0,323.0,1445.0,428.0,388,0,0,1,Pedestrian
11,1413.0,323.0,1445.0,428.0,389,0,0,1,Pedestrian
11,1413.0,323.0,1445.0,428.0,390,0,0,1,Pedestrian
11,1413.0,323.0,1445.0,428.0,391,0,0,1,Pedestrian
11,1413.0,323.0,1445.0,428.0,392,0,0,1,Pedestrian
11,1415.0,327.0,1445.0,432.0,393,0,0,1,Pedestrian
11,1415.0,327.0,1445.0,432.0,394,0,0,1,Pedestrian
11,1415.0,327.0,1445.0,432.0,395,0,0,1,Pedestrian
11,1415.0,327.0,1445.0,432.0,396,0,0,1,Pedestrian
11,1415.0,327.0,1445.0,432.0,397,0,0,1,Pedestrian
11,1415.0,327.0,1445.0,432.0,398,0,0,1,Pedestrian
11,1415.0,327.0,1445.0,432.0,399,0,0,1,Pedestrian
11,1415.0,327.0,1445.0,432.0,400,0,0,1,Pedestrian
11,1415.0,327.0,1445.0,432.0,401,0,0,1,Pedestrian
11,1415.0,327.0,1445.0,432.0,402,0,0,1,Pedestrian
11,1415.0,327.0,1445.0,432.0,403,0,0,1,Pedestrian
11,1415.0,327.0,1445.0,432.0,404,0,0,1,Pedestrian
11,1415.0,327.0,1445.0,432.0,405,0,0,1,Pedestrian
11,1417.0,331.0,1445.0,436.0,406,0,0,1,Pedestrian
11,1417.0,331.0,1445.0,436.0,407,0,0,1,Pedestrian
11,1417.0,331.0,1445.0,436.0,408,0,0,1,Pedestrian
11,1417.0,331.0,1445.0,436.0,409,0,0,1,Pedestrian
11,1417.0,331.0,1445.0,436.0,410,0,0,1,Pedestrian
11,1417.0,331.0,1445.0,436.0,411,0,0,1,Pedestrian
11,1417.0,331.0,1445.0,436.0,412,0,0,1,Pedestrian
11,1417.0,331.0,1445.0,436.0,413,0,0,1,Pedestrian
11,1417.0,331.0,1445.0,436.0,414,0,0,1,Pedestrian
11,1417.0,331.0,1445.0,436.0,415,0,0,1,Pedestrian
11,1417.0,331.0,1445.0,436.0,416,0,0,1,Pedestrian
11,1417.0,331.0,1445.0,436.0,417,0,0,1,Pedestrian
11,1417.0,331.0,1445.0,436.0,418,0,0,1,Pedestrian
11,1419.0,335.0,1445.0,440.0,419,0,0,1,Pedestrian
11,1419.0,335.0,1445.0,440.0,420,0,0,1,Pedestrian
11,1419.0,335.0,1445.0,440.0,421,0,0,1,Pedestrian
11,1419.0,335.0,1445.0,440.0,422,0,0,1,Pedestrian
11,1419.0,335.0,1445.0,440.0,423,0,0,1,Pedestrian
11,1419.0,335.0,1445.0,440.0,424,0,0,1,Pedestrian
11,1419.0,335.0,1445.0,440.0,425,0,0,1,Pedestrian
11,1419.0,335.0,1445.0,440.0,426,0,0,1,Pedestrian
11,1419.0,335.0,1445.0,440.0,427,0,0,1,Pedestrian
11,1419.0,335.0,1445.0,440.0,428,0,0,1,Pedestrian
11,1419.0,335.0,1445.0,440.0,429,0,0,1,Pedestrian
11,1419.0,335.0,1445.0,440.0,430,0,0,1,Pedestrian
11,1419.0,335.0,1445.0,440.0,431,0,0,1,Pedestrian
11,1421.0,339.0,1445.0,444.0,432,0,0,1,Pedestrian
11,1421.0,339.0,1445.0,444.0,433,0,0,1,Pedestrian
11,1421.0,339.0,1445.0,444.0,434,0,0,1,Pedestrian
11,1421.0,339.0,1445.0,444.0,435,0,0,1,Pedestrian
11,1421.0,339.0,1445.0,444.0,436,0,0,1,Pedestrian
11,1421.0,339.0,1445.0,444.0,437,0,0,1,Pedestrian
11,1421.0,339.0,1445.0,444.0,438,0,0,1,Pedestrian
11,1421.0,339.0,1445.0,444.0,439,0,0,1,Pedestrian
11,1421.0,339.0,1445.0,444.0,440,0,0,1,Pedestrian
11,1421.0,339.0,1445.0,444.0,441,0,0,1,Pedestrian
11,1421.0,339.0,1445.0,444.0,442,0,0,1,Pedestrian
11,1421.0,339.0,1445.0,444.0,443,0,0,1,Pedestrian
11,1421.0,339.0,1445.0,444.0,444,0,0,1,Pedestrian
11,1423.0,343.0,1445.0,448.0,445,0,0,1,Pedestrian
11,1423.0,343.0,1445.0,448.0,446,0,0,1,Pedestrian
11,1423.0,343.0,1445.0,448.0,447,0,0,1,Pedestrian
11,1423.0,343.0,1445.0,448.0,448,0,0,1,Pedestrian
11,1423.0,343.0,1445.0,448.0,449,0,0,1,Pedestrian
11,1423.0,343.0,1445.0,448.0,450,0,0,1,Pedestrian
11,1423.0,343.0,1445.0,448.0,451,0,0,1,Pedestrian
11,1423.0,343.0,1445.0,448.0,452,0,0,1,Pedestrian
11,1423.0,343.0,1445.0,448.0,453,0,0,1,Pedestrian
11,1423.0,343.0,1445.0,448.0,454,0,0,1,Pedestrian
11,1423.0,343.0,1445.0,448.0,455,0,0,1,Pedestrian
11,1423.0,343.0,1445.0,448.0,456,0,0,1,Pedestrian
11,1423.0,343.0,1445.0,448.0,457,0,0,1,Pedestrian
11,1425.0,347.0,1445.0,452.0,458,1,0,0,Pedestrian
11,1425.0,347.0,1445.0,452.0,459,1,0,1,Pedestrian
11,1425.0,347.0,1445.0,452.0,460,1,0,1,Pedestrian
11,1425.0,347.0,1445.0,452.0,461,1,0,1,Pedestrian
11,1425.0,347.0,1445.0,452.0,462,1,0,1,Pedestrian
11,1425.0,347.0,1445.0,452.0,463,1,0,1,Pedestrian
11,1425.0,347.0,1445.0,452.0,464,1,0,1,Pedestrian
11,1425.0,347.0,1445.0,452.0,465,1,0,1,Pedestrian
11,1425.0,347.0,1445.0,452.0,466,1,0,1,Pedestrian
11,1425.0,347.0,1445.0,452.0,467,1,0,1,Pedestrian
11,1425.0,347.0,1445.0,452.0,468,1,0,0,Pedestrian
11,1425.0,347.0,1445.0,452.0,469,1,0,1,Pedestrian
11,1425.0,347.0,1445.0,452.0,470,1,0,1,Pedestrian
11,1425.0,347.0,1445.0,452.0,471,1,0,1,Pedestrian
11,1425.0,347.0,1445.0,452.0,472,1,0,1,Pedestrian
11,1425.0,347.0,1445.0,452.0,473,1,0,1,Pedestrian
11,1425.0,347.0,1445.0,452.0,474,1,0,1,Pedestrian
11,1425.0,347.0,1445.0,452.0,475,1,0,1,Pedestrian
11,1425.0,347.0,1445.0,452.0,476,1,0,1,Pedestrian
11,1425.0,347.0,1445.0,452.0,477,1,0,1,Pedestrian
11,1425.0,347.0,1445.0,452.0,478,1,0,1,Pedestrian
11,1425.0,347.0,1445.0,452.0,479,1,0,1,Pedestrian
11,1425.0,347.0,1445.0,452.0,480,1,0,1,Pedestrian
11,1425.0,347.0,1445.0,452.0,481,1,0,1,Pedestrian
11,1425.0,347.0,1445.0,452.0,482,1,0,1,Pedestrian
11,1425.0,347.0,1445.0,452.0,483,1,0,1,Pedestrian
11,1425.0,347.0,1445.0,452.0,484,1,0,1,Pedestrian
11,1425.0,347.0,1445.0,452.0,485,1,0,1,Pedestrian
11,1425.0,347.0,1445.0,452.0,486,1,0,1,Pedestrian
11,1425.0,347.0,1445.0,452.0,487,1,0,1,Pedestrian
11,1425.0,347.0,1445.0,452.0,488,1,0,1,Pedestrian
11,1425.0,347.0,1445.0,452.0,489,1,0,1,Pedestrian
11,1425.0,347.0,1445.0,452.0,490,1,0,1,Pedestrian
11,1425.0,347.0,1445.0,452.0,491,1,0,1,Pedestrian
11,1425.0,347.0,1445.0,452.0,492,1,0,1,Pedestrian
11,1425.0,347.0,1445.0,452.0,493,1,0,1,Pedestrian
11,1425.0,347.0,1445.0,452.0,494,1,0,1,Pedestrian
11,1425.0,347.0,1445.0,452.0,495,1,0,1,Pedestrian
11,1425.0,347.0,1445.0,452.0,496,1,0,1,Pedestrian
11,1425.0,347.0,1445.0,452.0,497,1,0,1,Pedestrian
11,1425.0,347.0,1445.0,452.0,498,1,0,1,Pedestrian
11,1425.0,347.0,1445.0,452.0,499,1,0,1,Pedestrian
11,1425.0,347.0,1445.0,452.0,500,1,0,1,Pedestrian
11,1425.0,347.0,1445.0,452.0,501,1,0,1,Pedestrian
11,1425.0,347.0,1445.0,452.0,502,1,0,1,Pedestrian
11,1425.0,347.0,1445.0,452.0,503,1,0,1,Pedestrian
11,1425.0,347.0,1445.0,452.0,504,1,0,1,Pedestrian
11,1425.0,347.0,1445.0,452.0,505,1,0,1,Pedestrian
11,1425.0,347.0,1445.0,452.0,506,1,0,1,Pedestrian
11,1425.0,347.0,1445.0,452.0,507,1,0,1,Pedestrian
11,1425.0,347.0,1445.0,452.0,508,1,0,1,Pedestrian
11,1425.0,347.0,1445.0,452.0,509,1,0,1,Pedestrian
11,1425.0,347.0,1445.0,452.0,510,1,0,1,Pedestrian
11,1425.0,347.0,1445.0,452.0,511,1,0,1,Pedestrian
11,1425.0,347.0,1445.0,452.0,512,1,0,1,Pedestrian
11,1425.0,347.0,1445.0,452.0,513,1,0,1,Pedestrian
11,1425.0,347.0,1445.0,452.0,514,1,0,1,Pedestrian
11,1425.0,347.0,1445.0,452.0,515,1,0,1,Pedestrian
11,1425.0,347.0,1445.0,452.0,516,1,0,1,Pedestrian
11,1425.0,347.0,1445.0,452.0,517,1,0,1,Pedestrian
11,1425.0,347.0,1445.0,452.0,518,1,0,1,Pedestrian
11,1425.0,347.0,1445.0,452.0,519,1,0,1,Pedestrian
11,1425.0,347.0,1445.0,452.0,520,1,0,1,Pedestrian
11,1425.0,347.0,1445.0,452.0,521,1,0,1,Pedestrian
11,1425.0,347.0,1445.0,452.0,522,1,0,1,Pedestrian
11,1425.0,347.0,1445.0,452.0,523,1,0,1,Pedestrian
11,1425.0,347.0,1445.0,452.0,524,1,0,1,Pedestrian
11,1425.0,347.0,1445.0,452.0,525,1,0,1,Pedestrian
11,1425.0,347.0,1445.0,452.0,526,1,0,1,Pedestrian
11,1425.0,347.0,1445.0,452.0,527,1,0,1,Pedestrian
11,1425.0,347.0,1445.0,452.0,528,1,0,1,Pedestrian
11,1425.0,347.0,1445.0,452.0,529,1,0,1,Pedestrian
11,1425.0,347.0,1445.0,452.0,530,1,0,1,Pedestrian
11,1425.0,347.0,1445.0,452.0,531,1,0,0,Pedestrian
12,698.0,206.0,737.0,303.0,0,0,0,0,Pedestrian
12,698.0,202.0,737.0,299.0,1,0,0,1,Pedestrian
12,698.0,202.0,737.0,299.0,2,0,0,1,Pedestrian
12,698.0,202.0,737.0,295.0,3,0,0,1,Pedestrian
12,698.0,198.0,737.0,295.0,4,0,0,1,Pedestrian
12,698.0,198.0,737.0,295.0,5,0,0,1,Pedestrian
12,698.0,198.0,737.0,291.0,6,0,0,1,Pedestrian
12,698.0,194.0,737.0,291.0,7,0,0,1,Pedestrian
12,698.0,194.0,737.0,291.0,8,0,0,1,Pedestrian
12,698.0,194.0,737.0,286.0,9,0,0,1,Pedestrian
12,698.0,189.0,737.0,286.0,10,0,0,1,Pedestrian
12,698.0,189.0,737.0,286.0,11,0,0,1,Pedestrian
12,698.0,189.0,737.0,282.0,12,0,0,1,Pedestrian
12,698.0,185.0,737.0,282.0,13,0,0,1,Pedestrian
12,698.0,185.0,737.0,282.0,14,0,0,1,Pedestrian
12,698.0,185.0,737.0,278.0,15,0,0,1,Pedestrian
12,698.0,181.0,737.0,278.0,16,0,0,1,Pedestrian
12,698.0,181.0,737.0,278.0,17,0,0,1,Pedestrian
12,700.0,181.0,739.0,274.0,18,0,0,1,Pedestrian
12,700.0,177.0,739.0,274.0,19,0,0,1,Pedestrian
12,700.0,177.0,739.0,274.0,20,0,0,1,Pedestrian
12,700.0,177.0,739.0,270.0,21,0,0,1,Pedestrian
12,700.0,173.0,739.0,270.0,22,0,0,1,Pedestrian
12,700.0,173.0,739.0,270.0,23,0,0,1,Pedestrian
12,700.0,173.0,739.0,266.0,24,0,0,1,Pedestrian
12,700.0,169.0,739.0,266.0,25,0,0,1,Pedestrian
12,700.0,169.0,739.0,266.0,26,0,0,1,Pedestrian
12,700.0,169.0,739.0,262.0,27,0,0,1,Pedestrian
12,700.0,165.0,739.0,262.0,28,0,0,1,Pedestrian
12,700.0,165.0,739.0,262.0,29,0,0,1,Pedestrian
12,700.0,165.0,739.0,258.0,30,0,0,1,Pedestrian
12,700.0,161.0,739.0,258.0,31,0,0,1,Pedestrian
12,700.0,161.0,739.0,258.0,32,0,0,1,Pedestrian
12,700.0,161.0,739.0,254.0,33,0,0,1,Pedestrian
12,700.0,161.0,739.0,254.0,34,0,0,1,Pedestrian
12,700.0,157.0,739.0,254.0,35,0,0,1,Pedestrian
12,702.0,157.0,741.0,250.0,36,0,0,1,Pedestrian
12,702.0,157.0,741.0,250.0,37,0,0,1,Pedestrian
12,702.0,153.0,741.0,250.0,38,0,0,1,Pedestrian
12,702.0,153.0,741.0,246.0,39,0,0,1,Pedestrian
12,702.0,153.0,741.0,246.0,40,0,0,1,Pedestrian
12,702.0,149.0,741.0,246.0,41,0,0,1,Pedestrian
12,702.0,149.0,741.0,242.0,42,0,0,1,Pedestrian
12,702.0,149.0,741.0,242.0,43,0,0,1,Pedestrian
12,702.0,145.0,741.0,242.0,44,0,0,1,Pedestrian
12,702.0,145.0,741.0,238.0,45,0,0,1,Pedestrian
12,702.0,145.0,741.0,238.0,46,0,0,1,Pedestrian
12,702.0,141.0,741.0,238.0,47,0,0,1,Pedestrian
12,702.0,141.0,741.0,234.0,48,0,0,1,Pedestrian
12,702.0,141.0,741.0,234.0,49,0,0,1,Pedestrian
12,702.0,137.0,741.0,234.0,50,0,0,1,Pedestrian
12,702.0,137.0,741.0,230.0,51,0,0,1,Pedestrian
12,702.0,137.0,741.0,230.0,52,0,0,1,Pedestrian
12,704.0,133.0,743.0,230.0,53,0,0,1,Pedestrian
12,704.0,133.0,743.0,226.0,54,0,0,1,Pedestrian
12,704.0,133.0,743.0,226.0,55,0,0,1,Pedestrian
12,704.0,129.0,743.0,226.0,56,0,0,1,Pedestrian
12,704.0,129.0,743.0,222.0,57,0,0,1,Pedestrian
12,704.0,129.0,743.0,222.0,58,0,0,1,Pedestrian
12,704.0,125.0,743.0,222.0,59,0,0,1,Pedestrian
12,704.0,125.0,743.0,218.0,60,0,0,1,Pedestrian
12,704.0,125.0,743.0,218.0,61,0,0,1,Pedestrian
12,704.0,121.0,743.0,218.0,62,0,0,1,Pedestrian
12,704.0,121.0,743.0,214.0,63,0,0,1,Pedestrian
12,704.0,121.0,743.0,214.0,64,0,0,1,Pedestrian
12,704.0,121.0,743.0,214.0,65,0,0,1,Pedestrian
12,704.0,117.0,743.0,210.0,66,0,0,1,Pedestrian
12,704.0,117.0,743.0,210.0,67,0,0,1,Pedestrian
12,704.0,117.0,743.0,210.0,68,0,0,1,Pedestrian
12,704.0,113.0,743.0,206.0,69,0,0,1,Pedestrian
12,704.0,113.0,743.0,206.0,70,0,0,1,Pedestrian
12,706.0,113.0,745.0,206.0,71,0,0,1,Pedestrian
12,706.0,109.0,745.0,202.0,72,0,0,1,Pedestrian
12,706.0,109.0,745.0,202.0,73,0,0,1,Pedestrian
12,706.0,109.0,745.0,202.0,74,0,0,1,Pedestrian
12,706.0,105.0,745.0,198.0,75,0,0,1,Pedestrian
12,706.0,105.0,745.0,198.0,76,0,0,1,Pedestrian
12,706.0,105.0,745.0,198.0,77,0,0,1,Pedestrian
12,706.0,101.0,745.0,194.0,78,0,0,1,Pedestrian
12,706.0,101.0,745.0,194.0,79,0,0,1,Pedestrian
12,706.0,101.0,745.0,194.0,80,0,0,1,Pedestrian
12,706.0,97.0,745.0,189.0,81,0,0,1,Pedestrian
12,706.0,97.0,745.0,189.0,82,0,0,1,Pedestrian
12,706.0,97.0,745.0,189.0,83,0,0,1,Pedestrian
12,706.0,92.0,745.0,185.0,84,0,0,1,Pedestrian
12,706.0,92.0,745.0,185.0,85,0,0,1,Pedestrian
12,706.0,92.0,745.0,185.0,86,0,0,1,Pedestrian
12,706.0,88.0,745.0,181.0,87,0,0,1,Pedestrian
12,708.0,88.0,747.0,181.0,88,0,0,1,Pedestrian
12,708.0,88.0,747.0,181.0,89,0,0,1,Pedestrian
12,708.0,84.0,747.0,177.0,90,0,0,1,Pedestrian
12,708.0,84.0,747.0,177.0,91,0,0,1,Pedestrian
12,708.0,84.0,747.0,177.0,92,0,0,1,Pedestrian
12,708.0,80.0,747.0,173.0,93,0,0,1,Pedestrian
12,708.0,80.0,747.0,173.0,94,0,0,1,Pedestrian
12,708.0,80.0,747.0,173.0,95,0,0,1,Pedestrian
12,708.0,80.0,747.0,169.0,96,0,0,1,Pedestrian
12,708.0,76.0,747.0,169.0,97,0,0,1,Pedestrian
12,708.0,76.0,747.0,169.0,98,0,0,1,Pedestrian
12,708.0,76.0,747.0,165.0,99,0,0,1,Pedestrian
12,708.0,72.0,747.0,165.0,100,0,0,1,Pedestrian
12,708.0,72.0,747.0,165.0,101,0,0,1,Pedestrian
12,708.0,72.0,747.0,161.0,102,0,0,1,Pedestrian
12,708.0,68.0,747.0,161.0,103,0,0,1,Pedestrian
12,708.0,68.0,747.0,161.0,104,0,0,1,Pedestrian
12,708.0,68.0,747.0,157.0,105,0,0,1,Pedestrian
12,710.0,64.0,749.0,157.0,106,0,0,1,Pedestrian
12,710.0,64.0,749.0,157.0,107,0,0,1,Pedestrian
12,710.0,64.0,749.0,153.0,108,0,0,1,Pedestrian
12,710.0,60.0,749.0,153.0,109,0,0,1,Pedestrian
12,710.0,60.0,749.0,153.0,110,0,0,1,Pedestrian
12,710.0,60.0,749.0,149.0,111,0,0,1,Pedestrian
12,710.0,56.0,749.0,149.0,112,0,0,1,Pedestrian
12,710.0,56.0,749.0,149.0,113,0,0,1,Pedestrian
12,710.0,56.0,749.0,145.0,114,0,0,1,Pedestrian
12,710.0,52.0,749.0,145.0,115,0,0,1,Pedestrian
12,710.0,52.0,749.0,145.0,116,0,0,1,Pedestrian
12,710.0,52.0,749.0,141.0,117,0,0,1,Pedestrian
12,710.0,48.0,749.0,141.0,118,0,0,1,Pedestrian
12,710.0,48.0,749.0,141.0,119,0,0,1,Pedestrian
12,710.0,48.0,749.0,137.0,120,0,0,1,Pedestrian
12,710.0,44.0,749.0,137.0,121,0,0,1,Pedestrian
12,710.0,44.0,749.0,137.0,122,0,0,1,Pedestrian
12,712.0,44.0,751.0,133.0,123,0,0,1,Pedestrian
12,712.0,40.0,751.0,133.0,124,0,0,1,Pedestrian
12,712.0,40.0,751.0,133.0,125,0,0,1,Pedestrian
12,712.0,40.0,751.0,129.0,126,0,0,1,Pedestrian
12,712.0,40.0,751.0,129.0,127,0,0,1,Pedestrian
12,712.0,36.0,751.0,129.0,128,0,0,1,Pedestrian
12,712.0,36.0,751.0,125.0,129,0,0,1,Pedestrian
12,712.0,36.0,751.0,125.0,130,0,0,1,Pedestrian
12,712.0,32.0,751.0,125.0,131,0,0,1,Pedestrian
12,712.0,32.0,751.0,121.0,132,0,0,1,Pedestrian
12,712.0,32.0,751.0,121.0,133,0,0,1,Pedestrian
12,712.0,28.0,751.0,121.0,134,0,0,1,Pedestrian
12,712.0,28.0,751.0,117.0,135,0,0,1,Pedestrian
12,712.0,28.0,751.0,117.0,136,0,0,1,Pedestrian
12,712.0,24.0,751.0,117.0,137,0,0,1,Pedestrian
12,712.0,24.0,751.0,113.0,138,0,0,1,Pedestrian
12,712.0,24.0,751.0,113.0,139,0,0,1,Pedestrian
12,712.0,20.0,751.0,113.0,140,0,0,1,Pedestrian
12,714.0,20.0,753.0,109.0,141,0,0,1,Pedestrian
12,714.0,20.0,753.0,109.0,142,0,0,1,Pedestrian
12,714.0,16.0,753.0,109.0,143,0,0,1,Pedestrian
12,714.0,16.0,753.0,105.0,144,0,0,1,Pedestrian
12,714.0,16.0,753.0,105.0,145,0,0,1,Pedestrian
12,714.0,12.0,753.0,105.0,146,0,0,1,Pedestrian
12,714.0,12.0,753.0,101.0,147,0,0,1,Pedestrian
12,714.0,12.0,753.0,101.0,148,0,0,1,Pedestrian
12,714.0,8.0,753.0,101.0,149,0,0,1,Pedestrian
12,714.0,8.0,753.0,97.0,150,0,0,1,Pedestrian
12,714.0,8.0,753.0,97.0,151,0,0,1,Pedestrian
12,714.0,4.0,753.0,97.0,152,0,0,1,Pedestrian
12,714.0,4.0,753.0,92.0,153,0,0,1,Pedestrian
12,714.0,4.0,753.0,92.0,154,0,0,1,Pedestrian
12,714.0,0.0,753.0,92.0,155,0,0,1,Pedestrian
12,714.0,0.0,753.0,88.0,156,0,0,1,Pedestrian
12,714.0,0.0,753.0,88.0,157,0,0,1,Pedestrian
12,716.0,0.0,755.0,88.0,158,0,0,0,Pedestrian
12,716.0,0.0,755.0,84.0,159,0,0,1,Pedestrian
12,716.0,0.0,755.0,84.0,160,0,0,1,Pedestrian
12,716.0,0.0,755.0,84.0,161,0,0,1,Pedestrian
12,716.0,0.0,755.0,80.0,162,0,0,1,Pedestrian
12,716.0,0.0,755.0,80.0,163,0,0,1,Pedestrian
12,716.0,0.0,755.0,80.0,164,0,0,1,Pedestrian
12,716.0,0.0,755.0,76.0,165,0,0,1,Pedestrian
12,716.0,0.0,755.0,76.0,166,0,0,1,Pedestrian
12,716.0,0.0,755.0,76.0,167,0,0,1,Pedestrian
12,716.0,0.0,755.0,72.0,168,0,0,1,Pedestrian
12,716.0,0.0,755.0,72.0,169,0,0,1,Pedestrian
12,716.0,0.0,755.0,72.0,170,0,0,1,Pedestrian
12,716.0,0.0,755.0,68.0,171,0,0,1,Pedestrian
12,716.0,0.0,755.0,68.0,172,0,0,1,Pedestrian
12,716.0,0.0,755.0,68.0,173,0,0,1,Pedestrian
12,716.0,0.0,755.0,64.0,174,0,0,1,Pedestrian
12,716.0,0.0,755.0,64.0,175,0,0,1,Pedestrian
12,716.0,0.0,755.0,64.0,176,0,0,1,Pedestrian
12,716.0,0.0,755.0,60.0,177,0,0,1,Pedestrian
12,716.0,0.0,755.0,60.0,178,0,0,1,Pedestrian
12,716.0,0.0,755.0,60.0,179,0,0,1,Pedestrian
12,716.0,0.0,755.0,56.0,180,0,0,1,Pedestrian
12,716.0,0.0,755.0,56.0,181,0,0,1,Pedestrian
12,716.0,0.0,755.0,56.0,182,0,0,1,Pedestrian
12,716.0,0.0,755.0,52.0,183,0,0,1,Pedestrian
12,716.0,0.0,755.0,52.0,184,0,0,1,Pedestrian
12,716.0,0.0,755.0,52.0,185,0,0,1,Pedestrian
12,716.0,0.0,755.0,48.0,186,0,0,1,Pedestrian
12,716.0,0.0,755.0,48.0,187,0,0,1,Pedestrian
12,716.0,0.0,755.0,48.0,188,1,0,0,Pedestrian
12,716.0,0.0,755.0,48.0,189,1,0,1,Pedestrian
12,716.0,0.0,755.0,48.0,190,1,0,1,Pedestrian
12,716.0,0.0,755.0,48.0,191,1,0,1,Pedestrian
12,716.0,0.0,755.0,48.0,192,1,0,1,Pedestrian
12,716.0,0.0,755.0,48.0,193,1,0,1,Pedestrian
12,716.0,0.0,755.0,48.0,194,1,0,1,Pedestrian
12,716.0,0.0,755.0,48.0,195,1,0,1,Pedestrian
12,716.0,0.0,755.0,48.0,196,1,0,1,Pedestrian
12,716.0,0.0,755.0,48.0,197,1,0,1,Pedestrian
12,716.0,0.0,755.0,48.0,198,1,0,0,Pedestrian
12,716.0,0.0,755.0,48.0,199,1,0,1,Pedestrian
12,716.0,0.0,755.0,48.0,200,1,0,1,Pedestrian
12,716.0,0.0,755.0,48.0,201,1,0,1,Pedestrian
12,716.0,0.0,755.0,48.0,202,1,0,1,Pedestrian
12,716.0,0.0,755.0,48.0,203,1,0,1,Pedestrian
12,716.0,0.0,755.0,48.0,204,1,0,1,Pedestrian
12,716.0,0.0,755.0,48.0,205,1,0,1,Pedestrian
12,716.0,0.0,755.0,48.0,206,1,0,1,Pedestrian
12,716.0,0.0,755.0,48.0,207,1,0,1,Pedestrian
12,716.0,0.0,755.0,48.0,208,1,0,1,Pedestrian
12,716.0,0.0,755.0,48.0,209,1,0,1,Pedestrian
12,716.0,0.0,755.0,48.0,210,1,0,1,Pedestrian
12,716.0,0.0,755.0,48.0,211,1,0,1,Pedestrian
12,716.0,0.0,755.0,48.0,212,1,0,1,Pedestrian
12,716.0,0.0,755.0,48.0,213,1,0,1,Pedestrian
12,716.0,0.0,755.0,48.0,214,1,0,1,Pedestrian
12,716.0,0.0,755.0,48.0,215,1,0,1,Pedestrian
12,716.0,0.0,755.0,48.0,216,1,0,1,Pedestrian
12,716.0,0.0,755.0,48.0,217,1,0,1,Pedestrian
12,716.0,0.0,755.0,48.0,218,1,0,1,Pedestrian
12,716.0,0.0,755.0,48.0,219,1,0,1,Pedestrian
12,716.0,0.0,755.0,48.0,220,1,0,1,Pedestrian
12,716.0,0.0,755.0,48.0,221,1,0,1,Pedestrian
12,716.0,0.0,755.0,48.0,222,1,0,1,Pedestrian
12,716.0,0.0,755.0,48.0,223,1,0,1,Pedestrian
12,716.0,0.0,755.0,48.0,224,1,0,1,Pedestrian
12,716.0,0.0,755.0,48.0,225,1,0,1,Pedestrian
12,716.0,0.0,755.0,48.0,226,1,0,1,Pedestrian
12,716.0,0.0,755.0,48.0,227,1,0,1,Pedestrian
12,716.0,0.0,755.0,48.0,228,1,0,1,Pedestrian
12,716.0,0.0,755.0,48.0,229,1,0,1,Pedestrian
12,716.0,0.0,755.0,48.0,230,1,0,1,Pedestrian
12,716.0,0.0,755.0,48.0,231,1,0,1,Pedestrian
12,716.0,0.0,755.0,48.0,232,1,0,1,Pedestrian
12,716.0,0.0,755.0,48.0,233,1,0,1,Pedestrian
12,716.0,0.0,755.0,48.0,234,1,0,1,Pedestrian
12,716.0,0.0,755.0,48.0,235,1,0,1,Pedestrian
12,716.0,0.0,755.0,48.0,236,1,0,1,Pedestrian
12,716.0,0.0,755.0,48.0,237,1,0,1,Pedestrian
12,716.0,0.0,755.0,48.0,238,1,0,1,Pedestrian
12,716.0,0.0,755.0,48.0,239,1,0,1,Pedestrian
12,716.0,0.0,755.0,48.0,240,1,0,1,Pedestrian
12,716.0,0.0,755.0,48.0,241,1,0,1,Pedestrian
12,716.0,0.0,755.0,48.0,242,1,0,1,Pedestrian
12,716.0,0.0,755.0,48.0,243,1,0,1,Pedestrian
12,716.0,0.0,755.0,48.0,244,1,0,1,Pedestrian
12,716.0,0.0,755.0,48.0,245,1,0,1,Pedestrian
12,716.0,0.0,755.0,48.0,246,1,0,1,Pedestrian
12,716.0,0.0,755.0,48.0,247,1,0,1,Pedestrian
12,716.0,0.0,755.0,48.0,248,1,0,1,Pedestrian
12,716.0,0.0,755.0,48.0,249,1,0,1,Pedestrian
12,716.0,0.0,755.0,48.0,250,1,0,1,Pedestrian
12,716.0,0.0,755.0,48.0,251,1,0,1,Pedestrian
12,716.0,0.0,755.0,48.0,252,1,0,1,Pedestrian
12,716.0,0.0,755.0,48.0,253,1,0,1,Pedestrian
12,716.0,0.0,755.0,48.0,254,1,0,1,Pedestrian
12,716.0,0.0,755.0,48.0,255,1,0,1,Pedestrian
12,716.0,0.0,755.0,48.0,256,1,0,1,Pedestrian
12,716.0,0.0,755.0,48.0,257,1,0,1,Pedestrian
12,716.0,0.0,755.0,48.0,258,1,0,1,Pedestrian
12,716.0,0.0,755.0,48.0,259,1,0,1,Pedestrian
12,716.0,0.0,755.0,48.0,260,1,0,1,Pedestrian
12,716.0,0.0,755.0,48.0,261,1,0,1,Pedestrian
12,716.0,0.0,755.0,48.0,262,1,0,1,Pedestrian
12,716.0,0.0,755.0,48.0,263,1,0,1,Pedestrian
12,716.0,0.0,755.0,48.0,264,1,0,1,Pedestrian
12,716.0,0.0,755.0,48.0,265,1,0,1,Pedestrian
12,716.0,0.0,755.0,48.0,266,1,0,1,Pedestrian
12,716.0,0.0,755.0,48.0,267,1,0,1,Pedestrian
12,716.0,0.0,755.0,48.0,268,1,0,1,Pedestrian
12,716.0,0.0,755.0,48.0,269,1,0,1,Pedestrian
12,716.0,0.0,755.0,48.0,270,1,0,1,Pedestrian
12,716.0,0.0,755.0,48.0,271,1,0,1,Pedestrian
12,716.0,0.0,755.0,48.0,272,1,0,1,Pedestrian
12,716.0,0.0,755.0,48.0,273,1,0,1,Pedestrian
12,716.0,0.0,755.0,48.0,274,1,0,1,Pedestrian
12,716.0,0.0,755.0,48.0,275,1,0,1,Pedestrian
12,716.0,0.0,755.0,48.0,276,1,0,1,Pedestrian
12,716.0,0.0,755.0,48.0,277,1,0,1,Pedestrian
12,716.0,0.0,755.0,48.0,278,1,0,1,Pedestrian
12,716.0,0.0,755.0,48.0,279,1,0,1,Pedestrian
12,716.0,0.0,755.0,48.0,280,1,0,1,Pedestrian
12,716.0,0.0,755.0,48.0,281,1,0,1,Pedestrian
12,716.0,0.0,755.0,48.0,282,1,0,1,Pedestrian
12,716.0,0.0,755.0,48.0,283,1,0,1,Pedestrian
12,716.0,0.0,755.0,48.0,284,1,0,1,Pedestrian
12,716.0,0.0,755.0,48.0,285,1,0,1,Pedestrian
12,716.0,0.0,755.0,48.0,286,1,0,1,Pedestrian
12,716.0,0.0,755.0,48.0,287,1,0,1,Pedestrian
12,716.0,0.0,755.0,48.0,288,1,0,1,Pedestrian
12,716.0,0.0,755.0,48.0,289,1,0,1,Pedestrian
12,716.0,0.0,755.0,48.0,290,1,0,1,Pedestrian
12,716.0,0.0,755.0,48.0,291,1,0,1,Pedestrian
12,716.0,0.0,755.0,48.0,292,1,0,1,Pedestrian
12,716.0,0.0,755.0,48.0,293,1,0,1,Pedestrian
12,716.0,0.0,755.0,48.0,294,1,0,1,Pedestrian
12,716.0,0.0,755.0,48.0,295,1,0,1,Pedestrian
12,716.0,0.0,755.0,48.0,296,1,0,1,Pedestrian
12,716.0,0.0,755.0,48.0,297,1,0,1,Pedestrian
12,716.0,0.0,755.0,48.0,298,1,0,1,Pedestrian
12,716.0,0.0,755.0,48.0,299,1,0,1,Pedestrian
12,716.0,0.0,755.0,48.0,300,1,0,1,Pedestrian
12,716.0,0.0,755.0,48.0,301,1,0,1,Pedestrian
12,716.0,0.0,755.0,48.0,302,1,0,1,Pedestrian
12,716.0,0.0,755.0,48.0,303,1,0,1,Pedestrian
12,716.0,0.0,755.0,48.0,304,1,0,1,Pedestrian
12,716.0,0.0,755.0,48.0,305,1,0,1,Pedestrian
12,716.0,0.0,755.0,48.0,306,1,0,1,Pedestrian
12,716.0,0.0,755.0,48.0,307,1,0,1,Pedestrian
12,716.0,0.0,755.0,48.0,308,1,0,1,Pedestrian
12,716.0,0.0,755.0,48.0,309,1,0,1,Pedestrian
12,716.0,0.0,755.0,48.0,310,1,0,1,Pedestrian
12,716.0,0.0,755.0,48.0,311,1,0,1,Pedestrian
12,716.0,0.0,755.0,48.0,312,1,0,1,Pedestrian
12,716.0,0.0,755.0,48.0,313,1,0,1,Pedestrian
12,716.0,0.0,755.0,48.0,314,1,0,1,Pedestrian
12,716.0,0.0,755.0,48.0,315,1,0,1,Pedestrian
12,716.0,0.0,755.0,48.0,316,1,0,1,Pedestrian
12,716.0,0.0,755.0,48.0,317,1,0,1,Pedestrian
12,716.0,0.0,755.0,48.0,318,1,0,1,Pedestrian
12,716.0,0.0,755.0,48.0,319,1,0,1,Pedestrian
12,716.0,0.0,755.0,48.0,320,1,0,1,Pedestrian
12,716.0,0.0,755.0,48.0,321,1,0,1,Pedestrian
12,716.0,0.0,755.0,48.0,322,1,0,1,Pedestrian
12,716.0,0.0,755.0,48.0,323,1,0,1,Pedestrian
12,716.0,0.0,755.0,48.0,324,1,0,1,Pedestrian
12,716.0,0.0,755.0,48.0,325,1,0,1,Pedestrian
12,716.0,0.0,755.0,48.0,326,1,0,1,Pedestrian
12,716.0,0.0,755.0,48.0,327,1,0,1,Pedestrian
12,716.0,0.0,755.0,48.0,328,1,0,1,Pedestrian
12,716.0,0.0,755.0,48.0,329,1,0,1,Pedestrian
12,716.0,0.0,755.0,48.0,330,1,0,1,Pedestrian
12,716.0,0.0,755.0,48.0,331,1,0,1,Pedestrian
12,716.0,0.0,755.0,48.0,332,1,0,1,Pedestrian
12,716.0,0.0,755.0,48.0,333,1,0,1,Pedestrian
12,716.0,0.0,755.0,48.0,334,1,0,1,Pedestrian
12,716.0,0.0,755.0,48.0,335,1,0,1,Pedestrian
12,716.0,0.0,755.0,48.0,336,1,0,1,Pedestrian
12,716.0,0.0,755.0,48.0,337,1,0,1,Pedestrian
12,716.0,0.0,755.0,48.0,338,1,0,1,Pedestrian
12,716.0,0.0,755.0,48.0,339,1,0,1,Pedestrian
12,716.0,0.0,755.0,48.0,340,1,0,1,Pedestrian
12,716.0,0.0,755.0,48.0,341,1,0,1,Pedestrian
12,716.0,0.0,755.0,48.0,342,1,0,1,Pedestrian
12,716.0,0.0,755.0,48.0,343,1,0,1,Pedestrian
12,716.0,0.0,755.0,48.0,344,1,0,1,Pedestrian
12,716.0,0.0,755.0,48.0,345,1,0,1,Pedestrian
12,716.0,0.0,755.0,48.0,346,1,0,1,Pedestrian
12,716.0,0.0,755.0,48.0,347,1,0,1,Pedestrian
12,716.0,0.0,755.0,48.0,348,1,0,1,Pedestrian
12,716.0,0.0,755.0,48.0,349,1,0,1,Pedestrian
12,716.0,0.0,755.0,48.0,350,1,0,1,Pedestrian
12,716.0,0.0,755.0,48.0,351,1,0,1,Pedestrian
12,716.0,0.0,755.0,48.0,352,1,0,1,Pedestrian
12,716.0,0.0,755.0,48.0,353,1,0,1,Pedestrian
12,716.0,0.0,755.0,48.0,354,1,0,1,Pedestrian
12,716.0,0.0,755.0,48.0,355,1,0,1,Pedestrian
12,716.0,0.0,755.0,48.0,356,1,0,1,Pedestrian
12,716.0,0.0,755.0,48.0,357,1,0,1,Pedestrian
12,716.0,0.0,755.0,48.0,358,1,0,1,Pedestrian
12,716.0,0.0,755.0,48.0,359,1,0,1,Pedestrian
12,716.0,0.0,755.0,48.0,360,1,0,1,Pedestrian
12,716.0,0.0,755.0,48.0,361,1,0,1,Pedestrian
12,716.0,0.0,755.0,48.0,362,1,0,1,Pedestrian
12,716.0,0.0,755.0,48.0,363,1,0,1,Pedestrian
12,716.0,0.0,755.0,48.0,364,1,0,1,Pedestrian
12,716.0,0.0,755.0,48.0,365,1,0,1,Pedestrian
12,716.0,0.0,755.0,48.0,366,1,0,1,Pedestrian
12,716.0,0.0,755.0,48.0,367,1,0,1,Pedestrian
12,716.0,0.0,755.0,48.0,368,1,0,1,Pedestrian
12,716.0,0.0,755.0,48.0,369,1,0,1,Pedestrian
12,716.0,0.0,755.0,48.0,370,1,0,1,Pedestrian
12,716.0,0.0,755.0,48.0,371,1,0,1,Pedestrian
12,716.0,0.0,755.0,48.0,372,1,0,1,Pedestrian
12,716.0,0.0,755.0,48.0,373,1,0,1,Pedestrian
12,716.0,0.0,755.0,48.0,374,1,0,1,Pedestrian
12,716.0,0.0,755.0,48.0,375,1,0,1,Pedestrian
12,716.0,0.0,755.0,48.0,376,1,0,1,Pedestrian
12,716.0,0.0,755.0,48.0,377,1,0,1,Pedestrian
12,716.0,0.0,755.0,48.0,378,1,0,1,Pedestrian
12,716.0,0.0,755.0,48.0,379,1,0,1,Pedestrian
12,716.0,0.0,755.0,48.0,380,1,0,1,Pedestrian
12,716.0,0.0,755.0,48.0,381,1,0,1,Pedestrian
12,716.0,0.0,755.0,48.0,382,1,0,1,Pedestrian
12,716.0,0.0,755.0,48.0,383,1,0,1,Pedestrian
12,716.0,0.0,755.0,48.0,384,1,0,1,Pedestrian
12,716.0,0.0,755.0,48.0,385,1,0,1,Pedestrian
12,716.0,0.0,755.0,48.0,386,1,0,1,Pedestrian
12,716.0,0.0,755.0,48.0,387,1,0,1,Pedestrian
12,716.0,0.0,755.0,48.0,388,1,0,1,Pedestrian
12,716.0,0.0,755.0,48.0,389,1,0,1,Pedestrian
12,716.0,0.0,755.0,48.0,390,1,0,1,Pedestrian
12,716.0,0.0,755.0,48.0,391,1,0,1,Pedestrian
12,716.0,0.0,755.0,48.0,392,1,0,1,Pedestrian
12,716.0,0.0,755.0,48.0,393,1,0,1,Pedestrian
12,716.0,0.0,755.0,48.0,394,1,0,1,Pedestrian
12,716.0,0.0,755.0,48.0,395,1,0,1,Pedestrian
12,716.0,0.0,755.0,48.0,396,1,0,1,Pedestrian
12,716.0,0.0,755.0,48.0,397,1,0,1,Pedestrian
12,716.0,0.0,755.0,48.0,398,1,0,1,Pedestrian
12,716.0,0.0,755.0,48.0,399,1,0,1,Pedestrian
12,716.0,0.0,755.0,48.0,400,1,0,1,Pedestrian
12,716.0,0.0,755.0,48.0,401,1,0,1,Pedestrian
12,716.0,0.0,755.0,48.0,402,1,0,1,Pedestrian
12,716.0,0.0,755.0,48.0,403,1,0,1,Pedestrian
12,716.0,0.0,755.0,48.0,404,1,0,1,Pedestrian
12,716.0,0.0,755.0,48.0,405,1,0,1,Pedestrian
12,716.0,0.0,755.0,48.0,406,1,0,1,Pedestrian
12,716.0,0.0,755.0,48.0,407,1,0,1,Pedestrian
12,716.0,0.0,755.0,48.0,408,1,0,1,Pedestrian
12,716.0,0.0,755.0,48.0,409,1,0,1,Pedestrian
12,716.0,0.0,755.0,48.0,410,1,0,1,Pedestrian
12,716.0,0.0,755.0,48.0,411,1,0,1,Pedestrian
12,716.0,0.0,755.0,48.0,412,1,0,1,Pedestrian
12,716.0,0.0,755.0,48.0,413,1,0,1,Pedestrian
12,716.0,0.0,755.0,48.0,414,1,0,1,Pedestrian
12,716.0,0.0,755.0,48.0,415,1,0,1,Pedestrian
12,716.0,0.0,755.0,48.0,416,1,0,1,Pedestrian
12,716.0,0.0,755.0,48.0,417,1,0,1,Pedestrian
12,716.0,0.0,755.0,48.0,418,1,0,1,Pedestrian
12,716.0,0.0,755.0,48.0,419,1,0,1,Pedestrian
12,716.0,0.0,755.0,48.0,420,1,0,1,Pedestrian
12,716.0,0.0,755.0,48.0,421,1,0,1,Pedestrian
12,716.0,0.0,755.0,48.0,422,1,0,1,Pedestrian
12,716.0,0.0,755.0,48.0,423,1,0,1,Pedestrian
12,716.0,0.0,755.0,48.0,424,1,0,1,Pedestrian
12,716.0,0.0,755.0,48.0,425,1,0,1,Pedestrian
12,716.0,0.0,755.0,48.0,426,1,0,1,Pedestrian
12,716.0,0.0,755.0,48.0,427,1,0,1,Pedestrian
12,716.0,0.0,755.0,48.0,428,1,0,1,Pedestrian
12,716.0,0.0,755.0,48.0,429,1,0,1,Pedestrian
12,716.0,0.0,755.0,48.0,430,1,0,1,Pedestrian
12,716.0,0.0,755.0,48.0,431,1,0,1,Pedestrian
12,716.0,0.0,755.0,48.0,432,1,0,1,Pedestrian
12,716.0,0.0,755.0,48.0,433,1,0,1,Pedestrian
12,716.0,0.0,755.0,48.0,434,1,0,1,Pedestrian
12,716.0,0.0,755.0,48.0,435,1,0,1,Pedestrian
12,716.0,0.0,755.0,48.0,436,1,0,1,Pedestrian
12,716.0,0.0,755.0,48.0,437,1,0,1,Pedestrian
12,716.0,0.0,755.0,48.0,438,1,0,1,Pedestrian
12,716.0,0.0,755.0,48.0,439,1,0,1,Pedestrian
12,716.0,0.0,755.0,48.0,440,1,0,1,Pedestrian
12,716.0,0.0,755.0,48.0,441,1,0,1,Pedestrian
12,716.0,0.0,755.0,48.0,442,1,0,1,Pedestrian
12,716.0,0.0,755.0,48.0,443,1,0,1,Pedestrian
12,716.0,0.0,755.0,48.0,444,1,0,1,Pedestrian
12,716.0,0.0,755.0,48.0,445,1,0,1,Pedestrian
12,716.0,0.0,755.0,48.0,446,1,0,1,Pedestrian
12,716.0,0.0,755.0,48.0,447,1,0,1,Pedestrian
12,716.0,0.0,755.0,48.0,448,1,0,1,Pedestrian
12,716.0,0.0,755.0,48.0,449,1,0,1,Pedestrian
12,716.0,0.0,755.0,48.0,450,1,0,1,Pedestrian
12,716.0,0.0,755.0,48.0,451,1,0,1,Pedestrian
12,716.0,0.0,755.0,48.0,452,1,0,1,Pedestrian
12,716.0,0.0,755.0,48.0,453,1,0,1,Pedestrian
12,716.0,0.0,755.0,48.0,454,1,0,1,Pedestrian
12,716.0,0.0,755.0,48.0,455,1,0,1,Pedestrian
12,716.0,0.0,755.0,48.0,456,1,0,1,Pedestrian
12,716.0,0.0,755.0,48.0,457,1,0,1,Pedestrian
12,716.0,0.0,755.0,48.0,458,1,0,1,Pedestrian
12,716.0,0.0,755.0,48.0,459,1,0,1,Pedestrian
12,716.0,0.0,755.0,48.0,460,1,0,1,Pedestrian
12,716.0,0.0,755.0,48.0,461,1,0,1,Pedestrian
12,716.0,0.0,755.0,48.0,462,1,0,1,Pedestrian
12,716.0,0.0,755.0,48.0,463,1,0,1,Pedestrian
12,716.0,0.0,755.0,48.0,464,1,0,1,Pedestrian
12,716.0,0.0,755.0,48.0,465,1,0,1,Pedestrian
12,716.0,0.0,755.0,48.0,466,1,0,1,Pedestrian
12,716.0,0.0,755.0,48.0,467,1,0,1,Pedestrian
12,716.0,0.0,755.0,48.0,468,1,0,1,Pedestrian
12,716.0,0.0,755.0,48.0,469,1,0,1,Pedestrian
12,716.0,0.0,755.0,48.0,470,1,0,1,Pedestrian
12,716.0,0.0,755.0,48.0,471,1,0,1,Pedestrian
12,716.0,0.0,755.0,48.0,472,1,0,1,Pedestrian
12,716.0,0.0,755.0,48.0,473,1,0,1,Pedestrian
12,716.0,0.0,755.0,48.0,474,1,0,1,Pedestrian
12,716.0,0.0,755.0,48.0,475,1,0,1,Pedestrian
12,716.0,0.0,755.0,48.0,476,1,0,1,Pedestrian
12,716.0,0.0,755.0,48.0,477,1,0,1,Pedestrian
12,716.0,0.0,755.0,48.0,478,1,0,1,Pedestrian
12,716.0,0.0,755.0,48.0,479,1,0,1,Pedestrian
12,716.0,0.0,755.0,48.0,480,1,0,1,Pedestrian
12,716.0,0.0,755.0,48.0,481,1,0,1,Pedestrian
12,716.0,0.0,755.0,48.0,482,1,0,1,Pedestrian
12,716.0,0.0,755.0,48.0,483,1,0,1,Pedestrian
12,716.0,0.0,755.0,48.0,484,1,0,1,Pedestrian
12,716.0,0.0,755.0,48.0,485,1,0,1,Pedestrian
12,716.0,0.0,755.0,48.0,486,1,0,1,Pedestrian
12,716.0,0.0,755.0,48.0,487,1,0,1,Pedestrian
12,716.0,0.0,755.0,48.0,488,1,0,1,Pedestrian
12,716.0,0.0,755.0,48.0,489,1,0,1,Pedestrian
12,716.0,0.0,755.0,48.0,490,1,0,1,Pedestrian
12,716.0,0.0,755.0,48.0,491,1,0,1,Pedestrian
12,716.0,0.0,755.0,48.0,492,1,0,1,Pedestrian
12,716.0,0.0,755.0,48.0,493,1,0,1,Pedestrian
12,716.0,0.0,755.0,48.0,494,1,0,1,Pedestrian
12,716.0,0.0,755.0,48.0,495,1,0,1,Pedestrian
12,716.0,0.0,755.0,48.0,496,1,0,1,Pedestrian
12,716.0,0.0,755.0,48.0,497,1,0,1,Pedestrian
12,716.0,0.0,755.0,48.0,498,1,0,1,Pedestrian
12,716.0,0.0,755.0,48.0,499,1,0,1,Pedestrian
12,716.0,0.0,755.0,48.0,500,1,0,1,Pedestrian
12,716.0,0.0,755.0,48.0,501,1,0,1,Pedestrian
12,716.0,0.0,755.0,48.0,502,1,0,1,Pedestrian
12,716.0,0.0,755.0,48.0,503,1,0,1,Pedestrian
12,716.0,0.0,755.0,48.0,504,1,0,1,Pedestrian
12,716.0,0.0,755.0,48.0,505,1,0,1,Pedestrian
12,716.0,0.0,755.0,48.0,506,1,0,1,Pedestrian
12,716.0,0.0,755.0,48.0,507,1,0,1,Pedestrian
12,716.0,0.0,755.0,48.0,508,1,0,1,Pedestrian
12,716.0,0.0,755.0,48.0,509,1,0,1,Pedestrian
12,716.0,0.0,755.0,48.0,510,1,0,1,Pedestrian
12,716.0,0.0,755.0,48.0,511,1,0,1,Pedestrian
12,716.0,0.0,755.0,48.0,512,1,0,1,Pedestrian
12,716.0,0.0,755.0,48.0,513,1,0,1,Pedestrian
12,716.0,0.0,755.0,48.0,514,1,0,1,Pedestrian
12,716.0,0.0,755.0,48.0,515,1,0,1,Pedestrian
12,716.0,0.0,755.0,48.0,516,1,0,1,Pedestrian
12,716.0,0.0,755.0,48.0,517,1,0,1,Pedestrian
12,716.0,0.0,755.0,48.0,518,1,0,1,Pedestrian
12,716.0,0.0,755.0,48.0,519,1,0,1,Pedestrian
12,716.0,0.0,755.0,48.0,520,1,0,1,Pedestrian
12,716.0,0.0,755.0,48.0,521,1,0,1,Pedestrian
12,716.0,0.0,755.0,48.0,522,1,0,1,Pedestrian
12,716.0,0.0,755.0,48.0,523,1,0,1,Pedestrian
12,716.0,0.0,755.0,48.0,524,1,0,1,Pedestrian
12,716.0,0.0,755.0,48.0,525,1,0,1,Pedestrian
12,716.0,0.0,755.0,48.0,526,1,0,1,Pedestrian
12,716.0,0.0,755.0,48.0,527,1,0,1,Pedestrian
12,716.0,0.0,755.0,48.0,528,1,0,1,Pedestrian
12,716.0,0.0,755.0,48.0,529,1,0,1,Pedestrian
12,716.0,0.0,755.0,48.0,530,1,0,1,Pedestrian
12,716.0,0.0,755.0,48.0,531,1,0,0,Pedestrian
13,700.0,642.0,743.0,743.0,0,0,0,0,Pedestrian
13,698.0,638.0,741.0,739.0,1,0,0,1,Pedestrian
13,698.0,638.0,741.0,739.0,2,0,0,1,Pedestrian
13,698.0,634.0,741.0,735.0,3,0,0,1,Pedestrian
13,698.0,634.0,741.0,735.0,4,0,0,1,Pedestrian
13,698.0,630.0,741.0,731.0,5,0,0,1,Pedestrian
13,698.0,630.0,741.0,731.0,6,0,0,1,Pedestrian
13,698.0,626.0,741.0,727.0,7,0,0,1,Pedestrian
13,698.0,626.0,741.0,727.0,8,0,0,1,Pedestrian
13,696.0,622.0,739.0,727.0,9,0,0,1,Pedestrian
13,696.0,622.0,739.0,723.0,10,0,0,1,Pedestrian
13,696.0,618.0,739.0,723.0,11,0,0,1,Pedestrian
13,696.0,618.0,739.0,719.0,12,0,0,1,Pedestrian
13,696.0,618.0,739.0,719.0,13,0,0,1,Pedestrian
13,696.0,614.0,739.0,715.0,14,0,0,1,Pedestrian
13,696.0,614.0,739.0,715.0,15,0,0,1,Pedestrian
13,696.0,610.0,739.0,711.0,16,0,0,1,Pedestrian
13,696.0,610.0,739.0,711.0,17,0,0,1,Pedestrian
13,694.0,606.0,737.0,711.0,18,0,0,1,Pedestrian
13,694.0,606.0,737.0,707.0,19,0,0,1,Pedestrian
13,694.0,602.0,737.0,707.0,20,0,0,1,Pedestrian
13,694.0,602.0,737.0,703.0,21,0,0,1,Pedestrian
13,694.0,598.0,737.0,703.0,22,0,0,1,Pedestrian
13,694.0,598.0,737.0,699.0,23,0,0,1,Pedestrian
13,694.0,598.0,737.0,699.0,24,0,0,1,Pedestrian
13,694.0,594.0,737.0,695.0,25,0,0,1,Pedestrian
13,694.0,594.0,737.0,695.0,26,0,0,1,Pedestrian
13,692.0,590.0,735.0,695.0,27,0,0,1,Pedestrian
13,692.0,590.0,735.0,691.0,28,0,0,1,Pedestrian
13,692.0,586.0,735.0,691.0,29,0,0,1,Pedestrian
13,692.0,586.0,735.0,687.0,30,0,0,1,Pedestrian
13,692.0,582.0,735.0,687.0,31,0,0,1,Pedestrian
13,692.0,582.0,735.0,683.0,32,0,0,1,Pedestrian
13,692.0,577.0,735.0,683.0,33,0,0,1,Pedestrian
13,692.0,577.0,735.0,679.0,34,0,0,1,Pedestrian
13,692.0,577.0,735.0,679.0,35,0,0,1,Pedestrian
13,690.0,573.0,733.0,679.0,36,0,0,1,Pedestrian
13,690.0,573.0,733.0,674.0,37,0,0,1,Pedestrian
13,690.0,569.0,733.0,674.0,38,0,0,1,Pedestrian
13,690.0,569.0,733.0,670.0,39,0,0,1,Pedestrian
13,690.0,565.0,733.0,670.0,40,0,0,1,Pedestrian
13,690.0,565.0,733.0,666.0,41,0,0,1,Pedestrian
13,690.0,561.0,733.0,666.0,42,0,0,1,Pedestrian
13,690.0,561.0,733.0,662.0,43,0,0,1,Pedestrian
13,688.0,557.0,731.0,662.0,44,0,0,1,Pedestrian
13,688.0,557.0,731.0,662.0,45,0,0,1,Pedestrian
13,688.0,553.0,731.0,658.0,46,0,0,1,Pedestrian
13,688.0,553.0,731.0,658.0,47,0,0,1,Pedestrian
13,688.0,553.0,731.0,654.0,48,0,0,1,Pedestrian
13,688.0,549.0,731.0,654.0,49,0,0,1,Pedestrian
13,688.0,549.0,731.0,650.0,50,0,0,1,Pedestrian
13,688.0,545.0,731.0,650.0,51,0,0,1,Pedestrian
13,688.0,545.0,731.0,646.0,52,0,0,1,Pedestrian
13,686.0,541.0,729.0,646.0,53,0,0,1,Pedestrian
13,686.0,541.0,729.0,646.0,54,0,0,1,Pedestrian
13,686.0,537.0,729.0,642.0,55,0,0,1,Pedestrian
13,686.0,537.0,729.0,642.0,56,0,0,1,Pedestrian
13,686.0,533.0,729.0,638.0,57,0,0,1,Pedestrian
13,686.0,533.0,729.0,638.0,58,0,0,1,Pedestrian
13,686.0,533.0,729.0,634.0,59,0,0,1,Pedestrian
13,686.0,529.0,729.0,634.0,60,0,0,1,Pedestrian
13,686.0,529.0,729.0,630.0,61,0,0,1,Pedestrian
13,684.0,525.0,727.0,630.0,62,0,0,1,Pedestrian
13,684.0,525.0,727.0,630.0,63,0,0,1,Pedestrian
13,684.0,521.0,727.0,626.0,64,0,0,1,Pedestrian
13,684.0,521.0,727.0,626.0,65,0,0,1,Pedestrian
13,684.0,517.0,727.0,622.0,66,0,0,1,Pedestrian
13,684.0,517.0,727.0,622.0,67,0,0,1,Pedestrian
13,684.0,513.0,727.0,618.0,68,0,0,1,Pedestrian
13,684.0,513.0,727.0,618.0,69,0,0,1,Pedestrian
13,684.0,513.0,727.0,618.0,70,0,0,0,Pedestrian
13,684.0,509.0,727.0,614.0,71,0,0,1,Pedestrian
13,684.0,509.0,727.0,614.0,72,0,0,1,Pedestrian
13,684.0,505.0,727.0,610.0,73,0,0,1,Pedestrian
13,684.0,505.0,727.0,610.0,74,0,0,1,Pedestrian
13,684.0,501.0,727.0,606.0,75,0,0,1,Pedestrian
13,684.0,501.0,727.0,606.0,76,0,0,1,Pedestrian
13,684.0,497.0,727.0,602.0,77,0,0,1,Pedestrian
13,684.0,497.0,727.0,602.0,78,0,0,1,Pedestrian
13,684.0,493.0,727.0,598.0,79,0,0,1,Pedestrian
13,684.0,493.0,727.0,598.0,80,0,0,1,Pedestrian
13,684.0,489.0,727.0,594.0,81,0,0,1,Pedestrian
13,684.0,489.0,727.0,594.0,82,0,0,1,Pedestrian
13,684.0,485.0,727.0,590.0,83,0,0,1,Pedestrian
13,684.0,485.0,727.0,590.0,84,0,0,1,Pedestrian
13,684.0,480.0,727.0,586.0,85,0,0,1,Pedestrian
13,684.0,480.0,727.0,586.0,86,0,0,1,Pedestrian
13,684.0,476.0,727.0,582.0,87,0,0,1,Pedestrian
13,686.0,476.0,729.0,582.0,88,0,0,1,Pedestrian
13,686.0,476.0,729.0,582.0,89,0,0,1,Pedestrian
13,686.0,472.0,729.0,577.0,90,0,0,1,Pedestrian
13,686.0,472.0,729.0,577.0,91,0,0,1,Pedestrian
13,686.0,468.0,729.0,573.0,92,0,0,1,Pedestrian
13,686.0,468.0,729.0,573.0,93,0,0,1,Pedestrian
13,686.0,464.0,729.0,569.0,94,0,0,1,Pedestrian
13,686.0,464.0,729.0,569.0,95,0,0,1,Pedestrian
13,686.0,460.0,729.0,565.0,96,0,0,1,Pedestrian
13,686.0,460.0,729.0,565.0,97,0,0,1,Pedestrian
13,686.0,456.0,729.0,561.0,98,0,0,1,Pedestrian
13,686.0,456.0,729.0,561.0,99,0,0,1,Pedestrian
13,686.0,452.0,729.0,557.0,100,0,0,1,Pedestrian
13,686.0,452.0,729.0,557.0,101,0,0,1,Pedestrian
13,686.0,448.0,729.0,553.0,102,0,0,1,Pedestrian
13,686.0,448.0,729.0,553.0,103,0,0,1,Pedestrian
13,686.0,444.0,729.0,549.0,104,0,0,1,Pedestrian
13,688.0,444.0,731.0,549.0,105,0,0,1,Pedestrian
13,688.0,444.0,731.0,549.0,106,0,0,1,Pedestrian
13,688.0,440.0,731.0,545.0,107,0,0,1,Pedestrian
13,688.0,440.0,731.0,545.0,108,0,0,1,Pedestrian
13,688.0,436.0,731.0,541.0,109,0,0,1,Pedestrian
13,688.0,436.0,731.0,541.0,110,0,0,1,Pedestrian
13,688.0,432.0,731.0,537.0,111,0,0,1,Pedestrian
13,688.0,432.0,731.0,537.0,112,0,0,1,Pedestrian
13,688.0,428.0,731.0,533.0,113,0,0,1,Pedestrian
13,688.0,428.0,731.0,533.0,114,0,0,1,Pedestrian
13,688.0,424.0,731.0,529.0,115,0,0,1,Pedestrian
13,688.0,424.0,731.0,529.0,116,0,0,1,Pedestrian
13,688.0,420.0,731.0,525.0,117,0,0,1,Pedestrian
13,688.0,420.0,731.0,525.0,118,0,0,1,Pedestrian
13,688.0,416.0,731.0,521.0,119,0,0,1,Pedestrian
13,688.0,416.0,731.0,521.0,120,0,0,1,Pedestrian
13,688.0,412.0,731.0,517.0,121,0,0,1,Pedestrian
13,688.0,412.0,731.0,517.0,122,0,0,1,Pedestrian
13,690.0,412.0,733.0,517.0,123,0,0,1,Pedestrian
13,690.0,408.0,733.0,513.0,124,0,0,1,Pedestrian
13,690.0,408.0,733.0,513.0,125,0,0,1,Pedestrian
13,690.0,404.0,733.0,509.0,126,0,0,1,Pedestrian
13,690.0,404.0,733.0,509.0,127,0,0,1,Pedestrian
13,690.0,400.0,733.0,505.0,128,0,0,1,Pedestrian
13,690.0,400.0,733.0,505.0,129,0,0,1,Pedestrian
13,690.0,396.0,733.0,501.0,130,0,0,1,Pedestrian
13,690.0,396.0,733.0,501.0,131,0,0,1,Pedestrian
13,690.0,392.0,733.0,497.0,132,0,0,1,Pedestrian
13,690.0,392.0,733.0,497.0,133,0,0,1,Pedestrian
13,690.0,388.0,733.0,493.0,134,0,0,1,Pedestrian
13,690.0,388.0,733.0,493.0,135,0,0,1,Pedestrian
13,690.0,383.0,733.0,489.0,136,0,0,1,Pedestrian
13,690.0,383.0,733.0,489.0,137,0,0,1,Pedestrian
13,690.0,379.0,733.0,485.0,138,0,0,1,Pedestrian
13,690.0,379.0,733.0,485.0,139,0,0,1,Pedestrian
13,692.0,379.0,735.0,485.0,140,0,0,0,Pedestrian
13,692.0,375.0,735.0,480.0,141,0,0,1,Pedestrian
13,692.0,375.0,735.0,480.0,142,0,0,1,Pedestrian
13,692.0,371.0,735.0,476.0,143,0,0,1,Pedestrian
13,692.0,371.0,735.0,476.0,144,0,0,1,Pedestrian
13,692.0,371.0,735.0,476.0,145,0,0,1,Pedestrian
13,692.0,367.0,735.0,472.0,146,0,0,1,Pedestrian
13,694.0,367.0,737.0,472.0,147,0,0,1,Pedestrian
13,694.0,363.0,737.0,468.0,148,0,0,1,Pedestrian
13,694.0,363.0,737.0,468.0,149,0,0,1,Pedestrian
13,694.0,363.0,737.0,468.0,150,0,0,1,Pedestrian
13,694.0,359.0,737.0,464.0,151,0,0,1,Pedestrian
13,694.0,359.0,737.0,464.0,152,0,0,1,Pedestrian
13,696.0,355.0,739.0,460.0,153,0,0,1,Pedestrian
13,696.0,355.0,739.0,460.0,154,0,0,1,Pedestrian
13,696.0,355.0,739.0,460.0,155,0,0,1,Pedestrian
13,696.0,351.0,739.0,456.0,156,0,0,1,Pedestrian
13,696.0,351.0,739.0,456.0,157,0,0,1,Pedestrian
13,696.0,347.0,739.0,452.0,158,0,0,1,Pedestrian
13,698.0,347.0,741.0,452.0,159,0,0,1,Pedestrian
13,698.0,347.0,741.0,452.0,160,0,0,1,Pedestrian
13,698.0,343.0,741.0,448.0,161,0,0,1,Pedestrian
13,698.0,343.0,741.0,448.0,162,0,0,1,Pedestrian
13,698.0,339.0,741.0,444.0,163,0,0,1,Pedestrian
13,698.0,339.0,741.0,444.0,164,0,0,1,Pedestrian
13,700.0,339.0,743.0,444.0,165,0,0,1,Pedestrian
13,700.0,335.0,743.0,440.0,166,0,0,1,Pedestrian
13,700.0,335.0,743.0,440.0,167,0,0,1,Pedestrian
13,700.0,331.0,743.0,436.0,168,0,0,1,Pedestrian
13,700.0,331.0,743.0,436.0,169,0,0,1,Pedestrian
13,700.0,331.0,743.0,436.0,170,0,0,1,Pedestrian
13,700.0,327.0,743.0,432.0,171,0,0,1,Pedestrian
13,702.0,327.0,745.0,432.0,172,0,0,1,Pedestrian
13,702.0,323.0,745.0,428.0,173,0,0,1,Pedestrian
13,702.0,323.0,745.0,428.0,174,0,0,1,Pedestrian
13,702.0,323.0,745.0,428.0,175,0,0,1,Pedestrian
13,702.0,319.0,745.0,424.0,176,0,0,1,Pedestrian
13,702.0,319.0,745.0,424.0,177,0,0,1,Pedestrian
13,704.0,315.0,747.0,420.0,178,0,0,1,Pedestrian
13,704.0,315.0,747.0,420.0,179,0,0,1,Pedestrian
13,704.0,315.0,747.0,420.0,180,0,0,1,Pedestrian
13,704.0,311.0,747.0,416.0,181,0,0,1,Pedestrian
13,704.0,311.0,747.0,416.0,182,0,0,1,Pedestrian
13,704.0,307.0,747.0,412.0,183,0,0,1,Pedestrian
13,706.0,307.0,749.0,412.0,184,0,0,1,Pedestrian
13,706.0,307.0,749.0,412.0,185,0,0,1,Pedestrian
13,706.0,303.0,749.0,408.0,186,0,0,1,Pedestrian
13,706.0,303.0,749.0,408.0,187,0,0,1,Pedestrian
13,706.0,299.0,749.0,404.0,188,0,0,1,Pedestrian
13,706.0,299.0,749.0,404.0,189,0,0,1,Pedestrian
13,708.0,299.0,751.0,404.0,190,0,0,0,Pedestrian
13,708.0,295.0,751.0,400.0,191,0,0,1,Pedestrian
13,708.0,295.0,751.0,400.0,192,0,0,1,Pedestrian
13,708.0,291.0,751.0,396.0,193,0,0,1,Pedestrian
13,708.0,291.0,751.0,396.0,194,0,0,1,Pedestrian
13,708.0,286.0,751.0,392.0,195,0,0,1,Pedestrian
13,708.0,286.0,751.0,392.0,196,0,0,1,Pedestrian
13,708.0,286.0,751.0,392.0,197,0,0,1,Pedestrian
13,708.0,282.0,751.0,388.0,198,0,0,1,Pedestrian
13,708.0,282.0,751.0,388.0,199,0,0,1,Pedestrian
13,708.0,278.0,751.0,383.0,200,0,0,1,Pedestrian
13,708.0,278.0,751.0,383.0,201,0,0,1,Pedestrian
13,708.0,274.0,751.0,379.0,202,0,0,1,Pedestrian
13,708.0,274.0,751.0,379.0,203,0,0,1,Pedestrian
13,708.0,274.0,751.0,379.0,204,0,0,1,Pedestrian
13,708.0,270.0,751.0,375.0,205,0,0,1,Pedestrian
13,708.0,270.0,751.0,375.0,206,0,0,1,Pedestrian
13,708.0,266.0,751.0,371.0,207,0,0,1,Pedestrian
13,708.0,266.0,751.0,371.0,208,0,0,1,Pedestrian
13,708.0,262.0,751.0,367.0,209,0,0,1,Pedestrian
13,708.0,262.0,751.0,367.0,210,0,0,1,Pedestrian
13,708.0,262.0,751.0,367.0,211,0,0,1,Pedestrian
13,708.0,258.0,751.0,363.0,212,0,0,1,Pedestrian
13,708.0,258.0,751.0,363.0,213,0,0,1,Pedestrian
13,708.0,254.0,751.0,359.0,214,0,0,1,Pedestrian
13,708.0,254.0,751.0,359.0,215,0,0,1,Pedestrian
13,708.0,250.0,751.0,355.0,216,0,0,1,Pedestrian
13,708.0,250.0,751.0,355.0,217,0,0,1,Pedestrian
13,708.0,250.0,751.0,355.0,218,0,0,1,Pedestrian
13,708.0,246.0,751.0,351.0,219,0,0,1,Pedestrian
13,708.0,246.0,751.0,351.0,220,0,0,1,Pedestrian
13,708.0,242.0,751.0,347.0,221,0,0,1,Pedestrian
13,708.0,242.0,751.0,347.0,222,0,0,1,Pedestrian
13,708.0,238.0,751.0,343.0,223,0,0,1,Pedestrian
13,708.0,238.0,751.0,343.0,224,0,0,1,Pedestrian
13,708.0,238.0,751.0,343.0,225,0,0,1,Pedestrian
13,708.0,234.0,751.0,339.0,226,0,0,1,Pedestrian
13,708.0,234.0,751.0,339.0,227,0,0,1,Pedestrian
13,708.0,230.0,751.0,335.0,228,0,0,1,Pedestrian
13,708.0,230.0,751.0,335.0,229,0,0,1,Pedestrian
13,708.0,230.0,751.0,335.0,230,0,0,0,Pedestrian
13,708.0,226.0,751.0,331.0,231,0,0,1,Pedestrian
13,708.0,226.0,751.0,331.0,232,0,0,1,Pedestrian
13,708.0,222.0,751.0,327.0,233,0,0,1,Pedestrian
13,708.0,222.0,751.0,327.0,234,0,0,1,Pedestrian
13,708.0,218.0,751.0,323.0,235,0,0,1,Pedestrian
13,708.0,218.0,751.0,323.0,236,0,0,1,Pedestrian
13,708.0,214.0,751.0,319.0,237,0,0,1,Pedestrian
13,708.0,214.0,751.0,319.0,238,0,0,1,Pedestrian
13,708.0,214.0,751.0,319.0,239,0,0,1,Pedestrian
13,710.0,210.0,753.0,315.0,240,0,0,1,Pedestrian
13,710.0,210.0,753.0,315.0,241,0,0,1,Pedestrian
13,710.0,206.0,753.0,311.0,242,0,0,1,Pedestrian
13,710.0,206.0,753.0,311.0,243,0,0,1,Pedestrian
13,710.0,202.0,753.0,307.0,244,0,0,1,Pedestrian
13,710.0,202.0,753.0,307.0,245,0,0,1,Pedestrian
13,710.0,198.0,753.0,303.0,246,0,0,1,Pedestrian
13,710.0,198.0,753.0,303.0,247,0,0,1,Pedestrian
13,710.0,198.0,753.0,303.0,248,0,0,1,Pedestrian
13,710.0,194.0,753.0,299.0,249,0,0,1,Pedestrian
13,712.0,194.0,755.0,299.0,250,0,0,1,Pedestrian
13,712.0,189.0,755.0,295.0,251,0,0,1,Pedestrian
13,712.0,189.0,755.0,295.0,252,0,0,1,Pedestrian
13,712.0,185.0,755.0,291.0,253,0,0,1,Pedestrian
13,712.0,185.0,755.0,291.0,254,0,0,1,Pedestrian
13,712.0,181.0,755.0,286.0,255,0,0,1,Pedestrian
13,712.0,181.0,755.0,286.0,256,0,0,1,Pedestrian
13,712.0,181.0,755.0,286.0,257,0,0,1,Pedestrian
13,712.0,177.0,755.0,282.0,258,0,0,1,Pedestrian
13,712.0,177.0,755.0,282.0,259,0,0,1,Pedestrian
13,714.0,173.0,757.0,278.0,260,0,0,1,Pedestrian
13,714.0,173.0,757.0,278.0,261,0,0,1,Pedestrian
13,714.0,169.0,757.0,274.0,262,0,0,1,Pedestrian
13,714.0,169.0,757.0,274.0,263,0,0,1,Pedestrian
13,714.0,165.0,757.0,270.0,264,0,0,1,Pedestrian
13,714.0,165.0,757.0,270.0,265,0,0,1,Pedestrian
13,714.0,165.0,757.0,270.0,266,0,0,1,Pedestrian
13,714.0,161.0,757.0,266.0,267,0,0,1,Pedestrian
13,714.0,161.0,757.0,266.0,268,0,0,1,Pedestrian
13,714.0,157.0,757.0,262.0,269,0,0,1,Pedestrian
13,716.0,157.0,759.0,262.0,270,0,0,1,Pedestrian
13,716.0,153.0,759.0,258.0,271,0,0,1,Pedestrian
13,716.0,153.0,759.0,258.0,272,0,0,1,Pedestrian
13,716.0,149.0,759.0,254.0,273,0,0,1,Pedestrian
13,716.0,149.0,759.0,254.0,274,0,0,1,Pedestrian
13,716.0,149.0,759.0,254.0,275,0,0,1,Pedestrian
13,716.0,145.0,759.0,250.0,276,0,0,1,Pedestrian
13,716.0,145.0,759.0,250.0,277,0,0,1,Pedestrian
13,716.0,141.0,759.0,246.0,278,0,0,1,Pedestrian
13,716.0,141.0,759.0,246.0,279,0,0,1,Pedestrian
13,718.0,137.0,761.0,242.0,280,0,0,1,Pedestrian
13,718.0,137.0,761.0,242.0,281,0,0,1,Pedestrian
13,718.0,133.0,761.0,238.0,282,0,0,1,Pedestrian
13,718.0,133.0,761.0,238.0,283,0,0,1,Pedestrian
13,718.0,133.0,761.0,238.0,284,0,0,1,Pedestrian
13,718.0,129.0,761.0,234.0,285,0,0,1,Pedestrian
13,718.0,129.0,761.0,234.0,286,0,0,1,Pedestrian
13,718.0,125.0,761.0,230.0,287,0,0,1,Pedestrian
13,718.0,125.0,761.0,230.0,288,0,0,1,Pedestrian
13,718.0,121.0,761.0,226.0,289,0,0,1,Pedestrian
13,720.0,121.0,763.0,226.0,290,0,0,1,Pedestrian
13,720.0,117.0,763.0,222.0,291,0,0,1,Pedestrian
13,720.0,117.0,763.0,222.0,292,0,0,1,Pedestrian
13,720.0,117.0,763.0,222.0,293,0,0,1,Pedestrian
13,720.0,113.0,763.0,218.0,294,0,0,1,Pedestrian
13,720.0,113.0,763.0,218.0,295,0,0,1,Pedestrian
13,720.0,109.0,763.0,214.0,296,0,0,1,Pedestrian
13,720.0,109.0,763.0,214.0,297,0,0,1,Pedestrian
13,720.0,105.0,763.0,210.0,298,0,0,1,Pedestrian
13,720.0,105.0,763.0,210.0,299,0,0,1,Pedestrian
13,722.0,105.0,765.0,210.0,300,0,0,0,Pedestrian
13,722.0,101.0,765.0,206.0,301,0,0,1,Pedestrian
13,722.0,101.0,765.0,206.0,302,0,0,1,Pedestrian
13,722.0,97.0,765.0,202.0,303,0,0,1,Pedestrian
13,722.0,97.0,765.0,202.0,304,0,0,1,Pedestrian
13,722.0,92.0,765.0,198.0,305,0,0,1,Pedestrian
13,722.0,92.0,765.0,198.0,306,0,0,1,Pedestrian
13,722.0,88.0,765.0,194.0,307,0,0,1,Pedestrian
13,722.0,88.0,765.0,194.0,308,0,0,1,Pedestrian
13,722.0,84.0,765.0,189.0,309,0,0,1,Pedestrian
13,722.0,84.0,765.0,189.0,310,0,0,1,Pedestrian
13,722.0,80.0,765.0,185.0,311,0,0,1,Pedestrian
13,722.0,80.0,765.0,185.0,312,0,0,1,Pedestrian
13,725.0,76.0,767.0,181.0,313,0,0,1,Pedestrian
13,725.0,76.0,767.0,181.0,314,0,0,1,Pedestrian
13,725.0,72.0,767.0,177.0,315,0,0,1,Pedestrian
13,725.0,72.0,767.0,177.0,316,0,0,1,Pedestrian
13,725.0,68.0,767.0,173.0,317,0,0,1,Pedestrian
13,725.0,68.0,767.0,173.0,318,0,0,1,Pedestrian
13,725.0,64.0,767.0,169.0,319,0,0,1,Pedestrian
13,725.0,64.0,767.0,169.0,320,0,0,1,Pedestrian
13,725.0,60.0,767.0,165.0,321,0,0,1,Pedestrian
13,725.0,60.0,767.0,165.0,322,0,0,1,Pedestrian
13,725.0,56.0,767.0,161.0,323,0,0,1,Pedestrian
13,725.0,56.0,767.0,161.0,324,0,0,1,Pedestrian
13,727.0,56.0,769.0,161.0,325,0,0,1,Pedestrian
13,727.0,52.0,769.0,157.0,326,0,0,1,Pedestrian
13,727.0,52.0,769.0,157.0,327,0,0,1,Pedestrian
13,727.0,48.0,769.0,153.0,328,0,0,1,Pedestrian
13,727.0,48.0,769.0,153.0,329,0,0,1,Pedestrian
13,727.0,44.0,769.0,149.0,330,0,0,1,Pedestrian
13,727.0,44.0,769.0,149.0,331,0,0,1,Pedestrian
13,727.0,40.0,769.0,145.0,332,0,0,1,Pedestrian
13,727.0,40.0,769.0,145.0,333,0,0,1,Pedestrian
13,727.0,36.0,769.0,141.0,334,0,0,1,Pedestrian
13,727.0,36.0,769.0,141.0,335,0,0,1,Pedestrian
13,727.0,32.0,769.0,137.0,336,0,0,1,Pedestrian
13,727.0,32.0,769.0,137.0,337,0,0,1,Pedestrian
13,729.0,28.0,771.0,133.0,338,0,0,1,Pedestrian
13,729.0,28.0,771.0,133.0,339,0,0,1,Pedestrian
13,729.0,24.0,771.0,129.0,340,0,0,1,Pedestrian
13,729.0,24.0,771.0,129.0,341,0,0,1,Pedestrian
13,729.0,20.0,771.0,125.0,342,0,0,1,Pedestrian
13,729.0,20.0,771.0,125.0,343,0,0,1,Pedestrian
13,729.0,16.0,771.0,121.0,344,0,0,1,Pedestrian
13,729.0,16.0,771.0,121.0,345,0,0,1,Pedestrian
13,729.0,12.0,771.0,117.0,346,0,0,1,Pedestrian
13,729.0,12.0,771.0,117.0,347,0,0,1,Pedestrian
13,729.0,8.0,771.0,113.0,348,0,0,1,Pedestrian
13,729.0,8.0,771.0,113.0,349,0,0,1,Pedestrian
13,731.0,8.0,773.0,113.0,350,0,0,0,Pedestrian
13,731.0,4.0,773.0,109.0,351,0,0,1,Pedestrian
13,731.0,4.0,773.0,105.0,352,0,0,1,Pedestrian
13,731.0,4.0,773.0,105.0,353,0,0,1,Pedestrian
13,731.0,4.0,773.0,101.0,354,0,0,1,Pedestrian
13,731.0,4.0,773.0,101.0,355,0,0,1,Pedestrian
13,731.0,4.0,773.0,97.0,356,0,0,1,Pedestrian
13,731.0,4.0,773.0,92.0,357,0,0,1,Pedestrian
13,731.0,4.0,773.0,92.0,358,0,0,1,Pedestrian
13,731.0,4.0,773.0,88.0,359,0,0,1,Pedestrian
13,731.0,4.0,773.0,88.0,360,0,0,1,Pedestrian
13,731.0,0.0,773.0,84.0,361,0,0,1,Pedestrian
13,731.0,0.0,773.0,80.0,362,0,0,1,Pedestrian
13,731.0,0.0,773.0,80.0,363,0,0,1,Pedestrian
13,731.0,0.0,773.0,76.0,364,0,0,1,Pedestrian
13,731.0,0.0,773.0,76.0,365,0,0,1,Pedestrian
13,731.0,0.0,773.0,72.0,366,0,0,1,Pedestrian
13,731.0,0.0,773.0,68.0,367,0,0,1,Pedestrian
13,731.0,0.0,773.0,68.0,368,0,0,1,Pedestrian
13,731.0,0.0,773.0,64.0,369,0,0,1,Pedestrian
13,733.0,0.0,775.0,64.0,370,0,0,0,Pedestrian
13,731.0,0.0,773.0,60.0,371,0,0,1,Pedestrian
13,731.0,0.0,773.0,56.0,372,0,0,1,Pedestrian
13,731.0,0.0,773.0,52.0,373,0,0,1,Pedestrian
13,731.0,0.0,773.0,52.0,374,0,0,1,Pedestrian
13,731.0,0.0,773.0,48.0,375,0,0,1,Pedestrian
13,731.0,0.0,773.0,44.0,376,0,0,1,Pedestrian
13,731.0,0.0,773.0,44.0,377,0,0,1,Pedestrian
13,731.0,0.0,773.0,40.0,378,0,0,1,Pedestrian
13,731.0,0.0,773.0,36.0,379,0,0,1,Pedestrian
13,731.0,0.0,773.0,36.0,380,1,0,0,Pedestrian
13,731.0,0.0,773.0,36.0,381,1,0,1,Pedestrian
13,731.0,0.0,773.0,40.0,382,1,0,1,Pedestrian
13,731.0,0.0,773.0,44.0,383,1,0,1,Pedestrian
13,731.0,0.0,773.0,44.0,384,1,0,1,Pedestrian
13,731.0,0.0,773.0,48.0,385,1,0,1,Pedestrian
13,731.0,0.0,773.0,52.0,386,1,0,1,Pedestrian
13,731.0,0.0,773.0,52.0,387,1,0,1,Pedestrian
13,731.0,0.0,773.0,56.0,388,1,0,1,Pedestrian
13,731.0,0.0,773.0,60.0,389,1,0,1,Pedestrian
13,733.0,0.0,775.0,64.0,390,1,0,0,Pedestrian
13,731.0,0.0,773.0,64.0,391,1,0,1,Pedestrian
13,731.0,4.0,773.0,68.0,392,1,0,1,Pedestrian
13,731.0,8.0,773.0,72.0,393,1,0,1,Pedestrian
13,731.0,12.0,773.0,76.0,394,1,0,1,Pedestrian
13,731.0,16.0,773.0,80.0,395,1,0,1,Pedestrian
13,729.0,20.0,771.0,84.0,396,1,0,1,Pedestrian
13,729.0,24.0,771.0,88.0,397,1,0,1,Pedestrian
13,729.0,28.0,771.0,92.0,398,1,0,1,Pedestrian
13,729.0,32.0,771.0,97.0,399,1,0,1,Pedestrian
13,729.0,36.0,771.0,101.0,400,1,0,1,Pedestrian
13,729.0,36.0,771.0,105.0,401,1,0,1,Pedestrian
13,727.0,40.0,769.0,109.0,402,1,0,1,Pedestrian
13,727.0,44.0,769.0,113.0,403,1,0,1,Pedestrian
13,727.0,48.0,769.0,117.0,404,1,0,1,Pedestrian
13,727.0,52.0,769.0,121.0,405,1,0,1,Pedestrian
13,727.0,56.0,769.0,125.0,406,1,0,1,Pedestrian
13,727.0,60.0,769.0,129.0,407,1,0,1,Pedestrian
13,725.0,64.0,767.0,133.0,408,1,0,1,Pedestrian
13,725.0,68.0,767.0,137.0,409,1,0,1,Pedestrian
13,725.0,72.0,767.0,141.0,410,1,0,1,Pedestrian
13,725.0,72.0,767.0,145.0,411,1,0,1,Pedestrian
13,725.0,76.0,767.0,149.0,412,1,0,1,Pedestrian
13,725.0,80.0,767.0,153.0,413,1,0,1,Pedestrian
13,722.0,84.0,765.0,157.0,414,1,0,1,Pedestrian
13,722.0,88.0,765.0,161.0,415,1,0,1,Pedestrian
13,722.0,92.0,765.0,165.0,416,1,0,1,Pedestrian
13,722.0,97.0,765.0,169.0,417,1,0,1,Pedestrian
13,722.0,101.0,765.0,173.0,418,1,0,1,Pedestrian
13,722.0,105.0,765.0,177.0,419,1,0,1,Pedestrian
13,720.0,109.0,763.0,181.0,420,1,0,1,Pedestrian
13,720.0,109.0,763.0,185.0,421,1,0,1,Pedestrian
13,720.0,113.0,763.0,189.0,422,1,0,1,Pedestrian
13,720.0,117.0,763.0,194.0,423,1,0,1,Pedestrian
13,720.0,121.0,763.0,198.0,424,1,0,1,Pedestrian
13,720.0,125.0,763.0,202.0,425,1,0,1,Pedestrian
13,718.0,129.0,761.0,202.0,426,1,0,1,Pedestrian
13,718.0,133.0,761.0,206.0,427,1,0,1,Pedestrian
13,718.0,137.0,761.0,210.0,428,1,0,1,Pedestrian
13,718.0,141.0,761.0,214.0,429,1,0,1,Pedestrian
13,718.0,145.0,761.0,218.0,430,1,0,1,Pedestrian
13,718.0,145.0,761.0,222.0,431,1,0,1,Pedestrian
13,716.0,149.0,759.0,226.0,432,1,0,1,Pedestrian
13,716.0,153.0,759.0,230.0,433,1,0,1,Pedestrian
13,716.0,157.0,759.0,234.0,434,1,0,1,Pedestrian
13,716.0,161.0,759.0,238.0,435,1,0,1,Pedestrian
13,716.0,165.0,759.0,242.0,436,1,0,1,Pedestrian
13,716.0,169.0,759.0,246.0,437,1,0,1,Pedestrian
13,714.0,173.0,757.0,250.0,438,1,0,1,Pedestrian
13,714.0,177.0,757.0,254.0,439,1,0,1,Pedestrian
13,714.0,181.0,757.0,258.0,440,1,0,1,Pedestrian
13,714.0,181.0,757.0,262.0,441,1,0,1,Pedestrian
13,714.0,185.0,757.0,266.0,442,1,0,1,Pedestrian
13,712.0,189.0,755.0,270.0,443,1,0,1,Pedestrian
13,712.0,194.0,755.0,274.0,444,1,0,1,Pedestrian
13,712.0,198.0,755.0,278.0,445,1,0,1,Pedestrian
13,712.0,202.0,755.0,282.0,446,1,0,1,Pedestrian
13,712.0,206.0,755.0,286.0,447,1,0,1,Pedestrian
13,712.0,210.0,755.0,291.0,448,1,0,1,Pedestrian
13,710.0,214.0,753.0,295.0,449,1,0,1,Pedestrian
13,710.0,218.0,753.0,299.0,450,1,0,1,Pedestrian
13,710.0,218.0,753.0,303.0,451,1,0,1,Pedestrian
13,710.0,222.0,753.0,307.0,452,1,0,1,Pedestrian
13,710.0,226.0,753.0,311.0,453,1,0,1,Pedestrian
13,710.0,230.0,753.0,315.0,454,1,0,1,Pedestrian
13,708.0,234.0,751.0,319.0,455,1,0,1,Pedestrian
13,708.0,238.0,751.0,323.0,456,1,0,1,Pedestrian
13,708.0,242.0,751.0,327.0,457,1,0,1,Pedestrian
13,708.0,246.0,751.0,331.0,458,1,0,1,Pedestrian
13,708.0,250.0,751.0,335.0,459,1,0,1,Pedestrian
13,708.0,254.0,751.0,339.0,460,1,0,1,Pedestrian
13,706.0,254.0,749.0,339.0,461,1,0,1,Pedestrian
13,706.0,258.0,749.0,343.0,462,1,0,1,Pedestrian
13,706.0,262.0,749.0,347.0,463,1,0,1,Pedestrian
13,706.0,266.0,749.0,351.0,464,1,0,1,Pedestrian
13,706.0,270.0,749.0,355.0,465,1,0,1,Pedestrian
13,706.0,274.0,749.0,359.0,466,1,0,1,Pedestrian
13,704.0,278.0,747.0,363.0,467,1,0,1,Pedestrian
13,704.0,282.0,747.0,367.0,468,1,0,1,Pedestrian
13,704.0,286.0,747.0,371.0,469,1,0,1,Pedestrian
13,704.0,291.0,747.0,375.0,470,1,0,1,Pedestrian
13,704.0,291.0,747.0,379.0,471,1,0,1,Pedestrian
13,704.0,295.0,747.0,383.0,472,1,0,1,Pedestrian
13,702.0,299.0,745.0,388.0,473,1,0,1,Pedestrian
13,702.0,303.0,745.0,392.0,474,1,0,1,Pedestrian
13,702.0,307.0,745.0,396.0,475,1,0,1,Pedestrian
13,702.0,311.0,745.0,400.0,476,1,0,1,Pedestrian
13,702.0,315.0,745.0,404.0,477,1,0,1,Pedestrian
13,702.0,319.0,745.0,408.0,478,1,0,1,Pedestrian
13,700.0,323.0,743.0,412.0,479,1,0,1,Pedestrian
13,700.0,327.0,743.0,416.0,480,1,0,1,Pedestrian
13,700.0,327.0,743.0,420.0,481,1,0,1,Pedestrian
13,700.0,331.0,743.0,424.0,482,1,0,1,Pedestrian
13,700.0,335.0,743.0,428.0,483,1,0,1,Pedestrian
13,700.0,339.0,743.0,432.0,484,1,0,1,Pedestrian
13,698.0,343.0,741.0,436.0,485,1,0,1,Pedestrian
13,698.0,347.0,741.0,440.0,486,1,0,1,Pedestrian
13,698.0,351.0,741.0,444.0,487,1,0,1,Pedestrian
13,698.0,355.0,741.0,448.0,488,1,0,1,Pedestrian
13,698.0,359.0,741.0,452.0,489,1,0,1,Pedestrian
13,696.0,363.0,739.0,456.0,490,1,0,1,Pedestrian
13,696.0,363.0,739.0,460.0,491,1,0,1,Pedestrian
13,696.0,367.0,739.0,464.0,492,1,0,1,Pedestrian
13,696.0,371.0,739.0,468.0,493,1,0,1,Pedestrian
13,696.0,375.0,739.0,472.0,494,1,0,1,Pedestrian
13,696.0,379.0,739.0,476.0,495,1,0,1,Pedestrian
13,694.0,383.0,737.0,476.0,496,1,0,1,Pedestrian
13,694.0,388.0,737.0,480.0,497,1,0,1,Pedestrian
13,694.0,392.0,737.0,485.0,498,1,0,1,Pedestrian
13,694.0,396.0,737.0,489.0,499,1,0,1,Pedestrian
13,694.0,400.0,737.0,493.0,500,1,0,1,Pedestrian
13,694.0,400.0,737.0,497.0,501,1,0,1,Pedestrian
13,692.0,404.0,735.0,501.0,502,1,0,1,Pedestrian
13,692.0,408.0,735.0,505.0,503,1,0,1,Pedestrian
13,692.0,412.0,735.0,509.0,504,1,0,1,Pedestrian
13,692.0,416.0,735.0,513.0,505,1,0,1,Pedestrian
13,692.0,420.0,735.0,517.0,506,1,0,1,Pedestrian
13,692.0,424.0,735.0,521.0,507,1,0,1,Pedestrian
13,690.0,428.0,733.0,525.0,508,1,0,1,Pedestrian
13,690.0,432.0,733.0,529.0,509,1,0,1,Pedestrian
13,690.0,436.0,733.0,533.0,510,1,0,1,Pedestrian
13,690.0,436.0,733.0,537.0,511,1,0,1,Pedestrian
13,690.0,440.0,733.0,541.0,512,1,0,1,Pedestrian
13,690.0,444.0,733.0,545.0,513,1,0,1,Pedestrian
13,688.0,448.0,731.0,549.0,514,1,0,1,Pedestrian
13,688.0,452.0,731.0,553.0,515,1,0,1,Pedestrian
13,688.0,456.0,731.0,557.0,516,1,0,1,Pedestrian
13,688.0,460.0,731.0,561.0,517,1,0,1,Pedestrian
13,688.0,464.0,731.0,565.0,518,1,0,1,Pedestrian
13,688.0,468.0,731.0,569.0,519,1,0,1,Pedestrian
13,686.0,472.0,729.0,573.0,520,1,0,1,Pedestrian
13,686.0,472.0,729.0,577.0,521,1,0,1,Pedestrian
13,686.0,476.0,729.0,582.0,522,1,0,1,Pedestrian
13,686.0,480.0,729.0,586.0,523,1,0,1,Pedestrian
13,686.0,485.0,729.0,590.0,524,1,0,1,Pedestrian
13,686.0,489.0,729.0,594.0,525,1,0,1,Pedestrian
13,684.0,493.0,727.0,598.0,526,1,0,1,Pedestrian
13,684.0,497.0,727.0,602.0,527,1,0,1,Pedestrian
13,684.0,501.0,727.0,606.0,528,1,0,1,Pedestrian
13,684.0,505.0,727.0,610.0,529,1,0,1,Pedestrian
13,684.0,509.0,727.0,614.0,530,1,0,1,Pedestrian
13,684.0,513.0,727.0,618.0,531,0,0,0,Pedestrian
14,928.0,832.0,964.0,905.0,0,0,0,0,Pedestrian
14,928.0,832.0,964.0,905.0,1,0,0,1,Pedestrian
14,928.0,832.0,964.0,905.0,2,0,0,1,Pedestrian
14,928.0,832.0,964.0,905.0,3,0,0,1,Pedestrian
14,928.0,832.0,964.0,905.0,4,0,0,1,Pedestrian
14,928.0,832.0,964.0,905.0,5,0,0,1,Pedestrian
14,928.0,832.0,964.0,905.0,6,0,0,1,Pedestrian
14,928.0,832.0,964.0,905.0,7,0,0,1,Pedestrian
14,928.0,832.0,964.0,905.0,8,0,0,1,Pedestrian
14,928.0,832.0,964.0,905.0,9,0,0,1,Pedestrian
14,928.0,832.0,964.0,905.0,10,0,0,1,Pedestrian
14,928.0,832.0,964.0,905.0,11,0,0,1,Pedestrian
14,928.0,832.0,964.0,905.0,12,0,0,1,Pedestrian
14,928.0,832.0,964.0,905.0,13,0,0,1,Pedestrian
14,928.0,832.0,964.0,905.0,14,0,0,1,Pedestrian
14,928.0,832.0,964.0,905.0,15,0,0,1,Pedestrian
14,928.0,832.0,964.0,905.0,16,0,0,1,Pedestrian
14,928.0,832.0,964.0,905.0,17,0,0,1,Pedestrian
14,928.0,832.0,964.0,905.0,18,0,0,1,Pedestrian
14,928.0,832.0,964.0,905.0,19,0,0,1,Pedestrian
14,928.0,832.0,964.0,905.0,20,0,0,1,Pedestrian
14,928.0,832.0,964.0,905.0,21,0,0,1,Pedestrian
14,928.0,832.0,964.0,905.0,22,0,0,1,Pedestrian
14,928.0,832.0,964.0,905.0,23,0,0,1,Pedestrian
14,928.0,832.0,964.0,905.0,24,0,0,1,Pedestrian
14,928.0,832.0,964.0,905.0,25,0,0,1,Pedestrian
14,928.0,832.0,964.0,905.0,26,0,0,1,Pedestrian
14,928.0,832.0,964.0,905.0,27,0,0,1,Pedestrian
14,928.0,832.0,964.0,905.0,28,0,0,1,Pedestrian
14,928.0,832.0,964.0,905.0,29,0,0,1,Pedestrian
14,928.0,832.0,964.0,905.0,30,0,0,1,Pedestrian
14,928.0,832.0,964.0,905.0,31,0,0,1,Pedestrian
14,928.0,832.0,964.0,905.0,32,0,0,1,Pedestrian
14,928.0,832.0,964.0,905.0,33,0,0,1,Pedestrian
14,928.0,832.0,964.0,905.0,34,0,0,1,Pedestrian
14,928.0,832.0,964.0,905.0,35,0,0,1,Pedestrian
14,928.0,832.0,964.0,905.0,36,0,0,1,Pedestrian
14,928.0,832.0,964.0,905.0,37,0,0,1,Pedestrian
14,928.0,832.0,964.0,905.0,38,0,0,1,Pedestrian
14,928.0,832.0,964.0,905.0,39,0,0,1,Pedestrian
14,928.0,832.0,964.0,905.0,40,0,0,1,Pedestrian
14,928.0,832.0,964.0,905.0,41,0,0,1,Pedestrian
14,928.0,832.0,964.0,905.0,42,0,0,1,Pedestrian
14,928.0,832.0,964.0,905.0,43,0,0,1,Pedestrian
14,928.0,832.0,964.0,905.0,44,0,0,1,Pedestrian
14,928.0,832.0,964.0,905.0,45,0,0,1,Pedestrian
14,928.0,832.0,964.0,905.0,46,0,0,1,Pedestrian
14,928.0,832.0,964.0,905.0,47,0,0,1,Pedestrian
14,928.0,832.0,964.0,905.0,48,0,0,1,Pedestrian
14,928.0,832.0,964.0,905.0,49,0,0,1,Pedestrian
14,928.0,832.0,964.0,905.0,50,0,0,1,Pedestrian
14,928.0,832.0,964.0,905.0,51,0,0,1,Pedestrian
14,928.0,832.0,964.0,905.0,52,0,0,1,Pedestrian
14,928.0,832.0,964.0,905.0,53,0,0,1,Pedestrian
14,928.0,832.0,964.0,905.0,54,0,0,1,Pedestrian
14,928.0,832.0,964.0,905.0,55,0,0,1,Pedestrian
14,928.0,832.0,964.0,905.0,56,0,0,1,Pedestrian
14,928.0,832.0,964.0,905.0,57,0,0,1,Pedestrian
14,928.0,832.0,964.0,905.0,58,0,0,1,Pedestrian
14,928.0,832.0,964.0,905.0,59,0,0,1,Pedestrian
14,928.0,832.0,964.0,905.0,60,0,0,1,Pedestrian
14,928.0,832.0,964.0,905.0,61,0,0,1,Pedestrian
14,928.0,832.0,964.0,905.0,62,0,0,1,Pedestrian
14,928.0,832.0,964.0,905.0,63,0,0,1,Pedestrian
14,928.0,832.0,964.0,905.0,64,0,0,1,Pedestrian
14,928.0,832.0,964.0,905.0,65,0,0,1,Pedestrian
14,928.0,832.0,964.0,905.0,66,0,0,1,Pedestrian
14,928.0,832.0,964.0,905.0,67,0,0,1,Pedestrian
14,928.0,832.0,964.0,905.0,68,0,0,1,Pedestrian
14,928.0,832.0,964.0,905.0,69,0,0,1,Pedestrian
14,928.0,832.0,964.0,905.0,70,0,0,1,Pedestrian
14,928.0,832.0,964.0,905.0,71,0,0,1,Pedestrian
14,928.0,832.0,964.0,905.0,72,0,0,1,Pedestrian
14,928.0,832.0,964.0,905.0,73,0,0,1,Pedestrian
14,928.0,832.0,964.0,905.0,74,0,0,1,Pedestrian
14,928.0,832.0,964.0,905.0,75,0,0,1,Pedestrian
14,928.0,832.0,964.0,905.0,76,0,0,1,Pedestrian
14,928.0,832.0,964.0,905.0,77,0,0,1,Pedestrian
14,928.0,832.0,964.0,905.0,78,0,0,1,Pedestrian
14,928.0,832.0,964.0,905.0,79,0,0,1,Pedestrian
14,928.0,832.0,964.0,905.0,80,0,0,1,Pedestrian
14,928.0,832.0,964.0,905.0,81,0,0,1,Pedestrian
14,928.0,832.0,964.0,905.0,82,0,0,1,Pedestrian
14,928.0,832.0,964.0,905.0,83,0,0,1,Pedestrian
14,928.0,832.0,964.0,905.0,84,0,0,1,Pedestrian
14,928.0,832.0,964.0,905.0,85,0,0,1,Pedestrian
14,928.0,832.0,964.0,905.0,86,0,0,1,Pedestrian
14,928.0,832.0,964.0,905.0,87,0,0,1,Pedestrian
14,928.0,832.0,964.0,905.0,88,0,0,1,Pedestrian
14,928.0,832.0,964.0,905.0,89,0,0,1,Pedestrian
14,928.0,832.0,964.0,905.0,90,0,0,1,Pedestrian
14,928.0,832.0,964.0,905.0,91,0,0,1,Pedestrian
14,928.0,832.0,964.0,905.0,92,0,0,1,Pedestrian
14,928.0,832.0,964.0,905.0,93,0,0,1,Pedestrian
14,928.0,832.0,964.0,905.0,94,0,0,1,Pedestrian
14,928.0,832.0,964.0,905.0,95,0,0,1,Pedestrian
14,928.0,832.0,964.0,905.0,96,0,0,1,Pedestrian
14,928.0,832.0,964.0,905.0,97,0,0,1,Pedestrian
14,928.0,832.0,964.0,905.0,98,0,0,1,Pedestrian
14,928.0,832.0,964.0,905.0,99,0,0,1,Pedestrian
14,928.0,832.0,964.0,905.0,100,0,0,1,Pedestrian
14,928.0,832.0,964.0,905.0,101,0,0,1,Pedestrian
14,928.0,832.0,964.0,905.0,102,0,0,1,Pedestrian
14,928.0,832.0,964.0,905.0,103,0,0,1,Pedestrian
14,928.0,832.0,964.0,905.0,104,0,0,1,Pedestrian
14,928.0,832.0,964.0,905.0,105,0,0,1,Pedestrian
14,928.0,832.0,964.0,905.0,106,0,0,1,Pedestrian
14,928.0,832.0,964.0,905.0,107,0,0,1,Pedestrian
14,928.0,832.0,964.0,905.0,108,0,0,1,Pedestrian
14,928.0,832.0,964.0,905.0,109,0,0,1,Pedestrian
14,928.0,832.0,964.0,905.0,110,0,0,1,Pedestrian
14,928.0,832.0,964.0,905.0,111,0,0,1,Pedestrian
14,928.0,832.0,964.0,905.0,112,0,0,1,Pedestrian
14,928.0,832.0,964.0,905.0,113,0,0,1,Pedestrian
14,928.0,832.0,964.0,905.0,114,0,0,1,Pedestrian
14,928.0,832.0,964.0,905.0,115,0,0,1,Pedestrian
14,928.0,832.0,964.0,905.0,116,0,0,1,Pedestrian
14,928.0,832.0,964.0,905.0,117,0,0,1,Pedestrian
14,928.0,832.0,964.0,905.0,118,0,0,1,Pedestrian
14,928.0,832.0,964.0,905.0,119,0,0,1,Pedestrian
14,928.0,832.0,964.0,905.0,120,0,0,1,Pedestrian
14,928.0,832.0,964.0,905.0,121,0,0,1,Pedestrian
14,928.0,832.0,964.0,905.0,122,0,0,1,Pedestrian
14,928.0,832.0,964.0,905.0,123,0,0,1,Pedestrian
14,928.0,832.0,964.0,905.0,124,0,0,1,Pedestrian
14,928.0,832.0,964.0,905.0,125,0,0,1,Pedestrian
14,928.0,832.0,964.0,905.0,126,0,0,1,Pedestrian
14,928.0,832.0,964.0,905.0,127,0,0,1,Pedestrian
14,928.0,832.0,964.0,905.0,128,0,0,1,Pedestrian
14,928.0,832.0,964.0,905.0,129,0,0,1,Pedestrian
14,928.0,832.0,964.0,905.0,130,0,0,1,Pedestrian
14,928.0,832.0,964.0,905.0,131,0,0,1,Pedestrian
14,928.0,832.0,964.0,905.0,132,0,0,1,Pedestrian
14,928.0,832.0,964.0,905.0,133,0,0,1,Pedestrian
14,928.0,832.0,964.0,905.0,134,0,0,1,Pedestrian
14,928.0,832.0,964.0,905.0,135,0,0,1,Pedestrian
14,928.0,832.0,964.0,905.0,136,0,0,1,Pedestrian
14,928.0,832.0,964.0,905.0,137,0,0,1,Pedestrian
14,928.0,832.0,964.0,905.0,138,0,0,1,Pedestrian
14,928.0,832.0,964.0,905.0,139,0,0,1,Pedestrian
14,928.0,832.0,964.0,905.0,140,0,0,1,Pedestrian
14,928.0,832.0,964.0,905.0,141,0,0,1,Pedestrian
14,928.0,832.0,964.0,905.0,142,0,0,1,Pedestrian
14,928.0,832.0,964.0,905.0,143,0,0,1,Pedestrian
14,928.0,832.0,964.0,905.0,144,0,0,1,Pedestrian
14,928.0,832.0,964.0,905.0,145,0,0,1,Pedestrian
14,928.0,832.0,964.0,905.0,146,0,0,1,Pedestrian
14,928.0,832.0,964.0,905.0,147,0,0,1,Pedestrian
14,928.0,832.0,964.0,905.0,148,0,0,1,Pedestrian
14,928.0,832.0,964.0,905.0,149,0,0,1,Pedestrian
14,928.0,832.0,964.0,905.0,150,0,0,1,Pedestrian
14,928.0,832.0,964.0,905.0,151,0,0,1,Pedestrian
14,928.0,832.0,964.0,905.0,152,0,0,1,Pedestrian
14,928.0,832.0,964.0,905.0,153,0,0,1,Pedestrian
14,928.0,832.0,964.0,905.0,154,0,0,1,Pedestrian
14,928.0,832.0,964.0,905.0,155,0,0,1,Pedestrian
14,928.0,832.0,964.0,905.0,156,0,0,1,Pedestrian
14,928.0,832.0,964.0,905.0,157,0,0,1,Pedestrian
14,928.0,832.0,964.0,905.0,158,0,0,1,Pedestrian
14,928.0,832.0,964.0,905.0,159,0,0,1,Pedestrian
14,928.0,832.0,964.0,905.0,160,0,0,1,Pedestrian
14,928.0,832.0,964.0,905.0,161,0,0,1,Pedestrian
14,928.0,832.0,964.0,905.0,162,0,0,1,Pedestrian
14,928.0,832.0,964.0,905.0,163,0,0,1,Pedestrian
14,928.0,832.0,964.0,905.0,164,0,0,1,Pedestrian
14,928.0,832.0,964.0,905.0,165,0,0,1,Pedestrian
14,928.0,832.0,964.0,905.0,166,0,0,1,Pedestrian
14,928.0,832.0,964.0,905.0,167,0,0,1,Pedestrian
14,928.0,832.0,964.0,905.0,168,0,0,1,Pedestrian
14,928.0,832.0,964.0,905.0,169,0,0,1,Pedestrian
14,928.0,832.0,964.0,905.0,170,0,0,1,Pedestrian
14,928.0,832.0,964.0,905.0,171,0,0,1,Pedestrian
14,928.0,832.0,964.0,905.0,172,0,0,1,Pedestrian
14,928.0,832.0,964.0,905.0,173,0,0,1,Pedestrian
14,928.0,832.0,964.0,905.0,174,0,0,1,Pedestrian
14,928.0,832.0,964.0,905.0,175,0,0,1,Pedestrian
14,928.0,832.0,964.0,905.0,176,0,0,1,Pedestrian
14,928.0,832.0,964.0,905.0,177,0,0,1,Pedestrian
14,928.0,832.0,964.0,905.0,178,0,0,1,Pedestrian
14,928.0,832.0,964.0,905.0,179,0,0,1,Pedestrian
14,928.0,832.0,964.0,905.0,180,0,0,1,Pedestrian
14,928.0,832.0,964.0,905.0,181,0,0,1,Pedestrian
14,928.0,832.0,964.0,905.0,182,0,0,1,Pedestrian
14,928.0,832.0,964.0,905.0,183,0,0,1,Pedestrian
14,928.0,832.0,964.0,905.0,184,0,0,1,Pedestrian
14,928.0,832.0,964.0,905.0,185,0,0,1,Pedestrian
14,928.0,832.0,964.0,905.0,186,0,0,1,Pedestrian
14,928.0,832.0,964.0,905.0,187,0,0,1,Pedestrian
14,928.0,832.0,964.0,905.0,188,0,0,1,Pedestrian
14,928.0,832.0,964.0,905.0,189,0,0,1,Pedestrian
14,928.0,832.0,964.0,905.0,190,0,0,1,Pedestrian
14,928.0,832.0,964.0,905.0,191,0,0,1,Pedestrian
14,928.0,832.0,964.0,905.0,192,0,0,1,Pedestrian
14,928.0,832.0,964.0,905.0,193,0,0,1,Pedestrian
14,928.0,832.0,964.0,905.0,194,0,0,1,Pedestrian
14,928.0,832.0,964.0,905.0,195,0,0,1,Pedestrian
14,928.0,832.0,964.0,905.0,196,0,0,1,Pedestrian
14,928.0,832.0,964.0,905.0,197,0,0,1,Pedestrian
14,928.0,832.0,964.0,905.0,198,0,0,1,Pedestrian
14,928.0,832.0,964.0,905.0,199,0,0,1,Pedestrian
14,928.0,832.0,964.0,905.0,200,0,0,1,Pedestrian
14,928.0,832.0,964.0,905.0,201,0,0,1,Pedestrian
14,928.0,832.0,964.0,905.0,202,0,0,1,Pedestrian
14,928.0,832.0,964.0,905.0,203,0,0,1,Pedestrian
14,928.0,832.0,964.0,905.0,204,0,0,1,Pedestrian
14,928.0,832.0,964.0,905.0,205,0,0,1,Pedestrian
14,928.0,832.0,964.0,905.0,206,0,0,1,Pedestrian
14,928.0,832.0,964.0,905.0,207,0,0,1,Pedestrian
14,928.0,832.0,964.0,905.0,208,0,0,1,Pedestrian
14,928.0,832.0,964.0,905.0,209,0,0,1,Pedestrian
14,928.0,832.0,964.0,905.0,210,0,0,1,Pedestrian
14,928.0,832.0,964.0,905.0,211,0,0,1,Pedestrian
14,928.0,832.0,964.0,905.0,212,0,0,1,Pedestrian
14,928.0,832.0,964.0,905.0,213,0,0,1,Pedestrian
14,928.0,832.0,964.0,905.0,214,0,0,1,Pedestrian
14,928.0,832.0,964.0,905.0,215,0,0,1,Pedestrian
14,928.0,832.0,964.0,905.0,216,0,0,1,Pedestrian
14,928.0,832.0,964.0,905.0,217,0,0,1,Pedestrian
14,928.0,832.0,964.0,905.0,218,0,0,1,Pedestrian
14,928.0,832.0,964.0,905.0,219,0,0,1,Pedestrian
14,928.0,832.0,964.0,905.0,220,0,0,1,Pedestrian
14,928.0,832.0,964.0,905.0,221,0,0,1,Pedestrian
14,928.0,832.0,964.0,905.0,222,0,0,1,Pedestrian
14,928.0,832.0,964.0,905.0,223,0,0,1,Pedestrian
14,928.0,832.0,964.0,905.0,224,0,0,1,Pedestrian
14,928.0,832.0,964.0,905.0,225,0,0,1,Pedestrian
14,928.0,832.0,964.0,905.0,226,0,0,1,Pedestrian
14,928.0,832.0,964.0,905.0,227,0,0,1,Pedestrian
14,928.0,832.0,964.0,905.0,228,0,0,1,Pedestrian
14,928.0,832.0,964.0,905.0,229,0,0,1,Pedestrian
14,928.0,832.0,964.0,905.0,230,0,0,1,Pedestrian
14,928.0,832.0,964.0,905.0,231,0,0,1,Pedestrian
14,928.0,832.0,964.0,905.0,232,0,0,1,Pedestrian
14,928.0,832.0,964.0,905.0,233,0,0,1,Pedestrian
14,928.0,832.0,964.0,905.0,234,0,0,1,Pedestrian
14,928.0,832.0,964.0,905.0,235,0,0,1,Pedestrian
14,928.0,832.0,964.0,905.0,236,0,0,1,Pedestrian
14,928.0,832.0,964.0,905.0,237,0,0,1,Pedestrian
14,928.0,832.0,964.0,905.0,238,0,0,1,Pedestrian
14,928.0,832.0,964.0,905.0,239,0,0,1,Pedestrian
14,928.0,832.0,964.0,905.0,240,0,0,1,Pedestrian
14,928.0,832.0,964.0,905.0,241,0,0,1,Pedestrian
14,928.0,832.0,964.0,905.0,242,0,0,1,Pedestrian
14,928.0,832.0,964.0,905.0,243,0,0,1,Pedestrian
14,928.0,832.0,964.0,905.0,244,0,0,1,Pedestrian
14,928.0,832.0,964.0,905.0,245,0,0,1,Pedestrian
14,928.0,832.0,964.0,905.0,246,0,0,1,Pedestrian
14,928.0,832.0,964.0,905.0,247,0,0,1,Pedestrian
14,928.0,832.0,964.0,905.0,248,0,0,1,Pedestrian
14,928.0,832.0,964.0,905.0,249,0,0,1,Pedestrian
14,928.0,832.0,964.0,905.0,250,0,0,1,Pedestrian
14,928.0,832.0,964.0,905.0,251,0,0,1,Pedestrian
14,928.0,832.0,964.0,905.0,252,0,0,1,Pedestrian
14,928.0,832.0,964.0,905.0,253,0,0,1,Pedestrian
14,928.0,832.0,964.0,905.0,254,0,0,1,Pedestrian
14,928.0,832.0,964.0,905.0,255,0,0,1,Pedestrian
14,928.0,832.0,964.0,905.0,256,0,0,1,Pedestrian
14,928.0,832.0,964.0,905.0,257,0,0,1,Pedestrian
14,928.0,832.0,964.0,905.0,258,0,0,1,Pedestrian
14,928.0,832.0,964.0,905.0,259,0,0,1,Pedestrian
14,928.0,832.0,964.0,905.0,260,0,0,1,Pedestrian
14,928.0,832.0,964.0,905.0,261,0,0,1,Pedestrian
14,928.0,832.0,964.0,905.0,262,0,0,1,Pedestrian
14,928.0,832.0,964.0,905.0,263,0,0,1,Pedestrian
14,928.0,832.0,964.0,905.0,264,0,0,1,Pedestrian
14,928.0,832.0,964.0,905.0,265,0,0,1,Pedestrian
14,928.0,832.0,964.0,905.0,266,0,0,1,Pedestrian
14,928.0,832.0,964.0,905.0,267,0,0,1,Pedestrian
14,928.0,832.0,964.0,905.0,268,0,0,1,Pedestrian
14,928.0,832.0,964.0,905.0,269,0,0,1,Pedestrian
14,928.0,832.0,964.0,905.0,270,0,0,1,Pedestrian
14,928.0,832.0,964.0,905.0,271,0,0,1,Pedestrian
14,928.0,832.0,964.0,905.0,272,0,0,1,Pedestrian
14,928.0,832.0,964.0,905.0,273,0,0,1,Pedestrian
14,928.0,832.0,964.0,905.0,274,0,0,1,Pedestrian
14,928.0,832.0,964.0,905.0,275,0,0,1,Pedestrian
14,928.0,832.0,964.0,905.0,276,0,0,1,Pedestrian
14,928.0,832.0,964.0,905.0,277,0,0,1,Pedestrian
14,928.0,832.0,964.0,905.0,278,0,0,1,Pedestrian
14,928.0,832.0,964.0,905.0,279,0,0,1,Pedestrian
14,928.0,832.0,964.0,905.0,280,0,0,1,Pedestrian
14,928.0,832.0,964.0,905.0,281,0,0,1,Pedestrian
14,928.0,832.0,964.0,905.0,282,0,0,1,Pedestrian
14,928.0,832.0,964.0,905.0,283,0,0,1,Pedestrian
14,928.0,832.0,964.0,905.0,284,0,0,1,Pedestrian
14,928.0,832.0,964.0,905.0,285,0,0,1,Pedestrian
14,928.0,832.0,964.0,905.0,286,0,0,1,Pedestrian
14,928.0,832.0,964.0,905.0,287,0,0,1,Pedestrian
14,928.0,832.0,964.0,905.0,288,0,0,1,Pedestrian
14,928.0,832.0,964.0,905.0,289,0,0,1,Pedestrian
14,928.0,832.0,964.0,905.0,290,0,0,1,Pedestrian
14,928.0,832.0,964.0,905.0,291,0,0,1,Pedestrian
14,928.0,832.0,964.0,905.0,292,0,0,1,Pedestrian
14,928.0,832.0,964.0,905.0,293,0,0,1,Pedestrian
14,928.0,832.0,964.0,905.0,294,0,0,1,Pedestrian
14,928.0,832.0,964.0,905.0,295,0,0,1,Pedestrian
14,928.0,832.0,964.0,905.0,296,0,0,1,Pedestrian
14,928.0,832.0,964.0,905.0,297,0,0,1,Pedestrian
14,928.0,832.0,964.0,905.0,298,0,0,1,Pedestrian
14,928.0,832.0,964.0,905.0,299,0,0,1,Pedestrian
14,928.0,832.0,964.0,905.0,300,0,0,1,Pedestrian
14,928.0,832.0,964.0,905.0,301,0,0,1,Pedestrian
14,928.0,832.0,964.0,905.0,302,0,0,1,Pedestrian
14,928.0,832.0,964.0,905.0,303,0,0,1,Pedestrian
14,928.0,832.0,964.0,905.0,304,0,0,1,Pedestrian
14,928.0,832.0,964.0,905.0,305,0,0,1,Pedestrian
14,928.0,832.0,964.0,905.0,306,0,0,1,Pedestrian
14,928.0,832.0,964.0,905.0,307,0,0,1,Pedestrian
14,928.0,832.0,964.0,905.0,308,0,0,1,Pedestrian
14,928.0,832.0,964.0,905.0,309,0,0,1,Pedestrian
14,928.0,832.0,964.0,905.0,310,0,0,1,Pedestrian
14,928.0,832.0,964.0,905.0,311,0,0,1,Pedestrian
14,928.0,832.0,964.0,905.0,312,0,0,1,Pedestrian
14,928.0,832.0,964.0,905.0,313,0,0,1,Pedestrian
14,928.0,832.0,964.0,905.0,314,0,0,1,Pedestrian
14,928.0,832.0,964.0,905.0,315,0,0,1,Pedestrian
14,928.0,832.0,964.0,905.0,316,0,0,1,Pedestrian
14,928.0,832.0,964.0,905.0,317,0,0,1,Pedestrian
14,928.0,832.0,964.0,905.0,318,0,0,1,Pedestrian
14,928.0,832.0,964.0,905.0,319,0,0,1,Pedestrian
14,928.0,832.0,964.0,905.0,320,0,0,1,Pedestrian
14,928.0,832.0,964.0,905.0,321,0,0,1,Pedestrian
14,928.0,832.0,964.0,905.0,322,0,0,1,Pedestrian
14,928.0,832.0,964.0,905.0,323,0,0,1,Pedestrian
14,928.0,832.0,964.0,905.0,324,0,0,1,Pedestrian
14,928.0,832.0,964.0,905.0,325,0,0,1,Pedestrian
14,928.0,832.0,964.0,905.0,326,0,0,1,Pedestrian
14,928.0,832.0,964.0,905.0,327,0,0,1,Pedestrian
14,928.0,832.0,964.0,905.0,328,0,0,1,Pedestrian
14,928.0,832.0,964.0,905.0,329,0,0,1,Pedestrian
14,928.0,832.0,964.0,905.0,330,0,0,1,Pedestrian
14,928.0,832.0,964.0,905.0,331,0,0,1,Pedestrian
14,928.0,832.0,964.0,905.0,332,0,0,1,Pedestrian
14,928.0,832.0,964.0,905.0,333,0,0,1,Pedestrian
14,928.0,832.0,964.0,905.0,334,0,0,1,Pedestrian
14,928.0,832.0,964.0,905.0,335,0,0,1,Pedestrian
14,928.0,832.0,964.0,905.0,336,0,0,1,Pedestrian
14,928.0,832.0,964.0,905.0,337,0,0,1,Pedestrian
14,928.0,832.0,964.0,905.0,338,0,0,1,Pedestrian
14,928.0,832.0,964.0,905.0,339,0,0,1,Pedestrian
14,928.0,832.0,964.0,905.0,340,0,0,1,Pedestrian
14,928.0,832.0,964.0,905.0,341,0,0,1,Pedestrian
14,928.0,832.0,964.0,905.0,342,0,0,1,Pedestrian
14,928.0,832.0,964.0,905.0,343,0,0,1,Pedestrian
14,928.0,832.0,964.0,905.0,344,0,0,1,Pedestrian
14,928.0,832.0,964.0,905.0,345,0,0,1,Pedestrian
14,928.0,832.0,964.0,905.0,346,0,0,1,Pedestrian
14,928.0,832.0,964.0,905.0,347,0,0,1,Pedestrian
14,928.0,832.0,964.0,905.0,348,0,0,1,Pedestrian
14,928.0,832.0,964.0,905.0,349,0,0,1,Pedestrian
14,928.0,832.0,964.0,905.0,350,0,0,1,Pedestrian
14,928.0,832.0,964.0,905.0,351,0,0,1,Pedestrian
14,928.0,832.0,964.0,905.0,352,0,0,1,Pedestrian
14,928.0,832.0,964.0,905.0,353,0,0,1,Pedestrian
14,928.0,832.0,964.0,905.0,354,0,0,1,Pedestrian
14,928.0,832.0,964.0,905.0,355,0,0,1,Pedestrian
14,928.0,832.0,964.0,905.0,356,0,0,1,Pedestrian
14,928.0,832.0,964.0,905.0,357,0,0,1,Pedestrian
14,928.0,832.0,964.0,905.0,358,0,0,1,Pedestrian
14,928.0,832.0,964.0,905.0,359,0,0,1,Pedestrian
14,928.0,832.0,964.0,905.0,360,0,0,1,Pedestrian
14,928.0,832.0,964.0,905.0,361,0,0,1,Pedestrian
14,928.0,832.0,964.0,905.0,362,0,0,1,Pedestrian
14,928.0,832.0,964.0,905.0,363,0,0,1,Pedestrian
14,928.0,832.0,964.0,905.0,364,0,0,1,Pedestrian
14,928.0,832.0,964.0,905.0,365,0,0,1,Pedestrian
14,928.0,832.0,964.0,905.0,366,0,0,1,Pedestrian
14,928.0,832.0,964.0,905.0,367,0,0,1,Pedestrian
14,928.0,832.0,964.0,905.0,368,0,0,1,Pedestrian
14,928.0,832.0,964.0,905.0,369,0,0,1,Pedestrian
14,928.0,832.0,964.0,905.0,370,0,0,1,Pedestrian
14,928.0,832.0,964.0,905.0,371,0,0,1,Pedestrian
14,928.0,832.0,964.0,905.0,372,0,0,1,Pedestrian
14,928.0,832.0,964.0,905.0,373,0,0,1,Pedestrian
14,928.0,832.0,964.0,905.0,374,0,0,1,Pedestrian
14,928.0,832.0,964.0,905.0,375,0,0,1,Pedestrian
14,928.0,832.0,964.0,905.0,376,0,0,1,Pedestrian
14,928.0,832.0,964.0,905.0,377,0,0,1,Pedestrian
14,928.0,832.0,964.0,905.0,378,0,0,1,Pedestrian
14,928.0,832.0,964.0,905.0,379,0,0,1,Pedestrian
14,928.0,832.0,964.0,905.0,380,0,0,1,Pedestrian
14,928.0,832.0,964.0,905.0,381,0,0,1,Pedestrian
14,928.0,832.0,964.0,905.0,382,0,0,1,Pedestrian
14,928.0,832.0,964.0,905.0,383,0,0,1,Pedestrian
14,928.0,832.0,964.0,905.0,384,0,0,1,Pedestrian
14,928.0,832.0,964.0,905.0,385,0,0,1,Pedestrian
14,928.0,832.0,964.0,905.0,386,0,0,1,Pedestrian
14,928.0,832.0,964.0,905.0,387,0,0,1,Pedestrian
14,928.0,832.0,964.0,905.0,388,0,0,1,Pedestrian
14,928.0,832.0,964.0,905.0,389,0,0,1,Pedestrian
14,928.0,832.0,964.0,905.0,390,0,0,1,Pedestrian
14,928.0,832.0,964.0,905.0,391,0,0,1,Pedestrian
14,928.0,832.0,964.0,905.0,392,0,0,1,Pedestrian
14,928.0,832.0,964.0,905.0,393,0,0,1,Pedestrian
14,928.0,832.0,964.0,905.0,394,0,0,1,Pedestrian
14,928.0,832.0,964.0,905.0,395,0,0,1,Pedestrian
14,928.0,832.0,964.0,905.0,396,0,0,1,Pedestrian
14,928.0,832.0,964.0,905.0,397,0,0,1,Pedestrian
14,928.0,832.0,964.0,905.0,398,0,0,1,Pedestrian
14,928.0,832.0,964.0,905.0,399,0,0,1,Pedestrian
14,928.0,832.0,964.0,905.0,400,0,0,1,Pedestrian
14,928.0,832.0,964.0,905.0,401,0,0,1,Pedestrian
14,928.0,832.0,964.0,905.0,402,0,0,1,Pedestrian
14,928.0,832.0,964.0,905.0,403,0,0,1,Pedestrian
14,928.0,832.0,964.0,905.0,404,0,0,1,Pedestrian
14,928.0,832.0,964.0,905.0,405,0,0,1,Pedestrian
14,928.0,832.0,964.0,905.0,406,0,0,1,Pedestrian
14,928.0,832.0,964.0,905.0,407,0,0,1,Pedestrian
14,928.0,832.0,964.0,905.0,408,0,0,1,Pedestrian
14,928.0,832.0,964.0,905.0,409,0,0,1,Pedestrian
14,928.0,832.0,964.0,905.0,410,0,0,1,Pedestrian
14,928.0,832.0,964.0,905.0,411,0,0,1,Pedestrian
14,928.0,832.0,964.0,905.0,412,0,0,1,Pedestrian
14,928.0,832.0,964.0,905.0,413,0,0,1,Pedestrian
14,928.0,832.0,964.0,905.0,414,0,0,1,Pedestrian
14,928.0,832.0,964.0,905.0,415,0,0,1,Pedestrian
14,928.0,832.0,964.0,905.0,416,0,0,1,Pedestrian
14,928.0,832.0,964.0,905.0,417,0,0,1,Pedestrian
14,928.0,832.0,964.0,905.0,418,0,0,1,Pedestrian
14,928.0,832.0,964.0,905.0,419,0,0,1,Pedestrian
14,928.0,832.0,964.0,905.0,420,0,0,1,Pedestrian
14,928.0,832.0,964.0,905.0,421,0,0,1,Pedestrian
14,928.0,832.0,964.0,905.0,422,0,0,1,Pedestrian
14,928.0,832.0,964.0,905.0,423,0,0,1,Pedestrian
14,928.0,832.0,964.0,905.0,424,0,0,1,Pedestrian
14,928.0,832.0,964.0,905.0,425,0,0,1,Pedestrian
14,928.0,832.0,964.0,905.0,426,0,0,1,Pedestrian
14,928.0,832.0,964.0,905.0,427,0,0,1,Pedestrian
14,928.0,832.0,964.0,905.0,428,0,0,1,Pedestrian
14,928.0,832.0,964.0,905.0,429,0,0,1,Pedestrian
14,928.0,832.0,964.0,905.0,430,0,0,1,Pedestrian
14,928.0,832.0,964.0,905.0,431,0,0,1,Pedestrian
14,928.0,832.0,964.0,905.0,432,0,0,1,Pedestrian
14,928.0,832.0,964.0,905.0,433,0,0,1,Pedestrian
14,928.0,832.0,964.0,905.0,434,0,0,1,Pedestrian
14,928.0,832.0,964.0,905.0,435,0,0,1,Pedestrian
14,928.0,832.0,964.0,905.0,436,0,0,1,Pedestrian
14,928.0,832.0,964.0,905.0,437,0,0,1,Pedestrian
14,928.0,832.0,964.0,905.0,438,0,0,1,Pedestrian
14,928.0,832.0,964.0,905.0,439,0,0,1,Pedestrian
14,928.0,832.0,964.0,905.0,440,0,0,1,Pedestrian
14,928.0,832.0,964.0,905.0,441,0,0,1,Pedestrian
14,928.0,832.0,964.0,905.0,442,0,0,1,Pedestrian
14,928.0,832.0,964.0,905.0,443,0,0,1,Pedestrian
14,928.0,832.0,964.0,905.0,444,0,0,1,Pedestrian
14,928.0,832.0,964.0,905.0,445,0,0,1,Pedestrian
14,928.0,832.0,964.0,905.0,446,0,0,1,Pedestrian
14,928.0,832.0,964.0,905.0,447,0,0,1,Pedestrian
14,928.0,832.0,964.0,905.0,448,0,0,1,Pedestrian
14,928.0,832.0,964.0,905.0,449,0,0,1,Pedestrian
14,928.0,832.0,964.0,905.0,450,0,0,1,Pedestrian
14,928.0,832.0,964.0,905.0,451,0,0,1,Pedestrian
14,928.0,832.0,964.0,905.0,452,0,0,1,Pedestrian
14,928.0,832.0,964.0,905.0,453,0,0,1,Pedestrian
14,928.0,832.0,964.0,905.0,454,0,0,1,Pedestrian
14,928.0,832.0,964.0,905.0,455,0,0,1,Pedestrian
14,928.0,832.0,964.0,905.0,456,0,0,1,Pedestrian
14,928.0,832.0,964.0,905.0,457,0,0,1,Pedestrian
14,928.0,832.0,964.0,905.0,458,0,0,1,Pedestrian
14,928.0,832.0,964.0,905.0,459,0,0,1,Pedestrian
14,928.0,832.0,964.0,905.0,460,0,0,1,Pedestrian
14,928.0,832.0,964.0,905.0,461,0,0,1,Pedestrian
14,928.0,832.0,964.0,905.0,462,0,0,1,Pedestrian
14,928.0,832.0,964.0,905.0,463,0,0,1,Pedestrian
14,928.0,832.0,964.0,905.0,464,0,0,1,Pedestrian
14,928.0,832.0,964.0,905.0,465,0,0,1,Pedestrian
14,928.0,832.0,964.0,905.0,466,0,0,1,Pedestrian
14,928.0,832.0,964.0,905.0,467,0,0,1,Pedestrian
14,928.0,832.0,964.0,905.0,468,0,0,1,Pedestrian
14,928.0,832.0,964.0,905.0,469,0,0,1,Pedestrian
14,928.0,832.0,964.0,905.0,470,0,0,1,Pedestrian
14,928.0,832.0,964.0,905.0,471,0,0,1,Pedestrian
14,928.0,832.0,964.0,905.0,472,0,0,1,Pedestrian
14,928.0,832.0,964.0,905.0,473,0,0,1,Pedestrian
14,928.0,832.0,964.0,905.0,474,0,0,1,Pedestrian
14,928.0,832.0,964.0,905.0,475,0,0,1,Pedestrian
14,928.0,832.0,964.0,905.0,476,0,0,1,Pedestrian
14,928.0,832.0,964.0,905.0,477,0,0,1,Pedestrian
14,928.0,832.0,964.0,905.0,478,0,0,1,Pedestrian
14,928.0,832.0,964.0,905.0,479,0,0,1,Pedestrian
14,928.0,832.0,964.0,905.0,480,0,0,1,Pedestrian
14,928.0,832.0,964.0,905.0,481,0,0,1,Pedestrian
14,928.0,832.0,964.0,905.0,482,0,0,1,Pedestrian
14,928.0,832.0,964.0,905.0,483,0,0,1,Pedestrian
14,928.0,832.0,964.0,905.0,484,0,0,1,Pedestrian
14,928.0,832.0,964.0,905.0,485,0,0,1,Pedestrian
14,928.0,832.0,964.0,905.0,486,0,0,1,Pedestrian
14,928.0,832.0,964.0,905.0,487,0,0,1,Pedestrian
14,928.0,832.0,964.0,905.0,488,0,0,1,Pedestrian
14,928.0,832.0,964.0,905.0,489,0,0,1,Pedestrian
14,928.0,832.0,964.0,905.0,490,0,0,1,Pedestrian
14,928.0,832.0,964.0,905.0,491,0,0,1,Pedestrian
14,928.0,832.0,964.0,905.0,492,0,0,1,Pedestrian
14,928.0,832.0,964.0,905.0,493,0,0,1,Pedestrian
14,928.0,832.0,964.0,905.0,494,0,0,1,Pedestrian
14,928.0,832.0,964.0,905.0,495,0,0,1,Pedestrian
14,928.0,832.0,964.0,905.0,496,0,0,1,Pedestrian
14,928.0,832.0,964.0,905.0,497,0,0,1,Pedestrian
14,928.0,832.0,964.0,905.0,498,0,0,1,Pedestrian
14,928.0,832.0,964.0,905.0,499,0,0,1,Pedestrian
14,928.0,832.0,964.0,905.0,500,0,0,1,Pedestrian
14,928.0,832.0,964.0,905.0,501,0,0,1,Pedestrian
14,928.0,832.0,964.0,905.0,502,0,0,1,Pedestrian
14,928.0,832.0,964.0,905.0,503,0,0,1,Pedestrian
14,928.0,832.0,964.0,905.0,504,0,0,1,Pedestrian
14,928.0,832.0,964.0,905.0,505,0,0,1,Pedestrian
14,928.0,832.0,964.0,905.0,506,0,0,1,Pedestrian
14,928.0,832.0,964.0,905.0,507,0,0,1,Pedestrian
14,928.0,832.0,964.0,905.0,508,0,0,1,Pedestrian
14,928.0,832.0,964.0,905.0,509,0,0,1,Pedestrian
14,928.0,832.0,964.0,905.0,510,0,0,1,Pedestrian
14,928.0,832.0,964.0,905.0,511,0,0,1,Pedestrian
14,928.0,832.0,964.0,905.0,512,0,0,1,Pedestrian
14,928.0,832.0,964.0,905.0,513,0,0,1,Pedestrian
14,928.0,832.0,964.0,905.0,514,0,0,1,Pedestrian
14,928.0,832.0,964.0,905.0,515,0,0,1,Pedestrian
14,928.0,832.0,964.0,905.0,516,0,0,1,Pedestrian
14,928.0,832.0,964.0,905.0,517,0,0,1,Pedestrian
14,928.0,832.0,964.0,905.0,518,0,0,1,Pedestrian
14,928.0,832.0,964.0,905.0,519,0,0,1,Pedestrian
14,928.0,832.0,964.0,905.0,520,0,0,1,Pedestrian
14,928.0,832.0,964.0,905.0,521,0,0,1,Pedestrian
14,928.0,832.0,964.0,905.0,522,0,0,1,Pedestrian
14,928.0,832.0,964.0,905.0,523,0,0,1,Pedestrian
14,928.0,832.0,964.0,905.0,524,0,0,1,Pedestrian
14,928.0,832.0,964.0,905.0,525,0,0,1,Pedestrian
14,928.0,832.0,964.0,905.0,526,0,0,1,Pedestrian
14,928.0,832.0,964.0,905.0,527,0,0,1,Pedestrian
14,928.0,832.0,964.0,905.0,528,0,0,1,Pedestrian
14,928.0,832.0,964.0,905.0,529,0,0,1,Pedestrian
14,928.0,832.0,964.0,905.0,530,0,0,1,Pedestrian
14,928.0,832.0,964.0,905.0,531,0,0,0,Pedestrian
15,38.0,824.0,106.0,929.0,0,0,0,0,Biker
15,40.0,824.0,108.0,929.0,1,0,0,1,Biker
15,44.0,824.0,112.0,929.0,2,0,0,1,Biker
15,48.0,824.0,116.0,929.0,3,0,0,1,Biker
15,52.0,824.0,120.0,929.0,4,0,0,1,Biker
15,56.0,824.0,124.0,929.0,5,0,0,1,Biker
15,60.0,824.0,128.0,929.0,6,0,0,1,Biker
15,62.0,824.0,130.0,929.0,7,0,0,1,Biker
15,66.0,824.0,134.0,929.0,8,0,0,1,Biker
15,70.0,824.0,138.0,929.0,9,0,0,1,Biker
15,74.0,824.0,142.0,929.0,10,0,0,1,Biker
15,78.0,824.0,147.0,929.0,11,0,0,1,Biker
15,82.0,824.0,151.0,929.0,12,0,0,1,Biker
15,86.0,824.0,155.0,929.0,13,0,0,1,Biker
15,88.0,824.0,157.0,929.0,14,0,0,1,Biker
15,92.0,824.0,161.0,929.0,15,0,0,1,Biker
15,96.0,824.0,165.0,929.0,16,0,0,1,Biker
15,100.0,824.0,169.0,929.0,17,0,0,1,Biker
15,104.0,824.0,173.0,929.0,18,0,0,1,Biker
15,108.0,824.0,177.0,929.0,19,0,0,1,Biker
15,112.0,824.0,181.0,929.0,20,0,0,1,Biker
15,114.0,824.0,183.0,929.0,21,0,0,1,Biker
15,118.0,824.0,187.0,929.0,22,0,0,1,Biker
15,122.0,824.0,191.0,929.0,23,0,0,1,Biker
15,126.0,824.0,195.0,929.0,24,0,0,1,Biker
15,130.0,824.0,199.0,929.0,25,0,0,1,Biker
15,134.0,824.0,203.0,929.0,26,0,0,1,Biker
15,136.0,824.0,205.0,929.0,27,0,0,1,Biker
15,140.0,824.0,209.0,929.0,28,0,0,1,Biker
15,145.0,824.0,213.0,929.0,29,0,0,1,Biker
15,149.0,824.0,217.0,929.0,30,0,0,1,Biker
15,153.0,824.0,221.0,929.0,31,0,0,1,Biker
15,157.0,824.0,225.0,929.0,32,0,0,1,Biker
15,161.0,824.0,229.0,929.0,33,0,0,1,Biker
15,163.0,824.0,231.0,929.0,34,0,0,1,Biker
15,167.0,824.0,235.0,929.0,35,0,0,1,Biker
15,171.0,824.0,239.0,929.0,36,0,0,1,Biker
15,175.0,824.0,243.0,929.0,37,0,0,1,Biker
15,179.0,824.0,247.0,929.0,38,0,0,1,Biker
15,183.0,824.0,251.0,929.0,39,0,0,1,Biker
15,187.0,828.0,255.0,933.0,40,0,0,0,Biker
15,191.0,824.0,259.0,929.0,41,0,0,1,Biker
15,195.0,824.0,263.0,929.0,42,0,0,1,Biker
15,199.0,824.0,267.0,929.0,43,0,0,1,Biker
15,203.0,824.0,271.0,929.0,44,0,0,1,Biker
15,207.0,824.0,275.0,929.0,45,0,0,1,Biker
15,211.0,824.0,279.0,929.0,46,0,0,1,Biker
15,215.0,824.0,283.0,929.0,47,0,0,1,Biker
15,219.0,824.0,287.0,929.0,48,0,0,1,Biker
15,223.0,824.0,292.0,929.0,49,0,0,1,Biker
15,227.0,824.0,296.0,929.0,50,0,0,1,Biker
15,231.0,824.0,300.0,929.0,51,0,0,1,Biker
15,235.0,824.0,304.0,929.0,52,0,0,1,Biker
15,239.0,824.0,308.0,929.0,53,0,0,1,Biker
15,243.0,824.0,312.0,929.0,54,0,0,1,Biker
15,247.0,824.0,316.0,929.0,55,0,0,1,Biker
15,251.0,824.0,320.0,929.0,56,0,0,1,Biker
15,255.0,824.0,324.0,929.0,57,0,0,1,Biker
15,259.0,824.0,328.0,929.0,58,0,0,1,Biker
15,263.0,824.0,332.0,929.0,59,0,0,1,Biker
15,267.0,824.0,336.0,929.0,60,0,0,1,Biker
15,271.0,824.0,340.0,929.0,61,0,0,1,Biker
15,275.0,824.0,344.0,929.0,62,0,0,1,Biker
15,279.0,824.0,348.0,929.0,63,0,0,1,Biker
15,283.0,824.0,352.0,929.0,64,0,0,1,Biker
15,287.0,824.0,356.0,929.0,65,0,0,1,Biker
15,292.0,824.0,360.0,929.0,66,0,0,1,Biker
15,296.0,824.0,364.0,929.0,67,0,0,1,Biker
15,300.0,824.0,368.0,929.0,68,0,0,1,Biker
15,304.0,824.0,372.0,929.0,69,0,0,1,Biker
15,310.0,824.0,378.0,929.0,70,0,0,0,Biker
15,314.0,820.0,382.0,925.0,71,0,0,1,Biker
15,318.0,820.0,386.0,925.0,72,0,0,1,Biker
15,322.0,820.0,390.0,925.0,73,0,0,1,Biker
15,326.0,820.0,394.0,925.0,74,0,0,1,Biker
15,330.0,820.0,398.0,925.0,75,0,0,1,Biker
15,334.0,820.0,402.0,925.0,76,0,0,1,Biker
15,338.0,820.0,406.0,925.0,77,0,0,1,Biker
15,342.0,820.0,410.0,925.0,78,0,0,1,Biker
15,346.0,820.0,414.0,925.0,79,0,0,1,Biker
15,352.0,820.0,420.0,925.0,80,0,0,1,Biker
15,356.0,820.0,424.0,925.0,81,0,0,1,Biker
15,360.0,820.0,428.0,925.0,82,0,0,1,Biker
15,364.0,820.0,432.0,925.0,83,0,0,1,Biker
15,368.0,820.0,437.0,925.0,84,0,0,1,Biker
15,372.0,820.0,441.0,925.0,85,0,0,1,Biker
15,376.0,820.0,445.0,925.0,86,0,0,1,Biker
15,380.0,820.0,449.0,925.0,87,0,0,1,Biker
15,384.0,820.0,453.0,925.0,88,0,0,1,Biker
15,388.0,820.0,457.0,925.0,89,0,0,1,Biker
15,394.0,820.0,463.0,925.0,90,0,0,1,Biker
15,398.0,820.0,467.0,925.0,91,0,0,1,Biker
15,402.0,820.0,471.0,925.0,92,0,0,1,Biker
15,406.0,820.0,475.0,925.0,93,0,0,1,Biker
15,410.0,820.0,479.0,925.0,94,0,0,1,Biker
15,414.0,820.0,483.0,925.0,95,0,0,1,Biker
15,418.0,820.0,487.0,925.0,96,0,0,1,Biker
15,422.0,820.0,491.0,925.0,97,0,0,1,Biker
15,426.0,820.0,495.0,925.0,98,0,0,1,Biker
15,430.0,820.0,499.0,925.0,99,0,0,1,Biker
15,437.0,820.0,505.0,925.0,100,0,0,0,Biker
15,439.0,820.0,507.0,925.0,101,0,0,1,Biker
15,443.0,820.0,511.0,925.0,102,0,0,1,Biker
15,447.0,820.0,515.0,925.0,103,0,0,1,Biker
15,451.0,820.0,519.0,925.0,104,0,0,1,Biker
15,455.0,820.0,523.0,925.0,105,0,0,1,Biker
15,459.0,820.0,527.0,925.0,106,0,0,1,Biker
15,463.0,820.0,531.0,925.0,107,0,0,1,Biker
15,465.0,820.0,533.0,925.0,108,0,0,1,Biker
15,469.0,820.0,537.0,925.0,109,0,0,1,Biker
15,473.0,820.0,541.0,925.0,110,0,0,1,Biker
15,477.0,820.0,545.0,925.0,111,0,0,1,Biker
15,481.0,820.0,549.0,925.0,112,0,0,1,Biker
15,485.0,820.0,553.0,925.0,113,0,0,1,Biker
15,489.0,820.0,557.0,925.0,114,0,0,1,Biker
15,493.0,824.0,561.0,929.0,115,0,0,1,Biker
15,495.0,824.0,563.0,929.0,116,0,0,1,Biker
15,499.0,824.0,567.0,929.0,117,0,0,1,Biker
15,503.0,824.0,571.0,929.0,118,0,0,1,Biker
15,507.0,824.0,575.0,929.0,119,0,0,1,Biker
15,511.0,824.0,580.0,929.0,120,0,0,1,Biker
15,515.0,824.0,584.0,929.0,121,0,0,1,Biker
15,519.0,824.0,588.0,929.0,122,0,0,1,Biker
15,521.0,824.0,590.0,929.0,123,0,0,1,Biker
15,525.0,824.0,594.0,929.0,124,0,0,1,Biker
15,529.0,824.0,598.0,929.0,125,0,0,1,Biker
15,533.0,824.0,602.0,929.0,126,0,0,1,Biker
15,537.0,824.0,606.0,929.0,127,0,0,1,Biker
15,541.0,824.0,610.0,929.0,128,0,0,1,Biker
15,545.0,824.0,614.0,929.0,129,0,0,1,Biker
15,549.0,828.0,618.0,933.0,130,0,0,0,Biker
15,553.0,824.0,622.0,929.0,131,0,0,1,Biker
15,557.0,824.0,626.0,929.0,132,0,0,1,Biker
15,561.0,824.0,630.0,929.0,133,0,0,1,Biker
15,565.0,824.0,634.0,929.0,134,0,0,1,Biker
15,569.0,824.0,638.0,929.0,135,0,0,1,Biker
15,573.0,824.0,642.0,929.0,136,0,0,1,Biker
15,577.0,824.0,646.0,929.0,137,0,0,1,Biker
15,582.0,820.0,650.0,925.0,138,0,0,1,Biker
15,586.0,820.0,654.0,925.0,139,0,0,1,Biker
15,590.0,820.0,658.0,925.0,140,0,0,1,Biker
15,594.0,820.0,662.0,925.0,141,0,0,1,Biker
15,598.0,820.0,666.0,925.0,142,0,0,1,Biker
15,602.0,820.0,670.0,925.0,143,0,0,1,Biker
15,606.0,820.0,674.0,925.0,144,0,0,1,Biker
15,610.0,820.0,678.0,925.0,145,0,0,1,Biker
15,614.0,816.0,682.0,921.0,146,0,0,1,Biker
15,618.0,816.0,686.0,921.0,147,0,0,1,Biker
15,622.0,816.0,690.0,921.0,148,0,0,1,Biker
15,626.0,816.0,694.0,921.0,149,0,0,1,Biker
15,630.0,816.0,698.0,921.0,150,0,0,1,Biker
15,634.0,816.0,702.0,921.0,151,0,0,1,Biker
15,638.0,816.0,706.0,921.0,152,0,0,1,Biker
15,642.0,812.0,710.0,917.0,153,0,0,1,Biker
15,646.0,812.0,714.0,917.0,154,0,0,1,Biker
15,650.0,812.0,718.0,917.0,155,0,0,1,Biker
15,654.0,812.0,722.0,917.0,156,0,0,1,Biker
15,658.0,812.0,727.0,917.0,157,0,0,1,Biker
15,662.0,812.0,731.0,917.0,158,0,0,1,Biker
15,666.0,812.0,735.0,917.0,159,0,0,1,Biker
15,672.0,812.0,741.0,917.0,160,0,0,0,Biker
15,674.0,808.0,743.0,913.0,161,0,0,1,Biker
15,676.0,808.0,745.0,913.0,162,0,0,1,Biker
15,678.0,808.0,747.0,913.0,163,0,0,1,Biker
15,682.0,808.0,751.0,913.0,164,0,0,1,Biker
15,684.0,808.0,753.0,913.0,165,0,0,1,Biker
15,686.0,808.0,755.0,913.0,166,0,0,1,Biker
15,690.0,808.0,759.0,913.0,167,0,0,1,Biker
15,692.0,808.0,761.0,913.0,168,0,0,1,Biker
15,694.0,808.0,763.0,913.0,169,0,0,1,Biker
15,698.0,808.0,767.0,913.0,170,0,0,1,Biker
15,700.0,808.0,769.0,913.0,171,0,0,1,Biker
15,702.0,808.0,771.0,913.0,172,0,0,1,Biker
15,704.0,808.0,773.0,913.0,173,0,0,1,Biker
15,708.0,808.0,777.0,913.0,174,0,0,1,Biker
15,710.0,808.0,779.0,913.0,175,0,0,1,Biker
15,712.0,808.0,781.0,913.0,176,0,0,1,Biker
15,716.0,808.0,785.0,913.0,177,0,0,1,Biker
15,718.0,808.0,787.0,913.0,178,0,0,1,Biker
15,720.0,808.0,789.0,913.0,179,0,0,1,Biker
15,725.0,808.0,793.0,913.0,180,0,0,1,Biker
15,727.0,808.0,795.0,913.0,181,0,0,1,Biker
15,729.0,808.0,797.0,913.0,182,0,0,1,Biker
15,731.0,808.0,799.0,913.0,183,0,0,1,Biker
15,735.0,808.0,803.0,913.0,184,0,0,1,Biker
15,737.0,808.0,805.0,913.0,185,0,0,1,Biker
15,739.0,808.0,807.0,913.0,186,0,0,1,Biker
15,743.0,808.0,811.0,913.0,187,0,0,1,Biker
15,745.0,808.0,813.0,913.0,188,0,0,1,Biker
15,747.0,808.0,815.0,913.0,189,0,0,1,Biker
15,751.0,808.0,819.0,913.0,190,0,0,0,Biker
15,753.0,804.0,821.0,909.0,191,0,0,1,Biker
15,757.0,804.0,825.0,909.0,192,0,0,1,Biker
15,759.0,804.0,827.0,909.0,193,0,0,1,Biker
15,763.0,804.0,831.0,909.0,194,0,0,1,Biker
15,767.0,804.0,835.0,909.0,195,0,0,1,Biker
15,769.0,804.0,837.0,909.0,196,0,0,1,Biker
15,773.0,804.0,841.0,909.0,197,0,0,1,Biker
15,777.0,804.0,845.0,909.0,198,0,0,1,Biker
15,779.0,804.0,847.0,909.0,199,0,0,1,Biker
15,783.0,804.0,851.0,909.0,200,0,0,1,Biker
15,785.0,804.0,853.0,909.0,201,0,0,1,Biker
15,789.0,804.0,857.0,909.0,202,0,0,1,Biker
15,793.0,804.0,861.0,909.0,203,0,0,1,Biker
15,795.0,804.0,863.0,909.0,204,0,0,1,Biker
15,799.0,804.0,867.0,909.0,205,0,0,1,Biker
15,803.0,800.0,872.0,905.0,206,0,0,1,Biker
15,805.0,800.0,874.0,905.0,207,0,0,1,Biker
15,809.0,800.0,878.0,905.0,208,0,0,1,Biker
15,813.0,800.0,882.0,905.0,209,0,0,1,Biker
15,815.0,800.0,884.0,905.0,210,0,0,1,Biker
15,819.0,800.0,888.0,905.0,211,0,0,1,Biker
15,821.0,800.0,890.0,905.0,212,0,0,1,Biker
15,825.0,800.0,894.0,905.0,213,0,0,1,Biker
15,829.0,800.0,898.0,905.0,214,0,0,1,Biker
15,831.0,800.0,900.0,905.0,215,0,0,1,Biker
15,835.0,800.0,904.0,905.0,216,0,0,1,Biker
15,839.0,800.0,908.0,905.0,217,0,0,1,Biker
15,841.0,800.0,910.0,905.0,218,0,0,1,Biker
15,845.0,800.0,914.0,905.0,219,0,0,1,Biker
15,849.0,800.0,918.0,905.0,220,0,0,0,Biker
15,851.0,796.0,920.0,901.0,221,0,0,1,Biker
15,855.0,796.0,924.0,901.0,222,0,0,1,Biker
15,859.0,796.0,928.0,901.0,223,0,0,1,Biker
15,863.0,796.0,932.0,901.0,224,0,0,1,Biker
15,865.0,796.0,934.0,901.0,225,0,0,1,Biker
15,870.0,796.0,938.0,901.0,226,0,0,1,Biker
15,874.0,796.0,942.0,901.0,227,0,0,1,Biker
15,878.0,792.0,946.0,897.0,228,0,0,1,Biker
15,882.0,792.0,950.0,897.0,229,0,0,1,Biker
15,884.0,792.0,952.0,897.0,230,0,0,1,Biker
15,888.0,792.0,956.0,897.0,231,0,0,1,Biker
15,892.0,792.0,960.0,897.0,232,0,0,1,Biker
15,896.0,792.0,964.0,897.0,233,0,0,1,Biker
15,898.0,792.0,966.0,897.0,234,0,0,1,Biker
15,902.0,788.0,970.0,893.0,235,0,0,1,Biker
15,906.0,788.0,974.0,893.0,236,0,0,1,Biker
15,910.0,788.0,978.0,893.0,237,0,0,1,Biker
15,914.0,788.0,982.0,893.0,238,0,0,1,Biker
15,916.0,788.0,984.0,893.0,239,0,0,1,Biker
15,920.0,788.0,988.0,893.0,240,0,0,1,Biker
15,924.0,788.0,992.0,893.0,241,0,0,1,Biker
15,928.0,784.0,996.0,889.0,242,0,0,1,Biker
15,930.0,784.0,998.0,889.0,243,0,0,1,Biker
15,934.0,784.0,1002.0,889.0,244,0,0,1,Biker
15,938.0,784.0,1006.0,889.0,245,0,0,1,Biker
15,942.0,784.0,1010.0,889.0,246,0,0,1,Biker
15,946.0,784.0,1015.0,889.0,247,0,0,1,Biker
15,948.0,784.0,1017.0,889.0,248,0,0,1,Biker
15,952.0,780.0,1021.0,885.0,249,0,0,1,Biker
15,956.0,780.0,1025.0,885.0,250,0,0,1,Biker
15,960.0,780.0,1029.0,885.0,251,0,0,1,Biker
15,962.0,780.0,1031.0,885.0,252,0,0,1,Biker
15,966.0,780.0,1035.0,885.0,253,0,0,1,Biker
15,970.0,780.0,1039.0,885.0,254,0,0,1,Biker
15,974.0,780.0,1043.0,885.0,255,0,0,1,Biker
15,978.0,776.0,1047.0,881.0,256,0,0,1,Biker
15,980.0,776.0,1049.0,881.0,257,0,0,1,Biker
15,984.0,776.0,1053.0,881.0,258,0,0,1,Biker
15,988.0,776.0,1057.0,881.0,259,0,0,1,Biker
15,992.0,776.0,1061.0,881.0,260,0,0,1,Biker
15,994.0,776.0,1063.0,881.0,261,0,0,1,Biker
15,998.0,776.0,1067.0,881.0,262,0,0,1,Biker
15,1002.0,771.0,1071.0,877.0,263,0,0,1,Biker
15,1006.0,771.0,1075.0,877.0,264,0,0,1,Biker
15,1010.0,771.0,1079.0,877.0,265,0,0,1,Biker
15,1012.0,771.0,1081.0,877.0,266,0,0,1,Biker
15,1017.0,771.0,1085.0,877.0,267,0,0,1,Biker
15,1021.0,771.0,1089.0,877.0,268,0,0,1,Biker
15,1025.0,771.0,1093.0,877.0,269,0,0,1,Biker
15,1029.0,771.0,1097.0,877.0,270,0,0,0,Biker
15,1031.0,771.0,1099.0,877.0,271,0,0,1,Biker
15,1035.0,771.0,1103.0,877.0,272,0,0,1,Biker
15,1039.0,771.0,1107.0,877.0,273,0,0,1,Biker
15,1041.0,771.0,1109.0,877.0,274,0,0,1,Biker
15,1045.0,771.0,1113.0,877.0,275,0,0,1,Biker
15,1049.0,771.0,1117.0,877.0,276,0,0,1,Biker
15,1051.0,771.0,1119.0,877.0,277,0,0,1,Biker
15,1055.0,771.0,1123.0,877.0,278,0,0,1,Biker
15,1059.0,771.0,1127.0,877.0,279,0,0,1,Biker
15,1061.0,771.0,1129.0,877.0,280,0,0,1,Biker
15,1065.0,771.0,1133.0,877.0,281,0,0,1,Biker
15,1069.0,771.0,1137.0,877.0,282,0,0,1,Biker
15,1071.0,771.0,1139.0,877.0,283,0,0,1,Biker
15,1075.0,771.0,1143.0,877.0,284,0,0,1,Biker
15,1079.0,776.0,1147.0,881.0,285,0,0,1,Biker
15,1081.0,776.0,1149.0,881.0,286,0,0,1,Biker
15,1085.0,776.0,1153.0,881.0,287,0,0,1,Biker
15,1089.0,776.0,1157.0,881.0,288,0,0,1,Biker
15,1091.0,776.0,1160.0,881.0,289,0,0,1,Biker
15,1095.0,776.0,1164.0,881.0,290,0,0,1,Biker
15,1099.0,776.0,1168.0,881.0,291,0,0,1,Biker
15,1101.0,776.0,1170.0,881.0,292,0,0,1,Biker
15,1105.0,776.0,1174.0,881.0,293,0,0,1,Biker
15,1109.0,776.0,1178.0,881.0,294,0,0,1,Biker
15,1111.0,776.0,1180.0,881.0,295,0,0,1,Biker
15,1115.0,776.0,1184.0,881.0,296,0,0,1,Biker
15,1119.0,776.0,1188.0,881.0,297,0,0,1,Biker
15,1121.0,776.0,1190.0,881.0,298,0,0,1,Biker
15,1125.0,776.0,1194.0,881.0,299,0,0,1,Biker
15,1129.0,780.0,1198.0,885.0,300,0,0,0,Biker
15,1131.0,780.0,1200.0,885.0,301,0,0,1,Biker
15,1135.0,780.0,1204.0,885.0,302,0,0,1,Biker
15,1139.0,780.0,1208.0,885.0,303,0,0,1,Biker
15,1141.0,780.0,1210.0,885.0,304,0,0,1,Biker
15,1145.0,780.0,1214.0,885.0,305,0,0,1,Biker
15,1149.0,780.0,1218.0,885.0,306,0,0,1,Biker
15,1151.0,780.0,1220.0,885.0,307,0,0,1,Biker
15,1155.0,780.0,1224.0,885.0,308,0,0,1,Biker
15,1160.0,780.0,1228.0,885.0,309,0,0,1,Biker
15,1162.0,780.0,1230.0,885.0,310,0,0,1,Biker
15,1166.0,780.0,1234.0,885.0,311,0,0,1,Biker
15,1170.0,780.0,1238.0,885.0,312,0,0,1,Biker
15,1172.0,780.0,1240.0,885.0,313,0,0,1,Biker
15,1176.0,784.0,1244.0,889.0,314,0,0,1,Biker
15,1180.0,784.0,1248.0,889.0,315,0,0,1,Biker
15,1182.0,784.0,1250.0,889.0,316,0,0,1,Biker
15,1186.0,784.0,1254.0,889.0,317,0,0,1,Biker
15,1190.0,784.0,1258.0,889.0,318,0,0,1,Biker
15,1192.0,784.0,1260.0,889.0,319,0,0,1,Biker
15,1196.0,784.0,1264.0,889.0,320,0,0,1,Biker
15,1200.0,784.0,1268.0,889.0,321,0,0,1,Biker
15,1202.0,784.0,1270.0,889.0,322,0,0,1,Biker
15,1206.0,784.0,1274.0,889.0,323,0,0,1,Biker
15,1210.0,784.0,1278.0,889.0,324,0,0,1,Biker
15,1212.0,784.0,1280.0,889.0,325,0,0,1,Biker
15,1216.0,784.0,1284.0,889.0,326,0,0,1,Biker
15,1220.0,788.0,1288.0,893.0,327,0,0,1,Biker
15,1222.0,788.0,1290.0,893.0,328,0,0,1,Biker
15,1226.0,788.0,1294.0,893.0,329,0,0,1,Biker
15,1230.0,788.0,1298.0,893.0,330,0,0,1,Biker
15,1232.0,788.0,1300.0,893.0,331,0,0,1,Biker
15,1236.0,788.0,1305.0,893.0,332,0,0,1,Biker
15,1240.0,788.0,1309.0,893.0,333,0,0,1,Biker
15,1242.0,788.0,1311.0,893.0,334,0,0,1,Biker
15,1246.0,788.0,1315.0,893.0,335,0,0,1,Biker
15,1250.0,788.0,1319.0,893.0,336,0,0,1,Biker
15,1252.0,788.0,1321.0,893.0,337,0,0,1,Biker
15,1256.0,788.0,1325.0,893.0,338,0,0,1,Biker
15,1260.0,788.0,1329.0,893.0,339,0,0,1,Biker
15,1264.0,792.0,1333.0,897.0,340,0,0,0,Biker
15,1266.0,792.0,1335.0,897.0,341,0,0,1,Biker
15,1270.0,792.0,1339.0,897.0,342,0,0,1,Biker
15,1274.0,792.0,1343.0,897.0,343,0,0,1,Biker
15,1278.0,792.0,1347.0,897.0,344,0,0,1,Biker
15,1282.0,792.0,1351.0,897.0,345,0,0,1,Biker
15,1286.0,792.0,1355.0,897.0,346,0,0,1,Biker
15,1290.0,792.0,1359.0,897.0,347,0,0,1,Biker
15,1294.0,792.0,1363.0,897.0,348,0,0,1,Biker
15,1298.0,792.0,1367.0,897.0,349,0,0,1,Biker
15,1302.0,796.0,1371.0,901.0,350,0,0,1,Biker
15,1305.0,796.0,1373.0,901.0,351,0,0,1,Biker
15,1309.0,796.0,1377.0,901.0,352,0,0,1,Biker
15,1313.0,796.0,1381.0,901.0,353,0,0,1,Biker
15,1317.0,796.0,1385.0,901.0,354,0,0,1,Biker
15,1321.0,796.0,1389.0,901.0,355,0,0,1,Biker
15,1325.0,796.0,1393.0,901.0,356,0,0,1,Biker
15,1329.0,796.0,1397.0,901.0,357,0,0,1,Biker
15,1333.0,796.0,1401.0,901.0,358,0,0,1,Biker
15,1337.0,796.0,1405.0,901.0,359,0,0,1,Biker
15,1341.0,800.0,1409.0,905.0,360,0,0,1,Biker
15,1343.0,800.0,1411.0,905.0,361,0,0,1,Biker
15,1347.0,800.0,1415.0,905.0,362,0,0,1,Biker
15,1351.0,800.0,1419.0,905.0,363,0,0,1,Biker
15,1355.0,800.0,1423.0,905.0,364,0,0,1,Biker
15,1359.0,800.0,1427.0,905.0,365,0,0,1,Biker
15,1363.0,800.0,1431.0,905.0,366,0,0,1,Biker
15,1367.0,800.0,1435.0,905.0,367,0,0,1,Biker
15,1371.0,800.0,1439.0,905.0,368,0,0,1,Biker
15,1375.0,800.0,1443.0,905.0,369,0,0,1,Biker
15,1379.0,804.0,1447.0,909.0,370,0,0,0,Biker
15,1379.0,804.0,1447.0,909.0,371,0,0,1,Biker
15,1379.0,804.0,1447.0,909.0,372,0,0,1,Biker
15,1381.0,804.0,1447.0,909.0,373,0,0,1,Biker
15,1381.0,804.0,1447.0,909.0,374,0,0,1,Biker
15,1383.0,804.0,1447.0,909.0,375,0,0,1,Biker
15,1383.0,804.0,1447.0,909.0,376,0,0,1,Biker
15,1383.0,804.0,1447.0,909.0,377,0,0,1,Biker
15,1385.0,804.0,1447.0,909.0,378,0,0,1,Biker
15,1385.0,804.0,1447.0,909.0,379,0,0,1,Biker
15,1387.0,804.0,1447.0,909.0,380,1,0,0,Biker
15,1387.0,804.0,1447.0,909.0,381,1,0,1,Biker
15,1387.0,804.0,1447.0,909.0,382,1,0,1,Biker
15,1387.0,804.0,1447.0,909.0,383,1,0,1,Biker
15,1387.0,804.0,1447.0,909.0,384,1,0,1,Biker
15,1387.0,804.0,1447.0,909.0,385,1,0,1,Biker
15,1387.0,804.0,1447.0,909.0,386,1,0,1,Biker
15,1387.0,804.0,1447.0,909.0,387,1,0,1,Biker
15,1387.0,804.0,1447.0,909.0,388,1,0,1,Biker
15,1387.0,804.0,1447.0,909.0,389,1,0,1,Biker
15,1387.0,804.0,1447.0,909.0,390,1,0,1,Biker
15,1387.0,804.0,1447.0,909.0,391,1,0,1,Biker
15,1387.0,804.0,1447.0,909.0,392,1,0,1,Biker
15,1387.0,804.0,1447.0,909.0,393,1,0,1,Biker
15,1387.0,804.0,1447.0,909.0,394,1,0,1,Biker
15,1387.0,804.0,1447.0,909.0,395,1,0,1,Biker
15,1387.0,804.0,1447.0,909.0,396,1,0,1,Biker
15,1387.0,804.0,1447.0,909.0,397,1,0,1,Biker
15,1387.0,804.0,1447.0,909.0,398,1,0,1,Biker
15,1387.0,804.0,1447.0,909.0,399,1,0,1,Biker
15,1387.0,804.0,1447.0,909.0,400,1,0,1,Biker
15,1387.0,804.0,1447.0,909.0,401,1,0,1,Biker
15,1387.0,804.0,1447.0,909.0,402,1,0,1,Biker
15,1387.0,804.0,1447.0,909.0,403,1,0,1,Biker
15,1387.0,804.0,1447.0,909.0,404,1,0,1,Biker
15,1387.0,804.0,1447.0,909.0,405,1,0,1,Biker
15,1387.0,804.0,1447.0,909.0,406,1,0,1,Biker
15,1387.0,804.0,1447.0,909.0,407,1,0,1,Biker
15,1387.0,804.0,1447.0,909.0,408,1,0,1,Biker
15,1387.0,804.0,1447.0,909.0,409,1,0,1,Biker
15,1387.0,804.0,1447.0,909.0,410,1,0,1,Biker
15,1387.0,804.0,1447.0,909.0,411,1,0,1,Biker
15,1387.0,804.0,1447.0,909.0,412,1,0,1,Biker
15,1387.0,804.0,1447.0,909.0,413,1,0,1,Biker
15,1387.0,804.0,1447.0,909.0,414,1,0,1,Biker
15,1387.0,804.0,1447.0,909.0,415,1,0,1,Biker
15,1387.0,804.0,1447.0,909.0,416,1,0,1,Biker
15,1387.0,804.0,1447.0,909.0,417,1,0,1,Biker
15,1387.0,804.0,1447.0,909.0,418,1,0,1,Biker
15,1387.0,804.0,1447.0,909.0,419,1,0,1,Biker
15,1387.0,804.0,1447.0,909.0,420,1,0,1,Biker
15,1387.0,804.0,1447.0,909.0,421,1,0,1,Biker
15,1387.0,804.0,1447.0,909.0,422,1,0,1,Biker
15,1387.0,804.0,1447.0,909.0,423,1,0,1,Biker
15,1387.0,804.0,1447.0,909.0,424,1,0,1,Biker
15,1387.0,804.0,1447.0,909.0,425,1,0,1,Biker
15,1387.0,804.0,1447.0,909.0,426,1,0,1,Biker
15,1387.0,804.0,1447.0,909.0,427,1,0,1,Biker
15,1387.0,804.0,1447.0,909.0,428,1,0,1,Biker
15,1387.0,804.0,1447.0,909.0,429,1,0,1,Biker
15,1387.0,804.0,1447.0,909.0,430,1,0,0,Biker
15,1375.0,804.0,1435.0,909.0,431,1,0,1,Biker
15,1365.0,804.0,1425.0,909.0,432,1,0,1,Biker
15,1355.0,804.0,1415.0,909.0,433,1,0,1,Biker
15,1343.0,804.0,1403.0,909.0,434,1,0,1,Biker
15,1333.0,804.0,1393.0,909.0,435,1,0,1,Biker
15,1323.0,804.0,1383.0,909.0,436,1,0,1,Biker
15,1311.0,804.0,1373.0,909.0,437,1,0,1,Biker
15,1300.0,804.0,1361.0,909.0,438,1,0,1,Biker
15,1290.0,804.0,1351.0,909.0,439,1,0,1,Biker
15,1280.0,804.0,1341.0,909.0,440,1,0,1,Biker
15,1268.0,804.0,1331.0,909.0,441,1,0,1,Biker
15,1258.0,804.0,1319.0,909.0,442,1,0,1,Biker
15,1248.0,804.0,1309.0,909.0,443,1,0,1,Biker
15,1236.0,804.0,1298.0,909.0,444,1,0,1,Biker
15,1226.0,804.0,1288.0,909.0,445,1,0,1,Biker
15,1216.0,804.0,1276.0,909.0,446,1,0,1,Biker
15,1204.0,804.0,1266.0,909.0,447,1,0,1,Biker
15,1194.0,804.0,1256.0,909.0,448,1,0,1,Biker
15,1184.0,804.0,1246.0,909.0,449,1,0,1,Biker
15,1174.0,804.0,1234.0,909.0,450,1,0,1,Biker
15,1162.0,808.0,1224.0,913.0,451,1,0,1,Biker
15,1151.0,808.0,1214.0,913.0,452,1,0,1,Biker
15,1141.0,808.0,1204.0,913.0,453,1,0,1,Biker
15,1129.0,808.0,1192.0,913.0,454,1,0,1,Biker
15,1119.0,808.0,1182.0,913.0,455,1,0,1,Biker
15,1109.0,808.0,1172.0,913.0,456,1,0,1,Biker
15,1097.0,808.0,1162.0,913.0,457,1,0,1,Biker
15,1087.0,808.0,1149.0,913.0,458,1,0,1,Biker
15,1077.0,808.0,1139.0,913.0,459,1,0,1,Biker
15,1067.0,808.0,1129.0,913.0,460,1,0,1,Biker
15,1055.0,808.0,1119.0,913.0,461,1,0,1,Biker
15,1045.0,808.0,1107.0,913.0,462,1,0,1,Biker
15,1035.0,808.0,1097.0,913.0,463,1,0,1,Biker
15,1023.0,808.0,1087.0,913.0,464,1,0,1,Biker
15,1012.0,808.0,1075.0,913.0,465,1,0,1,Biker
15,1002.0,808.0,1065.0,913.0,466,1,0,1,Biker
15,992.0,808.0,1055.0,913.0,467,1,0,1,Biker
15,980.0,808.0,1045.0,913.0,468,1,0,1,Biker
15,970.0,808.0,1033.0,913.0,469,1,0,1,Biker
15,960.0,808.0,1023.0,913.0,470,1,0,1,Biker
15,948.0,812.0,1012.0,917.0,471,1,0,1,Biker
15,938.0,812.0,1002.0,917.0,472,1,0,1,Biker
15,928.0,812.0,990.0,917.0,473,1,0,1,Biker
15,916.0,812.0,980.0,917.0,474,1,0,1,Biker
15,906.0,812.0,970.0,917.0,475,1,0,1,Biker
15,896.0,812.0,960.0,917.0,476,1,0,1,Biker
15,886.0,812.0,948.0,917.0,477,1,0,1,Biker
15,874.0,812.0,938.0,917.0,478,1,0,1,Biker
15,863.0,812.0,928.0,917.0,479,1,0,1,Biker
15,853.0,812.0,918.0,917.0,480,1,0,1,Biker
15,841.0,812.0,906.0,917.0,481,1,0,1,Biker
15,831.0,812.0,896.0,917.0,482,1,0,1,Biker
15,821.0,812.0,886.0,917.0,483,1,0,1,Biker
15,809.0,812.0,876.0,917.0,484,1,0,1,Biker
15,799.0,812.0,863.0,917.0,485,1,0,1,Biker
15,789.0,812.0,853.0,917.0,486,1,0,1,Biker
15,779.0,812.0,843.0,917.0,487,1,0,1,Biker
15,767.0,812.0,833.0,917.0,488,1,0,1,Biker
15,757.0,812.0,821.0,917.0,489,1,0,1,Biker
15,747.0,812.0,811.0,917.0,490,1,0,1,Biker
15,735.0,816.0,801.0,921.0,491,1,0,1,Biker
15,725.0,816.0,791.0,921.0,492,1,0,1,Biker
15,714.0,816.0,779.0,921.0,493,1,0,1,Biker
15,702.0,816.0,769.0,921.0,494,1,0,1,Biker
15,692.0,816.0,759.0,921.0,495,1,0,1,Biker
15,682.0,816.0,749.0,921.0,496,1,0,1,Biker
15,672.0,816.0,737.0,921.0,497,1,0,1,Biker
15,660.0,816.0,727.0,921.0,498,1,0,1,Biker
15,650.0,816.0,716.0,921.0,499,1,0,1,Biker
15,640.0,816.0,704.0,921.0,500,1,0,1,Biker
15,628.0,816.0,694.0,921.0,501,1,0,1,Biker
15,618.0,816.0,684.0,921.0,502,1,0,1,Biker
15,608.0,816.0,674.0,921.0,503,1,0,1,Biker
15,598.0,816.0,662.0,921.0,504,1,0,1,Biker
15,586.0,816.0,652.0,921.0,505,1,0,1,Biker
15,575.0,816.0,642.0,921.0,506,1,0,1,Biker
15,565.0,816.0,632.0,921.0,507,1,0,1,Biker
15,553.0,816.0,620.0,921.0,508,1,0,1,Biker
15,543.0,816.0,610.0,921.0,509,1,0,1,Biker
15,533.0,816.0,600.0,921.0,510,1,0,1,Biker
15,521.0,820.0,590.0,925.0,511,1,0,1,Biker
15,511.0,820.0,577.0,925.0,512,1,0,1,Biker
15,501.0,820.0,567.0,925.0,513,1,0,1,Biker
15,491.0,820.0,557.0,925.0,514,1,0,1,Biker
15,479.0,820.0,547.0,925.0,515,1,0,1,Biker
15,469.0,820.0,535.0,925.0,516,1,0,1,Biker
15,459.0,820.0,525.0,925.0,517,1,0,1,Biker
15,447.0,820.0,515.0,925.0,518,1,0,1,Biker
15,437.0,820.0,505.0,925.0,519,1,0,1,Biker
15,426.0,820.0,493.0,925.0,520,1,0,1,Biker
15,414.0,820.0,483.0,925.0,521,1,0,1,Biker
15,404.0,820.0,473.0,925.0,522,1,0,1,Biker
15,394.0,820.0,463.0,925.0,523,1,0,1,Biker
15,384.0,820.0,451.0,925.0,524,1,0,1,Biker
15,372.0,820.0,441.0,925.0,525,1,0,1,Biker
15,362.0,820.0,430.0,925.0,526,1,0,1,Biker
15,352.0,820.0,420.0,925.0,527,1,0,1,Biker
15,340.0,820.0,408.0,925.0,528,1,0,1,Biker
15,330.0,820.0,398.0,925.0,529,1,0,1,Biker
15,320.0,820.0,388.0,925.0,530,1,0,1,Biker
15,310.0,824.0,378.0,929.0,531,0,0,0,Biker
16,501.0,703.0,565.0,816.0,500,0,0,0,Pedestrian
16,503.0,699.0,567.0,812.0,501,0,0,1,Pedestrian
16,507.0,699.0,571.0,812.0,502,0,0,1,Pedestrian
16,509.0,699.0,573.0,812.0,503,0,0,1,Pedestrian
16,513.0,695.0,577.0,808.0,504,0,0,1,Pedestrian
16,515.0,695.0,580.0,808.0,505,0,0,1,Pedestrian
16,519.0,695.0,584.0,808.0,506,0,0,1,Pedestrian
16,521.0,691.0,586.0,804.0,507,0,0,1,Pedestrian
16,525.0,691.0,590.0,804.0,508,0,0,1,Pedestrian
16,527.0,691.0,592.0,804.0,509,0,0,1,Pedestrian
16,531.0,691.0,596.0,804.0,510,0,0,1,Pedestrian
16,535.0,687.0,600.0,800.0,511,0,0,1,Pedestrian
16,537.0,687.0,602.0,800.0,512,0,0,1,Pedestrian
16,541.0,687.0,606.0,800.0,513,0,0,1,Pedestrian
16,543.0,683.0,608.0,796.0,514,0,0,1,Pedestrian
16,547.0,683.0,612.0,796.0,515,0,0,1,Pedestrian
16,549.0,683.0,614.0,796.0,516,0,0,1,Pedestrian
16,553.0,679.0,618.0,792.0,517,0,0,1,Pedestrian
16,555.0,679.0,620.0,792.0,518,0,0,1,Pedestrian
16,559.0,679.0,624.0,792.0,519,0,0,1,Pedestrian
16,563.0,679.0,628.0,792.0,520,0,0,0,Pedestrian
16,563.0,674.0,628.0,788.0,521,0,0,1,Pedestrian
16,565.0,670.0,630.0,784.0,522,0,0,1,Pedestrian
16,567.0,670.0,632.0,784.0,523,0,0,1,Pedestrian
16,569.0,666.0,634.0,780.0,524,0,0,1,Pedestrian
16,571.0,666.0,636.0,780.0,525,0,0,1,Pedestrian
16,571.0,662.0,636.0,776.0,526,0,0,1,Pedestrian
16,573.0,662.0,638.0,776.0,527,0,0,1,Pedestrian
16,575.0,658.0,640.0,771.0,528,0,0,1,Pedestrian
16,577.0,658.0,642.0,771.0,529,0,0,1,Pedestrian
16,580.0,654.0,644.0,767.0,530,0,0,1,Pedestrian
16,580.0,650.0,644.0,763.0,531,0,0,1,Pedestrian
16,582.0,650.0,646.0,763.0,532,0,0,1,Pedestrian
16,584.0,646.0,648.0,759.0,533,0,0,1,Pedestrian
16,586.0,646.0,650.0,759.0,534,0,0,1,Pedestrian
16,588.0,642.0,652.0,755.0,535,0,0,1,Pedestrian
16,588.0,642.0,652.0,755.0,536,0,0,1,Pedestrian
16,590.0,638.0,654.0,751.0,537,0,0,1,Pedestrian
16,592.0,638.0,656.0,751.0,538,0,0,1,Pedestrian
16,594.0,634.0,658.0,747.0,539,0,0,1,Pedestrian
16,596.0,634.0,660.0,747.0,540,0,0,0,Pedestrian
16,596.0,630.0,660.0,743.0,541,0,0,1,Pedestrian
16,596.0,626.0,660.0,739.0,542,0,0,1,Pedestrian
16,598.0,622.0,662.0,735.0,543,0,0,1,Pedestrian
16,598.0,622.0,662.0,735.0,544,0,0,1,Pedestrian
16,598.0,618.0,662.0,731.0,545,0,0,1,Pedestrian
16,600.0,614.0,664.0,727.0,546,0,0,1,Pedestrian
16,600.0,610.0,664.0,723.0,547,0,0,1,Pedestrian
16,600.0,610.0,664.0,723.0,548,0,0,1,Pedestrian
16,602.0,606.0,666.0,719.0,549,0,0,1,Pedestrian
16,602.0,602.0,666.0,715.0,550,0,0,1,Pedestrian
16,602.0,598.0,666.0,711.0,551,0,0,1,Pedestrian
16,604.0,598.0,668.0,711.0,552,0,0,1,Pedestrian
16,604.0,594.0,668.0,707.0,553,0,0,1,Pedestrian
16,604.0,590.0,668.0,703.0,554,0,0,1,Pedestrian
16,606.0,586.0,670.0,699.0,555,0,0,1,Pedestrian
16,606.0,586.0,670.0,699.0,556,0,0,1,Pedestrian
16,606.0,582.0,670.0,695.0,557,0,0,1,Pedestrian
16,608.0,577.0,672.0,691.0,558,0,0,1,Pedestrian
16,608.0,573.0,672.0,687.0,559,0,0,1,Pedestrian
16,610.0,573.0,674.0,687.0,560,0,0,0,Pedestrian
16,612.0,569.0,676.0,683.0,561,0,0,1,Pedestrian
16,614.0,565.0,678.0,679.0,562,0,0,1,Pedestrian
16,616.0,561.0,680.0,674.0,563,0,0,1,Pedestrian
16,618.0,557.0,682.0,670.0,564,0,0,1,Pedestrian
16,620.0,553.0,684.0,666.0,565,0,0,1,Pedestrian
16,622.0,549.0,686.0,662.0,566,0,0,1,Pedestrian
16,624.0,545.0,688.0,658.0,567,0,0,1,Pedestrian
16,626.0,541.0,690.0,654.0,568,0,0,1,Pedestrian
16,628.0,537.0,692.0,650.0,569,0,0,1,Pedestrian
16,630.0,533.0,694.0,646.0,570,0,0,1,Pedestrian
16,632.0,529.0,696.0,642.0,571,0,0,1,Pedestrian
16,634.0,525.0,698.0,638.0,572,0,0,1,Pedestrian
16,636.0,521.0,700.0,634.0,573,0,0,0,Pedestrian
17,648.0,763.0,694.0,848.0,0,0,0,0,Pedestrian
17,646.0,763.0,692.0,848.0,1,0,0,1,Pedestrian
17,646.0,763.0,692.0,848.0,2,0,0,1,Pedestrian
17,646.0,763.0,692.0,848.0,3,0,0,1,Pedestrian
17,646.0,767.0,692.0,852.0,4,0,0,1,Pedestrian
17,646.0,767.0,692.0,852.0,5,0,0,1,Pedestrian
17,646.0,767.0,692.0,852.0,6,0,0,1,Pedestrian
17,646.0,767.0,692.0,856.0,7,0,0,1,Pedestrian
17,646.0,771.0,692.0,856.0,8,0,0,1,Pedestrian
17,646.0,771.0,692.0,856.0,9,0,0,1,Pedestrian
17,646.0,771.0,692.0,856.0,10,0,0,1,Pedestrian
17,646.0,776.0,692.0,860.0,11,0,0,1,Pedestrian
17,646.0,776.0,692.0,860.0,12,0,0,1,Pedestrian
17,646.0,776.0,692.0,860.0,13,0,0,1,Pedestrian
17,646.0,776.0,692.0,864.0,14,0,0,1,Pedestrian
17,646.0,780.0,692.0,864.0,15,0,0,1,Pedestrian
17,646.0,780.0,692.0,864.0,16,0,0,1,Pedestrian
17,646.0,780.0,692.0,864.0,17,0,0,1,Pedestrian
17,644.0,780.0,690.0,868.0,18,0,0,1,Pedestrian
17,644.0,784.0,690.0,868.0,19,0,0,1,Pedestrian
17,644.0,784.0,690.0,868.0,20,0,0,1,Pedestrian
17,644.0,784.0,690.0,873.0,21,0,0,1,Pedestrian
17,644.0,788.0,690.0,873.0,22,0,0,1,Pedestrian
17,644.0,788.0,690.0,873.0,23,0,0,1,Pedestrian
17,644.0,788.0,690.0,873.0,24,0,0,1,Pedestrian
17,644.0,788.0,690.0,877.0,25,0,0,1,Pedestrian
17,644.0,792.0,690.0,877.0,26,0,0,1,Pedestrian
17,644.0,792.0,690.0,877.0,27,0,0,1,Pedestrian
17,644.0,792.0,690.0,881.0,28,0,0,1,Pedestrian
17,644.0,792.0,690.0,881.0,29,0,0,1,Pedestrian
17,644.0,796.0,690.0,881.0,30,0,0,1,Pedestrian
17,644.0,796.0,690.0,881.0,31,0,0,1,Pedestrian
17,644.0,796.0,690.0,885.0,32,0,0,1,Pedestrian
17,644.0,800.0,690.0,885.0,33,0,0,1,Pedestrian
17,644.0,800.0,690.0,885.0,34,0,0,1,Pedestrian
17,642.0,800.0,688.0,889.0,35,0,0,1,Pedestrian
17,642.0,800.0,688.0,889.0,36,0,0,1,Pedestrian
17,642.0,804.0,688.0,889.0,37,0,0,1,Pedestrian
17,642.0,804.0,688.0,893.0,38,0,0,1,Pedestrian
17,642.0,804.0,688.0,893.0,39,0,0,1,Pedestrian
17,642.0,808.0,688.0,893.0,40,0,0,1,Pedestrian
17,642.0,808.0,688.0,893.0,41,0,0,1,Pedestrian
17,642.0,808.0,688.0,897.0,42,0,0,1,Pedestrian
17,642.0,808.0,688.0,897.0,43,0,0,1,Pedestrian
17,642.0,812.0,688.0,897.0,44,0,0,1,Pedestrian
17,642.0,812.0,688.0,901.0,45,0,0,1,Pedestrian
17,642.0,812.0,688.0,901.0,46,0,0,1,Pedestrian
17,642.0,812.0,688.0,901.0,47,0,0,1,Pedestrian
17,642.0,816.0,688.0,901.0,48,0,0,1,Pedestrian
17,642.0,816.0,688.0,905.0,49,0,0,1,Pedestrian
17,642.0,816.0,688.0,905.0,50,0,0,1,Pedestrian
17,642.0,820.0,688.0,905.0,51,0,0,1,Pedestrian
17,640.0,820.0,686.0,909.0,52,0,0,1,Pedestrian
17,640.0,820.0,686.0,909.0,53,0,0,1,Pedestrian
17,640.0,820.0,686.0,909.0,54,0,0,1,Pedestrian
17,640.0,824.0,686.0,909.0,55,0,0,1,Pedestrian
17,640.0,824.0,686.0,913.0,56,0,0,1,Pedestrian
17,640.0,824.0,686.0,913.0,57,0,0,1,Pedestrian
17,640.0,824.0,686.0,913.0,58,0,0,1,Pedestrian
17,640.0,828.0,686.0,917.0,59,0,0,1,Pedestrian
17,640.0,828.0,686.0,917.0,60,0,0,1,Pedestrian
17,640.0,828.0,686.0,917.0,61,0,0,1,Pedestrian
17,640.0,832.0,686.0,917.0,62,0,0,1,Pedestrian
17,640.0,832.0,686.0,921.0,63,0,0,1,Pedestrian
17,640.0,832.0,686.0,921.0,64,0,0,1,Pedestrian
17,640.0,832.0,686.0,921.0,65,0,0,1,Pedestrian
17,640.0,836.0,686.0,925.0,66,0,0,1,Pedestrian
17,640.0,836.0,686.0,925.0,67,0,0,1,Pedestrian
17,640.0,836.0,686.0,925.0,68,0,0,1,Pedestrian
17,640.0,840.0,686.0,929.0,69,0,0,0,Pedestrian
17,640.0,840.0,686.0,929.0,70,0,0,1,Pedestrian
17,640.0,840.0,686.0,929.0,71,0,0,1,Pedestrian
17,640.0,840.0,686.0,929.0,72,0,0,1,Pedestrian
17,642.0,840.0,688.0,929.0,73,0,0,1,Pedestrian
17,642.0,840.0,688.0,929.0,74,0,0,1,Pedestrian
17,642.0,840.0,688.0,929.0,75,0,0,1,Pedestrian
17,642.0,840.0,688.0,929.0,76,0,0,1,Pedestrian
17,644.0,844.0,690.0,933.0,77,0,0,1,Pedestrian
17,644.0,844.0,690.0,933.0,78,0,0,1,Pedestrian
17,644.0,844.0,690.0,933.0,79,0,0,1,Pedestrian
17,644.0,844.0,690.0,933.0,80,0,0,1,Pedestrian
17,646.0,844.0,692.0,933.0,81,0,0,1,Pedestrian
17,646.0,844.0,692.0,933.0,82,0,0,1,Pedestrian
17,646.0,844.0,692.0,933.0,83,0,0,1,Pedestrian
17,646.0,844.0,692.0,933.0,84,0,0,1,Pedestrian
17,648.0,848.0,694.0,937.0,85,0,0,1,Pedestrian
17,648.0,848.0,694.0,937.0,86,0,0,1,Pedestrian
17,648.0,848.0,694.0,937.0,87,0,0,1,Pedestrian
17,650.0,848.0,696.0,937.0,88,0,0,1,Pedestrian
17,650.0,848.0,696.0,937.0,89,0,0,1,Pedestrian
17,650.0,848.0,696.0,937.0,90,0,0,1,Pedestrian
17,650.0,848.0,696.0,937.0,91,0,0,1,Pedestrian
17,652.0,852.0,698.0,941.0,92,0,0,1,Pedestrian
17,652.0,852.0,698.0,941.0,93,0,0,1,Pedestrian
17,652.0,852.0,698.0,941.0,94,0,0,1,Pedestrian
17,652.0,852.0,698.0,941.0,95,0,0,1,Pedestrian
17,654.0,852.0,700.0,941.0,96,0,0,1,Pedestrian
17,654.0,852.0,700.0,941.0,97,0,0,1,Pedestrian
17,654.0,852.0,700.0,941.0,98,0,0,1,Pedestrian
17,654.0,852.0,700.0,941.0,99,0,0,1,Pedestrian
17,656.0,856.0,702.0,945.0,100,0,0,1,Pedestrian
17,656.0,856.0,702.0,945.0,101,0,0,1,Pedestrian
17,656.0,856.0,702.0,945.0,102,0,0,1,Pedestrian
17,656.0,856.0,702.0,945.0,103,0,0,1,Pedestrian
17,658.0,856.0,704.0,945.0,104,0,0,1,Pedestrian
17,658.0,856.0,704.0,945.0,105,0,0,1,Pedestrian
17,658.0,856.0,704.0,945.0,106,0,0,1,Pedestrian
17,660.0,860.0,706.0,949.0,107,0,0,0,Pedestrian
17,660.0,860.0,706.0,949.0,108,0,0,1,Pedestrian
17,660.0,860.0,706.0,949.0,109,0,0,1,Pedestrian
17,660.0,864.0,706.0,953.0,110,0,0,1,Pedestrian
17,660.0,864.0,706.0,953.0,111,0,0,1,Pedestrian
17,660.0,864.0,706.0,953.0,112,0,0,1,Pedestrian
17,660.0,868.0,706.0,957.0,113,0,0,1,Pedestrian
17,660.0,868.0,706.0,957.0,114,0,0,1,Pedestrian
17,662.0,868.0,708.0,957.0,115,0,0,1,Pedestrian
17,662.0,873.0,708.0,961.0,116,0,0,1,Pedestrian
17,662.0,873.0,708.0,961.0,117,0,0,1,Pedestrian
17,662.0,873.0,708.0,961.0,118,0,0,1,Pedestrian
17,662.0,877.0,708.0,965.0,119,0,0,1,Pedestrian
17,662.0,877.0,708.0,965.0,120,0,0,1,Pedestrian
17,662.0,877.0,708.0,965.0,121,0,0,1,Pedestrian
17,662.0,881.0,708.0,970.0,122,0,0,1,Pedestrian
17,664.0,881.0,710.0,970.0,123,0,0,1,Pedestrian
17,664.0,885.0,710.0,974.0,124,0,0,1,Pedestrian
17,664.0,885.0,710.0,974.0,125,0,0,1,Pedestrian
17,664.0,885.0,710.0,974.0,126,0,0,1,Pedestrian
17,664.0,889.0,710.0,978.0,127,0,0,1,Pedestrian
17,664.0,889.0,710.0,978.0,128,0,0,1,Pedestrian
17,664.0,889.0,710.0,978.0,129,0,0,1,Pedestrian
17,664.0,893.0,710.0,982.0,130,0,0,1,Pedestrian
17,666.0,893.0,712.0,982.0,131,0,0,1,Pedestrian
17,666.0,893.0,712.0,982.0,132,0,0,1,Pedestrian
17,666.0,897.0,712.0,986.0,133,0,0,1,Pedestrian
17,666.0,897.0,712.0,986.0,134,0,0,1,Pedestrian
17,666.0,897.0,712.0,986.0,135,0,0,1,Pedestrian
17,666.0,901.0,712.0,990.0,136,0,0,1,Pedestrian
17,666.0,901.0,712.0,990.0,137,0,0,1,Pedestrian
17,668.0,905.0,714.0,994.0,138,0,0,0,Pedestrian
17,666.0,905.0,712.0,994.0,139,0,0,1,Pedestrian
17,666.0,905.0,712.0,994.0,140,0,0,1,Pedestrian
17,666.0,905.0,712.0,994.0,141,0,0,1,Pedestrian
17,666.0,905.0,712.0,994.0,142,0,0,1,Pedestrian
17,666.0,909.0,712.0,998.0,143,0,0,1,Pedestrian
17,666.0,909.0,712.0,998.0,144,0,0,1,Pedestrian
17,666.0,909.0,712.0,998.0,145,0,0,1,Pedestrian
17,666.0,909.0,712.0,998.0,146,0,0,1,Pedestrian
17,666.0,909.0,712.0,998.0,147,0,0,1,Pedestrian
17,666.0,913.0,712.0,1002.0,148,0,0,1,Pedestrian
17,664.0,913.0,710.0,1002.0,149,0,0,1,Pedestrian
17,664.0,913.0,710.0,1002.0,150,0,0,1,Pedestrian
17,664.0,913.0,710.0,1002.0,151,0,0,1,Pedestrian
17,664.0,913.0,710.0,1002.0,152,0,0,1,Pedestrian
17,664.0,917.0,710.0,1006.0,153,0,0,1,Pedestrian
17,664.0,917.0,710.0,1006.0,154,0,0,1,Pedestrian
17,664.0,917.0,710.0,1006.0,155,0,0,1,Pedestrian
17,664.0,917.0,710.0,1006.0,156,0,0,1,Pedestrian
17,664.0,917.0,710.0,1006.0,157,0,0,1,Pedestrian
17,664.0,921.0,710.0,1010.0,158,0,0,0,Pedestrian
17,662.0,921.0,708.0,1010.0,159,0,0,1,Pedestrian
17,662.0,921.0,708.0,1010.0,160,0,0,1,Pedestrian
17,662.0,921.0,708.0,1010.0,161,0,0,1,Pedestrian
17,662.0,925.0,708.0,1014.0,162,0,0,1,Pedestrian
17,660.0,925.0,706.0,1014.0,163,0,0,1,Pedestrian
17,660.0,925.0,706.0,1014.0,164,0,0,1,Pedestrian
17,660.0,929.0,706.0,1018.0,165,0,0,1,Pedestrian
17,660.0,929.0,706.0,1018.0,166,0,0,1,Pedestrian
17,658.0,929.0,704.0,1018.0,167,0,0,1,Pedestrian
17,658.0,933.0,704.0,1022.0,168,0,0,1,Pedestrian
17,658.0,933.0,704.0,1022.0,169,0,0,1,Pedestrian
17,658.0,933.0,704.0,1022.0,170,0,0,1,Pedestrian
17,656.0,937.0,702.0,1026.0,171,0,0,1,Pedestrian
17,656.0,937.0,702.0,1026.0,172,0,0,1,Pedestrian
17,656.0,937.0,702.0,1026.0,173,0,0,1,Pedestrian
17,656.0,941.0,702.0,1030.0,174,0,0,1,Pedestrian
17,656.0,941.0,702.0,1030.0,175,0,0,1,Pedestrian
17,654.0,941.0,700.0,1030.0,176,0,0,1,Pedestrian
17,654.0,945.0,700.0,1034.0,177,0,0,1,Pedestrian
17,654.0,945.0,700.0,1034.0,178,0,0,1,Pedestrian
17,654.0,945.0,700.0,1034.0,179,0,0,1,Pedestrian
17,652.0,945.0,698.0,1034.0,180,0,0,1,Pedestrian
17,652.0,949.0,698.0,1038.0,181,0,0,1,Pedestrian
17,652.0,949.0,698.0,1038.0,182,0,0,1,Pedestrian
17,652.0,949.0,698.0,1038.0,183,0,0,1,Pedestrian
17,650.0,953.0,696.0,1042.0,184,0,0,1,Pedestrian
17,650.0,953.0,696.0,1042.0,185,0,0,1,Pedestrian
17,650.0,953.0,696.0,1042.0,186,0,0,1,Pedestrian
17,650.0,957.0,696.0,1046.0,187,0,0,1,Pedestrian
17,650.0,957.0,696.0,1046.0,188,0,0,1,Pedestrian
17,648.0,957.0,694.0,1046.0,189,0,0,1,Pedestrian
17,648.0,961.0,694.0,1050.0,190,0,0,1,Pedestrian
17,648.0,961.0,694.0,1050.0,191,0,0,1,Pedestrian
17,648.0,961.0,694.0,1050.0,192,0,0,1,Pedestrian
17,646.0,965.0,692.0,1054.0,193,0,0,1,Pedestrian
17,646.0,965.0,692.0,1054.0,194,0,0,1,Pedestrian
17,646.0,965.0,692.0,1054.0,195,0,0,1,Pedestrian
17,646.0,970.0,692.0,1058.0,196,0,0,1,Pedestrian
17,644.0,970.0,690.0,1058.0,197,0,0,1,Pedestrian
17,644.0,970.0,690.0,1058.0,198,0,0,1,Pedestrian
17,644.0,970.0,690.0,1058.0,199,0,0,1,Pedestrian
17,644.0,974.0,690.0,1062.0,200,0,0,1,Pedestrian
17,642.0,974.0,688.0,1062.0,201,0,0,1,Pedestrian
17,642.0,974.0,688.0,1062.0,202,0,0,1,Pedestrian
17,642.0,978.0,688.0,1067.0,203,0,0,1,Pedestrian
17,642.0,978.0,688.0,1067.0,204,0,0,1,Pedestrian
17,642.0,978.0,688.0,1067.0,205,0,0,1,Pedestrian
17,640.0,982.0,686.0,1071.0,206,0,0,1,Pedestrian
17,640.0,982.0,686.0,1071.0,207,0,0,1,Pedestrian
17,640.0,982.0,686.0,1071.0,208,0,0,1,Pedestrian
17,640.0,986.0,686.0,1075.0,209,0,0,1,Pedestrian
17,638.0,986.0,684.0,1075.0,210,0,0,1,Pedestrian
17,638.0,986.0,684.0,1075.0,211,0,0,1,Pedestrian
17,638.0,990.0,684.0,1079.0,212,0,0,1,Pedestrian
17,638.0,990.0,684.0,1079.0,213,0,0,1,Pedestrian
17,636.0,990.0,682.0,1079.0,214,0,0,1,Pedestrian
17,636.0,994.0,682.0,1083.0,215,0,0,1,Pedestrian
17,636.0,994.0,682.0,1083.0,216,0,0,1,Pedestrian
17,636.0,994.0,682.0,1083.0,217,0,0,1,Pedestrian
17,636.0,998.0,682.0,1087.0,218,0,0,0,Pedestrian
17,634.0,998.0,680.0,1087.0,219,0,0,1,Pedestrian
17,634.0,998.0,680.0,1087.0,220,0,0,1,Pedestrian
17,634.0,998.0,680.0,1087.0,221,0,0,1,Pedestrian
17,634.0,1002.0,680.0,1091.0,222,0,0,1,Pedestrian
17,634.0,1002.0,680.0,1091.0,223,0,0,1,Pedestrian
17,634.0,1002.0,680.0,1091.0,224,0,0,1,Pedestrian
17,634.0,1002.0,680.0,1091.0,225,0,0,1,Pedestrian
17,634.0,1006.0,680.0,1095.0,226,0,0,1,Pedestrian
17,634.0,1006.0,680.0,1095.0,227,0,0,1,Pedestrian
17,634.0,1006.0,680.0,1095.0,228,0,0,1,Pedestrian
17,634.0,1006.0,680.0,1095.0,229,0,0,1,Pedestrian
17,634.0,1010.0,680.0,1099.0,230,0,0,1,Pedestrian
17,634.0,1010.0,680.0,1099.0,231,0,0,1,Pedestrian
17,634.0,1010.0,680.0,1099.0,232,0,0,1,Pedestrian
17,634.0,1010.0,680.0,1099.0,233,0,0,1,Pedestrian
17,634.0,1014.0,680.0,1103.0,234,0,0,1,Pedestrian
17,634.0,1014.0,680.0,1103.0,235,0,0,1,Pedestrian
17,634.0,1014.0,680.0,1103.0,236,0,0,1,Pedestrian
17,634.0,1014.0,680.0,1103.0,237,0,0,1,Pedestrian
17,634.0,1018.0,680.0,1107.0,238,0,0,1,Pedestrian
17,634.0,1018.0,680.0,1107.0,239,0,0,1,Pedestrian
17,634.0,1018.0,680.0,1107.0,240,0,0,1,Pedestrian
17,634.0,1022.0,680.0,1111.0,241,0,0,1,Pedestrian
17,634.0,1022.0,680.0,1111.0,242,0,0,1,Pedestrian
17,634.0,1022.0,680.0,1111.0,243,0,0,1,Pedestrian
17,634.0,1022.0,680.0,1111.0,244,0,0,1,Pedestrian
17,632.0,1026.0,678.0,1115.0,245,0,0,1,Pedestrian
17,632.0,1026.0,678.0,1115.0,246,0,0,1,Pedestrian
17,632.0,1026.0,678.0,1115.0,247,0,0,1,Pedestrian
17,632.0,1026.0,678.0,1115.0,248,0,0,1,Pedestrian
17,632.0,1030.0,678.0,1119.0,249,0,0,1,Pedestrian
17,632.0,1030.0,678.0,1119.0,250,0,0,1,Pedestrian
17,632.0,1030.0,678.0,1119.0,251,0,0,1,Pedestrian
17,632.0,1030.0,678.0,1119.0,252,0,0,1,Pedestrian
17,632.0,1034.0,678.0,1123.0,253,0,0,1,Pedestrian
17,632.0,1034.0,678.0,1123.0,254,0,0,1,Pedestrian
17,632.0,1034.0,678.0,1123.0,255,0,0,1,Pedestrian
17,632.0,1034.0,678.0,1123.0,256,0,0,1,Pedestrian
17,632.0,1038.0,678.0,1127.0,257,0,0,1,Pedestrian
17,632.0,1038.0,678.0,1127.0,258,0,0,1,Pedestrian
17,632.0,1038.0,678.0,1127.0,259,0,0,1,Pedestrian
17,632.0,1042.0,678.0,1131.0,260,0,0,1,Pedestrian
17,632.0,1042.0,678.0,1131.0,261,0,0,1,Pedestrian
17,632.0,1042.0,678.0,1131.0,262,0,0,1,Pedestrian
17,632.0,1042.0,678.0,1131.0,263,0,0,1,Pedestrian
17,632.0,1046.0,678.0,1135.0,264,0,0,1,Pedestrian
17,632.0,1046.0,678.0,1135.0,265,0,0,1,Pedestrian
17,632.0,1046.0,678.0,1135.0,266,0,0,1,Pedestrian
17,632.0,1046.0,678.0,1135.0,267,0,0,1,Pedestrian
17,632.0,1050.0,678.0,1139.0,268,0,0,1,Pedestrian
17,632.0,1050.0,678.0,1139.0,269,0,0,1,Pedestrian
17,632.0,1050.0,678.0,1139.0,270,0,0,1,Pedestrian
17,632.0,1050.0,678.0,1139.0,271,0,0,1,Pedestrian
17,630.0,1054.0,676.0,1143.0,272,0,0,1,Pedestrian
17,630.0,1054.0,676.0,1143.0,273,0,0,1,Pedestrian
17,630.0,1054.0,676.0,1143.0,274,0,0,1,Pedestrian
17,630.0,1054.0,676.0,1143.0,275,0,0,1,Pedestrian
17,630.0,1058.0,676.0,1147.0,276,0,0,1,Pedestrian
17,630.0,1058.0,676.0,1147.0,277,0,0,1,Pedestrian
17,630.0,1058.0,676.0,1147.0,278,0,0,1,Pedestrian
17,630.0,1062.0,676.0,1151.0,279,0,0,1,Pedestrian
17,630.0,1062.0,676.0,1151.0,280,0,0,1,Pedestrian
17,630.0,1062.0,676.0,1151.0,281,0,0,1,Pedestrian
17,630.0,1062.0,676.0,1151.0,282,0,0,1,Pedestrian
17,630.0,1067.0,676.0,1155.0,283,0,0,1,Pedestrian
17,630.0,1067.0,676.0,1155.0,284,0,0,1,Pedestrian
17,630.0,1067.0,676.0,1155.0,285,0,0,1,Pedestrian
17,630.0,1067.0,676.0,1155.0,286,0,0,1,Pedestrian
17,630.0,1071.0,676.0,1159.0,287,0,0,1,Pedestrian
17,630.0,1071.0,676.0,1159.0,288,0,0,1,Pedestrian
17,630.0,1071.0,676.0,1159.0,289,0,0,1,Pedestrian
17,630.0,1071.0,676.0,1159.0,290,0,0,1,Pedestrian
17,630.0,1075.0,676.0,1164.0,291,0,0,1,Pedestrian
17,630.0,1075.0,676.0,1164.0,292,0,0,1,Pedestrian
17,630.0,1075.0,676.0,1164.0,293,0,0,1,Pedestrian
17,630.0,1075.0,676.0,1164.0,294,0,0,1,Pedestrian
17,630.0,1079.0,676.0,1168.0,295,0,0,1,Pedestrian
17,630.0,1079.0,676.0,1168.0,296,0,0,1,Pedestrian
17,630.0,1079.0,676.0,1168.0,297,0,0,1,Pedestrian
17,630.0,1083.0,676.0,1172.0,298,0,0,0,Pedestrian
17,628.0,1083.0,674.0,1172.0,299,0,0,1,Pedestrian
17,628.0,1083.0,674.0,1172.0,300,0,0,1,Pedestrian
17,628.0,1083.0,674.0,1172.0,301,0,0,1,Pedestrian
17,628.0,1087.0,674.0,1176.0,302,0,0,1,Pedestrian
17,628.0,1087.0,674.0,1176.0,303,0,0,1,Pedestrian
17,628.0,1087.0,674.0,1176.0,304,0,0,1,Pedestrian
17,628.0,1087.0,674.0,1176.0,305,0,0,1,Pedestrian
17,628.0,1091.0,674.0,1180.0,306,0,0,1,Pedestrian
17,628.0,1091.0,674.0,1180.0,307,0,0,1,Pedestrian
17,628.0,1091.0,674.0,1180.0,308,0,0,1,Pedestrian
17,628.0,1091.0,674.0,1180.0,309,0,0,1,Pedestrian
17,628.0,1095.0,674.0,1184.0,310,0,0,1,Pedestrian
17,628.0,1095.0,674.0,1184.0,311,0,0,1,Pedestrian
17,628.0,1095.0,674.0,1184.0,312,0,0,1,Pedestrian
17,628.0,1099.0,674.0,1188.0,313,0,0,1,Pedestrian
17,628.0,1099.0,674.0,1188.0,314,0,0,1,Pedestrian
17,628.0,1099.0,674.0,1188.0,315,0,0,1,Pedestrian
17,626.0,1099.0,672.0,1188.0,316,0,0,1,Pedestrian
17,626.0,1103.0,672.0,1192.0,317,0,0,1,Pedestrian
17,626.0,1103.0,672.0,1192.0,318,0,0,1,Pedestrian
17,626.0,1103.0,672.0,1192.0,319,0,0,1,Pedestrian
17,626.0,1103.0,672.0,1192.0,320,0,0,1,Pedestrian
17,626.0,1107.0,672.0,1196.0,321,0,0,1,Pedestrian
17,626.0,1107.0,672.0,1196.0,322,0,0,1,Pedestrian
17,626.0,1107.0,672.0,1196.0,323,0,0,1,Pedestrian
17,626.0,1111.0,672.0,1200.0,324,0,0,1,Pedestrian
17,626.0,1111.0,672.0,1200.0,325,0,0,1,Pedestrian
17,626.0,1111.0,672.0,1200.0,326,0,0,1,Pedestrian
17,626.0,1111.0,672.0,1200.0,327,0,0,1,Pedestrian
17,626.0,1115.0,672.0,1204.0,328,0,0,1,Pedestrian
17,626.0,1115.0,672.0,1204.0,329,0,0,1,Pedestrian
17,626.0,1115.0,672.0,1204.0,330,0,0,1,Pedestrian
17,626.0,1115.0,672.0,1204.0,331,0,0,1,Pedestrian
17,626.0,1119.0,672.0,1208.0,332,0,0,1,Pedestrian
17,624.0,1119.0,670.0,1208.0,333,0,0,1,Pedestrian
17,624.0,1119.0,670.0,1208.0,334,0,0,1,Pedestrian
17,624.0,1119.0,670.0,1208.0,335,0,0,1,Pedestrian
17,624.0,1123.0,670.0,1212.0,336,0,0,1,Pedestrian
17,624.0,1123.0,670.0,1212.0,337,0,0,1,Pedestrian
17,624.0,1123.0,670.0,1212.0,338,0,0,1,Pedestrian
17,624.0,1127.0,670.0,1216.0,339,0,0,1,Pedestrian
17,624.0,1127.0,670.0,1216.0,340,0,0,1,Pedestrian
17,624.0,1127.0,670.0,1216.0,341,0,0,1,Pedestrian
17,624.0,1127.0,670.0,1216.0,342,0,0,1,Pedestrian
17,624.0,1131.0,670.0,1220.0,343,0,0,1,Pedestrian
17,624.0,1131.0,670.0,1220.0,344,0,0,1,Pedestrian
17,624.0,1131.0,670.0,1220.0,345,0,0,1,Pedestrian
17,624.0,1131.0,670.0,1220.0,346,0,0,1,Pedestrian
17,624.0,1135.0,670.0,1224.0,347,0,0,1,Pedestrian
17,624.0,1135.0,670.0,1224.0,348,0,0,1,Pedestrian
17,624.0,1135.0,670.0,1224.0,349,0,0,1,Pedestrian
17,624.0,1139.0,670.0,1228.0,350,0,0,0,Pedestrian
17,624.0,1139.0,670.0,1228.0,351,0,0,1,Pedestrian
17,624.0,1139.0,670.0,1228.0,352,0,0,1,Pedestrian
17,624.0,1139.0,670.0,1228.0,353,0,0,1,Pedestrian
17,624.0,1143.0,670.0,1232.0,354,0,0,1,Pedestrian
17,624.0,1143.0,670.0,1232.0,355,0,0,1,Pedestrian
17,624.0,1143.0,670.0,1232.0,356,0,0,1,Pedestrian
17,624.0,1147.0,670.0,1236.0,357,0,0,1,Pedestrian
17,624.0,1147.0,670.0,1236.0,358,0,0,1,Pedestrian
17,624.0,1147.0,670.0,1236.0,359,0,0,1,Pedestrian
17,624.0,1147.0,670.0,1236.0,360,0,0,1,Pedestrian
17,624.0,1151.0,670.0,1240.0,361,0,0,1,Pedestrian
17,624.0,1151.0,670.0,1240.0,362,0,0,1,Pedestrian
17,624.0,1151.0,670.0,1240.0,363,0,0,1,Pedestrian
17,624.0,1155.0,670.0,1244.0,364,0,0,1,Pedestrian
17,624.0,1155.0,670.0,1244.0,365,0,0,1,Pedestrian
17,624.0,1155.0,670.0,1244.0,366,0,0,1,Pedestrian
17,624.0,1155.0,670.0,1244.0,367,0,0,1,Pedestrian
17,624.0,1159.0,670.0,1248.0,368,0,0,1,Pedestrian
17,624.0,1159.0,670.0,1248.0,369,0,0,1,Pedestrian
17,624.0,1159.0,670.0,1248.0,370,0,0,1,Pedestrian
17,624.0,1164.0,670.0,1252.0,371,0,0,1,Pedestrian
17,624.0,1164.0,670.0,1252.0,372,0,0,1,Pedestrian
17,624.0,1164.0,670.0,1252.0,373,0,0,1,Pedestrian
17,624.0,1164.0,670.0,1252.0,374,0,0,1,Pedestrian
17,624.0,1168.0,670.0,1256.0,375,0,0,1,Pedestrian
17,624.0,1168.0,670.0,1256.0,376,0,0,1,Pedestrian
17,624.0,1168.0,670.0,1256.0,377,0,0,1,Pedestrian
17,624.0,1172.0,670.0,1261.0,378,0,0,1,Pedestrian
17,624.0,1172.0,670.0,1261.0,379,0,0,1,Pedestrian
17,624.0,1172.0,670.0,1261.0,380,0,0,1,Pedestrian
17,624.0,1172.0,670.0,1261.0,381,0,0,1,Pedestrian
17,624.0,1176.0,670.0,1265.0,382,0,0,1,Pedestrian
17,624.0,1176.0,670.0,1265.0,383,0,0,1,Pedestrian
17,624.0,1176.0,670.0,1265.0,384,0,0,1,Pedestrian
17,624.0,1180.0,670.0,1269.0,385,0,0,1,Pedestrian
17,624.0,1180.0,670.0,1269.0,386,0,0,1,Pedestrian
17,624.0,1180.0,670.0,1269.0,387,0,0,1,Pedestrian
17,624.0,1180.0,670.0,1269.0,388,0,0,1,Pedestrian
17,624.0,1184.0,670.0,1273.0,389,0,0,1,Pedestrian
17,624.0,1184.0,670.0,1273.0,390,0,0,1,Pedestrian
17,624.0,1184.0,670.0,1273.0,391,0,0,1,Pedestrian
17,624.0,1188.0,670.0,1277.0,392,0,0,1,Pedestrian
17,624.0,1188.0,670.0,1277.0,393,0,0,1,Pedestrian
17,624.0,1188.0,670.0,1277.0,394,0,0,1,Pedestrian
17,624.0,1188.0,670.0,1277.0,395,0,0,1,Pedestrian
17,624.0,1192.0,670.0,1281.0,396,0,0,1,Pedestrian
17,624.0,1192.0,670.0,1281.0,397,0,0,1,Pedestrian
17,624.0,1192.0,670.0,1281.0,398,0,0,1,Pedestrian
17,624.0,1196.0,670.0,1285.0,399,0,0,1,Pedestrian
17,624.0,1196.0,670.0,1285.0,400,0,0,1,Pedestrian
17,624.0,1196.0,670.0,1285.0,401,0,0,1,Pedestrian
17,624.0,1196.0,670.0,1285.0,402,0,0,1,Pedestrian
17,624.0,1200.0,670.0,1289.0,403,0,0,1,Pedestrian
17,624.0,1200.0,670.0,1289.0,404,0,0,1,Pedestrian
17,624.0,1200.0,670.0,1289.0,405,0,0,1,Pedestrian
17,624.0,1204.0,670.0,1293.0,406,0,0,1,Pedestrian
17,624.0,1204.0,670.0,1293.0,407,0,0,1,Pedestrian
17,624.0,1204.0,670.0,1293.0,408,0,0,1,Pedestrian
17,624.0,1204.0,670.0,1293.0,409,0,0,1,Pedestrian
17,624.0,1208.0,670.0,1297.0,410,0,0,1,Pedestrian
17,624.0,1208.0,670.0,1297.0,411,0,0,1,Pedestrian
17,624.0,1208.0,670.0,1297.0,412,0,0,1,Pedestrian
17,624.0,1212.0,670.0,1301.0,413,0,0,1,Pedestrian
17,624.0,1212.0,670.0,1301.0,414,0,0,1,Pedestrian
17,624.0,1212.0,670.0,1301.0,415,0,0,1,Pedestrian
17,624.0,1212.0,670.0,1301.0,416,0,0,1,Pedestrian
17,624.0,1216.0,670.0,1305.0,417,0,0,1,Pedestrian
17,624.0,1216.0,670.0,1305.0,418,0,0,1,Pedestrian
17,624.0,1216.0,670.0,1305.0,419,0,0,1,Pedestrian
17,624.0,1220.0,670.0,1309.0,420,0,0,1,Pedestrian
17,624.0,1220.0,670.0,1309.0,421,0,0,1,Pedestrian
17,624.0,1220.0,670.0,1309.0,422,0,0,1,Pedestrian
17,624.0,1220.0,670.0,1309.0,423,0,0,1,Pedestrian
17,624.0,1224.0,670.0,1313.0,424,0,0,1,Pedestrian
17,626.0,1224.0,672.0,1313.0,425,0,0,1,Pedestrian
17,626.0,1224.0,672.0,1313.0,426,0,0,1,Pedestrian
17,626.0,1228.0,672.0,1317.0,427,0,0,1,Pedestrian
17,626.0,1228.0,672.0,1317.0,428,0,0,1,Pedestrian
17,626.0,1228.0,672.0,1317.0,429,0,0,1,Pedestrian
17,626.0,1228.0,672.0,1317.0,430,0,0,1,Pedestrian
17,626.0,1232.0,672.0,1321.0,431,0,0,1,Pedestrian
17,626.0,1232.0,672.0,1321.0,432,0,0,1,Pedestrian
17,626.0,1232.0,672.0,1321.0,433,0,0,1,Pedestrian
17,626.0,1236.0,672.0,1325.0,434,0,0,1,Pedestrian
17,626.0,1236.0,672.0,1325.0,435,0,0,1,Pedestrian
17,626.0,1236.0,672.0,1325.0,436,0,0,1,Pedestrian
17,626.0,1236.0,672.0,1325.0,437,0,0,1,Pedestrian
17,626.0,1240.0,672.0,1329.0,438,0,0,1,Pedestrian
17,626.0,1240.0,672.0,1329.0,439,0,0,1,Pedestrian
17,626.0,1240.0,672.0,1329.0,440,0,0,1,Pedestrian
17,626.0,1244.0,672.0,1333.0,441,0,0,1,Pedestrian
17,626.0,1244.0,672.0,1333.0,442,0,0,1,Pedestrian
17,626.0,1244.0,672.0,1333.0,443,0,0,1,Pedestrian
17,626.0,1244.0,672.0,1333.0,444,0,0,1,Pedestrian
17,626.0,1248.0,672.0,1337.0,445,0,0,1,Pedestrian
17,626.0,1248.0,672.0,1337.0,446,0,0,1,Pedestrian
17,626.0,1248.0,672.0,1337.0,447,0,0,1,Pedestrian
17,626.0,1252.0,672.0,1341.0,448,0,0,1,Pedestrian
17,626.0,1252.0,672.0,1341.0,449,0,0,1,Pedestrian
17,626.0,1252.0,672.0,1341.0,450,0,0,1,Pedestrian
17,626.0,1252.0,672.0,1341.0,451,0,0,1,Pedestrian
17,626.0,1256.0,672.0,1345.0,452,0,0,1,Pedestrian
17,626.0,1256.0,672.0,1345.0,453,0,0,1,Pedestrian
17,626.0,1256.0,672.0,1345.0,454,0,0,1,Pedestrian
17,626.0,1261.0,672.0,1349.0,455,0,0,1,Pedestrian
17,626.0,1261.0,672.0,1349.0,456,0,0,1,Pedestrian
17,626.0,1261.0,672.0,1349.0,457,0,0,1,Pedestrian
17,626.0,1261.0,672.0,1349.0,458,0,0,1,Pedestrian
17,626.0,1265.0,672.0,1353.0,459,0,0,1,Pedestrian
17,626.0,1265.0,672.0,1353.0,460,0,0,1,Pedestrian
17,626.0,1265.0,672.0,1353.0,461,0,0,1,Pedestrian
17,626.0,1269.0,672.0,1358.0,462,0,0,1,Pedestrian
17,626.0,1269.0,672.0,1358.0,463,0,0,1,Pedestrian
17,626.0,1269.0,672.0,1358.0,464,0,0,1,Pedestrian
17,626.0,1269.0,672.0,1358.0,465,0,0,1,Pedestrian
17,626.0,1273.0,672.0,1362.0,466,0,0,1,Pedestrian
17,626.0,1273.0,672.0,1362.0,467,0,0,1,Pedestrian
17,626.0,1273.0,672.0,1362.0,468,0,0,1,Pedestrian
17,626.0,1277.0,672.0,1366.0,469,0,0,1,Pedestrian
17,626.0,1277.0,672.0,1366.0,470,0,0,1,Pedestrian
17,626.0,1277.0,672.0,1366.0,471,0,0,1,Pedestrian
17,626.0,1277.0,672.0,1366.0,472,0,0,1,Pedestrian
17,626.0,1281.0,672.0,1370.0,473,0,0,1,Pedestrian
17,626.0,1281.0,672.0,1370.0,474,0,0,1,Pedestrian
17,626.0,1281.0,672.0,1370.0,475,0,0,1,Pedestrian
17,626.0,1285.0,672.0,1374.0,476,0,0,1,Pedestrian
17,626.0,1285.0,672.0,1374.0,477,0,0,1,Pedestrian
17,626.0,1285.0,672.0,1374.0,478,0,0,1,Pedestrian
17,626.0,1285.0,672.0,1374.0,479,0,0,1,Pedestrian
17,626.0,1289.0,672.0,1378.0,480,0,0,1,Pedestrian
17,626.0,1289.0,672.0,1378.0,481,0,0,1,Pedestrian
17,626.0,1289.0,672.0,1378.0,482,0,0,1,Pedestrian
17,626.0,1293.0,672.0,1382.0,483,0,0,1,Pedestrian
17,626.0,1293.0,672.0,1382.0,484,0,0,1,Pedestrian
17,626.0,1293.0,672.0,1382.0,485,0,0,1,Pedestrian
17,626.0,1293.0,672.0,1382.0,486,0,0,1,Pedestrian
17,626.0,1297.0,672.0,1386.0,487,0,0,1,Pedestrian
17,626.0,1297.0,672.0,1386.0,488,0,0,1,Pedestrian
17,626.0,1297.0,672.0,1386.0,489,0,0,1,Pedestrian
17,626.0,1301.0,672.0,1390.0,490,0,0,1,Pedestrian
17,626.0,1301.0,672.0,1390.0,491,0,0,1,Pedestrian
17,626.0,1301.0,672.0,1390.0,492,0,0,1,Pedestrian
17,626.0,1301.0,672.0,1390.0,493,0,0,1,Pedestrian
17,626.0,1305.0,672.0,1394.0,494,0,0,1,Pedestrian
17,626.0,1305.0,672.0,1394.0,495,0,0,1,Pedestrian
17,626.0,1305.0,672.0,1394.0,496,0,0,1,Pedestrian
17,626.0,1309.0,672.0,1398.0,497,0,0,1,Pedestrian
17,626.0,1309.0,672.0,1398.0,498,0,0,1,Pedestrian
17,626.0,1309.0,672.0,1398.0,499,0,0,1,Pedestrian
17,628.0,1313.0,674.0,1402.0,500,0,0,0,Pedestrian
17,626.0,1313.0,674.0,1402.0,501,0,0,1,Pedestrian
17,626.0,1313.0,674.0,1406.0,502,0,0,1,Pedestrian
17,626.0,1313.0,674.0,1406.0,503,0,0,1,Pedestrian
17,626.0,1313.0,676.0,1410.0,504,0,0,1,Pedestrian
17,624.0,1313.0,676.0,1410.0,505,0,0,1,Pedestrian
17,624.0,1313.0,676.0,1414.0,506,0,0,1,Pedestrian
17,624.0,1313.0,676.0,1414.0,507,0,0,1,Pedestrian
17,624.0,1313.0,678.0,1418.0,508,0,0,1,Pedestrian
17,622.0,1313.0,678.0,1418.0,509,0,0,1,Pedestrian
17,622.0,1313.0,678.0,1422.0,510,0,0,1,Pedestrian
17,622.0,1313.0,678.0,1422.0,511,0,0,1,Pedestrian
17,622.0,1313.0,680.0,1426.0,512,0,0,1,Pedestrian
17,620.0,1313.0,680.0,1426.0,513,0,0,1,Pedestrian
17,620.0,1313.0,680.0,1430.0,514,0,0,1,Pedestrian
17,620.0,1313.0,680.0,1430.0,515,0,0,1,Pedestrian
17,620.0,1313.0,682.0,1434.0,516,0,0,1,Pedestrian
17,618.0,1313.0,682.0,1434.0,517,0,0,1,Pedestrian
17,618.0,1313.0,682.0,1438.0,518,0,0,1,Pedestrian
17,618.0,1313.0,682.0,1438.0,519,0,0,1,Pedestrian
17,618.0,1313.0,684.0,1442.0,520,0,0,0,Pedestrian
17,618.0,1313.0,684.0,1442.0,521,0,0,1,Pedestrian
17,618.0,1313.0,684.0,1442.0,522,0,0,1,Pedestrian
17,618.0,1313.0,684.0,1442.0,523,0,0,1,Pedestrian
17,618.0,1317.0,684.0,1446.0,524,0,0,1,Pedestrian
17,618.0,1317.0,684.0,1446.0,525,0,0,1,Pedestrian
17,618.0,1317.0,684.0,1446.0,526,0,0,1,Pedestrian
17,618.0,1317.0,684.0,1446.0,527,0,0,1,Pedestrian
17,618.0,1321.0,684.0,1450.0,528,0,0,1,Pedestrian
17,618.0,1321.0,684.0,1450.0,529,0,0,1,Pedestrian
17,618.0,1321.0,684.0,1450.0,530,0,0,1,Pedestrian
17,618.0,1321.0,684.0,1450.0,531,0,0,1,Pedestrian
17,618.0,1325.0,684.0,1455.0,532,0,0,1,Pedestrian
17,618.0,1325.0,684.0,1455.0,533,0,0,1,Pedestrian
17,618.0,1325.0,684.0,1455.0,534,0,0,1,Pedestrian
17,618.0,1325.0,684.0,1455.0,535,0,0,1,Pedestrian
17,618.0,1329.0,684.0,1459.0,536,0,0,1,Pedestrian
17,618.0,1329.0,684.0,1459.0,537,0,0,1,Pedestrian
17,618.0,1329.0,684.0,1459.0,538,0,0,1,Pedestrian
17,618.0,1329.0,684.0,1459.0,539,0,0,1,Pedestrian
17,620.0,1333.0,686.0,1463.0,540,0,0,0,Pedestrian
17,620.0,1333.0,686.0,1463.0,541,0,0,1,Pedestrian
17,620.0,1333.0,686.0,1463.0,542,0,0,1,Pedestrian
17,620.0,1333.0,686.0,1463.0,543,0,0,1,Pedestrian
17,620.0,1333.0,686.0,1463.0,544,0,0,1,Pedestrian
17,620.0,1333.0,686.0,1463.0,545,0,0,1,Pedestrian
17,620.0,1337.0,686.0,1467.0,546,0,0,1,Pedestrian
17,620.0,1337.0,686.0,1467.0,547,0,0,1,Pedestrian
17,620.0,1337.0,686.0,1467.0,548,0,0,1,Pedestrian
17,620.0,1337.0,686.0,1467.0,549,0,0,1,Pedestrian
17,620.0,1337.0,686.0,1467.0,550,0,0,1,Pedestrian
17,620.0,1341.0,686.0,1471.0,551,0,0,1,Pedestrian
17,620.0,1341.0,686.0,1471.0,552,0,0,1,Pedestrian
17,620.0,1341.0,686.0,1471.0,553,0,0,1,Pedestrian
17,620.0,1341.0,686.0,1471.0,554,0,0,1,Pedestrian
17,620.0,1341.0,686.0,1471.0,555,0,0,1,Pedestrian
17,620.0,1341.0,686.0,1471.0,556,0,0,1,Pedestrian
17,622.0,1345.0,688.0,1475.0,557,0,0,1,Pedestrian
17,622.0,1345.0,688.0,1475.0,558,0,0,1,Pedestrian
17,622.0,1345.0,688.0,1475.0,559,0,0,1,Pedestrian
17,622.0,1345.0,688.0,1475.0,560,0,0,1,Pedestrian
17,622.0,1345.0,688.0,1475.0,561,0,0,1,Pedestrian
17,622.0,1349.0,688.0,1479.0,562,0,0,1,Pedestrian
17,622.0,1349.0,688.0,1479.0,563,0,0,1,Pedestrian
17,622.0,1349.0,688.0,1479.0,564,0,0,1,Pedestrian
17,622.0,1349.0,688.0,1479.0,565,0,0,1,Pedestrian
17,622.0,1349.0,688.0,1479.0,566,0,0,1,Pedestrian
17,622.0,1349.0,688.0,1479.0,567,0,0,1,Pedestrian
17,622.0,1353.0,688.0,1483.0,568,0,0,1,Pedestrian
17,622.0,1353.0,688.0,1483.0,569,0,0,1,Pedestrian
17,622.0,1353.0,688.0,1483.0,570,0,0,1,Pedestrian
17,622.0,1353.0,688.0,1483.0,571,0,0,1,Pedestrian
17,622.0,1353.0,688.0,1483.0,572,0,0,1,Pedestrian
17,624.0,1358.0,690.0,1487.0,573,0,0,0,Pedestrian
18,767.0,1843.0,807.0,1919.0,0,1,0,0,Pedestrian
18,767.0,1843.0,807.0,1919.0,1,1,0,1,Pedestrian
18,767.0,1843.0,807.0,1919.0,2,1,0,1,Pedestrian
18,767.0,1843.0,807.0,1919.0,3,1,0,1,Pedestrian
18,767.0,1843.0,807.0,1919.0,4,1,0,1,Pedestrian
18,767.0,1843.0,807.0,1919.0,5,1,0,1,Pedestrian
18,767.0,1843.0,807.0,1919.0,6,1,0,1,Pedestrian
18,767.0,1843.0,807.0,1919.0,7,1,0,1,Pedestrian
18,767.0,1843.0,807.0,1919.0,8,1,0,1,Pedestrian
18,767.0,1843.0,807.0,1919.0,9,1,0,1,Pedestrian
18,767.0,1843.0,807.0,1919.0,10,1,0,1,Pedestrian
18,767.0,1843.0,807.0,1919.0,11,1,0,1,Pedestrian
18,767.0,1843.0,807.0,1919.0,12,1,0,1,Pedestrian
18,767.0,1843.0,807.0,1919.0,13,1,0,1,Pedestrian
18,767.0,1843.0,807.0,1919.0,14,1,0,1,Pedestrian
18,767.0,1843.0,807.0,1919.0,15,1,0,1,Pedestrian
18,767.0,1847.0,807.0,1919.0,16,1,0,1,Pedestrian
18,767.0,1847.0,807.0,1919.0,17,1,0,1,Pedestrian
18,767.0,1847.0,807.0,1919.0,18,1,0,1,Pedestrian
18,767.0,1847.0,807.0,1919.0,19,1,0,1,Pedestrian
18,767.0,1847.0,807.0,1919.0,20,1,0,1,Pedestrian
18,767.0,1847.0,807.0,1919.0,21,1,0,1,Pedestrian
18,767.0,1847.0,807.0,1919.0,22,1,0,1,Pedestrian
18,767.0,1847.0,807.0,1919.0,23,1,0,1,Pedestrian
18,767.0,1847.0,807.0,1919.0,24,1,0,1,Pedestrian
18,767.0,1847.0,807.0,1919.0,25,1,0,1,Pedestrian
18,767.0,1847.0,807.0,1919.0,26,1,0,1,Pedestrian
18,767.0,1847.0,807.0,1919.0,27,1,0,1,Pedestrian
18,767.0,1847.0,807.0,1919.0,28,1,0,1,Pedestrian
18,767.0,1847.0,807.0,1919.0,29,1,0,1,Pedestrian
18,767.0,1847.0,807.0,1919.0,30,1,0,1,Pedestrian
18,767.0,1847.0,807.0,1919.0,31,1,0,1,Pedestrian
18,767.0,1851.0,807.0,1919.0,32,1,0,1,Pedestrian
18,767.0,1851.0,807.0,1919.0,33,1,0,1,Pedestrian
18,767.0,1851.0,807.0,1919.0,34,1,0,1,Pedestrian
18,767.0,1851.0,807.0,1919.0,35,1,0,1,Pedestrian
18,767.0,1851.0,807.0,1919.0,36,1,0,1,Pedestrian
18,767.0,1851.0,807.0,1919.0,37,1,0,1,Pedestrian
18,767.0,1851.0,807.0,1919.0,38,1,0,1,Pedestrian
18,767.0,1851.0,807.0,1919.0,39,1,0,1,Pedestrian
18,767.0,1851.0,807.0,1919.0,40,1,0,1,Pedestrian
18,767.0,1851.0,807.0,1919.0,41,1,0,1,Pedestrian
18,767.0,1851.0,807.0,1919.0,42,1,0,1,Pedestrian
18,767.0,1851.0,807.0,1919.0,43,1,0,1,Pedestrian
18,767.0,1851.0,807.0,1919.0,44,1,0,1,Pedestrian
18,767.0,1851.0,807.0,1919.0,45,1,0,1,Pedestrian
18,767.0,1851.0,807.0,1919.0,46,1,0,1,Pedestrian
18,767.0,1851.0,807.0,1919.0,47,1,0,1,Pedestrian
18,767.0,1855.0,807.0,1919.0,48,1,0,1,Pedestrian
18,767.0,1855.0,807.0,1919.0,49,1,0,1,Pedestrian
18,767.0,1855.0,807.0,1919.0,50,1,0,1,Pedestrian
18,767.0,1855.0,807.0,1923.0,51,1,0,1,Pedestrian
18,767.0,1855.0,807.0,1923.0,52,1,0,1,Pedestrian
18,767.0,1855.0,807.0,1923.0,53,1,0,1,Pedestrian
18,767.0,1855.0,807.0,1923.0,54,1,0,1,Pedestrian
18,767.0,1855.0,807.0,1923.0,55,1,0,1,Pedestrian
18,767.0,1855.0,807.0,1923.0,56,1,0,1,Pedestrian
18,767.0,1855.0,807.0,1923.0,57,1,0,1,Pedestrian
18,767.0,1855.0,807.0,1923.0,58,1,0,1,Pedestrian
18,767.0,1855.0,807.0,1923.0,59,1,0,1,Pedestrian
18,767.0,1855.0,807.0,1923.0,60,1,0,1,Pedestrian
18,767.0,1855.0,807.0,1923.0,61,1,0,1,Pedestrian
18,767.0,1855.0,807.0,1923.0,62,1,0,1,Pedestrian
18,767.0,1859.0,807.0,1923.0,63,1,0,1,Pedestrian
18,767.0,1859.0,807.0,1923.0,64,1,0,1,Pedestrian
18,767.0,1859.0,807.0,1923.0,65,1,0,1,Pedestrian
18,767.0,1859.0,807.0,1923.0,66,1,0,1,Pedestrian
18,767.0,1859.0,807.0,1923.0,67,1,0,1,Pedestrian
18,767.0,1859.0,809.0,1923.0,68,1,0,1,Pedestrian
18,767.0,1859.0,809.0,1923.0,69,1,0,1,Pedestrian
18,767.0,1859.0,809.0,1923.0,70,1,0,1,Pedestrian
18,767.0,1859.0,809.0,1923.0,71,1,0,1,Pedestrian
18,767.0,1859.0,809.0,1923.0,72,1,0,1,Pedestrian
18,767.0,1859.0,809.0,1923.0,73,1,0,1,Pedestrian
18,767.0,1859.0,809.0,1923.0,74,1,0,1,Pedestrian
18,767.0,1859.0,809.0,1923.0,75,1,0,1,Pedestrian
18,767.0,1859.0,809.0,1923.0,76,1,0,1,Pedestrian
18,767.0,1859.0,809.0,1923.0,77,1,0,1,Pedestrian
18,767.0,1859.0,809.0,1923.0,78,1,0,1,Pedestrian
18,767.0,1863.0,809.0,1923.0,79,1,0,1,Pedestrian
18,767.0,1863.0,809.0,1923.0,80,1,0,1,Pedestrian
18,767.0,1863.0,809.0,1923.0,81,1,0,1,Pedestrian
18,767.0,1863.0,809.0,1923.0,82,1,0,1,Pedestrian
18,767.0,1863.0,809.0,1923.0,83,1,0,1,Pedestrian
18,767.0,1863.0,809.0,1923.0,84,1,0,1,Pedestrian
18,767.0,1863.0,809.0,1923.0,85,1,0,1,Pedestrian
18,767.0,1863.0,809.0,1923.0,86,1,0,1,Pedestrian
18,767.0,1863.0,809.0,1923.0,87,1,0,1,Pedestrian
18,767.0,1863.0,809.0,1923.0,88,1,0,1,Pedestrian
18,767.0,1863.0,809.0,1923.0,89,1,0,1,Pedestrian
18,767.0,1863.0,809.0,1923.0,90,1,0,1,Pedestrian
18,767.0,1863.0,809.0,1923.0,91,1,0,1,Pedestrian
18,767.0,1863.0,809.0,1923.0,92,1,0,1,Pedestrian
18,767.0,1863.0,809.0,1923.0,93,1,0,1,Pedestrian
18,767.0,1863.0,809.0,1923.0,94,1,0,1,Pedestrian
18,767.0,1867.0,809.0,1923.0,95,1,0,1,Pedestrian
18,767.0,1867.0,809.0,1923.0,96,1,0,1,Pedestrian
18,767.0,1867.0,809.0,1923.0,97,1,0,1,Pedestrian
18,767.0,1867.0,809.0,1923.0,98,1,0,1,Pedestrian
18,767.0,1867.0,809.0,1923.0,99,1,0,1,Pedestrian
18,767.0,1867.0,809.0,1923.0,100,1,0,1,Pedestrian
18,767.0,1867.0,809.0,1923.0,101,1,0,1,Pedestrian
18,767.0,1867.0,809.0,1927.0,102,1,0,1,Pedestrian
18,767.0,1867.0,809.0,1927.0,103,1,0,1,Pedestrian
18,767.0,1867.0,809.0,1927.0,104,1,0,1,Pedestrian
18,767.0,1867.0,809.0,1927.0,105,1,0,1,Pedestrian
18,767.0,1867.0,809.0,1927.0,106,1,0,1,Pedestrian
18,767.0,1867.0,809.0,1927.0,107,1,0,1,Pedestrian
18,767.0,1867.0,809.0,1927.0,108,1,0,1,Pedestrian
18,767.0,1867.0,809.0,1927.0,109,1,0,1,Pedestrian
18,767.0,1871.0,809.0,1927.0,110,1,0,1,Pedestrian
18,767.0,1871.0,809.0,1927.0,111,1,0,1,Pedestrian
18,767.0,1871.0,809.0,1927.0,112,1,0,1,Pedestrian
18,767.0,1871.0,809.0,1927.0,113,1,0,1,Pedestrian
18,767.0,1871.0,809.0,1927.0,114,1,0,1,Pedestrian
18,767.0,1871.0,809.0,1927.0,115,1,0,1,Pedestrian
18,767.0,1871.0,809.0,1927.0,116,1,0,1,Pedestrian
18,767.0,1871.0,809.0,1927.0,117,1,0,1,Pedestrian
18,767.0,1871.0,809.0,1927.0,118,1,0,1,Pedestrian
18,767.0,1871.0,809.0,1927.0,119,1,0,1,Pedestrian
18,767.0,1871.0,809.0,1927.0,120,1,0,1,Pedestrian
18,767.0,1871.0,809.0,1927.0,121,1,0,1,Pedestrian
18,767.0,1871.0,809.0,1927.0,122,1,0,1,Pedestrian
18,767.0,1871.0,809.0,1927.0,123,1,0,1,Pedestrian
18,767.0,1871.0,809.0,1927.0,124,1,0,1,Pedestrian
18,767.0,1871.0,809.0,1927.0,125,1,0,1,Pedestrian
18,767.0,1875.0,809.0,1927.0,126,1,0,1,Pedestrian
18,767.0,1875.0,809.0,1927.0,127,1,0,1,Pedestrian
18,767.0,1875.0,809.0,1927.0,128,1,0,1,Pedestrian
18,767.0,1875.0,809.0,1927.0,129,1,0,1,Pedestrian
18,767.0,1875.0,809.0,1927.0,130,1,0,1,Pedestrian
18,767.0,1875.0,809.0,1927.0,131,1,0,1,Pedestrian
18,767.0,1875.0,809.0,1927.0,132,1,0,1,Pedestrian
18,767.0,1875.0,809.0,1927.0,133,1,0,1,Pedestrian
18,767.0,1875.0,809.0,1927.0,134,1,0,1,Pedestrian
18,767.0,1875.0,809.0,1927.0,135,1,0,1,Pedestrian
18,767.0,1875.0,811.0,1927.0,136,1,0,1,Pedestrian
18,767.0,1875.0,811.0,1927.0,137,1,0,1,Pedestrian
18,767.0,1875.0,811.0,1927.0,138,1,0,1,Pedestrian
18,767.0,1875.0,811.0,1927.0,139,1,0,1,Pedestrian
18,767.0,1875.0,811.0,1927.0,140,1,0,1,Pedestrian
18,767.0,1875.0,811.0,1927.0,141,1,0,1,Pedestrian
18,767.0,1879.0,811.0,1927.0,142,1,0,1,Pedestrian
18,767.0,1879.0,811.0,1927.0,143,1,0,1,Pedestrian
18,767.0,1879.0,811.0,1927.0,144,1,0,1,Pedestrian
18,767.0,1879.0,811.0,1927.0,145,1,0,1,Pedestrian
18,767.0,1879.0,811.0,1927.0,146,1,0,1,Pedestrian
18,767.0,1879.0,811.0,1927.0,147,1,0,1,Pedestrian
18,767.0,1879.0,811.0,1927.0,148,1,0,1,Pedestrian
18,767.0,1879.0,811.0,1927.0,149,1,0,1,Pedestrian
18,767.0,1879.0,811.0,1927.0,150,1,0,1,Pedestrian
18,767.0,1879.0,811.0,1927.0,151,1,0,1,Pedestrian
18,767.0,1879.0,811.0,1927.0,152,1,0,1,Pedestrian
18,767.0,1879.0,811.0,1931.0,153,1,0,1,Pedestrian
18,767.0,1879.0,811.0,1931.0,154,1,0,1,Pedestrian
18,767.0,1879.0,811.0,1931.0,155,1,0,1,Pedestrian
18,767.0,1879.0,811.0,1931.0,156,1,0,1,Pedestrian
18,767.0,1883.0,811.0,1931.0,157,1,0,1,Pedestrian
18,767.0,1883.0,811.0,1931.0,158,1,0,1,Pedestrian
18,767.0,1883.0,811.0,1931.0,159,1,0,1,Pedestrian
18,767.0,1883.0,811.0,1931.0,160,1,0,1,Pedestrian
18,767.0,1883.0,811.0,1931.0,161,1,0,1,Pedestrian
18,767.0,1883.0,811.0,1931.0,162,1,0,1,Pedestrian
18,767.0,1883.0,811.0,1931.0,163,1,0,1,Pedestrian
18,767.0,1883.0,811.0,1931.0,164,1,0,1,Pedestrian
18,767.0,1883.0,811.0,1931.0,165,1,0,1,Pedestrian
18,767.0,1883.0,811.0,1931.0,166,1,0,1,Pedestrian
18,767.0,1883.0,811.0,1931.0,167,1,0,1,Pedestrian
18,767.0,1883.0,811.0,1931.0,168,1,0,1,Pedestrian
18,767.0,1883.0,811.0,1931.0,169,1,0,1,Pedestrian
18,767.0,1883.0,811.0,1931.0,170,1,0,1,Pedestrian
18,767.0,1883.0,811.0,1931.0,171,1,0,1,Pedestrian
18,767.0,1883.0,811.0,1931.0,172,1,0,1,Pedestrian
18,767.0,1887.0,811.0,1931.0,173,1,0,1,Pedestrian
18,767.0,1887.0,811.0,1931.0,174,1,0,1,Pedestrian
18,767.0,1887.0,811.0,1931.0,175,1,0,1,Pedestrian
18,767.0,1887.0,811.0,1931.0,176,1,0,1,Pedestrian
18,767.0,1887.0,811.0,1931.0,177,1,0,1,Pedestrian
18,767.0,1887.0,811.0,1931.0,178,1,0,1,Pedestrian
18,767.0,1887.0,811.0,1931.0,179,1,0,1,Pedestrian
18,767.0,1887.0,811.0,1931.0,180,1,0,1,Pedestrian
18,767.0,1887.0,811.0,1931.0,181,1,0,1,Pedestrian
18,767.0,1887.0,811.0,1931.0,182,1,0,1,Pedestrian
18,767.0,1887.0,811.0,1931.0,183,1,0,1,Pedestrian
18,767.0,1887.0,811.0,1931.0,184,1,0,1,Pedestrian
18,767.0,1887.0,811.0,1931.0,185,1,0,1,Pedestrian
18,767.0,1887.0,811.0,1931.0,186,1,0,1,Pedestrian
18,767.0,1887.0,811.0,1931.0,187,1,0,1,Pedestrian
18,767.0,1887.0,811.0,1931.0,188,1,0,1,Pedestrian
18,767.0,1891.0,811.0,1931.0,189,1,0,1,Pedestrian
18,767.0,1891.0,811.0,1931.0,190,1,0,1,Pedestrian
18,767.0,1891.0,811.0,1931.0,191,1,0,1,Pedestrian
18,767.0,1891.0,811.0,1931.0,192,1,0,1,Pedestrian
18,767.0,1891.0,811.0,1931.0,193,1,0,1,Pedestrian
18,767.0,1891.0,811.0,1931.0,194,1,0,1,Pedestrian
18,767.0,1891.0,811.0,1931.0,195,1,0,1,Pedestrian
18,767.0,1891.0,811.0,1931.0,196,1,0,1,Pedestrian
18,767.0,1891.0,811.0,1931.0,197,1,0,1,Pedestrian
18,767.0,1891.0,811.0,1931.0,198,1,0,1,Pedestrian
18,767.0,1891.0,811.0,1931.0,199,1,0,1,Pedestrian
18,767.0,1891.0,811.0,1931.0,200,1,0,1,Pedestrian
18,767.0,1891.0,811.0,1931.0,201,1,0,1,Pedestrian
18,767.0,1891.0,811.0,1931.0,202,1,0,1,Pedestrian
18,767.0,1891.0,811.0,1931.0,203,1,0,1,Pedestrian
18,769.0,1895.0,813.0,1935.0,204,0,0,0,Pedestrian
18,767.0,1891.0,811.0,1931.0,205,0,0,1,Pedestrian
18,767.0,1891.0,811.0,1931.0,206,0,0,1,Pedestrian
18,767.0,1891.0,811.0,1931.0,207,0,0,1,Pedestrian
18,767.0,1887.0,811.0,1931.0,208,0,0,1,Pedestrian
18,767.0,1887.0,811.0,1931.0,209,0,0,1,Pedestrian
18,767.0,1887.0,811.0,1931.0,210,0,0,1,Pedestrian
18,767.0,1887.0,811.0,1931.0,211,0,0,1,Pedestrian
18,767.0,1883.0,811.0,1931.0,212,0,0,1,Pedestrian
18,767.0,1883.0,811.0,1931.0,213,0,0,1,Pedestrian
18,767.0,1883.0,811.0,1931.0,214,0,0,1,Pedestrian
18,767.0,1883.0,811.0,1931.0,215,0,0,1,Pedestrian
18,767.0,1879.0,811.0,1931.0,216,0,0,1,Pedestrian
18,767.0,1879.0,811.0,1927.0,217,0,0,1,Pedestrian
18,767.0,1879.0,811.0,1927.0,218,0,0,1,Pedestrian
18,767.0,1879.0,811.0,1927.0,219,0,0,1,Pedestrian
18,767.0,1875.0,811.0,1927.0,220,0,0,1,Pedestrian
18,767.0,1875.0,811.0,1927.0,221,0,0,1,Pedestrian
18,767.0,1875.0,809.0,1927.0,222,0,0,1,Pedestrian
18,767.0,1875.0,809.0,1927.0,223,0,0,1,Pedestrian
18,767.0,1871.0,809.0,1927.0,224,0,0,1,Pedestrian
18,767.0,1871.0,809.0,1927.0,225,0,0,1,Pedestrian
18,767.0,1871.0,809.0,1927.0,226,0,0,1,Pedestrian
18,767.0,1871.0,809.0,1927.0,227,0,0,1,Pedestrian
18,767.0,1867.0,809.0,1927.0,228,0,0,1,Pedestrian
18,767.0,1867.0,809.0,1927.0,229,0,0,1,Pedestrian
18,767.0,1867.0,809.0,1923.0,230,0,0,1,Pedestrian
18,767.0,1867.0,809.0,1923.0,231,0,0,1,Pedestrian
18,767.0,1863.0,809.0,1923.0,232,0,0,1,Pedestrian
18,767.0,1863.0,809.0,1923.0,233,0,0,1,Pedestrian
18,767.0,1863.0,809.0,1923.0,234,0,0,1,Pedestrian
18,767.0,1863.0,809.0,1923.0,235,0,0,1,Pedestrian
18,767.0,1859.0,809.0,1923.0,236,0,0,1,Pedestrian
18,767.0,1859.0,809.0,1923.0,237,0,0,1,Pedestrian
18,767.0,1859.0,809.0,1923.0,238,0,0,1,Pedestrian
18,767.0,1859.0,807.0,1923.0,239,0,0,1,Pedestrian
18,767.0,1855.0,807.0,1923.0,240,0,0,1,Pedestrian
18,767.0,1855.0,807.0,1923.0,241,0,0,1,Pedestrian
18,767.0,1855.0,807.0,1923.0,242,0,0,1,Pedestrian
18,767.0,1855.0,807.0,1919.0,243,0,0,1,Pedestrian
18,767.0,1851.0,807.0,1919.0,244,0,0,1,Pedestrian
18,767.0,1851.0,807.0,1919.0,245,0,0,1,Pedestrian
18,767.0,1851.0,807.0,1919.0,246,0,0,1,Pedestrian
18,767.0,1851.0,807.0,1919.0,247,0,0,1,Pedestrian
18,767.0,1847.0,807.0,1919.0,248,0,0,1,Pedestrian
18,767.0,1847.0,807.0,1919.0,249,0,0,1,Pedestrian
18,767.0,1847.0,807.0,1919.0,250,0,0,1,Pedestrian
18,767.0,1847.0,807.0,1919.0,251,0,0,1,Pedestrian
18,767.0,1843.0,807.0,1919.0,252,0,0,1,Pedestrian
18,767.0,1843.0,807.0,1919.0,253,0,0,1,Pedestrian
18,767.0,1843.0,807.0,1919.0,254,0,0,1,Pedestrian
18,767.0,1843.0,807.0,1919.0,255,0,0,0,Pedestrian
18,767.0,1838.0,807.0,1915.0,256,0,0,1,Pedestrian
18,767.0,1838.0,807.0,1915.0,257,0,0,1,Pedestrian
18,767.0,1838.0,807.0,1915.0,258,0,0,1,Pedestrian
18,767.0,1834.0,807.0,1911.0,259,0,0,1,Pedestrian
18,767.0,1834.0,807.0,1911.0,260,0,0,1,Pedestrian
18,767.0,1834.0,807.0,1911.0,261,0,0,1,Pedestrian
18,767.0,1834.0,807.0,1911.0,262,0,0,1,Pedestrian
18,767.0,1830.0,807.0,1907.0,263,0,0,1,Pedestrian
18,767.0,1830.0,807.0,1907.0,264,0,0,1,Pedestrian
18,767.0,1830.0,807.0,1907.0,265,0,0,1,Pedestrian
18,767.0,1830.0,807.0,1907.0,266,0,0,1,Pedestrian
18,767.0,1826.0,807.0,1903.0,267,0,0,1,Pedestrian
18,767.0,1826.0,807.0,1903.0,268,0,0,1,Pedestrian
18,767.0,1826.0,807.0,1903.0,269,0,0,1,Pedestrian
18,767.0,1826.0,807.0,1903.0,270,0,0,1,Pedestrian
18,767.0,1822.0,807.0,1899.0,271,0,0,1,Pedestrian
18,767.0,1822.0,807.0,1899.0,272,0,0,1,Pedestrian
18,767.0,1822.0,807.0,1899.0,273,0,0,1,Pedestrian
18,767.0,1822.0,807.0,1899.0,274,0,0,1,Pedestrian
18,767.0,1818.0,807.0,1895.0,275,0,0,1,Pedestrian
18,767.0,1818.0,807.0,1895.0,276,0,0,1,Pedestrian
18,767.0,1818.0,807.0,1895.0,277,0,0,1,Pedestrian
18,767.0,1814.0,807.0,1891.0,278,0,0,1,Pedestrian
18,767.0,1814.0,807.0,1891.0,279,0,0,1,Pedestrian
18,767.0,1814.0,807.0,1891.0,280,0,0,1,Pedestrian
18,767.0,1814.0,807.0,1891.0,281,0,0,1,Pedestrian
18,767.0,1810.0,807.0,1887.0,282,0,0,1,Pedestrian
18,767.0,1810.0,807.0,1887.0,283,0,0,1,Pedestrian
18,767.0,1810.0,807.0,1887.0,284,0,0,1,Pedestrian
18,767.0,1810.0,807.0,1887.0,285,0,0,1,Pedestrian
18,767.0,1806.0,807.0,1883.0,286,0,0,1,Pedestrian
18,767.0,1806.0,807.0,1883.0,287,0,0,1,Pedestrian
18,767.0,1806.0,807.0,1883.0,288,0,0,1,Pedestrian
18,767.0,1806.0,807.0,1883.0,289,0,0,1,Pedestrian
18,767.0,1802.0,807.0,1879.0,290,0,0,1,Pedestrian
18,767.0,1802.0,807.0,1879.0,291,0,0,1,Pedestrian
18,767.0,1802.0,807.0,1879.0,292,0,0,1,Pedestrian
18,767.0,1802.0,807.0,1879.0,293,0,0,1,Pedestrian
18,767.0,1798.0,807.0,1875.0,294,0,0,1,Pedestrian
18,767.0,1798.0,807.0,1875.0,295,0,0,1,Pedestrian
18,767.0,1798.0,807.0,1875.0,296,0,0,1,Pedestrian
18,767.0,1798.0,807.0,1875.0,297,0,0,1,Pedestrian
18,767.0,1794.0,807.0,1871.0,298,0,0,1,Pedestrian
18,767.0,1794.0,807.0,1871.0,299,0,0,1,Pedestrian
18,767.0,1794.0,807.0,1871.0,300,0,0,1,Pedestrian
18,767.0,1790.0,807.0,1867.0,301,0,0,1,Pedestrian
18,767.0,1790.0,807.0,1867.0,302,0,0,1,Pedestrian
18,767.0,1790.0,807.0,1867.0,303,0,0,1,Pedestrian
18,767.0,1790.0,807.0,1867.0,304,0,0,1,Pedestrian
18,767.0,1786.0,807.0,1863.0,305,0,0,1,Pedestrian
18,767.0,1786.0,807.0,1863.0,306,0,0,1,Pedestrian
18,767.0,1786.0,807.0,1863.0,307,0,0,1,Pedestrian
18,767.0,1786.0,807.0,1863.0,308,0,0,1,Pedestrian
18,767.0,1782.0,807.0,1859.0,309,0,0,1,Pedestrian
18,767.0,1782.0,807.0,1859.0,310,0,0,1,Pedestrian
18,767.0,1782.0,807.0,1859.0,311,0,0,1,Pedestrian
18,767.0,1782.0,807.0,1859.0,312,0,0,1,Pedestrian
18,767.0,1778.0,807.0,1855.0,313,0,0,1,Pedestrian
18,767.0,1778.0,807.0,1855.0,314,0,0,1,Pedestrian
18,767.0,1778.0,807.0,1855.0,315,0,0,1,Pedestrian
18,767.0,1778.0,807.0,1855.0,316,0,0,1,Pedestrian
18,767.0,1774.0,807.0,1851.0,317,0,0,1,Pedestrian
18,767.0,1774.0,807.0,1851.0,318,0,0,1,Pedestrian
18,767.0,1774.0,807.0,1851.0,319,0,0,1,Pedestrian
18,767.0,1774.0,807.0,1851.0,320,0,0,1,Pedestrian
18,767.0,1770.0,807.0,1847.0,321,0,0,1,Pedestrian
18,767.0,1770.0,807.0,1847.0,322,0,0,1,Pedestrian
18,767.0,1770.0,807.0,1847.0,323,0,0,1,Pedestrian
18,767.0,1766.0,807.0,1843.0,324,0,0,1,Pedestrian
18,767.0,1766.0,807.0,1843.0,325,0,0,1,Pedestrian
18,767.0,1766.0,807.0,1843.0,326,0,0,1,Pedestrian
18,767.0,1766.0,807.0,1843.0,327,0,0,1,Pedestrian
18,767.0,1762.0,807.0,1838.0,328,0,0,1,Pedestrian
18,767.0,1762.0,807.0,1838.0,329,0,0,1,Pedestrian
18,767.0,1762.0,807.0,1838.0,330,0,0,1,Pedestrian
18,767.0,1762.0,807.0,1838.0,331,0,0,1,Pedestrian
18,767.0,1758.0,807.0,1834.0,332,0,0,1,Pedestrian
18,767.0,1758.0,807.0,1834.0,333,0,0,1,Pedestrian
18,767.0,1758.0,807.0,1834.0,334,0,0,1,Pedestrian
18,767.0,1758.0,807.0,1834.0,335,0,0,1,Pedestrian
18,767.0,1754.0,807.0,1830.0,336,0,0,1,Pedestrian
18,767.0,1754.0,807.0,1830.0,337,0,0,1,Pedestrian
18,767.0,1754.0,807.0,1830.0,338,0,0,1,Pedestrian
18,767.0,1754.0,807.0,1830.0,339,0,0,1,Pedestrian
18,767.0,1750.0,807.0,1826.0,340,0,0,1,Pedestrian
18,767.0,1750.0,807.0,1826.0,341,0,0,1,Pedestrian
18,767.0,1750.0,807.0,1826.0,342,0,0,1,Pedestrian
18,767.0,1750.0,807.0,1826.0,343,0,0,1,Pedestrian
18,767.0,1746.0,807.0,1822.0,344,0,0,1,Pedestrian
18,767.0,1746.0,807.0,1822.0,345,0,0,1,Pedestrian
18,767.0,1746.0,807.0,1822.0,346,0,0,1,Pedestrian
18,767.0,1741.0,807.0,1818.0,347,0,0,1,Pedestrian
18,767.0,1741.0,807.0,1818.0,348,0,0,1,Pedestrian
18,767.0,1741.0,807.0,1818.0,349,0,0,1,Pedestrian
18,767.0,1741.0,807.0,1818.0,350,0,0,1,Pedestrian
18,767.0,1737.0,807.0,1814.0,351,0,0,1,Pedestrian
18,767.0,1737.0,807.0,1814.0,352,0,0,1,Pedestrian
18,767.0,1737.0,807.0,1814.0,353,0,0,1,Pedestrian
18,767.0,1737.0,807.0,1814.0,354,0,0,1,Pedestrian
18,767.0,1733.0,807.0,1810.0,355,0,0,1,Pedestrian
18,767.0,1733.0,807.0,1810.0,356,0,0,1,Pedestrian
18,767.0,1733.0,807.0,1810.0,357,0,0,1,Pedestrian
18,767.0,1733.0,807.0,1810.0,358,0,0,1,Pedestrian
18,767.0,1729.0,807.0,1806.0,359,0,0,1,Pedestrian
18,767.0,1729.0,807.0,1806.0,360,0,0,1,Pedestrian
18,767.0,1729.0,807.0,1806.0,361,0,0,1,Pedestrian
18,767.0,1729.0,807.0,1806.0,362,0,0,1,Pedestrian
18,767.0,1725.0,807.0,1802.0,363,0,0,1,Pedestrian
18,767.0,1725.0,807.0,1802.0,364,0,0,1,Pedestrian
18,767.0,1725.0,807.0,1802.0,365,0,0,1,Pedestrian
18,767.0,1725.0,807.0,1802.0,366,0,0,1,Pedestrian
18,767.0,1721.0,807.0,1798.0,367,0,0,1,Pedestrian
18,767.0,1721.0,807.0,1798.0,368,0,0,1,Pedestrian
18,767.0,1721.0,807.0,1798.0,369,0,0,1,Pedestrian
18,767.0,1717.0,807.0,1794.0,370,0,0,1,Pedestrian
18,767.0,1717.0,807.0,1794.0,371,0,0,1,Pedestrian
18,767.0,1717.0,807.0,1794.0,372,0,0,1,Pedestrian
18,767.0,1717.0,807.0,1794.0,373,0,0,1,Pedestrian
18,767.0,1713.0,807.0,1790.0,374,0,0,1,Pedestrian
18,767.0,1713.0,807.0,1790.0,375,0,0,1,Pedestrian
18,767.0,1713.0,807.0,1790.0,376,0,0,1,Pedestrian
18,767.0,1713.0,807.0,1790.0,377,0,0,1,Pedestrian
18,767.0,1709.0,807.0,1786.0,378,0,0,1,Pedestrian
18,767.0,1709.0,807.0,1786.0,379,0,0,1,Pedestrian
18,767.0,1709.0,807.0,1786.0,380,0,0,1,Pedestrian
18,767.0,1709.0,807.0,1786.0,381,0,0,1,Pedestrian
18,767.0,1705.0,807.0,1782.0,382,0,0,1,Pedestrian
18,767.0,1705.0,807.0,1782.0,383,0,0,1,Pedestrian
18,767.0,1705.0,807.0,1782.0,384,0,0,1,Pedestrian
18,767.0,1705.0,807.0,1782.0,385,0,0,1,Pedestrian
18,767.0,1701.0,807.0,1778.0,386,0,0,1,Pedestrian
18,767.0,1701.0,807.0,1778.0,387,0,0,1,Pedestrian
18,767.0,1701.0,807.0,1778.0,388,0,0,1,Pedestrian
18,767.0,1697.0,807.0,1774.0,389,0,0,1,Pedestrian
18,767.0,1697.0,807.0,1774.0,390,0,0,1,Pedestrian
18,767.0,1697.0,807.0,1774.0,391,0,0,1,Pedestrian
18,767.0,1697.0,807.0,1774.0,392,0,0,1,Pedestrian
18,767.0,1693.0,807.0,1770.0,393,0,0,1,Pedestrian
18,767.0,1693.0,807.0,1770.0,394,0,0,1,Pedestrian
18,767.0,1693.0,807.0,1770.0,395,0,0,1,Pedestrian
18,767.0,1693.0,807.0,1770.0,396,0,0,1,Pedestrian
18,767.0,1689.0,807.0,1766.0,397,0,0,1,Pedestrian
18,767.0,1689.0,807.0,1766.0,398,0,0,1,Pedestrian
18,767.0,1689.0,807.0,1766.0,399,0,0,1,Pedestrian
18,767.0,1689.0,807.0,1766.0,400,0,0,1,Pedestrian
18,767.0,1685.0,807.0,1762.0,401,0,0,1,Pedestrian
18,767.0,1685.0,807.0,1762.0,402,0,0,1,Pedestrian
18,767.0,1685.0,807.0,1762.0,403,0,0,1,Pedestrian
18,767.0,1685.0,807.0,1762.0,404,0,0,1,Pedestrian
18,767.0,1681.0,807.0,1758.0,405,0,0,1,Pedestrian
18,767.0,1681.0,807.0,1758.0,406,0,0,1,Pedestrian
18,767.0,1681.0,807.0,1758.0,407,0,0,1,Pedestrian
18,767.0,1681.0,807.0,1758.0,408,0,0,1,Pedestrian
18,767.0,1677.0,807.0,1754.0,409,0,0,1,Pedestrian
18,767.0,1677.0,807.0,1754.0,410,0,0,1,Pedestrian
18,767.0,1677.0,807.0,1754.0,411,0,0,1,Pedestrian
18,767.0,1673.0,807.0,1750.0,412,0,0,1,Pedestrian
18,767.0,1673.0,807.0,1750.0,413,0,0,1,Pedestrian
18,767.0,1673.0,807.0,1750.0,414,0,0,1,Pedestrian
18,767.0,1673.0,807.0,1750.0,415,0,0,1,Pedestrian
18,767.0,1669.0,807.0,1746.0,416,0,0,1,Pedestrian
18,767.0,1669.0,807.0,1746.0,417,0,0,1,Pedestrian
18,767.0,1669.0,807.0,1746.0,418,0,0,1,Pedestrian
18,767.0,1669.0,807.0,1746.0,419,0,0,1,Pedestrian
18,767.0,1665.0,807.0,1741.0,420,0,0,1,Pedestrian
18,767.0,1665.0,807.0,1741.0,421,0,0,1,Pedestrian
18,767.0,1665.0,807.0,1741.0,422,0,0,1,Pedestrian
18,767.0,1665.0,807.0,1741.0,423,0,0,1,Pedestrian
18,767.0,1661.0,807.0,1737.0,424,0,0,1,Pedestrian
18,767.0,1661.0,807.0,1737.0,425,0,0,1,Pedestrian
18,767.0,1661.0,807.0,1737.0,426,0,0,1,Pedestrian
18,767.0,1661.0,807.0,1737.0,427,0,0,1,Pedestrian
18,767.0,1657.0,807.0,1733.0,428,0,0,1,Pedestrian
18,767.0,1657.0,807.0,1733.0,429,0,0,1,Pedestrian
18,767.0,1657.0,807.0,1733.0,430,0,0,1,Pedestrian
18,767.0,1657.0,807.0,1733.0,431,0,0,1,Pedestrian
18,767.0,1653.0,807.0,1729.0,432,0,0,1,Pedestrian
18,767.0,1653.0,807.0,1729.0,433,0,0,1,Pedestrian
18,767.0,1653.0,807.0,1729.0,434,0,0,1,Pedestrian
18,767.0,1649.0,807.0,1725.0,435,0,0,1,Pedestrian
18,767.0,1649.0,807.0,1725.0,436,0,0,1,Pedestrian
18,767.0,1649.0,807.0,1725.0,437,0,0,1,Pedestrian
18,767.0,1649.0,807.0,1725.0,438,0,0,1,Pedestrian
18,767.0,1644.0,807.0,1721.0,439,0,0,1,Pedestrian
18,767.0,1644.0,807.0,1721.0,440,0,0,1,Pedestrian
18,767.0,1644.0,807.0,1721.0,441,0,0,1,Pedestrian
18,767.0,1644.0,807.0,1721.0,442,0,0,1,Pedestrian
18,767.0,1640.0,807.0,1717.0,443,0,0,1,Pedestrian
18,767.0,1640.0,807.0,1717.0,444,0,0,1,Pedestrian
18,767.0,1640.0,807.0,1717.0,445,0,0,1,Pedestrian
18,767.0,1640.0,807.0,1717.0,446,0,0,1,Pedestrian
18,767.0,1636.0,807.0,1713.0,447,0,0,1,Pedestrian
18,767.0,1636.0,807.0,1713.0,448,0,0,1,Pedestrian
18,767.0,1636.0,807.0,1713.0,449,0,0,1,Pedestrian
18,767.0,1636.0,807.0,1713.0,450,0,0,1,Pedestrian
18,767.0,1632.0,807.0,1709.0,451,0,0,1,Pedestrian
18,767.0,1632.0,807.0,1709.0,452,0,0,1,Pedestrian
18,767.0,1632.0,807.0,1709.0,453,0,0,1,Pedestrian
18,767.0,1632.0,807.0,1709.0,454,0,0,1,Pedestrian
18,767.0,1628.0,807.0,1705.0,455,0,0,1,Pedestrian
18,767.0,1628.0,807.0,1705.0,456,0,0,1,Pedestrian
18,767.0,1628.0,807.0,1705.0,457,0,0,1,Pedestrian
18,767.0,1624.0,807.0,1701.0,458,0,0,1,Pedestrian
18,767.0,1624.0,807.0,1701.0,459,0,0,1,Pedestrian
18,767.0,1624.0,807.0,1701.0,460,0,0,1,Pedestrian
18,767.0,1624.0,807.0,1701.0,461,0,0,1,Pedestrian
18,767.0,1620.0,807.0,1697.0,462,0,0,1,Pedestrian
18,767.0,1620.0,807.0,1697.0,463,0,0,1,Pedestrian
18,767.0,1620.0,807.0,1697.0,464,0,0,1,Pedestrian
18,767.0,1620.0,807.0,1697.0,465,0,0,1,Pedestrian
18,767.0,1616.0,807.0,1693.0,466,0,0,1,Pedestrian
18,767.0,1616.0,807.0,1693.0,467,0,0,1,Pedestrian
18,767.0,1616.0,807.0,1693.0,468,0,0,1,Pedestrian
18,767.0,1616.0,807.0,1693.0,469,0,0,1,Pedestrian
18,767.0,1612.0,807.0,1689.0,470,0,0,1,Pedestrian
18,767.0,1612.0,807.0,1689.0,471,0,0,1,Pedestrian
18,767.0,1612.0,807.0,1689.0,472,0,0,1,Pedestrian
18,767.0,1612.0,807.0,1689.0,473,0,0,1,Pedestrian
18,767.0,1608.0,807.0,1685.0,474,0,0,1,Pedestrian
18,767.0,1608.0,807.0,1685.0,475,0,0,1,Pedestrian
18,767.0,1608.0,807.0,1685.0,476,0,0,1,Pedestrian
18,767.0,1608.0,807.0,1685.0,477,0,0,1,Pedestrian
18,767.0,1604.0,807.0,1681.0,478,0,0,1,Pedestrian
18,767.0,1604.0,807.0,1681.0,479,0,0,1,Pedestrian
18,767.0,1604.0,807.0,1681.0,480,0,0,1,Pedestrian
18,767.0,1600.0,807.0,1677.0,481,0,0,1,Pedestrian
18,767.0,1600.0,807.0,1677.0,482,0,0,1,Pedestrian
18,767.0,1600.0,807.0,1677.0,483,0,0,1,Pedestrian
18,767.0,1600.0,807.0,1677.0,484,0,0,1,Pedestrian
18,767.0,1596.0,807.0,1673.0,485,0,0,1,Pedestrian
18,767.0,1596.0,807.0,1673.0,486,0,0,1,Pedestrian
18,767.0,1596.0,807.0,1673.0,487,0,0,1,Pedestrian
18,767.0,1596.0,807.0,1673.0,488,0,0,1,Pedestrian
18,767.0,1592.0,807.0,1669.0,489,0,0,1,Pedestrian
18,767.0,1592.0,807.0,1669.0,490,0,0,1,Pedestrian
18,767.0,1592.0,807.0,1669.0,491,0,0,1,Pedestrian
18,767.0,1592.0,807.0,1669.0,492,0,0,1,Pedestrian
18,767.0,1588.0,807.0,1665.0,493,0,0,1,Pedestrian
18,767.0,1588.0,807.0,1665.0,494,0,0,1,Pedestrian
18,767.0,1588.0,807.0,1665.0,495,0,0,1,Pedestrian
18,767.0,1588.0,807.0,1665.0,496,0,0,1,Pedestrian
18,767.0,1584.0,807.0,1661.0,497,0,0,1,Pedestrian
18,767.0,1584.0,807.0,1661.0,498,0,0,1,Pedestrian
18,767.0,1584.0,807.0,1661.0,499,0,0,1,Pedestrian
18,767.0,1584.0,807.0,1661.0,500,0,0,0,Pedestrian
18,765.0,1580.0,807.0,1661.0,501,0,0,1,Pedestrian
18,765.0,1580.0,807.0,1661.0,502,0,0,1,Pedestrian
18,765.0,1576.0,809.0,1661.0,503,0,0,1,Pedestrian
18,765.0,1576.0,809.0,1661.0,504,0,0,1,Pedestrian
18,765.0,1572.0,811.0,1661.0,505,0,0,1,Pedestrian
18,765.0,1572.0,811.0,1661.0,506,0,0,1,Pedestrian
18,763.0,1568.0,811.0,1665.0,507,0,0,1,Pedestrian
18,763.0,1568.0,813.0,1665.0,508,0,0,1,Pedestrian
18,763.0,1564.0,813.0,1665.0,509,0,0,1,Pedestrian
18,763.0,1564.0,815.0,1665.0,510,0,0,1,Pedestrian
18,763.0,1564.0,815.0,1665.0,511,0,0,1,Pedestrian
18,763.0,1560.0,815.0,1665.0,512,0,0,1,Pedestrian
18,763.0,1560.0,817.0,1665.0,513,0,0,1,Pedestrian
18,761.0,1556.0,817.0,1669.0,514,0,0,1,Pedestrian
18,761.0,1556.0,819.0,1669.0,515,0,0,1,Pedestrian
18,761.0,1552.0,819.0,1669.0,516,0,0,1,Pedestrian
18,761.0,1552.0,819.0,1669.0,517,0,0,1,Pedestrian
18,761.0,1547.0,821.0,1669.0,518,0,0,1,Pedestrian
18,761.0,1547.0,821.0,1669.0,519,0,0,1,Pedestrian
18,761.0,1547.0,823.0,1673.0,520,0,0,0,Pedestrian
18,759.0,1543.0,821.0,1669.0,521,0,0,1,Pedestrian
18,759.0,1543.0,821.0,1669.0,522,0,0,1,Pedestrian
18,759.0,1539.0,821.0,1665.0,523,0,0,1,Pedestrian
18,759.0,1539.0,821.0,1665.0,524,0,0,1,Pedestrian
18,759.0,1539.0,821.0,1665.0,525,0,0,1,Pedestrian
18,759.0,1535.0,821.0,1661.0,526,0,0,1,Pedestrian
18,757.0,1535.0,819.0,1661.0,527,0,0,1,Pedestrian
18,757.0,1531.0,819.0,1657.0,528,0,0,1,Pedestrian
18,757.0,1531.0,819.0,1657.0,529,0,0,1,Pedestrian
18,757.0,1531.0,819.0,1657.0,530,0,0,1,Pedestrian
18,757.0,1527.0,819.0,1653.0,531,0,0,1,Pedestrian
18,757.0,1527.0,819.0,1653.0,532,0,0,1,Pedestrian
18,757.0,1523.0,819.0,1649.0,533,0,0,1,Pedestrian
18,755.0,1523.0,817.0,1649.0,534,0,0,1,Pedestrian
18,755.0,1523.0,817.0,1649.0,535,0,0,1,Pedestrian
18,755.0,1519.0,817.0,1644.0,536,0,0,1,Pedestrian
18,755.0,1519.0,817.0,1644.0,537,0,0,1,Pedestrian
18,755.0,1515.0,817.0,1640.0,538,0,0,1,Pedestrian
18,755.0,1515.0,817.0,1640.0,539,0,0,1,Pedestrian
18,755.0,1515.0,817.0,1640.0,540,0,0,0,Pedestrian
18,753.0,1511.0,815.0,1636.0,541,0,0,1,Pedestrian
18,753.0,1511.0,815.0,1636.0,542,0,0,1,Pedestrian
18,753.0,1511.0,815.0,1636.0,543,0,0,1,Pedestrian
18,753.0,1511.0,815.0,1636.0,544,0,0,1,Pedestrian
18,753.0,1507.0,815.0,1632.0,545,0,0,1,Pedestrian
18,751.0,1507.0,813.0,1632.0,546,0,0,1,Pedestrian
18,751.0,1507.0,813.0,1632.0,547,0,0,1,Pedestrian
18,751.0,1507.0,813.0,1632.0,548,0,0,1,Pedestrian
18,751.0,1507.0,813.0,1632.0,549,0,0,1,Pedestrian
18,751.0,1503.0,813.0,1628.0,550,0,0,1,Pedestrian
18,751.0,1503.0,813.0,1628.0,551,0,0,1,Pedestrian
18,749.0,1503.0,811.0,1628.0,552,0,0,1,Pedestrian
18,749.0,1503.0,811.0,1628.0,553,0,0,1,Pedestrian
18,749.0,1503.0,811.0,1628.0,554,0,0,1,Pedestrian
18,749.0,1499.0,811.0,1624.0,555,0,0,1,Pedestrian
18,749.0,1499.0,811.0,1624.0,556,0,0,1,Pedestrian
18,747.0,1499.0,809.0,1624.0,557,0,0,1,Pedestrian
18,747.0,1499.0,809.0,1624.0,558,0,0,1,Pedestrian
18,747.0,1495.0,809.0,1620.0,559,0,0,1,Pedestrian
18,747.0,1495.0,809.0,1620.0,560,0,0,1,Pedestrian
18,747.0,1495.0,809.0,1620.0,561,0,0,1,Pedestrian
18,747.0,1495.0,809.0,1620.0,562,0,0,1,Pedestrian
18,745.0,1495.0,807.0,1620.0,563,0,0,1,Pedestrian
18,745.0,1491.0,807.0,1616.0,564,0,0,1,Pedestrian
18,745.0,1491.0,807.0,1616.0,565,0,0,1,Pedestrian
18,745.0,1491.0,807.0,1616.0,566,0,0,1,Pedestrian
18,745.0,1491.0,807.0,1616.0,567,0,0,1,Pedestrian
18,743.0,1491.0,805.0,1616.0,568,0,0,1,Pedestrian
18,743.0,1487.0,805.0,1612.0,569,0,0,1,Pedestrian
18,743.0,1487.0,805.0,1612.0,570,0,0,1,Pedestrian
18,743.0,1487.0,805.0,1612.0,571,0,0,1,Pedestrian
18,743.0,1487.0,805.0,1612.0,572,0,0,1,Pedestrian
18,743.0,1487.0,805.0,1612.0,573,0,0,0,Pedestrian
19,1198.0,788.0,1232.0,860.0,0,0,0,0,Pedestrian
19,1196.0,784.0,1230.0,856.0,1,0,0,1,Pedestrian
19,1194.0,784.0,1228.0,856.0,2,0,0,1,Pedestrian
19,1194.0,784.0,1228.0,856.0,3,0,0,1,Pedestrian
19,1192.0,784.0,1226.0,856.0,4,0,0,1,Pedestrian
19,1192.0,784.0,1226.0,856.0,5,0,0,1,Pedestrian
19,1190.0,784.0,1224.0,856.0,6,0,0,1,Pedestrian
19,1190.0,784.0,1224.0,856.0,7,0,0,1,Pedestrian
19,1188.0,784.0,1222.0,856.0,8,0,0,1,Pedestrian
19,1188.0,784.0,1222.0,856.0,9,0,0,1,Pedestrian
19,1186.0,784.0,1220.0,856.0,10,0,0,1,Pedestrian
19,1184.0,784.0,1218.0,856.0,11,0,0,1,Pedestrian
19,1184.0,784.0,1218.0,856.0,12,0,0,1,Pedestrian
19,1182.0,784.0,1216.0,856.0,13,0,0,1,Pedestrian
19,1182.0,784.0,1216.0,856.0,14,0,0,1,Pedestrian
19,1180.0,784.0,1214.0,856.0,15,0,0,1,Pedestrian
19,1180.0,784.0,1214.0,856.0,16,0,0,1,Pedestrian
19,1178.0,784.0,1212.0,856.0,17,0,0,1,Pedestrian
19,1178.0,784.0,1212.0,856.0,18,0,0,1,Pedestrian
19,1176.0,784.0,1210.0,856.0,19,0,0,1,Pedestrian
19,1174.0,784.0,1208.0,856.0,20,0,0,1,Pedestrian
19,1174.0,784.0,1208.0,856.0,21,0,0,1,Pedestrian
19,1172.0,784.0,1206.0,856.0,22,0,0,1,Pedestrian
19,1172.0,784.0,1206.0,856.0,23,0,0,1,Pedestrian
19,1170.0,784.0,1204.0,856.0,24,0,0,1,Pedestrian
19,1170.0,784.0,1204.0,856.0,25,0,0,1,Pedestrian
19,1168.0,784.0,1202.0,856.0,26,0,0,1,Pedestrian
19,1168.0,784.0,1202.0,856.0,27,0,0,1,Pedestrian
19,1166.0,784.0,1200.0,856.0,28,0,0,1,Pedestrian
19,1164.0,784.0,1198.0,856.0,29,0,0,1,Pedestrian
19,1164.0,784.0,1198.0,856.0,30,0,0,1,Pedestrian
19,1162.0,784.0,1196.0,856.0,31,0,0,1,Pedestrian
19,1162.0,784.0,1196.0,856.0,32,0,0,1,Pedestrian
19,1160.0,784.0,1194.0,856.0,33,0,0,1,Pedestrian
19,1160.0,784.0,1194.0,856.0,34,0,0,1,Pedestrian
19,1157.0,784.0,1192.0,856.0,35,0,0,1,Pedestrian
19,1157.0,784.0,1192.0,856.0,36,0,0,1,Pedestrian
19,1155.0,784.0,1190.0,856.0,37,0,0,1,Pedestrian
19,1153.0,784.0,1188.0,856.0,38,0,0,1,Pedestrian
19,1153.0,784.0,1188.0,856.0,39,0,0,1,Pedestrian
19,1151.0,784.0,1186.0,856.0,40,0,0,1,Pedestrian
19,1151.0,784.0,1186.0,856.0,41,0,0,1,Pedestrian
19,1149.0,784.0,1184.0,856.0,42,0,0,1,Pedestrian
19,1149.0,784.0,1184.0,856.0,43,0,0,1,Pedestrian
19,1147.0,784.0,1182.0,856.0,44,0,0,1,Pedestrian
19,1147.0,784.0,1182.0,856.0,45,0,0,1,Pedestrian
19,1145.0,784.0,1180.0,856.0,46,0,0,1,Pedestrian
19,1143.0,784.0,1178.0,856.0,47,0,0,1,Pedestrian
19,1143.0,784.0,1178.0,856.0,48,0,0,1,Pedestrian
19,1141.0,784.0,1176.0,856.0,49,0,0,1,Pedestrian
19,1141.0,784.0,1176.0,856.0,50,0,0,1,Pedestrian
19,1139.0,784.0,1174.0,856.0,51,0,0,1,Pedestrian
19,1139.0,784.0,1174.0,856.0,52,0,0,1,Pedestrian
19,1137.0,784.0,1172.0,856.0,53,0,0,1,Pedestrian
19,1137.0,784.0,1172.0,856.0,54,0,0,1,Pedestrian
19,1135.0,784.0,1170.0,856.0,55,0,0,1,Pedestrian
19,1135.0,784.0,1170.0,856.0,56,0,0,1,Pedestrian
19,1133.0,784.0,1168.0,856.0,57,0,0,1,Pedestrian
19,1131.0,784.0,1166.0,856.0,58,0,0,1,Pedestrian
19,1131.0,784.0,1166.0,856.0,59,0,0,1,Pedestrian
19,1129.0,784.0,1164.0,856.0,60,0,0,1,Pedestrian
19,1129.0,784.0,1164.0,856.0,61,0,0,1,Pedestrian
19,1127.0,784.0,1162.0,856.0,62,0,0,1,Pedestrian
19,1127.0,784.0,1162.0,856.0,63,0,0,1,Pedestrian
19,1125.0,784.0,1160.0,856.0,64,0,0,1,Pedestrian
19,1125.0,784.0,1160.0,856.0,65,0,0,1,Pedestrian
19,1123.0,784.0,1157.0,856.0,66,0,0,1,Pedestrian
19,1121.0,784.0,1155.0,856.0,67,0,0,1,Pedestrian
19,1121.0,784.0,1155.0,856.0,68,0,0,1,Pedestrian
19,1119.0,784.0,1153.0,856.0,69,0,0,1,Pedestrian
19,1119.0,784.0,1153.0,856.0,70,0,0,1,Pedestrian
19,1117.0,784.0,1151.0,856.0,71,0,0,1,Pedestrian
19,1117.0,784.0,1151.0,856.0,72,0,0,1,Pedestrian
19,1115.0,784.0,1149.0,856.0,73,0,0,1,Pedestrian
19,1115.0,784.0,1149.0,856.0,74,0,0,1,Pedestrian
19,1113.0,784.0,1147.0,856.0,75,0,0,1,Pedestrian
19,1111.0,784.0,1145.0,856.0,76,0,0,1,Pedestrian
19,1111.0,784.0,1145.0,856.0,77,0,0,1,Pedestrian
19,1109.0,784.0,1143.0,856.0,78,0,0,1,Pedestrian
19,1109.0,784.0,1143.0,856.0,79,0,0,1,Pedestrian
19,1107.0,784.0,1141.0,856.0,80,0,0,1,Pedestrian
19,1107.0,784.0,1141.0,856.0,81,0,0,1,Pedestrian
19,1105.0,784.0,1139.0,856.0,82,0,0,1,Pedestrian
19,1105.0,784.0,1139.0,856.0,83,0,0,1,Pedestrian
19,1103.0,784.0,1137.0,856.0,84,0,0,1,Pedestrian
19,1101.0,784.0,1135.0,856.0,85,0,0,1,Pedestrian
19,1101.0,784.0,1135.0,856.0,86,0,0,1,Pedestrian
19,1099.0,784.0,1133.0,856.0,87,0,0,1,Pedestrian
19,1099.0,784.0,1133.0,856.0,88,0,0,1,Pedestrian
19,1097.0,784.0,1131.0,856.0,89,0,0,1,Pedestrian
19,1097.0,784.0,1131.0,856.0,90,0,0,1,Pedestrian
19,1095.0,784.0,1129.0,856.0,91,0,0,1,Pedestrian
19,1095.0,784.0,1129.0,856.0,92,0,0,1,Pedestrian
19,1093.0,784.0,1127.0,856.0,93,0,0,1,Pedestrian
19,1091.0,780.0,1125.0,852.0,94,0,0,1,Pedestrian
19,1091.0,780.0,1125.0,852.0,95,0,0,1,Pedestrian
19,1089.0,780.0,1123.0,852.0,96,0,0,1,Pedestrian
19,1089.0,780.0,1123.0,852.0,97,0,0,1,Pedestrian
19,1087.0,780.0,1121.0,852.0,98,0,0,1,Pedestrian
19,1087.0,780.0,1121.0,852.0,99,0,0,1,Pedestrian
19,1085.0,780.0,1119.0,852.0,100,0,0,1,Pedestrian
19,1085.0,780.0,1119.0,852.0,101,0,0,1,Pedestrian
19,1083.0,780.0,1117.0,852.0,102,0,0,1,Pedestrian
19,1081.0,780.0,1115.0,852.0,103,0,0,1,Pedestrian
19,1081.0,780.0,1115.0,852.0,104,0,0,1,Pedestrian
19,1079.0,780.0,1113.0,852.0,105,0,0,1,Pedestrian
19,1079.0,780.0,1113.0,852.0,106,0,0,1,Pedestrian
19,1077.0,780.0,1111.0,852.0,107,0,0,1,Pedestrian
19,1077.0,780.0,1111.0,852.0,108,0,0,1,Pedestrian
19,1075.0,780.0,1109.0,852.0,109,0,0,1,Pedestrian
19,1075.0,780.0,1109.0,852.0,110,0,0,1,Pedestrian
19,1073.0,780.0,1107.0,852.0,111,0,0,1,Pedestrian
19,1073.0,780.0,1107.0,852.0,112,0,0,1,Pedestrian
19,1071.0,780.0,1105.0,852.0,113,0,0,1,Pedestrian
19,1069.0,780.0,1103.0,852.0,114,0,0,1,Pedestrian
19,1069.0,780.0,1103.0,852.0,115,0,0,1,Pedestrian
19,1067.0,780.0,1101.0,852.0,116,0,0,1,Pedestrian
19,1067.0,780.0,1101.0,852.0,117,0,0,1,Pedestrian
19,1065.0,780.0,1099.0,852.0,118,0,0,1,Pedestrian
19,1065.0,780.0,1099.0,852.0,119,0,0,1,Pedestrian
19,1063.0,780.0,1097.0,852.0,120,0,0,1,Pedestrian
19,1063.0,780.0,1097.0,852.0,121,0,0,1,Pedestrian
19,1061.0,780.0,1095.0,852.0,122,0,0,1,Pedestrian
19,1059.0,780.0,1093.0,852.0,123,0,0,1,Pedestrian
19,1059.0,780.0,1093.0,852.0,124,0,0,1,Pedestrian
19,1057.0,780.0,1091.0,852.0,125,0,0,1,Pedestrian
19,1057.0,780.0,1091.0,852.0,126,0,0,1,Pedestrian
19,1055.0,780.0,1089.0,852.0,127,0,0,1,Pedestrian
19,1055.0,780.0,1089.0,852.0,128,0,0,1,Pedestrian
19,1053.0,780.0,1087.0,852.0,129,0,0,1,Pedestrian
19,1053.0,780.0,1087.0,852.0,130,0,0,1,Pedestrian
19,1051.0,780.0,1085.0,852.0,131,0,0,1,Pedestrian
19,1049.0,780.0,1083.0,852.0,132,0,0,1,Pedestrian
19,1049.0,780.0,1083.0,852.0,133,0,0,1,Pedestrian
19,1047.0,780.0,1081.0,852.0,134,0,0,1,Pedestrian
19,1047.0,780.0,1081.0,852.0,135,0,0,1,Pedestrian
19,1045.0,780.0,1079.0,852.0,136,0,0,1,Pedestrian
19,1045.0,780.0,1079.0,852.0,137,0,0,1,Pedestrian
19,1043.0,780.0,1077.0,852.0,138,0,0,1,Pedestrian
19,1043.0,780.0,1077.0,852.0,139,0,0,1,Pedestrian
19,1041.0,780.0,1075.0,852.0,140,0,0,1,Pedestrian
19,1039.0,780.0,1073.0,852.0,141,0,0,1,Pedestrian
19,1039.0,780.0,1073.0,852.0,142,0,0,1,Pedestrian
19,1037.0,780.0,1071.0,852.0,143,0,0,1,Pedestrian
19,1037.0,780.0,1071.0,852.0,144,0,0,1,Pedestrian
19,1035.0,780.0,1069.0,852.0,145,0,0,1,Pedestrian
19,1035.0,780.0,1069.0,852.0,146,0,0,1,Pedestrian
19,1033.0,780.0,1067.0,852.0,147,0,0,1,Pedestrian
19,1033.0,780.0,1067.0,852.0,148,0,0,1,Pedestrian
19,1031.0,780.0,1065.0,852.0,149,0,0,1,Pedestrian
19,1029.0,780.0,1063.0,852.0,150,0,0,1,Pedestrian
19,1029.0,780.0,1063.0,852.0,151,0,0,1,Pedestrian
19,1027.0,780.0,1061.0,852.0,152,0,0,1,Pedestrian
19,1027.0,780.0,1061.0,852.0,153,0,0,1,Pedestrian
19,1025.0,780.0,1059.0,852.0,154,0,0,1,Pedestrian
19,1025.0,780.0,1059.0,852.0,155,0,0,1,Pedestrian
19,1023.0,780.0,1057.0,852.0,156,0,0,1,Pedestrian
19,1023.0,780.0,1057.0,852.0,157,0,0,1,Pedestrian
19,1021.0,780.0,1055.0,852.0,158,0,0,1,Pedestrian
19,1019.0,780.0,1053.0,852.0,159,0,0,1,Pedestrian
19,1019.0,780.0,1053.0,852.0,160,0,0,1,Pedestrian
19,1017.0,780.0,1051.0,852.0,161,0,0,1,Pedestrian
19,1017.0,780.0,1051.0,852.0,162,0,0,1,Pedestrian
19,1015.0,780.0,1049.0,852.0,163,0,0,1,Pedestrian
19,1015.0,780.0,1049.0,852.0,164,0,0,1,Pedestrian
19,1012.0,780.0,1047.0,852.0,165,0,0,1,Pedestrian
19,1012.0,780.0,1047.0,852.0,166,0,0,1,Pedestrian
19,1010.0,780.0,1045.0,852.0,167,0,0,1,Pedestrian
19,1010.0,780.0,1045.0,852.0,168,0,0,1,Pedestrian
19,1008.0,780.0,1043.0,852.0,169,0,0,1,Pedestrian
19,1006.0,780.0,1041.0,852.0,170,0,0,1,Pedestrian
19,1006.0,780.0,1041.0,852.0,171,0,0,1,Pedestrian
19,1004.0,780.0,1039.0,852.0,172,0,0,1,Pedestrian
19,1004.0,780.0,1039.0,852.0,173,0,0,1,Pedestrian
19,1002.0,780.0,1037.0,852.0,174,0,0,1,Pedestrian
19,1002.0,780.0,1037.0,852.0,175,0,0,1,Pedestrian
19,1000.0,780.0,1035.0,852.0,176,0,0,1,Pedestrian
19,1000.0,780.0,1035.0,852.0,177,0,0,1,Pedestrian
19,998.0,780.0,1033.0,852.0,178,0,0,1,Pedestrian
19,996.0,780.0,1031.0,852.0,179,0,0,1,Pedestrian
19,996.0,780.0,1031.0,852.0,180,0,0,1,Pedestrian
19,994.0,780.0,1029.0,852.0,181,0,0,1,Pedestrian
19,994.0,780.0,1029.0,852.0,182,0,0,1,Pedestrian
19,992.0,780.0,1027.0,852.0,183,0,0,1,Pedestrian
19,992.0,780.0,1027.0,852.0,184,0,0,1,Pedestrian
19,990.0,780.0,1025.0,852.0,185,0,0,1,Pedestrian
19,990.0,780.0,1025.0,852.0,186,0,0,1,Pedestrian
19,988.0,776.0,1023.0,848.0,187,0,0,1,Pedestrian
19,986.0,776.0,1021.0,848.0,188,0,0,1,Pedestrian
19,986.0,776.0,1021.0,848.0,189,0,0,1,Pedestrian
19,984.0,776.0,1019.0,848.0,190,0,0,1,Pedestrian
19,984.0,776.0,1019.0,848.0,191,0,0,1,Pedestrian
19,982.0,776.0,1017.0,848.0,192,0,0,1,Pedestrian
19,982.0,776.0,1017.0,848.0,193,0,0,1,Pedestrian
19,980.0,776.0,1015.0,848.0,194,0,0,1,Pedestrian
19,980.0,776.0,1015.0,848.0,195,0,0,1,Pedestrian
19,978.0,776.0,1012.0,848.0,196,0,0,1,Pedestrian
19,976.0,776.0,1010.0,848.0,197,0,0,1,Pedestrian
19,976.0,776.0,1010.0,848.0,198,0,0,1,Pedestrian
19,974.0,776.0,1008.0,848.0,199,0,0,1,Pedestrian
19,974.0,776.0,1008.0,848.0,200,0,0,1,Pedestrian
19,972.0,776.0,1006.0,848.0,201,0,0,1,Pedestrian
19,972.0,776.0,1006.0,848.0,202,0,0,1,Pedestrian
19,970.0,776.0,1004.0,848.0,203,0,0,1,Pedestrian
19,970.0,776.0,1004.0,848.0,204,0,0,1,Pedestrian
19,968.0,776.0,1002.0,848.0,205,0,0,1,Pedestrian
19,966.0,776.0,1000.0,848.0,206,0,0,1,Pedestrian
19,966.0,776.0,1000.0,848.0,207,0,0,1,Pedestrian
19,964.0,776.0,998.0,848.0,208,0,0,1,Pedestrian
19,964.0,776.0,998.0,848.0,209,0,0,1,Pedestrian
19,962.0,776.0,996.0,848.0,210,0,0,1,Pedestrian
19,962.0,776.0,996.0,848.0,211,0,0,1,Pedestrian
19,960.0,776.0,994.0,848.0,212,0,0,1,Pedestrian
19,960.0,776.0,994.0,848.0,213,0,0,1,Pedestrian
19,958.0,776.0,992.0,848.0,214,0,0,1,Pedestrian
19,956.0,776.0,990.0,848.0,215,0,0,1,Pedestrian
19,956.0,776.0,990.0,848.0,216,0,0,1,Pedestrian
19,954.0,776.0,988.0,848.0,217,0,0,1,Pedestrian
19,954.0,776.0,988.0,848.0,218,0,0,1,Pedestrian
19,952.0,776.0,986.0,848.0,219,0,0,1,Pedestrian
19,952.0,776.0,986.0,848.0,220,0,0,1,Pedestrian
19,950.0,776.0,984.0,848.0,221,0,0,1,Pedestrian
19,950.0,776.0,984.0,848.0,222,0,0,1,Pedestrian
19,948.0,776.0,982.0,848.0,223,0,0,1,Pedestrian
19,948.0,776.0,982.0,848.0,224,0,0,1,Pedestrian
19,946.0,776.0,980.0,848.0,225,0,0,1,Pedestrian
19,944.0,776.0,978.0,848.0,226,0,0,1,Pedestrian
19,944.0,776.0,978.0,848.0,227,0,0,1,Pedestrian
19,942.0,776.0,976.0,848.0,228,0,0,1,Pedestrian
19,942.0,776.0,976.0,848.0,229,0,0,1,Pedestrian
19,940.0,776.0,974.0,848.0,230,0,0,1,Pedestrian
19,940.0,776.0,974.0,848.0,231,0,0,1,Pedestrian
19,938.0,776.0,972.0,848.0,232,0,0,1,Pedestrian
19,938.0,776.0,972.0,848.0,233,0,0,1,Pedestrian
19,936.0,776.0,970.0,848.0,234,0,0,1,Pedestrian
19,934.0,776.0,968.0,848.0,235,0,0,1,Pedestrian
19,934.0,776.0,968.0,848.0,236,0,0,1,Pedestrian
19,932.0,776.0,966.0,848.0,237,0,0,1,Pedestrian
19,932.0,776.0,966.0,848.0,238,0,0,1,Pedestrian
19,930.0,776.0,964.0,848.0,239,0,0,1,Pedestrian
19,930.0,776.0,964.0,848.0,240,0,0,1,Pedestrian
19,928.0,776.0,962.0,848.0,241,0,0,1,Pedestrian
19,928.0,776.0,962.0,848.0,242,0,0,1,Pedestrian
19,926.0,776.0,960.0,848.0,243,0,0,1,Pedestrian
19,924.0,776.0,958.0,848.0,244,0,0,1,Pedestrian
19,924.0,776.0,958.0,848.0,245,0,0,1,Pedestrian
19,922.0,776.0,956.0,848.0,246,0,0,1,Pedestrian
19,922.0,776.0,956.0,848.0,247,0,0,1,Pedestrian
19,920.0,776.0,954.0,848.0,248,0,0,1,Pedestrian
19,920.0,776.0,954.0,848.0,249,0,0,1,Pedestrian
19,918.0,776.0,952.0,848.0,250,0,0,1,Pedestrian
19,918.0,776.0,952.0,848.0,251,0,0,1,Pedestrian
19,916.0,776.0,950.0,848.0,252,0,0,1,Pedestrian
19,914.0,776.0,948.0,848.0,253,0,0,1,Pedestrian
19,914.0,776.0,948.0,848.0,254,0,0,1,Pedestrian
19,912.0,776.0,946.0,848.0,255,0,0,1,Pedestrian
19,912.0,776.0,946.0,848.0,256,0,0,1,Pedestrian
19,910.0,776.0,944.0,848.0,257,0,0,1,Pedestrian
19,910.0,776.0,944.0,848.0,258,0,0,1,Pedestrian
19,908.0,776.0,942.0,848.0,259,0,0,1,Pedestrian
19,908.0,776.0,942.0,848.0,260,0,0,1,Pedestrian
19,906.0,776.0,940.0,848.0,261,0,0,1,Pedestrian
19,904.0,776.0,938.0,848.0,262,0,0,1,Pedestrian
19,904.0,776.0,938.0,848.0,263,0,0,1,Pedestrian
19,902.0,776.0,936.0,848.0,264,0,0,1,Pedestrian
19,902.0,776.0,936.0,848.0,265,0,0,1,Pedestrian
19,900.0,776.0,934.0,848.0,266,0,0,1,Pedestrian
19,900.0,776.0,934.0,848.0,267,0,0,1,Pedestrian
19,898.0,776.0,932.0,848.0,268,0,0,1,Pedestrian
19,898.0,776.0,932.0,848.0,269,0,0,1,Pedestrian
19,896.0,776.0,930.0,848.0,270,0,0,1,Pedestrian
19,894.0,776.0,928.0,848.0,271,0,0,1,Pedestrian
19,894.0,776.0,928.0,848.0,272,0,0,1,Pedestrian
19,892.0,776.0,926.0,848.0,273,0,0,1,Pedestrian
19,892.0,776.0,926.0,848.0,274,0,0,1,Pedestrian
19,890.0,776.0,924.0,848.0,275,0,0,1,Pedestrian
19,890.0,776.0,924.0,848.0,276,0,0,1,Pedestrian
19,888.0,776.0,922.0,848.0,277,0,0,1,Pedestrian
19,888.0,776.0,922.0,848.0,278,0,0,1,Pedestrian
19,886.0,776.0,920.0,848.0,279,0,0,1,Pedestrian
19,886.0,776.0,920.0,848.0,280,0,0,0,Pedestrian
19,884.0,776.0,918.0,848.0,281,0,0,1,Pedestrian
19,884.0,776.0,918.0,848.0,282,0,0,1,Pedestrian
19,882.0,776.0,916.0,848.0,283,0,0,1,Pedestrian
19,882.0,776.0,916.0,848.0,284,0,0,1,Pedestrian
19,880.0,776.0,914.0,848.0,285,0,0,1,Pedestrian
19,880.0,776.0,914.0,848.0,286,0,0,1,Pedestrian
19,878.0,776.0,912.0,848.0,287,0,0,1,Pedestrian
19,878.0,776.0,912.0,848.0,288,0,0,1,Pedestrian
19,876.0,776.0,910.0,848.0,289,0,0,1,Pedestrian
19,876.0,776.0,910.0,848.0,290,0,0,1,Pedestrian
19,876.0,776.0,910.0,848.0,291,0,0,1,Pedestrian
19,874.0,776.0,908.0,848.0,292,0,0,1,Pedestrian
19,874.0,780.0,908.0,852.0,293,0,0,1,Pedestrian
19,872.0,780.0,906.0,852.0,294,0,0,1,Pedestrian
19,872.0,780.0,906.0,852.0,295,0,0,1,Pedestrian
19,870.0,780.0,904.0,852.0,296,0,0,1,Pedestrian
19,870.0,780.0,904.0,852.0,297,0,0,1,Pedestrian
19,867.0,780.0,902.0,852.0,298,0,0,1,Pedestrian
19,867.0,780.0,902.0,852.0,299,0,0,1,Pedestrian
19,867.0,780.0,902.0,852.0,300,0,0,1,Pedestrian
19,865.0,780.0,900.0,852.0,301,0,0,1,Pedestrian
19,865.0,780.0,900.0,852.0,302,0,0,1,Pedestrian
19,863.0,780.0,898.0,852.0,303,0,0,1,Pedestrian
19,863.0,780.0,898.0,852.0,304,0,0,1,Pedestrian
19,861.0,784.0,896.0,856.0,305,0,0,1,Pedestrian
19,861.0,784.0,896.0,856.0,306,0,0,1,Pedestrian
19,859.0,784.0,894.0,856.0,307,0,0,1,Pedestrian
19,859.0,784.0,894.0,856.0,308,0,0,1,Pedestrian
19,859.0,784.0,894.0,856.0,309,0,0,1,Pedestrian
19,857.0,784.0,892.0,856.0,310,0,0,1,Pedestrian
19,857.0,784.0,892.0,856.0,311,0,0,1,Pedestrian
19,855.0,784.0,890.0,856.0,312,0,0,1,Pedestrian
19,855.0,784.0,890.0,856.0,313,0,0,1,Pedestrian
19,853.0,784.0,888.0,856.0,314,0,0,1,Pedestrian
19,853.0,784.0,888.0,856.0,315,0,0,1,Pedestrian
19,851.0,784.0,886.0,856.0,316,0,0,1,Pedestrian
19,851.0,788.0,886.0,860.0,317,0,0,1,Pedestrian
19,851.0,788.0,886.0,860.0,318,0,0,1,Pedestrian
19,849.0,788.0,884.0,860.0,319,0,0,1,Pedestrian
19,849.0,788.0,884.0,860.0,320,0,0,1,Pedestrian
19,847.0,788.0,882.0,860.0,321,0,0,1,Pedestrian
19,847.0,788.0,882.0,860.0,322,0,0,1,Pedestrian
19,845.0,788.0,880.0,860.0,323,0,0,1,Pedestrian
19,845.0,788.0,880.0,860.0,324,0,0,1,Pedestrian
19,843.0,788.0,878.0,860.0,325,0,0,1,Pedestrian
19,843.0,788.0,878.0,860.0,326,0,0,1,Pedestrian
19,843.0,788.0,878.0,860.0,327,0,0,1,Pedestrian
19,841.0,788.0,876.0,860.0,328,0,0,1,Pedestrian
19,841.0,792.0,876.0,864.0,329,0,0,1,Pedestrian
19,839.0,792.0,874.0,864.0,330,0,0,1,Pedestrian
19,839.0,792.0,874.0,864.0,331,0,0,1,Pedestrian
19,837.0,792.0,872.0,864.0,332,0,0,1,Pedestrian
19,837.0,792.0,872.0,864.0,333,0,0,1,Pedestrian
19,835.0,792.0,870.0,864.0,334,0,0,1,Pedestrian
19,835.0,792.0,870.0,864.0,335,0,0,1,Pedestrian
19,835.0,792.0,870.0,864.0,336,0,0,1,Pedestrian
19,833.0,792.0,867.0,864.0,337,0,0,1,Pedestrian
19,833.0,792.0,867.0,864.0,338,0,0,1,Pedestrian
19,831.0,792.0,865.0,864.0,339,0,0,1,Pedestrian
19,831.0,792.0,865.0,864.0,340,0,0,1,Pedestrian
19,829.0,792.0,863.0,864.0,341,0,0,1,Pedestrian
19,829.0,796.0,863.0,868.0,342,0,0,1,Pedestrian
19,827.0,796.0,861.0,868.0,343,0,0,1,Pedestrian
19,827.0,796.0,861.0,868.0,344,0,0,1,Pedestrian
19,827.0,796.0,861.0,868.0,345,0,0,1,Pedestrian
19,825.0,796.0,859.0,868.0,346,0,0,1,Pedestrian
19,825.0,796.0,859.0,868.0,347,0,0,1,Pedestrian
19,823.0,796.0,857.0,868.0,348,0,0,1,Pedestrian
19,823.0,796.0,857.0,868.0,349,0,0,1,Pedestrian
19,821.0,796.0,855.0,868.0,350,0,0,1,Pedestrian
19,821.0,796.0,855.0,868.0,351,0,0,1,Pedestrian
19,819.0,796.0,853.0,868.0,352,0,0,1,Pedestrian
19,819.0,796.0,853.0,868.0,353,0,0,1,Pedestrian
19,819.0,800.0,853.0,873.0,354,0,0,1,Pedestrian
19,817.0,800.0,851.0,873.0,355,0,0,1,Pedestrian
19,817.0,800.0,851.0,873.0,356,0,0,1,Pedestrian
19,815.0,800.0,849.0,873.0,357,0,0,1,Pedestrian
19,815.0,800.0,849.0,873.0,358,0,0,1,Pedestrian
19,813.0,800.0,847.0,873.0,359,0,0,1,Pedestrian
19,813.0,800.0,847.0,873.0,360,0,0,1,Pedestrian
19,811.0,800.0,845.0,873.0,361,0,0,1,Pedestrian
19,811.0,800.0,845.0,873.0,362,0,0,1,Pedestrian
19,811.0,800.0,845.0,873.0,363,0,0,1,Pedestrian
19,809.0,800.0,843.0,873.0,364,0,0,1,Pedestrian
19,809.0,800.0,843.0,873.0,365,0,0,1,Pedestrian
19,807.0,804.0,841.0,877.0,366,0,0,1,Pedestrian
19,807.0,804.0,841.0,877.0,367,0,0,1,Pedestrian
19,805.0,804.0,839.0,877.0,368,0,0,1,Pedestrian
19,805.0,804.0,839.0,877.0,369,0,0,1,Pedestrian
19,803.0,804.0,837.0,877.0,370,0,0,1,Pedestrian
19,803.0,804.0,837.0,877.0,371,0,0,1,Pedestrian
19,803.0,804.0,837.0,877.0,372,0,0,1,Pedestrian
19,801.0,804.0,835.0,877.0,373,0,0,1,Pedestrian
19,801.0,804.0,835.0,877.0,374,0,0,1,Pedestrian
19,799.0,804.0,833.0,877.0,375,0,0,1,Pedestrian
19,799.0,804.0,833.0,877.0,376,0,0,1,Pedestrian
19,797.0,804.0,831.0,877.0,377,0,0,1,Pedestrian
19,797.0,808.0,831.0,881.0,378,0,0,1,Pedestrian
19,795.0,808.0,829.0,881.0,379,0,0,1,Pedestrian
19,795.0,808.0,829.0,881.0,380,0,0,1,Pedestrian
19,795.0,808.0,829.0,881.0,381,0,0,1,Pedestrian
19,793.0,808.0,827.0,881.0,382,0,0,1,Pedestrian
19,793.0,808.0,827.0,881.0,383,0,0,1,Pedestrian
19,791.0,808.0,825.0,881.0,384,0,0,1,Pedestrian
19,791.0,808.0,825.0,881.0,385,0,0,1,Pedestrian
19,789.0,808.0,823.0,881.0,386,0,0,1,Pedestrian
19,789.0,808.0,823.0,881.0,387,0,0,1,Pedestrian
19,787.0,808.0,821.0,881.0,388,0,0,1,Pedestrian
19,787.0,808.0,821.0,881.0,389,0,0,1,Pedestrian
19,787.0,812.0,821.0,885.0,390,0,0,0,Pedestrian
19,785.0,812.0,819.0,885.0,391,0,0,1,Pedestrian
19,785.0,812.0,819.0,885.0,392,0,0,1,Pedestrian
19,785.0,812.0,819.0,885.0,393,0,0,1,Pedestrian
19,783.0,816.0,817.0,889.0,394,0,0,1,Pedestrian
19,783.0,816.0,817.0,889.0,395,0,0,1,Pedestrian
19,783.0,816.0,817.0,889.0,396,0,0,1,Pedestrian
19,781.0,816.0,815.0,889.0,397,0,0,1,Pedestrian
19,781.0,820.0,815.0,893.0,398,0,0,1,Pedestrian
19,781.0,820.0,815.0,893.0,399,0,0,1,Pedestrian
19,781.0,820.0,815.0,893.0,400,0,0,1,Pedestrian
19,779.0,824.0,813.0,897.0,401,0,0,1,Pedestrian
19,779.0,824.0,813.0,897.0,402,0,0,1,Pedestrian
19,779.0,824.0,813.0,897.0,403,0,0,1,Pedestrian
19,777.0,824.0,811.0,897.0,404,0,0,1,Pedestrian
19,777.0,828.0,811.0,901.0,405,0,0,1,Pedestrian
19,777.0,828.0,811.0,901.0,406,0,0,1,Pedestrian
19,775.0,828.0,809.0,901.0,407,0,0,1,Pedestrian
19,775.0,828.0,809.0,901.0,408,0,0,1,Pedestrian
19,775.0,832.0,809.0,905.0,409,0,0,1,Pedestrian
19,775.0,832.0,809.0,905.0,410,0,0,1,Pedestrian
19,773.0,832.0,807.0,905.0,411,0,0,1,Pedestrian
19,773.0,836.0,807.0,909.0,412,0,0,1,Pedestrian
19,773.0,836.0,807.0,909.0,413,0,0,1,Pedestrian
19,771.0,836.0,805.0,909.0,414,0,0,1,Pedestrian
19,771.0,836.0,805.0,909.0,415,0,0,1,Pedestrian
19,771.0,840.0,805.0,913.0,416,0,0,1,Pedestrian
19,769.0,840.0,803.0,913.0,417,0,0,1,Pedestrian
19,769.0,840.0,803.0,913.0,418,0,0,1,Pedestrian
19,769.0,840.0,803.0,913.0,419,0,0,1,Pedestrian
19,769.0,844.0,803.0,917.0,420,0,0,1,Pedestrian
19,767.0,844.0,801.0,917.0,421,0,0,1,Pedestrian
19,767.0,844.0,801.0,917.0,422,0,0,1,Pedestrian
19,767.0,848.0,801.0,921.0,423,0,0,1,Pedestrian
19,765.0,848.0,799.0,921.0,424,0,0,1,Pedestrian
19,765.0,848.0,799.0,921.0,425,0,0,1,Pedestrian
19,765.0,848.0,799.0,921.0,426,0,0,1,Pedestrian
19,763.0,852.0,797.0,925.0,427,0,0,1,Pedestrian
19,763.0,852.0,797.0,925.0,428,0,0,1,Pedestrian
19,763.0,852.0,797.0,925.0,429,0,0,1,Pedestrian
19,763.0,856.0,797.0,929.0,430,0,0,0,Pedestrian
19,761.0,856.0,795.0,929.0,431,0,0,1,Pedestrian
19,761.0,856.0,795.0,929.0,432,0,0,1,Pedestrian
19,761.0,856.0,795.0,929.0,433,0,0,1,Pedestrian
19,761.0,856.0,795.0,929.0,434,0,0,1,Pedestrian
19,761.0,860.0,795.0,933.0,435,0,0,1,Pedestrian
19,761.0,860.0,795.0,933.0,436,0,0,1,Pedestrian
19,761.0,860.0,795.0,933.0,437,0,0,1,Pedestrian
19,761.0,860.0,795.0,933.0,438,0,0,1,Pedestrian
19,761.0,864.0,795.0,937.0,439,0,0,1,Pedestrian
19,761.0,864.0,795.0,937.0,440,0,0,1,Pedestrian
19,759.0,864.0,795.0,937.0,441,0,0,1,Pedestrian
19,759.0,864.0,793.0,937.0,442,0,0,1,Pedestrian
19,759.0,864.0,793.0,937.0,443,0,0,1,Pedestrian
19,759.0,868.0,793.0,941.0,444,0,0,1,Pedestrian
19,759.0,868.0,793.0,941.0,445,0,0,1,Pedestrian
19,759.0,868.0,793.0,941.0,446,0,0,1,Pedestrian
19,759.0,868.0,793.0,941.0,447,0,0,1,Pedestrian
19,759.0,873.0,793.0,945.0,448,0,0,1,Pedestrian
19,759.0,873.0,793.0,945.0,449,0,0,1,Pedestrian
19,759.0,873.0,793.0,945.0,450,0,0,1,Pedestrian
19,757.0,873.0,793.0,945.0,451,0,0,1,Pedestrian
19,757.0,877.0,793.0,949.0,452,0,0,1,Pedestrian
19,757.0,877.0,793.0,949.0,453,0,0,1,Pedestrian
19,757.0,877.0,791.0,949.0,454,0,0,1,Pedestrian
19,757.0,877.0,791.0,949.0,455,0,0,1,Pedestrian
19,757.0,877.0,791.0,949.0,456,0,0,1,Pedestrian
19,757.0,881.0,791.0,953.0,457,0,0,1,Pedestrian
19,757.0,881.0,791.0,953.0,458,0,0,1,Pedestrian
19,757.0,881.0,791.0,953.0,459,0,0,1,Pedestrian
19,757.0,881.0,791.0,953.0,460,0,0,1,Pedestrian
19,755.0,885.0,791.0,957.0,461,0,0,1,Pedestrian
19,755.0,885.0,791.0,957.0,462,0,0,1,Pedestrian
19,755.0,885.0,791.0,957.0,463,0,0,1,Pedestrian
19,755.0,885.0,791.0,957.0,464,0,0,1,Pedestrian
19,755.0,889.0,791.0,961.0,465,0,0,1,Pedestrian
19,755.0,889.0,789.0,961.0,466,0,0,1,Pedestrian
19,755.0,889.0,789.0,961.0,467,0,0,1,Pedestrian
19,755.0,889.0,789.0,961.0,468,0,0,1,Pedestrian
19,755.0,889.0,789.0,961.0,469,0,0,1,Pedestrian
19,755.0,893.0,789.0,965.0,470,0,0,1,Pedestrian
19,753.0,893.0,789.0,965.0,471,0,0,1,Pedestrian
19,753.0,893.0,789.0,965.0,472,0,0,1,Pedestrian
19,753.0,893.0,789.0,965.0,473,0,0,1,Pedestrian
19,753.0,897.0,789.0,970.0,474,0,0,1,Pedestrian
19,753.0,897.0,789.0,970.0,475,0,0,1,Pedestrian
19,753.0,897.0,789.0,970.0,476,0,0,1,Pedestrian
19,753.0,897.0,787.0,970.0,477,0,0,1,Pedestrian
19,753.0,897.0,787.0,970.0,478,0,0,1,Pedestrian
19,753.0,901.0,787.0,974.0,479,0,0,1,Pedestrian
19,753.0,901.0,787.0,974.0,480,0,0,1,Pedestrian
19,751.0,901.0,787.0,974.0,481,0,0,1,Pedestrian
19,751.0,901.0,787.0,974.0,482,0,0,1,Pedestrian
19,751.0,905.0,787.0,978.0,483,0,0,1,Pedestrian
19,751.0,905.0,787.0,978.0,484,0,0,1,Pedestrian
19,751.0,905.0,787.0,978.0,485,0,0,1,Pedestrian
19,751.0,905.0,787.0,978.0,486,0,0,1,Pedestrian
19,751.0,909.0,787.0,982.0,487,0,0,1,Pedestrian
19,751.0,909.0,787.0,982.0,488,0,0,1,Pedestrian
19,751.0,909.0,785.0,982.0,489,0,0,1,Pedestrian
19,751.0,909.0,785.0,982.0,490,0,0,1,Pedestrian
19,749.0,909.0,785.0,982.0,491,0,0,1,Pedestrian
19,749.0,913.0,785.0,986.0,492,0,0,1,Pedestrian
19,749.0,913.0,785.0,986.0,493,0,0,1,Pedestrian
19,749.0,913.0,785.0,986.0,494,0,0,1,Pedestrian
19,749.0,913.0,785.0,986.0,495,0,0,1,Pedestrian
19,749.0,917.0,785.0,990.0,496,0,0,1,Pedestrian
19,749.0,917.0,785.0,990.0,497,0,0,1,Pedestrian
19,749.0,917.0,785.0,990.0,498,0,0,1,Pedestrian
19,749.0,917.0,785.0,990.0,499,0,0,1,Pedestrian
19,749.0,921.0,785.0,994.0,500,0,0,0,Pedestrian
19,747.0,921.0,785.0,994.0,501,0,0,1,Pedestrian
19,747.0,921.0,785.0,994.0,502,0,0,1,Pedestrian
19,747.0,921.0,785.0,998.0,503,0,0,1,Pedestrian
19,747.0,925.0,785.0,998.0,504,0,0,1,Pedestrian
19,747.0,925.0,787.0,1002.0,505,0,0,1,Pedestrian
19,747.0,925.0,787.0,1002.0,506,0,0,1,Pedestrian
19,747.0,925.0,787.0,1002.0,507,0,0,1,Pedestrian
19,747.0,929.0,787.0,1006.0,508,0,0,1,Pedestrian
19,747.0,929.0,787.0,1006.0,509,0,0,1,Pedestrian
19,747.0,929.0,789.0,1010.0,510,0,0,1,Pedestrian
19,747.0,929.0,789.0,1010.0,511,0,0,1,Pedestrian
19,747.0,933.0,789.0,1010.0,512,0,0,1,Pedestrian
19,747.0,933.0,789.0,1014.0,513,0,0,1,Pedestrian
19,747.0,933.0,789.0,1014.0,514,0,0,1,Pedestrian
19,747.0,933.0,791.0,1018.0,515,0,0,1,Pedestrian
19,747.0,937.0,791.0,1018.0,516,0,0,1,Pedestrian
19,747.0,937.0,791.0,1018.0,517,0,0,1,Pedestrian
19,747.0,937.0,791.0,1022.0,518,0,0,1,Pedestrian
19,747.0,937.0,791.0,1022.0,519,0,0,1,Pedestrian
19,747.0,941.0,793.0,1026.0,520,0,0,0,Pedestrian
19,745.0,941.0,791.0,1026.0,521,0,0,1,Pedestrian
19,745.0,941.0,791.0,1026.0,522,0,0,1,Pedestrian
19,745.0,945.0,791.0,1030.0,523,0,0,1,Pedestrian
19,745.0,945.0,791.0,1030.0,524,0,0,1,Pedestrian
19,745.0,949.0,791.0,1034.0,525,0,0,1,Pedestrian
19,745.0,949.0,791.0,1034.0,526,0,0,1,Pedestrian
19,745.0,949.0,791.0,1034.0,527,0,0,1,Pedestrian
19,745.0,953.0,791.0,1038.0,528,0,0,1,Pedestrian
19,745.0,953.0,791.0,1038.0,529,0,0,1,Pedestrian
19,745.0,957.0,791.0,1042.0,530,0,0,1,Pedestrian
19,745.0,957.0,791.0,1042.0,531,0,0,1,Pedestrian
19,745.0,957.0,791.0,1042.0,532,0,0,1,Pedestrian
19,745.0,961.0,791.0,1046.0,533,0,0,1,Pedestrian
19,745.0,961.0,791.0,1046.0,534,0,0,1,Pedestrian
19,745.0,965.0,791.0,1050.0,535,0,0,1,Pedestrian
19,745.0,965.0,791.0,1050.0,536,0,0,1,Pedestrian
19,745.0,965.0,791.0,1050.0,537,0,0,1,Pedestrian
19,745.0,970.0,791.0,1054.0,538,0,0,1,Pedestrian
19,745.0,970.0,791.0,1054.0,539,0,0,1,Pedestrian
19,745.0,974.0,791.0,1058.0,540,0,0,0,Pedestrian
19,745.0,974.0,791.0,1058.0,541,0,0,1,Pedestrian
19,745.0,974.0,791.0,1058.0,542,0,0,1,Pedestrian
19,745.0,974.0,791.0,1058.0,543,0,0,1,Pedestrian
19,745.0,974.0,791.0,1058.0,544,0,0,1,Pedestrian
19,745.0,974.0,791.0,1058.0,545,0,0,1,Pedestrian
19,745.0,974.0,791.0,1058.0,546,0,0,1,Pedestrian
19,745.0,978.0,791.0,1062.0,547,0,0,1,Pedestrian
19,745.0,978.0,791.0,1062.0,548,0,0,1,Pedestrian
19,745.0,978.0,791.0,1062.0,549,0,0,1,Pedestrian
19,745.0,978.0,791.0,1062.0,550,0,0,1,Pedestrian
19,745.0,978.0,791.0,1062.0,551,0,0,1,Pedestrian
19,745.0,978.0,791.0,1062.0,552,0,0,1,Pedestrian
19,745.0,978.0,791.0,1062.0,553,0,0,1,Pedestrian
19,745.0,982.0,791.0,1067.0,554,0,0,1,Pedestrian
19,745.0,982.0,791.0,1067.0,555,0,0,1,Pedestrian
19,745.0,982.0,791.0,1067.0,556,0,0,1,Pedestrian
19,745.0,982.0,791.0,1067.0,557,0,0,1,Pedestrian
19,745.0,982.0,791.0,1067.0,558,0,0,1,Pedestrian
19,745.0,982.0,791.0,1067.0,559,0,0,1,Pedestrian
19,745.0,986.0,791.0,1071.0,560,0,0,0,Pedestrian
19,743.0,986.0,789.0,1071.0,561,0,0,1,Pedestrian
19,743.0,986.0,789.0,1071.0,562,0,0,1,Pedestrian
19,743.0,986.0,789.0,1071.0,563,0,0,1,Pedestrian
19,743.0,990.0,789.0,1075.0,564,0,0,1,Pedestrian
19,743.0,990.0,789.0,1075.0,565,0,0,1,Pedestrian
19,743.0,990.0,789.0,1075.0,566,0,0,1,Pedestrian
19,743.0,994.0,789.0,1079.0,567,0,0,1,Pedestrian
19,743.0,994.0,789.0,1079.0,568,0,0,1,Pedestrian
19,743.0,994.0,789.0,1079.0,569,0,0,1,Pedestrian
19,743.0,998.0,789.0,1083.0,570,0,0,1,Pedestrian
19,743.0,998.0,789.0,1083.0,571,0,0,1,Pedestrian
19,743.0,998.0,789.0,1083.0,572,0,0,1,Pedestrian
19,743.0,1002.0,789.0,1087.0,573,0,0,0,Pedestrian
20,1194.0,755.0,1230.0,820.0,0,0,0,0,Pedestrian
20,1192.0,755.0,1228.0,820.0,1,0,0,1,Pedestrian
20,1190.0,755.0,1226.0,820.0,2,0,0,1,Pedestrian
20,1190.0,755.0,1226.0,820.0,3,0,0,1,Pedestrian
20,1188.0,755.0,1224.0,820.0,4,0,0,1,Pedestrian
20,1188.0,755.0,1224.0,820.0,5,0,0,1,Pedestrian
20,1186.0,755.0,1222.0,820.0,6,0,0,1,Pedestrian
20,1186.0,755.0,1222.0,820.0,7,0,0,1,Pedestrian
20,1184.0,755.0,1220.0,820.0,8,0,0,1,Pedestrian
20,1182.0,755.0,1218.0,820.0,9,0,0,1,Pedestrian
20,1182.0,755.0,1218.0,820.0,10,0,0,1,Pedestrian
20,1180.0,755.0,1216.0,820.0,11,0,0,1,Pedestrian
20,1180.0,755.0,1216.0,820.0,12,0,0,1,Pedestrian
20,1178.0,755.0,1214.0,820.0,13,0,0,1,Pedestrian
20,1178.0,755.0,1214.0,820.0,14,0,0,1,Pedestrian
20,1176.0,755.0,1212.0,820.0,15,0,0,1,Pedestrian
20,1176.0,755.0,1212.0,820.0,16,0,0,1,Pedestrian
20,1174.0,755.0,1210.0,820.0,17,0,0,1,Pedestrian
20,1172.0,755.0,1208.0,820.0,18,0,0,1,Pedestrian
20,1172.0,755.0,1208.0,820.0,19,0,0,1,Pedestrian
20,1170.0,755.0,1206.0,820.0,20,0,0,1,Pedestrian
20,1170.0,755.0,1206.0,820.0,21,0,0,1,Pedestrian
20,1168.0,755.0,1204.0,820.0,22,0,0,1,Pedestrian
20,1168.0,755.0,1204.0,820.0,23,0,0,1,Pedestrian
20,1166.0,755.0,1202.0,820.0,24,0,0,1,Pedestrian
20,1166.0,755.0,1202.0,820.0,25,0,0,1,Pedestrian
20,1164.0,755.0,1200.0,820.0,26,0,0,1,Pedestrian
20,1162.0,755.0,1198.0,820.0,27,0,0,1,Pedestrian
20,1162.0,755.0,1198.0,820.0,28,0,0,1,Pedestrian
20,1160.0,755.0,1196.0,820.0,29,0,0,1,Pedestrian
20,1160.0,755.0,1196.0,820.0,30,0,0,1,Pedestrian
20,1157.0,755.0,1194.0,820.0,31,0,0,1,Pedestrian
20,1157.0,755.0,1194.0,820.0,32,0,0,1,Pedestrian
20,1155.0,755.0,1192.0,820.0,33,0,0,1,Pedestrian
20,1155.0,755.0,1192.0,820.0,34,0,0,1,Pedestrian
20,1153.0,755.0,1190.0,820.0,35,0,0,1,Pedestrian
20,1151.0,755.0,1188.0,820.0,36,0,0,1,Pedestrian
20,1151.0,755.0,1188.0,820.0,37,0,0,1,Pedestrian
20,1149.0,755.0,1186.0,820.0,38,0,0,1,Pedestrian
20,1149.0,755.0,1186.0,820.0,39,0,0,1,Pedestrian
20,1147.0,755.0,1184.0,820.0,40,0,0,1,Pedestrian
20,1147.0,755.0,1184.0,820.0,41,0,0,1,Pedestrian
20,1145.0,755.0,1182.0,820.0,42,0,0,1,Pedestrian
20,1145.0,755.0,1182.0,820.0,43,0,0,1,Pedestrian
20,1143.0,755.0,1180.0,820.0,44,0,0,1,Pedestrian
20,1141.0,755.0,1178.0,820.0,45,0,0,1,Pedestrian
20,1141.0,755.0,1178.0,820.0,46,0,0,1,Pedestrian
20,1139.0,755.0,1176.0,820.0,47,0,0,1,Pedestrian
20,1139.0,755.0,1176.0,820.0,48,0,0,1,Pedestrian
20,1137.0,755.0,1174.0,820.0,49,0,0,1,Pedestrian
20,1137.0,755.0,1174.0,820.0,50,0,0,1,Pedestrian
20,1135.0,755.0,1172.0,820.0,51,0,0,1,Pedestrian
20,1135.0,755.0,1172.0,820.0,52,0,0,1,Pedestrian
20,1133.0,755.0,1170.0,820.0,53,0,0,1,Pedestrian
20,1131.0,755.0,1168.0,820.0,54,0,0,1,Pedestrian
20,1131.0,755.0,1168.0,820.0,55,0,0,1,Pedestrian
20,1129.0,755.0,1166.0,820.0,56,0,0,1,Pedestrian
20,1129.0,755.0,1166.0,820.0,57,0,0,1,Pedestrian
20,1127.0,755.0,1164.0,820.0,58,0,0,1,Pedestrian
20,1127.0,755.0,1164.0,820.0,59,0,0,1,Pedestrian
20,1125.0,755.0,1162.0,820.0,60,0,0,1,Pedestrian
20,1125.0,755.0,1162.0,820.0,61,0,0,1,Pedestrian
20,1123.0,755.0,1160.0,820.0,62,0,0,1,Pedestrian
20,1121.0,755.0,1157.0,820.0,63,0,0,1,Pedestrian
20,1121.0,755.0,1157.0,820.0,64,0,0,1,Pedestrian
20,1119.0,755.0,1155.0,820.0,65,0,0,1,Pedestrian
20,1119.0,755.0,1155.0,820.0,66,0,0,1,Pedestrian
20,1117.0,755.0,1153.0,820.0,67,0,0,1,Pedestrian
20,1117.0,755.0,1153.0,820.0,68,0,0,1,Pedestrian
20,1115.0,755.0,1151.0,820.0,69,0,0,1,Pedestrian
20,1115.0,755.0,1151.0,820.0,70,0,0,1,Pedestrian
20,1113.0,755.0,1149.0,820.0,71,0,0,1,Pedestrian
20,1111.0,755.0,1147.0,820.0,72,0,0,1,Pedestrian
20,1111.0,755.0,1147.0,820.0,73,0,0,1,Pedestrian
20,1109.0,755.0,1145.0,820.0,74,0,0,1,Pedestrian
20,1109.0,755.0,1145.0,820.0,75,0,0,1,Pedestrian
20,1107.0,755.0,1143.0,820.0,76,0,0,1,Pedestrian
20,1107.0,755.0,1143.0,820.0,77,0,0,1,Pedestrian
20,1105.0,755.0,1141.0,820.0,78,0,0,1,Pedestrian
20,1105.0,755.0,1141.0,820.0,79,0,0,1,Pedestrian
20,1103.0,755.0,1139.0,820.0,80,0,0,1,Pedestrian
20,1101.0,755.0,1137.0,820.0,81,0,0,1,Pedestrian
20,1101.0,755.0,1137.0,820.0,82,0,0,1,Pedestrian
20,1099.0,755.0,1135.0,820.0,83,0,0,1,Pedestrian
20,1099.0,755.0,1135.0,820.0,84,0,0,1,Pedestrian
20,1097.0,755.0,1133.0,820.0,85,0,0,1,Pedestrian
20,1097.0,755.0,1133.0,820.0,86,0,0,1,Pedestrian
20,1095.0,755.0,1131.0,820.0,87,0,0,1,Pedestrian
20,1095.0,755.0,1131.0,820.0,88,0,0,1,Pedestrian
20,1093.0,755.0,1129.0,820.0,89,0,0,1,Pedestrian
20,1091.0,755.0,1127.0,820.0,90,0,0,1,Pedestrian
20,1091.0,755.0,1127.0,820.0,91,0,0,1,Pedestrian
20,1089.0,755.0,1125.0,820.0,92,0,0,1,Pedestrian
20,1089.0,755.0,1125.0,820.0,93,0,0,1,Pedestrian
20,1087.0,755.0,1123.0,820.0,94,0,0,1,Pedestrian
20,1087.0,755.0,1123.0,820.0,95,0,0,1,Pedestrian
20,1085.0,755.0,1121.0,820.0,96,0,0,1,Pedestrian
20,1083.0,755.0,1119.0,820.0,97,0,0,1,Pedestrian
20,1083.0,755.0,1119.0,820.0,98,0,0,1,Pedestrian
20,1081.0,755.0,1117.0,820.0,99,0,0,1,Pedestrian
20,1081.0,755.0,1117.0,820.0,100,0,0,1,Pedestrian
20,1079.0,755.0,1115.0,820.0,101,0,0,1,Pedestrian
20,1079.0,755.0,1115.0,820.0,102,0,0,1,Pedestrian
20,1077.0,755.0,1113.0,820.0,103,0,0,1,Pedestrian
20,1077.0,755.0,1113.0,820.0,104,0,0,1,Pedestrian
20,1075.0,755.0,1111.0,820.0,105,0,0,1,Pedestrian
20,1073.0,755.0,1109.0,820.0,106,0,0,1,Pedestrian
20,1073.0,755.0,1109.0,820.0,107,0,0,1,Pedestrian
20,1071.0,755.0,1107.0,820.0,108,0,0,1,Pedestrian
20,1071.0,755.0,1107.0,820.0,109,0,0,1,Pedestrian
20,1069.0,755.0,1105.0,820.0,110,0,0,1,Pedestrian
20,1069.0,755.0,1105.0,820.0,111,0,0,1,Pedestrian
20,1067.0,755.0,1103.0,820.0,112,0,0,1,Pedestrian
20,1067.0,755.0,1103.0,820.0,113,0,0,1,Pedestrian
20,1065.0,755.0,1101.0,820.0,114,0,0,1,Pedestrian
20,1063.0,755.0,1099.0,820.0,115,0,0,1,Pedestrian
20,1063.0,755.0,1099.0,820.0,116,0,0,1,Pedestrian
20,1061.0,755.0,1097.0,820.0,117,0,0,1,Pedestrian
20,1061.0,755.0,1097.0,820.0,118,0,0,1,Pedestrian
20,1059.0,755.0,1095.0,820.0,119,0,0,1,Pedestrian
20,1059.0,755.0,1095.0,820.0,120,0,0,1,Pedestrian
20,1057.0,755.0,1093.0,820.0,121,0,0,1,Pedestrian
20,1057.0,755.0,1093.0,820.0,122,0,0,1,Pedestrian
20,1055.0,755.0,1091.0,820.0,123,0,0,1,Pedestrian
20,1053.0,755.0,1089.0,820.0,124,0,0,1,Pedestrian
20,1053.0,755.0,1089.0,820.0,125,0,0,1,Pedestrian
20,1051.0,755.0,1087.0,820.0,126,0,0,1,Pedestrian
20,1051.0,755.0,1087.0,820.0,127,0,0,1,Pedestrian
20,1049.0,755.0,1085.0,820.0,128,0,0,1,Pedestrian
20,1049.0,755.0,1085.0,820.0,129,0,0,1,Pedestrian
20,1047.0,755.0,1083.0,820.0,130,0,0,1,Pedestrian
20,1047.0,755.0,1083.0,820.0,131,0,0,1,Pedestrian
20,1045.0,755.0,1081.0,820.0,132,0,0,1,Pedestrian
20,1043.0,755.0,1079.0,820.0,133,0,0,1,Pedestrian
20,1043.0,755.0,1079.0,820.0,134,0,0,1,Pedestrian
20,1041.0,755.0,1077.0,820.0,135,0,0,1,Pedestrian
20,1041.0,755.0,1077.0,820.0,136,0,0,1,Pedestrian
20,1039.0,755.0,1075.0,820.0,137,0,0,1,Pedestrian
20,1039.0,755.0,1075.0,820.0,138,0,0,1,Pedestrian
20,1037.0,755.0,1073.0,820.0,139,0,0,1,Pedestrian
20,1037.0,755.0,1073.0,820.0,140,0,0,1,Pedestrian
20,1035.0,755.0,1071.0,820.0,141,0,0,1,Pedestrian
20,1033.0,755.0,1069.0,820.0,142,0,0,1,Pedestrian
20,1033.0,755.0,1069.0,820.0,143,0,0,1,Pedestrian
20,1031.0,755.0,1067.0,820.0,144,0,0,1,Pedestrian
20,1031.0,755.0,1067.0,820.0,145,0,0,1,Pedestrian
20,1029.0,755.0,1065.0,820.0,146,0,0,1,Pedestrian
20,1029.0,755.0,1065.0,820.0,147,0,0,1,Pedestrian
20,1027.0,755.0,1063.0,820.0,148,0,0,1,Pedestrian
20,1027.0,755.0,1063.0,820.0,149,0,0,1,Pedestrian
20,1025.0,755.0,1061.0,820.0,150,0,0,1,Pedestrian
20,1023.0,755.0,1059.0,820.0,151,0,0,1,Pedestrian
20,1023.0,755.0,1059.0,820.0,152,0,0,1,Pedestrian
20,1021.0,755.0,1057.0,820.0,153,0,0,1,Pedestrian
20,1021.0,755.0,1057.0,820.0,154,0,0,1,Pedestrian
20,1019.0,755.0,1055.0,820.0,155,0,0,1,Pedestrian
20,1019.0,755.0,1055.0,820.0,156,0,0,1,Pedestrian
20,1017.0,755.0,1053.0,820.0,157,0,0,1,Pedestrian
20,1017.0,755.0,1053.0,820.0,158,0,0,1,Pedestrian
20,1015.0,755.0,1051.0,820.0,159,0,0,1,Pedestrian
20,1012.0,755.0,1049.0,820.0,160,0,0,1,Pedestrian
20,1012.0,755.0,1049.0,820.0,161,0,0,1,Pedestrian
20,1010.0,755.0,1047.0,820.0,162,0,0,1,Pedestrian
20,1010.0,755.0,1047.0,820.0,163,0,0,1,Pedestrian
20,1008.0,755.0,1045.0,820.0,164,0,0,1,Pedestrian
20,1008.0,755.0,1045.0,820.0,165,0,0,1,Pedestrian
20,1006.0,755.0,1043.0,820.0,166,0,0,1,Pedestrian
20,1006.0,755.0,1043.0,820.0,167,0,0,1,Pedestrian
20,1004.0,755.0,1041.0,820.0,168,0,0,1,Pedestrian
20,1002.0,755.0,1039.0,820.0,169,0,0,1,Pedestrian
20,1002.0,755.0,1039.0,820.0,170,0,0,1,Pedestrian
20,1000.0,755.0,1037.0,820.0,171,0,0,1,Pedestrian
20,1000.0,755.0,1037.0,820.0,172,0,0,1,Pedestrian
20,998.0,755.0,1035.0,820.0,173,0,0,1,Pedestrian
20,998.0,755.0,1035.0,820.0,174,0,0,1,Pedestrian
20,996.0,755.0,1033.0,820.0,175,0,0,1,Pedestrian
20,996.0,755.0,1033.0,820.0,176,0,0,1,Pedestrian
20,994.0,755.0,1031.0,820.0,177,0,0,1,Pedestrian
20,992.0,755.0,1029.0,820.0,178,0,0,1,Pedestrian
20,992.0,755.0,1029.0,820.0,179,0,0,1,Pedestrian
20,990.0,755.0,1027.0,820.0,180,0,0,1,Pedestrian
20,990.0,755.0,1027.0,820.0,181,0,0,1,Pedestrian
20,988.0,755.0,1025.0,820.0,182,0,0,1,Pedestrian
20,988.0,755.0,1025.0,820.0,183,0,0,1,Pedestrian
20,986.0,755.0,1023.0,820.0,184,0,0,1,Pedestrian
20,986.0,755.0,1023.0,820.0,185,0,0,1,Pedestrian
20,984.0,755.0,1021.0,820.0,186,0,0,1,Pedestrian
20,982.0,755.0,1019.0,820.0,187,0,0,1,Pedestrian
20,982.0,755.0,1019.0,820.0,188,0,0,1,Pedestrian
20,980.0,755.0,1017.0,820.0,189,0,0,1,Pedestrian
20,980.0,755.0,1017.0,820.0,190,0,0,1,Pedestrian
20,978.0,755.0,1015.0,820.0,191,0,0,1,Pedestrian
20,978.0,755.0,1015.0,820.0,192,0,0,1,Pedestrian
20,976.0,755.0,1012.0,820.0,193,0,0,1,Pedestrian
20,974.0,755.0,1010.0,820.0,194,0,0,1,Pedestrian
20,974.0,755.0,1010.0,820.0,195,0,0,1,Pedestrian
20,972.0,755.0,1008.0,820.0,196,0,0,1,Pedestrian
20,972.0,755.0,1008.0,820.0,197,0,0,1,Pedestrian
20,970.0,755.0,1006.0,820.0,198,0,0,1,Pedestrian
20,970.0,755.0,1006.0,820.0,199,0,0,1,Pedestrian
20,968.0,755.0,1004.0,820.0,200,0,0,1,Pedestrian
20,968.0,755.0,1004.0,820.0,201,0,0,1,Pedestrian
20,966.0,755.0,1002.0,820.0,202,0,0,1,Pedestrian
20,964.0,755.0,1000.0,820.0,203,0,0,1,Pedestrian
20,964.0,755.0,1000.0,820.0,204,0,0,1,Pedestrian
20,962.0,755.0,998.0,820.0,205,0,0,1,Pedestrian
20,962.0,755.0,998.0,820.0,206,0,0,1,Pedestrian
20,960.0,755.0,996.0,820.0,207,0,0,1,Pedestrian
20,960.0,755.0,996.0,820.0,208,0,0,1,Pedestrian
20,958.0,755.0,994.0,820.0,209,0,0,1,Pedestrian
20,958.0,755.0,994.0,820.0,210,0,0,1,Pedestrian
20,956.0,755.0,992.0,820.0,211,0,0,1,Pedestrian
20,954.0,755.0,990.0,820.0,212,0,0,1,Pedestrian
20,954.0,755.0,990.0,820.0,213,0,0,1,Pedestrian
20,952.0,755.0,988.0,820.0,214,0,0,1,Pedestrian
20,952.0,755.0,988.0,820.0,215,0,0,1,Pedestrian
20,950.0,755.0,986.0,820.0,216,0,0,1,Pedestrian
20,950.0,755.0,986.0,820.0,217,0,0,1,Pedestrian
20,948.0,755.0,984.0,820.0,218,0,0,1,Pedestrian
20,948.0,755.0,984.0,820.0,219,0,0,1,Pedestrian
20,946.0,755.0,982.0,820.0,220,0,0,1,Pedestrian
20,944.0,755.0,980.0,820.0,221,0,0,1,Pedestrian
20,944.0,755.0,980.0,820.0,222,0,0,1,Pedestrian
20,942.0,755.0,978.0,820.0,223,0,0,1,Pedestrian
20,942.0,755.0,978.0,820.0,224,0,0,1,Pedestrian
20,940.0,755.0,976.0,820.0,225,0,0,1,Pedestrian
20,940.0,755.0,976.0,820.0,226,0,0,1,Pedestrian
20,938.0,755.0,974.0,820.0,227,0,0,1,Pedestrian
20,938.0,755.0,974.0,820.0,228,0,0,1,Pedestrian
20,936.0,755.0,972.0,820.0,229,0,0,1,Pedestrian
20,934.0,755.0,970.0,820.0,230,0,0,1,Pedestrian
20,934.0,755.0,970.0,820.0,231,0,0,1,Pedestrian
20,932.0,755.0,968.0,820.0,232,0,0,1,Pedestrian
20,932.0,755.0,968.0,820.0,233,0,0,1,Pedestrian
20,930.0,755.0,966.0,820.0,234,0,0,1,Pedestrian
20,930.0,755.0,966.0,820.0,235,0,0,1,Pedestrian
20,928.0,755.0,964.0,820.0,236,0,0,1,Pedestrian
20,928.0,755.0,964.0,820.0,237,0,0,1,Pedestrian
20,926.0,755.0,962.0,820.0,238,0,0,1,Pedestrian
20,924.0,755.0,960.0,820.0,239,0,0,1,Pedestrian
20,924.0,755.0,960.0,820.0,240,0,0,1,Pedestrian
20,922.0,755.0,958.0,820.0,241,0,0,1,Pedestrian
20,922.0,755.0,958.0,820.0,242,0,0,1,Pedestrian
20,920.0,755.0,956.0,820.0,243,0,0,1,Pedestrian
20,920.0,755.0,956.0,820.0,244,0,0,1,Pedestrian
20,918.0,755.0,954.0,820.0,245,0,0,1,Pedestrian
20,918.0,755.0,954.0,820.0,246,0,0,1,Pedestrian
20,916.0,755.0,952.0,820.0,247,0,0,1,Pedestrian
20,914.0,755.0,950.0,820.0,248,0,0,1,Pedestrian
20,914.0,755.0,950.0,820.0,249,0,0,1,Pedestrian
20,912.0,755.0,948.0,820.0,250,0,0,1,Pedestrian
20,912.0,755.0,948.0,820.0,251,0,0,1,Pedestrian
20,910.0,755.0,946.0,820.0,252,0,0,1,Pedestrian
20,910.0,755.0,946.0,820.0,253,0,0,1,Pedestrian
20,908.0,755.0,944.0,820.0,254,0,0,1,Pedestrian
20,908.0,755.0,944.0,820.0,255,0,0,1,Pedestrian
20,906.0,755.0,942.0,820.0,256,0,0,1,Pedestrian
20,904.0,755.0,940.0,820.0,257,0,0,1,Pedestrian
20,904.0,755.0,940.0,820.0,258,0,0,1,Pedestrian
20,902.0,755.0,938.0,820.0,259,0,0,1,Pedestrian
20,902.0,755.0,938.0,820.0,260,0,0,1,Pedestrian
20,900.0,755.0,936.0,820.0,261,0,0,1,Pedestrian
20,900.0,755.0,936.0,820.0,262,0,0,1,Pedestrian
20,898.0,755.0,934.0,820.0,263,0,0,1,Pedestrian
20,898.0,755.0,934.0,820.0,264,0,0,1,Pedestrian
20,896.0,755.0,932.0,820.0,265,0,0,1,Pedestrian
20,894.0,755.0,930.0,820.0,266,0,0,1,Pedestrian
20,894.0,755.0,930.0,820.0,267,0,0,1,Pedestrian
20,892.0,755.0,928.0,820.0,268,0,0,1,Pedestrian
20,892.0,755.0,928.0,820.0,269,0,0,1,Pedestrian
20,890.0,755.0,926.0,820.0,270,0,0,1,Pedestrian
20,890.0,755.0,926.0,820.0,271,0,0,1,Pedestrian
20,888.0,755.0,924.0,820.0,272,0,0,1,Pedestrian
20,888.0,755.0,924.0,820.0,273,0,0,1,Pedestrian
20,886.0,755.0,922.0,820.0,274,0,0,1,Pedestrian
20,884.0,755.0,920.0,820.0,275,0,0,1,Pedestrian
20,884.0,755.0,920.0,820.0,276,0,0,1,Pedestrian
20,882.0,755.0,918.0,820.0,277,0,0,1,Pedestrian
20,882.0,755.0,918.0,820.0,278,0,0,1,Pedestrian
20,880.0,755.0,916.0,820.0,279,0,0,1,Pedestrian
20,880.0,755.0,916.0,820.0,280,0,0,1,Pedestrian
20,878.0,755.0,914.0,820.0,281,0,0,1,Pedestrian
20,878.0,755.0,914.0,820.0,282,0,0,0,Pedestrian
20,876.0,755.0,912.0,820.0,283,0,0,1,Pedestrian
20,874.0,755.0,910.0,820.0,284,0,0,1,Pedestrian
20,874.0,755.0,910.0,820.0,285,0,0,1,Pedestrian
20,872.0,755.0,908.0,820.0,286,0,0,1,Pedestrian
20,872.0,755.0,908.0,820.0,287,0,0,1,Pedestrian
20,870.0,755.0,906.0,820.0,288,0,0,1,Pedestrian
20,867.0,755.0,904.0,820.0,289,0,0,1,Pedestrian
20,867.0,755.0,904.0,820.0,290,0,0,1,Pedestrian
20,865.0,755.0,902.0,820.0,291,0,0,1,Pedestrian
20,865.0,755.0,902.0,820.0,292,0,0,1,Pedestrian
20,863.0,755.0,900.0,820.0,293,0,0,1,Pedestrian
20,861.0,759.0,898.0,824.0,294,0,0,1,Pedestrian
20,861.0,759.0,898.0,824.0,295,0,0,1,Pedestrian
20,859.0,759.0,896.0,824.0,296,0,0,1,Pedestrian
20,859.0,759.0,896.0,824.0,297,0,0,1,Pedestrian
20,857.0,759.0,894.0,824.0,298,0,0,1,Pedestrian
20,855.0,759.0,892.0,824.0,299,0,0,1,Pedestrian
20,855.0,759.0,892.0,824.0,300,0,0,1,Pedestrian
20,853.0,759.0,890.0,824.0,301,0,0,1,Pedestrian
20,853.0,759.0,890.0,824.0,302,0,0,1,Pedestrian
20,851.0,759.0,888.0,824.0,303,0,0,1,Pedestrian
20,849.0,759.0,886.0,824.0,304,0,0,1,Pedestrian
20,849.0,759.0,886.0,824.0,305,0,0,1,Pedestrian
20,847.0,763.0,884.0,828.0,306,0,0,1,Pedestrian
20,847.0,763.0,884.0,828.0,307,0,0,1,Pedestrian
20,845.0,763.0,882.0,828.0,308,0,0,1,Pedestrian
20,843.0,763.0,880.0,828.0,309,0,0,1,Pedestrian
20,843.0,763.0,880.0,828.0,310,0,0,1,Pedestrian
20,841.0,763.0,878.0,828.0,311,0,0,1,Pedestrian
20,841.0,763.0,878.0,828.0,312,0,0,1,Pedestrian
20,839.0,763.0,876.0,828.0,313,0,0,1,Pedestrian
20,837.0,763.0,874.0,828.0,314,0,0,1,Pedestrian
20,837.0,763.0,874.0,828.0,315,0,0,1,Pedestrian
20,835.0,763.0,872.0,828.0,316,0,0,1,Pedestrian
20,835.0,763.0,872.0,828.0,317,0,0,1,Pedestrian
20,833.0,767.0,870.0,832.0,318,0,0,1,Pedestrian
20,831.0,767.0,867.0,832.0,319,0,0,1,Pedestrian
20,831.0,767.0,867.0,832.0,320,0,0,1,Pedestrian
20,829.0,767.0,865.0,832.0,321,0,0,1,Pedestrian
20,829.0,767.0,865.0,832.0,322,0,0,1,Pedestrian
20,827.0,767.0,863.0,832.0,323,0,0,1,Pedestrian
20,825.0,767.0,861.0,832.0,324,0,0,1,Pedestrian
20,825.0,767.0,861.0,832.0,325,0,0,1,Pedestrian
20,823.0,767.0,859.0,832.0,326,0,0,1,Pedestrian
20,823.0,767.0,859.0,832.0,327,0,0,1,Pedestrian
20,821.0,767.0,857.0,832.0,328,0,0,1,Pedestrian
20,819.0,767.0,855.0,832.0,329,0,0,1,Pedestrian
20,819.0,771.0,855.0,836.0,330,0,0,1,Pedestrian
20,817.0,771.0,853.0,836.0,331,0,0,1,Pedestrian
20,817.0,771.0,853.0,836.0,332,0,0,1,Pedestrian
20,815.0,771.0,851.0,836.0,333,0,0,1,Pedestrian
20,813.0,771.0,849.0,836.0,334,0,0,1,Pedestrian
20,813.0,771.0,849.0,836.0,335,0,0,1,Pedestrian
20,811.0,771.0,847.0,836.0,336,0,0,1,Pedestrian
20,811.0,771.0,847.0,836.0,337,0,0,1,Pedestrian
20,809.0,771.0,845.0,836.0,338,0,0,1,Pedestrian
20,807.0,771.0,843.0,836.0,339,0,0,1,Pedestrian
20,807.0,771.0,843.0,836.0,340,0,0,1,Pedestrian
20,805.0,771.0,841.0,836.0,341,0,0,1,Pedestrian
20,805.0,776.0,841.0,840.0,342,0,0,0,Pedestrian
20,803.0,776.0,839.0,840.0,343,0,0,1,Pedestrian
20,803.0,776.0,839.0,840.0,344,0,0,1,Pedestrian
20,801.0,776.0,837.0,840.0,345,0,0,1,Pedestrian
20,801.0,776.0,837.0,840.0,346,0,0,1,Pedestrian
20,801.0,780.0,837.0,844.0,347,0,0,1,Pedestrian
20,799.0,780.0,835.0,844.0,348,0,0,1,Pedestrian
20,799.0,780.0,835.0,844.0,349,0,0,1,Pedestrian
20,799.0,780.0,835.0,844.0,350,0,0,1,Pedestrian
20,797.0,780.0,833.0,844.0,351,0,0,1,Pedestrian
20,797.0,784.0,833.0,848.0,352,0,0,1,Pedestrian
20,797.0,784.0,833.0,848.0,353,0,0,1,Pedestrian
20,795.0,784.0,831.0,848.0,354,0,0,1,Pedestrian
20,795.0,784.0,831.0,848.0,355,0,0,1,Pedestrian
20,795.0,784.0,831.0,848.0,356,0,0,1,Pedestrian
20,793.0,788.0,829.0,852.0,357,0,0,1,Pedestrian
20,793.0,788.0,829.0,852.0,358,0,0,1,Pedestrian
20,793.0,788.0,829.0,852.0,359,0,0,1,Pedestrian
20,791.0,788.0,827.0,852.0,360,0,0,1,Pedestrian
20,791.0,788.0,827.0,852.0,361,0,0,1,Pedestrian
20,791.0,792.0,827.0,856.0,362,0,0,1,Pedestrian
20,789.0,792.0,825.0,856.0,363,0,0,1,Pedestrian
20,789.0,792.0,825.0,856.0,364,0,0,1,Pedestrian
20,787.0,792.0,823.0,856.0,365,0,0,1,Pedestrian
20,787.0,796.0,823.0,860.0,366,0,0,1,Pedestrian
20,787.0,796.0,823.0,860.0,367,0,0,1,Pedestrian
20,785.0,796.0,821.0,860.0,368,0,0,1,Pedestrian
20,785.0,796.0,821.0,860.0,369,0,0,1,Pedestrian
20,785.0,796.0,821.0,860.0,370,0,0,1,Pedestrian
20,783.0,800.0,819.0,864.0,371,0,0,1,Pedestrian
20,783.0,800.0,819.0,864.0,372,0,0,1,Pedestrian
20,783.0,800.0,819.0,864.0,373,0,0,1,Pedestrian
20,781.0,800.0,817.0,864.0,374,0,0,1,Pedestrian
20,781.0,800.0,817.0,864.0,375,0,0,1,Pedestrian
20,781.0,804.0,817.0,868.0,376,0,0,1,Pedestrian
20,779.0,804.0,815.0,868.0,377,0,0,1,Pedestrian
20,779.0,804.0,815.0,868.0,378,0,0,1,Pedestrian
20,779.0,804.0,815.0,868.0,379,0,0,1,Pedestrian
20,777.0,804.0,813.0,868.0,380,0,0,1,Pedestrian
20,777.0,808.0,813.0,873.0,381,0,0,1,Pedestrian
20,777.0,808.0,813.0,873.0,382,0,0,1,Pedestrian
20,775.0,808.0,811.0,873.0,383,0,0,1,Pedestrian
20,775.0,808.0,811.0,873.0,384,0,0,1,Pedestrian
20,773.0,812.0,809.0,877.0,385,0,0,1,Pedestrian
20,773.0,812.0,809.0,877.0,386,0,0,1,Pedestrian
20,773.0,812.0,809.0,877.0,387,0,0,1,Pedestrian
20,771.0,812.0,807.0,877.0,388,0,0,1,Pedestrian
20,771.0,812.0,807.0,877.0,389,0,0,1,Pedestrian
20,771.0,816.0,807.0,881.0,390,0,0,1,Pedestrian
20,769.0,816.0,805.0,881.0,391,0,0,1,Pedestrian
20,769.0,816.0,805.0,881.0,392,0,0,1,Pedestrian
20,769.0,816.0,805.0,881.0,393,0,0,1,Pedestrian
20,767.0,816.0,803.0,881.0,394,0,0,1,Pedestrian
20,767.0,820.0,803.0,885.0,395,0,0,1,Pedestrian
20,767.0,820.0,803.0,885.0,396,0,0,1,Pedestrian
20,765.0,820.0,801.0,885.0,397,0,0,1,Pedestrian
20,765.0,820.0,801.0,885.0,398,0,0,1,Pedestrian
20,765.0,820.0,801.0,885.0,399,0,0,1,Pedestrian
20,763.0,824.0,799.0,889.0,400,0,0,1,Pedestrian
20,763.0,824.0,799.0,889.0,401,0,0,1,Pedestrian
20,763.0,824.0,799.0,889.0,402,0,0,1,Pedestrian
20,761.0,824.0,797.0,889.0,403,0,0,1,Pedestrian
20,761.0,828.0,797.0,893.0,404,0,0,1,Pedestrian
20,759.0,828.0,795.0,893.0,405,0,0,1,Pedestrian
20,759.0,828.0,795.0,893.0,406,0,0,1,Pedestrian
20,759.0,828.0,795.0,893.0,407,0,0,1,Pedestrian
20,757.0,828.0,793.0,893.0,408,0,0,1,Pedestrian
20,757.0,832.0,793.0,897.0,409,0,0,1,Pedestrian
20,757.0,832.0,793.0,897.0,410,0,0,1,Pedestrian
20,755.0,832.0,791.0,897.0,411,0,0,1,Pedestrian
20,755.0,832.0,791.0,897.0,412,0,0,1,Pedestrian
20,755.0,832.0,791.0,897.0,413,0,0,1,Pedestrian
20,753.0,836.0,789.0,901.0,414,0,0,1,Pedestrian
20,753.0,836.0,789.0,901.0,415,0,0,1,Pedestrian
20,753.0,836.0,789.0,901.0,416,0,0,1,Pedestrian
20,751.0,836.0,787.0,901.0,417,0,0,1,Pedestrian
20,751.0,836.0,787.0,901.0,418,0,0,1,Pedestrian
20,751.0,840.0,787.0,905.0,419,0,0,1,Pedestrian
20,749.0,840.0,785.0,905.0,420,0,0,1,Pedestrian
20,749.0,840.0,785.0,905.0,421,0,0,1,Pedestrian
20,749.0,840.0,785.0,905.0,422,0,0,1,Pedestrian
20,747.0,844.0,783.0,909.0,423,0,0,1,Pedestrian
20,747.0,844.0,783.0,909.0,424,0,0,1,Pedestrian
20,745.0,844.0,781.0,909.0,425,0,0,1,Pedestrian
20,745.0,844.0,781.0,909.0,426,0,0,1,Pedestrian
20,745.0,844.0,781.0,909.0,427,0,0,1,Pedestrian
20,743.0,848.0,779.0,913.0,428,0,0,1,Pedestrian
20,743.0,848.0,779.0,913.0,429,0,0,1,Pedestrian
20,743.0,848.0,779.0,913.0,430,0,0,1,Pedestrian
20,741.0,848.0,777.0,913.0,431,0,0,1,Pedestrian
20,741.0,848.0,777.0,913.0,432,0,0,1,Pedestrian
20,741.0,852.0,777.0,917.0,433,0,0,1,Pedestrian
20,739.0,852.0,775.0,917.0,434,0,0,1,Pedestrian
20,739.0,852.0,775.0,917.0,435,0,0,1,Pedestrian
20,739.0,852.0,775.0,917.0,436,0,0,1,Pedestrian
20,737.0,852.0,773.0,917.0,437,0,0,1,Pedestrian
20,737.0,856.0,773.0,921.0,438,0,0,1,Pedestrian
20,737.0,856.0,773.0,921.0,439,0,0,1,Pedestrian
20,735.0,856.0,771.0,921.0,440,0,0,1,Pedestrian
20,735.0,856.0,771.0,921.0,441,0,0,1,Pedestrian
20,735.0,860.0,771.0,925.0,442,0,0,0,Pedestrian
20,733.0,860.0,769.0,925.0,443,0,0,1,Pedestrian
20,733.0,860.0,769.0,925.0,444,0,0,1,Pedestrian
20,733.0,860.0,769.0,925.0,445,0,0,1,Pedestrian
20,733.0,864.0,769.0,929.0,446,0,0,1,Pedestrian
20,733.0,864.0,769.0,929.0,447,0,0,1,Pedestrian
20,733.0,864.0,769.0,929.0,448,0,0,1,Pedestrian
20,733.0,864.0,769.0,929.0,449,0,0,1,Pedestrian
20,733.0,868.0,769.0,933.0,450,0,0,1,Pedestrian
20,733.0,868.0,769.0,933.0,451,0,0,1,Pedestrian
20,731.0,868.0,767.0,933.0,452,0,0,1,Pedestrian
20,731.0,868.0,767.0,933.0,453,0,0,1,Pedestrian
20,731.0,873.0,767.0,937.0,454,0,0,1,Pedestrian
20,731.0,873.0,767.0,937.0,455,0,0,1,Pedestrian
20,731.0,873.0,767.0,937.0,456,0,0,1,Pedestrian
20,731.0,873.0,767.0,937.0,457,0,0,1,Pedestrian
20,731.0,877.0,767.0,941.0,458,0,0,1,Pedestrian
20,731.0,877.0,767.0,941.0,459,0,0,1,Pedestrian
20,731.0,877.0,767.0,941.0,460,0,0,1,Pedestrian
20,731.0,877.0,767.0,941.0,461,0,0,1,Pedestrian
20,729.0,881.0,765.0,945.0,462,0,0,1,Pedestrian
20,729.0,881.0,765.0,945.0,463,0,0,1,Pedestrian
20,729.0,881.0,765.0,945.0,464,0,0,1,Pedestrian
20,729.0,881.0,765.0,945.0,465,0,0,1,Pedestrian
20,729.0,885.0,765.0,949.0,466,0,0,1,Pedestrian
20,729.0,885.0,765.0,949.0,467,0,0,1,Pedestrian
20,729.0,885.0,765.0,949.0,468,0,0,1,Pedestrian
20,729.0,885.0,765.0,949.0,469,0,0,1,Pedestrian
20,729.0,889.0,765.0,953.0,470,0,0,1,Pedestrian
20,729.0,889.0,765.0,953.0,471,0,0,1,Pedestrian
20,727.0,889.0,763.0,953.0,472,0,0,1,Pedestrian
20,727.0,893.0,763.0,957.0,473,0,0,1,Pedestrian
20,727.0,893.0,763.0,957.0,474,0,0,1,Pedestrian
20,727.0,893.0,763.0,957.0,475,0,0,1,Pedestrian
20,727.0,893.0,763.0,957.0,476,0,0,1,Pedestrian
20,727.0,897.0,763.0,961.0,477,0,0,1,Pedestrian
20,727.0,897.0,763.0,961.0,478,0,0,1,Pedestrian
20,727.0,897.0,763.0,961.0,479,0,0,1,Pedestrian
20,727.0,897.0,763.0,961.0,480,0,0,1,Pedestrian
20,725.0,901.0,761.0,965.0,481,0,0,1,Pedestrian
20,725.0,901.0,761.0,965.0,482,0,0,1,Pedestrian
20,725.0,901.0,761.0,965.0,483,0,0,1,Pedestrian
20,725.0,901.0,761.0,965.0,484,0,0,1,Pedestrian
20,725.0,905.0,761.0,970.0,485,0,0,1,Pedestrian
20,725.0,905.0,761.0,970.0,486,0,0,1,Pedestrian
20,725.0,905.0,761.0,970.0,487,0,0,1,Pedestrian
20,725.0,905.0,761.0,970.0,488,0,0,1,Pedestrian
20,725.0,909.0,761.0,974.0,489,0,0,1,Pedestrian
20,725.0,909.0,761.0,974.0,490,0,0,1,Pedestrian
20,722.0,909.0,759.0,974.0,491,0,0,1,Pedestrian
20,722.0,909.0,759.0,974.0,492,0,0,1,Pedestrian
20,722.0,913.0,759.0,978.0,493,0,0,1,Pedestrian
20,722.0,913.0,759.0,978.0,494,0,0,1,Pedestrian
20,722.0,913.0,759.0,978.0,495,0,0,1,Pedestrian
20,722.0,913.0,759.0,978.0,496,0,0,1,Pedestrian
20,722.0,917.0,759.0,982.0,497,0,0,1,Pedestrian
20,722.0,917.0,759.0,982.0,498,0,0,1,Pedestrian
20,722.0,917.0,759.0,982.0,499,0,0,1,Pedestrian
20,722.0,921.0,759.0,986.0,500,0,0,0,Pedestrian
20,720.0,921.0,759.0,986.0,501,0,0,1,Pedestrian
20,720.0,921.0,759.0,986.0,502,0,0,1,Pedestrian
20,720.0,921.0,759.0,986.0,503,0,0,1,Pedestrian
20,720.0,921.0,759.0,990.0,504,0,0,1,Pedestrian
20,720.0,921.0,759.0,990.0,505,0,0,1,Pedestrian
20,720.0,921.0,759.0,990.0,506,0,0,1,Pedestrian
20,720.0,921.0,759.0,990.0,507,0,0,1,Pedestrian
20,720.0,921.0,759.0,994.0,508,0,0,1,Pedestrian
20,720.0,921.0,759.0,994.0,509,0,0,1,Pedestrian
20,720.0,921.0,759.0,994.0,510,0,0,1,Pedestrian
20,718.0,921.0,759.0,994.0,511,0,0,1,Pedestrian
20,718.0,921.0,759.0,998.0,512,0,0,1,Pedestrian
20,718.0,921.0,759.0,998.0,513,0,0,1,Pedestrian
20,718.0,921.0,759.0,998.0,514,0,0,1,Pedestrian
20,718.0,921.0,759.0,998.0,515,0,0,1,Pedestrian
20,718.0,921.0,759.0,1002.0,516,0,0,1,Pedestrian
20,718.0,921.0,759.0,1002.0,517,0,0,1,Pedestrian
20,718.0,921.0,759.0,1002.0,518,0,0,1,Pedestrian
20,718.0,921.0,759.0,1002.0,519,0,0,1,Pedestrian
20,718.0,921.0,759.0,1006.0,520,0,0,0,Pedestrian
20,718.0,921.0,759.0,1006.0,521,0,0,1,Pedestrian
20,718.0,921.0,759.0,1006.0,522,0,0,1,Pedestrian
20,718.0,925.0,759.0,1010.0,523,0,0,1,Pedestrian
20,718.0,925.0,759.0,1010.0,524,0,0,1,Pedestrian
20,718.0,925.0,759.0,1010.0,525,0,0,1,Pedestrian
20,718.0,929.0,759.0,1014.0,526,0,0,1,Pedestrian
20,718.0,929.0,759.0,1014.0,527,0,0,1,Pedestrian
20,718.0,929.0,759.0,1014.0,528,0,0,1,Pedestrian
20,718.0,933.0,759.0,1018.0,529,0,0,1,Pedestrian
20,718.0,933.0,759.0,1018.0,530,0,0,1,Pedestrian
20,718.0,933.0,759.0,1018.0,531,0,0,1,Pedestrian
20,718.0,937.0,759.0,1022.0,532,0,0,1,Pedestrian
20,718.0,937.0,759.0,1022.0,533,0,0,1,Pedestrian
20,718.0,937.0,759.0,1022.0,534,0,0,1,Pedestrian
20,718.0,941.0,759.0,1026.0,535,0,0,1,Pedestrian
20,718.0,941.0,759.0,1026.0,536,0,0,1,Pedestrian
20,718.0,941.0,759.0,1026.0,537,0,0,1,Pedestrian
20,718.0,945.0,759.0,1030.0,538,0,0,1,Pedestrian
20,718.0,945.0,759.0,1030.0,539,0,0,1,Pedestrian
20,718.0,949.0,759.0,1034.0,540,0,0,0,Pedestrian
20,718.0,949.0,759.0,1034.0,541,0,0,1,Pedestrian
20,718.0,949.0,759.0,1034.0,542,0,0,1,Pedestrian
20,718.0,949.0,759.0,1034.0,543,0,0,1,Pedestrian
20,718.0,953.0,759.0,1038.0,544,0,0,1,Pedestrian
20,718.0,953.0,759.0,1038.0,545,0,0,1,Pedestrian
20,718.0,953.0,759.0,1038.0,546,0,0,1,Pedestrian
20,720.0,953.0,761.0,1038.0,547,0,0,1,Pedestrian
20,720.0,957.0,761.0,1042.0,548,0,0,1,Pedestrian
20,720.0,957.0,761.0,1042.0,549,0,0,1,Pedestrian
20,720.0,957.0,761.0,1042.0,550,0,0,1,Pedestrian
20,720.0,957.0,761.0,1042.0,551,0,0,1,Pedestrian
20,720.0,961.0,761.0,1046.0,552,0,0,1,Pedestrian
20,720.0,961.0,761.0,1046.0,553,0,0,1,Pedestrian
20,722.0,961.0,763.0,1046.0,554,0,0,1,Pedestrian
20,722.0,961.0,763.0,1046.0,555,0,0,1,Pedestrian
20,722.0,965.0,763.0,1050.0,556,0,0,1,Pedestrian
20,722.0,965.0,763.0,1050.0,557,0,0,1,Pedestrian
20,722.0,965.0,763.0,1050.0,558,0,0,1,Pedestrian
20,722.0,965.0,763.0,1050.0,559,0,0,1,Pedestrian
20,725.0,970.0,765.0,1054.0,560,0,0,0,Pedestrian
20,722.0,970.0,763.0,1054.0,561,0,0,1,Pedestrian
20,722.0,970.0,763.0,1054.0,562,0,0,1,Pedestrian
20,722.0,974.0,763.0,1058.0,563,0,0,1,Pedestrian
20,722.0,974.0,763.0,1058.0,564,0,0,1,Pedestrian
20,722.0,974.0,763.0,1058.0,565,0,0,1,Pedestrian
20,722.0,978.0,763.0,1062.0,566,0,0,1,Pedestrian
20,720.0,978.0,761.0,1062.0,567,0,0,1,Pedestrian
20,720.0,982.0,761.0,1067.0,568,0,0,1,Pedestrian
20,720.0,982.0,761.0,1067.0,569,0,0,1,Pedestrian
20,720.0,982.0,761.0,1067.0,570,0,0,1,Pedestrian
20,720.0,986.0,761.0,1071.0,571,0,0,1,Pedestrian
20,720.0,986.0,761.0,1071.0,572,0,0,1,Pedestrian
20,720.0,990.0,761.0,1075.0,573,0,0,0,Pedestrian
21,628.0,20.0,686.0,109.0,0,1,0,0,Biker
21,626.0,16.0,684.0,105.0,1,1,0,1,Biker
21,626.0,16.0,684.0,105.0,2,1,0,1,Biker
21,626.0,16.0,684.0,105.0,3,1,0,1,Biker
21,626.0,16.0,684.0,105.0,4,1,0,1,Biker
21,626.0,16.0,684.0,105.0,5,1,0,1,Biker
21,626.0,16.0,684.0,105.0,6,1,0,1,Biker
21,626.0,16.0,684.0,105.0,7,1,0,1,Biker
21,626.0,16.0,684.0,105.0,8,1,0,1,Biker
21,626.0,16.0,684.0,105.0,9,1,0,1,Biker
21,626.0,16.0,684.0,105.0,10,1,0,1,Biker
21,626.0,16.0,684.0,105.0,11,1,0,1,Biker
21,626.0,16.0,684.0,105.0,12,1,0,1,Biker
21,626.0,16.0,684.0,105.0,13,1,0,1,Biker
21,626.0,16.0,684.0,105.0,14,1,0,1,Biker
21,626.0,16.0,684.0,105.0,15,1,0,1,Biker
21,626.0,16.0,684.0,105.0,16,1,0,1,Biker
21,626.0,16.0,684.0,105.0,17,1,0,1,Biker
21,626.0,16.0,684.0,105.0,18,1,0,1,Biker
21,626.0,16.0,684.0,105.0,19,1,0,1,Biker
21,626.0,16.0,684.0,105.0,20,1,0,1,Biker
21,626.0,16.0,684.0,105.0,21,1,0,1,Biker
21,626.0,16.0,684.0,105.0,22,1,0,1,Biker
21,626.0,16.0,684.0,105.0,23,1,0,1,Biker
21,626.0,16.0,684.0,105.0,24,1,0,1,Biker
21,626.0,16.0,684.0,105.0,25,1,0,1,Biker
21,626.0,16.0,684.0,105.0,26,1,0,1,Biker
21,626.0,16.0,684.0,105.0,27,1,0,1,Biker
21,626.0,16.0,684.0,105.0,28,1,0,1,Biker
21,626.0,16.0,684.0,105.0,29,1,0,1,Biker
21,626.0,16.0,684.0,101.0,30,1,0,1,Biker
21,626.0,16.0,684.0,101.0,31,1,0,1,Biker
21,626.0,16.0,684.0,101.0,32,1,0,1,Biker
21,626.0,16.0,684.0,101.0,33,1,0,1,Biker
21,626.0,16.0,684.0,101.0,34,1,0,1,Biker
21,626.0,16.0,684.0,101.0,35,1,0,1,Biker
21,626.0,16.0,684.0,101.0,36,1,0,1,Biker
21,626.0,16.0,684.0,101.0,37,1,0,1,Biker
21,626.0,16.0,684.0,101.0,38,1,0,1,Biker
21,626.0,16.0,684.0,101.0,39,1,0,1,Biker
21,626.0,16.0,684.0,101.0,40,1,0,1,Biker
21,626.0,16.0,684.0,101.0,41,1,0,1,Biker
21,626.0,16.0,684.0,101.0,42,1,0,1,Biker
21,626.0,16.0,684.0,101.0,43,1,0,1,Biker
21,626.0,16.0,684.0,101.0,44,1,0,1,Biker
21,626.0,16.0,684.0,101.0,45,1,0,1,Biker
21,626.0,16.0,684.0,101.0,46,1,0,1,Biker
21,626.0,16.0,684.0,101.0,47,1,0,1,Biker
21,626.0,16.0,684.0,101.0,48,1,0,1,Biker
21,626.0,16.0,684.0,101.0,49,1,0,1,Biker
21,626.0,16.0,684.0,101.0,50,1,0,1,Biker
21,626.0,16.0,684.0,101.0,51,1,0,1,Biker
21,626.0,16.0,684.0,101.0,52,1,0,1,Biker
21,626.0,16.0,684.0,101.0,53,1,0,1,Biker
21,626.0,16.0,684.0,101.0,54,1,0,1,Biker
21,626.0,16.0,684.0,101.0,55,1,0,1,Biker
21,626.0,16.0,684.0,101.0,56,1,0,1,Biker
21,626.0,16.0,684.0,101.0,57,1,0,1,Biker
21,626.0,16.0,684.0,101.0,58,1,0,1,Biker
21,626.0,16.0,684.0,97.0,59,1,0,1,Biker
21,626.0,16.0,684.0,97.0,60,1,0,1,Biker
21,626.0,16.0,684.0,97.0,61,1,0,1,Biker
21,626.0,16.0,684.0,97.0,62,1,0,1,Biker
21,626.0,16.0,684.0,97.0,63,1,0,1,Biker
21,626.0,16.0,684.0,97.0,64,1,0,1,Biker
21,626.0,16.0,684.0,97.0,65,1,0,1,Biker
21,626.0,16.0,684.0,97.0,66,1,0,1,Biker
21,626.0,16.0,684.0,97.0,67,1,0,1,Biker
21,626.0,16.0,684.0,97.0,68,1,0,1,Biker
21,626.0,16.0,684.0,97.0,69,1,0,1,Biker
21,626.0,16.0,684.0,97.0,70,1,0,1,Biker
21,626.0,16.0,684.0,97.0,71,1,0,1,Biker
21,626.0,16.0,684.0,97.0,72,1,0,1,Biker
21,626.0,16.0,684.0,97.0,73,1,0,1,Biker
21,626.0,16.0,684.0,97.0,74,1,0,1,Biker
21,626.0,16.0,684.0,97.0,75,1,0,1,Biker
21,626.0,16.0,684.0,97.0,76,1,0,1,Biker
21,626.0,16.0,684.0,97.0,77,1,0,1,Biker
21,626.0,16.0,684.0,97.0,78,1,0,1,Biker
21,626.0,16.0,684.0,97.0,79,1,0,1,Biker
21,626.0,16.0,684.0,97.0,80,1,0,1,Biker
21,626.0,16.0,684.0,97.0,81,1,0,1,Biker
21,626.0,16.0,684.0,97.0,82,1,0,1,Biker
21,626.0,16.0,684.0,97.0,83,1,0,1,Biker
21,626.0,16.0,684.0,97.0,84,1,0,1,Biker
21,626.0,16.0,684.0,97.0,85,1,0,1,Biker
21,626.0,16.0,684.0,97.0,86,1,0,1,Biker
21,626.0,16.0,684.0,97.0,87,1,0,1,Biker
21,626.0,16.0,684.0,92.0,88,1,0,1,Biker
21,626.0,16.0,684.0,92.0,89,1,0,1,Biker
21,626.0,16.0,684.0,92.0,90,1,0,1,Biker
21,626.0,16.0,684.0,92.0,91,1,0,1,Biker
21,626.0,16.0,684.0,92.0,92,1,0,1,Biker
21,626.0,16.0,684.0,92.0,93,1,0,1,Biker
21,626.0,16.0,684.0,92.0,94,1,0,1,Biker
21,626.0,16.0,684.0,92.0,95,1,0,1,Biker
21,626.0,16.0,684.0,92.0,96,1,0,1,Biker
21,626.0,16.0,684.0,92.0,97,1,0,1,Biker
21,626.0,16.0,684.0,92.0,98,1,0,1,Biker
21,624.0,12.0,682.0,92.0,99,1,0,1,Biker
21,624.0,12.0,682.0,92.0,100,1,0,1,Biker
21,624.0,12.0,682.0,92.0,101,1,0,1,Biker
21,624.0,12.0,682.0,92.0,102,1,0,1,Biker
21,624.0,12.0,682.0,92.0,103,1,0,1,Biker
21,624.0,12.0,682.0,92.0,104,1,0,1,Biker
21,624.0,12.0,682.0,92.0,105,1,0,1,Biker
21,624.0,12.0,682.0,92.0,106,1,0,1,Biker
21,624.0,12.0,682.0,92.0,107,1,0,1,Biker
21,624.0,12.0,682.0,92.0,108,1,0,1,Biker
21,624.0,12.0,682.0,92.0,109,1,0,1,Biker
21,624.0,12.0,682.0,92.0,110,1,0,1,Biker
21,624.0,12.0,682.0,92.0,111,1,0,1,Biker
21,624.0,12.0,682.0,92.0,112,1,0,1,Biker
21,624.0,12.0,682.0,92.0,113,1,0,1,Biker
21,624.0,12.0,682.0,92.0,114,1,0,1,Biker
21,624.0,12.0,682.0,92.0,115,1,0,1,Biker
21,624.0,12.0,682.0,92.0,116,1,0,1,Biker
21,624.0,12.0,682.0,88.0,117,1,0,1,Biker
21,624.0,12.0,682.0,88.0,118,1,0,1,Biker
21,624.0,12.0,682.0,88.0,119,1,0,1,Biker
21,624.0,12.0,682.0,88.0,120,1,0,1,Biker
21,624.0,12.0,682.0,88.0,121,1,0,1,Biker
21,624.0,12.0,682.0,88.0,122,1,0,1,Biker
21,624.0,12.0,682.0,88.0,123,1,0,1,Biker
21,624.0,12.0,682.0,88.0,124,1,0,1,Biker
21,624.0,12.0,682.0,88.0,125,1,0,1,Biker
21,624.0,12.0,682.0,88.0,126,1,0,1,Biker
21,624.0,12.0,682.0,88.0,127,1,0,1,Biker
21,624.0,12.0,682.0,88.0,128,1,0,1,Biker
21,624.0,12.0,682.0,88.0,129,1,0,1,Biker
21,624.0,12.0,682.0,88.0,130,1,0,1,Biker
21,624.0,12.0,682.0,88.0,131,1,0,1,Biker
21,624.0,12.0,682.0,88.0,132,1,0,1,Biker
21,624.0,12.0,682.0,88.0,133,1,0,1,Biker
21,624.0,12.0,682.0,88.0,134,1,0,1,Biker
21,624.0,12.0,682.0,88.0,135,1,0,1,Biker
21,624.0,12.0,682.0,88.0,136,1,0,1,Biker
21,624.0,12.0,682.0,88.0,137,1,0,1,Biker
21,624.0,12.0,682.0,88.0,138,1,0,1,Biker
21,624.0,12.0,682.0,88.0,139,1,0,1,Biker
21,624.0,12.0,682.0,88.0,140,1,0,1,Biker
21,624.0,12.0,682.0,88.0,141,1,0,1,Biker
21,624.0,12.0,682.0,88.0,142,1,0,1,Biker
21,624.0,12.0,682.0,88.0,143,1,0,1,Biker
21,624.0,12.0,682.0,88.0,144,1,0,1,Biker
21,624.0,12.0,682.0,88.0,145,1,0,1,Biker
21,624.0,12.0,682.0,84.0,146,1,0,1,Biker
21,624.0,12.0,682.0,84.0,147,1,0,1,Biker
21,624.0,12.0,682.0,84.0,148,1,0,1,Biker
21,624.0,12.0,682.0,84.0,149,1,0,1,Biker
21,624.0,12.0,682.0,84.0,150,1,0,1,Biker
21,624.0,12.0,682.0,84.0,151,1,0,1,Biker
21,624.0,12.0,682.0,84.0,152,1,0,1,Biker
21,624.0,12.0,682.0,84.0,153,1,0,1,Biker
21,624.0,12.0,682.0,84.0,154,1,0,1,Biker
21,624.0,12.0,682.0,84.0,155,1,0,1,Biker
21,624.0,12.0,682.0,84.0,156,1,0,1,Biker
21,624.0,12.0,682.0,84.0,157,1,0,1,Biker
21,624.0,12.0,682.0,84.0,158,1,0,1,Biker
21,624.0,12.0,682.0,84.0,159,1,0,1,Biker
21,624.0,12.0,682.0,84.0,160,1,0,1,Biker
21,624.0,12.0,682.0,84.0,161,1,0,1,Biker
21,624.0,12.0,682.0,84.0,162,1,0,1,Biker
21,624.0,12.0,682.0,84.0,163,1,0,1,Biker
21,624.0,12.0,682.0,84.0,164,1,0,1,Biker
21,624.0,12.0,682.0,84.0,165,1,0,1,Biker
21,624.0,12.0,682.0,84.0,166,1,0,1,Biker
21,624.0,12.0,682.0,84.0,167,1,0,1,Biker
21,624.0,12.0,682.0,84.0,168,1,0,1,Biker
21,624.0,12.0,682.0,84.0,169,1,0,1,Biker
21,624.0,12.0,682.0,84.0,170,1,0,1,Biker
21,624.0,12.0,682.0,84.0,171,1,0,1,Biker
21,624.0,12.0,682.0,84.0,172,1,0,1,Biker
21,624.0,12.0,682.0,84.0,173,1,0,1,Biker
21,624.0,12.0,682.0,84.0,174,1,0,1,Biker
21,624.0,12.0,682.0,80.0,175,1,0,1,Biker
21,624.0,12.0,682.0,80.0,176,1,0,1,Biker
21,624.0,12.0,682.0,80.0,177,1,0,1,Biker
21,624.0,12.0,682.0,80.0,178,1,0,1,Biker
21,624.0,12.0,682.0,80.0,179,1,0,1,Biker
21,624.0,12.0,682.0,80.0,180,1,0,1,Biker
21,624.0,12.0,682.0,80.0,181,1,0,1,Biker
21,624.0,12.0,682.0,80.0,182,1,0,1,Biker
21,624.0,12.0,682.0,80.0,183,1,0,1,Biker
21,624.0,12.0,682.0,80.0,184,1,0,1,Biker
21,624.0,12.0,682.0,80.0,185,1,0,1,Biker
21,624.0,12.0,682.0,80.0,186,1,0,1,Biker
21,624.0,12.0,682.0,80.0,187,1,0,1,Biker
21,624.0,12.0,682.0,80.0,188,1,0,1,Biker
21,624.0,12.0,682.0,80.0,189,1,0,1,Biker
21,624.0,12.0,682.0,80.0,190,1,0,1,Biker
21,624.0,12.0,682.0,80.0,191,1,0,1,Biker
21,624.0,12.0,682.0,80.0,192,1,0,1,Biker
21,624.0,12.0,682.0,80.0,193,1,0,1,Biker
21,624.0,12.0,682.0,80.0,194,1,0,1,Biker
21,624.0,12.0,682.0,80.0,195,1,0,1,Biker
21,624.0,12.0,682.0,80.0,196,1,0,1,Biker
21,624.0,12.0,682.0,80.0,197,1,0,1,Biker
21,622.0,8.0,680.0,80.0,198,1,0,1,Biker
21,622.0,8.0,680.0,80.0,199,1,0,1,Biker
21,622.0,8.0,680.0,80.0,200,1,0,1,Biker
21,622.0,8.0,680.0,80.0,201,1,0,1,Biker
21,622.0,8.0,680.0,80.0,202,1,0,1,Biker
21,622.0,8.0,680.0,80.0,203,1,0,1,Biker
21,622.0,8.0,680.0,76.0,204,1,0,1,Biker
21,622.0,8.0,680.0,76.0,205,1,0,1,Biker
21,622.0,8.0,680.0,76.0,206,1,0,1,Biker
21,622.0,8.0,680.0,76.0,207,1,0,1,Biker
21,622.0,8.0,680.0,76.0,208,1,0,1,Biker
21,622.0,8.0,680.0,76.0,209,1,0,1,Biker
21,622.0,8.0,680.0,76.0,210,1,0,1,Biker
21,622.0,8.0,680.0,76.0,211,1,0,1,Biker
21,622.0,8.0,680.0,76.0,212,1,0,1,Biker
21,622.0,8.0,680.0,76.0,213,1,0,1,Biker
21,622.0,8.0,680.0,76.0,214,1,0,1,Biker
21,622.0,8.0,680.0,76.0,215,1,0,1,Biker
21,622.0,8.0,680.0,76.0,216,1,0,1,Biker
21,622.0,8.0,680.0,76.0,217,1,0,1,Biker
21,622.0,8.0,680.0,76.0,218,1,0,1,Biker
21,622.0,8.0,680.0,76.0,219,1,0,1,Biker
21,622.0,8.0,680.0,76.0,220,1,0,1,Biker
21,622.0,8.0,680.0,76.0,221,1,0,1,Biker
21,622.0,8.0,680.0,76.0,222,1,0,1,Biker
21,622.0,8.0,680.0,76.0,223,1,0,1,Biker
21,622.0,8.0,680.0,76.0,224,1,0,1,Biker
21,622.0,8.0,680.0,76.0,225,1,0,1,Biker
21,622.0,8.0,680.0,76.0,226,1,0,1,Biker
21,622.0,8.0,680.0,76.0,227,1,0,1,Biker
21,622.0,8.0,680.0,76.0,228,1,0,1,Biker
21,622.0,8.0,680.0,76.0,229,1,0,1,Biker
21,622.0,8.0,680.0,76.0,230,1,0,1,Biker
21,622.0,8.0,680.0,76.0,231,1,0,1,Biker
21,622.0,8.0,680.0,76.0,232,1,0,1,Biker
21,622.0,8.0,680.0,72.0,233,1,0,1,Biker
21,622.0,8.0,680.0,72.0,234,1,0,1,Biker
21,622.0,8.0,680.0,72.0,235,1,0,1,Biker
21,622.0,8.0,680.0,72.0,236,1,0,1,Biker
21,622.0,8.0,680.0,72.0,237,1,0,1,Biker
21,622.0,8.0,680.0,72.0,238,1,0,1,Biker
21,622.0,8.0,680.0,72.0,239,1,0,1,Biker
21,622.0,8.0,680.0,72.0,240,1,0,1,Biker
21,622.0,8.0,680.0,72.0,241,1,0,1,Biker
21,622.0,8.0,680.0,72.0,242,1,0,1,Biker
21,622.0,8.0,680.0,72.0,243,1,0,1,Biker
21,622.0,8.0,680.0,72.0,244,1,0,1,Biker
21,622.0,8.0,680.0,72.0,245,1,0,1,Biker
21,622.0,8.0,680.0,72.0,246,1,0,1,Biker
21,622.0,8.0,680.0,72.0,247,1,0,1,Biker
21,622.0,8.0,680.0,72.0,248,1,0,1,Biker
21,622.0,8.0,680.0,72.0,249,1,0,1,Biker
21,622.0,8.0,680.0,72.0,250,1,0,1,Biker
21,622.0,8.0,680.0,72.0,251,1,0,1,Biker
21,622.0,8.0,680.0,72.0,252,1,0,1,Biker
21,622.0,8.0,680.0,72.0,253,1,0,1,Biker
21,622.0,8.0,680.0,72.0,254,1,0,1,Biker
21,622.0,8.0,680.0,72.0,255,1,0,1,Biker
21,622.0,8.0,680.0,72.0,256,1,0,1,Biker
21,622.0,8.0,680.0,72.0,257,1,0,1,Biker
21,622.0,8.0,680.0,72.0,258,1,0,1,Biker
21,622.0,8.0,680.0,72.0,259,1,0,1,Biker
21,622.0,8.0,680.0,72.0,260,1,0,1,Biker
21,622.0,8.0,680.0,72.0,261,1,0,1,Biker
21,622.0,8.0,680.0,68.0,262,1,0,1,Biker
21,622.0,8.0,680.0,68.0,263,1,0,1,Biker
21,622.0,8.0,680.0,68.0,264,1,0,1,Biker
21,622.0,8.0,680.0,68.0,265,1,0,1,Biker
21,622.0,8.0,680.0,68.0,266,1,0,1,Biker
21,622.0,8.0,680.0,68.0,267,1,0,1,Biker
21,622.0,8.0,680.0,68.0,268,1,0,1,Biker
21,622.0,8.0,680.0,68.0,269,1,0,1,Biker
21,622.0,8.0,680.0,68.0,270,1,0,1,Biker
21,622.0,8.0,680.0,68.0,271,1,0,1,Biker
21,622.0,8.0,680.0,68.0,272,1,0,1,Biker
21,622.0,8.0,680.0,68.0,273,1,0,1,Biker
21,622.0,8.0,680.0,68.0,274,1,0,1,Biker
21,622.0,8.0,680.0,68.0,275,1,0,1,Biker
21,622.0,8.0,680.0,68.0,276,1,0,1,Biker
21,622.0,8.0,680.0,68.0,277,1,0,1,Biker
21,622.0,8.0,680.0,68.0,278,1,0,1,Biker
21,622.0,8.0,680.0,68.0,279,1,0,1,Biker
21,622.0,8.0,680.0,68.0,280,1,0,1,Biker
21,622.0,8.0,680.0,68.0,281,1,0,1,Biker
21,622.0,8.0,680.0,68.0,282,1,0,1,Biker
21,622.0,8.0,680.0,68.0,283,1,0,1,Biker
21,622.0,8.0,680.0,68.0,284,1,0,1,Biker
21,622.0,8.0,680.0,68.0,285,1,0,1,Biker
21,622.0,8.0,680.0,68.0,286,1,0,1,Biker
21,622.0,8.0,680.0,68.0,287,1,0,1,Biker
21,622.0,8.0,680.0,68.0,288,1,0,1,Biker
21,622.0,8.0,680.0,68.0,289,1,0,1,Biker
21,622.0,8.0,680.0,68.0,290,1,0,1,Biker
21,622.0,8.0,680.0,64.0,291,1,0,1,Biker
21,622.0,8.0,680.0,64.0,292,1,0,1,Biker
21,622.0,8.0,680.0,64.0,293,1,0,1,Biker
21,622.0,8.0,680.0,64.0,294,1,0,1,Biker
21,622.0,8.0,680.0,64.0,295,1,0,1,Biker
21,620.0,4.0,678.0,64.0,296,1,0,1,Biker
21,620.0,4.0,678.0,64.0,297,1,0,1,Biker
21,620.0,4.0,678.0,64.0,298,1,0,1,Biker
21,620.0,4.0,678.0,64.0,299,1,0,1,Biker
21,620.0,4.0,678.0,64.0,300,1,0,1,Biker
21,620.0,4.0,678.0,64.0,301,1,0,1,Biker
21,620.0,4.0,678.0,64.0,302,1,0,1,Biker
21,620.0,4.0,678.0,64.0,303,1,0,1,Biker
21,620.0,4.0,678.0,64.0,304,1,0,1,Biker
21,620.0,4.0,678.0,64.0,305,1,0,1,Biker
21,620.0,4.0,678.0,64.0,306,1,0,1,Biker
21,620.0,4.0,678.0,64.0,307,1,0,1,Biker
21,620.0,4.0,678.0,64.0,308,1,0,1,Biker
21,620.0,4.0,678.0,64.0,309,1,0,1,Biker
21,620.0,4.0,678.0,64.0,310,1,0,1,Biker
21,620.0,4.0,678.0,64.0,311,1,0,1,Biker
21,620.0,4.0,678.0,64.0,312,1,0,1,Biker
21,620.0,4.0,678.0,64.0,313,1,0,1,Biker
21,620.0,4.0,678.0,64.0,314,1,0,1,Biker
21,620.0,4.0,678.0,64.0,315,1,0,1,Biker
21,620.0,4.0,678.0,64.0,316,1,0,1,Biker
21,620.0,4.0,678.0,64.0,317,1,0,1,Biker
21,620.0,4.0,678.0,64.0,318,1,0,1,Biker
21,620.0,4.0,678.0,64.0,319,1,0,1,Biker
21,620.0,4.0,678.0,60.0,320,1,0,1,Biker
21,620.0,4.0,678.0,60.0,321,1,0,1,Biker
21,620.0,4.0,678.0,60.0,322,1,0,1,Biker
21,620.0,4.0,678.0,60.0,323,1,0,1,Biker
21,620.0,4.0,678.0,60.0,324,1,0,1,Biker
21,620.0,4.0,678.0,60.0,325,1,0,1,Biker
21,620.0,4.0,678.0,60.0,326,1,0,1,Biker
21,620.0,4.0,678.0,60.0,327,1,0,1,Biker
21,620.0,4.0,678.0,60.0,328,1,0,1,Biker
21,620.0,4.0,678.0,60.0,329,1,0,1,Biker
21,620.0,4.0,678.0,60.0,330,1,0,1,Biker
21,620.0,4.0,678.0,60.0,331,1,0,1,Biker
21,620.0,4.0,678.0,60.0,332,1,0,1,Biker
21,620.0,4.0,678.0,60.0,333,1,0,1,Biker
21,620.0,4.0,678.0,60.0,334,1,0,1,Biker
21,620.0,4.0,678.0,60.0,335,1,0,1,Biker
21,620.0,4.0,678.0,60.0,336,1,0,1,Biker
21,620.0,4.0,678.0,60.0,337,1,0,1,Biker
21,620.0,4.0,678.0,60.0,338,1,0,1,Biker
21,620.0,4.0,678.0,60.0,339,1,0,1,Biker
21,620.0,4.0,678.0,60.0,340,1,0,1,Biker
21,620.0,4.0,678.0,60.0,341,1,0,1,Biker
21,620.0,4.0,678.0,60.0,342,1,0,1,Biker
21,620.0,4.0,678.0,60.0,343,1,0,1,Biker
21,620.0,4.0,678.0,60.0,344,1,0,1,Biker
21,620.0,4.0,678.0,60.0,345,1,0,1,Biker
21,620.0,4.0,678.0,60.0,346,1,0,1,Biker
21,620.0,4.0,678.0,60.0,347,1,0,1,Biker
21,620.0,4.0,678.0,60.0,348,1,0,1,Biker
21,620.0,4.0,678.0,56.0,349,1,0,1,Biker
21,620.0,4.0,678.0,56.0,350,1,0,1,Biker
21,620.0,4.0,678.0,56.0,351,1,0,1,Biker
21,620.0,4.0,678.0,56.0,352,1,0,1,Biker
21,620.0,4.0,678.0,56.0,353,1,0,1,Biker
21,620.0,4.0,678.0,56.0,354,1,0,1,Biker
21,620.0,4.0,678.0,56.0,355,1,0,1,Biker
21,620.0,4.0,678.0,56.0,356,1,0,1,Biker
21,620.0,4.0,678.0,56.0,357,1,0,1,Biker
21,620.0,4.0,678.0,56.0,358,1,0,1,Biker
21,620.0,4.0,678.0,56.0,359,1,0,1,Biker
21,620.0,4.0,678.0,56.0,360,1,0,1,Biker
21,620.0,4.0,678.0,56.0,361,1,0,1,Biker
21,620.0,4.0,678.0,56.0,362,1,0,1,Biker
21,620.0,4.0,678.0,56.0,363,1,0,1,Biker
21,620.0,4.0,678.0,56.0,364,1,0,1,Biker
21,620.0,4.0,678.0,56.0,365,1,0,1,Biker
21,620.0,4.0,678.0,56.0,366,1,0,1,Biker
21,620.0,4.0,678.0,56.0,367,1,0,1,Biker
21,620.0,4.0,678.0,56.0,368,1,0,1,Biker
21,620.0,4.0,678.0,56.0,369,1,0,1,Biker
21,620.0,4.0,678.0,56.0,370,1,0,1,Biker
21,620.0,4.0,678.0,56.0,371,1,0,1,Biker
21,620.0,4.0,678.0,56.0,372,1,0,1,Biker
21,620.0,4.0,678.0,56.0,373,1,0,1,Biker
21,620.0,4.0,678.0,56.0,374,1,0,1,Biker
21,620.0,4.0,678.0,56.0,375,1,0,1,Biker
21,620.0,4.0,678.0,56.0,376,1,0,1,Biker
21,620.0,4.0,678.0,56.0,377,1,0,1,Biker
21,620.0,4.0,678.0,52.0,378,1,0,1,Biker
21,620.0,4.0,678.0,52.0,379,1,0,1,Biker
21,620.0,4.0,678.0,52.0,380,1,0,1,Biker
21,620.0,4.0,678.0,52.0,381,1,0,1,Biker
21,620.0,4.0,678.0,52.0,382,1,0,1,Biker
21,620.0,4.0,678.0,52.0,383,1,0,1,Biker
21,620.0,4.0,678.0,52.0,384,1,0,1,Biker
21,620.0,4.0,678.0,52.0,385,1,0,1,Biker
21,620.0,4.0,678.0,52.0,386,1,0,1,Biker
21,620.0,4.0,678.0,52.0,387,1,0,1,Biker
21,620.0,4.0,678.0,52.0,388,1,0,1,Biker
21,620.0,4.0,678.0,52.0,389,1,0,1,Biker
21,620.0,4.0,678.0,52.0,390,1,0,1,Biker
21,620.0,4.0,678.0,52.0,391,1,0,1,Biker
21,620.0,4.0,678.0,52.0,392,1,0,1,Biker
21,620.0,4.0,678.0,52.0,393,1,0,1,Biker
21,620.0,4.0,678.0,52.0,394,1,0,1,Biker
21,618.0,0.0,676.0,52.0,395,1,0,1,Biker
21,618.0,0.0,676.0,52.0,396,1,0,1,Biker
21,618.0,0.0,676.0,52.0,397,1,0,1,Biker
21,618.0,0.0,676.0,52.0,398,1,0,1,Biker
21,618.0,0.0,676.0,52.0,399,1,0,1,Biker
21,618.0,0.0,676.0,52.0,400,1,0,1,Biker
21,618.0,0.0,676.0,52.0,401,1,0,1,Biker
21,618.0,0.0,676.0,52.0,402,1,0,1,Biker
21,618.0,0.0,676.0,52.0,403,1,0,1,Biker
21,618.0,0.0,676.0,52.0,404,1,0,1,Biker
21,618.0,0.0,676.0,52.0,405,1,0,1,Biker
21,618.0,0.0,676.0,52.0,406,1,0,1,Biker
21,618.0,0.0,676.0,48.0,407,1,0,1,Biker
21,618.0,0.0,676.0,48.0,408,1,0,1,Biker
21,618.0,0.0,676.0,48.0,409,1,0,1,Biker
21,618.0,0.0,676.0,48.0,410,1,0,1,Biker
21,618.0,0.0,676.0,48.0,411,1,0,1,Biker
21,618.0,0.0,676.0,48.0,412,1,0,1,Biker
21,618.0,0.0,676.0,48.0,413,1,0,1,Biker
21,618.0,0.0,676.0,48.0,414,1,0,1,Biker
21,618.0,0.0,676.0,48.0,415,1,0,1,Biker
21,618.0,0.0,676.0,48.0,416,1,0,1,Biker
21,618.0,0.0,676.0,48.0,417,1,0,1,Biker
21,618.0,0.0,676.0,48.0,418,1,0,1,Biker
21,618.0,0.0,676.0,48.0,419,1,0,1,Biker
21,618.0,0.0,676.0,48.0,420,1,0,1,Biker
21,618.0,0.0,676.0,48.0,421,1,0,1,Biker
21,618.0,0.0,676.0,48.0,422,1,0,1,Biker
21,618.0,0.0,676.0,48.0,423,1,0,1,Biker
21,618.0,0.0,676.0,48.0,424,1,0,1,Biker
21,618.0,0.0,676.0,48.0,425,1,0,1,Biker
21,618.0,0.0,676.0,48.0,426,1,0,1,Biker
21,618.0,0.0,676.0,48.0,427,1,0,1,Biker
21,618.0,0.0,676.0,48.0,428,1,0,1,Biker
21,618.0,0.0,676.0,48.0,429,1,0,1,Biker
21,618.0,0.0,676.0,48.0,430,1,0,1,Biker
21,618.0,0.0,676.0,48.0,431,1,0,1,Biker
21,618.0,0.0,676.0,48.0,432,1,0,1,Biker
21,618.0,0.0,676.0,48.0,433,1,0,1,Biker
21,618.0,0.0,676.0,48.0,434,1,0,1,Biker
21,618.0,0.0,676.0,48.0,435,1,0,1,Biker
21,618.0,0.0,676.0,44.0,436,1,0,1,Biker
21,618.0,0.0,676.0,44.0,437,1,0,1,Biker
21,618.0,0.0,676.0,44.0,438,1,0,1,Biker
21,618.0,0.0,676.0,44.0,439,1,0,1,Biker
21,618.0,0.0,676.0,44.0,440,1,0,1,Biker
21,618.0,0.0,676.0,44.0,441,1,0,1,Biker
21,618.0,0.0,676.0,44.0,442,1,0,1,Biker
21,618.0,0.0,676.0,44.0,443,1,0,1,Biker
21,618.0,0.0,676.0,44.0,444,1,0,1,Biker
21,618.0,0.0,676.0,44.0,445,1,0,1,Biker
21,618.0,0.0,676.0,44.0,446,1,0,1,Biker
21,618.0,0.0,676.0,44.0,447,1,0,1,Biker
21,618.0,0.0,676.0,44.0,448,1,0,1,Biker
21,618.0,0.0,676.0,44.0,449,1,0,1,Biker
21,618.0,0.0,676.0,44.0,450,1,0,1,Biker
21,618.0,0.0,676.0,44.0,451,1,0,1,Biker
21,618.0,0.0,676.0,44.0,452,1,0,1,Biker
21,618.0,0.0,676.0,44.0,453,1,0,1,Biker
21,618.0,0.0,676.0,44.0,454,1,0,1,Biker
21,618.0,0.0,676.0,44.0,455,1,0,1,Biker
21,618.0,0.0,676.0,44.0,456,1,0,1,Biker
21,618.0,0.0,676.0,44.0,457,1,0,1,Biker
21,618.0,0.0,676.0,44.0,458,1,0,1,Biker
21,618.0,0.0,676.0,44.0,459,1,0,1,Biker
21,618.0,0.0,676.0,44.0,460,1,0,1,Biker
21,618.0,0.0,676.0,44.0,461,1,0,1,Biker
21,618.0,0.0,676.0,44.0,462,1,0,1,Biker
21,618.0,0.0,676.0,44.0,463,1,0,1,Biker
21,618.0,0.0,676.0,44.0,464,1,0,1,Biker
21,618.0,0.0,676.0,40.0,465,1,0,1,Biker
21,618.0,0.0,676.0,40.0,466,1,0,1,Biker
21,618.0,0.0,676.0,40.0,467,1,0,1,Biker
21,618.0,0.0,676.0,40.0,468,1,0,1,Biker
21,618.0,0.0,676.0,40.0,469,1,0,1,Biker
21,618.0,0.0,676.0,40.0,470,1,0,1,Biker
21,618.0,0.0,676.0,40.0,471,1,0,1,Biker
21,618.0,0.0,676.0,40.0,472,1,0,1,Biker
21,618.0,0.0,676.0,40.0,473,1,0,1,Biker
21,618.0,0.0,676.0,40.0,474,1,0,1,Biker
21,618.0,0.0,676.0,40.0,475,1,0,1,Biker
21,618.0,0.0,676.0,40.0,476,1,0,1,Biker
21,618.0,0.0,676.0,40.0,477,1,0,1,Biker
21,618.0,0.0,676.0,40.0,478,1,0,1,Biker
21,618.0,0.0,676.0,40.0,479,1,0,1,Biker
21,618.0,0.0,676.0,40.0,480,1,0,1,Biker
21,618.0,0.0,676.0,40.0,481,1,0,1,Biker
21,618.0,0.0,676.0,40.0,482,1,0,1,Biker
21,618.0,0.0,676.0,40.0,483,1,0,1,Biker
21,618.0,0.0,676.0,40.0,484,1,0,1,Biker
21,618.0,0.0,676.0,40.0,485,1,0,1,Biker
21,618.0,0.0,676.0,40.0,486,1,0,1,Biker
21,618.0,0.0,676.0,40.0,487,1,0,1,Biker
21,618.0,0.0,676.0,40.0,488,1,0,1,Biker
21,618.0,0.0,676.0,40.0,489,1,0,1,Biker
21,618.0,0.0,676.0,40.0,490,1,0,1,Biker
21,618.0,0.0,676.0,40.0,491,1,0,1,Biker
21,618.0,0.0,676.0,40.0,492,1,0,1,Biker
21,618.0,0.0,676.0,40.0,493,0,0,0,Biker
21,618.0,0.0,676.0,40.0,494,0,0,1,Biker
21,618.0,0.0,676.0,44.0,495,0,0,1,Biker
21,618.0,0.0,676.0,48.0,496,0,0,1,Biker
21,618.0,0.0,676.0,52.0,497,0,0,1,Biker
21,618.0,0.0,676.0,56.0,498,0,0,1,Biker
21,618.0,0.0,676.0,60.0,499,0,0,1,Biker
21,620.0,4.0,678.0,64.0,500,0,0,0,Biker
21,620.0,4.0,678.0,68.0,501,0,0,1,Biker
21,620.0,4.0,678.0,72.0,502,0,0,1,Biker
21,620.0,8.0,678.0,76.0,503,0,0,1,Biker
21,620.0,8.0,680.0,80.0,504,0,0,1,Biker
21,622.0,12.0,680.0,84.0,505,0,0,1,Biker
21,622.0,12.0,680.0,88.0,506,0,0,1,Biker
21,622.0,12.0,682.0,92.0,507,0,0,1,Biker
21,622.0,16.0,682.0,97.0,508,0,0,1,Biker
21,622.0,16.0,682.0,101.0,509,0,0,1,Biker
21,624.0,20.0,684.0,105.0,510,0,0,1,Biker
21,624.0,20.0,684.0,109.0,511,0,0,1,Biker
21,624.0,20.0,684.0,113.0,512,0,0,1,Biker
21,624.0,24.0,684.0,117.0,513,0,0,1,Biker
21,624.0,24.0,686.0,121.0,514,0,0,1,Biker
21,626.0,28.0,686.0,125.0,515,0,0,1,Biker
21,626.0,28.0,686.0,129.0,516,0,0,1,Biker
21,626.0,28.0,688.0,133.0,517,0,0,1,Biker
21,626.0,32.0,688.0,137.0,518,0,0,1,Biker
21,626.0,32.0,688.0,141.0,519,0,0,1,Biker
21,628.0,36.0,690.0,145.0,520,0,0,0,Biker
21,628.0,36.0,690.0,145.0,521,0,0,1,Biker
21,628.0,40.0,690.0,149.0,522,0,0,1,Biker
21,628.0,44.0,690.0,153.0,523,0,0,1,Biker
21,628.0,48.0,690.0,157.0,524,0,0,1,Biker
21,628.0,52.0,690.0,161.0,525,0,0,1,Biker
21,628.0,52.0,690.0,161.0,526,0,0,1,Biker
21,628.0,56.0,690.0,165.0,527,0,0,1,Biker
21,628.0,60.0,690.0,169.0,528,0,0,1,Biker
21,628.0,64.0,690.0,173.0,529,0,0,1,Biker
21,628.0,68.0,690.0,177.0,530,0,0,1,Biker
21,628.0,68.0,690.0,177.0,531,0,0,1,Biker
21,628.0,72.0,690.0,181.0,532,0,0,1,Biker
21,628.0,76.0,690.0,185.0,533,0,0,1,Biker
21,628.0,80.0,690.0,189.0,534,0,0,1,Biker
21,628.0,84.0,690.0,194.0,535,0,0,1,Biker
21,628.0,84.0,690.0,194.0,536,0,0,1,Biker
21,628.0,88.0,690.0,198.0,537,0,0,1,Biker
21,628.0,92.0,690.0,202.0,538,0,0,1,Biker
21,628.0,97.0,690.0,206.0,539,0,0,1,Biker
21,628.0,101.0,690.0,210.0,540,0,0,0,Biker
21,628.0,101.0,690.0,210.0,541,0,0,1,Biker
21,628.0,105.0,690.0,214.0,542,0,0,1,Biker
21,628.0,109.0,690.0,218.0,543,0,0,1,Biker
21,628.0,113.0,690.0,222.0,544,0,0,1,Biker
21,628.0,117.0,690.0,226.0,545,0,0,1,Biker
21,628.0,121.0,690.0,230.0,546,0,0,1,Biker
21,628.0,121.0,690.0,230.0,547,0,0,1,Biker
21,628.0,125.0,690.0,234.0,548,0,0,1,Biker
21,628.0,129.0,690.0,238.0,549,0,0,1,Biker
21,628.0,133.0,690.0,242.0,550,0,0,1,Biker
21,628.0,137.0,690.0,246.0,551,0,0,1,Biker
21,628.0,141.0,690.0,250.0,552,0,0,1,Biker
21,628.0,145.0,690.0,254.0,553,0,0,1,Biker
21,628.0,145.0,690.0,254.0,554,0,0,1,Biker
21,628.0,149.0,690.0,258.0,555,0,0,1,Biker
21,628.0,153.0,690.0,262.0,556,0,0,1,Biker
21,628.0,157.0,690.0,266.0,557,0,0,1,Biker
21,628.0,161.0,690.0,270.0,558,0,0,1,Biker
21,628.0,165.0,690.0,274.0,559,0,0,1,Biker
21,630.0,169.0,692.0,278.0,560,0,0,0,Biker
21,630.0,169.0,692.0,278.0,561,0,0,1,Biker
21,630.0,169.0,692.0,282.0,562,0,0,1,Biker
21,630.0,169.0,692.0,286.0,563,0,0,1,Biker
21,630.0,169.0,692.0,291.0,564,0,0,1,Biker
21,630.0,169.0,692.0,295.0,565,0,0,1,Biker
21,630.0,169.0,692.0,299.0,566,0,0,1,Biker
21,630.0,169.0,692.0,299.0,567,0,0,1,Biker
21,630.0,169.0,692.0,303.0,568,0,0,1,Biker
21,630.0,169.0,692.0,307.0,569,0,0,1,Biker
21,630.0,169.0,692.0,311.0,570,0,0,1,Biker
21,630.0,169.0,692.0,315.0,571,0,0,1,Biker
21,630.0,169.0,692.0,319.0,572,0,0,1,Biker
21,632.0,173.0,692.0,323.0,573,0,0,0,Biker
22,622.0,32.0,670.0,129.0,0,1,0,0,Biker
22,620.0,28.0,668.0,125.0,1,1,0,1,Biker
22,620.0,28.0,668.0,125.0,2,1,0,1,Biker
22,620.0,28.0,668.0,125.0,3,1,0,1,Biker
22,620.0,28.0,668.0,125.0,4,1,0,1,Biker
22,620.0,28.0,668.0,125.0,5,1,0,1,Biker
22,620.0,28.0,668.0,125.0,6,1,0,1,Biker
22,620.0,28.0,668.0,125.0,7,1,0,1,Biker
22,620.0,28.0,668.0,125.0,8,1,0,1,Biker
22,620.0,28.0,668.0,125.0,9,1,0,1,Biker
22,620.0,28.0,668.0,125.0,10,1,0,1,Biker
22,620.0,28.0,668.0,125.0,11,1,0,1,Biker
22,620.0,28.0,668.0,125.0,12,1,0,1,Biker
22,620.0,28.0,668.0,125.0,13,1,0,1,Biker
22,620.0,28.0,668.0,125.0,14,1,0,1,Biker
22,620.0,28.0,668.0,125.0,15,1,0,1,Biker
22,620.0,28.0,668.0,125.0,16,1,0,1,Biker
22,620.0,28.0,668.0,121.0,17,1,0,1,Biker
22,620.0,28.0,668.0,121.0,18,1,0,1,Biker
22,620.0,28.0,668.0,121.0,19,1,0,1,Biker
22,620.0,28.0,668.0,121.0,20,1,0,1,Biker
22,620.0,28.0,668.0,121.0,21,1,0,1,Biker
22,620.0,28.0,668.0,121.0,22,1,0,1,Biker
22,620.0,28.0,668.0,121.0,23,1,0,1,Biker
22,620.0,28.0,668.0,121.0,24,1,0,1,Biker
22,620.0,28.0,668.0,121.0,25,1,0,1,Biker
22,620.0,28.0,668.0,121.0,26,1,0,1,Biker
22,620.0,28.0,668.0,121.0,27,1,0,1,Biker
22,620.0,28.0,668.0,121.0,28,1,0,1,Biker
22,620.0,28.0,668.0,121.0,29,1,0,1,Biker
22,620.0,28.0,668.0,121.0,30,1,0,1,Biker
22,620.0,28.0,668.0,121.0,31,1,0,1,Biker
22,620.0,28.0,668.0,121.0,32,1,0,1,Biker
22,620.0,28.0,668.0,117.0,33,1,0,1,Biker
22,620.0,28.0,668.0,117.0,34,1,0,1,Biker
22,620.0,28.0,668.0,117.0,35,1,0,1,Biker
22,620.0,28.0,668.0,117.0,36,1,0,1,Biker
22,620.0,24.0,668.0,117.0,37,1,0,1,Biker
22,620.0,24.0,668.0,117.0,38,1,0,1,Biker
22,620.0,24.0,668.0,117.0,39,1,0,1,Biker
22,620.0,24.0,668.0,117.0,40,1,0,1,Biker
22,620.0,24.0,668.0,117.0,41,1,0,1,Biker
22,620.0,24.0,668.0,117.0,42,1,0,1,Biker
22,620.0,24.0,668.0,117.0,43,1,0,1,Biker
22,620.0,24.0,668.0,117.0,44,1,0,1,Biker
22,620.0,24.0,668.0,117.0,45,1,0,1,Biker
22,620.0,24.0,668.0,117.0,46,1,0,1,Biker
22,620.0,24.0,668.0,117.0,47,1,0,1,Biker
22,620.0,24.0,668.0,117.0,48,1,0,1,Biker
22,620.0,24.0,668.0,113.0,49,1,0,1,Biker
22,620.0,24.0,668.0,113.0,50,1,0,1,Biker
22,620.0,24.0,668.0,113.0,51,1,0,1,Biker
22,620.0,24.0,668.0,113.0,52,1,0,1,Biker
22,620.0,24.0,668.0,113.0,53,1,0,1,Biker
22,620.0,24.0,668.0,113.0,54,1,0,1,Biker
22,620.0,24.0,668.0,113.0,55,1,0,1,Biker
22,620.0,24.0,668.0,113.0,56,1,0,1,Biker
22,620.0,24.0,668.0,113.0,57,1,0,1,Biker
22,620.0,24.0,668.0,113.0,58,1,0,1,Biker
22,620.0,24.0,668.0,113.0,59,1,0,1,Biker
22,620.0,24.0,668.0,113.0,60,1,0,1,Biker
22,620.0,24.0,668.0,113.0,61,1,0,1,Biker
22,620.0,24.0,668.0,113.0,62,1,0,1,Biker
22,620.0,24.0,668.0,113.0,63,1,0,1,Biker
22,620.0,24.0,668.0,113.0,64,1,0,1,Biker
22,620.0,24.0,668.0,113.0,65,1,0,1,Biker
22,620.0,24.0,668.0,109.0,66,1,0,1,Biker
22,620.0,24.0,668.0,109.0,67,1,0,1,Biker
22,620.0,24.0,668.0,109.0,68,1,0,1,Biker
22,620.0,24.0,668.0,109.0,69,1,0,1,Biker
22,620.0,24.0,668.0,109.0,70,1,0,1,Biker
22,620.0,24.0,668.0,109.0,71,1,0,1,Biker
22,620.0,24.0,668.0,109.0,72,1,0,1,Biker
22,620.0,24.0,668.0,109.0,73,1,0,1,Biker
22,620.0,20.0,668.0,109.0,74,1,0,1,Biker
22,620.0,20.0,668.0,109.0,75,1,0,1,Biker
22,620.0,20.0,668.0,109.0,76,1,0,1,Biker
22,620.0,20.0,668.0,109.0,77,1,0,1,Biker
22,620.0,20.0,668.0,109.0,78,1,0,1,Biker
22,620.0,20.0,668.0,109.0,79,1,0,1,Biker
22,620.0,20.0,668.0,109.0,80,1,0,1,Biker
22,620.0,20.0,668.0,109.0,81,1,0,1,Biker
22,620.0,20.0,668.0,105.0,82,1,0,1,Biker
22,620.0,20.0,668.0,105.0,83,1,0,1,Biker
22,620.0,20.0,668.0,105.0,84,1,0,1,Biker
22,620.0,20.0,668.0,105.0,85,1,0,1,Biker
22,620.0,20.0,668.0,105.0,86,1,0,1,Biker
22,620.0,20.0,668.0,105.0,87,1,0,1,Biker
22,620.0,20.0,668.0,105.0,88,1,0,1,Biker
22,620.0,20.0,668.0,105.0,89,1,0,1,Biker
22,620.0,20.0,668.0,105.0,90,1,0,1,Biker
22,620.0,20.0,668.0,105.0,91,1,0,1,Biker
22,620.0,20.0,668.0,105.0,92,1,0,1,Biker
22,620.0,20.0,668.0,105.0,93,1,0,1,Biker
22,620.0,20.0,668.0,105.0,94,1,0,1,Biker
22,620.0,20.0,668.0,105.0,95,1,0,1,Biker
22,620.0,20.0,668.0,105.0,96,1,0,1,Biker
22,620.0,20.0,668.0,105.0,97,1,0,1,Biker
22,620.0,20.0,668.0,101.0,98,1,0,1,Biker
22,620.0,20.0,668.0,101.0,99,1,0,1,Biker
22,620.0,20.0,668.0,101.0,100,1,0,1,Biker
22,620.0,20.0,668.0,101.0,101,1,0,1,Biker
22,620.0,20.0,668.0,101.0,102,1,0,1,Biker
22,620.0,20.0,668.0,101.0,103,1,0,1,Biker
22,620.0,20.0,668.0,101.0,104,1,0,1,Biker
22,620.0,20.0,668.0,101.0,105,1,0,1,Biker
22,620.0,20.0,668.0,101.0,106,1,0,1,Biker
22,620.0,20.0,668.0,101.0,107,1,0,1,Biker
22,620.0,20.0,668.0,101.0,108,1,0,1,Biker
22,620.0,20.0,668.0,101.0,109,1,0,1,Biker
22,620.0,16.0,668.0,101.0,110,1,0,1,Biker
22,620.0,16.0,668.0,101.0,111,1,0,1,Biker
22,620.0,16.0,668.0,101.0,112,1,0,1,Biker
22,620.0,16.0,668.0,101.0,113,1,0,1,Biker
22,620.0,16.0,668.0,97.0,114,1,0,1,Biker
22,620.0,16.0,668.0,97.0,115,1,0,1,Biker
22,620.0,16.0,668.0,97.0,116,1,0,1,Biker
22,620.0,16.0,668.0,97.0,117,1,0,1,Biker
22,620.0,16.0,668.0,97.0,118,1,0,1,Biker
22,620.0,16.0,668.0,97.0,119,1,0,1,Biker
22,620.0,16.0,668.0,97.0,120,1,0,1,Biker
22,620.0,16.0,668.0,97.0,121,1,0,1,Biker
22,620.0,16.0,668.0,97.0,122,1,0,1,Biker
22,620.0,16.0,668.0,97.0,123,1,0,1,Biker
22,620.0,16.0,668.0,97.0,124,1,0,1,Biker
22,620.0,16.0,668.0,97.0,125,1,0,1,Biker
22,620.0,16.0,668.0,97.0,126,1,0,1,Biker
22,620.0,16.0,668.0,97.0,127,1,0,1,Biker
22,620.0,16.0,668.0,97.0,128,1,0,1,Biker
22,620.0,16.0,668.0,97.0,129,1,0,1,Biker
22,620.0,16.0,668.0,97.0,130,1,0,1,Biker
22,620.0,16.0,668.0,92.0,131,1,0,1,Biker
22,620.0,16.0,668.0,92.0,132,1,0,1,Biker
22,620.0,16.0,668.0,92.0,133,1,0,1,Biker
22,620.0,16.0,668.0,92.0,134,1,0,1,Biker
22,620.0,16.0,668.0,92.0,135,1,0,1,Biker
22,620.0,16.0,668.0,92.0,136,1,0,1,Biker
22,620.0,16.0,668.0,92.0,137,1,0,1,Biker
22,620.0,16.0,668.0,92.0,138,1,0,1,Biker
22,620.0,16.0,668.0,92.0,139,1,0,1,Biker
22,620.0,16.0,668.0,92.0,140,1,0,1,Biker
22,620.0,16.0,668.0,92.0,141,1,0,1,Biker
22,620.0,16.0,668.0,92.0,142,1,0,1,Biker
22,620.0,16.0,668.0,92.0,143,1,0,1,Biker
22,620.0,16.0,668.0,92.0,144,1,0,1,Biker
22,620.0,16.0,668.0,92.0,145,1,0,1,Biker
22,620.0,16.0,668.0,92.0,146,1,0,1,Biker
22,618.0,12.0,666.0,88.0,147,1,0,1,Biker
22,618.0,12.0,666.0,88.0,148,1,0,1,Biker
22,618.0,12.0,666.0,88.0,149,1,0,1,Biker
22,618.0,12.0,666.0,88.0,150,1,0,1,Biker
22,618.0,12.0,666.0,88.0,151,1,0,1,Biker
22,618.0,12.0,666.0,88.0,152,1,0,1,Biker
22,618.0,12.0,666.0,88.0,153,1,0,1,Biker
22,618.0,12.0,666.0,88.0,154,1,0,1,Biker
22,618.0,12.0,666.0,88.0,155,1,0,1,Biker
22,618.0,12.0,666.0,88.0,156,1,0,1,Biker
22,618.0,12.0,666.0,88.0,157,1,0,1,Biker
22,618.0,12.0,666.0,88.0,158,1,0,1,Biker
22,618.0,12.0,666.0,88.0,159,1,0,1,Biker
22,618.0,12.0,666.0,88.0,160,1,0,1,Biker
22,618.0,12.0,666.0,88.0,161,1,0,1,Biker
22,618.0,12.0,666.0,88.0,162,1,0,1,Biker
22,618.0,12.0,666.0,84.0,163,1,0,1,Biker
22,618.0,12.0,666.0,84.0,164,1,0,1,Biker
22,618.0,12.0,666.0,84.0,165,1,0,1,Biker
22,618.0,12.0,666.0,84.0,166,1,0,1,Biker
22,618.0,12.0,666.0,84.0,167,1,0,1,Biker
22,618.0,12.0,666.0,84.0,168,1,0,1,Biker
22,618.0,12.0,666.0,84.0,169,1,0,1,Biker
22,618.0,12.0,666.0,84.0,170,1,0,1,Biker
22,618.0,12.0,666.0,84.0,171,1,0,1,Biker
22,618.0,12.0,666.0,84.0,172,1,0,1,Biker
22,618.0,12.0,666.0,84.0,173,1,0,1,Biker
22,618.0,12.0,666.0,84.0,174,1,0,1,Biker
22,618.0,12.0,666.0,84.0,175,1,0,1,Biker
22,618.0,12.0,666.0,84.0,176,1,0,1,Biker
22,618.0,12.0,666.0,84.0,177,1,0,1,Biker
22,618.0,12.0,666.0,84.0,178,1,0,1,Biker
22,618.0,12.0,666.0,84.0,179,1,0,1,Biker
22,618.0,12.0,666.0,80.0,180,1,0,1,Biker
22,618.0,12.0,666.0,80.0,181,1,0,1,Biker
22,618.0,12.0,666.0,80.0,182,1,0,1,Biker
22,618.0,12.0,666.0,80.0,183,1,0,1,Biker
22,618.0,8.0,666.0,80.0,184,1,0,1,Biker
22,618.0,8.0,666.0,80.0,185,1,0,1,Biker
22,618.0,8.0,666.0,80.0,186,1,0,1,Biker
22,618.0,8.0,666.0,80.0,187,1,0,1,Biker
22,618.0,8.0,666.0,80.0,188,1,0,1,Biker
22,618.0,8.0,666.0,80.0,189,1,0,1,Biker
22,618.0,8.0,666.0,80.0,190,1,0,1,Biker
22,618.0,8.0,666.0,80.0,191,1,0,1,Biker
22,618.0,8.0,666.0,80.0,192,1,0,1,Biker
22,618.0,8.0,666.0,80.0,193,1,0,1,Biker
22,618.0,8.0,666.0,80.0,194,1,0,1,Biker
22,618.0,8.0,666.0,80.0,195,1,0,1,Biker
22,618.0,8.0,666.0,76.0,196,1,0,1,Biker
22,618.0,8.0,666.0,76.0,197,1,0,1,Biker
22,618.0,8.0,666.0,76.0,198,1,0,1,Biker
22,618.0,8.0,666.0,76.0,199,1,0,1,Biker
22,618.0,8.0,666.0,76.0,200,1,0,1,Biker
22,618.0,8.0,666.0,76.0,201,1,0,1,Biker
22,618.0,8.0,666.0,76.0,202,1,0,1,Biker
22,618.0,8.0,666.0,76.0,203,1,0,1,Biker
22,618.0,8.0,666.0,76.0,204,1,0,1,Biker
22,618.0,8.0,666.0,76.0,205,1,0,1,Biker
22,618.0,8.0,666.0,76.0,206,1,0,1,Biker
22,618.0,8.0,666.0,76.0,207,1,0,1,Biker
22,618.0,8.0,666.0,76.0,208,1,0,1,Biker
22,618.0,8.0,666.0,76.0,209,1,0,1,Biker
22,618.0,8.0,666.0,76.0,210,1,0,1,Biker
22,618.0,8.0,666.0,76.0,211,1,0,1,Biker
22,618.0,8.0,666.0,72.0,212,1,0,1,Biker
22,618.0,8.0,666.0,72.0,213,1,0,1,Biker
22,618.0,8.0,666.0,72.0,214,1,0,1,Biker
22,618.0,8.0,666.0,72.0,215,1,0,1,Biker
22,618.0,8.0,666.0,72.0,216,1,0,1,Biker
22,618.0,8.0,666.0,72.0,217,1,0,1,Biker
22,618.0,8.0,666.0,72.0,218,1,0,1,Biker
22,618.0,8.0,666.0,72.0,219,1,0,1,Biker
22,618.0,4.0,666.0,72.0,220,1,0,1,Biker
22,618.0,4.0,666.0,72.0,221,1,0,1,Biker
22,618.0,4.0,666.0,72.0,222,1,0,1,Biker
22,618.0,4.0,666.0,72.0,223,1,0,1,Biker
22,618.0,4.0,666.0,72.0,224,1,0,1,Biker
22,618.0,4.0,666.0,72.0,225,1,0,1,Biker
22,618.0,4.0,666.0,72.0,226,1,0,1,Biker
22,618.0,4.0,666.0,72.0,227,1,0,1,Biker
22,618.0,4.0,666.0,68.0,228,1,0,1,Biker
22,618.0,4.0,666.0,68.0,229,1,0,1,Biker
22,618.0,4.0,666.0,68.0,230,1,0,1,Biker
22,618.0,4.0,666.0,68.0,231,1,0,1,Biker
22,618.0,4.0,666.0,68.0,232,1,0,1,Biker
22,618.0,4.0,666.0,68.0,233,1,0,1,Biker
22,618.0,4.0,666.0,68.0,234,1,0,1,Biker
22,618.0,4.0,666.0,68.0,235,1,0,1,Biker
22,618.0,4.0,666.0,68.0,236,1,0,1,Biker
22,618.0,4.0,666.0,68.0,237,1,0,1,Biker
22,618.0,4.0,666.0,68.0,238,1,0,1,Biker
22,618.0,4.0,666.0,68.0,239,1,0,1,Biker
22,618.0,4.0,666.0,68.0,240,1,0,1,Biker
22,618.0,4.0,666.0,68.0,241,1,0,1,Biker
22,618.0,4.0,666.0,68.0,242,1,0,1,Biker
22,618.0,4.0,666.0,68.0,243,1,0,1,Biker
22,618.0,4.0,666.0,68.0,244,1,0,1,Biker
22,618.0,4.0,666.0,64.0,245,1,0,1,Biker
22,618.0,4.0,666.0,64.0,246,1,0,1,Biker
22,618.0,4.0,666.0,64.0,247,1,0,1,Biker
22,618.0,4.0,666.0,64.0,248,1,0,1,Biker
22,618.0,4.0,666.0,64.0,249,1,0,1,Biker
22,618.0,4.0,666.0,64.0,250,1,0,1,Biker
22,618.0,4.0,666.0,64.0,251,1,0,1,Biker
22,618.0,4.0,666.0,64.0,252,1,0,1,Biker
22,618.0,4.0,666.0,64.0,253,1,0,1,Biker
22,618.0,4.0,666.0,64.0,254,1,0,1,Biker
22,618.0,4.0,666.0,64.0,255,1,0,1,Biker
22,618.0,4.0,666.0,64.0,256,1,0,1,Biker
22,618.0,0.0,666.0,64.0,257,1,0,1,Biker
22,618.0,0.0,666.0,64.0,258,1,0,1,Biker
22,618.0,0.0,666.0,64.0,259,1,0,1,Biker
22,618.0,0.0,666.0,64.0,260,1,0,1,Biker
22,618.0,0.0,666.0,60.0,261,1,0,1,Biker
22,618.0,0.0,666.0,60.0,262,1,0,1,Biker
22,618.0,0.0,666.0,60.0,263,1,0,1,Biker
22,618.0,0.0,666.0,60.0,264,1,0,1,Biker
22,618.0,0.0,666.0,60.0,265,1,0,1,Biker
22,618.0,0.0,666.0,60.0,266,1,0,1,Biker
22,618.0,0.0,666.0,60.0,267,1,0,1,Biker
22,618.0,0.0,666.0,60.0,268,1,0,1,Biker
22,618.0,0.0,666.0,60.0,269,1,0,1,Biker
22,618.0,0.0,666.0,60.0,270,1,0,1,Biker
22,618.0,0.0,666.0,60.0,271,1,0,1,Biker
22,618.0,0.0,666.0,60.0,272,1,0,1,Biker
22,618.0,0.0,666.0,60.0,273,1,0,1,Biker
22,618.0,0.0,666.0,60.0,274,1,0,1,Biker
22,618.0,0.0,666.0,60.0,275,1,0,1,Biker
22,618.0,0.0,666.0,60.0,276,1,0,1,Biker
22,618.0,0.0,666.0,56.0,277,1,0,1,Biker
22,618.0,0.0,666.0,56.0,278,1,0,1,Biker
22,618.0,0.0,666.0,56.0,279,1,0,1,Biker
22,618.0,0.0,666.0,56.0,280,1,0,1,Biker
22,618.0,0.0,666.0,56.0,281,1,0,1,Biker
22,618.0,0.0,666.0,56.0,282,1,0,1,Biker
22,618.0,0.0,666.0,56.0,283,1,0,1,Biker
22,618.0,0.0,666.0,56.0,284,1,0,1,Biker
22,618.0,0.0,666.0,56.0,285,1,0,1,Biker
22,618.0,0.0,666.0,56.0,286,1,0,1,Biker
22,618.0,0.0,666.0,56.0,287,1,0,1,Biker
22,618.0,0.0,666.0,56.0,288,1,0,1,Biker
22,618.0,0.0,666.0,56.0,289,1,0,1,Biker
22,618.0,0.0,666.0,56.0,290,1,0,1,Biker
22,618.0,0.0,666.0,56.0,291,1,0,1,Biker
22,618.0,0.0,666.0,56.0,292,1,0,1,Biker
22,618.0,0.0,666.0,56.0,293,0,0,0,Biker
22,618.0,0.0,666.0,60.0,294,0,0,1,Biker
22,618.0,0.0,666.0,64.0,295,0,0,1,Biker
22,618.0,4.0,666.0,68.0,296,0,0,1,Biker
22,618.0,4.0,666.0,72.0,297,0,0,1,Biker
22,618.0,8.0,666.0,76.0,298,0,0,1,Biker
22,618.0,8.0,666.0,80.0,299,0,0,1,Biker
22,618.0,12.0,666.0,84.0,300,0,0,1,Biker
22,618.0,12.0,666.0,88.0,301,0,0,1,Biker
22,620.0,16.0,668.0,92.0,302,0,0,1,Biker
22,620.0,16.0,668.0,97.0,303,0,0,1,Biker
22,620.0,20.0,668.0,101.0,304,0,0,1,Biker
22,620.0,20.0,668.0,105.0,305,0,0,1,Biker
22,620.0,24.0,668.0,109.0,306,0,0,1,Biker
22,620.0,24.0,668.0,113.0,307,0,0,1,Biker
22,620.0,28.0,668.0,117.0,308,0,0,1,Biker
22,620.0,28.0,668.0,121.0,309,0,0,1,Biker
22,622.0,32.0,670.0,129.0,310,0,0,0,Biker
22,622.0,36.0,670.0,133.0,311,0,0,1,Biker
22,622.0,40.0,670.0,137.0,312,0,0,1,Biker
22,622.0,44.0,670.0,141.0,313,0,0,1,Biker
22,622.0,48.0,670.0,145.0,314,0,0,1,Biker
22,622.0,52.0,670.0,149.0,315,0,0,1,Biker
22,624.0,56.0,672.0,153.0,316,0,0,1,Biker
22,624.0,60.0,672.0,157.0,317,0,0,1,Biker
22,624.0,64.0,672.0,161.0,318,0,0,1,Biker
22,624.0,68.0,672.0,165.0,319,0,0,1,Biker
22,624.0,72.0,672.0,169.0,320,0,0,1,Biker
22,624.0,76.0,672.0,173.0,321,0,0,1,Biker
22,626.0,80.0,674.0,177.0,322,0,0,1,Biker
22,626.0,84.0,674.0,181.0,323,0,0,1,Biker
22,626.0,92.0,674.0,189.0,324,0,0,1,Biker
22,626.0,97.0,674.0,194.0,325,0,0,1,Biker
22,626.0,101.0,674.0,198.0,326,0,0,1,Biker
22,628.0,105.0,676.0,202.0,327,0,0,1,Biker
22,628.0,109.0,676.0,206.0,328,0,0,1,Biker
22,628.0,113.0,676.0,210.0,329,0,0,1,Biker
22,628.0,117.0,676.0,214.0,330,0,0,1,Biker
22,628.0,121.0,676.0,218.0,331,0,0,1,Biker
22,628.0,125.0,676.0,222.0,332,0,0,1,Biker
22,630.0,129.0,678.0,226.0,333,0,0,1,Biker
22,630.0,133.0,678.0,230.0,334,0,0,1,Biker
22,630.0,137.0,678.0,234.0,335,0,0,1,Biker
22,630.0,141.0,678.0,238.0,336,0,0,1,Biker
22,630.0,149.0,678.0,246.0,337,0,0,1,Biker
22,630.0,153.0,678.0,250.0,338,0,0,1,Biker
22,632.0,157.0,680.0,254.0,339,0,0,1,Biker
22,632.0,161.0,680.0,258.0,340,0,0,1,Biker
22,632.0,165.0,680.0,262.0,341,0,0,1,Biker
22,632.0,169.0,680.0,266.0,342,0,0,1,Biker
22,632.0,173.0,680.0,270.0,343,0,0,1,Biker
22,634.0,177.0,682.0,274.0,344,0,0,1,Biker
22,634.0,181.0,682.0,278.0,345,0,0,1,Biker
22,634.0,185.0,682.0,282.0,346,0,0,1,Biker
22,634.0,189.0,682.0,286.0,347,0,0,1,Biker
22,634.0,194.0,682.0,291.0,348,0,0,1,Biker
22,634.0,198.0,682.0,295.0,349,0,0,1,Biker
22,636.0,206.0,684.0,303.0,350,0,0,1,Biker
22,636.0,210.0,684.0,307.0,351,0,0,1,Biker
22,636.0,214.0,684.0,311.0,352,0,0,1,Biker
22,636.0,218.0,684.0,315.0,353,0,0,1,Biker
22,636.0,222.0,684.0,319.0,354,0,0,1,Biker
22,636.0,226.0,684.0,323.0,355,0,0,1,Biker
22,638.0,230.0,686.0,327.0,356,0,0,1,Biker
22,638.0,234.0,686.0,331.0,357,0,0,1,Biker
22,638.0,238.0,686.0,335.0,358,0,0,1,Biker
22,638.0,242.0,686.0,339.0,359,0,0,1,Biker
22,638.0,246.0,686.0,343.0,360,0,0,1,Biker
22,640.0,250.0,688.0,347.0,361,0,0,1,Biker
22,640.0,254.0,688.0,351.0,362,0,0,1,Biker
22,640.0,262.0,688.0,359.0,363,0,0,1,Biker
22,640.0,266.0,688.0,363.0,364,0,0,1,Biker
22,640.0,270.0,688.0,367.0,365,0,0,1,Biker
22,640.0,274.0,688.0,371.0,366,0,0,1,Biker
22,642.0,278.0,690.0,375.0,367,0,0,1,Biker
22,642.0,282.0,690.0,379.0,368,0,0,1,Biker
22,642.0,286.0,690.0,383.0,369,0,0,1,Biker
22,642.0,291.0,690.0,388.0,370,0,0,1,Biker
22,642.0,295.0,690.0,392.0,371,0,0,1,Biker
22,642.0,299.0,690.0,396.0,372,0,0,1,Biker
22,644.0,303.0,692.0,400.0,373,0,0,1,Biker
22,644.0,307.0,692.0,404.0,374,0,0,1,Biker
22,644.0,311.0,692.0,408.0,375,0,0,1,Biker
22,644.0,319.0,692.0,416.0,376,0,0,1,Biker
22,644.0,323.0,692.0,420.0,377,0,0,1,Biker
22,646.0,327.0,694.0,424.0,378,0,0,1,Biker
22,646.0,331.0,694.0,428.0,379,0,0,1,Biker
22,646.0,335.0,694.0,432.0,380,0,0,1,Biker
22,646.0,339.0,694.0,436.0,381,0,0,1,Biker
22,646.0,343.0,694.0,440.0,382,0,0,1,Biker
22,646.0,347.0,694.0,444.0,383,0,0,1,Biker
22,648.0,351.0,696.0,448.0,384,0,0,1,Biker
22,648.0,355.0,696.0,452.0,385,0,0,1,Biker
22,648.0,359.0,696.0,456.0,386,0,0,1,Biker
22,648.0,363.0,696.0,460.0,387,0,0,1,Biker
22,648.0,367.0,696.0,464.0,388,0,0,1,Biker
22,650.0,375.0,698.0,472.0,389,0,0,0,Biker
22,648.0,375.0,696.0,472.0,390,0,0,1,Biker
22,648.0,379.0,696.0,476.0,391,0,0,1,Biker
22,648.0,383.0,696.0,480.0,392,0,0,1,Biker
22,648.0,388.0,696.0,485.0,393,0,0,1,Biker
22,648.0,392.0,696.0,489.0,394,0,0,1,Biker
22,646.0,396.0,694.0,493.0,395,0,0,1,Biker
22,646.0,400.0,694.0,497.0,396,0,0,1,Biker
22,646.0,404.0,694.0,501.0,397,0,0,1,Biker
22,646.0,408.0,694.0,505.0,398,0,0,1,Biker
22,646.0,412.0,694.0,509.0,399,0,0,1,Biker
22,644.0,416.0,692.0,513.0,400,0,0,1,Biker
22,644.0,420.0,692.0,517.0,401,0,0,1,Biker
22,644.0,424.0,692.0,521.0,402,0,0,1,Biker
22,644.0,428.0,692.0,525.0,403,0,0,1,Biker
22,644.0,432.0,692.0,529.0,404,0,0,1,Biker
22,642.0,432.0,690.0,529.0,405,0,0,1,Biker
22,642.0,436.0,690.0,533.0,406,0,0,1,Biker
22,642.0,440.0,690.0,537.0,407,0,0,1,Biker
22,642.0,444.0,690.0,541.0,408,0,0,1,Biker
22,642.0,448.0,690.0,545.0,409,0,0,1,Biker
22,640.0,452.0,688.0,549.0,410,0,0,1,Biker
22,640.0,456.0,688.0,553.0,411,0,0,1,Biker
22,640.0,460.0,688.0,557.0,412,0,0,1,Biker
22,640.0,464.0,688.0,561.0,413,0,0,1,Biker
22,640.0,468.0,688.0,565.0,414,0,0,1,Biker
22,638.0,472.0,686.0,569.0,415,0,0,1,Biker
22,638.0,476.0,686.0,573.0,416,0,0,1,Biker
22,638.0,480.0,686.0,577.0,417,0,0,1,Biker
22,638.0,485.0,686.0,582.0,418,0,0,1,Biker
22,638.0,489.0,686.0,586.0,419,0,0,1,Biker
22,638.0,493.0,686.0,590.0,420,0,0,1,Biker
22,636.0,493.0,684.0,590.0,421,0,0,1,Biker
22,636.0,497.0,684.0,594.0,422,0,0,1,Biker
22,636.0,501.0,684.0,598.0,423,0,0,1,Biker
22,636.0,505.0,684.0,602.0,424,0,0,1,Biker
22,636.0,509.0,684.0,606.0,425,0,0,1,Biker
22,634.0,513.0,682.0,610.0,426,0,0,1,Biker
22,634.0,517.0,682.0,614.0,427,0,0,1,Biker
22,634.0,521.0,682.0,618.0,428,0,0,1,Biker
22,634.0,525.0,682.0,622.0,429,0,0,1,Biker
22,634.0,529.0,682.0,626.0,430,0,0,1,Biker
22,632.0,533.0,680.0,630.0,431,0,0,1,Biker
22,632.0,537.0,680.0,634.0,432,0,0,1,Biker
22,632.0,541.0,680.0,638.0,433,0,0,1,Biker
22,632.0,545.0,680.0,642.0,434,0,0,1,Biker
22,632.0,549.0,680.0,646.0,435,0,0,1,Biker
22,630.0,549.0,678.0,646.0,436,0,0,1,Biker
22,630.0,553.0,678.0,650.0,437,0,0,1,Biker
22,630.0,557.0,678.0,654.0,438,0,0,1,Biker
22,630.0,561.0,678.0,658.0,439,0,0,1,Biker
22,630.0,565.0,678.0,662.0,440,0,0,1,Biker
22,628.0,569.0,676.0,666.0,441,0,0,1,Biker
22,628.0,573.0,676.0,670.0,442,0,0,1,Biker
22,628.0,577.0,676.0,674.0,443,0,0,1,Biker
22,628.0,582.0,676.0,679.0,444,0,0,1,Biker
22,628.0,586.0,676.0,683.0,445,0,0,1,Biker
22,626.0,590.0,674.0,687.0,446,0,0,1,Biker
22,626.0,594.0,674.0,691.0,447,0,0,1,Biker
22,626.0,598.0,674.0,695.0,448,0,0,1,Biker
22,626.0,602.0,674.0,699.0,449,0,0,1,Biker
22,626.0,606.0,674.0,703.0,450,0,0,1,Biker
22,626.0,610.0,674.0,707.0,451,0,0,0,Biker
22,626.0,610.0,674.0,707.0,452,0,0,1,Biker
22,626.0,614.0,674.0,711.0,453,0,0,1,Biker
22,626.0,618.0,674.0,715.0,454,0,0,1,Biker
22,626.0,622.0,674.0,719.0,455,0,0,1,Biker
22,626.0,626.0,674.0,723.0,456,0,0,1,Biker
22,626.0,630.0,674.0,727.0,457,0,0,1,Biker
22,626.0,634.0,674.0,731.0,458,0,0,1,Biker
22,626.0,638.0,674.0,735.0,459,0,0,1,Biker
22,626.0,642.0,674.0,739.0,460,0,0,1,Biker
22,626.0,646.0,674.0,743.0,461,0,0,1,Biker
22,626.0,646.0,674.0,743.0,462,0,0,1,Biker
22,626.0,650.0,674.0,747.0,463,0,0,1,Biker
22,626.0,654.0,674.0,751.0,464,0,0,1,Biker
22,626.0,658.0,674.0,755.0,465,0,0,1,Biker
22,626.0,662.0,674.0,759.0,466,0,0,1,Biker
22,626.0,666.0,674.0,763.0,467,0,0,1,Biker
22,626.0,670.0,674.0,767.0,468,0,0,1,Biker
22,626.0,674.0,674.0,771.0,469,0,0,1,Biker
22,626.0,679.0,674.0,776.0,470,0,0,1,Biker
22,626.0,683.0,674.0,780.0,471,0,0,0,Biker
22,626.0,683.0,674.0,780.0,472,0,0,1,Biker
22,628.0,687.0,676.0,784.0,473,0,0,1,Biker
22,628.0,691.0,676.0,788.0,474,0,0,1,Biker
22,630.0,695.0,678.0,792.0,475,0,0,1,Biker
22,632.0,695.0,680.0,792.0,476,0,0,1,Biker
22,632.0,699.0,680.0,796.0,477,0,0,1,Biker
22,634.0,703.0,682.0,800.0,478,0,0,1,Biker
22,634.0,707.0,682.0,804.0,479,0,0,1,Biker
22,636.0,707.0,684.0,804.0,480,0,0,1,Biker
22,638.0,711.0,686.0,808.0,481,0,0,1,Biker
22,638.0,715.0,686.0,812.0,482,0,0,1,Biker
22,640.0,719.0,688.0,816.0,483,0,0,1,Biker
22,642.0,719.0,690.0,816.0,484,0,0,1,Biker
22,642.0,723.0,690.0,820.0,485,0,0,1,Biker
22,644.0,727.0,692.0,824.0,486,0,0,1,Biker
22,644.0,731.0,692.0,828.0,487,0,0,1,Biker
22,646.0,731.0,694.0,828.0,488,0,0,1,Biker
22,648.0,735.0,696.0,832.0,489,0,0,1,Biker
22,648.0,739.0,696.0,836.0,490,0,0,1,Biker
22,650.0,743.0,698.0,840.0,491,0,0,1,Biker
22,652.0,743.0,700.0,840.0,492,0,0,1,Biker
22,652.0,747.0,700.0,844.0,493,0,0,1,Biker
22,654.0,751.0,702.0,848.0,494,0,0,1,Biker
22,654.0,755.0,702.0,852.0,495,0,0,1,Biker
22,656.0,755.0,704.0,852.0,496,0,0,1,Biker
22,658.0,759.0,706.0,856.0,497,0,0,1,Biker
22,658.0,763.0,706.0,860.0,498,0,0,1,Biker
22,660.0,767.0,708.0,864.0,499,0,0,1,Biker
22,662.0,771.0,710.0,868.0,500,0,0,0,Biker
22,662.0,771.0,710.0,868.0,501,0,0,1,Biker
22,662.0,776.0,712.0,873.0,502,0,0,1,Biker
22,662.0,776.0,712.0,877.0,503,0,0,1,Biker
22,662.0,780.0,714.0,881.0,504,0,0,1,Biker
22,662.0,780.0,716.0,881.0,505,0,0,1,Biker
22,662.0,784.0,716.0,885.0,506,0,0,1,Biker
22,662.0,784.0,718.0,889.0,507,0,0,1,Biker
22,662.0,788.0,718.0,893.0,508,0,0,1,Biker
22,662.0,788.0,720.0,893.0,509,0,0,1,Biker
22,664.0,792.0,722.0,897.0,510,0,0,1,Biker
22,664.0,792.0,722.0,901.0,511,0,0,1,Biker
22,664.0,796.0,725.0,905.0,512,0,0,1,Biker
22,664.0,796.0,725.0,905.0,513,0,0,1,Biker
22,664.0,800.0,727.0,909.0,514,0,0,1,Biker
22,664.0,800.0,729.0,913.0,515,0,0,1,Biker
22,664.0,804.0,729.0,917.0,516,0,0,1,Biker
22,664.0,804.0,731.0,917.0,517,0,0,1,Biker
22,664.0,808.0,731.0,921.0,518,0,0,1,Biker
22,664.0,808.0,733.0,925.0,519,0,0,1,Biker
22,666.0,812.0,735.0,929.0,520,0,0,0,Biker
22,666.0,816.0,735.0,933.0,521,0,0,1,Biker
22,666.0,820.0,735.0,937.0,522,0,0,1,Biker
22,666.0,824.0,735.0,941.0,523,0,0,1,Biker
22,666.0,828.0,735.0,945.0,524,0,0,1,Biker
22,666.0,832.0,735.0,949.0,525,0,0,1,Biker
22,666.0,836.0,735.0,953.0,526,0,0,1,Biker
22,666.0,840.0,735.0,957.0,527,0,0,1,Biker
22,666.0,844.0,735.0,961.0,528,0,0,1,Biker
22,666.0,848.0,735.0,965.0,529,0,0,1,Biker
22,666.0,856.0,735.0,974.0,530,0,0,1,Biker
22,666.0,860.0,735.0,978.0,531,0,0,1,Biker
22,666.0,864.0,735.0,982.0,532,0,0,1,Biker
22,666.0,868.0,735.0,986.0,533,0,0,1,Biker
22,666.0,873.0,735.0,990.0,534,0,0,1,Biker
22,666.0,877.0,735.0,994.0,535,0,0,1,Biker
22,666.0,881.0,735.0,998.0,536,0,0,1,Biker
22,666.0,885.0,735.0,1002.0,537,0,0,1,Biker
22,666.0,889.0,735.0,1006.0,538,0,0,1,Biker
22,666.0,893.0,735.0,1010.0,539,0,0,1,Biker
22,668.0,901.0,737.0,1018.0,540,0,0,0,Biker
22,666.0,901.0,735.0,1018.0,541,0,0,1,Biker
22,666.0,905.0,735.0,1022.0,542,0,0,1,Biker
22,666.0,909.0,735.0,1026.0,543,0,0,1,Biker
22,666.0,913.0,735.0,1030.0,544,0,0,1,Biker
22,664.0,917.0,733.0,1034.0,545,0,0,1,Biker
22,664.0,921.0,733.0,1038.0,546,0,0,1,Biker
22,664.0,925.0,733.0,1042.0,547,0,0,1,Biker
22,664.0,929.0,733.0,1046.0,548,0,0,1,Biker
22,662.0,933.0,731.0,1050.0,549,0,0,1,Biker
22,662.0,937.0,731.0,1054.0,550,0,0,1,Biker
22,662.0,941.0,731.0,1058.0,551,0,0,1,Biker
22,662.0,945.0,731.0,1062.0,552,0,0,1,Biker
22,660.0,949.0,729.0,1067.0,553,0,0,1,Biker
22,660.0,953.0,729.0,1071.0,554,0,0,1,Biker
22,660.0,957.0,729.0,1075.0,555,0,0,1,Biker
22,660.0,961.0,729.0,1079.0,556,0,0,1,Biker
22,658.0,965.0,727.0,1083.0,557,0,0,1,Biker
22,658.0,970.0,727.0,1087.0,558,0,0,1,Biker
22,658.0,974.0,727.0,1091.0,559,0,0,1,Biker
22,658.0,978.0,727.0,1095.0,560,0,0,0,Biker
22,656.0,978.0,725.0,1095.0,561,0,0,1,Biker
22,654.0,982.0,722.0,1099.0,562,0,0,1,Biker
22,654.0,986.0,722.0,1103.0,563,0,0,1,Biker
22,652.0,990.0,720.0,1107.0,564,0,0,1,Biker
22,652.0,994.0,720.0,1111.0,565,0,0,1,Biker
22,650.0,998.0,718.0,1115.0,566,0,0,1,Biker
22,650.0,998.0,718.0,1115.0,567,0,0,1,Biker
22,648.0,1002.0,716.0,1119.0,568,0,0,1,Biker
22,648.0,1006.0,716.0,1123.0,569,0,0,1,Biker
22,646.0,1010.0,714.0,1127.0,570,0,0,1,Biker
22,646.0,1014.0,714.0,1131.0,571,0,0,1,Biker
22,644.0,1018.0,712.0,1135.0,572,0,0,1,Biker
22,644.0,1022.0,712.0,1139.0,573,0,0,0,Biker
23,120.0,800.0,155.0,868.0,0,0,0,0,Pedestrian
23,120.0,800.0,155.0,868.0,1,0,0,1,Pedestrian
23,122.0,800.0,157.0,868.0,2,0,0,1,Pedestrian
23,122.0,800.0,157.0,868.0,3,0,0,1,Pedestrian
23,124.0,800.0,159.0,868.0,4,0,0,1,Pedestrian
23,126.0,800.0,161.0,868.0,5,0,0,1,Pedestrian
23,126.0,800.0,161.0,868.0,6,0,0,1,Pedestrian
23,128.0,800.0,163.0,868.0,7,0,0,1,Pedestrian
23,130.0,800.0,165.0,868.0,8,0,0,1,Pedestrian
23,130.0,800.0,165.0,868.0,9,0,0,1,Pedestrian
23,132.0,800.0,167.0,868.0,10,0,0,1,Pedestrian
23,134.0,800.0,169.0,868.0,11,0,0,1,Pedestrian
23,134.0,800.0,169.0,868.0,12,0,0,1,Pedestrian
23,136.0,800.0,171.0,868.0,13,0,0,1,Pedestrian
23,138.0,800.0,173.0,868.0,14,0,0,1,Pedestrian
23,138.0,800.0,173.0,868.0,15,0,0,1,Pedestrian
23,140.0,800.0,175.0,868.0,16,0,0,1,Pedestrian
23,142.0,800.0,177.0,868.0,17,0,0,1,Pedestrian
23,142.0,800.0,177.0,868.0,18,0,0,1,Pedestrian
23,145.0,800.0,179.0,868.0,19,0,0,1,Pedestrian
23,147.0,800.0,181.0,868.0,20,0,0,1,Pedestrian
23,147.0,800.0,181.0,868.0,21,0,0,1,Pedestrian
23,149.0,800.0,183.0,868.0,22,0,0,1,Pedestrian
23,151.0,800.0,185.0,868.0,23,0,0,1,Pedestrian
23,151.0,800.0,185.0,868.0,24,0,0,1,Pedestrian
23,153.0,800.0,187.0,868.0,25,0,0,1,Pedestrian
23,155.0,800.0,189.0,868.0,26,0,0,1,Pedestrian
23,155.0,800.0,189.0,868.0,27,0,0,1,Pedestrian
23,157.0,800.0,191.0,868.0,28,0,0,1,Pedestrian
23,159.0,800.0,193.0,868.0,29,0,0,1,Pedestrian
23,159.0,800.0,193.0,873.0,30,0,0,1,Pedestrian
23,161.0,800.0,195.0,873.0,31,0,0,1,Pedestrian
23,161.0,800.0,195.0,873.0,32,0,0,1,Pedestrian
23,163.0,800.0,197.0,873.0,33,0,0,1,Pedestrian
23,165.0,800.0,199.0,873.0,34,0,0,1,Pedestrian
23,165.0,800.0,199.0,873.0,35,0,0,1,Pedestrian
23,167.0,800.0,201.0,873.0,36,0,0,1,Pedestrian
23,169.0,800.0,203.0,873.0,37,0,0,1,Pedestrian
23,169.0,800.0,203.0,873.0,38,0,0,1,Pedestrian
23,171.0,800.0,205.0,873.0,39,0,0,1,Pedestrian
23,173.0,800.0,207.0,873.0,40,0,0,1,Pedestrian
23,173.0,800.0,207.0,873.0,41,0,0,1,Pedestrian
23,175.0,800.0,209.0,873.0,42,0,0,1,Pedestrian
23,177.0,800.0,211.0,873.0,43,0,0,1,Pedestrian
23,177.0,800.0,211.0,873.0,44,0,0,1,Pedestrian
23,179.0,804.0,213.0,873.0,45,0,0,1,Pedestrian
23,181.0,804.0,215.0,873.0,46,0,0,1,Pedestrian
23,181.0,804.0,215.0,873.0,47,0,0,1,Pedestrian
23,183.0,804.0,217.0,873.0,48,0,0,1,Pedestrian
23,185.0,804.0,219.0,873.0,49,0,0,1,Pedestrian
23,185.0,804.0,219.0,873.0,50,0,0,1,Pedestrian
23,187.0,804.0,221.0,873.0,51,0,0,1,Pedestrian
23,189.0,804.0,223.0,873.0,52,0,0,1,Pedestrian
23,189.0,804.0,223.0,873.0,53,0,0,1,Pedestrian
23,191.0,804.0,225.0,873.0,54,0,0,1,Pedestrian
23,193.0,804.0,227.0,873.0,55,0,0,1,Pedestrian
23,193.0,804.0,227.0,873.0,56,0,0,1,Pedestrian
23,195.0,804.0,229.0,873.0,57,0,0,1,Pedestrian
23,197.0,804.0,231.0,873.0,58,0,0,1,Pedestrian
23,197.0,804.0,231.0,873.0,59,0,0,1,Pedestrian
23,199.0,804.0,233.0,877.0,60,0,0,1,Pedestrian
23,199.0,804.0,233.0,877.0,61,0,0,1,Pedestrian
23,201.0,804.0,235.0,877.0,62,0,0,1,Pedestrian
23,203.0,804.0,237.0,877.0,63,0,0,1,Pedestrian
23,203.0,804.0,237.0,877.0,64,0,0,1,Pedestrian
23,205.0,804.0,239.0,877.0,65,0,0,1,Pedestrian
23,207.0,804.0,241.0,877.0,66,0,0,1,Pedestrian
23,207.0,804.0,241.0,877.0,67,0,0,1,Pedestrian
23,209.0,804.0,243.0,877.0,68,0,0,1,Pedestrian
23,211.0,804.0,245.0,877.0,69,0,0,1,Pedestrian
23,211.0,804.0,245.0,877.0,70,0,0,1,Pedestrian
23,213.0,804.0,247.0,877.0,71,0,0,1,Pedestrian
23,215.0,804.0,249.0,877.0,72,0,0,1,Pedestrian
23,215.0,804.0,249.0,877.0,73,0,0,1,Pedestrian
23,217.0,804.0,251.0,877.0,74,0,0,1,Pedestrian
23,219.0,804.0,253.0,877.0,75,0,0,1,Pedestrian
23,219.0,804.0,253.0,877.0,76,0,0,1,Pedestrian
23,221.0,804.0,255.0,877.0,77,0,0,1,Pedestrian
23,223.0,804.0,257.0,877.0,78,0,0,1,Pedestrian
23,223.0,804.0,257.0,877.0,79,0,0,1,Pedestrian
23,225.0,804.0,259.0,877.0,80,0,0,1,Pedestrian
23,227.0,804.0,261.0,877.0,81,0,0,1,Pedestrian
23,227.0,804.0,261.0,877.0,82,0,0,1,Pedestrian
23,229.0,804.0,263.0,877.0,83,0,0,1,Pedestrian
23,231.0,804.0,265.0,877.0,84,0,0,1,Pedestrian
23,231.0,804.0,265.0,877.0,85,0,0,1,Pedestrian
23,233.0,804.0,267.0,877.0,86,0,0,1,Pedestrian
23,235.0,804.0,269.0,877.0,87,0,0,1,Pedestrian
23,235.0,804.0,269.0,877.0,88,0,0,1,Pedestrian
23,237.0,804.0,271.0,877.0,89,0,0,1,Pedestrian
23,239.0,808.0,273.0,881.0,90,0,0,0,Pedestrian
23,239.0,808.0,273.0,881.0,91,0,0,1,Pedestrian
23,241.0,808.0,275.0,881.0,92,0,0,1,Pedestrian
23,243.0,808.0,277.0,881.0,93,0,0,1,Pedestrian
23,243.0,808.0,277.0,881.0,94,0,0,1,Pedestrian
23,245.0,808.0,279.0,881.0,95,0,0,1,Pedestrian
23,247.0,808.0,281.0,881.0,96,0,0,1,Pedestrian
23,247.0,808.0,281.0,881.0,97,0,0,1,Pedestrian
23,249.0,808.0,283.0,881.0,98,0,0,1,Pedestrian
23,251.0,808.0,285.0,881.0,99,0,0,1,Pedestrian
23,251.0,808.0,285.0,881.0,100,0,0,1,Pedestrian
23,253.0,808.0,287.0,881.0,101,0,0,1,Pedestrian
23,255.0,808.0,290.0,881.0,102,0,0,1,Pedestrian
23,255.0,808.0,290.0,881.0,103,0,0,1,Pedestrian
23,257.0,808.0,292.0,881.0,104,0,0,1,Pedestrian
23,259.0,808.0,294.0,881.0,105,0,0,1,Pedestrian
23,259.0,808.0,294.0,881.0,106,0,0,1,Pedestrian
23,261.0,808.0,296.0,881.0,107,0,0,1,Pedestrian
23,263.0,808.0,298.0,881.0,108,0,0,1,Pedestrian
23,263.0,808.0,298.0,881.0,109,0,0,1,Pedestrian
23,265.0,808.0,300.0,881.0,110,0,0,1,Pedestrian
23,267.0,808.0,302.0,881.0,111,0,0,1,Pedestrian
23,269.0,808.0,304.0,881.0,112,0,0,1,Pedestrian
23,269.0,808.0,304.0,881.0,113,0,0,1,Pedestrian
23,271.0,808.0,306.0,881.0,114,0,0,1,Pedestrian
23,273.0,808.0,308.0,881.0,115,0,0,1,Pedestrian
23,273.0,808.0,308.0,881.0,116,0,0,1,Pedestrian
23,275.0,808.0,310.0,881.0,117,0,0,1,Pedestrian
23,277.0,808.0,312.0,881.0,118,0,0,1,Pedestrian
23,277.0,808.0,312.0,881.0,119,0,0,1,Pedestrian
23,279.0,808.0,314.0,881.0,120,0,0,1,Pedestrian
23,281.0,808.0,316.0,881.0,121,0,0,1,Pedestrian
23,281.0,808.0,316.0,881.0,122,0,0,1,Pedestrian
23,283.0,808.0,318.0,881.0,123,0,0,1,Pedestrian
23,285.0,808.0,320.0,881.0,124,0,0,1,Pedestrian
23,285.0,808.0,320.0,881.0,125,0,0,1,Pedestrian
23,287.0,808.0,322.0,881.0,126,0,0,1,Pedestrian
23,290.0,808.0,324.0,881.0,127,0,0,1,Pedestrian
23,290.0,808.0,324.0,881.0,128,0,0,1,Pedestrian
23,292.0,808.0,326.0,881.0,129,0,0,1,Pedestrian
23,294.0,808.0,328.0,881.0,130,0,0,1,Pedestrian
23,296.0,808.0,330.0,881.0,131,0,0,1,Pedestrian
23,296.0,808.0,330.0,881.0,132,0,0,1,Pedestrian
23,298.0,808.0,332.0,881.0,133,0,0,1,Pedestrian
23,300.0,808.0,334.0,881.0,134,0,0,1,Pedestrian
23,300.0,808.0,334.0,881.0,135,0,0,1,Pedestrian
23,302.0,808.0,336.0,881.0,136,0,0,1,Pedestrian
23,304.0,808.0,338.0,881.0,137,0,0,1,Pedestrian
23,304.0,808.0,338.0,881.0,138,0,0,1,Pedestrian
23,306.0,808.0,340.0,881.0,139,0,0,1,Pedestrian
23,308.0,808.0,342.0,881.0,140,0,0,1,Pedestrian
23,308.0,808.0,342.0,881.0,141,0,0,1,Pedestrian
23,310.0,808.0,344.0,881.0,142,0,0,1,Pedestrian
23,312.0,808.0,346.0,881.0,143,0,0,1,Pedestrian
23,312.0,808.0,346.0,881.0,144,0,0,1,Pedestrian
23,314.0,808.0,348.0,881.0,145,0,0,1,Pedestrian
23,316.0,808.0,350.0,881.0,146,0,0,1,Pedestrian
23,316.0,808.0,350.0,881.0,147,0,0,1,Pedestrian
23,318.0,808.0,352.0,881.0,148,0,0,1,Pedestrian
23,320.0,808.0,354.0,881.0,149,0,0,1,Pedestrian
23,322.0,808.0,356.0,881.0,150,0,0,0,Pedestrian
23,322.0,808.0,356.0,881.0,151,0,0,1,Pedestrian
23,324.0,808.0,358.0,881.0,152,0,0,1,Pedestrian
23,326.0,808.0,360.0,881.0,153,0,0,1,Pedestrian
23,326.0,808.0,360.0,881.0,154,0,0,1,Pedestrian
23,328.0,808.0,362.0,881.0,155,0,0,1,Pedestrian
23,330.0,808.0,364.0,881.0,156,0,0,1,Pedestrian
23,330.0,808.0,364.0,881.0,157,0,0,1,Pedestrian
23,332.0,808.0,366.0,881.0,158,0,0,1,Pedestrian
23,334.0,808.0,368.0,881.0,159,0,0,1,Pedestrian
23,336.0,808.0,370.0,881.0,160,0,0,1,Pedestrian
23,336.0,808.0,370.0,881.0,161,0,0,1,Pedestrian
23,338.0,808.0,372.0,881.0,162,0,0,1,Pedestrian
23,340.0,808.0,374.0,881.0,163,0,0,1,Pedestrian
23,340.0,808.0,374.0,881.0,164,0,0,1,Pedestrian
23,342.0,808.0,376.0,881.0,165,0,0,1,Pedestrian
23,344.0,808.0,378.0,881.0,166,0,0,1,Pedestrian
23,344.0,808.0,378.0,881.0,167,0,0,1,Pedestrian
23,346.0,808.0,380.0,881.0,168,0,0,1,Pedestrian
23,348.0,808.0,382.0,881.0,169,0,0,1,Pedestrian
23,350.0,808.0,384.0,881.0,170,0,0,1,Pedestrian
23,350.0,808.0,384.0,881.0,171,0,0,1,Pedestrian
23,352.0,808.0,386.0,881.0,172,0,0,1,Pedestrian
23,354.0,808.0,388.0,881.0,173,0,0,1,Pedestrian
23,354.0,808.0,388.0,881.0,174,0,0,1,Pedestrian
23,356.0,808.0,390.0,881.0,175,0,0,1,Pedestrian
23,358.0,808.0,392.0,881.0,176,0,0,1,Pedestrian
23,358.0,808.0,392.0,881.0,177,0,0,1,Pedestrian
23,360.0,808.0,394.0,881.0,178,0,0,1,Pedestrian
23,362.0,808.0,396.0,881.0,179,0,0,1,Pedestrian
23,364.0,808.0,398.0,881.0,180,0,0,1,Pedestrian
23,364.0,808.0,398.0,881.0,181,0,0,1,Pedestrian
23,366.0,808.0,400.0,881.0,182,0,0,1,Pedestrian
23,368.0,808.0,402.0,881.0,183,0,0,1,Pedestrian
23,368.0,808.0,402.0,881.0,184,0,0,1,Pedestrian
23,370.0,812.0,404.0,885.0,185,0,0,1,Pedestrian
23,372.0,812.0,406.0,885.0,186,0,0,1,Pedestrian
23,372.0,812.0,406.0,885.0,187,0,0,1,Pedestrian
23,374.0,812.0,408.0,885.0,188,0,0,1,Pedestrian
23,376.0,812.0,410.0,885.0,189,0,0,1,Pedestrian
23,378.0,812.0,412.0,885.0,190,0,0,1,Pedestrian
23,378.0,812.0,412.0,885.0,191,0,0,1,Pedestrian
23,380.0,812.0,414.0,885.0,192,0,0,1,Pedestrian
23,382.0,812.0,416.0,885.0,193,0,0,1,Pedestrian
23,382.0,812.0,416.0,885.0,194,0,0,1,Pedestrian
23,384.0,812.0,418.0,885.0,195,0,0,1,Pedestrian
23,386.0,812.0,420.0,885.0,196,0,0,1,Pedestrian
23,386.0,812.0,420.0,885.0,197,0,0,1,Pedestrian
23,388.0,812.0,422.0,885.0,198,0,0,1,Pedestrian
23,390.0,812.0,424.0,885.0,199,0,0,1,Pedestrian
23,392.0,812.0,426.0,885.0,200,0,0,1,Pedestrian
23,392.0,812.0,426.0,885.0,201,0,0,1,Pedestrian
23,394.0,812.0,428.0,885.0,202,0,0,1,Pedestrian
23,396.0,812.0,430.0,885.0,203,0,0,1,Pedestrian
23,396.0,812.0,430.0,885.0,204,0,0,1,Pedestrian
23,398.0,812.0,432.0,885.0,205,0,0,1,Pedestrian
23,400.0,812.0,435.0,885.0,206,0,0,1,Pedestrian
23,400.0,812.0,435.0,885.0,207,0,0,1,Pedestrian
23,402.0,812.0,437.0,885.0,208,0,0,1,Pedestrian
23,404.0,812.0,439.0,885.0,209,0,0,1,Pedestrian
23,406.0,812.0,441.0,885.0,210,0,0,1,Pedestrian
23,406.0,812.0,441.0,885.0,211,0,0,1,Pedestrian
23,408.0,812.0,443.0,885.0,212,0,0,1,Pedestrian
23,410.0,812.0,445.0,885.0,213,0,0,1,Pedestrian
23,410.0,812.0,445.0,885.0,214,0,0,1,Pedestrian
23,412.0,812.0,447.0,885.0,215,0,0,1,Pedestrian
23,414.0,812.0,449.0,885.0,216,0,0,1,Pedestrian
23,414.0,812.0,449.0,885.0,217,0,0,1,Pedestrian
23,416.0,812.0,451.0,885.0,218,0,0,1,Pedestrian
23,418.0,812.0,453.0,885.0,219,0,0,1,Pedestrian
23,420.0,816.0,455.0,889.0,220,0,0,0,Pedestrian
23,420.0,816.0,455.0,889.0,221,0,0,1,Pedestrian
23,422.0,816.0,457.0,889.0,222,0,0,1,Pedestrian
23,422.0,816.0,457.0,889.0,223,0,0,1,Pedestrian
23,424.0,816.0,459.0,889.0,224,0,0,1,Pedestrian
23,424.0,816.0,459.0,889.0,225,0,0,1,Pedestrian
23,426.0,816.0,461.0,889.0,226,0,0,1,Pedestrian
23,426.0,816.0,461.0,889.0,227,0,0,1,Pedestrian
23,428.0,816.0,463.0,889.0,228,0,0,1,Pedestrian
23,428.0,816.0,463.0,889.0,229,0,0,1,Pedestrian
23,430.0,816.0,465.0,889.0,230,0,0,1,Pedestrian
23,430.0,816.0,465.0,889.0,231,0,0,1,Pedestrian
23,432.0,816.0,467.0,889.0,232,0,0,1,Pedestrian
23,432.0,816.0,467.0,889.0,233,0,0,1,Pedestrian
23,435.0,816.0,469.0,889.0,234,0,0,1,Pedestrian
23,437.0,816.0,471.0,889.0,235,0,0,1,Pedestrian
23,437.0,816.0,471.0,889.0,236,0,0,1,Pedestrian
23,439.0,816.0,473.0,889.0,237,0,0,1,Pedestrian
23,439.0,816.0,473.0,889.0,238,0,0,1,Pedestrian
23,441.0,816.0,475.0,889.0,239,0,0,1,Pedestrian
23,441.0,816.0,475.0,889.0,240,0,0,1,Pedestrian
23,443.0,816.0,477.0,889.0,241,0,0,1,Pedestrian
23,443.0,816.0,477.0,889.0,242,0,0,1,Pedestrian
23,445.0,816.0,479.0,889.0,243,0,0,1,Pedestrian
23,445.0,816.0,479.0,889.0,244,0,0,1,Pedestrian
23,447.0,816.0,481.0,889.0,245,0,0,1,Pedestrian
23,447.0,816.0,481.0,889.0,246,0,0,1,Pedestrian
23,449.0,816.0,483.0,889.0,247,0,0,1,Pedestrian
23,449.0,816.0,483.0,889.0,248,0,0,1,Pedestrian
23,451.0,816.0,485.0,889.0,249,0,0,1,Pedestrian
23,453.0,820.0,487.0,893.0,250,0,0,1,Pedestrian
23,453.0,820.0,487.0,893.0,251,0,0,1,Pedestrian
23,455.0,820.0,489.0,893.0,252,0,0,1,Pedestrian
23,455.0,820.0,489.0,893.0,253,0,0,1,Pedestrian
23,457.0,820.0,491.0,893.0,254,0,0,1,Pedestrian
23,457.0,820.0,491.0,893.0,255,0,0,1,Pedestrian
23,459.0,820.0,493.0,893.0,256,0,0,1,Pedestrian
23,459.0,820.0,493.0,893.0,257,0,0,1,Pedestrian
23,461.0,820.0,495.0,893.0,258,0,0,1,Pedestrian
23,461.0,820.0,495.0,893.0,259,0,0,1,Pedestrian
23,463.0,820.0,497.0,893.0,260,0,0,1,Pedestrian
23,463.0,820.0,497.0,893.0,261,0,0,1,Pedestrian
23,465.0,820.0,499.0,893.0,262,0,0,1,Pedestrian
23,465.0,820.0,499.0,893.0,263,0,0,1,Pedestrian
23,467.0,820.0,501.0,893.0,264,0,0,1,Pedestrian
23,469.0,820.0,503.0,893.0,265,0,0,1,Pedestrian
23,469.0,820.0,503.0,893.0,266,0,0,1,Pedestrian
23,471.0,820.0,505.0,893.0,267,0,0,1,Pedestrian
23,471.0,820.0,505.0,893.0,268,0,0,1,Pedestrian
23,473.0,820.0,507.0,893.0,269,0,0,1,Pedestrian
23,473.0,820.0,507.0,893.0,270,0,0,1,Pedestrian
23,475.0,820.0,509.0,893.0,271,0,0,1,Pedestrian
23,475.0,820.0,509.0,893.0,272,0,0,1,Pedestrian
23,477.0,820.0,511.0,893.0,273,0,0,1,Pedestrian
23,477.0,820.0,511.0,893.0,274,0,0,1,Pedestrian
23,479.0,820.0,513.0,893.0,275,0,0,1,Pedestrian
23,479.0,820.0,513.0,893.0,276,0,0,1,Pedestrian
23,481.0,820.0,515.0,893.0,277,0,0,1,Pedestrian
23,481.0,820.0,515.0,893.0,278,0,0,1,Pedestrian
23,483.0,820.0,517.0,893.0,279,0,0,1,Pedestrian
23,485.0,824.0,519.0,897.0,280,0,0,0,Pedestrian
23,485.0,824.0,519.0,897.0,281,0,0,1,Pedestrian
23,485.0,824.0,519.0,897.0,282,0,0,1,Pedestrian
23,485.0,824.0,519.0,897.0,283,0,0,1,Pedestrian
23,487.0,824.0,521.0,897.0,284,0,0,1,Pedestrian
23,487.0,824.0,521.0,897.0,285,0,0,1,Pedestrian
23,487.0,824.0,521.0,897.0,286,0,0,1,Pedestrian
23,487.0,824.0,521.0,897.0,287,0,0,1,Pedestrian
23,489.0,824.0,523.0,897.0,288,0,0,1,Pedestrian
23,489.0,824.0,523.0,897.0,289,0,0,1,Pedestrian
23,489.0,824.0,523.0,897.0,290,0,0,1,Pedestrian
23,489.0,824.0,525.0,897.0,291,0,0,1,Pedestrian
23,491.0,824.0,525.0,897.0,292,0,0,1,Pedestrian
23,491.0,824.0,525.0,897.0,293,0,0,1,Pedestrian
23,491.0,824.0,525.0,897.0,294,0,0,1,Pedestrian
23,491.0,824.0,527.0,897.0,295,0,0,1,Pedestrian
23,493.0,824.0,527.0,897.0,296,0,0,1,Pedestrian
23,493.0,824.0,527.0,897.0,297,0,0,1,Pedestrian
23,493.0,824.0,529.0,897.0,298,0,0,1,Pedestrian
23,493.0,824.0,529.0,897.0,299,0,0,1,Pedestrian
23,495.0,824.0,529.0,897.0,300,0,0,1,Pedestrian
23,495.0,824.0,529.0,897.0,301,0,0,1,Pedestrian
23,495.0,824.0,531.0,897.0,302,0,0,1,Pedestrian
23,495.0,824.0,531.0,897.0,303,0,0,1,Pedestrian
23,497.0,824.0,531.0,897.0,304,0,0,1,Pedestrian
23,497.0,828.0,533.0,901.0,305,0,0,1,Pedestrian
23,497.0,828.0,533.0,901.0,306,0,0,1,Pedestrian
23,499.0,828.0,533.0,901.0,307,0,0,1,Pedestrian
23,499.0,828.0,533.0,901.0,308,0,0,1,Pedestrian
23,499.0,828.0,535.0,901.0,309,0,0,1,Pedestrian
23,499.0,828.0,535.0,901.0,310,0,0,1,Pedestrian
23,501.0,828.0,535.0,901.0,311,0,0,1,Pedestrian
23,501.0,828.0,535.0,901.0,312,0,0,1,Pedestrian
23,501.0,828.0,537.0,901.0,313,0,0,1,Pedestrian
23,501.0,828.0,537.0,901.0,314,0,0,1,Pedestrian
23,503.0,828.0,537.0,901.0,315,0,0,1,Pedestrian
23,503.0,828.0,539.0,901.0,316,0,0,1,Pedestrian
23,503.0,828.0,539.0,901.0,317,0,0,1,Pedestrian
23,503.0,828.0,539.0,901.0,318,0,0,1,Pedestrian
23,505.0,828.0,539.0,901.0,319,0,0,1,Pedestrian
23,505.0,828.0,541.0,901.0,320,0,0,1,Pedestrian
23,505.0,828.0,541.0,901.0,321,0,0,1,Pedestrian
23,505.0,828.0,541.0,901.0,322,0,0,1,Pedestrian
23,507.0,828.0,543.0,901.0,323,0,0,1,Pedestrian
23,507.0,828.0,543.0,901.0,324,0,0,1,Pedestrian
23,507.0,828.0,543.0,901.0,325,0,0,1,Pedestrian
23,507.0,828.0,543.0,901.0,326,0,0,1,Pedestrian
23,509.0,828.0,545.0,901.0,327,0,0,1,Pedestrian
23,509.0,828.0,545.0,901.0,328,0,0,1,Pedestrian
23,509.0,828.0,545.0,901.0,329,0,0,1,Pedestrian
23,511.0,832.0,547.0,905.0,330,0,0,0,Pedestrian
23,511.0,832.0,547.0,905.0,331,0,0,1,Pedestrian
23,511.0,832.0,547.0,905.0,332,0,0,1,Pedestrian
23,513.0,832.0,549.0,905.0,333,0,0,1,Pedestrian
23,513.0,832.0,549.0,905.0,334,0,0,1,Pedestrian
23,515.0,832.0,551.0,905.0,335,0,0,1,Pedestrian
23,515.0,832.0,551.0,905.0,336,0,0,1,Pedestrian
23,517.0,832.0,553.0,905.0,337,0,0,1,Pedestrian
23,517.0,832.0,553.0,905.0,338,0,0,1,Pedestrian
23,517.0,832.0,553.0,905.0,339,0,0,1,Pedestrian
23,519.0,832.0,555.0,905.0,340,0,0,1,Pedestrian
23,519.0,832.0,555.0,905.0,341,0,0,1,Pedestrian
23,521.0,832.0,557.0,905.0,342,0,0,1,Pedestrian
23,521.0,832.0,557.0,905.0,343,0,0,1,Pedestrian
23,523.0,832.0,559.0,905.0,344,0,0,1,Pedestrian
23,523.0,832.0,559.0,905.0,345,0,0,1,Pedestrian
23,523.0,832.0,559.0,905.0,346,0,0,1,Pedestrian
23,525.0,832.0,561.0,905.0,347,0,0,1,Pedestrian
23,525.0,832.0,561.0,905.0,348,0,0,1,Pedestrian
23,527.0,832.0,563.0,905.0,349,0,0,1,Pedestrian
23,527.0,832.0,563.0,905.0,350,0,0,1,Pedestrian
23,529.0,832.0,565.0,905.0,351,0,0,1,Pedestrian
23,529.0,832.0,565.0,905.0,352,0,0,1,Pedestrian
23,529.0,832.0,565.0,905.0,353,0,0,1,Pedestrian
23,531.0,832.0,567.0,905.0,354,0,0,1,Pedestrian
23,531.0,832.0,567.0,905.0,355,0,0,1,Pedestrian
23,533.0,832.0,569.0,905.0,356,0,0,1,Pedestrian
23,533.0,832.0,569.0,905.0,357,0,0,1,Pedestrian
23,535.0,832.0,571.0,905.0,358,0,0,1,Pedestrian
23,535.0,832.0,571.0,905.0,359,0,0,1,Pedestrian
23,537.0,832.0,573.0,905.0,360,0,0,1,Pedestrian
23,537.0,832.0,573.0,905.0,361,0,0,1,Pedestrian
23,537.0,832.0,573.0,905.0,362,0,0,1,Pedestrian
23,539.0,832.0,575.0,905.0,363,0,0,1,Pedestrian
23,539.0,832.0,575.0,905.0,364,0,0,1,Pedestrian
23,541.0,832.0,577.0,905.0,365,0,0,1,Pedestrian
23,541.0,832.0,577.0,905.0,366,0,0,1,Pedestrian
23,543.0,832.0,580.0,905.0,367,0,0,1,Pedestrian
23,543.0,832.0,580.0,905.0,368,0,0,1,Pedestrian
23,543.0,832.0,580.0,905.0,369,0,0,1,Pedestrian
23,545.0,832.0,582.0,905.0,370,0,0,1,Pedestrian
23,545.0,832.0,582.0,905.0,371,0,0,1,Pedestrian
23,547.0,832.0,584.0,905.0,372,0,0,1,Pedestrian
23,547.0,832.0,584.0,905.0,373,0,0,1,Pedestrian
23,549.0,832.0,586.0,905.0,374,0,0,1,Pedestrian
23,549.0,832.0,586.0,905.0,375,0,0,1,Pedestrian
23,549.0,832.0,586.0,905.0,376,0,0,1,Pedestrian
23,551.0,832.0,588.0,905.0,377,0,0,1,Pedestrian
23,551.0,832.0,588.0,905.0,378,0,0,1,Pedestrian
23,553.0,832.0,590.0,905.0,379,0,0,1,Pedestrian
23,553.0,832.0,590.0,905.0,380,0,0,1,Pedestrian
23,555.0,832.0,592.0,905.0,381,0,0,1,Pedestrian
23,555.0,832.0,592.0,905.0,382,0,0,1,Pedestrian
23,555.0,832.0,592.0,905.0,383,0,0,1,Pedestrian
23,557.0,832.0,594.0,905.0,384,0,0,1,Pedestrian
23,557.0,832.0,594.0,905.0,385,0,0,1,Pedestrian
23,559.0,832.0,596.0,905.0,386,0,0,1,Pedestrian
23,559.0,832.0,596.0,905.0,387,0,0,1,Pedestrian
23,561.0,832.0,598.0,905.0,388,0,0,1,Pedestrian
23,561.0,832.0,598.0,905.0,389,0,0,1,Pedestrian
23,563.0,836.0,600.0,909.0,390,0,0,0,Pedestrian
23,563.0,836.0,600.0,909.0,391,0,0,1,Pedestrian
23,563.0,836.0,600.0,909.0,392,0,0,1,Pedestrian
23,565.0,836.0,602.0,909.0,393,0,0,1,Pedestrian
23,565.0,836.0,602.0,909.0,394,0,0,1,Pedestrian
23,567.0,836.0,604.0,909.0,395,0,0,1,Pedestrian
23,567.0,836.0,604.0,909.0,396,0,0,1,Pedestrian
23,567.0,836.0,604.0,909.0,397,0,0,1,Pedestrian
23,569.0,836.0,606.0,909.0,398,0,0,1,Pedestrian
23,569.0,836.0,606.0,909.0,399,0,0,1,Pedestrian
23,571.0,840.0,608.0,913.0,400,0,0,1,Pedestrian
23,571.0,840.0,608.0,913.0,401,0,0,1,Pedestrian
23,571.0,840.0,608.0,913.0,402,0,0,1,Pedestrian
23,573.0,840.0,610.0,913.0,403,0,0,1,Pedestrian
23,573.0,840.0,610.0,913.0,404,0,0,1,Pedestrian
23,575.0,840.0,612.0,913.0,405,0,0,1,Pedestrian
23,575.0,840.0,612.0,913.0,406,0,0,1,Pedestrian
23,575.0,840.0,612.0,913.0,407,0,0,1,Pedestrian
23,577.0,840.0,614.0,913.0,408,0,0,1,Pedestrian
23,577.0,840.0,614.0,913.0,409,0,0,1,Pedestrian
23,580.0,844.0,616.0,917.0,410,0,0,1,Pedestrian
23,580.0,844.0,616.0,917.0,411,0,0,1,Pedestrian
23,580.0,844.0,616.0,917.0,412,0,0,1,Pedestrian
23,582.0,844.0,618.0,917.0,413,0,0,1,Pedestrian
23,582.0,844.0,618.0,917.0,414,0,0,1,Pedestrian
23,584.0,844.0,620.0,917.0,415,0,0,1,Pedestrian
23,584.0,844.0,620.0,917.0,416,0,0,1,Pedestrian
23,584.0,844.0,620.0,917.0,417,0,0,1,Pedestrian
23,586.0,844.0,622.0,917.0,418,0,0,1,Pedestrian
23,586.0,844.0,622.0,917.0,419,0,0,1,Pedestrian
23,588.0,848.0,624.0,921.0,420,0,0,1,Pedestrian
23,588.0,848.0,624.0,921.0,421,0,0,1,Pedestrian
23,588.0,848.0,624.0,921.0,422,0,0,1,Pedestrian
23,590.0,848.0,626.0,921.0,423,0,0,1,Pedestrian
23,590.0,848.0,626.0,921.0,424,0,0,1,Pedestrian
23,592.0,848.0,628.0,921.0,425,0,0,1,Pedestrian
23,592.0,848.0,628.0,921.0,426,0,0,1,Pedestrian
23,592.0,848.0,628.0,921.0,427,0,0,1,Pedestrian
23,594.0,848.0,630.0,921.0,428,0,0,1,Pedestrian
23,594.0,848.0,630.0,921.0,429,0,0,1,Pedestrian
23,596.0,852.0,632.0,925.0,430,0,0,1,Pedestrian
23,596.0,852.0,632.0,925.0,431,0,0,1,Pedestrian
23,596.0,852.0,632.0,925.0,432,0,0,1,Pedestrian
23,598.0,852.0,634.0,925.0,433,0,0,1,Pedestrian
23,598.0,852.0,634.0,925.0,434,0,0,1,Pedestrian
23,600.0,852.0,636.0,925.0,435,0,0,1,Pedestrian
23,600.0,852.0,636.0,925.0,436,0,0,1,Pedestrian
23,600.0,852.0,636.0,925.0,437,0,0,1,Pedestrian
23,602.0,852.0,638.0,925.0,438,0,0,1,Pedestrian
23,602.0,852.0,638.0,925.0,439,0,0,1,Pedestrian
23,604.0,856.0,640.0,929.0,440,0,0,1,Pedestrian
23,604.0,856.0,640.0,929.0,441,0,0,1,Pedestrian
23,604.0,856.0,640.0,929.0,442,0,0,1,Pedestrian
23,606.0,856.0,642.0,929.0,443,0,0,1,Pedestrian
23,606.0,856.0,642.0,929.0,444,0,0,1,Pedestrian
23,608.0,856.0,644.0,929.0,445,0,0,1,Pedestrian
23,608.0,856.0,644.0,929.0,446,0,0,1,Pedestrian
23,608.0,856.0,644.0,929.0,447,0,0,1,Pedestrian
23,610.0,856.0,646.0,929.0,448,0,0,1,Pedestrian
23,610.0,856.0,646.0,929.0,449,0,0,1,Pedestrian
23,612.0,860.0,648.0,933.0,450,0,0,1,Pedestrian
23,612.0,860.0,648.0,933.0,451,0,0,1,Pedestrian
23,612.0,860.0,648.0,933.0,452,0,0,1,Pedestrian
23,614.0,860.0,650.0,933.0,453,0,0,1,Pedestrian
23,614.0,860.0,650.0,933.0,454,0,0,1,Pedestrian
23,616.0,860.0,652.0,933.0,455,0,0,1,Pedestrian
23,616.0,860.0,652.0,933.0,456,0,0,1,Pedestrian
23,616.0,860.0,652.0,933.0,457,0,0,1,Pedestrian
23,618.0,860.0,654.0,933.0,458,0,0,1,Pedestrian
23,618.0,860.0,654.0,933.0,459,0,0,1,Pedestrian
23,620.0,864.0,656.0,937.0,460,0,0,0,Pedestrian
23,620.0,864.0,656.0,937.0,461,0,0,1,Pedestrian
23,620.0,864.0,656.0,937.0,462,0,0,1,Pedestrian
23,620.0,864.0,656.0,937.0,463,0,0,1,Pedestrian
23,620.0,864.0,656.0,937.0,464,0,0,1,Pedestrian
23,620.0,864.0,656.0,937.0,465,0,0,1,Pedestrian
23,620.0,864.0,656.0,937.0,466,0,0,1,Pedestrian
23,620.0,864.0,656.0,937.0,467,0,0,1,Pedestrian
23,620.0,864.0,656.0,937.0,468,0,0,1,Pedestrian
23,620.0,864.0,656.0,937.0,469,0,0,1,Pedestrian
23,622.0,864.0,658.0,937.0,470,0,0,1,Pedestrian
23,622.0,864.0,658.0,937.0,471,0,0,1,Pedestrian
23,622.0,864.0,658.0,937.0,472,0,0,1,Pedestrian
23,622.0,864.0,658.0,937.0,473,0,0,1,Pedestrian
23,622.0,864.0,658.0,937.0,474,0,0,1,Pedestrian
23,622.0,864.0,658.0,937.0,475,0,0,1,Pedestrian
23,622.0,864.0,658.0,937.0,476,0,0,1,Pedestrian
23,622.0,864.0,658.0,937.0,477,0,0,1,Pedestrian
23,622.0,864.0,658.0,937.0,478,0,0,1,Pedestrian
23,622.0,864.0,658.0,937.0,479,0,0,1,Pedestrian
23,624.0,864.0,660.0,937.0,480,0,0,1,Pedestrian
23,624.0,864.0,660.0,937.0,481,0,0,1,Pedestrian
23,624.0,864.0,660.0,937.0,482,0,0,1,Pedestrian
23,624.0,864.0,660.0,937.0,483,0,0,1,Pedestrian
23,624.0,864.0,660.0,937.0,484,0,0,1,Pedestrian
23,624.0,864.0,660.0,937.0,485,0,0,1,Pedestrian
23,624.0,864.0,660.0,937.0,486,0,0,1,Pedestrian
23,624.0,864.0,660.0,937.0,487,0,0,1,Pedestrian
23,624.0,864.0,660.0,937.0,488,0,0,1,Pedestrian
23,624.0,864.0,660.0,937.0,489,0,0,1,Pedestrian
23,626.0,864.0,662.0,937.0,490,0,0,1,Pedestrian
23,626.0,864.0,662.0,937.0,491,0,0,1,Pedestrian
23,626.0,864.0,662.0,937.0,492,0,0,1,Pedestrian
23,626.0,864.0,662.0,937.0,493,0,0,1,Pedestrian
23,626.0,864.0,662.0,937.0,494,0,0,1,Pedestrian
23,626.0,864.0,662.0,937.0,495,0,0,1,Pedestrian
23,626.0,864.0,662.0,937.0,496,0,0,1,Pedestrian
23,626.0,864.0,662.0,937.0,497,0,0,1,Pedestrian
23,626.0,864.0,662.0,937.0,498,0,0,1,Pedestrian
23,626.0,864.0,662.0,937.0,499,0,0,1,Pedestrian
23,628.0,864.0,664.0,937.0,500,0,0,0,Pedestrian
23,626.0,864.0,664.0,933.0,501,0,0,1,Pedestrian
23,626.0,864.0,664.0,933.0,502,0,0,1,Pedestrian
23,626.0,864.0,664.0,933.0,503,0,0,1,Pedestrian
23,626.0,864.0,664.0,933.0,504,0,0,1,Pedestrian
23,626.0,864.0,664.0,933.0,505,0,0,1,Pedestrian
23,626.0,864.0,664.0,933.0,506,0,0,1,Pedestrian
23,626.0,864.0,664.0,933.0,507,0,0,1,Pedestrian
23,626.0,864.0,664.0,933.0,508,0,0,1,Pedestrian
23,626.0,864.0,664.0,933.0,509,0,0,1,Pedestrian
23,626.0,864.0,664.0,933.0,510,0,0,1,Pedestrian
23,626.0,864.0,664.0,933.0,511,0,0,1,Pedestrian
23,626.0,864.0,664.0,933.0,512,0,0,1,Pedestrian
23,626.0,864.0,664.0,933.0,513,0,0,1,Pedestrian
23,626.0,864.0,664.0,933.0,514,0,0,1,Pedestrian
23,626.0,864.0,664.0,933.0,515,0,0,1,Pedestrian
23,626.0,864.0,664.0,933.0,516,0,0,1,Pedestrian
23,624.0,864.0,666.0,933.0,517,0,0,1,Pedestrian
23,624.0,864.0,666.0,933.0,518,0,0,1,Pedestrian
23,624.0,864.0,666.0,933.0,519,0,0,1,Pedestrian
23,624.0,864.0,666.0,933.0,520,0,0,1,Pedestrian
23,624.0,864.0,666.0,933.0,521,0,0,1,Pedestrian
23,624.0,864.0,666.0,933.0,522,0,0,1,Pedestrian
23,624.0,864.0,666.0,933.0,523,0,0,1,Pedestrian
23,624.0,864.0,666.0,933.0,524,0,0,1,Pedestrian
23,624.0,864.0,666.0,933.0,525,0,0,1,Pedestrian
23,624.0,864.0,666.0,933.0,526,0,0,1,Pedestrian
23,624.0,864.0,666.0,933.0,527,0,0,1,Pedestrian
23,624.0,864.0,666.0,933.0,528,0,0,1,Pedestrian
23,624.0,864.0,666.0,933.0,529,0,0,1,Pedestrian
23,624.0,864.0,666.0,933.0,530,0,0,1,Pedestrian
23,624.0,864.0,666.0,933.0,531,0,0,1,Pedestrian
23,624.0,864.0,666.0,933.0,532,0,0,1,Pedestrian
23,624.0,864.0,666.0,933.0,533,0,0,1,Pedestrian
23,622.0,864.0,668.0,933.0,534,0,0,1,Pedestrian
23,622.0,864.0,668.0,933.0,535,0,0,1,Pedestrian
23,622.0,864.0,668.0,933.0,536,0,0,1,Pedestrian
23,622.0,864.0,668.0,933.0,537,0,0,1,Pedestrian
23,622.0,864.0,668.0,933.0,538,0,0,1,Pedestrian
23,622.0,864.0,668.0,933.0,539,0,0,1,Pedestrian
23,622.0,864.0,668.0,933.0,540,0,0,1,Pedestrian
23,622.0,864.0,668.0,933.0,541,0,0,1,Pedestrian
23,622.0,864.0,668.0,933.0,542,0,0,1,Pedestrian
23,622.0,864.0,668.0,933.0,543,0,0,1,Pedestrian
23,622.0,864.0,668.0,933.0,544,0,0,1,Pedestrian
23,622.0,864.0,668.0,933.0,545,0,0,1,Pedestrian
23,622.0,864.0,668.0,933.0,546,0,0,1,Pedestrian
23,622.0,864.0,668.0,933.0,547,0,0,1,Pedestrian
23,622.0,864.0,668.0,933.0,548,0,0,1,Pedestrian
23,622.0,864.0,668.0,933.0,549,0,0,1,Pedestrian
23,622.0,868.0,670.0,933.0,550,0,0,0,Pedestrian
23,622.0,864.0,670.0,929.0,551,0,0,1,Pedestrian
23,622.0,864.0,670.0,929.0,552,0,0,1,Pedestrian
23,622.0,864.0,670.0,929.0,553,0,0,1,Pedestrian
23,622.0,864.0,670.0,929.0,554,0,0,1,Pedestrian
23,622.0,860.0,670.0,925.0,555,0,0,1,Pedestrian
23,622.0,860.0,670.0,925.0,556,0,0,1,Pedestrian
23,622.0,860.0,670.0,925.0,557,0,0,1,Pedestrian
23,622.0,860.0,670.0,925.0,558,0,0,1,Pedestrian
23,622.0,860.0,670.0,925.0,559,0,0,1,Pedestrian
23,622.0,856.0,670.0,921.0,560,0,0,1,Pedestrian
23,622.0,856.0,670.0,921.0,561,0,0,1,Pedestrian
23,624.0,856.0,672.0,921.0,562,0,0,1,Pedestrian
23,624.0,856.0,672.0,921.0,563,0,0,1,Pedestrian
23,624.0,852.0,672.0,917.0,564,0,0,1,Pedestrian
23,624.0,852.0,672.0,917.0,565,0,0,1,Pedestrian
23,624.0,852.0,672.0,917.0,566,0,0,1,Pedestrian
23,624.0,852.0,672.0,917.0,567,0,0,1,Pedestrian
23,624.0,852.0,672.0,917.0,568,0,0,1,Pedestrian
23,624.0,848.0,672.0,913.0,569,0,0,1,Pedestrian
23,624.0,848.0,672.0,913.0,570,0,0,1,Pedestrian
23,624.0,848.0,672.0,913.0,571,0,0,1,Pedestrian
23,624.0,848.0,672.0,913.0,572,0,0,1,Pedestrian
23,626.0,848.0,674.0,913.0,573,0,0,0,Pedestrian
24,118.0,780.0,153.0,836.0,0,0,0,0,Pedestrian
24,118.0,780.0,153.0,836.0,1,0,0,1,Pedestrian
24,120.0,780.0,155.0,836.0,2,0,0,1,Pedestrian
24,120.0,780.0,155.0,836.0,3,0,0,1,Pedestrian
24,122.0,780.0,157.0,836.0,4,0,0,1,Pedestrian
24,124.0,780.0,159.0,836.0,5,0,0,1,Pedestrian
24,124.0,780.0,159.0,836.0,6,0,0,1,Pedestrian
24,126.0,780.0,161.0,836.0,7,0,0,1,Pedestrian
24,128.0,780.0,163.0,836.0,8,0,0,1,Pedestrian
24,128.0,780.0,163.0,836.0,9,0,0,1,Pedestrian
24,130.0,780.0,165.0,836.0,10,0,0,1,Pedestrian
24,132.0,780.0,167.0,836.0,11,0,0,1,Pedestrian
24,132.0,780.0,167.0,836.0,12,0,0,1,Pedestrian
24,134.0,780.0,169.0,836.0,13,0,0,1,Pedestrian
24,136.0,780.0,171.0,836.0,14,0,0,1,Pedestrian
24,136.0,780.0,171.0,836.0,15,0,0,1,Pedestrian
24,138.0,780.0,173.0,836.0,16,0,0,1,Pedestrian
24,140.0,780.0,175.0,836.0,17,0,0,1,Pedestrian
24,140.0,780.0,175.0,836.0,18,0,0,1,Pedestrian
24,142.0,780.0,177.0,836.0,19,0,0,1,Pedestrian
24,145.0,780.0,179.0,836.0,20,0,0,1,Pedestrian
24,145.0,780.0,179.0,836.0,21,0,0,1,Pedestrian
24,147.0,780.0,181.0,836.0,22,0,0,1,Pedestrian
24,147.0,780.0,181.0,836.0,23,0,0,1,Pedestrian
24,149.0,780.0,183.0,836.0,24,0,0,1,Pedestrian
24,151.0,780.0,185.0,836.0,25,0,0,1,Pedestrian
24,151.0,780.0,185.0,836.0,26,0,0,1,Pedestrian
24,153.0,780.0,187.0,836.0,27,0,0,1,Pedestrian
24,155.0,780.0,189.0,836.0,28,0,0,1,Pedestrian
24,155.0,780.0,189.0,836.0,29,0,0,1,Pedestrian
24,157.0,780.0,191.0,836.0,30,0,0,1,Pedestrian
24,159.0,780.0,193.0,836.0,31,0,0,1,Pedestrian
24,159.0,780.0,193.0,836.0,32,0,0,1,Pedestrian
24,161.0,780.0,195.0,836.0,33,0,0,1,Pedestrian
24,163.0,780.0,197.0,836.0,34,0,0,1,Pedestrian
24,163.0,780.0,197.0,836.0,35,0,0,1,Pedestrian
24,165.0,780.0,199.0,836.0,36,0,0,1,Pedestrian
24,167.0,780.0,201.0,836.0,37,0,0,1,Pedestrian
24,167.0,780.0,201.0,836.0,38,0,0,1,Pedestrian
24,169.0,780.0,203.0,836.0,39,0,0,1,Pedestrian
24,171.0,784.0,205.0,840.0,40,0,0,1,Pedestrian
24,171.0,784.0,205.0,840.0,41,0,0,1,Pedestrian
24,173.0,784.0,207.0,840.0,42,0,0,1,Pedestrian
24,173.0,784.0,207.0,840.0,43,0,0,1,Pedestrian
24,175.0,784.0,209.0,840.0,44,0,0,1,Pedestrian
24,177.0,784.0,211.0,840.0,45,0,0,1,Pedestrian
24,177.0,784.0,211.0,840.0,46,0,0,1,Pedestrian
24,179.0,784.0,213.0,840.0,47,0,0,1,Pedestrian
24,181.0,784.0,215.0,840.0,48,0,0,1,Pedestrian
24,181.0,784.0,215.0,840.0,49,0,0,1,Pedestrian
24,183.0,784.0,217.0,840.0,50,0,0,1,Pedestrian
24,185.0,784.0,219.0,840.0,51,0,0,1,Pedestrian
24,185.0,784.0,219.0,840.0,52,0,0,1,Pedestrian
24,187.0,784.0,221.0,840.0,53,0,0,1,Pedestrian
24,189.0,784.0,223.0,840.0,54,0,0,1,Pedestrian
24,189.0,784.0,223.0,840.0,55,0,0,1,Pedestrian
24,191.0,784.0,225.0,840.0,56,0,0,1,Pedestrian
24,193.0,784.0,227.0,840.0,57,0,0,1,Pedestrian
24,193.0,784.0,227.0,840.0,58,0,0,1,Pedestrian
24,195.0,784.0,229.0,840.0,59,0,0,1,Pedestrian
24,197.0,784.0,231.0,840.0,60,0,0,1,Pedestrian
24,197.0,784.0,231.0,840.0,61,0,0,1,Pedestrian
24,199.0,784.0,233.0,840.0,62,0,0,1,Pedestrian
24,199.0,784.0,233.0,840.0,63,0,0,1,Pedestrian
24,201.0,784.0,235.0,840.0,64,0,0,1,Pedestrian
24,203.0,784.0,237.0,840.0,65,0,0,1,Pedestrian
24,203.0,784.0,237.0,840.0,66,0,0,1,Pedestrian
24,205.0,784.0,239.0,840.0,67,0,0,1,Pedestrian
24,207.0,784.0,241.0,840.0,68,0,0,1,Pedestrian
24,207.0,784.0,241.0,840.0,69,0,0,1,Pedestrian
24,209.0,784.0,243.0,840.0,70,0,0,1,Pedestrian
24,211.0,784.0,245.0,840.0,71,0,0,1,Pedestrian
24,211.0,784.0,245.0,840.0,72,0,0,1,Pedestrian
24,213.0,784.0,247.0,840.0,73,0,0,1,Pedestrian
24,215.0,784.0,249.0,840.0,74,0,0,1,Pedestrian
24,215.0,784.0,249.0,840.0,75,0,0,1,Pedestrian
24,217.0,784.0,251.0,840.0,76,0,0,1,Pedestrian
24,219.0,784.0,253.0,840.0,77,0,0,1,Pedestrian
24,219.0,784.0,253.0,840.0,78,0,0,1,Pedestrian
24,221.0,784.0,255.0,840.0,79,0,0,1,Pedestrian
24,223.0,788.0,257.0,844.0,80,0,0,0,Pedestrian
24,223.0,788.0,257.0,844.0,81,0,0,1,Pedestrian
24,225.0,788.0,259.0,844.0,82,0,0,1,Pedestrian
24,225.0,788.0,259.0,844.0,83,0,0,1,Pedestrian
24,227.0,788.0,261.0,844.0,84,0,0,1,Pedestrian
24,229.0,788.0,263.0,844.0,85,0,0,1,Pedestrian
24,229.0,788.0,263.0,844.0,86,0,0,1,Pedestrian
24,231.0,788.0,265.0,844.0,87,0,0,1,Pedestrian
24,233.0,788.0,267.0,844.0,88,0,0,1,Pedestrian
24,233.0,788.0,267.0,844.0,89,0,0,1,Pedestrian
24,235.0,788.0,269.0,844.0,90,0,0,1,Pedestrian
24,237.0,788.0,271.0,844.0,91,0,0,1,Pedestrian
24,237.0,788.0,271.0,844.0,92,0,0,1,Pedestrian
24,239.0,788.0,273.0,844.0,93,0,0,1,Pedestrian
24,241.0,788.0,275.0,844.0,94,0,0,1,Pedestrian
24,241.0,788.0,275.0,844.0,95,0,0,1,Pedestrian
24,243.0,788.0,277.0,844.0,96,0,0,1,Pedestrian
24,243.0,788.0,279.0,844.0,97,0,0,1,Pedestrian
24,245.0,788.0,279.0,844.0,98,0,0,1,Pedestrian
24,247.0,788.0,281.0,844.0,99,0,0,1,Pedestrian
24,247.0,788.0,283.0,844.0,100,0,0,1,Pedestrian
24,249.0,788.0,283.0,844.0,101,0,0,1,Pedestrian
24,251.0,788.0,285.0,844.0,102,0,0,1,Pedestrian
24,251.0,788.0,287.0,844.0,103,0,0,1,Pedestrian
24,253.0,788.0,287.0,844.0,104,0,0,1,Pedestrian
24,255.0,788.0,290.0,844.0,105,0,0,1,Pedestrian
24,255.0,788.0,292.0,844.0,106,0,0,1,Pedestrian
24,257.0,788.0,292.0,844.0,107,0,0,1,Pedestrian
24,259.0,788.0,294.0,844.0,108,0,0,1,Pedestrian
24,259.0,788.0,294.0,844.0,109,0,0,1,Pedestrian
24,261.0,788.0,296.0,844.0,110,0,0,1,Pedestrian
24,263.0,788.0,298.0,844.0,111,0,0,1,Pedestrian
24,263.0,788.0,298.0,844.0,112,0,0,1,Pedestrian
24,265.0,788.0,300.0,844.0,113,0,0,1,Pedestrian
24,265.0,788.0,302.0,844.0,114,0,0,1,Pedestrian
24,267.0,788.0,302.0,844.0,115,0,0,1,Pedestrian
24,269.0,788.0,304.0,844.0,116,0,0,1,Pedestrian
24,269.0,792.0,306.0,848.0,117,0,0,1,Pedestrian
24,271.0,792.0,306.0,848.0,118,0,0,1,Pedestrian
24,273.0,792.0,308.0,848.0,119,0,0,1,Pedestrian
24,273.0,792.0,310.0,848.0,120,0,0,1,Pedestrian
24,275.0,792.0,310.0,848.0,121,0,0,1,Pedestrian
24,277.0,792.0,312.0,848.0,122,0,0,1,Pedestrian
24,277.0,792.0,314.0,848.0,123,0,0,1,Pedestrian
24,279.0,792.0,314.0,848.0,124,0,0,1,Pedestrian
24,281.0,792.0,316.0,848.0,125,0,0,1,Pedestrian
24,281.0,792.0,318.0,848.0,126,0,0,1,Pedestrian
24,283.0,792.0,318.0,848.0,127,0,0,1,Pedestrian
24,283.0,792.0,320.0,848.0,128,0,0,1,Pedestrian
24,285.0,792.0,322.0,848.0,129,0,0,1,Pedestrian
24,287.0,792.0,322.0,848.0,130,0,0,1,Pedestrian
24,287.0,792.0,324.0,848.0,131,0,0,1,Pedestrian
24,290.0,792.0,326.0,848.0,132,0,0,1,Pedestrian
24,292.0,792.0,326.0,848.0,133,0,0,1,Pedestrian
24,292.0,792.0,328.0,848.0,134,0,0,1,Pedestrian
24,294.0,792.0,330.0,848.0,135,0,0,1,Pedestrian
24,296.0,792.0,330.0,848.0,136,0,0,1,Pedestrian
24,296.0,792.0,332.0,848.0,137,0,0,1,Pedestrian
24,298.0,792.0,332.0,848.0,138,0,0,1,Pedestrian
24,300.0,792.0,334.0,848.0,139,0,0,1,Pedestrian
24,300.0,792.0,336.0,848.0,140,0,0,1,Pedestrian
24,302.0,792.0,336.0,848.0,141,0,0,1,Pedestrian
24,304.0,792.0,338.0,848.0,142,0,0,1,Pedestrian
24,304.0,792.0,340.0,848.0,143,0,0,1,Pedestrian
24,306.0,792.0,340.0,848.0,144,0,0,1,Pedestrian
24,306.0,792.0,342.0,848.0,145,0,0,1,Pedestrian
24,308.0,792.0,344.0,848.0,146,0,0,1,Pedestrian
24,310.0,792.0,344.0,848.0,147,0,0,1,Pedestrian
24,310.0,792.0,346.0,848.0,148,0,0,1,Pedestrian
24,312.0,792.0,348.0,848.0,149,0,0,1,Pedestrian
24,314.0,792.0,348.0,848.0,150,0,0,1,Pedestrian
24,314.0,792.0,350.0,848.0,151,0,0,1,Pedestrian
24,316.0,792.0,352.0,848.0,152,0,0,1,Pedestrian
24,318.0,792.0,352.0,848.0,153,0,0,1,Pedestrian
24,318.0,796.0,354.0,852.0,154,0,0,1,Pedestrian
24,320.0,796.0,356.0,852.0,155,0,0,1,Pedestrian
24,322.0,796.0,356.0,852.0,156,0,0,1,Pedestrian
24,322.0,796.0,358.0,852.0,157,0,0,1,Pedestrian
24,324.0,796.0,360.0,852.0,158,0,0,1,Pedestrian
24,324.0,796.0,360.0,852.0,159,0,0,1,Pedestrian
24,326.0,796.0,362.0,852.0,160,0,0,1,Pedestrian
24,328.0,796.0,364.0,852.0,161,0,0,1,Pedestrian
24,328.0,796.0,364.0,852.0,162,0,0,1,Pedestrian
24,330.0,796.0,366.0,852.0,163,0,0,1,Pedestrian
24,332.0,796.0,366.0,852.0,164,0,0,1,Pedestrian
24,332.0,796.0,368.0,852.0,165,0,0,1,Pedestrian
24,334.0,796.0,370.0,852.0,166,0,0,1,Pedestrian
24,336.0,796.0,370.0,852.0,167,0,0,1,Pedestrian
24,336.0,796.0,372.0,852.0,168,0,0,1,Pedestrian
24,338.0,796.0,374.0,852.0,169,0,0,1,Pedestrian
24,340.0,796.0,374.0,852.0,170,0,0,1,Pedestrian
24,340.0,796.0,376.0,852.0,171,0,0,1,Pedestrian
24,342.0,796.0,378.0,852.0,172,0,0,1,Pedestrian
24,344.0,796.0,378.0,852.0,173,0,0,1,Pedestrian
24,344.0,796.0,380.0,852.0,174,0,0,1,Pedestrian
24,346.0,796.0,382.0,852.0,175,0,0,1,Pedestrian
24,346.0,796.0,382.0,852.0,176,0,0,1,Pedestrian
24,348.0,796.0,384.0,852.0,177,0,0,1,Pedestrian
24,350.0,796.0,386.0,852.0,178,0,0,1,Pedestrian
24,350.0,796.0,386.0,852.0,179,0,0,1,Pedestrian
24,352.0,796.0,388.0,852.0,180,0,0,1,Pedestrian
24,354.0,796.0,390.0,852.0,181,0,0,1,Pedestrian
24,354.0,796.0,390.0,852.0,182,0,0,1,Pedestrian
24,356.0,796.0,392.0,852.0,183,0,0,1,Pedestrian
24,358.0,796.0,394.0,852.0,184,0,0,1,Pedestrian
24,358.0,796.0,394.0,852.0,185,0,0,1,Pedestrian
24,360.0,796.0,396.0,852.0,186,0,0,1,Pedestrian
24,362.0,796.0,398.0,852.0,187,0,0,1,Pedestrian
24,362.0,796.0,398.0,852.0,188,0,0,1,Pedestrian
24,364.0,796.0,400.0,852.0,189,0,0,1,Pedestrian
24,366.0,800.0,402.0,856.0,190,0,0,0,Pedestrian
24,366.0,800.0,402.0,856.0,191,0,0,1,Pedestrian
24,368.0,800.0,404.0,856.0,192,0,0,1,Pedestrian
24,368.0,800.0,404.0,856.0,193,0,0,1,Pedestrian
24,370.0,800.0,406.0,856.0,194,0,0,1,Pedestrian
24,370.0,800.0,406.0,856.0,195,0,0,1,Pedestrian
24,372.0,800.0,408.0,856.0,196,0,0,1,Pedestrian
24,374.0,800.0,410.0,856.0,197,0,0,1,Pedestrian
24,374.0,800.0,410.0,856.0,198,0,0,1,Pedestrian
24,376.0,800.0,412.0,856.0,199,0,0,1,Pedestrian
24,376.0,800.0,412.0,856.0,200,0,0,1,Pedestrian
24,378.0,800.0,414.0,856.0,201,0,0,1,Pedestrian
24,378.0,800.0,414.0,856.0,202,0,0,1,Pedestrian
24,380.0,800.0,416.0,856.0,203,0,0,1,Pedestrian
24,382.0,800.0,418.0,856.0,204,0,0,1,Pedestrian
24,382.0,800.0,418.0,856.0,205,0,0,1,Pedestrian
24,384.0,800.0,420.0,856.0,206,0,0,1,Pedestrian
24,384.0,800.0,420.0,856.0,207,0,0,1,Pedestrian
24,386.0,800.0,422.0,856.0,208,0,0,1,Pedestrian
24,386.0,800.0,422.0,856.0,209,0,0,1,Pedestrian
24,388.0,800.0,424.0,856.0,210,0,0,1,Pedestrian
24,390.0,800.0,426.0,856.0,211,0,0,1,Pedestrian
24,390.0,800.0,426.0,856.0,212,0,0,1,Pedestrian
24,392.0,800.0,428.0,856.0,213,0,0,1,Pedestrian
24,392.0,800.0,428.0,856.0,214,0,0,1,Pedestrian
24,394.0,800.0,430.0,856.0,215,0,0,1,Pedestrian
24,394.0,800.0,430.0,856.0,216,0,0,1,Pedestrian
24,396.0,800.0,432.0,856.0,217,0,0,1,Pedestrian
24,398.0,800.0,435.0,856.0,218,0,0,1,Pedestrian
24,398.0,800.0,435.0,856.0,219,0,0,1,Pedestrian
24,400.0,800.0,437.0,856.0,220,0,0,1,Pedestrian
24,400.0,800.0,437.0,856.0,221,0,0,1,Pedestrian
24,402.0,800.0,439.0,856.0,222,0,0,1,Pedestrian
24,402.0,800.0,439.0,856.0,223,0,0,1,Pedestrian
24,404.0,800.0,441.0,856.0,224,0,0,1,Pedestrian
24,406.0,800.0,443.0,856.0,225,0,0,1,Pedestrian
24,406.0,800.0,443.0,856.0,226,0,0,1,Pedestrian
24,408.0,800.0,445.0,856.0,227,0,0,1,Pedestrian
24,408.0,800.0,445.0,856.0,228,0,0,1,Pedestrian
24,410.0,800.0,447.0,856.0,229,0,0,1,Pedestrian
24,412.0,804.0,449.0,860.0,230,0,0,1,Pedestrian
24,412.0,804.0,449.0,860.0,231,0,0,1,Pedestrian
24,414.0,804.0,451.0,860.0,232,0,0,1,Pedestrian
24,414.0,804.0,451.0,860.0,233,0,0,1,Pedestrian
24,416.0,804.0,453.0,860.0,234,0,0,1,Pedestrian
24,416.0,804.0,453.0,860.0,235,0,0,1,Pedestrian
24,418.0,804.0,455.0,860.0,236,0,0,1,Pedestrian
24,420.0,804.0,457.0,860.0,237,0,0,1,Pedestrian
24,420.0,804.0,457.0,860.0,238,0,0,1,Pedestrian
24,422.0,804.0,459.0,860.0,239,0,0,1,Pedestrian
24,422.0,804.0,459.0,860.0,240,0,0,1,Pedestrian
24,424.0,804.0,461.0,860.0,241,0,0,1,Pedestrian
24,424.0,804.0,461.0,860.0,242,0,0,1,Pedestrian
24,426.0,804.0,463.0,860.0,243,0,0,1,Pedestrian
24,428.0,804.0,465.0,860.0,244,0,0,1,Pedestrian
24,428.0,804.0,465.0,860.0,245,0,0,1,Pedestrian
24,430.0,804.0,467.0,860.0,246,0,0,1,Pedestrian
24,430.0,804.0,467.0,860.0,247,0,0,1,Pedestrian
24,432.0,804.0,469.0,860.0,248,0,0,1,Pedestrian
24,432.0,804.0,469.0,860.0,249,0,0,1,Pedestrian
24,435.0,804.0,471.0,860.0,250,0,0,1,Pedestrian
24,437.0,804.0,473.0,860.0,251,0,0,1,Pedestrian
24,437.0,804.0,473.0,860.0,252,0,0,1,Pedestrian
24,439.0,804.0,475.0,860.0,253,0,0,1,Pedestrian
24,439.0,804.0,475.0,860.0,254,0,0,1,Pedestrian
24,441.0,804.0,477.0,860.0,255,0,0,1,Pedestrian
24,441.0,804.0,477.0,860.0,256,0,0,1,Pedestrian
24,443.0,804.0,479.0,860.0,257,0,0,1,Pedestrian
24,445.0,804.0,481.0,860.0,258,0,0,1,Pedestrian
24,445.0,804.0,481.0,860.0,259,0,0,1,Pedestrian
24,447.0,804.0,483.0,860.0,260,0,0,1,Pedestrian
24,447.0,804.0,483.0,860.0,261,0,0,1,Pedestrian
24,449.0,804.0,485.0,860.0,262,0,0,1,Pedestrian
24,449.0,804.0,485.0,860.0,263,0,0,1,Pedestrian
24,451.0,804.0,487.0,860.0,264,0,0,1,Pedestrian
24,453.0,804.0,489.0,860.0,265,0,0,1,Pedestrian
24,453.0,804.0,489.0,860.0,266,0,0,1,Pedestrian
24,455.0,804.0,491.0,860.0,267,0,0,1,Pedestrian
24,455.0,804.0,491.0,860.0,268,0,0,1,Pedestrian
24,457.0,804.0,493.0,860.0,269,0,0,1,Pedestrian
24,459.0,808.0,495.0,864.0,270,0,0,0,Pedestrian
24,459.0,808.0,495.0,864.0,271,0,0,1,Pedestrian
24,459.0,808.0,495.0,864.0,272,0,0,1,Pedestrian
24,461.0,808.0,497.0,864.0,273,0,0,1,Pedestrian
24,461.0,808.0,497.0,864.0,274,0,0,1,Pedestrian
24,461.0,808.0,497.0,864.0,275,0,0,1,Pedestrian
24,463.0,808.0,499.0,864.0,276,0,0,1,Pedestrian
24,463.0,808.0,499.0,864.0,277,0,0,1,Pedestrian
24,465.0,808.0,501.0,864.0,278,0,0,1,Pedestrian
24,465.0,808.0,501.0,864.0,279,0,0,1,Pedestrian
24,465.0,808.0,501.0,864.0,280,0,0,1,Pedestrian
24,467.0,808.0,503.0,864.0,281,0,0,1,Pedestrian
24,467.0,808.0,503.0,864.0,282,0,0,1,Pedestrian
24,467.0,808.0,503.0,864.0,283,0,0,1,Pedestrian
24,469.0,808.0,505.0,864.0,284,0,0,1,Pedestrian
24,469.0,808.0,505.0,864.0,285,0,0,1,Pedestrian
24,471.0,808.0,507.0,864.0,286,0,0,1,Pedestrian
24,471.0,808.0,507.0,864.0,287,0,0,1,Pedestrian
24,471.0,808.0,507.0,864.0,288,0,0,1,Pedestrian
24,473.0,808.0,509.0,864.0,289,0,0,1,Pedestrian
24,473.0,812.0,509.0,868.0,290,0,0,1,Pedestrian
24,473.0,812.0,509.0,868.0,291,0,0,1,Pedestrian
24,475.0,812.0,511.0,868.0,292,0,0,1,Pedestrian
24,475.0,812.0,511.0,868.0,293,0,0,1,Pedestrian
24,477.0,812.0,513.0,868.0,294,0,0,1,Pedestrian
24,477.0,812.0,513.0,868.0,295,0,0,1,Pedestrian
24,477.0,812.0,513.0,868.0,296,0,0,1,Pedestrian
24,479.0,812.0,515.0,868.0,297,0,0,1,Pedestrian
24,479.0,812.0,515.0,868.0,298,0,0,1,Pedestrian
24,479.0,812.0,515.0,868.0,299,0,0,1,Pedestrian
24,481.0,812.0,517.0,868.0,300,0,0,1,Pedestrian
24,481.0,812.0,517.0,868.0,301,0,0,1,Pedestrian
24,483.0,812.0,519.0,868.0,302,0,0,1,Pedestrian
24,483.0,812.0,519.0,868.0,303,0,0,1,Pedestrian
24,483.0,812.0,519.0,868.0,304,0,0,1,Pedestrian
24,485.0,812.0,521.0,868.0,305,0,0,1,Pedestrian
24,485.0,812.0,521.0,868.0,306,0,0,1,Pedestrian
24,485.0,812.0,521.0,868.0,307,0,0,1,Pedestrian
24,487.0,812.0,523.0,868.0,308,0,0,1,Pedestrian
24,487.0,812.0,523.0,868.0,309,0,0,1,Pedestrian
24,489.0,816.0,525.0,873.0,310,0,0,1,Pedestrian
24,489.0,816.0,525.0,873.0,311,0,0,1,Pedestrian
24,489.0,816.0,525.0,873.0,312,0,0,1,Pedestrian
24,491.0,816.0,527.0,873.0,313,0,0,1,Pedestrian
24,491.0,816.0,527.0,873.0,314,0,0,1,Pedestrian
24,491.0,816.0,527.0,873.0,315,0,0,1,Pedestrian
24,493.0,816.0,529.0,873.0,316,0,0,1,Pedestrian
24,493.0,816.0,529.0,873.0,317,0,0,1,Pedestrian
24,495.0,816.0,531.0,873.0,318,0,0,1,Pedestrian
24,495.0,816.0,531.0,873.0,319,0,0,1,Pedestrian
24,495.0,816.0,531.0,873.0,320,0,0,1,Pedestrian
24,497.0,816.0,533.0,873.0,321,0,0,1,Pedestrian
24,497.0,816.0,533.0,873.0,322,0,0,1,Pedestrian
24,497.0,816.0,533.0,873.0,323,0,0,1,Pedestrian
24,499.0,816.0,535.0,873.0,324,0,0,1,Pedestrian
24,499.0,816.0,535.0,873.0,325,0,0,1,Pedestrian
24,501.0,816.0,537.0,873.0,326,0,0,1,Pedestrian
24,501.0,816.0,537.0,873.0,327,0,0,1,Pedestrian
24,501.0,816.0,537.0,873.0,328,0,0,1,Pedestrian
24,503.0,816.0,539.0,873.0,329,0,0,1,Pedestrian
24,503.0,820.0,539.0,877.0,330,0,0,1,Pedestrian
24,503.0,820.0,539.0,877.0,331,0,0,1,Pedestrian
24,505.0,820.0,541.0,877.0,332,0,0,1,Pedestrian
24,505.0,820.0,541.0,877.0,333,0,0,1,Pedestrian
24,507.0,820.0,543.0,877.0,334,0,0,1,Pedestrian
24,507.0,820.0,543.0,877.0,335,0,0,1,Pedestrian
24,507.0,820.0,543.0,877.0,336,0,0,1,Pedestrian
24,509.0,820.0,545.0,877.0,337,0,0,1,Pedestrian
24,509.0,820.0,545.0,877.0,338,0,0,1,Pedestrian
24,509.0,820.0,545.0,877.0,339,0,0,1,Pedestrian
24,511.0,820.0,547.0,877.0,340,0,0,1,Pedestrian
24,511.0,820.0,547.0,877.0,341,0,0,1,Pedestrian
24,513.0,820.0,549.0,877.0,342,0,0,1,Pedestrian
24,513.0,820.0,549.0,877.0,343,0,0,1,Pedestrian
24,513.0,820.0,549.0,877.0,344,0,0,1,Pedestrian
24,515.0,820.0,551.0,877.0,345,0,0,1,Pedestrian
24,515.0,820.0,551.0,877.0,346,0,0,1,Pedestrian
24,515.0,820.0,551.0,877.0,347,0,0,1,Pedestrian
24,517.0,820.0,553.0,877.0,348,0,0,1,Pedestrian
24,517.0,820.0,553.0,877.0,349,0,0,1,Pedestrian
24,519.0,824.0,555.0,881.0,350,0,0,0,Pedestrian
24,519.0,824.0,555.0,881.0,351,0,0,1,Pedestrian
24,519.0,824.0,555.0,881.0,352,0,0,1,Pedestrian
24,521.0,824.0,557.0,881.0,353,0,0,1,Pedestrian
24,521.0,824.0,557.0,881.0,354,0,0,1,Pedestrian
24,521.0,824.0,557.0,881.0,355,0,0,1,Pedestrian
24,523.0,824.0,559.0,881.0,356,0,0,1,Pedestrian
24,523.0,824.0,559.0,881.0,357,0,0,1,Pedestrian
24,523.0,824.0,559.0,881.0,358,0,0,1,Pedestrian
24,525.0,824.0,561.0,881.0,359,0,0,1,Pedestrian
24,525.0,824.0,561.0,881.0,360,0,0,1,Pedestrian
24,525.0,824.0,561.0,881.0,361,0,0,1,Pedestrian
24,527.0,824.0,563.0,881.0,362,0,0,1,Pedestrian
24,527.0,824.0,563.0,881.0,363,0,0,1,Pedestrian
24,527.0,824.0,563.0,881.0,364,0,0,1,Pedestrian
24,529.0,824.0,565.0,881.0,365,0,0,1,Pedestrian
24,529.0,824.0,565.0,881.0,366,0,0,1,Pedestrian
24,529.0,824.0,565.0,881.0,367,0,0,1,Pedestrian
24,531.0,824.0,567.0,881.0,368,0,0,1,Pedestrian
24,531.0,824.0,567.0,881.0,369,0,0,1,Pedestrian
24,533.0,828.0,569.0,885.0,370,0,0,0,Pedestrian
24,533.0,828.0,569.0,885.0,371,0,0,1,Pedestrian
24,533.0,828.0,569.0,885.0,372,0,0,1,Pedestrian
24,535.0,828.0,571.0,885.0,373,0,0,1,Pedestrian
24,535.0,828.0,571.0,885.0,374,0,0,1,Pedestrian
24,537.0,828.0,573.0,885.0,375,0,0,1,Pedestrian
24,537.0,828.0,573.0,885.0,376,0,0,1,Pedestrian
24,539.0,828.0,575.0,885.0,377,0,0,1,Pedestrian
24,539.0,828.0,575.0,885.0,378,0,0,1,Pedestrian
24,541.0,828.0,577.0,885.0,379,0,0,1,Pedestrian
24,541.0,828.0,577.0,885.0,380,0,0,1,Pedestrian
24,541.0,828.0,577.0,885.0,381,0,0,1,Pedestrian
24,543.0,828.0,580.0,885.0,382,0,0,1,Pedestrian
24,543.0,828.0,580.0,885.0,383,0,0,1,Pedestrian
24,545.0,828.0,582.0,885.0,384,0,0,1,Pedestrian
24,545.0,828.0,582.0,885.0,385,0,0,1,Pedestrian
24,547.0,828.0,584.0,885.0,386,0,0,1,Pedestrian
24,547.0,828.0,584.0,885.0,387,0,0,1,Pedestrian
24,549.0,828.0,586.0,885.0,388,0,0,1,Pedestrian
24,549.0,828.0,586.0,885.0,389,0,0,1,Pedestrian
24,551.0,828.0,588.0,885.0,390,0,0,1,Pedestrian
24,551.0,828.0,588.0,885.0,391,0,0,1,Pedestrian
24,551.0,828.0,588.0,885.0,392,0,0,1,Pedestrian
24,553.0,828.0,590.0,885.0,393,0,0,1,Pedestrian
24,553.0,828.0,590.0,885.0,394,0,0,1,Pedestrian
24,555.0,828.0,592.0,885.0,395,0,0,1,Pedestrian
24,555.0,828.0,592.0,885.0,396,0,0,1,Pedestrian
24,557.0,828.0,594.0,885.0,397,0,0,1,Pedestrian
24,557.0,828.0,594.0,885.0,398,0,0,1,Pedestrian
24,559.0,828.0,596.0,885.0,399,0,0,1,Pedestrian
24,559.0,828.0,596.0,885.0,400,0,0,1,Pedestrian
24,559.0,828.0,596.0,885.0,401,0,0,1,Pedestrian
24,561.0,828.0,598.0,885.0,402,0,0,1,Pedestrian
24,561.0,828.0,598.0,885.0,403,0,0,1,Pedestrian
24,563.0,828.0,600.0,885.0,404,0,0,1,Pedestrian
24,563.0,828.0,600.0,885.0,405,0,0,1,Pedestrian
24,565.0,828.0,602.0,885.0,406,0,0,1,Pedestrian
24,565.0,828.0,602.0,885.0,407,0,0,1,Pedestrian
24,567.0,828.0,604.0,885.0,408,0,0,1,Pedestrian
24,567.0,828.0,604.0,885.0,409,0,0,1,Pedestrian
24,569.0,832.0,606.0,889.0,410,0,0,0,Pedestrian
24,569.0,832.0,606.0,889.0,411,0,0,1,Pedestrian
24,569.0,832.0,606.0,889.0,412,0,0,1,Pedestrian
24,571.0,832.0,608.0,889.0,413,0,0,1,Pedestrian
24,571.0,832.0,608.0,889.0,414,0,0,1,Pedestrian
24,573.0,832.0,610.0,889.0,415,0,0,1,Pedestrian
24,573.0,832.0,610.0,889.0,416,0,0,1,Pedestrian
24,573.0,832.0,610.0,889.0,417,0,0,1,Pedestrian
24,575.0,832.0,612.0,889.0,418,0,0,1,Pedestrian
24,575.0,832.0,612.0,889.0,419,0,0,1,Pedestrian
24,577.0,832.0,614.0,889.0,420,0,0,1,Pedestrian
24,577.0,832.0,614.0,889.0,421,0,0,1,Pedestrian
24,580.0,832.0,616.0,889.0,422,0,0,1,Pedestrian
24,580.0,836.0,616.0,893.0,423,0,0,1,Pedestrian
24,580.0,836.0,616.0,893.0,424,0,0,1,Pedestrian
24,582.0,836.0,618.0,893.0,425,0,0,1,Pedestrian
24,582.0,836.0,618.0,893.0,426,0,0,1,Pedestrian
24,584.0,836.0,620.0,893.0,427,0,0,1,Pedestrian
24,584.0,836.0,620.0,893.0,428,0,0,1,Pedestrian
24,584.0,836.0,620.0,893.0,429,0,0,1,Pedestrian
24,586.0,836.0,622.0,893.0,430,0,0,1,Pedestrian
24,586.0,836.0,622.0,893.0,431,0,0,1,Pedestrian
24,588.0,836.0,624.0,893.0,432,0,0,1,Pedestrian
24,588.0,836.0,624.0,893.0,433,0,0,1,Pedestrian
24,590.0,836.0,626.0,893.0,434,0,0,1,Pedestrian
24,590.0,840.0,626.0,897.0,435,0,0,1,Pedestrian
24,590.0,840.0,626.0,897.0,436,0,0,1,Pedestrian
24,592.0,840.0,628.0,897.0,437,0,0,1,Pedestrian
24,592.0,840.0,628.0,897.0,438,0,0,1,Pedestrian
24,594.0,840.0,630.0,897.0,439,0,0,1,Pedestrian
24,594.0,840.0,630.0,897.0,440,0,0,1,Pedestrian
24,596.0,840.0,632.0,897.0,441,0,0,1,Pedestrian
24,596.0,840.0,632.0,897.0,442,0,0,1,Pedestrian
24,596.0,840.0,632.0,897.0,443,0,0,1,Pedestrian
24,598.0,840.0,634.0,897.0,444,0,0,1,Pedestrian
24,598.0,840.0,634.0,897.0,445,0,0,1,Pedestrian
24,600.0,840.0,636.0,897.0,446,0,0,1,Pedestrian
24,600.0,840.0,636.0,897.0,447,0,0,1,Pedestrian
24,600.0,844.0,636.0,901.0,448,0,0,1,Pedestrian
24,602.0,844.0,638.0,901.0,449,0,0,1,Pedestrian
24,602.0,844.0,638.0,901.0,450,0,0,1,Pedestrian
24,604.0,844.0,640.0,901.0,451,0,0,1,Pedestrian
24,604.0,844.0,640.0,901.0,452,0,0,1,Pedestrian
24,606.0,844.0,642.0,901.0,453,0,0,1,Pedestrian
24,606.0,844.0,642.0,901.0,454,0,0,1,Pedestrian
24,606.0,844.0,642.0,901.0,455,0,0,1,Pedestrian
24,608.0,844.0,644.0,901.0,456,0,0,1,Pedestrian
24,608.0,844.0,644.0,901.0,457,0,0,1,Pedestrian
24,610.0,844.0,646.0,901.0,458,0,0,1,Pedestrian
24,610.0,844.0,646.0,901.0,459,0,0,1,Pedestrian
24,612.0,848.0,648.0,905.0,460,0,0,0,Pedestrian
24,612.0,844.0,648.0,901.0,461,0,0,1,Pedestrian
24,612.0,844.0,648.0,901.0,462,0,0,1,Pedestrian
24,612.0,844.0,648.0,901.0,463,0,0,1,Pedestrian
24,612.0,844.0,648.0,901.0,464,0,0,1,Pedestrian
24,614.0,844.0,650.0,901.0,465,0,0,1,Pedestrian
24,614.0,844.0,650.0,901.0,466,0,0,1,Pedestrian
24,614.0,844.0,650.0,901.0,467,0,0,1,Pedestrian
24,614.0,844.0,650.0,901.0,468,0,0,1,Pedestrian
24,616.0,844.0,652.0,901.0,469,0,0,1,Pedestrian
24,616.0,844.0,652.0,901.0,470,0,0,1,Pedestrian
24,616.0,844.0,652.0,901.0,471,0,0,1,Pedestrian
24,616.0,844.0,652.0,901.0,472,0,0,1,Pedestrian
24,618.0,844.0,654.0,901.0,473,0,0,1,Pedestrian
24,618.0,844.0,654.0,901.0,474,0,0,1,Pedestrian
24,618.0,844.0,654.0,901.0,475,0,0,1,Pedestrian
24,618.0,844.0,654.0,901.0,476,0,0,1,Pedestrian
24,618.0,844.0,654.0,901.0,477,0,0,1,Pedestrian
24,620.0,844.0,656.0,901.0,478,0,0,1,Pedestrian
24,620.0,844.0,656.0,901.0,479,0,0,1,Pedestrian
24,620.0,844.0,656.0,901.0,480,0,0,1,Pedestrian
24,620.0,844.0,656.0,901.0,481,0,0,1,Pedestrian
24,622.0,844.0,658.0,901.0,482,0,0,1,Pedestrian
24,622.0,844.0,658.0,901.0,483,0,0,1,Pedestrian
24,622.0,844.0,658.0,901.0,484,0,0,1,Pedestrian
24,622.0,844.0,658.0,901.0,485,0,0,1,Pedestrian
24,624.0,844.0,660.0,901.0,486,0,0,1,Pedestrian
24,624.0,844.0,660.0,901.0,487,0,0,1,Pedestrian
24,624.0,844.0,660.0,901.0,488,0,0,1,Pedestrian
24,624.0,844.0,660.0,901.0,489,0,0,1,Pedestrian
24,626.0,844.0,662.0,901.0,490,0,0,0,Pedestrian
24,626.0,844.0,662.0,901.0,491,0,0,1,Pedestrian
24,628.0,844.0,662.0,901.0,492,0,0,1,Pedestrian
24,628.0,844.0,664.0,901.0,493,0,0,1,Pedestrian
24,630.0,844.0,664.0,901.0,494,0,0,1,Pedestrian
24,630.0,844.0,666.0,901.0,495,0,0,1,Pedestrian
24,632.0,844.0,666.0,901.0,496,0,0,1,Pedestrian
24,632.0,844.0,666.0,901.0,497,0,0,1,Pedestrian
24,634.0,844.0,668.0,901.0,498,0,0,1,Pedestrian
24,634.0,844.0,668.0,901.0,499,0,0,1,Pedestrian
24,636.0,848.0,670.0,905.0,500,0,0,0,Pedestrian
24,636.0,848.0,670.0,905.0,501,0,0,1,Pedestrian
24,636.0,848.0,670.0,905.0,502,0,0,1,Pedestrian
24,636.0,848.0,672.0,905.0,503,0,0,1,Pedestrian
24,636.0,848.0,672.0,905.0,504,0,0,1,Pedestrian
24,638.0,848.0,672.0,905.0,505,0,0,1,Pedestrian
24,638.0,848.0,674.0,909.0,506,0,0,1,Pedestrian
24,638.0,848.0,674.0,909.0,507,0,0,1,Pedestrian
24,638.0,848.0,674.0,909.0,508,0,0,1,Pedestrian
24,640.0,852.0,676.0,909.0,509,0,0,1,Pedestrian
24,640.0,852.0,676.0,909.0,510,0,0,1,Pedestrian
24,640.0,852.0,676.0,909.0,511,0,0,1,Pedestrian
24,640.0,852.0,678.0,913.0,512,0,0,1,Pedestrian
24,642.0,852.0,678.0,913.0,513,0,0,1,Pedestrian
24,642.0,852.0,678.0,913.0,514,0,0,1,Pedestrian
24,642.0,852.0,680.0,913.0,515,0,0,1,Pedestrian
24,642.0,852.0,680.0,913.0,516,0,0,1,Pedestrian
24,644.0,856.0,680.0,917.0,517,0,0,1,Pedestrian
24,644.0,856.0,682.0,917.0,518,0,0,1,Pedestrian
24,644.0,856.0,682.0,917.0,519,0,0,1,Pedestrian
24,644.0,856.0,682.0,917.0,520,0,0,1,Pedestrian
24,646.0,856.0,684.0,917.0,521,0,0,1,Pedestrian
24,646.0,856.0,684.0,917.0,522,0,0,1,Pedestrian
24,646.0,856.0,684.0,921.0,523,0,0,1,Pedestrian
24,646.0,856.0,686.0,921.0,524,0,0,1,Pedestrian
24,648.0,860.0,686.0,921.0,525,0,0,1,Pedestrian
24,648.0,860.0,686.0,921.0,526,0,0,1,Pedestrian
24,648.0,860.0,688.0,921.0,527,0,0,1,Pedestrian
24,648.0,860.0,688.0,925.0,528,0,0,1,Pedestrian
24,648.0,860.0,688.0,925.0,529,0,0,1,Pedestrian
24,650.0,860.0,690.0,925.0,530,0,0,1,Pedestrian
24,650.0,860.0,690.0,925.0,531,0,0,1,Pedestrian
24,650.0,860.0,690.0,925.0,532,0,0,1,Pedestrian
24,650.0,860.0,692.0,925.0,533,0,0,1,Pedestrian
24,652.0,864.0,692.0,929.0,534,0,0,1,Pedestrian
24,652.0,864.0,692.0,929.0,535,0,0,1,Pedestrian
24,652.0,864.0,694.0,929.0,536,0,0,1,Pedestrian
24,652.0,864.0,694.0,929.0,537,0,0,1,Pedestrian
24,654.0,864.0,694.0,929.0,538,0,0,1,Pedestrian
24,654.0,864.0,696.0,933.0,539,0,0,1,Pedestrian
24,654.0,864.0,696.0,933.0,540,0,0,1,Pedestrian
24,654.0,864.0,696.0,933.0,541,0,0,1,Pedestrian
24,656.0,868.0,698.0,933.0,542,0,0,1,Pedestrian
24,656.0,868.0,698.0,933.0,543,0,0,1,Pedestrian
24,656.0,868.0,698.0,933.0,544,0,0,1,Pedestrian
24,656.0,868.0,700.0,937.0,545,0,0,1,Pedestrian
24,658.0,868.0,700.0,937.0,546,0,0,1,Pedestrian
24,658.0,868.0,700.0,937.0,547,0,0,1,Pedestrian
24,658.0,868.0,702.0,937.0,548,0,0,1,Pedestrian
24,658.0,868.0,702.0,937.0,549,0,0,1,Pedestrian
24,660.0,873.0,704.0,941.0,550,0,0,0,Pedestrian
24,660.0,873.0,704.0,941.0,551,0,0,1,Pedestrian
24,660.0,873.0,704.0,941.0,552,0,0,1,Pedestrian
24,660.0,873.0,704.0,941.0,553,0,0,1,Pedestrian
24,660.0,873.0,704.0,941.0,554,0,0,1,Pedestrian
24,660.0,873.0,704.0,941.0,555,0,0,1,Pedestrian
24,660.0,873.0,704.0,941.0,556,0,0,1,Pedestrian
24,660.0,873.0,704.0,941.0,557,0,0,1,Pedestrian
24,660.0,873.0,704.0,941.0,558,0,0,1,Pedestrian
24,660.0,873.0,704.0,941.0,559,0,0,1,Pedestrian
24,660.0,873.0,704.0,941.0,560,0,0,1,Pedestrian
24,660.0,873.0,704.0,941.0,561,0,0,1,Pedestrian
24,660.0,873.0,704.0,941.0,562,0,0,1,Pedestrian
24,660.0,873.0,704.0,941.0,563,0,0,1,Pedestrian
24,660.0,873.0,704.0,941.0,564,0,0,1,Pedestrian
24,660.0,873.0,704.0,941.0,565,0,0,1,Pedestrian
24,660.0,873.0,704.0,941.0,566,0,0,1,Pedestrian
24,660.0,873.0,704.0,941.0,567,0,0,1,Pedestrian
24,660.0,873.0,704.0,941.0,568,0,0,1,Pedestrian
24,660.0,873.0,704.0,941.0,569,0,0,1,Pedestrian
24,660.0,873.0,704.0,941.0,570,0,0,1,Pedestrian
24,660.0,873.0,704.0,941.0,571,0,0,1,Pedestrian
24,660.0,873.0,704.0,941.0,572,0,0,1,Pedestrian
24,660.0,873.0,704.0,941.0,573,0,0,0,Pedestrian
25,716.0,1770.0,779.0,1887.0,500,1,0,0,Biker
25,716.0,1770.0,779.0,1887.0,501,1,0,1,Biker
25,716.0,1770.0,779.0,1887.0,502,1,0,1,Biker
25,716.0,1774.0,779.0,1887.0,503,1,0,1,Biker
25,716.0,1774.0,779.0,1891.0,504,1,0,1,Biker
25,716.0,1774.0,779.0,1891.0,505,1,0,1,Biker
25,716.0,1778.0,779.0,1891.0,506,1,0,1,Biker
25,716.0,1778.0,779.0,1891.0,507,1,0,1,Biker
25,716.0,1782.0,779.0,1895.0,508,1,0,1,Biker
25,716.0,1782.0,779.0,1895.0,509,1,0,1,Biker
25,716.0,1782.0,779.0,1895.0,510,1,0,1,Biker
25,716.0,1786.0,779.0,1899.0,511,1,0,1,Biker
25,716.0,1786.0,779.0,1899.0,512,1,0,1,Biker
25,716.0,1790.0,779.0,1899.0,513,1,0,1,Biker
25,716.0,1790.0,779.0,1899.0,514,1,0,1,Biker
25,716.0,1790.0,779.0,1903.0,515,1,0,1,Biker
25,716.0,1794.0,779.0,1903.0,516,1,0,1,Biker
25,716.0,1794.0,779.0,1903.0,517,1,0,1,Biker
25,716.0,1798.0,779.0,1907.0,518,1,0,1,Biker
25,716.0,1798.0,779.0,1907.0,519,1,0,1,Biker
25,716.0,1798.0,779.0,1907.0,520,1,0,1,Biker
25,716.0,1802.0,779.0,1907.0,521,1,0,1,Biker
25,716.0,1802.0,779.0,1911.0,522,1,0,1,Biker
25,716.0,1806.0,779.0,1911.0,523,1,0,1,Biker
25,716.0,1806.0,779.0,1911.0,524,1,0,1,Biker
25,716.0,1806.0,779.0,1911.0,525,1,0,1,Biker
25,716.0,1810.0,779.0,1915.0,526,1,0,1,Biker
25,716.0,1810.0,779.0,1915.0,527,1,0,1,Biker
25,716.0,1814.0,779.0,1915.0,528,1,0,1,Biker
25,716.0,1814.0,779.0,1919.0,529,1,0,1,Biker
25,716.0,1814.0,779.0,1919.0,530,1,0,1,Biker
25,716.0,1818.0,779.0,1919.0,531,1,0,1,Biker
25,716.0,1818.0,779.0,1919.0,532,1,0,1,Biker
25,716.0,1822.0,779.0,1923.0,533,1,0,1,Biker
25,716.0,1822.0,779.0,1923.0,534,1,0,1,Biker
25,716.0,1822.0,779.0,1923.0,535,1,0,1,Biker
25,716.0,1826.0,779.0,1927.0,536,1,0,1,Biker
25,716.0,1826.0,779.0,1927.0,537,1,0,1,Biker
25,716.0,1830.0,779.0,1927.0,538,1,0,1,Biker
25,716.0,1830.0,779.0,1927.0,539,1,0,1,Biker
25,716.0,1830.0,779.0,1931.0,540,1,0,1,Biker
25,716.0,1834.0,779.0,1931.0,541,1,0,1,Biker
25,716.0,1834.0,779.0,1931.0,542,1,0,1,Biker
25,718.0,1838.0,781.0,1935.0,543,0,0,0,Biker
25,718.0,1838.0,781.0,1935.0,544,0,0,1,Biker
25,718.0,1838.0,781.0,1935.0,545,0,0,1,Biker
25,718.0,1838.0,781.0,1935.0,546,0,0,1,Biker
25,718.0,1838.0,781.0,1935.0,547,0,0,1,Biker
25,718.0,1838.0,781.0,1935.0,548,0,0,1,Biker
25,718.0,1838.0,781.0,1935.0,549,0,0,1,Biker
25,718.0,1838.0,781.0,1935.0,550,0,0,1,Biker
25,718.0,1838.0,781.0,1935.0,551,0,0,1,Biker
25,718.0,1838.0,781.0,1935.0,552,0,0,1,Biker
25,718.0,1838.0,781.0,1935.0,553,0,0,1,Biker
25,718.0,1838.0,781.0,1935.0,554,0,0,1,Biker
25,718.0,1838.0,781.0,1935.0,555,0,0,1,Biker
25,718.0,1838.0,781.0,1935.0,556,0,0,1,Biker
25,718.0,1838.0,781.0,1935.0,557,0,0,1,Biker
25,718.0,1838.0,781.0,1935.0,558,0,0,1,Biker
25,718.0,1838.0,781.0,1935.0,559,0,0,1,Biker
25,718.0,1838.0,781.0,1935.0,560,0,0,1,Biker
25,718.0,1838.0,781.0,1935.0,561,0,0,1,Biker
25,718.0,1838.0,781.0,1935.0,562,0,0,1,Biker
25,718.0,1838.0,781.0,1935.0,563,0,0,1,Biker
25,718.0,1838.0,781.0,1935.0,564,0,0,1,Biker
25,718.0,1838.0,781.0,1935.0,565,0,0,1,Biker
25,718.0,1838.0,781.0,1935.0,566,0,0,1,Biker
25,718.0,1838.0,781.0,1935.0,567,0,0,1,Biker
25,718.0,1838.0,781.0,1935.0,568,0,0,1,Biker
25,718.0,1838.0,781.0,1935.0,569,0,0,1,Biker
25,718.0,1838.0,781.0,1935.0,570,0,0,1,Biker
25,718.0,1838.0,781.0,1935.0,571,0,0,1,Biker
25,718.0,1838.0,781.0,1935.0,572,0,0,1,Biker
25,718.0,1838.0,781.0,1935.0,573,0,0,0,Biker
26,481.0,1871.0,525.0,1935.0,0,1,0,0,Pedestrian
26,481.0,1871.0,525.0,1935.0,1,1,0,1,Pedestrian
26,481.0,1871.0,525.0,1935.0,2,1,0,1,Pedestrian
26,481.0,1871.0,525.0,1935.0,3,1,0,1,Pedestrian
26,481.0,1871.0,525.0,1935.0,4,1,0,1,Pedestrian
26,481.0,1871.0,525.0,1935.0,5,1,0,1,Pedestrian
26,481.0,1871.0,525.0,1935.0,6,1,0,1,Pedestrian
26,481.0,1871.0,525.0,1935.0,7,1,0,1,Pedestrian
26,481.0,1871.0,525.0,1935.0,8,1,0,1,Pedestrian
26,481.0,1871.0,525.0,1935.0,9,1,0,1,Pedestrian
26,481.0,1871.0,525.0,1935.0,10,1,0,1,Pedestrian
26,481.0,1871.0,525.0,1935.0,11,1,0,1,Pedestrian
26,481.0,1871.0,525.0,1935.0,12,1,0,1,Pedestrian
26,481.0,1871.0,525.0,1935.0,13,1,0,1,Pedestrian
26,481.0,1871.0,525.0,1935.0,14,1,0,1,Pedestrian
26,481.0,1871.0,525.0,1935.0,15,1,0,1,Pedestrian
26,481.0,1871.0,525.0,1935.0,16,1,0,1,Pedestrian
26,481.0,1871.0,525.0,1935.0,17,1,0,1,Pedestrian
26,481.0,1871.0,525.0,1935.0,18,1,0,1,Pedestrian
26,481.0,1871.0,525.0,1935.0,19,1,0,1,Pedestrian
26,483.0,1871.0,527.0,1935.0,20,1,0,1,Pedestrian
26,483.0,1871.0,527.0,1935.0,21,1,0,1,Pedestrian
26,483.0,1871.0,527.0,1935.0,22,1,0,1,Pedestrian
26,483.0,1871.0,527.0,1935.0,23,1,0,1,Pedestrian
26,483.0,1871.0,527.0,1935.0,24,1,0,1,Pedestrian
26,483.0,1871.0,527.0,1935.0,25,1,0,1,Pedestrian
26,483.0,1871.0,527.0,1935.0,26,1,0,1,Pedestrian
26,483.0,1871.0,527.0,1935.0,27,1,0,1,Pedestrian
26,483.0,1871.0,527.0,1935.0,28,1,0,1,Pedestrian
26,483.0,1871.0,527.0,1935.0,29,1,0,1,Pedestrian
26,483.0,1871.0,527.0,1935.0,30,1,0,1,Pedestrian
26,483.0,1871.0,527.0,1935.0,31,1,0,1,Pedestrian
26,483.0,1871.0,527.0,1935.0,32,1,0,1,Pedestrian
26,483.0,1871.0,527.0,1935.0,33,1,0,1,Pedestrian
26,483.0,1871.0,527.0,1935.0,34,1,0,1,Pedestrian
26,483.0,1871.0,527.0,1935.0,35,1,0,1,Pedestrian
26,483.0,1871.0,527.0,1935.0,36,1,0,1,Pedestrian
26,483.0,1871.0,527.0,1935.0,37,1,0,1,Pedestrian
26,483.0,1871.0,527.0,1935.0,38,1,0,1,Pedestrian
26,485.0,1871.0,529.0,1935.0,39,1,0,1,Pedestrian
26,485.0,1871.0,529.0,1935.0,40,1,0,1,Pedestrian
26,485.0,1871.0,529.0,1935.0,41,1,0,1,Pedestrian
26,485.0,1871.0,529.0,1935.0,42,1,0,1,Pedestrian
26,485.0,1871.0,529.0,1935.0,43,1,0,1,Pedestrian
26,485.0,1871.0,529.0,1935.0,44,1,0,1,Pedestrian
26,485.0,1871.0,529.0,1935.0,45,1,0,1,Pedestrian
26,485.0,1871.0,529.0,1935.0,46,1,0,1,Pedestrian
26,485.0,1871.0,529.0,1935.0,47,1,0,1,Pedestrian
26,485.0,1871.0,529.0,1935.0,48,1,0,1,Pedestrian
26,485.0,1871.0,529.0,1935.0,49,1,0,1,Pedestrian
26,485.0,1871.0,529.0,1935.0,50,1,0,1,Pedestrian
26,485.0,1871.0,529.0,1935.0,51,1,0,1,Pedestrian
26,485.0,1871.0,529.0,1935.0,52,1,0,1,Pedestrian
26,485.0,1871.0,529.0,1935.0,53,1,0,1,Pedestrian
26,485.0,1871.0,529.0,1935.0,54,1,0,1,Pedestrian
26,485.0,1871.0,529.0,1935.0,55,1,0,1,Pedestrian
26,485.0,1871.0,529.0,1935.0,56,1,0,1,Pedestrian
26,485.0,1871.0,529.0,1935.0,57,1,0,1,Pedestrian
26,485.0,1871.0,529.0,1935.0,58,1,0,1,Pedestrian
26,487.0,1871.0,531.0,1935.0,59,1,0,1,Pedestrian
26,487.0,1871.0,531.0,1935.0,60,1,0,1,Pedestrian
26,487.0,1871.0,531.0,1935.0,61,1,0,1,Pedestrian
26,487.0,1871.0,531.0,1935.0,62,1,0,1,Pedestrian
26,487.0,1871.0,531.0,1935.0,63,1,0,1,Pedestrian
26,487.0,1871.0,531.0,1935.0,64,1,0,1,Pedestrian
26,487.0,1875.0,531.0,1935.0,65,1,0,1,Pedestrian
26,487.0,1875.0,531.0,1935.0,66,1,0,1,Pedestrian
26,487.0,1875.0,531.0,1935.0,67,1,0,1,Pedestrian
26,487.0,1875.0,531.0,1935.0,68,1,0,1,Pedestrian
26,487.0,1875.0,531.0,1935.0,69,1,0,1,Pedestrian
26,487.0,1875.0,531.0,1935.0,70,1,0,1,Pedestrian
26,487.0,1875.0,531.0,1935.0,71,1,0,1,Pedestrian
26,487.0,1875.0,531.0,1935.0,72,1,0,1,Pedestrian
26,487.0,1875.0,531.0,1935.0,73,1,0,1,Pedestrian
26,487.0,1875.0,531.0,1935.0,74,1,0,1,Pedestrian
26,487.0,1875.0,531.0,1935.0,75,1,0,1,Pedestrian
26,487.0,1875.0,531.0,1935.0,76,1,0,1,Pedestrian
26,487.0,1875.0,531.0,1935.0,77,1,0,1,Pedestrian
26,489.0,1875.0,533.0,1935.0,78,1,0,1,Pedestrian
26,489.0,1875.0,533.0,1935.0,79,1,0,1,Pedestrian
26,489.0,1875.0,533.0,1935.0,80,1,0,1,Pedestrian
26,489.0,1875.0,533.0,1935.0,81,1,0,1,Pedestrian
26,489.0,1875.0,533.0,1935.0,82,1,0,1,Pedestrian
26,489.0,1875.0,533.0,1935.0,83,1,0,1,Pedestrian
26,489.0,1875.0,533.0,1935.0,84,1,0,1,Pedestrian
26,489.0,1875.0,533.0,1935.0,85,1,0,1,Pedestrian
26,489.0,1875.0,533.0,1935.0,86,1,0,1,Pedestrian
26,489.0,1875.0,533.0,1935.0,87,1,0,1,Pedestrian
26,489.0,1875.0,533.0,1935.0,88,1,0,1,Pedestrian
26,489.0,1875.0,533.0,1935.0,89,1,0,1,Pedestrian
26,489.0,1875.0,533.0,1935.0,90,1,0,1,Pedestrian
26,489.0,1875.0,533.0,1935.0,91,1,0,1,Pedestrian
26,489.0,1875.0,533.0,1935.0,92,1,0,1,Pedestrian
26,489.0,1875.0,533.0,1935.0,93,1,0,1,Pedestrian
26,489.0,1875.0,533.0,1935.0,94,1,0,1,Pedestrian
26,489.0,1875.0,533.0,1935.0,95,1,0,1,Pedestrian
26,489.0,1875.0,533.0,1935.0,96,1,0,1,Pedestrian
26,491.0,1875.0,535.0,1935.0,97,1,0,1,Pedestrian
26,491.0,1875.0,535.0,1935.0,98,1,0,1,Pedestrian
26,491.0,1875.0,535.0,1935.0,99,1,0,1,Pedestrian
26,491.0,1875.0,535.0,1935.0,100,1,0,1,Pedestrian
26,491.0,1875.0,535.0,1935.0,101,1,0,1,Pedestrian
26,491.0,1875.0,535.0,1935.0,102,1,0,1,Pedestrian
26,491.0,1875.0,535.0,1935.0,103,1,0,1,Pedestrian
26,491.0,1875.0,535.0,1935.0,104,1,0,1,Pedestrian
26,491.0,1875.0,535.0,1935.0,105,1,0,1,Pedestrian
26,491.0,1875.0,535.0,1935.0,106,1,0,1,Pedestrian
26,491.0,1875.0,535.0,1935.0,107,1,0,1,Pedestrian
26,491.0,1875.0,535.0,1935.0,108,1,0,1,Pedestrian
26,491.0,1875.0,535.0,1935.0,109,1,0,1,Pedestrian
26,491.0,1875.0,535.0,1935.0,110,1,0,1,Pedestrian
26,491.0,1875.0,535.0,1935.0,111,1,0,1,Pedestrian
26,491.0,1875.0,535.0,1935.0,112,1,0,1,Pedestrian
26,491.0,1875.0,535.0,1935.0,113,1,0,1,Pedestrian
26,491.0,1875.0,535.0,1935.0,114,1,0,1,Pedestrian
26,491.0,1875.0,535.0,1935.0,115,1,0,1,Pedestrian
26,491.0,1875.0,535.0,1935.0,116,1,0,1,Pedestrian
26,493.0,1875.0,537.0,1935.0,117,1,0,1,Pedestrian
26,493.0,1875.0,537.0,1935.0,118,1,0,1,Pedestrian
26,493.0,1875.0,537.0,1935.0,119,1,0,1,Pedestrian
26,493.0,1875.0,537.0,1935.0,120,1,0,1,Pedestrian
26,493.0,1875.0,537.0,1935.0,121,1,0,1,Pedestrian
26,493.0,1875.0,537.0,1935.0,122,1,0,1,Pedestrian
26,493.0,1875.0,537.0,1935.0,123,1,0,1,Pedestrian
26,493.0,1875.0,537.0,1935.0,124,1,0,1,Pedestrian
26,493.0,1875.0,537.0,1935.0,125,1,0,1,Pedestrian
26,493.0,1875.0,537.0,1935.0,126,1,0,1,Pedestrian
26,493.0,1875.0,537.0,1935.0,127,1,0,1,Pedestrian
26,493.0,1875.0,537.0,1935.0,128,1,0,1,Pedestrian
26,493.0,1879.0,537.0,1935.0,129,1,0,1,Pedestrian
26,493.0,1879.0,537.0,1935.0,130,1,0,1,Pedestrian
26,493.0,1879.0,537.0,1935.0,131,1,0,1,Pedestrian
26,493.0,1879.0,537.0,1935.0,132,1,0,1,Pedestrian
26,493.0,1879.0,537.0,1935.0,133,1,0,1,Pedestrian
26,493.0,1879.0,537.0,1935.0,134,1,0,1,Pedestrian
26,493.0,1879.0,537.0,1935.0,135,1,0,1,Pedestrian
26,495.0,1879.0,539.0,1935.0,136,1,0,1,Pedestrian
26,495.0,1879.0,539.0,1935.0,137,1,0,1,Pedestrian
26,495.0,1879.0,539.0,1935.0,138,1,0,1,Pedestrian
26,495.0,1879.0,539.0,1935.0,139,1,0,1,Pedestrian
26,495.0,1879.0,539.0,1935.0,140,1,0,1,Pedestrian
26,495.0,1879.0,539.0,1935.0,141,1,0,1,Pedestrian
26,495.0,1879.0,539.0,1935.0,142,1,0,1,Pedestrian
26,495.0,1879.0,539.0,1935.0,143,1,0,1,Pedestrian
26,495.0,1879.0,539.0,1935.0,144,1,0,1,Pedestrian
26,495.0,1879.0,539.0,1935.0,145,1,0,1,Pedestrian
26,495.0,1879.0,539.0,1935.0,146,1,0,1,Pedestrian
26,495.0,1879.0,539.0,1935.0,147,1,0,1,Pedestrian
26,495.0,1879.0,539.0,1935.0,148,1,0,1,Pedestrian
26,495.0,1879.0,539.0,1935.0,149,1,0,1,Pedestrian
26,495.0,1879.0,539.0,1935.0,150,1,0,1,Pedestrian
26,495.0,1879.0,539.0,1935.0,151,1,0,1,Pedestrian
26,495.0,1879.0,539.0,1935.0,152,1,0,1,Pedestrian
26,495.0,1879.0,539.0,1935.0,153,1,0,1,Pedestrian
26,495.0,1879.0,539.0,1935.0,154,1,0,1,Pedestrian
26,497.0,1879.0,541.0,1935.0,155,1,0,1,Pedestrian
26,497.0,1879.0,541.0,1935.0,156,1,0,1,Pedestrian
26,497.0,1879.0,541.0,1935.0,157,1,0,1,Pedestrian
26,497.0,1879.0,541.0,1935.0,158,1,0,1,Pedestrian
26,497.0,1879.0,541.0,1935.0,159,1,0,1,Pedestrian
26,497.0,1879.0,541.0,1935.0,160,1,0,1,Pedestrian
26,497.0,1879.0,541.0,1935.0,161,1,0,1,Pedestrian
26,497.0,1879.0,541.0,1935.0,162,1,0,1,Pedestrian
26,497.0,1879.0,541.0,1935.0,163,1,0,1,Pedestrian
26,497.0,1879.0,541.0,1935.0,164,1,0,1,Pedestrian
26,497.0,1879.0,541.0,1935.0,165,1,0,1,Pedestrian
26,497.0,1879.0,541.0,1935.0,166,1,0,1,Pedestrian
26,497.0,1879.0,541.0,1935.0,167,1,0,1,Pedestrian
26,497.0,1879.0,541.0,1935.0,168,1,0,1,Pedestrian
26,497.0,1879.0,541.0,1935.0,169,1,0,1,Pedestrian
26,497.0,1879.0,541.0,1935.0,170,1,0,1,Pedestrian
26,497.0,1879.0,541.0,1935.0,171,1,0,1,Pedestrian
26,497.0,1879.0,541.0,1935.0,172,1,0,1,Pedestrian
26,497.0,1879.0,541.0,1935.0,173,1,0,1,Pedestrian
26,497.0,1879.0,541.0,1935.0,174,1,0,1,Pedestrian
26,499.0,1879.0,543.0,1935.0,175,1,0,1,Pedestrian
26,499.0,1879.0,543.0,1935.0,176,1,0,1,Pedestrian
26,499.0,1879.0,543.0,1935.0,177,1,0,1,Pedestrian
26,499.0,1879.0,543.0,1935.0,178,1,0,1,Pedestrian
26,499.0,1879.0,543.0,1935.0,179,1,0,1,Pedestrian
26,499.0,1879.0,543.0,1935.0,180,1,0,1,Pedestrian
26,499.0,1879.0,543.0,1935.0,181,1,0,1,Pedestrian
26,499.0,1879.0,543.0,1935.0,182,1,0,1,Pedestrian
26,499.0,1879.0,543.0,1935.0,183,1,0,1,Pedestrian
26,499.0,1879.0,543.0,1935.0,184,1,0,1,Pedestrian
26,499.0,1879.0,543.0,1935.0,185,1,0,1,Pedestrian
26,499.0,1879.0,543.0,1935.0,186,1,0,1,Pedestrian
26,499.0,1879.0,543.0,1935.0,187,1,0,1,Pedestrian
26,499.0,1879.0,543.0,1935.0,188,1,0,1,Pedestrian
26,499.0,1879.0,543.0,1935.0,189,1,0,1,Pedestrian
26,499.0,1879.0,543.0,1935.0,190,1,0,1,Pedestrian
26,499.0,1879.0,543.0,1935.0,191,1,0,1,Pedestrian
26,499.0,1879.0,543.0,1935.0,192,1,0,1,Pedestrian
26,499.0,1879.0,543.0,1935.0,193,1,0,1,Pedestrian
26,501.0,1883.0,545.0,1935.0,194,1,0,1,Pedestrian
26,501.0,1883.0,545.0,1935.0,195,1,0,1,Pedestrian
26,501.0,1883.0,545.0,1935.0,196,1,0,1,Pedestrian
26,501.0,1883.0,545.0,1935.0,197,1,0,1,Pedestrian
26,501.0,1883.0,545.0,1935.0,198,1,0,1,Pedestrian
26,501.0,1883.0,545.0,1935.0,199,1,0,1,Pedestrian
26,501.0,1883.0,545.0,1935.0,200,1,0,1,Pedestrian
26,501.0,1883.0,545.0,1935.0,201,1,0,1,Pedestrian
26,501.0,1883.0,545.0,1935.0,202,1,0,1,Pedestrian
26,501.0,1883.0,545.0,1935.0,203,1,0,1,Pedestrian
26,501.0,1883.0,545.0,1935.0,204,1,0,1,Pedestrian
26,501.0,1883.0,545.0,1935.0,205,1,0,1,Pedestrian
26,501.0,1883.0,545.0,1935.0,206,1,0,1,Pedestrian
26,501.0,1883.0,545.0,1935.0,207,1,0,1,Pedestrian
26,501.0,1883.0,545.0,1935.0,208,1,0,1,Pedestrian
26,501.0,1883.0,545.0,1935.0,209,1,0,1,Pedestrian
26,501.0,1883.0,545.0,1935.0,210,1,0,1,Pedestrian
26,501.0,1883.0,545.0,1935.0,211,1,0,1,Pedestrian
26,501.0,1883.0,545.0,1935.0,212,1,0,1,Pedestrian
26,503.0,1883.0,547.0,1935.0,213,1,0,1,Pedestrian
26,503.0,1883.0,547.0,1935.0,214,1,0,1,Pedestrian
26,503.0,1883.0,547.0,1935.0,215,1,0,1,Pedestrian
26,503.0,1883.0,547.0,1935.0,216,1,0,1,Pedestrian
26,503.0,1883.0,547.0,1935.0,217,1,0,1,Pedestrian
26,503.0,1883.0,547.0,1935.0,218,1,0,1,Pedestrian
26,503.0,1883.0,547.0,1935.0,219,1,0,1,Pedestrian
26,503.0,1883.0,547.0,1935.0,220,1,0,1,Pedestrian
26,503.0,1883.0,547.0,1935.0,221,1,0,1,Pedestrian
26,503.0,1883.0,547.0,1935.0,222,1,0,1,Pedestrian
26,503.0,1883.0,547.0,1935.0,223,1,0,1,Pedestrian
26,503.0,1883.0,547.0,1935.0,224,1,0,1,Pedestrian
26,503.0,1883.0,547.0,1935.0,225,1,0,1,Pedestrian
26,503.0,1883.0,547.0,1935.0,226,1,0,1,Pedestrian
26,503.0,1883.0,547.0,1935.0,227,1,0,1,Pedestrian
26,503.0,1883.0,547.0,1935.0,228,1,0,1,Pedestrian
26,503.0,1883.0,547.0,1935.0,229,1,0,1,Pedestrian
26,503.0,1883.0,547.0,1935.0,230,1,0,1,Pedestrian
26,503.0,1883.0,547.0,1935.0,231,1,0,1,Pedestrian
26,503.0,1883.0,547.0,1935.0,232,1,0,1,Pedestrian
26,505.0,1883.0,549.0,1935.0,233,1,0,1,Pedestrian
26,505.0,1883.0,549.0,1935.0,234,1,0,1,Pedestrian
26,505.0,1883.0,549.0,1935.0,235,1,0,1,Pedestrian
26,505.0,1883.0,549.0,1935.0,236,1,0,1,Pedestrian
26,505.0,1883.0,549.0,1935.0,237,1,0,1,Pedestrian
26,505.0,1883.0,549.0,1935.0,238,1,0,1,Pedestrian
26,505.0,1883.0,549.0,1935.0,239,1,0,1,Pedestrian
26,505.0,1883.0,549.0,1935.0,240,1,0,1,Pedestrian
26,505.0,1883.0,549.0,1935.0,241,1,0,1,Pedestrian
26,505.0,1883.0,549.0,1935.0,242,1,0,1,Pedestrian
26,505.0,1883.0,549.0,1935.0,243,1,0,1,Pedestrian
26,505.0,1883.0,549.0,1935.0,244,1,0,1,Pedestrian
26,505.0,1883.0,549.0,1935.0,245,1,0,1,Pedestrian
26,505.0,1883.0,549.0,1935.0,246,1,0,1,Pedestrian
26,505.0,1883.0,549.0,1935.0,247,1,0,1,Pedestrian
26,505.0,1883.0,549.0,1935.0,248,1,0,1,Pedestrian
26,505.0,1883.0,549.0,1935.0,249,1,0,1,Pedestrian
26,505.0,1883.0,549.0,1935.0,250,1,0,1,Pedestrian
26,505.0,1883.0,549.0,1935.0,251,1,0,1,Pedestrian
26,507.0,1883.0,551.0,1935.0,252,1,0,1,Pedestrian
26,507.0,1883.0,551.0,1935.0,253,1,0,1,Pedestrian
26,507.0,1883.0,551.0,1935.0,254,1,0,1,Pedestrian
26,507.0,1883.0,551.0,1935.0,255,1,0,1,Pedestrian
26,507.0,1883.0,551.0,1935.0,256,1,0,1,Pedestrian
26,507.0,1883.0,551.0,1935.0,257,1,0,1,Pedestrian
26,507.0,1887.0,551.0,1935.0,258,1,0,1,Pedestrian
26,507.0,1887.0,551.0,1935.0,259,1,0,1,Pedestrian
26,507.0,1887.0,551.0,1935.0,260,1,0,1,Pedestrian
26,507.0,1887.0,551.0,1935.0,261,1,0,1,Pedestrian
26,507.0,1887.0,551.0,1935.0,262,1,0,1,Pedestrian
26,507.0,1887.0,551.0,1935.0,263,1,0,1,Pedestrian
26,507.0,1887.0,551.0,1935.0,264,1,0,1,Pedestrian
26,507.0,1887.0,551.0,1935.0,265,1,0,1,Pedestrian
26,507.0,1887.0,551.0,1935.0,266,1,0,1,Pedestrian
26,507.0,1887.0,551.0,1935.0,267,1,0,1,Pedestrian
26,507.0,1887.0,551.0,1935.0,268,1,0,1,Pedestrian
26,507.0,1887.0,551.0,1935.0,269,1,0,1,Pedestrian
26,507.0,1887.0,551.0,1935.0,270,1,0,1,Pedestrian
26,509.0,1887.0,553.0,1935.0,271,1,0,1,Pedestrian
26,509.0,1887.0,553.0,1935.0,272,1,0,1,Pedestrian
26,509.0,1887.0,553.0,1935.0,273,1,0,1,Pedestrian
26,509.0,1887.0,553.0,1935.0,274,1,0,1,Pedestrian
26,509.0,1887.0,553.0,1935.0,275,1,0,1,Pedestrian
26,509.0,1887.0,553.0,1935.0,276,1,0,1,Pedestrian
26,509.0,1887.0,553.0,1935.0,277,1,0,1,Pedestrian
26,509.0,1887.0,553.0,1935.0,278,1,0,1,Pedestrian
26,509.0,1887.0,553.0,1935.0,279,1,0,1,Pedestrian
26,509.0,1887.0,553.0,1935.0,280,1,0,1,Pedestrian
26,509.0,1887.0,553.0,1935.0,281,1,0,1,Pedestrian
26,509.0,1887.0,553.0,1935.0,282,1,0,1,Pedestrian
26,509.0,1887.0,553.0,1935.0,283,1,0,1,Pedestrian
26,509.0,1887.0,553.0,1935.0,284,1,0,1,Pedestrian
26,509.0,1887.0,553.0,1935.0,285,1,0,1,Pedestrian
26,509.0,1887.0,553.0,1935.0,286,1,0,1,Pedestrian
26,509.0,1887.0,553.0,1935.0,287,1,0,1,Pedestrian
26,509.0,1887.0,553.0,1935.0,288,1,0,1,Pedestrian
26,509.0,1887.0,553.0,1935.0,289,1,0,1,Pedestrian
26,509.0,1887.0,553.0,1935.0,290,1,0,1,Pedestrian
26,511.0,1887.0,555.0,1935.0,291,1,0,1,Pedestrian
26,511.0,1887.0,555.0,1935.0,292,1,0,1,Pedestrian
26,511.0,1887.0,555.0,1935.0,293,1,0,1,Pedestrian
26,511.0,1887.0,555.0,1935.0,294,1,0,1,Pedestrian
26,511.0,1887.0,555.0,1935.0,295,1,0,1,Pedestrian
26,511.0,1887.0,555.0,1935.0,296,1,0,1,Pedestrian
26,511.0,1887.0,555.0,1935.0,297,1,0,1,Pedestrian
26,511.0,1887.0,555.0,1935.0,298,1,0,1,Pedestrian
26,511.0,1887.0,555.0,1935.0,299,1,0,1,Pedestrian
26,511.0,1887.0,555.0,1935.0,300,1,0,1,Pedestrian
26,511.0,1887.0,555.0,1935.0,301,1,0,1,Pedestrian
26,511.0,1887.0,555.0,1935.0,302,1,0,1,Pedestrian
26,511.0,1887.0,555.0,1935.0,303,1,0,1,Pedestrian
26,511.0,1887.0,555.0,1935.0,304,1,0,1,Pedestrian
26,511.0,1887.0,555.0,1935.0,305,1,0,1,Pedestrian
26,511.0,1887.0,555.0,1935.0,306,1,0,1,Pedestrian
26,511.0,1887.0,555.0,1935.0,307,1,0,1,Pedestrian
26,511.0,1887.0,555.0,1935.0,308,1,0,1,Pedestrian
26,511.0,1887.0,555.0,1935.0,309,1,0,1,Pedestrian
26,513.0,1887.0,557.0,1935.0,310,1,0,1,Pedestrian
26,513.0,1887.0,557.0,1935.0,311,1,0,1,Pedestrian
26,513.0,1887.0,557.0,1935.0,312,1,0,1,Pedestrian
26,513.0,1887.0,557.0,1935.0,313,1,0,1,Pedestrian
26,513.0,1887.0,557.0,1935.0,314,1,0,1,Pedestrian
26,513.0,1887.0,557.0,1935.0,315,1,0,1,Pedestrian
26,513.0,1887.0,557.0,1935.0,316,1,0,1,Pedestrian
26,513.0,1887.0,557.0,1935.0,317,1,0,1,Pedestrian
26,513.0,1887.0,557.0,1935.0,318,1,0,1,Pedestrian
26,513.0,1887.0,557.0,1935.0,319,1,0,1,Pedestrian
26,513.0,1887.0,557.0,1935.0,320,1,0,1,Pedestrian
26,513.0,1887.0,557.0,1935.0,321,1,0,1,Pedestrian
26,513.0,1887.0,557.0,1935.0,322,1,0,1,Pedestrian
26,513.0,1891.0,557.0,1935.0,323,1,0,1,Pedestrian
26,513.0,1891.0,557.0,1935.0,324,1,0,1,Pedestrian
26,513.0,1891.0,557.0,1935.0,325,1,0,1,Pedestrian
26,513.0,1891.0,557.0,1935.0,326,1,0,1,Pedestrian
26,513.0,1891.0,557.0,1935.0,327,1,0,1,Pedestrian
26,513.0,1891.0,557.0,1935.0,328,1,0,1,Pedestrian
26,515.0,1891.0,559.0,1935.0,329,1,0,1,Pedestrian
26,515.0,1891.0,559.0,1935.0,330,1,0,1,Pedestrian
26,515.0,1891.0,559.0,1935.0,331,1,0,1,Pedestrian
26,515.0,1891.0,559.0,1935.0,332,1,0,1,Pedestrian
26,515.0,1891.0,559.0,1935.0,333,1,0,1,Pedestrian
26,515.0,1891.0,559.0,1935.0,334,1,0,1,Pedestrian
26,515.0,1891.0,559.0,1935.0,335,1,0,1,Pedestrian
26,515.0,1891.0,559.0,1935.0,336,1,0,1,Pedestrian
26,515.0,1891.0,559.0,1935.0,337,1,0,1,Pedestrian
26,515.0,1891.0,559.0,1935.0,338,1,0,1,Pedestrian
26,515.0,1891.0,559.0,1935.0,339,1,0,1,Pedestrian
26,515.0,1891.0,559.0,1935.0,340,1,0,1,Pedestrian
26,515.0,1891.0,559.0,1935.0,341,1,0,1,Pedestrian
26,515.0,1891.0,559.0,1935.0,342,1,0,1,Pedestrian
26,515.0,1891.0,559.0,1935.0,343,1,0,1,Pedestrian
26,515.0,1891.0,559.0,1935.0,344,1,0,1,Pedestrian
26,515.0,1891.0,559.0,1935.0,345,1,0,1,Pedestrian
26,515.0,1891.0,559.0,1935.0,346,1,0,1,Pedestrian
26,515.0,1891.0,559.0,1935.0,347,1,0,1,Pedestrian
26,515.0,1891.0,559.0,1935.0,348,1,0,1,Pedestrian
26,517.0,1891.0,561.0,1935.0,349,1,0,1,Pedestrian
26,517.0,1891.0,561.0,1935.0,350,1,0,1,Pedestrian
26,517.0,1891.0,561.0,1935.0,351,1,0,1,Pedestrian
26,517.0,1891.0,561.0,1935.0,352,1,0,1,Pedestrian
26,517.0,1891.0,561.0,1935.0,353,1,0,1,Pedestrian
26,517.0,1891.0,561.0,1935.0,354,1,0,1,Pedestrian
26,517.0,1891.0,561.0,1935.0,355,1,0,1,Pedestrian
26,517.0,1891.0,561.0,1935.0,356,1,0,1,Pedestrian
26,517.0,1891.0,561.0,1935.0,357,1,0,1,Pedestrian
26,517.0,1891.0,561.0,1935.0,358,1,0,1,Pedestrian
26,517.0,1891.0,561.0,1935.0,359,1,0,1,Pedestrian
26,517.0,1891.0,561.0,1935.0,360,1,0,1,Pedestrian
26,517.0,1891.0,561.0,1935.0,361,1,0,1,Pedestrian
26,517.0,1891.0,561.0,1935.0,362,1,0,1,Pedestrian
26,517.0,1891.0,561.0,1935.0,363,1,0,1,Pedestrian
26,517.0,1891.0,561.0,1935.0,364,1,0,1,Pedestrian
26,517.0,1891.0,561.0,1935.0,365,1,0,1,Pedestrian
26,517.0,1891.0,561.0,1935.0,366,1,0,1,Pedestrian
26,517.0,1891.0,561.0,1935.0,367,1,0,1,Pedestrian
26,519.0,1891.0,563.0,1935.0,368,1,0,1,Pedestrian
26,519.0,1891.0,563.0,1935.0,369,1,0,1,Pedestrian
26,519.0,1891.0,563.0,1935.0,370,1,0,1,Pedestrian
26,519.0,1891.0,563.0,1935.0,371,1,0,1,Pedestrian
26,519.0,1891.0,563.0,1935.0,372,1,0,1,Pedestrian
26,519.0,1891.0,563.0,1935.0,373,1,0,1,Pedestrian
26,519.0,1891.0,563.0,1935.0,374,1,0,1,Pedestrian
26,519.0,1891.0,563.0,1935.0,375,1,0,1,Pedestrian
26,519.0,1891.0,563.0,1935.0,376,1,0,1,Pedestrian
26,519.0,1891.0,563.0,1935.0,377,1,0,1,Pedestrian
26,519.0,1891.0,563.0,1935.0,378,1,0,1,Pedestrian
26,519.0,1891.0,563.0,1935.0,379,1,0,1,Pedestrian
26,519.0,1891.0,563.0,1935.0,380,1,0,1,Pedestrian
26,519.0,1891.0,563.0,1935.0,381,1,0,1,Pedestrian
26,519.0,1891.0,563.0,1935.0,382,1,0,1,Pedestrian
26,519.0,1891.0,563.0,1935.0,383,1,0,1,Pedestrian
26,519.0,1891.0,563.0,1935.0,384,1,0,1,Pedestrian
26,519.0,1891.0,563.0,1935.0,385,1,0,1,Pedestrian
26,519.0,1891.0,563.0,1935.0,386,1,0,1,Pedestrian
26,521.0,1895.0,565.0,1935.0,387,0,0,0,Pedestrian
26,519.0,1891.0,563.0,1935.0,388,0,0,1,Pedestrian
26,517.0,1891.0,561.0,1935.0,389,0,0,1,Pedestrian
26,515.0,1891.0,559.0,1935.0,390,0,0,1,Pedestrian
26,515.0,1891.0,559.0,1935.0,391,0,0,1,Pedestrian
26,513.0,1887.0,557.0,1935.0,392,0,0,1,Pedestrian
26,511.0,1887.0,555.0,1935.0,393,0,0,1,Pedestrian
26,511.0,1887.0,555.0,1935.0,394,0,0,1,Pedestrian
26,509.0,1887.0,553.0,1935.0,395,0,0,1,Pedestrian
26,507.0,1887.0,551.0,1935.0,396,0,0,1,Pedestrian
26,505.0,1883.0,549.0,1935.0,397,0,0,1,Pedestrian
26,505.0,1883.0,549.0,1935.0,398,0,0,1,Pedestrian
26,503.0,1883.0,547.0,1935.0,399,0,0,1,Pedestrian
26,501.0,1883.0,545.0,1935.0,400,0,0,1,Pedestrian
26,501.0,1883.0,545.0,1935.0,401,0,0,1,Pedestrian
26,499.0,1879.0,543.0,1935.0,402,0,0,1,Pedestrian
26,497.0,1879.0,541.0,1935.0,403,0,0,1,Pedestrian
26,495.0,1879.0,539.0,1935.0,404,0,0,1,Pedestrian
26,495.0,1879.0,539.0,1935.0,405,0,0,1,Pedestrian
26,493.0,1875.0,537.0,1935.0,406,0,0,1,Pedestrian
26,491.0,1875.0,535.0,1935.0,407,0,0,1,Pedestrian
26,491.0,1875.0,535.0,1935.0,408,0,0,1,Pedestrian
26,489.0,1875.0,533.0,1935.0,409,0,0,1,Pedestrian
26,487.0,1875.0,531.0,1935.0,410,0,0,1,Pedestrian
26,485.0,1871.0,529.0,1935.0,411,0,0,1,Pedestrian
26,485.0,1871.0,529.0,1935.0,412,0,0,1,Pedestrian
26,483.0,1871.0,527.0,1935.0,413,0,0,1,Pedestrian
26,481.0,1871.0,525.0,1935.0,414,0,0,1,Pedestrian
26,481.0,1871.0,525.0,1935.0,415,0,0,0,Pedestrian
26,479.0,1867.0,523.0,1931.0,416,0,0,1,Pedestrian
26,477.0,1867.0,521.0,1931.0,417,0,0,1,Pedestrian
26,475.0,1867.0,519.0,1931.0,418,0,0,1,Pedestrian
26,473.0,1867.0,517.0,1931.0,419,0,0,1,Pedestrian
26,471.0,1867.0,515.0,1931.0,420,0,0,1,Pedestrian
26,471.0,1867.0,515.0,1931.0,421,0,0,1,Pedestrian
26,469.0,1867.0,513.0,1931.0,422,0,0,1,Pedestrian
26,467.0,1867.0,511.0,1931.0,423,0,0,1,Pedestrian
26,465.0,1867.0,509.0,1931.0,424,0,0,1,Pedestrian
26,463.0,1867.0,507.0,1931.0,425,0,0,1,Pedestrian
26,463.0,1867.0,507.0,1931.0,426,0,0,1,Pedestrian
26,461.0,1867.0,505.0,1931.0,427,0,0,1,Pedestrian
26,459.0,1867.0,503.0,1931.0,428,0,0,1,Pedestrian
26,457.0,1867.0,501.0,1931.0,429,0,0,1,Pedestrian
26,455.0,1867.0,499.0,1931.0,430,0,0,1,Pedestrian
26,455.0,1867.0,499.0,1931.0,431,0,1,0,Pedestrian
26,453.0,1863.0,497.0,1927.0,432,0,1,1,Pedestrian
26,451.0,1863.0,495.0,1927.0,433,0,1,1,Pedestrian
26,449.0,1863.0,493.0,1927.0,434,0,1,1,Pedestrian
26,447.0,1863.0,491.0,1927.0,435,0,1,1,Pedestrian
26,445.0,1863.0,489.0,1927.0,436,0,1,1,Pedestrian
26,445.0,1863.0,489.0,1927.0,437,0,1,1,Pedestrian
26,443.0,1863.0,487.0,1927.0,438,0,1,1,Pedestrian
26,441.0,1863.0,485.0,1927.0,439,0,1,1,Pedestrian
26,439.0,1863.0,483.0,1927.0,440,0,1,1,Pedestrian
26,437.0,1863.0,481.0,1927.0,441,0,1,1,Pedestrian
26,437.0,1863.0,479.0,1927.0,442,0,1,1,Pedestrian
26,435.0,1863.0,479.0,1927.0,443,0,1,1,Pedestrian
26,432.0,1863.0,477.0,1927.0,444,0,1,1,Pedestrian
26,430.0,1863.0,475.0,1927.0,445,0,1,1,Pedestrian
26,428.0,1863.0,473.0,1927.0,446,0,1,1,Pedestrian
26,428.0,1863.0,471.0,1927.0,447,0,1,1,Pedestrian
26,426.0,1863.0,469.0,1927.0,448,0,1,1,Pedestrian
26,424.0,1863.0,469.0,1927.0,449,0,1,1,Pedestrian
26,422.0,1863.0,467.0,1927.0,450,0,1,1,Pedestrian
26,420.0,1863.0,465.0,1927.0,451,0,1,1,Pedestrian
26,418.0,1863.0,463.0,1927.0,452,0,1,1,Pedestrian
26,418.0,1863.0,461.0,1927.0,453,0,1,1,Pedestrian
26,416.0,1863.0,461.0,1927.0,454,0,1,1,Pedestrian
26,414.0,1859.0,459.0,1923.0,455,0,1,1,Pedestrian
26,412.0,1859.0,457.0,1923.0,456,0,1,1,Pedestrian
26,410.0,1859.0,455.0,1923.0,457,0,1,1,Pedestrian
26,410.0,1859.0,453.0,1923.0,458,0,1,1,Pedestrian
26,408.0,1859.0,451.0,1923.0,459,0,1,1,Pedestrian
26,406.0,1859.0,451.0,1923.0,460,0,1,1,Pedestrian
26,404.0,1859.0,449.0,1923.0,461,0,1,1,Pedestrian
26,402.0,1859.0,447.0,1923.0,462,0,1,1,Pedestrian
26,402.0,1859.0,445.0,1923.0,463,0,1,1,Pedestrian
26,400.0,1859.0,443.0,1923.0,464,0,1,1,Pedestrian
26,398.0,1859.0,441.0,1923.0,465,0,1,1,Pedestrian
26,396.0,1859.0,441.0,1923.0,466,0,1,1,Pedestrian
26,394.0,1859.0,439.0,1923.0,467,0,1,1,Pedestrian
26,392.0,1859.0,437.0,1923.0,468,0,1,1,Pedestrian
26,392.0,1859.0,435.0,1923.0,469,0,1,1,Pedestrian
26,390.0,1859.0,432.0,1923.0,470,0,1,1,Pedestrian
26,388.0,1859.0,430.0,1923.0,471,0,1,1,Pedestrian
26,386.0,1859.0,430.0,1923.0,472,0,1,1,Pedestrian
26,384.0,1859.0,428.0,1923.0,473,0,1,1,Pedestrian
26,384.0,1859.0,426.0,1923.0,474,0,1,1,Pedestrian
26,382.0,1859.0,424.0,1923.0,475,0,1,1,Pedestrian
26,380.0,1859.0,422.0,1923.0,476,0,1,1,Pedestrian
26,378.0,1859.0,422.0,1923.0,477,0,1,1,Pedestrian
26,376.0,1855.0,420.0,1919.0,478,0,1,1,Pedestrian
26,376.0,1855.0,418.0,1919.0,479,0,1,1,Pedestrian
26,374.0,1855.0,416.0,1919.0,480,0,1,1,Pedestrian
26,372.0,1855.0,414.0,1919.0,481,0,1,1,Pedestrian
26,370.0,1855.0,412.0,1919.0,482,0,1,1,Pedestrian
26,368.0,1855.0,412.0,1919.0,483,0,1,1,Pedestrian
26,366.0,1855.0,410.0,1919.0,484,0,1,1,Pedestrian
26,366.0,1855.0,408.0,1919.0,485,0,1,1,Pedestrian
26,364.0,1855.0,406.0,1919.0,486,0,1,1,Pedestrian
26,362.0,1855.0,404.0,1919.0,487,0,1,1,Pedestrian
26,360.0,1855.0,402.0,1919.0,488,0,1,1,Pedestrian
26,358.0,1855.0,402.0,1919.0,489,0,1,1,Pedestrian
26,358.0,1855.0,400.0,1919.0,490,0,1,1,Pedestrian
26,356.0,1855.0,398.0,1919.0,491,0,1,1,Pedestrian
26,354.0,1855.0,396.0,1919.0,492,0,1,1,Pedestrian
26,352.0,1855.0,394.0,1919.0,493,0,1,1,Pedestrian
26,350.0,1855.0,392.0,1919.0,494,0,1,1,Pedestrian
26,350.0,1855.0,392.0,1919.0,495,0,1,1,Pedestrian
26,348.0,1855.0,390.0,1919.0,496,0,1,1,Pedestrian
26,346.0,1855.0,388.0,1919.0,497,0,1,1,Pedestrian
26,344.0,1855.0,386.0,1919.0,498,0,1,1,Pedestrian
26,342.0,1855.0,384.0,1919.0,499,0,1,1,Pedestrian
26,342.0,1855.0,384.0,1919.0,500,0,1,0,Pedestrian
26,340.0,1851.0,384.0,1919.0,501,0,1,1,Pedestrian
26,338.0,1851.0,384.0,1919.0,502,0,1,1,Pedestrian
26,336.0,1851.0,384.0,1919.0,503,0,1,1,Pedestrian
26,334.0,1847.0,384.0,1919.0,504,0,1,1,Pedestrian
26,332.0,1847.0,384.0,1919.0,505,0,1,1,Pedestrian
26,332.0,1847.0,384.0,1919.0,506,0,1,1,Pedestrian
26,330.0,1843.0,384.0,1919.0,507,0,1,1,Pedestrian
26,328.0,1843.0,384.0,1919.0,508,0,1,1,Pedestrian
26,326.0,1843.0,384.0,1919.0,509,0,1,1,Pedestrian
26,324.0,1838.0,384.0,1919.0,510,0,1,1,Pedestrian
26,322.0,1838.0,384.0,1919.0,511,0,1,1,Pedestrian
26,322.0,1838.0,384.0,1919.0,512,0,1,1,Pedestrian
26,320.0,1834.0,384.0,1919.0,513,0,1,1,Pedestrian
26,318.0,1834.0,384.0,1919.0,514,0,1,1,Pedestrian
26,316.0,1834.0,384.0,1919.0,515,0,1,1,Pedestrian
26,314.0,1830.0,384.0,1919.0,516,0,1,1,Pedestrian
26,312.0,1830.0,384.0,1919.0,517,0,1,1,Pedestrian
26,312.0,1830.0,384.0,1919.0,518,0,1,1,Pedestrian
26,310.0,1826.0,384.0,1919.0,519,0,1,1,Pedestrian
26,308.0,1826.0,384.0,1919.0,520,0,1,1,Pedestrian
26,306.0,1826.0,384.0,1919.0,521,0,1,1,Pedestrian
26,304.0,1822.0,384.0,1919.0,522,0,1,1,Pedestrian
26,302.0,1822.0,384.0,1919.0,523,0,1,1,Pedestrian
26,302.0,1822.0,384.0,1919.0,524,0,1,1,Pedestrian
26,300.0,1818.0,384.0,1919.0,525,0,1,1,Pedestrian
26,298.0,1818.0,384.0,1919.0,526,0,1,1,Pedestrian
26,296.0,1818.0,384.0,1919.0,527,0,1,1,Pedestrian
26,294.0,1814.0,384.0,1919.0,528,0,1,1,Pedestrian
26,292.0,1814.0,384.0,1919.0,529,0,1,1,Pedestrian
26,292.0,1814.0,384.0,1919.0,530,0,0,0,Pedestrian
26,287.0,1810.0,380.0,1915.0,531,0,0,1,Pedestrian
26,285.0,1810.0,378.0,1915.0,532,0,0,1,Pedestrian
26,283.0,1810.0,376.0,1915.0,533,0,0,1,Pedestrian
26,281.0,1810.0,374.0,1915.0,534,0,0,1,Pedestrian
26,279.0,1810.0,372.0,1915.0,535,0,0,1,Pedestrian
26,277.0,1810.0,370.0,1915.0,536,0,0,1,Pedestrian
26,275.0,1810.0,368.0,1915.0,537,0,0,1,Pedestrian
26,273.0,1810.0,366.0,1915.0,538,0,0,1,Pedestrian
26,271.0,1810.0,364.0,1915.0,539,0,0,1,Pedestrian
26,269.0,1810.0,362.0,1915.0,540,0,0,1,Pedestrian
26,265.0,1810.0,358.0,1915.0,541,0,0,1,Pedestrian
26,263.0,1810.0,356.0,1915.0,542,0,0,1,Pedestrian
26,261.0,1810.0,354.0,1915.0,543,0,0,1,Pedestrian
26,259.0,1810.0,352.0,1915.0,544,0,0,1,Pedestrian
26,257.0,1810.0,350.0,1915.0,545,0,0,1,Pedestrian
26,255.0,1810.0,348.0,1915.0,546,0,0,1,Pedestrian
26,253.0,1810.0,346.0,1915.0,547,0,0,1,Pedestrian
26,251.0,1810.0,344.0,1915.0,548,0,0,1,Pedestrian
26,249.0,1810.0,342.0,1915.0,549,0,0,1,Pedestrian
26,247.0,1810.0,340.0,1915.0,550,0,0,0,Pedestrian
26,243.0,1806.0,336.0,1911.0,551,0,0,1,Pedestrian
26,241.0,1806.0,334.0,1911.0,552,0,0,1,Pedestrian
26,239.0,1806.0,332.0,1911.0,553,0,0,1,Pedestrian
26,237.0,1806.0,330.0,1911.0,554,0,0,1,Pedestrian
26,235.0,1806.0,328.0,1911.0,555,0,0,1,Pedestrian
26,233.0,1806.0,326.0,1911.0,556,0,0,1,Pedestrian
26,231.0,1806.0,324.0,1911.0,557,0,0,1,Pedestrian
26,229.0,1806.0,322.0,1911.0,558,0,0,1,Pedestrian
26,227.0,1806.0,320.0,1911.0,559,0,0,1,Pedestrian
26,225.0,1806.0,318.0,1911.0,560,0,0,1,Pedestrian
26,221.0,1806.0,314.0,1911.0,561,0,0,1,Pedestrian
26,219.0,1806.0,312.0,1911.0,562,0,0,1,Pedestrian
26,217.0,1806.0,310.0,1911.0,563,0,0,1,Pedestrian
26,215.0,1806.0,308.0,1911.0,564,0,0,1,Pedestrian
26,213.0,1806.0,306.0,1911.0,565,0,0,1,Pedestrian
26,211.0,1806.0,304.0,1911.0,566,0,0,1,Pedestrian
26,209.0,1806.0,302.0,1911.0,567,0,0,1,Pedestrian
26,207.0,1806.0,300.0,1911.0,568,0,0,1,Pedestrian
26,205.0,1806.0,298.0,1911.0,569,0,0,1,Pedestrian
26,203.0,1806.0,296.0,1911.0,570,0,0,0,Pedestrian
26,203.0,1806.0,296.0,1911.0,571,0,0,1,Pedestrian
26,203.0,1806.0,296.0,1911.0,572,0,0,1,Pedestrian
26,203.0,1806.0,296.0,1911.0,573,0,0,0,Pedestrian
27,964.0,820.0,1004.0,885.0,0,0,0,0,Pedestrian
27,964.0,820.0,1004.0,885.0,1,0,0,1,Pedestrian
27,964.0,820.0,1004.0,885.0,2,0,0,1,Pedestrian
27,964.0,820.0,1004.0,885.0,3,0,0,1,Pedestrian
27,964.0,820.0,1004.0,885.0,4,0,0,1,Pedestrian
27,964.0,820.0,1004.0,885.0,5,0,0,1,Pedestrian
27,964.0,820.0,1004.0,885.0,6,0,0,1,Pedestrian
27,964.0,820.0,1004.0,885.0,7,0,0,1,Pedestrian
27,964.0,820.0,1004.0,885.0,8,0,0,1,Pedestrian
27,964.0,820.0,1004.0,885.0,9,0,0,1,Pedestrian
27,964.0,820.0,1004.0,885.0,10,0,0,1,Pedestrian
27,964.0,820.0,1004.0,885.0,11,0,0,1,Pedestrian
27,964.0,820.0,1004.0,885.0,12,0,0,1,Pedestrian
27,964.0,820.0,1004.0,885.0,13,0,0,1,Pedestrian
27,964.0,820.0,1004.0,885.0,14,0,0,1,Pedestrian
27,964.0,820.0,1004.0,885.0,15,0,0,1,Pedestrian
27,964.0,820.0,1004.0,885.0,16,0,0,1,Pedestrian
27,964.0,820.0,1004.0,885.0,17,0,0,1,Pedestrian
27,964.0,820.0,1004.0,885.0,18,0,0,1,Pedestrian
27,964.0,820.0,1004.0,885.0,19,0,0,1,Pedestrian
27,964.0,820.0,1004.0,885.0,20,0,0,1,Pedestrian
27,964.0,820.0,1004.0,885.0,21,0,0,1,Pedestrian
27,964.0,820.0,1004.0,885.0,22,0,0,1,Pedestrian
27,964.0,820.0,1004.0,885.0,23,0,0,1,Pedestrian
27,964.0,820.0,1004.0,885.0,24,0,0,1,Pedestrian
27,964.0,820.0,1004.0,885.0,25,0,0,1,Pedestrian
27,964.0,820.0,1004.0,885.0,26,0,0,1,Pedestrian
27,964.0,820.0,1004.0,885.0,27,0,0,1,Pedestrian
27,964.0,820.0,1004.0,885.0,28,0,0,1,Pedestrian
27,964.0,820.0,1004.0,885.0,29,0,0,1,Pedestrian
27,964.0,820.0,1004.0,885.0,30,0,0,1,Pedestrian
27,964.0,820.0,1004.0,885.0,31,0,0,1,Pedestrian
27,964.0,820.0,1004.0,885.0,32,0,0,1,Pedestrian
27,964.0,820.0,1004.0,885.0,33,0,0,1,Pedestrian
27,964.0,820.0,1004.0,885.0,34,0,0,1,Pedestrian
27,964.0,820.0,1004.0,885.0,35,0,0,1,Pedestrian
27,964.0,820.0,1004.0,885.0,36,0,0,1,Pedestrian
27,964.0,820.0,1004.0,885.0,37,0,0,1,Pedestrian
27,964.0,820.0,1004.0,885.0,38,0,0,1,Pedestrian
27,964.0,820.0,1004.0,885.0,39,0,0,1,Pedestrian
27,964.0,820.0,1004.0,885.0,40,0,0,1,Pedestrian
27,964.0,820.0,1004.0,885.0,41,0,0,1,Pedestrian
27,964.0,820.0,1004.0,885.0,42,0,0,1,Pedestrian
27,964.0,820.0,1004.0,885.0,43,0,0,1,Pedestrian
27,964.0,820.0,1004.0,885.0,44,0,0,1,Pedestrian
27,964.0,820.0,1004.0,885.0,45,0,0,1,Pedestrian
27,964.0,820.0,1004.0,885.0,46,0,0,1,Pedestrian
27,964.0,820.0,1004.0,885.0,47,0,0,1,Pedestrian
27,964.0,820.0,1004.0,885.0,48,0,0,1,Pedestrian
27,964.0,820.0,1004.0,885.0,49,0,0,1,Pedestrian
27,964.0,820.0,1004.0,885.0,50,0,0,1,Pedestrian
27,964.0,820.0,1004.0,885.0,51,0,0,1,Pedestrian
27,964.0,820.0,1004.0,885.0,52,0,0,1,Pedestrian
27,964.0,820.0,1004.0,885.0,53,0,0,1,Pedestrian
27,964.0,820.0,1004.0,885.0,54,0,0,1,Pedestrian
27,964.0,820.0,1004.0,885.0,55,0,0,1,Pedestrian
27,964.0,820.0,1004.0,885.0,56,0,0,1,Pedestrian
27,964.0,820.0,1004.0,885.0,57,0,0,1,Pedestrian
27,964.0,820.0,1004.0,885.0,58,0,0,1,Pedestrian
27,964.0,820.0,1004.0,885.0,59,0,0,1,Pedestrian
27,964.0,820.0,1004.0,885.0,60,0,0,1,Pedestrian
27,964.0,820.0,1004.0,885.0,61,0,0,1,Pedestrian
27,964.0,820.0,1004.0,885.0,62,0,0,1,Pedestrian
27,964.0,820.0,1004.0,885.0,63,0,0,1,Pedestrian
27,964.0,820.0,1004.0,885.0,64,0,0,1,Pedestrian
27,964.0,820.0,1004.0,885.0,65,0,0,1,Pedestrian
27,964.0,820.0,1004.0,885.0,66,0,0,1,Pedestrian
27,964.0,820.0,1004.0,885.0,67,0,0,1,Pedestrian
27,964.0,820.0,1004.0,885.0,68,0,0,1,Pedestrian
27,964.0,820.0,1004.0,885.0,69,0,0,1,Pedestrian
27,964.0,820.0,1004.0,885.0,70,0,0,1,Pedestrian
27,964.0,820.0,1004.0,885.0,71,0,0,1,Pedestrian
27,964.0,820.0,1004.0,885.0,72,0,0,1,Pedestrian
27,964.0,820.0,1004.0,885.0,73,0,0,1,Pedestrian
27,964.0,820.0,1004.0,885.0,74,0,0,1,Pedestrian
27,964.0,820.0,1004.0,885.0,75,0,0,1,Pedestrian
27,964.0,820.0,1004.0,885.0,76,0,0,1,Pedestrian
27,964.0,820.0,1004.0,885.0,77,0,0,1,Pedestrian
27,964.0,820.0,1004.0,885.0,78,0,0,1,Pedestrian
27,964.0,820.0,1004.0,885.0,79,0,0,1,Pedestrian
27,964.0,820.0,1004.0,885.0,80,0,0,1,Pedestrian
27,964.0,820.0,1004.0,885.0,81,0,0,1,Pedestrian
27,964.0,820.0,1004.0,885.0,82,0,0,1,Pedestrian
27,964.0,820.0,1004.0,885.0,83,0,0,1,Pedestrian
27,964.0,820.0,1004.0,885.0,84,0,0,1,Pedestrian
27,964.0,820.0,1004.0,885.0,85,0,0,1,Pedestrian
27,964.0,820.0,1004.0,885.0,86,0,0,1,Pedestrian
27,964.0,820.0,1004.0,885.0,87,0,0,1,Pedestrian
27,964.0,820.0,1004.0,885.0,88,0,0,1,Pedestrian
27,964.0,820.0,1004.0,885.0,89,0,0,1,Pedestrian
27,964.0,820.0,1004.0,885.0,90,0,0,1,Pedestrian
27,964.0,820.0,1004.0,885.0,91,0,0,1,Pedestrian
27,964.0,820.0,1004.0,885.0,92,0,0,1,Pedestrian
27,964.0,820.0,1004.0,885.0,93,0,0,1,Pedestrian
27,964.0,820.0,1004.0,885.0,94,0,0,1,Pedestrian
27,964.0,820.0,1004.0,885.0,95,0,0,1,Pedestrian
27,964.0,820.0,1004.0,885.0,96,0,0,1,Pedestrian
27,964.0,820.0,1004.0,885.0,97,0,0,1,Pedestrian
27,964.0,820.0,1004.0,885.0,98,0,0,1,Pedestrian
27,964.0,820.0,1004.0,885.0,99,0,0,1,Pedestrian
27,964.0,820.0,1004.0,885.0,100,0,0,1,Pedestrian
27,964.0,820.0,1004.0,885.0,101,0,0,1,Pedestrian
27,964.0,820.0,1004.0,885.0,102,0,0,1,Pedestrian
27,964.0,820.0,1004.0,885.0,103,0,0,1,Pedestrian
27,964.0,820.0,1004.0,885.0,104,0,0,1,Pedestrian
27,964.0,820.0,1004.0,885.0,105,0,0,1,Pedestrian
27,964.0,820.0,1004.0,885.0,106,0,0,1,Pedestrian
27,964.0,820.0,1004.0,885.0,107,0,0,1,Pedestrian
27,964.0,820.0,1004.0,885.0,108,0,0,1,Pedestrian
27,964.0,820.0,1004.0,885.0,109,0,0,1,Pedestrian
27,964.0,820.0,1004.0,885.0,110,0,0,1,Pedestrian
27,964.0,820.0,1004.0,885.0,111,0,0,1,Pedestrian
27,964.0,820.0,1004.0,885.0,112,0,0,1,Pedestrian
27,964.0,820.0,1004.0,885.0,113,0,0,1,Pedestrian
27,964.0,820.0,1004.0,885.0,114,0,0,1,Pedestrian
27,964.0,820.0,1004.0,885.0,115,0,0,1,Pedestrian
27,964.0,820.0,1004.0,885.0,116,0,0,1,Pedestrian
27,964.0,820.0,1004.0,885.0,117,0,0,1,Pedestrian
27,964.0,820.0,1004.0,885.0,118,0,0,1,Pedestrian
27,964.0,820.0,1004.0,885.0,119,0,0,1,Pedestrian
27,964.0,820.0,1004.0,885.0,120,0,0,1,Pedestrian
27,964.0,820.0,1004.0,885.0,121,0,0,1,Pedestrian
27,964.0,820.0,1004.0,885.0,122,0,0,1,Pedestrian
27,964.0,820.0,1004.0,885.0,123,0,0,1,Pedestrian
27,964.0,820.0,1004.0,885.0,124,0,0,1,Pedestrian
27,964.0,820.0,1004.0,885.0,125,0,0,1,Pedestrian
27,964.0,820.0,1004.0,885.0,126,0,0,1,Pedestrian
27,964.0,820.0,1004.0,885.0,127,0,0,1,Pedestrian
27,964.0,820.0,1004.0,885.0,128,0,0,1,Pedestrian
27,964.0,820.0,1004.0,885.0,129,0,0,1,Pedestrian
27,964.0,820.0,1004.0,885.0,130,0,0,1,Pedestrian
27,964.0,820.0,1004.0,885.0,131,0,0,1,Pedestrian
27,964.0,820.0,1004.0,885.0,132,0,0,1,Pedestrian
27,964.0,820.0,1004.0,885.0,133,0,0,1,Pedestrian
27,964.0,820.0,1004.0,885.0,134,0,0,1,Pedestrian
27,964.0,820.0,1004.0,885.0,135,0,0,1,Pedestrian
27,964.0,820.0,1004.0,885.0,136,0,0,1,Pedestrian
27,964.0,820.0,1004.0,885.0,137,0,0,1,Pedestrian
27,964.0,820.0,1004.0,885.0,138,0,0,1,Pedestrian
27,964.0,820.0,1004.0,885.0,139,0,0,1,Pedestrian
27,964.0,820.0,1004.0,885.0,140,0,0,1,Pedestrian
27,964.0,820.0,1004.0,885.0,141,0,0,1,Pedestrian
27,964.0,820.0,1004.0,885.0,142,0,0,1,Pedestrian
27,964.0,820.0,1004.0,885.0,143,0,0,1,Pedestrian
27,964.0,820.0,1004.0,885.0,144,0,0,1,Pedestrian
27,964.0,820.0,1004.0,885.0,145,0,0,1,Pedestrian
27,964.0,820.0,1004.0,885.0,146,0,0,1,Pedestrian
27,964.0,820.0,1004.0,885.0,147,0,0,1,Pedestrian
27,964.0,820.0,1004.0,885.0,148,0,0,1,Pedestrian
27,964.0,820.0,1004.0,885.0,149,0,0,1,Pedestrian
27,964.0,820.0,1004.0,885.0,150,0,0,1,Pedestrian
27,964.0,820.0,1004.0,885.0,151,0,0,1,Pedestrian
27,964.0,820.0,1004.0,885.0,152,0,0,1,Pedestrian
27,964.0,820.0,1004.0,885.0,153,0,0,1,Pedestrian
27,964.0,820.0,1004.0,885.0,154,0,0,1,Pedestrian
27,964.0,820.0,1004.0,885.0,155,0,0,1,Pedestrian
27,964.0,820.0,1004.0,885.0,156,0,0,1,Pedestrian
27,964.0,820.0,1004.0,885.0,157,0,0,1,Pedestrian
27,964.0,820.0,1004.0,885.0,158,0,0,1,Pedestrian
27,964.0,820.0,1004.0,885.0,159,0,0,1,Pedestrian
27,964.0,820.0,1004.0,885.0,160,0,0,1,Pedestrian
27,964.0,820.0,1004.0,885.0,161,0,0,1,Pedestrian
27,964.0,820.0,1004.0,885.0,162,0,0,1,Pedestrian
27,964.0,820.0,1004.0,885.0,163,0,0,1,Pedestrian
27,964.0,820.0,1004.0,885.0,164,0,0,1,Pedestrian
27,964.0,820.0,1004.0,885.0,165,0,0,1,Pedestrian
27,964.0,820.0,1004.0,885.0,166,0,0,1,Pedestrian
27,964.0,820.0,1004.0,885.0,167,0,0,1,Pedestrian
27,964.0,820.0,1004.0,885.0,168,0,0,1,Pedestrian
27,964.0,820.0,1004.0,885.0,169,0,0,1,Pedestrian
27,964.0,820.0,1004.0,885.0,170,0,0,1,Pedestrian
27,964.0,820.0,1004.0,885.0,171,0,0,1,Pedestrian
27,964.0,820.0,1004.0,885.0,172,0,0,1,Pedestrian
27,964.0,820.0,1004.0,885.0,173,0,0,1,Pedestrian
27,964.0,820.0,1004.0,885.0,174,0,0,1,Pedestrian
27,964.0,820.0,1004.0,885.0,175,0,0,1,Pedestrian
27,964.0,820.0,1004.0,885.0,176,0,0,1,Pedestrian
27,964.0,820.0,1004.0,885.0,177,0,0,1,Pedestrian
27,964.0,820.0,1004.0,885.0,178,0,0,1,Pedestrian
27,964.0,820.0,1004.0,885.0,179,0,0,1,Pedestrian
27,964.0,820.0,1004.0,885.0,180,0,0,1,Pedestrian
27,964.0,820.0,1004.0,885.0,181,0,0,1,Pedestrian
27,964.0,820.0,1004.0,885.0,182,0,0,1,Pedestrian
27,964.0,820.0,1004.0,885.0,183,0,0,1,Pedestrian
27,964.0,820.0,1004.0,885.0,184,0,0,1,Pedestrian
27,964.0,820.0,1004.0,885.0,185,0,0,1,Pedestrian
27,964.0,820.0,1004.0,885.0,186,0,0,1,Pedestrian
27,964.0,820.0,1004.0,885.0,187,0,0,1,Pedestrian
27,964.0,820.0,1004.0,885.0,188,0,0,1,Pedestrian
27,964.0,820.0,1004.0,885.0,189,0,0,1,Pedestrian
27,964.0,820.0,1004.0,885.0,190,0,0,1,Pedestrian
27,964.0,820.0,1004.0,885.0,191,0,0,1,Pedestrian
27,964.0,820.0,1004.0,885.0,192,0,0,1,Pedestrian
27,964.0,820.0,1004.0,885.0,193,0,0,1,Pedestrian
27,964.0,820.0,1004.0,885.0,194,0,0,1,Pedestrian
27,964.0,820.0,1004.0,885.0,195,0,0,1,Pedestrian
27,964.0,820.0,1004.0,885.0,196,0,0,1,Pedestrian
27,964.0,820.0,1004.0,885.0,197,0,0,1,Pedestrian
27,964.0,820.0,1004.0,885.0,198,0,0,1,Pedestrian
27,964.0,820.0,1004.0,885.0,199,0,0,1,Pedestrian
27,964.0,820.0,1004.0,885.0,200,0,0,1,Pedestrian
27,964.0,820.0,1004.0,885.0,201,0,0,1,Pedestrian
27,964.0,820.0,1004.0,885.0,202,0,0,1,Pedestrian
27,964.0,820.0,1004.0,885.0,203,0,0,1,Pedestrian
27,964.0,820.0,1004.0,885.0,204,0,0,1,Pedestrian
27,964.0,820.0,1004.0,885.0,205,0,0,1,Pedestrian
27,964.0,820.0,1004.0,885.0,206,0,0,1,Pedestrian
27,964.0,820.0,1004.0,885.0,207,0,0,1,Pedestrian
27,964.0,820.0,1004.0,885.0,208,0,0,1,Pedestrian
27,964.0,820.0,1004.0,885.0,209,0,0,1,Pedestrian
27,964.0,820.0,1004.0,885.0,210,0,0,1,Pedestrian
27,964.0,820.0,1004.0,885.0,211,0,0,1,Pedestrian
27,964.0,820.0,1004.0,885.0,212,0,0,1,Pedestrian
27,964.0,820.0,1004.0,885.0,213,0,0,1,Pedestrian
27,964.0,820.0,1004.0,885.0,214,0,0,1,Pedestrian
27,964.0,820.0,1004.0,885.0,215,0,0,1,Pedestrian
27,964.0,820.0,1004.0,885.0,216,0,0,1,Pedestrian
27,964.0,820.0,1004.0,885.0,217,0,0,1,Pedestrian
27,964.0,820.0,1004.0,885.0,218,0,0,1,Pedestrian
27,964.0,820.0,1004.0,885.0,219,0,0,1,Pedestrian
27,964.0,820.0,1004.0,885.0,220,0,0,1,Pedestrian
27,964.0,820.0,1004.0,885.0,221,0,0,1,Pedestrian
27,964.0,820.0,1004.0,885.0,222,0,0,1,Pedestrian
27,964.0,820.0,1004.0,885.0,223,0,0,1,Pedestrian
27,964.0,820.0,1004.0,885.0,224,0,0,1,Pedestrian
27,964.0,820.0,1004.0,885.0,225,0,0,1,Pedestrian
27,964.0,820.0,1004.0,885.0,226,0,0,1,Pedestrian
27,964.0,820.0,1004.0,885.0,227,0,0,1,Pedestrian
27,964.0,820.0,1004.0,885.0,228,0,0,1,Pedestrian
27,964.0,820.0,1004.0,885.0,229,0,0,1,Pedestrian
27,964.0,820.0,1004.0,885.0,230,0,0,1,Pedestrian
27,964.0,820.0,1004.0,885.0,231,0,0,1,Pedestrian
27,964.0,820.0,1004.0,885.0,232,0,0,1,Pedestrian
27,964.0,820.0,1004.0,885.0,233,0,0,1,Pedestrian
27,964.0,820.0,1004.0,885.0,234,0,0,1,Pedestrian
27,964.0,820.0,1004.0,885.0,235,0,0,1,Pedestrian
27,964.0,820.0,1004.0,885.0,236,0,0,1,Pedestrian
27,964.0,820.0,1004.0,885.0,237,0,0,1,Pedestrian
27,964.0,820.0,1004.0,885.0,238,0,0,1,Pedestrian
27,964.0,820.0,1004.0,885.0,239,0,0,1,Pedestrian
27,964.0,820.0,1004.0,885.0,240,0,0,1,Pedestrian
27,964.0,820.0,1004.0,885.0,241,0,0,1,Pedestrian
27,964.0,820.0,1004.0,885.0,242,0,0,1,Pedestrian
27,964.0,820.0,1004.0,885.0,243,0,0,1,Pedestrian
27,964.0,820.0,1004.0,885.0,244,0,0,1,Pedestrian
27,964.0,820.0,1004.0,885.0,245,0,0,1,Pedestrian
27,964.0,820.0,1004.0,885.0,246,0,0,1,Pedestrian
27,964.0,820.0,1004.0,885.0,247,0,0,1,Pedestrian
27,964.0,820.0,1004.0,885.0,248,0,0,1,Pedestrian
27,964.0,820.0,1004.0,885.0,249,0,0,1,Pedestrian
27,964.0,820.0,1004.0,885.0,250,0,0,1,Pedestrian
27,964.0,820.0,1004.0,885.0,251,0,0,1,Pedestrian
27,964.0,820.0,1004.0,885.0,252,0,0,1,Pedestrian
27,964.0,820.0,1004.0,885.0,253,0,0,1,Pedestrian
27,964.0,820.0,1004.0,885.0,254,0,0,1,Pedestrian
27,964.0,820.0,1004.0,885.0,255,0,0,1,Pedestrian
27,964.0,820.0,1004.0,885.0,256,0,0,1,Pedestrian
27,964.0,820.0,1004.0,885.0,257,0,0,1,Pedestrian
27,964.0,820.0,1004.0,885.0,258,0,0,1,Pedestrian
27,964.0,820.0,1004.0,885.0,259,0,0,1,Pedestrian
27,964.0,820.0,1004.0,885.0,260,0,0,1,Pedestrian
27,964.0,820.0,1004.0,885.0,261,0,0,1,Pedestrian
27,964.0,820.0,1004.0,885.0,262,0,0,1,Pedestrian
27,964.0,820.0,1004.0,885.0,263,0,0,1,Pedestrian
27,964.0,820.0,1004.0,885.0,264,0,0,1,Pedestrian
27,964.0,820.0,1004.0,885.0,265,0,0,1,Pedestrian
27,964.0,820.0,1004.0,885.0,266,0,0,1,Pedestrian
27,964.0,820.0,1004.0,885.0,267,0,0,1,Pedestrian
27,964.0,820.0,1004.0,885.0,268,0,0,1,Pedestrian
27,964.0,820.0,1004.0,885.0,269,0,0,1,Pedestrian
27,964.0,820.0,1004.0,885.0,270,0,0,1,Pedestrian
27,964.0,820.0,1004.0,885.0,271,0,0,1,Pedestrian
27,964.0,820.0,1004.0,885.0,272,0,0,1,Pedestrian
27,964.0,820.0,1004.0,885.0,273,0,0,1,Pedestrian
27,964.0,820.0,1004.0,885.0,274,0,0,1,Pedestrian
27,964.0,820.0,1004.0,885.0,275,0,0,1,Pedestrian
27,964.0,820.0,1004.0,885.0,276,0,0,1,Pedestrian
27,964.0,820.0,1004.0,885.0,277,0,0,1,Pedestrian
27,964.0,820.0,1004.0,885.0,278,0,0,1,Pedestrian
27,964.0,820.0,1004.0,885.0,279,0,0,1,Pedestrian
27,964.0,820.0,1004.0,885.0,280,0,0,1,Pedestrian
27,964.0,820.0,1004.0,885.0,281,0,0,1,Pedestrian
27,964.0,820.0,1004.0,885.0,282,0,0,1,Pedestrian
27,964.0,820.0,1004.0,885.0,283,0,0,1,Pedestrian
27,964.0,820.0,1004.0,885.0,284,0,0,1,Pedestrian
27,964.0,820.0,1004.0,885.0,285,0,0,1,Pedestrian
27,964.0,820.0,1004.0,885.0,286,0,0,1,Pedestrian
27,964.0,820.0,1004.0,885.0,287,0,0,1,Pedestrian
27,964.0,820.0,1004.0,885.0,288,0,0,1,Pedestrian
27,964.0,820.0,1004.0,885.0,289,0,0,1,Pedestrian
27,964.0,820.0,1004.0,885.0,290,0,0,1,Pedestrian
27,964.0,820.0,1004.0,885.0,291,0,0,1,Pedestrian
27,964.0,820.0,1004.0,885.0,292,0,0,1,Pedestrian
27,964.0,820.0,1004.0,885.0,293,0,0,1,Pedestrian
27,964.0,820.0,1004.0,885.0,294,0,0,1,Pedestrian
27,964.0,820.0,1004.0,885.0,295,0,0,1,Pedestrian
27,964.0,820.0,1004.0,885.0,296,0,0,1,Pedestrian
27,964.0,820.0,1004.0,885.0,297,0,0,1,Pedestrian
27,964.0,820.0,1004.0,885.0,298,0,0,1,Pedestrian
27,964.0,820.0,1004.0,885.0,299,0,0,1,Pedestrian
27,964.0,820.0,1004.0,885.0,300,0,0,1,Pedestrian
27,964.0,820.0,1004.0,885.0,301,0,0,1,Pedestrian
27,964.0,820.0,1004.0,885.0,302,0,0,1,Pedestrian
27,964.0,820.0,1004.0,885.0,303,0,0,1,Pedestrian
27,964.0,820.0,1004.0,885.0,304,0,0,1,Pedestrian
27,964.0,820.0,1004.0,885.0,305,0,0,1,Pedestrian
27,964.0,820.0,1004.0,885.0,306,0,0,1,Pedestrian
27,964.0,820.0,1004.0,885.0,307,0,0,1,Pedestrian
27,964.0,820.0,1004.0,885.0,308,0,0,1,Pedestrian
27,964.0,820.0,1004.0,885.0,309,0,0,1,Pedestrian
27,964.0,820.0,1004.0,885.0,310,0,0,1,Pedestrian
27,964.0,820.0,1004.0,885.0,311,0,0,1,Pedestrian
27,964.0,820.0,1004.0,885.0,312,0,0,1,Pedestrian
27,964.0,820.0,1004.0,885.0,313,0,0,1,Pedestrian
27,964.0,820.0,1004.0,885.0,314,0,0,1,Pedestrian
27,964.0,820.0,1004.0,885.0,315,0,0,1,Pedestrian
27,964.0,820.0,1004.0,885.0,316,0,0,1,Pedestrian
27,964.0,820.0,1004.0,885.0,317,0,0,1,Pedestrian
27,964.0,820.0,1004.0,885.0,318,0,0,1,Pedestrian
27,964.0,820.0,1004.0,885.0,319,0,0,1,Pedestrian
27,964.0,820.0,1004.0,885.0,320,0,0,1,Pedestrian
27,964.0,820.0,1004.0,885.0,321,0,0,1,Pedestrian
27,964.0,820.0,1004.0,885.0,322,0,0,1,Pedestrian
27,964.0,820.0,1004.0,885.0,323,0,0,1,Pedestrian
27,964.0,820.0,1004.0,885.0,324,0,0,1,Pedestrian
27,964.0,820.0,1004.0,885.0,325,0,0,1,Pedestrian
27,964.0,820.0,1004.0,885.0,326,0,0,1,Pedestrian
27,964.0,820.0,1004.0,885.0,327,0,0,1,Pedestrian
27,964.0,820.0,1004.0,885.0,328,0,0,1,Pedestrian
27,964.0,820.0,1004.0,885.0,329,0,0,1,Pedestrian
27,964.0,820.0,1004.0,885.0,330,0,0,1,Pedestrian
27,964.0,820.0,1004.0,885.0,331,0,0,1,Pedestrian
27,964.0,820.0,1004.0,885.0,332,0,0,1,Pedestrian
27,964.0,820.0,1004.0,885.0,333,0,0,1,Pedestrian
27,964.0,820.0,1004.0,885.0,334,0,0,1,Pedestrian
27,964.0,820.0,1004.0,885.0,335,0,0,1,Pedestrian
27,964.0,820.0,1004.0,885.0,336,0,0,1,Pedestrian
27,964.0,820.0,1004.0,885.0,337,0,0,1,Pedestrian
27,964.0,820.0,1004.0,885.0,338,0,0,1,Pedestrian
27,964.0,820.0,1004.0,885.0,339,0,0,1,Pedestrian
27,964.0,820.0,1004.0,885.0,340,0,0,1,Pedestrian
27,964.0,820.0,1004.0,885.0,341,0,0,1,Pedestrian
27,964.0,820.0,1004.0,885.0,342,0,0,1,Pedestrian
27,964.0,820.0,1004.0,885.0,343,0,0,1,Pedestrian
27,964.0,820.0,1004.0,885.0,344,0,0,1,Pedestrian
27,964.0,820.0,1004.0,885.0,345,0,0,1,Pedestrian
27,964.0,820.0,1004.0,885.0,346,0,0,1,Pedestrian
27,964.0,820.0,1004.0,885.0,347,0,0,1,Pedestrian
27,964.0,820.0,1004.0,885.0,348,0,0,1,Pedestrian
27,964.0,820.0,1004.0,885.0,349,0,0,1,Pedestrian
27,964.0,820.0,1004.0,885.0,350,0,0,1,Pedestrian
27,964.0,820.0,1004.0,885.0,351,0,0,1,Pedestrian
27,964.0,820.0,1004.0,885.0,352,0,0,1,Pedestrian
27,964.0,820.0,1004.0,885.0,353,0,0,1,Pedestrian
27,964.0,820.0,1004.0,885.0,354,0,0,1,Pedestrian
27,964.0,820.0,1004.0,885.0,355,0,0,1,Pedestrian
27,964.0,820.0,1004.0,885.0,356,0,0,1,Pedestrian
27,964.0,820.0,1004.0,885.0,357,0,0,1,Pedestrian
27,964.0,820.0,1004.0,885.0,358,0,0,1,Pedestrian
27,964.0,820.0,1004.0,885.0,359,0,0,1,Pedestrian
27,964.0,820.0,1004.0,885.0,360,0,0,1,Pedestrian
27,964.0,820.0,1004.0,885.0,361,0,0,1,Pedestrian
27,964.0,820.0,1004.0,885.0,362,0,0,1,Pedestrian
27,964.0,820.0,1004.0,885.0,363,0,0,1,Pedestrian
27,964.0,820.0,1004.0,885.0,364,0,0,1,Pedestrian
27,964.0,820.0,1004.0,885.0,365,0,0,1,Pedestrian
27,964.0,820.0,1004.0,885.0,366,0,0,1,Pedestrian
27,964.0,820.0,1004.0,885.0,367,0,0,1,Pedestrian
27,964.0,820.0,1004.0,885.0,368,0,0,1,Pedestrian
27,964.0,820.0,1004.0,885.0,369,0,0,1,Pedestrian
27,964.0,820.0,1004.0,885.0,370,0,0,1,Pedestrian
27,964.0,820.0,1004.0,885.0,371,0,0,1,Pedestrian
27,964.0,820.0,1004.0,885.0,372,0,0,1,Pedestrian
27,964.0,820.0,1004.0,885.0,373,0,0,1,Pedestrian
27,964.0,820.0,1004.0,885.0,374,0,0,1,Pedestrian
27,964.0,820.0,1004.0,885.0,375,0,0,1,Pedestrian
27,964.0,820.0,1004.0,885.0,376,0,0,1,Pedestrian
27,964.0,820.0,1004.0,885.0,377,0,0,1,Pedestrian
27,964.0,820.0,1004.0,885.0,378,0,0,1,Pedestrian
27,964.0,820.0,1004.0,885.0,379,0,0,1,Pedestrian
27,964.0,820.0,1004.0,885.0,380,0,0,1,Pedestrian
27,964.0,820.0,1004.0,885.0,381,0,0,1,Pedestrian
27,964.0,820.0,1004.0,885.0,382,0,0,1,Pedestrian
27,964.0,820.0,1004.0,885.0,383,0,0,1,Pedestrian
27,964.0,820.0,1004.0,885.0,384,0,0,1,Pedestrian
27,964.0,820.0,1004.0,885.0,385,0,0,1,Pedestrian
27,964.0,820.0,1004.0,885.0,386,0,0,1,Pedestrian
27,964.0,820.0,1004.0,885.0,387,0,0,1,Pedestrian
27,964.0,820.0,1004.0,885.0,388,0,0,1,Pedestrian
27,964.0,820.0,1004.0,885.0,389,0,0,1,Pedestrian
27,964.0,820.0,1004.0,885.0,390,0,0,1,Pedestrian
27,964.0,820.0,1004.0,885.0,391,0,0,1,Pedestrian
27,964.0,820.0,1004.0,885.0,392,0,0,1,Pedestrian
27,964.0,820.0,1004.0,885.0,393,0,0,1,Pedestrian
27,964.0,820.0,1004.0,885.0,394,0,0,1,Pedestrian
27,964.0,820.0,1004.0,885.0,395,0,0,1,Pedestrian
27,964.0,820.0,1004.0,885.0,396,0,0,1,Pedestrian
27,964.0,820.0,1004.0,885.0,397,0,0,1,Pedestrian
27,964.0,820.0,1004.0,885.0,398,0,0,1,Pedestrian
27,964.0,820.0,1004.0,885.0,399,0,0,1,Pedestrian
27,964.0,820.0,1004.0,885.0,400,0,0,1,Pedestrian
27,964.0,820.0,1004.0,885.0,401,0,0,1,Pedestrian
27,964.0,820.0,1004.0,885.0,402,0,0,1,Pedestrian
27,964.0,820.0,1004.0,885.0,403,0,0,1,Pedestrian
27,964.0,820.0,1004.0,885.0,404,0,0,1,Pedestrian
27,964.0,820.0,1004.0,885.0,405,0,0,1,Pedestrian
27,964.0,820.0,1004.0,885.0,406,0,0,1,Pedestrian
27,964.0,820.0,1004.0,885.0,407,0,0,1,Pedestrian
27,964.0,820.0,1004.0,885.0,408,0,0,1,Pedestrian
27,964.0,820.0,1004.0,885.0,409,0,0,1,Pedestrian
27,964.0,820.0,1004.0,885.0,410,0,0,1,Pedestrian
27,964.0,820.0,1004.0,885.0,411,0,0,1,Pedestrian
27,964.0,820.0,1004.0,885.0,412,0,0,1,Pedestrian
27,964.0,820.0,1004.0,885.0,413,0,0,1,Pedestrian
27,964.0,820.0,1004.0,885.0,414,0,0,1,Pedestrian
27,964.0,820.0,1004.0,885.0,415,0,0,1,Pedestrian
27,964.0,820.0,1004.0,885.0,416,0,0,1,Pedestrian
27,964.0,820.0,1004.0,885.0,417,0,0,1,Pedestrian
27,964.0,820.0,1004.0,885.0,418,0,0,1,Pedestrian
27,964.0,820.0,1004.0,885.0,419,0,0,1,Pedestrian
27,964.0,820.0,1004.0,885.0,420,0,0,1,Pedestrian
27,964.0,820.0,1004.0,885.0,421,0,0,1,Pedestrian
27,964.0,820.0,1004.0,885.0,422,0,0,1,Pedestrian
27,964.0,820.0,1004.0,885.0,423,0,0,1,Pedestrian
27,964.0,820.0,1004.0,885.0,424,0,0,1,Pedestrian
27,964.0,820.0,1004.0,885.0,425,0,0,1,Pedestrian
27,964.0,820.0,1004.0,885.0,426,0,0,1,Pedestrian
27,964.0,820.0,1004.0,885.0,427,0,0,1,Pedestrian
27,964.0,820.0,1004.0,885.0,428,0,0,1,Pedestrian
27,964.0,820.0,1004.0,885.0,429,0,0,1,Pedestrian
27,964.0,820.0,1004.0,885.0,430,0,0,1,Pedestrian
27,964.0,820.0,1004.0,885.0,431,0,0,1,Pedestrian
27,964.0,820.0,1004.0,885.0,432,0,0,1,Pedestrian
27,964.0,820.0,1004.0,885.0,433,0,0,1,Pedestrian
27,964.0,820.0,1004.0,885.0,434,0,0,1,Pedestrian
27,964.0,820.0,1004.0,885.0,435,0,0,1,Pedestrian
27,964.0,820.0,1004.0,885.0,436,0,0,1,Pedestrian
27,964.0,820.0,1004.0,885.0,437,0,0,1,Pedestrian
27,964.0,820.0,1004.0,885.0,438,0,0,1,Pedestrian
27,964.0,820.0,1004.0,885.0,439,0,0,1,Pedestrian
27,964.0,820.0,1004.0,885.0,440,0,0,1,Pedestrian
27,964.0,820.0,1004.0,885.0,441,0,0,1,Pedestrian
27,964.0,820.0,1004.0,885.0,442,0,0,1,Pedestrian
27,964.0,820.0,1004.0,885.0,443,0,0,1,Pedestrian
27,964.0,820.0,1004.0,885.0,444,0,0,1,Pedestrian
27,964.0,820.0,1004.0,885.0,445,0,0,1,Pedestrian
27,964.0,820.0,1004.0,885.0,446,0,0,1,Pedestrian
27,964.0,820.0,1004.0,885.0,447,0,0,1,Pedestrian
27,964.0,820.0,1004.0,885.0,448,0,0,1,Pedestrian
27,964.0,820.0,1004.0,885.0,449,0,0,1,Pedestrian
27,964.0,820.0,1004.0,885.0,450,0,0,1,Pedestrian
27,964.0,820.0,1004.0,885.0,451,0,0,1,Pedestrian
27,964.0,820.0,1004.0,885.0,452,0,0,1,Pedestrian
27,964.0,820.0,1004.0,885.0,453,0,0,1,Pedestrian
27,964.0,820.0,1004.0,885.0,454,0,0,1,Pedestrian
27,964.0,820.0,1004.0,885.0,455,0,0,1,Pedestrian
27,964.0,820.0,1004.0,885.0,456,0,0,1,Pedestrian
27,964.0,820.0,1004.0,885.0,457,0,0,1,Pedestrian
27,964.0,820.0,1004.0,885.0,458,0,0,1,Pedestrian
27,964.0,820.0,1004.0,885.0,459,0,0,1,Pedestrian
27,964.0,820.0,1004.0,885.0,460,0,0,1,Pedestrian
27,964.0,820.0,1004.0,885.0,461,0,0,1,Pedestrian
27,964.0,820.0,1004.0,885.0,462,0,0,1,Pedestrian
27,964.0,820.0,1004.0,885.0,463,0,0,1,Pedestrian
27,964.0,820.0,1004.0,885.0,464,0,0,1,Pedestrian
27,964.0,820.0,1004.0,885.0,465,0,0,1,Pedestrian
27,964.0,820.0,1004.0,885.0,466,0,0,1,Pedestrian
27,964.0,820.0,1004.0,885.0,467,0,0,1,Pedestrian
27,964.0,820.0,1004.0,885.0,468,0,0,1,Pedestrian
27,964.0,820.0,1004.0,885.0,469,0,0,1,Pedestrian
27,964.0,820.0,1004.0,885.0,470,0,0,1,Pedestrian
27,964.0,820.0,1004.0,885.0,471,0,0,1,Pedestrian
27,964.0,820.0,1004.0,885.0,472,0,0,1,Pedestrian
27,964.0,820.0,1004.0,885.0,473,0,0,1,Pedestrian
27,964.0,820.0,1004.0,885.0,474,0,0,1,Pedestrian
27,964.0,820.0,1004.0,885.0,475,0,0,1,Pedestrian
27,964.0,820.0,1004.0,885.0,476,0,0,1,Pedestrian
27,964.0,820.0,1004.0,885.0,477,0,0,1,Pedestrian
27,964.0,820.0,1004.0,885.0,478,0,0,1,Pedestrian
27,964.0,820.0,1004.0,885.0,479,0,0,1,Pedestrian
27,964.0,820.0,1004.0,885.0,480,0,0,1,Pedestrian
27,964.0,820.0,1004.0,885.0,481,0,0,1,Pedestrian
27,964.0,820.0,1004.0,885.0,482,0,0,1,Pedestrian
27,964.0,820.0,1004.0,885.0,483,0,0,1,Pedestrian
27,964.0,820.0,1004.0,885.0,484,0,0,1,Pedestrian
27,964.0,820.0,1004.0,885.0,485,0,0,1,Pedestrian
27,964.0,820.0,1004.0,885.0,486,0,0,1,Pedestrian
27,964.0,820.0,1004.0,885.0,487,0,0,1,Pedestrian
27,964.0,820.0,1004.0,885.0,488,0,0,1,Pedestrian
27,964.0,820.0,1004.0,885.0,489,0,0,1,Pedestrian
27,964.0,820.0,1004.0,885.0,490,0,0,1,Pedestrian
27,964.0,820.0,1004.0,885.0,491,0,0,1,Pedestrian
27,964.0,820.0,1004.0,885.0,492,0,0,1,Pedestrian
27,964.0,820.0,1004.0,885.0,493,0,0,1,Pedestrian
27,964.0,820.0,1004.0,885.0,494,0,0,1,Pedestrian
27,964.0,820.0,1004.0,885.0,495,0,0,1,Pedestrian
27,964.0,820.0,1004.0,885.0,496,0,0,1,Pedestrian
27,964.0,820.0,1004.0,885.0,497,0,0,1,Pedestrian
27,964.0,820.0,1004.0,885.0,498,0,0,1,Pedestrian
27,964.0,820.0,1004.0,885.0,499,0,0,1,Pedestrian
27,964.0,820.0,1004.0,885.0,500,0,0,0,Pedestrian
27,962.0,816.0,1004.0,885.0,501,0,0,1,Pedestrian
27,962.0,816.0,1004.0,885.0,502,0,0,1,Pedestrian
27,962.0,816.0,1004.0,885.0,503,0,0,1,Pedestrian
27,962.0,816.0,1004.0,885.0,504,0,0,1,Pedestrian
27,962.0,816.0,1004.0,885.0,505,0,0,1,Pedestrian
27,962.0,816.0,1004.0,885.0,506,0,0,1,Pedestrian
27,962.0,816.0,1004.0,885.0,507,0,0,1,Pedestrian
27,962.0,812.0,1004.0,885.0,508,0,0,1,Pedestrian
27,962.0,812.0,1004.0,885.0,509,0,0,1,Pedestrian
27,962.0,812.0,1006.0,885.0,510,0,0,1,Pedestrian
27,962.0,812.0,1006.0,885.0,511,0,0,1,Pedestrian
27,962.0,812.0,1006.0,885.0,512,0,0,1,Pedestrian
27,962.0,812.0,1006.0,885.0,513,0,0,1,Pedestrian
27,962.0,812.0,1006.0,885.0,514,0,0,1,Pedestrian
27,962.0,808.0,1006.0,889.0,515,0,0,1,Pedestrian
27,962.0,808.0,1006.0,889.0,516,0,0,1,Pedestrian
27,962.0,808.0,1006.0,889.0,517,0,0,1,Pedestrian
27,962.0,808.0,1006.0,889.0,518,0,0,1,Pedestrian
27,962.0,808.0,1008.0,889.0,519,0,0,1,Pedestrian
27,962.0,808.0,1008.0,889.0,520,0,0,1,Pedestrian
27,962.0,808.0,1008.0,889.0,521,0,0,1,Pedestrian
27,962.0,804.0,1008.0,889.0,522,0,0,1,Pedestrian
27,962.0,804.0,1008.0,889.0,523,0,0,1,Pedestrian
27,962.0,804.0,1008.0,889.0,524,0,0,1,Pedestrian
27,962.0,804.0,1008.0,889.0,525,0,0,1,Pedestrian
27,962.0,804.0,1008.0,889.0,526,0,0,1,Pedestrian
27,962.0,804.0,1008.0,889.0,527,0,0,1,Pedestrian
27,962.0,804.0,1010.0,889.0,528,0,0,1,Pedestrian
27,962.0,804.0,1010.0,889.0,529,0,0,1,Pedestrian
27,962.0,800.0,1010.0,893.0,530,0,0,1,Pedestrian
27,962.0,800.0,1010.0,893.0,531,0,0,1,Pedestrian
27,962.0,800.0,1010.0,893.0,532,0,0,1,Pedestrian
27,962.0,800.0,1010.0,893.0,533,0,0,1,Pedestrian
27,962.0,800.0,1010.0,893.0,534,0,0,1,Pedestrian
27,962.0,800.0,1010.0,893.0,535,0,0,1,Pedestrian
27,962.0,800.0,1010.0,893.0,536,0,0,1,Pedestrian
27,960.0,796.0,1012.0,893.0,537,0,0,1,Pedestrian
27,960.0,796.0,1012.0,893.0,538,0,0,1,Pedestrian
27,960.0,796.0,1012.0,893.0,539,0,0,1,Pedestrian
27,960.0,796.0,1012.0,893.0,540,0,0,1,Pedestrian
27,960.0,796.0,1012.0,893.0,541,0,0,1,Pedestrian
27,960.0,796.0,1012.0,893.0,542,0,0,1,Pedestrian
27,960.0,796.0,1012.0,893.0,543,0,0,1,Pedestrian
27,960.0,792.0,1012.0,897.0,544,0,0,1,Pedestrian
27,960.0,792.0,1012.0,897.0,545,0,0,1,Pedestrian
27,960.0,792.0,1015.0,897.0,546,0,0,1,Pedestrian
27,960.0,792.0,1015.0,897.0,547,0,0,1,Pedestrian
27,960.0,792.0,1015.0,897.0,548,0,0,1,Pedestrian
27,960.0,792.0,1015.0,897.0,549,0,0,1,Pedestrian
27,960.0,792.0,1015.0,897.0,550,0,0,1,Pedestrian
27,960.0,792.0,1015.0,897.0,551,0,0,1,Pedestrian
27,960.0,788.0,1015.0,897.0,552,0,0,1,Pedestrian
27,960.0,788.0,1015.0,897.0,553,0,0,1,Pedestrian
27,960.0,788.0,1015.0,897.0,554,0,0,1,Pedestrian
27,960.0,788.0,1017.0,897.0,555,0,0,1,Pedestrian
27,960.0,788.0,1017.0,897.0,556,0,0,1,Pedestrian
27,960.0,788.0,1017.0,897.0,557,0,0,1,Pedestrian
27,960.0,788.0,1017.0,897.0,558,0,0,1,Pedestrian
27,960.0,784.0,1017.0,901.0,559,0,0,1,Pedestrian
27,960.0,784.0,1017.0,901.0,560,0,0,1,Pedestrian
27,960.0,784.0,1017.0,901.0,561,0,0,1,Pedestrian
27,960.0,784.0,1017.0,901.0,562,0,0,1,Pedestrian
27,960.0,784.0,1017.0,901.0,563,0,0,1,Pedestrian
27,960.0,784.0,1019.0,901.0,564,0,0,1,Pedestrian
27,960.0,784.0,1019.0,901.0,565,0,0,1,Pedestrian
27,960.0,780.0,1019.0,901.0,566,0,0,1,Pedestrian
27,960.0,780.0,1019.0,901.0,567,0,0,1,Pedestrian
27,960.0,780.0,1019.0,901.0,568,0,0,1,Pedestrian
27,960.0,780.0,1019.0,901.0,569,0,0,1,Pedestrian
27,960.0,780.0,1019.0,901.0,570,0,0,1,Pedestrian
27,960.0,780.0,1019.0,901.0,571,0,0,1,Pedestrian
27,960.0,780.0,1019.0,901.0,572,0,0,1,Pedestrian
27,960.0,780.0,1021.0,905.0,573,0,0,0,Pedestrian
28,1184.0,412.0,1220.0,493.0,0,0,0,0,Pedestrian
28,1182.0,408.0,1218.0,489.0,1,0,0,1,Pedestrian
28,1182.0,408.0,1218.0,489.0,2,0,0,1,Pedestrian
28,1180.0,408.0,1216.0,489.0,3,0,0,1,Pedestrian
28,1180.0,408.0,1216.0,489.0,4,0,0,1,Pedestrian
28,1180.0,408.0,1216.0,489.0,5,0,0,1,Pedestrian
28,1178.0,408.0,1214.0,489.0,6,0,0,1,Pedestrian
28,1178.0,408.0,1214.0,489.0,7,0,0,1,Pedestrian
28,1178.0,408.0,1214.0,489.0,8,0,0,1,Pedestrian
28,1176.0,408.0,1212.0,489.0,9,0,0,1,Pedestrian
28,1176.0,408.0,1212.0,489.0,10,0,0,1,Pedestrian
28,1176.0,408.0,1212.0,489.0,11,0,0,1,Pedestrian
28,1174.0,408.0,1210.0,489.0,12,0,0,1,Pedestrian
28,1174.0,408.0,1210.0,489.0,13,0,0,1,Pedestrian
28,1174.0,408.0,1210.0,489.0,14,0,0,1,Pedestrian
28,1172.0,408.0,1208.0,489.0,15,0,0,1,Pedestrian
28,1172.0,408.0,1208.0,489.0,16,0,0,1,Pedestrian
28,1170.0,408.0,1206.0,489.0,17,0,0,1,Pedestrian
28,1170.0,408.0,1206.0,489.0,18,0,0,1,Pedestrian
28,1170.0,408.0,1206.0,489.0,19,0,0,1,Pedestrian
28,1168.0,408.0,1204.0,489.0,20,0,0,1,Pedestrian
28,1168.0,408.0,1204.0,489.0,21,0,0,1,Pedestrian
28,1168.0,408.0,1204.0,489.0,22,0,0,1,Pedestrian
28,1166.0,408.0,1202.0,489.0,23,0,0,1,Pedestrian
28,1166.0,408.0,1202.0,489.0,24,0,0,1,Pedestrian
28,1166.0,408.0,1202.0,489.0,25,0,0,1,Pedestrian
28,1164.0,408.0,1200.0,489.0,26,0,0,1,Pedestrian
28,1164.0,408.0,1200.0,489.0,27,0,0,1,Pedestrian
28,1164.0,408.0,1200.0,489.0,28,0,0,1,Pedestrian
28,1162.0,408.0,1198.0,489.0,29,0,0,1,Pedestrian
28,1162.0,408.0,1198.0,489.0,30,0,0,1,Pedestrian
28,1162.0,408.0,1198.0,489.0,31,0,0,1,Pedestrian
28,1160.0,408.0,1196.0,489.0,32,0,0,1,Pedestrian
28,1160.0,408.0,1196.0,489.0,33,0,0,1,Pedestrian
28,1157.0,408.0,1194.0,489.0,34,0,0,1,Pedestrian
28,1157.0,408.0,1194.0,489.0,35,0,0,1,Pedestrian
28,1157.0,404.0,1194.0,485.0,36,0,0,1,Pedestrian
28,1155.0,404.0,1192.0,485.0,37,0,0,1,Pedestrian
28,1155.0,404.0,1192.0,485.0,38,0,0,1,Pedestrian
28,1155.0,404.0,1192.0,485.0,39,0,0,1,Pedestrian
28,1153.0,404.0,1190.0,485.0,40,0,0,1,Pedestrian
28,1153.0,404.0,1190.0,485.0,41,0,0,1,Pedestrian
28,1153.0,404.0,1190.0,485.0,42,0,0,1,Pedestrian
28,1151.0,404.0,1188.0,485.0,43,0,0,1,Pedestrian
28,1151.0,404.0,1188.0,485.0,44,0,0,1,Pedestrian
28,1151.0,404.0,1188.0,485.0,45,0,0,1,Pedestrian
28,1149.0,404.0,1186.0,485.0,46,0,0,1,Pedestrian
28,1149.0,404.0,1186.0,485.0,47,0,0,1,Pedestrian
28,1147.0,404.0,1184.0,485.0,48,0,0,1,Pedestrian
28,1147.0,404.0,1184.0,485.0,49,0,0,1,Pedestrian
28,1147.0,404.0,1184.0,485.0,50,0,0,1,Pedestrian
28,1145.0,404.0,1182.0,485.0,51,0,0,1,Pedestrian
28,1145.0,404.0,1182.0,485.0,52,0,0,1,Pedestrian
28,1145.0,404.0,1182.0,485.0,53,0,0,1,Pedestrian
28,1143.0,404.0,1180.0,485.0,54,0,0,1,Pedestrian
28,1143.0,404.0,1180.0,485.0,55,0,0,1,Pedestrian
28,1143.0,404.0,1180.0,485.0,56,0,0,1,Pedestrian
28,1141.0,404.0,1178.0,485.0,57,0,0,1,Pedestrian
28,1141.0,404.0,1178.0,485.0,58,0,0,1,Pedestrian
28,1141.0,404.0,1178.0,485.0,59,0,0,1,Pedestrian
28,1139.0,404.0,1176.0,485.0,60,0,0,1,Pedestrian
28,1139.0,404.0,1176.0,485.0,61,0,0,1,Pedestrian
28,1139.0,404.0,1176.0,485.0,62,0,0,1,Pedestrian
28,1137.0,404.0,1174.0,485.0,63,0,0,1,Pedestrian
28,1137.0,404.0,1174.0,485.0,64,0,0,1,Pedestrian
28,1135.0,404.0,1172.0,485.0,65,0,0,1,Pedestrian
28,1135.0,404.0,1172.0,485.0,66,0,0,1,Pedestrian
28,1135.0,404.0,1172.0,485.0,67,0,0,1,Pedestrian
28,1133.0,404.0,1170.0,485.0,68,0,0,1,Pedestrian
28,1133.0,404.0,1170.0,485.0,69,0,0,1,Pedestrian
28,1133.0,404.0,1170.0,485.0,70,0,0,1,Pedestrian
28,1131.0,400.0,1168.0,480.0,71,0,0,1,Pedestrian
28,1131.0,400.0,1168.0,480.0,72,0,0,1,Pedestrian
28,1131.0,400.0,1168.0,480.0,73,0,0,1,Pedestrian
28,1129.0,400.0,1166.0,480.0,74,0,0,1,Pedestrian
28,1129.0,400.0,1166.0,480.0,75,0,0,1,Pedestrian
28,1129.0,400.0,1166.0,480.0,76,0,0,1,Pedestrian
28,1127.0,400.0,1164.0,480.0,77,0,0,1,Pedestrian
28,1127.0,400.0,1164.0,480.0,78,0,0,1,Pedestrian
28,1127.0,400.0,1164.0,480.0,79,0,0,1,Pedestrian
28,1125.0,400.0,1162.0,480.0,80,0,0,1,Pedestrian
28,1125.0,400.0,1162.0,480.0,81,0,0,1,Pedestrian
28,1123.0,400.0,1160.0,480.0,82,0,0,1,Pedestrian
28,1123.0,400.0,1160.0,480.0,83,0,0,1,Pedestrian
28,1123.0,400.0,1160.0,480.0,84,0,0,1,Pedestrian
28,1121.0,400.0,1157.0,480.0,85,0,0,1,Pedestrian
28,1121.0,400.0,1157.0,480.0,86,0,0,1,Pedestrian
28,1121.0,400.0,1157.0,480.0,87,0,0,1,Pedestrian
28,1119.0,400.0,1155.0,480.0,88,0,0,1,Pedestrian
28,1119.0,400.0,1155.0,480.0,89,0,0,1,Pedestrian
28,1119.0,400.0,1155.0,480.0,90,0,0,1,Pedestrian
28,1117.0,400.0,1153.0,480.0,91,0,0,1,Pedestrian
28,1117.0,400.0,1153.0,480.0,92,0,0,1,Pedestrian
28,1117.0,400.0,1153.0,480.0,93,0,0,1,Pedestrian
28,1115.0,400.0,1151.0,480.0,94,0,0,1,Pedestrian
28,1115.0,400.0,1151.0,480.0,95,0,0,1,Pedestrian
28,1113.0,400.0,1149.0,480.0,96,0,0,1,Pedestrian
28,1113.0,400.0,1149.0,480.0,97,0,0,1,Pedestrian
28,1113.0,400.0,1149.0,480.0,98,0,0,1,Pedestrian
28,1111.0,400.0,1147.0,480.0,99,0,0,1,Pedestrian
28,1111.0,400.0,1147.0,480.0,100,0,0,1,Pedestrian
28,1111.0,400.0,1147.0,480.0,101,0,0,1,Pedestrian
28,1109.0,400.0,1145.0,480.0,102,0,0,1,Pedestrian
28,1109.0,400.0,1145.0,480.0,103,0,0,1,Pedestrian
28,1109.0,400.0,1145.0,480.0,104,0,0,1,Pedestrian
28,1107.0,400.0,1143.0,480.0,105,0,0,1,Pedestrian
28,1107.0,396.0,1143.0,476.0,106,0,0,1,Pedestrian
28,1107.0,396.0,1143.0,476.0,107,0,0,1,Pedestrian
28,1105.0,396.0,1141.0,476.0,108,0,0,1,Pedestrian
28,1105.0,396.0,1141.0,476.0,109,0,0,1,Pedestrian
28,1105.0,396.0,1141.0,476.0,110,0,0,1,Pedestrian
28,1103.0,396.0,1139.0,476.0,111,0,0,1,Pedestrian
28,1103.0,396.0,1139.0,476.0,112,0,0,1,Pedestrian
28,1101.0,396.0,1137.0,476.0,113,0,0,1,Pedestrian
28,1101.0,396.0,1137.0,476.0,114,0,0,1,Pedestrian
28,1101.0,396.0,1137.0,476.0,115,0,0,1,Pedestrian
28,1099.0,396.0,1135.0,476.0,116,0,0,1,Pedestrian
28,1099.0,396.0,1135.0,476.0,117,0,0,1,Pedestrian
28,1099.0,396.0,1135.0,476.0,118,0,0,1,Pedestrian
28,1097.0,396.0,1133.0,476.0,119,0,0,1,Pedestrian
28,1097.0,396.0,1133.0,476.0,120,0,0,1,Pedestrian
28,1097.0,396.0,1133.0,476.0,121,0,0,1,Pedestrian
28,1095.0,396.0,1131.0,476.0,122,0,0,1,Pedestrian
28,1095.0,396.0,1131.0,476.0,123,0,0,1,Pedestrian
28,1095.0,396.0,1131.0,476.0,124,0,0,1,Pedestrian
28,1093.0,396.0,1129.0,476.0,125,0,0,1,Pedestrian
28,1093.0,396.0,1129.0,476.0,126,0,0,1,Pedestrian
28,1093.0,396.0,1129.0,476.0,127,0,0,1,Pedestrian
28,1091.0,396.0,1127.0,476.0,128,0,0,1,Pedestrian
28,1091.0,396.0,1127.0,476.0,129,0,0,1,Pedestrian
28,1089.0,396.0,1125.0,476.0,130,0,0,1,Pedestrian
28,1089.0,396.0,1125.0,476.0,131,0,0,1,Pedestrian
28,1089.0,396.0,1125.0,476.0,132,0,0,1,Pedestrian
28,1087.0,396.0,1123.0,476.0,133,0,0,1,Pedestrian
28,1087.0,396.0,1123.0,476.0,134,0,0,1,Pedestrian
28,1087.0,396.0,1123.0,476.0,135,0,0,1,Pedestrian
28,1085.0,396.0,1121.0,476.0,136,0,0,1,Pedestrian
28,1085.0,396.0,1121.0,476.0,137,0,0,1,Pedestrian
28,1085.0,396.0,1121.0,476.0,138,0,0,1,Pedestrian
28,1083.0,396.0,1119.0,476.0,139,0,0,1,Pedestrian
28,1083.0,396.0,1119.0,476.0,140,0,0,1,Pedestrian
28,1083.0,392.0,1119.0,472.0,141,0,0,1,Pedestrian
28,1081.0,392.0,1117.0,472.0,142,0,0,1,Pedestrian
28,1081.0,392.0,1117.0,472.0,143,0,0,1,Pedestrian
28,1079.0,392.0,1115.0,472.0,144,0,0,1,Pedestrian
28,1079.0,392.0,1115.0,472.0,145,0,0,1,Pedestrian
28,1079.0,392.0,1115.0,472.0,146,0,0,1,Pedestrian
28,1077.0,392.0,1113.0,472.0,147,0,0,1,Pedestrian
28,1077.0,392.0,1113.0,472.0,148,0,0,1,Pedestrian
28,1077.0,392.0,1113.0,472.0,149,0,0,1,Pedestrian
28,1075.0,392.0,1111.0,472.0,150,0,0,1,Pedestrian
28,1075.0,392.0,1111.0,472.0,151,0,0,1,Pedestrian
28,1075.0,392.0,1111.0,472.0,152,0,0,1,Pedestrian
28,1073.0,392.0,1109.0,472.0,153,0,0,1,Pedestrian
28,1073.0,392.0,1109.0,472.0,154,0,0,1,Pedestrian
28,1073.0,392.0,1109.0,472.0,155,0,0,1,Pedestrian
28,1071.0,392.0,1107.0,472.0,156,0,0,1,Pedestrian
28,1071.0,392.0,1107.0,472.0,157,0,0,1,Pedestrian
28,1071.0,392.0,1107.0,472.0,158,0,0,1,Pedestrian
28,1069.0,392.0,1105.0,472.0,159,0,0,1,Pedestrian
28,1069.0,392.0,1105.0,472.0,160,0,0,1,Pedestrian
28,1067.0,392.0,1103.0,472.0,161,0,0,1,Pedestrian
28,1067.0,392.0,1103.0,472.0,162,0,0,1,Pedestrian
28,1067.0,392.0,1103.0,472.0,163,0,0,1,Pedestrian
28,1065.0,392.0,1101.0,472.0,164,0,0,1,Pedestrian
28,1065.0,392.0,1101.0,472.0,165,0,0,1,Pedestrian
28,1065.0,392.0,1101.0,472.0,166,0,0,1,Pedestrian
28,1063.0,392.0,1099.0,472.0,167,0,0,1,Pedestrian
28,1063.0,392.0,1099.0,472.0,168,0,0,1,Pedestrian
28,1063.0,392.0,1099.0,472.0,169,0,0,1,Pedestrian
28,1061.0,392.0,1097.0,472.0,170,0,0,1,Pedestrian
28,1061.0,392.0,1097.0,472.0,171,0,0,1,Pedestrian
28,1061.0,392.0,1097.0,472.0,172,0,0,1,Pedestrian
28,1059.0,392.0,1095.0,472.0,173,0,0,1,Pedestrian
28,1059.0,392.0,1095.0,472.0,174,0,0,1,Pedestrian
28,1059.0,392.0,1095.0,472.0,175,0,0,0,Pedestrian
28,1057.0,388.0,1093.0,468.0,176,0,0,1,Pedestrian
28,1057.0,388.0,1093.0,468.0,177,0,0,1,Pedestrian
28,1055.0,388.0,1091.0,468.0,178,0,0,1,Pedestrian
28,1055.0,388.0,1091.0,468.0,179,0,0,1,Pedestrian
28,1055.0,388.0,1091.0,468.0,180,0,0,1,Pedestrian
28,1053.0,388.0,1089.0,468.0,181,0,0,1,Pedestrian
28,1053.0,388.0,1089.0,468.0,182,0,0,1,Pedestrian
28,1051.0,388.0,1087.0,468.0,183,0,0,1,Pedestrian
28,1051.0,388.0,1087.0,468.0,184,0,0,1,Pedestrian
28,1051.0,388.0,1087.0,468.0,185,0,0,1,Pedestrian
28,1049.0,388.0,1085.0,468.0,186,0,0,1,Pedestrian
28,1049.0,388.0,1085.0,468.0,187,0,0,1,Pedestrian
28,1047.0,388.0,1083.0,468.0,188,0,0,1,Pedestrian
28,1047.0,388.0,1083.0,468.0,189,0,0,1,Pedestrian
28,1047.0,388.0,1083.0,468.0,190,0,0,1,Pedestrian
28,1045.0,388.0,1081.0,468.0,191,0,0,1,Pedestrian
28,1045.0,388.0,1081.0,468.0,192,0,0,1,Pedestrian
28,1043.0,388.0,1079.0,468.0,193,0,0,1,Pedestrian
28,1043.0,388.0,1079.0,468.0,194,0,0,1,Pedestrian
28,1043.0,388.0,1079.0,468.0,195,0,0,1,Pedestrian
28,1041.0,388.0,1077.0,468.0,196,0,0,1,Pedestrian
28,1041.0,388.0,1077.0,468.0,197,0,0,1,Pedestrian
28,1039.0,388.0,1075.0,468.0,198,0,0,1,Pedestrian
28,1039.0,388.0,1075.0,468.0,199,0,0,1,Pedestrian
28,1039.0,388.0,1075.0,468.0,200,0,0,1,Pedestrian
28,1037.0,388.0,1073.0,468.0,201,0,0,1,Pedestrian
28,1037.0,388.0,1073.0,468.0,202,0,0,1,Pedestrian
28,1037.0,388.0,1073.0,468.0,203,0,0,1,Pedestrian
28,1035.0,388.0,1071.0,468.0,204,0,0,1,Pedestrian
28,1035.0,388.0,1071.0,468.0,205,0,0,1,Pedestrian
28,1033.0,388.0,1069.0,468.0,206,0,0,1,Pedestrian
28,1033.0,388.0,1069.0,468.0,207,0,0,1,Pedestrian
28,1033.0,388.0,1069.0,468.0,208,0,0,1,Pedestrian
28,1031.0,388.0,1067.0,468.0,209,0,0,1,Pedestrian
28,1031.0,388.0,1067.0,468.0,210,0,0,1,Pedestrian
28,1029.0,388.0,1065.0,468.0,211,0,0,1,Pedestrian
28,1029.0,388.0,1065.0,468.0,212,0,0,1,Pedestrian
28,1029.0,388.0,1065.0,468.0,213,0,0,1,Pedestrian
28,1027.0,388.0,1063.0,468.0,214,0,0,1,Pedestrian
28,1027.0,388.0,1063.0,468.0,215,0,0,1,Pedestrian
28,1025.0,388.0,1061.0,468.0,216,0,0,1,Pedestrian
28,1025.0,388.0,1061.0,468.0,217,0,0,1,Pedestrian
28,1025.0,388.0,1061.0,468.0,218,0,0,1,Pedestrian
28,1023.0,388.0,1059.0,468.0,219,0,0,1,Pedestrian
28,1023.0,388.0,1059.0,468.0,220,0,0,1,Pedestrian
28,1021.0,388.0,1057.0,468.0,221,0,0,1,Pedestrian
28,1021.0,388.0,1057.0,468.0,222,0,0,1,Pedestrian
28,1021.0,388.0,1057.0,468.0,223,0,0,1,Pedestrian
28,1019.0,383.0,1055.0,468.0,224,0,0,1,Pedestrian
28,1019.0,383.0,1055.0,468.0,225,0,0,1,Pedestrian
28,1019.0,383.0,1055.0,468.0,226,0,0,1,Pedestrian
28,1017.0,383.0,1053.0,468.0,227,0,0,1,Pedestrian
28,1017.0,383.0,1053.0,468.0,228,0,0,1,Pedestrian
28,1015.0,383.0,1051.0,468.0,229,0,0,1,Pedestrian
28,1015.0,383.0,1051.0,468.0,230,0,0,1,Pedestrian
28,1015.0,383.0,1051.0,468.0,231,0,0,1,Pedestrian
28,1012.0,383.0,1049.0,468.0,232,0,0,1,Pedestrian
28,1012.0,383.0,1049.0,468.0,233,0,0,1,Pedestrian
28,1010.0,383.0,1047.0,468.0,234,0,0,1,Pedestrian
28,1010.0,383.0,1047.0,468.0,235,0,0,1,Pedestrian
28,1010.0,383.0,1047.0,468.0,236,0,0,1,Pedestrian
28,1008.0,383.0,1045.0,468.0,237,0,0,1,Pedestrian
28,1008.0,383.0,1045.0,468.0,238,0,0,1,Pedestrian
28,1006.0,383.0,1043.0,468.0,239,0,0,1,Pedestrian
28,1006.0,383.0,1043.0,468.0,240,0,0,1,Pedestrian
28,1006.0,383.0,1043.0,468.0,241,0,0,1,Pedestrian
28,1004.0,383.0,1041.0,468.0,242,0,0,1,Pedestrian
28,1004.0,383.0,1041.0,468.0,243,0,0,1,Pedestrian
28,1002.0,383.0,1039.0,468.0,244,0,0,1,Pedestrian
28,1002.0,383.0,1039.0,468.0,245,0,0,1,Pedestrian
28,1002.0,383.0,1039.0,468.0,246,0,0,1,Pedestrian
28,1000.0,383.0,1037.0,468.0,247,0,0,1,Pedestrian
28,1000.0,383.0,1037.0,468.0,248,0,0,1,Pedestrian
28,1000.0,383.0,1037.0,468.0,249,0,0,1,Pedestrian
28,998.0,383.0,1035.0,468.0,250,0,0,1,Pedestrian
28,998.0,383.0,1035.0,468.0,251,0,0,1,Pedestrian
28,996.0,383.0,1033.0,468.0,252,0,0,1,Pedestrian
28,996.0,383.0,1033.0,468.0,253,0,0,1,Pedestrian
28,996.0,383.0,1033.0,468.0,254,0,0,1,Pedestrian
28,994.0,383.0,1031.0,468.0,255,0,0,1,Pedestrian
28,994.0,383.0,1031.0,468.0,256,0,0,1,Pedestrian
28,992.0,383.0,1029.0,468.0,257,0,0,1,Pedestrian
28,992.0,383.0,1029.0,468.0,258,0,0,1,Pedestrian
28,992.0,383.0,1029.0,468.0,259,0,0,1,Pedestrian
28,990.0,383.0,1027.0,468.0,260,0,0,1,Pedestrian
28,990.0,383.0,1027.0,468.0,261,0,0,1,Pedestrian
28,988.0,383.0,1025.0,468.0,262,0,0,1,Pedestrian
28,988.0,383.0,1025.0,468.0,263,0,0,1,Pedestrian
28,988.0,383.0,1025.0,468.0,264,0,0,1,Pedestrian
28,986.0,383.0,1023.0,468.0,265,0,0,1,Pedestrian
28,986.0,383.0,1023.0,468.0,266,0,0,1,Pedestrian
28,984.0,383.0,1021.0,468.0,267,0,0,1,Pedestrian
28,984.0,383.0,1021.0,468.0,268,0,0,1,Pedestrian
28,984.0,383.0,1021.0,468.0,269,0,0,1,Pedestrian
28,982.0,383.0,1019.0,468.0,270,0,0,1,Pedestrian
28,982.0,383.0,1019.0,468.0,271,0,0,1,Pedestrian
28,982.0,383.0,1019.0,468.0,272,0,0,0,Pedestrian
28,980.0,379.0,1017.0,464.0,273,0,0,1,Pedestrian
28,978.0,379.0,1015.0,464.0,274,0,0,1,Pedestrian
28,978.0,379.0,1015.0,464.0,275,0,0,1,Pedestrian
28,976.0,379.0,1012.0,464.0,276,0,0,1,Pedestrian
28,976.0,379.0,1012.0,464.0,277,0,0,1,Pedestrian
28,974.0,379.0,1010.0,464.0,278,0,0,1,Pedestrian
28,974.0,379.0,1010.0,464.0,279,0,0,1,Pedestrian
28,972.0,379.0,1008.0,464.0,280,0,0,1,Pedestrian
28,972.0,379.0,1008.0,464.0,281,0,0,1,Pedestrian
28,970.0,379.0,1006.0,464.0,282,0,0,1,Pedestrian
28,970.0,379.0,1006.0,464.0,283,0,0,1,Pedestrian
28,968.0,379.0,1004.0,464.0,284,0,0,1,Pedestrian
28,968.0,379.0,1004.0,464.0,285,0,0,1,Pedestrian
28,966.0,379.0,1002.0,464.0,286,0,0,1,Pedestrian
28,966.0,379.0,1002.0,464.0,287,0,0,1,Pedestrian
28,964.0,379.0,1000.0,464.0,288,0,0,1,Pedestrian
28,964.0,379.0,1000.0,464.0,289,0,0,1,Pedestrian
28,962.0,379.0,998.0,464.0,290,0,0,1,Pedestrian
28,962.0,379.0,998.0,464.0,291,0,0,1,Pedestrian
28,960.0,379.0,996.0,464.0,292,0,0,1,Pedestrian
28,960.0,375.0,996.0,460.0,293,0,0,1,Pedestrian
28,958.0,375.0,994.0,460.0,294,0,0,1,Pedestrian
28,958.0,375.0,994.0,460.0,295,0,0,1,Pedestrian
28,956.0,375.0,992.0,460.0,296,0,0,1,Pedestrian
28,956.0,375.0,992.0,460.0,297,0,0,1,Pedestrian
28,954.0,375.0,990.0,460.0,298,0,0,1,Pedestrian
28,954.0,375.0,990.0,460.0,299,0,0,1,Pedestrian
28,952.0,375.0,988.0,460.0,300,0,0,1,Pedestrian
28,952.0,375.0,988.0,460.0,301,0,0,1,Pedestrian
28,950.0,375.0,986.0,460.0,302,0,0,1,Pedestrian
28,948.0,375.0,984.0,460.0,303,0,0,1,Pedestrian
28,948.0,375.0,984.0,460.0,304,0,0,1,Pedestrian
28,946.0,375.0,982.0,460.0,305,0,0,1,Pedestrian
28,946.0,375.0,982.0,460.0,306,0,0,1,Pedestrian
28,944.0,375.0,980.0,460.0,307,0,0,1,Pedestrian
28,944.0,375.0,980.0,460.0,308,0,0,1,Pedestrian
28,942.0,375.0,978.0,460.0,309,0,0,1,Pedestrian
28,942.0,375.0,978.0,460.0,310,0,0,1,Pedestrian
28,940.0,375.0,976.0,460.0,311,0,0,1,Pedestrian
28,940.0,375.0,976.0,460.0,312,0,0,1,Pedestrian
28,938.0,371.0,974.0,456.0,313,0,0,1,Pedestrian
28,938.0,371.0,974.0,456.0,314,0,0,1,Pedestrian
28,936.0,371.0,972.0,456.0,315,0,0,1,Pedestrian
28,936.0,371.0,972.0,456.0,316,0,0,1,Pedestrian
28,934.0,371.0,970.0,456.0,317,0,0,1,Pedestrian
28,934.0,371.0,970.0,456.0,318,0,0,1,Pedestrian
28,932.0,371.0,968.0,456.0,319,0,0,1,Pedestrian
28,932.0,371.0,968.0,456.0,320,0,0,1,Pedestrian
28,930.0,371.0,966.0,456.0,321,0,0,1,Pedestrian
28,930.0,371.0,966.0,456.0,322,0,0,1,Pedestrian
28,928.0,371.0,964.0,456.0,323,0,0,1,Pedestrian
28,928.0,371.0,964.0,456.0,324,0,0,1,Pedestrian
28,926.0,371.0,962.0,456.0,325,0,0,1,Pedestrian
28,926.0,371.0,962.0,456.0,326,0,0,1,Pedestrian
28,924.0,371.0,960.0,456.0,327,0,0,1,Pedestrian
28,924.0,371.0,960.0,456.0,328,0,0,1,Pedestrian
28,922.0,371.0,958.0,456.0,329,0,0,1,Pedestrian
28,922.0,371.0,958.0,456.0,330,0,0,1,Pedestrian
28,920.0,371.0,956.0,456.0,331,0,0,1,Pedestrian
28,920.0,371.0,956.0,456.0,332,0,0,0,Pedestrian
28,918.0,371.0,954.0,456.0,333,0,0,1,Pedestrian
28,916.0,371.0,952.0,456.0,334,0,0,1,Pedestrian
28,916.0,371.0,952.0,456.0,335,0,0,1,Pedestrian
28,914.0,371.0,950.0,456.0,336,0,0,1,Pedestrian
28,912.0,371.0,948.0,456.0,337,0,0,1,Pedestrian
28,912.0,371.0,948.0,456.0,338,0,0,1,Pedestrian
28,910.0,371.0,946.0,456.0,339,0,0,1,Pedestrian
28,908.0,371.0,944.0,456.0,340,0,0,1,Pedestrian
28,908.0,371.0,944.0,456.0,341,0,0,1,Pedestrian
28,906.0,371.0,942.0,456.0,342,0,0,1,Pedestrian
28,906.0,371.0,942.0,456.0,343,0,0,1,Pedestrian
28,904.0,371.0,940.0,456.0,344,0,0,1,Pedestrian
28,902.0,371.0,938.0,456.0,345,0,0,1,Pedestrian
28,902.0,371.0,938.0,456.0,346,0,0,1,Pedestrian
28,900.0,371.0,936.0,456.0,347,0,0,1,Pedestrian
28,898.0,371.0,934.0,456.0,348,0,0,1,Pedestrian
28,898.0,371.0,934.0,456.0,349,0,0,1,Pedestrian
28,896.0,371.0,932.0,456.0,350,0,0,1,Pedestrian
28,896.0,371.0,932.0,456.0,351,0,0,1,Pedestrian
28,894.0,371.0,930.0,456.0,352,0,0,1,Pedestrian
28,892.0,371.0,928.0,456.0,353,0,0,1,Pedestrian
28,892.0,371.0,928.0,456.0,354,0,0,1,Pedestrian
28,890.0,371.0,926.0,456.0,355,0,0,1,Pedestrian
28,888.0,371.0,924.0,456.0,356,0,0,1,Pedestrian
28,888.0,371.0,924.0,456.0,357,0,0,1,Pedestrian
28,886.0,371.0,922.0,456.0,358,0,0,1,Pedestrian
28,886.0,371.0,922.0,456.0,359,0,0,1,Pedestrian
28,884.0,371.0,920.0,456.0,360,0,0,1,Pedestrian
28,882.0,371.0,918.0,456.0,361,0,0,1,Pedestrian
28,882.0,371.0,918.0,456.0,362,0,0,1,Pedestrian
28,880.0,371.0,916.0,456.0,363,0,0,1,Pedestrian
28,878.0,371.0,914.0,456.0,364,0,0,1,Pedestrian
28,878.0,371.0,914.0,456.0,365,0,0,1,Pedestrian
28,876.0,371.0,912.0,456.0,366,0,0,1,Pedestrian
28,874.0,371.0,910.0,456.0,367,0,0,1,Pedestrian
28,874.0,371.0,910.0,456.0,368,0,0,1,Pedestrian
28,872.0,371.0,908.0,456.0,369,0,0,1,Pedestrian
28,872.0,371.0,908.0,456.0,370,0,0,1,Pedestrian
28,870.0,371.0,906.0,456.0,371,0,0,1,Pedestrian
28,867.0,371.0,904.0,456.0,372,0,0,1,Pedestrian
28,867.0,371.0,904.0,456.0,373,0,0,1,Pedestrian
28,865.0,371.0,902.0,456.0,374,0,0,1,Pedestrian
28,863.0,371.0,900.0,456.0,375,0,0,1,Pedestrian
28,863.0,371.0,900.0,456.0,376,0,0,1,Pedestrian
28,861.0,371.0,898.0,456.0,377,0,0,1,Pedestrian
28,861.0,371.0,898.0,456.0,378,0,0,1,Pedestrian
28,859.0,371.0,896.0,456.0,379,0,0,1,Pedestrian
28,857.0,371.0,894.0,456.0,380,0,0,1,Pedestrian
28,857.0,371.0,894.0,456.0,381,0,0,1,Pedestrian
28,855.0,371.0,892.0,456.0,382,0,0,1,Pedestrian
28,853.0,371.0,890.0,456.0,383,0,0,1,Pedestrian
28,853.0,371.0,890.0,456.0,384,0,0,1,Pedestrian
28,851.0,371.0,888.0,456.0,385,0,0,1,Pedestrian
28,851.0,371.0,888.0,456.0,386,0,0,1,Pedestrian
28,849.0,371.0,886.0,456.0,387,0,0,1,Pedestrian
28,847.0,371.0,884.0,456.0,388,0,0,1,Pedestrian
28,847.0,371.0,884.0,456.0,389,0,0,1,Pedestrian
28,845.0,371.0,882.0,456.0,390,0,0,1,Pedestrian
28,843.0,371.0,880.0,456.0,391,0,0,1,Pedestrian
28,843.0,371.0,880.0,456.0,392,0,0,1,Pedestrian
28,841.0,371.0,878.0,456.0,393,0,0,1,Pedestrian
28,841.0,371.0,878.0,460.0,394,0,0,0,Pedestrian
28,839.0,371.0,876.0,460.0,395,0,0,1,Pedestrian
28,837.0,371.0,874.0,460.0,396,0,0,1,Pedestrian
28,837.0,371.0,874.0,460.0,397,0,0,1,Pedestrian
28,835.0,371.0,872.0,460.0,398,0,0,1,Pedestrian
28,835.0,371.0,872.0,460.0,399,0,0,1,Pedestrian
28,833.0,371.0,870.0,460.0,400,0,0,1,Pedestrian
28,833.0,371.0,870.0,460.0,401,0,0,1,Pedestrian
28,831.0,371.0,867.0,460.0,402,0,0,1,Pedestrian
28,829.0,371.0,865.0,460.0,403,0,0,1,Pedestrian
28,829.0,371.0,865.0,460.0,404,0,0,1,Pedestrian
28,827.0,371.0,863.0,460.0,405,0,0,1,Pedestrian
28,827.0,371.0,863.0,460.0,406,0,0,1,Pedestrian
28,825.0,371.0,861.0,460.0,407,0,0,1,Pedestrian
28,825.0,371.0,861.0,460.0,408,0,0,1,Pedestrian
28,823.0,371.0,859.0,460.0,409,0,0,1,Pedestrian
28,823.0,371.0,859.0,460.0,410,0,0,1,Pedestrian
28,821.0,375.0,857.0,464.0,411,0,0,1,Pedestrian
28,819.0,375.0,855.0,464.0,412,0,0,1,Pedestrian
28,819.0,375.0,855.0,464.0,413,0,0,1,Pedestrian
28,817.0,375.0,853.0,464.0,414,0,0,1,Pedestrian
28,817.0,375.0,853.0,464.0,415,0,0,1,Pedestrian
28,815.0,375.0,851.0,464.0,416,0,0,1,Pedestrian
28,815.0,375.0,851.0,464.0,417,0,0,1,Pedestrian
28,813.0,375.0,849.0,464.0,418,0,0,1,Pedestrian
28,813.0,375.0,849.0,464.0,419,0,0,1,Pedestrian
28,811.0,375.0,847.0,464.0,420,0,0,1,Pedestrian
28,809.0,375.0,845.0,464.0,421,0,0,1,Pedestrian
28,809.0,375.0,845.0,464.0,422,0,0,1,Pedestrian
28,807.0,375.0,843.0,464.0,423,0,0,1,Pedestrian
28,807.0,375.0,843.0,464.0,424,0,0,1,Pedestrian
28,805.0,375.0,841.0,464.0,425,0,0,1,Pedestrian
28,805.0,375.0,841.0,464.0,426,0,0,1,Pedestrian
28,803.0,375.0,839.0,464.0,427,0,0,1,Pedestrian
28,803.0,379.0,839.0,468.0,428,0,0,1,Pedestrian
28,801.0,379.0,837.0,468.0,429,0,0,1,Pedestrian
28,799.0,379.0,835.0,468.0,430,0,0,1,Pedestrian
28,799.0,379.0,835.0,468.0,431,0,0,1,Pedestrian
28,797.0,379.0,833.0,468.0,432,0,0,1,Pedestrian
28,797.0,379.0,833.0,468.0,433,0,0,1,Pedestrian
28,795.0,379.0,831.0,468.0,434,0,0,1,Pedestrian
28,795.0,379.0,831.0,468.0,435,0,0,1,Pedestrian
28,793.0,379.0,829.0,468.0,436,0,0,1,Pedestrian
28,791.0,379.0,827.0,468.0,437,0,0,1,Pedestrian
28,791.0,379.0,827.0,468.0,438,0,0,1,Pedestrian
28,789.0,379.0,825.0,468.0,439,0,0,1,Pedestrian
28,789.0,379.0,825.0,468.0,440,0,0,1,Pedestrian
28,787.0,379.0,823.0,468.0,441,0,0,1,Pedestrian
28,787.0,379.0,823.0,468.0,442,0,0,1,Pedestrian
28,785.0,379.0,821.0,468.0,443,0,0,1,Pedestrian
28,785.0,379.0,821.0,468.0,444,0,0,1,Pedestrian
28,783.0,383.0,819.0,472.0,445,0,0,1,Pedestrian
28,781.0,383.0,817.0,472.0,446,0,0,1,Pedestrian
28,781.0,383.0,817.0,472.0,447,0,0,1,Pedestrian
28,779.0,383.0,815.0,472.0,448,0,0,1,Pedestrian
28,779.0,383.0,815.0,472.0,449,0,0,1,Pedestrian
28,777.0,383.0,813.0,472.0,450,0,0,1,Pedestrian
28,777.0,383.0,813.0,472.0,451,0,0,1,Pedestrian
28,775.0,383.0,811.0,472.0,452,0,0,1,Pedestrian
28,775.0,383.0,811.0,472.0,453,0,0,1,Pedestrian
28,773.0,383.0,809.0,472.0,454,0,0,1,Pedestrian
28,771.0,383.0,807.0,472.0,455,0,0,1,Pedestrian
28,771.0,383.0,807.0,472.0,456,0,0,1,Pedestrian
28,769.0,383.0,805.0,472.0,457,0,0,1,Pedestrian
28,769.0,383.0,805.0,472.0,458,0,0,1,Pedestrian
28,767.0,383.0,803.0,472.0,459,0,0,1,Pedestrian
28,767.0,383.0,803.0,472.0,460,0,0,1,Pedestrian
28,765.0,383.0,801.0,472.0,461,0,0,1,Pedestrian
28,765.0,388.0,801.0,476.0,462,0,0,0,Pedestrian
28,763.0,388.0,799.0,476.0,463,0,0,1,Pedestrian
28,761.0,388.0,797.0,476.0,464,0,0,1,Pedestrian
28,761.0,388.0,797.0,476.0,465,0,0,1,Pedestrian
28,759.0,388.0,795.0,476.0,466,0,0,1,Pedestrian
28,757.0,388.0,793.0,476.0,467,0,0,1,Pedestrian
28,757.0,388.0,793.0,476.0,468,0,0,1,Pedestrian
28,755.0,388.0,791.0,476.0,469,0,0,1,Pedestrian
28,755.0,392.0,791.0,480.0,470,0,0,1,Pedestrian
28,753.0,392.0,789.0,480.0,471,0,0,1,Pedestrian
28,751.0,392.0,787.0,480.0,472,0,0,1,Pedestrian
28,751.0,392.0,787.0,480.0,473,0,0,1,Pedestrian
28,749.0,392.0,785.0,480.0,474,0,0,1,Pedestrian
28,749.0,392.0,785.0,480.0,475,0,0,1,Pedestrian
28,747.0,392.0,783.0,480.0,476,0,0,1,Pedestrian
28,745.0,392.0,781.0,480.0,477,0,0,1,Pedestrian
28,745.0,396.0,781.0,485.0,478,0,0,1,Pedestrian
28,743.0,396.0,779.0,485.0,479,0,0,1,Pedestrian
28,743.0,396.0,779.0,485.0,480,0,0,1,Pedestrian
28,741.0,396.0,777.0,485.0,481,0,0,1,Pedestrian
28,739.0,396.0,775.0,485.0,482,0,0,1,Pedestrian
28,739.0,396.0,775.0,485.0,483,0,0,1,Pedestrian
28,737.0,396.0,773.0,485.0,484,0,0,1,Pedestrian
28,737.0,400.0,773.0,489.0,485,0,0,1,Pedestrian
28,735.0,400.0,771.0,489.0,486,0,0,1,Pedestrian
28,733.0,400.0,769.0,489.0,487,0,0,1,Pedestrian
28,733.0,400.0,769.0,489.0,488,0,0,1,Pedestrian
28,731.0,400.0,767.0,489.0,489,0,0,1,Pedestrian
28,731.0,400.0,767.0,489.0,490,0,0,1,Pedestrian
28,729.0,400.0,765.0,489.0,491,0,0,1,Pedestrian
28,727.0,400.0,763.0,489.0,492,0,0,1,Pedestrian
28,727.0,404.0,763.0,493.0,493,0,0,1,Pedestrian
28,725.0,404.0,761.0,493.0,494,0,0,1,Pedestrian
28,725.0,404.0,761.0,493.0,495,0,0,1,Pedestrian
28,722.0,404.0,759.0,493.0,496,0,0,1,Pedestrian
28,720.0,404.0,757.0,493.0,497,0,0,1,Pedestrian
28,720.0,404.0,757.0,493.0,498,0,0,1,Pedestrian
28,718.0,404.0,755.0,493.0,499,0,0,1,Pedestrian
28,718.0,408.0,755.0,497.0,500,0,0,0,Pedestrian
28,716.0,404.0,753.0,497.0,501,0,0,1,Pedestrian
28,714.0,404.0,751.0,497.0,502,0,0,1,Pedestrian
28,712.0,404.0,751.0,497.0,503,0,0,1,Pedestrian
28,710.0,404.0,749.0,497.0,504,0,0,1,Pedestrian
28,710.0,400.0,749.0,497.0,505,0,0,1,Pedestrian
28,708.0,400.0,747.0,497.0,506,0,0,1,Pedestrian
28,706.0,400.0,745.0,497.0,507,0,0,1,Pedestrian
28,704.0,400.0,745.0,497.0,508,0,0,1,Pedestrian
28,702.0,396.0,743.0,497.0,509,0,0,1,Pedestrian
28,702.0,396.0,743.0,497.0,510,0,0,1,Pedestrian
28,700.0,396.0,741.0,497.0,511,0,0,1,Pedestrian
28,698.0,396.0,739.0,497.0,512,0,0,1,Pedestrian
28,696.0,392.0,739.0,497.0,513,0,0,1,Pedestrian
28,694.0,392.0,737.0,497.0,514,0,0,1,Pedestrian
28,694.0,392.0,737.0,497.0,515,0,0,1,Pedestrian
28,692.0,392.0,735.0,497.0,516,0,0,1,Pedestrian
28,690.0,388.0,733.0,497.0,517,0,0,1,Pedestrian
28,688.0,388.0,733.0,497.0,518,0,0,1,Pedestrian
28,686.0,388.0,731.0,497.0,519,0,0,1,Pedestrian
28,686.0,388.0,731.0,497.0,520,0,0,0,Pedestrian
28,684.0,388.0,729.0,497.0,521,0,0,1,Pedestrian
28,684.0,388.0,729.0,497.0,522,0,0,1,Pedestrian
28,682.0,388.0,727.0,497.0,523,0,0,1,Pedestrian
28,682.0,392.0,727.0,501.0,524,0,0,1,Pedestrian
28,680.0,392.0,725.0,501.0,525,0,0,1,Pedestrian
28,680.0,392.0,725.0,501.0,526,0,0,1,Pedestrian
28,678.0,392.0,722.0,501.0,527,0,0,1,Pedestrian
28,678.0,396.0,722.0,505.0,528,0,0,1,Pedestrian
28,676.0,396.0,720.0,505.0,529,0,0,1,Pedestrian
28,676.0,396.0,720.0,505.0,530,0,0,1,Pedestrian
28,674.0,396.0,718.0,505.0,531,0,0,1,Pedestrian
28,674.0,400.0,718.0,509.0,532,0,0,1,Pedestrian
28,672.0,400.0,716.0,509.0,533,0,0,1,Pedestrian
28,672.0,400.0,716.0,509.0,534,0,0,1,Pedestrian
28,670.0,400.0,714.0,509.0,535,0,0,1,Pedestrian
28,670.0,404.0,714.0,513.0,536,0,0,1,Pedestrian
28,668.0,404.0,712.0,513.0,537,0,0,1,Pedestrian
28,668.0,404.0,712.0,513.0,538,0,0,1,Pedestrian
28,666.0,404.0,710.0,513.0,539,0,0,1,Pedestrian
28,666.0,408.0,710.0,517.0,540,0,0,0,Pedestrian
28,664.0,408.0,708.0,517.0,541,0,0,1,Pedestrian
28,664.0,408.0,708.0,517.0,542,0,0,1,Pedestrian
28,664.0,408.0,708.0,517.0,543,0,0,1,Pedestrian
28,662.0,408.0,706.0,517.0,544,0,0,1,Pedestrian
28,662.0,412.0,706.0,521.0,545,0,0,1,Pedestrian
28,662.0,412.0,706.0,521.0,546,0,0,1,Pedestrian
28,660.0,412.0,704.0,521.0,547,0,0,1,Pedestrian
28,660.0,412.0,704.0,521.0,548,0,0,1,Pedestrian
28,660.0,412.0,704.0,521.0,549,0,0,1,Pedestrian
28,660.0,416.0,704.0,525.0,550,0,0,1,Pedestrian
28,658.0,416.0,702.0,525.0,551,0,0,1,Pedestrian
28,658.0,416.0,702.0,525.0,552,0,0,1,Pedestrian
28,658.0,416.0,702.0,525.0,553,0,0,1,Pedestrian
28,656.0,416.0,700.0,525.0,554,0,0,1,Pedestrian
28,656.0,420.0,700.0,529.0,555,0,0,1,Pedestrian
28,656.0,420.0,700.0,529.0,556,0,0,1,Pedestrian
28,654.0,420.0,698.0,529.0,557,0,0,1,Pedestrian
28,654.0,420.0,698.0,529.0,558,0,0,1,Pedestrian
28,654.0,420.0,698.0,529.0,559,0,0,1,Pedestrian
28,654.0,424.0,698.0,533.0,560,0,0,0,Pedestrian
28,652.0,424.0,696.0,533.0,561,0,0,1,Pedestrian
28,652.0,428.0,696.0,537.0,562,0,0,1,Pedestrian
28,652.0,428.0,696.0,537.0,563,0,0,1,Pedestrian
28,650.0,432.0,694.0,541.0,564,0,0,1,Pedestrian
28,650.0,432.0,694.0,541.0,565,0,0,1,Pedestrian
28,650.0,436.0,694.0,545.0,566,0,0,1,Pedestrian
28,648.0,436.0,692.0,545.0,567,0,0,1,Pedestrian
28,648.0,440.0,692.0,549.0,568,0,0,1,Pedestrian
28,648.0,440.0,692.0,549.0,569,0,0,1,Pedestrian
28,646.0,444.0,690.0,553.0,570,0,0,1,Pedestrian
28,646.0,444.0,690.0,553.0,571,0,0,1,Pedestrian
28,646.0,448.0,690.0,557.0,572,0,0,1,Pedestrian
28,646.0,452.0,690.0,561.0,573,0,0,0,Pedestrian
29,741.0,476.0,781.0,545.0,0,0,0,0,Pedestrian
29,741.0,476.0,781.0,545.0,1,0,0,1,Pedestrian
29,741.0,476.0,781.0,545.0,2,0,0,1,Pedestrian
29,741.0,476.0,781.0,545.0,3,0,0,1,Pedestrian
29,741.0,476.0,781.0,545.0,4,0,0,1,Pedestrian
29,741.0,476.0,781.0,545.0,5,0,0,1,Pedestrian
29,741.0,476.0,781.0,545.0,6,0,0,1,Pedestrian
29,741.0,476.0,781.0,545.0,7,0,0,1,Pedestrian
29,741.0,476.0,781.0,545.0,8,0,0,1,Pedestrian
29,741.0,476.0,781.0,545.0,9,0,0,1,Pedestrian
29,741.0,476.0,781.0,545.0,10,0,0,1,Pedestrian
29,741.0,476.0,781.0,545.0,11,0,0,1,Pedestrian
29,741.0,476.0,781.0,545.0,12,0,0,1,Pedestrian
29,741.0,476.0,781.0,545.0,13,0,0,1,Pedestrian
29,741.0,476.0,781.0,545.0,14,0,0,1,Pedestrian
29,741.0,476.0,781.0,545.0,15,0,0,1,Pedestrian
29,741.0,476.0,781.0,545.0,16,0,0,1,Pedestrian
29,741.0,476.0,781.0,545.0,17,0,0,1,Pedestrian
29,741.0,476.0,781.0,545.0,18,0,0,1,Pedestrian
29,741.0,476.0,781.0,545.0,19,0,0,1,Pedestrian
29,741.0,476.0,781.0,545.0,20,0,0,1,Pedestrian
29,741.0,476.0,781.0,545.0,21,0,0,1,Pedestrian
29,741.0,476.0,781.0,545.0,22,0,0,1,Pedestrian
29,741.0,476.0,781.0,545.0,23,0,0,1,Pedestrian
29,741.0,476.0,781.0,545.0,24,0,0,1,Pedestrian
29,741.0,476.0,781.0,545.0,25,0,0,1,Pedestrian
29,741.0,476.0,781.0,545.0,26,0,0,1,Pedestrian
29,741.0,476.0,781.0,545.0,27,0,0,1,Pedestrian
29,741.0,476.0,781.0,545.0,28,0,0,1,Pedestrian
29,741.0,476.0,781.0,545.0,29,0,0,1,Pedestrian
29,741.0,476.0,781.0,545.0,30,0,0,1,Pedestrian
29,741.0,476.0,781.0,545.0,31,0,0,1,Pedestrian
29,741.0,476.0,781.0,545.0,32,0,0,1,Pedestrian
29,741.0,476.0,781.0,545.0,33,0,0,1,Pedestrian
29,741.0,476.0,781.0,545.0,34,0,0,1,Pedestrian
29,741.0,476.0,781.0,545.0,35,0,0,1,Pedestrian
29,741.0,476.0,781.0,545.0,36,0,0,1,Pedestrian
29,741.0,476.0,781.0,545.0,37,0,0,1,Pedestrian
29,741.0,476.0,781.0,545.0,38,0,0,1,Pedestrian
29,741.0,476.0,781.0,545.0,39,0,0,1,Pedestrian
29,741.0,476.0,781.0,545.0,40,0,0,1,Pedestrian
29,741.0,476.0,781.0,545.0,41,0,0,1,Pedestrian
29,741.0,476.0,781.0,545.0,42,0,0,1,Pedestrian
29,741.0,476.0,781.0,545.0,43,0,0,1,Pedestrian
29,741.0,476.0,781.0,545.0,44,0,0,1,Pedestrian
29,741.0,476.0,781.0,545.0,45,0,0,1,Pedestrian
29,741.0,476.0,781.0,545.0,46,0,0,1,Pedestrian
29,741.0,476.0,781.0,545.0,47,0,0,1,Pedestrian
29,741.0,476.0,781.0,545.0,48,0,0,1,Pedestrian
29,741.0,476.0,781.0,545.0,49,0,0,1,Pedestrian
29,741.0,476.0,781.0,545.0,50,0,0,1,Pedestrian
29,741.0,476.0,781.0,545.0,51,0,0,1,Pedestrian
29,741.0,476.0,781.0,545.0,52,0,0,1,Pedestrian
29,741.0,476.0,781.0,545.0,53,0,0,1,Pedestrian
29,741.0,476.0,781.0,545.0,54,0,0,1,Pedestrian
29,741.0,476.0,781.0,545.0,55,0,0,1,Pedestrian
29,741.0,476.0,781.0,545.0,56,0,0,1,Pedestrian
29,741.0,476.0,781.0,545.0,57,0,0,1,Pedestrian
29,741.0,476.0,781.0,545.0,58,0,0,1,Pedestrian
29,741.0,476.0,781.0,545.0,59,0,0,1,Pedestrian
29,741.0,476.0,781.0,545.0,60,0,0,1,Pedestrian
29,741.0,476.0,781.0,545.0,61,0,0,1,Pedestrian
29,741.0,476.0,781.0,545.0,62,0,0,1,Pedestrian
29,741.0,476.0,781.0,545.0,63,0,0,1,Pedestrian
29,741.0,476.0,781.0,545.0,64,0,0,1,Pedestrian
29,741.0,476.0,781.0,545.0,65,0,0,1,Pedestrian
29,741.0,476.0,781.0,545.0,66,0,0,1,Pedestrian
29,741.0,476.0,781.0,545.0,67,0,0,1,Pedestrian
29,741.0,476.0,781.0,545.0,68,0,0,1,Pedestrian
29,741.0,476.0,781.0,545.0,69,0,0,1,Pedestrian
29,741.0,476.0,781.0,545.0,70,0,0,1,Pedestrian
29,741.0,476.0,781.0,545.0,71,0,0,1,Pedestrian
29,741.0,476.0,781.0,545.0,72,0,0,1,Pedestrian
29,741.0,476.0,781.0,545.0,73,0,0,1,Pedestrian
29,741.0,476.0,781.0,545.0,74,0,0,1,Pedestrian
29,741.0,476.0,781.0,545.0,75,0,0,1,Pedestrian
29,741.0,476.0,781.0,545.0,76,0,0,1,Pedestrian
29,741.0,476.0,781.0,545.0,77,0,0,1,Pedestrian
29,741.0,476.0,781.0,545.0,78,0,0,1,Pedestrian
29,741.0,476.0,781.0,545.0,79,0,0,1,Pedestrian
29,741.0,476.0,781.0,545.0,80,0,0,1,Pedestrian
29,741.0,476.0,781.0,545.0,81,0,0,1,Pedestrian
29,741.0,476.0,781.0,545.0,82,0,0,1,Pedestrian
29,741.0,476.0,781.0,545.0,83,0,0,1,Pedestrian
29,741.0,476.0,781.0,545.0,84,0,0,1,Pedestrian
29,741.0,476.0,781.0,545.0,85,0,0,1,Pedestrian
29,741.0,476.0,781.0,545.0,86,0,0,1,Pedestrian
29,741.0,476.0,781.0,545.0,87,0,0,1,Pedestrian
29,741.0,476.0,781.0,545.0,88,0,0,1,Pedestrian
29,741.0,476.0,781.0,545.0,89,0,0,1,Pedestrian
29,741.0,476.0,781.0,545.0,90,0,0,1,Pedestrian
29,741.0,476.0,781.0,545.0,91,0,0,1,Pedestrian
29,741.0,476.0,781.0,545.0,92,0,0,1,Pedestrian
29,741.0,476.0,781.0,545.0,93,0,0,1,Pedestrian
29,741.0,476.0,781.0,545.0,94,0,0,1,Pedestrian
29,743.0,476.0,783.0,545.0,95,0,0,1,Pedestrian
29,743.0,476.0,783.0,545.0,96,0,0,1,Pedestrian
29,743.0,476.0,783.0,545.0,97,0,0,1,Pedestrian
29,743.0,476.0,783.0,545.0,98,0,0,1,Pedestrian
29,743.0,476.0,783.0,545.0,99,0,0,1,Pedestrian
29,743.0,476.0,783.0,545.0,100,0,0,1,Pedestrian
29,743.0,476.0,783.0,545.0,101,0,0,1,Pedestrian
29,743.0,476.0,783.0,545.0,102,0,0,1,Pedestrian
29,743.0,476.0,783.0,545.0,103,0,0,1,Pedestrian
29,743.0,476.0,783.0,545.0,104,0,0,1,Pedestrian
29,743.0,476.0,783.0,545.0,105,0,0,1,Pedestrian
29,743.0,476.0,783.0,545.0,106,0,0,1,Pedestrian
29,743.0,476.0,783.0,545.0,107,0,0,1,Pedestrian
29,743.0,476.0,783.0,545.0,108,0,0,1,Pedestrian
29,743.0,476.0,783.0,545.0,109,0,0,1,Pedestrian
29,743.0,476.0,783.0,545.0,110,0,0,1,Pedestrian
29,743.0,476.0,783.0,545.0,111,0,0,1,Pedestrian
29,743.0,476.0,783.0,545.0,112,0,0,1,Pedestrian
29,743.0,476.0,783.0,545.0,113,0,0,1,Pedestrian
29,743.0,476.0,783.0,545.0,114,0,0,1,Pedestrian
29,743.0,476.0,783.0,545.0,115,0,0,1,Pedestrian
29,743.0,476.0,783.0,545.0,116,0,0,1,Pedestrian
29,743.0,476.0,783.0,545.0,117,0,0,1,Pedestrian
29,743.0,476.0,783.0,545.0,118,0,0,1,Pedestrian
29,743.0,476.0,783.0,545.0,119,0,0,1,Pedestrian
29,743.0,476.0,783.0,545.0,120,0,0,1,Pedestrian
29,743.0,476.0,783.0,545.0,121,0,0,1,Pedestrian
29,743.0,476.0,783.0,545.0,122,0,0,1,Pedestrian
29,743.0,476.0,783.0,545.0,123,0,0,1,Pedestrian
29,743.0,476.0,783.0,545.0,124,0,0,1,Pedestrian
29,743.0,476.0,783.0,545.0,125,0,0,1,Pedestrian
29,743.0,476.0,783.0,545.0,126,0,0,1,Pedestrian
29,743.0,476.0,783.0,545.0,127,0,0,1,Pedestrian
29,743.0,476.0,783.0,545.0,128,0,0,1,Pedestrian
29,743.0,476.0,783.0,545.0,129,0,0,1,Pedestrian
29,743.0,476.0,783.0,545.0,130,0,0,1,Pedestrian
29,743.0,476.0,783.0,545.0,131,0,0,1,Pedestrian
29,743.0,476.0,783.0,545.0,132,0,0,1,Pedestrian
29,743.0,476.0,783.0,545.0,133,0,0,1,Pedestrian
29,743.0,476.0,783.0,545.0,134,0,0,1,Pedestrian
29,743.0,476.0,783.0,545.0,135,0,0,1,Pedestrian
29,743.0,476.0,783.0,545.0,136,0,0,1,Pedestrian
29,743.0,476.0,783.0,545.0,137,0,0,1,Pedestrian
29,743.0,476.0,783.0,545.0,138,0,0,1,Pedestrian
29,743.0,476.0,783.0,545.0,139,0,0,1,Pedestrian
29,743.0,476.0,783.0,545.0,140,0,0,1,Pedestrian
29,743.0,476.0,783.0,545.0,141,0,0,1,Pedestrian
29,743.0,476.0,783.0,545.0,142,0,0,1,Pedestrian
29,743.0,476.0,783.0,545.0,143,0,0,1,Pedestrian
29,743.0,476.0,783.0,545.0,144,0,0,1,Pedestrian
29,743.0,476.0,783.0,545.0,145,0,0,1,Pedestrian
29,743.0,476.0,783.0,545.0,146,0,0,1,Pedestrian
29,743.0,476.0,783.0,545.0,147,0,0,1,Pedestrian
29,743.0,476.0,783.0,545.0,148,0,0,1,Pedestrian
29,743.0,476.0,783.0,545.0,149,0,0,1,Pedestrian
29,743.0,476.0,783.0,545.0,150,0,0,1,Pedestrian
29,743.0,476.0,783.0,545.0,151,0,0,1,Pedestrian
29,743.0,476.0,783.0,545.0,152,0,0,1,Pedestrian
29,743.0,476.0,783.0,545.0,153,0,0,1,Pedestrian
29,743.0,476.0,783.0,545.0,154,0,0,1,Pedestrian
29,743.0,476.0,783.0,545.0,155,0,0,1,Pedestrian
29,743.0,476.0,783.0,545.0,156,0,0,1,Pedestrian
29,743.0,476.0,783.0,545.0,157,0,0,1,Pedestrian
29,743.0,476.0,783.0,545.0,158,0,0,1,Pedestrian
29,743.0,476.0,783.0,545.0,159,0,0,1,Pedestrian
29,743.0,476.0,783.0,545.0,160,0,0,1,Pedestrian
29,743.0,476.0,783.0,545.0,161,0,0,1,Pedestrian
29,743.0,476.0,783.0,545.0,162,0,0,1,Pedestrian
29,743.0,476.0,783.0,545.0,163,0,0,1,Pedestrian
29,743.0,476.0,783.0,545.0,164,0,0,1,Pedestrian
29,743.0,476.0,783.0,545.0,165,0,0,1,Pedestrian
29,743.0,476.0,783.0,545.0,166,0,0,1,Pedestrian
29,743.0,476.0,783.0,545.0,167,0,0,1,Pedestrian
29,743.0,476.0,783.0,545.0,168,0,0,1,Pedestrian
29,743.0,476.0,783.0,545.0,169,0,0,1,Pedestrian
29,743.0,476.0,783.0,545.0,170,0,0,1,Pedestrian
29,743.0,476.0,783.0,545.0,171,0,0,1,Pedestrian
29,743.0,476.0,783.0,545.0,172,0,0,1,Pedestrian
29,743.0,476.0,783.0,545.0,173,0,0,1,Pedestrian
29,743.0,476.0,783.0,545.0,174,0,0,1,Pedestrian
29,743.0,476.0,783.0,545.0,175,0,0,1,Pedestrian
29,743.0,476.0,783.0,545.0,176,0,0,1,Pedestrian
29,743.0,476.0,783.0,545.0,177,0,0,1,Pedestrian
29,743.0,476.0,783.0,545.0,178,0,0,1,Pedestrian
29,743.0,476.0,783.0,545.0,179,0,0,1,Pedestrian
29,743.0,476.0,783.0,545.0,180,0,0,1,Pedestrian
29,743.0,476.0,783.0,545.0,181,0,0,1,Pedestrian
29,743.0,476.0,783.0,545.0,182,0,0,1,Pedestrian
29,743.0,476.0,783.0,545.0,183,0,0,1,Pedestrian
29,743.0,476.0,783.0,545.0,184,0,0,1,Pedestrian
29,743.0,476.0,783.0,545.0,185,0,0,1,Pedestrian
29,743.0,476.0,783.0,545.0,186,0,0,1,Pedestrian
29,743.0,476.0,783.0,545.0,187,0,0,1,Pedestrian
29,743.0,476.0,783.0,545.0,188,0,0,1,Pedestrian
29,745.0,476.0,785.0,545.0,189,0,0,1,Pedestrian
29,745.0,476.0,785.0,545.0,190,0,0,1,Pedestrian
29,745.0,476.0,785.0,545.0,191,0,0,1,Pedestrian
29,745.0,476.0,785.0,545.0,192,0,0,1,Pedestrian
29,745.0,476.0,785.0,545.0,193,0,0,1,Pedestrian
29,745.0,476.0,785.0,545.0,194,0,0,1,Pedestrian
29,745.0,476.0,785.0,545.0,195,0,0,1,Pedestrian
29,745.0,476.0,785.0,545.0,196,0,0,1,Pedestrian
29,745.0,476.0,785.0,545.0,197,0,0,1,Pedestrian
29,745.0,476.0,785.0,545.0,198,0,0,1,Pedestrian
29,745.0,476.0,785.0,545.0,199,0,0,1,Pedestrian
29,745.0,476.0,785.0,545.0,200,0,0,1,Pedestrian
29,745.0,476.0,785.0,545.0,201,0,0,1,Pedestrian
29,745.0,476.0,785.0,545.0,202,0,0,1,Pedestrian
29,745.0,476.0,785.0,545.0,203,0,0,1,Pedestrian
29,745.0,476.0,785.0,545.0,204,0,0,1,Pedestrian
29,745.0,476.0,785.0,545.0,205,0,0,1,Pedestrian
29,745.0,476.0,785.0,545.0,206,0,0,1,Pedestrian
29,745.0,476.0,785.0,545.0,207,0,0,1,Pedestrian
29,745.0,476.0,785.0,545.0,208,0,0,1,Pedestrian
29,745.0,476.0,785.0,545.0,209,0,0,1,Pedestrian
29,745.0,476.0,785.0,545.0,210,0,0,1,Pedestrian
29,745.0,476.0,785.0,545.0,211,0,0,1,Pedestrian
29,745.0,476.0,785.0,545.0,212,0,0,1,Pedestrian
29,745.0,476.0,785.0,545.0,213,0,0,1,Pedestrian
29,745.0,476.0,785.0,545.0,214,0,0,1,Pedestrian
29,745.0,476.0,785.0,545.0,215,0,0,1,Pedestrian
29,745.0,476.0,785.0,545.0,216,0,0,1,Pedestrian
29,745.0,476.0,785.0,545.0,217,0,0,1,Pedestrian
29,745.0,476.0,785.0,545.0,218,0,0,1,Pedestrian
29,745.0,476.0,785.0,545.0,219,0,0,1,Pedestrian
29,745.0,476.0,785.0,545.0,220,0,0,1,Pedestrian
29,745.0,476.0,785.0,545.0,221,0,0,1,Pedestrian
29,745.0,476.0,785.0,545.0,222,0,0,1,Pedestrian
29,745.0,476.0,785.0,545.0,223,0,0,1,Pedestrian
29,745.0,476.0,785.0,545.0,224,0,0,1,Pedestrian
29,745.0,476.0,785.0,545.0,225,0,0,1,Pedestrian
29,745.0,476.0,785.0,545.0,226,0,0,1,Pedestrian
29,745.0,476.0,785.0,545.0,227,0,0,1,Pedestrian
29,745.0,476.0,785.0,545.0,228,0,0,1,Pedestrian
29,745.0,476.0,785.0,545.0,229,0,0,1,Pedestrian
29,745.0,476.0,785.0,545.0,230,0,0,1,Pedestrian
29,745.0,476.0,785.0,545.0,231,0,0,1,Pedestrian
29,745.0,476.0,785.0,545.0,232,0,0,1,Pedestrian
29,745.0,476.0,785.0,545.0,233,0,0,1,Pedestrian
29,745.0,476.0,785.0,545.0,234,0,0,1,Pedestrian
29,745.0,476.0,785.0,545.0,235,0,0,1,Pedestrian
29,745.0,476.0,785.0,545.0,236,0,0,1,Pedestrian
29,745.0,476.0,785.0,545.0,237,0,0,1,Pedestrian
29,745.0,476.0,785.0,545.0,238,0,0,1,Pedestrian
29,745.0,476.0,785.0,545.0,239,0,0,1,Pedestrian
29,745.0,476.0,785.0,545.0,240,0,0,1,Pedestrian
29,745.0,476.0,785.0,545.0,241,0,0,1,Pedestrian
29,745.0,476.0,785.0,545.0,242,0,0,1,Pedestrian
29,745.0,476.0,785.0,545.0,243,0,0,1,Pedestrian
29,745.0,476.0,785.0,545.0,244,0,0,1,Pedestrian
29,745.0,476.0,785.0,545.0,245,0,0,1,Pedestrian
29,745.0,476.0,785.0,545.0,246,0,0,1,Pedestrian
29,745.0,476.0,785.0,545.0,247,0,0,1,Pedestrian
29,745.0,476.0,785.0,545.0,248,0,0,1,Pedestrian
29,745.0,476.0,785.0,545.0,249,0,0,1,Pedestrian
29,745.0,476.0,785.0,545.0,250,0,0,1,Pedestrian
29,745.0,476.0,785.0,545.0,251,0,0,1,Pedestrian
29,745.0,476.0,785.0,545.0,252,0,0,1,Pedestrian
29,745.0,476.0,785.0,545.0,253,0,0,1,Pedestrian
29,745.0,476.0,785.0,545.0,254,0,0,1,Pedestrian
29,745.0,476.0,785.0,545.0,255,0,0,1,Pedestrian
29,745.0,476.0,785.0,545.0,256,0,0,1,Pedestrian
29,745.0,476.0,785.0,545.0,257,0,0,1,Pedestrian
29,745.0,476.0,785.0,545.0,258,0,0,1,Pedestrian
29,745.0,476.0,785.0,545.0,259,0,0,1,Pedestrian
29,745.0,476.0,785.0,545.0,260,0,0,1,Pedestrian
29,745.0,476.0,785.0,545.0,261,0,0,1,Pedestrian
29,745.0,476.0,785.0,545.0,262,0,0,1,Pedestrian
29,745.0,476.0,785.0,545.0,263,0,0,1,Pedestrian
29,745.0,476.0,785.0,545.0,264,0,0,1,Pedestrian
29,745.0,476.0,785.0,545.0,265,0,0,1,Pedestrian
29,745.0,476.0,785.0,545.0,266,0,0,1,Pedestrian
29,745.0,476.0,785.0,545.0,267,0,0,1,Pedestrian
29,745.0,476.0,785.0,545.0,268,0,0,1,Pedestrian
29,745.0,476.0,785.0,545.0,269,0,0,1,Pedestrian
29,745.0,476.0,785.0,545.0,270,0,0,1,Pedestrian
29,745.0,476.0,785.0,545.0,271,0,0,1,Pedestrian
29,745.0,476.0,785.0,545.0,272,0,0,1,Pedestrian
29,745.0,476.0,785.0,545.0,273,0,0,1,Pedestrian
29,745.0,476.0,785.0,545.0,274,0,0,1,Pedestrian
29,745.0,476.0,785.0,545.0,275,0,0,1,Pedestrian
29,745.0,476.0,785.0,545.0,276,0,0,1,Pedestrian
29,745.0,476.0,785.0,545.0,277,0,0,1,Pedestrian
29,745.0,476.0,785.0,545.0,278,0,0,1,Pedestrian
29,745.0,476.0,785.0,545.0,279,0,0,1,Pedestrian
29,745.0,476.0,785.0,545.0,280,0,0,1,Pedestrian
29,745.0,476.0,785.0,545.0,281,0,0,1,Pedestrian
29,745.0,476.0,785.0,545.0,282,0,0,1,Pedestrian
29,747.0,476.0,787.0,545.0,283,0,0,0,Pedestrian
29,747.0,472.0,787.0,541.0,284,0,0,1,Pedestrian
29,747.0,472.0,787.0,541.0,285,0,0,1,Pedestrian
29,747.0,472.0,787.0,541.0,286,0,0,1,Pedestrian
29,747.0,472.0,787.0,541.0,287,0,0,1,Pedestrian
29,747.0,472.0,787.0,541.0,288,0,0,1,Pedestrian
29,747.0,472.0,787.0,541.0,289,0,0,1,Pedestrian
29,747.0,472.0,787.0,541.0,290,0,0,1,Pedestrian
29,747.0,472.0,787.0,541.0,291,0,0,1,Pedestrian
29,747.0,472.0,787.0,541.0,292,0,0,1,Pedestrian
29,747.0,472.0,787.0,541.0,293,0,0,1,Pedestrian
29,747.0,472.0,787.0,541.0,294,0,0,1,Pedestrian
29,747.0,472.0,787.0,541.0,295,0,0,1,Pedestrian
29,747.0,472.0,787.0,541.0,296,0,0,1,Pedestrian
29,747.0,472.0,787.0,541.0,297,0,0,1,Pedestrian
29,749.0,472.0,789.0,541.0,298,0,0,1,Pedestrian
29,749.0,472.0,789.0,541.0,299,0,0,1,Pedestrian
29,749.0,472.0,789.0,541.0,300,0,0,1,Pedestrian
29,749.0,472.0,789.0,541.0,301,0,0,1,Pedestrian
29,749.0,472.0,789.0,541.0,302,0,0,1,Pedestrian
29,749.0,472.0,789.0,541.0,303,0,0,1,Pedestrian
29,749.0,472.0,789.0,541.0,304,0,0,1,Pedestrian
29,749.0,472.0,789.0,541.0,305,0,0,1,Pedestrian
29,749.0,472.0,789.0,541.0,306,0,0,1,Pedestrian
29,749.0,472.0,789.0,541.0,307,0,0,1,Pedestrian
29,749.0,472.0,789.0,541.0,308,0,0,1,Pedestrian
29,749.0,472.0,789.0,541.0,309,0,0,1,Pedestrian
29,749.0,472.0,789.0,541.0,310,0,0,1,Pedestrian
29,749.0,472.0,789.0,541.0,311,0,0,1,Pedestrian
29,749.0,472.0,789.0,541.0,312,0,0,1,Pedestrian
29,751.0,472.0,791.0,541.0,313,0,0,1,Pedestrian
29,751.0,472.0,791.0,541.0,314,0,0,1,Pedestrian
29,751.0,472.0,791.0,541.0,315,0,0,1,Pedestrian
29,751.0,472.0,791.0,541.0,316,0,0,1,Pedestrian
29,751.0,472.0,791.0,541.0,317,0,0,1,Pedestrian
29,751.0,472.0,791.0,541.0,318,0,0,1,Pedestrian
29,751.0,472.0,791.0,541.0,319,0,0,1,Pedestrian
29,751.0,472.0,791.0,541.0,320,0,0,1,Pedestrian
29,751.0,472.0,791.0,541.0,321,0,0,1,Pedestrian
29,751.0,472.0,791.0,541.0,322,0,0,1,Pedestrian
29,751.0,472.0,791.0,541.0,323,0,0,1,Pedestrian
29,751.0,472.0,791.0,541.0,324,0,0,1,Pedestrian
29,751.0,472.0,791.0,541.0,325,0,0,1,Pedestrian
29,751.0,472.0,791.0,541.0,326,0,0,1,Pedestrian
29,753.0,472.0,793.0,541.0,327,0,0,0,Pedestrian
29,751.0,472.0,791.0,541.0,328,0,0,1,Pedestrian
29,751.0,472.0,791.0,541.0,329,0,0,1,Pedestrian
29,751.0,472.0,791.0,541.0,330,0,0,1,Pedestrian
29,751.0,472.0,791.0,541.0,331,0,0,1,Pedestrian
29,751.0,472.0,791.0,541.0,332,0,0,1,Pedestrian
29,751.0,472.0,791.0,541.0,333,0,0,1,Pedestrian
29,751.0,472.0,791.0,541.0,334,0,0,1,Pedestrian
29,751.0,472.0,791.0,541.0,335,0,0,1,Pedestrian
29,751.0,472.0,791.0,541.0,336,0,0,1,Pedestrian
29,749.0,472.0,789.0,541.0,337,0,0,1,Pedestrian
29,749.0,472.0,789.0,541.0,338,0,0,1,Pedestrian
29,749.0,472.0,789.0,541.0,339,0,0,1,Pedestrian
29,749.0,472.0,789.0,541.0,340,0,0,1,Pedestrian
29,749.0,472.0,789.0,541.0,341,0,0,1,Pedestrian
29,749.0,472.0,789.0,541.0,342,0,0,1,Pedestrian
29,749.0,472.0,789.0,541.0,343,0,0,1,Pedestrian
29,749.0,472.0,789.0,541.0,344,0,0,1,Pedestrian
29,749.0,472.0,789.0,541.0,345,0,0,1,Pedestrian
29,747.0,472.0,787.0,541.0,346,0,0,1,Pedestrian
29,747.0,472.0,787.0,541.0,347,0,0,1,Pedestrian
29,747.0,472.0,787.0,541.0,348,0,0,1,Pedestrian
29,747.0,472.0,787.0,541.0,349,0,0,1,Pedestrian
29,747.0,472.0,787.0,541.0,350,0,0,1,Pedestrian
29,747.0,472.0,787.0,541.0,351,0,0,1,Pedestrian
29,747.0,472.0,787.0,541.0,352,0,0,1,Pedestrian
29,747.0,472.0,787.0,541.0,353,0,0,1,Pedestrian
29,747.0,472.0,787.0,541.0,354,0,0,1,Pedestrian
29,745.0,472.0,785.0,541.0,355,0,0,1,Pedestrian
29,745.0,472.0,785.0,541.0,356,0,0,1,Pedestrian
29,745.0,472.0,785.0,541.0,357,0,0,1,Pedestrian
29,745.0,472.0,785.0,541.0,358,0,0,1,Pedestrian
29,745.0,472.0,785.0,541.0,359,0,0,1,Pedestrian
29,745.0,472.0,785.0,541.0,360,0,0,1,Pedestrian
29,745.0,472.0,785.0,541.0,361,0,0,1,Pedestrian
29,745.0,472.0,785.0,541.0,362,0,0,1,Pedestrian
29,745.0,472.0,785.0,541.0,363,0,0,1,Pedestrian
29,743.0,472.0,783.0,541.0,364,0,0,1,Pedestrian
29,743.0,472.0,783.0,541.0,365,0,0,1,Pedestrian
29,743.0,472.0,783.0,541.0,366,0,0,1,Pedestrian
29,743.0,472.0,783.0,541.0,367,0,0,1,Pedestrian
29,743.0,472.0,783.0,541.0,368,0,0,1,Pedestrian
29,743.0,472.0,783.0,541.0,369,0,0,1,Pedestrian
29,743.0,472.0,783.0,541.0,370,0,0,1,Pedestrian
29,743.0,472.0,783.0,541.0,371,0,0,1,Pedestrian
29,743.0,472.0,783.0,541.0,372,0,0,1,Pedestrian
29,741.0,472.0,781.0,541.0,373,0,0,1,Pedestrian
29,741.0,472.0,781.0,541.0,374,0,0,1,Pedestrian
29,741.0,472.0,781.0,541.0,375,0,0,1,Pedestrian
29,741.0,472.0,781.0,541.0,376,0,0,1,Pedestrian
29,741.0,472.0,781.0,541.0,377,0,0,1,Pedestrian
29,741.0,472.0,781.0,541.0,378,0,0,1,Pedestrian
29,741.0,472.0,781.0,541.0,379,0,0,1,Pedestrian
29,741.0,472.0,781.0,541.0,380,0,0,1,Pedestrian
29,741.0,472.0,781.0,541.0,381,0,0,1,Pedestrian
29,739.0,472.0,779.0,541.0,382,0,0,1,Pedestrian
29,739.0,472.0,779.0,541.0,383,0,0,1,Pedestrian
29,739.0,472.0,779.0,541.0,384,0,0,1,Pedestrian
29,739.0,472.0,779.0,541.0,385,0,0,1,Pedestrian
29,739.0,472.0,779.0,541.0,386,0,0,1,Pedestrian
29,739.0,472.0,779.0,541.0,387,0,0,1,Pedestrian
29,739.0,472.0,779.0,541.0,388,0,0,1,Pedestrian
29,739.0,472.0,779.0,541.0,389,0,0,1,Pedestrian
29,739.0,472.0,779.0,541.0,390,0,0,1,Pedestrian
29,737.0,472.0,777.0,541.0,391,0,0,1,Pedestrian
29,737.0,472.0,777.0,541.0,392,0,0,1,Pedestrian
29,737.0,472.0,777.0,541.0,393,0,0,1,Pedestrian
29,737.0,472.0,777.0,541.0,394,0,0,1,Pedestrian
29,737.0,472.0,777.0,541.0,395,0,0,1,Pedestrian
29,737.0,472.0,777.0,541.0,396,0,0,1,Pedestrian
29,737.0,472.0,777.0,541.0,397,0,0,1,Pedestrian
29,737.0,472.0,777.0,541.0,398,0,0,1,Pedestrian
29,737.0,476.0,777.0,545.0,399,0,0,0,Pedestrian
29,737.0,476.0,777.0,545.0,400,0,0,1,Pedestrian
29,737.0,476.0,777.0,545.0,401,0,0,1,Pedestrian
29,737.0,476.0,777.0,545.0,402,0,0,1,Pedestrian
29,737.0,476.0,777.0,545.0,403,0,0,1,Pedestrian
29,737.0,476.0,777.0,545.0,404,0,0,1,Pedestrian
29,737.0,476.0,777.0,545.0,405,0,0,1,Pedestrian
29,737.0,476.0,777.0,545.0,406,0,0,1,Pedestrian
29,737.0,476.0,777.0,545.0,407,0,0,1,Pedestrian
29,737.0,476.0,777.0,545.0,408,0,0,1,Pedestrian
29,737.0,476.0,777.0,545.0,409,0,0,1,Pedestrian
29,737.0,476.0,777.0,545.0,410,0,0,1,Pedestrian
29,737.0,476.0,777.0,545.0,411,0,0,1,Pedestrian
29,737.0,476.0,777.0,545.0,412,0,0,1,Pedestrian
29,737.0,476.0,777.0,545.0,413,0,0,1,Pedestrian
29,737.0,476.0,777.0,545.0,414,0,0,1,Pedestrian
29,737.0,476.0,777.0,545.0,415,0,0,1,Pedestrian
29,737.0,476.0,777.0,545.0,416,0,0,1,Pedestrian
29,737.0,476.0,777.0,545.0,417,0,0,1,Pedestrian
29,737.0,476.0,777.0,545.0,418,0,0,1,Pedestrian
29,737.0,476.0,777.0,545.0,419,0,0,1,Pedestrian
29,737.0,476.0,777.0,545.0,420,0,0,1,Pedestrian
29,737.0,476.0,777.0,545.0,421,0,0,1,Pedestrian
29,737.0,476.0,777.0,545.0,422,0,0,1,Pedestrian
29,737.0,476.0,777.0,545.0,423,0,0,1,Pedestrian
29,737.0,476.0,777.0,545.0,424,0,0,1,Pedestrian
29,737.0,476.0,777.0,545.0,425,0,0,1,Pedestrian
29,737.0,476.0,777.0,545.0,426,0,0,1,Pedestrian
29,737.0,476.0,777.0,545.0,427,0,0,1,Pedestrian
29,737.0,476.0,777.0,545.0,428,0,0,1,Pedestrian
29,737.0,476.0,777.0,545.0,429,0,0,1,Pedestrian
29,737.0,476.0,777.0,545.0,430,0,0,1,Pedestrian
29,737.0,476.0,777.0,545.0,431,0,0,1,Pedestrian
29,737.0,476.0,777.0,545.0,432,0,0,1,Pedestrian
29,737.0,476.0,777.0,545.0,433,0,0,1,Pedestrian
29,737.0,476.0,777.0,545.0,434,0,0,1,Pedestrian
29,737.0,476.0,777.0,545.0,435,0,0,1,Pedestrian
29,737.0,476.0,777.0,545.0,436,0,0,1,Pedestrian
29,737.0,476.0,777.0,545.0,437,0,0,1,Pedestrian
29,737.0,476.0,777.0,545.0,438,0,0,1,Pedestrian
29,737.0,476.0,777.0,545.0,439,0,0,1,Pedestrian
29,737.0,476.0,777.0,545.0,440,0,0,1,Pedestrian
29,737.0,476.0,777.0,545.0,441,0,0,1,Pedestrian
29,737.0,476.0,777.0,545.0,442,0,0,1,Pedestrian
29,737.0,476.0,777.0,545.0,443,0,0,1,Pedestrian
29,737.0,476.0,777.0,545.0,444,0,0,1,Pedestrian
29,737.0,476.0,777.0,545.0,445,0,0,1,Pedestrian
29,737.0,476.0,777.0,545.0,446,0,0,1,Pedestrian
29,737.0,476.0,777.0,545.0,447,0,0,1,Pedestrian
29,737.0,476.0,777.0,545.0,448,0,0,1,Pedestrian
29,737.0,476.0,777.0,545.0,449,0,0,1,Pedestrian
29,737.0,476.0,777.0,545.0,450,0,0,1,Pedestrian
29,737.0,476.0,777.0,545.0,451,0,0,1,Pedestrian
29,737.0,476.0,777.0,545.0,452,0,0,1,Pedestrian
29,737.0,476.0,777.0,545.0,453,0,0,1,Pedestrian
29,737.0,476.0,777.0,545.0,454,0,0,1,Pedestrian
29,737.0,476.0,777.0,545.0,455,0,0,1,Pedestrian
29,737.0,476.0,777.0,545.0,456,0,0,1,Pedestrian
29,737.0,476.0,777.0,545.0,457,0,0,1,Pedestrian
29,737.0,476.0,777.0,545.0,458,0,0,1,Pedestrian
29,737.0,476.0,777.0,545.0,459,0,0,1,Pedestrian
29,737.0,476.0,777.0,545.0,460,0,0,1,Pedestrian
29,737.0,476.0,777.0,545.0,461,0,0,1,Pedestrian
29,737.0,476.0,777.0,545.0,462,0,0,1,Pedestrian
29,737.0,476.0,777.0,545.0,463,0,0,1,Pedestrian
29,737.0,476.0,777.0,545.0,464,0,0,1,Pedestrian
29,737.0,476.0,777.0,545.0,465,0,0,1,Pedestrian
29,737.0,476.0,777.0,545.0,466,0,0,1,Pedestrian
29,737.0,476.0,777.0,545.0,467,0,0,1,Pedestrian
29,737.0,476.0,777.0,545.0,468,0,0,1,Pedestrian
29,737.0,476.0,777.0,545.0,469,0,0,1,Pedestrian
29,737.0,476.0,777.0,545.0,470,0,0,1,Pedestrian
29,737.0,476.0,777.0,545.0,471,0,0,1,Pedestrian
29,737.0,476.0,777.0,545.0,472,0,0,1,Pedestrian
29,737.0,476.0,777.0,545.0,473,0,0,1,Pedestrian
29,737.0,476.0,777.0,545.0,474,0,0,1,Pedestrian
29,737.0,476.0,777.0,545.0,475,0,0,1,Pedestrian
29,737.0,476.0,777.0,545.0,476,0,0,1,Pedestrian
29,737.0,476.0,777.0,545.0,477,0,0,1,Pedestrian
29,737.0,476.0,777.0,545.0,478,0,0,1,Pedestrian
29,737.0,476.0,777.0,545.0,479,0,0,1,Pedestrian
29,737.0,476.0,777.0,545.0,480,0,0,1,Pedestrian
29,737.0,476.0,777.0,545.0,481,0,0,1,Pedestrian
29,737.0,476.0,777.0,545.0,482,0,0,1,Pedestrian
29,737.0,476.0,777.0,545.0,483,0,0,1,Pedestrian
29,737.0,476.0,777.0,545.0,484,0,0,1,Pedestrian
29,737.0,476.0,777.0,545.0,485,0,0,1,Pedestrian
29,737.0,476.0,777.0,545.0,486,0,0,1,Pedestrian
29,737.0,476.0,777.0,545.0,487,0,0,1,Pedestrian
29,737.0,480.0,777.0,549.0,488,0,0,0,Pedestrian
29,735.0,480.0,775.0,549.0,489,0,0,1,Pedestrian
29,735.0,480.0,775.0,549.0,490,0,0,1,Pedestrian
29,735.0,480.0,775.0,549.0,491,0,0,1,Pedestrian
29,735.0,480.0,775.0,549.0,492,0,0,1,Pedestrian
29,735.0,480.0,775.0,549.0,493,0,0,1,Pedestrian
29,735.0,485.0,775.0,553.0,494,0,0,1,Pedestrian
29,733.0,485.0,773.0,553.0,495,0,0,1,Pedestrian
29,733.0,485.0,773.0,553.0,496,0,0,1,Pedestrian
29,733.0,485.0,773.0,553.0,497,0,0,1,Pedestrian
29,733.0,485.0,773.0,553.0,498,0,0,1,Pedestrian
29,733.0,485.0,773.0,553.0,499,0,0,1,Pedestrian
29,733.0,489.0,773.0,557.0,500,0,0,0,Pedestrian
29,731.0,489.0,771.0,557.0,501,0,0,1,Pedestrian
29,731.0,489.0,771.0,557.0,502,0,0,1,Pedestrian
29,731.0,489.0,771.0,557.0,503,0,0,1,Pedestrian
29,731.0,489.0,771.0,557.0,504,0,0,1,Pedestrian
29,731.0,489.0,771.0,561.0,505,0,0,1,Pedestrian
29,731.0,489.0,771.0,561.0,506,0,0,1,Pedestrian
29,731.0,493.0,771.0,561.0,507,0,0,1,Pedestrian
29,731.0,493.0,771.0,561.0,508,0,0,1,Pedestrian
29,729.0,493.0,771.0,565.0,509,0,0,1,Pedestrian
29,729.0,493.0,771.0,565.0,510,0,0,1,Pedestrian
29,729.0,493.0,771.0,565.0,511,0,0,1,Pedestrian
29,729.0,493.0,771.0,565.0,512,0,0,1,Pedestrian
29,729.0,493.0,771.0,565.0,513,0,0,1,Pedestrian
29,729.0,497.0,771.0,569.0,514,0,0,1,Pedestrian
29,729.0,497.0,771.0,569.0,515,0,0,1,Pedestrian
29,729.0,497.0,771.0,569.0,516,0,0,1,Pedestrian
29,727.0,497.0,771.0,569.0,517,0,0,1,Pedestrian
29,727.0,497.0,771.0,573.0,518,0,0,1,Pedestrian
29,727.0,497.0,771.0,573.0,519,0,0,1,Pedestrian
29,727.0,501.0,771.0,573.0,520,0,0,1,Pedestrian
29,727.0,501.0,769.0,573.0,521,0,0,1,Pedestrian
29,727.0,501.0,769.0,573.0,522,0,0,1,Pedestrian
29,727.0,501.0,769.0,577.0,523,0,0,1,Pedestrian
29,727.0,501.0,769.0,577.0,524,0,0,1,Pedestrian
29,725.0,501.0,769.0,577.0,525,0,0,1,Pedestrian
29,725.0,501.0,769.0,577.0,526,0,0,1,Pedestrian
29,725.0,505.0,769.0,582.0,527,0,0,1,Pedestrian
29,725.0,505.0,769.0,582.0,528,0,0,1,Pedestrian
29,725.0,505.0,769.0,582.0,529,0,0,1,Pedestrian
29,725.0,505.0,769.0,582.0,530,0,0,1,Pedestrian
29,725.0,505.0,769.0,582.0,531,0,0,1,Pedestrian
29,725.0,505.0,769.0,586.0,532,0,0,1,Pedestrian
29,722.0,505.0,769.0,586.0,533,0,0,1,Pedestrian
29,722.0,509.0,769.0,586.0,534,0,0,1,Pedestrian
29,722.0,509.0,769.0,586.0,535,0,0,1,Pedestrian
29,722.0,509.0,769.0,590.0,536,0,0,1,Pedestrian
29,722.0,509.0,769.0,590.0,537,0,0,1,Pedestrian
29,722.0,509.0,769.0,590.0,538,0,0,1,Pedestrian
29,722.0,509.0,769.0,590.0,539,0,0,1,Pedestrian
29,722.0,513.0,769.0,594.0,540,0,0,0,Pedestrian
29,722.0,513.0,769.0,594.0,541,0,0,1,Pedestrian
29,722.0,513.0,769.0,594.0,542,0,0,1,Pedestrian
29,722.0,513.0,769.0,594.0,543,0,0,1,Pedestrian
29,722.0,513.0,769.0,594.0,544,0,0,1,Pedestrian
29,722.0,513.0,769.0,594.0,545,0,0,1,Pedestrian
29,722.0,513.0,769.0,594.0,546,0,0,1,Pedestrian
29,722.0,513.0,769.0,594.0,547,0,0,1,Pedestrian
29,722.0,513.0,769.0,594.0,548,0,0,1,Pedestrian
29,722.0,513.0,769.0,594.0,549,0,0,1,Pedestrian
29,722.0,513.0,769.0,594.0,550,0,0,1,Pedestrian
29,722.0,513.0,769.0,594.0,551,0,0,1,Pedestrian
29,722.0,513.0,769.0,594.0,552,0,0,1,Pedestrian
29,722.0,513.0,769.0,594.0,553,0,0,1,Pedestrian
29,722.0,513.0,769.0,594.0,554,0,0,1,Pedestrian
29,722.0,513.0,769.0,594.0,555,0,0,1,Pedestrian
29,722.0,513.0,769.0,594.0,556,0,0,1,Pedestrian
29,722.0,517.0,769.0,598.0,557,0,0,1,Pedestrian
29,722.0,517.0,769.0,598.0,558,0,0,1,Pedestrian
29,722.0,517.0,769.0,598.0,559,0,0,1,Pedestrian
29,722.0,517.0,769.0,598.0,560,0,0,1,Pedestrian
29,722.0,517.0,769.0,598.0,561,0,0,1,Pedestrian
29,722.0,517.0,769.0,598.0,562,0,0,1,Pedestrian
29,722.0,517.0,769.0,598.0,563,0,0,1,Pedestrian
29,722.0,517.0,769.0,598.0,564,0,0,1,Pedestrian
29,722.0,517.0,769.0,598.0,565,0,0,1,Pedestrian
29,722.0,517.0,769.0,598.0,566,0,0,1,Pedestrian
29,722.0,517.0,769.0,598.0,567,0,0,1,Pedestrian
29,722.0,517.0,769.0,598.0,568,0,0,1,Pedestrian
29,722.0,517.0,769.0,598.0,569,0,0,1,Pedestrian
29,722.0,517.0,769.0,598.0,570,0,0,1,Pedestrian
29,722.0,517.0,769.0,598.0,571,0,0,1,Pedestrian
29,722.0,517.0,769.0,598.0,572,0,0,1,Pedestrian
29,722.0,521.0,769.0,602.0,573,0,0,0,Pedestrian
30,763.0,509.0,805.0,590.0,500,0,0,0,Pedestrian
30,763.0,509.0,805.0,590.0,501,0,0,1,Pedestrian
30,763.0,509.0,805.0,590.0,502,0,0,1,Pedestrian
30,763.0,509.0,805.0,590.0,503,0,0,1,Pedestrian
30,763.0,509.0,805.0,590.0,504,0,0,1,Pedestrian
30,763.0,509.0,805.0,590.0,505,0,0,1,Pedestrian
30,763.0,509.0,805.0,590.0,506,0,0,1,Pedestrian
30,763.0,509.0,805.0,590.0,507,0,0,1,Pedestrian
30,763.0,509.0,805.0,590.0,508,0,0,1,Pedestrian
30,763.0,509.0,805.0,590.0,509,0,0,1,Pedestrian
30,763.0,509.0,805.0,590.0,510,0,0,1,Pedestrian
30,763.0,509.0,805.0,590.0,511,0,0,1,Pedestrian
30,763.0,509.0,805.0,590.0,512,0,0,1,Pedestrian
30,763.0,509.0,805.0,590.0,513,0,0,1,Pedestrian
30,763.0,509.0,805.0,590.0,514,0,0,1,Pedestrian
30,763.0,509.0,805.0,590.0,515,0,0,1,Pedestrian
30,763.0,509.0,805.0,590.0,516,0,0,1,Pedestrian
30,763.0,509.0,805.0,590.0,517,0,0,1,Pedestrian
30,763.0,509.0,805.0,590.0,518,0,0,1,Pedestrian
30,763.0,509.0,805.0,590.0,519,0,0,1,Pedestrian
30,763.0,509.0,805.0,590.0,520,0,0,1,Pedestrian
30,763.0,509.0,805.0,590.0,521,0,0,1,Pedestrian
30,763.0,509.0,805.0,590.0,522,0,0,1,Pedestrian
30,763.0,509.0,805.0,590.0,523,0,0,1,Pedestrian
30,763.0,509.0,805.0,590.0,524,0,0,1,Pedestrian
30,763.0,509.0,805.0,590.0,525,0,0,1,Pedestrian
30,763.0,509.0,805.0,590.0,526,0,0,1,Pedestrian
30,763.0,509.0,805.0,590.0,527,0,0,1,Pedestrian
30,763.0,509.0,805.0,590.0,528,0,0,1,Pedestrian
30,763.0,509.0,805.0,590.0,529,0,0,1,Pedestrian
30,763.0,509.0,805.0,590.0,530,0,0,1,Pedestrian
30,763.0,509.0,805.0,590.0,531,0,0,1,Pedestrian
30,763.0,509.0,805.0,590.0,532,0,0,1,Pedestrian
30,763.0,509.0,805.0,590.0,533,0,0,1,Pedestrian
30,763.0,509.0,805.0,590.0,534,0,0,1,Pedestrian
30,763.0,509.0,805.0,590.0,535,0,0,1,Pedestrian
30,763.0,509.0,805.0,590.0,536,0,0,1,Pedestrian
30,763.0,509.0,805.0,590.0,537,0,0,1,Pedestrian
30,763.0,509.0,805.0,590.0,538,0,0,1,Pedestrian
30,763.0,509.0,805.0,590.0,539,0,0,1,Pedestrian
30,763.0,509.0,805.0,590.0,540,0,0,1,Pedestrian
30,763.0,509.0,805.0,590.0,541,0,0,1,Pedestrian
30,763.0,509.0,805.0,590.0,542,0,0,1,Pedestrian
30,763.0,509.0,805.0,590.0,543,0,0,1,Pedestrian
30,763.0,509.0,805.0,590.0,544,0,0,1,Pedestrian
30,763.0,509.0,805.0,590.0,545,0,0,1,Pedestrian
30,763.0,509.0,805.0,590.0,546,0,0,1,Pedestrian
30,763.0,509.0,805.0,590.0,547,0,0,1,Pedestrian
30,763.0,509.0,805.0,590.0,548,0,0,1,Pedestrian
30,763.0,509.0,805.0,590.0,549,0,0,1,Pedestrian
30,763.0,509.0,805.0,590.0,550,0,0,1,Pedestrian
30,763.0,509.0,805.0,590.0,551,0,0,1,Pedestrian
30,763.0,509.0,805.0,590.0,552,0,0,1,Pedestrian
30,763.0,509.0,805.0,590.0,553,0,0,1,Pedestrian
30,763.0,509.0,805.0,590.0,554,0,0,1,Pedestrian
30,763.0,509.0,805.0,590.0,555,0,0,1,Pedestrian
30,763.0,509.0,805.0,590.0,556,0,0,1,Pedestrian
30,763.0,509.0,805.0,590.0,557,0,0,1,Pedestrian
30,763.0,509.0,805.0,590.0,558,0,0,1,Pedestrian
30,763.0,509.0,805.0,590.0,559,0,0,1,Pedestrian
30,763.0,509.0,805.0,590.0,560,0,0,1,Pedestrian
30,763.0,509.0,805.0,590.0,561,0,0,1,Pedestrian
30,763.0,509.0,805.0,590.0,562,0,0,1,Pedestrian
30,763.0,509.0,805.0,590.0,563,0,0,1,Pedestrian
30,763.0,509.0,805.0,590.0,564,0,0,1,Pedestrian
30,763.0,509.0,805.0,590.0,565,0,0,1,Pedestrian
30,763.0,509.0,805.0,590.0,566,0,0,1,Pedestrian
30,763.0,509.0,805.0,590.0,567,0,0,1,Pedestrian
30,763.0,509.0,805.0,590.0,568,0,0,1,Pedestrian
30,763.0,509.0,805.0,590.0,569,0,0,1,Pedestrian
30,763.0,509.0,805.0,590.0,570,0,0,1,Pedestrian
30,763.0,509.0,805.0,590.0,571,0,0,1,Pedestrian
30,763.0,509.0,805.0,590.0,572,0,0,1,Pedestrian
30,763.0,509.0,805.0,590.0,573,0,0,0,Pedestrian
31,729.0,868.0,763.0,925.0,0,0,0,0,Pedestrian
31,727.0,864.0,761.0,921.0,1,0,0,1,Pedestrian
31,727.0,864.0,761.0,921.0,2,0,0,1,Pedestrian
31,727.0,864.0,761.0,921.0,3,0,0,1,Pedestrian
31,727.0,860.0,761.0,917.0,4,0,0,1,Pedestrian
31,727.0,860.0,761.0,917.0,5,0,0,1,Pedestrian
31,727.0,860.0,761.0,917.0,6,0,0,1,Pedestrian
31,727.0,856.0,761.0,913.0,7,0,0,1,Pedestrian
31,727.0,856.0,761.0,913.0,8,0,0,1,Pedestrian
31,727.0,856.0,761.0,913.0,9,0,0,1,Pedestrian
31,727.0,852.0,761.0,909.0,10,0,0,1,Pedestrian
31,727.0,852.0,761.0,909.0,11,0,0,1,Pedestrian
31,727.0,852.0,761.0,909.0,12,0,0,1,Pedestrian
31,727.0,848.0,761.0,905.0,13,0,0,1,Pedestrian
31,727.0,848.0,761.0,905.0,14,0,0,1,Pedestrian
31,727.0,848.0,761.0,905.0,15,0,0,1,Pedestrian
31,727.0,844.0,761.0,901.0,16,0,0,1,Pedestrian
31,727.0,844.0,761.0,901.0,17,0,0,1,Pedestrian
31,727.0,844.0,761.0,901.0,18,0,0,1,Pedestrian
31,727.0,840.0,761.0,897.0,19,0,0,1,Pedestrian
31,727.0,840.0,761.0,897.0,20,0,0,1,Pedestrian
31,727.0,840.0,761.0,897.0,21,0,0,1,Pedestrian
31,727.0,836.0,761.0,893.0,22,0,0,1,Pedestrian
31,727.0,836.0,761.0,893.0,23,0,0,1,Pedestrian
31,727.0,836.0,761.0,893.0,24,0,0,1,Pedestrian
31,727.0,832.0,761.0,889.0,25,0,0,1,Pedestrian
31,727.0,832.0,761.0,889.0,26,0,0,1,Pedestrian
31,727.0,832.0,761.0,889.0,27,0,0,1,Pedestrian
31,725.0,828.0,761.0,885.0,28,0,0,1,Pedestrian
31,725.0,828.0,761.0,885.0,29,0,0,1,Pedestrian
31,725.0,828.0,761.0,885.0,30,0,0,1,Pedestrian
31,725.0,824.0,761.0,881.0,31,0,0,1,Pedestrian
31,725.0,824.0,761.0,881.0,32,0,0,1,Pedestrian
31,725.0,824.0,761.0,881.0,33,0,0,1,Pedestrian
31,725.0,820.0,761.0,877.0,34,0,0,1,Pedestrian
31,725.0,820.0,759.0,877.0,35,0,0,1,Pedestrian
31,725.0,820.0,759.0,877.0,36,0,0,1,Pedestrian
31,725.0,820.0,759.0,877.0,37,0,0,1,Pedestrian
31,725.0,816.0,759.0,873.0,38,0,0,1,Pedestrian
31,725.0,816.0,759.0,873.0,39,0,0,1,Pedestrian
31,725.0,816.0,759.0,873.0,40,0,0,1,Pedestrian
31,725.0,812.0,759.0,868.0,41,0,0,1,Pedestrian
31,725.0,812.0,759.0,868.0,42,0,0,1,Pedestrian
31,725.0,812.0,759.0,868.0,43,0,0,1,Pedestrian
31,725.0,808.0,759.0,864.0,44,0,0,1,Pedestrian
31,725.0,808.0,759.0,864.0,45,0,0,1,Pedestrian
31,725.0,808.0,759.0,864.0,46,0,0,1,Pedestrian
31,725.0,804.0,759.0,860.0,47,0,0,1,Pedestrian
31,725.0,804.0,759.0,860.0,48,0,0,1,Pedestrian
31,725.0,804.0,759.0,860.0,49,0,0,1,Pedestrian
31,725.0,800.0,759.0,856.0,50,0,0,1,Pedestrian
31,725.0,800.0,759.0,856.0,51,0,0,1,Pedestrian
31,725.0,800.0,759.0,856.0,52,0,0,1,Pedestrian
31,725.0,796.0,759.0,852.0,53,0,0,1,Pedestrian
31,725.0,796.0,759.0,852.0,54,0,0,1,Pedestrian
31,725.0,796.0,759.0,852.0,55,0,0,1,Pedestrian
31,722.0,792.0,759.0,848.0,56,0,0,1,Pedestrian
31,722.0,792.0,759.0,848.0,57,0,0,1,Pedestrian
31,722.0,792.0,759.0,848.0,58,0,0,1,Pedestrian
31,722.0,788.0,759.0,844.0,59,0,0,1,Pedestrian
31,722.0,788.0,759.0,844.0,60,0,0,1,Pedestrian
31,722.0,788.0,759.0,844.0,61,0,0,1,Pedestrian
31,722.0,784.0,759.0,840.0,62,0,0,1,Pedestrian
31,722.0,784.0,759.0,840.0,63,0,0,1,Pedestrian
31,722.0,784.0,759.0,840.0,64,0,0,1,Pedestrian
31,722.0,780.0,759.0,836.0,65,0,0,1,Pedestrian
31,722.0,780.0,759.0,836.0,66,0,0,1,Pedestrian
31,722.0,780.0,759.0,836.0,67,0,0,1,Pedestrian
31,722.0,776.0,759.0,832.0,68,0,0,1,Pedestrian
31,722.0,776.0,759.0,832.0,69,0,0,1,Pedestrian
31,722.0,776.0,757.0,832.0,70,0,0,1,Pedestrian
31,722.0,776.0,757.0,832.0,71,0,0,1,Pedestrian
31,722.0,771.0,757.0,828.0,72,0,0,1,Pedestrian
31,722.0,771.0,757.0,828.0,73,0,0,1,Pedestrian
31,722.0,771.0,757.0,828.0,74,0,0,1,Pedestrian
31,722.0,767.0,757.0,824.0,75,0,0,1,Pedestrian
31,722.0,767.0,757.0,824.0,76,0,0,1,Pedestrian
31,722.0,767.0,757.0,824.0,77,0,0,1,Pedestrian
31,722.0,763.0,757.0,820.0,78,0,0,1,Pedestrian
31,722.0,763.0,757.0,820.0,79,0,0,1,Pedestrian
31,722.0,763.0,757.0,820.0,80,0,0,1,Pedestrian
31,722.0,759.0,757.0,816.0,81,0,0,1,Pedestrian
31,722.0,759.0,757.0,816.0,82,0,0,1,Pedestrian
31,722.0,759.0,757.0,816.0,83,0,0,1,Pedestrian
31,720.0,755.0,757.0,812.0,84,0,0,1,Pedestrian
31,720.0,755.0,757.0,812.0,85,0,0,1,Pedestrian
31,720.0,755.0,757.0,812.0,86,0,0,1,Pedestrian
31,720.0,751.0,757.0,808.0,87,0,0,1,Pedestrian
31,720.0,751.0,757.0,808.0,88,0,0,1,Pedestrian
31,720.0,751.0,757.0,808.0,89,0,0,1,Pedestrian
31,720.0,747.0,757.0,804.0,90,0,0,1,Pedestrian
31,720.0,747.0,757.0,804.0,91,0,0,1,Pedestrian
31,720.0,747.0,757.0,804.0,92,0,0,1,Pedestrian
31,720.0,743.0,757.0,800.0,93,0,0,1,Pedestrian
31,720.0,743.0,757.0,800.0,94,0,0,1,Pedestrian
31,720.0,743.0,757.0,800.0,95,0,0,1,Pedestrian
31,720.0,739.0,757.0,796.0,96,0,0,1,Pedestrian
31,720.0,739.0,757.0,796.0,97,0,0,1,Pedestrian
31,720.0,739.0,757.0,796.0,98,0,0,1,Pedestrian
31,720.0,735.0,757.0,792.0,99,0,0,1,Pedestrian
31,720.0,735.0,757.0,792.0,100,0,0,1,Pedestrian
31,720.0,735.0,757.0,792.0,101,0,0,1,Pedestrian
31,720.0,731.0,757.0,788.0,102,0,0,1,Pedestrian
31,720.0,731.0,757.0,788.0,103,0,0,1,Pedestrian
31,720.0,731.0,757.0,788.0,104,0,0,1,Pedestrian
31,720.0,731.0,755.0,788.0,105,0,0,1,Pedestrian
31,720.0,727.0,755.0,784.0,106,0,0,1,Pedestrian
31,720.0,727.0,755.0,784.0,107,0,0,1,Pedestrian
31,720.0,727.0,755.0,784.0,108,0,0,1,Pedestrian
31,720.0,723.0,755.0,780.0,109,0,0,1,Pedestrian
31,720.0,723.0,755.0,780.0,110,0,0,1,Pedestrian
31,720.0,723.0,755.0,780.0,111,0,0,1,Pedestrian
31,718.0,719.0,755.0,776.0,112,0,0,1,Pedestrian
31,718.0,719.0,755.0,776.0,113,0,0,1,Pedestrian
31,718.0,719.0,755.0,776.0,114,0,0,1,Pedestrian
31,718.0,715.0,755.0,771.0,115,0,0,1,Pedestrian
31,718.0,715.0,755.0,771.0,116,0,0,1,Pedestrian
31,718.0,715.0,755.0,771.0,117,0,0,1,Pedestrian
31,718.0,711.0,755.0,767.0,118,0,0,1,Pedestrian
31,718.0,711.0,755.0,767.0,119,0,0,1,Pedestrian
31,718.0,711.0,755.0,767.0,120,0,0,1,Pedestrian
31,718.0,707.0,755.0,763.0,121,0,0,1,Pedestrian
31,718.0,707.0,755.0,763.0,122,0,0,1,Pedestrian
31,718.0,707.0,755.0,763.0,123,0,0,1,Pedestrian
31,718.0,703.0,755.0,759.0,124,0,0,1,Pedestrian
31,718.0,703.0,755.0,759.0,125,0,0,1,Pedestrian
31,718.0,703.0,755.0,759.0,126,0,0,1,Pedestrian
31,718.0,699.0,755.0,755.0,127,0,0,1,Pedestrian
31,718.0,699.0,755.0,755.0,128,0,0,1,Pedestrian
31,718.0,699.0,755.0,755.0,129,0,0,1,Pedestrian
31,718.0,695.0,755.0,751.0,130,0,0,1,Pedestrian
31,718.0,695.0,755.0,751.0,131,0,0,1,Pedestrian
31,718.0,695.0,755.0,751.0,132,0,0,1,Pedestrian
31,718.0,691.0,755.0,747.0,133,0,0,1,Pedestrian
31,718.0,691.0,755.0,747.0,134,0,0,1,Pedestrian
31,718.0,691.0,755.0,747.0,135,0,0,1,Pedestrian
31,718.0,687.0,755.0,743.0,136,0,0,1,Pedestrian
31,718.0,687.0,755.0,743.0,137,0,0,1,Pedestrian
31,718.0,687.0,755.0,743.0,138,0,0,1,Pedestrian
31,718.0,687.0,755.0,743.0,139,0,0,0,Pedestrian
31,716.0,683.0,753.0,739.0,140,0,0,1,Pedestrian
31,716.0,683.0,753.0,739.0,141,0,0,1,Pedestrian
31,716.0,679.0,753.0,735.0,142,0,0,1,Pedestrian
31,716.0,679.0,753.0,735.0,143,0,0,1,Pedestrian
31,714.0,679.0,751.0,735.0,144,0,0,1,Pedestrian
31,714.0,674.0,751.0,731.0,145,0,0,1,Pedestrian
31,714.0,674.0,751.0,731.0,146,0,0,1,Pedestrian
31,714.0,674.0,751.0,731.0,147,0,0,1,Pedestrian
31,714.0,670.0,749.0,727.0,148,0,0,1,Pedestrian
31,712.0,670.0,749.0,727.0,149,0,0,1,Pedestrian
31,712.0,670.0,749.0,727.0,150,0,0,1,Pedestrian
31,712.0,666.0,749.0,723.0,151,0,0,1,Pedestrian
31,712.0,666.0,747.0,723.0,152,0,0,1,Pedestrian
31,712.0,666.0,747.0,723.0,153,0,0,1,Pedestrian
31,710.0,662.0,747.0,719.0,154,0,0,1,Pedestrian
31,710.0,662.0,747.0,719.0,155,0,0,1,Pedestrian
31,710.0,658.0,745.0,715.0,156,0,0,1,Pedestrian
31,710.0,658.0,745.0,715.0,157,0,0,1,Pedestrian
31,708.0,658.0,745.0,715.0,158,0,0,1,Pedestrian
31,708.0,654.0,745.0,711.0,159,0,0,1,Pedestrian
31,708.0,654.0,745.0,711.0,160,0,0,1,Pedestrian
31,708.0,654.0,743.0,711.0,161,0,0,1,Pedestrian
31,708.0,650.0,743.0,707.0,162,0,0,1,Pedestrian
31,706.0,650.0,743.0,707.0,163,0,0,1,Pedestrian
31,706.0,650.0,743.0,707.0,164,0,0,1,Pedestrian
31,706.0,646.0,741.0,703.0,165,0,0,1,Pedestrian
31,706.0,646.0,741.0,703.0,166,0,0,1,Pedestrian
31,706.0,646.0,741.0,703.0,167,0,0,1,Pedestrian
31,704.0,642.0,741.0,699.0,168,0,0,1,Pedestrian
31,704.0,642.0,739.0,699.0,169,0,0,1,Pedestrian
31,704.0,638.0,739.0,695.0,170,0,0,1,Pedestrian
31,704.0,638.0,739.0,695.0,171,0,0,1,Pedestrian
31,702.0,638.0,739.0,695.0,172,0,0,1,Pedestrian
31,702.0,634.0,737.0,691.0,173,0,0,1,Pedestrian
31,702.0,634.0,737.0,691.0,174,0,0,1,Pedestrian
31,702.0,634.0,737.0,691.0,175,0,0,1,Pedestrian
31,702.0,630.0,737.0,687.0,176,0,0,1,Pedestrian
31,700.0,630.0,735.0,687.0,177,0,0,1,Pedestrian
31,700.0,630.0,735.0,687.0,178,0,0,1,Pedestrian
31,700.0,626.0,735.0,683.0,179,0,0,1,Pedestrian
31,700.0,626.0,735.0,683.0,180,0,0,1,Pedestrian
31,700.0,626.0,735.0,683.0,181,0,0,0,Pedestrian
31,698.0,622.0,733.0,679.0,182,0,0,1,Pedestrian
31,698.0,622.0,733.0,679.0,183,0,0,1,Pedestrian
31,698.0,618.0,733.0,674.0,184,0,0,1,Pedestrian
31,698.0,618.0,733.0,674.0,185,0,0,1,Pedestrian
31,698.0,618.0,733.0,674.0,186,0,0,1,Pedestrian
31,698.0,614.0,733.0,670.0,187,0,0,1,Pedestrian
31,698.0,614.0,733.0,670.0,188,0,0,1,Pedestrian
31,698.0,614.0,733.0,670.0,189,0,0,1,Pedestrian
31,698.0,610.0,733.0,666.0,190,0,0,1,Pedestrian
31,698.0,610.0,733.0,666.0,191,0,0,1,Pedestrian
31,698.0,610.0,733.0,666.0,192,0,0,1,Pedestrian
31,698.0,606.0,733.0,662.0,193,0,0,1,Pedestrian
31,698.0,606.0,733.0,662.0,194,0,0,1,Pedestrian
31,698.0,606.0,733.0,662.0,195,0,0,1,Pedestrian
31,698.0,602.0,733.0,658.0,196,0,0,1,Pedestrian
31,698.0,602.0,733.0,658.0,197,0,0,1,Pedestrian
31,698.0,602.0,733.0,658.0,198,0,0,1,Pedestrian
31,698.0,598.0,733.0,654.0,199,0,0,1,Pedestrian
31,698.0,598.0,733.0,654.0,200,0,0,1,Pedestrian
31,698.0,598.0,733.0,654.0,201,0,0,1,Pedestrian
31,698.0,594.0,733.0,650.0,202,0,0,1,Pedestrian
31,696.0,594.0,733.0,650.0,203,0,0,1,Pedestrian
31,696.0,590.0,733.0,646.0,204,0,0,1,Pedestrian
31,696.0,590.0,733.0,646.0,205,0,0,1,Pedestrian
31,696.0,590.0,733.0,646.0,206,0,0,1,Pedestrian
31,696.0,586.0,733.0,642.0,207,0,0,1,Pedestrian
31,696.0,586.0,733.0,642.0,208,0,0,1,Pedestrian
31,696.0,586.0,733.0,642.0,209,0,0,1,Pedestrian
31,696.0,582.0,733.0,638.0,210,0,0,1,Pedestrian
31,696.0,582.0,733.0,638.0,211,0,0,1,Pedestrian
31,696.0,582.0,733.0,638.0,212,0,0,1,Pedestrian
31,696.0,577.0,733.0,634.0,213,0,0,1,Pedestrian
31,696.0,577.0,733.0,634.0,214,0,0,1,Pedestrian
31,696.0,577.0,733.0,634.0,215,0,0,1,Pedestrian
31,696.0,573.0,733.0,630.0,216,0,0,1,Pedestrian
31,696.0,573.0,733.0,630.0,217,0,0,1,Pedestrian
31,696.0,573.0,733.0,630.0,218,0,0,1,Pedestrian
31,696.0,569.0,733.0,626.0,219,0,0,1,Pedestrian
31,696.0,569.0,733.0,626.0,220,0,0,1,Pedestrian
31,696.0,569.0,733.0,626.0,221,0,0,1,Pedestrian
31,696.0,565.0,733.0,622.0,222,0,0,1,Pedestrian
31,696.0,565.0,733.0,622.0,223,0,0,1,Pedestrian
31,696.0,565.0,733.0,622.0,224,0,0,0,Pedestrian
31,694.0,561.0,731.0,618.0,225,0,0,1,Pedestrian
31,694.0,561.0,731.0,618.0,226,0,0,1,Pedestrian
31,694.0,561.0,731.0,618.0,227,0,0,1,Pedestrian
31,694.0,557.0,731.0,614.0,228,0,0,1,Pedestrian
31,694.0,557.0,731.0,614.0,229,0,0,1,Pedestrian
31,694.0,557.0,731.0,614.0,230,0,0,1,Pedestrian
31,694.0,553.0,731.0,610.0,231,0,0,1,Pedestrian
31,694.0,553.0,731.0,610.0,232,0,0,1,Pedestrian
31,692.0,553.0,729.0,610.0,233,0,0,1,Pedestrian
31,692.0,549.0,729.0,606.0,234,0,0,1,Pedestrian
31,692.0,549.0,729.0,606.0,235,0,0,1,Pedestrian
31,692.0,549.0,729.0,606.0,236,0,0,1,Pedestrian
31,692.0,545.0,729.0,602.0,237,0,0,1,Pedestrian
31,692.0,545.0,729.0,602.0,238,0,0,1,Pedestrian
31,692.0,545.0,729.0,602.0,239,0,0,1,Pedestrian
31,692.0,541.0,729.0,598.0,240,0,0,1,Pedestrian
31,690.0,541.0,727.0,598.0,241,0,0,1,Pedestrian
31,690.0,541.0,727.0,598.0,242,0,0,1,Pedestrian
31,690.0,537.0,727.0,594.0,243,0,0,1,Pedestrian
31,690.0,537.0,727.0,594.0,244,0,0,1,Pedestrian
31,690.0,537.0,727.0,594.0,245,0,0,1,Pedestrian
31,690.0,533.0,727.0,590.0,246,0,0,1,Pedestrian
31,690.0,533.0,727.0,590.0,247,0,0,1,Pedestrian
31,690.0,533.0,727.0,590.0,248,0,0,1,Pedestrian
31,688.0,529.0,725.0,586.0,249,0,0,1,Pedestrian
31,688.0,529.0,725.0,586.0,250,0,0,1,Pedestrian
31,688.0,529.0,725.0,586.0,251,0,0,1,Pedestrian
31,688.0,525.0,725.0,582.0,252,0,0,1,Pedestrian
31,688.0,525.0,725.0,582.0,253,0,0,1,Pedestrian
31,688.0,525.0,725.0,582.0,254,0,0,1,Pedestrian
31,688.0,521.0,725.0,577.0,255,0,0,1,Pedestrian
31,688.0,521.0,725.0,577.0,256,0,0,1,Pedestrian
31,686.0,521.0,722.0,577.0,257,0,0,1,Pedestrian
31,686.0,517.0,722.0,573.0,258,0,0,1,Pedestrian
31,686.0,517.0,722.0,573.0,259,0,0,1,Pedestrian
31,686.0,517.0,722.0,573.0,260,0,0,1,Pedestrian
31,686.0,513.0,722.0,569.0,261,0,0,1,Pedestrian
31,686.0,513.0,722.0,569.0,262,0,0,1,Pedestrian
31,686.0,513.0,722.0,569.0,263,0,0,1,Pedestrian
31,686.0,513.0,722.0,569.0,264,0,0,0,Pedestrian
31,686.0,509.0,722.0,565.0,265,0,0,1,Pedestrian
31,686.0,509.0,722.0,565.0,266,0,0,1,Pedestrian
31,686.0,509.0,722.0,565.0,267,0,0,1,Pedestrian
31,686.0,505.0,722.0,561.0,268,0,0,1,Pedestrian
31,686.0,505.0,722.0,561.0,269,0,0,1,Pedestrian
31,686.0,505.0,722.0,561.0,270,0,0,1,Pedestrian
31,686.0,505.0,722.0,561.0,271,0,0,1,Pedestrian
31,686.0,501.0,722.0,557.0,272,0,0,1,Pedestrian
31,686.0,501.0,722.0,557.0,273,0,0,1,Pedestrian
31,686.0,501.0,722.0,557.0,274,0,0,1,Pedestrian
31,686.0,497.0,722.0,553.0,275,0,0,1,Pedestrian
31,686.0,497.0,722.0,553.0,276,0,0,1,Pedestrian
31,686.0,497.0,722.0,553.0,277,0,0,1,Pedestrian
31,686.0,497.0,722.0,553.0,278,0,0,1,Pedestrian
31,686.0,493.0,722.0,549.0,279,0,0,1,Pedestrian
31,686.0,493.0,722.0,549.0,280,0,0,1,Pedestrian
31,686.0,493.0,722.0,549.0,281,0,0,1,Pedestrian
31,686.0,489.0,722.0,545.0,282,0,0,1,Pedestrian
31,686.0,489.0,722.0,545.0,283,0,0,1,Pedestrian
31,686.0,489.0,722.0,545.0,284,0,0,1,Pedestrian
31,686.0,489.0,722.0,545.0,285,0,0,1,Pedestrian
31,686.0,485.0,722.0,541.0,286,0,0,1,Pedestrian
31,686.0,485.0,722.0,541.0,287,0,0,1,Pedestrian
31,686.0,485.0,722.0,541.0,288,0,0,1,Pedestrian
31,686.0,480.0,722.0,537.0,289,0,0,1,Pedestrian
31,686.0,480.0,722.0,537.0,290,0,0,1,Pedestrian
31,686.0,480.0,722.0,537.0,291,0,0,1,Pedestrian
31,688.0,480.0,722.0,537.0,292,0,0,0,Pedestrian
31,688.0,476.0,722.0,533.0,293,0,0,1,Pedestrian
31,688.0,476.0,722.0,533.0,294,0,0,1,Pedestrian
31,690.0,476.0,725.0,533.0,295,0,0,1,Pedestrian
31,690.0,472.0,725.0,529.0,296,0,0,1,Pedestrian
31,690.0,472.0,725.0,529.0,297,0,0,1,Pedestrian
31,692.0,472.0,727.0,529.0,298,0,0,1,Pedestrian
31,692.0,468.0,727.0,525.0,299,0,0,1,Pedestrian
31,692.0,468.0,729.0,525.0,300,0,0,1,Pedestrian
31,694.0,468.0,729.0,525.0,301,0,0,1,Pedestrian
31,694.0,464.0,729.0,521.0,302,0,0,1,Pedestrian
31,694.0,464.0,731.0,521.0,303,0,0,1,Pedestrian
31,696.0,464.0,731.0,521.0,304,0,0,1,Pedestrian
31,696.0,460.0,731.0,517.0,305,0,0,1,Pedestrian
31,696.0,460.0,733.0,517.0,306,0,0,1,Pedestrian
31,698.0,460.0,733.0,517.0,307,0,0,1,Pedestrian
31,698.0,460.0,735.0,517.0,308,0,0,1,Pedestrian
31,698.0,456.0,735.0,513.0,309,0,0,1,Pedestrian
31,700.0,456.0,735.0,513.0,310,0,0,1,Pedestrian
31,700.0,456.0,737.0,513.0,311,0,0,1,Pedestrian
31,700.0,452.0,737.0,509.0,312,0,0,1,Pedestrian
31,702.0,452.0,737.0,509.0,313,0,0,1,Pedestrian
31,702.0,452.0,739.0,509.0,314,0,0,1,Pedestrian
31,702.0,448.0,739.0,505.0,315,0,0,1,Pedestrian
31,704.0,448.0,741.0,505.0,316,0,0,1,Pedestrian
31,704.0,448.0,741.0,505.0,317,0,0,1,Pedestrian
31,704.0,444.0,741.0,501.0,318,0,0,1,Pedestrian
31,706.0,444.0,743.0,501.0,319,0,0,1,Pedestrian
31,706.0,444.0,743.0,501.0,320,0,0,1,Pedestrian
31,706.0,440.0,743.0,497.0,321,0,0,1,Pedestrian
31,708.0,440.0,745.0,497.0,322,0,0,1,Pedestrian
31,708.0,440.0,745.0,497.0,323,0,0,1,Pedestrian
31,710.0,440.0,747.0,497.0,324,0,0,0,Pedestrian
31,710.0,436.0,747.0,493.0,325,0,0,1,Pedestrian
31,712.0,436.0,749.0,493.0,326,0,0,1,Pedestrian
31,712.0,436.0,749.0,493.0,327,0,0,1,Pedestrian
31,714.0,436.0,751.0,493.0,328,0,0,1,Pedestrian
31,714.0,436.0,751.0,493.0,329,0,0,1,Pedestrian
31,716.0,436.0,753.0,493.0,330,0,0,1,Pedestrian
31,716.0,432.0,753.0,489.0,331,0,0,1,Pedestrian
31,718.0,432.0,755.0,489.0,332,0,0,1,Pedestrian
31,718.0,432.0,755.0,489.0,333,0,0,1,Pedestrian
31,720.0,432.0,757.0,489.0,334,0,0,1,Pedestrian
31,720.0,432.0,757.0,489.0,335,0,0,1,Pedestrian
31,722.0,432.0,759.0,489.0,336,0,0,1,Pedestrian
31,722.0,428.0,759.0,485.0,337,0,0,1,Pedestrian
31,725.0,428.0,761.0,485.0,338,0,0,1,Pedestrian
31,725.0,428.0,761.0,485.0,339,0,0,1,Pedestrian
31,727.0,428.0,763.0,485.0,340,0,0,1,Pedestrian
31,727.0,428.0,763.0,485.0,341,0,0,1,Pedestrian
31,729.0,428.0,765.0,485.0,342,0,0,1,Pedestrian
31,731.0,428.0,767.0,485.0,343,0,0,1,Pedestrian
31,731.0,424.0,767.0,480.0,344,0,0,1,Pedestrian
31,733.0,424.0,769.0,480.0,345,0,0,1,Pedestrian
31,733.0,424.0,769.0,480.0,346,0,0,1,Pedestrian
31,735.0,424.0,771.0,480.0,347,0,0,1,Pedestrian
31,735.0,424.0,771.0,480.0,348,0,0,1,Pedestrian
31,737.0,424.0,773.0,480.0,349,0,0,1,Pedestrian
31,737.0,420.0,773.0,476.0,350,0,0,1,Pedestrian
31,739.0,420.0,775.0,476.0,351,0,0,1,Pedestrian
31,739.0,420.0,775.0,476.0,352,0,0,1,Pedestrian
31,741.0,420.0,777.0,476.0,353,0,0,1,Pedestrian
31,741.0,420.0,777.0,476.0,354,0,0,1,Pedestrian
31,743.0,420.0,779.0,476.0,355,0,0,1,Pedestrian
31,743.0,416.0,779.0,472.0,356,0,0,1,Pedestrian
31,745.0,416.0,781.0,472.0,357,0,0,1,Pedestrian
31,745.0,416.0,781.0,472.0,358,0,0,1,Pedestrian
31,747.0,416.0,783.0,472.0,359,0,0,1,Pedestrian
31,749.0,416.0,785.0,472.0,360,0,0,1,Pedestrian
31,749.0,416.0,785.0,472.0,361,0,0,1,Pedestrian
31,751.0,416.0,787.0,472.0,362,0,0,1,Pedestrian
31,751.0,412.0,787.0,468.0,363,0,0,1,Pedestrian
31,753.0,412.0,789.0,468.0,364,0,0,1,Pedestrian
31,753.0,412.0,789.0,468.0,365,0,0,1,Pedestrian
31,755.0,412.0,791.0,468.0,366,0,0,1,Pedestrian
31,755.0,412.0,791.0,468.0,367,0,0,1,Pedestrian
31,757.0,412.0,793.0,468.0,368,0,0,1,Pedestrian
31,757.0,408.0,793.0,464.0,369,0,0,1,Pedestrian
31,759.0,408.0,795.0,464.0,370,0,0,1,Pedestrian
31,759.0,408.0,795.0,464.0,371,0,0,1,Pedestrian
31,761.0,408.0,797.0,464.0,372,0,0,1,Pedestrian
31,761.0,408.0,797.0,464.0,373,0,0,1,Pedestrian
31,763.0,408.0,799.0,464.0,374,0,0,1,Pedestrian
31,763.0,404.0,799.0,460.0,375,0,0,1,Pedestrian
31,765.0,404.0,801.0,460.0,376,0,0,1,Pedestrian
31,767.0,404.0,803.0,460.0,377,0,0,1,Pedestrian
31,767.0,404.0,803.0,460.0,378,0,0,1,Pedestrian
31,769.0,404.0,805.0,460.0,379,0,0,1,Pedestrian
31,769.0,404.0,805.0,460.0,380,0,0,1,Pedestrian
31,771.0,404.0,807.0,460.0,381,0,0,1,Pedestrian
31,771.0,400.0,807.0,456.0,382,0,0,1,Pedestrian
31,773.0,400.0,809.0,456.0,383,0,0,1,Pedestrian
31,773.0,400.0,809.0,456.0,384,0,0,1,Pedestrian
31,775.0,400.0,811.0,456.0,385,0,0,1,Pedestrian
31,775.0,400.0,811.0,456.0,386,0,0,1,Pedestrian
31,777.0,400.0,813.0,456.0,387,0,0,1,Pedestrian
31,777.0,396.0,813.0,452.0,388,0,0,1,Pedestrian
31,779.0,396.0,815.0,452.0,389,0,0,1,Pedestrian
31,779.0,396.0,815.0,452.0,390,0,0,1,Pedestrian
31,781.0,396.0,817.0,452.0,391,0,0,1,Pedestrian
31,781.0,396.0,817.0,452.0,392,0,0,1,Pedestrian
31,783.0,396.0,819.0,452.0,393,0,0,1,Pedestrian
31,785.0,396.0,821.0,452.0,394,0,0,0,Pedestrian
31,785.0,392.0,821.0,448.0,395,0,0,1,Pedestrian
31,787.0,392.0,823.0,448.0,396,0,0,1,Pedestrian
31,787.0,392.0,823.0,448.0,397,0,0,1,Pedestrian
31,789.0,392.0,825.0,448.0,398,0,0,1,Pedestrian
31,789.0,392.0,825.0,448.0,399,0,0,1,Pedestrian
31,791.0,392.0,827.0,448.0,400,0,0,1,Pedestrian
31,793.0,392.0,829.0,448.0,401,0,0,1,Pedestrian
31,793.0,392.0,829.0,448.0,402,0,0,1,Pedestrian
31,795.0,392.0,831.0,448.0,403,0,0,1,Pedestrian
31,795.0,392.0,831.0,448.0,404,0,0,1,Pedestrian
31,797.0,392.0,833.0,448.0,405,0,0,1,Pedestrian
31,799.0,392.0,835.0,448.0,406,0,0,1,Pedestrian
31,799.0,388.0,835.0,444.0,407,0,0,1,Pedestrian
31,801.0,388.0,837.0,444.0,408,0,0,1,Pedestrian
31,801.0,388.0,837.0,444.0,409,0,0,1,Pedestrian
31,803.0,388.0,839.0,444.0,410,0,0,1,Pedestrian
31,803.0,388.0,839.0,444.0,411,0,0,1,Pedestrian
31,805.0,388.0,841.0,444.0,412,0,0,1,Pedestrian
31,807.0,388.0,843.0,444.0,413,0,0,1,Pedestrian
31,807.0,388.0,843.0,444.0,414,0,0,1,Pedestrian
31,809.0,388.0,845.0,444.0,415,0,0,1,Pedestrian
31,809.0,388.0,845.0,444.0,416,0,0,1,Pedestrian
31,811.0,388.0,847.0,444.0,417,0,0,1,Pedestrian
31,813.0,388.0,849.0,444.0,418,0,0,1,Pedestrian
31,813.0,383.0,849.0,440.0,419,0,0,1,Pedestrian
31,815.0,383.0,851.0,440.0,420,0,0,1,Pedestrian
31,815.0,383.0,851.0,440.0,421,0,0,1,Pedestrian
31,817.0,383.0,853.0,440.0,422,0,0,1,Pedestrian
31,817.0,383.0,853.0,440.0,423,0,0,1,Pedestrian
31,819.0,383.0,855.0,440.0,424,0,0,1,Pedestrian
31,821.0,383.0,857.0,440.0,425,0,0,1,Pedestrian
31,821.0,383.0,857.0,440.0,426,0,0,1,Pedestrian
31,823.0,383.0,859.0,440.0,427,0,0,1,Pedestrian
31,823.0,383.0,859.0,440.0,428,0,0,1,Pedestrian
31,825.0,383.0,861.0,440.0,429,0,0,1,Pedestrian
31,827.0,383.0,863.0,440.0,430,0,0,1,Pedestrian
31,827.0,379.0,863.0,436.0,431,0,0,1,Pedestrian
31,829.0,379.0,865.0,436.0,432,0,0,1,Pedestrian
31,829.0,379.0,865.0,436.0,433,0,0,1,Pedestrian
31,831.0,379.0,867.0,436.0,434,0,0,1,Pedestrian
31,831.0,379.0,867.0,436.0,435,0,0,1,Pedestrian
31,833.0,379.0,870.0,436.0,436,0,0,1,Pedestrian
31,835.0,379.0,872.0,436.0,437,0,0,1,Pedestrian
31,835.0,379.0,872.0,436.0,438,0,0,1,Pedestrian
31,837.0,379.0,874.0,436.0,439,0,0,1,Pedestrian
31,837.0,379.0,874.0,436.0,440,0,0,1,Pedestrian
31,839.0,379.0,876.0,436.0,441,0,0,1,Pedestrian
31,841.0,379.0,878.0,436.0,442,0,0,1,Pedestrian
31,841.0,375.0,878.0,432.0,443,0,0,1,Pedestrian
31,843.0,375.0,880.0,432.0,444,0,0,1,Pedestrian
31,843.0,375.0,880.0,432.0,445,0,0,1,Pedestrian
31,845.0,375.0,882.0,432.0,446,0,0,1,Pedestrian
31,845.0,375.0,882.0,432.0,447,0,0,1,Pedestrian
31,847.0,375.0,884.0,432.0,448,0,0,1,Pedestrian
31,849.0,375.0,886.0,432.0,449,0,0,1,Pedestrian
31,849.0,375.0,886.0,432.0,450,0,0,1,Pedestrian
31,851.0,375.0,888.0,432.0,451,0,0,1,Pedestrian
31,851.0,375.0,888.0,432.0,452,0,0,1,Pedestrian
31,853.0,375.0,890.0,432.0,453,0,0,1,Pedestrian
31,855.0,375.0,892.0,432.0,454,0,0,0,Pedestrian
31,855.0,375.0,892.0,432.0,455,0,0,1,Pedestrian
31,857.0,375.0,894.0,432.0,456,0,0,1,Pedestrian
31,857.0,375.0,894.0,432.0,457,0,0,1,Pedestrian
31,859.0,375.0,896.0,432.0,458,0,0,1,Pedestrian
31,861.0,375.0,898.0,432.0,459,0,0,1,Pedestrian
31,861.0,375.0,898.0,432.0,460,0,0,1,Pedestrian
31,863.0,375.0,900.0,432.0,461,0,0,1,Pedestrian
31,865.0,375.0,902.0,432.0,462,0,0,1,Pedestrian
31,865.0,375.0,902.0,432.0,463,0,0,1,Pedestrian
31,867.0,375.0,904.0,432.0,464,0,0,1,Pedestrian
31,870.0,375.0,906.0,432.0,465,0,0,1,Pedestrian
31,870.0,375.0,906.0,432.0,466,0,0,1,Pedestrian
31,872.0,375.0,908.0,432.0,467,0,0,1,Pedestrian
31,874.0,375.0,910.0,432.0,468,0,0,1,Pedestrian
31,874.0,375.0,910.0,432.0,469,0,0,1,Pedestrian
31,876.0,375.0,912.0,432.0,470,0,0,1,Pedestrian
31,878.0,375.0,914.0,432.0,471,0,0,1,Pedestrian
31,878.0,375.0,914.0,432.0,472,0,0,1,Pedestrian
31,880.0,375.0,916.0,432.0,473,0,0,1,Pedestrian
31,882.0,375.0,918.0,432.0,474,0,0,1,Pedestrian
31,882.0,375.0,918.0,432.0,475,0,0,1,Pedestrian
31,884.0,375.0,920.0,432.0,476,0,0,1,Pedestrian
31,886.0,375.0,922.0,432.0,477,0,0,1,Pedestrian
31,886.0,375.0,922.0,432.0,478,0,0,1,Pedestrian
31,888.0,375.0,924.0,432.0,479,0,0,1,Pedestrian
31,888.0,375.0,924.0,432.0,480,0,0,1,Pedestrian
31,890.0,375.0,926.0,432.0,481,0,0,1,Pedestrian
31,892.0,375.0,928.0,432.0,482,0,0,1,Pedestrian
31,892.0,375.0,928.0,432.0,483,0,0,1,Pedestrian
31,894.0,375.0,930.0,432.0,484,0,0,1,Pedestrian
31,896.0,375.0,932.0,432.0,485,0,0,1,Pedestrian
31,896.0,375.0,932.0,432.0,486,0,0,1,Pedestrian
31,898.0,375.0,934.0,432.0,487,0,0,1,Pedestrian
31,900.0,375.0,936.0,432.0,488,0,0,1,Pedestrian
31,900.0,375.0,936.0,432.0,489,0,0,1,Pedestrian
31,902.0,375.0,938.0,432.0,490,0,0,1,Pedestrian
31,904.0,375.0,940.0,432.0,491,0,0,1,Pedestrian
31,904.0,375.0,940.0,432.0,492,0,0,1,Pedestrian
31,906.0,375.0,942.0,432.0,493,0,0,1,Pedestrian
31,908.0,375.0,944.0,432.0,494,0,0,1,Pedestrian
31,908.0,375.0,944.0,432.0,495,0,0,1,Pedestrian
31,910.0,375.0,946.0,432.0,496,0,0,1,Pedestrian
31,912.0,375.0,948.0,432.0,497,0,0,1,Pedestrian
31,912.0,375.0,948.0,432.0,498,0,0,1,Pedestrian
31,914.0,375.0,950.0,432.0,499,0,0,1,Pedestrian
31,916.0,375.0,952.0,432.0,500,0,0,0,Pedestrian
31,916.0,375.0,952.0,432.0,501,0,0,1,Pedestrian
31,918.0,375.0,954.0,432.0,502,0,0,1,Pedestrian
31,918.0,375.0,956.0,432.0,503,0,0,1,Pedestrian
31,920.0,375.0,958.0,432.0,504,0,0,1,Pedestrian
31,920.0,375.0,960.0,432.0,505,0,0,1,Pedestrian
31,922.0,375.0,960.0,432.0,506,0,0,1,Pedestrian
31,922.0,375.0,962.0,432.0,507,0,0,1,Pedestrian
31,924.0,375.0,964.0,432.0,508,0,0,1,Pedestrian
31,924.0,375.0,966.0,432.0,509,0,0,1,Pedestrian
31,926.0,375.0,968.0,432.0,510,0,0,1,Pedestrian
31,926.0,375.0,968.0,432.0,511,0,0,1,Pedestrian
31,928.0,375.0,970.0,432.0,512,0,0,1,Pedestrian
31,928.0,375.0,972.0,432.0,513,0,0,1,Pedestrian
31,930.0,375.0,974.0,432.0,514,0,0,1,Pedestrian
31,930.0,375.0,976.0,432.0,515,0,0,1,Pedestrian
31,932.0,375.0,976.0,432.0,516,0,0,1,Pedestrian
31,932.0,375.0,978.0,432.0,517,0,0,1,Pedestrian
31,934.0,375.0,980.0,432.0,518,0,0,1,Pedestrian
31,934.0,375.0,982.0,432.0,519,0,0,1,Pedestrian
31,936.0,375.0,984.0,436.0,520,0,0,0,Pedestrian
31,936.0,375.0,984.0,436.0,521,0,0,1,Pedestrian
31,938.0,375.0,986.0,436.0,522,0,0,1,Pedestrian
31,938.0,375.0,986.0,436.0,523,0,0,1,Pedestrian
31,940.0,375.0,988.0,436.0,524,0,0,1,Pedestrian
31,942.0,375.0,990.0,436.0,525,0,0,1,Pedestrian
31,942.0,375.0,990.0,436.0,526,0,0,1,Pedestrian
31,944.0,375.0,992.0,436.0,527,0,0,1,Pedestrian
31,944.0,375.0,992.0,436.0,528,0,0,1,Pedestrian
31,946.0,375.0,994.0,436.0,529,0,0,1,Pedestrian
31,948.0,375.0,996.0,436.0,530,0,0,1,Pedestrian
31,948.0,375.0,996.0,436.0,531,0,0,1,Pedestrian
31,950.0,375.0,998.0,436.0,532,0,0,1,Pedestrian
31,950.0,375.0,998.0,436.0,533,0,0,1,Pedestrian
31,952.0,375.0,1000.0,436.0,534,0,0,1,Pedestrian
31,954.0,375.0,1002.0,436.0,535,0,0,1,Pedestrian
31,954.0,375.0,1002.0,436.0,536,0,0,1,Pedestrian
31,956.0,375.0,1004.0,436.0,537,0,0,1,Pedestrian
31,956.0,375.0,1004.0,436.0,538,0,0,1,Pedestrian
31,958.0,375.0,1006.0,436.0,539,0,0,1,Pedestrian
31,960.0,375.0,1008.0,436.0,540,0,0,1,Pedestrian
31,960.0,375.0,1008.0,436.0,541,0,0,1,Pedestrian
31,962.0,375.0,1010.0,436.0,542,0,0,1,Pedestrian
31,962.0,375.0,1010.0,436.0,543,0,0,1,Pedestrian
31,964.0,375.0,1012.0,436.0,544,0,0,1,Pedestrian
31,966.0,375.0,1015.0,436.0,545,0,0,1,Pedestrian
31,966.0,375.0,1015.0,436.0,546,0,0,1,Pedestrian
31,968.0,375.0,1017.0,436.0,547,0,0,1,Pedestrian
31,968.0,375.0,1017.0,436.0,548,0,0,1,Pedestrian
31,970.0,375.0,1019.0,436.0,549,0,0,1,Pedestrian
31,972.0,375.0,1021.0,436.0,550,0,0,1,Pedestrian
31,972.0,375.0,1021.0,436.0,551,0,0,1,Pedestrian
31,974.0,375.0,1023.0,436.0,552,0,0,1,Pedestrian
31,974.0,375.0,1023.0,436.0,553,0,0,1,Pedestrian
31,976.0,375.0,1025.0,436.0,554,0,0,1,Pedestrian
31,978.0,375.0,1027.0,436.0,555,0,0,1,Pedestrian
31,978.0,375.0,1027.0,436.0,556,0,0,1,Pedestrian
31,980.0,375.0,1029.0,436.0,557,0,0,1,Pedestrian
31,980.0,375.0,1029.0,436.0,558,0,0,1,Pedestrian
31,982.0,375.0,1031.0,436.0,559,0,0,1,Pedestrian
31,984.0,379.0,1033.0,440.0,560,0,0,0,Pedestrian
31,984.0,379.0,1033.0,440.0,561,0,0,1,Pedestrian
31,984.0,379.0,1033.0,440.0,562,0,0,1,Pedestrian
31,984.0,379.0,1033.0,440.0,563,0,0,1,Pedestrian
31,984.0,379.0,1033.0,440.0,564,0,0,1,Pedestrian
31,984.0,379.0,1033.0,440.0,565,0,0,1,Pedestrian
31,984.0,379.0,1033.0,440.0,566,0,0,1,Pedestrian
31,986.0,379.0,1035.0,440.0,567,0,0,1,Pedestrian
31,986.0,379.0,1035.0,440.0,568,0,0,1,Pedestrian
31,986.0,379.0,1035.0,440.0,569,0,0,1,Pedestrian
31,986.0,379.0,1035.0,440.0,570,0,0,1,Pedestrian
31,986.0,379.0,1035.0,440.0,571,0,0,1,Pedestrian
31,986.0,379.0,1035.0,440.0,572,0,0,1,Pedestrian
31,988.0,379.0,1037.0,440.0,573,0,0,0,Pedestrian
32,712.0,873.0,743.0,929.0,0,0,0,0,Pedestrian
32,710.0,868.0,741.0,925.0,1,0,0,1,Pedestrian
32,710.0,868.0,741.0,925.0,2,0,0,1,Pedestrian
32,710.0,868.0,741.0,925.0,3,0,0,1,Pedestrian
32,710.0,864.0,741.0,921.0,4,0,0,1,Pedestrian
32,710.0,864.0,741.0,921.0,5,0,0,1,Pedestrian
32,710.0,864.0,741.0,921.0,6,0,0,1,Pedestrian
32,710.0,860.0,741.0,917.0,7,0,0,1,Pedestrian
32,710.0,860.0,741.0,917.0,8,0,0,1,Pedestrian
32,710.0,860.0,741.0,917.0,9,0,0,1,Pedestrian
32,710.0,856.0,741.0,913.0,10,0,0,1,Pedestrian
32,710.0,856.0,741.0,913.0,11,0,0,1,Pedestrian
32,710.0,856.0,741.0,913.0,12,0,0,1,Pedestrian
32,708.0,852.0,739.0,909.0,13,0,0,1,Pedestrian
32,708.0,852.0,739.0,909.0,14,0,0,1,Pedestrian
32,708.0,852.0,739.0,909.0,15,0,0,1,Pedestrian
32,708.0,848.0,739.0,905.0,16,0,0,1,Pedestrian
32,708.0,848.0,739.0,905.0,17,0,0,1,Pedestrian
32,708.0,848.0,739.0,905.0,18,0,0,1,Pedestrian
32,708.0,844.0,739.0,901.0,19,0,0,1,Pedestrian
32,708.0,844.0,739.0,901.0,20,0,0,1,Pedestrian
32,708.0,844.0,739.0,901.0,21,0,0,1,Pedestrian
32,708.0,840.0,739.0,897.0,22,0,0,1,Pedestrian
32,708.0,840.0,739.0,897.0,23,0,0,1,Pedestrian
32,708.0,840.0,739.0,897.0,24,0,0,1,Pedestrian
32,706.0,836.0,737.0,893.0,25,0,0,1,Pedestrian
32,706.0,836.0,737.0,893.0,26,0,0,1,Pedestrian
32,706.0,836.0,737.0,893.0,27,0,0,1,Pedestrian
32,706.0,832.0,737.0,889.0,28,0,0,1,Pedestrian
32,706.0,832.0,737.0,889.0,29,0,0,1,Pedestrian
32,706.0,832.0,737.0,889.0,30,0,0,1,Pedestrian
32,706.0,828.0,737.0,885.0,31,0,0,1,Pedestrian
32,706.0,828.0,737.0,885.0,32,0,0,1,Pedestrian
32,706.0,828.0,737.0,885.0,33,0,0,1,Pedestrian
32,706.0,824.0,737.0,881.0,34,0,0,1,Pedestrian
32,706.0,824.0,737.0,881.0,35,0,0,1,Pedestrian
32,706.0,824.0,737.0,881.0,36,0,0,1,Pedestrian
32,706.0,820.0,737.0,877.0,37,0,0,1,Pedestrian
32,704.0,820.0,735.0,877.0,38,0,0,1,Pedestrian
32,704.0,820.0,735.0,877.0,39,0,0,1,Pedestrian
32,704.0,816.0,735.0,873.0,40,0,0,1,Pedestrian
32,704.0,816.0,735.0,873.0,41,0,0,1,Pedestrian
32,704.0,816.0,735.0,873.0,42,0,0,1,Pedestrian
32,704.0,812.0,735.0,868.0,43,0,0,1,Pedestrian
32,704.0,812.0,735.0,868.0,44,0,0,1,Pedestrian
32,704.0,812.0,735.0,868.0,45,0,0,1,Pedestrian
32,704.0,808.0,735.0,864.0,46,0,0,1,Pedestrian
32,704.0,808.0,735.0,864.0,47,0,0,1,Pedestrian
32,704.0,808.0,735.0,864.0,48,0,0,1,Pedestrian
32,704.0,804.0,735.0,860.0,49,0,0,1,Pedestrian
32,702.0,804.0,733.0,860.0,50,0,0,1,Pedestrian
32,702.0,804.0,733.0,860.0,51,0,0,1,Pedestrian
32,702.0,800.0,733.0,856.0,52,0,0,1,Pedestrian
32,702.0,800.0,733.0,856.0,53,0,0,1,Pedestrian
32,702.0,800.0,733.0,856.0,54,0,0,1,Pedestrian
32,702.0,796.0,733.0,852.0,55,0,0,1,Pedestrian
32,702.0,796.0,733.0,852.0,56,0,0,1,Pedestrian
32,702.0,796.0,733.0,852.0,57,0,0,1,Pedestrian
32,702.0,792.0,733.0,848.0,58,0,0,1,Pedestrian
32,702.0,792.0,733.0,848.0,59,0,0,1,Pedestrian
32,702.0,792.0,733.0,848.0,60,0,0,1,Pedestrian
32,702.0,788.0,733.0,844.0,61,0,0,1,Pedestrian
32,700.0,788.0,731.0,844.0,62,0,0,1,Pedestrian
32,700.0,788.0,731.0,844.0,63,0,0,1,Pedestrian
32,700.0,784.0,731.0,840.0,64,0,0,1,Pedestrian
32,700.0,784.0,731.0,840.0,65,0,0,1,Pedestrian
32,700.0,784.0,731.0,840.0,66,0,0,1,Pedestrian
32,700.0,780.0,731.0,836.0,67,0,0,1,Pedestrian
32,700.0,780.0,731.0,836.0,68,0,0,1,Pedestrian
32,700.0,780.0,731.0,836.0,69,0,0,1,Pedestrian
32,700.0,776.0,731.0,832.0,70,0,0,1,Pedestrian
32,700.0,776.0,731.0,832.0,71,0,0,1,Pedestrian
32,700.0,776.0,731.0,832.0,72,0,0,1,Pedestrian
32,700.0,771.0,731.0,828.0,73,0,0,1,Pedestrian
32,700.0,771.0,731.0,828.0,74,0,0,1,Pedestrian
32,698.0,771.0,729.0,828.0,75,0,0,1,Pedestrian
32,698.0,767.0,729.0,824.0,76,0,0,1,Pedestrian
32,698.0,767.0,729.0,824.0,77,0,0,1,Pedestrian
32,698.0,767.0,729.0,824.0,78,0,0,1,Pedestrian
32,698.0,763.0,729.0,820.0,79,0,0,1,Pedestrian
32,698.0,763.0,729.0,820.0,80,0,0,1,Pedestrian
32,698.0,763.0,729.0,820.0,81,0,0,1,Pedestrian
32,698.0,759.0,729.0,816.0,82,0,0,1,Pedestrian
32,698.0,759.0,729.0,816.0,83,0,0,1,Pedestrian
32,698.0,759.0,729.0,816.0,84,0,0,1,Pedestrian
32,698.0,755.0,729.0,812.0,85,0,0,1,Pedestrian
32,698.0,755.0,729.0,812.0,86,0,0,1,Pedestrian
32,696.0,755.0,727.0,812.0,87,0,0,1,Pedestrian
32,696.0,751.0,727.0,808.0,88,0,0,1,Pedestrian
32,696.0,751.0,727.0,808.0,89,0,0,1,Pedestrian
32,696.0,751.0,727.0,808.0,90,0,0,1,Pedestrian
32,696.0,747.0,727.0,804.0,91,0,0,1,Pedestrian
32,696.0,747.0,727.0,804.0,92,0,0,1,Pedestrian
32,696.0,747.0,727.0,804.0,93,0,0,1,Pedestrian
32,696.0,743.0,727.0,800.0,94,0,0,1,Pedestrian
32,696.0,743.0,727.0,800.0,95,0,0,1,Pedestrian
32,696.0,743.0,727.0,800.0,96,0,0,1,Pedestrian
32,696.0,739.0,727.0,796.0,97,0,0,1,Pedestrian
32,696.0,739.0,727.0,796.0,98,0,0,1,Pedestrian
32,694.0,739.0,725.0,796.0,99,0,0,1,Pedestrian
32,694.0,735.0,725.0,792.0,100,0,0,1,Pedestrian
32,694.0,735.0,725.0,792.0,101,0,0,1,Pedestrian
32,694.0,735.0,725.0,792.0,102,0,0,1,Pedestrian
32,694.0,731.0,725.0,788.0,103,0,0,1,Pedestrian
32,694.0,731.0,725.0,788.0,104,0,0,1,Pedestrian
32,694.0,731.0,725.0,788.0,105,0,0,1,Pedestrian
32,694.0,727.0,725.0,784.0,106,0,0,1,Pedestrian
32,694.0,727.0,725.0,784.0,107,0,0,1,Pedestrian
32,694.0,727.0,725.0,784.0,108,0,0,1,Pedestrian
32,694.0,723.0,725.0,780.0,109,0,0,1,Pedestrian
32,694.0,723.0,725.0,780.0,110,0,0,1,Pedestrian
32,694.0,723.0,725.0,780.0,111,0,0,0,Pedestrian
32,692.0,719.0,722.0,776.0,112,0,0,1,Pedestrian
32,692.0,719.0,722.0,776.0,113,0,0,1,Pedestrian
32,692.0,719.0,722.0,776.0,114,0,0,1,Pedestrian
32,692.0,715.0,722.0,771.0,115,0,0,1,Pedestrian
32,692.0,715.0,722.0,771.0,116,0,0,1,Pedestrian
32,692.0,715.0,722.0,771.0,117,0,0,1,Pedestrian
32,692.0,711.0,722.0,767.0,118,0,0,1,Pedestrian
32,692.0,711.0,722.0,767.0,119,0,0,1,Pedestrian
32,692.0,711.0,722.0,767.0,120,0,0,1,Pedestrian
32,690.0,707.0,720.0,763.0,121,0,0,1,Pedestrian
32,690.0,707.0,720.0,763.0,122,0,0,1,Pedestrian
32,690.0,707.0,720.0,763.0,123,0,0,1,Pedestrian
32,690.0,703.0,720.0,759.0,124,0,0,1,Pedestrian
32,690.0,703.0,720.0,759.0,125,0,0,1,Pedestrian
32,690.0,703.0,720.0,759.0,126,0,0,1,Pedestrian
32,690.0,699.0,720.0,755.0,127,0,0,1,Pedestrian
32,690.0,699.0,720.0,755.0,128,0,0,1,Pedestrian
32,690.0,699.0,720.0,755.0,129,0,0,1,Pedestrian
32,688.0,695.0,718.0,751.0,130,0,0,1,Pedestrian
32,688.0,695.0,718.0,751.0,131,0,0,1,Pedestrian
32,688.0,695.0,718.0,751.0,132,0,0,1,Pedestrian
32,688.0,691.0,718.0,747.0,133,0,0,1,Pedestrian
32,688.0,691.0,718.0,747.0,134,0,0,1,Pedestrian
32,688.0,691.0,718.0,747.0,135,0,0,1,Pedestrian
32,688.0,687.0,718.0,743.0,136,0,0,1,Pedestrian
32,688.0,687.0,718.0,743.0,137,0,0,1,Pedestrian
32,688.0,687.0,718.0,743.0,138,0,0,1,Pedestrian
32,686.0,683.0,716.0,739.0,139,0,0,1,Pedestrian
32,686.0,683.0,716.0,739.0,140,0,0,1,Pedestrian
32,686.0,683.0,716.0,739.0,141,0,0,1,Pedestrian
32,686.0,679.0,716.0,735.0,142,0,0,1,Pedestrian
32,686.0,679.0,716.0,735.0,143,0,0,1,Pedestrian
32,686.0,679.0,716.0,735.0,144,0,0,1,Pedestrian
32,686.0,674.0,716.0,731.0,145,0,0,1,Pedestrian
32,686.0,674.0,716.0,731.0,146,0,0,1,Pedestrian
32,686.0,674.0,716.0,731.0,147,0,0,1,Pedestrian
32,684.0,670.0,714.0,727.0,148,0,0,1,Pedestrian
32,684.0,670.0,714.0,727.0,149,0,0,1,Pedestrian
32,684.0,670.0,714.0,727.0,150,0,0,1,Pedestrian
32,684.0,666.0,714.0,723.0,151,0,0,1,Pedestrian
32,684.0,666.0,714.0,723.0,152,0,0,1,Pedestrian
32,684.0,666.0,714.0,723.0,153,0,0,1,Pedestrian
32,684.0,662.0,714.0,719.0,154,0,0,1,Pedestrian
32,684.0,662.0,714.0,719.0,155,0,0,1,Pedestrian
32,684.0,662.0,714.0,719.0,156,0,0,1,Pedestrian
32,682.0,658.0,712.0,715.0,157,0,0,1,Pedestrian
32,682.0,658.0,712.0,715.0,158,0,0,1,Pedestrian
32,682.0,658.0,712.0,715.0,159,0,0,1,Pedestrian
32,682.0,654.0,712.0,711.0,160,0,0,1,Pedestrian
32,682.0,654.0,712.0,711.0,161,0,0,1,Pedestrian
32,682.0,654.0,712.0,711.0,162,0,0,1,Pedestrian
32,682.0,650.0,712.0,707.0,163,0,0,1,Pedestrian
32,682.0,650.0,712.0,707.0,164,0,0,1,Pedestrian
32,682.0,650.0,712.0,707.0,165,0,0,1,Pedestrian
32,680.0,646.0,710.0,703.0,166,0,0,1,Pedestrian
32,680.0,646.0,710.0,703.0,167,0,0,1,Pedestrian
32,680.0,646.0,710.0,703.0,168,0,0,1,Pedestrian
32,680.0,642.0,710.0,699.0,169,0,0,1,Pedestrian
32,680.0,642.0,710.0,699.0,170,0,0,1,Pedestrian
32,680.0,642.0,710.0,699.0,171,0,0,1,Pedestrian
32,680.0,638.0,710.0,695.0,172,0,0,1,Pedestrian
32,680.0,638.0,710.0,695.0,173,0,0,1,Pedestrian
32,680.0,638.0,710.0,695.0,174,0,0,1,Pedestrian
32,678.0,634.0,708.0,691.0,175,0,0,1,Pedestrian
32,678.0,634.0,708.0,691.0,176,0,0,1,Pedestrian
32,678.0,634.0,708.0,691.0,177,0,0,1,Pedestrian
32,678.0,630.0,708.0,687.0,178,0,0,1,Pedestrian
32,678.0,630.0,708.0,687.0,179,0,0,1,Pedestrian
32,678.0,630.0,708.0,687.0,180,0,0,1,Pedestrian
32,678.0,626.0,708.0,683.0,181,0,0,1,Pedestrian
32,678.0,626.0,708.0,683.0,182,0,0,1,Pedestrian
32,678.0,626.0,708.0,683.0,183,0,0,1,Pedestrian
32,676.0,622.0,706.0,679.0,184,0,0,1,Pedestrian
32,676.0,622.0,706.0,679.0,185,0,0,1,Pedestrian
32,676.0,622.0,706.0,679.0,186,0,0,1,Pedestrian
32,676.0,618.0,706.0,674.0,187,0,0,1,Pedestrian
32,676.0,618.0,706.0,674.0,188,0,0,1,Pedestrian
32,676.0,618.0,706.0,674.0,189,0,0,1,Pedestrian
32,676.0,614.0,706.0,670.0,190,0,0,1,Pedestrian
32,676.0,614.0,706.0,670.0,191,0,0,1,Pedestrian
32,676.0,614.0,706.0,670.0,192,0,0,1,Pedestrian
32,674.0,610.0,704.0,666.0,193,0,0,1,Pedestrian
32,674.0,610.0,704.0,666.0,194,0,0,1,Pedestrian
32,674.0,610.0,704.0,666.0,195,0,0,1,Pedestrian
32,674.0,606.0,704.0,662.0,196,0,0,1,Pedestrian
32,674.0,606.0,704.0,662.0,197,0,0,1,Pedestrian
32,674.0,606.0,704.0,662.0,198,0,0,1,Pedestrian
32,674.0,602.0,704.0,658.0,199,0,0,1,Pedestrian
32,674.0,602.0,704.0,658.0,200,0,0,1,Pedestrian
32,674.0,602.0,704.0,658.0,201,0,0,1,Pedestrian
32,672.0,598.0,702.0,654.0,202,0,0,1,Pedestrian
32,672.0,598.0,702.0,654.0,203,0,0,1,Pedestrian
32,672.0,598.0,702.0,654.0,204,0,0,1,Pedestrian
32,672.0,594.0,702.0,650.0,205,0,0,1,Pedestrian
32,672.0,594.0,702.0,650.0,206,0,0,1,Pedestrian
32,672.0,594.0,702.0,650.0,207,0,0,1,Pedestrian
32,672.0,590.0,702.0,646.0,208,0,0,1,Pedestrian
32,672.0,590.0,702.0,646.0,209,0,0,1,Pedestrian
32,672.0,590.0,702.0,646.0,210,0,0,1,Pedestrian
32,670.0,586.0,700.0,642.0,211,0,0,1,Pedestrian
32,670.0,586.0,700.0,642.0,212,0,0,1,Pedestrian
32,670.0,586.0,700.0,642.0,213,0,0,1,Pedestrian
32,670.0,582.0,700.0,638.0,214,0,0,1,Pedestrian
32,670.0,582.0,700.0,638.0,215,0,0,1,Pedestrian
32,670.0,582.0,700.0,638.0,216,0,0,1,Pedestrian
32,670.0,577.0,700.0,634.0,217,0,0,1,Pedestrian
32,670.0,577.0,700.0,634.0,218,0,0,1,Pedestrian
32,670.0,577.0,700.0,634.0,219,0,0,1,Pedestrian
32,668.0,573.0,698.0,630.0,220,0,0,1,Pedestrian
32,668.0,573.0,698.0,630.0,221,0,0,1,Pedestrian
32,668.0,573.0,698.0,630.0,222,0,0,1,Pedestrian
32,668.0,569.0,698.0,626.0,223,0,0,1,Pedestrian
32,668.0,569.0,698.0,626.0,224,0,0,1,Pedestrian
32,668.0,569.0,698.0,626.0,225,0,0,1,Pedestrian
32,668.0,565.0,698.0,622.0,226,0,0,1,Pedestrian
32,668.0,565.0,698.0,622.0,227,0,0,1,Pedestrian
32,668.0,565.0,698.0,622.0,228,0,0,0,Pedestrian
32,668.0,561.0,698.0,618.0,229,0,0,1,Pedestrian
32,668.0,561.0,698.0,618.0,230,0,0,1,Pedestrian
32,668.0,561.0,698.0,618.0,231,0,0,1,Pedestrian
32,668.0,557.0,698.0,614.0,232,0,0,1,Pedestrian
32,668.0,557.0,698.0,614.0,233,0,0,1,Pedestrian
32,668.0,557.0,698.0,614.0,234,0,0,1,Pedestrian
32,668.0,553.0,698.0,610.0,235,0,0,1,Pedestrian
32,668.0,553.0,698.0,610.0,236,0,0,1,Pedestrian
32,668.0,553.0,698.0,610.0,237,0,0,1,Pedestrian
32,668.0,549.0,698.0,606.0,238,0,0,1,Pedestrian
32,668.0,549.0,698.0,606.0,239,0,0,1,Pedestrian
32,668.0,549.0,698.0,606.0,240,0,0,1,Pedestrian
32,668.0,545.0,698.0,602.0,241,0,0,1,Pedestrian
32,668.0,545.0,698.0,602.0,242,0,0,1,Pedestrian
32,668.0,545.0,698.0,602.0,243,0,0,1,Pedestrian
32,668.0,541.0,698.0,598.0,244,0,0,1,Pedestrian
32,668.0,541.0,698.0,598.0,245,0,0,1,Pedestrian
32,668.0,541.0,698.0,598.0,246,0,0,1,Pedestrian
32,668.0,537.0,698.0,594.0,247,0,0,1,Pedestrian
32,668.0,537.0,698.0,594.0,248,0,0,1,Pedestrian
32,668.0,537.0,698.0,594.0,249,0,0,1,Pedestrian
32,668.0,537.0,698.0,594.0,250,0,0,1,Pedestrian
32,668.0,533.0,698.0,590.0,251,0,0,1,Pedestrian
32,668.0,533.0,698.0,590.0,252,0,0,1,Pedestrian
32,668.0,533.0,698.0,590.0,253,0,0,1,Pedestrian
32,668.0,529.0,698.0,586.0,254,0,0,1,Pedestrian
32,668.0,529.0,698.0,586.0,255,0,0,1,Pedestrian
32,668.0,529.0,698.0,586.0,256,0,0,1,Pedestrian
32,668.0,525.0,698.0,582.0,257,0,0,1,Pedestrian
32,668.0,525.0,698.0,582.0,258,0,0,1,Pedestrian
32,668.0,525.0,698.0,582.0,259,0,0,1,Pedestrian
32,668.0,521.0,698.0,577.0,260,0,0,1,Pedestrian
32,668.0,521.0,698.0,577.0,261,0,0,1,Pedestrian
32,668.0,521.0,698.0,577.0,262,0,0,1,Pedestrian
32,668.0,517.0,698.0,573.0,263,0,0,1,Pedestrian
32,668.0,517.0,698.0,573.0,264,0,0,1,Pedestrian
32,668.0,517.0,698.0,573.0,265,0,0,1,Pedestrian
32,668.0,513.0,698.0,569.0,266,0,0,1,Pedestrian
32,668.0,513.0,698.0,569.0,267,0,0,1,Pedestrian
32,668.0,513.0,698.0,569.0,268,0,0,1,Pedestrian
32,668.0,513.0,698.0,569.0,269,0,0,1,Pedestrian
32,668.0,509.0,698.0,565.0,270,0,0,1,Pedestrian
32,668.0,509.0,698.0,565.0,271,0,0,1,Pedestrian
32,668.0,509.0,698.0,565.0,272,0,0,1,Pedestrian
32,668.0,505.0,698.0,561.0,273,0,0,1,Pedestrian
32,668.0,505.0,698.0,561.0,274,0,0,1,Pedestrian
32,668.0,505.0,698.0,561.0,275,0,0,1,Pedestrian
32,668.0,501.0,698.0,557.0,276,0,0,1,Pedestrian
32,668.0,501.0,698.0,557.0,277,0,0,1,Pedestrian
32,668.0,501.0,698.0,557.0,278,0,0,1,Pedestrian
32,668.0,497.0,698.0,553.0,279,0,0,1,Pedestrian
32,668.0,497.0,698.0,553.0,280,0,0,1,Pedestrian
32,668.0,497.0,698.0,553.0,281,0,0,1,Pedestrian
32,668.0,493.0,698.0,549.0,282,0,0,1,Pedestrian
32,668.0,493.0,698.0,549.0,283,0,0,1,Pedestrian
32,668.0,493.0,698.0,549.0,284,0,0,1,Pedestrian
32,668.0,489.0,698.0,545.0,285,0,0,1,Pedestrian
32,668.0,489.0,698.0,545.0,286,0,0,1,Pedestrian
32,668.0,489.0,698.0,545.0,287,0,0,1,Pedestrian
32,670.0,489.0,698.0,545.0,288,0,0,0,Pedestrian
32,670.0,485.0,698.0,541.0,289,0,0,1,Pedestrian
32,670.0,485.0,698.0,541.0,290,0,0,1,Pedestrian
32,670.0,480.0,698.0,537.0,291,0,0,1,Pedestrian
32,672.0,480.0,700.0,537.0,292,0,0,1,Pedestrian
32,672.0,480.0,700.0,537.0,293,0,0,1,Pedestrian
32,672.0,476.0,700.0,533.0,294,0,0,1,Pedestrian
32,672.0,476.0,700.0,533.0,295,0,0,1,Pedestrian
32,674.0,472.0,702.0,529.0,296,0,0,1,Pedestrian
32,674.0,472.0,702.0,529.0,297,0,0,1,Pedestrian
32,674.0,472.0,702.0,529.0,298,0,0,1,Pedestrian
32,674.0,468.0,702.0,525.0,299,0,0,1,Pedestrian
32,676.0,468.0,704.0,525.0,300,0,0,1,Pedestrian
32,676.0,464.0,704.0,521.0,301,0,0,1,Pedestrian
32,676.0,464.0,704.0,521.0,302,0,0,1,Pedestrian
32,678.0,464.0,706.0,521.0,303,0,0,1,Pedestrian
32,678.0,460.0,706.0,517.0,304,0,0,1,Pedestrian
32,678.0,460.0,706.0,517.0,305,0,0,1,Pedestrian
32,678.0,456.0,706.0,513.0,306,0,0,1,Pedestrian
32,680.0,456.0,708.0,513.0,307,0,0,1,Pedestrian
32,680.0,456.0,708.0,513.0,308,0,0,1,Pedestrian
32,680.0,452.0,708.0,509.0,309,0,0,1,Pedestrian
32,680.0,452.0,708.0,509.0,310,0,0,1,Pedestrian
32,682.0,448.0,710.0,505.0,311,0,0,1,Pedestrian
32,682.0,448.0,710.0,505.0,312,0,0,1,Pedestrian
32,682.0,448.0,710.0,505.0,313,0,0,1,Pedestrian
32,682.0,444.0,710.0,501.0,314,0,0,1,Pedestrian
32,684.0,444.0,712.0,501.0,315,0,0,1,Pedestrian
32,684.0,440.0,712.0,497.0,316,0,0,1,Pedestrian
32,684.0,440.0,712.0,497.0,317,0,0,1,Pedestrian
32,686.0,440.0,714.0,497.0,318,0,0,0,Pedestrian
32,686.0,436.0,714.0,493.0,319,0,0,1,Pedestrian
32,686.0,436.0,714.0,493.0,320,0,0,1,Pedestrian
32,688.0,436.0,716.0,493.0,321,0,0,1,Pedestrian
32,688.0,436.0,716.0,493.0,322,0,0,1,Pedestrian
32,690.0,436.0,718.0,493.0,323,0,0,1,Pedestrian
32,690.0,432.0,718.0,489.0,324,0,0,1,Pedestrian
32,692.0,432.0,720.0,489.0,325,0,0,1,Pedestrian
32,692.0,432.0,720.0,489.0,326,0,0,1,Pedestrian
32,692.0,432.0,722.0,489.0,327,0,0,1,Pedestrian
32,694.0,432.0,722.0,489.0,328,0,0,1,Pedestrian
32,694.0,428.0,725.0,485.0,329,0,0,1,Pedestrian
32,696.0,428.0,725.0,485.0,330,0,0,1,Pedestrian
32,696.0,428.0,727.0,485.0,331,0,0,1,Pedestrian
32,698.0,428.0,727.0,485.0,332,0,0,1,Pedestrian
32,698.0,428.0,729.0,485.0,333,0,0,1,Pedestrian
32,698.0,424.0,729.0,480.0,334,0,0,1,Pedestrian
32,700.0,424.0,731.0,480.0,335,0,0,1,Pedestrian
32,700.0,424.0,731.0,480.0,336,0,0,1,Pedestrian
32,702.0,424.0,733.0,480.0,337,0,0,1,Pedestrian
32,702.0,424.0,733.0,480.0,338,0,0,1,Pedestrian
32,704.0,424.0,735.0,480.0,339,0,0,0,Pedestrian
32,704.0,420.0,735.0,476.0,340,0,0,1,Pedestrian
32,706.0,420.0,737.0,476.0,341,0,0,1,Pedestrian
32,706.0,420.0,737.0,476.0,342,0,0,1,Pedestrian
32,708.0,420.0,739.0,476.0,343,0,0,1,Pedestrian
32,710.0,416.0,739.0,472.0,344,0,0,1,Pedestrian
32,710.0,416.0,741.0,472.0,345,0,0,1,Pedestrian
32,712.0,416.0,743.0,472.0,346,0,0,1,Pedestrian
32,712.0,416.0,743.0,472.0,347,0,0,1,Pedestrian
32,714.0,416.0,745.0,472.0,348,0,0,1,Pedestrian
32,716.0,412.0,745.0,468.0,349,0,0,1,Pedestrian
32,716.0,412.0,747.0,468.0,350,0,0,1,Pedestrian
32,718.0,412.0,749.0,468.0,351,0,0,1,Pedestrian
32,718.0,412.0,749.0,468.0,352,0,0,1,Pedestrian
32,720.0,412.0,751.0,464.0,353,0,0,1,Pedestrian
32,722.0,408.0,751.0,464.0,354,0,0,1,Pedestrian
32,722.0,408.0,753.0,464.0,355,0,0,1,Pedestrian
32,725.0,408.0,755.0,464.0,356,0,0,1,Pedestrian
32,725.0,408.0,755.0,464.0,357,0,0,1,Pedestrian
32,727.0,408.0,757.0,460.0,358,0,0,1,Pedestrian
32,729.0,404.0,757.0,460.0,359,0,0,1,Pedestrian
32,729.0,404.0,759.0,460.0,360,0,0,1,Pedestrian
32,731.0,404.0,761.0,460.0,361,0,0,1,Pedestrian
32,731.0,404.0,761.0,460.0,362,0,0,1,Pedestrian
32,733.0,404.0,763.0,456.0,363,0,0,1,Pedestrian
32,735.0,400.0,763.0,456.0,364,0,0,1,Pedestrian
32,735.0,400.0,765.0,456.0,365,0,0,1,Pedestrian
32,737.0,400.0,767.0,456.0,366,0,0,1,Pedestrian
32,739.0,400.0,767.0,452.0,367,0,0,1,Pedestrian
32,739.0,400.0,769.0,452.0,368,0,0,1,Pedestrian
32,741.0,396.0,769.0,452.0,369,0,0,1,Pedestrian
32,741.0,396.0,771.0,452.0,370,0,0,1,Pedestrian
32,743.0,396.0,773.0,452.0,371,0,0,1,Pedestrian
32,745.0,396.0,773.0,448.0,372,0,0,1,Pedestrian
32,745.0,396.0,775.0,448.0,373,0,0,1,Pedestrian
32,747.0,392.0,775.0,448.0,374,0,0,1,Pedestrian
32,747.0,392.0,777.0,448.0,375,0,0,1,Pedestrian
32,749.0,392.0,779.0,448.0,376,0,0,1,Pedestrian
32,751.0,392.0,779.0,444.0,377,0,0,1,Pedestrian
32,751.0,392.0,781.0,444.0,378,0,0,1,Pedestrian
32,753.0,388.0,781.0,444.0,379,0,0,1,Pedestrian
32,753.0,388.0,783.0,444.0,380,0,0,1,Pedestrian
32,755.0,388.0,783.0,440.0,381,0,0,1,Pedestrian
32,757.0,388.0,785.0,440.0,382,0,0,1,Pedestrian
32,757.0,388.0,787.0,440.0,383,0,0,1,Pedestrian
32,759.0,383.0,787.0,440.0,384,0,0,1,Pedestrian
32,759.0,383.0,789.0,440.0,385,0,0,1,Pedestrian
32,761.0,383.0,789.0,436.0,386,0,0,1,Pedestrian
32,763.0,383.0,791.0,436.0,387,0,0,1,Pedestrian
32,763.0,383.0,793.0,436.0,388,0,0,1,Pedestrian
32,765.0,379.0,793.0,436.0,389,0,0,1,Pedestrian
32,767.0,379.0,795.0,432.0,390,0,0,1,Pedestrian
32,767.0,379.0,795.0,432.0,391,0,0,1,Pedestrian
32,769.0,379.0,797.0,432.0,392,0,0,1,Pedestrian
32,769.0,379.0,799.0,432.0,393,0,0,1,Pedestrian
32,771.0,375.0,799.0,432.0,394,0,0,1,Pedestrian
32,773.0,375.0,801.0,428.0,395,0,0,1,Pedestrian
32,773.0,375.0,801.0,428.0,396,0,0,1,Pedestrian
32,775.0,375.0,803.0,428.0,397,0,0,1,Pedestrian
32,775.0,375.0,805.0,428.0,398,0,0,1,Pedestrian
32,777.0,371.0,805.0,428.0,399,0,0,1,Pedestrian
32,779.0,371.0,807.0,424.0,400,0,0,1,Pedestrian
32,779.0,371.0,807.0,424.0,401,0,0,1,Pedestrian
32,781.0,371.0,809.0,424.0,402,0,0,1,Pedestrian
32,781.0,371.0,811.0,424.0,403,0,0,1,Pedestrian
32,783.0,367.0,811.0,420.0,404,0,0,1,Pedestrian
32,785.0,367.0,813.0,420.0,405,0,0,1,Pedestrian
32,785.0,367.0,813.0,420.0,406,0,0,1,Pedestrian
32,787.0,367.0,815.0,420.0,407,0,0,1,Pedestrian
32,787.0,367.0,817.0,420.0,408,0,0,1,Pedestrian
32,789.0,363.0,817.0,416.0,409,0,0,1,Pedestrian
32,791.0,363.0,819.0,416.0,410,0,0,1,Pedestrian
32,791.0,363.0,819.0,416.0,411,0,0,1,Pedestrian
32,793.0,363.0,821.0,416.0,412,0,0,1,Pedestrian
32,795.0,363.0,823.0,416.0,413,0,0,0,Pedestrian
32,795.0,359.0,823.0,416.0,414,0,0,1,Pedestrian
32,797.0,359.0,825.0,416.0,415,0,0,1,Pedestrian
32,797.0,359.0,825.0,416.0,416,0,0,1,Pedestrian
32,799.0,359.0,827.0,416.0,417,0,0,1,Pedestrian
32,801.0,359.0,829.0,416.0,418,0,0,1,Pedestrian
32,801.0,359.0,829.0,416.0,419,0,0,1,Pedestrian
32,803.0,359.0,831.0,416.0,420,0,0,1,Pedestrian
32,803.0,359.0,831.0,416.0,421,0,0,1,Pedestrian
32,805.0,359.0,833.0,416.0,422,0,0,1,Pedestrian
32,807.0,359.0,835.0,416.0,423,0,0,1,Pedestrian
32,807.0,359.0,835.0,416.0,424,0,0,1,Pedestrian
32,809.0,359.0,837.0,416.0,425,0,0,1,Pedestrian
32,809.0,359.0,837.0,416.0,426,0,0,1,Pedestrian
32,811.0,359.0,839.0,416.0,427,0,0,1,Pedestrian
32,813.0,359.0,841.0,416.0,428,0,0,1,Pedestrian
32,813.0,359.0,841.0,416.0,429,0,0,1,Pedestrian
32,815.0,359.0,843.0,416.0,430,0,0,1,Pedestrian
32,815.0,359.0,843.0,416.0,431,0,0,1,Pedestrian
32,817.0,359.0,845.0,416.0,432,0,0,1,Pedestrian
32,819.0,359.0,847.0,416.0,433,0,0,0,Pedestrian
32,819.0,355.0,847.0,412.0,434,0,0,1,Pedestrian
32,821.0,355.0,849.0,412.0,435,0,0,1,Pedestrian
32,823.0,355.0,851.0,412.0,436,0,0,1,Pedestrian
32,823.0,355.0,851.0,412.0,437,0,0,1,Pedestrian
32,825.0,355.0,853.0,412.0,438,0,0,1,Pedestrian
32,827.0,355.0,855.0,412.0,439,0,0,1,Pedestrian
32,829.0,355.0,857.0,412.0,440,0,0,1,Pedestrian
32,829.0,355.0,857.0,412.0,441,0,0,1,Pedestrian
32,831.0,355.0,859.0,412.0,442,0,0,1,Pedestrian
32,833.0,355.0,861.0,412.0,443,0,0,1,Pedestrian
32,835.0,355.0,863.0,412.0,444,0,0,1,Pedestrian
32,835.0,355.0,863.0,412.0,445,0,0,1,Pedestrian
32,837.0,355.0,865.0,412.0,446,0,0,1,Pedestrian
32,839.0,355.0,867.0,412.0,447,0,0,1,Pedestrian
32,841.0,355.0,870.0,412.0,448,0,0,1,Pedestrian
32,841.0,355.0,870.0,412.0,449,0,0,1,Pedestrian
32,843.0,355.0,872.0,412.0,450,0,0,1,Pedestrian
32,845.0,351.0,874.0,408.0,451,0,0,1,Pedestrian
32,847.0,351.0,876.0,408.0,452,0,0,1,Pedestrian
32,847.0,351.0,876.0,408.0,453,0,0,1,Pedestrian
32,849.0,351.0,878.0,408.0,454,0,0,1,Pedestrian
32,851.0,351.0,880.0,408.0,455,0,0,1,Pedestrian
32,853.0,351.0,882.0,408.0,456,0,0,1,Pedestrian
32,853.0,351.0,882.0,408.0,457,0,0,1,Pedestrian
32,855.0,351.0,884.0,408.0,458,0,0,1,Pedestrian
32,857.0,351.0,886.0,408.0,459,0,0,1,Pedestrian
32,859.0,351.0,888.0,408.0,460,0,0,1,Pedestrian
32,859.0,351.0,888.0,408.0,461,0,0,1,Pedestrian
32,861.0,351.0,890.0,408.0,462,0,0,1,Pedestrian
32,863.0,351.0,892.0,408.0,463,0,0,1,Pedestrian
32,865.0,351.0,894.0,408.0,464,0,0,1,Pedestrian
32,865.0,351.0,894.0,408.0,465,0,0,1,Pedestrian
32,867.0,351.0,896.0,408.0,466,0,0,1,Pedestrian
32,870.0,351.0,898.0,408.0,467,0,0,1,Pedestrian
32,872.0,351.0,900.0,408.0,468,0,0,0,Pedestrian
32,872.0,351.0,900.0,408.0,469,0,0,1,Pedestrian
32,874.0,351.0,902.0,408.0,470,0,0,1,Pedestrian
32,874.0,351.0,902.0,408.0,471,0,0,1,Pedestrian
32,876.0,351.0,904.0,408.0,472,0,0,1,Pedestrian
32,878.0,351.0,906.0,408.0,473,0,0,1,Pedestrian
32,878.0,351.0,906.0,408.0,474,0,0,1,Pedestrian
32,880.0,351.0,908.0,408.0,475,0,0,1,Pedestrian
32,882.0,351.0,910.0,408.0,476,0,0,1,Pedestrian
32,882.0,351.0,910.0,408.0,477,0,0,1,Pedestrian
32,884.0,351.0,912.0,408.0,478,0,0,1,Pedestrian
32,884.0,351.0,912.0,408.0,479,0,0,1,Pedestrian
32,886.0,351.0,914.0,408.0,480,0,0,1,Pedestrian
32,888.0,351.0,916.0,408.0,481,0,0,1,Pedestrian
32,888.0,351.0,916.0,408.0,482,0,0,1,Pedestrian
32,890.0,351.0,918.0,408.0,483,0,0,1,Pedestrian
32,892.0,351.0,920.0,408.0,484,0,0,1,Pedestrian
32,892.0,351.0,920.0,408.0,485,0,0,1,Pedestrian
32,894.0,351.0,922.0,408.0,486,0,0,1,Pedestrian
32,894.0,351.0,922.0,408.0,487,0,0,1,Pedestrian
32,896.0,351.0,924.0,408.0,488,0,0,1,Pedestrian
32,898.0,351.0,926.0,408.0,489,0,0,1,Pedestrian
32,898.0,351.0,926.0,408.0,490,0,0,1,Pedestrian
32,900.0,351.0,928.0,408.0,491,0,0,1,Pedestrian
32,902.0,351.0,930.0,408.0,492,0,0,1,Pedestrian
32,902.0,351.0,930.0,408.0,493,0,0,1,Pedestrian
32,904.0,351.0,932.0,408.0,494,0,0,1,Pedestrian
32,904.0,351.0,932.0,408.0,495,0,0,1,Pedestrian
32,906.0,351.0,934.0,408.0,496,0,0,1,Pedestrian
32,908.0,351.0,936.0,408.0,497,0,0,1,Pedestrian
32,908.0,351.0,936.0,408.0,498,0,0,1,Pedestrian
32,910.0,351.0,938.0,408.0,499,0,0,1,Pedestrian
32,912.0,351.0,940.0,408.0,500,0,0,0,Pedestrian
32,910.0,347.0,940.0,404.0,501,0,0,1,Pedestrian
32,910.0,347.0,942.0,404.0,502,0,0,1,Pedestrian
32,910.0,347.0,942.0,404.0,503,0,0,1,Pedestrian
32,910.0,347.0,944.0,404.0,504,0,0,1,Pedestrian
32,910.0,343.0,944.0,404.0,505,0,0,1,Pedestrian
32,910.0,343.0,946.0,404.0,506,0,0,1,Pedestrian
32,910.0,343.0,946.0,404.0,507,0,0,1,Pedestrian
32,910.0,343.0,948.0,404.0,508,0,0,1,Pedestrian
32,910.0,339.0,948.0,404.0,509,0,0,1,Pedestrian
32,910.0,339.0,950.0,404.0,510,0,0,1,Pedestrian
32,908.0,339.0,950.0,404.0,511,0,0,1,Pedestrian
32,908.0,339.0,952.0,404.0,512,0,0,1,Pedestrian
32,908.0,335.0,952.0,404.0,513,0,0,1,Pedestrian
32,908.0,335.0,954.0,404.0,514,0,0,1,Pedestrian
32,908.0,335.0,954.0,404.0,515,0,0,1,Pedestrian
32,908.0,335.0,956.0,404.0,516,0,0,1,Pedestrian
32,908.0,331.0,956.0,404.0,517,0,0,1,Pedestrian
32,908.0,331.0,958.0,404.0,518,0,0,1,Pedestrian
32,908.0,331.0,958.0,404.0,519,0,0,1,Pedestrian
32,908.0,331.0,960.0,404.0,520,0,0,0,Pedestrian
32,908.0,331.0,960.0,404.0,521,0,0,1,Pedestrian
32,910.0,331.0,962.0,404.0,522,0,0,1,Pedestrian
32,912.0,331.0,964.0,404.0,523,0,0,1,Pedestrian
32,914.0,331.0,966.0,404.0,524,0,0,1,Pedestrian
32,916.0,331.0,968.0,404.0,525,0,0,1,Pedestrian
32,918.0,331.0,970.0,404.0,526,0,0,1,Pedestrian
32,920.0,331.0,972.0,404.0,527,0,0,1,Pedestrian
32,922.0,331.0,974.0,404.0,528,0,0,1,Pedestrian
32,922.0,331.0,974.0,404.0,529,0,0,1,Pedestrian
32,924.0,331.0,976.0,404.0,530,0,0,1,Pedestrian
32,926.0,331.0,978.0,404.0,531,0,0,1,Pedestrian
32,928.0,331.0,980.0,404.0,532,0,0,1,Pedestrian
32,930.0,331.0,982.0,404.0,533,0,0,1,Pedestrian
32,932.0,331.0,984.0,404.0,534,0,0,1,Pedestrian
32,934.0,331.0,986.0,404.0,535,0,0,1,Pedestrian
32,936.0,331.0,988.0,404.0,536,0,0,1,Pedestrian
32,936.0,331.0,988.0,404.0,537,0,0,1,Pedestrian
32,938.0,331.0,990.0,404.0,538,0,0,1,Pedestrian
32,940.0,331.0,992.0,404.0,539,0,0,1,Pedestrian
32,942.0,331.0,994.0,404.0,540,0,0,1,Pedestrian
32,944.0,331.0,996.0,404.0,541,0,0,1,Pedestrian
32,946.0,331.0,998.0,404.0,542,0,0,1,Pedestrian
32,948.0,331.0,1000.0,404.0,543,0,0,1,Pedestrian
32,950.0,331.0,1002.0,404.0,544,0,0,1,Pedestrian
32,950.0,331.0,1002.0,404.0,545,0,0,1,Pedestrian
32,952.0,331.0,1004.0,404.0,546,0,0,1,Pedestrian
32,954.0,331.0,1006.0,404.0,547,0,0,1,Pedestrian
32,956.0,331.0,1008.0,404.0,548,0,0,1,Pedestrian
32,958.0,331.0,1010.0,404.0,549,0,0,1,Pedestrian
32,960.0,331.0,1012.0,404.0,550,0,0,1,Pedestrian
32,962.0,331.0,1015.0,404.0,551,0,0,1,Pedestrian
32,964.0,331.0,1017.0,404.0,552,0,0,1,Pedestrian
32,964.0,331.0,1017.0,404.0,553,0,0,1,Pedestrian
32,966.0,331.0,1019.0,404.0,554,0,0,1,Pedestrian
32,968.0,331.0,1021.0,404.0,555,0,0,1,Pedestrian
32,970.0,331.0,1023.0,404.0,556,0,0,1,Pedestrian
32,972.0,331.0,1025.0,404.0,557,0,0,1,Pedestrian
32,974.0,331.0,1027.0,404.0,558,0,0,1,Pedestrian
32,976.0,331.0,1029.0,404.0,559,0,0,1,Pedestrian
32,978.0,335.0,1031.0,408.0,560,0,0,0,Pedestrian
32,978.0,335.0,1031.0,408.0,561,0,0,1,Pedestrian
32,978.0,335.0,1031.0,408.0,562,0,0,1,Pedestrian
32,978.0,335.0,1031.0,408.0,563,0,0,1,Pedestrian
32,980.0,335.0,1033.0,408.0,564,0,0,1,Pedestrian
32,980.0,335.0,1033.0,408.0,565,0,0,1,Pedestrian
32,980.0,335.0,1033.0,408.0,566,0,0,1,Pedestrian
32,982.0,335.0,1035.0,408.0,567,0,0,1,Pedestrian
32,982.0,335.0,1035.0,408.0,568,0,0,1,Pedestrian
32,982.0,335.0,1035.0,408.0,569,0,0,1,Pedestrian
32,984.0,335.0,1037.0,408.0,570,0,0,1,Pedestrian
32,984.0,335.0,1037.0,408.0,571,0,0,1,Pedestrian
32,984.0,335.0,1037.0,408.0,572,0,0,1,Pedestrian
32,986.0,335.0,1039.0,408.0,573,0,0,0,Pedestrian
33,718.0,1248.0,767.0,1337.0,0,0,0,0,Pedestrian
33,716.0,1244.0,767.0,1333.0,1,0,0,1,Pedestrian
33,716.0,1244.0,767.0,1333.0,2,0,0,1,Pedestrian
33,716.0,1244.0,767.0,1333.0,3,0,0,1,Pedestrian
33,716.0,1240.0,767.0,1329.0,4,0,0,1,Pedestrian
33,716.0,1240.0,767.0,1329.0,5,0,0,1,Pedestrian
33,716.0,1240.0,767.0,1329.0,6,0,0,1,Pedestrian
33,716.0,1236.0,767.0,1325.0,7,0,0,1,Pedestrian
33,716.0,1236.0,767.0,1325.0,8,0,0,1,Pedestrian
33,716.0,1236.0,767.0,1325.0,9,0,0,1,Pedestrian
33,716.0,1236.0,767.0,1325.0,10,0,0,1,Pedestrian
33,716.0,1232.0,767.0,1321.0,11,0,0,1,Pedestrian
33,716.0,1232.0,767.0,1321.0,12,0,0,1,Pedestrian
33,716.0,1232.0,767.0,1321.0,13,0,0,1,Pedestrian
33,716.0,1228.0,767.0,1317.0,14,0,0,1,Pedestrian
33,716.0,1228.0,767.0,1317.0,15,0,0,1,Pedestrian
33,716.0,1228.0,767.0,1317.0,16,0,0,1,Pedestrian
33,716.0,1228.0,767.0,1317.0,17,0,0,1,Pedestrian
33,716.0,1224.0,767.0,1313.0,18,0,0,1,Pedestrian
33,716.0,1224.0,767.0,1313.0,19,0,0,1,Pedestrian
33,716.0,1224.0,767.0,1313.0,20,0,0,1,Pedestrian
33,716.0,1220.0,767.0,1309.0,21,0,0,1,Pedestrian
33,716.0,1220.0,767.0,1309.0,22,0,0,1,Pedestrian
33,716.0,1220.0,767.0,1309.0,23,0,0,1,Pedestrian
33,716.0,1216.0,767.0,1305.0,24,0,0,1,Pedestrian
33,716.0,1216.0,767.0,1305.0,25,0,0,1,Pedestrian
33,716.0,1216.0,767.0,1305.0,26,0,0,1,Pedestrian
33,716.0,1216.0,767.0,1305.0,27,0,0,1,Pedestrian
33,716.0,1212.0,767.0,1301.0,28,0,0,1,Pedestrian
33,716.0,1212.0,767.0,1301.0,29,0,0,1,Pedestrian
33,716.0,1212.0,767.0,1301.0,30,0,0,1,Pedestrian
33,716.0,1208.0,767.0,1297.0,31,0,0,1,Pedestrian
33,716.0,1208.0,767.0,1297.0,32,0,0,1,Pedestrian
33,716.0,1208.0,767.0,1297.0,33,0,0,1,Pedestrian
33,716.0,1208.0,767.0,1297.0,34,0,0,1,Pedestrian
33,716.0,1204.0,767.0,1293.0,35,0,0,1,Pedestrian
33,716.0,1204.0,767.0,1293.0,36,0,0,1,Pedestrian
33,716.0,1204.0,767.0,1293.0,37,0,0,1,Pedestrian
33,716.0,1200.0,767.0,1289.0,38,0,0,1,Pedestrian
33,716.0,1200.0,767.0,1289.0,39,0,0,1,Pedestrian
33,716.0,1200.0,767.0,1289.0,40,0,0,1,Pedestrian
33,716.0,1200.0,767.0,1289.0,41,0,0,1,Pedestrian
33,716.0,1196.0,767.0,1285.0,42,0,0,1,Pedestrian
33,716.0,1196.0,767.0,1285.0,43,0,0,1,Pedestrian
33,716.0,1196.0,767.0,1285.0,44,0,0,1,Pedestrian
33,716.0,1192.0,767.0,1281.0,45,0,0,1,Pedestrian
33,716.0,1192.0,767.0,1281.0,46,0,0,1,Pedestrian
33,716.0,1192.0,767.0,1281.0,47,0,0,1,Pedestrian
33,716.0,1188.0,767.0,1277.0,48,0,0,1,Pedestrian
33,716.0,1188.0,767.0,1277.0,49,0,0,1,Pedestrian
33,716.0,1188.0,767.0,1277.0,50,0,0,1,Pedestrian
33,716.0,1188.0,767.0,1277.0,51,0,0,1,Pedestrian
33,716.0,1184.0,767.0,1273.0,52,0,0,1,Pedestrian
33,716.0,1184.0,767.0,1273.0,53,0,0,1,Pedestrian
33,716.0,1184.0,767.0,1273.0,54,0,0,1,Pedestrian
33,716.0,1180.0,767.0,1269.0,55,0,0,1,Pedestrian
33,716.0,1180.0,767.0,1269.0,56,0,0,1,Pedestrian
33,716.0,1180.0,767.0,1269.0,57,0,0,1,Pedestrian
33,716.0,1180.0,767.0,1269.0,58,0,0,1,Pedestrian
33,716.0,1176.0,767.0,1265.0,59,0,0,1,Pedestrian
33,716.0,1176.0,767.0,1265.0,60,0,0,1,Pedestrian
33,716.0,1176.0,767.0,1265.0,61,0,0,1,Pedestrian
33,716.0,1172.0,767.0,1261.0,62,0,0,1,Pedestrian
33,716.0,1172.0,767.0,1261.0,63,0,0,1,Pedestrian
33,716.0,1172.0,767.0,1261.0,64,0,0,1,Pedestrian
33,716.0,1172.0,767.0,1261.0,65,0,0,1,Pedestrian
33,716.0,1168.0,767.0,1256.0,66,0,0,1,Pedestrian
33,716.0,1168.0,767.0,1256.0,67,0,0,1,Pedestrian
33,716.0,1168.0,767.0,1256.0,68,0,0,1,Pedestrian
33,716.0,1164.0,767.0,1252.0,69,0,0,1,Pedestrian
33,716.0,1164.0,767.0,1252.0,70,0,0,1,Pedestrian
33,716.0,1164.0,767.0,1252.0,71,0,0,1,Pedestrian
33,716.0,1159.0,767.0,1248.0,72,0,0,1,Pedestrian
33,716.0,1159.0,767.0,1248.0,73,0,0,1,Pedestrian
33,716.0,1159.0,767.0,1248.0,74,0,0,1,Pedestrian
33,716.0,1159.0,767.0,1248.0,75,0,0,1,Pedestrian
33,716.0,1155.0,767.0,1244.0,76,0,0,1,Pedestrian
33,716.0,1155.0,767.0,1244.0,77,0,0,1,Pedestrian
33,716.0,1155.0,767.0,1244.0,78,0,0,1,Pedestrian
33,716.0,1151.0,767.0,1240.0,79,0,0,1,Pedestrian
33,716.0,1151.0,767.0,1240.0,80,0,0,1,Pedestrian
33,716.0,1151.0,767.0,1240.0,81,0,0,1,Pedestrian
33,716.0,1151.0,767.0,1240.0,82,0,0,1,Pedestrian
33,716.0,1147.0,767.0,1236.0,83,0,0,1,Pedestrian
33,716.0,1147.0,767.0,1236.0,84,0,0,1,Pedestrian
33,716.0,1147.0,767.0,1236.0,85,0,0,1,Pedestrian
33,716.0,1143.0,767.0,1232.0,86,0,0,1,Pedestrian
33,716.0,1143.0,767.0,1232.0,87,0,0,1,Pedestrian
33,716.0,1143.0,767.0,1232.0,88,0,0,1,Pedestrian
33,716.0,1139.0,767.0,1228.0,89,0,0,1,Pedestrian
33,716.0,1139.0,767.0,1228.0,90,0,0,1,Pedestrian
33,716.0,1139.0,767.0,1228.0,91,0,0,1,Pedestrian
33,716.0,1139.0,767.0,1228.0,92,0,0,1,Pedestrian
33,716.0,1135.0,767.0,1224.0,93,0,0,1,Pedestrian
33,716.0,1135.0,767.0,1224.0,94,0,0,1,Pedestrian
33,716.0,1135.0,767.0,1224.0,95,0,0,1,Pedestrian
33,716.0,1131.0,767.0,1220.0,96,0,0,1,Pedestrian
33,716.0,1131.0,767.0,1220.0,97,0,0,1,Pedestrian
33,716.0,1131.0,767.0,1220.0,98,0,0,1,Pedestrian
33,716.0,1131.0,767.0,1220.0,99,0,0,1,Pedestrian
33,716.0,1127.0,767.0,1216.0,100,0,0,1,Pedestrian
33,716.0,1127.0,767.0,1216.0,101,0,0,1,Pedestrian
33,716.0,1127.0,767.0,1216.0,102,0,0,1,Pedestrian
33,716.0,1123.0,767.0,1212.0,103,0,0,1,Pedestrian
33,716.0,1123.0,767.0,1212.0,104,0,0,1,Pedestrian
33,716.0,1123.0,767.0,1212.0,105,0,0,1,Pedestrian
33,716.0,1123.0,767.0,1212.0,106,0,0,1,Pedestrian
33,716.0,1119.0,767.0,1208.0,107,0,0,1,Pedestrian
33,716.0,1119.0,767.0,1208.0,108,0,0,1,Pedestrian
33,716.0,1119.0,767.0,1208.0,109,0,0,1,Pedestrian
33,716.0,1115.0,767.0,1204.0,110,0,0,1,Pedestrian
33,716.0,1115.0,767.0,1204.0,111,0,0,1,Pedestrian
33,716.0,1115.0,767.0,1204.0,112,0,0,1,Pedestrian
33,716.0,1111.0,767.0,1200.0,113,0,0,1,Pedestrian
33,716.0,1111.0,767.0,1200.0,114,0,0,1,Pedestrian
33,716.0,1111.0,767.0,1200.0,115,0,0,1,Pedestrian
33,716.0,1111.0,767.0,1200.0,116,0,0,1,Pedestrian
33,716.0,1107.0,767.0,1196.0,117,0,0,1,Pedestrian
33,716.0,1107.0,767.0,1196.0,118,0,0,1,Pedestrian
33,716.0,1107.0,767.0,1196.0,119,0,0,1,Pedestrian
33,716.0,1103.0,767.0,1192.0,120,0,0,1,Pedestrian
33,716.0,1103.0,767.0,1192.0,121,0,0,1,Pedestrian
33,716.0,1103.0,767.0,1192.0,122,0,0,1,Pedestrian
33,716.0,1103.0,767.0,1192.0,123,0,0,1,Pedestrian
33,716.0,1099.0,767.0,1188.0,124,0,0,1,Pedestrian
33,716.0,1099.0,767.0,1188.0,125,0,0,1,Pedestrian
33,716.0,1099.0,767.0,1188.0,126,0,0,1,Pedestrian
33,716.0,1095.0,767.0,1184.0,127,0,0,1,Pedestrian
33,716.0,1095.0,767.0,1184.0,128,0,0,1,Pedestrian
33,716.0,1095.0,767.0,1184.0,129,0,0,1,Pedestrian
33,716.0,1095.0,767.0,1184.0,130,0,0,1,Pedestrian
33,716.0,1091.0,767.0,1180.0,131,0,0,1,Pedestrian
33,716.0,1091.0,767.0,1180.0,132,0,0,1,Pedestrian
33,716.0,1091.0,767.0,1180.0,133,0,0,1,Pedestrian
33,716.0,1087.0,767.0,1176.0,134,0,0,1,Pedestrian
33,716.0,1087.0,767.0,1176.0,135,0,0,1,Pedestrian
33,716.0,1087.0,767.0,1176.0,136,0,0,1,Pedestrian
33,716.0,1083.0,767.0,1172.0,137,0,0,1,Pedestrian
33,716.0,1083.0,767.0,1172.0,138,0,0,1,Pedestrian
33,716.0,1083.0,767.0,1172.0,139,0,0,1,Pedestrian
33,716.0,1083.0,767.0,1172.0,140,0,0,1,Pedestrian
33,716.0,1079.0,767.0,1168.0,141,0,0,1,Pedestrian
33,716.0,1079.0,767.0,1168.0,142,0,0,1,Pedestrian
33,716.0,1079.0,767.0,1168.0,143,0,0,1,Pedestrian
33,716.0,1075.0,767.0,1164.0,144,0,0,1,Pedestrian
33,716.0,1075.0,767.0,1164.0,145,0,0,1,Pedestrian
33,716.0,1075.0,767.0,1164.0,146,0,0,1,Pedestrian
33,716.0,1075.0,767.0,1164.0,147,0,0,1,Pedestrian
33,716.0,1071.0,767.0,1159.0,148,0,0,1,Pedestrian
33,716.0,1071.0,767.0,1159.0,149,0,0,1,Pedestrian
33,716.0,1071.0,767.0,1159.0,150,0,0,1,Pedestrian
33,716.0,1067.0,767.0,1155.0,151,0,0,1,Pedestrian
33,716.0,1067.0,767.0,1155.0,152,0,0,1,Pedestrian
33,716.0,1067.0,767.0,1155.0,153,0,0,1,Pedestrian
33,716.0,1062.0,767.0,1151.0,154,0,0,1,Pedestrian
33,716.0,1062.0,767.0,1151.0,155,0,0,1,Pedestrian
33,716.0,1062.0,767.0,1151.0,156,0,0,1,Pedestrian
33,716.0,1062.0,767.0,1151.0,157,0,0,1,Pedestrian
33,716.0,1058.0,767.0,1147.0,158,0,0,1,Pedestrian
33,716.0,1058.0,767.0,1147.0,159,0,0,1,Pedestrian
33,716.0,1058.0,767.0,1147.0,160,0,0,1,Pedestrian
33,716.0,1054.0,767.0,1143.0,161,0,0,1,Pedestrian
33,716.0,1054.0,767.0,1143.0,162,0,0,1,Pedestrian
33,716.0,1054.0,767.0,1143.0,163,0,0,1,Pedestrian
33,716.0,1054.0,767.0,1143.0,164,0,0,1,Pedestrian
33,716.0,1050.0,767.0,1139.0,165,0,0,1,Pedestrian
33,716.0,1050.0,767.0,1139.0,166,0,0,1,Pedestrian
33,716.0,1050.0,767.0,1139.0,167,0,0,1,Pedestrian
33,716.0,1046.0,767.0,1135.0,168,0,0,1,Pedestrian
33,716.0,1046.0,767.0,1135.0,169,0,0,1,Pedestrian
33,716.0,1046.0,767.0,1135.0,170,0,0,1,Pedestrian
33,716.0,1046.0,767.0,1135.0,171,0,0,1,Pedestrian
33,716.0,1042.0,767.0,1131.0,172,0,0,1,Pedestrian
33,716.0,1042.0,767.0,1131.0,173,0,0,1,Pedestrian
33,716.0,1042.0,767.0,1131.0,174,0,0,1,Pedestrian
33,716.0,1038.0,767.0,1127.0,175,0,0,1,Pedestrian
33,716.0,1038.0,767.0,1127.0,176,0,0,1,Pedestrian
33,716.0,1038.0,767.0,1127.0,177,0,0,1,Pedestrian
33,716.0,1034.0,767.0,1123.0,178,0,0,1,Pedestrian
33,716.0,1034.0,767.0,1123.0,179,0,0,1,Pedestrian
33,716.0,1034.0,767.0,1123.0,180,0,0,1,Pedestrian
33,716.0,1034.0,767.0,1123.0,181,0,0,1,Pedestrian
33,716.0,1030.0,767.0,1119.0,182,0,0,1,Pedestrian
33,716.0,1030.0,767.0,1119.0,183,0,0,1,Pedestrian
33,716.0,1030.0,767.0,1119.0,184,0,0,1,Pedestrian
33,716.0,1026.0,767.0,1115.0,185,0,0,1,Pedestrian
33,716.0,1026.0,767.0,1115.0,186,0,0,1,Pedestrian
33,716.0,1026.0,767.0,1115.0,187,0,0,1,Pedestrian
33,716.0,1026.0,767.0,1115.0,188,0,0,1,Pedestrian
33,716.0,1022.0,767.0,1111.0,189,0,0,1,Pedestrian
33,716.0,1022.0,767.0,1111.0,190,0,0,1,Pedestrian
33,716.0,1022.0,767.0,1111.0,191,0,0,1,Pedestrian
33,716.0,1018.0,767.0,1107.0,192,0,0,1,Pedestrian
33,716.0,1018.0,767.0,1107.0,193,0,0,1,Pedestrian
33,716.0,1018.0,767.0,1107.0,194,0,0,1,Pedestrian
33,716.0,1018.0,767.0,1107.0,195,0,0,1,Pedestrian
33,716.0,1014.0,767.0,1103.0,196,0,0,1,Pedestrian
33,716.0,1014.0,767.0,1103.0,197,0,0,1,Pedestrian
33,716.0,1014.0,767.0,1103.0,198,0,0,1,Pedestrian
33,716.0,1010.0,767.0,1099.0,199,0,0,1,Pedestrian
33,716.0,1010.0,767.0,1099.0,200,0,0,1,Pedestrian
33,716.0,1010.0,767.0,1099.0,201,0,0,1,Pedestrian
33,716.0,1006.0,767.0,1095.0,202,0,0,1,Pedestrian
33,716.0,1006.0,767.0,1095.0,203,0,0,1,Pedestrian
33,716.0,1006.0,767.0,1095.0,204,0,0,1,Pedestrian
33,716.0,1006.0,767.0,1095.0,205,0,0,1,Pedestrian
33,716.0,1002.0,767.0,1091.0,206,0,0,1,Pedestrian
33,716.0,1002.0,767.0,1091.0,207,0,0,1,Pedestrian
33,716.0,1002.0,767.0,1091.0,208,0,0,1,Pedestrian
33,716.0,998.0,767.0,1087.0,209,0,0,1,Pedestrian
33,716.0,998.0,767.0,1087.0,210,0,0,1,Pedestrian
33,716.0,998.0,767.0,1087.0,211,0,0,1,Pedestrian
33,716.0,998.0,767.0,1087.0,212,0,0,1,Pedestrian
33,716.0,994.0,767.0,1083.0,213,0,0,1,Pedestrian
33,716.0,994.0,767.0,1083.0,214,0,0,1,Pedestrian
33,716.0,994.0,767.0,1083.0,215,0,0,1,Pedestrian
33,716.0,990.0,767.0,1079.0,216,0,0,1,Pedestrian
33,716.0,990.0,767.0,1079.0,217,0,0,1,Pedestrian
33,716.0,990.0,767.0,1079.0,218,0,0,1,Pedestrian
33,716.0,990.0,769.0,1079.0,219,0,0,0,Pedestrian
33,714.0,986.0,767.0,1075.0,220,0,0,1,Pedestrian
33,714.0,986.0,767.0,1075.0,221,0,0,1,Pedestrian
33,714.0,986.0,767.0,1075.0,222,0,0,1,Pedestrian
33,714.0,982.0,767.0,1071.0,223,0,0,1,Pedestrian
33,714.0,982.0,767.0,1071.0,224,0,0,1,Pedestrian
33,714.0,982.0,767.0,1071.0,225,0,0,1,Pedestrian
33,714.0,978.0,767.0,1067.0,226,0,0,1,Pedestrian
33,714.0,978.0,767.0,1067.0,227,0,0,1,Pedestrian
33,714.0,978.0,767.0,1067.0,228,0,0,1,Pedestrian
33,714.0,978.0,767.0,1067.0,229,0,0,1,Pedestrian
33,714.0,974.0,767.0,1062.0,230,0,0,1,Pedestrian
33,714.0,974.0,767.0,1062.0,231,0,0,1,Pedestrian
33,714.0,974.0,767.0,1062.0,232,0,0,1,Pedestrian
33,712.0,970.0,765.0,1058.0,233,0,0,1,Pedestrian
33,712.0,970.0,765.0,1058.0,234,0,0,1,Pedestrian
33,712.0,970.0,765.0,1058.0,235,0,0,1,Pedestrian
33,712.0,965.0,765.0,1054.0,236,0,0,1,Pedestrian
33,712.0,965.0,765.0,1054.0,237,0,0,1,Pedestrian
33,712.0,965.0,765.0,1054.0,238,0,0,1,Pedestrian
33,712.0,965.0,765.0,1054.0,239,0,0,1,Pedestrian
33,712.0,961.0,765.0,1050.0,240,0,0,1,Pedestrian
33,712.0,961.0,765.0,1050.0,241,0,0,1,Pedestrian
33,712.0,961.0,765.0,1050.0,242,0,0,1,Pedestrian
33,712.0,957.0,765.0,1046.0,243,0,0,1,Pedestrian
33,712.0,957.0,765.0,1046.0,244,0,0,1,Pedestrian
33,712.0,957.0,765.0,1046.0,245,0,0,1,Pedestrian
33,710.0,957.0,763.0,1046.0,246,0,0,1,Pedestrian
33,710.0,953.0,763.0,1042.0,247,0,0,1,Pedestrian
33,710.0,953.0,763.0,1042.0,248,0,0,1,Pedestrian
33,710.0,953.0,763.0,1042.0,249,0,0,1,Pedestrian
33,710.0,949.0,763.0,1038.0,250,0,0,1,Pedestrian
33,710.0,949.0,763.0,1038.0,251,0,0,1,Pedestrian
33,710.0,949.0,763.0,1038.0,252,0,0,1,Pedestrian
33,710.0,945.0,763.0,1034.0,253,0,0,1,Pedestrian
33,710.0,945.0,763.0,1034.0,254,0,0,1,Pedestrian
33,710.0,945.0,763.0,1034.0,255,0,0,1,Pedestrian
33,710.0,945.0,763.0,1034.0,256,0,0,1,Pedestrian
33,710.0,941.0,763.0,1030.0,257,0,0,1,Pedestrian
33,710.0,941.0,763.0,1030.0,258,0,0,1,Pedestrian
33,708.0,941.0,761.0,1030.0,259,0,0,1,Pedestrian
33,708.0,937.0,761.0,1026.0,260,0,0,1,Pedestrian
33,708.0,937.0,761.0,1026.0,261,0,0,1,Pedestrian
33,708.0,937.0,761.0,1026.0,262,0,0,1,Pedestrian
33,708.0,937.0,761.0,1026.0,263,0,0,1,Pedestrian
33,708.0,933.0,761.0,1022.0,264,0,0,1,Pedestrian
33,708.0,933.0,761.0,1022.0,265,0,0,1,Pedestrian
33,708.0,933.0,761.0,1022.0,266,0,0,1,Pedestrian
33,708.0,929.0,761.0,1018.0,267,0,0,1,Pedestrian
33,708.0,929.0,761.0,1018.0,268,0,0,1,Pedestrian
33,708.0,929.0,761.0,1018.0,269,0,0,1,Pedestrian
33,708.0,925.0,761.0,1014.0,270,0,0,1,Pedestrian
33,708.0,925.0,761.0,1014.0,271,0,0,1,Pedestrian
33,706.0,925.0,759.0,1014.0,272,0,0,1,Pedestrian
33,706.0,925.0,759.0,1014.0,273,0,0,1,Pedestrian
33,706.0,921.0,759.0,1010.0,274,0,0,1,Pedestrian
33,706.0,921.0,759.0,1010.0,275,0,0,1,Pedestrian
33,706.0,921.0,759.0,1010.0,276,0,0,1,Pedestrian
33,706.0,917.0,759.0,1006.0,277,0,0,1,Pedestrian
33,706.0,917.0,759.0,1006.0,278,0,0,1,Pedestrian
33,706.0,917.0,759.0,1006.0,279,0,0,1,Pedestrian
33,706.0,913.0,759.0,1002.0,280,0,0,1,Pedestrian
33,706.0,913.0,759.0,1002.0,281,0,0,1,Pedestrian
33,706.0,913.0,759.0,1002.0,282,0,0,1,Pedestrian
33,706.0,913.0,759.0,1002.0,283,0,0,1,Pedestrian
33,706.0,909.0,759.0,998.0,284,0,0,1,Pedestrian
33,706.0,909.0,759.0,998.0,285,0,0,1,Pedestrian
33,704.0,909.0,757.0,998.0,286,0,0,1,Pedestrian
33,704.0,905.0,757.0,994.0,287,0,0,1,Pedestrian
33,704.0,905.0,757.0,994.0,288,0,0,1,Pedestrian
33,704.0,905.0,757.0,994.0,289,0,0,1,Pedestrian
33,704.0,905.0,757.0,994.0,290,0,0,1,Pedestrian
33,704.0,901.0,757.0,990.0,291,0,0,1,Pedestrian
33,704.0,901.0,757.0,990.0,292,0,0,1,Pedestrian
33,704.0,901.0,757.0,990.0,293,0,0,1,Pedestrian
33,704.0,897.0,757.0,986.0,294,0,0,1,Pedestrian
33,704.0,897.0,757.0,986.0,295,0,0,1,Pedestrian
33,704.0,897.0,757.0,986.0,296,0,0,1,Pedestrian
33,704.0,893.0,757.0,982.0,297,0,0,1,Pedestrian
33,704.0,893.0,757.0,982.0,298,0,0,1,Pedestrian
33,702.0,893.0,755.0,982.0,299,0,0,1,Pedestrian
33,702.0,893.0,755.0,982.0,300,0,0,1,Pedestrian
33,702.0,889.0,755.0,978.0,301,0,0,1,Pedestrian
33,702.0,889.0,755.0,978.0,302,0,0,1,Pedestrian
33,702.0,889.0,755.0,978.0,303,0,0,1,Pedestrian
33,702.0,885.0,755.0,974.0,304,0,0,1,Pedestrian
33,702.0,885.0,755.0,974.0,305,0,0,1,Pedestrian
33,702.0,885.0,755.0,974.0,306,0,0,1,Pedestrian
33,702.0,885.0,755.0,974.0,307,0,0,1,Pedestrian
33,702.0,881.0,755.0,970.0,308,0,0,1,Pedestrian
33,702.0,881.0,755.0,970.0,309,0,0,1,Pedestrian
33,702.0,881.0,755.0,970.0,310,0,0,1,Pedestrian
33,702.0,877.0,755.0,965.0,311,0,0,1,Pedestrian
33,700.0,877.0,753.0,965.0,312,0,0,1,Pedestrian
33,700.0,877.0,753.0,965.0,313,0,0,1,Pedestrian
33,700.0,873.0,753.0,961.0,314,0,0,1,Pedestrian
33,700.0,873.0,753.0,961.0,315,0,0,1,Pedestrian
33,700.0,873.0,753.0,961.0,316,0,0,1,Pedestrian
33,700.0,873.0,753.0,961.0,317,0,0,1,Pedestrian
33,700.0,868.0,753.0,957.0,318,0,0,1,Pedestrian
33,700.0,868.0,753.0,957.0,319,0,0,1,Pedestrian
33,700.0,868.0,753.0,957.0,320,0,0,1,Pedestrian
33,700.0,864.0,753.0,953.0,321,0,0,1,Pedestrian
33,700.0,864.0,753.0,953.0,322,0,0,1,Pedestrian
33,700.0,864.0,753.0,953.0,323,0,0,1,Pedestrian
33,700.0,860.0,753.0,949.0,324,0,0,1,Pedestrian
33,698.0,860.0,751.0,949.0,325,0,0,1,Pedestrian
33,698.0,860.0,751.0,949.0,326,0,0,1,Pedestrian
33,698.0,860.0,751.0,949.0,327,0,0,1,Pedestrian
33,698.0,856.0,751.0,945.0,328,0,0,1,Pedestrian
33,698.0,856.0,751.0,945.0,329,0,0,1,Pedestrian
33,698.0,856.0,751.0,945.0,330,0,0,1,Pedestrian
33,698.0,852.0,751.0,941.0,331,0,0,1,Pedestrian
33,698.0,852.0,751.0,941.0,332,0,0,1,Pedestrian
33,698.0,852.0,751.0,941.0,333,0,0,1,Pedestrian
33,698.0,852.0,751.0,941.0,334,0,0,1,Pedestrian
33,698.0,848.0,751.0,937.0,335,0,0,1,Pedestrian
33,698.0,848.0,751.0,937.0,336,0,0,1,Pedestrian
33,698.0,848.0,751.0,937.0,337,0,0,1,Pedestrian
33,696.0,844.0,749.0,933.0,338,0,0,1,Pedestrian
33,696.0,844.0,749.0,933.0,339,0,0,1,Pedestrian
33,696.0,844.0,749.0,933.0,340,0,0,1,Pedestrian
33,696.0,840.0,749.0,929.0,341,0,0,1,Pedestrian
33,696.0,840.0,749.0,929.0,342,0,0,1,Pedestrian
33,696.0,840.0,749.0,929.0,343,0,0,1,Pedestrian
33,696.0,840.0,749.0,929.0,344,0,0,1,Pedestrian
33,696.0,836.0,749.0,925.0,345,0,0,1,Pedestrian
33,696.0,836.0,749.0,925.0,346,0,0,1,Pedestrian
33,696.0,836.0,749.0,925.0,347,0,0,1,Pedestrian
33,696.0,832.0,749.0,921.0,348,0,0,1,Pedestrian
33,696.0,832.0,749.0,921.0,349,0,0,1,Pedestrian
33,696.0,832.0,749.0,921.0,350,0,0,1,Pedestrian
33,696.0,832.0,749.0,921.0,351,0,0,0,Pedestrian
33,694.0,828.0,747.0,917.0,352,0,0,1,Pedestrian
33,694.0,828.0,747.0,917.0,353,0,0,1,Pedestrian
33,694.0,828.0,747.0,917.0,354,0,0,1,Pedestrian
33,694.0,824.0,747.0,913.0,355,0,0,1,Pedestrian
33,694.0,824.0,747.0,913.0,356,0,0,1,Pedestrian
33,694.0,824.0,747.0,913.0,357,0,0,1,Pedestrian
33,694.0,820.0,747.0,909.0,358,0,0,1,Pedestrian
33,694.0,820.0,747.0,909.0,359,0,0,1,Pedestrian
33,694.0,820.0,747.0,909.0,360,0,0,1,Pedestrian
33,694.0,820.0,747.0,909.0,361,0,0,1,Pedestrian
33,694.0,816.0,747.0,905.0,362,0,0,1,Pedestrian
33,694.0,816.0,747.0,905.0,363,0,0,1,Pedestrian
33,692.0,816.0,745.0,905.0,364,0,0,1,Pedestrian
33,692.0,812.0,745.0,901.0,365,0,0,1,Pedestrian
33,692.0,812.0,745.0,901.0,366,0,0,1,Pedestrian
33,692.0,812.0,745.0,901.0,367,0,0,1,Pedestrian
33,692.0,812.0,745.0,901.0,368,0,0,1,Pedestrian
33,692.0,808.0,745.0,897.0,369,0,0,1,Pedestrian
33,692.0,808.0,745.0,897.0,370,0,0,1,Pedestrian
33,692.0,808.0,745.0,897.0,371,0,0,1,Pedestrian
33,692.0,804.0,745.0,893.0,372,0,0,1,Pedestrian
33,692.0,804.0,745.0,893.0,373,0,0,1,Pedestrian
33,692.0,804.0,745.0,893.0,374,0,0,1,Pedestrian
33,692.0,804.0,745.0,893.0,375,0,0,1,Pedestrian
33,690.0,800.0,743.0,889.0,376,0,0,1,Pedestrian
33,690.0,800.0,743.0,889.0,377,0,0,1,Pedestrian
33,690.0,800.0,743.0,889.0,378,0,0,1,Pedestrian
33,690.0,796.0,743.0,885.0,379,0,0,1,Pedestrian
33,690.0,796.0,743.0,885.0,380,0,0,1,Pedestrian
33,690.0,796.0,743.0,885.0,381,0,0,1,Pedestrian
33,690.0,796.0,743.0,885.0,382,0,0,1,Pedestrian
33,690.0,792.0,743.0,881.0,383,0,0,1,Pedestrian
33,690.0,792.0,743.0,881.0,384,0,0,1,Pedestrian
33,690.0,792.0,743.0,881.0,385,0,0,1,Pedestrian
33,690.0,788.0,743.0,877.0,386,0,0,1,Pedestrian
33,690.0,788.0,743.0,877.0,387,0,0,1,Pedestrian
33,690.0,788.0,743.0,877.0,388,0,0,1,Pedestrian
33,688.0,788.0,741.0,877.0,389,0,0,1,Pedestrian
33,688.0,784.0,741.0,873.0,390,0,0,1,Pedestrian
33,688.0,784.0,741.0,873.0,391,0,0,1,Pedestrian
33,688.0,784.0,741.0,873.0,392,0,0,1,Pedestrian
33,688.0,780.0,741.0,868.0,393,0,0,1,Pedestrian
33,688.0,780.0,741.0,868.0,394,0,0,1,Pedestrian
33,688.0,780.0,741.0,868.0,395,0,0,1,Pedestrian
33,688.0,780.0,741.0,868.0,396,0,0,1,Pedestrian
33,688.0,776.0,741.0,864.0,397,0,0,1,Pedestrian
33,688.0,776.0,741.0,864.0,398,0,0,1,Pedestrian
33,688.0,776.0,741.0,864.0,399,0,0,1,Pedestrian
33,688.0,771.0,741.0,860.0,400,0,0,1,Pedestrian
33,686.0,771.0,739.0,860.0,401,0,0,1,Pedestrian
33,686.0,771.0,739.0,860.0,402,0,0,1,Pedestrian
33,686.0,767.0,739.0,856.0,403,0,0,1,Pedestrian
33,686.0,767.0,739.0,856.0,404,0,0,1,Pedestrian
33,686.0,767.0,739.0,856.0,405,0,0,1,Pedestrian
33,686.0,767.0,739.0,856.0,406,0,0,1,Pedestrian
33,686.0,763.0,739.0,852.0,407,0,0,1,Pedestrian
33,686.0,763.0,739.0,852.0,408,0,0,1,Pedestrian
33,686.0,763.0,739.0,852.0,409,0,0,1,Pedestrian
33,686.0,759.0,739.0,848.0,410,0,0,1,Pedestrian
33,686.0,759.0,739.0,848.0,411,0,0,1,Pedestrian
33,686.0,759.0,739.0,848.0,412,0,0,1,Pedestrian
33,686.0,759.0,739.0,848.0,413,0,0,1,Pedestrian
33,684.0,755.0,737.0,844.0,414,0,0,1,Pedestrian
33,684.0,755.0,737.0,844.0,415,0,0,1,Pedestrian
33,684.0,755.0,737.0,844.0,416,0,0,1,Pedestrian
33,684.0,751.0,737.0,840.0,417,0,0,1,Pedestrian
33,684.0,751.0,737.0,840.0,418,0,0,1,Pedestrian
33,684.0,751.0,737.0,840.0,419,0,0,1,Pedestrian
33,684.0,751.0,737.0,840.0,420,0,0,1,Pedestrian
33,684.0,747.0,737.0,836.0,421,0,0,1,Pedestrian
33,684.0,747.0,737.0,836.0,422,0,0,1,Pedestrian
33,684.0,747.0,737.0,836.0,423,0,0,1,Pedestrian
33,684.0,743.0,737.0,832.0,424,0,0,1,Pedestrian
33,684.0,743.0,737.0,832.0,425,0,0,1,Pedestrian
33,682.0,743.0,735.0,832.0,426,0,0,1,Pedestrian
33,682.0,743.0,735.0,832.0,427,0,0,1,Pedestrian
33,682.0,739.0,735.0,828.0,428,0,0,1,Pedestrian
33,682.0,739.0,735.0,828.0,429,0,0,1,Pedestrian
33,682.0,739.0,735.0,828.0,430,0,0,1,Pedestrian
33,682.0,735.0,735.0,824.0,431,0,0,1,Pedestrian
33,682.0,735.0,735.0,824.0,432,0,0,1,Pedestrian
33,682.0,735.0,735.0,824.0,433,0,0,1,Pedestrian
33,682.0,735.0,735.0,824.0,434,0,0,1,Pedestrian
33,682.0,731.0,735.0,820.0,435,0,0,1,Pedestrian
33,682.0,731.0,735.0,820.0,436,0,0,1,Pedestrian
33,682.0,731.0,735.0,820.0,437,0,0,1,Pedestrian
33,680.0,727.0,733.0,816.0,438,0,0,1,Pedestrian
33,680.0,727.0,733.0,816.0,439,0,0,1,Pedestrian
33,680.0,727.0,733.0,816.0,440,0,0,1,Pedestrian
33,680.0,727.0,733.0,816.0,441,0,0,1,Pedestrian
33,680.0,723.0,733.0,812.0,442,0,0,1,Pedestrian
33,680.0,723.0,733.0,812.0,443,0,0,1,Pedestrian
33,680.0,723.0,733.0,812.0,444,0,0,1,Pedestrian
33,680.0,719.0,733.0,808.0,445,0,0,1,Pedestrian
33,680.0,719.0,733.0,808.0,446,0,0,1,Pedestrian
33,680.0,719.0,733.0,808.0,447,0,0,1,Pedestrian
33,680.0,719.0,733.0,808.0,448,0,0,1,Pedestrian
33,680.0,715.0,733.0,804.0,449,0,0,1,Pedestrian
33,680.0,715.0,733.0,804.0,450,0,0,1,Pedestrian
33,678.0,715.0,731.0,804.0,451,0,0,1,Pedestrian
33,678.0,711.0,731.0,800.0,452,0,0,1,Pedestrian
33,678.0,711.0,731.0,800.0,453,0,0,1,Pedestrian
33,678.0,711.0,731.0,800.0,454,0,0,1,Pedestrian
33,678.0,707.0,731.0,796.0,455,0,0,1,Pedestrian
33,678.0,707.0,731.0,796.0,456,0,0,1,Pedestrian
33,678.0,707.0,731.0,796.0,457,0,0,1,Pedestrian
33,678.0,707.0,731.0,796.0,458,0,0,1,Pedestrian
33,678.0,703.0,731.0,792.0,459,0,0,1,Pedestrian
33,678.0,703.0,731.0,792.0,460,0,0,1,Pedestrian
33,678.0,703.0,731.0,792.0,461,0,0,1,Pedestrian
33,678.0,699.0,731.0,788.0,462,0,0,1,Pedestrian
33,676.0,699.0,729.0,788.0,463,0,0,1,Pedestrian
33,676.0,699.0,729.0,788.0,464,0,0,1,Pedestrian
33,676.0,699.0,729.0,788.0,465,0,0,1,Pedestrian
33,676.0,695.0,729.0,784.0,466,0,0,1,Pedestrian
33,676.0,695.0,729.0,784.0,467,0,0,1,Pedestrian
33,676.0,695.0,729.0,784.0,468,0,0,1,Pedestrian
33,676.0,691.0,729.0,780.0,469,0,0,1,Pedestrian
33,676.0,691.0,729.0,780.0,470,0,0,1,Pedestrian
33,676.0,691.0,729.0,780.0,471,0,0,1,Pedestrian
33,676.0,691.0,729.0,780.0,472,0,0,1,Pedestrian
33,676.0,687.0,729.0,776.0,473,0,0,1,Pedestrian
33,676.0,687.0,729.0,776.0,474,0,0,1,Pedestrian
33,676.0,687.0,729.0,776.0,475,0,0,1,Pedestrian
33,674.0,683.0,727.0,771.0,476,0,0,1,Pedestrian
33,674.0,683.0,727.0,771.0,477,0,0,1,Pedestrian
33,674.0,683.0,727.0,771.0,478,0,0,1,Pedestrian
33,674.0,683.0,727.0,771.0,479,0,0,1,Pedestrian
33,674.0,679.0,727.0,767.0,480,0,0,1,Pedestrian
33,674.0,679.0,727.0,767.0,481,0,0,1,Pedestrian
33,674.0,679.0,727.0,767.0,482,0,0,1,Pedestrian
33,674.0,674.0,727.0,763.0,483,0,0,1,Pedestrian
33,674.0,674.0,727.0,763.0,484,0,0,1,Pedestrian
33,674.0,674.0,727.0,763.0,485,0,0,1,Pedestrian
33,674.0,674.0,727.0,763.0,486,0,0,1,Pedestrian
33,674.0,670.0,727.0,759.0,487,0,0,1,Pedestrian
33,672.0,670.0,725.0,759.0,488,0,0,1,Pedestrian
33,672.0,670.0,725.0,759.0,489,0,0,1,Pedestrian
33,672.0,666.0,725.0,755.0,490,0,0,1,Pedestrian
33,672.0,666.0,725.0,755.0,491,0,0,1,Pedestrian
33,672.0,666.0,725.0,755.0,492,0,0,1,Pedestrian
33,672.0,666.0,725.0,755.0,493,0,0,1,Pedestrian
33,672.0,662.0,725.0,751.0,494,0,0,1,Pedestrian
33,672.0,662.0,725.0,751.0,495,0,0,1,Pedestrian
33,672.0,662.0,725.0,751.0,496,0,0,1,Pedestrian
33,672.0,658.0,725.0,747.0,497,0,0,1,Pedestrian
33,672.0,658.0,725.0,747.0,498,0,0,1,Pedestrian
33,672.0,658.0,725.0,747.0,499,0,0,1,Pedestrian
33,672.0,658.0,725.0,747.0,500,0,0,0,Pedestrian
33,672.0,654.0,725.0,743.0,501,0,0,1,Pedestrian
33,672.0,654.0,725.0,743.0,502,0,0,1,Pedestrian
33,672.0,654.0,725.0,743.0,503,0,0,1,Pedestrian
33,672.0,654.0,727.0,743.0,504,0,0,1,Pedestrian
33,674.0,654.0,727.0,739.0,505,0,0,1,Pedestrian
33,674.0,654.0,727.0,739.0,506,0,0,1,Pedestrian
33,674.0,650.0,729.0,739.0,507,0,0,1,Pedestrian
33,674.0,650.0,729.0,739.0,508,0,0,1,Pedestrian
33,674.0,650.0,729.0,735.0,509,0,0,1,Pedestrian
33,676.0,650.0,731.0,735.0,510,0,0,1,Pedestrian
33,676.0,650.0,731.0,735.0,511,0,0,1,Pedestrian
33,676.0,650.0,731.0,735.0,512,0,0,1,Pedestrian
33,676.0,650.0,731.0,731.0,513,0,0,1,Pedestrian
33,676.0,646.0,733.0,731.0,514,0,0,1,Pedestrian
33,678.0,646.0,733.0,731.0,515,0,0,1,Pedestrian
33,678.0,646.0,733.0,731.0,516,0,0,1,Pedestrian
33,678.0,646.0,735.0,727.0,517,0,0,1,Pedestrian
33,678.0,646.0,735.0,727.0,518,0,0,1,Pedestrian
33,678.0,646.0,735.0,727.0,519,0,0,1,Pedestrian
33,680.0,646.0,737.0,727.0,520,0,0,0,Pedestrian
33,678.0,642.0,735.0,723.0,521,0,0,1,Pedestrian
33,678.0,642.0,735.0,723.0,522,0,0,1,Pedestrian
33,678.0,638.0,735.0,719.0,523,0,0,1,Pedestrian
33,678.0,638.0,735.0,719.0,524,0,0,1,Pedestrian
33,678.0,638.0,735.0,719.0,525,0,0,1,Pedestrian
33,678.0,634.0,735.0,715.0,526,0,0,1,Pedestrian
33,678.0,634.0,735.0,715.0,527,0,0,1,Pedestrian
33,678.0,634.0,735.0,715.0,528,0,0,1,Pedestrian
33,678.0,630.0,735.0,711.0,529,0,0,1,Pedestrian
33,678.0,630.0,735.0,711.0,530,0,0,1,Pedestrian
33,678.0,630.0,735.0,711.0,531,0,0,1,Pedestrian
33,678.0,626.0,735.0,707.0,532,0,0,1,Pedestrian
33,678.0,626.0,735.0,707.0,533,0,0,1,Pedestrian
33,678.0,626.0,735.0,707.0,534,0,0,1,Pedestrian
33,678.0,622.0,735.0,703.0,535,0,0,1,Pedestrian
33,678.0,622.0,735.0,703.0,536,0,0,1,Pedestrian
33,678.0,622.0,735.0,703.0,537,0,0,1,Pedestrian
33,678.0,618.0,735.0,699.0,538,0,0,1,Pedestrian
33,678.0,618.0,735.0,699.0,539,0,0,1,Pedestrian
33,678.0,618.0,735.0,699.0,540,0,0,0,Pedestrian
33,678.0,614.0,735.0,695.0,541,0,0,1,Pedestrian
33,678.0,614.0,735.0,695.0,542,0,0,1,Pedestrian
33,678.0,614.0,735.0,695.0,543,0,0,1,Pedestrian
33,678.0,614.0,735.0,695.0,544,0,0,1,Pedestrian
33,678.0,614.0,735.0,695.0,545,0,0,1,Pedestrian
33,678.0,610.0,735.0,691.0,546,0,0,1,Pedestrian
33,678.0,610.0,735.0,691.0,547,0,0,1,Pedestrian
33,678.0,610.0,735.0,691.0,548,0,0,1,Pedestrian
33,678.0,610.0,735.0,691.0,549,0,0,1,Pedestrian
33,678.0,610.0,735.0,691.0,550,0,0,1,Pedestrian
33,678.0,606.0,735.0,687.0,551,0,0,1,Pedestrian
33,678.0,606.0,735.0,687.0,552,0,0,1,Pedestrian
33,678.0,606.0,735.0,687.0,553,0,0,1,Pedestrian
33,678.0,606.0,735.0,687.0,554,0,0,1,Pedestrian
33,678.0,606.0,735.0,687.0,555,0,0,1,Pedestrian
33,678.0,602.0,735.0,683.0,556,0,0,1,Pedestrian
33,678.0,602.0,735.0,683.0,557,0,0,1,Pedestrian
33,678.0,602.0,735.0,683.0,558,0,0,1,Pedestrian
33,678.0,602.0,735.0,683.0,559,0,0,1,Pedestrian
33,678.0,602.0,735.0,683.0,560,0,0,0,Pedestrian
33,676.0,598.0,733.0,679.0,561,0,0,1,Pedestrian
33,676.0,598.0,733.0,679.0,562,0,0,1,Pedestrian
33,674.0,598.0,731.0,679.0,563,0,0,1,Pedestrian
33,674.0,594.0,731.0,674.0,564,0,0,1,Pedestrian
33,674.0,594.0,731.0,674.0,565,0,0,1,Pedestrian
33,672.0,594.0,729.0,674.0,566,0,0,1,Pedestrian
33,672.0,590.0,729.0,670.0,567,0,0,1,Pedestrian
33,670.0,590.0,727.0,670.0,568,0,0,1,Pedestrian
33,670.0,590.0,727.0,670.0,569,0,0,1,Pedestrian
33,670.0,586.0,727.0,666.0,570,0,0,1,Pedestrian
33,668.0,586.0,725.0,666.0,571,0,0,1,Pedestrian
33,668.0,586.0,725.0,666.0,572,0,0,1,Pedestrian
33,668.0,586.0,725.0,666.0,573,0,0,0,Pedestrian
34,58.0,658.0,102.0,739.0,0,0,0,0,Pedestrian
34,58.0,658.0,102.0,739.0,1,0,0,1,Pedestrian
34,60.0,658.0,104.0,739.0,2,0,0,1,Pedestrian
34,62.0,658.0,106.0,739.0,3,0,0,1,Pedestrian
34,62.0,658.0,106.0,739.0,4,0,0,1,Pedestrian
34,64.0,658.0,108.0,739.0,5,0,0,1,Pedestrian
34,66.0,658.0,110.0,739.0,6,0,0,1,Pedestrian
34,66.0,658.0,110.0,739.0,7,0,0,1,Pedestrian
34,68.0,658.0,112.0,739.0,8,0,0,1,Pedestrian
34,70.0,658.0,114.0,739.0,9,0,0,1,Pedestrian
34,70.0,658.0,114.0,739.0,10,0,0,1,Pedestrian
34,72.0,658.0,116.0,739.0,11,0,0,1,Pedestrian
34,74.0,658.0,118.0,739.0,12,0,0,1,Pedestrian
34,74.0,658.0,118.0,739.0,13,0,0,1,Pedestrian
34,76.0,658.0,120.0,739.0,14,0,0,1,Pedestrian
34,78.0,658.0,122.0,739.0,15,0,0,1,Pedestrian
34,80.0,658.0,124.0,739.0,16,0,0,1,Pedestrian
34,80.0,658.0,124.0,739.0,17,0,0,1,Pedestrian
34,82.0,658.0,126.0,739.0,18,0,0,1,Pedestrian
34,84.0,658.0,128.0,739.0,19,0,0,1,Pedestrian
34,84.0,658.0,128.0,739.0,20,0,0,1,Pedestrian
34,86.0,658.0,130.0,739.0,21,0,0,1,Pedestrian
34,88.0,658.0,132.0,739.0,22,0,0,1,Pedestrian
34,88.0,658.0,132.0,739.0,23,0,0,1,Pedestrian
34,90.0,658.0,134.0,739.0,24,0,0,1,Pedestrian
34,92.0,658.0,136.0,739.0,25,0,0,1,Pedestrian
34,92.0,658.0,136.0,739.0,26,0,0,1,Pedestrian
34,94.0,658.0,138.0,739.0,27,0,0,1,Pedestrian
34,96.0,658.0,140.0,739.0,28,0,0,1,Pedestrian
34,98.0,658.0,142.0,739.0,29,0,0,1,Pedestrian
34,98.0,658.0,142.0,739.0,30,0,0,1,Pedestrian
34,100.0,658.0,145.0,739.0,31,0,0,1,Pedestrian
34,102.0,658.0,147.0,739.0,32,0,0,1,Pedestrian
34,102.0,658.0,147.0,739.0,33,0,0,1,Pedestrian
34,104.0,658.0,149.0,739.0,34,0,0,1,Pedestrian
34,106.0,658.0,151.0,739.0,35,0,0,1,Pedestrian
34,106.0,658.0,151.0,739.0,36,0,0,1,Pedestrian
34,108.0,658.0,153.0,739.0,37,0,0,1,Pedestrian
34,110.0,658.0,155.0,739.0,38,0,0,1,Pedestrian
34,110.0,658.0,155.0,739.0,39,0,0,1,Pedestrian
34,112.0,658.0,157.0,739.0,40,0,0,1,Pedestrian
34,114.0,658.0,159.0,739.0,41,0,0,1,Pedestrian
34,116.0,658.0,161.0,739.0,42,0,0,1,Pedestrian
34,116.0,658.0,161.0,739.0,43,0,0,1,Pedestrian
34,118.0,658.0,163.0,739.0,44,0,0,1,Pedestrian
34,120.0,658.0,165.0,739.0,45,0,0,1,Pedestrian
34,120.0,658.0,165.0,739.0,46,0,0,1,Pedestrian
34,122.0,658.0,167.0,739.0,47,0,0,1,Pedestrian
34,124.0,658.0,169.0,739.0,48,0,0,1,Pedestrian
34,124.0,658.0,169.0,739.0,49,0,0,1,Pedestrian
34,126.0,658.0,171.0,739.0,50,0,0,1,Pedestrian
34,128.0,658.0,173.0,739.0,51,0,0,1,Pedestrian
34,128.0,658.0,173.0,739.0,52,0,0,1,Pedestrian
34,130.0,658.0,175.0,739.0,53,0,0,1,Pedestrian
34,132.0,658.0,177.0,739.0,54,0,0,1,Pedestrian
34,134.0,658.0,179.0,739.0,55,0,0,1,Pedestrian
34,134.0,658.0,179.0,739.0,56,0,0,1,Pedestrian
34,136.0,658.0,181.0,739.0,57,0,0,1,Pedestrian
34,138.0,658.0,183.0,739.0,58,0,0,1,Pedestrian
34,138.0,658.0,183.0,739.0,59,0,0,1,Pedestrian
34,140.0,658.0,185.0,739.0,60,0,0,1,Pedestrian
34,142.0,658.0,187.0,739.0,61,0,0,1,Pedestrian
34,142.0,658.0,187.0,739.0,62,0,0,1,Pedestrian
34,145.0,658.0,189.0,739.0,63,0,0,1,Pedestrian
34,147.0,658.0,191.0,739.0,64,0,0,1,Pedestrian
34,147.0,658.0,191.0,739.0,65,0,0,1,Pedestrian
34,149.0,658.0,193.0,739.0,66,0,0,1,Pedestrian
34,151.0,658.0,195.0,739.0,67,0,0,1,Pedestrian
34,153.0,658.0,197.0,739.0,68,0,0,1,Pedestrian
34,153.0,658.0,197.0,739.0,69,0,0,1,Pedestrian
34,155.0,658.0,199.0,739.0,70,0,0,1,Pedestrian
34,157.0,658.0,201.0,739.0,71,0,0,1,Pedestrian
34,157.0,658.0,201.0,739.0,72,0,0,1,Pedestrian
34,159.0,658.0,203.0,739.0,73,0,0,1,Pedestrian
34,161.0,658.0,205.0,739.0,74,0,0,1,Pedestrian
34,161.0,658.0,205.0,739.0,75,0,0,1,Pedestrian
34,163.0,658.0,207.0,739.0,76,0,0,1,Pedestrian
34,165.0,658.0,209.0,739.0,77,0,0,1,Pedestrian
34,165.0,658.0,209.0,739.0,78,0,0,1,Pedestrian
34,167.0,658.0,211.0,739.0,79,0,0,1,Pedestrian
34,169.0,658.0,213.0,739.0,80,0,0,1,Pedestrian
34,171.0,658.0,215.0,739.0,81,0,0,1,Pedestrian
34,171.0,658.0,215.0,739.0,82,0,0,1,Pedestrian
34,173.0,658.0,217.0,739.0,83,0,0,1,Pedestrian
34,175.0,658.0,219.0,739.0,84,0,0,1,Pedestrian
34,175.0,658.0,219.0,739.0,85,0,0,1,Pedestrian
34,177.0,658.0,221.0,739.0,86,0,0,1,Pedestrian
34,179.0,658.0,223.0,739.0,87,0,0,1,Pedestrian
34,179.0,658.0,223.0,739.0,88,0,0,1,Pedestrian
34,181.0,658.0,225.0,739.0,89,0,0,1,Pedestrian
34,183.0,658.0,227.0,739.0,90,0,0,1,Pedestrian
34,183.0,658.0,227.0,739.0,91,0,0,1,Pedestrian
34,185.0,658.0,229.0,739.0,92,0,0,1,Pedestrian
34,187.0,658.0,231.0,739.0,93,0,0,1,Pedestrian
34,189.0,658.0,233.0,739.0,94,0,0,1,Pedestrian
34,189.0,658.0,233.0,739.0,95,0,0,1,Pedestrian
34,191.0,658.0,235.0,739.0,96,0,0,1,Pedestrian
34,193.0,658.0,237.0,739.0,97,0,0,1,Pedestrian
34,193.0,658.0,237.0,739.0,98,0,0,1,Pedestrian
34,195.0,658.0,239.0,739.0,99,0,0,1,Pedestrian
34,197.0,658.0,241.0,739.0,100,0,0,1,Pedestrian
34,197.0,658.0,241.0,739.0,101,0,0,1,Pedestrian
34,199.0,658.0,243.0,739.0,102,0,0,1,Pedestrian
34,201.0,658.0,245.0,739.0,103,0,0,1,Pedestrian
34,201.0,658.0,245.0,739.0,104,0,0,1,Pedestrian
34,203.0,658.0,247.0,739.0,105,0,0,1,Pedestrian
34,205.0,658.0,249.0,739.0,106,0,0,1,Pedestrian
34,207.0,658.0,251.0,739.0,107,0,0,1,Pedestrian
34,207.0,658.0,251.0,739.0,108,0,0,1,Pedestrian
34,209.0,658.0,253.0,739.0,109,0,0,1,Pedestrian
34,211.0,658.0,255.0,739.0,110,0,0,1,Pedestrian
34,211.0,658.0,255.0,739.0,111,0,0,1,Pedestrian
34,213.0,658.0,257.0,739.0,112,0,0,1,Pedestrian
34,215.0,658.0,259.0,739.0,113,0,0,1,Pedestrian
34,215.0,658.0,259.0,739.0,114,0,0,1,Pedestrian
34,217.0,658.0,261.0,739.0,115,0,0,1,Pedestrian
34,219.0,658.0,263.0,739.0,116,0,0,1,Pedestrian
34,219.0,658.0,263.0,739.0,117,0,0,1,Pedestrian
34,221.0,658.0,265.0,739.0,118,0,0,1,Pedestrian
34,223.0,658.0,267.0,739.0,119,0,0,1,Pedestrian
34,223.0,658.0,267.0,739.0,120,0,0,1,Pedestrian
34,225.0,658.0,269.0,739.0,121,0,0,1,Pedestrian
34,227.0,658.0,271.0,739.0,122,0,0,1,Pedestrian
34,229.0,658.0,273.0,739.0,123,0,0,1,Pedestrian
34,229.0,658.0,273.0,739.0,124,0,0,1,Pedestrian
34,231.0,658.0,275.0,739.0,125,0,0,1,Pedestrian
34,233.0,658.0,277.0,739.0,126,0,0,1,Pedestrian
34,233.0,658.0,277.0,739.0,127,0,0,1,Pedestrian
34,235.0,658.0,279.0,739.0,128,0,0,1,Pedestrian
34,237.0,658.0,281.0,739.0,129,0,0,1,Pedestrian
34,237.0,658.0,281.0,739.0,130,0,0,1,Pedestrian
34,239.0,658.0,283.0,739.0,131,0,0,1,Pedestrian
34,241.0,658.0,285.0,739.0,132,0,0,1,Pedestrian
34,241.0,658.0,285.0,739.0,133,0,0,1,Pedestrian
34,243.0,658.0,287.0,739.0,134,0,0,1,Pedestrian
34,245.0,658.0,290.0,739.0,135,0,0,1,Pedestrian
34,247.0,658.0,292.0,739.0,136,0,0,1,Pedestrian
34,247.0,658.0,292.0,739.0,137,0,0,1,Pedestrian
34,249.0,658.0,294.0,739.0,138,0,0,1,Pedestrian
34,251.0,658.0,296.0,739.0,139,0,0,1,Pedestrian
34,251.0,658.0,296.0,739.0,140,0,0,1,Pedestrian
34,253.0,658.0,298.0,739.0,141,0,0,1,Pedestrian
34,255.0,658.0,300.0,739.0,142,0,0,1,Pedestrian
34,255.0,658.0,300.0,739.0,143,0,0,1,Pedestrian
34,257.0,658.0,302.0,739.0,144,0,0,1,Pedestrian
34,259.0,658.0,304.0,739.0,145,0,0,1,Pedestrian
34,259.0,658.0,304.0,739.0,146,0,0,1,Pedestrian
34,261.0,658.0,306.0,739.0,147,0,0,1,Pedestrian
34,263.0,658.0,308.0,739.0,148,0,0,1,Pedestrian
34,265.0,658.0,310.0,739.0,149,0,0,1,Pedestrian
34,265.0,658.0,310.0,739.0,150,0,0,1,Pedestrian
34,267.0,658.0,312.0,739.0,151,0,0,1,Pedestrian
34,269.0,658.0,314.0,739.0,152,0,0,1,Pedestrian
34,269.0,658.0,314.0,739.0,153,0,0,1,Pedestrian
34,271.0,658.0,316.0,739.0,154,0,0,1,Pedestrian
34,273.0,658.0,318.0,739.0,155,0,0,1,Pedestrian
34,273.0,658.0,318.0,739.0,156,0,0,1,Pedestrian
34,275.0,658.0,320.0,739.0,157,0,0,1,Pedestrian
34,277.0,658.0,322.0,739.0,158,0,0,1,Pedestrian
34,277.0,658.0,322.0,739.0,159,0,0,1,Pedestrian
34,279.0,658.0,324.0,739.0,160,0,0,1,Pedestrian
34,281.0,658.0,326.0,739.0,161,0,0,1,Pedestrian
34,283.0,658.0,328.0,739.0,162,0,0,1,Pedestrian
34,283.0,658.0,328.0,739.0,163,0,0,1,Pedestrian
34,285.0,658.0,330.0,739.0,164,0,0,1,Pedestrian
34,287.0,658.0,332.0,739.0,165,0,0,1,Pedestrian
34,287.0,658.0,332.0,739.0,166,0,0,1,Pedestrian
34,290.0,658.0,334.0,739.0,167,0,0,1,Pedestrian
34,292.0,658.0,336.0,739.0,168,0,0,1,Pedestrian
34,292.0,658.0,336.0,739.0,169,0,0,1,Pedestrian
34,294.0,658.0,338.0,739.0,170,0,0,1,Pedestrian
34,296.0,658.0,340.0,739.0,171,0,0,1,Pedestrian
34,296.0,658.0,340.0,739.0,172,0,0,1,Pedestrian
34,298.0,658.0,342.0,739.0,173,0,0,1,Pedestrian
34,300.0,658.0,344.0,739.0,174,0,0,1,Pedestrian
34,302.0,658.0,346.0,739.0,175,0,0,1,Pedestrian
34,302.0,658.0,346.0,739.0,176,0,0,1,Pedestrian
34,304.0,658.0,348.0,739.0,177,0,0,1,Pedestrian
34,306.0,658.0,350.0,739.0,178,0,0,1,Pedestrian
34,306.0,658.0,350.0,739.0,179,0,0,1,Pedestrian
34,308.0,658.0,352.0,739.0,180,0,0,1,Pedestrian
34,310.0,658.0,354.0,739.0,181,0,0,1,Pedestrian
34,310.0,658.0,354.0,739.0,182,0,0,1,Pedestrian
34,312.0,658.0,356.0,739.0,183,0,0,1,Pedestrian
34,314.0,658.0,358.0,739.0,184,0,0,1,Pedestrian
34,314.0,658.0,358.0,739.0,185,0,0,1,Pedestrian
34,316.0,658.0,360.0,739.0,186,0,0,1,Pedestrian
34,318.0,658.0,362.0,739.0,187,0,0,1,Pedestrian
34,320.0,658.0,364.0,739.0,188,0,0,1,Pedestrian
34,320.0,658.0,364.0,739.0,189,0,0,1,Pedestrian
34,322.0,658.0,366.0,739.0,190,0,0,1,Pedestrian
34,324.0,658.0,368.0,739.0,191,0,0,1,Pedestrian
34,324.0,658.0,368.0,739.0,192,0,0,1,Pedestrian
34,326.0,658.0,370.0,739.0,193,0,0,1,Pedestrian
34,328.0,658.0,372.0,739.0,194,0,0,1,Pedestrian
34,328.0,658.0,372.0,739.0,195,0,0,1,Pedestrian
34,330.0,658.0,374.0,739.0,196,0,0,1,Pedestrian
34,332.0,658.0,376.0,739.0,197,0,0,1,Pedestrian
34,332.0,658.0,376.0,739.0,198,0,0,1,Pedestrian
34,334.0,658.0,378.0,739.0,199,0,0,1,Pedestrian
34,336.0,658.0,380.0,739.0,200,0,0,1,Pedestrian
34,338.0,658.0,382.0,739.0,201,0,0,1,Pedestrian
34,338.0,658.0,382.0,739.0,202,0,0,1,Pedestrian
34,340.0,658.0,384.0,739.0,203,0,0,1,Pedestrian
34,342.0,658.0,386.0,739.0,204,0,0,1,Pedestrian
34,342.0,658.0,386.0,739.0,205,0,0,1,Pedestrian
34,344.0,658.0,388.0,739.0,206,0,0,1,Pedestrian
34,346.0,658.0,390.0,739.0,207,0,0,1,Pedestrian
34,346.0,658.0,390.0,739.0,208,0,0,1,Pedestrian
34,348.0,658.0,392.0,739.0,209,0,0,1,Pedestrian
34,350.0,658.0,394.0,739.0,210,0,0,1,Pedestrian
34,350.0,658.0,394.0,739.0,211,0,0,1,Pedestrian
34,352.0,658.0,396.0,739.0,212,0,0,1,Pedestrian
34,354.0,658.0,398.0,739.0,213,0,0,1,Pedestrian
34,356.0,658.0,400.0,739.0,214,0,0,1,Pedestrian
34,356.0,658.0,400.0,739.0,215,0,0,1,Pedestrian
34,358.0,658.0,402.0,739.0,216,0,0,1,Pedestrian
34,360.0,658.0,404.0,739.0,217,0,0,1,Pedestrian
34,360.0,658.0,404.0,739.0,218,0,0,1,Pedestrian
34,362.0,658.0,406.0,739.0,219,0,0,1,Pedestrian
34,364.0,658.0,408.0,739.0,220,0,0,1,Pedestrian
34,364.0,658.0,408.0,739.0,221,0,0,1,Pedestrian
34,366.0,658.0,410.0,739.0,222,0,0,1,Pedestrian
34,368.0,658.0,412.0,739.0,223,0,0,1,Pedestrian
34,368.0,658.0,412.0,739.0,224,0,0,1,Pedestrian
34,370.0,658.0,414.0,739.0,225,0,0,1,Pedestrian
34,372.0,658.0,416.0,739.0,226,0,0,1,Pedestrian
34,372.0,658.0,416.0,739.0,227,0,0,1,Pedestrian
34,374.0,658.0,418.0,739.0,228,0,0,1,Pedestrian
34,376.0,658.0,420.0,739.0,229,0,0,1,Pedestrian
34,378.0,658.0,422.0,739.0,230,0,0,1,Pedestrian
34,378.0,658.0,422.0,739.0,231,0,0,1,Pedestrian
34,380.0,658.0,424.0,739.0,232,0,0,1,Pedestrian
34,382.0,658.0,426.0,739.0,233,0,0,1,Pedestrian
34,382.0,658.0,426.0,739.0,234,0,0,1,Pedestrian
34,384.0,658.0,428.0,739.0,235,0,0,1,Pedestrian
34,386.0,658.0,430.0,739.0,236,0,0,1,Pedestrian
34,386.0,658.0,430.0,739.0,237,0,0,1,Pedestrian
34,388.0,658.0,432.0,739.0,238,0,0,1,Pedestrian
34,390.0,658.0,435.0,739.0,239,0,0,1,Pedestrian
34,390.0,658.0,435.0,739.0,240,0,0,1,Pedestrian
34,392.0,658.0,437.0,739.0,241,0,0,1,Pedestrian
34,394.0,658.0,439.0,739.0,242,0,0,1,Pedestrian
34,396.0,658.0,441.0,739.0,243,0,0,1,Pedestrian
34,396.0,658.0,441.0,739.0,244,0,0,1,Pedestrian
34,398.0,658.0,443.0,739.0,245,0,0,1,Pedestrian
34,400.0,658.0,445.0,739.0,246,0,0,1,Pedestrian
34,400.0,658.0,445.0,739.0,247,0,0,1,Pedestrian
34,402.0,658.0,447.0,739.0,248,0,0,1,Pedestrian
34,404.0,658.0,449.0,739.0,249,0,0,1,Pedestrian
34,404.0,658.0,449.0,739.0,250,0,0,1,Pedestrian
34,406.0,658.0,451.0,739.0,251,0,0,1,Pedestrian
34,408.0,658.0,453.0,739.0,252,0,0,1,Pedestrian
34,408.0,658.0,453.0,739.0,253,0,0,1,Pedestrian
34,410.0,658.0,455.0,739.0,254,0,0,1,Pedestrian
34,412.0,658.0,457.0,739.0,255,0,0,1,Pedestrian
34,414.0,658.0,459.0,739.0,256,0,0,1,Pedestrian
34,414.0,658.0,459.0,739.0,257,0,0,1,Pedestrian
34,416.0,658.0,461.0,739.0,258,0,0,1,Pedestrian
34,418.0,658.0,463.0,739.0,259,0,0,1,Pedestrian
34,418.0,658.0,463.0,739.0,260,0,0,1,Pedestrian
34,420.0,658.0,465.0,739.0,261,0,0,1,Pedestrian
34,422.0,658.0,467.0,739.0,262,0,0,1,Pedestrian
34,422.0,658.0,467.0,739.0,263,0,0,1,Pedestrian
34,424.0,658.0,469.0,739.0,264,0,0,1,Pedestrian
34,426.0,658.0,471.0,739.0,265,0,0,1,Pedestrian
34,426.0,658.0,471.0,739.0,266,0,0,1,Pedestrian
34,428.0,658.0,473.0,739.0,267,0,0,1,Pedestrian
34,430.0,658.0,475.0,739.0,268,0,0,1,Pedestrian
34,432.0,658.0,477.0,739.0,269,0,0,1,Pedestrian
34,432.0,658.0,477.0,739.0,270,0,0,1,Pedestrian
34,435.0,658.0,479.0,739.0,271,0,0,1,Pedestrian
34,437.0,658.0,481.0,739.0,272,0,0,1,Pedestrian
34,437.0,658.0,481.0,739.0,273,0,0,1,Pedestrian
34,439.0,658.0,483.0,739.0,274,0,0,1,Pedestrian
34,441.0,658.0,485.0,739.0,275,0,0,1,Pedestrian
34,441.0,658.0,485.0,739.0,276,0,0,1,Pedestrian
34,443.0,658.0,487.0,739.0,277,0,0,1,Pedestrian
34,445.0,658.0,489.0,739.0,278,0,0,1,Pedestrian
34,445.0,658.0,489.0,739.0,279,0,0,1,Pedestrian
34,447.0,658.0,491.0,739.0,280,0,0,1,Pedestrian
34,449.0,658.0,493.0,739.0,281,0,0,1,Pedestrian
34,451.0,658.0,495.0,739.0,282,0,0,1,Pedestrian
34,451.0,658.0,495.0,739.0,283,0,0,1,Pedestrian
34,453.0,658.0,497.0,739.0,284,0,0,1,Pedestrian
34,455.0,658.0,499.0,739.0,285,0,0,1,Pedestrian
34,455.0,658.0,499.0,739.0,286,0,0,1,Pedestrian
34,457.0,658.0,501.0,739.0,287,0,0,1,Pedestrian
34,459.0,658.0,503.0,739.0,288,0,0,1,Pedestrian
34,459.0,658.0,503.0,739.0,289,0,0,1,Pedestrian
34,461.0,658.0,505.0,739.0,290,0,0,1,Pedestrian
34,463.0,658.0,507.0,739.0,291,0,0,1,Pedestrian
34,463.0,658.0,507.0,739.0,292,0,0,1,Pedestrian
34,465.0,658.0,509.0,739.0,293,0,0,1,Pedestrian
34,467.0,658.0,511.0,739.0,294,0,0,1,Pedestrian
34,469.0,658.0,513.0,739.0,295,0,0,1,Pedestrian
34,469.0,658.0,513.0,739.0,296,0,0,1,Pedestrian
34,471.0,658.0,515.0,739.0,297,0,0,1,Pedestrian
34,473.0,658.0,517.0,739.0,298,0,0,1,Pedestrian
34,473.0,658.0,517.0,739.0,299,0,0,1,Pedestrian
34,475.0,658.0,519.0,739.0,300,0,0,1,Pedestrian
34,477.0,658.0,521.0,739.0,301,0,0,1,Pedestrian
34,477.0,658.0,521.0,739.0,302,0,0,1,Pedestrian
34,479.0,658.0,523.0,739.0,303,0,0,1,Pedestrian
34,481.0,658.0,525.0,739.0,304,0,0,1,Pedestrian
34,481.0,658.0,525.0,739.0,305,0,0,1,Pedestrian
34,483.0,658.0,527.0,739.0,306,0,0,1,Pedestrian
34,485.0,658.0,529.0,739.0,307,0,0,1,Pedestrian
34,487.0,658.0,531.0,739.0,308,0,0,1,Pedestrian
34,487.0,658.0,531.0,739.0,309,0,0,1,Pedestrian
34,489.0,658.0,533.0,739.0,310,0,0,1,Pedestrian
34,491.0,658.0,535.0,739.0,311,0,0,1,Pedestrian
34,491.0,658.0,535.0,739.0,312,0,0,1,Pedestrian
34,493.0,658.0,537.0,739.0,313,0,0,1,Pedestrian
34,495.0,658.0,539.0,739.0,314,0,0,1,Pedestrian
34,495.0,658.0,539.0,739.0,315,0,0,1,Pedestrian
34,497.0,658.0,541.0,739.0,316,0,0,1,Pedestrian
34,499.0,658.0,543.0,739.0,317,0,0,1,Pedestrian
34,499.0,658.0,543.0,739.0,318,0,0,1,Pedestrian
34,501.0,658.0,545.0,739.0,319,0,0,1,Pedestrian
34,503.0,658.0,547.0,739.0,320,0,0,1,Pedestrian
34,505.0,658.0,549.0,739.0,321,0,0,1,Pedestrian
34,505.0,658.0,549.0,739.0,322,0,0,1,Pedestrian
34,507.0,658.0,551.0,739.0,323,0,0,1,Pedestrian
34,509.0,658.0,553.0,739.0,324,0,0,1,Pedestrian
34,509.0,658.0,553.0,739.0,325,0,0,1,Pedestrian
34,511.0,658.0,555.0,739.0,326,0,0,1,Pedestrian
34,513.0,658.0,557.0,739.0,327,0,0,1,Pedestrian
34,513.0,658.0,557.0,739.0,328,0,0,1,Pedestrian
34,515.0,658.0,559.0,739.0,329,0,0,1,Pedestrian
34,517.0,658.0,561.0,739.0,330,0,0,1,Pedestrian
34,517.0,658.0,561.0,739.0,331,0,0,1,Pedestrian
34,519.0,658.0,563.0,739.0,332,0,0,1,Pedestrian
34,521.0,658.0,565.0,739.0,333,0,0,1,Pedestrian
34,523.0,662.0,567.0,743.0,334,0,0,0,Pedestrian
34,523.0,662.0,567.0,743.0,335,0,0,1,Pedestrian
34,525.0,662.0,569.0,743.0,336,0,0,1,Pedestrian
34,527.0,662.0,571.0,743.0,337,0,0,1,Pedestrian
34,527.0,662.0,571.0,743.0,338,0,0,1,Pedestrian
34,529.0,662.0,573.0,743.0,339,0,0,1,Pedestrian
34,531.0,662.0,575.0,743.0,340,0,0,1,Pedestrian
34,533.0,662.0,577.0,743.0,341,0,0,1,Pedestrian
34,533.0,662.0,577.0,743.0,342,0,0,1,Pedestrian
34,535.0,662.0,580.0,743.0,343,0,0,1,Pedestrian
34,537.0,662.0,582.0,743.0,344,0,0,1,Pedestrian
34,539.0,662.0,584.0,743.0,345,0,0,1,Pedestrian
34,539.0,662.0,584.0,743.0,346,0,0,1,Pedestrian
34,541.0,662.0,586.0,743.0,347,0,0,1,Pedestrian
34,543.0,662.0,588.0,743.0,348,0,0,1,Pedestrian
34,543.0,662.0,588.0,743.0,349,0,0,1,Pedestrian
34,545.0,662.0,590.0,743.0,350,0,0,1,Pedestrian
34,547.0,662.0,592.0,743.0,351,0,0,1,Pedestrian
34,549.0,662.0,594.0,743.0,352,0,0,1,Pedestrian
34,549.0,662.0,594.0,743.0,353,0,0,1,Pedestrian
34,551.0,662.0,596.0,743.0,354,0,0,1,Pedestrian
34,553.0,662.0,598.0,743.0,355,0,0,1,Pedestrian
34,555.0,662.0,600.0,743.0,356,0,0,1,Pedestrian
34,555.0,662.0,600.0,743.0,357,0,0,1,Pedestrian
34,557.0,662.0,602.0,743.0,358,0,0,1,Pedestrian
34,559.0,662.0,604.0,743.0,359,0,0,1,Pedestrian
34,559.0,662.0,604.0,743.0,360,0,0,1,Pedestrian
34,561.0,662.0,606.0,743.0,361,0,0,1,Pedestrian
34,563.0,662.0,608.0,743.0,362,0,0,1,Pedestrian
34,565.0,662.0,610.0,743.0,363,0,0,1,Pedestrian
34,565.0,662.0,610.0,743.0,364,0,0,1,Pedestrian
34,567.0,662.0,612.0,743.0,365,0,0,1,Pedestrian
34,569.0,662.0,614.0,743.0,366,0,0,1,Pedestrian
34,571.0,662.0,616.0,743.0,367,0,0,1,Pedestrian
34,571.0,666.0,616.0,747.0,368,0,0,1,Pedestrian
34,573.0,666.0,618.0,747.0,369,0,0,1,Pedestrian
34,575.0,666.0,620.0,747.0,370,0,0,1,Pedestrian
34,575.0,666.0,620.0,747.0,371,0,0,1,Pedestrian
34,577.0,666.0,622.0,747.0,372,0,0,1,Pedestrian
34,580.0,666.0,624.0,747.0,373,0,0,1,Pedestrian
34,582.0,666.0,626.0,747.0,374,0,0,1,Pedestrian
34,582.0,666.0,626.0,747.0,375,0,0,1,Pedestrian
34,584.0,666.0,628.0,747.0,376,0,0,1,Pedestrian
34,586.0,666.0,630.0,747.0,377,0,0,1,Pedestrian
34,588.0,666.0,632.0,747.0,378,0,0,1,Pedestrian
34,588.0,666.0,632.0,747.0,379,0,0,1,Pedestrian
34,590.0,666.0,634.0,747.0,380,0,0,1,Pedestrian
34,592.0,666.0,636.0,747.0,381,0,0,1,Pedestrian
34,592.0,666.0,636.0,747.0,382,0,0,1,Pedestrian
34,594.0,666.0,638.0,747.0,383,0,0,1,Pedestrian
34,596.0,666.0,640.0,747.0,384,0,0,1,Pedestrian
34,598.0,666.0,642.0,747.0,385,0,0,1,Pedestrian
34,598.0,666.0,642.0,747.0,386,0,0,1,Pedestrian
34,600.0,666.0,644.0,747.0,387,0,0,1,Pedestrian
34,602.0,666.0,646.0,747.0,388,0,0,1,Pedestrian
34,604.0,666.0,648.0,747.0,389,0,0,1,Pedestrian
34,604.0,666.0,648.0,747.0,390,0,0,1,Pedestrian
34,606.0,666.0,650.0,747.0,391,0,0,1,Pedestrian
34,608.0,666.0,652.0,747.0,392,0,0,1,Pedestrian
34,610.0,666.0,654.0,747.0,393,0,0,1,Pedestrian
34,610.0,666.0,654.0,747.0,394,0,0,1,Pedestrian
34,612.0,666.0,656.0,747.0,395,0,0,1,Pedestrian
34,614.0,666.0,658.0,747.0,396,0,0,1,Pedestrian
34,614.0,666.0,658.0,747.0,397,0,0,1,Pedestrian
34,616.0,666.0,660.0,747.0,398,0,0,1,Pedestrian
34,618.0,666.0,662.0,747.0,399,0,0,1,Pedestrian
34,620.0,666.0,664.0,747.0,400,0,0,1,Pedestrian
34,620.0,670.0,664.0,751.0,401,0,0,1,Pedestrian
34,622.0,670.0,666.0,751.0,402,0,0,1,Pedestrian
34,624.0,670.0,668.0,751.0,403,0,0,1,Pedestrian
34,626.0,670.0,670.0,751.0,404,0,0,1,Pedestrian
34,626.0,670.0,670.0,751.0,405,0,0,1,Pedestrian
34,628.0,670.0,672.0,751.0,406,0,0,1,Pedestrian
34,630.0,670.0,674.0,751.0,407,0,0,1,Pedestrian
34,630.0,670.0,674.0,751.0,408,0,0,1,Pedestrian
34,632.0,670.0,676.0,751.0,409,0,0,1,Pedestrian
34,634.0,670.0,678.0,751.0,410,0,0,1,Pedestrian
34,636.0,670.0,680.0,751.0,411,0,0,1,Pedestrian
34,636.0,670.0,680.0,751.0,412,0,0,1,Pedestrian
34,638.0,670.0,682.0,751.0,413,0,0,1,Pedestrian
34,640.0,670.0,684.0,751.0,414,0,0,1,Pedestrian
34,642.0,670.0,686.0,751.0,415,0,0,1,Pedestrian
34,642.0,670.0,686.0,751.0,416,0,0,1,Pedestrian
34,644.0,670.0,688.0,751.0,417,0,0,1,Pedestrian
34,646.0,670.0,690.0,751.0,418,0,0,1,Pedestrian
34,646.0,670.0,690.0,751.0,419,0,0,1,Pedestrian
34,648.0,670.0,692.0,751.0,420,0,0,1,Pedestrian
34,650.0,670.0,694.0,751.0,421,0,0,1,Pedestrian
34,652.0,670.0,696.0,751.0,422,0,0,1,Pedestrian
34,652.0,670.0,696.0,751.0,423,0,0,1,Pedestrian
34,654.0,670.0,698.0,751.0,424,0,0,1,Pedestrian
34,656.0,670.0,700.0,751.0,425,0,0,1,Pedestrian
34,658.0,670.0,702.0,751.0,426,0,0,1,Pedestrian
34,658.0,670.0,702.0,751.0,427,0,0,1,Pedestrian
34,660.0,670.0,704.0,751.0,428,0,0,1,Pedestrian
34,662.0,670.0,706.0,751.0,429,0,0,1,Pedestrian
34,662.0,670.0,706.0,751.0,430,0,0,1,Pedestrian
34,664.0,670.0,708.0,751.0,431,0,0,1,Pedestrian
34,666.0,670.0,710.0,751.0,432,0,0,1,Pedestrian
34,668.0,670.0,712.0,751.0,433,0,0,1,Pedestrian
34,668.0,674.0,712.0,755.0,434,0,0,1,Pedestrian
34,670.0,674.0,714.0,755.0,435,0,0,1,Pedestrian
34,672.0,674.0,716.0,755.0,436,0,0,1,Pedestrian
34,674.0,674.0,718.0,755.0,437,0,0,1,Pedestrian
34,674.0,674.0,718.0,755.0,438,0,0,1,Pedestrian
34,676.0,674.0,720.0,755.0,439,0,0,1,Pedestrian
34,678.0,674.0,722.0,755.0,440,0,0,1,Pedestrian
34,678.0,674.0,722.0,755.0,441,0,0,1,Pedestrian
34,680.0,674.0,725.0,755.0,442,0,0,1,Pedestrian
34,682.0,674.0,727.0,755.0,443,0,0,1,Pedestrian
34,684.0,674.0,729.0,755.0,444,0,0,1,Pedestrian
34,684.0,674.0,729.0,755.0,445,0,0,1,Pedestrian
34,686.0,674.0,731.0,755.0,446,0,0,1,Pedestrian
34,688.0,674.0,733.0,755.0,447,0,0,1,Pedestrian
34,690.0,674.0,735.0,755.0,448,0,0,1,Pedestrian
34,690.0,674.0,735.0,755.0,449,0,0,1,Pedestrian
34,692.0,674.0,737.0,755.0,450,0,0,1,Pedestrian
34,694.0,674.0,739.0,755.0,451,0,0,1,Pedestrian
34,696.0,674.0,741.0,755.0,452,0,0,1,Pedestrian
34,696.0,674.0,741.0,755.0,453,0,0,1,Pedestrian
34,698.0,674.0,743.0,755.0,454,0,0,1,Pedestrian
34,700.0,674.0,745.0,755.0,455,0,0,1,Pedestrian
34,700.0,674.0,745.0,755.0,456,0,0,1,Pedestrian
34,702.0,674.0,747.0,755.0,457,0,0,1,Pedestrian
34,704.0,674.0,749.0,755.0,458,0,0,1,Pedestrian
34,706.0,674.0,751.0,755.0,459,0,0,1,Pedestrian
34,706.0,674.0,751.0,755.0,460,0,0,1,Pedestrian
34,708.0,674.0,753.0,755.0,461,0,0,1,Pedestrian
34,710.0,674.0,755.0,755.0,462,0,0,1,Pedestrian
34,712.0,674.0,757.0,755.0,463,0,0,1,Pedestrian
34,712.0,674.0,757.0,755.0,464,0,0,1,Pedestrian
34,714.0,674.0,759.0,755.0,465,0,0,1,Pedestrian
34,716.0,674.0,761.0,755.0,466,0,0,1,Pedestrian
34,716.0,679.0,761.0,759.0,467,0,0,1,Pedestrian
34,718.0,679.0,763.0,759.0,468,0,0,1,Pedestrian
34,720.0,679.0,765.0,759.0,469,0,0,1,Pedestrian
34,722.0,679.0,767.0,759.0,470,0,0,1,Pedestrian
34,722.0,679.0,767.0,759.0,471,0,0,1,Pedestrian
34,725.0,679.0,769.0,759.0,472,0,0,1,Pedestrian
34,727.0,679.0,771.0,759.0,473,0,0,1,Pedestrian
34,729.0,679.0,773.0,759.0,474,0,0,1,Pedestrian
34,729.0,679.0,773.0,759.0,475,0,0,1,Pedestrian
34,731.0,679.0,775.0,759.0,476,0,0,1,Pedestrian
34,733.0,679.0,777.0,759.0,477,0,0,1,Pedestrian
34,733.0,679.0,777.0,759.0,478,0,0,1,Pedestrian
34,735.0,679.0,779.0,759.0,479,0,0,1,Pedestrian
34,737.0,679.0,781.0,759.0,480,0,0,1,Pedestrian
34,739.0,679.0,783.0,759.0,481,0,0,1,Pedestrian
34,739.0,679.0,783.0,759.0,482,0,0,1,Pedestrian
34,741.0,679.0,785.0,759.0,483,0,0,1,Pedestrian
34,743.0,679.0,787.0,759.0,484,0,0,1,Pedestrian
34,745.0,679.0,789.0,759.0,485,0,0,1,Pedestrian
34,745.0,679.0,789.0,759.0,486,0,0,1,Pedestrian
34,747.0,679.0,791.0,759.0,487,0,0,1,Pedestrian
34,749.0,679.0,793.0,759.0,488,0,0,1,Pedestrian
34,749.0,679.0,793.0,759.0,489,0,0,1,Pedestrian
34,751.0,679.0,795.0,759.0,490,0,0,1,Pedestrian
34,753.0,679.0,797.0,759.0,491,0,0,1,Pedestrian
34,755.0,679.0,799.0,759.0,492,0,0,1,Pedestrian
34,755.0,679.0,799.0,759.0,493,0,0,1,Pedestrian
34,757.0,679.0,801.0,759.0,494,0,0,1,Pedestrian
34,759.0,679.0,803.0,759.0,495,0,0,1,Pedestrian
34,761.0,679.0,805.0,759.0,496,0,0,1,Pedestrian
34,761.0,679.0,805.0,759.0,497,0,0,1,Pedestrian
34,763.0,679.0,807.0,759.0,498,0,0,1,Pedestrian
34,765.0,679.0,809.0,759.0,499,0,0,1,Pedestrian
34,767.0,683.0,811.0,763.0,500,0,0,0,Pedestrian
34,767.0,683.0,813.0,763.0,501,0,0,1,Pedestrian
34,769.0,683.0,815.0,763.0,502,0,0,1,Pedestrian
34,769.0,683.0,817.0,763.0,503,0,0,1,Pedestrian
34,771.0,683.0,821.0,763.0,504,0,0,1,Pedestrian
34,773.0,683.0,823.0,763.0,505,0,0,1,Pedestrian
34,773.0,683.0,825.0,763.0,506,0,0,1,Pedestrian
34,775.0,683.0,829.0,763.0,507,0,0,1,Pedestrian
34,775.0,683.0,831.0,763.0,508,0,0,1,Pedestrian
34,777.0,683.0,833.0,763.0,509,0,0,1,Pedestrian
34,779.0,683.0,837.0,763.0,510,0,0,1,Pedestrian
34,779.0,683.0,839.0,763.0,511,0,0,1,Pedestrian
34,781.0,683.0,841.0,763.0,512,0,0,1,Pedestrian
34,781.0,683.0,843.0,763.0,513,0,0,1,Pedestrian
34,783.0,683.0,847.0,763.0,514,0,0,1,Pedestrian
34,785.0,683.0,849.0,763.0,515,0,0,1,Pedestrian
34,785.0,683.0,851.0,763.0,516,0,0,1,Pedestrian
34,787.0,683.0,855.0,763.0,517,0,0,1,Pedestrian
34,787.0,683.0,857.0,763.0,518,0,0,1,Pedestrian
34,789.0,683.0,859.0,763.0,519,0,0,1,Pedestrian
34,791.0,683.0,863.0,767.0,520,0,0,0,Pedestrian
34,793.0,683.0,865.0,767.0,521,0,0,1,Pedestrian
34,795.0,683.0,867.0,767.0,522,0,0,1,Pedestrian
34,797.0,683.0,870.0,767.0,523,0,0,1,Pedestrian
34,799.0,683.0,872.0,767.0,524,0,0,1,Pedestrian
34,801.0,683.0,874.0,767.0,525,0,0,1,Pedestrian
34,803.0,683.0,876.0,767.0,526,0,0,1,Pedestrian
34,805.0,683.0,878.0,767.0,527,0,0,1,Pedestrian
34,807.0,683.0,880.0,767.0,528,0,0,1,Pedestrian
34,809.0,683.0,882.0,767.0,529,0,0,1,Pedestrian
34,811.0,683.0,884.0,767.0,530,0,0,1,Pedestrian
34,813.0,683.0,886.0,767.0,531,0,0,1,Pedestrian
34,815.0,683.0,888.0,767.0,532,0,0,1,Pedestrian
34,817.0,683.0,890.0,767.0,533,0,0,1,Pedestrian
34,819.0,683.0,892.0,767.0,534,0,0,1,Pedestrian
34,821.0,683.0,894.0,767.0,535,0,0,1,Pedestrian
34,823.0,683.0,896.0,767.0,536,0,0,1,Pedestrian
34,825.0,683.0,898.0,767.0,537,0,0,1,Pedestrian
34,827.0,683.0,900.0,767.0,538,0,0,1,Pedestrian
34,829.0,683.0,902.0,767.0,539,0,0,1,Pedestrian
34,831.0,687.0,904.0,771.0,540,0,0,0,Pedestrian
34,831.0,687.0,904.0,771.0,541,0,0,1,Pedestrian
34,831.0,687.0,904.0,771.0,542,0,0,1,Pedestrian
34,831.0,687.0,904.0,771.0,543,0,0,1,Pedestrian
34,831.0,687.0,904.0,771.0,544,0,0,1,Pedestrian
34,831.0,687.0,904.0,771.0,545,0,0,1,Pedestrian
34,831.0,687.0,904.0,771.0,546,0,0,1,Pedestrian
34,831.0,687.0,904.0,771.0,547,0,0,1,Pedestrian
34,831.0,687.0,904.0,771.0,548,0,0,1,Pedestrian
34,831.0,687.0,904.0,771.0,549,0,0,1,Pedestrian
34,831.0,687.0,904.0,771.0,550,0,0,1,Pedestrian
34,831.0,687.0,904.0,771.0,551,0,0,1,Pedestrian
34,831.0,687.0,904.0,771.0,552,0,0,1,Pedestrian
34,831.0,687.0,904.0,771.0,553,0,0,1,Pedestrian
34,831.0,687.0,904.0,771.0,554,0,0,1,Pedestrian
34,831.0,687.0,904.0,771.0,555,0,0,1,Pedestrian
34,831.0,687.0,904.0,771.0,556,0,0,1,Pedestrian
34,831.0,687.0,904.0,771.0,557,0,0,1,Pedestrian
34,831.0,687.0,904.0,771.0,558,0,0,1,Pedestrian
34,831.0,687.0,904.0,771.0,559,0,0,1,Pedestrian
34,831.0,687.0,904.0,771.0,560,0,0,1,Pedestrian
34,831.0,687.0,904.0,771.0,561,0,0,1,Pedestrian
34,831.0,687.0,904.0,771.0,562,0,0,1,Pedestrian
34,831.0,687.0,904.0,771.0,563,0,0,1,Pedestrian
34,831.0,687.0,904.0,771.0,564,0,0,1,Pedestrian
34,831.0,687.0,904.0,771.0,565,0,0,1,Pedestrian
34,831.0,687.0,904.0,771.0,566,0,0,1,Pedestrian
34,831.0,687.0,904.0,771.0,567,0,0,1,Pedestrian
34,831.0,687.0,904.0,771.0,568,0,0,1,Pedestrian
34,831.0,687.0,904.0,771.0,569,0,0,1,Pedestrian
34,831.0,687.0,904.0,771.0,570,0,0,1,Pedestrian
34,831.0,687.0,904.0,771.0,571,0,0,1,Pedestrian
34,831.0,687.0,904.0,771.0,572,0,0,1,Pedestrian
34,831.0,687.0,904.0,771.0,573,0,0,0,Pedestrian
35,789.0,396.0,855.0,493.0,0,0,0,0,Pedestrian
35,789.0,396.0,855.0,493.0,1,0,0,1,Pedestrian
35,789.0,396.0,855.0,493.0,2,0,0,1,Pedestrian
35,789.0,396.0,855.0,493.0,3,0,0,1,Pedestrian
35,789.0,396.0,855.0,493.0,4,0,0,1,Pedestrian
35,789.0,396.0,855.0,493.0,5,0,0,1,Pedestrian
35,789.0,396.0,855.0,493.0,6,0,0,1,Pedestrian
35,789.0,396.0,855.0,493.0,7,0,0,1,Pedestrian
35,789.0,396.0,855.0,493.0,8,0,0,1,Pedestrian
35,789.0,396.0,855.0,493.0,9,0,0,1,Pedestrian
35,789.0,396.0,855.0,493.0,10,0,0,1,Pedestrian
35,789.0,396.0,855.0,493.0,11,0,0,1,Pedestrian
35,789.0,396.0,855.0,493.0,12,0,0,1,Pedestrian
35,789.0,396.0,855.0,493.0,13,0,0,1,Pedestrian
35,789.0,396.0,855.0,493.0,14,0,0,1,Pedestrian
35,789.0,396.0,855.0,493.0,15,0,0,1,Pedestrian
35,789.0,396.0,855.0,493.0,16,0,0,1,Pedestrian
35,789.0,396.0,855.0,493.0,17,0,0,1,Pedestrian
35,789.0,396.0,855.0,493.0,18,0,0,1,Pedestrian
35,789.0,396.0,855.0,493.0,19,0,0,1,Pedestrian
35,789.0,396.0,855.0,493.0,20,0,0,1,Pedestrian
35,789.0,396.0,855.0,493.0,21,0,0,1,Pedestrian
35,789.0,396.0,855.0,493.0,22,0,0,1,Pedestrian
35,789.0,396.0,855.0,493.0,23,0,0,1,Pedestrian
35,789.0,396.0,855.0,493.0,24,0,0,1,Pedestrian
35,789.0,396.0,855.0,493.0,25,0,0,1,Pedestrian
35,789.0,396.0,855.0,493.0,26,0,0,1,Pedestrian
35,789.0,396.0,855.0,493.0,27,0,0,1,Pedestrian
35,789.0,396.0,855.0,493.0,28,0,0,1,Pedestrian
35,789.0,396.0,855.0,493.0,29,0,0,1,Pedestrian
35,789.0,396.0,855.0,493.0,30,0,0,1,Pedestrian
35,789.0,396.0,855.0,493.0,31,0,0,1,Pedestrian
35,789.0,396.0,855.0,493.0,32,0,0,1,Pedestrian
35,789.0,396.0,855.0,493.0,33,0,0,1,Pedestrian
35,789.0,396.0,855.0,493.0,34,0,0,1,Pedestrian
35,789.0,396.0,855.0,493.0,35,0,0,1,Pedestrian
35,789.0,396.0,855.0,493.0,36,0,0,1,Pedestrian
35,789.0,396.0,855.0,493.0,37,0,0,1,Pedestrian
35,789.0,396.0,855.0,493.0,38,0,0,1,Pedestrian
35,789.0,396.0,855.0,493.0,39,0,0,1,Pedestrian
35,789.0,396.0,855.0,493.0,40,0,0,1,Pedestrian
35,789.0,396.0,855.0,493.0,41,0,0,1,Pedestrian
35,789.0,396.0,855.0,493.0,42,0,0,1,Pedestrian
35,789.0,396.0,855.0,493.0,43,0,0,1,Pedestrian
35,789.0,396.0,855.0,493.0,44,0,0,1,Pedestrian
35,789.0,396.0,855.0,493.0,45,0,0,1,Pedestrian
35,789.0,396.0,855.0,493.0,46,0,0,1,Pedestrian
35,789.0,396.0,855.0,493.0,47,0,0,1,Pedestrian
35,789.0,396.0,855.0,493.0,48,0,0,1,Pedestrian
35,789.0,396.0,855.0,493.0,49,0,0,1,Pedestrian
35,789.0,396.0,855.0,493.0,50,0,0,1,Pedestrian
35,789.0,396.0,855.0,493.0,51,0,0,1,Pedestrian
35,789.0,396.0,855.0,493.0,52,0,0,1,Pedestrian
35,789.0,396.0,855.0,493.0,53,0,0,1,Pedestrian
35,789.0,396.0,855.0,493.0,54,0,0,1,Pedestrian
35,789.0,396.0,855.0,493.0,55,0,0,1,Pedestrian
35,789.0,396.0,855.0,493.0,56,0,0,1,Pedestrian
35,789.0,396.0,855.0,493.0,57,0,0,1,Pedestrian
35,789.0,396.0,855.0,493.0,58,0,0,1,Pedestrian
35,789.0,396.0,855.0,493.0,59,0,0,1,Pedestrian
35,789.0,396.0,855.0,493.0,60,0,0,1,Pedestrian
35,789.0,396.0,855.0,493.0,61,0,0,1,Pedestrian
35,789.0,396.0,855.0,493.0,62,0,0,1,Pedestrian
35,789.0,396.0,855.0,493.0,63,0,0,1,Pedestrian
35,789.0,396.0,855.0,493.0,64,0,0,1,Pedestrian
35,789.0,396.0,855.0,493.0,65,0,0,1,Pedestrian
35,789.0,396.0,855.0,493.0,66,0,0,1,Pedestrian
35,789.0,396.0,855.0,493.0,67,0,0,1,Pedestrian
35,789.0,396.0,855.0,493.0,68,0,0,1,Pedestrian
35,789.0,396.0,855.0,493.0,69,0,0,1,Pedestrian
35,789.0,396.0,855.0,493.0,70,0,0,1,Pedestrian
35,789.0,396.0,855.0,493.0,71,0,0,1,Pedestrian
35,789.0,396.0,855.0,493.0,72,0,0,1,Pedestrian
35,789.0,396.0,855.0,493.0,73,0,0,1,Pedestrian
35,789.0,396.0,855.0,493.0,74,0,0,1,Pedestrian
35,789.0,396.0,855.0,493.0,75,0,0,1,Pedestrian
35,789.0,396.0,855.0,493.0,76,0,0,1,Pedestrian
35,789.0,396.0,855.0,493.0,77,0,0,1,Pedestrian
35,789.0,396.0,855.0,493.0,78,0,0,1,Pedestrian
35,789.0,396.0,855.0,493.0,79,0,0,1,Pedestrian
35,789.0,396.0,855.0,493.0,80,0,0,1,Pedestrian
35,789.0,396.0,855.0,493.0,81,0,0,1,Pedestrian
35,789.0,396.0,855.0,493.0,82,0,0,1,Pedestrian
35,789.0,396.0,855.0,493.0,83,0,0,1,Pedestrian
35,789.0,396.0,855.0,493.0,84,0,0,1,Pedestrian
35,789.0,396.0,855.0,493.0,85,0,0,1,Pedestrian
35,789.0,396.0,855.0,493.0,86,0,0,1,Pedestrian
35,789.0,396.0,855.0,493.0,87,0,0,1,Pedestrian
35,789.0,396.0,855.0,493.0,88,0,0,1,Pedestrian
35,789.0,396.0,855.0,493.0,89,0,0,1,Pedestrian
35,789.0,396.0,855.0,493.0,90,0,0,1,Pedestrian
35,789.0,396.0,855.0,493.0,91,0,0,1,Pedestrian
35,789.0,396.0,855.0,493.0,92,0,0,1,Pedestrian
35,789.0,396.0,855.0,493.0,93,0,0,1,Pedestrian
35,789.0,396.0,855.0,493.0,94,0,0,1,Pedestrian
35,789.0,396.0,855.0,493.0,95,0,0,1,Pedestrian
35,789.0,396.0,855.0,493.0,96,0,0,1,Pedestrian
35,789.0,396.0,855.0,493.0,97,0,0,1,Pedestrian
35,789.0,396.0,855.0,493.0,98,0,0,1,Pedestrian
35,789.0,396.0,855.0,493.0,99,0,0,1,Pedestrian
35,789.0,396.0,855.0,493.0,100,0,0,1,Pedestrian
35,789.0,396.0,855.0,493.0,101,0,0,1,Pedestrian
35,789.0,396.0,855.0,493.0,102,0,0,1,Pedestrian
35,789.0,396.0,855.0,493.0,103,0,0,1,Pedestrian
35,789.0,396.0,855.0,493.0,104,0,0,1,Pedestrian
35,789.0,396.0,855.0,493.0,105,0,0,1,Pedestrian
35,789.0,396.0,855.0,493.0,106,0,0,1,Pedestrian
35,789.0,396.0,855.0,493.0,107,0,0,1,Pedestrian
35,789.0,396.0,855.0,493.0,108,0,0,1,Pedestrian
35,789.0,396.0,855.0,493.0,109,0,0,1,Pedestrian
35,789.0,396.0,855.0,493.0,110,0,0,1,Pedestrian
35,789.0,396.0,855.0,493.0,111,0,0,1,Pedestrian
35,789.0,396.0,855.0,493.0,112,0,0,1,Pedestrian
35,789.0,396.0,855.0,493.0,113,0,0,1,Pedestrian
35,789.0,396.0,855.0,493.0,114,0,0,1,Pedestrian
35,789.0,396.0,855.0,493.0,115,0,0,1,Pedestrian
35,789.0,396.0,855.0,493.0,116,0,0,1,Pedestrian
35,789.0,396.0,855.0,493.0,117,0,0,1,Pedestrian
35,789.0,396.0,855.0,493.0,118,0,0,1,Pedestrian
35,789.0,396.0,855.0,493.0,119,0,0,1,Pedestrian
35,789.0,396.0,855.0,493.0,120,0,0,1,Pedestrian
35,789.0,396.0,855.0,493.0,121,0,0,1,Pedestrian
35,789.0,396.0,855.0,493.0,122,0,0,1,Pedestrian
35,789.0,396.0,855.0,493.0,123,0,0,1,Pedestrian
35,789.0,396.0,855.0,493.0,124,0,0,1,Pedestrian
35,789.0,396.0,855.0,493.0,125,0,0,1,Pedestrian
35,789.0,396.0,855.0,493.0,126,0,0,1,Pedestrian
35,789.0,396.0,855.0,493.0,127,0,0,1,Pedestrian
35,789.0,396.0,855.0,493.0,128,0,0,1,Pedestrian
35,789.0,396.0,855.0,493.0,129,0,0,1,Pedestrian
35,789.0,396.0,855.0,493.0,130,0,0,1,Pedestrian
35,789.0,396.0,855.0,493.0,131,0,0,1,Pedestrian
35,789.0,396.0,855.0,493.0,132,0,0,1,Pedestrian
35,789.0,396.0,855.0,493.0,133,0,0,1,Pedestrian
35,789.0,396.0,855.0,493.0,134,0,0,1,Pedestrian
35,789.0,396.0,855.0,493.0,135,0,0,1,Pedestrian
35,789.0,396.0,855.0,493.0,136,0,0,1,Pedestrian
35,789.0,396.0,855.0,493.0,137,0,0,1,Pedestrian
35,789.0,396.0,855.0,493.0,138,0,0,1,Pedestrian
35,789.0,396.0,855.0,493.0,139,0,0,1,Pedestrian
35,789.0,396.0,855.0,493.0,140,0,0,1,Pedestrian
35,789.0,396.0,855.0,493.0,141,0,0,1,Pedestrian
35,789.0,396.0,855.0,493.0,142,0,0,1,Pedestrian
35,789.0,396.0,855.0,493.0,143,0,0,1,Pedestrian
35,789.0,396.0,855.0,493.0,144,0,0,1,Pedestrian
35,789.0,396.0,855.0,493.0,145,0,0,1,Pedestrian
35,789.0,396.0,855.0,493.0,146,0,0,1,Pedestrian
35,789.0,396.0,855.0,493.0,147,0,0,1,Pedestrian
35,789.0,396.0,855.0,493.0,148,0,0,1,Pedestrian
35,789.0,396.0,855.0,493.0,149,0,0,1,Pedestrian
35,789.0,396.0,855.0,493.0,150,0,0,1,Pedestrian
35,789.0,396.0,855.0,493.0,151,0,0,1,Pedestrian
35,789.0,396.0,855.0,493.0,152,0,0,1,Pedestrian
35,789.0,396.0,855.0,493.0,153,0,0,1,Pedestrian
35,789.0,396.0,855.0,493.0,154,0,0,1,Pedestrian
35,789.0,396.0,855.0,493.0,155,0,0,1,Pedestrian
35,789.0,396.0,855.0,493.0,156,0,0,1,Pedestrian
35,789.0,396.0,855.0,493.0,157,0,0,1,Pedestrian
35,789.0,396.0,855.0,493.0,158,0,0,1,Pedestrian
35,789.0,396.0,855.0,493.0,159,0,0,1,Pedestrian
35,789.0,396.0,855.0,493.0,160,0,0,1,Pedestrian
35,789.0,396.0,855.0,493.0,161,0,0,1,Pedestrian
35,789.0,396.0,855.0,493.0,162,0,0,1,Pedestrian
35,789.0,396.0,855.0,493.0,163,0,0,1,Pedestrian
35,789.0,396.0,855.0,493.0,164,0,0,1,Pedestrian
35,789.0,396.0,855.0,493.0,165,0,0,1,Pedestrian
35,789.0,396.0,855.0,493.0,166,0,0,1,Pedestrian
35,789.0,396.0,855.0,493.0,167,0,0,1,Pedestrian
35,789.0,396.0,855.0,493.0,168,0,0,1,Pedestrian
35,789.0,396.0,855.0,493.0,169,0,0,1,Pedestrian
35,789.0,396.0,855.0,493.0,170,0,0,1,Pedestrian
35,789.0,396.0,855.0,493.0,171,0,0,1,Pedestrian
35,789.0,396.0,855.0,493.0,172,0,0,1,Pedestrian
35,789.0,396.0,855.0,493.0,173,0,0,1,Pedestrian
35,789.0,396.0,855.0,493.0,174,0,0,1,Pedestrian
35,789.0,396.0,855.0,493.0,175,0,0,1,Pedestrian
35,789.0,396.0,855.0,493.0,176,0,0,1,Pedestrian
35,789.0,396.0,855.0,493.0,177,0,0,1,Pedestrian
35,789.0,396.0,855.0,493.0,178,0,0,1,Pedestrian
35,789.0,396.0,855.0,493.0,179,0,0,1,Pedestrian
35,789.0,396.0,855.0,493.0,180,0,0,1,Pedestrian
35,789.0,396.0,855.0,493.0,181,0,0,1,Pedestrian
35,789.0,396.0,855.0,493.0,182,0,0,1,Pedestrian
35,789.0,396.0,855.0,493.0,183,0,0,1,Pedestrian
35,789.0,396.0,855.0,493.0,184,0,0,1,Pedestrian
35,789.0,396.0,855.0,493.0,185,0,0,1,Pedestrian
35,789.0,396.0,855.0,493.0,186,0,0,1,Pedestrian
35,789.0,396.0,855.0,493.0,187,0,0,1,Pedestrian
35,789.0,396.0,855.0,493.0,188,0,0,1,Pedestrian
35,789.0,396.0,855.0,493.0,189,0,0,1,Pedestrian
35,789.0,396.0,855.0,493.0,190,0,0,1,Pedestrian
35,789.0,396.0,855.0,493.0,191,0,0,1,Pedestrian
35,789.0,396.0,855.0,493.0,192,0,0,1,Pedestrian
35,789.0,396.0,855.0,493.0,193,0,0,1,Pedestrian
35,789.0,396.0,855.0,493.0,194,0,0,1,Pedestrian
35,789.0,396.0,855.0,493.0,195,0,0,1,Pedestrian
35,789.0,396.0,855.0,493.0,196,0,0,1,Pedestrian
35,789.0,396.0,855.0,493.0,197,0,0,1,Pedestrian
35,789.0,396.0,855.0,493.0,198,0,0,1,Pedestrian
35,789.0,396.0,855.0,493.0,199,0,0,1,Pedestrian
35,789.0,396.0,855.0,493.0,200,0,0,1,Pedestrian
35,789.0,396.0,855.0,493.0,201,0,0,1,Pedestrian
35,789.0,396.0,855.0,493.0,202,0,0,1,Pedestrian
35,789.0,396.0,855.0,493.0,203,0,0,1,Pedestrian
35,789.0,396.0,855.0,493.0,204,0,0,1,Pedestrian
35,789.0,396.0,855.0,493.0,205,0,0,1,Pedestrian
35,789.0,396.0,855.0,493.0,206,0,0,1,Pedestrian
35,789.0,396.0,855.0,493.0,207,0,0,1,Pedestrian
35,789.0,396.0,855.0,493.0,208,0,0,1,Pedestrian
35,789.0,396.0,855.0,493.0,209,0,0,1,Pedestrian
35,789.0,396.0,855.0,493.0,210,0,0,1,Pedestrian
35,789.0,396.0,855.0,493.0,211,0,0,1,Pedestrian
35,789.0,396.0,855.0,493.0,212,0,0,1,Pedestrian
35,789.0,396.0,855.0,493.0,213,0,0,1,Pedestrian
35,789.0,396.0,855.0,493.0,214,0,0,1,Pedestrian
35,789.0,396.0,855.0,493.0,215,0,0,1,Pedestrian
35,789.0,396.0,855.0,493.0,216,0,0,1,Pedestrian
35,789.0,396.0,855.0,493.0,217,0,0,1,Pedestrian
35,789.0,396.0,855.0,493.0,218,0,0,1,Pedestrian
35,789.0,396.0,855.0,493.0,219,0,0,1,Pedestrian
35,789.0,396.0,855.0,493.0,220,0,0,1,Pedestrian
35,789.0,396.0,855.0,493.0,221,0,0,1,Pedestrian
35,789.0,396.0,855.0,493.0,222,0,0,1,Pedestrian
35,789.0,396.0,855.0,493.0,223,0,0,1,Pedestrian
35,789.0,396.0,855.0,493.0,224,0,0,1,Pedestrian
35,789.0,396.0,855.0,493.0,225,0,0,1,Pedestrian
35,789.0,396.0,855.0,493.0,226,0,0,1,Pedestrian
35,789.0,396.0,855.0,493.0,227,0,0,1,Pedestrian
35,789.0,396.0,855.0,493.0,228,0,0,1,Pedestrian
35,789.0,396.0,855.0,493.0,229,0,0,1,Pedestrian
35,789.0,396.0,855.0,493.0,230,0,0,1,Pedestrian
35,789.0,396.0,855.0,493.0,231,0,0,1,Pedestrian
35,789.0,396.0,855.0,493.0,232,0,0,1,Pedestrian
35,789.0,396.0,855.0,493.0,233,0,0,1,Pedestrian
35,789.0,396.0,855.0,493.0,234,0,0,1,Pedestrian
35,789.0,396.0,855.0,493.0,235,0,0,1,Pedestrian
35,789.0,396.0,855.0,493.0,236,0,0,1,Pedestrian
35,789.0,396.0,855.0,493.0,237,0,0,1,Pedestrian
35,789.0,396.0,855.0,493.0,238,0,0,1,Pedestrian
35,789.0,396.0,855.0,493.0,239,0,0,1,Pedestrian
35,789.0,396.0,855.0,493.0,240,0,0,1,Pedestrian
35,789.0,396.0,855.0,493.0,241,0,0,1,Pedestrian
35,789.0,396.0,855.0,493.0,242,0,0,1,Pedestrian
35,789.0,396.0,855.0,493.0,243,0,0,1,Pedestrian
35,789.0,396.0,855.0,493.0,244,0,0,1,Pedestrian
35,789.0,396.0,855.0,493.0,245,0,0,1,Pedestrian
35,789.0,396.0,855.0,493.0,246,0,0,1,Pedestrian
35,789.0,396.0,855.0,493.0,247,0,0,1,Pedestrian
35,789.0,396.0,855.0,493.0,248,0,0,1,Pedestrian
35,789.0,396.0,855.0,493.0,249,0,0,1,Pedestrian
35,789.0,396.0,855.0,493.0,250,0,0,1,Pedestrian
35,789.0,396.0,855.0,493.0,251,0,0,1,Pedestrian
35,789.0,396.0,855.0,493.0,252,0,0,1,Pedestrian
35,789.0,396.0,855.0,493.0,253,0,0,1,Pedestrian
35,789.0,396.0,855.0,493.0,254,0,0,1,Pedestrian
35,789.0,396.0,855.0,493.0,255,0,0,1,Pedestrian
35,789.0,396.0,855.0,493.0,256,0,0,1,Pedestrian
35,789.0,396.0,855.0,493.0,257,0,0,1,Pedestrian
35,789.0,396.0,855.0,493.0,258,0,0,1,Pedestrian
35,789.0,396.0,855.0,493.0,259,0,0,1,Pedestrian
35,789.0,396.0,855.0,493.0,260,0,0,1,Pedestrian
35,789.0,396.0,855.0,493.0,261,0,0,1,Pedestrian
35,789.0,396.0,855.0,493.0,262,0,0,1,Pedestrian
35,789.0,396.0,855.0,493.0,263,0,0,1,Pedestrian
35,789.0,396.0,855.0,493.0,264,0,0,1,Pedestrian
35,789.0,396.0,855.0,493.0,265,0,0,1,Pedestrian
35,789.0,396.0,855.0,493.0,266,0,0,1,Pedestrian
35,789.0,396.0,855.0,493.0,267,0,0,1,Pedestrian
35,789.0,396.0,855.0,493.0,268,0,0,1,Pedestrian
35,789.0,396.0,855.0,493.0,269,0,0,1,Pedestrian
35,789.0,396.0,855.0,493.0,270,0,0,1,Pedestrian
35,789.0,396.0,855.0,493.0,271,0,0,1,Pedestrian
35,789.0,396.0,855.0,493.0,272,0,0,1,Pedestrian
35,789.0,396.0,855.0,493.0,273,0,0,1,Pedestrian
35,789.0,396.0,855.0,493.0,274,0,0,1,Pedestrian
35,789.0,396.0,855.0,493.0,275,0,0,1,Pedestrian
35,789.0,396.0,855.0,493.0,276,0,0,1,Pedestrian
35,789.0,396.0,855.0,493.0,277,0,0,1,Pedestrian
35,789.0,396.0,855.0,493.0,278,0,0,1,Pedestrian
35,789.0,396.0,855.0,493.0,279,0,0,1,Pedestrian
35,789.0,396.0,855.0,493.0,280,0,0,1,Pedestrian
35,789.0,396.0,855.0,493.0,281,0,0,1,Pedestrian
35,789.0,396.0,855.0,493.0,282,0,0,1,Pedestrian
35,789.0,396.0,855.0,493.0,283,0,0,1,Pedestrian
35,789.0,396.0,855.0,493.0,284,0,0,1,Pedestrian
35,789.0,396.0,855.0,493.0,285,0,0,1,Pedestrian
35,789.0,396.0,855.0,493.0,286,0,0,1,Pedestrian
35,789.0,396.0,855.0,493.0,287,0,0,1,Pedestrian
35,789.0,396.0,855.0,493.0,288,0,0,1,Pedestrian
35,789.0,396.0,855.0,493.0,289,0,0,1,Pedestrian
35,789.0,396.0,855.0,493.0,290,0,0,1,Pedestrian
35,789.0,396.0,855.0,493.0,291,0,0,1,Pedestrian
35,789.0,396.0,855.0,493.0,292,0,0,1,Pedestrian
35,789.0,396.0,855.0,493.0,293,0,0,1,Pedestrian
35,789.0,396.0,855.0,493.0,294,0,0,1,Pedestrian
35,789.0,396.0,855.0,493.0,295,0,0,1,Pedestrian
35,789.0,396.0,855.0,493.0,296,0,0,1,Pedestrian
35,789.0,396.0,855.0,493.0,297,0,0,1,Pedestrian
35,789.0,396.0,855.0,493.0,298,0,0,1,Pedestrian
35,789.0,396.0,855.0,493.0,299,0,0,1,Pedestrian
35,789.0,396.0,855.0,493.0,300,0,0,1,Pedestrian
35,789.0,396.0,855.0,493.0,301,0,0,1,Pedestrian
35,789.0,396.0,855.0,493.0,302,0,0,1,Pedestrian
35,789.0,396.0,855.0,493.0,303,0,0,1,Pedestrian
35,789.0,396.0,855.0,493.0,304,0,0,1,Pedestrian
35,789.0,396.0,855.0,493.0,305,0,0,1,Pedestrian
35,789.0,396.0,855.0,493.0,306,0,0,1,Pedestrian
35,789.0,396.0,855.0,493.0,307,0,0,1,Pedestrian
35,789.0,396.0,855.0,493.0,308,0,0,1,Pedestrian
35,789.0,396.0,855.0,493.0,309,0,0,1,Pedestrian
35,789.0,396.0,855.0,493.0,310,0,0,1,Pedestrian
35,789.0,396.0,855.0,493.0,311,0,0,1,Pedestrian
35,789.0,396.0,855.0,493.0,312,0,0,1,Pedestrian
35,789.0,396.0,855.0,493.0,313,0,0,1,Pedestrian
35,789.0,396.0,855.0,493.0,314,0,0,1,Pedestrian
35,789.0,396.0,855.0,493.0,315,0,0,1,Pedestrian
35,789.0,396.0,855.0,493.0,316,0,0,1,Pedestrian
35,789.0,396.0,855.0,493.0,317,0,0,1,Pedestrian
35,789.0,396.0,855.0,493.0,318,0,0,1,Pedestrian
35,789.0,396.0,855.0,493.0,319,0,0,1,Pedestrian
35,789.0,396.0,855.0,493.0,320,0,0,1,Pedestrian
35,789.0,396.0,855.0,493.0,321,0,0,1,Pedestrian
35,789.0,396.0,855.0,493.0,322,0,0,1,Pedestrian
35,789.0,396.0,855.0,493.0,323,0,0,1,Pedestrian
35,789.0,396.0,855.0,493.0,324,0,0,1,Pedestrian
35,789.0,396.0,855.0,493.0,325,0,0,1,Pedestrian
35,789.0,396.0,855.0,493.0,326,0,0,1,Pedestrian
35,789.0,396.0,855.0,493.0,327,0,0,1,Pedestrian
35,789.0,396.0,855.0,493.0,328,0,0,1,Pedestrian
35,789.0,396.0,855.0,493.0,329,0,0,1,Pedestrian
35,789.0,396.0,855.0,493.0,330,0,0,1,Pedestrian
35,789.0,396.0,855.0,493.0,331,0,0,1,Pedestrian
35,789.0,396.0,855.0,493.0,332,0,0,1,Pedestrian
35,789.0,396.0,855.0,493.0,333,0,0,1,Pedestrian
35,789.0,396.0,855.0,493.0,334,0,0,1,Pedestrian
35,789.0,396.0,855.0,493.0,335,0,0,1,Pedestrian
35,789.0,396.0,855.0,493.0,336,0,0,1,Pedestrian
35,789.0,396.0,855.0,493.0,337,0,0,1,Pedestrian
35,789.0,396.0,855.0,493.0,338,0,0,1,Pedestrian
35,789.0,396.0,855.0,493.0,339,0,0,1,Pedestrian
35,789.0,396.0,855.0,493.0,340,0,0,1,Pedestrian
35,789.0,396.0,855.0,493.0,341,0,0,1,Pedestrian
35,789.0,396.0,855.0,493.0,342,0,0,1,Pedestrian
35,789.0,396.0,855.0,493.0,343,0,0,1,Pedestrian
35,789.0,396.0,855.0,493.0,344,0,0,1,Pedestrian
35,789.0,396.0,855.0,493.0,345,0,0,1,Pedestrian
35,789.0,396.0,855.0,493.0,346,0,0,1,Pedestrian
35,789.0,396.0,855.0,493.0,347,0,0,1,Pedestrian
35,789.0,396.0,855.0,493.0,348,0,0,1,Pedestrian
35,789.0,396.0,855.0,493.0,349,0,0,1,Pedestrian
35,789.0,396.0,855.0,493.0,350,0,0,1,Pedestrian
35,789.0,396.0,855.0,493.0,351,0,0,1,Pedestrian
35,789.0,396.0,855.0,493.0,352,0,0,1,Pedestrian
35,789.0,396.0,855.0,493.0,353,0,0,1,Pedestrian
35,789.0,396.0,855.0,493.0,354,0,0,1,Pedestrian
35,789.0,396.0,855.0,493.0,355,0,0,1,Pedestrian
35,789.0,396.0,855.0,493.0,356,0,0,1,Pedestrian
35,789.0,396.0,855.0,493.0,357,0,0,1,Pedestrian
35,789.0,396.0,855.0,493.0,358,0,0,1,Pedestrian
35,789.0,396.0,855.0,493.0,359,0,0,1,Pedestrian
35,789.0,396.0,855.0,493.0,360,0,0,1,Pedestrian
35,789.0,396.0,855.0,493.0,361,0,0,1,Pedestrian
35,789.0,396.0,855.0,493.0,362,0,0,1,Pedestrian
35,789.0,396.0,855.0,493.0,363,0,0,1,Pedestrian
35,789.0,396.0,855.0,493.0,364,0,0,1,Pedestrian
35,789.0,396.0,855.0,493.0,365,0,0,1,Pedestrian
35,789.0,396.0,855.0,493.0,366,0,0,1,Pedestrian
35,789.0,396.0,855.0,493.0,367,0,0,1,Pedestrian
35,789.0,396.0,855.0,493.0,368,0,0,1,Pedestrian
35,789.0,396.0,855.0,493.0,369,0,0,1,Pedestrian
35,789.0,396.0,855.0,493.0,370,0,0,1,Pedestrian
35,789.0,396.0,855.0,493.0,371,0,0,1,Pedestrian
35,789.0,396.0,855.0,493.0,372,0,0,1,Pedestrian
35,789.0,396.0,855.0,493.0,373,0,0,1,Pedestrian
35,789.0,396.0,855.0,493.0,374,0,0,1,Pedestrian
35,789.0,396.0,855.0,493.0,375,0,0,1,Pedestrian
35,789.0,396.0,855.0,493.0,376,0,0,1,Pedestrian
35,789.0,396.0,855.0,493.0,377,0,0,1,Pedestrian
35,789.0,396.0,855.0,493.0,378,0,0,1,Pedestrian
35,789.0,396.0,855.0,493.0,379,0,0,1,Pedestrian
35,789.0,396.0,855.0,493.0,380,0,0,1,Pedestrian
35,789.0,396.0,855.0,493.0,381,0,0,1,Pedestrian
35,789.0,396.0,855.0,493.0,382,0,0,1,Pedestrian
35,789.0,396.0,855.0,493.0,383,0,0,1,Pedestrian
35,789.0,396.0,855.0,493.0,384,0,0,1,Pedestrian
35,789.0,396.0,855.0,493.0,385,0,0,1,Pedestrian
35,789.0,396.0,855.0,493.0,386,0,0,1,Pedestrian
35,789.0,396.0,855.0,493.0,387,0,0,1,Pedestrian
35,789.0,396.0,855.0,493.0,388,0,0,1,Pedestrian
35,789.0,396.0,855.0,493.0,389,0,0,1,Pedestrian
35,789.0,396.0,855.0,493.0,390,0,0,1,Pedestrian
35,789.0,396.0,855.0,493.0,391,0,0,1,Pedestrian
35,789.0,396.0,855.0,493.0,392,0,0,1,Pedestrian
35,789.0,396.0,855.0,493.0,393,0,0,1,Pedestrian
35,789.0,396.0,855.0,493.0,394,0,0,1,Pedestrian
35,789.0,396.0,855.0,493.0,395,0,0,1,Pedestrian
35,789.0,396.0,855.0,493.0,396,0,0,1,Pedestrian
35,789.0,396.0,855.0,493.0,397,0,0,1,Pedestrian
35,789.0,396.0,855.0,493.0,398,0,0,1,Pedestrian
35,789.0,396.0,855.0,493.0,399,0,0,1,Pedestrian
35,789.0,396.0,855.0,493.0,400,0,0,1,Pedestrian
35,789.0,396.0,855.0,493.0,401,0,0,1,Pedestrian
35,789.0,396.0,855.0,493.0,402,0,0,1,Pedestrian
35,789.0,396.0,855.0,493.0,403,0,0,1,Pedestrian
35,789.0,396.0,855.0,493.0,404,0,0,1,Pedestrian
35,789.0,396.0,855.0,493.0,405,0,0,1,Pedestrian
35,789.0,396.0,855.0,493.0,406,0,0,1,Pedestrian
35,789.0,396.0,855.0,493.0,407,0,0,1,Pedestrian
35,789.0,396.0,855.0,493.0,408,0,0,1,Pedestrian
35,789.0,396.0,855.0,493.0,409,0,0,1,Pedestrian
35,789.0,396.0,855.0,493.0,410,0,0,1,Pedestrian
35,789.0,396.0,855.0,493.0,411,0,0,1,Pedestrian
35,789.0,396.0,855.0,493.0,412,0,0,1,Pedestrian
35,789.0,396.0,855.0,493.0,413,0,0,1,Pedestrian
35,789.0,396.0,855.0,493.0,414,0,0,1,Pedestrian
35,789.0,396.0,855.0,493.0,415,0,0,1,Pedestrian
35,789.0,396.0,855.0,493.0,416,0,0,1,Pedestrian
35,789.0,396.0,855.0,493.0,417,0,0,1,Pedestrian
35,789.0,396.0,855.0,493.0,418,0,0,1,Pedestrian
35,789.0,396.0,855.0,493.0,419,0,0,1,Pedestrian
35,789.0,396.0,855.0,493.0,420,0,0,1,Pedestrian
35,789.0,396.0,855.0,493.0,421,0,0,1,Pedestrian
35,789.0,396.0,855.0,493.0,422,0,0,1,Pedestrian
35,789.0,396.0,855.0,493.0,423,0,0,1,Pedestrian
35,789.0,396.0,855.0,493.0,424,0,0,1,Pedestrian
35,789.0,396.0,855.0,493.0,425,0,0,1,Pedestrian
35,789.0,396.0,855.0,493.0,426,0,0,1,Pedestrian
35,789.0,396.0,855.0,493.0,427,0,0,1,Pedestrian
35,789.0,396.0,855.0,493.0,428,0,0,1,Pedestrian
35,789.0,396.0,855.0,493.0,429,0,0,1,Pedestrian
35,789.0,396.0,855.0,493.0,430,0,0,1,Pedestrian
35,789.0,396.0,855.0,493.0,431,0,0,1,Pedestrian
35,789.0,396.0,855.0,493.0,432,0,0,1,Pedestrian
35,789.0,396.0,855.0,493.0,433,0,0,1,Pedestrian
35,789.0,396.0,855.0,493.0,434,0,0,1,Pedestrian
35,789.0,396.0,855.0,493.0,435,0,0,1,Pedestrian
35,789.0,396.0,855.0,493.0,436,0,0,1,Pedestrian
35,789.0,396.0,855.0,493.0,437,0,0,1,Pedestrian
35,789.0,396.0,855.0,493.0,438,0,0,1,Pedestrian
35,789.0,396.0,855.0,493.0,439,0,0,1,Pedestrian
35,789.0,396.0,855.0,493.0,440,0,0,1,Pedestrian
35,789.0,396.0,855.0,493.0,441,0,0,1,Pedestrian
35,789.0,396.0,855.0,493.0,442,0,0,1,Pedestrian
35,789.0,396.0,855.0,493.0,443,0,0,1,Pedestrian
35,789.0,396.0,855.0,493.0,444,0,0,1,Pedestrian
35,789.0,396.0,855.0,493.0,445,0,0,1,Pedestrian
35,789.0,396.0,855.0,493.0,446,0,0,1,Pedestrian
35,789.0,396.0,855.0,493.0,447,0,0,1,Pedestrian
35,789.0,396.0,855.0,493.0,448,0,0,1,Pedestrian
35,789.0,396.0,855.0,493.0,449,0,0,1,Pedestrian
35,789.0,396.0,855.0,493.0,450,0,0,1,Pedestrian
35,789.0,396.0,855.0,493.0,451,0,0,1,Pedestrian
35,789.0,396.0,855.0,493.0,452,0,0,1,Pedestrian
35,789.0,396.0,855.0,493.0,453,0,0,1,Pedestrian
35,789.0,396.0,855.0,493.0,454,0,0,1,Pedestrian
35,789.0,396.0,855.0,493.0,455,0,0,1,Pedestrian
35,789.0,396.0,855.0,493.0,456,0,0,1,Pedestrian
35,789.0,396.0,855.0,493.0,457,0,0,1,Pedestrian
35,789.0,396.0,855.0,493.0,458,0,0,1,Pedestrian
35,789.0,396.0,855.0,493.0,459,0,0,1,Pedestrian
35,789.0,396.0,855.0,493.0,460,0,0,1,Pedestrian
35,789.0,396.0,855.0,493.0,461,0,0,1,Pedestrian
35,789.0,396.0,855.0,493.0,462,0,0,1,Pedestrian
35,789.0,396.0,855.0,493.0,463,0,0,1,Pedestrian
35,789.0,396.0,855.0,493.0,464,0,0,1,Pedestrian
35,789.0,396.0,855.0,493.0,465,0,0,1,Pedestrian
35,789.0,396.0,855.0,493.0,466,0,0,1,Pedestrian
35,789.0,396.0,855.0,493.0,467,0,0,1,Pedestrian
35,789.0,396.0,855.0,493.0,468,0,0,1,Pedestrian
35,789.0,396.0,855.0,493.0,469,0,0,1,Pedestrian
35,789.0,396.0,855.0,493.0,470,0,0,1,Pedestrian
35,789.0,396.0,855.0,493.0,471,0,0,1,Pedestrian
35,789.0,396.0,855.0,493.0,472,0,0,1,Pedestrian
35,789.0,396.0,855.0,493.0,473,0,0,1,Pedestrian
35,789.0,396.0,855.0,493.0,474,0,0,1,Pedestrian
35,789.0,396.0,855.0,493.0,475,0,0,1,Pedestrian
35,789.0,396.0,855.0,493.0,476,0,0,1,Pedestrian
35,789.0,396.0,855.0,493.0,477,0,0,1,Pedestrian
35,789.0,396.0,855.0,493.0,478,0,0,1,Pedestrian
35,789.0,396.0,855.0,493.0,479,0,0,1,Pedestrian
35,789.0,396.0,855.0,493.0,480,0,0,1,Pedestrian
35,789.0,396.0,855.0,493.0,481,0,0,1,Pedestrian
35,789.0,396.0,855.0,493.0,482,0,0,1,Pedestrian
35,789.0,396.0,855.0,493.0,483,0,0,1,Pedestrian
35,789.0,396.0,855.0,493.0,484,0,0,1,Pedestrian
35,789.0,396.0,855.0,493.0,485,0,0,1,Pedestrian
35,789.0,396.0,855.0,493.0,486,0,0,1,Pedestrian
35,789.0,396.0,855.0,493.0,487,0,0,1,Pedestrian
35,789.0,396.0,855.0,493.0,488,0,0,1,Pedestrian
35,789.0,396.0,855.0,493.0,489,0,0,1,Pedestrian
35,789.0,396.0,855.0,493.0,490,0,0,1,Pedestrian
35,789.0,396.0,855.0,493.0,491,0,0,1,Pedestrian
35,789.0,396.0,855.0,493.0,492,0,0,1,Pedestrian
35,789.0,396.0,855.0,493.0,493,0,0,1,Pedestrian
35,789.0,396.0,855.0,493.0,494,0,0,1,Pedestrian
35,789.0,396.0,855.0,493.0,495,0,0,1,Pedestrian
35,789.0,396.0,855.0,493.0,496,0,0,1,Pedestrian
35,789.0,396.0,855.0,493.0,497,0,0,1,Pedestrian
35,789.0,396.0,855.0,493.0,498,0,0,1,Pedestrian
35,789.0,396.0,855.0,493.0,499,0,0,1,Pedestrian
35,789.0,396.0,855.0,493.0,500,0,0,0,Pedestrian
35,789.0,396.0,855.0,493.0,501,0,0,1,Pedestrian
35,789.0,396.0,855.0,493.0,502,0,0,1,Pedestrian
35,789.0,396.0,855.0,493.0,503,0,0,1,Pedestrian
35,789.0,396.0,855.0,493.0,504,0,0,1,Pedestrian
35,789.0,396.0,855.0,493.0,505,0,0,1,Pedestrian
35,789.0,396.0,855.0,493.0,506,0,0,1,Pedestrian
35,789.0,396.0,855.0,493.0,507,0,0,1,Pedestrian
35,789.0,396.0,855.0,493.0,508,0,0,1,Pedestrian
35,789.0,396.0,855.0,493.0,509,0,0,1,Pedestrian
35,789.0,396.0,855.0,493.0,510,0,0,1,Pedestrian
35,789.0,396.0,855.0,493.0,511,0,0,1,Pedestrian
35,789.0,396.0,855.0,493.0,512,0,0,1,Pedestrian
35,789.0,396.0,855.0,493.0,513,0,0,1,Pedestrian
35,789.0,396.0,855.0,493.0,514,0,0,1,Pedestrian
35,789.0,396.0,855.0,493.0,515,0,0,1,Pedestrian
35,789.0,396.0,855.0,493.0,516,0,0,1,Pedestrian
35,789.0,396.0,855.0,493.0,517,0,0,1,Pedestrian
35,789.0,396.0,855.0,493.0,518,0,0,1,Pedestrian
35,789.0,400.0,855.0,493.0,519,0,0,1,Pedestrian
35,789.0,400.0,855.0,493.0,520,0,0,1,Pedestrian
35,789.0,400.0,855.0,493.0,521,0,0,1,Pedestrian
35,789.0,400.0,855.0,493.0,522,0,0,1,Pedestrian
35,789.0,400.0,855.0,493.0,523,0,0,1,Pedestrian
35,789.0,400.0,855.0,493.0,524,0,0,1,Pedestrian
35,789.0,400.0,855.0,493.0,525,0,0,1,Pedestrian
35,789.0,400.0,855.0,493.0,526,0,0,1,Pedestrian
35,789.0,400.0,855.0,493.0,527,0,0,1,Pedestrian
35,789.0,400.0,855.0,493.0,528,0,0,1,Pedestrian
35,789.0,400.0,855.0,493.0,529,0,0,1,Pedestrian
35,789.0,400.0,855.0,493.0,530,0,0,1,Pedestrian
35,789.0,400.0,855.0,493.0,531,0,0,1,Pedestrian
35,789.0,400.0,855.0,493.0,532,0,0,1,Pedestrian
35,789.0,400.0,855.0,493.0,533,0,0,1,Pedestrian
35,789.0,400.0,855.0,493.0,534,0,0,1,Pedestrian
35,789.0,400.0,855.0,493.0,535,0,0,1,Pedestrian
35,789.0,400.0,855.0,493.0,536,0,0,1,Pedestrian
35,789.0,404.0,855.0,493.0,537,0,0,1,Pedestrian
35,789.0,404.0,855.0,493.0,538,0,0,1,Pedestrian
35,789.0,404.0,855.0,493.0,539,0,0,1,Pedestrian
35,789.0,404.0,855.0,493.0,540,0,0,1,Pedestrian
35,789.0,404.0,855.0,493.0,541,0,0,1,Pedestrian
35,789.0,404.0,855.0,493.0,542,0,0,1,Pedestrian
35,789.0,404.0,855.0,493.0,543,0,0,1,Pedestrian
35,789.0,404.0,855.0,493.0,544,0,0,1,Pedestrian
35,789.0,404.0,855.0,493.0,545,0,0,1,Pedestrian
35,789.0,404.0,855.0,493.0,546,0,0,1,Pedestrian
35,789.0,404.0,855.0,493.0,547,0,0,1,Pedestrian
35,789.0,404.0,855.0,493.0,548,0,0,1,Pedestrian
35,789.0,404.0,855.0,493.0,549,0,0,1,Pedestrian
35,789.0,404.0,855.0,493.0,550,0,0,1,Pedestrian
35,789.0,404.0,855.0,493.0,551,0,0,1,Pedestrian
35,789.0,404.0,855.0,493.0,552,0,0,1,Pedestrian
35,789.0,404.0,855.0,493.0,553,0,0,1,Pedestrian
35,789.0,404.0,855.0,493.0,554,0,0,1,Pedestrian
35,789.0,408.0,855.0,493.0,555,0,0,1,Pedestrian
35,789.0,408.0,855.0,493.0,556,0,0,1,Pedestrian
35,789.0,408.0,855.0,493.0,557,0,0,1,Pedestrian
35,789.0,408.0,855.0,493.0,558,0,0,1,Pedestrian
35,789.0,408.0,855.0,493.0,559,0,0,1,Pedestrian
35,789.0,408.0,855.0,493.0,560,0,0,1,Pedestrian
35,789.0,408.0,855.0,493.0,561,0,0,1,Pedestrian
35,789.0,408.0,855.0,493.0,562,0,0,1,Pedestrian
35,789.0,408.0,855.0,493.0,563,0,0,1,Pedestrian
35,789.0,408.0,855.0,493.0,564,0,0,1,Pedestrian
35,789.0,408.0,855.0,493.0,565,0,0,1,Pedestrian
35,789.0,408.0,855.0,493.0,566,0,0,1,Pedestrian
35,789.0,408.0,855.0,493.0,567,0,0,1,Pedestrian
35,789.0,408.0,855.0,493.0,568,0,0,1,Pedestrian
35,789.0,408.0,855.0,493.0,569,0,0,1,Pedestrian
35,789.0,408.0,855.0,493.0,570,0,0,1,Pedestrian
35,789.0,408.0,855.0,493.0,571,0,0,1,Pedestrian
35,789.0,408.0,855.0,493.0,572,0,0,1,Pedestrian
35,789.0,412.0,857.0,493.0,573,0,0,0,Pedestrian
