track_id,xmin,ymin,xmax,ymax,frame,lost,occluded,generated,label
0,5.0,1273.0,47.0,1344.0,1000,1,0,0,Biker
0,3.0,1273.0,46.0,1344.0,1001,1,0,1,Biker
0,3.0,1273.0,46.0,1344.0,1002,1,0,1,Biker
0,3.0,1273.0,46.0,1344.0,1003,1,0,1,Biker
0,3.0,1273.0,46.0,1344.0,1004,1,0,1,Biker
0,3.0,1273.0,46.0,1344.0,1005,1,0,1,Biker
0,3.0,1273.0,46.0,1344.0,1006,1,0,1,Biker
0,3.0,1273.0,46.0,1344.0,1007,1,0,1,Biker
0,3.0,1273.0,46.0,1344.0,1008,1,0,1,Biker
0,3.0,1273.0,46.0,1344.0,1009,1,0,1,Biker
0,3.0,1273.0,46.0,1344.0,1010,1,0,1,Biker
0,3.0,1273.0,46.0,1344.0,1011,1,0,1,Biker
0,3.0,1273.0,46.0,1344.0,1012,1,0,1,Biker
0,3.0,1273.0,46.0,1344.0,1013,1,0,1,Biker
0,3.0,1273.0,46.0,1344.0,1014,1,0,1,Biker
0,3.0,1273.0,46.0,1344.0,1015,1,0,1,Biker
0,3.0,1273.0,46.0,1344.0,1016,1,0,1,Biker
0,3.0,1273.0,46.0,1344.0,1017,1,0,1,Biker
0,3.0,1273.0,46.0,1344.0,1018,1,0,1,Biker
0,3.0,1273.0,44.0,1344.0,1019,1,0,1,Biker
0,3.0,1273.0,44.0,1344.0,1020,1,0,1,Biker
0,3.0,1273.0,44.0,1344.0,1021,1,0,1,Biker
0,3.0,1273.0,44.0,1344.0,1022,1,0,1,Biker
0,3.0,1273.0,44.0,1344.0,1023,1,0,1,Biker
0,3.0,1273.0,44.0,1344.0,1024,1,0,1,Biker
0,3.0,1273.0,44.0,1344.0,1025,1,0,1,Biker
0,3.0,1273.0,44.0,1344.0,1026,1,0,1,Biker
0,3.0,1273.0,44.0,1344.0,1027,1,0,1,Biker
0,3.0,1273.0,44.0,1344.0,1028,1,0,1,Biker
0,3.0,1273.0,44.0,1344.0,1029,1,0,1,Biker
0,3.0,1273.0,44.0,1344.0,1030,1,0,1,Biker
0,1.0,1273.0,44.0,1344.0,1031,1,0,1,Biker
0,1.0,1273.0,44.0,1344.0,1032,1,0,1,Biker
0,1.0,1273.0,44.0,1344.0,1033,1,0,1,Biker
0,1.0,1273.0,44.0,1344.0,1034,1,0,1,Biker
0,1.0,1273.0,44.0,1344.0,1035,1,0,1,Biker
0,1.0,1273.0,44.0,1344.0,1036,1,0,1,Biker
0,1.0,1273.0,42.0,1344.0,1037,1,0,1,Biker
0,1.0,1273.0,42.0,1344.0,1038,1,0,1,Biker
0,1.0,1273.0,42.0,1344.0,1039,1,0,1,Biker
0,1.0,1273.0,42.0,1344.0,1040,1,0,1,Biker
0,1.0,1273.0,42.0,1344.0,1041,1,0,1,Biker
0,1.0,1273.0,42.0,1344.0,1042,1,0,1,Biker
0,1.0,1273.0,42.0,1344.0,1043,1,0,1,Biker
0,1.0,1273.0,42.0,1344.0,1044,1,0,1,Biker
0,1.0,1273.0,42.0,1344.0,1045,1,0,1,Biker
0,1.0,1273.0,42.0,1344.0,1046,1,0,1,Biker
0,1.0,1273.0,42.0,1344.0,1047,1,0,1,Biker
0,1.0,1273.0,42.0,1344.0,1048,1,0,1,Biker
0,1.0,1273.0,42.0,1344.0,1049,1,0,1,Biker
0,1.0,1273.0,42.0,1344.0,1050,1,0,1,Biker
0,1.0,1273.0,42.0,1344.0,1051,1,0,1,Biker
0,1.0,1273.0,42.0,1344.0,1052,1,0,1,Biker
0,1.0,1273.0,42.0,1344.0,1053,1,0,1,Biker
0,1.0,1273.0,42.0,1344.0,1054,1,0,1,Biker
0,1.0,1273.0,42.0,1344.0,1055,1,0,1,Biker
0,1.0,1273.0,40.0,1344.0,1056,1,0,1,Biker
0,1.0,1273.0,40.0,1344.0,1057,1,0,1,Biker
0,1.0,1273.0,40.0,1344.0,1058,1,0,1,Biker
0,1.0,1273.0,40.0,1344.0,1059,1,0,1,Biker
0,1.0,1273.0,40.0,1344.0,1060,1,0,1,Biker
0,1.0,1273.0,40.0,1344.0,1061,1,0,1,Biker
0,0.0,1273.0,40.0,1344.0,1062,1,0,1,Biker
0,0.0,1273.0,40.0,1344.0,1063,1,0,1,Biker
0,0.0,1273.0,40.0,1344.0,1064,1,0,1,Biker
0,0.0,1273.0,40.0,1344.0,1065,1,0,1,Biker
0,0.0,1273.0,40.0,1344.0,1066,1,0,1,Biker
0,0.0,1273.0,40.0,1344.0,1067,1,0,1,Biker
0,0.0,1273.0,40.0,1344.0,1068,1,0,1,Biker
0,0.0,1273.0,40.0,1344.0,1069,1,0,1,Biker
0,0.0,1273.0,40.0,1344.0,1070,1,0,1,Biker
0,0.0,1273.0,40.0,1344.0,1071,1,0,1,Biker
0,0.0,1273.0,40.0,1344.0,1072,1,0,1,Biker
0,0.0,1273.0,40.0,1344.0,1073,1,0,1,Biker
0,0.0,1273.0,38.0,1344.0,1074,1,0,1,Biker
0,0.0,1273.0,38.0,1344.0,1075,1,0,1,Biker
0,0.0,1273.0,38.0,1344.0,1076,1,0,1,Biker
0,0.0,1273.0,38.0,1344.0,1077,1,0,1,Biker
0,0.0,1273.0,38.0,1344.0,1078,1,0,1,Biker
0,0.0,1273.0,38.0,1344.0,1079,1,0,1,Biker
0,0.0,1273.0,38.0,1344.0,1080,1,0,1,Biker
0,0.0,1273.0,38.0,1344.0,1081,1,0,1,Biker
0,0.0,1273.0,38.0,1344.0,1082,1,0,1,Biker
0,0.0,1273.0,38.0,1344.0,1083,1,0,1,Biker
0,0.0,1273.0,38.0,1344.0,1084,1,0,1,Biker
0,0.0,1273.0,38.0,1344.0,1085,1,0,1,Biker
0,0.0,1273.0,38.0,1344.0,1086,1,0,1,Biker
0,0.0,1273.0,38.0,1344.0,1087,1,0,1,Biker
0,0.0,1273.0,38.0,1344.0,1088,1,0,1,Biker
0,0.0,1273.0,38.0,1344.0,1089,1,0,1,Biker
0,0.0,1273.0,38.0,1344.0,1090,1,0,1,Biker
0,0.0,1273.0,38.0,1344.0,1091,1,0,1,Biker
0,0.0,1273.0,38.0,1344.0,1092,0,0,0,Biker
0,5.0,1269.0,44.0,1340.0,1093,0,0,1,Biker
0,11.0,1269.0,49.0,1340.0,1094,0,0,1,Biker
0,16.0,1269.0,55.0,1340.0,1095,0,0,1,Biker
0,22.0,1269.0,60.0,1340.0,1096,0,0,1,Biker
0,27.0,1269.0,66.0,1340.0,1097,0,0,1,Biker
0,33.0,1269.0,71.0,1340.0,1098,0,0,1,Biker
0,40.0,1269.0,79.0,1340.0,1099,0,0,1,Biker
0,46.0,1269.0,84.0,1340.0,1100,0,0,1,Biker
0,51.0,1269.0,90.0,1340.0,1101,0,0,1,Biker
0,57.0,1269.0,95.0,1340.0,1102,0,0,1,Biker
0,62.0,1269.0,101.0,1340.0,1103,0,0,1,Biker
0,68.0,1269.0,106.0,1340.0,1104,0,0,1,Biker
0,73.0,1269.0,112.0,1340.0,1105,0,0,1,Biker
0,81.0,1269.0,119.0,1340.0,1106,0,0,1,Biker
0,86.0,1269.0,125.0,1340.0,1107,0,0,1,Biker
0,92.0,1269.0,130.0,1340.0,1108,0,0,1,Biker
0,97.0,1269.0,136.0,1340.0,1109,0,0,1,Biker
0,103.0,1269.0,141.0,1340.0,1110,0,0,1,Biker
0,108.0,1269.0,147.0,1340.0,1111,0,0,1,Biker
0,116.0,1269.0,154.0,1340.0,1112,0,0,0,Biker
0,121.0,1265.0,160.0,1336.0,1113,0,0,1,Biker
0,127.0,1265.0,165.0,1336.0,1114,0,0,1,Biker
0,134.0,1265.0,173.0,1336.0,1115,0,0,1,Biker
0,139.0,1265.0,178.0,1336.0,1116,0,0,1,Biker
0,145.0,1265.0,184.0,1336.0,1117,0,0,1,Biker
0,152.0,1265.0,191.0,1336.0,1118,0,0,1,Biker
0,158.0,1265.0,197.0,1336.0,1119,0,0,1,Biker
0,165.0,1265.0,204.0,1336.0,1120,0,0,1,Biker
0,171.0,1265.0,209.0,1336.0,1121,0,0,1,Biker
0,176.0,1261.0,215.0,1332.0,1122,0,0,1,Biker
0,184.0,1261.0,222.0,1332.0,1123,0,0,1,Biker
0,189.0,1261.0,228.0,1332.0,1124,0,0,1,Biker
0,195.0,1261.0,233.0,1332.0,1125,0,0,1,Biker
0,202.0,1261.0,241.0,1332.0,1126,0,0,1,Biker
0,208.0,1261.0,246.0,1332.0,1127,0,0,1,Biker
0,215.0,1261.0,254.0,1332.0,1128,0,0,1,Biker
0,221.0,1261.0,259.0,1332.0,1129,0,0,1,Biker
0,226.0,1261.0,265.0,1332.0,1130,0,0,1,Biker
0,233.0,1256.0,272.0,1328.0,1131,0,0,1,Biker
0,239.0,1256.0,278.0,1328.0,1132,0,0,1,Biker
0,244.0,1256.0,283.0,1328.0,1133,0,0,1,Biker
0,252.0,1256.0,290.0,1328.0,1134,0,0,1,Biker
0,257.0,1256.0,296.0,1328.0,1135,0,0,1,Biker
0,265.0,1256.0,303.0,1328.0,1136,0,0,1,Biker
0,270.0,1256.0,309.0,1328.0,1137,0,0,1,Biker
0,276.0,1256.0,314.0,1328.0,1138,0,0,1,Biker
0,283.0,1256.0,322.0,1328.0,1139,0,0,1,Biker
0,289.0,1252.0,327.0,1323.0,1140,0,0,1,Biker
0,294.0,1252.0,333.0,1323.0,1141,0,0,1,Biker
0,302.0,1252.0,340.0,1323.0,1142,0,0,1,Biker
0,307.0,1252.0,346.0,1323.0,1143,0,0,1,Biker
0,314.0,1252.0,353.0,1323.0,1144,0,0,1,Biker
0,320.0,1252.0,359.0,1323.0,1145,0,0,1,Biker
0,325.0,1252.0,364.0,1323.0,1146,0,0,1,Biker
0,333.0,1252.0,372.0,1323.0,1147,0,0,1,Biker
0,338.0,1252.0,377.0,1323.0,1148,0,0,1,Biker
0,346.0,1252.0,384.0,1323.0,1149,0,0,0,Biker
0,351.0,1252.0,390.0,1323.0,1150,0,0,1,Biker
0,357.0,1252.0,395.0,1323.0,1151,0,0,1,Biker
0,362.0,1252.0,401.0,1323.0,1152,0,0,1,Biker
0,368.0,1252.0,407.0,1323.0,1153,0,0,1,Biker
0,375.0,1252.0,414.0,1323.0,1154,0,0,1,Biker
0,381.0,1252.0,419.0,1323.0,1155,0,0,1,Biker
0,386.0,1252.0,425.0,1323.0,1156,0,0,1,Biker
0,392.0,1252.0,430.0,1323.0,1157,0,0,1,Biker
0,399.0,1252.0,438.0,1323.0,1158,0,0,1,Biker
0,405.0,1252.0,443.0,1323.0,1159,0,0,1,Biker
0,410.0,1256.0,449.0,1328.0,1160,0,0,1,Biker
0,416.0,1256.0,454.0,1328.0,1161,0,0,1,Biker
0,423.0,1256.0,462.0,1328.0,1162,0,0,1,Biker
0,429.0,1256.0,467.0,1328.0,1163,0,0,1,Biker
0,434.0,1256.0,473.0,1328.0,1164,0,0,1,Biker
0,440.0,1256.0,478.0,1328.0,1165,0,0,1,Biker
0,447.0,1256.0,486.0,1328.0,1166,0,0,1,Biker
0,453.0,1256.0,491.0,1328.0,1167,0,0,1,Biker
0,458.0,1256.0,497.0,1328.0,1168,0,0,1,Biker
0,464.0,1256.0,502.0,1328.0,1169,0,0,1,Biker
0,471.0,1256.0,510.0,1328.0,1170,0,0,1,Biker
0,476.0,1261.0,515.0,1332.0,1171,0,0,1,Biker
0,482.0,1261.0,521.0,1332.0,1172,0,0,1,Biker
0,488.0,1261.0,526.0,1332.0,1173,0,0,1,Biker
0,495.0,1261.0,534.0,1332.0,1174,0,0,1,Biker
0,500.0,1261.0,539.0,1332.0,1175,0,0,1,Biker
0,506.0,1261.0,545.0,1332.0,1176,0,0,1,Biker
0,511.0,1261.0,550.0,1332.0,1177,0,0,1,Biker
0,519.0,1261.0,558.0,1332.0,1178,0,0,1,Biker
0,524.0,1261.0,563.0,1332.0,1179,0,0,1,Biker
0,530.0,1261.0,569.0,1332.0,1180,0,0,1,Biker
0,535.0,1261.0,574.0,1332.0,1181,0,0,1,Biker
0,543.0,1265.0,581.0,1336.0,1182,0,0,0,Biker
0,548.0,1261.0,587.0,1332.0,1183,0,0,1,Biker
0,554.0,1261.0,593.0,1332.0,1184,0,0,1,Biker
0,559.0,1261.0,598.0,1332.0,1185,0,0,1,Biker
0,565.0,1261.0,604.0,1332.0,1186,0,0,1,Biker
0,572.0,1261.0,611.0,1332.0,1187,0,0,1,Biker
0,578.0,1261.0,616.0,1332.0,1188,0,0,1,Biker
0,583.0,1261.0,622.0,1332.0,1189,0,0,1,Biker
0,589.0,1261.0,628.0,1332.0,1190,0,0,1,Biker
0,596.0,1261.0,635.0,1332.0,1191,0,0,1,Biker
0,602.0,1261.0,640.0,1332.0,1192,0,0,1,Biker
0,607.0,1261.0,646.0,1332.0,1193,0,0,1,Biker
0,613.0,1261.0,651.0,1332.0,1194,0,0,1,Biker
0,620.0,1261.0,659.0,1332.0,1195,0,0,1,Biker
0,626.0,1261.0,664.0,1332.0,1196,0,0,1,Biker
0,631.0,1256.0,670.0,1328.0,1197,0,0,1,Biker
0,637.0,1256.0,675.0,1328.0,1198,0,0,1,Biker
0,642.0,1256.0,681.0,1328.0,1199,0,0,1,Biker
0,650.0,1256.0,688.0,1328.0,1200,0,0,1,Biker
0,655.0,1256.0,694.0,1328.0,1201,0,0,1,Biker
0,661.0,1256.0,699.0,1328.0,1202,0,0,1,Biker
0,666.0,1256.0,705.0,1328.0,1203,0,0,1,Biker
0,674.0,1256.0,712.0,1328.0,1204,0,0,1,Biker
0,679.0,1256.0,718.0,1328.0,1205,0,0,1,Biker
0,685.0,1256.0,723.0,1328.0,1206,0,0,1,Biker
0,690.0,1256.0,729.0,1328.0,1207,0,0,1,Biker
0,697.0,1256.0,736.0,1328.0,1208,0,0,1,Biker
0,703.0,1256.0,742.0,1328.0,1209,0,0,1,Biker
0,709.0,1256.0,747.0,1328.0,1210,0,0,1,Biker
0,714.0,1252.0,753.0,1323.0,1211,0,0,1,Biker
0,720.0,1252.0,758.0,1323.0,1212,0,0,1,Biker
0,727.0,1252.0,766.0,1323.0,1213,0,0,1,Biker
0,732.0,1252.0,771.0,1323.0,1214,0,0,1,Biker
0,738.0,1252.0,777.0,1323.0,1215,0,0,1,Biker
0,744.0,1252.0,782.0,1323.0,1216,0,0,1,Biker
0,751.0,1252.0,790.0,1323.0,1217,0,0,1,Biker
0,756.0,1252.0,795.0,1323.0,1218,0,0,1,Biker
0,762.0,1252.0,801.0,1323.0,1219,0,0,1,Biker
0,767.0,1252.0,806.0,1323.0,1220,0,0,1,Biker
0,775.0,1252.0,814.0,1323.0,1221,0,0,1,Biker
0,780.0,1252.0,819.0,1323.0,1222,0,0,1,Biker
0,786.0,1252.0,825.0,1323.0,1223,0,0,1,Biker
0,791.0,1252.0,830.0,1323.0,1224,0,0,1,Biker
0,799.0,1252.0,837.0,1323.0,1225,0,0,0,Biker
0,804.0,1252.0,843.0,1323.0,1226,0,0,1,Biker
0,810.0,1252.0,849.0,1323.0,1227,0,0,1,Biker
0,815.0,1252.0,854.0,1323.0,1228,0,0,1,Biker
0,823.0,1252.0,861.0,1323.0,1229,0,0,1,Biker
0,828.0,1252.0,867.0,1323.0,1230,0,0,1,Biker
0,834.0,1252.0,872.0,1323.0,1231,0,0,1,Biker
0,841.0,1256.0,880.0,1328.0,1232,0,0,1,Biker
0,847.0,1256.0,885.0,1328.0,1233,0,0,1,Biker
0,852.0,1256.0,891.0,1328.0,1234,0,0,1,Biker
0,860.0,1256.0,898.0,1328.0,1235,0,0,1,Biker
0,865.0,1256.0,904.0,1328.0,1236,0,0,1,Biker
0,871.0,1256.0,909.0,1328.0,1237,0,0,1,Biker
0,876.0,1256.0,915.0,1328.0,1238,0,0,1,Biker
0,884.0,1261.0,922.0,1332.0,1239,0,0,1,Biker
0,889.0,1261.0,928.0,1332.0,1240,0,0,1,Biker
0,895.0,1261.0,933.0,1332.0,1241,0,0,1,Biker
0,902.0,1261.0,941.0,1332.0,1242,0,0,1,Biker
0,907.0,1261.0,946.0,1332.0,1243,0,0,1,Biker
0,913.0,1261.0,952.0,1332.0,1244,0,0,1,Biker
0,920.0,1265.0,959.0,1336.0,1245,0,0,0,Biker
0,926.0,1265.0,965.0,1336.0,1246,0,0,1,Biker
0,931.0,1265.0,970.0,1336.0,1247,0,0,1,Biker
0,937.0,1265.0,976.0,1336.0,1248,0,0,1,Biker
0,942.0,1265.0,981.0,1336.0,1249,0,0,1,Biker
0,948.0,1265.0,987.0,1336.0,1250,0,0,1,Biker
0,953.0,1265.0,992.0,1336.0,1251,0,0,1,Biker
0,959.0,1265.0,998.0,1336.0,1252,0,0,1,Biker
0,965.0,1265.0,1003.0,1336.0,1253,0,0,1,Biker
0,970.0,1265.0,1009.0,1336.0,1254,0,0,1,Biker
0,976.0,1265.0,1014.0,1336.0,1255,0,0,1,Biker
0,981.0,1265.0,1020.0,1336.0,1256,0,0,1,Biker
0,987.0,1265.0,1025.0,1336.0,1257,0,0,1,Biker
0,992.0,1265.0,1031.0,1336.0,1258,0,0,1,Biker
0,998.0,1265.0,1036.0,1336.0,1259,0,0,1,Biker
0,1003.0,1265.0,1042.0,1336.0,1260,0,0,1,Biker
0,1009.0,1265.0,1047.0,1336.0,1261,0,0,1,Biker
0,1014.0,1265.0,1053.0,1336.0,1262,0,0,1,Biker
0,1020.0,1265.0,1058.0,1336.0,1263,0,0,1,Biker
0,1025.0,1265.0,1064.0,1336.0,1264,0,0,1,Biker
0,1031.0,1265.0,1070.0,1336.0,1265,0,0,1,Biker
0,1036.0,1265.0,1075.0,1336.0,1266,0,0,1,Biker
0,1042.0,1265.0,1081.0,1336.0,1267,0,0,1,Biker
0,1047.0,1265.0,1086.0,1336.0,1268,0,0,1,Biker
0,1053.0,1265.0,1092.0,1336.0,1269,0,0,1,Biker
0,1058.0,1265.0,1097.0,1336.0,1270,0,0,1,Biker
0,1064.0,1265.0,1103.0,1336.0,1271,0,0,1,Biker
0,1070.0,1265.0,1108.0,1336.0,1272,0,0,1,Biker
0,1075.0,1265.0,1114.0,1336.0,1273,0,0,1,Biker
0,1081.0,1265.0,1119.0,1336.0,1274,0,0,1,Biker
0,1086.0,1265.0,1125.0,1336.0,1275,0,0,1,Biker
0,1092.0,1265.0,1130.0,1336.0,1276,0,0,1,Biker
0,1097.0,1265.0,1136.0,1336.0,1277,0,0,1,Biker
0,1103.0,1265.0,1141.0,1336.0,1278,0,0,1,Biker
0,1108.0,1265.0,1147.0,1336.0,1279,0,0,1,Biker
0,1114.0,1265.0,1152.0,1336.0,1280,0,0,1,Biker
0,1119.0,1265.0,1158.0,1336.0,1281,0,0,1,Biker
0,1125.0,1265.0,1163.0,1336.0,1282,0,0,1,Biker
0,1130.0,1265.0,1169.0,1336.0,1283,0,0,1,Biker
0,1136.0,1265.0,1174.0,1336.0,1284,0,0,1,Biker
0,1141.0,1265.0,1180.0,1336.0,1285,0,0,1,Biker
0,1147.0,1265.0,1186.0,1336.0,1286,0,0,1,Biker
0,1152.0,1265.0,1191.0,1336.0,1287,0,0,1,Biker
0,1158.0,1265.0,1197.0,1336.0,1288,0,0,0,Biker
0,1162.0,1265.0,1200.0,1336.0,1289,0,0,1,Biker
0,1165.0,1265.0,1204.0,1336.0,1290,0,0,1,Biker
0,1169.0,1265.0,1208.0,1336.0,1291,0,0,1,Biker
0,1173.0,1269.0,1211.0,1340.0,1292,0,0,1,Biker
0,1176.0,1269.0,1215.0,1340.0,1293,0,0,1,Biker
0,1180.0,1269.0,1219.0,1340.0,1294,0,0,1,Biker
0,1184.0,1273.0,1222.0,1344.0,1295,0,0,1,Biker
0,1187.0,1273.0,1226.0,1344.0,1296,0,0,1,Biker
0,1193.0,1273.0,1232.0,1344.0,1297,0,0,1,Biker
0,1197.0,1273.0,1235.0,1344.0,1298,0,0,1,Biker
0,1200.0,1277.0,1239.0,1349.0,1299,0,0,1,Biker
0,1204.0,1277.0,1243.0,1349.0,1300,0,0,1,Biker
0,1208.0,1277.0,1246.0,1349.0,1301,0,0,1,Biker
0,1211.0,1282.0,1250.0,1353.0,1302,0,0,1,Biker
0,1215.0,1282.0,1254.0,1353.0,1303,0,0,1,Biker
0,1219.0,1282.0,1257.0,1353.0,1304,0,0,1,Biker
0,1224.0,1286.0,1263.0,1357.0,1305,0,0,0,Biker
0,1226.0,1286.0,1265.0,1357.0,1306,0,0,1,Biker
0,1228.0,1286.0,1267.0,1357.0,1307,0,0,1,Biker
0,1230.0,1286.0,1268.0,1357.0,1308,0,0,1,Biker
0,1233.0,1286.0,1272.0,1357.0,1309,0,0,1,Biker
0,1235.0,1286.0,1274.0,1357.0,1310,0,0,1,Biker
0,1237.0,1286.0,1276.0,1357.0,1311,0,0,1,Biker
0,1239.0,1286.0,1278.0,1357.0,1312,0,0,1,Biker
0,1243.0,1286.0,1281.0,1357.0,1313,0,0,1,Biker
0,1244.0,1286.0,1283.0,1357.0,1314,0,0,1,Biker
0,1246.0,1286.0,1285.0,1357.0,1315,0,0,1,Biker
0,1248.0,1286.0,1287.0,1357.0,1316,0,0,1,Biker
0,1252.0,1286.0,1291.0,1357.0,1317,0,0,1,Biker
0,1254.0,1286.0,1292.0,1357.0,1318,0,0,1,Biker
0,1256.0,1286.0,1294.0,1357.0,1319,0,0,1,Biker
0,1257.0,1286.0,1296.0,1357.0,1320,0,0,1,Biker
0,1261.0,1290.0,1300.0,1361.0,1321,0,0,0,Biker
0,1261.0,1290.0,1300.0,1361.0,1322,0,0,1,Biker
0,1261.0,1290.0,1300.0,1361.0,1323,0,0,1,Biker
0,1263.0,1290.0,1302.0,1361.0,1324,0,0,1,Biker
0,1263.0,1290.0,1302.0,1361.0,1325,0,0,1,Biker
0,1265.0,1290.0,1303.0,1361.0,1326,0,0,1,Biker
0,1265.0,1290.0,1303.0,1361.0,1327,0,0,1,Biker
0,1267.0,1290.0,1305.0,1361.0,1328,0,0,1,Biker
0,1267.0,1290.0,1305.0,1361.0,1329,0,0,1,Biker
0,1267.0,1290.0,1305.0,1361.0,1330,0,0,1,Biker
0,1268.0,1290.0,1307.0,1361.0,1331,0,0,1,Biker
0,1268.0,1290.0,1307.0,1361.0,1332,0,0,1,Biker
0,1270.0,1290.0,1309.0,1361.0,1333,0,0,1,Biker
0,1270.0,1290.0,1309.0,1361.0,1334,0,0,1,Biker
0,1272.0,1290.0,1311.0,1361.0,1335,0,0,1,Biker
0,1272.0,1290.0,1311.0,1361.0,1336,0,0,1,Biker
0,1274.0,1290.0,1313.0,1361.0,1337,0,0,0,Biker
0,1274.0,1290.0,1313.0,1361.0,1338,0,0,1,Biker
0,1274.0,1290.0,1313.0,1361.0,1339,0,0,1,Biker
0,1274.0,1290.0,1313.0,1361.0,1340,0,0,1,Biker
0,1274.0,1290.0,1313.0,1361.0,1341,0,0,1,Biker
0,1274.0,1290.0,1313.0,1361.0,1342,0,0,1,Biker
0,1274.0,1290.0,1313.0,1361.0,1343,0,0,1,Biker
0,1274.0,1290.0,1313.0,1361.0,1344,0,0,1,Biker
0,1274.0,1290.0,1313.0,1361.0,1345,0,0,1,Biker
0,1274.0,1290.0,1313.0,1361.0,1346,0,0,1,Biker
0,1274.0,1290.0,1313.0,1361.0,1347,0,0,1,Biker
0,1274.0,1290.0,1313.0,1361.0,1348,0,0,1,Biker
0,1274.0,1290.0,1313.0,1361.0,1349,0,0,1,Biker
0,1274.0,1290.0,1313.0,1361.0,1350,0,0,1,Biker
0,1274.0,1290.0,1313.0,1361.0,1351,0,0,1,Biker
0,1274.0,1290.0,1313.0,1361.0,1352,0,0,1,Biker
0,1274.0,1290.0,1313.0,1361.0,1353,0,0,1,Biker
0,1274.0,1290.0,1313.0,1361.0,1354,0,0,1,Biker
0,1274.0,1290.0,1313.0,1361.0,1355,0,0,1,Biker
0,1274.0,1290.0,1313.0,1361.0,1356,0,0,1,Biker
0,1274.0,1290.0,1313.0,1361.0,1357,0,0,1,Biker
0,1274.0,1290.0,1313.0,1361.0,1358,0,0,1,Biker
0,1274.0,1290.0,1313.0,1361.0,1359,0,0,1,Biker
0,1274.0,1290.0,1313.0,1361.0,1360,0,0,1,Biker
0,1274.0,1290.0,1313.0,1361.0,1361,0,0,1,Biker
0,1274.0,1294.0,1313.0,1365.0,1362,0,0,1,Biker
0,1274.0,1294.0,1313.0,1365.0,1363,0,0,1,Biker
0,1274.0,1294.0,1313.0,1365.0,1364,0,0,1,Biker
0,1274.0,1294.0,1313.0,1365.0,1365,0,0,1,Biker
0,1274.0,1294.0,1313.0,1365.0,1366,0,0,1,Biker
0,1274.0,1294.0,1313.0,1365.0,1367,0,0,1,Biker
0,1274.0,1294.0,1313.0,1365.0,1368,0,0,1,Biker
0,1274.0,1294.0,1313.0,1365.0,1369,0,0,1,Biker
0,1274.0,1294.0,1313.0,1365.0,1370,0,0,1,Biker
0,1274.0,1294.0,1313.0,1365.0,1371,0,0,1,Biker
0,1274.0,1294.0,1313.0,1365.0,1372,0,0,1,Biker
0,1274.0,1294.0,1313.0,1365.0,1373,0,0,1,Biker
0,1274.0,1294.0,1313.0,1365.0,1374,0,0,1,Biker
0,1274.0,1294.0,1313.0,1365.0,1375,0,0,1,Biker
0,1274.0,1294.0,1313.0,1365.0,1376,0,0,1,Biker
0,1274.0,1294.0,1313.0,1365.0,1377,0,0,1,Biker
0,1274.0,1294.0,1313.0,1365.0,1378,0,0,1,Biker
0,1274.0,1294.0,1313.0,1365.0,1379,0,0,1,Biker
0,1274.0,1294.0,1313.0,1365.0,1380,0,0,1,Biker
0,1274.0,1294.0,1313.0,1365.0,1381,0,0,1,Biker
0,1274.0,1294.0,1313.0,1365.0,1382,0,0,1,Biker
0,1274.0,1294.0,1313.0,1365.0,1383,0,0,1,Biker
0,1274.0,1294.0,1313.0,1365.0,1384,0,0,1,Biker
0,1274.0,1294.0,1313.0,1365.0,1385,0,0,1,Biker
0,1274.0,1298.0,1313.0,1369.0,1386,0,0,1,Biker
0,1274.0,1298.0,1313.0,1369.0,1387,0,0,1,Biker
0,1274.0,1298.0,1313.0,1369.0,1388,0,0,1,Biker
0,1274.0,1298.0,1313.0,1369.0,1389,0,0,1,Biker
0,1274.0,1298.0,1313.0,1369.0,1390,0,0,1,Biker
0,1274.0,1298.0,1313.0,1369.0,1391,0,0,1,Biker
0,1274.0,1298.0,1313.0,1369.0,1392,0,0,1,Biker
0,1274.0,1298.0,1313.0,1369.0,1393,0,0,1,Biker
0,1274.0,1298.0,1313.0,1369.0,1394,0,0,1,Biker
0,1274.0,1298.0,1313.0,1369.0,1395,0,0,1,Biker
0,1274.0,1298.0,1313.0,1369.0,1396,0,0,1,Biker
0,1274.0,1298.0,1313.0,1369.0,1397,0,0,1,Biker
0,1274.0,1298.0,1313.0,1369.0,1398,0,0,1,Biker
0,1274.0,1298.0,1313.0,1369.0,1399,0,0,1,Biker
0,1274.0,1298.0,1313.0,1369.0,1400,0,0,1,Biker
0,1274.0,1298.0,1313.0,1369.0,1401,0,0,1,Biker
0,1274.0,1298.0,1313.0,1369.0,1402,0,0,1,Biker
0,1274.0,1298.0,1313.0,1369.0,1403,0,0,1,Biker
0,1274.0,1298.0,1313.0,1369.0,1404,0,0,1,Biker
0,1274.0,1298.0,1313.0,1369.0,1405,0,0,1,Biker
0,1274.0,1298.0,1313.0,1369.0,1406,0,0,1,Biker
0,1274.0,1298.0,1313.0,1369.0,1407,0,0,1,Biker
0,1274.0,1298.0,1313.0,1369.0,1408,0,0,1,Biker
0,1274.0,1298.0,1313.0,1369.0,1409,0,0,1,Biker
0,1274.0,1302.0,1313.0,1374.0,1410,0,0,1,Biker
0,1274.0,1302.0,1313.0,1374.0,1411,0,0,1,Biker
0,1274.0,1302.0,1313.0,1374.0,1412,0,0,1,Biker
0,1274.0,1302.0,1313.0,1374.0,1413,0,0,1,Biker
0,1274.0,1302.0,1313.0,1374.0,1414,0,0,1,Biker
0,1274.0,1302.0,1313.0,1374.0,1415,0,0,1,Biker
0,1274.0,1302.0,1313.0,1374.0,1416,0,0,1,Biker
0,1274.0,1302.0,1313.0,1374.0,1417,0,0,1,Biker
0,1274.0,1302.0,1313.0,1374.0,1418,0,0,1,Biker
0,1274.0,1302.0,1313.0,1374.0,1419,0,0,1,Biker
0,1274.0,1302.0,1313.0,1374.0,1420,0,0,1,Biker
0,1274.0,1302.0,1313.0,1374.0,1421,0,0,1,Biker
0,1274.0,1302.0,1313.0,1374.0,1422,0,0,1,Biker
0,1274.0,1302.0,1313.0,1374.0,1423,0,0,1,Biker
0,1274.0,1302.0,1313.0,1374.0,1424,0,0,1,Biker
0,1274.0,1302.0,1313.0,1374.0,1425,0,0,1,Biker
0,1274.0,1302.0,1313.0,1374.0,1426,0,0,1,Biker
0,1274.0,1302.0,1313.0,1374.0,1427,0,0,1,Biker
0,1274.0,1302.0,1313.0,1374.0,1428,0,0,1,Biker
0,1274.0,1302.0,1313.0,1374.0,1429,0,0,1,Biker
0,1274.0,1302.0,1313.0,1374.0,1430,0,0,1,Biker
0,1274.0,1302.0,1313.0,1374.0,1431,0,0,1,Biker
0,1274.0,1302.0,1313.0,1374.0,1432,0,0,1,Biker
0,1274.0,1302.0,1313.0,1374.0,1433,0,0,1,Biker
0,1274.0,1307.0,1313.0,1378.0,1434,0,0,1,Biker
0,1274.0,1307.0,1313.0,1378.0,1435,0,0,1,Biker
0,1274.0,1307.0,1313.0,1378.0,1436,0,0,1,Biker
0,1274.0,1307.0,1313.0,1378.0,1437,0,0,1,Biker
0,1274.0,1307.0,1313.0,1378.0,1438,0,0,1,Biker
0,1274.0,1307.0,1313.0,1378.0,1439,0,0,1,Biker
0,1274.0,1307.0,1313.0,1378.0,1440,0,0,1,Biker
0,1274.0,1307.0,1313.0,1378.0,1441,0,0,1,Biker
0,1274.0,1307.0,1313.0,1378.0,1442,0,0,1,Biker
0,1274.0,1307.0,1313.0,1378.0,1443,0,0,1,Biker
0,1274.0,1307.0,1313.0,1378.0,1444,0,0,1,Biker
0,1274.0,1307.0,1313.0,1378.0,1445,0,0,1,Biker
0,1274.0,1307.0,1313.0,1378.0,1446,0,0,1,Biker
0,1274.0,1307.0,1313.0,1378.0,1447,0,0,1,Biker
0,1274.0,1307.0,1313.0,1378.0,1448,0,0,1,Biker
0,1274.0,1307.0,1313.0,1378.0,1449,0,0,1,Biker
0,1274.0,1307.0,1313.0,1378.0,1450,0,0,1,Biker
0,1274.0,1307.0,1313.0,1378.0,1451,0,0,1,Biker
0,1274.0,1307.0,1313.0,1378.0,1452,0,0,1,Biker
0,1274.0,1307.0,1313.0,1378.0,1453,0,0,1,Biker
0,1274.0,1307.0,1313.0,1378.0,1454,0,0,1,Biker
0,1274.0,1307.0,1313.0,1378.0,1455,0,0,1,Biker
0,1274.0,1307.0,1313.0,1378.0,1456,0,0,1,Biker
0,1274.0,1307.0,1313.0,1378.0,1457,0,0,1,Biker
0,1274.0,1311.0,1313.0,1382.0,1458,0,0,1,Biker
0,1274.0,1311.0,1313.0,1382.0,1459,0,0,1,Biker
0,1274.0,1311.0,1313.0,1382.0,1460,0,0,1,Biker
0,1274.0,1311.0,1313.0,1382.0,1461,0,0,1,Biker
0,1274.0,1311.0,1313.0,1382.0,1462,0,0,1,Biker
0,1274.0,1311.0,1313.0,1382.0,1463,0,0,1,Biker
0,1274.0,1311.0,1313.0,1382.0,1464,0,0,1,Biker
0,1274.0,1311.0,1313.0,1382.0,1465,0,0,1,Biker
0,1274.0,1311.0,1313.0,1382.0,1466,0,0,1,Biker
0,1274.0,1311.0,1313.0,1382.0,1467,0,0,1,Biker
0,1274.0,1311.0,1313.0,1382.0,1468,0,0,1,Biker
0,1274.0,1311.0,1313.0,1382.0,1469,0,0,1,Biker
0,1274.0,1311.0,1313.0,1382.0,1470,0,0,1,Biker
0,1274.0,1311.0,1313.0,1382.0,1471,0,0,1,Biker
0,1274.0,1311.0,1313.0,1382.0,1472,0,0,1,Biker
0,1274.0,1311.0,1313.0,1382.0,1473,0,0,1,Biker
0,1274.0,1311.0,1313.0,1382.0,1474,0,0,1,Biker
0,1274.0,1311.0,1313.0,1382.0,1475,0,0,1,Biker
0,1274.0,1311.0,1313.0,1382.0,1476,0,0,1,Biker
0,1274.0,1311.0,1313.0,1382.0,1477,0,0,1,Biker
0,1274.0,1311.0,1313.0,1382.0,1478,0,0,1,Biker
0,1274.0,1311.0,1313.0,1382.0,1479,0,0,1,Biker
0,1274.0,1311.0,1313.0,1382.0,1480,0,0,1,Biker
0,1274.0,1311.0,1313.0,1382.0,1481,0,0,1,Biker
0,1274.0,1315.0,1313.0,1386.0,1482,0,0,0,Biker
0,1272.0,1315.0,1311.0,1386.0,1483,0,0,1,Biker
0,1272.0,1315.0,1311.0,1386.0,1484,0,0,1,Biker
0,1272.0,1315.0,1311.0,1386.0,1485,0,0,1,Biker
0,1272.0,1315.0,1311.0,1386.0,1486,0,0,1,Biker
0,1272.0,1315.0,1311.0,1386.0,1487,0,0,1,Biker
0,1272.0,1315.0,1311.0,1386.0,1488,0,0,1,Biker
0,1272.0,1315.0,1311.0,1386.0,1489,0,0,1,Biker
0,1272.0,1315.0,1311.0,1386.0,1490,0,0,1,Biker
0,1272.0,1319.0,1311.0,1390.0,1491,0,0,1,Biker
0,1270.0,1319.0,1309.0,1390.0,1492,0,0,1,Biker
0,1270.0,1319.0,1309.0,1390.0,1493,0,0,1,Biker
0,1270.0,1319.0,1309.0,1390.0,1494,0,0,1,Biker
0,1270.0,1319.0,1309.0,1390.0,1495,0,0,1,Biker
0,1270.0,1319.0,1309.0,1390.0,1496,0,0,1,Biker
0,1270.0,1319.0,1309.0,1390.0,1497,0,0,1,Biker
0,1270.0,1319.0,1309.0,1390.0,1498,0,0,1,Biker
0,1270.0,1319.0,1309.0,1390.0,1499,0,0,1,Biker
0,1270.0,1323.0,1309.0,1395.0,1500,0,0,0,Biker
0,1268.0,1323.0,1307.0,1395.0,1501,0,0,1,Biker
0,1268.0,1323.0,1307.0,1395.0,1502,0,0,1,Biker
0,1268.0,1323.0,1307.0,1395.0,1503,0,0,1,Biker
0,1268.0,1323.0,1307.0,1399.0,1504,0,0,1,Biker
0,1267.0,1323.0,1307.0,1399.0,1505,0,0,1,Biker
0,1267.0,1323.0,1307.0,1399.0,1506,0,0,1,Biker
0,1267.0,1323.0,1307.0,1403.0,1507,0,0,1,Biker
0,1267.0,1323.0,1307.0,1403.0,1508,0,0,1,Biker
0,1265.0,1328.0,1305.0,1403.0,1509,0,0,1,Biker
0,1265.0,1328.0,1305.0,1407.0,1510,0,0,1,Biker
0,1265.0,1328.0,1305.0,1407.0,1511,0,0,1,Biker
0,1265.0,1328.0,1305.0,1407.0,1512,0,0,1,Biker
0,1265.0,1328.0,1305.0,1411.0,1513,0,0,1,Biker
0,1263.0,1328.0,1305.0,1411.0,1514,0,0,1,Biker
0,1263.0,1328.0,1305.0,1411.0,1515,0,0,1,Biker
0,1263.0,1328.0,1305.0,1416.0,1516,0,0,1,Biker
0,1263.0,1328.0,1305.0,1416.0,1517,0,0,1,Biker
0,1261.0,1332.0,1303.0,1416.0,1518,0,0,1,Biker
0,1261.0,1332.0,1303.0,1416.0,1519,0,0,1,Biker
0,1261.0,1332.0,1303.0,1420.0,1520,0,0,1,Biker
0,1261.0,1332.0,1303.0,1420.0,1521,0,0,1,Biker
0,1259.0,1332.0,1303.0,1420.0,1522,0,0,1,Biker
0,1259.0,1332.0,1303.0,1424.0,1523,0,0,1,Biker
0,1259.0,1332.0,1303.0,1424.0,1524,0,0,1,Biker
0,1259.0,1332.0,1303.0,1424.0,1525,0,0,1,Biker
0,1259.0,1332.0,1303.0,1428.0,1526,0,0,1,Biker
0,1257.0,1336.0,1302.0,1428.0,1527,0,0,1,Biker
0,1257.0,1336.0,1302.0,1428.0,1528,0,0,1,Biker
0,1257.0,1336.0,1302.0,1432.0,1529,0,0,1,Biker
0,1257.0,1336.0,1302.0,1432.0,1530,0,0,1,Biker
0,1256.0,1336.0,1302.0,1432.0,1531,0,0,1,Biker
0,1256.0,1336.0,1302.0,1437.0,1532,0,0,1,Biker
0,1256.0,1336.0,1302.0,1437.0,1533,0,0,1,Biker
0,1256.0,1336.0,1302.0,1437.0,1534,0,0,1,Biker
0,1256.0,1340.0,1302.0,1441.0,1535,0,0,1,Biker
0,1254.0,1340.0,1300.0,1441.0,1536,0,0,1,Biker
0,1254.0,1340.0,1300.0,1441.0,1537,0,0,1,Biker
0,1254.0,1340.0,1300.0,1441.0,1538,0,0,1,Biker
0,1254.0,1340.0,1300.0,1445.0,1539,0,0,1,Biker
0,1252.0,1340.0,1300.0,1445.0,1540,0,0,1,Biker
0,1252.0,1340.0,1300.0,1445.0,1541,0,0,1,Biker
0,1252.0,1340.0,1300.0,1449.0,1542,0,0,1,Biker
0,1252.0,1340.0,1300.0,1449.0,1543,0,0,1,Biker
0,1250.0,1344.0,1298.0,1449.0,1544,0,0,1,Biker
0,1250.0,1344.0,1298.0,1453.0,1545,0,0,1,Biker
0,1250.0,1344.0,1298.0,1453.0,1546,0,0,1,Biker
0,1250.0,1344.0,1298.0,1453.0,1547,0,0,1,Biker
0,1250.0,1344.0,1298.0,1457.0,1548,0,0,1,Biker
0,1248.0,1344.0,1298.0,1457.0,1549,0,0,1,Biker
0,1248.0,1344.0,1298.0,1457.0,1550,0,0,1,Biker
0,1248.0,1344.0,1298.0,1462.0,1551,0,0,1,Biker
0,1248.0,1344.0,1298.0,1462.0,1552,0,0,1,Biker
0,1246.0,1349.0,1296.0,1462.0,1553,0,0,1,Biker
0,1246.0,1349.0,1296.0,1462.0,1554,0,0,1,Biker
0,1246.0,1349.0,1296.0,1466.0,1555,0,0,1,Biker
0,1246.0,1349.0,1296.0,1466.0,1556,0,0,1,Biker
0,1244.0,1349.0,1296.0,1466.0,1557,0,0,1,Biker
0,1244.0,1349.0,1296.0,1470.0,1558,0,0,1,Biker
0,1244.0,1349.0,1296.0,1470.0,1559,0,0,1,Biker
0,1244.0,1349.0,1296.0,1470.0,1560,0,0,1,Biker
0,1244.0,1349.0,1296.0,1474.0,1561,0,0,1,Biker
0,1243.0,1353.0,1294.0,1474.0,1562,0,0,1,Biker
0,1243.0,1353.0,1294.0,1474.0,1563,0,0,1,Biker
0,1243.0,1353.0,1294.0,1478.0,1564,0,0,1,Biker
0,1243.0,1353.0,1294.0,1478.0,1565,0,0,1,Biker
0,1241.0,1353.0,1294.0,1478.0,1566,0,0,1,Biker
0,1241.0,1353.0,1294.0,1483.0,1567,0,0,1,Biker
0,1241.0,1353.0,1294.0,1483.0,1568,0,0,1,Biker
0,1241.0,1353.0,1294.0,1483.0,1569,0,0,1,Biker
0,1241.0,1357.0,1294.0,1487.0,1570,0,0,0,Biker
0,1241.0,1357.0,1294.0,1487.0,1571,0,0,1,Biker
0,1241.0,1357.0,1294.0,1487.0,1572,0,0,1,Biker
0,1241.0,1361.0,1294.0,1491.0,1573,0,0,1,Biker
0,1241.0,1361.0,1294.0,1491.0,1574,0,0,1,Biker
0,1241.0,1365.0,1294.0,1495.0,1575,0,0,1,Biker
0,1243.0,1365.0,1296.0,1495.0,1576,0,0,1,Biker
0,1243.0,1365.0,1296.0,1495.0,1577,0,0,1,Biker
0,1243.0,1369.0,1296.0,1499.0,1578,0,0,1,Biker
0,1243.0,1369.0,1296.0,1499.0,1579,0,0,1,Biker
0,1243.0,1374.0,1296.0,1504.0,1580,0,0,1,Biker
0,1243.0,1374.0,1298.0,1504.0,1581,0,0,1,Biker
0,1244.0,1374.0,1298.0,1504.0,1582,0,0,1,Biker
0,1244.0,1378.0,1298.0,1508.0,1583,0,0,1,Biker
0,1244.0,1378.0,1298.0,1508.0,1584,0,0,1,Biker
0,1244.0,1382.0,1298.0,1512.0,1585,0,0,1,Biker
0,1244.0,1382.0,1298.0,1512.0,1586,0,0,1,Biker
0,1244.0,1382.0,1300.0,1512.0,1587,0,0,1,Biker
0,1246.0,1386.0,1300.0,1516.0,1588,0,0,1,Biker
0,1246.0,1386.0,1300.0,1516.0,1589,0,0,1,Biker
0,1246.0,1390.0,1300.0,1520.0,1590,0,0,1,Biker
0,1246.0,1390.0,1300.0,1520.0,1591,0,0,1,Biker
0,1246.0,1390.0,1302.0,1520.0,1592,0,0,1,Biker
0,1246.0,1395.0,1302.0,1525.0,1593,0,0,1,Biker
0,1248.0,1395.0,1302.0,1525.0,1594,0,0,1,Biker
0,1248.0,1399.0,1302.0,1529.0,1595,0,0,1,Biker
0,1248.0,1399.0,1302.0,1529.0,1596,0,0,1,Biker
0,1248.0,1399.0,1302.0,1529.0,1597,0,0,1,Biker
0,1248.0,1403.0,1303.0,1533.0,1598,0,0,1,Biker
0,1248.0,1403.0,1303.0,1533.0,1599,0,0,1,Biker
0,1250.0,1407.0,1303.0,1537.0,1600,0,0,1,Biker
0,1250.0,1407.0,1303.0,1537.0,1601,0,0,1,Biker
0,1250.0,1407.0,1303.0,1537.0,1602,0,0,1,Biker
0,1250.0,1411.0,1305.0,1541.0,1603,0,0,1,Biker
0,1250.0,1411.0,1305.0,1541.0,1604,0,0,1,Biker
0,1250.0,1416.0,1305.0,1545.0,1605,0,0,1,Biker
0,1252.0,1416.0,1305.0,1545.0,1606,0,0,1,Biker
0,1252.0,1416.0,1305.0,1545.0,1607,0,0,1,Biker
0,1252.0,1420.0,1305.0,1550.0,1608,0,0,1,Biker
0,1252.0,1420.0,1307.0,1550.0,1609,0,0,1,Biker
0,1252.0,1424.0,1307.0,1554.0,1610,0,0,1,Biker
0,1252.0,1424.0,1307.0,1554.0,1611,0,0,1,Biker
0,1254.0,1424.0,1307.0,1554.0,1612,0,0,1,Biker
0,1254.0,1428.0,1307.0,1558.0,1613,0,0,1,Biker
0,1254.0,1428.0,1309.0,1558.0,1614,0,0,1,Biker
0,1254.0,1432.0,1309.0,1562.0,1615,0,0,1,Biker
0,1254.0,1432.0,1309.0,1562.0,1616,0,0,1,Biker
0,1254.0,1432.0,1309.0,1562.0,1617,0,0,1,Biker
0,1256.0,1437.0,1309.0,1566.0,1618,0,0,1,Biker
0,1256.0,1437.0,1309.0,1566.0,1619,0,0,1,Biker
0,1256.0,1441.0,1311.0,1571.0,1620,0,0,1,Biker
0,1256.0,1441.0,1311.0,1571.0,1621,0,0,1,Biker
0,1256.0,1441.0,1311.0,1571.0,1622,0,0,1,Biker
0,1256.0,1445.0,1311.0,1575.0,1623,0,0,1,Biker
0,1257.0,1445.0,1311.0,1575.0,1624,0,0,1,Biker
0,1257.0,1449.0,1313.0,1579.0,1625,0,0,1,Biker
0,1257.0,1449.0,1313.0,1579.0,1626,0,0,1,Biker
0,1257.0,1449.0,1313.0,1579.0,1627,0,0,1,Biker
0,1257.0,1453.0,1313.0,1583.0,1628,0,0,1,Biker
0,1257.0,1453.0,1313.0,1583.0,1629,0,0,1,Biker
0,1259.0,1457.0,1314.0,1587.0,1630,0,0,0,Biker
0,1259.0,1457.0,1314.0,1587.0,1631,0,0,1,Biker
0,1259.0,1457.0,1314.0,1587.0,1632,0,0,1,Biker
0,1261.0,1457.0,1314.0,1587.0,1633,0,0,1,Biker
0,1261.0,1462.0,1314.0,1592.0,1634,0,0,1,Biker
0,1261.0,1462.0,1316.0,1592.0,1635,0,0,1,Biker
0,1263.0,1462.0,1316.0,1592.0,1636,0,0,1,Biker
0,1263.0,1466.0,1316.0,1596.0,1637,0,0,1,Biker
0,1263.0,1466.0,1316.0,1596.0,1638,0,0,1,Biker
0,1265.0,1466.0,1316.0,1596.0,1639,0,0,1,Biker
0,1265.0,1470.0,1318.0,1600.0,1640,0,0,1,Biker
0,1265.0,1470.0,1318.0,1600.0,1641,0,0,1,Biker
0,1267.0,1470.0,1318.0,1600.0,1642,0,0,1,Biker
0,1267.0,1470.0,1318.0,1600.0,1643,0,0,1,Biker
0,1267.0,1474.0,1318.0,1604.0,1644,0,0,1,Biker
0,1268.0,1474.0,1320.0,1604.0,1645,0,0,1,Biker
0,1268.0,1474.0,1320.0,1604.0,1646,0,0,1,Biker
0,1268.0,1478.0,1320.0,1608.0,1647,0,0,1,Biker
0,1270.0,1478.0,1320.0,1608.0,1648,0,0,1,Biker
0,1270.0,1478.0,1320.0,1608.0,1649,0,0,1,Biker
0,1272.0,1483.0,1322.0,1612.0,1650,1,0,0,Biker
0,1272.0,1483.0,1320.0,1608.0,1651,1,0,1,Biker
0,1272.0,1483.0,1320.0,1608.0,1652,1,0,1,Biker
0,1272.0,1483.0,1320.0,1608.0,1653,1,0,1,Biker
0,1272.0,1483.0,1320.0,1608.0,1654,1,0,1,Biker
0,1272.0,1483.0,1320.0,1608.0,1655,1,0,1,Biker
0,1272.0,1483.0,1320.0,1608.0,1656,1,0,1,Biker
0,1272.0,1483.0,1320.0,1608.0,1657,1,0,1,Biker
0,1272.0,1483.0,1320.0,1608.0,1658,1,0,1,Biker
0,1272.0,1483.0,1320.0,1608.0,1659,1,0,1,Biker
0,1272.0,1483.0,1320.0,1608.0,1660,1,0,0,Biker
0,1272.0,1483.0,1320.0,1608.0,1661,1,0,1,Biker
0,1272.0,1483.0,1320.0,1608.0,1662,1,0,1,Biker
0,1272.0,1483.0,1320.0,1608.0,1663,1,0,1,Biker
0,1272.0,1483.0,1320.0,1608.0,1664,1,0,1,Biker
0,1272.0,1483.0,1320.0,1608.0,1665,1,0,1,Biker
0,1272.0,1483.0,1320.0,1608.0,1666,1,0,1,Biker
0,1272.0,1483.0,1320.0,1608.0,1667,1,0,1,Biker
0,1272.0,1483.0,1320.0,1608.0,1668,1,0,1,Biker
0,1272.0,1483.0,1320.0,1608.0,1669,1,0,1,Biker
0,1272.0,1483.0,1320.0,1608.0,1670,1,0,1,Biker
0,1272.0,1483.0,1320.0,1608.0,1671,1,0,1,Biker
0,1272.0,1483.0,1320.0,1608.0,1672,1,0,1,Biker
0,1272.0,1483.0,1320.0,1608.0,1673,1,0,1,Biker
0,1272.0,1483.0,1320.0,1608.0,1674,1,0,1,Biker
0,1272.0,1483.0,1320.0,1608.0,1675,1,0,1,Biker
0,1272.0,1483.0,1320.0,1608.0,1676,1,0,1,Biker
0,1272.0,1483.0,1320.0,1608.0,1677,1,0,1,Biker
0,1272.0,1483.0,1320.0,1608.0,1678,1,0,1,Biker
0,1272.0,1483.0,1320.0,1608.0,1679,1,0,1,Biker
0,1272.0,1483.0,1320.0,1608.0,1680,1,0,1,Biker
0,1272.0,1483.0,1320.0,1608.0,1681,1,0,1,Biker
0,1272.0,1483.0,1320.0,1608.0,1682,1,0,1,Biker
0,1272.0,1483.0,1320.0,1608.0,1683,1,0,1,Biker
0,1272.0,1483.0,1320.0,1608.0,1684,1,0,1,Biker
0,1272.0,1483.0,1320.0,1608.0,1685,1,0,1,Biker
0,1272.0,1483.0,1320.0,1608.0,1686,1,0,1,Biker
0,1272.0,1483.0,1320.0,1608.0,1687,1,0,1,Biker
0,1272.0,1483.0,1320.0,1608.0,1688,1,0,1,Biker
0,1272.0,1483.0,1320.0,1608.0,1689,1,0,1,Biker
0,1272.0,1483.0,1320.0,1608.0,1690,1,0,1,Biker
0,1272.0,1483.0,1320.0,1608.0,1691,1,0,1,Biker
0,1272.0,1483.0,1320.0,1608.0,1692,1,0,1,Biker
0,1272.0,1483.0,1320.0,1608.0,1693,1,0,1,Biker
0,1272.0,1483.0,1320.0,1608.0,1694,1,0,1,Biker
0,1272.0,1483.0,1320.0,1608.0,1695,1,0,1,Biker
0,1272.0,1483.0,1320.0,1608.0,1696,1,0,1,Biker
0,1272.0,1483.0,1320.0,1608.0,1697,1,0,1,Biker
0,1272.0,1483.0,1320.0,1608.0,1698,1,0,1,Biker
0,1272.0,1483.0,1320.0,1608.0,1699,1,0,1,Biker
0,1272.0,1483.0,1320.0,1608.0,1700,1,0,1,Biker
0,1272.0,1483.0,1320.0,1608.0,1701,1,0,1,Biker
0,1272.0,1483.0,1320.0,1608.0,1702,1,0,1,Biker
0,1272.0,1483.0,1320.0,1608.0,1703,1,0,1,Biker
0,1272.0,1483.0,1320.0,1608.0,1704,1,0,1,Biker
0,1272.0,1483.0,1320.0,1608.0,1705,1,0,1,Biker
0,1272.0,1483.0,1320.0,1608.0,1706,1,0,1,Biker
0,1272.0,1483.0,1320.0,1608.0,1707,1,0,1,Biker
0,1272.0,1483.0,1320.0,1608.0,1708,1,0,1,Biker
0,1272.0,1483.0,1320.0,1608.0,1709,1,0,1,Biker
0,1272.0,1483.0,1320.0,1608.0,1710,1,0,1,Biker
0,1272.0,1483.0,1320.0,1608.0,1711,1,0,1,Biker
0,1272.0,1483.0,1320.0,1608.0,1712,1,0,1,Biker
0,1272.0,1483.0,1320.0,1608.0,1713,1,0,1,Biker
0,1272.0,1483.0,1320.0,1608.0,1714,1,0,1,Biker
0,1272.0,1483.0,1320.0,1608.0,1715,1,0,1,Biker
0,1272.0,1483.0,1320.0,1608.0,1716,1,0,1,Biker
0,1272.0,1483.0,1320.0,1608.0,1717,1,0,1,Biker
0,1272.0,1483.0,1320.0,1608.0,1718,1,0,1,Biker
0,1272.0,1483.0,1320.0,1608.0,1719,1,0,1,Biker
0,1272.0,1483.0,1320.0,1608.0,1720,1,0,1,Biker
0,1272.0,1483.0,1320.0,1608.0,1721,1,0,1,Biker
0,1272.0,1483.0,1320.0,1608.0,1722,1,0,1,Biker
0,1272.0,1483.0,1320.0,1608.0,1723,1,0,1,Biker
0,1272.0,1483.0,1320.0,1608.0,1724,1,0,1,Biker
0,1272.0,1483.0,1320.0,1608.0,1725,1,0,1,Biker
0,1272.0,1483.0,1320.0,1608.0,1726,1,0,1,Biker
0,1272.0,1483.0,1320.0,1608.0,1727,1,0,1,Biker
0,1272.0,1483.0,1320.0,1608.0,1728,1,0,1,Biker
0,1272.0,1483.0,1320.0,1608.0,1729,1,0,1,Biker
0,1272.0,1483.0,1320.0,1608.0,1730,1,0,1,Biker
0,1272.0,1483.0,1320.0,1608.0,1731,1,0,1,Biker
0,1272.0,1483.0,1320.0,1608.0,1732,1,0,1,Biker
0,1272.0,1483.0,1320.0,1608.0,1733,1,0,1,Biker
0,1272.0,1483.0,1320.0,1608.0,1734,1,0,1,Biker
0,1272.0,1483.0,1320.0,1608.0,1735,1,0,1,Biker
0,1272.0,1483.0,1320.0,1608.0,1736,1,0,1,Biker
0,1272.0,1483.0,1320.0,1608.0,1737,1,0,1,Biker
0,1272.0,1483.0,1320.0,1608.0,1738,1,0,1,Biker
0,1272.0,1483.0,1320.0,1608.0,1739,1,0,1,Biker
0,1272.0,1483.0,1320.0,1608.0,1740,1,0,1,Biker
0,1272.0,1483.0,1320.0,1608.0,1741,1,0,1,Biker
0,1272.0,1483.0,1320.0,1608.0,1742,1,0,1,Biker
0,1272.0,1483.0,1320.0,1608.0,1743,1,0,1,Biker
0,1272.0,1483.0,1320.0,1608.0,1744,1,0,1,Biker
0,1272.0,1483.0,1320.0,1608.0,1745,1,0,1,Biker
0,1272.0,1483.0,1320.0,1608.0,1746,1,0,1,Biker
0,1272.0,1483.0,1320.0,1608.0,1747,1,0,1,Biker
0,1272.0,1483.0,1320.0,1608.0,1748,1,0,1,Biker
0,1272.0,1483.0,1320.0,1608.0,1749,1,0,1,Biker
0,1272.0,1483.0,1320.0,1608.0,1750,1,0,1,Biker
0,1272.0,1483.0,1320.0,1608.0,1751,1,0,1,Biker
0,1272.0,1483.0,1320.0,1608.0,1752,1,0,1,Biker
0,1272.0,1483.0,1320.0,1608.0,1753,1,0,1,Biker
0,1272.0,1483.0,1320.0,1608.0,1754,1,0,1,Biker
0,1272.0,1483.0,1320.0,1608.0,1755,1,0,1,Biker
0,1272.0,1483.0,1320.0,1608.0,1756,1,0,1,Biker
0,1272.0,1483.0,1320.0,1608.0,1757,1,0,1,Biker
0,1272.0,1483.0,1320.0,1608.0,1758,1,0,1,Biker
0,1272.0,1483.0,1320.0,1608.0,1759,1,0,1,Biker
0,1272.0,1483.0,1320.0,1608.0,1760,1,0,1,Biker
0,1272.0,1483.0,1320.0,1608.0,1761,1,0,1,Biker
0,1272.0,1483.0,1320.0,1608.0,1762,1,0,1,Biker
0,1272.0,1483.0,1320.0,1608.0,1763,1,0,1,Biker
0,1272.0,1483.0,1320.0,1608.0,1764,1,0,1,Biker
0,1272.0,1483.0,1320.0,1608.0,1765,1,0,1,Biker
0,1272.0,1483.0,1320.0,1608.0,1766,1,0,1,Biker
0,1272.0,1483.0,1320.0,1608.0,1767,1,0,1,Biker
0,1272.0,1483.0,1320.0,1608.0,1768,1,0,1,Biker
0,1272.0,1483.0,1320.0,1608.0,1769,1,0,1,Biker
0,1272.0,1483.0,1320.0,1608.0,1770,1,0,1,Biker
0,1272.0,1483.0,1320.0,1608.0,1771,1,0,1,Biker
0,1272.0,1483.0,1320.0,1608.0,1772,1,0,1,Biker
0,1272.0,1483.0,1320.0,1608.0,1773,1,0,1,Biker
0,1272.0,1483.0,1320.0,1608.0,1774,1,0,1,Biker
0,1272.0,1483.0,1320.0,1608.0,1775,1,0,1,Biker
0,1272.0,1483.0,1320.0,1608.0,1776,1,0,1,Biker
0,1272.0,1483.0,1320.0,1608.0,1777,1,0,1,Biker
0,1272.0,1483.0,1320.0,1608.0,1778,1,0,1,Biker
0,1272.0,1483.0,1320.0,1608.0,1779,1,0,1,Biker
0,1272.0,1483.0,1320.0,1608.0,1780,1,0,1,Biker
0,1272.0,1483.0,1320.0,1608.0,1781,1,0,1,Biker
0,1272.0,1483.0,1320.0,1608.0,1782,1,0,1,Biker
0,1272.0,1483.0,1320.0,1608.0,1783,1,0,1,Biker
0,1272.0,1483.0,1320.0,1608.0,1784,1,0,1,Biker
0,1272.0,1483.0,1320.0,1608.0,1785,1,0,1,Biker
0,1272.0,1483.0,1320.0,1608.0,1786,1,0,1,Biker
0,1272.0,1483.0,1320.0,1608.0,1787,1,0,1,Biker
0,1272.0,1483.0,1320.0,1608.0,1788,1,0,1,Biker
0,1272.0,1483.0,1320.0,1608.0,1789,1,0,1,Biker
0,1272.0,1483.0,1320.0,1608.0,1790,1,0,1,Biker
0,1272.0,1483.0,1320.0,1608.0,1791,1,0,1,Biker
0,1272.0,1483.0,1320.0,1608.0,1792,1,0,1,Biker
0,1272.0,1483.0,1320.0,1608.0,1793,1,0,1,Biker
0,1272.0,1483.0,1320.0,1608.0,1794,1,0,1,Biker
0,1272.0,1483.0,1320.0,1608.0,1795,1,0,1,Biker
0,1272.0,1483.0,1320.0,1608.0,1796,1,0,1,Biker
0,1272.0,1483.0,1320.0,1608.0,1797,1,0,1,Biker
0,1272.0,1483.0,1320.0,1608.0,1798,1,0,1,Biker
0,1272.0,1483.0,1320.0,1608.0,1799,1,0,1,Biker
0,1272.0,1483.0,1320.0,1608.0,1800,1,0,1,Biker
0,1272.0,1483.0,1320.0,1608.0,1801,1,0,1,Biker
0,1272.0,1483.0,1320.0,1608.0,1802,1,0,1,Biker
0,1272.0,1483.0,1320.0,1608.0,1803,1,0,1,Biker
0,1272.0,1483.0,1320.0,1608.0,1804,1,0,1,Biker
0,1272.0,1483.0,1320.0,1608.0,1805,1,0,1,Biker
0,1272.0,1483.0,1320.0,1608.0,1806,1,0,1,Biker
0,1272.0,1483.0,1320.0,1608.0,1807,1,0,1,Biker
0,1272.0,1483.0,1320.0,1608.0,1808,1,0,1,Biker
0,1272.0,1483.0,1320.0,1608.0,1809,1,0,1,Biker
0,1272.0,1483.0,1320.0,1608.0,1810,1,0,1,Biker
0,1272.0,1483.0,1320.0,1608.0,1811,1,0,1,Biker
0,1272.0,1483.0,1320.0,1608.0,1812,1,0,1,Biker
0,1272.0,1483.0,1320.0,1608.0,1813,1,0,1,Biker
0,1272.0,1483.0,1320.0,1608.0,1814,1,0,1,Biker
0,1272.0,1483.0,1320.0,1608.0,1815,1,0,1,Biker
0,1272.0,1483.0,1320.0,1608.0,1816,1,0,1,Biker
0,1272.0,1483.0,1320.0,1608.0,1817,1,0,1,Biker
0,1272.0,1483.0,1320.0,1608.0,1818,1,0,1,Biker
0,1272.0,1483.0,1320.0,1608.0,1819,1,0,1,Biker
0,1272.0,1483.0,1320.0,1608.0,1820,1,0,1,Biker
0,1272.0,1483.0,1320.0,1608.0,1821,1,0,1,Biker
0,1272.0,1483.0,1320.0,1608.0,1822,1,0,1,Biker
0,1272.0,1483.0,1320.0,1608.0,1823,1,0,1,Biker
0,1272.0,1483.0,1320.0,1608.0,1824,1,0,1,Biker
0,1272.0,1483.0,1320.0,1608.0,1825,1,0,1,Biker
0,1272.0,1483.0,1320.0,1608.0,1826,1,0,1,Biker
0,1272.0,1483.0,1320.0,1608.0,1827,1,0,1,Biker
0,1272.0,1483.0,1320.0,1608.0,1828,1,0,1,Biker
0,1272.0,1483.0,1320.0,1608.0,1829,1,0,1,Biker
0,1272.0,1483.0,1320.0,1608.0,1830,1,0,1,Biker
0,1272.0,1483.0,1320.0,1608.0,1831,1,0,1,Biker
0,1272.0,1483.0,1320.0,1608.0,1832,1,0,1,Biker
0,1272.0,1483.0,1320.0,1608.0,1833,1,0,1,Biker
0,1272.0,1483.0,1320.0,1608.0,1834,1,0,1,Biker
0,1272.0,1483.0,1320.0,1608.0,1835,1,0,1,Biker
0,1272.0,1483.0,1320.0,1608.0,1836,1,0,1,Biker
0,1272.0,1483.0,1320.0,1608.0,1837,1,0,1,Biker
0,1272.0,1483.0,1320.0,1608.0,1838,1,0,1,Biker
0,1272.0,1483.0,1320.0,1608.0,1839,1,0,1,Biker
0,1272.0,1483.0,1320.0,1608.0,1840,1,0,1,Biker
0,1272.0,1483.0,1320.0,1608.0,1841,1,0,1,Biker
0,1272.0,1483.0,1320.0,1608.0,1842,1,0,1,Biker
0,1272.0,1483.0,1320.0,1608.0,1843,1,0,1,Biker
0,1272.0,1483.0,1320.0,1608.0,1844,1,0,1,Biker
0,1272.0,1483.0,1320.0,1608.0,1845,1,0,1,Biker
0,1272.0,1483.0,1320.0,1608.0,1846,1,0,1,Biker
0,1272.0,1483.0,1320.0,1608.0,1847,1,0,1,Biker
0,1272.0,1483.0,1320.0,1608.0,1848,1,0,1,Biker
0,1272.0,1483.0,1320.0,1608.0,1849,1,0,1,Biker
0,1272.0,1483.0,1320.0,1608.0,1850,1,0,1,Biker
0,1272.0,1483.0,1320.0,1608.0,1851,1,0,1,Biker
0,1272.0,1483.0,1320.0,1608.0,1852,1,0,1,Biker
0,1272.0,1483.0,1320.0,1608.0,1853,1,0,1,Biker
0,1272.0,1483.0,1320.0,1608.0,1854,1,0,1,Biker
0,1272.0,1483.0,1320.0,1608.0,1855,1,0,1,Biker
0,1272.0,1483.0,1320.0,1608.0,1856,1,0,1,Biker
0,1272.0,1483.0,1320.0,1608.0,1857,1,0,1,Biker
0,1272.0,1483.0,1320.0,1608.0,1858,1,0,1,Biker
0,1272.0,1483.0,1320.0,1608.0,1859,1,0,1,Biker
0,1272.0,1483.0,1320.0,1608.0,1860,1,0,1,Biker
0,1272.0,1483.0,1320.0,1608.0,1861,1,0,1,Biker
0,1272.0,1483.0,1320.0,1608.0,1862,1,0,1,Biker
0,1272.0,1483.0,1320.0,1608.0,1863,1,0,1,Biker
0,1272.0,1483.0,1320.0,1608.0,1864,1,0,1,Biker
0,1272.0,1483.0,1320.0,1608.0,1865,1,0,1,Biker
0,1272.0,1483.0,1320.0,1608.0,1866,1,0,1,Biker
0,1272.0,1483.0,1320.0,1608.0,1867,1,0,1,Biker
0,1272.0,1483.0,1320.0,1608.0,1868,1,0,1,Biker
0,1272.0,1483.0,1320.0,1608.0,1869,1,0,1,Biker
0,1272.0,1483.0,1320.0,1608.0,1870,1,0,1,Biker
0,1272.0,1483.0,1320.0,1608.0,1871,1,0,1,Biker
0,1272.0,1483.0,1320.0,1608.0,1872,1,0,1,Biker
0,1272.0,1483.0,1320.0,1608.0,1873,1,0,1,Biker
0,1272.0,1483.0,1320.0,1608.0,1874,1,0,1,Biker
0,1272.0,1483.0,1320.0,1608.0,1875,1,0,1,Biker
0,1272.0,1483.0,1320.0,1608.0,1876,1,0,1,Biker
0,1272.0,1483.0,1320.0,1608.0,1877,1,0,1,Biker
0,1272.0,1483.0,1320.0,1608.0,1878,1,0,1,Biker
0,1272.0,1483.0,1320.0,1608.0,1879,1,0,1,Biker
0,1272.0,1483.0,1320.0,1608.0,1880,1,0,1,Biker
0,1272.0,1483.0,1320.0,1608.0,1881,1,0,1,Biker
0,1272.0,1483.0,1320.0,1608.0,1882,1,0,1,Biker
0,1272.0,1483.0,1320.0,1608.0,1883,1,0,1,Biker
0,1272.0,1483.0,1320.0,1608.0,1884,1,0,1,Biker
0,1272.0,1483.0,1320.0,1608.0,1885,1,0,1,Biker
0,1272.0,1483.0,1320.0,1608.0,1886,1,0,1,Biker
0,1272.0,1483.0,1320.0,1608.0,1887,1,0,1,Biker
0,1272.0,1483.0,1320.0,1608.0,1888,1,0,1,Biker
0,1272.0,1483.0,1320.0,1608.0,1889,1,0,1,Biker
0,1272.0,1483.0,1320.0,1608.0,1890,1,0,1,Biker
0,1272.0,1483.0,1320.0,1608.0,1891,1,0,1,Biker
0,1272.0,1483.0,1320.0,1608.0,1892,1,0,1,Biker
0,1272.0,1483.0,1320.0,1608.0,1893,1,0,1,Biker
0,1272.0,1483.0,1320.0,1608.0,1894,1,0,1,Biker
0,1272.0,1483.0,1320.0,1608.0,1895,1,0,1,Biker
0,1272.0,1483.0,1320.0,1608.0,1896,1,0,1,Biker
0,1272.0,1483.0,1320.0,1608.0,1897,1,0,1,Biker
0,1272.0,1483.0,1320.0,1608.0,1898,1,0,1,Biker
0,1272.0,1483.0,1320.0,1608.0,1899,1,0,1,Biker
0,1272.0,1483.0,1320.0,1608.0,1900,1,0,1,Biker
0,1272.0,1483.0,1320.0,1608.0,1901,1,0,1,Biker
0,1272.0,1483.0,1320.0,1608.0,1902,1,0,1,Biker
0,1272.0,1483.0,1320.0,1608.0,1903,1,0,1,Biker
0,1272.0,1483.0,1320.0,1608.0,1904,1,0,1,Biker
0,1272.0,1483.0,1320.0,1608.0,1905,1,0,1,Biker
0,1272.0,1483.0,1320.0,1608.0,1906,1,0,1,Biker
0,1272.0,1483.0,1320.0,1608.0,1907,1,0,1,Biker
0,1272.0,1483.0,1320.0,1608.0,1908,1,0,1,Biker
0,1272.0,1483.0,1320.0,1608.0,1909,1,0,1,Biker
0,1272.0,1483.0,1320.0,1608.0,1910,1,0,1,Biker
0,1272.0,1483.0,1320.0,1608.0,1911,1,0,1,Biker
0,1272.0,1483.0,1320.0,1608.0,1912,1,0,1,Biker
0,1272.0,1483.0,1320.0,1608.0,1913,1,0,1,Biker
0,1272.0,1483.0,1320.0,1608.0,1914,1,0,1,Biker
0,1272.0,1483.0,1320.0,1608.0,1915,1,0,1,Biker
0,1272.0,1483.0,1320.0,1608.0,1916,1,0,1,Biker
0,1272.0,1483.0,1320.0,1608.0,1917,1,0,1,Biker
0,1272.0,1483.0,1320.0,1608.0,1918,1,0,1,Biker
0,1272.0,1483.0,1320.0,1608.0,1919,1,0,1,Biker
0,1272.0,1483.0,1320.0,1608.0,1920,1,0,1,Biker
0,1272.0,1483.0,1320.0,1608.0,1921,1,0,1,Biker
0,1272.0,1483.0,1320.0,1608.0,1922,1,0,1,Biker
0,1272.0,1483.0,1320.0,1608.0,1923,1,0,1,Biker
0,1272.0,1483.0,1320.0,1608.0,1924,1,0,1,Biker
0,1272.0,1483.0,1320.0,1608.0,1925,1,0,1,Biker
0,1272.0,1483.0,1320.0,1608.0,1926,1,0,1,Biker
0,1272.0,1483.0,1320.0,1608.0,1927,1,0,1,Biker
0,1272.0,1483.0,1320.0,1608.0,1928,1,0,1,Biker
0,1272.0,1483.0,1320.0,1608.0,1929,1,0,1,Biker
0,1272.0,1483.0,1320.0,1608.0,1930,1,0,1,Biker
0,1272.0,1483.0,1320.0,1608.0,1931,1,0,1,Biker
0,1272.0,1483.0,1320.0,1608.0,1932,1,0,1,Biker
0,1272.0,1483.0,1320.0,1608.0,1933,1,0,1,Biker
0,1272.0,1483.0,1320.0,1608.0,1934,1,0,1,Biker
0,1272.0,1483.0,1320.0,1608.0,1935,1,0,1,Biker
0,1272.0,1483.0,1320.0,1608.0,1936,1,0,1,Biker
0,1272.0,1483.0,1320.0,1608.0,1937,1,0,1,Biker
0,1272.0,1483.0,1320.0,1608.0,1938,1,0,1,Biker
0,1272.0,1483.0,1320.0,1608.0,1939,1,0,1,Biker
0,1272.0,1483.0,1320.0,1608.0,1940,1,0,1,Biker
0,1272.0,1483.0,1320.0,1608.0,1941,1,0,1,Biker
0,1272.0,1483.0,1320.0,1608.0,1942,1,0,1,Biker
0,1272.0,1483.0,1320.0,1608.0,1943,1,0,1,Biker
0,1272.0,1483.0,1320.0,1608.0,1944,1,0,1,Biker
0,1272.0,1483.0,1320.0,1608.0,1945,1,0,1,Biker
0,1272.0,1483.0,1320.0,1608.0,1946,1,0,1,Biker
0,1272.0,1483.0,1320.0,1608.0,1947,1,0,1,Biker
0,1272.0,1483.0,1320.0,1608.0,1948,1,0,1,Biker
0,1272.0,1483.0,1320.0,1608.0,1949,1,0,1,Biker
0,1272.0,1483.0,1320.0,1608.0,1950,1,0,1,Biker
0,1272.0,1483.0,1320.0,1608.0,1951,1,0,1,Biker
0,1272.0,1483.0,1320.0,1608.0,1952,1,0,1,Biker
0,1272.0,1483.0,1320.0,1608.0,1953,1,0,1,Biker
0,1272.0,1483.0,1320.0,1608.0,1954,1,0,1,Biker
0,1272.0,1483.0,1320.0,1608.0,1955,1,0,1,Biker
0,1272.0,1483.0,1320.0,1608.0,1956,1,0,1,Biker
0,1272.0,1483.0,1320.0,1608.0,1957,1,0,1,Biker
0,1272.0,1483.0,1320.0,1608.0,1958,1,0,1,Biker
0,1272.0,1483.0,1320.0,1608.0,1959,1,0,1,Biker
0,1272.0,1483.0,1320.0,1608.0,1960,1,0,1,Biker
0,1272.0,1483.0,1320.0,1608.0,1961,1,0,1,Biker
0,1272.0,1483.0,1320.0,1608.0,1962,1,0,1,Biker
0,1272.0,1483.0,1320.0,1608.0,1963,1,0,1,Biker
0,1272.0,1483.0,1320.0,1608.0,1964,1,0,1,Biker
0,1272.0,1483.0,1320.0,1608.0,1965,1,0,1,Biker
0,1272.0,1483.0,1320.0,1608.0,1966,1,0,1,Biker
0,1272.0,1483.0,1320.0,1608.0,1967,1,0,1,Biker
0,1272.0,1483.0,1320.0,1608.0,1968,1,0,1,Biker
0,1272.0,1483.0,1320.0,1608.0,1969,1,0,1,Biker
0,1272.0,1483.0,1320.0,1608.0,1970,1,0,1,Biker
0,1272.0,1483.0,1320.0,1608.0,1971,1,0,1,Biker
0,1272.0,1483.0,1320.0,1608.0,1972,1,0,1,Biker
0,1272.0,1483.0,1320.0,1608.0,1973,1,0,1,Biker
0,1272.0,1483.0,1320.0,1608.0,1974,1,0,1,Biker
0,1272.0,1483.0,1320.0,1608.0,1975,1,0,1,Biker
0,1272.0,1483.0,1320.0,1608.0,1976,1,0,1,Biker
0,1272.0,1483.0,1320.0,1608.0,1977,1,0,1,Biker
0,1272.0,1483.0,1320.0,1608.0,1978,1,0,1,Biker
0,1272.0,1483.0,1320.0,1608.0,1979,1,0,1,Biker
0,1272.0,1483.0,1320.0,1608.0,1980,1,0,1,Biker
0,1272.0,1483.0,1320.0,1608.0,1981,1,0,1,Biker
0,1272.0,1483.0,1320.0,1608.0,1982,1,0,1,Biker
0,1272.0,1483.0,1320.0,1608.0,1983,1,0,1,Biker
0,1272.0,1483.0,1320.0,1608.0,1984,1,0,1,Biker
0,1272.0,1483.0,1320.0,1608.0,1985,1,0,1,Biker
0,1272.0,1483.0,1320.0,1608.0,1986,1,0,1,Biker
0,1272.0,1483.0,1320.0,1608.0,1987,1,0,1,Biker
0,1272.0,1483.0,1320.0,1608.0,1988,1,0,1,Biker
0,1272.0,1483.0,1320.0,1608.0,1989,1,0,1,Biker
0,1272.0,1483.0,1320.0,1608.0,1990,1,0,1,Biker
0,1272.0,1483.0,1320.0,1608.0,1991,1,0,1,Biker
0,1272.0,1483.0,1320.0,1608.0,1992,1,0,1,Biker
0,1272.0,1483.0,1320.0,1608.0,1993,1,0,1,Biker
0,1272.0,1483.0,1320.0,1608.0,1994,1,0,1,Biker
0,1272.0,1483.0,1320.0,1608.0,1995,1,0,1,Biker
0,1272.0,1483.0,1320.0,1608.0,1996,1,0,1,Biker
0,1272.0,1483.0,1320.0,1608.0,1997,1,0,1,Biker
0,1272.0,1483.0,1320.0,1608.0,1998,1,0,1,Biker
0,1272.0,1483.0,1320.0,1608.0,1999,1,0,1,Biker
0,1272.0,1483.0,1320.0,1608.0,2000,1,0,1,Biker
0,1272.0,1483.0,1320.0,1608.0,2001,1,0,1,Biker
0,1272.0,1483.0,1320.0,1608.0,2002,1,0,1,Biker
0,1272.0,1483.0,1320.0,1608.0,2003,1,0,1,Biker
0,1272.0,1483.0,1320.0,1608.0,2004,1,0,1,Biker
0,1272.0,1483.0,1320.0,1608.0,2005,1,0,1,Biker
0,1272.0,1483.0,1320.0,1608.0,2006,1,0,1,Biker
0,1272.0,1483.0,1320.0,1608.0,2007,1,0,1,Biker
0,1272.0,1483.0,1320.0,1608.0,2008,1,0,1,Biker
0,1272.0,1483.0,1320.0,1608.0,2009,1,0,1,Biker
0,1272.0,1483.0,1320.0,1608.0,2010,1,0,1,Biker
0,1272.0,1483.0,1320.0,1608.0,2011,1,0,1,Biker
0,1272.0,1483.0,1320.0,1608.0,2012,1,0,1,Biker
0,1272.0,1483.0,1320.0,1608.0,2013,1,0,1,Biker
0,1272.0,1483.0,1320.0,1608.0,2014,1,0,1,Biker
0,1272.0,1483.0,1320.0,1608.0,2015,1,0,1,Biker
0,1272.0,1483.0,1320.0,1608.0,2016,1,0,1,Biker
0,1272.0,1483.0,1320.0,1608.0,2017,1,0,1,Biker
0,1272.0,1483.0,1320.0,1608.0,2018,1,0,1,Biker
0,1272.0,1483.0,1320.0,1608.0,2019,1,0,1,Biker
0,1272.0,1483.0,1320.0,1608.0,2020,1,0,1,Biker
0,1272.0,1483.0,1320.0,1608.0,2021,1,0,1,Biker
0,1272.0,1483.0,1320.0,1608.0,2022,1,0,1,Biker
0,1272.0,1483.0,1320.0,1608.0,2023,1,0,1,Biker
0,1272.0,1483.0,1320.0,1608.0,2024,1,0,1,Biker
0,1272.0,1483.0,1320.0,1608.0,2025,1,0,1,Biker
0,1272.0,1483.0,1320.0,1608.0,2026,1,0,1,Biker
0,1272.0,1483.0,1320.0,1608.0,2027,1,0,1,Biker
0,1272.0,1483.0,1320.0,1608.0,2028,1,0,1,Biker
0,1272.0,1483.0,1320.0,1608.0,2029,1,0,1,Biker
0,1272.0,1483.0,1320.0,1608.0,2030,1,0,1,Biker
0,1272.0,1483.0,1320.0,1608.0,2031,1,0,0,Biker
1,950.0,1252.0,1022.0,1319.0,1000,0,0,0,Biker
1,955.0,1252.0,1027.0,1319.0,1001,0,0,1,Biker
1,963.0,1252.0,1035.0,1319.0,1002,0,0,1,Biker
1,968.0,1252.0,1040.0,1319.0,1003,0,0,1,Biker
1,976.0,1252.0,1047.0,1319.0,1004,0,0,1,Biker
1,981.0,1252.0,1053.0,1319.0,1005,0,0,1,Biker
1,988.0,1252.0,1060.0,1319.0,1006,0,0,1,Biker
1,994.0,1252.0,1066.0,1319.0,1007,0,0,1,Biker
1,1001.0,1252.0,1073.0,1319.0,1008,0,0,1,Biker
1,1007.0,1252.0,1079.0,1319.0,1009,0,0,1,Biker
1,1014.0,1252.0,1086.0,1319.0,1010,0,0,1,Biker
1,1020.0,1252.0,1092.0,1319.0,1011,0,0,1,Biker
1,1027.0,1252.0,1099.0,1319.0,1012,0,0,1,Biker
1,1033.0,1252.0,1105.0,1319.0,1013,0,0,1,Biker
1,1040.0,1252.0,1112.0,1319.0,1014,0,0,1,Biker
1,1046.0,1252.0,1117.0,1319.0,1015,0,0,1,Biker
1,1053.0,1252.0,1125.0,1319.0,1016,0,0,1,Biker
1,1060.0,1252.0,1132.0,1319.0,1017,0,0,0,Biker
1,1066.0,1252.0,1138.0,1319.0,1018,0,0,1,Biker
1,1071.0,1252.0,1143.0,1319.0,1019,0,0,1,Biker
1,1077.0,1252.0,1149.0,1319.0,1020,0,0,1,Biker
1,1084.0,1252.0,1156.0,1319.0,1021,0,0,1,Biker
1,1090.0,1252.0,1162.0,1319.0,1022,0,0,1,Biker
1,1095.0,1256.0,1167.0,1323.0,1023,0,0,1,Biker
1,1103.0,1256.0,1174.0,1323.0,1024,0,0,1,Biker
1,1108.0,1256.0,1180.0,1323.0,1025,0,0,1,Biker
1,1114.0,1256.0,1186.0,1323.0,1026,0,0,1,Biker
1,1119.0,1256.0,1191.0,1323.0,1027,0,0,1,Biker
1,1127.0,1261.0,1198.0,1328.0,1028,0,0,1,Biker
1,1132.0,1261.0,1204.0,1328.0,1029,0,0,1,Biker
1,1138.0,1261.0,1209.0,1328.0,1030,0,0,1,Biker
1,1145.0,1261.0,1217.0,1328.0,1031,0,0,1,Biker
1,1151.0,1261.0,1222.0,1328.0,1032,0,0,1,Biker
1,1156.0,1265.0,1228.0,1332.0,1033,0,0,1,Biker
1,1162.0,1265.0,1233.0,1332.0,1034,0,0,1,Biker
1,1169.0,1265.0,1241.0,1332.0,1035,0,0,1,Biker
1,1174.0,1265.0,1246.0,1332.0,1036,0,0,1,Biker
1,1180.0,1265.0,1252.0,1332.0,1037,0,0,1,Biker
1,1187.0,1269.0,1259.0,1336.0,1038,0,0,0,Biker
1,1187.0,1269.0,1259.0,1336.0,1039,0,0,1,Biker
1,1189.0,1269.0,1261.0,1336.0,1040,0,0,1,Biker
1,1191.0,1269.0,1263.0,1336.0,1041,0,0,1,Biker
1,1193.0,1269.0,1265.0,1336.0,1042,0,0,0,Biker
1,1200.0,1269.0,1270.0,1336.0,1043,0,0,1,Biker
1,1208.0,1273.0,1276.0,1340.0,1044,0,0,1,Biker
1,1217.0,1277.0,1283.0,1340.0,1045,0,0,1,Biker
1,1224.0,1277.0,1289.0,1344.0,1046,0,0,1,Biker
1,1232.0,1282.0,1294.0,1344.0,1047,0,0,1,Biker
1,1241.0,1286.0,1302.0,1349.0,1048,0,0,0,Biker
1,1244.0,1286.0,1305.0,1349.0,1049,0,0,1,Biker
1,1250.0,1286.0,1311.0,1349.0,1050,0,0,1,Biker
1,1254.0,1286.0,1314.0,1349.0,1051,0,0,1,Biker
1,1259.0,1286.0,1320.0,1349.0,1052,0,0,0,Biker
1,1259.0,1286.0,1320.0,1349.0,1053,0,0,1,Biker
1,1261.0,1286.0,1322.0,1349.0,1054,0,0,1,Biker
1,1261.0,1286.0,1322.0,1349.0,1055,0,0,1,Biker
1,1263.0,1290.0,1324.0,1353.0,1056,0,0,0,Biker
1,1268.0,1286.0,1324.0,1349.0,1057,0,0,1,Biker
1,1276.0,1286.0,1324.0,1349.0,1058,0,0,1,Biker
1,1283.0,1282.0,1324.0,1344.0,1059,0,0,1,Biker
1,1291.0,1282.0,1324.0,1344.0,1060,0,0,0,Biker
1,1285.0,1286.0,1324.0,1349.0,1061,0,0,1,Biker
1,1281.0,1290.0,1324.0,1353.0,1062,0,0,1,Biker
1,1276.0,1294.0,1324.0,1357.0,1063,0,0,1,Biker
1,1272.0,1298.0,1324.0,1361.0,1064,0,0,1,Biker
1,1268.0,1302.0,1324.0,1365.0,1065,1,0,0,Biker
1,1268.0,1302.0,1324.0,1365.0,1066,1,0,1,Biker
1,1268.0,1302.0,1324.0,1365.0,1067,1,0,1,Biker
1,1268.0,1302.0,1324.0,1365.0,1068,1,0,1,Biker
1,1268.0,1302.0,1324.0,1365.0,1069,1,0,1,Biker
1,1268.0,1302.0,1324.0,1365.0,1070,1,0,0,Biker
1,1268.0,1302.0,1324.0,1365.0,1071,1,0,1,Biker
1,1268.0,1302.0,1324.0,1365.0,1072,1,0,1,Biker
1,1268.0,1302.0,1324.0,1365.0,1073,1,0,1,Biker
1,1268.0,1302.0,1324.0,1365.0,1074,1,0,1,Biker
1,1268.0,1302.0,1324.0,1365.0,1075,1,0,1,Biker
1,1268.0,1302.0,1324.0,1365.0,1076,1,0,1,Biker
1,1268.0,1302.0,1324.0,1365.0,1077,1,0,1,Biker
1,1268.0,1302.0,1324.0,1365.0,1078,1,0,1,Biker
1,1268.0,1302.0,1324.0,1365.0,1079,1,0,1,Biker
1,1268.0,1302.0,1324.0,1365.0,1080,1,0,1,Biker
1,1268.0,1302.0,1324.0,1365.0,1081,1,0,1,Biker
1,1268.0,1302.0,1324.0,1365.0,1082,1,0,1,Biker
1,1268.0,1302.0,1324.0,1365.0,1083,1,0,1,Biker
1,1268.0,1302.0,1324.0,1365.0,1084,1,0,1,Biker
1,1268.0,1302.0,1324.0,1365.0,1085,1,0,1,Biker
1,1268.0,1302.0,1324.0,1365.0,1086,1,0,1,Biker
1,1268.0,1302.0,1324.0,1365.0,1087,1,0,1,Biker
1,1268.0,1302.0,1324.0,1365.0,1088,1,0,1,Biker
1,1268.0,1302.0,1324.0,1365.0,1089,1,0,1,Biker
1,1268.0,1302.0,1324.0,1365.0,1090,1,0,1,Biker
1,1268.0,1302.0,1324.0,1365.0,1091,1,0,1,Biker
1,1268.0,1302.0,1324.0,1365.0,1092,1,0,1,Biker
1,1268.0,1302.0,1324.0,1365.0,1093,1,0,1,Biker
1,1268.0,1302.0,1324.0,1365.0,1094,1,0,1,Biker
1,1268.0,1302.0,1324.0,1365.0,1095,1,0,1,Biker
1,1268.0,1302.0,1324.0,1365.0,1096,1,0,1,Biker
1,1268.0,1302.0,1324.0,1365.0,1097,1,0,1,Biker
1,1268.0,1302.0,1324.0,1365.0,1098,1,0,1,Biker
1,1268.0,1302.0,1324.0,1365.0,1099,1,0,1,Biker
1,1268.0,1302.0,1324.0,1365.0,1100,1,0,1,Biker
1,1268.0,1302.0,1324.0,1365.0,1101,1,0,1,Biker
1,1268.0,1302.0,1324.0,1365.0,1102,1,0,1,Biker
1,1268.0,1302.0,1324.0,1365.0,1103,1,0,1,Biker
1,1268.0,1302.0,1324.0,1365.0,1104,1,0,1,Biker
1,1268.0,1302.0,1324.0,1365.0,1105,1,0,1,Biker
1,1268.0,1302.0,1324.0,1365.0,1106,1,0,1,Biker
1,1268.0,1302.0,1324.0,1365.0,1107,1,0,1,Biker
1,1268.0,1302.0,1324.0,1365.0,1108,1,0,1,Biker
1,1268.0,1302.0,1324.0,1365.0,1109,1,0,1,Biker
1,1268.0,1302.0,1324.0,1365.0,1110,1,0,1,Biker
1,1268.0,1302.0,1324.0,1365.0,1111,1,0,1,Biker
1,1268.0,1302.0,1324.0,1365.0,1112,1,0,1,Biker
1,1268.0,1302.0,1324.0,1365.0,1113,1,0,1,Biker
1,1268.0,1302.0,1324.0,1365.0,1114,1,0,1,Biker
1,1268.0,1302.0,1324.0,1365.0,1115,1,0,1,Biker
1,1268.0,1302.0,1324.0,1365.0,1116,1,0,1,Biker
1,1268.0,1302.0,1324.0,1365.0,1117,1,0,1,Biker
1,1268.0,1302.0,1324.0,1365.0,1118,1,0,1,Biker
1,1268.0,1302.0,1324.0,1365.0,1119,1,0,1,Biker
1,1268.0,1302.0,1324.0,1365.0,1120,1,0,1,Biker
1,1268.0,1302.0,1324.0,1365.0,1121,1,0,1,Biker
1,1268.0,1302.0,1324.0,1365.0,1122,1,0,1,Biker
1,1268.0,1302.0,1324.0,1365.0,1123,1,0,1,Biker
1,1268.0,1302.0,1324.0,1365.0,1124,1,0,1,Biker
1,1268.0,1302.0,1324.0,1365.0,1125,1,0,1,Biker
1,1268.0,1302.0,1324.0,1365.0,1126,1,0,1,Biker
1,1268.0,1302.0,1324.0,1365.0,1127,1,0,1,Biker
1,1268.0,1302.0,1324.0,1365.0,1128,1,0,1,Biker
1,1268.0,1302.0,1324.0,1365.0,1129,1,0,1,Biker
1,1268.0,1302.0,1324.0,1365.0,1130,1,0,1,Biker
1,1268.0,1302.0,1324.0,1365.0,1131,1,0,1,Biker
1,1268.0,1302.0,1324.0,1365.0,1132,1,0,1,Biker
1,1268.0,1302.0,1324.0,1365.0,1133,1,0,1,Biker
1,1268.0,1302.0,1324.0,1365.0,1134,1,0,1,Biker
1,1268.0,1302.0,1324.0,1365.0,1135,1,0,1,Biker
1,1268.0,1302.0,1324.0,1365.0,1136,1,0,1,Biker
1,1268.0,1302.0,1324.0,1365.0,1137,1,0,1,Biker
1,1268.0,1302.0,1324.0,1365.0,1138,1,0,1,Biker
1,1268.0,1302.0,1324.0,1365.0,1139,1,0,1,Biker
1,1268.0,1302.0,1324.0,1365.0,1140,1,0,1,Biker
1,1268.0,1302.0,1324.0,1365.0,1141,1,0,1,Biker
1,1268.0,1302.0,1324.0,1365.0,1142,1,0,1,Biker
1,1268.0,1302.0,1324.0,1365.0,1143,1,0,1,Biker
1,1268.0,1302.0,1324.0,1365.0,1144,1,0,1,Biker
1,1268.0,1302.0,1324.0,1365.0,1145,1,0,1,Biker
1,1268.0,1302.0,1324.0,1365.0,1146,1,0,1,Biker
1,1268.0,1302.0,1324.0,1365.0,1147,1,0,1,Biker
1,1268.0,1302.0,1324.0,1365.0,1148,1,0,1,Biker
1,1268.0,1302.0,1324.0,1365.0,1149,1,0,1,Biker
1,1268.0,1302.0,1324.0,1365.0,1150,1,0,1,Biker
1,1268.0,1302.0,1324.0,1365.0,1151,1,0,1,Biker
1,1268.0,1302.0,1324.0,1365.0,1152,1,0,1,Biker
1,1268.0,1302.0,1324.0,1365.0,1153,1,0,1,Biker
1,1268.0,1302.0,1324.0,1365.0,1154,1,0,1,Biker
1,1268.0,1302.0,1324.0,1365.0,1155,1,0,1,Biker
1,1268.0,1302.0,1324.0,1365.0,1156,1,0,1,Biker
1,1268.0,1302.0,1324.0,1365.0,1157,1,0,1,Biker
1,1268.0,1302.0,1324.0,1365.0,1158,1,0,1,Biker
1,1268.0,1302.0,1324.0,1365.0,1159,1,0,1,Biker
1,1268.0,1302.0,1324.0,1365.0,1160,1,0,1,Biker
1,1268.0,1302.0,1324.0,1365.0,1161,1,0,1,Biker
1,1268.0,1302.0,1324.0,1365.0,1162,1,0,1,Biker
1,1268.0,1302.0,1324.0,1365.0,1163,1,0,1,Biker
1,1268.0,1302.0,1324.0,1365.0,1164,1,0,1,Biker
1,1268.0,1302.0,1324.0,1365.0,1165,1,0,1,Biker
1,1268.0,1302.0,1324.0,1365.0,1166,1,0,1,Biker
1,1268.0,1302.0,1324.0,1365.0,1167,1,0,1,Biker
1,1268.0,1302.0,1324.0,1365.0,1168,1,0,1,Biker
1,1268.0,1302.0,1324.0,1365.0,1169,1,0,1,Biker
1,1268.0,1302.0,1324.0,1365.0,1170,1,0,1,Biker
1,1268.0,1302.0,1324.0,1365.0,1171,1,0,1,Biker
1,1268.0,1302.0,1324.0,1365.0,1172,1,0,1,Biker
1,1268.0,1302.0,1324.0,1365.0,1173,1,0,1,Biker
1,1268.0,1302.0,1324.0,1365.0,1174,1,0,1,Biker
1,1268.0,1302.0,1324.0,1365.0,1175,1,0,1,Biker
1,1268.0,1302.0,1324.0,1365.0,1176,1,0,1,Biker
1,1268.0,1302.0,1324.0,1365.0,1177,1,0,1,Biker
1,1268.0,1302.0,1324.0,1365.0,1178,1,0,1,Biker
1,1268.0,1302.0,1324.0,1365.0,1179,1,0,1,Biker
1,1268.0,1302.0,1324.0,1365.0,1180,1,0,1,Biker
1,1268.0,1302.0,1324.0,1365.0,1181,1,0,1,Biker
1,1268.0,1302.0,1324.0,1365.0,1182,1,0,1,Biker
1,1268.0,1302.0,1324.0,1365.0,1183,1,0,1,Biker
1,1268.0,1302.0,1324.0,1365.0,1184,1,0,1,Biker
1,1268.0,1302.0,1324.0,1365.0,1185,1,0,1,Biker
1,1268.0,1302.0,1324.0,1365.0,1186,1,0,1,Biker
1,1268.0,1302.0,1324.0,1365.0,1187,1,0,1,Biker
1,1268.0,1302.0,1324.0,1365.0,1188,1,0,1,Biker
1,1268.0,1302.0,1324.0,1365.0,1189,1,0,1,Biker
1,1268.0,1302.0,1324.0,1365.0,1190,1,0,1,Biker
1,1268.0,1302.0,1324.0,1365.0,1191,1,0,1,Biker
1,1268.0,1302.0,1324.0,1365.0,1192,1,0,1,Biker
1,1268.0,1302.0,1324.0,1365.0,1193,1,0,1,Biker
1,1268.0,1302.0,1324.0,1365.0,1194,1,0,1,Biker
1,1268.0,1302.0,1324.0,1365.0,1195,1,0,1,Biker
1,1268.0,1302.0,1324.0,1365.0,1196,1,0,1,Biker
1,1268.0,1302.0,1324.0,1365.0,1197,1,0,1,Biker
1,1268.0,1302.0,1324.0,1365.0,1198,1,0,1,Biker
1,1268.0,1302.0,1324.0,1365.0,1199,1,0,1,Biker
1,1268.0,1302.0,1324.0,1365.0,1200,1,0,1,Biker
1,1268.0,1302.0,1324.0,1365.0,1201,1,0,1,Biker
1,1268.0,1302.0,1324.0,1365.0,1202,1,0,1,Biker
1,1268.0,1302.0,1324.0,1365.0,1203,1,0,1,Biker
1,1268.0,1302.0,1324.0,1365.0,1204,1,0,1,Biker
1,1268.0,1302.0,1324.0,1365.0,1205,1,0,1,Biker
1,1268.0,1302.0,1324.0,1365.0,1206,1,0,1,Biker
1,1268.0,1302.0,1324.0,1365.0,1207,1,0,1,Biker
1,1268.0,1302.0,1324.0,1365.0,1208,1,0,1,Biker
1,1268.0,1302.0,1324.0,1365.0,1209,1,0,1,Biker
1,1268.0,1302.0,1324.0,1365.0,1210,1,0,1,Biker
1,1268.0,1302.0,1324.0,1365.0,1211,1,0,1,Biker
1,1268.0,1302.0,1324.0,1365.0,1212,1,0,1,Biker
1,1268.0,1302.0,1324.0,1365.0,1213,1,0,1,Biker
1,1268.0,1302.0,1324.0,1365.0,1214,1,0,1,Biker
1,1268.0,1302.0,1324.0,1365.0,1215,1,0,1,Biker
1,1268.0,1302.0,1324.0,1365.0,1216,1,0,1,Biker
1,1268.0,1302.0,1324.0,1365.0,1217,1,0,1,Biker
1,1268.0,1302.0,1324.0,1365.0,1218,1,0,1,Biker
1,1268.0,1302.0,1324.0,1365.0,1219,1,0,1,Biker
1,1268.0,1302.0,1324.0,1365.0,1220,1,0,1,Biker
1,1268.0,1302.0,1324.0,1365.0,1221,1,0,1,Biker
1,1268.0,1302.0,1324.0,1365.0,1222,1,0,1,Biker
1,1268.0,1302.0,1324.0,1365.0,1223,1,0,1,Biker
1,1268.0,1302.0,1324.0,1365.0,1224,1,0,1,Biker
1,1268.0,1302.0,1324.0,1365.0,1225,1,0,1,Biker
1,1268.0,1302.0,1324.0,1365.0,1226,1,0,1,Biker
1,1268.0,1302.0,1324.0,1365.0,1227,1,0,1,Biker
1,1268.0,1302.0,1324.0,1365.0,1228,1,0,1,Biker
1,1268.0,1302.0,1324.0,1365.0,1229,1,0,1,Biker
1,1268.0,1302.0,1324.0,1365.0,1230,1,0,1,Biker
1,1268.0,1302.0,1324.0,1365.0,1231,1,0,1,Biker
1,1268.0,1302.0,1324.0,1365.0,1232,1,0,1,Biker
1,1268.0,1302.0,1324.0,1365.0,1233,1,0,1,Biker
1,1268.0,1302.0,1324.0,1365.0,1234,1,0,1,Biker
1,1268.0,1302.0,1324.0,1365.0,1235,1,0,1,Biker
1,1268.0,1302.0,1324.0,1365.0,1236,1,0,1,Biker
1,1268.0,1302.0,1324.0,1365.0,1237,1,0,1,Biker
1,1268.0,1302.0,1324.0,1365.0,1238,1,0,1,Biker
1,1268.0,1302.0,1324.0,1365.0,1239,1,0,1,Biker
1,1268.0,1302.0,1324.0,1365.0,1240,1,0,1,Biker
1,1268.0,1302.0,1324.0,1365.0,1241,1,0,1,Biker
1,1268.0,1302.0,1324.0,1365.0,1242,1,0,1,Biker
1,1268.0,1302.0,1324.0,1365.0,1243,1,0,1,Biker
1,1268.0,1302.0,1324.0,1365.0,1244,1,0,1,Biker
1,1268.0,1302.0,1324.0,1365.0,1245,1,0,1,Biker
1,1268.0,1302.0,1324.0,1365.0,1246,1,0,1,Biker
1,1268.0,1302.0,1324.0,1365.0,1247,1,0,1,Biker
1,1268.0,1302.0,1324.0,1365.0,1248,1,0,1,Biker
1,1268.0,1302.0,1324.0,1365.0,1249,1,0,1,Biker
1,1268.0,1302.0,1324.0,1365.0,1250,1,0,1,Biker
1,1268.0,1302.0,1324.0,1365.0,1251,1,0,1,Biker
1,1268.0,1302.0,1324.0,1365.0,1252,1,0,1,Biker
1,1268.0,1302.0,1324.0,1365.0,1253,1,0,1,Biker
1,1268.0,1302.0,1324.0,1365.0,1254,1,0,1,Biker
1,1268.0,1302.0,1324.0,1365.0,1255,1,0,1,Biker
1,1268.0,1302.0,1324.0,1365.0,1256,1,0,1,Biker
1,1268.0,1302.0,1324.0,1365.0,1257,1,0,1,Biker
1,1268.0,1302.0,1324.0,1365.0,1258,1,0,1,Biker
1,1268.0,1302.0,1324.0,1365.0,1259,1,0,1,Biker
1,1268.0,1302.0,1324.0,1365.0,1260,1,0,1,Biker
1,1268.0,1302.0,1324.0,1365.0,1261,1,0,1,Biker
1,1268.0,1302.0,1324.0,1365.0,1262,1,0,1,Biker
1,1268.0,1302.0,1324.0,1365.0,1263,1,0,1,Biker
1,1268.0,1302.0,1324.0,1365.0,1264,1,0,1,Biker
1,1268.0,1302.0,1324.0,1365.0,1265,1,0,1,Biker
1,1268.0,1302.0,1324.0,1365.0,1266,1,0,1,Biker
1,1268.0,1302.0,1324.0,1365.0,1267,1,0,1,Biker
1,1268.0,1302.0,1324.0,1365.0,1268,1,0,1,Biker
1,1268.0,1302.0,1324.0,1365.0,1269,1,0,1,Biker
1,1268.0,1302.0,1324.0,1365.0,1270,1,0,1,Biker
1,1268.0,1302.0,1324.0,1365.0,1271,1,0,1,Biker
1,1268.0,1302.0,1324.0,1365.0,1272,1,0,1,Biker
1,1268.0,1302.0,1324.0,1365.0,1273,1,0,1,Biker
1,1268.0,1302.0,1324.0,1365.0,1274,1,0,1,Biker
1,1268.0,1302.0,1324.0,1365.0,1275,1,0,1,Biker
1,1268.0,1302.0,1324.0,1365.0,1276,1,0,1,Biker
1,1268.0,1302.0,1324.0,1365.0,1277,1,0,1,Biker
1,1268.0,1302.0,1324.0,1365.0,1278,1,0,1,Biker
1,1268.0,1302.0,1324.0,1365.0,1279,1,0,1,Biker
1,1268.0,1302.0,1324.0,1365.0,1280,1,0,1,Biker
1,1268.0,1302.0,1324.0,1365.0,1281,1,0,1,Biker
1,1268.0,1302.0,1324.0,1365.0,1282,1,0,1,Biker
1,1268.0,1302.0,1324.0,1365.0,1283,1,0,1,Biker
1,1268.0,1302.0,1324.0,1365.0,1284,1,0,1,Biker
1,1268.0,1302.0,1324.0,1365.0,1285,1,0,1,Biker
1,1268.0,1302.0,1324.0,1365.0,1286,1,0,1,Biker
1,1268.0,1302.0,1324.0,1365.0,1287,1,0,1,Biker
1,1268.0,1302.0,1324.0,1365.0,1288,1,0,1,Biker
1,1268.0,1302.0,1324.0,1365.0,1289,1,0,1,Biker
1,1268.0,1302.0,1324.0,1365.0,1290,1,0,1,Biker
1,1268.0,1302.0,1324.0,1365.0,1291,1,0,1,Biker
1,1268.0,1302.0,1324.0,1365.0,1292,1,0,1,Biker
1,1268.0,1302.0,1324.0,1365.0,1293,1,0,1,Biker
1,1268.0,1302.0,1324.0,1365.0,1294,1,0,1,Biker
1,1268.0,1302.0,1324.0,1365.0,1295,1,0,1,Biker
1,1268.0,1302.0,1324.0,1365.0,1296,1,0,1,Biker
1,1268.0,1302.0,1324.0,1365.0,1297,1,0,1,Biker
1,1268.0,1302.0,1324.0,1365.0,1298,1,0,1,Biker
1,1268.0,1302.0,1324.0,1365.0,1299,1,0,1,Biker
1,1268.0,1302.0,1324.0,1365.0,1300,1,0,1,Biker
1,1268.0,1302.0,1324.0,1365.0,1301,1,0,1,Biker
1,1268.0,1302.0,1324.0,1365.0,1302,1,0,1,Biker
1,1268.0,1302.0,1324.0,1365.0,1303,1,0,1,Biker
1,1268.0,1302.0,1324.0,1365.0,1304,1,0,1,Biker
1,1268.0,1302.0,1324.0,1365.0,1305,1,0,1,Biker
1,1268.0,1302.0,1324.0,1365.0,1306,1,0,1,Biker
1,1268.0,1302.0,1324.0,1365.0,1307,1,0,1,Biker
1,1268.0,1302.0,1324.0,1365.0,1308,1,0,1,Biker
1,1268.0,1302.0,1324.0,1365.0,1309,1,0,1,Biker
1,1268.0,1302.0,1324.0,1365.0,1310,1,0,1,Biker
1,1268.0,1302.0,1324.0,1365.0,1311,1,0,1,Biker
1,1268.0,1302.0,1324.0,1365.0,1312,1,0,1,Biker
1,1268.0,1302.0,1324.0,1365.0,1313,1,0,1,Biker
1,1268.0,1302.0,1324.0,1365.0,1314,1,0,1,Biker
1,1268.0,1302.0,1324.0,1365.0,1315,1,0,1,Biker
1,1268.0,1302.0,1324.0,1365.0,1316,1,0,1,Biker
1,1268.0,1302.0,1324.0,1365.0,1317,1,0,1,Biker
1,1268.0,1302.0,1324.0,1365.0,1318,1,0,1,Biker
1,1268.0,1302.0,1324.0,1365.0,1319,1,0,1,Biker
1,1268.0,1302.0,1324.0,1365.0,1320,1,0,1,Biker
1,1268.0,1302.0,1324.0,1365.0,1321,1,0,1,Biker
1,1268.0,1302.0,1324.0,1365.0,1322,1,0,1,Biker
1,1268.0,1302.0,1324.0,1365.0,1323,1,0,1,Biker
1,1268.0,1302.0,1324.0,1365.0,1324,1,0,1,Biker
1,1268.0,1302.0,1324.0,1365.0,1325,1,0,1,Biker
1,1268.0,1302.0,1324.0,1365.0,1326,1,0,1,Biker
1,1268.0,1302.0,1324.0,1365.0,1327,1,0,1,Biker
1,1268.0,1302.0,1324.0,1365.0,1328,1,0,1,Biker
1,1268.0,1302.0,1324.0,1365.0,1329,1,0,1,Biker
1,1268.0,1302.0,1324.0,1365.0,1330,1,0,1,Biker
1,1268.0,1302.0,1324.0,1365.0,1331,1,0,1,Biker
1,1268.0,1302.0,1324.0,1365.0,1332,1,0,1,Biker
1,1268.0,1302.0,1324.0,1365.0,1333,1,0,1,Biker
1,1268.0,1302.0,1324.0,1365.0,1334,1,0,1,Biker
1,1268.0,1302.0,1324.0,1365.0,1335,1,0,1,Biker
1,1268.0,1302.0,1324.0,1365.0,1336,1,0,1,Biker
1,1268.0,1302.0,1324.0,1365.0,1337,1,0,1,Biker
1,1268.0,1302.0,1324.0,1365.0,1338,1,0,1,Biker
1,1268.0,1302.0,1324.0,1365.0,1339,1,0,1,Biker
1,1268.0,1302.0,1324.0,1365.0,1340,1,0,1,Biker
1,1268.0,1302.0,1324.0,1365.0,1341,1,0,1,Biker
1,1268.0,1302.0,1324.0,1365.0,1342,1,0,1,Biker
1,1268.0,1302.0,1324.0,1365.0,1343,1,0,1,Biker
1,1268.0,1302.0,1324.0,1365.0,1344,1,0,1,Biker
1,1268.0,1302.0,1324.0,1365.0,1345,1,0,1,Biker
1,1268.0,1302.0,1324.0,1365.0,1346,1,0,1,Biker
1,1268.0,1302.0,1324.0,1365.0,1347,1,0,1,Biker
1,1268.0,1302.0,1324.0,1365.0,1348,1,0,1,Biker
1,1268.0,1302.0,1324.0,1365.0,1349,1,0,1,Biker
1,1268.0,1302.0,1324.0,1365.0,1350,1,0,1,Biker
1,1268.0,1302.0,1324.0,1365.0,1351,1,0,1,Biker
1,1268.0,1302.0,1324.0,1365.0,1352,1,0,1,Biker
1,1268.0,1302.0,1324.0,1365.0,1353,1,0,1,Biker
1,1268.0,1302.0,1324.0,1365.0,1354,1,0,1,Biker
1,1268.0,1302.0,1324.0,1365.0,1355,1,0,1,Biker
1,1268.0,1302.0,1324.0,1365.0,1356,1,0,1,Biker
1,1268.0,1302.0,1324.0,1365.0,1357,1,0,1,Biker
1,1268.0,1302.0,1324.0,1365.0,1358,1,0,1,Biker
1,1268.0,1302.0,1324.0,1365.0,1359,1,0,1,Biker
1,1268.0,1302.0,1324.0,1365.0,1360,1,0,1,Biker
1,1268.0,1302.0,1324.0,1365.0,1361,1,0,1,Biker
1,1268.0,1302.0,1324.0,1365.0,1362,1,0,1,Biker
1,1268.0,1302.0,1324.0,1365.0,1363,1,0,1,Biker
1,1268.0,1302.0,1324.0,1365.0,1364,1,0,1,Biker
1,1268.0,1302.0,1324.0,1365.0,1365,1,0,1,Biker
1,1268.0,1302.0,1324.0,1365.0,1366,1,0,1,Biker
1,1268.0,1302.0,1324.0,1365.0,1367,1,0,1,Biker
1,1268.0,1302.0,1324.0,1365.0,1368,1,0,1,Biker
1,1268.0,1302.0,1324.0,1365.0,1369,1,0,1,Biker
1,1268.0,1302.0,1324.0,1365.0,1370,1,0,1,Biker
1,1268.0,1302.0,1324.0,1365.0,1371,1,0,1,Biker
1,1268.0,1302.0,1324.0,1365.0,1372,1,0,1,Biker
1,1268.0,1302.0,1324.0,1365.0,1373,1,0,1,Biker
1,1268.0,1302.0,1324.0,1365.0,1374,1,0,1,Biker
1,1268.0,1302.0,1324.0,1365.0,1375,1,0,1,Biker
1,1268.0,1302.0,1324.0,1365.0,1376,1,0,1,Biker
1,1268.0,1302.0,1324.0,1365.0,1377,1,0,1,Biker
1,1268.0,1302.0,1324.0,1365.0,1378,1,0,1,Biker
1,1268.0,1302.0,1324.0,1365.0,1379,1,0,1,Biker
1,1268.0,1302.0,1324.0,1365.0,1380,1,0,1,Biker
1,1268.0,1302.0,1324.0,1365.0,1381,1,0,1,Biker
1,1268.0,1302.0,1324.0,1365.0,1382,1,0,1,Biker
1,1268.0,1302.0,1324.0,1365.0,1383,1,0,1,Biker
1,1268.0,1302.0,1324.0,1365.0,1384,1,0,1,Biker
1,1268.0,1302.0,1324.0,1365.0,1385,1,0,1,Biker
1,1268.0,1302.0,1324.0,1365.0,1386,1,0,1,Biker
1,1268.0,1302.0,1324.0,1365.0,1387,1,0,1,Biker
1,1268.0,1302.0,1324.0,1365.0,1388,1,0,1,Biker
1,1268.0,1302.0,1324.0,1365.0,1389,1,0,1,Biker
1,1268.0,1302.0,1324.0,1365.0,1390,1,0,1,Biker
1,1268.0,1302.0,1324.0,1365.0,1391,1,0,1,Biker
1,1268.0,1302.0,1324.0,1365.0,1392,1,0,1,Biker
1,1268.0,1302.0,1324.0,1365.0,1393,1,0,1,Biker
1,1268.0,1302.0,1324.0,1365.0,1394,1,0,1,Biker
1,1268.0,1302.0,1324.0,1365.0,1395,1,0,1,Biker
1,1268.0,1302.0,1324.0,1365.0,1396,1,0,1,Biker
1,1268.0,1302.0,1324.0,1365.0,1397,1,0,1,Biker
1,1268.0,1302.0,1324.0,1365.0,1398,1,0,1,Biker
1,1268.0,1302.0,1324.0,1365.0,1399,1,0,1,Biker
1,1268.0,1302.0,1324.0,1365.0,1400,1,0,1,Biker
1,1268.0,1302.0,1324.0,1365.0,1401,1,0,1,Biker
1,1268.0,1302.0,1324.0,1365.0,1402,1,0,1,Biker
1,1268.0,1302.0,1324.0,1365.0,1403,1,0,1,Biker
1,1268.0,1302.0,1324.0,1365.0,1404,1,0,1,Biker
1,1268.0,1302.0,1324.0,1365.0,1405,1,0,1,Biker
1,1268.0,1302.0,1324.0,1365.0,1406,1,0,1,Biker
1,1268.0,1302.0,1324.0,1365.0,1407,1,0,1,Biker
1,1268.0,1302.0,1324.0,1365.0,1408,1,0,1,Biker
1,1268.0,1302.0,1324.0,1365.0,1409,1,0,1,Biker
1,1268.0,1302.0,1324.0,1365.0,1410,1,0,1,Biker
1,1268.0,1302.0,1324.0,1365.0,1411,1,0,1,Biker
1,1268.0,1302.0,1324.0,1365.0,1412,1,0,1,Biker
1,1268.0,1302.0,1324.0,1365.0,1413,1,0,1,Biker
1,1268.0,1302.0,1324.0,1365.0,1414,1,0,1,Biker
1,1268.0,1302.0,1324.0,1365.0,1415,1,0,1,Biker
1,1268.0,1302.0,1324.0,1365.0,1416,1,0,1,Biker
1,1268.0,1302.0,1324.0,1365.0,1417,1,0,1,Biker
1,1268.0,1302.0,1324.0,1365.0,1418,1,0,1,Biker
1,1268.0,1302.0,1324.0,1365.0,1419,1,0,1,Biker
1,1268.0,1302.0,1324.0,1365.0,1420,1,0,1,Biker
1,1268.0,1302.0,1324.0,1365.0,1421,1,0,1,Biker
1,1268.0,1302.0,1324.0,1365.0,1422,1,0,1,Biker
1,1268.0,1302.0,1324.0,1365.0,1423,1,0,1,Biker
1,1268.0,1302.0,1324.0,1365.0,1424,1,0,1,Biker
1,1268.0,1302.0,1324.0,1365.0,1425,1,0,1,Biker
1,1268.0,1302.0,1324.0,1365.0,1426,1,0,1,Biker
1,1268.0,1302.0,1324.0,1365.0,1427,1,0,1,Biker
1,1268.0,1302.0,1324.0,1365.0,1428,1,0,1,Biker
1,1268.0,1302.0,1324.0,1365.0,1429,1,0,1,Biker
1,1268.0,1302.0,1324.0,1365.0,1430,1,0,1,Biker
1,1268.0,1302.0,1324.0,1365.0,1431,1,0,1,Biker
1,1268.0,1302.0,1324.0,1365.0,1432,1,0,1,Biker
1,1268.0,1302.0,1324.0,1365.0,1433,1,0,1,Biker
1,1268.0,1302.0,1324.0,1365.0,1434,1,0,1,Biker
1,1268.0,1302.0,1324.0,1365.0,1435,1,0,1,Biker
1,1268.0,1302.0,1324.0,1365.0,1436,1,0,1,Biker
1,1268.0,1302.0,1324.0,1365.0,1437,1,0,1,Biker
1,1268.0,1302.0,1324.0,1365.0,1438,1,0,1,Biker
1,1268.0,1302.0,1324.0,1365.0,1439,1,0,1,Biker
1,1268.0,1302.0,1324.0,1365.0,1440,1,0,1,Biker
1,1268.0,1302.0,1324.0,1365.0,1441,1,0,1,Biker
1,1268.0,1302.0,1324.0,1365.0,1442,1,0,1,Biker
1,1268.0,1302.0,1324.0,1365.0,1443,1,0,1,Biker
1,1268.0,1302.0,1324.0,1365.0,1444,1,0,1,Biker
1,1268.0,1302.0,1324.0,1365.0,1445,1,0,1,Biker
1,1268.0,1302.0,1324.0,1365.0,1446,1,0,1,Biker
1,1268.0,1302.0,1324.0,1365.0,1447,1,0,1,Biker
1,1268.0,1302.0,1324.0,1365.0,1448,1,0,1,Biker
1,1268.0,1302.0,1324.0,1365.0,1449,1,0,1,Biker
1,1268.0,1302.0,1324.0,1365.0,1450,1,0,1,Biker
1,1268.0,1302.0,1324.0,1365.0,1451,1,0,1,Biker
1,1268.0,1302.0,1324.0,1365.0,1452,1,0,1,Biker
1,1268.0,1302.0,1324.0,1365.0,1453,1,0,1,Biker
1,1268.0,1302.0,1324.0,1365.0,1454,1,0,1,Biker
1,1268.0,1302.0,1324.0,1365.0,1455,1,0,1,Biker
1,1268.0,1302.0,1324.0,1365.0,1456,1,0,1,Biker
1,1268.0,1302.0,1324.0,1365.0,1457,1,0,1,Biker
1,1268.0,1302.0,1324.0,1365.0,1458,1,0,1,Biker
1,1268.0,1302.0,1324.0,1365.0,1459,1,0,1,Biker
1,1268.0,1302.0,1324.0,1365.0,1460,1,0,1,Biker
1,1268.0,1302.0,1324.0,1365.0,1461,1,0,1,Biker
1,1268.0,1302.0,1324.0,1365.0,1462,1,0,1,Biker
1,1268.0,1302.0,1324.0,1365.0,1463,1,0,1,Biker
1,1268.0,1302.0,1324.0,1365.0,1464,1,0,1,Biker
1,1268.0,1302.0,1324.0,1365.0,1465,1,0,1,Biker
1,1268.0,1302.0,1324.0,1365.0,1466,1,0,1,Biker
1,1268.0,1302.0,1324.0,1365.0,1467,1,0,1,Biker
1,1268.0,1302.0,1324.0,1365.0,1468,1,0,1,Biker
1,1268.0,1302.0,1324.0,1365.0,1469,1,0,1,Biker
1,1268.0,1302.0,1324.0,1365.0,1470,1,0,1,Biker
1,1268.0,1302.0,1324.0,1365.0,1471,1,0,1,Biker
1,1268.0,1302.0,1324.0,1365.0,1472,1,0,1,Biker
1,1268.0,1302.0,1324.0,1365.0,1473,1,0,1,Biker
1,1268.0,1302.0,1324.0,1365.0,1474,1,0,1,Biker
1,1268.0,1302.0,1324.0,1365.0,1475,1,0,1,Biker
1,1268.0,1302.0,1324.0,1365.0,1476,1,0,1,Biker
1,1268.0,1302.0,1324.0,1365.0,1477,1,0,1,Biker
1,1268.0,1302.0,1324.0,1365.0,1478,1,0,1,Biker
1,1268.0,1302.0,1324.0,1365.0,1479,1,0,1,Biker
1,1268.0,1302.0,1324.0,1365.0,1480,1,0,1,Biker
1,1268.0,1302.0,1324.0,1365.0,1481,1,0,1,Biker
1,1268.0,1302.0,1324.0,1365.0,1482,1,0,1,Biker
1,1268.0,1302.0,1324.0,1365.0,1483,1,0,1,Biker
1,1268.0,1302.0,1324.0,1365.0,1484,1,0,1,Biker
1,1268.0,1302.0,1324.0,1365.0,1485,1,0,1,Biker
1,1268.0,1302.0,1324.0,1365.0,1486,1,0,1,Biker
1,1268.0,1302.0,1324.0,1365.0,1487,1,0,1,Biker
1,1268.0,1302.0,1324.0,1365.0,1488,1,0,1,Biker
1,1268.0,1302.0,1324.0,1365.0,1489,1,0,1,Biker
1,1268.0,1302.0,1324.0,1365.0,1490,1,0,1,Biker
1,1268.0,1302.0,1324.0,1365.0,1491,1,0,1,Biker
1,1268.0,1302.0,1324.0,1365.0,1492,1,0,1,Biker
1,1268.0,1302.0,1324.0,1365.0,1493,1,0,1,Biker
1,1268.0,1302.0,1324.0,1365.0,1494,1,0,1,Biker
1,1268.0,1302.0,1324.0,1365.0,1495,1,0,1,Biker
1,1268.0,1302.0,1324.0,1365.0,1496,1,0,1,Biker
1,1268.0,1302.0,1324.0,1365.0,1497,1,0,1,Biker
1,1268.0,1302.0,1324.0,1365.0,1498,1,0,1,Biker
1,1268.0,1302.0,1324.0,1365.0,1499,1,0,1,Biker
1,1268.0,1302.0,1324.0,1365.0,1500,1,0,0,Biker
1,1268.0,1298.0,1322.0,1361.0,1501,1,0,1,Biker
1,1268.0,1298.0,1322.0,1361.0,1502,1,0,1,Biker
1,1268.0,1294.0,1322.0,1361.0,1503,1,0,1,Biker
1,1268.0,1294.0,1322.0,1361.0,1504,1,0,1,Biker
1,1268.0,1294.0,1322.0,1361.0,1505,1,0,1,Biker
1,1268.0,1290.0,1322.0,1361.0,1506,1,0,1,Biker
1,1268.0,1290.0,1322.0,1361.0,1507,1,0,1,Biker
1,1268.0,1286.0,1322.0,1357.0,1508,1,0,1,Biker
1,1268.0,1286.0,1322.0,1357.0,1509,1,0,1,Biker
1,1268.0,1286.0,1322.0,1357.0,1510,1,0,1,Biker
1,1268.0,1282.0,1322.0,1357.0,1511,1,0,1,Biker
1,1268.0,1282.0,1322.0,1357.0,1512,1,0,1,Biker
1,1268.0,1277.0,1322.0,1357.0,1513,1,0,1,Biker
1,1268.0,1277.0,1322.0,1357.0,1514,1,0,1,Biker
1,1268.0,1277.0,1322.0,1357.0,1515,1,0,1,Biker
1,1268.0,1273.0,1322.0,1353.0,1516,1,0,1,Biker
1,1268.0,1273.0,1322.0,1353.0,1517,1,0,1,Biker
1,1270.0,1273.0,1322.0,1353.0,1518,1,0,1,Biker
1,1270.0,1269.0,1322.0,1353.0,1519,1,0,1,Biker
1,1270.0,1269.0,1322.0,1353.0,1520,1,0,1,Biker
1,1270.0,1265.0,1322.0,1353.0,1521,1,0,1,Biker
1,1270.0,1265.0,1322.0,1353.0,1522,1,0,1,Biker
1,1270.0,1265.0,1322.0,1353.0,1523,1,0,1,Biker
1,1270.0,1261.0,1322.0,1349.0,1524,1,0,1,Biker
1,1270.0,1261.0,1322.0,1349.0,1525,1,0,1,Biker
1,1270.0,1256.0,1322.0,1349.0,1526,1,0,1,Biker
1,1270.0,1256.0,1322.0,1349.0,1527,1,0,1,Biker
1,1270.0,1256.0,1322.0,1349.0,1528,1,0,1,Biker
1,1270.0,1252.0,1322.0,1349.0,1529,1,0,1,Biker
1,1270.0,1252.0,1322.0,1349.0,1530,1,0,1,Biker
1,1270.0,1252.0,1322.0,1349.0,1531,1,0,1,Biker
1,1270.0,1248.0,1322.0,1344.0,1532,1,0,1,Biker
1,1270.0,1248.0,1322.0,1344.0,1533,1,0,1,Biker
1,1270.0,1244.0,1322.0,1344.0,1534,1,0,1,Biker
1,1272.0,1244.0,1322.0,1344.0,1535,1,0,1,Biker
1,1272.0,1244.0,1322.0,1344.0,1536,1,0,1,Biker
1,1272.0,1240.0,1322.0,1344.0,1537,1,0,1,Biker
1,1272.0,1240.0,1322.0,1344.0,1538,1,0,1,Biker
1,1272.0,1235.0,1322.0,1340.0,1539,1,0,1,Biker
1,1272.0,1235.0,1322.0,1340.0,1540,1,0,1,Biker
1,1272.0,1235.0,1322.0,1340.0,1541,1,0,1,Biker
1,1272.0,1231.0,1322.0,1340.0,1542,1,0,1,Biker
1,1272.0,1231.0,1322.0,1340.0,1543,1,0,1,Biker
1,1272.0,1231.0,1322.0,1340.0,1544,1,0,1,Biker
1,1272.0,1227.0,1322.0,1340.0,1545,1,0,1,Biker
1,1272.0,1227.0,1322.0,1340.0,1546,1,0,1,Biker
1,1272.0,1223.0,1322.0,1336.0,1547,1,0,1,Biker
1,1272.0,1223.0,1322.0,1336.0,1548,1,0,1,Biker
1,1272.0,1223.0,1322.0,1336.0,1549,1,0,1,Biker
1,1272.0,1219.0,1322.0,1336.0,1550,1,0,1,Biker
1,1272.0,1219.0,1322.0,1336.0,1551,1,0,1,Biker
1,1272.0,1214.0,1322.0,1336.0,1552,1,0,1,Biker
1,1274.0,1214.0,1322.0,1336.0,1553,1,0,1,Biker
1,1274.0,1214.0,1322.0,1336.0,1554,1,0,1,Biker
1,1274.0,1210.0,1322.0,1332.0,1555,1,0,1,Biker
1,1274.0,1210.0,1322.0,1332.0,1556,1,0,1,Biker
1,1274.0,1210.0,1322.0,1332.0,1557,1,0,1,Biker
1,1274.0,1206.0,1322.0,1332.0,1558,1,0,1,Biker
1,1274.0,1206.0,1322.0,1332.0,1559,1,0,1,Biker
1,1274.0,1202.0,1322.0,1332.0,1560,1,0,1,Biker
1,1274.0,1202.0,1322.0,1332.0,1561,1,0,1,Biker
1,1274.0,1202.0,1322.0,1332.0,1562,1,0,1,Biker
1,1274.0,1198.0,1322.0,1328.0,1563,1,0,1,Biker
1,1274.0,1198.0,1322.0,1328.0,1564,1,0,1,Biker
1,1274.0,1194.0,1322.0,1328.0,1565,1,0,1,Biker
1,1274.0,1194.0,1322.0,1328.0,1566,1,0,1,Biker
1,1274.0,1194.0,1322.0,1328.0,1567,1,0,1,Biker
1,1274.0,1189.0,1322.0,1328.0,1568,1,0,1,Biker
1,1274.0,1189.0,1322.0,1328.0,1569,1,0,1,Biker
1,1276.0,1189.0,1322.0,1328.0,1570,0,0,0,Biker
1,1274.0,1189.0,1320.0,1328.0,1571,0,0,1,Biker
1,1274.0,1194.0,1320.0,1332.0,1572,0,0,1,Biker
1,1272.0,1194.0,1318.0,1332.0,1573,0,0,1,Biker
1,1272.0,1198.0,1318.0,1336.0,1574,0,0,1,Biker
1,1270.0,1198.0,1316.0,1336.0,1575,0,0,1,Biker
1,1270.0,1202.0,1316.0,1340.0,1576,0,0,1,Biker
1,1268.0,1206.0,1314.0,1344.0,1577,0,0,1,Biker
1,1268.0,1206.0,1314.0,1344.0,1578,0,0,1,Biker
1,1267.0,1210.0,1313.0,1349.0,1579,0,0,1,Biker
1,1267.0,1210.0,1313.0,1349.0,1580,0,0,1,Biker
1,1265.0,1214.0,1311.0,1353.0,1581,0,0,1,Biker
1,1265.0,1214.0,1311.0,1353.0,1582,0,0,1,Biker
1,1263.0,1219.0,1309.0,1357.0,1583,0,0,1,Biker
1,1263.0,1223.0,1309.0,1361.0,1584,0,0,1,Biker
1,1261.0,1223.0,1307.0,1361.0,1585,0,0,1,Biker
1,1261.0,1227.0,1307.0,1365.0,1586,0,0,1,Biker
1,1259.0,1227.0,1305.0,1365.0,1587,0,0,1,Biker
1,1259.0,1231.0,1305.0,1369.0,1588,0,0,1,Biker
1,1257.0,1231.0,1303.0,1369.0,1589,0,0,1,Biker
1,1257.0,1235.0,1303.0,1374.0,1590,0,0,1,Biker
1,1257.0,1240.0,1303.0,1378.0,1591,0,0,1,Biker
1,1256.0,1240.0,1302.0,1378.0,1592,0,0,1,Biker
1,1256.0,1244.0,1302.0,1382.0,1593,0,0,1,Biker
1,1254.0,1244.0,1300.0,1382.0,1594,0,0,1,Biker
1,1254.0,1248.0,1300.0,1386.0,1595,0,0,1,Biker
1,1252.0,1248.0,1298.0,1386.0,1596,0,0,1,Biker
1,1252.0,1252.0,1298.0,1390.0,1597,0,0,1,Biker
1,1250.0,1256.0,1296.0,1395.0,1598,0,0,1,Biker
1,1250.0,1256.0,1296.0,1395.0,1599,0,0,1,Biker
1,1248.0,1261.0,1294.0,1399.0,1600,0,0,1,Biker
1,1248.0,1261.0,1294.0,1399.0,1601,0,0,1,Biker
1,1246.0,1265.0,1292.0,1403.0,1602,0,0,1,Biker
1,1246.0,1265.0,1292.0,1403.0,1603,0,0,1,Biker
1,1244.0,1269.0,1291.0,1407.0,1604,0,0,1,Biker
1,1244.0,1273.0,1291.0,1411.0,1605,0,0,1,Biker
1,1243.0,1273.0,1289.0,1411.0,1606,0,0,1,Biker
1,1243.0,1277.0,1289.0,1416.0,1607,0,0,1,Biker
1,1241.0,1277.0,1287.0,1416.0,1608,0,0,1,Biker
1,1241.0,1282.0,1287.0,1420.0,1609,0,0,1,Biker
1,1241.0,1286.0,1287.0,1424.0,1610,0,0,1,Biker
1,1239.0,1286.0,1285.0,1424.0,1611,0,0,1,Biker
1,1239.0,1290.0,1285.0,1428.0,1612,0,0,1,Biker
1,1237.0,1290.0,1283.0,1428.0,1613,0,0,1,Biker
1,1237.0,1294.0,1283.0,1432.0,1614,0,0,1,Biker
1,1235.0,1294.0,1281.0,1432.0,1615,0,0,1,Biker
1,1235.0,1298.0,1281.0,1437.0,1616,0,0,1,Biker
1,1233.0,1302.0,1279.0,1441.0,1617,0,0,1,Biker
1,1233.0,1302.0,1279.0,1441.0,1618,0,0,1,Biker
1,1232.0,1307.0,1278.0,1445.0,1619,0,0,1,Biker
1,1232.0,1307.0,1278.0,1445.0,1620,0,0,1,Biker
1,1230.0,1311.0,1276.0,1449.0,1621,0,0,1,Biker
1,1230.0,1311.0,1276.0,1449.0,1622,0,0,1,Biker
1,1228.0,1315.0,1274.0,1453.0,1623,0,0,1,Biker
1,1228.0,1319.0,1274.0,1457.0,1624,0,0,1,Biker
1,1226.0,1319.0,1272.0,1457.0,1625,0,0,1,Biker
1,1226.0,1323.0,1272.0,1462.0,1626,0,0,1,Biker
1,1224.0,1323.0,1270.0,1462.0,1627,0,0,1,Biker
1,1224.0,1328.0,1270.0,1466.0,1628,0,0,1,Biker
1,1222.0,1328.0,1268.0,1466.0,1629,0,0,1,Biker
1,1222.0,1332.0,1268.0,1470.0,1630,0,0,1,Biker
1,1222.0,1336.0,1268.0,1474.0,1631,0,0,1,Biker
1,1221.0,1336.0,1267.0,1474.0,1632,0,0,1,Biker
1,1221.0,1340.0,1267.0,1478.0,1633,0,0,1,Biker
1,1219.0,1340.0,1265.0,1478.0,1634,0,0,1,Biker
1,1219.0,1344.0,1265.0,1483.0,1635,0,0,1,Biker
1,1217.0,1344.0,1263.0,1483.0,1636,0,0,1,Biker
1,1217.0,1349.0,1263.0,1487.0,1637,0,0,1,Biker
1,1215.0,1353.0,1261.0,1491.0,1638,0,0,1,Biker
1,1215.0,1353.0,1261.0,1491.0,1639,0,0,1,Biker
1,1213.0,1357.0,1259.0,1495.0,1640,0,0,1,Biker
1,1213.0,1357.0,1259.0,1495.0,1641,0,0,1,Biker
1,1211.0,1361.0,1257.0,1499.0,1642,0,0,1,Biker
1,1211.0,1361.0,1257.0,1499.0,1643,0,0,1,Biker
1,1209.0,1365.0,1256.0,1504.0,1644,0,0,1,Biker
1,1209.0,1369.0,1256.0,1508.0,1645,0,0,1,Biker
1,1208.0,1369.0,1254.0,1508.0,1646,0,0,1,Biker
1,1208.0,1374.0,1254.0,1512.0,1647,0,0,1,Biker
1,1206.0,1374.0,1252.0,1512.0,1648,0,0,1,Biker
1,1206.0,1378.0,1252.0,1516.0,1649,0,0,1,Biker
1,1206.0,1382.0,1252.0,1520.0,1650,0,0,0,Biker
1,1204.0,1382.0,1250.0,1520.0,1651,0,0,1,Biker
1,1204.0,1386.0,1250.0,1525.0,1652,0,0,1,Biker
1,1204.0,1386.0,1250.0,1525.0,1653,0,0,1,Biker
1,1204.0,1390.0,1250.0,1529.0,1654,0,0,1,Biker
1,1204.0,1390.0,1250.0,1529.0,1655,0,0,1,Biker
1,1202.0,1395.0,1248.0,1533.0,1656,0,0,1,Biker
1,1202.0,1395.0,1248.0,1533.0,1657,0,0,1,Biker
1,1202.0,1399.0,1248.0,1537.0,1658,0,0,1,Biker
1,1202.0,1399.0,1248.0,1537.0,1659,0,0,1,Biker
1,1202.0,1403.0,1248.0,1541.0,1660,0,0,0,Biker
1,1202.0,1403.0,1248.0,1541.0,1661,0,0,1,Biker
1,1204.0,1403.0,1250.0,1541.0,1662,0,0,1,Biker
1,1204.0,1407.0,1250.0,1545.0,1663,0,0,1,Biker
1,1206.0,1407.0,1252.0,1545.0,1664,0,0,1,Biker
1,1206.0,1411.0,1252.0,1550.0,1665,0,0,1,Biker
1,1208.0,1411.0,1254.0,1550.0,1666,0,0,1,Biker
1,1209.0,1416.0,1256.0,1554.0,1667,0,0,1,Biker
1,1209.0,1416.0,1256.0,1554.0,1668,0,0,1,Biker
1,1211.0,1420.0,1257.0,1558.0,1669,0,0,1,Biker
1,1211.0,1420.0,1257.0,1558.0,1670,0,0,1,Biker
1,1213.0,1424.0,1259.0,1562.0,1671,0,0,1,Biker
1,1215.0,1424.0,1261.0,1562.0,1672,0,0,1,Biker
1,1215.0,1424.0,1261.0,1562.0,1673,0,0,1,Biker
1,1217.0,1428.0,1263.0,1566.0,1674,0,0,1,Biker
1,1217.0,1428.0,1263.0,1566.0,1675,0,0,1,Biker
1,1219.0,1432.0,1265.0,1571.0,1676,0,0,1,Biker
1,1219.0,1432.0,1265.0,1571.0,1677,0,0,1,Biker
1,1221.0,1437.0,1267.0,1575.0,1678,0,0,1,Biker
1,1222.0,1437.0,1268.0,1575.0,1679,0,0,1,Biker
1,1222.0,1441.0,1268.0,1579.0,1680,0,0,1,Biker
1,1224.0,1441.0,1270.0,1579.0,1681,0,0,1,Biker
1,1224.0,1445.0,1270.0,1583.0,1682,0,0,1,Biker
1,1226.0,1445.0,1272.0,1583.0,1683,0,0,1,Biker
1,1228.0,1445.0,1274.0,1583.0,1684,0,0,1,Biker
1,1228.0,1449.0,1274.0,1587.0,1685,0,0,1,Biker
1,1230.0,1449.0,1276.0,1587.0,1686,0,0,1,Biker
1,1230.0,1453.0,1276.0,1592.0,1687,0,0,1,Biker
1,1232.0,1453.0,1278.0,1592.0,1688,0,0,1,Biker
1,1232.0,1457.0,1278.0,1596.0,1689,0,0,1,Biker
1,1233.0,1457.0,1279.0,1596.0,1690,0,0,1,Biker
1,1235.0,1462.0,1281.0,1600.0,1691,0,0,1,Biker
1,1235.0,1462.0,1281.0,1600.0,1692,0,0,1,Biker
1,1237.0,1466.0,1283.0,1604.0,1693,0,0,1,Biker
1,1237.0,1466.0,1283.0,1604.0,1694,0,0,1,Biker
1,1239.0,1470.0,1285.0,1608.0,1695,0,0,1,Biker
1,1241.0,1470.0,1287.0,1608.0,1696,0,0,1,Biker
1,1241.0,1470.0,1287.0,1608.0,1697,0,0,1,Biker
1,1243.0,1474.0,1289.0,1612.0,1698,0,0,1,Biker
1,1243.0,1474.0,1289.0,1612.0,1699,0,0,1,Biker
1,1244.0,1478.0,1291.0,1617.0,1700,0,0,1,Biker
1,1246.0,1478.0,1292.0,1617.0,1701,0,0,1,Biker
1,1246.0,1483.0,1292.0,1621.0,1702,0,0,1,Biker
1,1248.0,1483.0,1294.0,1621.0,1703,0,0,1,Biker
1,1248.0,1487.0,1294.0,1625.0,1704,0,0,1,Biker
1,1250.0,1487.0,1296.0,1625.0,1705,0,0,1,Biker
1,1250.0,1491.0,1296.0,1629.0,1706,0,0,1,Biker
1,1252.0,1491.0,1298.0,1629.0,1707,0,0,1,Biker
1,1254.0,1491.0,1300.0,1629.0,1708,0,0,1,Biker
1,1254.0,1495.0,1300.0,1633.0,1709,0,0,1,Biker
1,1256.0,1495.0,1302.0,1633.0,1710,0,0,1,Biker
1,1256.0,1499.0,1302.0,1638.0,1711,0,0,1,Biker
1,1257.0,1499.0,1303.0,1638.0,1712,0,0,1,Biker
1,1259.0,1504.0,1305.0,1642.0,1713,0,0,1,Biker
1,1259.0,1504.0,1305.0,1642.0,1714,0,0,1,Biker
1,1261.0,1508.0,1307.0,1646.0,1715,0,0,1,Biker
1,1261.0,1508.0,1307.0,1646.0,1716,0,0,1,Biker
1,1263.0,1512.0,1309.0,1650.0,1717,0,0,1,Biker
1,1263.0,1512.0,1309.0,1650.0,1718,0,0,1,Biker
1,1265.0,1512.0,1311.0,1650.0,1719,0,0,1,Biker
1,1267.0,1516.0,1313.0,1654.0,1720,0,0,1,Biker
1,1267.0,1516.0,1313.0,1654.0,1721,0,0,1,Biker
1,1268.0,1520.0,1314.0,1659.0,1722,0,0,1,Biker
1,1268.0,1520.0,1314.0,1659.0,1723,0,0,1,Biker
1,1270.0,1525.0,1316.0,1663.0,1724,0,0,1,Biker
1,1272.0,1525.0,1318.0,1663.0,1725,0,0,1,Biker
1,1272.0,1529.0,1318.0,1667.0,1726,0,0,1,Biker
1,1274.0,1529.0,1320.0,1667.0,1727,0,0,1,Biker
1,1274.0,1533.0,1320.0,1671.0,1728,0,0,1,Biker
1,1276.0,1533.0,1322.0,1671.0,1729,0,0,1,Biker
1,1278.0,1537.0,1324.0,1675.0,1730,1,0,0,Biker
1,1278.0,1537.0,1324.0,1675.0,1731,1,0,1,Biker
1,1278.0,1537.0,1324.0,1675.0,1732,1,0,1,Biker
1,1278.0,1537.0,1324.0,1675.0,1733,1,0,1,Biker
1,1278.0,1537.0,1324.0,1675.0,1734,1,0,1,Biker
1,1278.0,1537.0,1324.0,1675.0,1735,1,0,1,Biker
1,1278.0,1537.0,1324.0,1675.0,1736,1,0,1,Biker
1,1278.0,1537.0,1324.0,1675.0,1737,1,0,1,Biker
1,1278.0,1537.0,1324.0,1675.0,1738,1,0,1,Biker
1,1278.0,1537.0,1324.0,1675.0,1739,1,0,1,Biker
1,1278.0,1537.0,1324.0,1675.0,1740,1,0,1,Biker
1,1278.0,1537.0,1324.0,1675.0,1741,1,0,1,Biker
1,1278.0,1537.0,1324.0,1675.0,1742,1,0,1,Biker
1,1278.0,1537.0,1324.0,1675.0,1743,1,0,1,Biker
1,1278.0,1537.0,1324.0,1675.0,1744,1,0,1,Biker
1,1278.0,1537.0,1324.0,1675.0,1745,1,0,1,Biker
1,1278.0,1537.0,1324.0,1675.0,1746,1,0,1,Biker
1,1278.0,1537.0,1324.0,1675.0,1747,1,0,1,Biker
1,1278.0,1537.0,1324.0,1675.0,1748,1,0,1,Biker
1,1278.0,1537.0,1324.0,1675.0,1749,1,0,1,Biker
1,1278.0,1537.0,1324.0,1675.0,1750,1,0,0,Biker
1,1278.0,1537.0,1324.0,1675.0,1751,1,0,1,Biker
1,1278.0,1537.0,1324.0,1675.0,1752,1,0,1,Biker
1,1278.0,1537.0,1324.0,1675.0,1753,1,0,1,Biker
1,1278.0,1537.0,1324.0,1675.0,1754,1,0,1,Biker
1,1278.0,1537.0,1324.0,1675.0,1755,1,0,1,Biker
1,1278.0,1537.0,1324.0,1675.0,1756,1,0,1,Biker
1,1278.0,1537.0,1324.0,1675.0,1757,1,0,1,Biker
1,1278.0,1537.0,1324.0,1675.0,1758,1,0,1,Biker
1,1278.0,1537.0,1324.0,1675.0,1759,1,0,1,Biker
1,1278.0,1537.0,1324.0,1675.0,1760,1,0,1,Biker
1,1278.0,1537.0,1324.0,1675.0,1761,1,0,1,Biker
1,1278.0,1537.0,1324.0,1675.0,1762,1,0,1,Biker
1,1278.0,1537.0,1324.0,1675.0,1763,1,0,1,Biker
1,1278.0,1537.0,1324.0,1675.0,1764,1,0,1,Biker
1,1278.0,1537.0,1324.0,1675.0,1765,1,0,1,Biker
1,1278.0,1537.0,1324.0,1675.0,1766,1,0,1,Biker
1,1278.0,1537.0,1324.0,1675.0,1767,1,0,1,Biker
1,1278.0,1537.0,1324.0,1675.0,1768,1,0,1,Biker
1,1278.0,1537.0,1324.0,1675.0,1769,1,0,1,Biker
1,1278.0,1537.0,1324.0,1675.0,1770,1,0,1,Biker
1,1278.0,1537.0,1324.0,1675.0,1771,1,0,1,Biker
1,1278.0,1537.0,1324.0,1675.0,1772,1,0,1,Biker
1,1278.0,1537.0,1324.0,1675.0,1773,1,0,1,Biker
1,1278.0,1537.0,1324.0,1675.0,1774,1,0,1,Biker
1,1278.0,1537.0,1324.0,1675.0,1775,1,0,1,Biker
1,1278.0,1537.0,1324.0,1675.0,1776,1,0,1,Biker
1,1278.0,1537.0,1324.0,1675.0,1777,1,0,1,Biker
1,1278.0,1537.0,1324.0,1675.0,1778,1,0,1,Biker
1,1278.0,1537.0,1324.0,1675.0,1779,1,0,1,Biker
1,1278.0,1537.0,1324.0,1675.0,1780,1,0,1,Biker
1,1278.0,1537.0,1324.0,1675.0,1781,1,0,1,Biker
1,1278.0,1537.0,1324.0,1675.0,1782,1,0,1,Biker
1,1278.0,1537.0,1324.0,1675.0,1783,1,0,1,Biker
1,1278.0,1537.0,1324.0,1675.0,1784,1,0,1,Biker
1,1278.0,1537.0,1324.0,1675.0,1785,1,0,1,Biker
1,1278.0,1537.0,1324.0,1675.0,1786,1,0,1,Biker
1,1278.0,1537.0,1324.0,1675.0,1787,1,0,1,Biker
1,1278.0,1537.0,1324.0,1675.0,1788,1,0,1,Biker
1,1278.0,1537.0,1324.0,1675.0,1789,1,0,1,Biker
1,1278.0,1537.0,1324.0,1675.0,1790,1,0,1,Biker
1,1278.0,1537.0,1324.0,1675.0,1791,1,0,1,Biker
1,1278.0,1537.0,1324.0,1675.0,1792,1,0,1,Biker
1,1278.0,1537.0,1324.0,1675.0,1793,1,0,1,Biker
1,1278.0,1537.0,1324.0,1675.0,1794,1,0,1,Biker
1,1278.0,1537.0,1324.0,1675.0,1795,1,0,1,Biker
1,1278.0,1537.0,1324.0,1675.0,1796,1,0,1,Biker
1,1278.0,1537.0,1324.0,1675.0,1797,1,0,1,Biker
1,1278.0,1537.0,1324.0,1675.0,1798,1,0,1,Biker
1,1278.0,1537.0,1324.0,1675.0,1799,1,0,1,Biker
1,1278.0,1537.0,1324.0,1675.0,1800,1,0,1,Biker
1,1278.0,1537.0,1324.0,1675.0,1801,1,0,1,Biker
1,1278.0,1537.0,1324.0,1675.0,1802,1,0,1,Biker
1,1278.0,1537.0,1324.0,1675.0,1803,1,0,1,Biker
1,1278.0,1537.0,1324.0,1675.0,1804,1,0,1,Biker
1,1278.0,1537.0,1324.0,1675.0,1805,1,0,1,Biker
1,1278.0,1537.0,1324.0,1675.0,1806,1,0,1,Biker
1,1278.0,1537.0,1324.0,1675.0,1807,1,0,1,Biker
1,1278.0,1537.0,1324.0,1675.0,1808,1,0,1,Biker
1,1278.0,1537.0,1324.0,1675.0,1809,1,0,1,Biker
1,1278.0,1537.0,1324.0,1675.0,1810,1,0,1,Biker
1,1278.0,1537.0,1324.0,1675.0,1811,1,0,1,Biker
1,1278.0,1537.0,1324.0,1675.0,1812,1,0,1,Biker
1,1278.0,1537.0,1324.0,1675.0,1813,1,0,1,Biker
1,1278.0,1537.0,1324.0,1675.0,1814,1,0,1,Biker
1,1278.0,1537.0,1324.0,1675.0,1815,1,0,1,Biker
1,1278.0,1537.0,1324.0,1675.0,1816,1,0,1,Biker
1,1278.0,1537.0,1324.0,1675.0,1817,1,0,1,Biker
1,1278.0,1537.0,1324.0,1675.0,1818,1,0,1,Biker
1,1278.0,1537.0,1324.0,1675.0,1819,1,0,1,Biker
1,1278.0,1537.0,1324.0,1675.0,1820,1,0,1,Biker
1,1278.0,1537.0,1324.0,1675.0,1821,1,0,1,Biker
1,1278.0,1537.0,1324.0,1675.0,1822,1,0,1,Biker
1,1278.0,1537.0,1324.0,1675.0,1823,1,0,1,Biker
1,1278.0,1537.0,1324.0,1675.0,1824,1,0,1,Biker
1,1278.0,1537.0,1324.0,1675.0,1825,1,0,1,Biker
1,1278.0,1537.0,1324.0,1675.0,1826,1,0,1,Biker
1,1278.0,1537.0,1324.0,1675.0,1827,1,0,1,Biker
1,1278.0,1537.0,1324.0,1675.0,1828,1,0,1,Biker
1,1278.0,1537.0,1324.0,1675.0,1829,1,0,1,Biker
1,1278.0,1537.0,1324.0,1675.0,1830,1,0,1,Biker
1,1278.0,1537.0,1324.0,1675.0,1831,1,0,1,Biker
1,1278.0,1537.0,1324.0,1675.0,1832,1,0,1,Biker
1,1278.0,1537.0,1324.0,1675.0,1833,1,0,1,Biker
1,1278.0,1537.0,1324.0,1675.0,1834,1,0,1,Biker
1,1278.0,1537.0,1324.0,1675.0,1835,1,0,1,Biker
1,1278.0,1537.0,1324.0,1675.0,1836,1,0,1,Biker
1,1278.0,1537.0,1324.0,1675.0,1837,1,0,1,Biker
1,1278.0,1537.0,1324.0,1675.0,1838,1,0,1,Biker
1,1278.0,1537.0,1324.0,1675.0,1839,1,0,1,Biker
1,1278.0,1537.0,1324.0,1675.0,1840,1,0,1,Biker
1,1278.0,1537.0,1324.0,1675.0,1841,1,0,1,Biker
1,1278.0,1537.0,1324.0,1675.0,1842,1,0,1,Biker
1,1278.0,1537.0,1324.0,1675.0,1843,1,0,1,Biker
1,1278.0,1537.0,1324.0,1675.0,1844,1,0,1,Biker
1,1278.0,1537.0,1324.0,1675.0,1845,1,0,1,Biker
1,1278.0,1537.0,1324.0,1675.0,1846,1,0,1,Biker
1,1278.0,1537.0,1324.0,1675.0,1847,1,0,1,Biker
1,1278.0,1537.0,1324.0,1675.0,1848,1,0,1,Biker
1,1278.0,1537.0,1324.0,1675.0,1849,1,0,1,Biker
1,1278.0,1537.0,1324.0,1675.0,1850,1,0,1,Biker
1,1278.0,1537.0,1324.0,1675.0,1851,1,0,1,Biker
1,1278.0,1537.0,1324.0,1675.0,1852,1,0,1,Biker
1,1278.0,1537.0,1324.0,1675.0,1853,1,0,1,Biker
1,1278.0,1537.0,1324.0,1675.0,1854,1,0,1,Biker
1,1278.0,1537.0,1324.0,1675.0,1855,1,0,1,Biker
1,1278.0,1537.0,1324.0,1675.0,1856,1,0,1,Biker
1,1278.0,1537.0,1324.0,1675.0,1857,1,0,1,Biker
1,1278.0,1537.0,1324.0,1675.0,1858,1,0,1,Biker
1,1278.0,1537.0,1324.0,1675.0,1859,1,0,1,Biker
1,1278.0,1537.0,1324.0,1675.0,1860,1,0,1,Biker
1,1278.0,1537.0,1324.0,1675.0,1861,1,0,1,Biker
1,1278.0,1537.0,1324.0,1675.0,1862,1,0,1,Biker
1,1278.0,1537.0,1324.0,1675.0,1863,1,0,1,Biker
1,1278.0,1537.0,1324.0,1675.0,1864,1,0,1,Biker
1,1278.0,1537.0,1324.0,1675.0,1865,1,0,1,Biker
1,1278.0,1537.0,1324.0,1675.0,1866,1,0,1,Biker
1,1278.0,1537.0,1324.0,1675.0,1867,1,0,1,Biker
1,1278.0,1537.0,1324.0,1675.0,1868,1,0,1,Biker
1,1278.0,1537.0,1324.0,1675.0,1869,1,0,1,Biker
1,1278.0,1537.0,1324.0,1675.0,1870,1,0,1,Biker
1,1278.0,1537.0,1324.0,1675.0,1871,1,0,1,Biker
1,1278.0,1537.0,1324.0,1675.0,1872,1,0,1,Biker
1,1278.0,1537.0,1324.0,1675.0,1873,1,0,1,Biker
1,1278.0,1537.0,1324.0,1675.0,1874,1,0,1,Biker
1,1278.0,1537.0,1324.0,1675.0,1875,1,0,1,Biker
1,1278.0,1537.0,1324.0,1675.0,1876,1,0,1,Biker
1,1278.0,1537.0,1324.0,1675.0,1877,1,0,1,Biker
1,1278.0,1537.0,1324.0,1675.0,1878,1,0,1,Biker
1,1278.0,1537.0,1324.0,1675.0,1879,1,0,1,Biker
1,1278.0,1537.0,1324.0,1675.0,1880,1,0,1,Biker
1,1278.0,1537.0,1324.0,1675.0,1881,1,0,1,Biker
1,1278.0,1537.0,1324.0,1675.0,1882,1,0,1,Biker
1,1278.0,1537.0,1324.0,1675.0,1883,1,0,1,Biker
1,1278.0,1537.0,1324.0,1675.0,1884,1,0,1,Biker
1,1278.0,1537.0,1324.0,1675.0,1885,1,0,1,Biker
1,1278.0,1537.0,1324.0,1675.0,1886,1,0,1,Biker
1,1278.0,1537.0,1324.0,1675.0,1887,1,0,1,Biker
1,1278.0,1537.0,1324.0,1675.0,1888,1,0,1,Biker
1,1278.0,1537.0,1324.0,1675.0,1889,1,0,1,Biker
1,1278.0,1537.0,1324.0,1675.0,1890,1,0,1,Biker
1,1278.0,1537.0,1324.0,1675.0,1891,1,0,1,Biker
1,1278.0,1537.0,1324.0,1675.0,1892,1,0,1,Biker
1,1278.0,1537.0,1324.0,1675.0,1893,1,0,1,Biker
1,1278.0,1537.0,1324.0,1675.0,1894,1,0,1,Biker
1,1278.0,1537.0,1324.0,1675.0,1895,1,0,1,Biker
1,1278.0,1537.0,1324.0,1675.0,1896,1,0,1,Biker
1,1278.0,1537.0,1324.0,1675.0,1897,1,0,1,Biker
1,1278.0,1537.0,1324.0,1675.0,1898,1,0,1,Biker
1,1278.0,1537.0,1324.0,1675.0,1899,1,0,1,Biker
1,1278.0,1537.0,1324.0,1675.0,1900,1,0,1,Biker
1,1278.0,1537.0,1324.0,1675.0,1901,1,0,1,Biker
1,1278.0,1537.0,1324.0,1675.0,1902,1,0,1,Biker
1,1278.0,1537.0,1324.0,1675.0,1903,1,0,1,Biker
1,1278.0,1537.0,1324.0,1675.0,1904,1,0,1,Biker
1,1278.0,1537.0,1324.0,1675.0,1905,1,0,1,Biker
1,1278.0,1537.0,1324.0,1675.0,1906,1,0,1,Biker
1,1278.0,1537.0,1324.0,1675.0,1907,1,0,1,Biker
1,1278.0,1537.0,1324.0,1675.0,1908,1,0,1,Biker
1,1278.0,1537.0,1324.0,1675.0,1909,1,0,1,Biker
1,1278.0,1537.0,1324.0,1675.0,1910,1,0,1,Biker
1,1278.0,1537.0,1324.0,1675.0,1911,1,0,1,Biker
1,1278.0,1537.0,1324.0,1675.0,1912,1,0,1,Biker
1,1278.0,1537.0,1324.0,1675.0,1913,1,0,1,Biker
1,1278.0,1537.0,1324.0,1675.0,1914,1,0,1,Biker
1,1278.0,1537.0,1324.0,1675.0,1915,1,0,1,Biker
1,1278.0,1537.0,1324.0,1675.0,1916,1,0,1,Biker
1,1278.0,1537.0,1324.0,1675.0,1917,1,0,1,Biker
1,1278.0,1537.0,1324.0,1675.0,1918,1,0,1,Biker
1,1278.0,1537.0,1324.0,1675.0,1919,1,0,1,Biker
1,1278.0,1537.0,1324.0,1675.0,1920,1,0,1,Biker
1,1278.0,1537.0,1324.0,1675.0,1921,1,0,1,Biker
1,1278.0,1537.0,1324.0,1675.0,1922,1,0,1,Biker
1,1278.0,1537.0,1324.0,1675.0,1923,1,0,1,Biker
1,1278.0,1537.0,1324.0,1675.0,1924,1,0,1,Biker
1,1278.0,1537.0,1324.0,1675.0,1925,1,0,1,Biker
1,1278.0,1537.0,1324.0,1675.0,1926,1,0,1,Biker
1,1278.0,1537.0,1324.0,1675.0,1927,1,0,1,Biker
1,1278.0,1537.0,1324.0,1675.0,1928,1,0,1,Biker
1,1278.0,1537.0,1324.0,1675.0,1929,1,0,1,Biker
1,1278.0,1537.0,1324.0,1675.0,1930,1,0,1,Biker
1,1278.0,1537.0,1324.0,1675.0,1931,1,0,1,Biker
1,1278.0,1537.0,1324.0,1675.0,1932,1,0,1,Biker
1,1278.0,1537.0,1324.0,1675.0,1933,1,0,1,Biker
1,1278.0,1537.0,1324.0,1675.0,1934,1,0,1,Biker
1,1278.0,1537.0,1324.0,1675.0,1935,1,0,1,Biker
1,1278.0,1537.0,1324.0,1675.0,1936,1,0,1,Biker
1,1278.0,1537.0,1324.0,1675.0,1937,1,0,1,Biker
1,1278.0,1537.0,1324.0,1675.0,1938,1,0,1,Biker
1,1278.0,1537.0,1324.0,1675.0,1939,1,0,1,Biker
1,1278.0,1537.0,1324.0,1675.0,1940,1,0,1,Biker
1,1278.0,1537.0,1324.0,1675.0,1941,1,0,1,Biker
1,1278.0,1537.0,1324.0,1675.0,1942,1,0,1,Biker
1,1278.0,1537.0,1324.0,1675.0,1943,1,0,1,Biker
1,1278.0,1537.0,1324.0,1675.0,1944,1,0,1,Biker
1,1278.0,1537.0,1324.0,1675.0,1945,1,0,1,Biker
1,1278.0,1537.0,1324.0,1675.0,1946,1,0,1,Biker
1,1278.0,1537.0,1324.0,1675.0,1947,1,0,1,Biker
1,1278.0,1537.0,1324.0,1675.0,1948,1,0,1,Biker
1,1278.0,1537.0,1324.0,1675.0,1949,1,0,1,Biker
1,1278.0,1537.0,1324.0,1675.0,1950,1,0,1,Biker
1,1278.0,1537.0,1324.0,1675.0,1951,1,0,1,Biker
1,1278.0,1537.0,1324.0,1675.0,1952,1,0,1,Biker
1,1278.0,1537.0,1324.0,1675.0,1953,1,0,1,Biker
1,1278.0,1537.0,1324.0,1675.0,1954,1,0,1,Biker
1,1278.0,1537.0,1324.0,1675.0,1955,1,0,1,Biker
1,1278.0,1537.0,1324.0,1675.0,1956,1,0,1,Biker
1,1278.0,1537.0,1324.0,1675.0,1957,1,0,1,Biker
1,1278.0,1537.0,1324.0,1675.0,1958,1,0,1,Biker
1,1278.0,1537.0,1324.0,1675.0,1959,1,0,1,Biker
1,1278.0,1537.0,1324.0,1675.0,1960,1,0,1,Biker
1,1278.0,1537.0,1324.0,1675.0,1961,1,0,1,Biker
1,1278.0,1537.0,1324.0,1675.0,1962,1,0,1,Biker
1,1278.0,1537.0,1324.0,1675.0,1963,1,0,1,Biker
1,1278.0,1537.0,1324.0,1675.0,1964,1,0,1,Biker
1,1278.0,1537.0,1324.0,1675.0,1965,1,0,1,Biker
1,1278.0,1537.0,1324.0,1675.0,1966,1,0,1,Biker
1,1278.0,1537.0,1324.0,1675.0,1967,1,0,1,Biker
1,1278.0,1537.0,1324.0,1675.0,1968,1,0,1,Biker
1,1278.0,1537.0,1324.0,1675.0,1969,1,0,1,Biker
1,1278.0,1537.0,1324.0,1675.0,1970,1,0,1,Biker
1,1278.0,1537.0,1324.0,1675.0,1971,1,0,1,Biker
1,1278.0,1537.0,1324.0,1675.0,1972,1,0,1,Biker
1,1278.0,1537.0,1324.0,1675.0,1973,1,0,1,Biker
1,1278.0,1537.0,1324.0,1675.0,1974,1,0,1,Biker
1,1278.0,1537.0,1324.0,1675.0,1975,1,0,1,Biker
1,1278.0,1537.0,1324.0,1675.0,1976,1,0,1,Biker
1,1278.0,1537.0,1324.0,1675.0,1977,1,0,1,Biker
1,1278.0,1537.0,1324.0,1675.0,1978,1,0,1,Biker
1,1278.0,1537.0,1324.0,1675.0,1979,1,0,1,Biker
1,1278.0,1537.0,1324.0,1675.0,1980,1,0,1,Biker
1,1278.0,1537.0,1324.0,1675.0,1981,1,0,1,Biker
1,1278.0,1537.0,1324.0,1675.0,1982,1,0,1,Biker
1,1278.0,1537.0,1324.0,1675.0,1983,1,0,1,Biker
1,1278.0,1537.0,1324.0,1675.0,1984,1,0,1,Biker
1,1278.0,1537.0,1324.0,1675.0,1985,1,0,1,Biker
1,1278.0,1537.0,1324.0,1675.0,1986,1,0,1,Biker
1,1278.0,1537.0,1324.0,1675.0,1987,1,0,1,Biker
1,1278.0,1537.0,1324.0,1675.0,1988,1,0,1,Biker
1,1278.0,1537.0,1324.0,1675.0,1989,1,0,1,Biker
1,1278.0,1537.0,1324.0,1675.0,1990,1,0,1,Biker
1,1278.0,1537.0,1324.0,1675.0,1991,1,0,1,Biker
1,1278.0,1537.0,1324.0,1675.0,1992,1,0,1,Biker
1,1278.0,1537.0,1324.0,1675.0,1993,1,0,1,Biker
1,1278.0,1537.0,1324.0,1675.0,1994,1,0,1,Biker
1,1278.0,1537.0,1324.0,1675.0,1995,1,0,1,Biker
1,1278.0,1537.0,1324.0,1675.0,1996,1,0,1,Biker
1,1278.0,1537.0,1324.0,1675.0,1997,1,0,1,Biker
1,1278.0,1537.0,1324.0,1675.0,1998,1,0,1,Biker
1,1278.0,1537.0,1324.0,1675.0,1999,1,0,1,Biker
1,1278.0,1537.0,1324.0,1675.0,2000,1,0,1,Biker
1,1278.0,1537.0,1324.0,1675.0,2001,1,0,1,Biker
1,1278.0,1537.0,1324.0,1675.0,2002,1,0,1,Biker
1,1278.0,1537.0,1324.0,1675.0,2003,1,0,1,Biker
1,1278.0,1537.0,1324.0,1675.0,2004,1,0,1,Biker
1,1278.0,1537.0,1324.0,1675.0,2005,1,0,1,Biker
1,1278.0,1537.0,1324.0,1675.0,2006,1,0,1,Biker
1,1278.0,1537.0,1324.0,1675.0,2007,1,0,1,Biker
1,1278.0,1537.0,1324.0,1675.0,2008,1,0,1,Biker
1,1278.0,1537.0,1324.0,1675.0,2009,1,0,1,Biker
1,1278.0,1537.0,1324.0,1675.0,2010,1,0,1,Biker
1,1278.0,1537.0,1324.0,1675.0,2011,1,0,1,Biker
1,1278.0,1537.0,1324.0,1675.0,2012,1,0,1,Biker
1,1278.0,1537.0,1324.0,1675.0,2013,1,0,1,Biker
1,1278.0,1537.0,1324.0,1675.0,2014,1,0,1,Biker
1,1278.0,1537.0,1324.0,1675.0,2015,1,0,1,Biker
1,1278.0,1537.0,1324.0,1675.0,2016,1,0,1,Biker
1,1278.0,1537.0,1324.0,1675.0,2017,1,0,1,Biker
1,1278.0,1537.0,1324.0,1675.0,2018,1,0,1,Biker
1,1278.0,1537.0,1324.0,1675.0,2019,1,0,1,Biker
1,1278.0,1537.0,1324.0,1675.0,2020,1,0,1,Biker
1,1278.0,1537.0,1324.0,1675.0,2021,1,0,1,Biker
1,1278.0,1537.0,1324.0,1675.0,2022,1,0,1,Biker
1,1278.0,1537.0,1324.0,1675.0,2023,1,0,1,Biker
1,1278.0,1537.0,1324.0,1675.0,2024,1,0,1,Biker
1,1278.0,1537.0,1324.0,1675.0,2025,1,0,1,Biker
1,1278.0,1537.0,1324.0,1675.0,2026,1,0,1,Biker
1,1278.0,1537.0,1324.0,1675.0,2027,1,0,1,Biker
1,1278.0,1537.0,1324.0,1675.0,2028,1,0,1,Biker
1,1278.0,1537.0,1324.0,1675.0,2029,1,0,1,Biker
1,1278.0,1537.0,1324.0,1675.0,2030,1,0,1,Biker
1,1278.0,1537.0,1324.0,1675.0,2031,1,0,0,Biker
2,504.0,1939.0,556.0,1998.0,0,1,0,0,Pedestrian
2,504.0,1939.0,556.0,1998.0,1,1,0,1,Pedestrian
2,504.0,1939.0,556.0,1998.0,2,1,0,1,Pedestrian
2,504.0,1939.0,556.0,1998.0,3,1,0,1,Pedestrian
2,504.0,1939.0,556.0,1998.0,4,1,0,1,Pedestrian
2,504.0,1939.0,556.0,1998.0,5,1,0,1,Pedestrian
2,504.0,1939.0,556.0,1998.0,6,1,0,1,Pedestrian
2,504.0,1939.0,556.0,1998.0,7,1,0,1,Pedestrian
2,504.0,1939.0,556.0,1998.0,8,1,0,1,Pedestrian
2,504.0,1939.0,556.0,1998.0,9,1,0,1,Pedestrian
2,504.0,1939.0,556.0,1998.0,10,1,0,1,Pedestrian
2,504.0,1939.0,556.0,1998.0,11,1,0,1,Pedestrian
2,504.0,1939.0,556.0,1998.0,12,1,0,1,Pedestrian
2,504.0,1939.0,556.0,1998.0,13,1,0,1,Pedestrian
2,504.0,1939.0,556.0,1998.0,14,1,0,1,Pedestrian
2,504.0,1939.0,556.0,1998.0,15,1,0,1,Pedestrian
2,504.0,1939.0,556.0,1998.0,16,1,0,1,Pedestrian
2,504.0,1939.0,556.0,1998.0,17,1,0,1,Pedestrian
2,504.0,1939.0,556.0,1998.0,18,1,0,1,Pedestrian
2,504.0,1939.0,556.0,1998.0,19,1,0,1,Pedestrian
2,504.0,1939.0,556.0,1998.0,20,1,0,1,Pedestrian
2,504.0,1939.0,556.0,1998.0,21,1,0,1,Pedestrian
2,504.0,1939.0,556.0,1998.0,22,1,0,1,Pedestrian
2,504.0,1939.0,556.0,1998.0,23,1,0,1,Pedestrian
2,504.0,1939.0,556.0,1998.0,24,1,0,1,Pedestrian
2,504.0,1939.0,556.0,1998.0,25,1,0,1,Pedestrian
2,504.0,1939.0,556.0,1998.0,26,1,0,1,Pedestrian
2,504.0,1939.0,556.0,1998.0,27,1,0,1,Pedestrian
2,504.0,1939.0,556.0,1998.0,28,1,0,1,Pedestrian
2,504.0,1939.0,556.0,1998.0,29,1,0,1,Pedestrian
2,504.0,1939.0,556.0,1998.0,30,1,0,1,Pedestrian
2,504.0,1939.0,556.0,1998.0,31,1,0,1,Pedestrian
2,504.0,1939.0,556.0,1998.0,32,1,0,1,Pedestrian
2,504.0,1939.0,556.0,1998.0,33,1,0,1,Pedestrian
2,504.0,1939.0,556.0,1998.0,34,1,0,1,Pedestrian
2,504.0,1939.0,556.0,1998.0,35,1,0,1,Pedestrian
2,504.0,1939.0,556.0,1998.0,36,1,0,1,Pedestrian
2,504.0,1939.0,556.0,1998.0,37,1,0,1,Pedestrian
2,504.0,1939.0,556.0,1998.0,38,1,0,1,Pedestrian
2,504.0,1939.0,556.0,1998.0,39,1,0,1,Pedestrian
2,504.0,1939.0,556.0,1998.0,40,1,0,1,Pedestrian
2,504.0,1939.0,556.0,1998.0,41,1,0,1,Pedestrian
2,504.0,1939.0,556.0,1998.0,42,1,0,1,Pedestrian
2,504.0,1939.0,556.0,1998.0,43,1,0,1,Pedestrian
2,504.0,1939.0,556.0,1998.0,44,1,0,1,Pedestrian
2,504.0,1939.0,556.0,1998.0,45,1,0,1,Pedestrian
2,504.0,1939.0,556.0,1998.0,46,1,0,1,Pedestrian
2,504.0,1939.0,556.0,1998.0,47,1,0,1,Pedestrian
2,504.0,1939.0,556.0,1998.0,48,1,0,1,Pedestrian
2,504.0,1939.0,556.0,1998.0,49,1,0,1,Pedestrian
2,504.0,1939.0,556.0,1998.0,50,1,0,1,Pedestrian
2,504.0,1939.0,556.0,1998.0,51,1,0,1,Pedestrian
2,504.0,1939.0,556.0,1998.0,52,1,0,1,Pedestrian
2,504.0,1939.0,556.0,1998.0,53,1,0,1,Pedestrian
2,504.0,1939.0,556.0,1998.0,54,1,0,1,Pedestrian
2,504.0,1939.0,556.0,1998.0,55,1,0,1,Pedestrian
2,504.0,1939.0,556.0,1998.0,56,1,0,1,Pedestrian
2,504.0,1939.0,556.0,1998.0,57,1,0,1,Pedestrian
2,504.0,1939.0,556.0,1998.0,58,1,0,1,Pedestrian
2,504.0,1939.0,556.0,1998.0,59,1,0,1,Pedestrian
2,504.0,1939.0,556.0,1998.0,60,1,0,1,Pedestrian
2,504.0,1939.0,556.0,1998.0,61,1,0,1,Pedestrian
2,504.0,1939.0,556.0,1998.0,62,1,0,1,Pedestrian
2,504.0,1939.0,556.0,1998.0,63,1,0,1,Pedestrian
2,504.0,1939.0,556.0,1998.0,64,1,0,1,Pedestrian
2,504.0,1939.0,556.0,1998.0,65,1,0,1,Pedestrian
2,504.0,1939.0,556.0,1998.0,66,1,0,1,Pedestrian
2,504.0,1939.0,556.0,1998.0,67,1,0,1,Pedestrian
2,504.0,1939.0,556.0,1998.0,68,1,0,1,Pedestrian
2,504.0,1939.0,556.0,1998.0,69,1,0,1,Pedestrian
2,504.0,1939.0,556.0,1998.0,70,1,0,1,Pedestrian
2,504.0,1939.0,556.0,1998.0,71,1,0,1,Pedestrian
2,504.0,1939.0,556.0,1998.0,72,1,0,1,Pedestrian
2,504.0,1939.0,556.0,1998.0,73,1,0,1,Pedestrian
2,504.0,1939.0,556.0,1998.0,74,1,0,1,Pedestrian
2,504.0,1939.0,556.0,1998.0,75,1,0,1,Pedestrian
2,504.0,1939.0,556.0,1998.0,76,1,0,1,Pedestrian
2,504.0,1939.0,556.0,1998.0,77,1,0,1,Pedestrian
2,504.0,1939.0,556.0,1998.0,78,1,0,1,Pedestrian
2,504.0,1939.0,556.0,1998.0,79,1,0,1,Pedestrian
2,504.0,1939.0,556.0,1998.0,80,1,0,1,Pedestrian
2,504.0,1939.0,556.0,1998.0,81,1,0,1,Pedestrian
2,504.0,1939.0,556.0,1998.0,82,1,0,1,Pedestrian
2,504.0,1939.0,556.0,1998.0,83,1,0,1,Pedestrian
2,504.0,1939.0,556.0,1998.0,84,1,0,1,Pedestrian
2,504.0,1939.0,556.0,1998.0,85,1,0,1,Pedestrian
2,504.0,1939.0,556.0,1998.0,86,1,0,1,Pedestrian
2,504.0,1939.0,556.0,1998.0,87,1,0,1,Pedestrian
2,504.0,1939.0,556.0,1998.0,88,1,0,1,Pedestrian
2,504.0,1939.0,556.0,1998.0,89,1,0,1,Pedestrian
2,504.0,1939.0,556.0,1998.0,90,1,0,1,Pedestrian
2,504.0,1939.0,556.0,1998.0,91,1,0,1,Pedestrian
2,504.0,1939.0,556.0,1998.0,92,1,0,1,Pedestrian
2,504.0,1939.0,556.0,1998.0,93,1,0,1,Pedestrian
2,504.0,1939.0,556.0,1998.0,94,1,0,1,Pedestrian
2,504.0,1939.0,556.0,1998.0,95,1,0,1,Pedestrian
2,504.0,1939.0,556.0,1998.0,96,1,0,1,Pedestrian
2,504.0,1939.0,556.0,1998.0,97,1,0,1,Pedestrian
2,504.0,1939.0,556.0,1998.0,98,1,0,1,Pedestrian
2,504.0,1939.0,556.0,1998.0,99,1,0,1,Pedestrian
2,504.0,1939.0,556.0,1998.0,100,1,0,1,Pedestrian
2,504.0,1939.0,556.0,1998.0,101,1,0,1,Pedestrian
2,504.0,1939.0,556.0,1998.0,102,1,0,1,Pedestrian
2,504.0,1939.0,556.0,1998.0,103,1,0,1,Pedestrian
2,504.0,1939.0,556.0,1998.0,104,1,0,1,Pedestrian
2,504.0,1939.0,556.0,1998.0,105,1,0,1,Pedestrian
2,504.0,1939.0,556.0,1998.0,106,1,0,1,Pedestrian
2,504.0,1939.0,556.0,1998.0,107,1,0,1,Pedestrian
2,504.0,1939.0,556.0,1998.0,108,1,0,1,Pedestrian
2,504.0,1939.0,556.0,1998.0,109,1,0,1,Pedestrian
2,504.0,1939.0,556.0,1998.0,110,1,0,1,Pedestrian
2,504.0,1939.0,556.0,1998.0,111,1,0,1,Pedestrian
2,504.0,1939.0,556.0,1998.0,112,1,0,1,Pedestrian
2,504.0,1939.0,556.0,1998.0,113,1,0,1,Pedestrian
2,504.0,1939.0,556.0,1998.0,114,1,0,1,Pedestrian
2,504.0,1939.0,556.0,1998.0,115,1,0,1,Pedestrian
2,504.0,1939.0,556.0,1998.0,116,1,0,1,Pedestrian
2,504.0,1939.0,556.0,1998.0,117,1,0,1,Pedestrian
2,504.0,1939.0,556.0,1998.0,118,1,0,1,Pedestrian
2,504.0,1939.0,556.0,1998.0,119,1,0,1,Pedestrian
2,504.0,1939.0,556.0,1998.0,120,1,0,1,Pedestrian
2,504.0,1939.0,556.0,1998.0,121,1,0,1,Pedestrian
2,504.0,1939.0,556.0,1998.0,122,1,0,1,Pedestrian
2,504.0,1939.0,556.0,1998.0,123,1,0,1,Pedestrian
2,504.0,1939.0,556.0,1998.0,124,1,0,1,Pedestrian
2,504.0,1939.0,556.0,1998.0,125,1,0,1,Pedestrian
2,504.0,1939.0,556.0,1998.0,126,1,0,1,Pedestrian
2,504.0,1939.0,556.0,1998.0,127,1,0,1,Pedestrian
2,504.0,1939.0,556.0,1998.0,128,1,0,1,Pedestrian
2,504.0,1939.0,556.0,1998.0,129,1,0,1,Pedestrian
2,504.0,1939.0,556.0,1998.0,130,1,0,1,Pedestrian
2,504.0,1939.0,556.0,1998.0,131,1,0,1,Pedestrian
2,504.0,1939.0,556.0,1998.0,132,1,0,1,Pedestrian
2,504.0,1939.0,556.0,1998.0,133,1,0,1,Pedestrian
2,504.0,1939.0,556.0,1998.0,134,1,0,1,Pedestrian
2,504.0,1939.0,556.0,1998.0,135,1,0,1,Pedestrian
2,504.0,1939.0,556.0,1998.0,136,1,0,1,Pedestrian
2,504.0,1939.0,556.0,1998.0,137,1,0,1,Pedestrian
2,504.0,1939.0,556.0,1998.0,138,1,0,1,Pedestrian
2,504.0,1939.0,556.0,1998.0,139,1,0,1,Pedestrian
2,504.0,1939.0,556.0,1998.0,140,1,0,1,Pedestrian
2,504.0,1939.0,556.0,1998.0,141,1,0,1,Pedestrian
2,504.0,1939.0,556.0,1998.0,142,1,0,1,Pedestrian
2,504.0,1939.0,556.0,1998.0,143,1,0,1,Pedestrian
2,504.0,1939.0,556.0,1998.0,144,1,0,1,Pedestrian
2,504.0,1939.0,556.0,1998.0,145,1,0,1,Pedestrian
2,504.0,1939.0,556.0,1998.0,146,1,0,1,Pedestrian
2,504.0,1939.0,556.0,1998.0,147,1,0,1,Pedestrian
2,504.0,1939.0,556.0,1998.0,148,1,0,1,Pedestrian
2,504.0,1939.0,556.0,1998.0,149,1,0,1,Pedestrian
2,504.0,1939.0,556.0,1998.0,150,1,0,1,Pedestrian
2,504.0,1939.0,556.0,1998.0,151,1,0,1,Pedestrian
2,504.0,1939.0,556.0,1998.0,152,1,0,1,Pedestrian
2,504.0,1939.0,556.0,1998.0,153,1,0,1,Pedestrian
2,504.0,1939.0,556.0,1998.0,154,1,0,1,Pedestrian
2,504.0,1939.0,556.0,1998.0,155,1,0,1,Pedestrian
2,504.0,1939.0,556.0,1998.0,156,1,0,1,Pedestrian
2,504.0,1939.0,556.0,1998.0,157,1,0,1,Pedestrian
2,504.0,1939.0,556.0,1998.0,158,1,0,1,Pedestrian
2,504.0,1939.0,556.0,1998.0,159,1,0,1,Pedestrian
2,504.0,1939.0,556.0,1998.0,160,1,0,1,Pedestrian
2,504.0,1939.0,556.0,1998.0,161,1,0,1,Pedestrian
2,504.0,1939.0,556.0,1998.0,162,1,0,1,Pedestrian
2,504.0,1939.0,556.0,1998.0,163,1,0,1,Pedestrian
2,504.0,1939.0,556.0,1998.0,164,1,0,1,Pedestrian
2,504.0,1939.0,556.0,1998.0,165,1,0,1,Pedestrian
2,504.0,1939.0,556.0,1998.0,166,1,0,1,Pedestrian
2,504.0,1939.0,556.0,1998.0,167,1,0,1,Pedestrian
2,504.0,1939.0,556.0,1998.0,168,1,0,1,Pedestrian
2,504.0,1939.0,556.0,1998.0,169,1,0,1,Pedestrian
2,504.0,1939.0,556.0,1998.0,170,1,0,1,Pedestrian
2,504.0,1939.0,556.0,1998.0,171,1,0,1,Pedestrian
2,504.0,1939.0,556.0,1998.0,172,1,0,1,Pedestrian
2,504.0,1939.0,556.0,1998.0,173,1,0,1,Pedestrian
2,504.0,1939.0,556.0,1998.0,174,1,0,1,Pedestrian
2,504.0,1939.0,556.0,1998.0,175,1,0,1,Pedestrian
2,504.0,1939.0,556.0,1998.0,176,1,0,1,Pedestrian
2,504.0,1939.0,556.0,1998.0,177,1,0,1,Pedestrian
2,504.0,1939.0,556.0,1998.0,178,1,0,1,Pedestrian
2,504.0,1939.0,556.0,1998.0,179,1,0,1,Pedestrian
2,504.0,1939.0,556.0,1998.0,180,1,0,1,Pedestrian
2,504.0,1939.0,556.0,1998.0,181,1,0,1,Pedestrian
2,504.0,1939.0,556.0,1998.0,182,1,0,1,Pedestrian
2,504.0,1939.0,556.0,1998.0,183,1,0,1,Pedestrian
2,504.0,1939.0,556.0,1998.0,184,1,0,1,Pedestrian
2,504.0,1939.0,556.0,1998.0,185,1,0,1,Pedestrian
2,504.0,1939.0,556.0,1998.0,186,1,0,1,Pedestrian
2,504.0,1939.0,556.0,1998.0,187,1,0,1,Pedestrian
2,504.0,1939.0,556.0,1998.0,188,1,0,1,Pedestrian
2,504.0,1939.0,556.0,1998.0,189,1,0,1,Pedestrian
2,504.0,1939.0,556.0,1998.0,190,1,0,1,Pedestrian
2,504.0,1939.0,556.0,1998.0,191,1,0,1,Pedestrian
2,504.0,1939.0,556.0,1998.0,192,1,0,1,Pedestrian
2,504.0,1939.0,556.0,1998.0,193,1,0,1,Pedestrian
2,504.0,1939.0,556.0,1998.0,194,1,0,1,Pedestrian
2,504.0,1939.0,556.0,1998.0,195,1,0,1,Pedestrian
2,504.0,1939.0,556.0,1998.0,196,1,0,1,Pedestrian
2,504.0,1939.0,556.0,1998.0,197,1,0,1,Pedestrian
2,504.0,1939.0,556.0,1998.0,198,1,0,1,Pedestrian
2,504.0,1939.0,556.0,1998.0,199,1,0,1,Pedestrian
2,504.0,1939.0,556.0,1998.0,200,1,0,1,Pedestrian
2,504.0,1939.0,556.0,1998.0,201,1,0,1,Pedestrian
2,504.0,1939.0,556.0,1998.0,202,1,0,1,Pedestrian
2,504.0,1939.0,556.0,1998.0,203,1,0,1,Pedestrian
2,504.0,1939.0,556.0,1998.0,204,1,0,1,Pedestrian
2,504.0,1939.0,556.0,1998.0,205,1,0,1,Pedestrian
2,504.0,1939.0,556.0,1998.0,206,1,0,1,Pedestrian
2,504.0,1939.0,556.0,1998.0,207,1,0,1,Pedestrian
2,504.0,1939.0,556.0,1998.0,208,1,0,1,Pedestrian
2,504.0,1939.0,556.0,1998.0,209,1,0,1,Pedestrian
2,504.0,1939.0,556.0,1998.0,210,1,0,1,Pedestrian
2,504.0,1939.0,556.0,1998.0,211,1,0,1,Pedestrian
2,504.0,1939.0,556.0,1998.0,212,1,0,1,Pedestrian
2,504.0,1939.0,556.0,1998.0,213,1,0,1,Pedestrian
2,504.0,1939.0,556.0,1998.0,214,1,0,1,Pedestrian
2,504.0,1939.0,556.0,1998.0,215,1,0,1,Pedestrian
2,504.0,1939.0,556.0,1998.0,216,1,0,1,Pedestrian
2,504.0,1939.0,556.0,1998.0,217,1,0,1,Pedestrian
2,504.0,1939.0,556.0,1998.0,218,1,0,1,Pedestrian
2,504.0,1939.0,556.0,1998.0,219,1,0,1,Pedestrian
2,504.0,1939.0,556.0,1998.0,220,1,0,1,Pedestrian
2,504.0,1939.0,556.0,1998.0,221,1,0,1,Pedestrian
2,504.0,1939.0,556.0,1998.0,222,1,0,1,Pedestrian
2,504.0,1939.0,556.0,1998.0,223,1,0,1,Pedestrian
2,504.0,1939.0,556.0,1998.0,224,1,0,1,Pedestrian
2,504.0,1939.0,556.0,1998.0,225,1,0,1,Pedestrian
2,504.0,1939.0,556.0,1998.0,226,1,0,1,Pedestrian
2,504.0,1939.0,556.0,1998.0,227,1,0,1,Pedestrian
2,504.0,1939.0,556.0,1998.0,228,1,0,1,Pedestrian
2,504.0,1939.0,556.0,1998.0,229,1,0,1,Pedestrian
2,504.0,1939.0,556.0,1998.0,230,1,0,1,Pedestrian
2,504.0,1939.0,556.0,1998.0,231,1,0,1,Pedestrian
2,504.0,1939.0,556.0,1998.0,232,1,0,1,Pedestrian
2,504.0,1939.0,556.0,1998.0,233,1,0,1,Pedestrian
2,504.0,1939.0,556.0,1998.0,234,1,0,1,Pedestrian
2,504.0,1939.0,556.0,1998.0,235,1,0,1,Pedestrian
2,504.0,1939.0,556.0,1998.0,236,1,0,1,Pedestrian
2,504.0,1939.0,556.0,1998.0,237,1,0,1,Pedestrian
2,504.0,1939.0,556.0,1998.0,238,1,0,1,Pedestrian
2,504.0,1939.0,556.0,1998.0,239,1,0,1,Pedestrian
2,504.0,1939.0,556.0,1998.0,240,1,0,1,Pedestrian
2,504.0,1939.0,556.0,1998.0,241,1,0,1,Pedestrian
2,504.0,1939.0,556.0,1998.0,242,1,0,1,Pedestrian
2,504.0,1939.0,556.0,1998.0,243,1,0,1,Pedestrian
2,504.0,1939.0,556.0,1998.0,244,1,0,1,Pedestrian
2,504.0,1939.0,556.0,1998.0,245,1,0,1,Pedestrian
2,504.0,1939.0,556.0,1998.0,246,1,0,1,Pedestrian
2,504.0,1939.0,556.0,1998.0,247,1,0,1,Pedestrian
2,504.0,1939.0,556.0,1998.0,248,1,0,1,Pedestrian
2,504.0,1939.0,556.0,1998.0,249,1,0,1,Pedestrian
2,504.0,1939.0,556.0,1998.0,250,1,0,1,Pedestrian
2,504.0,1939.0,556.0,1998.0,251,1,0,1,Pedestrian
2,504.0,1939.0,556.0,1998.0,252,1,0,1,Pedestrian
2,504.0,1939.0,556.0,1998.0,253,1,0,1,Pedestrian
2,504.0,1939.0,556.0,1998.0,254,1,0,1,Pedestrian
2,504.0,1939.0,556.0,1998.0,255,1,0,1,Pedestrian
2,504.0,1939.0,556.0,1998.0,256,1,0,1,Pedestrian
2,504.0,1939.0,556.0,1998.0,257,1,0,1,Pedestrian
2,504.0,1939.0,556.0,1998.0,258,1,0,1,Pedestrian
2,504.0,1939.0,556.0,1998.0,259,1,0,1,Pedestrian
2,504.0,1939.0,556.0,1998.0,260,1,0,1,Pedestrian
2,504.0,1939.0,556.0,1998.0,261,1,0,1,Pedestrian
2,504.0,1939.0,556.0,1998.0,262,1,0,1,Pedestrian
2,504.0,1939.0,556.0,1998.0,263,1,0,1,Pedestrian
2,504.0,1939.0,556.0,1998.0,264,1,0,1,Pedestrian
2,504.0,1939.0,556.0,1998.0,265,1,0,1,Pedestrian
2,504.0,1939.0,556.0,1998.0,266,1,0,1,Pedestrian
2,504.0,1939.0,556.0,1998.0,267,1,0,1,Pedestrian
2,504.0,1939.0,556.0,1998.0,268,1,0,1,Pedestrian
2,504.0,1939.0,556.0,1998.0,269,1,0,1,Pedestrian
2,504.0,1939.0,556.0,1998.0,270,1,0,1,Pedestrian
2,504.0,1939.0,556.0,1998.0,271,1,0,1,Pedestrian
2,504.0,1939.0,556.0,1998.0,272,1,0,1,Pedestrian
2,504.0,1939.0,556.0,1998.0,273,1,0,1,Pedestrian
2,504.0,1939.0,556.0,1998.0,274,1,0,1,Pedestrian
2,504.0,1939.0,556.0,1998.0,275,1,0,1,Pedestrian
2,504.0,1939.0,556.0,1998.0,276,1,0,1,Pedestrian
2,504.0,1939.0,556.0,1998.0,277,1,0,1,Pedestrian
2,504.0,1939.0,556.0,1998.0,278,1,0,1,Pedestrian
2,504.0,1939.0,556.0,1998.0,279,1,0,1,Pedestrian
2,504.0,1939.0,556.0,1998.0,280,1,0,1,Pedestrian
2,504.0,1939.0,556.0,1998.0,281,1,0,1,Pedestrian
2,504.0,1939.0,556.0,1998.0,282,1,0,1,Pedestrian
2,504.0,1939.0,556.0,1998.0,283,1,0,1,Pedestrian
2,504.0,1939.0,556.0,1998.0,284,1,0,1,Pedestrian
2,504.0,1939.0,556.0,1998.0,285,1,0,1,Pedestrian
2,504.0,1939.0,556.0,1998.0,286,1,0,1,Pedestrian
2,504.0,1939.0,556.0,1998.0,287,1,0,1,Pedestrian
2,504.0,1939.0,556.0,1998.0,288,1,0,1,Pedestrian
2,504.0,1939.0,556.0,1998.0,289,1,0,1,Pedestrian
2,504.0,1939.0,556.0,1998.0,290,1,0,1,Pedestrian
2,504.0,1939.0,556.0,1998.0,291,1,0,1,Pedestrian
2,504.0,1939.0,556.0,1998.0,292,1,0,1,Pedestrian
2,504.0,1939.0,556.0,1998.0,293,1,0,1,Pedestrian
2,504.0,1939.0,556.0,1998.0,294,1,0,1,Pedestrian
2,504.0,1939.0,556.0,1998.0,295,1,0,1,Pedestrian
2,504.0,1939.0,556.0,1998.0,296,1,0,1,Pedestrian
2,504.0,1939.0,556.0,1998.0,297,1,0,1,Pedestrian
2,504.0,1939.0,556.0,1998.0,298,1,0,1,Pedestrian
2,504.0,1939.0,556.0,1998.0,299,1,0,1,Pedestrian
2,504.0,1939.0,556.0,1998.0,300,1,0,1,Pedestrian
2,504.0,1939.0,556.0,1998.0,301,1,0,1,Pedestrian
2,504.0,1939.0,556.0,1998.0,302,1,0,1,Pedestrian
2,504.0,1939.0,556.0,1998.0,303,1,0,1,Pedestrian
2,504.0,1939.0,556.0,1998.0,304,1,0,1,Pedestrian
2,504.0,1939.0,556.0,1998.0,305,1,0,1,Pedestrian
2,504.0,1939.0,556.0,1998.0,306,1,0,1,Pedestrian
2,504.0,1939.0,556.0,1998.0,307,1,0,1,Pedestrian
2,504.0,1939.0,556.0,1998.0,308,1,0,1,Pedestrian
2,504.0,1939.0,556.0,1998.0,309,1,0,1,Pedestrian
2,504.0,1939.0,556.0,1998.0,310,1,0,1,Pedestrian
2,504.0,1939.0,556.0,1998.0,311,1,0,1,Pedestrian
2,504.0,1939.0,556.0,1998.0,312,1,0,1,Pedestrian
2,504.0,1939.0,556.0,1998.0,313,1,0,1,Pedestrian
2,504.0,1939.0,556.0,1998.0,314,1,0,1,Pedestrian
2,504.0,1939.0,556.0,1998.0,315,1,0,1,Pedestrian
2,504.0,1939.0,556.0,1998.0,316,1,0,1,Pedestrian
2,504.0,1939.0,556.0,1998.0,317,1,0,1,Pedestrian
2,504.0,1939.0,556.0,1998.0,318,1,0,1,Pedestrian
2,504.0,1939.0,556.0,1998.0,319,1,0,1,Pedestrian
2,504.0,1939.0,556.0,1998.0,320,1,0,1,Pedestrian
2,504.0,1939.0,556.0,1998.0,321,1,0,1,Pedestrian
2,504.0,1939.0,556.0,1998.0,322,1,0,1,Pedestrian
2,504.0,1939.0,556.0,1998.0,323,1,0,1,Pedestrian
2,504.0,1939.0,556.0,1998.0,324,1,0,1,Pedestrian
2,504.0,1939.0,556.0,1998.0,325,1,0,1,Pedestrian
2,504.0,1939.0,556.0,1998.0,326,1,0,1,Pedestrian
2,504.0,1939.0,556.0,1998.0,327,1,0,1,Pedestrian
2,504.0,1939.0,556.0,1998.0,328,1,0,1,Pedestrian
2,504.0,1939.0,556.0,1998.0,329,1,0,1,Pedestrian
2,504.0,1939.0,556.0,1998.0,330,1,0,1,Pedestrian
2,504.0,1939.0,556.0,1998.0,331,1,0,1,Pedestrian
2,504.0,1939.0,556.0,1998.0,332,1,0,1,Pedestrian
2,504.0,1939.0,556.0,1998.0,333,1,0,1,Pedestrian
2,504.0,1939.0,556.0,1998.0,334,1,0,1,Pedestrian
2,504.0,1939.0,556.0,1998.0,335,1,0,1,Pedestrian
2,504.0,1939.0,556.0,1998.0,336,1,0,1,Pedestrian
2,504.0,1939.0,556.0,1998.0,337,1,0,1,Pedestrian
2,504.0,1939.0,556.0,1998.0,338,0,0,0,Pedestrian
2,504.0,1935.0,556.0,1994.0,339,0,0,1,Pedestrian
2,504.0,1935.0,556.0,1994.0,340,0,0,1,Pedestrian
2,504.0,1935.0,556.0,1994.0,341,0,0,1,Pedestrian
2,504.0,1931.0,556.0,1990.0,342,0,0,1,Pedestrian
2,504.0,1931.0,556.0,1990.0,343,0,0,1,Pedestrian
2,504.0,1931.0,556.0,1990.0,344,0,0,1,Pedestrian
2,504.0,1927.0,556.0,1985.0,345,0,0,1,Pedestrian
2,504.0,1927.0,556.0,1985.0,346,0,0,1,Pedestrian
2,506.0,1927.0,558.0,1985.0,347,0,0,1,Pedestrian
2,506.0,1923.0,558.0,1981.0,348,0,0,1,Pedestrian
2,506.0,1923.0,558.0,1981.0,349,0,0,1,Pedestrian
2,506.0,1923.0,558.0,1981.0,350,0,0,1,Pedestrian
2,506.0,1918.0,558.0,1977.0,351,0,0,1,Pedestrian
2,506.0,1918.0,558.0,1977.0,352,0,0,1,Pedestrian
2,506.0,1918.0,558.0,1977.0,353,0,0,1,Pedestrian
2,506.0,1914.0,558.0,1973.0,354,0,0,1,Pedestrian
2,506.0,1914.0,558.0,1973.0,355,0,0,1,Pedestrian
2,508.0,1914.0,559.0,1973.0,356,0,0,1,Pedestrian
2,508.0,1910.0,559.0,1969.0,357,0,0,1,Pedestrian
2,508.0,1910.0,559.0,1969.0,358,0,0,1,Pedestrian
2,508.0,1910.0,559.0,1969.0,359,0,0,1,Pedestrian
2,508.0,1906.0,559.0,1964.0,360,0,0,1,Pedestrian
2,508.0,1906.0,559.0,1964.0,361,0,0,1,Pedestrian
2,508.0,1906.0,559.0,1964.0,362,0,0,1,Pedestrian
2,508.0,1902.0,559.0,1960.0,363,0,0,1,Pedestrian
2,510.0,1902.0,561.0,1960.0,364,0,0,1,Pedestrian
2,510.0,1902.0,561.0,1960.0,365,0,0,1,Pedestrian
2,510.0,1897.0,561.0,1956.0,366,0,0,1,Pedestrian
2,510.0,1897.0,561.0,1956.0,367,0,0,1,Pedestrian
2,510.0,1897.0,561.0,1956.0,368,0,0,1,Pedestrian
2,510.0,1893.0,561.0,1952.0,369,0,0,1,Pedestrian
2,510.0,1893.0,561.0,1952.0,370,0,0,1,Pedestrian
2,510.0,1893.0,561.0,1952.0,371,0,0,1,Pedestrian
2,510.0,1889.0,561.0,1948.0,372,0,0,1,Pedestrian
2,511.0,1889.0,563.0,1948.0,373,0,0,1,Pedestrian
2,511.0,1889.0,563.0,1948.0,374,0,0,1,Pedestrian
2,511.0,1885.0,563.0,1943.0,375,0,0,1,Pedestrian
2,511.0,1885.0,563.0,1943.0,376,0,0,1,Pedestrian
2,511.0,1885.0,563.0,1943.0,377,0,0,1,Pedestrian
2,511.0,1881.0,563.0,1939.0,378,0,0,1,Pedestrian
2,511.0,1881.0,563.0,1939.0,379,0,0,1,Pedestrian
2,511.0,1881.0,563.0,1939.0,380,0,0,1,Pedestrian
2,513.0,1876.0,565.0,1935.0,381,0,0,1,Pedestrian
2,513.0,1876.0,565.0,1935.0,382,0,0,1,Pedestrian
2,513.0,1876.0,565.0,1935.0,383,0,0,1,Pedestrian
2,513.0,1872.0,565.0,1931.0,384,0,0,1,Pedestrian
2,513.0,1872.0,565.0,1931.0,385,0,0,1,Pedestrian
2,513.0,1872.0,565.0,1931.0,386,0,0,1,Pedestrian
2,513.0,1868.0,565.0,1927.0,387,0,0,1,Pedestrian
2,513.0,1868.0,565.0,1927.0,388,0,0,1,Pedestrian
2,513.0,1868.0,565.0,1927.0,389,0,0,1,Pedestrian
2,515.0,1864.0,567.0,1923.0,390,0,0,1,Pedestrian
2,515.0,1864.0,567.0,1923.0,391,0,0,1,Pedestrian
2,515.0,1864.0,567.0,1923.0,392,0,0,1,Pedestrian
2,515.0,1860.0,567.0,1918.0,393,0,0,1,Pedestrian
2,515.0,1860.0,567.0,1918.0,394,0,0,1,Pedestrian
2,515.0,1860.0,567.0,1918.0,395,0,0,1,Pedestrian
2,515.0,1855.0,567.0,1914.0,396,0,0,1,Pedestrian
2,515.0,1855.0,567.0,1914.0,397,0,0,1,Pedestrian
2,517.0,1855.0,569.0,1914.0,398,0,0,1,Pedestrian
2,517.0,1851.0,569.0,1910.0,399,0,0,1,Pedestrian
2,517.0,1851.0,569.0,1910.0,400,0,0,1,Pedestrian
2,517.0,1851.0,569.0,1910.0,401,0,0,1,Pedestrian
2,517.0,1847.0,569.0,1906.0,402,0,0,1,Pedestrian
2,517.0,1847.0,569.0,1906.0,403,0,0,1,Pedestrian
2,517.0,1847.0,569.0,1906.0,404,0,0,1,Pedestrian
2,517.0,1843.0,569.0,1902.0,405,0,0,1,Pedestrian
2,517.0,1843.0,569.0,1902.0,406,0,0,1,Pedestrian
2,519.0,1843.0,570.0,1902.0,407,0,0,1,Pedestrian
2,519.0,1839.0,570.0,1897.0,408,0,0,1,Pedestrian
2,519.0,1839.0,570.0,1897.0,409,0,0,1,Pedestrian
2,519.0,1839.0,570.0,1897.0,410,0,0,1,Pedestrian
2,519.0,1835.0,570.0,1893.0,411,0,0,1,Pedestrian
2,519.0,1835.0,570.0,1893.0,412,0,0,1,Pedestrian
2,519.0,1835.0,570.0,1893.0,413,0,0,1,Pedestrian
2,519.0,1830.0,570.0,1889.0,414,0,0,1,Pedestrian
2,521.0,1830.0,572.0,1889.0,415,0,0,1,Pedestrian
2,521.0,1830.0,572.0,1889.0,416,0,0,1,Pedestrian
2,521.0,1826.0,572.0,1885.0,417,0,0,1,Pedestrian
2,521.0,1826.0,572.0,1885.0,418,0,0,1,Pedestrian
2,521.0,1826.0,572.0,1885.0,419,0,0,1,Pedestrian
2,521.0,1822.0,572.0,1881.0,420,0,0,1,Pedestrian
2,521.0,1822.0,572.0,1881.0,421,0,0,1,Pedestrian
2,521.0,1822.0,572.0,1881.0,422,0,0,1,Pedestrian
2,521.0,1818.0,572.0,1876.0,423,0,0,1,Pedestrian
2,523.0,1818.0,574.0,1876.0,424,0,0,1,Pedestrian
2,523.0,1818.0,574.0,1876.0,425,0,0,1,Pedestrian
2,523.0,1814.0,574.0,1872.0,426,0,0,1,Pedestrian
2,523.0,1814.0,574.0,1872.0,427,0,0,1,Pedestrian
2,523.0,1814.0,574.0,1872.0,428,0,0,1,Pedestrian
2,523.0,1809.0,574.0,1868.0,429,0,0,1,Pedestrian
2,523.0,1809.0,574.0,1868.0,430,0,0,1,Pedestrian
2,523.0,1809.0,574.0,1868.0,431,0,0,1,Pedestrian
2,524.0,1805.0,576.0,1864.0,432,0,0,1,Pedestrian
2,524.0,1805.0,576.0,1864.0,433,0,0,1,Pedestrian
2,524.0,1805.0,576.0,1864.0,434,0,0,1,Pedestrian
2,524.0,1801.0,576.0,1860.0,435,0,0,1,Pedestrian
2,524.0,1801.0,576.0,1860.0,436,0,0,1,Pedestrian
2,524.0,1801.0,576.0,1860.0,437,0,0,1,Pedestrian
2,524.0,1797.0,576.0,1855.0,438,0,0,1,Pedestrian
2,524.0,1797.0,576.0,1855.0,439,0,0,1,Pedestrian
2,524.0,1797.0,576.0,1855.0,440,0,0,1,Pedestrian
2,526.0,1793.0,578.0,1851.0,441,0,0,1,Pedestrian
2,526.0,1793.0,578.0,1851.0,442,0,0,1,Pedestrian
2,526.0,1793.0,578.0,1851.0,443,0,0,1,Pedestrian
2,526.0,1788.0,578.0,1847.0,444,0,0,1,Pedestrian
2,526.0,1788.0,578.0,1847.0,445,0,0,1,Pedestrian
2,526.0,1788.0,578.0,1847.0,446,0,0,1,Pedestrian
2,526.0,1784.0,578.0,1843.0,447,0,0,1,Pedestrian
2,526.0,1784.0,578.0,1843.0,448,0,0,1,Pedestrian
2,528.0,1784.0,580.0,1843.0,449,0,0,1,Pedestrian
2,528.0,1780.0,580.0,1839.0,450,0,0,1,Pedestrian
2,528.0,1780.0,580.0,1839.0,451,0,0,1,Pedestrian
2,528.0,1780.0,580.0,1839.0,452,0,0,1,Pedestrian
2,528.0,1776.0,580.0,1835.0,453,0,0,1,Pedestrian
2,528.0,1776.0,580.0,1835.0,454,0,0,1,Pedestrian
2,528.0,1776.0,580.0,1835.0,455,0,0,1,Pedestrian
2,528.0,1772.0,580.0,1830.0,456,0,0,1,Pedestrian
2,528.0,1772.0,580.0,1830.0,457,0,0,1,Pedestrian
2,530.0,1772.0,581.0,1830.0,458,0,0,1,Pedestrian
2,530.0,1768.0,581.0,1826.0,459,0,0,1,Pedestrian
2,530.0,1768.0,581.0,1826.0,460,0,0,1,Pedestrian
2,530.0,1768.0,581.0,1826.0,461,0,0,1,Pedestrian
2,530.0,1763.0,581.0,1822.0,462,0,0,1,Pedestrian
2,530.0,1763.0,581.0,1822.0,463,0,0,1,Pedestrian
2,530.0,1763.0,581.0,1822.0,464,0,0,1,Pedestrian
2,530.0,1759.0,581.0,1818.0,465,0,0,1,Pedestrian
2,532.0,1759.0,583.0,1818.0,466,0,0,1,Pedestrian
2,532.0,1759.0,583.0,1818.0,467,0,0,1,Pedestrian
2,532.0,1755.0,583.0,1814.0,468,0,0,1,Pedestrian
2,532.0,1755.0,583.0,1814.0,469,0,0,1,Pedestrian
2,532.0,1755.0,583.0,1814.0,470,0,0,1,Pedestrian
2,532.0,1751.0,583.0,1809.0,471,0,0,1,Pedestrian
2,532.0,1751.0,583.0,1809.0,472,0,0,1,Pedestrian
2,532.0,1751.0,583.0,1809.0,473,0,0,1,Pedestrian
2,532.0,1747.0,583.0,1805.0,474,0,0,1,Pedestrian
2,534.0,1747.0,585.0,1805.0,475,0,0,1,Pedestrian
2,534.0,1747.0,585.0,1805.0,476,0,0,1,Pedestrian
2,534.0,1742.0,585.0,1801.0,477,0,0,1,Pedestrian
2,534.0,1742.0,585.0,1801.0,478,0,0,1,Pedestrian
2,534.0,1742.0,585.0,1801.0,479,0,0,1,Pedestrian
2,534.0,1738.0,585.0,1797.0,480,0,0,1,Pedestrian
2,534.0,1738.0,585.0,1797.0,481,0,0,1,Pedestrian
2,534.0,1738.0,585.0,1797.0,482,0,0,1,Pedestrian
2,535.0,1734.0,587.0,1793.0,483,0,0,1,Pedestrian
2,535.0,1734.0,587.0,1793.0,484,0,0,1,Pedestrian
2,535.0,1734.0,587.0,1793.0,485,0,0,1,Pedestrian
2,535.0,1730.0,587.0,1788.0,486,0,0,1,Pedestrian
2,535.0,1730.0,587.0,1788.0,487,0,0,1,Pedestrian
2,535.0,1730.0,587.0,1788.0,488,0,0,1,Pedestrian
2,535.0,1726.0,587.0,1784.0,489,0,0,1,Pedestrian
2,535.0,1726.0,587.0,1784.0,490,0,0,1,Pedestrian
2,535.0,1726.0,587.0,1784.0,491,0,0,1,Pedestrian
2,537.0,1721.0,589.0,1780.0,492,0,0,1,Pedestrian
2,537.0,1721.0,589.0,1780.0,493,0,0,1,Pedestrian
2,537.0,1721.0,589.0,1780.0,494,0,0,1,Pedestrian
2,537.0,1717.0,589.0,1776.0,495,0,0,1,Pedestrian
2,537.0,1717.0,589.0,1776.0,496,0,0,1,Pedestrian
2,537.0,1717.0,589.0,1776.0,497,0,0,1,Pedestrian
2,537.0,1713.0,589.0,1772.0,498,0,0,1,Pedestrian
2,537.0,1713.0,589.0,1772.0,499,0,0,1,Pedestrian
2,539.0,1713.0,591.0,1772.0,500,0,0,0,Pedestrian
2,539.0,1709.0,591.0,1768.0,501,0,0,1,Pedestrian
2,539.0,1709.0,591.0,1768.0,502,0,0,1,Pedestrian
2,539.0,1705.0,591.0,1768.0,503,0,0,1,Pedestrian
2,539.0,1705.0,591.0,1768.0,504,0,0,1,Pedestrian
2,539.0,1705.0,591.0,1768.0,505,0,0,1,Pedestrian
2,539.0,1700.0,591.0,1768.0,506,0,0,1,Pedestrian
2,539.0,1700.0,591.0,1768.0,507,0,0,1,Pedestrian
2,539.0,1700.0,591.0,1763.0,508,0,0,1,Pedestrian
2,539.0,1696.0,591.0,1763.0,509,0,0,1,Pedestrian
2,539.0,1696.0,591.0,1763.0,510,0,0,1,Pedestrian
2,541.0,1692.0,591.0,1763.0,511,0,0,1,Pedestrian
2,541.0,1692.0,591.0,1763.0,512,0,0,1,Pedestrian
2,541.0,1692.0,591.0,1763.0,513,0,0,1,Pedestrian
2,541.0,1688.0,591.0,1763.0,514,0,0,1,Pedestrian
2,541.0,1688.0,591.0,1759.0,515,0,0,1,Pedestrian
2,541.0,1688.0,591.0,1759.0,516,0,0,1,Pedestrian
2,541.0,1684.0,591.0,1759.0,517,0,0,1,Pedestrian
2,541.0,1684.0,591.0,1759.0,518,0,0,1,Pedestrian
2,541.0,1680.0,591.0,1759.0,519,0,0,1,Pedestrian
2,541.0,1680.0,591.0,1759.0,520,0,0,1,Pedestrian
2,541.0,1680.0,591.0,1759.0,521,0,0,1,Pedestrian
2,543.0,1675.0,591.0,1755.0,522,0,0,1,Pedestrian
2,543.0,1675.0,591.0,1755.0,523,0,0,1,Pedestrian
2,543.0,1675.0,591.0,1755.0,524,0,0,1,Pedestrian
2,543.0,1671.0,591.0,1755.0,525,0,0,1,Pedestrian
2,543.0,1671.0,591.0,1755.0,526,0,0,1,Pedestrian
2,543.0,1671.0,591.0,1755.0,527,0,0,1,Pedestrian
2,543.0,1667.0,591.0,1755.0,528,0,0,1,Pedestrian
2,543.0,1667.0,591.0,1751.0,529,0,0,1,Pedestrian
2,543.0,1663.0,591.0,1751.0,530,0,0,1,Pedestrian
2,543.0,1663.0,591.0,1751.0,531,0,0,1,Pedestrian
2,543.0,1663.0,591.0,1751.0,532,0,0,1,Pedestrian
2,545.0,1659.0,591.0,1751.0,533,0,0,1,Pedestrian
2,545.0,1659.0,591.0,1751.0,534,0,0,1,Pedestrian
2,545.0,1659.0,591.0,1751.0,535,0,0,1,Pedestrian
2,545.0,1654.0,591.0,1751.0,536,0,0,1,Pedestrian
2,545.0,1654.0,591.0,1747.0,537,0,0,1,Pedestrian
2,545.0,1650.0,591.0,1747.0,538,0,0,1,Pedestrian
2,545.0,1650.0,591.0,1747.0,539,0,0,1,Pedestrian
2,545.0,1650.0,591.0,1747.0,540,0,0,1,Pedestrian
2,545.0,1646.0,591.0,1747.0,541,0,0,1,Pedestrian
2,545.0,1646.0,591.0,1747.0,542,0,0,1,Pedestrian
2,545.0,1646.0,591.0,1747.0,543,0,0,1,Pedestrian
2,546.0,1642.0,591.0,1742.0,544,0,0,1,Pedestrian
2,546.0,1642.0,591.0,1742.0,545,0,0,1,Pedestrian
2,546.0,1642.0,591.0,1742.0,546,0,0,1,Pedestrian
2,546.0,1638.0,591.0,1742.0,547,0,0,1,Pedestrian
2,546.0,1638.0,591.0,1742.0,548,0,0,1,Pedestrian
2,546.0,1633.0,591.0,1742.0,549,0,0,1,Pedestrian
2,546.0,1633.0,591.0,1742.0,550,0,0,1,Pedestrian
2,546.0,1633.0,591.0,1738.0,551,0,0,1,Pedestrian
2,546.0,1629.0,591.0,1738.0,552,0,0,1,Pedestrian
2,546.0,1629.0,591.0,1738.0,553,0,0,1,Pedestrian
2,546.0,1629.0,591.0,1738.0,554,0,0,1,Pedestrian
2,548.0,1625.0,591.0,1738.0,555,0,0,1,Pedestrian
2,548.0,1625.0,591.0,1738.0,556,0,0,1,Pedestrian
2,548.0,1621.0,591.0,1738.0,557,0,0,1,Pedestrian
2,548.0,1621.0,591.0,1734.0,558,0,0,1,Pedestrian
2,548.0,1621.0,591.0,1734.0,559,0,0,1,Pedestrian
2,548.0,1617.0,591.0,1734.0,560,0,0,1,Pedestrian
2,548.0,1617.0,591.0,1734.0,561,0,0,1,Pedestrian
2,548.0,1617.0,591.0,1734.0,562,0,0,1,Pedestrian
2,548.0,1612.0,591.0,1734.0,563,0,0,1,Pedestrian
2,548.0,1612.0,591.0,1734.0,564,0,0,1,Pedestrian
2,550.0,1612.0,591.0,1734.0,565,0,0,0,Pedestrian
2,550.0,1608.0,591.0,1730.0,566,0,0,1,Pedestrian
2,550.0,1608.0,591.0,1730.0,567,0,0,1,Pedestrian
2,550.0,1604.0,591.0,1726.0,568,0,0,1,Pedestrian
2,550.0,1604.0,591.0,1726.0,569,0,0,1,Pedestrian
2,550.0,1600.0,591.0,1721.0,570,0,0,1,Pedestrian
2,550.0,1600.0,591.0,1721.0,571,0,0,1,Pedestrian
2,550.0,1600.0,591.0,1721.0,572,0,0,1,Pedestrian
2,550.0,1596.0,591.0,1717.0,573,0,0,1,Pedestrian
2,550.0,1596.0,591.0,1717.0,574,0,0,1,Pedestrian
2,550.0,1592.0,591.0,1713.0,575,0,0,1,Pedestrian
2,550.0,1592.0,591.0,1713.0,576,0,0,1,Pedestrian
2,550.0,1587.0,591.0,1709.0,577,0,0,1,Pedestrian
2,550.0,1587.0,591.0,1709.0,578,0,0,1,Pedestrian
2,550.0,1587.0,591.0,1709.0,579,0,0,1,Pedestrian
2,550.0,1583.0,591.0,1705.0,580,0,0,1,Pedestrian
2,550.0,1583.0,591.0,1705.0,581,0,0,1,Pedestrian
2,550.0,1579.0,591.0,1700.0,582,0,0,1,Pedestrian
2,550.0,1579.0,591.0,1700.0,583,0,0,1,Pedestrian
2,550.0,1575.0,591.0,1696.0,584,0,0,1,Pedestrian
2,550.0,1575.0,591.0,1696.0,585,0,0,1,Pedestrian
2,550.0,1575.0,591.0,1696.0,586,0,0,1,Pedestrian
2,550.0,1571.0,591.0,1692.0,587,0,0,1,Pedestrian
2,550.0,1571.0,591.0,1692.0,588,0,0,1,Pedestrian
2,550.0,1566.0,591.0,1688.0,589,0,0,1,Pedestrian
2,550.0,1566.0,591.0,1688.0,590,0,0,1,Pedestrian
2,550.0,1562.0,591.0,1684.0,591,0,0,1,Pedestrian
2,550.0,1562.0,591.0,1684.0,592,0,0,1,Pedestrian
2,550.0,1562.0,591.0,1684.0,593,0,0,1,Pedestrian
2,550.0,1558.0,591.0,1680.0,594,0,0,1,Pedestrian
2,550.0,1558.0,591.0,1680.0,595,0,0,1,Pedestrian
2,550.0,1554.0,591.0,1675.0,596,0,0,1,Pedestrian
2,552.0,1554.0,593.0,1675.0,597,0,0,1,Pedestrian
2,552.0,1550.0,593.0,1671.0,598,0,0,1,Pedestrian
2,552.0,1550.0,593.0,1671.0,599,0,0,1,Pedestrian
2,552.0,1550.0,593.0,1671.0,600,0,0,1,Pedestrian
2,552.0,1545.0,593.0,1667.0,601,0,0,1,Pedestrian
2,552.0,1545.0,593.0,1667.0,602,0,0,1,Pedestrian
2,552.0,1541.0,593.0,1663.0,603,0,0,1,Pedestrian
2,552.0,1541.0,593.0,1663.0,604,0,0,1,Pedestrian
2,552.0,1537.0,593.0,1659.0,605,0,0,1,Pedestrian
2,552.0,1537.0,593.0,1659.0,606,0,0,1,Pedestrian
2,552.0,1537.0,593.0,1659.0,607,0,0,1,Pedestrian
2,552.0,1533.0,593.0,1654.0,608,0,0,1,Pedestrian
2,552.0,1533.0,593.0,1654.0,609,0,0,1,Pedestrian
2,552.0,1529.0,593.0,1650.0,610,0,0,1,Pedestrian
2,552.0,1529.0,593.0,1650.0,611,0,0,1,Pedestrian
2,552.0,1529.0,593.0,1650.0,612,0,0,1,Pedestrian
2,552.0,1525.0,593.0,1646.0,613,0,0,1,Pedestrian
2,552.0,1525.0,593.0,1646.0,614,0,0,1,Pedestrian
2,552.0,1520.0,593.0,1642.0,615,0,0,1,Pedestrian
2,552.0,1520.0,593.0,1642.0,616,0,0,1,Pedestrian
2,552.0,1516.0,593.0,1638.0,617,0,0,1,Pedestrian
2,552.0,1516.0,593.0,1638.0,618,0,0,1,Pedestrian
2,552.0,1516.0,593.0,1638.0,619,0,0,1,Pedestrian
2,552.0,1512.0,593.0,1633.0,620,0,0,1,Pedestrian
2,552.0,1512.0,593.0,1633.0,621,0,0,1,Pedestrian
2,552.0,1508.0,593.0,1629.0,622,0,0,1,Pedestrian
2,552.0,1508.0,593.0,1629.0,623,0,0,1,Pedestrian
2,552.0,1504.0,593.0,1625.0,624,0,0,1,Pedestrian
2,552.0,1504.0,593.0,1625.0,625,0,0,1,Pedestrian
2,552.0,1504.0,593.0,1625.0,626,0,0,1,Pedestrian
2,552.0,1499.0,593.0,1621.0,627,0,0,1,Pedestrian
2,554.0,1499.0,594.0,1621.0,628,0,0,1,Pedestrian
2,554.0,1495.0,594.0,1617.0,629,0,0,1,Pedestrian
2,554.0,1495.0,594.0,1617.0,630,0,0,1,Pedestrian
2,554.0,1491.0,594.0,1612.0,631,0,0,1,Pedestrian
2,554.0,1491.0,594.0,1612.0,632,0,0,1,Pedestrian
2,554.0,1491.0,594.0,1612.0,633,0,0,1,Pedestrian
2,554.0,1487.0,594.0,1608.0,634,0,0,1,Pedestrian
2,554.0,1487.0,594.0,1608.0,635,0,0,1,Pedestrian
2,554.0,1483.0,594.0,1604.0,636,0,0,1,Pedestrian
2,554.0,1483.0,594.0,1604.0,637,0,0,1,Pedestrian
2,554.0,1478.0,594.0,1600.0,638,0,0,1,Pedestrian
2,554.0,1478.0,594.0,1600.0,639,0,0,1,Pedestrian
2,554.0,1478.0,594.0,1600.0,640,0,0,1,Pedestrian
2,554.0,1474.0,594.0,1596.0,641,0,0,1,Pedestrian
2,554.0,1474.0,594.0,1596.0,642,0,0,1,Pedestrian
2,554.0,1470.0,594.0,1592.0,643,0,0,1,Pedestrian
2,554.0,1470.0,594.0,1592.0,644,0,0,1,Pedestrian
2,554.0,1466.0,594.0,1587.0,645,0,0,1,Pedestrian
2,554.0,1466.0,594.0,1587.0,646,0,0,1,Pedestrian
2,554.0,1466.0,594.0,1587.0,647,0,0,1,Pedestrian
2,554.0,1462.0,594.0,1583.0,648,0,0,1,Pedestrian
2,554.0,1462.0,594.0,1583.0,649,0,0,1,Pedestrian
2,554.0,1457.0,594.0,1579.0,650,0,0,1,Pedestrian
2,554.0,1457.0,594.0,1579.0,651,0,0,1,Pedestrian
2,554.0,1453.0,594.0,1575.0,652,0,0,1,Pedestrian
2,554.0,1453.0,594.0,1575.0,653,0,0,1,Pedestrian
2,554.0,1453.0,594.0,1575.0,654,0,0,1,Pedestrian
2,554.0,1449.0,594.0,1571.0,655,0,0,1,Pedestrian
2,554.0,1449.0,594.0,1571.0,656,0,0,1,Pedestrian
2,554.0,1445.0,594.0,1566.0,657,0,0,1,Pedestrian
2,554.0,1445.0,594.0,1566.0,658,0,0,1,Pedestrian
2,556.0,1445.0,596.0,1566.0,659,0,0,0,Pedestrian
2,556.0,1441.0,596.0,1562.0,660,0,0,1,Pedestrian
2,556.0,1441.0,596.0,1562.0,661,0,0,1,Pedestrian
2,556.0,1441.0,596.0,1562.0,662,0,0,1,Pedestrian
2,556.0,1441.0,596.0,1562.0,663,0,0,1,Pedestrian
2,556.0,1437.0,596.0,1558.0,664,0,0,1,Pedestrian
2,556.0,1437.0,596.0,1558.0,665,0,0,1,Pedestrian
2,556.0,1437.0,596.0,1558.0,666,0,0,1,Pedestrian
2,556.0,1437.0,596.0,1558.0,667,0,0,1,Pedestrian
2,556.0,1432.0,596.0,1554.0,668,0,0,1,Pedestrian
2,556.0,1432.0,596.0,1554.0,669,0,0,1,Pedestrian
2,556.0,1432.0,596.0,1554.0,670,0,0,1,Pedestrian
2,556.0,1432.0,596.0,1554.0,671,0,0,1,Pedestrian
2,556.0,1428.0,596.0,1550.0,672,0,0,1,Pedestrian
2,556.0,1428.0,596.0,1550.0,673,0,0,1,Pedestrian
2,556.0,1428.0,596.0,1550.0,674,0,0,1,Pedestrian
2,556.0,1428.0,596.0,1550.0,675,0,0,1,Pedestrian
2,556.0,1424.0,596.0,1545.0,676,0,0,1,Pedestrian
2,556.0,1424.0,596.0,1545.0,677,0,0,1,Pedestrian
2,556.0,1424.0,596.0,1545.0,678,0,0,1,Pedestrian
2,556.0,1424.0,596.0,1545.0,679,0,0,1,Pedestrian
2,558.0,1420.0,598.0,1541.0,680,0,0,1,Pedestrian
2,558.0,1420.0,598.0,1541.0,681,0,0,1,Pedestrian
2,558.0,1420.0,598.0,1541.0,682,0,0,1,Pedestrian
2,558.0,1420.0,598.0,1541.0,683,0,0,1,Pedestrian
2,558.0,1416.0,598.0,1537.0,684,0,0,1,Pedestrian
2,558.0,1416.0,598.0,1537.0,685,0,0,1,Pedestrian
2,558.0,1416.0,598.0,1537.0,686,0,0,1,Pedestrian
2,558.0,1416.0,598.0,1537.0,687,0,0,1,Pedestrian
2,558.0,1411.0,598.0,1533.0,688,0,0,1,Pedestrian
2,558.0,1411.0,598.0,1533.0,689,0,0,1,Pedestrian
2,558.0,1411.0,598.0,1533.0,690,0,0,1,Pedestrian
2,558.0,1411.0,598.0,1533.0,691,0,0,1,Pedestrian
2,558.0,1407.0,598.0,1529.0,692,0,0,1,Pedestrian
2,558.0,1407.0,598.0,1529.0,693,0,0,1,Pedestrian
2,558.0,1407.0,598.0,1529.0,694,0,0,1,Pedestrian
2,558.0,1407.0,598.0,1529.0,695,0,0,1,Pedestrian
2,558.0,1403.0,598.0,1525.0,696,0,0,1,Pedestrian
2,558.0,1403.0,598.0,1525.0,697,0,0,1,Pedestrian
2,558.0,1403.0,598.0,1525.0,698,0,0,1,Pedestrian
2,558.0,1403.0,598.0,1525.0,699,0,0,1,Pedestrian
2,559.0,1399.0,600.0,1520.0,700,0,0,1,Pedestrian
2,559.0,1399.0,600.0,1520.0,701,0,0,1,Pedestrian
2,559.0,1399.0,600.0,1520.0,702,0,0,1,Pedestrian
2,559.0,1399.0,600.0,1520.0,703,0,0,1,Pedestrian
2,559.0,1395.0,600.0,1516.0,704,0,0,1,Pedestrian
2,559.0,1395.0,600.0,1516.0,705,0,0,1,Pedestrian
2,559.0,1395.0,600.0,1516.0,706,0,0,1,Pedestrian
2,559.0,1395.0,600.0,1516.0,707,0,0,1,Pedestrian
2,559.0,1390.0,600.0,1512.0,708,0,0,1,Pedestrian
2,559.0,1390.0,600.0,1512.0,709,0,0,1,Pedestrian
2,559.0,1390.0,600.0,1512.0,710,0,0,1,Pedestrian
2,559.0,1390.0,600.0,1512.0,711,0,0,1,Pedestrian
2,559.0,1386.0,600.0,1508.0,712,0,0,1,Pedestrian
2,559.0,1386.0,600.0,1508.0,713,0,0,1,Pedestrian
2,559.0,1386.0,600.0,1508.0,714,0,0,1,Pedestrian
2,559.0,1386.0,600.0,1508.0,715,0,0,1,Pedestrian
2,559.0,1382.0,600.0,1504.0,716,0,0,1,Pedestrian
2,559.0,1382.0,600.0,1504.0,717,0,0,1,Pedestrian
2,559.0,1382.0,600.0,1504.0,718,0,0,1,Pedestrian
2,559.0,1382.0,600.0,1504.0,719,0,0,1,Pedestrian
2,561.0,1382.0,602.0,1504.0,720,0,0,0,Pedestrian
2,561.0,1378.0,602.0,1499.0,721,0,0,1,Pedestrian
2,561.0,1378.0,602.0,1499.0,722,0,0,1,Pedestrian
2,561.0,1378.0,602.0,1499.0,723,0,0,1,Pedestrian
2,561.0,1374.0,602.0,1495.0,724,0,0,1,Pedestrian
2,561.0,1374.0,602.0,1495.0,725,0,0,1,Pedestrian
2,561.0,1374.0,602.0,1495.0,726,0,0,1,Pedestrian
2,561.0,1374.0,602.0,1495.0,727,0,0,1,Pedestrian
2,561.0,1369.0,602.0,1491.0,728,0,0,1,Pedestrian
2,561.0,1369.0,602.0,1491.0,729,0,0,1,Pedestrian
2,561.0,1369.0,602.0,1491.0,730,0,0,1,Pedestrian
2,561.0,1369.0,602.0,1491.0,731,0,0,1,Pedestrian
2,561.0,1365.0,602.0,1487.0,732,0,0,1,Pedestrian
2,561.0,1365.0,602.0,1487.0,733,0,0,1,Pedestrian
2,561.0,1365.0,602.0,1487.0,734,0,0,1,Pedestrian
2,561.0,1365.0,602.0,1487.0,735,0,0,1,Pedestrian
2,561.0,1361.0,602.0,1483.0,736,0,0,1,Pedestrian
2,561.0,1361.0,602.0,1483.0,737,0,0,1,Pedestrian
2,561.0,1361.0,602.0,1483.0,738,0,0,1,Pedestrian
2,561.0,1361.0,602.0,1483.0,739,0,0,1,Pedestrian
2,561.0,1357.0,602.0,1478.0,740,0,0,1,Pedestrian
2,563.0,1357.0,604.0,1478.0,741,0,0,1,Pedestrian
2,563.0,1357.0,604.0,1478.0,742,0,0,1,Pedestrian
2,563.0,1357.0,604.0,1478.0,743,0,0,1,Pedestrian
2,563.0,1353.0,604.0,1474.0,744,0,0,1,Pedestrian
2,563.0,1353.0,604.0,1474.0,745,0,0,1,Pedestrian
2,563.0,1353.0,604.0,1474.0,746,0,0,1,Pedestrian
2,563.0,1353.0,604.0,1474.0,747,0,0,1,Pedestrian
2,563.0,1349.0,604.0,1470.0,748,0,0,1,Pedestrian
2,563.0,1349.0,604.0,1470.0,749,0,0,1,Pedestrian
2,563.0,1349.0,604.0,1470.0,750,0,0,1,Pedestrian
2,563.0,1349.0,604.0,1470.0,751,0,0,1,Pedestrian
2,563.0,1344.0,604.0,1466.0,752,0,0,1,Pedestrian
2,563.0,1344.0,604.0,1466.0,753,0,0,1,Pedestrian
2,563.0,1344.0,604.0,1466.0,754,0,0,1,Pedestrian
2,563.0,1344.0,604.0,1466.0,755,0,0,1,Pedestrian
2,563.0,1340.0,604.0,1462.0,756,0,0,1,Pedestrian
2,563.0,1340.0,604.0,1462.0,757,0,0,1,Pedestrian
2,563.0,1340.0,604.0,1462.0,758,0,0,1,Pedestrian
2,563.0,1340.0,604.0,1462.0,759,0,0,1,Pedestrian
2,563.0,1336.0,604.0,1457.0,760,0,0,1,Pedestrian
2,563.0,1336.0,604.0,1457.0,761,0,0,1,Pedestrian
2,565.0,1336.0,605.0,1457.0,762,0,0,1,Pedestrian
2,565.0,1336.0,605.0,1457.0,763,0,0,1,Pedestrian
2,565.0,1332.0,605.0,1453.0,764,0,0,1,Pedestrian
2,565.0,1332.0,605.0,1453.0,765,0,0,1,Pedestrian
2,565.0,1332.0,605.0,1453.0,766,0,0,1,Pedestrian
2,565.0,1332.0,605.0,1453.0,767,0,0,1,Pedestrian
2,565.0,1328.0,605.0,1449.0,768,0,0,1,Pedestrian
2,565.0,1328.0,605.0,1449.0,769,0,0,1,Pedestrian
2,565.0,1328.0,605.0,1449.0,770,0,0,1,Pedestrian
2,565.0,1328.0,605.0,1449.0,771,0,0,1,Pedestrian
2,565.0,1323.0,605.0,1445.0,772,0,0,1,Pedestrian
2,565.0,1323.0,605.0,1445.0,773,0,0,1,Pedestrian
2,565.0,1323.0,605.0,1445.0,774,0,0,1,Pedestrian
2,565.0,1323.0,605.0,1445.0,775,0,0,1,Pedestrian
2,565.0,1319.0,605.0,1441.0,776,0,0,1,Pedestrian
2,565.0,1319.0,605.0,1441.0,777,0,0,1,Pedestrian
2,565.0,1319.0,605.0,1441.0,778,0,0,1,Pedestrian
2,565.0,1319.0,605.0,1441.0,779,0,0,1,Pedestrian
2,565.0,1315.0,605.0,1437.0,780,0,0,1,Pedestrian
2,565.0,1315.0,605.0,1437.0,781,0,0,1,Pedestrian
2,565.0,1315.0,605.0,1437.0,782,0,0,1,Pedestrian
2,567.0,1315.0,607.0,1437.0,783,0,0,0,Pedestrian
2,567.0,1311.0,607.0,1432.0,784,0,0,1,Pedestrian
2,567.0,1311.0,607.0,1432.0,785,0,0,1,Pedestrian
2,569.0,1307.0,609.0,1428.0,786,0,0,1,Pedestrian
2,569.0,1307.0,609.0,1428.0,787,0,0,1,Pedestrian
2,569.0,1302.0,609.0,1424.0,788,0,0,1,Pedestrian
2,570.0,1302.0,611.0,1424.0,789,0,0,1,Pedestrian
2,570.0,1298.0,611.0,1420.0,790,0,0,1,Pedestrian
2,572.0,1298.0,613.0,1420.0,791,0,0,1,Pedestrian
2,572.0,1294.0,613.0,1416.0,792,0,0,1,Pedestrian
2,572.0,1294.0,613.0,1416.0,793,0,0,1,Pedestrian
2,574.0,1290.0,615.0,1411.0,794,0,0,1,Pedestrian
2,574.0,1290.0,615.0,1411.0,795,0,0,1,Pedestrian
2,574.0,1286.0,615.0,1407.0,796,0,0,1,Pedestrian
2,576.0,1286.0,616.0,1407.0,797,0,0,1,Pedestrian
2,576.0,1282.0,616.0,1403.0,798,0,0,1,Pedestrian
2,578.0,1282.0,618.0,1403.0,799,0,0,1,Pedestrian
2,578.0,1277.0,618.0,1399.0,800,0,0,1,Pedestrian
2,578.0,1277.0,618.0,1399.0,801,0,0,1,Pedestrian
2,580.0,1273.0,620.0,1395.0,802,0,0,1,Pedestrian
2,580.0,1273.0,620.0,1395.0,803,0,0,1,Pedestrian
2,580.0,1269.0,620.0,1390.0,804,0,0,1,Pedestrian
2,581.0,1269.0,622.0,1390.0,805,0,0,1,Pedestrian
2,581.0,1265.0,622.0,1390.0,806,0,0,1,Pedestrian
2,583.0,1265.0,624.0,1386.0,807,0,0,1,Pedestrian
2,583.0,1261.0,624.0,1386.0,808,0,0,1,Pedestrian
2,583.0,1261.0,624.0,1382.0,809,0,0,1,Pedestrian
2,585.0,1256.0,626.0,1382.0,810,0,0,1,Pedestrian
2,585.0,1256.0,626.0,1378.0,811,0,0,1,Pedestrian
2,585.0,1252.0,626.0,1378.0,812,0,0,1,Pedestrian
2,587.0,1252.0,628.0,1374.0,813,0,0,1,Pedestrian
2,587.0,1248.0,628.0,1374.0,814,0,0,1,Pedestrian
2,589.0,1248.0,629.0,1369.0,815,0,0,1,Pedestrian
2,589.0,1244.0,629.0,1369.0,816,0,0,1,Pedestrian
2,589.0,1244.0,629.0,1365.0,817,0,0,1,Pedestrian
2,591.0,1240.0,631.0,1365.0,818,0,0,1,Pedestrian
2,591.0,1240.0,631.0,1361.0,819,0,0,1,Pedestrian
2,591.0,1235.0,631.0,1361.0,820,0,0,1,Pedestrian
2,593.0,1235.0,633.0,1357.0,821,0,0,1,Pedestrian
2,593.0,1231.0,633.0,1357.0,822,0,0,1,Pedestrian
2,594.0,1231.0,635.0,1353.0,823,0,0,1,Pedestrian
2,594.0,1227.0,635.0,1353.0,824,0,0,1,Pedestrian
2,594.0,1227.0,635.0,1349.0,825,0,0,1,Pedestrian
2,596.0,1223.0,637.0,1349.0,826,0,0,1,Pedestrian
2,596.0,1223.0,637.0,1344.0,827,0,0,1,Pedestrian
2,596.0,1219.0,637.0,1344.0,828,0,0,1,Pedestrian
2,598.0,1219.0,639.0,1344.0,829,0,0,1,Pedestrian
2,598.0,1214.0,639.0,1340.0,830,0,0,1,Pedestrian
2,600.0,1214.0,640.0,1340.0,831,0,0,1,Pedestrian
2,600.0,1210.0,640.0,1336.0,832,0,0,1,Pedestrian
2,600.0,1210.0,640.0,1336.0,833,0,0,1,Pedestrian
2,602.0,1206.0,642.0,1332.0,834,0,0,1,Pedestrian
2,602.0,1206.0,642.0,1332.0,835,0,0,1,Pedestrian
2,602.0,1202.0,642.0,1328.0,836,0,0,1,Pedestrian
2,604.0,1202.0,644.0,1328.0,837,0,0,1,Pedestrian
2,604.0,1198.0,644.0,1323.0,838,0,0,1,Pedestrian
2,605.0,1198.0,646.0,1323.0,839,0,0,1,Pedestrian
2,605.0,1194.0,646.0,1319.0,840,0,0,1,Pedestrian
2,605.0,1194.0,646.0,1319.0,841,0,0,1,Pedestrian
2,607.0,1189.0,648.0,1315.0,842,0,0,1,Pedestrian
2,607.0,1189.0,648.0,1315.0,843,0,0,1,Pedestrian
2,607.0,1185.0,648.0,1311.0,844,0,0,1,Pedestrian
2,609.0,1185.0,650.0,1311.0,845,0,0,1,Pedestrian
2,609.0,1181.0,650.0,1307.0,846,0,0,1,Pedestrian
2,611.0,1181.0,651.0,1307.0,847,0,0,1,Pedestrian
2,611.0,1177.0,651.0,1302.0,848,0,0,1,Pedestrian
2,611.0,1177.0,651.0,1302.0,849,0,0,1,Pedestrian
2,613.0,1173.0,653.0,1298.0,850,0,0,1,Pedestrian
2,613.0,1173.0,653.0,1298.0,851,0,0,1,Pedestrian
2,615.0,1173.0,655.0,1298.0,852,0,0,0,Pedestrian
2,615.0,1168.0,655.0,1294.0,853,0,0,1,Pedestrian
2,615.0,1168.0,655.0,1294.0,854,0,0,1,Pedestrian
2,615.0,1164.0,655.0,1290.0,855,0,0,1,Pedestrian
2,615.0,1164.0,655.0,1290.0,856,0,0,1,Pedestrian
2,615.0,1164.0,655.0,1290.0,857,0,0,1,Pedestrian
2,615.0,1160.0,655.0,1286.0,858,0,0,1,Pedestrian
2,615.0,1160.0,655.0,1286.0,859,0,0,1,Pedestrian
2,615.0,1156.0,655.0,1282.0,860,0,0,1,Pedestrian
2,615.0,1156.0,655.0,1282.0,861,0,0,1,Pedestrian
2,615.0,1156.0,655.0,1282.0,862,0,0,1,Pedestrian
2,615.0,1152.0,655.0,1277.0,863,0,0,1,Pedestrian
2,615.0,1152.0,655.0,1277.0,864,0,0,1,Pedestrian
2,615.0,1147.0,655.0,1273.0,865,0,0,1,Pedestrian
2,615.0,1147.0,655.0,1273.0,866,0,0,1,Pedestrian
2,615.0,1147.0,655.0,1273.0,867,0,0,1,Pedestrian
2,615.0,1143.0,655.0,1269.0,868,0,0,1,Pedestrian
2,615.0,1143.0,655.0,1269.0,869,0,0,1,Pedestrian
2,615.0,1143.0,655.0,1269.0,870,0,0,1,Pedestrian
2,615.0,1139.0,655.0,1265.0,871,0,0,1,Pedestrian
2,615.0,1139.0,655.0,1265.0,872,0,0,1,Pedestrian
2,615.0,1135.0,655.0,1261.0,873,0,0,1,Pedestrian
2,615.0,1135.0,655.0,1261.0,874,0,0,1,Pedestrian
2,615.0,1135.0,655.0,1261.0,875,0,0,1,Pedestrian
2,615.0,1131.0,655.0,1256.0,876,0,0,1,Pedestrian
2,615.0,1131.0,655.0,1256.0,877,0,0,1,Pedestrian
2,615.0,1126.0,655.0,1252.0,878,0,0,1,Pedestrian
2,615.0,1126.0,655.0,1252.0,879,0,0,1,Pedestrian
2,615.0,1126.0,655.0,1252.0,880,0,0,1,Pedestrian
2,615.0,1122.0,655.0,1248.0,881,0,0,1,Pedestrian
2,615.0,1122.0,655.0,1248.0,882,0,0,1,Pedestrian
2,615.0,1122.0,655.0,1248.0,883,0,0,0,Pedestrian
2,615.0,1118.0,655.0,1244.0,884,0,0,1,Pedestrian
2,615.0,1118.0,655.0,1244.0,885,0,0,1,Pedestrian
2,615.0,1118.0,655.0,1244.0,886,0,0,1,Pedestrian
2,615.0,1114.0,655.0,1240.0,887,0,0,1,Pedestrian
2,615.0,1114.0,655.0,1240.0,888,0,0,1,Pedestrian
2,615.0,1114.0,655.0,1240.0,889,0,0,1,Pedestrian
2,615.0,1114.0,655.0,1240.0,890,0,0,1,Pedestrian
2,615.0,1110.0,655.0,1235.0,891,0,0,1,Pedestrian
2,615.0,1110.0,655.0,1235.0,892,0,0,1,Pedestrian
2,615.0,1110.0,655.0,1235.0,893,0,0,1,Pedestrian
2,615.0,1106.0,655.0,1231.0,894,0,0,1,Pedestrian
2,615.0,1106.0,655.0,1231.0,895,0,0,1,Pedestrian
2,615.0,1106.0,655.0,1231.0,896,0,0,1,Pedestrian
2,615.0,1106.0,655.0,1231.0,897,0,0,1,Pedestrian
2,615.0,1101.0,655.0,1227.0,898,0,0,1,Pedestrian
2,615.0,1101.0,655.0,1227.0,899,0,0,1,Pedestrian
2,616.0,1101.0,657.0,1227.0,900,0,0,1,Pedestrian
2,616.0,1097.0,657.0,1223.0,901,0,0,1,Pedestrian
2,616.0,1097.0,657.0,1223.0,902,0,0,1,Pedestrian
2,616.0,1097.0,657.0,1223.0,903,0,0,1,Pedestrian
2,616.0,1097.0,657.0,1223.0,904,0,0,1,Pedestrian
2,616.0,1093.0,657.0,1219.0,905,0,0,1,Pedestrian
2,616.0,1093.0,657.0,1219.0,906,0,0,1,Pedestrian
2,616.0,1093.0,657.0,1219.0,907,0,0,1,Pedestrian
2,616.0,1093.0,657.0,1219.0,908,0,0,1,Pedestrian
2,616.0,1089.0,657.0,1214.0,909,0,0,1,Pedestrian
2,616.0,1089.0,657.0,1214.0,910,0,0,1,Pedestrian
2,616.0,1089.0,657.0,1214.0,911,0,0,1,Pedestrian
2,616.0,1085.0,657.0,1210.0,912,0,0,1,Pedestrian
2,616.0,1085.0,657.0,1210.0,913,0,0,1,Pedestrian
2,616.0,1085.0,657.0,1210.0,914,0,0,1,Pedestrian
2,616.0,1085.0,657.0,1210.0,915,0,0,1,Pedestrian
2,618.0,1080.0,659.0,1206.0,916,0,0,1,Pedestrian
2,618.0,1080.0,659.0,1206.0,917,0,0,1,Pedestrian
2,618.0,1080.0,659.0,1206.0,918,0,0,1,Pedestrian
2,618.0,1076.0,659.0,1202.0,919,0,0,1,Pedestrian
2,618.0,1076.0,659.0,1202.0,920,0,0,1,Pedestrian
2,618.0,1076.0,659.0,1202.0,921,0,0,1,Pedestrian
2,618.0,1076.0,659.0,1202.0,922,0,0,1,Pedestrian
2,618.0,1072.0,659.0,1198.0,923,0,0,1,Pedestrian
2,618.0,1072.0,659.0,1198.0,924,0,0,1,Pedestrian
2,618.0,1072.0,659.0,1198.0,925,0,0,1,Pedestrian
2,618.0,1072.0,659.0,1198.0,926,0,0,1,Pedestrian
2,618.0,1068.0,659.0,1194.0,927,0,0,1,Pedestrian
2,618.0,1068.0,659.0,1194.0,928,0,0,1,Pedestrian
2,618.0,1068.0,659.0,1194.0,929,0,0,1,Pedestrian
2,618.0,1064.0,659.0,1189.0,930,0,0,1,Pedestrian
2,618.0,1064.0,659.0,1189.0,931,0,0,1,Pedestrian
2,620.0,1064.0,661.0,1189.0,932,0,0,1,Pedestrian
2,620.0,1064.0,661.0,1189.0,933,0,0,1,Pedestrian
2,620.0,1059.0,661.0,1185.0,934,0,0,1,Pedestrian
2,620.0,1059.0,661.0,1185.0,935,0,0,1,Pedestrian
2,620.0,1059.0,661.0,1185.0,936,0,0,1,Pedestrian
2,620.0,1055.0,661.0,1181.0,937,0,0,1,Pedestrian
2,620.0,1055.0,661.0,1181.0,938,0,0,1,Pedestrian
2,620.0,1055.0,661.0,1181.0,939,0,0,1,Pedestrian
2,620.0,1055.0,661.0,1181.0,940,0,0,1,Pedestrian
2,620.0,1051.0,661.0,1177.0,941,0,0,1,Pedestrian
2,620.0,1051.0,661.0,1177.0,942,0,0,1,Pedestrian
2,620.0,1051.0,661.0,1177.0,943,0,0,1,Pedestrian
2,620.0,1051.0,661.0,1177.0,944,0,0,1,Pedestrian
2,620.0,1047.0,661.0,1173.0,945,0,0,1,Pedestrian
2,620.0,1047.0,661.0,1173.0,946,0,0,1,Pedestrian
2,620.0,1047.0,661.0,1173.0,947,0,0,1,Pedestrian
2,622.0,1043.0,663.0,1168.0,948,0,0,1,Pedestrian
2,622.0,1043.0,663.0,1168.0,949,0,0,1,Pedestrian
2,622.0,1043.0,663.0,1168.0,950,0,0,1,Pedestrian
2,622.0,1043.0,663.0,1168.0,951,0,0,1,Pedestrian
2,622.0,1039.0,663.0,1164.0,952,0,0,1,Pedestrian
2,622.0,1039.0,663.0,1164.0,953,0,0,1,Pedestrian
2,622.0,1039.0,663.0,1164.0,954,0,0,1,Pedestrian
2,622.0,1034.0,663.0,1160.0,955,0,0,1,Pedestrian
2,622.0,1034.0,663.0,1160.0,956,0,0,1,Pedestrian
2,622.0,1034.0,663.0,1160.0,957,0,0,1,Pedestrian
2,622.0,1034.0,663.0,1160.0,958,0,0,1,Pedestrian
2,622.0,1030.0,663.0,1156.0,959,0,0,1,Pedestrian
2,622.0,1030.0,663.0,1156.0,960,0,0,1,Pedestrian
2,622.0,1030.0,663.0,1156.0,961,0,0,1,Pedestrian
2,622.0,1030.0,663.0,1156.0,962,0,0,1,Pedestrian
2,622.0,1026.0,663.0,1152.0,963,0,0,1,Pedestrian
2,624.0,1026.0,664.0,1152.0,964,0,0,1,Pedestrian
2,624.0,1026.0,664.0,1152.0,965,0,0,1,Pedestrian
2,624.0,1022.0,664.0,1147.0,966,0,0,1,Pedestrian
2,624.0,1022.0,664.0,1147.0,967,0,0,1,Pedestrian
2,624.0,1022.0,664.0,1147.0,968,0,0,1,Pedestrian
2,624.0,1022.0,664.0,1147.0,969,0,0,1,Pedestrian
2,624.0,1018.0,664.0,1143.0,970,0,0,1,Pedestrian
2,624.0,1018.0,664.0,1143.0,971,0,0,1,Pedestrian
2,624.0,1018.0,664.0,1143.0,972,0,0,1,Pedestrian
2,624.0,1013.0,664.0,1139.0,973,0,0,1,Pedestrian
2,624.0,1013.0,664.0,1139.0,974,0,0,1,Pedestrian
2,624.0,1013.0,664.0,1139.0,975,0,0,1,Pedestrian
2,624.0,1013.0,664.0,1139.0,976,0,0,1,Pedestrian
2,624.0,1009.0,664.0,1135.0,977,0,0,1,Pedestrian
2,624.0,1009.0,664.0,1135.0,978,0,0,1,Pedestrian
2,624.0,1009.0,664.0,1135.0,979,0,0,1,Pedestrian
2,626.0,1009.0,666.0,1135.0,980,0,0,0,Pedestrian
2,626.0,1005.0,666.0,1131.0,981,0,0,1,Pedestrian
2,626.0,1005.0,666.0,1131.0,982,0,0,1,Pedestrian
2,626.0,1001.0,666.0,1126.0,983,0,0,1,Pedestrian
2,628.0,1001.0,668.0,1126.0,984,0,0,1,Pedestrian
2,628.0,1001.0,668.0,1126.0,985,0,0,1,Pedestrian
2,628.0,997.0,668.0,1122.0,986,0,0,1,Pedestrian
2,628.0,997.0,668.0,1122.0,987,0,0,1,Pedestrian
2,629.0,997.0,670.0,1122.0,988,0,0,1,Pedestrian
2,629.0,992.0,670.0,1118.0,989,0,0,1,Pedestrian
2,629.0,992.0,670.0,1118.0,990,0,0,1,Pedestrian
2,629.0,992.0,670.0,1118.0,991,0,0,1,Pedestrian
2,631.0,988.0,672.0,1114.0,992,0,0,1,Pedestrian
2,631.0,988.0,672.0,1114.0,993,0,0,1,Pedestrian
2,631.0,988.0,672.0,1114.0,994,0,0,1,Pedestrian
2,631.0,984.0,672.0,1110.0,995,0,0,1,Pedestrian
2,633.0,984.0,674.0,1110.0,996,0,0,1,Pedestrian
2,633.0,984.0,674.0,1110.0,997,0,0,1,Pedestrian
2,633.0,980.0,674.0,1106.0,998,0,0,1,Pedestrian
2,633.0,980.0,674.0,1106.0,999,0,0,1,Pedestrian
2,635.0,980.0,675.0,1106.0,1000,0,0,0,Pedestrian
2,635.0,976.0,675.0,1101.0,1001,0,0,1,Pedestrian
2,635.0,976.0,675.0,1101.0,1002,0,0,1,Pedestrian
2,635.0,976.0,675.0,1097.0,1003,0,0,1,Pedestrian
2,635.0,971.0,675.0,1097.0,1004,0,0,1,Pedestrian
2,635.0,971.0,675.0,1093.0,1005,0,0,1,Pedestrian
2,635.0,971.0,675.0,1093.0,1006,0,0,1,Pedestrian
2,635.0,967.0,675.0,1089.0,1007,0,0,1,Pedestrian
2,635.0,967.0,675.0,1089.0,1008,0,0,1,Pedestrian
2,635.0,967.0,677.0,1085.0,1009,0,0,1,Pedestrian
2,635.0,967.0,677.0,1085.0,1010,0,0,1,Pedestrian
2,635.0,963.0,677.0,1080.0,1011,0,0,1,Pedestrian
2,635.0,963.0,677.0,1080.0,1012,0,0,1,Pedestrian
2,635.0,963.0,677.0,1076.0,1013,0,0,1,Pedestrian
2,635.0,959.0,677.0,1076.0,1014,0,0,1,Pedestrian
2,635.0,959.0,677.0,1072.0,1015,0,0,1,Pedestrian
2,635.0,959.0,677.0,1072.0,1016,0,0,1,Pedestrian
2,635.0,959.0,679.0,1072.0,1017,0,0,1,Pedestrian
2,635.0,955.0,679.0,1068.0,1018,0,0,1,Pedestrian
2,635.0,955.0,679.0,1068.0,1019,0,0,1,Pedestrian
2,635.0,955.0,679.0,1064.0,1020,0,0,1,Pedestrian
2,635.0,951.0,679.0,1064.0,1021,0,0,1,Pedestrian
2,635.0,951.0,679.0,1059.0,1022,0,0,1,Pedestrian
2,635.0,951.0,679.0,1059.0,1023,0,0,1,Pedestrian
2,635.0,946.0,679.0,1055.0,1024,0,0,1,Pedestrian
2,635.0,946.0,679.0,1055.0,1025,0,0,1,Pedestrian
2,635.0,946.0,681.0,1051.0,1026,0,0,1,Pedestrian
2,635.0,946.0,681.0,1051.0,1027,0,0,1,Pedestrian
2,635.0,942.0,681.0,1047.0,1028,0,0,1,Pedestrian
2,635.0,942.0,681.0,1047.0,1029,0,0,1,Pedestrian
2,635.0,942.0,681.0,1043.0,1030,0,0,1,Pedestrian
2,635.0,938.0,681.0,1043.0,1031,0,0,1,Pedestrian
2,635.0,938.0,681.0,1039.0,1032,0,0,1,Pedestrian
2,635.0,938.0,681.0,1039.0,1033,0,0,1,Pedestrian
2,635.0,938.0,683.0,1039.0,1034,0,0,1,Pedestrian
2,635.0,934.0,683.0,1034.0,1035,0,0,1,Pedestrian
2,635.0,934.0,683.0,1034.0,1036,0,0,1,Pedestrian
2,635.0,934.0,683.0,1030.0,1037,0,0,1,Pedestrian
2,635.0,930.0,683.0,1030.0,1038,0,0,1,Pedestrian
2,635.0,930.0,683.0,1026.0,1039,0,0,1,Pedestrian
2,635.0,930.0,683.0,1026.0,1040,0,0,1,Pedestrian
2,635.0,925.0,683.0,1022.0,1041,0,0,1,Pedestrian
2,635.0,925.0,683.0,1022.0,1042,0,0,1,Pedestrian
2,635.0,925.0,685.0,1018.0,1043,0,0,1,Pedestrian
2,635.0,925.0,685.0,1018.0,1044,0,0,1,Pedestrian
2,635.0,921.0,685.0,1013.0,1045,0,0,1,Pedestrian
2,635.0,921.0,685.0,1013.0,1046,0,0,1,Pedestrian
2,635.0,921.0,685.0,1009.0,1047,0,0,1,Pedestrian
2,635.0,917.0,685.0,1009.0,1048,0,0,1,Pedestrian
2,635.0,917.0,685.0,1005.0,1049,0,0,1,Pedestrian
2,635.0,917.0,685.0,1005.0,1050,0,0,1,Pedestrian
2,637.0,917.0,686.0,1005.0,1051,0,0,0,Pedestrian
2,637.0,913.0,686.0,1001.0,1052,0,0,1,Pedestrian
2,637.0,913.0,686.0,1001.0,1053,0,0,1,Pedestrian
2,637.0,909.0,686.0,997.0,1054,0,0,1,Pedestrian
2,637.0,909.0,686.0,997.0,1055,0,0,1,Pedestrian
2,639.0,904.0,688.0,992.0,1056,0,0,1,Pedestrian
2,639.0,904.0,688.0,992.0,1057,0,0,1,Pedestrian
2,639.0,904.0,688.0,992.0,1058,0,0,1,Pedestrian
2,639.0,900.0,688.0,988.0,1059,0,0,1,Pedestrian
2,640.0,900.0,690.0,988.0,1060,0,0,1,Pedestrian
2,640.0,896.0,690.0,984.0,1061,0,0,1,Pedestrian
2,640.0,896.0,690.0,984.0,1062,0,0,1,Pedestrian
2,640.0,896.0,690.0,984.0,1063,0,0,1,Pedestrian
2,642.0,892.0,692.0,980.0,1064,0,0,1,Pedestrian
2,642.0,892.0,692.0,980.0,1065,0,0,1,Pedestrian
2,642.0,888.0,692.0,976.0,1066,0,0,1,Pedestrian
2,642.0,888.0,692.0,976.0,1067,0,0,1,Pedestrian
2,642.0,884.0,692.0,971.0,1068,0,0,1,Pedestrian
2,644.0,884.0,694.0,971.0,1069,0,0,1,Pedestrian
2,644.0,884.0,694.0,971.0,1070,0,0,1,Pedestrian
2,644.0,879.0,694.0,967.0,1071,0,0,1,Pedestrian
2,644.0,879.0,694.0,967.0,1072,0,0,1,Pedestrian
2,646.0,875.0,696.0,963.0,1073,0,0,1,Pedestrian
2,646.0,875.0,696.0,963.0,1074,0,0,1,Pedestrian
2,646.0,875.0,696.0,963.0,1075,0,0,1,Pedestrian
2,646.0,871.0,696.0,959.0,1076,0,0,1,Pedestrian
2,648.0,871.0,697.0,959.0,1077,0,0,1,Pedestrian
2,648.0,867.0,697.0,955.0,1078,0,0,1,Pedestrian
2,648.0,867.0,697.0,955.0,1079,0,0,1,Pedestrian
2,648.0,863.0,697.0,951.0,1080,0,0,1,Pedestrian
2,650.0,863.0,699.0,951.0,1081,0,0,1,Pedestrian
2,650.0,863.0,699.0,951.0,1082,0,0,1,Pedestrian
2,650.0,858.0,699.0,946.0,1083,0,0,1,Pedestrian
2,650.0,858.0,699.0,946.0,1084,0,0,1,Pedestrian
2,650.0,854.0,699.0,942.0,1085,0,0,1,Pedestrian
2,651.0,854.0,701.0,942.0,1086,0,0,1,Pedestrian
2,651.0,854.0,701.0,942.0,1087,0,0,1,Pedestrian
2,651.0,850.0,701.0,938.0,1088,0,0,1,Pedestrian
2,651.0,850.0,701.0,938.0,1089,0,0,1,Pedestrian
2,653.0,846.0,703.0,934.0,1090,0,0,1,Pedestrian
2,653.0,846.0,703.0,934.0,1091,0,0,1,Pedestrian
2,653.0,842.0,703.0,930.0,1092,0,0,1,Pedestrian
2,653.0,842.0,703.0,930.0,1093,0,0,1,Pedestrian
2,655.0,842.0,705.0,930.0,1094,0,0,1,Pedestrian
2,655.0,837.0,705.0,925.0,1095,0,0,1,Pedestrian
2,655.0,837.0,705.0,925.0,1096,0,0,1,Pedestrian
2,655.0,833.0,705.0,921.0,1097,0,0,1,Pedestrian
2,655.0,833.0,705.0,921.0,1098,0,0,1,Pedestrian
2,657.0,833.0,707.0,921.0,1099,0,0,1,Pedestrian
2,657.0,829.0,707.0,917.0,1100,0,0,1,Pedestrian
2,657.0,829.0,707.0,917.0,1101,0,0,1,Pedestrian
2,657.0,825.0,707.0,913.0,1102,0,0,1,Pedestrian
2,659.0,825.0,709.0,913.0,1103,0,0,1,Pedestrian
2,659.0,821.0,709.0,909.0,1104,0,0,1,Pedestrian
2,659.0,821.0,709.0,909.0,1105,0,0,1,Pedestrian
2,659.0,821.0,709.0,909.0,1106,0,0,1,Pedestrian
2,661.0,816.0,710.0,904.0,1107,0,0,1,Pedestrian
2,661.0,816.0,710.0,904.0,1108,0,0,1,Pedestrian
2,661.0,812.0,710.0,900.0,1109,0,0,1,Pedestrian
2,661.0,812.0,710.0,900.0,1110,0,0,1,Pedestrian
2,663.0,812.0,712.0,900.0,1111,0,0,0,Pedestrian
2,663.0,808.0,712.0,896.0,1112,0,0,1,Pedestrian
2,663.0,808.0,712.0,896.0,1113,0,0,1,Pedestrian
2,663.0,808.0,712.0,896.0,1114,0,0,1,Pedestrian
2,663.0,808.0,712.0,896.0,1115,0,0,1,Pedestrian
2,663.0,808.0,712.0,896.0,1116,0,0,1,Pedestrian
2,663.0,804.0,712.0,892.0,1117,0,0,1,Pedestrian
2,664.0,804.0,714.0,892.0,1118,0,0,1,Pedestrian
2,664.0,804.0,714.0,892.0,1119,0,0,1,Pedestrian
2,664.0,804.0,714.0,892.0,1120,0,0,1,Pedestrian
2,664.0,804.0,714.0,892.0,1121,0,0,1,Pedestrian
2,664.0,800.0,714.0,888.0,1122,0,0,1,Pedestrian
2,664.0,800.0,714.0,888.0,1123,0,0,1,Pedestrian
2,666.0,800.0,716.0,888.0,1124,0,0,1,Pedestrian
2,666.0,800.0,716.0,888.0,1125,0,0,1,Pedestrian
2,666.0,800.0,716.0,888.0,1126,0,0,1,Pedestrian
2,666.0,796.0,716.0,884.0,1127,0,0,1,Pedestrian
2,666.0,796.0,716.0,884.0,1128,0,0,1,Pedestrian
2,666.0,796.0,716.0,884.0,1129,0,0,1,Pedestrian
2,666.0,796.0,716.0,884.0,1130,0,0,1,Pedestrian
2,668.0,796.0,718.0,884.0,1131,0,0,1,Pedestrian
2,668.0,791.0,718.0,879.0,1132,0,0,1,Pedestrian
2,668.0,791.0,718.0,879.0,1133,0,0,1,Pedestrian
2,668.0,791.0,718.0,879.0,1134,0,0,1,Pedestrian
2,668.0,791.0,718.0,879.0,1135,0,0,1,Pedestrian
2,668.0,791.0,718.0,879.0,1136,0,0,1,Pedestrian
2,670.0,787.0,720.0,875.0,1137,0,0,1,Pedestrian
2,670.0,787.0,720.0,875.0,1138,0,0,1,Pedestrian
2,670.0,787.0,720.0,875.0,1139,0,0,1,Pedestrian
2,670.0,787.0,720.0,875.0,1140,0,0,1,Pedestrian
2,670.0,787.0,720.0,875.0,1141,0,0,1,Pedestrian
2,670.0,783.0,720.0,871.0,1142,0,0,1,Pedestrian
2,672.0,783.0,721.0,871.0,1143,0,0,1,Pedestrian
2,672.0,783.0,721.0,871.0,1144,0,0,1,Pedestrian
2,672.0,783.0,721.0,871.0,1145,0,0,1,Pedestrian
2,672.0,783.0,721.0,871.0,1146,0,0,1,Pedestrian
2,672.0,779.0,721.0,867.0,1147,0,0,1,Pedestrian
2,672.0,779.0,721.0,867.0,1148,0,0,1,Pedestrian
2,672.0,779.0,721.0,867.0,1149,0,0,1,Pedestrian
2,674.0,779.0,723.0,867.0,1150,0,0,1,Pedestrian
2,674.0,779.0,723.0,867.0,1151,0,0,1,Pedestrian
2,674.0,775.0,723.0,863.0,1152,0,0,1,Pedestrian
2,674.0,775.0,723.0,863.0,1153,0,0,1,Pedestrian
2,674.0,775.0,723.0,863.0,1154,0,0,1,Pedestrian
2,674.0,775.0,723.0,863.0,1155,0,0,1,Pedestrian
2,675.0,775.0,725.0,863.0,1156,0,0,1,Pedestrian
2,675.0,770.0,725.0,858.0,1157,0,0,1,Pedestrian
2,675.0,770.0,725.0,858.0,1158,0,0,1,Pedestrian
2,675.0,770.0,725.0,858.0,1159,0,0,1,Pedestrian
2,675.0,770.0,725.0,858.0,1160,0,0,1,Pedestrian
2,675.0,770.0,725.0,858.0,1161,0,0,1,Pedestrian
2,677.0,770.0,727.0,858.0,1162,0,0,0,Pedestrian
2,675.0,766.0,725.0,854.0,1163,0,0,1,Pedestrian
2,675.0,766.0,725.0,854.0,1164,0,0,1,Pedestrian
2,675.0,762.0,725.0,850.0,1165,0,0,1,Pedestrian
2,675.0,762.0,725.0,850.0,1166,0,0,1,Pedestrian
2,675.0,762.0,725.0,850.0,1167,0,0,1,Pedestrian
2,675.0,758.0,725.0,846.0,1168,0,0,1,Pedestrian
2,675.0,758.0,725.0,846.0,1169,0,0,1,Pedestrian
2,675.0,758.0,725.0,846.0,1170,0,0,1,Pedestrian
2,675.0,754.0,725.0,842.0,1171,0,0,1,Pedestrian
2,675.0,754.0,725.0,842.0,1172,0,0,1,Pedestrian
2,675.0,749.0,725.0,837.0,1173,0,0,1,Pedestrian
2,675.0,749.0,725.0,837.0,1174,0,0,1,Pedestrian
2,675.0,749.0,725.0,837.0,1175,0,0,1,Pedestrian
2,675.0,745.0,725.0,833.0,1176,0,0,1,Pedestrian
2,675.0,745.0,725.0,833.0,1177,0,0,1,Pedestrian
2,675.0,745.0,725.0,833.0,1178,0,0,1,Pedestrian
2,675.0,741.0,725.0,829.0,1179,0,0,1,Pedestrian
2,675.0,741.0,725.0,829.0,1180,0,0,1,Pedestrian
2,675.0,737.0,725.0,825.0,1181,0,0,1,Pedestrian
2,675.0,737.0,725.0,825.0,1182,0,0,1,Pedestrian
2,675.0,737.0,725.0,825.0,1183,0,0,1,Pedestrian
2,675.0,733.0,725.0,821.0,1184,0,0,1,Pedestrian
2,675.0,733.0,725.0,821.0,1185,0,0,1,Pedestrian
2,675.0,733.0,725.0,821.0,1186,0,0,0,Pedestrian
2,675.0,728.0,725.0,816.0,1187,0,0,1,Pedestrian
2,675.0,728.0,725.0,816.0,1188,0,0,1,Pedestrian
2,675.0,724.0,725.0,812.0,1189,0,0,1,Pedestrian
2,675.0,724.0,725.0,812.0,1190,0,0,1,Pedestrian
2,675.0,724.0,725.0,812.0,1191,0,0,1,Pedestrian
2,675.0,720.0,725.0,808.0,1192,0,0,1,Pedestrian
2,675.0,720.0,725.0,808.0,1193,0,0,1,Pedestrian
2,675.0,720.0,725.0,808.0,1194,0,0,1,Pedestrian
2,675.0,716.0,725.0,804.0,1195,0,0,1,Pedestrian
2,675.0,716.0,725.0,804.0,1196,0,0,1,Pedestrian
2,675.0,716.0,725.0,804.0,1197,0,0,1,Pedestrian
2,675.0,712.0,725.0,800.0,1198,0,0,1,Pedestrian
2,675.0,712.0,725.0,800.0,1199,0,0,1,Pedestrian
2,675.0,708.0,725.0,796.0,1200,0,0,1,Pedestrian
2,675.0,708.0,725.0,796.0,1201,0,0,1,Pedestrian
2,675.0,708.0,725.0,796.0,1202,0,0,1,Pedestrian
2,675.0,703.0,725.0,791.0,1203,0,0,1,Pedestrian
2,675.0,703.0,725.0,791.0,1204,0,0,1,Pedestrian
2,675.0,703.0,725.0,791.0,1205,0,0,1,Pedestrian
2,675.0,699.0,725.0,787.0,1206,0,0,1,Pedestrian
2,675.0,699.0,725.0,787.0,1207,0,0,1,Pedestrian
2,677.0,699.0,727.0,787.0,1208,0,0,0,Pedestrian
2,677.0,699.0,727.0,787.0,1209,0,0,1,Pedestrian
2,677.0,699.0,727.0,787.0,1210,0,0,1,Pedestrian
2,679.0,699.0,729.0,787.0,1211,0,0,1,Pedestrian
2,679.0,699.0,729.0,787.0,1212,0,0,1,Pedestrian
2,679.0,699.0,729.0,787.0,1213,0,0,1,Pedestrian
2,681.0,699.0,731.0,787.0,1214,0,0,1,Pedestrian
2,681.0,699.0,731.0,787.0,1215,0,0,1,Pedestrian
2,681.0,699.0,731.0,787.0,1216,0,0,1,Pedestrian
2,683.0,699.0,732.0,787.0,1217,0,0,1,Pedestrian
2,683.0,699.0,732.0,787.0,1218,0,0,1,Pedestrian
2,683.0,699.0,732.0,787.0,1219,0,0,1,Pedestrian
2,685.0,699.0,734.0,787.0,1220,0,0,1,Pedestrian
2,685.0,699.0,734.0,787.0,1221,0,0,1,Pedestrian
2,685.0,699.0,734.0,787.0,1222,0,0,1,Pedestrian
2,686.0,699.0,736.0,787.0,1223,0,0,1,Pedestrian
2,686.0,699.0,736.0,787.0,1224,0,0,1,Pedestrian
2,686.0,699.0,736.0,787.0,1225,0,0,1,Pedestrian
2,688.0,699.0,738.0,787.0,1226,0,1,0,Pedestrian
2,686.0,695.0,736.0,783.0,1227,0,1,1,Pedestrian
2,686.0,695.0,736.0,783.0,1228,0,1,1,Pedestrian
2,686.0,695.0,736.0,783.0,1229,0,1,1,Pedestrian
2,686.0,695.0,736.0,783.0,1230,1,0,0,Pedestrian
2,686.0,695.0,736.0,783.0,1231,1,0,1,Pedestrian
2,686.0,695.0,736.0,783.0,1232,1,0,1,Pedestrian
2,686.0,695.0,736.0,783.0,1233,1,0,1,Pedestrian
2,686.0,695.0,736.0,783.0,1234,1,0,1,Pedestrian
2,686.0,695.0,736.0,783.0,1235,1,0,1,Pedestrian
2,686.0,695.0,736.0,783.0,1236,1,0,1,Pedestrian
2,686.0,695.0,736.0,783.0,1237,1,0,1,Pedestrian
2,686.0,695.0,736.0,783.0,1238,1,0,1,Pedestrian
2,686.0,695.0,736.0,783.0,1239,1,0,1,Pedestrian
2,686.0,695.0,736.0,783.0,1240,1,0,0,Pedestrian
2,685.0,695.0,734.0,783.0,1241,1,0,1,Pedestrian
2,685.0,695.0,734.0,783.0,1242,1,0,1,Pedestrian
2,685.0,695.0,734.0,783.0,1243,1,0,1,Pedestrian
2,685.0,695.0,734.0,783.0,1244,1,0,1,Pedestrian
2,685.0,695.0,734.0,783.0,1245,1,0,1,Pedestrian
2,685.0,695.0,734.0,783.0,1246,1,0,1,Pedestrian
2,685.0,695.0,734.0,783.0,1247,1,0,1,Pedestrian
2,685.0,695.0,734.0,783.0,1248,1,0,1,Pedestrian
2,685.0,695.0,734.0,783.0,1249,1,0,1,Pedestrian
2,685.0,695.0,734.0,783.0,1250,1,0,1,Pedestrian
2,685.0,695.0,734.0,783.0,1251,1,0,1,Pedestrian
2,685.0,695.0,734.0,783.0,1252,1,0,1,Pedestrian
2,685.0,695.0,734.0,783.0,1253,1,0,1,Pedestrian
2,685.0,695.0,734.0,783.0,1254,1,0,1,Pedestrian
2,685.0,695.0,734.0,783.0,1255,1,0,1,Pedestrian
2,685.0,695.0,734.0,783.0,1256,1,0,1,Pedestrian
2,685.0,695.0,734.0,783.0,1257,1,0,1,Pedestrian
2,683.0,695.0,732.0,783.0,1258,1,0,1,Pedestrian
2,683.0,695.0,732.0,783.0,1259,1,0,1,Pedestrian
2,683.0,695.0,732.0,783.0,1260,1,0,1,Pedestrian
2,683.0,695.0,732.0,783.0,1261,1,0,1,Pedestrian
2,683.0,695.0,732.0,783.0,1262,1,0,1,Pedestrian
2,683.0,695.0,732.0,783.0,1263,1,0,1,Pedestrian
2,683.0,695.0,732.0,783.0,1264,1,0,1,Pedestrian
2,683.0,695.0,732.0,783.0,1265,1,0,1,Pedestrian
2,683.0,695.0,732.0,783.0,1266,1,0,1,Pedestrian
2,683.0,695.0,732.0,783.0,1267,1,0,1,Pedestrian
2,683.0,695.0,732.0,783.0,1268,1,0,1,Pedestrian
2,683.0,695.0,732.0,783.0,1269,1,0,1,Pedestrian
2,683.0,695.0,732.0,783.0,1270,1,0,1,Pedestrian
2,683.0,695.0,732.0,783.0,1271,1,0,1,Pedestrian
2,683.0,695.0,732.0,783.0,1272,1,0,1,Pedestrian
2,683.0,695.0,732.0,783.0,1273,1,0,1,Pedestrian
2,683.0,695.0,732.0,783.0,1274,1,0,1,Pedestrian
2,683.0,695.0,732.0,783.0,1275,1,0,1,Pedestrian
2,681.0,695.0,731.0,783.0,1276,1,0,1,Pedestrian
2,681.0,695.0,731.0,783.0,1277,1,0,1,Pedestrian
2,681.0,695.0,731.0,783.0,1278,1,0,1,Pedestrian
2,681.0,695.0,731.0,783.0,1279,1,0,1,Pedestrian
2,681.0,695.0,731.0,783.0,1280,1,0,1,Pedestrian
2,681.0,695.0,731.0,783.0,1281,1,0,1,Pedestrian
2,681.0,695.0,731.0,783.0,1282,1,0,1,Pedestrian
2,681.0,695.0,731.0,783.0,1283,1,0,1,Pedestrian
2,681.0,695.0,731.0,783.0,1284,1,0,1,Pedestrian
2,681.0,695.0,731.0,783.0,1285,1,0,1,Pedestrian
2,681.0,695.0,731.0,783.0,1286,1,0,1,Pedestrian
2,681.0,695.0,731.0,783.0,1287,1,0,1,Pedestrian
2,681.0,695.0,731.0,783.0,1288,1,0,1,Pedestrian
2,681.0,695.0,731.0,783.0,1289,1,0,1,Pedestrian
2,681.0,695.0,731.0,783.0,1290,1,0,1,Pedestrian
2,681.0,695.0,731.0,783.0,1291,1,0,1,Pedestrian
2,681.0,695.0,731.0,783.0,1292,1,0,1,Pedestrian
2,681.0,695.0,731.0,783.0,1293,1,0,1,Pedestrian
2,679.0,695.0,729.0,783.0,1294,1,0,1,Pedestrian
2,679.0,695.0,729.0,783.0,1295,1,0,1,Pedestrian
2,679.0,695.0,729.0,783.0,1296,1,0,1,Pedestrian
2,679.0,695.0,729.0,783.0,1297,1,0,1,Pedestrian
2,679.0,695.0,729.0,783.0,1298,1,0,1,Pedestrian
2,679.0,695.0,729.0,783.0,1299,1,0,1,Pedestrian
2,679.0,695.0,729.0,783.0,1300,1,0,1,Pedestrian
2,679.0,695.0,729.0,783.0,1301,1,0,1,Pedestrian
2,679.0,695.0,729.0,783.0,1302,1,0,1,Pedestrian
2,679.0,695.0,729.0,783.0,1303,1,0,1,Pedestrian
2,679.0,695.0,729.0,783.0,1304,1,0,1,Pedestrian
2,679.0,695.0,729.0,783.0,1305,1,0,1,Pedestrian
2,679.0,695.0,729.0,783.0,1306,1,0,1,Pedestrian
2,679.0,695.0,729.0,783.0,1307,1,0,1,Pedestrian
2,679.0,695.0,729.0,783.0,1308,1,0,1,Pedestrian
2,679.0,695.0,729.0,783.0,1309,1,0,1,Pedestrian
2,679.0,695.0,729.0,783.0,1310,1,0,1,Pedestrian
2,679.0,695.0,729.0,783.0,1311,1,0,0,Pedestrian
2,679.0,695.0,729.0,783.0,1312,1,0,1,Pedestrian
2,679.0,695.0,729.0,783.0,1313,1,0,1,Pedestrian
2,679.0,695.0,729.0,783.0,1314,1,0,1,Pedestrian
2,679.0,695.0,729.0,783.0,1315,1,0,1,Pedestrian
2,679.0,695.0,729.0,783.0,1316,1,0,1,Pedestrian
2,679.0,695.0,729.0,783.0,1317,1,0,1,Pedestrian
2,679.0,695.0,729.0,783.0,1318,1,0,1,Pedestrian
2,679.0,695.0,729.0,783.0,1319,1,0,1,Pedestrian
2,679.0,695.0,729.0,783.0,1320,1,0,1,Pedestrian
2,679.0,695.0,729.0,783.0,1321,1,0,1,Pedestrian
2,679.0,695.0,729.0,783.0,1322,1,0,1,Pedestrian
2,679.0,695.0,729.0,783.0,1323,1,0,1,Pedestrian
2,679.0,695.0,729.0,783.0,1324,1,0,1,Pedestrian
2,679.0,695.0,729.0,783.0,1325,1,0,1,Pedestrian
2,679.0,695.0,729.0,783.0,1326,1,0,1,Pedestrian
2,679.0,695.0,729.0,783.0,1327,1,0,1,Pedestrian
2,679.0,695.0,729.0,783.0,1328,1,0,1,Pedestrian
2,679.0,695.0,729.0,783.0,1329,1,0,1,Pedestrian
2,679.0,695.0,729.0,783.0,1330,1,0,1,Pedestrian
2,679.0,695.0,729.0,783.0,1331,1,0,1,Pedestrian
2,679.0,695.0,729.0,783.0,1332,1,0,1,Pedestrian
2,679.0,695.0,729.0,783.0,1333,1,0,1,Pedestrian
2,679.0,695.0,729.0,783.0,1334,1,0,1,Pedestrian
2,679.0,695.0,729.0,783.0,1335,1,0,1,Pedestrian
2,679.0,695.0,729.0,783.0,1336,1,0,1,Pedestrian
2,679.0,695.0,729.0,783.0,1337,1,0,1,Pedestrian
2,679.0,695.0,729.0,783.0,1338,1,0,1,Pedestrian
2,679.0,695.0,729.0,783.0,1339,1,0,1,Pedestrian
2,679.0,695.0,729.0,783.0,1340,1,0,1,Pedestrian
2,679.0,695.0,729.0,783.0,1341,1,0,1,Pedestrian
2,679.0,695.0,729.0,783.0,1342,1,0,1,Pedestrian
2,679.0,695.0,729.0,783.0,1343,1,0,1,Pedestrian
2,679.0,695.0,729.0,783.0,1344,1,0,1,Pedestrian
2,679.0,695.0,729.0,783.0,1345,1,0,1,Pedestrian
2,679.0,695.0,729.0,783.0,1346,1,0,1,Pedestrian
2,679.0,695.0,729.0,783.0,1347,1,0,1,Pedestrian
2,679.0,695.0,729.0,783.0,1348,1,0,1,Pedestrian
2,679.0,695.0,729.0,783.0,1349,1,0,1,Pedestrian
2,679.0,695.0,729.0,783.0,1350,1,0,1,Pedestrian
2,679.0,695.0,729.0,783.0,1351,1,0,1,Pedestrian
2,679.0,695.0,729.0,783.0,1352,1,0,1,Pedestrian
2,679.0,695.0,729.0,783.0,1353,1,0,1,Pedestrian
2,679.0,695.0,729.0,783.0,1354,1,0,1,Pedestrian
2,679.0,695.0,729.0,783.0,1355,1,0,1,Pedestrian
2,679.0,695.0,729.0,783.0,1356,1,0,1,Pedestrian
2,679.0,695.0,729.0,783.0,1357,1,0,1,Pedestrian
2,679.0,695.0,729.0,783.0,1358,1,0,1,Pedestrian
2,679.0,695.0,729.0,783.0,1359,1,0,1,Pedestrian
2,679.0,695.0,729.0,783.0,1360,1,0,1,Pedestrian
2,679.0,695.0,729.0,783.0,1361,1,0,1,Pedestrian
2,679.0,695.0,729.0,783.0,1362,1,0,1,Pedestrian
2,679.0,695.0,729.0,783.0,1363,1,0,1,Pedestrian
2,679.0,695.0,729.0,783.0,1364,1,0,1,Pedestrian
2,679.0,695.0,729.0,783.0,1365,1,0,1,Pedestrian
2,679.0,695.0,729.0,783.0,1366,1,0,1,Pedestrian
2,679.0,695.0,729.0,783.0,1367,1,0,1,Pedestrian
2,679.0,695.0,729.0,783.0,1368,1,0,1,Pedestrian
2,679.0,695.0,729.0,783.0,1369,1,0,1,Pedestrian
2,679.0,695.0,729.0,783.0,1370,1,0,1,Pedestrian
2,679.0,695.0,729.0,783.0,1371,1,0,1,Pedestrian
2,679.0,695.0,729.0,783.0,1372,1,0,1,Pedestrian
2,679.0,695.0,729.0,783.0,1373,1,0,1,Pedestrian
2,679.0,695.0,729.0,783.0,1374,1,0,1,Pedestrian
2,679.0,695.0,729.0,783.0,1375,1,0,1,Pedestrian
2,679.0,695.0,729.0,783.0,1376,1,0,1,Pedestrian
2,679.0,695.0,729.0,783.0,1377,1,0,1,Pedestrian
2,679.0,695.0,729.0,783.0,1378,1,0,1,Pedestrian
2,679.0,695.0,729.0,783.0,1379,1,0,1,Pedestrian
2,679.0,695.0,729.0,783.0,1380,1,0,1,Pedestrian
2,679.0,695.0,729.0,783.0,1381,1,0,1,Pedestrian
2,679.0,695.0,729.0,783.0,1382,1,0,1,Pedestrian
2,679.0,695.0,729.0,783.0,1383,1,0,1,Pedestrian
2,679.0,695.0,729.0,783.0,1384,1,0,1,Pedestrian
2,679.0,695.0,729.0,783.0,1385,1,0,1,Pedestrian
2,679.0,695.0,729.0,783.0,1386,1,0,1,Pedestrian
2,679.0,695.0,729.0,783.0,1387,1,0,1,Pedestrian
2,679.0,695.0,729.0,783.0,1388,1,0,1,Pedestrian
2,679.0,695.0,729.0,783.0,1389,1,0,1,Pedestrian
2,679.0,695.0,729.0,783.0,1390,1,0,1,Pedestrian
2,679.0,695.0,729.0,783.0,1391,1,0,1,Pedestrian
2,679.0,695.0,729.0,783.0,1392,1,0,1,Pedestrian
2,679.0,695.0,729.0,783.0,1393,1,0,1,Pedestrian
2,679.0,695.0,729.0,783.0,1394,1,0,1,Pedestrian
2,679.0,695.0,729.0,783.0,1395,1,0,1,Pedestrian
2,679.0,695.0,729.0,783.0,1396,1,0,1,Pedestrian
2,679.0,695.0,729.0,783.0,1397,1,0,1,Pedestrian
2,679.0,695.0,729.0,783.0,1398,1,0,1,Pedestrian
2,679.0,695.0,729.0,783.0,1399,1,0,1,Pedestrian
2,679.0,695.0,729.0,783.0,1400,1,0,1,Pedestrian
2,679.0,695.0,729.0,783.0,1401,1,0,1,Pedestrian
2,679.0,695.0,729.0,783.0,1402,1,0,1,Pedestrian
2,679.0,695.0,729.0,783.0,1403,1,0,1,Pedestrian
2,679.0,695.0,729.0,783.0,1404,1,0,1,Pedestrian
2,679.0,695.0,729.0,783.0,1405,1,0,1,Pedestrian
2,679.0,695.0,729.0,783.0,1406,1,0,1,Pedestrian
2,679.0,695.0,729.0,783.0,1407,1,0,1,Pedestrian
2,679.0,695.0,729.0,783.0,1408,1,0,1,Pedestrian
2,679.0,695.0,729.0,783.0,1409,1,0,1,Pedestrian
2,679.0,695.0,729.0,783.0,1410,1,0,1,Pedestrian
2,679.0,695.0,729.0,783.0,1411,1,0,1,Pedestrian
2,679.0,695.0,729.0,783.0,1412,1,0,1,Pedestrian
2,679.0,695.0,729.0,783.0,1413,1,0,1,Pedestrian
2,679.0,695.0,729.0,783.0,1414,1,0,1,Pedestrian
2,679.0,695.0,729.0,783.0,1415,1,0,1,Pedestrian
2,679.0,695.0,729.0,783.0,1416,1,0,1,Pedestrian
2,679.0,695.0,729.0,783.0,1417,1,0,1,Pedestrian
2,679.0,695.0,729.0,783.0,1418,1,0,1,Pedestrian
2,679.0,695.0,729.0,783.0,1419,1,0,1,Pedestrian
2,679.0,695.0,729.0,783.0,1420,1,0,1,Pedestrian
2,679.0,695.0,729.0,783.0,1421,1,0,1,Pedestrian
2,679.0,695.0,729.0,783.0,1422,1,0,1,Pedestrian
2,679.0,695.0,729.0,783.0,1423,1,0,1,Pedestrian
2,679.0,695.0,729.0,783.0,1424,1,0,1,Pedestrian
2,679.0,695.0,729.0,783.0,1425,1,0,1,Pedestrian
2,679.0,695.0,729.0,783.0,1426,1,0,1,Pedestrian
2,679.0,695.0,729.0,783.0,1427,1,0,1,Pedestrian
2,679.0,695.0,729.0,783.0,1428,1,0,1,Pedestrian
2,679.0,695.0,729.0,783.0,1429,1,0,1,Pedestrian
2,679.0,695.0,729.0,783.0,1430,1,0,1,Pedestrian
2,679.0,695.0,729.0,783.0,1431,1,0,1,Pedestrian
2,679.0,695.0,729.0,783.0,1432,1,1,0,Pedestrian
2,679.0,695.0,729.0,783.0,1433,1,1,1,Pedestrian
2,679.0,695.0,729.0,783.0,1434,1,1,1,Pedestrian
2,679.0,695.0,729.0,783.0,1435,1,1,1,Pedestrian
2,679.0,695.0,729.0,783.0,1436,1,1,1,Pedestrian
2,679.0,695.0,729.0,783.0,1437,1,1,1,Pedestrian
2,679.0,695.0,729.0,783.0,1438,1,1,1,Pedestrian
2,679.0,695.0,729.0,783.0,1439,1,1,1,Pedestrian
2,679.0,695.0,729.0,783.0,1440,1,1,1,Pedestrian
2,679.0,695.0,729.0,783.0,1441,1,0,0,Pedestrian
2,679.0,695.0,729.0,783.0,1442,1,0,1,Pedestrian
2,679.0,695.0,729.0,783.0,1443,1,0,1,Pedestrian
2,679.0,695.0,729.0,783.0,1444,1,0,1,Pedestrian
2,679.0,695.0,729.0,783.0,1445,1,0,1,Pedestrian
2,679.0,695.0,729.0,783.0,1446,1,0,1,Pedestrian
2,679.0,695.0,729.0,783.0,1447,1,0,1,Pedestrian
2,679.0,695.0,729.0,783.0,1448,1,0,1,Pedestrian
2,679.0,695.0,729.0,783.0,1449,1,0,1,Pedestrian
2,679.0,695.0,729.0,783.0,1450,1,0,1,Pedestrian
2,679.0,695.0,729.0,783.0,1451,1,0,1,Pedestrian
2,679.0,695.0,729.0,783.0,1452,1,0,1,Pedestrian
2,679.0,695.0,729.0,783.0,1453,1,0,1,Pedestrian
2,679.0,695.0,729.0,783.0,1454,1,0,1,Pedestrian
2,679.0,695.0,729.0,783.0,1455,1,0,1,Pedestrian
2,679.0,695.0,729.0,783.0,1456,1,0,1,Pedestrian
2,679.0,695.0,729.0,783.0,1457,1,0,1,Pedestrian
2,679.0,695.0,729.0,783.0,1458,1,0,1,Pedestrian
2,679.0,695.0,729.0,783.0,1459,1,0,1,Pedestrian
2,679.0,695.0,729.0,783.0,1460,1,0,1,Pedestrian
2,679.0,695.0,729.0,783.0,1461,1,0,1,Pedestrian
2,679.0,695.0,729.0,783.0,1462,1,0,1,Pedestrian
2,679.0,695.0,729.0,783.0,1463,1,0,1,Pedestrian
2,679.0,695.0,729.0,783.0,1464,1,0,1,Pedestrian
2,679.0,695.0,729.0,783.0,1465,1,0,1,Pedestrian
2,679.0,695.0,729.0,783.0,1466,1,0,1,Pedestrian
2,679.0,695.0,729.0,783.0,1467,1,0,1,Pedestrian
2,679.0,695.0,729.0,783.0,1468,1,0,1,Pedestrian
2,679.0,695.0,729.0,783.0,1469,1,0,1,Pedestrian
2,679.0,695.0,729.0,783.0,1470,1,0,1,Pedestrian
2,679.0,695.0,729.0,783.0,1471,1,0,1,Pedestrian
2,679.0,695.0,729.0,783.0,1472,1,0,1,Pedestrian
2,679.0,695.0,729.0,783.0,1473,1,0,1,Pedestrian
2,679.0,695.0,729.0,783.0,1474,1,0,1,Pedestrian
2,679.0,695.0,729.0,783.0,1475,1,0,1,Pedestrian
2,679.0,695.0,729.0,783.0,1476,1,0,1,Pedestrian
2,679.0,695.0,729.0,783.0,1477,1,0,1,Pedestrian
2,679.0,695.0,729.0,783.0,1478,1,0,1,Pedestrian
2,679.0,695.0,729.0,783.0,1479,1,0,1,Pedestrian
2,679.0,695.0,729.0,783.0,1480,1,0,1,Pedestrian
2,679.0,695.0,729.0,783.0,1481,1,0,1,Pedestrian
2,679.0,695.0,729.0,783.0,1482,1,0,1,Pedestrian
2,679.0,695.0,729.0,783.0,1483,1,0,1,Pedestrian
2,679.0,695.0,729.0,783.0,1484,1,0,1,Pedestrian
2,679.0,695.0,729.0,783.0,1485,1,0,1,Pedestrian
2,679.0,695.0,729.0,783.0,1486,1,0,1,Pedestrian
2,679.0,695.0,729.0,783.0,1487,1,0,1,Pedestrian
2,679.0,695.0,729.0,783.0,1488,1,0,1,Pedestrian
2,679.0,695.0,729.0,783.0,1489,1,0,1,Pedestrian
2,679.0,695.0,729.0,783.0,1490,1,0,1,Pedestrian
2,679.0,695.0,729.0,783.0,1491,1,0,1,Pedestrian
2,679.0,695.0,729.0,783.0,1492,1,0,1,Pedestrian
2,679.0,695.0,729.0,783.0,1493,1,0,1,Pedestrian
2,679.0,695.0,729.0,783.0,1494,1,0,1,Pedestrian
2,679.0,695.0,729.0,783.0,1495,1,0,1,Pedestrian
2,679.0,695.0,729.0,783.0,1496,1,0,1,Pedestrian
2,679.0,695.0,729.0,783.0,1497,1,0,1,Pedestrian
2,679.0,695.0,729.0,783.0,1498,1,0,1,Pedestrian
2,679.0,695.0,729.0,783.0,1499,1,0,1,Pedestrian
2,679.0,695.0,729.0,783.0,1500,1,0,1,Pedestrian
2,679.0,695.0,729.0,783.0,1501,1,0,1,Pedestrian
2,679.0,695.0,729.0,783.0,1502,1,0,1,Pedestrian
2,679.0,695.0,729.0,783.0,1503,1,0,1,Pedestrian
2,679.0,695.0,729.0,783.0,1504,1,0,1,Pedestrian
2,679.0,695.0,729.0,783.0,1505,1,0,1,Pedestrian
2,679.0,695.0,729.0,783.0,1506,1,0,1,Pedestrian
2,679.0,695.0,729.0,783.0,1507,1,0,1,Pedestrian
2,679.0,695.0,729.0,783.0,1508,1,0,1,Pedestrian
2,679.0,695.0,729.0,783.0,1509,1,0,1,Pedestrian
2,679.0,695.0,729.0,783.0,1510,1,0,1,Pedestrian
2,679.0,695.0,729.0,783.0,1511,1,0,1,Pedestrian
2,679.0,695.0,729.0,783.0,1512,1,0,1,Pedestrian
2,679.0,695.0,729.0,783.0,1513,1,0,1,Pedestrian
2,679.0,695.0,729.0,783.0,1514,1,0,1,Pedestrian
2,679.0,695.0,729.0,783.0,1515,1,0,1,Pedestrian
2,679.0,695.0,729.0,783.0,1516,1,0,1,Pedestrian
2,679.0,695.0,729.0,783.0,1517,1,0,1,Pedestrian
2,679.0,695.0,729.0,783.0,1518,1,0,1,Pedestrian
2,679.0,695.0,729.0,783.0,1519,1,0,1,Pedestrian
2,679.0,695.0,729.0,783.0,1520,1,0,1,Pedestrian
2,679.0,695.0,729.0,783.0,1521,1,0,1,Pedestrian
2,679.0,695.0,729.0,783.0,1522,1,0,1,Pedestrian
2,679.0,695.0,729.0,783.0,1523,1,0,1,Pedestrian
2,679.0,695.0,729.0,783.0,1524,1,0,1,Pedestrian
2,679.0,695.0,729.0,783.0,1525,1,0,1,Pedestrian
2,679.0,695.0,729.0,783.0,1526,1,0,1,Pedestrian
2,679.0,695.0,729.0,783.0,1527,1,0,1,Pedestrian
2,679.0,695.0,729.0,783.0,1528,1,0,1,Pedestrian
2,679.0,695.0,729.0,783.0,1529,1,0,1,Pedestrian
2,679.0,695.0,729.0,783.0,1530,1,0,1,Pedestrian
2,679.0,695.0,729.0,783.0,1531,1,0,0,Pedestrian
3,1305.0,594.0,1322.0,682.0,1000,1,0,0,Pedestrian
3,1303.0,590.0,1322.0,678.0,1001,1,0,1,Pedestrian
3,1303.0,590.0,1322.0,678.0,1002,1,0,1,Pedestrian
3,1303.0,590.0,1322.0,678.0,1003,1,0,1,Pedestrian
3,1303.0,590.0,1322.0,678.0,1004,1,0,1,Pedestrian
3,1303.0,590.0,1322.0,678.0,1005,1,0,1,Pedestrian
3,1303.0,590.0,1322.0,678.0,1006,1,0,1,Pedestrian
3,1303.0,590.0,1322.0,678.0,1007,1,0,1,Pedestrian
3,1303.0,590.0,1322.0,678.0,1008,1,0,1,Pedestrian
3,1303.0,590.0,1322.0,678.0,1009,1,0,1,Pedestrian
3,1303.0,590.0,1322.0,678.0,1010,1,0,1,Pedestrian
3,1303.0,590.0,1322.0,678.0,1011,1,0,1,Pedestrian
3,1303.0,590.0,1322.0,678.0,1012,1,0,1,Pedestrian
3,1303.0,590.0,1322.0,678.0,1013,1,0,1,Pedestrian
3,1303.0,590.0,1322.0,678.0,1014,1,0,1,Pedestrian
3,1302.0,590.0,1322.0,678.0,1015,1,0,1,Pedestrian
3,1302.0,590.0,1322.0,678.0,1016,1,0,1,Pedestrian
3,1302.0,590.0,1322.0,678.0,1017,1,0,1,Pedestrian
3,1302.0,590.0,1322.0,678.0,1018,1,0,1,Pedestrian
3,1302.0,590.0,1322.0,678.0,1019,1,0,1,Pedestrian
3,1302.0,590.0,1322.0,678.0,1020,1,0,1,Pedestrian
3,1302.0,590.0,1322.0,678.0,1021,1,0,1,Pedestrian
3,1302.0,590.0,1322.0,678.0,1022,1,0,1,Pedestrian
3,1302.0,590.0,1322.0,678.0,1023,1,0,1,Pedestrian
3,1302.0,590.0,1322.0,678.0,1024,1,0,1,Pedestrian
3,1302.0,590.0,1322.0,678.0,1025,1,0,1,Pedestrian
3,1302.0,590.0,1322.0,674.0,1026,1,0,1,Pedestrian
3,1302.0,590.0,1322.0,674.0,1027,1,0,1,Pedestrian
3,1302.0,590.0,1322.0,674.0,1028,1,0,1,Pedestrian
3,1300.0,590.0,1322.0,674.0,1029,1,0,1,Pedestrian
3,1300.0,590.0,1322.0,674.0,1030,1,0,1,Pedestrian
3,1300.0,590.0,1322.0,674.0,1031,1,0,1,Pedestrian
3,1300.0,590.0,1322.0,674.0,1032,1,0,1,Pedestrian
3,1300.0,590.0,1322.0,674.0,1033,1,0,1,Pedestrian
3,1300.0,586.0,1322.0,674.0,1034,1,0,1,Pedestrian
3,1300.0,586.0,1322.0,674.0,1035,1,0,1,Pedestrian
3,1300.0,586.0,1322.0,674.0,1036,1,0,1,Pedestrian
3,1300.0,586.0,1322.0,674.0,1037,1,0,1,Pedestrian
3,1300.0,586.0,1322.0,674.0,1038,1,0,1,Pedestrian
3,1300.0,586.0,1322.0,674.0,1039,1,0,1,Pedestrian
3,1300.0,586.0,1322.0,674.0,1040,1,0,1,Pedestrian
3,1300.0,586.0,1322.0,674.0,1041,1,0,1,Pedestrian
3,1300.0,586.0,1322.0,674.0,1042,1,0,1,Pedestrian
3,1298.0,586.0,1322.0,674.0,1043,1,0,1,Pedestrian
3,1298.0,586.0,1322.0,674.0,1044,1,0,1,Pedestrian
3,1298.0,586.0,1322.0,674.0,1045,1,0,1,Pedestrian
3,1298.0,586.0,1322.0,674.0,1046,1,0,1,Pedestrian
3,1298.0,586.0,1322.0,674.0,1047,1,0,1,Pedestrian
3,1298.0,586.0,1322.0,674.0,1048,1,0,1,Pedestrian
3,1298.0,586.0,1322.0,674.0,1049,1,0,1,Pedestrian
3,1298.0,586.0,1322.0,674.0,1050,1,0,1,Pedestrian
3,1298.0,586.0,1322.0,670.0,1051,1,0,1,Pedestrian
3,1298.0,586.0,1322.0,670.0,1052,1,0,1,Pedestrian
3,1298.0,586.0,1322.0,670.0,1053,1,0,1,Pedestrian
3,1298.0,586.0,1322.0,670.0,1054,1,0,1,Pedestrian
3,1298.0,586.0,1322.0,670.0,1055,1,0,1,Pedestrian
3,1298.0,586.0,1322.0,670.0,1056,1,0,1,Pedestrian
3,1298.0,586.0,1322.0,670.0,1057,1,0,1,Pedestrian
3,1296.0,586.0,1322.0,670.0,1058,1,0,1,Pedestrian
3,1296.0,586.0,1322.0,670.0,1059,1,0,1,Pedestrian
3,1296.0,586.0,1322.0,670.0,1060,1,0,1,Pedestrian
3,1296.0,586.0,1322.0,670.0,1061,1,0,1,Pedestrian
3,1296.0,586.0,1322.0,670.0,1062,1,0,1,Pedestrian
3,1296.0,586.0,1322.0,670.0,1063,1,0,1,Pedestrian
3,1296.0,586.0,1322.0,670.0,1064,1,0,1,Pedestrian
3,1296.0,586.0,1322.0,670.0,1065,1,0,1,Pedestrian
3,1296.0,586.0,1322.0,670.0,1066,1,0,1,Pedestrian
3,1296.0,582.0,1322.0,670.0,1067,1,0,1,Pedestrian
3,1296.0,582.0,1322.0,670.0,1068,1,0,1,Pedestrian
3,1296.0,582.0,1322.0,670.0,1069,1,0,1,Pedestrian
3,1296.0,582.0,1322.0,670.0,1070,1,0,1,Pedestrian
3,1296.0,582.0,1322.0,670.0,1071,1,0,1,Pedestrian
3,1294.0,582.0,1322.0,670.0,1072,1,0,1,Pedestrian
3,1294.0,582.0,1322.0,670.0,1073,1,0,1,Pedestrian
3,1294.0,582.0,1322.0,670.0,1074,1,0,1,Pedestrian
3,1294.0,582.0,1322.0,670.0,1075,1,0,1,Pedestrian
3,1294.0,582.0,1322.0,666.0,1076,1,0,1,Pedestrian
3,1294.0,582.0,1322.0,666.0,1077,1,0,1,Pedestrian
3,1294.0,582.0,1322.0,666.0,1078,1,0,1,Pedestrian
3,1294.0,582.0,1322.0,666.0,1079,1,0,1,Pedestrian
3,1294.0,582.0,1322.0,666.0,1080,1,0,1,Pedestrian
3,1294.0,582.0,1322.0,666.0,1081,1,0,1,Pedestrian
3,1294.0,582.0,1322.0,666.0,1082,1,0,1,Pedestrian
3,1294.0,582.0,1322.0,666.0,1083,1,0,1,Pedestrian
3,1294.0,582.0,1322.0,666.0,1084,1,0,1,Pedestrian
3,1294.0,582.0,1322.0,666.0,1085,1,0,1,Pedestrian
3,1292.0,582.0,1322.0,666.0,1086,1,0,1,Pedestrian
3,1292.0,582.0,1322.0,666.0,1087,1,0,1,Pedestrian
3,1292.0,582.0,1322.0,666.0,1088,1,0,1,Pedestrian
3,1292.0,582.0,1322.0,666.0,1089,1,0,1,Pedestrian
3,1292.0,582.0,1322.0,666.0,1090,1,0,1,Pedestrian
3,1292.0,582.0,1322.0,666.0,1091,1,0,1,Pedestrian
3,1292.0,582.0,1322.0,666.0,1092,1,0,1,Pedestrian
3,1292.0,582.0,1322.0,666.0,1093,1,0,1,Pedestrian
3,1292.0,582.0,1322.0,666.0,1094,1,0,1,Pedestrian
3,1292.0,582.0,1322.0,666.0,1095,1,0,1,Pedestrian
3,1292.0,582.0,1322.0,666.0,1096,1,0,1,Pedestrian
3,1292.0,582.0,1322.0,666.0,1097,1,0,1,Pedestrian
3,1292.0,582.0,1322.0,666.0,1098,1,0,1,Pedestrian
3,1292.0,582.0,1322.0,666.0,1099,1,0,1,Pedestrian
3,1292.0,582.0,1324.0,666.0,1100,0,0,0,Pedestrian
3,1291.0,578.0,1322.0,661.0,1101,0,0,1,Pedestrian
3,1291.0,578.0,1322.0,661.0,1102,0,0,1,Pedestrian
3,1291.0,578.0,1322.0,661.0,1103,0,0,1,Pedestrian
3,1289.0,578.0,1320.0,661.0,1104,0,0,1,Pedestrian
3,1289.0,578.0,1320.0,661.0,1105,0,0,1,Pedestrian
3,1289.0,578.0,1320.0,661.0,1106,0,0,1,Pedestrian
3,1287.0,578.0,1318.0,661.0,1107,0,0,1,Pedestrian
3,1287.0,573.0,1318.0,657.0,1108,0,0,1,Pedestrian
3,1287.0,573.0,1318.0,657.0,1109,0,0,1,Pedestrian
3,1285.0,573.0,1316.0,657.0,1110,0,0,1,Pedestrian
3,1285.0,573.0,1316.0,657.0,1111,0,0,1,Pedestrian
3,1285.0,573.0,1316.0,657.0,1112,0,0,1,Pedestrian
3,1285.0,573.0,1316.0,657.0,1113,0,0,1,Pedestrian
3,1283.0,573.0,1314.0,657.0,1114,0,0,1,Pedestrian
3,1283.0,573.0,1314.0,657.0,1115,0,0,1,Pedestrian
3,1283.0,569.0,1314.0,653.0,1116,0,0,1,Pedestrian
3,1281.0,569.0,1313.0,653.0,1117,0,0,1,Pedestrian
3,1281.0,569.0,1313.0,653.0,1118,0,0,1,Pedestrian
3,1281.0,569.0,1313.0,653.0,1119,0,0,1,Pedestrian
3,1279.0,569.0,1311.0,653.0,1120,0,0,1,Pedestrian
3,1279.0,569.0,1311.0,653.0,1121,0,0,1,Pedestrian
3,1279.0,569.0,1311.0,653.0,1122,0,0,1,Pedestrian
3,1279.0,569.0,1311.0,653.0,1123,0,0,0,Pedestrian
3,1278.0,565.0,1309.0,649.0,1124,0,0,1,Pedestrian
3,1278.0,565.0,1309.0,649.0,1125,0,0,1,Pedestrian
3,1278.0,565.0,1309.0,649.0,1126,0,0,1,Pedestrian
3,1278.0,565.0,1309.0,649.0,1127,0,0,1,Pedestrian
3,1278.0,565.0,1309.0,649.0,1128,0,0,1,Pedestrian
3,1278.0,565.0,1309.0,649.0,1129,0,0,1,Pedestrian
3,1276.0,565.0,1307.0,649.0,1130,0,0,1,Pedestrian
3,1276.0,565.0,1307.0,649.0,1131,0,0,1,Pedestrian
3,1276.0,565.0,1307.0,649.0,1132,0,0,1,Pedestrian
3,1276.0,565.0,1307.0,649.0,1133,0,0,1,Pedestrian
3,1276.0,565.0,1307.0,649.0,1134,0,0,1,Pedestrian
3,1276.0,565.0,1307.0,649.0,1135,0,0,1,Pedestrian
3,1276.0,565.0,1307.0,649.0,1136,0,0,0,Pedestrian
3,1274.0,565.0,1305.0,649.0,1137,0,0,1,Pedestrian
3,1274.0,565.0,1305.0,649.0,1138,0,0,1,Pedestrian
3,1274.0,565.0,1305.0,649.0,1139,0,0,1,Pedestrian
3,1272.0,565.0,1303.0,649.0,1140,0,0,1,Pedestrian
3,1272.0,565.0,1303.0,649.0,1141,0,0,1,Pedestrian
3,1272.0,565.0,1303.0,649.0,1142,0,0,1,Pedestrian
3,1270.0,565.0,1302.0,649.0,1143,0,0,1,Pedestrian
3,1270.0,565.0,1302.0,649.0,1144,0,0,1,Pedestrian
3,1270.0,565.0,1302.0,649.0,1145,0,0,1,Pedestrian
3,1270.0,565.0,1302.0,649.0,1146,1,0,0,Pedestrian
3,1268.0,565.0,1300.0,649.0,1147,1,0,1,Pedestrian
3,1268.0,565.0,1300.0,649.0,1148,1,0,1,Pedestrian
3,1268.0,565.0,1300.0,649.0,1149,1,0,1,Pedestrian
3,1268.0,565.0,1300.0,649.0,1150,1,0,1,Pedestrian
3,1268.0,565.0,1300.0,649.0,1151,1,0,1,Pedestrian
3,1268.0,565.0,1300.0,649.0,1152,1,0,1,Pedestrian
3,1268.0,565.0,1300.0,649.0,1153,1,0,1,Pedestrian
3,1268.0,565.0,1300.0,649.0,1154,1,0,1,Pedestrian
3,1268.0,565.0,1300.0,649.0,1155,1,0,1,Pedestrian
3,1268.0,565.0,1300.0,649.0,1156,1,0,1,Pedestrian
3,1268.0,565.0,1300.0,649.0,1157,1,0,0,Pedestrian
3,1268.0,565.0,1300.0,649.0,1158,1,0,1,Pedestrian
3,1268.0,565.0,1300.0,649.0,1159,1,0,1,Pedestrian
3,1268.0,565.0,1300.0,649.0,1160,1,0,1,Pedestrian
3,1268.0,565.0,1300.0,649.0,1161,1,0,1,Pedestrian
3,1268.0,565.0,1300.0,649.0,1162,1,0,1,Pedestrian
3,1268.0,565.0,1300.0,649.0,1163,1,0,1,Pedestrian
3,1268.0,565.0,1300.0,649.0,1164,1,0,1,Pedestrian
3,1268.0,565.0,1300.0,649.0,1165,1,0,1,Pedestrian
3,1268.0,565.0,1300.0,649.0,1166,1,0,1,Pedestrian
3,1268.0,565.0,1300.0,649.0,1167,1,0,1,Pedestrian
3,1268.0,565.0,1300.0,649.0,1168,1,0,1,Pedestrian
3,1268.0,565.0,1300.0,649.0,1169,1,0,1,Pedestrian
3,1268.0,565.0,1300.0,649.0,1170,1,0,1,Pedestrian
3,1268.0,565.0,1300.0,649.0,1171,1,0,1,Pedestrian
3,1268.0,565.0,1300.0,649.0,1172,1,0,1,Pedestrian
3,1268.0,565.0,1300.0,649.0,1173,1,0,1,Pedestrian
3,1268.0,565.0,1300.0,649.0,1174,1,0,1,Pedestrian
3,1268.0,565.0,1300.0,649.0,1175,1,0,1,Pedestrian
3,1268.0,565.0,1300.0,649.0,1176,1,0,1,Pedestrian
3,1268.0,565.0,1300.0,649.0,1177,1,0,1,Pedestrian
3,1268.0,565.0,1300.0,649.0,1178,1,0,1,Pedestrian
3,1268.0,565.0,1300.0,649.0,1179,1,0,1,Pedestrian
3,1268.0,565.0,1300.0,649.0,1180,1,0,1,Pedestrian
3,1268.0,565.0,1300.0,649.0,1181,1,0,1,Pedestrian
3,1268.0,565.0,1300.0,649.0,1182,1,0,1,Pedestrian
3,1268.0,565.0,1300.0,649.0,1183,1,0,1,Pedestrian
3,1268.0,565.0,1300.0,649.0,1184,1,0,1,Pedestrian
3,1268.0,565.0,1300.0,649.0,1185,1,0,1,Pedestrian
3,1268.0,565.0,1300.0,649.0,1186,1,0,1,Pedestrian
3,1268.0,565.0,1300.0,649.0,1187,1,0,1,Pedestrian
3,1268.0,565.0,1300.0,649.0,1188,1,0,1,Pedestrian
3,1268.0,565.0,1300.0,649.0,1189,1,0,1,Pedestrian
3,1268.0,565.0,1300.0,649.0,1190,1,0,1,Pedestrian
3,1268.0,565.0,1300.0,649.0,1191,1,0,1,Pedestrian
3,1268.0,565.0,1300.0,649.0,1192,1,0,1,Pedestrian
3,1268.0,565.0,1300.0,649.0,1193,1,0,1,Pedestrian
3,1268.0,565.0,1300.0,649.0,1194,1,0,1,Pedestrian
3,1268.0,565.0,1300.0,649.0,1195,1,0,1,Pedestrian
3,1268.0,565.0,1300.0,649.0,1196,1,0,1,Pedestrian
3,1268.0,565.0,1300.0,649.0,1197,1,0,1,Pedestrian
3,1268.0,565.0,1300.0,649.0,1198,1,0,1,Pedestrian
3,1268.0,565.0,1300.0,649.0,1199,1,0,1,Pedestrian
3,1268.0,565.0,1300.0,649.0,1200,1,0,1,Pedestrian
3,1268.0,565.0,1300.0,649.0,1201,1,0,1,Pedestrian
3,1268.0,565.0,1300.0,649.0,1202,1,0,1,Pedestrian
3,1268.0,565.0,1300.0,649.0,1203,1,0,1,Pedestrian
3,1268.0,565.0,1300.0,649.0,1204,1,0,1,Pedestrian
3,1268.0,565.0,1300.0,649.0,1205,1,0,1,Pedestrian
3,1268.0,565.0,1300.0,649.0,1206,1,0,1,Pedestrian
3,1268.0,565.0,1300.0,649.0,1207,1,0,1,Pedestrian
3,1268.0,565.0,1300.0,649.0,1208,1,0,1,Pedestrian
3,1268.0,565.0,1300.0,649.0,1209,1,0,1,Pedestrian
3,1268.0,565.0,1300.0,649.0,1210,1,0,1,Pedestrian
3,1268.0,565.0,1300.0,649.0,1211,1,0,1,Pedestrian
3,1268.0,565.0,1300.0,649.0,1212,1,0,1,Pedestrian
3,1268.0,565.0,1300.0,649.0,1213,1,0,1,Pedestrian
3,1268.0,565.0,1300.0,649.0,1214,1,0,1,Pedestrian
3,1268.0,565.0,1300.0,649.0,1215,1,0,1,Pedestrian
3,1268.0,565.0,1300.0,649.0,1216,1,0,1,Pedestrian
3,1268.0,565.0,1300.0,649.0,1217,1,0,1,Pedestrian
3,1268.0,565.0,1300.0,649.0,1218,1,0,1,Pedestrian
3,1268.0,565.0,1300.0,649.0,1219,1,0,1,Pedestrian
3,1268.0,565.0,1300.0,649.0,1220,1,0,1,Pedestrian
3,1268.0,565.0,1300.0,649.0,1221,1,0,1,Pedestrian
3,1268.0,565.0,1300.0,649.0,1222,1,0,1,Pedestrian
3,1268.0,565.0,1300.0,649.0,1223,1,0,1,Pedestrian
3,1268.0,565.0,1300.0,649.0,1224,1,0,1,Pedestrian
3,1268.0,565.0,1300.0,649.0,1225,1,0,1,Pedestrian
3,1268.0,565.0,1300.0,649.0,1226,1,0,1,Pedestrian
3,1268.0,565.0,1300.0,649.0,1227,1,0,1,Pedestrian
3,1268.0,565.0,1300.0,649.0,1228,1,0,1,Pedestrian
3,1268.0,565.0,1300.0,649.0,1229,1,0,1,Pedestrian
3,1268.0,565.0,1300.0,649.0,1230,1,0,1,Pedestrian
3,1268.0,565.0,1300.0,649.0,1231,1,0,1,Pedestrian
3,1268.0,565.0,1300.0,649.0,1232,1,0,1,Pedestrian
3,1268.0,565.0,1300.0,649.0,1233,1,0,1,Pedestrian
3,1268.0,565.0,1300.0,649.0,1234,1,0,1,Pedestrian
3,1268.0,565.0,1300.0,649.0,1235,1,0,1,Pedestrian
3,1268.0,565.0,1300.0,649.0,1236,1,0,1,Pedestrian
3,1268.0,565.0,1300.0,649.0,1237,1,0,1,Pedestrian
3,1268.0,565.0,1300.0,649.0,1238,1,0,1,Pedestrian
3,1268.0,565.0,1300.0,649.0,1239,1,0,1,Pedestrian
3,1268.0,565.0,1300.0,649.0,1240,1,0,1,Pedestrian
3,1268.0,565.0,1300.0,649.0,1241,1,0,1,Pedestrian
3,1268.0,565.0,1300.0,649.0,1242,1,0,1,Pedestrian
3,1268.0,565.0,1300.0,649.0,1243,1,0,1,Pedestrian
3,1268.0,565.0,1300.0,649.0,1244,1,0,1,Pedestrian
3,1268.0,565.0,1300.0,649.0,1245,1,0,1,Pedestrian
3,1268.0,565.0,1300.0,649.0,1246,1,0,1,Pedestrian
3,1268.0,565.0,1300.0,649.0,1247,1,0,1,Pedestrian
3,1268.0,565.0,1300.0,649.0,1248,1,0,1,Pedestrian
3,1268.0,565.0,1300.0,649.0,1249,1,0,1,Pedestrian
3,1268.0,565.0,1300.0,649.0,1250,1,0,1,Pedestrian
3,1268.0,565.0,1300.0,649.0,1251,1,0,1,Pedestrian
3,1268.0,565.0,1300.0,649.0,1252,1,0,1,Pedestrian
3,1268.0,565.0,1300.0,649.0,1253,1,0,1,Pedestrian
3,1268.0,565.0,1300.0,649.0,1254,1,0,1,Pedestrian
3,1268.0,565.0,1300.0,649.0,1255,1,0,1,Pedestrian
3,1268.0,565.0,1300.0,649.0,1256,1,0,1,Pedestrian
3,1268.0,565.0,1300.0,649.0,1257,1,0,1,Pedestrian
3,1268.0,565.0,1300.0,649.0,1258,1,0,1,Pedestrian
3,1268.0,565.0,1300.0,649.0,1259,1,0,1,Pedestrian
3,1268.0,565.0,1300.0,649.0,1260,1,0,1,Pedestrian
3,1268.0,565.0,1300.0,649.0,1261,1,0,1,Pedestrian
3,1268.0,565.0,1300.0,649.0,1262,1,0,1,Pedestrian
3,1268.0,565.0,1300.0,649.0,1263,1,0,1,Pedestrian
3,1268.0,565.0,1300.0,649.0,1264,1,0,1,Pedestrian
3,1268.0,565.0,1300.0,649.0,1265,1,0,1,Pedestrian
3,1268.0,565.0,1300.0,649.0,1266,1,0,1,Pedestrian
3,1268.0,565.0,1300.0,649.0,1267,1,0,1,Pedestrian
3,1268.0,565.0,1300.0,649.0,1268,1,0,1,Pedestrian
3,1268.0,565.0,1300.0,649.0,1269,1,0,1,Pedestrian
3,1268.0,565.0,1300.0,649.0,1270,1,0,1,Pedestrian
3,1268.0,565.0,1300.0,649.0,1271,1,0,1,Pedestrian
3,1268.0,565.0,1300.0,649.0,1272,1,0,1,Pedestrian
3,1268.0,565.0,1300.0,649.0,1273,1,0,1,Pedestrian
3,1268.0,565.0,1300.0,649.0,1274,1,0,1,Pedestrian
3,1268.0,565.0,1300.0,649.0,1275,1,0,1,Pedestrian
3,1268.0,565.0,1300.0,649.0,1276,1,0,1,Pedestrian
3,1268.0,565.0,1300.0,649.0,1277,1,0,1,Pedestrian
3,1268.0,565.0,1300.0,649.0,1278,1,0,1,Pedestrian
3,1268.0,565.0,1300.0,649.0,1279,1,0,1,Pedestrian
3,1268.0,565.0,1300.0,649.0,1280,1,0,1,Pedestrian
3,1268.0,565.0,1300.0,649.0,1281,1,0,1,Pedestrian
3,1268.0,565.0,1300.0,649.0,1282,1,0,1,Pedestrian
3,1268.0,565.0,1300.0,649.0,1283,1,0,1,Pedestrian
3,1268.0,565.0,1300.0,649.0,1284,1,0,1,Pedestrian
3,1268.0,565.0,1300.0,649.0,1285,1,0,1,Pedestrian
3,1268.0,565.0,1300.0,649.0,1286,1,0,1,Pedestrian
3,1268.0,565.0,1300.0,649.0,1287,1,0,1,Pedestrian
3,1268.0,565.0,1300.0,649.0,1288,1,0,1,Pedestrian
3,1268.0,565.0,1300.0,649.0,1289,1,0,1,Pedestrian
3,1268.0,565.0,1300.0,649.0,1290,1,0,1,Pedestrian
3,1268.0,565.0,1300.0,649.0,1291,1,0,1,Pedestrian
3,1268.0,565.0,1300.0,649.0,1292,1,0,1,Pedestrian
3,1268.0,565.0,1300.0,649.0,1293,1,0,1,Pedestrian
3,1268.0,565.0,1300.0,649.0,1294,1,0,1,Pedestrian
3,1268.0,565.0,1300.0,649.0,1295,1,0,1,Pedestrian
3,1268.0,565.0,1300.0,649.0,1296,1,0,1,Pedestrian
3,1268.0,565.0,1300.0,649.0,1297,1,0,1,Pedestrian
3,1268.0,565.0,1300.0,649.0,1298,1,0,1,Pedestrian
3,1268.0,565.0,1300.0,649.0,1299,1,0,1,Pedestrian
3,1268.0,565.0,1300.0,649.0,1300,1,0,1,Pedestrian
3,1268.0,565.0,1300.0,649.0,1301,1,0,1,Pedestrian
3,1268.0,565.0,1300.0,649.0,1302,1,0,1,Pedestrian
3,1268.0,565.0,1300.0,649.0,1303,1,0,1,Pedestrian
3,1268.0,565.0,1300.0,649.0,1304,1,0,1,Pedestrian
3,1268.0,565.0,1300.0,649.0,1305,1,0,1,Pedestrian
3,1268.0,565.0,1300.0,649.0,1306,1,0,1,Pedestrian
3,1268.0,565.0,1300.0,649.0,1307,1,0,1,Pedestrian
3,1268.0,565.0,1300.0,649.0,1308,1,0,1,Pedestrian
3,1268.0,565.0,1300.0,649.0,1309,1,0,1,Pedestrian
3,1268.0,565.0,1300.0,649.0,1310,1,0,1,Pedestrian
3,1268.0,565.0,1300.0,649.0,1311,1,0,1,Pedestrian
3,1268.0,565.0,1300.0,649.0,1312,1,0,1,Pedestrian
3,1268.0,565.0,1300.0,649.0,1313,1,0,1,Pedestrian
3,1268.0,565.0,1300.0,649.0,1314,1,0,1,Pedestrian
3,1268.0,565.0,1300.0,649.0,1315,1,0,1,Pedestrian
3,1268.0,565.0,1300.0,649.0,1316,1,0,1,Pedestrian
3,1268.0,565.0,1300.0,649.0,1317,1,0,1,Pedestrian
3,1268.0,565.0,1300.0,649.0,1318,1,0,1,Pedestrian
3,1268.0,565.0,1300.0,649.0,1319,1,0,1,Pedestrian
3,1268.0,565.0,1300.0,649.0,1320,1,0,1,Pedestrian
3,1268.0,565.0,1300.0,649.0,1321,1,0,1,Pedestrian
3,1268.0,565.0,1300.0,649.0,1322,1,0,1,Pedestrian
3,1268.0,565.0,1300.0,649.0,1323,1,0,1,Pedestrian
3,1268.0,565.0,1300.0,649.0,1324,1,0,1,Pedestrian
3,1268.0,565.0,1300.0,649.0,1325,1,0,1,Pedestrian
3,1268.0,565.0,1300.0,649.0,1326,1,0,1,Pedestrian
3,1268.0,565.0,1300.0,649.0,1327,1,0,1,Pedestrian
3,1268.0,565.0,1300.0,649.0,1328,1,0,1,Pedestrian
3,1268.0,565.0,1300.0,649.0,1329,1,0,1,Pedestrian
3,1268.0,565.0,1300.0,649.0,1330,1,0,1,Pedestrian
3,1268.0,565.0,1300.0,649.0,1331,1,0,1,Pedestrian
3,1268.0,565.0,1300.0,649.0,1332,1,0,1,Pedestrian
3,1268.0,565.0,1300.0,649.0,1333,1,0,1,Pedestrian
3,1268.0,565.0,1300.0,649.0,1334,1,0,1,Pedestrian
3,1268.0,565.0,1300.0,649.0,1335,1,0,1,Pedestrian
3,1268.0,565.0,1300.0,649.0,1336,1,0,1,Pedestrian
3,1268.0,565.0,1300.0,649.0,1337,1,0,1,Pedestrian
3,1268.0,565.0,1300.0,649.0,1338,1,0,1,Pedestrian
3,1268.0,565.0,1300.0,649.0,1339,1,0,1,Pedestrian
3,1268.0,565.0,1300.0,649.0,1340,1,0,1,Pedestrian
3,1268.0,565.0,1300.0,649.0,1341,1,0,1,Pedestrian
3,1268.0,565.0,1300.0,649.0,1342,1,0,1,Pedestrian
3,1268.0,565.0,1300.0,649.0,1343,1,0,1,Pedestrian
3,1268.0,565.0,1300.0,649.0,1344,1,0,1,Pedestrian
3,1268.0,565.0,1300.0,649.0,1345,1,0,1,Pedestrian
3,1268.0,565.0,1300.0,649.0,1346,1,0,1,Pedestrian
3,1268.0,565.0,1300.0,649.0,1347,1,0,1,Pedestrian
3,1268.0,565.0,1300.0,649.0,1348,1,0,1,Pedestrian
3,1268.0,565.0,1300.0,649.0,1349,1,0,1,Pedestrian
3,1268.0,565.0,1300.0,649.0,1350,1,0,1,Pedestrian
3,1268.0,565.0,1300.0,649.0,1351,1,0,1,Pedestrian
3,1268.0,565.0,1300.0,649.0,1352,1,0,1,Pedestrian
3,1268.0,565.0,1300.0,649.0,1353,1,0,1,Pedestrian
3,1268.0,565.0,1300.0,649.0,1354,1,0,1,Pedestrian
3,1268.0,565.0,1300.0,649.0,1355,1,0,1,Pedestrian
3,1268.0,565.0,1300.0,649.0,1356,1,0,1,Pedestrian
3,1268.0,565.0,1300.0,649.0,1357,1,0,1,Pedestrian
3,1268.0,565.0,1300.0,649.0,1358,1,0,1,Pedestrian
3,1268.0,565.0,1300.0,649.0,1359,1,0,1,Pedestrian
3,1268.0,565.0,1300.0,649.0,1360,1,0,1,Pedestrian
3,1268.0,565.0,1300.0,649.0,1361,1,0,1,Pedestrian
3,1268.0,565.0,1300.0,649.0,1362,1,0,1,Pedestrian
3,1268.0,565.0,1300.0,649.0,1363,1,0,1,Pedestrian
3,1268.0,565.0,1300.0,649.0,1364,1,0,1,Pedestrian
3,1268.0,565.0,1300.0,649.0,1365,1,0,1,Pedestrian
3,1268.0,565.0,1300.0,649.0,1366,1,0,1,Pedestrian
3,1268.0,565.0,1300.0,649.0,1367,1,0,1,Pedestrian
3,1268.0,565.0,1300.0,649.0,1368,1,0,1,Pedestrian
3,1268.0,565.0,1300.0,649.0,1369,1,0,1,Pedestrian
3,1268.0,565.0,1300.0,649.0,1370,1,0,1,Pedestrian
3,1268.0,565.0,1300.0,649.0,1371,1,0,1,Pedestrian
3,1268.0,565.0,1300.0,649.0,1372,1,0,1,Pedestrian
3,1268.0,565.0,1300.0,649.0,1373,1,0,1,Pedestrian
3,1268.0,565.0,1300.0,649.0,1374,1,0,1,Pedestrian
3,1268.0,565.0,1300.0,649.0,1375,1,0,1,Pedestrian
3,1268.0,565.0,1300.0,649.0,1376,1,0,1,Pedestrian
3,1268.0,565.0,1300.0,649.0,1377,1,0,1,Pedestrian
3,1268.0,565.0,1300.0,649.0,1378,1,0,1,Pedestrian
3,1268.0,565.0,1300.0,649.0,1379,1,0,1,Pedestrian
3,1268.0,565.0,1300.0,649.0,1380,1,0,1,Pedestrian
3,1268.0,565.0,1300.0,649.0,1381,1,0,1,Pedestrian
3,1268.0,565.0,1300.0,649.0,1382,1,0,1,Pedestrian
3,1268.0,565.0,1300.0,649.0,1383,1,0,1,Pedestrian
3,1268.0,565.0,1300.0,649.0,1384,1,0,1,Pedestrian
3,1268.0,565.0,1300.0,649.0,1385,1,0,1,Pedestrian
3,1268.0,565.0,1300.0,649.0,1386,1,0,1,Pedestrian
3,1268.0,565.0,1300.0,649.0,1387,1,0,1,Pedestrian
3,1268.0,565.0,1300.0,649.0,1388,1,0,1,Pedestrian
3,1268.0,565.0,1300.0,649.0,1389,1,0,1,Pedestrian
3,1268.0,565.0,1300.0,649.0,1390,1,0,1,Pedestrian
3,1268.0,565.0,1300.0,649.0,1391,1,0,1,Pedestrian
3,1268.0,565.0,1300.0,649.0,1392,1,0,1,Pedestrian
3,1268.0,565.0,1300.0,649.0,1393,1,0,1,Pedestrian
3,1268.0,565.0,1300.0,649.0,1394,1,0,1,Pedestrian
3,1268.0,565.0,1300.0,649.0,1395,1,0,1,Pedestrian
3,1268.0,565.0,1300.0,649.0,1396,1,0,1,Pedestrian
3,1268.0,565.0,1300.0,649.0,1397,1,0,1,Pedestrian
3,1268.0,565.0,1300.0,649.0,1398,1,0,1,Pedestrian
3,1268.0,565.0,1300.0,649.0,1399,1,0,1,Pedestrian
3,1268.0,565.0,1300.0,649.0,1400,1,0,1,Pedestrian
3,1268.0,565.0,1300.0,649.0,1401,1,0,1,Pedestrian
3,1268.0,565.0,1300.0,649.0,1402,1,0,1,Pedestrian
3,1268.0,565.0,1300.0,649.0,1403,1,0,1,Pedestrian
3,1268.0,565.0,1300.0,649.0,1404,1,0,1,Pedestrian
3,1268.0,565.0,1300.0,649.0,1405,1,0,1,Pedestrian
3,1268.0,565.0,1300.0,649.0,1406,1,0,1,Pedestrian
3,1268.0,565.0,1300.0,649.0,1407,1,0,1,Pedestrian
3,1268.0,565.0,1300.0,649.0,1408,1,0,1,Pedestrian
3,1268.0,565.0,1300.0,649.0,1409,1,0,1,Pedestrian
3,1268.0,565.0,1300.0,649.0,1410,1,0,1,Pedestrian
3,1268.0,565.0,1300.0,649.0,1411,1,0,1,Pedestrian
3,1268.0,565.0,1300.0,649.0,1412,1,0,1,Pedestrian
3,1268.0,565.0,1300.0,649.0,1413,1,0,1,Pedestrian
3,1268.0,565.0,1300.0,649.0,1414,1,0,1,Pedestrian
3,1268.0,565.0,1300.0,649.0,1415,1,0,1,Pedestrian
3,1268.0,565.0,1300.0,649.0,1416,1,0,1,Pedestrian
3,1268.0,565.0,1300.0,649.0,1417,1,0,1,Pedestrian
3,1268.0,565.0,1300.0,649.0,1418,1,0,1,Pedestrian
3,1268.0,565.0,1300.0,649.0,1419,1,0,1,Pedestrian
3,1268.0,565.0,1300.0,649.0,1420,1,0,1,Pedestrian
3,1268.0,565.0,1300.0,649.0,1421,1,0,1,Pedestrian
3,1268.0,565.0,1300.0,649.0,1422,1,0,1,Pedestrian
3,1268.0,565.0,1300.0,649.0,1423,1,0,1,Pedestrian
3,1268.0,565.0,1300.0,649.0,1424,1,0,1,Pedestrian
3,1268.0,565.0,1300.0,649.0,1425,1,0,1,Pedestrian
3,1268.0,565.0,1300.0,649.0,1426,1,0,1,Pedestrian
3,1268.0,565.0,1300.0,649.0,1427,1,0,1,Pedestrian
3,1268.0,565.0,1300.0,649.0,1428,1,0,1,Pedestrian
3,1268.0,565.0,1300.0,649.0,1429,1,0,1,Pedestrian
3,1268.0,565.0,1300.0,649.0,1430,1,0,1,Pedestrian
3,1268.0,565.0,1300.0,649.0,1431,1,0,1,Pedestrian
3,1268.0,565.0,1300.0,649.0,1432,1,0,1,Pedestrian
3,1268.0,565.0,1300.0,649.0,1433,1,0,1,Pedestrian
3,1268.0,565.0,1300.0,649.0,1434,1,0,1,Pedestrian
3,1268.0,565.0,1300.0,649.0,1435,1,0,1,Pedestrian
3,1268.0,565.0,1300.0,649.0,1436,1,0,1,Pedestrian
3,1268.0,565.0,1300.0,649.0,1437,1,0,1,Pedestrian
3,1268.0,565.0,1300.0,649.0,1438,1,0,1,Pedestrian
3,1268.0,565.0,1300.0,649.0,1439,1,0,1,Pedestrian
3,1268.0,565.0,1300.0,649.0,1440,1,0,1,Pedestrian
3,1268.0,565.0,1300.0,649.0,1441,1,0,1,Pedestrian
3,1268.0,565.0,1300.0,649.0,1442,1,0,1,Pedestrian
3,1268.0,565.0,1300.0,649.0,1443,1,0,1,Pedestrian
3,1268.0,565.0,1300.0,649.0,1444,1,0,1,Pedestrian
3,1268.0,565.0,1300.0,649.0,1445,1,0,1,Pedestrian
3,1268.0,565.0,1300.0,649.0,1446,1,0,1,Pedestrian
3,1268.0,565.0,1300.0,649.0,1447,1,0,1,Pedestrian
3,1268.0,565.0,1300.0,649.0,1448,1,0,1,Pedestrian
3,1268.0,565.0,1300.0,649.0,1449,1,0,1,Pedestrian
3,1268.0,565.0,1300.0,649.0,1450,1,0,1,Pedestrian
3,1268.0,565.0,1300.0,649.0,1451,1,0,1,Pedestrian
3,1268.0,565.0,1300.0,649.0,1452,1,0,1,Pedestrian
3,1268.0,565.0,1300.0,649.0,1453,1,0,1,Pedestrian
3,1268.0,565.0,1300.0,649.0,1454,1,0,1,Pedestrian
3,1268.0,565.0,1300.0,649.0,1455,1,0,1,Pedestrian
3,1268.0,565.0,1300.0,649.0,1456,1,0,1,Pedestrian
3,1268.0,565.0,1300.0,649.0,1457,1,0,1,Pedestrian
3,1268.0,565.0,1300.0,649.0,1458,1,0,1,Pedestrian
3,1268.0,565.0,1300.0,649.0,1459,1,0,1,Pedestrian
3,1268.0,565.0,1300.0,649.0,1460,1,0,1,Pedestrian
3,1268.0,565.0,1300.0,649.0,1461,1,0,1,Pedestrian
3,1268.0,565.0,1300.0,649.0,1462,1,0,1,Pedestrian
3,1268.0,565.0,1300.0,649.0,1463,1,0,1,Pedestrian
3,1268.0,565.0,1300.0,649.0,1464,1,0,1,Pedestrian
3,1268.0,565.0,1300.0,649.0,1465,1,0,1,Pedestrian
3,1268.0,565.0,1300.0,649.0,1466,1,0,1,Pedestrian
3,1268.0,565.0,1300.0,649.0,1467,1,0,1,Pedestrian
3,1268.0,565.0,1300.0,649.0,1468,1,0,1,Pedestrian
3,1268.0,565.0,1300.0,649.0,1469,1,0,1,Pedestrian
3,1268.0,565.0,1300.0,649.0,1470,1,0,1,Pedestrian
3,1268.0,565.0,1300.0,649.0,1471,1,0,1,Pedestrian
3,1268.0,565.0,1300.0,649.0,1472,1,0,1,Pedestrian
3,1268.0,565.0,1300.0,649.0,1473,1,0,1,Pedestrian
3,1268.0,565.0,1300.0,649.0,1474,1,0,1,Pedestrian
3,1268.0,565.0,1300.0,649.0,1475,1,0,1,Pedestrian
3,1268.0,565.0,1300.0,649.0,1476,1,0,1,Pedestrian
3,1268.0,565.0,1300.0,649.0,1477,1,0,1,Pedestrian
3,1268.0,565.0,1300.0,649.0,1478,1,0,1,Pedestrian
3,1268.0,565.0,1300.0,649.0,1479,1,0,1,Pedestrian
3,1268.0,565.0,1300.0,649.0,1480,1,0,1,Pedestrian
3,1268.0,565.0,1300.0,649.0,1481,1,0,1,Pedestrian
3,1268.0,565.0,1300.0,649.0,1482,1,0,1,Pedestrian
3,1268.0,565.0,1300.0,649.0,1483,1,0,1,Pedestrian
3,1268.0,565.0,1300.0,649.0,1484,1,0,1,Pedestrian
3,1268.0,565.0,1300.0,649.0,1485,1,0,1,Pedestrian
3,1268.0,565.0,1300.0,649.0,1486,1,0,1,Pedestrian
3,1268.0,565.0,1300.0,649.0,1487,1,0,1,Pedestrian
3,1268.0,565.0,1300.0,649.0,1488,1,0,1,Pedestrian
3,1268.0,565.0,1300.0,649.0,1489,1,0,1,Pedestrian
3,1268.0,565.0,1300.0,649.0,1490,1,0,1,Pedestrian
3,1268.0,565.0,1300.0,649.0,1491,1,0,1,Pedestrian
3,1268.0,565.0,1300.0,649.0,1492,1,0,1,Pedestrian
3,1268.0,565.0,1300.0,649.0,1493,1,0,1,Pedestrian
3,1268.0,565.0,1300.0,649.0,1494,1,0,1,Pedestrian
3,1268.0,565.0,1300.0,649.0,1495,1,0,1,Pedestrian
3,1268.0,565.0,1300.0,649.0,1496,1,0,1,Pedestrian
3,1268.0,565.0,1300.0,649.0,1497,1,0,1,Pedestrian
3,1268.0,565.0,1300.0,649.0,1498,1,0,1,Pedestrian
3,1268.0,565.0,1300.0,649.0,1499,1,0,1,Pedestrian
3,1268.0,565.0,1300.0,649.0,1500,1,0,0,Pedestrian
3,1268.0,565.0,1300.0,649.0,1501,1,0,1,Pedestrian
3,1268.0,565.0,1300.0,649.0,1502,1,0,1,Pedestrian
3,1268.0,565.0,1300.0,649.0,1503,1,0,1,Pedestrian
3,1268.0,565.0,1300.0,649.0,1504,1,0,1,Pedestrian
3,1268.0,565.0,1300.0,649.0,1505,1,0,1,Pedestrian
3,1268.0,565.0,1300.0,649.0,1506,1,0,1,Pedestrian
3,1268.0,565.0,1300.0,653.0,1507,1,0,1,Pedestrian
3,1268.0,565.0,1300.0,653.0,1508,1,0,1,Pedestrian
3,1268.0,565.0,1300.0,653.0,1509,1,0,1,Pedestrian
3,1268.0,565.0,1300.0,653.0,1510,1,0,1,Pedestrian
3,1268.0,565.0,1300.0,653.0,1511,1,0,1,Pedestrian
3,1268.0,569.0,1300.0,653.0,1512,1,0,1,Pedestrian
3,1270.0,569.0,1300.0,653.0,1513,1,0,1,Pedestrian
3,1270.0,569.0,1302.0,657.0,1514,1,0,1,Pedestrian
3,1270.0,569.0,1302.0,657.0,1515,1,0,1,Pedestrian
3,1270.0,569.0,1302.0,657.0,1516,1,0,1,Pedestrian
3,1270.0,569.0,1302.0,657.0,1517,1,0,1,Pedestrian
3,1270.0,569.0,1302.0,657.0,1518,1,0,1,Pedestrian
3,1270.0,569.0,1302.0,657.0,1519,1,0,1,Pedestrian
3,1270.0,569.0,1302.0,657.0,1520,1,0,1,Pedestrian
3,1270.0,569.0,1302.0,661.0,1521,1,0,1,Pedestrian
3,1270.0,569.0,1302.0,661.0,1522,1,0,1,Pedestrian
3,1270.0,569.0,1302.0,661.0,1523,1,0,1,Pedestrian
3,1270.0,573.0,1302.0,661.0,1524,1,0,1,Pedestrian
3,1270.0,573.0,1302.0,661.0,1525,1,0,1,Pedestrian
3,1272.0,573.0,1302.0,661.0,1526,1,0,1,Pedestrian
3,1272.0,573.0,1302.0,661.0,1527,1,0,1,Pedestrian
3,1272.0,573.0,1303.0,666.0,1528,1,0,1,Pedestrian
3,1272.0,573.0,1303.0,666.0,1529,1,0,1,Pedestrian
3,1272.0,573.0,1303.0,666.0,1530,1,0,1,Pedestrian
3,1272.0,573.0,1303.0,666.0,1531,1,0,1,Pedestrian
3,1272.0,573.0,1303.0,666.0,1532,1,0,1,Pedestrian
3,1272.0,573.0,1303.0,666.0,1533,1,0,1,Pedestrian
3,1272.0,573.0,1303.0,666.0,1534,1,0,1,Pedestrian
3,1272.0,573.0,1303.0,670.0,1535,1,0,1,Pedestrian
3,1272.0,578.0,1303.0,670.0,1536,1,0,1,Pedestrian
3,1272.0,578.0,1303.0,670.0,1537,1,0,1,Pedestrian
3,1272.0,578.0,1303.0,670.0,1538,1,0,1,Pedestrian
3,1274.0,578.0,1303.0,670.0,1539,1,0,1,Pedestrian
3,1274.0,578.0,1303.0,670.0,1540,1,0,1,Pedestrian
3,1274.0,578.0,1303.0,670.0,1541,1,0,1,Pedestrian
3,1274.0,578.0,1305.0,674.0,1542,1,0,1,Pedestrian
3,1274.0,578.0,1305.0,674.0,1543,1,0,1,Pedestrian
3,1274.0,578.0,1305.0,674.0,1544,1,0,1,Pedestrian
3,1274.0,578.0,1305.0,674.0,1545,1,0,1,Pedestrian
3,1274.0,578.0,1305.0,674.0,1546,1,0,1,Pedestrian
3,1274.0,578.0,1305.0,674.0,1547,1,0,1,Pedestrian
3,1274.0,582.0,1305.0,674.0,1548,1,0,1,Pedestrian
3,1274.0,582.0,1305.0,678.0,1549,1,0,1,Pedestrian
3,1274.0,582.0,1305.0,678.0,1550,1,0,1,Pedestrian
3,1274.0,582.0,1305.0,678.0,1551,1,0,1,Pedestrian
3,1276.0,582.0,1305.0,678.0,1552,1,0,1,Pedestrian
3,1276.0,582.0,1305.0,678.0,1553,1,0,1,Pedestrian
3,1276.0,582.0,1305.0,678.0,1554,1,0,1,Pedestrian
3,1276.0,582.0,1305.0,678.0,1555,1,0,1,Pedestrian
3,1276.0,582.0,1307.0,682.0,1556,1,0,1,Pedestrian
3,1276.0,582.0,1307.0,682.0,1557,1,0,1,Pedestrian
3,1276.0,582.0,1307.0,682.0,1558,1,0,1,Pedestrian
3,1276.0,582.0,1307.0,682.0,1559,1,0,1,Pedestrian
3,1276.0,586.0,1307.0,682.0,1560,1,0,1,Pedestrian
3,1276.0,586.0,1307.0,682.0,1561,1,0,1,Pedestrian
3,1276.0,586.0,1307.0,682.0,1562,1,0,1,Pedestrian
3,1276.0,586.0,1307.0,687.0,1563,1,0,1,Pedestrian
3,1276.0,586.0,1307.0,687.0,1564,1,0,1,Pedestrian
3,1278.0,586.0,1307.0,687.0,1565,1,0,1,Pedestrian
3,1278.0,586.0,1307.0,687.0,1566,1,0,1,Pedestrian
3,1278.0,586.0,1307.0,687.0,1567,1,0,1,Pedestrian
3,1278.0,586.0,1307.0,687.0,1568,1,0,1,Pedestrian
3,1278.0,586.0,1307.0,687.0,1569,1,0,1,Pedestrian
3,1278.0,586.0,1309.0,691.0,1570,1,0,1,Pedestrian
3,1278.0,586.0,1309.0,691.0,1571,1,0,1,Pedestrian
3,1278.0,590.0,1309.0,691.0,1572,1,0,1,Pedestrian
3,1278.0,590.0,1309.0,691.0,1573,1,0,1,Pedestrian
3,1278.0,590.0,1309.0,691.0,1574,1,0,1,Pedestrian
3,1278.0,590.0,1309.0,691.0,1575,1,0,1,Pedestrian
3,1278.0,590.0,1309.0,691.0,1576,1,0,1,Pedestrian
3,1278.0,590.0,1309.0,695.0,1577,1,0,1,Pedestrian
3,1279.0,590.0,1309.0,695.0,1578,1,0,1,Pedestrian
3,1279.0,590.0,1309.0,695.0,1579,1,0,1,Pedestrian
3,1279.0,590.0,1309.0,695.0,1580,1,0,1,Pedestrian
3,1279.0,590.0,1309.0,695.0,1581,1,0,1,Pedestrian
3,1279.0,590.0,1309.0,695.0,1582,1,0,1,Pedestrian
3,1279.0,590.0,1309.0,695.0,1583,1,0,1,Pedestrian
3,1279.0,594.0,1311.0,699.0,1584,1,0,1,Pedestrian
3,1279.0,594.0,1311.0,699.0,1585,1,0,1,Pedestrian
3,1279.0,594.0,1311.0,699.0,1586,1,0,1,Pedestrian
3,1279.0,594.0,1311.0,699.0,1587,1,0,1,Pedestrian
3,1279.0,594.0,1311.0,699.0,1588,1,0,1,Pedestrian
3,1279.0,594.0,1311.0,699.0,1589,1,0,1,Pedestrian
3,1281.0,594.0,1311.0,703.0,1590,1,0,1,Pedestrian
3,1281.0,594.0,1311.0,703.0,1591,1,0,1,Pedestrian
3,1281.0,594.0,1311.0,703.0,1592,1,0,1,Pedestrian
3,1281.0,594.0,1311.0,703.0,1593,1,0,1,Pedestrian
3,1281.0,594.0,1311.0,703.0,1594,1,0,1,Pedestrian
3,1281.0,594.0,1311.0,703.0,1595,1,0,1,Pedestrian
3,1281.0,599.0,1311.0,703.0,1596,1,0,1,Pedestrian
3,1281.0,599.0,1313.0,708.0,1597,1,0,1,Pedestrian
3,1281.0,599.0,1313.0,708.0,1598,1,0,1,Pedestrian
3,1281.0,599.0,1313.0,708.0,1599,1,0,1,Pedestrian
3,1281.0,599.0,1313.0,708.0,1600,1,0,1,Pedestrian
3,1281.0,599.0,1313.0,708.0,1601,1,0,1,Pedestrian
3,1281.0,599.0,1313.0,708.0,1602,1,0,1,Pedestrian
3,1283.0,599.0,1313.0,708.0,1603,1,0,1,Pedestrian
3,1283.0,599.0,1313.0,712.0,1604,1,0,1,Pedestrian
3,1283.0,599.0,1313.0,712.0,1605,1,0,1,Pedestrian
3,1283.0,599.0,1313.0,712.0,1606,1,0,1,Pedestrian
3,1283.0,599.0,1313.0,712.0,1607,1,0,1,Pedestrian
3,1283.0,603.0,1313.0,712.0,1608,1,0,1,Pedestrian
3,1283.0,603.0,1313.0,712.0,1609,1,0,1,Pedestrian
3,1283.0,603.0,1313.0,712.0,1610,1,0,1,Pedestrian
3,1283.0,603.0,1314.0,716.0,1611,1,0,1,Pedestrian
3,1283.0,603.0,1314.0,716.0,1612,1,0,1,Pedestrian
3,1283.0,603.0,1314.0,716.0,1613,1,0,1,Pedestrian
3,1283.0,603.0,1314.0,716.0,1614,1,0,1,Pedestrian
3,1283.0,603.0,1314.0,716.0,1615,1,0,1,Pedestrian
3,1285.0,603.0,1314.0,716.0,1616,1,0,1,Pedestrian
3,1285.0,603.0,1314.0,716.0,1617,1,0,1,Pedestrian
3,1285.0,603.0,1314.0,720.0,1618,1,0,1,Pedestrian
3,1285.0,603.0,1314.0,720.0,1619,1,0,1,Pedestrian
3,1285.0,607.0,1314.0,720.0,1620,1,0,1,Pedestrian
3,1285.0,607.0,1314.0,720.0,1621,1,0,1,Pedestrian
3,1285.0,607.0,1314.0,720.0,1622,1,0,1,Pedestrian
3,1285.0,607.0,1314.0,720.0,1623,1,0,1,Pedestrian
3,1285.0,607.0,1314.0,720.0,1624,1,0,1,Pedestrian
3,1285.0,607.0,1316.0,724.0,1625,1,0,1,Pedestrian
3,1285.0,607.0,1316.0,724.0,1626,1,0,1,Pedestrian
3,1285.0,607.0,1316.0,724.0,1627,1,0,1,Pedestrian
3,1285.0,607.0,1316.0,724.0,1628,1,0,1,Pedestrian
3,1287.0,607.0,1316.0,724.0,1629,1,0,1,Pedestrian
3,1287.0,607.0,1316.0,724.0,1630,1,0,1,Pedestrian
3,1287.0,607.0,1316.0,724.0,1631,1,0,1,Pedestrian
3,1287.0,611.0,1316.0,728.0,1632,1,0,1,Pedestrian
3,1287.0,611.0,1316.0,728.0,1633,1,0,1,Pedestrian
3,1287.0,611.0,1316.0,728.0,1634,1,0,1,Pedestrian
3,1287.0,611.0,1316.0,728.0,1635,1,0,1,Pedestrian
3,1287.0,611.0,1316.0,728.0,1636,1,0,1,Pedestrian
3,1287.0,611.0,1316.0,728.0,1637,1,0,1,Pedestrian
3,1287.0,611.0,1316.0,728.0,1638,1,0,1,Pedestrian
3,1287.0,611.0,1318.0,733.0,1639,1,0,1,Pedestrian
3,1287.0,611.0,1318.0,733.0,1640,1,0,1,Pedestrian
3,1287.0,611.0,1318.0,733.0,1641,1,0,1,Pedestrian
3,1289.0,611.0,1318.0,733.0,1642,1,0,1,Pedestrian
3,1289.0,611.0,1318.0,733.0,1643,1,0,1,Pedestrian
3,1289.0,615.0,1318.0,733.0,1644,1,0,1,Pedestrian
3,1289.0,615.0,1318.0,733.0,1645,1,0,1,Pedestrian
3,1289.0,615.0,1318.0,737.0,1646,1,0,1,Pedestrian
3,1289.0,615.0,1318.0,737.0,1647,1,0,1,Pedestrian
3,1289.0,615.0,1318.0,737.0,1648,1,0,1,Pedestrian
3,1289.0,615.0,1318.0,737.0,1649,1,0,1,Pedestrian
3,1289.0,615.0,1318.0,737.0,1650,1,0,1,Pedestrian
3,1289.0,615.0,1318.0,737.0,1651,1,0,1,Pedestrian
3,1289.0,615.0,1318.0,737.0,1652,1,0,1,Pedestrian
3,1289.0,615.0,1320.0,741.0,1653,1,0,1,Pedestrian
3,1289.0,615.0,1320.0,741.0,1654,1,0,1,Pedestrian
3,1291.0,615.0,1320.0,741.0,1655,1,0,1,Pedestrian
3,1291.0,620.0,1320.0,741.0,1656,1,0,1,Pedestrian
3,1291.0,620.0,1320.0,741.0,1657,1,0,1,Pedestrian
3,1291.0,620.0,1320.0,741.0,1658,1,0,1,Pedestrian
3,1291.0,620.0,1320.0,741.0,1659,1,0,1,Pedestrian
3,1291.0,620.0,1320.0,745.0,1660,1,0,1,Pedestrian
3,1291.0,620.0,1320.0,745.0,1661,1,0,1,Pedestrian
3,1291.0,620.0,1320.0,745.0,1662,1,0,1,Pedestrian
3,1291.0,620.0,1320.0,745.0,1663,1,0,1,Pedestrian
3,1291.0,620.0,1320.0,745.0,1664,1,0,1,Pedestrian
3,1291.0,620.0,1320.0,745.0,1665,1,0,1,Pedestrian
3,1291.0,620.0,1320.0,745.0,1666,1,0,1,Pedestrian
3,1291.0,620.0,1322.0,749.0,1667,1,0,1,Pedestrian
3,1292.0,624.0,1322.0,749.0,1668,1,0,1,Pedestrian
3,1292.0,624.0,1322.0,749.0,1669,1,0,1,Pedestrian
3,1292.0,624.0,1322.0,749.0,1670,1,0,1,Pedestrian
3,1292.0,624.0,1322.0,749.0,1671,1,0,1,Pedestrian
3,1292.0,624.0,1322.0,749.0,1672,1,0,1,Pedestrian
3,1292.0,624.0,1322.0,749.0,1673,1,0,1,Pedestrian
3,1292.0,624.0,1322.0,754.0,1674,1,0,1,Pedestrian
3,1292.0,624.0,1322.0,754.0,1675,1,0,1,Pedestrian
3,1292.0,624.0,1322.0,754.0,1676,1,0,1,Pedestrian
3,1292.0,624.0,1322.0,754.0,1677,1,0,1,Pedestrian
3,1292.0,624.0,1322.0,754.0,1678,1,0,1,Pedestrian
3,1292.0,624.0,1322.0,754.0,1679,1,0,1,Pedestrian
3,1294.0,628.0,1324.0,758.0,1680,0,0,0,Pedestrian
3,1294.0,624.0,1324.0,754.0,1681,0,0,1,Pedestrian
3,1294.0,624.0,1324.0,754.0,1682,0,0,1,Pedestrian
3,1294.0,624.0,1324.0,754.0,1683,0,0,1,Pedestrian
3,1296.0,624.0,1324.0,754.0,1684,0,0,1,Pedestrian
3,1296.0,624.0,1324.0,754.0,1685,0,0,1,Pedestrian
3,1296.0,624.0,1324.0,754.0,1686,0,0,1,Pedestrian
3,1298.0,624.0,1324.0,754.0,1687,0,0,1,Pedestrian
3,1298.0,624.0,1324.0,754.0,1688,0,0,1,Pedestrian
3,1298.0,624.0,1324.0,754.0,1689,0,0,1,Pedestrian
3,1300.0,624.0,1324.0,754.0,1690,0,0,0,Pedestrian
3,1298.0,620.0,1324.0,749.0,1691,0,0,1,Pedestrian
3,1296.0,620.0,1324.0,749.0,1692,0,0,1,Pedestrian
3,1294.0,615.0,1324.0,745.0,1693,0,0,1,Pedestrian
3,1294.0,615.0,1324.0,745.0,1694,0,0,1,Pedestrian
3,1292.0,615.0,1324.0,745.0,1695,0,0,1,Pedestrian
3,1291.0,611.0,1324.0,741.0,1696,0,0,1,Pedestrian
3,1291.0,611.0,1324.0,741.0,1697,0,0,1,Pedestrian
3,1289.0,607.0,1324.0,737.0,1698,0,0,1,Pedestrian
3,1287.0,607.0,1324.0,737.0,1699,0,0,1,Pedestrian
3,1287.0,607.0,1324.0,737.0,1700,0,0,0,Pedestrian
3,1285.0,603.0,1322.0,733.0,1701,0,0,1,Pedestrian
3,1283.0,603.0,1322.0,733.0,1702,0,0,1,Pedestrian
3,1283.0,603.0,1320.0,733.0,1703,0,0,1,Pedestrian
3,1281.0,603.0,1320.0,733.0,1704,0,0,1,Pedestrian
3,1281.0,603.0,1320.0,733.0,1705,0,0,1,Pedestrian
3,1279.0,599.0,1318.0,728.0,1706,0,0,1,Pedestrian
3,1278.0,599.0,1318.0,728.0,1707,0,0,1,Pedestrian
3,1278.0,599.0,1316.0,728.0,1708,0,0,1,Pedestrian
3,1276.0,599.0,1316.0,728.0,1709,0,0,1,Pedestrian
3,1276.0,599.0,1316.0,728.0,1710,0,0,0,Pedestrian
3,1274.0,594.0,1314.0,724.0,1711,0,0,1,Pedestrian
3,1272.0,594.0,1313.0,724.0,1712,0,0,1,Pedestrian
3,1272.0,594.0,1313.0,724.0,1713,0,0,1,Pedestrian
3,1270.0,590.0,1311.0,720.0,1714,0,0,1,Pedestrian
3,1270.0,590.0,1311.0,720.0,1715,0,0,1,Pedestrian
3,1268.0,590.0,1309.0,720.0,1716,0,0,1,Pedestrian
3,1268.0,590.0,1309.0,720.0,1717,0,0,1,Pedestrian
3,1267.0,586.0,1307.0,716.0,1718,0,0,1,Pedestrian
3,1267.0,586.0,1307.0,716.0,1719,0,0,1,Pedestrian
3,1265.0,586.0,1305.0,716.0,1720,0,0,1,Pedestrian
3,1265.0,586.0,1305.0,716.0,1721,0,0,0,Pedestrian
3,1263.0,582.0,1303.0,712.0,1722,0,0,1,Pedestrian
3,1263.0,578.0,1303.0,708.0,1723,0,0,1,Pedestrian
3,1261.0,573.0,1302.0,703.0,1724,0,0,1,Pedestrian
3,1261.0,569.0,1302.0,699.0,1725,0,0,1,Pedestrian
3,1261.0,569.0,1302.0,699.0,1726,0,0,1,Pedestrian
3,1259.0,565.0,1300.0,695.0,1727,0,0,1,Pedestrian
3,1259.0,561.0,1300.0,691.0,1728,0,0,1,Pedestrian
3,1257.0,557.0,1298.0,687.0,1729,0,0,1,Pedestrian
3,1257.0,553.0,1298.0,682.0,1730,0,0,1,Pedestrian
3,1257.0,553.0,1298.0,682.0,1731,0,0,0,Pedestrian
3,1257.0,553.0,1298.0,682.0,1732,0,0,1,Pedestrian
3,1257.0,553.0,1298.0,682.0,1733,0,0,1,Pedestrian
3,1257.0,553.0,1298.0,682.0,1734,0,0,1,Pedestrian
3,1257.0,553.0,1298.0,682.0,1735,0,0,1,Pedestrian
3,1257.0,553.0,1298.0,682.0,1736,0,0,1,Pedestrian
3,1257.0,553.0,1298.0,682.0,1737,0,0,1,Pedestrian
3,1257.0,553.0,1298.0,682.0,1738,0,0,1,Pedestrian
3,1257.0,553.0,1298.0,682.0,1739,0,0,1,Pedestrian
3,1257.0,553.0,1298.0,682.0,1740,0,0,1,Pedestrian
3,1257.0,553.0,1298.0,682.0,1741,0,0,0,Pedestrian
3,1257.0,553.0,1298.0,682.0,1742,0,0,1,Pedestrian
3,1257.0,553.0,1298.0,682.0,1743,0,0,1,Pedestrian
3,1257.0,553.0,1298.0,682.0,1744,0,0,1,Pedestrian
3,1257.0,553.0,1298.0,682.0,1745,0,0,1,Pedestrian
3,1257.0,553.0,1298.0,682.0,1746,0,0,1,Pedestrian
3,1257.0,553.0,1298.0,682.0,1747,0,0,1,Pedestrian
3,1257.0,553.0,1298.0,682.0,1748,0,0,1,Pedestrian
3,1257.0,553.0,1298.0,682.0,1749,0,0,1,Pedestrian
3,1257.0,553.0,1298.0,682.0,1750,0,0,1,Pedestrian
3,1257.0,553.0,1298.0,682.0,1751,1,0,0,Pedestrian
3,1257.0,553.0,1298.0,682.0,1752,1,0,1,Pedestrian
3,1257.0,553.0,1298.0,682.0,1753,1,0,1,Pedestrian
3,1257.0,553.0,1298.0,682.0,1754,1,0,1,Pedestrian
3,1257.0,553.0,1298.0,682.0,1755,1,0,1,Pedestrian
3,1257.0,553.0,1298.0,682.0,1756,1,0,1,Pedestrian
3,1257.0,553.0,1298.0,682.0,1757,1,0,1,Pedestrian
3,1257.0,553.0,1298.0,682.0,1758,1,0,1,Pedestrian
3,1257.0,553.0,1298.0,682.0,1759,1,0,1,Pedestrian
3,1257.0,553.0,1298.0,682.0,1760,1,0,1,Pedestrian
3,1257.0,553.0,1298.0,682.0,1761,1,0,0,Pedestrian
3,1257.0,553.0,1298.0,682.0,1762,1,0,1,Pedestrian
3,1257.0,553.0,1298.0,682.0,1763,1,0,1,Pedestrian
3,1257.0,553.0,1298.0,682.0,1764,1,0,1,Pedestrian
3,1257.0,553.0,1298.0,682.0,1765,1,0,1,Pedestrian
3,1257.0,553.0,1298.0,682.0,1766,1,0,1,Pedestrian
3,1257.0,553.0,1298.0,682.0,1767,1,0,1,Pedestrian
3,1257.0,553.0,1298.0,682.0,1768,1,0,1,Pedestrian
3,1257.0,553.0,1298.0,682.0,1769,1,0,1,Pedestrian
3,1257.0,553.0,1298.0,682.0,1770,1,0,1,Pedestrian
3,1257.0,553.0,1298.0,682.0,1771,1,0,1,Pedestrian
3,1257.0,553.0,1298.0,682.0,1772,1,0,1,Pedestrian
3,1257.0,553.0,1298.0,682.0,1773,1,0,1,Pedestrian
3,1257.0,553.0,1298.0,682.0,1774,1,0,1,Pedestrian
3,1257.0,553.0,1298.0,682.0,1775,1,0,1,Pedestrian
3,1257.0,553.0,1298.0,682.0,1776,1,0,1,Pedestrian
3,1257.0,553.0,1298.0,682.0,1777,1,0,1,Pedestrian
3,1257.0,553.0,1298.0,682.0,1778,1,0,1,Pedestrian
3,1257.0,553.0,1298.0,682.0,1779,1,0,1,Pedestrian
3,1257.0,553.0,1298.0,682.0,1780,1,0,1,Pedestrian
3,1257.0,553.0,1298.0,682.0,1781,1,0,1,Pedestrian
3,1257.0,553.0,1298.0,682.0,1782,1,0,1,Pedestrian
3,1257.0,553.0,1298.0,682.0,1783,1,0,1,Pedestrian
3,1257.0,553.0,1298.0,682.0,1784,1,0,1,Pedestrian
3,1257.0,553.0,1298.0,682.0,1785,1,0,1,Pedestrian
3,1257.0,553.0,1298.0,682.0,1786,1,0,1,Pedestrian
3,1257.0,553.0,1298.0,682.0,1787,1,0,1,Pedestrian
3,1257.0,553.0,1298.0,682.0,1788,1,0,1,Pedestrian
3,1257.0,553.0,1298.0,682.0,1789,1,0,1,Pedestrian
3,1257.0,553.0,1298.0,682.0,1790,1,0,1,Pedestrian
3,1257.0,553.0,1298.0,682.0,1791,1,0,1,Pedestrian
3,1257.0,553.0,1298.0,682.0,1792,1,0,1,Pedestrian
3,1257.0,553.0,1298.0,682.0,1793,1,0,1,Pedestrian
3,1257.0,553.0,1298.0,682.0,1794,1,0,1,Pedestrian
3,1257.0,553.0,1298.0,682.0,1795,1,0,1,Pedestrian
3,1257.0,553.0,1298.0,682.0,1796,1,0,1,Pedestrian
3,1257.0,553.0,1298.0,682.0,1797,1,0,1,Pedestrian
3,1257.0,553.0,1298.0,682.0,1798,1,0,1,Pedestrian
3,1257.0,553.0,1298.0,682.0,1799,1,0,1,Pedestrian
3,1257.0,553.0,1298.0,682.0,1800,1,0,1,Pedestrian
3,1257.0,553.0,1298.0,682.0,1801,1,0,1,Pedestrian
3,1257.0,553.0,1298.0,682.0,1802,1,0,1,Pedestrian
3,1257.0,553.0,1298.0,682.0,1803,1,0,1,Pedestrian
3,1257.0,553.0,1298.0,682.0,1804,1,0,1,Pedestrian
3,1257.0,553.0,1298.0,682.0,1805,1,0,1,Pedestrian
3,1257.0,553.0,1298.0,682.0,1806,1,0,1,Pedestrian
3,1257.0,553.0,1298.0,682.0,1807,1,0,1,Pedestrian
3,1257.0,553.0,1298.0,682.0,1808,1,0,1,Pedestrian
3,1257.0,553.0,1298.0,682.0,1809,1,0,1,Pedestrian
3,1257.0,553.0,1298.0,682.0,1810,1,0,1,Pedestrian
3,1257.0,553.0,1298.0,682.0,1811,1,0,1,Pedestrian
3,1257.0,553.0,1298.0,682.0,1812,1,0,1,Pedestrian
3,1257.0,553.0,1298.0,682.0,1813,1,0,1,Pedestrian
3,1257.0,553.0,1298.0,682.0,1814,1,0,1,Pedestrian
3,1257.0,553.0,1298.0,682.0,1815,1,0,1,Pedestrian
3,1257.0,553.0,1298.0,682.0,1816,1,0,1,Pedestrian
3,1257.0,553.0,1298.0,682.0,1817,1,0,1,Pedestrian
3,1257.0,553.0,1298.0,682.0,1818,1,0,1,Pedestrian
3,1257.0,553.0,1298.0,682.0,1819,1,0,1,Pedestrian
3,1257.0,553.0,1298.0,682.0,1820,1,0,1,Pedestrian
3,1257.0,553.0,1298.0,682.0,1821,1,0,1,Pedestrian
3,1257.0,553.0,1298.0,682.0,1822,1,0,1,Pedestrian
3,1257.0,553.0,1298.0,682.0,1823,1,0,1,Pedestrian
3,1257.0,553.0,1298.0,682.0,1824,1,0,1,Pedestrian
3,1257.0,553.0,1298.0,682.0,1825,1,0,1,Pedestrian
3,1257.0,553.0,1298.0,682.0,1826,1,0,1,Pedestrian
3,1257.0,553.0,1298.0,682.0,1827,1,0,1,Pedestrian
3,1257.0,553.0,1298.0,682.0,1828,1,0,1,Pedestrian
3,1257.0,553.0,1298.0,682.0,1829,1,0,1,Pedestrian
3,1257.0,553.0,1298.0,682.0,1830,1,0,1,Pedestrian
3,1257.0,553.0,1298.0,682.0,1831,1,0,1,Pedestrian
3,1257.0,553.0,1298.0,682.0,1832,1,0,1,Pedestrian
3,1257.0,553.0,1298.0,682.0,1833,1,0,1,Pedestrian
3,1257.0,553.0,1298.0,682.0,1834,1,0,1,Pedestrian
3,1257.0,553.0,1298.0,682.0,1835,1,0,1,Pedestrian
3,1257.0,553.0,1298.0,682.0,1836,1,0,1,Pedestrian
3,1257.0,553.0,1298.0,682.0,1837,1,0,1,Pedestrian
3,1257.0,553.0,1298.0,682.0,1838,1,0,1,Pedestrian
3,1257.0,553.0,1298.0,682.0,1839,1,0,1,Pedestrian
3,1257.0,553.0,1298.0,682.0,1840,1,0,1,Pedestrian
3,1257.0,553.0,1298.0,682.0,1841,1,0,1,Pedestrian
3,1257.0,553.0,1298.0,682.0,1842,1,0,1,Pedestrian
3,1257.0,553.0,1298.0,682.0,1843,1,0,1,Pedestrian
3,1257.0,553.0,1298.0,682.0,1844,1,0,1,Pedestrian
3,1257.0,553.0,1298.0,682.0,1845,1,0,1,Pedestrian
3,1257.0,553.0,1298.0,682.0,1846,1,0,1,Pedestrian
3,1257.0,553.0,1298.0,682.0,1847,1,0,1,Pedestrian
3,1257.0,553.0,1298.0,682.0,1848,1,0,1,Pedestrian
3,1257.0,553.0,1298.0,682.0,1849,1,0,1,Pedestrian
3,1257.0,553.0,1298.0,682.0,1850,1,0,1,Pedestrian
3,1257.0,553.0,1298.0,682.0,1851,1,0,1,Pedestrian
3,1257.0,553.0,1298.0,682.0,1852,1,0,1,Pedestrian
3,1257.0,553.0,1298.0,682.0,1853,1,0,1,Pedestrian
3,1257.0,553.0,1298.0,682.0,1854,1,0,1,Pedestrian
3,1257.0,553.0,1298.0,682.0,1855,1,0,1,Pedestrian
3,1257.0,553.0,1298.0,682.0,1856,1,0,1,Pedestrian
3,1257.0,553.0,1298.0,682.0,1857,1,0,1,Pedestrian
3,1257.0,553.0,1298.0,682.0,1858,1,0,1,Pedestrian
3,1257.0,553.0,1298.0,682.0,1859,1,0,1,Pedestrian
3,1257.0,553.0,1298.0,682.0,1860,1,0,1,Pedestrian
3,1257.0,553.0,1298.0,682.0,1861,1,0,1,Pedestrian
3,1257.0,553.0,1298.0,682.0,1862,1,0,1,Pedestrian
3,1257.0,553.0,1298.0,682.0,1863,1,0,1,Pedestrian
3,1257.0,553.0,1298.0,682.0,1864,1,0,1,Pedestrian
3,1257.0,553.0,1298.0,682.0,1865,1,0,1,Pedestrian
3,1257.0,553.0,1298.0,682.0,1866,1,0,1,Pedestrian
3,1257.0,553.0,1298.0,682.0,1867,1,0,1,Pedestrian
3,1257.0,553.0,1298.0,682.0,1868,1,0,1,Pedestrian
3,1257.0,553.0,1298.0,682.0,1869,1,0,1,Pedestrian
3,1257.0,553.0,1298.0,682.0,1870,1,0,1,Pedestrian
3,1257.0,553.0,1298.0,682.0,1871,1,0,1,Pedestrian
3,1257.0,553.0,1298.0,682.0,1872,1,0,1,Pedestrian
3,1257.0,553.0,1298.0,682.0,1873,1,0,1,Pedestrian
3,1257.0,553.0,1298.0,682.0,1874,1,0,1,Pedestrian
3,1257.0,553.0,1298.0,682.0,1875,1,0,1,Pedestrian
3,1257.0,553.0,1298.0,682.0,1876,1,0,1,Pedestrian
3,1257.0,553.0,1298.0,682.0,1877,1,0,1,Pedestrian
3,1257.0,553.0,1298.0,682.0,1878,1,0,1,Pedestrian
3,1257.0,553.0,1298.0,682.0,1879,1,0,1,Pedestrian
3,1257.0,553.0,1298.0,682.0,1880,1,0,1,Pedestrian
3,1257.0,553.0,1298.0,682.0,1881,1,0,1,Pedestrian
3,1257.0,553.0,1298.0,682.0,1882,1,0,1,Pedestrian
3,1257.0,553.0,1298.0,682.0,1883,1,0,1,Pedestrian
3,1257.0,553.0,1298.0,682.0,1884,1,0,1,Pedestrian
3,1257.0,553.0,1298.0,682.0,1885,1,0,1,Pedestrian
3,1257.0,553.0,1298.0,682.0,1886,1,0,1,Pedestrian
3,1257.0,553.0,1298.0,682.0,1887,1,0,1,Pedestrian
3,1257.0,553.0,1298.0,682.0,1888,1,0,1,Pedestrian
3,1257.0,553.0,1298.0,682.0,1889,1,0,1,Pedestrian
3,1257.0,553.0,1298.0,682.0,1890,1,0,1,Pedestrian
3,1257.0,553.0,1298.0,682.0,1891,1,0,1,Pedestrian
3,1257.0,553.0,1298.0,682.0,1892,1,0,1,Pedestrian
3,1257.0,553.0,1298.0,682.0,1893,1,0,1,Pedestrian
3,1257.0,553.0,1298.0,682.0,1894,1,0,1,Pedestrian
3,1257.0,553.0,1298.0,682.0,1895,1,0,1,Pedestrian
3,1257.0,553.0,1298.0,682.0,1896,1,0,1,Pedestrian
3,1257.0,553.0,1298.0,682.0,1897,1,0,1,Pedestrian
3,1257.0,553.0,1298.0,682.0,1898,1,0,1,Pedestrian
3,1257.0,553.0,1298.0,682.0,1899,1,0,1,Pedestrian
3,1257.0,553.0,1298.0,682.0,1900,1,0,1,Pedestrian
3,1257.0,553.0,1298.0,682.0,1901,1,0,1,Pedestrian
3,1257.0,553.0,1298.0,682.0,1902,1,0,1,Pedestrian
3,1257.0,553.0,1298.0,682.0,1903,1,0,1,Pedestrian
3,1257.0,553.0,1298.0,682.0,1904,1,0,1,Pedestrian
3,1257.0,553.0,1298.0,682.0,1905,1,0,1,Pedestrian
3,1257.0,553.0,1298.0,682.0,1906,1,0,1,Pedestrian
3,1257.0,553.0,1298.0,682.0,1907,1,0,1,Pedestrian
3,1257.0,553.0,1298.0,682.0,1908,1,0,1,Pedestrian
3,1257.0,553.0,1298.0,682.0,1909,1,0,1,Pedestrian
3,1257.0,553.0,1298.0,682.0,1910,1,0,1,Pedestrian
3,1257.0,553.0,1298.0,682.0,1911,1,0,1,Pedestrian
3,1257.0,553.0,1298.0,682.0,1912,1,0,1,Pedestrian
3,1257.0,553.0,1298.0,682.0,1913,1,0,1,Pedestrian
3,1257.0,553.0,1298.0,682.0,1914,1,0,1,Pedestrian
3,1257.0,553.0,1298.0,682.0,1915,1,0,1,Pedestrian
3,1257.0,553.0,1298.0,682.0,1916,1,0,1,Pedestrian
3,1257.0,553.0,1298.0,682.0,1917,1,0,1,Pedestrian
3,1257.0,553.0,1298.0,682.0,1918,1,0,1,Pedestrian
3,1257.0,553.0,1298.0,682.0,1919,1,0,1,Pedestrian
3,1257.0,553.0,1298.0,682.0,1920,1,0,1,Pedestrian
3,1257.0,553.0,1298.0,682.0,1921,1,0,1,Pedestrian
3,1257.0,553.0,1298.0,682.0,1922,1,0,1,Pedestrian
3,1257.0,553.0,1298.0,682.0,1923,1,0,1,Pedestrian
3,1257.0,553.0,1298.0,682.0,1924,1,0,1,Pedestrian
3,1257.0,553.0,1298.0,682.0,1925,1,0,1,Pedestrian
3,1257.0,553.0,1298.0,682.0,1926,1,0,1,Pedestrian
3,1257.0,553.0,1298.0,682.0,1927,1,0,1,Pedestrian
3,1257.0,553.0,1298.0,682.0,1928,1,0,1,Pedestrian
3,1257.0,553.0,1298.0,682.0,1929,1,0,1,Pedestrian
3,1257.0,553.0,1298.0,682.0,1930,1,0,1,Pedestrian
3,1257.0,553.0,1298.0,682.0,1931,1,0,1,Pedestrian
3,1257.0,553.0,1298.0,682.0,1932,1,0,1,Pedestrian
3,1257.0,553.0,1298.0,682.0,1933,1,0,1,Pedestrian
3,1257.0,553.0,1298.0,682.0,1934,1,0,1,Pedestrian
3,1257.0,553.0,1298.0,682.0,1935,1,0,1,Pedestrian
3,1257.0,553.0,1298.0,682.0,1936,1,0,1,Pedestrian
3,1257.0,553.0,1298.0,682.0,1937,1,0,1,Pedestrian
3,1257.0,553.0,1298.0,682.0,1938,1,0,1,Pedestrian
3,1257.0,553.0,1298.0,682.0,1939,1,0,1,Pedestrian
3,1257.0,553.0,1298.0,682.0,1940,1,0,1,Pedestrian
3,1257.0,553.0,1298.0,682.0,1941,1,0,1,Pedestrian
3,1257.0,553.0,1298.0,682.0,1942,1,0,1,Pedestrian
3,1257.0,553.0,1298.0,682.0,1943,1,0,1,Pedestrian
3,1257.0,553.0,1298.0,682.0,1944,1,0,1,Pedestrian
3,1257.0,553.0,1298.0,682.0,1945,1,0,1,Pedestrian
3,1257.0,553.0,1298.0,682.0,1946,1,0,1,Pedestrian
3,1257.0,553.0,1298.0,682.0,1947,1,0,1,Pedestrian
3,1257.0,553.0,1298.0,682.0,1948,1,0,1,Pedestrian
3,1257.0,553.0,1298.0,682.0,1949,1,0,1,Pedestrian
3,1257.0,553.0,1298.0,682.0,1950,1,0,1,Pedestrian
3,1257.0,553.0,1298.0,682.0,1951,1,0,1,Pedestrian
3,1257.0,553.0,1298.0,682.0,1952,1,0,1,Pedestrian
3,1257.0,553.0,1298.0,682.0,1953,1,0,1,Pedestrian
3,1257.0,553.0,1298.0,682.0,1954,1,0,1,Pedestrian
3,1257.0,553.0,1298.0,682.0,1955,1,0,1,Pedestrian
3,1257.0,553.0,1298.0,682.0,1956,1,0,1,Pedestrian
3,1257.0,553.0,1298.0,682.0,1957,1,0,1,Pedestrian
3,1257.0,553.0,1298.0,682.0,1958,1,0,1,Pedestrian
3,1257.0,553.0,1298.0,682.0,1959,1,0,1,Pedestrian
3,1257.0,553.0,1298.0,682.0,1960,1,0,1,Pedestrian
3,1257.0,553.0,1298.0,682.0,1961,1,0,1,Pedestrian
3,1257.0,553.0,1298.0,682.0,1962,1,0,1,Pedestrian
3,1257.0,553.0,1298.0,682.0,1963,1,0,1,Pedestrian
3,1257.0,553.0,1298.0,682.0,1964,1,0,1,Pedestrian
3,1257.0,553.0,1298.0,682.0,1965,1,0,1,Pedestrian
3,1257.0,553.0,1298.0,682.0,1966,1,0,1,Pedestrian
3,1257.0,553.0,1298.0,682.0,1967,1,0,1,Pedestrian
3,1257.0,553.0,1298.0,682.0,1968,1,0,1,Pedestrian
3,1257.0,553.0,1298.0,682.0,1969,1,0,1,Pedestrian
3,1257.0,553.0,1298.0,682.0,1970,1,0,1,Pedestrian
3,1257.0,553.0,1298.0,682.0,1971,1,0,1,Pedestrian
3,1257.0,553.0,1298.0,682.0,1972,1,0,1,Pedestrian
3,1257.0,553.0,1298.0,682.0,1973,1,0,1,Pedestrian
3,1257.0,553.0,1298.0,682.0,1974,1,0,1,Pedestrian
3,1257.0,553.0,1298.0,682.0,1975,1,0,1,Pedestrian
3,1257.0,553.0,1298.0,682.0,1976,1,0,1,Pedestrian
3,1257.0,553.0,1298.0,682.0,1977,1,0,1,Pedestrian
3,1257.0,553.0,1298.0,682.0,1978,1,0,1,Pedestrian
3,1257.0,553.0,1298.0,682.0,1979,1,0,1,Pedestrian
3,1257.0,553.0,1298.0,682.0,1980,1,0,1,Pedestrian
3,1257.0,553.0,1298.0,682.0,1981,1,0,1,Pedestrian
3,1257.0,553.0,1298.0,682.0,1982,1,0,1,Pedestrian
3,1257.0,553.0,1298.0,682.0,1983,1,0,1,Pedestrian
3,1257.0,553.0,1298.0,682.0,1984,1,0,1,Pedestrian
3,1257.0,553.0,1298.0,682.0,1985,1,0,1,Pedestrian
3,1257.0,553.0,1298.0,682.0,1986,1,0,1,Pedestrian
3,1257.0,553.0,1298.0,682.0,1987,1,0,1,Pedestrian
3,1257.0,553.0,1298.0,682.0,1988,1,0,1,Pedestrian
3,1257.0,553.0,1298.0,682.0,1989,1,0,1,Pedestrian
3,1257.0,553.0,1298.0,682.0,1990,1,0,1,Pedestrian
3,1257.0,553.0,1298.0,682.0,1991,1,0,1,Pedestrian
3,1257.0,553.0,1298.0,682.0,1992,1,0,1,Pedestrian
3,1257.0,553.0,1298.0,682.0,1993,1,0,1,Pedestrian
3,1257.0,553.0,1298.0,682.0,1994,1,0,1,Pedestrian
3,1257.0,553.0,1298.0,682.0,1995,1,0,1,Pedestrian
3,1257.0,553.0,1298.0,682.0,1996,1,0,1,Pedestrian
3,1257.0,553.0,1298.0,682.0,1997,1,0,1,Pedestrian
3,1257.0,553.0,1298.0,682.0,1998,1,0,1,Pedestrian
3,1257.0,553.0,1298.0,682.0,1999,1,0,1,Pedestrian
3,1257.0,553.0,1298.0,682.0,2000,1,0,1,Pedestrian
3,1257.0,553.0,1298.0,682.0,2001,1,0,1,Pedestrian
3,1257.0,553.0,1298.0,682.0,2002,1,0,1,Pedestrian
3,1257.0,553.0,1298.0,682.0,2003,1,0,1,Pedestrian
3,1257.0,553.0,1298.0,682.0,2004,1,0,1,Pedestrian
3,1257.0,553.0,1298.0,682.0,2005,1,0,1,Pedestrian
3,1257.0,553.0,1298.0,682.0,2006,1,0,1,Pedestrian
3,1257.0,553.0,1298.0,682.0,2007,1,0,1,Pedestrian
3,1257.0,553.0,1298.0,682.0,2008,1,0,1,Pedestrian
3,1257.0,553.0,1298.0,682.0,2009,1,0,1,Pedestrian
3,1257.0,553.0,1298.0,682.0,2010,1,0,1,Pedestrian
3,1257.0,553.0,1298.0,682.0,2011,1,0,1,Pedestrian
3,1257.0,553.0,1298.0,682.0,2012,1,0,1,Pedestrian
3,1257.0,553.0,1298.0,682.0,2013,1,0,1,Pedestrian
3,1257.0,553.0,1298.0,682.0,2014,1,0,1,Pedestrian
3,1257.0,553.0,1298.0,682.0,2015,1,0,1,Pedestrian
3,1257.0,553.0,1298.0,682.0,2016,1,0,1,Pedestrian
3,1257.0,553.0,1298.0,682.0,2017,1,0,1,Pedestrian
3,1257.0,553.0,1298.0,682.0,2018,1,0,1,Pedestrian
3,1257.0,553.0,1298.0,682.0,2019,1,0,1,Pedestrian
3,1257.0,553.0,1298.0,682.0,2020,1,0,1,Pedestrian
3,1257.0,553.0,1298.0,682.0,2021,1,0,1,Pedestrian
3,1257.0,553.0,1298.0,682.0,2022,1,0,1,Pedestrian
3,1257.0,553.0,1298.0,682.0,2023,1,0,1,Pedestrian
3,1257.0,553.0,1298.0,682.0,2024,1,0,1,Pedestrian
3,1257.0,553.0,1298.0,682.0,2025,1,0,1,Pedestrian
3,1257.0,553.0,1298.0,682.0,2026,1,0,1,Pedestrian
3,1257.0,553.0,1298.0,682.0,2027,1,0,1,Pedestrian
3,1257.0,553.0,1298.0,682.0,2028,1,0,1,Pedestrian
3,1257.0,553.0,1298.0,682.0,2029,1,0,1,Pedestrian
3,1257.0,553.0,1298.0,682.0,2030,1,0,1,Pedestrian
3,1257.0,553.0,1298.0,682.0,2031,1,0,0,Pedestrian
4,327.0,1068.0,381.0,1139.0,1000,1,0,0,Pedestrian
4,327.0,1068.0,381.0,1139.0,1001,1,0,1,Pedestrian
4,327.0,1068.0,381.0,1139.0,1002,1,0,1,Pedestrian
4,327.0,1068.0,381.0,1139.0,1003,1,0,1,Pedestrian
4,327.0,1068.0,381.0,1139.0,1004,1,0,1,Pedestrian
4,327.0,1068.0,381.0,1139.0,1005,1,0,1,Pedestrian
4,327.0,1068.0,381.0,1139.0,1006,1,0,1,Pedestrian
4,327.0,1068.0,381.0,1139.0,1007,1,0,1,Pedestrian
4,327.0,1068.0,381.0,1139.0,1008,1,0,1,Pedestrian
4,327.0,1068.0,381.0,1139.0,1009,1,0,1,Pedestrian
4,327.0,1068.0,381.0,1139.0,1010,1,0,1,Pedestrian
4,327.0,1068.0,381.0,1139.0,1011,1,0,1,Pedestrian
4,327.0,1068.0,381.0,1139.0,1012,1,0,1,Pedestrian
4,327.0,1068.0,381.0,1139.0,1013,1,0,1,Pedestrian
4,327.0,1068.0,381.0,1139.0,1014,1,0,1,Pedestrian
4,327.0,1068.0,381.0,1139.0,1015,1,0,1,Pedestrian
4,327.0,1068.0,381.0,1139.0,1016,1,0,1,Pedestrian
4,327.0,1068.0,381.0,1139.0,1017,1,0,1,Pedestrian
4,327.0,1068.0,381.0,1139.0,1018,1,0,1,Pedestrian
4,327.0,1068.0,381.0,1139.0,1019,1,0,1,Pedestrian
4,327.0,1068.0,381.0,1139.0,1020,1,0,1,Pedestrian
4,327.0,1068.0,381.0,1139.0,1021,1,0,1,Pedestrian
4,327.0,1068.0,381.0,1139.0,1022,1,0,1,Pedestrian
4,327.0,1068.0,381.0,1139.0,1023,1,0,1,Pedestrian
4,327.0,1068.0,381.0,1139.0,1024,1,0,1,Pedestrian
4,327.0,1068.0,381.0,1139.0,1025,1,0,1,Pedestrian
4,327.0,1068.0,381.0,1139.0,1026,1,0,1,Pedestrian
4,327.0,1068.0,381.0,1139.0,1027,1,0,1,Pedestrian
4,327.0,1068.0,381.0,1139.0,1028,1,0,1,Pedestrian
4,327.0,1068.0,381.0,1139.0,1029,1,0,1,Pedestrian
4,327.0,1068.0,381.0,1139.0,1030,1,0,1,Pedestrian
4,327.0,1068.0,381.0,1139.0,1031,1,0,1,Pedestrian
4,327.0,1068.0,381.0,1139.0,1032,1,0,1,Pedestrian
4,327.0,1068.0,381.0,1139.0,1033,1,0,1,Pedestrian
4,327.0,1068.0,381.0,1139.0,1034,1,0,1,Pedestrian
4,327.0,1068.0,381.0,1139.0,1035,1,0,1,Pedestrian
4,327.0,1068.0,381.0,1139.0,1036,1,0,1,Pedestrian
4,327.0,1068.0,381.0,1139.0,1037,1,0,1,Pedestrian
4,327.0,1068.0,381.0,1139.0,1038,1,0,1,Pedestrian
4,327.0,1068.0,381.0,1139.0,1039,1,0,1,Pedestrian
4,327.0,1068.0,381.0,1139.0,1040,1,0,1,Pedestrian
4,327.0,1068.0,381.0,1139.0,1041,1,0,1,Pedestrian
4,327.0,1068.0,381.0,1139.0,1042,1,0,1,Pedestrian
4,327.0,1068.0,381.0,1139.0,1043,1,0,1,Pedestrian
4,327.0,1068.0,381.0,1139.0,1044,1,0,1,Pedestrian
4,327.0,1068.0,381.0,1139.0,1045,1,0,1,Pedestrian
4,327.0,1068.0,381.0,1139.0,1046,1,0,1,Pedestrian
4,327.0,1068.0,381.0,1139.0,1047,1,0,1,Pedestrian
4,327.0,1068.0,381.0,1139.0,1048,1,0,1,Pedestrian
4,327.0,1068.0,381.0,1139.0,1049,1,0,1,Pedestrian
4,327.0,1068.0,381.0,1139.0,1050,1,0,1,Pedestrian
4,327.0,1068.0,381.0,1139.0,1051,1,0,1,Pedestrian
4,327.0,1068.0,381.0,1139.0,1052,1,0,1,Pedestrian
4,327.0,1068.0,381.0,1139.0,1053,1,0,1,Pedestrian
4,327.0,1068.0,381.0,1139.0,1054,1,0,1,Pedestrian
4,327.0,1068.0,381.0,1139.0,1055,1,0,1,Pedestrian
4,327.0,1068.0,381.0,1139.0,1056,1,0,1,Pedestrian
4,327.0,1068.0,381.0,1139.0,1057,1,0,1,Pedestrian
4,327.0,1068.0,381.0,1139.0,1058,1,0,1,Pedestrian
4,327.0,1068.0,381.0,1139.0,1059,1,0,1,Pedestrian
4,327.0,1068.0,381.0,1139.0,1060,1,0,1,Pedestrian
4,327.0,1068.0,381.0,1139.0,1061,1,0,1,Pedestrian
4,327.0,1068.0,381.0,1139.0,1062,1,0,1,Pedestrian
4,327.0,1068.0,381.0,1139.0,1063,1,0,1,Pedestrian
4,327.0,1068.0,381.0,1139.0,1064,1,0,1,Pedestrian
4,327.0,1068.0,381.0,1139.0,1065,1,0,1,Pedestrian
4,327.0,1068.0,381.0,1139.0,1066,1,0,1,Pedestrian
4,327.0,1068.0,381.0,1139.0,1067,1,0,1,Pedestrian
4,327.0,1068.0,381.0,1139.0,1068,1,0,1,Pedestrian
4,327.0,1068.0,381.0,1139.0,1069,1,0,1,Pedestrian
4,327.0,1068.0,381.0,1139.0,1070,1,0,1,Pedestrian
4,327.0,1068.0,381.0,1139.0,1071,1,0,1,Pedestrian
4,327.0,1068.0,381.0,1139.0,1072,1,0,1,Pedestrian
4,327.0,1068.0,381.0,1139.0,1073,1,0,1,Pedestrian
4,327.0,1068.0,381.0,1139.0,1074,1,0,1,Pedestrian
4,327.0,1068.0,381.0,1139.0,1075,1,0,1,Pedestrian
4,327.0,1068.0,381.0,1139.0,1076,1,0,1,Pedestrian
4,327.0,1068.0,381.0,1139.0,1077,1,0,1,Pedestrian
4,327.0,1068.0,381.0,1139.0,1078,1,0,1,Pedestrian
4,327.0,1068.0,381.0,1139.0,1079,1,0,1,Pedestrian
4,327.0,1068.0,381.0,1139.0,1080,1,0,1,Pedestrian
4,327.0,1068.0,381.0,1139.0,1081,1,0,1,Pedestrian
4,327.0,1068.0,381.0,1139.0,1082,1,0,1,Pedestrian
4,327.0,1068.0,381.0,1139.0,1083,1,0,1,Pedestrian
4,327.0,1068.0,381.0,1139.0,1084,1,0,1,Pedestrian
4,327.0,1068.0,381.0,1139.0,1085,1,0,1,Pedestrian
4,327.0,1068.0,381.0,1139.0,1086,1,0,1,Pedestrian
4,327.0,1068.0,381.0,1139.0,1087,1,0,1,Pedestrian
4,327.0,1068.0,381.0,1139.0,1088,1,0,1,Pedestrian
4,327.0,1068.0,381.0,1139.0,1089,1,0,1,Pedestrian
4,327.0,1068.0,381.0,1139.0,1090,1,0,1,Pedestrian
4,327.0,1068.0,381.0,1139.0,1091,1,0,1,Pedestrian
4,327.0,1068.0,381.0,1139.0,1092,1,0,1,Pedestrian
4,327.0,1068.0,381.0,1139.0,1093,1,0,1,Pedestrian
4,327.0,1068.0,381.0,1139.0,1094,1,0,1,Pedestrian
4,327.0,1068.0,381.0,1139.0,1095,1,0,1,Pedestrian
4,327.0,1068.0,381.0,1139.0,1096,0,0,0,Pedestrian
4,325.0,1068.0,379.0,1139.0,1097,0,0,1,Pedestrian
4,325.0,1068.0,379.0,1139.0,1098,0,0,1,Pedestrian
4,325.0,1068.0,379.0,1139.0,1099,0,0,1,Pedestrian
4,325.0,1072.0,379.0,1143.0,1100,0,0,1,Pedestrian
4,325.0,1072.0,379.0,1143.0,1101,0,0,1,Pedestrian
4,325.0,1072.0,379.0,1143.0,1102,0,0,1,Pedestrian
4,325.0,1072.0,379.0,1143.0,1103,0,0,1,Pedestrian
4,325.0,1076.0,379.0,1147.0,1104,0,0,1,Pedestrian
4,325.0,1076.0,379.0,1147.0,1105,0,0,1,Pedestrian
4,325.0,1076.0,379.0,1147.0,1106,0,0,1,Pedestrian
4,325.0,1080.0,379.0,1152.0,1107,0,0,1,Pedestrian
4,324.0,1080.0,377.0,1152.0,1108,0,0,1,Pedestrian
4,324.0,1080.0,377.0,1152.0,1109,0,0,1,Pedestrian
4,324.0,1080.0,377.0,1152.0,1110,0,0,1,Pedestrian
4,324.0,1085.0,377.0,1156.0,1111,0,0,1,Pedestrian
4,324.0,1085.0,377.0,1156.0,1112,0,0,1,Pedestrian
4,324.0,1085.0,377.0,1156.0,1113,0,0,1,Pedestrian
4,324.0,1089.0,377.0,1160.0,1114,0,0,1,Pedestrian
4,324.0,1089.0,377.0,1160.0,1115,0,0,1,Pedestrian
4,324.0,1089.0,377.0,1160.0,1116,0,0,1,Pedestrian
4,324.0,1089.0,377.0,1160.0,1117,0,0,1,Pedestrian
4,324.0,1093.0,377.0,1164.0,1118,0,0,1,Pedestrian
4,324.0,1093.0,377.0,1164.0,1119,0,0,1,Pedestrian
4,322.0,1093.0,375.0,1164.0,1120,0,0,1,Pedestrian
4,322.0,1097.0,375.0,1168.0,1121,0,0,1,Pedestrian
4,322.0,1097.0,375.0,1168.0,1122,0,0,1,Pedestrian
4,322.0,1097.0,375.0,1168.0,1123,0,0,1,Pedestrian
4,322.0,1097.0,375.0,1168.0,1124,0,0,1,Pedestrian
4,322.0,1101.0,375.0,1173.0,1125,0,0,1,Pedestrian
4,322.0,1101.0,375.0,1173.0,1126,0,0,1,Pedestrian
4,322.0,1101.0,375.0,1173.0,1127,0,0,1,Pedestrian
4,322.0,1106.0,375.0,1177.0,1128,0,0,1,Pedestrian
4,322.0,1106.0,375.0,1177.0,1129,0,0,1,Pedestrian
4,322.0,1106.0,375.0,1177.0,1130,0,0,1,Pedestrian
4,322.0,1106.0,375.0,1177.0,1131,0,0,1,Pedestrian
4,320.0,1110.0,373.0,1181.0,1132,0,0,1,Pedestrian
4,320.0,1110.0,373.0,1181.0,1133,0,0,1,Pedestrian
4,320.0,1110.0,373.0,1181.0,1134,0,0,1,Pedestrian
4,320.0,1110.0,373.0,1181.0,1135,0,0,1,Pedestrian
4,320.0,1114.0,373.0,1185.0,1136,0,0,1,Pedestrian
4,320.0,1114.0,373.0,1185.0,1137,0,0,1,Pedestrian
4,320.0,1114.0,373.0,1185.0,1138,0,0,1,Pedestrian
4,320.0,1118.0,373.0,1189.0,1139,0,0,1,Pedestrian
4,320.0,1118.0,373.0,1189.0,1140,0,0,1,Pedestrian
4,320.0,1118.0,373.0,1189.0,1141,0,0,1,Pedestrian
4,320.0,1118.0,373.0,1189.0,1142,0,0,1,Pedestrian
4,320.0,1122.0,373.0,1194.0,1143,0,0,1,Pedestrian
4,318.0,1122.0,372.0,1194.0,1144,0,0,1,Pedestrian
4,318.0,1122.0,372.0,1194.0,1145,0,0,1,Pedestrian
4,318.0,1126.0,372.0,1198.0,1146,0,0,1,Pedestrian
4,318.0,1126.0,372.0,1198.0,1147,0,0,1,Pedestrian
4,318.0,1126.0,372.0,1198.0,1148,0,0,1,Pedestrian
4,318.0,1126.0,372.0,1198.0,1149,0,0,1,Pedestrian
4,318.0,1131.0,372.0,1202.0,1150,0,0,1,Pedestrian
4,318.0,1131.0,372.0,1202.0,1151,0,0,1,Pedestrian
4,318.0,1131.0,372.0,1202.0,1152,0,0,1,Pedestrian
4,318.0,1135.0,372.0,1206.0,1153,0,0,1,Pedestrian
4,318.0,1135.0,372.0,1206.0,1154,0,0,1,Pedestrian
4,318.0,1135.0,372.0,1206.0,1155,0,0,1,Pedestrian
4,316.0,1135.0,370.0,1206.0,1156,0,0,1,Pedestrian
4,316.0,1139.0,370.0,1210.0,1157,0,0,1,Pedestrian
4,316.0,1139.0,370.0,1210.0,1158,0,0,1,Pedestrian
4,316.0,1139.0,370.0,1210.0,1159,0,0,1,Pedestrian
4,316.0,1143.0,370.0,1214.0,1160,0,0,1,Pedestrian
4,316.0,1143.0,370.0,1214.0,1161,0,0,1,Pedestrian
4,316.0,1143.0,370.0,1214.0,1162,0,0,1,Pedestrian
4,316.0,1143.0,370.0,1214.0,1163,0,0,1,Pedestrian
4,316.0,1147.0,370.0,1219.0,1164,0,0,1,Pedestrian
4,316.0,1147.0,370.0,1219.0,1165,0,0,1,Pedestrian
4,316.0,1147.0,370.0,1219.0,1166,0,0,1,Pedestrian
4,316.0,1152.0,370.0,1223.0,1167,0,0,0,Pedestrian
4,316.0,1152.0,370.0,1223.0,1168,0,0,1,Pedestrian
4,316.0,1152.0,370.0,1223.0,1169,0,0,1,Pedestrian
4,316.0,1152.0,370.0,1223.0,1170,0,0,1,Pedestrian
4,316.0,1156.0,370.0,1227.0,1171,0,0,1,Pedestrian
4,316.0,1156.0,370.0,1227.0,1172,0,0,1,Pedestrian
4,318.0,1156.0,372.0,1227.0,1173,0,0,1,Pedestrian
4,318.0,1160.0,372.0,1231.0,1174,0,0,1,Pedestrian
4,318.0,1160.0,372.0,1231.0,1175,0,0,1,Pedestrian
4,318.0,1160.0,372.0,1231.0,1176,0,0,1,Pedestrian
4,318.0,1164.0,372.0,1235.0,1177,0,0,1,Pedestrian
4,318.0,1164.0,372.0,1235.0,1178,0,0,1,Pedestrian
4,320.0,1164.0,373.0,1235.0,1179,0,0,1,Pedestrian
4,320.0,1168.0,373.0,1240.0,1180,0,0,1,Pedestrian
4,320.0,1168.0,373.0,1240.0,1181,0,0,1,Pedestrian
4,320.0,1168.0,373.0,1240.0,1182,0,0,1,Pedestrian
4,320.0,1173.0,373.0,1244.0,1183,0,0,1,Pedestrian
4,320.0,1173.0,373.0,1244.0,1184,0,0,1,Pedestrian
4,322.0,1173.0,375.0,1244.0,1185,0,0,1,Pedestrian
4,322.0,1173.0,375.0,1244.0,1186,0,0,1,Pedestrian
4,322.0,1177.0,375.0,1248.0,1187,0,0,1,Pedestrian
4,322.0,1177.0,375.0,1248.0,1188,0,0,1,Pedestrian
4,322.0,1177.0,375.0,1248.0,1189,0,0,1,Pedestrian
4,324.0,1181.0,377.0,1252.0,1190,0,0,1,Pedestrian
4,324.0,1181.0,377.0,1252.0,1191,0,0,1,Pedestrian
4,324.0,1181.0,377.0,1252.0,1192,0,0,1,Pedestrian
4,324.0,1185.0,377.0,1256.0,1193,0,0,1,Pedestrian
4,324.0,1185.0,377.0,1256.0,1194,0,0,1,Pedestrian
4,324.0,1185.0,377.0,1256.0,1195,0,0,1,Pedestrian
4,325.0,1189.0,379.0,1261.0,1196,0,0,1,Pedestrian
4,325.0,1189.0,379.0,1261.0,1197,0,0,1,Pedestrian
4,325.0,1189.0,379.0,1261.0,1198,0,0,1,Pedestrian
4,325.0,1194.0,379.0,1265.0,1199,0,0,1,Pedestrian
4,325.0,1194.0,379.0,1265.0,1200,0,0,1,Pedestrian
4,325.0,1194.0,379.0,1265.0,1201,0,0,1,Pedestrian
4,327.0,1194.0,381.0,1265.0,1202,0,0,1,Pedestrian
4,327.0,1198.0,381.0,1269.0,1203,0,0,1,Pedestrian
4,327.0,1198.0,381.0,1269.0,1204,0,0,1,Pedestrian
4,327.0,1198.0,381.0,1269.0,1205,0,0,1,Pedestrian
4,327.0,1202.0,381.0,1273.0,1206,0,0,1,Pedestrian
4,329.0,1202.0,383.0,1273.0,1207,0,0,1,Pedestrian
4,329.0,1202.0,383.0,1273.0,1208,0,0,1,Pedestrian
4,329.0,1206.0,383.0,1277.0,1209,0,0,1,Pedestrian
4,329.0,1206.0,383.0,1277.0,1210,0,0,1,Pedestrian
4,329.0,1206.0,383.0,1277.0,1211,0,0,1,Pedestrian
4,329.0,1210.0,383.0,1282.0,1212,0,0,1,Pedestrian
4,331.0,1210.0,384.0,1282.0,1213,0,0,1,Pedestrian
4,331.0,1210.0,384.0,1282.0,1214,0,0,1,Pedestrian
4,331.0,1214.0,384.0,1286.0,1215,0,0,1,Pedestrian
4,331.0,1214.0,384.0,1286.0,1216,0,0,1,Pedestrian
4,331.0,1214.0,384.0,1286.0,1217,0,0,1,Pedestrian
4,331.0,1214.0,384.0,1286.0,1218,0,0,1,Pedestrian
4,333.0,1219.0,386.0,1290.0,1219,0,0,1,Pedestrian
4,333.0,1219.0,386.0,1290.0,1220,0,0,1,Pedestrian
4,333.0,1219.0,386.0,1290.0,1221,0,0,1,Pedestrian
4,333.0,1223.0,386.0,1294.0,1222,0,0,1,Pedestrian
4,333.0,1223.0,386.0,1294.0,1223,0,0,1,Pedestrian
4,333.0,1223.0,386.0,1294.0,1224,0,0,1,Pedestrian
4,335.0,1227.0,388.0,1298.0,1225,0,0,1,Pedestrian
4,335.0,1227.0,388.0,1298.0,1226,0,0,1,Pedestrian
4,335.0,1227.0,388.0,1298.0,1227,0,0,1,Pedestrian
4,335.0,1231.0,388.0,1302.0,1228,0,0,1,Pedestrian
4,335.0,1231.0,388.0,1302.0,1229,0,0,1,Pedestrian
4,337.0,1231.0,390.0,1302.0,1230,0,0,1,Pedestrian
4,337.0,1235.0,390.0,1307.0,1231,0,0,1,Pedestrian
4,337.0,1235.0,390.0,1307.0,1232,0,0,1,Pedestrian
4,337.0,1235.0,390.0,1307.0,1233,0,0,1,Pedestrian
4,337.0,1235.0,390.0,1307.0,1234,0,0,1,Pedestrian
4,337.0,1240.0,390.0,1311.0,1235,0,0,1,Pedestrian
4,338.0,1240.0,392.0,1311.0,1236,0,0,1,Pedestrian
4,338.0,1240.0,392.0,1311.0,1237,0,0,1,Pedestrian
4,338.0,1244.0,392.0,1315.0,1238,0,0,1,Pedestrian
4,338.0,1244.0,392.0,1315.0,1239,0,0,1,Pedestrian
4,338.0,1244.0,392.0,1315.0,1240,0,0,1,Pedestrian
4,338.0,1248.0,392.0,1319.0,1241,0,0,1,Pedestrian
4,340.0,1248.0,394.0,1319.0,1242,0,0,1,Pedestrian
4,340.0,1248.0,394.0,1319.0,1243,0,0,1,Pedestrian
4,340.0,1252.0,394.0,1323.0,1244,0,0,1,Pedestrian
4,340.0,1252.0,394.0,1323.0,1245,0,0,1,Pedestrian
4,340.0,1252.0,394.0,1323.0,1246,0,0,1,Pedestrian
4,342.0,1256.0,395.0,1328.0,1247,0,0,0,Pedestrian
4,342.0,1256.0,395.0,1328.0,1248,0,0,1,Pedestrian
4,342.0,1256.0,395.0,1328.0,1249,0,0,1,Pedestrian
4,342.0,1256.0,395.0,1328.0,1250,0,0,1,Pedestrian
4,342.0,1261.0,395.0,1332.0,1251,0,0,1,Pedestrian
4,342.0,1261.0,395.0,1332.0,1252,0,0,1,Pedestrian
4,342.0,1261.0,395.0,1332.0,1253,0,0,1,Pedestrian
4,342.0,1265.0,395.0,1336.0,1254,0,0,1,Pedestrian
4,342.0,1265.0,395.0,1336.0,1255,0,0,1,Pedestrian
4,342.0,1265.0,395.0,1336.0,1256,0,0,1,Pedestrian
4,342.0,1265.0,395.0,1336.0,1257,0,0,1,Pedestrian
4,342.0,1269.0,395.0,1340.0,1258,0,0,1,Pedestrian
4,342.0,1269.0,395.0,1340.0,1259,0,0,1,Pedestrian
4,342.0,1269.0,395.0,1340.0,1260,0,0,1,Pedestrian
4,342.0,1273.0,395.0,1344.0,1261,0,0,1,Pedestrian
4,342.0,1273.0,395.0,1344.0,1262,0,0,1,Pedestrian
4,342.0,1273.0,395.0,1344.0,1263,0,0,1,Pedestrian
4,342.0,1273.0,395.0,1344.0,1264,0,0,1,Pedestrian
4,342.0,1277.0,395.0,1349.0,1265,0,0,1,Pedestrian
4,342.0,1277.0,395.0,1349.0,1266,0,0,1,Pedestrian
4,342.0,1277.0,395.0,1349.0,1267,0,0,1,Pedestrian
4,342.0,1282.0,395.0,1353.0,1268,0,0,1,Pedestrian
4,342.0,1282.0,395.0,1353.0,1269,0,0,1,Pedestrian
4,342.0,1282.0,395.0,1353.0,1270,0,0,1,Pedestrian
4,342.0,1286.0,395.0,1357.0,1271,0,0,1,Pedestrian
4,342.0,1286.0,395.0,1357.0,1272,0,0,1,Pedestrian
4,342.0,1286.0,395.0,1357.0,1273,0,0,1,Pedestrian
4,342.0,1286.0,395.0,1357.0,1274,0,0,1,Pedestrian
4,342.0,1290.0,395.0,1361.0,1275,0,0,1,Pedestrian
4,342.0,1290.0,395.0,1361.0,1276,0,0,1,Pedestrian
4,342.0,1290.0,395.0,1361.0,1277,0,0,1,Pedestrian
4,342.0,1294.0,395.0,1365.0,1278,0,0,1,Pedestrian
4,342.0,1294.0,395.0,1365.0,1279,0,0,1,Pedestrian
4,342.0,1294.0,395.0,1365.0,1280,0,0,1,Pedestrian
4,342.0,1294.0,395.0,1365.0,1281,0,0,1,Pedestrian
4,342.0,1298.0,395.0,1369.0,1282,0,0,1,Pedestrian
4,342.0,1298.0,395.0,1369.0,1283,0,0,1,Pedestrian
4,342.0,1298.0,395.0,1369.0,1284,0,0,1,Pedestrian
4,342.0,1302.0,395.0,1374.0,1285,0,0,1,Pedestrian
4,342.0,1302.0,395.0,1374.0,1286,0,0,1,Pedestrian
4,342.0,1302.0,395.0,1374.0,1287,0,0,1,Pedestrian
4,342.0,1307.0,395.0,1378.0,1288,0,0,1,Pedestrian
4,342.0,1307.0,395.0,1378.0,1289,0,0,1,Pedestrian
4,342.0,1307.0,395.0,1378.0,1290,0,0,1,Pedestrian
4,342.0,1307.0,395.0,1378.0,1291,0,0,1,Pedestrian
4,342.0,1311.0,395.0,1382.0,1292,0,0,1,Pedestrian
4,342.0,1311.0,395.0,1382.0,1293,0,0,1,Pedestrian
4,342.0,1311.0,395.0,1382.0,1294,0,0,1,Pedestrian
4,342.0,1315.0,395.0,1386.0,1295,0,0,1,Pedestrian
4,342.0,1315.0,395.0,1386.0,1296,0,0,1,Pedestrian
4,342.0,1315.0,395.0,1386.0,1297,0,0,1,Pedestrian
4,342.0,1315.0,395.0,1386.0,1298,0,0,1,Pedestrian
4,342.0,1319.0,395.0,1390.0,1299,0,0,1,Pedestrian
4,342.0,1319.0,395.0,1390.0,1300,0,0,1,Pedestrian
4,342.0,1319.0,395.0,1390.0,1301,0,0,1,Pedestrian
4,342.0,1323.0,395.0,1395.0,1302,0,0,1,Pedestrian
4,342.0,1323.0,395.0,1395.0,1303,0,0,1,Pedestrian
4,342.0,1323.0,395.0,1395.0,1304,0,0,1,Pedestrian
4,344.0,1328.0,397.0,1399.0,1305,0,0,0,Pedestrian
4,344.0,1328.0,397.0,1399.0,1306,0,0,1,Pedestrian
4,346.0,1328.0,399.0,1399.0,1307,0,0,1,Pedestrian
4,346.0,1328.0,399.0,1399.0,1308,0,0,1,Pedestrian
4,348.0,1332.0,401.0,1403.0,1309,0,0,1,Pedestrian
4,348.0,1332.0,401.0,1403.0,1310,0,0,1,Pedestrian
4,349.0,1332.0,403.0,1403.0,1311,0,0,1,Pedestrian
4,349.0,1332.0,403.0,1403.0,1312,0,0,1,Pedestrian
4,351.0,1336.0,405.0,1407.0,1313,0,0,1,Pedestrian
4,351.0,1336.0,405.0,1407.0,1314,0,0,1,Pedestrian
4,353.0,1336.0,407.0,1407.0,1315,0,0,1,Pedestrian
4,353.0,1340.0,407.0,1411.0,1316,0,0,1,Pedestrian
4,355.0,1340.0,408.0,1411.0,1317,0,0,1,Pedestrian
4,355.0,1340.0,408.0,1411.0,1318,0,0,1,Pedestrian
4,357.0,1340.0,410.0,1411.0,1319,0,0,1,Pedestrian
4,357.0,1344.0,410.0,1416.0,1320,0,0,1,Pedestrian
4,359.0,1344.0,412.0,1416.0,1321,0,0,1,Pedestrian
4,359.0,1344.0,412.0,1416.0,1322,0,0,1,Pedestrian
4,360.0,1344.0,414.0,1416.0,1323,0,0,1,Pedestrian
4,360.0,1349.0,414.0,1420.0,1324,0,0,1,Pedestrian
4,362.0,1349.0,416.0,1420.0,1325,0,0,1,Pedestrian
4,362.0,1349.0,416.0,1420.0,1326,0,0,1,Pedestrian
4,364.0,1353.0,418.0,1424.0,1327,0,0,0,Pedestrian
4,364.0,1353.0,418.0,1424.0,1328,0,0,1,Pedestrian
4,366.0,1353.0,419.0,1424.0,1329,0,0,1,Pedestrian
4,366.0,1353.0,419.0,1424.0,1330,0,0,1,Pedestrian
4,368.0,1353.0,421.0,1424.0,1331,0,0,1,Pedestrian
4,368.0,1353.0,421.0,1424.0,1332,0,0,1,Pedestrian
4,370.0,1357.0,423.0,1428.0,1333,0,0,1,Pedestrian
4,370.0,1357.0,423.0,1428.0,1334,0,0,1,Pedestrian
4,372.0,1357.0,425.0,1428.0,1335,0,0,1,Pedestrian
4,372.0,1357.0,425.0,1428.0,1336,0,0,1,Pedestrian
4,373.0,1357.0,427.0,1428.0,1337,0,0,1,Pedestrian
4,373.0,1357.0,427.0,1428.0,1338,0,0,1,Pedestrian
4,375.0,1361.0,429.0,1432.0,1339,0,0,1,Pedestrian
4,375.0,1361.0,429.0,1432.0,1340,0,0,1,Pedestrian
4,377.0,1361.0,430.0,1432.0,1341,0,0,1,Pedestrian
4,377.0,1361.0,430.0,1432.0,1342,0,0,1,Pedestrian
4,379.0,1361.0,432.0,1432.0,1343,0,0,1,Pedestrian
4,379.0,1365.0,432.0,1437.0,1344,0,0,1,Pedestrian
4,381.0,1365.0,434.0,1437.0,1345,0,0,1,Pedestrian
4,381.0,1365.0,434.0,1437.0,1346,0,0,1,Pedestrian
4,383.0,1365.0,436.0,1437.0,1347,0,0,1,Pedestrian
4,383.0,1365.0,436.0,1437.0,1348,0,0,1,Pedestrian
4,384.0,1365.0,438.0,1437.0,1349,0,0,1,Pedestrian
4,384.0,1369.0,438.0,1441.0,1350,0,0,1,Pedestrian
4,386.0,1369.0,440.0,1441.0,1351,0,0,1,Pedestrian
4,386.0,1369.0,440.0,1441.0,1352,0,0,1,Pedestrian
4,388.0,1369.0,442.0,1441.0,1353,0,0,1,Pedestrian
4,388.0,1369.0,442.0,1441.0,1354,0,0,1,Pedestrian
4,390.0,1369.0,443.0,1441.0,1355,0,0,1,Pedestrian
4,390.0,1374.0,443.0,1445.0,1356,0,0,1,Pedestrian
4,392.0,1374.0,445.0,1445.0,1357,0,0,1,Pedestrian
4,392.0,1374.0,445.0,1445.0,1358,0,0,1,Pedestrian
4,394.0,1374.0,447.0,1445.0,1359,0,0,1,Pedestrian
4,394.0,1374.0,447.0,1445.0,1360,0,0,1,Pedestrian
4,395.0,1378.0,449.0,1449.0,1361,0,0,1,Pedestrian
4,395.0,1378.0,449.0,1449.0,1362,0,0,1,Pedestrian
4,397.0,1378.0,451.0,1449.0,1363,0,0,1,Pedestrian
4,397.0,1378.0,451.0,1449.0,1364,0,0,1,Pedestrian
4,399.0,1378.0,453.0,1449.0,1365,0,0,1,Pedestrian
4,399.0,1378.0,453.0,1449.0,1366,0,0,1,Pedestrian
4,401.0,1382.0,454.0,1453.0,1367,0,0,1,Pedestrian
4,401.0,1382.0,454.0,1453.0,1368,0,0,1,Pedestrian
4,403.0,1382.0,456.0,1453.0,1369,0,0,1,Pedestrian
4,403.0,1382.0,456.0,1453.0,1370,0,0,1,Pedestrian
4,405.0,1382.0,458.0,1453.0,1371,0,0,1,Pedestrian
4,407.0,1386.0,460.0,1457.0,1372,0,0,0,Pedestrian
4,407.0,1386.0,460.0,1457.0,1373,0,0,1,Pedestrian
4,408.0,1386.0,462.0,1457.0,1374,0,0,1,Pedestrian
4,408.0,1386.0,462.0,1457.0,1375,0,0,1,Pedestrian
4,410.0,1386.0,464.0,1457.0,1376,0,0,1,Pedestrian
4,412.0,1386.0,465.0,1457.0,1377,0,0,1,Pedestrian
4,412.0,1386.0,465.0,1457.0,1378,0,0,1,Pedestrian
4,414.0,1386.0,467.0,1457.0,1379,0,0,1,Pedestrian
4,416.0,1386.0,469.0,1457.0,1380,0,0,1,Pedestrian
4,416.0,1390.0,469.0,1462.0,1381,0,0,1,Pedestrian
4,418.0,1390.0,471.0,1462.0,1382,0,0,1,Pedestrian
4,419.0,1390.0,473.0,1462.0,1383,0,0,1,Pedestrian
4,419.0,1390.0,473.0,1462.0,1384,0,0,1,Pedestrian
4,421.0,1390.0,475.0,1462.0,1385,0,0,1,Pedestrian
4,423.0,1390.0,476.0,1462.0,1386,0,0,1,Pedestrian
4,423.0,1390.0,476.0,1462.0,1387,0,0,1,Pedestrian
4,425.0,1390.0,478.0,1462.0,1388,0,0,1,Pedestrian
4,427.0,1395.0,480.0,1466.0,1389,0,0,1,Pedestrian
4,427.0,1395.0,480.0,1466.0,1390,0,0,1,Pedestrian
4,429.0,1395.0,482.0,1466.0,1391,0,0,1,Pedestrian
4,430.0,1395.0,484.0,1466.0,1392,0,0,1,Pedestrian
4,430.0,1395.0,484.0,1466.0,1393,0,0,1,Pedestrian
4,432.0,1395.0,486.0,1466.0,1394,0,0,1,Pedestrian
4,434.0,1395.0,488.0,1466.0,1395,0,0,1,Pedestrian
4,434.0,1395.0,488.0,1466.0,1396,0,0,1,Pedestrian
4,436.0,1399.0,489.0,1470.0,1397,0,0,1,Pedestrian
4,436.0,1399.0,489.0,1470.0,1398,0,0,1,Pedestrian
4,438.0,1399.0,491.0,1470.0,1399,0,0,1,Pedestrian
4,440.0,1399.0,493.0,1470.0,1400,0,0,1,Pedestrian
4,440.0,1399.0,493.0,1470.0,1401,0,0,1,Pedestrian
4,442.0,1399.0,495.0,1470.0,1402,0,0,1,Pedestrian
4,443.0,1399.0,497.0,1470.0,1403,0,0,1,Pedestrian
4,443.0,1399.0,497.0,1470.0,1404,0,0,1,Pedestrian
4,445.0,1403.0,499.0,1474.0,1405,0,0,1,Pedestrian
4,447.0,1403.0,500.0,1474.0,1406,0,0,1,Pedestrian
4,447.0,1403.0,500.0,1474.0,1407,0,0,1,Pedestrian
4,449.0,1403.0,502.0,1474.0,1408,0,0,1,Pedestrian
4,451.0,1403.0,504.0,1474.0,1409,0,0,1,Pedestrian
4,451.0,1403.0,504.0,1474.0,1410,0,0,1,Pedestrian
4,453.0,1403.0,506.0,1474.0,1411,0,0,1,Pedestrian
4,454.0,1403.0,508.0,1474.0,1412,0,0,1,Pedestrian
4,454.0,1407.0,508.0,1478.0,1413,0,0,1,Pedestrian
4,456.0,1407.0,510.0,1478.0,1414,0,0,1,Pedestrian
4,458.0,1407.0,511.0,1478.0,1415,0,0,1,Pedestrian
4,458.0,1407.0,511.0,1478.0,1416,0,0,1,Pedestrian
4,460.0,1407.0,513.0,1478.0,1417,0,0,1,Pedestrian
4,462.0,1407.0,515.0,1478.0,1418,0,0,1,Pedestrian
4,462.0,1407.0,515.0,1478.0,1419,0,0,1,Pedestrian
4,464.0,1407.0,517.0,1478.0,1420,0,0,1,Pedestrian
4,465.0,1411.0,519.0,1483.0,1421,0,0,0,Pedestrian
4,465.0,1411.0,519.0,1483.0,1422,0,0,1,Pedestrian
4,465.0,1411.0,519.0,1483.0,1423,0,0,1,Pedestrian
4,467.0,1411.0,521.0,1483.0,1424,0,0,1,Pedestrian
4,467.0,1411.0,521.0,1483.0,1425,0,0,1,Pedestrian
4,469.0,1416.0,523.0,1487.0,1426,0,0,1,Pedestrian
4,469.0,1416.0,523.0,1487.0,1427,0,0,1,Pedestrian
4,469.0,1416.0,523.0,1487.0,1428,0,0,1,Pedestrian
4,471.0,1416.0,524.0,1487.0,1429,0,0,1,Pedestrian
4,471.0,1420.0,524.0,1491.0,1430,0,0,1,Pedestrian
4,473.0,1420.0,526.0,1491.0,1431,0,0,1,Pedestrian
4,473.0,1420.0,526.0,1491.0,1432,0,0,1,Pedestrian
4,473.0,1420.0,526.0,1491.0,1433,0,0,1,Pedestrian
4,475.0,1424.0,528.0,1495.0,1434,0,0,1,Pedestrian
4,475.0,1424.0,528.0,1495.0,1435,0,0,1,Pedestrian
4,476.0,1424.0,530.0,1495.0,1436,0,0,1,Pedestrian
4,476.0,1424.0,530.0,1495.0,1437,0,0,1,Pedestrian
4,476.0,1428.0,530.0,1499.0,1438,0,0,1,Pedestrian
4,478.0,1428.0,532.0,1499.0,1439,0,0,1,Pedestrian
4,478.0,1428.0,532.0,1499.0,1440,0,0,1,Pedestrian
4,480.0,1428.0,534.0,1499.0,1441,0,0,1,Pedestrian
4,480.0,1428.0,534.0,1499.0,1442,0,0,1,Pedestrian
4,480.0,1432.0,534.0,1504.0,1443,0,0,1,Pedestrian
4,482.0,1432.0,535.0,1504.0,1444,0,0,1,Pedestrian
4,482.0,1432.0,535.0,1504.0,1445,0,0,1,Pedestrian
4,484.0,1432.0,537.0,1504.0,1446,0,0,1,Pedestrian
4,484.0,1437.0,537.0,1508.0,1447,0,0,1,Pedestrian
4,484.0,1437.0,537.0,1508.0,1448,0,0,1,Pedestrian
4,486.0,1437.0,539.0,1508.0,1449,0,0,1,Pedestrian
4,486.0,1437.0,539.0,1508.0,1450,0,0,1,Pedestrian
4,488.0,1441.0,541.0,1512.0,1451,0,0,1,Pedestrian
4,488.0,1441.0,541.0,1512.0,1452,0,0,1,Pedestrian
4,488.0,1441.0,541.0,1512.0,1453,0,0,1,Pedestrian
4,489.0,1441.0,543.0,1512.0,1454,0,0,1,Pedestrian
4,489.0,1445.0,543.0,1516.0,1455,0,0,1,Pedestrian
4,491.0,1445.0,545.0,1516.0,1456,0,0,1,Pedestrian
4,491.0,1445.0,545.0,1516.0,1457,0,0,1,Pedestrian
4,491.0,1445.0,545.0,1516.0,1458,0,0,1,Pedestrian
4,493.0,1445.0,546.0,1516.0,1459,0,0,1,Pedestrian
4,493.0,1449.0,546.0,1520.0,1460,0,0,1,Pedestrian
4,495.0,1449.0,548.0,1520.0,1461,0,0,1,Pedestrian
4,495.0,1449.0,548.0,1520.0,1462,0,0,1,Pedestrian
4,495.0,1449.0,548.0,1520.0,1463,0,0,1,Pedestrian
4,497.0,1453.0,550.0,1525.0,1464,0,0,1,Pedestrian
4,497.0,1453.0,550.0,1525.0,1465,0,0,1,Pedestrian
4,499.0,1453.0,552.0,1525.0,1466,0,0,1,Pedestrian
4,499.0,1453.0,552.0,1525.0,1467,0,0,1,Pedestrian
4,499.0,1457.0,552.0,1529.0,1468,0,0,1,Pedestrian
4,500.0,1457.0,554.0,1529.0,1469,0,0,1,Pedestrian
4,500.0,1457.0,554.0,1529.0,1470,0,0,1,Pedestrian
4,502.0,1457.0,556.0,1529.0,1471,0,0,1,Pedestrian
4,502.0,1462.0,556.0,1533.0,1472,0,0,1,Pedestrian
4,502.0,1462.0,556.0,1533.0,1473,0,0,1,Pedestrian
4,504.0,1462.0,558.0,1533.0,1474,0,0,1,Pedestrian
4,504.0,1462.0,558.0,1533.0,1475,0,0,1,Pedestrian
4,506.0,1466.0,559.0,1537.0,1476,0,0,0,Pedestrian
4,506.0,1466.0,559.0,1537.0,1477,0,0,1,Pedestrian
4,506.0,1466.0,559.0,1537.0,1478,0,0,1,Pedestrian
4,506.0,1466.0,559.0,1537.0,1479,0,0,1,Pedestrian
4,506.0,1470.0,559.0,1541.0,1480,0,0,1,Pedestrian
4,506.0,1470.0,559.0,1541.0,1481,0,0,1,Pedestrian
4,506.0,1470.0,559.0,1541.0,1482,0,0,1,Pedestrian
4,506.0,1470.0,559.0,1541.0,1483,0,0,1,Pedestrian
4,506.0,1474.0,559.0,1545.0,1484,0,0,1,Pedestrian
4,506.0,1474.0,559.0,1545.0,1485,0,0,1,Pedestrian
4,506.0,1474.0,559.0,1545.0,1486,0,0,1,Pedestrian
4,506.0,1474.0,559.0,1545.0,1487,0,0,1,Pedestrian
4,506.0,1478.0,559.0,1550.0,1488,0,0,1,Pedestrian
4,506.0,1478.0,559.0,1550.0,1489,0,0,1,Pedestrian
4,506.0,1478.0,559.0,1550.0,1490,0,0,1,Pedestrian
4,506.0,1478.0,559.0,1550.0,1491,0,0,1,Pedestrian
4,506.0,1483.0,559.0,1554.0,1492,0,0,1,Pedestrian
4,506.0,1483.0,559.0,1554.0,1493,0,0,1,Pedestrian
4,506.0,1483.0,559.0,1554.0,1494,0,0,1,Pedestrian
4,506.0,1483.0,559.0,1554.0,1495,0,0,1,Pedestrian
4,506.0,1487.0,559.0,1558.0,1496,0,0,1,Pedestrian
4,506.0,1487.0,559.0,1558.0,1497,0,0,1,Pedestrian
4,506.0,1487.0,559.0,1558.0,1498,0,0,1,Pedestrian
4,506.0,1487.0,559.0,1558.0,1499,0,0,1,Pedestrian
4,506.0,1491.0,559.0,1562.0,1500,0,0,0,Pedestrian
4,504.0,1491.0,558.0,1562.0,1501,0,0,1,Pedestrian
4,504.0,1491.0,558.0,1562.0,1502,0,0,1,Pedestrian
4,504.0,1491.0,558.0,1562.0,1503,0,0,1,Pedestrian
4,504.0,1495.0,558.0,1566.0,1504,0,0,1,Pedestrian
4,504.0,1495.0,558.0,1566.0,1505,0,0,1,Pedestrian
4,504.0,1495.0,558.0,1566.0,1506,0,0,1,Pedestrian
4,504.0,1495.0,558.0,1571.0,1507,0,0,1,Pedestrian
4,504.0,1499.0,558.0,1571.0,1508,0,0,1,Pedestrian
4,504.0,1499.0,558.0,1571.0,1509,0,0,1,Pedestrian
4,504.0,1499.0,558.0,1575.0,1510,0,0,1,Pedestrian
4,504.0,1504.0,558.0,1575.0,1511,0,0,1,Pedestrian
4,504.0,1504.0,556.0,1575.0,1512,0,0,1,Pedestrian
4,504.0,1504.0,556.0,1579.0,1513,0,0,1,Pedestrian
4,504.0,1504.0,556.0,1579.0,1514,0,0,1,Pedestrian
4,504.0,1508.0,556.0,1579.0,1515,0,0,1,Pedestrian
4,504.0,1508.0,556.0,1579.0,1516,0,0,1,Pedestrian
4,504.0,1508.0,556.0,1583.0,1517,0,0,1,Pedestrian
4,502.0,1508.0,556.0,1583.0,1518,0,0,1,Pedestrian
4,502.0,1512.0,556.0,1583.0,1519,0,0,1,Pedestrian
4,502.0,1512.0,556.0,1587.0,1520,0,0,1,Pedestrian
4,502.0,1512.0,556.0,1587.0,1521,0,0,1,Pedestrian
4,502.0,1516.0,556.0,1587.0,1522,0,0,1,Pedestrian
4,502.0,1516.0,556.0,1592.0,1523,0,0,1,Pedestrian
4,502.0,1516.0,554.0,1592.0,1524,0,0,1,Pedestrian
4,502.0,1516.0,554.0,1592.0,1525,0,0,1,Pedestrian
4,502.0,1520.0,554.0,1596.0,1526,0,0,1,Pedestrian
4,502.0,1520.0,554.0,1596.0,1527,0,0,1,Pedestrian
4,502.0,1520.0,554.0,1596.0,1528,0,0,1,Pedestrian
4,502.0,1525.0,554.0,1596.0,1529,0,0,1,Pedestrian
4,502.0,1525.0,554.0,1600.0,1530,0,0,1,Pedestrian
4,502.0,1525.0,554.0,1600.0,1531,0,0,1,Pedestrian
4,502.0,1525.0,554.0,1600.0,1532,0,0,1,Pedestrian
4,502.0,1529.0,554.0,1604.0,1533,0,0,1,Pedestrian
4,502.0,1529.0,554.0,1604.0,1534,0,0,1,Pedestrian
4,502.0,1529.0,554.0,1604.0,1535,0,0,1,Pedestrian
4,500.0,1529.0,552.0,1608.0,1536,0,0,1,Pedestrian
4,500.0,1533.0,552.0,1608.0,1537,0,0,1,Pedestrian
4,500.0,1533.0,552.0,1608.0,1538,0,0,1,Pedestrian
4,500.0,1533.0,552.0,1612.0,1539,0,0,1,Pedestrian
4,500.0,1537.0,552.0,1612.0,1540,0,0,1,Pedestrian
4,500.0,1537.0,552.0,1612.0,1541,0,0,1,Pedestrian
4,500.0,1537.0,552.0,1612.0,1542,0,0,1,Pedestrian
4,500.0,1537.0,552.0,1617.0,1543,0,0,1,Pedestrian
4,500.0,1541.0,552.0,1617.0,1544,0,0,1,Pedestrian
4,500.0,1541.0,552.0,1617.0,1545,0,0,1,Pedestrian
4,500.0,1541.0,552.0,1621.0,1546,0,0,1,Pedestrian
4,500.0,1541.0,552.0,1621.0,1547,0,0,1,Pedestrian
4,500.0,1545.0,550.0,1621.0,1548,0,0,1,Pedestrian
4,500.0,1545.0,550.0,1625.0,1549,0,0,1,Pedestrian
4,500.0,1545.0,550.0,1625.0,1550,0,0,1,Pedestrian
4,500.0,1550.0,550.0,1625.0,1551,0,0,1,Pedestrian
4,500.0,1550.0,550.0,1629.0,1552,0,0,1,Pedestrian
4,500.0,1550.0,550.0,1629.0,1553,0,0,1,Pedestrian
4,499.0,1550.0,550.0,1629.0,1554,0,0,1,Pedestrian
4,499.0,1554.0,550.0,1629.0,1555,0,0,1,Pedestrian
4,499.0,1554.0,550.0,1633.0,1556,0,0,1,Pedestrian
4,499.0,1554.0,550.0,1633.0,1557,0,0,1,Pedestrian
4,499.0,1558.0,550.0,1633.0,1558,0,0,1,Pedestrian
4,499.0,1558.0,550.0,1638.0,1559,0,0,1,Pedestrian
4,499.0,1558.0,548.0,1638.0,1560,0,0,1,Pedestrian
4,499.0,1558.0,548.0,1638.0,1561,0,0,1,Pedestrian
4,499.0,1562.0,548.0,1642.0,1562,0,0,1,Pedestrian
4,499.0,1562.0,548.0,1642.0,1563,0,0,1,Pedestrian
4,499.0,1562.0,548.0,1642.0,1564,0,0,1,Pedestrian
4,499.0,1562.0,548.0,1646.0,1565,0,0,1,Pedestrian
4,499.0,1566.0,548.0,1646.0,1566,0,0,1,Pedestrian
4,499.0,1566.0,548.0,1646.0,1567,0,0,1,Pedestrian
4,499.0,1566.0,548.0,1646.0,1568,0,0,1,Pedestrian
4,499.0,1571.0,548.0,1650.0,1569,0,0,1,Pedestrian
4,499.0,1571.0,548.0,1650.0,1570,0,0,1,Pedestrian
4,499.0,1571.0,548.0,1650.0,1571,0,0,1,Pedestrian
4,497.0,1571.0,546.0,1654.0,1572,0,0,1,Pedestrian
4,497.0,1575.0,546.0,1654.0,1573,0,0,1,Pedestrian
4,497.0,1575.0,546.0,1654.0,1574,0,0,1,Pedestrian
4,497.0,1575.0,546.0,1659.0,1575,0,0,1,Pedestrian
4,497.0,1575.0,546.0,1659.0,1576,0,0,1,Pedestrian
4,497.0,1579.0,546.0,1659.0,1577,0,0,1,Pedestrian
4,497.0,1579.0,546.0,1663.0,1578,0,0,1,Pedestrian
4,497.0,1579.0,546.0,1663.0,1579,0,0,1,Pedestrian
4,497.0,1583.0,546.0,1663.0,1580,0,0,1,Pedestrian
4,497.0,1583.0,546.0,1663.0,1581,0,0,1,Pedestrian
4,497.0,1583.0,546.0,1667.0,1582,0,0,1,Pedestrian
4,497.0,1583.0,546.0,1667.0,1583,0,0,1,Pedestrian
4,497.0,1587.0,545.0,1667.0,1584,0,0,1,Pedestrian
4,497.0,1587.0,545.0,1671.0,1585,0,0,1,Pedestrian
4,497.0,1587.0,545.0,1671.0,1586,0,0,1,Pedestrian
4,497.0,1592.0,545.0,1671.0,1587,0,0,1,Pedestrian
4,497.0,1592.0,545.0,1675.0,1588,0,0,1,Pedestrian
4,497.0,1592.0,545.0,1675.0,1589,0,0,1,Pedestrian
4,495.0,1592.0,545.0,1675.0,1590,0,0,1,Pedestrian
4,495.0,1596.0,545.0,1680.0,1591,0,0,1,Pedestrian
4,495.0,1596.0,545.0,1680.0,1592,0,0,1,Pedestrian
4,495.0,1596.0,545.0,1680.0,1593,0,0,1,Pedestrian
4,495.0,1596.0,545.0,1680.0,1594,0,0,1,Pedestrian
4,495.0,1600.0,545.0,1684.0,1595,0,0,1,Pedestrian
4,495.0,1600.0,543.0,1684.0,1596,0,0,1,Pedestrian
4,495.0,1600.0,543.0,1684.0,1597,0,0,1,Pedestrian
4,495.0,1604.0,543.0,1688.0,1598,0,0,1,Pedestrian
4,495.0,1604.0,543.0,1688.0,1599,0,0,1,Pedestrian
4,495.0,1604.0,543.0,1688.0,1600,0,0,1,Pedestrian
4,495.0,1604.0,543.0,1692.0,1601,0,0,1,Pedestrian
4,495.0,1608.0,543.0,1692.0,1602,0,0,1,Pedestrian
4,495.0,1608.0,543.0,1692.0,1603,0,0,1,Pedestrian
4,495.0,1608.0,543.0,1696.0,1604,0,0,1,Pedestrian
4,495.0,1608.0,543.0,1696.0,1605,0,0,1,Pedestrian
4,495.0,1612.0,543.0,1696.0,1606,0,0,1,Pedestrian
4,495.0,1612.0,543.0,1696.0,1607,0,0,1,Pedestrian
4,493.0,1612.0,541.0,1700.0,1608,0,0,1,Pedestrian
4,493.0,1617.0,541.0,1700.0,1609,0,0,1,Pedestrian
4,493.0,1617.0,541.0,1700.0,1610,0,0,1,Pedestrian
4,493.0,1617.0,541.0,1705.0,1611,0,0,1,Pedestrian
4,493.0,1617.0,541.0,1705.0,1612,0,0,1,Pedestrian
4,493.0,1621.0,541.0,1705.0,1613,0,0,1,Pedestrian
4,493.0,1621.0,541.0,1709.0,1614,0,0,1,Pedestrian
4,493.0,1621.0,541.0,1709.0,1615,0,0,1,Pedestrian
4,493.0,1625.0,541.0,1709.0,1616,0,0,1,Pedestrian
4,493.0,1625.0,541.0,1713.0,1617,0,0,1,Pedestrian
4,493.0,1625.0,541.0,1713.0,1618,0,0,1,Pedestrian
4,493.0,1625.0,541.0,1713.0,1619,0,0,1,Pedestrian
4,493.0,1629.0,539.0,1713.0,1620,0,0,1,Pedestrian
4,493.0,1629.0,539.0,1717.0,1621,0,0,1,Pedestrian
4,493.0,1629.0,539.0,1717.0,1622,0,0,1,Pedestrian
4,493.0,1629.0,539.0,1717.0,1623,0,0,1,Pedestrian
4,493.0,1633.0,539.0,1721.0,1624,0,0,1,Pedestrian
4,493.0,1633.0,539.0,1721.0,1625,0,0,1,Pedestrian
4,491.0,1633.0,539.0,1721.0,1626,0,0,1,Pedestrian
4,491.0,1638.0,539.0,1726.0,1627,0,0,1,Pedestrian
4,491.0,1638.0,539.0,1726.0,1628,0,0,1,Pedestrian
4,491.0,1638.0,539.0,1726.0,1629,0,0,1,Pedestrian
4,491.0,1638.0,539.0,1730.0,1630,0,0,1,Pedestrian
4,491.0,1642.0,537.0,1730.0,1631,0,0,1,Pedestrian
4,491.0,1642.0,537.0,1730.0,1632,0,0,1,Pedestrian
4,491.0,1642.0,537.0,1730.0,1633,0,0,1,Pedestrian
4,491.0,1642.0,537.0,1734.0,1634,0,0,1,Pedestrian
4,491.0,1646.0,537.0,1734.0,1635,0,0,1,Pedestrian
4,491.0,1646.0,537.0,1734.0,1636,0,0,1,Pedestrian
4,491.0,1646.0,537.0,1738.0,1637,0,0,1,Pedestrian
4,491.0,1650.0,537.0,1738.0,1638,0,0,1,Pedestrian
4,491.0,1650.0,537.0,1738.0,1639,0,0,1,Pedestrian
4,491.0,1650.0,537.0,1742.0,1640,0,0,1,Pedestrian
4,491.0,1650.0,537.0,1742.0,1641,0,0,1,Pedestrian
4,491.0,1654.0,537.0,1742.0,1642,0,0,1,Pedestrian
4,489.0,1654.0,535.0,1747.0,1643,0,0,1,Pedestrian
4,489.0,1654.0,535.0,1747.0,1644,0,0,1,Pedestrian
4,489.0,1659.0,535.0,1747.0,1645,0,0,1,Pedestrian
4,489.0,1659.0,535.0,1747.0,1646,0,0,1,Pedestrian
4,489.0,1659.0,535.0,1751.0,1647,0,0,1,Pedestrian
4,489.0,1659.0,535.0,1751.0,1648,0,0,1,Pedestrian
4,489.0,1663.0,535.0,1751.0,1649,0,0,1,Pedestrian
4,489.0,1663.0,535.0,1755.0,1650,0,0,1,Pedestrian
4,489.0,1663.0,535.0,1755.0,1651,0,0,1,Pedestrian
4,489.0,1663.0,535.0,1755.0,1652,0,0,1,Pedestrian
4,489.0,1667.0,535.0,1759.0,1653,0,0,1,Pedestrian
4,489.0,1667.0,535.0,1759.0,1654,0,0,1,Pedestrian
4,489.0,1667.0,534.0,1759.0,1655,0,0,1,Pedestrian
4,489.0,1671.0,534.0,1763.0,1656,0,0,1,Pedestrian
4,489.0,1671.0,534.0,1763.0,1657,0,0,1,Pedestrian
4,489.0,1671.0,534.0,1763.0,1658,0,0,1,Pedestrian
4,489.0,1671.0,534.0,1763.0,1659,0,0,1,Pedestrian
4,489.0,1675.0,534.0,1768.0,1660,0,0,1,Pedestrian
4,488.0,1675.0,534.0,1768.0,1661,0,0,1,Pedestrian
4,488.0,1675.0,534.0,1768.0,1662,0,0,1,Pedestrian
4,488.0,1675.0,534.0,1772.0,1663,0,0,1,Pedestrian
4,488.0,1680.0,534.0,1772.0,1664,0,0,1,Pedestrian
4,488.0,1680.0,534.0,1772.0,1665,0,0,1,Pedestrian
4,488.0,1680.0,534.0,1776.0,1666,0,0,1,Pedestrian
4,488.0,1684.0,532.0,1776.0,1667,0,0,1,Pedestrian
4,488.0,1684.0,532.0,1776.0,1668,0,0,1,Pedestrian
4,488.0,1684.0,532.0,1780.0,1669,0,0,1,Pedestrian
4,488.0,1684.0,532.0,1780.0,1670,0,0,1,Pedestrian
4,488.0,1688.0,532.0,1780.0,1671,0,0,1,Pedestrian
4,488.0,1688.0,532.0,1780.0,1672,0,0,1,Pedestrian
4,488.0,1688.0,532.0,1784.0,1673,0,0,1,Pedestrian
4,488.0,1692.0,532.0,1784.0,1674,0,0,1,Pedestrian
4,488.0,1692.0,532.0,1784.0,1675,0,0,1,Pedestrian
4,488.0,1692.0,532.0,1788.0,1676,0,0,1,Pedestrian
4,488.0,1692.0,532.0,1788.0,1677,0,0,1,Pedestrian
4,488.0,1696.0,532.0,1788.0,1678,0,0,1,Pedestrian
4,486.0,1696.0,530.0,1793.0,1679,0,0,1,Pedestrian
4,486.0,1696.0,530.0,1793.0,1680,0,0,1,Pedestrian
4,486.0,1696.0,530.0,1793.0,1681,0,0,1,Pedestrian
4,486.0,1700.0,530.0,1797.0,1682,0,0,1,Pedestrian
4,486.0,1700.0,530.0,1797.0,1683,0,0,1,Pedestrian
4,486.0,1700.0,530.0,1797.0,1684,0,0,1,Pedestrian
4,486.0,1705.0,530.0,1797.0,1685,0,0,1,Pedestrian
4,486.0,1705.0,530.0,1801.0,1686,0,0,1,Pedestrian
4,486.0,1705.0,530.0,1801.0,1687,0,0,1,Pedestrian
4,486.0,1705.0,530.0,1801.0,1688,0,0,1,Pedestrian
4,486.0,1709.0,530.0,1805.0,1689,0,0,1,Pedestrian
4,486.0,1709.0,530.0,1805.0,1690,0,0,1,Pedestrian
4,486.0,1709.0,528.0,1805.0,1691,0,0,1,Pedestrian
4,486.0,1709.0,528.0,1809.0,1692,0,0,1,Pedestrian
4,486.0,1713.0,528.0,1809.0,1693,0,0,1,Pedestrian
4,486.0,1713.0,528.0,1809.0,1694,0,0,1,Pedestrian
4,486.0,1713.0,528.0,1814.0,1695,0,0,1,Pedestrian
4,486.0,1717.0,528.0,1814.0,1696,0,0,1,Pedestrian
4,484.0,1717.0,528.0,1814.0,1697,0,0,1,Pedestrian
4,484.0,1717.0,528.0,1814.0,1698,0,0,1,Pedestrian
4,484.0,1717.0,528.0,1818.0,1699,0,0,1,Pedestrian
4,484.0,1721.0,528.0,1818.0,1700,0,0,1,Pedestrian
4,484.0,1721.0,528.0,1818.0,1701,0,0,1,Pedestrian
4,484.0,1721.0,528.0,1822.0,1702,0,0,1,Pedestrian
4,484.0,1726.0,526.0,1822.0,1703,0,0,1,Pedestrian
4,484.0,1726.0,526.0,1822.0,1704,0,0,1,Pedestrian
4,484.0,1726.0,526.0,1826.0,1705,0,0,1,Pedestrian
4,484.0,1726.0,526.0,1826.0,1706,0,0,1,Pedestrian
4,484.0,1730.0,526.0,1826.0,1707,0,0,1,Pedestrian
4,484.0,1730.0,526.0,1830.0,1708,0,0,1,Pedestrian
4,484.0,1730.0,526.0,1830.0,1709,0,0,1,Pedestrian
4,484.0,1730.0,526.0,1830.0,1710,0,0,1,Pedestrian
4,484.0,1734.0,526.0,1830.0,1711,0,0,1,Pedestrian
4,484.0,1734.0,526.0,1835.0,1712,0,0,1,Pedestrian
4,484.0,1734.0,526.0,1835.0,1713,0,0,1,Pedestrian
4,484.0,1738.0,526.0,1835.0,1714,0,0,1,Pedestrian
4,482.0,1738.0,524.0,1839.0,1715,0,0,1,Pedestrian
4,482.0,1738.0,524.0,1839.0,1716,0,0,1,Pedestrian
4,482.0,1738.0,524.0,1839.0,1717,0,0,1,Pedestrian
4,482.0,1742.0,524.0,1843.0,1718,0,0,1,Pedestrian
4,482.0,1742.0,524.0,1843.0,1719,0,0,1,Pedestrian
4,482.0,1742.0,524.0,1843.0,1720,0,0,1,Pedestrian
4,482.0,1742.0,524.0,1847.0,1721,0,0,1,Pedestrian
4,482.0,1747.0,524.0,1847.0,1722,0,0,1,Pedestrian
4,482.0,1747.0,524.0,1847.0,1723,0,0,1,Pedestrian
4,482.0,1747.0,524.0,1847.0,1724,0,0,1,Pedestrian
4,482.0,1751.0,524.0,1851.0,1725,0,0,1,Pedestrian
4,482.0,1751.0,524.0,1851.0,1726,0,0,1,Pedestrian
4,482.0,1751.0,523.0,1851.0,1727,0,0,1,Pedestrian
4,482.0,1751.0,523.0,1855.0,1728,0,0,1,Pedestrian
4,482.0,1755.0,523.0,1855.0,1729,0,0,1,Pedestrian
4,482.0,1755.0,523.0,1855.0,1730,0,0,1,Pedestrian
4,482.0,1755.0,523.0,1860.0,1731,0,0,1,Pedestrian
4,482.0,1759.0,523.0,1860.0,1732,0,0,1,Pedestrian
4,480.0,1759.0,523.0,1860.0,1733,0,0,1,Pedestrian
4,480.0,1759.0,523.0,1864.0,1734,0,0,1,Pedestrian
4,480.0,1759.0,523.0,1864.0,1735,0,0,1,Pedestrian
4,480.0,1763.0,523.0,1864.0,1736,0,0,1,Pedestrian
4,480.0,1763.0,523.0,1864.0,1737,0,0,1,Pedestrian
4,480.0,1763.0,523.0,1868.0,1738,0,0,1,Pedestrian
4,480.0,1763.0,521.0,1868.0,1739,0,0,1,Pedestrian
4,480.0,1768.0,521.0,1868.0,1740,0,0,1,Pedestrian
4,480.0,1768.0,521.0,1872.0,1741,0,0,1,Pedestrian
4,480.0,1768.0,521.0,1872.0,1742,0,0,1,Pedestrian
4,480.0,1772.0,521.0,1872.0,1743,0,0,1,Pedestrian
4,480.0,1772.0,521.0,1876.0,1744,0,0,1,Pedestrian
4,480.0,1772.0,521.0,1876.0,1745,0,0,1,Pedestrian
4,480.0,1772.0,521.0,1876.0,1746,0,0,1,Pedestrian
4,480.0,1776.0,521.0,1881.0,1747,0,0,1,Pedestrian
4,480.0,1776.0,521.0,1881.0,1748,0,0,1,Pedestrian
4,480.0,1776.0,521.0,1881.0,1749,0,0,1,Pedestrian
4,480.0,1780.0,521.0,1885.0,1750,0,0,0,Pedestrian
4,478.0,1780.0,519.0,1885.0,1751,0,0,1,Pedestrian
4,478.0,1780.0,519.0,1885.0,1752,0,0,1,Pedestrian
4,478.0,1784.0,519.0,1889.0,1753,0,0,1,Pedestrian
4,478.0,1784.0,519.0,1889.0,1754,0,0,1,Pedestrian
4,478.0,1784.0,519.0,1889.0,1755,0,0,1,Pedestrian
4,478.0,1788.0,519.0,1893.0,1756,0,0,1,Pedestrian
4,478.0,1788.0,519.0,1893.0,1757,0,0,1,Pedestrian
4,478.0,1788.0,519.0,1893.0,1758,0,0,1,Pedestrian
4,478.0,1793.0,519.0,1897.0,1759,0,0,1,Pedestrian
4,478.0,1793.0,519.0,1897.0,1760,0,0,1,Pedestrian
4,476.0,1793.0,517.0,1897.0,1761,0,0,1,Pedestrian
4,476.0,1797.0,517.0,1902.0,1762,0,0,1,Pedestrian
4,476.0,1797.0,517.0,1902.0,1763,0,0,1,Pedestrian
4,476.0,1797.0,517.0,1902.0,1764,0,0,1,Pedestrian
4,476.0,1801.0,517.0,1906.0,1765,0,0,1,Pedestrian
4,476.0,1801.0,517.0,1906.0,1766,0,0,1,Pedestrian
4,476.0,1801.0,517.0,1906.0,1767,0,0,1,Pedestrian
4,476.0,1805.0,517.0,1910.0,1768,0,0,1,Pedestrian
4,476.0,1805.0,517.0,1910.0,1769,0,0,1,Pedestrian
4,476.0,1809.0,517.0,1914.0,1770,0,0,1,Pedestrian
4,475.0,1809.0,515.0,1914.0,1771,0,0,1,Pedestrian
4,475.0,1809.0,515.0,1914.0,1772,0,0,1,Pedestrian
4,475.0,1814.0,515.0,1918.0,1773,0,0,1,Pedestrian
4,475.0,1814.0,515.0,1918.0,1774,0,0,1,Pedestrian
4,475.0,1814.0,515.0,1918.0,1775,0,0,1,Pedestrian
4,475.0,1818.0,515.0,1923.0,1776,0,0,1,Pedestrian
4,475.0,1818.0,515.0,1923.0,1777,0,0,1,Pedestrian
4,475.0,1818.0,515.0,1923.0,1778,0,0,1,Pedestrian
4,475.0,1822.0,515.0,1927.0,1779,0,0,1,Pedestrian
4,475.0,1822.0,515.0,1927.0,1780,0,0,1,Pedestrian
4,473.0,1822.0,513.0,1927.0,1781,0,0,1,Pedestrian
4,473.0,1826.0,513.0,1931.0,1782,0,0,1,Pedestrian
4,473.0,1826.0,513.0,1931.0,1783,0,0,1,Pedestrian
4,473.0,1826.0,513.0,1931.0,1784,0,0,1,Pedestrian
4,473.0,1830.0,513.0,1935.0,1785,0,0,1,Pedestrian
4,473.0,1830.0,513.0,1935.0,1786,0,0,1,Pedestrian
4,473.0,1830.0,513.0,1935.0,1787,0,0,1,Pedestrian
4,473.0,1835.0,513.0,1939.0,1788,0,0,1,Pedestrian
4,473.0,1835.0,513.0,1939.0,1789,0,0,1,Pedestrian
4,473.0,1839.0,513.0,1943.0,1790,0,0,1,Pedestrian
4,471.0,1839.0,511.0,1943.0,1791,0,0,1,Pedestrian
4,471.0,1839.0,511.0,1943.0,1792,0,0,1,Pedestrian
4,471.0,1843.0,511.0,1948.0,1793,0,0,1,Pedestrian
4,471.0,1843.0,511.0,1948.0,1794,0,0,1,Pedestrian
4,471.0,1843.0,511.0,1948.0,1795,0,0,1,Pedestrian
4,471.0,1847.0,511.0,1952.0,1796,0,0,1,Pedestrian
4,471.0,1847.0,511.0,1952.0,1797,0,0,1,Pedestrian
4,471.0,1847.0,511.0,1952.0,1798,0,0,1,Pedestrian
4,471.0,1851.0,511.0,1956.0,1799,0,0,1,Pedestrian
4,471.0,1851.0,511.0,1956.0,1800,0,0,1,Pedestrian
4,469.0,1851.0,510.0,1956.0,1801,0,0,1,Pedestrian
4,469.0,1855.0,510.0,1960.0,1802,0,0,1,Pedestrian
4,469.0,1855.0,510.0,1960.0,1803,0,0,1,Pedestrian
4,469.0,1855.0,510.0,1960.0,1804,0,0,1,Pedestrian
4,469.0,1860.0,510.0,1964.0,1805,0,0,1,Pedestrian
4,469.0,1860.0,510.0,1964.0,1806,0,0,1,Pedestrian
4,469.0,1860.0,510.0,1964.0,1807,0,0,1,Pedestrian
4,469.0,1864.0,510.0,1969.0,1808,0,0,1,Pedestrian
4,469.0,1864.0,510.0,1969.0,1809,0,0,1,Pedestrian
4,469.0,1868.0,510.0,1973.0,1810,0,0,1,Pedestrian
4,467.0,1868.0,508.0,1973.0,1811,0,0,1,Pedestrian
4,467.0,1868.0,508.0,1973.0,1812,0,0,1,Pedestrian
4,467.0,1872.0,508.0,1977.0,1813,0,0,1,Pedestrian
4,467.0,1872.0,508.0,1977.0,1814,0,0,1,Pedestrian
4,467.0,1872.0,508.0,1977.0,1815,0,0,1,Pedestrian
4,467.0,1876.0,508.0,1981.0,1816,0,0,1,Pedestrian
4,467.0,1876.0,508.0,1981.0,1817,0,0,1,Pedestrian
4,467.0,1876.0,508.0,1981.0,1818,0,0,1,Pedestrian
4,467.0,1881.0,508.0,1985.0,1819,0,0,1,Pedestrian
4,467.0,1881.0,508.0,1985.0,1820,0,0,1,Pedestrian
4,465.0,1881.0,506.0,1985.0,1821,0,0,1,Pedestrian
4,465.0,1885.0,506.0,1990.0,1822,0,0,1,Pedestrian
4,465.0,1885.0,506.0,1990.0,1823,0,0,1,Pedestrian
4,465.0,1885.0,506.0,1990.0,1824,0,0,1,Pedestrian
4,465.0,1889.0,506.0,1994.0,1825,0,0,1,Pedestrian
4,465.0,1889.0,506.0,1994.0,1826,0,0,1,Pedestrian
4,465.0,1889.0,506.0,1994.0,1827,0,0,1,Pedestrian
4,465.0,1893.0,506.0,1998.0,1828,0,0,1,Pedestrian
4,465.0,1893.0,506.0,1998.0,1829,0,0,1,Pedestrian
4,465.0,1897.0,506.0,2002.0,1830,0,0,0,Pedestrian
4,465.0,1897.0,506.0,2002.0,1831,0,0,1,Pedestrian
4,465.0,1897.0,506.0,2002.0,1832,0,0,1,Pedestrian
4,465.0,1897.0,506.0,2002.0,1833,0,0,1,Pedestrian
4,465.0,1897.0,506.0,2002.0,1834,0,0,1,Pedestrian
4,465.0,1897.0,506.0,2002.0,1835,0,0,1,Pedestrian
4,465.0,1902.0,506.0,2002.0,1836,0,0,1,Pedestrian
4,465.0,1902.0,506.0,2002.0,1837,0,0,1,Pedestrian
4,465.0,1902.0,506.0,2002.0,1838,0,0,1,Pedestrian
4,465.0,1902.0,506.0,2002.0,1839,0,0,1,Pedestrian
4,465.0,1902.0,506.0,2002.0,1840,0,0,1,Pedestrian
4,465.0,1902.0,506.0,2002.0,1841,0,0,1,Pedestrian
4,465.0,1906.0,506.0,2002.0,1842,0,0,1,Pedestrian
4,465.0,1906.0,506.0,2002.0,1843,0,0,1,Pedestrian
4,465.0,1906.0,506.0,2002.0,1844,0,0,1,Pedestrian
4,465.0,1906.0,506.0,2002.0,1845,0,0,1,Pedestrian
4,465.0,1906.0,506.0,2002.0,1846,0,0,1,Pedestrian
4,465.0,1906.0,506.0,2002.0,1847,0,0,1,Pedestrian
4,465.0,1910.0,506.0,2002.0,1848,0,0,1,Pedestrian
4,465.0,1910.0,506.0,2002.0,1849,0,0,1,Pedestrian
4,465.0,1910.0,506.0,2002.0,1850,0,0,1,Pedestrian
4,465.0,1910.0,506.0,2002.0,1851,0,0,1,Pedestrian
4,465.0,1910.0,506.0,2002.0,1852,0,0,1,Pedestrian
4,465.0,1910.0,506.0,2002.0,1853,0,0,1,Pedestrian
4,465.0,1914.0,506.0,2002.0,1854,0,0,1,Pedestrian
4,465.0,1914.0,506.0,2002.0,1855,0,0,1,Pedestrian
4,465.0,1914.0,506.0,2002.0,1856,0,0,1,Pedestrian
4,465.0,1914.0,506.0,2002.0,1857,0,0,1,Pedestrian
4,465.0,1914.0,506.0,2002.0,1858,0,0,1,Pedestrian
4,465.0,1914.0,506.0,2002.0,1859,0,0,1,Pedestrian
4,465.0,1918.0,506.0,2006.0,1860,1,0,0,Pedestrian
4,465.0,1918.0,506.0,2006.0,1861,1,0,1,Pedestrian
4,465.0,1918.0,506.0,2006.0,1862,1,0,1,Pedestrian
4,465.0,1918.0,506.0,2006.0,1863,1,0,1,Pedestrian
4,465.0,1918.0,506.0,2006.0,1864,1,0,1,Pedestrian
4,465.0,1918.0,506.0,2006.0,1865,1,0,1,Pedestrian
4,465.0,1918.0,506.0,2006.0,1866,1,0,1,Pedestrian
4,465.0,1918.0,506.0,2006.0,1867,1,0,1,Pedestrian
4,465.0,1918.0,506.0,2006.0,1868,1,0,1,Pedestrian
4,465.0,1918.0,506.0,2006.0,1869,1,0,1,Pedestrian
4,465.0,1918.0,506.0,2006.0,1870,1,0,1,Pedestrian
4,465.0,1918.0,506.0,2006.0,1871,1,0,1,Pedestrian
4,465.0,1918.0,506.0,2006.0,1872,1,0,1,Pedestrian
4,465.0,1918.0,506.0,2006.0,1873,1,0,1,Pedestrian
4,465.0,1918.0,506.0,2006.0,1874,1,0,1,Pedestrian
4,465.0,1918.0,506.0,2006.0,1875,1,0,1,Pedestrian
4,465.0,1918.0,506.0,2006.0,1876,1,0,1,Pedestrian
4,465.0,1918.0,506.0,2006.0,1877,1,0,1,Pedestrian
4,465.0,1918.0,506.0,2006.0,1878,1,0,1,Pedestrian
4,465.0,1918.0,506.0,2006.0,1879,1,0,1,Pedestrian
4,465.0,1918.0,506.0,2006.0,1880,1,0,0,Pedestrian
4,465.0,1918.0,506.0,2006.0,1881,1,0,1,Pedestrian
4,465.0,1918.0,506.0,2006.0,1882,1,0,1,Pedestrian
4,465.0,1918.0,506.0,2006.0,1883,1,0,1,Pedestrian
4,465.0,1918.0,506.0,2006.0,1884,1,0,1,Pedestrian
4,465.0,1918.0,506.0,2006.0,1885,1,0,1,Pedestrian
4,465.0,1918.0,506.0,2006.0,1886,1,0,1,Pedestrian
4,465.0,1918.0,506.0,2006.0,1887,1,0,1,Pedestrian
4,465.0,1918.0,506.0,2006.0,1888,1,0,1,Pedestrian
4,465.0,1918.0,506.0,2006.0,1889,1,0,1,Pedestrian
4,465.0,1918.0,506.0,2006.0,1890,1,0,1,Pedestrian
4,465.0,1918.0,506.0,2006.0,1891,1,0,1,Pedestrian
4,465.0,1918.0,506.0,2006.0,1892,1,0,1,Pedestrian
4,465.0,1918.0,506.0,2006.0,1893,1,0,1,Pedestrian
4,465.0,1918.0,506.0,2006.0,1894,1,0,1,Pedestrian
4,465.0,1918.0,506.0,2006.0,1895,1,0,1,Pedestrian
4,465.0,1918.0,506.0,2006.0,1896,1,0,1,Pedestrian
4,465.0,1918.0,506.0,2006.0,1897,1,0,1,Pedestrian
4,465.0,1918.0,506.0,2006.0,1898,1,0,1,Pedestrian
4,465.0,1918.0,506.0,2006.0,1899,1,0,1,Pedestrian
4,465.0,1918.0,506.0,2006.0,1900,1,0,1,Pedestrian
4,465.0,1918.0,506.0,2006.0,1901,1,0,1,Pedestrian
4,465.0,1918.0,506.0,2006.0,1902,1,0,1,Pedestrian
4,465.0,1918.0,506.0,2006.0,1903,1,0,1,Pedestrian
4,465.0,1918.0,506.0,2006.0,1904,1,0,1,Pedestrian
4,465.0,1918.0,506.0,2006.0,1905,1,0,1,Pedestrian
4,465.0,1918.0,506.0,2006.0,1906,1,0,1,Pedestrian
4,465.0,1918.0,506.0,2006.0,1907,1,0,1,Pedestrian
4,465.0,1918.0,506.0,2006.0,1908,1,0,1,Pedestrian
4,465.0,1918.0,506.0,2006.0,1909,1,0,1,Pedestrian
4,465.0,1918.0,506.0,2006.0,1910,1,0,1,Pedestrian
4,465.0,1918.0,506.0,2006.0,1911,1,0,1,Pedestrian
4,465.0,1918.0,506.0,2006.0,1912,1,0,1,Pedestrian
4,465.0,1918.0,506.0,2006.0,1913,1,0,1,Pedestrian
4,465.0,1918.0,506.0,2006.0,1914,1,0,1,Pedestrian
4,465.0,1918.0,506.0,2006.0,1915,1,0,1,Pedestrian
4,465.0,1918.0,506.0,2006.0,1916,1,0,1,Pedestrian
4,465.0,1918.0,506.0,2006.0,1917,1,0,1,Pedestrian
4,465.0,1918.0,506.0,2006.0,1918,1,0,1,Pedestrian
4,465.0,1918.0,506.0,2006.0,1919,1,0,1,Pedestrian
4,465.0,1918.0,506.0,2006.0,1920,1,0,1,Pedestrian
4,465.0,1918.0,506.0,2006.0,1921,1,0,1,Pedestrian
4,465.0,1918.0,506.0,2006.0,1922,1,0,1,Pedestrian
4,465.0,1918.0,506.0,2006.0,1923,1,0,1,Pedestrian
4,465.0,1918.0,506.0,2006.0,1924,1,0,1,Pedestrian
4,465.0,1918.0,506.0,2006.0,1925,1,0,1,Pedestrian
4,465.0,1918.0,506.0,2006.0,1926,1,0,1,Pedestrian
4,465.0,1918.0,506.0,2006.0,1927,1,0,1,Pedestrian
4,465.0,1918.0,506.0,2006.0,1928,1,0,1,Pedestrian
4,465.0,1918.0,506.0,2006.0,1929,1,0,1,Pedestrian
4,465.0,1918.0,506.0,2006.0,1930,1,0,1,Pedestrian
4,465.0,1918.0,506.0,2006.0,1931,1,0,1,Pedestrian
4,465.0,1918.0,506.0,2006.0,1932,1,0,1,Pedestrian
4,465.0,1918.0,506.0,2006.0,1933,1,0,1,Pedestrian
4,465.0,1918.0,506.0,2006.0,1934,1,0,1,Pedestrian
4,465.0,1918.0,506.0,2006.0,1935,1,0,1,Pedestrian
4,465.0,1918.0,506.0,2006.0,1936,1,0,1,Pedestrian
4,465.0,1918.0,506.0,2006.0,1937,1,0,1,Pedestrian
4,465.0,1918.0,506.0,2006.0,1938,1,0,1,Pedestrian
4,465.0,1918.0,506.0,2006.0,1939,1,0,1,Pedestrian
4,465.0,1918.0,506.0,2006.0,1940,1,0,1,Pedestrian
4,465.0,1918.0,506.0,2006.0,1941,1,0,1,Pedestrian
4,465.0,1918.0,506.0,2006.0,1942,1,0,1,Pedestrian
4,465.0,1918.0,506.0,2006.0,1943,1,0,1,Pedestrian
4,465.0,1918.0,506.0,2006.0,1944,1,0,1,Pedestrian
4,465.0,1918.0,506.0,2006.0,1945,1,0,1,Pedestrian
4,465.0,1918.0,506.0,2006.0,1946,1,0,1,Pedestrian
4,465.0,1918.0,506.0,2006.0,1947,1,0,1,Pedestrian
4,465.0,1918.0,506.0,2006.0,1948,1,0,1,Pedestrian
4,465.0,1918.0,506.0,2006.0,1949,1,0,1,Pedestrian
4,465.0,1918.0,506.0,2006.0,1950,1,0,1,Pedestrian
4,465.0,1918.0,506.0,2006.0,1951,1,0,1,Pedestrian
4,465.0,1918.0,506.0,2006.0,1952,1,0,1,Pedestrian
4,465.0,1918.0,506.0,2006.0,1953,1,0,1,Pedestrian
4,465.0,1918.0,506.0,2006.0,1954,1,0,1,Pedestrian
4,465.0,1918.0,506.0,2006.0,1955,1,0,1,Pedestrian
4,465.0,1918.0,506.0,2006.0,1956,1,0,1,Pedestrian
4,465.0,1918.0,506.0,2006.0,1957,1,0,1,Pedestrian
4,465.0,1918.0,506.0,2006.0,1958,1,0,1,Pedestrian
4,465.0,1918.0,506.0,2006.0,1959,1,0,1,Pedestrian
4,465.0,1918.0,506.0,2006.0,1960,1,0,1,Pedestrian
4,465.0,1918.0,506.0,2006.0,1961,1,0,1,Pedestrian
4,465.0,1918.0,506.0,2006.0,1962,1,0,1,Pedestrian
4,465.0,1918.0,506.0,2006.0,1963,1,0,1,Pedestrian
4,465.0,1918.0,506.0,2006.0,1964,1,0,1,Pedestrian
4,465.0,1918.0,506.0,2006.0,1965,1,0,1,Pedestrian
4,465.0,1918.0,506.0,2006.0,1966,1,0,1,Pedestrian
4,465.0,1918.0,506.0,2006.0,1967,1,0,1,Pedestrian
4,465.0,1918.0,506.0,2006.0,1968,1,0,1,Pedestrian
4,465.0,1918.0,506.0,2006.0,1969,1,0,1,Pedestrian
4,465.0,1918.0,506.0,2006.0,1970,1,0,1,Pedestrian
4,465.0,1918.0,506.0,2006.0,1971,1,0,1,Pedestrian
4,465.0,1918.0,506.0,2006.0,1972,1,0,1,Pedestrian
4,465.0,1918.0,506.0,2006.0,1973,1,0,1,Pedestrian
4,465.0,1918.0,506.0,2006.0,1974,1,0,1,Pedestrian
4,465.0,1918.0,506.0,2006.0,1975,1,0,1,Pedestrian
4,465.0,1918.0,506.0,2006.0,1976,1,0,1,Pedestrian
4,465.0,1918.0,506.0,2006.0,1977,1,0,1,Pedestrian
4,465.0,1918.0,506.0,2006.0,1978,1,0,1,Pedestrian
4,465.0,1918.0,506.0,2006.0,1979,1,0,1,Pedestrian
4,465.0,1918.0,506.0,2006.0,1980,1,0,1,Pedestrian
4,465.0,1918.0,506.0,2006.0,1981,1,0,1,Pedestrian
4,465.0,1918.0,506.0,2006.0,1982,1,0,1,Pedestrian
4,465.0,1918.0,506.0,2006.0,1983,1,0,1,Pedestrian
4,465.0,1918.0,506.0,2006.0,1984,1,0,1,Pedestrian
4,465.0,1918.0,506.0,2006.0,1985,1,0,1,Pedestrian
4,465.0,1918.0,506.0,2006.0,1986,1,0,1,Pedestrian
4,465.0,1918.0,506.0,2006.0,1987,1,0,1,Pedestrian
4,465.0,1918.0,506.0,2006.0,1988,1,0,1,Pedestrian
4,465.0,1918.0,506.0,2006.0,1989,1,0,1,Pedestrian
4,465.0,1918.0,506.0,2006.0,1990,1,0,1,Pedestrian
4,465.0,1918.0,506.0,2006.0,1991,1,0,1,Pedestrian
4,465.0,1918.0,506.0,2006.0,1992,1,0,1,Pedestrian
4,465.0,1918.0,506.0,2006.0,1993,1,0,1,Pedestrian
4,465.0,1918.0,506.0,2006.0,1994,1,0,1,Pedestrian
4,465.0,1918.0,506.0,2006.0,1995,1,0,1,Pedestrian
4,465.0,1918.0,506.0,2006.0,1996,1,0,1,Pedestrian
4,465.0,1918.0,506.0,2006.0,1997,1,0,1,Pedestrian
4,465.0,1918.0,506.0,2006.0,1998,1,0,1,Pedestrian
4,465.0,1918.0,506.0,2006.0,1999,1,0,1,Pedestrian
4,465.0,1918.0,506.0,2006.0,2000,1,0,1,Pedestrian
4,465.0,1918.0,506.0,2006.0,2001,1,0,1,Pedestrian
4,465.0,1918.0,506.0,2006.0,2002,1,0,1,Pedestrian
4,465.0,1918.0,506.0,2006.0,2003,1,0,1,Pedestrian
4,465.0,1918.0,506.0,2006.0,2004,1,0,1,Pedestrian
4,465.0,1918.0,506.0,2006.0,2005,1,0,1,Pedestrian
4,465.0,1918.0,506.0,2006.0,2006,1,0,1,Pedestrian
4,465.0,1918.0,506.0,2006.0,2007,1,0,1,Pedestrian
4,465.0,1918.0,506.0,2006.0,2008,1,0,1,Pedestrian
4,465.0,1918.0,506.0,2006.0,2009,1,0,1,Pedestrian
4,465.0,1918.0,506.0,2006.0,2010,1,0,1,Pedestrian
4,465.0,1918.0,506.0,2006.0,2011,1,0,1,Pedestrian
4,465.0,1918.0,506.0,2006.0,2012,1,0,1,Pedestrian
4,465.0,1918.0,506.0,2006.0,2013,1,0,1,Pedestrian
4,465.0,1918.0,506.0,2006.0,2014,1,0,1,Pedestrian
4,465.0,1918.0,506.0,2006.0,2015,1,0,1,Pedestrian
4,465.0,1918.0,506.0,2006.0,2016,1,0,1,Pedestrian
4,465.0,1918.0,506.0,2006.0,2017,1,0,1,Pedestrian
4,465.0,1918.0,506.0,2006.0,2018,1,0,1,Pedestrian
4,465.0,1918.0,506.0,2006.0,2019,1,0,1,Pedestrian
4,465.0,1918.0,506.0,2006.0,2020,1,0,1,Pedestrian
4,465.0,1918.0,506.0,2006.0,2021,1,0,1,Pedestrian
4,465.0,1918.0,506.0,2006.0,2022,1,0,1,Pedestrian
4,465.0,1918.0,506.0,2006.0,2023,1,0,1,Pedestrian
4,465.0,1918.0,506.0,2006.0,2024,1,0,1,Pedestrian
4,465.0,1918.0,506.0,2006.0,2025,1,0,1,Pedestrian
4,465.0,1918.0,506.0,2006.0,2026,1,0,1,Pedestrian
4,465.0,1918.0,506.0,2006.0,2027,1,0,1,Pedestrian
4,465.0,1918.0,506.0,2006.0,2028,1,0,1,Pedestrian
4,465.0,1918.0,506.0,2006.0,2029,1,0,1,Pedestrian
4,465.0,1918.0,506.0,2006.0,2030,1,0,1,Pedestrian
4,465.0,1918.0,506.0,2006.0,2031,1,0,0,Pedestrian
5,1281.0,1474.0,1324.0,1550.0,1000,1,0,0,Pedestrian
5,1281.0,1474.0,1324.0,1550.0,1001,1,0,1,Pedestrian
5,1281.0,1474.0,1324.0,1550.0,1002,1,0,1,Pedestrian
5,1281.0,1474.0,1324.0,1550.0,1003,1,0,1,Pedestrian
5,1281.0,1474.0,1324.0,1550.0,1004,1,0,1,Pedestrian
5,1281.0,1474.0,1324.0,1550.0,1005,1,0,1,Pedestrian
5,1281.0,1474.0,1324.0,1550.0,1006,1,0,1,Pedestrian
5,1281.0,1474.0,1324.0,1550.0,1007,1,0,1,Pedestrian
5,1281.0,1474.0,1324.0,1550.0,1008,1,0,1,Pedestrian
5,1281.0,1474.0,1324.0,1550.0,1009,1,0,1,Pedestrian
5,1281.0,1474.0,1324.0,1550.0,1010,1,0,1,Pedestrian
5,1281.0,1474.0,1324.0,1550.0,1011,1,0,1,Pedestrian
5,1281.0,1474.0,1324.0,1550.0,1012,1,0,1,Pedestrian
5,1281.0,1474.0,1324.0,1550.0,1013,1,0,1,Pedestrian
5,1281.0,1474.0,1324.0,1550.0,1014,1,0,1,Pedestrian
5,1281.0,1474.0,1324.0,1550.0,1015,1,0,1,Pedestrian
5,1281.0,1474.0,1324.0,1550.0,1016,1,0,1,Pedestrian
5,1281.0,1474.0,1324.0,1550.0,1017,1,0,1,Pedestrian
5,1281.0,1474.0,1324.0,1550.0,1018,1,0,1,Pedestrian
5,1281.0,1474.0,1324.0,1550.0,1019,1,0,1,Pedestrian
5,1281.0,1474.0,1324.0,1550.0,1020,1,0,1,Pedestrian
5,1281.0,1474.0,1324.0,1550.0,1021,1,0,1,Pedestrian
5,1281.0,1474.0,1324.0,1550.0,1022,1,0,1,Pedestrian
5,1281.0,1474.0,1324.0,1550.0,1023,1,0,1,Pedestrian
5,1281.0,1474.0,1324.0,1550.0,1024,1,0,1,Pedestrian
5,1281.0,1474.0,1324.0,1550.0,1025,1,0,1,Pedestrian
5,1281.0,1474.0,1324.0,1550.0,1026,1,0,1,Pedestrian
5,1281.0,1474.0,1324.0,1550.0,1027,1,0,1,Pedestrian
5,1281.0,1474.0,1324.0,1550.0,1028,1,0,1,Pedestrian
5,1281.0,1474.0,1324.0,1550.0,1029,1,0,1,Pedestrian
5,1281.0,1474.0,1324.0,1550.0,1030,1,0,1,Pedestrian
5,1281.0,1474.0,1324.0,1550.0,1031,1,0,1,Pedestrian
5,1281.0,1474.0,1324.0,1550.0,1032,1,0,1,Pedestrian
5,1281.0,1474.0,1324.0,1550.0,1033,1,0,1,Pedestrian
5,1281.0,1474.0,1324.0,1550.0,1034,1,0,1,Pedestrian
5,1281.0,1474.0,1324.0,1550.0,1035,1,0,1,Pedestrian
5,1281.0,1474.0,1324.0,1550.0,1036,1,0,1,Pedestrian
5,1281.0,1474.0,1324.0,1550.0,1037,1,0,1,Pedestrian
5,1281.0,1474.0,1324.0,1550.0,1038,1,0,1,Pedestrian
5,1281.0,1474.0,1324.0,1550.0,1039,1,0,1,Pedestrian
5,1281.0,1474.0,1324.0,1550.0,1040,1,0,1,Pedestrian
5,1281.0,1474.0,1324.0,1550.0,1041,1,0,1,Pedestrian
5,1281.0,1474.0,1324.0,1550.0,1042,1,0,1,Pedestrian
5,1281.0,1474.0,1324.0,1550.0,1043,1,0,1,Pedestrian
5,1281.0,1474.0,1324.0,1550.0,1044,1,0,1,Pedestrian
5,1281.0,1474.0,1324.0,1550.0,1045,1,0,1,Pedestrian
5,1281.0,1474.0,1324.0,1550.0,1046,1,0,1,Pedestrian
5,1281.0,1474.0,1324.0,1550.0,1047,1,0,1,Pedestrian
5,1281.0,1474.0,1324.0,1550.0,1048,1,0,1,Pedestrian
5,1281.0,1474.0,1324.0,1550.0,1049,1,0,1,Pedestrian
5,1281.0,1474.0,1324.0,1550.0,1050,1,0,1,Pedestrian
5,1281.0,1474.0,1324.0,1550.0,1051,1,0,1,Pedestrian
5,1281.0,1474.0,1324.0,1550.0,1052,1,0,1,Pedestrian
5,1281.0,1474.0,1324.0,1550.0,1053,1,0,1,Pedestrian
5,1281.0,1474.0,1324.0,1550.0,1054,1,0,1,Pedestrian
5,1281.0,1474.0,1324.0,1550.0,1055,1,0,1,Pedestrian
5,1281.0,1474.0,1324.0,1550.0,1056,1,0,1,Pedestrian
5,1281.0,1474.0,1324.0,1550.0,1057,1,0,1,Pedestrian
5,1281.0,1474.0,1324.0,1550.0,1058,1,0,1,Pedestrian
5,1281.0,1474.0,1324.0,1550.0,1059,1,0,1,Pedestrian
5,1281.0,1474.0,1324.0,1550.0,1060,1,0,1,Pedestrian
5,1281.0,1474.0,1324.0,1550.0,1061,1,0,1,Pedestrian
5,1281.0,1474.0,1324.0,1550.0,1062,1,0,1,Pedestrian
5,1281.0,1474.0,1324.0,1550.0,1063,1,0,1,Pedestrian
5,1281.0,1474.0,1324.0,1550.0,1064,1,0,1,Pedestrian
5,1281.0,1474.0,1324.0,1550.0,1065,1,0,1,Pedestrian
5,1281.0,1474.0,1324.0,1550.0,1066,1,0,1,Pedestrian
5,1281.0,1474.0,1324.0,1550.0,1067,1,0,1,Pedestrian
5,1281.0,1474.0,1324.0,1550.0,1068,1,0,1,Pedestrian
5,1281.0,1474.0,1324.0,1550.0,1069,1,0,1,Pedestrian
5,1281.0,1474.0,1324.0,1550.0,1070,1,0,1,Pedestrian
5,1281.0,1474.0,1324.0,1550.0,1071,1,0,1,Pedestrian
5,1281.0,1474.0,1324.0,1550.0,1072,1,0,1,Pedestrian
5,1281.0,1474.0,1324.0,1550.0,1073,1,0,1,Pedestrian
5,1281.0,1474.0,1324.0,1550.0,1074,1,0,1,Pedestrian
5,1281.0,1474.0,1324.0,1550.0,1075,1,0,1,Pedestrian
5,1281.0,1474.0,1324.0,1550.0,1076,1,0,1,Pedestrian
5,1281.0,1474.0,1324.0,1550.0,1077,1,0,1,Pedestrian
5,1281.0,1474.0,1324.0,1550.0,1078,1,0,1,Pedestrian
5,1281.0,1474.0,1324.0,1550.0,1079,1,0,1,Pedestrian
5,1281.0,1474.0,1324.0,1550.0,1080,1,0,1,Pedestrian
5,1281.0,1474.0,1324.0,1550.0,1081,1,0,1,Pedestrian
5,1281.0,1474.0,1324.0,1550.0,1082,1,0,1,Pedestrian
5,1281.0,1474.0,1324.0,1550.0,1083,1,0,1,Pedestrian
5,1281.0,1474.0,1324.0,1550.0,1084,1,0,1,Pedestrian
5,1281.0,1474.0,1324.0,1550.0,1085,1,0,1,Pedestrian
5,1281.0,1474.0,1324.0,1550.0,1086,1,0,1,Pedestrian
5,1281.0,1474.0,1324.0,1550.0,1087,1,0,1,Pedestrian
5,1281.0,1474.0,1324.0,1550.0,1088,1,0,1,Pedestrian
5,1281.0,1474.0,1324.0,1550.0,1089,1,0,1,Pedestrian
5,1281.0,1474.0,1324.0,1550.0,1090,1,0,1,Pedestrian
5,1281.0,1474.0,1324.0,1550.0,1091,0,0,0,Pedestrian
5,1279.0,1470.0,1322.0,1545.0,1092,0,0,1,Pedestrian
5,1278.0,1470.0,1320.0,1545.0,1093,0,0,1,Pedestrian
5,1278.0,1470.0,1320.0,1545.0,1094,0,0,1,Pedestrian
5,1276.0,1470.0,1318.0,1545.0,1095,0,0,1,Pedestrian
5,1276.0,1470.0,1318.0,1545.0,1096,0,0,1,Pedestrian
5,1274.0,1470.0,1316.0,1545.0,1097,0,0,1,Pedestrian
5,1274.0,1470.0,1316.0,1545.0,1098,0,0,1,Pedestrian
5,1272.0,1470.0,1314.0,1545.0,1099,0,0,1,Pedestrian
5,1272.0,1466.0,1314.0,1541.0,1100,0,0,1,Pedestrian
5,1270.0,1466.0,1313.0,1541.0,1101,0,0,1,Pedestrian
5,1270.0,1466.0,1313.0,1541.0,1102,0,0,1,Pedestrian
5,1268.0,1466.0,1311.0,1541.0,1103,0,0,1,Pedestrian
5,1268.0,1466.0,1311.0,1541.0,1104,0,0,1,Pedestrian
5,1267.0,1466.0,1309.0,1541.0,1105,0,0,1,Pedestrian
5,1265.0,1466.0,1307.0,1541.0,1106,0,0,1,Pedestrian
5,1265.0,1466.0,1307.0,1541.0,1107,0,0,1,Pedestrian
5,1263.0,1466.0,1305.0,1541.0,1108,0,0,1,Pedestrian
5,1263.0,1462.0,1305.0,1537.0,1109,0,0,1,Pedestrian
5,1261.0,1462.0,1303.0,1537.0,1110,0,0,1,Pedestrian
5,1261.0,1462.0,1303.0,1537.0,1111,0,0,1,Pedestrian
5,1259.0,1462.0,1302.0,1537.0,1112,0,0,1,Pedestrian
5,1259.0,1462.0,1302.0,1537.0,1113,0,0,1,Pedestrian
5,1257.0,1462.0,1300.0,1537.0,1114,0,0,1,Pedestrian
5,1257.0,1462.0,1300.0,1537.0,1115,0,0,1,Pedestrian
5,1256.0,1462.0,1298.0,1537.0,1116,0,0,1,Pedestrian
5,1256.0,1457.0,1298.0,1533.0,1117,0,0,1,Pedestrian
5,1254.0,1457.0,1296.0,1533.0,1118,0,0,1,Pedestrian
5,1254.0,1457.0,1296.0,1533.0,1119,0,0,1,Pedestrian
5,1252.0,1457.0,1294.0,1533.0,1120,0,0,1,Pedestrian
5,1250.0,1457.0,1292.0,1533.0,1121,0,0,1,Pedestrian
5,1250.0,1457.0,1292.0,1533.0,1122,0,0,1,Pedestrian
5,1248.0,1457.0,1291.0,1533.0,1123,0,0,1,Pedestrian
5,1248.0,1457.0,1291.0,1533.0,1124,0,0,1,Pedestrian
5,1246.0,1457.0,1289.0,1533.0,1125,0,0,1,Pedestrian
5,1246.0,1453.0,1289.0,1529.0,1126,0,0,1,Pedestrian
5,1244.0,1453.0,1287.0,1529.0,1127,0,0,1,Pedestrian
5,1244.0,1453.0,1287.0,1529.0,1128,0,0,1,Pedestrian
5,1243.0,1453.0,1285.0,1529.0,1129,0,0,1,Pedestrian
5,1243.0,1453.0,1285.0,1529.0,1130,0,0,1,Pedestrian
5,1241.0,1453.0,1283.0,1529.0,1131,0,0,1,Pedestrian
5,1241.0,1453.0,1283.0,1529.0,1132,0,0,1,Pedestrian
5,1239.0,1453.0,1281.0,1529.0,1133,0,0,1,Pedestrian
5,1239.0,1453.0,1281.0,1529.0,1134,0,0,0,Pedestrian
5,1237.0,1449.0,1279.0,1525.0,1135,0,0,1,Pedestrian
5,1235.0,1449.0,1278.0,1525.0,1136,0,0,1,Pedestrian
5,1235.0,1449.0,1278.0,1525.0,1137,0,0,1,Pedestrian
5,1233.0,1449.0,1276.0,1525.0,1138,0,0,1,Pedestrian
5,1232.0,1449.0,1274.0,1525.0,1139,0,0,1,Pedestrian
5,1232.0,1449.0,1274.0,1525.0,1140,0,0,1,Pedestrian
5,1230.0,1449.0,1272.0,1525.0,1141,0,0,1,Pedestrian
5,1228.0,1445.0,1270.0,1520.0,1142,0,0,1,Pedestrian
5,1228.0,1445.0,1270.0,1520.0,1143,0,0,1,Pedestrian
5,1226.0,1445.0,1268.0,1520.0,1144,0,0,1,Pedestrian
5,1224.0,1445.0,1267.0,1520.0,1145,0,0,1,Pedestrian
5,1224.0,1445.0,1267.0,1520.0,1146,0,0,1,Pedestrian
5,1222.0,1445.0,1265.0,1520.0,1147,0,0,1,Pedestrian
5,1221.0,1445.0,1263.0,1520.0,1148,0,0,1,Pedestrian
5,1221.0,1441.0,1263.0,1516.0,1149,0,0,1,Pedestrian
5,1219.0,1441.0,1261.0,1516.0,1150,0,0,1,Pedestrian
5,1219.0,1441.0,1261.0,1516.0,1151,0,0,1,Pedestrian
5,1217.0,1441.0,1259.0,1516.0,1152,0,0,1,Pedestrian
5,1215.0,1441.0,1257.0,1516.0,1153,0,0,1,Pedestrian
5,1215.0,1441.0,1257.0,1516.0,1154,0,0,1,Pedestrian
5,1213.0,1441.0,1256.0,1516.0,1155,0,0,1,Pedestrian
5,1211.0,1441.0,1254.0,1516.0,1156,0,0,1,Pedestrian
5,1211.0,1437.0,1254.0,1512.0,1157,0,0,1,Pedestrian
5,1209.0,1437.0,1252.0,1512.0,1158,0,0,1,Pedestrian
5,1208.0,1437.0,1250.0,1512.0,1159,0,0,1,Pedestrian
5,1208.0,1437.0,1250.0,1512.0,1160,0,0,1,Pedestrian
5,1206.0,1437.0,1248.0,1512.0,1161,0,0,1,Pedestrian
5,1204.0,1437.0,1246.0,1512.0,1162,0,0,1,Pedestrian
5,1204.0,1437.0,1246.0,1512.0,1163,0,0,1,Pedestrian
5,1202.0,1432.0,1244.0,1508.0,1164,0,0,1,Pedestrian
5,1202.0,1432.0,1244.0,1508.0,1165,0,0,1,Pedestrian
5,1200.0,1432.0,1243.0,1508.0,1166,0,0,1,Pedestrian
5,1198.0,1432.0,1241.0,1508.0,1167,0,0,1,Pedestrian
5,1198.0,1432.0,1241.0,1508.0,1168,0,0,1,Pedestrian
5,1197.0,1432.0,1239.0,1508.0,1169,0,0,1,Pedestrian
5,1195.0,1432.0,1237.0,1508.0,1170,0,0,1,Pedestrian
5,1195.0,1428.0,1237.0,1504.0,1171,0,0,1,Pedestrian
5,1193.0,1428.0,1235.0,1504.0,1172,0,0,1,Pedestrian
5,1191.0,1428.0,1233.0,1504.0,1173,0,0,1,Pedestrian
5,1191.0,1428.0,1233.0,1504.0,1174,0,0,1,Pedestrian
5,1189.0,1428.0,1232.0,1504.0,1175,0,0,1,Pedestrian
5,1187.0,1428.0,1230.0,1504.0,1176,0,0,1,Pedestrian
5,1187.0,1428.0,1230.0,1504.0,1177,0,0,1,Pedestrian
5,1186.0,1428.0,1228.0,1504.0,1178,0,0,1,Pedestrian
5,1186.0,1424.0,1228.0,1499.0,1179,0,0,1,Pedestrian
5,1184.0,1424.0,1226.0,1499.0,1180,0,0,1,Pedestrian
5,1182.0,1424.0,1224.0,1499.0,1181,0,0,1,Pedestrian
5,1182.0,1424.0,1224.0,1499.0,1182,0,0,1,Pedestrian
5,1180.0,1424.0,1222.0,1499.0,1183,0,0,1,Pedestrian
5,1178.0,1424.0,1221.0,1499.0,1184,0,0,1,Pedestrian
5,1178.0,1424.0,1221.0,1499.0,1185,0,0,1,Pedestrian
5,1176.0,1420.0,1219.0,1495.0,1186,0,0,1,Pedestrian
5,1174.0,1420.0,1217.0,1495.0,1187,0,0,1,Pedestrian
5,1174.0,1420.0,1217.0,1495.0,1188,0,0,1,Pedestrian
5,1173.0,1420.0,1215.0,1495.0,1189,0,0,1,Pedestrian
5,1171.0,1420.0,1213.0,1495.0,1190,0,0,1,Pedestrian
5,1171.0,1420.0,1213.0,1495.0,1191,0,0,1,Pedestrian
5,1169.0,1420.0,1211.0,1495.0,1192,0,0,1,Pedestrian
5,1169.0,1420.0,1211.0,1495.0,1193,0,0,0,Pedestrian
5,1167.0,1416.0,1209.0,1491.0,1194,0,0,1,Pedestrian
5,1165.0,1416.0,1208.0,1491.0,1195,0,0,1,Pedestrian
5,1163.0,1416.0,1206.0,1491.0,1196,0,0,1,Pedestrian
5,1162.0,1416.0,1204.0,1491.0,1197,0,0,1,Pedestrian
5,1162.0,1416.0,1204.0,1491.0,1198,0,0,1,Pedestrian
5,1160.0,1416.0,1202.0,1491.0,1199,0,0,1,Pedestrian
5,1158.0,1416.0,1200.0,1491.0,1200,0,0,1,Pedestrian
5,1156.0,1416.0,1198.0,1491.0,1201,0,0,1,Pedestrian
5,1154.0,1416.0,1197.0,1491.0,1202,0,0,1,Pedestrian
5,1154.0,1416.0,1197.0,1491.0,1203,0,0,1,Pedestrian
5,1152.0,1416.0,1195.0,1491.0,1204,0,0,1,Pedestrian
5,1151.0,1416.0,1193.0,1491.0,1205,0,0,1,Pedestrian
5,1149.0,1416.0,1191.0,1491.0,1206,0,0,1,Pedestrian
5,1147.0,1416.0,1189.0,1491.0,1207,0,0,1,Pedestrian
5,1147.0,1416.0,1189.0,1491.0,1208,0,0,1,Pedestrian
5,1145.0,1416.0,1187.0,1491.0,1209,0,0,1,Pedestrian
5,1143.0,1416.0,1186.0,1491.0,1210,0,0,1,Pedestrian
5,1141.0,1416.0,1184.0,1491.0,1211,0,0,1,Pedestrian
5,1141.0,1416.0,1184.0,1491.0,1212,0,0,1,Pedestrian
5,1139.0,1416.0,1182.0,1491.0,1213,0,0,1,Pedestrian
5,1138.0,1416.0,1180.0,1491.0,1214,0,0,1,Pedestrian
5,1136.0,1416.0,1178.0,1491.0,1215,0,0,1,Pedestrian
5,1134.0,1416.0,1176.0,1491.0,1216,0,0,1,Pedestrian
5,1134.0,1416.0,1176.0,1491.0,1217,0,0,1,Pedestrian
5,1132.0,1416.0,1174.0,1491.0,1218,0,0,1,Pedestrian
5,1130.0,1416.0,1173.0,1491.0,1219,0,0,1,Pedestrian
5,1128.0,1416.0,1171.0,1491.0,1220,0,0,1,Pedestrian
5,1127.0,1416.0,1169.0,1491.0,1221,0,0,1,Pedestrian
5,1127.0,1416.0,1169.0,1491.0,1222,0,0,1,Pedestrian
5,1125.0,1416.0,1167.0,1491.0,1223,0,0,1,Pedestrian
5,1123.0,1416.0,1165.0,1491.0,1224,0,0,1,Pedestrian
5,1121.0,1416.0,1163.0,1491.0,1225,0,0,1,Pedestrian
5,1121.0,1416.0,1163.0,1491.0,1226,0,0,1,Pedestrian
5,1119.0,1416.0,1162.0,1491.0,1227,0,0,1,Pedestrian
5,1117.0,1416.0,1160.0,1491.0,1228,0,0,1,Pedestrian
5,1116.0,1416.0,1158.0,1491.0,1229,0,0,1,Pedestrian
5,1114.0,1416.0,1156.0,1491.0,1230,0,0,1,Pedestrian
5,1114.0,1416.0,1156.0,1491.0,1231,0,0,1,Pedestrian
5,1112.0,1416.0,1154.0,1491.0,1232,0,0,1,Pedestrian
5,1110.0,1416.0,1152.0,1491.0,1233,0,0,1,Pedestrian
5,1108.0,1416.0,1151.0,1491.0,1234,0,0,1,Pedestrian
5,1106.0,1416.0,1149.0,1491.0,1235,0,0,1,Pedestrian
5,1106.0,1416.0,1149.0,1491.0,1236,0,0,1,Pedestrian
5,1105.0,1416.0,1147.0,1491.0,1237,0,0,1,Pedestrian
5,1103.0,1416.0,1145.0,1491.0,1238,0,0,1,Pedestrian
5,1101.0,1416.0,1143.0,1491.0,1239,0,0,1,Pedestrian
5,1101.0,1416.0,1143.0,1491.0,1240,0,0,1,Pedestrian
5,1099.0,1411.0,1141.0,1487.0,1241,0,0,1,Pedestrian
5,1097.0,1411.0,1139.0,1487.0,1242,0,0,1,Pedestrian
5,1095.0,1411.0,1138.0,1487.0,1243,0,0,1,Pedestrian
5,1093.0,1411.0,1136.0,1487.0,1244,0,0,1,Pedestrian
5,1093.0,1411.0,1136.0,1487.0,1245,0,0,1,Pedestrian
5,1092.0,1411.0,1134.0,1487.0,1246,0,0,1,Pedestrian
5,1090.0,1411.0,1132.0,1487.0,1247,0,0,1,Pedestrian
5,1088.0,1411.0,1130.0,1487.0,1248,0,0,1,Pedestrian
5,1086.0,1411.0,1128.0,1487.0,1249,0,0,1,Pedestrian
5,1086.0,1411.0,1128.0,1487.0,1250,0,0,1,Pedestrian
5,1084.0,1411.0,1127.0,1487.0,1251,0,0,1,Pedestrian
5,1082.0,1411.0,1125.0,1487.0,1252,0,0,1,Pedestrian
5,1081.0,1411.0,1123.0,1487.0,1253,0,0,1,Pedestrian
5,1079.0,1411.0,1121.0,1487.0,1254,0,0,1,Pedestrian
5,1079.0,1411.0,1121.0,1487.0,1255,0,0,1,Pedestrian
5,1077.0,1411.0,1119.0,1487.0,1256,0,0,1,Pedestrian
5,1075.0,1411.0,1117.0,1487.0,1257,0,0,1,Pedestrian
5,1073.0,1411.0,1116.0,1487.0,1258,0,0,1,Pedestrian
5,1073.0,1411.0,1116.0,1487.0,1259,0,0,1,Pedestrian
5,1071.0,1411.0,1114.0,1487.0,1260,0,0,1,Pedestrian
5,1070.0,1411.0,1112.0,1487.0,1261,0,0,1,Pedestrian
5,1068.0,1411.0,1110.0,1487.0,1262,0,0,1,Pedestrian
5,1066.0,1411.0,1108.0,1487.0,1263,0,0,1,Pedestrian
5,1066.0,1411.0,1108.0,1487.0,1264,0,0,1,Pedestrian
5,1064.0,1411.0,1106.0,1487.0,1265,0,0,1,Pedestrian
5,1062.0,1411.0,1105.0,1487.0,1266,0,0,1,Pedestrian
5,1060.0,1411.0,1103.0,1487.0,1267,0,0,1,Pedestrian
5,1058.0,1411.0,1101.0,1487.0,1268,0,0,1,Pedestrian
5,1058.0,1411.0,1101.0,1487.0,1269,0,0,1,Pedestrian
5,1057.0,1411.0,1099.0,1487.0,1270,0,0,1,Pedestrian
5,1055.0,1411.0,1097.0,1487.0,1271,0,0,1,Pedestrian
5,1053.0,1411.0,1095.0,1487.0,1272,0,0,1,Pedestrian
5,1053.0,1411.0,1095.0,1487.0,1273,0,0,1,Pedestrian
5,1051.0,1411.0,1093.0,1487.0,1274,0,0,1,Pedestrian
5,1049.0,1411.0,1092.0,1487.0,1275,0,0,1,Pedestrian
5,1047.0,1411.0,1090.0,1487.0,1276,0,0,1,Pedestrian
5,1046.0,1411.0,1088.0,1487.0,1277,0,0,1,Pedestrian
5,1046.0,1411.0,1088.0,1487.0,1278,0,0,1,Pedestrian
5,1044.0,1411.0,1086.0,1487.0,1279,0,0,1,Pedestrian
5,1042.0,1411.0,1084.0,1487.0,1280,0,0,1,Pedestrian
5,1040.0,1411.0,1082.0,1487.0,1281,0,0,1,Pedestrian
5,1038.0,1411.0,1081.0,1487.0,1282,0,0,1,Pedestrian
5,1038.0,1411.0,1081.0,1487.0,1283,0,0,1,Pedestrian
5,1036.0,1411.0,1079.0,1487.0,1284,0,0,1,Pedestrian
5,1035.0,1411.0,1077.0,1487.0,1285,0,0,1,Pedestrian
5,1033.0,1411.0,1075.0,1487.0,1286,0,0,1,Pedestrian
5,1033.0,1411.0,1075.0,1487.0,1287,0,0,0,Pedestrian
5,1031.0,1411.0,1073.0,1487.0,1288,0,0,1,Pedestrian
5,1029.0,1411.0,1071.0,1487.0,1289,0,0,1,Pedestrian
5,1027.0,1411.0,1070.0,1487.0,1290,0,0,1,Pedestrian
5,1025.0,1411.0,1068.0,1487.0,1291,0,0,1,Pedestrian
5,1025.0,1411.0,1068.0,1487.0,1292,0,0,1,Pedestrian
5,1023.0,1411.0,1066.0,1487.0,1293,0,0,1,Pedestrian
5,1022.0,1411.0,1064.0,1487.0,1294,0,0,1,Pedestrian
5,1020.0,1411.0,1062.0,1487.0,1295,0,0,1,Pedestrian
5,1020.0,1411.0,1062.0,1487.0,1296,0,0,1,Pedestrian
5,1018.0,1411.0,1060.0,1487.0,1297,0,0,1,Pedestrian
5,1016.0,1411.0,1058.0,1487.0,1298,0,0,1,Pedestrian
5,1014.0,1411.0,1057.0,1487.0,1299,0,0,1,Pedestrian
5,1014.0,1411.0,1057.0,1487.0,1300,0,0,1,Pedestrian
5,1012.0,1411.0,1055.0,1487.0,1301,0,0,1,Pedestrian
5,1011.0,1411.0,1053.0,1487.0,1302,0,0,1,Pedestrian
5,1009.0,1411.0,1051.0,1487.0,1303,0,0,1,Pedestrian
5,1009.0,1411.0,1051.0,1487.0,1304,0,0,1,Pedestrian
5,1007.0,1411.0,1049.0,1487.0,1305,0,0,1,Pedestrian
5,1005.0,1411.0,1047.0,1487.0,1306,0,0,1,Pedestrian
5,1003.0,1411.0,1046.0,1487.0,1307,0,0,1,Pedestrian
5,1003.0,1411.0,1046.0,1487.0,1308,0,0,1,Pedestrian
5,1001.0,1411.0,1044.0,1487.0,1309,0,0,1,Pedestrian
5,1000.0,1411.0,1042.0,1487.0,1310,0,0,1,Pedestrian
5,998.0,1411.0,1040.0,1487.0,1311,0,0,1,Pedestrian
5,998.0,1411.0,1040.0,1487.0,1312,0,0,1,Pedestrian
5,996.0,1411.0,1038.0,1487.0,1313,0,0,1,Pedestrian
5,994.0,1411.0,1036.0,1487.0,1314,0,0,1,Pedestrian
5,992.0,1411.0,1035.0,1487.0,1315,0,0,1,Pedestrian
5,992.0,1411.0,1035.0,1487.0,1316,0,0,1,Pedestrian
5,990.0,1411.0,1033.0,1487.0,1317,0,0,1,Pedestrian
5,988.0,1411.0,1031.0,1487.0,1318,0,0,1,Pedestrian
5,987.0,1411.0,1029.0,1487.0,1319,0,0,1,Pedestrian
5,987.0,1411.0,1029.0,1487.0,1320,0,0,1,Pedestrian
5,985.0,1411.0,1027.0,1487.0,1321,0,0,1,Pedestrian
5,983.0,1411.0,1025.0,1487.0,1322,0,0,1,Pedestrian
5,981.0,1411.0,1023.0,1487.0,1323,0,0,1,Pedestrian
5,981.0,1411.0,1023.0,1487.0,1324,0,0,1,Pedestrian
5,979.0,1411.0,1022.0,1487.0,1325,0,0,1,Pedestrian
5,977.0,1411.0,1020.0,1487.0,1326,0,0,1,Pedestrian
5,976.0,1411.0,1018.0,1487.0,1327,0,0,1,Pedestrian
5,976.0,1411.0,1018.0,1487.0,1328,0,0,1,Pedestrian
5,974.0,1411.0,1016.0,1487.0,1329,0,0,1,Pedestrian
5,972.0,1411.0,1014.0,1487.0,1330,0,0,1,Pedestrian
5,970.0,1411.0,1012.0,1487.0,1331,0,0,1,Pedestrian
5,970.0,1411.0,1012.0,1487.0,1332,0,0,1,Pedestrian
5,968.0,1411.0,1011.0,1487.0,1333,0,0,1,Pedestrian
5,966.0,1411.0,1009.0,1487.0,1334,0,0,1,Pedestrian
5,965.0,1411.0,1007.0,1487.0,1335,0,0,1,Pedestrian
5,965.0,1411.0,1007.0,1487.0,1336,0,0,1,Pedestrian
5,963.0,1411.0,1005.0,1487.0,1337,0,0,1,Pedestrian
5,961.0,1411.0,1003.0,1487.0,1338,0,0,1,Pedestrian
5,959.0,1411.0,1001.0,1487.0,1339,0,0,1,Pedestrian
5,959.0,1411.0,1001.0,1487.0,1340,0,0,1,Pedestrian
5,957.0,1411.0,1000.0,1487.0,1341,0,0,1,Pedestrian
5,955.0,1411.0,998.0,1487.0,1342,0,0,1,Pedestrian
5,953.0,1411.0,996.0,1487.0,1343,0,0,1,Pedestrian
5,953.0,1411.0,996.0,1487.0,1344,0,0,1,Pedestrian
5,952.0,1411.0,994.0,1487.0,1345,0,0,1,Pedestrian
5,950.0,1411.0,992.0,1487.0,1346,0,0,1,Pedestrian
5,948.0,1411.0,990.0,1487.0,1347,0,0,1,Pedestrian
5,948.0,1411.0,990.0,1487.0,1348,0,0,0,Pedestrian
5,946.0,1411.0,988.0,1487.0,1349,0,0,1,Pedestrian
5,944.0,1411.0,987.0,1487.0,1350,0,0,1,Pedestrian
5,944.0,1411.0,987.0,1487.0,1351,0,0,1,Pedestrian
5,942.0,1411.0,985.0,1487.0,1352,0,0,1,Pedestrian
5,942.0,1411.0,985.0,1487.0,1353,0,0,1,Pedestrian
5,941.0,1411.0,983.0,1487.0,1354,0,0,1,Pedestrian
5,941.0,1411.0,983.0,1487.0,1355,0,0,1,Pedestrian
5,939.0,1411.0,981.0,1487.0,1356,0,0,1,Pedestrian
5,939.0,1411.0,981.0,1487.0,1357,0,0,1,Pedestrian
5,937.0,1411.0,979.0,1487.0,1358,0,0,1,Pedestrian
5,937.0,1411.0,979.0,1487.0,1359,0,0,1,Pedestrian
5,935.0,1411.0,977.0,1487.0,1360,0,0,1,Pedestrian
5,935.0,1411.0,977.0,1487.0,1361,0,0,1,Pedestrian
5,933.0,1411.0,976.0,1487.0,1362,0,0,1,Pedestrian
5,933.0,1411.0,976.0,1487.0,1363,0,0,1,Pedestrian
5,931.0,1411.0,974.0,1487.0,1364,0,0,1,Pedestrian
5,931.0,1411.0,974.0,1487.0,1365,0,0,1,Pedestrian
5,930.0,1411.0,972.0,1487.0,1366,0,0,1,Pedestrian
5,930.0,1411.0,972.0,1487.0,1367,0,0,1,Pedestrian
5,928.0,1411.0,970.0,1487.0,1368,0,0,1,Pedestrian
5,928.0,1411.0,970.0,1487.0,1369,0,0,1,Pedestrian
5,926.0,1411.0,968.0,1487.0,1370,0,0,1,Pedestrian
5,926.0,1411.0,968.0,1487.0,1371,0,0,1,Pedestrian
5,924.0,1411.0,966.0,1487.0,1372,0,0,1,Pedestrian
5,924.0,1411.0,966.0,1487.0,1373,0,0,1,Pedestrian
5,922.0,1411.0,965.0,1487.0,1374,0,0,1,Pedestrian
5,922.0,1411.0,965.0,1487.0,1375,0,0,1,Pedestrian
5,920.0,1411.0,963.0,1487.0,1376,0,0,1,Pedestrian
5,920.0,1411.0,963.0,1487.0,1377,0,0,1,Pedestrian
5,918.0,1411.0,961.0,1487.0,1378,0,0,1,Pedestrian
5,918.0,1411.0,961.0,1487.0,1379,0,0,1,Pedestrian
5,917.0,1411.0,959.0,1487.0,1380,0,0,1,Pedestrian
5,917.0,1411.0,959.0,1487.0,1381,0,0,1,Pedestrian
5,915.0,1411.0,957.0,1487.0,1382,0,0,1,Pedestrian
5,915.0,1411.0,957.0,1487.0,1383,0,0,1,Pedestrian
5,913.0,1411.0,955.0,1487.0,1384,0,0,1,Pedestrian
5,913.0,1411.0,955.0,1487.0,1385,0,0,1,Pedestrian
5,911.0,1411.0,953.0,1487.0,1386,0,0,1,Pedestrian
5,911.0,1411.0,953.0,1487.0,1387,0,0,1,Pedestrian
5,909.0,1411.0,952.0,1487.0,1388,0,0,1,Pedestrian
5,909.0,1411.0,952.0,1487.0,1389,0,0,1,Pedestrian
5,907.0,1411.0,950.0,1487.0,1390,0,0,1,Pedestrian
5,907.0,1411.0,950.0,1487.0,1391,0,0,1,Pedestrian
5,906.0,1411.0,948.0,1487.0,1392,0,0,1,Pedestrian
5,906.0,1411.0,948.0,1487.0,1393,0,0,1,Pedestrian
5,904.0,1411.0,946.0,1487.0,1394,0,0,1,Pedestrian
5,904.0,1411.0,946.0,1487.0,1395,0,0,1,Pedestrian
5,902.0,1411.0,944.0,1487.0,1396,0,0,1,Pedestrian
5,902.0,1411.0,944.0,1487.0,1397,0,0,1,Pedestrian
5,900.0,1411.0,942.0,1487.0,1398,0,0,1,Pedestrian
5,900.0,1411.0,942.0,1487.0,1399,0,0,1,Pedestrian
5,898.0,1411.0,941.0,1487.0,1400,0,0,1,Pedestrian
5,898.0,1411.0,941.0,1487.0,1401,0,0,1,Pedestrian
5,896.0,1411.0,939.0,1487.0,1402,0,0,1,Pedestrian
5,896.0,1411.0,939.0,1487.0,1403,0,0,1,Pedestrian
5,895.0,1411.0,937.0,1487.0,1404,0,0,1,Pedestrian
5,895.0,1411.0,937.0,1487.0,1405,0,0,1,Pedestrian
5,893.0,1411.0,935.0,1487.0,1406,0,0,1,Pedestrian
5,893.0,1411.0,935.0,1487.0,1407,0,0,1,Pedestrian
5,891.0,1411.0,933.0,1487.0,1408,0,0,1,Pedestrian
5,891.0,1411.0,933.0,1487.0,1409,0,0,1,Pedestrian
5,889.0,1411.0,931.0,1487.0,1410,0,0,1,Pedestrian
5,889.0,1411.0,931.0,1487.0,1411,0,0,1,Pedestrian
5,887.0,1411.0,930.0,1487.0,1412,0,0,1,Pedestrian
5,887.0,1411.0,930.0,1487.0,1413,0,0,1,Pedestrian
5,885.0,1411.0,928.0,1487.0,1414,0,0,1,Pedestrian
5,885.0,1411.0,928.0,1487.0,1415,0,0,0,Pedestrian
5,882.0,1407.0,924.0,1483.0,1416,0,0,1,Pedestrian
5,880.0,1407.0,922.0,1483.0,1417,0,0,1,Pedestrian
5,878.0,1407.0,920.0,1483.0,1418,0,0,1,Pedestrian
5,876.0,1407.0,918.0,1483.0,1419,0,0,1,Pedestrian
5,874.0,1407.0,917.0,1483.0,1420,0,0,1,Pedestrian
5,872.0,1403.0,915.0,1478.0,1421,0,0,1,Pedestrian
5,871.0,1403.0,913.0,1478.0,1422,0,0,1,Pedestrian
5,869.0,1403.0,911.0,1478.0,1423,0,0,1,Pedestrian
5,867.0,1403.0,909.0,1478.0,1424,0,0,1,Pedestrian
5,865.0,1403.0,907.0,1478.0,1425,0,0,1,Pedestrian
5,863.0,1403.0,906.0,1478.0,1426,0,0,1,Pedestrian
5,860.0,1399.0,902.0,1474.0,1427,0,0,1,Pedestrian
5,858.0,1399.0,900.0,1474.0,1428,0,0,1,Pedestrian
5,856.0,1399.0,898.0,1474.0,1429,0,0,1,Pedestrian
5,854.0,1399.0,896.0,1474.0,1430,0,0,1,Pedestrian
5,852.0,1399.0,895.0,1474.0,1431,0,0,1,Pedestrian
5,850.0,1399.0,893.0,1474.0,1432,0,0,1,Pedestrian
5,849.0,1395.0,891.0,1470.0,1433,0,0,1,Pedestrian
5,847.0,1395.0,889.0,1470.0,1434,0,0,1,Pedestrian
5,845.0,1395.0,887.0,1470.0,1435,0,0,1,Pedestrian
5,843.0,1395.0,885.0,1470.0,1436,0,0,1,Pedestrian
5,841.0,1395.0,884.0,1470.0,1437,0,0,1,Pedestrian
5,839.0,1395.0,882.0,1470.0,1438,0,0,1,Pedestrian
5,836.0,1390.0,878.0,1466.0,1439,0,0,1,Pedestrian
5,834.0,1390.0,876.0,1466.0,1440,0,0,1,Pedestrian
5,832.0,1390.0,874.0,1466.0,1441,0,0,1,Pedestrian
5,830.0,1390.0,872.0,1466.0,1442,0,0,1,Pedestrian
5,828.0,1390.0,871.0,1466.0,1443,0,0,1,Pedestrian
5,826.0,1390.0,869.0,1466.0,1444,0,0,1,Pedestrian
5,825.0,1386.0,867.0,1462.0,1445,0,0,1,Pedestrian
5,823.0,1386.0,865.0,1462.0,1446,0,0,1,Pedestrian
5,821.0,1386.0,863.0,1462.0,1447,0,0,1,Pedestrian
5,819.0,1386.0,861.0,1462.0,1448,0,0,1,Pedestrian
5,817.0,1386.0,860.0,1462.0,1449,0,0,1,Pedestrian
5,815.0,1386.0,858.0,1462.0,1450,0,0,1,Pedestrian
5,812.0,1382.0,854.0,1457.0,1451,0,0,1,Pedestrian
5,810.0,1382.0,852.0,1457.0,1452,0,0,1,Pedestrian
5,808.0,1382.0,850.0,1457.0,1453,0,0,1,Pedestrian
5,806.0,1382.0,849.0,1457.0,1454,0,0,1,Pedestrian
5,804.0,1382.0,847.0,1457.0,1455,0,0,1,Pedestrian
5,802.0,1382.0,845.0,1457.0,1456,0,0,1,Pedestrian
5,801.0,1378.0,843.0,1453.0,1457,0,0,1,Pedestrian
5,799.0,1378.0,841.0,1453.0,1458,0,0,1,Pedestrian
5,797.0,1378.0,839.0,1453.0,1459,0,0,1,Pedestrian
5,795.0,1378.0,837.0,1453.0,1460,0,0,1,Pedestrian
5,793.0,1378.0,836.0,1453.0,1461,0,0,1,Pedestrian
5,791.0,1378.0,834.0,1453.0,1462,0,0,0,Pedestrian
5,790.0,1378.0,832.0,1453.0,1463,0,0,1,Pedestrian
5,788.0,1378.0,830.0,1453.0,1464,0,0,1,Pedestrian
5,786.0,1378.0,828.0,1453.0,1465,0,0,1,Pedestrian
5,786.0,1378.0,828.0,1453.0,1466,0,0,1,Pedestrian
5,784.0,1378.0,826.0,1453.0,1467,0,0,1,Pedestrian
5,782.0,1378.0,825.0,1453.0,1468,0,0,1,Pedestrian
5,782.0,1378.0,825.0,1453.0,1469,0,0,1,Pedestrian
5,780.0,1378.0,823.0,1453.0,1470,0,0,1,Pedestrian
5,779.0,1378.0,821.0,1453.0,1471,0,0,1,Pedestrian
5,779.0,1378.0,821.0,1453.0,1472,0,0,1,Pedestrian
5,777.0,1378.0,819.0,1453.0,1473,0,0,1,Pedestrian
5,775.0,1378.0,817.0,1453.0,1474,0,0,1,Pedestrian
5,775.0,1378.0,817.0,1453.0,1475,0,0,1,Pedestrian
5,773.0,1378.0,815.0,1453.0,1476,0,0,1,Pedestrian
5,771.0,1378.0,814.0,1453.0,1477,0,0,1,Pedestrian
5,771.0,1378.0,814.0,1453.0,1478,0,0,1,Pedestrian
5,769.0,1378.0,812.0,1453.0,1479,0,0,1,Pedestrian
5,767.0,1378.0,810.0,1453.0,1480,0,0,1,Pedestrian
5,767.0,1382.0,810.0,1457.0,1481,0,0,1,Pedestrian
5,766.0,1382.0,808.0,1457.0,1482,0,0,1,Pedestrian
5,764.0,1382.0,806.0,1457.0,1483,0,0,1,Pedestrian
5,762.0,1382.0,804.0,1457.0,1484,0,0,1,Pedestrian
5,762.0,1382.0,804.0,1457.0,1485,0,0,1,Pedestrian
5,760.0,1382.0,802.0,1457.0,1486,0,0,1,Pedestrian
5,758.0,1382.0,801.0,1457.0,1487,0,0,1,Pedestrian
5,758.0,1382.0,801.0,1457.0,1488,0,0,1,Pedestrian
5,756.0,1382.0,799.0,1457.0,1489,0,0,1,Pedestrian
5,755.0,1382.0,797.0,1457.0,1490,0,0,1,Pedestrian
5,755.0,1382.0,797.0,1457.0,1491,0,0,1,Pedestrian
5,753.0,1382.0,795.0,1457.0,1492,0,0,1,Pedestrian
5,751.0,1382.0,793.0,1457.0,1493,0,0,1,Pedestrian
5,751.0,1382.0,793.0,1457.0,1494,0,0,1,Pedestrian
5,749.0,1382.0,791.0,1457.0,1495,0,0,1,Pedestrian
5,747.0,1382.0,790.0,1457.0,1496,0,0,1,Pedestrian
5,747.0,1382.0,790.0,1457.0,1497,0,0,1,Pedestrian
5,745.0,1382.0,788.0,1457.0,1498,0,0,1,Pedestrian
5,744.0,1382.0,786.0,1457.0,1499,0,0,1,Pedestrian
5,744.0,1386.0,786.0,1462.0,1500,0,0,0,Pedestrian
5,736.0,1382.0,782.0,1462.0,1501,0,0,1,Pedestrian
5,731.0,1382.0,780.0,1466.0,1502,0,0,1,Pedestrian
5,723.0,1382.0,777.0,1466.0,1503,0,0,1,Pedestrian
5,718.0,1378.0,775.0,1470.0,1504,0,0,1,Pedestrian
5,712.0,1378.0,771.0,1474.0,1505,0,0,1,Pedestrian
5,705.0,1378.0,769.0,1474.0,1506,0,0,1,Pedestrian
5,699.0,1374.0,766.0,1478.0,1507,0,0,1,Pedestrian
5,692.0,1374.0,764.0,1478.0,1508,0,0,1,Pedestrian
5,686.0,1374.0,760.0,1483.0,1509,0,0,1,Pedestrian
5,681.0,1374.0,758.0,1487.0,1510,0,0,0,Pedestrian
5,681.0,1374.0,758.0,1487.0,1511,0,0,1,Pedestrian
5,681.0,1374.0,758.0,1487.0,1512,0,0,1,Pedestrian
5,681.0,1374.0,758.0,1487.0,1513,0,0,1,Pedestrian
5,681.0,1374.0,758.0,1487.0,1514,0,0,1,Pedestrian
5,681.0,1374.0,758.0,1487.0,1515,0,0,1,Pedestrian
5,681.0,1374.0,758.0,1487.0,1516,0,0,1,Pedestrian
5,681.0,1374.0,758.0,1487.0,1517,0,0,1,Pedestrian
5,681.0,1374.0,758.0,1487.0,1518,0,0,1,Pedestrian
5,681.0,1374.0,758.0,1487.0,1519,0,0,1,Pedestrian
5,681.0,1374.0,758.0,1487.0,1520,0,0,0,Pedestrian
5,679.0,1369.0,756.0,1483.0,1521,0,0,1,Pedestrian
5,677.0,1369.0,755.0,1483.0,1522,0,0,1,Pedestrian
5,675.0,1369.0,753.0,1483.0,1523,0,0,1,Pedestrian
5,675.0,1369.0,753.0,1483.0,1524,0,0,1,Pedestrian
5,674.0,1369.0,751.0,1483.0,1525,0,0,1,Pedestrian
5,672.0,1369.0,749.0,1483.0,1526,0,0,1,Pedestrian
5,672.0,1369.0,749.0,1483.0,1527,0,0,1,Pedestrian
5,670.0,1369.0,747.0,1483.0,1528,0,0,1,Pedestrian
5,668.0,1369.0,745.0,1483.0,1529,0,0,1,Pedestrian
5,668.0,1369.0,745.0,1483.0,1530,0,0,1,Pedestrian
5,666.0,1369.0,744.0,1483.0,1531,0,0,1,Pedestrian
5,664.0,1369.0,742.0,1483.0,1532,0,0,1,Pedestrian
5,663.0,1369.0,740.0,1483.0,1533,0,0,1,Pedestrian
5,663.0,1369.0,740.0,1483.0,1534,0,0,1,Pedestrian
5,661.0,1369.0,738.0,1483.0,1535,0,0,1,Pedestrian
5,659.0,1369.0,736.0,1483.0,1536,0,0,1,Pedestrian
5,659.0,1369.0,736.0,1483.0,1537,0,0,1,Pedestrian
5,657.0,1369.0,734.0,1483.0,1538,0,0,1,Pedestrian
5,655.0,1369.0,732.0,1483.0,1539,0,0,1,Pedestrian
5,655.0,1369.0,732.0,1483.0,1540,0,0,1,Pedestrian
5,653.0,1369.0,731.0,1483.0,1541,0,0,1,Pedestrian
5,651.0,1369.0,729.0,1483.0,1542,0,0,1,Pedestrian
5,650.0,1369.0,727.0,1483.0,1543,0,0,1,Pedestrian
5,650.0,1369.0,727.0,1483.0,1544,0,0,1,Pedestrian
5,648.0,1369.0,725.0,1483.0,1545,0,0,1,Pedestrian
5,646.0,1369.0,723.0,1483.0,1546,0,0,1,Pedestrian
5,646.0,1369.0,723.0,1483.0,1547,0,0,1,Pedestrian
5,644.0,1369.0,721.0,1483.0,1548,0,0,1,Pedestrian
5,642.0,1369.0,720.0,1483.0,1549,0,0,1,Pedestrian
5,642.0,1369.0,720.0,1483.0,1550,0,0,1,Pedestrian
5,640.0,1369.0,718.0,1483.0,1551,0,0,1,Pedestrian
5,639.0,1369.0,716.0,1483.0,1552,0,0,1,Pedestrian
5,637.0,1369.0,714.0,1483.0,1553,0,0,1,Pedestrian
5,637.0,1369.0,714.0,1483.0,1554,0,0,1,Pedestrian
5,635.0,1369.0,712.0,1483.0,1555,0,0,1,Pedestrian
5,633.0,1369.0,710.0,1483.0,1556,0,0,1,Pedestrian
5,633.0,1369.0,710.0,1483.0,1557,0,0,1,Pedestrian
5,631.0,1369.0,709.0,1483.0,1558,0,0,1,Pedestrian
5,629.0,1369.0,707.0,1483.0,1559,0,0,1,Pedestrian
5,629.0,1369.0,707.0,1483.0,1560,0,0,1,Pedestrian
5,628.0,1369.0,705.0,1483.0,1561,0,0,1,Pedestrian
5,626.0,1369.0,703.0,1483.0,1562,0,0,1,Pedestrian
5,624.0,1369.0,701.0,1483.0,1563,0,0,1,Pedestrian
5,624.0,1369.0,701.0,1483.0,1564,0,0,1,Pedestrian
5,622.0,1369.0,699.0,1483.0,1565,0,0,1,Pedestrian
5,620.0,1369.0,697.0,1483.0,1566,0,0,1,Pedestrian
5,620.0,1365.0,697.0,1478.0,1567,0,0,1,Pedestrian
5,618.0,1365.0,696.0,1478.0,1568,0,0,1,Pedestrian
5,616.0,1365.0,694.0,1478.0,1569,0,0,1,Pedestrian
5,616.0,1365.0,694.0,1478.0,1570,0,0,1,Pedestrian
5,615.0,1365.0,692.0,1478.0,1571,0,0,1,Pedestrian
5,613.0,1365.0,690.0,1478.0,1572,0,0,1,Pedestrian
5,611.0,1365.0,688.0,1478.0,1573,0,0,1,Pedestrian
5,611.0,1365.0,688.0,1478.0,1574,0,0,1,Pedestrian
5,609.0,1365.0,686.0,1478.0,1575,0,0,1,Pedestrian
5,607.0,1365.0,685.0,1478.0,1576,0,0,1,Pedestrian
5,607.0,1365.0,685.0,1478.0,1577,0,0,1,Pedestrian
5,605.0,1365.0,683.0,1478.0,1578,0,0,1,Pedestrian
5,604.0,1365.0,681.0,1478.0,1579,0,0,1,Pedestrian
5,604.0,1365.0,681.0,1478.0,1580,0,0,1,Pedestrian
5,602.0,1365.0,679.0,1478.0,1581,0,0,1,Pedestrian
5,600.0,1365.0,677.0,1478.0,1582,0,0,1,Pedestrian
5,598.0,1365.0,675.0,1478.0,1583,0,0,1,Pedestrian
5,598.0,1365.0,675.0,1478.0,1584,0,0,1,Pedestrian
5,596.0,1365.0,674.0,1478.0,1585,0,0,1,Pedestrian
5,594.0,1365.0,672.0,1478.0,1586,0,0,1,Pedestrian
5,594.0,1365.0,672.0,1478.0,1587,0,0,1,Pedestrian
5,593.0,1365.0,670.0,1478.0,1588,0,0,1,Pedestrian
5,591.0,1365.0,668.0,1478.0,1589,0,0,1,Pedestrian
5,591.0,1365.0,668.0,1478.0,1590,0,0,1,Pedestrian
5,589.0,1365.0,666.0,1478.0,1591,0,0,1,Pedestrian
5,587.0,1365.0,664.0,1478.0,1592,0,0,1,Pedestrian
5,585.0,1365.0,663.0,1478.0,1593,0,0,1,Pedestrian
5,585.0,1365.0,663.0,1478.0,1594,0,0,1,Pedestrian
5,583.0,1365.0,661.0,1478.0,1595,0,0,1,Pedestrian
5,581.0,1365.0,659.0,1478.0,1596,0,0,1,Pedestrian
5,581.0,1365.0,659.0,1478.0,1597,0,0,1,Pedestrian
5,580.0,1365.0,657.0,1478.0,1598,0,0,1,Pedestrian
5,578.0,1365.0,655.0,1478.0,1599,0,0,1,Pedestrian
5,578.0,1365.0,655.0,1478.0,1600,0,0,1,Pedestrian
5,576.0,1365.0,653.0,1478.0,1601,0,0,1,Pedestrian
5,574.0,1365.0,651.0,1478.0,1602,0,0,1,Pedestrian
5,572.0,1365.0,650.0,1478.0,1603,0,0,1,Pedestrian
5,572.0,1365.0,650.0,1478.0,1604,0,0,1,Pedestrian
5,570.0,1365.0,648.0,1478.0,1605,0,0,1,Pedestrian
5,569.0,1365.0,646.0,1478.0,1606,0,0,1,Pedestrian
5,569.0,1365.0,646.0,1478.0,1607,0,0,1,Pedestrian
5,567.0,1365.0,644.0,1478.0,1608,0,0,1,Pedestrian
5,565.0,1365.0,642.0,1478.0,1609,0,0,1,Pedestrian
5,565.0,1365.0,642.0,1478.0,1610,0,0,1,Pedestrian
5,563.0,1365.0,640.0,1478.0,1611,0,0,1,Pedestrian
5,561.0,1365.0,639.0,1478.0,1612,0,0,1,Pedestrian
5,559.0,1361.0,637.0,1474.0,1613,0,0,1,Pedestrian
5,559.0,1361.0,637.0,1474.0,1614,0,0,1,Pedestrian
5,558.0,1361.0,635.0,1474.0,1615,0,0,1,Pedestrian
5,556.0,1361.0,633.0,1474.0,1616,0,0,1,Pedestrian
5,556.0,1361.0,633.0,1474.0,1617,0,0,1,Pedestrian
5,554.0,1361.0,631.0,1474.0,1618,0,0,1,Pedestrian
5,552.0,1361.0,629.0,1474.0,1619,0,0,1,Pedestrian
5,552.0,1361.0,629.0,1474.0,1620,0,0,1,Pedestrian
5,550.0,1361.0,628.0,1474.0,1621,0,0,1,Pedestrian
5,548.0,1361.0,626.0,1474.0,1622,0,0,1,Pedestrian
5,546.0,1361.0,624.0,1474.0,1623,0,0,1,Pedestrian
5,546.0,1361.0,624.0,1474.0,1624,0,0,1,Pedestrian
5,545.0,1361.0,622.0,1474.0,1625,0,0,1,Pedestrian
5,543.0,1361.0,620.0,1474.0,1626,0,0,1,Pedestrian
5,543.0,1361.0,620.0,1474.0,1627,0,0,1,Pedestrian
5,541.0,1361.0,618.0,1474.0,1628,0,0,1,Pedestrian
5,539.0,1361.0,616.0,1474.0,1629,0,0,1,Pedestrian
5,539.0,1361.0,616.0,1474.0,1630,0,0,1,Pedestrian
5,537.0,1361.0,615.0,1474.0,1631,0,0,1,Pedestrian
5,535.0,1361.0,613.0,1474.0,1632,0,0,1,Pedestrian
5,534.0,1361.0,611.0,1474.0,1633,0,0,1,Pedestrian
5,534.0,1361.0,611.0,1474.0,1634,0,0,1,Pedestrian
5,532.0,1361.0,609.0,1474.0,1635,0,0,1,Pedestrian
5,530.0,1361.0,607.0,1474.0,1636,0,0,1,Pedestrian
5,530.0,1361.0,607.0,1474.0,1637,0,0,1,Pedestrian
5,528.0,1361.0,605.0,1474.0,1638,0,0,1,Pedestrian
5,526.0,1361.0,604.0,1474.0,1639,0,0,1,Pedestrian
5,526.0,1361.0,604.0,1474.0,1640,0,0,1,Pedestrian
5,524.0,1361.0,602.0,1474.0,1641,0,0,1,Pedestrian
5,523.0,1361.0,600.0,1474.0,1642,0,0,1,Pedestrian
5,521.0,1361.0,598.0,1474.0,1643,0,0,1,Pedestrian
5,521.0,1361.0,598.0,1474.0,1644,0,0,1,Pedestrian
5,519.0,1361.0,596.0,1474.0,1645,0,0,1,Pedestrian
5,517.0,1361.0,594.0,1474.0,1646,0,0,1,Pedestrian
5,517.0,1361.0,594.0,1474.0,1647,0,0,1,Pedestrian
5,515.0,1361.0,593.0,1474.0,1648,0,0,1,Pedestrian
5,513.0,1361.0,591.0,1474.0,1649,0,0,1,Pedestrian
5,513.0,1361.0,591.0,1474.0,1650,0,0,1,Pedestrian
5,511.0,1361.0,589.0,1474.0,1651,0,0,1,Pedestrian
5,510.0,1361.0,587.0,1474.0,1652,0,0,1,Pedestrian
5,508.0,1361.0,585.0,1474.0,1653,0,0,1,Pedestrian
5,508.0,1361.0,585.0,1474.0,1654,0,0,1,Pedestrian
5,506.0,1361.0,583.0,1474.0,1655,0,0,1,Pedestrian
5,504.0,1361.0,581.0,1474.0,1656,0,0,1,Pedestrian
5,504.0,1361.0,581.0,1474.0,1657,0,0,1,Pedestrian
5,502.0,1361.0,580.0,1474.0,1658,0,0,1,Pedestrian
5,500.0,1357.0,578.0,1470.0,1659,0,0,1,Pedestrian
5,500.0,1357.0,578.0,1470.0,1660,0,0,1,Pedestrian
5,499.0,1357.0,576.0,1470.0,1661,0,0,1,Pedestrian
5,497.0,1357.0,574.0,1470.0,1662,0,0,1,Pedestrian
5,495.0,1357.0,572.0,1470.0,1663,0,0,1,Pedestrian
5,495.0,1357.0,572.0,1470.0,1664,0,0,1,Pedestrian
5,493.0,1357.0,570.0,1470.0,1665,0,0,1,Pedestrian
5,491.0,1357.0,569.0,1470.0,1666,0,0,1,Pedestrian
5,491.0,1357.0,569.0,1470.0,1667,0,0,1,Pedestrian
5,489.0,1357.0,567.0,1470.0,1668,0,0,1,Pedestrian
5,488.0,1357.0,565.0,1470.0,1669,0,0,1,Pedestrian
5,488.0,1357.0,565.0,1470.0,1670,0,0,1,Pedestrian
5,486.0,1357.0,563.0,1470.0,1671,0,0,1,Pedestrian
5,484.0,1357.0,561.0,1470.0,1672,0,0,1,Pedestrian
5,482.0,1357.0,559.0,1470.0,1673,0,0,1,Pedestrian
5,482.0,1357.0,559.0,1470.0,1674,0,0,1,Pedestrian
5,480.0,1357.0,558.0,1470.0,1675,0,0,1,Pedestrian
5,478.0,1357.0,556.0,1470.0,1676,0,0,1,Pedestrian
5,478.0,1357.0,556.0,1470.0,1677,0,0,1,Pedestrian
5,476.0,1357.0,554.0,1470.0,1678,0,0,1,Pedestrian
5,475.0,1357.0,552.0,1470.0,1679,0,0,1,Pedestrian
5,475.0,1357.0,552.0,1470.0,1680,0,0,1,Pedestrian
5,473.0,1357.0,550.0,1470.0,1681,0,0,1,Pedestrian
5,471.0,1357.0,548.0,1470.0,1682,0,0,1,Pedestrian
5,469.0,1357.0,546.0,1470.0,1683,0,0,1,Pedestrian
5,469.0,1357.0,546.0,1470.0,1684,0,0,1,Pedestrian
5,467.0,1357.0,545.0,1470.0,1685,0,0,1,Pedestrian
5,465.0,1357.0,543.0,1470.0,1686,0,0,1,Pedestrian
5,465.0,1357.0,543.0,1470.0,1687,0,0,1,Pedestrian
5,464.0,1357.0,541.0,1470.0,1688,0,0,1,Pedestrian
5,462.0,1357.0,539.0,1470.0,1689,0,0,1,Pedestrian
5,462.0,1357.0,539.0,1470.0,1690,0,0,1,Pedestrian
5,460.0,1357.0,537.0,1470.0,1691,0,0,1,Pedestrian
5,458.0,1357.0,535.0,1470.0,1692,0,0,1,Pedestrian
5,456.0,1357.0,534.0,1470.0,1693,0,0,1,Pedestrian
5,456.0,1357.0,534.0,1470.0,1694,0,0,1,Pedestrian
5,454.0,1357.0,532.0,1470.0,1695,0,0,1,Pedestrian
5,453.0,1357.0,530.0,1470.0,1696,0,0,1,Pedestrian
5,453.0,1357.0,530.0,1470.0,1697,0,0,1,Pedestrian
5,451.0,1357.0,528.0,1470.0,1698,0,0,1,Pedestrian
5,449.0,1357.0,526.0,1470.0,1699,0,0,1,Pedestrian
5,449.0,1357.0,526.0,1470.0,1700,0,0,1,Pedestrian
5,447.0,1357.0,524.0,1470.0,1701,0,0,1,Pedestrian
5,445.0,1357.0,523.0,1470.0,1702,0,0,1,Pedestrian
5,443.0,1357.0,521.0,1470.0,1703,0,0,1,Pedestrian
5,443.0,1357.0,521.0,1470.0,1704,0,0,1,Pedestrian
5,442.0,1353.0,519.0,1466.0,1705,0,0,1,Pedestrian
5,440.0,1353.0,517.0,1466.0,1706,0,0,1,Pedestrian
5,440.0,1353.0,517.0,1466.0,1707,0,0,1,Pedestrian
5,438.0,1353.0,515.0,1466.0,1708,0,0,1,Pedestrian
5,436.0,1353.0,513.0,1466.0,1709,0,0,1,Pedestrian
5,436.0,1353.0,513.0,1466.0,1710,0,0,1,Pedestrian
5,434.0,1353.0,511.0,1466.0,1711,0,0,1,Pedestrian
5,432.0,1353.0,510.0,1466.0,1712,0,0,1,Pedestrian
5,430.0,1353.0,508.0,1466.0,1713,0,0,1,Pedestrian
5,430.0,1353.0,508.0,1466.0,1714,0,0,1,Pedestrian
5,429.0,1353.0,506.0,1466.0,1715,0,0,1,Pedestrian
5,427.0,1353.0,504.0,1466.0,1716,0,0,1,Pedestrian
5,427.0,1353.0,504.0,1466.0,1717,0,0,1,Pedestrian
5,425.0,1353.0,502.0,1466.0,1718,0,0,1,Pedestrian
5,423.0,1353.0,500.0,1466.0,1719,0,0,1,Pedestrian
5,423.0,1353.0,500.0,1466.0,1720,0,0,1,Pedestrian
5,421.0,1353.0,499.0,1466.0,1721,0,0,1,Pedestrian
5,419.0,1353.0,497.0,1466.0,1722,0,0,1,Pedestrian
5,418.0,1353.0,495.0,1466.0,1723,0,0,1,Pedestrian
5,418.0,1353.0,495.0,1466.0,1724,0,0,1,Pedestrian
5,416.0,1353.0,493.0,1466.0,1725,0,0,1,Pedestrian
5,414.0,1353.0,491.0,1466.0,1726,0,0,1,Pedestrian
5,414.0,1353.0,491.0,1466.0,1727,0,0,1,Pedestrian
5,412.0,1353.0,489.0,1466.0,1728,0,0,1,Pedestrian
5,410.0,1353.0,488.0,1466.0,1729,0,0,1,Pedestrian
5,410.0,1353.0,488.0,1466.0,1730,0,0,1,Pedestrian
5,408.0,1353.0,486.0,1466.0,1731,0,0,1,Pedestrian
5,407.0,1353.0,484.0,1466.0,1732,0,0,1,Pedestrian
5,405.0,1353.0,482.0,1466.0,1733,0,0,1,Pedestrian
5,405.0,1353.0,482.0,1466.0,1734,0,0,1,Pedestrian
5,403.0,1353.0,480.0,1466.0,1735,0,0,1,Pedestrian
5,401.0,1353.0,478.0,1466.0,1736,0,0,1,Pedestrian
5,401.0,1353.0,478.0,1466.0,1737,0,0,1,Pedestrian
5,399.0,1353.0,476.0,1466.0,1738,0,0,1,Pedestrian
5,397.0,1353.0,475.0,1466.0,1739,0,0,1,Pedestrian
5,397.0,1353.0,475.0,1466.0,1740,0,0,1,Pedestrian
5,395.0,1353.0,473.0,1466.0,1741,0,0,1,Pedestrian
5,394.0,1353.0,471.0,1466.0,1742,0,0,1,Pedestrian
5,392.0,1353.0,469.0,1466.0,1743,0,0,1,Pedestrian
5,392.0,1353.0,469.0,1466.0,1744,0,0,1,Pedestrian
5,390.0,1353.0,467.0,1466.0,1745,0,0,1,Pedestrian
5,388.0,1353.0,465.0,1466.0,1746,0,0,1,Pedestrian
5,388.0,1353.0,465.0,1466.0,1747,0,0,1,Pedestrian
5,386.0,1353.0,464.0,1466.0,1748,0,0,1,Pedestrian
5,384.0,1353.0,462.0,1466.0,1749,0,0,1,Pedestrian
5,384.0,1353.0,462.0,1466.0,1750,0,0,0,Pedestrian
5,383.0,1353.0,460.0,1466.0,1751,0,0,1,Pedestrian
5,381.0,1353.0,458.0,1466.0,1752,0,0,1,Pedestrian
5,379.0,1353.0,456.0,1466.0,1753,0,0,1,Pedestrian
5,377.0,1353.0,454.0,1466.0,1754,0,0,1,Pedestrian
5,377.0,1353.0,454.0,1466.0,1755,0,0,1,Pedestrian
5,375.0,1353.0,453.0,1466.0,1756,0,0,1,Pedestrian
5,373.0,1353.0,451.0,1466.0,1757,0,0,1,Pedestrian
5,372.0,1353.0,449.0,1466.0,1758,0,0,1,Pedestrian
5,370.0,1353.0,447.0,1466.0,1759,0,0,1,Pedestrian
5,370.0,1353.0,447.0,1466.0,1760,0,0,1,Pedestrian
5,368.0,1353.0,445.0,1466.0,1761,0,0,1,Pedestrian
5,366.0,1353.0,443.0,1466.0,1762,0,0,1,Pedestrian
5,364.0,1353.0,442.0,1466.0,1763,0,0,1,Pedestrian
5,362.0,1357.0,440.0,1466.0,1764,0,0,1,Pedestrian
5,362.0,1357.0,440.0,1466.0,1765,0,0,1,Pedestrian
5,360.0,1357.0,438.0,1470.0,1766,0,0,1,Pedestrian
5,359.0,1357.0,436.0,1470.0,1767,0,0,1,Pedestrian
5,357.0,1357.0,434.0,1470.0,1768,0,0,1,Pedestrian
5,355.0,1357.0,432.0,1470.0,1769,0,0,1,Pedestrian
5,355.0,1357.0,432.0,1470.0,1770,0,0,1,Pedestrian
5,353.0,1357.0,430.0,1470.0,1771,0,0,1,Pedestrian
5,351.0,1357.0,429.0,1470.0,1772,0,0,1,Pedestrian
5,349.0,1357.0,427.0,1470.0,1773,0,0,1,Pedestrian
5,348.0,1357.0,425.0,1470.0,1774,0,0,1,Pedestrian
5,348.0,1357.0,425.0,1470.0,1775,0,0,1,Pedestrian
5,346.0,1357.0,423.0,1470.0,1776,0,0,1,Pedestrian
5,344.0,1361.0,421.0,1470.0,1777,0,0,1,Pedestrian
5,342.0,1361.0,419.0,1470.0,1778,0,0,1,Pedestrian
5,340.0,1361.0,418.0,1470.0,1779,0,0,1,Pedestrian
5,340.0,1361.0,418.0,1470.0,1780,0,0,1,Pedestrian
5,338.0,1361.0,416.0,1470.0,1781,0,0,1,Pedestrian
5,337.0,1361.0,414.0,1474.0,1782,0,0,1,Pedestrian
5,335.0,1361.0,412.0,1474.0,1783,0,0,1,Pedestrian
5,333.0,1361.0,410.0,1474.0,1784,0,0,1,Pedestrian
5,333.0,1361.0,410.0,1474.0,1785,0,0,1,Pedestrian
5,331.0,1361.0,408.0,1474.0,1786,0,0,1,Pedestrian
5,329.0,1361.0,407.0,1474.0,1787,0,0,1,Pedestrian
5,327.0,1361.0,405.0,1474.0,1788,0,0,1,Pedestrian
5,325.0,1361.0,403.0,1474.0,1789,0,0,1,Pedestrian
5,325.0,1365.0,403.0,1474.0,1790,0,0,1,Pedestrian
5,324.0,1365.0,401.0,1474.0,1791,0,0,1,Pedestrian
5,322.0,1365.0,399.0,1474.0,1792,0,0,1,Pedestrian
5,320.0,1365.0,397.0,1474.0,1793,0,0,1,Pedestrian
5,318.0,1365.0,395.0,1474.0,1794,0,0,1,Pedestrian
5,318.0,1365.0,395.0,1474.0,1795,0,0,1,Pedestrian
5,316.0,1365.0,394.0,1474.0,1796,0,0,1,Pedestrian
5,314.0,1365.0,392.0,1474.0,1797,0,0,1,Pedestrian
5,313.0,1365.0,390.0,1478.0,1798,0,0,1,Pedestrian
5,311.0,1365.0,388.0,1478.0,1799,0,0,1,Pedestrian
5,311.0,1365.0,388.0,1478.0,1800,0,0,1,Pedestrian
5,309.0,1365.0,386.0,1478.0,1801,0,0,1,Pedestrian
5,307.0,1365.0,384.0,1478.0,1802,0,0,1,Pedestrian
5,305.0,1365.0,383.0,1478.0,1803,0,0,1,Pedestrian
5,303.0,1369.0,381.0,1478.0,1804,0,0,1,Pedestrian
5,303.0,1369.0,381.0,1478.0,1805,0,0,1,Pedestrian
5,302.0,1369.0,379.0,1478.0,1806,0,0,1,Pedestrian
5,300.0,1369.0,377.0,1478.0,1807,0,0,1,Pedestrian
5,298.0,1369.0,375.0,1478.0,1808,0,0,1,Pedestrian
5,296.0,1369.0,373.0,1478.0,1809,0,0,1,Pedestrian
5,296.0,1369.0,373.0,1478.0,1810,0,0,1,Pedestrian
5,294.0,1369.0,372.0,1478.0,1811,0,0,1,Pedestrian
5,292.0,1369.0,370.0,1478.0,1812,0,0,1,Pedestrian
5,290.0,1369.0,368.0,1478.0,1813,0,0,1,Pedestrian
5,289.0,1369.0,366.0,1483.0,1814,0,0,1,Pedestrian
5,289.0,1369.0,366.0,1483.0,1815,0,0,1,Pedestrian
5,287.0,1369.0,364.0,1483.0,1816,0,0,1,Pedestrian
5,285.0,1374.0,362.0,1483.0,1817,0,0,1,Pedestrian
5,283.0,1374.0,360.0,1483.0,1818,0,0,1,Pedestrian
5,281.0,1374.0,359.0,1483.0,1819,0,0,1,Pedestrian
5,281.0,1374.0,359.0,1483.0,1820,0,0,1,Pedestrian
5,279.0,1374.0,357.0,1483.0,1821,0,0,1,Pedestrian
5,278.0,1374.0,355.0,1483.0,1822,0,0,1,Pedestrian
5,276.0,1374.0,353.0,1483.0,1823,0,0,1,Pedestrian
5,274.0,1374.0,351.0,1483.0,1824,0,0,1,Pedestrian
5,274.0,1374.0,351.0,1483.0,1825,0,0,1,Pedestrian
5,272.0,1374.0,349.0,1483.0,1826,0,0,1,Pedestrian
5,270.0,1374.0,348.0,1483.0,1827,0,0,1,Pedestrian
5,268.0,1374.0,346.0,1483.0,1828,0,0,1,Pedestrian
5,267.0,1374.0,344.0,1483.0,1829,0,0,1,Pedestrian
5,267.0,1378.0,344.0,1487.0,1830,0,0,0,Pedestrian
5,265.0,1378.0,342.0,1483.0,1831,0,0,1,Pedestrian
5,263.0,1378.0,340.0,1483.0,1832,0,0,1,Pedestrian
5,261.0,1378.0,338.0,1483.0,1833,0,0,1,Pedestrian
5,261.0,1378.0,338.0,1483.0,1834,0,0,1,Pedestrian
5,259.0,1378.0,337.0,1483.0,1835,0,0,1,Pedestrian
5,257.0,1378.0,335.0,1483.0,1836,0,0,1,Pedestrian
5,255.0,1378.0,333.0,1483.0,1837,0,0,1,Pedestrian
5,255.0,1378.0,333.0,1483.0,1838,0,0,1,Pedestrian
5,254.0,1378.0,331.0,1483.0,1839,0,0,1,Pedestrian
5,252.0,1378.0,329.0,1483.0,1840,0,0,1,Pedestrian
5,252.0,1378.0,327.0,1483.0,1841,0,0,1,Pedestrian
5,250.0,1378.0,327.0,1483.0,1842,0,0,1,Pedestrian
5,248.0,1378.0,325.0,1483.0,1843,0,0,1,Pedestrian
5,246.0,1378.0,324.0,1483.0,1844,0,0,1,Pedestrian
5,246.0,1378.0,322.0,1483.0,1845,0,0,1,Pedestrian
5,244.0,1378.0,322.0,1483.0,1846,0,0,1,Pedestrian
5,243.0,1378.0,320.0,1483.0,1847,0,0,1,Pedestrian
5,243.0,1378.0,318.0,1483.0,1848,0,0,1,Pedestrian
5,241.0,1378.0,316.0,1483.0,1849,0,0,1,Pedestrian
5,239.0,1378.0,316.0,1483.0,1850,0,0,1,Pedestrian
5,237.0,1378.0,314.0,1483.0,1851,0,0,1,Pedestrian
5,237.0,1378.0,313.0,1483.0,1852,0,0,1,Pedestrian
5,235.0,1378.0,311.0,1483.0,1853,0,0,1,Pedestrian
5,233.0,1378.0,311.0,1483.0,1854,0,0,1,Pedestrian
5,232.0,1378.0,309.0,1483.0,1855,0,0,1,Pedestrian
5,232.0,1378.0,307.0,1483.0,1856,0,0,1,Pedestrian
5,230.0,1378.0,305.0,1483.0,1857,0,0,1,Pedestrian
5,228.0,1378.0,305.0,1483.0,1858,0,0,1,Pedestrian
5,228.0,1378.0,303.0,1483.0,1859,0,0,1,Pedestrian
5,226.0,1378.0,302.0,1483.0,1860,0,0,1,Pedestrian
5,224.0,1378.0,300.0,1483.0,1861,0,0,1,Pedestrian
5,222.0,1378.0,300.0,1483.0,1862,0,0,1,Pedestrian
5,222.0,1378.0,298.0,1483.0,1863,0,0,1,Pedestrian
5,221.0,1378.0,296.0,1483.0,1864,0,0,1,Pedestrian
5,219.0,1378.0,294.0,1483.0,1865,0,0,1,Pedestrian
5,219.0,1378.0,294.0,1483.0,1866,0,0,1,Pedestrian
5,217.0,1378.0,292.0,1483.0,1867,0,0,1,Pedestrian
5,215.0,1378.0,290.0,1483.0,1868,0,0,1,Pedestrian
5,213.0,1378.0,289.0,1483.0,1869,0,0,1,Pedestrian
5,213.0,1378.0,289.0,1483.0,1870,0,0,1,Pedestrian
5,211.0,1378.0,287.0,1483.0,1871,0,0,1,Pedestrian
5,209.0,1378.0,285.0,1483.0,1872,0,0,1,Pedestrian
5,208.0,1378.0,283.0,1483.0,1873,0,0,1,Pedestrian
5,208.0,1378.0,283.0,1483.0,1874,0,0,1,Pedestrian
5,206.0,1378.0,281.0,1483.0,1875,0,0,1,Pedestrian
5,204.0,1378.0,279.0,1483.0,1876,0,0,1,Pedestrian
5,204.0,1378.0,278.0,1483.0,1877,0,0,1,Pedestrian
5,202.0,1378.0,278.0,1483.0,1878,0,0,1,Pedestrian
5,200.0,1378.0,276.0,1483.0,1879,0,0,1,Pedestrian
5,198.0,1378.0,274.0,1483.0,1880,0,0,1,Pedestrian
5,198.0,1378.0,272.0,1478.0,1881,0,0,1,Pedestrian
5,197.0,1378.0,272.0,1478.0,1882,0,0,1,Pedestrian
5,195.0,1378.0,270.0,1478.0,1883,0,0,1,Pedestrian
5,195.0,1378.0,268.0,1478.0,1884,0,0,1,Pedestrian
5,193.0,1378.0,267.0,1478.0,1885,0,0,1,Pedestrian
5,191.0,1378.0,267.0,1478.0,1886,0,0,1,Pedestrian
5,189.0,1378.0,265.0,1478.0,1887,0,0,1,Pedestrian
5,189.0,1378.0,263.0,1478.0,1888,0,0,1,Pedestrian
5,187.0,1378.0,261.0,1478.0,1889,0,0,1,Pedestrian
5,186.0,1378.0,261.0,1478.0,1890,0,0,1,Pedestrian
5,184.0,1378.0,259.0,1478.0,1891,0,0,1,Pedestrian
5,184.0,1378.0,257.0,1478.0,1892,0,0,1,Pedestrian
5,182.0,1378.0,255.0,1478.0,1893,0,0,1,Pedestrian
5,180.0,1378.0,255.0,1478.0,1894,0,0,1,Pedestrian
5,180.0,1378.0,254.0,1478.0,1895,0,0,1,Pedestrian
5,178.0,1378.0,252.0,1478.0,1896,0,0,1,Pedestrian
5,176.0,1378.0,252.0,1478.0,1897,0,0,1,Pedestrian
5,174.0,1378.0,250.0,1478.0,1898,0,0,1,Pedestrian
5,174.0,1378.0,248.0,1478.0,1899,0,0,1,Pedestrian
5,173.0,1378.0,246.0,1478.0,1900,0,0,1,Pedestrian
5,171.0,1378.0,246.0,1478.0,1901,0,0,1,Pedestrian
5,171.0,1378.0,244.0,1478.0,1902,0,0,1,Pedestrian
5,169.0,1378.0,243.0,1478.0,1903,0,0,1,Pedestrian
5,167.0,1378.0,241.0,1478.0,1904,0,0,1,Pedestrian
5,165.0,1378.0,241.0,1478.0,1905,0,0,1,Pedestrian
5,165.0,1378.0,239.0,1478.0,1906,0,0,1,Pedestrian
5,163.0,1378.0,237.0,1478.0,1907,0,0,1,Pedestrian
5,162.0,1378.0,235.0,1478.0,1908,0,0,1,Pedestrian
5,162.0,1378.0,235.0,1478.0,1909,0,0,1,Pedestrian
5,160.0,1378.0,233.0,1478.0,1910,0,0,1,Pedestrian
5,158.0,1378.0,232.0,1478.0,1911,0,0,1,Pedestrian
5,156.0,1378.0,230.0,1478.0,1912,0,0,1,Pedestrian
5,156.0,1378.0,230.0,1478.0,1913,0,0,1,Pedestrian
5,154.0,1378.0,228.0,1478.0,1914,0,0,1,Pedestrian
5,152.0,1378.0,226.0,1478.0,1915,0,0,1,Pedestrian
5,151.0,1378.0,224.0,1478.0,1916,0,0,1,Pedestrian
5,151.0,1378.0,224.0,1478.0,1917,0,0,1,Pedestrian
5,149.0,1378.0,222.0,1478.0,1918,0,0,1,Pedestrian
5,147.0,1378.0,221.0,1478.0,1919,0,0,1,Pedestrian
5,147.0,1378.0,219.0,1478.0,1920,0,0,1,Pedestrian
5,145.0,1378.0,219.0,1478.0,1921,0,0,1,Pedestrian
5,143.0,1378.0,217.0,1478.0,1922,0,0,1,Pedestrian
5,141.0,1378.0,215.0,1478.0,1923,0,0,1,Pedestrian
5,141.0,1378.0,213.0,1478.0,1924,0,0,1,Pedestrian
5,139.0,1378.0,213.0,1478.0,1925,0,0,1,Pedestrian
5,138.0,1378.0,211.0,1478.0,1926,0,0,1,Pedestrian
5,138.0,1378.0,209.0,1478.0,1927,0,0,1,Pedestrian
5,136.0,1378.0,208.0,1478.0,1928,0,0,1,Pedestrian
5,134.0,1378.0,208.0,1478.0,1929,0,0,1,Pedestrian
5,132.0,1378.0,206.0,1478.0,1930,0,0,1,Pedestrian
5,132.0,1378.0,204.0,1474.0,1931,0,0,1,Pedestrian
5,130.0,1378.0,202.0,1474.0,1932,0,0,1,Pedestrian
5,128.0,1378.0,202.0,1474.0,1933,0,0,1,Pedestrian
5,127.0,1378.0,200.0,1474.0,1934,0,0,1,Pedestrian
5,127.0,1378.0,198.0,1474.0,1935,0,0,1,Pedestrian
5,125.0,1378.0,197.0,1474.0,1936,0,0,1,Pedestrian
5,123.0,1378.0,197.0,1474.0,1937,0,0,1,Pedestrian
5,123.0,1378.0,195.0,1474.0,1938,0,0,1,Pedestrian
5,121.0,1378.0,193.0,1474.0,1939,0,0,1,Pedestrian
5,119.0,1378.0,191.0,1474.0,1940,0,0,1,Pedestrian
5,117.0,1378.0,191.0,1474.0,1941,0,0,1,Pedestrian
5,117.0,1378.0,189.0,1474.0,1942,0,0,1,Pedestrian
5,116.0,1378.0,187.0,1474.0,1943,0,0,1,Pedestrian
5,114.0,1378.0,186.0,1474.0,1944,0,0,1,Pedestrian
5,114.0,1378.0,186.0,1474.0,1945,0,0,1,Pedestrian
5,112.0,1378.0,184.0,1474.0,1946,0,0,1,Pedestrian
5,110.0,1378.0,182.0,1474.0,1947,0,0,1,Pedestrian
5,108.0,1378.0,180.0,1474.0,1948,0,0,1,Pedestrian
5,108.0,1378.0,180.0,1474.0,1949,0,0,1,Pedestrian
5,106.0,1378.0,178.0,1474.0,1950,0,0,1,Pedestrian
5,104.0,1378.0,176.0,1474.0,1951,0,0,1,Pedestrian
5,103.0,1378.0,174.0,1474.0,1952,0,0,1,Pedestrian
5,103.0,1378.0,174.0,1474.0,1953,0,0,1,Pedestrian
5,101.0,1378.0,173.0,1474.0,1954,0,0,1,Pedestrian
5,99.0,1378.0,171.0,1474.0,1955,0,0,1,Pedestrian
5,99.0,1378.0,169.0,1474.0,1956,0,0,1,Pedestrian
5,97.0,1378.0,169.0,1474.0,1957,0,0,1,Pedestrian
5,95.0,1378.0,167.0,1474.0,1958,0,0,1,Pedestrian
5,93.0,1378.0,165.0,1474.0,1959,0,0,1,Pedestrian
5,93.0,1378.0,163.0,1474.0,1960,0,0,1,Pedestrian
5,92.0,1378.0,163.0,1474.0,1961,0,0,1,Pedestrian
5,90.0,1378.0,162.0,1474.0,1962,0,0,1,Pedestrian
5,90.0,1378.0,160.0,1474.0,1963,0,0,1,Pedestrian
5,88.0,1378.0,160.0,1474.0,1964,0,0,1,Pedestrian
5,86.0,1378.0,158.0,1474.0,1965,0,0,1,Pedestrian
5,84.0,1378.0,156.0,1474.0,1966,0,0,1,Pedestrian
5,84.0,1378.0,154.0,1474.0,1967,0,0,1,Pedestrian
5,82.0,1378.0,154.0,1474.0,1968,0,0,1,Pedestrian
5,81.0,1378.0,152.0,1474.0,1969,0,0,1,Pedestrian
5,81.0,1378.0,151.0,1474.0,1970,0,0,1,Pedestrian
5,79.0,1378.0,149.0,1474.0,1971,0,0,1,Pedestrian
5,77.0,1378.0,149.0,1474.0,1972,0,0,1,Pedestrian
5,75.0,1378.0,147.0,1474.0,1973,0,0,1,Pedestrian
5,75.0,1378.0,145.0,1474.0,1974,0,0,1,Pedestrian
5,73.0,1378.0,143.0,1474.0,1975,0,0,1,Pedestrian
5,71.0,1378.0,143.0,1474.0,1976,0,0,1,Pedestrian
5,69.0,1378.0,141.0,1474.0,1977,0,0,1,Pedestrian
5,69.0,1378.0,139.0,1474.0,1978,0,0,1,Pedestrian
5,68.0,1378.0,138.0,1474.0,1979,0,0,1,Pedestrian
5,66.0,1378.0,138.0,1474.0,1980,0,0,1,Pedestrian
5,66.0,1378.0,136.0,1470.0,1981,0,0,1,Pedestrian
5,64.0,1378.0,134.0,1470.0,1982,0,0,1,Pedestrian
5,62.0,1378.0,132.0,1470.0,1983,0,0,1,Pedestrian
5,60.0,1378.0,132.0,1470.0,1984,0,0,1,Pedestrian
5,60.0,1378.0,130.0,1470.0,1985,0,0,1,Pedestrian
5,58.0,1378.0,128.0,1470.0,1986,0,0,1,Pedestrian
5,57.0,1378.0,127.0,1470.0,1987,0,0,1,Pedestrian
5,57.0,1378.0,127.0,1470.0,1988,0,0,1,Pedestrian
5,55.0,1378.0,125.0,1470.0,1989,0,0,1,Pedestrian
5,53.0,1378.0,123.0,1470.0,1990,0,0,1,Pedestrian
5,51.0,1378.0,121.0,1470.0,1991,0,0,1,Pedestrian
5,51.0,1378.0,121.0,1470.0,1992,0,0,1,Pedestrian
5,49.0,1378.0,119.0,1470.0,1993,0,0,1,Pedestrian
5,47.0,1378.0,117.0,1470.0,1994,0,0,1,Pedestrian
5,46.0,1378.0,116.0,1470.0,1995,0,0,1,Pedestrian
5,46.0,1378.0,116.0,1470.0,1996,0,0,1,Pedestrian
5,44.0,1378.0,114.0,1470.0,1997,0,0,1,Pedestrian
5,42.0,1378.0,112.0,1470.0,1998,0,0,1,Pedestrian
5,42.0,1378.0,110.0,1470.0,1999,0,0,1,Pedestrian
5,40.0,1378.0,110.0,1470.0,2000,0,0,1,Pedestrian
5,38.0,1378.0,108.0,1470.0,2001,0,0,1,Pedestrian
5,36.0,1378.0,106.0,1470.0,2002,0,0,1,Pedestrian
5,36.0,1378.0,104.0,1470.0,2003,0,0,1,Pedestrian
5,34.0,1378.0,104.0,1470.0,2004,0,0,1,Pedestrian
5,33.0,1378.0,103.0,1470.0,2005,0,0,1,Pedestrian
5,33.0,1378.0,101.0,1470.0,2006,0,0,1,Pedestrian
5,31.0,1378.0,99.0,1470.0,2007,0,0,1,Pedestrian
5,29.0,1378.0,99.0,1470.0,2008,0,0,1,Pedestrian
5,27.0,1378.0,97.0,1470.0,2009,0,0,1,Pedestrian
5,27.0,1378.0,95.0,1470.0,2010,0,0,1,Pedestrian
5,25.0,1378.0,93.0,1470.0,2011,0,0,1,Pedestrian
5,23.0,1378.0,93.0,1470.0,2012,0,0,1,Pedestrian
5,22.0,1378.0,92.0,1470.0,2013,0,0,1,Pedestrian
5,22.0,1378.0,90.0,1470.0,2014,0,0,1,Pedestrian
5,20.0,1378.0,88.0,1470.0,2015,0,0,1,Pedestrian
5,18.0,1378.0,88.0,1470.0,2016,0,0,1,Pedestrian
5,18.0,1378.0,86.0,1470.0,2017,0,0,1,Pedestrian
5,16.0,1378.0,84.0,1470.0,2018,0,0,1,Pedestrian
5,14.0,1378.0,82.0,1470.0,2019,0,0,1,Pedestrian
5,12.0,1378.0,82.0,1470.0,2020,0,0,1,Pedestrian
5,12.0,1378.0,81.0,1470.0,2021,0,0,1,Pedestrian
5,11.0,1378.0,79.0,1470.0,2022,0,0,1,Pedestrian
5,9.0,1378.0,77.0,1470.0,2023,0,0,1,Pedestrian
5,9.0,1378.0,77.0,1470.0,2024,0,0,1,Pedestrian
5,7.0,1378.0,75.0,1470.0,2025,0,0,1,Pedestrian
5,5.0,1378.0,73.0,1470.0,2026,0,0,1,Pedestrian
5,3.0,1378.0,71.0,1470.0,2027,0,0,1,Pedestrian
5,3.0,1378.0,71.0,1470.0,2028,0,0,1,Pedestrian
5,1.0,1378.0,69.0,1470.0,2029,0,0,1,Pedestrian
5,0.0,1378.0,68.0,1470.0,2030,0,0,1,Pedestrian
5,0.0,1378.0,68.0,1470.0,2031,0,0,0,Pedestrian
6,1298.0,682.0,1320.0,724.0,1000,1,0,0,Pedestrian
6,1298.0,682.0,1320.0,724.0,1001,1,0,1,Pedestrian
6,1298.0,682.0,1320.0,724.0,1002,1,0,1,Pedestrian
6,1298.0,682.0,1320.0,724.0,1003,1,0,1,Pedestrian
6,1298.0,682.0,1320.0,724.0,1004,1,0,1,Pedestrian
6,1298.0,682.0,1320.0,724.0,1005,1,0,1,Pedestrian
6,1298.0,682.0,1320.0,724.0,1006,1,0,1,Pedestrian
6,1298.0,682.0,1320.0,724.0,1007,1,0,1,Pedestrian
6,1298.0,682.0,1320.0,724.0,1008,1,0,1,Pedestrian
6,1298.0,682.0,1320.0,724.0,1009,1,0,1,Pedestrian
6,1298.0,682.0,1320.0,724.0,1010,1,0,1,Pedestrian
6,1298.0,682.0,1320.0,724.0,1011,1,0,1,Pedestrian
6,1298.0,682.0,1320.0,724.0,1012,1,0,1,Pedestrian
6,1298.0,682.0,1320.0,724.0,1013,1,0,1,Pedestrian
6,1298.0,682.0,1320.0,724.0,1014,1,0,1,Pedestrian
6,1298.0,682.0,1320.0,724.0,1015,1,0,1,Pedestrian
6,1298.0,682.0,1320.0,724.0,1016,1,0,1,Pedestrian
6,1298.0,682.0,1320.0,724.0,1017,1,0,1,Pedestrian
6,1298.0,682.0,1320.0,724.0,1018,1,0,1,Pedestrian
6,1298.0,682.0,1320.0,724.0,1019,1,0,1,Pedestrian
6,1298.0,682.0,1320.0,724.0,1020,1,0,1,Pedestrian
6,1298.0,682.0,1320.0,724.0,1021,1,0,1,Pedestrian
6,1298.0,682.0,1320.0,724.0,1022,1,0,1,Pedestrian
6,1298.0,682.0,1320.0,724.0,1023,1,0,1,Pedestrian
6,1298.0,682.0,1320.0,724.0,1024,1,0,1,Pedestrian
6,1298.0,682.0,1320.0,724.0,1025,1,0,1,Pedestrian
6,1298.0,682.0,1320.0,724.0,1026,1,0,1,Pedestrian
6,1298.0,682.0,1320.0,724.0,1027,1,0,1,Pedestrian
6,1298.0,682.0,1320.0,724.0,1028,1,0,1,Pedestrian
6,1298.0,682.0,1320.0,728.0,1029,1,0,1,Pedestrian
6,1298.0,682.0,1320.0,728.0,1030,1,0,1,Pedestrian
6,1298.0,682.0,1320.0,728.0,1031,1,0,1,Pedestrian
6,1298.0,682.0,1320.0,728.0,1032,1,0,1,Pedestrian
6,1298.0,682.0,1320.0,728.0,1033,1,0,1,Pedestrian
6,1298.0,682.0,1320.0,728.0,1034,1,0,1,Pedestrian
6,1298.0,682.0,1320.0,728.0,1035,1,0,1,Pedestrian
6,1298.0,682.0,1320.0,728.0,1036,1,0,1,Pedestrian
6,1298.0,682.0,1320.0,728.0,1037,1,0,1,Pedestrian
6,1298.0,682.0,1320.0,728.0,1038,1,0,1,Pedestrian
6,1298.0,682.0,1320.0,728.0,1039,1,0,1,Pedestrian
6,1298.0,682.0,1320.0,728.0,1040,1,0,1,Pedestrian
6,1298.0,682.0,1320.0,728.0,1041,1,0,1,Pedestrian
6,1298.0,682.0,1320.0,728.0,1042,1,0,1,Pedestrian
6,1298.0,682.0,1320.0,728.0,1043,1,0,1,Pedestrian
6,1298.0,682.0,1320.0,728.0,1044,1,0,1,Pedestrian
6,1298.0,682.0,1320.0,728.0,1045,1,0,1,Pedestrian
6,1298.0,682.0,1320.0,728.0,1046,1,0,1,Pedestrian
6,1298.0,682.0,1320.0,728.0,1047,1,0,1,Pedestrian
6,1298.0,682.0,1320.0,728.0,1048,1,0,1,Pedestrian
6,1298.0,682.0,1320.0,728.0,1049,1,0,1,Pedestrian
6,1298.0,682.0,1320.0,728.0,1050,1,0,1,Pedestrian
6,1298.0,682.0,1320.0,728.0,1051,1,0,1,Pedestrian
6,1298.0,682.0,1320.0,728.0,1052,1,0,1,Pedestrian
6,1298.0,682.0,1320.0,728.0,1053,1,0,1,Pedestrian
6,1298.0,682.0,1320.0,728.0,1054,1,0,1,Pedestrian
6,1298.0,682.0,1320.0,728.0,1055,1,0,1,Pedestrian
6,1298.0,682.0,1320.0,728.0,1056,1,0,1,Pedestrian
6,1298.0,682.0,1320.0,733.0,1057,1,0,1,Pedestrian
6,1298.0,682.0,1320.0,733.0,1058,1,0,1,Pedestrian
6,1298.0,682.0,1320.0,733.0,1059,1,0,1,Pedestrian
6,1298.0,682.0,1320.0,733.0,1060,1,0,1,Pedestrian
6,1298.0,682.0,1320.0,733.0,1061,1,0,1,Pedestrian
6,1298.0,682.0,1320.0,733.0,1062,1,0,1,Pedestrian
6,1298.0,682.0,1320.0,733.0,1063,1,0,1,Pedestrian
6,1298.0,682.0,1320.0,733.0,1064,1,0,1,Pedestrian
6,1298.0,682.0,1320.0,733.0,1065,1,0,1,Pedestrian
6,1298.0,682.0,1320.0,733.0,1066,1,0,1,Pedestrian
6,1298.0,682.0,1320.0,733.0,1067,1,0,1,Pedestrian
6,1298.0,682.0,1320.0,733.0,1068,1,0,1,Pedestrian
6,1298.0,682.0,1320.0,733.0,1069,1,0,1,Pedestrian
6,1298.0,682.0,1320.0,733.0,1070,1,0,1,Pedestrian
6,1298.0,682.0,1322.0,733.0,1071,1,0,1,Pedestrian
6,1298.0,682.0,1322.0,733.0,1072,1,0,1,Pedestrian
6,1298.0,682.0,1322.0,733.0,1073,1,0,1,Pedestrian
6,1298.0,682.0,1322.0,733.0,1074,1,0,1,Pedestrian
6,1298.0,682.0,1322.0,733.0,1075,1,0,1,Pedestrian
6,1298.0,682.0,1322.0,733.0,1076,1,0,1,Pedestrian
6,1298.0,682.0,1322.0,733.0,1077,1,0,1,Pedestrian
6,1298.0,682.0,1322.0,733.0,1078,1,0,1,Pedestrian
6,1298.0,682.0,1322.0,733.0,1079,1,0,1,Pedestrian
6,1298.0,682.0,1322.0,733.0,1080,1,0,1,Pedestrian
6,1298.0,682.0,1322.0,733.0,1081,1,0,1,Pedestrian
6,1298.0,682.0,1322.0,733.0,1082,1,0,1,Pedestrian
6,1298.0,682.0,1322.0,733.0,1083,1,0,1,Pedestrian
6,1298.0,682.0,1322.0,733.0,1084,1,0,1,Pedestrian
6,1298.0,682.0,1322.0,733.0,1085,1,0,1,Pedestrian
6,1298.0,682.0,1322.0,737.0,1086,1,0,1,Pedestrian
6,1298.0,682.0,1322.0,737.0,1087,1,0,1,Pedestrian
6,1298.0,682.0,1322.0,737.0,1088,1,0,1,Pedestrian
6,1298.0,682.0,1322.0,737.0,1089,1,0,1,Pedestrian
6,1298.0,682.0,1322.0,737.0,1090,1,0,1,Pedestrian
6,1298.0,682.0,1322.0,737.0,1091,1,0,1,Pedestrian
6,1298.0,682.0,1322.0,737.0,1092,1,0,1,Pedestrian
6,1298.0,682.0,1322.0,737.0,1093,1,0,1,Pedestrian
6,1298.0,682.0,1322.0,737.0,1094,1,0,1,Pedestrian
6,1298.0,682.0,1322.0,737.0,1095,1,0,1,Pedestrian
6,1298.0,682.0,1322.0,737.0,1096,1,0,1,Pedestrian
6,1298.0,682.0,1322.0,737.0,1097,1,0,1,Pedestrian
6,1298.0,682.0,1322.0,737.0,1098,1,0,1,Pedestrian
6,1298.0,682.0,1322.0,737.0,1099,1,0,1,Pedestrian
6,1298.0,682.0,1322.0,737.0,1100,1,0,1,Pedestrian
6,1298.0,682.0,1322.0,737.0,1101,1,0,1,Pedestrian
6,1298.0,682.0,1322.0,737.0,1102,1,0,1,Pedestrian
6,1298.0,682.0,1322.0,737.0,1103,1,0,1,Pedestrian
6,1298.0,682.0,1322.0,737.0,1104,1,0,1,Pedestrian
6,1298.0,682.0,1322.0,737.0,1105,1,0,1,Pedestrian
6,1298.0,682.0,1322.0,737.0,1106,1,0,1,Pedestrian
6,1298.0,682.0,1322.0,737.0,1107,1,0,1,Pedestrian
6,1298.0,682.0,1322.0,737.0,1108,1,0,1,Pedestrian
6,1298.0,682.0,1322.0,737.0,1109,1,0,1,Pedestrian
6,1298.0,682.0,1322.0,737.0,1110,1,0,1,Pedestrian
6,1298.0,682.0,1322.0,737.0,1111,1,0,1,Pedestrian
6,1298.0,682.0,1322.0,737.0,1112,1,0,1,Pedestrian
6,1298.0,682.0,1322.0,737.0,1113,1,0,1,Pedestrian
6,1298.0,682.0,1322.0,741.0,1114,1,0,1,Pedestrian
6,1298.0,682.0,1322.0,741.0,1115,1,0,1,Pedestrian
6,1298.0,682.0,1322.0,741.0,1116,1,0,1,Pedestrian
6,1298.0,682.0,1322.0,741.0,1117,1,0,1,Pedestrian
6,1298.0,682.0,1322.0,741.0,1118,1,0,1,Pedestrian
6,1298.0,682.0,1322.0,741.0,1119,1,0,1,Pedestrian
6,1298.0,682.0,1322.0,741.0,1120,1,0,1,Pedestrian
6,1298.0,682.0,1322.0,741.0,1121,1,0,1,Pedestrian
6,1298.0,682.0,1322.0,741.0,1122,1,0,1,Pedestrian
6,1298.0,682.0,1322.0,741.0,1123,1,0,1,Pedestrian
6,1298.0,682.0,1322.0,741.0,1124,1,0,1,Pedestrian
6,1298.0,682.0,1322.0,741.0,1125,1,0,1,Pedestrian
6,1298.0,682.0,1322.0,741.0,1126,1,0,1,Pedestrian
6,1298.0,682.0,1322.0,741.0,1127,1,0,1,Pedestrian
6,1298.0,682.0,1322.0,741.0,1128,1,0,1,Pedestrian
6,1298.0,682.0,1322.0,741.0,1129,1,0,1,Pedestrian
6,1298.0,682.0,1322.0,741.0,1130,1,0,1,Pedestrian
6,1298.0,682.0,1322.0,741.0,1131,1,0,1,Pedestrian
6,1298.0,682.0,1322.0,741.0,1132,1,0,1,Pedestrian
6,1298.0,682.0,1322.0,741.0,1133,1,0,1,Pedestrian
6,1298.0,682.0,1322.0,741.0,1134,1,0,1,Pedestrian
6,1298.0,682.0,1322.0,741.0,1135,1,0,1,Pedestrian
6,1298.0,682.0,1322.0,741.0,1136,1,0,1,Pedestrian
6,1298.0,682.0,1322.0,741.0,1137,1,0,1,Pedestrian
6,1298.0,682.0,1322.0,741.0,1138,1,0,1,Pedestrian
6,1298.0,682.0,1322.0,741.0,1139,1,0,1,Pedestrian
6,1298.0,682.0,1322.0,741.0,1140,1,0,1,Pedestrian
6,1298.0,682.0,1322.0,741.0,1141,1,0,1,Pedestrian
6,1298.0,682.0,1324.0,745.0,1142,0,0,0,Pedestrian
6,1298.0,678.0,1324.0,741.0,1143,0,0,1,Pedestrian
6,1298.0,678.0,1324.0,741.0,1144,0,0,1,Pedestrian
6,1298.0,678.0,1324.0,741.0,1145,0,0,1,Pedestrian
6,1298.0,678.0,1324.0,741.0,1146,0,0,1,Pedestrian
6,1298.0,678.0,1324.0,741.0,1147,0,0,1,Pedestrian
6,1298.0,674.0,1324.0,737.0,1148,0,0,1,Pedestrian
6,1298.0,674.0,1324.0,737.0,1149,0,0,1,Pedestrian
6,1298.0,674.0,1324.0,737.0,1150,0,0,1,Pedestrian
6,1298.0,674.0,1324.0,737.0,1151,0,0,1,Pedestrian
6,1298.0,674.0,1324.0,737.0,1152,0,0,1,Pedestrian
6,1298.0,674.0,1324.0,737.0,1153,0,0,1,Pedestrian
6,1298.0,670.0,1324.0,733.0,1154,0,0,1,Pedestrian
6,1298.0,670.0,1324.0,733.0,1155,0,0,1,Pedestrian
6,1298.0,670.0,1324.0,733.0,1156,0,0,1,Pedestrian
6,1298.0,670.0,1324.0,733.0,1157,0,0,1,Pedestrian
6,1298.0,670.0,1324.0,733.0,1158,0,0,1,Pedestrian
6,1298.0,670.0,1324.0,733.0,1159,0,0,1,Pedestrian
6,1298.0,666.0,1324.0,728.0,1160,0,0,1,Pedestrian
6,1298.0,666.0,1324.0,728.0,1161,0,0,1,Pedestrian
6,1298.0,666.0,1324.0,728.0,1162,0,0,1,Pedestrian
6,1298.0,666.0,1324.0,728.0,1163,0,0,1,Pedestrian
6,1298.0,666.0,1324.0,728.0,1164,0,0,1,Pedestrian
6,1298.0,666.0,1324.0,728.0,1165,0,0,1,Pedestrian
6,1298.0,661.0,1324.0,724.0,1166,0,0,1,Pedestrian
6,1298.0,661.0,1324.0,724.0,1167,0,0,1,Pedestrian
6,1298.0,661.0,1324.0,724.0,1168,0,0,1,Pedestrian
6,1298.0,661.0,1324.0,724.0,1169,0,0,1,Pedestrian
6,1298.0,661.0,1324.0,724.0,1170,0,0,1,Pedestrian
6,1298.0,661.0,1324.0,724.0,1171,0,0,0,Pedestrian
6,1296.0,657.0,1322.0,720.0,1172,0,0,1,Pedestrian
6,1296.0,657.0,1322.0,720.0,1173,0,0,1,Pedestrian
6,1296.0,657.0,1322.0,720.0,1174,0,0,1,Pedestrian
6,1296.0,657.0,1322.0,720.0,1175,0,0,1,Pedestrian
6,1294.0,657.0,1320.0,720.0,1176,0,0,1,Pedestrian
6,1294.0,653.0,1320.0,716.0,1177,0,0,1,Pedestrian
6,1294.0,653.0,1320.0,716.0,1178,0,0,1,Pedestrian
6,1294.0,653.0,1320.0,716.0,1179,0,0,1,Pedestrian
6,1292.0,653.0,1318.0,716.0,1180,0,0,1,Pedestrian
6,1292.0,653.0,1318.0,716.0,1181,0,0,1,Pedestrian
6,1292.0,653.0,1318.0,716.0,1182,0,0,1,Pedestrian
6,1292.0,649.0,1318.0,712.0,1183,0,0,1,Pedestrian
6,1291.0,649.0,1316.0,712.0,1184,0,0,1,Pedestrian
6,1291.0,649.0,1316.0,712.0,1185,0,0,1,Pedestrian
6,1291.0,649.0,1316.0,712.0,1186,0,0,1,Pedestrian
6,1291.0,649.0,1316.0,712.0,1187,0,0,1,Pedestrian
6,1289.0,645.0,1314.0,708.0,1188,0,0,1,Pedestrian
6,1289.0,645.0,1314.0,708.0,1189,0,0,1,Pedestrian
6,1289.0,645.0,1314.0,708.0,1190,0,0,1,Pedestrian
6,1289.0,645.0,1314.0,708.0,1191,0,0,1,Pedestrian
6,1287.0,645.0,1313.0,708.0,1192,0,0,1,Pedestrian
6,1287.0,645.0,1313.0,708.0,1193,0,0,1,Pedestrian
6,1287.0,641.0,1313.0,703.0,1194,0,0,1,Pedestrian
6,1287.0,641.0,1313.0,703.0,1195,0,0,1,Pedestrian
6,1285.0,641.0,1311.0,703.0,1196,0,0,1,Pedestrian
6,1285.0,641.0,1311.0,703.0,1197,0,0,1,Pedestrian
6,1285.0,641.0,1311.0,703.0,1198,0,0,1,Pedestrian
6,1285.0,641.0,1311.0,703.0,1199,0,0,0,Pedestrian
6,1283.0,636.0,1309.0,699.0,1200,0,0,1,Pedestrian
6,1283.0,636.0,1309.0,699.0,1201,0,0,1,Pedestrian
6,1281.0,636.0,1307.0,699.0,1202,0,0,1,Pedestrian
6,1281.0,636.0,1307.0,699.0,1203,0,0,1,Pedestrian
6,1281.0,636.0,1307.0,699.0,1204,0,0,1,Pedestrian
6,1279.0,632.0,1305.0,695.0,1205,0,0,1,Pedestrian
6,1279.0,632.0,1305.0,695.0,1206,0,0,1,Pedestrian
6,1279.0,632.0,1305.0,695.0,1207,0,0,1,Pedestrian
6,1278.0,632.0,1303.0,695.0,1208,0,0,1,Pedestrian
6,1278.0,632.0,1303.0,695.0,1209,0,0,1,Pedestrian
6,1276.0,628.0,1302.0,691.0,1210,0,0,1,Pedestrian
6,1276.0,628.0,1302.0,691.0,1211,0,0,1,Pedestrian
6,1276.0,628.0,1302.0,691.0,1212,0,0,1,Pedestrian
6,1274.0,628.0,1300.0,691.0,1213,0,0,1,Pedestrian
6,1274.0,628.0,1300.0,691.0,1214,0,0,1,Pedestrian
6,1274.0,628.0,1300.0,691.0,1215,0,0,0,Pedestrian
6,1272.0,624.0,1298.0,687.0,1216,0,0,1,Pedestrian
6,1272.0,624.0,1298.0,687.0,1217,0,0,1,Pedestrian
6,1270.0,620.0,1296.0,682.0,1218,0,0,1,Pedestrian
6,1270.0,620.0,1296.0,682.0,1219,0,0,1,Pedestrian
6,1270.0,620.0,1296.0,682.0,1220,0,0,1,Pedestrian
6,1268.0,615.0,1294.0,678.0,1221,0,0,1,Pedestrian
6,1268.0,615.0,1294.0,678.0,1222,0,0,1,Pedestrian
6,1268.0,615.0,1294.0,678.0,1223,0,0,1,Pedestrian
6,1267.0,611.0,1292.0,674.0,1224,0,0,1,Pedestrian
6,1267.0,611.0,1292.0,674.0,1225,0,0,1,Pedestrian
6,1267.0,611.0,1292.0,674.0,1226,0,0,1,Pedestrian
6,1265.0,607.0,1291.0,670.0,1227,0,0,1,Pedestrian
6,1265.0,607.0,1291.0,670.0,1228,0,0,1,Pedestrian
6,1265.0,607.0,1291.0,670.0,1229,0,0,0,Pedestrian
6,1265.0,603.0,1291.0,666.0,1230,0,0,1,Pedestrian
6,1265.0,603.0,1291.0,666.0,1231,0,0,1,Pedestrian
6,1265.0,603.0,1291.0,666.0,1232,0,0,1,Pedestrian
6,1265.0,603.0,1291.0,666.0,1233,0,0,1,Pedestrian
6,1265.0,603.0,1291.0,666.0,1234,0,0,1,Pedestrian
6,1265.0,603.0,1291.0,666.0,1235,0,0,1,Pedestrian
6,1265.0,603.0,1291.0,666.0,1236,0,0,1,Pedestrian
6,1265.0,599.0,1291.0,661.0,1237,0,0,1,Pedestrian
6,1265.0,599.0,1291.0,661.0,1238,0,0,1,Pedestrian
6,1265.0,599.0,1291.0,661.0,1239,0,0,1,Pedestrian
6,1265.0,599.0,1291.0,661.0,1240,0,0,1,Pedestrian
6,1265.0,599.0,1291.0,661.0,1241,0,0,1,Pedestrian
6,1265.0,599.0,1291.0,661.0,1242,0,0,1,Pedestrian
6,1265.0,599.0,1291.0,661.0,1243,0,0,0,Pedestrian
6,1263.0,594.0,1289.0,657.0,1244,0,0,1,Pedestrian
6,1263.0,594.0,1289.0,657.0,1245,0,0,1,Pedestrian
6,1263.0,594.0,1289.0,657.0,1246,0,0,1,Pedestrian
6,1261.0,594.0,1287.0,657.0,1247,0,0,1,Pedestrian
6,1261.0,594.0,1287.0,657.0,1248,0,0,1,Pedestrian
6,1261.0,594.0,1287.0,657.0,1249,1,0,0,Pedestrian
6,1261.0,594.0,1287.0,657.0,1250,1,0,1,Pedestrian
6,1261.0,594.0,1287.0,657.0,1251,1,0,1,Pedestrian
6,1261.0,594.0,1287.0,657.0,1252,1,0,0,Pedestrian
6,1261.0,594.0,1287.0,657.0,1253,1,0,1,Pedestrian
6,1261.0,594.0,1287.0,657.0,1254,1,0,1,Pedestrian
6,1261.0,594.0,1287.0,657.0,1255,1,0,1,Pedestrian
6,1261.0,594.0,1287.0,657.0,1256,1,0,1,Pedestrian
6,1261.0,594.0,1287.0,657.0,1257,1,0,1,Pedestrian
6,1261.0,594.0,1287.0,657.0,1258,1,0,1,Pedestrian
6,1261.0,594.0,1287.0,657.0,1259,1,0,1,Pedestrian
6,1261.0,594.0,1287.0,657.0,1260,1,0,1,Pedestrian
6,1261.0,594.0,1287.0,657.0,1261,1,0,1,Pedestrian
6,1261.0,594.0,1287.0,657.0,1262,1,0,1,Pedestrian
6,1261.0,594.0,1287.0,657.0,1263,1,0,1,Pedestrian
6,1261.0,594.0,1287.0,657.0,1264,1,0,1,Pedestrian
6,1261.0,594.0,1287.0,657.0,1265,1,0,1,Pedestrian
6,1261.0,594.0,1287.0,657.0,1266,1,0,1,Pedestrian
6,1261.0,594.0,1287.0,657.0,1267,1,0,1,Pedestrian
6,1261.0,594.0,1287.0,657.0,1268,1,0,1,Pedestrian
6,1261.0,594.0,1287.0,657.0,1269,1,0,1,Pedestrian
6,1261.0,594.0,1287.0,657.0,1270,1,0,1,Pedestrian
6,1261.0,594.0,1287.0,657.0,1271,1,0,1,Pedestrian
6,1261.0,594.0,1287.0,657.0,1272,1,0,1,Pedestrian
6,1261.0,594.0,1287.0,657.0,1273,1,0,1,Pedestrian
6,1261.0,594.0,1287.0,657.0,1274,1,0,1,Pedestrian
6,1261.0,594.0,1287.0,657.0,1275,1,0,1,Pedestrian
6,1261.0,594.0,1287.0,657.0,1276,1,0,1,Pedestrian
6,1261.0,594.0,1287.0,657.0,1277,1,0,1,Pedestrian
6,1261.0,594.0,1287.0,657.0,1278,1,0,1,Pedestrian
6,1261.0,594.0,1287.0,657.0,1279,1,0,1,Pedestrian
6,1261.0,594.0,1287.0,657.0,1280,1,0,1,Pedestrian
6,1261.0,594.0,1287.0,657.0,1281,1,0,1,Pedestrian
6,1261.0,594.0,1287.0,657.0,1282,1,0,1,Pedestrian
6,1261.0,594.0,1287.0,657.0,1283,1,0,1,Pedestrian
6,1261.0,594.0,1287.0,657.0,1284,1,0,1,Pedestrian
6,1261.0,594.0,1287.0,657.0,1285,1,0,1,Pedestrian
6,1261.0,594.0,1287.0,657.0,1286,1,0,1,Pedestrian
6,1261.0,594.0,1287.0,657.0,1287,1,0,1,Pedestrian
6,1261.0,594.0,1287.0,657.0,1288,1,0,1,Pedestrian
6,1261.0,594.0,1287.0,657.0,1289,1,0,1,Pedestrian
6,1261.0,594.0,1287.0,657.0,1290,1,0,1,Pedestrian
6,1261.0,594.0,1287.0,657.0,1291,1,0,1,Pedestrian
6,1261.0,594.0,1287.0,657.0,1292,1,0,1,Pedestrian
6,1261.0,594.0,1287.0,657.0,1293,1,0,1,Pedestrian
6,1261.0,594.0,1287.0,657.0,1294,1,0,1,Pedestrian
6,1261.0,594.0,1287.0,657.0,1295,1,0,1,Pedestrian
6,1261.0,594.0,1287.0,657.0,1296,1,0,1,Pedestrian
6,1261.0,594.0,1287.0,657.0,1297,1,0,1,Pedestrian
6,1261.0,594.0,1287.0,657.0,1298,1,0,1,Pedestrian
6,1261.0,594.0,1287.0,657.0,1299,1,0,1,Pedestrian
6,1261.0,594.0,1287.0,657.0,1300,1,0,1,Pedestrian
6,1261.0,594.0,1287.0,657.0,1301,1,0,1,Pedestrian
6,1261.0,594.0,1287.0,657.0,1302,1,0,1,Pedestrian
6,1261.0,594.0,1287.0,657.0,1303,1,0,1,Pedestrian
6,1261.0,594.0,1287.0,657.0,1304,1,0,1,Pedestrian
6,1261.0,594.0,1287.0,657.0,1305,1,0,1,Pedestrian
6,1261.0,594.0,1287.0,657.0,1306,1,0,1,Pedestrian
6,1261.0,594.0,1287.0,657.0,1307,1,0,1,Pedestrian
6,1261.0,594.0,1287.0,657.0,1308,1,0,1,Pedestrian
6,1261.0,594.0,1287.0,657.0,1309,1,0,1,Pedestrian
6,1261.0,594.0,1287.0,657.0,1310,1,0,1,Pedestrian
6,1261.0,594.0,1287.0,657.0,1311,1,0,1,Pedestrian
6,1261.0,594.0,1287.0,657.0,1312,1,0,1,Pedestrian
6,1261.0,594.0,1287.0,657.0,1313,1,0,1,Pedestrian
6,1261.0,594.0,1287.0,657.0,1314,1,0,1,Pedestrian
6,1261.0,594.0,1287.0,657.0,1315,1,0,1,Pedestrian
6,1261.0,594.0,1287.0,657.0,1316,1,0,1,Pedestrian
6,1261.0,594.0,1287.0,657.0,1317,1,0,1,Pedestrian
6,1261.0,594.0,1287.0,657.0,1318,1,0,1,Pedestrian
6,1261.0,594.0,1287.0,657.0,1319,1,0,1,Pedestrian
6,1261.0,594.0,1287.0,657.0,1320,1,0,1,Pedestrian
6,1261.0,594.0,1287.0,657.0,1321,1,0,1,Pedestrian
6,1261.0,594.0,1287.0,657.0,1322,1,0,1,Pedestrian
6,1261.0,594.0,1287.0,657.0,1323,1,0,1,Pedestrian
6,1261.0,594.0,1287.0,657.0,1324,1,0,1,Pedestrian
6,1261.0,594.0,1287.0,657.0,1325,1,0,1,Pedestrian
6,1261.0,594.0,1287.0,657.0,1326,1,0,1,Pedestrian
6,1261.0,594.0,1287.0,657.0,1327,1,0,1,Pedestrian
6,1261.0,594.0,1287.0,657.0,1328,1,0,1,Pedestrian
6,1261.0,594.0,1287.0,657.0,1329,1,0,1,Pedestrian
6,1261.0,594.0,1287.0,657.0,1330,1,0,1,Pedestrian
6,1261.0,594.0,1287.0,657.0,1331,1,0,1,Pedestrian
6,1261.0,594.0,1287.0,657.0,1332,1,0,1,Pedestrian
6,1261.0,594.0,1287.0,657.0,1333,1,0,1,Pedestrian
6,1261.0,594.0,1287.0,657.0,1334,1,0,1,Pedestrian
6,1261.0,594.0,1287.0,657.0,1335,1,0,1,Pedestrian
6,1261.0,594.0,1287.0,657.0,1336,1,0,1,Pedestrian
6,1261.0,594.0,1287.0,657.0,1337,1,0,1,Pedestrian
6,1261.0,594.0,1287.0,657.0,1338,1,0,1,Pedestrian
6,1261.0,594.0,1287.0,657.0,1339,1,0,1,Pedestrian
6,1261.0,594.0,1287.0,657.0,1340,1,0,1,Pedestrian
6,1261.0,594.0,1287.0,657.0,1341,1,0,1,Pedestrian
6,1261.0,594.0,1287.0,657.0,1342,1,0,1,Pedestrian
6,1261.0,594.0,1287.0,657.0,1343,1,0,1,Pedestrian
6,1261.0,594.0,1287.0,657.0,1344,1,0,1,Pedestrian
6,1261.0,594.0,1287.0,657.0,1345,1,0,1,Pedestrian
6,1261.0,594.0,1287.0,657.0,1346,1,0,1,Pedestrian
6,1261.0,594.0,1287.0,657.0,1347,1,0,1,Pedestrian
6,1261.0,594.0,1287.0,657.0,1348,1,0,1,Pedestrian
6,1261.0,594.0,1287.0,657.0,1349,1,0,1,Pedestrian
6,1261.0,594.0,1287.0,657.0,1350,1,0,1,Pedestrian
6,1261.0,594.0,1287.0,657.0,1351,1,0,1,Pedestrian
6,1261.0,594.0,1287.0,657.0,1352,1,0,1,Pedestrian
6,1261.0,594.0,1287.0,657.0,1353,1,0,1,Pedestrian
6,1261.0,594.0,1287.0,657.0,1354,1,0,1,Pedestrian
6,1261.0,594.0,1287.0,657.0,1355,1,0,1,Pedestrian
6,1261.0,594.0,1287.0,657.0,1356,1,0,1,Pedestrian
6,1261.0,594.0,1287.0,657.0,1357,1,0,1,Pedestrian
6,1261.0,594.0,1287.0,657.0,1358,1,0,1,Pedestrian
6,1261.0,594.0,1287.0,657.0,1359,1,0,1,Pedestrian
6,1261.0,594.0,1287.0,657.0,1360,1,0,1,Pedestrian
6,1261.0,594.0,1287.0,657.0,1361,1,0,1,Pedestrian
6,1261.0,594.0,1287.0,657.0,1362,1,0,1,Pedestrian
6,1261.0,594.0,1287.0,657.0,1363,1,0,1,Pedestrian
6,1261.0,594.0,1287.0,657.0,1364,1,0,1,Pedestrian
6,1261.0,594.0,1287.0,657.0,1365,1,0,1,Pedestrian
6,1261.0,594.0,1287.0,657.0,1366,1,0,1,Pedestrian
6,1261.0,594.0,1287.0,657.0,1367,1,0,1,Pedestrian
6,1261.0,594.0,1287.0,657.0,1368,1,0,1,Pedestrian
6,1261.0,594.0,1287.0,657.0,1369,1,0,1,Pedestrian
6,1261.0,594.0,1287.0,657.0,1370,1,0,1,Pedestrian
6,1261.0,594.0,1287.0,657.0,1371,1,0,1,Pedestrian
6,1261.0,594.0,1287.0,657.0,1372,1,0,1,Pedestrian
6,1261.0,594.0,1287.0,657.0,1373,1,0,1,Pedestrian
6,1261.0,594.0,1287.0,657.0,1374,1,0,1,Pedestrian
6,1261.0,594.0,1287.0,657.0,1375,1,0,1,Pedestrian
6,1261.0,594.0,1287.0,657.0,1376,1,0,1,Pedestrian
6,1261.0,594.0,1287.0,657.0,1377,1,0,1,Pedestrian
6,1261.0,594.0,1287.0,657.0,1378,1,0,1,Pedestrian
6,1261.0,594.0,1287.0,657.0,1379,1,0,1,Pedestrian
6,1261.0,594.0,1287.0,657.0,1380,1,0,1,Pedestrian
6,1261.0,594.0,1287.0,657.0,1381,1,0,1,Pedestrian
6,1261.0,594.0,1287.0,657.0,1382,1,0,1,Pedestrian
6,1261.0,594.0,1287.0,657.0,1383,1,0,1,Pedestrian
6,1261.0,594.0,1287.0,657.0,1384,1,0,1,Pedestrian
6,1261.0,594.0,1287.0,657.0,1385,1,0,1,Pedestrian
6,1261.0,594.0,1287.0,657.0,1386,1,0,1,Pedestrian
6,1261.0,594.0,1287.0,657.0,1387,1,0,1,Pedestrian
6,1261.0,594.0,1287.0,657.0,1388,1,0,1,Pedestrian
6,1261.0,594.0,1287.0,657.0,1389,1,0,1,Pedestrian
6,1261.0,594.0,1287.0,657.0,1390,1,0,1,Pedestrian
6,1261.0,594.0,1287.0,657.0,1391,1,0,1,Pedestrian
6,1261.0,594.0,1287.0,657.0,1392,1,0,1,Pedestrian
6,1261.0,594.0,1287.0,657.0,1393,1,0,1,Pedestrian
6,1261.0,594.0,1287.0,657.0,1394,1,0,1,Pedestrian
6,1261.0,594.0,1287.0,657.0,1395,1,0,1,Pedestrian
6,1261.0,594.0,1287.0,657.0,1396,1,0,1,Pedestrian
6,1261.0,594.0,1287.0,657.0,1397,1,0,1,Pedestrian
6,1261.0,594.0,1287.0,657.0,1398,1,0,1,Pedestrian
6,1261.0,594.0,1287.0,657.0,1399,1,0,1,Pedestrian
6,1261.0,594.0,1287.0,657.0,1400,1,0,1,Pedestrian
6,1261.0,594.0,1287.0,657.0,1401,1,0,1,Pedestrian
6,1261.0,594.0,1287.0,657.0,1402,1,0,1,Pedestrian
6,1261.0,594.0,1287.0,657.0,1403,1,0,1,Pedestrian
6,1261.0,594.0,1287.0,657.0,1404,1,0,1,Pedestrian
6,1261.0,594.0,1287.0,657.0,1405,1,0,1,Pedestrian
6,1261.0,594.0,1287.0,657.0,1406,1,0,1,Pedestrian
6,1261.0,594.0,1287.0,657.0,1407,1,0,1,Pedestrian
6,1261.0,594.0,1287.0,657.0,1408,1,0,1,Pedestrian
6,1261.0,594.0,1287.0,657.0,1409,1,0,1,Pedestrian
6,1261.0,594.0,1287.0,657.0,1410,1,0,1,Pedestrian
6,1261.0,594.0,1287.0,657.0,1411,1,0,1,Pedestrian
6,1261.0,594.0,1287.0,657.0,1412,1,0,1,Pedestrian
6,1261.0,594.0,1287.0,657.0,1413,1,0,1,Pedestrian
6,1261.0,594.0,1287.0,657.0,1414,1,0,1,Pedestrian
6,1261.0,594.0,1287.0,657.0,1415,1,0,1,Pedestrian
6,1261.0,594.0,1287.0,657.0,1416,1,0,1,Pedestrian
6,1261.0,594.0,1287.0,657.0,1417,1,0,1,Pedestrian
6,1261.0,594.0,1287.0,657.0,1418,1,0,1,Pedestrian
6,1261.0,594.0,1287.0,657.0,1419,1,0,1,Pedestrian
6,1261.0,594.0,1287.0,657.0,1420,1,0,1,Pedestrian
6,1261.0,594.0,1287.0,657.0,1421,1,0,1,Pedestrian
6,1261.0,594.0,1287.0,657.0,1422,1,0,1,Pedestrian
6,1261.0,594.0,1287.0,657.0,1423,1,0,1,Pedestrian
6,1261.0,594.0,1287.0,657.0,1424,1,0,1,Pedestrian
6,1261.0,594.0,1287.0,657.0,1425,1,0,1,Pedestrian
6,1261.0,594.0,1287.0,657.0,1426,1,0,1,Pedestrian
6,1261.0,594.0,1287.0,657.0,1427,1,0,1,Pedestrian
6,1261.0,594.0,1287.0,657.0,1428,1,0,1,Pedestrian
6,1261.0,594.0,1287.0,657.0,1429,1,0,1,Pedestrian
6,1261.0,594.0,1287.0,657.0,1430,1,0,1,Pedestrian
6,1261.0,594.0,1287.0,657.0,1431,1,0,1,Pedestrian
6,1261.0,594.0,1287.0,657.0,1432,1,0,1,Pedestrian
6,1261.0,594.0,1287.0,657.0,1433,1,0,1,Pedestrian
6,1261.0,594.0,1287.0,657.0,1434,1,0,1,Pedestrian
6,1261.0,594.0,1287.0,657.0,1435,1,0,1,Pedestrian
6,1261.0,594.0,1287.0,657.0,1436,1,0,1,Pedestrian
6,1261.0,594.0,1287.0,657.0,1437,1,0,1,Pedestrian
6,1261.0,594.0,1287.0,657.0,1438,1,0,1,Pedestrian
6,1261.0,594.0,1287.0,657.0,1439,1,0,1,Pedestrian
6,1261.0,594.0,1287.0,657.0,1440,1,0,1,Pedestrian
6,1261.0,594.0,1287.0,657.0,1441,1,0,1,Pedestrian
6,1261.0,594.0,1287.0,657.0,1442,1,0,1,Pedestrian
6,1261.0,594.0,1287.0,657.0,1443,1,0,1,Pedestrian
6,1261.0,594.0,1287.0,657.0,1444,1,0,1,Pedestrian
6,1261.0,594.0,1287.0,657.0,1445,1,0,1,Pedestrian
6,1261.0,594.0,1287.0,657.0,1446,1,0,1,Pedestrian
6,1261.0,594.0,1287.0,657.0,1447,1,0,1,Pedestrian
6,1261.0,594.0,1287.0,657.0,1448,1,0,1,Pedestrian
6,1261.0,594.0,1287.0,657.0,1449,1,0,1,Pedestrian
6,1261.0,594.0,1287.0,657.0,1450,1,0,1,Pedestrian
6,1261.0,594.0,1287.0,657.0,1451,1,0,1,Pedestrian
6,1261.0,594.0,1287.0,657.0,1452,1,0,1,Pedestrian
6,1261.0,594.0,1287.0,657.0,1453,1,0,1,Pedestrian
6,1261.0,594.0,1287.0,657.0,1454,1,0,1,Pedestrian
6,1261.0,594.0,1287.0,657.0,1455,1,0,1,Pedestrian
6,1261.0,594.0,1287.0,657.0,1456,1,0,1,Pedestrian
6,1261.0,594.0,1287.0,657.0,1457,1,0,1,Pedestrian
6,1261.0,594.0,1287.0,657.0,1458,1,0,1,Pedestrian
6,1261.0,594.0,1287.0,657.0,1459,1,0,1,Pedestrian
6,1261.0,594.0,1287.0,657.0,1460,1,0,1,Pedestrian
6,1261.0,594.0,1287.0,657.0,1461,1,0,1,Pedestrian
6,1261.0,594.0,1287.0,657.0,1462,1,0,1,Pedestrian
6,1261.0,594.0,1287.0,657.0,1463,1,0,1,Pedestrian
6,1261.0,594.0,1287.0,657.0,1464,1,0,1,Pedestrian
6,1261.0,594.0,1287.0,657.0,1465,1,0,1,Pedestrian
6,1261.0,594.0,1287.0,657.0,1466,1,0,1,Pedestrian
6,1261.0,594.0,1287.0,657.0,1467,1,0,1,Pedestrian
6,1261.0,594.0,1287.0,657.0,1468,1,0,1,Pedestrian
6,1261.0,594.0,1287.0,657.0,1469,1,0,1,Pedestrian
6,1261.0,594.0,1287.0,657.0,1470,1,0,1,Pedestrian
6,1261.0,594.0,1287.0,657.0,1471,1,0,1,Pedestrian
6,1261.0,594.0,1287.0,657.0,1472,1,0,1,Pedestrian
6,1261.0,594.0,1287.0,657.0,1473,1,0,1,Pedestrian
6,1261.0,594.0,1287.0,657.0,1474,1,0,1,Pedestrian
6,1261.0,594.0,1287.0,657.0,1475,1,0,1,Pedestrian
6,1261.0,594.0,1287.0,657.0,1476,1,0,1,Pedestrian
6,1261.0,594.0,1287.0,657.0,1477,1,0,1,Pedestrian
6,1261.0,594.0,1287.0,657.0,1478,1,0,1,Pedestrian
6,1261.0,594.0,1287.0,657.0,1479,1,0,1,Pedestrian
6,1261.0,594.0,1287.0,657.0,1480,1,0,1,Pedestrian
6,1261.0,594.0,1287.0,657.0,1481,1,0,1,Pedestrian
6,1261.0,594.0,1287.0,657.0,1482,1,0,1,Pedestrian
6,1261.0,594.0,1287.0,657.0,1483,1,0,1,Pedestrian
6,1261.0,594.0,1287.0,657.0,1484,1,0,1,Pedestrian
6,1261.0,594.0,1287.0,657.0,1485,1,0,1,Pedestrian
6,1261.0,594.0,1287.0,657.0,1486,1,0,1,Pedestrian
6,1261.0,594.0,1287.0,657.0,1487,1,0,1,Pedestrian
6,1261.0,594.0,1287.0,657.0,1488,1,0,1,Pedestrian
6,1261.0,594.0,1287.0,657.0,1489,1,0,1,Pedestrian
6,1261.0,594.0,1287.0,657.0,1490,1,0,1,Pedestrian
6,1261.0,594.0,1287.0,657.0,1491,1,0,1,Pedestrian
6,1261.0,594.0,1287.0,657.0,1492,1,0,1,Pedestrian
6,1261.0,594.0,1287.0,657.0,1493,1,0,1,Pedestrian
6,1261.0,594.0,1287.0,657.0,1494,1,0,1,Pedestrian
6,1261.0,594.0,1287.0,657.0,1495,1,0,1,Pedestrian
6,1261.0,594.0,1287.0,657.0,1496,1,0,1,Pedestrian
6,1261.0,594.0,1287.0,657.0,1497,1,0,1,Pedestrian
6,1261.0,594.0,1287.0,657.0,1498,1,0,1,Pedestrian
6,1261.0,594.0,1287.0,657.0,1499,1,0,1,Pedestrian
6,1261.0,594.0,1287.0,657.0,1500,1,0,1,Pedestrian
6,1261.0,594.0,1287.0,657.0,1501,1,0,1,Pedestrian
6,1261.0,594.0,1287.0,657.0,1502,1,0,1,Pedestrian
6,1261.0,594.0,1287.0,657.0,1503,1,0,1,Pedestrian
6,1261.0,594.0,1287.0,657.0,1504,1,0,1,Pedestrian
6,1261.0,594.0,1287.0,657.0,1505,1,0,1,Pedestrian
6,1261.0,594.0,1287.0,657.0,1506,1,0,1,Pedestrian
6,1261.0,594.0,1287.0,657.0,1507,1,0,1,Pedestrian
6,1261.0,594.0,1287.0,657.0,1508,1,0,1,Pedestrian
6,1261.0,594.0,1287.0,657.0,1509,1,0,1,Pedestrian
6,1261.0,594.0,1287.0,657.0,1510,1,0,1,Pedestrian
6,1261.0,594.0,1287.0,657.0,1511,1,0,1,Pedestrian
6,1261.0,594.0,1287.0,657.0,1512,1,0,1,Pedestrian
6,1261.0,594.0,1287.0,657.0,1513,1,0,1,Pedestrian
6,1261.0,594.0,1287.0,657.0,1514,1,0,1,Pedestrian
6,1261.0,594.0,1287.0,657.0,1515,1,0,1,Pedestrian
6,1261.0,594.0,1287.0,657.0,1516,1,0,1,Pedestrian
6,1261.0,594.0,1287.0,657.0,1517,1,0,1,Pedestrian
6,1261.0,594.0,1287.0,657.0,1518,1,0,1,Pedestrian
6,1261.0,594.0,1287.0,657.0,1519,1,0,1,Pedestrian
6,1261.0,594.0,1287.0,657.0,1520,1,0,1,Pedestrian
6,1261.0,594.0,1287.0,657.0,1521,1,0,1,Pedestrian
6,1261.0,594.0,1287.0,657.0,1522,1,0,1,Pedestrian
6,1261.0,594.0,1287.0,657.0,1523,1,0,1,Pedestrian
6,1261.0,594.0,1287.0,657.0,1524,1,0,1,Pedestrian
6,1261.0,594.0,1287.0,657.0,1525,1,0,1,Pedestrian
6,1261.0,594.0,1287.0,657.0,1526,1,0,1,Pedestrian
6,1261.0,594.0,1287.0,657.0,1527,1,0,1,Pedestrian
6,1261.0,594.0,1287.0,657.0,1528,1,0,1,Pedestrian
6,1261.0,594.0,1287.0,657.0,1529,1,0,1,Pedestrian
6,1261.0,594.0,1287.0,657.0,1530,1,0,1,Pedestrian
6,1261.0,594.0,1287.0,657.0,1531,1,0,0,Pedestrian
7,1298.0,1474.0,1322.0,1541.0,1000,1,0,0,Pedestrian
7,1296.0,1474.0,1322.0,1537.0,1001,1,0,1,Pedestrian
7,1296.0,1474.0,1322.0,1537.0,1002,1,0,1,Pedestrian
7,1296.0,1474.0,1322.0,1537.0,1003,1,0,1,Pedestrian
7,1296.0,1474.0,1322.0,1537.0,1004,1,0,1,Pedestrian
7,1296.0,1474.0,1322.0,1537.0,1005,1,0,1,Pedestrian
7,1296.0,1474.0,1322.0,1537.0,1006,1,0,1,Pedestrian
7,1296.0,1474.0,1322.0,1537.0,1007,1,0,1,Pedestrian
7,1296.0,1474.0,1322.0,1537.0,1008,1,0,1,Pedestrian
7,1296.0,1474.0,1322.0,1537.0,1009,1,0,1,Pedestrian
7,1296.0,1474.0,1322.0,1537.0,1010,1,0,1,Pedestrian
7,1296.0,1474.0,1322.0,1537.0,1011,1,0,1,Pedestrian
7,1296.0,1474.0,1322.0,1537.0,1012,1,0,1,Pedestrian
7,1296.0,1474.0,1322.0,1537.0,1013,1,0,1,Pedestrian
7,1296.0,1474.0,1322.0,1537.0,1014,1,0,1,Pedestrian
7,1296.0,1474.0,1322.0,1537.0,1015,1,0,1,Pedestrian
7,1296.0,1474.0,1322.0,1537.0,1016,1,0,1,Pedestrian
7,1296.0,1474.0,1322.0,1537.0,1017,1,0,1,Pedestrian
7,1296.0,1474.0,1322.0,1537.0,1018,1,0,1,Pedestrian
7,1296.0,1474.0,1322.0,1537.0,1019,1,0,1,Pedestrian
7,1296.0,1474.0,1322.0,1537.0,1020,1,0,1,Pedestrian
7,1296.0,1474.0,1322.0,1537.0,1021,1,0,1,Pedestrian
7,1296.0,1474.0,1322.0,1537.0,1022,1,0,1,Pedestrian
7,1296.0,1474.0,1322.0,1537.0,1023,1,0,1,Pedestrian
7,1296.0,1474.0,1322.0,1537.0,1024,1,0,1,Pedestrian
7,1296.0,1474.0,1322.0,1537.0,1025,1,0,1,Pedestrian
7,1296.0,1474.0,1322.0,1537.0,1026,1,0,1,Pedestrian
7,1296.0,1474.0,1322.0,1537.0,1027,1,0,1,Pedestrian
7,1296.0,1474.0,1322.0,1537.0,1028,1,0,1,Pedestrian
7,1296.0,1474.0,1322.0,1537.0,1029,1,0,1,Pedestrian
7,1296.0,1474.0,1322.0,1537.0,1030,1,0,1,Pedestrian
7,1296.0,1474.0,1322.0,1537.0,1031,1,0,1,Pedestrian
7,1296.0,1474.0,1322.0,1537.0,1032,1,0,1,Pedestrian
7,1296.0,1474.0,1322.0,1537.0,1033,1,0,1,Pedestrian
7,1296.0,1474.0,1322.0,1537.0,1034,1,0,1,Pedestrian
7,1296.0,1474.0,1322.0,1537.0,1035,1,0,1,Pedestrian
7,1296.0,1474.0,1322.0,1537.0,1036,1,0,1,Pedestrian
7,1296.0,1474.0,1322.0,1537.0,1037,1,0,1,Pedestrian
7,1296.0,1474.0,1322.0,1537.0,1038,1,0,1,Pedestrian
7,1296.0,1474.0,1322.0,1537.0,1039,1,0,1,Pedestrian
7,1296.0,1474.0,1322.0,1537.0,1040,1,0,1,Pedestrian
7,1296.0,1474.0,1322.0,1537.0,1041,1,0,1,Pedestrian
7,1296.0,1474.0,1322.0,1537.0,1042,1,0,1,Pedestrian
7,1296.0,1474.0,1322.0,1537.0,1043,1,0,1,Pedestrian
7,1296.0,1474.0,1322.0,1537.0,1044,1,0,1,Pedestrian
7,1296.0,1474.0,1322.0,1537.0,1045,1,0,1,Pedestrian
7,1296.0,1474.0,1322.0,1537.0,1046,1,0,1,Pedestrian
7,1296.0,1474.0,1322.0,1537.0,1047,1,0,1,Pedestrian
7,1296.0,1474.0,1322.0,1537.0,1048,1,0,1,Pedestrian
7,1296.0,1474.0,1322.0,1537.0,1049,1,0,1,Pedestrian
7,1296.0,1474.0,1322.0,1537.0,1050,1,0,1,Pedestrian
7,1296.0,1474.0,1322.0,1537.0,1051,1,0,1,Pedestrian
7,1296.0,1474.0,1322.0,1537.0,1052,1,0,1,Pedestrian
7,1296.0,1474.0,1322.0,1537.0,1053,1,0,1,Pedestrian
7,1296.0,1474.0,1322.0,1537.0,1054,1,0,1,Pedestrian
7,1296.0,1474.0,1322.0,1537.0,1055,1,0,1,Pedestrian
7,1296.0,1474.0,1322.0,1537.0,1056,1,0,1,Pedestrian
7,1296.0,1474.0,1322.0,1537.0,1057,1,0,1,Pedestrian
7,1296.0,1474.0,1322.0,1537.0,1058,1,0,1,Pedestrian
7,1296.0,1474.0,1322.0,1537.0,1059,1,0,1,Pedestrian
7,1296.0,1474.0,1322.0,1537.0,1060,1,0,1,Pedestrian
7,1296.0,1474.0,1322.0,1537.0,1061,1,0,1,Pedestrian
7,1296.0,1474.0,1322.0,1537.0,1062,1,0,1,Pedestrian
7,1296.0,1474.0,1322.0,1537.0,1063,1,0,1,Pedestrian
7,1296.0,1474.0,1322.0,1537.0,1064,1,0,1,Pedestrian
7,1296.0,1474.0,1322.0,1537.0,1065,1,0,1,Pedestrian
7,1296.0,1474.0,1322.0,1537.0,1066,1,0,1,Pedestrian
7,1296.0,1474.0,1322.0,1537.0,1067,1,0,1,Pedestrian
7,1296.0,1474.0,1322.0,1537.0,1068,1,0,1,Pedestrian
7,1296.0,1474.0,1322.0,1537.0,1069,1,0,1,Pedestrian
7,1296.0,1474.0,1322.0,1537.0,1070,1,0,1,Pedestrian
7,1296.0,1474.0,1322.0,1537.0,1071,1,0,1,Pedestrian
7,1296.0,1474.0,1322.0,1537.0,1072,1,0,1,Pedestrian
7,1296.0,1474.0,1322.0,1537.0,1073,1,0,1,Pedestrian
7,1296.0,1474.0,1322.0,1537.0,1074,1,0,1,Pedestrian
7,1296.0,1474.0,1322.0,1537.0,1075,1,0,1,Pedestrian
7,1296.0,1474.0,1322.0,1537.0,1076,1,0,1,Pedestrian
7,1296.0,1474.0,1322.0,1537.0,1077,1,0,1,Pedestrian
7,1296.0,1474.0,1322.0,1537.0,1078,1,0,1,Pedestrian
7,1296.0,1474.0,1322.0,1537.0,1079,1,0,1,Pedestrian
7,1296.0,1474.0,1322.0,1537.0,1080,1,0,1,Pedestrian
7,1296.0,1474.0,1322.0,1537.0,1081,1,0,1,Pedestrian
7,1296.0,1474.0,1322.0,1537.0,1082,1,0,1,Pedestrian
7,1296.0,1474.0,1322.0,1537.0,1083,1,0,1,Pedestrian
7,1296.0,1474.0,1322.0,1537.0,1084,1,0,1,Pedestrian
7,1296.0,1474.0,1322.0,1537.0,1085,1,0,1,Pedestrian
7,1296.0,1474.0,1322.0,1537.0,1086,1,0,1,Pedestrian
7,1296.0,1474.0,1322.0,1537.0,1087,1,0,1,Pedestrian
7,1296.0,1474.0,1322.0,1537.0,1088,1,0,1,Pedestrian
7,1296.0,1474.0,1322.0,1537.0,1089,1,0,1,Pedestrian
7,1296.0,1474.0,1322.0,1537.0,1090,1,0,1,Pedestrian
7,1296.0,1474.0,1322.0,1537.0,1091,1,0,1,Pedestrian
7,1296.0,1474.0,1322.0,1537.0,1092,1,0,1,Pedestrian
7,1296.0,1474.0,1322.0,1537.0,1093,1,0,1,Pedestrian
7,1296.0,1474.0,1322.0,1537.0,1094,1,0,1,Pedestrian
7,1296.0,1474.0,1322.0,1537.0,1095,1,0,1,Pedestrian
7,1296.0,1474.0,1322.0,1537.0,1096,1,0,1,Pedestrian
7,1296.0,1474.0,1322.0,1537.0,1097,1,0,1,Pedestrian
7,1296.0,1474.0,1322.0,1537.0,1098,1,0,1,Pedestrian
7,1296.0,1474.0,1322.0,1537.0,1099,1,0,1,Pedestrian
7,1296.0,1474.0,1322.0,1537.0,1100,1,0,1,Pedestrian
7,1296.0,1474.0,1322.0,1537.0,1101,1,0,1,Pedestrian
7,1296.0,1474.0,1322.0,1537.0,1102,1,0,1,Pedestrian
7,1296.0,1474.0,1322.0,1537.0,1103,1,0,1,Pedestrian
7,1296.0,1474.0,1322.0,1537.0,1104,1,0,1,Pedestrian
7,1296.0,1474.0,1322.0,1537.0,1105,1,0,1,Pedestrian
7,1296.0,1474.0,1322.0,1537.0,1106,1,0,1,Pedestrian
7,1296.0,1474.0,1322.0,1537.0,1107,1,0,1,Pedestrian
7,1296.0,1474.0,1322.0,1537.0,1108,1,0,1,Pedestrian
7,1296.0,1474.0,1322.0,1537.0,1109,1,0,1,Pedestrian
7,1296.0,1474.0,1322.0,1537.0,1110,1,0,1,Pedestrian
7,1296.0,1474.0,1322.0,1537.0,1111,1,0,1,Pedestrian
7,1296.0,1474.0,1322.0,1537.0,1112,1,0,1,Pedestrian
7,1296.0,1474.0,1322.0,1537.0,1113,1,0,1,Pedestrian
7,1296.0,1474.0,1322.0,1537.0,1114,1,0,1,Pedestrian
7,1296.0,1474.0,1322.0,1537.0,1115,1,0,1,Pedestrian
7,1296.0,1474.0,1322.0,1537.0,1116,1,0,1,Pedestrian
7,1296.0,1474.0,1322.0,1537.0,1117,1,0,1,Pedestrian
7,1296.0,1474.0,1322.0,1537.0,1118,1,0,1,Pedestrian
7,1296.0,1474.0,1322.0,1537.0,1119,1,0,1,Pedestrian
7,1296.0,1474.0,1322.0,1537.0,1120,1,0,1,Pedestrian
7,1296.0,1474.0,1322.0,1537.0,1121,1,0,1,Pedestrian
7,1296.0,1474.0,1322.0,1537.0,1122,1,0,1,Pedestrian
7,1296.0,1474.0,1322.0,1537.0,1123,1,0,1,Pedestrian
7,1296.0,1474.0,1322.0,1537.0,1124,1,0,1,Pedestrian
7,1296.0,1474.0,1322.0,1537.0,1125,1,0,1,Pedestrian
7,1296.0,1474.0,1322.0,1537.0,1126,1,0,1,Pedestrian
7,1296.0,1474.0,1322.0,1537.0,1127,1,0,1,Pedestrian
7,1296.0,1474.0,1322.0,1537.0,1128,1,0,1,Pedestrian
7,1296.0,1474.0,1322.0,1537.0,1129,1,0,1,Pedestrian
7,1296.0,1474.0,1322.0,1537.0,1130,1,0,1,Pedestrian
7,1296.0,1474.0,1322.0,1537.0,1131,1,0,1,Pedestrian
7,1296.0,1474.0,1322.0,1537.0,1132,1,0,1,Pedestrian
7,1296.0,1474.0,1322.0,1537.0,1133,1,0,1,Pedestrian
7,1296.0,1474.0,1322.0,1537.0,1134,1,0,1,Pedestrian
7,1296.0,1474.0,1322.0,1537.0,1135,1,0,1,Pedestrian
7,1296.0,1474.0,1322.0,1537.0,1136,1,0,1,Pedestrian
7,1296.0,1474.0,1322.0,1537.0,1137,1,0,1,Pedestrian
7,1296.0,1474.0,1322.0,1537.0,1138,1,0,1,Pedestrian
7,1296.0,1474.0,1322.0,1537.0,1139,1,0,1,Pedestrian
7,1296.0,1474.0,1322.0,1537.0,1140,1,0,1,Pedestrian
7,1296.0,1474.0,1322.0,1537.0,1141,1,0,1,Pedestrian
7,1296.0,1474.0,1322.0,1537.0,1142,1,0,1,Pedestrian
7,1296.0,1474.0,1322.0,1537.0,1143,1,0,1,Pedestrian
7,1296.0,1474.0,1322.0,1537.0,1144,1,0,1,Pedestrian
7,1296.0,1474.0,1322.0,1537.0,1145,1,0,1,Pedestrian
7,1296.0,1474.0,1322.0,1537.0,1146,1,0,1,Pedestrian
7,1296.0,1474.0,1322.0,1537.0,1147,1,0,1,Pedestrian
7,1296.0,1474.0,1322.0,1537.0,1148,1,0,1,Pedestrian
7,1296.0,1474.0,1322.0,1537.0,1149,1,0,1,Pedestrian
7,1296.0,1474.0,1322.0,1537.0,1150,1,0,1,Pedestrian
7,1296.0,1474.0,1322.0,1537.0,1151,1,0,1,Pedestrian
7,1296.0,1474.0,1322.0,1537.0,1152,1,0,1,Pedestrian
7,1296.0,1474.0,1322.0,1537.0,1153,1,0,1,Pedestrian
7,1296.0,1474.0,1322.0,1537.0,1154,1,0,1,Pedestrian
7,1296.0,1474.0,1322.0,1537.0,1155,1,0,1,Pedestrian
7,1296.0,1474.0,1322.0,1537.0,1156,1,0,1,Pedestrian
7,1296.0,1474.0,1322.0,1537.0,1157,1,0,1,Pedestrian
7,1296.0,1474.0,1322.0,1537.0,1158,1,0,1,Pedestrian
7,1296.0,1474.0,1322.0,1537.0,1159,1,0,1,Pedestrian
7,1296.0,1474.0,1322.0,1537.0,1160,1,0,1,Pedestrian
7,1296.0,1474.0,1322.0,1537.0,1161,1,0,1,Pedestrian
7,1296.0,1474.0,1322.0,1537.0,1162,1,0,1,Pedestrian
7,1296.0,1474.0,1322.0,1537.0,1163,1,0,1,Pedestrian
7,1296.0,1474.0,1322.0,1537.0,1164,1,0,1,Pedestrian
7,1296.0,1474.0,1322.0,1537.0,1165,1,0,1,Pedestrian
7,1296.0,1474.0,1322.0,1537.0,1166,1,0,1,Pedestrian
7,1296.0,1474.0,1322.0,1537.0,1167,1,0,1,Pedestrian
7,1296.0,1474.0,1322.0,1537.0,1168,1,0,1,Pedestrian
7,1296.0,1474.0,1322.0,1537.0,1169,1,0,1,Pedestrian
7,1296.0,1474.0,1322.0,1537.0,1170,1,0,1,Pedestrian
7,1296.0,1474.0,1322.0,1537.0,1171,1,0,1,Pedestrian
7,1296.0,1474.0,1322.0,1537.0,1172,1,0,1,Pedestrian
7,1296.0,1474.0,1322.0,1537.0,1173,1,0,1,Pedestrian
7,1296.0,1474.0,1322.0,1537.0,1174,1,0,1,Pedestrian
7,1296.0,1474.0,1322.0,1537.0,1175,1,0,1,Pedestrian
7,1296.0,1474.0,1322.0,1537.0,1176,1,0,1,Pedestrian
7,1296.0,1474.0,1322.0,1537.0,1177,1,0,1,Pedestrian
7,1296.0,1474.0,1322.0,1537.0,1178,1,0,1,Pedestrian
7,1296.0,1474.0,1322.0,1537.0,1179,1,0,1,Pedestrian
7,1296.0,1474.0,1322.0,1537.0,1180,1,0,1,Pedestrian
7,1296.0,1474.0,1322.0,1537.0,1181,1,0,1,Pedestrian
7,1296.0,1474.0,1322.0,1537.0,1182,1,0,1,Pedestrian
7,1296.0,1474.0,1322.0,1537.0,1183,1,0,1,Pedestrian
7,1296.0,1474.0,1322.0,1537.0,1184,1,0,1,Pedestrian
7,1296.0,1474.0,1322.0,1537.0,1185,1,0,1,Pedestrian
7,1296.0,1474.0,1322.0,1537.0,1186,1,0,1,Pedestrian
7,1296.0,1474.0,1322.0,1537.0,1187,1,0,1,Pedestrian
7,1296.0,1474.0,1322.0,1537.0,1188,1,0,1,Pedestrian
7,1296.0,1474.0,1322.0,1537.0,1189,1,0,1,Pedestrian
7,1296.0,1474.0,1322.0,1537.0,1190,1,0,1,Pedestrian
7,1296.0,1474.0,1322.0,1537.0,1191,1,0,1,Pedestrian
7,1296.0,1474.0,1322.0,1537.0,1192,1,0,1,Pedestrian
7,1296.0,1474.0,1322.0,1537.0,1193,1,0,1,Pedestrian
7,1296.0,1474.0,1322.0,1537.0,1194,1,0,1,Pedestrian
7,1296.0,1474.0,1322.0,1537.0,1195,1,0,1,Pedestrian
7,1294.0,1474.0,1322.0,1537.0,1196,1,0,1,Pedestrian
7,1294.0,1474.0,1322.0,1537.0,1197,1,0,1,Pedestrian
7,1294.0,1474.0,1322.0,1537.0,1198,1,0,1,Pedestrian
7,1294.0,1474.0,1322.0,1537.0,1199,1,0,1,Pedestrian
7,1294.0,1474.0,1322.0,1537.0,1200,1,0,1,Pedestrian
7,1294.0,1474.0,1322.0,1537.0,1201,1,0,1,Pedestrian
7,1294.0,1474.0,1322.0,1537.0,1202,1,0,1,Pedestrian
7,1294.0,1474.0,1322.0,1537.0,1203,1,0,1,Pedestrian
7,1294.0,1474.0,1322.0,1537.0,1204,1,0,1,Pedestrian
7,1294.0,1474.0,1322.0,1537.0,1205,1,0,1,Pedestrian
7,1294.0,1474.0,1322.0,1537.0,1206,1,0,1,Pedestrian
7,1294.0,1474.0,1322.0,1537.0,1207,1,0,1,Pedestrian
7,1294.0,1474.0,1322.0,1537.0,1208,1,0,1,Pedestrian
7,1294.0,1474.0,1322.0,1537.0,1209,1,0,1,Pedestrian
7,1294.0,1474.0,1322.0,1537.0,1210,1,0,1,Pedestrian
7,1294.0,1474.0,1322.0,1537.0,1211,1,0,1,Pedestrian
7,1294.0,1474.0,1322.0,1537.0,1212,1,0,1,Pedestrian
7,1294.0,1474.0,1322.0,1537.0,1213,1,0,1,Pedestrian
7,1294.0,1474.0,1322.0,1537.0,1214,1,0,1,Pedestrian
7,1294.0,1474.0,1322.0,1537.0,1215,1,0,1,Pedestrian
7,1294.0,1474.0,1322.0,1537.0,1216,1,0,1,Pedestrian
7,1294.0,1474.0,1322.0,1537.0,1217,1,0,1,Pedestrian
7,1294.0,1474.0,1322.0,1537.0,1218,1,0,1,Pedestrian
7,1294.0,1474.0,1322.0,1537.0,1219,1,0,1,Pedestrian
7,1294.0,1474.0,1322.0,1537.0,1220,1,0,1,Pedestrian
7,1294.0,1474.0,1322.0,1537.0,1221,1,0,1,Pedestrian
7,1294.0,1474.0,1322.0,1537.0,1222,1,0,1,Pedestrian
7,1294.0,1474.0,1322.0,1537.0,1223,1,0,1,Pedestrian
7,1294.0,1474.0,1322.0,1537.0,1224,1,0,1,Pedestrian
7,1294.0,1474.0,1322.0,1537.0,1225,1,0,1,Pedestrian
7,1294.0,1474.0,1322.0,1537.0,1226,1,0,1,Pedestrian
7,1294.0,1474.0,1322.0,1537.0,1227,1,0,1,Pedestrian
7,1294.0,1474.0,1322.0,1537.0,1228,1,0,1,Pedestrian
7,1294.0,1474.0,1322.0,1537.0,1229,1,0,1,Pedestrian
7,1294.0,1474.0,1322.0,1537.0,1230,1,0,1,Pedestrian
7,1294.0,1474.0,1322.0,1537.0,1231,1,0,1,Pedestrian
7,1294.0,1474.0,1322.0,1537.0,1232,1,0,1,Pedestrian
7,1294.0,1474.0,1322.0,1537.0,1233,1,0,1,Pedestrian
7,1294.0,1474.0,1322.0,1537.0,1234,1,0,1,Pedestrian
7,1294.0,1474.0,1322.0,1537.0,1235,1,0,1,Pedestrian
7,1294.0,1474.0,1322.0,1537.0,1236,1,0,1,Pedestrian
7,1294.0,1474.0,1322.0,1537.0,1237,1,0,1,Pedestrian
7,1294.0,1474.0,1322.0,1537.0,1238,1,0,1,Pedestrian
7,1294.0,1474.0,1322.0,1537.0,1239,1,0,1,Pedestrian
7,1294.0,1474.0,1322.0,1537.0,1240,1,0,1,Pedestrian
7,1294.0,1474.0,1322.0,1537.0,1241,1,0,1,Pedestrian
7,1294.0,1474.0,1322.0,1537.0,1242,1,0,1,Pedestrian
7,1294.0,1474.0,1322.0,1537.0,1243,1,0,1,Pedestrian
7,1294.0,1474.0,1322.0,1537.0,1244,1,0,1,Pedestrian
7,1294.0,1474.0,1322.0,1537.0,1245,1,0,1,Pedestrian
7,1294.0,1474.0,1322.0,1537.0,1246,1,0,1,Pedestrian
7,1294.0,1474.0,1322.0,1537.0,1247,1,0,1,Pedestrian
7,1294.0,1474.0,1322.0,1537.0,1248,1,0,1,Pedestrian
7,1294.0,1474.0,1322.0,1537.0,1249,1,0,1,Pedestrian
7,1294.0,1474.0,1322.0,1537.0,1250,1,0,1,Pedestrian
7,1294.0,1474.0,1322.0,1537.0,1251,1,0,1,Pedestrian
7,1294.0,1474.0,1322.0,1537.0,1252,1,0,1,Pedestrian
7,1294.0,1474.0,1322.0,1537.0,1253,1,0,1,Pedestrian
7,1294.0,1474.0,1322.0,1537.0,1254,1,0,1,Pedestrian
7,1294.0,1474.0,1322.0,1537.0,1255,1,0,1,Pedestrian
7,1294.0,1474.0,1322.0,1537.0,1256,1,0,1,Pedestrian
7,1294.0,1474.0,1322.0,1537.0,1257,1,0,1,Pedestrian
7,1294.0,1474.0,1322.0,1537.0,1258,1,0,1,Pedestrian
7,1294.0,1474.0,1322.0,1537.0,1259,1,0,1,Pedestrian
7,1294.0,1474.0,1322.0,1537.0,1260,1,0,1,Pedestrian
7,1294.0,1474.0,1322.0,1537.0,1261,1,0,1,Pedestrian
7,1294.0,1474.0,1322.0,1537.0,1262,1,0,1,Pedestrian
7,1294.0,1474.0,1322.0,1537.0,1263,1,0,1,Pedestrian
7,1294.0,1474.0,1322.0,1537.0,1264,1,0,1,Pedestrian
7,1294.0,1474.0,1322.0,1537.0,1265,1,0,1,Pedestrian
7,1294.0,1474.0,1322.0,1537.0,1266,1,0,1,Pedestrian
7,1294.0,1474.0,1322.0,1537.0,1267,1,0,1,Pedestrian
7,1294.0,1474.0,1322.0,1537.0,1268,1,0,1,Pedestrian
7,1294.0,1474.0,1322.0,1537.0,1269,1,0,1,Pedestrian
7,1294.0,1474.0,1322.0,1537.0,1270,1,0,1,Pedestrian
7,1294.0,1474.0,1322.0,1537.0,1271,1,0,1,Pedestrian
7,1294.0,1474.0,1322.0,1537.0,1272,1,0,1,Pedestrian
7,1294.0,1474.0,1322.0,1537.0,1273,1,0,1,Pedestrian
7,1294.0,1474.0,1322.0,1537.0,1274,1,0,1,Pedestrian
7,1294.0,1474.0,1322.0,1537.0,1275,1,0,1,Pedestrian
7,1294.0,1474.0,1322.0,1537.0,1276,1,0,1,Pedestrian
7,1294.0,1474.0,1322.0,1537.0,1277,1,0,1,Pedestrian
7,1294.0,1474.0,1322.0,1537.0,1278,1,0,1,Pedestrian
7,1294.0,1474.0,1322.0,1537.0,1279,1,0,1,Pedestrian
7,1294.0,1474.0,1322.0,1537.0,1280,1,0,1,Pedestrian
7,1294.0,1474.0,1322.0,1537.0,1281,1,0,1,Pedestrian
7,1294.0,1474.0,1322.0,1537.0,1282,1,0,1,Pedestrian
7,1294.0,1474.0,1322.0,1537.0,1283,1,0,1,Pedestrian
7,1294.0,1474.0,1322.0,1537.0,1284,1,0,1,Pedestrian
7,1294.0,1474.0,1322.0,1537.0,1285,1,0,1,Pedestrian
7,1294.0,1474.0,1322.0,1537.0,1286,1,0,1,Pedestrian
7,1294.0,1474.0,1322.0,1537.0,1287,1,0,1,Pedestrian
7,1294.0,1474.0,1322.0,1537.0,1288,1,0,1,Pedestrian
7,1294.0,1474.0,1322.0,1537.0,1289,1,0,1,Pedestrian
7,1294.0,1474.0,1322.0,1537.0,1290,1,0,1,Pedestrian
7,1294.0,1474.0,1322.0,1537.0,1291,1,0,1,Pedestrian
7,1294.0,1474.0,1322.0,1537.0,1292,1,0,1,Pedestrian
7,1294.0,1474.0,1322.0,1537.0,1293,1,0,1,Pedestrian
7,1294.0,1474.0,1322.0,1537.0,1294,1,0,1,Pedestrian
7,1294.0,1474.0,1322.0,1537.0,1295,1,0,1,Pedestrian
7,1294.0,1474.0,1322.0,1537.0,1296,1,0,1,Pedestrian
7,1294.0,1474.0,1322.0,1537.0,1297,1,0,1,Pedestrian
7,1294.0,1474.0,1322.0,1537.0,1298,1,0,1,Pedestrian
7,1294.0,1474.0,1322.0,1537.0,1299,1,0,1,Pedestrian
7,1294.0,1474.0,1322.0,1537.0,1300,1,0,1,Pedestrian
7,1294.0,1474.0,1322.0,1537.0,1301,1,0,1,Pedestrian
7,1294.0,1474.0,1322.0,1537.0,1302,1,0,1,Pedestrian
7,1294.0,1474.0,1322.0,1537.0,1303,1,0,1,Pedestrian
7,1294.0,1474.0,1322.0,1537.0,1304,1,0,1,Pedestrian
7,1294.0,1474.0,1322.0,1537.0,1305,1,0,1,Pedestrian
7,1294.0,1474.0,1322.0,1537.0,1306,1,0,1,Pedestrian
7,1294.0,1474.0,1322.0,1537.0,1307,1,0,1,Pedestrian
7,1294.0,1474.0,1322.0,1537.0,1308,1,0,1,Pedestrian
7,1294.0,1474.0,1322.0,1537.0,1309,1,0,1,Pedestrian
7,1294.0,1474.0,1322.0,1537.0,1310,1,0,1,Pedestrian
7,1294.0,1474.0,1322.0,1537.0,1311,1,0,1,Pedestrian
7,1294.0,1474.0,1322.0,1537.0,1312,1,0,1,Pedestrian
7,1294.0,1474.0,1322.0,1537.0,1313,1,0,1,Pedestrian
7,1294.0,1474.0,1322.0,1537.0,1314,1,0,1,Pedestrian
7,1294.0,1474.0,1322.0,1537.0,1315,1,0,1,Pedestrian
7,1294.0,1474.0,1322.0,1537.0,1316,1,0,1,Pedestrian
7,1294.0,1474.0,1322.0,1537.0,1317,1,0,1,Pedestrian
7,1294.0,1474.0,1322.0,1537.0,1318,1,0,1,Pedestrian
7,1294.0,1474.0,1322.0,1537.0,1319,1,0,1,Pedestrian
7,1294.0,1474.0,1322.0,1537.0,1320,1,0,1,Pedestrian
7,1294.0,1474.0,1322.0,1537.0,1321,1,0,1,Pedestrian
7,1294.0,1474.0,1322.0,1537.0,1322,1,0,1,Pedestrian
7,1294.0,1474.0,1322.0,1537.0,1323,1,0,1,Pedestrian
7,1294.0,1474.0,1322.0,1537.0,1324,1,0,1,Pedestrian
7,1294.0,1474.0,1322.0,1537.0,1325,1,0,1,Pedestrian
7,1294.0,1474.0,1322.0,1537.0,1326,1,0,1,Pedestrian
7,1294.0,1474.0,1322.0,1537.0,1327,1,0,1,Pedestrian
7,1294.0,1474.0,1322.0,1537.0,1328,1,0,1,Pedestrian
7,1294.0,1474.0,1322.0,1537.0,1329,1,0,1,Pedestrian
7,1294.0,1474.0,1322.0,1537.0,1330,1,0,1,Pedestrian
7,1294.0,1474.0,1322.0,1537.0,1331,1,0,1,Pedestrian
7,1294.0,1474.0,1322.0,1537.0,1332,1,0,1,Pedestrian
7,1294.0,1474.0,1322.0,1537.0,1333,1,0,1,Pedestrian
7,1294.0,1474.0,1322.0,1537.0,1334,1,0,1,Pedestrian
7,1294.0,1474.0,1322.0,1537.0,1335,1,0,1,Pedestrian
7,1294.0,1474.0,1322.0,1537.0,1336,1,0,1,Pedestrian
7,1294.0,1474.0,1322.0,1537.0,1337,1,0,1,Pedestrian
7,1294.0,1474.0,1322.0,1537.0,1338,1,0,1,Pedestrian
7,1294.0,1474.0,1322.0,1537.0,1339,1,0,1,Pedestrian
7,1294.0,1474.0,1322.0,1537.0,1340,1,0,1,Pedestrian
7,1294.0,1474.0,1322.0,1537.0,1341,1,0,1,Pedestrian
7,1294.0,1474.0,1322.0,1537.0,1342,1,0,1,Pedestrian
7,1294.0,1474.0,1322.0,1537.0,1343,1,0,1,Pedestrian
7,1294.0,1474.0,1322.0,1537.0,1344,1,0,1,Pedestrian
7,1294.0,1474.0,1322.0,1537.0,1345,1,0,1,Pedestrian
7,1294.0,1474.0,1322.0,1537.0,1346,1,0,1,Pedestrian
7,1294.0,1474.0,1322.0,1537.0,1347,1,0,1,Pedestrian
7,1294.0,1474.0,1322.0,1537.0,1348,1,0,1,Pedestrian
7,1294.0,1474.0,1322.0,1537.0,1349,1,0,1,Pedestrian
7,1294.0,1474.0,1322.0,1537.0,1350,1,0,1,Pedestrian
7,1294.0,1474.0,1322.0,1537.0,1351,1,0,1,Pedestrian
7,1294.0,1474.0,1322.0,1537.0,1352,1,0,1,Pedestrian
7,1294.0,1474.0,1322.0,1537.0,1353,1,0,1,Pedestrian
7,1294.0,1474.0,1322.0,1537.0,1354,1,0,1,Pedestrian
7,1294.0,1474.0,1322.0,1537.0,1355,1,0,1,Pedestrian
7,1294.0,1474.0,1322.0,1537.0,1356,1,0,1,Pedestrian
7,1294.0,1474.0,1322.0,1537.0,1357,1,0,1,Pedestrian
7,1294.0,1474.0,1322.0,1537.0,1358,1,0,1,Pedestrian
7,1294.0,1474.0,1322.0,1537.0,1359,1,0,1,Pedestrian
7,1294.0,1474.0,1322.0,1537.0,1360,1,0,1,Pedestrian
7,1294.0,1474.0,1322.0,1537.0,1361,1,0,1,Pedestrian
7,1294.0,1474.0,1322.0,1537.0,1362,1,0,1,Pedestrian
7,1294.0,1474.0,1322.0,1537.0,1363,1,0,1,Pedestrian
7,1294.0,1474.0,1322.0,1537.0,1364,1,0,1,Pedestrian
7,1294.0,1474.0,1322.0,1537.0,1365,1,0,1,Pedestrian
7,1294.0,1474.0,1322.0,1537.0,1366,1,0,1,Pedestrian
7,1294.0,1474.0,1322.0,1537.0,1367,1,0,1,Pedestrian
7,1294.0,1474.0,1322.0,1537.0,1368,1,0,1,Pedestrian
7,1294.0,1474.0,1322.0,1537.0,1369,1,0,1,Pedestrian
7,1294.0,1474.0,1322.0,1537.0,1370,1,0,1,Pedestrian
7,1294.0,1474.0,1322.0,1537.0,1371,1,0,1,Pedestrian
7,1294.0,1474.0,1322.0,1537.0,1372,1,0,1,Pedestrian
7,1294.0,1474.0,1322.0,1537.0,1373,1,0,1,Pedestrian
7,1294.0,1474.0,1322.0,1537.0,1374,1,0,1,Pedestrian
7,1294.0,1474.0,1322.0,1537.0,1375,1,0,1,Pedestrian
7,1294.0,1474.0,1322.0,1537.0,1376,1,0,1,Pedestrian
7,1294.0,1474.0,1322.0,1537.0,1377,1,0,1,Pedestrian
7,1294.0,1474.0,1322.0,1537.0,1378,1,0,1,Pedestrian
7,1294.0,1474.0,1322.0,1537.0,1379,1,0,1,Pedestrian
7,1294.0,1474.0,1322.0,1537.0,1380,1,0,1,Pedestrian
7,1294.0,1474.0,1322.0,1537.0,1381,1,0,1,Pedestrian
7,1294.0,1474.0,1322.0,1537.0,1382,1,0,1,Pedestrian
7,1294.0,1474.0,1322.0,1537.0,1383,1,0,1,Pedestrian
7,1294.0,1474.0,1322.0,1537.0,1384,1,0,1,Pedestrian
7,1294.0,1474.0,1322.0,1537.0,1385,1,0,1,Pedestrian
7,1294.0,1474.0,1322.0,1537.0,1386,1,0,1,Pedestrian
7,1294.0,1474.0,1322.0,1537.0,1387,1,0,1,Pedestrian
7,1294.0,1474.0,1322.0,1537.0,1388,1,0,1,Pedestrian
7,1294.0,1474.0,1322.0,1537.0,1389,1,0,1,Pedestrian
7,1294.0,1474.0,1324.0,1537.0,1390,0,0,0,Pedestrian
7,1292.0,1470.0,1322.0,1533.0,1391,0,0,1,Pedestrian
7,1292.0,1470.0,1322.0,1533.0,1392,0,0,1,Pedestrian
7,1291.0,1470.0,1320.0,1533.0,1393,0,0,1,Pedestrian
7,1291.0,1470.0,1320.0,1533.0,1394,0,0,1,Pedestrian
7,1291.0,1470.0,1320.0,1533.0,1395,0,0,1,Pedestrian
7,1289.0,1470.0,1318.0,1533.0,1396,0,0,1,Pedestrian
7,1289.0,1470.0,1318.0,1533.0,1397,0,0,1,Pedestrian
7,1287.0,1470.0,1316.0,1533.0,1398,0,0,1,Pedestrian
7,1287.0,1470.0,1316.0,1533.0,1399,0,0,1,Pedestrian
7,1287.0,1466.0,1316.0,1529.0,1400,0,0,1,Pedestrian
7,1285.0,1466.0,1314.0,1529.0,1401,0,0,1,Pedestrian
7,1285.0,1466.0,1314.0,1529.0,1402,0,0,1,Pedestrian
7,1285.0,1466.0,1314.0,1529.0,1403,0,0,1,Pedestrian
7,1283.0,1466.0,1313.0,1529.0,1404,0,0,1,Pedestrian
7,1283.0,1466.0,1313.0,1529.0,1405,0,0,1,Pedestrian
7,1281.0,1466.0,1311.0,1529.0,1406,0,0,1,Pedestrian
7,1281.0,1466.0,1311.0,1529.0,1407,0,0,1,Pedestrian
7,1281.0,1466.0,1311.0,1529.0,1408,0,0,1,Pedestrian
7,1279.0,1466.0,1309.0,1529.0,1409,0,0,1,Pedestrian
7,1279.0,1462.0,1309.0,1525.0,1410,0,0,1,Pedestrian
7,1279.0,1462.0,1309.0,1525.0,1411,0,0,1,Pedestrian
7,1278.0,1462.0,1307.0,1525.0,1412,0,0,1,Pedestrian
7,1278.0,1462.0,1307.0,1525.0,1413,0,0,1,Pedestrian
7,1276.0,1462.0,1305.0,1525.0,1414,0,0,1,Pedestrian
7,1276.0,1462.0,1305.0,1525.0,1415,0,0,1,Pedestrian
7,1276.0,1462.0,1305.0,1525.0,1416,0,0,1,Pedestrian
7,1274.0,1462.0,1303.0,1525.0,1417,0,0,1,Pedestrian
7,1274.0,1462.0,1303.0,1525.0,1418,0,0,1,Pedestrian
7,1274.0,1462.0,1303.0,1525.0,1419,0,0,1,Pedestrian
7,1272.0,1457.0,1302.0,1520.0,1420,0,0,1,Pedestrian
7,1272.0,1457.0,1302.0,1520.0,1421,0,0,1,Pedestrian
7,1270.0,1457.0,1300.0,1520.0,1422,0,0,1,Pedestrian
7,1270.0,1457.0,1300.0,1520.0,1423,0,0,1,Pedestrian
7,1270.0,1457.0,1300.0,1520.0,1424,0,0,1,Pedestrian
7,1268.0,1457.0,1298.0,1520.0,1425,0,0,1,Pedestrian
7,1268.0,1457.0,1298.0,1520.0,1426,0,0,1,Pedestrian
7,1267.0,1457.0,1296.0,1520.0,1427,0,0,1,Pedestrian
7,1267.0,1457.0,1296.0,1520.0,1428,0,0,1,Pedestrian
7,1267.0,1453.0,1296.0,1516.0,1429,0,0,1,Pedestrian
7,1265.0,1453.0,1294.0,1516.0,1430,0,0,1,Pedestrian
7,1265.0,1453.0,1294.0,1516.0,1431,0,0,1,Pedestrian
7,1265.0,1453.0,1294.0,1516.0,1432,0,0,1,Pedestrian
7,1263.0,1453.0,1292.0,1516.0,1433,0,0,1,Pedestrian
7,1263.0,1453.0,1292.0,1516.0,1434,0,0,1,Pedestrian
7,1261.0,1453.0,1291.0,1516.0,1435,0,0,1,Pedestrian
7,1261.0,1453.0,1291.0,1516.0,1436,0,0,1,Pedestrian
7,1261.0,1453.0,1291.0,1516.0,1437,0,0,1,Pedestrian
7,1259.0,1453.0,1289.0,1516.0,1438,0,0,1,Pedestrian
7,1259.0,1449.0,1289.0,1512.0,1439,0,0,1,Pedestrian
7,1259.0,1449.0,1289.0,1512.0,1440,0,0,1,Pedestrian
7,1257.0,1449.0,1287.0,1512.0,1441,0,0,1,Pedestrian
7,1257.0,1449.0,1287.0,1512.0,1442,0,0,1,Pedestrian
7,1256.0,1449.0,1285.0,1512.0,1443,0,0,1,Pedestrian
7,1256.0,1449.0,1285.0,1512.0,1444,0,0,1,Pedestrian
7,1256.0,1449.0,1285.0,1512.0,1445,0,0,1,Pedestrian
7,1254.0,1449.0,1283.0,1512.0,1446,0,0,1,Pedestrian
7,1254.0,1449.0,1283.0,1512.0,1447,0,0,1,Pedestrian
7,1254.0,1449.0,1283.0,1512.0,1448,0,0,0,Pedestrian
7,1252.0,1445.0,1281.0,1508.0,1449,0,0,1,Pedestrian
7,1250.0,1445.0,1279.0,1508.0,1450,0,0,1,Pedestrian
7,1250.0,1445.0,1279.0,1508.0,1451,0,0,1,Pedestrian
7,1248.0,1445.0,1278.0,1508.0,1452,0,0,1,Pedestrian
7,1248.0,1445.0,1278.0,1508.0,1453,0,0,1,Pedestrian
7,1246.0,1441.0,1276.0,1504.0,1454,0,0,1,Pedestrian
7,1246.0,1441.0,1276.0,1504.0,1455,0,0,1,Pedestrian
7,1244.0,1441.0,1274.0,1504.0,1456,0,0,1,Pedestrian
7,1244.0,1441.0,1274.0,1504.0,1457,0,0,1,Pedestrian
7,1243.0,1441.0,1272.0,1504.0,1458,0,0,1,Pedestrian
7,1243.0,1441.0,1272.0,1504.0,1459,0,0,1,Pedestrian
7,1241.0,1437.0,1270.0,1499.0,1460,0,0,1,Pedestrian
7,1241.0,1437.0,1270.0,1499.0,1461,0,0,1,Pedestrian
7,1239.0,1437.0,1268.0,1499.0,1462,0,0,1,Pedestrian
7,1239.0,1437.0,1268.0,1499.0,1463,0,0,1,Pedestrian
7,1237.0,1437.0,1267.0,1499.0,1464,0,0,1,Pedestrian
7,1237.0,1437.0,1267.0,1499.0,1465,0,0,1,Pedestrian
7,1235.0,1432.0,1265.0,1495.0,1466,0,0,1,Pedestrian
7,1235.0,1432.0,1265.0,1495.0,1467,0,0,1,Pedestrian
7,1233.0,1432.0,1263.0,1495.0,1468,0,0,1,Pedestrian
7,1233.0,1432.0,1263.0,1495.0,1469,0,0,1,Pedestrian
7,1232.0,1432.0,1261.0,1495.0,1470,0,0,1,Pedestrian
7,1232.0,1432.0,1261.0,1495.0,1471,0,0,1,Pedestrian
7,1230.0,1428.0,1259.0,1491.0,1472,0,0,1,Pedestrian
7,1230.0,1428.0,1259.0,1491.0,1473,0,0,1,Pedestrian
7,1228.0,1428.0,1257.0,1491.0,1474,0,0,1,Pedestrian
7,1228.0,1428.0,1257.0,1491.0,1475,0,0,1,Pedestrian
7,1226.0,1428.0,1256.0,1491.0,1476,0,0,1,Pedestrian
7,1226.0,1428.0,1256.0,1491.0,1477,0,0,1,Pedestrian
7,1224.0,1424.0,1254.0,1487.0,1478,0,0,1,Pedestrian
7,1224.0,1424.0,1254.0,1487.0,1479,0,0,1,Pedestrian
7,1222.0,1424.0,1252.0,1487.0,1480,0,0,1,Pedestrian
7,1222.0,1424.0,1252.0,1487.0,1481,0,0,1,Pedestrian
7,1221.0,1424.0,1250.0,1487.0,1482,0,0,1,Pedestrian
7,1221.0,1424.0,1250.0,1487.0,1483,0,0,0,Pedestrian
7,1219.0,1420.0,1248.0,1483.0,1484,0,0,1,Pedestrian
7,1219.0,1420.0,1248.0,1483.0,1485,0,0,1,Pedestrian
7,1217.0,1420.0,1246.0,1483.0,1486,0,0,1,Pedestrian
7,1217.0,1420.0,1246.0,1483.0,1487,0,0,1,Pedestrian
7,1215.0,1416.0,1244.0,1478.0,1488,0,0,1,Pedestrian
7,1215.0,1416.0,1244.0,1478.0,1489,0,0,1,Pedestrian
7,1213.0,1416.0,1243.0,1478.0,1490,0,0,1,Pedestrian
7,1213.0,1416.0,1243.0,1478.0,1491,0,0,1,Pedestrian
7,1211.0,1416.0,1241.0,1478.0,1492,0,0,1,Pedestrian
7,1211.0,1411.0,1241.0,1474.0,1493,0,0,1,Pedestrian
7,1209.0,1411.0,1239.0,1474.0,1494,0,0,1,Pedestrian
7,1209.0,1411.0,1239.0,1474.0,1495,0,0,1,Pedestrian
7,1208.0,1411.0,1237.0,1474.0,1496,0,0,1,Pedestrian
7,1208.0,1411.0,1237.0,1474.0,1497,0,0,1,Pedestrian
7,1206.0,1407.0,1235.0,1470.0,1498,0,0,1,Pedestrian
7,1206.0,1407.0,1235.0,1470.0,1499,0,0,1,Pedestrian
7,1204.0,1407.0,1233.0,1470.0,1500,0,0,1,Pedestrian
7,1204.0,1407.0,1233.0,1470.0,1501,0,0,1,Pedestrian
7,1202.0,1407.0,1232.0,1470.0,1502,0,0,1,Pedestrian
7,1202.0,1403.0,1232.0,1466.0,1503,0,0,1,Pedestrian
7,1200.0,1403.0,1230.0,1466.0,1504,0,0,1,Pedestrian
7,1200.0,1403.0,1230.0,1466.0,1505,0,0,1,Pedestrian
7,1198.0,1403.0,1228.0,1466.0,1506,0,0,1,Pedestrian
7,1198.0,1403.0,1228.0,1466.0,1507,0,0,0,Pedestrian
7,1197.0,1399.0,1226.0,1462.0,1508,0,0,1,Pedestrian
7,1197.0,1399.0,1226.0,1462.0,1509,0,0,1,Pedestrian
7,1195.0,1399.0,1224.0,1462.0,1510,0,0,1,Pedestrian
7,1195.0,1399.0,1224.0,1462.0,1511,0,0,1,Pedestrian
7,1193.0,1399.0,1222.0,1462.0,1512,0,0,1,Pedestrian
7,1193.0,1399.0,1222.0,1462.0,1513,0,0,1,Pedestrian
7,1191.0,1399.0,1221.0,1462.0,1514,0,0,1,Pedestrian
7,1191.0,1399.0,1221.0,1462.0,1515,0,0,1,Pedestrian
7,1189.0,1395.0,1219.0,1457.0,1516,0,0,1,Pedestrian
7,1189.0,1395.0,1219.0,1457.0,1517,0,0,1,Pedestrian
7,1187.0,1395.0,1217.0,1457.0,1518,0,0,1,Pedestrian
7,1187.0,1395.0,1217.0,1457.0,1519,0,0,1,Pedestrian
7,1186.0,1395.0,1215.0,1457.0,1520,0,0,1,Pedestrian
7,1186.0,1395.0,1215.0,1457.0,1521,0,0,1,Pedestrian
7,1184.0,1395.0,1213.0,1457.0,1522,0,0,1,Pedestrian
7,1184.0,1395.0,1213.0,1457.0,1523,0,0,1,Pedestrian
7,1182.0,1390.0,1211.0,1453.0,1524,0,0,1,Pedestrian
7,1182.0,1390.0,1211.0,1453.0,1525,0,0,1,Pedestrian
7,1180.0,1390.0,1209.0,1453.0,1526,0,0,1,Pedestrian
7,1180.0,1390.0,1209.0,1453.0,1527,0,0,1,Pedestrian
7,1178.0,1390.0,1208.0,1453.0,1528,0,0,1,Pedestrian
7,1178.0,1390.0,1208.0,1453.0,1529,0,0,1,Pedestrian
7,1176.0,1390.0,1206.0,1453.0,1530,0,0,1,Pedestrian
7,1176.0,1390.0,1206.0,1453.0,1531,0,0,0,Pedestrian
8,1287.0,1420.0,1318.0,1495.0,1000,1,0,0,Biker
8,1287.0,1420.0,1318.0,1495.0,1001,1,0,1,Biker
8,1287.0,1420.0,1318.0,1495.0,1002,1,0,1,Biker
8,1287.0,1420.0,1318.0,1495.0,1003,1,0,1,Biker
8,1287.0,1420.0,1318.0,1495.0,1004,1,0,1,Biker
8,1287.0,1420.0,1318.0,1495.0,1005,1,0,1,Biker
8,1287.0,1420.0,1318.0,1495.0,1006,1,0,1,Biker
8,1287.0,1420.0,1318.0,1495.0,1007,1,0,1,Biker
8,1287.0,1420.0,1318.0,1495.0,1008,1,0,1,Biker
8,1287.0,1420.0,1318.0,1495.0,1009,1,0,1,Biker
8,1287.0,1420.0,1318.0,1495.0,1010,1,0,1,Biker
8,1287.0,1420.0,1318.0,1495.0,1011,1,0,1,Biker
8,1287.0,1420.0,1318.0,1495.0,1012,1,0,1,Biker
8,1287.0,1420.0,1318.0,1495.0,1013,1,0,1,Biker
8,1287.0,1420.0,1318.0,1495.0,1014,1,0,1,Biker
8,1287.0,1420.0,1318.0,1495.0,1015,1,0,1,Biker
8,1287.0,1420.0,1318.0,1495.0,1016,1,0,1,Biker
8,1287.0,1420.0,1318.0,1495.0,1017,1,0,1,Biker
8,1287.0,1420.0,1318.0,1495.0,1018,1,0,1,Biker
8,1287.0,1420.0,1318.0,1495.0,1019,1,0,1,Biker
8,1287.0,1420.0,1318.0,1495.0,1020,1,0,1,Biker
8,1287.0,1420.0,1318.0,1495.0,1021,1,0,1,Biker
8,1287.0,1420.0,1318.0,1495.0,1022,1,0,1,Biker
8,1287.0,1420.0,1318.0,1495.0,1023,1,0,1,Biker
8,1287.0,1420.0,1318.0,1495.0,1024,1,0,1,Biker
8,1287.0,1420.0,1318.0,1495.0,1025,1,0,1,Biker
8,1287.0,1420.0,1318.0,1495.0,1026,1,0,1,Biker
8,1287.0,1420.0,1318.0,1495.0,1027,1,0,1,Biker
8,1287.0,1420.0,1318.0,1495.0,1028,1,0,1,Biker
8,1287.0,1420.0,1318.0,1495.0,1029,1,0,1,Biker
8,1287.0,1420.0,1318.0,1495.0,1030,1,0,1,Biker
8,1287.0,1420.0,1318.0,1495.0,1031,1,0,1,Biker
8,1287.0,1420.0,1318.0,1495.0,1032,1,0,1,Biker
8,1287.0,1420.0,1318.0,1495.0,1033,1,0,1,Biker
8,1287.0,1420.0,1318.0,1495.0,1034,1,0,1,Biker
8,1287.0,1420.0,1318.0,1495.0,1035,1,0,1,Biker
8,1289.0,1420.0,1320.0,1495.0,1036,1,0,1,Biker
8,1289.0,1420.0,1320.0,1495.0,1037,1,0,1,Biker
8,1289.0,1420.0,1320.0,1495.0,1038,1,0,1,Biker
8,1289.0,1420.0,1320.0,1495.0,1039,1,0,1,Biker
8,1289.0,1420.0,1320.0,1495.0,1040,1,0,1,Biker
8,1289.0,1420.0,1320.0,1495.0,1041,1,0,1,Biker
8,1289.0,1420.0,1320.0,1495.0,1042,1,0,1,Biker
8,1289.0,1420.0,1320.0,1495.0,1043,1,0,1,Biker
8,1289.0,1420.0,1320.0,1495.0,1044,1,0,1,Biker
8,1289.0,1420.0,1320.0,1495.0,1045,1,0,1,Biker
8,1289.0,1420.0,1320.0,1495.0,1046,1,0,1,Biker
8,1289.0,1420.0,1320.0,1495.0,1047,1,0,1,Biker
8,1289.0,1420.0,1320.0,1495.0,1048,1,0,1,Biker
8,1289.0,1420.0,1320.0,1495.0,1049,1,0,1,Biker
8,1289.0,1420.0,1320.0,1495.0,1050,1,0,1,Biker
8,1289.0,1420.0,1320.0,1495.0,1051,1,0,1,Biker
8,1289.0,1420.0,1320.0,1495.0,1052,1,0,1,Biker
8,1289.0,1420.0,1320.0,1495.0,1053,1,0,1,Biker
8,1289.0,1424.0,1320.0,1499.0,1054,1,0,1,Biker
8,1289.0,1424.0,1320.0,1499.0,1055,1,0,1,Biker
8,1289.0,1424.0,1320.0,1499.0,1056,1,0,1,Biker
8,1289.0,1424.0,1320.0,1499.0,1057,1,0,1,Biker
8,1289.0,1424.0,1320.0,1499.0,1058,1,0,1,Biker
8,1289.0,1424.0,1320.0,1499.0,1059,1,0,1,Biker
8,1289.0,1424.0,1320.0,1499.0,1060,1,0,1,Biker
8,1289.0,1424.0,1320.0,1499.0,1061,1,0,1,Biker
8,1289.0,1424.0,1320.0,1499.0,1062,1,0,1,Biker
8,1289.0,1424.0,1320.0,1499.0,1063,1,0,1,Biker
8,1289.0,1424.0,1320.0,1499.0,1064,1,0,1,Biker
8,1289.0,1424.0,1320.0,1499.0,1065,1,0,1,Biker
8,1289.0,1424.0,1320.0,1499.0,1066,1,0,1,Biker
8,1289.0,1424.0,1320.0,1499.0,1067,1,0,1,Biker
8,1289.0,1424.0,1320.0,1499.0,1068,1,0,1,Biker
8,1289.0,1424.0,1320.0,1499.0,1069,1,0,1,Biker
8,1289.0,1424.0,1320.0,1499.0,1070,1,0,1,Biker
8,1289.0,1424.0,1320.0,1499.0,1071,1,0,1,Biker
8,1291.0,1424.0,1322.0,1499.0,1072,1,0,1,Biker
8,1291.0,1424.0,1322.0,1499.0,1073,1,0,1,Biker
8,1291.0,1424.0,1322.0,1499.0,1074,1,0,1,Biker
8,1291.0,1424.0,1322.0,1499.0,1075,1,0,1,Biker
8,1291.0,1424.0,1322.0,1499.0,1076,1,0,1,Biker
8,1291.0,1424.0,1322.0,1499.0,1077,1,0,1,Biker
8,1291.0,1424.0,1322.0,1499.0,1078,1,0,1,Biker
8,1291.0,1424.0,1322.0,1499.0,1079,1,0,1,Biker
8,1291.0,1424.0,1322.0,1499.0,1080,1,0,1,Biker
8,1291.0,1424.0,1322.0,1499.0,1081,1,0,1,Biker
8,1291.0,1424.0,1322.0,1499.0,1082,1,0,1,Biker
8,1291.0,1424.0,1322.0,1499.0,1083,1,0,1,Biker
8,1291.0,1424.0,1322.0,1499.0,1084,1,0,1,Biker
8,1291.0,1424.0,1322.0,1499.0,1085,1,0,1,Biker
8,1291.0,1424.0,1322.0,1499.0,1086,1,0,1,Biker
8,1291.0,1424.0,1322.0,1499.0,1087,1,0,1,Biker
8,1291.0,1424.0,1322.0,1499.0,1088,1,0,1,Biker
8,1291.0,1424.0,1322.0,1499.0,1089,1,0,1,Biker
8,1291.0,1424.0,1322.0,1499.0,1090,1,0,1,Biker
8,1291.0,1424.0,1322.0,1499.0,1091,1,0,1,Biker
8,1291.0,1424.0,1322.0,1499.0,1092,1,0,1,Biker
8,1291.0,1424.0,1322.0,1499.0,1093,1,0,1,Biker
8,1291.0,1424.0,1322.0,1499.0,1094,1,0,1,Biker
8,1291.0,1424.0,1322.0,1499.0,1095,1,0,1,Biker
8,1291.0,1424.0,1322.0,1499.0,1096,1,0,1,Biker
8,1291.0,1424.0,1322.0,1499.0,1097,1,0,1,Biker
8,1291.0,1424.0,1322.0,1499.0,1098,1,0,1,Biker
8,1291.0,1424.0,1322.0,1499.0,1099,1,0,1,Biker
8,1291.0,1424.0,1322.0,1499.0,1100,1,0,1,Biker
8,1291.0,1424.0,1322.0,1499.0,1101,1,0,1,Biker
8,1291.0,1424.0,1322.0,1499.0,1102,1,0,1,Biker
8,1291.0,1424.0,1322.0,1499.0,1103,1,0,1,Biker
8,1291.0,1424.0,1322.0,1499.0,1104,1,0,1,Biker
8,1291.0,1424.0,1322.0,1499.0,1105,1,0,1,Biker
8,1291.0,1424.0,1322.0,1499.0,1106,1,0,1,Biker
8,1291.0,1424.0,1322.0,1499.0,1107,1,0,1,Biker
8,1292.0,1428.0,1324.0,1504.0,1108,0,0,0,Biker
8,1291.0,1424.0,1322.0,1499.0,1109,0,0,1,Biker
8,1289.0,1420.0,1320.0,1495.0,1110,0,0,1,Biker
8,1287.0,1416.0,1318.0,1491.0,1111,0,0,1,Biker
8,1287.0,1411.0,1318.0,1491.0,1112,0,0,1,Biker
8,1285.0,1407.0,1316.0,1487.0,1113,0,0,1,Biker
8,1283.0,1407.0,1314.0,1483.0,1114,0,0,1,Biker
8,1281.0,1403.0,1314.0,1483.0,1115,0,0,1,Biker
8,1281.0,1399.0,1313.0,1478.0,1116,0,0,1,Biker
8,1279.0,1395.0,1311.0,1474.0,1117,0,0,1,Biker
8,1278.0,1390.0,1311.0,1470.0,1118,0,0,1,Biker
8,1276.0,1390.0,1309.0,1470.0,1119,0,0,1,Biker
8,1276.0,1386.0,1307.0,1466.0,1120,0,0,1,Biker
8,1274.0,1382.0,1307.0,1462.0,1121,0,0,1,Biker
8,1272.0,1378.0,1305.0,1462.0,1122,0,0,1,Biker
8,1270.0,1374.0,1303.0,1457.0,1123,0,0,1,Biker
8,1270.0,1374.0,1303.0,1453.0,1124,0,0,1,Biker
8,1268.0,1369.0,1302.0,1449.0,1125,0,0,1,Biker
8,1267.0,1365.0,1300.0,1449.0,1126,0,0,1,Biker
8,1265.0,1361.0,1300.0,1445.0,1127,0,0,1,Biker
8,1265.0,1357.0,1298.0,1441.0,1128,0,0,1,Biker
8,1263.0,1357.0,1296.0,1441.0,1129,0,0,1,Biker
8,1261.0,1353.0,1296.0,1437.0,1130,0,0,1,Biker
8,1259.0,1349.0,1294.0,1432.0,1131,0,0,1,Biker
8,1259.0,1344.0,1292.0,1428.0,1132,0,0,1,Biker
8,1257.0,1340.0,1292.0,1428.0,1133,0,0,1,Biker
8,1256.0,1340.0,1291.0,1424.0,1134,0,0,1,Biker
8,1254.0,1336.0,1289.0,1420.0,1135,0,0,1,Biker
8,1254.0,1332.0,1289.0,1420.0,1136,0,0,1,Biker
8,1252.0,1328.0,1287.0,1416.0,1137,0,0,1,Biker
8,1250.0,1323.0,1285.0,1411.0,1138,0,0,1,Biker
8,1250.0,1323.0,1285.0,1411.0,1139,0,0,0,Biker
8,1250.0,1319.0,1285.0,1407.0,1140,0,0,1,Biker
8,1250.0,1315.0,1285.0,1403.0,1141,0,0,1,Biker
8,1250.0,1311.0,1285.0,1399.0,1142,0,0,1,Biker
8,1252.0,1311.0,1287.0,1399.0,1143,0,0,1,Biker
8,1252.0,1307.0,1287.0,1395.0,1144,0,0,1,Biker
8,1252.0,1302.0,1287.0,1390.0,1145,0,0,1,Biker
8,1252.0,1302.0,1287.0,1390.0,1146,0,0,1,Biker
8,1254.0,1298.0,1289.0,1386.0,1147,0,0,1,Biker
8,1254.0,1294.0,1289.0,1382.0,1148,0,0,1,Biker
8,1254.0,1294.0,1289.0,1382.0,1149,0,0,1,Biker
8,1256.0,1290.0,1291.0,1378.0,1150,0,0,1,Biker
8,1256.0,1286.0,1291.0,1374.0,1151,0,0,1,Biker
8,1256.0,1282.0,1291.0,1369.0,1152,0,0,1,Biker
8,1256.0,1282.0,1291.0,1369.0,1153,0,0,1,Biker
8,1257.0,1277.0,1292.0,1365.0,1154,0,0,1,Biker
8,1257.0,1273.0,1292.0,1361.0,1155,0,0,1,Biker
8,1257.0,1273.0,1292.0,1361.0,1156,0,0,1,Biker
8,1259.0,1269.0,1294.0,1357.0,1157,0,0,1,Biker
8,1259.0,1265.0,1294.0,1353.0,1158,0,0,1,Biker
8,1259.0,1265.0,1294.0,1353.0,1159,0,0,1,Biker
8,1259.0,1261.0,1294.0,1349.0,1160,0,0,1,Biker
8,1261.0,1256.0,1296.0,1344.0,1161,0,0,1,Biker
8,1261.0,1252.0,1296.0,1340.0,1162,0,0,1,Biker
8,1261.0,1252.0,1296.0,1340.0,1163,0,0,1,Biker
8,1263.0,1248.0,1298.0,1336.0,1164,0,0,1,Biker
8,1263.0,1244.0,1298.0,1332.0,1165,0,0,1,Biker
8,1263.0,1244.0,1298.0,1332.0,1166,0,0,1,Biker
8,1263.0,1240.0,1298.0,1328.0,1167,0,0,1,Biker
8,1265.0,1235.0,1300.0,1323.0,1168,0,0,1,Biker
8,1265.0,1235.0,1300.0,1323.0,1169,0,0,1,Biker
8,1265.0,1231.0,1300.0,1319.0,1170,0,0,1,Biker
8,1265.0,1227.0,1300.0,1315.0,1171,0,0,1,Biker
8,1267.0,1223.0,1302.0,1311.0,1172,0,0,1,Biker
8,1267.0,1223.0,1302.0,1311.0,1173,0,0,1,Biker
8,1267.0,1219.0,1302.0,1307.0,1174,0,0,1,Biker
8,1268.0,1214.0,1303.0,1302.0,1175,0,0,1,Biker
8,1268.0,1214.0,1303.0,1302.0,1176,0,0,1,Biker
8,1268.0,1210.0,1303.0,1298.0,1177,0,0,1,Biker
8,1268.0,1206.0,1303.0,1294.0,1178,0,0,1,Biker
8,1270.0,1206.0,1305.0,1294.0,1179,0,0,1,Biker
8,1270.0,1202.0,1305.0,1290.0,1180,0,0,1,Biker
8,1270.0,1198.0,1305.0,1286.0,1181,0,0,1,Biker
8,1272.0,1194.0,1307.0,1282.0,1182,0,0,1,Biker
8,1272.0,1194.0,1307.0,1282.0,1183,0,0,1,Biker
8,1272.0,1189.0,1307.0,1277.0,1184,0,0,1,Biker
8,1272.0,1185.0,1307.0,1273.0,1185,0,0,1,Biker
8,1274.0,1185.0,1309.0,1273.0,1186,0,0,1,Biker
8,1274.0,1181.0,1309.0,1269.0,1187,0,0,1,Biker
8,1274.0,1177.0,1309.0,1265.0,1188,0,0,1,Biker
8,1276.0,1177.0,1311.0,1265.0,1189,0,0,0,Biker
8,1276.0,1173.0,1311.0,1261.0,1190,0,0,1,Biker
8,1276.0,1168.0,1311.0,1256.0,1191,0,0,1,Biker
8,1276.0,1164.0,1311.0,1252.0,1192,0,0,1,Biker
8,1276.0,1160.0,1311.0,1248.0,1193,0,0,1,Biker
8,1278.0,1156.0,1313.0,1244.0,1194,0,0,1,Biker
8,1278.0,1152.0,1313.0,1240.0,1195,0,0,1,Biker
8,1278.0,1147.0,1313.0,1235.0,1196,0,0,1,Biker
8,1278.0,1143.0,1313.0,1231.0,1197,0,0,1,Biker
8,1279.0,1139.0,1313.0,1227.0,1198,0,0,1,Biker
8,1279.0,1135.0,1314.0,1223.0,1199,0,0,1,Biker
8,1279.0,1131.0,1314.0,1219.0,1200,0,0,1,Biker
8,1279.0,1131.0,1314.0,1219.0,1201,0,0,1,Biker
8,1281.0,1126.0,1314.0,1214.0,1202,0,0,1,Biker
8,1281.0,1122.0,1314.0,1210.0,1203,0,0,1,Biker
8,1281.0,1118.0,1316.0,1206.0,1204,0,0,1,Biker
8,1281.0,1114.0,1316.0,1202.0,1205,0,0,1,Biker
8,1283.0,1110.0,1316.0,1198.0,1206,0,0,1,Biker
8,1283.0,1106.0,1316.0,1194.0,1207,0,0,1,Biker
8,1283.0,1101.0,1316.0,1189.0,1208,0,0,1,Biker
8,1283.0,1097.0,1318.0,1185.0,1209,0,0,1,Biker
8,1283.0,1093.0,1318.0,1181.0,1210,0,0,1,Biker
8,1285.0,1089.0,1318.0,1177.0,1211,0,0,1,Biker
8,1285.0,1089.0,1318.0,1177.0,1212,0,0,1,Biker
8,1285.0,1085.0,1318.0,1173.0,1213,0,0,1,Biker
8,1285.0,1080.0,1320.0,1168.0,1214,0,0,1,Biker
8,1287.0,1076.0,1320.0,1164.0,1215,0,0,1,Biker
8,1287.0,1072.0,1320.0,1160.0,1216,0,0,1,Biker
8,1287.0,1068.0,1320.0,1156.0,1217,0,0,1,Biker
8,1287.0,1064.0,1320.0,1152.0,1218,0,0,1,Biker
8,1289.0,1059.0,1322.0,1147.0,1219,0,0,1,Biker
8,1289.0,1055.0,1322.0,1143.0,1220,0,0,1,Biker
8,1289.0,1051.0,1322.0,1139.0,1221,0,0,1,Biker
8,1289.0,1047.0,1322.0,1135.0,1222,0,0,1,Biker
8,1291.0,1047.0,1324.0,1135.0,1223,0,0,0,Biker
8,1291.0,1043.0,1324.0,1131.0,1224,0,0,1,Biker
8,1291.0,1043.0,1324.0,1131.0,1225,0,0,1,Biker
8,1291.0,1043.0,1324.0,1131.0,1226,0,0,1,Biker
8,1291.0,1039.0,1324.0,1126.0,1227,0,0,1,Biker
8,1291.0,1039.0,1324.0,1126.0,1228,0,0,1,Biker
8,1291.0,1039.0,1324.0,1126.0,1229,0,0,1,Biker
8,1291.0,1034.0,1324.0,1122.0,1230,0,0,1,Biker
8,1292.0,1034.0,1324.0,1122.0,1231,0,0,1,Biker
8,1292.0,1034.0,1324.0,1122.0,1232,0,0,1,Biker
8,1292.0,1030.0,1324.0,1118.0,1233,0,0,1,Biker
8,1292.0,1030.0,1324.0,1118.0,1234,0,0,1,Biker
8,1292.0,1030.0,1324.0,1118.0,1235,0,0,1,Biker
8,1292.0,1026.0,1324.0,1114.0,1236,0,0,1,Biker
8,1292.0,1026.0,1324.0,1114.0,1237,0,0,1,Biker
8,1294.0,1026.0,1324.0,1114.0,1238,0,0,0,Biker
8,1294.0,1022.0,1324.0,1110.0,1239,0,0,1,Biker
8,1294.0,1018.0,1324.0,1106.0,1240,0,0,1,Biker
8,1294.0,1018.0,1324.0,1106.0,1241,0,0,1,Biker
8,1294.0,1013.0,1324.0,1101.0,1242,0,0,1,Biker
8,1294.0,1009.0,1324.0,1097.0,1243,0,0,1,Biker
8,1294.0,1009.0,1324.0,1097.0,1244,1,0,0,Biker
8,1294.0,1005.0,1324.0,1093.0,1245,1,0,1,Biker
8,1296.0,1005.0,1324.0,1093.0,1246,1,0,1,Biker
8,1296.0,1001.0,1324.0,1089.0,1247,1,0,1,Biker
8,1298.0,1001.0,1324.0,1089.0,1248,1,0,1,Biker
8,1300.0,1001.0,1324.0,1089.0,1249,1,0,0,Biker
8,1300.0,1001.0,1324.0,1089.0,1250,1,0,1,Biker
8,1300.0,1001.0,1324.0,1089.0,1251,1,0,1,Biker
8,1300.0,1001.0,1324.0,1089.0,1252,1,0,1,Biker
8,1300.0,1001.0,1324.0,1089.0,1253,1,0,1,Biker
8,1300.0,1001.0,1324.0,1089.0,1254,1,0,1,Biker
8,1300.0,1001.0,1324.0,1089.0,1255,1,0,1,Biker
8,1300.0,1001.0,1324.0,1089.0,1256,1,0,1,Biker
8,1300.0,1001.0,1324.0,1089.0,1257,1,0,1,Biker
8,1300.0,1001.0,1324.0,1089.0,1258,1,0,1,Biker
8,1300.0,1001.0,1324.0,1089.0,1259,1,0,1,Biker
8,1300.0,1001.0,1324.0,1089.0,1260,1,0,1,Biker
8,1300.0,1001.0,1324.0,1089.0,1261,1,0,1,Biker
8,1300.0,1001.0,1324.0,1089.0,1262,1,0,1,Biker
8,1300.0,1001.0,1324.0,1089.0,1263,1,0,1,Biker
8,1300.0,1001.0,1324.0,1089.0,1264,1,0,1,Biker
8,1300.0,1001.0,1324.0,1089.0,1265,1,0,1,Biker
8,1300.0,1001.0,1324.0,1089.0,1266,1,0,1,Biker
8,1300.0,1001.0,1324.0,1089.0,1267,1,0,1,Biker
8,1300.0,1001.0,1324.0,1089.0,1268,1,0,1,Biker
8,1300.0,1001.0,1324.0,1089.0,1269,1,0,1,Biker
8,1300.0,1001.0,1324.0,1089.0,1270,1,0,1,Biker
8,1300.0,1001.0,1324.0,1089.0,1271,1,0,1,Biker
8,1300.0,1001.0,1324.0,1089.0,1272,1,0,1,Biker
8,1300.0,1001.0,1324.0,1089.0,1273,1,0,1,Biker
8,1300.0,1001.0,1324.0,1089.0,1274,1,0,1,Biker
8,1300.0,1001.0,1324.0,1089.0,1275,1,0,1,Biker
8,1300.0,1001.0,1324.0,1089.0,1276,1,0,1,Biker
8,1300.0,1001.0,1324.0,1089.0,1277,1,0,1,Biker
8,1300.0,1001.0,1324.0,1089.0,1278,1,0,1,Biker
8,1300.0,1001.0,1324.0,1089.0,1279,1,0,1,Biker
8,1300.0,1001.0,1324.0,1089.0,1280,1,0,1,Biker
8,1300.0,1001.0,1324.0,1089.0,1281,1,0,1,Biker
8,1300.0,1001.0,1324.0,1089.0,1282,1,0,1,Biker
8,1300.0,1001.0,1324.0,1089.0,1283,1,0,1,Biker
8,1300.0,1001.0,1324.0,1089.0,1284,1,0,1,Biker
8,1300.0,1001.0,1324.0,1089.0,1285,1,0,1,Biker
8,1300.0,1001.0,1324.0,1089.0,1286,1,0,1,Biker
8,1300.0,1001.0,1324.0,1089.0,1287,1,0,1,Biker
8,1300.0,1001.0,1324.0,1089.0,1288,1,0,1,Biker
8,1300.0,1001.0,1324.0,1089.0,1289,1,0,1,Biker
8,1300.0,1001.0,1324.0,1089.0,1290,1,0,1,Biker
8,1300.0,1001.0,1324.0,1089.0,1291,1,0,1,Biker
8,1300.0,1001.0,1324.0,1089.0,1292,1,0,1,Biker
8,1300.0,1001.0,1324.0,1089.0,1293,1,0,1,Biker
8,1300.0,1001.0,1324.0,1089.0,1294,1,0,1,Biker
8,1300.0,1001.0,1324.0,1089.0,1295,1,0,1,Biker
8,1300.0,1001.0,1324.0,1089.0,1296,1,0,1,Biker
8,1300.0,1001.0,1324.0,1089.0,1297,1,0,1,Biker
8,1300.0,1001.0,1324.0,1089.0,1298,1,0,1,Biker
8,1300.0,1001.0,1324.0,1089.0,1299,1,0,1,Biker
8,1300.0,1001.0,1324.0,1089.0,1300,1,0,1,Biker
8,1300.0,1001.0,1324.0,1089.0,1301,1,0,1,Biker
8,1300.0,1001.0,1324.0,1089.0,1302,1,0,1,Biker
8,1300.0,1001.0,1324.0,1089.0,1303,1,0,1,Biker
8,1300.0,1001.0,1324.0,1089.0,1304,1,0,1,Biker
8,1300.0,1001.0,1324.0,1089.0,1305,1,0,1,Biker
8,1300.0,1001.0,1324.0,1089.0,1306,1,0,1,Biker
8,1300.0,1001.0,1324.0,1089.0,1307,1,0,1,Biker
8,1300.0,1001.0,1324.0,1089.0,1308,1,0,1,Biker
8,1300.0,1001.0,1324.0,1089.0,1309,1,0,1,Biker
8,1300.0,1001.0,1324.0,1089.0,1310,1,0,1,Biker
8,1300.0,1001.0,1324.0,1089.0,1311,1,0,1,Biker
8,1300.0,1001.0,1324.0,1089.0,1312,1,0,1,Biker
8,1300.0,1001.0,1324.0,1089.0,1313,1,0,1,Biker
8,1300.0,1001.0,1324.0,1089.0,1314,1,0,1,Biker
8,1300.0,1001.0,1324.0,1089.0,1315,1,0,1,Biker
8,1300.0,1001.0,1324.0,1089.0,1316,1,0,1,Biker
8,1300.0,1001.0,1324.0,1089.0,1317,1,0,1,Biker
8,1300.0,1001.0,1324.0,1089.0,1318,1,0,1,Biker
8,1300.0,1001.0,1324.0,1089.0,1319,1,0,1,Biker
8,1300.0,1001.0,1324.0,1089.0,1320,1,0,1,Biker
8,1300.0,1001.0,1324.0,1089.0,1321,1,0,1,Biker
8,1300.0,1001.0,1324.0,1089.0,1322,1,0,1,Biker
8,1300.0,1001.0,1324.0,1089.0,1323,1,0,1,Biker
8,1300.0,1001.0,1324.0,1089.0,1324,1,0,1,Biker
8,1300.0,1001.0,1324.0,1089.0,1325,1,0,1,Biker
8,1300.0,1001.0,1324.0,1089.0,1326,1,0,1,Biker
8,1300.0,1001.0,1324.0,1089.0,1327,1,0,1,Biker
8,1300.0,1001.0,1324.0,1089.0,1328,1,0,1,Biker
8,1300.0,1001.0,1324.0,1089.0,1329,1,0,1,Biker
8,1300.0,1001.0,1324.0,1089.0,1330,1,0,1,Biker
8,1300.0,1001.0,1324.0,1089.0,1331,1,0,1,Biker
8,1300.0,1001.0,1324.0,1089.0,1332,1,0,1,Biker
8,1300.0,1001.0,1324.0,1089.0,1333,1,0,1,Biker
8,1300.0,1001.0,1324.0,1089.0,1334,1,0,1,Biker
8,1300.0,1001.0,1324.0,1089.0,1335,1,0,1,Biker
8,1300.0,1001.0,1324.0,1089.0,1336,1,0,1,Biker
8,1300.0,1001.0,1324.0,1089.0,1337,1,0,1,Biker
8,1300.0,1001.0,1324.0,1089.0,1338,1,0,1,Biker
8,1300.0,1001.0,1324.0,1089.0,1339,1,0,1,Biker
8,1300.0,1001.0,1324.0,1089.0,1340,1,0,1,Biker
8,1300.0,1001.0,1324.0,1089.0,1341,1,0,1,Biker
8,1300.0,1001.0,1324.0,1089.0,1342,1,0,1,Biker
8,1300.0,1001.0,1324.0,1089.0,1343,1,0,1,Biker
8,1300.0,1001.0,1324.0,1089.0,1344,1,0,1,Biker
8,1300.0,1001.0,1324.0,1089.0,1345,1,0,1,Biker
8,1300.0,1001.0,1324.0,1089.0,1346,1,0,1,Biker
8,1300.0,1001.0,1324.0,1089.0,1347,1,0,1,Biker
8,1300.0,1001.0,1324.0,1089.0,1348,1,0,1,Biker
8,1300.0,1001.0,1324.0,1089.0,1349,1,0,1,Biker
8,1300.0,1001.0,1324.0,1089.0,1350,1,0,1,Biker
8,1300.0,1001.0,1324.0,1089.0,1351,1,0,1,Biker
8,1300.0,1001.0,1324.0,1089.0,1352,1,0,1,Biker
8,1300.0,1001.0,1324.0,1089.0,1353,1,0,1,Biker
8,1300.0,1001.0,1324.0,1089.0,1354,1,0,1,Biker
8,1300.0,1001.0,1324.0,1089.0,1355,1,0,1,Biker
8,1300.0,1001.0,1324.0,1089.0,1356,1,0,1,Biker
8,1300.0,1001.0,1324.0,1089.0,1357,1,0,1,Biker
8,1300.0,1001.0,1324.0,1089.0,1358,1,0,1,Biker
8,1300.0,1001.0,1324.0,1089.0,1359,1,0,1,Biker
8,1300.0,1001.0,1324.0,1089.0,1360,1,0,1,Biker
8,1300.0,1001.0,1324.0,1089.0,1361,1,0,1,Biker
8,1300.0,1001.0,1324.0,1089.0,1362,1,0,1,Biker
8,1300.0,1001.0,1324.0,1089.0,1363,1,0,1,Biker
8,1300.0,1001.0,1324.0,1089.0,1364,1,0,1,Biker
8,1300.0,1001.0,1324.0,1089.0,1365,1,0,1,Biker
8,1300.0,1001.0,1324.0,1089.0,1366,1,0,1,Biker
8,1300.0,1001.0,1324.0,1089.0,1367,1,0,1,Biker
8,1300.0,1001.0,1324.0,1089.0,1368,1,0,1,Biker
8,1300.0,1001.0,1324.0,1089.0,1369,1,0,1,Biker
8,1300.0,1001.0,1324.0,1089.0,1370,1,0,1,Biker
8,1300.0,1001.0,1324.0,1089.0,1371,1,0,1,Biker
8,1300.0,1001.0,1324.0,1089.0,1372,1,0,1,Biker
8,1300.0,1001.0,1324.0,1089.0,1373,1,0,1,Biker
8,1300.0,1001.0,1324.0,1089.0,1374,1,0,1,Biker
8,1300.0,1001.0,1324.0,1089.0,1375,1,0,1,Biker
8,1300.0,1001.0,1324.0,1089.0,1376,1,0,1,Biker
8,1300.0,1001.0,1324.0,1089.0,1377,1,0,1,Biker
8,1300.0,1001.0,1324.0,1089.0,1378,1,0,1,Biker
8,1300.0,1001.0,1324.0,1089.0,1379,1,0,1,Biker
8,1300.0,1001.0,1324.0,1089.0,1380,1,0,1,Biker
8,1300.0,1001.0,1324.0,1089.0,1381,1,0,1,Biker
8,1300.0,1001.0,1324.0,1089.0,1382,1,0,1,Biker
8,1300.0,1001.0,1324.0,1089.0,1383,1,0,1,Biker
8,1300.0,1001.0,1324.0,1089.0,1384,1,0,1,Biker
8,1300.0,1001.0,1324.0,1089.0,1385,1,0,1,Biker
8,1300.0,1001.0,1324.0,1089.0,1386,1,0,1,Biker
8,1300.0,1001.0,1324.0,1089.0,1387,1,0,1,Biker
8,1300.0,1001.0,1324.0,1089.0,1388,1,0,1,Biker
8,1300.0,1001.0,1324.0,1089.0,1389,1,0,1,Biker
8,1300.0,1001.0,1324.0,1089.0,1390,1,0,1,Biker
8,1300.0,1001.0,1324.0,1089.0,1391,1,0,1,Biker
8,1300.0,1001.0,1324.0,1089.0,1392,1,0,1,Biker
8,1300.0,1001.0,1324.0,1089.0,1393,1,0,1,Biker
8,1300.0,1001.0,1324.0,1089.0,1394,1,0,1,Biker
8,1300.0,1001.0,1324.0,1089.0,1395,1,0,1,Biker
8,1300.0,1001.0,1324.0,1089.0,1396,1,0,1,Biker
8,1300.0,1001.0,1324.0,1089.0,1397,1,0,1,Biker
8,1300.0,1001.0,1324.0,1089.0,1398,1,0,1,Biker
8,1300.0,1001.0,1324.0,1089.0,1399,1,0,1,Biker
8,1300.0,1001.0,1324.0,1089.0,1400,1,0,1,Biker
8,1300.0,1001.0,1324.0,1089.0,1401,1,0,1,Biker
8,1300.0,1001.0,1324.0,1089.0,1402,1,0,1,Biker
8,1300.0,1001.0,1324.0,1089.0,1403,1,0,1,Biker
8,1300.0,1001.0,1324.0,1089.0,1404,1,0,1,Biker
8,1300.0,1001.0,1324.0,1089.0,1405,1,0,1,Biker
8,1300.0,1001.0,1324.0,1089.0,1406,1,0,1,Biker
8,1300.0,1001.0,1324.0,1089.0,1407,1,0,1,Biker
8,1300.0,1001.0,1324.0,1089.0,1408,1,0,1,Biker
8,1300.0,1001.0,1324.0,1089.0,1409,1,0,1,Biker
8,1300.0,1001.0,1324.0,1089.0,1410,1,0,1,Biker
8,1300.0,1001.0,1324.0,1089.0,1411,1,0,1,Biker
8,1300.0,1001.0,1324.0,1089.0,1412,1,0,1,Biker
8,1300.0,1001.0,1324.0,1089.0,1413,1,0,1,Biker
8,1300.0,1001.0,1324.0,1089.0,1414,1,0,1,Biker
8,1300.0,1001.0,1324.0,1089.0,1415,1,0,1,Biker
8,1300.0,1001.0,1324.0,1089.0,1416,1,0,1,Biker
8,1300.0,1001.0,1324.0,1089.0,1417,1,0,1,Biker
8,1300.0,1001.0,1324.0,1089.0,1418,1,0,1,Biker
8,1300.0,1001.0,1324.0,1089.0,1419,1,0,1,Biker
8,1300.0,1001.0,1324.0,1089.0,1420,1,0,1,Biker
8,1300.0,1001.0,1324.0,1089.0,1421,1,0,1,Biker
8,1300.0,1001.0,1324.0,1089.0,1422,1,0,1,Biker
8,1300.0,1001.0,1324.0,1089.0,1423,1,0,1,Biker
8,1300.0,1001.0,1324.0,1089.0,1424,1,0,1,Biker
8,1300.0,1001.0,1324.0,1089.0,1425,1,0,1,Biker
8,1300.0,1001.0,1324.0,1089.0,1426,1,0,1,Biker
8,1300.0,1001.0,1324.0,1089.0,1427,1,0,1,Biker
8,1300.0,1001.0,1324.0,1089.0,1428,1,0,1,Biker
8,1300.0,1001.0,1324.0,1089.0,1429,1,0,1,Biker
8,1300.0,1001.0,1324.0,1089.0,1430,1,0,1,Biker
8,1300.0,1001.0,1324.0,1089.0,1431,1,0,1,Biker
8,1300.0,1001.0,1324.0,1089.0,1432,1,0,1,Biker
8,1300.0,1001.0,1324.0,1089.0,1433,1,0,1,Biker
8,1300.0,1001.0,1324.0,1089.0,1434,1,0,1,Biker
8,1300.0,1001.0,1324.0,1089.0,1435,1,0,1,Biker
8,1300.0,1001.0,1324.0,1089.0,1436,1,0,1,Biker
8,1300.0,1001.0,1324.0,1089.0,1437,1,0,1,Biker
8,1300.0,1001.0,1324.0,1089.0,1438,1,0,1,Biker
8,1300.0,1001.0,1324.0,1089.0,1439,1,0,1,Biker
8,1300.0,1001.0,1324.0,1089.0,1440,1,0,1,Biker
8,1300.0,1001.0,1324.0,1089.0,1441,1,0,1,Biker
8,1300.0,1001.0,1324.0,1089.0,1442,1,0,1,Biker
8,1300.0,1001.0,1324.0,1089.0,1443,1,0,1,Biker
8,1300.0,1001.0,1324.0,1089.0,1444,1,0,1,Biker
8,1300.0,1001.0,1324.0,1089.0,1445,1,0,1,Biker
8,1300.0,1001.0,1324.0,1089.0,1446,1,0,1,Biker
8,1300.0,1001.0,1324.0,1089.0,1447,1,0,1,Biker
8,1300.0,1001.0,1324.0,1089.0,1448,1,0,1,Biker
8,1300.0,1001.0,1324.0,1089.0,1449,1,0,1,Biker
8,1300.0,1001.0,1324.0,1089.0,1450,1,0,1,Biker
8,1300.0,1001.0,1324.0,1089.0,1451,1,0,1,Biker
8,1300.0,1001.0,1324.0,1089.0,1452,1,0,1,Biker
8,1300.0,1001.0,1324.0,1089.0,1453,1,0,1,Biker
8,1300.0,1001.0,1324.0,1089.0,1454,1,0,1,Biker
8,1300.0,1001.0,1324.0,1089.0,1455,1,0,1,Biker
8,1300.0,1001.0,1324.0,1089.0,1456,1,0,1,Biker
8,1300.0,1001.0,1324.0,1089.0,1457,1,0,1,Biker
8,1300.0,1001.0,1324.0,1089.0,1458,1,0,1,Biker
8,1300.0,1001.0,1324.0,1089.0,1459,1,0,1,Biker
8,1300.0,1001.0,1324.0,1089.0,1460,1,0,1,Biker
8,1300.0,1001.0,1324.0,1089.0,1461,1,0,1,Biker
8,1300.0,1001.0,1324.0,1089.0,1462,1,0,1,Biker
8,1300.0,1001.0,1324.0,1089.0,1463,1,0,1,Biker
8,1300.0,1001.0,1324.0,1089.0,1464,1,0,1,Biker
8,1300.0,1001.0,1324.0,1089.0,1465,1,0,1,Biker
8,1300.0,1001.0,1324.0,1089.0,1466,1,0,1,Biker
8,1300.0,1001.0,1324.0,1089.0,1467,1,0,1,Biker
8,1300.0,1001.0,1324.0,1089.0,1468,1,0,1,Biker
8,1300.0,1001.0,1324.0,1089.0,1469,1,0,1,Biker
8,1300.0,1001.0,1324.0,1089.0,1470,1,0,1,Biker
8,1300.0,1001.0,1324.0,1089.0,1471,1,0,1,Biker
8,1300.0,1001.0,1324.0,1089.0,1472,1,0,1,Biker
8,1300.0,1001.0,1324.0,1089.0,1473,1,0,1,Biker
8,1300.0,1001.0,1324.0,1089.0,1474,1,0,1,Biker
8,1300.0,1001.0,1324.0,1089.0,1475,1,0,1,Biker
8,1300.0,1001.0,1324.0,1089.0,1476,1,0,1,Biker
8,1300.0,1001.0,1324.0,1089.0,1477,1,0,1,Biker
8,1300.0,1001.0,1324.0,1089.0,1478,1,0,1,Biker
8,1300.0,1001.0,1324.0,1089.0,1479,1,0,1,Biker
8,1300.0,1001.0,1324.0,1089.0,1480,1,0,1,Biker
8,1300.0,1001.0,1324.0,1089.0,1481,1,0,1,Biker
8,1300.0,1001.0,1324.0,1089.0,1482,1,0,1,Biker
8,1300.0,1001.0,1324.0,1089.0,1483,1,0,1,Biker
8,1300.0,1001.0,1324.0,1089.0,1484,1,0,1,Biker
8,1300.0,1001.0,1324.0,1089.0,1485,1,0,1,Biker
8,1300.0,1001.0,1324.0,1089.0,1486,1,0,1,Biker
8,1300.0,1001.0,1324.0,1089.0,1487,1,0,1,Biker
8,1300.0,1001.0,1324.0,1089.0,1488,1,0,1,Biker
8,1300.0,1001.0,1324.0,1089.0,1489,1,0,1,Biker
8,1300.0,1001.0,1324.0,1089.0,1490,1,0,1,Biker
8,1300.0,1001.0,1324.0,1089.0,1491,1,0,1,Biker
8,1300.0,1001.0,1324.0,1089.0,1492,1,0,1,Biker
8,1300.0,1001.0,1324.0,1089.0,1493,1,0,1,Biker
8,1300.0,1001.0,1324.0,1089.0,1494,1,0,1,Biker
8,1300.0,1001.0,1324.0,1089.0,1495,1,0,1,Biker
8,1300.0,1001.0,1324.0,1089.0,1496,1,0,1,Biker
8,1300.0,1001.0,1324.0,1089.0,1497,1,0,1,Biker
8,1300.0,1001.0,1324.0,1089.0,1498,1,0,1,Biker
8,1300.0,1001.0,1324.0,1089.0,1499,1,0,1,Biker
8,1300.0,1001.0,1324.0,1089.0,1500,1,0,1,Biker
8,1300.0,1001.0,1324.0,1089.0,1501,1,0,1,Biker
8,1300.0,1001.0,1324.0,1089.0,1502,1,0,1,Biker
8,1300.0,1001.0,1324.0,1089.0,1503,1,0,1,Biker
8,1300.0,1001.0,1324.0,1089.0,1504,1,0,1,Biker
8,1300.0,1001.0,1324.0,1089.0,1505,1,0,1,Biker
8,1300.0,1001.0,1324.0,1089.0,1506,1,0,1,Biker
8,1300.0,1001.0,1324.0,1089.0,1507,1,0,1,Biker
8,1300.0,1001.0,1324.0,1089.0,1508,1,0,1,Biker
8,1300.0,1001.0,1324.0,1089.0,1509,1,0,1,Biker
8,1300.0,1001.0,1324.0,1089.0,1510,1,0,1,Biker
8,1300.0,1001.0,1324.0,1089.0,1511,1,0,1,Biker
8,1300.0,1001.0,1324.0,1089.0,1512,1,0,1,Biker
8,1300.0,1001.0,1324.0,1089.0,1513,1,0,1,Biker
8,1300.0,1001.0,1324.0,1089.0,1514,1,0,1,Biker
8,1300.0,1001.0,1324.0,1089.0,1515,1,0,1,Biker
8,1300.0,1001.0,1324.0,1089.0,1516,1,0,1,Biker
8,1300.0,1001.0,1324.0,1089.0,1517,1,0,1,Biker
8,1300.0,1001.0,1324.0,1089.0,1518,1,0,1,Biker
8,1300.0,1001.0,1324.0,1089.0,1519,1,0,1,Biker
8,1300.0,1001.0,1324.0,1089.0,1520,1,0,1,Biker
8,1300.0,1001.0,1324.0,1089.0,1521,1,0,1,Biker
8,1300.0,1001.0,1324.0,1089.0,1522,1,0,1,Biker
8,1300.0,1001.0,1324.0,1089.0,1523,1,0,1,Biker
8,1300.0,1001.0,1324.0,1089.0,1524,1,0,1,Biker
8,1300.0,1001.0,1324.0,1089.0,1525,1,0,1,Biker
8,1300.0,1001.0,1324.0,1089.0,1526,1,0,1,Biker
8,1300.0,1001.0,1324.0,1089.0,1527,1,0,1,Biker
8,1300.0,1001.0,1324.0,1089.0,1528,1,0,1,Biker
8,1300.0,1001.0,1324.0,1089.0,1529,1,0,1,Biker
8,1300.0,1001.0,1324.0,1089.0,1530,1,0,1,Biker
8,1300.0,1001.0,1324.0,1089.0,1531,1,0,0,Biker
9,589.0,1164.0,679.0,1319.0,2000,0,0,0,Pedestrian
9,593.0,1164.0,683.0,1319.0,2001,0,0,1,Pedestrian
9,598.0,1164.0,688.0,1319.0,2002,0,0,1,Pedestrian
9,604.0,1164.0,694.0,1319.0,2003,0,0,1,Pedestrian
9,609.0,1164.0,699.0,1319.0,2004,0,0,1,Pedestrian
9,615.0,1164.0,705.0,1319.0,2005,0,0,1,Pedestrian
9,620.0,1168.0,710.0,1323.0,2006,0,0,1,Pedestrian
9,626.0,1168.0,716.0,1323.0,2007,0,0,1,Pedestrian
9,631.0,1168.0,721.0,1323.0,2008,0,0,1,Pedestrian
9,637.0,1168.0,727.0,1323.0,2009,0,0,1,Pedestrian
9,642.0,1168.0,732.0,1323.0,2010,0,0,1,Pedestrian
9,648.0,1173.0,738.0,1328.0,2011,0,0,1,Pedestrian
9,653.0,1173.0,744.0,1328.0,2012,0,0,1,Pedestrian
9,659.0,1173.0,749.0,1328.0,2013,0,0,1,Pedestrian
9,664.0,1173.0,755.0,1328.0,2014,0,0,1,Pedestrian
9,670.0,1173.0,760.0,1328.0,2015,0,0,1,Pedestrian
9,675.0,1173.0,766.0,1328.0,2016,0,0,1,Pedestrian
9,679.0,1177.0,771.0,1332.0,2017,0,0,1,Pedestrian
9,685.0,1177.0,777.0,1332.0,2018,0,0,1,Pedestrian
9,690.0,1177.0,782.0,1332.0,2019,0,0,1,Pedestrian
9,696.0,1177.0,788.0,1332.0,2020,0,0,1,Pedestrian
9,701.0,1177.0,791.0,1332.0,2021,0,0,1,Pedestrian
9,707.0,1181.0,797.0,1336.0,2022,0,0,1,Pedestrian
9,712.0,1181.0,802.0,1336.0,2023,0,0,1,Pedestrian
9,718.0,1181.0,808.0,1336.0,2024,0,0,1,Pedestrian
9,723.0,1181.0,814.0,1336.0,2025,0,0,1,Pedestrian
9,729.0,1181.0,819.0,1336.0,2026,0,0,1,Pedestrian
9,734.0,1185.0,825.0,1340.0,2027,0,0,1,Pedestrian
9,740.0,1185.0,830.0,1340.0,2028,0,0,1,Pedestrian
9,745.0,1185.0,836.0,1340.0,2029,0,0,1,Pedestrian
9,751.0,1185.0,841.0,1340.0,2030,0,0,1,Pedestrian
9,756.0,1185.0,847.0,1340.0,2031,0,0,1,Pedestrian
9,762.0,1185.0,852.0,1340.0,2032,0,0,1,Pedestrian
9,766.0,1189.0,858.0,1344.0,2033,0,0,1,Pedestrian
9,771.0,1189.0,863.0,1344.0,2034,0,0,1,Pedestrian
9,777.0,1189.0,869.0,1344.0,2035,0,0,1,Pedestrian
9,782.0,1189.0,874.0,1344.0,2036,0,0,1,Pedestrian
9,788.0,1189.0,880.0,1344.0,2037,0,0,1,Pedestrian
9,793.0,1194.0,885.0,1349.0,2038,0,0,1,Pedestrian
9,799.0,1194.0,891.0,1349.0,2039,0,0,1,Pedestrian
9,804.0,1194.0,896.0,1349.0,2040,0,0,1,Pedestrian
9,810.0,1194.0,900.0,1349.0,2041,0,0,1,Pedestrian
9,815.0,1194.0,906.0,1349.0,2042,0,0,1,Pedestrian
9,821.0,1194.0,911.0,1349.0,2043,0,0,1,Pedestrian
9,826.0,1198.0,917.0,1353.0,2044,0,0,1,Pedestrian
9,832.0,1198.0,922.0,1353.0,2045,0,0,1,Pedestrian
9,837.0,1198.0,928.0,1353.0,2046,0,0,1,Pedestrian
9,843.0,1198.0,933.0,1353.0,2047,0,0,1,Pedestrian
9,849.0,1198.0,939.0,1353.0,2048,0,0,1,Pedestrian
9,852.0,1202.0,944.0,1357.0,2049,0,0,1,Pedestrian
9,858.0,1202.0,950.0,1357.0,2050,0,0,1,Pedestrian
9,863.0,1202.0,955.0,1357.0,2051,0,0,1,Pedestrian
9,869.0,1202.0,961.0,1357.0,2052,0,0,1,Pedestrian
9,874.0,1202.0,966.0,1357.0,2053,0,0,1,Pedestrian
9,880.0,1206.0,972.0,1361.0,2054,0,0,1,Pedestrian
9,885.0,1206.0,977.0,1361.0,2055,0,0,1,Pedestrian
9,891.0,1206.0,983.0,1361.0,2056,0,0,1,Pedestrian
9,896.0,1206.0,988.0,1361.0,2057,0,0,1,Pedestrian
9,902.0,1206.0,994.0,1361.0,2058,0,0,1,Pedestrian
9,907.0,1206.0,1000.0,1361.0,2059,0,0,1,Pedestrian
9,913.0,1210.0,1005.0,1365.0,2060,0,0,1,Pedestrian
9,918.0,1210.0,1009.0,1365.0,2061,0,0,1,Pedestrian
9,924.0,1210.0,1014.0,1365.0,2062,0,0,1,Pedestrian
9,930.0,1210.0,1020.0,1365.0,2063,0,0,1,Pedestrian
9,935.0,1210.0,1025.0,1365.0,2064,0,0,1,Pedestrian
9,939.0,1214.0,1031.0,1369.0,2065,0,0,1,Pedestrian
9,944.0,1214.0,1036.0,1369.0,2066,0,0,1,Pedestrian
9,950.0,1214.0,1042.0,1369.0,2067,0,0,1,Pedestrian
9,955.0,1214.0,1047.0,1369.0,2068,0,0,1,Pedestrian
9,961.0,1214.0,1053.0,1369.0,2069,0,0,1,Pedestrian
9,966.0,1214.0,1058.0,1369.0,2070,0,0,1,Pedestrian
9,972.0,1219.0,1064.0,1374.0,2071,0,0,1,Pedestrian
9,977.0,1219.0,1070.0,1374.0,2072,0,0,1,Pedestrian
9,983.0,1219.0,1075.0,1374.0,2073,0,0,1,Pedestrian
9,988.0,1219.0,1081.0,1374.0,2074,0,0,1,Pedestrian
9,994.0,1219.0,1086.0,1374.0,2075,0,0,1,Pedestrian
9,1000.0,1223.0,1092.0,1378.0,2076,0,0,1,Pedestrian
9,1005.0,1223.0,1097.0,1378.0,2077,0,0,1,Pedestrian
9,1011.0,1223.0,1103.0,1378.0,2078,0,0,1,Pedestrian
9,1016.0,1223.0,1108.0,1378.0,2079,0,0,1,Pedestrian
9,1022.0,1223.0,1114.0,1378.0,2080,0,0,1,Pedestrian
9,1027.0,1227.0,1119.0,1382.0,2081,0,0,0,Pedestrian
10,160.0,959.0,162.0,984.0,2000,1,0,0,Pedestrian
10,195.0,963.0,198.0,988.0,2001,1,0,1,Pedestrian
10,230.0,967.0,235.0,992.0,2002,1,0,1,Pedestrian
10,265.0,971.0,272.0,1001.0,2003,1,0,1,Pedestrian
10,300.0,976.0,309.0,1005.0,2004,1,0,1,Pedestrian
10,335.0,980.0,348.0,1013.0,2005,1,0,1,Pedestrian
10,370.0,984.0,384.0,1018.0,2006,1,0,1,Pedestrian
10,405.0,992.0,421.0,1026.0,2007,1,0,1,Pedestrian
10,440.0,997.0,458.0,1030.0,2008,1,0,1,Pedestrian
10,475.0,1001.0,497.0,1034.0,2009,1,0,1,Pedestrian
10,510.0,1005.0,534.0,1043.0,2010,1,0,1,Pedestrian
10,545.0,1009.0,570.0,1047.0,2011,1,0,1,Pedestrian
10,580.0,1013.0,607.0,1055.0,2012,1,0,1,Pedestrian
10,615.0,1018.0,646.0,1059.0,2013,1,0,1,Pedestrian
10,650.0,1026.0,683.0,1068.0,2014,1,0,1,Pedestrian
10,685.0,1030.0,720.0,1072.0,2015,1,0,1,Pedestrian
10,720.0,1034.0,756.0,1076.0,2016,1,0,1,Pedestrian
10,755.0,1039.0,795.0,1085.0,2017,1,0,1,Pedestrian
10,790.0,1043.0,832.0,1089.0,2018,1,0,1,Pedestrian
10,825.0,1047.0,869.0,1097.0,2019,1,0,1,Pedestrian
10,860.0,1051.0,906.0,1101.0,2020,1,0,1,Pedestrian
10,895.0,1059.0,944.0,1110.0,2021,0,0,0,Pedestrian
10,895.0,1059.0,944.0,1110.0,2022,0,0,1,Pedestrian
10,895.0,1059.0,944.0,1110.0,2023,0,0,1,Pedestrian
10,895.0,1059.0,946.0,1110.0,2024,0,0,1,Pedestrian
10,896.0,1059.0,946.0,1110.0,2025,0,0,1,Pedestrian
10,896.0,1059.0,948.0,1110.0,2026,0,0,1,Pedestrian
10,896.0,1059.0,948.0,1110.0,2027,0,0,1,Pedestrian
10,896.0,1059.0,950.0,1110.0,2028,0,0,1,Pedestrian
10,898.0,1059.0,950.0,1110.0,2029,0,0,1,Pedestrian
10,898.0,1059.0,952.0,1110.0,2030,0,0,1,Pedestrian
10,898.0,1064.0,952.0,1114.0,2031,0,0,1,Pedestrian
10,898.0,1064.0,952.0,1114.0,2032,0,0,1,Pedestrian
10,900.0,1064.0,953.0,1114.0,2033,0,0,1,Pedestrian
10,900.0,1064.0,953.0,1114.0,2034,0,0,1,Pedestrian
10,900.0,1064.0,955.0,1114.0,2035,0,0,1,Pedestrian
10,900.0,1064.0,955.0,1114.0,2036,0,0,1,Pedestrian
10,902.0,1064.0,957.0,1114.0,2037,0,0,1,Pedestrian
10,902.0,1064.0,957.0,1114.0,2038,0,0,1,Pedestrian
10,902.0,1064.0,959.0,1114.0,2039,0,0,1,Pedestrian
10,902.0,1064.0,959.0,1114.0,2040,0,0,1,Pedestrian
10,904.0,1068.0,961.0,1118.0,2041,0,0,0,Pedestrian
10,904.0,1064.0,961.0,1118.0,2042,0,0,1,Pedestrian
10,904.0,1064.0,961.0,1118.0,2043,0,0,1,Pedestrian
10,904.0,1064.0,961.0,1118.0,2044,0,0,1,Pedestrian
10,904.0,1064.0,963.0,1118.0,2045,0,0,1,Pedestrian
10,904.0,1064.0,963.0,1122.0,2046,0,0,1,Pedestrian
10,904.0,1064.0,963.0,1122.0,2047,0,0,1,Pedestrian
10,904.0,1059.0,963.0,1122.0,2048,0,0,1,Pedestrian
10,904.0,1059.0,965.0,1122.0,2049,0,0,1,Pedestrian
10,904.0,1059.0,965.0,1122.0,2050,0,0,1,Pedestrian
10,904.0,1059.0,965.0,1126.0,2051,0,0,1,Pedestrian
10,904.0,1059.0,965.0,1126.0,2052,0,0,1,Pedestrian
10,904.0,1059.0,966.0,1126.0,2053,0,0,1,Pedestrian
10,904.0,1059.0,966.0,1126.0,2054,0,0,1,Pedestrian
10,904.0,1055.0,966.0,1126.0,2055,0,0,1,Pedestrian
10,904.0,1055.0,966.0,1131.0,2056,0,0,1,Pedestrian
10,904.0,1055.0,968.0,1131.0,2057,0,0,1,Pedestrian
10,904.0,1055.0,968.0,1131.0,2058,0,0,1,Pedestrian
10,904.0,1055.0,968.0,1131.0,2059,0,0,1,Pedestrian
10,904.0,1055.0,968.0,1131.0,2060,0,0,1,Pedestrian
10,906.0,1055.0,970.0,1135.0,2061,0,0,0,Pedestrian
10,906.0,1051.0,968.0,1131.0,2062,0,0,1,Pedestrian
10,906.0,1051.0,968.0,1131.0,2063,0,0,1,Pedestrian
10,906.0,1051.0,968.0,1131.0,2064,0,0,1,Pedestrian
10,907.0,1051.0,968.0,1131.0,2065,0,0,1,Pedestrian
10,907.0,1051.0,968.0,1131.0,2066,0,0,1,Pedestrian
10,907.0,1047.0,968.0,1131.0,2067,0,0,1,Pedestrian
10,909.0,1047.0,968.0,1131.0,2068,0,0,1,Pedestrian
10,909.0,1047.0,968.0,1131.0,2069,0,0,1,Pedestrian
10,909.0,1047.0,968.0,1131.0,2070,0,0,1,Pedestrian
10,911.0,1047.0,968.0,1131.0,2071,0,0,0,Pedestrian
10,907.0,1047.0,966.0,1131.0,2072,0,0,1,Pedestrian
10,906.0,1051.0,966.0,1131.0,2073,0,0,1,Pedestrian
10,904.0,1051.0,966.0,1131.0,2074,0,0,1,Pedestrian
10,902.0,1055.0,966.0,1135.0,2075,0,0,1,Pedestrian
10,900.0,1055.0,966.0,1135.0,2076,0,0,1,Pedestrian
10,896.0,1059.0,965.0,1135.0,2077,0,0,1,Pedestrian
10,895.0,1059.0,965.0,1139.0,2078,0,0,1,Pedestrian
10,893.0,1064.0,965.0,1139.0,2079,0,0,1,Pedestrian
10,891.0,1064.0,965.0,1139.0,2080,0,0,1,Pedestrian
10,889.0,1068.0,965.0,1143.0,2081,0,0,0,Pedestrian
11,38.0,1210.0,97.0,1315.0,1500,1,0,0,Biker
11,36.0,1210.0,95.0,1315.0,1501,1,0,1,Biker
11,36.0,1210.0,95.0,1315.0,1502,1,0,1,Biker
11,36.0,1210.0,95.0,1315.0,1503,1,0,1,Biker
11,36.0,1210.0,95.0,1315.0,1504,1,0,1,Biker
11,36.0,1210.0,95.0,1315.0,1505,1,0,1,Biker
11,36.0,1210.0,95.0,1315.0,1506,1,0,1,Biker
11,36.0,1210.0,95.0,1315.0,1507,1,0,1,Biker
11,36.0,1210.0,95.0,1315.0,1508,1,0,1,Biker
11,36.0,1210.0,95.0,1315.0,1509,1,0,1,Biker
11,36.0,1210.0,95.0,1315.0,1510,1,0,1,Biker
11,36.0,1210.0,95.0,1315.0,1511,1,0,1,Biker
11,36.0,1210.0,95.0,1315.0,1512,1,0,1,Biker
11,36.0,1210.0,95.0,1315.0,1513,1,0,1,Biker
11,36.0,1210.0,95.0,1315.0,1514,1,0,1,Biker
11,36.0,1210.0,95.0,1315.0,1515,1,0,1,Biker
11,36.0,1210.0,95.0,1315.0,1516,1,0,1,Biker
11,36.0,1210.0,95.0,1315.0,1517,1,0,1,Biker
11,36.0,1210.0,95.0,1315.0,1518,1,0,1,Biker
11,36.0,1210.0,95.0,1315.0,1519,1,0,1,Biker
11,36.0,1210.0,95.0,1315.0,1520,1,0,1,Biker
11,36.0,1210.0,93.0,1315.0,1521,1,0,1,Biker
11,36.0,1210.0,93.0,1315.0,1522,1,0,1,Biker
11,36.0,1210.0,93.0,1315.0,1523,1,0,1,Biker
11,34.0,1210.0,93.0,1315.0,1524,1,0,1,Biker
11,34.0,1210.0,93.0,1315.0,1525,1,0,1,Biker
11,34.0,1210.0,93.0,1315.0,1526,1,0,1,Biker
11,34.0,1210.0,93.0,1315.0,1527,1,0,1,Biker
11,34.0,1210.0,93.0,1315.0,1528,1,0,1,Biker
11,34.0,1210.0,93.0,1315.0,1529,1,0,1,Biker
11,34.0,1210.0,93.0,1315.0,1530,1,0,1,Biker
11,34.0,1210.0,93.0,1315.0,1531,1,0,1,Biker
11,34.0,1210.0,93.0,1315.0,1532,1,0,1,Biker
11,34.0,1210.0,93.0,1315.0,1533,1,0,1,Biker
11,34.0,1210.0,93.0,1315.0,1534,1,0,1,Biker
11,34.0,1210.0,93.0,1315.0,1535,1,0,1,Biker
11,34.0,1210.0,93.0,1315.0,1536,1,0,1,Biker
11,34.0,1210.0,93.0,1315.0,1537,1,0,1,Biker
11,34.0,1210.0,93.0,1315.0,1538,1,0,1,Biker
11,34.0,1210.0,93.0,1315.0,1539,1,0,1,Biker
11,34.0,1210.0,93.0,1315.0,1540,1,0,1,Biker
11,34.0,1210.0,92.0,1315.0,1541,1,0,1,Biker
11,34.0,1210.0,92.0,1315.0,1542,1,0,1,Biker
11,34.0,1210.0,92.0,1315.0,1543,1,0,1,Biker
11,34.0,1210.0,92.0,1315.0,1544,1,0,1,Biker
11,34.0,1210.0,92.0,1315.0,1545,1,0,1,Biker
11,34.0,1210.0,92.0,1315.0,1546,1,0,1,Biker
11,34.0,1210.0,92.0,1315.0,1547,1,0,1,Biker
11,33.0,1210.0,92.0,1315.0,1548,1,0,1,Biker
11,33.0,1210.0,92.0,1315.0,1549,1,0,1,Biker
11,33.0,1210.0,92.0,1315.0,1550,1,0,1,Biker
11,33.0,1210.0,92.0,1315.0,1551,1,0,1,Biker
11,33.0,1210.0,92.0,1315.0,1552,1,0,1,Biker
11,33.0,1210.0,92.0,1315.0,1553,1,0,1,Biker
11,33.0,1210.0,92.0,1315.0,1554,1,0,1,Biker
11,33.0,1210.0,92.0,1315.0,1555,1,0,1,Biker
11,33.0,1210.0,92.0,1315.0,1556,1,0,1,Biker
11,33.0,1210.0,92.0,1315.0,1557,1,0,1,Biker
11,33.0,1210.0,92.0,1315.0,1558,1,0,1,Biker
11,33.0,1210.0,92.0,1315.0,1559,1,0,1,Biker
11,33.0,1210.0,92.0,1315.0,1560,1,0,1,Biker
11,33.0,1210.0,90.0,1315.0,1561,1,0,1,Biker
11,33.0,1210.0,90.0,1315.0,1562,1,0,1,Biker
11,33.0,1210.0,90.0,1315.0,1563,1,0,1,Biker
11,33.0,1210.0,90.0,1315.0,1564,1,0,1,Biker
11,33.0,1210.0,90.0,1315.0,1565,1,0,1,Biker
11,33.0,1210.0,90.0,1315.0,1566,1,0,1,Biker
11,33.0,1210.0,90.0,1315.0,1567,1,0,1,Biker
11,33.0,1210.0,90.0,1315.0,1568,1,0,1,Biker
11,33.0,1210.0,90.0,1315.0,1569,1,0,1,Biker
11,33.0,1210.0,90.0,1315.0,1570,1,0,1,Biker
11,33.0,1210.0,90.0,1315.0,1571,1,0,1,Biker
11,31.0,1210.0,90.0,1315.0,1572,1,0,1,Biker
11,31.0,1210.0,90.0,1315.0,1573,1,0,1,Biker
11,31.0,1210.0,90.0,1315.0,1574,1,0,1,Biker
11,31.0,1210.0,90.0,1315.0,1575,1,0,1,Biker
11,31.0,1210.0,90.0,1315.0,1576,1,0,1,Biker
11,31.0,1210.0,90.0,1315.0,1577,1,0,1,Biker
11,31.0,1210.0,90.0,1315.0,1578,1,0,1,Biker
11,31.0,1210.0,90.0,1315.0,1579,1,0,1,Biker
11,31.0,1210.0,90.0,1315.0,1580,1,0,1,Biker
11,31.0,1210.0,88.0,1315.0,1581,1,0,1,Biker
11,31.0,1210.0,88.0,1315.0,1582,1,0,1,Biker
11,31.0,1210.0,88.0,1315.0,1583,1,0,1,Biker
11,31.0,1210.0,88.0,1315.0,1584,1,0,1,Biker
11,31.0,1210.0,88.0,1315.0,1585,1,0,1,Biker
11,31.0,1210.0,88.0,1315.0,1586,1,0,1,Biker
11,31.0,1210.0,88.0,1315.0,1587,1,0,1,Biker
11,31.0,1210.0,88.0,1315.0,1588,1,0,1,Biker
11,31.0,1210.0,88.0,1315.0,1589,1,0,1,Biker
11,31.0,1210.0,88.0,1315.0,1590,1,0,1,Biker
11,31.0,1210.0,88.0,1315.0,1591,1,0,1,Biker
11,31.0,1210.0,88.0,1315.0,1592,1,0,1,Biker
11,31.0,1210.0,88.0,1315.0,1593,1,0,1,Biker
11,31.0,1210.0,88.0,1315.0,1594,1,0,1,Biker
11,31.0,1210.0,88.0,1315.0,1595,1,0,1,Biker
11,29.0,1210.0,88.0,1315.0,1596,1,0,1,Biker
11,29.0,1210.0,88.0,1315.0,1597,1,0,1,Biker
11,29.0,1210.0,88.0,1315.0,1598,1,0,1,Biker
11,29.0,1210.0,88.0,1315.0,1599,1,0,1,Biker
11,29.0,1210.0,88.0,1315.0,1600,1,0,1,Biker
11,29.0,1210.0,86.0,1315.0,1601,1,0,1,Biker
11,29.0,1210.0,86.0,1315.0,1602,1,0,1,Biker
11,29.0,1210.0,86.0,1315.0,1603,1,0,1,Biker
11,29.0,1210.0,86.0,1315.0,1604,1,0,1,Biker
11,29.0,1210.0,86.0,1315.0,1605,1,0,1,Biker
11,29.0,1210.0,86.0,1315.0,1606,1,0,1,Biker
11,29.0,1210.0,86.0,1315.0,1607,1,0,1,Biker
11,29.0,1210.0,86.0,1315.0,1608,1,0,1,Biker
11,29.0,1210.0,86.0,1315.0,1609,1,0,1,Biker
11,29.0,1210.0,86.0,1315.0,1610,1,0,1,Biker
11,29.0,1210.0,86.0,1315.0,1611,1,0,1,Biker
11,29.0,1210.0,86.0,1315.0,1612,1,0,1,Biker
11,29.0,1210.0,86.0,1315.0,1613,1,0,1,Biker
11,29.0,1210.0,86.0,1315.0,1614,1,0,1,Biker
11,29.0,1210.0,86.0,1315.0,1615,1,0,1,Biker
11,29.0,1210.0,86.0,1315.0,1616,1,0,1,Biker
11,29.0,1210.0,86.0,1315.0,1617,1,0,1,Biker
11,29.0,1210.0,86.0,1315.0,1618,1,0,1,Biker
11,29.0,1210.0,86.0,1315.0,1619,1,0,1,Biker
11,27.0,1210.0,86.0,1315.0,1620,1,0,1,Biker
11,27.0,1210.0,84.0,1315.0,1621,1,0,1,Biker
11,27.0,1210.0,84.0,1315.0,1622,1,0,1,Biker
11,27.0,1210.0,84.0,1315.0,1623,1,0,1,Biker
11,27.0,1210.0,84.0,1315.0,1624,1,0,1,Biker
11,27.0,1210.0,84.0,1315.0,1625,1,0,1,Biker
11,27.0,1210.0,84.0,1315.0,1626,1,0,1,Biker
11,27.0,1210.0,84.0,1315.0,1627,1,0,1,Biker
11,27.0,1210.0,84.0,1315.0,1628,1,0,1,Biker
11,27.0,1210.0,84.0,1315.0,1629,1,0,1,Biker
11,27.0,1210.0,84.0,1315.0,1630,1,0,1,Biker
11,27.0,1210.0,84.0,1315.0,1631,1,0,1,Biker
11,27.0,1210.0,84.0,1315.0,1632,1,0,1,Biker
11,27.0,1210.0,84.0,1315.0,1633,1,0,1,Biker
11,27.0,1210.0,84.0,1315.0,1634,1,0,1,Biker
11,27.0,1210.0,84.0,1315.0,1635,1,0,1,Biker
11,27.0,1210.0,84.0,1315.0,1636,1,0,1,Biker
11,27.0,1210.0,84.0,1315.0,1637,1,0,1,Biker
11,27.0,1210.0,84.0,1315.0,1638,1,0,1,Biker
11,27.0,1210.0,84.0,1315.0,1639,1,0,1,Biker
11,27.0,1210.0,84.0,1315.0,1640,1,0,1,Biker
11,27.0,1210.0,82.0,1315.0,1641,1,0,1,Biker
11,27.0,1210.0,82.0,1315.0,1642,1,0,1,Biker
11,25.0,1210.0,82.0,1315.0,1643,1,0,1,Biker
11,25.0,1210.0,82.0,1315.0,1644,1,0,1,Biker
11,25.0,1210.0,82.0,1315.0,1645,1,0,1,Biker
11,25.0,1210.0,82.0,1315.0,1646,1,0,1,Biker
11,25.0,1210.0,82.0,1315.0,1647,1,0,1,Biker
11,25.0,1210.0,82.0,1315.0,1648,1,0,1,Biker
11,25.0,1210.0,82.0,1315.0,1649,1,0,1,Biker
11,25.0,1210.0,82.0,1315.0,1650,1,0,1,Biker
11,25.0,1210.0,82.0,1315.0,1651,1,0,1,Biker
11,25.0,1210.0,82.0,1315.0,1652,1,0,1,Biker
11,25.0,1210.0,82.0,1315.0,1653,1,0,1,Biker
11,25.0,1210.0,82.0,1315.0,1654,1,0,1,Biker
11,25.0,1210.0,82.0,1315.0,1655,1,0,1,Biker
11,25.0,1210.0,82.0,1315.0,1656,1,0,1,Biker
11,25.0,1210.0,82.0,1315.0,1657,1,0,1,Biker
11,25.0,1210.0,82.0,1315.0,1658,1,0,1,Biker
11,25.0,1210.0,82.0,1315.0,1659,1,0,1,Biker
11,25.0,1210.0,82.0,1315.0,1660,1,0,1,Biker
11,25.0,1210.0,81.0,1315.0,1661,1,0,1,Biker
11,25.0,1210.0,81.0,1315.0,1662,1,0,1,Biker
11,25.0,1210.0,81.0,1315.0,1663,1,0,1,Biker
11,25.0,1210.0,81.0,1315.0,1664,1,0,1,Biker
11,25.0,1210.0,81.0,1315.0,1665,1,0,1,Biker
11,25.0,1210.0,81.0,1315.0,1666,1,0,1,Biker
11,23.0,1214.0,81.0,1319.0,1667,1,0,1,Biker
11,23.0,1214.0,81.0,1319.0,1668,1,0,1,Biker
11,23.0,1214.0,81.0,1319.0,1669,1,0,1,Biker
11,23.0,1214.0,81.0,1319.0,1670,1,0,1,Biker
11,23.0,1214.0,81.0,1319.0,1671,1,0,1,Biker
11,23.0,1214.0,81.0,1319.0,1672,1,0,1,Biker
11,23.0,1214.0,81.0,1319.0,1673,1,0,1,Biker
11,23.0,1214.0,81.0,1319.0,1674,1,0,1,Biker
11,23.0,1214.0,81.0,1319.0,1675,1,0,1,Biker
11,23.0,1214.0,81.0,1319.0,1676,1,0,1,Biker
11,23.0,1214.0,81.0,1319.0,1677,1,0,1,Biker
11,23.0,1214.0,81.0,1319.0,1678,1,0,1,Biker
11,23.0,1214.0,81.0,1319.0,1679,1,0,1,Biker
11,23.0,1214.0,81.0,1319.0,1680,1,0,1,Biker
11,23.0,1214.0,79.0,1319.0,1681,1,0,1,Biker
11,23.0,1214.0,79.0,1319.0,1682,1,0,1,Biker
11,23.0,1214.0,79.0,1319.0,1683,1,0,1,Biker
11,23.0,1214.0,79.0,1319.0,1684,1,0,1,Biker
11,23.0,1214.0,79.0,1319.0,1685,1,0,1,Biker
11,23.0,1214.0,79.0,1319.0,1686,1,0,1,Biker
11,23.0,1214.0,79.0,1319.0,1687,1,0,1,Biker
11,23.0,1214.0,79.0,1319.0,1688,1,0,1,Biker
11,23.0,1214.0,79.0,1319.0,1689,1,0,1,Biker
11,23.0,1214.0,79.0,1319.0,1690,1,0,1,Biker
11,22.0,1214.0,79.0,1319.0,1691,1,0,1,Biker
11,22.0,1214.0,79.0,1319.0,1692,1,0,1,Biker
11,22.0,1214.0,79.0,1319.0,1693,1,0,1,Biker
11,22.0,1214.0,79.0,1319.0,1694,1,0,1,Biker
11,22.0,1214.0,79.0,1319.0,1695,1,0,1,Biker
11,22.0,1214.0,79.0,1319.0,1696,1,0,1,Biker
11,22.0,1214.0,79.0,1319.0,1697,1,0,1,Biker
11,22.0,1214.0,79.0,1319.0,1698,1,0,1,Biker
11,22.0,1214.0,79.0,1319.0,1699,1,0,1,Biker
11,22.0,1214.0,79.0,1319.0,1700,1,0,1,Biker
11,22.0,1214.0,77.0,1319.0,1701,1,0,1,Biker
11,22.0,1214.0,77.0,1319.0,1702,1,0,1,Biker
11,22.0,1214.0,77.0,1319.0,1703,1,0,1,Biker
11,22.0,1214.0,77.0,1319.0,1704,1,0,1,Biker
11,22.0,1214.0,77.0,1319.0,1705,1,0,1,Biker
11,22.0,1214.0,77.0,1319.0,1706,1,0,1,Biker
11,22.0,1214.0,77.0,1319.0,1707,1,0,1,Biker
11,22.0,1214.0,77.0,1319.0,1708,1,0,1,Biker
11,22.0,1214.0,77.0,1319.0,1709,1,0,1,Biker
11,22.0,1214.0,77.0,1319.0,1710,1,0,1,Biker
11,22.0,1214.0,77.0,1319.0,1711,1,0,1,Biker
11,22.0,1214.0,77.0,1319.0,1712,1,0,1,Biker
11,22.0,1214.0,77.0,1319.0,1713,1,0,1,Biker
11,22.0,1214.0,77.0,1319.0,1714,1,0,1,Biker
11,20.0,1214.0,77.0,1319.0,1715,1,0,1,Biker
11,20.0,1214.0,77.0,1319.0,1716,1,0,1,Biker
11,20.0,1214.0,77.0,1319.0,1717,1,0,1,Biker
11,20.0,1214.0,77.0,1319.0,1718,1,0,1,Biker
11,20.0,1214.0,77.0,1319.0,1719,1,0,1,Biker
11,20.0,1214.0,77.0,1319.0,1720,1,0,1,Biker
11,20.0,1214.0,75.0,1319.0,1721,1,0,1,Biker
11,20.0,1214.0,75.0,1319.0,1722,1,0,1,Biker
11,20.0,1214.0,75.0,1319.0,1723,1,0,1,Biker
11,20.0,1214.0,75.0,1319.0,1724,1,0,1,Biker
11,20.0,1214.0,75.0,1319.0,1725,1,0,1,Biker
11,20.0,1214.0,75.0,1319.0,1726,1,0,1,Biker
11,20.0,1214.0,75.0,1319.0,1727,1,0,1,Biker
11,20.0,1214.0,75.0,1319.0,1728,1,0,1,Biker
11,20.0,1214.0,75.0,1319.0,1729,1,0,1,Biker
11,20.0,1214.0,75.0,1319.0,1730,1,0,1,Biker
11,20.0,1214.0,75.0,1319.0,1731,1,0,1,Biker
11,20.0,1214.0,75.0,1319.0,1732,1,0,1,Biker
11,20.0,1214.0,75.0,1319.0,1733,1,0,1,Biker
11,20.0,1214.0,75.0,1319.0,1734,1,0,1,Biker
11,20.0,1214.0,75.0,1319.0,1735,1,0,1,Biker
11,20.0,1214.0,75.0,1319.0,1736,1,0,1,Biker
11,20.0,1214.0,75.0,1319.0,1737,1,0,1,Biker
11,20.0,1214.0,75.0,1319.0,1738,1,0,1,Biker
11,18.0,1214.0,75.0,1319.0,1739,1,0,1,Biker
11,18.0,1214.0,75.0,1319.0,1740,1,0,1,Biker
11,18.0,1214.0,73.0,1319.0,1741,1,0,1,Biker
11,18.0,1214.0,73.0,1319.0,1742,1,0,1,Biker
11,18.0,1214.0,73.0,1319.0,1743,1,0,1,Biker
11,18.0,1214.0,73.0,1319.0,1744,1,0,1,Biker
11,18.0,1214.0,73.0,1319.0,1745,1,0,1,Biker
11,18.0,1214.0,73.0,1319.0,1746,1,0,1,Biker
11,18.0,1214.0,73.0,1319.0,1747,1,0,1,Biker
11,18.0,1214.0,73.0,1319.0,1748,1,0,1,Biker
11,18.0,1214.0,73.0,1319.0,1749,1,0,1,Biker
11,18.0,1214.0,73.0,1319.0,1750,1,0,1,Biker
11,18.0,1214.0,73.0,1319.0,1751,1,0,1,Biker
11,18.0,1214.0,73.0,1319.0,1752,1,0,1,Biker
11,18.0,1214.0,73.0,1319.0,1753,1,0,1,Biker
11,18.0,1214.0,73.0,1319.0,1754,1,0,1,Biker
11,18.0,1214.0,73.0,1319.0,1755,1,0,1,Biker
11,18.0,1214.0,73.0,1319.0,1756,1,0,1,Biker
11,18.0,1214.0,73.0,1319.0,1757,1,0,1,Biker
11,18.0,1214.0,73.0,1319.0,1758,1,0,1,Biker
11,18.0,1214.0,73.0,1319.0,1759,1,0,1,Biker
11,18.0,1214.0,73.0,1319.0,1760,1,0,1,Biker
11,18.0,1214.0,71.0,1319.0,1761,1,0,1,Biker
11,16.0,1214.0,71.0,1319.0,1762,1,0,1,Biker
11,16.0,1214.0,71.0,1319.0,1763,1,0,1,Biker
11,16.0,1214.0,71.0,1319.0,1764,1,0,1,Biker
11,16.0,1214.0,71.0,1319.0,1765,1,0,1,Biker
11,16.0,1214.0,71.0,1319.0,1766,1,0,1,Biker
11,16.0,1214.0,71.0,1319.0,1767,1,0,1,Biker
11,16.0,1214.0,71.0,1319.0,1768,1,0,1,Biker
11,16.0,1214.0,71.0,1319.0,1769,1,0,1,Biker
11,16.0,1214.0,71.0,1319.0,1770,1,0,1,Biker
11,16.0,1214.0,71.0,1319.0,1771,1,0,1,Biker
11,16.0,1214.0,71.0,1319.0,1772,1,0,1,Biker
11,16.0,1214.0,71.0,1319.0,1773,1,0,1,Biker
11,16.0,1214.0,71.0,1319.0,1774,1,0,1,Biker
11,16.0,1214.0,71.0,1319.0,1775,1,0,1,Biker
11,16.0,1214.0,71.0,1319.0,1776,1,0,1,Biker
11,16.0,1214.0,71.0,1319.0,1777,1,0,1,Biker
11,16.0,1214.0,71.0,1319.0,1778,1,0,1,Biker
11,16.0,1214.0,71.0,1319.0,1779,1,0,1,Biker
11,16.0,1214.0,71.0,1319.0,1780,1,0,1,Biker
11,16.0,1214.0,69.0,1319.0,1781,1,0,1,Biker
11,16.0,1214.0,69.0,1319.0,1782,1,0,1,Biker
11,16.0,1214.0,69.0,1319.0,1783,1,0,1,Biker
11,16.0,1214.0,69.0,1319.0,1784,1,0,1,Biker
11,16.0,1214.0,69.0,1319.0,1785,1,0,1,Biker
11,14.0,1214.0,69.0,1319.0,1786,1,0,1,Biker
11,14.0,1214.0,69.0,1319.0,1787,1,0,1,Biker
11,14.0,1214.0,69.0,1319.0,1788,1,0,1,Biker
11,14.0,1214.0,69.0,1319.0,1789,1,0,1,Biker
11,14.0,1214.0,69.0,1319.0,1790,1,0,1,Biker
11,14.0,1214.0,69.0,1319.0,1791,1,0,1,Biker
11,14.0,1214.0,69.0,1319.0,1792,1,0,1,Biker
11,14.0,1214.0,69.0,1319.0,1793,1,0,1,Biker
11,14.0,1214.0,69.0,1319.0,1794,1,0,1,Biker
11,14.0,1214.0,69.0,1319.0,1795,1,0,1,Biker
11,14.0,1214.0,69.0,1319.0,1796,1,0,1,Biker
11,14.0,1214.0,69.0,1319.0,1797,1,0,1,Biker
11,14.0,1214.0,69.0,1319.0,1798,1,0,1,Biker
11,14.0,1214.0,69.0,1319.0,1799,1,0,1,Biker
11,14.0,1214.0,69.0,1319.0,1800,1,0,1,Biker
11,14.0,1214.0,68.0,1319.0,1801,1,0,1,Biker
11,14.0,1214.0,68.0,1319.0,1802,1,0,1,Biker
11,14.0,1214.0,68.0,1319.0,1803,1,0,1,Biker
11,14.0,1214.0,68.0,1319.0,1804,1,0,1,Biker
11,14.0,1214.0,68.0,1319.0,1805,1,0,1,Biker
11,14.0,1214.0,68.0,1319.0,1806,1,0,1,Biker
11,14.0,1214.0,68.0,1319.0,1807,1,0,1,Biker
11,14.0,1214.0,68.0,1319.0,1808,1,0,1,Biker
11,14.0,1214.0,68.0,1319.0,1809,1,0,1,Biker
11,12.0,1214.0,68.0,1319.0,1810,1,0,1,Biker
11,12.0,1214.0,68.0,1319.0,1811,1,0,1,Biker
11,12.0,1214.0,68.0,1319.0,1812,1,0,1,Biker
11,12.0,1214.0,68.0,1319.0,1813,1,0,1,Biker
11,12.0,1214.0,68.0,1319.0,1814,1,0,1,Biker
11,12.0,1214.0,68.0,1319.0,1815,1,0,1,Biker
11,12.0,1214.0,68.0,1319.0,1816,1,0,1,Biker
11,12.0,1214.0,68.0,1319.0,1817,1,0,1,Biker
11,12.0,1214.0,68.0,1319.0,1818,1,0,1,Biker
11,12.0,1214.0,68.0,1319.0,1819,1,0,1,Biker
11,12.0,1214.0,68.0,1319.0,1820,1,0,1,Biker
11,12.0,1214.0,66.0,1319.0,1821,1,0,1,Biker
11,12.0,1214.0,66.0,1319.0,1822,1,0,1,Biker
11,12.0,1214.0,66.0,1319.0,1823,1,0,1,Biker
11,12.0,1214.0,66.0,1319.0,1824,1,0,1,Biker
11,12.0,1214.0,66.0,1319.0,1825,1,0,1,Biker
11,12.0,1214.0,66.0,1319.0,1826,1,0,1,Biker
11,12.0,1214.0,66.0,1319.0,1827,1,0,1,Biker
11,12.0,1214.0,66.0,1319.0,1828,1,0,1,Biker
11,12.0,1214.0,66.0,1319.0,1829,1,0,1,Biker
11,12.0,1214.0,66.0,1319.0,1830,1,0,1,Biker
11,12.0,1214.0,66.0,1319.0,1831,1,0,1,Biker
11,12.0,1214.0,66.0,1319.0,1832,1,0,1,Biker
11,12.0,1214.0,66.0,1319.0,1833,1,0,1,Biker
11,11.0,1219.0,66.0,1323.0,1834,1,0,1,Biker
11,11.0,1219.0,66.0,1323.0,1835,1,0,1,Biker
11,11.0,1219.0,66.0,1323.0,1836,1,0,1,Biker
11,11.0,1219.0,66.0,1323.0,1837,1,0,1,Biker
11,11.0,1219.0,66.0,1323.0,1838,1,0,1,Biker
11,11.0,1219.0,66.0,1323.0,1839,1,0,1,Biker
11,11.0,1219.0,66.0,1323.0,1840,1,0,1,Biker
11,11.0,1219.0,64.0,1323.0,1841,1,0,1,Biker
11,11.0,1219.0,64.0,1323.0,1842,1,0,1,Biker
11,11.0,1219.0,64.0,1323.0,1843,1,0,1,Biker
11,11.0,1219.0,64.0,1323.0,1844,1,0,1,Biker
11,11.0,1219.0,64.0,1323.0,1845,1,0,1,Biker
11,11.0,1219.0,64.0,1323.0,1846,1,0,1,Biker
11,11.0,1219.0,64.0,1323.0,1847,1,0,1,Biker
11,11.0,1219.0,64.0,1323.0,1848,1,0,1,Biker
11,11.0,1219.0,64.0,1323.0,1849,1,0,1,Biker
11,11.0,1219.0,64.0,1323.0,1850,1,0,1,Biker
11,11.0,1219.0,64.0,1323.0,1851,1,0,1,Biker
11,11.0,1219.0,64.0,1323.0,1852,1,0,1,Biker
11,11.0,1219.0,64.0,1323.0,1853,1,0,1,Biker
11,11.0,1219.0,64.0,1323.0,1854,1,0,1,Biker
11,11.0,1219.0,64.0,1323.0,1855,1,0,1,Biker
11,11.0,1219.0,64.0,1323.0,1856,1,0,1,Biker
11,11.0,1219.0,64.0,1323.0,1857,1,0,1,Biker
11,9.0,1219.0,64.0,1323.0,1858,1,0,1,Biker
11,9.0,1219.0,64.0,1323.0,1859,1,0,1,Biker
11,9.0,1219.0,64.0,1323.0,1860,1,0,1,Biker
11,9.0,1219.0,62.0,1323.0,1861,1,0,1,Biker
11,9.0,1219.0,62.0,1323.0,1862,1,0,1,Biker
11,9.0,1219.0,62.0,1323.0,1863,1,0,1,Biker
11,9.0,1219.0,62.0,1323.0,1864,1,0,1,Biker
11,9.0,1219.0,62.0,1323.0,1865,1,0,1,Biker
11,9.0,1219.0,62.0,1323.0,1866,1,0,1,Biker
11,9.0,1219.0,62.0,1323.0,1867,1,0,1,Biker
11,9.0,1219.0,62.0,1323.0,1868,1,0,1,Biker
11,9.0,1219.0,62.0,1323.0,1869,1,0,1,Biker
11,9.0,1219.0,62.0,1323.0,1870,1,0,1,Biker
11,9.0,1219.0,62.0,1323.0,1871,1,0,1,Biker
11,9.0,1219.0,62.0,1323.0,1872,1,0,1,Biker
11,9.0,1219.0,62.0,1323.0,1873,1,0,1,Biker
11,9.0,1219.0,62.0,1323.0,1874,1,0,1,Biker
11,9.0,1219.0,62.0,1323.0,1875,1,0,1,Biker
11,9.0,1219.0,62.0,1323.0,1876,1,0,1,Biker
11,9.0,1219.0,62.0,1323.0,1877,1,0,1,Biker
11,9.0,1219.0,62.0,1323.0,1878,1,0,1,Biker
11,9.0,1219.0,62.0,1323.0,1879,1,0,1,Biker
11,9.0,1219.0,62.0,1323.0,1880,1,0,1,Biker
11,7.0,1219.0,60.0,1323.0,1881,1,0,1,Biker
11,7.0,1219.0,60.0,1323.0,1882,1,0,1,Biker
11,7.0,1219.0,60.0,1323.0,1883,1,0,1,Biker
11,7.0,1219.0,60.0,1323.0,1884,1,0,1,Biker
11,7.0,1219.0,60.0,1323.0,1885,1,0,1,Biker
11,7.0,1219.0,60.0,1323.0,1886,1,0,1,Biker
11,7.0,1219.0,60.0,1323.0,1887,1,0,1,Biker
11,7.0,1219.0,60.0,1323.0,1888,1,0,1,Biker
11,7.0,1219.0,60.0,1323.0,1889,1,0,1,Biker
11,7.0,1219.0,60.0,1323.0,1890,1,0,1,Biker
11,7.0,1219.0,60.0,1323.0,1891,1,0,1,Biker
11,7.0,1219.0,60.0,1323.0,1892,1,0,1,Biker
11,7.0,1219.0,60.0,1323.0,1893,1,0,1,Biker
11,7.0,1219.0,60.0,1323.0,1894,1,0,1,Biker
11,7.0,1219.0,60.0,1323.0,1895,1,0,1,Biker
11,7.0,1219.0,60.0,1323.0,1896,1,0,1,Biker
11,7.0,1219.0,60.0,1323.0,1897,1,0,1,Biker
11,7.0,1219.0,60.0,1323.0,1898,1,0,1,Biker
11,7.0,1219.0,60.0,1323.0,1899,1,0,1,Biker
11,7.0,1219.0,60.0,1323.0,1900,1,0,1,Biker
11,7.0,1219.0,58.0,1323.0,1901,1,0,1,Biker
11,7.0,1219.0,58.0,1323.0,1902,1,0,1,Biker
11,7.0,1219.0,58.0,1323.0,1903,1,0,1,Biker
11,7.0,1219.0,58.0,1323.0,1904,1,0,1,Biker
11,5.0,1219.0,58.0,1323.0,1905,1,0,1,Biker
11,5.0,1219.0,58.0,1323.0,1906,1,0,1,Biker
11,5.0,1219.0,58.0,1323.0,1907,1,0,1,Biker
11,5.0,1219.0,58.0,1323.0,1908,1,0,1,Biker
11,5.0,1219.0,58.0,1323.0,1909,1,0,1,Biker
11,5.0,1219.0,58.0,1323.0,1910,1,0,1,Biker
11,5.0,1219.0,58.0,1323.0,1911,1,0,1,Biker
11,5.0,1219.0,58.0,1323.0,1912,1,0,1,Biker
11,5.0,1219.0,58.0,1323.0,1913,1,0,1,Biker
11,5.0,1219.0,58.0,1323.0,1914,1,0,1,Biker
11,5.0,1219.0,58.0,1323.0,1915,1,0,1,Biker
11,5.0,1219.0,58.0,1323.0,1916,1,0,1,Biker
11,5.0,1219.0,58.0,1323.0,1917,1,0,1,Biker
11,5.0,1219.0,58.0,1323.0,1918,1,0,1,Biker
11,5.0,1219.0,58.0,1323.0,1919,1,0,1,Biker
11,5.0,1219.0,58.0,1323.0,1920,1,0,1,Biker
11,5.0,1219.0,57.0,1323.0,1921,1,0,1,Biker
11,5.0,1219.0,57.0,1323.0,1922,1,0,1,Biker
11,5.0,1219.0,57.0,1323.0,1923,1,0,1,Biker
11,5.0,1219.0,57.0,1323.0,1924,1,0,1,Biker
11,5.0,1219.0,57.0,1323.0,1925,1,0,1,Biker
11,5.0,1219.0,57.0,1323.0,1926,1,0,1,Biker
11,5.0,1219.0,57.0,1323.0,1927,1,0,1,Biker
11,5.0,1219.0,57.0,1323.0,1928,1,0,1,Biker
11,3.0,1219.0,57.0,1323.0,1929,1,0,1,Biker
11,3.0,1219.0,57.0,1323.0,1930,1,0,1,Biker
11,3.0,1219.0,57.0,1323.0,1931,1,0,1,Biker
11,3.0,1219.0,57.0,1323.0,1932,1,0,1,Biker
11,3.0,1219.0,57.0,1323.0,1933,1,0,1,Biker
11,3.0,1219.0,57.0,1323.0,1934,1,0,1,Biker
11,3.0,1219.0,57.0,1323.0,1935,1,0,1,Biker
11,3.0,1219.0,57.0,1323.0,1936,1,0,1,Biker
11,3.0,1219.0,57.0,1323.0,1937,1,0,1,Biker
11,3.0,1219.0,57.0,1323.0,1938,1,0,1,Biker
11,3.0,1219.0,57.0,1323.0,1939,1,0,1,Biker
11,3.0,1219.0,57.0,1323.0,1940,1,0,1,Biker
11,3.0,1219.0,55.0,1323.0,1941,1,0,1,Biker
11,3.0,1219.0,55.0,1323.0,1942,1,0,1,Biker
11,3.0,1219.0,55.0,1323.0,1943,1,0,1,Biker
11,3.0,1219.0,55.0,1323.0,1944,1,0,1,Biker
11,3.0,1219.0,55.0,1323.0,1945,1,0,1,Biker
11,3.0,1219.0,55.0,1323.0,1946,1,0,1,Biker
11,3.0,1219.0,55.0,1323.0,1947,1,0,1,Biker
11,3.0,1219.0,55.0,1323.0,1948,1,0,1,Biker
11,3.0,1219.0,55.0,1323.0,1949,1,0,1,Biker
11,3.0,1219.0,55.0,1323.0,1950,1,0,1,Biker
11,3.0,1219.0,55.0,1323.0,1951,1,0,1,Biker
11,3.0,1219.0,55.0,1323.0,1952,1,0,1,Biker
11,1.0,1219.0,55.0,1323.0,1953,1,0,1,Biker
11,1.0,1219.0,55.0,1323.0,1954,1,0,1,Biker
11,1.0,1219.0,55.0,1323.0,1955,1,0,1,Biker
11,1.0,1219.0,55.0,1323.0,1956,1,0,1,Biker
11,1.0,1219.0,55.0,1323.0,1957,1,0,1,Biker
11,1.0,1219.0,55.0,1323.0,1958,1,0,1,Biker
11,1.0,1219.0,55.0,1323.0,1959,1,0,1,Biker
11,1.0,1219.0,55.0,1323.0,1960,1,0,1,Biker
11,1.0,1219.0,53.0,1323.0,1961,1,0,1,Biker
11,1.0,1219.0,53.0,1323.0,1962,1,0,1,Biker
11,1.0,1219.0,53.0,1323.0,1963,1,0,1,Biker
11,1.0,1219.0,53.0,1323.0,1964,1,0,1,Biker
11,1.0,1219.0,53.0,1323.0,1965,1,0,1,Biker
11,1.0,1219.0,53.0,1323.0,1966,1,0,1,Biker
11,1.0,1219.0,53.0,1323.0,1967,1,0,1,Biker
11,1.0,1219.0,53.0,1323.0,1968,1,0,1,Biker
11,1.0,1219.0,53.0,1323.0,1969,1,0,1,Biker
11,1.0,1219.0,53.0,1323.0,1970,1,0,1,Biker
11,1.0,1219.0,53.0,1323.0,1971,1,0,1,Biker
11,1.0,1219.0,53.0,1323.0,1972,1,0,1,Biker
11,1.0,1219.0,53.0,1323.0,1973,1,0,1,Biker
11,1.0,1219.0,53.0,1323.0,1974,1,0,1,Biker
11,1.0,1219.0,53.0,1323.0,1975,1,0,1,Biker
11,1.0,1219.0,53.0,1323.0,1976,1,0,1,Biker
11,0.0,1219.0,53.0,1323.0,1977,1,0,1,Biker
11,0.0,1219.0,53.0,1323.0,1978,1,0,1,Biker
11,0.0,1219.0,53.0,1323.0,1979,1,0,1,Biker
11,0.0,1219.0,53.0,1323.0,1980,1,0,1,Biker
11,0.0,1219.0,51.0,1323.0,1981,1,0,1,Biker
11,0.0,1219.0,51.0,1323.0,1982,1,0,1,Biker
11,0.0,1219.0,51.0,1323.0,1983,1,0,1,Biker
11,0.0,1219.0,51.0,1323.0,1984,1,0,1,Biker
11,0.0,1219.0,51.0,1323.0,1985,1,0,1,Biker
11,0.0,1219.0,51.0,1323.0,1986,1,0,1,Biker
11,0.0,1219.0,51.0,1323.0,1987,1,0,1,Biker
11,0.0,1219.0,51.0,1323.0,1988,1,0,1,Biker
11,0.0,1219.0,51.0,1323.0,1989,1,0,1,Biker
11,0.0,1219.0,51.0,1323.0,1990,1,0,1,Biker
11,0.0,1219.0,51.0,1323.0,1991,1,0,1,Biker
11,0.0,1219.0,51.0,1323.0,1992,1,0,1,Biker
11,0.0,1219.0,51.0,1323.0,1993,1,0,1,Biker
11,0.0,1219.0,51.0,1323.0,1994,1,0,1,Biker
11,0.0,1219.0,51.0,1323.0,1995,1,0,1,Biker
11,0.0,1219.0,51.0,1323.0,1996,1,0,1,Biker
11,0.0,1219.0,51.0,1323.0,1997,1,0,1,Biker
11,0.0,1219.0,51.0,1323.0,1998,1,0,1,Biker
11,0.0,1219.0,51.0,1323.0,1999,1,0,1,Biker
11,0.0,1223.0,51.0,1328.0,2000,1,0,0,Biker
11,0.0,1219.0,53.0,1328.0,2001,1,0,1,Biker
11,0.0,1219.0,55.0,1328.0,2002,1,0,1,Biker
11,1.0,1219.0,57.0,1328.0,2003,1,0,1,Biker
11,1.0,1219.0,58.0,1328.0,2004,1,0,1,Biker
11,1.0,1219.0,62.0,1328.0,2005,1,0,1,Biker
11,3.0,1219.0,64.0,1328.0,2006,1,0,1,Biker
11,3.0,1219.0,66.0,1328.0,2007,1,0,1,Biker
11,3.0,1219.0,68.0,1328.0,2008,1,0,1,Biker
11,5.0,1214.0,71.0,1332.0,2009,1,0,1,Biker
11,5.0,1214.0,73.0,1332.0,2010,1,0,1,Biker
11,5.0,1214.0,75.0,1332.0,2011,1,0,1,Biker
11,7.0,1214.0,77.0,1332.0,2012,1,0,1,Biker
11,7.0,1214.0,81.0,1332.0,2013,1,0,1,Biker
11,7.0,1214.0,82.0,1332.0,2014,1,0,1,Biker
11,9.0,1214.0,84.0,1332.0,2015,1,0,1,Biker
11,9.0,1214.0,86.0,1332.0,2016,1,0,1,Biker
11,11.0,1214.0,90.0,1336.0,2017,0,0,0,Biker
11,16.0,1214.0,95.0,1336.0,2018,0,0,1,Biker
11,23.0,1214.0,103.0,1336.0,2019,0,0,1,Biker
11,29.0,1214.0,108.0,1336.0,2020,0,0,1,Biker
11,36.0,1214.0,116.0,1336.0,2021,0,0,1,Biker
11,42.0,1214.0,121.0,1336.0,2022,0,0,1,Biker
11,49.0,1214.0,128.0,1336.0,2023,0,0,1,Biker
11,57.0,1214.0,136.0,1336.0,2024,0,0,1,Biker
11,62.0,1214.0,141.0,1336.0,2025,0,0,1,Biker
11,69.0,1214.0,149.0,1336.0,2026,0,0,1,Biker
11,75.0,1214.0,154.0,1336.0,2027,0,0,1,Biker
11,82.0,1214.0,162.0,1336.0,2028,0,0,1,Biker
11,88.0,1214.0,167.0,1336.0,2029,0,0,1,Biker
11,95.0,1214.0,174.0,1336.0,2030,0,0,1,Biker
11,103.0,1214.0,182.0,1336.0,2031,0,0,1,Biker
11,108.0,1214.0,187.0,1336.0,2032,0,0,1,Biker
11,116.0,1214.0,195.0,1336.0,2033,0,0,1,Biker
11,121.0,1214.0,200.0,1336.0,2034,0,0,1,Biker
11,128.0,1214.0,208.0,1336.0,2035,0,0,1,Biker
11,134.0,1214.0,213.0,1336.0,2036,0,0,1,Biker
11,141.0,1214.0,221.0,1336.0,2037,0,0,1,Biker
11,149.0,1214.0,228.0,1336.0,2038,0,0,1,Biker
11,154.0,1219.0,233.0,1340.0,2039,0,0,1,Biker
11,162.0,1219.0,241.0,1340.0,2040,0,0,1,Biker
11,167.0,1219.0,246.0,1340.0,2041,0,0,1,Biker
11,174.0,1219.0,254.0,1340.0,2042,0,0,1,Biker
11,182.0,1219.0,261.0,1340.0,2043,0,0,1,Biker
11,187.0,1219.0,267.0,1340.0,2044,0,0,1,Biker
11,195.0,1219.0,274.0,1340.0,2045,0,0,1,Biker
11,200.0,1219.0,279.0,1340.0,2046,0,0,1,Biker
11,208.0,1219.0,287.0,1340.0,2047,0,0,1,Biker
11,213.0,1219.0,292.0,1340.0,2048,0,0,1,Biker
11,221.0,1219.0,300.0,1340.0,2049,0,0,1,Biker
11,228.0,1219.0,307.0,1340.0,2050,0,0,1,Biker
11,233.0,1219.0,313.0,1340.0,2051,0,0,1,Biker
11,241.0,1219.0,320.0,1340.0,2052,0,0,1,Biker
11,246.0,1219.0,325.0,1340.0,2053,0,0,1,Biker
11,254.0,1219.0,333.0,1340.0,2054,0,0,1,Biker
11,259.0,1219.0,338.0,1340.0,2055,0,0,1,Biker
11,267.0,1219.0,346.0,1340.0,2056,0,0,1,Biker
11,274.0,1219.0,353.0,1340.0,2057,0,0,1,Biker
11,279.0,1219.0,359.0,1340.0,2058,0,0,1,Biker
11,287.0,1219.0,366.0,1340.0,2059,0,0,1,Biker
11,292.0,1223.0,372.0,1344.0,2060,0,0,1,Biker
11,300.0,1223.0,379.0,1344.0,2061,0,0,1,Biker
11,307.0,1223.0,386.0,1344.0,2062,0,0,1,Biker
11,313.0,1223.0,392.0,1344.0,2063,0,0,1,Biker
11,320.0,1223.0,399.0,1344.0,2064,0,0,1,Biker
11,325.0,1223.0,405.0,1344.0,2065,0,0,1,Biker
11,333.0,1223.0,412.0,1344.0,2066,0,0,1,Biker
11,338.0,1223.0,418.0,1344.0,2067,0,0,1,Biker
11,346.0,1223.0,425.0,1344.0,2068,0,0,1,Biker
11,353.0,1223.0,432.0,1344.0,2069,0,0,1,Biker
11,359.0,1223.0,438.0,1344.0,2070,0,0,1,Biker
11,366.0,1223.0,445.0,1344.0,2071,0,0,1,Biker
11,372.0,1223.0,451.0,1344.0,2072,0,0,1,Biker
11,379.0,1223.0,458.0,1344.0,2073,0,0,1,Biker
11,384.0,1223.0,464.0,1344.0,2074,0,0,1,Biker
11,392.0,1223.0,471.0,1344.0,2075,0,0,1,Biker
11,399.0,1223.0,478.0,1344.0,2076,0,0,1,Biker
11,405.0,1223.0,484.0,1344.0,2077,0,0,1,Biker
11,412.0,1223.0,491.0,1344.0,2078,0,0,1,Biker
11,418.0,1223.0,497.0,1344.0,2079,0,0,1,Biker
11,425.0,1223.0,504.0,1344.0,2080,0,0,1,Biker
11,432.0,1227.0,511.0,1349.0,2081,0,0,0,Biker
12,709.0,1374.0,760.0,1416.0,2000,0,0,0,Pedestrian
12,707.0,1369.0,758.0,1411.0,2001,0,0,1,Pedestrian
12,705.0,1369.0,756.0,1411.0,2002,0,0,1,Pedestrian
12,705.0,1369.0,756.0,1411.0,2003,0,0,1,Pedestrian
12,703.0,1369.0,755.0,1411.0,2004,0,0,1,Pedestrian
12,701.0,1369.0,753.0,1411.0,2005,0,0,1,Pedestrian
12,701.0,1369.0,753.0,1411.0,2006,0,0,1,Pedestrian
12,699.0,1369.0,751.0,1411.0,2007,0,0,1,Pedestrian
12,697.0,1369.0,751.0,1411.0,2008,0,0,1,Pedestrian
12,697.0,1369.0,749.0,1411.0,2009,0,0,1,Pedestrian
12,696.0,1369.0,747.0,1411.0,2010,0,0,1,Pedestrian
12,696.0,1369.0,747.0,1411.0,2011,0,0,1,Pedestrian
12,694.0,1369.0,745.0,1411.0,2012,0,0,1,Pedestrian
12,692.0,1369.0,745.0,1411.0,2013,0,0,1,Pedestrian
12,692.0,1369.0,744.0,1411.0,2014,0,0,1,Pedestrian
12,690.0,1369.0,742.0,1411.0,2015,0,0,1,Pedestrian
12,688.0,1369.0,742.0,1411.0,2016,0,0,1,Pedestrian
12,688.0,1369.0,740.0,1411.0,2017,0,0,1,Pedestrian
12,686.0,1369.0,740.0,1411.0,2018,0,0,1,Pedestrian
12,686.0,1369.0,738.0,1411.0,2019,0,0,1,Pedestrian
12,685.0,1369.0,736.0,1411.0,2020,0,0,1,Pedestrian
12,683.0,1365.0,736.0,1407.0,2021,0,0,1,Pedestrian
12,683.0,1365.0,734.0,1407.0,2022,0,0,1,Pedestrian
12,681.0,1365.0,734.0,1407.0,2023,0,0,1,Pedestrian
12,679.0,1365.0,732.0,1407.0,2024,0,0,1,Pedestrian
12,679.0,1365.0,731.0,1407.0,2025,0,0,1,Pedestrian
12,677.0,1365.0,731.0,1407.0,2026,0,0,1,Pedestrian
12,677.0,1365.0,729.0,1407.0,2027,0,0,1,Pedestrian
12,675.0,1365.0,729.0,1407.0,2028,0,0,1,Pedestrian
12,674.0,1365.0,727.0,1407.0,2029,0,0,1,Pedestrian
12,674.0,1365.0,725.0,1407.0,2030,0,0,1,Pedestrian
12,672.0,1365.0,725.0,1407.0,2031,0,0,1,Pedestrian
12,670.0,1365.0,723.0,1407.0,2032,0,0,1,Pedestrian
12,670.0,1365.0,723.0,1407.0,2033,0,0,1,Pedestrian
12,668.0,1365.0,721.0,1407.0,2034,0,0,1,Pedestrian
12,666.0,1365.0,720.0,1407.0,2035,0,0,1,Pedestrian
12,666.0,1365.0,720.0,1407.0,2036,0,0,1,Pedestrian
12,664.0,1365.0,718.0,1407.0,2037,0,0,1,Pedestrian
12,664.0,1365.0,718.0,1407.0,2038,0,0,1,Pedestrian
12,663.0,1365.0,716.0,1407.0,2039,0,0,1,Pedestrian
12,661.0,1365.0,714.0,1407.0,2040,0,0,1,Pedestrian
12,661.0,1361.0,714.0,1403.0,2041,0,0,1,Pedestrian
12,659.0,1361.0,712.0,1403.0,2042,0,0,1,Pedestrian
12,657.0,1361.0,710.0,1403.0,2043,0,0,1,Pedestrian
12,657.0,1361.0,710.0,1403.0,2044,0,0,1,Pedestrian
12,655.0,1361.0,709.0,1403.0,2045,0,0,1,Pedestrian
12,655.0,1361.0,709.0,1403.0,2046,0,0,1,Pedestrian
12,653.0,1361.0,707.0,1403.0,2047,0,0,1,Pedestrian
12,651.0,1361.0,705.0,1403.0,2048,0,0,1,Pedestrian
12,651.0,1361.0,705.0,1403.0,2049,0,0,1,Pedestrian
12,650.0,1361.0,703.0,1403.0,2050,0,0,1,Pedestrian
12,648.0,1361.0,703.0,1403.0,2051,0,0,1,Pedestrian
12,648.0,1361.0,701.0,1403.0,2052,0,0,1,Pedestrian
12,646.0,1361.0,699.0,1403.0,2053,0,0,1,Pedestrian
12,646.0,1361.0,699.0,1403.0,2054,0,0,1,Pedestrian
12,644.0,1361.0,697.0,1403.0,2055,0,0,1,Pedestrian
12,642.0,1361.0,697.0,1403.0,2056,0,0,1,Pedestrian
12,642.0,1361.0,696.0,1403.0,2057,0,0,1,Pedestrian
12,640.0,1361.0,694.0,1403.0,2058,0,0,1,Pedestrian
12,639.0,1361.0,694.0,1403.0,2059,0,0,1,Pedestrian
12,639.0,1361.0,692.0,1403.0,2060,0,0,1,Pedestrian
12,637.0,1357.0,692.0,1399.0,2061,0,0,1,Pedestrian
12,635.0,1357.0,690.0,1399.0,2062,0,0,1,Pedestrian
12,635.0,1357.0,688.0,1399.0,2063,0,0,1,Pedestrian
12,633.0,1357.0,688.0,1399.0,2064,0,0,1,Pedestrian
12,633.0,1357.0,686.0,1399.0,2065,0,0,1,Pedestrian
12,631.0,1357.0,686.0,1399.0,2066,0,0,1,Pedestrian
12,629.0,1357.0,685.0,1399.0,2067,0,0,1,Pedestrian
12,629.0,1357.0,683.0,1399.0,2068,0,0,1,Pedestrian
12,628.0,1357.0,683.0,1399.0,2069,0,0,1,Pedestrian
12,626.0,1357.0,681.0,1399.0,2070,0,0,1,Pedestrian
12,626.0,1357.0,681.0,1399.0,2071,0,0,1,Pedestrian
12,624.0,1357.0,679.0,1399.0,2072,0,0,1,Pedestrian
12,624.0,1357.0,677.0,1399.0,2073,0,0,1,Pedestrian
12,622.0,1357.0,677.0,1399.0,2074,0,0,1,Pedestrian
12,620.0,1357.0,675.0,1399.0,2075,0,0,1,Pedestrian
12,620.0,1357.0,675.0,1399.0,2076,0,0,1,Pedestrian
12,618.0,1357.0,674.0,1399.0,2077,0,0,1,Pedestrian
12,616.0,1357.0,672.0,1399.0,2078,0,0,1,Pedestrian
12,616.0,1357.0,672.0,1399.0,2079,0,0,1,Pedestrian
12,615.0,1357.0,670.0,1399.0,2080,0,0,1,Pedestrian
12,615.0,1357.0,670.0,1399.0,2081,0,0,0,Pedestrian
13,1302.0,1537.0,1324.0,1604.0,1000,1,0,0,Pedestrian
13,1300.0,1537.0,1324.0,1600.0,1001,1,0,1,Pedestrian
13,1300.0,1537.0,1324.0,1600.0,1002,1,0,1,Pedestrian
13,1300.0,1537.0,1324.0,1600.0,1003,1,0,1,Pedestrian
13,1300.0,1537.0,1324.0,1600.0,1004,1,0,1,Pedestrian
13,1300.0,1537.0,1324.0,1600.0,1005,1,0,1,Pedestrian
13,1300.0,1537.0,1324.0,1600.0,1006,1,0,1,Pedestrian
13,1300.0,1537.0,1324.0,1600.0,1007,1,0,1,Pedestrian
13,1300.0,1537.0,1324.0,1600.0,1008,1,0,1,Pedestrian
13,1300.0,1537.0,1324.0,1600.0,1009,1,0,1,Pedestrian
13,1300.0,1537.0,1324.0,1600.0,1010,1,0,1,Pedestrian
13,1300.0,1537.0,1324.0,1600.0,1011,1,0,1,Pedestrian
13,1300.0,1537.0,1324.0,1600.0,1012,1,0,1,Pedestrian
13,1300.0,1537.0,1324.0,1600.0,1013,1,0,1,Pedestrian
13,1300.0,1537.0,1324.0,1600.0,1014,1,0,1,Pedestrian
13,1300.0,1537.0,1324.0,1600.0,1015,1,0,1,Pedestrian
13,1300.0,1537.0,1324.0,1600.0,1016,1,0,1,Pedestrian
13,1300.0,1537.0,1324.0,1600.0,1017,1,0,1,Pedestrian
13,1300.0,1537.0,1324.0,1600.0,1018,1,0,1,Pedestrian
13,1300.0,1537.0,1324.0,1600.0,1019,1,0,1,Pedestrian
13,1300.0,1537.0,1324.0,1600.0,1020,1,0,1,Pedestrian
13,1300.0,1537.0,1324.0,1600.0,1021,1,0,1,Pedestrian
13,1300.0,1537.0,1324.0,1600.0,1022,1,0,1,Pedestrian
13,1300.0,1537.0,1324.0,1600.0,1023,1,0,1,Pedestrian
13,1300.0,1537.0,1324.0,1600.0,1024,1,0,1,Pedestrian
13,1300.0,1537.0,1324.0,1600.0,1025,1,0,1,Pedestrian
13,1300.0,1537.0,1324.0,1600.0,1026,1,0,1,Pedestrian
13,1300.0,1537.0,1324.0,1600.0,1027,1,0,1,Pedestrian
13,1300.0,1537.0,1324.0,1600.0,1028,1,0,1,Pedestrian
13,1300.0,1537.0,1324.0,1600.0,1029,1,0,1,Pedestrian
13,1300.0,1537.0,1324.0,1600.0,1030,1,0,1,Pedestrian
13,1300.0,1537.0,1324.0,1600.0,1031,1,0,1,Pedestrian
13,1300.0,1537.0,1324.0,1600.0,1032,1,0,1,Pedestrian
13,1300.0,1537.0,1324.0,1600.0,1033,1,0,1,Pedestrian
13,1300.0,1537.0,1324.0,1600.0,1034,1,0,1,Pedestrian
13,1300.0,1537.0,1324.0,1600.0,1035,1,0,1,Pedestrian
13,1300.0,1537.0,1324.0,1600.0,1036,1,0,1,Pedestrian
13,1300.0,1537.0,1324.0,1600.0,1037,1,0,1,Pedestrian
13,1300.0,1537.0,1324.0,1600.0,1038,1,0,1,Pedestrian
13,1300.0,1537.0,1324.0,1600.0,1039,1,0,1,Pedestrian
13,1300.0,1537.0,1324.0,1600.0,1040,1,0,1,Pedestrian
13,1300.0,1537.0,1324.0,1600.0,1041,1,0,1,Pedestrian
13,1300.0,1537.0,1324.0,1600.0,1042,1,0,1,Pedestrian
13,1300.0,1537.0,1324.0,1600.0,1043,1,0,1,Pedestrian
13,1300.0,1537.0,1324.0,1600.0,1044,1,0,1,Pedestrian
13,1300.0,1537.0,1324.0,1600.0,1045,1,0,1,Pedestrian
13,1300.0,1537.0,1324.0,1600.0,1046,1,0,1,Pedestrian
13,1300.0,1537.0,1324.0,1600.0,1047,1,0,1,Pedestrian
13,1300.0,1537.0,1324.0,1600.0,1048,1,0,1,Pedestrian
13,1300.0,1537.0,1324.0,1600.0,1049,1,0,1,Pedestrian
13,1300.0,1537.0,1324.0,1600.0,1050,1,0,1,Pedestrian
13,1300.0,1537.0,1324.0,1600.0,1051,1,0,1,Pedestrian
13,1300.0,1537.0,1324.0,1600.0,1052,1,0,1,Pedestrian
13,1300.0,1537.0,1324.0,1600.0,1053,1,0,1,Pedestrian
13,1300.0,1537.0,1324.0,1600.0,1054,1,0,1,Pedestrian
13,1300.0,1537.0,1324.0,1600.0,1055,1,0,1,Pedestrian
13,1300.0,1537.0,1324.0,1600.0,1056,1,0,1,Pedestrian
13,1300.0,1537.0,1324.0,1600.0,1057,1,0,1,Pedestrian
13,1300.0,1537.0,1324.0,1600.0,1058,1,0,1,Pedestrian
13,1300.0,1537.0,1324.0,1600.0,1059,1,0,1,Pedestrian
13,1300.0,1537.0,1324.0,1600.0,1060,1,0,1,Pedestrian
13,1300.0,1537.0,1324.0,1600.0,1061,1,0,1,Pedestrian
13,1300.0,1537.0,1324.0,1600.0,1062,1,0,1,Pedestrian
13,1300.0,1537.0,1324.0,1600.0,1063,1,0,1,Pedestrian
13,1300.0,1537.0,1324.0,1600.0,1064,1,0,1,Pedestrian
13,1300.0,1537.0,1324.0,1600.0,1065,1,0,1,Pedestrian
13,1300.0,1537.0,1324.0,1600.0,1066,1,0,1,Pedestrian
13,1300.0,1537.0,1324.0,1600.0,1067,1,0,1,Pedestrian
13,1300.0,1537.0,1324.0,1600.0,1068,1,0,1,Pedestrian
13,1300.0,1537.0,1324.0,1600.0,1069,1,0,1,Pedestrian
13,1300.0,1537.0,1324.0,1600.0,1070,1,0,1,Pedestrian
13,1300.0,1537.0,1324.0,1600.0,1071,1,0,1,Pedestrian
13,1300.0,1537.0,1324.0,1600.0,1072,1,0,1,Pedestrian
13,1300.0,1537.0,1324.0,1600.0,1073,1,0,1,Pedestrian
13,1300.0,1537.0,1324.0,1600.0,1074,1,0,1,Pedestrian
13,1300.0,1537.0,1324.0,1600.0,1075,1,0,1,Pedestrian
13,1300.0,1537.0,1324.0,1600.0,1076,1,0,1,Pedestrian
13,1300.0,1537.0,1324.0,1600.0,1077,1,0,1,Pedestrian
13,1300.0,1537.0,1324.0,1600.0,1078,1,0,1,Pedestrian
13,1300.0,1537.0,1324.0,1600.0,1079,1,0,1,Pedestrian
13,1300.0,1537.0,1324.0,1600.0,1080,1,0,1,Pedestrian
13,1300.0,1537.0,1324.0,1600.0,1081,1,0,1,Pedestrian
13,1300.0,1537.0,1324.0,1600.0,1082,1,0,1,Pedestrian
13,1300.0,1537.0,1324.0,1600.0,1083,1,0,1,Pedestrian
13,1300.0,1537.0,1324.0,1600.0,1084,1,0,1,Pedestrian
13,1300.0,1537.0,1324.0,1600.0,1085,1,0,1,Pedestrian
13,1300.0,1537.0,1324.0,1600.0,1086,1,0,1,Pedestrian
13,1300.0,1537.0,1324.0,1600.0,1087,1,0,1,Pedestrian
13,1300.0,1537.0,1324.0,1600.0,1088,1,0,1,Pedestrian
13,1300.0,1537.0,1324.0,1600.0,1089,1,0,1,Pedestrian
13,1300.0,1537.0,1324.0,1600.0,1090,1,0,1,Pedestrian
13,1300.0,1537.0,1324.0,1600.0,1091,1,0,1,Pedestrian
13,1300.0,1537.0,1324.0,1600.0,1092,1,0,1,Pedestrian
13,1300.0,1537.0,1324.0,1600.0,1093,1,0,1,Pedestrian
13,1300.0,1537.0,1324.0,1600.0,1094,1,0,1,Pedestrian
13,1300.0,1537.0,1324.0,1600.0,1095,1,0,1,Pedestrian
13,1300.0,1537.0,1324.0,1600.0,1096,1,0,1,Pedestrian
13,1300.0,1537.0,1324.0,1600.0,1097,1,0,1,Pedestrian
13,1300.0,1537.0,1324.0,1600.0,1098,1,0,1,Pedestrian
13,1300.0,1537.0,1324.0,1600.0,1099,1,0,1,Pedestrian
13,1300.0,1537.0,1324.0,1600.0,1100,1,0,1,Pedestrian
13,1300.0,1537.0,1324.0,1600.0,1101,1,0,1,Pedestrian
13,1300.0,1537.0,1324.0,1600.0,1102,1,0,1,Pedestrian
13,1300.0,1537.0,1324.0,1600.0,1103,1,0,1,Pedestrian
13,1300.0,1537.0,1324.0,1600.0,1104,1,0,1,Pedestrian
13,1300.0,1537.0,1324.0,1600.0,1105,1,0,1,Pedestrian
13,1300.0,1537.0,1324.0,1600.0,1106,1,0,1,Pedestrian
13,1300.0,1537.0,1324.0,1600.0,1107,1,0,1,Pedestrian
13,1300.0,1537.0,1324.0,1600.0,1108,1,0,1,Pedestrian
13,1300.0,1537.0,1324.0,1600.0,1109,1,0,1,Pedestrian
13,1300.0,1537.0,1324.0,1600.0,1110,1,0,1,Pedestrian
13,1300.0,1537.0,1324.0,1600.0,1111,1,0,1,Pedestrian
13,1300.0,1537.0,1324.0,1600.0,1112,1,0,1,Pedestrian
13,1300.0,1537.0,1324.0,1600.0,1113,1,0,1,Pedestrian
13,1300.0,1537.0,1324.0,1600.0,1114,1,0,1,Pedestrian
13,1300.0,1537.0,1324.0,1600.0,1115,1,0,1,Pedestrian
13,1300.0,1537.0,1324.0,1600.0,1116,1,0,1,Pedestrian
13,1300.0,1537.0,1324.0,1600.0,1117,1,0,1,Pedestrian
13,1300.0,1537.0,1324.0,1600.0,1118,1,0,1,Pedestrian
13,1300.0,1537.0,1324.0,1600.0,1119,1,0,1,Pedestrian
13,1300.0,1537.0,1324.0,1600.0,1120,1,0,1,Pedestrian
13,1300.0,1537.0,1324.0,1600.0,1121,1,0,1,Pedestrian
13,1300.0,1537.0,1324.0,1600.0,1122,1,0,1,Pedestrian
13,1300.0,1537.0,1324.0,1600.0,1123,1,0,1,Pedestrian
13,1300.0,1537.0,1324.0,1600.0,1124,1,0,1,Pedestrian
13,1300.0,1537.0,1324.0,1600.0,1125,1,0,1,Pedestrian
13,1300.0,1537.0,1324.0,1600.0,1126,1,0,1,Pedestrian
13,1298.0,1537.0,1324.0,1600.0,1127,1,0,1,Pedestrian
13,1298.0,1537.0,1324.0,1600.0,1128,1,0,1,Pedestrian
13,1298.0,1537.0,1324.0,1600.0,1129,1,0,1,Pedestrian
13,1298.0,1537.0,1324.0,1600.0,1130,1,0,1,Pedestrian
13,1298.0,1537.0,1324.0,1600.0,1131,1,0,1,Pedestrian
13,1298.0,1537.0,1324.0,1600.0,1132,1,0,1,Pedestrian
13,1298.0,1537.0,1324.0,1600.0,1133,1,0,1,Pedestrian
13,1298.0,1537.0,1324.0,1600.0,1134,1,0,1,Pedestrian
13,1298.0,1537.0,1324.0,1600.0,1135,1,0,1,Pedestrian
13,1298.0,1537.0,1324.0,1600.0,1136,1,0,1,Pedestrian
13,1298.0,1537.0,1324.0,1600.0,1137,1,0,1,Pedestrian
13,1298.0,1537.0,1324.0,1600.0,1138,1,0,1,Pedestrian
13,1298.0,1537.0,1324.0,1600.0,1139,1,0,1,Pedestrian
13,1298.0,1537.0,1324.0,1600.0,1140,1,0,1,Pedestrian
13,1298.0,1537.0,1324.0,1600.0,1141,1,0,1,Pedestrian
13,1298.0,1537.0,1324.0,1600.0,1142,1,0,1,Pedestrian
13,1298.0,1537.0,1324.0,1600.0,1143,1,0,1,Pedestrian
13,1298.0,1537.0,1324.0,1600.0,1144,1,0,1,Pedestrian
13,1298.0,1537.0,1324.0,1600.0,1145,1,0,1,Pedestrian
13,1298.0,1537.0,1324.0,1600.0,1146,1,0,1,Pedestrian
13,1298.0,1537.0,1324.0,1600.0,1147,1,0,1,Pedestrian
13,1298.0,1537.0,1324.0,1600.0,1148,1,0,1,Pedestrian
13,1298.0,1537.0,1324.0,1600.0,1149,1,0,1,Pedestrian
13,1298.0,1537.0,1324.0,1600.0,1150,1,0,1,Pedestrian
13,1298.0,1537.0,1324.0,1600.0,1151,1,0,1,Pedestrian
13,1298.0,1537.0,1324.0,1600.0,1152,1,0,1,Pedestrian
13,1298.0,1537.0,1324.0,1600.0,1153,1,0,1,Pedestrian
13,1298.0,1537.0,1324.0,1600.0,1154,1,0,1,Pedestrian
13,1298.0,1537.0,1324.0,1600.0,1155,1,0,1,Pedestrian
13,1298.0,1537.0,1324.0,1600.0,1156,1,0,1,Pedestrian
13,1298.0,1537.0,1324.0,1600.0,1157,1,0,1,Pedestrian
13,1298.0,1537.0,1324.0,1600.0,1158,1,0,1,Pedestrian
13,1298.0,1537.0,1324.0,1600.0,1159,1,0,1,Pedestrian
13,1298.0,1537.0,1324.0,1600.0,1160,1,0,1,Pedestrian
13,1298.0,1537.0,1324.0,1600.0,1161,1,0,1,Pedestrian
13,1298.0,1537.0,1324.0,1600.0,1162,1,0,1,Pedestrian
13,1298.0,1537.0,1324.0,1600.0,1163,1,0,1,Pedestrian
13,1298.0,1537.0,1324.0,1600.0,1164,1,0,1,Pedestrian
13,1298.0,1537.0,1324.0,1600.0,1165,1,0,1,Pedestrian
13,1298.0,1537.0,1324.0,1600.0,1166,1,0,1,Pedestrian
13,1298.0,1537.0,1324.0,1600.0,1167,1,0,1,Pedestrian
13,1298.0,1537.0,1324.0,1600.0,1168,1,0,1,Pedestrian
13,1298.0,1537.0,1324.0,1600.0,1169,1,0,1,Pedestrian
13,1298.0,1537.0,1324.0,1600.0,1170,1,0,1,Pedestrian
13,1298.0,1537.0,1324.0,1600.0,1171,1,0,1,Pedestrian
13,1298.0,1537.0,1324.0,1600.0,1172,1,0,1,Pedestrian
13,1298.0,1537.0,1324.0,1600.0,1173,1,0,1,Pedestrian
13,1298.0,1537.0,1324.0,1600.0,1174,1,0,1,Pedestrian
13,1298.0,1537.0,1324.0,1600.0,1175,1,0,1,Pedestrian
13,1298.0,1537.0,1324.0,1600.0,1176,1,0,1,Pedestrian
13,1298.0,1537.0,1324.0,1600.0,1177,1,0,1,Pedestrian
13,1298.0,1537.0,1324.0,1600.0,1178,1,0,1,Pedestrian
13,1298.0,1537.0,1324.0,1600.0,1179,1,0,1,Pedestrian
13,1298.0,1537.0,1324.0,1600.0,1180,1,0,1,Pedestrian
13,1298.0,1537.0,1324.0,1600.0,1181,1,0,1,Pedestrian
13,1298.0,1537.0,1324.0,1600.0,1182,1,0,1,Pedestrian
13,1298.0,1537.0,1324.0,1600.0,1183,1,0,1,Pedestrian
13,1298.0,1537.0,1324.0,1600.0,1184,1,0,1,Pedestrian
13,1298.0,1537.0,1324.0,1600.0,1185,1,0,1,Pedestrian
13,1298.0,1537.0,1324.0,1600.0,1186,1,0,1,Pedestrian
13,1298.0,1537.0,1324.0,1600.0,1187,1,0,1,Pedestrian
13,1298.0,1537.0,1324.0,1600.0,1188,1,0,1,Pedestrian
13,1298.0,1537.0,1324.0,1600.0,1189,1,0,1,Pedestrian
13,1298.0,1537.0,1324.0,1600.0,1190,1,0,1,Pedestrian
13,1298.0,1537.0,1324.0,1600.0,1191,1,0,1,Pedestrian
13,1298.0,1537.0,1324.0,1600.0,1192,1,0,1,Pedestrian
13,1298.0,1537.0,1324.0,1600.0,1193,1,0,1,Pedestrian
13,1298.0,1537.0,1324.0,1600.0,1194,1,0,1,Pedestrian
13,1298.0,1537.0,1324.0,1600.0,1195,1,0,1,Pedestrian
13,1298.0,1537.0,1324.0,1600.0,1196,1,0,1,Pedestrian
13,1298.0,1537.0,1324.0,1600.0,1197,1,0,1,Pedestrian
13,1298.0,1537.0,1324.0,1600.0,1198,1,0,1,Pedestrian
13,1298.0,1537.0,1324.0,1600.0,1199,1,0,1,Pedestrian
13,1298.0,1537.0,1324.0,1600.0,1200,1,0,1,Pedestrian
13,1298.0,1537.0,1324.0,1600.0,1201,1,0,1,Pedestrian
13,1298.0,1537.0,1324.0,1600.0,1202,1,0,1,Pedestrian
13,1298.0,1537.0,1324.0,1600.0,1203,1,0,1,Pedestrian
13,1298.0,1537.0,1324.0,1600.0,1204,1,0,1,Pedestrian
13,1298.0,1537.0,1324.0,1600.0,1205,1,0,1,Pedestrian
13,1298.0,1537.0,1324.0,1600.0,1206,1,0,1,Pedestrian
13,1298.0,1537.0,1324.0,1600.0,1207,1,0,1,Pedestrian
13,1298.0,1537.0,1324.0,1600.0,1208,1,0,1,Pedestrian
13,1298.0,1537.0,1324.0,1600.0,1209,1,0,1,Pedestrian
13,1298.0,1537.0,1324.0,1600.0,1210,1,0,1,Pedestrian
13,1298.0,1537.0,1324.0,1600.0,1211,1,0,1,Pedestrian
13,1298.0,1537.0,1324.0,1600.0,1212,1,0,1,Pedestrian
13,1298.0,1537.0,1324.0,1600.0,1213,1,0,1,Pedestrian
13,1298.0,1537.0,1324.0,1600.0,1214,1,0,1,Pedestrian
13,1298.0,1537.0,1324.0,1600.0,1215,1,0,1,Pedestrian
13,1298.0,1537.0,1324.0,1600.0,1216,1,0,1,Pedestrian
13,1298.0,1537.0,1324.0,1600.0,1217,1,0,1,Pedestrian
13,1298.0,1537.0,1324.0,1600.0,1218,1,0,1,Pedestrian
13,1298.0,1537.0,1324.0,1600.0,1219,1,0,1,Pedestrian
13,1298.0,1537.0,1324.0,1600.0,1220,1,0,1,Pedestrian
13,1298.0,1537.0,1324.0,1600.0,1221,1,0,1,Pedestrian
13,1298.0,1537.0,1324.0,1600.0,1222,1,0,1,Pedestrian
13,1298.0,1537.0,1324.0,1600.0,1223,1,0,1,Pedestrian
13,1298.0,1537.0,1324.0,1600.0,1224,1,0,1,Pedestrian
13,1298.0,1537.0,1324.0,1600.0,1225,1,0,1,Pedestrian
13,1298.0,1537.0,1324.0,1600.0,1226,1,0,1,Pedestrian
13,1298.0,1537.0,1324.0,1600.0,1227,1,0,1,Pedestrian
13,1298.0,1537.0,1324.0,1600.0,1228,1,0,1,Pedestrian
13,1298.0,1537.0,1324.0,1600.0,1229,1,0,1,Pedestrian
13,1298.0,1537.0,1324.0,1600.0,1230,1,0,1,Pedestrian
13,1298.0,1537.0,1324.0,1600.0,1231,1,0,1,Pedestrian
13,1298.0,1537.0,1324.0,1600.0,1232,1,0,1,Pedestrian
13,1298.0,1537.0,1324.0,1600.0,1233,1,0,1,Pedestrian
13,1298.0,1537.0,1324.0,1600.0,1234,1,0,1,Pedestrian
13,1298.0,1537.0,1324.0,1600.0,1235,1,0,1,Pedestrian
13,1298.0,1537.0,1324.0,1600.0,1236,1,0,1,Pedestrian
13,1298.0,1537.0,1324.0,1600.0,1237,1,0,1,Pedestrian
13,1298.0,1537.0,1324.0,1600.0,1238,1,0,1,Pedestrian
13,1298.0,1537.0,1324.0,1600.0,1239,1,0,1,Pedestrian
13,1298.0,1537.0,1324.0,1600.0,1240,1,0,1,Pedestrian
13,1298.0,1537.0,1324.0,1600.0,1241,1,0,1,Pedestrian
13,1298.0,1537.0,1324.0,1600.0,1242,1,0,1,Pedestrian
13,1298.0,1537.0,1324.0,1600.0,1243,1,0,1,Pedestrian
13,1298.0,1537.0,1324.0,1600.0,1244,1,0,1,Pedestrian
13,1298.0,1537.0,1324.0,1600.0,1245,1,0,1,Pedestrian
13,1298.0,1537.0,1324.0,1600.0,1246,1,0,1,Pedestrian
13,1298.0,1537.0,1324.0,1600.0,1247,1,0,1,Pedestrian
13,1298.0,1537.0,1324.0,1600.0,1248,1,0,1,Pedestrian
13,1298.0,1537.0,1324.0,1600.0,1249,1,0,1,Pedestrian
13,1298.0,1537.0,1324.0,1600.0,1250,1,0,1,Pedestrian
13,1298.0,1537.0,1324.0,1600.0,1251,1,0,1,Pedestrian
13,1298.0,1537.0,1324.0,1600.0,1252,1,0,1,Pedestrian
13,1296.0,1537.0,1324.0,1600.0,1253,1,0,1,Pedestrian
13,1296.0,1537.0,1324.0,1600.0,1254,1,0,1,Pedestrian
13,1296.0,1537.0,1324.0,1600.0,1255,1,0,1,Pedestrian
13,1296.0,1537.0,1324.0,1600.0,1256,1,0,1,Pedestrian
13,1296.0,1537.0,1324.0,1600.0,1257,1,0,1,Pedestrian
13,1296.0,1537.0,1324.0,1600.0,1258,1,0,1,Pedestrian
13,1296.0,1537.0,1324.0,1600.0,1259,1,0,1,Pedestrian
13,1296.0,1537.0,1324.0,1600.0,1260,1,0,1,Pedestrian
13,1296.0,1537.0,1324.0,1600.0,1261,1,0,1,Pedestrian
13,1296.0,1537.0,1324.0,1600.0,1262,1,0,1,Pedestrian
13,1296.0,1537.0,1324.0,1600.0,1263,1,0,1,Pedestrian
13,1296.0,1537.0,1324.0,1600.0,1264,1,0,1,Pedestrian
13,1296.0,1537.0,1324.0,1600.0,1265,1,0,1,Pedestrian
13,1296.0,1537.0,1324.0,1600.0,1266,1,0,1,Pedestrian
13,1296.0,1537.0,1324.0,1600.0,1267,1,0,1,Pedestrian
13,1296.0,1537.0,1324.0,1600.0,1268,1,0,1,Pedestrian
13,1296.0,1537.0,1324.0,1600.0,1269,1,0,1,Pedestrian
13,1296.0,1537.0,1324.0,1600.0,1270,1,0,1,Pedestrian
13,1296.0,1537.0,1324.0,1600.0,1271,1,0,1,Pedestrian
13,1296.0,1537.0,1324.0,1600.0,1272,1,0,1,Pedestrian
13,1296.0,1537.0,1324.0,1600.0,1273,1,0,1,Pedestrian
13,1296.0,1537.0,1324.0,1600.0,1274,1,0,1,Pedestrian
13,1296.0,1537.0,1324.0,1600.0,1275,1,0,1,Pedestrian
13,1296.0,1537.0,1324.0,1600.0,1276,1,0,1,Pedestrian
13,1296.0,1537.0,1324.0,1600.0,1277,1,0,1,Pedestrian
13,1296.0,1537.0,1324.0,1600.0,1278,1,0,1,Pedestrian
13,1296.0,1537.0,1324.0,1600.0,1279,1,0,1,Pedestrian
13,1296.0,1537.0,1324.0,1600.0,1280,1,0,1,Pedestrian
13,1296.0,1537.0,1324.0,1600.0,1281,1,0,1,Pedestrian
13,1296.0,1537.0,1324.0,1600.0,1282,1,0,1,Pedestrian
13,1296.0,1537.0,1324.0,1600.0,1283,1,0,1,Pedestrian
13,1296.0,1537.0,1324.0,1600.0,1284,1,0,1,Pedestrian
13,1296.0,1537.0,1324.0,1600.0,1285,1,0,1,Pedestrian
13,1296.0,1537.0,1324.0,1600.0,1286,1,0,1,Pedestrian
13,1296.0,1537.0,1324.0,1600.0,1287,1,0,1,Pedestrian
13,1296.0,1537.0,1324.0,1600.0,1288,1,0,1,Pedestrian
13,1296.0,1537.0,1324.0,1600.0,1289,1,0,1,Pedestrian
13,1296.0,1537.0,1324.0,1600.0,1290,1,0,1,Pedestrian
13,1296.0,1537.0,1324.0,1600.0,1291,1,0,1,Pedestrian
13,1296.0,1537.0,1324.0,1600.0,1292,1,0,1,Pedestrian
13,1296.0,1537.0,1324.0,1600.0,1293,1,0,1,Pedestrian
13,1296.0,1537.0,1324.0,1600.0,1294,1,0,1,Pedestrian
13,1296.0,1537.0,1324.0,1600.0,1295,1,0,1,Pedestrian
13,1296.0,1537.0,1324.0,1600.0,1296,1,0,1,Pedestrian
13,1296.0,1537.0,1324.0,1600.0,1297,1,0,1,Pedestrian
13,1296.0,1537.0,1324.0,1600.0,1298,1,0,1,Pedestrian
13,1296.0,1537.0,1324.0,1600.0,1299,1,0,1,Pedestrian
13,1296.0,1537.0,1324.0,1600.0,1300,1,0,1,Pedestrian
13,1296.0,1537.0,1324.0,1600.0,1301,1,0,1,Pedestrian
13,1296.0,1537.0,1324.0,1600.0,1302,1,0,1,Pedestrian
13,1296.0,1537.0,1324.0,1600.0,1303,1,0,1,Pedestrian
13,1296.0,1537.0,1324.0,1600.0,1304,1,0,1,Pedestrian
13,1296.0,1537.0,1324.0,1600.0,1305,1,0,1,Pedestrian
13,1296.0,1537.0,1324.0,1600.0,1306,1,0,1,Pedestrian
13,1296.0,1537.0,1324.0,1600.0,1307,1,0,1,Pedestrian
13,1296.0,1537.0,1324.0,1600.0,1308,1,0,1,Pedestrian
13,1296.0,1537.0,1324.0,1600.0,1309,1,0,1,Pedestrian
13,1296.0,1537.0,1324.0,1600.0,1310,1,0,1,Pedestrian
13,1296.0,1537.0,1324.0,1600.0,1311,1,0,1,Pedestrian
13,1296.0,1537.0,1324.0,1600.0,1312,1,0,1,Pedestrian
13,1296.0,1537.0,1324.0,1600.0,1313,1,0,1,Pedestrian
13,1296.0,1537.0,1324.0,1600.0,1314,1,0,1,Pedestrian
13,1296.0,1537.0,1324.0,1600.0,1315,1,0,1,Pedestrian
13,1296.0,1537.0,1324.0,1600.0,1316,1,0,1,Pedestrian
13,1296.0,1537.0,1324.0,1600.0,1317,1,0,1,Pedestrian
13,1296.0,1537.0,1324.0,1600.0,1318,1,0,1,Pedestrian
13,1296.0,1537.0,1324.0,1600.0,1319,1,0,1,Pedestrian
13,1296.0,1537.0,1324.0,1600.0,1320,1,0,1,Pedestrian
13,1296.0,1537.0,1324.0,1600.0,1321,1,0,1,Pedestrian
13,1296.0,1537.0,1324.0,1600.0,1322,1,0,1,Pedestrian
13,1296.0,1537.0,1324.0,1600.0,1323,1,0,1,Pedestrian
13,1296.0,1537.0,1324.0,1600.0,1324,1,0,1,Pedestrian
13,1296.0,1537.0,1324.0,1600.0,1325,1,0,1,Pedestrian
13,1296.0,1537.0,1324.0,1600.0,1326,1,0,1,Pedestrian
13,1296.0,1537.0,1324.0,1600.0,1327,1,0,1,Pedestrian
13,1296.0,1537.0,1324.0,1600.0,1328,1,0,1,Pedestrian
13,1296.0,1537.0,1324.0,1600.0,1329,1,0,1,Pedestrian
13,1296.0,1537.0,1324.0,1600.0,1330,1,0,1,Pedestrian
13,1296.0,1537.0,1324.0,1600.0,1331,1,0,1,Pedestrian
13,1296.0,1537.0,1324.0,1600.0,1332,1,0,1,Pedestrian
13,1296.0,1537.0,1324.0,1600.0,1333,1,0,1,Pedestrian
13,1296.0,1537.0,1324.0,1600.0,1334,1,0,1,Pedestrian
13,1296.0,1537.0,1324.0,1600.0,1335,1,0,1,Pedestrian
13,1296.0,1537.0,1324.0,1600.0,1336,1,0,1,Pedestrian
13,1296.0,1537.0,1324.0,1600.0,1337,1,0,1,Pedestrian
13,1296.0,1537.0,1324.0,1600.0,1338,1,0,1,Pedestrian
13,1296.0,1537.0,1324.0,1600.0,1339,1,0,1,Pedestrian
13,1296.0,1537.0,1324.0,1600.0,1340,1,0,1,Pedestrian
13,1296.0,1537.0,1324.0,1600.0,1341,1,0,1,Pedestrian
13,1296.0,1537.0,1324.0,1600.0,1342,1,0,1,Pedestrian
13,1296.0,1537.0,1324.0,1600.0,1343,1,0,1,Pedestrian
13,1296.0,1537.0,1324.0,1600.0,1344,1,0,1,Pedestrian
13,1296.0,1537.0,1324.0,1600.0,1345,1,0,1,Pedestrian
13,1296.0,1537.0,1324.0,1600.0,1346,1,0,1,Pedestrian
13,1296.0,1537.0,1324.0,1600.0,1347,1,0,1,Pedestrian
13,1296.0,1537.0,1324.0,1600.0,1348,1,0,1,Pedestrian
13,1296.0,1537.0,1324.0,1600.0,1349,1,0,1,Pedestrian
13,1296.0,1537.0,1324.0,1600.0,1350,1,0,1,Pedestrian
13,1296.0,1537.0,1324.0,1600.0,1351,1,0,1,Pedestrian
13,1296.0,1537.0,1324.0,1600.0,1352,1,0,1,Pedestrian
13,1296.0,1537.0,1324.0,1600.0,1353,1,0,1,Pedestrian
13,1296.0,1537.0,1324.0,1600.0,1354,1,0,1,Pedestrian
13,1296.0,1537.0,1324.0,1600.0,1355,1,0,1,Pedestrian
13,1296.0,1537.0,1324.0,1600.0,1356,1,0,1,Pedestrian
13,1296.0,1537.0,1324.0,1600.0,1357,1,0,1,Pedestrian
13,1296.0,1537.0,1324.0,1600.0,1358,1,0,1,Pedestrian
13,1296.0,1537.0,1324.0,1600.0,1359,1,0,1,Pedestrian
13,1296.0,1537.0,1324.0,1600.0,1360,1,0,1,Pedestrian
13,1296.0,1537.0,1324.0,1600.0,1361,1,0,1,Pedestrian
13,1296.0,1537.0,1324.0,1600.0,1362,1,0,1,Pedestrian
13,1296.0,1537.0,1324.0,1600.0,1363,1,0,1,Pedestrian
13,1296.0,1537.0,1324.0,1600.0,1364,1,0,1,Pedestrian
13,1296.0,1537.0,1324.0,1600.0,1365,1,0,1,Pedestrian
13,1296.0,1537.0,1324.0,1600.0,1366,1,0,1,Pedestrian
13,1296.0,1537.0,1324.0,1600.0,1367,1,0,1,Pedestrian
13,1296.0,1537.0,1324.0,1600.0,1368,1,0,1,Pedestrian
13,1296.0,1537.0,1324.0,1600.0,1369,1,0,1,Pedestrian
13,1296.0,1537.0,1324.0,1600.0,1370,1,0,1,Pedestrian
13,1296.0,1537.0,1324.0,1600.0,1371,1,0,1,Pedestrian
13,1296.0,1537.0,1324.0,1600.0,1372,1,0,1,Pedestrian
13,1296.0,1537.0,1324.0,1600.0,1373,1,0,1,Pedestrian
13,1296.0,1537.0,1324.0,1600.0,1374,1,0,1,Pedestrian
13,1296.0,1537.0,1324.0,1600.0,1375,1,0,1,Pedestrian
13,1296.0,1537.0,1324.0,1600.0,1376,1,0,1,Pedestrian
13,1296.0,1537.0,1324.0,1600.0,1377,1,0,1,Pedestrian
13,1296.0,1537.0,1324.0,1600.0,1378,0,0,0,Pedestrian
13,1294.0,1533.0,1322.0,1596.0,1379,0,0,1,Pedestrian
13,1294.0,1533.0,1322.0,1596.0,1380,0,0,1,Pedestrian
13,1294.0,1533.0,1322.0,1596.0,1381,0,0,1,Pedestrian
13,1292.0,1533.0,1320.0,1596.0,1382,0,0,1,Pedestrian
13,1292.0,1529.0,1320.0,1592.0,1383,0,0,1,Pedestrian
13,1292.0,1529.0,1320.0,1592.0,1384,0,0,1,Pedestrian
13,1291.0,1529.0,1318.0,1592.0,1385,0,0,1,Pedestrian
13,1291.0,1529.0,1318.0,1592.0,1386,0,0,1,Pedestrian
13,1291.0,1525.0,1318.0,1587.0,1387,0,0,1,Pedestrian
13,1291.0,1525.0,1318.0,1587.0,1388,0,0,1,Pedestrian
13,1289.0,1525.0,1316.0,1587.0,1389,0,0,1,Pedestrian
13,1289.0,1525.0,1316.0,1587.0,1390,0,0,1,Pedestrian
13,1289.0,1525.0,1316.0,1587.0,1391,0,0,1,Pedestrian
13,1287.0,1520.0,1314.0,1583.0,1392,0,0,1,Pedestrian
13,1287.0,1520.0,1314.0,1583.0,1393,0,0,1,Pedestrian
13,1287.0,1520.0,1314.0,1583.0,1394,0,0,1,Pedestrian
13,1287.0,1520.0,1314.0,1583.0,1395,0,0,1,Pedestrian
13,1285.0,1516.0,1313.0,1579.0,1396,0,0,1,Pedestrian
13,1285.0,1516.0,1313.0,1579.0,1397,0,0,1,Pedestrian
13,1285.0,1516.0,1313.0,1579.0,1398,0,0,1,Pedestrian
13,1283.0,1516.0,1311.0,1579.0,1399,0,0,1,Pedestrian
13,1283.0,1512.0,1311.0,1575.0,1400,0,0,1,Pedestrian
13,1283.0,1512.0,1311.0,1575.0,1401,0,0,1,Pedestrian
13,1283.0,1512.0,1311.0,1575.0,1402,0,0,1,Pedestrian
13,1281.0,1512.0,1309.0,1575.0,1403,0,0,1,Pedestrian
13,1281.0,1512.0,1309.0,1575.0,1404,0,0,1,Pedestrian
13,1281.0,1508.0,1309.0,1571.0,1405,0,0,1,Pedestrian
13,1279.0,1508.0,1307.0,1571.0,1406,0,0,1,Pedestrian
13,1279.0,1508.0,1307.0,1571.0,1407,0,0,1,Pedestrian
13,1279.0,1508.0,1307.0,1571.0,1408,0,0,1,Pedestrian
13,1278.0,1504.0,1305.0,1566.0,1409,0,0,1,Pedestrian
13,1278.0,1504.0,1305.0,1566.0,1410,0,0,1,Pedestrian
13,1278.0,1504.0,1305.0,1566.0,1411,0,0,1,Pedestrian
13,1278.0,1504.0,1305.0,1566.0,1412,0,0,1,Pedestrian
13,1276.0,1499.0,1303.0,1562.0,1413,0,0,1,Pedestrian
13,1276.0,1499.0,1303.0,1562.0,1414,0,0,1,Pedestrian
13,1276.0,1499.0,1303.0,1562.0,1415,0,0,1,Pedestrian
13,1274.0,1499.0,1302.0,1562.0,1416,0,0,1,Pedestrian
13,1274.0,1499.0,1302.0,1562.0,1417,0,0,1,Pedestrian
13,1274.0,1495.0,1302.0,1558.0,1418,0,0,1,Pedestrian
13,1274.0,1495.0,1302.0,1558.0,1419,0,0,1,Pedestrian
13,1272.0,1495.0,1300.0,1558.0,1420,0,0,1,Pedestrian
13,1272.0,1495.0,1300.0,1558.0,1421,0,0,1,Pedestrian
13,1272.0,1491.0,1300.0,1554.0,1422,0,0,1,Pedestrian
13,1270.0,1491.0,1298.0,1554.0,1423,0,0,1,Pedestrian
13,1270.0,1491.0,1298.0,1554.0,1424,0,0,1,Pedestrian
13,1270.0,1491.0,1298.0,1554.0,1425,0,0,1,Pedestrian
13,1270.0,1491.0,1298.0,1554.0,1426,0,0,0,Pedestrian
13,1268.0,1487.0,1296.0,1550.0,1427,0,0,1,Pedestrian
13,1268.0,1487.0,1296.0,1550.0,1428,0,0,1,Pedestrian
13,1267.0,1487.0,1294.0,1550.0,1429,0,0,1,Pedestrian
13,1267.0,1487.0,1294.0,1550.0,1430,0,0,1,Pedestrian
13,1265.0,1487.0,1292.0,1550.0,1431,0,0,1,Pedestrian
13,1265.0,1487.0,1292.0,1550.0,1432,0,0,1,Pedestrian
13,1263.0,1487.0,1291.0,1550.0,1433,0,0,1,Pedestrian
13,1263.0,1487.0,1291.0,1550.0,1434,0,0,1,Pedestrian
13,1263.0,1483.0,1291.0,1545.0,1435,0,0,1,Pedestrian
13,1261.0,1483.0,1289.0,1545.0,1436,0,0,1,Pedestrian
13,1261.0,1483.0,1289.0,1545.0,1437,0,0,1,Pedestrian
13,1259.0,1483.0,1287.0,1545.0,1438,0,0,1,Pedestrian
13,1259.0,1483.0,1287.0,1545.0,1439,0,0,1,Pedestrian
13,1257.0,1483.0,1285.0,1545.0,1440,0,0,1,Pedestrian
13,1257.0,1483.0,1285.0,1545.0,1441,0,0,1,Pedestrian
13,1256.0,1483.0,1283.0,1545.0,1442,0,0,1,Pedestrian
13,1256.0,1478.0,1283.0,1541.0,1443,0,0,1,Pedestrian
13,1256.0,1478.0,1283.0,1541.0,1444,0,0,1,Pedestrian
13,1254.0,1478.0,1281.0,1541.0,1445,0,0,1,Pedestrian
13,1254.0,1478.0,1281.0,1541.0,1446,0,0,1,Pedestrian
13,1252.0,1478.0,1279.0,1541.0,1447,0,0,1,Pedestrian
13,1252.0,1478.0,1279.0,1541.0,1448,0,0,1,Pedestrian
13,1250.0,1478.0,1278.0,1541.0,1449,0,0,1,Pedestrian
13,1250.0,1478.0,1278.0,1541.0,1450,0,0,1,Pedestrian
13,1250.0,1474.0,1278.0,1537.0,1451,0,0,1,Pedestrian
13,1248.0,1474.0,1276.0,1537.0,1452,0,0,1,Pedestrian
13,1248.0,1474.0,1276.0,1537.0,1453,0,0,1,Pedestrian
13,1246.0,1474.0,1274.0,1537.0,1454,0,0,1,Pedestrian
13,1246.0,1474.0,1274.0,1537.0,1455,0,0,1,Pedestrian
13,1244.0,1474.0,1272.0,1537.0,1456,0,0,1,Pedestrian
13,1244.0,1474.0,1272.0,1537.0,1457,0,0,1,Pedestrian
13,1243.0,1474.0,1270.0,1537.0,1458,0,0,1,Pedestrian
13,1243.0,1470.0,1270.0,1533.0,1459,0,0,1,Pedestrian
13,1243.0,1470.0,1270.0,1533.0,1460,0,0,1,Pedestrian
13,1241.0,1470.0,1268.0,1533.0,1461,0,0,1,Pedestrian
13,1241.0,1470.0,1268.0,1533.0,1462,0,0,1,Pedestrian
13,1239.0,1470.0,1267.0,1533.0,1463,0,0,1,Pedestrian
13,1239.0,1470.0,1267.0,1533.0,1464,0,0,1,Pedestrian
13,1237.0,1470.0,1265.0,1533.0,1465,0,0,1,Pedestrian
13,1237.0,1470.0,1265.0,1533.0,1466,0,0,1,Pedestrian
13,1237.0,1470.0,1265.0,1533.0,1467,0,0,0,Pedestrian
13,1235.0,1466.0,1263.0,1529.0,1468,0,0,1,Pedestrian
13,1233.0,1466.0,1261.0,1529.0,1469,0,0,1,Pedestrian
13,1232.0,1466.0,1259.0,1529.0,1470,0,0,1,Pedestrian
13,1232.0,1466.0,1259.0,1529.0,1471,0,0,1,Pedestrian
13,1230.0,1466.0,1257.0,1529.0,1472,0,0,1,Pedestrian
13,1228.0,1462.0,1256.0,1525.0,1473,0,0,1,Pedestrian
13,1228.0,1462.0,1256.0,1525.0,1474,0,0,1,Pedestrian
13,1226.0,1462.0,1254.0,1525.0,1475,0,0,1,Pedestrian
13,1224.0,1462.0,1252.0,1525.0,1476,0,0,1,Pedestrian
13,1224.0,1462.0,1252.0,1525.0,1477,0,0,0,Pedestrian
13,1222.0,1457.0,1250.0,1520.0,1478,0,0,1,Pedestrian
13,1222.0,1457.0,1250.0,1520.0,1479,0,0,1,Pedestrian
13,1221.0,1457.0,1248.0,1520.0,1480,0,0,1,Pedestrian
13,1221.0,1457.0,1248.0,1520.0,1481,0,0,1,Pedestrian
13,1221.0,1457.0,1248.0,1520.0,1482,0,0,1,Pedestrian
13,1219.0,1453.0,1246.0,1516.0,1483,0,0,1,Pedestrian
13,1219.0,1453.0,1246.0,1516.0,1484,0,0,1,Pedestrian
13,1217.0,1453.0,1244.0,1516.0,1485,0,0,1,Pedestrian
13,1217.0,1453.0,1244.0,1516.0,1486,0,0,1,Pedestrian
13,1217.0,1453.0,1244.0,1516.0,1487,0,0,1,Pedestrian
13,1215.0,1449.0,1243.0,1512.0,1488,0,0,1,Pedestrian
13,1215.0,1449.0,1243.0,1512.0,1489,0,0,1,Pedestrian
13,1215.0,1449.0,1243.0,1512.0,1490,0,0,1,Pedestrian
13,1213.0,1449.0,1241.0,1512.0,1491,0,0,1,Pedestrian
13,1213.0,1449.0,1241.0,1512.0,1492,0,0,1,Pedestrian
13,1211.0,1445.0,1239.0,1508.0,1493,0,0,1,Pedestrian
13,1211.0,1445.0,1239.0,1508.0,1494,0,0,1,Pedestrian
13,1211.0,1445.0,1239.0,1508.0,1495,0,0,1,Pedestrian
13,1209.0,1445.0,1237.0,1508.0,1496,0,0,1,Pedestrian
13,1209.0,1445.0,1237.0,1508.0,1497,0,0,1,Pedestrian
13,1209.0,1445.0,1237.0,1508.0,1498,0,0,0,Pedestrian
13,1208.0,1441.0,1235.0,1504.0,1499,0,0,1,Pedestrian
13,1206.0,1441.0,1233.0,1504.0,1500,0,0,0,Pedestrian
13,1204.0,1437.0,1232.0,1499.0,1501,0,0,1,Pedestrian
13,1202.0,1437.0,1232.0,1499.0,1502,0,0,1,Pedestrian
13,1202.0,1437.0,1230.0,1499.0,1503,0,0,1,Pedestrian
13,1200.0,1432.0,1230.0,1499.0,1504,0,0,1,Pedestrian
13,1200.0,1432.0,1230.0,1499.0,1505,0,0,1,Pedestrian
13,1198.0,1432.0,1228.0,1499.0,1506,0,0,1,Pedestrian
13,1197.0,1432.0,1228.0,1499.0,1507,0,0,1,Pedestrian
13,1197.0,1428.0,1226.0,1499.0,1508,0,0,1,Pedestrian
13,1195.0,1428.0,1226.0,1499.0,1509,0,0,1,Pedestrian
13,1195.0,1428.0,1226.0,1499.0,1510,0,0,1,Pedestrian
13,1193.0,1428.0,1224.0,1499.0,1511,0,0,1,Pedestrian
13,1193.0,1424.0,1224.0,1499.0,1512,0,0,1,Pedestrian
13,1191.0,1424.0,1222.0,1495.0,1513,0,0,1,Pedestrian
13,1189.0,1424.0,1222.0,1495.0,1514,0,0,1,Pedestrian
13,1189.0,1424.0,1222.0,1495.0,1515,0,0,1,Pedestrian
13,1187.0,1420.0,1221.0,1495.0,1516,0,0,1,Pedestrian
13,1187.0,1420.0,1221.0,1495.0,1517,0,0,1,Pedestrian
13,1186.0,1420.0,1219.0,1495.0,1518,0,0,1,Pedestrian
13,1184.0,1416.0,1219.0,1495.0,1519,0,0,1,Pedestrian
13,1184.0,1416.0,1219.0,1495.0,1520,0,0,1,Pedestrian
13,1182.0,1416.0,1217.0,1495.0,1521,0,0,1,Pedestrian
13,1182.0,1416.0,1217.0,1495.0,1522,0,0,1,Pedestrian
13,1180.0,1411.0,1215.0,1495.0,1523,0,0,1,Pedestrian
13,1180.0,1411.0,1215.0,1495.0,1524,0,0,1,Pedestrian
13,1178.0,1411.0,1215.0,1491.0,1525,0,0,1,Pedestrian
13,1176.0,1411.0,1213.0,1491.0,1526,0,0,1,Pedestrian
13,1176.0,1407.0,1213.0,1491.0,1527,0,0,1,Pedestrian
13,1174.0,1407.0,1211.0,1491.0,1528,0,0,1,Pedestrian
13,1174.0,1407.0,1211.0,1491.0,1529,0,0,1,Pedestrian
13,1173.0,1407.0,1211.0,1491.0,1530,0,0,1,Pedestrian
13,1171.0,1403.0,1209.0,1491.0,1531,0,0,1,Pedestrian
13,1171.0,1403.0,1209.0,1491.0,1532,0,0,1,Pedestrian
13,1169.0,1403.0,1208.0,1491.0,1533,0,0,1,Pedestrian
13,1169.0,1399.0,1208.0,1491.0,1534,0,0,1,Pedestrian
13,1167.0,1399.0,1208.0,1491.0,1535,0,0,1,Pedestrian
13,1167.0,1399.0,1206.0,1491.0,1536,0,0,1,Pedestrian
13,1165.0,1399.0,1206.0,1487.0,1537,0,0,1,Pedestrian
13,1163.0,1395.0,1204.0,1487.0,1538,0,0,1,Pedestrian
13,1163.0,1395.0,1204.0,1487.0,1539,0,0,1,Pedestrian
13,1162.0,1395.0,1204.0,1487.0,1540,0,0,1,Pedestrian
13,1162.0,1395.0,1202.0,1487.0,1541,0,0,1,Pedestrian
13,1160.0,1390.0,1202.0,1487.0,1542,0,0,1,Pedestrian
13,1158.0,1390.0,1200.0,1487.0,1543,0,0,1,Pedestrian
13,1158.0,1390.0,1200.0,1487.0,1544,0,0,1,Pedestrian
13,1156.0,1390.0,1200.0,1487.0,1545,0,0,1,Pedestrian
13,1156.0,1386.0,1198.0,1487.0,1546,0,0,1,Pedestrian
13,1154.0,1386.0,1198.0,1487.0,1547,0,0,1,Pedestrian
13,1154.0,1386.0,1197.0,1487.0,1548,0,0,1,Pedestrian
13,1152.0,1382.0,1197.0,1483.0,1549,0,0,1,Pedestrian
13,1151.0,1382.0,1197.0,1483.0,1550,0,0,1,Pedestrian
13,1151.0,1382.0,1195.0,1483.0,1551,0,0,1,Pedestrian
13,1149.0,1382.0,1195.0,1483.0,1552,0,0,1,Pedestrian
13,1149.0,1378.0,1193.0,1483.0,1553,0,0,1,Pedestrian
13,1147.0,1378.0,1193.0,1483.0,1554,0,0,1,Pedestrian
13,1145.0,1378.0,1193.0,1483.0,1555,0,0,1,Pedestrian
13,1145.0,1378.0,1191.0,1483.0,1556,0,0,1,Pedestrian
13,1143.0,1374.0,1191.0,1483.0,1557,0,0,1,Pedestrian
13,1143.0,1374.0,1189.0,1483.0,1558,0,0,1,Pedestrian
13,1141.0,1374.0,1189.0,1483.0,1559,0,0,1,Pedestrian
13,1141.0,1374.0,1189.0,1483.0,1560,0,0,0,Pedestrian
13,1139.0,1369.0,1187.0,1478.0,1561,0,0,1,Pedestrian
13,1138.0,1369.0,1186.0,1478.0,1562,0,0,1,Pedestrian
13,1138.0,1369.0,1186.0,1478.0,1563,0,0,1,Pedestrian
13,1136.0,1369.0,1184.0,1478.0,1564,0,0,1,Pedestrian
13,1136.0,1369.0,1184.0,1478.0,1565,0,0,1,Pedestrian
13,1134.0,1369.0,1182.0,1478.0,1566,0,0,1,Pedestrian
13,1134.0,1369.0,1182.0,1478.0,1567,0,0,1,Pedestrian
13,1132.0,1369.0,1180.0,1478.0,1568,0,0,1,Pedestrian
13,1132.0,1369.0,1180.0,1478.0,1569,0,0,1,Pedestrian
13,1130.0,1369.0,1178.0,1478.0,1570,0,0,1,Pedestrian
13,1128.0,1369.0,1176.0,1478.0,1571,0,0,1,Pedestrian
13,1128.0,1369.0,1176.0,1478.0,1572,0,0,1,Pedestrian
13,1127.0,1369.0,1174.0,1478.0,1573,0,0,1,Pedestrian
13,1127.0,1369.0,1174.0,1478.0,1574,0,0,1,Pedestrian
13,1125.0,1365.0,1173.0,1474.0,1575,0,0,1,Pedestrian
13,1125.0,1365.0,1173.0,1474.0,1576,0,0,1,Pedestrian
13,1123.0,1365.0,1171.0,1474.0,1577,0,0,1,Pedestrian
13,1123.0,1365.0,1171.0,1474.0,1578,0,0,1,Pedestrian
13,1121.0,1365.0,1169.0,1474.0,1579,0,0,1,Pedestrian
13,1121.0,1365.0,1169.0,1474.0,1580,0,0,1,Pedestrian
13,1119.0,1365.0,1167.0,1474.0,1581,0,0,1,Pedestrian
13,1117.0,1365.0,1165.0,1474.0,1582,0,0,1,Pedestrian
13,1117.0,1365.0,1165.0,1474.0,1583,0,0,1,Pedestrian
13,1116.0,1365.0,1163.0,1474.0,1584,0,0,1,Pedestrian
13,1116.0,1365.0,1163.0,1474.0,1585,0,0,1,Pedestrian
13,1114.0,1365.0,1162.0,1474.0,1586,0,0,1,Pedestrian
13,1114.0,1365.0,1162.0,1474.0,1587,0,0,1,Pedestrian
13,1112.0,1365.0,1160.0,1474.0,1588,0,0,1,Pedestrian
13,1112.0,1361.0,1160.0,1470.0,1589,0,0,1,Pedestrian
13,1110.0,1361.0,1158.0,1470.0,1590,0,0,1,Pedestrian
13,1108.0,1361.0,1156.0,1470.0,1591,0,0,1,Pedestrian
13,1108.0,1361.0,1156.0,1470.0,1592,0,0,1,Pedestrian
13,1106.0,1361.0,1154.0,1470.0,1593,0,0,1,Pedestrian
13,1106.0,1361.0,1154.0,1470.0,1594,0,0,1,Pedestrian
13,1105.0,1361.0,1152.0,1470.0,1595,0,0,1,Pedestrian
13,1105.0,1361.0,1152.0,1470.0,1596,0,0,1,Pedestrian
13,1103.0,1361.0,1151.0,1470.0,1597,0,0,1,Pedestrian
13,1103.0,1361.0,1151.0,1470.0,1598,0,0,1,Pedestrian
13,1101.0,1361.0,1149.0,1470.0,1599,0,0,1,Pedestrian
13,1101.0,1361.0,1149.0,1470.0,1600,0,0,1,Pedestrian
13,1099.0,1361.0,1147.0,1470.0,1601,0,0,1,Pedestrian
13,1097.0,1361.0,1145.0,1470.0,1602,0,0,1,Pedestrian
13,1097.0,1357.0,1145.0,1466.0,1603,0,0,1,Pedestrian
13,1095.0,1357.0,1143.0,1466.0,1604,0,0,1,Pedestrian
13,1095.0,1357.0,1143.0,1466.0,1605,0,0,1,Pedestrian
13,1093.0,1357.0,1141.0,1466.0,1606,0,0,1,Pedestrian
13,1093.0,1357.0,1141.0,1466.0,1607,0,0,1,Pedestrian
13,1092.0,1357.0,1139.0,1466.0,1608,0,0,1,Pedestrian
13,1092.0,1357.0,1139.0,1466.0,1609,0,0,1,Pedestrian
13,1090.0,1357.0,1138.0,1466.0,1610,0,0,1,Pedestrian
13,1088.0,1357.0,1136.0,1466.0,1611,0,0,1,Pedestrian
13,1088.0,1357.0,1136.0,1466.0,1612,0,0,1,Pedestrian
13,1086.0,1357.0,1134.0,1466.0,1613,0,0,1,Pedestrian
13,1086.0,1357.0,1134.0,1466.0,1614,0,0,1,Pedestrian
13,1084.0,1357.0,1132.0,1466.0,1615,0,0,1,Pedestrian
13,1084.0,1357.0,1132.0,1466.0,1616,0,0,1,Pedestrian
13,1082.0,1357.0,1130.0,1466.0,1617,0,0,1,Pedestrian
13,1082.0,1353.0,1130.0,1462.0,1618,0,0,1,Pedestrian
13,1081.0,1353.0,1128.0,1462.0,1619,0,0,1,Pedestrian
13,1081.0,1353.0,1128.0,1462.0,1620,0,0,1,Pedestrian
13,1079.0,1353.0,1127.0,1462.0,1621,0,0,1,Pedestrian
13,1077.0,1353.0,1125.0,1462.0,1622,0,0,1,Pedestrian
13,1077.0,1353.0,1125.0,1462.0,1623,0,0,1,Pedestrian
13,1075.0,1353.0,1123.0,1462.0,1624,0,0,1,Pedestrian
13,1075.0,1353.0,1123.0,1462.0,1625,0,0,1,Pedestrian
13,1073.0,1353.0,1121.0,1462.0,1626,0,0,1,Pedestrian
13,1073.0,1353.0,1121.0,1462.0,1627,0,0,1,Pedestrian
13,1071.0,1353.0,1119.0,1462.0,1628,0,0,1,Pedestrian
13,1071.0,1353.0,1119.0,1462.0,1629,0,0,1,Pedestrian
13,1070.0,1353.0,1117.0,1462.0,1630,0,0,1,Pedestrian
13,1068.0,1353.0,1116.0,1462.0,1631,0,0,1,Pedestrian
13,1068.0,1349.0,1116.0,1457.0,1632,0,0,1,Pedestrian
13,1066.0,1349.0,1114.0,1457.0,1633,0,0,1,Pedestrian
13,1066.0,1349.0,1114.0,1457.0,1634,0,0,1,Pedestrian
13,1064.0,1349.0,1112.0,1457.0,1635,0,0,1,Pedestrian
13,1064.0,1349.0,1112.0,1457.0,1636,0,0,1,Pedestrian
13,1062.0,1349.0,1110.0,1457.0,1637,0,0,1,Pedestrian
13,1062.0,1349.0,1110.0,1457.0,1638,0,0,1,Pedestrian
13,1060.0,1349.0,1108.0,1457.0,1639,0,0,1,Pedestrian
13,1060.0,1349.0,1108.0,1457.0,1640,0,0,1,Pedestrian
13,1058.0,1349.0,1106.0,1457.0,1641,0,0,1,Pedestrian
13,1057.0,1349.0,1105.0,1457.0,1642,0,0,1,Pedestrian
13,1057.0,1349.0,1105.0,1457.0,1643,0,0,1,Pedestrian
13,1055.0,1349.0,1103.0,1457.0,1644,0,0,1,Pedestrian
13,1055.0,1349.0,1103.0,1457.0,1645,0,0,1,Pedestrian
13,1053.0,1344.0,1101.0,1453.0,1646,0,0,1,Pedestrian
13,1053.0,1344.0,1101.0,1453.0,1647,0,0,1,Pedestrian
13,1051.0,1344.0,1099.0,1453.0,1648,0,0,1,Pedestrian
13,1051.0,1344.0,1099.0,1453.0,1649,0,0,1,Pedestrian
13,1049.0,1344.0,1097.0,1453.0,1650,0,0,1,Pedestrian
13,1047.0,1344.0,1095.0,1453.0,1651,0,0,1,Pedestrian
13,1047.0,1344.0,1095.0,1453.0,1652,0,0,1,Pedestrian
13,1046.0,1344.0,1093.0,1453.0,1653,0,0,1,Pedestrian
13,1046.0,1344.0,1093.0,1453.0,1654,0,0,1,Pedestrian
13,1044.0,1344.0,1092.0,1453.0,1655,0,0,1,Pedestrian
13,1044.0,1344.0,1092.0,1453.0,1656,0,0,1,Pedestrian
13,1042.0,1344.0,1090.0,1453.0,1657,0,0,1,Pedestrian
13,1042.0,1344.0,1090.0,1453.0,1658,0,0,1,Pedestrian
13,1040.0,1344.0,1088.0,1453.0,1659,0,0,1,Pedestrian
13,1040.0,1344.0,1088.0,1453.0,1660,0,0,0,Pedestrian
13,1038.0,1344.0,1086.0,1453.0,1661,0,0,1,Pedestrian
13,1036.0,1344.0,1084.0,1453.0,1662,0,0,1,Pedestrian
13,1036.0,1344.0,1084.0,1453.0,1663,0,0,1,Pedestrian
13,1035.0,1344.0,1082.0,1453.0,1664,0,0,1,Pedestrian
13,1035.0,1344.0,1082.0,1453.0,1665,0,0,1,Pedestrian
13,1033.0,1344.0,1081.0,1453.0,1666,0,0,1,Pedestrian
13,1031.0,1344.0,1079.0,1453.0,1667,0,0,1,Pedestrian
13,1031.0,1344.0,1079.0,1453.0,1668,0,0,1,Pedestrian
13,1029.0,1344.0,1077.0,1453.0,1669,0,0,1,Pedestrian
13,1029.0,1344.0,1077.0,1453.0,1670,0,0,1,Pedestrian
13,1027.0,1344.0,1075.0,1453.0,1671,0,0,1,Pedestrian
13,1025.0,1344.0,1073.0,1453.0,1672,0,0,1,Pedestrian
13,1025.0,1344.0,1073.0,1453.0,1673,0,0,1,Pedestrian
13,1023.0,1344.0,1071.0,1453.0,1674,0,0,1,Pedestrian
13,1023.0,1344.0,1071.0,1453.0,1675,0,0,1,Pedestrian
13,1022.0,1344.0,1070.0,1453.0,1676,0,0,1,Pedestrian
13,1020.0,1344.0,1068.0,1453.0,1677,0,0,1,Pedestrian
13,1020.0,1344.0,1068.0,1453.0,1678,0,0,1,Pedestrian
13,1018.0,1344.0,1066.0,1453.0,1679,0,0,1,Pedestrian
13,1018.0,1344.0,1066.0,1453.0,1680,0,0,1,Pedestrian
13,1016.0,1344.0,1064.0,1453.0,1681,0,0,1,Pedestrian
13,1014.0,1344.0,1062.0,1453.0,1682,0,0,1,Pedestrian
13,1014.0,1344.0,1062.0,1453.0,1683,0,0,1,Pedestrian
13,1012.0,1349.0,1060.0,1457.0,1684,0,0,1,Pedestrian
13,1012.0,1349.0,1060.0,1457.0,1685,0,0,1,Pedestrian
13,1011.0,1349.0,1058.0,1457.0,1686,0,0,1,Pedestrian
13,1009.0,1349.0,1057.0,1457.0,1687,0,0,1,Pedestrian
13,1009.0,1349.0,1057.0,1457.0,1688,0,0,1,Pedestrian
13,1007.0,1349.0,1055.0,1457.0,1689,0,0,1,Pedestrian
13,1007.0,1349.0,1055.0,1457.0,1690,0,0,1,Pedestrian
13,1005.0,1349.0,1053.0,1457.0,1691,0,0,1,Pedestrian
13,1003.0,1349.0,1051.0,1457.0,1692,0,0,1,Pedestrian
13,1003.0,1349.0,1051.0,1457.0,1693,0,0,1,Pedestrian
13,1001.0,1349.0,1049.0,1457.0,1694,0,0,1,Pedestrian
13,1001.0,1349.0,1049.0,1457.0,1695,0,0,1,Pedestrian
13,1000.0,1349.0,1047.0,1457.0,1696,0,0,1,Pedestrian
13,998.0,1349.0,1046.0,1457.0,1697,0,0,1,Pedestrian
13,998.0,1349.0,1046.0,1457.0,1698,0,0,1,Pedestrian
13,996.0,1349.0,1044.0,1457.0,1699,0,0,1,Pedestrian
13,996.0,1349.0,1044.0,1457.0,1700,0,0,1,Pedestrian
13,994.0,1349.0,1042.0,1457.0,1701,0,0,1,Pedestrian
13,992.0,1349.0,1040.0,1457.0,1702,0,0,1,Pedestrian
13,992.0,1349.0,1040.0,1457.0,1703,0,0,1,Pedestrian
13,990.0,1349.0,1038.0,1457.0,1704,0,0,1,Pedestrian
13,990.0,1349.0,1038.0,1457.0,1705,0,0,1,Pedestrian
13,988.0,1349.0,1036.0,1457.0,1706,0,0,1,Pedestrian
13,987.0,1353.0,1035.0,1462.0,1707,0,0,1,Pedestrian
13,987.0,1353.0,1035.0,1462.0,1708,0,0,1,Pedestrian
13,985.0,1353.0,1033.0,1462.0,1709,0,0,1,Pedestrian
13,985.0,1353.0,1033.0,1462.0,1710,0,0,1,Pedestrian
13,983.0,1353.0,1031.0,1462.0,1711,0,0,1,Pedestrian
13,981.0,1353.0,1029.0,1462.0,1712,0,0,1,Pedestrian
13,981.0,1353.0,1029.0,1462.0,1713,0,0,1,Pedestrian
13,979.0,1353.0,1027.0,1462.0,1714,0,0,1,Pedestrian
13,979.0,1353.0,1027.0,1462.0,1715,0,0,1,Pedestrian
13,977.0,1353.0,1025.0,1462.0,1716,0,0,1,Pedestrian
13,976.0,1353.0,1023.0,1462.0,1717,0,0,1,Pedestrian
13,976.0,1353.0,1023.0,1462.0,1718,0,0,1,Pedestrian
13,974.0,1353.0,1022.0,1462.0,1719,0,0,1,Pedestrian
13,974.0,1353.0,1022.0,1462.0,1720,0,0,1,Pedestrian
13,972.0,1353.0,1020.0,1462.0,1721,0,0,1,Pedestrian
13,970.0,1353.0,1018.0,1462.0,1722,0,0,1,Pedestrian
13,970.0,1353.0,1018.0,1462.0,1723,0,0,1,Pedestrian
13,968.0,1353.0,1016.0,1462.0,1724,0,0,1,Pedestrian
13,968.0,1353.0,1016.0,1462.0,1725,0,0,1,Pedestrian
13,966.0,1353.0,1014.0,1462.0,1726,0,0,1,Pedestrian
13,965.0,1353.0,1012.0,1462.0,1727,0,0,1,Pedestrian
13,965.0,1353.0,1012.0,1462.0,1728,0,0,1,Pedestrian
13,963.0,1353.0,1011.0,1462.0,1729,0,0,1,Pedestrian
13,963.0,1357.0,1011.0,1466.0,1730,0,0,0,Pedestrian
13,961.0,1353.0,1009.0,1462.0,1731,0,0,1,Pedestrian
13,959.0,1353.0,1007.0,1462.0,1732,0,0,1,Pedestrian
13,959.0,1353.0,1007.0,1462.0,1733,0,0,1,Pedestrian
13,957.0,1353.0,1005.0,1462.0,1734,0,0,1,Pedestrian
13,957.0,1353.0,1005.0,1462.0,1735,0,0,1,Pedestrian
13,955.0,1353.0,1003.0,1462.0,1736,0,0,1,Pedestrian
13,955.0,1353.0,1003.0,1462.0,1737,0,0,1,Pedestrian
13,953.0,1353.0,1001.0,1462.0,1738,0,0,1,Pedestrian
13,953.0,1353.0,1001.0,1462.0,1739,0,0,1,Pedestrian
13,952.0,1353.0,1000.0,1462.0,1740,0,0,1,Pedestrian
13,952.0,1353.0,1000.0,1462.0,1741,0,0,1,Pedestrian
13,950.0,1353.0,998.0,1462.0,1742,0,0,1,Pedestrian
13,950.0,1353.0,998.0,1462.0,1743,0,0,1,Pedestrian
13,948.0,1353.0,996.0,1462.0,1744,0,0,1,Pedestrian
13,948.0,1353.0,996.0,1462.0,1745,0,0,1,Pedestrian
13,946.0,1353.0,994.0,1462.0,1746,0,0,1,Pedestrian
13,946.0,1353.0,994.0,1462.0,1747,0,0,1,Pedestrian
13,944.0,1353.0,992.0,1462.0,1748,0,0,1,Pedestrian
13,944.0,1353.0,992.0,1462.0,1749,0,0,1,Pedestrian
13,942.0,1353.0,990.0,1462.0,1750,0,0,1,Pedestrian
13,941.0,1353.0,988.0,1462.0,1751,0,0,1,Pedestrian
13,941.0,1353.0,988.0,1462.0,1752,0,0,1,Pedestrian
13,939.0,1353.0,987.0,1462.0,1753,0,0,1,Pedestrian
13,939.0,1353.0,987.0,1462.0,1754,0,0,1,Pedestrian
13,937.0,1353.0,985.0,1462.0,1755,0,0,1,Pedestrian
13,937.0,1353.0,985.0,1462.0,1756,0,0,1,Pedestrian
13,935.0,1353.0,983.0,1462.0,1757,0,0,1,Pedestrian
13,935.0,1353.0,983.0,1462.0,1758,0,0,1,Pedestrian
13,933.0,1353.0,981.0,1462.0,1759,0,0,1,Pedestrian
13,933.0,1353.0,981.0,1462.0,1760,0,0,1,Pedestrian
13,931.0,1353.0,979.0,1462.0,1761,0,0,1,Pedestrian
13,931.0,1353.0,979.0,1462.0,1762,0,0,1,Pedestrian
13,930.0,1353.0,977.0,1462.0,1763,0,0,1,Pedestrian
13,930.0,1353.0,977.0,1462.0,1764,0,0,1,Pedestrian
13,928.0,1353.0,976.0,1462.0,1765,0,0,1,Pedestrian
13,928.0,1353.0,976.0,1462.0,1766,0,0,1,Pedestrian
13,926.0,1353.0,974.0,1462.0,1767,0,0,1,Pedestrian
13,926.0,1353.0,974.0,1462.0,1768,0,0,1,Pedestrian
13,924.0,1353.0,972.0,1462.0,1769,0,0,1,Pedestrian
13,922.0,1353.0,970.0,1462.0,1770,0,0,1,Pedestrian
13,922.0,1353.0,970.0,1462.0,1771,0,0,1,Pedestrian
13,920.0,1353.0,968.0,1462.0,1772,0,0,1,Pedestrian
13,920.0,1353.0,968.0,1462.0,1773,0,0,1,Pedestrian
13,918.0,1353.0,966.0,1462.0,1774,0,0,1,Pedestrian
13,918.0,1353.0,966.0,1462.0,1775,0,0,1,Pedestrian
13,917.0,1353.0,965.0,1462.0,1776,0,0,1,Pedestrian
13,917.0,1353.0,965.0,1462.0,1777,0,0,1,Pedestrian
13,915.0,1353.0,963.0,1462.0,1778,0,0,1,Pedestrian
13,915.0,1353.0,963.0,1462.0,1779,0,0,1,Pedestrian
13,913.0,1353.0,961.0,1462.0,1780,0,0,1,Pedestrian
13,913.0,1353.0,961.0,1462.0,1781,0,0,1,Pedestrian
13,911.0,1353.0,959.0,1462.0,1782,0,0,1,Pedestrian
13,911.0,1353.0,959.0,1462.0,1783,0,0,1,Pedestrian
13,909.0,1353.0,957.0,1462.0,1784,0,0,1,Pedestrian
13,909.0,1353.0,957.0,1462.0,1785,0,0,1,Pedestrian
13,907.0,1353.0,955.0,1462.0,1786,0,0,1,Pedestrian
13,907.0,1353.0,955.0,1462.0,1787,0,0,1,Pedestrian
13,906.0,1353.0,953.0,1462.0,1788,0,0,1,Pedestrian
13,904.0,1353.0,952.0,1462.0,1789,0,0,1,Pedestrian
13,904.0,1353.0,952.0,1462.0,1790,0,0,1,Pedestrian
13,902.0,1353.0,950.0,1462.0,1791,0,0,1,Pedestrian
13,902.0,1353.0,950.0,1462.0,1792,0,0,1,Pedestrian
13,900.0,1353.0,948.0,1462.0,1793,0,0,1,Pedestrian
13,900.0,1353.0,948.0,1462.0,1794,0,0,1,Pedestrian
13,898.0,1353.0,946.0,1462.0,1795,0,0,1,Pedestrian
13,898.0,1353.0,946.0,1462.0,1796,0,0,1,Pedestrian
13,896.0,1353.0,944.0,1462.0,1797,0,0,1,Pedestrian
13,896.0,1353.0,944.0,1462.0,1798,0,0,1,Pedestrian
13,895.0,1353.0,942.0,1462.0,1799,0,0,1,Pedestrian
13,895.0,1353.0,942.0,1462.0,1800,0,0,1,Pedestrian
13,893.0,1353.0,941.0,1462.0,1801,0,0,1,Pedestrian
13,893.0,1353.0,941.0,1462.0,1802,0,0,1,Pedestrian
13,891.0,1353.0,939.0,1462.0,1803,0,0,1,Pedestrian
13,891.0,1353.0,939.0,1462.0,1804,0,0,1,Pedestrian
13,889.0,1353.0,937.0,1462.0,1805,0,0,1,Pedestrian
13,889.0,1353.0,937.0,1462.0,1806,0,0,1,Pedestrian
13,887.0,1353.0,935.0,1462.0,1807,0,0,1,Pedestrian
13,885.0,1353.0,933.0,1462.0,1808,0,0,1,Pedestrian
13,885.0,1353.0,933.0,1462.0,1809,0,0,1,Pedestrian
13,884.0,1353.0,931.0,1462.0,1810,0,0,1,Pedestrian
13,884.0,1353.0,931.0,1462.0,1811,0,0,1,Pedestrian
13,882.0,1353.0,930.0,1462.0,1812,0,0,1,Pedestrian
13,882.0,1353.0,930.0,1462.0,1813,0,0,1,Pedestrian
13,880.0,1353.0,928.0,1462.0,1814,0,0,1,Pedestrian
13,880.0,1353.0,928.0,1462.0,1815,0,0,1,Pedestrian
13,878.0,1353.0,926.0,1462.0,1816,0,0,1,Pedestrian
13,878.0,1353.0,926.0,1462.0,1817,0,0,1,Pedestrian
13,876.0,1353.0,924.0,1462.0,1818,0,0,1,Pedestrian
13,876.0,1353.0,924.0,1462.0,1819,0,0,1,Pedestrian
13,874.0,1353.0,922.0,1462.0,1820,0,0,1,Pedestrian
13,874.0,1349.0,922.0,1457.0,1821,0,0,1,Pedestrian
13,872.0,1349.0,920.0,1457.0,1822,0,0,1,Pedestrian
13,872.0,1349.0,920.0,1457.0,1823,0,0,1,Pedestrian
13,871.0,1349.0,918.0,1457.0,1824,0,0,1,Pedestrian
13,871.0,1349.0,918.0,1457.0,1825,0,0,1,Pedestrian
13,869.0,1349.0,917.0,1457.0,1826,0,0,1,Pedestrian
13,867.0,1349.0,915.0,1457.0,1827,0,0,1,Pedestrian
13,867.0,1349.0,915.0,1457.0,1828,0,0,1,Pedestrian
13,865.0,1349.0,913.0,1457.0,1829,0,0,1,Pedestrian
13,865.0,1349.0,913.0,1457.0,1830,0,0,1,Pedestrian
13,863.0,1349.0,911.0,1457.0,1831,0,0,1,Pedestrian
13,863.0,1349.0,911.0,1457.0,1832,0,0,1,Pedestrian
13,861.0,1349.0,909.0,1457.0,1833,0,0,1,Pedestrian
13,861.0,1349.0,909.0,1457.0,1834,0,0,1,Pedestrian
13,860.0,1349.0,907.0,1457.0,1835,0,0,1,Pedestrian
13,860.0,1349.0,907.0,1457.0,1836,0,0,1,Pedestrian
13,858.0,1349.0,906.0,1457.0,1837,0,0,1,Pedestrian
13,858.0,1349.0,906.0,1457.0,1838,0,0,1,Pedestrian
13,856.0,1349.0,904.0,1457.0,1839,0,0,1,Pedestrian
13,856.0,1349.0,904.0,1457.0,1840,0,0,1,Pedestrian
13,854.0,1349.0,902.0,1457.0,1841,0,0,1,Pedestrian
13,854.0,1349.0,902.0,1457.0,1842,0,0,1,Pedestrian
13,852.0,1349.0,900.0,1457.0,1843,0,0,1,Pedestrian
13,852.0,1349.0,900.0,1457.0,1844,0,0,1,Pedestrian
13,850.0,1349.0,898.0,1457.0,1845,0,0,1,Pedestrian
13,849.0,1349.0,896.0,1457.0,1846,0,0,1,Pedestrian
13,849.0,1349.0,896.0,1457.0,1847,0,0,1,Pedestrian
13,847.0,1349.0,895.0,1457.0,1848,0,0,1,Pedestrian
13,847.0,1349.0,895.0,1457.0,1849,0,0,1,Pedestrian
13,845.0,1349.0,893.0,1457.0,1850,0,0,1,Pedestrian
13,845.0,1349.0,893.0,1457.0,1851,0,0,1,Pedestrian
13,843.0,1349.0,891.0,1457.0,1852,0,0,1,Pedestrian
13,843.0,1349.0,891.0,1457.0,1853,0,0,1,Pedestrian
13,841.0,1349.0,889.0,1457.0,1854,0,0,1,Pedestrian
13,841.0,1349.0,889.0,1457.0,1855,0,0,1,Pedestrian
13,839.0,1349.0,887.0,1457.0,1856,0,0,1,Pedestrian
13,839.0,1349.0,887.0,1457.0,1857,0,0,1,Pedestrian
13,837.0,1349.0,885.0,1457.0,1858,0,0,1,Pedestrian
13,837.0,1349.0,885.0,1457.0,1859,0,0,1,Pedestrian
13,836.0,1349.0,884.0,1457.0,1860,0,0,1,Pedestrian
13,836.0,1349.0,884.0,1457.0,1861,0,0,1,Pedestrian
13,834.0,1349.0,882.0,1457.0,1862,0,0,1,Pedestrian
13,834.0,1349.0,882.0,1457.0,1863,0,0,1,Pedestrian
13,832.0,1349.0,880.0,1457.0,1864,0,0,1,Pedestrian
13,832.0,1349.0,880.0,1457.0,1865,0,0,1,Pedestrian
13,830.0,1349.0,878.0,1457.0,1866,0,0,1,Pedestrian
13,828.0,1349.0,876.0,1457.0,1867,0,0,1,Pedestrian
13,828.0,1349.0,876.0,1457.0,1868,0,0,1,Pedestrian
13,826.0,1349.0,874.0,1457.0,1869,0,0,1,Pedestrian
13,826.0,1349.0,874.0,1457.0,1870,0,0,1,Pedestrian
13,825.0,1349.0,872.0,1457.0,1871,0,0,1,Pedestrian
13,825.0,1349.0,872.0,1457.0,1872,0,0,1,Pedestrian
13,823.0,1349.0,871.0,1457.0,1873,0,0,1,Pedestrian
13,823.0,1349.0,871.0,1457.0,1874,0,0,1,Pedestrian
13,821.0,1349.0,869.0,1457.0,1875,0,0,1,Pedestrian
13,821.0,1349.0,869.0,1457.0,1876,0,0,1,Pedestrian
13,819.0,1349.0,867.0,1457.0,1877,0,0,1,Pedestrian
13,819.0,1349.0,867.0,1457.0,1878,0,0,1,Pedestrian
13,817.0,1349.0,865.0,1457.0,1879,0,0,1,Pedestrian
13,817.0,1349.0,865.0,1457.0,1880,0,0,1,Pedestrian
13,815.0,1349.0,863.0,1457.0,1881,0,0,1,Pedestrian
13,815.0,1349.0,863.0,1457.0,1882,0,0,1,Pedestrian
13,814.0,1349.0,861.0,1457.0,1883,0,0,1,Pedestrian
13,814.0,1349.0,861.0,1457.0,1884,0,0,1,Pedestrian
13,812.0,1349.0,860.0,1457.0,1885,0,0,1,Pedestrian
13,810.0,1349.0,858.0,1457.0,1886,0,0,1,Pedestrian
13,810.0,1349.0,858.0,1457.0,1887,0,0,1,Pedestrian
13,808.0,1349.0,856.0,1457.0,1888,0,0,1,Pedestrian
13,808.0,1349.0,856.0,1457.0,1889,0,0,1,Pedestrian
13,806.0,1349.0,854.0,1457.0,1890,0,0,1,Pedestrian
13,806.0,1349.0,854.0,1457.0,1891,0,0,1,Pedestrian
13,804.0,1349.0,852.0,1457.0,1892,0,0,1,Pedestrian
13,804.0,1349.0,852.0,1457.0,1893,0,0,1,Pedestrian
13,802.0,1349.0,850.0,1457.0,1894,0,0,1,Pedestrian
13,802.0,1349.0,850.0,1457.0,1895,0,0,1,Pedestrian
13,801.0,1349.0,849.0,1457.0,1896,0,0,1,Pedestrian
13,801.0,1349.0,849.0,1457.0,1897,0,0,1,Pedestrian
13,799.0,1349.0,847.0,1457.0,1898,0,0,1,Pedestrian
13,799.0,1349.0,847.0,1457.0,1899,0,0,1,Pedestrian
13,797.0,1349.0,845.0,1457.0,1900,0,0,1,Pedestrian
13,797.0,1349.0,845.0,1457.0,1901,0,0,1,Pedestrian
13,795.0,1349.0,843.0,1457.0,1902,0,0,1,Pedestrian
13,795.0,1349.0,843.0,1457.0,1903,0,0,1,Pedestrian
13,793.0,1349.0,841.0,1457.0,1904,0,0,1,Pedestrian
13,791.0,1349.0,839.0,1457.0,1905,0,0,1,Pedestrian
13,791.0,1349.0,839.0,1457.0,1906,0,0,1,Pedestrian
13,790.0,1349.0,837.0,1457.0,1907,0,0,1,Pedestrian
13,790.0,1349.0,837.0,1457.0,1908,0,0,1,Pedestrian
13,788.0,1349.0,836.0,1457.0,1909,0,0,1,Pedestrian
13,788.0,1349.0,836.0,1457.0,1910,0,0,1,Pedestrian
13,786.0,1344.0,834.0,1453.0,1911,0,0,1,Pedestrian
13,786.0,1344.0,834.0,1453.0,1912,0,0,1,Pedestrian
13,784.0,1344.0,832.0,1453.0,1913,0,0,1,Pedestrian
13,784.0,1344.0,832.0,1453.0,1914,0,0,1,Pedestrian
13,782.0,1344.0,830.0,1453.0,1915,0,0,1,Pedestrian
13,782.0,1344.0,830.0,1453.0,1916,0,0,1,Pedestrian
13,780.0,1344.0,828.0,1453.0,1917,0,0,1,Pedestrian
13,780.0,1344.0,828.0,1453.0,1918,0,0,1,Pedestrian
13,779.0,1344.0,826.0,1453.0,1919,0,0,1,Pedestrian
13,779.0,1344.0,826.0,1453.0,1920,0,0,1,Pedestrian
13,777.0,1344.0,825.0,1453.0,1921,0,0,1,Pedestrian
13,777.0,1344.0,825.0,1453.0,1922,0,0,1,Pedestrian
13,775.0,1344.0,823.0,1453.0,1923,0,0,1,Pedestrian
13,773.0,1344.0,821.0,1453.0,1924,0,0,1,Pedestrian
13,773.0,1344.0,821.0,1453.0,1925,0,0,1,Pedestrian
13,771.0,1344.0,819.0,1453.0,1926,0,0,1,Pedestrian
13,771.0,1344.0,819.0,1453.0,1927,0,0,1,Pedestrian
13,769.0,1344.0,817.0,1453.0,1928,0,0,1,Pedestrian
13,769.0,1344.0,817.0,1453.0,1929,0,0,1,Pedestrian
13,767.0,1344.0,815.0,1453.0,1930,0,0,1,Pedestrian
13,767.0,1344.0,815.0,1453.0,1931,0,0,1,Pedestrian
13,766.0,1344.0,814.0,1453.0,1932,0,0,1,Pedestrian
13,766.0,1344.0,814.0,1453.0,1933,0,0,1,Pedestrian
13,764.0,1344.0,812.0,1453.0,1934,0,0,1,Pedestrian
13,764.0,1344.0,812.0,1453.0,1935,0,0,1,Pedestrian
13,762.0,1344.0,810.0,1453.0,1936,0,0,1,Pedestrian
13,762.0,1344.0,810.0,1453.0,1937,0,0,1,Pedestrian
13,760.0,1344.0,808.0,1453.0,1938,0,0,1,Pedestrian
13,760.0,1344.0,808.0,1453.0,1939,0,0,1,Pedestrian
13,758.0,1344.0,806.0,1453.0,1940,0,0,1,Pedestrian
13,758.0,1344.0,806.0,1453.0,1941,0,0,1,Pedestrian
13,756.0,1344.0,804.0,1453.0,1942,0,0,1,Pedestrian
13,755.0,1344.0,802.0,1453.0,1943,0,0,1,Pedestrian
13,755.0,1344.0,802.0,1453.0,1944,0,0,1,Pedestrian
13,753.0,1344.0,801.0,1453.0,1945,0,0,1,Pedestrian
13,753.0,1344.0,801.0,1453.0,1946,0,0,1,Pedestrian
13,751.0,1344.0,799.0,1453.0,1947,0,0,1,Pedestrian
13,751.0,1344.0,799.0,1453.0,1948,0,0,1,Pedestrian
13,749.0,1344.0,797.0,1453.0,1949,0,0,1,Pedestrian
13,749.0,1344.0,797.0,1453.0,1950,0,0,1,Pedestrian
13,747.0,1344.0,795.0,1453.0,1951,0,0,1,Pedestrian
13,747.0,1344.0,795.0,1453.0,1952,0,0,1,Pedestrian
13,745.0,1344.0,793.0,1453.0,1953,0,0,1,Pedestrian
13,745.0,1344.0,793.0,1453.0,1954,0,0,1,Pedestrian
13,744.0,1344.0,791.0,1453.0,1955,0,0,1,Pedestrian
13,744.0,1344.0,791.0,1453.0,1956,0,0,1,Pedestrian
13,742.0,1344.0,790.0,1453.0,1957,0,0,1,Pedestrian
13,742.0,1344.0,790.0,1453.0,1958,0,0,1,Pedestrian
13,740.0,1344.0,788.0,1453.0,1959,0,0,1,Pedestrian
13,740.0,1344.0,788.0,1453.0,1960,0,0,1,Pedestrian
13,738.0,1344.0,786.0,1453.0,1961,0,0,1,Pedestrian
13,736.0,1344.0,784.0,1453.0,1962,0,0,1,Pedestrian
13,736.0,1344.0,784.0,1453.0,1963,0,0,1,Pedestrian
13,734.0,1344.0,782.0,1453.0,1964,0,0,1,Pedestrian
13,734.0,1344.0,782.0,1453.0,1965,0,0,1,Pedestrian
13,732.0,1344.0,780.0,1453.0,1966,0,0,1,Pedestrian
13,732.0,1344.0,780.0,1453.0,1967,0,0,1,Pedestrian
13,731.0,1344.0,779.0,1453.0,1968,0,0,1,Pedestrian
13,731.0,1344.0,779.0,1453.0,1969,0,0,1,Pedestrian
13,729.0,1344.0,777.0,1453.0,1970,0,0,1,Pedestrian
13,729.0,1344.0,777.0,1453.0,1971,0,0,1,Pedestrian
13,727.0,1344.0,775.0,1453.0,1972,0,0,1,Pedestrian
13,727.0,1344.0,775.0,1453.0,1973,0,0,1,Pedestrian
13,725.0,1344.0,773.0,1453.0,1974,0,0,1,Pedestrian
13,725.0,1344.0,773.0,1453.0,1975,0,0,1,Pedestrian
13,723.0,1344.0,771.0,1453.0,1976,0,0,1,Pedestrian
13,723.0,1344.0,771.0,1453.0,1977,0,0,1,Pedestrian
13,721.0,1344.0,769.0,1453.0,1978,0,0,1,Pedestrian
13,721.0,1344.0,769.0,1453.0,1979,0,0,1,Pedestrian
13,720.0,1344.0,767.0,1453.0,1980,0,0,1,Pedestrian
13,718.0,1344.0,766.0,1453.0,1981,0,0,1,Pedestrian
13,718.0,1344.0,766.0,1453.0,1982,0,0,1,Pedestrian
13,716.0,1344.0,764.0,1453.0,1983,0,0,1,Pedestrian
13,716.0,1344.0,764.0,1453.0,1984,0,0,1,Pedestrian
13,714.0,1344.0,762.0,1453.0,1985,0,0,1,Pedestrian
13,714.0,1344.0,762.0,1453.0,1986,0,0,1,Pedestrian
13,712.0,1344.0,760.0,1453.0,1987,0,0,1,Pedestrian
13,712.0,1344.0,760.0,1453.0,1988,0,0,1,Pedestrian
13,710.0,1344.0,758.0,1453.0,1989,0,0,1,Pedestrian
13,710.0,1344.0,758.0,1453.0,1990,0,0,1,Pedestrian
13,709.0,1344.0,756.0,1453.0,1991,0,0,1,Pedestrian
13,709.0,1344.0,756.0,1453.0,1992,0,0,1,Pedestrian
13,707.0,1344.0,755.0,1453.0,1993,0,0,1,Pedestrian
13,707.0,1344.0,755.0,1453.0,1994,0,0,1,Pedestrian
13,705.0,1344.0,753.0,1453.0,1995,0,0,1,Pedestrian
13,705.0,1344.0,753.0,1453.0,1996,0,0,1,Pedestrian
13,703.0,1344.0,751.0,1453.0,1997,0,0,1,Pedestrian
13,703.0,1344.0,751.0,1453.0,1998,0,0,1,Pedestrian
13,701.0,1344.0,749.0,1453.0,1999,0,0,1,Pedestrian
13,701.0,1344.0,749.0,1453.0,2000,0,0,0,Pedestrian
13,699.0,1344.0,747.0,1453.0,2001,0,0,1,Pedestrian
13,697.0,1344.0,745.0,1453.0,2002,0,0,1,Pedestrian
13,696.0,1344.0,745.0,1453.0,2003,0,0,1,Pedestrian
13,696.0,1344.0,744.0,1453.0,2004,0,0,1,Pedestrian
13,694.0,1344.0,744.0,1453.0,2005,0,0,1,Pedestrian
13,692.0,1344.0,742.0,1453.0,2006,0,0,1,Pedestrian
13,692.0,1344.0,742.0,1453.0,2007,0,0,1,Pedestrian
13,690.0,1349.0,740.0,1453.0,2008,0,0,1,Pedestrian
13,688.0,1349.0,740.0,1453.0,2009,0,0,1,Pedestrian
13,688.0,1349.0,738.0,1453.0,2010,0,0,1,Pedestrian
13,686.0,1349.0,738.0,1453.0,2011,0,0,1,Pedestrian
13,685.0,1349.0,736.0,1453.0,2012,0,0,1,Pedestrian
13,685.0,1349.0,736.0,1453.0,2013,0,0,1,Pedestrian
13,683.0,1349.0,734.0,1453.0,2014,0,0,1,Pedestrian
13,681.0,1353.0,734.0,1453.0,2015,0,0,1,Pedestrian
13,679.0,1353.0,732.0,1453.0,2016,0,0,1,Pedestrian
13,679.0,1353.0,731.0,1453.0,2017,0,0,1,Pedestrian
13,677.0,1353.0,731.0,1453.0,2018,0,0,1,Pedestrian
13,675.0,1353.0,729.0,1453.0,2019,0,0,1,Pedestrian
13,675.0,1353.0,729.0,1453.0,2020,0,0,1,Pedestrian
13,674.0,1353.0,727.0,1453.0,2021,0,0,1,Pedestrian
13,672.0,1353.0,727.0,1453.0,2022,0,0,1,Pedestrian
13,672.0,1357.0,725.0,1453.0,2023,0,0,1,Pedestrian
13,670.0,1357.0,725.0,1453.0,2024,0,0,1,Pedestrian
13,668.0,1357.0,723.0,1453.0,2025,0,0,1,Pedestrian
13,668.0,1357.0,723.0,1453.0,2026,0,0,1,Pedestrian
13,666.0,1357.0,721.0,1457.0,2027,0,0,1,Pedestrian
13,664.0,1357.0,721.0,1457.0,2028,0,0,1,Pedestrian
13,663.0,1357.0,720.0,1457.0,2029,0,0,1,Pedestrian
13,663.0,1361.0,720.0,1457.0,2030,0,0,1,Pedestrian
13,661.0,1361.0,718.0,1457.0,2031,0,0,1,Pedestrian
13,659.0,1361.0,718.0,1457.0,2032,0,0,1,Pedestrian
13,659.0,1361.0,716.0,1457.0,2033,0,0,1,Pedestrian
13,657.0,1361.0,714.0,1457.0,2034,0,0,1,Pedestrian
13,655.0,1361.0,714.0,1457.0,2035,0,0,1,Pedestrian
13,655.0,1361.0,712.0,1457.0,2036,0,0,1,Pedestrian
13,653.0,1365.0,712.0,1457.0,2037,0,0,1,Pedestrian
13,651.0,1365.0,710.0,1457.0,2038,0,0,1,Pedestrian
13,651.0,1365.0,710.0,1457.0,2039,0,0,1,Pedestrian
13,650.0,1365.0,709.0,1457.0,2040,0,0,1,Pedestrian
13,648.0,1365.0,709.0,1457.0,2041,0,0,1,Pedestrian
13,646.0,1365.0,707.0,1457.0,2042,0,0,1,Pedestrian
13,646.0,1365.0,707.0,1457.0,2043,0,0,1,Pedestrian
13,644.0,1365.0,705.0,1457.0,2044,0,0,1,Pedestrian
13,642.0,1369.0,705.0,1457.0,2045,0,0,1,Pedestrian
13,642.0,1369.0,703.0,1457.0,2046,0,0,1,Pedestrian
13,640.0,1369.0,703.0,1457.0,2047,0,0,1,Pedestrian
13,639.0,1369.0,701.0,1457.0,2048,0,0,1,Pedestrian
13,639.0,1369.0,699.0,1457.0,2049,0,0,1,Pedestrian
13,637.0,1369.0,699.0,1457.0,2050,0,0,1,Pedestrian
13,635.0,1369.0,697.0,1457.0,2051,0,0,1,Pedestrian
13,635.0,1374.0,697.0,1457.0,2052,0,0,1,Pedestrian
13,633.0,1374.0,696.0,1457.0,2053,0,0,1,Pedestrian
13,631.0,1374.0,696.0,1462.0,2054,0,0,1,Pedestrian
13,629.0,1374.0,694.0,1462.0,2055,0,0,1,Pedestrian
13,629.0,1374.0,694.0,1462.0,2056,0,0,1,Pedestrian
13,628.0,1374.0,692.0,1462.0,2057,0,0,1,Pedestrian
13,626.0,1374.0,692.0,1462.0,2058,0,0,1,Pedestrian
13,626.0,1378.0,690.0,1462.0,2059,0,0,1,Pedestrian
13,624.0,1378.0,690.0,1462.0,2060,0,0,1,Pedestrian
13,622.0,1378.0,688.0,1462.0,2061,0,0,1,Pedestrian
13,622.0,1378.0,688.0,1462.0,2062,0,0,1,Pedestrian
13,620.0,1378.0,686.0,1462.0,2063,0,0,1,Pedestrian
13,618.0,1378.0,686.0,1462.0,2064,0,0,1,Pedestrian
13,618.0,1378.0,685.0,1462.0,2065,0,0,1,Pedestrian
13,616.0,1378.0,683.0,1462.0,2066,0,0,1,Pedestrian
13,615.0,1382.0,683.0,1462.0,2067,0,0,1,Pedestrian
13,613.0,1382.0,681.0,1462.0,2068,0,0,1,Pedestrian
13,613.0,1382.0,681.0,1462.0,2069,0,0,1,Pedestrian
13,611.0,1382.0,679.0,1462.0,2070,0,0,1,Pedestrian
13,609.0,1382.0,679.0,1462.0,2071,0,0,1,Pedestrian
13,609.0,1382.0,677.0,1462.0,2072,0,0,1,Pedestrian
13,607.0,1382.0,677.0,1462.0,2073,0,0,1,Pedestrian
13,605.0,1386.0,675.0,1462.0,2074,0,0,1,Pedestrian
13,605.0,1386.0,675.0,1462.0,2075,0,0,1,Pedestrian
13,604.0,1386.0,674.0,1462.0,2076,0,0,1,Pedestrian
13,602.0,1386.0,674.0,1462.0,2077,0,0,1,Pedestrian
13,602.0,1386.0,672.0,1462.0,2078,0,0,1,Pedestrian
13,600.0,1386.0,672.0,1462.0,2079,0,0,1,Pedestrian
13,598.0,1386.0,670.0,1462.0,2080,0,0,1,Pedestrian
13,598.0,1390.0,670.0,1466.0,2081,0,0,0,Pedestrian
14,900.0,1043.0,950.0,1131.0,1500,1,0,0,Pedestrian
14,900.0,1043.0,950.0,1131.0,1501,1,0,1,Pedestrian
14,900.0,1043.0,950.0,1131.0,1502,1,0,1,Pedestrian
14,900.0,1043.0,950.0,1131.0,1503,1,0,1,Pedestrian
14,900.0,1043.0,950.0,1131.0,1504,1,0,1,Pedestrian
14,900.0,1043.0,950.0,1131.0,1505,1,0,1,Pedestrian
14,900.0,1043.0,950.0,1131.0,1506,1,0,1,Pedestrian
14,900.0,1043.0,950.0,1131.0,1507,1,0,1,Pedestrian
14,900.0,1043.0,950.0,1131.0,1508,1,0,1,Pedestrian
14,900.0,1043.0,950.0,1131.0,1509,1,0,1,Pedestrian
14,900.0,1043.0,950.0,1131.0,1510,1,0,1,Pedestrian
14,900.0,1043.0,950.0,1131.0,1511,1,0,1,Pedestrian
14,900.0,1043.0,950.0,1131.0,1512,1,0,1,Pedestrian
14,900.0,1043.0,950.0,1131.0,1513,1,0,1,Pedestrian
14,900.0,1043.0,950.0,1131.0,1514,1,0,1,Pedestrian
14,900.0,1043.0,950.0,1131.0,1515,1,0,1,Pedestrian
14,900.0,1043.0,950.0,1131.0,1516,1,0,1,Pedestrian
14,900.0,1043.0,950.0,1131.0,1517,1,0,1,Pedestrian
14,900.0,1043.0,950.0,1131.0,1518,1,0,1,Pedestrian
14,900.0,1043.0,950.0,1131.0,1519,1,0,1,Pedestrian
14,900.0,1043.0,950.0,1131.0,1520,1,0,1,Pedestrian
14,900.0,1043.0,950.0,1131.0,1521,1,0,1,Pedestrian
14,900.0,1043.0,950.0,1131.0,1522,1,0,1,Pedestrian
14,900.0,1043.0,950.0,1131.0,1523,1,0,1,Pedestrian
14,900.0,1043.0,950.0,1131.0,1524,1,0,1,Pedestrian
14,900.0,1043.0,950.0,1131.0,1525,1,0,1,Pedestrian
14,900.0,1043.0,950.0,1131.0,1526,1,0,1,Pedestrian
14,900.0,1043.0,950.0,1131.0,1527,1,0,1,Pedestrian
14,900.0,1043.0,950.0,1131.0,1528,1,0,1,Pedestrian
14,900.0,1043.0,950.0,1131.0,1529,1,0,1,Pedestrian
14,900.0,1043.0,950.0,1131.0,1530,1,0,1,Pedestrian
14,900.0,1043.0,950.0,1131.0,1531,1,0,1,Pedestrian
14,900.0,1043.0,950.0,1131.0,1532,1,0,1,Pedestrian
14,900.0,1043.0,950.0,1131.0,1533,1,0,1,Pedestrian
14,900.0,1043.0,950.0,1131.0,1534,1,0,1,Pedestrian
14,900.0,1043.0,950.0,1131.0,1535,1,0,1,Pedestrian
14,900.0,1043.0,950.0,1131.0,1536,1,0,1,Pedestrian
14,900.0,1043.0,950.0,1131.0,1537,1,0,1,Pedestrian
14,900.0,1043.0,950.0,1131.0,1538,1,0,1,Pedestrian
14,900.0,1043.0,950.0,1131.0,1539,1,0,1,Pedestrian
14,900.0,1043.0,950.0,1131.0,1540,1,0,1,Pedestrian
14,900.0,1043.0,950.0,1131.0,1541,1,0,1,Pedestrian
14,900.0,1043.0,950.0,1131.0,1542,1,0,1,Pedestrian
14,900.0,1043.0,950.0,1131.0,1543,1,0,1,Pedestrian
14,900.0,1043.0,950.0,1131.0,1544,1,0,1,Pedestrian
14,900.0,1043.0,950.0,1131.0,1545,1,0,1,Pedestrian
14,900.0,1043.0,950.0,1131.0,1546,1,0,1,Pedestrian
14,900.0,1043.0,950.0,1131.0,1547,1,0,1,Pedestrian
14,900.0,1043.0,950.0,1131.0,1548,1,0,1,Pedestrian
14,900.0,1043.0,950.0,1131.0,1549,1,0,1,Pedestrian
14,900.0,1043.0,950.0,1131.0,1550,1,0,1,Pedestrian
14,900.0,1043.0,950.0,1131.0,1551,1,0,1,Pedestrian
14,900.0,1043.0,950.0,1131.0,1552,1,0,1,Pedestrian
14,900.0,1043.0,950.0,1131.0,1553,1,0,1,Pedestrian
14,900.0,1043.0,950.0,1131.0,1554,1,0,1,Pedestrian
14,900.0,1043.0,950.0,1131.0,1555,1,0,1,Pedestrian
14,900.0,1043.0,950.0,1131.0,1556,1,0,1,Pedestrian
14,900.0,1043.0,950.0,1131.0,1557,1,0,1,Pedestrian
14,900.0,1043.0,950.0,1131.0,1558,1,0,1,Pedestrian
14,900.0,1043.0,950.0,1131.0,1559,1,0,1,Pedestrian
14,900.0,1043.0,950.0,1131.0,1560,1,0,1,Pedestrian
14,900.0,1043.0,950.0,1131.0,1561,1,0,1,Pedestrian
14,900.0,1043.0,950.0,1131.0,1562,1,0,1,Pedestrian
14,900.0,1043.0,950.0,1131.0,1563,1,0,1,Pedestrian
14,900.0,1043.0,950.0,1131.0,1564,1,0,1,Pedestrian
14,900.0,1043.0,950.0,1131.0,1565,1,0,1,Pedestrian
14,900.0,1043.0,950.0,1131.0,1566,1,0,1,Pedestrian
14,900.0,1043.0,950.0,1131.0,1567,1,0,1,Pedestrian
14,900.0,1043.0,950.0,1131.0,1568,1,0,1,Pedestrian
14,900.0,1043.0,950.0,1131.0,1569,1,0,1,Pedestrian
14,900.0,1043.0,950.0,1131.0,1570,1,0,1,Pedestrian
14,900.0,1043.0,950.0,1131.0,1571,1,0,1,Pedestrian
14,900.0,1043.0,950.0,1131.0,1572,1,0,1,Pedestrian
14,900.0,1043.0,950.0,1131.0,1573,1,0,1,Pedestrian
14,900.0,1043.0,950.0,1131.0,1574,1,0,1,Pedestrian
14,900.0,1043.0,950.0,1131.0,1575,1,0,1,Pedestrian
14,900.0,1043.0,950.0,1131.0,1576,1,0,1,Pedestrian
14,900.0,1043.0,950.0,1131.0,1577,1,0,1,Pedestrian
14,900.0,1043.0,950.0,1131.0,1578,1,0,1,Pedestrian
14,900.0,1043.0,950.0,1131.0,1579,1,0,1,Pedestrian
14,900.0,1043.0,950.0,1131.0,1580,1,0,1,Pedestrian
14,900.0,1043.0,950.0,1131.0,1581,1,0,1,Pedestrian
14,900.0,1043.0,950.0,1131.0,1582,1,0,1,Pedestrian
14,900.0,1043.0,950.0,1131.0,1583,1,0,1,Pedestrian
14,900.0,1043.0,950.0,1131.0,1584,1,0,1,Pedestrian
14,900.0,1043.0,950.0,1131.0,1585,1,0,1,Pedestrian
14,900.0,1043.0,950.0,1131.0,1586,1,0,1,Pedestrian
14,900.0,1043.0,950.0,1131.0,1587,1,0,1,Pedestrian
14,900.0,1043.0,950.0,1131.0,1588,1,0,1,Pedestrian
14,900.0,1043.0,950.0,1131.0,1589,1,0,1,Pedestrian
14,900.0,1043.0,950.0,1131.0,1590,1,0,1,Pedestrian
14,900.0,1043.0,950.0,1131.0,1591,1,0,1,Pedestrian
14,900.0,1043.0,950.0,1131.0,1592,1,0,1,Pedestrian
14,900.0,1043.0,950.0,1131.0,1593,1,0,1,Pedestrian
14,900.0,1043.0,950.0,1131.0,1594,1,0,1,Pedestrian
14,900.0,1043.0,950.0,1131.0,1595,1,0,1,Pedestrian
14,900.0,1043.0,950.0,1131.0,1596,1,0,1,Pedestrian
14,900.0,1043.0,950.0,1131.0,1597,1,0,1,Pedestrian
14,900.0,1043.0,950.0,1131.0,1598,1,0,1,Pedestrian
14,900.0,1043.0,950.0,1131.0,1599,1,0,1,Pedestrian
14,900.0,1043.0,950.0,1131.0,1600,1,0,1,Pedestrian
14,900.0,1043.0,950.0,1131.0,1601,1,0,1,Pedestrian
14,900.0,1043.0,950.0,1131.0,1602,1,0,1,Pedestrian
14,900.0,1043.0,950.0,1131.0,1603,1,0,1,Pedestrian
14,900.0,1043.0,950.0,1131.0,1604,1,0,1,Pedestrian
14,900.0,1043.0,950.0,1131.0,1605,1,0,1,Pedestrian
14,900.0,1043.0,950.0,1131.0,1606,1,0,1,Pedestrian
14,900.0,1043.0,950.0,1131.0,1607,1,0,1,Pedestrian
14,900.0,1043.0,950.0,1131.0,1608,1,0,1,Pedestrian
14,900.0,1043.0,950.0,1131.0,1609,1,0,1,Pedestrian
14,900.0,1043.0,950.0,1131.0,1610,1,0,1,Pedestrian
14,900.0,1043.0,950.0,1131.0,1611,1,0,1,Pedestrian
14,900.0,1043.0,950.0,1131.0,1612,1,0,1,Pedestrian
14,900.0,1043.0,950.0,1131.0,1613,1,0,1,Pedestrian
14,900.0,1043.0,950.0,1131.0,1614,1,0,1,Pedestrian
14,900.0,1043.0,950.0,1131.0,1615,1,0,1,Pedestrian
14,900.0,1043.0,950.0,1131.0,1616,1,0,1,Pedestrian
14,900.0,1043.0,950.0,1131.0,1617,1,0,1,Pedestrian
14,900.0,1043.0,950.0,1131.0,1618,1,0,1,Pedestrian
14,900.0,1043.0,950.0,1131.0,1619,1,0,1,Pedestrian
14,900.0,1043.0,950.0,1131.0,1620,1,0,1,Pedestrian
14,900.0,1043.0,950.0,1131.0,1621,1,0,1,Pedestrian
14,900.0,1043.0,950.0,1131.0,1622,1,0,1,Pedestrian
14,900.0,1043.0,950.0,1131.0,1623,1,0,1,Pedestrian
14,900.0,1043.0,950.0,1131.0,1624,1,0,1,Pedestrian
14,900.0,1043.0,950.0,1131.0,1625,1,0,1,Pedestrian
14,900.0,1043.0,950.0,1131.0,1626,1,0,1,Pedestrian
14,900.0,1043.0,950.0,1131.0,1627,1,0,1,Pedestrian
14,900.0,1043.0,950.0,1131.0,1628,1,0,1,Pedestrian
14,900.0,1043.0,950.0,1131.0,1629,1,0,1,Pedestrian
14,900.0,1043.0,950.0,1131.0,1630,1,0,1,Pedestrian
14,900.0,1043.0,950.0,1131.0,1631,1,0,1,Pedestrian
14,900.0,1043.0,950.0,1131.0,1632,1,0,1,Pedestrian
14,900.0,1043.0,950.0,1131.0,1633,1,0,1,Pedestrian
14,900.0,1043.0,950.0,1131.0,1634,1,0,1,Pedestrian
14,900.0,1043.0,950.0,1131.0,1635,1,0,1,Pedestrian
14,900.0,1043.0,950.0,1131.0,1636,1,0,1,Pedestrian
14,900.0,1043.0,950.0,1131.0,1637,1,0,1,Pedestrian
14,900.0,1043.0,950.0,1131.0,1638,1,0,1,Pedestrian
14,900.0,1043.0,950.0,1131.0,1639,1,0,1,Pedestrian
14,900.0,1043.0,950.0,1131.0,1640,1,0,1,Pedestrian
14,900.0,1043.0,950.0,1131.0,1641,1,0,1,Pedestrian
14,900.0,1043.0,950.0,1131.0,1642,1,0,1,Pedestrian
14,900.0,1043.0,950.0,1131.0,1643,1,0,1,Pedestrian
14,900.0,1043.0,950.0,1131.0,1644,1,0,1,Pedestrian
14,900.0,1043.0,950.0,1131.0,1645,1,0,1,Pedestrian
14,900.0,1043.0,950.0,1131.0,1646,1,0,1,Pedestrian
14,900.0,1043.0,950.0,1131.0,1647,1,0,1,Pedestrian
14,900.0,1043.0,950.0,1131.0,1648,1,0,1,Pedestrian
14,900.0,1043.0,950.0,1131.0,1649,1,0,1,Pedestrian
14,900.0,1043.0,950.0,1131.0,1650,1,0,1,Pedestrian
14,900.0,1043.0,950.0,1131.0,1651,1,0,1,Pedestrian
14,900.0,1043.0,950.0,1131.0,1652,1,0,1,Pedestrian
14,900.0,1043.0,950.0,1131.0,1653,1,0,1,Pedestrian
14,900.0,1043.0,950.0,1131.0,1654,1,0,1,Pedestrian
14,900.0,1043.0,950.0,1131.0,1655,1,0,1,Pedestrian
14,900.0,1043.0,950.0,1131.0,1656,1,0,1,Pedestrian
14,900.0,1043.0,950.0,1131.0,1657,1,0,1,Pedestrian
14,900.0,1043.0,950.0,1131.0,1658,1,0,1,Pedestrian
14,900.0,1043.0,950.0,1131.0,1659,1,0,1,Pedestrian
14,900.0,1043.0,950.0,1131.0,1660,1,0,1,Pedestrian
14,900.0,1043.0,950.0,1131.0,1661,1,0,1,Pedestrian
14,900.0,1043.0,950.0,1131.0,1662,1,0,1,Pedestrian
14,900.0,1043.0,950.0,1131.0,1663,1,0,1,Pedestrian
14,900.0,1043.0,950.0,1131.0,1664,1,0,1,Pedestrian
14,900.0,1043.0,950.0,1131.0,1665,1,0,1,Pedestrian
14,900.0,1043.0,950.0,1131.0,1666,1,0,1,Pedestrian
14,900.0,1043.0,950.0,1131.0,1667,1,0,1,Pedestrian
14,900.0,1043.0,950.0,1131.0,1668,1,0,1,Pedestrian
14,900.0,1043.0,950.0,1131.0,1669,1,0,1,Pedestrian
14,900.0,1043.0,950.0,1131.0,1670,1,0,1,Pedestrian
14,900.0,1043.0,950.0,1131.0,1671,1,0,1,Pedestrian
14,900.0,1043.0,950.0,1131.0,1672,1,0,1,Pedestrian
14,900.0,1043.0,950.0,1131.0,1673,1,0,1,Pedestrian
14,900.0,1043.0,950.0,1131.0,1674,1,0,1,Pedestrian
14,900.0,1043.0,950.0,1131.0,1675,1,0,1,Pedestrian
14,900.0,1043.0,950.0,1131.0,1676,1,0,1,Pedestrian
14,900.0,1043.0,950.0,1131.0,1677,1,0,1,Pedestrian
14,900.0,1043.0,950.0,1131.0,1678,1,0,1,Pedestrian
14,900.0,1043.0,950.0,1131.0,1679,1,0,1,Pedestrian
14,900.0,1043.0,950.0,1131.0,1680,1,0,1,Pedestrian
14,900.0,1043.0,950.0,1131.0,1681,1,0,1,Pedestrian
14,900.0,1043.0,950.0,1131.0,1682,1,0,1,Pedestrian
14,900.0,1043.0,950.0,1131.0,1683,1,0,1,Pedestrian
14,900.0,1043.0,950.0,1131.0,1684,1,0,1,Pedestrian
14,900.0,1043.0,950.0,1131.0,1685,1,0,1,Pedestrian
14,900.0,1043.0,950.0,1131.0,1686,1,0,1,Pedestrian
14,900.0,1043.0,950.0,1131.0,1687,1,0,1,Pedestrian
14,900.0,1043.0,950.0,1131.0,1688,1,0,1,Pedestrian
14,900.0,1043.0,950.0,1131.0,1689,1,0,1,Pedestrian
14,900.0,1043.0,950.0,1131.0,1690,1,0,1,Pedestrian
14,900.0,1043.0,950.0,1131.0,1691,1,0,1,Pedestrian
14,900.0,1043.0,950.0,1131.0,1692,1,0,1,Pedestrian
14,900.0,1043.0,950.0,1131.0,1693,1,0,1,Pedestrian
14,900.0,1043.0,950.0,1131.0,1694,1,0,1,Pedestrian
14,900.0,1043.0,950.0,1131.0,1695,1,0,1,Pedestrian
14,900.0,1043.0,950.0,1131.0,1696,1,0,1,Pedestrian
14,900.0,1043.0,950.0,1131.0,1697,1,0,1,Pedestrian
14,900.0,1043.0,950.0,1131.0,1698,1,0,1,Pedestrian
14,900.0,1043.0,950.0,1131.0,1699,1,0,1,Pedestrian
14,900.0,1043.0,950.0,1131.0,1700,1,0,1,Pedestrian
14,900.0,1043.0,950.0,1131.0,1701,1,0,1,Pedestrian
14,900.0,1043.0,950.0,1131.0,1702,1,0,1,Pedestrian
14,900.0,1043.0,950.0,1131.0,1703,1,0,1,Pedestrian
14,900.0,1043.0,950.0,1131.0,1704,1,0,1,Pedestrian
14,900.0,1043.0,950.0,1131.0,1705,1,0,1,Pedestrian
14,900.0,1043.0,950.0,1131.0,1706,1,0,1,Pedestrian
14,900.0,1043.0,950.0,1131.0,1707,1,0,1,Pedestrian
14,900.0,1043.0,950.0,1131.0,1708,1,0,1,Pedestrian
14,900.0,1043.0,950.0,1131.0,1709,1,0,1,Pedestrian
14,900.0,1043.0,950.0,1131.0,1710,1,0,1,Pedestrian
14,900.0,1043.0,950.0,1131.0,1711,1,0,1,Pedestrian
14,900.0,1043.0,950.0,1131.0,1712,1,0,1,Pedestrian
14,900.0,1043.0,950.0,1131.0,1713,1,0,1,Pedestrian
14,900.0,1043.0,950.0,1131.0,1714,1,0,1,Pedestrian
14,900.0,1043.0,950.0,1131.0,1715,1,0,1,Pedestrian
14,900.0,1043.0,950.0,1131.0,1716,1,0,1,Pedestrian
14,900.0,1043.0,950.0,1131.0,1717,1,0,1,Pedestrian
14,900.0,1043.0,950.0,1131.0,1718,1,0,1,Pedestrian
14,900.0,1043.0,950.0,1131.0,1719,1,0,1,Pedestrian
14,900.0,1043.0,950.0,1131.0,1720,1,0,1,Pedestrian
14,900.0,1043.0,950.0,1131.0,1721,1,0,1,Pedestrian
14,900.0,1043.0,950.0,1131.0,1722,1,0,1,Pedestrian
14,900.0,1043.0,950.0,1131.0,1723,1,0,1,Pedestrian
14,900.0,1043.0,950.0,1131.0,1724,1,0,1,Pedestrian
14,900.0,1043.0,950.0,1131.0,1725,1,0,1,Pedestrian
14,900.0,1043.0,950.0,1131.0,1726,1,0,1,Pedestrian
14,900.0,1043.0,950.0,1131.0,1727,1,0,1,Pedestrian
14,900.0,1043.0,950.0,1131.0,1728,1,0,1,Pedestrian
14,900.0,1043.0,950.0,1131.0,1729,1,0,1,Pedestrian
14,900.0,1043.0,950.0,1131.0,1730,1,0,1,Pedestrian
14,900.0,1043.0,950.0,1131.0,1731,1,0,1,Pedestrian
14,900.0,1043.0,950.0,1131.0,1732,1,0,1,Pedestrian
14,900.0,1043.0,950.0,1131.0,1733,1,0,1,Pedestrian
14,900.0,1043.0,950.0,1131.0,1734,1,0,1,Pedestrian
14,900.0,1043.0,950.0,1131.0,1735,1,0,1,Pedestrian
14,900.0,1043.0,950.0,1131.0,1736,1,0,1,Pedestrian
14,900.0,1043.0,950.0,1131.0,1737,1,0,1,Pedestrian
14,900.0,1043.0,950.0,1131.0,1738,1,0,1,Pedestrian
14,900.0,1043.0,950.0,1131.0,1739,1,0,1,Pedestrian
14,900.0,1043.0,950.0,1131.0,1740,1,0,1,Pedestrian
14,900.0,1043.0,950.0,1131.0,1741,1,0,1,Pedestrian
14,900.0,1043.0,950.0,1131.0,1742,1,0,1,Pedestrian
14,900.0,1043.0,950.0,1131.0,1743,1,0,1,Pedestrian
14,900.0,1043.0,950.0,1131.0,1744,1,0,1,Pedestrian
14,900.0,1043.0,950.0,1131.0,1745,1,0,1,Pedestrian
14,900.0,1043.0,950.0,1131.0,1746,1,0,1,Pedestrian
14,900.0,1043.0,950.0,1131.0,1747,1,0,1,Pedestrian
14,900.0,1043.0,950.0,1131.0,1748,1,0,1,Pedestrian
14,900.0,1043.0,950.0,1131.0,1749,1,0,1,Pedestrian
14,900.0,1043.0,950.0,1131.0,1750,1,0,1,Pedestrian
14,900.0,1043.0,950.0,1131.0,1751,1,0,1,Pedestrian
14,900.0,1043.0,950.0,1131.0,1752,1,0,1,Pedestrian
14,900.0,1043.0,950.0,1131.0,1753,1,0,1,Pedestrian
14,900.0,1043.0,950.0,1131.0,1754,1,0,1,Pedestrian
14,900.0,1043.0,950.0,1131.0,1755,1,0,1,Pedestrian
14,900.0,1043.0,950.0,1131.0,1756,1,0,1,Pedestrian
14,900.0,1043.0,950.0,1131.0,1757,1,0,1,Pedestrian
14,900.0,1043.0,950.0,1131.0,1758,1,0,1,Pedestrian
14,900.0,1043.0,950.0,1131.0,1759,1,0,1,Pedestrian
14,900.0,1043.0,950.0,1131.0,1760,1,0,1,Pedestrian
14,900.0,1043.0,950.0,1131.0,1761,1,0,1,Pedestrian
14,900.0,1043.0,950.0,1131.0,1762,1,0,1,Pedestrian
14,900.0,1043.0,950.0,1131.0,1763,1,0,1,Pedestrian
14,900.0,1043.0,950.0,1131.0,1764,1,0,1,Pedestrian
14,900.0,1043.0,950.0,1131.0,1765,1,0,1,Pedestrian
14,900.0,1043.0,950.0,1131.0,1766,1,0,1,Pedestrian
14,900.0,1043.0,950.0,1131.0,1767,1,0,1,Pedestrian
14,900.0,1043.0,950.0,1131.0,1768,1,0,1,Pedestrian
14,900.0,1043.0,950.0,1131.0,1769,1,0,1,Pedestrian
14,900.0,1043.0,950.0,1131.0,1770,1,0,1,Pedestrian
14,900.0,1043.0,950.0,1131.0,1771,1,0,1,Pedestrian
14,900.0,1043.0,950.0,1131.0,1772,1,0,1,Pedestrian
14,900.0,1043.0,950.0,1131.0,1773,1,0,1,Pedestrian
14,900.0,1043.0,950.0,1131.0,1774,1,0,1,Pedestrian
14,900.0,1043.0,950.0,1131.0,1775,1,0,1,Pedestrian
14,900.0,1043.0,950.0,1131.0,1776,1,0,1,Pedestrian
14,900.0,1043.0,950.0,1131.0,1777,1,0,1,Pedestrian
14,900.0,1043.0,950.0,1131.0,1778,1,0,1,Pedestrian
14,900.0,1043.0,950.0,1131.0,1779,1,0,1,Pedestrian
14,900.0,1043.0,950.0,1131.0,1780,1,0,1,Pedestrian
14,900.0,1043.0,950.0,1131.0,1781,1,0,1,Pedestrian
14,900.0,1043.0,950.0,1131.0,1782,1,0,1,Pedestrian
14,900.0,1043.0,950.0,1131.0,1783,1,0,1,Pedestrian
14,900.0,1043.0,950.0,1131.0,1784,1,0,1,Pedestrian
14,900.0,1043.0,950.0,1131.0,1785,1,0,1,Pedestrian
14,900.0,1043.0,950.0,1131.0,1786,1,0,1,Pedestrian
14,900.0,1043.0,950.0,1131.0,1787,1,0,1,Pedestrian
14,900.0,1043.0,950.0,1131.0,1788,1,0,1,Pedestrian
14,900.0,1043.0,950.0,1131.0,1789,1,0,1,Pedestrian
14,900.0,1043.0,950.0,1131.0,1790,1,0,1,Pedestrian
14,900.0,1043.0,950.0,1131.0,1791,1,0,1,Pedestrian
14,900.0,1043.0,950.0,1131.0,1792,1,0,1,Pedestrian
14,900.0,1043.0,950.0,1131.0,1793,1,0,1,Pedestrian
14,900.0,1043.0,950.0,1131.0,1794,1,0,1,Pedestrian
14,900.0,1043.0,950.0,1131.0,1795,1,0,1,Pedestrian
14,900.0,1043.0,950.0,1131.0,1796,1,0,1,Pedestrian
14,900.0,1043.0,950.0,1131.0,1797,1,0,1,Pedestrian
14,900.0,1043.0,950.0,1131.0,1798,1,0,1,Pedestrian
14,900.0,1043.0,950.0,1131.0,1799,1,0,1,Pedestrian
14,900.0,1043.0,950.0,1131.0,1800,1,0,1,Pedestrian
14,900.0,1043.0,950.0,1131.0,1801,1,0,1,Pedestrian
14,900.0,1043.0,950.0,1131.0,1802,1,0,1,Pedestrian
14,900.0,1043.0,950.0,1131.0,1803,1,0,1,Pedestrian
14,900.0,1043.0,950.0,1131.0,1804,1,0,1,Pedestrian
14,900.0,1043.0,950.0,1131.0,1805,1,0,1,Pedestrian
14,900.0,1043.0,950.0,1131.0,1806,1,0,1,Pedestrian
14,900.0,1043.0,950.0,1131.0,1807,1,0,1,Pedestrian
14,900.0,1043.0,950.0,1131.0,1808,1,0,1,Pedestrian
14,900.0,1043.0,950.0,1131.0,1809,1,0,1,Pedestrian
14,900.0,1043.0,950.0,1131.0,1810,1,0,1,Pedestrian
14,900.0,1043.0,950.0,1131.0,1811,1,0,1,Pedestrian
14,900.0,1043.0,950.0,1131.0,1812,1,0,1,Pedestrian
14,900.0,1043.0,950.0,1131.0,1813,1,0,1,Pedestrian
14,900.0,1043.0,950.0,1131.0,1814,1,0,1,Pedestrian
14,900.0,1043.0,950.0,1131.0,1815,1,0,1,Pedestrian
14,900.0,1043.0,950.0,1131.0,1816,1,0,1,Pedestrian
14,900.0,1043.0,950.0,1131.0,1817,1,0,1,Pedestrian
14,900.0,1043.0,950.0,1131.0,1818,1,0,1,Pedestrian
14,900.0,1043.0,950.0,1131.0,1819,1,0,1,Pedestrian
14,900.0,1043.0,950.0,1131.0,1820,1,0,1,Pedestrian
14,900.0,1043.0,950.0,1131.0,1821,1,0,1,Pedestrian
14,900.0,1043.0,950.0,1131.0,1822,1,0,1,Pedestrian
14,900.0,1043.0,950.0,1131.0,1823,1,0,1,Pedestrian
14,900.0,1043.0,950.0,1131.0,1824,1,0,1,Pedestrian
14,900.0,1043.0,950.0,1131.0,1825,1,0,1,Pedestrian
14,900.0,1043.0,950.0,1131.0,1826,1,0,1,Pedestrian
14,900.0,1043.0,950.0,1131.0,1827,1,0,1,Pedestrian
14,900.0,1043.0,950.0,1131.0,1828,1,0,1,Pedestrian
14,900.0,1043.0,950.0,1131.0,1829,1,0,1,Pedestrian
14,900.0,1043.0,950.0,1131.0,1830,1,0,1,Pedestrian
14,900.0,1043.0,950.0,1131.0,1831,1,0,1,Pedestrian
14,900.0,1043.0,950.0,1131.0,1832,1,0,1,Pedestrian
14,900.0,1043.0,950.0,1131.0,1833,1,0,1,Pedestrian
14,900.0,1043.0,950.0,1131.0,1834,1,0,1,Pedestrian
14,900.0,1043.0,950.0,1131.0,1835,1,0,1,Pedestrian
14,900.0,1043.0,950.0,1131.0,1836,1,0,1,Pedestrian
14,900.0,1043.0,950.0,1131.0,1837,1,0,1,Pedestrian
14,900.0,1043.0,950.0,1131.0,1838,1,0,1,Pedestrian
14,900.0,1043.0,950.0,1131.0,1839,1,0,1,Pedestrian
14,900.0,1043.0,950.0,1131.0,1840,1,0,1,Pedestrian
14,900.0,1043.0,950.0,1131.0,1841,1,0,1,Pedestrian
14,900.0,1043.0,950.0,1131.0,1842,1,0,1,Pedestrian
14,900.0,1043.0,950.0,1131.0,1843,1,0,1,Pedestrian
14,900.0,1043.0,950.0,1131.0,1844,1,0,1,Pedestrian
14,900.0,1043.0,950.0,1131.0,1845,1,0,1,Pedestrian
14,900.0,1043.0,950.0,1131.0,1846,1,0,1,Pedestrian
14,900.0,1043.0,950.0,1131.0,1847,1,0,1,Pedestrian
14,900.0,1043.0,950.0,1131.0,1848,1,0,1,Pedestrian
14,900.0,1043.0,950.0,1131.0,1849,1,0,1,Pedestrian
14,900.0,1043.0,950.0,1131.0,1850,1,0,1,Pedestrian
14,900.0,1043.0,950.0,1131.0,1851,1,0,1,Pedestrian
14,900.0,1043.0,950.0,1131.0,1852,1,0,1,Pedestrian
14,900.0,1043.0,950.0,1131.0,1853,1,0,1,Pedestrian
14,900.0,1043.0,950.0,1131.0,1854,1,0,1,Pedestrian
14,900.0,1043.0,950.0,1131.0,1855,1,0,1,Pedestrian
14,900.0,1043.0,950.0,1131.0,1856,1,0,1,Pedestrian
14,900.0,1043.0,950.0,1131.0,1857,1,0,1,Pedestrian
14,900.0,1043.0,950.0,1131.0,1858,1,0,1,Pedestrian
14,900.0,1043.0,950.0,1131.0,1859,1,0,1,Pedestrian
14,900.0,1043.0,950.0,1131.0,1860,1,0,1,Pedestrian
14,900.0,1043.0,950.0,1131.0,1861,1,0,1,Pedestrian
14,900.0,1043.0,950.0,1131.0,1862,1,0,1,Pedestrian
14,900.0,1043.0,950.0,1131.0,1863,1,0,1,Pedestrian
14,900.0,1043.0,950.0,1131.0,1864,1,0,1,Pedestrian
14,900.0,1043.0,950.0,1131.0,1865,1,0,1,Pedestrian
14,900.0,1043.0,950.0,1131.0,1866,1,0,1,Pedestrian
14,900.0,1043.0,950.0,1131.0,1867,1,0,1,Pedestrian
14,900.0,1043.0,950.0,1131.0,1868,1,0,1,Pedestrian
14,900.0,1043.0,950.0,1131.0,1869,1,0,1,Pedestrian
14,900.0,1043.0,950.0,1131.0,1870,1,0,1,Pedestrian
14,900.0,1043.0,950.0,1131.0,1871,1,0,1,Pedestrian
14,900.0,1043.0,950.0,1131.0,1872,1,0,1,Pedestrian
14,900.0,1043.0,950.0,1131.0,1873,1,0,1,Pedestrian
14,900.0,1043.0,950.0,1131.0,1874,1,0,1,Pedestrian
14,900.0,1043.0,950.0,1131.0,1875,1,0,1,Pedestrian
14,900.0,1043.0,950.0,1131.0,1876,1,0,1,Pedestrian
14,900.0,1043.0,950.0,1131.0,1877,1,0,1,Pedestrian
14,900.0,1043.0,950.0,1131.0,1878,1,0,1,Pedestrian
14,900.0,1043.0,950.0,1131.0,1879,1,0,1,Pedestrian
14,900.0,1043.0,950.0,1131.0,1880,1,0,1,Pedestrian
14,900.0,1043.0,950.0,1131.0,1881,1,0,1,Pedestrian
14,900.0,1043.0,950.0,1131.0,1882,1,0,1,Pedestrian
14,900.0,1043.0,950.0,1131.0,1883,1,0,1,Pedestrian
14,900.0,1043.0,950.0,1131.0,1884,1,0,1,Pedestrian
14,900.0,1043.0,950.0,1131.0,1885,1,0,1,Pedestrian
14,900.0,1043.0,950.0,1131.0,1886,1,0,1,Pedestrian
14,900.0,1043.0,950.0,1131.0,1887,1,0,1,Pedestrian
14,900.0,1043.0,950.0,1131.0,1888,1,0,1,Pedestrian
14,900.0,1043.0,950.0,1131.0,1889,1,0,1,Pedestrian
14,900.0,1043.0,950.0,1131.0,1890,1,0,1,Pedestrian
14,900.0,1043.0,950.0,1131.0,1891,1,0,1,Pedestrian
14,900.0,1043.0,950.0,1131.0,1892,1,0,1,Pedestrian
14,900.0,1043.0,950.0,1131.0,1893,1,0,1,Pedestrian
14,900.0,1043.0,950.0,1131.0,1894,1,0,1,Pedestrian
14,900.0,1043.0,950.0,1131.0,1895,1,0,1,Pedestrian
14,900.0,1043.0,950.0,1131.0,1896,1,0,1,Pedestrian
14,900.0,1043.0,950.0,1131.0,1897,1,0,1,Pedestrian
14,900.0,1043.0,950.0,1131.0,1898,1,0,1,Pedestrian
14,900.0,1043.0,950.0,1131.0,1899,1,0,1,Pedestrian
14,900.0,1043.0,950.0,1131.0,1900,1,0,1,Pedestrian
14,900.0,1043.0,950.0,1131.0,1901,1,0,1,Pedestrian
14,900.0,1043.0,950.0,1131.0,1902,1,0,1,Pedestrian
14,900.0,1043.0,950.0,1131.0,1903,1,0,1,Pedestrian
14,900.0,1043.0,950.0,1131.0,1904,1,0,1,Pedestrian
14,900.0,1043.0,950.0,1131.0,1905,1,0,1,Pedestrian
14,900.0,1043.0,950.0,1131.0,1906,1,0,1,Pedestrian
14,900.0,1043.0,950.0,1131.0,1907,1,0,1,Pedestrian
14,900.0,1043.0,950.0,1131.0,1908,1,0,1,Pedestrian
14,900.0,1043.0,950.0,1131.0,1909,1,0,1,Pedestrian
14,900.0,1043.0,950.0,1131.0,1910,1,0,1,Pedestrian
14,900.0,1043.0,950.0,1131.0,1911,1,0,1,Pedestrian
14,900.0,1043.0,950.0,1131.0,1912,1,0,1,Pedestrian
14,900.0,1043.0,950.0,1131.0,1913,1,0,1,Pedestrian
14,900.0,1043.0,950.0,1131.0,1914,1,0,1,Pedestrian
14,900.0,1043.0,950.0,1131.0,1915,1,0,1,Pedestrian
14,900.0,1043.0,950.0,1131.0,1916,1,0,1,Pedestrian
14,900.0,1043.0,950.0,1131.0,1917,1,0,1,Pedestrian
14,900.0,1043.0,950.0,1131.0,1918,1,0,1,Pedestrian
14,900.0,1043.0,950.0,1131.0,1919,1,0,1,Pedestrian
14,900.0,1043.0,950.0,1131.0,1920,1,0,1,Pedestrian
14,900.0,1043.0,950.0,1131.0,1921,1,0,1,Pedestrian
14,900.0,1043.0,950.0,1131.0,1922,1,0,1,Pedestrian
14,900.0,1043.0,950.0,1131.0,1923,1,0,1,Pedestrian
14,900.0,1043.0,950.0,1131.0,1924,1,0,1,Pedestrian
14,900.0,1043.0,950.0,1131.0,1925,1,0,1,Pedestrian
14,900.0,1043.0,950.0,1131.0,1926,1,0,1,Pedestrian
14,900.0,1043.0,950.0,1131.0,1927,1,0,1,Pedestrian
14,900.0,1043.0,950.0,1131.0,1928,1,0,1,Pedestrian
14,900.0,1043.0,950.0,1131.0,1929,1,0,1,Pedestrian
14,900.0,1043.0,950.0,1131.0,1930,1,0,1,Pedestrian
14,900.0,1043.0,950.0,1131.0,1931,1,0,1,Pedestrian
14,900.0,1043.0,950.0,1131.0,1932,1,0,1,Pedestrian
14,900.0,1043.0,950.0,1131.0,1933,1,0,1,Pedestrian
14,900.0,1043.0,950.0,1131.0,1934,1,0,1,Pedestrian
14,900.0,1043.0,950.0,1131.0,1935,1,0,1,Pedestrian
14,900.0,1043.0,950.0,1131.0,1936,1,0,1,Pedestrian
14,900.0,1043.0,950.0,1131.0,1937,1,0,1,Pedestrian
14,900.0,1043.0,950.0,1131.0,1938,1,0,1,Pedestrian
14,900.0,1043.0,950.0,1131.0,1939,1,0,1,Pedestrian
14,900.0,1043.0,950.0,1131.0,1940,1,0,1,Pedestrian
14,900.0,1043.0,950.0,1131.0,1941,1,0,1,Pedestrian
14,900.0,1043.0,950.0,1131.0,1942,1,0,1,Pedestrian
14,900.0,1043.0,950.0,1131.0,1943,1,0,1,Pedestrian
14,900.0,1043.0,950.0,1131.0,1944,1,0,1,Pedestrian
14,900.0,1043.0,950.0,1131.0,1945,1,0,1,Pedestrian
14,900.0,1043.0,950.0,1131.0,1946,1,0,1,Pedestrian
14,900.0,1043.0,950.0,1131.0,1947,1,0,1,Pedestrian
14,900.0,1043.0,950.0,1131.0,1948,1,0,1,Pedestrian
14,900.0,1043.0,950.0,1131.0,1949,1,0,1,Pedestrian
14,900.0,1043.0,950.0,1131.0,1950,1,0,1,Pedestrian
14,900.0,1043.0,950.0,1131.0,1951,1,0,1,Pedestrian
14,900.0,1043.0,950.0,1131.0,1952,1,0,1,Pedestrian
14,900.0,1043.0,950.0,1131.0,1953,1,0,1,Pedestrian
14,900.0,1043.0,950.0,1131.0,1954,1,0,1,Pedestrian
14,900.0,1043.0,950.0,1131.0,1955,1,0,1,Pedestrian
14,900.0,1043.0,950.0,1131.0,1956,1,0,1,Pedestrian
14,900.0,1043.0,950.0,1131.0,1957,1,0,1,Pedestrian
14,900.0,1043.0,950.0,1131.0,1958,1,0,1,Pedestrian
14,900.0,1043.0,950.0,1131.0,1959,1,0,1,Pedestrian
14,900.0,1043.0,950.0,1131.0,1960,1,0,1,Pedestrian
14,900.0,1043.0,950.0,1131.0,1961,1,0,1,Pedestrian
14,900.0,1043.0,950.0,1131.0,1962,1,0,1,Pedestrian
14,900.0,1043.0,950.0,1131.0,1963,1,0,1,Pedestrian
14,900.0,1043.0,950.0,1131.0,1964,1,0,1,Pedestrian
14,900.0,1043.0,950.0,1131.0,1965,1,0,1,Pedestrian
14,900.0,1043.0,950.0,1131.0,1966,1,0,1,Pedestrian
14,900.0,1043.0,950.0,1131.0,1967,1,0,1,Pedestrian
14,900.0,1043.0,950.0,1131.0,1968,1,0,1,Pedestrian
14,900.0,1043.0,950.0,1131.0,1969,1,0,1,Pedestrian
14,900.0,1043.0,950.0,1131.0,1970,1,0,1,Pedestrian
14,900.0,1043.0,950.0,1131.0,1971,1,0,1,Pedestrian
14,900.0,1043.0,950.0,1131.0,1972,1,0,1,Pedestrian
14,900.0,1043.0,950.0,1131.0,1973,1,0,1,Pedestrian
14,900.0,1043.0,950.0,1131.0,1974,1,0,1,Pedestrian
14,900.0,1043.0,950.0,1131.0,1975,1,0,1,Pedestrian
14,900.0,1043.0,950.0,1131.0,1976,1,0,1,Pedestrian
14,900.0,1043.0,950.0,1131.0,1977,1,0,1,Pedestrian
14,900.0,1043.0,950.0,1131.0,1978,1,0,1,Pedestrian
14,900.0,1043.0,950.0,1131.0,1979,1,0,1,Pedestrian
14,900.0,1043.0,950.0,1131.0,1980,1,0,1,Pedestrian
14,900.0,1043.0,950.0,1131.0,1981,1,0,1,Pedestrian
14,900.0,1043.0,950.0,1131.0,1982,1,0,1,Pedestrian
14,900.0,1043.0,950.0,1131.0,1983,1,0,1,Pedestrian
14,900.0,1043.0,950.0,1131.0,1984,1,0,1,Pedestrian
14,900.0,1043.0,950.0,1131.0,1985,1,0,1,Pedestrian
14,900.0,1043.0,950.0,1131.0,1986,1,0,1,Pedestrian
14,900.0,1043.0,950.0,1131.0,1987,1,0,1,Pedestrian
14,900.0,1043.0,950.0,1131.0,1988,1,0,1,Pedestrian
14,900.0,1043.0,950.0,1131.0,1989,1,0,1,Pedestrian
14,900.0,1043.0,950.0,1131.0,1990,1,0,1,Pedestrian
14,900.0,1043.0,950.0,1131.0,1991,1,0,1,Pedestrian
14,900.0,1043.0,950.0,1131.0,1992,1,0,1,Pedestrian
14,900.0,1043.0,950.0,1131.0,1993,1,0,1,Pedestrian
14,900.0,1043.0,950.0,1131.0,1994,1,0,1,Pedestrian
14,900.0,1043.0,950.0,1131.0,1995,1,0,1,Pedestrian
14,900.0,1043.0,950.0,1131.0,1996,1,0,1,Pedestrian
14,900.0,1043.0,950.0,1131.0,1997,1,0,1,Pedestrian
14,900.0,1043.0,950.0,1131.0,1998,1,0,1,Pedestrian
14,900.0,1043.0,950.0,1131.0,1999,1,0,1,Pedestrian
14,900.0,1043.0,950.0,1131.0,2000,1,0,1,Pedestrian
14,900.0,1043.0,950.0,1131.0,2001,1,0,1,Pedestrian
14,900.0,1043.0,950.0,1131.0,2002,1,0,1,Pedestrian
14,900.0,1043.0,950.0,1131.0,2003,1,0,1,Pedestrian
14,900.0,1043.0,950.0,1131.0,2004,1,0,1,Pedestrian
14,900.0,1043.0,950.0,1131.0,2005,1,0,1,Pedestrian
14,900.0,1043.0,950.0,1131.0,2006,1,0,1,Pedestrian
14,900.0,1043.0,950.0,1131.0,2007,1,0,1,Pedestrian
14,900.0,1043.0,950.0,1131.0,2008,1,0,1,Pedestrian
14,900.0,1043.0,950.0,1131.0,2009,1,0,1,Pedestrian
14,900.0,1043.0,950.0,1131.0,2010,1,0,1,Pedestrian
14,900.0,1043.0,950.0,1131.0,2011,1,0,1,Pedestrian
14,900.0,1043.0,950.0,1131.0,2012,1,0,1,Pedestrian
14,900.0,1043.0,950.0,1131.0,2013,1,0,1,Pedestrian
14,900.0,1043.0,950.0,1131.0,2014,1,0,1,Pedestrian
14,900.0,1043.0,950.0,1131.0,2015,1,0,1,Pedestrian
14,900.0,1043.0,950.0,1131.0,2016,1,0,1,Pedestrian
14,900.0,1043.0,950.0,1131.0,2017,1,0,1,Pedestrian
14,900.0,1043.0,950.0,1131.0,2018,1,0,1,Pedestrian
14,900.0,1043.0,950.0,1131.0,2019,1,0,1,Pedestrian
14,900.0,1043.0,950.0,1131.0,2020,1,0,1,Pedestrian
14,900.0,1043.0,950.0,1131.0,2021,1,0,1,Pedestrian
14,900.0,1043.0,950.0,1131.0,2022,1,0,1,Pedestrian
14,900.0,1043.0,950.0,1131.0,2023,1,0,1,Pedestrian
14,900.0,1043.0,950.0,1131.0,2024,1,0,1,Pedestrian
14,900.0,1043.0,950.0,1131.0,2025,1,0,1,Pedestrian
14,900.0,1043.0,950.0,1131.0,2026,1,0,1,Pedestrian
14,900.0,1043.0,950.0,1131.0,2027,1,0,1,Pedestrian
14,900.0,1043.0,950.0,1131.0,2028,1,0,1,Pedestrian
14,900.0,1043.0,950.0,1131.0,2029,1,0,1,Pedestrian
14,900.0,1043.0,950.0,1131.0,2030,1,0,1,Pedestrian
14,900.0,1043.0,950.0,1131.0,2031,0,0,0,Pedestrian
15,1291.0,1416.0,1320.0,1520.0,500,1,0,0,Pedestrian
15,1291.0,1416.0,1320.0,1520.0,501,1,0,1,Pedestrian
15,1291.0,1416.0,1320.0,1520.0,502,1,0,1,Pedestrian
15,1291.0,1416.0,1320.0,1520.0,503,1,0,1,Pedestrian
15,1291.0,1416.0,1320.0,1520.0,504,1,0,1,Pedestrian
15,1291.0,1416.0,1320.0,1520.0,505,1,0,1,Pedestrian
15,1291.0,1416.0,1320.0,1520.0,506,1,0,1,Pedestrian
15,1291.0,1416.0,1320.0,1520.0,507,1,0,1,Pedestrian
15,1291.0,1416.0,1320.0,1520.0,508,1,0,1,Pedestrian
15,1291.0,1416.0,1320.0,1520.0,509,1,0,1,Pedestrian
15,1291.0,1416.0,1320.0,1520.0,510,1,0,1,Pedestrian
15,1291.0,1416.0,1320.0,1520.0,511,1,0,1,Pedestrian
15,1291.0,1416.0,1320.0,1520.0,512,1,0,1,Pedestrian
15,1291.0,1416.0,1320.0,1520.0,513,1,0,1,Pedestrian
15,1291.0,1416.0,1320.0,1520.0,514,1,0,1,Pedestrian
15,1291.0,1416.0,1320.0,1520.0,515,1,0,1,Pedestrian
15,1291.0,1416.0,1320.0,1520.0,516,1,0,1,Pedestrian
15,1291.0,1416.0,1320.0,1520.0,517,1,0,1,Pedestrian
15,1291.0,1416.0,1320.0,1520.0,518,1,0,1,Pedestrian
15,1291.0,1416.0,1320.0,1520.0,519,1,0,1,Pedestrian
15,1291.0,1416.0,1320.0,1520.0,520,1,0,1,Pedestrian
15,1291.0,1416.0,1320.0,1520.0,521,1,0,1,Pedestrian
15,1291.0,1416.0,1320.0,1520.0,522,1,0,1,Pedestrian
15,1291.0,1416.0,1320.0,1520.0,523,1,0,1,Pedestrian
15,1291.0,1416.0,1320.0,1520.0,524,1,0,1,Pedestrian
15,1291.0,1416.0,1320.0,1520.0,525,1,0,1,Pedestrian
15,1291.0,1416.0,1320.0,1520.0,526,1,0,1,Pedestrian
15,1291.0,1416.0,1320.0,1520.0,527,1,0,1,Pedestrian
15,1291.0,1416.0,1320.0,1520.0,528,1,0,1,Pedestrian
15,1291.0,1416.0,1320.0,1520.0,529,1,0,1,Pedestrian
15,1291.0,1416.0,1320.0,1520.0,530,1,0,1,Pedestrian
15,1291.0,1416.0,1320.0,1520.0,531,1,0,1,Pedestrian
15,1291.0,1416.0,1320.0,1520.0,532,1,0,1,Pedestrian
15,1291.0,1416.0,1320.0,1520.0,533,1,0,1,Pedestrian
15,1291.0,1416.0,1320.0,1520.0,534,1,0,1,Pedestrian
15,1291.0,1416.0,1320.0,1520.0,535,1,0,1,Pedestrian
15,1291.0,1416.0,1320.0,1520.0,536,1,0,1,Pedestrian
15,1291.0,1416.0,1320.0,1520.0,537,1,0,1,Pedestrian
15,1291.0,1416.0,1320.0,1520.0,538,1,0,1,Pedestrian
15,1291.0,1416.0,1320.0,1520.0,539,1,0,1,Pedestrian
15,1291.0,1416.0,1320.0,1520.0,540,1,0,1,Pedestrian
15,1291.0,1416.0,1320.0,1520.0,541,1,0,1,Pedestrian
15,1291.0,1416.0,1320.0,1520.0,542,1,0,1,Pedestrian
15,1291.0,1416.0,1320.0,1520.0,543,1,0,1,Pedestrian
15,1291.0,1416.0,1320.0,1520.0,544,1,0,1,Pedestrian
15,1291.0,1416.0,1320.0,1520.0,545,1,0,1,Pedestrian
15,1291.0,1416.0,1320.0,1520.0,546,1,0,1,Pedestrian
15,1291.0,1416.0,1320.0,1520.0,547,1,0,1,Pedestrian
15,1291.0,1416.0,1320.0,1520.0,548,1,0,1,Pedestrian
15,1291.0,1416.0,1320.0,1520.0,549,1,0,1,Pedestrian
15,1291.0,1416.0,1320.0,1520.0,550,1,0,1,Pedestrian
15,1291.0,1416.0,1320.0,1520.0,551,1,0,1,Pedestrian
15,1291.0,1416.0,1320.0,1520.0,552,1,0,1,Pedestrian
15,1291.0,1416.0,1320.0,1520.0,553,1,0,1,Pedestrian
15,1291.0,1416.0,1320.0,1520.0,554,1,0,1,Pedestrian
15,1291.0,1416.0,1320.0,1520.0,555,1,0,1,Pedestrian
15,1291.0,1416.0,1320.0,1520.0,556,1,0,1,Pedestrian
15,1291.0,1416.0,1320.0,1520.0,557,1,0,1,Pedestrian
15,1291.0,1416.0,1320.0,1520.0,558,1,0,1,Pedestrian
15,1291.0,1416.0,1320.0,1520.0,559,1,0,1,Pedestrian
15,1291.0,1416.0,1320.0,1520.0,560,1,0,1,Pedestrian
15,1291.0,1416.0,1320.0,1520.0,561,1,0,1,Pedestrian
15,1291.0,1416.0,1320.0,1520.0,562,1,0,1,Pedestrian
15,1291.0,1416.0,1320.0,1520.0,563,1,0,1,Pedestrian
15,1291.0,1416.0,1320.0,1520.0,564,1,0,1,Pedestrian
15,1291.0,1416.0,1320.0,1520.0,565,1,0,1,Pedestrian
15,1291.0,1416.0,1320.0,1520.0,566,1,0,1,Pedestrian
15,1291.0,1416.0,1320.0,1520.0,567,1,0,1,Pedestrian
15,1291.0,1416.0,1320.0,1520.0,568,1,0,1,Pedestrian
15,1291.0,1416.0,1320.0,1520.0,569,1,0,1,Pedestrian
15,1291.0,1416.0,1320.0,1520.0,570,1,0,1,Pedestrian
15,1291.0,1416.0,1320.0,1520.0,571,1,0,1,Pedestrian
15,1291.0,1416.0,1320.0,1520.0,572,1,0,1,Pedestrian
15,1291.0,1416.0,1320.0,1520.0,573,1,0,1,Pedestrian
15,1291.0,1416.0,1320.0,1520.0,574,1,0,1,Pedestrian
15,1291.0,1416.0,1320.0,1520.0,575,1,0,1,Pedestrian
15,1291.0,1416.0,1320.0,1520.0,576,1,0,1,Pedestrian
15,1291.0,1416.0,1320.0,1520.0,577,1,0,1,Pedestrian
15,1291.0,1416.0,1320.0,1520.0,578,1,0,1,Pedestrian
15,1291.0,1416.0,1320.0,1520.0,579,1,0,1,Pedestrian
15,1291.0,1416.0,1320.0,1520.0,580,1,0,1,Pedestrian
15,1291.0,1416.0,1320.0,1520.0,581,1,0,1,Pedestrian
15,1291.0,1416.0,1320.0,1520.0,582,1,0,1,Pedestrian
15,1291.0,1416.0,1320.0,1520.0,583,1,0,1,Pedestrian
15,1291.0,1416.0,1320.0,1520.0,584,1,0,1,Pedestrian
15,1291.0,1416.0,1320.0,1520.0,585,1,0,1,Pedestrian
15,1291.0,1416.0,1320.0,1520.0,586,1,0,1,Pedestrian
15,1291.0,1416.0,1320.0,1520.0,587,1,0,1,Pedestrian
15,1291.0,1416.0,1320.0,1520.0,588,1,0,1,Pedestrian
15,1291.0,1416.0,1320.0,1520.0,589,1,0,1,Pedestrian
15,1291.0,1416.0,1320.0,1520.0,590,1,0,1,Pedestrian
15,1291.0,1416.0,1320.0,1520.0,591,1,0,1,Pedestrian
15,1291.0,1416.0,1320.0,1520.0,592,1,0,1,Pedestrian
15,1291.0,1416.0,1320.0,1520.0,593,1,0,1,Pedestrian
15,1291.0,1416.0,1320.0,1520.0,594,1,0,1,Pedestrian
15,1291.0,1416.0,1320.0,1520.0,595,1,0,1,Pedestrian
15,1291.0,1416.0,1320.0,1520.0,596,1,0,1,Pedestrian
15,1291.0,1416.0,1320.0,1520.0,597,1,0,1,Pedestrian
15,1291.0,1416.0,1320.0,1520.0,598,1,0,1,Pedestrian
15,1291.0,1416.0,1320.0,1520.0,599,1,0,1,Pedestrian
15,1291.0,1416.0,1320.0,1520.0,600,1,0,1,Pedestrian
15,1291.0,1416.0,1320.0,1520.0,601,1,0,1,Pedestrian
15,1291.0,1416.0,1320.0,1520.0,602,1,0,1,Pedestrian
15,1291.0,1416.0,1320.0,1520.0,603,1,0,1,Pedestrian
15,1291.0,1416.0,1320.0,1520.0,604,1,0,1,Pedestrian
15,1291.0,1416.0,1320.0,1520.0,605,1,0,1,Pedestrian
15,1291.0,1416.0,1320.0,1520.0,606,1,0,1,Pedestrian
15,1291.0,1416.0,1320.0,1520.0,607,1,0,1,Pedestrian
15,1291.0,1416.0,1320.0,1520.0,608,1,0,1,Pedestrian
15,1291.0,1416.0,1320.0,1520.0,609,1,0,1,Pedestrian
15,1291.0,1416.0,1320.0,1520.0,610,1,0,1,Pedestrian
15,1291.0,1416.0,1320.0,1520.0,611,1,0,1,Pedestrian
15,1291.0,1416.0,1320.0,1520.0,612,1,0,1,Pedestrian
15,1291.0,1416.0,1320.0,1520.0,613,1,0,1,Pedestrian
15,1291.0,1416.0,1320.0,1520.0,614,1,0,1,Pedestrian
15,1291.0,1416.0,1320.0,1520.0,615,1,0,1,Pedestrian
15,1291.0,1416.0,1320.0,1520.0,616,1,0,1,Pedestrian
15,1291.0,1416.0,1320.0,1520.0,617,1,0,1,Pedestrian
15,1291.0,1416.0,1320.0,1520.0,618,1,0,1,Pedestrian
15,1291.0,1416.0,1320.0,1520.0,619,1,0,1,Pedestrian
15,1291.0,1416.0,1320.0,1520.0,620,1,0,1,Pedestrian
15,1291.0,1416.0,1320.0,1520.0,621,1,0,1,Pedestrian
15,1291.0,1416.0,1320.0,1520.0,622,1,0,1,Pedestrian
15,1291.0,1416.0,1320.0,1520.0,623,1,0,1,Pedestrian
15,1291.0,1416.0,1320.0,1520.0,624,1,0,1,Pedestrian
15,1291.0,1416.0,1320.0,1520.0,625,1,0,1,Pedestrian
15,1291.0,1416.0,1320.0,1520.0,626,1,0,1,Pedestrian
15,1291.0,1416.0,1320.0,1520.0,627,1,0,1,Pedestrian
15,1291.0,1416.0,1320.0,1520.0,628,1,0,1,Pedestrian
15,1291.0,1416.0,1320.0,1520.0,629,1,0,1,Pedestrian
15,1291.0,1416.0,1320.0,1520.0,630,1,0,1,Pedestrian
15,1291.0,1416.0,1320.0,1520.0,631,1,0,1,Pedestrian
15,1291.0,1416.0,1320.0,1520.0,632,1,0,1,Pedestrian
15,1291.0,1416.0,1320.0,1520.0,633,1,0,1,Pedestrian
15,1291.0,1416.0,1320.0,1520.0,634,1,0,1,Pedestrian
15,1291.0,1416.0,1320.0,1520.0,635,1,0,1,Pedestrian
15,1291.0,1416.0,1320.0,1520.0,636,1,0,1,Pedestrian
15,1291.0,1416.0,1320.0,1520.0,637,1,0,1,Pedestrian
15,1291.0,1416.0,1320.0,1520.0,638,1,0,1,Pedestrian
15,1291.0,1416.0,1320.0,1520.0,639,1,0,1,Pedestrian
15,1291.0,1416.0,1320.0,1520.0,640,1,0,1,Pedestrian
15,1291.0,1416.0,1320.0,1520.0,641,1,0,1,Pedestrian
15,1291.0,1416.0,1320.0,1520.0,642,1,0,1,Pedestrian
15,1291.0,1416.0,1320.0,1520.0,643,1,0,1,Pedestrian
15,1291.0,1416.0,1320.0,1520.0,644,1,0,1,Pedestrian
15,1291.0,1416.0,1320.0,1520.0,645,1,0,1,Pedestrian
15,1291.0,1416.0,1320.0,1520.0,646,1,0,1,Pedestrian
15,1291.0,1416.0,1320.0,1520.0,647,1,0,1,Pedestrian
15,1291.0,1416.0,1320.0,1520.0,648,1,0,1,Pedestrian
15,1291.0,1416.0,1320.0,1520.0,649,1,0,1,Pedestrian
15,1291.0,1416.0,1320.0,1520.0,650,1,0,1,Pedestrian
15,1291.0,1416.0,1320.0,1520.0,651,1,0,1,Pedestrian
15,1291.0,1416.0,1320.0,1520.0,652,1,0,1,Pedestrian
15,1291.0,1416.0,1320.0,1520.0,653,1,0,1,Pedestrian
15,1291.0,1416.0,1320.0,1520.0,654,1,0,1,Pedestrian
15,1291.0,1416.0,1320.0,1520.0,655,1,0,1,Pedestrian
15,1291.0,1416.0,1320.0,1520.0,656,1,0,1,Pedestrian
15,1291.0,1416.0,1320.0,1520.0,657,1,0,1,Pedestrian
15,1291.0,1416.0,1320.0,1520.0,658,1,0,1,Pedestrian
15,1291.0,1416.0,1320.0,1520.0,659,1,0,1,Pedestrian
15,1291.0,1416.0,1320.0,1520.0,660,1,0,1,Pedestrian
15,1291.0,1416.0,1320.0,1520.0,661,1,0,1,Pedestrian
15,1291.0,1416.0,1320.0,1520.0,662,1,0,1,Pedestrian
15,1291.0,1416.0,1320.0,1520.0,663,1,0,1,Pedestrian
15,1291.0,1416.0,1320.0,1520.0,664,1,0,1,Pedestrian
15,1291.0,1416.0,1320.0,1520.0,665,1,0,1,Pedestrian
15,1291.0,1416.0,1320.0,1520.0,666,1,0,1,Pedestrian
15,1291.0,1416.0,1320.0,1520.0,667,1,0,1,Pedestrian
15,1291.0,1416.0,1320.0,1520.0,668,1,0,1,Pedestrian
15,1291.0,1416.0,1320.0,1520.0,669,1,0,1,Pedestrian
15,1291.0,1416.0,1320.0,1520.0,670,1,0,1,Pedestrian
15,1291.0,1416.0,1320.0,1520.0,671,1,0,1,Pedestrian
15,1291.0,1416.0,1320.0,1520.0,672,1,0,1,Pedestrian
15,1291.0,1416.0,1320.0,1520.0,673,1,0,1,Pedestrian
15,1291.0,1416.0,1320.0,1520.0,674,1,0,1,Pedestrian
15,1291.0,1416.0,1320.0,1520.0,675,1,0,1,Pedestrian
15,1291.0,1416.0,1320.0,1520.0,676,1,0,1,Pedestrian
15,1291.0,1416.0,1320.0,1520.0,677,1,0,1,Pedestrian
15,1291.0,1416.0,1320.0,1520.0,678,1,0,1,Pedestrian
15,1291.0,1416.0,1320.0,1520.0,679,1,0,1,Pedestrian
15,1291.0,1416.0,1320.0,1520.0,680,1,0,1,Pedestrian
15,1291.0,1416.0,1320.0,1520.0,681,1,0,1,Pedestrian
15,1291.0,1416.0,1320.0,1520.0,682,1,0,1,Pedestrian
15,1291.0,1416.0,1320.0,1520.0,683,1,0,1,Pedestrian
15,1291.0,1416.0,1320.0,1520.0,684,1,0,1,Pedestrian
15,1291.0,1416.0,1320.0,1520.0,685,1,0,1,Pedestrian
15,1291.0,1416.0,1320.0,1520.0,686,1,0,1,Pedestrian
15,1291.0,1416.0,1320.0,1520.0,687,1,0,1,Pedestrian
15,1291.0,1416.0,1320.0,1520.0,688,1,0,1,Pedestrian
15,1291.0,1416.0,1320.0,1520.0,689,1,0,1,Pedestrian
15,1291.0,1416.0,1320.0,1520.0,690,1,0,1,Pedestrian
15,1291.0,1416.0,1320.0,1520.0,691,1,0,1,Pedestrian
15,1291.0,1416.0,1320.0,1520.0,692,1,0,1,Pedestrian
15,1291.0,1416.0,1320.0,1520.0,693,1,0,1,Pedestrian
15,1291.0,1416.0,1320.0,1520.0,694,1,0,1,Pedestrian
15,1291.0,1416.0,1320.0,1520.0,695,1,0,1,Pedestrian
15,1291.0,1416.0,1320.0,1520.0,696,1,0,1,Pedestrian
15,1291.0,1416.0,1320.0,1520.0,697,1,0,1,Pedestrian
15,1291.0,1416.0,1320.0,1520.0,698,1,0,1,Pedestrian
15,1291.0,1416.0,1320.0,1520.0,699,1,0,1,Pedestrian
15,1291.0,1416.0,1320.0,1520.0,700,1,0,1,Pedestrian
15,1291.0,1416.0,1320.0,1520.0,701,1,0,1,Pedestrian
15,1291.0,1416.0,1320.0,1520.0,702,1,0,1,Pedestrian
15,1291.0,1416.0,1320.0,1520.0,703,1,0,1,Pedestrian
15,1291.0,1416.0,1320.0,1520.0,704,1,0,1,Pedestrian
15,1291.0,1416.0,1320.0,1520.0,705,1,0,1,Pedestrian
15,1291.0,1416.0,1320.0,1520.0,706,1,0,1,Pedestrian
15,1291.0,1416.0,1320.0,1520.0,707,1,0,1,Pedestrian
15,1291.0,1416.0,1320.0,1520.0,708,1,0,1,Pedestrian
15,1291.0,1416.0,1320.0,1520.0,709,1,0,1,Pedestrian
15,1291.0,1416.0,1320.0,1520.0,710,1,0,1,Pedestrian
15,1291.0,1416.0,1320.0,1520.0,711,1,0,1,Pedestrian
15,1291.0,1416.0,1320.0,1520.0,712,1,0,1,Pedestrian
15,1291.0,1416.0,1320.0,1520.0,713,1,0,1,Pedestrian
15,1291.0,1416.0,1320.0,1520.0,714,1,0,1,Pedestrian
15,1291.0,1416.0,1320.0,1520.0,715,1,0,1,Pedestrian
15,1291.0,1416.0,1320.0,1520.0,716,1,0,1,Pedestrian
15,1291.0,1416.0,1320.0,1520.0,717,1,0,1,Pedestrian
15,1291.0,1416.0,1320.0,1520.0,718,1,0,1,Pedestrian
15,1291.0,1416.0,1320.0,1520.0,719,1,0,1,Pedestrian
15,1291.0,1416.0,1320.0,1520.0,720,1,0,1,Pedestrian
15,1291.0,1416.0,1320.0,1520.0,721,1,0,1,Pedestrian
15,1291.0,1416.0,1320.0,1520.0,722,1,0,1,Pedestrian
15,1291.0,1416.0,1320.0,1520.0,723,1,0,1,Pedestrian
15,1291.0,1416.0,1320.0,1520.0,724,1,0,1,Pedestrian
15,1291.0,1416.0,1320.0,1520.0,725,1,0,1,Pedestrian
15,1291.0,1416.0,1320.0,1520.0,726,1,0,1,Pedestrian
15,1291.0,1416.0,1320.0,1520.0,727,1,0,1,Pedestrian
15,1291.0,1416.0,1320.0,1520.0,728,1,0,1,Pedestrian
15,1291.0,1416.0,1320.0,1520.0,729,1,0,1,Pedestrian
15,1291.0,1416.0,1320.0,1520.0,730,1,0,1,Pedestrian
15,1291.0,1416.0,1320.0,1520.0,731,1,0,1,Pedestrian
15,1291.0,1416.0,1320.0,1520.0,732,1,0,1,Pedestrian
15,1291.0,1416.0,1320.0,1520.0,733,1,0,1,Pedestrian
15,1291.0,1416.0,1320.0,1520.0,734,1,0,1,Pedestrian
15,1291.0,1416.0,1320.0,1520.0,735,1,0,1,Pedestrian
15,1291.0,1416.0,1320.0,1520.0,736,1,0,0,Pedestrian
15,1291.0,1416.0,1320.0,1520.0,737,1,0,1,Pedestrian
15,1292.0,1416.0,1320.0,1520.0,738,1,0,1,Pedestrian
15,1294.0,1416.0,1320.0,1520.0,739,1,0,1,Pedestrian
15,1296.0,1416.0,1322.0,1520.0,740,1,0,0,Pedestrian
15,1294.0,1411.0,1320.0,1516.0,741,1,0,1,Pedestrian
15,1292.0,1411.0,1318.0,1516.0,742,1,0,1,Pedestrian
15,1291.0,1411.0,1316.0,1516.0,743,1,0,1,Pedestrian
15,1291.0,1411.0,1316.0,1516.0,744,1,0,1,Pedestrian
15,1289.0,1411.0,1314.0,1516.0,745,1,0,1,Pedestrian
15,1287.0,1407.0,1313.0,1512.0,746,1,0,1,Pedestrian
15,1287.0,1407.0,1313.0,1512.0,747,1,0,1,Pedestrian
15,1285.0,1407.0,1311.0,1512.0,748,1,0,1,Pedestrian
15,1283.0,1407.0,1309.0,1512.0,749,1,0,1,Pedestrian
15,1283.0,1407.0,1309.0,1512.0,750,1,0,0,Pedestrian
15,1283.0,1407.0,1309.0,1512.0,751,1,0,1,Pedestrian
15,1285.0,1407.0,1311.0,1512.0,752,1,0,1,Pedestrian
15,1287.0,1407.0,1313.0,1512.0,753,1,0,1,Pedestrian
15,1289.0,1407.0,1314.0,1512.0,754,1,0,1,Pedestrian
15,1291.0,1407.0,1316.0,1512.0,755,1,0,1,Pedestrian
15,1291.0,1407.0,1316.0,1512.0,756,1,0,1,Pedestrian
15,1292.0,1407.0,1318.0,1512.0,757,1,0,1,Pedestrian
15,1294.0,1407.0,1320.0,1512.0,758,1,0,1,Pedestrian
15,1296.0,1407.0,1322.0,1512.0,759,1,0,1,Pedestrian
15,1298.0,1411.0,1324.0,1516.0,760,0,0,0,Pedestrian
15,1296.0,1407.0,1322.0,1512.0,761,0,0,1,Pedestrian
15,1294.0,1407.0,1320.0,1512.0,762,0,0,1,Pedestrian
15,1292.0,1407.0,1318.0,1512.0,763,0,0,1,Pedestrian
15,1291.0,1407.0,1316.0,1512.0,764,0,0,1,Pedestrian
15,1291.0,1407.0,1316.0,1512.0,765,0,0,1,Pedestrian
15,1289.0,1407.0,1314.0,1512.0,766,0,0,1,Pedestrian
15,1287.0,1407.0,1313.0,1512.0,767,0,0,1,Pedestrian
15,1285.0,1407.0,1311.0,1512.0,768,0,0,1,Pedestrian
15,1283.0,1407.0,1309.0,1512.0,769,0,0,1,Pedestrian
15,1283.0,1407.0,1309.0,1512.0,770,0,0,0,Pedestrian
15,1283.0,1407.0,1309.0,1512.0,771,0,0,1,Pedestrian
15,1283.0,1407.0,1309.0,1512.0,772,0,0,1,Pedestrian
15,1283.0,1407.0,1309.0,1512.0,773,0,0,1,Pedestrian
15,1283.0,1407.0,1309.0,1512.0,774,0,0,1,Pedestrian
15,1283.0,1407.0,1309.0,1512.0,775,0,0,1,Pedestrian
15,1283.0,1407.0,1309.0,1512.0,776,0,0,1,Pedestrian
15,1283.0,1407.0,1309.0,1512.0,777,0,0,1,Pedestrian
15,1283.0,1407.0,1309.0,1512.0,778,0,0,1,Pedestrian
15,1283.0,1407.0,1309.0,1512.0,779,0,0,1,Pedestrian
15,1283.0,1407.0,1309.0,1512.0,780,0,0,0,Pedestrian
15,1268.0,1399.0,1294.0,1504.0,781,0,0,1,Pedestrian
15,1254.0,1390.0,1281.0,1495.0,782,0,0,1,Pedestrian
15,1239.0,1382.0,1268.0,1487.0,783,0,0,0,Pedestrian
15,1241.0,1382.0,1270.0,1487.0,784,0,0,1,Pedestrian
15,1244.0,1386.0,1274.0,1491.0,785,0,0,1,Pedestrian
15,1246.0,1390.0,1276.0,1495.0,786,0,0,1,Pedestrian
15,1250.0,1390.0,1279.0,1495.0,787,0,0,1,Pedestrian
15,1252.0,1395.0,1281.0,1499.0,788,0,0,1,Pedestrian
15,1256.0,1399.0,1285.0,1504.0,789,0,0,1,Pedestrian
15,1259.0,1403.0,1289.0,1508.0,790,0,0,0,Pedestrian
15,1257.0,1399.0,1287.0,1504.0,791,0,0,1,Pedestrian
15,1256.0,1399.0,1285.0,1504.0,792,0,0,1,Pedestrian
15,1254.0,1399.0,1283.0,1504.0,793,0,0,1,Pedestrian
15,1254.0,1399.0,1283.0,1504.0,794,0,0,1,Pedestrian
15,1252.0,1399.0,1281.0,1504.0,795,0,0,1,Pedestrian
15,1250.0,1399.0,1279.0,1504.0,796,0,0,1,Pedestrian
15,1250.0,1399.0,1279.0,1504.0,797,0,0,1,Pedestrian
15,1248.0,1399.0,1278.0,1504.0,798,0,0,1,Pedestrian
15,1246.0,1395.0,1276.0,1504.0,799,0,0,1,Pedestrian
15,1246.0,1395.0,1276.0,1504.0,800,0,0,1,Pedestrian
15,1244.0,1395.0,1274.0,1499.0,801,0,0,1,Pedestrian
15,1243.0,1395.0,1272.0,1499.0,802,0,0,1,Pedestrian
15,1243.0,1395.0,1272.0,1499.0,803,0,0,1,Pedestrian
15,1241.0,1395.0,1270.0,1499.0,804,0,0,1,Pedestrian
15,1239.0,1395.0,1268.0,1499.0,805,0,0,1,Pedestrian
15,1239.0,1395.0,1268.0,1499.0,806,0,0,1,Pedestrian
15,1237.0,1395.0,1267.0,1499.0,807,0,0,1,Pedestrian
15,1235.0,1390.0,1265.0,1499.0,808,0,0,1,Pedestrian
15,1235.0,1390.0,1265.0,1499.0,809,0,0,1,Pedestrian
15,1233.0,1390.0,1263.0,1499.0,810,0,0,1,Pedestrian
15,1232.0,1390.0,1261.0,1495.0,811,0,0,1,Pedestrian
15,1232.0,1390.0,1261.0,1495.0,812,0,0,1,Pedestrian
15,1230.0,1390.0,1259.0,1495.0,813,0,0,1,Pedestrian
15,1228.0,1390.0,1257.0,1495.0,814,0,0,1,Pedestrian
15,1228.0,1390.0,1257.0,1495.0,815,0,0,1,Pedestrian
15,1226.0,1390.0,1256.0,1495.0,816,0,0,1,Pedestrian
15,1224.0,1386.0,1254.0,1495.0,817,0,0,1,Pedestrian
15,1224.0,1386.0,1254.0,1495.0,818,0,0,1,Pedestrian
15,1222.0,1386.0,1252.0,1495.0,819,0,0,1,Pedestrian
15,1221.0,1386.0,1250.0,1495.0,820,0,0,1,Pedestrian
15,1221.0,1386.0,1250.0,1495.0,821,0,0,1,Pedestrian
15,1219.0,1386.0,1248.0,1491.0,822,0,0,1,Pedestrian
15,1217.0,1386.0,1246.0,1491.0,823,0,0,1,Pedestrian
15,1215.0,1386.0,1244.0,1491.0,824,0,0,1,Pedestrian
15,1215.0,1386.0,1244.0,1491.0,825,0,0,1,Pedestrian
15,1213.0,1382.0,1243.0,1491.0,826,0,0,1,Pedestrian
15,1211.0,1382.0,1241.0,1491.0,827,0,0,1,Pedestrian
15,1211.0,1382.0,1241.0,1491.0,828,0,0,1,Pedestrian
15,1209.0,1382.0,1239.0,1491.0,829,0,0,1,Pedestrian
15,1208.0,1382.0,1237.0,1491.0,830,0,0,1,Pedestrian
15,1208.0,1382.0,1237.0,1491.0,831,0,0,1,Pedestrian
15,1206.0,1382.0,1235.0,1487.0,832,0,0,1,Pedestrian
15,1204.0,1382.0,1233.0,1487.0,833,0,0,1,Pedestrian
15,1204.0,1382.0,1233.0,1487.0,834,0,0,1,Pedestrian
15,1202.0,1378.0,1232.0,1487.0,835,0,0,1,Pedestrian
15,1200.0,1378.0,1230.0,1487.0,836,0,0,1,Pedestrian
15,1200.0,1378.0,1230.0,1487.0,837,0,0,1,Pedestrian
15,1198.0,1378.0,1228.0,1487.0,838,0,0,1,Pedestrian
15,1197.0,1378.0,1226.0,1487.0,839,0,0,1,Pedestrian
15,1197.0,1378.0,1226.0,1487.0,840,0,0,1,Pedestrian
15,1195.0,1378.0,1224.0,1487.0,841,0,0,1,Pedestrian
15,1193.0,1378.0,1222.0,1483.0,842,0,0,1,Pedestrian
15,1193.0,1378.0,1222.0,1483.0,843,0,0,1,Pedestrian
15,1191.0,1374.0,1221.0,1483.0,844,0,0,1,Pedestrian
15,1189.0,1374.0,1219.0,1483.0,845,0,0,1,Pedestrian
15,1189.0,1374.0,1219.0,1483.0,846,0,0,1,Pedestrian
15,1187.0,1374.0,1217.0,1483.0,847,0,0,1,Pedestrian
15,1186.0,1374.0,1215.0,1483.0,848,0,0,1,Pedestrian
15,1186.0,1374.0,1215.0,1483.0,849,0,0,1,Pedestrian
15,1184.0,1374.0,1213.0,1483.0,850,0,0,1,Pedestrian
15,1182.0,1374.0,1211.0,1483.0,851,0,0,1,Pedestrian
15,1182.0,1374.0,1211.0,1483.0,852,0,0,0,Pedestrian
15,1180.0,1369.0,1209.0,1478.0,853,0,0,1,Pedestrian
15,1178.0,1369.0,1208.0,1478.0,854,0,0,1,Pedestrian
15,1176.0,1369.0,1206.0,1478.0,855,0,0,1,Pedestrian
15,1176.0,1369.0,1206.0,1478.0,856,0,0,1,Pedestrian
15,1174.0,1369.0,1204.0,1478.0,857,0,0,1,Pedestrian
15,1173.0,1369.0,1202.0,1478.0,858,0,0,1,Pedestrian
15,1171.0,1365.0,1200.0,1474.0,859,0,0,1,Pedestrian
15,1171.0,1365.0,1200.0,1474.0,860,0,0,1,Pedestrian
15,1169.0,1365.0,1198.0,1474.0,861,0,0,1,Pedestrian
15,1167.0,1365.0,1197.0,1474.0,862,0,0,1,Pedestrian
15,1165.0,1365.0,1195.0,1474.0,863,0,0,1,Pedestrian
15,1165.0,1365.0,1195.0,1474.0,864,0,0,1,Pedestrian
15,1163.0,1361.0,1193.0,1470.0,865,0,0,1,Pedestrian
15,1162.0,1361.0,1191.0,1470.0,866,0,0,1,Pedestrian
15,1160.0,1361.0,1189.0,1470.0,867,0,0,1,Pedestrian
15,1160.0,1361.0,1189.0,1470.0,868,0,0,1,Pedestrian
15,1158.0,1361.0,1187.0,1470.0,869,0,0,1,Pedestrian
15,1156.0,1361.0,1186.0,1470.0,870,0,0,1,Pedestrian
15,1154.0,1357.0,1184.0,1466.0,871,0,0,1,Pedestrian
15,1154.0,1357.0,1184.0,1466.0,872,0,0,1,Pedestrian
15,1152.0,1357.0,1182.0,1466.0,873,0,0,1,Pedestrian
15,1151.0,1357.0,1180.0,1466.0,874,0,0,1,Pedestrian
15,1149.0,1357.0,1178.0,1466.0,875,0,0,1,Pedestrian
15,1149.0,1357.0,1178.0,1466.0,876,0,0,1,Pedestrian
15,1147.0,1357.0,1176.0,1466.0,877,0,0,1,Pedestrian
15,1145.0,1353.0,1174.0,1462.0,878,0,0,1,Pedestrian
15,1145.0,1353.0,1174.0,1462.0,879,0,0,1,Pedestrian
15,1143.0,1353.0,1173.0,1462.0,880,0,0,1,Pedestrian
15,1141.0,1353.0,1171.0,1462.0,881,0,0,1,Pedestrian
15,1139.0,1353.0,1169.0,1462.0,882,0,0,1,Pedestrian
15,1139.0,1353.0,1169.0,1462.0,883,0,0,1,Pedestrian
15,1138.0,1349.0,1167.0,1457.0,884,0,0,1,Pedestrian
15,1136.0,1349.0,1165.0,1457.0,885,0,0,1,Pedestrian
15,1134.0,1349.0,1163.0,1457.0,886,0,0,1,Pedestrian
15,1134.0,1349.0,1163.0,1457.0,887,0,0,1,Pedestrian
15,1132.0,1349.0,1162.0,1457.0,888,0,0,1,Pedestrian
15,1130.0,1349.0,1160.0,1457.0,889,0,0,1,Pedestrian
15,1128.0,1344.0,1158.0,1453.0,890,0,0,1,Pedestrian
15,1128.0,1344.0,1158.0,1453.0,891,0,0,1,Pedestrian
15,1127.0,1344.0,1156.0,1453.0,892,0,0,1,Pedestrian
15,1125.0,1344.0,1154.0,1453.0,893,0,0,1,Pedestrian
15,1123.0,1344.0,1152.0,1453.0,894,0,0,1,Pedestrian
15,1123.0,1344.0,1152.0,1453.0,895,0,0,1,Pedestrian
15,1121.0,1340.0,1151.0,1449.0,896,0,0,1,Pedestrian
15,1119.0,1340.0,1149.0,1449.0,897,0,0,1,Pedestrian
15,1117.0,1340.0,1147.0,1449.0,898,0,0,1,Pedestrian
15,1117.0,1340.0,1147.0,1449.0,899,0,0,1,Pedestrian
15,1116.0,1340.0,1145.0,1449.0,900,0,0,1,Pedestrian
15,1114.0,1340.0,1143.0,1449.0,901,0,0,1,Pedestrian
15,1114.0,1340.0,1143.0,1449.0,902,0,0,0,Pedestrian
15,1112.0,1336.0,1141.0,1445.0,903,0,0,1,Pedestrian
15,1110.0,1336.0,1139.0,1445.0,904,0,0,1,Pedestrian
15,1108.0,1336.0,1138.0,1445.0,905,0,0,1,Pedestrian
15,1106.0,1336.0,1136.0,1445.0,906,0,0,1,Pedestrian
15,1106.0,1336.0,1136.0,1445.0,907,0,0,1,Pedestrian
15,1105.0,1336.0,1134.0,1445.0,908,0,0,1,Pedestrian
15,1103.0,1336.0,1132.0,1445.0,909,0,0,1,Pedestrian
15,1101.0,1336.0,1130.0,1445.0,910,0,0,1,Pedestrian
15,1101.0,1336.0,1130.0,1445.0,911,0,0,1,Pedestrian
15,1099.0,1336.0,1128.0,1445.0,912,0,0,1,Pedestrian
15,1097.0,1336.0,1127.0,1445.0,913,0,0,1,Pedestrian
15,1095.0,1336.0,1125.0,1445.0,914,0,0,1,Pedestrian
15,1095.0,1336.0,1125.0,1445.0,915,0,0,1,Pedestrian
15,1093.0,1336.0,1123.0,1445.0,916,0,0,1,Pedestrian
15,1092.0,1336.0,1121.0,1445.0,917,0,0,1,Pedestrian
15,1090.0,1336.0,1119.0,1445.0,918,0,0,1,Pedestrian
15,1088.0,1336.0,1117.0,1445.0,919,0,0,1,Pedestrian
15,1088.0,1336.0,1117.0,1445.0,920,0,0,1,Pedestrian
15,1086.0,1336.0,1116.0,1445.0,921,0,0,1,Pedestrian
15,1084.0,1336.0,1114.0,1445.0,922,0,0,1,Pedestrian
15,1082.0,1336.0,1112.0,1445.0,923,0,0,1,Pedestrian
15,1082.0,1336.0,1112.0,1445.0,924,0,0,1,Pedestrian
15,1081.0,1336.0,1110.0,1445.0,925,0,0,1,Pedestrian
15,1079.0,1336.0,1108.0,1445.0,926,0,0,1,Pedestrian
15,1077.0,1336.0,1106.0,1445.0,927,0,0,1,Pedestrian
15,1077.0,1336.0,1106.0,1445.0,928,0,0,1,Pedestrian
15,1075.0,1336.0,1105.0,1445.0,929,0,0,1,Pedestrian
15,1073.0,1336.0,1103.0,1445.0,930,0,0,1,Pedestrian
15,1071.0,1336.0,1101.0,1445.0,931,0,0,1,Pedestrian
15,1070.0,1336.0,1099.0,1445.0,932,0,0,1,Pedestrian
15,1070.0,1336.0,1099.0,1445.0,933,0,0,1,Pedestrian
15,1068.0,1336.0,1097.0,1445.0,934,0,0,1,Pedestrian
15,1066.0,1336.0,1095.0,1445.0,935,0,0,1,Pedestrian
15,1064.0,1336.0,1093.0,1445.0,936,0,0,1,Pedestrian
15,1064.0,1336.0,1093.0,1445.0,937,0,0,1,Pedestrian
15,1062.0,1336.0,1092.0,1445.0,938,0,0,1,Pedestrian
15,1060.0,1336.0,1090.0,1445.0,939,0,0,1,Pedestrian
15,1058.0,1336.0,1088.0,1445.0,940,0,0,1,Pedestrian
15,1058.0,1336.0,1088.0,1445.0,941,0,0,1,Pedestrian
15,1057.0,1332.0,1086.0,1441.0,942,0,0,1,Pedestrian
15,1055.0,1332.0,1084.0,1441.0,943,0,0,1,Pedestrian
15,1053.0,1332.0,1082.0,1441.0,944,0,0,1,Pedestrian
15,1051.0,1332.0,1081.0,1441.0,945,0,0,1,Pedestrian
15,1051.0,1332.0,1081.0,1441.0,946,0,0,1,Pedestrian
15,1049.0,1332.0,1079.0,1441.0,947,0,0,1,Pedestrian
15,1047.0,1332.0,1077.0,1441.0,948,0,0,1,Pedestrian
15,1046.0,1332.0,1075.0,1441.0,949,0,0,1,Pedestrian
15,1046.0,1332.0,1075.0,1441.0,950,0,0,1,Pedestrian
15,1044.0,1332.0,1073.0,1441.0,951,0,0,1,Pedestrian
15,1042.0,1332.0,1071.0,1441.0,952,0,0,1,Pedestrian
15,1040.0,1332.0,1070.0,1441.0,953,0,0,1,Pedestrian
15,1040.0,1332.0,1070.0,1441.0,954,0,0,1,Pedestrian
15,1038.0,1332.0,1068.0,1441.0,955,0,0,1,Pedestrian
15,1036.0,1332.0,1066.0,1441.0,956,0,0,1,Pedestrian
15,1035.0,1332.0,1064.0,1441.0,957,0,0,1,Pedestrian
15,1033.0,1332.0,1062.0,1441.0,958,0,0,1,Pedestrian
15,1033.0,1332.0,1062.0,1441.0,959,0,0,1,Pedestrian
15,1031.0,1332.0,1060.0,1441.0,960,0,0,1,Pedestrian
15,1029.0,1332.0,1058.0,1441.0,961,0,0,1,Pedestrian
15,1027.0,1332.0,1057.0,1441.0,962,0,0,1,Pedestrian
15,1027.0,1332.0,1057.0,1441.0,963,0,0,1,Pedestrian
15,1025.0,1332.0,1055.0,1441.0,964,0,0,1,Pedestrian
15,1023.0,1332.0,1053.0,1441.0,965,0,0,1,Pedestrian
15,1022.0,1332.0,1051.0,1441.0,966,0,0,1,Pedestrian
15,1022.0,1332.0,1051.0,1441.0,967,0,0,1,Pedestrian
15,1020.0,1332.0,1049.0,1441.0,968,0,0,1,Pedestrian
15,1018.0,1332.0,1047.0,1441.0,969,0,0,1,Pedestrian
15,1016.0,1332.0,1046.0,1441.0,970,0,0,1,Pedestrian
15,1014.0,1332.0,1044.0,1441.0,971,0,0,1,Pedestrian
15,1014.0,1332.0,1044.0,1441.0,972,0,0,1,Pedestrian
15,1012.0,1332.0,1042.0,1441.0,973,0,0,1,Pedestrian
15,1011.0,1332.0,1040.0,1441.0,974,0,0,1,Pedestrian
15,1009.0,1332.0,1038.0,1441.0,975,0,0,1,Pedestrian
15,1009.0,1332.0,1038.0,1441.0,976,0,0,1,Pedestrian
15,1007.0,1332.0,1036.0,1441.0,977,0,0,1,Pedestrian
15,1005.0,1332.0,1035.0,1441.0,978,0,0,1,Pedestrian
15,1003.0,1332.0,1033.0,1441.0,979,0,0,1,Pedestrian
15,1003.0,1332.0,1033.0,1441.0,980,0,0,0,Pedestrian
15,1001.0,1332.0,1031.0,1441.0,981,0,0,1,Pedestrian
15,1000.0,1332.0,1029.0,1441.0,982,0,0,1,Pedestrian
15,998.0,1332.0,1027.0,1441.0,983,0,0,1,Pedestrian
15,996.0,1332.0,1025.0,1441.0,984,0,0,1,Pedestrian
15,994.0,1332.0,1023.0,1441.0,985,0,0,1,Pedestrian
15,992.0,1332.0,1022.0,1441.0,986,0,0,1,Pedestrian
15,992.0,1332.0,1022.0,1441.0,987,0,0,1,Pedestrian
15,990.0,1332.0,1020.0,1441.0,988,0,0,1,Pedestrian
15,988.0,1332.0,1018.0,1441.0,989,0,0,1,Pedestrian
15,987.0,1332.0,1016.0,1441.0,990,0,0,1,Pedestrian
15,985.0,1332.0,1014.0,1441.0,991,0,0,1,Pedestrian
15,983.0,1332.0,1012.0,1441.0,992,0,0,1,Pedestrian
15,981.0,1332.0,1011.0,1441.0,993,0,0,1,Pedestrian
15,981.0,1332.0,1011.0,1441.0,994,0,0,1,Pedestrian
15,979.0,1332.0,1009.0,1441.0,995,0,0,1,Pedestrian
15,977.0,1332.0,1007.0,1441.0,996,0,0,1,Pedestrian
15,976.0,1332.0,1005.0,1441.0,997,0,0,1,Pedestrian
15,974.0,1332.0,1003.0,1441.0,998,0,0,1,Pedestrian
15,972.0,1332.0,1001.0,1441.0,999,0,0,1,Pedestrian
15,972.0,1332.0,1001.0,1441.0,1000,0,0,0,Pedestrian
15,970.0,1332.0,1000.0,1437.0,1001,0,0,1,Pedestrian
15,968.0,1332.0,998.0,1437.0,1002,0,0,1,Pedestrian
15,966.0,1332.0,998.0,1437.0,1003,0,0,1,Pedestrian
15,965.0,1332.0,996.0,1437.0,1004,0,0,1,Pedestrian
15,963.0,1332.0,994.0,1437.0,1005,0,0,1,Pedestrian
15,963.0,1332.0,994.0,1437.0,1006,0,0,1,Pedestrian
15,961.0,1332.0,992.0,1437.0,1007,0,0,1,Pedestrian
15,959.0,1332.0,990.0,1437.0,1008,0,0,1,Pedestrian
15,957.0,1332.0,990.0,1437.0,1009,0,0,1,Pedestrian
15,955.0,1332.0,988.0,1437.0,1010,0,0,1,Pedestrian
15,953.0,1332.0,987.0,1437.0,1011,0,0,1,Pedestrian
15,953.0,1332.0,987.0,1432.0,1012,0,0,1,Pedestrian
15,952.0,1332.0,985.0,1432.0,1013,0,0,1,Pedestrian
15,950.0,1332.0,983.0,1432.0,1014,0,0,1,Pedestrian
15,948.0,1332.0,983.0,1432.0,1015,0,0,1,Pedestrian
15,946.0,1332.0,981.0,1432.0,1016,0,0,1,Pedestrian
15,944.0,1332.0,979.0,1432.0,1017,0,0,1,Pedestrian
15,944.0,1336.0,979.0,1432.0,1018,0,0,1,Pedestrian
15,942.0,1336.0,977.0,1432.0,1019,0,0,1,Pedestrian
15,941.0,1336.0,976.0,1432.0,1020,0,0,1,Pedestrian
15,939.0,1336.0,976.0,1432.0,1021,0,0,1,Pedestrian
15,937.0,1336.0,974.0,1432.0,1022,0,0,1,Pedestrian
15,935.0,1336.0,972.0,1432.0,1023,0,0,1,Pedestrian
15,935.0,1336.0,972.0,1428.0,1024,0,0,1,Pedestrian
15,933.0,1336.0,970.0,1428.0,1025,0,0,1,Pedestrian
15,931.0,1336.0,968.0,1428.0,1026,0,0,1,Pedestrian
15,930.0,1336.0,968.0,1428.0,1027,0,0,1,Pedestrian
15,928.0,1336.0,966.0,1428.0,1028,0,0,1,Pedestrian
15,926.0,1336.0,965.0,1428.0,1029,0,0,1,Pedestrian
15,926.0,1336.0,965.0,1428.0,1030,0,0,1,Pedestrian
15,924.0,1336.0,963.0,1428.0,1031,0,0,1,Pedestrian
15,922.0,1336.0,961.0,1428.0,1032,0,0,1,Pedestrian
15,920.0,1336.0,961.0,1428.0,1033,0,0,1,Pedestrian
15,918.0,1336.0,959.0,1428.0,1034,0,0,1,Pedestrian
15,918.0,1340.0,959.0,1428.0,1035,0,0,1,Pedestrian
15,917.0,1340.0,957.0,1424.0,1036,0,0,1,Pedestrian
15,915.0,1340.0,955.0,1424.0,1037,0,0,1,Pedestrian
15,913.0,1340.0,955.0,1424.0,1038,0,0,1,Pedestrian
15,911.0,1340.0,953.0,1424.0,1039,0,0,1,Pedestrian
15,909.0,1340.0,952.0,1424.0,1040,0,0,1,Pedestrian
15,909.0,1340.0,952.0,1424.0,1041,0,0,1,Pedestrian
15,907.0,1340.0,950.0,1424.0,1042,0,0,1,Pedestrian
15,906.0,1340.0,948.0,1424.0,1043,0,0,1,Pedestrian
15,904.0,1340.0,948.0,1424.0,1044,0,0,1,Pedestrian
15,902.0,1340.0,946.0,1424.0,1045,0,0,1,Pedestrian
15,900.0,1340.0,944.0,1424.0,1046,0,0,1,Pedestrian
15,900.0,1340.0,944.0,1420.0,1047,0,0,1,Pedestrian
15,898.0,1340.0,942.0,1420.0,1048,0,0,1,Pedestrian
15,896.0,1340.0,941.0,1420.0,1049,0,0,1,Pedestrian
15,895.0,1340.0,941.0,1420.0,1050,0,0,1,Pedestrian
15,893.0,1340.0,939.0,1420.0,1051,0,0,1,Pedestrian
15,891.0,1340.0,937.0,1420.0,1052,0,0,1,Pedestrian
15,891.0,1344.0,937.0,1420.0,1053,0,0,1,Pedestrian
15,889.0,1344.0,935.0,1420.0,1054,0,0,1,Pedestrian
15,887.0,1344.0,933.0,1420.0,1055,0,0,1,Pedestrian
15,885.0,1344.0,933.0,1420.0,1056,0,0,1,Pedestrian
15,884.0,1344.0,931.0,1420.0,1057,0,0,1,Pedestrian
15,882.0,1344.0,930.0,1420.0,1058,0,0,1,Pedestrian
15,882.0,1344.0,930.0,1416.0,1059,0,0,1,Pedestrian
15,880.0,1344.0,928.0,1416.0,1060,0,0,1,Pedestrian
15,878.0,1344.0,926.0,1416.0,1061,0,0,1,Pedestrian
15,876.0,1344.0,926.0,1416.0,1062,0,0,1,Pedestrian
15,874.0,1344.0,924.0,1416.0,1063,0,0,1,Pedestrian
15,872.0,1344.0,922.0,1416.0,1064,0,0,1,Pedestrian
15,872.0,1344.0,922.0,1416.0,1065,0,0,1,Pedestrian
15,871.0,1344.0,920.0,1416.0,1066,0,0,1,Pedestrian
15,869.0,1344.0,918.0,1416.0,1067,0,0,1,Pedestrian
15,867.0,1344.0,918.0,1416.0,1068,0,0,1,Pedestrian
15,865.0,1344.0,917.0,1416.0,1069,0,0,1,Pedestrian
15,865.0,1349.0,917.0,1416.0,1070,0,0,0,Pedestrian
15,863.0,1344.0,915.0,1411.0,1071,0,0,1,Pedestrian
15,861.0,1344.0,913.0,1411.0,1072,0,0,1,Pedestrian
15,860.0,1344.0,911.0,1411.0,1073,0,0,1,Pedestrian
15,860.0,1344.0,911.0,1411.0,1074,0,0,1,Pedestrian
15,858.0,1344.0,909.0,1411.0,1075,0,0,1,Pedestrian
15,856.0,1344.0,907.0,1411.0,1076,0,0,1,Pedestrian
15,854.0,1344.0,906.0,1411.0,1077,0,0,1,Pedestrian
15,854.0,1344.0,906.0,1411.0,1078,0,0,1,Pedestrian
15,852.0,1344.0,904.0,1411.0,1079,0,0,1,Pedestrian
15,850.0,1344.0,902.0,1411.0,1080,0,0,1,Pedestrian
15,849.0,1344.0,900.0,1411.0,1081,0,0,1,Pedestrian
15,849.0,1344.0,900.0,1411.0,1082,0,0,1,Pedestrian
15,847.0,1344.0,898.0,1411.0,1083,0,0,1,Pedestrian
15,845.0,1344.0,896.0,1411.0,1084,0,0,1,Pedestrian
15,843.0,1344.0,895.0,1411.0,1085,0,0,1,Pedestrian
15,843.0,1344.0,895.0,1411.0,1086,0,0,1,Pedestrian
15,841.0,1344.0,893.0,1411.0,1087,0,0,1,Pedestrian
15,839.0,1344.0,891.0,1411.0,1088,0,0,1,Pedestrian
15,837.0,1344.0,889.0,1411.0,1089,0,0,1,Pedestrian
15,837.0,1344.0,889.0,1411.0,1090,0,0,1,Pedestrian
15,836.0,1344.0,887.0,1411.0,1091,0,0,1,Pedestrian
15,834.0,1344.0,885.0,1411.0,1092,0,0,1,Pedestrian
15,834.0,1344.0,885.0,1411.0,1093,0,0,1,Pedestrian
15,832.0,1344.0,884.0,1411.0,1094,0,0,1,Pedestrian
15,830.0,1344.0,882.0,1411.0,1095,0,0,1,Pedestrian
15,828.0,1344.0,880.0,1411.0,1096,0,0,1,Pedestrian
15,828.0,1344.0,880.0,1411.0,1097,0,0,1,Pedestrian
15,826.0,1344.0,878.0,1411.0,1098,0,0,1,Pedestrian
15,825.0,1344.0,876.0,1411.0,1099,0,0,1,Pedestrian
15,823.0,1344.0,874.0,1411.0,1100,0,0,1,Pedestrian
15,823.0,1344.0,874.0,1411.0,1101,0,0,1,Pedestrian
15,821.0,1344.0,872.0,1411.0,1102,0,0,1,Pedestrian
15,819.0,1340.0,871.0,1407.0,1103,0,0,1,Pedestrian
15,817.0,1340.0,869.0,1407.0,1104,0,0,1,Pedestrian
15,817.0,1340.0,869.0,1407.0,1105,0,0,1,Pedestrian
15,815.0,1340.0,867.0,1407.0,1106,0,0,1,Pedestrian
15,814.0,1340.0,865.0,1407.0,1107,0,0,1,Pedestrian
15,812.0,1340.0,863.0,1407.0,1108,0,0,1,Pedestrian
15,812.0,1340.0,863.0,1407.0,1109,0,0,1,Pedestrian
15,810.0,1340.0,861.0,1407.0,1110,0,0,1,Pedestrian
15,808.0,1340.0,860.0,1407.0,1111,0,0,1,Pedestrian
15,806.0,1340.0,858.0,1407.0,1112,0,0,1,Pedestrian
15,806.0,1340.0,858.0,1407.0,1113,0,0,1,Pedestrian
15,804.0,1340.0,856.0,1407.0,1114,0,0,1,Pedestrian
15,802.0,1340.0,854.0,1407.0,1115,0,0,1,Pedestrian
15,802.0,1340.0,854.0,1407.0,1116,0,0,1,Pedestrian
15,801.0,1340.0,852.0,1407.0,1117,0,0,1,Pedestrian
15,799.0,1340.0,850.0,1407.0,1118,0,0,1,Pedestrian
15,797.0,1340.0,849.0,1407.0,1119,0,0,1,Pedestrian
15,797.0,1340.0,849.0,1407.0,1120,0,0,1,Pedestrian
15,795.0,1340.0,847.0,1407.0,1121,0,0,1,Pedestrian
15,793.0,1340.0,845.0,1407.0,1122,0,0,1,Pedestrian
15,791.0,1340.0,843.0,1407.0,1123,0,0,1,Pedestrian
15,791.0,1340.0,843.0,1407.0,1124,0,0,1,Pedestrian
15,790.0,1340.0,841.0,1407.0,1125,0,0,1,Pedestrian
15,788.0,1340.0,839.0,1407.0,1126,0,0,1,Pedestrian
15,786.0,1340.0,837.0,1407.0,1127,0,0,1,Pedestrian
15,786.0,1340.0,837.0,1407.0,1128,0,0,1,Pedestrian
15,784.0,1340.0,836.0,1407.0,1129,0,0,1,Pedestrian
15,782.0,1340.0,834.0,1407.0,1130,0,0,1,Pedestrian
15,780.0,1340.0,832.0,1407.0,1131,0,0,1,Pedestrian
15,780.0,1340.0,832.0,1407.0,1132,0,0,1,Pedestrian
15,779.0,1340.0,830.0,1407.0,1133,0,0,1,Pedestrian
15,777.0,1340.0,828.0,1407.0,1134,0,0,1,Pedestrian
15,777.0,1340.0,828.0,1407.0,1135,0,0,0,Pedestrian
15,775.0,1336.0,826.0,1403.0,1136,0,0,1,Pedestrian
15,773.0,1336.0,825.0,1403.0,1137,0,0,1,Pedestrian
15,771.0,1336.0,823.0,1403.0,1138,0,0,1,Pedestrian
15,769.0,1336.0,821.0,1403.0,1139,0,0,1,Pedestrian
15,767.0,1336.0,819.0,1403.0,1140,0,0,1,Pedestrian
15,767.0,1336.0,819.0,1403.0,1141,0,0,1,Pedestrian
15,766.0,1336.0,817.0,1403.0,1142,0,0,1,Pedestrian
15,764.0,1336.0,815.0,1403.0,1143,0,0,1,Pedestrian
15,762.0,1336.0,814.0,1403.0,1144,0,0,1,Pedestrian
15,760.0,1336.0,812.0,1403.0,1145,0,0,1,Pedestrian
15,758.0,1336.0,810.0,1403.0,1146,0,0,1,Pedestrian
15,758.0,1336.0,810.0,1403.0,1147,0,0,1,Pedestrian
15,756.0,1336.0,808.0,1403.0,1148,0,0,1,Pedestrian
15,755.0,1336.0,806.0,1403.0,1149,0,0,1,Pedestrian
15,753.0,1336.0,804.0,1403.0,1150,0,0,1,Pedestrian
15,751.0,1336.0,802.0,1403.0,1151,0,0,1,Pedestrian
15,751.0,1336.0,802.0,1403.0,1152,0,0,1,Pedestrian
15,749.0,1336.0,801.0,1403.0,1153,0,0,1,Pedestrian
15,747.0,1336.0,799.0,1403.0,1154,0,0,1,Pedestrian
15,745.0,1336.0,797.0,1403.0,1155,0,0,1,Pedestrian
15,744.0,1336.0,795.0,1403.0,1156,0,0,1,Pedestrian
15,742.0,1336.0,793.0,1403.0,1157,0,0,1,Pedestrian
15,742.0,1336.0,793.0,1403.0,1158,0,0,1,Pedestrian
15,740.0,1336.0,791.0,1403.0,1159,0,0,1,Pedestrian
15,738.0,1336.0,790.0,1403.0,1160,0,0,1,Pedestrian
15,736.0,1336.0,788.0,1403.0,1161,0,0,1,Pedestrian
15,734.0,1336.0,786.0,1403.0,1162,0,0,1,Pedestrian
15,734.0,1336.0,786.0,1403.0,1163,0,0,1,Pedestrian
15,732.0,1336.0,784.0,1403.0,1164,0,0,1,Pedestrian
15,731.0,1336.0,782.0,1403.0,1165,0,0,1,Pedestrian
15,729.0,1336.0,780.0,1403.0,1166,0,0,1,Pedestrian
15,727.0,1336.0,779.0,1403.0,1167,0,0,1,Pedestrian
15,725.0,1336.0,777.0,1403.0,1168,0,0,1,Pedestrian
15,725.0,1336.0,777.0,1403.0,1169,0,0,1,Pedestrian
15,723.0,1336.0,775.0,1403.0,1170,0,0,1,Pedestrian
15,721.0,1336.0,773.0,1403.0,1171,0,0,1,Pedestrian
15,720.0,1336.0,771.0,1403.0,1172,0,0,1,Pedestrian
15,718.0,1336.0,769.0,1403.0,1173,0,0,1,Pedestrian
15,718.0,1336.0,769.0,1403.0,1174,0,0,1,Pedestrian
15,716.0,1336.0,767.0,1403.0,1175,0,0,1,Pedestrian
15,714.0,1336.0,766.0,1403.0,1176,0,0,1,Pedestrian
15,712.0,1336.0,764.0,1403.0,1177,0,0,1,Pedestrian
15,710.0,1336.0,762.0,1403.0,1178,0,0,1,Pedestrian
15,709.0,1336.0,760.0,1403.0,1179,0,0,1,Pedestrian
15,709.0,1336.0,760.0,1403.0,1180,0,0,1,Pedestrian
15,707.0,1336.0,758.0,1403.0,1181,0,0,1,Pedestrian
15,705.0,1336.0,756.0,1403.0,1182,0,0,1,Pedestrian
15,703.0,1336.0,755.0,1403.0,1183,0,0,1,Pedestrian
15,701.0,1336.0,753.0,1403.0,1184,0,0,1,Pedestrian
15,701.0,1336.0,753.0,1403.0,1185,0,0,1,Pedestrian
15,699.0,1336.0,751.0,1403.0,1186,0,0,1,Pedestrian
15,697.0,1336.0,749.0,1403.0,1187,0,0,1,Pedestrian
15,696.0,1336.0,747.0,1403.0,1188,0,0,1,Pedestrian
15,694.0,1336.0,745.0,1403.0,1189,0,0,1,Pedestrian
15,692.0,1336.0,744.0,1403.0,1190,0,0,1,Pedestrian
15,692.0,1336.0,744.0,1403.0,1191,0,0,1,Pedestrian
15,690.0,1336.0,742.0,1403.0,1192,0,0,1,Pedestrian
15,688.0,1336.0,740.0,1403.0,1193,0,0,1,Pedestrian
15,686.0,1336.0,738.0,1403.0,1194,0,0,1,Pedestrian
15,685.0,1336.0,736.0,1403.0,1195,0,0,1,Pedestrian
15,685.0,1336.0,736.0,1403.0,1196,0,0,0,Pedestrian
15,683.0,1336.0,734.0,1403.0,1197,0,0,1,Pedestrian
15,681.0,1336.0,732.0,1403.0,1198,0,0,1,Pedestrian
15,679.0,1336.0,731.0,1403.0,1199,0,0,1,Pedestrian
15,677.0,1336.0,729.0,1403.0,1200,0,0,1,Pedestrian
15,677.0,1336.0,729.0,1403.0,1201,0,0,1,Pedestrian
15,675.0,1336.0,727.0,1403.0,1202,0,0,1,Pedestrian
15,674.0,1336.0,725.0,1403.0,1203,0,0,1,Pedestrian
15,672.0,1336.0,723.0,1403.0,1204,0,0,1,Pedestrian
15,670.0,1336.0,721.0,1403.0,1205,0,0,1,Pedestrian
15,670.0,1336.0,721.0,1403.0,1206,0,0,1,Pedestrian
15,668.0,1336.0,720.0,1403.0,1207,0,0,1,Pedestrian
15,666.0,1336.0,718.0,1403.0,1208,0,0,1,Pedestrian
15,664.0,1336.0,716.0,1403.0,1209,0,0,1,Pedestrian
15,663.0,1336.0,714.0,1403.0,1210,0,0,1,Pedestrian
15,663.0,1336.0,714.0,1403.0,1211,0,0,1,Pedestrian
15,661.0,1336.0,712.0,1403.0,1212,0,0,1,Pedestrian
15,659.0,1336.0,710.0,1403.0,1213,0,0,1,Pedestrian
15,657.0,1336.0,709.0,1403.0,1214,0,0,1,Pedestrian
15,655.0,1336.0,707.0,1403.0,1215,0,0,1,Pedestrian
15,655.0,1336.0,707.0,1403.0,1216,0,0,1,Pedestrian
15,653.0,1336.0,705.0,1403.0,1217,0,0,1,Pedestrian
15,651.0,1336.0,703.0,1403.0,1218,0,0,1,Pedestrian
15,650.0,1336.0,701.0,1403.0,1219,0,0,1,Pedestrian
15,648.0,1336.0,699.0,1403.0,1220,0,0,1,Pedestrian
15,648.0,1336.0,699.0,1403.0,1221,0,0,1,Pedestrian
15,646.0,1336.0,697.0,1403.0,1222,0,0,1,Pedestrian
15,644.0,1336.0,696.0,1403.0,1223,0,0,1,Pedestrian
15,642.0,1336.0,694.0,1403.0,1224,0,0,1,Pedestrian
15,640.0,1336.0,692.0,1403.0,1225,0,0,1,Pedestrian
15,640.0,1336.0,692.0,1403.0,1226,0,0,1,Pedestrian
15,639.0,1336.0,690.0,1403.0,1227,0,0,1,Pedestrian
15,637.0,1336.0,688.0,1403.0,1228,0,0,1,Pedestrian
15,635.0,1336.0,686.0,1403.0,1229,0,0,1,Pedestrian
15,633.0,1336.0,685.0,1403.0,1230,0,0,1,Pedestrian
15,633.0,1336.0,685.0,1403.0,1231,0,0,1,Pedestrian
15,631.0,1336.0,683.0,1403.0,1232,0,0,1,Pedestrian
15,629.0,1336.0,681.0,1403.0,1233,0,0,1,Pedestrian
15,628.0,1336.0,679.0,1403.0,1234,0,0,1,Pedestrian
15,628.0,1336.0,679.0,1403.0,1235,0,0,0,Pedestrian
15,626.0,1336.0,677.0,1403.0,1236,0,0,1,Pedestrian
15,624.0,1336.0,675.0,1403.0,1237,0,0,1,Pedestrian
15,622.0,1336.0,674.0,1403.0,1238,0,0,1,Pedestrian
15,620.0,1336.0,672.0,1403.0,1239,0,0,1,Pedestrian
15,620.0,1336.0,672.0,1403.0,1240,0,0,1,Pedestrian
15,618.0,1336.0,670.0,1403.0,1241,0,0,1,Pedestrian
15,616.0,1336.0,668.0,1403.0,1242,0,0,1,Pedestrian
15,615.0,1336.0,666.0,1403.0,1243,0,0,1,Pedestrian
15,613.0,1336.0,664.0,1403.0,1244,0,0,1,Pedestrian
15,613.0,1336.0,664.0,1403.0,1245,0,0,1,Pedestrian
15,611.0,1336.0,663.0,1403.0,1246,0,0,1,Pedestrian
15,609.0,1336.0,661.0,1403.0,1247,0,0,1,Pedestrian
15,607.0,1336.0,659.0,1403.0,1248,0,0,1,Pedestrian
15,605.0,1336.0,657.0,1403.0,1249,0,0,1,Pedestrian
15,605.0,1336.0,657.0,1403.0,1250,0,0,1,Pedestrian
15,604.0,1336.0,655.0,1403.0,1251,0,0,1,Pedestrian
15,602.0,1336.0,653.0,1403.0,1252,0,0,1,Pedestrian
15,600.0,1336.0,651.0,1403.0,1253,0,0,1,Pedestrian
15,598.0,1336.0,650.0,1403.0,1254,0,0,1,Pedestrian
15,598.0,1336.0,650.0,1403.0,1255,0,0,1,Pedestrian
15,596.0,1336.0,648.0,1403.0,1256,0,0,1,Pedestrian
15,594.0,1336.0,646.0,1403.0,1257,0,0,1,Pedestrian
15,593.0,1336.0,644.0,1403.0,1258,0,0,1,Pedestrian
15,593.0,1336.0,644.0,1403.0,1259,0,0,1,Pedestrian
15,591.0,1336.0,642.0,1403.0,1260,0,0,1,Pedestrian
15,589.0,1336.0,640.0,1403.0,1261,0,0,1,Pedestrian
15,587.0,1336.0,639.0,1403.0,1262,0,0,1,Pedestrian
15,585.0,1336.0,637.0,1403.0,1263,0,0,1,Pedestrian
15,585.0,1336.0,637.0,1403.0,1264,0,0,1,Pedestrian
15,583.0,1336.0,635.0,1403.0,1265,0,0,1,Pedestrian
15,581.0,1336.0,633.0,1403.0,1266,0,0,1,Pedestrian
15,580.0,1336.0,631.0,1403.0,1267,0,0,1,Pedestrian
15,578.0,1336.0,629.0,1403.0,1268,0,0,1,Pedestrian
15,578.0,1336.0,629.0,1403.0,1269,0,0,1,Pedestrian
15,576.0,1336.0,628.0,1403.0,1270,0,0,1,Pedestrian
15,574.0,1336.0,626.0,1403.0,1271,0,0,1,Pedestrian
15,572.0,1336.0,624.0,1403.0,1272,0,0,1,Pedestrian
15,570.0,1336.0,622.0,1403.0,1273,0,0,1,Pedestrian
15,570.0,1336.0,622.0,1403.0,1274,0,0,1,Pedestrian
15,569.0,1336.0,620.0,1403.0,1275,0,0,1,Pedestrian
15,567.0,1336.0,618.0,1403.0,1276,0,0,1,Pedestrian
15,565.0,1336.0,616.0,1403.0,1277,0,0,1,Pedestrian
15,565.0,1336.0,616.0,1403.0,1278,0,0,1,Pedestrian
15,563.0,1336.0,615.0,1403.0,1279,0,0,1,Pedestrian
15,561.0,1336.0,613.0,1403.0,1280,0,0,1,Pedestrian
15,559.0,1336.0,611.0,1403.0,1281,0,0,1,Pedestrian
15,558.0,1336.0,609.0,1403.0,1282,0,0,1,Pedestrian
15,558.0,1336.0,609.0,1403.0,1283,0,0,1,Pedestrian
15,556.0,1336.0,607.0,1403.0,1284,0,0,1,Pedestrian
15,554.0,1336.0,605.0,1403.0,1285,0,0,1,Pedestrian
15,552.0,1336.0,604.0,1403.0,1286,0,0,1,Pedestrian
15,550.0,1336.0,602.0,1403.0,1287,0,0,1,Pedestrian
15,550.0,1336.0,602.0,1403.0,1288,0,0,1,Pedestrian
15,548.0,1336.0,600.0,1403.0,1289,0,0,1,Pedestrian
15,546.0,1336.0,598.0,1403.0,1290,0,0,1,Pedestrian
15,545.0,1336.0,596.0,1403.0,1291,0,0,1,Pedestrian
15,543.0,1336.0,594.0,1403.0,1292,0,0,1,Pedestrian
15,543.0,1336.0,594.0,1403.0,1293,0,0,1,Pedestrian
15,541.0,1336.0,593.0,1403.0,1294,0,0,1,Pedestrian
15,539.0,1336.0,591.0,1403.0,1295,0,0,1,Pedestrian
15,537.0,1336.0,589.0,1403.0,1296,0,0,1,Pedestrian
15,537.0,1336.0,589.0,1403.0,1297,0,0,0,Pedestrian
15,535.0,1332.0,587.0,1399.0,1298,0,0,1,Pedestrian
15,534.0,1332.0,585.0,1399.0,1299,0,0,1,Pedestrian
15,532.0,1332.0,583.0,1399.0,1300,0,0,1,Pedestrian
15,532.0,1332.0,583.0,1399.0,1301,0,0,1,Pedestrian
15,530.0,1332.0,581.0,1399.0,1302,0,0,1,Pedestrian
15,528.0,1332.0,580.0,1399.0,1303,0,0,1,Pedestrian
15,528.0,1332.0,580.0,1399.0,1304,0,0,1,Pedestrian
15,526.0,1332.0,578.0,1399.0,1305,0,0,1,Pedestrian
15,524.0,1332.0,576.0,1399.0,1306,0,0,1,Pedestrian
15,524.0,1332.0,576.0,1399.0,1307,0,0,1,Pedestrian
15,523.0,1332.0,574.0,1399.0,1308,0,0,1,Pedestrian
15,521.0,1332.0,572.0,1399.0,1309,0,0,1,Pedestrian
15,521.0,1332.0,572.0,1399.0,1310,0,0,1,Pedestrian
15,519.0,1332.0,570.0,1399.0,1311,0,0,1,Pedestrian
15,517.0,1332.0,569.0,1399.0,1312,0,0,1,Pedestrian
15,517.0,1332.0,569.0,1399.0,1313,0,0,1,Pedestrian
15,515.0,1332.0,567.0,1399.0,1314,0,0,1,Pedestrian
15,513.0,1332.0,565.0,1399.0,1315,0,0,1,Pedestrian
15,511.0,1332.0,563.0,1399.0,1316,0,0,1,Pedestrian
15,511.0,1332.0,563.0,1399.0,1317,0,0,1,Pedestrian
15,510.0,1332.0,561.0,1399.0,1318,0,0,1,Pedestrian
15,508.0,1332.0,559.0,1399.0,1319,0,0,1,Pedestrian
15,508.0,1332.0,559.0,1399.0,1320,0,0,1,Pedestrian
15,506.0,1332.0,558.0,1399.0,1321,0,0,1,Pedestrian
15,504.0,1332.0,556.0,1399.0,1322,0,0,1,Pedestrian
15,504.0,1332.0,556.0,1399.0,1323,0,0,1,Pedestrian
15,502.0,1332.0,554.0,1399.0,1324,0,0,1,Pedestrian
15,500.0,1332.0,552.0,1399.0,1325,0,0,1,Pedestrian
15,500.0,1332.0,552.0,1399.0,1326,0,0,1,Pedestrian
15,499.0,1332.0,550.0,1399.0,1327,0,0,1,Pedestrian
15,497.0,1332.0,548.0,1399.0,1328,0,0,1,Pedestrian
15,497.0,1332.0,548.0,1399.0,1329,0,0,1,Pedestrian
15,495.0,1332.0,546.0,1399.0,1330,0,0,1,Pedestrian
15,493.0,1332.0,545.0,1399.0,1331,0,0,1,Pedestrian
15,493.0,1332.0,545.0,1399.0,1332,0,0,1,Pedestrian
15,491.0,1332.0,543.0,1399.0,1333,0,0,1,Pedestrian
15,489.0,1332.0,541.0,1399.0,1334,0,0,1,Pedestrian
15,488.0,1332.0,539.0,1399.0,1335,0,0,1,Pedestrian
15,488.0,1332.0,539.0,1399.0,1336,0,0,1,Pedestrian
15,486.0,1332.0,537.0,1399.0,1337,0,0,1,Pedestrian
15,484.0,1332.0,535.0,1399.0,1338,0,0,1,Pedestrian
15,484.0,1332.0,535.0,1399.0,1339,0,0,1,Pedestrian
15,482.0,1332.0,534.0,1399.0,1340,0,0,1,Pedestrian
15,480.0,1332.0,532.0,1399.0,1341,0,0,1,Pedestrian
15,480.0,1332.0,532.0,1399.0,1342,0,0,1,Pedestrian
15,478.0,1332.0,530.0,1399.0,1343,0,0,1,Pedestrian
15,476.0,1332.0,528.0,1399.0,1344,0,0,1,Pedestrian
15,476.0,1332.0,528.0,1399.0,1345,0,0,1,Pedestrian
15,475.0,1332.0,526.0,1399.0,1346,0,0,1,Pedestrian
15,473.0,1332.0,524.0,1399.0,1347,0,0,1,Pedestrian
15,473.0,1332.0,524.0,1399.0,1348,0,0,1,Pedestrian
15,471.0,1332.0,523.0,1399.0,1349,0,0,1,Pedestrian
15,469.0,1332.0,521.0,1399.0,1350,0,0,1,Pedestrian
15,469.0,1332.0,521.0,1399.0,1351,0,0,0,Pedestrian
15,467.0,1328.0,519.0,1395.0,1352,0,0,1,Pedestrian
15,465.0,1328.0,517.0,1395.0,1353,0,0,1,Pedestrian
15,464.0,1328.0,515.0,1395.0,1354,0,0,1,Pedestrian
15,462.0,1328.0,513.0,1395.0,1355,0,0,1,Pedestrian
15,462.0,1328.0,513.0,1395.0,1356,0,0,1,Pedestrian
15,460.0,1328.0,511.0,1395.0,1357,0,0,1,Pedestrian
15,458.0,1328.0,510.0,1395.0,1358,0,0,1,Pedestrian
15,456.0,1328.0,508.0,1395.0,1359,0,0,1,Pedestrian
15,456.0,1328.0,508.0,1395.0,1360,0,0,1,Pedestrian
15,454.0,1328.0,506.0,1395.0,1361,0,0,1,Pedestrian
15,453.0,1328.0,504.0,1395.0,1362,0,0,1,Pedestrian
15,451.0,1328.0,502.0,1395.0,1363,0,0,1,Pedestrian
15,451.0,1328.0,502.0,1395.0,1364,0,0,1,Pedestrian
15,449.0,1328.0,500.0,1395.0,1365,0,0,1,Pedestrian
15,447.0,1328.0,499.0,1395.0,1366,0,0,1,Pedestrian
15,445.0,1328.0,497.0,1395.0,1367,0,0,1,Pedestrian
15,443.0,1328.0,495.0,1395.0,1368,0,0,1,Pedestrian
15,443.0,1328.0,495.0,1395.0,1369,0,0,1,Pedestrian
15,442.0,1328.0,493.0,1395.0,1370,0,0,1,Pedestrian
15,440.0,1328.0,491.0,1395.0,1371,0,0,1,Pedestrian
15,438.0,1328.0,489.0,1395.0,1372,0,0,1,Pedestrian
15,438.0,1328.0,489.0,1395.0,1373,0,0,1,Pedestrian
15,436.0,1328.0,488.0,1395.0,1374,0,0,1,Pedestrian
15,434.0,1328.0,486.0,1395.0,1375,0,0,1,Pedestrian
15,432.0,1328.0,484.0,1395.0,1376,0,0,1,Pedestrian
15,432.0,1328.0,484.0,1395.0,1377,0,0,1,Pedestrian
15,430.0,1328.0,482.0,1395.0,1378,0,0,1,Pedestrian
15,429.0,1328.0,480.0,1395.0,1379,0,0,1,Pedestrian
15,427.0,1328.0,478.0,1395.0,1380,0,0,1,Pedestrian
15,427.0,1328.0,478.0,1395.0,1381,0,0,1,Pedestrian
15,425.0,1328.0,476.0,1395.0,1382,0,0,1,Pedestrian
15,423.0,1328.0,475.0,1395.0,1383,0,0,1,Pedestrian
15,421.0,1328.0,473.0,1395.0,1384,0,0,1,Pedestrian
15,419.0,1328.0,471.0,1395.0,1385,0,0,1,Pedestrian
15,419.0,1328.0,471.0,1395.0,1386,0,0,1,Pedestrian
15,418.0,1328.0,469.0,1395.0,1387,0,0,1,Pedestrian
15,416.0,1328.0,467.0,1395.0,1388,0,0,1,Pedestrian
15,414.0,1328.0,465.0,1395.0,1389,0,0,1,Pedestrian
15,414.0,1328.0,465.0,1395.0,1390,0,0,1,Pedestrian
15,412.0,1328.0,464.0,1395.0,1391,0,0,1,Pedestrian
15,410.0,1328.0,462.0,1395.0,1392,0,0,1,Pedestrian
15,408.0,1328.0,460.0,1395.0,1393,0,0,1,Pedestrian
15,408.0,1328.0,460.0,1395.0,1394,0,0,1,Pedestrian
15,407.0,1328.0,458.0,1395.0,1395,0,0,1,Pedestrian
15,405.0,1328.0,456.0,1395.0,1396,0,0,1,Pedestrian
15,403.0,1328.0,454.0,1395.0,1397,0,0,1,Pedestrian
15,401.0,1328.0,453.0,1395.0,1398,0,0,1,Pedestrian
15,401.0,1328.0,453.0,1395.0,1399,0,0,1,Pedestrian
15,399.0,1328.0,451.0,1395.0,1400,0,0,1,Pedestrian
15,397.0,1328.0,449.0,1395.0,1401,0,0,1,Pedestrian
15,395.0,1328.0,447.0,1395.0,1402,0,0,1,Pedestrian
15,395.0,1328.0,447.0,1395.0,1403,0,0,1,Pedestrian
15,394.0,1328.0,445.0,1395.0,1404,0,0,1,Pedestrian
15,392.0,1328.0,443.0,1395.0,1405,0,0,1,Pedestrian
15,390.0,1328.0,442.0,1395.0,1406,0,0,1,Pedestrian
15,390.0,1328.0,442.0,1395.0,1407,0,0,1,Pedestrian
15,388.0,1328.0,440.0,1395.0,1408,0,0,1,Pedestrian
15,386.0,1328.0,438.0,1395.0,1409,0,0,1,Pedestrian
15,384.0,1328.0,436.0,1395.0,1410,0,0,1,Pedestrian
15,384.0,1328.0,436.0,1395.0,1411,0,0,0,Pedestrian
15,383.0,1328.0,434.0,1395.0,1412,0,0,1,Pedestrian
15,381.0,1328.0,432.0,1395.0,1413,0,0,1,Pedestrian
15,379.0,1328.0,430.0,1395.0,1414,0,0,1,Pedestrian
15,377.0,1328.0,429.0,1395.0,1415,0,0,1,Pedestrian
15,375.0,1328.0,427.0,1395.0,1416,0,0,1,Pedestrian
15,373.0,1328.0,425.0,1395.0,1417,0,0,1,Pedestrian
15,372.0,1328.0,423.0,1395.0,1418,0,0,1,Pedestrian
15,372.0,1328.0,423.0,1395.0,1419,0,0,1,Pedestrian
15,370.0,1332.0,421.0,1399.0,1420,0,0,1,Pedestrian
15,368.0,1332.0,419.0,1399.0,1421,0,0,1,Pedestrian
15,366.0,1332.0,418.0,1399.0,1422,0,0,1,Pedestrian
15,364.0,1332.0,416.0,1399.0,1423,0,0,1,Pedestrian
15,362.0,1332.0,414.0,1399.0,1424,0,0,1,Pedestrian
15,360.0,1332.0,412.0,1399.0,1425,0,0,1,Pedestrian
15,360.0,1332.0,412.0,1399.0,1426,0,0,1,Pedestrian
15,359.0,1332.0,410.0,1399.0,1427,0,0,1,Pedestrian
15,357.0,1332.0,408.0,1399.0,1428,0,0,1,Pedestrian
15,355.0,1336.0,407.0,1403.0,1429,0,0,1,Pedestrian
15,353.0,1336.0,405.0,1403.0,1430,0,0,1,Pedestrian
15,351.0,1336.0,403.0,1403.0,1431,0,0,1,Pedestrian
15,349.0,1336.0,401.0,1403.0,1432,0,0,1,Pedestrian
15,348.0,1336.0,399.0,1403.0,1433,0,0,1,Pedestrian
15,348.0,1336.0,399.0,1403.0,1434,0,0,1,Pedestrian
15,346.0,1336.0,397.0,1403.0,1435,0,0,1,Pedestrian
15,344.0,1336.0,395.0,1403.0,1436,0,0,1,Pedestrian
15,342.0,1336.0,394.0,1403.0,1437,0,0,1,Pedestrian
15,340.0,1340.0,392.0,1407.0,1438,0,0,1,Pedestrian
15,338.0,1340.0,390.0,1407.0,1439,0,0,1,Pedestrian
15,337.0,1340.0,388.0,1407.0,1440,0,0,1,Pedestrian
15,337.0,1340.0,388.0,1407.0,1441,0,0,1,Pedestrian
15,335.0,1340.0,386.0,1407.0,1442,0,0,1,Pedestrian
15,333.0,1340.0,384.0,1407.0,1443,0,0,1,Pedestrian
15,331.0,1340.0,383.0,1407.0,1444,0,0,1,Pedestrian
15,329.0,1340.0,381.0,1407.0,1445,0,0,1,Pedestrian
15,327.0,1340.0,379.0,1407.0,1446,0,0,1,Pedestrian
15,325.0,1344.0,377.0,1411.0,1447,0,0,1,Pedestrian
15,324.0,1344.0,375.0,1411.0,1448,0,0,1,Pedestrian
15,324.0,1344.0,375.0,1411.0,1449,0,0,1,Pedestrian
15,322.0,1344.0,373.0,1411.0,1450,0,0,1,Pedestrian
15,320.0,1344.0,372.0,1411.0,1451,0,0,1,Pedestrian
15,318.0,1344.0,370.0,1411.0,1452,0,0,1,Pedestrian
15,316.0,1344.0,368.0,1411.0,1453,0,0,1,Pedestrian
15,314.0,1344.0,366.0,1411.0,1454,0,0,1,Pedestrian
15,313.0,1344.0,364.0,1411.0,1455,0,0,1,Pedestrian
15,313.0,1349.0,364.0,1416.0,1456,0,0,0,Pedestrian
15,311.0,1344.0,362.0,1411.0,1457,0,0,1,Pedestrian
15,309.0,1344.0,360.0,1411.0,1458,0,0,1,Pedestrian
15,309.0,1344.0,360.0,1411.0,1459,0,0,1,Pedestrian
15,307.0,1344.0,359.0,1411.0,1460,0,0,1,Pedestrian
15,307.0,1344.0,359.0,1411.0,1461,0,0,1,Pedestrian
15,305.0,1344.0,357.0,1411.0,1462,0,0,1,Pedestrian
15,305.0,1340.0,357.0,1407.0,1463,0,0,1,Pedestrian
15,303.0,1340.0,355.0,1407.0,1464,0,0,1,Pedestrian
15,303.0,1340.0,355.0,1407.0,1465,0,0,1,Pedestrian
15,302.0,1340.0,353.0,1407.0,1466,0,0,1,Pedestrian
15,300.0,1340.0,351.0,1407.0,1467,0,0,1,Pedestrian
15,300.0,1340.0,351.0,1407.0,1468,0,0,1,Pedestrian
15,298.0,1340.0,349.0,1407.0,1469,0,0,1,Pedestrian
15,298.0,1336.0,349.0,1403.0,1470,0,0,1,Pedestrian
15,296.0,1336.0,348.0,1403.0,1471,0,0,1,Pedestrian
15,296.0,1336.0,348.0,1403.0,1472,0,0,1,Pedestrian
15,294.0,1336.0,346.0,1403.0,1473,0,0,1,Pedestrian
15,294.0,1336.0,346.0,1403.0,1474,0,0,1,Pedestrian
15,292.0,1336.0,344.0,1403.0,1475,0,0,1,Pedestrian
15,290.0,1336.0,342.0,1403.0,1476,0,0,1,Pedestrian
15,290.0,1332.0,342.0,1399.0,1477,0,0,1,Pedestrian
15,289.0,1332.0,340.0,1399.0,1478,0,0,1,Pedestrian
15,289.0,1332.0,340.0,1399.0,1479,0,0,1,Pedestrian
15,287.0,1332.0,338.0,1399.0,1480,0,0,1,Pedestrian
15,287.0,1332.0,338.0,1399.0,1481,0,0,1,Pedestrian
15,285.0,1332.0,337.0,1399.0,1482,0,0,1,Pedestrian
15,285.0,1332.0,337.0,1399.0,1483,0,0,0,Pedestrian
15,281.0,1332.0,333.0,1399.0,1484,0,0,1,Pedestrian
15,279.0,1332.0,331.0,1399.0,1485,0,0,1,Pedestrian
15,278.0,1332.0,329.0,1399.0,1486,0,0,1,Pedestrian
15,276.0,1332.0,327.0,1399.0,1487,0,0,1,Pedestrian
15,274.0,1332.0,325.0,1399.0,1488,0,0,1,Pedestrian
15,272.0,1332.0,324.0,1399.0,1489,0,0,1,Pedestrian
15,270.0,1332.0,322.0,1399.0,1490,0,0,1,Pedestrian
15,268.0,1332.0,320.0,1399.0,1491,0,0,1,Pedestrian
15,267.0,1332.0,318.0,1399.0,1492,0,0,1,Pedestrian
15,265.0,1332.0,316.0,1399.0,1493,0,0,1,Pedestrian
15,263.0,1332.0,314.0,1399.0,1494,0,0,1,Pedestrian
15,261.0,1332.0,313.0,1399.0,1495,0,0,1,Pedestrian
15,259.0,1332.0,311.0,1399.0,1496,0,0,1,Pedestrian
15,257.0,1332.0,309.0,1399.0,1497,0,0,1,Pedestrian
15,255.0,1332.0,307.0,1399.0,1498,0,0,1,Pedestrian
15,254.0,1332.0,305.0,1399.0,1499,0,0,1,Pedestrian
15,252.0,1332.0,303.0,1399.0,1500,0,0,0,Pedestrian
15,248.0,1332.0,302.0,1399.0,1501,0,0,1,Pedestrian
15,246.0,1336.0,302.0,1403.0,1502,0,0,1,Pedestrian
15,243.0,1336.0,300.0,1403.0,1503,0,0,1,Pedestrian
15,241.0,1340.0,300.0,1407.0,1504,0,0,1,Pedestrian
15,239.0,1344.0,300.0,1411.0,1505,0,0,1,Pedestrian
15,235.0,1344.0,298.0,1411.0,1506,0,0,1,Pedestrian
15,233.0,1349.0,298.0,1416.0,1507,0,0,1,Pedestrian
15,230.0,1349.0,296.0,1416.0,1508,0,0,1,Pedestrian
15,228.0,1353.0,296.0,1420.0,1509,0,0,1,Pedestrian
15,226.0,1357.0,296.0,1424.0,1510,0,0,0,Pedestrian
15,224.0,1353.0,294.0,1420.0,1511,0,0,1,Pedestrian
15,222.0,1353.0,292.0,1420.0,1512,0,0,1,Pedestrian
15,221.0,1353.0,290.0,1420.0,1513,0,0,1,Pedestrian
15,221.0,1353.0,289.0,1420.0,1514,0,0,1,Pedestrian
15,219.0,1353.0,289.0,1420.0,1515,0,0,1,Pedestrian
15,217.0,1353.0,287.0,1420.0,1516,0,0,1,Pedestrian
15,215.0,1353.0,285.0,1420.0,1517,0,0,1,Pedestrian
15,215.0,1353.0,283.0,1420.0,1518,0,0,1,Pedestrian
15,213.0,1353.0,283.0,1420.0,1519,0,0,1,Pedestrian
15,211.0,1353.0,281.0,1420.0,1520,0,0,1,Pedestrian
15,209.0,1353.0,279.0,1420.0,1521,0,0,1,Pedestrian
15,209.0,1353.0,278.0,1420.0,1522,0,0,1,Pedestrian
15,208.0,1353.0,278.0,1420.0,1523,0,0,1,Pedestrian
15,206.0,1353.0,276.0,1420.0,1524,0,0,1,Pedestrian
15,204.0,1353.0,274.0,1420.0,1525,0,0,1,Pedestrian
15,204.0,1353.0,272.0,1420.0,1526,0,0,1,Pedestrian
15,202.0,1353.0,272.0,1420.0,1527,0,0,1,Pedestrian
15,200.0,1353.0,270.0,1420.0,1528,0,0,1,Pedestrian
15,198.0,1353.0,268.0,1420.0,1529,0,0,1,Pedestrian
15,198.0,1353.0,267.0,1420.0,1530,0,0,1,Pedestrian
15,197.0,1353.0,267.0,1420.0,1531,0,0,1,Pedestrian
15,195.0,1353.0,265.0,1420.0,1532,0,0,1,Pedestrian
15,193.0,1353.0,263.0,1420.0,1533,0,0,1,Pedestrian
15,193.0,1353.0,261.0,1420.0,1534,0,0,1,Pedestrian
15,191.0,1353.0,261.0,1420.0,1535,0,0,1,Pedestrian
15,189.0,1353.0,259.0,1420.0,1536,0,0,1,Pedestrian
15,187.0,1353.0,257.0,1420.0,1537,0,0,1,Pedestrian
15,187.0,1353.0,255.0,1420.0,1538,0,0,1,Pedestrian
15,186.0,1353.0,255.0,1420.0,1539,0,0,1,Pedestrian
15,184.0,1353.0,254.0,1420.0,1540,0,0,1,Pedestrian
15,182.0,1349.0,252.0,1416.0,1541,0,0,1,Pedestrian
15,182.0,1349.0,250.0,1416.0,1542,0,0,1,Pedestrian
15,180.0,1349.0,250.0,1416.0,1543,0,0,1,Pedestrian
15,178.0,1349.0,248.0,1416.0,1544,0,0,1,Pedestrian
15,176.0,1349.0,246.0,1416.0,1545,0,0,1,Pedestrian
15,176.0,1349.0,244.0,1416.0,1546,0,0,1,Pedestrian
15,174.0,1349.0,244.0,1416.0,1547,0,0,1,Pedestrian
15,173.0,1349.0,243.0,1416.0,1548,0,0,1,Pedestrian
15,171.0,1349.0,241.0,1416.0,1549,0,0,1,Pedestrian
15,171.0,1349.0,239.0,1416.0,1550,0,0,1,Pedestrian
15,169.0,1349.0,239.0,1416.0,1551,0,0,1,Pedestrian
15,167.0,1349.0,237.0,1416.0,1552,0,0,1,Pedestrian
15,165.0,1349.0,235.0,1416.0,1553,0,0,1,Pedestrian
15,165.0,1349.0,233.0,1416.0,1554,0,0,1,Pedestrian
15,163.0,1349.0,233.0,1416.0,1555,0,0,1,Pedestrian
15,162.0,1349.0,232.0,1416.0,1556,0,0,1,Pedestrian
15,160.0,1349.0,230.0,1416.0,1557,0,0,1,Pedestrian
15,160.0,1349.0,228.0,1416.0,1558,0,0,1,Pedestrian
15,158.0,1349.0,228.0,1416.0,1559,0,0,1,Pedestrian
15,156.0,1349.0,226.0,1416.0,1560,0,0,1,Pedestrian
15,154.0,1349.0,224.0,1416.0,1561,0,0,1,Pedestrian
15,154.0,1349.0,222.0,1416.0,1562,0,0,1,Pedestrian
15,152.0,1349.0,222.0,1416.0,1563,0,0,1,Pedestrian
15,151.0,1349.0,221.0,1416.0,1564,0,0,1,Pedestrian
15,149.0,1349.0,219.0,1416.0,1565,0,0,1,Pedestrian
15,149.0,1349.0,217.0,1416.0,1566,0,0,1,Pedestrian
15,147.0,1349.0,217.0,1416.0,1567,0,0,1,Pedestrian
15,145.0,1349.0,215.0,1416.0,1568,0,0,1,Pedestrian
15,143.0,1349.0,213.0,1416.0,1569,0,0,1,Pedestrian
15,143.0,1349.0,211.0,1416.0,1570,0,0,1,Pedestrian
15,141.0,1344.0,211.0,1411.0,1571,0,0,1,Pedestrian
15,139.0,1344.0,209.0,1411.0,1572,0,0,1,Pedestrian
15,138.0,1344.0,208.0,1411.0,1573,0,0,1,Pedestrian
15,138.0,1344.0,206.0,1411.0,1574,0,0,1,Pedestrian
15,136.0,1344.0,206.0,1411.0,1575,0,0,1,Pedestrian
15,134.0,1344.0,204.0,1411.0,1576,0,0,1,Pedestrian
15,132.0,1344.0,202.0,1411.0,1577,0,0,1,Pedestrian
15,132.0,1344.0,200.0,1411.0,1578,0,0,1,Pedestrian
15,130.0,1344.0,200.0,1411.0,1579,0,0,1,Pedestrian
15,128.0,1344.0,198.0,1411.0,1580,0,0,1,Pedestrian
15,127.0,1344.0,197.0,1411.0,1581,0,0,1,Pedestrian
15,127.0,1344.0,195.0,1411.0,1582,0,0,1,Pedestrian
15,125.0,1344.0,195.0,1411.0,1583,0,0,1,Pedestrian
15,123.0,1344.0,193.0,1411.0,1584,0,0,1,Pedestrian
15,123.0,1344.0,191.0,1411.0,1585,0,0,1,Pedestrian
15,121.0,1344.0,189.0,1411.0,1586,0,0,1,Pedestrian
15,119.0,1344.0,187.0,1411.0,1587,0,0,1,Pedestrian
15,117.0,1344.0,187.0,1411.0,1588,0,0,1,Pedestrian
15,117.0,1344.0,186.0,1411.0,1589,0,0,1,Pedestrian
15,116.0,1344.0,184.0,1411.0,1590,0,0,1,Pedestrian
15,114.0,1344.0,182.0,1411.0,1591,0,0,1,Pedestrian
15,112.0,1344.0,182.0,1411.0,1592,0,0,1,Pedestrian
15,112.0,1344.0,180.0,1411.0,1593,0,0,1,Pedestrian
15,110.0,1344.0,178.0,1411.0,1594,0,0,1,Pedestrian
15,108.0,1344.0,176.0,1411.0,1595,0,0,1,Pedestrian
15,106.0,1344.0,176.0,1411.0,1596,0,0,1,Pedestrian
15,106.0,1344.0,174.0,1411.0,1597,0,0,1,Pedestrian
15,104.0,1344.0,173.0,1411.0,1598,0,0,1,Pedestrian
15,103.0,1344.0,171.0,1411.0,1599,0,0,1,Pedestrian
15,101.0,1344.0,171.0,1411.0,1600,0,0,1,Pedestrian
15,101.0,1340.0,169.0,1407.0,1601,0,0,1,Pedestrian
15,99.0,1340.0,167.0,1407.0,1602,0,0,1,Pedestrian
15,97.0,1340.0,165.0,1407.0,1603,0,0,1,Pedestrian
15,95.0,1340.0,165.0,1407.0,1604,0,0,1,Pedestrian
15,95.0,1340.0,163.0,1407.0,1605,0,0,1,Pedestrian
15,93.0,1340.0,162.0,1407.0,1606,0,0,1,Pedestrian
15,92.0,1340.0,160.0,1407.0,1607,0,0,1,Pedestrian
15,90.0,1340.0,160.0,1407.0,1608,0,0,1,Pedestrian
15,90.0,1340.0,158.0,1407.0,1609,0,0,1,Pedestrian
15,88.0,1340.0,156.0,1407.0,1610,0,0,1,Pedestrian
15,86.0,1340.0,154.0,1407.0,1611,0,0,1,Pedestrian
15,84.0,1340.0,154.0,1407.0,1612,0,0,1,Pedestrian
15,84.0,1340.0,152.0,1407.0,1613,0,0,1,Pedestrian
15,82.0,1340.0,151.0,1407.0,1614,0,0,1,Pedestrian
15,81.0,1340.0,149.0,1407.0,1615,0,0,1,Pedestrian
15,79.0,1340.0,149.0,1407.0,1616,0,0,1,Pedestrian
15,79.0,1340.0,147.0,1407.0,1617,0,0,1,Pedestrian
15,77.0,1340.0,145.0,1407.0,1618,0,0,1,Pedestrian
15,75.0,1340.0,143.0,1407.0,1619,0,0,1,Pedestrian
15,73.0,1340.0,143.0,1407.0,1620,0,0,1,Pedestrian
15,73.0,1340.0,141.0,1407.0,1621,0,0,1,Pedestrian
15,71.0,1340.0,139.0,1407.0,1622,0,0,1,Pedestrian
15,69.0,1340.0,138.0,1407.0,1623,0,0,1,Pedestrian
15,68.0,1340.0,138.0,1407.0,1624,0,0,1,Pedestrian
15,68.0,1340.0,136.0,1407.0,1625,0,0,1,Pedestrian
15,66.0,1340.0,134.0,1407.0,1626,0,0,1,Pedestrian
15,64.0,1340.0,132.0,1407.0,1627,0,0,1,Pedestrian
15,62.0,1340.0,132.0,1407.0,1628,0,0,1,Pedestrian
15,62.0,1340.0,130.0,1407.0,1629,0,0,1,Pedestrian
15,60.0,1340.0,128.0,1407.0,1630,0,0,1,Pedestrian
15,58.0,1336.0,127.0,1403.0,1631,0,0,1,Pedestrian
15,57.0,1336.0,127.0,1403.0,1632,0,0,1,Pedestrian
15,57.0,1336.0,125.0,1403.0,1633,0,0,1,Pedestrian
15,55.0,1336.0,123.0,1403.0,1634,0,0,1,Pedestrian
15,53.0,1336.0,121.0,1403.0,1635,0,0,1,Pedestrian
15,51.0,1336.0,121.0,1403.0,1636,0,0,1,Pedestrian
15,51.0,1336.0,119.0,1403.0,1637,0,0,1,Pedestrian
15,49.0,1336.0,117.0,1403.0,1638,0,0,1,Pedestrian
15,47.0,1336.0,116.0,1403.0,1639,0,0,1,Pedestrian
15,46.0,1336.0,116.0,1403.0,1640,0,0,1,Pedestrian
15,46.0,1336.0,114.0,1403.0,1641,0,0,1,Pedestrian
15,44.0,1336.0,112.0,1403.0,1642,0,0,1,Pedestrian
15,42.0,1336.0,110.0,1403.0,1643,0,0,1,Pedestrian
15,40.0,1336.0,110.0,1403.0,1644,0,0,1,Pedestrian
15,40.0,1336.0,108.0,1403.0,1645,0,0,1,Pedestrian
15,38.0,1336.0,106.0,1403.0,1646,0,0,1,Pedestrian
15,36.0,1336.0,104.0,1403.0,1647,0,0,1,Pedestrian
15,34.0,1336.0,104.0,1403.0,1648,0,0,1,Pedestrian
15,34.0,1336.0,103.0,1403.0,1649,0,0,1,Pedestrian
15,33.0,1336.0,101.0,1403.0,1650,0,0,1,Pedestrian
15,31.0,1336.0,99.0,1403.0,1651,0,0,1,Pedestrian
15,29.0,1336.0,99.0,1403.0,1652,0,0,1,Pedestrian
15,29.0,1336.0,97.0,1403.0,1653,0,0,1,Pedestrian
15,27.0,1336.0,95.0,1403.0,1654,0,0,1,Pedestrian
15,25.0,1336.0,93.0,1403.0,1655,0,0,1,Pedestrian
15,23.0,1336.0,93.0,1403.0,1656,0,0,1,Pedestrian
15,23.0,1336.0,92.0,1403.0,1657,0,0,1,Pedestrian
15,22.0,1336.0,90.0,1403.0,1658,0,0,1,Pedestrian
15,20.0,1336.0,88.0,1403.0,1659,0,0,1,Pedestrian
15,20.0,1336.0,88.0,1403.0,1660,0,0,0,Pedestrian
15,18.0,1332.0,86.0,1399.0,1661,0,0,1,Pedestrian
15,16.0,1332.0,84.0,1399.0,1662,0,0,1,Pedestrian
15,16.0,1332.0,84.0,1399.0,1663,0,0,1,Pedestrian
15,14.0,1332.0,82.0,1399.0,1664,0,0,1,Pedestrian
15,14.0,1332.0,82.0,1399.0,1665,0,0,1,Pedestrian
15,12.0,1332.0,81.0,1399.0,1666,0,0,1,Pedestrian
15,12.0,1332.0,79.0,1399.0,1667,0,0,1,Pedestrian
15,11.0,1332.0,79.0,1399.0,1668,0,0,1,Pedestrian
15,11.0,1332.0,77.0,1399.0,1669,0,0,1,Pedestrian
15,9.0,1332.0,77.0,1399.0,1670,0,0,1,Pedestrian
15,7.0,1332.0,75.0,1399.0,1671,0,0,1,Pedestrian
15,7.0,1332.0,73.0,1399.0,1672,0,0,1,Pedestrian
15,5.0,1332.0,73.0,1399.0,1673,0,0,1,Pedestrian
15,5.0,1332.0,71.0,1399.0,1674,0,0,1,Pedestrian
15,3.0,1332.0,71.0,1399.0,1675,0,0,1,Pedestrian
15,3.0,1332.0,69.0,1399.0,1676,0,0,1,Pedestrian
15,1.0,1332.0,68.0,1399.0,1677,0,0,1,Pedestrian
15,1.0,1332.0,68.0,1399.0,1678,0,0,1,Pedestrian
15,0.0,1332.0,66.0,1399.0,1679,0,0,1,Pedestrian
15,0.0,1332.0,66.0,1399.0,1680,1,0,0,Pedestrian
15,0.0,1332.0,66.0,1399.0,1681,1,0,1,Pedestrian
15,0.0,1332.0,66.0,1399.0,1682,1,0,1,Pedestrian
15,0.0,1332.0,66.0,1399.0,1683,1,0,1,Pedestrian
15,0.0,1332.0,66.0,1399.0,1684,1,0,1,Pedestrian
15,0.0,1332.0,66.0,1399.0,1685,1,0,1,Pedestrian
15,0.0,1332.0,66.0,1399.0,1686,1,0,1,Pedestrian
15,0.0,1332.0,66.0,1399.0,1687,1,0,1,Pedestrian
15,0.0,1332.0,66.0,1399.0,1688,1,0,1,Pedestrian
15,0.0,1332.0,66.0,1399.0,1689,1,0,1,Pedestrian
15,0.0,1332.0,66.0,1399.0,1690,1,0,1,Pedestrian
15,0.0,1332.0,66.0,1399.0,1691,1,0,1,Pedestrian
15,0.0,1332.0,66.0,1399.0,1692,1,0,1,Pedestrian
15,0.0,1332.0,66.0,1399.0,1693,1,0,1,Pedestrian
15,0.0,1332.0,66.0,1399.0,1694,1,0,1,Pedestrian
15,0.0,1332.0,66.0,1399.0,1695,1,0,1,Pedestrian
15,0.0,1332.0,66.0,1399.0,1696,1,0,1,Pedestrian
15,0.0,1332.0,66.0,1399.0,1697,1,0,1,Pedestrian
15,0.0,1332.0,66.0,1399.0,1698,1,0,1,Pedestrian
15,0.0,1332.0,66.0,1399.0,1699,1,0,1,Pedestrian
15,0.0,1332.0,66.0,1399.0,1700,1,0,0,Pedestrian
15,0.0,1332.0,66.0,1399.0,1701,1,0,1,Pedestrian
15,0.0,1332.0,66.0,1399.0,1702,1,0,1,Pedestrian
15,0.0,1332.0,66.0,1399.0,1703,1,0,1,Pedestrian
15,0.0,1332.0,66.0,1399.0,1704,1,0,1,Pedestrian
15,0.0,1332.0,66.0,1399.0,1705,1,0,1,Pedestrian
15,0.0,1332.0,66.0,1399.0,1706,1,0,1,Pedestrian
15,0.0,1332.0,66.0,1399.0,1707,1,0,1,Pedestrian
15,0.0,1332.0,66.0,1399.0,1708,1,0,1,Pedestrian
15,0.0,1332.0,66.0,1399.0,1709,1,0,1,Pedestrian
15,0.0,1332.0,66.0,1399.0,1710,1,0,1,Pedestrian
15,0.0,1332.0,66.0,1399.0,1711,1,0,1,Pedestrian
15,0.0,1332.0,66.0,1399.0,1712,1,0,1,Pedestrian
15,0.0,1332.0,66.0,1399.0,1713,1,0,1,Pedestrian
15,0.0,1332.0,66.0,1399.0,1714,1,0,1,Pedestrian
15,0.0,1332.0,66.0,1399.0,1715,1,0,1,Pedestrian
15,0.0,1332.0,66.0,1399.0,1716,1,0,1,Pedestrian
15,0.0,1332.0,66.0,1399.0,1717,1,0,1,Pedestrian
15,0.0,1332.0,66.0,1399.0,1718,1,0,1,Pedestrian
15,0.0,1332.0,66.0,1399.0,1719,1,0,1,Pedestrian
15,0.0,1332.0,66.0,1399.0,1720,1,0,1,Pedestrian
15,0.0,1332.0,66.0,1399.0,1721,1,0,1,Pedestrian
15,0.0,1332.0,66.0,1399.0,1722,1,0,1,Pedestrian
15,0.0,1332.0,66.0,1399.0,1723,1,0,1,Pedestrian
15,0.0,1332.0,66.0,1399.0,1724,1,0,1,Pedestrian
15,0.0,1332.0,66.0,1399.0,1725,1,0,1,Pedestrian
15,0.0,1332.0,66.0,1399.0,1726,1,0,1,Pedestrian
15,0.0,1332.0,66.0,1399.0,1727,1,0,1,Pedestrian
15,0.0,1332.0,66.0,1399.0,1728,1,0,1,Pedestrian
15,0.0,1332.0,66.0,1399.0,1729,1,0,1,Pedestrian
15,0.0,1332.0,66.0,1399.0,1730,1,0,1,Pedestrian
15,0.0,1332.0,66.0,1399.0,1731,1,0,1,Pedestrian
15,0.0,1332.0,66.0,1399.0,1732,1,0,1,Pedestrian
15,0.0,1332.0,66.0,1399.0,1733,1,0,1,Pedestrian
15,0.0,1332.0,66.0,1399.0,1734,1,0,1,Pedestrian
15,0.0,1332.0,66.0,1399.0,1735,1,0,1,Pedestrian
15,0.0,1332.0,66.0,1399.0,1736,1,0,1,Pedestrian
15,0.0,1332.0,66.0,1399.0,1737,1,0,1,Pedestrian
15,0.0,1332.0,66.0,1399.0,1738,1,0,1,Pedestrian
15,0.0,1332.0,66.0,1399.0,1739,1,0,1,Pedestrian
15,0.0,1332.0,66.0,1399.0,1740,1,0,1,Pedestrian
15,0.0,1332.0,66.0,1399.0,1741,1,0,1,Pedestrian
15,0.0,1332.0,66.0,1399.0,1742,1,0,1,Pedestrian
15,0.0,1332.0,66.0,1399.0,1743,1,0,1,Pedestrian
15,0.0,1332.0,66.0,1399.0,1744,1,0,1,Pedestrian
15,0.0,1332.0,66.0,1399.0,1745,1,0,1,Pedestrian
15,0.0,1332.0,66.0,1399.0,1746,1,0,1,Pedestrian
15,0.0,1332.0,66.0,1399.0,1747,1,0,1,Pedestrian
15,0.0,1332.0,66.0,1399.0,1748,1,0,1,Pedestrian
15,0.0,1332.0,66.0,1399.0,1749,1,0,1,Pedestrian
15,0.0,1332.0,66.0,1399.0,1750,1,0,1,Pedestrian
15,0.0,1332.0,66.0,1399.0,1751,1,0,1,Pedestrian
15,0.0,1332.0,66.0,1399.0,1752,1,0,1,Pedestrian
15,0.0,1332.0,66.0,1399.0,1753,1,0,1,Pedestrian
15,0.0,1332.0,66.0,1399.0,1754,1,0,1,Pedestrian
15,0.0,1332.0,66.0,1399.0,1755,1,0,1,Pedestrian
15,0.0,1332.0,66.0,1399.0,1756,1,0,1,Pedestrian
15,0.0,1332.0,66.0,1399.0,1757,1,0,1,Pedestrian
15,0.0,1332.0,66.0,1399.0,1758,1,0,1,Pedestrian
15,0.0,1332.0,66.0,1399.0,1759,1,0,1,Pedestrian
15,0.0,1332.0,66.0,1399.0,1760,1,0,1,Pedestrian
15,0.0,1332.0,66.0,1399.0,1761,1,0,1,Pedestrian
15,0.0,1332.0,66.0,1399.0,1762,1,0,1,Pedestrian
15,0.0,1332.0,66.0,1399.0,1763,1,0,1,Pedestrian
15,0.0,1332.0,66.0,1399.0,1764,1,0,1,Pedestrian
15,0.0,1332.0,66.0,1399.0,1765,1,0,1,Pedestrian
15,0.0,1332.0,66.0,1399.0,1766,1,0,1,Pedestrian
15,0.0,1332.0,66.0,1399.0,1767,1,0,1,Pedestrian
15,0.0,1332.0,66.0,1399.0,1768,1,0,1,Pedestrian
15,0.0,1332.0,66.0,1399.0,1769,1,0,1,Pedestrian
15,0.0,1332.0,66.0,1399.0,1770,1,0,1,Pedestrian
15,0.0,1332.0,66.0,1399.0,1771,1,0,1,Pedestrian
15,0.0,1332.0,66.0,1399.0,1772,1,0,1,Pedestrian
15,0.0,1332.0,66.0,1399.0,1773,1,0,1,Pedestrian
15,0.0,1332.0,66.0,1399.0,1774,1,0,1,Pedestrian
15,0.0,1332.0,66.0,1399.0,1775,1,0,1,Pedestrian
15,0.0,1332.0,66.0,1399.0,1776,1,0,1,Pedestrian
15,0.0,1332.0,66.0,1399.0,1777,1,0,1,Pedestrian
15,0.0,1332.0,66.0,1399.0,1778,1,0,1,Pedestrian
15,0.0,1332.0,66.0,1399.0,1779,1,0,1,Pedestrian
15,0.0,1332.0,66.0,1399.0,1780,1,0,1,Pedestrian
15,0.0,1332.0,66.0,1399.0,1781,1,0,1,Pedestrian
15,0.0,1332.0,66.0,1399.0,1782,1,0,1,Pedestrian
15,0.0,1332.0,66.0,1399.0,1783,1,0,1,Pedestrian
15,0.0,1332.0,66.0,1399.0,1784,1,0,1,Pedestrian
15,0.0,1332.0,66.0,1399.0,1785,1,0,1,Pedestrian
15,0.0,1332.0,66.0,1399.0,1786,1,0,1,Pedestrian
15,0.0,1332.0,66.0,1399.0,1787,1,0,1,Pedestrian
15,0.0,1332.0,66.0,1399.0,1788,1,0,1,Pedestrian
15,0.0,1332.0,66.0,1399.0,1789,1,0,1,Pedestrian
15,0.0,1332.0,66.0,1399.0,1790,1,0,1,Pedestrian
15,0.0,1332.0,66.0,1399.0,1791,1,0,1,Pedestrian
15,0.0,1332.0,66.0,1399.0,1792,1,0,1,Pedestrian
15,0.0,1332.0,66.0,1399.0,1793,1,0,1,Pedestrian
15,0.0,1332.0,66.0,1399.0,1794,1,0,1,Pedestrian
15,0.0,1332.0,66.0,1399.0,1795,1,0,1,Pedestrian
15,0.0,1332.0,66.0,1399.0,1796,1,0,1,Pedestrian
15,0.0,1332.0,66.0,1399.0,1797,1,0,1,Pedestrian
15,0.0,1332.0,66.0,1399.0,1798,1,0,1,Pedestrian
15,0.0,1332.0,66.0,1399.0,1799,1,0,1,Pedestrian
15,0.0,1332.0,66.0,1399.0,1800,1,0,1,Pedestrian
15,0.0,1332.0,66.0,1399.0,1801,1,0,1,Pedestrian
15,0.0,1332.0,66.0,1399.0,1802,1,0,1,Pedestrian
15,0.0,1332.0,66.0,1399.0,1803,1,0,1,Pedestrian
15,0.0,1332.0,66.0,1399.0,1804,1,0,1,Pedestrian
15,0.0,1332.0,66.0,1399.0,1805,1,0,1,Pedestrian
15,0.0,1332.0,66.0,1399.0,1806,1,0,1,Pedestrian
15,0.0,1332.0,66.0,1399.0,1807,1,0,1,Pedestrian
15,0.0,1332.0,66.0,1399.0,1808,1,0,1,Pedestrian
15,0.0,1332.0,66.0,1399.0,1809,1,0,1,Pedestrian
15,0.0,1332.0,66.0,1399.0,1810,1,0,1,Pedestrian
15,0.0,1332.0,66.0,1399.0,1811,1,0,1,Pedestrian
15,0.0,1332.0,66.0,1399.0,1812,1,0,1,Pedestrian
15,0.0,1332.0,66.0,1399.0,1813,1,0,1,Pedestrian
15,0.0,1332.0,66.0,1399.0,1814,1,0,1,Pedestrian
15,0.0,1332.0,66.0,1399.0,1815,1,0,1,Pedestrian
15,0.0,1332.0,66.0,1399.0,1816,1,0,1,Pedestrian
15,0.0,1332.0,66.0,1399.0,1817,1,0,1,Pedestrian
15,0.0,1332.0,66.0,1399.0,1818,1,0,1,Pedestrian
15,0.0,1332.0,66.0,1399.0,1819,1,0,1,Pedestrian
15,0.0,1332.0,66.0,1399.0,1820,1,0,1,Pedestrian
15,0.0,1332.0,66.0,1399.0,1821,1,0,1,Pedestrian
15,0.0,1332.0,66.0,1399.0,1822,1,0,1,Pedestrian
15,0.0,1332.0,66.0,1399.0,1823,1,0,1,Pedestrian
15,0.0,1332.0,66.0,1399.0,1824,1,0,1,Pedestrian
15,0.0,1332.0,66.0,1399.0,1825,1,0,1,Pedestrian
15,0.0,1332.0,66.0,1399.0,1826,1,0,1,Pedestrian
15,0.0,1332.0,66.0,1399.0,1827,1,0,1,Pedestrian
15,0.0,1332.0,66.0,1399.0,1828,1,0,1,Pedestrian
15,0.0,1332.0,66.0,1399.0,1829,1,0,1,Pedestrian
15,0.0,1332.0,66.0,1399.0,1830,1,0,1,Pedestrian
15,0.0,1332.0,66.0,1399.0,1831,1,0,1,Pedestrian
15,0.0,1332.0,66.0,1399.0,1832,1,0,1,Pedestrian
15,0.0,1332.0,66.0,1399.0,1833,1,0,1,Pedestrian
15,0.0,1332.0,66.0,1399.0,1834,1,0,1,Pedestrian
15,0.0,1332.0,66.0,1399.0,1835,1,0,1,Pedestrian
15,0.0,1332.0,66.0,1399.0,1836,1,0,1,Pedestrian
15,0.0,1332.0,66.0,1399.0,1837,1,0,1,Pedestrian
15,0.0,1332.0,66.0,1399.0,1838,1,0,1,Pedestrian
15,0.0,1332.0,66.0,1399.0,1839,1,0,1,Pedestrian
15,0.0,1332.0,66.0,1399.0,1840,1,0,1,Pedestrian
15,0.0,1332.0,66.0,1399.0,1841,1,0,1,Pedestrian
15,0.0,1332.0,66.0,1399.0,1842,1,0,1,Pedestrian
15,0.0,1332.0,66.0,1399.0,1843,1,0,1,Pedestrian
15,0.0,1332.0,66.0,1399.0,1844,1,0,1,Pedestrian
15,0.0,1332.0,66.0,1399.0,1845,1,0,1,Pedestrian
15,0.0,1332.0,66.0,1399.0,1846,1,0,1,Pedestrian
15,0.0,1332.0,66.0,1399.0,1847,1,0,1,Pedestrian
15,0.0,1332.0,66.0,1399.0,1848,1,0,1,Pedestrian
15,0.0,1332.0,66.0,1399.0,1849,1,0,1,Pedestrian
15,0.0,1332.0,66.0,1399.0,1850,1,0,1,Pedestrian
15,0.0,1332.0,66.0,1399.0,1851,1,0,1,Pedestrian
15,0.0,1332.0,66.0,1399.0,1852,1,0,1,Pedestrian
15,0.0,1332.0,66.0,1399.0,1853,1,0,1,Pedestrian
15,0.0,1332.0,66.0,1399.0,1854,1,0,1,Pedestrian
15,0.0,1332.0,66.0,1399.0,1855,1,0,1,Pedestrian
15,0.0,1332.0,66.0,1399.0,1856,1,0,1,Pedestrian
15,0.0,1332.0,66.0,1399.0,1857,1,0,1,Pedestrian
15,0.0,1332.0,66.0,1399.0,1858,1,0,1,Pedestrian
15,0.0,1332.0,66.0,1399.0,1859,1,0,1,Pedestrian
15,0.0,1332.0,66.0,1399.0,1860,1,0,1,Pedestrian
15,0.0,1332.0,66.0,1399.0,1861,1,0,1,Pedestrian
15,0.0,1332.0,66.0,1399.0,1862,1,0,1,Pedestrian
15,0.0,1332.0,66.0,1399.0,1863,1,0,1,Pedestrian
15,0.0,1332.0,66.0,1399.0,1864,1,0,1,Pedestrian
15,0.0,1332.0,66.0,1399.0,1865,1,0,1,Pedestrian
15,0.0,1332.0,66.0,1399.0,1866,1,0,1,Pedestrian
15,0.0,1332.0,66.0,1399.0,1867,1,0,1,Pedestrian
15,0.0,1332.0,66.0,1399.0,1868,1,0,1,Pedestrian
15,0.0,1332.0,66.0,1399.0,1869,1,0,1,Pedestrian
15,0.0,1332.0,66.0,1399.0,1870,1,0,1,Pedestrian
15,0.0,1332.0,66.0,1399.0,1871,1,0,1,Pedestrian
15,0.0,1332.0,66.0,1399.0,1872,1,0,1,Pedestrian
15,0.0,1332.0,66.0,1399.0,1873,1,0,1,Pedestrian
15,0.0,1332.0,66.0,1399.0,1874,1,0,1,Pedestrian
15,0.0,1332.0,66.0,1399.0,1875,1,0,1,Pedestrian
15,0.0,1332.0,66.0,1399.0,1876,1,0,1,Pedestrian
15,0.0,1332.0,66.0,1399.0,1877,1,0,1,Pedestrian
15,0.0,1332.0,66.0,1399.0,1878,1,0,1,Pedestrian
15,0.0,1332.0,66.0,1399.0,1879,1,0,1,Pedestrian
15,0.0,1332.0,66.0,1399.0,1880,1,0,1,Pedestrian
15,0.0,1332.0,66.0,1399.0,1881,1,0,1,Pedestrian
15,0.0,1332.0,66.0,1399.0,1882,1,0,1,Pedestrian
15,0.0,1332.0,66.0,1399.0,1883,1,0,1,Pedestrian
15,0.0,1332.0,66.0,1399.0,1884,1,0,1,Pedestrian
15,0.0,1332.0,66.0,1399.0,1885,1,0,1,Pedestrian
15,0.0,1332.0,66.0,1399.0,1886,1,0,1,Pedestrian
15,0.0,1332.0,66.0,1399.0,1887,1,0,1,Pedestrian
15,0.0,1332.0,66.0,1399.0,1888,1,0,1,Pedestrian
15,0.0,1332.0,66.0,1399.0,1889,1,0,1,Pedestrian
15,0.0,1332.0,66.0,1399.0,1890,1,0,1,Pedestrian
15,0.0,1332.0,66.0,1399.0,1891,1,0,1,Pedestrian
15,0.0,1332.0,66.0,1399.0,1892,1,0,1,Pedestrian
15,0.0,1332.0,66.0,1399.0,1893,1,0,1,Pedestrian
15,0.0,1332.0,66.0,1399.0,1894,1,0,1,Pedestrian
15,0.0,1332.0,66.0,1399.0,1895,1,0,1,Pedestrian
15,0.0,1332.0,66.0,1399.0,1896,1,0,1,Pedestrian
15,0.0,1332.0,66.0,1399.0,1897,1,0,1,Pedestrian
15,0.0,1332.0,66.0,1399.0,1898,1,0,1,Pedestrian
15,0.0,1332.0,66.0,1399.0,1899,1,0,1,Pedestrian
15,0.0,1332.0,66.0,1399.0,1900,1,0,1,Pedestrian
15,0.0,1332.0,66.0,1399.0,1901,1,0,1,Pedestrian
15,0.0,1332.0,66.0,1399.0,1902,1,0,1,Pedestrian
15,0.0,1332.0,66.0,1399.0,1903,1,0,1,Pedestrian
15,0.0,1332.0,66.0,1399.0,1904,1,0,1,Pedestrian
15,0.0,1332.0,66.0,1399.0,1905,1,0,1,Pedestrian
15,0.0,1332.0,66.0,1399.0,1906,1,0,1,Pedestrian
15,0.0,1332.0,66.0,1399.0,1907,1,0,1,Pedestrian
15,0.0,1332.0,66.0,1399.0,1908,1,0,1,Pedestrian
15,0.0,1332.0,66.0,1399.0,1909,1,0,1,Pedestrian
15,0.0,1332.0,66.0,1399.0,1910,1,0,1,Pedestrian
15,0.0,1332.0,66.0,1399.0,1911,1,0,1,Pedestrian
15,0.0,1332.0,66.0,1399.0,1912,1,0,1,Pedestrian
15,0.0,1332.0,66.0,1399.0,1913,1,0,1,Pedestrian
15,0.0,1332.0,66.0,1399.0,1914,1,0,1,Pedestrian
15,0.0,1332.0,66.0,1399.0,1915,1,0,1,Pedestrian
15,0.0,1332.0,66.0,1399.0,1916,1,0,1,Pedestrian
15,0.0,1332.0,66.0,1399.0,1917,1,0,1,Pedestrian
15,0.0,1332.0,66.0,1399.0,1918,1,0,1,Pedestrian
15,0.0,1332.0,66.0,1399.0,1919,1,0,1,Pedestrian
15,0.0,1332.0,66.0,1399.0,1920,1,0,1,Pedestrian
15,0.0,1332.0,66.0,1399.0,1921,1,0,1,Pedestrian
15,0.0,1332.0,66.0,1399.0,1922,1,0,1,Pedestrian
15,0.0,1332.0,66.0,1399.0,1923,1,0,1,Pedestrian
15,0.0,1332.0,66.0,1399.0,1924,1,0,1,Pedestrian
15,0.0,1332.0,66.0,1399.0,1925,1,0,1,Pedestrian
15,0.0,1332.0,66.0,1399.0,1926,1,0,1,Pedestrian
15,0.0,1332.0,66.0,1399.0,1927,1,0,1,Pedestrian
15,0.0,1332.0,66.0,1399.0,1928,1,0,1,Pedestrian
15,0.0,1332.0,66.0,1399.0,1929,1,0,1,Pedestrian
15,0.0,1332.0,66.0,1399.0,1930,1,0,1,Pedestrian
15,0.0,1332.0,66.0,1399.0,1931,1,0,1,Pedestrian
15,0.0,1332.0,66.0,1399.0,1932,1,0,1,Pedestrian
15,0.0,1332.0,66.0,1399.0,1933,1,0,1,Pedestrian
15,0.0,1332.0,66.0,1399.0,1934,1,0,1,Pedestrian
15,0.0,1332.0,66.0,1399.0,1935,1,0,1,Pedestrian
15,0.0,1332.0,66.0,1399.0,1936,1,0,1,Pedestrian
15,0.0,1332.0,66.0,1399.0,1937,1,0,1,Pedestrian
15,0.0,1332.0,66.0,1399.0,1938,1,0,1,Pedestrian
15,0.0,1332.0,66.0,1399.0,1939,1,0,1,Pedestrian
15,0.0,1332.0,66.0,1399.0,1940,1,0,1,Pedestrian
15,0.0,1332.0,66.0,1399.0,1941,1,0,1,Pedestrian
15,0.0,1332.0,66.0,1399.0,1942,1,0,1,Pedestrian
15,0.0,1332.0,66.0,1399.0,1943,1,0,1,Pedestrian
15,0.0,1332.0,66.0,1399.0,1944,1,0,1,Pedestrian
15,0.0,1332.0,66.0,1399.0,1945,1,0,1,Pedestrian
15,0.0,1332.0,66.0,1399.0,1946,1,0,1,Pedestrian
15,0.0,1332.0,66.0,1399.0,1947,1,0,1,Pedestrian
15,0.0,1332.0,66.0,1399.0,1948,1,0,1,Pedestrian
15,0.0,1332.0,66.0,1399.0,1949,1,0,1,Pedestrian
15,0.0,1332.0,66.0,1399.0,1950,1,0,1,Pedestrian
15,0.0,1332.0,66.0,1399.0,1951,1,0,1,Pedestrian
15,0.0,1332.0,66.0,1399.0,1952,1,0,1,Pedestrian
15,0.0,1332.0,66.0,1399.0,1953,1,0,1,Pedestrian
15,0.0,1332.0,66.0,1399.0,1954,1,0,1,Pedestrian
15,0.0,1332.0,66.0,1399.0,1955,1,0,1,Pedestrian
15,0.0,1332.0,66.0,1399.0,1956,1,0,1,Pedestrian
15,0.0,1332.0,66.0,1399.0,1957,1,0,1,Pedestrian
15,0.0,1332.0,66.0,1399.0,1958,1,0,1,Pedestrian
15,0.0,1332.0,66.0,1399.0,1959,1,0,1,Pedestrian
15,0.0,1332.0,66.0,1399.0,1960,1,0,1,Pedestrian
15,0.0,1332.0,66.0,1399.0,1961,1,0,1,Pedestrian
15,0.0,1332.0,66.0,1399.0,1962,1,0,1,Pedestrian
15,0.0,1332.0,66.0,1399.0,1963,1,0,1,Pedestrian
15,0.0,1332.0,66.0,1399.0,1964,1,0,1,Pedestrian
15,0.0,1332.0,66.0,1399.0,1965,1,0,1,Pedestrian
15,0.0,1332.0,66.0,1399.0,1966,1,0,1,Pedestrian
15,0.0,1332.0,66.0,1399.0,1967,1,0,1,Pedestrian
15,0.0,1332.0,66.0,1399.0,1968,1,0,1,Pedestrian
15,0.0,1332.0,66.0,1399.0,1969,1,0,1,Pedestrian
15,0.0,1332.0,66.0,1399.0,1970,1,0,1,Pedestrian
15,0.0,1332.0,66.0,1399.0,1971,1,0,1,Pedestrian
15,0.0,1332.0,66.0,1399.0,1972,1,0,1,Pedestrian
15,0.0,1332.0,66.0,1399.0,1973,1,0,1,Pedestrian
15,0.0,1332.0,66.0,1399.0,1974,1,0,1,Pedestrian
15,0.0,1332.0,66.0,1399.0,1975,1,0,1,Pedestrian
15,0.0,1332.0,66.0,1399.0,1976,1,0,1,Pedestrian
15,0.0,1332.0,66.0,1399.0,1977,1,0,1,Pedestrian
15,0.0,1332.0,66.0,1399.0,1978,1,0,1,Pedestrian
15,0.0,1332.0,66.0,1399.0,1979,1,0,1,Pedestrian
15,0.0,1332.0,66.0,1399.0,1980,1,0,1,Pedestrian
15,0.0,1332.0,66.0,1399.0,1981,1,0,1,Pedestrian
15,0.0,1332.0,66.0,1399.0,1982,1,0,1,Pedestrian
15,0.0,1332.0,66.0,1399.0,1983,1,0,1,Pedestrian
15,0.0,1332.0,66.0,1399.0,1984,1,0,1,Pedestrian
15,0.0,1332.0,66.0,1399.0,1985,1,0,1,Pedestrian
15,0.0,1332.0,66.0,1399.0,1986,1,0,1,Pedestrian
15,0.0,1332.0,66.0,1399.0,1987,1,0,1,Pedestrian
15,0.0,1332.0,66.0,1399.0,1988,1,0,1,Pedestrian
15,0.0,1332.0,66.0,1399.0,1989,1,0,1,Pedestrian
15,0.0,1332.0,66.0,1399.0,1990,1,0,1,Pedestrian
15,0.0,1332.0,66.0,1399.0,1991,1,0,1,Pedestrian
15,0.0,1332.0,66.0,1399.0,1992,1,0,1,Pedestrian
15,0.0,1332.0,66.0,1399.0,1993,1,0,1,Pedestrian
15,0.0,1332.0,66.0,1399.0,1994,1,0,1,Pedestrian
15,0.0,1332.0,66.0,1399.0,1995,1,0,1,Pedestrian
15,0.0,1332.0,66.0,1399.0,1996,1,0,1,Pedestrian
15,0.0,1332.0,66.0,1399.0,1997,1,0,1,Pedestrian
15,0.0,1332.0,66.0,1399.0,1998,1,0,1,Pedestrian
15,0.0,1332.0,66.0,1399.0,1999,1,0,1,Pedestrian
15,0.0,1332.0,66.0,1399.0,2000,1,0,1,Pedestrian
15,0.0,1332.0,66.0,1399.0,2001,1,0,1,Pedestrian
15,0.0,1332.0,66.0,1399.0,2002,1,0,1,Pedestrian
15,0.0,1332.0,66.0,1399.0,2003,1,0,1,Pedestrian
15,0.0,1332.0,66.0,1399.0,2004,1,0,1,Pedestrian
15,0.0,1332.0,66.0,1399.0,2005,1,0,1,Pedestrian
15,0.0,1332.0,66.0,1399.0,2006,1,0,1,Pedestrian
15,0.0,1332.0,66.0,1399.0,2007,1,0,1,Pedestrian
15,0.0,1332.0,66.0,1399.0,2008,1,0,1,Pedestrian
15,0.0,1332.0,66.0,1399.0,2009,1,0,1,Pedestrian
15,0.0,1332.0,66.0,1399.0,2010,1,0,1,Pedestrian
15,0.0,1332.0,66.0,1399.0,2011,1,0,1,Pedestrian
15,0.0,1332.0,66.0,1399.0,2012,1,0,1,Pedestrian
15,0.0,1332.0,66.0,1399.0,2013,1,0,1,Pedestrian
15,0.0,1332.0,66.0,1399.0,2014,1,0,1,Pedestrian
15,0.0,1332.0,66.0,1399.0,2015,1,0,1,Pedestrian
15,0.0,1332.0,66.0,1399.0,2016,1,0,1,Pedestrian
15,0.0,1332.0,66.0,1399.0,2017,1,0,1,Pedestrian
15,0.0,1332.0,66.0,1399.0,2018,1,0,1,Pedestrian
15,0.0,1332.0,66.0,1399.0,2019,1,0,1,Pedestrian
15,0.0,1332.0,66.0,1399.0,2020,1,0,1,Pedestrian
15,0.0,1332.0,66.0,1399.0,2021,1,0,1,Pedestrian
15,0.0,1332.0,66.0,1399.0,2022,1,0,1,Pedestrian
15,0.0,1332.0,66.0,1399.0,2023,1,0,1,Pedestrian
15,0.0,1332.0,66.0,1399.0,2024,1,0,1,Pedestrian
15,0.0,1332.0,66.0,1399.0,2025,1,0,1,Pedestrian
15,0.0,1332.0,66.0,1399.0,2026,1,0,1,Pedestrian
15,0.0,1332.0,66.0,1399.0,2027,1,0,1,Pedestrian
15,0.0,1332.0,66.0,1399.0,2028,1,0,1,Pedestrian
15,0.0,1332.0,66.0,1399.0,2029,1,0,1,Pedestrian
15,0.0,1332.0,66.0,1399.0,2030,1,0,1,Pedestrian
15,0.0,1332.0,66.0,1399.0,2031,1,0,0,Pedestrian
16,414.0,1118.0,467.0,1185.0,0,0,0,0,Biker
16,407.0,1114.0,460.0,1181.0,1,0,0,1,Biker
16,399.0,1114.0,453.0,1181.0,2,0,0,1,Biker
16,394.0,1114.0,447.0,1181.0,3,0,0,1,Biker
16,386.0,1114.0,440.0,1181.0,4,0,0,1,Biker
16,379.0,1114.0,432.0,1181.0,5,0,0,1,Biker
16,373.0,1114.0,427.0,1181.0,6,0,0,1,Biker
16,366.0,1114.0,419.0,1181.0,7,0,0,1,Biker
16,359.0,1114.0,412.0,1181.0,8,0,0,1,Biker
16,353.0,1110.0,407.0,1177.0,9,0,0,1,Biker
16,346.0,1110.0,399.0,1177.0,10,0,0,1,Biker
16,338.0,1110.0,392.0,1177.0,11,0,0,1,Biker
16,333.0,1110.0,386.0,1177.0,12,0,0,1,Biker
16,325.0,1110.0,379.0,1177.0,13,0,0,1,Biker
16,320.0,1110.0,373.0,1177.0,14,0,0,1,Biker
16,313.0,1110.0,366.0,1177.0,15,0,0,1,Biker
16,305.0,1110.0,359.0,1177.0,16,0,0,1,Biker
16,300.0,1106.0,353.0,1173.0,17,0,0,1,Biker
16,292.0,1106.0,346.0,1173.0,18,0,0,1,Biker
16,285.0,1106.0,338.0,1173.0,19,0,0,1,Biker
16,279.0,1106.0,333.0,1173.0,20,0,0,1,Biker
16,272.0,1106.0,325.0,1173.0,21,0,0,1,Biker
16,265.0,1106.0,318.0,1173.0,22,0,0,1,Biker
16,259.0,1106.0,313.0,1173.0,23,0,0,1,Biker
16,252.0,1106.0,305.0,1173.0,24,0,0,1,Biker
16,246.0,1106.0,300.0,1173.0,25,0,0,1,Biker
16,239.0,1101.0,292.0,1168.0,26,0,0,1,Biker
16,232.0,1101.0,285.0,1168.0,27,0,0,1,Biker
16,226.0,1101.0,279.0,1168.0,28,0,0,1,Biker
16,219.0,1101.0,272.0,1168.0,29,0,0,1,Biker
16,211.0,1101.0,265.0,1168.0,30,0,0,1,Biker
16,206.0,1101.0,259.0,1168.0,31,0,0,1,Biker
16,198.0,1101.0,252.0,1168.0,32,0,0,1,Biker
16,191.0,1101.0,244.0,1168.0,33,0,0,1,Biker
16,186.0,1097.0,239.0,1164.0,34,0,0,1,Biker
16,178.0,1097.0,232.0,1164.0,35,0,0,1,Biker
16,171.0,1097.0,224.0,1164.0,36,0,0,1,Biker
16,165.0,1097.0,219.0,1164.0,37,0,0,1,Biker
16,158.0,1097.0,211.0,1164.0,38,0,0,1,Biker
16,152.0,1097.0,206.0,1164.0,39,0,0,1,Biker
16,145.0,1097.0,198.0,1164.0,40,0,0,1,Biker
16,138.0,1097.0,191.0,1164.0,41,0,0,1,Biker
16,132.0,1093.0,186.0,1160.0,42,0,0,1,Biker
16,125.0,1093.0,178.0,1160.0,43,0,0,1,Biker
16,117.0,1093.0,171.0,1160.0,44,0,0,1,Biker
16,112.0,1093.0,165.0,1160.0,45,0,0,1,Biker
16,104.0,1093.0,158.0,1160.0,46,0,0,1,Biker
16,97.0,1093.0,151.0,1160.0,47,0,0,1,Biker
16,92.0,1093.0,145.0,1160.0,48,0,0,1,Biker
16,84.0,1093.0,138.0,1160.0,49,0,0,1,Biker
16,79.0,1093.0,132.0,1160.0,50,0,0,0,Biker
16,71.0,1093.0,125.0,1160.0,51,0,0,1,Biker
16,64.0,1093.0,117.0,1160.0,52,0,0,1,Biker
16,57.0,1093.0,110.0,1160.0,53,0,0,1,Biker
16,49.0,1093.0,103.0,1160.0,54,0,0,1,Biker
16,42.0,1093.0,95.0,1160.0,55,0,0,1,Biker
16,34.0,1093.0,88.0,1160.0,56,0,0,0,Biker
16,29.0,1093.0,82.0,1160.0,57,0,0,1,Biker
16,23.0,1093.0,77.0,1160.0,58,0,0,1,Biker
16,18.0,1093.0,71.0,1160.0,59,0,0,1,Biker
16,14.0,1097.0,66.0,1164.0,60,0,0,1,Biker
16,9.0,1097.0,60.0,1164.0,61,0,0,1,Biker
16,3.0,1097.0,55.0,1164.0,62,0,0,1,Biker
16,0.0,1101.0,51.0,1168.0,63,0,0,0,Biker
16,0.0,1097.0,44.0,1164.0,64,0,0,1,Biker
16,0.0,1097.0,38.0,1164.0,65,0,0,1,Biker
16,0.0,1097.0,33.0,1164.0,66,0,0,1,Biker
16,0.0,1097.0,27.0,1164.0,67,1,0,0,Biker
16,0.0,1097.0,27.0,1164.0,68,1,0,1,Biker
16,0.0,1097.0,27.0,1164.0,69,1,0,1,Biker
16,0.0,1097.0,27.0,1164.0,70,1,0,1,Biker
16,0.0,1097.0,27.0,1164.0,71,1,0,0,Biker
16,0.0,1097.0,27.0,1164.0,72,1,0,1,Biker
16,0.0,1097.0,27.0,1164.0,73,1,0,1,Biker
16,0.0,1097.0,27.0,1164.0,74,1,0,1,Biker
16,0.0,1097.0,27.0,1164.0,75,1,0,1,Biker
16,0.0,1097.0,27.0,1164.0,76,1,0,1,Biker
16,0.0,1097.0,27.0,1164.0,77,1,0,1,Biker
16,0.0,1097.0,27.0,1164.0,78,1,0,1,Biker
16,0.0,1097.0,27.0,1164.0,79,1,0,1,Biker
16,0.0,1097.0,27.0,1164.0,80,1,0,1,Biker
16,0.0,1097.0,27.0,1164.0,81,1,0,1,Biker
16,0.0,1097.0,27.0,1164.0,82,1,0,1,Biker
16,0.0,1097.0,27.0,1164.0,83,1,0,1,Biker
16,0.0,1097.0,27.0,1164.0,84,1,0,1,Biker
16,0.0,1097.0,27.0,1164.0,85,1,0,1,Biker
16,0.0,1097.0,27.0,1164.0,86,1,0,1,Biker
16,0.0,1097.0,27.0,1164.0,87,1,0,1,Biker
16,0.0,1097.0,27.0,1164.0,88,1,0,1,Biker
16,0.0,1097.0,27.0,1164.0,89,1,0,1,Biker
16,0.0,1097.0,27.0,1164.0,90,1,0,1,Biker
16,0.0,1097.0,27.0,1164.0,91,1,0,1,Biker
16,0.0,1097.0,27.0,1164.0,92,1,0,1,Biker
16,0.0,1097.0,27.0,1164.0,93,1,0,1,Biker
16,0.0,1097.0,27.0,1164.0,94,1,0,1,Biker
16,0.0,1097.0,27.0,1164.0,95,1,0,1,Biker
16,0.0,1097.0,27.0,1164.0,96,1,0,1,Biker
16,0.0,1097.0,27.0,1164.0,97,1,0,1,Biker
16,0.0,1097.0,27.0,1164.0,98,1,0,1,Biker
16,0.0,1097.0,27.0,1164.0,99,1,0,1,Biker
16,0.0,1097.0,27.0,1164.0,100,1,0,1,Biker
16,0.0,1097.0,27.0,1164.0,101,1,0,1,Biker
16,0.0,1097.0,27.0,1164.0,102,1,0,1,Biker
16,0.0,1097.0,27.0,1164.0,103,1,0,1,Biker
16,0.0,1097.0,27.0,1164.0,104,1,0,1,Biker
16,0.0,1097.0,27.0,1164.0,105,1,0,1,Biker
16,0.0,1097.0,27.0,1164.0,106,1,0,1,Biker
16,0.0,1097.0,27.0,1164.0,107,1,0,1,Biker
16,0.0,1097.0,27.0,1164.0,108,1,0,1,Biker
16,0.0,1097.0,27.0,1164.0,109,1,0,1,Biker
16,0.0,1097.0,27.0,1164.0,110,1,0,1,Biker
16,0.0,1097.0,27.0,1164.0,111,1,0,1,Biker
16,0.0,1097.0,27.0,1164.0,112,1,0,1,Biker
16,0.0,1097.0,27.0,1164.0,113,1,0,1,Biker
16,0.0,1097.0,27.0,1164.0,114,1,0,1,Biker
16,0.0,1097.0,27.0,1164.0,115,1,0,1,Biker
16,0.0,1097.0,27.0,1164.0,116,1,0,1,Biker
16,0.0,1097.0,27.0,1164.0,117,1,0,1,Biker
16,0.0,1097.0,27.0,1164.0,118,1,0,1,Biker
16,0.0,1097.0,27.0,1164.0,119,1,0,1,Biker
16,0.0,1097.0,27.0,1164.0,120,1,0,1,Biker
16,0.0,1097.0,27.0,1164.0,121,1,0,1,Biker
16,0.0,1097.0,27.0,1164.0,122,1,0,1,Biker
16,0.0,1097.0,27.0,1164.0,123,1,0,1,Biker
16,0.0,1097.0,27.0,1164.0,124,1,0,1,Biker
16,0.0,1097.0,27.0,1164.0,125,1,0,1,Biker
16,0.0,1097.0,27.0,1164.0,126,1,0,1,Biker
16,0.0,1097.0,27.0,1164.0,127,1,0,1,Biker
16,0.0,1097.0,27.0,1164.0,128,1,0,1,Biker
16,0.0,1097.0,27.0,1164.0,129,1,0,1,Biker
16,0.0,1097.0,27.0,1164.0,130,1,0,1,Biker
16,0.0,1097.0,27.0,1164.0,131,1,0,1,Biker
16,0.0,1097.0,27.0,1164.0,132,1,0,1,Biker
16,0.0,1097.0,27.0,1164.0,133,1,0,1,Biker
16,0.0,1097.0,27.0,1164.0,134,1,0,1,Biker
16,0.0,1097.0,27.0,1164.0,135,1,0,1,Biker
16,0.0,1097.0,27.0,1164.0,136,1,0,1,Biker
16,0.0,1097.0,27.0,1164.0,137,1,0,1,Biker
16,0.0,1097.0,27.0,1164.0,138,1,0,1,Biker
16,0.0,1097.0,27.0,1164.0,139,1,0,1,Biker
16,0.0,1097.0,27.0,1164.0,140,1,0,1,Biker
16,0.0,1097.0,27.0,1164.0,141,1,0,1,Biker
16,0.0,1097.0,27.0,1164.0,142,1,0,1,Biker
16,0.0,1097.0,27.0,1164.0,143,1,0,1,Biker
16,0.0,1097.0,27.0,1164.0,144,1,0,1,Biker
16,0.0,1097.0,27.0,1164.0,145,1,0,1,Biker
16,0.0,1097.0,27.0,1164.0,146,1,0,1,Biker
16,0.0,1097.0,27.0,1164.0,147,1,0,1,Biker
16,0.0,1097.0,27.0,1164.0,148,1,0,1,Biker
16,0.0,1097.0,27.0,1164.0,149,1,0,1,Biker
16,0.0,1097.0,27.0,1164.0,150,1,0,1,Biker
16,0.0,1097.0,27.0,1164.0,151,1,0,1,Biker
16,0.0,1097.0,27.0,1164.0,152,1,0,1,Biker
16,0.0,1097.0,27.0,1164.0,153,1,0,1,Biker
16,0.0,1097.0,27.0,1164.0,154,1,0,1,Biker
16,0.0,1097.0,27.0,1164.0,155,1,0,1,Biker
16,0.0,1097.0,27.0,1164.0,156,1,0,1,Biker
16,0.0,1097.0,27.0,1164.0,157,1,0,1,Biker
16,0.0,1097.0,27.0,1164.0,158,1,0,1,Biker
16,0.0,1097.0,27.0,1164.0,159,1,0,1,Biker
16,0.0,1097.0,27.0,1164.0,160,1,0,1,Biker
16,0.0,1097.0,27.0,1164.0,161,1,0,1,Biker
16,0.0,1097.0,27.0,1164.0,162,1,0,1,Biker
16,0.0,1097.0,27.0,1164.0,163,1,0,1,Biker
16,0.0,1097.0,27.0,1164.0,164,1,0,1,Biker
16,0.0,1097.0,27.0,1164.0,165,1,0,1,Biker
16,0.0,1097.0,27.0,1164.0,166,1,0,1,Biker
16,0.0,1097.0,27.0,1164.0,167,1,0,1,Biker
16,0.0,1097.0,27.0,1164.0,168,1,0,1,Biker
16,0.0,1097.0,27.0,1164.0,169,1,0,1,Biker
16,0.0,1097.0,27.0,1164.0,170,1,0,1,Biker
16,0.0,1097.0,27.0,1164.0,171,1,0,1,Biker
16,0.0,1097.0,27.0,1164.0,172,1,0,1,Biker
16,0.0,1097.0,27.0,1164.0,173,1,0,1,Biker
16,0.0,1097.0,27.0,1164.0,174,1,0,1,Biker
16,0.0,1097.0,27.0,1164.0,175,1,0,1,Biker
16,0.0,1097.0,27.0,1164.0,176,1,0,1,Biker
16,0.0,1097.0,27.0,1164.0,177,1,0,1,Biker
16,0.0,1097.0,27.0,1164.0,178,1,0,1,Biker
16,0.0,1097.0,27.0,1164.0,179,1,0,1,Biker
16,0.0,1097.0,27.0,1164.0,180,1,0,1,Biker
16,0.0,1097.0,27.0,1164.0,181,1,0,1,Biker
16,0.0,1097.0,27.0,1164.0,182,1,0,1,Biker
16,0.0,1097.0,27.0,1164.0,183,1,0,1,Biker
16,0.0,1097.0,27.0,1164.0,184,1,0,1,Biker
16,0.0,1097.0,27.0,1164.0,185,1,0,1,Biker
16,0.0,1097.0,27.0,1164.0,186,1,0,1,Biker
16,0.0,1097.0,27.0,1164.0,187,1,0,1,Biker
16,0.0,1097.0,27.0,1164.0,188,1,0,1,Biker
16,0.0,1097.0,27.0,1164.0,189,1,0,1,Biker
16,0.0,1097.0,27.0,1164.0,190,1,0,1,Biker
16,0.0,1097.0,27.0,1164.0,191,1,0,1,Biker
16,0.0,1097.0,27.0,1164.0,192,1,0,1,Biker
16,0.0,1097.0,27.0,1164.0,193,1,0,1,Biker
16,0.0,1097.0,27.0,1164.0,194,1,0,1,Biker
16,0.0,1097.0,27.0,1164.0,195,1,0,1,Biker
16,0.0,1097.0,27.0,1164.0,196,1,0,1,Biker
16,0.0,1097.0,27.0,1164.0,197,1,0,1,Biker
16,0.0,1097.0,27.0,1164.0,198,1,0,1,Biker
16,0.0,1097.0,27.0,1164.0,199,1,0,1,Biker
16,0.0,1097.0,27.0,1164.0,200,1,0,1,Biker
16,0.0,1097.0,27.0,1164.0,201,1,0,1,Biker
16,0.0,1097.0,27.0,1164.0,202,1,0,1,Biker
16,0.0,1097.0,27.0,1164.0,203,1,0,1,Biker
16,0.0,1097.0,27.0,1164.0,204,1,0,1,Biker
16,0.0,1097.0,27.0,1164.0,205,1,0,1,Biker
16,0.0,1097.0,27.0,1164.0,206,1,0,1,Biker
16,0.0,1097.0,27.0,1164.0,207,1,0,1,Biker
16,0.0,1097.0,27.0,1164.0,208,1,0,1,Biker
16,0.0,1097.0,27.0,1164.0,209,1,0,1,Biker
16,0.0,1097.0,27.0,1164.0,210,1,0,1,Biker
16,0.0,1097.0,27.0,1164.0,211,1,0,1,Biker
16,0.0,1097.0,27.0,1164.0,212,1,0,1,Biker
16,0.0,1097.0,27.0,1164.0,213,1,0,1,Biker
16,0.0,1097.0,27.0,1164.0,214,1,0,1,Biker
16,0.0,1097.0,27.0,1164.0,215,1,0,1,Biker
16,0.0,1097.0,27.0,1164.0,216,1,0,1,Biker
16,0.0,1097.0,27.0,1164.0,217,1,0,1,Biker
16,0.0,1097.0,27.0,1164.0,218,1,0,1,Biker
16,0.0,1097.0,27.0,1164.0,219,1,0,1,Biker
16,0.0,1097.0,27.0,1164.0,220,1,0,1,Biker
16,0.0,1097.0,27.0,1164.0,221,1,0,1,Biker
16,0.0,1097.0,27.0,1164.0,222,1,0,1,Biker
16,0.0,1097.0,27.0,1164.0,223,1,0,1,Biker
16,0.0,1097.0,27.0,1164.0,224,1,0,1,Biker
16,0.0,1097.0,27.0,1164.0,225,1,0,1,Biker
16,0.0,1097.0,27.0,1164.0,226,1,0,1,Biker
16,0.0,1097.0,27.0,1164.0,227,1,0,1,Biker
16,0.0,1097.0,27.0,1164.0,228,1,0,1,Biker
16,0.0,1097.0,27.0,1164.0,229,1,0,1,Biker
16,0.0,1097.0,27.0,1164.0,230,1,0,1,Biker
16,0.0,1097.0,27.0,1164.0,231,1,0,1,Biker
16,0.0,1097.0,27.0,1164.0,232,1,0,1,Biker
16,0.0,1097.0,27.0,1164.0,233,1,0,1,Biker
16,0.0,1097.0,27.0,1164.0,234,1,0,1,Biker
16,0.0,1097.0,27.0,1164.0,235,1,0,1,Biker
16,0.0,1097.0,27.0,1164.0,236,1,0,1,Biker
16,0.0,1097.0,27.0,1164.0,237,1,0,1,Biker
16,0.0,1097.0,27.0,1164.0,238,1,0,1,Biker
16,0.0,1097.0,27.0,1164.0,239,1,0,1,Biker
16,0.0,1097.0,27.0,1164.0,240,1,0,1,Biker
16,0.0,1097.0,27.0,1164.0,241,1,0,1,Biker
16,0.0,1097.0,27.0,1164.0,242,1,0,1,Biker
16,0.0,1097.0,27.0,1164.0,243,1,0,1,Biker
16,0.0,1097.0,27.0,1164.0,244,1,0,1,Biker
16,0.0,1097.0,27.0,1164.0,245,1,0,1,Biker
16,0.0,1097.0,27.0,1164.0,246,1,0,1,Biker
16,0.0,1097.0,27.0,1164.0,247,1,0,1,Biker
16,0.0,1097.0,27.0,1164.0,248,1,0,1,Biker
16,0.0,1097.0,27.0,1164.0,249,1,0,1,Biker
16,0.0,1097.0,27.0,1164.0,250,1,0,1,Biker
16,0.0,1097.0,27.0,1164.0,251,1,0,1,Biker
16,0.0,1097.0,27.0,1164.0,252,1,0,1,Biker
16,0.0,1097.0,27.0,1164.0,253,1,0,1,Biker
16,0.0,1097.0,27.0,1164.0,254,1,0,1,Biker
16,0.0,1097.0,27.0,1164.0,255,1,0,1,Biker
16,0.0,1097.0,27.0,1164.0,256,1,0,1,Biker
16,0.0,1097.0,27.0,1164.0,257,1,0,1,Biker
16,0.0,1097.0,27.0,1164.0,258,1,0,1,Biker
16,0.0,1097.0,27.0,1164.0,259,1,0,1,Biker
16,0.0,1097.0,27.0,1164.0,260,1,0,1,Biker
16,0.0,1097.0,27.0,1164.0,261,1,0,1,Biker
16,0.0,1097.0,27.0,1164.0,262,1,0,1,Biker
16,0.0,1097.0,27.0,1164.0,263,1,0,1,Biker
16,0.0,1097.0,27.0,1164.0,264,1,0,1,Biker
16,0.0,1097.0,27.0,1164.0,265,1,0,1,Biker
16,0.0,1097.0,27.0,1164.0,266,1,0,1,Biker
16,0.0,1097.0,27.0,1164.0,267,1,0,1,Biker
16,0.0,1097.0,27.0,1164.0,268,1,0,1,Biker
16,0.0,1097.0,27.0,1164.0,269,1,0,1,Biker
16,0.0,1097.0,27.0,1164.0,270,1,0,1,Biker
16,0.0,1097.0,27.0,1164.0,271,1,0,1,Biker
16,0.0,1097.0,27.0,1164.0,272,1,0,1,Biker
16,0.0,1097.0,27.0,1164.0,273,1,0,1,Biker
16,0.0,1097.0,27.0,1164.0,274,1,0,1,Biker
16,0.0,1097.0,27.0,1164.0,275,1,0,1,Biker
16,0.0,1097.0,27.0,1164.0,276,1,0,1,Biker
16,0.0,1097.0,27.0,1164.0,277,1,0,1,Biker
16,0.0,1097.0,27.0,1164.0,278,1,0,1,Biker
16,0.0,1097.0,27.0,1164.0,279,1,0,1,Biker
16,0.0,1097.0,27.0,1164.0,280,1,0,1,Biker
16,0.0,1097.0,27.0,1164.0,281,1,0,1,Biker
16,0.0,1097.0,27.0,1164.0,282,1,0,1,Biker
16,0.0,1097.0,27.0,1164.0,283,1,0,1,Biker
16,0.0,1097.0,27.0,1164.0,284,1,0,1,Biker
16,0.0,1097.0,27.0,1164.0,285,1,0,1,Biker
16,0.0,1097.0,27.0,1164.0,286,1,0,1,Biker
16,0.0,1097.0,27.0,1164.0,287,1,0,1,Biker
16,0.0,1097.0,27.0,1164.0,288,1,0,1,Biker
16,0.0,1097.0,27.0,1164.0,289,1,0,1,Biker
16,0.0,1097.0,27.0,1164.0,290,1,0,1,Biker
16,0.0,1097.0,27.0,1164.0,291,1,0,1,Biker
16,0.0,1097.0,27.0,1164.0,292,1,0,1,Biker
16,0.0,1097.0,27.0,1164.0,293,1,0,1,Biker
16,0.0,1097.0,27.0,1164.0,294,1,0,1,Biker
16,0.0,1097.0,27.0,1164.0,295,1,0,1,Biker
16,0.0,1097.0,27.0,1164.0,296,1,0,1,Biker
16,0.0,1097.0,27.0,1164.0,297,1,0,1,Biker
16,0.0,1097.0,27.0,1164.0,298,1,0,1,Biker
16,0.0,1097.0,27.0,1164.0,299,1,0,1,Biker
16,0.0,1097.0,27.0,1164.0,300,1,0,1,Biker
16,0.0,1097.0,27.0,1164.0,301,1,0,1,Biker
16,0.0,1097.0,27.0,1164.0,302,1,0,1,Biker
16,0.0,1097.0,27.0,1164.0,303,1,0,1,Biker
16,0.0,1097.0,27.0,1164.0,304,1,0,1,Biker
16,0.0,1097.0,27.0,1164.0,305,1,0,1,Biker
16,0.0,1097.0,27.0,1164.0,306,1,0,1,Biker
16,0.0,1097.0,27.0,1164.0,307,1,0,1,Biker
16,0.0,1097.0,27.0,1164.0,308,1,0,1,Biker
16,0.0,1097.0,27.0,1164.0,309,1,0,1,Biker
16,0.0,1097.0,27.0,1164.0,310,1,0,1,Biker
16,0.0,1097.0,27.0,1164.0,311,1,0,1,Biker
16,0.0,1097.0,27.0,1164.0,312,1,0,1,Biker
16,0.0,1097.0,27.0,1164.0,313,1,0,1,Biker
16,0.0,1097.0,27.0,1164.0,314,1,0,1,Biker
16,0.0,1097.0,27.0,1164.0,315,1,0,1,Biker
16,0.0,1097.0,27.0,1164.0,316,1,0,1,Biker
16,0.0,1097.0,27.0,1164.0,317,1,0,1,Biker
16,0.0,1097.0,27.0,1164.0,318,1,0,1,Biker
16,0.0,1097.0,27.0,1164.0,319,1,0,1,Biker
16,0.0,1097.0,27.0,1164.0,320,1,0,1,Biker
16,0.0,1097.0,27.0,1164.0,321,1,0,1,Biker
16,0.0,1097.0,27.0,1164.0,322,1,0,1,Biker
16,0.0,1097.0,27.0,1164.0,323,1,0,1,Biker
16,0.0,1097.0,27.0,1164.0,324,1,0,1,Biker
16,0.0,1097.0,27.0,1164.0,325,1,0,1,Biker
16,0.0,1097.0,27.0,1164.0,326,1,0,1,Biker
16,0.0,1097.0,27.0,1164.0,327,1,0,1,Biker
16,0.0,1097.0,27.0,1164.0,328,1,0,1,Biker
16,0.0,1097.0,27.0,1164.0,329,1,0,1,Biker
16,0.0,1097.0,27.0,1164.0,330,1,0,1,Biker
16,0.0,1097.0,27.0,1164.0,331,1,0,1,Biker
16,0.0,1097.0,27.0,1164.0,332,1,0,1,Biker
16,0.0,1097.0,27.0,1164.0,333,1,0,1,Biker
16,0.0,1097.0,27.0,1164.0,334,1,0,1,Biker
16,0.0,1097.0,27.0,1164.0,335,1,0,1,Biker
16,0.0,1097.0,27.0,1164.0,336,1,0,1,Biker
16,0.0,1097.0,27.0,1164.0,337,1,0,1,Biker
16,0.0,1097.0,27.0,1164.0,338,1,0,1,Biker
16,0.0,1097.0,27.0,1164.0,339,1,0,1,Biker
16,0.0,1097.0,27.0,1164.0,340,1,0,1,Biker
16,0.0,1097.0,27.0,1164.0,341,1,0,1,Biker
16,0.0,1097.0,27.0,1164.0,342,1,0,1,Biker
16,0.0,1097.0,27.0,1164.0,343,1,0,1,Biker
16,0.0,1097.0,27.0,1164.0,344,1,0,1,Biker
16,0.0,1097.0,27.0,1164.0,345,1,0,1,Biker
16,0.0,1097.0,27.0,1164.0,346,1,0,1,Biker
16,0.0,1097.0,27.0,1164.0,347,1,0,1,Biker
16,0.0,1097.0,27.0,1164.0,348,1,0,1,Biker
16,0.0,1097.0,27.0,1164.0,349,1,0,1,Biker
16,0.0,1097.0,27.0,1164.0,350,1,0,1,Biker
16,0.0,1097.0,27.0,1164.0,351,1,0,1,Biker
16,0.0,1097.0,27.0,1164.0,352,1,0,1,Biker
16,0.0,1097.0,27.0,1164.0,353,1,0,1,Biker
16,0.0,1097.0,27.0,1164.0,354,1,0,1,Biker
16,0.0,1097.0,27.0,1164.0,355,1,0,1,Biker
16,0.0,1097.0,27.0,1164.0,356,1,0,1,Biker
16,0.0,1097.0,27.0,1164.0,357,1,0,1,Biker
16,0.0,1097.0,27.0,1164.0,358,1,0,1,Biker
16,0.0,1097.0,27.0,1164.0,359,1,0,1,Biker
16,0.0,1097.0,27.0,1164.0,360,1,0,1,Biker
16,0.0,1097.0,27.0,1164.0,361,1,0,1,Biker
16,0.0,1097.0,27.0,1164.0,362,1,0,1,Biker
16,0.0,1097.0,27.0,1164.0,363,1,0,1,Biker
16,0.0,1097.0,27.0,1164.0,364,1,0,1,Biker
16,0.0,1097.0,27.0,1164.0,365,1,0,1,Biker
16,0.0,1097.0,27.0,1164.0,366,1,0,1,Biker
16,0.0,1097.0,27.0,1164.0,367,1,0,1,Biker
16,0.0,1097.0,27.0,1164.0,368,1,0,1,Biker
16,0.0,1097.0,27.0,1164.0,369,1,0,1,Biker
16,0.0,1097.0,27.0,1164.0,370,1,0,1,Biker
16,0.0,1097.0,27.0,1164.0,371,1,0,1,Biker
16,0.0,1097.0,27.0,1164.0,372,1,0,1,Biker
16,0.0,1097.0,27.0,1164.0,373,1,0,1,Biker
16,0.0,1097.0,27.0,1164.0,374,1,0,1,Biker
16,0.0,1097.0,27.0,1164.0,375,1,0,1,Biker
16,0.0,1097.0,27.0,1164.0,376,1,0,1,Biker
16,0.0,1097.0,27.0,1164.0,377,1,0,1,Biker
16,0.0,1097.0,27.0,1164.0,378,1,0,1,Biker
16,0.0,1097.0,27.0,1164.0,379,1,0,1,Biker
16,0.0,1097.0,27.0,1164.0,380,1,0,1,Biker
16,0.0,1097.0,27.0,1164.0,381,1,0,1,Biker
16,0.0,1097.0,27.0,1164.0,382,1,0,1,Biker
16,0.0,1097.0,27.0,1164.0,383,1,0,1,Biker
16,0.0,1097.0,27.0,1164.0,384,1,0,1,Biker
16,0.0,1097.0,27.0,1164.0,385,1,0,1,Biker
16,0.0,1097.0,27.0,1164.0,386,1,0,1,Biker
16,0.0,1097.0,27.0,1164.0,387,1,0,1,Biker
16,0.0,1097.0,27.0,1164.0,388,1,0,1,Biker
16,0.0,1097.0,27.0,1164.0,389,1,0,1,Biker
16,0.0,1097.0,27.0,1164.0,390,1,0,1,Biker
16,0.0,1097.0,27.0,1164.0,391,1,0,1,Biker
16,0.0,1097.0,27.0,1164.0,392,1,0,1,Biker
16,0.0,1097.0,27.0,1164.0,393,1,0,1,Biker
16,0.0,1097.0,27.0,1164.0,394,1,0,1,Biker
16,0.0,1097.0,27.0,1164.0,395,1,0,1,Biker
16,0.0,1097.0,27.0,1164.0,396,1,0,1,Biker
16,0.0,1097.0,27.0,1164.0,397,1,0,1,Biker
16,0.0,1097.0,27.0,1164.0,398,1,0,1,Biker
16,0.0,1097.0,27.0,1164.0,399,1,0,1,Biker
16,0.0,1097.0,27.0,1164.0,400,1,0,1,Biker
16,0.0,1097.0,27.0,1164.0,401,1,0,1,Biker
16,0.0,1097.0,27.0,1164.0,402,1,0,1,Biker
16,0.0,1097.0,27.0,1164.0,403,1,0,1,Biker
16,0.0,1097.0,27.0,1164.0,404,1,0,1,Biker
16,0.0,1097.0,27.0,1164.0,405,1,0,1,Biker
16,0.0,1097.0,27.0,1164.0,406,1,0,1,Biker
16,0.0,1097.0,27.0,1164.0,407,1,0,1,Biker
16,0.0,1097.0,27.0,1164.0,408,1,0,1,Biker
16,0.0,1097.0,27.0,1164.0,409,1,0,1,Biker
16,0.0,1097.0,27.0,1164.0,410,1,0,1,Biker
16,0.0,1097.0,27.0,1164.0,411,1,0,1,Biker
16,0.0,1097.0,27.0,1164.0,412,1,0,1,Biker
16,0.0,1097.0,27.0,1164.0,413,1,0,1,Biker
16,0.0,1097.0,27.0,1164.0,414,1,0,1,Biker
16,0.0,1097.0,27.0,1164.0,415,1,0,1,Biker
16,0.0,1097.0,27.0,1164.0,416,1,0,1,Biker
16,0.0,1097.0,27.0,1164.0,417,1,0,1,Biker
16,0.0,1097.0,27.0,1164.0,418,1,0,1,Biker
16,0.0,1097.0,27.0,1164.0,419,1,0,1,Biker
16,0.0,1097.0,27.0,1164.0,420,1,0,1,Biker
16,0.0,1097.0,27.0,1164.0,421,1,0,1,Biker
16,0.0,1097.0,27.0,1164.0,422,1,0,1,Biker
16,0.0,1097.0,27.0,1164.0,423,1,0,1,Biker
16,0.0,1097.0,27.0,1164.0,424,1,0,1,Biker
16,0.0,1097.0,27.0,1164.0,425,1,0,1,Biker
16,0.0,1097.0,27.0,1164.0,426,1,0,1,Biker
16,0.0,1097.0,27.0,1164.0,427,1,0,1,Biker
16,0.0,1097.0,27.0,1164.0,428,1,0,1,Biker
16,0.0,1097.0,27.0,1164.0,429,1,0,1,Biker
16,0.0,1097.0,27.0,1164.0,430,1,0,1,Biker
16,0.0,1097.0,27.0,1164.0,431,1,0,1,Biker
16,0.0,1097.0,27.0,1164.0,432,1,0,1,Biker
16,0.0,1097.0,27.0,1164.0,433,1,0,1,Biker
16,0.0,1097.0,27.0,1164.0,434,1,0,1,Biker
16,0.0,1097.0,27.0,1164.0,435,1,0,1,Biker
16,0.0,1097.0,27.0,1164.0,436,1,0,1,Biker
16,0.0,1097.0,27.0,1164.0,437,1,0,1,Biker
16,0.0,1097.0,27.0,1164.0,438,1,0,1,Biker
16,0.0,1097.0,27.0,1164.0,439,1,0,1,Biker
16,0.0,1097.0,27.0,1164.0,440,1,0,1,Biker
16,0.0,1097.0,27.0,1164.0,441,1,0,1,Biker
16,0.0,1097.0,27.0,1164.0,442,1,0,1,Biker
16,0.0,1097.0,27.0,1164.0,443,1,0,1,Biker
16,0.0,1097.0,27.0,1164.0,444,1,0,1,Biker
16,0.0,1097.0,27.0,1164.0,445,1,0,1,Biker
16,0.0,1097.0,27.0,1164.0,446,1,0,1,Biker
16,0.0,1097.0,27.0,1164.0,447,1,0,1,Biker
16,0.0,1097.0,27.0,1164.0,448,1,0,1,Biker
16,0.0,1097.0,27.0,1164.0,449,1,0,1,Biker
16,0.0,1097.0,27.0,1164.0,450,1,0,1,Biker
16,0.0,1097.0,27.0,1164.0,451,1,0,1,Biker
16,0.0,1097.0,27.0,1164.0,452,1,0,1,Biker
16,0.0,1097.0,27.0,1164.0,453,1,0,1,Biker
16,0.0,1097.0,27.0,1164.0,454,1,0,1,Biker
16,0.0,1097.0,27.0,1164.0,455,1,0,1,Biker
16,0.0,1097.0,27.0,1164.0,456,1,0,1,Biker
16,0.0,1097.0,27.0,1164.0,457,1,0,1,Biker
16,0.0,1097.0,27.0,1164.0,458,1,0,1,Biker
16,0.0,1097.0,27.0,1164.0,459,1,0,1,Biker
16,0.0,1097.0,27.0,1164.0,460,1,0,1,Biker
16,0.0,1097.0,27.0,1164.0,461,1,0,1,Biker
16,0.0,1097.0,27.0,1164.0,462,1,0,1,Biker
16,0.0,1097.0,27.0,1164.0,463,1,0,1,Biker
16,0.0,1097.0,27.0,1164.0,464,1,0,1,Biker
16,0.0,1097.0,27.0,1164.0,465,1,0,1,Biker
16,0.0,1097.0,27.0,1164.0,466,1,0,1,Biker
16,0.0,1097.0,27.0,1164.0,467,1,0,1,Biker
16,0.0,1097.0,27.0,1164.0,468,1,0,1,Biker
16,0.0,1097.0,27.0,1164.0,469,1,0,1,Biker
16,0.0,1097.0,27.0,1164.0,470,1,0,1,Biker
16,0.0,1097.0,27.0,1164.0,471,1,0,1,Biker
16,0.0,1097.0,27.0,1164.0,472,1,0,1,Biker
16,0.0,1097.0,27.0,1164.0,473,1,0,1,Biker
16,0.0,1097.0,27.0,1164.0,474,1,0,1,Biker
16,0.0,1097.0,27.0,1164.0,475,1,0,1,Biker
16,0.0,1097.0,27.0,1164.0,476,1,0,1,Biker
16,0.0,1097.0,27.0,1164.0,477,1,0,1,Biker
16,0.0,1097.0,27.0,1164.0,478,1,0,1,Biker
16,0.0,1097.0,27.0,1164.0,479,1,0,1,Biker
16,0.0,1097.0,27.0,1164.0,480,1,0,1,Biker
16,0.0,1097.0,27.0,1164.0,481,1,0,1,Biker
16,0.0,1097.0,27.0,1164.0,482,1,0,1,Biker
16,0.0,1097.0,27.0,1164.0,483,1,0,1,Biker
16,0.0,1097.0,27.0,1164.0,484,1,0,1,Biker
16,0.0,1097.0,27.0,1164.0,485,1,0,1,Biker
16,0.0,1097.0,27.0,1164.0,486,1,0,1,Biker
16,0.0,1097.0,27.0,1164.0,487,1,0,1,Biker
16,0.0,1097.0,27.0,1164.0,488,1,0,1,Biker
16,0.0,1097.0,27.0,1164.0,489,1,0,1,Biker
16,0.0,1097.0,27.0,1164.0,490,1,0,1,Biker
16,0.0,1097.0,27.0,1164.0,491,1,0,1,Biker
16,0.0,1097.0,27.0,1164.0,492,1,0,1,Biker
16,0.0,1097.0,27.0,1164.0,493,1,0,1,Biker
16,0.0,1097.0,27.0,1164.0,494,1,0,1,Biker
16,0.0,1097.0,27.0,1164.0,495,1,0,1,Biker
16,0.0,1097.0,27.0,1164.0,496,1,0,1,Biker
16,0.0,1097.0,27.0,1164.0,497,1,0,1,Biker
16,0.0,1097.0,27.0,1164.0,498,1,0,1,Biker
16,0.0,1097.0,27.0,1164.0,499,1,0,1,Biker
16,0.0,1097.0,27.0,1164.0,500,1,0,1,Biker
16,0.0,1097.0,27.0,1164.0,501,1,0,1,Biker
16,0.0,1097.0,27.0,1164.0,502,1,0,1,Biker
16,0.0,1097.0,27.0,1164.0,503,1,0,1,Biker
16,0.0,1097.0,27.0,1164.0,504,1,0,1,Biker
16,0.0,1097.0,27.0,1164.0,505,1,0,1,Biker
16,0.0,1097.0,27.0,1164.0,506,1,0,1,Biker
16,0.0,1097.0,27.0,1164.0,507,1,0,1,Biker
16,0.0,1097.0,27.0,1164.0,508,1,0,1,Biker
16,0.0,1097.0,27.0,1164.0,509,1,0,1,Biker
16,0.0,1097.0,27.0,1164.0,510,1,0,1,Biker
16,0.0,1097.0,27.0,1164.0,511,1,0,1,Biker
16,0.0,1097.0,27.0,1164.0,512,1,0,1,Biker
16,0.0,1097.0,27.0,1164.0,513,1,0,1,Biker
16,0.0,1097.0,27.0,1164.0,514,1,0,1,Biker
16,0.0,1097.0,27.0,1164.0,515,1,0,1,Biker
16,0.0,1097.0,27.0,1164.0,516,1,0,1,Biker
16,0.0,1097.0,27.0,1164.0,517,1,0,1,Biker
16,0.0,1097.0,27.0,1164.0,518,1,0,1,Biker
16,0.0,1097.0,27.0,1164.0,519,1,0,1,Biker
16,0.0,1097.0,27.0,1164.0,520,1,0,1,Biker
16,0.0,1097.0,27.0,1164.0,521,1,0,1,Biker
16,0.0,1097.0,27.0,1164.0,522,1,0,1,Biker
16,0.0,1097.0,27.0,1164.0,523,1,0,1,Biker
16,0.0,1097.0,27.0,1164.0,524,1,0,1,Biker
16,0.0,1097.0,27.0,1164.0,525,1,0,1,Biker
16,0.0,1097.0,27.0,1164.0,526,1,0,1,Biker
16,0.0,1097.0,27.0,1164.0,527,1,0,1,Biker
16,0.0,1097.0,27.0,1164.0,528,1,0,1,Biker
16,0.0,1097.0,27.0,1164.0,529,1,0,1,Biker
16,0.0,1097.0,27.0,1164.0,530,1,0,1,Biker
16,0.0,1097.0,27.0,1164.0,531,1,0,0,Biker
17,1020.0,1290.0,1088.0,1353.0,0,0,0,0,Biker
17,1023.0,1290.0,1092.0,1353.0,1,0,0,1,Biker
17,1029.0,1290.0,1097.0,1353.0,2,0,0,1,Biker
17,1035.0,1290.0,1101.0,1353.0,3,0,0,1,Biker
17,1040.0,1290.0,1106.0,1353.0,4,0,0,1,Biker
17,1046.0,1290.0,1110.0,1353.0,5,0,0,1,Biker
17,1051.0,1290.0,1116.0,1353.0,6,0,0,1,Biker
17,1057.0,1290.0,1119.0,1353.0,7,0,0,1,Biker
17,1060.0,1290.0,1125.0,1353.0,8,0,0,1,Biker
17,1066.0,1290.0,1130.0,1353.0,9,0,0,1,Biker
17,1071.0,1290.0,1134.0,1353.0,10,0,0,1,Biker
17,1077.0,1290.0,1139.0,1353.0,11,0,0,1,Biker
17,1082.0,1290.0,1143.0,1353.0,12,0,0,1,Biker
17,1088.0,1290.0,1149.0,1353.0,13,0,0,1,Biker
17,1093.0,1290.0,1152.0,1353.0,14,0,0,1,Biker
17,1097.0,1290.0,1158.0,1353.0,15,0,0,1,Biker
17,1103.0,1290.0,1162.0,1353.0,16,0,0,1,Biker
17,1108.0,1290.0,1167.0,1353.0,17,0,0,1,Biker
17,1114.0,1290.0,1173.0,1353.0,18,0,0,1,Biker
17,1119.0,1290.0,1176.0,1353.0,19,0,0,1,Biker
17,1125.0,1290.0,1182.0,1353.0,20,0,0,1,Biker
17,1130.0,1290.0,1186.0,1353.0,21,0,0,1,Biker
17,1134.0,1290.0,1191.0,1353.0,22,0,0,1,Biker
17,1139.0,1290.0,1195.0,1353.0,23,0,0,1,Biker
17,1145.0,1290.0,1200.0,1353.0,24,0,0,1,Biker
17,1151.0,1290.0,1206.0,1353.0,25,0,0,1,Biker
17,1156.0,1290.0,1209.0,1353.0,26,0,0,1,Biker
17,1162.0,1290.0,1215.0,1353.0,27,0,0,1,Biker
17,1167.0,1290.0,1219.0,1353.0,28,0,0,1,Biker
17,1171.0,1290.0,1224.0,1353.0,29,0,0,1,Biker
17,1176.0,1290.0,1228.0,1353.0,30,0,0,1,Biker
17,1182.0,1290.0,1233.0,1353.0,31,0,0,1,Biker
17,1187.0,1290.0,1237.0,1353.0,32,0,0,1,Biker
17,1193.0,1290.0,1243.0,1353.0,33,0,0,1,Biker
17,1198.0,1290.0,1248.0,1353.0,34,0,0,1,Biker
17,1204.0,1290.0,1252.0,1353.0,35,0,0,1,Biker
17,1208.0,1290.0,1257.0,1353.0,36,0,0,1,Biker
17,1213.0,1290.0,1261.0,1353.0,37,0,0,1,Biker
17,1219.0,1290.0,1267.0,1353.0,38,0,0,1,Biker
17,1224.0,1290.0,1270.0,1353.0,39,0,0,1,Biker
17,1230.0,1290.0,1276.0,1353.0,40,0,0,1,Biker
17,1235.0,1290.0,1279.0,1353.0,41,0,0,1,Biker
17,1241.0,1290.0,1285.0,1353.0,42,0,0,1,Biker
17,1244.0,1290.0,1291.0,1353.0,43,0,0,1,Biker
17,1250.0,1290.0,1294.0,1353.0,44,0,0,1,Biker
17,1256.0,1290.0,1300.0,1353.0,45,0,0,1,Biker
17,1261.0,1290.0,1303.0,1353.0,46,0,0,1,Biker
17,1267.0,1290.0,1309.0,1353.0,47,0,0,1,Biker
17,1272.0,1290.0,1313.0,1353.0,48,0,0,1,Biker
17,1278.0,1290.0,1318.0,1353.0,49,0,0,1,Biker
17,1283.0,1290.0,1324.0,1353.0,50,0,0,0,Biker
17,1287.0,1290.0,1324.0,1353.0,51,0,0,1,Biker
17,1291.0,1294.0,1324.0,1357.0,52,0,0,1,Biker
17,1294.0,1298.0,1324.0,1361.0,53,0,0,1,Biker
17,1298.0,1302.0,1324.0,1365.0,54,0,0,1,Biker
17,1302.0,1307.0,1324.0,1369.0,55,0,0,1,Biker
17,1305.0,1311.0,1324.0,1374.0,56,1,0,0,Biker
17,1305.0,1311.0,1324.0,1374.0,57,1,0,1,Biker
17,1305.0,1311.0,1324.0,1374.0,58,1,0,1,Biker
17,1305.0,1311.0,1324.0,1374.0,59,1,0,1,Biker
17,1305.0,1311.0,1324.0,1374.0,60,1,0,1,Biker
17,1305.0,1311.0,1324.0,1374.0,61,1,0,1,Biker
17,1305.0,1311.0,1324.0,1374.0,62,1,0,0,Biker
17,1305.0,1311.0,1324.0,1374.0,63,1,0,1,Biker
17,1305.0,1311.0,1324.0,1374.0,64,1,0,1,Biker
17,1305.0,1311.0,1324.0,1374.0,65,1,0,1,Biker
17,1305.0,1311.0,1324.0,1374.0,66,1,0,1,Biker
17,1305.0,1311.0,1324.0,1374.0,67,1,0,1,Biker
17,1305.0,1311.0,1324.0,1374.0,68,1,0,1,Biker
17,1305.0,1311.0,1324.0,1374.0,69,1,0,1,Biker
17,1305.0,1311.0,1324.0,1374.0,70,1,0,1,Biker
17,1305.0,1311.0,1324.0,1374.0,71,1,0,1,Biker
17,1305.0,1311.0,1324.0,1374.0,72,1,0,1,Biker
17,1305.0,1311.0,1324.0,1374.0,73,1,0,1,Biker
17,1305.0,1311.0,1324.0,1374.0,74,1,0,1,Biker
17,1305.0,1311.0,1324.0,1374.0,75,1,0,1,Biker
17,1305.0,1311.0,1324.0,1374.0,76,1,0,1,Biker
17,1305.0,1311.0,1324.0,1374.0,77,1,0,1,Biker
17,1305.0,1311.0,1324.0,1374.0,78,1,0,1,Biker
17,1305.0,1311.0,1324.0,1374.0,79,1,0,1,Biker
17,1305.0,1311.0,1324.0,1374.0,80,1,0,1,Biker
17,1305.0,1311.0,1324.0,1374.0,81,1,0,1,Biker
17,1305.0,1311.0,1324.0,1374.0,82,1,0,1,Biker
17,1305.0,1311.0,1324.0,1374.0,83,1,0,1,Biker
17,1305.0,1311.0,1324.0,1374.0,84,1,0,1,Biker
17,1305.0,1311.0,1324.0,1374.0,85,1,0,1,Biker
17,1305.0,1311.0,1324.0,1374.0,86,1,0,1,Biker
17,1305.0,1311.0,1324.0,1374.0,87,1,0,1,Biker
17,1305.0,1311.0,1324.0,1374.0,88,1,0,1,Biker
17,1305.0,1311.0,1324.0,1374.0,89,1,0,1,Biker
17,1305.0,1311.0,1324.0,1374.0,90,1,0,1,Biker
17,1305.0,1311.0,1324.0,1374.0,91,1,0,1,Biker
17,1305.0,1311.0,1324.0,1374.0,92,1,0,1,Biker
17,1305.0,1311.0,1324.0,1374.0,93,1,0,1,Biker
17,1305.0,1311.0,1324.0,1374.0,94,1,0,1,Biker
17,1305.0,1311.0,1324.0,1374.0,95,1,0,1,Biker
17,1305.0,1311.0,1324.0,1374.0,96,1,0,1,Biker
17,1305.0,1311.0,1324.0,1374.0,97,1,0,1,Biker
17,1305.0,1311.0,1324.0,1374.0,98,1,0,1,Biker
17,1305.0,1311.0,1324.0,1374.0,99,1,0,1,Biker
17,1305.0,1311.0,1324.0,1374.0,100,1,0,1,Biker
17,1305.0,1311.0,1324.0,1374.0,101,1,0,1,Biker
17,1305.0,1311.0,1324.0,1374.0,102,1,0,1,Biker
17,1305.0,1311.0,1324.0,1374.0,103,1,0,1,Biker
17,1305.0,1311.0,1324.0,1374.0,104,1,0,1,Biker
17,1305.0,1311.0,1324.0,1374.0,105,1,0,1,Biker
17,1305.0,1311.0,1324.0,1374.0,106,1,0,1,Biker
17,1305.0,1311.0,1324.0,1374.0,107,1,0,1,Biker
17,1305.0,1311.0,1324.0,1374.0,108,1,0,1,Biker
17,1305.0,1311.0,1324.0,1374.0,109,1,0,1,Biker
17,1305.0,1311.0,1324.0,1374.0,110,1,0,1,Biker
17,1305.0,1311.0,1324.0,1374.0,111,1,0,1,Biker
17,1305.0,1311.0,1324.0,1374.0,112,1,0,1,Biker
17,1305.0,1311.0,1324.0,1374.0,113,1,0,1,Biker
17,1305.0,1311.0,1324.0,1374.0,114,1,0,1,Biker
17,1305.0,1311.0,1324.0,1374.0,115,1,0,1,Biker
17,1305.0,1311.0,1324.0,1374.0,116,1,0,1,Biker
17,1305.0,1311.0,1324.0,1374.0,117,1,0,1,Biker
17,1305.0,1311.0,1324.0,1374.0,118,1,0,1,Biker
17,1305.0,1311.0,1324.0,1374.0,119,1,0,1,Biker
17,1305.0,1311.0,1324.0,1374.0,120,1,0,1,Biker
17,1305.0,1311.0,1324.0,1374.0,121,1,0,1,Biker
17,1305.0,1311.0,1324.0,1374.0,122,1,0,1,Biker
17,1305.0,1311.0,1324.0,1374.0,123,1,0,1,Biker
17,1305.0,1311.0,1324.0,1374.0,124,1,0,1,Biker
17,1305.0,1311.0,1324.0,1374.0,125,1,0,1,Biker
17,1305.0,1311.0,1324.0,1374.0,126,1,0,1,Biker
17,1305.0,1311.0,1324.0,1374.0,127,1,0,1,Biker
17,1305.0,1311.0,1324.0,1374.0,128,1,0,1,Biker
17,1305.0,1311.0,1324.0,1374.0,129,1,0,1,Biker
17,1305.0,1311.0,1324.0,1374.0,130,1,0,1,Biker
17,1305.0,1311.0,1324.0,1374.0,131,1,0,1,Biker
17,1305.0,1311.0,1324.0,1374.0,132,1,0,1,Biker
17,1305.0,1311.0,1324.0,1374.0,133,1,0,1,Biker
17,1305.0,1311.0,1324.0,1374.0,134,1,0,1,Biker
17,1305.0,1311.0,1324.0,1374.0,135,1,0,1,Biker
17,1305.0,1311.0,1324.0,1374.0,136,1,0,1,Biker
17,1305.0,1311.0,1324.0,1374.0,137,1,0,1,Biker
17,1305.0,1311.0,1324.0,1374.0,138,1,0,1,Biker
17,1305.0,1311.0,1324.0,1374.0,139,1,0,1,Biker
17,1305.0,1311.0,1324.0,1374.0,140,1,0,1,Biker
17,1305.0,1311.0,1324.0,1374.0,141,1,0,1,Biker
17,1305.0,1311.0,1324.0,1374.0,142,1,0,1,Biker
17,1305.0,1311.0,1324.0,1374.0,143,1,0,1,Biker
17,1305.0,1311.0,1324.0,1374.0,144,1,0,1,Biker
17,1305.0,1311.0,1324.0,1374.0,145,1,0,1,Biker
17,1305.0,1311.0,1324.0,1374.0,146,1,0,1,Biker
17,1305.0,1311.0,1324.0,1374.0,147,1,0,1,Biker
17,1305.0,1311.0,1324.0,1374.0,148,1,0,1,Biker
17,1305.0,1311.0,1324.0,1374.0,149,1,0,1,Biker
17,1305.0,1311.0,1324.0,1374.0,150,1,0,1,Biker
17,1305.0,1311.0,1324.0,1374.0,151,1,0,1,Biker
17,1305.0,1311.0,1324.0,1374.0,152,1,0,1,Biker
17,1305.0,1311.0,1324.0,1374.0,153,1,0,1,Biker
17,1305.0,1311.0,1324.0,1374.0,154,1,0,1,Biker
17,1305.0,1311.0,1324.0,1374.0,155,1,0,1,Biker
17,1305.0,1311.0,1324.0,1374.0,156,1,0,1,Biker
17,1305.0,1311.0,1324.0,1374.0,157,1,0,1,Biker
17,1305.0,1311.0,1324.0,1374.0,158,1,0,1,Biker
17,1305.0,1311.0,1324.0,1374.0,159,1,0,1,Biker
17,1305.0,1311.0,1324.0,1374.0,160,1,0,1,Biker
17,1305.0,1311.0,1324.0,1374.0,161,1,0,1,Biker
17,1305.0,1311.0,1324.0,1374.0,162,1,0,1,Biker
17,1305.0,1311.0,1324.0,1374.0,163,1,0,1,Biker
17,1305.0,1311.0,1324.0,1374.0,164,1,0,1,Biker
17,1305.0,1311.0,1324.0,1374.0,165,1,0,1,Biker
17,1305.0,1311.0,1324.0,1374.0,166,1,0,1,Biker
17,1305.0,1311.0,1324.0,1374.0,167,1,0,1,Biker
17,1305.0,1311.0,1324.0,1374.0,168,1,0,1,Biker
17,1305.0,1311.0,1324.0,1374.0,169,1,0,1,Biker
17,1305.0,1311.0,1324.0,1374.0,170,1,0,1,Biker
17,1305.0,1311.0,1324.0,1374.0,171,1,0,1,Biker
17,1305.0,1311.0,1324.0,1374.0,172,1,0,1,Biker
17,1305.0,1311.0,1324.0,1374.0,173,1,0,1,Biker
17,1305.0,1311.0,1324.0,1374.0,174,1,0,1,Biker
17,1305.0,1311.0,1324.0,1374.0,175,1,0,1,Biker
17,1305.0,1311.0,1324.0,1374.0,176,1,0,1,Biker
17,1305.0,1311.0,1324.0,1374.0,177,1,0,1,Biker
17,1305.0,1311.0,1324.0,1374.0,178,1,0,1,Biker
17,1305.0,1311.0,1324.0,1374.0,179,1,0,1,Biker
17,1305.0,1311.0,1324.0,1374.0,180,1,0,1,Biker
17,1305.0,1311.0,1324.0,1374.0,181,1,0,1,Biker
17,1305.0,1311.0,1324.0,1374.0,182,1,0,1,Biker
17,1305.0,1311.0,1324.0,1374.0,183,1,0,1,Biker
17,1305.0,1311.0,1324.0,1374.0,184,1,0,1,Biker
17,1305.0,1311.0,1324.0,1374.0,185,1,0,1,Biker
17,1305.0,1311.0,1324.0,1374.0,186,1,0,1,Biker
17,1305.0,1311.0,1324.0,1374.0,187,1,0,1,Biker
17,1305.0,1311.0,1324.0,1374.0,188,1,0,1,Biker
17,1305.0,1311.0,1324.0,1374.0,189,1,0,1,Biker
17,1305.0,1311.0,1324.0,1374.0,190,1,0,1,Biker
17,1305.0,1311.0,1324.0,1374.0,191,1,0,1,Biker
17,1305.0,1311.0,1324.0,1374.0,192,1,0,1,Biker
17,1305.0,1311.0,1324.0,1374.0,193,1,0,1,Biker
17,1305.0,1311.0,1324.0,1374.0,194,1,0,1,Biker
17,1305.0,1311.0,1324.0,1374.0,195,1,0,1,Biker
17,1305.0,1311.0,1324.0,1374.0,196,1,0,1,Biker
17,1305.0,1311.0,1324.0,1374.0,197,1,0,1,Biker
17,1305.0,1311.0,1324.0,1374.0,198,1,0,1,Biker
17,1305.0,1311.0,1324.0,1374.0,199,1,0,1,Biker
17,1305.0,1311.0,1324.0,1374.0,200,1,0,1,Biker
17,1305.0,1311.0,1324.0,1374.0,201,1,0,1,Biker
17,1305.0,1311.0,1324.0,1374.0,202,1,0,1,Biker
17,1305.0,1311.0,1324.0,1374.0,203,1,0,1,Biker
17,1305.0,1311.0,1324.0,1374.0,204,1,0,1,Biker
17,1305.0,1311.0,1324.0,1374.0,205,1,0,1,Biker
17,1305.0,1311.0,1324.0,1374.0,206,1,0,1,Biker
17,1305.0,1311.0,1324.0,1374.0,207,1,0,1,Biker
17,1305.0,1311.0,1324.0,1374.0,208,1,0,1,Biker
17,1305.0,1311.0,1324.0,1374.0,209,1,0,1,Biker
17,1305.0,1311.0,1324.0,1374.0,210,1,0,1,Biker
17,1305.0,1311.0,1324.0,1374.0,211,1,0,1,Biker
17,1305.0,1311.0,1324.0,1374.0,212,1,0,1,Biker
17,1305.0,1311.0,1324.0,1374.0,213,1,0,1,Biker
17,1305.0,1311.0,1324.0,1374.0,214,1,0,1,Biker
17,1305.0,1311.0,1324.0,1374.0,215,1,0,1,Biker
17,1305.0,1311.0,1324.0,1374.0,216,1,0,1,Biker
17,1305.0,1311.0,1324.0,1374.0,217,1,0,1,Biker
17,1305.0,1311.0,1324.0,1374.0,218,1,0,1,Biker
17,1305.0,1311.0,1324.0,1374.0,219,1,0,1,Biker
17,1305.0,1311.0,1324.0,1374.0,220,1,0,1,Biker
17,1305.0,1311.0,1324.0,1374.0,221,1,0,1,Biker
17,1305.0,1311.0,1324.0,1374.0,222,1,0,1,Biker
17,1305.0,1311.0,1324.0,1374.0,223,1,0,1,Biker
17,1305.0,1311.0,1324.0,1374.0,224,1,0,1,Biker
17,1305.0,1311.0,1324.0,1374.0,225,1,0,1,Biker
17,1305.0,1311.0,1324.0,1374.0,226,1,0,1,Biker
17,1305.0,1311.0,1324.0,1374.0,227,1,0,1,Biker
17,1305.0,1311.0,1324.0,1374.0,228,1,0,1,Biker
17,1305.0,1311.0,1324.0,1374.0,229,1,0,1,Biker
17,1305.0,1311.0,1324.0,1374.0,230,1,0,1,Biker
17,1305.0,1311.0,1324.0,1374.0,231,1,0,1,Biker
17,1305.0,1311.0,1324.0,1374.0,232,1,0,1,Biker
17,1305.0,1311.0,1324.0,1374.0,233,1,0,1,Biker
17,1305.0,1311.0,1324.0,1374.0,234,1,0,1,Biker
17,1305.0,1311.0,1324.0,1374.0,235,1,0,1,Biker
17,1305.0,1311.0,1324.0,1374.0,236,1,0,1,Biker
17,1305.0,1311.0,1324.0,1374.0,237,1,0,1,Biker
17,1305.0,1311.0,1324.0,1374.0,238,1,0,1,Biker
17,1305.0,1311.0,1324.0,1374.0,239,1,0,1,Biker
17,1305.0,1311.0,1324.0,1374.0,240,1,0,1,Biker
17,1305.0,1311.0,1324.0,1374.0,241,1,0,1,Biker
17,1305.0,1311.0,1324.0,1374.0,242,1,0,1,Biker
17,1305.0,1311.0,1324.0,1374.0,243,1,0,1,Biker
17,1305.0,1311.0,1324.0,1374.0,244,1,0,1,Biker
17,1305.0,1311.0,1324.0,1374.0,245,1,0,1,Biker
17,1305.0,1311.0,1324.0,1374.0,246,1,0,1,Biker
17,1305.0,1311.0,1324.0,1374.0,247,1,0,1,Biker
17,1305.0,1311.0,1324.0,1374.0,248,1,0,1,Biker
17,1305.0,1311.0,1324.0,1374.0,249,1,0,1,Biker
17,1305.0,1311.0,1324.0,1374.0,250,1,0,1,Biker
17,1305.0,1311.0,1324.0,1374.0,251,1,0,1,Biker
17,1305.0,1311.0,1324.0,1374.0,252,1,0,1,Biker
17,1305.0,1311.0,1324.0,1374.0,253,1,0,1,Biker
17,1305.0,1311.0,1324.0,1374.0,254,1,0,1,Biker
17,1305.0,1311.0,1324.0,1374.0,255,1,0,1,Biker
17,1305.0,1311.0,1324.0,1374.0,256,1,0,1,Biker
17,1305.0,1311.0,1324.0,1374.0,257,1,0,1,Biker
17,1305.0,1311.0,1324.0,1374.0,258,1,0,1,Biker
17,1305.0,1311.0,1324.0,1374.0,259,1,0,1,Biker
17,1305.0,1311.0,1324.0,1374.0,260,1,0,1,Biker
17,1305.0,1311.0,1324.0,1374.0,261,1,0,1,Biker
17,1305.0,1311.0,1324.0,1374.0,262,1,0,1,Biker
17,1305.0,1311.0,1324.0,1374.0,263,1,0,1,Biker
17,1305.0,1311.0,1324.0,1374.0,264,1,0,1,Biker
17,1305.0,1311.0,1324.0,1374.0,265,1,0,1,Biker
17,1305.0,1311.0,1324.0,1374.0,266,1,0,1,Biker
17,1305.0,1311.0,1324.0,1374.0,267,1,0,1,Biker
17,1305.0,1311.0,1324.0,1374.0,268,1,0,1,Biker
17,1305.0,1311.0,1324.0,1374.0,269,1,0,1,Biker
17,1305.0,1311.0,1324.0,1374.0,270,1,0,1,Biker
17,1305.0,1311.0,1324.0,1374.0,271,1,0,1,Biker
17,1305.0,1311.0,1324.0,1374.0,272,1,0,1,Biker
17,1305.0,1311.0,1324.0,1374.0,273,1,0,1,Biker
17,1305.0,1311.0,1324.0,1374.0,274,1,0,1,Biker
17,1305.0,1311.0,1324.0,1374.0,275,1,0,1,Biker
17,1305.0,1311.0,1324.0,1374.0,276,1,0,1,Biker
17,1305.0,1311.0,1324.0,1374.0,277,1,0,1,Biker
17,1305.0,1311.0,1324.0,1374.0,278,1,0,1,Biker
17,1305.0,1311.0,1324.0,1374.0,279,1,0,1,Biker
17,1305.0,1311.0,1324.0,1374.0,280,1,0,1,Biker
17,1305.0,1311.0,1324.0,1374.0,281,1,0,1,Biker
17,1305.0,1311.0,1324.0,1374.0,282,1,0,1,Biker
17,1305.0,1311.0,1324.0,1374.0,283,1,0,1,Biker
17,1305.0,1311.0,1324.0,1374.0,284,1,0,1,Biker
17,1305.0,1311.0,1324.0,1374.0,285,1,0,1,Biker
17,1305.0,1311.0,1324.0,1374.0,286,1,0,1,Biker
17,1305.0,1311.0,1324.0,1374.0,287,1,0,1,Biker
17,1305.0,1311.0,1324.0,1374.0,288,1,0,1,Biker
17,1305.0,1311.0,1324.0,1374.0,289,1,0,1,Biker
17,1305.0,1311.0,1324.0,1374.0,290,1,0,1,Biker
17,1305.0,1311.0,1324.0,1374.0,291,1,0,1,Biker
17,1305.0,1311.0,1324.0,1374.0,292,1,0,1,Biker
17,1305.0,1311.0,1324.0,1374.0,293,1,0,1,Biker
17,1305.0,1311.0,1324.0,1374.0,294,1,0,1,Biker
17,1305.0,1311.0,1324.0,1374.0,295,1,0,1,Biker
17,1305.0,1311.0,1324.0,1374.0,296,1,0,1,Biker
17,1305.0,1311.0,1324.0,1374.0,297,1,0,1,Biker
17,1305.0,1311.0,1324.0,1374.0,298,1,0,1,Biker
17,1305.0,1311.0,1324.0,1374.0,299,1,0,1,Biker
17,1305.0,1311.0,1324.0,1374.0,300,1,0,1,Biker
17,1305.0,1311.0,1324.0,1374.0,301,1,0,1,Biker
17,1305.0,1311.0,1324.0,1374.0,302,1,0,1,Biker
17,1305.0,1311.0,1324.0,1374.0,303,1,0,1,Biker
17,1305.0,1311.0,1324.0,1374.0,304,1,0,1,Biker
17,1305.0,1311.0,1324.0,1374.0,305,1,0,1,Biker
17,1305.0,1311.0,1324.0,1374.0,306,1,0,1,Biker
17,1305.0,1311.0,1324.0,1374.0,307,1,0,1,Biker
17,1305.0,1311.0,1324.0,1374.0,308,1,0,1,Biker
17,1305.0,1311.0,1324.0,1374.0,309,1,0,1,Biker
17,1305.0,1311.0,1324.0,1374.0,310,1,0,1,Biker
17,1305.0,1311.0,1324.0,1374.0,311,1,0,1,Biker
17,1305.0,1311.0,1324.0,1374.0,312,1,0,1,Biker
17,1305.0,1311.0,1324.0,1374.0,313,1,0,1,Biker
17,1305.0,1311.0,1324.0,1374.0,314,1,0,1,Biker
17,1305.0,1311.0,1324.0,1374.0,315,1,0,1,Biker
17,1305.0,1311.0,1324.0,1374.0,316,1,0,1,Biker
17,1305.0,1311.0,1324.0,1374.0,317,1,0,1,Biker
17,1305.0,1311.0,1324.0,1374.0,318,1,0,1,Biker
17,1305.0,1311.0,1324.0,1374.0,319,1,0,1,Biker
17,1305.0,1311.0,1324.0,1374.0,320,1,0,1,Biker
17,1305.0,1311.0,1324.0,1374.0,321,1,0,1,Biker
17,1305.0,1311.0,1324.0,1374.0,322,1,0,1,Biker
17,1305.0,1311.0,1324.0,1374.0,323,1,0,1,Biker
17,1305.0,1311.0,1324.0,1374.0,324,1,0,1,Biker
17,1305.0,1311.0,1324.0,1374.0,325,1,0,1,Biker
17,1305.0,1311.0,1324.0,1374.0,326,1,0,1,Biker
17,1305.0,1311.0,1324.0,1374.0,327,1,0,1,Biker
17,1305.0,1311.0,1324.0,1374.0,328,1,0,1,Biker
17,1305.0,1311.0,1324.0,1374.0,329,1,0,1,Biker
17,1305.0,1311.0,1324.0,1374.0,330,1,0,1,Biker
17,1305.0,1311.0,1324.0,1374.0,331,1,0,1,Biker
17,1305.0,1311.0,1324.0,1374.0,332,1,0,1,Biker
17,1305.0,1311.0,1324.0,1374.0,333,1,0,1,Biker
17,1305.0,1311.0,1324.0,1374.0,334,1,0,1,Biker
17,1305.0,1311.0,1324.0,1374.0,335,1,0,1,Biker
17,1305.0,1311.0,1324.0,1374.0,336,1,0,1,Biker
17,1305.0,1311.0,1324.0,1374.0,337,1,0,1,Biker
17,1305.0,1311.0,1324.0,1374.0,338,1,0,1,Biker
17,1305.0,1311.0,1324.0,1374.0,339,1,0,1,Biker
17,1305.0,1311.0,1324.0,1374.0,340,1,0,1,Biker
17,1305.0,1311.0,1324.0,1374.0,341,1,0,1,Biker
17,1305.0,1311.0,1324.0,1374.0,342,1,0,1,Biker
17,1305.0,1311.0,1324.0,1374.0,343,1,0,1,Biker
17,1305.0,1311.0,1324.0,1374.0,344,1,0,1,Biker
17,1305.0,1311.0,1324.0,1374.0,345,1,0,1,Biker
17,1305.0,1311.0,1324.0,1374.0,346,1,0,1,Biker
17,1305.0,1311.0,1324.0,1374.0,347,1,0,1,Biker
17,1305.0,1311.0,1324.0,1374.0,348,1,0,1,Biker
17,1305.0,1311.0,1324.0,1374.0,349,1,0,1,Biker
17,1305.0,1311.0,1324.0,1374.0,350,1,0,1,Biker
17,1305.0,1311.0,1324.0,1374.0,351,1,0,1,Biker
17,1305.0,1311.0,1324.0,1374.0,352,1,0,1,Biker
17,1305.0,1311.0,1324.0,1374.0,353,1,0,1,Biker
17,1305.0,1311.0,1324.0,1374.0,354,1,0,1,Biker
17,1305.0,1311.0,1324.0,1374.0,355,1,0,1,Biker
17,1305.0,1311.0,1324.0,1374.0,356,1,0,1,Biker
17,1305.0,1311.0,1324.0,1374.0,357,1,0,1,Biker
17,1305.0,1311.0,1324.0,1374.0,358,1,0,1,Biker
17,1305.0,1311.0,1324.0,1374.0,359,1,0,1,Biker
17,1305.0,1311.0,1324.0,1374.0,360,1,0,1,Biker
17,1305.0,1311.0,1324.0,1374.0,361,1,0,1,Biker
17,1305.0,1311.0,1324.0,1374.0,362,1,0,1,Biker
17,1305.0,1311.0,1324.0,1374.0,363,1,0,1,Biker
17,1305.0,1311.0,1324.0,1374.0,364,1,0,1,Biker
17,1305.0,1311.0,1324.0,1374.0,365,1,0,1,Biker
17,1305.0,1311.0,1324.0,1374.0,366,1,0,1,Biker
17,1305.0,1311.0,1324.0,1374.0,367,1,0,1,Biker
17,1305.0,1311.0,1324.0,1374.0,368,1,0,1,Biker
17,1305.0,1311.0,1324.0,1374.0,369,1,0,1,Biker
17,1305.0,1311.0,1324.0,1374.0,370,1,0,1,Biker
17,1305.0,1311.0,1324.0,1374.0,371,1,0,1,Biker
17,1305.0,1311.0,1324.0,1374.0,372,1,0,1,Biker
17,1305.0,1311.0,1324.0,1374.0,373,1,0,1,Biker
17,1305.0,1311.0,1324.0,1374.0,374,1,0,1,Biker
17,1305.0,1311.0,1324.0,1374.0,375,1,0,1,Biker
17,1305.0,1311.0,1324.0,1374.0,376,1,0,1,Biker
17,1305.0,1311.0,1324.0,1374.0,377,1,0,1,Biker
17,1305.0,1311.0,1324.0,1374.0,378,1,0,1,Biker
17,1305.0,1311.0,1324.0,1374.0,379,1,0,1,Biker
17,1305.0,1311.0,1324.0,1374.0,380,1,0,1,Biker
17,1305.0,1311.0,1324.0,1374.0,381,1,0,1,Biker
17,1305.0,1311.0,1324.0,1374.0,382,1,0,1,Biker
17,1305.0,1311.0,1324.0,1374.0,383,1,0,1,Biker
17,1305.0,1311.0,1324.0,1374.0,384,1,0,1,Biker
17,1305.0,1311.0,1324.0,1374.0,385,1,0,1,Biker
17,1305.0,1311.0,1324.0,1374.0,386,1,0,1,Biker
17,1305.0,1311.0,1324.0,1374.0,387,1,0,1,Biker
17,1305.0,1311.0,1324.0,1374.0,388,1,0,1,Biker
17,1305.0,1311.0,1324.0,1374.0,389,1,0,1,Biker
17,1305.0,1311.0,1324.0,1374.0,390,1,0,1,Biker
17,1305.0,1311.0,1324.0,1374.0,391,1,0,1,Biker
17,1305.0,1311.0,1324.0,1374.0,392,1,0,1,Biker
17,1305.0,1311.0,1324.0,1374.0,393,1,0,1,Biker
17,1305.0,1311.0,1324.0,1374.0,394,1,0,1,Biker
17,1305.0,1311.0,1324.0,1374.0,395,1,0,1,Biker
17,1305.0,1311.0,1324.0,1374.0,396,1,0,1,Biker
17,1305.0,1311.0,1324.0,1374.0,397,1,0,1,Biker
17,1305.0,1311.0,1324.0,1374.0,398,1,0,1,Biker
17,1305.0,1311.0,1324.0,1374.0,399,1,0,1,Biker
17,1305.0,1311.0,1324.0,1374.0,400,1,0,1,Biker
17,1305.0,1311.0,1324.0,1374.0,401,1,0,1,Biker
17,1305.0,1311.0,1324.0,1374.0,402,1,0,1,Biker
17,1305.0,1311.0,1324.0,1374.0,403,1,0,1,Biker
17,1305.0,1311.0,1324.0,1374.0,404,1,0,1,Biker
17,1305.0,1311.0,1324.0,1374.0,405,1,0,1,Biker
17,1305.0,1311.0,1324.0,1374.0,406,1,0,1,Biker
17,1305.0,1311.0,1324.0,1374.0,407,1,0,1,Biker
17,1305.0,1311.0,1324.0,1374.0,408,1,0,1,Biker
17,1305.0,1311.0,1324.0,1374.0,409,1,0,1,Biker
17,1305.0,1311.0,1324.0,1374.0,410,1,0,1,Biker
17,1305.0,1311.0,1324.0,1374.0,411,1,0,1,Biker
17,1305.0,1311.0,1324.0,1374.0,412,1,0,1,Biker
17,1305.0,1311.0,1324.0,1374.0,413,1,0,1,Biker
17,1305.0,1311.0,1324.0,1374.0,414,1,0,1,Biker
17,1305.0,1311.0,1324.0,1374.0,415,1,0,1,Biker
17,1305.0,1311.0,1324.0,1374.0,416,1,0,1,Biker
17,1305.0,1311.0,1324.0,1374.0,417,1,0,1,Biker
17,1305.0,1311.0,1324.0,1374.0,418,1,0,1,Biker
17,1305.0,1311.0,1324.0,1374.0,419,1,0,1,Biker
17,1305.0,1311.0,1324.0,1374.0,420,1,0,1,Biker
17,1305.0,1311.0,1324.0,1374.0,421,1,0,1,Biker
17,1305.0,1311.0,1324.0,1374.0,422,1,0,1,Biker
17,1305.0,1311.0,1324.0,1374.0,423,1,0,1,Biker
17,1305.0,1311.0,1324.0,1374.0,424,1,0,1,Biker
17,1305.0,1311.0,1324.0,1374.0,425,1,0,1,Biker
17,1305.0,1311.0,1324.0,1374.0,426,1,0,1,Biker
17,1305.0,1311.0,1324.0,1374.0,427,1,0,1,Biker
17,1305.0,1311.0,1324.0,1374.0,428,1,0,1,Biker
17,1305.0,1311.0,1324.0,1374.0,429,1,0,1,Biker
17,1305.0,1311.0,1324.0,1374.0,430,1,0,1,Biker
17,1305.0,1311.0,1324.0,1374.0,431,1,0,1,Biker
17,1305.0,1311.0,1324.0,1374.0,432,1,0,1,Biker
17,1305.0,1311.0,1324.0,1374.0,433,1,0,1,Biker
17,1305.0,1311.0,1324.0,1374.0,434,1,0,1,Biker
17,1305.0,1311.0,1324.0,1374.0,435,1,0,1,Biker
17,1305.0,1311.0,1324.0,1374.0,436,1,0,1,Biker
17,1305.0,1311.0,1324.0,1374.0,437,1,0,1,Biker
17,1305.0,1311.0,1324.0,1374.0,438,1,0,1,Biker
17,1305.0,1311.0,1324.0,1374.0,439,1,0,1,Biker
17,1305.0,1311.0,1324.0,1374.0,440,1,0,1,Biker
17,1305.0,1311.0,1324.0,1374.0,441,1,0,1,Biker
17,1305.0,1311.0,1324.0,1374.0,442,1,0,1,Biker
17,1305.0,1311.0,1324.0,1374.0,443,1,0,1,Biker
17,1305.0,1311.0,1324.0,1374.0,444,1,0,1,Biker
17,1305.0,1311.0,1324.0,1374.0,445,1,0,1,Biker
17,1305.0,1311.0,1324.0,1374.0,446,1,0,1,Biker
17,1305.0,1311.0,1324.0,1374.0,447,1,0,1,Biker
17,1305.0,1311.0,1324.0,1374.0,448,1,0,1,Biker
17,1305.0,1311.0,1324.0,1374.0,449,1,0,1,Biker
17,1305.0,1311.0,1324.0,1374.0,450,1,0,1,Biker
17,1305.0,1311.0,1324.0,1374.0,451,1,0,1,Biker
17,1305.0,1311.0,1324.0,1374.0,452,1,0,1,Biker
17,1305.0,1311.0,1324.0,1374.0,453,1,0,1,Biker
17,1305.0,1311.0,1324.0,1374.0,454,1,0,1,Biker
17,1305.0,1311.0,1324.0,1374.0,455,1,0,1,Biker
17,1305.0,1311.0,1324.0,1374.0,456,1,0,1,Biker
17,1305.0,1311.0,1324.0,1374.0,457,1,0,1,Biker
17,1305.0,1311.0,1324.0,1374.0,458,1,0,1,Biker
17,1305.0,1311.0,1324.0,1374.0,459,1,0,1,Biker
17,1305.0,1311.0,1324.0,1374.0,460,1,0,1,Biker
17,1305.0,1311.0,1324.0,1374.0,461,1,0,1,Biker
17,1305.0,1311.0,1324.0,1374.0,462,1,0,1,Biker
17,1305.0,1311.0,1324.0,1374.0,463,1,0,1,Biker
17,1305.0,1311.0,1324.0,1374.0,464,1,0,1,Biker
17,1305.0,1311.0,1324.0,1374.0,465,1,0,1,Biker
17,1305.0,1311.0,1324.0,1374.0,466,1,0,1,Biker
17,1305.0,1311.0,1324.0,1374.0,467,1,0,1,Biker
17,1305.0,1311.0,1324.0,1374.0,468,1,0,1,Biker
17,1305.0,1311.0,1324.0,1374.0,469,1,0,1,Biker
17,1305.0,1311.0,1324.0,1374.0,470,1,0,1,Biker
17,1305.0,1311.0,1324.0,1374.0,471,1,0,1,Biker
17,1305.0,1311.0,1324.0,1374.0,472,1,0,1,Biker
17,1305.0,1311.0,1324.0,1374.0,473,1,0,1,Biker
17,1305.0,1311.0,1324.0,1374.0,474,1,0,1,Biker
17,1305.0,1311.0,1324.0,1374.0,475,1,0,1,Biker
17,1305.0,1311.0,1324.0,1374.0,476,1,0,1,Biker
17,1305.0,1311.0,1324.0,1374.0,477,1,0,1,Biker
17,1305.0,1311.0,1324.0,1374.0,478,1,0,1,Biker
17,1305.0,1311.0,1324.0,1374.0,479,1,0,1,Biker
17,1305.0,1311.0,1324.0,1374.0,480,1,0,1,Biker
17,1305.0,1311.0,1324.0,1374.0,481,1,0,1,Biker
17,1305.0,1311.0,1324.0,1374.0,482,1,0,1,Biker
17,1305.0,1311.0,1324.0,1374.0,483,1,0,1,Biker
17,1305.0,1311.0,1324.0,1374.0,484,1,0,1,Biker
17,1305.0,1311.0,1324.0,1374.0,485,1,0,1,Biker
17,1305.0,1311.0,1324.0,1374.0,486,1,0,1,Biker
17,1305.0,1311.0,1324.0,1374.0,487,1,0,1,Biker
17,1305.0,1311.0,1324.0,1374.0,488,1,0,1,Biker
17,1305.0,1311.0,1324.0,1374.0,489,1,0,1,Biker
17,1305.0,1311.0,1324.0,1374.0,490,1,0,1,Biker
17,1305.0,1311.0,1324.0,1374.0,491,1,0,1,Biker
17,1305.0,1311.0,1324.0,1374.0,492,1,0,1,Biker
17,1305.0,1311.0,1324.0,1374.0,493,1,0,1,Biker
17,1305.0,1311.0,1324.0,1374.0,494,1,0,1,Biker
17,1305.0,1311.0,1324.0,1374.0,495,1,0,1,Biker
17,1305.0,1311.0,1324.0,1374.0,496,1,0,1,Biker
17,1305.0,1311.0,1324.0,1374.0,497,1,0,1,Biker
17,1305.0,1311.0,1324.0,1374.0,498,1,0,1,Biker
17,1305.0,1311.0,1324.0,1374.0,499,1,0,1,Biker
17,1305.0,1311.0,1324.0,1374.0,500,1,0,1,Biker
17,1305.0,1311.0,1324.0,1374.0,501,1,0,1,Biker
17,1305.0,1311.0,1324.0,1374.0,502,1,0,1,Biker
17,1305.0,1311.0,1324.0,1374.0,503,1,0,1,Biker
17,1305.0,1311.0,1324.0,1374.0,504,1,0,1,Biker
17,1305.0,1311.0,1324.0,1374.0,505,1,0,1,Biker
17,1305.0,1311.0,1324.0,1374.0,506,1,0,1,Biker
17,1305.0,1311.0,1324.0,1374.0,507,1,0,1,Biker
17,1305.0,1311.0,1324.0,1374.0,508,1,0,1,Biker
17,1305.0,1311.0,1324.0,1374.0,509,1,0,1,Biker
17,1305.0,1311.0,1324.0,1374.0,510,1,0,1,Biker
17,1305.0,1311.0,1324.0,1374.0,511,1,0,1,Biker
17,1305.0,1311.0,1324.0,1374.0,512,1,0,1,Biker
17,1305.0,1311.0,1324.0,1374.0,513,1,0,1,Biker
17,1305.0,1311.0,1324.0,1374.0,514,1,0,1,Biker
17,1305.0,1311.0,1324.0,1374.0,515,1,0,1,Biker
17,1305.0,1311.0,1324.0,1374.0,516,1,0,1,Biker
17,1305.0,1311.0,1324.0,1374.0,517,1,0,1,Biker
17,1305.0,1311.0,1324.0,1374.0,518,1,0,1,Biker
17,1305.0,1311.0,1324.0,1374.0,519,1,0,1,Biker
17,1305.0,1311.0,1324.0,1374.0,520,1,0,1,Biker
17,1305.0,1311.0,1324.0,1374.0,521,1,0,1,Biker
17,1305.0,1311.0,1324.0,1374.0,522,1,0,1,Biker
17,1305.0,1311.0,1324.0,1374.0,523,1,0,1,Biker
17,1305.0,1311.0,1324.0,1374.0,524,1,0,1,Biker
17,1305.0,1311.0,1324.0,1374.0,525,1,0,1,Biker
17,1305.0,1311.0,1324.0,1374.0,526,1,0,1,Biker
17,1305.0,1311.0,1324.0,1374.0,527,1,0,1,Biker
17,1305.0,1311.0,1324.0,1374.0,528,1,0,1,Biker
17,1305.0,1311.0,1324.0,1374.0,529,1,0,1,Biker
17,1305.0,1311.0,1324.0,1374.0,530,1,0,1,Biker
17,1305.0,1311.0,1324.0,1374.0,531,1,0,0,Biker
18,1298.0,1416.0,1318.0,1499.0,0,1,0,0,Pedestrian
18,1298.0,1416.0,1318.0,1499.0,1,1,0,1,Pedestrian
18,1298.0,1416.0,1318.0,1499.0,2,1,0,1,Pedestrian
18,1298.0,1416.0,1318.0,1499.0,3,1,0,1,Pedestrian
18,1298.0,1416.0,1318.0,1499.0,4,1,0,1,Pedestrian
18,1298.0,1416.0,1318.0,1499.0,5,1,0,1,Pedestrian
18,1298.0,1416.0,1318.0,1499.0,6,1,0,1,Pedestrian
18,1298.0,1416.0,1318.0,1499.0,7,1,0,1,Pedestrian
18,1298.0,1416.0,1318.0,1499.0,8,1,0,1,Pedestrian
18,1298.0,1416.0,1318.0,1499.0,9,1,0,1,Pedestrian
18,1298.0,1416.0,1318.0,1499.0,10,1,0,1,Pedestrian
18,1298.0,1416.0,1318.0,1499.0,11,1,0,1,Pedestrian
18,1298.0,1416.0,1318.0,1499.0,12,1,0,1,Pedestrian
18,1298.0,1416.0,1318.0,1499.0,13,1,0,1,Pedestrian
18,1298.0,1416.0,1318.0,1499.0,14,1,0,1,Pedestrian
18,1298.0,1416.0,1318.0,1499.0,15,1,0,1,Pedestrian
18,1298.0,1416.0,1318.0,1499.0,16,1,0,1,Pedestrian
18,1298.0,1416.0,1318.0,1499.0,17,1,0,1,Pedestrian
18,1298.0,1416.0,1318.0,1499.0,18,1,0,1,Pedestrian
18,1298.0,1416.0,1318.0,1499.0,19,1,0,1,Pedestrian
18,1298.0,1416.0,1318.0,1499.0,20,1,0,1,Pedestrian
18,1298.0,1416.0,1318.0,1499.0,21,1,0,1,Pedestrian
18,1298.0,1416.0,1318.0,1499.0,22,1,0,1,Pedestrian
18,1298.0,1416.0,1318.0,1499.0,23,1,0,1,Pedestrian
18,1298.0,1416.0,1318.0,1499.0,24,1,0,1,Pedestrian
18,1298.0,1416.0,1318.0,1499.0,25,1,0,1,Pedestrian
18,1298.0,1416.0,1318.0,1499.0,26,1,0,1,Pedestrian
18,1298.0,1416.0,1318.0,1499.0,27,1,0,1,Pedestrian
18,1298.0,1416.0,1318.0,1499.0,28,1,0,1,Pedestrian
18,1298.0,1416.0,1318.0,1499.0,29,0,0,0,Pedestrian
18,1296.0,1411.0,1318.0,1495.0,30,0,0,1,Pedestrian
18,1296.0,1411.0,1318.0,1495.0,31,0,0,1,Pedestrian
18,1296.0,1407.0,1318.0,1491.0,32,0,0,1,Pedestrian
18,1296.0,1407.0,1318.0,1491.0,33,0,0,1,Pedestrian
18,1296.0,1407.0,1318.0,1491.0,34,0,0,1,Pedestrian
18,1296.0,1403.0,1318.0,1487.0,35,0,0,1,Pedestrian
18,1296.0,1403.0,1318.0,1487.0,36,0,0,1,Pedestrian
18,1296.0,1403.0,1318.0,1487.0,37,0,0,1,Pedestrian
18,1296.0,1399.0,1318.0,1483.0,38,0,0,1,Pedestrian
18,1296.0,1399.0,1318.0,1483.0,39,0,0,1,Pedestrian
18,1296.0,1399.0,1318.0,1478.0,40,0,0,1,Pedestrian
18,1296.0,1395.0,1318.0,1478.0,41,0,0,1,Pedestrian
18,1296.0,1395.0,1318.0,1478.0,42,0,0,1,Pedestrian
18,1296.0,1395.0,1318.0,1474.0,43,0,0,1,Pedestrian
18,1296.0,1390.0,1318.0,1474.0,44,0,0,1,Pedestrian
18,1296.0,1390.0,1318.0,1474.0,45,0,0,1,Pedestrian
18,1296.0,1390.0,1318.0,1470.0,46,0,0,1,Pedestrian
18,1296.0,1386.0,1318.0,1470.0,47,0,0,1,Pedestrian
18,1294.0,1386.0,1318.0,1466.0,48,0,0,1,Pedestrian
18,1294.0,1382.0,1318.0,1466.0,49,0,0,1,Pedestrian
18,1294.0,1382.0,1318.0,1466.0,50,0,0,1,Pedestrian
18,1294.0,1382.0,1318.0,1462.0,51,0,0,1,Pedestrian
18,1294.0,1378.0,1318.0,1462.0,52,0,0,1,Pedestrian
18,1294.0,1378.0,1318.0,1462.0,53,0,0,1,Pedestrian
18,1294.0,1378.0,1318.0,1457.0,54,0,0,1,Pedestrian
18,1294.0,1374.0,1318.0,1457.0,55,0,0,1,Pedestrian
18,1294.0,1374.0,1318.0,1453.0,56,0,0,1,Pedestrian
18,1294.0,1374.0,1318.0,1453.0,57,0,0,1,Pedestrian
18,1294.0,1369.0,1318.0,1453.0,58,0,0,1,Pedestrian
18,1294.0,1369.0,1318.0,1449.0,59,0,0,1,Pedestrian
18,1294.0,1369.0,1318.0,1449.0,60,0,0,1,Pedestrian
18,1294.0,1365.0,1318.0,1449.0,61,0,0,1,Pedestrian
18,1294.0,1365.0,1318.0,1445.0,62,0,0,1,Pedestrian
18,1294.0,1365.0,1318.0,1445.0,63,0,0,1,Pedestrian
18,1294.0,1361.0,1318.0,1441.0,64,0,0,1,Pedestrian
18,1294.0,1361.0,1318.0,1441.0,65,0,0,1,Pedestrian
18,1294.0,1361.0,1318.0,1441.0,66,0,0,1,Pedestrian
18,1292.0,1357.0,1318.0,1437.0,67,0,0,1,Pedestrian
18,1292.0,1357.0,1318.0,1437.0,68,0,0,1,Pedestrian
18,1292.0,1353.0,1318.0,1437.0,69,0,0,1,Pedestrian
18,1292.0,1353.0,1318.0,1432.0,70,0,0,1,Pedestrian
18,1292.0,1353.0,1318.0,1432.0,71,0,0,1,Pedestrian
18,1292.0,1349.0,1318.0,1428.0,72,0,0,1,Pedestrian
18,1292.0,1349.0,1318.0,1428.0,73,0,0,1,Pedestrian
18,1292.0,1349.0,1318.0,1428.0,74,0,0,1,Pedestrian
18,1292.0,1344.0,1318.0,1424.0,75,0,0,1,Pedestrian
18,1292.0,1344.0,1318.0,1424.0,76,0,0,1,Pedestrian
18,1292.0,1344.0,1318.0,1424.0,77,0,0,1,Pedestrian
18,1292.0,1340.0,1318.0,1420.0,78,0,0,1,Pedestrian
18,1292.0,1340.0,1318.0,1420.0,79,0,0,1,Pedestrian
18,1292.0,1340.0,1318.0,1420.0,80,0,0,1,Pedestrian
18,1292.0,1336.0,1318.0,1416.0,81,0,0,1,Pedestrian
18,1292.0,1336.0,1318.0,1416.0,82,0,0,1,Pedestrian
18,1292.0,1336.0,1318.0,1411.0,83,0,0,1,Pedestrian
18,1292.0,1332.0,1318.0,1411.0,84,0,0,1,Pedestrian
18,1292.0,1332.0,1318.0,1411.0,85,0,0,1,Pedestrian
18,1291.0,1328.0,1318.0,1407.0,86,0,0,1,Pedestrian
18,1291.0,1328.0,1318.0,1407.0,87,0,0,1,Pedestrian
18,1291.0,1328.0,1318.0,1407.0,88,0,0,1,Pedestrian
18,1291.0,1323.0,1318.0,1403.0,89,0,0,1,Pedestrian
18,1291.0,1323.0,1318.0,1403.0,90,0,0,1,Pedestrian
18,1291.0,1323.0,1318.0,1399.0,91,0,0,1,Pedestrian
18,1291.0,1319.0,1318.0,1399.0,92,0,0,1,Pedestrian
18,1291.0,1319.0,1318.0,1399.0,93,0,0,1,Pedestrian
18,1291.0,1319.0,1318.0,1395.0,94,0,0,1,Pedestrian
18,1291.0,1315.0,1318.0,1395.0,95,0,0,1,Pedestrian
18,1291.0,1315.0,1318.0,1395.0,96,0,0,1,Pedestrian
18,1291.0,1315.0,1318.0,1390.0,97,0,0,1,Pedestrian
18,1291.0,1311.0,1318.0,1390.0,98,0,0,1,Pedestrian
18,1291.0,1311.0,1318.0,1386.0,99,0,0,1,Pedestrian
18,1291.0,1311.0,1318.0,1386.0,100,0,0,1,Pedestrian
18,1291.0,1307.0,1318.0,1386.0,101,0,0,1,Pedestrian
18,1291.0,1307.0,1318.0,1382.0,102,0,0,1,Pedestrian
18,1291.0,1307.0,1318.0,1382.0,103,0,0,1,Pedestrian
18,1291.0,1302.0,1318.0,1382.0,104,0,0,1,Pedestrian
18,1289.0,1302.0,1318.0,1378.0,105,0,0,1,Pedestrian
18,1289.0,1298.0,1318.0,1378.0,106,0,0,1,Pedestrian
18,1289.0,1298.0,1318.0,1374.0,107,0,0,1,Pedestrian
18,1289.0,1298.0,1318.0,1374.0,108,0,0,1,Pedestrian
18,1289.0,1294.0,1318.0,1374.0,109,0,0,1,Pedestrian
18,1289.0,1294.0,1318.0,1369.0,110,0,0,1,Pedestrian
18,1289.0,1294.0,1318.0,1369.0,111,0,0,1,Pedestrian
18,1289.0,1290.0,1318.0,1369.0,112,0,0,1,Pedestrian
18,1289.0,1290.0,1318.0,1365.0,113,0,0,1,Pedestrian
18,1289.0,1290.0,1318.0,1365.0,114,0,0,1,Pedestrian
18,1289.0,1286.0,1318.0,1361.0,115,0,0,1,Pedestrian
18,1289.0,1286.0,1318.0,1361.0,116,0,0,1,Pedestrian
18,1289.0,1286.0,1318.0,1361.0,117,0,0,1,Pedestrian
18,1289.0,1282.0,1318.0,1357.0,118,0,0,1,Pedestrian
18,1289.0,1282.0,1318.0,1357.0,119,0,0,1,Pedestrian
18,1289.0,1282.0,1318.0,1357.0,120,0,0,1,Pedestrian
18,1289.0,1277.0,1318.0,1353.0,121,0,0,1,Pedestrian
18,1289.0,1277.0,1318.0,1353.0,122,0,0,1,Pedestrian
18,1289.0,1277.0,1318.0,1353.0,123,0,0,0,Pedestrian
18,1289.0,1273.0,1318.0,1349.0,124,0,0,1,Pedestrian
18,1289.0,1273.0,1318.0,1349.0,125,0,0,1,Pedestrian
18,1289.0,1273.0,1318.0,1349.0,126,0,0,1,Pedestrian
18,1289.0,1269.0,1318.0,1344.0,127,0,0,1,Pedestrian
18,1289.0,1269.0,1318.0,1344.0,128,0,0,1,Pedestrian
18,1289.0,1269.0,1318.0,1344.0,129,0,0,1,Pedestrian
18,1289.0,1265.0,1318.0,1340.0,130,0,0,1,Pedestrian
18,1289.0,1265.0,1318.0,1340.0,131,0,0,1,Pedestrian
18,1289.0,1265.0,1318.0,1340.0,132,0,0,1,Pedestrian
18,1289.0,1265.0,1318.0,1340.0,133,0,0,1,Pedestrian
18,1289.0,1261.0,1318.0,1336.0,134,0,0,1,Pedestrian
18,1289.0,1261.0,1318.0,1336.0,135,0,0,1,Pedestrian
18,1289.0,1261.0,1318.0,1336.0,136,0,0,1,Pedestrian
18,1289.0,1256.0,1318.0,1332.0,137,0,0,1,Pedestrian
18,1289.0,1256.0,1318.0,1332.0,138,0,0,1,Pedestrian
18,1289.0,1256.0,1318.0,1332.0,139,0,0,1,Pedestrian
18,1291.0,1252.0,1318.0,1328.0,140,0,0,1,Pedestrian
18,1291.0,1252.0,1318.0,1328.0,141,0,0,1,Pedestrian
18,1291.0,1252.0,1318.0,1328.0,142,0,0,1,Pedestrian
18,1291.0,1252.0,1318.0,1328.0,143,0,0,1,Pedestrian
18,1291.0,1248.0,1318.0,1323.0,144,0,0,1,Pedestrian
18,1291.0,1248.0,1318.0,1323.0,145,0,0,1,Pedestrian
18,1291.0,1248.0,1320.0,1323.0,146,0,0,1,Pedestrian
18,1291.0,1244.0,1320.0,1319.0,147,0,0,1,Pedestrian
18,1291.0,1244.0,1320.0,1319.0,148,0,0,1,Pedestrian
18,1291.0,1244.0,1320.0,1319.0,149,0,0,1,Pedestrian
18,1291.0,1240.0,1320.0,1315.0,150,0,0,1,Pedestrian
18,1291.0,1240.0,1320.0,1315.0,151,0,0,1,Pedestrian
18,1291.0,1240.0,1320.0,1315.0,152,0,0,1,Pedestrian
18,1291.0,1240.0,1320.0,1315.0,153,0,0,1,Pedestrian
18,1291.0,1235.0,1320.0,1311.0,154,0,0,1,Pedestrian
18,1291.0,1235.0,1320.0,1311.0,155,0,0,1,Pedestrian
18,1291.0,1235.0,1320.0,1311.0,156,0,0,1,Pedestrian
18,1292.0,1231.0,1320.0,1307.0,157,0,0,1,Pedestrian
18,1292.0,1231.0,1320.0,1307.0,158,0,0,1,Pedestrian
18,1292.0,1231.0,1320.0,1307.0,159,0,0,1,Pedestrian
18,1292.0,1227.0,1320.0,1302.0,160,0,0,1,Pedestrian
18,1292.0,1227.0,1320.0,1302.0,161,0,0,1,Pedestrian
18,1292.0,1227.0,1320.0,1302.0,162,0,0,1,Pedestrian
18,1292.0,1227.0,1320.0,1302.0,163,0,0,1,Pedestrian
18,1292.0,1223.0,1320.0,1298.0,164,0,0,1,Pedestrian
18,1292.0,1223.0,1320.0,1298.0,165,0,0,1,Pedestrian
18,1292.0,1223.0,1320.0,1298.0,166,0,0,1,Pedestrian
18,1292.0,1219.0,1320.0,1294.0,167,0,0,1,Pedestrian
18,1292.0,1219.0,1322.0,1294.0,168,0,0,1,Pedestrian
18,1292.0,1219.0,1322.0,1294.0,169,0,0,1,Pedestrian
18,1292.0,1214.0,1322.0,1290.0,170,0,0,1,Pedestrian
18,1292.0,1214.0,1322.0,1290.0,171,0,0,1,Pedestrian
18,1292.0,1214.0,1322.0,1290.0,172,0,0,1,Pedestrian
18,1292.0,1214.0,1322.0,1290.0,173,0,0,1,Pedestrian
18,1294.0,1210.0,1322.0,1286.0,174,0,0,1,Pedestrian
18,1294.0,1210.0,1322.0,1286.0,175,0,0,1,Pedestrian
18,1294.0,1210.0,1322.0,1286.0,176,0,0,1,Pedestrian
18,1294.0,1206.0,1322.0,1282.0,177,0,0,1,Pedestrian
18,1294.0,1206.0,1322.0,1282.0,178,0,0,1,Pedestrian
18,1294.0,1206.0,1322.0,1282.0,179,0,0,1,Pedestrian
18,1294.0,1202.0,1322.0,1277.0,180,0,0,1,Pedestrian
18,1294.0,1202.0,1322.0,1277.0,181,0,0,1,Pedestrian
18,1294.0,1202.0,1322.0,1277.0,182,0,0,1,Pedestrian
18,1294.0,1202.0,1322.0,1277.0,183,0,0,1,Pedestrian
18,1294.0,1198.0,1322.0,1273.0,184,0,0,1,Pedestrian
18,1294.0,1198.0,1322.0,1273.0,185,0,0,1,Pedestrian
18,1294.0,1198.0,1322.0,1273.0,186,0,0,1,Pedestrian
18,1294.0,1194.0,1322.0,1269.0,187,0,0,1,Pedestrian
18,1294.0,1194.0,1322.0,1269.0,188,0,0,1,Pedestrian
18,1294.0,1194.0,1322.0,1269.0,189,0,0,1,Pedestrian
18,1296.0,1194.0,1324.0,1269.0,190,0,0,0,Pedestrian
18,1294.0,1189.0,1322.0,1265.0,191,0,0,1,Pedestrian
18,1294.0,1189.0,1322.0,1265.0,192,0,0,1,Pedestrian
18,1294.0,1189.0,1322.0,1265.0,193,0,0,1,Pedestrian
18,1294.0,1185.0,1322.0,1261.0,194,0,0,1,Pedestrian
18,1294.0,1185.0,1322.0,1261.0,195,0,0,1,Pedestrian
18,1294.0,1185.0,1322.0,1261.0,196,0,0,1,Pedestrian
18,1294.0,1181.0,1322.0,1256.0,197,0,0,1,Pedestrian
18,1294.0,1181.0,1322.0,1256.0,198,0,0,1,Pedestrian
18,1294.0,1181.0,1322.0,1256.0,199,0,0,1,Pedestrian
18,1294.0,1177.0,1322.0,1252.0,200,0,0,1,Pedestrian
18,1294.0,1177.0,1322.0,1252.0,201,0,0,1,Pedestrian
18,1294.0,1177.0,1322.0,1252.0,202,0,0,1,Pedestrian
18,1294.0,1173.0,1322.0,1248.0,203,0,0,1,Pedestrian
18,1294.0,1173.0,1322.0,1248.0,204,0,0,1,Pedestrian
18,1294.0,1173.0,1322.0,1248.0,205,0,0,1,Pedestrian
18,1294.0,1168.0,1322.0,1244.0,206,0,0,1,Pedestrian
18,1294.0,1168.0,1322.0,1244.0,207,0,0,1,Pedestrian
18,1294.0,1168.0,1322.0,1244.0,208,0,0,1,Pedestrian
18,1294.0,1164.0,1322.0,1240.0,209,0,0,1,Pedestrian
18,1294.0,1164.0,1322.0,1240.0,210,0,0,1,Pedestrian
18,1292.0,1164.0,1322.0,1240.0,211,0,0,1,Pedestrian
18,1292.0,1164.0,1322.0,1240.0,212,0,0,1,Pedestrian
18,1292.0,1160.0,1322.0,1235.0,213,0,0,1,Pedestrian
18,1292.0,1160.0,1322.0,1235.0,214,0,0,1,Pedestrian
18,1292.0,1160.0,1322.0,1235.0,215,0,0,1,Pedestrian
18,1292.0,1156.0,1322.0,1231.0,216,0,0,1,Pedestrian
18,1292.0,1156.0,1322.0,1231.0,217,0,0,1,Pedestrian
18,1292.0,1156.0,1322.0,1231.0,218,0,0,1,Pedestrian
18,1292.0,1152.0,1322.0,1227.0,219,0,0,1,Pedestrian
18,1292.0,1152.0,1322.0,1227.0,220,0,0,1,Pedestrian
18,1292.0,1152.0,1322.0,1227.0,221,0,0,1,Pedestrian
18,1292.0,1147.0,1322.0,1223.0,222,0,0,1,Pedestrian
18,1292.0,1147.0,1322.0,1223.0,223,0,0,1,Pedestrian
18,1292.0,1147.0,1322.0,1223.0,224,0,0,1,Pedestrian
18,1292.0,1143.0,1322.0,1219.0,225,0,0,1,Pedestrian
18,1292.0,1143.0,1322.0,1219.0,226,0,0,1,Pedestrian
18,1292.0,1143.0,1322.0,1219.0,227,0,0,1,Pedestrian
18,1292.0,1139.0,1322.0,1214.0,228,0,0,1,Pedestrian
18,1292.0,1139.0,1322.0,1214.0,229,0,0,1,Pedestrian
18,1292.0,1139.0,1322.0,1214.0,230,0,0,1,Pedestrian
18,1292.0,1139.0,1322.0,1214.0,231,0,0,0,Pedestrian
18,1292.0,1135.0,1322.0,1210.0,232,0,0,1,Pedestrian
18,1292.0,1135.0,1322.0,1210.0,233,0,0,1,Pedestrian
18,1292.0,1135.0,1322.0,1210.0,234,0,0,1,Pedestrian
18,1292.0,1135.0,1322.0,1210.0,235,0,0,1,Pedestrian
18,1292.0,1131.0,1322.0,1206.0,236,0,0,1,Pedestrian
18,1292.0,1131.0,1322.0,1206.0,237,0,0,1,Pedestrian
18,1292.0,1131.0,1322.0,1206.0,238,0,0,1,Pedestrian
18,1292.0,1131.0,1322.0,1206.0,239,0,0,1,Pedestrian
18,1294.0,1126.0,1322.0,1202.0,240,0,0,1,Pedestrian
18,1294.0,1126.0,1322.0,1202.0,241,0,0,1,Pedestrian
18,1294.0,1126.0,1322.0,1202.0,242,0,0,1,Pedestrian
18,1294.0,1126.0,1322.0,1202.0,243,0,0,1,Pedestrian
18,1294.0,1122.0,1322.0,1198.0,244,0,0,1,Pedestrian
18,1294.0,1122.0,1322.0,1198.0,245,0,0,1,Pedestrian
18,1294.0,1122.0,1322.0,1198.0,246,0,0,1,Pedestrian
18,1294.0,1122.0,1322.0,1198.0,247,0,0,1,Pedestrian
18,1294.0,1118.0,1322.0,1194.0,248,0,0,1,Pedestrian
18,1296.0,1118.0,1322.0,1194.0,249,0,0,1,Pedestrian
18,1296.0,1118.0,1322.0,1194.0,250,0,0,1,Pedestrian
18,1296.0,1118.0,1322.0,1194.0,251,0,0,1,Pedestrian
18,1296.0,1118.0,1322.0,1194.0,252,0,0,1,Pedestrian
18,1296.0,1114.0,1322.0,1189.0,253,0,0,1,Pedestrian
18,1296.0,1114.0,1322.0,1189.0,254,0,0,1,Pedestrian
18,1296.0,1114.0,1322.0,1189.0,255,0,0,1,Pedestrian
18,1296.0,1114.0,1322.0,1189.0,256,0,0,1,Pedestrian
18,1296.0,1110.0,1322.0,1185.0,257,0,0,1,Pedestrian
18,1298.0,1110.0,1322.0,1185.0,258,0,0,1,Pedestrian
18,1298.0,1110.0,1322.0,1185.0,259,0,0,1,Pedestrian
18,1298.0,1110.0,1322.0,1185.0,260,0,0,1,Pedestrian
18,1298.0,1106.0,1322.0,1181.0,261,0,0,1,Pedestrian
18,1298.0,1106.0,1322.0,1181.0,262,0,0,1,Pedestrian
18,1298.0,1106.0,1322.0,1181.0,263,0,0,1,Pedestrian
18,1298.0,1106.0,1322.0,1181.0,264,0,0,1,Pedestrian
18,1298.0,1101.0,1322.0,1177.0,265,0,0,1,Pedestrian
18,1298.0,1101.0,1322.0,1177.0,266,0,0,1,Pedestrian
18,1300.0,1101.0,1322.0,1177.0,267,0,0,1,Pedestrian
18,1300.0,1101.0,1322.0,1177.0,268,0,0,1,Pedestrian
18,1300.0,1097.0,1322.0,1173.0,269,0,0,1,Pedestrian
18,1300.0,1097.0,1322.0,1173.0,270,0,0,1,Pedestrian
18,1300.0,1097.0,1322.0,1173.0,271,0,0,1,Pedestrian
18,1300.0,1097.0,1322.0,1173.0,272,0,0,1,Pedestrian
18,1300.0,1097.0,1322.0,1173.0,273,0,0,1,Pedestrian
18,1300.0,1093.0,1322.0,1168.0,274,0,0,1,Pedestrian
18,1300.0,1093.0,1322.0,1168.0,275,0,0,1,Pedestrian
18,1302.0,1093.0,1322.0,1168.0,276,0,0,1,Pedestrian
18,1302.0,1093.0,1322.0,1168.0,277,0,0,1,Pedestrian
18,1302.0,1089.0,1322.0,1164.0,278,0,0,1,Pedestrian
18,1302.0,1089.0,1322.0,1164.0,279,0,0,1,Pedestrian
18,1302.0,1089.0,1322.0,1164.0,280,0,0,1,Pedestrian
18,1302.0,1089.0,1322.0,1164.0,281,0,0,1,Pedestrian
18,1302.0,1085.0,1322.0,1160.0,282,0,0,1,Pedestrian
18,1302.0,1085.0,1322.0,1160.0,283,0,0,1,Pedestrian
18,1302.0,1085.0,1322.0,1160.0,284,0,0,1,Pedestrian
18,1303.0,1085.0,1322.0,1160.0,285,0,0,1,Pedestrian
18,1303.0,1080.0,1322.0,1156.0,286,0,0,1,Pedestrian
18,1303.0,1080.0,1322.0,1156.0,287,0,0,1,Pedestrian
18,1303.0,1080.0,1322.0,1156.0,288,0,0,1,Pedestrian
18,1303.0,1080.0,1322.0,1156.0,289,0,0,1,Pedestrian
18,1303.0,1076.0,1322.0,1152.0,290,0,0,1,Pedestrian
18,1303.0,1076.0,1322.0,1152.0,291,0,0,1,Pedestrian
18,1303.0,1076.0,1322.0,1152.0,292,0,0,1,Pedestrian
18,1303.0,1076.0,1322.0,1152.0,293,0,0,1,Pedestrian
18,1305.0,1076.0,1324.0,1152.0,294,0,0,0,Pedestrian
18,1305.0,1072.0,1324.0,1147.0,295,0,0,1,Pedestrian
18,1305.0,1072.0,1324.0,1147.0,296,0,0,1,Pedestrian
18,1305.0,1068.0,1324.0,1143.0,297,0,0,1,Pedestrian
18,1305.0,1068.0,1324.0,1143.0,298,0,0,1,Pedestrian
18,1305.0,1064.0,1324.0,1139.0,299,0,0,1,Pedestrian
18,1305.0,1064.0,1324.0,1139.0,300,0,0,1,Pedestrian
18,1305.0,1059.0,1324.0,1135.0,301,0,0,1,Pedestrian
18,1307.0,1059.0,1324.0,1135.0,302,0,0,1,Pedestrian
18,1307.0,1055.0,1324.0,1131.0,303,0,0,1,Pedestrian
18,1307.0,1055.0,1324.0,1131.0,304,0,0,1,Pedestrian
18,1307.0,1055.0,1324.0,1131.0,305,0,0,1,Pedestrian
18,1307.0,1051.0,1324.0,1126.0,306,0,0,1,Pedestrian
18,1307.0,1051.0,1324.0,1126.0,307,0,0,1,Pedestrian
18,1307.0,1047.0,1324.0,1122.0,308,0,0,1,Pedestrian
18,1309.0,1047.0,1324.0,1122.0,309,0,0,1,Pedestrian
18,1309.0,1043.0,1324.0,1118.0,310,0,0,1,Pedestrian
18,1309.0,1043.0,1324.0,1118.0,311,0,0,1,Pedestrian
18,1309.0,1039.0,1324.0,1114.0,312,0,0,1,Pedestrian
18,1309.0,1039.0,1324.0,1114.0,313,0,0,1,Pedestrian
18,1309.0,1034.0,1324.0,1110.0,314,0,0,1,Pedestrian
18,1309.0,1034.0,1324.0,1110.0,315,0,0,1,Pedestrian
18,1311.0,1034.0,1324.0,1110.0,316,0,0,0,Pedestrian
18,1309.0,1030.0,1324.0,1106.0,317,0,0,1,Pedestrian
18,1309.0,1030.0,1324.0,1106.0,318,0,0,1,Pedestrian
18,1309.0,1030.0,1324.0,1101.0,319,0,0,1,Pedestrian
18,1309.0,1026.0,1324.0,1101.0,320,0,0,1,Pedestrian
18,1309.0,1026.0,1324.0,1101.0,321,0,0,1,Pedestrian
18,1309.0,1026.0,1324.0,1097.0,322,0,0,1,Pedestrian
18,1309.0,1022.0,1324.0,1097.0,323,0,0,1,Pedestrian
18,1309.0,1022.0,1324.0,1097.0,324,0,0,1,Pedestrian
18,1309.0,1022.0,1324.0,1093.0,325,0,0,1,Pedestrian
18,1309.0,1018.0,1324.0,1093.0,326,0,0,1,Pedestrian
18,1309.0,1018.0,1324.0,1093.0,327,0,0,1,Pedestrian
18,1309.0,1018.0,1324.0,1089.0,328,0,0,1,Pedestrian
18,1309.0,1013.0,1324.0,1089.0,329,0,0,1,Pedestrian
18,1309.0,1013.0,1324.0,1089.0,330,0,0,1,Pedestrian
18,1309.0,1013.0,1324.0,1085.0,331,0,0,1,Pedestrian
18,1309.0,1009.0,1324.0,1085.0,332,0,0,1,Pedestrian
18,1307.0,1009.0,1324.0,1085.0,333,0,0,1,Pedestrian
18,1307.0,1009.0,1324.0,1080.0,334,0,0,1,Pedestrian
18,1307.0,1005.0,1324.0,1080.0,335,0,0,1,Pedestrian
18,1307.0,1005.0,1324.0,1080.0,336,0,0,1,Pedestrian
18,1307.0,1005.0,1324.0,1076.0,337,0,0,1,Pedestrian
18,1307.0,1001.0,1324.0,1076.0,338,0,0,1,Pedestrian
18,1307.0,1001.0,1324.0,1076.0,339,0,0,1,Pedestrian
18,1307.0,1001.0,1324.0,1072.0,340,0,0,1,Pedestrian
18,1307.0,1001.0,1324.0,1072.0,341,0,0,1,Pedestrian
18,1307.0,997.0,1324.0,1072.0,342,0,0,1,Pedestrian
18,1307.0,997.0,1324.0,1068.0,343,0,0,1,Pedestrian
18,1307.0,997.0,1324.0,1068.0,344,0,0,1,Pedestrian
18,1307.0,992.0,1324.0,1068.0,345,0,0,1,Pedestrian
18,1307.0,992.0,1324.0,1064.0,346,0,0,1,Pedestrian
18,1307.0,992.0,1324.0,1064.0,347,0,0,1,Pedestrian
18,1307.0,988.0,1324.0,1064.0,348,0,0,1,Pedestrian
18,1307.0,988.0,1324.0,1059.0,349,0,0,1,Pedestrian
18,1305.0,988.0,1324.0,1059.0,350,0,0,1,Pedestrian
18,1305.0,984.0,1324.0,1059.0,351,0,0,1,Pedestrian
18,1305.0,984.0,1324.0,1055.0,352,0,0,1,Pedestrian
18,1305.0,984.0,1324.0,1055.0,353,0,0,1,Pedestrian
18,1305.0,980.0,1324.0,1055.0,354,0,0,1,Pedestrian
18,1305.0,980.0,1324.0,1051.0,355,0,0,1,Pedestrian
18,1305.0,980.0,1324.0,1051.0,356,0,0,1,Pedestrian
18,1305.0,976.0,1324.0,1051.0,357,0,0,1,Pedestrian
18,1305.0,976.0,1324.0,1047.0,358,0,0,1,Pedestrian
18,1305.0,976.0,1324.0,1047.0,359,0,0,1,Pedestrian
18,1305.0,971.0,1324.0,1047.0,360,0,0,1,Pedestrian
18,1305.0,971.0,1324.0,1043.0,361,0,0,1,Pedestrian
18,1305.0,971.0,1324.0,1043.0,362,0,0,1,Pedestrian
18,1305.0,967.0,1324.0,1043.0,363,0,0,1,Pedestrian
18,1305.0,967.0,1324.0,1039.0,364,0,0,1,Pedestrian
18,1305.0,967.0,1324.0,1039.0,365,0,0,1,Pedestrian
18,1305.0,967.0,1324.0,1039.0,366,1,0,0,Pedestrian
18,1305.0,967.0,1324.0,1039.0,367,1,0,1,Pedestrian
18,1305.0,967.0,1324.0,1039.0,368,1,0,1,Pedestrian
18,1305.0,967.0,1324.0,1039.0,369,1,0,1,Pedestrian
18,1305.0,967.0,1324.0,1039.0,370,1,0,1,Pedestrian
18,1305.0,967.0,1324.0,1039.0,371,1,0,1,Pedestrian
18,1305.0,967.0,1324.0,1039.0,372,1,0,1,Pedestrian
18,1305.0,967.0,1324.0,1039.0,373,1,0,1,Pedestrian
18,1305.0,967.0,1324.0,1039.0,374,1,0,1,Pedestrian
18,1305.0,967.0,1324.0,1039.0,375,1,0,1,Pedestrian
18,1305.0,967.0,1324.0,1039.0,376,1,0,1,Pedestrian
18,1305.0,967.0,1324.0,1039.0,377,1,0,1,Pedestrian
18,1305.0,967.0,1324.0,1039.0,378,1,0,1,Pedestrian
18,1305.0,967.0,1324.0,1039.0,379,1,0,1,Pedestrian
18,1305.0,967.0,1324.0,1039.0,380,1,0,1,Pedestrian
18,1305.0,967.0,1324.0,1039.0,381,1,0,1,Pedestrian
18,1305.0,967.0,1324.0,1039.0,382,1,0,1,Pedestrian
18,1305.0,967.0,1324.0,1039.0,383,1,0,1,Pedestrian
18,1305.0,967.0,1324.0,1039.0,384,1,0,1,Pedestrian
18,1305.0,967.0,1324.0,1039.0,385,1,0,0,Pedestrian
18,1305.0,967.0,1324.0,1039.0,386,1,0,1,Pedestrian
18,1305.0,967.0,1324.0,1039.0,387,1,0,1,Pedestrian
18,1305.0,967.0,1324.0,1039.0,388,1,0,1,Pedestrian
18,1305.0,967.0,1324.0,1039.0,389,1,0,1,Pedestrian
18,1305.0,967.0,1324.0,1039.0,390,1,0,1,Pedestrian
18,1305.0,967.0,1324.0,1039.0,391,1,0,1,Pedestrian
18,1305.0,967.0,1324.0,1039.0,392,1,0,1,Pedestrian
18,1305.0,967.0,1324.0,1039.0,393,1,0,1,Pedestrian
18,1305.0,967.0,1324.0,1039.0,394,1,0,1,Pedestrian
18,1305.0,967.0,1324.0,1039.0,395,1,0,1,Pedestrian
18,1305.0,967.0,1324.0,1039.0,396,1,0,1,Pedestrian
18,1305.0,967.0,1324.0,1039.0,397,1,0,1,Pedestrian
18,1305.0,967.0,1324.0,1039.0,398,1,0,1,Pedestrian
18,1305.0,967.0,1324.0,1039.0,399,1,0,1,Pedestrian
18,1305.0,967.0,1324.0,1039.0,400,1,0,1,Pedestrian
18,1305.0,967.0,1324.0,1039.0,401,1,0,1,Pedestrian
18,1305.0,967.0,1324.0,1039.0,402,1,0,1,Pedestrian
18,1305.0,967.0,1324.0,1039.0,403,1,0,1,Pedestrian
18,1305.0,967.0,1324.0,1039.0,404,1,0,1,Pedestrian
18,1305.0,967.0,1324.0,1039.0,405,1,0,1,Pedestrian
18,1305.0,967.0,1324.0,1039.0,406,1,0,1,Pedestrian
18,1305.0,967.0,1324.0,1039.0,407,1,0,1,Pedestrian
18,1305.0,967.0,1324.0,1039.0,408,1,0,1,Pedestrian
18,1305.0,967.0,1324.0,1039.0,409,1,0,1,Pedestrian
18,1305.0,967.0,1324.0,1039.0,410,1,0,1,Pedestrian
18,1305.0,967.0,1324.0,1039.0,411,1,0,1,Pedestrian
18,1305.0,967.0,1324.0,1039.0,412,1,0,1,Pedestrian
18,1305.0,967.0,1324.0,1039.0,413,1,0,1,Pedestrian
18,1305.0,967.0,1324.0,1039.0,414,1,0,1,Pedestrian
18,1305.0,967.0,1324.0,1039.0,415,1,0,1,Pedestrian
18,1305.0,967.0,1324.0,1039.0,416,1,0,1,Pedestrian
18,1305.0,967.0,1324.0,1039.0,417,1,0,1,Pedestrian
18,1305.0,967.0,1324.0,1039.0,418,1,0,1,Pedestrian
18,1305.0,967.0,1324.0,1039.0,419,1,0,1,Pedestrian
18,1305.0,967.0,1324.0,1039.0,420,1,0,1,Pedestrian
18,1305.0,967.0,1324.0,1039.0,421,1,0,1,Pedestrian
18,1305.0,967.0,1324.0,1039.0,422,1,0,1,Pedestrian
18,1305.0,967.0,1324.0,1039.0,423,1,0,1,Pedestrian
18,1305.0,967.0,1324.0,1039.0,424,1,0,1,Pedestrian
18,1305.0,967.0,1324.0,1039.0,425,1,0,1,Pedestrian
18,1305.0,967.0,1324.0,1039.0,426,1,0,1,Pedestrian
18,1305.0,967.0,1324.0,1039.0,427,1,0,1,Pedestrian
18,1305.0,967.0,1324.0,1039.0,428,1,0,1,Pedestrian
18,1305.0,967.0,1324.0,1039.0,429,1,0,1,Pedestrian
18,1305.0,967.0,1324.0,1039.0,430,1,0,1,Pedestrian
18,1305.0,967.0,1324.0,1039.0,431,1,0,1,Pedestrian
18,1305.0,967.0,1324.0,1039.0,432,1,0,1,Pedestrian
18,1305.0,967.0,1324.0,1039.0,433,1,0,1,Pedestrian
18,1305.0,967.0,1324.0,1039.0,434,1,0,1,Pedestrian
18,1305.0,967.0,1324.0,1039.0,435,1,0,1,Pedestrian
18,1305.0,967.0,1324.0,1039.0,436,1,0,1,Pedestrian
18,1305.0,967.0,1324.0,1039.0,437,1,0,1,Pedestrian
18,1305.0,967.0,1324.0,1039.0,438,1,0,1,Pedestrian
18,1305.0,967.0,1324.0,1039.0,439,1,0,1,Pedestrian
18,1305.0,967.0,1324.0,1039.0,440,1,0,1,Pedestrian
18,1305.0,967.0,1324.0,1039.0,441,1,0,1,Pedestrian
18,1305.0,967.0,1324.0,1039.0,442,1,0,1,Pedestrian
18,1305.0,967.0,1324.0,1039.0,443,1,0,1,Pedestrian
18,1305.0,967.0,1324.0,1039.0,444,1,0,1,Pedestrian
18,1305.0,967.0,1324.0,1039.0,445,1,0,1,Pedestrian
18,1305.0,967.0,1324.0,1039.0,446,1,0,1,Pedestrian
18,1305.0,967.0,1324.0,1039.0,447,1,0,1,Pedestrian
18,1305.0,967.0,1324.0,1039.0,448,1,0,1,Pedestrian
18,1305.0,967.0,1324.0,1039.0,449,1,0,1,Pedestrian
18,1305.0,967.0,1324.0,1039.0,450,1,0,1,Pedestrian
18,1305.0,967.0,1324.0,1039.0,451,1,0,1,Pedestrian
18,1305.0,967.0,1324.0,1039.0,452,1,0,1,Pedestrian
18,1305.0,967.0,1324.0,1039.0,453,1,0,1,Pedestrian
18,1305.0,967.0,1324.0,1039.0,454,1,0,1,Pedestrian
18,1305.0,967.0,1324.0,1039.0,455,1,0,1,Pedestrian
18,1305.0,967.0,1324.0,1039.0,456,1,0,1,Pedestrian
18,1305.0,967.0,1324.0,1039.0,457,1,0,1,Pedestrian
18,1305.0,967.0,1324.0,1039.0,458,1,0,1,Pedestrian
18,1305.0,967.0,1324.0,1039.0,459,1,0,1,Pedestrian
18,1305.0,967.0,1324.0,1039.0,460,1,0,1,Pedestrian
18,1305.0,967.0,1324.0,1039.0,461,1,0,1,Pedestrian
18,1305.0,967.0,1324.0,1039.0,462,1,0,1,Pedestrian
18,1305.0,967.0,1324.0,1039.0,463,1,0,1,Pedestrian
18,1305.0,967.0,1324.0,1039.0,464,1,0,1,Pedestrian
18,1305.0,967.0,1324.0,1039.0,465,1,0,1,Pedestrian
18,1305.0,967.0,1324.0,1039.0,466,1,0,1,Pedestrian
18,1305.0,967.0,1324.0,1039.0,467,1,0,1,Pedestrian
18,1305.0,967.0,1324.0,1039.0,468,1,0,1,Pedestrian
18,1305.0,967.0,1324.0,1039.0,469,1,0,1,Pedestrian
18,1305.0,967.0,1324.0,1039.0,470,1,0,1,Pedestrian
18,1305.0,967.0,1324.0,1039.0,471,1,0,1,Pedestrian
18,1305.0,967.0,1324.0,1039.0,472,1,0,1,Pedestrian
18,1305.0,967.0,1324.0,1039.0,473,1,0,1,Pedestrian
18,1305.0,967.0,1324.0,1039.0,474,1,0,1,Pedestrian
18,1305.0,967.0,1324.0,1039.0,475,1,0,1,Pedestrian
18,1305.0,967.0,1324.0,1039.0,476,1,0,1,Pedestrian
18,1305.0,967.0,1324.0,1039.0,477,1,0,1,Pedestrian
18,1305.0,967.0,1324.0,1039.0,478,1,0,1,Pedestrian
18,1305.0,967.0,1324.0,1039.0,479,1,0,1,Pedestrian
18,1305.0,967.0,1324.0,1039.0,480,1,0,1,Pedestrian
18,1305.0,967.0,1324.0,1039.0,481,1,0,1,Pedestrian
18,1305.0,967.0,1324.0,1039.0,482,1,0,1,Pedestrian
18,1305.0,967.0,1324.0,1039.0,483,1,0,1,Pedestrian
18,1305.0,967.0,1324.0,1039.0,484,1,0,1,Pedestrian
18,1305.0,967.0,1324.0,1039.0,485,1,0,1,Pedestrian
18,1305.0,967.0,1324.0,1039.0,486,1,0,1,Pedestrian
18,1305.0,967.0,1324.0,1039.0,487,1,0,1,Pedestrian
18,1305.0,967.0,1324.0,1039.0,488,1,0,1,Pedestrian
18,1305.0,967.0,1324.0,1039.0,489,1,0,1,Pedestrian
18,1305.0,967.0,1324.0,1039.0,490,1,0,1,Pedestrian
18,1305.0,967.0,1324.0,1039.0,491,1,0,1,Pedestrian
18,1305.0,967.0,1324.0,1039.0,492,1,0,1,Pedestrian
18,1305.0,967.0,1324.0,1039.0,493,1,0,1,Pedestrian
18,1305.0,967.0,1324.0,1039.0,494,1,0,1,Pedestrian
18,1305.0,967.0,1324.0,1039.0,495,1,0,1,Pedestrian
18,1305.0,967.0,1324.0,1039.0,496,1,0,1,Pedestrian
18,1305.0,967.0,1324.0,1039.0,497,1,0,1,Pedestrian
18,1305.0,967.0,1324.0,1039.0,498,1,0,1,Pedestrian
18,1305.0,967.0,1324.0,1039.0,499,1,0,1,Pedestrian
18,1305.0,967.0,1324.0,1039.0,500,1,0,1,Pedestrian
18,1305.0,967.0,1324.0,1039.0,501,1,0,1,Pedestrian
18,1305.0,967.0,1324.0,1039.0,502,1,0,1,Pedestrian
18,1305.0,967.0,1324.0,1039.0,503,1,0,1,Pedestrian
18,1305.0,967.0,1324.0,1039.0,504,1,0,1,Pedestrian
18,1305.0,967.0,1324.0,1039.0,505,1,0,1,Pedestrian
18,1305.0,967.0,1324.0,1039.0,506,1,0,1,Pedestrian
18,1305.0,967.0,1324.0,1039.0,507,1,0,1,Pedestrian
18,1305.0,967.0,1324.0,1039.0,508,1,0,1,Pedestrian
18,1305.0,967.0,1324.0,1039.0,509,1,0,1,Pedestrian
18,1305.0,967.0,1324.0,1039.0,510,1,0,1,Pedestrian
18,1305.0,967.0,1324.0,1039.0,511,1,0,1,Pedestrian
18,1305.0,967.0,1324.0,1039.0,512,1,0,1,Pedestrian
18,1305.0,967.0,1324.0,1039.0,513,1,0,1,Pedestrian
18,1305.0,967.0,1324.0,1039.0,514,1,0,1,Pedestrian
18,1305.0,967.0,1324.0,1039.0,515,1,0,1,Pedestrian
18,1305.0,967.0,1324.0,1039.0,516,1,0,1,Pedestrian
18,1305.0,967.0,1324.0,1039.0,517,1,0,1,Pedestrian
18,1305.0,967.0,1324.0,1039.0,518,1,0,1,Pedestrian
18,1305.0,967.0,1324.0,1039.0,519,1,0,1,Pedestrian
18,1305.0,967.0,1324.0,1039.0,520,1,0,1,Pedestrian
18,1305.0,967.0,1324.0,1039.0,521,1,0,1,Pedestrian
18,1305.0,967.0,1324.0,1039.0,522,1,0,1,Pedestrian
18,1305.0,967.0,1324.0,1039.0,523,1,0,1,Pedestrian
18,1305.0,967.0,1324.0,1039.0,524,1,0,1,Pedestrian
18,1305.0,967.0,1324.0,1039.0,525,1,0,1,Pedestrian
18,1305.0,967.0,1324.0,1039.0,526,1,0,1,Pedestrian
18,1305.0,967.0,1324.0,1039.0,527,1,0,1,Pedestrian
18,1305.0,967.0,1324.0,1039.0,528,1,0,1,Pedestrian
18,1305.0,967.0,1324.0,1039.0,529,1,0,1,Pedestrian
18,1305.0,967.0,1324.0,1039.0,530,1,0,1,Pedestrian
18,1305.0,967.0,1324.0,1039.0,531,1,0,0,Pedestrian
19,110.0,1168.0,202.0,1269.0,1500,1,0,0,Skater
19,108.0,1168.0,200.0,1269.0,1501,1,0,1,Skater
19,108.0,1168.0,200.0,1269.0,1502,1,0,1,Skater
19,108.0,1168.0,200.0,1269.0,1503,1,0,1,Skater
19,108.0,1168.0,200.0,1269.0,1504,1,0,1,Skater
19,108.0,1168.0,200.0,1269.0,1505,1,0,1,Skater
19,108.0,1168.0,198.0,1269.0,1506,1,0,1,Skater
19,106.0,1168.0,198.0,1269.0,1507,1,0,1,Skater
19,106.0,1168.0,198.0,1269.0,1508,1,0,1,Skater
19,106.0,1168.0,198.0,1269.0,1509,1,0,1,Skater
19,106.0,1168.0,198.0,1269.0,1510,1,0,1,Skater
19,106.0,1168.0,198.0,1269.0,1511,1,0,1,Skater
19,106.0,1168.0,197.0,1269.0,1512,1,0,1,Skater
19,106.0,1168.0,197.0,1269.0,1513,1,0,1,Skater
19,104.0,1168.0,197.0,1269.0,1514,1,0,1,Skater
19,104.0,1168.0,197.0,1269.0,1515,1,0,1,Skater
19,104.0,1168.0,197.0,1269.0,1516,1,0,1,Skater
19,104.0,1168.0,195.0,1269.0,1517,1,0,1,Skater
19,104.0,1168.0,195.0,1269.0,1518,1,0,1,Skater
19,104.0,1168.0,195.0,1269.0,1519,1,0,1,Skater
19,104.0,1168.0,195.0,1269.0,1520,1,0,1,Skater
19,103.0,1168.0,195.0,1269.0,1521,1,0,1,Skater
19,103.0,1168.0,195.0,1269.0,1522,1,0,1,Skater
19,103.0,1168.0,193.0,1269.0,1523,1,0,1,Skater
19,103.0,1168.0,193.0,1269.0,1524,1,0,1,Skater
19,103.0,1168.0,193.0,1269.0,1525,1,0,1,Skater
19,103.0,1168.0,193.0,1269.0,1526,1,0,1,Skater
19,101.0,1168.0,193.0,1269.0,1527,1,0,1,Skater
19,101.0,1168.0,193.0,1269.0,1528,1,0,1,Skater
19,101.0,1168.0,191.0,1269.0,1529,1,0,1,Skater
19,101.0,1168.0,191.0,1269.0,1530,1,0,1,Skater
19,101.0,1168.0,191.0,1269.0,1531,1,0,1,Skater
19,101.0,1168.0,191.0,1269.0,1532,1,0,1,Skater
19,101.0,1168.0,191.0,1269.0,1533,1,0,1,Skater
19,99.0,1168.0,189.0,1269.0,1534,1,0,1,Skater
19,99.0,1168.0,189.0,1269.0,1535,1,0,1,Skater
19,99.0,1168.0,189.0,1269.0,1536,1,0,1,Skater
19,99.0,1168.0,189.0,1269.0,1537,1,0,1,Skater
19,99.0,1168.0,189.0,1269.0,1538,1,0,1,Skater
19,99.0,1168.0,189.0,1269.0,1539,1,0,1,Skater
19,99.0,1168.0,187.0,1269.0,1540,1,0,1,Skater
19,97.0,1168.0,187.0,1269.0,1541,1,0,1,Skater
19,97.0,1168.0,187.0,1269.0,1542,1,0,1,Skater
19,97.0,1168.0,187.0,1269.0,1543,1,0,1,Skater
19,97.0,1168.0,187.0,1269.0,1544,1,0,1,Skater
19,97.0,1168.0,187.0,1269.0,1545,1,0,1,Skater
19,97.0,1168.0,186.0,1269.0,1546,1,0,1,Skater
19,95.0,1168.0,186.0,1269.0,1547,1,0,1,Skater
19,95.0,1168.0,186.0,1269.0,1548,1,0,1,Skater
19,95.0,1168.0,186.0,1269.0,1549,1,0,1,Skater
19,95.0,1168.0,186.0,1269.0,1550,1,0,1,Skater
19,95.0,1168.0,184.0,1269.0,1551,1,0,1,Skater
19,95.0,1168.0,184.0,1269.0,1552,1,0,1,Skater
19,95.0,1168.0,184.0,1269.0,1553,1,0,1,Skater
19,93.0,1168.0,184.0,1269.0,1554,1,0,1,Skater
19,93.0,1168.0,184.0,1269.0,1555,1,0,1,Skater
19,93.0,1168.0,184.0,1269.0,1556,1,0,1,Skater
19,93.0,1168.0,182.0,1269.0,1557,1,0,1,Skater
19,93.0,1168.0,182.0,1269.0,1558,1,0,1,Skater
19,93.0,1168.0,182.0,1269.0,1559,1,0,1,Skater
19,93.0,1168.0,182.0,1269.0,1560,1,0,1,Skater
19,92.0,1168.0,182.0,1269.0,1561,1,0,1,Skater
19,92.0,1168.0,180.0,1269.0,1562,1,0,1,Skater
19,92.0,1168.0,180.0,1269.0,1563,1,0,1,Skater
19,92.0,1168.0,180.0,1269.0,1564,1,0,1,Skater
19,92.0,1168.0,180.0,1269.0,1565,1,0,1,Skater
19,92.0,1168.0,180.0,1269.0,1566,1,0,1,Skater
19,90.0,1168.0,180.0,1269.0,1567,1,0,1,Skater
19,90.0,1168.0,178.0,1269.0,1568,1,0,1,Skater
19,90.0,1168.0,178.0,1269.0,1569,1,0,1,Skater
19,90.0,1168.0,178.0,1269.0,1570,1,0,1,Skater
19,90.0,1168.0,178.0,1269.0,1571,1,0,1,Skater
19,90.0,1168.0,178.0,1269.0,1572,1,0,1,Skater
19,90.0,1168.0,178.0,1269.0,1573,1,0,1,Skater
19,88.0,1168.0,176.0,1269.0,1574,1,0,1,Skater
19,88.0,1168.0,176.0,1269.0,1575,1,0,1,Skater
19,88.0,1168.0,176.0,1269.0,1576,1,0,1,Skater
19,88.0,1168.0,176.0,1269.0,1577,1,0,1,Skater
19,88.0,1168.0,176.0,1269.0,1578,1,0,1,Skater
19,88.0,1168.0,174.0,1269.0,1579,1,0,1,Skater
19,88.0,1168.0,174.0,1269.0,1580,1,0,1,Skater
19,86.0,1168.0,174.0,1269.0,1581,1,0,1,Skater
19,86.0,1168.0,174.0,1269.0,1582,1,0,1,Skater
19,86.0,1168.0,174.0,1269.0,1583,1,0,1,Skater
19,86.0,1168.0,174.0,1269.0,1584,1,0,1,Skater
19,86.0,1168.0,173.0,1269.0,1585,1,0,1,Skater
19,86.0,1168.0,173.0,1269.0,1586,1,0,1,Skater
19,84.0,1168.0,173.0,1269.0,1587,1,0,1,Skater
19,84.0,1168.0,173.0,1269.0,1588,1,0,1,Skater
19,84.0,1168.0,173.0,1269.0,1589,1,0,1,Skater
19,84.0,1168.0,173.0,1269.0,1590,1,0,1,Skater
19,84.0,1168.0,171.0,1269.0,1591,1,0,1,Skater
19,84.0,1168.0,171.0,1269.0,1592,1,0,1,Skater
19,84.0,1168.0,171.0,1269.0,1593,1,0,1,Skater
19,82.0,1168.0,171.0,1269.0,1594,1,0,1,Skater
19,82.0,1168.0,171.0,1269.0,1595,1,0,1,Skater
19,82.0,1168.0,169.0,1269.0,1596,1,0,1,Skater
19,82.0,1168.0,169.0,1269.0,1597,1,0,1,Skater
19,82.0,1168.0,169.0,1269.0,1598,1,0,1,Skater
19,82.0,1168.0,169.0,1269.0,1599,1,0,1,Skater
19,82.0,1168.0,169.0,1269.0,1600,1,0,1,Skater
19,81.0,1168.0,169.0,1269.0,1601,1,0,1,Skater
19,81.0,1168.0,167.0,1269.0,1602,1,0,1,Skater
19,81.0,1168.0,167.0,1269.0,1603,1,0,1,Skater
19,81.0,1168.0,167.0,1269.0,1604,1,0,1,Skater
19,81.0,1168.0,167.0,1269.0,1605,1,0,1,Skater
19,81.0,1168.0,167.0,1269.0,1606,1,0,1,Skater
19,79.0,1168.0,167.0,1269.0,1607,1,0,1,Skater
19,79.0,1168.0,165.0,1269.0,1608,1,0,1,Skater
19,79.0,1168.0,165.0,1269.0,1609,1,0,1,Skater
19,79.0,1168.0,165.0,1269.0,1610,1,0,1,Skater
19,79.0,1168.0,165.0,1269.0,1611,1,0,1,Skater
19,79.0,1168.0,165.0,1269.0,1612,1,0,1,Skater
19,79.0,1168.0,163.0,1269.0,1613,1,0,1,Skater
19,77.0,1168.0,163.0,1269.0,1614,1,0,1,Skater
19,77.0,1168.0,163.0,1269.0,1615,1,0,1,Skater
19,77.0,1168.0,163.0,1269.0,1616,1,0,1,Skater
19,77.0,1168.0,163.0,1269.0,1617,1,0,1,Skater
19,77.0,1168.0,163.0,1269.0,1618,1,0,1,Skater
19,77.0,1168.0,162.0,1269.0,1619,1,0,1,Skater
19,77.0,1168.0,162.0,1269.0,1620,1,0,1,Skater
19,75.0,1168.0,162.0,1269.0,1621,1,0,1,Skater
19,75.0,1168.0,162.0,1269.0,1622,1,0,1,Skater
19,75.0,1168.0,162.0,1269.0,1623,1,0,1,Skater
19,75.0,1168.0,160.0,1269.0,1624,1,0,1,Skater
19,75.0,1168.0,160.0,1269.0,1625,1,0,1,Skater
19,75.0,1168.0,160.0,1269.0,1626,1,0,1,Skater
19,73.0,1168.0,160.0,1269.0,1627,1,0,1,Skater
19,73.0,1168.0,160.0,1269.0,1628,1,0,1,Skater
19,73.0,1168.0,160.0,1269.0,1629,1,0,1,Skater
19,73.0,1168.0,158.0,1269.0,1630,1,0,1,Skater
19,73.0,1168.0,158.0,1269.0,1631,1,0,1,Skater
19,73.0,1168.0,158.0,1269.0,1632,1,0,1,Skater
19,73.0,1168.0,158.0,1269.0,1633,1,0,1,Skater
19,71.0,1168.0,158.0,1269.0,1634,1,0,1,Skater
19,71.0,1168.0,158.0,1269.0,1635,1,0,1,Skater
19,71.0,1168.0,156.0,1269.0,1636,1,0,1,Skater
19,71.0,1168.0,156.0,1269.0,1637,1,0,1,Skater
19,71.0,1168.0,156.0,1269.0,1638,1,0,1,Skater
19,71.0,1168.0,156.0,1269.0,1639,1,0,1,Skater
19,71.0,1168.0,156.0,1269.0,1640,1,0,1,Skater
19,69.0,1168.0,154.0,1269.0,1641,1,0,1,Skater
19,69.0,1168.0,154.0,1269.0,1642,1,0,1,Skater
19,69.0,1168.0,154.0,1269.0,1643,1,0,1,Skater
19,69.0,1168.0,154.0,1269.0,1644,1,0,1,Skater
19,69.0,1168.0,154.0,1269.0,1645,1,0,1,Skater
19,69.0,1168.0,154.0,1269.0,1646,1,0,1,Skater
19,68.0,1168.0,152.0,1269.0,1647,1,0,1,Skater
19,68.0,1168.0,152.0,1269.0,1648,1,0,1,Skater
19,68.0,1168.0,152.0,1269.0,1649,1,0,1,Skater
19,68.0,1168.0,152.0,1269.0,1650,1,0,1,Skater
19,68.0,1168.0,152.0,1269.0,1651,1,0,1,Skater
19,68.0,1168.0,152.0,1269.0,1652,1,0,1,Skater
19,68.0,1168.0,151.0,1269.0,1653,1,0,1,Skater
19,66.0,1168.0,151.0,1269.0,1654,1,0,1,Skater
19,66.0,1168.0,151.0,1269.0,1655,1,0,1,Skater
19,66.0,1168.0,151.0,1269.0,1656,1,0,1,Skater
19,66.0,1168.0,151.0,1269.0,1657,1,0,1,Skater
19,66.0,1168.0,149.0,1269.0,1658,1,0,1,Skater
19,66.0,1168.0,149.0,1269.0,1659,1,0,1,Skater
19,66.0,1168.0,149.0,1269.0,1660,1,0,1,Skater
19,64.0,1168.0,149.0,1269.0,1661,1,0,1,Skater
19,64.0,1168.0,149.0,1269.0,1662,1,0,1,Skater
19,64.0,1168.0,149.0,1269.0,1663,1,0,1,Skater
19,64.0,1168.0,147.0,1269.0,1664,1,0,1,Skater
19,64.0,1168.0,147.0,1269.0,1665,1,0,1,Skater
19,64.0,1168.0,147.0,1269.0,1666,1,0,1,Skater
19,62.0,1168.0,147.0,1269.0,1667,1,0,1,Skater
19,62.0,1168.0,147.0,1269.0,1668,1,0,1,Skater
19,62.0,1168.0,147.0,1269.0,1669,1,0,1,Skater
19,62.0,1168.0,145.0,1269.0,1670,1,0,1,Skater
19,62.0,1168.0,145.0,1269.0,1671,1,0,1,Skater
19,62.0,1168.0,145.0,1269.0,1672,1,0,1,Skater
19,62.0,1168.0,145.0,1269.0,1673,1,0,1,Skater
19,60.0,1168.0,145.0,1269.0,1674,1,0,1,Skater
19,60.0,1168.0,143.0,1269.0,1675,1,0,1,Skater
19,60.0,1168.0,143.0,1269.0,1676,1,0,1,Skater
19,60.0,1168.0,143.0,1269.0,1677,1,0,1,Skater
19,60.0,1168.0,143.0,1269.0,1678,1,0,1,Skater
19,60.0,1168.0,143.0,1269.0,1679,1,0,1,Skater
19,60.0,1168.0,143.0,1269.0,1680,1,0,1,Skater
19,58.0,1168.0,141.0,1269.0,1681,1,0,1,Skater
19,58.0,1168.0,141.0,1269.0,1682,1,0,1,Skater
19,58.0,1168.0,141.0,1269.0,1683,1,0,1,Skater
19,58.0,1168.0,141.0,1269.0,1684,1,0,1,Skater
19,58.0,1168.0,141.0,1269.0,1685,1,0,1,Skater
19,58.0,1168.0,139.0,1269.0,1686,1,0,1,Skater
19,57.0,1168.0,139.0,1269.0,1687,1,0,1,Skater
19,57.0,1168.0,139.0,1269.0,1688,1,0,1,Skater
19,57.0,1168.0,139.0,1269.0,1689,1,0,1,Skater
19,57.0,1168.0,139.0,1269.0,1690,1,0,1,Skater
19,57.0,1168.0,139.0,1269.0,1691,1,0,1,Skater
19,57.0,1168.0,138.0,1269.0,1692,1,0,1,Skater
19,57.0,1168.0,138.0,1269.0,1693,1,0,1,Skater
19,55.0,1168.0,138.0,1269.0,1694,1,0,1,Skater
19,55.0,1168.0,138.0,1269.0,1695,1,0,1,Skater
19,55.0,1168.0,138.0,1269.0,1696,1,0,1,Skater
19,55.0,1168.0,138.0,1269.0,1697,1,0,1,Skater
19,55.0,1168.0,136.0,1269.0,1698,1,0,1,Skater
19,55.0,1168.0,136.0,1269.0,1699,1,0,1,Skater
19,55.0,1168.0,136.0,1269.0,1700,1,0,1,Skater
19,53.0,1168.0,136.0,1269.0,1701,1,0,1,Skater
19,53.0,1168.0,136.0,1269.0,1702,1,0,1,Skater
19,53.0,1168.0,134.0,1269.0,1703,1,0,1,Skater
19,53.0,1168.0,134.0,1269.0,1704,1,0,1,Skater
19,53.0,1168.0,134.0,1269.0,1705,1,0,1,Skater
19,53.0,1168.0,134.0,1269.0,1706,1,0,1,Skater
19,51.0,1168.0,134.0,1269.0,1707,1,0,1,Skater
19,51.0,1168.0,134.0,1269.0,1708,1,0,1,Skater
19,51.0,1168.0,132.0,1269.0,1709,1,0,1,Skater
19,51.0,1168.0,132.0,1269.0,1710,1,0,1,Skater
19,51.0,1168.0,132.0,1269.0,1711,1,0,1,Skater
19,51.0,1168.0,132.0,1269.0,1712,1,0,1,Skater
19,51.0,1168.0,132.0,1269.0,1713,1,0,1,Skater
19,49.0,1168.0,132.0,1269.0,1714,1,0,1,Skater
19,49.0,1168.0,130.0,1269.0,1715,1,0,1,Skater
19,49.0,1168.0,130.0,1269.0,1716,1,0,1,Skater
19,49.0,1168.0,130.0,1269.0,1717,1,0,1,Skater
19,49.0,1168.0,130.0,1269.0,1718,1,0,1,Skater
19,49.0,1168.0,130.0,1269.0,1719,1,0,1,Skater
19,49.0,1168.0,128.0,1269.0,1720,1,0,1,Skater
19,47.0,1168.0,128.0,1269.0,1721,1,0,1,Skater
19,47.0,1168.0,128.0,1269.0,1722,1,0,1,Skater
19,47.0,1168.0,128.0,1269.0,1723,1,0,1,Skater
19,47.0,1168.0,128.0,1269.0,1724,1,0,1,Skater
19,47.0,1168.0,128.0,1269.0,1725,1,0,1,Skater
19,47.0,1168.0,127.0,1269.0,1726,1,0,1,Skater
19,46.0,1168.0,127.0,1269.0,1727,1,0,1,Skater
19,46.0,1168.0,127.0,1269.0,1728,1,0,1,Skater
19,46.0,1168.0,127.0,1269.0,1729,1,0,1,Skater
19,46.0,1168.0,127.0,1269.0,1730,1,0,1,Skater
19,46.0,1168.0,125.0,1269.0,1731,1,0,1,Skater
19,46.0,1168.0,125.0,1269.0,1732,1,0,1,Skater
19,46.0,1168.0,125.0,1269.0,1733,1,0,1,Skater
19,44.0,1168.0,125.0,1269.0,1734,1,0,1,Skater
19,44.0,1168.0,125.0,1269.0,1735,1,0,1,Skater
19,44.0,1168.0,125.0,1269.0,1736,1,0,1,Skater
19,44.0,1168.0,123.0,1269.0,1737,1,0,1,Skater
19,44.0,1168.0,123.0,1269.0,1738,1,0,1,Skater
19,44.0,1168.0,123.0,1269.0,1739,1,0,1,Skater
19,44.0,1168.0,123.0,1269.0,1740,1,0,1,Skater
19,42.0,1168.0,123.0,1269.0,1741,1,0,1,Skater
19,42.0,1168.0,123.0,1269.0,1742,1,0,1,Skater
19,42.0,1168.0,121.0,1269.0,1743,1,0,1,Skater
19,42.0,1168.0,121.0,1269.0,1744,1,0,1,Skater
19,42.0,1168.0,121.0,1269.0,1745,1,0,1,Skater
19,42.0,1168.0,121.0,1269.0,1746,1,0,1,Skater
19,40.0,1168.0,121.0,1269.0,1747,1,0,1,Skater
19,40.0,1168.0,119.0,1269.0,1748,1,0,1,Skater
19,40.0,1168.0,119.0,1269.0,1749,1,0,1,Skater
19,40.0,1168.0,119.0,1269.0,1750,1,0,1,Skater
19,40.0,1168.0,119.0,1269.0,1751,1,0,1,Skater
19,40.0,1168.0,119.0,1269.0,1752,1,0,1,Skater
19,40.0,1168.0,119.0,1269.0,1753,1,0,1,Skater
19,38.0,1168.0,117.0,1269.0,1754,1,0,1,Skater
19,38.0,1168.0,117.0,1269.0,1755,1,0,1,Skater
19,38.0,1168.0,117.0,1269.0,1756,1,0,1,Skater
19,38.0,1168.0,117.0,1269.0,1757,1,0,1,Skater
19,38.0,1168.0,117.0,1269.0,1758,1,0,1,Skater
19,38.0,1168.0,117.0,1269.0,1759,1,0,1,Skater
19,38.0,1168.0,116.0,1269.0,1760,1,0,1,Skater
19,36.0,1168.0,116.0,1269.0,1761,1,0,1,Skater
19,36.0,1168.0,116.0,1269.0,1762,1,0,1,Skater
19,36.0,1168.0,116.0,1269.0,1763,1,0,1,Skater
19,36.0,1168.0,116.0,1269.0,1764,1,0,1,Skater
19,36.0,1168.0,114.0,1269.0,1765,1,0,1,Skater
19,36.0,1168.0,114.0,1269.0,1766,1,0,1,Skater
19,34.0,1168.0,114.0,1269.0,1767,1,0,1,Skater
19,34.0,1168.0,114.0,1269.0,1768,1,0,1,Skater
19,34.0,1168.0,114.0,1269.0,1769,1,0,1,Skater
19,34.0,1168.0,114.0,1269.0,1770,1,0,1,Skater
19,34.0,1168.0,112.0,1269.0,1771,1,0,1,Skater
19,34.0,1168.0,112.0,1269.0,1772,1,0,1,Skater
19,34.0,1168.0,112.0,1269.0,1773,1,0,1,Skater
19,33.0,1168.0,112.0,1269.0,1774,1,0,1,Skater
19,33.0,1168.0,112.0,1269.0,1775,1,0,1,Skater
19,33.0,1168.0,112.0,1269.0,1776,1,0,1,Skater
19,33.0,1168.0,110.0,1269.0,1777,1,0,1,Skater
19,33.0,1168.0,110.0,1269.0,1778,1,0,1,Skater
19,33.0,1168.0,110.0,1269.0,1779,1,0,1,Skater
19,33.0,1168.0,110.0,1269.0,1780,1,0,1,Skater
19,31.0,1168.0,110.0,1269.0,1781,1,0,1,Skater
19,31.0,1168.0,108.0,1269.0,1782,1,0,1,Skater
19,31.0,1168.0,108.0,1269.0,1783,1,0,1,Skater
19,31.0,1168.0,108.0,1269.0,1784,1,0,1,Skater
19,31.0,1168.0,108.0,1269.0,1785,1,0,1,Skater
19,31.0,1168.0,108.0,1269.0,1786,1,0,1,Skater
19,29.0,1168.0,108.0,1269.0,1787,1,0,1,Skater
19,29.0,1168.0,106.0,1269.0,1788,1,0,1,Skater
19,29.0,1168.0,106.0,1269.0,1789,1,0,1,Skater
19,29.0,1168.0,106.0,1269.0,1790,1,0,1,Skater
19,29.0,1168.0,106.0,1269.0,1791,1,0,1,Skater
19,29.0,1168.0,106.0,1269.0,1792,1,0,1,Skater
19,29.0,1168.0,104.0,1269.0,1793,1,0,1,Skater
19,27.0,1168.0,104.0,1269.0,1794,1,0,1,Skater
19,27.0,1168.0,104.0,1269.0,1795,1,0,1,Skater
19,27.0,1168.0,104.0,1269.0,1796,1,0,1,Skater
19,27.0,1168.0,104.0,1269.0,1797,1,0,1,Skater
19,27.0,1168.0,104.0,1269.0,1798,1,0,1,Skater
19,27.0,1168.0,103.0,1269.0,1799,1,0,1,Skater
19,27.0,1168.0,103.0,1269.0,1800,1,0,1,Skater
19,25.0,1168.0,103.0,1269.0,1801,1,0,1,Skater
19,25.0,1168.0,103.0,1269.0,1802,1,0,1,Skater
19,25.0,1168.0,103.0,1269.0,1803,1,0,1,Skater
19,25.0,1168.0,103.0,1269.0,1804,1,0,1,Skater
19,25.0,1168.0,101.0,1269.0,1805,1,0,1,Skater
19,25.0,1168.0,101.0,1269.0,1806,1,0,1,Skater
19,23.0,1168.0,101.0,1269.0,1807,1,0,1,Skater
19,23.0,1168.0,101.0,1269.0,1808,1,0,1,Skater
19,23.0,1168.0,101.0,1269.0,1809,1,0,1,Skater
19,23.0,1168.0,99.0,1269.0,1810,1,0,1,Skater
19,23.0,1168.0,99.0,1269.0,1811,1,0,1,Skater
19,23.0,1168.0,99.0,1269.0,1812,1,0,1,Skater
19,23.0,1168.0,99.0,1269.0,1813,1,0,1,Skater
19,22.0,1168.0,99.0,1269.0,1814,1,0,1,Skater
19,22.0,1168.0,99.0,1269.0,1815,1,0,1,Skater
19,22.0,1168.0,97.0,1269.0,1816,1,0,1,Skater
19,22.0,1168.0,97.0,1269.0,1817,1,0,1,Skater
19,22.0,1168.0,97.0,1269.0,1818,1,0,1,Skater
19,22.0,1168.0,97.0,1269.0,1819,1,0,1,Skater
19,22.0,1168.0,97.0,1269.0,1820,1,0,1,Skater
19,20.0,1168.0,97.0,1269.0,1821,1,0,1,Skater
19,20.0,1168.0,95.0,1269.0,1822,1,0,1,Skater
19,20.0,1168.0,95.0,1269.0,1823,1,0,1,Skater
19,20.0,1168.0,95.0,1269.0,1824,1,0,1,Skater
19,20.0,1168.0,95.0,1269.0,1825,1,0,1,Skater
19,20.0,1168.0,95.0,1269.0,1826,1,0,1,Skater
19,18.0,1168.0,93.0,1269.0,1827,1,0,1,Skater
19,18.0,1168.0,93.0,1269.0,1828,1,0,1,Skater
19,18.0,1168.0,93.0,1269.0,1829,1,0,1,Skater
19,18.0,1168.0,93.0,1269.0,1830,1,0,1,Skater
19,18.0,1168.0,93.0,1269.0,1831,1,0,1,Skater
19,18.0,1168.0,93.0,1269.0,1832,1,0,1,Skater
19,18.0,1168.0,92.0,1269.0,1833,1,0,1,Skater
19,16.0,1168.0,92.0,1269.0,1834,1,0,1,Skater
19,16.0,1168.0,92.0,1269.0,1835,1,0,1,Skater
19,16.0,1168.0,92.0,1269.0,1836,1,0,1,Skater
19,16.0,1168.0,92.0,1269.0,1837,1,0,1,Skater
19,16.0,1168.0,92.0,1269.0,1838,1,0,1,Skater
19,16.0,1168.0,90.0,1269.0,1839,1,0,1,Skater
19,16.0,1168.0,90.0,1269.0,1840,1,0,1,Skater
19,14.0,1168.0,90.0,1269.0,1841,1,0,1,Skater
19,14.0,1168.0,90.0,1269.0,1842,1,0,1,Skater
19,14.0,1168.0,90.0,1269.0,1843,1,0,1,Skater
19,14.0,1168.0,88.0,1269.0,1844,1,0,1,Skater
19,14.0,1168.0,88.0,1269.0,1845,1,0,1,Skater
19,14.0,1168.0,88.0,1269.0,1846,1,0,1,Skater
19,12.0,1168.0,88.0,1269.0,1847,1,0,1,Skater
19,12.0,1168.0,88.0,1269.0,1848,1,0,1,Skater
19,12.0,1168.0,88.0,1269.0,1849,1,0,1,Skater
19,12.0,1168.0,86.0,1269.0,1850,1,0,1,Skater
19,12.0,1168.0,86.0,1269.0,1851,1,0,1,Skater
19,12.0,1168.0,86.0,1269.0,1852,1,0,1,Skater
19,12.0,1168.0,86.0,1269.0,1853,1,0,1,Skater
19,11.0,1168.0,86.0,1269.0,1854,1,0,1,Skater
19,11.0,1168.0,84.0,1269.0,1855,1,0,1,Skater
19,11.0,1168.0,84.0,1269.0,1856,1,0,1,Skater
19,11.0,1168.0,84.0,1269.0,1857,1,0,1,Skater
19,11.0,1168.0,84.0,1269.0,1858,1,0,1,Skater
19,11.0,1168.0,84.0,1269.0,1859,1,0,1,Skater
19,11.0,1168.0,84.0,1269.0,1860,1,0,1,Skater
19,9.0,1168.0,82.0,1269.0,1861,1,0,1,Skater
19,9.0,1168.0,82.0,1269.0,1862,1,0,1,Skater
19,9.0,1168.0,82.0,1269.0,1863,1,0,1,Skater
19,9.0,1168.0,82.0,1269.0,1864,1,0,1,Skater
19,9.0,1168.0,82.0,1269.0,1865,1,0,1,Skater
19,9.0,1168.0,82.0,1269.0,1866,1,0,1,Skater
19,7.0,1168.0,81.0,1269.0,1867,1,0,1,Skater
19,7.0,1168.0,81.0,1269.0,1868,1,0,1,Skater
19,7.0,1168.0,81.0,1269.0,1869,1,0,1,Skater
19,7.0,1168.0,81.0,1269.0,1870,1,0,1,Skater
19,7.0,1168.0,81.0,1269.0,1871,1,0,1,Skater
19,7.0,1168.0,79.0,1269.0,1872,1,0,1,Skater
19,7.0,1168.0,79.0,1269.0,1873,1,0,1,Skater
19,5.0,1168.0,79.0,1269.0,1874,1,0,1,Skater
19,5.0,1168.0,79.0,1269.0,1875,1,0,1,Skater
19,5.0,1168.0,79.0,1269.0,1876,1,0,1,Skater
19,5.0,1168.0,79.0,1269.0,1877,1,0,1,Skater
19,5.0,1168.0,77.0,1269.0,1878,1,0,1,Skater
19,5.0,1168.0,77.0,1269.0,1879,1,0,1,Skater
19,5.0,1168.0,77.0,1269.0,1880,1,0,1,Skater
19,3.0,1168.0,77.0,1269.0,1881,1,0,1,Skater
19,3.0,1168.0,77.0,1269.0,1882,1,0,1,Skater
19,3.0,1168.0,77.0,1269.0,1883,1,0,1,Skater
19,3.0,1168.0,75.0,1269.0,1884,1,0,1,Skater
19,3.0,1168.0,75.0,1269.0,1885,1,0,1,Skater
19,3.0,1168.0,75.0,1269.0,1886,1,0,1,Skater
19,1.0,1168.0,75.0,1269.0,1887,1,0,1,Skater
19,1.0,1168.0,75.0,1269.0,1888,1,0,1,Skater
19,1.0,1168.0,73.0,1269.0,1889,1,0,1,Skater
19,1.0,1168.0,73.0,1269.0,1890,1,0,1,Skater
19,1.0,1168.0,73.0,1269.0,1891,1,0,1,Skater
19,1.0,1168.0,73.0,1269.0,1892,1,0,1,Skater
19,1.0,1168.0,73.0,1269.0,1893,1,0,1,Skater
19,0.0,1168.0,73.0,1269.0,1894,1,0,1,Skater
19,0.0,1168.0,71.0,1269.0,1895,1,0,1,Skater
19,0.0,1168.0,71.0,1269.0,1896,1,0,1,Skater
19,0.0,1168.0,71.0,1269.0,1897,1,0,1,Skater
19,0.0,1168.0,71.0,1269.0,1898,1,0,1,Skater
19,0.0,1168.0,71.0,1269.0,1899,1,0,1,Skater
19,0.0,1168.0,71.0,1269.0,1900,0,0,0,Skater
19,5.0,1164.0,79.0,1265.0,1901,0,0,1,Skater
19,11.0,1164.0,86.0,1265.0,1902,0,0,1,Skater
19,16.0,1160.0,93.0,1261.0,1903,0,0,1,Skater
19,22.0,1160.0,101.0,1261.0,1904,0,0,1,Skater
19,27.0,1160.0,108.0,1261.0,1905,0,0,1,Skater
19,33.0,1156.0,116.0,1256.0,1906,0,0,1,Skater
19,38.0,1156.0,123.0,1256.0,1907,0,0,1,Skater
19,44.0,1152.0,130.0,1252.0,1908,0,0,1,Skater
19,49.0,1152.0,138.0,1252.0,1909,0,0,1,Skater
19,55.0,1152.0,147.0,1252.0,1910,0,0,0,Skater
19,60.0,1152.0,152.0,1252.0,1911,0,0,1,Skater
19,66.0,1152.0,158.0,1252.0,1912,0,0,1,Skater
19,71.0,1156.0,163.0,1256.0,1913,0,0,1,Skater
19,77.0,1156.0,169.0,1256.0,1914,0,0,1,Skater
19,82.0,1160.0,174.0,1261.0,1915,0,0,1,Skater
19,88.0,1160.0,180.0,1261.0,1916,0,0,1,Skater
19,93.0,1160.0,186.0,1261.0,1917,0,0,1,Skater
19,99.0,1164.0,191.0,1265.0,1918,0,0,1,Skater
19,104.0,1164.0,197.0,1265.0,1919,0,0,1,Skater
19,110.0,1168.0,202.0,1269.0,1920,0,0,0,Skater
19,116.0,1168.0,208.0,1269.0,1921,0,0,1,Skater
19,121.0,1168.0,213.0,1269.0,1922,0,0,1,Skater
19,127.0,1168.0,219.0,1269.0,1923,0,0,1,Skater
19,134.0,1168.0,226.0,1269.0,1924,0,0,1,Skater
19,139.0,1168.0,232.0,1269.0,1925,0,0,1,Skater
19,145.0,1168.0,237.0,1269.0,1926,0,0,1,Skater
19,151.0,1168.0,243.0,1269.0,1927,0,0,1,Skater
19,158.0,1168.0,250.0,1269.0,1928,0,0,1,Skater
19,163.0,1168.0,255.0,1273.0,1929,0,0,1,Skater
19,169.0,1173.0,261.0,1273.0,1930,0,0,1,Skater
19,174.0,1173.0,267.0,1273.0,1931,0,0,1,Skater
19,182.0,1173.0,274.0,1273.0,1932,0,0,1,Skater
19,187.0,1173.0,279.0,1273.0,1933,0,0,1,Skater
19,193.0,1173.0,285.0,1273.0,1934,0,0,1,Skater
19,200.0,1173.0,292.0,1273.0,1935,0,0,1,Skater
19,206.0,1173.0,298.0,1273.0,1936,0,0,1,Skater
19,211.0,1173.0,303.0,1277.0,1937,0,0,1,Skater
19,217.0,1173.0,309.0,1277.0,1938,0,0,1,Skater
19,224.0,1173.0,316.0,1277.0,1939,0,0,1,Skater
19,230.0,1177.0,322.0,1277.0,1940,0,0,1,Skater
19,235.0,1177.0,327.0,1277.0,1941,0,0,1,Skater
19,241.0,1177.0,333.0,1277.0,1942,0,0,1,Skater
19,248.0,1177.0,340.0,1277.0,1943,0,0,1,Skater
19,254.0,1177.0,346.0,1277.0,1944,0,0,1,Skater
19,259.0,1177.0,351.0,1282.0,1945,0,0,1,Skater
19,265.0,1177.0,357.0,1282.0,1946,0,0,1,Skater
19,272.0,1177.0,364.0,1282.0,1947,0,0,1,Skater
19,278.0,1177.0,370.0,1282.0,1948,0,0,1,Skater
19,283.0,1177.0,375.0,1282.0,1949,0,0,1,Skater
19,290.0,1181.0,383.0,1282.0,1950,0,0,1,Skater
19,296.0,1181.0,388.0,1282.0,1951,0,0,1,Skater
19,302.0,1181.0,394.0,1282.0,1952,0,0,1,Skater
19,307.0,1181.0,399.0,1286.0,1953,0,0,1,Skater
19,314.0,1181.0,407.0,1286.0,1954,0,0,1,Skater
19,320.0,1181.0,412.0,1286.0,1955,0,0,1,Skater
19,325.0,1181.0,418.0,1286.0,1956,0,0,1,Skater
19,331.0,1181.0,423.0,1286.0,1957,0,0,1,Skater
19,338.0,1181.0,430.0,1286.0,1958,0,0,1,Skater
19,344.0,1181.0,436.0,1286.0,1959,0,0,1,Skater
19,349.0,1185.0,442.0,1286.0,1960,0,0,1,Skater
19,355.0,1185.0,447.0,1290.0,1961,0,0,1,Skater
19,362.0,1185.0,454.0,1290.0,1962,0,0,1,Skater
19,368.0,1185.0,460.0,1290.0,1963,0,0,1,Skater
19,373.0,1185.0,465.0,1290.0,1964,0,0,1,Skater
19,381.0,1185.0,473.0,1290.0,1965,0,0,1,Skater
19,386.0,1185.0,478.0,1290.0,1966,0,0,1,Skater
19,392.0,1185.0,484.0,1290.0,1967,0,0,1,Skater
19,397.0,1185.0,489.0,1290.0,1968,0,0,1,Skater
19,405.0,1185.0,497.0,1290.0,1969,0,0,1,Skater
19,410.0,1189.0,502.0,1294.0,1970,0,0,1,Skater
19,416.0,1189.0,508.0,1294.0,1971,0,0,1,Skater
19,421.0,1189.0,513.0,1294.0,1972,0,0,1,Skater
19,429.0,1189.0,521.0,1294.0,1973,0,0,1,Skater
19,434.0,1189.0,526.0,1294.0,1974,0,0,1,Skater
19,440.0,1189.0,532.0,1294.0,1975,0,0,1,Skater
19,445.0,1189.0,537.0,1294.0,1976,0,0,1,Skater
19,453.0,1189.0,545.0,1294.0,1977,0,0,1,Skater
19,458.0,1189.0,550.0,1298.0,1978,0,0,1,Skater
19,464.0,1189.0,556.0,1298.0,1979,0,0,1,Skater
19,471.0,1194.0,563.0,1298.0,1980,0,0,1,Skater
19,476.0,1194.0,569.0,1298.0,1981,0,0,1,Skater
19,482.0,1194.0,574.0,1298.0,1982,0,0,1,Skater
19,488.0,1194.0,580.0,1298.0,1983,0,0,1,Skater
19,495.0,1194.0,587.0,1298.0,1984,0,0,1,Skater
19,500.0,1194.0,593.0,1298.0,1985,0,0,1,Skater
19,506.0,1194.0,598.0,1302.0,1986,0,0,1,Skater
19,511.0,1194.0,604.0,1302.0,1987,0,0,1,Skater
19,519.0,1194.0,611.0,1302.0,1988,0,0,1,Skater
19,524.0,1194.0,616.0,1302.0,1989,0,0,1,Skater
19,530.0,1198.0,622.0,1302.0,1990,0,0,1,Skater
19,535.0,1198.0,628.0,1302.0,1991,0,0,1,Skater
19,543.0,1198.0,635.0,1302.0,1992,0,0,1,Skater
19,548.0,1198.0,640.0,1302.0,1993,0,0,1,Skater
19,554.0,1198.0,646.0,1307.0,1994,0,0,1,Skater
19,561.0,1198.0,653.0,1307.0,1995,0,0,1,Skater
19,567.0,1198.0,659.0,1307.0,1996,0,0,1,Skater
19,572.0,1198.0,664.0,1307.0,1997,0,0,1,Skater
19,578.0,1198.0,670.0,1307.0,1998,0,0,1,Skater
19,585.0,1198.0,677.0,1307.0,1999,0,0,1,Skater
19,591.0,1202.0,683.0,1307.0,2000,0,0,1,Skater
19,596.0,1202.0,688.0,1307.0,2001,0,0,1,Skater
19,602.0,1202.0,694.0,1311.0,2002,0,0,1,Skater
19,609.0,1202.0,701.0,1311.0,2003,0,0,1,Skater
19,615.0,1202.0,707.0,1311.0,2004,0,0,1,Skater
19,620.0,1202.0,712.0,1311.0,2005,0,0,1,Skater
19,626.0,1202.0,718.0,1311.0,2006,0,0,1,Skater
19,633.0,1202.0,725.0,1311.0,2007,0,0,1,Skater
19,639.0,1202.0,731.0,1311.0,2008,0,0,1,Skater
19,644.0,1202.0,736.0,1311.0,2009,0,0,1,Skater
19,651.0,1206.0,744.0,1315.0,2010,0,0,0,Skater
19,655.0,1202.0,747.0,1311.0,2011,0,0,1,Skater
19,659.0,1202.0,751.0,1311.0,2012,0,0,1,Skater
19,664.0,1202.0,756.0,1311.0,2013,0,0,1,Skater
19,668.0,1202.0,760.0,1311.0,2014,0,0,1,Skater
19,674.0,1202.0,766.0,1311.0,2015,0,0,1,Skater
19,677.0,1202.0,769.0,1311.0,2016,0,0,1,Skater
19,683.0,1202.0,775.0,1311.0,2017,0,0,1,Skater
19,686.0,1202.0,779.0,1311.0,2018,0,0,1,Skater
19,690.0,1202.0,782.0,1311.0,2019,0,0,1,Skater
19,696.0,1202.0,788.0,1311.0,2020,0,0,1,Skater
19,699.0,1202.0,791.0,1311.0,2021,0,0,1,Skater
19,705.0,1202.0,797.0,1311.0,2022,0,0,1,Skater
19,709.0,1202.0,801.0,1311.0,2023,0,0,1,Skater
19,714.0,1202.0,806.0,1311.0,2024,0,0,1,Skater
19,718.0,1202.0,810.0,1311.0,2025,0,0,1,Skater
19,721.0,1202.0,814.0,1311.0,2026,0,0,1,Skater
19,727.0,1202.0,819.0,1311.0,2027,0,0,1,Skater
19,731.0,1202.0,823.0,1311.0,2028,0,0,1,Skater
19,736.0,1202.0,828.0,1311.0,2029,0,0,1,Skater
19,740.0,1202.0,832.0,1311.0,2030,0,0,1,Skater
19,745.0,1202.0,837.0,1311.0,2031,0,0,0,Skater
20,239.0,850.0,278.0,925.0,0,1,0,0,Pedestrian
20,239.0,850.0,278.0,925.0,1,1,0,1,Pedestrian
20,239.0,850.0,278.0,925.0,2,1,0,1,Pedestrian
20,239.0,850.0,278.0,925.0,3,1,0,1,Pedestrian
20,239.0,850.0,278.0,925.0,4,1,0,1,Pedestrian
20,239.0,850.0,278.0,925.0,5,1,0,1,Pedestrian
20,239.0,850.0,278.0,925.0,6,1,0,1,Pedestrian
20,239.0,850.0,278.0,925.0,7,1,0,1,Pedestrian
20,239.0,850.0,278.0,925.0,8,1,0,1,Pedestrian
20,239.0,850.0,278.0,925.0,9,1,0,1,Pedestrian
20,239.0,850.0,278.0,925.0,10,1,0,1,Pedestrian
20,239.0,850.0,278.0,925.0,11,1,0,1,Pedestrian
20,239.0,850.0,278.0,925.0,12,1,0,1,Pedestrian
20,239.0,850.0,278.0,925.0,13,1,0,1,Pedestrian
20,239.0,850.0,278.0,925.0,14,1,0,1,Pedestrian
20,239.0,850.0,278.0,925.0,15,1,0,1,Pedestrian
20,239.0,850.0,278.0,925.0,16,1,0,1,Pedestrian
20,239.0,850.0,278.0,925.0,17,1,0,1,Pedestrian
20,239.0,850.0,278.0,925.0,18,1,0,1,Pedestrian
20,239.0,850.0,278.0,925.0,19,1,0,1,Pedestrian
20,239.0,850.0,278.0,925.0,20,1,0,1,Pedestrian
20,239.0,850.0,278.0,925.0,21,1,0,1,Pedestrian
20,239.0,850.0,278.0,925.0,22,1,0,1,Pedestrian
20,239.0,850.0,278.0,925.0,23,1,0,1,Pedestrian
20,239.0,850.0,278.0,925.0,24,1,0,1,Pedestrian
20,239.0,850.0,278.0,925.0,25,1,0,1,Pedestrian
20,239.0,850.0,278.0,925.0,26,1,0,1,Pedestrian
20,239.0,850.0,278.0,925.0,27,1,0,1,Pedestrian
20,239.0,850.0,278.0,925.0,28,1,0,1,Pedestrian
20,239.0,850.0,278.0,925.0,29,1,0,1,Pedestrian
20,239.0,850.0,278.0,925.0,30,1,0,1,Pedestrian
20,239.0,850.0,278.0,925.0,31,1,0,1,Pedestrian
20,239.0,850.0,278.0,925.0,32,1,0,1,Pedestrian
20,239.0,850.0,278.0,925.0,33,1,0,1,Pedestrian
20,239.0,850.0,278.0,925.0,34,1,0,1,Pedestrian
20,239.0,850.0,278.0,925.0,35,1,0,1,Pedestrian
20,239.0,850.0,278.0,925.0,36,1,0,1,Pedestrian
20,239.0,850.0,278.0,925.0,37,1,0,1,Pedestrian
20,239.0,850.0,278.0,925.0,38,1,0,1,Pedestrian
20,239.0,850.0,278.0,925.0,39,1,0,1,Pedestrian
20,239.0,850.0,278.0,925.0,40,1,0,1,Pedestrian
20,239.0,850.0,278.0,925.0,41,1,0,1,Pedestrian
20,239.0,850.0,278.0,925.0,42,1,0,1,Pedestrian
20,239.0,850.0,278.0,925.0,43,1,0,1,Pedestrian
20,239.0,850.0,278.0,925.0,44,1,0,1,Pedestrian
20,239.0,850.0,278.0,925.0,45,1,0,1,Pedestrian
20,239.0,850.0,278.0,925.0,46,1,0,1,Pedestrian
20,239.0,850.0,278.0,925.0,47,1,0,1,Pedestrian
20,239.0,850.0,278.0,925.0,48,1,0,1,Pedestrian
20,239.0,850.0,278.0,925.0,49,1,0,1,Pedestrian
20,239.0,850.0,278.0,925.0,50,1,0,1,Pedestrian
20,239.0,850.0,278.0,925.0,51,1,0,1,Pedestrian
20,239.0,850.0,278.0,925.0,52,1,0,1,Pedestrian
20,239.0,850.0,278.0,925.0,53,1,0,1,Pedestrian
20,239.0,850.0,278.0,925.0,54,1,0,1,Pedestrian
20,239.0,850.0,278.0,925.0,55,1,0,1,Pedestrian
20,239.0,850.0,278.0,925.0,56,1,0,1,Pedestrian
20,239.0,850.0,278.0,925.0,57,1,0,1,Pedestrian
20,239.0,850.0,278.0,925.0,58,1,0,1,Pedestrian
20,239.0,850.0,278.0,925.0,59,1,0,1,Pedestrian
20,239.0,850.0,278.0,925.0,60,1,0,1,Pedestrian
20,239.0,850.0,278.0,925.0,61,1,0,1,Pedestrian
20,239.0,850.0,278.0,925.0,62,1,0,1,Pedestrian
20,239.0,850.0,278.0,925.0,63,1,0,1,Pedestrian
20,239.0,850.0,278.0,925.0,64,1,0,1,Pedestrian
20,239.0,850.0,278.0,925.0,65,1,0,1,Pedestrian
20,239.0,850.0,278.0,925.0,66,1,0,1,Pedestrian
20,239.0,850.0,278.0,925.0,67,1,0,1,Pedestrian
20,239.0,850.0,278.0,925.0,68,1,0,1,Pedestrian
20,239.0,850.0,278.0,925.0,69,1,0,1,Pedestrian
20,239.0,850.0,278.0,925.0,70,1,0,1,Pedestrian
20,239.0,850.0,278.0,925.0,71,1,0,1,Pedestrian
20,239.0,850.0,278.0,925.0,72,1,0,1,Pedestrian
20,239.0,850.0,278.0,925.0,73,1,0,1,Pedestrian
20,239.0,850.0,278.0,925.0,74,1,0,1,Pedestrian
20,239.0,850.0,278.0,925.0,75,1,0,1,Pedestrian
20,239.0,850.0,278.0,925.0,76,1,0,1,Pedestrian
20,239.0,850.0,278.0,925.0,77,1,0,1,Pedestrian
20,239.0,850.0,278.0,925.0,78,1,0,1,Pedestrian
20,239.0,850.0,278.0,925.0,79,1,0,1,Pedestrian
20,239.0,850.0,278.0,925.0,80,1,0,1,Pedestrian
20,239.0,850.0,278.0,925.0,81,1,0,1,Pedestrian
20,239.0,850.0,278.0,925.0,82,1,0,1,Pedestrian
20,239.0,850.0,278.0,925.0,83,1,0,1,Pedestrian
20,239.0,850.0,278.0,925.0,84,1,0,1,Pedestrian
20,239.0,850.0,278.0,925.0,85,1,0,1,Pedestrian
20,239.0,850.0,278.0,925.0,86,1,0,1,Pedestrian
20,239.0,850.0,278.0,925.0,87,1,0,1,Pedestrian
20,239.0,850.0,278.0,925.0,88,1,0,1,Pedestrian
20,239.0,850.0,278.0,925.0,89,1,0,1,Pedestrian
20,239.0,850.0,278.0,925.0,90,1,0,1,Pedestrian
20,239.0,850.0,278.0,925.0,91,1,0,1,Pedestrian
20,239.0,850.0,278.0,925.0,92,1,0,1,Pedestrian
20,239.0,850.0,278.0,925.0,93,1,0,1,Pedestrian
20,239.0,850.0,278.0,925.0,94,1,0,1,Pedestrian
20,239.0,850.0,278.0,925.0,95,1,0,1,Pedestrian
20,239.0,850.0,278.0,925.0,96,1,0,1,Pedestrian
20,239.0,850.0,278.0,925.0,97,1,0,1,Pedestrian
20,239.0,850.0,278.0,925.0,98,1,0,1,Pedestrian
20,239.0,850.0,278.0,925.0,99,1,0,1,Pedestrian
20,239.0,850.0,278.0,925.0,100,1,0,1,Pedestrian
20,239.0,850.0,278.0,925.0,101,1,0,1,Pedestrian
20,239.0,850.0,278.0,925.0,102,0,0,0,Pedestrian
20,237.0,850.0,276.0,925.0,103,0,0,1,Pedestrian
20,237.0,850.0,276.0,925.0,104,0,0,1,Pedestrian
20,235.0,850.0,274.0,925.0,105,0,0,1,Pedestrian
20,235.0,850.0,274.0,925.0,106,0,0,1,Pedestrian
20,233.0,850.0,272.0,925.0,107,0,0,1,Pedestrian
20,233.0,850.0,272.0,925.0,108,0,0,1,Pedestrian
20,232.0,850.0,270.0,925.0,109,0,0,1,Pedestrian
20,232.0,850.0,270.0,925.0,110,0,0,1,Pedestrian
20,230.0,850.0,268.0,925.0,111,0,0,1,Pedestrian
20,230.0,850.0,268.0,925.0,112,0,0,1,Pedestrian
20,228.0,850.0,267.0,925.0,113,0,0,1,Pedestrian
20,228.0,850.0,267.0,925.0,114,0,0,1,Pedestrian
20,226.0,850.0,265.0,925.0,115,0,0,1,Pedestrian
20,226.0,850.0,265.0,925.0,116,0,0,1,Pedestrian
20,224.0,850.0,263.0,925.0,117,0,0,1,Pedestrian
20,224.0,850.0,263.0,925.0,118,0,0,1,Pedestrian
20,222.0,850.0,261.0,925.0,119,0,0,1,Pedestrian
20,222.0,850.0,261.0,925.0,120,0,0,1,Pedestrian
20,221.0,850.0,259.0,925.0,121,0,0,1,Pedestrian
20,221.0,850.0,259.0,925.0,122,0,0,1,Pedestrian
20,219.0,850.0,257.0,925.0,123,0,0,1,Pedestrian
20,219.0,854.0,257.0,930.0,124,0,0,1,Pedestrian
20,217.0,854.0,255.0,930.0,125,0,0,1,Pedestrian
20,217.0,854.0,255.0,930.0,126,0,0,1,Pedestrian
20,215.0,854.0,254.0,930.0,127,0,0,1,Pedestrian
20,215.0,854.0,254.0,930.0,128,0,0,1,Pedestrian
20,213.0,854.0,252.0,930.0,129,0,0,1,Pedestrian
20,213.0,854.0,252.0,930.0,130,0,0,1,Pedestrian
20,211.0,854.0,250.0,930.0,131,0,0,1,Pedestrian
20,211.0,854.0,250.0,930.0,132,0,0,1,Pedestrian
20,209.0,854.0,248.0,930.0,133,0,0,1,Pedestrian
20,209.0,854.0,248.0,930.0,134,0,0,1,Pedestrian
20,208.0,854.0,246.0,930.0,135,0,0,1,Pedestrian
20,208.0,854.0,246.0,930.0,136,0,0,1,Pedestrian
20,206.0,854.0,244.0,930.0,137,0,0,1,Pedestrian
20,206.0,854.0,244.0,930.0,138,0,0,1,Pedestrian
20,204.0,854.0,243.0,930.0,139,0,0,1,Pedestrian
20,204.0,854.0,243.0,930.0,140,0,0,1,Pedestrian
20,202.0,854.0,241.0,930.0,141,0,0,1,Pedestrian
20,202.0,854.0,241.0,930.0,142,0,0,1,Pedestrian
20,200.0,854.0,239.0,930.0,143,0,0,1,Pedestrian
20,200.0,854.0,239.0,930.0,144,0,0,1,Pedestrian
20,198.0,854.0,237.0,930.0,145,0,0,1,Pedestrian
20,198.0,858.0,237.0,934.0,146,0,0,1,Pedestrian
20,197.0,858.0,235.0,934.0,147,0,0,1,Pedestrian
20,197.0,858.0,235.0,934.0,148,0,0,1,Pedestrian
20,195.0,858.0,233.0,934.0,149,0,0,1,Pedestrian
20,195.0,858.0,233.0,934.0,150,0,0,1,Pedestrian
20,193.0,858.0,232.0,934.0,151,0,0,1,Pedestrian
20,193.0,858.0,232.0,934.0,152,0,0,1,Pedestrian
20,191.0,858.0,230.0,934.0,153,0,0,1,Pedestrian
20,191.0,858.0,230.0,934.0,154,0,0,1,Pedestrian
20,189.0,858.0,228.0,934.0,155,0,0,1,Pedestrian
20,189.0,858.0,228.0,934.0,156,0,0,1,Pedestrian
20,187.0,858.0,226.0,934.0,157,0,0,1,Pedestrian
20,187.0,858.0,226.0,934.0,158,0,0,1,Pedestrian
20,186.0,858.0,224.0,934.0,159,0,0,1,Pedestrian
20,186.0,858.0,224.0,934.0,160,0,0,1,Pedestrian
20,184.0,858.0,222.0,934.0,161,0,0,1,Pedestrian
20,184.0,858.0,222.0,934.0,162,0,0,1,Pedestrian
20,182.0,858.0,221.0,934.0,163,0,0,1,Pedestrian
20,182.0,858.0,221.0,934.0,164,0,0,1,Pedestrian
20,180.0,858.0,219.0,934.0,165,0,0,1,Pedestrian
20,180.0,858.0,219.0,934.0,166,0,0,1,Pedestrian
20,178.0,858.0,217.0,934.0,167,0,0,1,Pedestrian
20,178.0,863.0,217.0,938.0,168,0,0,0,Pedestrian
20,176.0,863.0,215.0,938.0,169,0,0,1,Pedestrian
20,176.0,863.0,215.0,938.0,170,0,0,1,Pedestrian
20,176.0,863.0,215.0,938.0,171,0,0,1,Pedestrian
20,176.0,863.0,215.0,938.0,172,0,0,1,Pedestrian
20,176.0,863.0,215.0,938.0,173,0,0,1,Pedestrian
20,176.0,863.0,215.0,938.0,174,0,0,1,Pedestrian
20,176.0,863.0,215.0,938.0,175,0,0,1,Pedestrian
20,176.0,863.0,215.0,938.0,176,0,0,1,Pedestrian
20,176.0,863.0,215.0,938.0,177,0,0,1,Pedestrian
20,176.0,863.0,215.0,938.0,178,0,0,1,Pedestrian
20,176.0,863.0,215.0,938.0,179,0,0,1,Pedestrian
20,174.0,863.0,213.0,938.0,180,0,0,1,Pedestrian
20,174.0,863.0,213.0,938.0,181,0,0,1,Pedestrian
20,174.0,863.0,213.0,938.0,182,0,0,1,Pedestrian
20,174.0,863.0,213.0,938.0,183,0,0,1,Pedestrian
20,174.0,863.0,213.0,938.0,184,0,0,1,Pedestrian
20,174.0,863.0,213.0,938.0,185,0,0,1,Pedestrian
20,174.0,863.0,213.0,938.0,186,0,0,1,Pedestrian
20,174.0,863.0,213.0,938.0,187,0,0,1,Pedestrian
20,174.0,867.0,213.0,942.0,188,0,0,1,Pedestrian
20,174.0,867.0,213.0,942.0,189,0,0,1,Pedestrian
20,174.0,867.0,213.0,942.0,190,0,0,1,Pedestrian
20,174.0,867.0,213.0,942.0,191,0,0,1,Pedestrian
20,173.0,867.0,211.0,942.0,192,0,0,1,Pedestrian
20,173.0,867.0,211.0,942.0,193,0,0,1,Pedestrian
20,173.0,867.0,211.0,942.0,194,0,0,1,Pedestrian
20,173.0,867.0,211.0,942.0,195,0,0,1,Pedestrian
20,173.0,867.0,211.0,942.0,196,0,0,1,Pedestrian
20,173.0,867.0,211.0,942.0,197,0,0,1,Pedestrian
20,173.0,867.0,211.0,942.0,198,0,0,1,Pedestrian
20,173.0,867.0,211.0,942.0,199,0,0,1,Pedestrian
20,173.0,867.0,211.0,942.0,200,0,0,1,Pedestrian
20,173.0,867.0,211.0,942.0,201,0,0,1,Pedestrian
20,173.0,867.0,211.0,942.0,202,0,0,1,Pedestrian
20,171.0,867.0,209.0,942.0,203,0,0,1,Pedestrian
20,171.0,867.0,209.0,942.0,204,0,0,1,Pedestrian
20,171.0,867.0,209.0,942.0,205,0,0,1,Pedestrian
20,171.0,867.0,209.0,942.0,206,0,0,1,Pedestrian
20,171.0,867.0,209.0,942.0,207,0,0,1,Pedestrian
20,171.0,871.0,209.0,946.0,208,0,0,1,Pedestrian
20,171.0,871.0,209.0,946.0,209,0,0,1,Pedestrian
20,171.0,871.0,209.0,946.0,210,0,0,1,Pedestrian
20,171.0,871.0,209.0,946.0,211,0,0,1,Pedestrian
20,171.0,871.0,209.0,946.0,212,0,0,1,Pedestrian
20,171.0,871.0,209.0,946.0,213,0,0,1,Pedestrian
20,171.0,871.0,209.0,946.0,214,0,0,1,Pedestrian
20,169.0,871.0,208.0,946.0,215,0,0,1,Pedestrian
20,169.0,871.0,208.0,946.0,216,0,0,1,Pedestrian
20,169.0,871.0,208.0,946.0,217,0,0,1,Pedestrian
20,169.0,871.0,208.0,946.0,218,0,0,1,Pedestrian
20,169.0,871.0,208.0,946.0,219,0,0,1,Pedestrian
20,169.0,871.0,208.0,946.0,220,0,0,1,Pedestrian
20,169.0,871.0,208.0,946.0,221,0,0,1,Pedestrian
20,169.0,871.0,208.0,946.0,222,0,0,1,Pedestrian
20,169.0,871.0,208.0,946.0,223,0,0,1,Pedestrian
20,169.0,871.0,208.0,946.0,224,0,0,1,Pedestrian
20,169.0,871.0,208.0,946.0,225,0,0,1,Pedestrian
20,167.0,871.0,206.0,946.0,226,0,0,1,Pedestrian
20,167.0,871.0,206.0,946.0,227,0,0,1,Pedestrian
20,167.0,875.0,206.0,951.0,228,0,0,1,Pedestrian
20,167.0,875.0,206.0,951.0,229,0,0,1,Pedestrian
20,167.0,875.0,206.0,951.0,230,0,0,1,Pedestrian
20,167.0,875.0,206.0,951.0,231,0,0,1,Pedestrian
20,167.0,875.0,206.0,951.0,232,0,0,1,Pedestrian
20,167.0,875.0,206.0,951.0,233,0,0,1,Pedestrian
20,167.0,875.0,206.0,951.0,234,0,0,1,Pedestrian
20,167.0,875.0,206.0,951.0,235,0,0,1,Pedestrian
20,167.0,875.0,206.0,951.0,236,0,0,1,Pedestrian
20,167.0,875.0,206.0,951.0,237,0,0,1,Pedestrian
20,165.0,875.0,204.0,951.0,238,0,0,1,Pedestrian
20,165.0,875.0,204.0,951.0,239,0,0,1,Pedestrian
20,165.0,875.0,204.0,951.0,240,0,0,1,Pedestrian
20,165.0,875.0,204.0,951.0,241,0,0,1,Pedestrian
20,165.0,875.0,204.0,951.0,242,0,0,1,Pedestrian
20,165.0,875.0,204.0,951.0,243,0,0,1,Pedestrian
20,165.0,875.0,204.0,951.0,244,0,0,1,Pedestrian
20,165.0,875.0,204.0,951.0,245,0,0,1,Pedestrian
20,165.0,875.0,204.0,951.0,246,0,0,1,Pedestrian
20,165.0,879.0,204.0,955.0,247,0,0,1,Pedestrian
20,165.0,879.0,204.0,955.0,248,0,0,1,Pedestrian
20,163.0,879.0,202.0,955.0,249,0,0,1,Pedestrian
20,163.0,879.0,202.0,955.0,250,0,0,1,Pedestrian
20,163.0,879.0,202.0,955.0,251,0,0,1,Pedestrian
20,163.0,879.0,202.0,955.0,252,0,0,1,Pedestrian
20,163.0,879.0,202.0,955.0,253,0,0,1,Pedestrian
20,163.0,879.0,202.0,955.0,254,0,0,1,Pedestrian
20,163.0,879.0,202.0,955.0,255,0,0,1,Pedestrian
20,163.0,879.0,202.0,955.0,256,0,0,1,Pedestrian
20,163.0,879.0,202.0,955.0,257,0,0,1,Pedestrian
20,163.0,879.0,202.0,955.0,258,0,0,1,Pedestrian
20,163.0,879.0,202.0,955.0,259,0,0,1,Pedestrian
20,163.0,879.0,202.0,955.0,260,0,0,1,Pedestrian
20,162.0,879.0,200.0,955.0,261,0,0,1,Pedestrian
20,162.0,879.0,200.0,955.0,262,0,0,1,Pedestrian
20,162.0,879.0,200.0,955.0,263,0,0,1,Pedestrian
20,162.0,879.0,200.0,955.0,264,0,0,1,Pedestrian
20,162.0,879.0,200.0,955.0,265,0,0,1,Pedestrian
20,162.0,879.0,200.0,955.0,266,0,0,1,Pedestrian
20,162.0,884.0,200.0,959.0,267,0,0,1,Pedestrian
20,162.0,884.0,200.0,959.0,268,0,0,1,Pedestrian
20,162.0,884.0,200.0,959.0,269,0,0,1,Pedestrian
20,162.0,884.0,200.0,959.0,270,0,0,1,Pedestrian
20,162.0,884.0,200.0,959.0,271,0,0,1,Pedestrian
20,160.0,884.0,198.0,959.0,272,0,0,1,Pedestrian
20,160.0,884.0,198.0,959.0,273,0,0,1,Pedestrian
20,160.0,884.0,198.0,959.0,274,0,0,1,Pedestrian
20,160.0,884.0,198.0,959.0,275,0,0,1,Pedestrian
20,160.0,884.0,198.0,959.0,276,0,0,1,Pedestrian
20,160.0,884.0,198.0,959.0,277,0,0,1,Pedestrian
20,160.0,884.0,198.0,959.0,278,0,0,1,Pedestrian
20,160.0,884.0,198.0,959.0,279,0,0,1,Pedestrian
20,160.0,884.0,198.0,959.0,280,0,0,1,Pedestrian
20,160.0,884.0,198.0,959.0,281,0,0,1,Pedestrian
20,160.0,884.0,198.0,959.0,282,0,0,1,Pedestrian
20,160.0,884.0,198.0,959.0,283,0,0,1,Pedestrian
20,158.0,884.0,197.0,959.0,284,0,0,1,Pedestrian
20,158.0,884.0,197.0,959.0,285,0,0,1,Pedestrian
20,158.0,884.0,197.0,959.0,286,0,0,1,Pedestrian
20,158.0,888.0,197.0,963.0,287,0,0,1,Pedestrian
20,158.0,888.0,197.0,963.0,288,0,0,1,Pedestrian
20,158.0,888.0,197.0,963.0,289,0,0,1,Pedestrian
20,158.0,888.0,197.0,963.0,290,0,0,1,Pedestrian
20,158.0,888.0,197.0,963.0,291,0,0,1,Pedestrian
20,158.0,888.0,197.0,963.0,292,0,0,1,Pedestrian
20,158.0,888.0,197.0,963.0,293,0,0,1,Pedestrian
20,158.0,888.0,197.0,963.0,294,0,0,1,Pedestrian
20,156.0,888.0,195.0,963.0,295,0,0,1,Pedestrian
20,156.0,888.0,195.0,963.0,296,0,0,1,Pedestrian
20,156.0,888.0,195.0,963.0,297,0,0,1,Pedestrian
20,156.0,888.0,195.0,963.0,298,0,0,1,Pedestrian
20,156.0,888.0,195.0,963.0,299,0,0,1,Pedestrian
20,156.0,888.0,195.0,963.0,300,0,0,1,Pedestrian
20,156.0,888.0,195.0,963.0,301,0,0,1,Pedestrian
20,156.0,888.0,195.0,963.0,302,0,0,1,Pedestrian
20,156.0,888.0,195.0,963.0,303,0,0,1,Pedestrian
20,156.0,888.0,195.0,963.0,304,0,0,1,Pedestrian
20,156.0,888.0,195.0,963.0,305,0,0,1,Pedestrian
20,156.0,892.0,195.0,967.0,306,0,0,0,Pedestrian
20,156.0,892.0,195.0,967.0,307,0,0,1,Pedestrian
20,156.0,892.0,195.0,967.0,308,0,0,1,Pedestrian
20,156.0,892.0,195.0,967.0,309,0,0,1,Pedestrian
20,156.0,892.0,195.0,967.0,310,0,0,1,Pedestrian
20,156.0,892.0,195.0,967.0,311,0,0,1,Pedestrian
20,156.0,892.0,195.0,967.0,312,0,0,1,Pedestrian
20,156.0,892.0,195.0,967.0,313,0,0,1,Pedestrian
20,156.0,892.0,195.0,967.0,314,0,0,1,Pedestrian
20,156.0,892.0,195.0,967.0,315,0,0,1,Pedestrian
20,156.0,892.0,195.0,967.0,316,0,0,1,Pedestrian
20,156.0,892.0,195.0,967.0,317,0,0,1,Pedestrian
20,156.0,892.0,195.0,967.0,318,0,0,1,Pedestrian
20,156.0,892.0,195.0,967.0,319,0,0,1,Pedestrian
20,156.0,892.0,195.0,967.0,320,0,0,1,Pedestrian
20,156.0,892.0,195.0,967.0,321,0,0,1,Pedestrian
20,156.0,892.0,195.0,967.0,322,0,0,1,Pedestrian
20,156.0,892.0,195.0,967.0,323,0,0,1,Pedestrian
20,156.0,892.0,195.0,967.0,324,0,0,1,Pedestrian
20,156.0,892.0,195.0,967.0,325,0,0,1,Pedestrian
20,156.0,892.0,195.0,967.0,326,0,0,1,Pedestrian
20,156.0,892.0,195.0,967.0,327,0,0,1,Pedestrian
20,156.0,892.0,195.0,967.0,328,0,0,1,Pedestrian
20,156.0,892.0,195.0,967.0,329,0,0,1,Pedestrian
20,156.0,892.0,195.0,967.0,330,0,0,1,Pedestrian
20,156.0,892.0,195.0,967.0,331,0,0,1,Pedestrian
20,156.0,892.0,195.0,967.0,332,0,0,1,Pedestrian
20,156.0,892.0,195.0,967.0,333,0,0,1,Pedestrian
20,156.0,892.0,195.0,967.0,334,0,0,1,Pedestrian
20,156.0,892.0,195.0,967.0,335,0,0,1,Pedestrian
20,156.0,892.0,195.0,967.0,336,0,0,1,Pedestrian
20,156.0,892.0,195.0,967.0,337,0,0,1,Pedestrian
20,156.0,892.0,195.0,967.0,338,0,0,1,Pedestrian
20,156.0,892.0,195.0,967.0,339,0,0,1,Pedestrian
20,156.0,892.0,195.0,967.0,340,0,0,1,Pedestrian
20,156.0,892.0,195.0,967.0,341,0,0,1,Pedestrian
20,156.0,892.0,195.0,967.0,342,0,0,1,Pedestrian
20,156.0,892.0,195.0,967.0,343,0,0,1,Pedestrian
20,156.0,892.0,195.0,967.0,344,0,0,1,Pedestrian
20,156.0,892.0,195.0,967.0,345,0,0,1,Pedestrian
20,156.0,892.0,195.0,967.0,346,0,0,1,Pedestrian
20,156.0,892.0,195.0,967.0,347,0,0,1,Pedestrian
20,156.0,892.0,195.0,967.0,348,0,0,1,Pedestrian
20,156.0,892.0,195.0,967.0,349,0,0,1,Pedestrian
20,156.0,892.0,195.0,967.0,350,0,0,1,Pedestrian
20,156.0,892.0,195.0,967.0,351,0,0,1,Pedestrian
20,156.0,892.0,195.0,967.0,352,0,0,1,Pedestrian
20,156.0,892.0,195.0,967.0,353,0,0,1,Pedestrian
20,156.0,892.0,195.0,967.0,354,0,0,1,Pedestrian
20,156.0,892.0,195.0,967.0,355,0,0,1,Pedestrian
20,156.0,892.0,195.0,967.0,356,0,0,1,Pedestrian
20,156.0,892.0,195.0,967.0,357,0,0,1,Pedestrian
20,156.0,892.0,195.0,967.0,358,0,0,1,Pedestrian
20,156.0,892.0,195.0,967.0,359,0,0,1,Pedestrian
20,156.0,892.0,195.0,967.0,360,0,0,1,Pedestrian
20,156.0,892.0,195.0,967.0,361,0,0,1,Pedestrian
20,156.0,892.0,195.0,967.0,362,0,0,1,Pedestrian
20,156.0,892.0,195.0,967.0,363,0,0,1,Pedestrian
20,156.0,892.0,195.0,967.0,364,0,0,1,Pedestrian
20,156.0,892.0,195.0,967.0,365,0,0,1,Pedestrian
20,156.0,892.0,195.0,967.0,366,0,0,1,Pedestrian
20,156.0,892.0,195.0,967.0,367,0,0,1,Pedestrian
20,156.0,892.0,195.0,967.0,368,0,0,1,Pedestrian
20,156.0,892.0,195.0,967.0,369,0,0,1,Pedestrian
20,156.0,892.0,195.0,967.0,370,0,0,1,Pedestrian
20,156.0,892.0,195.0,967.0,371,0,0,1,Pedestrian
20,156.0,892.0,195.0,967.0,372,0,0,1,Pedestrian
20,156.0,892.0,195.0,967.0,373,0,0,1,Pedestrian
20,156.0,892.0,195.0,967.0,374,0,0,1,Pedestrian
20,156.0,892.0,195.0,967.0,375,0,0,1,Pedestrian
20,156.0,892.0,195.0,967.0,376,0,0,1,Pedestrian
20,156.0,892.0,195.0,967.0,377,0,0,1,Pedestrian
20,156.0,892.0,195.0,967.0,378,0,0,1,Pedestrian
20,156.0,892.0,195.0,967.0,379,0,0,1,Pedestrian
20,156.0,892.0,195.0,967.0,380,0,0,1,Pedestrian
20,156.0,892.0,195.0,967.0,381,0,0,1,Pedestrian
20,156.0,892.0,195.0,967.0,382,0,0,1,Pedestrian
20,156.0,892.0,195.0,967.0,383,0,0,1,Pedestrian
20,156.0,892.0,195.0,967.0,384,0,0,1,Pedestrian
20,156.0,892.0,195.0,967.0,385,0,0,1,Pedestrian
20,156.0,892.0,195.0,967.0,386,0,0,1,Pedestrian
20,156.0,892.0,195.0,967.0,387,0,0,1,Pedestrian
20,156.0,892.0,195.0,967.0,388,0,0,1,Pedestrian
20,156.0,892.0,195.0,967.0,389,0,0,1,Pedestrian
20,156.0,892.0,195.0,967.0,390,0,0,1,Pedestrian
20,156.0,892.0,195.0,967.0,391,0,0,1,Pedestrian
20,156.0,892.0,195.0,967.0,392,0,0,1,Pedestrian
20,156.0,892.0,195.0,967.0,393,0,0,1,Pedestrian
20,156.0,892.0,195.0,967.0,394,0,0,1,Pedestrian
20,156.0,892.0,195.0,967.0,395,0,0,1,Pedestrian
20,156.0,892.0,195.0,967.0,396,0,0,1,Pedestrian
20,156.0,892.0,195.0,967.0,397,0,0,1,Pedestrian
20,156.0,892.0,195.0,967.0,398,0,0,1,Pedestrian
20,156.0,892.0,195.0,967.0,399,0,0,1,Pedestrian
20,156.0,892.0,195.0,967.0,400,0,0,1,Pedestrian
20,156.0,892.0,195.0,967.0,401,0,0,1,Pedestrian
20,156.0,892.0,195.0,967.0,402,0,0,1,Pedestrian
20,156.0,892.0,195.0,967.0,403,0,0,1,Pedestrian
20,156.0,892.0,195.0,967.0,404,0,0,1,Pedestrian
20,156.0,892.0,195.0,967.0,405,0,0,1,Pedestrian
20,156.0,892.0,195.0,967.0,406,0,0,1,Pedestrian
20,156.0,892.0,195.0,967.0,407,0,0,1,Pedestrian
20,156.0,892.0,195.0,967.0,408,0,0,1,Pedestrian
20,156.0,892.0,195.0,967.0,409,0,0,1,Pedestrian
20,156.0,892.0,195.0,967.0,410,0,0,1,Pedestrian
20,156.0,892.0,195.0,967.0,411,0,0,1,Pedestrian
20,156.0,892.0,195.0,967.0,412,0,0,1,Pedestrian
20,156.0,892.0,195.0,967.0,413,0,0,1,Pedestrian
20,156.0,892.0,195.0,967.0,414,0,0,1,Pedestrian
20,156.0,892.0,195.0,967.0,415,0,0,1,Pedestrian
20,156.0,892.0,195.0,967.0,416,0,0,1,Pedestrian
20,156.0,892.0,195.0,967.0,417,0,0,1,Pedestrian
20,156.0,892.0,195.0,967.0,418,0,0,1,Pedestrian
20,156.0,892.0,195.0,967.0,419,0,0,1,Pedestrian
20,156.0,892.0,195.0,967.0,420,0,0,1,Pedestrian
20,156.0,892.0,195.0,967.0,421,0,0,1,Pedestrian
20,156.0,892.0,195.0,967.0,422,0,0,1,Pedestrian
20,156.0,892.0,195.0,967.0,423,0,0,1,Pedestrian
20,156.0,892.0,195.0,967.0,424,0,0,1,Pedestrian
20,156.0,892.0,195.0,967.0,425,0,0,1,Pedestrian
20,156.0,892.0,195.0,967.0,426,0,0,1,Pedestrian
20,156.0,892.0,195.0,967.0,427,0,0,1,Pedestrian
20,156.0,892.0,195.0,967.0,428,0,0,1,Pedestrian
20,156.0,892.0,195.0,967.0,429,0,0,1,Pedestrian
20,156.0,892.0,195.0,967.0,430,0,0,1,Pedestrian
20,156.0,892.0,195.0,967.0,431,0,0,1,Pedestrian
20,156.0,892.0,195.0,967.0,432,0,0,1,Pedestrian
20,156.0,892.0,195.0,967.0,433,0,0,1,Pedestrian
20,156.0,892.0,195.0,967.0,434,0,0,1,Pedestrian
20,156.0,892.0,195.0,967.0,435,0,0,1,Pedestrian
20,156.0,892.0,195.0,967.0,436,0,0,1,Pedestrian
20,156.0,892.0,195.0,967.0,437,0,0,1,Pedestrian
20,156.0,892.0,195.0,967.0,438,0,0,1,Pedestrian
20,156.0,892.0,195.0,967.0,439,0,0,1,Pedestrian
20,156.0,892.0,195.0,967.0,440,0,0,1,Pedestrian
20,156.0,892.0,195.0,967.0,441,0,0,1,Pedestrian
20,156.0,892.0,195.0,967.0,442,0,0,1,Pedestrian
20,156.0,892.0,195.0,967.0,443,0,0,1,Pedestrian
20,156.0,892.0,195.0,967.0,444,0,0,1,Pedestrian
20,156.0,892.0,195.0,967.0,445,0,0,1,Pedestrian
20,156.0,892.0,195.0,967.0,446,0,0,1,Pedestrian
20,156.0,892.0,195.0,967.0,447,0,0,1,Pedestrian
20,156.0,892.0,195.0,967.0,448,0,0,1,Pedestrian
20,156.0,892.0,195.0,967.0,449,0,0,1,Pedestrian
20,156.0,892.0,195.0,967.0,450,0,0,1,Pedestrian
20,156.0,892.0,195.0,967.0,451,0,0,1,Pedestrian
20,156.0,892.0,195.0,967.0,452,0,0,1,Pedestrian
20,156.0,892.0,195.0,967.0,453,0,0,1,Pedestrian
20,156.0,892.0,195.0,967.0,454,0,0,1,Pedestrian
20,156.0,892.0,195.0,967.0,455,0,0,1,Pedestrian
20,156.0,892.0,195.0,967.0,456,0,0,1,Pedestrian
20,156.0,892.0,195.0,967.0,457,0,0,1,Pedestrian
20,156.0,892.0,195.0,967.0,458,0,0,1,Pedestrian
20,156.0,892.0,195.0,967.0,459,0,0,1,Pedestrian
20,156.0,892.0,195.0,967.0,460,0,0,1,Pedestrian
20,156.0,892.0,195.0,967.0,461,0,0,1,Pedestrian
20,156.0,892.0,195.0,967.0,462,0,0,1,Pedestrian
20,156.0,892.0,195.0,967.0,463,0,0,1,Pedestrian
20,156.0,892.0,195.0,967.0,464,0,0,1,Pedestrian
20,156.0,892.0,195.0,967.0,465,0,0,1,Pedestrian
20,156.0,892.0,195.0,967.0,466,0,0,1,Pedestrian
20,156.0,892.0,195.0,967.0,467,0,0,1,Pedestrian
20,156.0,892.0,195.0,967.0,468,0,0,1,Pedestrian
20,156.0,892.0,195.0,967.0,469,0,0,1,Pedestrian
20,156.0,892.0,195.0,967.0,470,0,0,1,Pedestrian
20,156.0,892.0,195.0,967.0,471,0,0,1,Pedestrian
20,156.0,892.0,195.0,967.0,472,0,0,1,Pedestrian
20,156.0,892.0,195.0,967.0,473,0,0,1,Pedestrian
20,156.0,892.0,195.0,967.0,474,0,0,1,Pedestrian
20,156.0,892.0,195.0,967.0,475,0,0,1,Pedestrian
20,156.0,892.0,195.0,967.0,476,0,0,1,Pedestrian
20,156.0,892.0,195.0,967.0,477,0,0,1,Pedestrian
20,156.0,892.0,195.0,967.0,478,0,0,1,Pedestrian
20,156.0,892.0,195.0,967.0,479,0,0,1,Pedestrian
20,156.0,892.0,195.0,967.0,480,0,0,1,Pedestrian
20,156.0,892.0,195.0,967.0,481,0,0,1,Pedestrian
20,156.0,892.0,195.0,967.0,482,0,0,1,Pedestrian
20,156.0,892.0,195.0,967.0,483,0,0,1,Pedestrian
20,156.0,892.0,195.0,967.0,484,0,0,1,Pedestrian
20,156.0,892.0,195.0,967.0,485,0,0,1,Pedestrian
20,156.0,892.0,195.0,967.0,486,0,0,1,Pedestrian
20,156.0,892.0,195.0,967.0,487,0,0,1,Pedestrian
20,156.0,892.0,195.0,967.0,488,0,0,1,Pedestrian
20,156.0,892.0,195.0,967.0,489,0,0,1,Pedestrian
20,156.0,892.0,195.0,967.0,490,0,0,1,Pedestrian
20,156.0,892.0,195.0,967.0,491,0,0,1,Pedestrian
20,156.0,892.0,195.0,967.0,492,0,0,1,Pedestrian
20,156.0,892.0,195.0,967.0,493,0,0,1,Pedestrian
20,156.0,892.0,195.0,967.0,494,0,0,1,Pedestrian
20,156.0,892.0,195.0,967.0,495,0,0,1,Pedestrian
20,156.0,892.0,195.0,967.0,496,0,0,1,Pedestrian
20,156.0,892.0,195.0,967.0,497,0,0,1,Pedestrian
20,156.0,892.0,195.0,967.0,498,0,0,1,Pedestrian
20,156.0,892.0,195.0,967.0,499,0,0,1,Pedestrian
20,156.0,892.0,195.0,967.0,500,0,0,1,Pedestrian
20,156.0,892.0,195.0,967.0,501,0,0,1,Pedestrian
20,156.0,892.0,195.0,967.0,502,0,0,1,Pedestrian
20,156.0,892.0,195.0,967.0,503,0,0,1,Pedestrian
20,156.0,892.0,195.0,967.0,504,0,0,1,Pedestrian
20,156.0,892.0,195.0,967.0,505,0,0,1,Pedestrian
20,156.0,892.0,195.0,967.0,506,0,0,1,Pedestrian
20,156.0,892.0,195.0,967.0,507,0,0,1,Pedestrian
20,156.0,892.0,195.0,967.0,508,0,0,1,Pedestrian
20,156.0,892.0,195.0,967.0,509,0,0,1,Pedestrian
20,156.0,892.0,195.0,967.0,510,0,0,1,Pedestrian
20,156.0,892.0,195.0,967.0,511,0,0,1,Pedestrian
20,156.0,892.0,195.0,967.0,512,0,0,1,Pedestrian
20,156.0,892.0,195.0,967.0,513,0,0,1,Pedestrian
20,156.0,892.0,195.0,967.0,514,0,0,1,Pedestrian
20,156.0,892.0,195.0,967.0,515,0,0,1,Pedestrian
20,156.0,892.0,195.0,967.0,516,0,0,1,Pedestrian
20,156.0,892.0,195.0,967.0,517,0,0,1,Pedestrian
20,156.0,892.0,195.0,967.0,518,0,0,1,Pedestrian
20,156.0,892.0,195.0,967.0,519,0,0,1,Pedestrian
20,156.0,892.0,195.0,967.0,520,0,0,1,Pedestrian
20,156.0,892.0,195.0,967.0,521,0,0,1,Pedestrian
20,156.0,892.0,195.0,967.0,522,0,0,1,Pedestrian
20,156.0,892.0,195.0,967.0,523,0,0,1,Pedestrian
20,156.0,892.0,195.0,967.0,524,0,0,1,Pedestrian
20,156.0,892.0,195.0,967.0,525,0,0,1,Pedestrian
20,156.0,892.0,195.0,967.0,526,0,0,1,Pedestrian
20,156.0,892.0,195.0,967.0,527,0,0,1,Pedestrian
20,156.0,892.0,195.0,967.0,528,0,0,1,Pedestrian
20,156.0,892.0,195.0,967.0,529,0,0,1,Pedestrian
20,156.0,892.0,195.0,967.0,530,0,0,1,Pedestrian
20,156.0,892.0,195.0,967.0,531,0,0,0,Pedestrian
21,1278.0,1470.0,1314.0,1529.0,0,1,0,0,Pedestrian
21,1278.0,1470.0,1314.0,1529.0,1,1,0,1,Pedestrian
21,1278.0,1470.0,1314.0,1529.0,2,1,0,1,Pedestrian
21,1278.0,1470.0,1314.0,1529.0,3,1,0,1,Pedestrian
21,1278.0,1470.0,1314.0,1529.0,4,1,0,1,Pedestrian
21,1278.0,1470.0,1314.0,1529.0,5,1,0,1,Pedestrian
21,1278.0,1470.0,1314.0,1529.0,6,1,0,1,Pedestrian
21,1278.0,1470.0,1314.0,1529.0,7,1,0,1,Pedestrian
21,1278.0,1470.0,1314.0,1529.0,8,1,0,1,Pedestrian
21,1278.0,1470.0,1314.0,1529.0,9,1,0,1,Pedestrian
21,1278.0,1470.0,1314.0,1529.0,10,1,0,1,Pedestrian
21,1278.0,1470.0,1314.0,1529.0,11,1,0,1,Pedestrian
21,1278.0,1470.0,1314.0,1529.0,12,1,0,1,Pedestrian
21,1278.0,1470.0,1314.0,1529.0,13,1,0,1,Pedestrian
21,1278.0,1470.0,1314.0,1529.0,14,1,0,1,Pedestrian
21,1278.0,1470.0,1314.0,1529.0,15,1,0,1,Pedestrian
21,1278.0,1470.0,1314.0,1529.0,16,1,0,1,Pedestrian
21,1278.0,1470.0,1314.0,1529.0,17,1,0,1,Pedestrian
21,1278.0,1470.0,1314.0,1529.0,18,1,0,1,Pedestrian
21,1278.0,1470.0,1314.0,1529.0,19,1,0,1,Pedestrian
21,1279.0,1470.0,1314.0,1529.0,20,1,0,1,Pedestrian
21,1279.0,1470.0,1314.0,1529.0,21,1,0,1,Pedestrian
21,1279.0,1470.0,1314.0,1529.0,22,1,0,1,Pedestrian
21,1279.0,1470.0,1314.0,1529.0,23,1,0,1,Pedestrian
21,1279.0,1470.0,1316.0,1529.0,24,1,0,1,Pedestrian
21,1279.0,1470.0,1316.0,1529.0,25,1,0,1,Pedestrian
21,1279.0,1470.0,1316.0,1529.0,26,1,0,1,Pedestrian
21,1279.0,1470.0,1316.0,1529.0,27,1,0,1,Pedestrian
21,1279.0,1470.0,1316.0,1529.0,28,1,0,1,Pedestrian
21,1279.0,1470.0,1316.0,1529.0,29,1,0,1,Pedestrian
21,1279.0,1474.0,1316.0,1533.0,30,1,0,1,Pedestrian
21,1279.0,1474.0,1316.0,1533.0,31,1,0,1,Pedestrian
21,1279.0,1474.0,1316.0,1533.0,32,1,0,1,Pedestrian
21,1279.0,1474.0,1316.0,1533.0,33,1,0,1,Pedestrian
21,1279.0,1474.0,1316.0,1533.0,34,1,0,1,Pedestrian
21,1279.0,1474.0,1316.0,1533.0,35,1,0,1,Pedestrian
21,1279.0,1474.0,1316.0,1533.0,36,1,0,1,Pedestrian
21,1279.0,1474.0,1316.0,1533.0,37,1,0,1,Pedestrian
21,1279.0,1474.0,1316.0,1533.0,38,1,0,1,Pedestrian
21,1281.0,1474.0,1316.0,1533.0,39,1,0,1,Pedestrian
21,1281.0,1474.0,1316.0,1533.0,40,1,0,1,Pedestrian
21,1281.0,1474.0,1316.0,1533.0,41,1,0,1,Pedestrian
21,1281.0,1474.0,1316.0,1533.0,42,1,0,1,Pedestrian
21,1281.0,1474.0,1316.0,1533.0,43,1,0,1,Pedestrian
21,1281.0,1474.0,1316.0,1533.0,44,1,0,1,Pedestrian
21,1281.0,1474.0,1316.0,1533.0,45,1,0,1,Pedestrian
21,1281.0,1474.0,1316.0,1533.0,46,1,0,1,Pedestrian
21,1281.0,1474.0,1318.0,1533.0,47,1,0,1,Pedestrian
21,1281.0,1474.0,1318.0,1533.0,48,1,0,1,Pedestrian
21,1281.0,1474.0,1318.0,1533.0,49,1,0,1,Pedestrian
21,1281.0,1474.0,1318.0,1533.0,50,1,0,1,Pedestrian
21,1281.0,1474.0,1318.0,1533.0,51,1,0,1,Pedestrian
21,1281.0,1474.0,1318.0,1533.0,52,1,0,1,Pedestrian
21,1281.0,1474.0,1318.0,1533.0,53,1,0,1,Pedestrian
21,1281.0,1474.0,1318.0,1533.0,54,1,0,1,Pedestrian
21,1281.0,1474.0,1318.0,1533.0,55,1,0,1,Pedestrian
21,1281.0,1474.0,1318.0,1533.0,56,1,0,1,Pedestrian
21,1281.0,1474.0,1318.0,1533.0,57,1,0,1,Pedestrian
21,1281.0,1474.0,1318.0,1533.0,58,1,0,1,Pedestrian
21,1283.0,1478.0,1318.0,1537.0,59,1,0,1,Pedestrian
21,1283.0,1478.0,1318.0,1537.0,60,1,0,1,Pedestrian
21,1283.0,1478.0,1318.0,1537.0,61,1,0,1,Pedestrian
21,1283.0,1478.0,1318.0,1537.0,62,1,0,1,Pedestrian
21,1283.0,1478.0,1318.0,1537.0,63,1,0,1,Pedestrian
21,1283.0,1478.0,1318.0,1537.0,64,1,0,1,Pedestrian
21,1283.0,1478.0,1318.0,1537.0,65,1,0,1,Pedestrian
21,1283.0,1478.0,1318.0,1537.0,66,1,0,1,Pedestrian
21,1283.0,1478.0,1318.0,1537.0,67,1,0,1,Pedestrian
21,1283.0,1478.0,1318.0,1537.0,68,1,0,1,Pedestrian
21,1283.0,1478.0,1318.0,1537.0,69,1,0,1,Pedestrian
21,1283.0,1478.0,1318.0,1537.0,70,1,0,1,Pedestrian
21,1283.0,1478.0,1320.0,1537.0,71,1,0,1,Pedestrian
21,1283.0,1478.0,1320.0,1537.0,72,1,0,1,Pedestrian
21,1283.0,1478.0,1320.0,1537.0,73,1,0,1,Pedestrian
21,1283.0,1478.0,1320.0,1537.0,74,1,0,1,Pedestrian
21,1283.0,1478.0,1320.0,1537.0,75,1,0,1,Pedestrian
21,1283.0,1478.0,1320.0,1537.0,76,1,0,1,Pedestrian
21,1283.0,1478.0,1320.0,1537.0,77,1,0,1,Pedestrian
21,1285.0,1478.0,1320.0,1537.0,78,1,0,1,Pedestrian
21,1285.0,1478.0,1320.0,1537.0,79,1,0,1,Pedestrian
21,1285.0,1478.0,1320.0,1537.0,80,1,0,1,Pedestrian
21,1285.0,1478.0,1320.0,1537.0,81,1,0,1,Pedestrian
21,1285.0,1478.0,1320.0,1537.0,82,1,0,1,Pedestrian
21,1285.0,1478.0,1320.0,1537.0,83,1,0,1,Pedestrian
21,1285.0,1478.0,1320.0,1537.0,84,1,0,1,Pedestrian
21,1285.0,1478.0,1320.0,1537.0,85,1,0,1,Pedestrian
21,1285.0,1478.0,1320.0,1537.0,86,1,0,1,Pedestrian
21,1285.0,1478.0,1320.0,1537.0,87,1,0,1,Pedestrian
21,1285.0,1483.0,1320.0,1541.0,88,1,0,1,Pedestrian
21,1285.0,1483.0,1320.0,1541.0,89,1,0,1,Pedestrian
21,1285.0,1483.0,1320.0,1541.0,90,1,0,1,Pedestrian
21,1285.0,1483.0,1320.0,1541.0,91,1,0,1,Pedestrian
21,1285.0,1483.0,1320.0,1541.0,92,1,0,1,Pedestrian
21,1285.0,1483.0,1320.0,1541.0,93,1,0,1,Pedestrian
21,1285.0,1483.0,1322.0,1541.0,94,1,0,1,Pedestrian
21,1285.0,1483.0,1322.0,1541.0,95,1,0,1,Pedestrian
21,1285.0,1483.0,1322.0,1541.0,96,1,0,1,Pedestrian
21,1285.0,1483.0,1322.0,1541.0,97,1,0,1,Pedestrian
21,1287.0,1483.0,1322.0,1541.0,98,1,0,1,Pedestrian
21,1287.0,1483.0,1322.0,1541.0,99,1,0,1,Pedestrian
21,1287.0,1483.0,1322.0,1541.0,100,1,0,1,Pedestrian
21,1287.0,1483.0,1322.0,1541.0,101,1,0,1,Pedestrian
21,1287.0,1483.0,1322.0,1541.0,102,1,0,1,Pedestrian
21,1287.0,1483.0,1322.0,1541.0,103,1,0,1,Pedestrian
21,1287.0,1483.0,1322.0,1541.0,104,1,0,1,Pedestrian
21,1287.0,1483.0,1322.0,1541.0,105,1,0,1,Pedestrian
21,1287.0,1483.0,1322.0,1541.0,106,1,0,1,Pedestrian
21,1287.0,1483.0,1322.0,1541.0,107,1,0,1,Pedestrian
21,1287.0,1483.0,1322.0,1541.0,108,1,0,1,Pedestrian
21,1287.0,1483.0,1322.0,1541.0,109,1,0,1,Pedestrian
21,1287.0,1483.0,1322.0,1541.0,110,1,0,1,Pedestrian
21,1287.0,1483.0,1322.0,1541.0,111,1,0,1,Pedestrian
21,1287.0,1483.0,1322.0,1541.0,112,1,0,1,Pedestrian
21,1287.0,1483.0,1322.0,1541.0,113,1,0,1,Pedestrian
21,1287.0,1483.0,1322.0,1541.0,114,1,0,1,Pedestrian
21,1287.0,1483.0,1322.0,1541.0,115,1,0,1,Pedestrian
21,1287.0,1483.0,1322.0,1541.0,116,1,0,1,Pedestrian
21,1289.0,1487.0,1324.0,1545.0,117,0,0,0,Pedestrian
21,1287.0,1483.0,1322.0,1541.0,118,0,0,1,Pedestrian
21,1287.0,1478.0,1322.0,1537.0,119,0,0,1,Pedestrian
21,1287.0,1478.0,1322.0,1537.0,120,0,0,1,Pedestrian
21,1285.0,1474.0,1320.0,1533.0,121,0,0,1,Pedestrian
21,1285.0,1470.0,1320.0,1529.0,122,0,0,1,Pedestrian
21,1285.0,1470.0,1320.0,1529.0,123,0,0,1,Pedestrian
21,1285.0,1466.0,1320.0,1525.0,124,0,0,1,Pedestrian
21,1283.0,1462.0,1318.0,1520.0,125,0,0,1,Pedestrian
21,1283.0,1462.0,1318.0,1520.0,126,0,0,1,Pedestrian
21,1283.0,1457.0,1318.0,1516.0,127,0,0,1,Pedestrian
21,1283.0,1453.0,1318.0,1512.0,128,0,0,1,Pedestrian
21,1281.0,1453.0,1316.0,1512.0,129,0,0,1,Pedestrian
21,1281.0,1449.0,1316.0,1508.0,130,0,0,1,Pedestrian
21,1281.0,1445.0,1316.0,1504.0,131,0,0,1,Pedestrian
21,1279.0,1445.0,1314.0,1504.0,132,0,0,1,Pedestrian
21,1279.0,1441.0,1314.0,1499.0,133,0,0,1,Pedestrian
21,1279.0,1437.0,1314.0,1495.0,134,0,0,1,Pedestrian
21,1279.0,1437.0,1314.0,1495.0,135,0,0,1,Pedestrian
21,1278.0,1432.0,1313.0,1491.0,136,0,0,1,Pedestrian
21,1278.0,1432.0,1313.0,1491.0,137,0,0,1,Pedestrian
21,1278.0,1428.0,1313.0,1487.0,138,0,0,1,Pedestrian
21,1278.0,1424.0,1313.0,1483.0,139,0,0,1,Pedestrian
21,1276.0,1424.0,1311.0,1483.0,140,0,0,1,Pedestrian
21,1276.0,1420.0,1311.0,1478.0,141,0,0,1,Pedestrian
21,1276.0,1416.0,1311.0,1474.0,142,0,0,1,Pedestrian
21,1274.0,1416.0,1309.0,1474.0,143,0,0,1,Pedestrian
21,1274.0,1411.0,1309.0,1470.0,144,0,0,1,Pedestrian
21,1274.0,1407.0,1309.0,1466.0,145,0,0,1,Pedestrian
21,1274.0,1407.0,1309.0,1466.0,146,0,0,1,Pedestrian
21,1272.0,1403.0,1307.0,1462.0,147,0,0,1,Pedestrian
21,1272.0,1399.0,1307.0,1457.0,148,0,0,1,Pedestrian
21,1272.0,1399.0,1307.0,1457.0,149,0,0,1,Pedestrian
21,1272.0,1395.0,1307.0,1453.0,150,0,0,1,Pedestrian
21,1270.0,1390.0,1305.0,1449.0,151,0,0,1,Pedestrian
21,1270.0,1390.0,1305.0,1449.0,152,0,0,1,Pedestrian
21,1270.0,1386.0,1305.0,1445.0,153,0,0,1,Pedestrian
21,1268.0,1386.0,1303.0,1445.0,154,0,0,1,Pedestrian
21,1268.0,1382.0,1303.0,1441.0,155,0,0,1,Pedestrian
21,1268.0,1378.0,1303.0,1437.0,156,0,0,1,Pedestrian
21,1268.0,1378.0,1303.0,1437.0,157,0,0,1,Pedestrian
21,1267.0,1374.0,1302.0,1432.0,158,0,0,1,Pedestrian
21,1267.0,1369.0,1302.0,1428.0,159,0,0,1,Pedestrian
21,1267.0,1369.0,1302.0,1428.0,160,0,0,1,Pedestrian
21,1267.0,1365.0,1302.0,1424.0,161,0,0,1,Pedestrian
21,1265.0,1361.0,1300.0,1420.0,162,0,0,1,Pedestrian
21,1265.0,1361.0,1300.0,1420.0,163,0,0,1,Pedestrian
21,1265.0,1357.0,1300.0,1416.0,164,0,0,1,Pedestrian
21,1263.0,1353.0,1298.0,1411.0,165,0,0,1,Pedestrian
21,1263.0,1353.0,1298.0,1411.0,166,0,0,1,Pedestrian
21,1263.0,1349.0,1298.0,1407.0,167,0,0,1,Pedestrian
21,1263.0,1344.0,1298.0,1403.0,168,0,0,1,Pedestrian
21,1261.0,1344.0,1296.0,1403.0,169,0,0,1,Pedestrian
21,1261.0,1340.0,1296.0,1399.0,170,0,0,1,Pedestrian
21,1261.0,1340.0,1296.0,1399.0,171,0,0,1,Pedestrian
21,1261.0,1336.0,1296.0,1395.0,172,0,0,1,Pedestrian
21,1259.0,1332.0,1294.0,1390.0,173,0,0,1,Pedestrian
21,1259.0,1332.0,1294.0,1390.0,174,0,0,1,Pedestrian
21,1259.0,1328.0,1294.0,1386.0,175,0,0,1,Pedestrian
21,1257.0,1323.0,1292.0,1382.0,176,0,0,1,Pedestrian
21,1257.0,1323.0,1292.0,1382.0,177,0,0,1,Pedestrian
21,1257.0,1319.0,1292.0,1378.0,178,0,0,1,Pedestrian
21,1257.0,1315.0,1292.0,1374.0,179,0,0,1,Pedestrian
21,1256.0,1315.0,1291.0,1374.0,180,0,0,1,Pedestrian
21,1256.0,1311.0,1291.0,1369.0,181,0,0,1,Pedestrian
21,1256.0,1307.0,1291.0,1365.0,182,0,0,1,Pedestrian
21,1256.0,1307.0,1291.0,1365.0,183,0,0,1,Pedestrian
21,1254.0,1302.0,1289.0,1361.0,184,0,0,1,Pedestrian
21,1254.0,1298.0,1289.0,1357.0,185,0,0,1,Pedestrian
21,1254.0,1298.0,1289.0,1357.0,186,0,0,1,Pedestrian
21,1252.0,1294.0,1287.0,1353.0,187,0,0,1,Pedestrian
21,1252.0,1294.0,1287.0,1353.0,188,0,0,1,Pedestrian
21,1252.0,1290.0,1287.0,1349.0,189,0,0,1,Pedestrian
21,1252.0,1286.0,1287.0,1344.0,190,0,0,1,Pedestrian
21,1250.0,1286.0,1285.0,1344.0,191,0,0,1,Pedestrian
21,1250.0,1282.0,1285.0,1340.0,192,0,0,1,Pedestrian
21,1250.0,1277.0,1285.0,1336.0,193,0,0,1,Pedestrian
21,1250.0,1277.0,1285.0,1336.0,194,0,0,1,Pedestrian
21,1248.0,1273.0,1283.0,1332.0,195,0,0,1,Pedestrian
21,1248.0,1269.0,1283.0,1328.0,196,0,0,1,Pedestrian
21,1248.0,1269.0,1283.0,1328.0,197,0,0,1,Pedestrian
21,1246.0,1265.0,1281.0,1323.0,198,0,0,1,Pedestrian
21,1246.0,1261.0,1281.0,1319.0,199,0,0,1,Pedestrian
21,1246.0,1261.0,1281.0,1319.0,200,0,0,1,Pedestrian
21,1246.0,1256.0,1281.0,1315.0,201,0,0,1,Pedestrian
21,1244.0,1252.0,1279.0,1311.0,202,0,0,1,Pedestrian
21,1244.0,1252.0,1279.0,1311.0,203,0,0,1,Pedestrian
21,1244.0,1248.0,1279.0,1307.0,204,0,0,1,Pedestrian
21,1244.0,1248.0,1279.0,1307.0,205,0,0,0,Pedestrian
21,1243.0,1244.0,1278.0,1302.0,206,0,0,1,Pedestrian
21,1243.0,1240.0,1278.0,1298.0,207,0,0,1,Pedestrian
21,1243.0,1240.0,1278.0,1298.0,208,0,0,1,Pedestrian
21,1243.0,1235.0,1278.0,1294.0,209,0,0,1,Pedestrian
21,1243.0,1235.0,1278.0,1294.0,210,0,0,1,Pedestrian
21,1243.0,1231.0,1278.0,1290.0,211,0,0,1,Pedestrian
21,1243.0,1231.0,1278.0,1290.0,212,0,0,1,Pedestrian
21,1243.0,1227.0,1278.0,1286.0,213,0,0,1,Pedestrian
21,1243.0,1227.0,1278.0,1286.0,214,0,0,1,Pedestrian
21,1243.0,1223.0,1278.0,1282.0,215,0,0,1,Pedestrian
21,1243.0,1223.0,1278.0,1282.0,216,0,0,1,Pedestrian
21,1243.0,1219.0,1278.0,1277.0,217,0,0,1,Pedestrian
21,1243.0,1219.0,1278.0,1277.0,218,0,0,1,Pedestrian
21,1243.0,1214.0,1278.0,1273.0,219,0,0,1,Pedestrian
21,1243.0,1214.0,1278.0,1273.0,220,0,0,1,Pedestrian
21,1243.0,1210.0,1278.0,1269.0,221,0,0,1,Pedestrian
21,1243.0,1210.0,1278.0,1269.0,222,0,0,1,Pedestrian
21,1243.0,1206.0,1278.0,1265.0,223,0,0,1,Pedestrian
21,1243.0,1206.0,1278.0,1265.0,224,0,0,1,Pedestrian
21,1243.0,1202.0,1278.0,1261.0,225,0,0,1,Pedestrian
21,1243.0,1198.0,1278.0,1256.0,226,0,0,1,Pedestrian
21,1243.0,1198.0,1278.0,1256.0,227,0,0,1,Pedestrian
21,1243.0,1194.0,1278.0,1252.0,228,0,0,1,Pedestrian
21,1243.0,1194.0,1278.0,1252.0,229,0,0,1,Pedestrian
21,1243.0,1189.0,1278.0,1248.0,230,0,0,1,Pedestrian
21,1243.0,1189.0,1278.0,1248.0,231,0,0,1,Pedestrian
21,1243.0,1185.0,1278.0,1244.0,232,0,0,1,Pedestrian
21,1243.0,1185.0,1278.0,1244.0,233,0,0,1,Pedestrian
21,1243.0,1181.0,1278.0,1240.0,234,0,0,1,Pedestrian
21,1243.0,1181.0,1278.0,1240.0,235,0,0,1,Pedestrian
21,1243.0,1177.0,1278.0,1235.0,236,0,0,1,Pedestrian
21,1243.0,1177.0,1278.0,1235.0,237,0,0,1,Pedestrian
21,1243.0,1173.0,1278.0,1231.0,238,0,0,1,Pedestrian
21,1243.0,1173.0,1278.0,1231.0,239,0,0,1,Pedestrian
21,1243.0,1168.0,1278.0,1227.0,240,0,0,1,Pedestrian
21,1243.0,1168.0,1278.0,1227.0,241,0,0,1,Pedestrian
21,1243.0,1164.0,1278.0,1223.0,242,0,0,1,Pedestrian
21,1243.0,1164.0,1278.0,1223.0,243,0,0,1,Pedestrian
21,1243.0,1160.0,1278.0,1219.0,244,0,0,1,Pedestrian
21,1243.0,1156.0,1278.0,1214.0,245,0,0,1,Pedestrian
21,1243.0,1156.0,1278.0,1214.0,246,0,0,1,Pedestrian
21,1243.0,1152.0,1278.0,1210.0,247,0,0,1,Pedestrian
21,1243.0,1152.0,1278.0,1210.0,248,0,0,1,Pedestrian
21,1243.0,1147.0,1278.0,1206.0,249,0,0,1,Pedestrian
21,1243.0,1147.0,1278.0,1206.0,250,0,0,1,Pedestrian
21,1243.0,1143.0,1278.0,1202.0,251,0,0,1,Pedestrian
21,1243.0,1143.0,1278.0,1202.0,252,0,0,1,Pedestrian
21,1243.0,1139.0,1278.0,1198.0,253,0,0,1,Pedestrian
21,1243.0,1139.0,1278.0,1198.0,254,0,0,1,Pedestrian
21,1243.0,1135.0,1278.0,1194.0,255,0,0,1,Pedestrian
21,1243.0,1135.0,1278.0,1194.0,256,0,0,1,Pedestrian
21,1243.0,1131.0,1278.0,1189.0,257,0,0,1,Pedestrian
21,1243.0,1131.0,1278.0,1189.0,258,0,0,1,Pedestrian
21,1243.0,1126.0,1278.0,1185.0,259,0,0,1,Pedestrian
21,1243.0,1126.0,1278.0,1185.0,260,0,0,1,Pedestrian
21,1243.0,1122.0,1278.0,1181.0,261,0,0,1,Pedestrian
21,1243.0,1122.0,1278.0,1181.0,262,0,0,0,Pedestrian
21,1241.0,1118.0,1276.0,1177.0,263,0,0,1,Pedestrian
21,1239.0,1118.0,1274.0,1177.0,264,0,0,1,Pedestrian
21,1237.0,1118.0,1272.0,1177.0,265,0,0,1,Pedestrian
21,1235.0,1114.0,1270.0,1173.0,266,0,0,1,Pedestrian
21,1233.0,1114.0,1268.0,1173.0,267,0,0,1,Pedestrian
21,1233.0,1114.0,1268.0,1173.0,268,0,0,1,Pedestrian
21,1232.0,1110.0,1267.0,1168.0,269,0,0,1,Pedestrian
21,1230.0,1110.0,1265.0,1168.0,270,0,0,1,Pedestrian
21,1228.0,1110.0,1263.0,1168.0,271,0,0,1,Pedestrian
21,1226.0,1106.0,1261.0,1164.0,272,0,0,1,Pedestrian
21,1226.0,1106.0,1261.0,1164.0,273,0,0,1,Pedestrian
21,1224.0,1106.0,1259.0,1164.0,274,0,0,1,Pedestrian
21,1222.0,1101.0,1257.0,1160.0,275,0,0,1,Pedestrian
21,1221.0,1101.0,1256.0,1160.0,276,0,0,1,Pedestrian
21,1219.0,1101.0,1254.0,1160.0,277,0,0,1,Pedestrian
21,1217.0,1097.0,1252.0,1156.0,278,0,0,1,Pedestrian
21,1217.0,1097.0,1252.0,1156.0,279,0,0,1,Pedestrian
21,1215.0,1097.0,1250.0,1156.0,280,0,0,1,Pedestrian
21,1213.0,1093.0,1248.0,1152.0,281,0,0,1,Pedestrian
21,1211.0,1093.0,1246.0,1152.0,282,0,0,1,Pedestrian
21,1209.0,1093.0,1244.0,1152.0,283,0,0,1,Pedestrian
21,1209.0,1093.0,1244.0,1152.0,284,0,0,1,Pedestrian
21,1208.0,1089.0,1243.0,1147.0,285,0,0,1,Pedestrian
21,1206.0,1089.0,1241.0,1147.0,286,0,0,1,Pedestrian
21,1204.0,1089.0,1239.0,1147.0,287,0,0,1,Pedestrian
21,1202.0,1085.0,1237.0,1143.0,288,0,0,1,Pedestrian
21,1200.0,1085.0,1235.0,1143.0,289,0,0,1,Pedestrian
21,1200.0,1085.0,1235.0,1143.0,290,0,0,1,Pedestrian
21,1198.0,1080.0,1233.0,1139.0,291,0,0,1,Pedestrian
21,1197.0,1080.0,1232.0,1139.0,292,0,0,1,Pedestrian
21,1195.0,1080.0,1230.0,1139.0,293,0,0,1,Pedestrian
21,1193.0,1076.0,1228.0,1135.0,294,0,0,1,Pedestrian
21,1193.0,1076.0,1228.0,1135.0,295,0,0,1,Pedestrian
21,1191.0,1076.0,1226.0,1135.0,296,0,0,1,Pedestrian
21,1189.0,1072.0,1224.0,1131.0,297,0,0,1,Pedestrian
21,1187.0,1072.0,1222.0,1131.0,298,0,0,1,Pedestrian
21,1186.0,1072.0,1221.0,1131.0,299,0,0,1,Pedestrian
21,1184.0,1068.0,1219.0,1126.0,300,0,0,1,Pedestrian
21,1184.0,1068.0,1219.0,1126.0,301,0,0,1,Pedestrian
21,1182.0,1068.0,1217.0,1126.0,302,0,0,1,Pedestrian
21,1180.0,1064.0,1215.0,1122.0,303,0,0,1,Pedestrian
21,1178.0,1064.0,1213.0,1122.0,304,0,0,1,Pedestrian
21,1176.0,1064.0,1211.0,1122.0,305,0,0,1,Pedestrian
21,1176.0,1064.0,1211.0,1122.0,306,0,0,0,Pedestrian
21,1173.0,1059.0,1208.0,1118.0,307,0,0,1,Pedestrian
21,1169.0,1059.0,1204.0,1118.0,308,0,0,1,Pedestrian
21,1165.0,1059.0,1200.0,1118.0,309,0,0,1,Pedestrian
21,1162.0,1059.0,1197.0,1118.0,310,0,0,1,Pedestrian
21,1158.0,1059.0,1193.0,1118.0,311,0,0,1,Pedestrian
21,1154.0,1055.0,1189.0,1114.0,312,0,0,1,Pedestrian
21,1151.0,1055.0,1186.0,1114.0,313,0,0,1,Pedestrian
21,1147.0,1055.0,1182.0,1114.0,314,0,0,1,Pedestrian
21,1143.0,1055.0,1178.0,1114.0,315,0,0,1,Pedestrian
21,1139.0,1055.0,1174.0,1114.0,316,0,0,1,Pedestrian
21,1136.0,1051.0,1171.0,1110.0,317,0,0,1,Pedestrian
21,1132.0,1051.0,1167.0,1110.0,318,0,0,1,Pedestrian
21,1128.0,1051.0,1163.0,1110.0,319,0,0,1,Pedestrian
21,1125.0,1051.0,1160.0,1110.0,320,0,0,1,Pedestrian
21,1121.0,1051.0,1156.0,1110.0,321,0,0,1,Pedestrian
21,1117.0,1047.0,1152.0,1106.0,322,0,0,1,Pedestrian
21,1114.0,1047.0,1149.0,1106.0,323,0,0,1,Pedestrian
21,1110.0,1047.0,1145.0,1106.0,324,0,0,1,Pedestrian
21,1106.0,1047.0,1141.0,1106.0,325,0,0,1,Pedestrian
21,1103.0,1047.0,1138.0,1106.0,326,0,0,1,Pedestrian
21,1099.0,1047.0,1134.0,1106.0,327,0,0,0,Pedestrian
21,1095.0,1043.0,1130.0,1101.0,328,0,0,1,Pedestrian
21,1093.0,1043.0,1128.0,1101.0,329,0,0,1,Pedestrian
21,1092.0,1043.0,1127.0,1101.0,330,0,0,1,Pedestrian
21,1090.0,1043.0,1125.0,1101.0,331,0,0,1,Pedestrian
21,1088.0,1043.0,1123.0,1101.0,332,0,0,1,Pedestrian
21,1086.0,1043.0,1121.0,1101.0,333,0,0,1,Pedestrian
21,1084.0,1043.0,1119.0,1101.0,334,0,0,1,Pedestrian
21,1081.0,1043.0,1116.0,1101.0,335,0,0,1,Pedestrian
21,1079.0,1043.0,1114.0,1101.0,336,0,0,1,Pedestrian
21,1077.0,1043.0,1112.0,1101.0,337,0,0,1,Pedestrian
21,1075.0,1043.0,1110.0,1101.0,338,0,0,1,Pedestrian
21,1073.0,1043.0,1108.0,1101.0,339,0,0,1,Pedestrian
21,1071.0,1043.0,1106.0,1101.0,340,0,0,1,Pedestrian
21,1070.0,1043.0,1105.0,1101.0,341,0,0,1,Pedestrian
21,1068.0,1043.0,1103.0,1101.0,342,0,0,1,Pedestrian
21,1064.0,1043.0,1099.0,1101.0,343,0,0,1,Pedestrian
21,1062.0,1043.0,1097.0,1101.0,344,0,0,1,Pedestrian
21,1060.0,1043.0,1095.0,1101.0,345,0,0,1,Pedestrian
21,1058.0,1043.0,1093.0,1101.0,346,0,0,1,Pedestrian
21,1057.0,1043.0,1092.0,1101.0,347,0,0,1,Pedestrian
21,1055.0,1043.0,1090.0,1101.0,348,0,0,1,Pedestrian
21,1053.0,1043.0,1088.0,1101.0,349,0,0,1,Pedestrian
21,1051.0,1043.0,1086.0,1101.0,350,0,0,1,Pedestrian
21,1047.0,1043.0,1082.0,1101.0,351,0,0,1,Pedestrian
21,1046.0,1043.0,1081.0,1101.0,352,0,0,1,Pedestrian
21,1044.0,1043.0,1079.0,1101.0,353,0,0,1,Pedestrian
21,1042.0,1043.0,1077.0,1101.0,354,0,0,1,Pedestrian
21,1040.0,1043.0,1075.0,1101.0,355,0,0,1,Pedestrian
21,1038.0,1043.0,1073.0,1101.0,356,0,0,1,Pedestrian
21,1036.0,1043.0,1071.0,1101.0,357,0,0,1,Pedestrian
21,1035.0,1043.0,1070.0,1101.0,358,0,0,1,Pedestrian
21,1031.0,1039.0,1066.0,1097.0,359,0,0,1,Pedestrian
21,1029.0,1039.0,1064.0,1097.0,360,0,0,1,Pedestrian
21,1027.0,1039.0,1062.0,1097.0,361,0,0,1,Pedestrian
21,1025.0,1039.0,1060.0,1097.0,362,0,0,1,Pedestrian
21,1023.0,1039.0,1058.0,1097.0,363,0,0,1,Pedestrian
21,1022.0,1039.0,1057.0,1097.0,364,0,0,1,Pedestrian
21,1020.0,1039.0,1055.0,1097.0,365,0,0,1,Pedestrian
21,1016.0,1039.0,1051.0,1097.0,366,0,0,1,Pedestrian
21,1014.0,1039.0,1049.0,1097.0,367,0,0,1,Pedestrian
21,1012.0,1039.0,1047.0,1097.0,368,0,0,1,Pedestrian
21,1011.0,1039.0,1046.0,1097.0,369,0,0,1,Pedestrian
21,1009.0,1039.0,1044.0,1097.0,370,0,0,1,Pedestrian
21,1007.0,1039.0,1042.0,1097.0,371,0,0,1,Pedestrian
21,1005.0,1039.0,1040.0,1097.0,372,0,0,1,Pedestrian
21,1003.0,1039.0,1038.0,1097.0,373,0,0,1,Pedestrian
21,1000.0,1039.0,1035.0,1097.0,374,0,0,1,Pedestrian
21,998.0,1039.0,1033.0,1097.0,375,0,0,1,Pedestrian
21,996.0,1039.0,1031.0,1097.0,376,0,0,1,Pedestrian
21,994.0,1039.0,1029.0,1097.0,377,0,0,1,Pedestrian
21,992.0,1039.0,1027.0,1097.0,378,0,0,1,Pedestrian
21,990.0,1039.0,1025.0,1097.0,379,0,0,1,Pedestrian
21,988.0,1039.0,1023.0,1097.0,380,0,0,1,Pedestrian
21,987.0,1039.0,1022.0,1097.0,381,0,0,1,Pedestrian
21,983.0,1039.0,1018.0,1097.0,382,0,0,1,Pedestrian
21,981.0,1039.0,1016.0,1097.0,383,0,0,1,Pedestrian
21,979.0,1039.0,1014.0,1097.0,384,0,0,1,Pedestrian
21,977.0,1039.0,1012.0,1097.0,385,0,0,1,Pedestrian
21,976.0,1039.0,1011.0,1097.0,386,0,0,1,Pedestrian
21,974.0,1039.0,1009.0,1097.0,387,0,0,1,Pedestrian
21,972.0,1039.0,1007.0,1097.0,388,0,0,1,Pedestrian
21,970.0,1039.0,1005.0,1097.0,389,0,0,1,Pedestrian
21,966.0,1034.0,1001.0,1093.0,390,0,0,1,Pedestrian
21,965.0,1034.0,1000.0,1093.0,391,0,0,1,Pedestrian
21,963.0,1034.0,998.0,1093.0,392,0,0,1,Pedestrian
21,961.0,1034.0,996.0,1093.0,393,0,0,1,Pedestrian
21,959.0,1034.0,994.0,1093.0,394,0,0,1,Pedestrian
21,957.0,1034.0,992.0,1093.0,395,0,0,1,Pedestrian
21,955.0,1034.0,990.0,1093.0,396,0,0,1,Pedestrian
21,952.0,1034.0,987.0,1093.0,397,0,0,1,Pedestrian
21,950.0,1034.0,985.0,1093.0,398,0,0,1,Pedestrian
21,948.0,1034.0,983.0,1093.0,399,0,0,1,Pedestrian
21,946.0,1034.0,981.0,1093.0,400,0,0,1,Pedestrian
21,944.0,1034.0,979.0,1093.0,401,0,0,1,Pedestrian
21,942.0,1034.0,977.0,1093.0,402,0,0,1,Pedestrian
21,941.0,1034.0,976.0,1093.0,403,0,0,1,Pedestrian
21,939.0,1034.0,974.0,1093.0,404,0,0,1,Pedestrian
21,935.0,1034.0,970.0,1093.0,405,0,0,1,Pedestrian
21,933.0,1034.0,968.0,1093.0,406,0,0,1,Pedestrian
21,931.0,1034.0,966.0,1093.0,407,0,0,1,Pedestrian
21,930.0,1034.0,965.0,1093.0,408,0,0,1,Pedestrian
21,928.0,1034.0,963.0,1093.0,409,0,0,1,Pedestrian
21,926.0,1034.0,961.0,1093.0,410,0,0,1,Pedestrian
21,924.0,1034.0,959.0,1093.0,411,0,0,1,Pedestrian
21,922.0,1034.0,957.0,1093.0,412,0,0,1,Pedestrian
21,918.0,1034.0,953.0,1093.0,413,0,0,1,Pedestrian
21,917.0,1034.0,952.0,1093.0,414,0,0,1,Pedestrian
21,915.0,1034.0,950.0,1093.0,415,0,0,1,Pedestrian
21,913.0,1034.0,948.0,1093.0,416,0,0,1,Pedestrian
21,911.0,1034.0,946.0,1093.0,417,0,0,1,Pedestrian
21,909.0,1034.0,944.0,1093.0,418,0,0,1,Pedestrian
21,907.0,1034.0,942.0,1093.0,419,0,0,1,Pedestrian
21,906.0,1034.0,941.0,1093.0,420,0,0,1,Pedestrian
21,902.0,1030.0,937.0,1089.0,421,0,0,1,Pedestrian
21,900.0,1030.0,935.0,1089.0,422,0,0,1,Pedestrian
21,898.0,1030.0,933.0,1089.0,423,0,0,1,Pedestrian
21,896.0,1030.0,931.0,1089.0,424,0,0,1,Pedestrian
21,895.0,1030.0,930.0,1089.0,425,0,0,1,Pedestrian
21,893.0,1030.0,928.0,1089.0,426,0,0,1,Pedestrian
21,891.0,1030.0,926.0,1089.0,427,0,0,1,Pedestrian
21,887.0,1030.0,922.0,1089.0,428,0,0,1,Pedestrian
21,885.0,1030.0,920.0,1089.0,429,0,0,1,Pedestrian
21,884.0,1030.0,918.0,1089.0,430,0,0,1,Pedestrian
21,882.0,1030.0,917.0,1089.0,431,0,0,1,Pedestrian
21,880.0,1030.0,915.0,1089.0,432,0,0,1,Pedestrian
21,878.0,1030.0,913.0,1089.0,433,0,0,1,Pedestrian
21,876.0,1030.0,911.0,1089.0,434,0,0,1,Pedestrian
21,874.0,1030.0,909.0,1089.0,435,0,0,1,Pedestrian
21,871.0,1030.0,906.0,1089.0,436,0,0,1,Pedestrian
21,869.0,1030.0,904.0,1089.0,437,0,0,1,Pedestrian
21,867.0,1030.0,902.0,1089.0,438,0,0,1,Pedestrian
21,865.0,1030.0,900.0,1089.0,439,0,0,1,Pedestrian
21,863.0,1030.0,898.0,1089.0,440,0,0,1,Pedestrian
21,861.0,1030.0,896.0,1089.0,441,0,0,1,Pedestrian
21,860.0,1030.0,895.0,1089.0,442,0,0,1,Pedestrian
21,858.0,1030.0,893.0,1089.0,443,0,0,1,Pedestrian
21,854.0,1030.0,889.0,1089.0,444,0,0,1,Pedestrian
21,852.0,1030.0,887.0,1089.0,445,0,0,1,Pedestrian
21,850.0,1030.0,885.0,1089.0,446,0,0,1,Pedestrian
21,849.0,1030.0,884.0,1089.0,447,0,0,1,Pedestrian
21,847.0,1030.0,882.0,1089.0,448,0,0,1,Pedestrian
21,845.0,1030.0,880.0,1089.0,449,0,0,1,Pedestrian
21,843.0,1030.0,878.0,1089.0,450,0,0,1,Pedestrian
21,841.0,1030.0,876.0,1089.0,451,0,0,1,Pedestrian
21,837.0,1026.0,872.0,1085.0,452,0,0,1,Pedestrian
21,836.0,1026.0,871.0,1085.0,453,0,0,1,Pedestrian
21,834.0,1026.0,869.0,1085.0,454,0,0,1,Pedestrian
21,832.0,1026.0,867.0,1085.0,455,0,0,1,Pedestrian
21,830.0,1026.0,865.0,1085.0,456,0,0,1,Pedestrian
21,828.0,1026.0,863.0,1085.0,457,0,0,1,Pedestrian
21,826.0,1026.0,861.0,1085.0,458,0,0,1,Pedestrian
21,823.0,1026.0,858.0,1085.0,459,0,0,1,Pedestrian
21,821.0,1026.0,856.0,1085.0,460,0,0,1,Pedestrian
21,819.0,1026.0,854.0,1085.0,461,0,0,1,Pedestrian
21,817.0,1026.0,852.0,1085.0,462,0,0,1,Pedestrian
21,815.0,1026.0,850.0,1085.0,463,0,0,1,Pedestrian
21,814.0,1026.0,849.0,1085.0,464,0,0,1,Pedestrian
21,812.0,1026.0,847.0,1085.0,465,0,0,1,Pedestrian
21,810.0,1026.0,845.0,1085.0,466,0,0,1,Pedestrian
21,806.0,1026.0,841.0,1085.0,467,0,0,1,Pedestrian
21,804.0,1026.0,839.0,1085.0,468,0,0,1,Pedestrian
21,802.0,1026.0,837.0,1085.0,469,0,0,1,Pedestrian
21,801.0,1026.0,836.0,1085.0,470,0,0,1,Pedestrian
21,799.0,1026.0,834.0,1085.0,471,0,0,1,Pedestrian
21,797.0,1026.0,832.0,1085.0,472,0,0,1,Pedestrian
21,795.0,1026.0,830.0,1085.0,473,0,0,1,Pedestrian
21,793.0,1026.0,828.0,1085.0,474,0,0,1,Pedestrian
21,790.0,1026.0,825.0,1085.0,475,0,0,1,Pedestrian
21,788.0,1026.0,823.0,1085.0,476,0,0,1,Pedestrian
21,786.0,1026.0,821.0,1085.0,477,0,0,1,Pedestrian
21,784.0,1026.0,819.0,1085.0,478,0,0,1,Pedestrian
21,782.0,1026.0,817.0,1085.0,479,0,0,1,Pedestrian
21,780.0,1026.0,815.0,1085.0,480,0,0,1,Pedestrian
21,779.0,1026.0,814.0,1085.0,481,0,0,1,Pedestrian
21,777.0,1026.0,812.0,1085.0,482,0,0,0,Pedestrian
21,775.0,1022.0,810.0,1080.0,483,0,0,1,Pedestrian
21,773.0,1018.0,808.0,1080.0,484,0,0,1,Pedestrian
21,771.0,1018.0,806.0,1076.0,485,0,0,1,Pedestrian
21,769.0,1013.0,804.0,1076.0,486,0,0,1,Pedestrian
21,767.0,1009.0,802.0,1072.0,487,0,0,1,Pedestrian
21,766.0,1009.0,802.0,1072.0,488,0,0,1,Pedestrian
21,764.0,1005.0,801.0,1068.0,489,0,0,1,Pedestrian
21,762.0,1005.0,799.0,1068.0,490,0,0,1,Pedestrian
21,762.0,1001.0,797.0,1068.0,491,0,0,1,Pedestrian
21,760.0,997.0,795.0,1064.0,492,0,0,1,Pedestrian
21,758.0,997.0,793.0,1064.0,493,0,0,1,Pedestrian
21,756.0,992.0,793.0,1059.0,494,0,0,1,Pedestrian
21,755.0,992.0,791.0,1059.0,495,0,0,1,Pedestrian
21,753.0,988.0,790.0,1055.0,496,0,0,1,Pedestrian
21,751.0,984.0,788.0,1055.0,497,0,0,1,Pedestrian
21,749.0,984.0,786.0,1051.0,498,0,0,1,Pedestrian
21,747.0,980.0,784.0,1051.0,499,0,0,1,Pedestrian
21,747.0,980.0,784.0,1051.0,500,0,0,0,Pedestrian
21,745.0,976.0,782.0,1047.0,501,0,0,1,Pedestrian
21,744.0,976.0,780.0,1047.0,502,0,0,1,Pedestrian
21,742.0,971.0,779.0,1043.0,503,0,0,1,Pedestrian
21,740.0,971.0,777.0,1043.0,504,0,0,1,Pedestrian
21,738.0,967.0,775.0,1043.0,505,0,0,1,Pedestrian
21,736.0,967.0,773.0,1039.0,506,0,0,1,Pedestrian
21,734.0,963.0,771.0,1039.0,507,0,0,1,Pedestrian
21,732.0,963.0,769.0,1039.0,508,0,0,1,Pedestrian
21,731.0,959.0,767.0,1034.0,509,0,0,1,Pedestrian
21,729.0,959.0,767.0,1034.0,510,0,0,1,Pedestrian
21,727.0,955.0,766.0,1030.0,511,0,0,1,Pedestrian
21,725.0,955.0,764.0,1030.0,512,0,0,1,Pedestrian
21,723.0,955.0,762.0,1030.0,513,0,0,1,Pedestrian
21,721.0,951.0,760.0,1026.0,514,0,0,1,Pedestrian
21,720.0,951.0,758.0,1026.0,515,0,0,1,Pedestrian
21,718.0,946.0,756.0,1026.0,516,0,0,1,Pedestrian
21,716.0,946.0,755.0,1022.0,517,0,0,1,Pedestrian
21,714.0,942.0,753.0,1022.0,518,0,0,1,Pedestrian
21,712.0,942.0,753.0,1018.0,519,0,0,1,Pedestrian
21,710.0,938.0,751.0,1018.0,520,0,0,1,Pedestrian
21,709.0,938.0,749.0,1018.0,521,0,0,1,Pedestrian
21,707.0,934.0,747.0,1013.0,522,0,0,1,Pedestrian
21,705.0,934.0,745.0,1013.0,523,0,0,1,Pedestrian
21,703.0,930.0,744.0,1013.0,524,0,0,1,Pedestrian
21,701.0,930.0,742.0,1009.0,525,0,0,1,Pedestrian
21,699.0,930.0,740.0,1009.0,526,0,0,1,Pedestrian
21,697.0,925.0,738.0,1009.0,527,0,0,1,Pedestrian
21,696.0,925.0,738.0,1005.0,528,0,0,1,Pedestrian
21,694.0,921.0,736.0,1005.0,529,0,0,1,Pedestrian
21,692.0,921.0,734.0,1001.0,530,0,0,1,Pedestrian
21,690.0,917.0,732.0,1001.0,531,0,0,1,Pedestrian
21,688.0,917.0,731.0,1001.0,532,0,0,1,Pedestrian
21,686.0,913.0,729.0,997.0,533,0,0,1,Pedestrian
21,685.0,913.0,727.0,997.0,534,0,0,1,Pedestrian
21,683.0,909.0,725.0,997.0,535,0,0,1,Pedestrian
21,681.0,909.0,723.0,992.0,536,0,0,1,Pedestrian
21,679.0,904.0,721.0,992.0,537,0,0,1,Pedestrian
21,677.0,904.0,721.0,988.0,538,0,0,1,Pedestrian
21,675.0,904.0,720.0,988.0,539,0,0,1,Pedestrian
21,674.0,900.0,718.0,988.0,540,0,0,1,Pedestrian
21,672.0,900.0,716.0,984.0,541,0,0,1,Pedestrian
21,670.0,896.0,714.0,984.0,542,0,0,1,Pedestrian
21,668.0,896.0,712.0,984.0,543,0,0,1,Pedestrian
21,666.0,892.0,710.0,980.0,544,0,0,1,Pedestrian
21,664.0,892.0,709.0,980.0,545,0,0,1,Pedestrian
21,663.0,888.0,707.0,980.0,546,0,0,1,Pedestrian
21,661.0,888.0,707.0,976.0,547,0,0,1,Pedestrian
21,659.0,884.0,705.0,976.0,548,0,0,1,Pedestrian
21,657.0,884.0,703.0,971.0,549,0,0,1,Pedestrian
21,655.0,879.0,701.0,971.0,550,0,0,1,Pedestrian
21,653.0,879.0,699.0,971.0,551,0,0,1,Pedestrian
21,651.0,879.0,697.0,967.0,552,0,0,1,Pedestrian
21,650.0,875.0,696.0,967.0,553,0,0,1,Pedestrian
21,648.0,875.0,694.0,967.0,554,0,0,1,Pedestrian
21,646.0,871.0,692.0,963.0,555,0,0,1,Pedestrian
21,644.0,871.0,692.0,963.0,556,0,0,1,Pedestrian
21,642.0,867.0,690.0,959.0,557,0,0,1,Pedestrian
21,640.0,867.0,688.0,959.0,558,0,0,1,Pedestrian
21,639.0,863.0,686.0,959.0,559,0,0,1,Pedestrian
21,637.0,863.0,685.0,955.0,560,0,0,1,Pedestrian
21,635.0,858.0,683.0,955.0,561,0,0,1,Pedestrian
21,633.0,858.0,681.0,955.0,562,0,0,1,Pedestrian
21,631.0,854.0,679.0,951.0,563,0,0,1,Pedestrian
21,629.0,854.0,677.0,951.0,564,0,0,1,Pedestrian
21,629.0,854.0,677.0,951.0,565,0,0,0,Pedestrian
21,626.0,850.0,674.0,946.0,566,0,0,1,Pedestrian
21,624.0,850.0,672.0,946.0,567,0,0,1,Pedestrian
21,622.0,850.0,670.0,946.0,568,0,0,1,Pedestrian
21,620.0,850.0,668.0,946.0,569,0,0,1,Pedestrian
21,618.0,850.0,666.0,946.0,570,0,0,1,Pedestrian
21,616.0,850.0,664.0,946.0,571,0,0,1,Pedestrian
21,615.0,850.0,663.0,946.0,572,0,0,1,Pedestrian
21,613.0,850.0,661.0,946.0,573,0,0,1,Pedestrian
21,611.0,850.0,659.0,946.0,574,0,0,1,Pedestrian
21,609.0,850.0,657.0,946.0,575,0,0,1,Pedestrian
21,605.0,850.0,653.0,946.0,576,0,0,1,Pedestrian
21,604.0,850.0,651.0,942.0,577,0,0,1,Pedestrian
21,602.0,850.0,650.0,942.0,578,0,0,1,Pedestrian
21,600.0,846.0,648.0,942.0,579,0,0,1,Pedestrian
21,598.0,846.0,646.0,942.0,580,0,0,1,Pedestrian
21,596.0,846.0,644.0,942.0,581,0,0,1,Pedestrian
21,594.0,846.0,642.0,942.0,582,0,0,1,Pedestrian
21,593.0,846.0,640.0,942.0,583,0,0,1,Pedestrian
21,591.0,846.0,639.0,942.0,584,0,0,1,Pedestrian
21,589.0,846.0,637.0,942.0,585,0,0,1,Pedestrian
21,585.0,846.0,633.0,942.0,586,0,0,1,Pedestrian
21,583.0,846.0,631.0,942.0,587,0,0,1,Pedestrian
21,581.0,846.0,629.0,942.0,588,0,0,1,Pedestrian
21,580.0,846.0,628.0,938.0,589,0,0,1,Pedestrian
21,578.0,846.0,626.0,938.0,590,0,0,1,Pedestrian
21,576.0,846.0,624.0,938.0,591,0,0,1,Pedestrian
21,574.0,842.0,622.0,938.0,592,0,0,1,Pedestrian
21,572.0,842.0,620.0,938.0,593,0,0,1,Pedestrian
21,570.0,842.0,618.0,938.0,594,0,0,1,Pedestrian
21,569.0,842.0,616.0,938.0,595,0,0,1,Pedestrian
21,567.0,842.0,615.0,938.0,596,0,0,1,Pedestrian
21,563.0,842.0,611.0,938.0,597,0,0,1,Pedestrian
21,561.0,842.0,609.0,938.0,598,0,0,1,Pedestrian
21,559.0,842.0,607.0,938.0,599,0,0,1,Pedestrian
21,558.0,842.0,605.0,938.0,600,0,0,1,Pedestrian
21,556.0,842.0,604.0,934.0,601,0,0,1,Pedestrian
21,554.0,842.0,602.0,934.0,602,0,0,1,Pedestrian
21,552.0,842.0,600.0,934.0,603,0,0,1,Pedestrian
21,550.0,842.0,598.0,934.0,604,0,0,1,Pedestrian
21,548.0,842.0,596.0,934.0,605,0,0,1,Pedestrian
21,546.0,837.0,594.0,934.0,606,0,0,1,Pedestrian
21,543.0,837.0,591.0,934.0,607,0,0,1,Pedestrian
21,541.0,837.0,589.0,934.0,608,0,0,1,Pedestrian
21,539.0,837.0,587.0,934.0,609,0,0,1,Pedestrian
21,537.0,837.0,585.0,934.0,610,0,0,1,Pedestrian
21,535.0,837.0,583.0,934.0,611,0,0,1,Pedestrian
21,534.0,837.0,581.0,934.0,612,0,0,1,Pedestrian
21,532.0,837.0,580.0,930.0,613,0,0,1,Pedestrian
21,530.0,837.0,578.0,930.0,614,0,0,1,Pedestrian
21,528.0,837.0,576.0,930.0,615,0,0,1,Pedestrian
21,526.0,837.0,574.0,930.0,616,0,0,1,Pedestrian
21,524.0,837.0,572.0,930.0,617,0,0,1,Pedestrian
21,521.0,837.0,569.0,930.0,618,0,0,1,Pedestrian
21,519.0,833.0,567.0,930.0,619,0,0,1,Pedestrian
21,517.0,833.0,565.0,930.0,620,0,0,1,Pedestrian
21,515.0,833.0,563.0,930.0,621,0,0,1,Pedestrian
21,513.0,833.0,561.0,930.0,622,0,0,1,Pedestrian
21,511.0,833.0,559.0,930.0,623,0,0,1,Pedestrian
21,510.0,833.0,558.0,925.0,624,0,0,1,Pedestrian
21,508.0,833.0,556.0,925.0,625,0,0,1,Pedestrian
21,506.0,833.0,554.0,925.0,626,0,0,1,Pedestrian
21,504.0,833.0,552.0,925.0,627,0,0,1,Pedestrian
21,500.0,833.0,548.0,925.0,628,0,0,1,Pedestrian
21,499.0,833.0,546.0,925.0,629,0,0,1,Pedestrian
21,497.0,833.0,545.0,925.0,630,0,0,1,Pedestrian
21,495.0,833.0,543.0,925.0,631,0,0,1,Pedestrian
21,493.0,833.0,541.0,925.0,632,0,0,1,Pedestrian
21,491.0,829.0,539.0,925.0,633,0,0,1,Pedestrian
21,489.0,829.0,537.0,925.0,634,0,0,1,Pedestrian
21,488.0,829.0,535.0,925.0,635,0,0,1,Pedestrian
21,486.0,829.0,534.0,921.0,636,0,0,1,Pedestrian
21,484.0,829.0,532.0,921.0,637,0,0,1,Pedestrian
21,482.0,829.0,530.0,921.0,638,0,0,1,Pedestrian
21,478.0,829.0,526.0,921.0,639,0,0,1,Pedestrian
21,476.0,829.0,524.0,921.0,640,0,0,1,Pedestrian
21,475.0,829.0,523.0,921.0,641,0,0,1,Pedestrian
21,473.0,829.0,521.0,921.0,642,0,0,1,Pedestrian
21,471.0,829.0,519.0,921.0,643,0,0,1,Pedestrian
21,469.0,829.0,517.0,921.0,644,0,0,1,Pedestrian
21,467.0,829.0,515.0,921.0,645,0,0,1,Pedestrian
21,465.0,825.0,513.0,921.0,646,0,0,1,Pedestrian
21,464.0,825.0,511.0,921.0,647,0,0,1,Pedestrian
21,462.0,825.0,510.0,917.0,648,0,0,1,Pedestrian
21,458.0,825.0,506.0,917.0,649,0,0,1,Pedestrian
21,456.0,825.0,504.0,917.0,650,0,0,1,Pedestrian
21,454.0,825.0,502.0,917.0,651,0,0,1,Pedestrian
21,453.0,825.0,500.0,917.0,652,0,0,1,Pedestrian
21,451.0,825.0,499.0,917.0,653,0,0,1,Pedestrian
21,449.0,825.0,497.0,917.0,654,0,0,1,Pedestrian
21,447.0,825.0,495.0,917.0,655,0,0,1,Pedestrian
21,445.0,825.0,493.0,917.0,656,0,0,1,Pedestrian
21,443.0,825.0,491.0,917.0,657,0,0,1,Pedestrian
21,442.0,825.0,489.0,917.0,658,0,0,1,Pedestrian
21,440.0,825.0,488.0,917.0,659,0,0,0,Pedestrian
21,438.0,825.0,486.0,917.0,660,0,0,1,Pedestrian
21,436.0,825.0,484.0,917.0,661,0,0,1,Pedestrian
21,434.0,825.0,482.0,917.0,662,0,0,1,Pedestrian
21,434.0,825.0,482.0,917.0,663,0,0,1,Pedestrian
21,432.0,825.0,480.0,917.0,664,0,0,1,Pedestrian
21,430.0,825.0,478.0,917.0,665,0,0,1,Pedestrian
21,430.0,825.0,478.0,917.0,666,0,0,1,Pedestrian
21,429.0,825.0,476.0,917.0,667,0,0,1,Pedestrian
21,427.0,825.0,475.0,917.0,668,0,0,1,Pedestrian
21,425.0,825.0,473.0,917.0,669,0,0,1,Pedestrian
21,425.0,825.0,473.0,917.0,670,0,0,1,Pedestrian
21,423.0,825.0,471.0,917.0,671,0,0,1,Pedestrian
21,421.0,825.0,469.0,917.0,672,0,0,1,Pedestrian
21,421.0,825.0,469.0,917.0,673,0,0,1,Pedestrian
21,419.0,825.0,467.0,917.0,674,0,0,1,Pedestrian
21,418.0,825.0,465.0,917.0,675,0,0,1,Pedestrian
21,416.0,825.0,464.0,917.0,676,0,0,1,Pedestrian
21,416.0,825.0,464.0,917.0,677,0,0,1,Pedestrian
21,414.0,825.0,462.0,917.0,678,0,0,1,Pedestrian
21,412.0,825.0,460.0,917.0,679,0,0,1,Pedestrian
21,412.0,825.0,460.0,917.0,680,0,0,1,Pedestrian
21,410.0,825.0,458.0,917.0,681,0,0,1,Pedestrian
21,408.0,825.0,456.0,917.0,682,0,0,1,Pedestrian
21,407.0,825.0,454.0,917.0,683,0,0,1,Pedestrian
21,407.0,825.0,454.0,917.0,684,0,0,1,Pedestrian
21,405.0,825.0,453.0,917.0,685,0,0,1,Pedestrian
21,403.0,825.0,451.0,917.0,686,0,0,1,Pedestrian
21,403.0,825.0,451.0,917.0,687,0,0,0,Pedestrian
21,401.0,821.0,449.0,913.0,688,0,0,1,Pedestrian
21,399.0,821.0,447.0,913.0,689,0,0,1,Pedestrian
21,399.0,821.0,447.0,913.0,690,0,0,1,Pedestrian
21,397.0,821.0,445.0,913.0,691,0,0,1,Pedestrian
21,397.0,821.0,445.0,913.0,692,0,0,1,Pedestrian
21,395.0,821.0,443.0,913.0,693,0,0,1,Pedestrian
21,395.0,821.0,443.0,913.0,694,0,0,1,Pedestrian
21,394.0,821.0,442.0,913.0,695,0,0,1,Pedestrian
21,394.0,821.0,442.0,913.0,696,0,0,1,Pedestrian
21,392.0,821.0,440.0,913.0,697,0,0,1,Pedestrian
21,392.0,821.0,440.0,913.0,698,0,0,1,Pedestrian
21,390.0,816.0,438.0,909.0,699,0,0,1,Pedestrian
21,390.0,816.0,438.0,909.0,700,0,0,1,Pedestrian
21,388.0,816.0,436.0,909.0,701,0,0,1,Pedestrian
21,388.0,816.0,436.0,909.0,702,0,0,1,Pedestrian
21,386.0,816.0,434.0,909.0,703,0,0,1,Pedestrian
21,386.0,816.0,434.0,909.0,704,0,0,1,Pedestrian
21,384.0,816.0,432.0,909.0,705,0,0,1,Pedestrian
21,384.0,816.0,432.0,909.0,706,0,0,1,Pedestrian
21,383.0,816.0,430.0,909.0,707,0,0,1,Pedestrian
21,383.0,816.0,430.0,909.0,708,0,0,1,Pedestrian
21,381.0,816.0,429.0,909.0,709,0,0,1,Pedestrian
21,381.0,812.0,429.0,904.0,710,0,0,1,Pedestrian
21,379.0,812.0,427.0,904.0,711,0,0,1,Pedestrian
21,379.0,812.0,427.0,904.0,712,0,0,1,Pedestrian
21,377.0,812.0,425.0,904.0,713,0,0,1,Pedestrian
21,377.0,812.0,425.0,904.0,714,0,0,1,Pedestrian
21,375.0,812.0,423.0,904.0,715,0,0,1,Pedestrian
21,375.0,812.0,423.0,904.0,716,0,0,1,Pedestrian
21,373.0,812.0,421.0,904.0,717,0,0,1,Pedestrian
21,373.0,812.0,421.0,904.0,718,0,0,1,Pedestrian
21,372.0,812.0,419.0,904.0,719,0,0,1,Pedestrian
21,372.0,812.0,419.0,904.0,720,1,0,0,Pedestrian
21,368.0,808.0,416.0,900.0,721,1,0,1,Pedestrian
21,366.0,808.0,414.0,900.0,722,1,0,1,Pedestrian
21,364.0,808.0,412.0,900.0,723,1,0,1,Pedestrian
21,360.0,804.0,408.0,896.0,724,1,0,1,Pedestrian
21,359.0,804.0,407.0,896.0,725,1,0,1,Pedestrian
21,357.0,804.0,405.0,896.0,726,1,0,1,Pedestrian
21,355.0,804.0,403.0,896.0,727,1,0,1,Pedestrian
21,351.0,800.0,399.0,892.0,728,1,0,1,Pedestrian
21,349.0,800.0,397.0,892.0,729,1,0,1,Pedestrian
21,348.0,800.0,395.0,892.0,730,1,0,1,Pedestrian
21,346.0,800.0,394.0,892.0,731,1,0,0,Pedestrian
21,344.0,796.0,392.0,888.0,732,1,0,1,Pedestrian
21,342.0,796.0,390.0,888.0,733,1,0,1,Pedestrian
21,340.0,796.0,388.0,888.0,734,1,0,1,Pedestrian
21,338.0,796.0,386.0,888.0,735,1,0,1,Pedestrian
21,337.0,796.0,384.0,888.0,736,1,0,0,Pedestrian
21,333.0,796.0,381.0,888.0,737,1,0,1,Pedestrian
21,329.0,796.0,377.0,888.0,738,1,0,1,Pedestrian
21,325.0,796.0,373.0,888.0,739,1,0,1,Pedestrian
21,322.0,796.0,370.0,888.0,740,1,0,1,Pedestrian
21,318.0,796.0,366.0,888.0,741,1,0,0,Pedestrian
21,314.0,796.0,362.0,888.0,742,1,0,1,Pedestrian
21,311.0,796.0,359.0,888.0,743,1,0,1,Pedestrian
21,307.0,796.0,355.0,888.0,744,1,0,1,Pedestrian
21,303.0,796.0,351.0,888.0,745,1,0,1,Pedestrian
21,300.0,796.0,348.0,888.0,746,1,0,1,Pedestrian
21,298.0,796.0,346.0,888.0,747,1,0,1,Pedestrian
21,294.0,796.0,342.0,888.0,748,1,0,1,Pedestrian
21,290.0,796.0,338.0,888.0,749,1,0,1,Pedestrian
21,287.0,796.0,335.0,888.0,750,1,0,1,Pedestrian
21,283.0,796.0,331.0,888.0,751,1,0,1,Pedestrian
21,281.0,800.0,329.0,892.0,752,1,0,1,Pedestrian
21,278.0,800.0,325.0,892.0,753,1,0,1,Pedestrian
21,274.0,800.0,322.0,892.0,754,1,0,1,Pedestrian
21,270.0,800.0,318.0,892.0,755,1,0,1,Pedestrian
21,267.0,800.0,314.0,892.0,756,1,0,1,Pedestrian
21,265.0,800.0,313.0,892.0,757,1,0,1,Pedestrian
21,261.0,800.0,309.0,892.0,758,1,0,1,Pedestrian
21,257.0,800.0,305.0,892.0,759,1,0,1,Pedestrian
21,254.0,800.0,302.0,892.0,760,1,0,1,Pedestrian
21,250.0,800.0,298.0,892.0,761,1,0,1,Pedestrian
21,248.0,804.0,296.0,896.0,762,1,0,1,Pedestrian
21,244.0,804.0,292.0,896.0,763,1,0,1,Pedestrian
21,241.0,804.0,289.0,896.0,764,1,0,1,Pedestrian
21,237.0,804.0,285.0,896.0,765,1,0,1,Pedestrian
21,233.0,804.0,281.0,896.0,766,1,0,1,Pedestrian
21,230.0,804.0,278.0,896.0,767,1,0,1,Pedestrian
21,228.0,804.0,276.0,896.0,768,1,0,1,Pedestrian
21,224.0,804.0,272.0,896.0,769,1,0,1,Pedestrian
21,221.0,804.0,268.0,896.0,770,1,0,1,Pedestrian
21,217.0,804.0,265.0,896.0,771,1,0,1,Pedestrian
21,213.0,804.0,261.0,896.0,772,1,0,1,Pedestrian
21,211.0,808.0,259.0,900.0,773,1,0,1,Pedestrian
21,208.0,808.0,255.0,900.0,774,1,0,1,Pedestrian
21,204.0,808.0,252.0,900.0,775,1,0,1,Pedestrian
21,200.0,808.0,248.0,900.0,776,1,0,1,Pedestrian
21,197.0,808.0,244.0,900.0,777,1,0,1,Pedestrian
21,195.0,808.0,243.0,900.0,778,1,0,1,Pedestrian
21,191.0,808.0,239.0,900.0,779,1,0,1,Pedestrian
21,187.0,808.0,235.0,900.0,780,1,0,1,Pedestrian
21,184.0,808.0,232.0,900.0,781,1,0,1,Pedestrian
21,180.0,808.0,228.0,900.0,782,1,0,1,Pedestrian
21,178.0,812.0,226.0,904.0,783,1,0,0,Pedestrian
21,176.0,808.0,224.0,900.0,784,1,0,1,Pedestrian
21,176.0,808.0,224.0,900.0,785,1,0,1,Pedestrian
21,174.0,808.0,222.0,900.0,786,1,0,1,Pedestrian
21,174.0,808.0,222.0,900.0,787,1,0,1,Pedestrian
21,173.0,808.0,221.0,900.0,788,1,0,1,Pedestrian
21,173.0,808.0,221.0,900.0,789,1,0,1,Pedestrian
21,171.0,808.0,219.0,900.0,790,1,0,1,Pedestrian
21,171.0,808.0,219.0,900.0,791,1,0,0,Pedestrian
21,171.0,808.0,219.0,900.0,792,1,0,1,Pedestrian
21,171.0,808.0,219.0,900.0,793,1,0,1,Pedestrian
21,171.0,808.0,219.0,900.0,794,1,0,1,Pedestrian
21,171.0,808.0,219.0,900.0,795,1,0,1,Pedestrian
21,171.0,808.0,219.0,900.0,796,1,0,1,Pedestrian
21,171.0,808.0,219.0,900.0,797,1,0,1,Pedestrian
21,171.0,808.0,219.0,900.0,798,1,0,1,Pedestrian
21,171.0,808.0,219.0,900.0,799,1,0,1,Pedestrian
21,171.0,808.0,219.0,900.0,800,1,0,1,Pedestrian
21,171.0,808.0,219.0,900.0,801,1,0,1,Pedestrian
21,171.0,808.0,219.0,900.0,802,1,0,1,Pedestrian
21,171.0,808.0,219.0,900.0,803,1,0,1,Pedestrian
21,171.0,808.0,219.0,900.0,804,1,0,1,Pedestrian
21,171.0,808.0,219.0,900.0,805,1,0,1,Pedestrian
21,171.0,808.0,219.0,900.0,806,1,0,1,Pedestrian
21,171.0,808.0,219.0,900.0,807,1,0,1,Pedestrian
21,171.0,808.0,219.0,900.0,808,1,0,1,Pedestrian
21,171.0,808.0,219.0,900.0,809,1,0,1,Pedestrian
21,171.0,808.0,219.0,900.0,810,1,0,1,Pedestrian
21,171.0,808.0,219.0,900.0,811,1,0,1,Pedestrian
21,171.0,808.0,219.0,900.0,812,1,0,1,Pedestrian
21,171.0,808.0,219.0,900.0,813,1,0,1,Pedestrian
21,171.0,808.0,219.0,900.0,814,1,0,1,Pedestrian
21,171.0,808.0,219.0,900.0,815,1,0,1,Pedestrian
21,171.0,808.0,219.0,900.0,816,1,0,1,Pedestrian
21,171.0,808.0,219.0,900.0,817,1,0,1,Pedestrian
21,171.0,808.0,219.0,900.0,818,1,0,1,Pedestrian
21,171.0,808.0,219.0,900.0,819,1,0,1,Pedestrian
21,171.0,808.0,219.0,900.0,820,1,0,1,Pedestrian
21,171.0,808.0,219.0,900.0,821,1,0,1,Pedestrian
21,171.0,808.0,219.0,900.0,822,1,0,1,Pedestrian
21,171.0,808.0,219.0,900.0,823,1,0,1,Pedestrian
21,171.0,808.0,219.0,900.0,824,1,0,1,Pedestrian
21,171.0,808.0,219.0,900.0,825,1,0,1,Pedestrian
21,171.0,808.0,219.0,900.0,826,1,0,1,Pedestrian
21,171.0,808.0,219.0,900.0,827,1,0,1,Pedestrian
21,171.0,808.0,219.0,900.0,828,1,0,1,Pedestrian
21,171.0,808.0,219.0,900.0,829,1,0,1,Pedestrian
21,171.0,808.0,219.0,900.0,830,1,0,1,Pedestrian
21,171.0,808.0,219.0,900.0,831,1,0,1,Pedestrian
21,171.0,808.0,219.0,900.0,832,1,0,1,Pedestrian
21,171.0,808.0,219.0,900.0,833,1,0,1,Pedestrian
21,171.0,808.0,219.0,900.0,834,1,0,1,Pedestrian
21,171.0,808.0,219.0,900.0,835,1,0,1,Pedestrian
21,171.0,808.0,219.0,900.0,836,1,0,1,Pedestrian
21,171.0,808.0,219.0,900.0,837,1,0,1,Pedestrian
21,171.0,808.0,219.0,900.0,838,1,0,1,Pedestrian
21,171.0,808.0,219.0,900.0,839,1,0,1,Pedestrian
21,171.0,808.0,219.0,900.0,840,1,0,1,Pedestrian
21,171.0,808.0,219.0,900.0,841,1,0,1,Pedestrian
21,171.0,808.0,219.0,900.0,842,1,0,1,Pedestrian
21,171.0,808.0,219.0,900.0,843,1,0,1,Pedestrian
21,171.0,808.0,219.0,900.0,844,1,0,1,Pedestrian
21,171.0,808.0,219.0,900.0,845,1,0,1,Pedestrian
21,171.0,808.0,219.0,900.0,846,1,0,1,Pedestrian
21,171.0,808.0,219.0,900.0,847,1,0,1,Pedestrian
21,171.0,808.0,219.0,900.0,848,1,0,1,Pedestrian
21,171.0,808.0,219.0,900.0,849,1,0,1,Pedestrian
21,171.0,808.0,219.0,900.0,850,1,0,1,Pedestrian
21,171.0,808.0,219.0,900.0,851,1,0,0,Pedestrian
21,169.0,804.0,217.0,896.0,852,1,0,1,Pedestrian
21,167.0,804.0,215.0,896.0,853,1,0,1,Pedestrian
21,165.0,804.0,213.0,896.0,854,1,0,1,Pedestrian
21,165.0,804.0,213.0,896.0,855,1,0,1,Pedestrian
21,163.0,804.0,211.0,896.0,856,1,0,1,Pedestrian
21,162.0,804.0,209.0,896.0,857,1,0,1,Pedestrian
21,162.0,804.0,209.0,896.0,858,1,0,1,Pedestrian
21,160.0,804.0,208.0,896.0,859,1,0,1,Pedestrian
21,158.0,804.0,206.0,896.0,860,1,0,1,Pedestrian
21,158.0,804.0,206.0,896.0,861,1,0,1,Pedestrian
21,156.0,804.0,204.0,896.0,862,1,0,1,Pedestrian
21,154.0,804.0,202.0,896.0,863,1,0,1,Pedestrian
21,154.0,804.0,202.0,896.0,864,1,0,1,Pedestrian
21,152.0,804.0,200.0,896.0,865,1,0,1,Pedestrian
21,151.0,804.0,198.0,896.0,866,1,0,1,Pedestrian
21,151.0,804.0,198.0,896.0,867,1,0,1,Pedestrian
21,149.0,804.0,197.0,896.0,868,1,0,1,Pedestrian
21,147.0,804.0,195.0,896.0,869,1,0,1,Pedestrian
21,145.0,804.0,193.0,896.0,870,1,0,1,Pedestrian
21,145.0,804.0,193.0,896.0,871,1,0,1,Pedestrian
21,143.0,804.0,191.0,896.0,872,1,0,1,Pedestrian
21,141.0,804.0,189.0,896.0,873,1,0,1,Pedestrian
21,141.0,804.0,189.0,896.0,874,1,0,1,Pedestrian
21,139.0,804.0,187.0,896.0,875,1,0,1,Pedestrian
21,138.0,804.0,186.0,896.0,876,1,0,1,Pedestrian
21,138.0,804.0,186.0,896.0,877,1,0,1,Pedestrian
21,136.0,804.0,184.0,896.0,878,1,0,1,Pedestrian
21,134.0,804.0,182.0,896.0,879,1,0,1,Pedestrian
21,134.0,804.0,182.0,896.0,880,1,0,1,Pedestrian
21,132.0,804.0,180.0,896.0,881,1,0,1,Pedestrian
21,130.0,804.0,178.0,896.0,882,1,0,1,Pedestrian
21,130.0,804.0,178.0,896.0,883,1,0,1,Pedestrian
21,128.0,804.0,176.0,896.0,884,1,0,1,Pedestrian
21,127.0,804.0,174.0,896.0,885,1,0,1,Pedestrian
21,125.0,804.0,173.0,896.0,886,1,0,1,Pedestrian
21,125.0,804.0,173.0,896.0,887,1,0,1,Pedestrian
21,123.0,804.0,171.0,896.0,888,1,0,1,Pedestrian
21,121.0,804.0,169.0,896.0,889,1,0,1,Pedestrian
21,121.0,804.0,169.0,896.0,890,1,0,1,Pedestrian
21,119.0,804.0,167.0,896.0,891,1,0,1,Pedestrian
21,117.0,804.0,165.0,896.0,892,1,0,1,Pedestrian
21,117.0,804.0,165.0,896.0,893,1,0,1,Pedestrian
21,116.0,804.0,163.0,896.0,894,1,0,1,Pedestrian
21,114.0,804.0,162.0,896.0,895,1,0,1,Pedestrian
21,114.0,804.0,162.0,896.0,896,1,0,1,Pedestrian
21,112.0,804.0,160.0,896.0,897,1,0,1,Pedestrian
21,110.0,804.0,158.0,896.0,898,1,0,1,Pedestrian
21,110.0,804.0,158.0,896.0,899,1,0,1,Pedestrian
21,108.0,804.0,156.0,896.0,900,1,0,1,Pedestrian
21,106.0,804.0,154.0,896.0,901,1,0,1,Pedestrian
21,106.0,804.0,154.0,896.0,902,1,0,0,Pedestrian
21,106.0,804.0,154.0,896.0,903,1,0,1,Pedestrian
21,106.0,804.0,154.0,896.0,904,1,0,1,Pedestrian
21,106.0,804.0,154.0,896.0,905,1,0,1,Pedestrian
21,106.0,804.0,154.0,896.0,906,1,0,1,Pedestrian
21,106.0,804.0,154.0,896.0,907,1,0,1,Pedestrian
21,106.0,804.0,154.0,896.0,908,1,0,1,Pedestrian
21,106.0,804.0,154.0,896.0,909,1,0,1,Pedestrian
21,106.0,804.0,154.0,896.0,910,1,0,1,Pedestrian
21,106.0,804.0,154.0,896.0,911,1,0,0,Pedestrian
21,106.0,804.0,154.0,896.0,912,1,0,1,Pedestrian
21,106.0,804.0,154.0,896.0,913,1,0,1,Pedestrian
21,106.0,804.0,154.0,896.0,914,1,0,1,Pedestrian
21,106.0,804.0,154.0,896.0,915,1,0,1,Pedestrian
21,106.0,804.0,154.0,896.0,916,1,0,1,Pedestrian
21,106.0,804.0,154.0,896.0,917,1,0,1,Pedestrian
21,106.0,804.0,154.0,896.0,918,1,0,1,Pedestrian
21,106.0,804.0,154.0,896.0,919,1,0,1,Pedestrian
21,106.0,804.0,154.0,896.0,920,1,0,1,Pedestrian
21,106.0,804.0,154.0,896.0,921,1,0,1,Pedestrian
21,106.0,804.0,154.0,896.0,922,1,0,1,Pedestrian
21,106.0,804.0,154.0,896.0,923,1,0,1,Pedestrian
21,106.0,804.0,154.0,896.0,924,1,0,1,Pedestrian
21,106.0,804.0,154.0,896.0,925,1,0,1,Pedestrian
21,106.0,804.0,154.0,896.0,926,1,0,1,Pedestrian
21,106.0,804.0,154.0,896.0,927,1,0,1,Pedestrian
21,106.0,804.0,154.0,896.0,928,1,0,1,Pedestrian
21,106.0,804.0,154.0,896.0,929,1,0,1,Pedestrian
21,106.0,804.0,154.0,896.0,930,1,0,1,Pedestrian
21,106.0,804.0,154.0,896.0,931,1,0,1,Pedestrian
21,106.0,804.0,154.0,896.0,932,1,0,1,Pedestrian
21,106.0,804.0,154.0,896.0,933,1,0,1,Pedestrian
21,106.0,804.0,154.0,896.0,934,1,0,1,Pedestrian
21,106.0,804.0,154.0,896.0,935,1,0,1,Pedestrian
21,106.0,804.0,154.0,896.0,936,1,0,1,Pedestrian
21,106.0,804.0,154.0,896.0,937,1,0,1,Pedestrian
21,106.0,804.0,154.0,896.0,938,1,0,1,Pedestrian
21,106.0,804.0,154.0,896.0,939,1,0,1,Pedestrian
21,106.0,804.0,154.0,896.0,940,1,0,1,Pedestrian
21,106.0,804.0,154.0,896.0,941,1,0,1,Pedestrian
21,106.0,804.0,154.0,896.0,942,1,0,1,Pedestrian
21,106.0,804.0,154.0,896.0,943,1,0,1,Pedestrian
21,106.0,804.0,154.0,896.0,944,1,0,1,Pedestrian
21,106.0,804.0,154.0,896.0,945,1,0,1,Pedestrian
21,106.0,804.0,154.0,896.0,946,1,0,1,Pedestrian
21,106.0,804.0,154.0,896.0,947,1,0,1,Pedestrian
21,106.0,804.0,154.0,896.0,948,1,0,1,Pedestrian
21,106.0,804.0,154.0,896.0,949,1,0,1,Pedestrian
21,106.0,804.0,154.0,896.0,950,1,0,1,Pedestrian
21,106.0,804.0,154.0,896.0,951,1,0,1,Pedestrian
21,106.0,804.0,154.0,896.0,952,1,0,1,Pedestrian
21,106.0,804.0,154.0,896.0,953,1,0,1,Pedestrian
21,106.0,804.0,154.0,896.0,954,1,0,1,Pedestrian
21,106.0,804.0,154.0,896.0,955,1,0,1,Pedestrian
21,106.0,804.0,154.0,896.0,956,1,0,1,Pedestrian
21,106.0,804.0,154.0,896.0,957,1,0,1,Pedestrian
21,106.0,804.0,154.0,896.0,958,1,0,1,Pedestrian
21,106.0,804.0,154.0,896.0,959,1,0,1,Pedestrian
21,106.0,804.0,154.0,896.0,960,1,0,1,Pedestrian
21,106.0,804.0,154.0,896.0,961,1,0,1,Pedestrian
21,106.0,804.0,154.0,896.0,962,1,0,1,Pedestrian
21,106.0,804.0,154.0,896.0,963,1,0,1,Pedestrian
21,106.0,804.0,154.0,896.0,964,1,0,1,Pedestrian
21,106.0,804.0,154.0,896.0,965,1,0,1,Pedestrian
21,106.0,804.0,154.0,896.0,966,1,0,1,Pedestrian
21,106.0,804.0,154.0,896.0,967,1,0,1,Pedestrian
21,106.0,804.0,154.0,896.0,968,1,0,1,Pedestrian
21,106.0,804.0,154.0,896.0,969,1,0,1,Pedestrian
21,106.0,804.0,154.0,896.0,970,1,0,1,Pedestrian
21,106.0,804.0,154.0,896.0,971,1,0,1,Pedestrian
21,106.0,804.0,154.0,896.0,972,1,0,1,Pedestrian
21,106.0,804.0,154.0,896.0,973,1,0,1,Pedestrian
21,106.0,804.0,154.0,896.0,974,1,0,1,Pedestrian
21,106.0,804.0,154.0,896.0,975,1,0,1,Pedestrian
21,106.0,804.0,154.0,896.0,976,1,0,1,Pedestrian
21,106.0,804.0,154.0,896.0,977,1,0,1,Pedestrian
21,106.0,804.0,154.0,896.0,978,1,0,1,Pedestrian
21,106.0,804.0,154.0,896.0,979,1,0,1,Pedestrian
21,106.0,804.0,154.0,896.0,980,1,0,1,Pedestrian
21,106.0,804.0,154.0,896.0,981,1,0,1,Pedestrian
21,106.0,804.0,154.0,896.0,982,1,0,1,Pedestrian
21,106.0,804.0,154.0,896.0,983,1,0,1,Pedestrian
21,106.0,804.0,154.0,896.0,984,1,0,1,Pedestrian
21,106.0,804.0,154.0,896.0,985,1,0,1,Pedestrian
21,106.0,804.0,154.0,896.0,986,1,0,1,Pedestrian
21,106.0,804.0,154.0,896.0,987,1,0,1,Pedestrian
21,106.0,804.0,154.0,896.0,988,1,0,1,Pedestrian
21,106.0,804.0,154.0,896.0,989,1,0,1,Pedestrian
21,106.0,804.0,154.0,896.0,990,1,0,1,Pedestrian
21,106.0,804.0,154.0,896.0,991,1,0,1,Pedestrian
21,106.0,804.0,154.0,896.0,992,1,0,1,Pedestrian
21,106.0,804.0,154.0,896.0,993,1,0,1,Pedestrian
21,106.0,804.0,154.0,896.0,994,1,0,1,Pedestrian
21,106.0,804.0,154.0,896.0,995,1,0,1,Pedestrian
21,106.0,804.0,154.0,896.0,996,1,0,1,Pedestrian
21,106.0,804.0,154.0,896.0,997,1,0,1,Pedestrian
21,106.0,804.0,154.0,896.0,998,1,0,1,Pedestrian
21,106.0,804.0,154.0,896.0,999,1,0,1,Pedestrian
21,106.0,804.0,154.0,896.0,1000,1,0,1,Pedestrian
21,106.0,804.0,154.0,896.0,1001,1,0,1,Pedestrian
21,106.0,804.0,154.0,896.0,1002,1,0,1,Pedestrian
21,106.0,804.0,154.0,896.0,1003,1,0,1,Pedestrian
21,106.0,804.0,154.0,896.0,1004,1,0,1,Pedestrian
21,106.0,804.0,154.0,896.0,1005,1,0,1,Pedestrian
21,106.0,804.0,154.0,896.0,1006,1,0,1,Pedestrian
21,106.0,804.0,154.0,896.0,1007,1,0,1,Pedestrian
21,106.0,804.0,154.0,896.0,1008,1,0,1,Pedestrian
21,106.0,804.0,154.0,896.0,1009,1,0,1,Pedestrian
21,106.0,804.0,154.0,896.0,1010,1,0,1,Pedestrian
21,106.0,804.0,154.0,896.0,1011,1,0,1,Pedestrian
21,106.0,804.0,154.0,896.0,1012,1,0,1,Pedestrian
21,106.0,804.0,154.0,896.0,1013,1,0,1,Pedestrian
21,106.0,804.0,154.0,896.0,1014,1,0,1,Pedestrian
21,106.0,804.0,154.0,896.0,1015,1,0,1,Pedestrian
21,106.0,804.0,154.0,896.0,1016,1,0,1,Pedestrian
21,106.0,804.0,154.0,896.0,1017,1,0,1,Pedestrian
21,106.0,804.0,154.0,896.0,1018,1,0,1,Pedestrian
21,106.0,804.0,154.0,896.0,1019,1,0,1,Pedestrian
21,106.0,804.0,154.0,896.0,1020,1,0,1,Pedestrian
21,106.0,804.0,154.0,896.0,1021,1,0,0,Pedestrian
21,108.0,804.0,156.0,896.0,1022,1,0,1,Pedestrian
21,110.0,808.0,158.0,900.0,1023,1,0,1,Pedestrian
21,112.0,808.0,160.0,900.0,1024,1,0,1,Pedestrian
21,116.0,812.0,163.0,904.0,1025,1,0,1,Pedestrian
21,117.0,812.0,165.0,904.0,1026,1,0,1,Pedestrian
21,119.0,816.0,167.0,909.0,1027,1,0,1,Pedestrian
21,123.0,816.0,171.0,909.0,1028,1,0,1,Pedestrian
21,125.0,821.0,173.0,913.0,1029,1,0,1,Pedestrian
21,127.0,821.0,174.0,913.0,1030,1,0,1,Pedestrian
21,130.0,825.0,178.0,917.0,1031,1,0,0,Pedestrian
22,12.0,1235.0,193.0,1319.0,500,1,0,0,Bus
22,12.0,1235.0,193.0,1319.0,501,1,0,1,Bus
22,12.0,1235.0,193.0,1319.0,502,1,0,1,Bus
22,12.0,1235.0,193.0,1319.0,503,1,0,1,Bus
22,12.0,1235.0,193.0,1319.0,504,1,0,1,Bus
22,12.0,1235.0,193.0,1319.0,505,1,0,1,Bus
22,12.0,1235.0,193.0,1319.0,506,1,0,1,Bus
22,12.0,1235.0,193.0,1319.0,507,1,0,1,Bus
22,12.0,1235.0,193.0,1319.0,508,1,0,1,Bus
22,12.0,1235.0,193.0,1319.0,509,1,0,1,Bus
22,12.0,1235.0,193.0,1319.0,510,1,0,1,Bus
22,12.0,1235.0,193.0,1319.0,511,1,0,1,Bus
22,12.0,1235.0,193.0,1319.0,512,1,0,1,Bus
22,12.0,1235.0,193.0,1319.0,513,1,0,1,Bus
22,12.0,1235.0,193.0,1319.0,514,1,0,1,Bus
22,12.0,1235.0,193.0,1319.0,515,1,0,1,Bus
22,12.0,1235.0,193.0,1319.0,516,1,0,1,Bus
22,12.0,1235.0,193.0,1319.0,517,1,0,1,Bus
22,12.0,1235.0,193.0,1319.0,518,1,0,1,Bus
22,12.0,1235.0,193.0,1319.0,519,1,0,1,Bus
22,12.0,1235.0,193.0,1319.0,520,1,0,1,Bus
22,12.0,1235.0,193.0,1319.0,521,1,0,1,Bus
22,12.0,1235.0,193.0,1319.0,522,1,0,1,Bus
22,12.0,1235.0,193.0,1319.0,523,1,0,1,Bus
22,12.0,1235.0,193.0,1319.0,524,1,0,1,Bus
22,12.0,1235.0,193.0,1319.0,525,1,0,1,Bus
22,12.0,1235.0,193.0,1319.0,526,1,0,1,Bus
22,12.0,1235.0,193.0,1319.0,527,1,0,1,Bus
22,12.0,1235.0,193.0,1319.0,528,1,0,1,Bus
22,12.0,1235.0,193.0,1319.0,529,1,0,1,Bus
22,12.0,1235.0,193.0,1319.0,530,1,0,1,Bus
22,12.0,1235.0,193.0,1319.0,531,1,0,1,Bus
22,12.0,1235.0,193.0,1319.0,532,1,0,1,Bus
22,12.0,1235.0,193.0,1319.0,533,1,0,1,Bus
22,12.0,1235.0,193.0,1319.0,534,1,0,1,Bus
22,12.0,1235.0,193.0,1319.0,535,1,0,1,Bus
22,12.0,1235.0,193.0,1319.0,536,1,0,1,Bus
22,12.0,1235.0,193.0,1319.0,537,1,0,1,Bus
22,12.0,1235.0,193.0,1319.0,538,1,0,1,Bus
22,12.0,1235.0,193.0,1319.0,539,1,0,1,Bus
22,12.0,1235.0,193.0,1319.0,540,1,0,1,Bus
22,12.0,1235.0,193.0,1319.0,541,1,0,1,Bus
22,12.0,1235.0,193.0,1319.0,542,1,0,1,Bus
22,12.0,1235.0,193.0,1319.0,543,1,0,1,Bus
22,12.0,1235.0,193.0,1319.0,544,1,0,1,Bus
22,12.0,1235.0,193.0,1319.0,545,1,0,1,Bus
22,12.0,1235.0,193.0,1319.0,546,1,0,1,Bus
22,12.0,1235.0,193.0,1319.0,547,1,0,1,Bus
22,12.0,1235.0,193.0,1319.0,548,1,0,1,Bus
22,12.0,1235.0,193.0,1319.0,549,1,0,1,Bus
22,12.0,1235.0,193.0,1319.0,550,1,0,1,Bus
22,12.0,1235.0,193.0,1319.0,551,1,0,1,Bus
22,12.0,1235.0,193.0,1319.0,552,1,0,1,Bus
22,12.0,1235.0,193.0,1319.0,553,1,0,1,Bus
22,12.0,1235.0,193.0,1319.0,554,1,0,1,Bus
22,12.0,1235.0,193.0,1319.0,555,1,0,1,Bus
22,12.0,1235.0,193.0,1319.0,556,1,0,1,Bus
22,12.0,1235.0,193.0,1319.0,557,1,0,1,Bus
22,12.0,1235.0,193.0,1319.0,558,1,0,1,Bus
22,12.0,1235.0,193.0,1319.0,559,1,0,1,Bus
22,12.0,1235.0,193.0,1319.0,560,1,0,1,Bus
22,12.0,1235.0,193.0,1319.0,561,1,0,1,Bus
22,12.0,1235.0,193.0,1319.0,562,1,0,1,Bus
22,12.0,1235.0,193.0,1319.0,563,1,0,1,Bus
22,12.0,1235.0,193.0,1319.0,564,1,0,1,Bus
22,12.0,1235.0,193.0,1319.0,565,1,0,1,Bus
22,12.0,1235.0,193.0,1319.0,566,1,0,1,Bus
22,12.0,1235.0,193.0,1319.0,567,1,0,1,Bus
22,12.0,1235.0,193.0,1319.0,568,1,0,1,Bus
22,12.0,1235.0,193.0,1319.0,569,1,0,1,Bus
22,12.0,1235.0,193.0,1319.0,570,1,0,1,Bus
22,12.0,1235.0,193.0,1319.0,571,1,0,1,Bus
22,12.0,1235.0,193.0,1319.0,572,1,0,1,Bus
22,12.0,1235.0,193.0,1319.0,573,1,0,1,Bus
22,12.0,1235.0,193.0,1319.0,574,1,0,1,Bus
22,12.0,1235.0,193.0,1319.0,575,1,0,1,Bus
22,12.0,1235.0,193.0,1319.0,576,1,0,1,Bus
22,12.0,1235.0,193.0,1319.0,577,1,0,1,Bus
22,12.0,1235.0,193.0,1319.0,578,1,0,1,Bus
22,12.0,1235.0,193.0,1319.0,579,1,0,1,Bus
22,12.0,1235.0,193.0,1319.0,580,1,0,1,Bus
22,12.0,1235.0,193.0,1319.0,581,1,0,1,Bus
22,12.0,1235.0,193.0,1319.0,582,1,0,1,Bus
22,12.0,1235.0,193.0,1319.0,583,1,0,1,Bus
22,12.0,1235.0,193.0,1319.0,584,1,0,1,Bus
22,12.0,1235.0,193.0,1319.0,585,1,0,1,Bus
22,12.0,1235.0,193.0,1319.0,586,1,0,1,Bus
22,12.0,1235.0,193.0,1319.0,587,1,0,1,Bus
22,12.0,1235.0,193.0,1319.0,588,1,0,1,Bus
22,12.0,1235.0,193.0,1319.0,589,1,0,1,Bus
22,12.0,1235.0,193.0,1319.0,590,1,0,1,Bus
22,12.0,1235.0,193.0,1319.0,591,1,0,1,Bus
22,12.0,1235.0,193.0,1319.0,592,1,0,1,Bus
22,12.0,1235.0,193.0,1319.0,593,1,0,1,Bus
22,12.0,1235.0,193.0,1319.0,594,1,0,1,Bus
22,12.0,1235.0,193.0,1319.0,595,1,0,1,Bus
22,12.0,1235.0,193.0,1319.0,596,1,0,1,Bus
22,12.0,1235.0,193.0,1319.0,597,1,0,1,Bus
22,12.0,1235.0,193.0,1319.0,598,1,0,1,Bus
22,12.0,1235.0,193.0,1319.0,599,1,0,1,Bus
22,12.0,1235.0,193.0,1319.0,600,1,0,1,Bus
22,12.0,1235.0,193.0,1319.0,601,1,0,1,Bus
22,12.0,1235.0,193.0,1319.0,602,1,0,1,Bus
22,12.0,1235.0,193.0,1319.0,603,1,0,1,Bus
22,12.0,1235.0,193.0,1319.0,604,1,0,1,Bus
22,12.0,1235.0,193.0,1319.0,605,1,0,1,Bus
22,12.0,1235.0,193.0,1319.0,606,1,0,1,Bus
22,12.0,1235.0,193.0,1319.0,607,1,0,1,Bus
22,12.0,1235.0,193.0,1319.0,608,1,0,1,Bus
22,12.0,1235.0,193.0,1319.0,609,1,0,1,Bus
22,12.0,1235.0,193.0,1319.0,610,1,0,1,Bus
22,12.0,1235.0,193.0,1319.0,611,1,0,1,Bus
22,12.0,1235.0,193.0,1319.0,612,1,0,1,Bus
22,12.0,1235.0,193.0,1319.0,613,1,0,1,Bus
22,12.0,1235.0,193.0,1319.0,614,1,0,1,Bus
22,12.0,1235.0,193.0,1319.0,615,1,0,1,Bus
22,12.0,1235.0,193.0,1319.0,616,1,0,1,Bus
22,12.0,1235.0,193.0,1319.0,617,1,0,1,Bus
22,12.0,1235.0,193.0,1319.0,618,1,0,1,Bus
22,12.0,1235.0,193.0,1319.0,619,1,0,1,Bus
22,12.0,1235.0,193.0,1319.0,620,1,0,1,Bus
22,12.0,1235.0,193.0,1319.0,621,1,0,1,Bus
22,12.0,1235.0,193.0,1319.0,622,1,0,1,Bus
22,12.0,1235.0,193.0,1319.0,623,1,0,1,Bus
22,12.0,1235.0,193.0,1319.0,624,1,0,1,Bus
22,12.0,1235.0,193.0,1319.0,625,1,0,1,Bus
22,12.0,1235.0,193.0,1319.0,626,1,0,1,Bus
22,12.0,1235.0,193.0,1319.0,627,1,0,1,Bus
22,12.0,1235.0,193.0,1319.0,628,1,0,1,Bus
22,12.0,1235.0,193.0,1319.0,629,1,0,1,Bus
22,12.0,1235.0,193.0,1319.0,630,1,0,1,Bus
22,12.0,1235.0,193.0,1319.0,631,1,0,1,Bus
22,12.0,1235.0,193.0,1319.0,632,1,0,1,Bus
22,12.0,1235.0,193.0,1319.0,633,1,0,1,Bus
22,12.0,1235.0,193.0,1319.0,634,1,0,1,Bus
22,12.0,1235.0,193.0,1319.0,635,1,0,1,Bus
22,12.0,1235.0,193.0,1319.0,636,1,0,1,Bus
22,12.0,1235.0,193.0,1319.0,637,1,0,1,Bus
22,12.0,1235.0,193.0,1319.0,638,1,0,1,Bus
22,12.0,1235.0,193.0,1319.0,639,1,0,1,Bus
22,12.0,1235.0,193.0,1319.0,640,1,0,1,Bus
22,12.0,1235.0,193.0,1319.0,641,1,0,1,Bus
22,12.0,1235.0,193.0,1319.0,642,1,0,1,Bus
22,12.0,1235.0,193.0,1319.0,643,1,0,1,Bus
22,12.0,1235.0,193.0,1319.0,644,1,0,1,Bus
22,12.0,1235.0,193.0,1319.0,645,1,0,1,Bus
22,12.0,1235.0,193.0,1319.0,646,1,0,1,Bus
22,12.0,1235.0,193.0,1319.0,647,1,0,1,Bus
22,12.0,1235.0,193.0,1319.0,648,1,0,1,Bus
22,12.0,1235.0,193.0,1319.0,649,1,0,1,Bus
22,12.0,1235.0,193.0,1319.0,650,1,0,1,Bus
22,12.0,1235.0,193.0,1319.0,651,1,0,1,Bus
22,12.0,1235.0,193.0,1319.0,652,1,0,1,Bus
22,12.0,1235.0,193.0,1319.0,653,1,0,1,Bus
22,12.0,1235.0,193.0,1319.0,654,1,0,1,Bus
22,12.0,1235.0,193.0,1319.0,655,1,0,1,Bus
22,12.0,1235.0,193.0,1319.0,656,1,0,1,Bus
22,12.0,1235.0,193.0,1319.0,657,1,0,1,Bus
22,12.0,1235.0,193.0,1319.0,658,1,0,1,Bus
22,12.0,1235.0,193.0,1319.0,659,1,0,1,Bus
22,12.0,1235.0,193.0,1319.0,660,1,0,1,Bus
22,12.0,1235.0,193.0,1319.0,661,1,0,1,Bus
22,12.0,1235.0,193.0,1319.0,662,1,0,1,Bus
22,12.0,1235.0,193.0,1319.0,663,1,0,1,Bus
22,12.0,1235.0,193.0,1319.0,664,1,0,1,Bus
22,12.0,1235.0,193.0,1319.0,665,1,0,1,Bus
22,12.0,1235.0,193.0,1319.0,666,1,0,1,Bus
22,12.0,1235.0,193.0,1319.0,667,1,0,1,Bus
22,12.0,1235.0,193.0,1319.0,668,1,0,1,Bus
22,12.0,1235.0,193.0,1319.0,669,1,0,1,Bus
22,12.0,1235.0,193.0,1319.0,670,1,0,1,Bus
22,12.0,1235.0,193.0,1319.0,671,1,0,1,Bus
22,12.0,1235.0,193.0,1319.0,672,1,0,1,Bus
22,12.0,1235.0,193.0,1319.0,673,1,0,1,Bus
22,12.0,1235.0,193.0,1319.0,674,1,0,1,Bus
22,12.0,1235.0,193.0,1319.0,675,1,0,1,Bus
22,12.0,1235.0,193.0,1319.0,676,1,0,1,Bus
22,12.0,1235.0,193.0,1319.0,677,1,0,1,Bus
22,12.0,1235.0,193.0,1319.0,678,1,0,1,Bus
22,12.0,1235.0,193.0,1319.0,679,1,0,1,Bus
22,12.0,1235.0,193.0,1319.0,680,1,0,1,Bus
22,12.0,1235.0,193.0,1319.0,681,1,0,1,Bus
22,12.0,1235.0,193.0,1319.0,682,1,0,1,Bus
22,12.0,1235.0,193.0,1319.0,683,1,0,1,Bus
22,12.0,1235.0,193.0,1319.0,684,1,0,1,Bus
22,12.0,1235.0,193.0,1319.0,685,1,0,1,Bus
22,12.0,1235.0,193.0,1319.0,686,1,0,1,Bus
22,12.0,1235.0,193.0,1319.0,687,0,0,0,Bus
22,18.0,1231.0,198.0,1315.0,688,0,0,1,Bus
22,25.0,1231.0,206.0,1315.0,689,0,0,1,Bus
22,31.0,1231.0,211.0,1315.0,690,0,0,1,Bus
22,38.0,1231.0,219.0,1315.0,691,0,0,1,Bus
22,46.0,1231.0,226.0,1315.0,692,0,0,1,Bus
22,51.0,1231.0,232.0,1315.0,693,0,0,1,Bus
22,58.0,1231.0,239.0,1315.0,694,0,0,1,Bus
22,66.0,1231.0,246.0,1315.0,695,0,0,1,Bus
22,71.0,1231.0,252.0,1315.0,696,0,0,1,Bus
22,79.0,1231.0,259.0,1315.0,697,0,0,1,Bus
22,86.0,1231.0,267.0,1315.0,698,0,0,1,Bus
22,92.0,1231.0,272.0,1315.0,699,0,0,1,Bus
22,99.0,1231.0,279.0,1315.0,700,0,0,1,Bus
22,104.0,1231.0,285.0,1315.0,701,0,0,1,Bus
22,112.0,1231.0,292.0,1315.0,702,0,0,1,Bus
22,119.0,1231.0,300.0,1315.0,703,0,0,1,Bus
22,125.0,1231.0,305.0,1315.0,704,0,0,1,Bus
22,132.0,1231.0,313.0,1315.0,705,0,0,1,Bus
22,139.0,1231.0,320.0,1315.0,706,0,0,1,Bus
22,145.0,1231.0,325.0,1315.0,707,0,0,1,Bus
22,152.0,1231.0,333.0,1315.0,708,0,0,1,Bus
22,160.0,1231.0,340.0,1315.0,709,0,0,1,Bus
22,165.0,1231.0,346.0,1315.0,710,0,0,1,Bus
22,173.0,1231.0,353.0,1315.0,711,0,0,1,Bus
22,178.0,1231.0,359.0,1315.0,712,0,0,1,Bus
22,186.0,1231.0,366.0,1315.0,713,0,0,1,Bus
22,193.0,1231.0,373.0,1315.0,714,0,0,1,Bus
22,198.0,1231.0,379.0,1315.0,715,0,0,1,Bus
22,206.0,1231.0,386.0,1315.0,716,0,0,1,Bus
22,213.0,1231.0,394.0,1315.0,717,0,0,1,Bus
22,219.0,1231.0,399.0,1315.0,718,0,0,1,Bus
22,226.0,1231.0,407.0,1315.0,719,0,0,1,Bus
22,233.0,1231.0,414.0,1315.0,720,0,0,0,Bus
22,237.0,1231.0,418.0,1315.0,721,0,0,1,Bus
22,243.0,1231.0,423.0,1315.0,722,0,0,1,Bus
22,248.0,1231.0,429.0,1315.0,723,0,0,1,Bus
22,254.0,1235.0,434.0,1319.0,724,0,0,1,Bus
22,259.0,1235.0,440.0,1319.0,725,0,0,1,Bus
22,265.0,1235.0,445.0,1319.0,726,0,0,1,Bus
22,270.0,1240.0,451.0,1323.0,727,0,0,1,Bus
22,276.0,1240.0,456.0,1323.0,728,0,0,1,Bus
22,279.0,1240.0,460.0,1323.0,729,0,0,1,Bus
22,285.0,1244.0,465.0,1328.0,730,0,0,1,Bus
22,290.0,1244.0,471.0,1328.0,731,0,0,1,Bus
22,296.0,1244.0,476.0,1328.0,732,0,0,1,Bus
22,302.0,1248.0,482.0,1332.0,733,0,0,1,Bus
22,307.0,1248.0,488.0,1332.0,734,0,0,1,Bus
22,313.0,1248.0,493.0,1332.0,735,0,0,1,Bus
22,318.0,1252.0,499.0,1336.0,736,0,0,0,Bus
22,324.0,1248.0,504.0,1332.0,737,0,0,1,Bus
22,329.0,1248.0,510.0,1332.0,738,0,0,1,Bus
22,337.0,1248.0,517.0,1332.0,739,0,0,1,Bus
22,342.0,1248.0,523.0,1332.0,740,0,0,1,Bus
22,348.0,1248.0,528.0,1332.0,741,0,0,1,Bus
22,355.0,1248.0,535.0,1332.0,742,0,0,1,Bus
22,360.0,1248.0,541.0,1332.0,743,0,0,1,Bus
22,366.0,1248.0,546.0,1332.0,744,0,0,1,Bus
22,373.0,1248.0,554.0,1332.0,745,0,0,1,Bus
22,379.0,1248.0,559.0,1332.0,746,0,0,1,Bus
22,384.0,1248.0,565.0,1332.0,747,0,0,1,Bus
22,392.0,1248.0,572.0,1332.0,748,0,0,1,Bus
22,397.0,1248.0,578.0,1332.0,749,0,0,1,Bus
22,403.0,1248.0,583.0,1332.0,750,0,0,1,Bus
22,410.0,1248.0,591.0,1332.0,751,0,0,1,Bus
22,416.0,1248.0,596.0,1332.0,752,0,0,1,Bus
22,421.0,1248.0,602.0,1332.0,753,0,0,1,Bus
22,429.0,1248.0,609.0,1332.0,754,0,0,1,Bus
22,434.0,1248.0,615.0,1332.0,755,0,0,1,Bus
22,440.0,1248.0,620.0,1332.0,756,0,0,1,Bus
22,447.0,1248.0,628.0,1332.0,757,0,0,1,Bus
22,453.0,1248.0,633.0,1332.0,758,0,0,1,Bus
22,458.0,1248.0,639.0,1332.0,759,0,0,1,Bus
22,465.0,1244.0,646.0,1328.0,760,0,0,1,Bus
22,471.0,1244.0,651.0,1328.0,761,0,0,1,Bus
22,476.0,1244.0,657.0,1328.0,762,0,0,1,Bus
22,484.0,1244.0,664.0,1328.0,763,0,0,1,Bus
22,489.0,1244.0,670.0,1328.0,764,0,0,1,Bus
22,495.0,1244.0,675.0,1328.0,765,0,0,1,Bus
22,502.0,1244.0,683.0,1328.0,766,0,0,1,Bus
22,508.0,1244.0,688.0,1328.0,767,0,0,1,Bus
22,513.0,1244.0,694.0,1328.0,768,0,0,1,Bus
22,521.0,1244.0,701.0,1328.0,769,0,0,1,Bus
22,526.0,1244.0,707.0,1328.0,770,0,0,1,Bus
22,532.0,1244.0,712.0,1328.0,771,0,0,1,Bus
22,539.0,1244.0,720.0,1328.0,772,0,0,1,Bus
22,545.0,1244.0,725.0,1328.0,773,0,0,1,Bus
22,550.0,1244.0,731.0,1328.0,774,0,0,1,Bus
22,558.0,1244.0,738.0,1328.0,775,0,0,1,Bus
22,563.0,1244.0,744.0,1328.0,776,0,0,1,Bus
22,569.0,1244.0,749.0,1328.0,777,0,0,1,Bus
22,576.0,1244.0,756.0,1328.0,778,0,0,1,Bus
22,581.0,1244.0,762.0,1328.0,779,0,0,1,Bus
22,587.0,1244.0,767.0,1328.0,780,0,0,1,Bus
22,594.0,1244.0,775.0,1328.0,781,0,0,1,Bus
22,600.0,1244.0,780.0,1328.0,782,0,0,1,Bus
22,607.0,1244.0,788.0,1328.0,783,0,0,0,Bus
22,611.0,1244.0,791.0,1328.0,784,0,0,1,Bus
22,616.0,1244.0,797.0,1328.0,785,0,0,1,Bus
22,622.0,1244.0,802.0,1328.0,786,0,0,1,Bus
22,628.0,1244.0,808.0,1328.0,787,0,0,1,Bus
22,633.0,1244.0,814.0,1328.0,788,0,0,1,Bus
22,639.0,1244.0,819.0,1328.0,789,0,0,1,Bus
22,644.0,1244.0,825.0,1328.0,790,0,0,1,Bus
22,650.0,1244.0,830.0,1328.0,791,0,0,1,Bus
22,655.0,1244.0,836.0,1328.0,792,0,0,1,Bus
22,659.0,1244.0,839.0,1328.0,793,0,0,1,Bus
22,664.0,1244.0,845.0,1328.0,794,0,0,1,Bus
22,670.0,1244.0,850.0,1328.0,795,0,0,1,Bus
22,675.0,1244.0,856.0,1328.0,796,0,0,1,Bus
22,681.0,1244.0,861.0,1328.0,797,0,0,1,Bus
22,686.0,1244.0,867.0,1328.0,798,0,0,1,Bus
22,692.0,1244.0,872.0,1328.0,799,0,0,1,Bus
22,697.0,1244.0,878.0,1328.0,800,0,0,1,Bus
22,703.0,1244.0,884.0,1328.0,801,0,0,1,Bus
22,709.0,1244.0,889.0,1328.0,802,0,0,1,Bus
22,712.0,1244.0,893.0,1328.0,803,0,0,1,Bus
22,718.0,1244.0,898.0,1328.0,804,0,0,1,Bus
22,723.0,1244.0,904.0,1328.0,805,0,0,1,Bus
22,729.0,1244.0,909.0,1328.0,806,0,0,1,Bus
22,734.0,1244.0,915.0,1328.0,807,0,0,1,Bus
22,740.0,1244.0,920.0,1328.0,808,0,0,1,Bus
22,745.0,1244.0,926.0,1328.0,809,0,0,1,Bus
22,751.0,1244.0,931.0,1328.0,810,0,0,1,Bus
22,756.0,1244.0,937.0,1328.0,811,0,0,1,Bus
22,762.0,1244.0,942.0,1328.0,812,0,0,1,Bus
22,766.0,1244.0,946.0,1328.0,813,0,0,1,Bus
22,771.0,1244.0,952.0,1328.0,814,0,0,1,Bus
22,777.0,1244.0,957.0,1328.0,815,0,0,1,Bus
22,782.0,1244.0,963.0,1328.0,816,0,0,1,Bus
22,788.0,1244.0,968.0,1328.0,817,0,0,1,Bus
22,793.0,1244.0,974.0,1328.0,818,0,0,1,Bus
22,799.0,1244.0,979.0,1328.0,819,0,0,1,Bus
22,804.0,1244.0,985.0,1328.0,820,0,0,1,Bus
22,810.0,1244.0,990.0,1328.0,821,0,0,1,Bus
22,815.0,1244.0,996.0,1328.0,822,0,0,1,Bus
22,819.0,1244.0,1000.0,1328.0,823,0,0,1,Bus
22,825.0,1244.0,1005.0,1328.0,824,0,0,1,Bus
22,830.0,1244.0,1011.0,1328.0,825,0,0,1,Bus
22,836.0,1244.0,1016.0,1328.0,826,0,0,1,Bus
22,841.0,1244.0,1022.0,1328.0,827,0,0,1,Bus
22,847.0,1244.0,1027.0,1328.0,828,0,0,1,Bus
22,852.0,1244.0,1033.0,1328.0,829,0,0,1,Bus
22,858.0,1244.0,1038.0,1328.0,830,0,0,1,Bus
22,863.0,1244.0,1044.0,1328.0,831,0,0,1,Bus
22,869.0,1244.0,1049.0,1328.0,832,0,0,1,Bus
22,872.0,1244.0,1053.0,1328.0,833,0,0,1,Bus
22,878.0,1244.0,1058.0,1328.0,834,0,0,1,Bus
22,884.0,1244.0,1064.0,1328.0,835,0,0,1,Bus
22,889.0,1244.0,1070.0,1328.0,836,0,0,1,Bus
22,895.0,1244.0,1075.0,1328.0,837,0,0,1,Bus
22,900.0,1244.0,1081.0,1328.0,838,0,0,1,Bus
22,906.0,1244.0,1086.0,1328.0,839,0,0,1,Bus
22,911.0,1244.0,1092.0,1328.0,840,0,0,1,Bus
22,917.0,1244.0,1097.0,1328.0,841,0,0,1,Bus
22,922.0,1244.0,1103.0,1328.0,842,0,0,1,Bus
22,926.0,1244.0,1106.0,1328.0,843,0,0,1,Bus
22,931.0,1244.0,1112.0,1328.0,844,0,0,1,Bus
22,937.0,1244.0,1117.0,1328.0,845,0,0,1,Bus
22,942.0,1244.0,1123.0,1328.0,846,0,0,1,Bus
22,948.0,1244.0,1128.0,1328.0,847,0,0,1,Bus
22,953.0,1244.0,1134.0,1328.0,848,0,0,1,Bus
22,959.0,1244.0,1139.0,1328.0,849,0,0,1,Bus
22,965.0,1244.0,1145.0,1328.0,850,0,0,1,Bus
22,970.0,1244.0,1151.0,1328.0,851,0,0,1,Bus
22,976.0,1244.0,1156.0,1328.0,852,0,0,0,Bus
22,981.0,1244.0,1160.0,1328.0,853,0,0,1,Bus
22,987.0,1244.0,1165.0,1328.0,854,0,0,1,Bus
22,992.0,1244.0,1171.0,1328.0,855,0,0,1,Bus
22,998.0,1244.0,1176.0,1328.0,856,0,0,1,Bus
22,1003.0,1244.0,1182.0,1328.0,857,0,0,1,Bus
22,1009.0,1244.0,1187.0,1328.0,858,0,0,1,Bus
22,1014.0,1244.0,1193.0,1328.0,859,0,0,1,Bus
22,1020.0,1248.0,1198.0,1332.0,860,0,0,1,Bus
22,1025.0,1248.0,1204.0,1332.0,861,0,0,1,Bus
22,1031.0,1248.0,1209.0,1332.0,862,0,0,1,Bus
22,1038.0,1248.0,1215.0,1332.0,863,0,0,1,Bus
22,1044.0,1248.0,1221.0,1332.0,864,0,0,1,Bus
22,1049.0,1248.0,1226.0,1332.0,865,0,0,1,Bus
22,1055.0,1248.0,1232.0,1332.0,866,0,0,1,Bus
22,1060.0,1248.0,1237.0,1332.0,867,0,0,1,Bus
22,1066.0,1252.0,1241.0,1336.0,868,0,0,1,Bus
22,1071.0,1252.0,1246.0,1336.0,869,0,0,1,Bus
22,1077.0,1252.0,1252.0,1336.0,870,0,0,1,Bus
22,1082.0,1252.0,1257.0,1336.0,871,0,0,1,Bus
22,1088.0,1252.0,1263.0,1336.0,872,0,0,1,Bus
22,1095.0,1252.0,1268.0,1336.0,873,0,0,1,Bus
22,1101.0,1252.0,1274.0,1336.0,874,0,0,1,Bus
22,1106.0,1252.0,1279.0,1336.0,875,0,0,1,Bus
22,1112.0,1256.0,1285.0,1340.0,876,0,0,1,Bus
22,1117.0,1256.0,1291.0,1340.0,877,0,0,1,Bus
22,1123.0,1256.0,1296.0,1340.0,878,0,0,1,Bus
22,1128.0,1256.0,1302.0,1340.0,879,0,0,1,Bus
22,1134.0,1256.0,1307.0,1340.0,880,0,0,1,Bus
22,1139.0,1256.0,1313.0,1340.0,881,0,0,1,Bus
22,1145.0,1256.0,1318.0,1340.0,882,0,0,1,Bus
22,1152.0,1261.0,1324.0,1344.0,883,0,0,0,Bus
22,1154.0,1261.0,1324.0,1344.0,884,0,0,1,Bus
22,1158.0,1261.0,1324.0,1344.0,885,0,0,1,Bus
22,1162.0,1261.0,1324.0,1344.0,886,0,0,1,Bus
22,1165.0,1261.0,1324.0,1344.0,887,0,0,1,Bus
22,1169.0,1261.0,1324.0,1344.0,888,0,0,1,Bus
22,1173.0,1261.0,1324.0,1344.0,889,0,0,1,Bus
22,1174.0,1261.0,1324.0,1344.0,890,0,0,1,Bus
22,1178.0,1261.0,1324.0,1344.0,891,0,0,1,Bus
22,1182.0,1261.0,1324.0,1344.0,892,0,0,1,Bus
22,1186.0,1265.0,1324.0,1349.0,893,0,0,1,Bus
22,1189.0,1265.0,1324.0,1349.0,894,0,0,1,Bus
22,1193.0,1265.0,1324.0,1349.0,895,0,0,1,Bus
22,1195.0,1265.0,1324.0,1349.0,896,0,0,1,Bus
22,1198.0,1265.0,1324.0,1349.0,897,0,0,1,Bus
22,1202.0,1265.0,1324.0,1349.0,898,0,0,1,Bus
22,1206.0,1265.0,1324.0,1349.0,899,0,0,1,Bus
22,1209.0,1265.0,1324.0,1349.0,900,0,0,1,Bus
22,1213.0,1265.0,1324.0,1349.0,901,0,0,1,Bus
22,1217.0,1269.0,1324.0,1353.0,902,1,0,0,Bus
22,1217.0,1269.0,1324.0,1353.0,903,1,0,1,Bus
22,1217.0,1269.0,1324.0,1353.0,904,1,0,1,Bus
22,1217.0,1269.0,1324.0,1353.0,905,1,0,1,Bus
22,1217.0,1269.0,1324.0,1353.0,906,1,0,1,Bus
22,1217.0,1269.0,1324.0,1353.0,907,1,0,1,Bus
22,1217.0,1269.0,1324.0,1353.0,908,1,0,1,Bus
22,1217.0,1269.0,1324.0,1353.0,909,1,0,1,Bus
22,1217.0,1269.0,1324.0,1353.0,910,1,0,1,Bus
22,1217.0,1269.0,1324.0,1353.0,911,1,0,1,Bus
22,1217.0,1269.0,1324.0,1353.0,912,1,0,1,Bus
22,1217.0,1269.0,1324.0,1353.0,913,1,0,1,Bus
22,1217.0,1269.0,1324.0,1353.0,914,1,0,1,Bus
22,1217.0,1269.0,1324.0,1353.0,915,1,0,1,Bus
22,1217.0,1269.0,1324.0,1353.0,916,1,0,1,Bus
22,1217.0,1269.0,1324.0,1353.0,917,1,0,1,Bus
22,1217.0,1269.0,1324.0,1353.0,918,1,0,1,Bus
22,1217.0,1269.0,1324.0,1353.0,919,1,0,1,Bus
22,1217.0,1269.0,1324.0,1353.0,920,1,0,1,Bus
22,1217.0,1269.0,1324.0,1353.0,921,1,0,1,Bus
22,1217.0,1269.0,1324.0,1353.0,922,1,0,1,Bus
22,1217.0,1269.0,1324.0,1353.0,923,1,0,1,Bus
22,1217.0,1269.0,1324.0,1353.0,924,1,0,1,Bus
22,1217.0,1269.0,1324.0,1353.0,925,1,0,1,Bus
22,1217.0,1269.0,1324.0,1353.0,926,1,0,1,Bus
22,1217.0,1269.0,1324.0,1353.0,927,1,0,1,Bus
22,1217.0,1269.0,1324.0,1353.0,928,1,0,1,Bus
22,1217.0,1269.0,1324.0,1353.0,929,1,0,1,Bus
22,1217.0,1269.0,1324.0,1353.0,930,1,0,1,Bus
22,1217.0,1269.0,1324.0,1353.0,931,1,0,1,Bus
22,1217.0,1269.0,1324.0,1353.0,932,1,0,1,Bus
22,1217.0,1269.0,1324.0,1353.0,933,1,0,1,Bus
22,1217.0,1269.0,1324.0,1353.0,934,1,0,1,Bus
22,1217.0,1269.0,1324.0,1353.0,935,1,0,1,Bus
22,1217.0,1269.0,1324.0,1353.0,936,1,0,1,Bus
22,1217.0,1269.0,1324.0,1353.0,937,1,0,1,Bus
22,1217.0,1269.0,1324.0,1353.0,938,1,0,1,Bus
22,1217.0,1269.0,1324.0,1353.0,939,1,0,1,Bus
22,1217.0,1269.0,1324.0,1353.0,940,1,0,1,Bus
22,1217.0,1269.0,1324.0,1353.0,941,1,0,1,Bus
22,1217.0,1269.0,1324.0,1353.0,942,1,0,1,Bus
22,1217.0,1269.0,1324.0,1353.0,943,1,0,1,Bus
22,1217.0,1269.0,1324.0,1353.0,944,1,0,1,Bus
22,1217.0,1269.0,1324.0,1353.0,945,1,0,1,Bus
22,1217.0,1269.0,1324.0,1353.0,946,1,0,1,Bus
22,1217.0,1269.0,1324.0,1353.0,947,1,0,1,Bus
22,1217.0,1269.0,1324.0,1353.0,948,1,0,1,Bus
22,1217.0,1269.0,1324.0,1353.0,949,1,0,1,Bus
22,1217.0,1269.0,1324.0,1353.0,950,1,0,1,Bus
22,1217.0,1269.0,1324.0,1353.0,951,1,0,1,Bus
22,1217.0,1269.0,1324.0,1353.0,952,1,0,1,Bus
22,1217.0,1269.0,1324.0,1353.0,953,1,0,1,Bus
22,1217.0,1269.0,1324.0,1353.0,954,1,0,1,Bus
22,1217.0,1269.0,1324.0,1353.0,955,1,0,1,Bus
22,1217.0,1269.0,1324.0,1353.0,956,1,0,1,Bus
22,1217.0,1269.0,1324.0,1353.0,957,1,0,1,Bus
22,1217.0,1269.0,1324.0,1353.0,958,1,0,1,Bus
22,1217.0,1269.0,1324.0,1353.0,959,1,0,1,Bus
22,1217.0,1269.0,1324.0,1353.0,960,1,0,1,Bus
22,1217.0,1269.0,1324.0,1353.0,961,1,0,1,Bus
22,1217.0,1269.0,1324.0,1353.0,962,1,0,1,Bus
22,1217.0,1269.0,1324.0,1353.0,963,1,0,1,Bus
22,1217.0,1269.0,1324.0,1353.0,964,1,0,1,Bus
22,1217.0,1269.0,1324.0,1353.0,965,1,0,1,Bus
22,1217.0,1269.0,1324.0,1353.0,966,1,0,1,Bus
22,1217.0,1269.0,1324.0,1353.0,967,1,0,1,Bus
22,1217.0,1269.0,1324.0,1353.0,968,1,0,1,Bus
22,1217.0,1269.0,1324.0,1353.0,969,1,0,1,Bus
22,1217.0,1269.0,1324.0,1353.0,970,1,0,1,Bus
22,1217.0,1269.0,1324.0,1353.0,971,1,0,1,Bus
22,1217.0,1269.0,1324.0,1353.0,972,1,0,1,Bus
22,1217.0,1269.0,1324.0,1353.0,973,1,0,1,Bus
22,1217.0,1269.0,1324.0,1353.0,974,1,0,1,Bus
22,1217.0,1269.0,1324.0,1353.0,975,1,0,1,Bus
22,1217.0,1269.0,1324.0,1353.0,976,1,0,1,Bus
22,1217.0,1269.0,1324.0,1353.0,977,1,0,1,Bus
22,1217.0,1269.0,1324.0,1353.0,978,1,0,1,Bus
22,1217.0,1269.0,1324.0,1353.0,979,1,0,1,Bus
22,1217.0,1269.0,1324.0,1353.0,980,1,0,0,Bus
22,1217.0,1269.0,1324.0,1353.0,981,1,0,1,Bus
22,1217.0,1269.0,1324.0,1353.0,982,1,0,1,Bus
22,1217.0,1269.0,1324.0,1353.0,983,1,0,1,Bus
22,1217.0,1269.0,1324.0,1353.0,984,1,0,1,Bus
22,1217.0,1269.0,1324.0,1353.0,985,1,0,1,Bus
22,1217.0,1269.0,1324.0,1353.0,986,1,0,1,Bus
22,1217.0,1269.0,1324.0,1353.0,987,1,0,1,Bus
22,1217.0,1269.0,1324.0,1353.0,988,1,0,1,Bus
22,1217.0,1269.0,1324.0,1353.0,989,1,0,1,Bus
22,1217.0,1269.0,1324.0,1353.0,990,1,0,1,Bus
22,1217.0,1269.0,1324.0,1353.0,991,1,0,1,Bus
22,1217.0,1269.0,1324.0,1353.0,992,1,0,1,Bus
22,1217.0,1269.0,1324.0,1353.0,993,1,0,1,Bus
22,1217.0,1269.0,1324.0,1353.0,994,1,0,1,Bus
22,1217.0,1269.0,1324.0,1353.0,995,1,0,1,Bus
22,1217.0,1269.0,1324.0,1353.0,996,1,0,1,Bus
22,1217.0,1269.0,1324.0,1353.0,997,1,0,1,Bus
22,1217.0,1269.0,1324.0,1353.0,998,1,0,1,Bus
22,1217.0,1269.0,1324.0,1353.0,999,1,0,1,Bus
22,1217.0,1269.0,1324.0,1353.0,1000,1,0,1,Bus
22,1217.0,1269.0,1324.0,1353.0,1001,1,0,1,Bus
22,1217.0,1269.0,1324.0,1353.0,1002,1,0,1,Bus
22,1217.0,1269.0,1324.0,1353.0,1003,1,0,1,Bus
22,1217.0,1269.0,1324.0,1353.0,1004,1,0,1,Bus
22,1217.0,1269.0,1324.0,1353.0,1005,1,0,1,Bus
22,1217.0,1269.0,1324.0,1353.0,1006,1,0,1,Bus
22,1217.0,1269.0,1324.0,1353.0,1007,1,0,1,Bus
22,1217.0,1269.0,1324.0,1353.0,1008,1,0,1,Bus
22,1217.0,1269.0,1324.0,1353.0,1009,1,0,1,Bus
22,1217.0,1269.0,1324.0,1353.0,1010,1,0,1,Bus
22,1217.0,1269.0,1324.0,1353.0,1011,1,0,1,Bus
22,1217.0,1269.0,1324.0,1353.0,1012,1,0,1,Bus
22,1217.0,1269.0,1324.0,1353.0,1013,1,0,1,Bus
22,1217.0,1269.0,1324.0,1353.0,1014,1,0,1,Bus
22,1217.0,1269.0,1324.0,1353.0,1015,1,0,1,Bus
22,1217.0,1269.0,1324.0,1353.0,1016,1,0,1,Bus
22,1217.0,1269.0,1324.0,1353.0,1017,1,0,1,Bus
22,1217.0,1269.0,1324.0,1353.0,1018,1,0,1,Bus
22,1217.0,1269.0,1324.0,1353.0,1019,1,0,1,Bus
22,1217.0,1269.0,1324.0,1353.0,1020,1,0,1,Bus
22,1217.0,1269.0,1324.0,1353.0,1021,1,0,1,Bus
22,1217.0,1269.0,1324.0,1353.0,1022,1,0,1,Bus
22,1217.0,1269.0,1324.0,1353.0,1023,1,0,1,Bus
22,1217.0,1269.0,1324.0,1353.0,1024,1,0,1,Bus
22,1217.0,1269.0,1324.0,1353.0,1025,1,0,1,Bus
22,1217.0,1269.0,1324.0,1353.0,1026,1,0,1,Bus
22,1217.0,1269.0,1324.0,1353.0,1027,1,0,1,Bus
22,1217.0,1269.0,1324.0,1353.0,1028,1,0,1,Bus
22,1217.0,1269.0,1324.0,1353.0,1029,1,0,1,Bus
22,1217.0,1269.0,1324.0,1353.0,1030,1,0,1,Bus
22,1217.0,1269.0,1324.0,1353.0,1031,1,0,0,Bus
23,156.0,871.0,206.0,934.0,500,1,0,0,Pedestrian
23,156.0,871.0,206.0,934.0,501,1,0,1,Pedestrian
23,156.0,871.0,206.0,934.0,502,1,0,1,Pedestrian
23,156.0,871.0,206.0,934.0,503,1,0,1,Pedestrian
23,156.0,871.0,206.0,934.0,504,1,0,1,Pedestrian
23,156.0,871.0,206.0,934.0,505,1,0,1,Pedestrian
23,156.0,871.0,206.0,934.0,506,1,0,1,Pedestrian
23,156.0,871.0,206.0,934.0,507,1,0,1,Pedestrian
23,156.0,871.0,206.0,934.0,508,1,0,1,Pedestrian
23,156.0,871.0,206.0,934.0,509,1,0,1,Pedestrian
23,156.0,871.0,206.0,934.0,510,1,0,1,Pedestrian
23,156.0,871.0,206.0,934.0,511,1,0,1,Pedestrian
23,156.0,871.0,206.0,934.0,512,1,0,1,Pedestrian
23,156.0,871.0,206.0,934.0,513,1,0,1,Pedestrian
23,156.0,871.0,206.0,934.0,514,1,0,1,Pedestrian
23,156.0,871.0,206.0,934.0,515,1,0,1,Pedestrian
23,156.0,871.0,206.0,934.0,516,1,0,1,Pedestrian
23,156.0,871.0,206.0,934.0,517,1,0,1,Pedestrian
23,156.0,871.0,206.0,934.0,518,1,0,1,Pedestrian
23,156.0,871.0,206.0,934.0,519,1,0,1,Pedestrian
23,156.0,871.0,206.0,934.0,520,1,0,1,Pedestrian
23,156.0,871.0,206.0,934.0,521,1,0,1,Pedestrian
23,156.0,871.0,206.0,934.0,522,1,0,1,Pedestrian
23,156.0,871.0,206.0,934.0,523,1,0,1,Pedestrian
23,156.0,871.0,206.0,934.0,524,1,0,1,Pedestrian
23,156.0,871.0,206.0,934.0,525,1,0,1,Pedestrian
23,156.0,871.0,206.0,934.0,526,1,0,1,Pedestrian
23,156.0,871.0,206.0,934.0,527,1,0,1,Pedestrian
23,156.0,871.0,206.0,934.0,528,1,0,1,Pedestrian
23,156.0,871.0,206.0,934.0,529,1,0,1,Pedestrian
23,156.0,871.0,206.0,934.0,530,1,0,1,Pedestrian
23,156.0,871.0,206.0,934.0,531,1,0,1,Pedestrian
23,156.0,871.0,206.0,934.0,532,1,0,1,Pedestrian
23,156.0,871.0,206.0,934.0,533,1,0,1,Pedestrian
23,156.0,871.0,206.0,934.0,534,1,0,1,Pedestrian
23,156.0,871.0,206.0,934.0,535,1,0,1,Pedestrian
23,156.0,871.0,206.0,934.0,536,1,0,1,Pedestrian
23,156.0,871.0,206.0,934.0,537,1,0,1,Pedestrian
23,156.0,871.0,206.0,934.0,538,1,0,1,Pedestrian
23,156.0,871.0,206.0,934.0,539,1,0,1,Pedestrian
23,156.0,871.0,206.0,934.0,540,1,0,1,Pedestrian
23,156.0,871.0,206.0,934.0,541,1,0,1,Pedestrian
23,156.0,871.0,206.0,934.0,542,1,0,1,Pedestrian
23,156.0,871.0,206.0,934.0,543,1,0,1,Pedestrian
23,156.0,871.0,206.0,934.0,544,1,0,1,Pedestrian
23,156.0,871.0,206.0,934.0,545,1,0,1,Pedestrian
23,156.0,871.0,206.0,934.0,546,1,0,1,Pedestrian
23,156.0,871.0,206.0,934.0,547,1,0,1,Pedestrian
23,156.0,871.0,206.0,934.0,548,1,0,1,Pedestrian
23,156.0,871.0,206.0,934.0,549,1,0,1,Pedestrian
23,156.0,871.0,206.0,934.0,550,1,0,1,Pedestrian
23,156.0,871.0,206.0,934.0,551,1,0,1,Pedestrian
23,156.0,871.0,206.0,934.0,552,1,0,1,Pedestrian
23,156.0,871.0,206.0,934.0,553,1,0,1,Pedestrian
23,156.0,871.0,206.0,934.0,554,1,0,1,Pedestrian
23,156.0,871.0,206.0,934.0,555,1,0,1,Pedestrian
23,156.0,871.0,206.0,934.0,556,1,0,1,Pedestrian
23,156.0,871.0,206.0,934.0,557,1,0,1,Pedestrian
23,156.0,871.0,206.0,934.0,558,1,0,1,Pedestrian
23,156.0,871.0,206.0,934.0,559,1,0,1,Pedestrian
23,156.0,871.0,206.0,934.0,560,1,0,1,Pedestrian
23,156.0,871.0,206.0,934.0,561,1,0,1,Pedestrian
23,156.0,871.0,206.0,934.0,562,1,0,1,Pedestrian
23,156.0,871.0,206.0,934.0,563,1,0,1,Pedestrian
23,156.0,871.0,206.0,934.0,564,1,0,1,Pedestrian
23,156.0,871.0,206.0,934.0,565,1,0,1,Pedestrian
23,156.0,871.0,206.0,934.0,566,1,0,1,Pedestrian
23,156.0,871.0,206.0,934.0,567,1,0,1,Pedestrian
23,156.0,871.0,206.0,934.0,568,1,0,1,Pedestrian
23,156.0,871.0,206.0,934.0,569,1,0,1,Pedestrian
23,156.0,871.0,206.0,934.0,570,1,0,1,Pedestrian
23,156.0,871.0,206.0,934.0,571,1,0,1,Pedestrian
23,156.0,871.0,206.0,934.0,572,1,0,1,Pedestrian
23,156.0,871.0,206.0,934.0,573,1,0,1,Pedestrian
23,156.0,871.0,206.0,934.0,574,1,0,1,Pedestrian
23,156.0,871.0,206.0,934.0,575,1,0,1,Pedestrian
23,156.0,871.0,206.0,934.0,576,1,0,1,Pedestrian
23,156.0,871.0,206.0,934.0,577,1,0,1,Pedestrian
23,156.0,871.0,206.0,934.0,578,1,0,1,Pedestrian
23,156.0,871.0,206.0,934.0,579,1,0,1,Pedestrian
23,156.0,871.0,206.0,934.0,580,1,0,1,Pedestrian
23,156.0,871.0,206.0,934.0,581,1,0,1,Pedestrian
23,156.0,871.0,206.0,934.0,582,1,0,1,Pedestrian
23,156.0,871.0,206.0,934.0,583,1,0,1,Pedestrian
23,156.0,871.0,206.0,934.0,584,1,0,1,Pedestrian
23,156.0,871.0,206.0,934.0,585,1,0,1,Pedestrian
23,156.0,871.0,206.0,934.0,586,1,0,1,Pedestrian
23,156.0,871.0,206.0,934.0,587,1,0,1,Pedestrian
23,156.0,871.0,206.0,934.0,588,1,0,1,Pedestrian
23,156.0,871.0,206.0,934.0,589,1,0,1,Pedestrian
23,156.0,871.0,206.0,934.0,590,1,0,1,Pedestrian
23,156.0,871.0,206.0,934.0,591,1,0,1,Pedestrian
23,156.0,871.0,206.0,934.0,592,1,0,1,Pedestrian
23,156.0,871.0,206.0,934.0,593,1,0,1,Pedestrian
23,156.0,871.0,206.0,934.0,594,1,0,1,Pedestrian
23,156.0,871.0,206.0,934.0,595,1,0,1,Pedestrian
23,156.0,871.0,206.0,934.0,596,1,0,1,Pedestrian
23,156.0,871.0,206.0,934.0,597,1,0,1,Pedestrian
23,156.0,871.0,206.0,934.0,598,1,0,1,Pedestrian
23,156.0,871.0,206.0,934.0,599,1,0,1,Pedestrian
23,156.0,871.0,206.0,934.0,600,1,0,1,Pedestrian
23,156.0,871.0,206.0,934.0,601,1,0,1,Pedestrian
23,156.0,871.0,206.0,934.0,602,1,0,1,Pedestrian
23,156.0,871.0,206.0,934.0,603,1,0,1,Pedestrian
23,156.0,871.0,206.0,934.0,604,1,0,1,Pedestrian
23,156.0,871.0,206.0,934.0,605,1,0,1,Pedestrian
23,156.0,871.0,206.0,934.0,606,1,0,1,Pedestrian
23,156.0,871.0,206.0,934.0,607,1,0,1,Pedestrian
23,156.0,871.0,206.0,934.0,608,1,0,1,Pedestrian
23,156.0,871.0,206.0,934.0,609,1,0,1,Pedestrian
23,156.0,871.0,206.0,934.0,610,1,0,1,Pedestrian
23,156.0,871.0,206.0,934.0,611,1,0,1,Pedestrian
23,156.0,871.0,206.0,934.0,612,1,0,1,Pedestrian
23,156.0,871.0,206.0,934.0,613,1,0,1,Pedestrian
23,156.0,871.0,206.0,934.0,614,1,0,1,Pedestrian
23,156.0,871.0,206.0,934.0,615,1,0,1,Pedestrian
23,156.0,871.0,206.0,934.0,616,1,0,1,Pedestrian
23,156.0,871.0,206.0,934.0,617,1,0,1,Pedestrian
23,156.0,871.0,206.0,934.0,618,1,0,1,Pedestrian
23,156.0,871.0,206.0,934.0,619,1,0,1,Pedestrian
23,156.0,871.0,206.0,934.0,620,1,0,1,Pedestrian
23,156.0,871.0,206.0,934.0,621,1,0,1,Pedestrian
23,156.0,871.0,206.0,934.0,622,1,0,1,Pedestrian
23,156.0,871.0,206.0,934.0,623,1,0,1,Pedestrian
23,156.0,871.0,206.0,934.0,624,1,0,1,Pedestrian
23,156.0,871.0,206.0,934.0,625,1,0,1,Pedestrian
23,156.0,871.0,206.0,934.0,626,1,0,1,Pedestrian
23,156.0,871.0,206.0,934.0,627,1,0,1,Pedestrian
23,156.0,871.0,206.0,934.0,628,1,0,1,Pedestrian
23,156.0,871.0,206.0,934.0,629,1,0,1,Pedestrian
23,156.0,871.0,206.0,934.0,630,1,0,1,Pedestrian
23,156.0,871.0,206.0,934.0,631,1,0,1,Pedestrian
23,156.0,871.0,206.0,934.0,632,1,0,1,Pedestrian
23,156.0,871.0,206.0,934.0,633,1,0,1,Pedestrian
23,156.0,871.0,206.0,934.0,634,1,0,1,Pedestrian
23,156.0,871.0,206.0,934.0,635,1,0,1,Pedestrian
23,156.0,871.0,206.0,934.0,636,1,0,1,Pedestrian
23,156.0,871.0,206.0,934.0,637,1,0,1,Pedestrian
23,156.0,871.0,206.0,934.0,638,1,0,1,Pedestrian
23,156.0,871.0,206.0,934.0,639,1,0,1,Pedestrian
23,156.0,871.0,206.0,934.0,640,1,0,1,Pedestrian
23,156.0,871.0,206.0,934.0,641,1,0,1,Pedestrian
23,156.0,871.0,206.0,934.0,642,1,0,1,Pedestrian
23,156.0,871.0,206.0,934.0,643,1,0,1,Pedestrian
23,156.0,871.0,206.0,934.0,644,1,0,1,Pedestrian
23,156.0,871.0,206.0,934.0,645,1,0,1,Pedestrian
23,156.0,871.0,206.0,934.0,646,1,0,1,Pedestrian
23,156.0,871.0,206.0,934.0,647,1,0,1,Pedestrian
23,156.0,871.0,206.0,934.0,648,1,0,1,Pedestrian
23,156.0,871.0,206.0,934.0,649,1,0,1,Pedestrian
23,156.0,871.0,206.0,934.0,650,1,0,1,Pedestrian
23,156.0,871.0,206.0,934.0,651,1,0,1,Pedestrian
23,156.0,871.0,206.0,934.0,652,1,0,1,Pedestrian
23,156.0,871.0,206.0,934.0,653,1,0,1,Pedestrian
23,156.0,871.0,206.0,934.0,654,1,0,1,Pedestrian
23,156.0,871.0,206.0,934.0,655,1,0,1,Pedestrian
23,156.0,871.0,206.0,934.0,656,1,0,1,Pedestrian
23,156.0,871.0,206.0,934.0,657,1,0,1,Pedestrian
23,156.0,871.0,206.0,934.0,658,1,0,1,Pedestrian
23,156.0,871.0,206.0,934.0,659,1,0,1,Pedestrian
23,156.0,871.0,206.0,934.0,660,1,0,1,Pedestrian
23,156.0,871.0,206.0,934.0,661,1,0,1,Pedestrian
23,156.0,871.0,206.0,934.0,662,1,0,1,Pedestrian
23,156.0,871.0,206.0,934.0,663,1,0,1,Pedestrian
23,156.0,871.0,206.0,934.0,664,1,0,1,Pedestrian
23,156.0,871.0,206.0,934.0,665,1,0,1,Pedestrian
23,156.0,871.0,206.0,934.0,666,1,0,1,Pedestrian
23,156.0,871.0,206.0,934.0,667,1,0,1,Pedestrian
23,156.0,871.0,206.0,934.0,668,1,0,1,Pedestrian
23,156.0,871.0,206.0,934.0,669,1,0,1,Pedestrian
23,156.0,871.0,206.0,934.0,670,1,0,1,Pedestrian
23,156.0,871.0,206.0,934.0,671,1,0,1,Pedestrian
23,156.0,871.0,206.0,934.0,672,1,0,1,Pedestrian
23,156.0,871.0,206.0,934.0,673,1,0,1,Pedestrian
23,156.0,871.0,206.0,934.0,674,1,0,1,Pedestrian
23,156.0,871.0,206.0,934.0,675,1,0,1,Pedestrian
23,156.0,871.0,206.0,934.0,676,1,0,1,Pedestrian
23,156.0,871.0,206.0,934.0,677,1,0,1,Pedestrian
23,156.0,871.0,206.0,934.0,678,1,0,1,Pedestrian
23,156.0,871.0,206.0,934.0,679,1,0,1,Pedestrian
23,156.0,871.0,206.0,934.0,680,1,0,1,Pedestrian
23,156.0,871.0,206.0,934.0,681,1,0,1,Pedestrian
23,156.0,871.0,206.0,934.0,682,1,0,1,Pedestrian
23,156.0,871.0,206.0,934.0,683,1,0,1,Pedestrian
23,156.0,871.0,206.0,934.0,684,1,0,1,Pedestrian
23,156.0,871.0,206.0,934.0,685,1,0,1,Pedestrian
23,156.0,871.0,206.0,934.0,686,1,0,1,Pedestrian
23,156.0,871.0,206.0,934.0,687,1,0,1,Pedestrian
23,156.0,871.0,206.0,934.0,688,1,0,1,Pedestrian
23,156.0,871.0,206.0,934.0,689,1,0,1,Pedestrian
23,156.0,871.0,206.0,934.0,690,1,0,1,Pedestrian
23,156.0,871.0,206.0,934.0,691,1,0,1,Pedestrian
23,156.0,871.0,206.0,934.0,692,1,0,1,Pedestrian
23,156.0,871.0,206.0,934.0,693,1,0,1,Pedestrian
23,156.0,871.0,206.0,934.0,694,1,0,1,Pedestrian
23,156.0,871.0,206.0,934.0,695,1,0,1,Pedestrian
23,156.0,871.0,206.0,934.0,696,1,0,1,Pedestrian
23,156.0,871.0,206.0,934.0,697,1,0,1,Pedestrian
23,156.0,871.0,206.0,934.0,698,1,0,1,Pedestrian
23,156.0,871.0,206.0,934.0,699,1,0,1,Pedestrian
23,156.0,871.0,206.0,934.0,700,1,0,1,Pedestrian
23,156.0,871.0,206.0,934.0,701,1,0,1,Pedestrian
23,156.0,871.0,206.0,934.0,702,1,0,1,Pedestrian
23,156.0,871.0,206.0,934.0,703,1,0,1,Pedestrian
23,156.0,871.0,206.0,934.0,704,1,0,1,Pedestrian
23,156.0,871.0,206.0,934.0,705,1,0,1,Pedestrian
23,156.0,871.0,206.0,934.0,706,1,0,1,Pedestrian
23,156.0,871.0,206.0,934.0,707,1,0,1,Pedestrian
23,156.0,871.0,206.0,934.0,708,1,0,1,Pedestrian
23,156.0,871.0,206.0,934.0,709,1,0,1,Pedestrian
23,156.0,871.0,206.0,934.0,710,1,0,1,Pedestrian
23,156.0,871.0,206.0,934.0,711,1,0,1,Pedestrian
23,156.0,871.0,206.0,934.0,712,1,0,1,Pedestrian
23,156.0,871.0,206.0,934.0,713,1,0,1,Pedestrian
23,156.0,871.0,206.0,934.0,714,1,0,1,Pedestrian
23,156.0,871.0,206.0,934.0,715,1,0,1,Pedestrian
23,156.0,871.0,206.0,934.0,716,1,0,1,Pedestrian
23,156.0,871.0,206.0,934.0,717,1,0,1,Pedestrian
23,156.0,871.0,206.0,934.0,718,1,0,1,Pedestrian
23,156.0,871.0,206.0,934.0,719,1,0,1,Pedestrian
23,156.0,871.0,206.0,934.0,720,0,0,0,Pedestrian
23,156.0,871.0,206.0,934.0,721,0,0,1,Pedestrian
23,156.0,871.0,206.0,934.0,722,0,0,1,Pedestrian
23,158.0,871.0,206.0,934.0,723,0,0,1,Pedestrian
23,158.0,871.0,208.0,934.0,724,0,0,1,Pedestrian
23,158.0,871.0,208.0,934.0,725,0,0,1,Pedestrian
23,160.0,871.0,208.0,934.0,726,0,0,1,Pedestrian
23,160.0,871.0,209.0,934.0,727,0,0,1,Pedestrian
23,162.0,871.0,209.0,934.0,728,0,0,1,Pedestrian
23,162.0,871.0,209.0,934.0,729,0,0,1,Pedestrian
23,162.0,871.0,211.0,934.0,730,0,0,1,Pedestrian
23,163.0,871.0,211.0,934.0,731,0,0,1,Pedestrian
23,163.0,871.0,211.0,934.0,732,0,0,1,Pedestrian
23,163.0,871.0,213.0,934.0,733,0,0,1,Pedestrian
23,165.0,871.0,213.0,934.0,734,0,0,1,Pedestrian
23,165.0,871.0,213.0,934.0,735,0,0,1,Pedestrian
23,167.0,875.0,215.0,934.0,736,0,0,0,Pedestrian
23,167.0,875.0,215.0,934.0,737,0,0,1,Pedestrian
23,167.0,875.0,215.0,934.0,738,0,0,1,Pedestrian
23,167.0,875.0,215.0,934.0,739,0,0,1,Pedestrian
23,167.0,875.0,215.0,934.0,740,0,0,1,Pedestrian
23,167.0,875.0,215.0,934.0,741,0,0,1,Pedestrian
23,167.0,875.0,215.0,934.0,742,0,0,1,Pedestrian
23,167.0,875.0,215.0,934.0,743,0,0,1,Pedestrian
23,167.0,875.0,215.0,934.0,744,0,0,1,Pedestrian
23,167.0,875.0,215.0,934.0,745,0,0,1,Pedestrian
23,167.0,875.0,215.0,934.0,746,0,0,1,Pedestrian
23,167.0,875.0,215.0,934.0,747,0,0,1,Pedestrian
23,167.0,875.0,215.0,934.0,748,0,0,1,Pedestrian
23,167.0,875.0,215.0,934.0,749,0,0,1,Pedestrian
23,167.0,875.0,215.0,934.0,750,0,0,1,Pedestrian
23,167.0,875.0,215.0,934.0,751,0,0,1,Pedestrian
23,167.0,875.0,215.0,934.0,752,0,0,1,Pedestrian
23,167.0,875.0,215.0,934.0,753,0,0,1,Pedestrian
23,167.0,875.0,215.0,934.0,754,0,0,1,Pedestrian
23,167.0,875.0,215.0,934.0,755,0,0,1,Pedestrian
23,167.0,875.0,215.0,934.0,756,0,0,1,Pedestrian
23,167.0,875.0,215.0,934.0,757,0,0,1,Pedestrian
23,167.0,875.0,215.0,934.0,758,0,0,1,Pedestrian
23,167.0,875.0,215.0,934.0,759,0,0,1,Pedestrian
23,167.0,875.0,215.0,934.0,760,0,0,1,Pedestrian
23,169.0,879.0,217.0,938.0,761,1,0,0,Pedestrian
23,171.0,879.0,219.0,938.0,762,1,0,1,Pedestrian
23,174.0,879.0,222.0,938.0,763,1,0,1,Pedestrian
23,178.0,879.0,226.0,938.0,764,1,0,1,Pedestrian
23,182.0,879.0,230.0,938.0,765,1,0,1,Pedestrian
23,186.0,884.0,233.0,942.0,766,1,0,1,Pedestrian
23,187.0,884.0,235.0,942.0,767,1,0,1,Pedestrian
23,191.0,884.0,239.0,942.0,768,1,0,1,Pedestrian
23,195.0,884.0,243.0,942.0,769,1,0,1,Pedestrian
23,198.0,884.0,246.0,942.0,770,1,0,1,Pedestrian
23,202.0,888.0,250.0,946.0,771,1,0,0,Pedestrian
23,204.0,888.0,252.0,946.0,772,1,0,1,Pedestrian
23,208.0,888.0,255.0,946.0,773,1,0,1,Pedestrian
23,211.0,888.0,259.0,946.0,774,1,0,1,Pedestrian
23,215.0,888.0,263.0,946.0,775,1,0,1,Pedestrian
23,219.0,888.0,267.0,946.0,776,1,0,1,Pedestrian
23,222.0,892.0,270.0,951.0,777,1,0,1,Pedestrian
23,224.0,892.0,272.0,951.0,778,1,0,1,Pedestrian
23,228.0,892.0,276.0,951.0,779,1,0,1,Pedestrian
23,232.0,892.0,279.0,951.0,780,1,0,1,Pedestrian
23,235.0,892.0,283.0,951.0,781,1,0,1,Pedestrian
23,239.0,892.0,287.0,951.0,782,1,0,1,Pedestrian
23,243.0,896.0,290.0,955.0,783,1,0,0,Pedestrian
23,243.0,892.0,290.0,951.0,784,1,0,1,Pedestrian
23,243.0,892.0,290.0,951.0,785,1,0,1,Pedestrian
23,244.0,892.0,292.0,951.0,786,1,0,1,Pedestrian
23,244.0,892.0,292.0,951.0,787,1,0,1,Pedestrian
23,244.0,888.0,292.0,946.0,788,1,0,1,Pedestrian
23,246.0,888.0,294.0,946.0,789,1,0,1,Pedestrian
23,246.0,888.0,294.0,946.0,790,1,0,1,Pedestrian
23,248.0,888.0,296.0,946.0,791,1,0,0,Pedestrian
23,248.0,884.0,296.0,942.0,792,1,0,1,Pedestrian
23,248.0,884.0,296.0,942.0,793,1,0,1,Pedestrian
23,250.0,884.0,298.0,942.0,794,1,0,1,Pedestrian
23,250.0,884.0,298.0,942.0,795,1,0,1,Pedestrian
23,252.0,884.0,300.0,942.0,796,1,0,1,Pedestrian
23,252.0,884.0,300.0,942.0,797,1,0,1,Pedestrian
23,252.0,884.0,300.0,942.0,798,1,0,1,Pedestrian
23,254.0,879.0,302.0,938.0,799,1,0,1,Pedestrian
23,254.0,879.0,302.0,938.0,800,1,0,1,Pedestrian
23,255.0,879.0,303.0,938.0,801,1,0,1,Pedestrian
23,255.0,879.0,303.0,938.0,802,1,0,1,Pedestrian
23,255.0,879.0,303.0,938.0,803,1,0,1,Pedestrian
23,257.0,879.0,305.0,938.0,804,1,0,1,Pedestrian
23,257.0,879.0,305.0,938.0,805,1,0,1,Pedestrian
23,259.0,879.0,307.0,938.0,806,1,0,1,Pedestrian
23,259.0,875.0,307.0,934.0,807,1,0,1,Pedestrian
23,259.0,875.0,307.0,934.0,808,1,0,1,Pedestrian
23,261.0,875.0,309.0,934.0,809,1,0,1,Pedestrian
23,261.0,875.0,309.0,934.0,810,1,0,1,Pedestrian
23,263.0,875.0,311.0,934.0,811,1,0,1,Pedestrian
23,263.0,875.0,311.0,934.0,812,1,0,1,Pedestrian
23,265.0,875.0,313.0,934.0,813,1,0,1,Pedestrian
23,265.0,871.0,313.0,930.0,814,1,0,1,Pedestrian
23,265.0,871.0,313.0,930.0,815,1,0,1,Pedestrian
23,267.0,871.0,314.0,930.0,816,1,0,1,Pedestrian
23,267.0,871.0,314.0,930.0,817,1,0,1,Pedestrian
23,268.0,871.0,316.0,930.0,818,1,0,1,Pedestrian
23,268.0,871.0,316.0,930.0,819,1,0,1,Pedestrian
23,268.0,871.0,316.0,930.0,820,1,0,1,Pedestrian
23,270.0,871.0,318.0,930.0,821,1,0,1,Pedestrian
23,270.0,867.0,318.0,925.0,822,1,0,1,Pedestrian
23,272.0,867.0,320.0,925.0,823,1,0,1,Pedestrian
23,272.0,867.0,320.0,925.0,824,1,0,1,Pedestrian
23,272.0,867.0,320.0,925.0,825,1,0,1,Pedestrian
23,274.0,867.0,322.0,925.0,826,1,0,1,Pedestrian
23,274.0,867.0,322.0,925.0,827,1,0,1,Pedestrian
23,276.0,867.0,324.0,925.0,828,1,0,1,Pedestrian
23,276.0,867.0,324.0,925.0,829,1,0,1,Pedestrian
23,276.0,863.0,324.0,921.0,830,1,0,1,Pedestrian
23,278.0,863.0,325.0,921.0,831,1,0,1,Pedestrian
23,278.0,863.0,325.0,921.0,832,1,0,1,Pedestrian
23,279.0,863.0,327.0,921.0,833,1,0,1,Pedestrian
23,279.0,863.0,327.0,921.0,834,1,0,1,Pedestrian
23,281.0,863.0,329.0,921.0,835,1,0,1,Pedestrian
23,281.0,863.0,329.0,921.0,836,1,0,1,Pedestrian
23,281.0,858.0,329.0,917.0,837,1,0,1,Pedestrian
23,283.0,858.0,331.0,917.0,838,1,0,1,Pedestrian
23,283.0,858.0,331.0,917.0,839,1,0,1,Pedestrian
23,285.0,858.0,333.0,917.0,840,1,0,1,Pedestrian
23,285.0,858.0,333.0,917.0,841,1,0,1,Pedestrian
23,285.0,858.0,333.0,917.0,842,1,0,1,Pedestrian
23,287.0,858.0,335.0,917.0,843,1,0,1,Pedestrian
23,287.0,858.0,335.0,917.0,844,1,0,1,Pedestrian
23,289.0,854.0,337.0,913.0,845,1,0,1,Pedestrian
23,289.0,854.0,337.0,913.0,846,1,0,1,Pedestrian
23,289.0,854.0,337.0,913.0,847,1,0,1,Pedestrian
23,290.0,854.0,338.0,913.0,848,1,0,1,Pedestrian
23,290.0,854.0,338.0,913.0,849,1,0,1,Pedestrian
23,292.0,854.0,340.0,913.0,850,1,0,1,Pedestrian
23,292.0,854.0,340.0,913.0,851,1,0,1,Pedestrian
23,294.0,854.0,342.0,913.0,852,1,0,0,Pedestrian
23,294.0,854.0,342.0,913.0,853,1,0,1,Pedestrian
23,294.0,854.0,342.0,913.0,854,1,0,1,Pedestrian
23,294.0,854.0,342.0,913.0,855,1,0,1,Pedestrian
23,294.0,854.0,342.0,913.0,856,1,0,1,Pedestrian
23,294.0,854.0,342.0,913.0,857,1,0,1,Pedestrian
23,294.0,854.0,342.0,913.0,858,1,0,1,Pedestrian
23,294.0,854.0,342.0,913.0,859,1,0,1,Pedestrian
23,294.0,854.0,342.0,913.0,860,1,0,1,Pedestrian
23,294.0,854.0,342.0,913.0,861,1,0,0,Pedestrian
23,294.0,854.0,342.0,913.0,862,1,0,1,Pedestrian
23,294.0,854.0,342.0,913.0,863,1,0,1,Pedestrian
23,294.0,854.0,342.0,913.0,864,1,0,1,Pedestrian
23,294.0,854.0,342.0,913.0,865,1,0,1,Pedestrian
23,294.0,854.0,342.0,913.0,866,1,0,1,Pedestrian
23,294.0,854.0,342.0,913.0,867,1,0,1,Pedestrian
23,294.0,854.0,342.0,913.0,868,1,0,1,Pedestrian
23,294.0,854.0,342.0,913.0,869,1,0,1,Pedestrian
23,294.0,854.0,342.0,913.0,870,1,0,1,Pedestrian
23,294.0,854.0,342.0,913.0,871,1,0,1,Pedestrian
23,294.0,854.0,342.0,913.0,872,1,0,1,Pedestrian
23,294.0,854.0,342.0,913.0,873,1,0,1,Pedestrian
23,294.0,854.0,342.0,913.0,874,1,0,1,Pedestrian
23,294.0,854.0,342.0,913.0,875,1,0,1,Pedestrian
23,294.0,854.0,342.0,913.0,876,1,0,1,Pedestrian
23,294.0,854.0,342.0,913.0,877,1,0,1,Pedestrian
23,294.0,854.0,342.0,913.0,878,1,0,1,Pedestrian
23,294.0,854.0,342.0,913.0,879,1,0,1,Pedestrian
23,294.0,854.0,342.0,913.0,880,1,0,1,Pedestrian
23,294.0,854.0,342.0,913.0,881,1,0,1,Pedestrian
23,294.0,854.0,342.0,913.0,882,1,0,1,Pedestrian
23,294.0,854.0,342.0,913.0,883,1,0,1,Pedestrian
23,294.0,854.0,342.0,913.0,884,1,0,1,Pedestrian
23,294.0,854.0,342.0,913.0,885,1,0,1,Pedestrian
23,294.0,854.0,342.0,913.0,886,1,0,1,Pedestrian
23,294.0,854.0,342.0,913.0,887,1,0,1,Pedestrian
23,294.0,854.0,342.0,913.0,888,1,0,1,Pedestrian
23,294.0,854.0,342.0,913.0,889,1,0,1,Pedestrian
23,294.0,854.0,342.0,913.0,890,1,0,1,Pedestrian
23,294.0,854.0,342.0,913.0,891,1,0,1,Pedestrian
23,294.0,854.0,342.0,913.0,892,1,0,1,Pedestrian
23,294.0,854.0,342.0,913.0,893,1,0,1,Pedestrian
23,294.0,854.0,342.0,913.0,894,1,0,1,Pedestrian
23,294.0,854.0,342.0,913.0,895,1,0,1,Pedestrian
23,294.0,854.0,342.0,913.0,896,1,0,1,Pedestrian
23,294.0,854.0,342.0,913.0,897,1,0,1,Pedestrian
23,294.0,854.0,342.0,913.0,898,1,0,1,Pedestrian
23,294.0,854.0,342.0,913.0,899,1,0,1,Pedestrian
23,294.0,854.0,342.0,913.0,900,1,0,1,Pedestrian
23,294.0,854.0,342.0,913.0,901,1,0,1,Pedestrian
23,294.0,854.0,342.0,913.0,902,1,0,1,Pedestrian
23,294.0,854.0,342.0,913.0,903,1,0,1,Pedestrian
23,294.0,854.0,342.0,913.0,904,1,0,1,Pedestrian
23,294.0,854.0,342.0,913.0,905,1,0,1,Pedestrian
23,294.0,854.0,342.0,913.0,906,1,0,1,Pedestrian
23,294.0,854.0,342.0,913.0,907,1,0,1,Pedestrian
23,294.0,854.0,342.0,913.0,908,1,0,1,Pedestrian
23,294.0,854.0,342.0,913.0,909,1,0,1,Pedestrian
23,294.0,854.0,342.0,913.0,910,1,0,1,Pedestrian
23,294.0,854.0,342.0,913.0,911,1,0,1,Pedestrian
23,294.0,854.0,342.0,913.0,912,1,0,1,Pedestrian
23,294.0,854.0,342.0,913.0,913,1,0,1,Pedestrian
23,294.0,854.0,342.0,913.0,914,1,0,1,Pedestrian
23,294.0,854.0,342.0,913.0,915,1,0,1,Pedestrian
23,294.0,854.0,342.0,913.0,916,1,0,1,Pedestrian
23,294.0,854.0,342.0,913.0,917,1,0,1,Pedestrian
23,294.0,854.0,342.0,913.0,918,1,0,1,Pedestrian
23,294.0,854.0,342.0,913.0,919,1,0,1,Pedestrian
23,294.0,854.0,342.0,913.0,920,1,0,1,Pedestrian
23,294.0,854.0,342.0,913.0,921,1,0,1,Pedestrian
23,294.0,854.0,342.0,913.0,922,1,0,1,Pedestrian
23,294.0,854.0,342.0,913.0,923,1,0,1,Pedestrian
23,294.0,854.0,342.0,913.0,924,1,0,1,Pedestrian
23,294.0,854.0,342.0,913.0,925,1,0,1,Pedestrian
23,294.0,854.0,342.0,913.0,926,1,0,1,Pedestrian
23,294.0,854.0,342.0,913.0,927,1,0,1,Pedestrian
23,294.0,854.0,342.0,913.0,928,1,0,1,Pedestrian
23,294.0,854.0,342.0,913.0,929,1,0,1,Pedestrian
23,294.0,854.0,342.0,913.0,930,1,0,1,Pedestrian
23,294.0,854.0,342.0,913.0,931,1,0,1,Pedestrian
23,294.0,854.0,342.0,913.0,932,1,0,1,Pedestrian
23,294.0,854.0,342.0,913.0,933,1,0,1,Pedestrian
23,294.0,854.0,342.0,913.0,934,1,0,1,Pedestrian
23,294.0,854.0,342.0,913.0,935,1,0,1,Pedestrian
23,294.0,854.0,342.0,913.0,936,1,0,1,Pedestrian
23,294.0,854.0,342.0,913.0,937,1,0,1,Pedestrian
23,294.0,854.0,342.0,913.0,938,1,0,1,Pedestrian
23,294.0,854.0,342.0,913.0,939,1,0,1,Pedestrian
23,294.0,854.0,342.0,913.0,940,1,0,1,Pedestrian
23,294.0,854.0,342.0,913.0,941,1,0,1,Pedestrian
23,294.0,854.0,342.0,913.0,942,1,0,1,Pedestrian
23,294.0,854.0,342.0,913.0,943,1,0,1,Pedestrian
23,294.0,854.0,342.0,913.0,944,1,0,1,Pedestrian
23,294.0,854.0,342.0,913.0,945,1,0,1,Pedestrian
23,294.0,854.0,342.0,913.0,946,1,0,1,Pedestrian
23,294.0,854.0,342.0,913.0,947,1,0,1,Pedestrian
23,294.0,854.0,342.0,913.0,948,1,0,1,Pedestrian
23,294.0,854.0,342.0,913.0,949,1,0,1,Pedestrian
23,294.0,854.0,342.0,913.0,950,1,0,1,Pedestrian
23,294.0,854.0,342.0,913.0,951,1,0,1,Pedestrian
23,294.0,854.0,342.0,913.0,952,1,0,1,Pedestrian
23,294.0,854.0,342.0,913.0,953,1,0,1,Pedestrian
23,294.0,854.0,342.0,913.0,954,1,0,1,Pedestrian
23,294.0,854.0,342.0,913.0,955,1,0,1,Pedestrian
23,294.0,854.0,342.0,913.0,956,1,0,1,Pedestrian
23,294.0,854.0,342.0,913.0,957,1,0,1,Pedestrian
23,294.0,854.0,342.0,913.0,958,1,0,1,Pedestrian
23,294.0,854.0,342.0,913.0,959,1,0,1,Pedestrian
23,294.0,854.0,342.0,913.0,960,1,0,1,Pedestrian
23,294.0,854.0,342.0,913.0,961,1,0,1,Pedestrian
23,294.0,854.0,342.0,913.0,962,1,0,1,Pedestrian
23,294.0,854.0,342.0,913.0,963,1,0,1,Pedestrian
23,294.0,854.0,342.0,913.0,964,1,0,1,Pedestrian
23,294.0,854.0,342.0,913.0,965,1,0,1,Pedestrian
23,294.0,854.0,342.0,913.0,966,1,0,1,Pedestrian
23,294.0,854.0,342.0,913.0,967,1,0,1,Pedestrian
23,294.0,854.0,342.0,913.0,968,1,0,1,Pedestrian
23,294.0,854.0,342.0,913.0,969,1,0,1,Pedestrian
23,294.0,854.0,342.0,913.0,970,1,0,1,Pedestrian
23,294.0,854.0,342.0,913.0,971,1,0,1,Pedestrian
23,294.0,854.0,342.0,913.0,972,1,0,1,Pedestrian
23,294.0,854.0,342.0,913.0,973,1,0,1,Pedestrian
23,294.0,854.0,342.0,913.0,974,1,0,1,Pedestrian
23,294.0,854.0,342.0,913.0,975,1,0,1,Pedestrian
23,294.0,854.0,342.0,913.0,976,1,0,1,Pedestrian
23,294.0,854.0,342.0,913.0,977,1,0,1,Pedestrian
23,294.0,854.0,342.0,913.0,978,1,0,1,Pedestrian
23,294.0,854.0,342.0,913.0,979,1,0,1,Pedestrian
23,294.0,854.0,342.0,913.0,980,1,0,1,Pedestrian
23,294.0,854.0,342.0,913.0,981,1,0,1,Pedestrian
23,294.0,854.0,342.0,913.0,982,1,0,1,Pedestrian
23,294.0,854.0,342.0,913.0,983,1,0,1,Pedestrian
23,294.0,854.0,342.0,913.0,984,1,0,1,Pedestrian
23,294.0,854.0,342.0,913.0,985,1,0,1,Pedestrian
23,294.0,854.0,342.0,913.0,986,1,0,1,Pedestrian
23,294.0,854.0,342.0,913.0,987,1,0,1,Pedestrian
23,294.0,854.0,342.0,913.0,988,1,0,1,Pedestrian
23,294.0,854.0,342.0,913.0,989,1,0,1,Pedestrian
23,294.0,854.0,342.0,913.0,990,1,0,1,Pedestrian
23,294.0,854.0,342.0,913.0,991,1,0,1,Pedestrian
23,294.0,854.0,342.0,913.0,992,1,0,1,Pedestrian
23,294.0,854.0,342.0,913.0,993,1,0,1,Pedestrian
23,294.0,854.0,342.0,913.0,994,1,0,1,Pedestrian
23,294.0,854.0,342.0,913.0,995,1,0,1,Pedestrian
23,294.0,854.0,342.0,913.0,996,1,0,1,Pedestrian
23,294.0,854.0,342.0,913.0,997,1,0,1,Pedestrian
23,294.0,854.0,342.0,913.0,998,1,0,1,Pedestrian
23,294.0,854.0,342.0,913.0,999,1,0,1,Pedestrian
23,294.0,854.0,342.0,913.0,1000,1,0,1,Pedestrian
23,294.0,854.0,342.0,913.0,1001,1,0,1,Pedestrian
23,294.0,854.0,342.0,913.0,1002,1,0,1,Pedestrian
23,294.0,854.0,342.0,913.0,1003,1,0,1,Pedestrian
23,294.0,854.0,342.0,913.0,1004,1,0,1,Pedestrian
23,294.0,854.0,342.0,913.0,1005,1,0,1,Pedestrian
23,294.0,854.0,342.0,913.0,1006,1,0,1,Pedestrian
23,294.0,854.0,342.0,913.0,1007,1,0,1,Pedestrian
23,294.0,854.0,342.0,913.0,1008,1,0,1,Pedestrian
23,294.0,854.0,342.0,913.0,1009,1,0,1,Pedestrian
23,294.0,854.0,342.0,913.0,1010,1,0,1,Pedestrian
23,294.0,854.0,342.0,913.0,1011,1,0,1,Pedestrian
23,294.0,854.0,342.0,913.0,1012,1,0,1,Pedestrian
23,294.0,854.0,342.0,913.0,1013,1,0,1,Pedestrian
23,294.0,854.0,342.0,913.0,1014,1,0,1,Pedestrian
23,294.0,854.0,342.0,913.0,1015,1,0,1,Pedestrian
23,294.0,854.0,342.0,913.0,1016,1,0,1,Pedestrian
23,294.0,854.0,342.0,913.0,1017,1,0,1,Pedestrian
23,294.0,854.0,342.0,913.0,1018,1,0,1,Pedestrian
23,294.0,854.0,342.0,913.0,1019,1,0,1,Pedestrian
23,294.0,854.0,342.0,913.0,1020,1,0,1,Pedestrian
23,294.0,854.0,342.0,913.0,1021,1,0,1,Pedestrian
23,294.0,854.0,342.0,913.0,1022,1,0,1,Pedestrian
23,294.0,854.0,342.0,913.0,1023,1,0,1,Pedestrian
23,294.0,854.0,342.0,913.0,1024,1,0,1,Pedestrian
23,294.0,854.0,342.0,913.0,1025,1,0,1,Pedestrian
23,294.0,854.0,342.0,913.0,1026,1,0,1,Pedestrian
23,294.0,854.0,342.0,913.0,1027,1,0,1,Pedestrian
23,294.0,854.0,342.0,913.0,1028,1,0,1,Pedestrian
23,294.0,854.0,342.0,913.0,1029,1,0,1,Pedestrian
23,294.0,854.0,342.0,913.0,1030,1,0,1,Pedestrian
23,294.0,854.0,342.0,913.0,1031,1,0,0,Pedestrian
24,1291.0,615.0,1313.0,695.0,500,1,0,0,Pedestrian
24,1291.0,615.0,1313.0,695.0,501,1,0,1,Pedestrian
24,1291.0,615.0,1313.0,695.0,502,1,0,1,Pedestrian
24,1291.0,615.0,1313.0,695.0,503,1,0,1,Pedestrian
24,1291.0,615.0,1313.0,695.0,504,1,0,1,Pedestrian
24,1291.0,615.0,1313.0,695.0,505,1,0,1,Pedestrian
24,1291.0,615.0,1313.0,695.0,506,1,0,1,Pedestrian
24,1291.0,615.0,1313.0,695.0,507,1,0,1,Pedestrian
24,1291.0,615.0,1313.0,695.0,508,1,0,1,Pedestrian
24,1291.0,615.0,1313.0,695.0,509,1,0,1,Pedestrian
24,1291.0,615.0,1313.0,695.0,510,1,0,1,Pedestrian
24,1291.0,615.0,1313.0,695.0,511,1,0,1,Pedestrian
24,1291.0,615.0,1313.0,695.0,512,1,0,1,Pedestrian
24,1291.0,615.0,1313.0,695.0,513,1,0,1,Pedestrian
24,1291.0,615.0,1313.0,695.0,514,1,0,1,Pedestrian
24,1291.0,615.0,1313.0,695.0,515,1,0,1,Pedestrian
24,1291.0,615.0,1313.0,695.0,516,1,0,1,Pedestrian
24,1291.0,615.0,1313.0,695.0,517,1,0,1,Pedestrian
24,1291.0,615.0,1313.0,695.0,518,1,0,1,Pedestrian
24,1291.0,615.0,1313.0,695.0,519,1,0,1,Pedestrian
24,1291.0,615.0,1313.0,695.0,520,1,0,1,Pedestrian
24,1291.0,615.0,1313.0,695.0,521,1,0,1,Pedestrian
24,1291.0,615.0,1313.0,695.0,522,1,0,1,Pedestrian
24,1291.0,615.0,1313.0,695.0,523,1,0,1,Pedestrian
24,1291.0,615.0,1313.0,695.0,524,1,0,1,Pedestrian
24,1291.0,615.0,1313.0,695.0,525,1,0,1,Pedestrian
24,1291.0,615.0,1313.0,695.0,526,1,0,1,Pedestrian
24,1291.0,615.0,1313.0,695.0,527,1,0,1,Pedestrian
24,1291.0,615.0,1313.0,695.0,528,1,0,1,Pedestrian
24,1291.0,615.0,1313.0,695.0,529,1,0,1,Pedestrian
24,1291.0,615.0,1313.0,695.0,530,1,0,1,Pedestrian
24,1291.0,615.0,1313.0,695.0,531,1,0,1,Pedestrian
24,1291.0,615.0,1313.0,695.0,532,1,0,1,Pedestrian
24,1291.0,615.0,1313.0,695.0,533,1,0,1,Pedestrian
24,1291.0,615.0,1313.0,695.0,534,1,0,1,Pedestrian
24,1291.0,615.0,1313.0,695.0,535,1,0,1,Pedestrian
24,1291.0,615.0,1313.0,695.0,536,1,0,1,Pedestrian
24,1291.0,615.0,1313.0,695.0,537,1,0,1,Pedestrian
24,1291.0,615.0,1313.0,695.0,538,1,0,1,Pedestrian
24,1291.0,615.0,1313.0,695.0,539,1,0,1,Pedestrian
24,1291.0,615.0,1313.0,695.0,540,1,0,1,Pedestrian
24,1291.0,615.0,1313.0,695.0,541,1,0,1,Pedestrian
24,1291.0,615.0,1313.0,695.0,542,1,0,1,Pedestrian
24,1291.0,615.0,1313.0,695.0,543,1,0,1,Pedestrian
24,1291.0,615.0,1313.0,695.0,544,1,0,1,Pedestrian
24,1291.0,615.0,1313.0,695.0,545,1,0,1,Pedestrian
24,1291.0,615.0,1313.0,695.0,546,1,0,1,Pedestrian
24,1291.0,615.0,1313.0,695.0,547,1,0,1,Pedestrian
24,1291.0,615.0,1313.0,695.0,548,1,0,1,Pedestrian
24,1291.0,615.0,1313.0,695.0,549,1,0,1,Pedestrian
24,1291.0,615.0,1313.0,695.0,550,1,0,1,Pedestrian
24,1291.0,615.0,1313.0,695.0,551,1,0,1,Pedestrian
24,1291.0,615.0,1313.0,695.0,552,1,0,1,Pedestrian
24,1291.0,615.0,1313.0,695.0,553,1,0,1,Pedestrian
24,1291.0,615.0,1313.0,695.0,554,1,0,1,Pedestrian
24,1291.0,615.0,1313.0,695.0,555,1,0,1,Pedestrian
24,1291.0,615.0,1313.0,695.0,556,1,0,1,Pedestrian
24,1291.0,615.0,1313.0,695.0,557,1,0,1,Pedestrian
24,1291.0,615.0,1313.0,695.0,558,1,0,1,Pedestrian
24,1291.0,615.0,1313.0,695.0,559,1,0,1,Pedestrian
24,1291.0,615.0,1313.0,695.0,560,1,0,1,Pedestrian
24,1291.0,615.0,1313.0,695.0,561,1,0,1,Pedestrian
24,1291.0,615.0,1313.0,695.0,562,1,0,1,Pedestrian
24,1291.0,615.0,1313.0,695.0,563,1,0,1,Pedestrian
24,1291.0,615.0,1313.0,695.0,564,1,0,1,Pedestrian
24,1291.0,615.0,1313.0,695.0,565,1,0,1,Pedestrian
24,1291.0,615.0,1313.0,695.0,566,1,0,1,Pedestrian
24,1291.0,615.0,1313.0,695.0,567,1,0,1,Pedestrian
24,1291.0,615.0,1313.0,695.0,568,1,0,1,Pedestrian
24,1291.0,615.0,1313.0,695.0,569,1,0,1,Pedestrian
24,1291.0,615.0,1313.0,695.0,570,1,0,1,Pedestrian
24,1291.0,615.0,1313.0,695.0,571,1,0,1,Pedestrian
24,1291.0,615.0,1313.0,695.0,572,1,0,1,Pedestrian
24,1291.0,615.0,1313.0,695.0,573,1,0,1,Pedestrian
24,1291.0,615.0,1313.0,695.0,574,1,0,1,Pedestrian
24,1291.0,615.0,1313.0,695.0,575,1,0,1,Pedestrian
24,1291.0,615.0,1313.0,695.0,576,1,0,1,Pedestrian
24,1291.0,615.0,1313.0,695.0,577,1,0,1,Pedestrian
24,1291.0,615.0,1313.0,695.0,578,1,0,1,Pedestrian
24,1291.0,615.0,1313.0,695.0,579,1,0,1,Pedestrian
24,1291.0,615.0,1313.0,695.0,580,1,0,1,Pedestrian
24,1291.0,615.0,1313.0,695.0,581,1,0,1,Pedestrian
24,1291.0,615.0,1313.0,695.0,582,1,0,1,Pedestrian
24,1291.0,615.0,1313.0,695.0,583,1,0,1,Pedestrian
24,1291.0,615.0,1313.0,695.0,584,1,0,1,Pedestrian
24,1291.0,615.0,1313.0,695.0,585,1,0,1,Pedestrian
24,1291.0,615.0,1313.0,695.0,586,1,0,1,Pedestrian
24,1291.0,615.0,1313.0,695.0,587,1,0,1,Pedestrian
24,1291.0,615.0,1313.0,695.0,588,1,0,1,Pedestrian
24,1291.0,615.0,1313.0,695.0,589,1,0,1,Pedestrian
24,1291.0,615.0,1313.0,695.0,590,1,0,1,Pedestrian
24,1291.0,615.0,1313.0,695.0,591,1,0,1,Pedestrian
24,1291.0,615.0,1313.0,695.0,592,1,0,1,Pedestrian
24,1291.0,615.0,1313.0,695.0,593,1,0,1,Pedestrian
24,1291.0,615.0,1313.0,695.0,594,1,0,1,Pedestrian
24,1291.0,615.0,1313.0,695.0,595,1,0,1,Pedestrian
24,1291.0,615.0,1313.0,695.0,596,1,0,1,Pedestrian
24,1291.0,615.0,1313.0,695.0,597,1,0,1,Pedestrian
24,1291.0,615.0,1313.0,695.0,598,1,0,1,Pedestrian
24,1291.0,615.0,1313.0,695.0,599,1,0,1,Pedestrian
24,1291.0,615.0,1313.0,695.0,600,1,0,1,Pedestrian
24,1291.0,615.0,1313.0,695.0,601,1,0,1,Pedestrian
24,1291.0,615.0,1313.0,695.0,602,1,0,1,Pedestrian
24,1291.0,615.0,1313.0,695.0,603,1,0,1,Pedestrian
24,1291.0,615.0,1313.0,695.0,604,1,0,1,Pedestrian
24,1291.0,615.0,1313.0,695.0,605,1,0,1,Pedestrian
24,1291.0,615.0,1313.0,695.0,606,1,0,1,Pedestrian
24,1291.0,615.0,1313.0,695.0,607,1,0,1,Pedestrian
24,1291.0,615.0,1313.0,695.0,608,1,0,1,Pedestrian
24,1291.0,615.0,1313.0,695.0,609,1,0,1,Pedestrian
24,1291.0,615.0,1313.0,695.0,610,1,0,1,Pedestrian
24,1291.0,615.0,1313.0,695.0,611,1,0,1,Pedestrian
24,1291.0,615.0,1313.0,695.0,612,1,0,1,Pedestrian
24,1291.0,615.0,1313.0,695.0,613,1,0,1,Pedestrian
24,1291.0,615.0,1313.0,695.0,614,1,0,1,Pedestrian
24,1291.0,615.0,1313.0,695.0,615,1,0,1,Pedestrian
24,1291.0,615.0,1313.0,695.0,616,1,0,1,Pedestrian
24,1291.0,615.0,1313.0,695.0,617,1,0,1,Pedestrian
24,1291.0,615.0,1313.0,695.0,618,1,0,1,Pedestrian
24,1291.0,615.0,1313.0,695.0,619,1,0,1,Pedestrian
24,1291.0,615.0,1313.0,695.0,620,1,0,1,Pedestrian
24,1291.0,615.0,1313.0,695.0,621,1,0,1,Pedestrian
24,1291.0,615.0,1313.0,695.0,622,1,0,1,Pedestrian
24,1291.0,615.0,1313.0,695.0,623,1,0,1,Pedestrian
24,1291.0,615.0,1313.0,695.0,624,1,0,1,Pedestrian
24,1291.0,615.0,1313.0,695.0,625,1,0,1,Pedestrian
24,1291.0,615.0,1313.0,695.0,626,1,0,1,Pedestrian
24,1291.0,615.0,1313.0,695.0,627,1,0,1,Pedestrian
24,1291.0,615.0,1313.0,695.0,628,1,0,1,Pedestrian
24,1291.0,615.0,1313.0,695.0,629,1,0,1,Pedestrian
24,1291.0,615.0,1313.0,695.0,630,1,0,1,Pedestrian
24,1291.0,615.0,1313.0,695.0,631,1,0,1,Pedestrian
24,1291.0,615.0,1313.0,695.0,632,1,0,1,Pedestrian
24,1291.0,615.0,1313.0,695.0,633,1,0,1,Pedestrian
24,1291.0,615.0,1313.0,695.0,634,1,0,1,Pedestrian
24,1291.0,615.0,1313.0,695.0,635,1,0,1,Pedestrian
24,1291.0,615.0,1313.0,695.0,636,1,0,1,Pedestrian
24,1291.0,615.0,1313.0,695.0,637,1,0,1,Pedestrian
24,1291.0,615.0,1313.0,695.0,638,1,0,1,Pedestrian
24,1291.0,615.0,1313.0,695.0,639,1,0,1,Pedestrian
24,1291.0,615.0,1313.0,695.0,640,1,0,1,Pedestrian
24,1291.0,615.0,1313.0,695.0,641,1,0,1,Pedestrian
24,1291.0,615.0,1313.0,695.0,642,1,0,1,Pedestrian
24,1291.0,615.0,1313.0,695.0,643,1,0,1,Pedestrian
24,1291.0,615.0,1313.0,695.0,644,1,0,1,Pedestrian
24,1291.0,615.0,1313.0,695.0,645,1,0,1,Pedestrian
24,1291.0,615.0,1313.0,695.0,646,1,0,1,Pedestrian
24,1291.0,615.0,1313.0,695.0,647,1,0,1,Pedestrian
24,1291.0,615.0,1313.0,695.0,648,1,0,1,Pedestrian
24,1291.0,615.0,1313.0,695.0,649,1,0,1,Pedestrian
24,1291.0,615.0,1313.0,695.0,650,1,0,1,Pedestrian
24,1291.0,615.0,1313.0,695.0,651,1,0,1,Pedestrian
24,1291.0,615.0,1313.0,695.0,652,1,0,1,Pedestrian
24,1291.0,615.0,1313.0,695.0,653,1,0,1,Pedestrian
24,1291.0,615.0,1313.0,695.0,654,1,0,1,Pedestrian
24,1291.0,615.0,1313.0,695.0,655,1,0,1,Pedestrian
24,1291.0,615.0,1313.0,695.0,656,1,0,1,Pedestrian
24,1291.0,615.0,1313.0,695.0,657,1,0,1,Pedestrian
24,1291.0,615.0,1313.0,695.0,658,1,0,1,Pedestrian
24,1291.0,615.0,1313.0,695.0,659,1,0,1,Pedestrian
24,1291.0,615.0,1313.0,695.0,660,1,0,1,Pedestrian
24,1291.0,615.0,1313.0,695.0,661,1,0,1,Pedestrian
24,1291.0,615.0,1313.0,695.0,662,1,0,1,Pedestrian
24,1291.0,615.0,1313.0,695.0,663,1,0,1,Pedestrian
24,1291.0,615.0,1313.0,695.0,664,1,0,1,Pedestrian
24,1291.0,615.0,1313.0,695.0,665,1,0,1,Pedestrian
24,1291.0,615.0,1313.0,695.0,666,1,0,1,Pedestrian
24,1291.0,615.0,1313.0,695.0,667,1,0,1,Pedestrian
24,1291.0,615.0,1313.0,695.0,668,1,0,1,Pedestrian
24,1291.0,615.0,1313.0,695.0,669,1,0,1,Pedestrian
24,1291.0,615.0,1313.0,695.0,670,1,0,1,Pedestrian
24,1291.0,615.0,1313.0,695.0,671,1,0,1,Pedestrian
24,1291.0,615.0,1313.0,695.0,672,1,0,1,Pedestrian
24,1291.0,615.0,1313.0,695.0,673,1,0,1,Pedestrian
24,1291.0,615.0,1313.0,695.0,674,1,0,1,Pedestrian
24,1291.0,615.0,1313.0,695.0,675,1,0,1,Pedestrian
24,1291.0,615.0,1313.0,695.0,676,1,0,1,Pedestrian
24,1291.0,615.0,1313.0,695.0,677,1,0,1,Pedestrian
24,1291.0,615.0,1313.0,695.0,678,1,0,1,Pedestrian
24,1291.0,615.0,1313.0,695.0,679,1,0,1,Pedestrian
24,1291.0,615.0,1313.0,695.0,680,1,0,1,Pedestrian
24,1291.0,615.0,1313.0,695.0,681,1,0,1,Pedestrian
24,1291.0,615.0,1313.0,695.0,682,1,0,1,Pedestrian
24,1291.0,615.0,1313.0,695.0,683,1,0,1,Pedestrian
24,1291.0,615.0,1313.0,695.0,684,1,0,1,Pedestrian
24,1291.0,615.0,1313.0,695.0,685,1,0,1,Pedestrian
24,1291.0,615.0,1313.0,695.0,686,1,0,1,Pedestrian
24,1291.0,615.0,1313.0,695.0,687,1,0,1,Pedestrian
24,1291.0,615.0,1313.0,695.0,688,1,0,1,Pedestrian
24,1291.0,615.0,1313.0,695.0,689,1,0,1,Pedestrian
24,1291.0,615.0,1313.0,695.0,690,1,0,1,Pedestrian
24,1291.0,615.0,1313.0,695.0,691,1,0,1,Pedestrian
24,1291.0,615.0,1313.0,695.0,692,1,0,1,Pedestrian
24,1291.0,615.0,1313.0,695.0,693,1,0,1,Pedestrian
24,1291.0,615.0,1313.0,695.0,694,1,0,1,Pedestrian
24,1291.0,615.0,1313.0,695.0,695,1,0,1,Pedestrian
24,1291.0,615.0,1313.0,695.0,696,1,0,1,Pedestrian
24,1291.0,615.0,1313.0,695.0,697,1,0,1,Pedestrian
24,1291.0,615.0,1313.0,695.0,698,1,0,1,Pedestrian
24,1291.0,615.0,1313.0,695.0,699,1,0,1,Pedestrian
24,1291.0,615.0,1313.0,695.0,700,1,0,1,Pedestrian
24,1291.0,615.0,1313.0,695.0,701,1,0,1,Pedestrian
24,1291.0,615.0,1313.0,695.0,702,1,0,1,Pedestrian
24,1291.0,615.0,1313.0,695.0,703,1,0,1,Pedestrian
24,1291.0,615.0,1313.0,695.0,704,1,0,1,Pedestrian
24,1291.0,615.0,1313.0,695.0,705,1,0,1,Pedestrian
24,1291.0,615.0,1313.0,695.0,706,1,0,1,Pedestrian
24,1291.0,615.0,1313.0,695.0,707,1,0,1,Pedestrian
24,1291.0,615.0,1313.0,695.0,708,1,0,1,Pedestrian
24,1291.0,615.0,1313.0,695.0,709,1,0,1,Pedestrian
24,1291.0,615.0,1313.0,695.0,710,1,0,1,Pedestrian
24,1291.0,615.0,1313.0,695.0,711,1,0,1,Pedestrian
24,1291.0,615.0,1313.0,695.0,712,1,0,1,Pedestrian
24,1291.0,615.0,1313.0,695.0,713,1,0,1,Pedestrian
24,1291.0,615.0,1313.0,695.0,714,1,0,1,Pedestrian
24,1291.0,615.0,1313.0,695.0,715,1,0,1,Pedestrian
24,1291.0,615.0,1313.0,695.0,716,1,0,1,Pedestrian
24,1291.0,615.0,1313.0,695.0,717,1,0,1,Pedestrian
24,1291.0,615.0,1313.0,695.0,718,1,0,1,Pedestrian
24,1291.0,615.0,1313.0,695.0,719,1,0,1,Pedestrian
24,1291.0,615.0,1313.0,695.0,720,1,0,1,Pedestrian
24,1291.0,615.0,1313.0,695.0,721,1,0,1,Pedestrian
24,1291.0,615.0,1313.0,695.0,722,1,0,1,Pedestrian
24,1291.0,615.0,1313.0,695.0,723,1,0,1,Pedestrian
24,1291.0,615.0,1313.0,695.0,724,1,0,1,Pedestrian
24,1291.0,615.0,1313.0,695.0,725,1,0,1,Pedestrian
24,1291.0,615.0,1313.0,695.0,726,1,0,1,Pedestrian
24,1291.0,615.0,1313.0,695.0,727,1,0,1,Pedestrian
24,1291.0,615.0,1313.0,695.0,728,1,0,1,Pedestrian
24,1291.0,615.0,1313.0,695.0,729,1,0,1,Pedestrian
24,1291.0,615.0,1313.0,695.0,730,1,0,1,Pedestrian
24,1291.0,615.0,1313.0,695.0,731,1,0,1,Pedestrian
24,1291.0,615.0,1313.0,695.0,732,1,0,1,Pedestrian
24,1291.0,615.0,1313.0,695.0,733,1,0,1,Pedestrian
24,1291.0,615.0,1313.0,695.0,734,1,0,1,Pedestrian
24,1291.0,615.0,1313.0,695.0,735,1,0,1,Pedestrian
24,1291.0,615.0,1313.0,695.0,736,0,0,0,Pedestrian
24,1289.0,611.0,1311.0,691.0,737,0,0,1,Pedestrian
24,1289.0,611.0,1311.0,691.0,738,0,0,1,Pedestrian
24,1289.0,611.0,1311.0,691.0,739,0,0,1,Pedestrian
24,1289.0,607.0,1311.0,687.0,740,0,0,1,Pedestrian
24,1287.0,607.0,1311.0,687.0,741,0,0,1,Pedestrian
24,1287.0,607.0,1309.0,687.0,742,0,0,1,Pedestrian
24,1287.0,603.0,1309.0,682.0,743,0,0,1,Pedestrian
24,1287.0,603.0,1309.0,682.0,744,0,0,1,Pedestrian
24,1285.0,603.0,1309.0,682.0,745,0,0,1,Pedestrian
24,1285.0,603.0,1309.0,678.0,746,0,0,1,Pedestrian
24,1285.0,599.0,1307.0,678.0,747,0,0,1,Pedestrian
24,1285.0,599.0,1307.0,678.0,748,0,0,1,Pedestrian
24,1283.0,599.0,1307.0,674.0,749,0,0,1,Pedestrian
24,1283.0,594.0,1307.0,674.0,750,0,0,1,Pedestrian
24,1283.0,594.0,1307.0,674.0,751,0,0,1,Pedestrian
24,1283.0,594.0,1305.0,670.0,752,0,0,1,Pedestrian
24,1283.0,590.0,1305.0,670.0,753,0,0,1,Pedestrian
24,1281.0,590.0,1305.0,670.0,754,0,0,1,Pedestrian
24,1281.0,590.0,1305.0,666.0,755,0,0,1,Pedestrian
24,1281.0,590.0,1305.0,666.0,756,0,0,1,Pedestrian
24,1281.0,586.0,1303.0,666.0,757,0,0,1,Pedestrian
24,1279.0,586.0,1303.0,661.0,758,0,0,1,Pedestrian
24,1279.0,586.0,1303.0,661.0,759,0,0,1,Pedestrian
24,1279.0,582.0,1303.0,661.0,760,0,0,1,Pedestrian
24,1279.0,582.0,1303.0,661.0,761,0,0,1,Pedestrian
24,1278.0,582.0,1303.0,657.0,762,0,0,1,Pedestrian
24,1278.0,578.0,1302.0,657.0,763,0,0,1,Pedestrian
24,1278.0,578.0,1302.0,657.0,764,0,0,1,Pedestrian
24,1278.0,578.0,1302.0,653.0,765,0,0,1,Pedestrian
24,1276.0,578.0,1302.0,653.0,766,0,0,1,Pedestrian
24,1276.0,573.0,1302.0,653.0,767,0,0,1,Pedestrian
24,1276.0,573.0,1300.0,649.0,768,0,0,1,Pedestrian
24,1276.0,573.0,1300.0,649.0,769,0,0,1,Pedestrian
24,1276.0,569.0,1300.0,649.0,770,0,0,1,Pedestrian
24,1274.0,569.0,1300.0,645.0,771,0,0,1,Pedestrian
24,1274.0,569.0,1300.0,645.0,772,0,0,1,Pedestrian
24,1274.0,565.0,1298.0,645.0,773,0,0,1,Pedestrian
24,1274.0,565.0,1298.0,641.0,774,0,0,1,Pedestrian
24,1272.0,565.0,1298.0,641.0,775,0,0,1,Pedestrian
24,1272.0,565.0,1298.0,641.0,776,0,0,1,Pedestrian
24,1272.0,561.0,1298.0,636.0,777,0,0,1,Pedestrian
24,1272.0,561.0,1296.0,636.0,778,0,0,1,Pedestrian
24,1270.0,561.0,1296.0,636.0,779,0,0,1,Pedestrian
24,1270.0,557.0,1296.0,632.0,780,0,0,1,Pedestrian
24,1270.0,557.0,1296.0,632.0,781,0,0,1,Pedestrian
24,1270.0,557.0,1296.0,632.0,782,0,0,1,Pedestrian
24,1270.0,557.0,1296.0,632.0,783,1,1,0,Pedestrian
24,1270.0,557.0,1296.0,632.0,784,1,1,1,Pedestrian
24,1270.0,557.0,1296.0,632.0,785,1,1,1,Pedestrian
24,1270.0,557.0,1296.0,632.0,786,1,1,1,Pedestrian
24,1270.0,557.0,1296.0,632.0,787,1,1,1,Pedestrian
24,1270.0,557.0,1296.0,632.0,788,1,1,1,Pedestrian
24,1270.0,557.0,1296.0,632.0,789,1,1,1,Pedestrian
24,1270.0,557.0,1296.0,632.0,790,1,1,1,Pedestrian
24,1270.0,557.0,1296.0,632.0,791,1,0,0,Pedestrian
24,1270.0,557.0,1296.0,632.0,792,1,0,1,Pedestrian
24,1270.0,557.0,1296.0,632.0,793,1,0,1,Pedestrian
24,1270.0,557.0,1296.0,632.0,794,1,0,1,Pedestrian
24,1270.0,557.0,1296.0,632.0,795,1,0,1,Pedestrian
24,1270.0,557.0,1296.0,632.0,796,1,0,1,Pedestrian
24,1270.0,557.0,1296.0,632.0,797,1,0,1,Pedestrian
24,1270.0,557.0,1296.0,632.0,798,1,0,1,Pedestrian
24,1270.0,557.0,1296.0,632.0,799,1,0,1,Pedestrian
24,1270.0,557.0,1296.0,632.0,800,1,0,1,Pedestrian
24,1270.0,557.0,1296.0,632.0,801,1,0,1,Pedestrian
24,1270.0,557.0,1296.0,632.0,802,1,0,1,Pedestrian
24,1270.0,557.0,1296.0,632.0,803,1,0,1,Pedestrian
24,1270.0,557.0,1296.0,632.0,804,1,0,1,Pedestrian
24,1270.0,557.0,1296.0,632.0,805,1,0,1,Pedestrian
24,1270.0,557.0,1296.0,632.0,806,1,0,1,Pedestrian
24,1270.0,557.0,1296.0,632.0,807,1,0,1,Pedestrian
24,1270.0,557.0,1296.0,632.0,808,1,0,1,Pedestrian
24,1270.0,557.0,1296.0,632.0,809,1,0,1,Pedestrian
24,1270.0,557.0,1296.0,632.0,810,1,0,1,Pedestrian
24,1270.0,557.0,1296.0,632.0,811,1,0,1,Pedestrian
24,1270.0,557.0,1296.0,632.0,812,1,0,1,Pedestrian
24,1270.0,557.0,1296.0,632.0,813,1,0,1,Pedestrian
24,1270.0,557.0,1296.0,632.0,814,1,0,1,Pedestrian
24,1270.0,557.0,1296.0,632.0,815,1,0,1,Pedestrian
24,1270.0,557.0,1296.0,632.0,816,1,0,1,Pedestrian
24,1270.0,557.0,1296.0,632.0,817,1,0,1,Pedestrian
24,1270.0,557.0,1296.0,632.0,818,1,0,1,Pedestrian
24,1270.0,557.0,1296.0,632.0,819,1,0,1,Pedestrian
24,1270.0,557.0,1296.0,632.0,820,1,0,1,Pedestrian
24,1270.0,557.0,1296.0,632.0,821,1,0,1,Pedestrian
24,1270.0,557.0,1296.0,632.0,822,1,0,1,Pedestrian
24,1270.0,557.0,1296.0,632.0,823,1,0,1,Pedestrian
24,1270.0,557.0,1296.0,632.0,824,1,0,1,Pedestrian
24,1270.0,557.0,1296.0,632.0,825,1,0,1,Pedestrian
24,1270.0,557.0,1296.0,632.0,826,1,0,1,Pedestrian
24,1270.0,557.0,1296.0,632.0,827,1,0,1,Pedestrian
24,1270.0,557.0,1296.0,632.0,828,1,0,1,Pedestrian
24,1270.0,557.0,1296.0,632.0,829,1,0,1,Pedestrian
24,1270.0,557.0,1296.0,632.0,830,1,0,1,Pedestrian
24,1270.0,557.0,1296.0,632.0,831,1,0,1,Pedestrian
24,1270.0,557.0,1296.0,632.0,832,1,0,1,Pedestrian
24,1270.0,557.0,1296.0,632.0,833,1,0,1,Pedestrian
24,1270.0,557.0,1296.0,632.0,834,1,0,1,Pedestrian
24,1270.0,557.0,1296.0,632.0,835,1,0,1,Pedestrian
24,1270.0,557.0,1296.0,632.0,836,1,0,1,Pedestrian
24,1270.0,557.0,1296.0,632.0,837,1,0,1,Pedestrian
24,1270.0,557.0,1296.0,632.0,838,1,0,1,Pedestrian
24,1270.0,557.0,1296.0,632.0,839,1,0,1,Pedestrian
24,1270.0,557.0,1296.0,632.0,840,1,0,1,Pedestrian
24,1270.0,557.0,1296.0,632.0,841,1,0,1,Pedestrian
24,1270.0,557.0,1296.0,632.0,842,1,0,1,Pedestrian
24,1270.0,557.0,1296.0,632.0,843,1,0,1,Pedestrian
24,1270.0,557.0,1296.0,632.0,844,1,0,1,Pedestrian
24,1270.0,557.0,1296.0,632.0,845,1,0,1,Pedestrian
24,1270.0,557.0,1296.0,632.0,846,1,0,1,Pedestrian
24,1270.0,557.0,1296.0,632.0,847,1,0,1,Pedestrian
24,1270.0,557.0,1296.0,632.0,848,1,0,1,Pedestrian
24,1270.0,557.0,1296.0,632.0,849,1,0,1,Pedestrian
24,1270.0,557.0,1296.0,632.0,850,1,0,1,Pedestrian
24,1270.0,557.0,1296.0,632.0,851,1,0,1,Pedestrian
24,1270.0,557.0,1296.0,632.0,852,1,0,1,Pedestrian
24,1270.0,557.0,1296.0,632.0,853,1,0,1,Pedestrian
24,1270.0,557.0,1296.0,632.0,854,1,0,1,Pedestrian
24,1270.0,557.0,1296.0,632.0,855,1,0,1,Pedestrian
24,1270.0,557.0,1296.0,632.0,856,1,0,1,Pedestrian
24,1270.0,557.0,1296.0,632.0,857,1,0,1,Pedestrian
24,1270.0,557.0,1296.0,632.0,858,1,0,1,Pedestrian
24,1270.0,557.0,1296.0,632.0,859,1,0,1,Pedestrian
24,1270.0,557.0,1296.0,632.0,860,1,0,1,Pedestrian
24,1270.0,557.0,1296.0,632.0,861,1,0,1,Pedestrian
24,1270.0,557.0,1296.0,632.0,862,1,0,1,Pedestrian
24,1270.0,557.0,1296.0,632.0,863,1,0,1,Pedestrian
24,1270.0,557.0,1296.0,632.0,864,1,0,1,Pedestrian
24,1270.0,557.0,1296.0,632.0,865,1,0,1,Pedestrian
24,1270.0,557.0,1296.0,632.0,866,1,0,1,Pedestrian
24,1270.0,557.0,1296.0,632.0,867,1,0,1,Pedestrian
24,1270.0,557.0,1296.0,632.0,868,1,0,1,Pedestrian
24,1270.0,557.0,1296.0,632.0,869,1,0,1,Pedestrian
24,1270.0,557.0,1296.0,632.0,870,1,0,1,Pedestrian
24,1270.0,557.0,1296.0,632.0,871,1,0,1,Pedestrian
24,1270.0,557.0,1296.0,632.0,872,1,0,1,Pedestrian
24,1270.0,557.0,1296.0,632.0,873,1,0,1,Pedestrian
24,1270.0,557.0,1296.0,632.0,874,1,0,1,Pedestrian
24,1270.0,557.0,1296.0,632.0,875,1,0,1,Pedestrian
24,1270.0,557.0,1296.0,632.0,876,1,0,1,Pedestrian
24,1270.0,557.0,1296.0,632.0,877,1,0,1,Pedestrian
24,1270.0,557.0,1296.0,632.0,878,1,0,1,Pedestrian
24,1270.0,557.0,1296.0,632.0,879,1,0,1,Pedestrian
24,1270.0,557.0,1296.0,632.0,880,1,0,1,Pedestrian
24,1270.0,557.0,1296.0,632.0,881,1,0,1,Pedestrian
24,1270.0,557.0,1296.0,632.0,882,1,0,1,Pedestrian
24,1270.0,557.0,1296.0,632.0,883,1,0,1,Pedestrian
24,1270.0,557.0,1296.0,632.0,884,1,0,1,Pedestrian
24,1270.0,557.0,1296.0,632.0,885,1,0,1,Pedestrian
24,1270.0,557.0,1296.0,632.0,886,1,0,1,Pedestrian
24,1270.0,557.0,1296.0,632.0,887,1,0,1,Pedestrian
24,1270.0,557.0,1296.0,632.0,888,1,0,1,Pedestrian
24,1270.0,557.0,1296.0,632.0,889,1,0,1,Pedestrian
24,1270.0,557.0,1296.0,632.0,890,1,0,1,Pedestrian
24,1270.0,557.0,1296.0,632.0,891,1,0,1,Pedestrian
24,1270.0,557.0,1296.0,632.0,892,1,0,1,Pedestrian
24,1270.0,557.0,1296.0,632.0,893,1,0,1,Pedestrian
24,1270.0,557.0,1296.0,632.0,894,1,0,1,Pedestrian
24,1270.0,557.0,1296.0,632.0,895,1,0,1,Pedestrian
24,1270.0,557.0,1296.0,632.0,896,1,0,1,Pedestrian
24,1270.0,557.0,1296.0,632.0,897,1,0,1,Pedestrian
24,1270.0,557.0,1296.0,632.0,898,1,0,1,Pedestrian
24,1270.0,557.0,1296.0,632.0,899,1,0,1,Pedestrian
24,1270.0,557.0,1296.0,632.0,900,1,0,1,Pedestrian
24,1270.0,557.0,1296.0,632.0,901,1,0,1,Pedestrian
24,1270.0,557.0,1296.0,632.0,902,1,0,1,Pedestrian
24,1270.0,557.0,1296.0,632.0,903,1,0,1,Pedestrian
24,1270.0,557.0,1296.0,632.0,904,1,0,1,Pedestrian
24,1270.0,557.0,1296.0,632.0,905,1,0,1,Pedestrian
24,1270.0,557.0,1296.0,632.0,906,1,0,1,Pedestrian
24,1270.0,557.0,1296.0,632.0,907,1,0,1,Pedestrian
24,1270.0,557.0,1296.0,632.0,908,1,0,1,Pedestrian
24,1270.0,557.0,1296.0,632.0,909,1,0,1,Pedestrian
24,1270.0,557.0,1296.0,632.0,910,1,0,1,Pedestrian
24,1270.0,557.0,1296.0,632.0,911,1,0,1,Pedestrian
24,1270.0,557.0,1296.0,632.0,912,1,0,1,Pedestrian
24,1270.0,557.0,1296.0,632.0,913,1,0,1,Pedestrian
24,1270.0,557.0,1296.0,632.0,914,1,0,1,Pedestrian
24,1270.0,557.0,1296.0,632.0,915,1,0,1,Pedestrian
24,1270.0,557.0,1296.0,632.0,916,1,0,1,Pedestrian
24,1270.0,557.0,1296.0,632.0,917,1,0,1,Pedestrian
24,1270.0,557.0,1296.0,632.0,918,1,0,1,Pedestrian
24,1270.0,557.0,1296.0,632.0,919,1,0,1,Pedestrian
24,1270.0,557.0,1296.0,632.0,920,1,0,1,Pedestrian
24,1270.0,557.0,1296.0,632.0,921,1,0,1,Pedestrian
24,1270.0,557.0,1296.0,632.0,922,1,0,1,Pedestrian
24,1270.0,557.0,1296.0,632.0,923,1,0,1,Pedestrian
24,1270.0,557.0,1296.0,632.0,924,1,0,1,Pedestrian
24,1270.0,557.0,1296.0,632.0,925,1,0,1,Pedestrian
24,1270.0,557.0,1296.0,632.0,926,1,0,1,Pedestrian
24,1270.0,557.0,1296.0,632.0,927,1,0,1,Pedestrian
24,1270.0,557.0,1296.0,632.0,928,1,0,1,Pedestrian
24,1270.0,557.0,1296.0,632.0,929,1,0,1,Pedestrian
24,1270.0,557.0,1296.0,632.0,930,1,0,1,Pedestrian
24,1270.0,557.0,1296.0,632.0,931,1,0,1,Pedestrian
24,1270.0,557.0,1296.0,632.0,932,1,0,1,Pedestrian
24,1270.0,557.0,1296.0,632.0,933,1,0,1,Pedestrian
24,1270.0,557.0,1296.0,632.0,934,1,0,1,Pedestrian
24,1270.0,557.0,1296.0,632.0,935,1,0,1,Pedestrian
24,1270.0,557.0,1296.0,632.0,936,1,0,1,Pedestrian
24,1270.0,557.0,1296.0,632.0,937,1,0,1,Pedestrian
24,1270.0,557.0,1296.0,632.0,938,1,0,1,Pedestrian
24,1270.0,557.0,1296.0,632.0,939,1,0,1,Pedestrian
24,1270.0,557.0,1296.0,632.0,940,1,0,1,Pedestrian
24,1270.0,557.0,1296.0,632.0,941,1,0,1,Pedestrian
24,1270.0,557.0,1296.0,632.0,942,1,0,1,Pedestrian
24,1270.0,557.0,1296.0,632.0,943,1,0,1,Pedestrian
24,1270.0,557.0,1296.0,632.0,944,1,0,1,Pedestrian
24,1270.0,557.0,1296.0,632.0,945,1,0,1,Pedestrian
24,1270.0,557.0,1296.0,632.0,946,1,0,1,Pedestrian
24,1270.0,557.0,1296.0,632.0,947,1,0,1,Pedestrian
24,1270.0,557.0,1296.0,632.0,948,1,0,1,Pedestrian
24,1270.0,557.0,1296.0,632.0,949,1,0,1,Pedestrian
24,1270.0,557.0,1296.0,632.0,950,1,0,1,Pedestrian
24,1270.0,557.0,1296.0,632.0,951,1,0,1,Pedestrian
24,1270.0,557.0,1296.0,632.0,952,1,0,1,Pedestrian
24,1270.0,557.0,1296.0,632.0,953,1,0,1,Pedestrian
24,1270.0,557.0,1296.0,632.0,954,1,0,1,Pedestrian
24,1270.0,557.0,1296.0,632.0,955,1,0,1,Pedestrian
24,1270.0,557.0,1296.0,632.0,956,1,0,1,Pedestrian
24,1270.0,557.0,1296.0,632.0,957,1,0,1,Pedestrian
24,1270.0,557.0,1296.0,632.0,958,1,0,1,Pedestrian
24,1270.0,557.0,1296.0,632.0,959,1,0,1,Pedestrian
24,1270.0,557.0,1296.0,632.0,960,1,0,1,Pedestrian
24,1270.0,557.0,1296.0,632.0,961,1,0,1,Pedestrian
24,1270.0,557.0,1296.0,632.0,962,1,0,1,Pedestrian
24,1270.0,557.0,1296.0,632.0,963,1,0,1,Pedestrian
24,1270.0,557.0,1296.0,632.0,964,1,0,1,Pedestrian
24,1270.0,557.0,1296.0,632.0,965,1,0,1,Pedestrian
24,1270.0,557.0,1296.0,632.0,966,1,0,1,Pedestrian
24,1270.0,557.0,1296.0,632.0,967,1,0,1,Pedestrian
24,1270.0,557.0,1296.0,632.0,968,1,0,1,Pedestrian
24,1270.0,557.0,1296.0,632.0,969,1,0,1,Pedestrian
24,1270.0,557.0,1296.0,632.0,970,1,0,1,Pedestrian
24,1270.0,557.0,1296.0,632.0,971,1,0,1,Pedestrian
24,1270.0,557.0,1296.0,632.0,972,1,0,1,Pedestrian
24,1270.0,557.0,1296.0,632.0,973,1,0,1,Pedestrian
24,1270.0,557.0,1296.0,632.0,974,1,0,1,Pedestrian
24,1270.0,557.0,1296.0,632.0,975,1,0,1,Pedestrian
24,1270.0,557.0,1296.0,632.0,976,1,0,1,Pedestrian
24,1270.0,557.0,1296.0,632.0,977,1,0,1,Pedestrian
24,1270.0,557.0,1296.0,632.0,978,1,0,1,Pedestrian
24,1270.0,557.0,1296.0,632.0,979,1,0,1,Pedestrian
24,1270.0,557.0,1296.0,632.0,980,1,0,1,Pedestrian
24,1270.0,557.0,1296.0,632.0,981,1,0,1,Pedestrian
24,1270.0,557.0,1296.0,632.0,982,1,0,1,Pedestrian
24,1270.0,557.0,1296.0,632.0,983,1,0,1,Pedestrian
24,1270.0,557.0,1296.0,632.0,984,1,0,1,Pedestrian
24,1270.0,557.0,1296.0,632.0,985,1,0,1,Pedestrian
24,1270.0,557.0,1296.0,632.0,986,1,0,1,Pedestrian
24,1270.0,557.0,1296.0,632.0,987,1,0,1,Pedestrian
24,1270.0,557.0,1296.0,632.0,988,1,0,1,Pedestrian
24,1270.0,557.0,1296.0,632.0,989,1,0,1,Pedestrian
24,1270.0,557.0,1296.0,632.0,990,1,0,1,Pedestrian
24,1270.0,557.0,1296.0,632.0,991,1,0,1,Pedestrian
24,1270.0,557.0,1296.0,632.0,992,1,0,1,Pedestrian
24,1270.0,557.0,1296.0,632.0,993,1,0,1,Pedestrian
24,1270.0,557.0,1296.0,632.0,994,1,0,1,Pedestrian
24,1270.0,557.0,1296.0,632.0,995,1,0,1,Pedestrian
24,1270.0,557.0,1296.0,632.0,996,1,0,1,Pedestrian
24,1270.0,557.0,1296.0,632.0,997,1,0,1,Pedestrian
24,1270.0,557.0,1296.0,632.0,998,1,0,1,Pedestrian
24,1270.0,557.0,1296.0,632.0,999,1,0,1,Pedestrian
24,1270.0,557.0,1296.0,632.0,1000,1,0,1,Pedestrian
24,1270.0,557.0,1296.0,632.0,1001,1,0,1,Pedestrian
24,1270.0,557.0,1296.0,632.0,1002,1,0,1,Pedestrian
24,1270.0,557.0,1296.0,632.0,1003,1,0,1,Pedestrian
24,1270.0,557.0,1296.0,632.0,1004,1,0,1,Pedestrian
24,1270.0,557.0,1296.0,632.0,1005,1,0,1,Pedestrian
24,1270.0,557.0,1296.0,632.0,1006,1,0,1,Pedestrian
24,1270.0,557.0,1296.0,632.0,1007,1,0,1,Pedestrian
24,1270.0,557.0,1296.0,632.0,1008,1,0,1,Pedestrian
24,1270.0,557.0,1296.0,632.0,1009,1,0,1,Pedestrian
24,1270.0,557.0,1296.0,632.0,1010,1,0,1,Pedestrian
24,1270.0,557.0,1296.0,632.0,1011,1,0,1,Pedestrian
24,1270.0,557.0,1296.0,632.0,1012,1,0,1,Pedestrian
24,1270.0,557.0,1296.0,632.0,1013,1,0,1,Pedestrian
24,1270.0,557.0,1296.0,632.0,1014,1,0,1,Pedestrian
24,1270.0,557.0,1296.0,632.0,1015,1,0,1,Pedestrian
24,1270.0,557.0,1296.0,632.0,1016,1,0,1,Pedestrian
24,1270.0,557.0,1296.0,632.0,1017,1,0,1,Pedestrian
24,1270.0,557.0,1296.0,632.0,1018,1,0,1,Pedestrian
24,1270.0,557.0,1296.0,632.0,1019,1,0,1,Pedestrian
24,1270.0,557.0,1296.0,632.0,1020,1,0,1,Pedestrian
24,1270.0,557.0,1296.0,632.0,1021,1,0,1,Pedestrian
24,1270.0,557.0,1296.0,632.0,1022,1,0,1,Pedestrian
24,1270.0,557.0,1296.0,632.0,1023,1,0,1,Pedestrian
24,1270.0,557.0,1296.0,632.0,1024,1,0,1,Pedestrian
24,1270.0,557.0,1296.0,632.0,1025,1,0,1,Pedestrian
24,1270.0,557.0,1296.0,632.0,1026,1,0,1,Pedestrian
24,1270.0,557.0,1296.0,632.0,1027,1,0,1,Pedestrian
24,1270.0,557.0,1296.0,632.0,1028,1,0,1,Pedestrian
24,1270.0,557.0,1296.0,632.0,1029,1,0,1,Pedestrian
24,1270.0,557.0,1296.0,632.0,1030,1,0,1,Pedestrian
24,1270.0,557.0,1296.0,632.0,1031,1,0,0,Pedestrian
25,143.0,1282.0,219.0,1336.0,500,1,0,0,Cart
25,143.0,1277.0,219.0,1332.0,501,1,0,1,Cart
25,143.0,1277.0,219.0,1332.0,502,1,0,1,Cart
25,143.0,1277.0,219.0,1332.0,503,1,0,1,Cart
25,143.0,1277.0,219.0,1332.0,504,1,0,1,Cart
25,143.0,1277.0,219.0,1332.0,505,1,0,1,Cart
25,143.0,1277.0,219.0,1332.0,506,1,0,1,Cart
25,143.0,1277.0,219.0,1332.0,507,1,0,1,Cart
25,143.0,1277.0,219.0,1332.0,508,1,0,1,Cart
25,143.0,1277.0,219.0,1332.0,509,1,0,1,Cart
25,143.0,1277.0,219.0,1332.0,510,1,0,1,Cart
25,143.0,1277.0,219.0,1332.0,511,1,0,1,Cart
25,143.0,1277.0,219.0,1332.0,512,1,0,1,Cart
25,143.0,1277.0,219.0,1332.0,513,1,0,1,Cart
25,143.0,1277.0,219.0,1332.0,514,1,0,1,Cart
25,143.0,1277.0,219.0,1332.0,515,1,0,1,Cart
25,143.0,1277.0,219.0,1332.0,516,1,0,1,Cart
25,143.0,1277.0,219.0,1332.0,517,1,0,1,Cart
25,143.0,1277.0,219.0,1332.0,518,1,0,1,Cart
25,143.0,1277.0,219.0,1332.0,519,1,0,1,Cart
25,143.0,1277.0,219.0,1332.0,520,1,0,1,Cart
25,143.0,1277.0,219.0,1332.0,521,1,0,1,Cart
25,143.0,1277.0,219.0,1332.0,522,1,0,1,Cart
25,143.0,1277.0,219.0,1332.0,523,1,0,1,Cart
25,143.0,1277.0,219.0,1332.0,524,1,0,1,Cart
25,143.0,1277.0,219.0,1332.0,525,1,0,1,Cart
25,143.0,1277.0,219.0,1332.0,526,1,0,1,Cart
25,143.0,1277.0,219.0,1332.0,527,1,0,1,Cart
25,143.0,1277.0,219.0,1332.0,528,1,0,1,Cart
25,143.0,1277.0,219.0,1332.0,529,1,0,1,Cart
25,143.0,1277.0,219.0,1332.0,530,1,0,1,Cart
25,143.0,1277.0,219.0,1332.0,531,1,0,1,Cart
25,143.0,1277.0,219.0,1332.0,532,1,0,1,Cart
25,143.0,1277.0,219.0,1332.0,533,1,0,1,Cart
25,143.0,1277.0,219.0,1332.0,534,1,0,1,Cart
25,143.0,1277.0,219.0,1332.0,535,1,0,1,Cart
25,143.0,1277.0,219.0,1332.0,536,1,0,1,Cart
25,143.0,1277.0,219.0,1332.0,537,1,0,1,Cart
25,143.0,1277.0,219.0,1332.0,538,1,0,1,Cart
25,143.0,1277.0,219.0,1332.0,539,1,0,1,Cart
25,143.0,1277.0,219.0,1332.0,540,1,0,1,Cart
25,143.0,1277.0,219.0,1332.0,541,1,0,1,Cart
25,143.0,1277.0,219.0,1332.0,542,1,0,1,Cart
25,143.0,1277.0,219.0,1332.0,543,1,0,1,Cart
25,143.0,1277.0,219.0,1332.0,544,1,0,1,Cart
25,143.0,1277.0,219.0,1332.0,545,1,0,1,Cart
25,143.0,1277.0,219.0,1332.0,546,1,0,1,Cart
25,143.0,1277.0,219.0,1332.0,547,1,0,1,Cart
25,143.0,1277.0,219.0,1332.0,548,1,0,1,Cart
25,143.0,1277.0,219.0,1332.0,549,1,0,1,Cart
25,143.0,1277.0,219.0,1332.0,550,1,0,1,Cart
25,143.0,1277.0,219.0,1332.0,551,1,0,1,Cart
25,143.0,1277.0,219.0,1332.0,552,1,0,1,Cart
25,143.0,1277.0,219.0,1332.0,553,1,0,1,Cart
25,143.0,1277.0,219.0,1332.0,554,1,0,1,Cart
25,143.0,1277.0,219.0,1332.0,555,1,0,1,Cart
25,143.0,1277.0,219.0,1332.0,556,1,0,1,Cart
25,143.0,1277.0,219.0,1332.0,557,1,0,1,Cart
25,143.0,1277.0,219.0,1332.0,558,1,0,1,Cart
25,143.0,1277.0,219.0,1332.0,559,1,0,1,Cart
25,143.0,1277.0,219.0,1332.0,560,1,0,1,Cart
25,143.0,1277.0,219.0,1332.0,561,1,0,1,Cart
25,143.0,1277.0,219.0,1332.0,562,1,0,1,Cart
25,143.0,1277.0,219.0,1332.0,563,1,0,1,Cart
25,143.0,1277.0,219.0,1332.0,564,1,0,1,Cart
25,143.0,1277.0,219.0,1332.0,565,1,0,1,Cart
25,143.0,1277.0,219.0,1332.0,566,1,0,1,Cart
25,143.0,1277.0,219.0,1332.0,567,1,0,1,Cart
25,143.0,1277.0,219.0,1332.0,568,1,0,1,Cart
25,143.0,1277.0,219.0,1332.0,569,1,0,1,Cart
25,143.0,1277.0,219.0,1332.0,570,1,0,1,Cart
25,143.0,1277.0,219.0,1332.0,571,1,0,1,Cart
25,143.0,1277.0,219.0,1332.0,572,1,0,1,Cart
25,143.0,1277.0,219.0,1332.0,573,1,0,1,Cart
25,143.0,1277.0,219.0,1332.0,574,1,0,1,Cart
25,143.0,1277.0,219.0,1332.0,575,1,0,1,Cart
25,143.0,1277.0,219.0,1332.0,576,1,0,1,Cart
25,143.0,1277.0,219.0,1332.0,577,1,0,1,Cart
25,143.0,1277.0,219.0,1332.0,578,1,0,1,Cart
25,143.0,1277.0,219.0,1332.0,579,1,0,1,Cart
25,143.0,1277.0,219.0,1332.0,580,1,0,1,Cart
25,143.0,1277.0,219.0,1332.0,581,1,0,1,Cart
25,143.0,1277.0,219.0,1332.0,582,1,0,1,Cart
25,143.0,1277.0,219.0,1332.0,583,1,0,1,Cart
25,143.0,1277.0,219.0,1332.0,584,1,0,1,Cart
25,143.0,1277.0,219.0,1332.0,585,1,0,1,Cart
25,143.0,1277.0,219.0,1332.0,586,1,0,1,Cart
25,143.0,1277.0,219.0,1332.0,587,1,0,1,Cart
25,143.0,1277.0,219.0,1332.0,588,1,0,1,Cart
25,143.0,1277.0,219.0,1332.0,589,1,0,1,Cart
25,143.0,1277.0,219.0,1332.0,590,1,0,1,Cart
25,143.0,1277.0,219.0,1332.0,591,1,0,1,Cart
25,143.0,1277.0,219.0,1332.0,592,1,0,1,Cart
25,143.0,1277.0,219.0,1332.0,593,1,0,1,Cart
25,143.0,1277.0,219.0,1332.0,594,1,0,1,Cart
25,143.0,1277.0,219.0,1332.0,595,1,0,1,Cart
25,143.0,1273.0,219.0,1328.0,596,1,0,1,Cart
25,143.0,1273.0,219.0,1328.0,597,1,0,1,Cart
25,143.0,1273.0,219.0,1328.0,598,1,0,1,Cart
25,143.0,1273.0,219.0,1328.0,599,1,0,1,Cart
25,143.0,1273.0,219.0,1328.0,600,1,0,1,Cart
25,143.0,1273.0,219.0,1328.0,601,1,0,1,Cart
25,143.0,1273.0,219.0,1328.0,602,1,0,1,Cart
25,143.0,1273.0,219.0,1328.0,603,1,0,1,Cart
25,143.0,1273.0,219.0,1328.0,604,1,0,1,Cart
25,143.0,1273.0,219.0,1328.0,605,1,0,1,Cart
25,143.0,1273.0,219.0,1328.0,606,1,0,1,Cart
25,143.0,1273.0,219.0,1328.0,607,1,0,1,Cart
25,143.0,1273.0,219.0,1328.0,608,1,0,1,Cart
25,143.0,1273.0,219.0,1328.0,609,1,0,1,Cart
25,143.0,1273.0,219.0,1328.0,610,1,0,1,Cart
25,143.0,1273.0,219.0,1328.0,611,1,0,1,Cart
25,143.0,1273.0,219.0,1328.0,612,1,0,1,Cart
25,143.0,1273.0,219.0,1328.0,613,1,0,1,Cart
25,143.0,1273.0,219.0,1328.0,614,1,0,1,Cart
25,143.0,1273.0,219.0,1328.0,615,1,0,1,Cart
25,143.0,1273.0,219.0,1328.0,616,1,0,1,Cart
25,143.0,1273.0,219.0,1328.0,617,1,0,1,Cart
25,143.0,1273.0,219.0,1328.0,618,1,0,1,Cart
25,143.0,1273.0,219.0,1328.0,619,1,0,1,Cart
25,143.0,1273.0,219.0,1328.0,620,1,0,1,Cart
25,143.0,1273.0,219.0,1328.0,621,1,0,1,Cart
25,143.0,1273.0,219.0,1328.0,622,1,0,1,Cart
25,143.0,1273.0,219.0,1328.0,623,1,0,1,Cart
25,143.0,1273.0,219.0,1328.0,624,1,0,1,Cart
25,143.0,1273.0,219.0,1328.0,625,1,0,1,Cart
25,143.0,1273.0,219.0,1328.0,626,1,0,1,Cart
25,143.0,1273.0,219.0,1328.0,627,1,0,1,Cart
25,143.0,1273.0,219.0,1328.0,628,1,0,1,Cart
25,143.0,1273.0,219.0,1328.0,629,1,0,1,Cart
25,143.0,1273.0,219.0,1328.0,630,1,0,1,Cart
25,143.0,1273.0,219.0,1328.0,631,1,0,1,Cart
25,143.0,1273.0,219.0,1328.0,632,1,0,1,Cart
25,143.0,1273.0,219.0,1328.0,633,1,0,1,Cart
25,143.0,1273.0,219.0,1328.0,634,1,0,1,Cart
25,143.0,1273.0,219.0,1328.0,635,1,0,1,Cart
25,143.0,1273.0,219.0,1328.0,636,1,0,1,Cart
25,143.0,1273.0,219.0,1328.0,637,1,0,1,Cart
25,143.0,1273.0,219.0,1328.0,638,1,0,1,Cart
25,143.0,1273.0,219.0,1328.0,639,1,0,1,Cart
25,143.0,1273.0,219.0,1328.0,640,1,0,1,Cart
25,143.0,1273.0,219.0,1328.0,641,1,0,1,Cart
25,143.0,1273.0,219.0,1328.0,642,1,0,1,Cart
25,143.0,1273.0,219.0,1328.0,643,1,0,1,Cart
25,143.0,1273.0,219.0,1328.0,644,1,0,1,Cart
25,143.0,1273.0,219.0,1328.0,645,1,0,1,Cart
25,143.0,1273.0,219.0,1328.0,646,1,0,1,Cart
25,143.0,1273.0,219.0,1328.0,647,1,0,1,Cart
25,143.0,1273.0,219.0,1328.0,648,1,0,1,Cart
25,143.0,1273.0,219.0,1328.0,649,1,0,1,Cart
25,143.0,1273.0,219.0,1328.0,650,1,0,1,Cart
25,143.0,1273.0,219.0,1328.0,651,1,0,1,Cart
25,143.0,1273.0,219.0,1328.0,652,1,0,1,Cart
25,143.0,1273.0,219.0,1328.0,653,1,0,1,Cart
25,143.0,1273.0,219.0,1328.0,654,1,0,1,Cart
25,143.0,1273.0,219.0,1328.0,655,1,0,1,Cart
25,143.0,1273.0,219.0,1328.0,656,1,0,1,Cart
25,143.0,1273.0,219.0,1328.0,657,1,0,1,Cart
25,143.0,1273.0,219.0,1328.0,658,1,0,1,Cart
25,143.0,1273.0,219.0,1328.0,659,1,0,1,Cart
25,143.0,1273.0,219.0,1328.0,660,1,0,1,Cart
25,143.0,1273.0,219.0,1328.0,661,1,0,1,Cart
25,143.0,1273.0,219.0,1328.0,662,1,0,1,Cart
25,143.0,1273.0,219.0,1328.0,663,1,0,1,Cart
25,143.0,1273.0,219.0,1328.0,664,1,0,1,Cart
25,143.0,1273.0,219.0,1328.0,665,1,0,1,Cart
25,143.0,1273.0,219.0,1328.0,666,1,0,1,Cart
25,143.0,1273.0,219.0,1328.0,667,1,0,1,Cart
25,143.0,1273.0,219.0,1328.0,668,1,0,1,Cart
25,143.0,1273.0,219.0,1328.0,669,1,0,1,Cart
25,143.0,1273.0,219.0,1328.0,670,1,0,1,Cart
25,143.0,1273.0,219.0,1328.0,671,1,0,1,Cart
25,143.0,1273.0,219.0,1328.0,672,1,0,1,Cart
25,143.0,1273.0,219.0,1328.0,673,1,0,1,Cart
25,143.0,1273.0,219.0,1328.0,674,1,0,1,Cart
25,143.0,1273.0,219.0,1328.0,675,1,0,1,Cart
25,143.0,1273.0,219.0,1328.0,676,1,0,1,Cart
25,143.0,1273.0,219.0,1328.0,677,1,0,1,Cart
25,143.0,1273.0,219.0,1328.0,678,1,0,1,Cart
25,143.0,1273.0,219.0,1328.0,679,1,0,1,Cart
25,143.0,1273.0,219.0,1328.0,680,1,0,1,Cart
25,143.0,1273.0,219.0,1328.0,681,1,0,1,Cart
25,143.0,1273.0,219.0,1328.0,682,1,0,1,Cart
25,143.0,1273.0,219.0,1328.0,683,1,0,1,Cart
25,143.0,1273.0,219.0,1328.0,684,1,0,1,Cart
25,143.0,1273.0,219.0,1328.0,685,1,0,1,Cart
25,143.0,1273.0,219.0,1328.0,686,1,0,1,Cart
25,143.0,1273.0,219.0,1328.0,687,1,0,1,Cart
25,143.0,1273.0,219.0,1328.0,688,1,0,1,Cart
25,143.0,1273.0,219.0,1328.0,689,1,0,1,Cart
25,143.0,1273.0,219.0,1328.0,690,1,0,1,Cart
25,143.0,1273.0,219.0,1328.0,691,1,0,1,Cart
25,143.0,1269.0,219.0,1323.0,692,1,0,1,Cart
25,143.0,1269.0,219.0,1323.0,693,1,0,1,Cart
25,143.0,1269.0,219.0,1323.0,694,1,0,1,Cart
25,143.0,1269.0,219.0,1323.0,695,1,0,1,Cart
25,143.0,1269.0,219.0,1323.0,696,1,0,1,Cart
25,143.0,1269.0,219.0,1323.0,697,1,0,1,Cart
25,143.0,1269.0,219.0,1323.0,698,1,0,1,Cart
25,143.0,1269.0,219.0,1323.0,699,1,0,1,Cart
25,143.0,1269.0,219.0,1323.0,700,1,0,1,Cart
25,143.0,1269.0,219.0,1323.0,701,1,0,1,Cart
25,143.0,1269.0,219.0,1323.0,702,1,0,1,Cart
25,143.0,1269.0,219.0,1323.0,703,1,0,1,Cart
25,143.0,1269.0,219.0,1323.0,704,1,0,1,Cart
25,143.0,1269.0,219.0,1323.0,705,1,0,1,Cart
25,143.0,1269.0,219.0,1323.0,706,1,0,1,Cart
25,143.0,1269.0,219.0,1323.0,707,1,0,1,Cart
25,143.0,1269.0,219.0,1323.0,708,1,0,1,Cart
25,143.0,1269.0,219.0,1323.0,709,1,0,1,Cart
25,143.0,1269.0,219.0,1323.0,710,1,0,1,Cart
25,143.0,1269.0,219.0,1323.0,711,1,0,1,Cart
25,143.0,1269.0,219.0,1323.0,712,1,0,1,Cart
25,143.0,1269.0,219.0,1323.0,713,1,0,1,Cart
25,143.0,1269.0,219.0,1323.0,714,1,0,1,Cart
25,143.0,1269.0,219.0,1323.0,715,1,0,1,Cart
25,143.0,1269.0,219.0,1323.0,716,1,0,1,Cart
25,143.0,1269.0,219.0,1323.0,717,1,0,1,Cart
25,143.0,1269.0,219.0,1323.0,718,1,0,1,Cart
25,143.0,1269.0,219.0,1323.0,719,1,0,1,Cart
25,143.0,1269.0,219.0,1323.0,720,1,0,1,Cart
25,143.0,1269.0,219.0,1323.0,721,1,0,1,Cart
25,143.0,1269.0,219.0,1323.0,722,1,0,1,Cart
25,143.0,1269.0,219.0,1323.0,723,1,0,1,Cart
25,143.0,1269.0,219.0,1323.0,724,1,0,1,Cart
25,143.0,1269.0,219.0,1323.0,725,1,0,1,Cart
25,143.0,1269.0,219.0,1323.0,726,1,0,1,Cart
25,143.0,1269.0,219.0,1323.0,727,1,0,1,Cart
25,143.0,1269.0,219.0,1323.0,728,1,0,1,Cart
25,143.0,1269.0,219.0,1323.0,729,1,0,1,Cart
25,143.0,1269.0,219.0,1323.0,730,1,0,1,Cart
25,143.0,1269.0,219.0,1323.0,731,1,0,1,Cart
25,143.0,1269.0,219.0,1323.0,732,1,0,1,Cart
25,143.0,1269.0,219.0,1323.0,733,1,0,1,Cart
25,143.0,1269.0,219.0,1323.0,734,1,0,1,Cart
25,143.0,1269.0,219.0,1323.0,735,1,0,1,Cart
25,143.0,1269.0,219.0,1323.0,736,1,0,1,Cart
25,143.0,1269.0,219.0,1323.0,737,1,0,1,Cart
25,143.0,1269.0,219.0,1323.0,738,1,0,1,Cart
25,143.0,1269.0,219.0,1323.0,739,1,0,1,Cart
25,143.0,1269.0,219.0,1323.0,740,1,0,1,Cart
25,143.0,1269.0,219.0,1323.0,741,1,0,1,Cart
25,143.0,1269.0,219.0,1323.0,742,1,0,1,Cart
25,143.0,1269.0,219.0,1323.0,743,1,0,1,Cart
25,143.0,1269.0,219.0,1323.0,744,1,0,1,Cart
25,143.0,1269.0,219.0,1323.0,745,1,0,1,Cart
25,143.0,1269.0,219.0,1323.0,746,1,0,1,Cart
25,143.0,1269.0,219.0,1323.0,747,1,0,1,Cart
25,143.0,1269.0,219.0,1323.0,748,1,0,1,Cart
25,143.0,1269.0,219.0,1323.0,749,1,0,1,Cart
25,143.0,1269.0,219.0,1323.0,750,1,0,1,Cart
25,143.0,1269.0,219.0,1323.0,751,1,0,1,Cart
25,143.0,1269.0,219.0,1323.0,752,1,0,1,Cart
25,143.0,1269.0,219.0,1323.0,753,1,0,1,Cart
25,143.0,1269.0,219.0,1323.0,754,1,0,1,Cart
25,143.0,1269.0,219.0,1323.0,755,1,0,1,Cart
25,143.0,1269.0,219.0,1323.0,756,1,0,1,Cart
25,143.0,1269.0,219.0,1323.0,757,1,0,1,Cart
25,143.0,1269.0,219.0,1323.0,758,1,0,1,Cart
25,143.0,1269.0,219.0,1323.0,759,1,0,1,Cart
25,143.0,1269.0,219.0,1323.0,760,1,0,1,Cart
25,143.0,1269.0,219.0,1323.0,761,1,0,1,Cart
25,143.0,1269.0,219.0,1323.0,762,1,0,1,Cart
25,143.0,1269.0,219.0,1323.0,763,1,0,1,Cart
25,143.0,1269.0,219.0,1323.0,764,1,0,1,Cart
25,143.0,1269.0,219.0,1323.0,765,1,0,1,Cart
25,143.0,1269.0,219.0,1323.0,766,1,0,1,Cart
25,143.0,1269.0,219.0,1323.0,767,1,0,1,Cart
25,143.0,1269.0,219.0,1323.0,768,1,0,1,Cart
25,143.0,1269.0,219.0,1323.0,769,1,0,1,Cart
25,143.0,1269.0,219.0,1323.0,770,1,0,1,Cart
25,143.0,1269.0,219.0,1323.0,771,1,0,1,Cart
25,143.0,1269.0,219.0,1323.0,772,1,0,1,Cart
25,143.0,1269.0,219.0,1323.0,773,1,0,1,Cart
25,143.0,1269.0,219.0,1323.0,774,1,0,1,Cart
25,143.0,1269.0,219.0,1323.0,775,1,0,1,Cart
25,143.0,1269.0,219.0,1323.0,776,1,0,1,Cart
25,143.0,1269.0,219.0,1323.0,777,1,0,1,Cart
25,143.0,1269.0,219.0,1323.0,778,1,0,1,Cart
25,143.0,1269.0,219.0,1323.0,779,1,0,1,Cart
25,143.0,1269.0,219.0,1323.0,780,1,0,1,Cart
25,143.0,1269.0,219.0,1323.0,781,1,0,1,Cart
25,143.0,1269.0,219.0,1323.0,782,1,0,1,Cart
25,143.0,1269.0,219.0,1323.0,783,1,0,1,Cart
25,143.0,1269.0,219.0,1323.0,784,1,0,1,Cart
25,143.0,1269.0,219.0,1323.0,785,1,0,1,Cart
25,143.0,1269.0,219.0,1323.0,786,1,0,1,Cart
25,143.0,1269.0,219.0,1323.0,787,1,0,1,Cart
25,143.0,1265.0,219.0,1319.0,788,1,0,1,Cart
25,143.0,1265.0,219.0,1319.0,789,1,0,1,Cart
25,143.0,1265.0,219.0,1319.0,790,1,0,1,Cart
25,143.0,1265.0,219.0,1319.0,791,1,0,1,Cart
25,143.0,1265.0,219.0,1319.0,792,1,0,1,Cart
25,143.0,1265.0,219.0,1319.0,793,1,0,1,Cart
25,143.0,1265.0,219.0,1319.0,794,1,0,1,Cart
25,143.0,1265.0,219.0,1319.0,795,1,0,1,Cart
25,143.0,1265.0,219.0,1319.0,796,1,0,1,Cart
25,143.0,1265.0,219.0,1319.0,797,1,0,1,Cart
25,143.0,1265.0,219.0,1319.0,798,1,0,1,Cart
25,143.0,1265.0,219.0,1319.0,799,1,0,1,Cart
25,143.0,1265.0,219.0,1319.0,800,1,0,1,Cart
25,143.0,1265.0,219.0,1319.0,801,1,0,1,Cart
25,143.0,1265.0,219.0,1319.0,802,1,0,1,Cart
25,143.0,1265.0,219.0,1319.0,803,1,0,1,Cart
25,143.0,1265.0,219.0,1319.0,804,1,0,1,Cart
25,143.0,1265.0,219.0,1319.0,805,1,0,1,Cart
25,143.0,1265.0,219.0,1319.0,806,1,0,1,Cart
25,143.0,1265.0,219.0,1319.0,807,1,0,1,Cart
25,143.0,1265.0,219.0,1319.0,808,1,0,1,Cart
25,143.0,1265.0,219.0,1319.0,809,1,0,1,Cart
25,143.0,1265.0,219.0,1319.0,810,1,0,1,Cart
25,143.0,1265.0,219.0,1319.0,811,1,0,1,Cart
25,143.0,1265.0,219.0,1319.0,812,1,0,1,Cart
25,143.0,1265.0,219.0,1319.0,813,1,0,1,Cart
25,143.0,1265.0,219.0,1319.0,814,1,0,1,Cart
25,143.0,1265.0,219.0,1319.0,815,1,0,1,Cart
25,143.0,1265.0,219.0,1319.0,816,1,0,1,Cart
25,143.0,1265.0,219.0,1319.0,817,1,0,1,Cart
25,143.0,1265.0,219.0,1319.0,818,1,0,1,Cart
25,143.0,1265.0,219.0,1319.0,819,1,0,1,Cart
25,143.0,1265.0,219.0,1319.0,820,1,0,1,Cart
25,143.0,1265.0,219.0,1319.0,821,1,0,1,Cart
25,143.0,1265.0,219.0,1319.0,822,1,0,1,Cart
25,143.0,1265.0,219.0,1319.0,823,1,0,1,Cart
25,143.0,1265.0,219.0,1319.0,824,1,0,1,Cart
25,143.0,1265.0,219.0,1319.0,825,1,0,1,Cart
25,143.0,1265.0,219.0,1319.0,826,1,0,1,Cart
25,143.0,1265.0,219.0,1319.0,827,1,0,1,Cart
25,143.0,1265.0,219.0,1319.0,828,1,0,1,Cart
25,143.0,1265.0,219.0,1319.0,829,1,0,1,Cart
25,143.0,1265.0,219.0,1319.0,830,1,0,1,Cart
25,143.0,1265.0,219.0,1319.0,831,1,0,1,Cart
25,143.0,1265.0,219.0,1319.0,832,1,0,1,Cart
25,143.0,1265.0,219.0,1319.0,833,1,0,1,Cart
25,143.0,1265.0,219.0,1319.0,834,1,0,1,Cart
25,143.0,1265.0,219.0,1319.0,835,1,0,1,Cart
25,143.0,1265.0,219.0,1319.0,836,1,0,1,Cart
25,143.0,1265.0,219.0,1319.0,837,1,0,1,Cart
25,143.0,1265.0,219.0,1319.0,838,1,0,1,Cart
25,143.0,1265.0,219.0,1319.0,839,1,0,1,Cart
25,143.0,1265.0,219.0,1319.0,840,1,0,1,Cart
25,143.0,1265.0,219.0,1319.0,841,1,0,1,Cart
25,143.0,1265.0,219.0,1319.0,842,1,0,1,Cart
25,143.0,1265.0,219.0,1319.0,843,1,0,1,Cart
25,143.0,1265.0,219.0,1319.0,844,1,0,1,Cart
25,143.0,1265.0,219.0,1319.0,845,1,0,1,Cart
25,143.0,1265.0,219.0,1319.0,846,1,0,1,Cart
25,143.0,1265.0,219.0,1319.0,847,1,0,1,Cart
25,143.0,1265.0,219.0,1319.0,848,1,0,1,Cart
25,143.0,1265.0,219.0,1319.0,849,1,0,1,Cart
25,143.0,1265.0,219.0,1319.0,850,1,0,1,Cart
25,143.0,1265.0,219.0,1319.0,851,1,0,1,Cart
25,143.0,1265.0,219.0,1319.0,852,1,0,1,Cart
25,143.0,1265.0,219.0,1319.0,853,1,0,1,Cart
25,143.0,1265.0,219.0,1319.0,854,1,0,1,Cart
25,143.0,1265.0,219.0,1319.0,855,1,0,1,Cart
25,143.0,1265.0,219.0,1319.0,856,1,0,1,Cart
25,143.0,1265.0,219.0,1319.0,857,1,0,1,Cart
25,143.0,1265.0,219.0,1319.0,858,1,0,1,Cart
25,143.0,1265.0,219.0,1319.0,859,1,0,1,Cart
25,143.0,1265.0,219.0,1319.0,860,1,0,1,Cart
25,143.0,1265.0,219.0,1319.0,861,1,0,1,Cart
25,143.0,1265.0,219.0,1319.0,862,1,0,1,Cart
25,143.0,1265.0,219.0,1319.0,863,1,0,1,Cart
25,143.0,1265.0,219.0,1319.0,864,1,0,1,Cart
25,143.0,1265.0,219.0,1319.0,865,1,0,1,Cart
25,143.0,1265.0,219.0,1319.0,866,1,0,1,Cart
25,143.0,1265.0,219.0,1319.0,867,1,0,1,Cart
25,143.0,1265.0,219.0,1319.0,868,1,0,1,Cart
25,143.0,1265.0,219.0,1319.0,869,1,0,1,Cart
25,143.0,1265.0,219.0,1319.0,870,1,0,1,Cart
25,143.0,1265.0,219.0,1319.0,871,1,0,1,Cart
25,143.0,1265.0,219.0,1319.0,872,1,0,1,Cart
25,143.0,1265.0,219.0,1319.0,873,1,0,1,Cart
25,143.0,1265.0,219.0,1319.0,874,1,0,1,Cart
25,143.0,1265.0,219.0,1319.0,875,1,0,1,Cart
25,143.0,1265.0,219.0,1319.0,876,1,0,1,Cart
25,143.0,1265.0,219.0,1319.0,877,1,0,1,Cart
25,143.0,1265.0,219.0,1319.0,878,1,0,1,Cart
25,143.0,1265.0,219.0,1319.0,879,1,0,1,Cart
25,143.0,1265.0,219.0,1319.0,880,1,0,1,Cart
25,143.0,1265.0,219.0,1319.0,881,1,0,1,Cart
25,143.0,1265.0,219.0,1319.0,882,1,0,1,Cart
25,143.0,1265.0,221.0,1319.0,883,0,0,0,Cart
25,149.0,1261.0,226.0,1315.0,884,0,0,1,Cart
25,156.0,1261.0,233.0,1315.0,885,0,0,1,Cart
25,163.0,1261.0,241.0,1315.0,886,0,0,1,Cart
25,171.0,1261.0,248.0,1315.0,887,0,0,1,Cart
25,178.0,1261.0,255.0,1315.0,888,0,0,1,Cart
25,186.0,1261.0,263.0,1315.0,889,0,0,1,Cart
25,193.0,1256.0,270.0,1311.0,890,0,0,1,Cart
25,200.0,1256.0,278.0,1311.0,891,0,0,1,Cart
25,208.0,1256.0,285.0,1311.0,892,0,0,1,Cart
25,215.0,1256.0,292.0,1311.0,893,0,0,1,Cart
25,222.0,1256.0,300.0,1311.0,894,0,0,1,Cart
25,230.0,1256.0,307.0,1311.0,895,0,0,1,Cart
25,237.0,1252.0,314.0,1307.0,896,0,0,1,Cart
25,244.0,1252.0,322.0,1307.0,897,0,0,1,Cart
25,252.0,1252.0,329.0,1307.0,898,0,0,1,Cart
25,259.0,1252.0,337.0,1307.0,899,0,0,1,Cart
25,267.0,1252.0,344.0,1307.0,900,0,0,1,Cart
25,274.0,1252.0,351.0,1307.0,901,0,0,1,Cart
25,281.0,1252.0,359.0,1307.0,902,0,0,0,Cart
25,287.0,1252.0,364.0,1307.0,903,0,0,1,Cart
25,294.0,1252.0,372.0,1307.0,904,0,0,1,Cart
25,302.0,1252.0,379.0,1307.0,905,0,0,1,Cart
25,307.0,1252.0,384.0,1307.0,906,0,0,1,Cart
25,314.0,1252.0,392.0,1307.0,907,0,0,1,Cart
25,322.0,1252.0,399.0,1307.0,908,0,0,1,Cart
25,327.0,1252.0,405.0,1307.0,909,0,0,1,Cart
25,335.0,1252.0,412.0,1307.0,910,0,0,1,Cart
25,342.0,1252.0,419.0,1307.0,911,0,0,1,Cart
25,348.0,1252.0,425.0,1307.0,912,0,0,1,Cart
25,355.0,1252.0,432.0,1307.0,913,0,0,1,Cart
25,362.0,1252.0,440.0,1307.0,914,0,0,1,Cart
25,368.0,1252.0,445.0,1307.0,915,0,0,1,Cart
25,375.0,1252.0,453.0,1307.0,916,0,0,1,Cart
25,383.0,1252.0,460.0,1307.0,917,0,0,1,Cart
25,388.0,1252.0,465.0,1307.0,918,0,0,1,Cart
25,395.0,1252.0,473.0,1307.0,919,0,0,1,Cart
25,403.0,1252.0,480.0,1307.0,920,0,0,1,Cart
25,408.0,1252.0,486.0,1307.0,921,0,0,1,Cart
25,416.0,1252.0,493.0,1307.0,922,0,0,1,Cart
25,423.0,1252.0,500.0,1307.0,923,0,0,1,Cart
25,429.0,1252.0,506.0,1307.0,924,0,0,1,Cart
25,436.0,1252.0,513.0,1307.0,925,0,0,1,Cart
25,443.0,1252.0,521.0,1307.0,926,0,0,1,Cart
25,449.0,1252.0,526.0,1307.0,927,0,0,1,Cart
25,456.0,1252.0,534.0,1307.0,928,0,0,1,Cart
25,464.0,1252.0,541.0,1307.0,929,0,0,1,Cart
25,471.0,1252.0,548.0,1307.0,930,0,0,1,Cart
25,476.0,1252.0,554.0,1307.0,931,0,0,1,Cart
25,484.0,1252.0,561.0,1307.0,932,0,0,1,Cart
25,491.0,1252.0,569.0,1307.0,933,0,0,1,Cart
25,497.0,1252.0,574.0,1307.0,934,0,0,1,Cart
25,504.0,1252.0,581.0,1307.0,935,0,0,1,Cart
25,511.0,1252.0,589.0,1307.0,936,0,0,1,Cart
25,517.0,1252.0,594.0,1307.0,937,0,0,1,Cart
25,524.0,1252.0,602.0,1307.0,938,0,0,1,Cart
25,532.0,1252.0,609.0,1307.0,939,0,0,1,Cart
25,537.0,1252.0,615.0,1307.0,940,0,0,1,Cart
25,545.0,1256.0,622.0,1311.0,941,0,0,1,Cart
25,552.0,1256.0,629.0,1311.0,942,0,0,1,Cart
25,558.0,1256.0,635.0,1311.0,943,0,0,1,Cart
25,565.0,1256.0,642.0,1311.0,944,0,0,1,Cart
25,572.0,1256.0,650.0,1311.0,945,0,0,1,Cart
25,578.0,1256.0,655.0,1311.0,946,0,0,1,Cart
25,585.0,1256.0,663.0,1311.0,947,0,0,1,Cart
25,593.0,1256.0,670.0,1311.0,948,0,0,1,Cart
25,598.0,1256.0,675.0,1311.0,949,0,0,1,Cart
25,605.0,1256.0,683.0,1311.0,950,0,0,1,Cart
25,613.0,1256.0,690.0,1311.0,951,0,0,1,Cart
25,618.0,1256.0,696.0,1311.0,952,0,0,1,Cart
25,626.0,1256.0,703.0,1311.0,953,0,0,1,Cart
25,633.0,1256.0,710.0,1311.0,954,0,0,1,Cart
25,640.0,1256.0,718.0,1311.0,955,0,0,1,Cart
25,646.0,1256.0,723.0,1311.0,956,0,0,1,Cart
25,653.0,1256.0,731.0,1311.0,957,0,0,1,Cart
25,661.0,1256.0,738.0,1311.0,958,0,0,1,Cart
25,666.0,1256.0,744.0,1311.0,959,0,0,1,Cart
25,674.0,1256.0,751.0,1311.0,960,0,0,1,Cart
25,681.0,1256.0,758.0,1311.0,961,0,0,1,Cart
25,686.0,1256.0,764.0,1311.0,962,0,0,1,Cart
25,694.0,1256.0,771.0,1311.0,963,0,0,1,Cart
25,701.0,1256.0,779.0,1311.0,964,0,0,1,Cart
25,707.0,1256.0,784.0,1311.0,965,0,0,1,Cart
25,714.0,1256.0,791.0,1311.0,966,0,0,1,Cart
25,721.0,1256.0,799.0,1311.0,967,0,0,1,Cart
25,727.0,1256.0,804.0,1311.0,968,0,0,1,Cart
25,734.0,1256.0,812.0,1311.0,969,0,0,1,Cart
25,742.0,1256.0,819.0,1311.0,970,0,0,1,Cart
25,747.0,1256.0,825.0,1311.0,971,0,0,1,Cart
25,755.0,1256.0,832.0,1311.0,972,0,0,1,Cart
25,762.0,1256.0,839.0,1311.0,973,0,0,1,Cart
25,767.0,1256.0,845.0,1311.0,974,0,0,1,Cart
25,775.0,1256.0,852.0,1311.0,975,0,0,1,Cart
25,782.0,1256.0,860.0,1311.0,976,0,0,1,Cart
25,788.0,1256.0,865.0,1311.0,977,0,0,1,Cart
25,795.0,1256.0,872.0,1311.0,978,0,0,1,Cart
25,802.0,1256.0,880.0,1311.0,979,0,0,1,Cart
25,810.0,1261.0,887.0,1315.0,980,0,0,0,Cart
25,815.0,1261.0,893.0,1315.0,981,0,0,1,Cart
25,821.0,1261.0,898.0,1315.0,982,0,0,1,Cart
25,828.0,1261.0,906.0,1315.0,983,0,0,1,Cart
25,834.0,1261.0,911.0,1315.0,984,0,0,1,Cart
25,841.0,1261.0,918.0,1315.0,985,0,0,1,Cart
25,847.0,1261.0,924.0,1315.0,986,0,0,1,Cart
25,854.0,1261.0,931.0,1319.0,987,0,0,1,Cart
25,860.0,1265.0,937.0,1319.0,988,0,0,1,Cart
25,867.0,1265.0,944.0,1319.0,989,0,0,1,Cart
25,872.0,1265.0,950.0,1319.0,990,0,0,1,Cart
25,878.0,1265.0,955.0,1319.0,991,0,0,1,Cart
25,885.0,1265.0,963.0,1319.0,992,0,0,1,Cart
25,891.0,1265.0,968.0,1323.0,993,0,0,1,Cart
25,898.0,1265.0,976.0,1323.0,994,0,0,1,Cart
25,904.0,1269.0,981.0,1323.0,995,0,0,1,Cart
25,911.0,1269.0,988.0,1323.0,996,0,0,1,Cart
25,917.0,1269.0,994.0,1323.0,997,0,0,1,Cart
25,924.0,1269.0,1001.0,1323.0,998,0,0,1,Cart
25,930.0,1269.0,1007.0,1323.0,999,0,0,1,Cart
25,937.0,1269.0,1014.0,1328.0,1000,0,0,1,Cart
25,942.0,1269.0,1020.0,1328.0,1001,0,0,1,Cart
25,948.0,1273.0,1025.0,1328.0,1002,0,0,1,Cart
25,955.0,1273.0,1033.0,1328.0,1003,0,0,1,Cart
25,961.0,1273.0,1038.0,1328.0,1004,0,0,1,Cart
25,968.0,1273.0,1046.0,1328.0,1005,0,0,1,Cart
25,974.0,1273.0,1051.0,1332.0,1006,0,0,1,Cart
25,981.0,1273.0,1058.0,1332.0,1007,0,0,1,Cart
25,987.0,1273.0,1064.0,1332.0,1008,0,0,1,Cart
25,994.0,1273.0,1071.0,1332.0,1009,0,0,1,Cart
25,1000.0,1277.0,1077.0,1332.0,1010,0,0,1,Cart
25,1005.0,1277.0,1082.0,1332.0,1011,0,0,1,Cart
25,1012.0,1277.0,1090.0,1336.0,1012,0,0,1,Cart
25,1018.0,1277.0,1095.0,1336.0,1013,0,0,1,Cart
25,1025.0,1277.0,1103.0,1336.0,1014,0,0,1,Cart
25,1031.0,1277.0,1108.0,1336.0,1015,0,0,1,Cart
25,1038.0,1277.0,1116.0,1336.0,1016,0,0,1,Cart
25,1044.0,1282.0,1121.0,1336.0,1017,0,0,1,Cart
25,1051.0,1282.0,1128.0,1336.0,1018,0,0,1,Cart
25,1057.0,1282.0,1134.0,1340.0,1019,0,0,1,Cart
25,1064.0,1282.0,1141.0,1340.0,1020,0,0,1,Cart
25,1070.0,1282.0,1147.0,1340.0,1021,0,0,1,Cart
25,1075.0,1282.0,1152.0,1340.0,1022,0,0,1,Cart
25,1082.0,1282.0,1160.0,1340.0,1023,0,0,1,Cart
25,1088.0,1286.0,1165.0,1340.0,1024,0,0,1,Cart
25,1095.0,1286.0,1173.0,1344.0,1025,0,0,1,Cart
25,1101.0,1286.0,1178.0,1344.0,1026,0,0,1,Cart
25,1108.0,1286.0,1186.0,1344.0,1027,0,0,1,Cart
25,1114.0,1286.0,1191.0,1344.0,1028,0,0,1,Cart
25,1121.0,1286.0,1198.0,1344.0,1029,0,0,1,Cart
25,1127.0,1286.0,1204.0,1344.0,1030,0,0,1,Cart
25,1134.0,1290.0,1211.0,1349.0,1031,0,0,0,Cart
26,213.0,833.0,257.0,904.0,500,1,0,0,Pedestrian
26,213.0,833.0,257.0,904.0,501,1,0,1,Pedestrian
26,213.0,833.0,257.0,904.0,502,1,0,1,Pedestrian
26,213.0,833.0,257.0,904.0,503,1,0,1,Pedestrian
26,213.0,833.0,257.0,904.0,504,1,0,1,Pedestrian
26,213.0,833.0,257.0,904.0,505,1,0,1,Pedestrian
26,213.0,833.0,257.0,904.0,506,1,0,1,Pedestrian
26,213.0,833.0,257.0,904.0,507,1,0,1,Pedestrian
26,213.0,833.0,257.0,904.0,508,1,0,1,Pedestrian
26,213.0,833.0,257.0,904.0,509,1,0,1,Pedestrian
26,213.0,833.0,257.0,904.0,510,1,0,1,Pedestrian
26,213.0,833.0,257.0,904.0,511,1,0,1,Pedestrian
26,213.0,833.0,257.0,904.0,512,1,0,1,Pedestrian
26,213.0,833.0,257.0,904.0,513,1,0,1,Pedestrian
26,213.0,833.0,257.0,904.0,514,1,0,1,Pedestrian
26,213.0,833.0,257.0,904.0,515,1,0,1,Pedestrian
26,213.0,833.0,257.0,904.0,516,1,0,1,Pedestrian
26,213.0,833.0,257.0,904.0,517,1,0,1,Pedestrian
26,213.0,833.0,257.0,904.0,518,1,0,1,Pedestrian
26,213.0,833.0,257.0,904.0,519,1,0,1,Pedestrian
26,213.0,833.0,257.0,904.0,520,1,0,1,Pedestrian
26,213.0,833.0,257.0,904.0,521,1,0,1,Pedestrian
26,213.0,833.0,257.0,904.0,522,1,0,1,Pedestrian
26,213.0,833.0,257.0,904.0,523,1,0,1,Pedestrian
26,213.0,833.0,257.0,904.0,524,1,0,1,Pedestrian
26,213.0,833.0,257.0,904.0,525,1,0,1,Pedestrian
26,213.0,833.0,257.0,904.0,526,1,0,1,Pedestrian
26,213.0,833.0,257.0,904.0,527,1,0,1,Pedestrian
26,213.0,833.0,257.0,904.0,528,1,0,1,Pedestrian
26,213.0,833.0,257.0,904.0,529,1,0,1,Pedestrian
26,213.0,833.0,257.0,904.0,530,1,0,1,Pedestrian
26,213.0,833.0,257.0,904.0,531,1,0,1,Pedestrian
26,213.0,833.0,257.0,904.0,532,1,0,1,Pedestrian
26,213.0,833.0,257.0,904.0,533,1,0,1,Pedestrian
26,213.0,833.0,257.0,904.0,534,1,0,1,Pedestrian
26,213.0,833.0,257.0,904.0,535,1,0,1,Pedestrian
26,213.0,833.0,257.0,904.0,536,1,0,1,Pedestrian
26,213.0,833.0,257.0,904.0,537,1,0,1,Pedestrian
26,213.0,833.0,257.0,904.0,538,1,0,1,Pedestrian
26,213.0,833.0,257.0,904.0,539,1,0,1,Pedestrian
26,213.0,833.0,257.0,904.0,540,1,0,1,Pedestrian
26,213.0,833.0,257.0,904.0,541,1,0,1,Pedestrian
26,213.0,833.0,257.0,904.0,542,1,0,1,Pedestrian
26,213.0,833.0,257.0,904.0,543,1,0,1,Pedestrian
26,213.0,833.0,257.0,904.0,544,1,0,1,Pedestrian
26,213.0,833.0,257.0,904.0,545,1,0,1,Pedestrian
26,213.0,833.0,257.0,904.0,546,1,0,1,Pedestrian
26,213.0,833.0,257.0,904.0,547,1,0,1,Pedestrian
26,213.0,833.0,257.0,904.0,548,1,0,1,Pedestrian
26,213.0,833.0,257.0,904.0,549,1,0,1,Pedestrian
26,213.0,833.0,257.0,904.0,550,1,0,1,Pedestrian
26,213.0,833.0,257.0,904.0,551,1,0,1,Pedestrian
26,213.0,833.0,257.0,904.0,552,1,0,1,Pedestrian
26,213.0,833.0,257.0,904.0,553,1,0,1,Pedestrian
26,213.0,833.0,257.0,904.0,554,1,0,1,Pedestrian
26,213.0,833.0,257.0,904.0,555,1,0,1,Pedestrian
26,213.0,833.0,257.0,904.0,556,1,0,1,Pedestrian
26,213.0,833.0,257.0,904.0,557,1,0,1,Pedestrian
26,213.0,833.0,257.0,904.0,558,1,0,1,Pedestrian
26,213.0,833.0,257.0,904.0,559,1,0,1,Pedestrian
26,213.0,833.0,257.0,904.0,560,1,0,1,Pedestrian
26,213.0,833.0,257.0,904.0,561,1,0,1,Pedestrian
26,213.0,833.0,257.0,904.0,562,1,0,1,Pedestrian
26,213.0,833.0,257.0,904.0,563,1,0,1,Pedestrian
26,213.0,833.0,257.0,904.0,564,1,0,1,Pedestrian
26,213.0,833.0,257.0,904.0,565,1,0,1,Pedestrian
26,213.0,833.0,257.0,904.0,566,1,0,1,Pedestrian
26,213.0,833.0,257.0,904.0,567,1,0,1,Pedestrian
26,213.0,833.0,257.0,904.0,568,1,0,1,Pedestrian
26,213.0,833.0,257.0,904.0,569,1,0,1,Pedestrian
26,213.0,833.0,257.0,904.0,570,1,0,1,Pedestrian
26,213.0,833.0,257.0,904.0,571,1,0,1,Pedestrian
26,213.0,833.0,257.0,904.0,572,1,0,1,Pedestrian
26,213.0,833.0,257.0,904.0,573,1,0,1,Pedestrian
26,213.0,833.0,257.0,904.0,574,1,0,1,Pedestrian
26,213.0,833.0,257.0,904.0,575,1,0,1,Pedestrian
26,213.0,833.0,257.0,904.0,576,1,0,1,Pedestrian
26,213.0,833.0,257.0,904.0,577,1,0,1,Pedestrian
26,213.0,833.0,257.0,904.0,578,1,0,1,Pedestrian
26,213.0,833.0,257.0,904.0,579,1,0,1,Pedestrian
26,213.0,833.0,257.0,904.0,580,1,0,1,Pedestrian
26,213.0,833.0,257.0,904.0,581,1,0,1,Pedestrian
26,213.0,833.0,257.0,904.0,582,1,0,1,Pedestrian
26,213.0,833.0,257.0,904.0,583,1,0,1,Pedestrian
26,213.0,833.0,257.0,904.0,584,1,0,1,Pedestrian
26,213.0,833.0,257.0,904.0,585,1,0,1,Pedestrian
26,213.0,833.0,257.0,904.0,586,1,0,1,Pedestrian
26,213.0,833.0,257.0,904.0,587,1,0,1,Pedestrian
26,213.0,833.0,257.0,904.0,588,1,0,1,Pedestrian
26,213.0,833.0,257.0,904.0,589,1,0,1,Pedestrian
26,213.0,833.0,257.0,904.0,590,1,0,1,Pedestrian
26,213.0,833.0,257.0,904.0,591,1,0,1,Pedestrian
26,213.0,833.0,257.0,904.0,592,1,0,1,Pedestrian
26,213.0,833.0,257.0,904.0,593,1,0,1,Pedestrian
26,213.0,833.0,257.0,904.0,594,1,0,1,Pedestrian
26,213.0,833.0,257.0,904.0,595,1,0,1,Pedestrian
26,213.0,833.0,257.0,904.0,596,1,0,1,Pedestrian
26,213.0,833.0,257.0,904.0,597,1,0,1,Pedestrian
26,213.0,833.0,257.0,904.0,598,1,0,1,Pedestrian
26,213.0,833.0,257.0,904.0,599,1,0,1,Pedestrian
26,213.0,833.0,257.0,904.0,600,1,0,1,Pedestrian
26,213.0,833.0,257.0,904.0,601,1,0,1,Pedestrian
26,213.0,833.0,257.0,904.0,602,1,0,1,Pedestrian
26,213.0,833.0,257.0,904.0,603,1,0,1,Pedestrian
26,213.0,833.0,257.0,904.0,604,1,0,1,Pedestrian
26,213.0,833.0,257.0,904.0,605,1,0,1,Pedestrian
26,213.0,833.0,257.0,904.0,606,1,0,1,Pedestrian
26,213.0,833.0,257.0,904.0,607,1,0,1,Pedestrian
26,213.0,833.0,257.0,904.0,608,1,0,1,Pedestrian
26,213.0,833.0,257.0,904.0,609,1,0,1,Pedestrian
26,213.0,833.0,257.0,904.0,610,1,0,1,Pedestrian
26,213.0,833.0,257.0,904.0,611,1,0,1,Pedestrian
26,213.0,833.0,257.0,904.0,612,1,0,1,Pedestrian
26,213.0,833.0,257.0,904.0,613,1,0,1,Pedestrian
26,213.0,833.0,257.0,904.0,614,1,0,1,Pedestrian
26,213.0,833.0,257.0,904.0,615,1,0,1,Pedestrian
26,213.0,833.0,257.0,904.0,616,1,0,1,Pedestrian
26,213.0,833.0,257.0,904.0,617,1,0,1,Pedestrian
26,213.0,833.0,257.0,904.0,618,1,0,1,Pedestrian
26,213.0,833.0,257.0,904.0,619,1,0,1,Pedestrian
26,213.0,833.0,257.0,904.0,620,1,0,1,Pedestrian
26,213.0,833.0,257.0,904.0,621,1,0,1,Pedestrian
26,213.0,833.0,257.0,904.0,622,1,0,1,Pedestrian
26,213.0,833.0,257.0,904.0,623,1,0,1,Pedestrian
26,213.0,833.0,257.0,904.0,624,1,0,1,Pedestrian
26,213.0,833.0,257.0,904.0,625,1,0,1,Pedestrian
26,213.0,833.0,257.0,904.0,626,1,0,1,Pedestrian
26,213.0,833.0,257.0,904.0,627,1,0,1,Pedestrian
26,213.0,833.0,257.0,904.0,628,1,0,1,Pedestrian
26,213.0,833.0,257.0,904.0,629,1,0,1,Pedestrian
26,213.0,833.0,257.0,904.0,630,1,0,1,Pedestrian
26,213.0,833.0,257.0,904.0,631,1,0,1,Pedestrian
26,213.0,833.0,257.0,904.0,632,1,0,1,Pedestrian
26,213.0,833.0,257.0,904.0,633,1,0,1,Pedestrian
26,213.0,833.0,257.0,904.0,634,1,0,1,Pedestrian
26,213.0,833.0,257.0,904.0,635,1,0,1,Pedestrian
26,213.0,833.0,257.0,904.0,636,1,0,1,Pedestrian
26,213.0,833.0,257.0,904.0,637,1,0,1,Pedestrian
26,213.0,833.0,257.0,904.0,638,1,0,1,Pedestrian
26,213.0,833.0,257.0,904.0,639,1,0,1,Pedestrian
26,213.0,833.0,257.0,904.0,640,1,0,1,Pedestrian
26,213.0,833.0,257.0,904.0,641,1,0,1,Pedestrian
26,213.0,833.0,257.0,904.0,642,1,0,1,Pedestrian
26,213.0,833.0,257.0,904.0,643,1,0,1,Pedestrian
26,213.0,833.0,257.0,904.0,644,1,0,1,Pedestrian
26,213.0,833.0,257.0,904.0,645,1,0,1,Pedestrian
26,213.0,833.0,257.0,904.0,646,1,0,1,Pedestrian
26,213.0,833.0,257.0,904.0,647,1,0,1,Pedestrian
26,213.0,833.0,257.0,904.0,648,1,0,1,Pedestrian
26,213.0,833.0,257.0,904.0,649,1,0,1,Pedestrian
26,213.0,833.0,257.0,904.0,650,1,0,1,Pedestrian
26,213.0,833.0,257.0,904.0,651,1,0,1,Pedestrian
26,213.0,833.0,257.0,904.0,652,1,0,1,Pedestrian
26,213.0,833.0,257.0,904.0,653,1,0,1,Pedestrian
26,213.0,833.0,257.0,904.0,654,1,0,1,Pedestrian
26,213.0,833.0,257.0,904.0,655,1,0,1,Pedestrian
26,213.0,833.0,257.0,904.0,656,1,0,1,Pedestrian
26,213.0,833.0,257.0,904.0,657,1,0,1,Pedestrian
26,213.0,833.0,257.0,904.0,658,1,0,1,Pedestrian
26,213.0,833.0,257.0,904.0,659,1,0,1,Pedestrian
26,213.0,833.0,257.0,904.0,660,1,0,1,Pedestrian
26,213.0,833.0,257.0,904.0,661,1,0,1,Pedestrian
26,213.0,833.0,257.0,904.0,662,1,0,1,Pedestrian
26,213.0,833.0,257.0,904.0,663,1,0,1,Pedestrian
26,213.0,833.0,257.0,904.0,664,1,0,1,Pedestrian
26,213.0,833.0,257.0,904.0,665,1,0,1,Pedestrian
26,213.0,833.0,257.0,904.0,666,1,0,1,Pedestrian
26,213.0,833.0,257.0,904.0,667,1,0,1,Pedestrian
26,213.0,833.0,257.0,904.0,668,1,0,1,Pedestrian
26,213.0,833.0,257.0,904.0,669,1,0,1,Pedestrian
26,213.0,833.0,257.0,904.0,670,1,0,1,Pedestrian
26,213.0,833.0,257.0,904.0,671,1,0,1,Pedestrian
26,213.0,833.0,257.0,904.0,672,1,0,1,Pedestrian
26,213.0,833.0,257.0,904.0,673,1,0,1,Pedestrian
26,213.0,833.0,257.0,904.0,674,1,0,1,Pedestrian
26,213.0,833.0,257.0,904.0,675,1,0,1,Pedestrian
26,213.0,833.0,257.0,904.0,676,1,0,1,Pedestrian
26,213.0,833.0,257.0,904.0,677,1,0,1,Pedestrian
26,213.0,833.0,257.0,904.0,678,1,0,1,Pedestrian
26,213.0,833.0,257.0,904.0,679,1,0,1,Pedestrian
26,213.0,833.0,257.0,904.0,680,1,0,1,Pedestrian
26,213.0,833.0,257.0,904.0,681,1,0,1,Pedestrian
26,213.0,833.0,257.0,904.0,682,1,0,1,Pedestrian
26,213.0,833.0,257.0,904.0,683,1,0,1,Pedestrian
26,213.0,833.0,257.0,904.0,684,1,0,1,Pedestrian
26,213.0,833.0,257.0,904.0,685,1,0,1,Pedestrian
26,213.0,833.0,257.0,904.0,686,1,0,1,Pedestrian
26,213.0,833.0,257.0,904.0,687,1,0,1,Pedestrian
26,213.0,833.0,257.0,904.0,688,1,0,1,Pedestrian
26,213.0,833.0,257.0,904.0,689,1,0,1,Pedestrian
26,213.0,833.0,257.0,904.0,690,1,0,1,Pedestrian
26,213.0,833.0,257.0,904.0,691,1,0,1,Pedestrian
26,213.0,833.0,257.0,904.0,692,1,0,1,Pedestrian
26,213.0,833.0,257.0,904.0,693,1,0,1,Pedestrian
26,213.0,833.0,257.0,904.0,694,1,0,1,Pedestrian
26,213.0,833.0,257.0,904.0,695,1,0,1,Pedestrian
26,213.0,833.0,257.0,904.0,696,1,0,1,Pedestrian
26,213.0,833.0,257.0,904.0,697,1,0,1,Pedestrian
26,213.0,833.0,257.0,904.0,698,1,0,1,Pedestrian
26,213.0,833.0,257.0,904.0,699,1,0,1,Pedestrian
26,213.0,833.0,257.0,904.0,700,1,0,1,Pedestrian
26,213.0,833.0,257.0,904.0,701,1,0,1,Pedestrian
26,213.0,833.0,257.0,904.0,702,1,0,1,Pedestrian
26,213.0,833.0,257.0,904.0,703,1,0,1,Pedestrian
26,213.0,833.0,257.0,904.0,704,1,0,1,Pedestrian
26,213.0,833.0,257.0,904.0,705,1,0,1,Pedestrian
26,213.0,833.0,257.0,904.0,706,1,0,1,Pedestrian
26,213.0,833.0,257.0,904.0,707,1,0,1,Pedestrian
26,213.0,833.0,257.0,904.0,708,1,0,1,Pedestrian
26,213.0,833.0,257.0,904.0,709,1,0,1,Pedestrian
26,213.0,833.0,257.0,904.0,710,1,0,1,Pedestrian
26,213.0,833.0,257.0,904.0,711,1,0,1,Pedestrian
26,213.0,833.0,257.0,904.0,712,1,0,1,Pedestrian
26,213.0,833.0,257.0,904.0,713,1,0,1,Pedestrian
26,213.0,833.0,257.0,904.0,714,1,0,1,Pedestrian
26,213.0,833.0,257.0,904.0,715,1,0,1,Pedestrian
26,213.0,833.0,257.0,904.0,716,1,0,1,Pedestrian
26,213.0,833.0,257.0,904.0,717,1,0,1,Pedestrian
26,213.0,833.0,257.0,904.0,718,1,0,1,Pedestrian
26,213.0,833.0,257.0,904.0,719,1,0,1,Pedestrian
26,213.0,833.0,257.0,904.0,720,1,0,1,Pedestrian
26,213.0,833.0,257.0,904.0,721,1,0,1,Pedestrian
26,213.0,833.0,257.0,904.0,722,1,0,1,Pedestrian
26,213.0,833.0,257.0,904.0,723,1,0,1,Pedestrian
26,213.0,833.0,257.0,904.0,724,1,0,1,Pedestrian
26,213.0,833.0,257.0,904.0,725,1,0,1,Pedestrian
26,213.0,833.0,257.0,904.0,726,1,0,1,Pedestrian
26,213.0,833.0,257.0,904.0,727,1,0,1,Pedestrian
26,213.0,833.0,257.0,904.0,728,1,0,1,Pedestrian
26,213.0,833.0,257.0,904.0,729,1,0,1,Pedestrian
26,213.0,833.0,257.0,904.0,730,1,0,1,Pedestrian
26,213.0,833.0,257.0,904.0,731,1,0,1,Pedestrian
26,213.0,833.0,257.0,904.0,732,1,0,1,Pedestrian
26,213.0,833.0,257.0,904.0,733,1,0,1,Pedestrian
26,213.0,833.0,257.0,904.0,734,1,0,1,Pedestrian
26,213.0,833.0,257.0,904.0,735,1,0,1,Pedestrian
26,213.0,833.0,257.0,904.0,736,1,0,1,Pedestrian
26,213.0,833.0,257.0,904.0,737,1,0,1,Pedestrian
26,213.0,833.0,257.0,904.0,738,1,0,1,Pedestrian
26,213.0,833.0,257.0,904.0,739,1,0,1,Pedestrian
26,213.0,833.0,257.0,904.0,740,1,0,1,Pedestrian
26,213.0,833.0,257.0,904.0,741,1,0,1,Pedestrian
26,213.0,833.0,257.0,904.0,742,1,0,1,Pedestrian
26,213.0,833.0,257.0,904.0,743,1,0,1,Pedestrian
26,213.0,833.0,257.0,904.0,744,1,0,1,Pedestrian
26,213.0,833.0,257.0,904.0,745,1,0,1,Pedestrian
26,213.0,833.0,257.0,904.0,746,1,0,1,Pedestrian
26,213.0,833.0,257.0,904.0,747,1,0,1,Pedestrian
26,213.0,833.0,257.0,904.0,748,1,0,1,Pedestrian
26,213.0,833.0,257.0,904.0,749,1,0,1,Pedestrian
26,213.0,833.0,257.0,904.0,750,1,0,1,Pedestrian
26,213.0,833.0,257.0,904.0,751,1,0,1,Pedestrian
26,213.0,833.0,257.0,904.0,752,1,0,1,Pedestrian
26,213.0,833.0,257.0,904.0,753,1,0,1,Pedestrian
26,213.0,833.0,257.0,904.0,754,1,0,1,Pedestrian
26,213.0,833.0,257.0,904.0,755,1,0,1,Pedestrian
26,213.0,833.0,257.0,904.0,756,1,0,1,Pedestrian
26,213.0,833.0,257.0,904.0,757,1,0,1,Pedestrian
26,213.0,833.0,257.0,904.0,758,1,0,1,Pedestrian
26,213.0,833.0,257.0,904.0,759,1,0,1,Pedestrian
26,213.0,833.0,257.0,904.0,760,1,0,1,Pedestrian
26,213.0,833.0,257.0,904.0,761,1,0,1,Pedestrian
26,213.0,833.0,257.0,904.0,762,1,0,1,Pedestrian
26,213.0,833.0,257.0,904.0,763,1,0,1,Pedestrian
26,213.0,833.0,257.0,904.0,764,1,0,1,Pedestrian
26,213.0,833.0,257.0,904.0,765,1,0,1,Pedestrian
26,213.0,833.0,257.0,904.0,766,1,0,1,Pedestrian
26,213.0,833.0,257.0,904.0,767,1,0,1,Pedestrian
26,213.0,833.0,257.0,904.0,768,1,0,1,Pedestrian
26,213.0,833.0,257.0,904.0,769,1,0,1,Pedestrian
26,213.0,833.0,257.0,904.0,770,1,0,1,Pedestrian
26,213.0,833.0,257.0,904.0,771,1,0,1,Pedestrian
26,213.0,833.0,257.0,904.0,772,1,0,1,Pedestrian
26,213.0,833.0,257.0,904.0,773,1,0,1,Pedestrian
26,213.0,833.0,257.0,904.0,774,1,0,1,Pedestrian
26,213.0,833.0,257.0,904.0,775,1,0,1,Pedestrian
26,213.0,833.0,257.0,904.0,776,1,0,1,Pedestrian
26,213.0,833.0,257.0,904.0,777,1,0,1,Pedestrian
26,213.0,833.0,257.0,904.0,778,1,0,1,Pedestrian
26,213.0,833.0,257.0,904.0,779,1,0,1,Pedestrian
26,213.0,833.0,257.0,904.0,780,1,0,1,Pedestrian
26,213.0,833.0,257.0,904.0,781,1,0,1,Pedestrian
26,213.0,833.0,257.0,904.0,782,1,0,1,Pedestrian
26,213.0,833.0,257.0,904.0,783,1,0,1,Pedestrian
26,213.0,833.0,257.0,904.0,784,1,0,1,Pedestrian
26,213.0,833.0,257.0,904.0,785,1,0,1,Pedestrian
26,213.0,833.0,257.0,904.0,786,1,0,1,Pedestrian
26,213.0,833.0,257.0,904.0,787,1,0,1,Pedestrian
26,213.0,833.0,257.0,904.0,788,1,0,1,Pedestrian
26,213.0,833.0,257.0,904.0,789,1,0,1,Pedestrian
26,213.0,833.0,257.0,904.0,790,1,0,1,Pedestrian
26,213.0,833.0,257.0,904.0,791,1,0,1,Pedestrian
26,213.0,833.0,257.0,904.0,792,1,0,1,Pedestrian
26,213.0,833.0,257.0,904.0,793,1,0,1,Pedestrian
26,213.0,833.0,257.0,904.0,794,1,0,1,Pedestrian
26,213.0,833.0,257.0,904.0,795,1,0,1,Pedestrian
26,213.0,833.0,257.0,904.0,796,1,0,1,Pedestrian
26,213.0,833.0,257.0,904.0,797,1,0,1,Pedestrian
26,213.0,833.0,257.0,904.0,798,1,0,1,Pedestrian
26,213.0,833.0,257.0,904.0,799,1,0,1,Pedestrian
26,213.0,833.0,257.0,904.0,800,1,0,1,Pedestrian
26,213.0,833.0,257.0,904.0,801,1,0,1,Pedestrian
26,213.0,833.0,257.0,904.0,802,1,0,1,Pedestrian
26,213.0,833.0,257.0,904.0,803,1,0,1,Pedestrian
26,213.0,833.0,257.0,904.0,804,1,0,1,Pedestrian
26,213.0,833.0,257.0,904.0,805,1,0,1,Pedestrian
26,213.0,833.0,257.0,904.0,806,1,0,1,Pedestrian
26,213.0,833.0,257.0,904.0,807,1,0,1,Pedestrian
26,213.0,833.0,257.0,904.0,808,1,0,1,Pedestrian
26,213.0,833.0,257.0,904.0,809,1,0,1,Pedestrian
26,213.0,833.0,257.0,904.0,810,1,0,1,Pedestrian
26,213.0,833.0,257.0,904.0,811,1,0,1,Pedestrian
26,213.0,833.0,257.0,904.0,812,1,0,1,Pedestrian
26,213.0,833.0,257.0,904.0,813,1,0,1,Pedestrian
26,213.0,833.0,257.0,904.0,814,1,0,1,Pedestrian
26,213.0,833.0,257.0,904.0,815,1,0,1,Pedestrian
26,213.0,833.0,257.0,904.0,816,1,0,1,Pedestrian
26,213.0,833.0,257.0,904.0,817,1,0,1,Pedestrian
26,213.0,833.0,257.0,904.0,818,1,0,1,Pedestrian
26,213.0,833.0,257.0,904.0,819,1,0,1,Pedestrian
26,213.0,833.0,257.0,904.0,820,1,0,1,Pedestrian
26,213.0,833.0,257.0,904.0,821,1,0,1,Pedestrian
26,213.0,833.0,257.0,904.0,822,1,0,1,Pedestrian
26,213.0,833.0,257.0,904.0,823,1,0,1,Pedestrian
26,213.0,833.0,257.0,904.0,824,1,0,1,Pedestrian
26,213.0,833.0,257.0,904.0,825,1,0,1,Pedestrian
26,213.0,833.0,257.0,904.0,826,1,0,1,Pedestrian
26,213.0,833.0,257.0,904.0,827,1,0,1,Pedestrian
26,213.0,833.0,257.0,904.0,828,1,0,1,Pedestrian
26,213.0,833.0,257.0,904.0,829,1,0,1,Pedestrian
26,213.0,833.0,257.0,904.0,830,1,0,1,Pedestrian
26,213.0,833.0,257.0,904.0,831,1,0,1,Pedestrian
26,213.0,833.0,257.0,904.0,832,1,0,1,Pedestrian
26,213.0,833.0,257.0,904.0,833,1,0,1,Pedestrian
26,213.0,833.0,257.0,904.0,834,1,0,1,Pedestrian
26,213.0,833.0,257.0,904.0,835,1,0,1,Pedestrian
26,213.0,833.0,257.0,904.0,836,1,0,1,Pedestrian
26,213.0,833.0,257.0,904.0,837,1,0,1,Pedestrian
26,213.0,833.0,257.0,904.0,838,1,0,1,Pedestrian
26,213.0,833.0,257.0,904.0,839,1,0,1,Pedestrian
26,213.0,833.0,257.0,904.0,840,1,0,1,Pedestrian
26,213.0,833.0,257.0,904.0,841,1,0,1,Pedestrian
26,213.0,833.0,257.0,904.0,842,1,0,1,Pedestrian
26,213.0,833.0,257.0,904.0,843,1,0,1,Pedestrian
26,213.0,833.0,257.0,904.0,844,1,0,1,Pedestrian
26,213.0,833.0,257.0,904.0,845,1,0,1,Pedestrian
26,213.0,833.0,257.0,904.0,846,1,0,1,Pedestrian
26,213.0,833.0,257.0,904.0,847,1,0,1,Pedestrian
26,213.0,833.0,257.0,904.0,848,1,0,1,Pedestrian
26,213.0,833.0,257.0,904.0,849,1,0,1,Pedestrian
26,213.0,833.0,257.0,904.0,850,1,0,1,Pedestrian
26,213.0,833.0,257.0,904.0,851,1,0,1,Pedestrian
26,213.0,833.0,257.0,904.0,852,1,0,1,Pedestrian
26,213.0,833.0,257.0,904.0,853,1,0,1,Pedestrian
26,213.0,833.0,257.0,904.0,854,1,0,1,Pedestrian
26,213.0,833.0,257.0,904.0,855,1,0,1,Pedestrian
26,213.0,833.0,257.0,904.0,856,1,0,1,Pedestrian
26,213.0,833.0,257.0,904.0,857,1,0,1,Pedestrian
26,213.0,833.0,257.0,904.0,858,1,0,1,Pedestrian
26,213.0,833.0,257.0,904.0,859,1,0,1,Pedestrian
26,213.0,833.0,257.0,904.0,860,1,0,1,Pedestrian
26,213.0,833.0,257.0,904.0,861,1,0,1,Pedestrian
26,213.0,833.0,257.0,904.0,862,1,0,1,Pedestrian
26,213.0,833.0,257.0,904.0,863,1,0,1,Pedestrian
26,213.0,833.0,257.0,904.0,864,1,0,1,Pedestrian
26,213.0,833.0,257.0,904.0,865,1,0,1,Pedestrian
26,213.0,833.0,257.0,904.0,866,1,0,1,Pedestrian
26,213.0,833.0,257.0,904.0,867,1,0,1,Pedestrian
26,213.0,833.0,257.0,904.0,868,1,0,1,Pedestrian
26,213.0,833.0,257.0,904.0,869,1,0,1,Pedestrian
26,213.0,833.0,257.0,904.0,870,1,0,1,Pedestrian
26,213.0,833.0,257.0,904.0,871,1,0,1,Pedestrian
26,213.0,833.0,257.0,904.0,872,1,0,1,Pedestrian
26,213.0,833.0,257.0,904.0,873,1,0,1,Pedestrian
26,213.0,833.0,257.0,904.0,874,1,0,1,Pedestrian
26,213.0,833.0,257.0,904.0,875,1,0,1,Pedestrian
26,213.0,833.0,257.0,904.0,876,1,0,1,Pedestrian
26,213.0,833.0,257.0,904.0,877,1,0,1,Pedestrian
26,213.0,833.0,257.0,904.0,878,1,0,1,Pedestrian
26,213.0,833.0,257.0,904.0,879,1,0,1,Pedestrian
26,213.0,833.0,257.0,904.0,880,1,0,1,Pedestrian
26,213.0,833.0,257.0,904.0,881,1,0,1,Pedestrian
26,213.0,833.0,257.0,904.0,882,1,0,1,Pedestrian
26,213.0,833.0,257.0,904.0,883,1,0,1,Pedestrian
26,213.0,833.0,257.0,904.0,884,1,0,1,Pedestrian
26,213.0,833.0,257.0,904.0,885,1,0,1,Pedestrian
26,213.0,833.0,257.0,904.0,886,1,0,1,Pedestrian
26,213.0,833.0,257.0,904.0,887,1,0,1,Pedestrian
26,213.0,833.0,257.0,904.0,888,1,0,1,Pedestrian
26,213.0,833.0,257.0,904.0,889,1,0,1,Pedestrian
26,213.0,833.0,257.0,904.0,890,1,0,1,Pedestrian
26,213.0,833.0,257.0,904.0,891,1,0,1,Pedestrian
26,213.0,833.0,257.0,904.0,892,1,0,1,Pedestrian
26,213.0,833.0,257.0,904.0,893,1,0,1,Pedestrian
26,213.0,833.0,257.0,904.0,894,1,0,1,Pedestrian
26,213.0,833.0,257.0,904.0,895,1,0,1,Pedestrian
26,213.0,833.0,257.0,904.0,896,1,0,1,Pedestrian
26,213.0,833.0,257.0,904.0,897,1,0,1,Pedestrian
26,213.0,833.0,257.0,904.0,898,1,0,1,Pedestrian
26,213.0,833.0,257.0,904.0,899,1,0,1,Pedestrian
26,213.0,833.0,257.0,904.0,900,1,0,1,Pedestrian
26,213.0,833.0,257.0,904.0,901,1,0,1,Pedestrian
26,213.0,833.0,257.0,904.0,902,0,0,0,Pedestrian
26,211.0,833.0,255.0,904.0,903,0,0,1,Pedestrian
26,211.0,833.0,255.0,904.0,904,0,0,1,Pedestrian
26,211.0,833.0,255.0,904.0,905,0,0,1,Pedestrian
26,211.0,833.0,255.0,904.0,906,0,0,1,Pedestrian
26,211.0,833.0,255.0,904.0,907,0,0,1,Pedestrian
26,211.0,833.0,255.0,904.0,908,0,0,1,Pedestrian
26,211.0,833.0,255.0,904.0,909,0,0,1,Pedestrian
26,211.0,833.0,255.0,904.0,910,0,0,1,Pedestrian
26,211.0,833.0,255.0,904.0,911,0,0,1,Pedestrian
26,211.0,833.0,255.0,904.0,912,0,0,1,Pedestrian
26,209.0,833.0,254.0,904.0,913,0,0,1,Pedestrian
26,209.0,833.0,254.0,904.0,914,0,0,1,Pedestrian
26,209.0,833.0,254.0,904.0,915,0,0,1,Pedestrian
26,209.0,833.0,254.0,904.0,916,0,0,1,Pedestrian
26,209.0,833.0,254.0,904.0,917,0,0,1,Pedestrian
26,209.0,833.0,254.0,904.0,918,0,0,1,Pedestrian
26,209.0,833.0,254.0,904.0,919,0,0,1,Pedestrian
26,209.0,833.0,254.0,904.0,920,0,0,1,Pedestrian
26,209.0,833.0,254.0,904.0,921,0,0,1,Pedestrian
26,209.0,833.0,254.0,904.0,922,0,0,1,Pedestrian
26,209.0,833.0,254.0,904.0,923,0,0,1,Pedestrian
26,208.0,833.0,252.0,904.0,924,0,0,1,Pedestrian
26,208.0,833.0,252.0,904.0,925,0,0,1,Pedestrian
26,208.0,833.0,252.0,904.0,926,0,0,1,Pedestrian
26,208.0,833.0,252.0,904.0,927,0,0,1,Pedestrian
26,208.0,833.0,252.0,904.0,928,0,0,1,Pedestrian
26,208.0,833.0,252.0,904.0,929,0,0,1,Pedestrian
26,208.0,833.0,252.0,904.0,930,0,0,1,Pedestrian
26,208.0,833.0,252.0,904.0,931,0,0,1,Pedestrian
26,208.0,833.0,252.0,904.0,932,0,0,1,Pedestrian
26,208.0,833.0,252.0,904.0,933,0,0,1,Pedestrian
26,208.0,833.0,252.0,904.0,934,0,0,1,Pedestrian
26,206.0,833.0,250.0,904.0,935,0,0,1,Pedestrian
26,206.0,833.0,250.0,904.0,936,0,0,1,Pedestrian
26,206.0,833.0,250.0,904.0,937,0,0,1,Pedestrian
26,206.0,833.0,250.0,904.0,938,0,0,1,Pedestrian
26,206.0,833.0,250.0,904.0,939,0,0,1,Pedestrian
26,206.0,833.0,250.0,904.0,940,0,0,1,Pedestrian
26,206.0,833.0,250.0,904.0,941,0,0,1,Pedestrian
26,206.0,833.0,250.0,904.0,942,0,0,1,Pedestrian
26,206.0,833.0,250.0,904.0,943,0,0,1,Pedestrian
26,206.0,833.0,250.0,904.0,944,0,0,1,Pedestrian
26,206.0,833.0,250.0,904.0,945,0,0,1,Pedestrian
26,204.0,833.0,248.0,904.0,946,0,0,1,Pedestrian
26,204.0,833.0,248.0,904.0,947,0,0,1,Pedestrian
26,204.0,833.0,248.0,904.0,948,0,0,1,Pedestrian
26,204.0,833.0,248.0,904.0,949,0,0,1,Pedestrian
26,204.0,833.0,248.0,904.0,950,0,0,1,Pedestrian
26,204.0,833.0,248.0,904.0,951,0,0,1,Pedestrian
26,204.0,833.0,248.0,904.0,952,0,0,1,Pedestrian
26,204.0,833.0,248.0,904.0,953,0,0,1,Pedestrian
26,204.0,833.0,248.0,904.0,954,0,0,1,Pedestrian
26,204.0,833.0,248.0,904.0,955,0,0,1,Pedestrian
26,202.0,833.0,246.0,904.0,956,0,0,1,Pedestrian
26,202.0,833.0,246.0,904.0,957,0,0,1,Pedestrian
26,202.0,833.0,246.0,904.0,958,0,0,1,Pedestrian
26,202.0,833.0,246.0,904.0,959,0,0,1,Pedestrian
26,202.0,833.0,246.0,904.0,960,0,0,1,Pedestrian
26,202.0,833.0,246.0,904.0,961,0,0,1,Pedestrian
26,202.0,833.0,246.0,904.0,962,0,0,1,Pedestrian
26,202.0,833.0,246.0,904.0,963,0,0,1,Pedestrian
26,202.0,833.0,246.0,904.0,964,0,0,1,Pedestrian
26,202.0,833.0,246.0,904.0,965,0,0,1,Pedestrian
26,202.0,833.0,246.0,904.0,966,0,0,1,Pedestrian
26,200.0,833.0,244.0,909.0,967,0,0,1,Pedestrian
26,200.0,833.0,244.0,909.0,968,0,0,1,Pedestrian
26,200.0,833.0,244.0,909.0,969,0,0,1,Pedestrian
26,200.0,833.0,244.0,909.0,970,0,0,1,Pedestrian
26,200.0,833.0,244.0,909.0,971,0,0,1,Pedestrian
26,200.0,833.0,244.0,909.0,972,0,0,1,Pedestrian
26,200.0,833.0,244.0,909.0,973,0,0,1,Pedestrian
26,200.0,833.0,244.0,909.0,974,0,0,1,Pedestrian
26,200.0,833.0,244.0,909.0,975,0,0,1,Pedestrian
26,200.0,833.0,244.0,909.0,976,0,0,1,Pedestrian
26,200.0,833.0,244.0,909.0,977,0,0,1,Pedestrian
26,198.0,833.0,243.0,909.0,978,0,0,1,Pedestrian
26,198.0,833.0,243.0,909.0,979,0,0,1,Pedestrian
26,198.0,833.0,243.0,909.0,980,0,0,1,Pedestrian
26,198.0,833.0,243.0,909.0,981,0,0,1,Pedestrian
26,198.0,833.0,243.0,909.0,982,0,0,1,Pedestrian
26,198.0,833.0,243.0,909.0,983,0,0,1,Pedestrian
26,198.0,833.0,243.0,909.0,984,0,0,1,Pedestrian
26,198.0,833.0,243.0,909.0,985,0,0,1,Pedestrian
26,198.0,833.0,243.0,909.0,986,0,0,1,Pedestrian
26,198.0,833.0,243.0,909.0,987,0,0,1,Pedestrian
26,198.0,833.0,243.0,909.0,988,0,0,1,Pedestrian
26,197.0,833.0,241.0,909.0,989,0,0,1,Pedestrian
26,197.0,833.0,241.0,909.0,990,0,0,1,Pedestrian
26,197.0,833.0,241.0,909.0,991,0,0,1,Pedestrian
26,197.0,833.0,241.0,909.0,992,0,0,1,Pedestrian
26,197.0,833.0,241.0,909.0,993,0,0,1,Pedestrian
26,197.0,833.0,241.0,909.0,994,0,0,1,Pedestrian
26,197.0,833.0,241.0,909.0,995,0,0,1,Pedestrian
26,197.0,833.0,241.0,909.0,996,0,0,1,Pedestrian
26,197.0,833.0,241.0,909.0,997,0,0,1,Pedestrian
26,197.0,833.0,241.0,909.0,998,0,0,1,Pedestrian
26,195.0,833.0,239.0,909.0,999,0,0,1,Pedestrian
26,195.0,833.0,239.0,909.0,1000,0,0,1,Pedestrian
26,195.0,833.0,239.0,909.0,1001,0,0,1,Pedestrian
26,195.0,833.0,239.0,909.0,1002,0,0,1,Pedestrian
26,195.0,833.0,239.0,909.0,1003,0,0,1,Pedestrian
26,195.0,833.0,239.0,909.0,1004,0,0,1,Pedestrian
26,195.0,833.0,239.0,909.0,1005,0,0,1,Pedestrian
26,195.0,833.0,239.0,909.0,1006,0,0,1,Pedestrian
26,195.0,833.0,239.0,909.0,1007,0,0,1,Pedestrian
26,195.0,833.0,239.0,909.0,1008,0,0,1,Pedestrian
26,195.0,833.0,239.0,909.0,1009,0,0,1,Pedestrian
26,193.0,833.0,237.0,909.0,1010,0,0,1,Pedestrian
26,193.0,833.0,237.0,909.0,1011,0,0,1,Pedestrian
26,193.0,833.0,237.0,909.0,1012,0,0,1,Pedestrian
26,193.0,833.0,237.0,909.0,1013,0,0,1,Pedestrian
26,193.0,833.0,237.0,909.0,1014,0,0,1,Pedestrian
26,193.0,833.0,237.0,909.0,1015,0,0,1,Pedestrian
26,193.0,833.0,237.0,909.0,1016,0,0,1,Pedestrian
26,193.0,833.0,237.0,909.0,1017,0,0,1,Pedestrian
26,193.0,833.0,237.0,909.0,1018,0,0,1,Pedestrian
26,193.0,833.0,237.0,909.0,1019,0,0,1,Pedestrian
26,193.0,833.0,237.0,909.0,1020,0,0,1,Pedestrian
26,191.0,833.0,235.0,909.0,1021,0,0,1,Pedestrian
26,191.0,833.0,235.0,909.0,1022,0,0,1,Pedestrian
26,191.0,833.0,235.0,909.0,1023,0,0,1,Pedestrian
26,191.0,833.0,235.0,909.0,1024,0,0,1,Pedestrian
26,191.0,833.0,235.0,909.0,1025,0,0,1,Pedestrian
26,191.0,833.0,235.0,909.0,1026,0,0,1,Pedestrian
26,191.0,833.0,235.0,909.0,1027,0,0,1,Pedestrian
26,191.0,833.0,235.0,909.0,1028,0,0,1,Pedestrian
26,191.0,833.0,235.0,909.0,1029,0,0,1,Pedestrian
26,191.0,833.0,235.0,909.0,1030,0,0,1,Pedestrian
26,191.0,837.0,235.0,913.0,1031,0,0,0,Pedestrian
